{"type":"FeatureCollection","features":[{"type":"Feature","properties":{"cvegeo":"23004","cve_ent":"23","name":"Othón P. Blanco"},"geometry":{"type":"MultiPolygon","coordinates":[[[[-87.3897,18.3742],[-87.391,18.3742],[-87.392,18.3745],[-87.3926,18.3756],[-87.3935,18.3768],[-87.3941,18.3779],[-87.3947,18.3788],[-87.3951,18.3797],[-87.3946,18.3808],[-87.3935,18.3805],[-87.3926,18.3802],[-87.3917,18.3793],[-87.3908,18.3788],[-87.3899,18.3782],[-87.389,18.3776],[-87.3886,18.377],[-87.388,18.3763],[-87.3878,18.3754],[-87.3884,18.3751],[-87.3897,18.3742]]],[[[-87.4016,18.3812],[-87.4008,18.3806],[-87.3998,18.3807],[-87.3995,18.3798],[-87.4001,18.3791],[-87.4007,18.378],[-87.4026,18.3776],[-87.4048,18.3777],[-87.4064,18.3785],[-87.4075,18.3793],[-87.4084,18.3803],[-87.4087,18.3818],[-87.4086,18.3831],[-87.409,18.3844],[-87.4093,18.385],[-87.4097,18.3864],[-87.4095,18.3878],[-87.4093,18.389],[-87.4088,18.3901],[-87.4081,18.3905],[-87.407,18.3904],[-87.4064,18.3886],[-87.406,18.3872],[-87.4049,18.3858],[-87.4039,18.3855],[-87.4036,18.3846],[-87.403,18.3834],[-87.4023,18.3821],[-87.4016,18.3812]]],[[[-87.4116,18.3921],[-87.4125,18.391],[-87.4136,18.3918],[-87.4151,18.3928],[-87.4167,18.3931],[-87.4178,18.3939],[-87.4192,18.3949],[-87.4207,18.3959],[-87.4215,18.3981],[-87.4213,18.3993],[-87.4205,18.3998],[-87.4196,18.4002],[-87.4186,18.4002],[-87.4175,18.3996],[-87.4163,18.3981],[-87.4156,18.3971],[-87.415,18.3965],[-87.4143,18.3958],[-87.4132,18.3954],[-87.412,18.3951],[-87.4116,18.3934],[-87.4116,18.3921]]],[[[-87.4261,18.4039],[-87.427,18.4029],[-87.4282,18.4039],[-87.4292,18.4048],[-87.4298,18.4058],[-87.4303,18.4065],[-87.4308,18.4077],[-87.4311,18.4085],[-87.4306,18.4089],[-87.4301,18.4095],[-87.4294,18.409],[-87.4288,18.4079],[-87.4283,18.4068],[-87.4278,18.4061],[-87.4269,18.4056],[-87.426,18.4055],[-87.4256,18.4049],[-87.4261,18.4039]]],[[[-87.438,18.4194],[-87.4389,18.4193],[-87.4392,18.4202],[-87.4384,18.4207],[-87.4382,18.4216],[-87.438,18.4226],[-87.4376,18.4232],[-87.4365,18.4235],[-87.436,18.4238],[-87.4352,18.4236],[-87.4345,18.4231],[-87.434,18.4216],[-87.4341,18.4209],[-87.435,18.4206],[-87.4358,18.4203],[-87.4369,18.4204],[-87.4372,18.4197],[-87.438,18.4194]]],[[[-87.4392,18.4285],[-87.4407,18.4285],[-87.4418,18.4297],[-87.4419,18.4314],[-87.4425,18.4339],[-87.4429,18.4368],[-87.4427,18.439],[-87.4433,18.4411],[-87.4436,18.4433],[-87.4437,18.4452],[-87.443,18.446],[-87.4435,18.448],[-87.4436,18.4502],[-87.4443,18.4527],[-87.445,18.4549],[-87.4461,18.4571],[-87.4466,18.4587],[-87.4474,18.46],[-87.447,18.4616],[-87.4461,18.4619],[-87.4453,18.4624],[-87.4443,18.4626],[-87.443,18.4616],[-87.4418,18.4602],[-87.442,18.4583],[-87.44,18.4565],[-87.4395,18.4545],[-87.4392,18.4527],[-87.4388,18.4503],[-87.4385,18.4478],[-87.4386,18.4463],[-87.4385,18.4444],[-87.4386,18.4426],[-87.4379,18.441],[-87.4374,18.4388],[-87.4373,18.4363],[-87.4372,18.4344],[-87.4373,18.4332],[-87.4373,18.4319],[-87.437,18.4306],[-87.4375,18.4297],[-87.4383,18.4289],[-87.4392,18.4285]]],[[[-87.4446,18.4754],[-87.4454,18.475],[-87.4463,18.4754],[-87.4472,18.4762],[-87.4471,18.4781],[-87.447,18.4802],[-87.4469,18.4815],[-87.4464,18.4828],[-87.4465,18.4843],[-87.4461,18.4859],[-87.4454,18.4873],[-87.4448,18.4882],[-87.4451,18.4901],[-87.4454,18.4914],[-87.4456,18.4926],[-87.4454,18.494],[-87.4448,18.4956],[-87.4448,18.4972],[-87.445,18.4986],[-87.445,18.5007],[-87.4444,18.5027],[-87.4436,18.5048],[-87.443,18.508],[-87.4422,18.5122],[-87.4419,18.5144],[-87.4422,18.5152],[-87.4421,18.5174],[-87.4416,18.5184],[-87.4406,18.5187],[-87.4396,18.5183],[-87.4381,18.5169],[-87.4372,18.5161],[-87.4374,18.5151],[-87.4381,18.5148],[-87.4387,18.5139],[-87.4384,18.5123],[-87.4385,18.5109],[-87.4389,18.5099],[-87.4396,18.5084],[-87.4406,18.5073],[-87.4405,18.505],[-87.4405,18.5024],[-87.4405,18.5001],[-87.4411,18.4989],[-87.4413,18.4978],[-87.4416,18.4959],[-87.4417,18.4937],[-87.4417,18.4924],[-87.4415,18.4912],[-87.4414,18.4895],[-87.4415,18.4878],[-87.4413,18.4862],[-87.4413,18.4849],[-87.4416,18.484],[-87.4413,18.4821],[-87.441,18.4803],[-87.4407,18.4788],[-87.4415,18.478],[-87.4426,18.4767],[-87.4436,18.4757],[-87.4446,18.4754]]],[[[-87.4365,18.5554],[-87.4372,18.5546],[-87.4379,18.555],[-87.4384,18.5554],[-87.4386,18.5559],[-87.4385,18.5565],[-87.4382,18.5571],[-87.4382,18.5577],[-87.4387,18.5583],[-87.4391,18.559],[-87.4392,18.5604],[-87.4381,18.5612],[-87.4374,18.562],[-87.4367,18.5623],[-87.4363,18.562],[-87.4355,18.5613],[-87.435,18.5603],[-87.4346,18.559],[-87.4354,18.5589],[-87.4356,18.5578],[-87.4359,18.5564],[-87.4365,18.5554]]],[[[-87.3619,18.3851],[-87.3652,18.3826],[-87.3688,18.3805],[-87.3719,18.3782],[-87.3773,18.3761],[-87.3783,18.3763],[-87.381,18.3748],[-87.3824,18.3744],[-87.3833,18.3751],[-87.3841,18.3776],[-87.3845,18.3794],[-87.3843,18.3802],[-87.3806,18.3818],[-87.3788,18.3816],[-87.3781,18.3821],[-87.3768,18.3832],[-87.3746,18.3845],[-87.3736,18.3841],[-87.3725,18.3848],[-87.3709,18.3861],[-87.3701,18.3879],[-87.3685,18.3903],[-87.3676,18.3917],[-87.3644,18.3934],[-87.364,18.3948],[-87.3631,18.3978],[-87.3625,18.3999],[-87.3625,18.4029],[-87.3617,18.4048],[-87.361,18.4064],[-87.3592,18.4068],[-87.3576,18.4082],[-87.3576,18.4096],[-87.3563,18.4107],[-87.355,18.4115],[-87.3542,18.4131],[-87.3527,18.4159],[-87.3514,18.4172],[-87.3509,18.4195],[-87.3486,18.4208],[-87.3481,18.4224],[-87.3465,18.4239],[-87.3454,18.4254],[-87.344,18.4263],[-87.3429,18.4284],[-87.3413,18.4307],[-87.3393,18.4329],[-87.3374,18.4347],[-87.3357,18.4379],[-87.3336,18.4405],[-87.3322,18.4438],[-87.3317,18.4461],[-87.3312,18.4489],[-87.3308,18.4519],[-87.3301,18.4551],[-87.3294,18.458],[-87.3292,18.4603],[-87.329,18.4625],[-87.3285,18.4658],[-87.3282,18.4693],[-87.328,18.472],[-87.3282,18.4763],[-87.3285,18.4802],[-87.3288,18.4845],[-87.329,18.4883],[-87.3298,18.4912],[-87.3314,18.493],[-87.3317,18.4953],[-87.332,18.4976],[-87.3319,18.4996],[-87.3324,18.5025],[-87.3328,18.5054],[-87.3336,18.5077],[-87.3346,18.51],[-87.3352,18.512],[-87.3365,18.514],[-87.3373,18.5157],[-87.3372,18.5201],[-87.337,18.523],[-87.3351,18.5256],[-87.3347,18.5281],[-87.3338,18.5307],[-87.3331,18.5335],[-87.3313,18.5361],[-87.3299,18.5382],[-87.3286,18.5392],[-87.3287,18.5405],[-87.3284,18.5417],[-87.3272,18.5418],[-87.3272,18.5431],[-87.3269,18.5451],[-87.326,18.5466],[-87.325,18.5477],[-87.3243,18.5493],[-87.3231,18.5509],[-87.3217,18.5516],[-87.3205,18.5527],[-87.3192,18.5545],[-87.3179,18.555],[-87.3159,18.5553],[-87.3144,18.5555],[-87.3134,18.5545],[-87.3126,18.5529],[-87.3116,18.5513],[-87.312,18.5505],[-87.3129,18.5495],[-87.3145,18.5485],[-87.3161,18.5469],[-87.3176,18.5455],[-87.3195,18.5435],[-87.3213,18.5414],[-87.3232,18.5404],[-87.3238,18.5382],[-87.3244,18.5357],[-87.3262,18.5341],[-87.327,18.532],[-87.3287,18.5297],[-87.3298,18.5276],[-87.331,18.5264],[-87.3309,18.5244],[-87.3304,18.5224],[-87.3294,18.5194],[-87.3282,18.5162],[-87.3276,18.5141],[-87.3274,18.512],[-87.3267,18.5109],[-87.3261,18.5091],[-87.3254,18.5074],[-87.3241,18.5051],[-87.3229,18.5024],[-87.3221,18.5003],[-87.3209,18.4943],[-87.32,18.4926],[-87.3205,18.4905],[-87.3209,18.488],[-87.3207,18.4858],[-87.3211,18.482],[-87.3211,18.4773],[-87.3211,18.4748],[-87.3211,18.4718],[-87.3218,18.4682],[-87.3221,18.4609],[-87.3229,18.4566],[-87.3244,18.4528],[-87.3258,18.4491],[-87.3277,18.4453],[-87.3286,18.4418],[-87.3296,18.4389],[-87.3312,18.4364],[-87.3326,18.4355],[-87.3333,18.4339],[-87.3343,18.4324],[-87.3366,18.4308],[-87.338,18.4291],[-87.3385,18.4262],[-87.3394,18.4231],[-87.3416,18.4187],[-87.3431,18.4163],[-87.345,18.4131],[-87.3466,18.4105],[-87.3486,18.4081],[-87.3517,18.4052],[-87.3549,18.4024],[-87.3565,18.4004],[-87.3572,18.3987],[-87.3572,18.3961],[-87.3578,18.3934],[-87.3582,18.3903],[-87.3595,18.3875],[-87.3619,18.3851]]],[[[-87.4357,18.5829],[-87.4366,18.5822],[-87.437,18.5827],[-87.4371,18.5835],[-87.4375,18.5844],[-87.4385,18.585],[-87.4388,18.5865],[-87.4392,18.5875],[-87.439,18.5884],[-87.4383,18.589],[-87.4376,18.5895],[-87.4369,18.5897],[-87.436,18.5894],[-87.4356,18.5889],[-87.4361,18.5879],[-87.4361,18.5869],[-87.436,18.5855],[-87.4355,18.585],[-87.4351,18.5842],[-87.4357,18.5829]]],[[[-87.4395,18.5984],[-87.4407,18.5969],[-87.4414,18.5981],[-87.4423,18.5993],[-87.4425,18.6009],[-87.4418,18.6018],[-87.4419,18.6032],[-87.4423,18.6047],[-87.4418,18.6067],[-87.4412,18.6081],[-87.4404,18.6094],[-87.44,18.6104],[-87.4403,18.612],[-87.4408,18.6129],[-87.4401,18.6133],[-87.4394,18.6131],[-87.438,18.6128],[-87.4376,18.6121],[-87.4371,18.6109],[-87.4366,18.6095],[-87.4368,18.6086],[-87.4371,18.6074],[-87.4374,18.6061],[-87.4376,18.6051],[-87.4377,18.6037],[-87.4376,18.602],[-87.4381,18.6005],[-87.4388,18.5995],[-87.4395,18.5984]]],[[[-87.3094,18.6036],[-87.3094,18.6036],[-87.3094,18.6036],[-87.3094,18.6036],[-87.3094,18.6036],[-87.3093,18.6036],[-87.3093,18.6035],[-87.3093,18.6035],[-87.3093,18.6035],[-87.3092,18.6035],[-87.3092,18.6035],[-87.3092,18.6035],[-87.3092,18.6035],[-87.3092,18.6035],[-87.3091,18.6035],[-87.3091,18.6035],[-87.3091,18.6035],[-87.309,18.6035],[-87.309,18.6034],[-87.309,18.6034],[-87.309,18.6034],[-87.309,18.6034],[-87.3089,18.6034],[-87.3089,18.6034],[-87.3089,18.6034],[-87.3089,18.6034],[-87.3089,18.6034],[-87.3088,18.6033],[-87.3088,18.6033],[-87.3088,18.6033],[-87.3088,18.6033],[-87.3088,18.6033],[-87.3087,18.6033],[-87.3087,18.6033],[-87.3087,18.6033],[-87.3087,18.6033],[-87.3087,18.6033],[-87.3087,18.6033],[-87.3086,18.6033],[-87.3086,18.6033],[-87.3086,18.6032],[-87.3086,18.6032],[-87.3086,18.6032],[-87.3085,18.6033],[-87.3085,18.6033],[-87.3085,18.6033],[-87.3085,18.6033],[-87.3084,18.6033],[-87.3084,18.6032],[-87.3083,18.6032],[-87.3083,18.6032],[-87.3082,18.6032],[-87.3082,18.6032],[-87.3082,18.6031],[-87.3081,18.6031],[-87.308,18.6031],[-87.3079,18.6031],[-87.3079,18.6031],[-87.3079,18.6031],[-87.3079,18.6031],[-87.3078,18.603],[-87.3078,18.603],[-87.3078,18.603],[-87.3077,18.603],[-87.3077,18.603],[-87.3076,18.603],[-87.3076,18.6029],[-87.3076,18.6029],[-87.3076,18.6029],[-87.3075,18.6029],[-87.3075,18.6029],[-87.3074,18.6029],[-87.3074,18.6028],[-87.3073,18.6028],[-87.3073,18.6028],[-87.3073,18.6028],[-87.3073,18.6027],[-87.3071,18.6027],[-87.307,18.6027],[-87.307,18.6026],[-87.3069,18.6026],[-87.3069,18.6026],[-87.3069,18.6025],[-87.3069,18.6025],[-87.3068,18.6025],[-87.3068,18.6025],[-87.3067,18.6024],[-87.3067,18.6024],[-87.3067,18.6024],[-87.3067,18.6023],[-87.3067,18.6023],[-87.3067,18.6023],[-87.3066,18.6023],[-87.3066,18.6023],[-87.3066,18.6022],[-87.3065,18.6022],[-87.3063,18.6021],[-87.3063,18.6021],[-87.3062,18.602],[-87.3062,18.6019],[-87.3062,18.6019],[-87.3061,18.6019],[-87.306,18.6018],[-87.3059,18.6017],[-87.3059,18.6016],[-87.3058,18.6015],[-87.3057,18.6014],[-87.3057,18.6013],[-87.3057,18.6012],[-87.3057,18.6012],[-87.3056,18.6012],[-87.3056,18.6011],[-87.3055,18.6011],[-87.3055,18.601],[-87.3055,18.6009],[-87.3055,18.6008],[-87.3055,18.6007],[-87.3055,18.6007],[-87.3054,18.6007],[-87.3054,18.6006],[-87.3054,18.6005],[-87.3054,18.6005],[-87.3054,18.6005],[-87.3053,18.6005],[-87.3053,18.6005],[-87.3053,18.6004],[-87.3054,18.6004],[-87.3054,18.6003],[-87.3054,18.6003],[-87.3053,18.6001],[-87.3053,18.6],[-87.3053,18.6],[-87.3054,18.5999],[-87.3054,18.5999],[-87.3054,18.5999],[-87.3054,18.5998],[-87.3053,18.5998],[-87.3053,18.5998],[-87.3054,18.5997],[-87.3054,18.5997],[-87.3056,18.5997],[-87.3057,18.5996],[-87.3057,18.5996],[-87.3058,18.5996],[-87.3057,18.5996],[-87.3057,18.5995],[-87.3056,18.5995],[-87.3055,18.5995],[-87.3054,18.5995],[-87.3054,18.5994],[-87.3053,18.5993],[-87.3053,18.5993],[-87.3052,18.5992],[-87.3052,18.5992],[-87.3053,18.5991],[-87.3053,18.5991],[-87.3053,18.5991],[-87.3053,18.5991],[-87.3053,18.599],[-87.3053,18.599],[-87.3052,18.599],[-87.3052,18.5989],[-87.3053,18.5989],[-87.3053,18.5989],[-87.3053,18.5988],[-87.3053,18.5988],[-87.3053,18.5987],[-87.3052,18.5987],[-87.3052,18.5987],[-87.3052,18.5986],[-87.3052,18.5986],[-87.3051,18.5986],[-87.3051,18.5986],[-87.3052,18.5985],[-87.3052,18.5985],[-87.3052,18.5985],[-87.3052,18.5985],[-87.3052,18.5985],[-87.3052,18.5984],[-87.3052,18.5983],[-87.3053,18.5983],[-87.3054,18.5982],[-87.3054,18.5982],[-87.3054,18.5982],[-87.3054,18.5981],[-87.3054,18.598],[-87.3054,18.5979],[-87.3055,18.5978],[-87.3055,18.5978],[-87.3055,18.5977],[-87.3055,18.5977],[-87.3054,18.5976],[-87.3054,18.5976],[-87.3055,18.5975],[-87.3055,18.5975],[-87.3055,18.5975],[-87.3056,18.5975],[-87.3056,18.5974],[-87.3056,18.5974],[-87.3056,18.5974],[-87.3056,18.5974],[-87.3056,18.5973],[-87.3056,18.5973],[-87.3056,18.5973],[-87.3056,18.5972],[-87.3056,18.5972],[-87.3056,18.5972],[-87.3056,18.5971],[-87.3056,18.5971],[-87.3057,18.5971],[-87.3057,18.5971],[-87.3057,18.597],[-87.3057,18.597],[-87.3058,18.5969],[-87.3058,18.5968],[-87.3058,18.5967],[-87.3059,18.5966],[-87.3059,18.5966],[-87.3059,18.5965],[-87.3059,18.5964],[-87.3059,18.5963],[-87.306,18.5963],[-87.306,18.5963],[-87.306,18.5963],[-87.3061,18.5963],[-87.3061,18.5963],[-87.3062,18.5962],[-87.3062,18.5963],[-87.3062,18.5962],[-87.3062,18.5962],[-87.3062,18.5961],[-87.3062,18.5961],[-87.3062,18.596],[-87.3063,18.596],[-87.3063,18.596],[-87.3062,18.5959],[-87.3062,18.5959],[-87.3061,18.5959],[-87.3061,18.5958],[-87.3061,18.5958],[-87.3062,18.5958],[-87.3062,18.5957],[-87.3062,18.5957],[-87.3062,18.5956],[-87.3062,18.5956],[-87.3063,18.5956],[-87.3063,18.5956],[-87.3063,18.5955],[-87.3063,18.5955],[-87.3063,18.5955],[-87.3063,18.5954],[-87.3063,18.5953],[-87.3063,18.5953],[-87.3064,18.5953],[-87.3064,18.5952],[-87.3064,18.5952],[-87.3064,18.5952],[-87.3065,18.5951],[-87.3065,18.5951],[-87.3065,18.5951],[-87.3065,18.595],[-87.3065,18.595],[-87.3065,18.595],[-87.3066,18.5949],[-87.3066,18.5949],[-87.3067,18.5948],[-87.3067,18.5948],[-87.3067,18.5946],[-87.3067,18.5945],[-87.3067,18.5945],[-87.3068,18.5945],[-87.3068,18.5945],[-87.3068,18.5944],[-87.3068,18.5944],[-87.3068,18.5944],[-87.3068,18.5943],[-87.3068,18.5943],[-87.3068,18.5943],[-87.3068,18.5943],[-87.3069,18.5942],[-87.3069,18.5942],[-87.3069,18.5942],[-87.3069,18.5941],[-87.3069,18.5941],[-87.3069,18.594],[-87.3069,18.594],[-87.307,18.594],[-87.307,18.5939],[-87.307,18.5939],[-87.307,18.5938],[-87.307,18.5938],[-87.307,18.5938],[-87.307,18.5937],[-87.3071,18.5937],[-87.3071,18.5936],[-87.3071,18.5936],[-87.3071,18.5936],[-87.3071,18.5936],[-87.3071,18.5935],[-87.3071,18.5935],[-87.3071,18.5935],[-87.3071,18.5934],[-87.3071,18.5933],[-87.3071,18.5933],[-87.3072,18.5932],[-87.3072,18.5931],[-87.3072,18.5931],[-87.3072,18.5931],[-87.3072,18.593],[-87.3072,18.593],[-87.3072,18.593],[-87.3072,18.5929],[-87.3072,18.5929],[-87.3072,18.5929],[-87.3072,18.5928],[-87.3072,18.5927],[-87.3073,18.5927],[-87.3073,18.5927],[-87.3073,18.5926],[-87.3073,18.5926],[-87.3073,18.5925],[-87.3074,18.5925],[-87.3074,18.5925],[-87.3074,18.5924],[-87.3074,18.5924],[-87.3074,18.5924],[-87.3075,18.5923],[-87.3075,18.5923],[-87.3076,18.5923],[-87.3077,18.5922],[-87.3077,18.5922],[-87.3077,18.5922],[-87.3078,18.5921],[-87.3078,18.5921],[-87.3079,18.5922],[-87.308,18.5922],[-87.3081,18.5923],[-87.3082,18.5924],[-87.3082,18.5924],[-87.3083,18.5924],[-87.3083,18.5924],[-87.3084,18.5924],[-87.3084,18.5924],[-87.3085,18.5924],[-87.3085,18.5924],[-87.3086,18.5924],[-87.3086,18.5923],[-87.3085,18.5922],[-87.3085,18.5922],[-87.3084,18.5922],[-87.3084,18.5921],[-87.3084,18.5921],[-87.3085,18.592],[-87.3085,18.592],[-87.3085,18.592],[-87.3085,18.5919],[-87.3085,18.5918],[-87.3085,18.5918],[-87.3085,18.5917],[-87.3085,18.5916],[-87.3085,18.5916],[-87.3085,18.5915],[-87.3085,18.5915],[-87.3085,18.5915],[-87.3085,18.5914],[-87.3085,18.5914],[-87.3086,18.5914],[-87.3086,18.5913],[-87.3085,18.5912],[-87.3085,18.5912],[-87.3085,18.5911],[-87.3085,18.591],[-87.3085,18.591],[-87.3085,18.5909],[-87.3086,18.5908],[-87.3086,18.5907],[-87.3086,18.5906],[-87.3086,18.5905],[-87.3086,18.5905],[-87.3086,18.5904],[-87.3086,18.5903],[-87.3086,18.5903],[-87.3086,18.5902],[-87.3086,18.5901],[-87.3086,18.59],[-87.3085,18.59],[-87.3085,18.59],[-87.3086,18.5899],[-87.3086,18.5899],[-87.3086,18.5899],[-87.3086,18.5899],[-87.3086,18.5898],[-87.3086,18.5898],[-87.3085,18.5897],[-87.3085,18.5896],[-87.3086,18.5895],[-87.3086,18.5895],[-87.3086,18.5894],[-87.3087,18.5894],[-87.3087,18.5894],[-87.3088,18.5893],[-87.3088,18.5893],[-87.3088,18.5892],[-87.3089,18.5891],[-87.3089,18.5891],[-87.3089,18.5891],[-87.3089,18.5891],[-87.309,18.589],[-87.309,18.589],[-87.309,18.5889],[-87.309,18.5889],[-87.309,18.5889],[-87.309,18.5888],[-87.3091,18.5887],[-87.3091,18.5887],[-87.3091,18.5886],[-87.3092,18.5886],[-87.3092,18.5886],[-87.3092,18.5885],[-87.3092,18.5885],[-87.3093,18.5884],[-87.3093,18.5884],[-87.3093,18.5883],[-87.3094,18.5882],[-87.3095,18.588],[-87.3096,18.588],[-87.3096,18.5879],[-87.3096,18.5879],[-87.3097,18.5878],[-87.3097,18.5877],[-87.3098,18.5877],[-87.3099,18.5877],[-87.3099,18.5876],[-87.3099,18.5875],[-87.3099,18.5875],[-87.3099,18.5874],[-87.3099,18.5874],[-87.31,18.5873],[-87.3101,18.5872],[-87.3101,18.5871],[-87.3101,18.587],[-87.3101,18.587],[-87.3102,18.5869],[-87.3102,18.5868],[-87.3102,18.5868],[-87.3103,18.5867],[-87.3103,18.5866],[-87.3104,18.5865],[-87.3104,18.5864],[-87.3105,18.5863],[-87.3105,18.5863],[-87.3106,18.5862],[-87.3107,18.5862],[-87.3107,18.5861],[-87.3107,18.5861],[-87.3107,18.586],[-87.3107,18.586],[-87.3107,18.586],[-87.3107,18.5859],[-87.3108,18.5858],[-87.3108,18.5858],[-87.3109,18.5857],[-87.3109,18.5857],[-87.311,18.5856],[-87.311,18.5855],[-87.3111,18.5854],[-87.3111,18.5854],[-87.3112,18.5854],[-87.3112,18.5854],[-87.3112,18.5854],[-87.3112,18.5853],[-87.3112,18.5853],[-87.3112,18.5852],[-87.3113,18.5852],[-87.3113,18.5851],[-87.3113,18.5851],[-87.3114,18.585],[-87.3115,18.5849],[-87.3115,18.5848],[-87.3115,18.5848],[-87.3116,18.5848],[-87.3116,18.5848],[-87.3116,18.5848],[-87.3116,18.5848],[-87.3116,18.5847],[-87.3117,18.5846],[-87.3117,18.5846],[-87.3118,18.5845],[-87.3119,18.5845],[-87.312,18.5845],[-87.312,18.5844],[-87.312,18.5843],[-87.3121,18.5843],[-87.3122,18.5842],[-87.3122,18.5841],[-87.3123,18.5841],[-87.3123,18.5841],[-87.3123,18.5841],[-87.3123,18.584],[-87.3123,18.584],[-87.3123,18.584],[-87.3124,18.584],[-87.3124,18.5839],[-87.3124,18.5839],[-87.3124,18.5838],[-87.3125,18.5838],[-87.3126,18.5838],[-87.3126,18.5838],[-87.3126,18.5838],[-87.3126,18.5837],[-87.3126,18.5837],[-87.3126,18.5836],[-87.3126,18.5836],[-87.3127,18.5836],[-87.3128,18.5836],[-87.3129,18.5836],[-87.3129,18.5835],[-87.3129,18.5835],[-87.3129,18.5834],[-87.313,18.5834],[-87.313,18.5834],[-87.3131,18.5834],[-87.3131,18.5834],[-87.313,18.5833],[-87.313,18.5832],[-87.3131,18.5832],[-87.3131,18.5832],[-87.3131,18.5831],[-87.3131,18.5831],[-87.3131,18.5831],[-87.3131,18.583],[-87.3132,18.583],[-87.3132,18.583],[-87.3132,18.583],[-87.3132,18.5829],[-87.3132,18.5829],[-87.3133,18.5829],[-87.3133,18.5829],[-87.3134,18.5829],[-87.3135,18.5828],[-87.3135,18.5828],[-87.3135,18.5827],[-87.3135,18.5827],[-87.3135,18.5826],[-87.3136,18.5826],[-87.3136,18.5826],[-87.3136,18.5825],[-87.3137,18.5824],[-87.3137,18.5823],[-87.3137,18.5823],[-87.3137,18.5823],[-87.3137,18.5823],[-87.3138,18.5822],[-87.3138,18.5822],[-87.3138,18.5821],[-87.3138,18.5821],[-87.3139,18.582],[-87.3139,18.582],[-87.3139,18.582],[-87.3139,18.582],[-87.3139,18.5819],[-87.314,18.5819],[-87.3141,18.5818],[-87.3142,18.5817],[-87.3143,18.5816],[-87.3144,18.5815],[-87.3144,18.5814],[-87.3146,18.5813],[-87.3146,18.5813],[-87.3147,18.5812],[-87.3147,18.5812],[-87.3147,18.5811],[-87.3148,18.5811],[-87.3149,18.581],[-87.3149,18.581],[-87.315,18.581],[-87.3151,18.581],[-87.3151,18.581],[-87.3151,18.5809],[-87.3151,18.5809],[-87.3151,18.5809],[-87.3151,18.5808],[-87.3151,18.5808],[-87.3151,18.5808],[-87.3151,18.5808],[-87.3151,18.5807],[-87.3151,18.5807],[-87.3152,18.5807],[-87.3152,18.5806],[-87.3152,18.5806],[-87.3152,18.5806],[-87.3153,18.5806],[-87.3153,18.5806],[-87.3153,18.5806],[-87.3154,18.5806],[-87.3154,18.5805],[-87.3155,18.5805],[-87.3155,18.5805],[-87.3156,18.5805],[-87.3156,18.5805],[-87.3156,18.5805],[-87.3157,18.5805],[-87.3157,18.5806],[-87.3157,18.5805],[-87.3157,18.5805],[-87.3157,18.5804],[-87.3157,18.5804],[-87.3157,18.5804],[-87.3158,18.5804],[-87.3158,18.5803],[-87.3158,18.5803],[-87.3158,18.5803],[-87.3158,18.5803],[-87.3159,18.5802],[-87.3159,18.5802],[-87.3159,18.5802],[-87.3159,18.5802],[-87.316,18.5802],[-87.316,18.5802],[-87.316,18.5802],[-87.316,18.5802],[-87.316,18.5802],[-87.3161,18.5802],[-87.3161,18.5802],[-87.3161,18.5802],[-87.3161,18.5802],[-87.3162,18.5802],[-87.3162,18.5802],[-87.3162,18.5802],[-87.3162,18.5802],[-87.3162,18.5802],[-87.3162,18.5801],[-87.3161,18.5801],[-87.3161,18.58],[-87.3161,18.58],[-87.3161,18.58],[-87.3161,18.58],[-87.316,18.58],[-87.316,18.5799],[-87.316,18.5799],[-87.3159,18.5799],[-87.3159,18.5799],[-87.316,18.5798],[-87.316,18.5798],[-87.316,18.5798],[-87.3161,18.5797],[-87.3162,18.5797],[-87.3162,18.5796],[-87.3163,18.5796],[-87.3163,18.5796],[-87.3164,18.5796],[-87.3164,18.5796],[-87.3165,18.5796],[-87.3165,18.5796],[-87.3165,18.5796],[-87.3166,18.5796],[-87.3166,18.5796],[-87.3166,18.5796],[-87.3167,18.5796],[-87.3167,18.5796],[-87.3167,18.5796],[-87.3168,18.5796],[-87.3168,18.5796],[-87.3167,18.5796],[-87.3167,18.5795],[-87.3167,18.5795],[-87.3167,18.5795],[-87.3167,18.5794],[-87.3167,18.5794],[-87.3167,18.5794],[-87.3167,18.5794],[-87.3167,18.5794],[-87.3167,18.5793],[-87.3166,18.5793],[-87.3166,18.5793],[-87.3166,18.5793],[-87.3166,18.5793],[-87.3166,18.5793],[-87.3166,18.5792],[-87.3166,18.5792],[-87.3166,18.5792],[-87.3166,18.5792],[-87.3166,18.5792],[-87.3166,18.5791],[-87.3166,18.5791],[-87.3166,18.5791],[-87.3166,18.5791],[-87.3166,18.5791],[-87.3167,18.579],[-87.3167,18.579],[-87.3167,18.579],[-87.3167,18.579],[-87.3167,18.579],[-87.3167,18.579],[-87.3167,18.579],[-87.3168,18.579],[-87.3168,18.5789],[-87.3169,18.5788],[-87.317,18.5787],[-87.317,18.5787],[-87.317,18.5787],[-87.3171,18.5787],[-87.3171,18.5787],[-87.3171,18.5787],[-87.3171,18.5787],[-87.3171,18.5786],[-87.3171,18.5786],[-87.3171,18.5786],[-87.3172,18.5786],[-87.3172,18.5786],[-87.3172,18.5786],[-87.3172,18.5786],[-87.3172,18.5785],[-87.3172,18.5785],[-87.3172,18.5785],[-87.3173,18.5786],[-87.3173,18.5786],[-87.3173,18.5785],[-87.3173,18.5785],[-87.3173,18.5784],[-87.3173,18.5784],[-87.3173,18.5783],[-87.3173,18.5783],[-87.3173,18.5783],[-87.3174,18.5783],[-87.3174,18.5783],[-87.3174,18.5783],[-87.3174,18.5783],[-87.3175,18.5783],[-87.3175,18.5783],[-87.3175,18.5783],[-87.3176,18.5783],[-87.3176,18.5782],[-87.3176,18.5781],[-87.3177,18.5781],[-87.3177,18.5781],[-87.3178,18.578],[-87.3178,18.578],[-87.3178,18.578],[-87.3178,18.578],[-87.3178,18.578],[-87.3178,18.578],[-87.3179,18.578],[-87.3179,18.578],[-87.3179,18.578],[-87.3179,18.5779],[-87.3178,18.5779],[-87.3178,18.5779],[-87.3178,18.5779],[-87.3178,18.5778],[-87.3178,18.5778],[-87.3178,18.5778],[-87.3178,18.5778],[-87.3178,18.5779],[-87.3179,18.5779],[-87.3179,18.5779],[-87.3179,18.5779],[-87.318,18.5778],[-87.318,18.5778],[-87.318,18.5778],[-87.318,18.5778],[-87.318,18.5778],[-87.3181,18.5778],[-87.3181,18.5778],[-87.3181,18.5778],[-87.3181,18.5778],[-87.3181,18.5777],[-87.3181,18.5777],[-87.3181,18.5777],[-87.3182,18.5777],[-87.3182,18.5778],[-87.3182,18.5778],[-87.3182,18.5777],[-87.3182,18.5777],[-87.3182,18.5777],[-87.3182,18.5777],[-87.3182,18.5777],[-87.3182,18.5777],[-87.3183,18.5776],[-87.3183,18.5776],[-87.3183,18.5776],[-87.3183,18.5776],[-87.3183,18.5776],[-87.3183,18.5775],[-87.3184,18.5775],[-87.3184,18.5775],[-87.3184,18.5775],[-87.3184,18.5775],[-87.3185,18.5775],[-87.3185,18.5775],[-87.3185,18.5775],[-87.3185,18.5774],[-87.3185,18.5774],[-87.3185,18.5774],[-87.3185,18.5774],[-87.3186,18.5774],[-87.3186,18.5773],[-87.3186,18.5773],[-87.3187,18.5772],[-87.3187,18.5772],[-87.3187,18.5772],[-87.3188,18.5772],[-87.3188,18.5772],[-87.3189,18.5772],[-87.3189,18.5772],[-87.3189,18.5772],[-87.319,18.5772],[-87.319,18.5772],[-87.319,18.5772],[-87.319,18.5772],[-87.319,18.5772],[-87.319,18.5771],[-87.3189,18.5771],[-87.3189,18.577],[-87.319,18.577],[-87.319,18.577],[-87.319,18.577],[-87.319,18.577],[-87.3191,18.577],[-87.3191,18.5769],[-87.3191,18.5769],[-87.3191,18.5769],[-87.3191,18.5769],[-87.3191,18.577],[-87.3192,18.5769],[-87.3192,18.5769],[-87.3193,18.5768],[-87.3193,18.5768],[-87.3193,18.5768],[-87.3193,18.5768],[-87.3194,18.5768],[-87.3194,18.5768],[-87.3194,18.5768],[-87.3195,18.5768],[-87.3195,18.5768],[-87.3196,18.5769],[-87.3196,18.5769],[-87.3196,18.5769],[-87.3196,18.5769],[-87.3196,18.5769],[-87.3196,18.577],[-87.3196,18.577],[-87.3197,18.577],[-87.3197,18.5771],[-87.3197,18.5771],[-87.3198,18.5771],[-87.3198,18.5771],[-87.3198,18.577],[-87.3198,18.5769],[-87.3198,18.5769],[-87.3198,18.5769],[-87.3198,18.5769],[-87.3198,18.5769],[-87.3197,18.5769],[-87.3197,18.5769],[-87.3196,18.5769],[-87.3196,18.5768],[-87.3196,18.5768],[-87.3195,18.5768],[-87.3195,18.5767],[-87.3196,18.5767],[-87.3196,18.5767],[-87.3196,18.5768],[-87.3196,18.5767],[-87.3196,18.5767],[-87.3196,18.5767],[-87.3195,18.5766],[-87.3195,18.5766],[-87.3195,18.5766],[-87.3196,18.5765],[-87.3196,18.5765],[-87.3196,18.5765],[-87.3196,18.5765],[-87.3197,18.5765],[-87.3197,18.5765],[-87.3197,18.5765],[-87.3197,18.5765],[-87.3197,18.5765],[-87.3197,18.5765],[-87.3197,18.5765],[-87.3198,18.5765],[-87.3198,18.5765],[-87.3198,18.5765],[-87.3198,18.5765],[-87.3198,18.5765],[-87.3198,18.5764],[-87.3197,18.5764],[-87.3197,18.5764],[-87.3197,18.5764],[-87.3197,18.5764],[-87.3197,18.5764],[-87.3196,18.5763],[-87.3196,18.5763],[-87.3196,18.5763],[-87.3196,18.5763],[-87.3196,18.5763],[-87.3196,18.5762],[-87.3196,18.5762],[-87.3196,18.5762],[-87.3197,18.5762],[-87.3197,18.5762],[-87.3197,18.5762],[-87.3198,18.5763],[-87.3198,18.5763],[-87.3198,18.5763],[-87.3199,18.5763],[-87.3199,18.5763],[-87.3199,18.5762],[-87.3199,18.5762],[-87.3199,18.5762],[-87.3199,18.5762],[-87.3199,18.5761],[-87.3199,18.5761],[-87.3199,18.5761],[-87.3199,18.5761],[-87.3199,18.576],[-87.32,18.576],[-87.32,18.576],[-87.32,18.576],[-87.32,18.5759],[-87.32,18.5759],[-87.32,18.576],[-87.3201,18.576],[-87.3201,18.576],[-87.3201,18.576],[-87.3201,18.576],[-87.3201,18.5759],[-87.3201,18.5759],[-87.3201,18.5759],[-87.3201,18.5759],[-87.3201,18.5758],[-87.3201,18.5758],[-87.3201,18.5758],[-87.3201,18.5758],[-87.3201,18.5757],[-87.3201,18.5757],[-87.3201,18.5757],[-87.3201,18.5757],[-87.3201,18.5757],[-87.3202,18.5757],[-87.3202,18.5757],[-87.3202,18.5757],[-87.3202,18.5757],[-87.3203,18.5757],[-87.3203,18.5757],[-87.3203,18.5757],[-87.3203,18.5757],[-87.3203,18.5756],[-87.3203,18.5756],[-87.3203,18.5756],[-87.3203,18.5756],[-87.3203,18.5756],[-87.3203,18.5756],[-87.3204,18.5756],[-87.3205,18.5756],[-87.3205,18.5756],[-87.3205,18.5755],[-87.3205,18.5755],[-87.3205,18.5755],[-87.3205,18.5754],[-87.3205,18.5754],[-87.3205,18.5754],[-87.3206,18.5753],[-87.3206,18.5753],[-87.3206,18.5753],[-87.3207,18.5754],[-87.3207,18.5754],[-87.3208,18.5754],[-87.3208,18.5754],[-87.3208,18.5753],[-87.3208,18.5753],[-87.3208,18.5753],[-87.3208,18.5753],[-87.3208,18.5753],[-87.3209,18.5753],[-87.3209,18.5753],[-87.321,18.5753],[-87.321,18.5753],[-87.321,18.5752],[-87.3209,18.5752],[-87.3209,18.5752],[-87.321,18.5752],[-87.321,18.5752],[-87.3211,18.5752],[-87.3212,18.5751],[-87.3212,18.5751],[-87.3212,18.575],[-87.3213,18.575],[-87.3215,18.575],[-87.3215,18.575],[-87.3216,18.5749],[-87.3216,18.5748],[-87.3216,18.5748],[-87.3216,18.5747],[-87.3217,18.5747],[-87.3217,18.5747],[-87.3218,18.5746],[-87.3219,18.5746],[-87.3219,18.5746],[-87.322,18.5746],[-87.3221,18.5746],[-87.3222,18.5746],[-87.3224,18.5745],[-87.3225,18.5744],[-87.3226,18.5743],[-87.3227,18.5742],[-87.3228,18.5741],[-87.3228,18.5741],[-87.3229,18.574],[-87.3229,18.574],[-87.3229,18.5739],[-87.323,18.5739],[-87.3231,18.5739],[-87.3231,18.5738],[-87.3231,18.5738],[-87.323,18.5737],[-87.323,18.5736],[-87.323,18.5736],[-87.3231,18.5736],[-87.3232,18.5735],[-87.3233,18.5735],[-87.3234,18.5735],[-87.3235,18.5735],[-87.3235,18.5734],[-87.3235,18.5734],[-87.3237,18.5734],[-87.3237,18.5734],[-87.3238,18.5734],[-87.3238,18.5733],[-87.3238,18.5733],[-87.3239,18.5733],[-87.324,18.5733],[-87.3241,18.5733],[-87.3241,18.5733],[-87.3241,18.5732],[-87.3241,18.5732],[-87.3242,18.5731],[-87.3242,18.5731],[-87.3243,18.5731],[-87.3244,18.5731],[-87.3245,18.5731],[-87.3246,18.5731],[-87.3246,18.5731],[-87.3247,18.5731],[-87.3247,18.573],[-87.3248,18.573],[-87.3249,18.573],[-87.325,18.573],[-87.325,18.573],[-87.325,18.5731],[-87.3251,18.5732],[-87.3251,18.5733],[-87.3252,18.5733],[-87.3253,18.5732],[-87.3254,18.5732],[-87.3256,18.5731],[-87.3257,18.573],[-87.326,18.5728],[-87.3261,18.5728],[-87.3263,18.5727],[-87.3264,18.5727],[-87.3264,18.5726],[-87.3263,18.5725],[-87.3263,18.5725],[-87.3262,18.5725],[-87.3262,18.5724],[-87.3262,18.5724],[-87.3262,18.5724],[-87.3263,18.5723],[-87.3264,18.5723],[-87.3264,18.5722],[-87.3265,18.5722],[-87.3266,18.5722],[-87.3266,18.5722],[-87.3266,18.5722],[-87.3266,18.5722],[-87.3266,18.5722],[-87.3267,18.5722],[-87.3268,18.5722],[-87.3269,18.5722],[-87.327,18.5722],[-87.327,18.5723],[-87.3271,18.5723],[-87.3271,18.5722],[-87.3271,18.5722],[-87.3271,18.5721],[-87.3272,18.5721],[-87.3273,18.5721],[-87.3273,18.5721],[-87.3274,18.5722],[-87.3274,18.5722],[-87.3275,18.5722],[-87.3275,18.5722],[-87.3276,18.5722],[-87.3276,18.5721],[-87.3276,18.5721],[-87.3276,18.5721],[-87.3277,18.5721],[-87.3278,18.5721],[-87.3278,18.5721],[-87.3279,18.5721],[-87.328,18.5722],[-87.328,18.5722],[-87.328,18.5722],[-87.3281,18.5722],[-87.3281,18.5722],[-87.3281,18.5722],[-87.3281,18.5722],[-87.3281,18.5721],[-87.3281,18.5721],[-87.3282,18.572],[-87.3282,18.572],[-87.3283,18.572],[-87.3283,18.5721],[-87.3284,18.5721],[-87.3284,18.5721],[-87.3285,18.5721],[-87.3285,18.5721],[-87.3285,18.5721],[-87.3285,18.5721],[-87.3286,18.5721],[-87.3286,18.5721],[-87.3287,18.572],[-87.3287,18.572],[-87.3288,18.572],[-87.3288,18.5721],[-87.3289,18.572],[-87.3289,18.572],[-87.329,18.5721],[-87.329,18.5721],[-87.3291,18.572],[-87.3291,18.572],[-87.3292,18.5721],[-87.3293,18.572],[-87.3293,18.572],[-87.3294,18.572],[-87.3295,18.572],[-87.3295,18.5719],[-87.3296,18.5719],[-87.3296,18.572],[-87.3297,18.572],[-87.3297,18.572],[-87.3297,18.572],[-87.3298,18.572],[-87.3298,18.572],[-87.3299,18.5719],[-87.33,18.5719],[-87.3301,18.5719],[-87.3302,18.572],[-87.3303,18.572],[-87.3303,18.572],[-87.3303,18.572],[-87.3303,18.5719],[-87.3303,18.5719],[-87.3303,18.5719],[-87.3304,18.5719],[-87.3304,18.5719],[-87.3305,18.5719],[-87.3305,18.5719],[-87.3305,18.5719],[-87.3305,18.5719],[-87.3306,18.5719],[-87.3307,18.5719],[-87.3307,18.5719],[-87.3308,18.5719],[-87.3308,18.5719],[-87.3308,18.5719],[-87.3309,18.5719],[-87.3309,18.5719],[-87.331,18.572],[-87.331,18.572],[-87.3311,18.572],[-87.3313,18.5719],[-87.3314,18.5719],[-87.3314,18.5719],[-87.3315,18.572],[-87.3316,18.572],[-87.3317,18.572],[-87.3318,18.572],[-87.3318,18.572],[-87.332,18.572],[-87.3321,18.572],[-87.3322,18.572],[-87.3323,18.572],[-87.3324,18.5719],[-87.3325,18.572],[-87.3325,18.572],[-87.3327,18.5721],[-87.3328,18.5722],[-87.3329,18.5722],[-87.333,18.5722],[-87.3331,18.5722],[-87.3331,18.5722],[-87.3332,18.5723],[-87.3332,18.5723],[-87.3333,18.5723],[-87.3333,18.5723],[-87.3333,18.5723],[-87.3333,18.5724],[-87.3334,18.5724],[-87.3334,18.5724],[-87.3334,18.5724],[-87.3334,18.5724],[-87.3334,18.5724],[-87.3335,18.5724],[-87.3335,18.5724],[-87.3335,18.5724],[-87.3336,18.5724],[-87.3336,18.5725],[-87.3336,18.5725],[-87.3336,18.5724],[-87.3336,18.5724],[-87.3336,18.5724],[-87.3337,18.5724],[-87.3337,18.5725],[-87.3337,18.5725],[-87.3338,18.5725],[-87.3338,18.5724],[-87.3338,18.5724],[-87.3338,18.5724],[-87.3339,18.5724],[-87.3339,18.5725],[-87.334,18.5725],[-87.3341,18.5725],[-87.3341,18.5725],[-87.3342,18.5725],[-87.3342,18.5725],[-87.3343,18.5725],[-87.3343,18.5726],[-87.3344,18.5726],[-87.3344,18.5726],[-87.3344,18.5726],[-87.3344,18.5726],[-87.3345,18.5726],[-87.3345,18.5727],[-87.3346,18.5727],[-87.3346,18.5727],[-87.3347,18.5727],[-87.3347,18.5727],[-87.3347,18.5727],[-87.3347,18.5728],[-87.3348,18.5728],[-87.3348,18.5728],[-87.3348,18.5728],[-87.3348,18.5728],[-87.3349,18.5728],[-87.3349,18.5728],[-87.3349,18.5728],[-87.3349,18.5728],[-87.335,18.5728],[-87.335,18.5728],[-87.335,18.5728],[-87.335,18.5728],[-87.335,18.5728],[-87.3351,18.5728],[-87.3351,18.5728],[-87.3351,18.5728],[-87.3351,18.5728],[-87.3352,18.5728],[-87.3352,18.5728],[-87.3353,18.5729],[-87.3353,18.5729],[-87.3354,18.5729],[-87.3355,18.5729],[-87.3356,18.5729],[-87.3356,18.573],[-87.3357,18.573],[-87.3357,18.573],[-87.3358,18.573],[-87.3358,18.573],[-87.3358,18.573],[-87.3359,18.573],[-87.3359,18.573],[-87.3359,18.573],[-87.3359,18.5729],[-87.3359,18.5729],[-87.3359,18.5729],[-87.336,18.5729],[-87.3361,18.5729],[-87.3361,18.5729],[-87.3361,18.573],[-87.3361,18.573],[-87.3361,18.573],[-87.3361,18.573],[-87.3361,18.573],[-87.3362,18.573],[-87.3362,18.573],[-87.3362,18.573],[-87.3362,18.573],[-87.3364,18.573],[-87.3364,18.573],[-87.3365,18.573],[-87.3366,18.573],[-87.3368,18.5731],[-87.3369,18.5731],[-87.3371,18.5731],[-87.3373,18.5732],[-87.3374,18.5732],[-87.3375,18.5733],[-87.3376,18.5733],[-87.3377,18.5734],[-87.3378,18.5735],[-87.3378,18.5735],[-87.3378,18.5735],[-87.3379,18.5735],[-87.3379,18.5735],[-87.3379,18.5735],[-87.3379,18.5734],[-87.3379,18.5734],[-87.3379,18.5734],[-87.338,18.5734],[-87.338,18.5734],[-87.338,18.5734],[-87.338,18.5734],[-87.338,18.5734],[-87.3381,18.5734],[-87.3381,18.5734],[-87.3381,18.5734],[-87.3382,18.5734],[-87.3382,18.5734],[-87.3382,18.5734],[-87.3383,18.5734],[-87.3383,18.5734],[-87.3384,18.5734],[-87.3384,18.5734],[-87.3384,18.5734],[-87.3384,18.5734],[-87.3384,18.5735],[-87.3385,18.5736],[-87.3386,18.5737],[-87.3386,18.5738],[-87.3387,18.5738],[-87.3387,18.5738],[-87.3387,18.5738],[-87.3387,18.5737],[-87.3387,18.5737],[-87.3387,18.5737],[-87.3386,18.5737],[-87.3387,18.5736],[-87.3387,18.5736],[-87.3387,18.5735],[-87.3387,18.5735],[-87.3388,18.5735],[-87.3388,18.5735],[-87.3388,18.5735],[-87.3389,18.5735],[-87.3389,18.5735],[-87.3389,18.5736],[-87.3389,18.5736],[-87.339,18.5736],[-87.339,18.5736],[-87.339,18.5737],[-87.339,18.5737],[-87.339,18.5737],[-87.3391,18.5737],[-87.3391,18.5737],[-87.3391,18.5737],[-87.3391,18.5737],[-87.3391,18.5738],[-87.339,18.5738],[-87.339,18.5738],[-87.339,18.5738],[-87.339,18.5739],[-87.339,18.5739],[-87.339,18.5739],[-87.339,18.574],[-87.339,18.574],[-87.339,18.5741],[-87.339,18.5741],[-87.339,18.5742],[-87.339,18.5742],[-87.3389,18.5742],[-87.3389,18.5743],[-87.3389,18.5743],[-87.3389,18.5743],[-87.3389,18.5744],[-87.3389,18.5744],[-87.3389,18.5744],[-87.3389,18.5744],[-87.3389,18.5745],[-87.3389,18.5745],[-87.3389,18.5745],[-87.339,18.5746],[-87.339,18.5746],[-87.339,18.5746],[-87.3391,18.5746],[-87.3391,18.5745],[-87.3391,18.5744],[-87.3392,18.5743],[-87.3392,18.5743],[-87.3392,18.5743],[-87.3393,18.5743],[-87.3393,18.5744],[-87.3393,18.5745],[-87.3393,18.5746],[-87.3393,18.5747],[-87.3393,18.5747],[-87.3394,18.5748],[-87.3395,18.5749],[-87.3395,18.575],[-87.3395,18.575],[-87.3395,18.5751],[-87.3395,18.5752],[-87.3395,18.5752],[-87.3395,18.5752],[-87.3396,18.5753],[-87.3397,18.5753],[-87.3397,18.5754],[-87.3397,18.5754],[-87.3398,18.5755],[-87.3398,18.5755],[-87.3398,18.5755],[-87.3398,18.5755],[-87.3398,18.5754],[-87.3398,18.5754],[-87.3398,18.5754],[-87.3398,18.5753],[-87.3398,18.5753],[-87.3398,18.5753],[-87.3398,18.5752],[-87.3398,18.5752],[-87.3398,18.5752],[-87.3398,18.5752],[-87.3399,18.5752],[-87.3399,18.5752],[-87.3399,18.5751],[-87.3399,18.575],[-87.34,18.575],[-87.34,18.575],[-87.34,18.575],[-87.34,18.5751],[-87.3401,18.5751],[-87.3401,18.575],[-87.3401,18.575],[-87.3401,18.575],[-87.3402,18.575],[-87.3402,18.575],[-87.3402,18.575],[-87.3402,18.575],[-87.3402,18.5749],[-87.3402,18.5749],[-87.3402,18.5748],[-87.3402,18.5748],[-87.3402,18.5747],[-87.3402,18.5747],[-87.3401,18.5747],[-87.3401,18.5747],[-87.3401,18.5748],[-87.3401,18.5748],[-87.3401,18.5748],[-87.3401,18.5748],[-87.34,18.5749],[-87.34,18.5749],[-87.34,18.5749],[-87.34,18.5749],[-87.3399,18.575],[-87.3399,18.575],[-87.3399,18.575],[-87.3398,18.5749],[-87.3397,18.5748],[-87.3397,18.5747],[-87.3397,18.5746],[-87.3396,18.5744],[-87.3396,18.5743],[-87.3397,18.5742],[-87.3397,18.5742],[-87.3397,18.5742],[-87.3397,18.5742],[-87.3397,18.5741],[-87.3396,18.5739],[-87.3396,18.5739],[-87.3396,18.5739],[-87.3396,18.5738],[-87.3396,18.5738],[-87.3395,18.5738],[-87.3395,18.5737],[-87.3395,18.5736],[-87.3395,18.5734],[-87.3395,18.5733],[-87.3395,18.5733],[-87.3396,18.5733],[-87.3398,18.5734],[-87.3399,18.5735],[-87.34,18.5735],[-87.3401,18.5737],[-87.3401,18.5737],[-87.3401,18.5738],[-87.3401,18.5738],[-87.3401,18.5738],[-87.3401,18.5738],[-87.3402,18.5738],[-87.3402,18.5738],[-87.3402,18.5738],[-87.3403,18.5738],[-87.3403,18.5738],[-87.3404,18.5738],[-87.3404,18.5738],[-87.3404,18.5738],[-87.3406,18.5738],[-87.3406,18.5737],[-87.3406,18.5737],[-87.3406,18.5737],[-87.3406,18.5737],[-87.3407,18.5736],[-87.3407,18.5736],[-87.3406,18.5736],[-87.3404,18.5736],[-87.3404,18.5736],[-87.3404,18.5736],[-87.3403,18.5736],[-87.3403,18.5736],[-87.3403,18.5736],[-87.3403,18.5736],[-87.3402,18.5736],[-87.3401,18.5736],[-87.34,18.5735],[-87.34,18.5733],[-87.3399,18.5732],[-87.3399,18.5732],[-87.3399,18.5732],[-87.3399,18.5732],[-87.3398,18.5732],[-87.3397,18.5732],[-87.3397,18.5731],[-87.3396,18.573],[-87.3396,18.5729],[-87.3396,18.5729],[-87.3395,18.5729],[-87.3394,18.5729],[-87.3394,18.5728],[-87.3393,18.5728],[-87.3393,18.5727],[-87.3393,18.5727],[-87.3393,18.5726],[-87.3394,18.5726],[-87.3395,18.5726],[-87.3398,18.5727],[-87.3399,18.5728],[-87.3401,18.5729],[-87.3401,18.5729],[-87.3402,18.5731],[-87.3404,18.5731],[-87.3404,18.5732],[-87.3405,18.5733],[-87.3405,18.5733],[-87.3406,18.5734],[-87.3406,18.5734],[-87.3407,18.5735],[-87.3408,18.5735],[-87.3409,18.5735],[-87.341,18.5735],[-87.341,18.5735],[-87.341,18.5736],[-87.341,18.5736],[-87.341,18.5736],[-87.3409,18.5736],[-87.3409,18.5737],[-87.341,18.5737],[-87.341,18.5737],[-87.3411,18.5737],[-87.3411,18.5737],[-87.3411,18.5738],[-87.3411,18.5738],[-87.3411,18.5739],[-87.3411,18.574],[-87.3412,18.574],[-87.3412,18.5741],[-87.3412,18.5742],[-87.3412,18.5742],[-87.3412,18.5743],[-87.3412,18.5744],[-87.3412,18.5745],[-87.3412,18.5746],[-87.3412,18.5747],[-87.3412,18.5748],[-87.3411,18.5748],[-87.3411,18.5749],[-87.341,18.5749],[-87.341,18.575],[-87.3409,18.5751],[-87.3409,18.5751],[-87.3408,18.5752],[-87.3407,18.5752],[-87.3406,18.5752],[-87.3406,18.5753],[-87.3406,18.5753],[-87.3405,18.5754],[-87.3405,18.5755],[-87.3405,18.5756],[-87.3404,18.5756],[-87.3404,18.5757],[-87.3404,18.5757],[-87.3403,18.5758],[-87.3402,18.5759],[-87.3401,18.5759],[-87.34,18.5759],[-87.3399,18.5759],[-87.3398,18.5759],[-87.3397,18.5758],[-87.3397,18.5759],[-87.3396,18.5759],[-87.3395,18.5758],[-87.3394,18.5758],[-87.3394,18.5758],[-87.3393,18.5759],[-87.3393,18.5759],[-87.3392,18.5759],[-87.3392,18.576],[-87.3392,18.5761],[-87.3393,18.5761],[-87.3393,18.5762],[-87.3393,18.5764],[-87.3393,18.5764],[-87.3393,18.5765],[-87.3392,18.5764],[-87.3391,18.5764],[-87.3391,18.5764],[-87.339,18.5765],[-87.339,18.5765],[-87.3389,18.5766],[-87.3388,18.5766],[-87.3387,18.5766],[-87.3387,18.5767],[-87.3387,18.5767],[-87.3386,18.5768],[-87.3385,18.5768],[-87.3385,18.5769],[-87.3384,18.5769],[-87.3384,18.577],[-87.3382,18.577],[-87.3381,18.577],[-87.338,18.577],[-87.3379,18.577],[-87.3379,18.5771],[-87.3378,18.5771],[-87.3377,18.5771],[-87.3376,18.5771],[-87.3376,18.5771],[-87.3376,18.5771],[-87.3376,18.5772],[-87.3375,18.5772],[-87.3375,18.5772],[-87.3375,18.5772],[-87.3376,18.5773],[-87.3375,18.5773],[-87.3375,18.5773],[-87.3375,18.5774],[-87.3375,18.5774],[-87.3375,18.5774],[-87.3375,18.5775],[-87.3375,18.5775],[-87.3375,18.5776],[-87.3375,18.5776],[-87.3375,18.5777],[-87.3375,18.5777],[-87.3375,18.5778],[-87.3374,18.5778],[-87.3374,18.5779],[-87.3374,18.5779],[-87.3373,18.578],[-87.3373,18.578],[-87.3372,18.578],[-87.3372,18.5781],[-87.3372,18.5781],[-87.3371,18.5782],[-87.337,18.5782],[-87.337,18.5782],[-87.3369,18.5783],[-87.3369,18.5783],[-87.3368,18.5783],[-87.3368,18.5784],[-87.3368,18.5784],[-87.3367,18.5785],[-87.3367,18.5785],[-87.3366,18.5785],[-87.3366,18.5786],[-87.3365,18.5787],[-87.3365,18.5787],[-87.3365,18.5788],[-87.3365,18.5788],[-87.3364,18.5788],[-87.3364,18.5788],[-87.3364,18.5788],[-87.3364,18.5788],[-87.3364,18.5788],[-87.3363,18.5789],[-87.3363,18.5789],[-87.3363,18.5789],[-87.3363,18.5789],[-87.3363,18.5789],[-87.3362,18.579],[-87.3362,18.579],[-87.3362,18.579],[-87.3361,18.5791],[-87.336,18.5791],[-87.336,18.5791],[-87.336,18.5791],[-87.336,18.5791],[-87.3359,18.5791],[-87.3359,18.5792],[-87.3359,18.5792],[-87.3359,18.5792],[-87.3358,18.5792],[-87.3358,18.5792],[-87.3358,18.5792],[-87.3358,18.5792],[-87.3357,18.5792],[-87.3357,18.5793],[-87.3357,18.5793],[-87.3357,18.5793],[-87.3357,18.5793],[-87.3356,18.5793],[-87.3356,18.5793],[-87.3356,18.5793],[-87.3356,18.5793],[-87.3356,18.5793],[-87.3356,18.5793],[-87.3355,18.5793],[-87.3355,18.5793],[-87.3355,18.5794],[-87.3355,18.5794],[-87.3355,18.5794],[-87.3354,18.5794],[-87.3354,18.5794],[-87.3354,18.5794],[-87.3353,18.5794],[-87.3353,18.5794],[-87.3353,18.5794],[-87.3353,18.5795],[-87.3353,18.5795],[-87.3353,18.5795],[-87.3352,18.5795],[-87.3352,18.5795],[-87.3352,18.5795],[-87.3352,18.5796],[-87.3351,18.5796],[-87.3351,18.5796],[-87.3351,18.5796],[-87.335,18.5796],[-87.335,18.5796],[-87.335,18.5796],[-87.3349,18.5796],[-87.3349,18.5796],[-87.3349,18.5796],[-87.3348,18.5797],[-87.3348,18.5797],[-87.3348,18.5797],[-87.3348,18.5797],[-87.3347,18.5797],[-87.3347,18.5797],[-87.3347,18.5798],[-87.3346,18.5798],[-87.3346,18.5798],[-87.3346,18.5798],[-87.3345,18.5798],[-87.3345,18.5798],[-87.3344,18.5798],[-87.3344,18.5799],[-87.3344,18.5799],[-87.3343,18.5799],[-87.3343,18.5799],[-87.3342,18.5799],[-87.3342,18.5799],[-87.3342,18.5799],[-87.3342,18.5799],[-87.3341,18.58],[-87.3341,18.58],[-87.3341,18.58],[-87.334,18.58],[-87.334,18.58],[-87.334,18.58],[-87.3339,18.58],[-87.3339,18.58],[-87.3339,18.5801],[-87.3339,18.5801],[-87.3338,18.5801],[-87.3338,18.5801],[-87.3337,18.5802],[-87.3337,18.5802],[-87.3336,18.5802],[-87.3336,18.5802],[-87.3336,18.5802],[-87.3335,18.5802],[-87.3335,18.5802],[-87.3335,18.5802],[-87.3335,18.5802],[-87.3334,18.5802],[-87.3334,18.5802],[-87.3334,18.5802],[-87.3334,18.5802],[-87.3334,18.5802],[-87.3333,18.5802],[-87.3333,18.5802],[-87.3333,18.5802],[-87.3333,18.5803],[-87.3333,18.5804],[-87.3333,18.5804],[-87.3333,18.5804],[-87.3332,18.5804],[-87.3332,18.5805],[-87.3331,18.5805],[-87.3331,18.5806],[-87.3331,18.5806],[-87.333,18.5806],[-87.333,18.5806],[-87.333,18.5806],[-87.3329,18.5807],[-87.3329,18.5807],[-87.3329,18.5807],[-87.3328,18.5807],[-87.3328,18.5808],[-87.3327,18.5808],[-87.3326,18.5809],[-87.3325,18.5809],[-87.3325,18.5809],[-87.3325,18.5809],[-87.3324,18.5809],[-87.3324,18.5809],[-87.3324,18.5808],[-87.3324,18.5808],[-87.3323,18.5808],[-87.3323,18.5809],[-87.3323,18.5809],[-87.3322,18.5809],[-87.3321,18.5809],[-87.3321,18.5809],[-87.332,18.5809],[-87.332,18.5809],[-87.332,18.5809],[-87.3319,18.5809],[-87.3319,18.5809],[-87.3319,18.5809],[-87.3319,18.5809],[-87.3318,18.5809],[-87.3318,18.581],[-87.3317,18.5809],[-87.3317,18.5809],[-87.3316,18.5809],[-87.3316,18.5809],[-87.3315,18.581],[-87.3315,18.581],[-87.3314,18.581],[-87.3314,18.581],[-87.3313,18.581],[-87.3313,18.581],[-87.3313,18.5811],[-87.3312,18.5811],[-87.3312,18.5811],[-87.3311,18.5811],[-87.3311,18.5811],[-87.331,18.5811],[-87.3309,18.5812],[-87.3309,18.5812],[-87.3308,18.5812],[-87.3307,18.5812],[-87.3307,18.5812],[-87.3307,18.5812],[-87.3306,18.5812],[-87.3306,18.5812],[-87.3305,18.5812],[-87.3305,18.5812],[-87.3305,18.5813],[-87.3304,18.5812],[-87.3303,18.5812],[-87.3302,18.5812],[-87.3302,18.5811],[-87.3302,18.5811],[-87.3302,18.5811],[-87.3302,18.5811],[-87.3302,18.5811],[-87.3301,18.5811],[-87.3301,18.5811],[-87.3301,18.5811],[-87.3301,18.5811],[-87.33,18.5811],[-87.3299,18.5811],[-87.3299,18.5811],[-87.3299,18.5811],[-87.33,18.581],[-87.33,18.5809],[-87.3299,18.5809],[-87.3298,18.5809],[-87.3297,18.581],[-87.3297,18.5811],[-87.3296,18.5811],[-87.3295,18.5812],[-87.3294,18.5812],[-87.3294,18.5812],[-87.3293,18.5812],[-87.3293,18.5813],[-87.3292,18.5814],[-87.3292,18.5814],[-87.329,18.5814],[-87.329,18.5815],[-87.3289,18.5815],[-87.3287,18.5816],[-87.3287,18.5815],[-87.3286,18.5816],[-87.3285,18.5816],[-87.3285,18.5817],[-87.3284,18.5817],[-87.3282,18.5819],[-87.3281,18.5819],[-87.3281,18.5819],[-87.328,18.582],[-87.3279,18.582],[-87.3278,18.582],[-87.3277,18.582],[-87.3276,18.5821],[-87.3275,18.5822],[-87.3275,18.5823],[-87.3274,18.5823],[-87.3274,18.5824],[-87.3273,18.5824],[-87.3273,18.5824],[-87.3272,18.5825],[-87.3271,18.5825],[-87.327,18.5826],[-87.3269,18.5826],[-87.3269,18.5826],[-87.3268,18.5827],[-87.3267,18.5827],[-87.3267,18.5827],[-87.3266,18.5827],[-87.3266,18.5828],[-87.3265,18.5828],[-87.3265,18.5828],[-87.3264,18.5828],[-87.3263,18.5829],[-87.3262,18.5829],[-87.3262,18.583],[-87.3262,18.583],[-87.3261,18.583],[-87.3261,18.583],[-87.326,18.583],[-87.326,18.5831],[-87.3259,18.5831],[-87.3259,18.5831],[-87.3258,18.5831],[-87.3258,18.5832],[-87.3257,18.5832],[-87.3256,18.5833],[-87.3253,18.5835],[-87.3251,18.5835],[-87.325,18.5835],[-87.3249,18.5837],[-87.3248,18.5837],[-87.3247,18.5837],[-87.3247,18.5838],[-87.3246,18.5839],[-87.3245,18.5839],[-87.3245,18.584],[-87.3244,18.584],[-87.3244,18.5841],[-87.3243,18.5841],[-87.3243,18.5842],[-87.3242,18.5842],[-87.3242,18.5843],[-87.3241,18.5843],[-87.3241,18.5843],[-87.324,18.5844],[-87.324,18.5844],[-87.3239,18.5844],[-87.3239,18.5845],[-87.3238,18.5845],[-87.3238,18.5845],[-87.3237,18.5846],[-87.3237,18.5846],[-87.3236,18.5846],[-87.3236,18.5846],[-87.3235,18.5846],[-87.3235,18.5846],[-87.3235,18.5847],[-87.3234,18.5847],[-87.3234,18.5848],[-87.3233,18.5848],[-87.3233,18.5848],[-87.3232,18.5849],[-87.3232,18.5849],[-87.3232,18.585],[-87.3231,18.585],[-87.323,18.5851],[-87.323,18.5851],[-87.323,18.5851],[-87.3229,18.5852],[-87.3229,18.5852],[-87.3229,18.5853],[-87.3228,18.5853],[-87.3228,18.5853],[-87.3228,18.5854],[-87.3228,18.5855],[-87.3228,18.5855],[-87.3228,18.5856],[-87.3228,18.5857],[-87.3228,18.5858],[-87.3228,18.5859],[-87.3229,18.586],[-87.3229,18.586],[-87.3229,18.5861],[-87.3229,18.5862],[-87.3229,18.5863],[-87.3229,18.5864],[-87.3229,18.5865],[-87.3229,18.5866],[-87.323,18.5866],[-87.323,18.5867],[-87.323,18.5868],[-87.3231,18.5869],[-87.3231,18.5869],[-87.3231,18.587],[-87.3232,18.5871],[-87.3232,18.5871],[-87.3233,18.5871],[-87.3233,18.5872],[-87.3233,18.5872],[-87.3233,18.5874],[-87.3233,18.5874],[-87.3233,18.5876],[-87.3234,18.5877],[-87.3235,18.5879],[-87.3235,18.588],[-87.3235,18.5881],[-87.3235,18.5882],[-87.3236,18.5883],[-87.3236,18.5884],[-87.3236,18.5884],[-87.3236,18.5885],[-87.3236,18.5886],[-87.3236,18.5887],[-87.3236,18.5887],[-87.3236,18.5888],[-87.3236,18.5889],[-87.3237,18.589],[-87.3238,18.5892],[-87.3238,18.5893],[-87.3239,18.5895],[-87.3239,18.5896],[-87.3239,18.5898],[-87.324,18.5899],[-87.324,18.59],[-87.324,18.5901],[-87.324,18.5902],[-87.324,18.5904],[-87.324,18.5906],[-87.324,18.5907],[-87.3239,18.5908],[-87.3239,18.5908],[-87.3239,18.5909],[-87.3239,18.591],[-87.3239,18.591],[-87.3239,18.5911],[-87.3239,18.5912],[-87.3239,18.5912],[-87.3239,18.5913],[-87.3239,18.5914],[-87.3239,18.5914],[-87.3239,18.5914],[-87.3239,18.5915],[-87.3239,18.5915],[-87.324,18.5915],[-87.324,18.5916],[-87.324,18.5917],[-87.324,18.5917],[-87.3239,18.5917],[-87.3239,18.5917],[-87.3239,18.5918],[-87.324,18.5918],[-87.324,18.592],[-87.324,18.5921],[-87.3239,18.5921],[-87.3239,18.5922],[-87.3239,18.5923],[-87.3238,18.5923],[-87.3238,18.5924],[-87.3237,18.5925],[-87.3237,18.5926],[-87.3237,18.5926],[-87.3236,18.5927],[-87.3236,18.5927],[-87.3236,18.5928],[-87.3236,18.5929],[-87.3235,18.5929],[-87.3235,18.5929],[-87.3234,18.593],[-87.3234,18.593],[-87.3234,18.5931],[-87.3234,18.5932],[-87.3233,18.5933],[-87.3233,18.5934],[-87.3232,18.5934],[-87.3232,18.5934],[-87.3231,18.5935],[-87.3231,18.5935],[-87.3231,18.5935],[-87.3231,18.5936],[-87.3231,18.5937],[-87.3231,18.5938],[-87.323,18.5938],[-87.323,18.5939],[-87.323,18.594],[-87.323,18.5941],[-87.3229,18.5941],[-87.3229,18.5941],[-87.3229,18.5941],[-87.3228,18.5941],[-87.3228,18.5941],[-87.3228,18.5941],[-87.3228,18.5942],[-87.3228,18.5944],[-87.3227,18.5945],[-87.3227,18.5945],[-87.3226,18.5946],[-87.3226,18.5946],[-87.3226,18.5947],[-87.3225,18.5948],[-87.3225,18.5948],[-87.3224,18.5949],[-87.3224,18.595],[-87.3224,18.595],[-87.3224,18.5951],[-87.3224,18.5951],[-87.3223,18.5951],[-87.3223,18.5952],[-87.3223,18.5952],[-87.3223,18.5953],[-87.3223,18.5953],[-87.3222,18.5954],[-87.3222,18.5954],[-87.3221,18.5955],[-87.3221,18.5955],[-87.3221,18.5956],[-87.3221,18.5956],[-87.3219,18.5957],[-87.3219,18.5958],[-87.3219,18.5958],[-87.3219,18.5959],[-87.3218,18.596],[-87.3218,18.5961],[-87.3218,18.5961],[-87.3218,18.5962],[-87.3217,18.5962],[-87.3217,18.5962],[-87.3216,18.5963],[-87.3216,18.5963],[-87.3216,18.5963],[-87.3216,18.5964],[-87.3216,18.5964],[-87.3215,18.5965],[-87.3215,18.5966],[-87.3215,18.5967],[-87.3215,18.5968],[-87.3214,18.5969],[-87.3214,18.5969],[-87.3214,18.597],[-87.3214,18.597],[-87.3214,18.5971],[-87.3214,18.5971],[-87.3214,18.5971],[-87.3213,18.5972],[-87.3213,18.5973],[-87.3213,18.5973],[-87.3213,18.5974],[-87.3212,18.5975],[-87.3212,18.5976],[-87.3212,18.5976],[-87.3212,18.5977],[-87.3211,18.5977],[-87.3211,18.5977],[-87.321,18.5976],[-87.321,18.5976],[-87.321,18.5975],[-87.3211,18.5974],[-87.321,18.5974],[-87.321,18.5974],[-87.321,18.5973],[-87.3209,18.5973],[-87.3209,18.5972],[-87.321,18.5972],[-87.321,18.5972],[-87.3211,18.5972],[-87.3211,18.5972],[-87.3211,18.5971],[-87.3211,18.5971],[-87.3211,18.5971],[-87.321,18.5971],[-87.321,18.597],[-87.321,18.597],[-87.321,18.597],[-87.321,18.5971],[-87.3209,18.5971],[-87.3209,18.5971],[-87.3209,18.5972],[-87.3209,18.5972],[-87.3209,18.5973],[-87.3209,18.5973],[-87.3209,18.5973],[-87.3209,18.5974],[-87.3208,18.5974],[-87.3208,18.5975],[-87.3208,18.5975],[-87.3209,18.5975],[-87.3209,18.5976],[-87.3209,18.5976],[-87.3209,18.5977],[-87.3209,18.5977],[-87.3208,18.5977],[-87.3208,18.5977],[-87.3208,18.5976],[-87.3207,18.5977],[-87.3207,18.5977],[-87.3207,18.5977],[-87.3207,18.5978],[-87.3207,18.5978],[-87.3207,18.5978],[-87.3207,18.5978],[-87.3207,18.5978],[-87.3208,18.5978],[-87.3208,18.5978],[-87.3209,18.5978],[-87.3209,18.5978],[-87.3209,18.5978],[-87.321,18.5978],[-87.321,18.5979],[-87.321,18.5979],[-87.321,18.5979],[-87.321,18.598],[-87.321,18.598],[-87.321,18.5981],[-87.3209,18.5981],[-87.3209,18.5981],[-87.3209,18.5982],[-87.3209,18.5983],[-87.3208,18.5983],[-87.3208,18.5984],[-87.3208,18.5984],[-87.3208,18.5985],[-87.3207,18.5985],[-87.3207,18.5985],[-87.3207,18.5985],[-87.3207,18.5985],[-87.3207,18.5986],[-87.3207,18.5987],[-87.3206,18.5987],[-87.3206,18.5987],[-87.3206,18.5987],[-87.3205,18.5987],[-87.3205,18.5987],[-87.3206,18.5987],[-87.3206,18.5988],[-87.3205,18.5988],[-87.3204,18.5989],[-87.3203,18.5989],[-87.3203,18.5989],[-87.3203,18.599],[-87.3203,18.599],[-87.3203,18.599],[-87.3202,18.599],[-87.3202,18.599],[-87.3202,18.5991],[-87.3202,18.5991],[-87.3201,18.5991],[-87.3201,18.5991],[-87.3201,18.5991],[-87.32,18.5992],[-87.32,18.5992],[-87.32,18.5992],[-87.32,18.5993],[-87.3199,18.5993],[-87.3199,18.5993],[-87.3199,18.5993],[-87.3199,18.5993],[-87.3198,18.5993],[-87.3198,18.5994],[-87.3198,18.5994],[-87.3198,18.5994],[-87.3197,18.5994],[-87.3197,18.5994],[-87.3196,18.5994],[-87.3196,18.5995],[-87.3195,18.5995],[-87.3195,18.5995],[-87.3195,18.5996],[-87.3195,18.5996],[-87.3194,18.5996],[-87.3193,18.5996],[-87.3193,18.5996],[-87.3193,18.5997],[-87.3192,18.5997],[-87.3192,18.5997],[-87.3191,18.5997],[-87.3191,18.5998],[-87.319,18.5998],[-87.319,18.5998],[-87.3189,18.5998],[-87.3189,18.5998],[-87.3189,18.5997],[-87.3189,18.5997],[-87.3189,18.5997],[-87.3189,18.5997],[-87.3189,18.5997],[-87.3189,18.5996],[-87.3189,18.5996],[-87.3189,18.5996],[-87.3189,18.5996],[-87.3189,18.5995],[-87.3189,18.5995],[-87.3188,18.5995],[-87.3188,18.5995],[-87.3188,18.5995],[-87.3188,18.5995],[-87.3188,18.5995],[-87.3187,18.5994],[-87.3187,18.5995],[-87.3187,18.5995],[-87.3187,18.5995],[-87.3187,18.5995],[-87.3186,18.5995],[-87.3186,18.5995],[-87.3187,18.5996],[-87.3187,18.5996],[-87.3186,18.5996],[-87.3186,18.5996],[-87.3186,18.5997],[-87.3186,18.5997],[-87.3185,18.5997],[-87.3185,18.5997],[-87.3185,18.5997],[-87.3185,18.5998],[-87.3184,18.5998],[-87.3184,18.5998],[-87.3184,18.5998],[-87.3184,18.5998],[-87.3184,18.5998],[-87.3184,18.5998],[-87.3184,18.5999],[-87.3183,18.5999],[-87.3183,18.5999],[-87.3183,18.5999],[-87.3183,18.5999],[-87.3183,18.5999],[-87.3183,18.5999],[-87.3183,18.6],[-87.3183,18.6],[-87.3183,18.6],[-87.3183,18.6],[-87.3183,18.6],[-87.3183,18.6001],[-87.3183,18.6001],[-87.3183,18.6001],[-87.3183,18.6001],[-87.3182,18.6001],[-87.3182,18.6001],[-87.3182,18.6001],[-87.3182,18.6002],[-87.3181,18.6002],[-87.3181,18.6002],[-87.318,18.6003],[-87.318,18.6003],[-87.3179,18.6003],[-87.3179,18.6003],[-87.3179,18.6003],[-87.3178,18.6003],[-87.3178,18.6004],[-87.3178,18.6004],[-87.3178,18.6004],[-87.3177,18.6004],[-87.3177,18.6004],[-87.3177,18.6004],[-87.3177,18.6004],[-87.3176,18.6004],[-87.3176,18.6005],[-87.3176,18.6005],[-87.3176,18.6005],[-87.3176,18.6005],[-87.3175,18.6005],[-87.3175,18.6005],[-87.3175,18.6005],[-87.3175,18.6005],[-87.3174,18.6005],[-87.3174,18.6005],[-87.3174,18.6005],[-87.3173,18.6005],[-87.3173,18.6006],[-87.3173,18.6006],[-87.3172,18.6006],[-87.3172,18.6006],[-87.3172,18.6006],[-87.3171,18.6006],[-87.3171,18.6007],[-87.317,18.6007],[-87.317,18.6007],[-87.3169,18.6007],[-87.3169,18.6007],[-87.3169,18.6007],[-87.3169,18.6007],[-87.3168,18.6007],[-87.3168,18.6007],[-87.3168,18.6007],[-87.3167,18.6007],[-87.3167,18.6006],[-87.3167,18.6006],[-87.3166,18.6006],[-87.3166,18.6006],[-87.3165,18.6006],[-87.3164,18.6006],[-87.3163,18.6005],[-87.3163,18.6005],[-87.3163,18.6005],[-87.3163,18.6004],[-87.3162,18.6004],[-87.3162,18.6004],[-87.3162,18.6004],[-87.3161,18.6005],[-87.3161,18.6005],[-87.3161,18.6005],[-87.316,18.6006],[-87.316,18.6006],[-87.3159,18.6006],[-87.3159,18.6007],[-87.3158,18.6007],[-87.3158,18.6007],[-87.3157,18.6007],[-87.3157,18.6006],[-87.3157,18.6006],[-87.3156,18.6006],[-87.3156,18.6006],[-87.3156,18.6006],[-87.3155,18.6006],[-87.3155,18.6007],[-87.3154,18.6007],[-87.3153,18.6008],[-87.3152,18.6008],[-87.3151,18.6009],[-87.3151,18.6009],[-87.315,18.601],[-87.315,18.601],[-87.315,18.6011],[-87.315,18.6011],[-87.3149,18.6011],[-87.3149,18.6011],[-87.3148,18.6011],[-87.3147,18.6012],[-87.3147,18.6012],[-87.3147,18.6012],[-87.3148,18.6012],[-87.3149,18.6012],[-87.315,18.6013],[-87.315,18.6013],[-87.3151,18.6013],[-87.3152,18.6013],[-87.3152,18.6013],[-87.3152,18.6014],[-87.3151,18.6014],[-87.315,18.6014],[-87.315,18.6015],[-87.3149,18.6015],[-87.3149,18.6015],[-87.3148,18.6015],[-87.3148,18.6016],[-87.3147,18.6016],[-87.3146,18.6016],[-87.3146,18.6016],[-87.3145,18.6016],[-87.3145,18.6016],[-87.3145,18.6016],[-87.3144,18.6017],[-87.3143,18.6017],[-87.3143,18.6017],[-87.3143,18.6017],[-87.3142,18.6017],[-87.3142,18.6017],[-87.3141,18.6017],[-87.314,18.6017],[-87.314,18.6018],[-87.314,18.6018],[-87.3139,18.6018],[-87.3139,18.6018],[-87.3139,18.6019],[-87.3138,18.6019],[-87.3138,18.6019],[-87.3137,18.6018],[-87.3137,18.6018],[-87.3137,18.6018],[-87.3137,18.6018],[-87.3137,18.6018],[-87.3136,18.6018],[-87.3136,18.6017],[-87.3136,18.6017],[-87.3135,18.6017],[-87.3135,18.6017],[-87.3135,18.6017],[-87.3135,18.6017],[-87.3135,18.6017],[-87.3135,18.6018],[-87.3135,18.6018],[-87.3135,18.6018],[-87.3135,18.6019],[-87.3135,18.6019],[-87.3135,18.6019],[-87.3135,18.6019],[-87.3134,18.6019],[-87.3134,18.6019],[-87.3134,18.6019],[-87.3134,18.6019],[-87.3134,18.602],[-87.3134,18.602],[-87.3133,18.602],[-87.3133,18.602],[-87.3133,18.602],[-87.3133,18.602],[-87.3133,18.6021],[-87.3132,18.6021],[-87.3132,18.6021],[-87.3132,18.6021],[-87.3132,18.6022],[-87.3132,18.6022],[-87.3131,18.6022],[-87.3131,18.6022],[-87.313,18.6023],[-87.313,18.6023],[-87.3129,18.6023],[-87.3129,18.6024],[-87.3129,18.6023],[-87.3128,18.6023],[-87.3128,18.6023],[-87.3128,18.6023],[-87.3128,18.6023],[-87.3128,18.6023],[-87.3128,18.6023],[-87.3127,18.6023],[-87.3127,18.6023],[-87.3127,18.6023],[-87.3127,18.6024],[-87.3126,18.6024],[-87.3127,18.6024],[-87.3127,18.6025],[-87.3126,18.6025],[-87.3126,18.6025],[-87.3126,18.6025],[-87.3125,18.6025],[-87.3125,18.6025],[-87.3125,18.6025],[-87.3125,18.6025],[-87.3124,18.6025],[-87.3124,18.6024],[-87.3124,18.6024],[-87.3124,18.6023],[-87.3124,18.6023],[-87.3124,18.6022],[-87.3123,18.6022],[-87.3123,18.6022],[-87.3123,18.6022],[-87.3123,18.6022],[-87.3123,18.6023],[-87.3122,18.6023],[-87.3122,18.6023],[-87.3121,18.6023],[-87.3121,18.6023],[-87.3121,18.6023],[-87.312,18.6023],[-87.312,18.6024],[-87.3119,18.6024],[-87.3119,18.6024],[-87.3119,18.6024],[-87.3119,18.6025],[-87.3119,18.6025],[-87.312,18.6026],[-87.312,18.6026],[-87.312,18.6026],[-87.312,18.6026],[-87.3121,18.6026],[-87.3121,18.6027],[-87.3121,18.6027],[-87.3121,18.6027],[-87.3121,18.6027],[-87.3121,18.6028],[-87.3121,18.6028],[-87.3121,18.6028],[-87.312,18.6028],[-87.312,18.6028],[-87.3119,18.6028],[-87.3119,18.6028],[-87.3119,18.6028],[-87.3118,18.6029],[-87.3118,18.6029],[-87.3118,18.6029],[-87.3118,18.6029],[-87.3117,18.6029],[-87.3117,18.6029],[-87.3117,18.6029],[-87.3117,18.6029],[-87.3117,18.603],[-87.3117,18.603],[-87.3116,18.603],[-87.3116,18.603],[-87.3116,18.603],[-87.3116,18.603],[-87.3116,18.6031],[-87.3116,18.6031],[-87.3115,18.6031],[-87.3115,18.6031],[-87.3115,18.6031],[-87.3114,18.6031],[-87.3114,18.6031],[-87.3114,18.6031],[-87.3114,18.6031],[-87.3114,18.6031],[-87.3113,18.6031],[-87.3113,18.6031],[-87.3113,18.6032],[-87.3112,18.6032],[-87.3112,18.6032],[-87.3112,18.6032],[-87.3111,18.6032],[-87.3111,18.6032],[-87.3111,18.6032],[-87.3111,18.6032],[-87.3111,18.6032],[-87.3111,18.6033],[-87.311,18.6033],[-87.311,18.6033],[-87.311,18.6033],[-87.311,18.6033],[-87.311,18.6033],[-87.3109,18.6033],[-87.3109,18.6034],[-87.3109,18.6034],[-87.3109,18.6034],[-87.3108,18.6034],[-87.3108,18.6034],[-87.3108,18.6034],[-87.3107,18.6034],[-87.3107,18.6034],[-87.3107,18.6034],[-87.3107,18.6034],[-87.3107,18.6034],[-87.3107,18.6034],[-87.3107,18.6035],[-87.3106,18.6035],[-87.3106,18.6035],[-87.3106,18.6035],[-87.3106,18.6034],[-87.3105,18.6034],[-87.3105,18.6035],[-87.3105,18.6034],[-87.3105,18.6034],[-87.3105,18.6034],[-87.3104,18.6034],[-87.3104,18.6035],[-87.3104,18.6035],[-87.3104,18.6034],[-87.3104,18.6034],[-87.3103,18.6034],[-87.3103,18.6034],[-87.3103,18.6034],[-87.3103,18.6034],[-87.3103,18.6034],[-87.3102,18.6034],[-87.3102,18.6034],[-87.3102,18.6034],[-87.3102,18.6034],[-87.3102,18.6034],[-87.3102,18.6034],[-87.3102,18.6035],[-87.3102,18.6035],[-87.3102,18.6035],[-87.3101,18.6035],[-87.3101,18.6035],[-87.3101,18.6035],[-87.3101,18.6035],[-87.3101,18.6035],[-87.31,18.6035],[-87.31,18.6035],[-87.31,18.6035],[-87.31,18.6035],[-87.31,18.6035],[-87.3099,18.6035],[-87.3099,18.6035],[-87.3099,18.6035],[-87.3099,18.6035],[-87.3098,18.6036],[-87.3098,18.6036],[-87.3098,18.6036],[-87.3098,18.6036],[-87.3097,18.6036],[-87.3097,18.6036],[-87.3097,18.6036],[-87.3097,18.6036],[-87.3097,18.6036],[-87.3097,18.6036],[-87.3096,18.6036],[-87.3096,18.6036],[-87.3096,18.6036],[-87.3096,18.6036],[-87.3095,18.6036],[-87.3095,18.6036],[-87.3095,18.6036],[-87.3094,18.6036]]],[[[-87.4364,18.6237],[-87.4377,18.6235],[-87.4379,18.6248],[-87.4373,18.627],[-87.4363,18.6297],[-87.4353,18.6316],[-87.4347,18.6337],[-87.4341,18.6352],[-87.4332,18.6362],[-87.4334,18.6383],[-87.432,18.6397],[-87.4311,18.6415],[-87.4304,18.6427],[-87.4303,18.6441],[-87.4297,18.6454],[-87.4287,18.6469],[-87.4276,18.6483],[-87.4262,18.6499],[-87.4255,18.6533],[-87.4252,18.655],[-87.4242,18.6564],[-87.4235,18.6577],[-87.4231,18.6592],[-87.4221,18.6598],[-87.4213,18.6602],[-87.4203,18.66],[-87.4206,18.6579],[-87.4209,18.6564],[-87.421,18.6548],[-87.4217,18.6527],[-87.4229,18.6491],[-87.4241,18.646],[-87.425,18.6426],[-87.4259,18.64],[-87.4268,18.637],[-87.4276,18.6351],[-87.428,18.6341],[-87.4283,18.6329],[-87.4293,18.6321],[-87.4302,18.6315],[-87.4311,18.6308],[-87.4318,18.63],[-87.4326,18.6295],[-87.4334,18.6287],[-87.4337,18.6273],[-87.4356,18.6244],[-87.4364,18.6237]]],[[[-87.4078,18.6767],[-87.4101,18.6764],[-87.4111,18.6779],[-87.4106,18.6798],[-87.4096,18.6815],[-87.4085,18.6828],[-87.4074,18.6851],[-87.4056,18.6867],[-87.4042,18.6898],[-87.4033,18.6914],[-87.4024,18.6928],[-87.4015,18.6948],[-87.4008,18.6965],[-87.3999,18.6987],[-87.399,18.702],[-87.3982,18.7036],[-87.3983,18.7047],[-87.398,18.7063],[-87.3984,18.707],[-87.3978,18.7088],[-87.3969,18.7105],[-87.3961,18.711],[-87.3955,18.7115],[-87.3947,18.7119],[-87.3944,18.7113],[-87.394,18.7101],[-87.3948,18.7084],[-87.3947,18.7072],[-87.3953,18.7054],[-87.3962,18.7042],[-87.3968,18.7027],[-87.3971,18.701],[-87.3972,18.6995],[-87.3973,18.6977],[-87.3981,18.6954],[-87.3991,18.6929],[-87.3998,18.6905],[-87.4001,18.6885],[-87.4009,18.6869],[-87.4016,18.6853],[-87.4024,18.6844],[-87.4025,18.6831],[-87.4025,18.6817],[-87.4041,18.6793],[-87.4052,18.6791],[-87.4058,18.6774],[-87.4078,18.6767]]],[[[-87.391,18.7203],[-87.3925,18.7202],[-87.3926,18.7208],[-87.3927,18.7219],[-87.3927,18.7232],[-87.3921,18.7234],[-87.3917,18.7239],[-87.3913,18.7242],[-87.3907,18.7251],[-87.3895,18.7253],[-87.3888,18.725],[-87.3881,18.724],[-87.3876,18.7231],[-87.3877,18.7223],[-87.3887,18.7221],[-87.3897,18.7216],[-87.3901,18.7209],[-87.391,18.7203]]],[[[-87.3859,18.7313],[-87.3869,18.7308],[-87.3876,18.7316],[-87.3875,18.7325],[-87.3871,18.7332],[-87.3865,18.7341],[-87.3857,18.7347],[-87.3856,18.7354],[-87.3854,18.7361],[-87.3852,18.7364],[-87.384,18.7352],[-87.384,18.7349],[-87.3843,18.7335],[-87.384,18.7325],[-87.3845,18.7322],[-87.3853,18.7316],[-87.3859,18.7313]]],[[[-87.305,18.7419],[-87.3049,18.7419],[-87.3049,18.7419],[-87.3048,18.7419],[-87.3047,18.7419],[-87.3046,18.7419],[-87.3045,18.7418],[-87.3044,18.7418],[-87.3043,18.7418],[-87.3041,18.7417],[-87.304,18.7416],[-87.3039,18.7415],[-87.3039,18.7414],[-87.3038,18.7414],[-87.3038,18.7413],[-87.3037,18.7412],[-87.3036,18.7411],[-87.3036,18.741],[-87.3035,18.741],[-87.3034,18.7409],[-87.3034,18.7408],[-87.3034,18.7407],[-87.3035,18.7406],[-87.3035,18.7406],[-87.3034,18.7406],[-87.3034,18.7406],[-87.3033,18.7405],[-87.3033,18.7405],[-87.3033,18.7404],[-87.3033,18.7403],[-87.3033,18.7403],[-87.3033,18.7402],[-87.3033,18.7401],[-87.3033,18.74],[-87.3032,18.7399],[-87.3032,18.7398],[-87.3032,18.7397],[-87.3032,18.7396],[-87.3033,18.7395],[-87.3033,18.7394],[-87.3033,18.7394],[-87.3033,18.7392],[-87.3033,18.7392],[-87.3033,18.7391],[-87.3033,18.739],[-87.3033,18.7389],[-87.3033,18.7388],[-87.3034,18.7387],[-87.3034,18.7386],[-87.3034,18.7385],[-87.3035,18.7384],[-87.3035,18.7383],[-87.3036,18.7383],[-87.3037,18.7382],[-87.3039,18.7382],[-87.304,18.7381],[-87.3041,18.738],[-87.3042,18.7379],[-87.3042,18.7379],[-87.3042,18.7378],[-87.3043,18.7377],[-87.3044,18.7377],[-87.3046,18.7376],[-87.3046,18.7376],[-87.3047,18.7376],[-87.3047,18.7376],[-87.3048,18.7376],[-87.3049,18.7376],[-87.305,18.7375],[-87.3051,18.7375],[-87.3053,18.7375],[-87.3054,18.7375],[-87.3056,18.7376],[-87.3057,18.7376],[-87.3059,18.7377],[-87.306,18.7377],[-87.3061,18.7379],[-87.3062,18.738],[-87.3063,18.738],[-87.3064,18.7381],[-87.3064,18.7382],[-87.3064,18.7382],[-87.3065,18.7384],[-87.3066,18.7384],[-87.3067,18.7385],[-87.3067,18.7386],[-87.3067,18.7386],[-87.3067,18.7387],[-87.3067,18.7389],[-87.3068,18.739],[-87.3068,18.7391],[-87.3068,18.7393],[-87.3068,18.7394],[-87.3068,18.7394],[-87.3069,18.7395],[-87.3069,18.7396],[-87.3069,18.7397],[-87.3069,18.7397],[-87.3069,18.7397],[-87.3068,18.7398],[-87.3067,18.7398],[-87.3067,18.7398],[-87.3066,18.7398],[-87.3067,18.7399],[-87.3067,18.7399],[-87.3067,18.7399],[-87.3067,18.7399],[-87.3066,18.74],[-87.3066,18.74],[-87.3066,18.7401],[-87.3066,18.7402],[-87.3066,18.7402],[-87.3066,18.7403],[-87.3065,18.7404],[-87.3065,18.7404],[-87.3066,18.7405],[-87.3065,18.7405],[-87.3065,18.7405],[-87.3064,18.7405],[-87.3064,18.7406],[-87.3064,18.7407],[-87.3063,18.7407],[-87.3062,18.7407],[-87.3062,18.7408],[-87.3062,18.7409],[-87.3063,18.741],[-87.3063,18.7411],[-87.3062,18.7413],[-87.3062,18.7414],[-87.3061,18.7415],[-87.3061,18.7416],[-87.3061,18.7417],[-87.3059,18.7418],[-87.3058,18.7419],[-87.3058,18.7419],[-87.3057,18.742],[-87.3056,18.742],[-87.3055,18.742],[-87.3055,18.7419],[-87.3055,18.7419],[-87.3054,18.7419],[-87.3053,18.7419],[-87.3052,18.7419],[-87.3052,18.7419],[-87.3051,18.7419],[-87.3051,18.742],[-87.305,18.7419],[-87.305,18.7419]]],[[[-87.2738,18.7394],[-87.2735,18.7384],[-87.2725,18.7382],[-87.2706,18.7377],[-87.2688,18.7357],[-87.2669,18.7322],[-87.2655,18.7286],[-87.2647,18.7266],[-87.2639,18.7249],[-87.2635,18.7232],[-87.2623,18.7213],[-87.2623,18.7197],[-87.2624,18.7182],[-87.2611,18.7156],[-87.2603,18.7126],[-87.2587,18.7105],[-87.2575,18.7069],[-87.2538,18.7004],[-87.2537,18.6988],[-87.2539,18.6964],[-87.2535,18.695],[-87.2528,18.6938],[-87.2526,18.6919],[-87.2521,18.6904],[-87.2513,18.6893],[-87.2497,18.6873],[-87.2478,18.6859],[-87.2458,18.6851],[-87.2453,18.6835],[-87.2453,18.6819],[-87.2459,18.6801],[-87.2464,18.6788],[-87.2473,18.6777],[-87.2472,18.6764],[-87.2466,18.6748],[-87.2464,18.6728],[-87.2466,18.671],[-87.2474,18.6692],[-87.2478,18.668],[-87.248,18.6663],[-87.2477,18.6643],[-87.2478,18.6609],[-87.2479,18.6593],[-87.248,18.657],[-87.248,18.6538],[-87.2472,18.651],[-87.247,18.6499],[-87.2479,18.6488],[-87.2474,18.6453],[-87.2485,18.644],[-87.2498,18.6426],[-87.2509,18.6413],[-87.2498,18.6394],[-87.2503,18.6378],[-87.2514,18.6359],[-87.2534,18.6333],[-87.2548,18.6307],[-87.2567,18.6277],[-87.2578,18.6253],[-87.2594,18.6228],[-87.2626,18.619],[-87.2645,18.6188],[-87.266,18.6192],[-87.2669,18.6206],[-87.2676,18.6228],[-87.2664,18.6238],[-87.2655,18.6249],[-87.2647,18.6263],[-87.2642,18.6281],[-87.2633,18.6297],[-87.2623,18.6315],[-87.2617,18.6342],[-87.2609,18.6363],[-87.2601,18.6375],[-87.2591,18.6393],[-87.2578,18.6412],[-87.2571,18.6429],[-87.2571,18.6459],[-87.2568,18.6478],[-87.2566,18.6502],[-87.2565,18.6533],[-87.2558,18.6557],[-87.255,18.6571],[-87.2551,18.6591],[-87.2549,18.6608],[-87.2538,18.6621],[-87.253,18.6641],[-87.2527,18.6674],[-87.2535,18.673],[-87.2544,18.6748],[-87.256,18.6767],[-87.2582,18.6791],[-87.2595,18.6825],[-87.2593,18.6851],[-87.2588,18.6866],[-87.2596,18.6879],[-87.2608,18.69],[-87.2611,18.6918],[-87.2619,18.6942],[-87.2636,18.6965],[-87.2651,18.699],[-87.2665,18.7004],[-87.2667,18.7021],[-87.2674,18.704],[-87.268,18.7064],[-87.2692,18.7096],[-87.2711,18.7144],[-87.2709,18.7162],[-87.271,18.7179],[-87.2717,18.7203],[-87.2721,18.7224],[-87.2738,18.7239],[-87.2749,18.7261],[-87.276,18.7278],[-87.2761,18.7296],[-87.2767,18.7313],[-87.2776,18.7339],[-87.2786,18.7357],[-87.2789,18.7379],[-87.2778,18.7384],[-87.2771,18.7389],[-87.2761,18.7387],[-87.275,18.7389],[-87.2738,18.7394]]],[[[-87.2797,18.7408],[-87.2802,18.74],[-87.2805,18.7407],[-87.2809,18.7419],[-87.2812,18.743],[-87.2807,18.7436],[-87.2802,18.7434],[-87.2799,18.7428],[-87.2796,18.7422],[-87.2794,18.7417],[-87.2797,18.7408]]],[[[-87.3779,18.7393],[-87.3788,18.7384],[-87.3797,18.7387],[-87.3802,18.7396],[-87.3803,18.7402],[-87.38,18.7412],[-87.3792,18.7428],[-87.3788,18.7435],[-87.3782,18.7442],[-87.3779,18.7453],[-87.378,18.746],[-87.3771,18.7476],[-87.3764,18.7495],[-87.3755,18.7507],[-87.3744,18.7518],[-87.3734,18.7526],[-87.3724,18.753],[-87.3719,18.7526],[-87.3715,18.7519],[-87.3714,18.7512],[-87.3719,18.7497],[-87.3719,18.7488],[-87.3721,18.748],[-87.3729,18.747],[-87.3733,18.7462],[-87.3738,18.7447],[-87.3736,18.7436],[-87.374,18.7427],[-87.3745,18.7416],[-87.3756,18.7411],[-87.3766,18.74],[-87.3779,18.7393]]],[[[-87.3158,18.7456],[-87.3166,18.7452],[-87.3173,18.7459],[-87.318,18.7469],[-87.3182,18.7479],[-87.3178,18.7484],[-87.3171,18.7484],[-87.3162,18.7481],[-87.3157,18.7473],[-87.3152,18.7471],[-87.3152,18.746],[-87.3158,18.7456]]],[[[-87.2991,18.751],[-87.299,18.7509],[-87.299,18.7509],[-87.2989,18.7509],[-87.2989,18.7508],[-87.2989,18.7508],[-87.2988,18.7507],[-87.2987,18.7507],[-87.2987,18.7507],[-87.2986,18.7506],[-87.2986,18.7505],[-87.2986,18.7504],[-87.2985,18.7504],[-87.2985,18.7504],[-87.2985,18.7503],[-87.2986,18.7503],[-87.2986,18.7503],[-87.2986,18.7502],[-87.2985,18.7502],[-87.2985,18.7502],[-87.2985,18.7501],[-87.2985,18.75],[-87.2985,18.75],[-87.2985,18.7499],[-87.2985,18.7499],[-87.2985,18.7499],[-87.2985,18.7499],[-87.2985,18.7498],[-87.2985,18.7498],[-87.2985,18.7497],[-87.2986,18.7496],[-87.2986,18.7496],[-87.2985,18.7496],[-87.2985,18.7495],[-87.2985,18.7494],[-87.2984,18.7494],[-87.2984,18.7493],[-87.2984,18.7493],[-87.2984,18.7493],[-87.2984,18.7492],[-87.2984,18.7492],[-87.2983,18.7492],[-87.2983,18.7492],[-87.2983,18.7492],[-87.2983,18.7491],[-87.2983,18.7491],[-87.2983,18.7491],[-87.2983,18.7491],[-87.2984,18.7491],[-87.2984,18.749],[-87.2984,18.749],[-87.2984,18.749],[-87.2983,18.749],[-87.2983,18.7489],[-87.2983,18.7489],[-87.2983,18.7489],[-87.2983,18.7488],[-87.2982,18.7488],[-87.2982,18.7488],[-87.2982,18.7488],[-87.2982,18.7487],[-87.2982,18.7487],[-87.2982,18.7486],[-87.2982,18.7486],[-87.2983,18.7486],[-87.2983,18.7486],[-87.2983,18.7486],[-87.2983,18.7485],[-87.2984,18.7485],[-87.2984,18.7485],[-87.2984,18.7484],[-87.2983,18.7484],[-87.2983,18.7483],[-87.2983,18.7483],[-87.2983,18.7483],[-87.2984,18.7482],[-87.2984,18.7482],[-87.2985,18.7482],[-87.2985,18.7482],[-87.2985,18.7481],[-87.2985,18.7481],[-87.2985,18.7481],[-87.2985,18.7481],[-87.2986,18.7481],[-87.2986,18.7481],[-87.2986,18.7481],[-87.2987,18.7481],[-87.2987,18.7481],[-87.2987,18.7481],[-87.2988,18.7481],[-87.2988,18.7481],[-87.2988,18.7481],[-87.2988,18.7481],[-87.2989,18.7481],[-87.2989,18.748],[-87.299,18.748],[-87.2991,18.7481],[-87.2991,18.7481],[-87.2992,18.7481],[-87.2992,18.7481],[-87.2993,18.7481],[-87.2993,18.7481],[-87.2993,18.748],[-87.2993,18.748],[-87.2994,18.748],[-87.2994,18.748],[-87.2994,18.748],[-87.2994,18.748],[-87.2995,18.7479],[-87.2996,18.7479],[-87.2996,18.748],[-87.2997,18.748],[-87.2997,18.748],[-87.2997,18.748],[-87.2997,18.748],[-87.2998,18.748],[-87.2998,18.748],[-87.2998,18.748],[-87.2998,18.7479],[-87.2998,18.7479],[-87.2998,18.7478],[-87.2998,18.7478],[-87.2998,18.7478],[-87.2999,18.7478],[-87.2999,18.7478],[-87.3,18.7478],[-87.3,18.7478],[-87.3001,18.7478],[-87.3001,18.7478],[-87.3002,18.7478],[-87.3002,18.7478],[-87.3002,18.7477],[-87.3003,18.7477],[-87.3004,18.7477],[-87.3004,18.7477],[-87.3005,18.7478],[-87.3006,18.7478],[-87.3006,18.7479],[-87.3006,18.7479],[-87.3006,18.7479],[-87.3007,18.7479],[-87.3007,18.7479],[-87.3007,18.7479],[-87.3007,18.748],[-87.3008,18.748],[-87.3008,18.748],[-87.3008,18.748],[-87.3009,18.748],[-87.3009,18.748],[-87.301,18.748],[-87.301,18.748],[-87.301,18.748],[-87.301,18.748],[-87.3011,18.748],[-87.3011,18.748],[-87.3011,18.748],[-87.3011,18.748],[-87.3012,18.748],[-87.3012,18.748],[-87.3012,18.748],[-87.3012,18.748],[-87.3012,18.7479],[-87.3013,18.7479],[-87.3013,18.7479],[-87.3013,18.7479],[-87.3014,18.7479],[-87.3014,18.7479],[-87.3014,18.7479],[-87.3015,18.7479],[-87.3015,18.7479],[-87.3015,18.7479],[-87.3015,18.7478],[-87.3015,18.7478],[-87.3016,18.7478],[-87.3016,18.7478],[-87.3016,18.7478],[-87.3016,18.7477],[-87.3016,18.7477],[-87.3017,18.7477],[-87.3017,18.7477],[-87.3017,18.7476],[-87.3017,18.7476],[-87.3017,18.7476],[-87.3017,18.7476],[-87.3017,18.7476],[-87.3017,18.7476],[-87.3017,18.7475],[-87.3017,18.7475],[-87.3017,18.7475],[-87.3017,18.7475],[-87.3017,18.7475],[-87.3017,18.7474],[-87.3017,18.7474],[-87.3017,18.7474],[-87.3017,18.7474],[-87.3017,18.7474],[-87.3017,18.7473],[-87.3016,18.7473],[-87.3016,18.7473],[-87.3016,18.7473],[-87.3016,18.7473],[-87.3016,18.7473],[-87.3016,18.7472],[-87.3016,18.7472],[-87.3015,18.7472],[-87.3015,18.7472],[-87.3015,18.7471],[-87.3015,18.7471],[-87.3015,18.7471],[-87.3015,18.747],[-87.3015,18.747],[-87.3015,18.747],[-87.3015,18.747],[-87.3015,18.7469],[-87.3015,18.7469],[-87.3015,18.7469],[-87.3015,18.7469],[-87.3015,18.7468],[-87.3016,18.7468],[-87.3016,18.7468],[-87.3016,18.7468],[-87.3016,18.7468],[-87.3015,18.7467],[-87.3015,18.7467],[-87.3015,18.7467],[-87.3015,18.7467],[-87.3015,18.7467],[-87.3014,18.7467],[-87.3014,18.7467],[-87.3014,18.7467],[-87.3014,18.7466],[-87.3014,18.7466],[-87.3014,18.7466],[-87.3013,18.7465],[-87.3013,18.7465],[-87.3014,18.7464],[-87.3014,18.7464],[-87.3014,18.7464],[-87.3014,18.7464],[-87.3014,18.7463],[-87.3015,18.7463],[-87.3015,18.7463],[-87.3015,18.7463],[-87.3014,18.7463],[-87.3014,18.7463],[-87.3014,18.7463],[-87.3013,18.7463],[-87.3013,18.7463],[-87.3012,18.7463],[-87.3012,18.7462],[-87.3012,18.7462],[-87.3012,18.7462],[-87.3012,18.7462],[-87.3012,18.7462],[-87.3012,18.7463],[-87.3011,18.7463],[-87.3011,18.7463],[-87.3011,18.7463],[-87.301,18.7463],[-87.301,18.7463],[-87.301,18.7463],[-87.301,18.7464],[-87.3009,18.7464],[-87.3009,18.7463],[-87.3008,18.7464],[-87.3008,18.7464],[-87.3008,18.7464],[-87.3007,18.7464],[-87.3007,18.7464],[-87.3007,18.7464],[-87.3006,18.7464],[-87.3006,18.7464],[-87.3006,18.7464],[-87.3006,18.7463],[-87.3006,18.7463],[-87.3005,18.7463],[-87.3005,18.7463],[-87.3005,18.7462],[-87.3005,18.7462],[-87.3005,18.7462],[-87.3006,18.7461],[-87.3005,18.7461],[-87.3005,18.7461],[-87.3005,18.7461],[-87.3005,18.746],[-87.3005,18.746],[-87.3005,18.746],[-87.3006,18.746],[-87.3006,18.7459],[-87.3006,18.7459],[-87.3006,18.7459],[-87.3006,18.7459],[-87.3006,18.7458],[-87.3006,18.7458],[-87.3006,18.7457],[-87.3007,18.7457],[-87.3007,18.7457],[-87.3007,18.7456],[-87.3008,18.7456],[-87.3008,18.7456],[-87.3008,18.7455],[-87.3008,18.7455],[-87.3009,18.7455],[-87.3009,18.7455],[-87.301,18.7454],[-87.301,18.7454],[-87.301,18.7454],[-87.3011,18.7454],[-87.3011,18.7454],[-87.3011,18.7454],[-87.3011,18.7453],[-87.3012,18.7453],[-87.3012,18.7453],[-87.3013,18.7453],[-87.3013,18.7453],[-87.3014,18.7453],[-87.3014,18.7453],[-87.3015,18.7453],[-87.3015,18.7452],[-87.3016,18.7452],[-87.3016,18.7452],[-87.3016,18.7452],[-87.3016,18.7452],[-87.3017,18.7452],[-87.3017,18.7452],[-87.3017,18.7451],[-87.3017,18.7451],[-87.3017,18.7451],[-87.3018,18.7451],[-87.3018,18.7451],[-87.3018,18.7451],[-87.3019,18.7451],[-87.3019,18.7451],[-87.3019,18.7451],[-87.3019,18.7451],[-87.302,18.7451],[-87.302,18.7451],[-87.302,18.7451],[-87.302,18.7451],[-87.3021,18.7451],[-87.3021,18.7451],[-87.3022,18.7451],[-87.3022,18.745],[-87.3022,18.745],[-87.3022,18.745],[-87.3022,18.745],[-87.3023,18.745],[-87.3023,18.745],[-87.3023,18.745],[-87.3024,18.745],[-87.3025,18.745],[-87.3025,18.7449],[-87.3025,18.7449],[-87.3026,18.7449],[-87.3027,18.7449],[-87.3028,18.7449],[-87.3028,18.7449],[-87.3029,18.7449],[-87.3029,18.745],[-87.3029,18.745],[-87.303,18.7449],[-87.303,18.7449],[-87.303,18.7449],[-87.303,18.7449],[-87.303,18.7449],[-87.3031,18.7449],[-87.3031,18.7449],[-87.3031,18.7448],[-87.3031,18.7448],[-87.3032,18.7448],[-87.3032,18.7448],[-87.3032,18.7448],[-87.3033,18.7448],[-87.3033,18.7448],[-87.3033,18.7448],[-87.3034,18.7448],[-87.3034,18.7448],[-87.3034,18.7448],[-87.3035,18.7448],[-87.3035,18.7449],[-87.3035,18.7449],[-87.3035,18.745],[-87.3035,18.745],[-87.3035,18.745],[-87.3035,18.745],[-87.3036,18.745],[-87.3036,18.7451],[-87.3035,18.7451],[-87.3035,18.7451],[-87.3035,18.7451],[-87.3035,18.7451],[-87.3035,18.7452],[-87.3035,18.7452],[-87.3035,18.7452],[-87.3034,18.7453],[-87.3034,18.7453],[-87.3034,18.7453],[-87.3034,18.7453],[-87.3035,18.7453],[-87.3035,18.7453],[-87.3035,18.7453],[-87.3035,18.7453],[-87.3035,18.7454],[-87.3036,18.7455],[-87.3036,18.7455],[-87.3036,18.7455],[-87.3036,18.7456],[-87.3037,18.7456],[-87.3037,18.7456],[-87.3037,18.7456],[-87.3037,18.7457],[-87.3037,18.7458],[-87.3038,18.7458],[-87.3038,18.7458],[-87.3038,18.7458],[-87.3038,18.7459],[-87.3038,18.7459],[-87.3038,18.7459],[-87.3038,18.746],[-87.3038,18.746],[-87.3038,18.746],[-87.3038,18.746],[-87.3038,18.7461],[-87.3038,18.7461],[-87.3038,18.7461],[-87.3038,18.7462],[-87.3038,18.7462],[-87.3038,18.7462],[-87.3038,18.7462],[-87.3038,18.7463],[-87.3038,18.7463],[-87.3038,18.7463],[-87.3038,18.7464],[-87.3038,18.7464],[-87.3038,18.7465],[-87.3038,18.7465],[-87.3038,18.7465],[-87.3038,18.7465],[-87.3038,18.7466],[-87.3038,18.7466],[-87.3038,18.7466],[-87.3037,18.7466],[-87.3037,18.7466],[-87.3037,18.7467],[-87.3037,18.7467],[-87.3038,18.7467],[-87.3038,18.7467],[-87.3037,18.7467],[-87.3037,18.7467],[-87.3037,18.7468],[-87.3037,18.7468],[-87.3037,18.7468],[-87.3037,18.7468],[-87.3037,18.7469],[-87.3037,18.7469],[-87.3037,18.7469],[-87.3038,18.7469],[-87.3038,18.7469],[-87.3038,18.747],[-87.3038,18.747],[-87.3038,18.747],[-87.3038,18.747],[-87.3038,18.747],[-87.3038,18.747],[-87.3038,18.7469],[-87.3038,18.7469],[-87.3038,18.7469],[-87.3038,18.7469],[-87.3039,18.747],[-87.3039,18.747],[-87.3039,18.747],[-87.3039,18.747],[-87.3039,18.7471],[-87.3039,18.7471],[-87.3039,18.7471],[-87.3039,18.7472],[-87.3039,18.7472],[-87.3039,18.7472],[-87.3038,18.7472],[-87.3038,18.7472],[-87.3038,18.7472],[-87.3038,18.7472],[-87.3038,18.7472],[-87.3038,18.7473],[-87.3038,18.7473],[-87.3038,18.7473],[-87.3038,18.7474],[-87.3038,18.7474],[-87.3038,18.7474],[-87.3037,18.7474],[-87.3037,18.7474],[-87.3037,18.7474],[-87.3036,18.7473],[-87.3036,18.7473],[-87.3036,18.7473],[-87.3036,18.7474],[-87.3036,18.7474],[-87.3037,18.7475],[-87.3037,18.7475],[-87.3036,18.7476],[-87.3036,18.7476],[-87.3035,18.7476],[-87.3035,18.7477],[-87.3035,18.7477],[-87.3035,18.7477],[-87.3036,18.7478],[-87.3036,18.7478],[-87.3036,18.7479],[-87.3036,18.7479],[-87.3037,18.748],[-87.3036,18.748],[-87.3036,18.748],[-87.3036,18.748],[-87.3036,18.748],[-87.3036,18.7481],[-87.3036,18.7481],[-87.3036,18.7481],[-87.3035,18.7482],[-87.3035,18.7482],[-87.3035,18.7483],[-87.3035,18.7483],[-87.3035,18.7484],[-87.3034,18.7484],[-87.3034,18.7485],[-87.3034,18.7486],[-87.3034,18.7486],[-87.3034,18.7486],[-87.3034,18.7487],[-87.3034,18.7487],[-87.3033,18.7487],[-87.3033,18.7488],[-87.3033,18.7488],[-87.3033,18.7489],[-87.3032,18.7489],[-87.3032,18.7489],[-87.3032,18.7489],[-87.3032,18.749],[-87.3032,18.749],[-87.3032,18.7491],[-87.3031,18.7491],[-87.3031,18.7491],[-87.3031,18.7491],[-87.3032,18.7491],[-87.3032,18.7491],[-87.3032,18.7491],[-87.3032,18.7492],[-87.3032,18.7492],[-87.3032,18.7492],[-87.3031,18.7492],[-87.3031,18.7492],[-87.3032,18.7493],[-87.3031,18.7494],[-87.3031,18.7494],[-87.3031,18.7495],[-87.3031,18.7496],[-87.303,18.7496],[-87.303,18.7497],[-87.303,18.7498],[-87.3029,18.7498],[-87.3029,18.7499],[-87.3028,18.75],[-87.3028,18.75],[-87.3027,18.7501],[-87.3027,18.7502],[-87.3026,18.7503],[-87.3025,18.7504],[-87.3024,18.7505],[-87.3023,18.7506],[-87.3022,18.7507],[-87.3021,18.7508],[-87.302,18.7509],[-87.3019,18.7509],[-87.3018,18.751],[-87.3014,18.7512],[-87.3012,18.7513],[-87.301,18.7514],[-87.3007,18.7514],[-87.3005,18.7515],[-87.3003,18.7515],[-87.3,18.7515],[-87.2998,18.7514],[-87.2995,18.7514],[-87.2994,18.7513],[-87.2993,18.7512],[-87.2991,18.751]]],[[[-87.3197,18.7532],[-87.3204,18.7532],[-87.3212,18.7535],[-87.3218,18.754],[-87.3215,18.7547],[-87.3208,18.7552],[-87.3203,18.7559],[-87.3196,18.7553],[-87.3195,18.7546],[-87.3192,18.754],[-87.319,18.7533],[-87.3197,18.7532]]],[[[-87.289,18.7517],[-87.2896,18.7515],[-87.2902,18.7519],[-87.2905,18.7528],[-87.2906,18.7535],[-87.2904,18.7541],[-87.2898,18.7545],[-87.289,18.7544],[-87.2892,18.7536],[-87.2893,18.7531],[-87.289,18.7523],[-87.289,18.7517]]],[[[-87.3203,18.759],[-87.321,18.7586],[-87.3219,18.7589],[-87.3218,18.7597],[-87.3217,18.7607],[-87.3217,18.7616],[-87.3216,18.7625],[-87.3211,18.7624],[-87.3204,18.7622],[-87.3203,18.7616],[-87.3202,18.7607],[-87.3203,18.7599],[-87.3203,18.759]]],[[[-87.3285,18.754],[-87.3298,18.7534],[-87.3304,18.7537],[-87.3304,18.7547],[-87.3306,18.7558],[-87.3308,18.7572],[-87.3311,18.7577],[-87.3318,18.7586],[-87.3312,18.7596],[-87.3307,18.7606],[-87.3299,18.7617],[-87.3296,18.7627],[-87.329,18.7639],[-87.328,18.7648],[-87.3267,18.765],[-87.3261,18.7638],[-87.3254,18.7629],[-87.325,18.7617],[-87.3255,18.7602],[-87.3262,18.7584],[-87.3262,18.7569],[-87.3266,18.7557],[-87.3272,18.7548],[-87.3285,18.754]]],[[[-87.3566,18.7656],[-87.3575,18.7649],[-87.3581,18.7655],[-87.358,18.7661],[-87.3578,18.7668],[-87.357,18.7675],[-87.3563,18.7687],[-87.3557,18.7695],[-87.3553,18.7701],[-87.3548,18.7703],[-87.3543,18.7705],[-87.3535,18.77],[-87.3534,18.769],[-87.3541,18.7676],[-87.3546,18.7667],[-87.3554,18.7667],[-87.3561,18.7665],[-87.3564,18.7662],[-87.3566,18.7656]]],[[[-87.3605,18.7699],[-87.3615,18.7698],[-87.3616,18.7706],[-87.3611,18.772],[-87.3602,18.7728],[-87.3592,18.7737],[-87.3584,18.7741],[-87.3573,18.774],[-87.3567,18.7735],[-87.3566,18.7729],[-87.3568,18.7725],[-87.3573,18.7722],[-87.358,18.7713],[-87.3588,18.7709],[-87.3596,18.7702],[-87.3605,18.7699]]],[[[-87.3175,18.7667],[-87.3184,18.7665],[-87.3193,18.7666],[-87.3196,18.7671],[-87.32,18.768],[-87.3201,18.7693],[-87.3201,18.7702],[-87.3196,18.7703],[-87.3188,18.7703],[-87.3181,18.7701],[-87.3178,18.7695],[-87.3175,18.7683],[-87.3171,18.768],[-87.3171,18.7672],[-87.3175,18.7667]]],[[[-87.3452,18.7793],[-87.3463,18.7783],[-87.3476,18.7786],[-87.3491,18.778],[-87.3494,18.7787],[-87.349,18.7794],[-87.3484,18.7811],[-87.3478,18.782],[-87.3463,18.7829],[-87.3446,18.784],[-87.3434,18.7844],[-87.3417,18.7854],[-87.3402,18.7862],[-87.3391,18.7861],[-87.339,18.7852],[-87.3395,18.7841],[-87.3405,18.783],[-87.342,18.7823],[-87.3421,18.7813],[-87.3424,18.7802],[-87.3433,18.7801],[-87.344,18.7797],[-87.3452,18.7793]]],[[[-87.6483,18.9765],[-87.6178,18.9626],[-87.6142,18.9625],[-87.6143,18.9624],[-87.6143,18.962],[-87.6144,18.9618],[-87.6144,18.9616],[-87.6147,18.9611],[-87.6147,18.9607],[-87.6148,18.9604],[-87.615,18.9599],[-87.615,18.9596],[-87.6152,18.9592],[-87.6152,18.9588],[-87.6154,18.9577],[-87.6155,18.9575],[-87.6156,18.9571],[-87.6157,18.9565],[-87.6157,18.9562],[-87.6158,18.9558],[-87.6159,18.9554],[-87.6161,18.9547],[-87.6163,18.9544],[-87.6163,18.9541],[-87.6164,18.9538],[-87.6147,18.9534],[-87.6146,18.9534],[-87.6143,18.9541],[-87.6138,18.9539],[-87.614,18.9532],[-87.6144,18.9533],[-87.6146,18.9534],[-87.6154,18.9535],[-87.6164,18.9538],[-87.6164,18.9534],[-87.6164,18.953],[-87.6165,18.9528],[-87.6166,18.9524],[-87.6167,18.9519],[-87.6168,18.9515],[-87.6169,18.9511],[-87.617,18.9509],[-87.6171,18.9506],[-87.6172,18.9504],[-87.6172,18.9504],[-87.6179,18.9494],[-87.6184,18.949],[-87.6188,18.9488],[-87.62,18.9482],[-87.6209,18.9478],[-87.621,18.9477],[-87.6211,18.9476],[-87.6215,18.9473],[-87.622,18.9469],[-87.6223,18.9467],[-87.6224,18.9467],[-87.623,18.9461],[-87.623,18.946],[-87.623,18.946],[-87.6231,18.9458],[-87.6232,18.9457],[-87.6232,18.9457],[-87.6236,18.9454],[-87.6238,18.9454],[-87.6244,18.9448],[-87.6249,18.944],[-87.6252,18.9436],[-87.6254,18.9434],[-87.6256,18.9432],[-87.6261,18.9424],[-87.6271,18.9404],[-87.6274,18.9397],[-87.6278,18.9385],[-87.6283,18.9369],[-87.6285,18.9358],[-87.6287,18.9351],[-87.629,18.9346],[-87.6292,18.9338],[-87.6292,18.9328],[-87.6295,18.9313],[-87.6297,18.9308],[-87.6301,18.93],[-87.6303,18.9296],[-87.6305,18.9293],[-87.6307,18.9286],[-87.6307,18.9284],[-87.6308,18.9281],[-87.6311,18.9274],[-87.6312,18.9271],[-87.6315,18.9264],[-87.6316,18.9259],[-87.6317,18.9248],[-87.6318,18.9246],[-87.632,18.9236],[-87.632,18.9232],[-87.6322,18.9227],[-87.6322,18.9226],[-87.6323,18.9223],[-87.6322,18.9215],[-87.6323,18.9197],[-87.6322,18.9159],[-87.6323,18.9156],[-87.6325,18.9152],[-87.6323,18.9138],[-87.6322,18.9131],[-87.632,18.9121],[-87.632,18.9101],[-87.632,18.9099],[-87.632,18.9097],[-87.6318,18.9089],[-87.6316,18.9079],[-87.6315,18.9075],[-87.6315,18.9073],[-87.6314,18.9066],[-87.6314,18.9065],[-87.6313,18.9062],[-87.6313,18.9057],[-87.6313,18.9053],[-87.6313,18.9049],[-87.6313,18.9047],[-87.6313,18.9047],[-87.6314,18.9041],[-87.6314,18.9038],[-87.6313,18.9036],[-87.6315,18.903],[-87.6315,18.903],[-87.6316,18.9029],[-87.6316,18.9029],[-87.6318,18.9027],[-87.6319,18.9026],[-87.632,18.9023],[-87.6321,18.9019],[-87.6326,18.9008],[-87.6328,18.9006],[-87.6329,18.9002],[-87.6331,18.8999],[-87.633,18.8996],[-87.633,18.8994],[-87.6331,18.8993],[-87.6332,18.8991],[-87.6332,18.8991],[-87.6333,18.8987],[-87.6334,18.8983],[-87.6337,18.8979],[-87.6337,18.8978],[-87.6339,18.8977],[-87.634,18.8977],[-87.6342,18.8975],[-87.6346,18.8973],[-87.6347,18.8972],[-87.6349,18.897],[-87.635,18.8968],[-87.6351,18.8967],[-87.6351,18.8967],[-87.6357,18.8965],[-87.6361,18.8963],[-87.6363,18.8962],[-87.6369,18.896],[-87.637,18.8959],[-87.637,18.8959],[-87.637,18.8959],[-87.6371,18.8958],[-87.6371,18.8958],[-87.6372,18.8957],[-87.6373,18.8957],[-87.6374,18.8956],[-87.6375,18.8955],[-87.6376,18.8954],[-87.6378,18.8952],[-87.638,18.895],[-87.6383,18.8944],[-87.6383,18.8942],[-87.6384,18.8941],[-87.6384,18.894],[-87.6385,18.8938],[-87.6387,18.8937],[-87.639,18.8932],[-87.6391,18.893],[-87.6394,18.8928],[-87.6395,18.8924],[-87.6396,18.892],[-87.6398,18.8918],[-87.6399,18.8914],[-87.64,18.8911],[-87.6403,18.8905],[-87.6403,18.8902],[-87.6405,18.8899],[-87.6406,18.8897],[-87.6406,18.8894],[-87.6409,18.8878],[-87.6413,18.8863],[-87.6418,18.8852],[-87.6418,18.8851],[-87.6418,18.8851],[-87.642,18.8845],[-87.642,18.8843],[-87.6419,18.883],[-87.6418,18.8821],[-87.6418,18.8814],[-87.642,18.8802],[-87.6421,18.879],[-87.6423,18.8782],[-87.6424,18.8777],[-87.6424,18.8775],[-87.6424,18.8768],[-87.6425,18.8766],[-87.6425,18.8764],[-87.6425,18.8759],[-87.6424,18.8756],[-87.6424,18.8753],[-87.6424,18.8752],[-87.6423,18.8747],[-87.6423,18.8742],[-87.6423,18.8742],[-87.6422,18.8734],[-87.642,18.8726],[-87.6419,18.8723],[-87.6417,18.8717],[-87.6415,18.8711],[-87.6413,18.8707],[-87.6412,18.8704],[-87.6409,18.8692],[-87.6408,18.8685],[-87.6408,18.8666],[-87.6408,18.8663],[-87.641,18.8653],[-87.6412,18.8648],[-87.6413,18.8645],[-87.6413,18.8642],[-87.6417,18.8616],[-87.642,18.861],[-87.6424,18.8596],[-87.6425,18.8594],[-87.6425,18.8593],[-87.6426,18.8592],[-87.6426,18.8591],[-87.6427,18.8588],[-87.6428,18.8586],[-87.6429,18.8585],[-87.6431,18.8581],[-87.6433,18.8574],[-87.6436,18.8569],[-87.6436,18.8568],[-87.6439,18.8564],[-87.6444,18.8564],[-87.6444,18.8564],[-87.6453,18.8561],[-87.6453,18.8561],[-87.6453,18.8561],[-87.6459,18.8557],[-87.6463,18.8554],[-87.6467,18.8554],[-87.6468,18.8553],[-87.6471,18.8549],[-87.6473,18.8548],[-87.6482,18.8536],[-87.6482,18.8536],[-87.6486,18.8533],[-87.6487,18.8531],[-87.6487,18.853],[-87.6488,18.8529],[-87.6489,18.8527],[-87.649,18.8526],[-87.649,18.8525],[-87.6491,18.8523],[-87.6492,18.852],[-87.6492,18.852],[-87.6496,18.8514],[-87.6498,18.8512],[-87.6498,18.8511],[-87.6499,18.851],[-87.65,18.8509],[-87.6501,18.8508],[-87.6501,18.8508],[-87.6502,18.8507],[-87.6504,18.8505],[-87.6507,18.8502],[-87.6509,18.8499],[-87.6514,18.8493],[-87.652,18.8485],[-87.6524,18.8479],[-87.6528,18.8476],[-87.653,18.8475],[-87.653,18.8475],[-87.6533,18.8473],[-87.6533,18.8473],[-87.6539,18.8463],[-87.6541,18.8451],[-87.6543,18.844],[-87.6543,18.8432],[-87.6543,18.8424],[-87.654,18.8416],[-87.6537,18.8411],[-87.6535,18.8404],[-87.6537,18.8399],[-87.6539,18.8394],[-87.6547,18.8387],[-87.655,18.8386],[-87.656,18.8384],[-87.656,18.8384],[-87.6563,18.8382],[-87.6565,18.8382],[-87.6565,18.8381],[-87.6569,18.8379],[-87.6573,18.8376],[-87.6577,18.837],[-87.6577,18.8369],[-87.6578,18.8356],[-87.6578,18.8347],[-87.6578,18.8345],[-87.6578,18.8345],[-87.6577,18.8343],[-87.6577,18.8341],[-87.6579,18.8337],[-87.6579,18.8336],[-87.6579,18.8334],[-87.6579,18.8331],[-87.6579,18.8329],[-87.6578,18.8327],[-87.6578,18.8322],[-87.6579,18.832],[-87.6581,18.8318],[-87.6585,18.8317],[-87.6586,18.8317],[-87.6592,18.8314],[-87.6598,18.831],[-87.6603,18.8307],[-87.6604,18.8307],[-87.6604,18.8306],[-87.6607,18.8304],[-87.6608,18.8302],[-87.6609,18.8301],[-87.6614,18.8293],[-87.6614,18.8292],[-87.6606,18.8289],[-87.6606,18.8289],[-87.6606,18.8289],[-87.6606,18.8288],[-87.6607,18.8288],[-87.6607,18.8289],[-87.6614,18.8292],[-87.662,18.8287],[-87.6621,18.8284],[-87.6626,18.8278],[-87.6631,18.8265],[-87.6634,18.8246],[-87.6635,18.8222],[-87.6633,18.8205],[-87.663,18.8195],[-87.6628,18.819],[-87.6625,18.818],[-87.6625,18.817],[-87.6628,18.8161],[-87.6636,18.8148],[-87.6637,18.8146],[-87.6641,18.8141],[-87.6643,18.8138],[-87.6649,18.813],[-87.6651,18.8127],[-87.6655,18.8123],[-87.666,18.8117],[-87.6665,18.8107],[-87.6668,18.8089],[-87.6669,18.8076],[-87.6676,18.8065],[-87.6678,18.8049],[-87.668,18.8046],[-87.6684,18.8035],[-87.6689,18.802],[-87.6689,18.8018],[-87.6689,18.8018],[-87.669,18.801],[-87.669,18.8008],[-87.669,18.8005],[-87.669,18.8],[-87.6691,18.7993],[-87.669,18.7986],[-87.669,18.7984],[-87.6691,18.7981],[-87.6691,18.798],[-87.669,18.7972],[-87.6687,18.7959],[-87.6682,18.7952],[-87.6681,18.7945],[-87.668,18.7933],[-87.6679,18.7928],[-87.6677,18.7917],[-87.6677,18.7906],[-87.6676,18.7903],[-87.6676,18.7893],[-87.6674,18.7887],[-87.6676,18.7882],[-87.6676,18.7874],[-87.6678,18.787],[-87.6679,18.7866],[-87.6683,18.786],[-87.6685,18.7858],[-87.6688,18.7849],[-87.6694,18.7837],[-87.6692,18.7832],[-87.669,18.7826],[-87.6689,18.7821],[-87.6691,18.7818],[-87.6691,18.7812],[-87.6692,18.7809],[-87.6695,18.7805],[-87.6701,18.7797],[-87.6702,18.7794],[-87.6704,18.7787],[-87.6705,18.7782],[-87.6705,18.7781],[-87.6705,18.7776],[-87.6711,18.7772],[-87.6714,18.7759],[-87.6713,18.7748],[-87.6709,18.7743],[-87.6705,18.7739],[-87.67,18.7736],[-87.6695,18.773],[-87.6686,18.7717],[-87.6682,18.7709],[-87.6682,18.7699],[-87.6684,18.7694],[-87.6689,18.7685],[-87.669,18.7678],[-87.6691,18.7673],[-87.6692,18.7666],[-87.6692,18.766],[-87.669,18.7654],[-87.6694,18.7649],[-87.6696,18.7645],[-87.6696,18.7639],[-87.6693,18.7634],[-87.6695,18.7631],[-87.6696,18.7629],[-87.6698,18.7627],[-87.6701,18.7626],[-87.6701,18.7626],[-87.6702,18.7625],[-87.6703,18.7621],[-87.6704,18.7617],[-87.6705,18.7612],[-87.6707,18.7609],[-87.6707,18.7608],[-87.6708,18.7605],[-87.6709,18.7598],[-87.671,18.7598],[-87.671,18.7597],[-87.6711,18.7596],[-87.6711,18.7596],[-87.6713,18.7591],[-87.6714,18.7591],[-87.6714,18.7589],[-87.6716,18.7585],[-87.672,18.7573],[-87.6721,18.7566],[-87.6722,18.7562],[-87.6727,18.7554],[-87.6732,18.7547],[-87.6734,18.7539],[-87.6735,18.7538],[-87.6737,18.753],[-87.6738,18.7526],[-87.6741,18.7521],[-87.6743,18.7519],[-87.6747,18.7512],[-87.675,18.7507],[-87.675,18.7506],[-87.6751,18.7504],[-87.6755,18.7497],[-87.6757,18.7495],[-87.6759,18.7492],[-87.676,18.749],[-87.6764,18.7482],[-87.6765,18.7481],[-87.6766,18.7479],[-87.6771,18.7473],[-87.6771,18.7472],[-87.6772,18.7471],[-87.6776,18.7468],[-87.6777,18.7467],[-87.6777,18.7466],[-87.678,18.7462],[-87.6782,18.746],[-87.6786,18.7454],[-87.6788,18.7452],[-87.6789,18.745],[-87.679,18.7448],[-87.679,18.7447],[-87.6794,18.7443],[-87.6799,18.7439],[-87.68,18.7439],[-87.68,18.7438],[-87.6802,18.7436],[-87.6803,18.7434],[-87.6804,18.743],[-87.6806,18.7427],[-87.6807,18.7426],[-87.6807,18.7426],[-87.6808,18.7424],[-87.681,18.7423],[-87.681,18.7422],[-87.6811,18.7421],[-87.681,18.7421],[-87.6811,18.742],[-87.6811,18.7419],[-87.6811,18.7419],[-87.6813,18.7418],[-87.6814,18.7418],[-87.6817,18.7418],[-87.6817,18.7418],[-87.6817,18.7418],[-87.682,18.7417],[-87.6821,18.7418],[-87.6823,18.7417],[-87.6827,18.7419],[-87.6834,18.7419],[-87.6838,18.7416],[-87.6839,18.7415],[-87.6841,18.7413],[-87.6841,18.7412],[-87.6846,18.7408],[-87.6846,18.7398],[-87.6845,18.7397],[-87.6845,18.7396],[-87.6845,18.7396],[-87.6844,18.7393],[-87.6845,18.7392],[-87.6846,18.7391],[-87.6846,18.7391],[-87.6846,18.7383],[-87.6847,18.7382],[-87.6847,18.7379],[-87.6847,18.7379],[-87.6849,18.7378],[-87.6849,18.7377],[-87.6851,18.7377],[-87.6851,18.7377],[-87.6855,18.7376],[-87.6856,18.7376],[-87.6857,18.7376],[-87.6864,18.7373],[-87.6865,18.7372],[-87.6865,18.7372],[-87.6866,18.7371],[-87.6867,18.7371],[-87.6868,18.737],[-87.6869,18.737],[-87.687,18.737],[-87.6871,18.737],[-87.688,18.7369],[-87.6884,18.7366],[-87.6888,18.7362],[-87.6888,18.7361],[-87.6889,18.7359],[-87.6889,18.7358],[-87.6888,18.7357],[-87.6889,18.7355],[-87.689,18.7353],[-87.689,18.7353],[-87.689,18.7353],[-87.6892,18.7352],[-87.6893,18.7351],[-87.6896,18.7349],[-87.69,18.7346],[-87.6907,18.7341],[-87.6907,18.7341],[-87.6907,18.7341],[-87.6908,18.734],[-87.6907,18.734],[-87.6908,18.7338],[-87.6908,18.7337],[-87.6912,18.7332],[-87.6912,18.7332],[-87.6914,18.733],[-87.6915,18.733],[-87.6916,18.733],[-87.6916,18.7331],[-87.6916,18.7332],[-87.6916,18.7333],[-87.6916,18.7333],[-87.6916,18.7334],[-87.6917,18.7334],[-87.6917,18.7334],[-87.6921,18.7332],[-87.6921,18.7332],[-87.6921,18.7329],[-87.6906,18.731],[-87.6899,18.7302],[-87.6866,18.7319],[-87.6866,18.7318],[-87.6871,18.7315],[-87.6898,18.7301],[-87.6896,18.7299],[-87.6886,18.7287],[-87.688,18.7279],[-87.6881,18.7278],[-87.6892,18.7292],[-87.69,18.7302],[-87.6909,18.7313],[-87.6922,18.7328],[-87.6923,18.7328],[-87.6922,18.7327],[-87.6922,18.7326],[-87.6926,18.7325],[-87.6927,18.7324],[-87.6928,18.7321],[-87.6934,18.7317],[-87.6935,18.7315],[-87.6934,18.7314],[-87.6933,18.7313],[-87.6931,18.7312],[-87.693,18.7311],[-87.693,18.7311],[-87.6929,18.7309],[-87.6929,18.7309],[-87.693,18.7308],[-87.6934,18.7303],[-87.6938,18.7301],[-87.6946,18.7295],[-87.6949,18.7292],[-87.6953,18.7289],[-87.6958,18.7287],[-87.696,18.7289],[-87.6963,18.7289],[-87.6965,18.7288],[-87.6975,18.7285],[-87.6981,18.7284],[-87.6983,18.7284],[-87.6988,18.7282],[-87.6991,18.7279],[-87.6993,18.7276],[-87.6995,18.7274],[-87.6995,18.7274],[-87.6996,18.7269],[-87.6996,18.7267],[-87.6995,18.7262],[-87.6994,18.7257],[-87.6995,18.7254],[-87.6999,18.7251],[-87.7001,18.725],[-87.7003,18.725],[-87.7007,18.7248],[-87.7008,18.7246],[-87.7009,18.7246],[-87.7012,18.7238],[-87.7015,18.7233],[-87.7017,18.723],[-87.702,18.7227],[-87.7026,18.7223],[-87.7034,18.7217],[-87.704,18.7213],[-87.7036,18.7211],[-87.7037,18.721],[-87.704,18.7213],[-87.7045,18.721],[-87.7046,18.7208],[-87.7051,18.7203],[-87.7054,18.7202],[-87.7056,18.7202],[-87.7058,18.7199],[-87.7059,18.7195],[-87.7061,18.7189],[-87.7062,18.7184],[-87.7063,18.7177],[-87.7064,18.7175],[-87.7064,18.7173],[-87.7065,18.7169],[-87.7065,18.7168],[-87.7066,18.716],[-87.7066,18.716],[-87.7069,18.7154],[-87.7075,18.7147],[-87.7081,18.7141],[-87.7085,18.7137],[-87.7089,18.7134],[-87.7102,18.7122],[-87.7104,18.7121],[-87.7099,18.7117],[-87.7093,18.7117],[-87.7094,18.7115],[-87.7097,18.7116],[-87.7098,18.7115],[-87.7097,18.7112],[-87.7098,18.7111],[-87.7099,18.7116],[-87.7104,18.712],[-87.7104,18.712],[-87.7105,18.712],[-87.7105,18.712],[-87.7105,18.7119],[-87.7106,18.7117],[-87.7107,18.7116],[-87.7108,18.7114],[-87.7111,18.7109],[-87.7115,18.7105],[-87.7118,18.7101],[-87.7121,18.7092],[-87.7121,18.7091],[-87.7121,18.709],[-87.7122,18.7089],[-87.7126,18.7076],[-87.7129,18.7068],[-87.7129,18.7066],[-87.7131,18.7061],[-87.7135,18.7048],[-87.7136,18.7043],[-87.714,18.7032],[-87.714,18.7031],[-87.714,18.7026],[-87.714,18.7026],[-87.7141,18.7026],[-87.7141,18.7024],[-87.7142,18.7019],[-87.7142,18.7015],[-87.7141,18.7012],[-87.714,18.7012],[-87.714,18.7011],[-87.7139,18.7011],[-87.7139,18.7009],[-87.7139,18.7005],[-87.7139,18.7003],[-87.7141,18.6994],[-87.7141,18.6991],[-87.7141,18.699],[-87.7142,18.6988],[-87.7144,18.6987],[-87.7144,18.6987],[-87.7148,18.698],[-87.7151,18.6977],[-87.7151,18.6976],[-87.7152,18.6974],[-87.7153,18.6967],[-87.7153,18.6965],[-87.7153,18.6963],[-87.7154,18.6957],[-87.7152,18.6951],[-87.7153,18.6941],[-87.7153,18.694],[-87.7153,18.694],[-87.7154,18.6938],[-87.7155,18.6935],[-87.7156,18.6934],[-87.7157,18.6932],[-87.7158,18.6931],[-87.716,18.6928],[-87.716,18.6928],[-87.7161,18.6927],[-87.7166,18.6921],[-87.7167,18.692],[-87.7175,18.6908],[-87.7179,18.6883],[-87.718,18.6872],[-87.7179,18.6869],[-87.7179,18.6863],[-87.7177,18.6857],[-87.7176,18.6856],[-87.7184,18.6857],[-87.7193,18.6846],[-87.7204,18.6821],[-87.7215,18.6801],[-87.7221,18.6781],[-87.7221,18.678],[-87.7221,18.6773],[-87.722,18.6767],[-87.7225,18.6753],[-87.7229,18.6741],[-87.7235,18.6724],[-87.7232,18.6723],[-87.7232,18.6722],[-87.7235,18.6724],[-87.7239,18.6714],[-87.7239,18.6714],[-87.7239,18.6712],[-87.7241,18.671],[-87.7243,18.6705],[-87.7245,18.6702],[-87.7252,18.6685],[-87.7257,18.6663],[-87.726,18.6643],[-87.726,18.6641],[-87.7258,18.6641],[-87.7258,18.664],[-87.726,18.664],[-87.726,18.6617],[-87.7258,18.6597],[-87.7258,18.6597],[-87.7253,18.6597],[-87.7253,18.6598],[-87.7252,18.6598],[-87.7252,18.6596],[-87.7258,18.6596],[-87.7257,18.6591],[-87.7257,18.6591],[-87.7253,18.6591],[-87.7253,18.6593],[-87.7251,18.6593],[-87.7251,18.659],[-87.7257,18.659],[-87.7257,18.659],[-87.7257,18.6579],[-87.7259,18.6561],[-87.7259,18.6557],[-87.7263,18.6541],[-87.7265,18.6525],[-87.7266,18.6523],[-87.7266,18.6521],[-87.7266,18.6519],[-87.7266,18.6517],[-87.7266,18.6515],[-87.7266,18.6506],[-87.7267,18.6503],[-87.7267,18.6501],[-87.7267,18.6499],[-87.727,18.6492],[-87.727,18.6489],[-87.7272,18.6487],[-87.7274,18.6481],[-87.7276,18.6476],[-87.7277,18.6472],[-87.7281,18.6462],[-87.7282,18.6457],[-87.7282,18.645],[-87.7283,18.6447],[-87.7282,18.6438],[-87.7281,18.6425],[-87.728,18.6422],[-87.728,18.6418],[-87.7279,18.6417],[-87.7279,18.6417],[-87.7279,18.6415],[-87.7278,18.6409],[-87.7278,18.6403],[-87.7278,18.6399],[-87.7278,18.6396],[-87.7278,18.6388],[-87.7279,18.6386],[-87.728,18.638],[-87.728,18.6378],[-87.7281,18.6371],[-87.7283,18.636],[-87.7284,18.6358],[-87.7287,18.6343],[-87.7287,18.6342],[-87.7287,18.6341],[-87.729,18.6331],[-87.7292,18.6321],[-87.7293,18.6314],[-87.7293,18.6311],[-87.7292,18.6299],[-87.7292,18.629],[-87.7292,18.6288],[-87.7292,18.6285],[-87.7292,18.6283],[-87.7293,18.6279],[-87.7293,18.6277],[-87.7294,18.6276],[-87.7294,18.6272],[-87.7297,18.6264],[-87.7304,18.6256],[-87.7308,18.6252],[-87.731,18.6249],[-87.7313,18.6243],[-87.7315,18.6238],[-87.7316,18.6236],[-87.7316,18.6235],[-87.7316,18.623],[-87.7319,18.6218],[-87.732,18.6209],[-87.732,18.6207],[-87.732,18.6206],[-87.732,18.6203],[-87.7319,18.6199],[-87.7318,18.6189],[-87.7316,18.6183],[-87.7315,18.618],[-87.7316,18.6178],[-87.7317,18.6177],[-87.732,18.6166],[-87.7321,18.6165],[-87.7324,18.6157],[-87.7324,18.6151],[-87.7326,18.6136],[-87.7327,18.6126],[-87.7328,18.612],[-87.7332,18.6111],[-87.7334,18.6104],[-87.7335,18.6098],[-87.7337,18.6086],[-87.7336,18.6081],[-87.7339,18.6068],[-87.7341,18.6056],[-87.7342,18.6049],[-87.7344,18.6041],[-87.7346,18.6037],[-87.735,18.6028],[-87.7353,18.6023],[-87.7353,18.6021],[-87.7357,18.6012],[-87.7357,18.6012],[-87.7357,18.6005],[-87.7358,18.5999],[-87.7359,18.5996],[-87.7359,18.5994],[-87.736,18.5993],[-87.7361,18.5992],[-87.7361,18.599],[-87.7363,18.5977],[-87.7365,18.5965],[-87.7373,18.5944],[-87.7376,18.5933],[-87.7378,18.5921],[-87.7379,18.5913],[-87.7379,18.591],[-87.7379,18.5909],[-87.7379,18.5907],[-87.738,18.5903],[-87.738,18.5903],[-87.738,18.5902],[-87.7381,18.5891],[-87.738,18.5888],[-87.738,18.5885],[-87.7381,18.5883],[-87.7381,18.5882],[-87.7381,18.5881],[-87.7383,18.5876],[-87.7387,18.5861],[-87.7387,18.5856],[-87.7388,18.5854],[-87.7388,18.5851],[-87.7389,18.5848],[-87.739,18.5846],[-87.739,18.5843],[-87.7392,18.5829],[-87.7394,18.582],[-87.7393,18.5816],[-87.7393,18.5809],[-87.7393,18.5805],[-87.7393,18.5799],[-87.7393,18.5798],[-87.7392,18.5794],[-87.7391,18.5792],[-87.7391,18.5791],[-87.7391,18.5789],[-87.7391,18.5787],[-87.7392,18.5785],[-87.7392,18.578],[-87.7392,18.5775],[-87.7392,18.5774],[-87.7391,18.5772],[-87.7391,18.577],[-87.7393,18.5759],[-87.7393,18.5756],[-87.7394,18.5754],[-87.7395,18.5752],[-87.7398,18.5736],[-87.7398,18.5734],[-87.7398,18.5733],[-87.7397,18.5731],[-87.7397,18.573],[-87.7398,18.5728],[-87.7399,18.5727],[-87.74,18.5716],[-87.7399,18.5714],[-87.7399,18.5713],[-87.7399,18.5711],[-87.7399,18.571],[-87.7399,18.5707],[-87.74,18.5705],[-87.7401,18.57],[-87.7402,18.5698],[-87.7402,18.5698],[-87.7402,18.5698],[-87.7401,18.5679],[-87.7401,18.5678],[-87.7401,18.5676],[-87.74,18.5673],[-87.74,18.5672],[-87.74,18.5663],[-87.7401,18.566],[-87.7401,18.5653],[-87.74,18.5651],[-87.74,18.565],[-87.74,18.5648],[-87.74,18.5643],[-87.74,18.5641],[-87.74,18.5639],[-87.74,18.5637],[-87.74,18.5635],[-87.74,18.5624],[-87.74,18.5619],[-87.74,18.5617],[-87.74,18.5615],[-87.74,18.561],[-87.7399,18.5608],[-87.74,18.5607],[-87.7399,18.5595],[-87.7398,18.5583],[-87.7394,18.5566],[-87.7395,18.5547],[-87.7397,18.5529],[-87.7399,18.5512],[-87.7401,18.5497],[-87.7401,18.5481],[-87.74,18.5473],[-87.74,18.5471],[-87.74,18.5471],[-87.7399,18.547],[-87.7398,18.5469],[-87.7397,18.5468],[-87.7397,18.5467],[-87.7397,18.5466],[-87.7398,18.5458],[-87.7398,18.5457],[-87.7398,18.5456],[-87.74,18.5455],[-87.74,18.5455],[-87.741,18.5445],[-87.7413,18.5438],[-87.7416,18.5433],[-87.7417,18.5427],[-87.7419,18.5425],[-87.742,18.5424],[-87.7422,18.5419],[-87.7422,18.5405],[-87.7422,18.5404],[-87.7422,18.5403],[-87.7422,18.5403],[-87.7419,18.5397],[-87.7416,18.5395],[-87.7413,18.5394],[-87.7412,18.5394],[-87.7408,18.5392],[-87.7407,18.5392],[-87.7407,18.5391],[-87.7406,18.539],[-87.7407,18.539],[-87.7408,18.5389],[-87.7413,18.5387],[-87.7413,18.5387],[-87.7415,18.5387],[-87.7417,18.5388],[-87.7417,18.5388],[-87.7418,18.5389],[-87.7419,18.5389],[-87.7422,18.5389],[-87.7424,18.5389],[-87.7425,18.5388],[-87.7426,18.5388],[-87.7427,18.5386],[-87.7429,18.5381],[-87.743,18.538],[-87.7432,18.5374],[-87.7433,18.5373],[-87.7434,18.5372],[-87.7434,18.5371],[-87.7434,18.5369],[-87.7435,18.5361],[-87.7435,18.5359],[-87.7435,18.5358],[-87.7434,18.5357],[-87.7436,18.5352],[-87.7436,18.5351],[-87.7436,18.5351],[-87.7436,18.535],[-87.7438,18.5344],[-87.7441,18.5333],[-87.7445,18.5318],[-87.7445,18.5315],[-87.7446,18.5309],[-87.7446,18.5308],[-87.7445,18.5306],[-87.7445,18.5304],[-87.7445,18.5301],[-87.7446,18.5298],[-87.7446,18.5297],[-87.7448,18.5291],[-87.7448,18.5291],[-87.7448,18.529],[-87.7456,18.5283],[-87.7464,18.5278],[-87.7473,18.527],[-87.7473,18.527],[-87.7473,18.5269],[-87.7477,18.5259],[-87.7477,18.5258],[-87.7478,18.5258],[-87.7478,18.5257],[-87.7481,18.5251],[-87.7488,18.5239],[-87.7489,18.5235],[-87.749,18.5231],[-87.7495,18.5225],[-87.751,18.5211],[-87.751,18.5211],[-87.7512,18.5209],[-87.7519,18.5199],[-87.7521,18.5197],[-87.7522,18.5194],[-87.7523,18.5192],[-87.7526,18.519],[-87.7526,18.519],[-87.7536,18.5178],[-87.7539,18.5174],[-87.7541,18.5171],[-87.7547,18.5164],[-87.7557,18.5159],[-87.7562,18.5156],[-87.7571,18.5151],[-87.7578,18.5142],[-87.7581,18.513],[-87.7581,18.513],[-87.7581,18.5128],[-87.7581,18.5125],[-87.7581,18.512],[-87.7581,18.512],[-87.758,18.5118],[-87.758,18.5117],[-87.758,18.5113],[-87.758,18.5112],[-87.758,18.511],[-87.758,18.511],[-87.758,18.5106],[-87.7584,18.5104],[-87.7589,18.5096],[-87.7589,18.5096],[-87.7593,18.5085],[-87.7593,18.5083],[-87.7594,18.508],[-87.7595,18.5078],[-87.7595,18.5075],[-87.7595,18.5074],[-87.7595,18.506],[-87.7595,18.5056],[-87.7596,18.504],[-87.7596,18.5034],[-87.76,18.5019],[-87.7603,18.5007],[-87.7604,18.5006],[-87.7606,18.5005],[-87.7612,18.4993],[-87.7612,18.4992],[-87.7614,18.4985],[-87.7615,18.4984],[-87.7616,18.4983],[-87.7617,18.4979],[-87.7619,18.4973],[-87.7619,18.4972],[-87.762,18.4968],[-87.7621,18.4961],[-87.7621,18.4957],[-87.7622,18.4952],[-87.7623,18.4947],[-87.7623,18.4944],[-87.7622,18.494],[-87.7622,18.4935],[-87.7621,18.4933],[-87.7621,18.4931],[-87.762,18.4925],[-87.7619,18.4917],[-87.7618,18.4915],[-87.7617,18.4909],[-87.7616,18.4903],[-87.7615,18.49],[-87.7615,18.4899],[-87.7613,18.4887],[-87.7613,18.4884],[-87.7612,18.4876],[-87.7612,18.487],[-87.7612,18.4856],[-87.7612,18.4852],[-87.7613,18.4845],[-87.7613,18.4844],[-87.7613,18.4841],[-87.7613,18.484],[-87.7614,18.4838],[-87.7614,18.4835],[-87.7616,18.4823],[-87.7616,18.4821],[-87.7616,18.4818],[-87.7617,18.4813],[-87.7617,18.4808],[-87.7617,18.4806],[-87.7616,18.4798],[-87.7616,18.4791],[-87.7616,18.4785],[-87.7616,18.4784],[-87.7616,18.4777],[-87.7616,18.4773],[-87.7617,18.4769],[-87.7618,18.4757],[-87.7618,18.4755],[-87.7619,18.4751],[-87.762,18.4749],[-87.762,18.4748],[-87.762,18.4746],[-87.7621,18.4742],[-87.7621,18.4741],[-87.7621,18.4739],[-87.7621,18.4737],[-87.7621,18.4735],[-87.7622,18.4733],[-87.7623,18.4729],[-87.7624,18.4728],[-87.7627,18.4719],[-87.7627,18.4718],[-87.7628,18.4716],[-87.7628,18.4716],[-87.7631,18.4708],[-87.7631,18.4708],[-87.7631,18.4707],[-87.763,18.4706],[-87.763,18.4703],[-87.7631,18.4701],[-87.7631,18.4699],[-87.7631,18.4698],[-87.7632,18.4697],[-87.7632,18.4696],[-87.7632,18.4695],[-87.7632,18.4691],[-87.7632,18.4687],[-87.7631,18.4686],[-87.7631,18.4685],[-87.7631,18.4682],[-87.7631,18.468],[-87.7631,18.4677],[-87.7632,18.4667],[-87.7634,18.4659],[-87.7637,18.465],[-87.7639,18.4643],[-87.764,18.4641],[-87.7641,18.4635],[-87.7642,18.463],[-87.7643,18.4604],[-87.7643,18.4602],[-87.7643,18.46],[-87.7643,18.4598],[-87.7642,18.4596],[-87.7642,18.4596],[-87.7642,18.4593],[-87.7641,18.4585],[-87.7639,18.4577],[-87.7638,18.4574],[-87.7634,18.4565],[-87.7634,18.4563],[-87.7632,18.456],[-87.7631,18.4557],[-87.7628,18.4546],[-87.7624,18.4539],[-87.7622,18.4531],[-87.7622,18.453],[-87.7621,18.4528],[-87.7621,18.4527],[-87.762,18.4525],[-87.7618,18.4523],[-87.7617,18.4521],[-87.7616,18.452],[-87.7615,18.4517],[-87.7615,18.4516],[-87.7615,18.4515],[-87.7615,18.4512],[-87.7615,18.4506],[-87.7615,18.4502],[-87.7615,18.4501],[-87.7614,18.4499],[-87.7614,18.4497],[-87.7613,18.4496],[-87.7613,18.4496],[-87.7613,18.4495],[-87.7613,18.4493],[-87.7613,18.449],[-87.7613,18.4489],[-87.7613,18.4488],[-87.7614,18.4487],[-87.7614,18.4486],[-87.7615,18.4484],[-87.7615,18.4483],[-87.7618,18.4479],[-87.7619,18.4477],[-87.7619,18.4474],[-87.7619,18.4473],[-87.7619,18.4466],[-87.7622,18.4458],[-87.7622,18.4446],[-87.7621,18.4437],[-87.7621,18.4436],[-87.7621,18.4435],[-87.762,18.4433],[-87.7619,18.4431],[-87.7617,18.4425],[-87.7614,18.4416],[-87.7614,18.4415],[-87.7614,18.4414],[-87.7614,18.4412],[-87.7614,18.4411],[-87.7614,18.441],[-87.7614,18.441],[-87.7614,18.4409],[-87.7614,18.4408],[-87.7615,18.4404],[-87.7618,18.4397],[-87.7622,18.4393],[-87.7624,18.4392],[-87.7627,18.4385],[-87.763,18.4381],[-87.7627,18.4379],[-87.7626,18.4378],[-87.7627,18.4378],[-87.7627,18.4379],[-87.763,18.4381],[-87.7631,18.438],[-87.7631,18.438],[-87.7632,18.4377],[-87.7633,18.4376],[-87.7634,18.4375],[-87.7634,18.4374],[-87.7635,18.4373],[-87.7635,18.4371],[-87.7638,18.4363],[-87.764,18.4358],[-87.7641,18.4354],[-87.7642,18.4345],[-87.7646,18.4333],[-87.7646,18.4331],[-87.7647,18.4321],[-87.7649,18.4308],[-87.765,18.43],[-87.7651,18.429],[-87.7651,18.429],[-87.7651,18.4287],[-87.765,18.4283],[-87.765,18.4281],[-87.765,18.4281],[-87.7649,18.428],[-87.7649,18.4276],[-87.7649,18.4272],[-87.7648,18.4266],[-87.7647,18.4254],[-87.7646,18.4251],[-87.7645,18.4248],[-87.7645,18.4247],[-87.7645,18.4239],[-87.7646,18.4233],[-87.7646,18.423],[-87.7647,18.4225],[-87.765,18.4221],[-87.7649,18.4219],[-87.7648,18.4215],[-87.7648,18.4215],[-87.7647,18.4215],[-87.7646,18.4214],[-87.7645,18.4214],[-87.7645,18.4214],[-87.7643,18.4212],[-87.7643,18.4212],[-87.7642,18.4211],[-87.7643,18.4211],[-87.7643,18.4211],[-87.7646,18.4209],[-87.7647,18.4208],[-87.7647,18.4208],[-87.7647,18.4207],[-87.7646,18.4206],[-87.7643,18.4204],[-87.7643,18.4195],[-87.7642,18.4192],[-87.7642,18.4192],[-87.7641,18.419],[-87.7639,18.4188],[-87.7638,18.4188],[-87.7638,18.4183],[-87.764,18.4179],[-87.764,18.4179],[-87.764,18.4178],[-87.7642,18.4177],[-87.7642,18.4177],[-87.7645,18.4173],[-87.7653,18.4163],[-87.7653,18.4163],[-87.7653,18.4161],[-87.7655,18.4156],[-87.7659,18.415],[-87.7661,18.4146],[-87.7662,18.4142],[-87.7662,18.4141],[-87.7662,18.414],[-87.7662,18.4139],[-87.7662,18.4138],[-87.7662,18.4137],[-87.7661,18.4136],[-87.7661,18.4136],[-87.7659,18.4135],[-87.7656,18.4134],[-87.7655,18.4133],[-87.7654,18.4132],[-87.7655,18.4131],[-87.7656,18.4131],[-87.7657,18.4131],[-87.7658,18.4131],[-87.766,18.413],[-87.7661,18.4129],[-87.7661,18.4124],[-87.7661,18.4124],[-87.7661,18.4124],[-87.7658,18.412],[-87.7667,18.412],[-87.7676,18.4111],[-87.7677,18.4106],[-87.7677,18.4105],[-87.7677,18.4104],[-87.7674,18.4102],[-87.7672,18.4101],[-87.7671,18.4099],[-87.7671,18.4099],[-87.7671,18.4099],[-87.7671,18.4098],[-87.7671,18.4098],[-87.7672,18.4098],[-87.7673,18.4099],[-87.7672,18.4098],[-87.7676,18.4096],[-87.7682,18.4095],[-87.7685,18.409],[-87.7686,18.409],[-87.7689,18.4088],[-87.769,18.4084],[-87.7691,18.4083],[-87.7691,18.4082],[-87.7691,18.408],[-87.7696,18.4072],[-87.7696,18.4072],[-87.7697,18.4065],[-87.7697,18.4064],[-87.7697,18.4061],[-87.7696,18.4059],[-87.7696,18.4058],[-87.7696,18.4058],[-87.7696,18.4055],[-87.7696,18.4055],[-87.7696,18.4055],[-87.7697,18.4055],[-87.7697,18.4054],[-87.7702,18.4051],[-87.7707,18.4047],[-87.7709,18.4045],[-87.7709,18.4044],[-87.7709,18.4043],[-87.7709,18.4042],[-87.7709,18.404],[-87.7709,18.4037],[-87.7708,18.4032],[-87.7703,18.4019],[-87.7703,18.4018],[-87.7703,18.4017],[-87.7702,18.4014],[-87.7704,18.4012],[-87.7713,18.4016],[-87.7725,18.4009],[-87.7732,18.4002],[-87.7734,18.4],[-87.7734,18.3998],[-87.7735,18.3996],[-87.7734,18.3995],[-87.7734,18.3995],[-87.7733,18.3995],[-87.7732,18.3994],[-87.7731,18.3993],[-87.7731,18.3993],[-87.7731,18.3992],[-87.7731,18.3991],[-87.7731,18.3991],[-87.7733,18.399],[-87.7735,18.399],[-87.7737,18.3991],[-87.7738,18.3991],[-87.7738,18.3991],[-87.7739,18.399],[-87.7749,18.3991],[-87.7755,18.3987],[-87.7761,18.3981],[-87.7765,18.3979],[-87.7771,18.3973],[-87.7779,18.3963],[-87.7788,18.3954],[-87.7794,18.3947],[-87.7794,18.3945],[-87.7795,18.3944],[-87.7796,18.3943],[-87.7798,18.3941],[-87.7796,18.394],[-87.7796,18.3938],[-87.7795,18.3938],[-87.7795,18.3938],[-87.7796,18.3937],[-87.7797,18.394],[-87.7798,18.3941],[-87.7798,18.3941],[-87.7801,18.3938],[-87.7812,18.3922],[-87.7817,18.3916],[-87.7825,18.3905],[-87.7827,18.3899],[-87.783,18.3896],[-87.7831,18.3893],[-87.7837,18.3878],[-87.7845,18.3867],[-87.7847,18.3862],[-87.7848,18.3861],[-87.785,18.3858],[-87.7857,18.3858],[-87.7861,18.3859],[-87.7869,18.3856],[-87.7873,18.3853],[-87.7876,18.385],[-87.788,18.3844],[-87.7885,18.3837],[-87.7886,18.3833],[-87.7886,18.3833],[-87.7891,18.3823],[-87.7894,18.3814],[-87.7898,18.3805],[-87.7902,18.3792],[-87.7907,18.378],[-87.7922,18.3747],[-87.7932,18.3734],[-87.7933,18.3731],[-87.7934,18.3724],[-87.7936,18.3718],[-87.7946,18.3704],[-87.7955,18.369],[-87.7966,18.3675],[-87.7967,18.3673],[-87.7969,18.3667],[-87.7971,18.3663],[-87.7979,18.3653],[-87.7986,18.3642],[-87.799,18.3631],[-87.7994,18.3618],[-87.7997,18.3606],[-87.7997,18.3606],[-87.7998,18.3597],[-87.7999,18.3592],[-87.8001,18.3585],[-87.8002,18.358],[-87.8004,18.3575],[-87.8006,18.3567],[-87.8007,18.356],[-87.8012,18.3545],[-87.8021,18.3523],[-87.803,18.3509],[-87.8031,18.3507],[-87.8032,18.3506],[-87.804,18.3493],[-87.8059,18.3472],[-87.8067,18.3467],[-87.8072,18.3463],[-87.8079,18.3457],[-87.8086,18.3451],[-87.8088,18.3449],[-87.809,18.3447],[-87.809,18.3447],[-87.81,18.3435],[-87.8111,18.3424],[-87.8124,18.3409],[-87.8131,18.3403],[-87.8133,18.3401],[-87.8135,18.3397],[-87.8136,18.3395],[-87.8139,18.3387],[-87.8147,18.3377],[-87.8151,18.337],[-87.816,18.3358],[-87.8162,18.3355],[-87.8167,18.3349],[-87.8167,18.3349],[-87.8164,18.3347],[-87.8164,18.3346],[-87.8167,18.3349],[-87.8171,18.3344],[-87.8176,18.3339],[-87.8186,18.3329],[-87.8191,18.3322],[-87.8197,18.3313],[-87.8197,18.3312],[-87.8198,18.3307],[-87.8199,18.3304],[-87.8199,18.3303],[-87.82,18.3301],[-87.82,18.33],[-87.8201,18.3299],[-87.8202,18.3297],[-87.8202,18.3296],[-87.8203,18.3295],[-87.8203,18.3295],[-87.8203,18.3295],[-87.8204,18.3295],[-87.8204,18.3295],[-87.8208,18.3289],[-87.8209,18.3288],[-87.8211,18.3283],[-87.8211,18.3283],[-87.8215,18.3275],[-87.8224,18.3255],[-87.8232,18.3231],[-87.8238,18.322],[-87.8241,18.321],[-87.8245,18.3196],[-87.8249,18.3184],[-87.8253,18.3174],[-87.826,18.3158],[-87.8264,18.314],[-87.8266,18.3134],[-87.8265,18.3132],[-87.8265,18.3129],[-87.8268,18.3126],[-87.827,18.3124],[-87.8274,18.3115],[-87.8277,18.3109],[-87.8279,18.3105],[-87.8279,18.3102],[-87.8279,18.31],[-87.8279,18.3099],[-87.828,18.3099],[-87.8282,18.3095],[-87.8283,18.309],[-87.8284,18.3087],[-87.8285,18.3085],[-87.8289,18.3073],[-87.8296,18.3043],[-87.8298,18.3033],[-87.83,18.3024],[-87.8302,18.3017],[-87.8308,18.2998],[-87.8311,18.2989],[-87.8313,18.2982],[-87.8318,18.2971],[-87.8322,18.2962],[-87.8322,18.2962],[-87.8322,18.2962],[-87.8323,18.2961],[-87.8315,18.2957],[-87.8315,18.2957],[-87.8323,18.296],[-87.8323,18.296],[-87.8324,18.2956],[-87.8325,18.2952],[-87.8318,18.295],[-87.8318,18.295],[-87.8325,18.2951],[-87.8325,18.295],[-87.8326,18.2949],[-87.8325,18.2949],[-87.8324,18.2948],[-87.8324,18.2948],[-87.8323,18.2947],[-87.8324,18.2946],[-87.8325,18.2947],[-87.8326,18.2945],[-87.8327,18.2942],[-87.8326,18.2937],[-87.8326,18.2934],[-87.8326,18.2933],[-87.8327,18.2933],[-87.8328,18.2932],[-87.8329,18.2932],[-87.833,18.2927],[-87.8329,18.2925],[-87.8328,18.2921],[-87.8328,18.2919],[-87.8328,18.2918],[-87.8328,18.2917],[-87.8329,18.2913],[-87.8329,18.2912],[-87.833,18.2912],[-87.8331,18.2912],[-87.8331,18.2912],[-87.8331,18.2911],[-87.8332,18.2909],[-87.8333,18.2904],[-87.8333,18.2896],[-87.8333,18.2895],[-87.8332,18.2895],[-87.8331,18.2894],[-87.8331,18.2893],[-87.8331,18.2892],[-87.8331,18.2891],[-87.8332,18.2886],[-87.8334,18.2882],[-87.8334,18.288],[-87.8334,18.2874],[-87.8336,18.2869],[-87.8339,18.2853],[-87.8341,18.2849],[-87.8341,18.2848],[-87.8341,18.2846],[-87.8341,18.2841],[-87.8341,18.2838],[-87.8342,18.2833],[-87.8343,18.2831],[-87.8344,18.2826],[-87.8346,18.281],[-87.8345,18.2785],[-87.8344,18.2776],[-87.8345,18.2766],[-87.8346,18.2762],[-87.8346,18.2758],[-87.8347,18.2752],[-87.8347,18.2748],[-87.8347,18.2744],[-87.8348,18.2742],[-87.8348,18.2742],[-87.8342,18.2742],[-87.834,18.2743],[-87.8334,18.2743],[-87.8334,18.2742],[-87.8334,18.2742],[-87.8325,18.2742],[-87.8325,18.2743],[-87.8323,18.2743],[-87.8323,18.2742],[-87.8334,18.2742],[-87.8342,18.2741],[-87.8344,18.2741],[-87.8346,18.2741],[-87.8347,18.2741],[-87.8348,18.2738],[-87.8348,18.2738],[-87.8347,18.2733],[-87.8346,18.2728],[-87.8346,18.2726],[-87.8346,18.2726],[-87.8345,18.2724],[-87.8345,18.2724],[-87.8345,18.2722],[-87.8345,18.2721],[-87.8346,18.2719],[-87.8346,18.2713],[-87.8346,18.2711],[-87.8347,18.271],[-87.8347,18.2707],[-87.8348,18.2704],[-87.8349,18.2697],[-87.8349,18.2696],[-87.835,18.2692],[-87.835,18.2689],[-87.8351,18.2686],[-87.8351,18.2686],[-87.8351,18.2686],[-87.835,18.2682],[-87.835,18.2682],[-87.8351,18.2681],[-87.8351,18.2681],[-87.8352,18.2681],[-87.8352,18.2681],[-87.8353,18.2674],[-87.8353,18.2669],[-87.8353,18.267],[-87.8352,18.2669],[-87.8351,18.2668],[-87.8351,18.2668],[-87.8351,18.2667],[-87.8351,18.2667],[-87.8353,18.2666],[-87.8353,18.2664],[-87.8352,18.2662],[-87.8352,18.2662],[-87.8352,18.2661],[-87.8352,18.2661],[-87.8352,18.2659],[-87.8352,18.2657],[-87.8352,18.2653],[-87.8352,18.2645],[-87.8352,18.2645],[-87.8352,18.2645],[-87.8351,18.2641],[-87.835,18.2634],[-87.835,18.2633],[-87.8351,18.2632],[-87.8351,18.2631],[-87.8352,18.2631],[-87.8352,18.263],[-87.8352,18.263],[-87.8352,18.2629],[-87.8353,18.2627],[-87.8353,18.2625],[-87.8352,18.2622],[-87.8352,18.2617],[-87.8352,18.2615],[-87.8352,18.2615],[-87.8353,18.2609],[-87.8356,18.2597],[-87.8357,18.2589],[-87.8359,18.258],[-87.8359,18.2575],[-87.8361,18.2566],[-87.8361,18.2562],[-87.8361,18.2556],[-87.8362,18.2544],[-87.8363,18.2541],[-87.8363,18.2541],[-87.8363,18.254],[-87.8362,18.2532],[-87.8363,18.2527],[-87.8365,18.2517],[-87.8365,18.2514],[-87.8366,18.2511],[-87.8366,18.2507],[-87.8367,18.2503],[-87.8367,18.2502],[-87.8368,18.2497],[-87.8368,18.2495],[-87.8369,18.2491],[-87.8368,18.2487],[-87.8367,18.2485],[-87.8367,18.2481],[-87.8367,18.2479],[-87.8367,18.2478],[-87.8368,18.2475],[-87.8368,18.2473],[-87.8369,18.2472],[-87.8374,18.2462],[-87.8375,18.2457],[-87.8377,18.2456],[-87.8377,18.2454],[-87.8378,18.2451],[-87.8378,18.2446],[-87.8379,18.2445],[-87.8379,18.2445],[-87.8378,18.2444],[-87.8378,18.244],[-87.8381,18.2439],[-87.8381,18.2439],[-87.838,18.2438],[-87.8381,18.2435],[-87.8382,18.2433],[-87.8382,18.2433],[-87.8382,18.2433],[-87.8384,18.243],[-87.8386,18.2427],[-87.8386,18.2426],[-87.8387,18.2423],[-87.8389,18.2421],[-87.8391,18.2417],[-87.8392,18.241],[-87.8393,18.2404],[-87.8394,18.2397],[-87.8394,18.2396],[-87.8394,18.2395],[-87.8395,18.2393],[-87.8396,18.239],[-87.8396,18.2387],[-87.8395,18.2384],[-87.8397,18.238],[-87.8398,18.2379],[-87.8399,18.2375],[-87.8397,18.2373],[-87.8398,18.237],[-87.8398,18.2365],[-87.84,18.2361],[-87.84,18.2355],[-87.8402,18.235],[-87.8404,18.235],[-87.8404,18.235],[-87.8405,18.2349],[-87.8405,18.2346],[-87.8406,18.2346],[-87.8408,18.2341],[-87.8406,18.2339],[-87.8407,18.2334],[-87.8408,18.2328],[-87.8408,18.2325],[-87.8408,18.2322],[-87.8408,18.232],[-87.841,18.2318],[-87.841,18.2318],[-87.8411,18.2314],[-87.8413,18.2307],[-87.8413,18.2306],[-87.8412,18.2305],[-87.8412,18.2302],[-87.8413,18.2299],[-87.8414,18.2295],[-87.8416,18.2293],[-87.8416,18.2293],[-87.8417,18.2289],[-87.8417,18.2286],[-87.8417,18.2286],[-87.8416,18.2279],[-87.8417,18.2274],[-87.8417,18.2273],[-87.8417,18.2273],[-87.8415,18.2272],[-87.8414,18.2272],[-87.8414,18.2271],[-87.8415,18.2264],[-87.8415,18.2262],[-87.8415,18.2261],[-87.8415,18.2258],[-87.8415,18.2253],[-87.8415,18.2242],[-87.8416,18.2233],[-87.8417,18.2227],[-87.8418,18.2225],[-87.8417,18.2216],[-87.8418,18.2208],[-87.8418,18.2203],[-87.8417,18.2198],[-87.8417,18.2192],[-87.8417,18.2191],[-87.8417,18.2191],[-87.8419,18.219],[-87.8419,18.219],[-87.8419,18.2189],[-87.8419,18.2188],[-87.8419,18.2184],[-87.8418,18.218],[-87.8418,18.2176],[-87.8418,18.2168],[-87.8417,18.2166],[-87.8417,18.216],[-87.8417,18.2156],[-87.8418,18.2149],[-87.8419,18.2141],[-87.8418,18.2133],[-87.8418,18.213],[-87.8418,18.2128],[-87.8418,18.2121],[-87.8419,18.2116],[-87.8418,18.2116],[-87.8418,18.2113],[-87.8418,18.2112],[-87.8418,18.2109],[-87.8418,18.2104],[-87.842,18.2096],[-87.842,18.2094],[-87.842,18.2094],[-87.8421,18.2091],[-87.8421,18.2083],[-87.8421,18.2082],[-87.8422,18.2077],[-87.8422,18.2076],[-87.8422,18.2075],[-87.8423,18.2072],[-87.8424,18.2066],[-87.8424,18.2065],[-87.8425,18.2063],[-87.8425,18.2062],[-87.8425,18.2056],[-87.8426,18.2055],[-87.8426,18.2053],[-87.8426,18.2052],[-87.8426,18.2048],[-87.8427,18.2043],[-87.8428,18.2042],[-87.8429,18.2039],[-87.843,18.2035],[-87.8429,18.2034],[-87.8431,18.2025],[-87.8433,18.2022],[-87.8433,18.202],[-87.8433,18.2018],[-87.8432,18.2017],[-87.8432,18.2016],[-87.8433,18.2013],[-87.8434,18.2011],[-87.8434,18.2009],[-87.8435,18.2007],[-87.8435,18.2005],[-87.8435,18.2004],[-87.8435,18.2004],[-87.8435,18.2002],[-87.8435,18.2001],[-87.8436,18.2],[-87.8436,18.1998],[-87.8436,18.1996],[-87.8436,18.1993],[-87.8436,18.1989],[-87.8436,18.1988],[-87.8437,18.1981],[-87.8437,18.1977],[-87.8436,18.1973],[-87.8436,18.1972],[-87.8435,18.197],[-87.8435,18.197],[-87.8436,18.1966],[-87.8437,18.1964],[-87.8438,18.1962],[-87.8438,18.1956],[-87.8439,18.195],[-87.8438,18.1949],[-87.8438,18.1948],[-87.8438,18.1947],[-87.8437,18.1946],[-87.8436,18.1944],[-87.8436,18.1942],[-87.8436,18.1939],[-87.8438,18.1927],[-87.8438,18.1926],[-87.8439,18.1921],[-87.8441,18.1916],[-87.8443,18.1911],[-87.8443,18.1909],[-87.8446,18.1904],[-87.8448,18.1901],[-87.845,18.19],[-87.8456,18.1895],[-87.8465,18.1894],[-87.8469,18.1894],[-87.8474,18.1892],[-87.8479,18.1885],[-87.8481,18.188],[-87.8483,18.1875],[-87.8483,18.187],[-87.8487,18.1867],[-87.8492,18.1866],[-87.849,18.1865],[-87.8489,18.1865],[-87.8488,18.1864],[-87.8488,18.1863],[-87.8487,18.186],[-87.8487,18.1859],[-87.8488,18.1859],[-87.8488,18.1858],[-87.8492,18.1855],[-87.8491,18.1854],[-87.8493,18.1848],[-87.8496,18.1844],[-87.8503,18.184],[-87.8512,18.1841],[-87.8522,18.1843],[-87.8525,18.1844],[-87.8532,18.1844],[-87.8536,18.1847],[-87.8538,18.1847],[-87.854,18.1842],[-87.854,18.1841],[-87.8542,18.1838],[-87.8543,18.1837],[-87.8543,18.1837],[-87.8546,18.1831],[-87.8552,18.1828],[-87.8555,18.1829],[-87.8559,18.1828],[-87.8561,18.1826],[-87.856,18.182],[-87.8562,18.1818],[-87.8561,18.1816],[-87.8561,18.1815],[-87.8561,18.1814],[-87.8561,18.1814],[-87.8563,18.1813],[-87.8565,18.1813],[-87.8566,18.1814],[-87.8566,18.1816],[-87.8567,18.1817],[-87.8567,18.1817],[-87.857,18.1817],[-87.8572,18.1818],[-87.8574,18.1818],[-87.8573,18.182],[-87.8573,18.1822],[-87.8572,18.1825],[-87.8572,18.1826],[-87.8573,18.1827],[-87.8573,18.1827],[-87.8574,18.1827],[-87.8574,18.1829],[-87.8573,18.183],[-87.8573,18.1832],[-87.8574,18.1834],[-87.8575,18.1835],[-87.8576,18.1838],[-87.8576,18.184],[-87.8575,18.1841],[-87.8575,18.1842],[-87.8575,18.1843],[-87.8575,18.1844],[-87.8576,18.1845],[-87.8576,18.1846],[-87.8577,18.1848],[-87.8578,18.1849],[-87.858,18.185],[-87.8582,18.1851],[-87.8584,18.1853],[-87.8584,18.1853],[-87.8586,18.1854],[-87.8586,18.1855],[-87.8587,18.1855],[-87.8588,18.1856],[-87.8589,18.1859],[-87.859,18.1861],[-87.8591,18.1863],[-87.8591,18.1864],[-87.8592,18.1866],[-87.8594,18.1868],[-87.8595,18.1869],[-87.8596,18.187],[-87.8596,18.1871],[-87.8595,18.1871],[-87.8594,18.1871],[-87.8593,18.187],[-87.8593,18.187],[-87.8592,18.1868],[-87.8591,18.1868],[-87.859,18.1867],[-87.8589,18.1868],[-87.8589,18.1868],[-87.8589,18.1869],[-87.859,18.187],[-87.8592,18.1871],[-87.8593,18.1872],[-87.8594,18.1875],[-87.8596,18.1876],[-87.8598,18.1878],[-87.8599,18.1878],[-87.8599,18.188],[-87.8599,18.1881],[-87.86,18.1881],[-87.8599,18.1883],[-87.8599,18.1886],[-87.8599,18.1888],[-87.86,18.1891],[-87.86,18.1892],[-87.8601,18.1894],[-87.8601,18.1896],[-87.8602,18.1898],[-87.8618,18.1897],[-87.8661,18.1892],[-87.8675,18.1882],[-87.9024,18.1427],[-87.9255,18.1602],[-88.0,18.1596],[-88.0303,18.1604],[-88.0307,18.2508],[-88.0306,18.2528],[-88.0307,18.2728],[-88.0306,18.3218],[-88.0304,18.4148],[-88.0658,18.4151],[-88.1426,18.4153],[-88.2496,18.4156],[-88.2501,18.4731],[-88.2548,18.4741],[-88.2577,18.4747],[-88.2608,18.4749],[-88.27,18.475],[-88.289,18.4753],[-88.3045,18.4788],[-88.3104,18.4852],[-88.3137,18.4856],[-88.3143,18.4857],[-88.3144,18.4858],[-88.3146,18.4861],[-88.3155,18.4865],[-88.3163,18.4869],[-88.3173,18.4873],[-88.3184,18.4878],[-88.3192,18.4882],[-88.321,18.4886],[-88.3213,18.4889],[-88.3227,18.4889],[-88.3233,18.4891],[-88.3242,18.4893],[-88.3249,18.4895],[-88.3261,18.4899],[-88.3269,18.4902],[-88.3276,18.4901],[-88.3289,18.4898],[-88.3297,18.4895],[-88.3311,18.4887],[-88.3322,18.4885],[-88.3333,18.4883],[-88.3344,18.4882],[-88.3353,18.4878],[-88.336,18.4876],[-88.3366,18.4875],[-88.3374,18.4873],[-88.3384,18.4871],[-88.3393,18.487],[-88.3398,18.4869],[-88.3401,18.4869],[-88.3415,18.4867],[-88.3434,18.4865],[-88.3447,18.4862],[-88.3458,18.486],[-88.3467,18.4859],[-88.3474,18.4857],[-88.3478,18.4855],[-88.3482,18.4854],[-88.3486,18.4853],[-88.3487,18.4852],[-88.3492,18.485],[-88.3494,18.485],[-88.3497,18.4849],[-88.3501,18.4848],[-88.3505,18.4846],[-88.3511,18.4845],[-88.352,18.4844],[-88.3529,18.4845],[-88.3536,18.4846],[-88.3549,18.4846],[-88.3562,18.4851],[-88.3572,18.4854],[-88.3582,18.4856],[-88.3591,18.486],[-88.3603,18.4862],[-88.3614,18.4865],[-88.3623,18.4867],[-88.3637,18.4867],[-88.3648,18.4865],[-88.3658,18.4864],[-88.3672,18.4861],[-88.368,18.4858],[-88.3686,18.4854],[-88.3697,18.4849],[-88.3706,18.4843],[-88.3718,18.4834],[-88.3727,18.4827],[-88.3732,18.4821],[-88.3736,18.4815],[-88.3742,18.4809],[-88.3754,18.4802],[-88.3768,18.4792],[-88.3779,18.479],[-88.3792,18.479],[-88.3801,18.4789],[-88.3818,18.4795],[-88.3827,18.4798],[-88.3835,18.4802],[-88.3846,18.4807],[-88.3856,18.481],[-88.3864,18.4813],[-88.387,18.4816],[-88.3875,18.4821],[-88.3881,18.4831],[-88.3886,18.4841],[-88.3889,18.4849],[-88.3893,18.4856],[-88.3899,18.4863],[-88.3907,18.4866],[-88.3917,18.487],[-88.3926,18.4878],[-88.3928,18.488],[-88.3936,18.4887],[-88.3944,18.4894],[-88.3954,18.4906],[-88.396,18.4916],[-88.3964,18.492],[-88.3969,18.4924],[-88.3972,18.4927],[-88.3975,18.4931],[-88.3975,18.4931],[-88.3979,18.4935],[-88.3983,18.4938],[-88.3983,18.4939],[-88.3984,18.4939],[-88.3989,18.4944],[-88.3991,18.4946],[-88.3991,18.4947],[-88.3992,18.4947],[-88.3992,18.4947],[-88.3992,18.4948],[-88.3994,18.495],[-88.3999,18.4953],[-88.4001,18.4954],[-88.4001,18.4954],[-88.4002,18.4955],[-88.4005,18.4957],[-88.4007,18.4958],[-88.401,18.496],[-88.4013,18.4962],[-88.4016,18.4963],[-88.402,18.4965],[-88.4024,18.4967],[-88.4026,18.4966],[-88.403,18.4964],[-88.4038,18.4961],[-88.4053,18.4959],[-88.4059,18.4956],[-88.4061,18.4956],[-88.4063,18.4953],[-88.4069,18.4952],[-88.4074,18.4949],[-88.4079,18.4947],[-88.4085,18.4944],[-88.4088,18.4942],[-88.4092,18.494],[-88.41,18.4937],[-88.4104,18.4933],[-88.4107,18.493],[-88.4114,18.4928],[-88.4116,18.4929],[-88.4119,18.4929],[-88.4122,18.4928],[-88.4125,18.4926],[-88.4128,18.4925],[-88.4136,18.4923],[-88.414,18.4923],[-88.4145,18.4923],[-88.4148,18.4923],[-88.4152,18.4922],[-88.4154,18.4923],[-88.4159,18.4923],[-88.4164,18.4923],[-88.417,18.4923],[-88.4175,18.4925],[-88.4178,18.4922],[-88.418,18.4921],[-88.4184,18.4918],[-88.4187,18.4916],[-88.4189,18.4913],[-88.4191,18.4912],[-88.4198,18.4909],[-88.42,18.4908],[-88.4202,18.4906],[-88.4204,18.4905],[-88.4206,18.4903],[-88.4208,18.4901],[-88.4213,18.4897],[-88.4214,18.4894],[-88.4216,18.4893],[-88.4218,18.489],[-88.422,18.4888],[-88.4223,18.4885],[-88.4226,18.4882],[-88.423,18.4879],[-88.4232,18.4877],[-88.4234,18.4873],[-88.4238,18.487],[-88.4242,18.487],[-88.4247,18.4868],[-88.425,18.4867],[-88.4255,18.4864],[-88.4258,18.4862],[-88.4263,18.486],[-88.4268,18.4858],[-88.4274,18.4856],[-88.428,18.4852],[-88.4284,18.4852],[-88.4289,18.4851],[-88.4294,18.485],[-88.4302,18.4849],[-88.4306,18.4851],[-88.4311,18.4851],[-88.4314,18.4851],[-88.4318,18.485],[-88.4324,18.485],[-88.4331,18.4847],[-88.4333,18.4845],[-88.4335,18.4844],[-88.4337,18.4841],[-88.4341,18.4836],[-88.4344,18.4834],[-88.4345,18.483],[-88.4348,18.4828],[-88.4352,18.4826],[-88.4355,18.4825],[-88.4358,18.4823],[-88.4362,18.4823],[-88.4365,18.4822],[-88.4372,18.4821],[-88.4375,18.4821],[-88.4378,18.482],[-88.4381,18.4819],[-88.4383,18.4818],[-88.4386,18.4817],[-88.439,18.4816],[-88.4394,18.4815],[-88.4396,18.4815],[-88.4399,18.4814],[-88.4403,18.4814],[-88.4406,18.4815],[-88.441,18.4816],[-88.4415,18.4815],[-88.442,18.4813],[-88.4422,18.4814],[-88.4425,18.4814],[-88.4427,18.4812],[-88.4429,18.4809],[-88.4434,18.4803],[-88.4436,18.48],[-88.4438,18.4796],[-88.4438,18.4793],[-88.444,18.479],[-88.4442,18.4786],[-88.4442,18.4783],[-88.4444,18.4781],[-88.4446,18.4778],[-88.4448,18.4776],[-88.4455,18.4767],[-88.4456,18.4765],[-88.4457,18.4762],[-88.4461,18.4759],[-88.4463,18.4758],[-88.4467,18.4757],[-88.4471,18.4756],[-88.4474,18.4758],[-88.4477,18.4761],[-88.4478,18.4761],[-88.4478,18.4762],[-88.4481,18.4764],[-88.4482,18.4766],[-88.4484,18.4769],[-88.4485,18.477],[-88.4487,18.4773],[-88.4489,18.4775],[-88.4491,18.4779],[-88.4493,18.4783],[-88.4495,18.4785],[-88.4497,18.4787],[-88.45,18.479],[-88.4503,18.4794],[-88.4505,18.4797],[-88.4508,18.4804],[-88.4513,18.4807],[-88.4514,18.4808],[-88.4518,18.4812],[-88.4522,18.4819],[-88.4524,18.4822],[-88.4525,18.4824],[-88.4526,18.4827],[-88.4527,18.483],[-88.4528,18.4833],[-88.4529,18.4839],[-88.4529,18.4845],[-88.453,18.485],[-88.4532,18.4855],[-88.4532,18.4857],[-88.4532,18.4861],[-88.4532,18.4864],[-88.4533,18.4866],[-88.4534,18.4872],[-88.4533,18.4874],[-88.4534,18.4878],[-88.4537,18.488],[-88.454,18.4883],[-88.4542,18.4885],[-88.4546,18.4887],[-88.4548,18.4889],[-88.4556,18.489],[-88.4557,18.489],[-88.4562,18.4891],[-88.4566,18.4892],[-88.4571,18.4895],[-88.4575,18.4895],[-88.4578,18.4895],[-88.4584,18.4896],[-88.4591,18.4895],[-88.4593,18.4894],[-88.4596,18.4893],[-88.4598,18.4892],[-88.4602,18.4891],[-88.4604,18.489],[-88.4608,18.489],[-88.4612,18.4889],[-88.4619,18.4886],[-88.4621,18.4885],[-88.4623,18.4884],[-88.4626,18.4882],[-88.4626,18.4882],[-88.4629,18.488],[-88.4634,18.4876],[-88.4637,18.4875],[-88.4643,18.487],[-88.4645,18.487],[-88.4647,18.487],[-88.4651,18.487],[-88.4651,18.487],[-88.4653,18.4871],[-88.4655,18.4872],[-88.4657,18.4873],[-88.4659,18.4875],[-88.466,18.4877],[-88.4666,18.4882],[-88.4667,18.4884],[-88.4669,18.4888],[-88.4671,18.4891],[-88.4673,18.4893],[-88.4673,18.4894],[-88.4676,18.4901],[-88.4677,18.4902],[-88.4683,18.4904],[-88.4692,18.4903],[-88.4695,18.4903],[-88.4698,18.4902],[-88.4701,18.4901],[-88.4701,18.49],[-88.4706,18.4899],[-88.4708,18.4898],[-88.471,18.4897],[-88.4711,18.4896],[-88.4713,18.4896],[-88.4714,18.4896],[-88.4715,18.4896],[-88.4717,18.4896],[-88.4722,18.4897],[-88.4722,18.4897],[-88.4727,18.4899],[-88.4729,18.4902],[-88.473,18.4904],[-88.4731,18.4906],[-88.4732,18.4908],[-88.4733,18.4912],[-88.4734,18.4914],[-88.4734,18.4916],[-88.4737,18.4923],[-88.4738,18.4928],[-88.4738,18.4928],[-88.4739,18.4931],[-88.474,18.4934],[-88.4741,18.4937],[-88.4742,18.4942],[-88.4743,18.4945],[-88.4748,18.4947],[-88.4751,18.4947],[-88.4752,18.4947],[-88.4757,18.4947],[-88.4759,18.4947],[-88.4761,18.4947],[-88.4764,18.4947],[-88.4766,18.4946],[-88.4768,18.4945],[-88.4771,18.4944],[-88.4775,18.4943],[-88.4778,18.4942],[-88.4783,18.4939],[-88.4785,18.4937],[-88.4786,18.4936],[-88.4787,18.4935],[-88.4787,18.4934],[-88.4789,18.4933],[-88.479,18.4932],[-88.4794,18.4928],[-88.4796,18.4927],[-88.4799,18.4926],[-88.4802,18.4925],[-88.4805,18.4922],[-88.4807,18.492],[-88.481,18.4918],[-88.4812,18.4915],[-88.4819,18.4909],[-88.4824,18.4902],[-88.4826,18.4898],[-88.4831,18.4892],[-88.4834,18.4888],[-88.4836,18.4886],[-88.4842,18.4882],[-88.4845,18.4879],[-88.4848,18.4876],[-88.4851,18.4872],[-88.4854,18.4869],[-88.4856,18.4867],[-88.4861,18.4861],[-88.4864,18.4859],[-88.4869,18.4853],[-88.4872,18.4849],[-88.4874,18.4849],[-88.4887,18.4843],[-88.4909,18.4844],[-88.4913,18.4841],[-88.4916,18.4839],[-88.4918,18.4838],[-88.4922,18.4832],[-88.4926,18.483],[-88.4929,18.4826],[-88.4931,18.4824],[-88.4933,18.482],[-88.4935,18.4815],[-88.4938,18.4814],[-88.494,18.4811],[-88.4941,18.4807],[-88.4942,18.4803],[-88.4944,18.4798],[-88.4946,18.4794],[-88.4947,18.4793],[-88.4951,18.4786],[-88.4954,18.4781],[-88.4958,18.4778],[-88.4964,18.4771],[-88.4972,18.4765],[-88.4978,18.4762],[-88.4985,18.4758],[-88.4989,18.4755],[-88.4995,18.475],[-88.5008,18.4743],[-88.5016,18.4737],[-88.5021,18.4734],[-88.5024,18.4732],[-88.5033,18.4726],[-88.5036,18.4725],[-88.5041,18.4723],[-88.5042,18.4723],[-88.5047,18.4717],[-88.5057,18.4713],[-88.5064,18.4709],[-88.5069,18.4706],[-88.5073,18.4702],[-88.5077,18.4701],[-88.5082,18.47],[-88.5085,18.4697],[-88.5087,18.4695],[-88.5091,18.4691],[-88.5095,18.4687],[-88.5098,18.4684],[-88.5101,18.468],[-88.5103,18.4678],[-88.5108,18.4675],[-88.5112,18.4672],[-88.5118,18.4668],[-88.512,18.4668],[-88.513,18.4657],[-88.5133,18.4654],[-88.5134,18.4651],[-88.5138,18.4649],[-88.5144,18.4646],[-88.5154,18.4643],[-88.5163,18.4642],[-88.5176,18.4635],[-88.5186,18.4622],[-88.5191,18.4613],[-88.5198,18.4604],[-88.5206,18.4593],[-88.521,18.4584],[-88.5212,18.458],[-88.5216,18.4565],[-88.5222,18.453],[-88.5226,18.4497],[-88.5231,18.449],[-88.5232,18.4487],[-88.5238,18.4456],[-88.525,18.4418],[-88.5261,18.4391],[-88.5272,18.4366],[-88.5279,18.4354],[-88.528,18.4345],[-88.5281,18.4336],[-88.5282,18.4305],[-88.5282,18.4298],[-88.5282,18.4289],[-88.5282,18.4277],[-88.5283,18.4269],[-88.5286,18.426],[-88.5287,18.4249],[-88.5288,18.423],[-88.5293,18.4197],[-88.5296,18.418],[-88.5299,18.4166],[-88.5301,18.4162],[-88.5304,18.415],[-88.5314,18.4109],[-88.5315,18.4101],[-88.5317,18.4094],[-88.5319,18.4082],[-88.5328,18.4068],[-88.5333,18.4058],[-88.5346,18.4036],[-88.5358,18.4014],[-88.5372,18.3997],[-88.5381,18.3984],[-88.5385,18.3981],[-88.539,18.3974],[-88.5391,18.3971],[-88.5399,18.3963],[-88.5404,18.3957],[-88.5406,18.3953],[-88.541,18.3947],[-88.5412,18.3941],[-88.5414,18.3939],[-88.5418,18.3936],[-88.5422,18.3936],[-88.5429,18.3933],[-88.5435,18.3929],[-88.5439,18.3926],[-88.5448,18.3917],[-88.5452,18.3912],[-88.5455,18.3907],[-88.5456,18.3903],[-88.5458,18.3896],[-88.5459,18.3891],[-88.5461,18.3886],[-88.5463,18.388],[-88.5464,18.3875],[-88.5465,18.3872],[-88.5465,18.3868],[-88.5466,18.3864],[-88.5465,18.3862],[-88.5465,18.3858],[-88.5466,18.3855],[-88.5467,18.385],[-88.5467,18.3846],[-88.5469,18.384],[-88.547,18.3835],[-88.5472,18.383],[-88.5474,18.3824],[-88.5482,18.3814],[-88.5486,18.3809],[-88.5495,18.3802],[-88.5495,18.3801],[-88.5502,18.3794],[-88.5505,18.3786],[-88.5513,18.3766],[-88.5516,18.3761],[-88.5518,18.3755],[-88.5519,18.3752],[-88.5518,18.3748],[-88.5516,18.3739],[-88.5513,18.3732],[-88.5508,18.3726],[-88.5499,18.3716],[-88.5491,18.3708],[-88.5488,18.3704],[-88.5483,18.3702],[-88.548,18.3699],[-88.5473,18.3697],[-88.5467,18.3693],[-88.5464,18.369],[-88.5459,18.3684],[-88.5455,18.3674],[-88.5449,18.3658],[-88.5449,18.3649],[-88.545,18.3644],[-88.5448,18.3639],[-88.5444,18.3632],[-88.544,18.3626],[-88.544,18.3619],[-88.5441,18.361],[-88.5443,18.3606],[-88.5444,18.36],[-88.5448,18.3596],[-88.5454,18.359],[-88.5458,18.3584],[-88.5463,18.3575],[-88.5468,18.3565],[-88.5472,18.3556],[-88.5489,18.3538],[-88.5496,18.3535],[-88.5501,18.353],[-88.5508,18.3525],[-88.5511,18.3522],[-88.5516,18.3517],[-88.5519,18.3513],[-88.5523,18.3508],[-88.5528,18.3502],[-88.553,18.3499],[-88.5534,18.3492],[-88.5537,18.3488],[-88.5547,18.3471],[-88.5549,18.3467],[-88.5553,18.3462],[-88.5558,18.3455],[-88.5567,18.3447],[-88.5575,18.344],[-88.5583,18.3432],[-88.559,18.3425],[-88.5594,18.3421],[-88.5598,18.3415],[-88.5601,18.3408],[-88.5605,18.3402],[-88.5609,18.3395],[-88.5611,18.339],[-88.5613,18.3384],[-88.5616,18.3378],[-88.5623,18.3368],[-88.5629,18.336],[-88.5634,18.3355],[-88.5639,18.3348],[-88.5644,18.3343],[-88.5645,18.3341],[-88.5655,18.3337],[-88.5664,18.333],[-88.5668,18.3327],[-88.5673,18.332],[-88.5684,18.3313],[-88.5689,18.3307],[-88.5695,18.33],[-88.57,18.3295],[-88.5704,18.329],[-88.5707,18.3287],[-88.571,18.3282],[-88.572,18.3263],[-88.5722,18.3255],[-88.5723,18.325],[-88.5723,18.3249],[-88.5724,18.3246],[-88.5725,18.3239],[-88.5728,18.3235],[-88.5728,18.3232],[-88.5731,18.3231],[-88.5734,18.3229],[-88.574,18.3227],[-88.5744,18.3221],[-88.5748,18.3214],[-88.575,18.321],[-88.5752,18.3205],[-88.5753,18.3202],[-88.5757,18.3199],[-88.5761,18.3198],[-88.5764,18.32],[-88.5766,18.3202],[-88.5768,18.3204],[-88.5772,18.3206],[-88.5778,18.3207],[-88.5784,18.3207],[-88.5788,18.3204],[-88.5791,18.3198],[-88.5791,18.3195],[-88.5792,18.3191],[-88.5795,18.3186],[-88.5797,18.3183],[-88.5798,18.318],[-88.5803,18.3175],[-88.5807,18.317],[-88.5814,18.3162],[-88.5823,18.3154],[-88.5828,18.315],[-88.5834,18.3145],[-88.5839,18.3141],[-88.5846,18.3138],[-88.5852,18.3133],[-88.586,18.3119],[-88.5866,18.3109],[-88.5877,18.3096],[-88.5884,18.3091],[-88.5888,18.3086],[-88.5897,18.3076],[-88.5905,18.3067],[-88.5915,18.306],[-88.5924,18.3052],[-88.5934,18.3041],[-88.5948,18.3022],[-88.5953,18.3016],[-88.5959,18.3013],[-88.5963,18.3009],[-88.5966,18.3004],[-88.5967,18.2999],[-88.5974,18.2985],[-88.598,18.2974],[-88.5984,18.297],[-88.5987,18.2968],[-88.5995,18.2967],[-88.6005,18.2965],[-88.6011,18.2964],[-88.6021,18.2958],[-88.6028,18.2951],[-88.6034,18.2942],[-88.605,18.2929],[-88.6056,18.2921],[-88.6058,18.2917],[-88.6058,18.2914],[-88.6057,18.291],[-88.6056,18.2908],[-88.6054,18.2906],[-88.605,18.2906],[-88.6048,18.2906],[-88.6046,18.2909],[-88.6044,18.2914],[-88.6038,18.2917],[-88.6033,18.2918],[-88.603,18.2916],[-88.6026,18.291],[-88.6023,18.2907],[-88.6015,18.2905],[-88.6007,18.2904],[-88.6003,18.2905],[-88.5996,18.2908],[-88.599,18.2911],[-88.5987,18.2912],[-88.5981,18.291],[-88.5975,18.2902],[-88.5973,18.2894],[-88.5973,18.2889],[-88.5977,18.2883],[-88.5979,18.288],[-88.5986,18.2865],[-88.5988,18.2858],[-88.599,18.2852],[-88.5991,18.2844],[-88.5996,18.2834],[-88.5999,18.2827],[-88.6008,18.28],[-88.601,18.2793],[-88.6009,18.2788],[-88.6008,18.2784],[-88.6005,18.2778],[-88.6,18.2768],[-88.5999,18.276],[-88.6,18.2752],[-88.6003,18.2743],[-88.6007,18.2732],[-88.6015,18.2722],[-88.6024,18.271],[-88.6027,18.2705],[-88.6027,18.2698],[-88.6025,18.2692],[-88.6024,18.2688],[-88.6023,18.2683],[-88.6027,18.2676],[-88.6033,18.2665],[-88.6046,18.2655],[-88.6059,18.2651],[-88.6064,18.2644],[-88.6065,18.2638],[-88.6063,18.2631],[-88.6063,18.2621],[-88.6063,18.2615],[-88.6059,18.2605],[-88.6056,18.2592],[-88.6051,18.2585],[-88.6044,18.2581],[-88.6041,18.258],[-88.6039,18.2578],[-88.6038,18.2574],[-88.604,18.2571],[-88.6046,18.2569],[-88.605,18.2566],[-88.6056,18.2565],[-88.6056,18.2558],[-88.6055,18.2551],[-88.6055,18.2548],[-88.6055,18.2545],[-88.6056,18.2541],[-88.6056,18.2536],[-88.6056,18.2531],[-88.6055,18.2525],[-88.6055,18.2522],[-88.6047,18.2518],[-88.6043,18.2516],[-88.6041,18.2515],[-88.6038,18.2514],[-88.6035,18.2512],[-88.6032,18.2512],[-88.6031,18.2508],[-88.6031,18.2506],[-88.6032,18.2503],[-88.6035,18.2501],[-88.6039,18.25],[-88.6042,18.2496],[-88.6043,18.249],[-88.6042,18.2484],[-88.6044,18.2476],[-88.6047,18.2471],[-88.605,18.2468],[-88.6054,18.2464],[-88.6061,18.2461],[-88.6066,18.2456],[-88.6066,18.2453],[-88.6064,18.245],[-88.6061,18.2449],[-88.6057,18.2449],[-88.6049,18.245],[-88.6045,18.2452],[-88.6043,18.2453],[-88.6041,18.2451],[-88.604,18.2447],[-88.6041,18.2443],[-88.6042,18.2431],[-88.6044,18.2415],[-88.6047,18.241],[-88.6054,18.2404],[-88.606,18.2401],[-88.6084,18.2383],[-88.6089,18.2373],[-88.609,18.2364],[-88.6091,18.2356],[-88.6092,18.2346],[-88.6095,18.234],[-88.6098,18.2337],[-88.6101,18.2333],[-88.6105,18.2332],[-88.6108,18.2332],[-88.6111,18.233],[-88.6114,18.2329],[-88.6116,18.2329],[-88.6117,18.2328],[-88.6119,18.2326],[-88.6121,18.2325],[-88.6123,18.2324],[-88.6124,18.2323],[-88.6125,18.2321],[-88.6124,18.2317],[-88.6122,18.2311],[-88.612,18.2306],[-88.612,18.2303],[-88.6119,18.23],[-88.6122,18.2297],[-88.6128,18.2292],[-88.6135,18.2288],[-88.6139,18.2285],[-88.6139,18.2279],[-88.614,18.227],[-88.614,18.2262],[-88.6142,18.2256],[-88.6148,18.2252],[-88.6149,18.2246],[-88.6152,18.224],[-88.6154,18.2237],[-88.6155,18.2233],[-88.616,18.223],[-88.6165,18.223],[-88.6168,18.2233],[-88.6172,18.2236],[-88.6178,18.2237],[-88.6181,18.2238],[-88.6184,18.2237],[-88.6189,18.2237],[-88.619,18.2236],[-88.6191,18.2235],[-88.6193,18.2233],[-88.6196,18.2233],[-88.6199,18.2231],[-88.6203,18.2231],[-88.6206,18.223],[-88.6211,18.223],[-88.6214,18.2228],[-88.6218,18.2224],[-88.6221,18.2221],[-88.6226,18.2218],[-88.6233,18.2217],[-88.6237,18.2215],[-88.6241,18.2214],[-88.6246,18.2209],[-88.6247,18.2201],[-88.6249,18.2195],[-88.6253,18.219],[-88.6258,18.2187],[-88.6265,18.2186],[-88.6271,18.2187],[-88.6278,18.2188],[-88.6284,18.2189],[-88.629,18.219],[-88.6293,18.2186],[-88.6299,18.2182],[-88.6302,18.2178],[-88.6305,18.2174],[-88.6307,18.2171],[-88.6311,18.217],[-88.6313,18.2168],[-88.6317,18.2168],[-88.6318,18.2165],[-88.632,18.2162],[-88.6323,18.2157],[-88.6323,18.2153],[-88.6322,18.2149],[-88.632,18.2146],[-88.6319,18.2143],[-88.6316,18.214],[-88.6318,18.2137],[-88.6319,18.2135],[-88.632,18.2132],[-88.6324,18.2129],[-88.6328,18.213],[-88.6332,18.2131],[-88.6335,18.2133],[-88.6339,18.2135],[-88.6343,18.2136],[-88.6347,18.2138],[-88.6351,18.2141],[-88.6354,18.2142],[-88.6356,18.2143],[-88.6359,18.2143],[-88.6362,18.2142],[-88.6366,18.214],[-88.637,18.2141],[-88.6373,18.2143],[-88.6375,18.2144],[-88.6375,18.2145],[-88.6377,18.2146],[-88.6378,18.2146],[-88.6379,18.2148],[-88.6381,18.215],[-88.6383,18.2151],[-88.6386,18.2151],[-88.639,18.2151],[-88.6392,18.2151],[-88.6394,18.2151],[-88.6396,18.2152],[-88.6398,18.2154],[-88.64,18.2156],[-88.6402,18.2159],[-88.6404,18.216],[-88.6404,18.2163],[-88.6405,18.2166],[-88.6407,18.2167],[-88.641,18.2167],[-88.6414,18.2165],[-88.6416,18.2164],[-88.6419,18.2162],[-88.6422,18.2158],[-88.6424,18.2157],[-88.6428,18.2153],[-88.643,18.2151],[-88.6433,18.2148],[-88.6434,18.2146],[-88.6435,18.2144],[-88.6438,18.2141],[-88.6441,18.2137],[-88.6444,18.2133],[-88.6446,18.213],[-88.6447,18.2129],[-88.645,18.2124],[-88.6456,18.2119],[-88.6459,18.2117],[-88.6461,18.2116],[-88.6462,18.2114],[-88.6464,18.2112],[-88.6468,18.2109],[-88.6471,18.2107],[-88.6473,18.2105],[-88.6476,18.2102],[-88.6479,18.21],[-88.6481,18.2097],[-88.6484,18.2096],[-88.6487,18.2095],[-88.6489,18.2094],[-88.6492,18.2093],[-88.6495,18.2092],[-88.6499,18.209],[-88.6503,18.2089],[-88.6506,18.2088],[-88.6509,18.2087],[-88.6511,18.2087],[-88.6513,18.2086],[-88.6516,18.2084],[-88.6518,18.2083],[-88.6522,18.2081],[-88.6526,18.2079],[-88.6531,18.2075],[-88.6536,18.2073],[-88.6539,18.207],[-88.6543,18.2066],[-88.6547,18.2063],[-88.6551,18.2061],[-88.6557,18.2057],[-88.6561,18.2053],[-88.6565,18.2049],[-88.6569,18.2046],[-88.6575,18.2042],[-88.6579,18.2039],[-88.6582,18.2037],[-88.6586,18.2036],[-88.6591,18.2035],[-88.6594,18.2035],[-88.6598,18.2036],[-88.6602,18.2036],[-88.6606,18.2036],[-88.661,18.2036],[-88.6615,18.2036],[-88.662,18.2036],[-88.6624,18.2036],[-88.663,18.2035],[-88.6634,18.2034],[-88.6639,18.2034],[-88.6642,18.2033],[-88.6645,18.2032],[-88.6647,18.2032],[-88.6651,18.2031],[-88.6654,18.2031],[-88.6659,18.2029],[-88.6664,18.2028],[-88.6666,18.2027],[-88.6667,18.2026],[-88.6673,18.2021],[-88.6674,18.202],[-88.6689,18.1999],[-88.6698,18.1976],[-88.6702,18.197],[-88.6711,18.196],[-88.6719,18.1952],[-88.6735,18.1942],[-88.6748,18.1942],[-88.6763,18.1943],[-88.677,18.1943],[-88.6775,18.1943],[-88.6784,18.1943],[-88.6794,18.1943],[-88.6801,18.1945],[-88.6808,18.1947],[-88.6814,18.1947],[-88.6826,18.1947],[-88.6836,18.1947],[-88.6848,18.1946],[-88.6853,18.1948],[-88.6861,18.1948],[-88.6867,18.1947],[-88.6873,18.1943],[-88.6883,18.193],[-88.6899,18.1909],[-88.6917,18.1893],[-88.6927,18.1881],[-88.6943,18.1869],[-88.6948,18.1858],[-88.6958,18.1844],[-88.6966,18.1832],[-88.6976,18.1824],[-88.6977,18.1811],[-88.6973,18.1802],[-88.6971,18.18],[-88.6967,18.1796],[-88.6959,18.1791],[-88.695,18.1789],[-88.6947,18.1789],[-88.6939,18.1788],[-88.6929,18.1789],[-88.6924,18.1789],[-88.6915,18.1789],[-88.6903,18.1788],[-88.6892,18.1786],[-88.6883,18.1785],[-88.6875,18.1783],[-88.6865,18.1783],[-88.686,18.1783],[-88.6852,18.1783],[-88.6848,18.1782],[-88.6844,18.1778],[-88.6844,18.1773],[-88.6847,18.1766],[-88.6843,18.1741],[-88.6843,18.174],[-88.6841,18.1729],[-88.6841,18.1719],[-88.6838,18.1709],[-88.6835,18.1698],[-88.6834,18.1693],[-88.6833,18.1689],[-88.6832,18.1686],[-88.6833,18.1674],[-88.6833,18.1668],[-88.683,18.1665],[-88.6824,18.1656],[-88.6822,18.1651],[-88.6819,18.1647],[-88.6816,18.1642],[-88.6813,18.1638],[-88.681,18.1634],[-88.6806,18.163],[-88.6801,18.1625],[-88.68,18.1619],[-88.68,18.1611],[-88.6801,18.1602],[-88.6804,18.1595],[-88.6813,18.1589],[-88.6826,18.1582],[-88.6841,18.1573],[-88.6856,18.1563],[-88.6863,18.1559],[-88.6879,18.1561],[-88.6892,18.1558],[-88.6901,18.155],[-88.6909,18.1528],[-88.6914,18.1517],[-88.692,18.1508],[-88.6929,18.1495],[-88.6952,18.1482],[-88.696,18.1469],[-88.6967,18.1446],[-88.6975,18.1435],[-88.6985,18.1425],[-88.6986,18.1407],[-88.699,18.1393],[-88.6994,18.1381],[-88.7001,18.1373],[-88.7007,18.137],[-88.7011,18.1369],[-88.702,18.1364],[-88.7028,18.1354],[-88.7036,18.1348],[-88.7037,18.1347],[-88.7041,18.134],[-88.705,18.1327],[-88.7054,18.1308],[-88.7061,18.1289],[-88.7074,18.1271],[-88.7083,18.126],[-88.7084,18.1258],[-88.7095,18.1239],[-88.7097,18.1231],[-88.7097,18.1229],[-88.7097,18.122],[-88.7093,18.1211],[-88.7093,18.1207],[-88.7093,18.1199],[-88.7093,18.1193],[-88.7095,18.1185],[-88.7098,18.1178],[-88.7102,18.1171],[-88.7107,18.1162],[-88.7114,18.1157],[-88.7119,18.1153],[-88.7125,18.115],[-88.7125,18.115],[-88.7127,18.1149],[-88.7132,18.1146],[-88.7132,18.1146],[-88.7138,18.1142],[-88.7143,18.1136],[-88.7146,18.1134],[-88.7162,18.1117],[-88.7163,18.1116],[-88.7166,18.1113],[-88.7171,18.111],[-88.7173,18.1109],[-88.7173,18.1108],[-88.7174,18.1104],[-88.7175,18.1102],[-88.7181,18.1094],[-88.7186,18.1088],[-88.7188,18.1084],[-88.7188,18.1083],[-88.7188,18.1082],[-88.7185,18.1078],[-88.7175,18.1071],[-88.7171,18.1068],[-88.7164,18.1064],[-88.7155,18.1065],[-88.7147,18.1066],[-88.7145,18.1064],[-88.7144,18.1062],[-88.7143,18.1057],[-88.7139,18.1054],[-88.7133,18.1051],[-88.7127,18.1047],[-88.7121,18.1041],[-88.7117,18.1029],[-88.7114,18.1015],[-88.7112,18.1006],[-88.7108,18.099],[-88.7103,18.097],[-88.7106,18.0962],[-88.7114,18.0959],[-88.7133,18.0954],[-88.7147,18.0951],[-88.7157,18.0942],[-88.7161,18.0929],[-88.7164,18.0918],[-88.7169,18.0906],[-88.7181,18.0893],[-88.7187,18.0882],[-88.7182,18.0873],[-88.7176,18.0863],[-88.7176,18.0857],[-88.7186,18.0849],[-88.7194,18.0843],[-88.7196,18.0839],[-88.7195,18.0823],[-88.7195,18.0817],[-88.7192,18.0811],[-88.7187,18.0808],[-88.7178,18.081],[-88.7167,18.0813],[-88.7158,18.0811],[-88.7154,18.0808],[-88.7152,18.0801],[-88.7152,18.0793],[-88.7152,18.0785],[-88.7151,18.0772],[-88.7149,18.0764],[-88.7139,18.0754],[-88.7138,18.0743],[-88.7142,18.0733],[-88.7152,18.0726],[-88.7163,18.0719],[-88.7171,18.0719],[-88.7186,18.0724],[-88.7191,18.072],[-88.7191,18.0711],[-88.7189,18.0699],[-88.7189,18.0684],[-88.719,18.0673],[-88.7184,18.066],[-88.7183,18.0651],[-88.7183,18.0641],[-88.7173,18.0627],[-88.7164,18.0616],[-88.7167,18.0605],[-88.7187,18.0601],[-88.7203,18.0595],[-88.7225,18.0573],[-88.7248,18.0545],[-88.7271,18.0531],[-88.7294,18.0512],[-88.7315,18.0496],[-88.7335,18.049],[-88.736,18.0484],[-88.7374,18.0479],[-88.7396,18.0482],[-88.7404,18.0475],[-88.7403,18.0443],[-88.7408,18.0437],[-88.7429,18.0441],[-88.7438,18.0439],[-88.7452,18.0429],[-88.746,18.0425],[-88.7467,18.0416],[-88.7474,18.0402],[-88.7481,18.0403],[-88.749,18.0409],[-88.7496,18.041],[-88.7505,18.0401],[-88.752,18.04],[-88.7534,18.0388],[-88.7542,18.0381],[-88.755,18.038],[-88.7558,18.0381],[-88.7561,18.0381],[-88.7569,18.0379],[-88.757,18.0375],[-88.7572,18.036],[-88.758,18.0356],[-88.7587,18.0358],[-88.7598,18.0358],[-88.7609,18.0347],[-88.7615,18.0345],[-88.7622,18.0347],[-88.7627,18.0349],[-88.7635,18.035],[-88.7645,18.0348],[-88.7656,18.0348],[-88.7667,18.0343],[-88.7669,18.0337],[-88.7673,18.0333],[-88.7684,18.032],[-88.7701,18.03],[-88.7708,18.0292],[-88.7707,18.0284],[-88.7703,18.0276],[-88.7692,18.0262],[-88.7689,18.0254],[-88.7685,18.025],[-88.768,18.0246],[-88.7683,18.0236],[-88.7682,18.0226],[-88.7679,18.0219],[-88.7677,18.0208],[-88.7677,18.0199],[-88.7679,18.019],[-88.7688,18.0181],[-88.7691,18.0173],[-88.7686,18.0169],[-88.767,18.0166],[-88.7669,18.016],[-88.7672,18.0155],[-88.7677,18.0147],[-88.768,18.0141],[-88.7684,18.0138],[-88.7696,18.0133],[-88.7715,18.0131],[-88.7721,18.0127],[-88.7728,18.0121],[-88.7731,18.0099],[-88.7731,18.0093],[-88.7731,18.0085],[-88.7732,18.0079],[-88.773,18.0075],[-88.7724,18.0074],[-88.7717,18.0077],[-88.771,18.0078],[-88.7702,18.0078],[-88.7698,18.0076],[-88.7697,18.0072],[-88.7698,18.0068],[-88.7703,18.0066],[-88.7709,18.0065],[-88.7717,18.0063],[-88.7724,18.0055],[-88.7731,18.0052],[-88.7738,18.0052],[-88.7747,18.0052],[-88.7756,18.0049],[-88.7764,18.0048],[-88.7773,18.0047],[-88.7777,18.0046],[-88.7778,18.0043],[-88.7778,18.0039],[-88.7774,18.0036],[-88.7773,18.0033],[-88.7773,18.0031],[-88.7773,18.0028],[-88.7777,18.0025],[-88.779,18.0023],[-88.7798,18.0021],[-88.7804,18.0018],[-88.7816,18.001],[-88.7818,18.0008],[-88.7823,18.0006],[-88.7831,18.0002],[-88.7836,17.9995],[-88.7841,17.9987],[-88.7844,17.998],[-88.7843,17.997],[-88.7843,17.9965],[-88.7844,17.9959],[-88.7853,17.9951],[-88.7859,17.9948],[-88.7866,17.9941],[-88.7872,17.9936],[-88.7877,17.9933],[-88.7885,17.993],[-88.7886,17.9926],[-88.7884,17.9921],[-88.788,17.9917],[-88.7877,17.9914],[-88.7878,17.9908],[-88.7879,17.9902],[-88.7877,17.9896],[-88.7871,17.9896],[-88.7867,17.9898],[-88.7865,17.9902],[-88.7862,17.9905],[-88.786,17.9906],[-88.7858,17.9905],[-88.7857,17.9903],[-88.7856,17.99],[-88.7857,17.9898],[-88.7859,17.9895],[-88.786,17.9892],[-88.7862,17.9888],[-88.7862,17.9887],[-88.7862,17.9883],[-88.7859,17.9876],[-88.7855,17.9872],[-88.785,17.9871],[-88.7847,17.9875],[-88.7845,17.9878],[-88.7844,17.9882],[-88.784,17.9885],[-88.7837,17.9886],[-88.7833,17.9885],[-88.7831,17.9883],[-88.7832,17.9879],[-88.7833,17.9876],[-88.7836,17.9874],[-88.7839,17.9871],[-88.7844,17.9868],[-88.7848,17.9862],[-88.7851,17.9857],[-88.7851,17.9852],[-88.7847,17.9849],[-88.7843,17.9849],[-88.7837,17.9852],[-88.7831,17.9854],[-88.7825,17.9855],[-88.782,17.9855],[-88.7817,17.9853],[-88.7815,17.9851],[-88.7816,17.9848],[-88.7818,17.9845],[-88.7824,17.9845],[-88.783,17.9844],[-88.7835,17.9839],[-88.7839,17.9836],[-88.7844,17.9833],[-88.7847,17.9829],[-88.7849,17.9825],[-88.7849,17.9821],[-88.7848,17.9816],[-88.7846,17.9812],[-88.7843,17.9809],[-88.7843,17.9805],[-88.7843,17.9802],[-88.7845,17.9799],[-88.7849,17.9794],[-88.7855,17.9791],[-88.7864,17.9789],[-88.7868,17.9793],[-88.7868,17.9802],[-88.7869,17.9807],[-88.7871,17.9811],[-88.7876,17.9814],[-88.7879,17.9814],[-88.7881,17.9812],[-88.7884,17.9811],[-88.7888,17.981],[-88.7892,17.9804],[-88.7898,17.9793],[-88.7908,17.9784],[-88.7913,17.9777],[-88.7917,17.977],[-88.7916,17.9758],[-88.7907,17.9752],[-88.7906,17.9744],[-88.7908,17.9736],[-88.7915,17.9727],[-88.7921,17.9718],[-88.7925,17.9716],[-88.7931,17.9716],[-88.7932,17.9721],[-88.793,17.9728],[-88.7928,17.9732],[-88.7929,17.9739],[-88.793,17.974],[-88.7936,17.9741],[-88.794,17.9741],[-88.7947,17.9743],[-88.7954,17.9744],[-88.796,17.9743],[-88.7963,17.9737],[-88.7961,17.9731],[-88.7958,17.9726],[-88.7957,17.972],[-88.7959,17.9716],[-88.7962,17.9714],[-88.7968,17.9712],[-88.7976,17.9712],[-88.7986,17.971],[-88.7992,17.9706],[-88.7994,17.9698],[-88.8,17.9682],[-88.8014,17.9675],[-88.8018,17.9674],[-88.8028,17.9671],[-88.8042,17.9663],[-88.8046,17.9653],[-88.8045,17.9641],[-88.805,17.9636],[-88.8064,17.9634],[-88.8066,17.9629],[-88.8063,17.9624],[-88.8048,17.9623],[-88.8047,17.9617],[-88.8051,17.9611],[-88.8062,17.9605],[-88.8071,17.9589],[-88.8082,17.9575],[-88.8093,17.9562],[-88.8103,17.9548],[-88.8117,17.9538],[-88.813,17.9535],[-88.814,17.953],[-88.8142,17.9524],[-88.8143,17.9516],[-88.8152,17.9503],[-88.8164,17.9494],[-88.8182,17.9494],[-88.8197,17.9494],[-88.8213,17.9494],[-88.8219,17.949],[-88.8224,17.9483],[-88.8231,17.9475],[-88.8242,17.947],[-88.8251,17.9468],[-88.8259,17.9467],[-88.8266,17.9469],[-88.8273,17.9471],[-88.8284,17.9475],[-88.8299,17.9487],[-88.8305,17.9488],[-88.8305,17.9488],[-88.8306,17.9483],[-88.8303,17.9477],[-88.8298,17.947],[-88.8299,17.9468],[-88.8301,17.9464],[-88.8308,17.9461],[-88.8318,17.9461],[-88.8325,17.946],[-88.8326,17.946],[-88.8333,17.9457],[-88.8338,17.9452],[-88.834,17.9446],[-88.8342,17.9433],[-88.8337,17.9419],[-88.835,17.9412],[-88.838,17.9402],[-88.8394,17.94],[-88.8414,17.9402],[-88.8426,17.9403],[-88.843,17.9403],[-88.8443,17.9403],[-88.8445,17.94],[-88.8445,17.9395],[-88.844,17.9389],[-88.8435,17.9384],[-88.8435,17.9379],[-88.8439,17.9374],[-88.845,17.9372],[-88.8457,17.9371],[-88.8462,17.9371],[-88.8474,17.937],[-88.848,17.9365],[-88.8484,17.9356],[-88.8494,17.9343],[-88.85,17.9339],[-88.8502,17.9338],[-88.8507,17.9337],[-88.8515,17.9337],[-88.8517,17.9337],[-88.8522,17.9335],[-88.8526,17.9331],[-88.8529,17.9325],[-88.8534,17.9318],[-88.8541,17.9306],[-88.8547,17.9296],[-88.8554,17.9286],[-88.8557,17.928],[-88.8555,17.9273],[-88.8554,17.9265],[-88.8556,17.9262],[-88.8562,17.9259],[-88.8567,17.9256],[-88.8571,17.9253],[-88.8577,17.9254],[-88.8584,17.9256],[-88.859,17.9255],[-88.8594,17.9252],[-88.8594,17.9247],[-88.859,17.9245],[-88.8581,17.9245],[-88.8577,17.9246],[-88.8574,17.9243],[-88.8574,17.9238],[-88.8581,17.9235],[-88.8582,17.9232],[-88.858,17.9227],[-88.8577,17.9222],[-88.8571,17.922],[-88.8566,17.922],[-88.856,17.9219],[-88.8559,17.9218],[-88.8559,17.9217],[-88.856,17.9213],[-88.8565,17.9208],[-88.8562,17.9206],[-88.8555,17.9205],[-88.855,17.9201],[-88.855,17.9198],[-88.8556,17.9194],[-88.8564,17.9189],[-88.8565,17.9185],[-88.8562,17.9181],[-88.8556,17.9179],[-88.855,17.9176],[-88.8553,17.917],[-88.8555,17.9164],[-88.8555,17.9159],[-88.8555,17.9153],[-88.8552,17.9146],[-88.8551,17.9138],[-88.8549,17.9134],[-88.8547,17.9124],[-88.8544,17.9112],[-88.8542,17.9101],[-88.8542,17.9094],[-88.8545,17.909],[-88.8547,17.9088],[-88.8547,17.9083],[-88.8544,17.9081],[-88.8542,17.9077],[-88.8543,17.9074],[-88.8547,17.9072],[-88.8549,17.9072],[-88.8552,17.9068],[-88.8553,17.9064],[-88.8552,17.9059],[-88.8551,17.9053],[-88.855,17.9047],[-88.8549,17.9043],[-88.8549,17.9042],[-88.8555,17.9038],[-88.8559,17.9034],[-88.8564,17.9032],[-88.8573,17.9034],[-88.8577,17.9033],[-88.8578,17.9033],[-88.8583,17.9028],[-88.8583,17.9021],[-88.8583,17.9019],[-88.8589,17.9016],[-88.8596,17.9013],[-88.8601,17.9011],[-88.8604,17.9008],[-88.8604,17.9004],[-88.8603,17.9],[-88.8599,17.8997],[-88.8594,17.8996],[-88.8587,17.8999],[-88.8579,17.9],[-88.8578,17.8998],[-88.8582,17.8992],[-88.8584,17.8987],[-88.8586,17.898],[-88.8591,17.8973],[-88.8593,17.8966],[-88.8594,17.8961],[-88.8598,17.8945],[-88.8603,17.8941],[-88.8612,17.894],[-88.862,17.894],[-88.8635,17.8943],[-88.8653,17.8948],[-88.8655,17.8955],[-88.8659,17.8959],[-88.8666,17.8962],[-88.8676,17.8956],[-88.8688,17.8949],[-88.8695,17.8947],[-88.8702,17.8947],[-88.871,17.8947],[-88.8716,17.8946],[-88.8722,17.8945],[-88.873,17.8946],[-88.8735,17.895],[-88.8739,17.8956],[-88.8746,17.8959],[-88.8751,17.8961],[-88.8751,17.8961],[-88.8751,17.8961],[-88.8753,17.896],[-88.8756,17.8959],[-88.8761,17.8955],[-88.8762,17.8955],[-88.8762,17.8955],[-88.8766,17.8952],[-88.8767,17.8951],[-88.877,17.8948],[-88.8772,17.8946],[-88.8775,17.8945],[-88.8776,17.8944],[-88.8784,17.8946],[-88.8794,17.8954],[-88.8801,17.8959],[-88.8807,17.8962],[-88.8812,17.8964],[-88.8815,17.8964],[-88.8819,17.8963],[-88.8823,17.8961],[-88.8824,17.896],[-88.8829,17.8962],[-88.8834,17.8969],[-88.8836,17.8975],[-88.8837,17.8979],[-88.8837,17.8985],[-88.8836,17.899],[-88.8831,17.8998],[-88.8826,17.9006],[-88.8832,17.9006],[-88.8836,17.9007],[-88.8839,17.9007],[-88.8847,17.9007],[-88.8852,17.9007],[-88.8856,17.9011],[-88.8852,17.9019],[-88.8852,17.902],[-88.8854,17.9025],[-88.8863,17.9027],[-88.8868,17.9031],[-88.8873,17.9038],[-88.8869,17.9056],[-88.8864,17.9064],[-88.8854,17.9066],[-88.8854,17.9076],[-88.886,17.9078],[-88.8867,17.9074],[-88.888,17.9071],[-88.8892,17.907],[-88.8904,17.9069],[-88.8928,17.9074],[-88.8933,17.9075],[-88.8939,17.9069],[-88.8944,17.9063],[-88.8951,17.906],[-88.8963,17.9061],[-88.8976,17.907],[-88.8985,17.9078],[-88.8996,17.9085],[-88.901,17.909],[-88.9021,17.9096],[-88.903,17.9106],[-88.9035,17.9125],[-88.9039,17.9132],[-88.9045,17.9136],[-88.9048,17.914],[-88.9051,17.9146],[-88.9055,17.915],[-88.9059,17.9155],[-88.9066,17.9159],[-88.9072,17.9158],[-88.9076,17.9155],[-88.9079,17.9155],[-88.9082,17.9151],[-88.9085,17.9149],[-88.9093,17.9143],[-88.9096,17.9135],[-88.9096,17.9133],[-88.9096,17.913],[-88.9096,17.9125],[-88.9099,17.912],[-88.9106,17.9118],[-88.9114,17.9115],[-88.9122,17.9109],[-88.9128,17.9104],[-88.9133,17.9104],[-88.9137,17.9106],[-88.9137,17.9112],[-88.9136,17.9121],[-88.9134,17.9128],[-88.9131,17.9134],[-88.9131,17.9141],[-88.9136,17.915],[-88.9143,17.9152],[-88.9147,17.9159],[-88.9154,17.9166],[-88.9162,17.9169],[-88.9169,17.9166],[-88.9177,17.9163],[-88.9186,17.9157],[-88.9197,17.9157],[-88.9205,17.9158],[-88.9209,17.9164],[-88.9208,17.9173],[-88.921,17.9183],[-88.9216,17.9192],[-88.9218,17.9195],[-88.9227,17.9207],[-88.9229,17.9208],[-88.9233,17.922],[-88.9233,17.9221],[-88.9239,17.9235],[-88.924,17.9251],[-88.9243,17.9263],[-88.925,17.927],[-88.9257,17.9281],[-88.9262,17.9289],[-88.9269,17.9297],[-88.9277,17.9301],[-88.9298,17.9304],[-88.9322,17.9306],[-88.9333,17.931],[-88.9337,17.9313],[-88.934,17.9318],[-88.9339,17.9328],[-88.933,17.9334],[-88.9314,17.9337],[-88.9307,17.9349],[-88.9309,17.937],[-88.9311,17.9384],[-88.9311,17.9387],[-88.9312,17.9393],[-88.9306,17.9404],[-88.9305,17.9414],[-88.931,17.9423],[-88.9313,17.9429],[-88.9319,17.9432],[-88.9329,17.9433],[-88.9335,17.9431],[-88.934,17.9426],[-88.9346,17.9421],[-88.9352,17.9408],[-88.936,17.9399],[-88.9372,17.94],[-88.938,17.9406],[-88.9388,17.9417],[-88.9387,17.9429],[-88.9382,17.9441],[-88.9374,17.9452],[-88.9374,17.9464],[-88.9378,17.9472],[-88.9385,17.9479],[-88.9392,17.9488],[-88.9397,17.9495],[-88.9405,17.95],[-88.9419,17.9506],[-88.9427,17.9505],[-88.9443,17.9507],[-88.9448,17.9516],[-88.9453,17.9527],[-88.9452,17.9541],[-88.9451,17.9554],[-88.9449,17.9564],[-88.9444,17.9576],[-88.9441,17.9581],[-88.9448,17.9591],[-88.9458,17.9594],[-88.9476,17.9589],[-88.9476,17.9589],[-88.9487,17.9582],[-88.9492,17.9572],[-88.95,17.9561],[-88.9506,17.9563],[-88.9509,17.9566],[-88.9512,17.9564],[-88.9521,17.9556],[-88.9538,17.9546],[-88.9547,17.9551],[-88.9544,17.9563],[-88.955,17.9568],[-88.9564,17.9569],[-88.9569,17.9567],[-88.9569,17.9567],[-88.9569,17.9566],[-88.9568,17.956],[-88.957,17.9551],[-88.9581,17.9535],[-88.9591,17.9522],[-88.9598,17.9517],[-88.9617,17.9525],[-88.9649,17.954],[-88.9654,17.9542],[-88.9661,17.9543],[-88.9667,17.9542],[-88.9676,17.9542],[-88.9681,17.9539],[-88.9685,17.9533],[-88.9692,17.9526],[-88.9696,17.9524],[-88.9701,17.9524],[-88.9704,17.9525],[-88.9707,17.9526],[-88.9709,17.953],[-88.9711,17.9533],[-88.9716,17.9535],[-88.9722,17.9535],[-88.9727,17.9533],[-88.973,17.9534],[-88.9732,17.9536],[-88.9733,17.9539],[-88.9735,17.9541],[-88.9738,17.9543],[-88.9739,17.9548],[-88.9738,17.9552],[-88.9737,17.9558],[-88.9737,17.956],[-88.9739,17.9562],[-88.9742,17.9563],[-88.9746,17.9562],[-88.9747,17.956],[-88.9749,17.9557],[-88.9752,17.9554],[-88.9754,17.9552],[-88.9757,17.9552],[-88.9758,17.9557],[-88.9758,17.9561],[-88.976,17.9562],[-88.9764,17.9563],[-88.9768,17.9563],[-88.9772,17.9563],[-88.9777,17.9563],[-88.9781,17.9562],[-88.9785,17.9561],[-88.9786,17.9561],[-88.9789,17.9559],[-88.9791,17.9557],[-88.9793,17.9554],[-88.9795,17.9553],[-88.9798,17.9554],[-88.9801,17.9554],[-88.9803,17.9555],[-88.9806,17.9561],[-88.9807,17.9563],[-88.981,17.9568],[-88.9811,17.9572],[-88.9811,17.9576],[-88.9812,17.9576],[-88.9816,17.9578],[-88.9823,17.958],[-88.9827,17.9581],[-88.9828,17.9581],[-88.9833,17.958],[-88.9838,17.9577],[-88.9843,17.9573],[-88.9847,17.957],[-88.9851,17.9565],[-88.9853,17.9557],[-88.9854,17.9551],[-88.9854,17.9547],[-88.9856,17.9544],[-88.9856,17.9539],[-88.9854,17.9536],[-88.9856,17.9527],[-88.9853,17.952],[-88.9852,17.9515],[-88.9854,17.9507],[-88.9856,17.9501],[-88.9858,17.9491],[-88.986,17.9487],[-88.9861,17.9485],[-88.9862,17.9482],[-88.9863,17.948],[-88.9861,17.9477],[-88.9859,17.9475],[-88.9862,17.9473],[-88.9866,17.9472],[-88.987,17.9472],[-88.9872,17.9473],[-88.9872,17.9475],[-88.9871,17.9478],[-88.9871,17.9481],[-88.9872,17.9483],[-88.9875,17.9484],[-88.9877,17.9483],[-88.9879,17.9484],[-88.9879,17.9484],[-88.9882,17.9484],[-88.9883,17.9484],[-88.9884,17.9485],[-88.9886,17.9488],[-88.9889,17.9492],[-88.989,17.9493],[-88.9892,17.9496],[-88.9895,17.95],[-88.9898,17.9502],[-88.9902,17.9506],[-88.9904,17.9507],[-88.9908,17.9513],[-88.9913,17.9517],[-88.9915,17.9524],[-88.9916,17.9525],[-88.9918,17.9528],[-88.9918,17.9532],[-88.9917,17.9535],[-88.9915,17.9538],[-88.9915,17.9541],[-88.9918,17.9543],[-88.9921,17.9544],[-88.9924,17.9545],[-88.9927,17.9549],[-88.9932,17.9555],[-88.9936,17.9559],[-88.9937,17.9563],[-88.9938,17.9567],[-88.9938,17.9569],[-88.9938,17.9572],[-88.9937,17.9576],[-88.9937,17.9579],[-88.9936,17.9581],[-88.9936,17.9583],[-88.9934,17.9586],[-88.993,17.9592],[-88.993,17.9597],[-88.9932,17.96],[-88.9939,17.9607],[-88.9946,17.9617],[-88.9953,17.9627],[-88.9959,17.964],[-88.9962,17.9647],[-88.9967,17.9654],[-88.9972,17.9659],[-88.9991,17.967],[-88.9996,17.9675],[-88.9993,17.968],[-88.9992,17.9683],[-88.9989,17.9687],[-88.9986,17.9691],[-88.9981,17.9702],[-88.9979,17.9709],[-88.9982,17.9717],[-88.9993,17.9722],[-89.0001,17.9723],[-89.0006,17.9722],[-89.0013,17.9721],[-89.0021,17.9723],[-89.0026,17.9723],[-89.0033,17.9723],[-89.0037,17.9724],[-89.004,17.9725],[-89.0039,17.9729],[-89.0038,17.9733],[-89.0037,17.9737],[-89.0036,17.974],[-89.0037,17.9743],[-89.0037,17.9745],[-89.0038,17.9748],[-89.004,17.975],[-89.0041,17.9753],[-89.004,17.9755],[-89.0038,17.9758],[-89.0036,17.9761],[-89.0031,17.9764],[-89.0027,17.9765],[-89.0023,17.9766],[-89.0018,17.9768],[-89.0011,17.9768],[-89.0007,17.977],[-89.0005,17.9771],[-89.0003,17.9772],[-89.0001,17.9773],[-89.0001,17.9774],[-89.0001,17.9775],[-89.0001,17.9776],[-89.0001,17.9777],[-89.0001,17.9779],[-89.0001,17.9781],[-89.0001,17.9782],[-89.0002,17.9784],[-89.0002,17.9785],[-89.0002,17.9787],[-89.0002,17.9788],[-89.0002,17.9789],[-89.0,17.9792],[-88.9998,17.9793],[-88.9997,17.9794],[-88.9995,17.9796],[-88.9992,17.9796],[-88.9991,17.9797],[-88.9989,17.9798],[-88.9989,17.9799],[-88.9989,17.9801],[-88.999,17.9803],[-88.9992,17.9804],[-88.9993,17.9806],[-88.9995,17.9807],[-88.9998,17.9809],[-89.0001,17.9808],[-89.0004,17.9809],[-89.0005,17.9811],[-89.0004,17.9813],[-89.0002,17.9815],[-88.9999,17.9816],[-88.9998,17.9818],[-88.9996,17.9819],[-88.9998,17.9822],[-88.9997,17.9824],[-88.9997,17.9826],[-88.9998,17.9827],[-89.0001,17.9828],[-89.0004,17.9828],[-89.0006,17.9828],[-89.001,17.9827],[-89.0012,17.9828],[-89.0013,17.9831],[-89.0012,17.9834],[-89.0012,17.9836],[-89.0009,17.9838],[-89.0006,17.9838],[-89.0005,17.984],[-89.0006,17.9844],[-89.001,17.9847],[-89.0017,17.9851],[-89.0026,17.9855],[-89.0046,17.9865],[-89.0047,17.9866],[-89.0064,17.9878],[-89.0081,17.9884],[-89.0086,17.9883],[-89.0096,17.988],[-89.0101,17.9882],[-89.011,17.9888],[-89.0118,17.9895],[-89.0121,17.9898],[-89.0126,17.9902],[-89.0131,17.9901],[-89.0135,17.99],[-89.0141,17.9898],[-89.0142,17.9898],[-89.0144,17.9897],[-89.0152,17.9899],[-89.0154,17.9901],[-89.0162,17.9909],[-89.017,17.9915],[-89.0175,17.9918],[-89.0182,17.992],[-89.0188,17.9921],[-89.0197,17.9923],[-89.0201,17.9925],[-89.0202,17.9925],[-89.0207,17.9925],[-89.0216,17.9927],[-89.0218,17.9929],[-89.0221,17.9931],[-89.0226,17.9935],[-89.0227,17.9937],[-89.0232,17.9942],[-89.0233,17.9943],[-89.0236,17.9947],[-89.0236,17.9948],[-89.0246,17.9956],[-89.0254,17.9963],[-89.0257,17.9964],[-89.0258,17.9964],[-89.0265,17.9966],[-89.0269,17.9967],[-89.0274,17.9967],[-89.028,17.997],[-89.0286,17.9973],[-89.0289,17.9977],[-89.029,17.9982],[-89.0291,17.9986],[-89.0291,17.9987],[-89.0291,17.9995],[-89.029,18.0008],[-89.0281,18.0019],[-89.0285,18.0026],[-89.0301,18.0035],[-89.0307,18.0027],[-89.0314,18.0022],[-89.0319,18.0029],[-89.0333,18.0034],[-89.0339,18.003],[-89.0346,18.0026],[-89.035,18.0023],[-89.0359,18.0023],[-89.037,18.0026],[-89.0369,18.0035],[-89.0367,18.0036],[-89.036,18.0039],[-89.0362,18.0047],[-89.0375,18.0051],[-89.0382,18.0046],[-89.0393,18.0044],[-89.0397,18.0041],[-89.0398,18.004],[-89.04,18.0039],[-89.0404,18.0038],[-89.0407,18.0038],[-89.0417,18.0034],[-89.042,18.0035],[-89.0425,18.0037],[-89.0436,18.0036],[-89.0441,18.0027],[-89.0445,18.0024],[-89.0448,18.0016],[-89.0455,18.0014],[-89.0476,18.0008],[-89.0477,18.0008],[-89.0483,18.0007],[-89.0484,18.0005],[-89.0488,18.0003],[-89.0492,18.0],[-89.0493,17.9997],[-89.0491,17.9994],[-89.0492,17.9992],[-89.0496,17.9992],[-89.0498,17.9994],[-89.0501,17.9995],[-89.0505,17.9996],[-89.0512,18.0002],[-89.0519,18.0002],[-89.0523,18.0002],[-89.0524,17.9997],[-89.0527,17.9985],[-89.0533,17.9974],[-89.0539,17.9961],[-89.0539,17.9956],[-89.0551,17.9936],[-89.0555,17.9926],[-89.0567,17.9916],[-89.0586,17.9903],[-89.0599,17.9902],[-89.0617,17.9904],[-89.0635,17.991],[-89.065,17.9909],[-89.0653,17.9909],[-89.0657,17.9909],[-89.0674,17.9908],[-89.0678,17.9911],[-89.0689,17.9917],[-89.0689,17.9917],[-89.0697,17.9921],[-89.0705,17.9926],[-89.072,17.9928],[-89.0746,17.9934],[-89.0747,17.9935],[-89.0764,17.9938],[-89.0783,17.9933],[-89.0788,17.9932],[-89.0793,17.993],[-89.0794,17.993],[-89.0802,17.9927],[-89.0808,17.9922],[-89.0815,17.9917],[-89.0824,17.9914],[-89.0843,17.9907],[-89.0851,17.9904],[-89.0855,17.9901],[-89.0858,17.9895],[-89.0869,17.9888],[-89.0872,17.9886],[-89.088,17.9883],[-89.0892,17.9878],[-89.0898,17.9877],[-89.0904,17.9874],[-89.0908,17.9871],[-89.092,17.9862],[-89.0948,17.9844],[-89.0954,17.9826],[-89.0961,17.9819],[-89.0979,17.9813],[-89.0986,17.9814],[-89.0999,17.9814],[-89.1007,17.9814],[-89.1013,17.9813],[-89.102,17.981],[-89.1029,17.9802],[-89.1031,17.9796],[-89.1033,17.9794],[-89.1034,17.9792],[-89.1034,17.979],[-89.1034,17.9787],[-89.1034,17.9785],[-89.1031,17.9781],[-89.1031,17.9779],[-89.1033,17.9778],[-89.1035,17.9778],[-89.1037,17.9778],[-89.1039,17.9778],[-89.104,17.9777],[-89.1041,17.9775],[-89.1042,17.9772],[-89.1045,17.9771],[-89.1049,17.9772],[-89.105,17.9772],[-89.1052,17.977],[-89.1053,17.9766],[-89.1054,17.9762],[-89.1056,17.9762],[-89.1062,17.9762],[-89.1065,17.9764],[-89.1066,17.9763],[-89.1066,17.9761],[-89.1066,17.9759],[-89.1065,17.9758],[-89.1062,17.9758],[-89.106,17.9757],[-89.1058,17.9757],[-89.1056,17.9755],[-89.1056,17.9753],[-89.1059,17.9751],[-89.1063,17.9751],[-89.1065,17.9751],[-89.1067,17.9753],[-89.1068,17.9756],[-89.107,17.9757],[-89.1072,17.9757],[-89.1073,17.9756],[-89.1075,17.9754],[-89.1077,17.9753],[-89.1078,17.9751],[-89.1078,17.9749],[-89.1076,17.9747],[-89.1074,17.9748],[-89.1071,17.975],[-89.1068,17.9749],[-89.1068,17.9747],[-89.1069,17.9745],[-89.107,17.9743],[-89.107,17.9741],[-89.107,17.9738],[-89.1072,17.9734],[-89.1078,17.9731],[-89.1086,17.9727],[-89.1093,17.9721],[-89.1099,17.9715],[-89.1104,17.9708],[-89.111,17.97],[-89.1116,17.9698],[-89.1122,17.9699],[-89.1128,17.9701],[-89.1134,17.9702],[-89.1139,17.9704],[-89.1144,17.9704],[-89.1149,17.9703],[-89.1151,17.97],[-89.1154,17.9696],[-89.1155,17.969],[-89.1157,17.9688],[-89.116,17.9687],[-89.1167,17.9689],[-89.1176,17.9694],[-89.1184,17.9699],[-89.1188,17.9705],[-89.1193,17.9715],[-89.1199,17.972],[-89.1206,17.9721],[-89.1212,17.9719],[-89.1217,17.9718],[-89.1224,17.9722],[-89.1229,17.9726],[-89.1232,17.9734],[-89.1233,17.9743],[-89.1235,17.9749],[-89.1238,17.9752],[-89.1242,17.9753],[-89.125,17.9749],[-89.1259,17.9744],[-89.1265,17.9742],[-89.127,17.9739],[-89.1275,17.974],[-89.1281,17.974],[-89.1286,17.9739],[-89.129,17.9736],[-89.1294,17.9733],[-89.1298,17.9732],[-89.1304,17.9733],[-89.1306,17.9731],[-89.1305,17.9728],[-89.1306,17.9725],[-89.1308,17.9723],[-89.1312,17.9722],[-89.1316,17.9724],[-89.132,17.9723],[-89.1323,17.9722],[-89.1327,17.972],[-89.1328,17.9716],[-89.133,17.9713],[-89.1334,17.9713],[-89.134,17.9712],[-89.134,17.9706],[-89.134,17.9703],[-89.1339,17.9699],[-89.1339,17.9695],[-89.1337,17.9692],[-89.1332,17.9691],[-89.1328,17.9689],[-89.1327,17.9686],[-89.1328,17.9682],[-89.1329,17.9675],[-89.1328,17.9665],[-89.1335,17.9653],[-89.1337,17.9642],[-89.1338,17.9621],[-89.1338,17.9616],[-89.1335,17.9608],[-89.1336,17.9604],[-89.1343,17.9601],[-89.1352,17.9599],[-89.1356,17.9595],[-89.1357,17.9591],[-89.1357,17.9586],[-89.1356,17.9579],[-89.1357,17.9568],[-89.1359,17.9562],[-89.1362,17.9554],[-89.1367,17.9546],[-89.1374,17.9541],[-89.1394,17.9537],[-89.145,17.9511],[-89.1454,17.9488],[-89.1458,17.9461],[-89.147,17.9447],[-89.1475,17.9437],[-89.1481,17.9424],[-89.15,17.9421],[-89.1516,17.9414],[-89.152,17.9403],[-89.1522,17.9536],[-89.1906,17.9538],[-89.2019,17.954],[-89.2023,17.954],[-89.2059,17.9541],[-89.2066,17.9656],[-89.2067,17.9661],[-89.2071,17.9734],[-89.2073,17.9852],[-89.2074,17.9893],[-89.2074,17.9926],[-89.2074,17.9931],[-89.2074,17.9931],[-89.2073,18.0074],[-89.2072,18.0094],[-89.2072,18.0101],[-89.2072,18.0101],[-89.2071,18.012],[-89.207,18.0146],[-89.2067,18.0211],[-89.1959,18.0205],[-89.193,18.0203],[-89.163,18.0185],[-89.1633,18.0413],[-89.1633,18.0418],[-89.1633,18.0434],[-89.1633,18.0447],[-89.1633,18.0447],[-89.1633,18.0448],[-89.1633,18.0465],[-89.1633,18.0506],[-89.1634,18.0579],[-89.1448,18.0577],[-89.1447,18.0617],[-89.1445,18.0769],[-89.1444,18.0824],[-89.1516,18.0826],[-89.1518,18.0826],[-89.1519,18.0826],[-89.1521,18.0826],[-89.1785,18.0829],[-89.2025,18.0833],[-89.2002,18.1446],[-89.1638,18.1454],[-89.1638,18.1454],[-89.1637,18.1454],[-89.1637,18.1454],[-89.1431,18.1458],[-89.1432,18.1759],[-89.1429,18.2242],[-89.1581,18.2213],[-89.1517,18.2936],[-89.1324,18.2934],[-89.1382,18.3855],[-89.1298,18.3857],[-89.1212,18.3858],[-89.1241,18.4289],[-89.1241,18.4289],[-89.1241,18.429],[-89.1241,18.429],[-89.1249,18.4445],[-89.1255,18.4506],[-89.1341,18.4508],[-89.1341,18.4508],[-89.1341,18.4508],[-89.1341,18.4508],[-89.1502,18.4511],[-89.1501,18.4753],[-89.1501,18.4754],[-89.1501,18.4755],[-89.1501,18.4757],[-89.1496,18.5496],[-89.1513,18.7013],[-89.1513,18.724],[-89.1519,18.7328],[-89.1521,18.7357],[-89.153,18.741],[-89.1557,18.7531],[-89.1444,18.7559],[-89.1444,18.7562],[-89.1449,18.7996],[-89.1456,18.8088],[-89.1471,18.8431],[-89.1486,18.8773],[-89.1387,18.8785],[-89.0663,18.8876],[-89.064,18.8725],[-89.0618,18.8574],[-89.0618,18.8574],[-89.0065,18.8653],[-89.0067,18.8169],[-89.0067,18.8169],[-88.9859,18.8168],[-88.9651,18.8168],[-88.965,18.8156],[-88.9649,18.8144],[-88.9655,18.806],[-88.9662,18.7976],[-88.9662,18.7976],[-88.9506,18.7969],[-88.9351,18.7963],[-88.9351,18.7963],[-88.9237,18.7956],[-88.9233,18.8071],[-88.923,18.8186],[-88.923,18.8186],[-88.9001,18.8189],[-88.8606,18.8192],[-88.8499,18.8194],[-88.8391,18.8195],[-88.8329,18.8197],[-88.8268,18.8199],[-88.8268,18.8199],[-88.8264,18.8085],[-88.8257,18.7857],[-88.8249,18.7592],[-88.759,18.7594],[-88.7538,18.7595],[-88.7534,18.7099],[-88.753,18.6602],[-88.7531,18.6432],[-88.7532,18.6261],[-88.7532,18.6261],[-88.6812,18.6267],[-88.6092,18.6272],[-88.6092,18.6272],[-88.5981,18.6273],[-88.587,18.6274],[-88.5862,18.6428],[-88.5853,18.6582],[-88.5729,18.6536],[-88.5604,18.6491],[-88.4929,18.6392],[-88.4138,18.6277],[-88.4115,18.6427],[-88.4111,18.643],[-88.41,18.643],[-88.4089,18.643],[-88.4064,18.643],[-88.4063,18.6432],[-88.4063,18.6437],[-88.4062,18.6442],[-88.4061,18.6447],[-88.4059,18.6451],[-88.4058,18.6456],[-88.4058,18.6459],[-88.4059,18.6461],[-88.4061,18.6464],[-88.4061,18.6466],[-88.406,18.6468],[-88.4059,18.647],[-88.4058,18.6472],[-88.4057,18.6474],[-88.4055,18.6476],[-88.4052,18.6477],[-88.4051,18.6478],[-88.4046,18.6481],[-88.4042,18.6482],[-88.4039,18.6484],[-88.4037,18.6486],[-88.4033,18.6489],[-88.4029,18.6492],[-88.4027,18.6496],[-88.4026,18.6497],[-88.4025,18.6498],[-88.4025,18.6499],[-88.4024,18.6501],[-88.4022,18.6501],[-88.4021,18.6503],[-88.402,18.6505],[-88.402,18.6508],[-88.4018,18.6512],[-88.4014,18.6515],[-88.4009,18.6517],[-88.4004,18.652],[-88.3999,18.6522],[-88.3994,18.6524],[-88.3988,18.6527],[-88.3983,18.653],[-88.3978,18.6532],[-88.3972,18.6534],[-88.3967,18.6536],[-88.3958,18.6536],[-88.3955,18.6539],[-88.3952,18.6543],[-88.3949,18.6547],[-88.3947,18.6548],[-88.3945,18.6549],[-88.3942,18.6553],[-88.394,18.6557],[-88.3938,18.6561],[-88.3935,18.6565],[-88.3932,18.6568],[-88.3929,18.6572],[-88.3927,18.6575],[-88.3924,18.6578],[-88.392,18.6581],[-88.3917,18.6584],[-88.3914,18.6588],[-88.391,18.6591],[-88.3907,18.6595],[-88.3905,18.6599],[-88.3902,18.6602],[-88.39,18.6606],[-88.3898,18.661],[-88.3895,18.6614],[-88.3892,18.6618],[-88.3889,18.6621],[-88.3886,18.6625],[-88.3884,18.6629],[-88.3884,18.6631],[-88.3888,18.6636],[-88.3887,18.6639],[-88.3901,18.665],[-88.3901,18.6652],[-88.3901,18.6655],[-88.39,18.6656],[-88.3894,18.6654],[-88.3893,18.6656],[-88.3891,18.666],[-88.3889,18.6664],[-88.3887,18.6668],[-88.3883,18.6672],[-88.3879,18.6675],[-88.3876,18.6678],[-88.3873,18.6682],[-88.387,18.6685],[-88.3866,18.6689],[-88.3863,18.6692],[-88.386,18.6695],[-88.3857,18.6699],[-88.3855,18.6703],[-88.3853,18.6706],[-88.3851,18.6709],[-88.385,18.6712],[-88.3849,18.6715],[-88.3847,18.6719],[-88.3846,18.6724],[-88.3845,18.6728],[-88.3842,18.6732],[-88.3839,18.6736],[-88.3836,18.674],[-88.3834,18.6744],[-88.3833,18.6748],[-88.383,18.6752],[-88.3828,18.6756],[-88.3826,18.676],[-88.3824,18.6764],[-88.3822,18.6768],[-88.3821,18.6773],[-88.3818,18.6776],[-88.3814,18.678],[-88.3809,18.6783],[-88.3808,18.6787],[-88.3807,18.679],[-88.3806,18.6794],[-88.3805,18.6798],[-88.3804,18.6802],[-88.3802,18.6806],[-88.3801,18.681],[-88.38,18.6815],[-88.3799,18.6819],[-88.3798,18.6823],[-88.3798,18.6828],[-88.3798,18.6833],[-88.3798,18.6837],[-88.3799,18.6842],[-88.3805,18.6847],[-88.3805,18.6852],[-88.3805,18.6856],[-88.3804,18.6861],[-88.3803,18.6865],[-88.3803,18.687],[-88.3803,18.6874],[-88.3802,18.6879],[-88.3803,18.6883],[-88.3802,18.6888],[-88.3801,18.6892],[-88.3801,18.6897],[-88.3801,18.6901],[-88.3801,18.6906],[-88.3801,18.6911],[-88.3808,18.6916],[-88.3809,18.6921],[-88.3809,18.6925],[-88.3808,18.693],[-88.3809,18.6934],[-88.3807,18.6939],[-88.3805,18.6943],[-88.3804,18.6947],[-88.3805,18.6952],[-88.3806,18.6957],[-88.3806,18.696],[-88.3804,18.6965],[-88.3803,18.697],[-88.3803,18.6973],[-88.3804,18.6977],[-88.3804,18.6979],[-88.3804,18.6982],[-88.3802,18.6984],[-88.3799,18.6985],[-88.3796,18.699],[-88.3793,18.6994],[-88.379,18.6997],[-88.3787,18.7001],[-88.3785,18.7005],[-88.3782,18.7009],[-88.378,18.7013],[-88.3778,18.7017],[-88.3776,18.702],[-88.3774,18.7023],[-88.3772,18.7028],[-88.377,18.7032],[-88.3768,18.7035],[-88.3765,18.7038],[-88.3763,18.7042],[-88.3761,18.7047],[-88.3759,18.7049],[-88.3755,18.7053],[-88.3752,18.7056],[-88.3749,18.706],[-88.3746,18.7063],[-88.3742,18.7067],[-88.3741,18.7071],[-88.3737,18.7075],[-88.3734,18.7077],[-88.3731,18.7081],[-88.3728,18.7084],[-88.3724,18.7088],[-88.3721,18.7093],[-88.3719,18.7096],[-88.3716,18.71],[-88.3713,18.7103],[-88.3709,18.7106],[-88.3703,18.7109],[-88.3699,18.7111],[-88.3695,18.7114],[-88.3691,18.7117],[-88.3688,18.7119],[-88.3684,18.7122],[-88.368,18.7125],[-88.3677,18.7128],[-88.3673,18.7131],[-88.3669,18.7134],[-88.3666,18.7137],[-88.3662,18.714],[-88.3658,18.7143],[-88.3655,18.7145],[-88.3651,18.7148],[-88.3647,18.7151],[-88.3644,18.7154],[-88.364,18.7156],[-88.3635,18.7158],[-88.3631,18.716],[-88.3627,18.7162],[-88.3622,18.7164],[-88.3618,18.7165],[-88.3612,18.7166],[-88.3606,18.7165],[-88.36,18.7166],[-88.3595,18.7166],[-88.3589,18.7166],[-88.3584,18.7167],[-88.3579,18.7169],[-88.3575,18.7171],[-88.3571,18.7173],[-88.3565,18.7173],[-88.356,18.7177],[-88.3556,18.7183],[-88.3551,18.7186],[-88.3548,18.719],[-88.3542,18.7198],[-88.354,18.7203],[-88.3537,18.7206],[-88.3533,18.7208],[-88.3528,18.721],[-88.3522,18.7211],[-88.3517,18.721],[-88.3506,18.7204],[-88.3499,18.7203],[-88.3493,18.7204],[-88.3489,18.7206],[-88.3485,18.7209],[-88.3481,18.7212],[-88.3478,18.7214],[-88.3474,18.7215],[-88.347,18.7217],[-88.3466,18.7219],[-88.3462,18.7221],[-88.3459,18.7223],[-88.3456,18.7226],[-88.3453,18.7228],[-88.345,18.7231],[-88.3446,18.7234],[-88.3443,18.7238],[-88.3442,18.7242],[-88.3439,18.7246],[-88.3437,18.725],[-88.3434,18.7254],[-88.3431,18.7257],[-88.3428,18.7261],[-88.3426,18.7263],[-88.3421,18.7267],[-88.3418,18.727],[-88.3415,18.7273],[-88.3412,18.7277],[-88.3408,18.728],[-88.3404,18.7282],[-88.3401,18.7286],[-88.3398,18.7289],[-88.3395,18.7293],[-88.3393,18.7296],[-88.339,18.7299],[-88.3386,18.7302],[-88.3382,18.7305],[-88.3379,18.7308],[-88.3375,18.7311],[-88.3372,18.7314],[-88.3368,18.7317],[-88.3364,18.732],[-88.3361,18.7323],[-88.3357,18.7326],[-88.3353,18.7329],[-88.335,18.7332],[-88.3347,18.7335],[-88.3343,18.7338],[-88.3339,18.7341],[-88.3336,18.7344],[-88.3333,18.7347],[-88.333,18.735],[-88.3327,18.7353],[-88.3324,18.7357],[-88.3321,18.736],[-88.3318,18.7363],[-88.3314,18.7366],[-88.3311,18.7369],[-88.3307,18.7372],[-88.3303,18.7375],[-88.33,18.7378],[-88.3295,18.7381],[-88.3291,18.7383],[-88.3287,18.7386],[-88.3283,18.7388],[-88.3278,18.7391],[-88.3275,18.7394],[-88.3272,18.7397],[-88.3268,18.74],[-88.3264,18.7403],[-88.3261,18.7406],[-88.3257,18.7409],[-88.3254,18.7412],[-88.325,18.7415],[-88.3246,18.7418],[-88.3242,18.742],[-88.3238,18.7423],[-88.3233,18.7425],[-88.3229,18.7427],[-88.3225,18.743],[-88.3221,18.7433],[-88.3217,18.7436],[-88.3213,18.7438],[-88.3209,18.7441],[-88.3206,18.7443],[-88.3203,18.7446],[-88.32,18.7449],[-88.3197,18.7453],[-88.3194,18.7456],[-88.3191,18.7459],[-88.3188,18.7463],[-88.3185,18.7467],[-88.3182,18.747],[-88.318,18.7474],[-88.3177,18.7477],[-88.3174,18.7481],[-88.3171,18.7485],[-88.3168,18.7488],[-88.3164,18.7491],[-88.3161,18.7495],[-88.3157,18.7497],[-88.3153,18.75],[-88.315,18.7503],[-88.3146,18.7506],[-88.3143,18.7509],[-88.3139,18.7512],[-88.3135,18.7514],[-88.3132,18.7518],[-88.3126,18.7521],[-88.3119,18.7525],[-88.3113,18.7529],[-88.3106,18.7532],[-88.31,18.7536],[-88.3094,18.754],[-88.3089,18.7545],[-88.3083,18.7549],[-88.3076,18.7554],[-88.3073,18.7557],[-88.3069,18.7559],[-88.3065,18.7562],[-88.3062,18.7566],[-88.3059,18.7571],[-88.3057,18.7574],[-88.3055,18.7578],[-88.3053,18.7582],[-88.3052,18.7586],[-88.3051,18.7591],[-88.3051,18.7595],[-88.3051,18.7597],[-88.3051,18.7601],[-88.3052,18.7605],[-88.3053,18.7609],[-88.3054,18.7614],[-88.3055,18.7618],[-88.3056,18.7623],[-88.3057,18.7627],[-88.3058,18.7632],[-88.3059,18.7636],[-88.3061,18.764],[-88.3064,18.7645],[-88.3066,18.7649],[-88.3068,18.7653],[-88.307,18.7656],[-88.3071,18.7659],[-88.3072,18.7662],[-88.3072,18.7667],[-88.3071,18.767],[-88.307,18.7674],[-88.3068,18.7678],[-88.3068,18.7682],[-88.3067,18.7687],[-88.3067,18.7692],[-88.3065,18.7696],[-88.3062,18.77],[-88.306,18.7704],[-88.3059,18.7709],[-88.3058,18.7713],[-88.3056,18.7717],[-88.3053,18.7721],[-88.3051,18.7726],[-88.3048,18.773],[-88.3046,18.7734],[-88.3043,18.7738],[-88.304,18.7742],[-88.3038,18.7746],[-88.3035,18.7749],[-88.3033,18.7753],[-88.303,18.7757],[-88.3027,18.776],[-88.3024,18.7764],[-88.3022,18.7768],[-88.3019,18.7771],[-88.3016,18.7775],[-88.3014,18.7779],[-88.3011,18.7783],[-88.3008,18.7786],[-88.3005,18.779],[-88.3002,18.7794],[-88.2998,18.7796],[-88.2998,18.7801],[-88.2996,18.7806],[-88.2993,18.7809],[-88.299,18.7813],[-88.2987,18.7817],[-88.2985,18.7821],[-88.2985,18.7826],[-88.2985,18.783],[-88.2984,18.7834],[-88.2981,18.7838],[-88.2978,18.7842],[-88.2975,18.7846],[-88.2971,18.7849],[-88.2968,18.7852],[-88.2964,18.7855],[-88.296,18.7857],[-88.2955,18.786],[-88.2951,18.7862],[-88.2947,18.7865],[-88.2945,18.7868],[-88.2942,18.7871],[-88.2939,18.7875],[-88.2935,18.7878],[-88.2931,18.788],[-88.2928,18.7882],[-88.2924,18.7884],[-88.2919,18.7885],[-88.2917,18.7888],[-88.2914,18.7891],[-88.291,18.7894],[-88.2907,18.7897],[-88.2904,18.79],[-88.29,18.7903],[-88.2893,18.791],[-88.2891,18.7913],[-88.2887,18.7915],[-88.2884,18.7917],[-88.288,18.792],[-88.2875,18.7922],[-88.2871,18.7925],[-88.2867,18.7927],[-88.2863,18.7929],[-88.2858,18.7931],[-88.2854,18.7933],[-88.2849,18.7935],[-88.2845,18.7938],[-88.284,18.7939],[-88.2836,18.7942],[-88.2831,18.7944],[-88.2827,18.7946],[-88.2823,18.7949],[-88.2819,18.7951],[-88.2814,18.7954],[-88.281,18.7956],[-88.2806,18.7958],[-88.2802,18.796],[-88.2797,18.7963],[-88.2794,18.7965],[-88.279,18.7968],[-88.2787,18.797],[-88.2784,18.7973],[-88.2778,18.7978],[-88.2775,18.7981],[-88.2772,18.7985],[-88.2769,18.7988],[-88.2766,18.7992],[-88.2763,18.7995],[-88.276,18.8],[-88.2757,18.8006],[-88.2755,18.8009],[-88.2752,18.8014],[-88.2751,18.8018],[-88.2749,18.8022],[-88.2747,18.8027],[-88.2746,18.803],[-88.2745,18.8034],[-88.2744,18.8038],[-88.2742,18.8042],[-88.2741,18.8046],[-88.2739,18.805],[-88.2737,18.8055],[-88.2735,18.8059],[-88.2733,18.8063],[-88.273,18.8067],[-88.2728,18.8071],[-88.2726,18.8075],[-88.2724,18.8079],[-88.2721,18.8083],[-88.2719,18.8087],[-88.2717,18.8091],[-88.2715,18.8095],[-88.2713,18.8099],[-88.2711,18.8103],[-88.2709,18.8107],[-88.2707,18.8112],[-88.2706,18.8116],[-88.2705,18.812],[-88.2702,18.8124],[-88.27,18.8128],[-88.2698,18.8132],[-88.2696,18.8136],[-88.2694,18.8141],[-88.2692,18.8145],[-88.269,18.8149],[-88.2688,18.8153],[-88.2687,18.8156],[-88.2684,18.816],[-88.2682,18.8164],[-88.268,18.8168],[-88.2678,18.8172],[-88.2676,18.8177],[-88.2674,18.818],[-88.2672,18.8185],[-88.2671,18.8189],[-88.2669,18.8193],[-88.2668,18.8198],[-88.2666,18.8202],[-88.2664,18.8206],[-88.2662,18.821],[-88.266,18.8214],[-88.2658,18.8218],[-88.2656,18.8223],[-88.2654,18.8227],[-88.2652,18.8231],[-88.265,18.8235],[-88.2648,18.8239],[-88.2647,18.8243],[-88.2645,18.8247],[-88.2642,18.8251],[-88.264,18.8255],[-88.2638,18.8258],[-88.2636,18.8261],[-88.2634,18.8265],[-88.2632,18.8269],[-88.263,18.8273],[-88.2626,18.8276],[-88.2623,18.828],[-88.2621,18.8284],[-88.2618,18.8288],[-88.2616,18.8292],[-88.2613,18.8296],[-88.261,18.8299],[-88.2608,18.8303],[-88.2606,18.8307],[-88.2601,18.8313],[-88.2598,18.8317],[-88.2591,18.8324],[-88.2588,18.8328],[-88.2585,18.8332],[-88.2583,18.8335],[-88.2581,18.8339],[-88.2578,18.8343],[-88.2576,18.8348],[-88.2574,18.8352],[-88.2572,18.8355],[-88.2569,18.8359],[-88.2566,18.8363],[-88.2563,18.8367],[-88.2561,18.837],[-88.2558,18.8374],[-88.2556,18.8378],[-88.2555,18.8383],[-88.2553,18.8387],[-88.255,18.8391],[-88.2548,18.8395],[-88.2546,18.8399],[-88.2544,18.8403],[-88.2541,18.8407],[-88.2539,18.8411],[-88.2537,18.8415],[-88.2535,18.8419],[-88.2533,18.8423],[-88.2531,18.8427],[-88.2529,18.8431],[-88.2526,18.8435],[-88.2523,18.8439],[-88.2521,18.8443],[-88.2518,18.8446],[-88.2516,18.845],[-88.2514,18.8454],[-88.2512,18.8458],[-88.2509,18.8462],[-88.2507,18.8466],[-88.2505,18.847],[-88.2503,18.8474],[-88.2501,18.8478],[-88.2499,18.8483],[-88.2496,18.8486],[-88.2494,18.8489],[-88.2491,18.8491],[-88.2487,18.8495],[-88.2484,18.8497],[-88.248,18.85],[-88.2476,18.8502],[-88.2473,18.8505],[-88.2469,18.8509],[-88.2465,18.8511],[-88.2457,18.8512],[-88.2452,18.8514],[-88.2449,18.8518],[-88.2446,18.8521],[-88.2443,18.8525],[-88.244,18.8528],[-88.2437,18.8532],[-88.2434,18.8535],[-88.2431,18.8539],[-88.2429,18.8543],[-88.2427,18.8547],[-88.2425,18.8552],[-88.2423,18.8556],[-88.2422,18.8559],[-88.242,18.8563],[-88.2418,18.8567],[-88.2416,18.8571],[-88.2414,18.8575],[-88.2412,18.8579],[-88.2411,18.8583],[-88.2409,18.8588],[-88.2407,18.8592],[-88.2404,18.8596],[-88.2402,18.86],[-88.24,18.8603],[-88.2397,18.8607],[-88.2395,18.8611],[-88.2392,18.8615],[-88.239,18.8619],[-88.2387,18.8623],[-88.2383,18.8626],[-88.238,18.8629],[-88.2378,18.8633],[-88.2375,18.8637],[-88.2372,18.8641],[-88.2369,18.8644],[-88.2366,18.8647],[-88.2362,18.8651],[-88.236,18.8655],[-88.2358,18.8659],[-88.2355,18.8662],[-88.2352,18.8666],[-88.2347,18.8669],[-88.2344,18.8672],[-88.2342,18.8676],[-88.2343,18.8681],[-88.2341,18.8686],[-88.2339,18.8688],[-88.2337,18.869],[-88.2336,18.8692],[-88.2332,18.8695],[-88.232,18.8693],[-88.2317,18.8695],[-88.2315,18.8698],[-88.2314,18.87],[-88.2312,18.8704],[-88.2318,18.8713],[-88.2318,18.8718],[-88.2317,18.8723],[-88.2317,18.8727],[-88.2316,18.8731],[-88.2317,18.8734],[-88.2317,18.8738],[-88.2316,18.8742],[-88.2314,18.8746],[-88.2312,18.8751],[-88.2309,18.8754],[-88.2305,18.8756],[-88.2298,18.8758],[-88.229,18.876],[-88.2282,18.8762],[-88.2273,18.8762],[-88.2265,18.8762],[-88.2258,18.8763],[-88.2252,18.8766],[-88.2247,18.8773],[-88.2242,18.8777],[-88.2238,18.8779],[-88.2234,18.8778],[-88.2231,18.8777],[-88.2227,18.8774],[-88.2222,18.8771],[-88.2219,18.8768],[-88.2215,18.8766],[-88.2212,18.8763],[-88.2209,18.8761],[-88.2205,18.8757],[-88.2203,18.8756],[-88.2199,18.8754],[-88.2196,18.8754],[-88.2191,18.8755],[-88.2188,18.8753],[-88.2184,18.8751],[-88.218,18.8748],[-88.2176,18.8746],[-88.2171,18.8744],[-88.2167,18.8742],[-88.2163,18.874],[-88.2159,18.8738],[-88.2155,18.8735],[-88.2151,18.8733],[-88.2147,18.8731],[-88.2141,18.8728],[-88.2138,18.8725],[-88.2134,18.8722],[-88.213,18.872],[-88.2126,18.8717],[-88.2122,18.8715],[-88.2118,18.8713],[-88.2114,18.871],[-88.211,18.8708],[-88.2106,18.8705],[-88.2102,18.8704],[-88.2097,18.8701],[-88.2093,18.8699],[-88.2089,18.8697],[-88.2085,18.8694],[-88.2081,18.8692],[-88.2077,18.869],[-88.2072,18.8688],[-88.2068,18.8686],[-88.2064,18.8684],[-88.206,18.8682],[-88.2055,18.8679],[-88.2051,18.8678],[-88.2046,18.8676],[-88.2042,18.8674],[-88.2037,18.8673],[-88.2033,18.8672],[-88.2028,18.867],[-88.2023,18.8669],[-88.2018,18.8668],[-88.2013,18.8667],[-88.2009,18.8666],[-88.2004,18.8665],[-88.1999,18.8665],[-88.1994,18.8664],[-88.1989,18.8663],[-88.1984,18.8663],[-88.1979,18.8662],[-88.1974,18.8663],[-88.1969,18.8663],[-88.1965,18.8662],[-88.1961,18.8662],[-88.1955,18.866],[-88.1951,18.8659],[-88.1948,18.8658],[-88.1945,18.8657],[-88.1942,18.8657],[-88.1938,18.8656],[-88.1932,18.8655],[-88.1925,18.8654],[-88.1918,18.8654],[-88.191,18.8654],[-88.1903,18.8656],[-88.1896,18.8658],[-88.1887,18.8661],[-88.1875,18.8667],[-88.1866,18.8675],[-88.1859,18.8683],[-88.1854,18.8691],[-88.1848,18.8704],[-88.1845,18.8712],[-88.1842,18.8719],[-88.1839,18.8723],[-88.1838,18.8727],[-88.1836,18.8731],[-88.1834,18.8735],[-88.1832,18.874],[-88.183,18.8744],[-88.1828,18.8748],[-88.1826,18.8752],[-88.1824,18.8755],[-88.1822,18.8759],[-88.1819,18.8763],[-88.1818,18.8767],[-88.1817,18.8772],[-88.1815,18.8776],[-88.1813,18.878],[-88.181,18.8784],[-88.1807,18.8787],[-88.1805,18.8792],[-88.1803,18.8796],[-88.1801,18.8799],[-88.18,18.8803],[-88.1798,18.8806],[-88.1797,18.8809],[-88.1795,18.8813],[-88.1793,18.8817],[-88.1792,18.8821],[-88.179,18.8826],[-88.1788,18.883],[-88.1788,18.8834],[-88.1787,18.8839],[-88.1784,18.8843],[-88.1782,18.8847],[-88.178,18.8851],[-88.1778,18.8855],[-88.1777,18.886],[-88.1775,18.8864],[-88.1774,18.8868],[-88.1773,18.8872],[-88.1773,18.8876],[-88.1772,18.888],[-88.1772,18.8885],[-88.1771,18.8889],[-88.1769,18.8894],[-88.1767,18.8898],[-88.1765,18.8902],[-88.1763,18.8906],[-88.1761,18.891],[-88.1759,18.8914],[-88.1758,18.8919],[-88.1758,18.8923],[-88.1756,18.8928],[-88.1753,18.8932],[-88.175,18.8935],[-88.1747,18.8939],[-88.1744,18.8943],[-88.1742,18.8947],[-88.1739,18.895],[-88.1737,18.8954],[-88.1734,18.8958],[-88.1731,18.8962],[-88.1729,18.8966],[-88.1726,18.8971],[-88.1724,18.8975],[-88.1722,18.898],[-88.172,18.8984],[-88.1718,18.8988],[-88.1717,18.8992],[-88.1715,18.8997],[-88.1714,18.9001],[-88.1713,18.9003],[-88.1711,18.9006],[-88.1701,18.9005],[-88.17,18.9007],[-88.1698,18.9009],[-88.1697,18.9012],[-88.1601,18.9012],[-88.1601,18.9012],[-88.144,18.9003],[-88.1389,18.9276],[-88.1353,18.9285],[-88.0849,18.9278],[-88.0852,18.9531],[-88.0856,18.9574],[-88.0873,18.9771],[-88.0873,18.9771],[-88.0873,18.9771],[-88.0872,18.9771],[-88.0824,18.9778],[-88.0767,18.9775],[-88.0711,18.9773],[-88.0644,18.977],[-88.0639,18.9804],[-88.0625,18.9805],[-88.0621,18.9804],[-88.0616,18.9804],[-88.0616,18.9787],[-88.0616,18.9771],[-88.0571,18.9783],[-88.0543,18.979],[-88.0487,18.9805],[-88.0487,18.9805],[-88.0487,18.9805],[-88.0487,18.9805],[-87.6483,18.9765]]]]}},{"type":"Feature","properties":{"cvegeo":"23010","cve_ent":"23","name":"Bacalar"},"geometry":{"type":"Polygon","coordinates":[[[-88.7175,19.2182],[-88.67,19.2176],[-88.6552,19.2177],[-88.5984,19.2182],[-88.5899,19.2123],[-88.5899,19.1895],[-88.5553,19.1895],[-88.5555,19.2016],[-88.5384,19.2015],[-88.5384,19.2015],[-88.5383,19.2015],[-88.5382,19.2015],[-88.5381,19.2015],[-88.5378,19.2015],[-88.5323,19.2012],[-88.5305,19.2011],[-88.4849,19.2025],[-88.4825,19.1959],[-88.4738,19.1939],[-88.4559,19.195],[-88.4147,19.1981],[-88.3852,19.1982],[-88.394,19.1819],[-88.3989,19.1727],[-88.408,19.1442],[-88.4215,19.1032],[-88.4236,19.0969],[-88.3879,19.094],[-88.3374,19.0794],[-88.3285,19.077],[-88.3197,19.0743],[-88.2781,19.0622],[-88.2425,19.0518],[-88.2392,19.0605],[-88.2384,19.0627],[-88.2278,19.0916],[-88.2278,19.0923],[-88.2245,19.1012],[-88.22,19.1072],[-88.2196,19.1134],[-88.2196,19.1138],[-88.2207,19.1157],[-88.2186,19.1227],[-88.216,19.1312],[-88.2084,19.1566],[-88.1935,19.1533],[-88.1874,19.1523],[-88.1846,19.1519],[-88.1828,19.1516],[-88.173,19.1502],[-88.173,19.1502],[-88.1732,19.1489],[-88.1732,19.1488],[-88.1732,19.1487],[-88.1732,19.1485],[-88.1733,19.1484],[-88.1742,19.1409],[-88.1731,19.1409],[-88.1729,19.1403],[-88.1725,19.1403],[-88.1722,19.1403],[-88.1716,19.1403],[-88.1716,19.1403],[-88.1715,19.1403],[-88.1699,19.1403],[-88.1698,19.1403],[-88.1698,19.1403],[-88.1695,19.1403],[-88.1695,19.1404],[-88.1694,19.1404],[-88.1694,19.1405],[-88.1689,19.1413],[-88.1688,19.1413],[-88.1688,19.1414],[-88.1687,19.1415],[-88.1686,19.1417],[-88.1685,19.1418],[-88.1682,19.1423],[-88.1681,19.1424],[-88.1681,19.1424],[-88.1674,19.1423],[-88.1667,19.1423],[-88.1664,19.1423],[-88.1663,19.1423],[-88.1658,19.1422],[-88.1653,19.1422],[-88.1652,19.1422],[-88.1652,19.1422],[-88.1642,19.1421],[-88.1642,19.1421],[-88.1641,19.1421],[-88.1632,19.142],[-88.1632,19.142],[-88.1631,19.142],[-88.1621,19.1419],[-88.1621,19.1419],[-88.162,19.1419],[-88.1611,19.1418],[-88.161,19.1418],[-88.161,19.1418],[-88.1604,19.1418],[-88.1599,19.1418],[-88.1598,19.1417],[-88.1598,19.1417],[-88.1592,19.1417],[-88.1591,19.1417],[-88.1589,19.1417],[-88.1576,19.1415],[-88.1447,19.1404],[-88.1445,19.1412],[-88.138,19.139],[-88.1053,19.1321],[-88.0969,19.1303],[-88.0792,19.1264],[-88.0369,19.119],[-88.033,19.1185],[-88.017,19.1166],[-87.55,19.1186],[-87.55,19.1182],[-87.5499,19.116],[-87.5498,19.1151],[-87.5497,19.1141],[-87.5498,19.1127],[-87.5497,19.1116],[-87.5497,19.1113],[-87.5497,19.1102],[-87.5497,19.1085],[-87.5498,19.1076],[-87.5498,19.1066],[-87.5498,19.1049],[-87.5498,19.1037],[-87.5498,19.1029],[-87.5502,19.1016],[-87.5505,19.1005],[-87.5507,19.0999],[-87.5509,19.099],[-87.5511,19.0985],[-87.5511,19.0984],[-87.5512,19.098],[-87.5513,19.0975],[-87.5516,19.0966],[-87.5517,19.0963],[-87.5518,19.0959],[-87.5519,19.0959],[-87.552,19.0952],[-87.5522,19.0937],[-87.5522,19.0935],[-87.552,19.092],[-87.5515,19.0909],[-87.5509,19.0902],[-87.5504,19.0898],[-87.5501,19.0895],[-87.5499,19.0891],[-87.5499,19.0886],[-87.5501,19.0881],[-87.5499,19.0874],[-87.5496,19.087],[-87.5493,19.0867],[-87.5494,19.0866],[-87.5494,19.0866],[-87.5493,19.0866],[-87.5492,19.0865],[-87.5491,19.0863],[-87.549,19.0862],[-87.5491,19.0862],[-87.5492,19.0861],[-87.5494,19.0861],[-87.5496,19.0861],[-87.5498,19.0859],[-87.5498,19.0857],[-87.5498,19.0853],[-87.5497,19.0848],[-87.5497,19.0847],[-87.5499,19.0845],[-87.5503,19.0841],[-87.5504,19.0841],[-87.5505,19.0841],[-87.5505,19.0842],[-87.5505,19.0842],[-87.5507,19.0842],[-87.5508,19.0841],[-87.5508,19.0841],[-87.5509,19.084],[-87.551,19.0839],[-87.5511,19.0837],[-87.551,19.0835],[-87.5508,19.0832],[-87.5509,19.0831],[-87.5506,19.0828],[-87.5505,19.0828],[-87.5506,19.0827],[-87.5507,19.0826],[-87.5513,19.0825],[-87.5516,19.0825],[-87.5517,19.0826],[-87.5517,19.0825],[-87.5518,19.0825],[-87.5519,19.0824],[-87.552,19.0821],[-87.5519,19.0813],[-87.5519,19.0809],[-87.5516,19.0805],[-87.5517,19.0804],[-87.5518,19.0803],[-87.5518,19.0803],[-87.5515,19.0802],[-87.5515,19.0801],[-87.5515,19.08],[-87.5515,19.0799],[-87.5516,19.0798],[-87.5517,19.0798],[-87.5519,19.0798],[-87.552,19.0799],[-87.5521,19.0799],[-87.5522,19.0799],[-87.5522,19.0799],[-87.5523,19.0799],[-87.5525,19.0797],[-87.5525,19.0796],[-87.5525,19.0795],[-87.5526,19.079],[-87.5525,19.0789],[-87.5527,19.0785],[-87.5529,19.078],[-87.5529,19.0768],[-87.5528,19.0766],[-87.553,19.0763],[-87.553,19.0763],[-87.5531,19.0762],[-87.5534,19.0758],[-87.5536,19.0755],[-87.5538,19.0753],[-87.5537,19.0751],[-87.5536,19.0746],[-87.5535,19.0743],[-87.5536,19.0743],[-87.5535,19.0742],[-87.5535,19.0741],[-87.5535,19.0739],[-87.5535,19.0739],[-87.5535,19.0738],[-87.5535,19.0737],[-87.5536,19.0737],[-87.5538,19.0737],[-87.5539,19.0737],[-87.554,19.0737],[-87.5541,19.0737],[-87.5542,19.0737],[-87.5542,19.0737],[-87.5541,19.0732],[-87.5545,19.0729],[-87.5546,19.0725],[-87.5548,19.0723],[-87.5549,19.0718],[-87.5551,19.0713],[-87.5551,19.0709],[-87.555,19.0707],[-87.5551,19.0705],[-87.5551,19.0704],[-87.5551,19.0703],[-87.5552,19.0703],[-87.5553,19.0702],[-87.5554,19.0702],[-87.5555,19.0702],[-87.5557,19.07],[-87.5559,19.0698],[-87.556,19.0696],[-87.5562,19.0691],[-87.5563,19.0686],[-87.5567,19.0684],[-87.5573,19.0684],[-87.5574,19.0684],[-87.5575,19.0683],[-87.5576,19.0682],[-87.5579,19.0681],[-87.558,19.0681],[-87.5582,19.0681],[-87.5583,19.0682],[-87.5583,19.0682],[-87.5585,19.0683],[-87.5585,19.0683],[-87.559,19.0684],[-87.5595,19.0685],[-87.5597,19.0685],[-87.56,19.0685],[-87.5602,19.0685],[-87.5603,19.0685],[-87.5607,19.0685],[-87.5608,19.0685],[-87.561,19.0686],[-87.5612,19.0686],[-87.5614,19.0687],[-87.5614,19.0687],[-87.5616,19.0687],[-87.5616,19.0687],[-87.562,19.0686],[-87.5621,19.0686],[-87.5623,19.0685],[-87.5626,19.0681],[-87.5632,19.0675],[-87.5635,19.0672],[-87.5643,19.0663],[-87.5643,19.0662],[-87.5643,19.0662],[-87.5644,19.0661],[-87.5644,19.0661],[-87.5645,19.0659],[-87.5646,19.0659],[-87.5647,19.0657],[-87.5648,19.0656],[-87.5648,19.0655],[-87.5648,19.0654],[-87.565,19.065],[-87.5651,19.065],[-87.5654,19.0646],[-87.5656,19.0644],[-87.5656,19.0638],[-87.5657,19.0635],[-87.5661,19.0634],[-87.5663,19.0631],[-87.5663,19.063],[-87.5663,19.0628],[-87.5664,19.0627],[-87.5666,19.0626],[-87.5668,19.0623],[-87.5669,19.0621],[-87.567,19.0619],[-87.5671,19.061],[-87.5675,19.0607],[-87.5676,19.0605],[-87.5676,19.0604],[-87.5676,19.0604],[-87.5681,19.0596],[-87.5684,19.0589],[-87.5686,19.0585],[-87.5687,19.058],[-87.5689,19.0579],[-87.5689,19.0578],[-87.5691,19.0575],[-87.5691,19.0574],[-87.5692,19.0573],[-87.5695,19.0567],[-87.5696,19.0565],[-87.57,19.0559],[-87.5701,19.0556],[-87.5704,19.0547],[-87.5709,19.0539],[-87.571,19.0535],[-87.5712,19.053],[-87.5714,19.0519],[-87.5713,19.0508],[-87.5712,19.0502],[-87.5715,19.0494],[-87.5715,19.0494],[-87.5723,19.0482],[-87.5723,19.0479],[-87.5724,19.047],[-87.5728,19.0459],[-87.573,19.045],[-87.5732,19.0447],[-87.5732,19.0439],[-87.5734,19.0436],[-87.5735,19.043],[-87.5739,19.0425],[-87.5741,19.0424],[-87.5742,19.0422],[-87.5746,19.0418],[-87.5751,19.0414],[-87.5752,19.0413],[-87.5754,19.0408],[-87.576,19.0401],[-87.5761,19.0401],[-87.5764,19.0396],[-87.5765,19.0394],[-87.5765,19.0394],[-87.5765,19.0394],[-87.5765,19.0393],[-87.5765,19.0393],[-87.5766,19.0393],[-87.5766,19.0392],[-87.5768,19.0391],[-87.5768,19.039],[-87.5769,19.0389],[-87.5771,19.0388],[-87.5772,19.0387],[-87.5774,19.0385],[-87.5776,19.0382],[-87.5778,19.038],[-87.5781,19.0379],[-87.5781,19.0379],[-87.5783,19.0378],[-87.5783,19.0377],[-87.5783,19.0373],[-87.5787,19.0368],[-87.5792,19.0361],[-87.5793,19.0361],[-87.5793,19.036],[-87.5795,19.0358],[-87.5796,19.0356],[-87.5798,19.0347],[-87.5802,19.0339],[-87.5807,19.0329],[-87.5808,19.0328],[-87.5809,19.0323],[-87.5812,19.0317],[-87.5812,19.0317],[-87.5812,19.0315],[-87.5814,19.0305],[-87.5816,19.0299],[-87.5819,19.0294],[-87.582,19.0292],[-87.582,19.0291],[-87.5821,19.0288],[-87.5824,19.0282],[-87.5825,19.0282],[-87.5827,19.0276],[-87.5828,19.0273],[-87.583,19.0267],[-87.5831,19.0267],[-87.5831,19.0267],[-87.5831,19.0266],[-87.5833,19.0264],[-87.5833,19.0263],[-87.5834,19.0262],[-87.5834,19.0262],[-87.5835,19.026],[-87.5836,19.0255],[-87.5837,19.025],[-87.584,19.0238],[-87.5843,19.0229],[-87.5845,19.0224],[-87.5846,19.022],[-87.5848,19.0212],[-87.585,19.0209],[-87.585,19.0209],[-87.585,19.0207],[-87.585,19.0206],[-87.585,19.0204],[-87.5851,19.0201],[-87.5852,19.02],[-87.5852,19.0199],[-87.5852,19.0196],[-87.5854,19.0191],[-87.5854,19.0186],[-87.5854,19.0185],[-87.5854,19.0181],[-87.5861,19.0173],[-87.5863,19.0172],[-87.5865,19.0172],[-87.5869,19.0162],[-87.5871,19.0158],[-87.5877,19.015],[-87.5886,19.0131],[-87.5886,19.0128],[-87.5886,19.0123],[-87.5886,19.0116],[-87.5886,19.011],[-87.5887,19.0106],[-87.5889,19.0101],[-87.5892,19.0098],[-87.5893,19.0095],[-87.5893,19.0093],[-87.5894,19.009],[-87.5896,19.0082],[-87.5897,19.0082],[-87.59,19.0074],[-87.5902,19.0071],[-87.5903,19.0066],[-87.5906,19.0063],[-87.5908,19.0062],[-87.5909,19.006],[-87.5911,19.0058],[-87.5912,19.0057],[-87.5913,19.0057],[-87.5914,19.0056],[-87.5917,19.0053],[-87.5918,19.0052],[-87.5921,19.0049],[-87.5922,19.0048],[-87.5923,19.0045],[-87.5925,19.0041],[-87.5929,19.0034],[-87.5935,19.0026],[-87.594,19.0019],[-87.5942,19.0015],[-87.5946,19.0009],[-87.595,19.0004],[-87.5954,18.9998],[-87.5956,18.9995],[-87.5959,18.999],[-87.5961,18.9987],[-87.5962,18.9987],[-87.5963,18.9984],[-87.5965,18.9981],[-87.5966,18.9979],[-87.5966,18.9978],[-87.5968,18.9974],[-87.5974,18.9966],[-87.5979,18.9957],[-87.5979,18.9957],[-87.5979,18.9957],[-87.5981,18.9954],[-87.5982,18.9953],[-87.5982,18.9952],[-87.5983,18.995],[-87.5983,18.9947],[-87.5984,18.9946],[-87.5984,18.9945],[-87.5984,18.9944],[-87.5985,18.9944],[-87.5985,18.9943],[-87.5987,18.9942],[-87.5987,18.9941],[-87.5988,18.9941],[-87.5989,18.9941],[-87.5989,18.994],[-87.599,18.9939],[-87.599,18.9939],[-87.5993,18.9935],[-87.5995,18.9931],[-87.6004,18.9918],[-87.6005,18.9917],[-87.6006,18.9916],[-87.6009,18.9912],[-87.6011,18.9911],[-87.6016,18.9906],[-87.602,18.9903],[-87.6027,18.9898],[-87.6028,18.9895],[-87.6032,18.9891],[-87.604,18.9888],[-87.6044,18.9886],[-87.6047,18.9883],[-87.6048,18.9883],[-87.6053,18.9877],[-87.6056,18.9863],[-87.6056,18.9858],[-87.6057,18.9853],[-87.6059,18.984],[-87.606,18.9836],[-87.6061,18.9833],[-87.6063,18.9825],[-87.6064,18.982],[-87.6066,18.9817],[-87.6066,18.9815],[-87.6068,18.9812],[-87.6068,18.9812],[-87.6068,18.9812],[-87.6068,18.9809],[-87.6069,18.9807],[-87.6069,18.9805],[-87.607,18.9799],[-87.607,18.9796],[-87.607,18.9794],[-87.6071,18.9793],[-87.6072,18.979],[-87.6074,18.9784],[-87.6074,18.9779],[-87.6075,18.9777],[-87.6076,18.9774],[-87.6077,18.9771],[-87.6078,18.9766],[-87.608,18.9762],[-87.608,18.9762],[-87.6084,18.9754],[-87.6084,18.9753],[-87.6084,18.9753],[-87.6084,18.9751],[-87.6086,18.9747],[-87.6086,18.9747],[-87.6086,18.9747],[-87.6087,18.9742],[-87.6087,18.9742],[-87.6087,18.9741],[-87.6088,18.9738],[-87.6089,18.9733],[-87.6089,18.9732],[-87.6092,18.9721],[-87.6093,18.972],[-87.6093,18.9719],[-87.6094,18.9717],[-87.6095,18.9716],[-87.6096,18.9715],[-87.6096,18.9714],[-87.6098,18.9712],[-87.6101,18.9709],[-87.6101,18.9708],[-87.6101,18.9708],[-87.6103,18.9705],[-87.6104,18.9704],[-87.6104,18.9703],[-87.6104,18.9702],[-87.6104,18.9701],[-87.6107,18.9695],[-87.6108,18.9694],[-87.6109,18.9692],[-87.611,18.9691],[-87.6113,18.9689],[-87.6114,18.9687],[-87.6115,18.9685],[-87.6116,18.9684],[-87.6116,18.9683],[-87.6116,18.9682],[-87.6116,18.9681],[-87.6117,18.968],[-87.6117,18.9678],[-87.6118,18.9676],[-87.6119,18.9676],[-87.612,18.9674],[-87.6123,18.967],[-87.6125,18.9667],[-87.6127,18.9663],[-87.6128,18.9662],[-87.6128,18.966],[-87.613,18.9656],[-87.613,18.9656],[-87.6133,18.965],[-87.6134,18.9646],[-87.6136,18.9642],[-87.6137,18.9638],[-87.6139,18.9634],[-87.6141,18.963],[-87.6141,18.9629],[-87.6141,18.9628],[-87.6142,18.9625],[-87.6178,18.9626],[-87.6483,18.9765],[-88.0487,18.9805],[-88.0487,18.9805],[-88.0487,18.9805],[-88.0487,18.9805],[-88.0543,18.979],[-88.0571,18.9783],[-88.0616,18.9771],[-88.0616,18.9787],[-88.0616,18.9804],[-88.0621,18.9804],[-88.0625,18.9805],[-88.0639,18.9804],[-88.0644,18.977],[-88.0711,18.9773],[-88.0767,18.9775],[-88.0824,18.9778],[-88.0872,18.9771],[-88.0873,18.9771],[-88.0873,18.9771],[-88.0873,18.9771],[-88.0856,18.9574],[-88.0852,18.9531],[-88.0849,18.9278],[-88.1353,18.9285],[-88.1389,18.9276],[-88.144,18.9003],[-88.1601,18.9012],[-88.1601,18.9012],[-88.1697,18.9012],[-88.1698,18.9009],[-88.17,18.9007],[-88.1701,18.9005],[-88.1711,18.9006],[-88.1713,18.9003],[-88.1714,18.9001],[-88.1715,18.8997],[-88.1717,18.8992],[-88.1718,18.8988],[-88.172,18.8984],[-88.1722,18.898],[-88.1724,18.8975],[-88.1726,18.8971],[-88.1729,18.8966],[-88.1731,18.8962],[-88.1734,18.8958],[-88.1737,18.8954],[-88.1739,18.895],[-88.1742,18.8947],[-88.1744,18.8943],[-88.1747,18.8939],[-88.175,18.8935],[-88.1753,18.8932],[-88.1756,18.8928],[-88.1758,18.8923],[-88.1758,18.8919],[-88.1759,18.8914],[-88.1761,18.891],[-88.1763,18.8906],[-88.1765,18.8902],[-88.1767,18.8898],[-88.1769,18.8894],[-88.1771,18.8889],[-88.1772,18.8885],[-88.1772,18.888],[-88.1773,18.8876],[-88.1773,18.8872],[-88.1774,18.8868],[-88.1775,18.8864],[-88.1777,18.886],[-88.1778,18.8855],[-88.178,18.8851],[-88.1782,18.8847],[-88.1784,18.8843],[-88.1787,18.8839],[-88.1788,18.8834],[-88.1788,18.883],[-88.179,18.8826],[-88.1792,18.8821],[-88.1793,18.8817],[-88.1795,18.8813],[-88.1797,18.8809],[-88.1798,18.8806],[-88.18,18.8803],[-88.1801,18.8799],[-88.1803,18.8796],[-88.1805,18.8792],[-88.1807,18.8787],[-88.181,18.8784],[-88.1813,18.878],[-88.1815,18.8776],[-88.1817,18.8772],[-88.1818,18.8767],[-88.1819,18.8763],[-88.1822,18.8759],[-88.1824,18.8755],[-88.1826,18.8752],[-88.1828,18.8748],[-88.183,18.8744],[-88.1832,18.874],[-88.1834,18.8735],[-88.1836,18.8731],[-88.1838,18.8727],[-88.1839,18.8723],[-88.1842,18.8719],[-88.1845,18.8712],[-88.1848,18.8704],[-88.1854,18.8691],[-88.1859,18.8683],[-88.1866,18.8675],[-88.1875,18.8667],[-88.1887,18.8661],[-88.1896,18.8658],[-88.1903,18.8656],[-88.191,18.8654],[-88.1918,18.8654],[-88.1925,18.8654],[-88.1932,18.8655],[-88.1938,18.8656],[-88.1942,18.8657],[-88.1945,18.8657],[-88.1948,18.8658],[-88.1951,18.8659],[-88.1955,18.866],[-88.1961,18.8662],[-88.1965,18.8662],[-88.1969,18.8663],[-88.1974,18.8663],[-88.1979,18.8662],[-88.1984,18.8663],[-88.1989,18.8663],[-88.1994,18.8664],[-88.1999,18.8665],[-88.2004,18.8665],[-88.2009,18.8666],[-88.2013,18.8667],[-88.2018,18.8668],[-88.2023,18.8669],[-88.2028,18.867],[-88.2033,18.8672],[-88.2037,18.8673],[-88.2042,18.8674],[-88.2046,18.8676],[-88.2051,18.8678],[-88.2055,18.8679],[-88.206,18.8682],[-88.2064,18.8684],[-88.2068,18.8686],[-88.2072,18.8688],[-88.2077,18.869],[-88.2081,18.8692],[-88.2085,18.8694],[-88.2089,18.8697],[-88.2093,18.8699],[-88.2097,18.8701],[-88.2102,18.8704],[-88.2106,18.8705],[-88.211,18.8708],[-88.2114,18.871],[-88.2118,18.8713],[-88.2122,18.8715],[-88.2126,18.8717],[-88.213,18.872],[-88.2134,18.8722],[-88.2138,18.8725],[-88.2141,18.8728],[-88.2147,18.8731],[-88.2151,18.8733],[-88.2155,18.8735],[-88.2159,18.8738],[-88.2163,18.874],[-88.2167,18.8742],[-88.2171,18.8744],[-88.2176,18.8746],[-88.218,18.8748],[-88.2184,18.8751],[-88.2188,18.8753],[-88.2191,18.8755],[-88.2196,18.8754],[-88.2199,18.8754],[-88.2203,18.8756],[-88.2205,18.8757],[-88.2209,18.8761],[-88.2212,18.8763],[-88.2215,18.8766],[-88.2219,18.8768],[-88.2222,18.8771],[-88.2227,18.8774],[-88.2231,18.8777],[-88.2234,18.8778],[-88.2238,18.8779],[-88.2242,18.8777],[-88.2247,18.8773],[-88.2252,18.8766],[-88.2258,18.8763],[-88.2265,18.8762],[-88.2273,18.8762],[-88.2282,18.8762],[-88.229,18.876],[-88.2298,18.8758],[-88.2305,18.8756],[-88.2309,18.8754],[-88.2312,18.8751],[-88.2314,18.8746],[-88.2316,18.8742],[-88.2317,18.8738],[-88.2317,18.8734],[-88.2316,18.8731],[-88.2317,18.8727],[-88.2317,18.8723],[-88.2318,18.8718],[-88.2318,18.8713],[-88.2312,18.8704],[-88.2314,18.87],[-88.2315,18.8698],[-88.2317,18.8695],[-88.232,18.8693],[-88.2332,18.8695],[-88.2336,18.8692],[-88.2337,18.869],[-88.2339,18.8688],[-88.2341,18.8686],[-88.2343,18.8681],[-88.2342,18.8676],[-88.2344,18.8672],[-88.2347,18.8669],[-88.2352,18.8666],[-88.2355,18.8662],[-88.2358,18.8659],[-88.236,18.8655],[-88.2362,18.8651],[-88.2366,18.8647],[-88.2369,18.8644],[-88.2372,18.8641],[-88.2375,18.8637],[-88.2378,18.8633],[-88.238,18.8629],[-88.2383,18.8626],[-88.2387,18.8623],[-88.239,18.8619],[-88.2392,18.8615],[-88.2395,18.8611],[-88.2397,18.8607],[-88.24,18.8603],[-88.2402,18.86],[-88.2404,18.8596],[-88.2407,18.8592],[-88.2409,18.8588],[-88.2411,18.8583],[-88.2412,18.8579],[-88.2414,18.8575],[-88.2416,18.8571],[-88.2418,18.8567],[-88.242,18.8563],[-88.2422,18.8559],[-88.2423,18.8556],[-88.2425,18.8552],[-88.2427,18.8547],[-88.2429,18.8543],[-88.2431,18.8539],[-88.2434,18.8535],[-88.2437,18.8532],[-88.244,18.8528],[-88.2443,18.8525],[-88.2446,18.8521],[-88.2449,18.8518],[-88.2452,18.8514],[-88.2457,18.8512],[-88.2465,18.8511],[-88.2469,18.8509],[-88.2473,18.8505],[-88.2476,18.8502],[-88.248,18.85],[-88.2484,18.8497],[-88.2487,18.8495],[-88.2491,18.8491],[-88.2494,18.8489],[-88.2496,18.8486],[-88.2499,18.8483],[-88.2501,18.8478],[-88.2503,18.8474],[-88.2505,18.847],[-88.2507,18.8466],[-88.2509,18.8462],[-88.2512,18.8458],[-88.2514,18.8454],[-88.2516,18.845],[-88.2518,18.8446],[-88.2521,18.8443],[-88.2523,18.8439],[-88.2526,18.8435],[-88.2529,18.8431],[-88.2531,18.8427],[-88.2533,18.8423],[-88.2535,18.8419],[-88.2537,18.8415],[-88.2539,18.8411],[-88.2541,18.8407],[-88.2544,18.8403],[-88.2546,18.8399],[-88.2548,18.8395],[-88.255,18.8391],[-88.2553,18.8387],[-88.2555,18.8383],[-88.2556,18.8378],[-88.2558,18.8374],[-88.2561,18.837],[-88.2563,18.8367],[-88.2566,18.8363],[-88.2569,18.8359],[-88.2572,18.8355],[-88.2574,18.8352],[-88.2576,18.8348],[-88.2578,18.8343],[-88.2581,18.8339],[-88.2583,18.8335],[-88.2585,18.8332],[-88.2588,18.8328],[-88.2591,18.8324],[-88.2598,18.8317],[-88.2601,18.8313],[-88.2606,18.8307],[-88.2608,18.8303],[-88.261,18.8299],[-88.2613,18.8296],[-88.2616,18.8292],[-88.2618,18.8288],[-88.2621,18.8284],[-88.2623,18.828],[-88.2626,18.8276],[-88.263,18.8273],[-88.2632,18.8269],[-88.2634,18.8265],[-88.2636,18.8261],[-88.2638,18.8258],[-88.264,18.8255],[-88.2642,18.8251],[-88.2645,18.8247],[-88.2647,18.8243],[-88.2648,18.8239],[-88.265,18.8235],[-88.2652,18.8231],[-88.2654,18.8227],[-88.2656,18.8223],[-88.2658,18.8218],[-88.266,18.8214],[-88.2662,18.821],[-88.2664,18.8206],[-88.2666,18.8202],[-88.2668,18.8198],[-88.2669,18.8193],[-88.2671,18.8189],[-88.2672,18.8185],[-88.2674,18.818],[-88.2676,18.8177],[-88.2678,18.8172],[-88.268,18.8168],[-88.2682,18.8164],[-88.2684,18.816],[-88.2687,18.8156],[-88.2688,18.8153],[-88.269,18.8149],[-88.2692,18.8145],[-88.2694,18.8141],[-88.2696,18.8136],[-88.2698,18.8132],[-88.27,18.8128],[-88.2702,18.8124],[-88.2705,18.812],[-88.2706,18.8116],[-88.2707,18.8112],[-88.2709,18.8107],[-88.2711,18.8103],[-88.2713,18.8099],[-88.2715,18.8095],[-88.2717,18.8091],[-88.2719,18.8087],[-88.2721,18.8083],[-88.2724,18.8079],[-88.2726,18.8075],[-88.2728,18.8071],[-88.273,18.8067],[-88.2733,18.8063],[-88.2735,18.8059],[-88.2737,18.8055],[-88.2739,18.805],[-88.2741,18.8046],[-88.2742,18.8042],[-88.2744,18.8038],[-88.2745,18.8034],[-88.2746,18.803],[-88.2747,18.8027],[-88.2749,18.8022],[-88.2751,18.8018],[-88.2752,18.8014],[-88.2755,18.8009],[-88.2757,18.8006],[-88.276,18.8],[-88.2763,18.7995],[-88.2766,18.7992],[-88.2769,18.7988],[-88.2772,18.7985],[-88.2775,18.7981],[-88.2778,18.7978],[-88.2784,18.7973],[-88.2787,18.797],[-88.279,18.7968],[-88.2794,18.7965],[-88.2797,18.7963],[-88.2802,18.796],[-88.2806,18.7958],[-88.281,18.7956],[-88.2814,18.7954],[-88.2819,18.7951],[-88.2823,18.7949],[-88.2827,18.7946],[-88.2831,18.7944],[-88.2836,18.7942],[-88.284,18.7939],[-88.2845,18.7938],[-88.2849,18.7935],[-88.2854,18.7933],[-88.2858,18.7931],[-88.2863,18.7929],[-88.2867,18.7927],[-88.2871,18.7925],[-88.2875,18.7922],[-88.288,18.792],[-88.2884,18.7917],[-88.2887,18.7915],[-88.2891,18.7913],[-88.2893,18.791],[-88.29,18.7903],[-88.2904,18.79],[-88.2907,18.7897],[-88.291,18.7894],[-88.2914,18.7891],[-88.2917,18.7888],[-88.2919,18.7885],[-88.2924,18.7884],[-88.2928,18.7882],[-88.2931,18.788],[-88.2935,18.7878],[-88.2939,18.7875],[-88.2942,18.7871],[-88.2945,18.7868],[-88.2947,18.7865],[-88.2951,18.7862],[-88.2955,18.786],[-88.296,18.7857],[-88.2964,18.7855],[-88.2968,18.7852],[-88.2971,18.7849],[-88.2975,18.7846],[-88.2978,18.7842],[-88.2981,18.7838],[-88.2984,18.7834],[-88.2985,18.783],[-88.2985,18.7826],[-88.2985,18.7821],[-88.2987,18.7817],[-88.299,18.7813],[-88.2993,18.7809],[-88.2996,18.7806],[-88.2998,18.7801],[-88.2998,18.7796],[-88.3002,18.7794],[-88.3005,18.779],[-88.3008,18.7786],[-88.3011,18.7783],[-88.3014,18.7779],[-88.3016,18.7775],[-88.3019,18.7771],[-88.3022,18.7768],[-88.3024,18.7764],[-88.3027,18.776],[-88.303,18.7757],[-88.3033,18.7753],[-88.3035,18.7749],[-88.3038,18.7746],[-88.304,18.7742],[-88.3043,18.7738],[-88.3046,18.7734],[-88.3048,18.773],[-88.3051,18.7726],[-88.3053,18.7721],[-88.3056,18.7717],[-88.3058,18.7713],[-88.3059,18.7709],[-88.306,18.7704],[-88.3062,18.77],[-88.3065,18.7696],[-88.3067,18.7692],[-88.3067,18.7687],[-88.3068,18.7682],[-88.3068,18.7678],[-88.307,18.7674],[-88.3071,18.767],[-88.3072,18.7667],[-88.3072,18.7662],[-88.3071,18.7659],[-88.307,18.7656],[-88.3068,18.7653],[-88.3066,18.7649],[-88.3064,18.7645],[-88.3061,18.764],[-88.3059,18.7636],[-88.3058,18.7632],[-88.3057,18.7627],[-88.3056,18.7623],[-88.3055,18.7618],[-88.3054,18.7614],[-88.3053,18.7609],[-88.3052,18.7605],[-88.3051,18.7601],[-88.3051,18.7597],[-88.3051,18.7595],[-88.3051,18.7591],[-88.3052,18.7586],[-88.3053,18.7582],[-88.3055,18.7578],[-88.3057,18.7574],[-88.3059,18.7571],[-88.3062,18.7566],[-88.3065,18.7562],[-88.3069,18.7559],[-88.3073,18.7557],[-88.3076,18.7554],[-88.3083,18.7549],[-88.3089,18.7545],[-88.3094,18.754],[-88.31,18.7536],[-88.3106,18.7532],[-88.3113,18.7529],[-88.3119,18.7525],[-88.3126,18.7521],[-88.3132,18.7518],[-88.3135,18.7514],[-88.3139,18.7512],[-88.3143,18.7509],[-88.3146,18.7506],[-88.315,18.7503],[-88.3153,18.75],[-88.3157,18.7497],[-88.3161,18.7495],[-88.3164,18.7491],[-88.3168,18.7488],[-88.3171,18.7485],[-88.3174,18.7481],[-88.3177,18.7477],[-88.318,18.7474],[-88.3182,18.747],[-88.3185,18.7467],[-88.3188,18.7463],[-88.3191,18.7459],[-88.3194,18.7456],[-88.3197,18.7453],[-88.32,18.7449],[-88.3203,18.7446],[-88.3206,18.7443],[-88.3209,18.7441],[-88.3213,18.7438],[-88.3217,18.7436],[-88.3221,18.7433],[-88.3225,18.743],[-88.3229,18.7427],[-88.3233,18.7425],[-88.3238,18.7423],[-88.3242,18.742],[-88.3246,18.7418],[-88.325,18.7415],[-88.3254,18.7412],[-88.3257,18.7409],[-88.3261,18.7406],[-88.3264,18.7403],[-88.3268,18.74],[-88.3272,18.7397],[-88.3275,18.7394],[-88.3278,18.7391],[-88.3283,18.7388],[-88.3287,18.7386],[-88.3291,18.7383],[-88.3295,18.7381],[-88.33,18.7378],[-88.3303,18.7375],[-88.3307,18.7372],[-88.3311,18.7369],[-88.3314,18.7366],[-88.3318,18.7363],[-88.3321,18.736],[-88.3324,18.7357],[-88.3327,18.7353],[-88.333,18.735],[-88.3333,18.7347],[-88.3336,18.7344],[-88.3339,18.7341],[-88.3343,18.7338],[-88.3347,18.7335],[-88.335,18.7332],[-88.3353,18.7329],[-88.3357,18.7326],[-88.3361,18.7323],[-88.3364,18.732],[-88.3368,18.7317],[-88.3372,18.7314],[-88.3375,18.7311],[-88.3379,18.7308],[-88.3382,18.7305],[-88.3386,18.7302],[-88.339,18.7299],[-88.3393,18.7296],[-88.3395,18.7293],[-88.3398,18.7289],[-88.3401,18.7286],[-88.3404,18.7282],[-88.3408,18.728],[-88.3412,18.7277],[-88.3415,18.7273],[-88.3418,18.727],[-88.3421,18.7267],[-88.3426,18.7263],[-88.3428,18.7261],[-88.3431,18.7257],[-88.3434,18.7254],[-88.3437,18.725],[-88.3439,18.7246],[-88.3442,18.7242],[-88.3443,18.7238],[-88.3446,18.7234],[-88.345,18.7231],[-88.3453,18.7228],[-88.3456,18.7226],[-88.3459,18.7223],[-88.3462,18.7221],[-88.3466,18.7219],[-88.347,18.7217],[-88.3474,18.7215],[-88.3478,18.7214],[-88.3481,18.7212],[-88.3485,18.7209],[-88.3489,18.7206],[-88.3493,18.7204],[-88.3499,18.7203],[-88.3506,18.7204],[-88.3517,18.721],[-88.3522,18.7211],[-88.3528,18.721],[-88.3533,18.7208],[-88.3537,18.7206],[-88.354,18.7203],[-88.3542,18.7198],[-88.3548,18.719],[-88.3551,18.7186],[-88.3556,18.7183],[-88.356,18.7177],[-88.3565,18.7173],[-88.3571,18.7173],[-88.3575,18.7171],[-88.3579,18.7169],[-88.3584,18.7167],[-88.3589,18.7166],[-88.3595,18.7166],[-88.36,18.7166],[-88.3606,18.7165],[-88.3612,18.7166],[-88.3618,18.7165],[-88.3622,18.7164],[-88.3627,18.7162],[-88.3631,18.716],[-88.3635,18.7158],[-88.364,18.7156],[-88.3644,18.7154],[-88.3647,18.7151],[-88.3651,18.7148],[-88.3655,18.7145],[-88.3658,18.7143],[-88.3662,18.714],[-88.3666,18.7137],[-88.3669,18.7134],[-88.3673,18.7131],[-88.3677,18.7128],[-88.368,18.7125],[-88.3684,18.7122],[-88.3688,18.7119],[-88.3691,18.7117],[-88.3695,18.7114],[-88.3699,18.7111],[-88.3703,18.7109],[-88.3709,18.7106],[-88.3713,18.7103],[-88.3716,18.71],[-88.3719,18.7096],[-88.3721,18.7093],[-88.3724,18.7088],[-88.3728,18.7084],[-88.3731,18.7081],[-88.3734,18.7077],[-88.3737,18.7075],[-88.3741,18.7071],[-88.3742,18.7067],[-88.3746,18.7063],[-88.3749,18.706],[-88.3752,18.7056],[-88.3755,18.7053],[-88.3759,18.7049],[-88.3761,18.7047],[-88.3763,18.7042],[-88.3765,18.7038],[-88.3768,18.7035],[-88.377,18.7032],[-88.3772,18.7028],[-88.3774,18.7023],[-88.3776,18.702],[-88.3778,18.7017],[-88.378,18.7013],[-88.3782,18.7009],[-88.3785,18.7005],[-88.3787,18.7001],[-88.379,18.6997],[-88.3793,18.6994],[-88.3796,18.699],[-88.3799,18.6985],[-88.3802,18.6984],[-88.3804,18.6982],[-88.3804,18.6979],[-88.3804,18.6977],[-88.3803,18.6973],[-88.3803,18.697],[-88.3804,18.6965],[-88.3806,18.696],[-88.3806,18.6957],[-88.3805,18.6952],[-88.3804,18.6947],[-88.3805,18.6943],[-88.3807,18.6939],[-88.3809,18.6934],[-88.3808,18.693],[-88.3809,18.6925],[-88.3809,18.6921],[-88.3808,18.6916],[-88.3801,18.6911],[-88.3801,18.6906],[-88.3801,18.6901],[-88.3801,18.6897],[-88.3801,18.6892],[-88.3802,18.6888],[-88.3803,18.6883],[-88.3802,18.6879],[-88.3803,18.6874],[-88.3803,18.687],[-88.3803,18.6865],[-88.3804,18.6861],[-88.3805,18.6856],[-88.3805,18.6852],[-88.3805,18.6847],[-88.3799,18.6842],[-88.3798,18.6837],[-88.3798,18.6833],[-88.3798,18.6828],[-88.3798,18.6823],[-88.3799,18.6819],[-88.38,18.6815],[-88.3801,18.681],[-88.3802,18.6806],[-88.3804,18.6802],[-88.3805,18.6798],[-88.3806,18.6794],[-88.3807,18.679],[-88.3808,18.6787],[-88.3809,18.6783],[-88.3814,18.678],[-88.3818,18.6776],[-88.3821,18.6773],[-88.3822,18.6768],[-88.3824,18.6764],[-88.3826,18.676],[-88.3828,18.6756],[-88.383,18.6752],[-88.3833,18.6748],[-88.3834,18.6744],[-88.3836,18.674],[-88.3839,18.6736],[-88.3842,18.6732],[-88.3845,18.6728],[-88.3846,18.6724],[-88.3847,18.6719],[-88.3849,18.6715],[-88.385,18.6712],[-88.3851,18.6709],[-88.3853,18.6706],[-88.3855,18.6703],[-88.3857,18.6699],[-88.386,18.6695],[-88.3863,18.6692],[-88.3866,18.6689],[-88.387,18.6685],[-88.3873,18.6682],[-88.3876,18.6678],[-88.3879,18.6675],[-88.3883,18.6672],[-88.3887,18.6668],[-88.3889,18.6664],[-88.3891,18.666],[-88.3893,18.6656],[-88.3894,18.6654],[-88.39,18.6656],[-88.3901,18.6655],[-88.3901,18.6652],[-88.3901,18.665],[-88.3887,18.6639],[-88.3888,18.6636],[-88.3884,18.6631],[-88.3884,18.6629],[-88.3886,18.6625],[-88.3889,18.6621],[-88.3892,18.6618],[-88.3895,18.6614],[-88.3898,18.661],[-88.39,18.6606],[-88.3902,18.6602],[-88.3905,18.6599],[-88.3907,18.6595],[-88.391,18.6591],[-88.3914,18.6588],[-88.3917,18.6584],[-88.392,18.6581],[-88.3924,18.6578],[-88.3927,18.6575],[-88.3929,18.6572],[-88.3932,18.6568],[-88.3935,18.6565],[-88.3938,18.6561],[-88.394,18.6557],[-88.3942,18.6553],[-88.3945,18.6549],[-88.3947,18.6548],[-88.3949,18.6547],[-88.3952,18.6543],[-88.3955,18.6539],[-88.3958,18.6536],[-88.3967,18.6536],[-88.3972,18.6534],[-88.3978,18.6532],[-88.3983,18.653],[-88.3988,18.6527],[-88.3994,18.6524],[-88.3999,18.6522],[-88.4004,18.652],[-88.4009,18.6517],[-88.4014,18.6515],[-88.4018,18.6512],[-88.402,18.6508],[-88.402,18.6505],[-88.4021,18.6503],[-88.4022,18.6501],[-88.4024,18.6501],[-88.4025,18.6499],[-88.4025,18.6498],[-88.4026,18.6497],[-88.4027,18.6496],[-88.4029,18.6492],[-88.4033,18.6489],[-88.4037,18.6486],[-88.4039,18.6484],[-88.4042,18.6482],[-88.4046,18.6481],[-88.4051,18.6478],[-88.4052,18.6477],[-88.4055,18.6476],[-88.4057,18.6474],[-88.4058,18.6472],[-88.4059,18.647],[-88.406,18.6468],[-88.4061,18.6466],[-88.4061,18.6464],[-88.4059,18.6461],[-88.4058,18.6459],[-88.4058,18.6456],[-88.4059,18.6451],[-88.4061,18.6447],[-88.4062,18.6442],[-88.4063,18.6437],[-88.4063,18.6432],[-88.4064,18.643],[-88.4089,18.643],[-88.41,18.643],[-88.4111,18.643],[-88.4115,18.6427],[-88.4138,18.6277],[-88.4929,18.6392],[-88.5604,18.6491],[-88.5729,18.6536],[-88.5853,18.6582],[-88.5862,18.6428],[-88.587,18.6274],[-88.5981,18.6273],[-88.6092,18.6272],[-88.6092,18.6272],[-88.6812,18.6267],[-88.7532,18.6261],[-88.7532,18.6261],[-88.7531,18.6432],[-88.753,18.6602],[-88.7534,18.7099],[-88.7538,18.7595],[-88.759,18.7594],[-88.8249,18.7592],[-88.8257,18.7857],[-88.8264,18.8085],[-88.8268,18.8199],[-88.8268,18.8199],[-88.8329,18.8197],[-88.8391,18.8195],[-88.8499,18.8194],[-88.8606,18.8192],[-88.9001,18.8189],[-88.923,18.8186],[-88.923,18.8186],[-88.9233,18.8071],[-88.9237,18.7956],[-88.9351,18.7963],[-88.9351,18.7963],[-88.9506,18.7969],[-88.9662,18.7976],[-88.9662,18.7976],[-88.9655,18.806],[-88.9649,18.8144],[-88.965,18.8156],[-88.9651,18.8168],[-88.9859,18.8168],[-89.0067,18.8169],[-89.0067,18.8169],[-89.0065,18.8653],[-89.0618,18.8574],[-89.0618,18.8574],[-89.064,18.8725],[-89.0663,18.8876],[-89.1387,18.8785],[-89.1486,18.8773],[-89.1471,18.995],[-89.1418,19.0592],[-89.1376,19.1112],[-89.1358,19.1324],[-89.147,19.1332],[-89.147,19.1986],[-89.147,19.2266],[-89.147,19.2266],[-89.027,19.228],[-88.8171,19.2302],[-88.8046,19.2302],[-88.773,19.2305],[-88.7635,19.2305],[-88.7174,19.2311],[-88.7175,19.2182]]]}},{"type":"Feature","properties":{"cvegeo":"23007","cve_ent":"23","name":"Lázaro Cárdenas"},"geometry":{"type":"MultiPolygon","coordinates":[[[[-87.1069,21.5261],[-87.1067,21.5255],[-87.1065,21.5251],[-87.106,21.5254],[-87.1058,21.5253],[-87.1058,21.5246],[-87.1058,21.4967],[-87.1058,21.3625],[-87.1019,21.3623],[-87.0972,21.362],[-87.0972,21.362],[-87.0972,21.23],[-87.0972,21.2121],[-87.0972,21.212],[-87.0972,21.0987],[-87.1569,21.0981],[-87.1583,21.0983],[-87.2129,21.0996],[-87.2148,21.0996],[-87.2454,21.1004],[-87.2454,21.1004],[-87.3204,21.1012],[-87.3217,21.0001],[-87.3217,20.9996],[-87.3218,20.9979],[-87.3217,20.997],[-87.3216,20.9965],[-87.3217,20.9955],[-87.3218,20.994],[-87.3223,20.9596],[-87.3223,20.9594],[-87.3223,20.9565],[-87.3223,20.9537],[-87.3223,20.9497],[-87.3224,20.9479],[-87.3224,20.9477],[-87.3224,20.9474],[-87.3224,20.9467],[-87.3224,20.9467],[-87.3224,20.9459],[-87.3224,20.9445],[-87.3224,20.9445],[-87.3224,20.9445],[-87.3224,20.9444],[-87.3224,20.9441],[-87.3225,20.9431],[-87.3225,20.9425],[-87.3225,20.9411],[-87.3225,20.941],[-87.3225,20.941],[-87.3225,20.9407],[-87.3225,20.9407],[-87.3225,20.9406],[-87.3226,20.9356],[-87.3233,20.8838],[-87.3233,20.8837],[-87.3234,20.872],[-87.3233,20.872],[-87.2741,20.8715],[-87.2426,20.8712],[-87.2171,20.8711],[-87.192,20.871],[-87.1919,20.7661],[-87.1919,20.7628],[-87.2458,20.7059],[-87.2383,20.7002],[-87.2684,20.6687],[-87.2524,20.6582],[-87.3788,20.6585],[-87.4325,20.6592],[-87.4332,20.6592],[-87.4422,20.6596],[-87.5238,20.6606],[-87.522,20.5928],[-87.6136,20.5999],[-87.6113,20.6527],[-87.7437,20.6548],[-87.6757,20.7663],[-87.5783,20.9257],[-87.5331,20.9996],[-87.5332,21.016],[-87.5334,21.0571],[-87.534,21.242],[-87.534,21.242],[-87.5343,21.308],[-87.5344,21.3614],[-87.5345,21.3802],[-87.5348,21.4649],[-87.5349,21.49],[-87.5349,21.4902],[-87.533,21.4902],[-87.533,21.4902],[-87.5329,21.4902],[-87.5326,21.4901],[-87.5326,21.4901],[-87.532,21.4901],[-87.5309,21.4901],[-87.5309,21.4901],[-87.5305,21.4901],[-87.5302,21.49],[-87.5293,21.4899],[-87.5293,21.4899],[-87.5288,21.4898],[-87.5284,21.4898],[-87.5284,21.4898],[-87.5278,21.4897],[-87.5278,21.4897],[-87.5269,21.4897],[-87.5269,21.4897],[-87.5259,21.4896],[-87.5259,21.4896],[-87.525,21.4896],[-87.5242,21.4895],[-87.5242,21.4895],[-87.5234,21.4892],[-87.5217,21.489],[-87.5217,21.489],[-87.5198,21.4889],[-87.5185,21.4888],[-87.5185,21.4888],[-87.5175,21.4886],[-87.5164,21.4885],[-87.5164,21.4885],[-87.5161,21.4885],[-87.5149,21.4887],[-87.5135,21.4886],[-87.5135,21.4886],[-87.5129,21.4883],[-87.5124,21.4881],[-87.5122,21.4881],[-87.5113,21.4879],[-87.5112,21.4879],[-87.5102,21.4877],[-87.5097,21.4876],[-87.5086,21.4875],[-87.5082,21.4875],[-87.5078,21.4875],[-87.5077,21.4875],[-87.5075,21.4875],[-87.5071,21.4874],[-87.5063,21.4871],[-87.5054,21.4868],[-87.5042,21.4864],[-87.5032,21.4861],[-87.5028,21.486],[-87.5023,21.486],[-87.5009,21.4859],[-87.5009,21.4859],[-87.5001,21.4858],[-87.5001,21.4858],[-87.4985,21.4857],[-87.4978,21.4856],[-87.4971,21.4856],[-87.4971,21.4856],[-87.4963,21.4855],[-87.4963,21.4855],[-87.4958,21.4855],[-87.4943,21.4855],[-87.4938,21.4856],[-87.4931,21.4857],[-87.4931,21.4857],[-87.4926,21.4856],[-87.4926,21.4856],[-87.492,21.4856],[-87.4915,21.4856],[-87.4915,21.4856],[-87.4915,21.4856],[-87.491,21.4855],[-87.4906,21.4853],[-87.4906,21.4853],[-87.4898,21.4853],[-87.4891,21.4853],[-87.4891,21.4853],[-87.4883,21.4852],[-87.4881,21.485],[-87.4881,21.4849],[-87.488,21.4847],[-87.488,21.4847],[-87.4878,21.4847],[-87.4878,21.4847],[-87.4876,21.4847],[-87.4872,21.4845],[-87.4866,21.4842],[-87.486,21.4837],[-87.4859,21.4833],[-87.4858,21.4827],[-87.4858,21.4821],[-87.4857,21.4812],[-87.4858,21.481],[-87.4858,21.4807],[-87.4858,21.4801],[-87.4858,21.4798],[-87.4858,21.4794],[-87.4857,21.4792],[-87.4858,21.479],[-87.4858,21.4788],[-87.4858,21.4783],[-87.4858,21.4777],[-87.4856,21.4773],[-87.4855,21.4771],[-87.4856,21.4768],[-87.4855,21.4766],[-87.4855,21.4763],[-87.4856,21.4758],[-87.4857,21.4752],[-87.4855,21.475],[-87.4857,21.4748],[-87.4858,21.4748],[-87.4859,21.4748],[-87.4859,21.4747],[-87.486,21.4743],[-87.4861,21.4743],[-87.4862,21.4742],[-87.4862,21.4742],[-87.4863,21.474],[-87.4863,21.4739],[-87.4863,21.4739],[-87.4863,21.4738],[-87.4864,21.4736],[-87.4864,21.4736],[-87.4863,21.4735],[-87.4864,21.4732],[-87.4865,21.4727],[-87.4866,21.4727],[-87.4866,21.4726],[-87.4866,21.4726],[-87.4867,21.4726],[-87.4867,21.4726],[-87.4868,21.4726],[-87.4869,21.4726],[-87.4869,21.4724],[-87.4868,21.4722],[-87.4867,21.4715],[-87.4865,21.4713],[-87.4866,21.471],[-87.4865,21.4704],[-87.4868,21.47],[-87.4871,21.4695],[-87.4872,21.4693],[-87.4872,21.4689],[-87.4872,21.4687],[-87.4872,21.4684],[-87.4872,21.4681],[-87.4869,21.4673],[-87.4869,21.4671],[-87.4869,21.467],[-87.4867,21.4667],[-87.4866,21.4666],[-87.4864,21.4665],[-87.4863,21.4663],[-87.4863,21.4661],[-87.4864,21.4659],[-87.4866,21.4653],[-87.486,21.4645],[-87.4858,21.4642],[-87.4855,21.4635],[-87.4853,21.4634],[-87.4851,21.4631],[-87.4847,21.4629],[-87.4844,21.4626],[-87.4839,21.4623],[-87.4836,21.462],[-87.4833,21.462],[-87.4831,21.4619],[-87.4827,21.4618],[-87.4821,21.4614],[-87.4816,21.4608],[-87.4812,21.4605],[-87.481,21.4603],[-87.4808,21.4601],[-87.4806,21.46],[-87.4803,21.4598],[-87.48,21.4597],[-87.4798,21.4595],[-87.4796,21.4594],[-87.479,21.4591],[-87.4785,21.4589],[-87.4781,21.4586],[-87.4779,21.4585],[-87.4777,21.4584],[-87.4777,21.4584],[-87.4773,21.4584],[-87.4773,21.4584],[-87.4769,21.4584],[-87.4769,21.4584],[-87.4766,21.4582],[-87.4764,21.458],[-87.4761,21.4579],[-87.4761,21.4579],[-87.4755,21.458],[-87.4755,21.458],[-87.475,21.4578],[-87.4747,21.4577],[-87.4741,21.4576],[-87.4739,21.4575],[-87.4735,21.4573],[-87.4732,21.4572],[-87.4732,21.4572],[-87.4728,21.4572],[-87.4728,21.4572],[-87.4724,21.4571],[-87.4721,21.457],[-87.4721,21.457],[-87.4712,21.457],[-87.4712,21.457],[-87.4709,21.4569],[-87.4709,21.4569],[-87.4705,21.4569],[-87.4705,21.4569],[-87.4699,21.4568],[-87.4695,21.4566],[-87.4695,21.4566],[-87.4692,21.4567],[-87.4685,21.4567],[-87.4679,21.4567],[-87.4675,21.4568],[-87.467,21.4569],[-87.4664,21.4572],[-87.4659,21.4571],[-87.4655,21.4571],[-87.4655,21.4571],[-87.4651,21.4569],[-87.4651,21.4569],[-87.4647,21.4571],[-87.4642,21.4571],[-87.4637,21.4574],[-87.463,21.4576],[-87.4625,21.4577],[-87.4623,21.458],[-87.4621,21.4584],[-87.4616,21.4585],[-87.4614,21.4587],[-87.4611,21.4591],[-87.4608,21.4595],[-87.4602,21.46],[-87.4597,21.4601],[-87.4592,21.4602],[-87.4591,21.4605],[-87.459,21.4607],[-87.4589,21.4609],[-87.4586,21.4614],[-87.4583,21.4619],[-87.4579,21.4619],[-87.4579,21.4622],[-87.4575,21.4626],[-87.4571,21.4627],[-87.4566,21.4628],[-87.4561,21.4628],[-87.4553,21.4629],[-87.4552,21.4634],[-87.4546,21.4636],[-87.4541,21.4638],[-87.4537,21.4639],[-87.4529,21.464],[-87.4525,21.4643],[-87.4518,21.4642],[-87.4514,21.4642],[-87.4509,21.4645],[-87.4507,21.4646],[-87.4499,21.4647],[-87.4495,21.4647],[-87.4487,21.4648],[-87.4483,21.4648],[-87.4477,21.4649],[-87.4477,21.4649],[-87.4473,21.4648],[-87.4473,21.4648],[-87.4467,21.4648],[-87.4462,21.4649],[-87.4453,21.465],[-87.4453,21.465],[-87.445,21.465],[-87.445,21.465],[-87.4447,21.465],[-87.4441,21.4653],[-87.4436,21.4656],[-87.4434,21.4659],[-87.4425,21.4661],[-87.442,21.4661],[-87.4416,21.4664],[-87.4414,21.4667],[-87.4408,21.4669],[-87.4402,21.4673],[-87.4396,21.4674],[-87.4389,21.4679],[-87.4383,21.4685],[-87.4376,21.4689],[-87.436,21.4689],[-87.4351,21.4689],[-87.4334,21.4688],[-87.4327,21.4688],[-87.4327,21.4688],[-87.4311,21.4686],[-87.4302,21.4683],[-87.4293,21.4682],[-87.4293,21.4682],[-87.4288,21.4682],[-87.4283,21.4679],[-87.4281,21.4677],[-87.4277,21.4674],[-87.4269,21.4669],[-87.4263,21.4667],[-87.4259,21.4666],[-87.4254,21.4664],[-87.4245,21.4663],[-87.4241,21.4659],[-87.4235,21.4656],[-87.4232,21.4654],[-87.4229,21.4653],[-87.4225,21.4649],[-87.4223,21.4647],[-87.4219,21.4645],[-87.4216,21.4643],[-87.4214,21.4641],[-87.421,21.464],[-87.4206,21.4638],[-87.4203,21.4637],[-87.42,21.4634],[-87.4194,21.4632],[-87.4189,21.4631],[-87.4189,21.4631],[-87.4186,21.4631],[-87.4186,21.4631],[-87.4182,21.4627],[-87.4181,21.4625],[-87.4176,21.4623],[-87.4173,21.4622],[-87.4168,21.4621],[-87.4168,21.4621],[-87.4163,21.4621],[-87.4153,21.4621],[-87.4153,21.4621],[-87.415,21.4621],[-87.4145,21.4618],[-87.4145,21.4618],[-87.4143,21.4618],[-87.4143,21.4618],[-87.4135,21.4615],[-87.4132,21.4613],[-87.4129,21.4612],[-87.4124,21.4611],[-87.412,21.4611],[-87.412,21.4611],[-87.4117,21.4609],[-87.4117,21.4609],[-87.4111,21.4609],[-87.4105,21.4609],[-87.41,21.4609],[-87.41,21.4609],[-87.4098,21.4606],[-87.4096,21.4604],[-87.4092,21.4603],[-87.409,21.4602],[-87.4086,21.46],[-87.4084,21.4597],[-87.4081,21.4595],[-87.4077,21.4593],[-87.4072,21.4591],[-87.4066,21.459],[-87.4064,21.4588],[-87.4064,21.4588],[-87.4061,21.4588],[-87.4061,21.4588],[-87.406,21.4586],[-87.4056,21.4586],[-87.4056,21.4586],[-87.4056,21.4586],[-87.4053,21.4586],[-87.4053,21.4586],[-87.405,21.4583],[-87.405,21.4583],[-87.4049,21.4583],[-87.4048,21.4582],[-87.4048,21.4582],[-87.4047,21.4582],[-87.4047,21.4582],[-87.4046,21.4581],[-87.4046,21.4581],[-87.4044,21.4581],[-87.4042,21.4582],[-87.4042,21.4582],[-87.4038,21.4581],[-87.4036,21.458],[-87.4033,21.4576],[-87.4033,21.4576],[-87.4031,21.4576],[-87.4031,21.4576],[-87.403,21.4574],[-87.4028,21.4572],[-87.4028,21.4572],[-87.4023,21.4572],[-87.4014,21.4572],[-87.4014,21.4572],[-87.4012,21.4569],[-87.4012,21.4569],[-87.4008,21.457],[-87.4004,21.457],[-87.4004,21.457],[-87.3999,21.4568],[-87.3996,21.4567],[-87.3996,21.4567],[-87.3991,21.4567],[-87.3984,21.4568],[-87.3984,21.4568],[-87.3981,21.4567],[-87.3978,21.4567],[-87.3978,21.4567],[-87.3976,21.4567],[-87.3974,21.4566],[-87.3974,21.4566],[-87.3968,21.4567],[-87.3963,21.4569],[-87.3963,21.4569],[-87.3959,21.4568],[-87.3959,21.4568],[-87.3954,21.4569],[-87.3948,21.4569],[-87.3944,21.4569],[-87.3944,21.4569],[-87.3941,21.4567],[-87.3941,21.4567],[-87.3937,21.4567],[-87.3937,21.4567],[-87.3933,21.4566],[-87.3931,21.4564],[-87.3927,21.4563],[-87.3927,21.4563],[-87.3921,21.4563],[-87.3915,21.4565],[-87.3915,21.4565],[-87.3909,21.4561],[-87.3909,21.4561],[-87.3903,21.4561],[-87.3896,21.4562],[-87.3896,21.4562],[-87.3884,21.4558],[-87.3876,21.4555],[-87.3871,21.4554],[-87.3863,21.4553],[-87.3854,21.4551],[-87.3854,21.4551],[-87.3845,21.4551],[-87.3845,21.4551],[-87.3839,21.455],[-87.3834,21.455],[-87.3834,21.455],[-87.3827,21.455],[-87.3821,21.4552],[-87.3811,21.4551],[-87.3811,21.4551],[-87.3799,21.4549],[-87.3792,21.4548],[-87.3788,21.4546],[-87.3776,21.4539],[-87.3771,21.4536],[-87.3765,21.4533],[-87.3758,21.4529],[-87.3755,21.4526],[-87.3751,21.4524],[-87.3749,21.4521],[-87.3745,21.452],[-87.3738,21.4518],[-87.3735,21.4515],[-87.3724,21.451],[-87.3721,21.4507],[-87.3711,21.4496],[-87.3706,21.4494],[-87.3699,21.449],[-87.3694,21.4488],[-87.3694,21.4488],[-87.3687,21.4488],[-87.3687,21.4488],[-87.3685,21.4486],[-87.3675,21.4485],[-87.3675,21.4485],[-87.3665,21.4484],[-87.3658,21.4484],[-87.3658,21.4484],[-87.3655,21.4481],[-87.3652,21.4478],[-87.3646,21.4477],[-87.3646,21.4477],[-87.3635,21.4477],[-87.3635,21.4477],[-87.3627,21.4476],[-87.3621,21.4473],[-87.3618,21.4472],[-87.3615,21.4471],[-87.3609,21.447],[-87.3609,21.447],[-87.3604,21.447],[-87.3604,21.447],[-87.3598,21.4468],[-87.3598,21.4468],[-87.3597,21.4469],[-87.3596,21.447],[-87.3592,21.447],[-87.3592,21.447],[-87.3586,21.447],[-87.3584,21.4472],[-87.3582,21.4473],[-87.3577,21.4473],[-87.3571,21.4473],[-87.3571,21.4473],[-87.3568,21.4472],[-87.3566,21.4471],[-87.3563,21.447],[-87.3559,21.4467],[-87.3559,21.4467],[-87.3555,21.4468],[-87.3554,21.4468],[-87.3551,21.4466],[-87.3546,21.4463],[-87.3544,21.446],[-87.3542,21.4454],[-87.3538,21.4447],[-87.3536,21.4444],[-87.3534,21.4441],[-87.3533,21.4439],[-87.3532,21.4437],[-87.3532,21.4435],[-87.353,21.4431],[-87.3528,21.4428],[-87.3527,21.4427],[-87.3527,21.4425],[-87.3528,21.4425],[-87.3526,21.4419],[-87.3524,21.4417],[-87.352,21.4413],[-87.3518,21.4412],[-87.3516,21.4407],[-87.3513,21.4402],[-87.3513,21.4398],[-87.3513,21.4395],[-87.3509,21.4394],[-87.3505,21.4393],[-87.3502,21.4389],[-87.3499,21.4386],[-87.3498,21.4384],[-87.3497,21.4383],[-87.3495,21.4381],[-87.3495,21.438],[-87.3494,21.438],[-87.3494,21.438],[-87.3492,21.438],[-87.3492,21.438],[-87.3488,21.4379],[-87.3488,21.4379],[-87.3484,21.4379],[-87.3484,21.4379],[-87.3481,21.4376],[-87.3479,21.4373],[-87.3479,21.437],[-87.3475,21.4365],[-87.3475,21.4361],[-87.3475,21.4359],[-87.3474,21.4355],[-87.3471,21.4351],[-87.3461,21.4349],[-87.3461,21.4349],[-87.3458,21.435],[-87.3458,21.435],[-87.3452,21.4349],[-87.3449,21.4347],[-87.3448,21.4344],[-87.3446,21.434],[-87.3444,21.4337],[-87.3444,21.4337],[-87.3439,21.434],[-87.3439,21.434],[-87.3434,21.4335],[-87.343,21.4331],[-87.3427,21.4328],[-87.3427,21.4328],[-87.3426,21.4329],[-87.3426,21.4329],[-87.3425,21.4329],[-87.3424,21.4329],[-87.3424,21.4329],[-87.3423,21.4328],[-87.3423,21.4328],[-87.3423,21.4327],[-87.3422,21.4327],[-87.3417,21.4327],[-87.3417,21.4327],[-87.3411,21.4323],[-87.3411,21.4323],[-87.3401,21.4325],[-87.3401,21.4325],[-87.3397,21.4322],[-87.3397,21.4322],[-87.3388,21.4324],[-87.3386,21.4326],[-87.3384,21.4328],[-87.3382,21.4329],[-87.3382,21.4329],[-87.3381,21.433],[-87.3381,21.433],[-87.3379,21.433],[-87.3378,21.433],[-87.3375,21.433],[-87.3375,21.433],[-87.3375,21.4331],[-87.3376,21.4335],[-87.3376,21.4337],[-87.3376,21.4339],[-87.3376,21.4341],[-87.3374,21.4343],[-87.3374,21.4343],[-87.3373,21.4343],[-87.3375,21.4342],[-87.3375,21.434],[-87.3376,21.4339],[-87.3376,21.4337],[-87.3375,21.4335],[-87.3374,21.4331],[-87.3371,21.4333],[-87.3368,21.4336],[-87.3367,21.4337],[-87.3367,21.4337],[-87.3368,21.434],[-87.3369,21.4342],[-87.3371,21.4347],[-87.337,21.4347],[-87.3367,21.4343],[-87.3364,21.4338],[-87.3362,21.434],[-87.3354,21.4341],[-87.3354,21.4341],[-87.3352,21.434],[-87.3347,21.4339],[-87.3343,21.4338],[-87.334,21.4335],[-87.3339,21.4334],[-87.3338,21.4334],[-87.3333,21.4332],[-87.3329,21.433],[-87.3325,21.4327],[-87.3322,21.4326],[-87.3322,21.4326],[-87.3311,21.4326],[-87.3309,21.4328],[-87.3308,21.4332],[-87.3308,21.4332],[-87.3305,21.4331],[-87.3305,21.4331],[-87.33,21.4332],[-87.3296,21.4332],[-87.3296,21.4332],[-87.3292,21.4329],[-87.329,21.4326],[-87.3287,21.4325],[-87.3287,21.4325],[-87.328,21.4326],[-87.328,21.4326],[-87.3276,21.4325],[-87.3276,21.4325],[-87.3274,21.4325],[-87.3272,21.4326],[-87.3272,21.4326],[-87.3271,21.4329],[-87.327,21.4331],[-87.327,21.4333],[-87.3268,21.4337],[-87.3263,21.434],[-87.3257,21.4342],[-87.3253,21.4343],[-87.3248,21.4345],[-87.3243,21.4346],[-87.3242,21.4347],[-87.3241,21.4348],[-87.3238,21.4351],[-87.3237,21.4353],[-87.3234,21.4353],[-87.3229,21.4353],[-87.3222,21.4354],[-87.3217,21.4356],[-87.3214,21.4357],[-87.3211,21.4359],[-87.321,21.4363],[-87.3207,21.4367],[-87.3203,21.4367],[-87.3199,21.4369],[-87.3198,21.437],[-87.3197,21.437],[-87.3197,21.4371],[-87.3197,21.4371],[-87.3197,21.438],[-87.3197,21.4383],[-87.3197,21.4385],[-87.3197,21.4385],[-87.3197,21.4387],[-87.3197,21.4389],[-87.3197,21.4389],[-87.3196,21.439],[-87.3195,21.439],[-87.3193,21.4391],[-87.3193,21.4393],[-87.3192,21.4395],[-87.3189,21.4397],[-87.3183,21.4399],[-87.318,21.44],[-87.318,21.4402],[-87.3177,21.4403],[-87.3174,21.4404],[-87.3174,21.4405],[-87.3174,21.4406],[-87.3175,21.4407],[-87.3174,21.441],[-87.3173,21.441],[-87.3173,21.4411],[-87.3172,21.4411],[-87.3172,21.4411],[-87.3172,21.4411],[-87.3166,21.4414],[-87.3158,21.4414],[-87.3158,21.4414],[-87.3156,21.4412],[-87.3155,21.441],[-87.3155,21.441],[-87.3155,21.441],[-87.3154,21.441],[-87.3151,21.441],[-87.3146,21.441],[-87.314,21.4409],[-87.314,21.4409],[-87.3136,21.4407],[-87.3133,21.4406],[-87.3128,21.4403],[-87.3128,21.4403],[-87.3124,21.4403],[-87.3124,21.4403],[-87.3119,21.4402],[-87.3118,21.44],[-87.3118,21.44],[-87.3112,21.44],[-87.3112,21.44],[-87.311,21.4397],[-87.3105,21.4395],[-87.3105,21.4395],[-87.3099,21.4395],[-87.3094,21.4395],[-87.309,21.4391],[-87.309,21.4391],[-87.3088,21.4385],[-87.3086,21.4385],[-87.3082,21.4384],[-87.3082,21.4384],[-87.3074,21.4385],[-87.307,21.4386],[-87.307,21.4386],[-87.307,21.4382],[-87.3064,21.4379],[-87.3062,21.4377],[-87.3061,21.4374],[-87.3054,21.4373],[-87.3053,21.4371],[-87.3048,21.437],[-87.3048,21.437],[-87.3041,21.4371],[-87.3038,21.4371],[-87.3037,21.4372],[-87.3037,21.4372],[-87.3036,21.4373],[-87.3035,21.4373],[-87.3035,21.4373],[-87.3033,21.4371],[-87.3033,21.4371],[-87.3033,21.437],[-87.3033,21.4369],[-87.3033,21.4369],[-87.3032,21.4367],[-87.3029,21.4366],[-87.3029,21.4366],[-87.3024,21.4365],[-87.3018,21.4365],[-87.3018,21.4365],[-87.3016,21.4361],[-87.3014,21.4356],[-87.3013,21.4355],[-87.3013,21.4355],[-87.3013,21.4355],[-87.3012,21.4355],[-87.3006,21.4355],[-87.3006,21.4355],[-87.3005,21.4353],[-87.3003,21.4351],[-87.3003,21.4351],[-87.2998,21.4353],[-87.2996,21.4353],[-87.2993,21.4353],[-87.2987,21.4353],[-87.2984,21.4356],[-87.2979,21.4357],[-87.2979,21.4357],[-87.2977,21.4355],[-87.2977,21.4355],[-87.2972,21.4357],[-87.2967,21.4358],[-87.2967,21.4358],[-87.2965,21.4354],[-87.2964,21.4351],[-87.2963,21.4351],[-87.2962,21.435],[-87.2958,21.4348],[-87.2957,21.4347],[-87.2957,21.4346],[-87.2957,21.4346],[-87.2957,21.4346],[-87.2956,21.4347],[-87.2953,21.4348],[-87.2953,21.4349],[-87.2954,21.4351],[-87.2948,21.4351],[-87.2948,21.4351],[-87.2942,21.4349],[-87.2942,21.4349],[-87.2941,21.4349],[-87.2938,21.4352],[-87.2936,21.4353],[-87.2935,21.4354],[-87.2932,21.4357],[-87.2933,21.4362],[-87.2933,21.4363],[-87.2938,21.4366],[-87.2939,21.4374],[-87.2939,21.4375],[-87.2938,21.4385],[-87.2934,21.4389],[-87.2934,21.4392],[-87.2935,21.4392],[-87.2935,21.4393],[-87.2936,21.4393],[-87.2936,21.4393],[-87.2936,21.4394],[-87.2936,21.4395],[-87.2935,21.4395],[-87.2935,21.4396],[-87.2934,21.4396],[-87.2934,21.44],[-87.2934,21.44],[-87.2927,21.4399],[-87.2927,21.4395],[-87.2925,21.4394],[-87.2925,21.4394],[-87.2922,21.4394],[-87.2917,21.4396],[-87.2917,21.4396],[-87.291,21.4395],[-87.2905,21.4392],[-87.2903,21.4389],[-87.2903,21.4387],[-87.29,21.4385],[-87.29,21.4382],[-87.2899,21.4381],[-87.2893,21.4378],[-87.2888,21.4375],[-87.2884,21.4375],[-87.2881,21.4372],[-87.2881,21.4372],[-87.288,21.4373],[-87.288,21.4373],[-87.288,21.4374],[-87.288,21.4374],[-87.2881,21.4376],[-87.2881,21.4377],[-87.2881,21.4378],[-87.288,21.4378],[-87.288,21.4379],[-87.2879,21.4379],[-87.2879,21.438],[-87.2878,21.4379],[-87.2876,21.4378],[-87.2875,21.4377],[-87.2875,21.4376],[-87.2875,21.4375],[-87.2875,21.4375],[-87.287,21.4375],[-87.2868,21.4375],[-87.2865,21.4378],[-87.2862,21.4379],[-87.2862,21.4379],[-87.286,21.4379],[-87.2859,21.4375],[-87.286,21.4374],[-87.286,21.4374],[-87.2858,21.437],[-87.2858,21.437],[-87.2858,21.4369],[-87.2858,21.4368],[-87.2857,21.4364],[-87.2856,21.4363],[-87.2851,21.4362],[-87.2848,21.4361],[-87.2847,21.436],[-87.2847,21.4359],[-87.2846,21.4358],[-87.2845,21.4357],[-87.2845,21.4356],[-87.2845,21.4355],[-87.2845,21.4355],[-87.2845,21.4354],[-87.2844,21.4354],[-87.2844,21.4354],[-87.2841,21.4355],[-87.2834,21.4355],[-87.2834,21.4355],[-87.2832,21.4352],[-87.283,21.4352],[-87.2826,21.4351],[-87.2826,21.4351],[-87.2819,21.4352],[-87.2819,21.4352],[-87.2819,21.4348],[-87.282,21.4348],[-87.282,21.4347],[-87.2821,21.4346],[-87.2823,21.4345],[-87.2823,21.4345],[-87.2822,21.4344],[-87.2822,21.4344],[-87.282,21.4345],[-87.2813,21.4348],[-87.2813,21.4348],[-87.2813,21.4345],[-87.2811,21.4343],[-87.2809,21.4342],[-87.2807,21.4342],[-87.2801,21.4343],[-87.28,21.4344],[-87.28,21.4344],[-87.28,21.4346],[-87.28,21.4349],[-87.2798,21.4349],[-87.2795,21.435],[-87.2795,21.435],[-87.2793,21.4348],[-87.2792,21.4345],[-87.2789,21.4344],[-87.2789,21.4344],[-87.2786,21.4346],[-87.2784,21.4348],[-87.2779,21.435],[-87.2779,21.435],[-87.2776,21.4348],[-87.2775,21.4343],[-87.2775,21.434],[-87.2775,21.4339],[-87.2773,21.4339],[-87.2772,21.4339],[-87.2767,21.4338],[-87.2764,21.4337],[-87.2753,21.4335],[-87.2751,21.4332],[-87.2747,21.433],[-87.2747,21.4329],[-87.2746,21.4328],[-87.2746,21.4328],[-87.2741,21.4325],[-87.2739,21.4324],[-87.2733,21.4324],[-87.273,21.4323],[-87.2727,21.4323],[-87.2721,21.4323],[-87.2719,21.4327],[-87.2719,21.433],[-87.2719,21.4332],[-87.272,21.4335],[-87.2721,21.4338],[-87.2723,21.4339],[-87.2724,21.434],[-87.2724,21.4341],[-87.2724,21.4341],[-87.2724,21.4342],[-87.2723,21.4342],[-87.2723,21.4343],[-87.2723,21.4343],[-87.2722,21.4348],[-87.2721,21.435],[-87.2723,21.4356],[-87.2723,21.4358],[-87.2724,21.4359],[-87.2724,21.4359],[-87.2725,21.436],[-87.2726,21.4361],[-87.2728,21.4363],[-87.2726,21.4367],[-87.2723,21.4367],[-87.2723,21.4367],[-87.2722,21.4373],[-87.2722,21.4375],[-87.2723,21.4376],[-87.2724,21.4377],[-87.2727,21.4383],[-87.2726,21.4386],[-87.2726,21.4386],[-87.2723,21.4388],[-87.2724,21.4395],[-87.2726,21.4397],[-87.2729,21.4402],[-87.2731,21.4405],[-87.2731,21.4405],[-87.2734,21.4407],[-87.2736,21.4408],[-87.2738,21.441],[-87.2738,21.4414],[-87.2738,21.4416],[-87.2737,21.4418],[-87.2737,21.4418],[-87.2739,21.442],[-87.274,21.4421],[-87.2741,21.4422],[-87.2742,21.4425],[-87.2741,21.4426],[-87.2739,21.4427],[-87.2739,21.4433],[-87.2739,21.4433],[-87.2735,21.4432],[-87.2735,21.4427],[-87.2734,21.4423],[-87.273,21.4422],[-87.2731,21.4417],[-87.2731,21.4416],[-87.2733,21.4414],[-87.2733,21.4414],[-87.2733,21.4413],[-87.2732,21.4409],[-87.2729,21.4408],[-87.2729,21.4408],[-87.2729,21.4408],[-87.2724,21.4404],[-87.2721,21.4403],[-87.2721,21.4403],[-87.2718,21.4403],[-87.2718,21.4403],[-87.2716,21.44],[-87.2716,21.44],[-87.271,21.44],[-87.2705,21.4403],[-87.2699,21.4403],[-87.2699,21.4403],[-87.2698,21.44],[-87.2698,21.4394],[-87.27,21.4393],[-87.27,21.4392],[-87.2702,21.4389],[-87.2704,21.4387],[-87.2705,21.4386],[-87.2708,21.4385],[-87.271,21.4384],[-87.2711,21.4384],[-87.2711,21.4384],[-87.2712,21.4384],[-87.2712,21.4384],[-87.2713,21.4382],[-87.2713,21.4381],[-87.2714,21.4379],[-87.2712,21.4378],[-87.2711,21.4373],[-87.2714,21.4372],[-87.2713,21.4371],[-87.2713,21.437],[-87.2712,21.4369],[-87.2711,21.4369],[-87.2708,21.4367],[-87.2707,21.4367],[-87.2706,21.4367],[-87.2704,21.4367],[-87.2703,21.4367],[-87.2702,21.4367],[-87.2701,21.4366],[-87.2701,21.4365],[-87.2699,21.4366],[-87.2696,21.4367],[-87.2696,21.4368],[-87.2695,21.4368],[-87.2694,21.4367],[-87.2693,21.4367],[-87.2693,21.4366],[-87.2694,21.4365],[-87.2694,21.4357],[-87.2694,21.4355],[-87.2694,21.4354],[-87.2694,21.4354],[-87.2689,21.4353],[-87.2686,21.4353],[-87.2683,21.4351],[-87.2681,21.4348],[-87.268,21.4347],[-87.268,21.4346],[-87.2679,21.4345],[-87.268,21.4345],[-87.268,21.4344],[-87.268,21.4344],[-87.2681,21.4343],[-87.2681,21.4343],[-87.2681,21.4342],[-87.2681,21.4341],[-87.2681,21.4341],[-87.2681,21.4341],[-87.268,21.4341],[-87.2675,21.4342],[-87.2674,21.4343],[-87.2674,21.4345],[-87.2674,21.4346],[-87.2674,21.4347],[-87.2675,21.435],[-87.2676,21.4351],[-87.2677,21.4352],[-87.2677,21.4352],[-87.2677,21.4352],[-87.2677,21.4353],[-87.2677,21.4354],[-87.2677,21.4354],[-87.2677,21.4355],[-87.2677,21.4355],[-87.2676,21.4356],[-87.2676,21.4356],[-87.2675,21.4357],[-87.2674,21.4359],[-87.2671,21.4359],[-87.2671,21.4359],[-87.2665,21.4358],[-87.2663,21.4356],[-87.2661,21.4355],[-87.2662,21.4357],[-87.2662,21.4357],[-87.2662,21.4358],[-87.2662,21.4358],[-87.2661,21.4359],[-87.2661,21.4359],[-87.266,21.4359],[-87.2659,21.4359],[-87.2658,21.4359],[-87.2658,21.4359],[-87.2656,21.4363],[-87.2654,21.4364],[-87.2654,21.4364],[-87.2654,21.4366],[-87.2654,21.4367],[-87.2655,21.4368],[-87.2663,21.4373],[-87.2666,21.4375],[-87.2666,21.4375],[-87.2666,21.4376],[-87.2665,21.4376],[-87.2664,21.4377],[-87.2663,21.4377],[-87.2662,21.4377],[-87.2661,21.4376],[-87.2661,21.4376],[-87.266,21.4376],[-87.2658,21.4377],[-87.2659,21.4381],[-87.2659,21.4381],[-87.266,21.4383],[-87.2661,21.4385],[-87.2662,21.4386],[-87.2662,21.4387],[-87.2662,21.4389],[-87.2662,21.439],[-87.2662,21.439],[-87.266,21.439],[-87.2657,21.4391],[-87.2657,21.4391],[-87.2654,21.4389],[-87.265,21.4386],[-87.2647,21.4386],[-87.2647,21.4386],[-87.2644,21.4387],[-87.2644,21.4387],[-87.2641,21.4387],[-87.2638,21.4384],[-87.2639,21.438],[-87.2641,21.4374],[-87.264,21.4371],[-87.264,21.4367],[-87.264,21.4367],[-87.2639,21.4366],[-87.2639,21.4366],[-87.2639,21.4365],[-87.2639,21.4364],[-87.264,21.4364],[-87.2641,21.4363],[-87.2641,21.4363],[-87.2643,21.4363],[-87.2643,21.4363],[-87.2644,21.4363],[-87.2645,21.4362],[-87.2645,21.4362],[-87.2646,21.4358],[-87.2646,21.4357],[-87.2645,21.4355],[-87.2642,21.4355],[-87.2639,21.4359],[-87.2639,21.4359],[-87.2637,21.4358],[-87.2637,21.4358],[-87.2631,21.436],[-87.2629,21.4363],[-87.2629,21.4363],[-87.2627,21.4361],[-87.2627,21.4361],[-87.2619,21.4362],[-87.2617,21.4364],[-87.2617,21.4365],[-87.2616,21.4365],[-87.2614,21.4368],[-87.2613,21.4374],[-87.2608,21.4377],[-87.2603,21.4377],[-87.2603,21.4377],[-87.2602,21.4372],[-87.26,21.4369],[-87.26,21.4369],[-87.2598,21.437],[-87.2596,21.4372],[-87.2596,21.4372],[-87.2596,21.4375],[-87.2595,21.4377],[-87.259,21.4378],[-87.2585,21.4378],[-87.2585,21.4378],[-87.2582,21.4376],[-87.2578,21.4372],[-87.2579,21.4367],[-87.258,21.4363],[-87.2583,21.4359],[-87.2585,21.4356],[-87.2585,21.4355],[-87.2585,21.4351],[-87.2583,21.4349],[-87.2583,21.4349],[-87.2579,21.4349],[-87.2575,21.4354],[-87.2572,21.4357],[-87.2569,21.4358],[-87.2568,21.436],[-87.2568,21.4366],[-87.2567,21.4369],[-87.2567,21.4369],[-87.2562,21.4365],[-87.2561,21.4353],[-87.2562,21.435],[-87.2564,21.4347],[-87.2564,21.4345],[-87.2564,21.4341],[-87.2564,21.4338],[-87.2563,21.4337],[-87.2563,21.4336],[-87.2559,21.4335],[-87.2559,21.4335],[-87.2554,21.4336],[-87.2553,21.4336],[-87.2553,21.4336],[-87.2546,21.4335],[-87.2546,21.4335],[-87.2541,21.4339],[-87.2541,21.434],[-87.2541,21.4346],[-87.2534,21.4349],[-87.2534,21.4349],[-87.2528,21.4345],[-87.2523,21.4343],[-87.2523,21.4343],[-87.2518,21.4344],[-87.2508,21.4343],[-87.2508,21.4343],[-87.2501,21.4341],[-87.2499,21.4337],[-87.2493,21.4332],[-87.2491,21.4324],[-87.2485,21.432],[-87.2483,21.4317],[-87.2479,21.4314],[-87.2475,21.4313],[-87.2474,21.431],[-87.2474,21.431],[-87.2474,21.4307],[-87.2471,21.4302],[-87.2466,21.4302],[-87.2461,21.4298],[-87.2458,21.4292],[-87.2455,21.4289],[-87.2456,21.4286],[-87.2455,21.4283],[-87.2451,21.4279],[-87.2447,21.4273],[-87.2444,21.4269],[-87.2441,21.4263],[-87.2441,21.4262],[-87.2442,21.426],[-87.2442,21.426],[-87.2442,21.4258],[-87.2443,21.4255],[-87.2443,21.4255],[-87.244,21.4255],[-87.2437,21.4255],[-87.2437,21.4255],[-87.2432,21.4254],[-87.2432,21.4254],[-87.2428,21.4253],[-87.2422,21.4257],[-87.2419,21.4257],[-87.2419,21.4257],[-87.2417,21.4257],[-87.2417,21.4257],[-87.2416,21.4257],[-87.2415,21.4256],[-87.2412,21.4253],[-87.2417,21.425],[-87.2418,21.4248],[-87.2416,21.4244],[-87.2415,21.4242],[-87.2415,21.4241],[-87.2415,21.4238],[-87.2414,21.4236],[-87.2413,21.4235],[-87.241,21.4231],[-87.2406,21.423],[-87.2406,21.423],[-87.2402,21.4236],[-87.2401,21.4241],[-87.2399,21.4242],[-87.2397,21.4243],[-87.2397,21.4245],[-87.2397,21.4248],[-87.2392,21.4251],[-87.239,21.4252],[-87.239,21.4252],[-87.2387,21.425],[-87.2385,21.4249],[-87.2382,21.4246],[-87.238,21.4244],[-87.2381,21.4243],[-87.2381,21.4241],[-87.2382,21.4239],[-87.2383,21.4238],[-87.2384,21.4236],[-87.2385,21.4233],[-87.2382,21.4231],[-87.2379,21.4228],[-87.2379,21.4227],[-87.2379,21.4223],[-87.2379,21.4221],[-87.2381,21.4218],[-87.2378,21.4214],[-87.2372,21.421],[-87.2368,21.4205],[-87.2366,21.4199],[-87.2361,21.4195],[-87.236,21.4195],[-87.236,21.4195],[-87.2359,21.4201],[-87.2357,21.4203],[-87.2357,21.4203],[-87.2354,21.4196],[-87.2351,21.4194],[-87.2346,21.4191],[-87.2345,21.419],[-87.2345,21.419],[-87.2344,21.419],[-87.2338,21.4191],[-87.2338,21.4191],[-87.2332,21.4189],[-87.2331,21.4187],[-87.2325,21.4186],[-87.2325,21.4186],[-87.232,21.4188],[-87.232,21.4191],[-87.2317,21.4195],[-87.2317,21.4195],[-87.2314,21.4198],[-87.2311,21.4203],[-87.2307,21.4208],[-87.2305,21.4212],[-87.2303,21.4215],[-87.2302,21.4223],[-87.2301,21.4224],[-87.2301,21.4226],[-87.23,21.4229],[-87.2296,21.4235],[-87.2296,21.4235],[-87.2295,21.4236],[-87.2296,21.4237],[-87.2296,21.4238],[-87.2298,21.4241],[-87.2299,21.4243],[-87.2296,21.4243],[-87.2293,21.4246],[-87.2293,21.4249],[-87.2297,21.4255],[-87.2297,21.4256],[-87.2298,21.4261],[-87.2298,21.4261],[-87.2291,21.4264],[-87.229,21.4267],[-87.229,21.4268],[-87.229,21.4269],[-87.2295,21.4276],[-87.2297,21.4277],[-87.229,21.4281],[-87.2289,21.4284],[-87.2285,21.429],[-87.2284,21.4295],[-87.2287,21.4299],[-87.2288,21.4302],[-87.229,21.4305],[-87.229,21.4305],[-87.2289,21.4305],[-87.2288,21.4305],[-87.2286,21.4305],[-87.2286,21.4305],[-87.2282,21.4305],[-87.2282,21.4305],[-87.228,21.431],[-87.2283,21.4314],[-87.2284,21.4322],[-87.229,21.4327],[-87.2284,21.4328],[-87.2284,21.4328],[-87.2276,21.4325],[-87.2263,21.4316],[-87.2256,21.4307],[-87.2256,21.4307],[-87.2234,21.4312],[-87.2233,21.4312],[-87.2233,21.4312],[-87.2225,21.4313],[-87.2223,21.4322],[-87.2222,21.4324],[-87.2224,21.4329],[-87.2225,21.4334],[-87.2225,21.4342],[-87.2221,21.4349],[-87.2221,21.4353],[-87.2217,21.4363],[-87.2213,21.4371],[-87.2218,21.4381],[-87.2217,21.4385],[-87.2209,21.439],[-87.2204,21.4396],[-87.2196,21.4402],[-87.2185,21.4409],[-87.2174,21.4418],[-87.2169,21.4425],[-87.2164,21.4429],[-87.2156,21.4433],[-87.2149,21.4434],[-87.2141,21.4439],[-87.2128,21.4439],[-87.2118,21.4439],[-87.2104,21.4439],[-87.2092,21.4442],[-87.2073,21.4449],[-87.2059,21.445],[-87.2046,21.4448],[-87.204,21.4445],[-87.2036,21.4443],[-87.2031,21.4441],[-87.2021,21.4439],[-87.2017,21.4438],[-87.2012,21.4435],[-87.2007,21.4433],[-87.2005,21.4432],[-87.2002,21.443],[-87.1996,21.4427],[-87.1992,21.4424],[-87.1989,21.4422],[-87.1989,21.4421],[-87.1985,21.4421],[-87.1984,21.442],[-87.1981,21.4418],[-87.1977,21.4417],[-87.1974,21.4416],[-87.1971,21.4414],[-87.1968,21.4413],[-87.1958,21.441],[-87.1952,21.4409],[-87.195,21.4408],[-87.1945,21.4407],[-87.1941,21.4406],[-87.1938,21.4406],[-87.1936,21.4405],[-87.193,21.4403],[-87.1924,21.4403],[-87.1917,21.4401],[-87.1916,21.44],[-87.1907,21.4399],[-87.1901,21.44],[-87.1896,21.4399],[-87.1896,21.4399],[-87.1889,21.4399],[-87.1884,21.4397],[-87.1863,21.4405],[-87.1863,21.441],[-87.1863,21.4416],[-87.1862,21.4422],[-87.186,21.4425],[-87.1855,21.4429],[-87.1851,21.4431],[-87.1845,21.4429],[-87.1838,21.4428],[-87.1832,21.4428],[-87.1827,21.4428],[-87.1824,21.4429],[-87.1819,21.443],[-87.1817,21.443],[-87.1813,21.4431],[-87.1811,21.4431],[-87.181,21.4431],[-87.181,21.4431],[-87.1808,21.4433],[-87.1806,21.4433],[-87.1803,21.4433],[-87.1798,21.4433],[-87.1792,21.4436],[-87.1786,21.4437],[-87.1783,21.4437],[-87.1781,21.4438],[-87.1774,21.444],[-87.177,21.4442],[-87.1768,21.4444],[-87.1765,21.4445],[-87.1759,21.4446],[-87.1754,21.4447],[-87.175,21.4449],[-87.1747,21.445],[-87.1742,21.4453],[-87.1735,21.4457],[-87.1731,21.446],[-87.1726,21.4464],[-87.172,21.4466],[-87.1718,21.4468],[-87.1716,21.4471],[-87.1713,21.4474],[-87.1712,21.4475],[-87.171,21.448],[-87.1709,21.4484],[-87.1704,21.4485],[-87.1699,21.4485],[-87.1691,21.4486],[-87.169,21.4486],[-87.1683,21.4488],[-87.1677,21.4493],[-87.1666,21.4497],[-87.1665,21.4501],[-87.1665,21.4502],[-87.1664,21.4504],[-87.1661,21.4506],[-87.1658,21.451],[-87.1658,21.4513],[-87.1657,21.4518],[-87.1654,21.4519],[-87.1654,21.4519],[-87.1654,21.4519],[-87.1653,21.4523],[-87.1653,21.4528],[-87.1653,21.4533],[-87.1649,21.4537],[-87.1647,21.4542],[-87.1642,21.4549],[-87.1638,21.4552],[-87.1635,21.4559],[-87.1632,21.4563],[-87.163,21.4568],[-87.1629,21.4573],[-87.1628,21.4579],[-87.1622,21.4582],[-87.1616,21.4589],[-87.1613,21.4594],[-87.1613,21.4596],[-87.1613,21.4602],[-87.1606,21.4603],[-87.1601,21.4608],[-87.1599,21.4611],[-87.1594,21.4615],[-87.1591,21.4621],[-87.1588,21.4624],[-87.1586,21.4628],[-87.1584,21.4633],[-87.1578,21.4634],[-87.1568,21.4637],[-87.156,21.4638],[-87.1554,21.4638],[-87.1545,21.4639],[-87.1539,21.4638],[-87.1533,21.4636],[-87.1523,21.4636],[-87.1519,21.4637],[-87.1516,21.4637],[-87.1516,21.4638],[-87.1514,21.4641],[-87.1511,21.4641],[-87.1505,21.4644],[-87.1503,21.4647],[-87.1496,21.4649],[-87.1491,21.4646],[-87.1489,21.4646],[-87.1489,21.4645],[-87.1487,21.4643],[-87.1486,21.4641],[-87.1482,21.4635],[-87.1473,21.4627],[-87.1468,21.4625],[-87.1467,21.4624],[-87.1465,21.4624],[-87.1457,21.4622],[-87.145,21.4619],[-87.144,21.4618],[-87.1431,21.462],[-87.1429,21.462],[-87.1422,21.4609],[-87.1421,21.4607],[-87.1415,21.4605],[-87.1406,21.4602],[-87.1404,21.4602],[-87.1402,21.4602],[-87.1398,21.4602],[-87.1394,21.4603],[-87.1382,21.4606],[-87.1381,21.4605],[-87.138,21.4604],[-87.1377,21.46],[-87.1377,21.46],[-87.1363,21.4596],[-87.1354,21.4596],[-87.1352,21.4596],[-87.1345,21.4595],[-87.134,21.4594],[-87.1332,21.4595],[-87.133,21.4595],[-87.1322,21.4597],[-87.1318,21.4597],[-87.1311,21.4601],[-87.1311,21.4602],[-87.1311,21.4604],[-87.1311,21.4604],[-87.1311,21.4605],[-87.1311,21.4605],[-87.1312,21.4606],[-87.1312,21.4606],[-87.1312,21.4607],[-87.1311,21.4608],[-87.1309,21.4608],[-87.1308,21.4608],[-87.1306,21.4608],[-87.1304,21.4607],[-87.1304,21.4606],[-87.1303,21.4606],[-87.1302,21.4606],[-87.1299,21.4608],[-87.1298,21.4611],[-87.1298,21.4611],[-87.1298,21.4612],[-87.1298,21.4614],[-87.1298,21.4614],[-87.1298,21.4615],[-87.1298,21.4615],[-87.1298,21.4615],[-87.1296,21.4616],[-87.1294,21.4615],[-87.1293,21.4614],[-87.1291,21.4612],[-87.1287,21.461],[-87.1286,21.4609],[-87.1284,21.461],[-87.1283,21.4611],[-87.1281,21.4613],[-87.1279,21.4615],[-87.1275,21.4617],[-87.1275,21.4617],[-87.1275,21.4618],[-87.1274,21.4621],[-87.127,21.4629],[-87.1266,21.4628],[-87.1261,21.4627],[-87.126,21.4627],[-87.126,21.4627],[-87.1259,21.4628],[-87.1258,21.463],[-87.1257,21.4631],[-87.1254,21.4634],[-87.1253,21.4639],[-87.1252,21.464],[-87.1251,21.4641],[-87.1251,21.4641],[-87.1251,21.4641],[-87.125,21.4642],[-87.1249,21.4642],[-87.1249,21.4642],[-87.1248,21.4642],[-87.1244,21.4642],[-87.1244,21.4642],[-87.1242,21.4643],[-87.1242,21.4646],[-87.1241,21.4648],[-87.1242,21.465],[-87.1244,21.4656],[-87.1243,21.4659],[-87.1242,21.4662],[-87.1239,21.4668],[-87.1238,21.4669],[-87.1236,21.4671],[-87.1235,21.4672],[-87.1228,21.4673],[-87.1223,21.4674],[-87.1223,21.4676],[-87.1223,21.4678],[-87.1223,21.468],[-87.1222,21.4682],[-87.122,21.4685],[-87.122,21.4687],[-87.1218,21.469],[-87.122,21.4696],[-87.1215,21.4698],[-87.1209,21.4696],[-87.1205,21.4694],[-87.1205,21.4691],[-87.1204,21.4691],[-87.1203,21.469],[-87.1202,21.469],[-87.12,21.4691],[-87.12,21.4698],[-87.12,21.4701],[-87.1197,21.4706],[-87.1191,21.4707],[-87.1188,21.4703],[-87.1187,21.4699],[-87.1185,21.4696],[-87.1183,21.4693],[-87.1183,21.4693],[-87.1183,21.4692],[-87.1183,21.4691],[-87.1183,21.4691],[-87.1184,21.469],[-87.1184,21.4689],[-87.1186,21.4688],[-87.1186,21.4688],[-87.1187,21.4688],[-87.1187,21.4688],[-87.1187,21.4688],[-87.1188,21.4689],[-87.1188,21.4688],[-87.1189,21.4686],[-87.1189,21.4685],[-87.1189,21.4684],[-87.1188,21.4684],[-87.1188,21.4683],[-87.1187,21.4681],[-87.1186,21.4681],[-87.118,21.4677],[-87.1176,21.4677],[-87.1175,21.4677],[-87.1175,21.4676],[-87.117,21.4673],[-87.1164,21.4671],[-87.1164,21.4671],[-87.1162,21.4671],[-87.1156,21.4671],[-87.1153,21.4673],[-87.1153,21.4675],[-87.1153,21.4678],[-87.1156,21.4681],[-87.1159,21.4689],[-87.1155,21.4694],[-87.1154,21.4695],[-87.1154,21.4695],[-87.1154,21.4695],[-87.1154,21.4696],[-87.1153,21.4697],[-87.1152,21.4698],[-87.1149,21.47],[-87.1147,21.4701],[-87.1145,21.4701],[-87.1143,21.4705],[-87.1139,21.4704],[-87.1136,21.4706],[-87.1134,21.4709],[-87.113,21.471],[-87.1128,21.4708],[-87.1127,21.4708],[-87.1125,21.4708],[-87.1123,21.4708],[-87.1123,21.4708],[-87.1123,21.4709],[-87.1121,21.4711],[-87.112,21.4712],[-87.1118,21.4712],[-87.1117,21.4712],[-87.1117,21.4712],[-87.1116,21.4715],[-87.1116,21.4716],[-87.1116,21.4716],[-87.1117,21.4719],[-87.1118,21.4721],[-87.1118,21.4721],[-87.1118,21.4724],[-87.1119,21.4725],[-87.112,21.4728],[-87.1122,21.4731],[-87.1124,21.4738],[-87.1124,21.4743],[-87.1125,21.4748],[-87.1125,21.4749],[-87.1124,21.4756],[-87.1124,21.4759],[-87.1123,21.4761],[-87.1119,21.4764],[-87.1116,21.4764],[-87.1112,21.4765],[-87.111,21.4767],[-87.1109,21.4768],[-87.1107,21.4769],[-87.1106,21.4771],[-87.1106,21.4771],[-87.1106,21.4772],[-87.1107,21.4773],[-87.111,21.4777],[-87.1111,21.4779],[-87.111,21.4782],[-87.111,21.4782],[-87.1111,21.4788],[-87.1113,21.4789],[-87.1115,21.4792],[-87.1119,21.4792],[-87.1121,21.4795],[-87.1118,21.4797],[-87.1118,21.4797],[-87.1118,21.4797],[-87.1124,21.4803],[-87.1129,21.4813],[-87.1126,21.482],[-87.1127,21.4822],[-87.1131,21.4825],[-87.1135,21.4834],[-87.1135,21.484],[-87.1133,21.4841],[-87.1133,21.4841],[-87.1133,21.4842],[-87.1133,21.4842],[-87.1132,21.4843],[-87.113,21.4841],[-87.1129,21.484],[-87.1122,21.4835],[-87.1118,21.4835],[-87.1112,21.4838],[-87.1111,21.4839],[-87.1109,21.4842],[-87.1107,21.4844],[-87.1107,21.4844],[-87.1105,21.4848],[-87.1103,21.485],[-87.1099,21.4859],[-87.1099,21.486],[-87.11,21.4862],[-87.1101,21.4867],[-87.11,21.4868],[-87.1099,21.4872],[-87.11,21.4874],[-87.1101,21.4876],[-87.1099,21.4879],[-87.1096,21.4887],[-87.1097,21.4892],[-87.1097,21.4893],[-87.1095,21.49],[-87.1094,21.4902],[-87.1096,21.4903],[-87.1098,21.4905],[-87.1101,21.4907],[-87.1104,21.491],[-87.1107,21.4914],[-87.1107,21.4915],[-87.1108,21.4916],[-87.1108,21.4917],[-87.1108,21.4919],[-87.1108,21.4919],[-87.1107,21.4919],[-87.1107,21.4919],[-87.1107,21.4919],[-87.1107,21.4919],[-87.1107,21.4919],[-87.1105,21.492],[-87.1104,21.492],[-87.1104,21.492],[-87.11,21.492],[-87.11,21.492],[-87.11,21.492],[-87.1099,21.4921],[-87.1099,21.4922],[-87.1098,21.4923],[-87.1099,21.4924],[-87.1099,21.4924],[-87.1102,21.4932],[-87.1104,21.4933],[-87.1104,21.4934],[-87.1105,21.4934],[-87.1105,21.4935],[-87.1105,21.4936],[-87.1104,21.4938],[-87.1103,21.4938],[-87.1102,21.4938],[-87.1098,21.4937],[-87.1098,21.4937],[-87.1098,21.4938],[-87.1096,21.4941],[-87.1096,21.4942],[-87.1095,21.4945],[-87.1096,21.4947],[-87.1096,21.4949],[-87.1096,21.495],[-87.1095,21.495],[-87.1093,21.4951],[-87.1091,21.4952],[-87.109,21.4952],[-87.109,21.4952],[-87.1089,21.4952],[-87.1089,21.4953],[-87.1088,21.4956],[-87.1088,21.4956],[-87.1088,21.4961],[-87.1089,21.4967],[-87.1092,21.4967],[-87.1093,21.4967],[-87.1094,21.4968],[-87.1097,21.497],[-87.1104,21.4975],[-87.1104,21.4978],[-87.1104,21.4979],[-87.1105,21.4983],[-87.1097,21.4987],[-87.1091,21.4985],[-87.1086,21.4987],[-87.1083,21.4993],[-87.1083,21.4994],[-87.1084,21.4998],[-87.1085,21.4999],[-87.1085,21.5001],[-87.1085,21.5002],[-87.1088,21.5004],[-87.109,21.501],[-87.1088,21.5015],[-87.1084,21.502],[-87.1082,21.5027],[-87.1079,21.5029],[-87.1079,21.5036],[-87.1082,21.5044],[-87.1086,21.5048],[-87.109,21.5049],[-87.1095,21.5053],[-87.1097,21.5055],[-87.1093,21.506],[-87.1087,21.5058],[-87.1077,21.5053],[-87.1072,21.5053],[-87.1068,21.5059],[-87.107,21.5071],[-87.1075,21.5078],[-87.108,21.5082],[-87.1084,21.5084],[-87.1085,21.5084],[-87.1085,21.5084],[-87.1085,21.5084],[-87.1086,21.5085],[-87.1086,21.5086],[-87.1087,21.5089],[-87.1089,21.5093],[-87.1091,21.5095],[-87.1097,21.5103],[-87.1099,21.5106],[-87.1099,21.5114],[-87.1104,21.5127],[-87.1111,21.5143],[-87.1111,21.5153],[-87.1109,21.5165],[-87.1108,21.5175],[-87.1108,21.5183],[-87.111,21.5192],[-87.1108,21.5201],[-87.1101,21.5203],[-87.1098,21.5201],[-87.1093,21.5196],[-87.1091,21.5192],[-87.1085,21.5192],[-87.1081,21.5196],[-87.1082,21.5202],[-87.1081,21.5204],[-87.1081,21.5205],[-87.1082,21.5206],[-87.1083,21.5206],[-87.1086,21.5209],[-87.1089,21.5212],[-87.1093,21.5218],[-87.1092,21.5226],[-87.1081,21.5229],[-87.1078,21.5234],[-87.1077,21.5238],[-87.1077,21.5244],[-87.1079,21.525],[-87.1084,21.525],[-87.1086,21.5252],[-87.1088,21.526],[-87.1083,21.526],[-87.1078,21.5259],[-87.1074,21.5261],[-87.1069,21.5261]]],[[[-87.1058,21.578],[-87.1058,21.5471],[-87.1058,21.547],[-87.1058,21.547],[-87.1059,21.5471],[-87.1059,21.5471],[-87.1059,21.5472],[-87.106,21.5472],[-87.1063,21.5475],[-87.1069,21.5478],[-87.1069,21.5478],[-87.107,21.5478],[-87.107,21.5478],[-87.1075,21.5478],[-87.1077,21.5478],[-87.1079,21.5477],[-87.1084,21.5476],[-87.1085,21.5476],[-87.1088,21.5477],[-87.1089,21.5477],[-87.1089,21.5478],[-87.109,21.5478],[-87.1093,21.5481],[-87.1094,21.5482],[-87.11,21.5484],[-87.1102,21.5484],[-87.1105,21.5485],[-87.1106,21.5485],[-87.1118,21.5487],[-87.1122,21.5489],[-87.1124,21.5492],[-87.1127,21.5494],[-87.113,21.5496],[-87.1139,21.5501],[-87.1139,21.5501],[-87.1141,21.5501],[-87.1147,21.5503],[-87.1157,21.5507],[-87.1158,21.5508],[-87.1164,21.5508],[-87.1166,21.5508],[-87.1167,21.5508],[-87.1167,21.5508],[-87.1167,21.5508],[-87.1174,21.5507],[-87.1181,21.5506],[-87.1187,21.5506],[-87.1194,21.5508],[-87.1199,21.5508],[-87.1202,21.5508],[-87.1209,21.5507],[-87.1219,21.5508],[-87.1225,21.5508],[-87.1227,21.5508],[-87.1234,21.5509],[-87.1235,21.5509],[-87.1236,21.5509],[-87.1237,21.551],[-87.1238,21.551],[-87.1238,21.5511],[-87.1238,21.5511],[-87.1239,21.5511],[-87.124,21.5511],[-87.124,21.5511],[-87.1244,21.5512],[-87.1246,21.5512],[-87.1247,21.5511],[-87.125,21.5512],[-87.1251,21.5512],[-87.1251,21.5513],[-87.1255,21.5515],[-87.1257,21.5517],[-87.1259,21.5518],[-87.126,21.5519],[-87.1262,21.5521],[-87.1265,21.5523],[-87.1265,21.5523],[-87.1266,21.5524],[-87.1268,21.5526],[-87.1271,21.5527],[-87.1273,21.5531],[-87.1273,21.5531],[-87.1278,21.5534],[-87.1283,21.5537],[-87.1285,21.5537],[-87.1286,21.5538],[-87.1288,21.5539],[-87.1288,21.554],[-87.1287,21.5541],[-87.1287,21.5543],[-87.1287,21.5545],[-87.1285,21.5548],[-87.1282,21.5553],[-87.1278,21.5553],[-87.1275,21.5557],[-87.1272,21.556],[-87.1268,21.5563],[-87.1265,21.5567],[-87.126,21.5569],[-87.1259,21.5573],[-87.1254,21.5576],[-87.1254,21.5579],[-87.1247,21.558],[-87.1247,21.5584],[-87.1241,21.5588],[-87.1238,21.5592],[-87.123,21.5595],[-87.1228,21.5592],[-87.1224,21.559],[-87.1221,21.5591],[-87.1218,21.5594],[-87.1216,21.5596],[-87.1216,21.56],[-87.1218,21.5603],[-87.1218,21.5605],[-87.1213,21.561],[-87.1208,21.5609],[-87.1203,21.561],[-87.1201,21.5612],[-87.12,21.5615],[-87.1197,21.562],[-87.1193,21.5619],[-87.1189,21.5619],[-87.1188,21.562],[-87.1187,21.5624],[-87.1187,21.5624],[-87.1185,21.5628],[-87.1182,21.563],[-87.1183,21.5636],[-87.1181,21.5638],[-87.1176,21.564],[-87.1174,21.5643],[-87.1168,21.5645],[-87.1165,21.5646],[-87.1162,21.565],[-87.116,21.5653],[-87.1159,21.5659],[-87.1159,21.5662],[-87.1155,21.5661],[-87.115,21.5668],[-87.1147,21.567],[-87.1144,21.5671],[-87.1144,21.5675],[-87.1143,21.5677],[-87.114,21.5678],[-87.1138,21.5682],[-87.1136,21.5684],[-87.1134,21.5688],[-87.1127,21.569],[-87.1124,21.5692],[-87.1121,21.57],[-87.1121,21.57],[-87.1121,21.57],[-87.1121,21.5702],[-87.1121,21.5703],[-87.1122,21.5704],[-87.1123,21.5705],[-87.1127,21.5708],[-87.1128,21.5716],[-87.1124,21.5719],[-87.1119,21.5719],[-87.1118,21.5716],[-87.1118,21.5712],[-87.1113,21.5704],[-87.1113,21.5704],[-87.1112,21.5704],[-87.1102,21.5705],[-87.1099,21.5707],[-87.109,21.5714],[-87.1088,21.5715],[-87.108,21.5724],[-87.1078,21.5734],[-87.107,21.5731],[-87.1066,21.5734],[-87.1069,21.5738],[-87.1069,21.5739],[-87.1069,21.5739],[-87.1069,21.5739],[-87.1068,21.5741],[-87.1068,21.5741],[-87.1067,21.5741],[-87.1066,21.5741],[-87.1066,21.5741],[-87.1064,21.5744],[-87.1063,21.5745],[-87.1063,21.5745],[-87.1069,21.5763],[-87.1065,21.5774],[-87.1058,21.578]]],[[[-87.1067,21.6009],[-87.1069,21.6001],[-87.107,21.5995],[-87.1067,21.5989],[-87.1063,21.599],[-87.1061,21.5995],[-87.1058,21.5996],[-87.1058,21.5979],[-87.106,21.5975],[-87.1064,21.5971],[-87.1068,21.5969],[-87.1071,21.5971],[-87.107,21.5974],[-87.107,21.5976],[-87.1067,21.5978],[-87.1066,21.5979],[-87.1066,21.598],[-87.1067,21.5983],[-87.1071,21.5981],[-87.1075,21.5981],[-87.1076,21.5982],[-87.1076,21.5982],[-87.1074,21.5987],[-87.1073,21.5988],[-87.1072,21.5991],[-87.1073,21.5992],[-87.1074,21.5992],[-87.1076,21.5995],[-87.1077,21.5996],[-87.1078,21.6001],[-87.108,21.6003],[-87.1083,21.6002],[-87.1084,21.5999],[-87.1084,21.5992],[-87.1084,21.5992],[-87.1084,21.5991],[-87.1084,21.5988],[-87.1084,21.5987],[-87.1086,21.5984],[-87.1092,21.5982],[-87.1095,21.5983],[-87.1096,21.5987],[-87.1096,21.5992],[-87.1099,21.5993],[-87.1106,21.5991],[-87.1108,21.599],[-87.111,21.5989],[-87.1115,21.5986],[-87.1115,21.5981],[-87.1111,21.5978],[-87.1107,21.5972],[-87.1106,21.5971],[-87.111,21.5968],[-87.1117,21.5966],[-87.1122,21.5965],[-87.1122,21.5963],[-87.1123,21.596],[-87.1107,21.5958],[-87.1103,21.5954],[-87.1099,21.5951],[-87.1092,21.5945],[-87.1097,21.5941],[-87.1105,21.594],[-87.1112,21.594],[-87.1113,21.594],[-87.1114,21.594],[-87.1114,21.5939],[-87.1113,21.5939],[-87.1114,21.5938],[-87.1114,21.5938],[-87.1116,21.5937],[-87.1117,21.5936],[-87.1118,21.5936],[-87.112,21.5936],[-87.1122,21.5937],[-87.1123,21.5937],[-87.1126,21.5937],[-87.1126,21.5937],[-87.1127,21.5937],[-87.1127,21.5936],[-87.1127,21.5936],[-87.1127,21.5935],[-87.1128,21.5935],[-87.1128,21.5935],[-87.1128,21.5935],[-87.113,21.5935],[-87.1132,21.5939],[-87.1132,21.5939],[-87.1134,21.5938],[-87.1133,21.5938],[-87.1131,21.5935],[-87.113,21.5934],[-87.113,21.5933],[-87.1131,21.5933],[-87.1131,21.5933],[-87.1132,21.5933],[-87.1133,21.5933],[-87.1134,21.5933],[-87.1138,21.5934],[-87.1139,21.5935],[-87.1139,21.5935],[-87.1141,21.5932],[-87.1143,21.5925],[-87.1145,21.592],[-87.1147,21.5915],[-87.1152,21.5912],[-87.1154,21.5911],[-87.1157,21.5908],[-87.1157,21.5904],[-87.116,21.59],[-87.1165,21.5898],[-87.1168,21.5898],[-87.1172,21.5894],[-87.1174,21.5893],[-87.118,21.5891],[-87.1188,21.5888],[-87.1189,21.5888],[-87.119,21.5888],[-87.1192,21.5888],[-87.1191,21.5892],[-87.1184,21.5895],[-87.1181,21.5897],[-87.118,21.5902],[-87.1176,21.591],[-87.1174,21.5912],[-87.1173,21.5913],[-87.1175,21.5917],[-87.1175,21.5919],[-87.118,21.5917],[-87.1182,21.5916],[-87.1183,21.5916],[-87.1186,21.5914],[-87.1187,21.5914],[-87.1187,21.5912],[-87.1189,21.5906],[-87.1197,21.5897],[-87.1198,21.5896],[-87.1201,21.5895],[-87.1205,21.5892],[-87.1206,21.5886],[-87.1207,21.5878],[-87.1207,21.5875],[-87.1209,21.5867],[-87.1213,21.5855],[-87.1217,21.5846],[-87.1221,21.5836],[-87.1229,21.582],[-87.1233,21.5812],[-87.1233,21.5791],[-87.1235,21.577],[-87.1235,21.5762],[-87.1242,21.5748],[-87.1248,21.5735],[-87.1256,21.5726],[-87.1259,21.5719],[-87.126,21.5717],[-87.1263,21.5713],[-87.1273,21.5704],[-87.1278,21.5699],[-87.1287,21.569],[-87.1295,21.5684],[-87.1303,21.5679],[-87.1311,21.5673],[-87.1321,21.5665],[-87.1327,21.5663],[-87.1328,21.5661],[-87.1334,21.5659],[-87.1345,21.5654],[-87.1351,21.5651],[-87.1359,21.564],[-87.136,21.5638],[-87.137,21.5637],[-87.1378,21.5634],[-87.1384,21.563],[-87.1388,21.5624],[-87.1395,21.5625],[-87.1399,21.5625],[-87.14,21.5625],[-87.1402,21.5626],[-87.1402,21.5626],[-87.1408,21.5626],[-87.1413,21.5626],[-87.1416,21.5625],[-87.142,21.5625],[-87.1422,21.5626],[-87.1423,21.5625],[-87.1423,21.5624],[-87.1424,21.5624],[-87.1424,21.5623],[-87.1425,21.5623],[-87.1425,21.5623],[-87.1426,21.5623],[-87.1428,21.5622],[-87.1428,21.5622],[-87.143,21.5622],[-87.1436,21.5624],[-87.1438,21.5625],[-87.1445,21.5629],[-87.1446,21.5629],[-87.1446,21.563],[-87.1447,21.563],[-87.1449,21.5632],[-87.1449,21.5632],[-87.145,21.5633],[-87.1451,21.5634],[-87.1451,21.5637],[-87.1451,21.5638],[-87.1452,21.5638],[-87.1455,21.5637],[-87.1456,21.5636],[-87.1461,21.5636],[-87.1463,21.5636],[-87.1463,21.5636],[-87.1469,21.5638],[-87.147,21.5639],[-87.1472,21.5643],[-87.1472,21.5646],[-87.1471,21.5649],[-87.1468,21.565],[-87.1465,21.5648],[-87.1466,21.5645],[-87.1466,21.5643],[-87.1464,21.5642],[-87.1462,21.5643],[-87.146,21.5644],[-87.146,21.5648],[-87.1461,21.5651],[-87.1463,21.5654],[-87.1466,21.5655],[-87.1471,21.5657],[-87.1473,21.5661],[-87.1476,21.5662],[-87.1478,21.5665],[-87.1481,21.5669],[-87.1481,21.5665],[-87.1481,21.566],[-87.1481,21.5654],[-87.1481,21.565],[-87.1481,21.5644],[-87.1482,21.564],[-87.1482,21.5638],[-87.148,21.5637],[-87.1479,21.5635],[-87.1478,21.5632],[-87.1478,21.5631],[-87.1481,21.5626],[-87.1485,21.5628],[-87.1486,21.5629],[-87.1485,21.5627],[-87.1485,21.5626],[-87.1485,21.5626],[-87.1484,21.5625],[-87.1484,21.5625],[-87.1484,21.5622],[-87.1484,21.5621],[-87.1484,21.5621],[-87.1484,21.562],[-87.1485,21.5619],[-87.1485,21.5619],[-87.1486,21.5619],[-87.1486,21.5619],[-87.1487,21.5619],[-87.1487,21.5619],[-87.1487,21.5619],[-87.1487,21.5618],[-87.1486,21.5618],[-87.1485,21.5618],[-87.1484,21.5617],[-87.1484,21.5617],[-87.1483,21.5617],[-87.1482,21.5617],[-87.1481,21.5617],[-87.1481,21.5617],[-87.1481,21.5617],[-87.148,21.5618],[-87.148,21.5618],[-87.148,21.5618],[-87.1479,21.5618],[-87.1479,21.5618],[-87.1479,21.5617],[-87.1478,21.5616],[-87.1477,21.5613],[-87.1477,21.5612],[-87.1477,21.5611],[-87.1477,21.561],[-87.1477,21.561],[-87.1483,21.5604],[-87.1483,21.5604],[-87.1484,21.5604],[-87.1484,21.5603],[-87.1485,21.5603],[-87.1485,21.5603],[-87.1486,21.5604],[-87.1486,21.5604],[-87.1488,21.5608],[-87.1488,21.5609],[-87.1489,21.561],[-87.1489,21.5611],[-87.1489,21.5611],[-87.1488,21.5612],[-87.1488,21.5612],[-87.1487,21.5612],[-87.1487,21.5613],[-87.1487,21.5613],[-87.1487,21.5614],[-87.1486,21.5616],[-87.1486,21.5616],[-87.1487,21.5616],[-87.1489,21.5618],[-87.1489,21.5618],[-87.1489,21.5617],[-87.1489,21.5616],[-87.1489,21.5616],[-87.1492,21.5611],[-87.1497,21.5607],[-87.1501,21.5605],[-87.1507,21.561],[-87.1507,21.5611],[-87.1505,21.5612],[-87.1503,21.5613],[-87.1505,21.5616],[-87.1508,21.5617],[-87.1508,21.5613],[-87.1509,21.5611],[-87.1512,21.5612],[-87.1513,21.5614],[-87.1513,21.5619],[-87.1514,21.5619],[-87.1514,21.5619],[-87.1514,21.5619],[-87.1515,21.5618],[-87.1516,21.5618],[-87.1516,21.5617],[-87.1516,21.5617],[-87.1516,21.5616],[-87.1517,21.5616],[-87.1517,21.5615],[-87.1517,21.5614],[-87.1517,21.5614],[-87.1517,21.5612],[-87.1517,21.5611],[-87.1517,21.561],[-87.1517,21.561],[-87.1517,21.5609],[-87.1517,21.5609],[-87.1517,21.5607],[-87.1518,21.5604],[-87.1519,21.5604],[-87.1521,21.5605],[-87.1526,21.5603],[-87.1531,21.5598],[-87.1534,21.5596],[-87.1538,21.5594],[-87.1538,21.5594],[-87.1539,21.5594],[-87.154,21.5594],[-87.1541,21.5594],[-87.1542,21.5594],[-87.1543,21.5594],[-87.1543,21.5595],[-87.1543,21.5595],[-87.1544,21.5596],[-87.1544,21.5596],[-87.1543,21.5597],[-87.1542,21.5597],[-87.1542,21.5598],[-87.1546,21.5601],[-87.1548,21.5605],[-87.1548,21.5606],[-87.1548,21.5607],[-87.1547,21.5607],[-87.1547,21.5607],[-87.1546,21.5607],[-87.1543,21.5607],[-87.1543,21.5607],[-87.1542,21.5607],[-87.1541,21.5607],[-87.154,21.5606],[-87.1536,21.5604],[-87.1526,21.5606],[-87.1525,21.5607],[-87.1525,21.5607],[-87.1524,21.5608],[-87.1525,21.5608],[-87.1526,21.5609],[-87.1527,21.561],[-87.1528,21.561],[-87.1532,21.5611],[-87.1532,21.5611],[-87.1532,21.5611],[-87.1532,21.561],[-87.1532,21.561],[-87.1531,21.5609],[-87.1531,21.5609],[-87.1531,21.5609],[-87.153,21.5609],[-87.153,21.5609],[-87.1529,21.5609],[-87.1528,21.5609],[-87.1528,21.5608],[-87.1528,21.5608],[-87.1528,21.5608],[-87.1529,21.5607],[-87.1534,21.5606],[-87.1535,21.5606],[-87.1535,21.5606],[-87.1542,21.561],[-87.1543,21.5613],[-87.1543,21.5613],[-87.1543,21.5614],[-87.1544,21.5615],[-87.1544,21.5616],[-87.1544,21.5616],[-87.1546,21.5616],[-87.1546,21.5616],[-87.1546,21.5616],[-87.1546,21.5614],[-87.1546,21.5613],[-87.1545,21.5613],[-87.1545,21.5612],[-87.1547,21.5611],[-87.1549,21.561],[-87.1549,21.561],[-87.1551,21.561],[-87.1552,21.561],[-87.1552,21.561],[-87.1552,21.561],[-87.1554,21.5613],[-87.156,21.5617],[-87.1561,21.5617],[-87.1561,21.5618],[-87.1565,21.5619],[-87.1566,21.5619],[-87.1568,21.5619],[-87.157,21.5619],[-87.1573,21.562],[-87.1574,21.562],[-87.1576,21.5621],[-87.1579,21.5622],[-87.158,21.5621],[-87.158,21.5618],[-87.158,21.5613],[-87.1581,21.5611],[-87.1585,21.5608],[-87.1592,21.5605],[-87.1594,21.5604],[-87.1598,21.5602],[-87.1604,21.56],[-87.161,21.5596],[-87.1615,21.5595],[-87.1621,21.5593],[-87.1623,21.5591],[-87.1624,21.559],[-87.1624,21.5587],[-87.1623,21.5585],[-87.162,21.5583],[-87.1616,21.5583],[-87.1611,21.5585],[-87.161,21.5585],[-87.1608,21.5585],[-87.1608,21.5585],[-87.1608,21.5587],[-87.1608,21.5587],[-87.1608,21.5588],[-87.1608,21.5588],[-87.1605,21.5588],[-87.1603,21.5588],[-87.1602,21.5588],[-87.1601,21.5588],[-87.1599,21.5587],[-87.1598,21.5587],[-87.1595,21.5587],[-87.1594,21.5587],[-87.1592,21.5587],[-87.1588,21.5587],[-87.1588,21.5587],[-87.1584,21.5588],[-87.1577,21.559],[-87.1573,21.559],[-87.1569,21.559],[-87.1569,21.559],[-87.1568,21.559],[-87.1566,21.5592],[-87.1566,21.5593],[-87.1571,21.5594],[-87.1573,21.5596],[-87.1572,21.5596],[-87.157,21.5597],[-87.157,21.5597],[-87.157,21.56],[-87.1571,21.5601],[-87.1572,21.5602],[-87.1573,21.5602],[-87.1576,21.5603],[-87.1579,21.5602],[-87.158,21.5602],[-87.1581,21.5601],[-87.1582,21.5602],[-87.1583,21.5602],[-87.1584,21.5602],[-87.1585,21.5603],[-87.1585,21.5603],[-87.1585,21.5604],[-87.1585,21.5607],[-87.1583,21.5609],[-87.1583,21.5609],[-87.1582,21.5609],[-87.1581,21.5609],[-87.1581,21.5608],[-87.158,21.5607],[-87.1578,21.5606],[-87.1578,21.5608],[-87.1578,21.5609],[-87.1578,21.5609],[-87.1577,21.561],[-87.1577,21.561],[-87.1575,21.5611],[-87.1574,21.5611],[-87.1571,21.5611],[-87.1569,21.5611],[-87.1564,21.5608],[-87.1561,21.5605],[-87.1562,21.5604],[-87.1562,21.5604],[-87.1561,21.5601],[-87.1561,21.5599],[-87.1561,21.5598],[-87.1561,21.5598],[-87.156,21.5597],[-87.1559,21.5596],[-87.1558,21.5595],[-87.1557,21.5595],[-87.1556,21.5595],[-87.1554,21.5596],[-87.1553,21.5596],[-87.1551,21.5596],[-87.1547,21.5595],[-87.1544,21.5594],[-87.1541,21.5593],[-87.1538,21.5594],[-87.1535,21.5594],[-87.1534,21.5593],[-87.1533,21.5592],[-87.1532,21.5593],[-87.153,21.5594],[-87.153,21.5594],[-87.1528,21.5593],[-87.1526,21.5592],[-87.1526,21.5592],[-87.1525,21.5589],[-87.1522,21.5588],[-87.1522,21.5588],[-87.152,21.5587],[-87.1518,21.5585],[-87.1516,21.5581],[-87.1514,21.5581],[-87.1514,21.5581],[-87.1514,21.5581],[-87.1513,21.558],[-87.1513,21.558],[-87.1513,21.5579],[-87.1513,21.5576],[-87.1514,21.5574],[-87.1513,21.5571],[-87.1516,21.5569],[-87.1518,21.5567],[-87.1518,21.5567],[-87.1519,21.5567],[-87.1521,21.5567],[-87.1523,21.5568],[-87.1525,21.5568],[-87.1526,21.5568],[-87.1527,21.5569],[-87.1529,21.5571],[-87.1532,21.5573],[-87.1533,21.5573],[-87.1535,21.5574],[-87.1537,21.5575],[-87.1539,21.5576],[-87.1542,21.5578],[-87.1545,21.5579],[-87.1546,21.558],[-87.1548,21.5582],[-87.1553,21.5582],[-87.1554,21.5583],[-87.1557,21.5584],[-87.1561,21.5583],[-87.1568,21.5582],[-87.1574,21.5581],[-87.1583,21.558],[-87.1589,21.5578],[-87.1595,21.5577],[-87.1601,21.5577],[-87.1612,21.5576],[-87.1617,21.5573],[-87.1625,21.5571],[-87.1627,21.5571],[-87.1632,21.5571],[-87.1635,21.5567],[-87.1645,21.5565],[-87.1645,21.5566],[-87.1653,21.5566],[-87.1659,21.5564],[-87.1665,21.5563],[-87.1669,21.5561],[-87.1674,21.5557],[-87.1674,21.5557],[-87.1676,21.5555],[-87.1676,21.5555],[-87.1676,21.5554],[-87.168,21.5549],[-87.168,21.5549],[-87.168,21.5545],[-87.1681,21.5539],[-87.1684,21.5528],[-87.1685,21.5525],[-87.1685,21.5523],[-87.1687,21.5518],[-87.1695,21.5515],[-87.1697,21.5515],[-87.1697,21.5515],[-87.1698,21.5514],[-87.1699,21.5511],[-87.17,21.5509],[-87.1701,21.5508],[-87.1702,21.5505],[-87.1704,21.5503],[-87.1704,21.5503],[-87.1709,21.55],[-87.1712,21.5501],[-87.1716,21.5502],[-87.1719,21.5501],[-87.1724,21.5496],[-87.1726,21.5497],[-87.173,21.55],[-87.1735,21.5504],[-87.1742,21.5501],[-87.1746,21.5499],[-87.1746,21.5498],[-87.1747,21.5497],[-87.1748,21.5496],[-87.175,21.5492],[-87.175,21.549],[-87.175,21.549],[-87.1745,21.5487],[-87.1745,21.5486],[-87.1746,21.5485],[-87.1747,21.5484],[-87.1748,21.5484],[-87.1751,21.5483],[-87.1755,21.5482],[-87.1758,21.5483],[-87.1761,21.5483],[-87.1766,21.5482],[-87.177,21.5482],[-87.1772,21.5479],[-87.1772,21.5479],[-87.1775,21.5476],[-87.1779,21.5475],[-87.1781,21.5474],[-87.1783,21.5471],[-87.1785,21.5471],[-87.179,21.547],[-87.1791,21.5469],[-87.1793,21.5468],[-87.1794,21.5467],[-87.1796,21.5465],[-87.1798,21.5462],[-87.1798,21.5461],[-87.18,21.5457],[-87.18,21.5455],[-87.18,21.5453],[-87.1801,21.5452],[-87.1801,21.5449],[-87.1802,21.5449],[-87.1802,21.5448],[-87.1803,21.5448],[-87.1803,21.5447],[-87.1804,21.5447],[-87.1807,21.5446],[-87.1808,21.5446],[-87.1808,21.5447],[-87.1808,21.5447],[-87.1808,21.5449],[-87.1808,21.5449],[-87.1808,21.545],[-87.1807,21.5451],[-87.1807,21.5451],[-87.1807,21.5452],[-87.1806,21.5452],[-87.1806,21.5451],[-87.1805,21.5451],[-87.1804,21.5453],[-87.1804,21.5454],[-87.1804,21.5455],[-87.1803,21.5463],[-87.1803,21.5463],[-87.1804,21.5464],[-87.1805,21.5465],[-87.1806,21.5464],[-87.1808,21.5463],[-87.1812,21.546],[-87.1812,21.546],[-87.1816,21.5457],[-87.1819,21.5454],[-87.1822,21.5452],[-87.1824,21.5449],[-87.1829,21.5445],[-87.1833,21.5441],[-87.1836,21.5435],[-87.1836,21.5434],[-87.1836,21.5431],[-87.1831,21.5428],[-87.1829,21.543],[-87.1826,21.5433],[-87.182,21.5436],[-87.1811,21.5442],[-87.1805,21.5445],[-87.1799,21.5448],[-87.1794,21.5449],[-87.1794,21.545],[-87.1795,21.5451],[-87.1795,21.5452],[-87.1795,21.5453],[-87.1795,21.5453],[-87.1793,21.5454],[-87.1793,21.5455],[-87.1792,21.5455],[-87.1791,21.5455],[-87.1789,21.5455],[-87.1788,21.5455],[-87.1787,21.5455],[-87.1787,21.5455],[-87.1787,21.5454],[-87.1787,21.5453],[-87.1787,21.5448],[-87.1787,21.5447],[-87.1788,21.5446],[-87.179,21.5442],[-87.1792,21.5441],[-87.1794,21.5439],[-87.18,21.5433],[-87.1803,21.543],[-87.1804,21.5429],[-87.1808,21.5425],[-87.1809,21.5425],[-87.181,21.5425],[-87.181,21.5425],[-87.1811,21.5425],[-87.1816,21.5425],[-87.1823,21.5425],[-87.1826,21.5425],[-87.1828,21.5424],[-87.1829,21.5423],[-87.1829,21.5423],[-87.183,21.5422],[-87.1832,21.5422],[-87.1837,21.542],[-87.1843,21.5419],[-87.1851,21.5418],[-87.1857,21.5415],[-87.1866,21.5409],[-87.1877,21.5401],[-87.1881,21.5397],[-87.1886,21.5392],[-87.1889,21.539],[-87.1893,21.5388],[-87.1895,21.5385],[-87.1899,21.5383],[-87.1903,21.538],[-87.1904,21.5379],[-87.1907,21.5377],[-87.1911,21.5373],[-87.1916,21.5367],[-87.1919,21.5366],[-87.1921,21.5362],[-87.1925,21.5359],[-87.193,21.5355],[-87.1933,21.5351],[-87.1935,21.5348],[-87.1939,21.5346],[-87.1943,21.5341],[-87.195,21.5337],[-87.1954,21.5336],[-87.1957,21.5334],[-87.1962,21.5332],[-87.1968,21.5331],[-87.1969,21.5331],[-87.1972,21.5331],[-87.1979,21.5329],[-87.1984,21.5328],[-87.2005,21.5316],[-87.2019,21.531],[-87.2024,21.5306],[-87.203,21.53],[-87.2039,21.529],[-87.2048,21.5278],[-87.2058,21.527],[-87.2068,21.5249],[-87.207,21.5244],[-87.2071,21.5242],[-87.2072,21.524],[-87.2071,21.5236],[-87.2072,21.5236],[-87.2073,21.5232],[-87.2075,21.5228],[-87.2075,21.5224],[-87.2077,21.5222],[-87.2079,21.522],[-87.208,21.522],[-87.208,21.522],[-87.2082,21.5217],[-87.2083,21.5216],[-87.2084,21.5215],[-87.2084,21.5215],[-87.2084,21.5212],[-87.2085,21.521],[-87.2086,21.5206],[-87.209,21.5203],[-87.2093,21.5201],[-87.2095,21.52],[-87.2096,21.5199],[-87.2099,21.5196],[-87.2106,21.5196],[-87.2109,21.5195],[-87.2111,21.5195],[-87.2118,21.5196],[-87.2124,21.5194],[-87.2125,21.5194],[-87.2135,21.5192],[-87.2138,21.5191],[-87.2147,21.5194],[-87.215,21.5194],[-87.2155,21.5192],[-87.2157,21.5191],[-87.2163,21.5189],[-87.2166,21.5187],[-87.2169,21.5184],[-87.2176,21.5183],[-87.2183,21.518],[-87.2191,21.5179],[-87.2202,21.5176],[-87.2219,21.5169],[-87.2229,21.5165],[-87.2256,21.5164],[-87.2255,21.5171],[-87.2249,21.5173],[-87.2245,21.5176],[-87.2246,21.5179],[-87.2243,21.5182],[-87.2239,21.518],[-87.2232,21.5179],[-87.2226,21.5181],[-87.2219,21.518],[-87.221,21.5184],[-87.2205,21.5186],[-87.2197,21.5185],[-87.2189,21.5186],[-87.2184,21.5188],[-87.2178,21.5191],[-87.2175,21.5193],[-87.2171,21.5195],[-87.2167,21.5197],[-87.2161,21.5197],[-87.2157,21.5199],[-87.215,21.5201],[-87.2142,21.5201],[-87.2137,21.5197],[-87.213,21.5197],[-87.2128,21.5203],[-87.2123,21.5204],[-87.2116,21.5204],[-87.2115,21.5206],[-87.2115,21.5206],[-87.2113,21.5208],[-87.211,21.5208],[-87.2107,21.5209],[-87.2099,21.521],[-87.2091,21.5216],[-87.2087,21.5221],[-87.2083,21.5227],[-87.2082,21.5233],[-87.2082,21.5242],[-87.208,21.5244],[-87.2074,21.525],[-87.2071,21.5255],[-87.207,21.5258],[-87.207,21.5259],[-87.207,21.526],[-87.2074,21.526],[-87.2081,21.5259],[-87.2084,21.5258],[-87.2088,21.5255],[-87.2088,21.5254],[-87.2089,21.5253],[-87.209,21.5253],[-87.2091,21.5252],[-87.2093,21.5251],[-87.2095,21.525],[-87.2098,21.5249],[-87.2101,21.5248],[-87.2106,21.5244],[-87.2108,21.5242],[-87.211,21.5241],[-87.2112,21.524],[-87.2113,21.524],[-87.2116,21.5239],[-87.2117,21.524],[-87.2118,21.524],[-87.2118,21.5241],[-87.2118,21.5242],[-87.2118,21.5242],[-87.2117,21.5242],[-87.2117,21.5241],[-87.2115,21.5241],[-87.2112,21.5241],[-87.2108,21.5244],[-87.2105,21.5246],[-87.2104,21.5246],[-87.2102,21.5248],[-87.2101,21.5249],[-87.2101,21.525],[-87.2102,21.5251],[-87.2105,21.5252],[-87.2107,21.5252],[-87.2109,21.5253],[-87.211,21.5254],[-87.2109,21.5254],[-87.2104,21.5258],[-87.2101,21.526],[-87.21,21.5261],[-87.2099,21.5262],[-87.2098,21.5263],[-87.2091,21.5267],[-87.209,21.5268],[-87.2087,21.527],[-87.2084,21.5272],[-87.2082,21.5273],[-87.2081,21.5274],[-87.2082,21.5274],[-87.2084,21.5274],[-87.2085,21.5274],[-87.2096,21.5269],[-87.2102,21.5267],[-87.2106,21.5265],[-87.2112,21.5264],[-87.2114,21.5264],[-87.2118,21.5263],[-87.2128,21.526],[-87.2129,21.5259],[-87.213,21.5258],[-87.213,21.5258],[-87.2131,21.5257],[-87.2131,21.5257],[-87.2132,21.5255],[-87.2133,21.5253],[-87.2133,21.5252],[-87.2134,21.525],[-87.2135,21.5249],[-87.2136,21.5247],[-87.2136,21.5246],[-87.2136,21.5246],[-87.2138,21.5243],[-87.2141,21.5238],[-87.2142,21.5237],[-87.2142,21.5235],[-87.2143,21.5234],[-87.2143,21.5234],[-87.2145,21.5229],[-87.2145,21.5225],[-87.2146,21.5224],[-87.2146,21.5223],[-87.2145,21.5223],[-87.2145,21.5222],[-87.2145,21.5221],[-87.2145,21.522],[-87.2145,21.5218],[-87.2145,21.5218],[-87.2146,21.5216],[-87.2146,21.5215],[-87.2147,21.5215],[-87.2148,21.5216],[-87.2148,21.5216],[-87.2148,21.5217],[-87.2147,21.5217],[-87.2148,21.5222],[-87.2151,21.5227],[-87.2152,21.5228],[-87.2154,21.5229],[-87.2157,21.5228],[-87.2162,21.5225],[-87.2164,21.5223],[-87.2165,21.5222],[-87.2167,21.522],[-87.2171,21.5217],[-87.2173,21.5215],[-87.2176,21.5214],[-87.2177,21.5214],[-87.218,21.5214],[-87.2181,21.5214],[-87.2184,21.5216],[-87.2184,21.5216],[-87.2184,21.5217],[-87.2183,21.5219],[-87.2182,21.522],[-87.2182,21.5224],[-87.2175,21.5229],[-87.2176,21.523],[-87.2182,21.5231],[-87.2183,21.523],[-87.2187,21.523],[-87.2192,21.523],[-87.2193,21.5231],[-87.2192,21.5235],[-87.2192,21.5237],[-87.2191,21.5237],[-87.219,21.5239],[-87.2189,21.5239],[-87.2188,21.524],[-87.2188,21.5241],[-87.2186,21.5242],[-87.2184,21.5243],[-87.2184,21.5243],[-87.2183,21.5243],[-87.2181,21.5245],[-87.218,21.5245],[-87.218,21.5246],[-87.2179,21.5246],[-87.2178,21.5247],[-87.2178,21.5247],[-87.2178,21.525],[-87.2175,21.5256],[-87.2171,21.5259],[-87.2168,21.5262],[-87.2171,21.5264],[-87.2172,21.5265],[-87.2174,21.5265],[-87.2175,21.5265],[-87.2175,21.5265],[-87.2176,21.5265],[-87.218,21.5264],[-87.2181,21.5263],[-87.2182,21.5263],[-87.2183,21.5263],[-87.2183,21.5262],[-87.2185,21.526],[-87.2188,21.5257],[-87.2191,21.5255],[-87.2193,21.5253],[-87.2204,21.5253],[-87.2204,21.5253],[-87.2213,21.5252],[-87.2214,21.5252],[-87.2215,21.5252],[-87.2216,21.5252],[-87.2217,21.5253],[-87.2217,21.5253],[-87.2217,21.5254],[-87.2217,21.5254],[-87.2216,21.5254],[-87.2214,21.5253],[-87.2212,21.5253],[-87.2211,21.5253],[-87.221,21.5254],[-87.221,21.5254],[-87.2211,21.5258],[-87.2213,21.5258],[-87.2213,21.5258],[-87.222,21.5256],[-87.2223,21.5254],[-87.2225,21.5254],[-87.2231,21.525],[-87.2232,21.5249],[-87.2234,21.5248],[-87.2235,21.5247],[-87.2237,21.5245],[-87.2238,21.5245],[-87.224,21.5244],[-87.2241,21.5244],[-87.2243,21.5243],[-87.2245,21.5242],[-87.2247,21.5241],[-87.2249,21.524],[-87.2251,21.5238],[-87.2255,21.5236],[-87.2257,21.5236],[-87.2257,21.5236],[-87.2258,21.5236],[-87.2258,21.5236],[-87.2259,21.5236],[-87.226,21.5235],[-87.2269,21.5229],[-87.2275,21.5225],[-87.228,21.5223],[-87.2283,21.5223],[-87.2284,21.5223],[-87.2285,21.5223],[-87.2286,21.5223],[-87.2288,21.5223],[-87.2289,21.5222],[-87.2291,21.5222],[-87.2294,21.5221],[-87.2296,21.522],[-87.2298,21.5219],[-87.2302,21.5217],[-87.2303,21.5217],[-87.2304,21.5217],[-87.2305,21.5217],[-87.2306,21.5217],[-87.2312,21.5219],[-87.2313,21.522],[-87.2315,21.5221],[-87.2315,21.5222],[-87.2316,21.5222],[-87.2316,21.5223],[-87.2316,21.5224],[-87.2316,21.5225],[-87.2315,21.5225],[-87.2314,21.5226],[-87.2313,21.5226],[-87.2307,21.5227],[-87.2306,21.5227],[-87.2303,21.5227],[-87.2303,21.5227],[-87.2297,21.5226],[-87.2296,21.5227],[-87.2295,21.5227],[-87.2289,21.5227],[-87.2288,21.5226],[-87.2288,21.5226],[-87.2286,21.5227],[-87.2284,21.5227],[-87.2282,21.5228],[-87.2282,21.5229],[-87.2286,21.5231],[-87.2289,21.523],[-87.2291,21.5229],[-87.2293,21.5229],[-87.2296,21.5228],[-87.2297,21.5228],[-87.2297,21.5228],[-87.23,21.5229],[-87.2303,21.5231],[-87.2308,21.523],[-87.2308,21.523],[-87.2309,21.5229],[-87.2309,21.5229],[-87.2311,21.5228],[-87.2312,21.5228],[-87.2313,21.5228],[-87.2314,21.5228],[-87.2317,21.5229],[-87.2322,21.5231],[-87.2327,21.5234],[-87.2329,21.5236],[-87.233,21.5236],[-87.233,21.5237],[-87.233,21.5238],[-87.2329,21.5239],[-87.2329,21.524],[-87.2328,21.5242],[-87.2327,21.5243],[-87.2325,21.5245],[-87.2325,21.5245],[-87.2324,21.5245],[-87.2323,21.5245],[-87.2323,21.5244],[-87.2317,21.5244],[-87.231,21.525],[-87.2305,21.5253],[-87.2303,21.5254],[-87.2299,21.5255],[-87.2298,21.5256],[-87.2296,21.5257],[-87.2294,21.5259],[-87.229,21.5262],[-87.2289,21.5264],[-87.2285,21.5261],[-87.2284,21.526],[-87.2284,21.526],[-87.2284,21.5259],[-87.2284,21.5258],[-87.2284,21.5257],[-87.2285,21.5255],[-87.2288,21.5251],[-87.2289,21.5251],[-87.2289,21.5251],[-87.229,21.525],[-87.2296,21.5247],[-87.2297,21.5246],[-87.2299,21.5245],[-87.2303,21.5244],[-87.2306,21.5242],[-87.2307,21.5241],[-87.2308,21.5239],[-87.2309,21.5237],[-87.231,21.5236],[-87.231,21.5235],[-87.231,21.5235],[-87.2309,21.5235],[-87.2308,21.5236],[-87.2302,21.5241],[-87.2302,21.5241],[-87.2301,21.5241],[-87.2297,21.5242],[-87.2293,21.5244],[-87.2292,21.5245],[-87.2291,21.5247],[-87.229,21.5248],[-87.2289,21.5248],[-87.2285,21.5248],[-87.2284,21.5248],[-87.2283,21.5248],[-87.228,21.5249],[-87.2276,21.5251],[-87.2272,21.5254],[-87.2265,21.5259],[-87.226,21.5262],[-87.2258,21.5263],[-87.2257,21.5263],[-87.2256,21.5262],[-87.2256,21.5262],[-87.2257,21.5261],[-87.2257,21.5261],[-87.2257,21.526],[-87.2256,21.526],[-87.2256,21.5259],[-87.2254,21.526],[-87.2249,21.5262],[-87.2248,21.5263],[-87.2247,21.5264],[-87.2244,21.5266],[-87.2242,21.5267],[-87.2242,21.5268],[-87.2242,21.5268],[-87.2242,21.5268],[-87.2243,21.5268],[-87.2245,21.5268],[-87.2248,21.5267],[-87.2249,21.5267],[-87.2249,21.5266],[-87.2249,21.5266],[-87.225,21.5266],[-87.225,21.5265],[-87.225,21.5264],[-87.2253,21.5264],[-87.2253,21.5266],[-87.2253,21.5266],[-87.2253,21.5267],[-87.2255,21.5268],[-87.2257,21.5267],[-87.2259,21.5267],[-87.2259,21.5266],[-87.2268,21.5263],[-87.2269,21.5263],[-87.227,21.5262],[-87.227,21.5262],[-87.2277,21.5261],[-87.2278,21.5261],[-87.2279,21.5261],[-87.228,21.5261],[-87.228,21.5261],[-87.228,21.5262],[-87.228,21.5263],[-87.2279,21.5264],[-87.2276,21.5265],[-87.2272,21.5267],[-87.2268,21.5269],[-87.2267,21.5269],[-87.2267,21.5269],[-87.2265,21.5271],[-87.2264,21.5271],[-87.2264,21.5271],[-87.2264,21.5273],[-87.2267,21.5277],[-87.2268,21.5277],[-87.2268,21.5277],[-87.2269,21.5277],[-87.227,21.5277],[-87.227,21.5277],[-87.227,21.5276],[-87.227,21.5275],[-87.227,21.5275],[-87.2272,21.5273],[-87.2275,21.5272],[-87.2276,21.5272],[-87.2277,21.5272],[-87.2277,21.5273],[-87.2279,21.5272],[-87.228,21.5271],[-87.2282,21.5268],[-87.2282,21.5268],[-87.2283,21.5268],[-87.2283,21.5268],[-87.2284,21.5268],[-87.2284,21.5268],[-87.2285,21.5269],[-87.2286,21.527],[-87.2286,21.527],[-87.2287,21.5272],[-87.2289,21.5273],[-87.229,21.5274],[-87.229,21.5274],[-87.2291,21.5274],[-87.2292,21.5273],[-87.2293,21.5273],[-87.2301,21.527],[-87.2306,21.5269],[-87.2309,21.5268],[-87.231,21.5268],[-87.231,21.5268],[-87.2311,21.5267],[-87.2312,21.5266],[-87.2312,21.5266],[-87.2312,21.5266],[-87.2313,21.5264],[-87.2314,21.5262],[-87.2314,21.5262],[-87.2318,21.5258],[-87.2319,21.5257],[-87.2321,21.5254],[-87.2323,21.525],[-87.2328,21.5248],[-87.2328,21.5248],[-87.233,21.5247],[-87.233,21.5247],[-87.2331,21.5247],[-87.2332,21.5249],[-87.2332,21.5249],[-87.2332,21.525],[-87.2332,21.525],[-87.2332,21.5251],[-87.2333,21.5253],[-87.2335,21.5253],[-87.2338,21.5253],[-87.2339,21.5253],[-87.2339,21.5253],[-87.2345,21.525],[-87.2348,21.5249],[-87.2354,21.5247],[-87.2357,21.5246],[-87.2359,21.5245],[-87.2366,21.5241],[-87.2372,21.5237],[-87.2384,21.5229],[-87.2385,21.5228],[-87.2388,21.5228],[-87.2388,21.5228],[-87.2389,21.5228],[-87.239,21.5228],[-87.2391,21.5228],[-87.2391,21.5229],[-87.2391,21.523],[-87.2392,21.5234],[-87.2392,21.5235],[-87.2392,21.5235],[-87.2392,21.5236],[-87.2391,21.5236],[-87.2391,21.5236],[-87.239,21.5236],[-87.239,21.5236],[-87.2387,21.5237],[-87.2383,21.5238],[-87.2381,21.5239],[-87.2381,21.5239],[-87.2378,21.5241],[-87.2377,21.5242],[-87.2373,21.5244],[-87.2373,21.5245],[-87.2371,21.5247],[-87.237,21.5248],[-87.2369,21.5248],[-87.2368,21.5249],[-87.2368,21.525],[-87.2367,21.5251],[-87.2363,21.5253],[-87.2359,21.5254],[-87.2358,21.5255],[-87.2355,21.5256],[-87.2351,21.5259],[-87.2349,21.5259],[-87.2349,21.5259],[-87.2349,21.526],[-87.2349,21.5261],[-87.235,21.5264],[-87.2351,21.5264],[-87.2352,21.5264],[-87.2353,21.5264],[-87.2355,21.5263],[-87.2363,21.5262],[-87.2367,21.526],[-87.2371,21.5259],[-87.2374,21.526],[-87.2375,21.5261],[-87.2378,21.5261],[-87.2378,21.5261],[-87.2381,21.526],[-87.2387,21.5259],[-87.2393,21.5255],[-87.2394,21.5254],[-87.2397,21.5253],[-87.2399,21.5252],[-87.24,21.5252],[-87.2403,21.5251],[-87.2403,21.5251],[-87.2404,21.5251],[-87.2405,21.5251],[-87.2405,21.5252],[-87.2405,21.5253],[-87.2404,21.5253],[-87.2401,21.5252],[-87.2398,21.5253],[-87.2398,21.5254],[-87.2399,21.5257],[-87.24,21.5257],[-87.2402,21.5258],[-87.2404,21.5258],[-87.2408,21.5256],[-87.2412,21.5255],[-87.2415,21.5255],[-87.2417,21.5255],[-87.2418,21.5255],[-87.2419,21.5254],[-87.2427,21.5251],[-87.2428,21.525],[-87.2429,21.525],[-87.2429,21.5249],[-87.2431,21.5249],[-87.2432,21.5249],[-87.2432,21.525],[-87.2433,21.5251],[-87.2433,21.5251],[-87.2433,21.5252],[-87.2433,21.5253],[-87.2435,21.5253],[-87.2436,21.5252],[-87.2438,21.5252],[-87.2442,21.525],[-87.2448,21.5249],[-87.245,21.5248],[-87.2453,21.5248],[-87.2455,21.5248],[-87.2456,21.5248],[-87.2457,21.5248],[-87.2459,21.5247],[-87.246,21.5247],[-87.2462,21.5246],[-87.2463,21.5244],[-87.2467,21.5241],[-87.2468,21.524],[-87.247,21.5238],[-87.247,21.5237],[-87.2471,21.5236],[-87.2471,21.5235],[-87.2473,21.5233],[-87.2474,21.5232],[-87.2475,21.5232],[-87.2476,21.5231],[-87.2476,21.5231],[-87.2478,21.5231],[-87.2478,21.5232],[-87.248,21.5232],[-87.2481,21.5233],[-87.2482,21.5233],[-87.2483,21.5234],[-87.2483,21.5234],[-87.2483,21.5238],[-87.2483,21.5239],[-87.2482,21.5239],[-87.2481,21.5239],[-87.248,21.5239],[-87.2478,21.524],[-87.2478,21.5241],[-87.248,21.5242],[-87.2483,21.5244],[-87.2484,21.5245],[-87.2488,21.5245],[-87.2498,21.5244],[-87.2502,21.5244],[-87.2508,21.5242],[-87.2511,21.524],[-87.2515,21.524],[-87.2517,21.5242],[-87.2518,21.5242],[-87.2524,21.5243],[-87.2531,21.5242],[-87.2537,21.5241],[-87.2545,21.5239],[-87.2546,21.5239],[-87.2549,21.5238],[-87.2551,21.5238],[-87.2552,21.5237],[-87.2554,21.5237],[-87.2555,21.5238],[-87.2557,21.524],[-87.2561,21.5241],[-87.2565,21.524],[-87.2575,21.5239],[-87.2578,21.5238],[-87.258,21.5237],[-87.2581,21.5237],[-87.2585,21.5235],[-87.2587,21.5234],[-87.2588,21.5233],[-87.2591,21.5233],[-87.2591,21.5233],[-87.2592,21.5234],[-87.2592,21.5236],[-87.2592,21.5237],[-87.2593,21.5237],[-87.2596,21.5237],[-87.26,21.5237],[-87.2602,21.5236],[-87.2603,21.5236],[-87.2605,21.5235],[-87.2607,21.5236],[-87.2609,21.5237],[-87.2612,21.5241],[-87.2618,21.5243],[-87.2631,21.5246],[-87.2631,21.5246],[-87.2627,21.5247],[-87.2626,21.5251],[-87.2625,21.5251],[-87.2626,21.5252],[-87.2626,21.5252],[-87.2627,21.5252],[-87.263,21.5251],[-87.2632,21.525],[-87.2632,21.5249],[-87.2632,21.5248],[-87.2633,21.5248],[-87.2634,21.5249],[-87.2636,21.525],[-87.2637,21.525],[-87.2638,21.5252],[-87.2639,21.5253],[-87.2637,21.5258],[-87.2628,21.5273],[-87.2624,21.5278],[-87.2621,21.5283],[-87.2621,21.5284],[-87.2621,21.5285],[-87.262,21.5287],[-87.2618,21.529],[-87.2618,21.529],[-87.2617,21.5291],[-87.2617,21.5291],[-87.2614,21.5294],[-87.2613,21.5296],[-87.2614,21.5297],[-87.2616,21.5298],[-87.2621,21.5297],[-87.2626,21.5292],[-87.2627,21.5292],[-87.2627,21.5291],[-87.2629,21.5288],[-87.263,21.5285],[-87.2631,21.5282],[-87.2632,21.5281],[-87.2641,21.5274],[-87.2644,21.5269],[-87.2651,21.5257],[-87.2651,21.5255],[-87.2654,21.5254],[-87.266,21.5252],[-87.266,21.5251],[-87.2662,21.525],[-87.2663,21.525],[-87.2665,21.525],[-87.2667,21.525],[-87.267,21.525],[-87.2671,21.525],[-87.2672,21.5251],[-87.2672,21.5252],[-87.2672,21.5253],[-87.2672,21.5253],[-87.2673,21.5254],[-87.2673,21.5255],[-87.2674,21.5255],[-87.2675,21.5255],[-87.2675,21.5255],[-87.2676,21.5255],[-87.2677,21.5255],[-87.268,21.5254],[-87.2687,21.5253],[-87.2692,21.5254],[-87.2696,21.5258],[-87.2699,21.5263],[-87.2699,21.5264],[-87.2699,21.5264],[-87.27,21.5265],[-87.27,21.5265],[-87.2701,21.5266],[-87.2702,21.5266],[-87.2707,21.5264],[-87.2707,21.5263],[-87.2708,21.5263],[-87.2709,21.5262],[-87.2711,21.5261],[-87.2712,21.526],[-87.2712,21.5259],[-87.2712,21.5259],[-87.2713,21.5258],[-87.2714,21.5257],[-87.2715,21.5256],[-87.2717,21.5253],[-87.2718,21.5253],[-87.2719,21.5252],[-87.272,21.5252],[-87.2727,21.5248],[-87.2729,21.5255],[-87.2728,21.5257],[-87.2727,21.5258],[-87.2728,21.5259],[-87.2729,21.526],[-87.2731,21.5259],[-87.2734,21.5257],[-87.2734,21.5256],[-87.2734,21.5256],[-87.2733,21.5254],[-87.2741,21.5247],[-87.2743,21.5246],[-87.2744,21.5245],[-87.2744,21.5244],[-87.2747,21.5241],[-87.2753,21.5237],[-87.2754,21.5236],[-87.2755,21.5236],[-87.2756,21.5235],[-87.2758,21.5235],[-87.2758,21.5235],[-87.2758,21.5235],[-87.2761,21.5236],[-87.2763,21.5234],[-87.2768,21.5226],[-87.2765,21.5219],[-87.2766,21.5218],[-87.2766,21.5218],[-87.2766,21.5217],[-87.2767,21.5216],[-87.2769,21.5216],[-87.277,21.5215],[-87.2776,21.5211],[-87.2778,21.5209],[-87.2781,21.5207],[-87.2782,21.5207],[-87.2783,21.5206],[-87.279,21.5194],[-87.2801,21.5173],[-87.2802,21.5171],[-87.2803,21.517],[-87.2804,21.5168],[-87.2804,21.5167],[-87.2805,21.5166],[-87.2806,21.5164],[-87.2809,21.516],[-87.281,21.516],[-87.2814,21.5158],[-87.2821,21.5151],[-87.2832,21.5143],[-87.2834,21.5141],[-87.2841,21.5136],[-87.285,21.5131],[-87.2852,21.513],[-87.2853,21.5129],[-87.2853,21.5128],[-87.2854,21.5128],[-87.2855,21.5127],[-87.2856,21.5127],[-87.2862,21.5126],[-87.2862,21.5126],[-87.2865,21.5124],[-87.2898,21.5111],[-87.2899,21.5114],[-87.29,21.5115],[-87.2908,21.5139],[-87.2906,21.514],[-87.29,21.5144],[-87.29,21.5145],[-87.2899,21.5145],[-87.2894,21.5151],[-87.2897,21.5154],[-87.2898,21.5156],[-87.2898,21.5158],[-87.2897,21.5161],[-87.2898,21.5165],[-87.2901,21.5165],[-87.2904,21.5164],[-87.2911,21.5163],[-87.2911,21.5163],[-87.2911,21.5163],[-87.2921,21.5168],[-87.2921,21.5168],[-87.2921,21.5169],[-87.2922,21.517],[-87.2922,21.5176],[-87.2923,21.518],[-87.2923,21.5182],[-87.291,21.5189],[-87.2895,21.52],[-87.2894,21.5201],[-87.2893,21.5203],[-87.2893,21.5204],[-87.2893,21.5205],[-87.2888,21.521],[-87.2884,21.5213],[-87.2882,21.5215],[-87.2876,21.5221],[-87.2875,21.5221],[-87.2872,21.5224],[-87.2872,21.5225],[-87.2874,21.5224],[-87.2877,21.5223],[-87.2878,21.5223],[-87.2879,21.5222],[-87.288,21.5222],[-87.288,21.5221],[-87.2886,21.5217],[-87.2891,21.5213],[-87.2891,21.5213],[-87.2898,21.5209],[-87.2902,21.5208],[-87.2903,21.5207],[-87.2902,21.5206],[-87.2902,21.5206],[-87.2902,21.5205],[-87.2901,21.5204],[-87.2901,21.5203],[-87.2902,21.5203],[-87.2903,21.5202],[-87.2907,21.52],[-87.2916,21.5194],[-87.2919,21.5192],[-87.2921,21.5193],[-87.2926,21.5196],[-87.2929,21.5198],[-87.2932,21.5197],[-87.2934,21.5196],[-87.2936,21.5194],[-87.2939,21.5193],[-87.2946,21.5189],[-87.2954,21.5186],[-87.2954,21.5186],[-87.2955,21.5186],[-87.2955,21.5187],[-87.2955,21.5188],[-87.2955,21.5188],[-87.2957,21.519],[-87.2962,21.5191],[-87.2968,21.5193],[-87.2971,21.5195],[-87.2966,21.5201],[-87.2959,21.5211],[-87.2954,21.5215],[-87.2957,21.5214],[-87.2957,21.5215],[-87.2958,21.5215],[-87.2958,21.5216],[-87.2957,21.5224],[-87.2956,21.5225],[-87.2956,21.5225],[-87.2956,21.5226],[-87.2955,21.5225],[-87.2954,21.5224],[-87.295,21.5225],[-87.2949,21.5227],[-87.2948,21.5227],[-87.2948,21.5227],[-87.2943,21.5226],[-87.2941,21.5226],[-87.294,21.5226],[-87.2935,21.5229],[-87.2933,21.5231],[-87.2933,21.523],[-87.2934,21.523],[-87.2935,21.523],[-87.2935,21.5231],[-87.2935,21.5231],[-87.2935,21.5231],[-87.2935,21.5232],[-87.2934,21.5232],[-87.2931,21.5233],[-87.293,21.5233],[-87.2929,21.5233],[-87.2928,21.5233],[-87.2927,21.5232],[-87.2927,21.5231],[-87.2926,21.5231],[-87.2925,21.5231],[-87.2923,21.5231],[-87.2922,21.5231],[-87.2921,21.5231],[-87.292,21.5232],[-87.2918,21.5233],[-87.2915,21.5235],[-87.291,21.5233],[-87.2908,21.5236],[-87.2908,21.5236],[-87.2908,21.5237],[-87.2908,21.5238],[-87.2909,21.5238],[-87.2913,21.5238],[-87.2914,21.5238],[-87.2917,21.5237],[-87.2917,21.5237],[-87.2922,21.5237],[-87.2927,21.5235],[-87.2932,21.5234],[-87.2938,21.5232],[-87.2941,21.5231],[-87.2951,21.5229],[-87.2952,21.5229],[-87.2953,21.5229],[-87.2955,21.5229],[-87.2957,21.5228],[-87.2958,21.5228],[-87.2958,21.5227],[-87.2958,21.5226],[-87.2959,21.5224],[-87.2959,21.522],[-87.2961,21.5217],[-87.2964,21.5214],[-87.2966,21.5213],[-87.2969,21.5214],[-87.2971,21.5215],[-87.2971,21.5215],[-87.2971,21.5216],[-87.2972,21.5217],[-87.2971,21.5218],[-87.297,21.522],[-87.2974,21.5223],[-87.2974,21.5224],[-87.2974,21.5224],[-87.2974,21.5225],[-87.2971,21.5229],[-87.2966,21.5235],[-87.2962,21.5236],[-87.2956,21.5239],[-87.295,21.5242],[-87.2948,21.5242],[-87.2947,21.5242],[-87.2945,21.5242],[-87.2943,21.5242],[-87.2939,21.5243],[-87.2937,21.5244],[-87.2936,21.5245],[-87.2935,21.5245],[-87.2936,21.5246],[-87.2937,21.5247],[-87.2938,21.5247],[-87.2941,21.5245],[-87.2943,21.5245],[-87.2945,21.5246],[-87.2947,21.5247],[-87.295,21.5247],[-87.2952,21.5247],[-87.2955,21.5246],[-87.2958,21.5247],[-87.2959,21.5248],[-87.2963,21.5249],[-87.2969,21.5248],[-87.2972,21.5248],[-87.2972,21.5248],[-87.2973,21.5247],[-87.2978,21.5245],[-87.2979,21.5245],[-87.2981,21.5244],[-87.2984,21.5243],[-87.2991,21.524],[-87.2997,21.5239],[-87.2999,21.5238],[-87.3,21.5238],[-87.3,21.5239],[-87.2998,21.5242],[-87.2996,21.5243],[-87.2995,21.5244],[-87.2991,21.5246],[-87.299,21.5246],[-87.299,21.5247],[-87.2989,21.5249],[-87.299,21.5249],[-87.2993,21.5248],[-87.2998,21.5249],[-87.3,21.525],[-87.3004,21.525],[-87.301,21.525],[-87.302,21.525],[-87.3023,21.5251],[-87.3022,21.5251],[-87.3021,21.5252],[-87.3021,21.5252],[-87.3022,21.5253],[-87.3024,21.5255],[-87.3024,21.5256],[-87.3025,21.5256],[-87.3027,21.5257],[-87.3028,21.5261],[-87.3035,21.5262],[-87.3038,21.5263],[-87.3037,21.5263],[-87.3036,21.5264],[-87.3036,21.5265],[-87.3035,21.5268],[-87.3035,21.5269],[-87.3035,21.5269],[-87.3035,21.527],[-87.3036,21.5272],[-87.3036,21.5273],[-87.3037,21.5273],[-87.3038,21.5274],[-87.3039,21.5274],[-87.3042,21.5274],[-87.3043,21.5274],[-87.305,21.5275],[-87.3052,21.5276],[-87.3059,21.5278],[-87.306,21.5279],[-87.3061,21.528],[-87.3061,21.528],[-87.3061,21.528],[-87.3061,21.5281],[-87.3059,21.5281],[-87.3058,21.5281],[-87.3058,21.5281],[-87.3057,21.5281],[-87.3055,21.5281],[-87.3053,21.528],[-87.3047,21.5278],[-87.304,21.5278],[-87.3034,21.5278],[-87.3028,21.5278],[-87.3022,21.5279],[-87.302,21.528],[-87.3012,21.528],[-87.3009,21.5278],[-87.3009,21.5277],[-87.3008,21.5276],[-87.3007,21.5276],[-87.3006,21.5276],[-87.3004,21.5275],[-87.3004,21.5275],[-87.2998,21.5276],[-87.2996,21.5277],[-87.2997,21.528],[-87.2998,21.528],[-87.2998,21.528],[-87.2999,21.528],[-87.3004,21.528],[-87.3006,21.528],[-87.3006,21.528],[-87.3006,21.528],[-87.3006,21.528],[-87.3005,21.5281],[-87.3004,21.5281],[-87.3003,21.5282],[-87.2999,21.5282],[-87.2999,21.5282],[-87.2997,21.5283],[-87.2993,21.5283],[-87.2991,21.5283],[-87.2991,21.5283],[-87.2988,21.5284],[-87.2988,21.5285],[-87.2989,21.5285],[-87.2989,21.5285],[-87.299,21.5284],[-87.2991,21.5284],[-87.2991,21.5284],[-87.2991,21.5284],[-87.2993,21.5285],[-87.2993,21.5285],[-87.2992,21.5286],[-87.2991,21.5288],[-87.299,21.529],[-87.2991,21.529],[-87.2996,21.529],[-87.2998,21.529],[-87.3,21.5291],[-87.3001,21.5291],[-87.3001,21.5293],[-87.3001,21.5293],[-87.3004,21.5293],[-87.3011,21.5293],[-87.3014,21.5293],[-87.3022,21.5293],[-87.3026,21.5291],[-87.3031,21.5289],[-87.3036,21.5288],[-87.3043,21.5288],[-87.305,21.5288],[-87.306,21.5287],[-87.3065,21.5287],[-87.3069,21.529],[-87.307,21.5292],[-87.3076,21.5281],[-87.308,21.5278],[-87.3084,21.5275],[-87.3086,21.5275],[-87.309,21.5275],[-87.3092,21.5276],[-87.3092,21.5273],[-87.3092,21.5263],[-87.31,21.5263],[-87.3105,21.5265],[-87.3117,21.5265],[-87.3129,21.5259],[-87.3159,21.5258],[-87.3169,21.5267],[-87.3176,21.5277],[-87.3178,21.5295],[-87.3172,21.5306],[-87.3169,21.531],[-87.3168,21.5311],[-87.3165,21.5314],[-87.3167,21.5318],[-87.3168,21.532],[-87.3169,21.5323],[-87.3169,21.5324],[-87.3168,21.5325],[-87.3167,21.5327],[-87.3164,21.533],[-87.3161,21.5333],[-87.3155,21.5334],[-87.3154,21.5337],[-87.3153,21.534],[-87.3152,21.534],[-87.3152,21.534],[-87.3157,21.5343],[-87.3157,21.5343],[-87.3158,21.5344],[-87.3168,21.5348],[-87.3169,21.5349],[-87.3169,21.5349],[-87.3171,21.535],[-87.3172,21.535],[-87.3173,21.535],[-87.3176,21.5351],[-87.318,21.535],[-87.318,21.5349],[-87.3179,21.5348],[-87.3178,21.5347],[-87.3177,21.5347],[-87.3177,21.5347],[-87.3177,21.5347],[-87.3169,21.5344],[-87.3168,21.5343],[-87.3168,21.5343],[-87.3173,21.5343],[-87.3173,21.5343],[-87.3174,21.5343],[-87.3174,21.5344],[-87.3175,21.5345],[-87.3177,21.5345],[-87.318,21.5343],[-87.318,21.5343],[-87.318,21.5343],[-87.318,21.5342],[-87.318,21.5341],[-87.318,21.534],[-87.3182,21.5336],[-87.3186,21.5333],[-87.3187,21.5332],[-87.3187,21.5332],[-87.3188,21.5332],[-87.3188,21.5332],[-87.3189,21.5333],[-87.3189,21.5333],[-87.319,21.5334],[-87.319,21.5335],[-87.3189,21.5335],[-87.3189,21.5336],[-87.319,21.5336],[-87.319,21.5337],[-87.319,21.5337],[-87.3191,21.5338],[-87.3192,21.5338],[-87.3192,21.5338],[-87.3193,21.5338],[-87.3194,21.5338],[-87.3195,21.5338],[-87.3195,21.5339],[-87.3195,21.5339],[-87.3195,21.534],[-87.3194,21.5342],[-87.3193,21.5343],[-87.3191,21.5346],[-87.3188,21.535],[-87.3188,21.5356],[-87.3193,21.5359],[-87.3196,21.536],[-87.3198,21.536],[-87.32,21.5362],[-87.3201,21.5363],[-87.3202,21.5363],[-87.3202,21.5364],[-87.3203,21.5365],[-87.3204,21.5365],[-87.3205,21.5365],[-87.3206,21.5364],[-87.3207,21.5364],[-87.3209,21.5363],[-87.3211,21.5362],[-87.3211,21.5361],[-87.3212,21.5361],[-87.3213,21.5361],[-87.3217,21.5361],[-87.3217,21.5362],[-87.3217,21.5362],[-87.3218,21.5362],[-87.3218,21.5362],[-87.3218,21.5363],[-87.3218,21.5363],[-87.3218,21.5363],[-87.3217,21.5363],[-87.3217,21.5363],[-87.3213,21.5365],[-87.3214,21.537],[-87.3214,21.5371],[-87.3214,21.5372],[-87.3215,21.5372],[-87.3215,21.5372],[-87.3216,21.5372],[-87.3216,21.5372],[-87.3216,21.5372],[-87.3217,21.5371],[-87.3219,21.5371],[-87.3222,21.5373],[-87.3222,21.5373],[-87.3223,21.5373],[-87.3224,21.5372],[-87.3224,21.5372],[-87.3225,21.5371],[-87.3225,21.537],[-87.3225,21.5369],[-87.3224,21.5369],[-87.3223,21.5367],[-87.3222,21.5367],[-87.3224,21.5365],[-87.3229,21.5364],[-87.3232,21.5367],[-87.3233,21.5374],[-87.3233,21.5376],[-87.3234,21.5381],[-87.3233,21.5384],[-87.3233,21.5384],[-87.3232,21.5385],[-87.3232,21.5385],[-87.3231,21.5385],[-87.3231,21.5384],[-87.323,21.5382],[-87.323,21.5381],[-87.3229,21.5379],[-87.3227,21.5381],[-87.3227,21.5381],[-87.3226,21.5383],[-87.3225,21.5385],[-87.3229,21.5386],[-87.3233,21.5388],[-87.3235,21.5388],[-87.3239,21.539],[-87.324,21.539],[-87.3241,21.539],[-87.3243,21.539],[-87.3244,21.5389],[-87.3244,21.5389],[-87.3245,21.5389],[-87.3245,21.5389],[-87.3246,21.5389],[-87.3247,21.5391],[-87.3247,21.5391],[-87.3247,21.5391],[-87.3246,21.5392],[-87.3245,21.5393],[-87.3241,21.5394],[-87.324,21.5395],[-87.3232,21.5396],[-87.3231,21.5396],[-87.323,21.5396],[-87.3229,21.5396],[-87.3224,21.5395],[-87.3221,21.5394],[-87.322,21.5393],[-87.3216,21.539],[-87.3215,21.5389],[-87.3213,21.5388],[-87.3212,21.5387],[-87.3208,21.5385],[-87.3207,21.5385],[-87.3205,21.5384],[-87.3204,21.5384],[-87.3203,21.5384],[-87.3196,21.5383],[-87.3193,21.5384],[-87.3192,21.5385],[-87.3191,21.5385],[-87.3191,21.5385],[-87.3189,21.5385],[-87.3186,21.5384],[-87.3185,21.5386],[-87.3186,21.539],[-87.3188,21.5393],[-87.3188,21.5396],[-87.3192,21.5397],[-87.3194,21.5399],[-87.3197,21.5402],[-87.3197,21.5402],[-87.3199,21.5403],[-87.32,21.5403],[-87.3204,21.5404],[-87.3205,21.5404],[-87.3207,21.5403],[-87.3209,21.5403],[-87.3211,21.5403],[-87.3212,21.5403],[-87.3214,21.5403],[-87.3214,21.5403],[-87.3221,21.5403],[-87.3223,21.5403],[-87.3224,21.5403],[-87.3224,21.5403],[-87.3227,21.5404],[-87.3228,21.5404],[-87.3228,21.5406],[-87.3228,21.5406],[-87.3227,21.5407],[-87.3228,21.5408],[-87.3228,21.5409],[-87.323,21.5411],[-87.3231,21.5411],[-87.3233,21.5412],[-87.3234,21.5412],[-87.3235,21.5412],[-87.3239,21.5413],[-87.3242,21.5414],[-87.3243,21.5414],[-87.3245,21.5415],[-87.3245,21.5415],[-87.3245,21.5415],[-87.3246,21.5417],[-87.3246,21.5417],[-87.3248,21.5416],[-87.3249,21.5416],[-87.325,21.5415],[-87.3252,21.5413],[-87.3255,21.541],[-87.3257,21.541],[-87.3259,21.5411],[-87.3264,21.5409],[-87.3265,21.541],[-87.3266,21.541],[-87.3269,21.5411],[-87.3269,21.542],[-87.3269,21.5421],[-87.3269,21.5427],[-87.3269,21.5427],[-87.3269,21.5427],[-87.3267,21.5432],[-87.3267,21.5435],[-87.3266,21.5442],[-87.3264,21.5446],[-87.3262,21.545],[-87.3262,21.5451],[-87.3253,21.5452],[-87.3252,21.5454],[-87.3252,21.5455],[-87.3254,21.5455],[-87.3257,21.5456],[-87.3261,21.5457],[-87.3262,21.5457],[-87.3265,21.5458],[-87.3266,21.5459],[-87.3266,21.546],[-87.3265,21.5461],[-87.3264,21.5462],[-87.3261,21.5463],[-87.326,21.5467],[-87.3259,21.547],[-87.3259,21.547],[-87.3259,21.5473],[-87.3259,21.5474],[-87.3259,21.5474],[-87.3261,21.5473],[-87.3261,21.5472],[-87.3262,21.5472],[-87.3262,21.5471],[-87.3263,21.547],[-87.3268,21.5468],[-87.3271,21.5468],[-87.328,21.5466],[-87.3282,21.5465],[-87.3282,21.5465],[-87.3282,21.5464],[-87.3281,21.5464],[-87.3279,21.5463],[-87.3279,21.5463],[-87.3277,21.5462],[-87.3277,21.5462],[-87.3277,21.5463],[-87.3276,21.5463],[-87.3276,21.5463],[-87.3275,21.5464],[-87.3274,21.5465],[-87.3272,21.5465],[-87.3271,21.5465],[-87.327,21.5464],[-87.327,21.5463],[-87.327,21.5462],[-87.3271,21.5462],[-87.3272,21.5461],[-87.3273,21.5459],[-87.3276,21.5457],[-87.3277,21.5456],[-87.3278,21.5455],[-87.3282,21.5453],[-87.3284,21.5452],[-87.3285,21.5451],[-87.3286,21.5451],[-87.3287,21.545],[-87.3289,21.5449],[-87.3291,21.5448],[-87.3292,21.5447],[-87.3294,21.5445],[-87.3295,21.5444],[-87.3296,21.5443],[-87.3297,21.5441],[-87.3297,21.5439],[-87.3298,21.5438],[-87.3298,21.5437],[-87.3297,21.5433],[-87.3296,21.5431],[-87.3296,21.5429],[-87.3296,21.5428],[-87.3296,21.5427],[-87.3297,21.5425],[-87.3298,21.5423],[-87.3302,21.5423],[-87.3303,21.5422],[-87.3304,21.5422],[-87.3305,21.5423],[-87.3306,21.5423],[-87.3306,21.5424],[-87.3309,21.5428],[-87.3309,21.5429],[-87.3309,21.5429],[-87.3309,21.543],[-87.3309,21.5431],[-87.3309,21.5432],[-87.3309,21.5433],[-87.3307,21.5445],[-87.3307,21.5445],[-87.3306,21.5447],[-87.3305,21.5447],[-87.3305,21.5447],[-87.3305,21.5446],[-87.3303,21.5444],[-87.3299,21.5447],[-87.3295,21.5447],[-87.3294,21.5452],[-87.3294,21.5452],[-87.3295,21.5454],[-87.3296,21.5455],[-87.3297,21.5456],[-87.3298,21.5457],[-87.3298,21.5457],[-87.3299,21.5459],[-87.3299,21.546],[-87.3299,21.5462],[-87.3299,21.5462],[-87.3298,21.5463],[-87.3298,21.5463],[-87.3299,21.5464],[-87.3299,21.5465],[-87.3302,21.5467],[-87.3303,21.5468],[-87.3304,21.5468],[-87.3304,21.5468],[-87.3304,21.5467],[-87.3305,21.5466],[-87.3307,21.5466],[-87.3305,21.5471],[-87.3302,21.5473],[-87.3301,21.5473],[-87.3297,21.5477],[-87.3293,21.5481],[-87.3291,21.5484],[-87.3289,21.5487],[-87.3285,21.5489],[-87.3284,21.5491],[-87.3285,21.5492],[-87.3289,21.549],[-87.3289,21.549],[-87.3293,21.5488],[-87.3294,21.5488],[-87.3294,21.5488],[-87.3295,21.5489],[-87.3295,21.5489],[-87.3296,21.549],[-87.3297,21.549],[-87.3297,21.549],[-87.3299,21.5489],[-87.33,21.5488],[-87.3301,21.5487],[-87.3304,21.5487],[-87.3304,21.5487],[-87.3305,21.5483],[-87.3306,21.5482],[-87.3311,21.547],[-87.3312,21.5469],[-87.3312,21.5471],[-87.3312,21.5471],[-87.3314,21.5473],[-87.3315,21.548],[-87.3316,21.5483],[-87.3318,21.5488],[-87.332,21.5488],[-87.3322,21.5484],[-87.3321,21.5483],[-87.332,21.5483],[-87.332,21.5482],[-87.3321,21.5482],[-87.3321,21.5481],[-87.3323,21.5482],[-87.3324,21.5482],[-87.3327,21.5479],[-87.3328,21.5478],[-87.3329,21.5476],[-87.333,21.5474],[-87.3333,21.5471],[-87.3337,21.5468],[-87.3344,21.5465],[-87.3345,21.5465],[-87.3347,21.5465],[-87.3348,21.5465],[-87.3349,21.5465],[-87.3353,21.5465],[-87.3354,21.5465],[-87.3355,21.5461],[-87.3356,21.5454],[-87.3358,21.5442],[-87.3359,21.544],[-87.336,21.5438],[-87.3362,21.5437],[-87.3365,21.5432],[-87.3365,21.5432],[-87.3367,21.543],[-87.3368,21.5429],[-87.3367,21.5428],[-87.3366,21.5424],[-87.3365,21.542],[-87.3366,21.5416],[-87.3366,21.5414],[-87.3367,21.5412],[-87.3368,21.5411],[-87.3372,21.5408],[-87.3377,21.5405],[-87.338,21.5405],[-87.3381,21.5404],[-87.3383,21.5403],[-87.3383,21.5403],[-87.3385,21.5403],[-87.3389,21.5403],[-87.339,21.5403],[-87.339,21.5403],[-87.339,21.5404],[-87.339,21.5404],[-87.339,21.5404],[-87.3391,21.5405],[-87.3392,21.5404],[-87.3395,21.5404],[-87.3398,21.5404],[-87.3398,21.5404],[-87.3404,21.5405],[-87.341,21.5406],[-87.3411,21.5406],[-87.3413,21.5406],[-87.3417,21.5404],[-87.3419,21.5404],[-87.3421,21.5405],[-87.3423,21.5406],[-87.3424,21.5406],[-87.3425,21.5407],[-87.3427,21.5407],[-87.3427,21.5407],[-87.3427,21.5407],[-87.3429,21.5406],[-87.3431,21.5406],[-87.3432,21.5405],[-87.3434,21.5405],[-87.3434,21.5405],[-87.3436,21.5405],[-87.3436,21.5405],[-87.3437,21.5405],[-87.3438,21.5405],[-87.3439,21.5406],[-87.344,21.5407],[-87.3448,21.541],[-87.3448,21.541],[-87.3449,21.5401],[-87.3453,21.5398],[-87.3453,21.5398],[-87.3454,21.5398],[-87.3457,21.5397],[-87.3458,21.5397],[-87.3463,21.5394],[-87.3462,21.5392],[-87.3459,21.539],[-87.3458,21.5388],[-87.3459,21.5387],[-87.346,21.5386],[-87.346,21.5386],[-87.3461,21.5386],[-87.3461,21.5385],[-87.3461,21.5385],[-87.3462,21.5385],[-87.3464,21.5384],[-87.3465,21.5384],[-87.3466,21.5384],[-87.347,21.5382],[-87.3473,21.5381],[-87.3474,21.538],[-87.3474,21.5379],[-87.3475,21.5379],[-87.3476,21.5379],[-87.3477,21.5379],[-87.3478,21.5378],[-87.3478,21.5378],[-87.3479,21.5378],[-87.3479,21.5378],[-87.3484,21.5378],[-87.3484,21.5378],[-87.3484,21.5377],[-87.3487,21.5375],[-87.3488,21.5376],[-87.3491,21.5379],[-87.3492,21.5374],[-87.3492,21.5374],[-87.3493,21.5373],[-87.3498,21.5371],[-87.3506,21.5372],[-87.3509,21.537],[-87.3511,21.5368],[-87.3518,21.5366],[-87.3519,21.5366],[-87.3519,21.5366],[-87.352,21.5365],[-87.3521,21.5365],[-87.3521,21.5364],[-87.3524,21.536],[-87.3526,21.5356],[-87.3526,21.5356],[-87.3526,21.5355],[-87.3526,21.5354],[-87.3527,21.5354],[-87.3527,21.5353],[-87.3528,21.5353],[-87.3528,21.5352],[-87.3529,21.5352],[-87.353,21.5353],[-87.3534,21.5355],[-87.3535,21.5356],[-87.3536,21.5358],[-87.3536,21.5358],[-87.3536,21.5359],[-87.3536,21.536],[-87.3535,21.5361],[-87.3537,21.5361],[-87.3537,21.5361],[-87.3539,21.5363],[-87.3541,21.5363],[-87.3541,21.5364],[-87.3547,21.5367],[-87.3549,21.5366],[-87.3553,21.5364],[-87.3554,21.5361],[-87.3555,21.5358],[-87.3556,21.5352],[-87.3556,21.5351],[-87.3556,21.5351],[-87.3557,21.535],[-87.3559,21.5348],[-87.3565,21.5348],[-87.3568,21.5351],[-87.3574,21.5347],[-87.3574,21.5347],[-87.3574,21.5347],[-87.3576,21.5348],[-87.3578,21.5349],[-87.3582,21.5349],[-87.3587,21.5352],[-87.3587,21.5349],[-87.3587,21.5348],[-87.3587,21.5347],[-87.3586,21.5347],[-87.3585,21.5347],[-87.3585,21.5348],[-87.3585,21.5348],[-87.3585,21.5348],[-87.3584,21.5348],[-87.3584,21.5347],[-87.3583,21.5347],[-87.3583,21.5347],[-87.3581,21.5347],[-87.3578,21.5345],[-87.3576,21.5343],[-87.3574,21.5339],[-87.3574,21.5338],[-87.3574,21.5335],[-87.3576,21.5328],[-87.3576,21.5327],[-87.3577,21.5318],[-87.358,21.5316],[-87.358,21.5315],[-87.3581,21.5314],[-87.3584,21.531],[-87.3587,21.5306],[-87.3588,21.5306],[-87.3592,21.5301],[-87.3595,21.5294],[-87.3595,21.5294],[-87.3597,21.5287],[-87.36,21.5286],[-87.3603,21.5285],[-87.3604,21.5285],[-87.3604,21.5284],[-87.3605,21.5284],[-87.3608,21.5285],[-87.3611,21.5287],[-87.3614,21.5288],[-87.3616,21.5292],[-87.3619,21.5287],[-87.3622,21.5287],[-87.3624,21.5287],[-87.3625,21.5286],[-87.3625,21.5286],[-87.3626,21.5286],[-87.3626,21.5286],[-87.3627,21.5287],[-87.3627,21.5287],[-87.3627,21.5288],[-87.3627,21.5289],[-87.3626,21.5289],[-87.3626,21.529],[-87.3626,21.5291],[-87.3628,21.5293],[-87.3628,21.5293],[-87.3628,21.5293],[-87.3628,21.5294],[-87.3632,21.5297],[-87.3635,21.5299],[-87.364,21.5301],[-87.364,21.5301],[-87.3641,21.5301],[-87.3644,21.5299],[-87.3643,21.5294],[-87.3643,21.5293],[-87.3642,21.5292],[-87.3639,21.5287],[-87.3634,21.5284],[-87.3633,21.5283],[-87.3633,21.5283],[-87.363,21.5282],[-87.3629,21.5281],[-87.3628,21.528],[-87.3626,21.5277],[-87.3626,21.5277],[-87.3626,21.5276],[-87.3625,21.5275],[-87.3625,21.5275],[-87.3622,21.5273],[-87.362,21.5271],[-87.3619,21.5269],[-87.3618,21.5267],[-87.3617,21.5263],[-87.3617,21.5256],[-87.3611,21.5242],[-87.361,21.5235],[-87.3608,21.523],[-87.3608,21.5228],[-87.3608,21.5227],[-87.3608,21.5226],[-87.3608,21.5224],[-87.3609,21.5223],[-87.3609,21.5223],[-87.3609,21.5222],[-87.3609,21.5222],[-87.3615,21.5219],[-87.3616,21.5219],[-87.3616,21.5218],[-87.3624,21.5216],[-87.3634,21.5215],[-87.3644,21.5214],[-87.3644,21.5214],[-87.3646,21.5214],[-87.3647,21.5213],[-87.3648,21.5213],[-87.3648,21.5213],[-87.365,21.5213],[-87.3651,21.5214],[-87.3652,21.5213],[-87.3653,21.5212],[-87.3654,21.521],[-87.3654,21.5208],[-87.3653,21.5206],[-87.3649,21.5202],[-87.3648,21.5201],[-87.3644,21.5198],[-87.3644,21.5193],[-87.3646,21.5188],[-87.3647,21.5189],[-87.3648,21.5188],[-87.3648,21.5188],[-87.3649,21.5188],[-87.365,21.5188],[-87.365,21.5189],[-87.3651,21.5189],[-87.3652,21.5189],[-87.3661,21.5189],[-87.3674,21.5191],[-87.3675,21.5192],[-87.3676,21.5192],[-87.3677,21.5193],[-87.3677,21.5193],[-87.3677,21.5193],[-87.3678,21.5195],[-87.3678,21.5195],[-87.3678,21.5196],[-87.3678,21.5196],[-87.3678,21.5196],[-87.3677,21.5197],[-87.3677,21.5197],[-87.3679,21.5199],[-87.3682,21.52],[-87.3684,21.5201],[-87.3686,21.52],[-87.3687,21.52],[-87.3696,21.52],[-87.3701,21.5202],[-87.3703,21.5202],[-87.3705,21.5202],[-87.3705,21.5202],[-87.3708,21.5205],[-87.371,21.5209],[-87.3711,21.521],[-87.3716,21.5211],[-87.3723,21.5211],[-87.3729,21.5209],[-87.3733,21.5207],[-87.3734,21.5207],[-87.3738,21.5206],[-87.3739,21.5205],[-87.3741,21.5204],[-87.3744,21.5202],[-87.3744,21.5202],[-87.3746,21.5202],[-87.3748,21.52],[-87.375,21.5199],[-87.3752,21.5197],[-87.3751,21.5194],[-87.3746,21.5189],[-87.3747,21.5188],[-87.375,21.5192],[-87.3755,21.5194],[-87.3757,21.5192],[-87.376,21.5195],[-87.376,21.5194],[-87.376,21.5194],[-87.376,21.5193],[-87.376,21.5193],[-87.376,21.5193],[-87.3757,21.5191],[-87.3754,21.5187],[-87.3751,21.5182],[-87.375,21.5175],[-87.3749,21.5173],[-87.3746,21.5169],[-87.3745,21.5167],[-87.3745,21.5166],[-87.3745,21.5156],[-87.3737,21.5146],[-87.3736,21.5145],[-87.3732,21.5137],[-87.3728,21.5129],[-87.373,21.5124],[-87.3732,21.5124],[-87.3732,21.5123],[-87.3731,21.5122],[-87.373,21.5122],[-87.3729,21.5122],[-87.3729,21.5122],[-87.3729,21.5122],[-87.3728,21.5123],[-87.3728,21.5123],[-87.3727,21.5123],[-87.3725,21.5121],[-87.3723,21.5119],[-87.3719,21.5114],[-87.3718,21.5113],[-87.3717,21.5112],[-87.3717,21.5109],[-87.3718,21.5108],[-87.3718,21.5108],[-87.3719,21.5109],[-87.3719,21.5109],[-87.372,21.5109],[-87.372,21.5108],[-87.372,21.5107],[-87.372,21.5102],[-87.3718,21.5099],[-87.3718,21.5098],[-87.3718,21.5098],[-87.372,21.5097],[-87.3721,21.5097],[-87.3727,21.5098],[-87.3729,21.5098],[-87.373,21.5098],[-87.3733,21.5098],[-87.3734,21.5099],[-87.3736,21.51],[-87.3737,21.5101],[-87.3741,21.5104],[-87.3741,21.5104],[-87.3742,21.5105],[-87.3741,21.5105],[-87.374,21.5105],[-87.374,21.5104],[-87.3739,21.5103],[-87.3736,21.5102],[-87.3735,21.5101],[-87.3734,21.5101],[-87.3734,21.5102],[-87.3734,21.5102],[-87.3733,21.5102],[-87.3733,21.5103],[-87.3733,21.5104],[-87.3732,21.5109],[-87.3734,21.5112],[-87.3736,21.5119],[-87.3735,21.5124],[-87.3737,21.5128],[-87.3738,21.5129],[-87.3738,21.5131],[-87.3738,21.5131],[-87.3741,21.5137],[-87.3743,21.514],[-87.3748,21.5143],[-87.3753,21.5147],[-87.3754,21.5142],[-87.3759,21.5134],[-87.3759,21.5128],[-87.3759,21.5124],[-87.3767,21.5116],[-87.3768,21.5116],[-87.3773,21.5111],[-87.3774,21.511],[-87.3784,21.5108],[-87.3785,21.5109],[-87.3785,21.5109],[-87.3788,21.5109],[-87.3788,21.511],[-87.3789,21.511],[-87.379,21.5111],[-87.379,21.5111],[-87.379,21.5112],[-87.379,21.5112],[-87.3789,21.5113],[-87.3789,21.5114],[-87.3789,21.5114],[-87.3788,21.5121],[-87.3788,21.5123],[-87.3789,21.5126],[-87.3788,21.513],[-87.3788,21.5132],[-87.3788,21.5133],[-87.3788,21.5134],[-87.379,21.5138],[-87.3792,21.5141],[-87.3794,21.5144],[-87.3795,21.5146],[-87.3795,21.5147],[-87.3796,21.5147],[-87.3797,21.5147],[-87.3798,21.5147],[-87.3801,21.5147],[-87.3803,21.5147],[-87.3803,21.5147],[-87.3805,21.5146],[-87.3808,21.5144],[-87.3811,21.514],[-87.3812,21.5136],[-87.381,21.5131],[-87.3808,21.5128],[-87.3807,21.5125],[-87.3808,21.5121],[-87.3822,21.5102],[-87.383,21.5091],[-87.3839,21.5081],[-87.3842,21.5077],[-87.3843,21.5075],[-87.3846,21.5071],[-87.3848,21.5069],[-87.385,21.5067],[-87.385,21.5067],[-87.3851,21.5065],[-87.3853,21.5062],[-87.3853,21.5062],[-87.3853,21.506],[-87.3853,21.5051],[-87.3857,21.5048],[-87.3857,21.5047],[-87.3858,21.5047],[-87.3863,21.5043],[-87.3886,21.504],[-87.3894,21.5036],[-87.3903,21.5031],[-87.3908,21.5032],[-87.3919,21.5045],[-87.3929,21.5061],[-87.3939,21.508],[-87.3947,21.5091],[-87.3952,21.5099],[-87.3955,21.5103],[-87.3959,21.51],[-87.3958,21.5101],[-87.3955,21.5103],[-87.3956,21.5105],[-87.3956,21.5105],[-87.3957,21.5105],[-87.3958,21.5105],[-87.396,21.5105],[-87.3964,21.5105],[-87.3965,21.5105],[-87.3967,21.5105],[-87.3968,21.5106],[-87.3969,21.5107],[-87.397,21.5108],[-87.3971,21.511],[-87.3972,21.5111],[-87.3973,21.5112],[-87.3973,21.5114],[-87.3973,21.5115],[-87.3973,21.5118],[-87.3973,21.5119],[-87.3972,21.5122],[-87.3972,21.5123],[-87.3971,21.5125],[-87.3971,21.5126],[-87.397,21.5128],[-87.3968,21.513],[-87.3967,21.5132],[-87.3965,21.5134],[-87.3963,21.5135],[-87.3962,21.5137],[-87.3956,21.5146],[-87.3933,21.5161],[-87.3922,21.517],[-87.3911,21.5178],[-87.3899,21.5187],[-87.3879,21.5205],[-87.3877,21.5207],[-87.3847,21.5229],[-87.3831,21.5238],[-87.3803,21.5255],[-87.3776,21.5276],[-87.3752,21.5286],[-87.373,21.5295],[-87.3715,21.5303],[-87.3707,21.5308],[-87.3688,21.5318],[-87.3687,21.5319],[-87.3675,21.5332],[-87.3669,21.5339],[-87.364,21.5368],[-87.3618,21.5384],[-87.3601,21.5401],[-87.3584,21.5429],[-87.3567,21.5444],[-87.3547,21.5471],[-87.3537,21.5485],[-87.3522,21.5506],[-87.3505,21.5534],[-87.3482,21.5557],[-87.3466,21.5582],[-87.345,21.5605],[-87.3431,21.5621],[-87.3407,21.5636],[-87.3392,21.5643],[-87.3373,21.5648],[-87.3359,21.5653],[-87.3349,21.5662],[-87.3337,21.5661],[-87.3325,21.5656],[-87.331,21.5641],[-87.3275,21.5618],[-87.3255,21.5597],[-87.3232,21.5577],[-87.3207,21.5556],[-87.3148,21.5518],[-87.3114,21.5498],[-87.308,21.5481],[-87.3042,21.5467],[-87.3013,21.5457],[-87.2977,21.5448],[-87.2922,21.5437],[-87.2882,21.5429],[-87.2809,21.5415],[-87.2703,21.5403],[-87.2628,21.5401],[-87.2572,21.5399],[-87.2496,21.5402],[-87.2412,21.5411],[-87.2282,21.5426],[-87.2212,21.5437],[-87.2088,21.5468],[-87.2038,21.5486],[-87.1986,21.5503],[-87.1881,21.5554],[-87.1785,21.5589],[-87.1722,21.5611],[-87.1691,21.5623],[-87.165,21.5637],[-87.1607,21.5655],[-87.1547,21.568],[-87.1511,21.5696],[-87.1471,21.5714],[-87.1413,21.5747],[-87.1372,21.5773],[-87.1341,21.5793],[-87.1293,21.583],[-87.1267,21.5858],[-87.1263,21.5861],[-87.1261,21.5865],[-87.1255,21.5872],[-87.1242,21.589],[-87.1241,21.5894],[-87.1241,21.5898],[-87.1218,21.5934],[-87.1187,21.5961],[-87.1171,21.5971],[-87.1135,21.5993],[-87.1137,21.5995],[-87.1137,21.5995],[-87.1136,21.5995],[-87.1135,21.5995],[-87.1135,21.5995],[-87.1132,21.5996],[-87.1129,21.5999],[-87.1126,21.6],[-87.1125,21.6002],[-87.1114,21.601],[-87.1113,21.6011],[-87.1112,21.6012],[-87.1111,21.6012],[-87.1109,21.6014],[-87.1108,21.6015],[-87.1107,21.6017],[-87.1106,21.6018],[-87.1106,21.6019],[-87.1105,21.602],[-87.1104,21.6021],[-87.1104,21.6022],[-87.11,21.6024],[-87.11,21.6024],[-87.1095,21.6031],[-87.1083,21.604],[-87.107,21.6046],[-87.1058,21.6049],[-87.1058,21.6046],[-87.1058,21.6014],[-87.1061,21.6013],[-87.1064,21.601],[-87.1067,21.6009]]]]}},{"type":"Feature","properties":{"cvegeo":"23005","cve_ent":"23","name":"Benito Juárez"},"geometry":{"type":"Polygon","coordinates":[[[-86.8018,21.212],[-86.8024,21.2112],[-86.8025,21.2109],[-86.8028,21.21],[-86.8029,21.2098],[-86.8036,21.2077],[-86.8035,21.2077],[-86.8035,21.2076],[-86.8036,21.2074],[-86.8034,21.2074],[-86.8032,21.2073],[-86.8036,21.2074],[-86.8043,21.2048],[-86.8043,21.2048],[-86.8044,21.2045],[-86.804,21.2044],[-86.804,21.2044],[-86.8044,21.2044],[-86.8044,21.2034],[-86.8031,21.2031],[-86.8031,21.2031],[-86.8031,21.2031],[-86.803,21.2034],[-86.8037,21.204],[-86.8037,21.204],[-86.8029,21.2034],[-86.8031,21.2027],[-86.8032,21.2023],[-86.8033,21.2022],[-86.8034,21.2022],[-86.8038,21.202],[-86.8038,21.2021],[-86.8038,21.2021],[-86.8037,21.2021],[-86.8033,21.2023],[-86.8033,21.2023],[-86.8032,21.2023],[-86.8031,21.203],[-86.8031,21.203],[-86.8031,21.2031],[-86.8037,21.2032],[-86.8037,21.2032],[-86.8037,21.2031],[-86.8039,21.2024],[-86.8039,21.2024],[-86.8038,21.2031],[-86.8037,21.2032],[-86.8037,21.2032],[-86.8043,21.2033],[-86.8043,21.2033],[-86.8043,21.2032],[-86.8044,21.2027],[-86.8044,21.2027],[-86.8043,21.2033],[-86.8043,21.2033],[-86.8043,21.2033],[-86.8044,21.2033],[-86.8044,21.2033],[-86.8044,21.2033],[-86.8045,21.2025],[-86.8045,21.2025],[-86.8047,21.2013],[-86.8047,21.2013],[-86.8048,21.2003],[-86.8047,21.1982],[-86.8051,21.1947],[-86.8059,21.1923],[-86.8059,21.1922],[-86.8063,21.1912],[-86.8063,21.1911],[-86.8063,21.191],[-86.8064,21.1909],[-86.8059,21.1908],[-86.8051,21.1906],[-86.805,21.1907],[-86.8049,21.1908],[-86.8049,21.1908],[-86.805,21.1903],[-86.805,21.1904],[-86.8051,21.1905],[-86.8051,21.1906],[-86.8061,21.1908],[-86.8064,21.1909],[-86.8064,21.1908],[-86.8064,21.1906],[-86.8065,21.1905],[-86.8065,21.1903],[-86.8065,21.1903],[-86.8065,21.1902],[-86.8066,21.1901],[-86.8068,21.1894],[-86.8067,21.1894],[-86.8067,21.1893],[-86.8067,21.1893],[-86.8067,21.1892],[-86.8068,21.188],[-86.8063,21.1879],[-86.8058,21.1878],[-86.8058,21.1877],[-86.8068,21.1879],[-86.8068,21.1871],[-86.8068,21.1871],[-86.8069,21.1865],[-86.8069,21.186],[-86.8069,21.1858],[-86.8069,21.1856],[-86.807,21.1853],[-86.807,21.185],[-86.807,21.1844],[-86.8071,21.1842],[-86.807,21.1839],[-86.807,21.1838],[-86.8067,21.1837],[-86.8052,21.1837],[-86.8045,21.1837],[-86.8045,21.1844],[-86.8044,21.1844],[-86.8045,21.1838],[-86.8045,21.1834],[-86.8045,21.183],[-86.8045,21.1827],[-86.8045,21.1827],[-86.8046,21.183],[-86.8045,21.1836],[-86.8063,21.1837],[-86.8069,21.1837],[-86.807,21.1837],[-86.8071,21.1835],[-86.8071,21.1833],[-86.8071,21.1831],[-86.8071,21.1831],[-86.807,21.1831],[-86.8062,21.1831],[-86.8062,21.183],[-86.807,21.183],[-86.8071,21.183],[-86.8071,21.1826],[-86.8071,21.1823],[-86.8055,21.1822],[-86.8055,21.1822],[-86.8055,21.1823],[-86.8054,21.1823],[-86.8054,21.182],[-86.8055,21.182],[-86.8055,21.1821],[-86.8056,21.1822],[-86.8071,21.1823],[-86.8071,21.1822],[-86.8071,21.182],[-86.8071,21.1809],[-86.8069,21.1795],[-86.8069,21.1795],[-86.8069,21.1793],[-86.8069,21.1793],[-86.8062,21.1794],[-86.8063,21.1795],[-86.8062,21.1795],[-86.8062,21.1793],[-86.8062,21.1793],[-86.8062,21.1793],[-86.8069,21.1793],[-86.8067,21.1787],[-86.8065,21.1779],[-86.8058,21.1782],[-86.8058,21.1781],[-86.8059,21.178],[-86.8059,21.1781],[-86.8061,21.1781],[-86.8061,21.178],[-86.8059,21.1777],[-86.806,21.1776],[-86.806,21.1777],[-86.8061,21.178],[-86.8065,21.1779],[-86.8065,21.1776],[-86.8063,21.1774],[-86.8063,21.1769],[-86.8062,21.1767],[-86.8061,21.1764],[-86.8061,21.1763],[-86.806,21.176],[-86.8058,21.1757],[-86.8056,21.1751],[-86.8055,21.175],[-86.8055,21.1748],[-86.8055,21.1747],[-86.8054,21.1746],[-86.8054,21.1743],[-86.8054,21.1742],[-86.8053,21.1735],[-86.8052,21.1734],[-86.8052,21.1734],[-86.8052,21.1732],[-86.8052,21.1729],[-86.8051,21.1726],[-86.805,21.1721],[-86.805,21.172],[-86.8049,21.1717],[-86.8048,21.171],[-86.8047,21.1709],[-86.8047,21.1708],[-86.8045,21.1705],[-86.8043,21.1703],[-86.8042,21.1701],[-86.8036,21.1704],[-86.8035,21.1705],[-86.8033,21.1704],[-86.8034,21.1703],[-86.8044,21.1697],[-86.8044,21.1696],[-86.8042,21.1691],[-86.8041,21.169],[-86.804,21.1689],[-86.802,21.17],[-86.8018,21.1699],[-86.8019,21.1697],[-86.8033,21.1691],[-86.803,21.1671],[-86.803,21.1669],[-86.8028,21.167],[-86.8028,21.1669],[-86.803,21.1668],[-86.803,21.1667],[-86.8027,21.1669],[-86.8026,21.1668],[-86.8027,21.1668],[-86.8023,21.1661],[-86.8022,21.165],[-86.802,21.1637],[-86.802,21.1629],[-86.8016,21.1622],[-86.8012,21.1618],[-86.8008,21.1618],[-86.8008,21.1621],[-86.8007,21.1621],[-86.8007,21.1617],[-86.8004,21.1614],[-86.8005,21.1613],[-86.8007,21.1615],[-86.8009,21.1614],[-86.801,21.161],[-86.8012,21.1602],[-86.8008,21.1594],[-86.8007,21.1591],[-86.8004,21.1592],[-86.8004,21.1592],[-86.8003,21.1593],[-86.8003,21.1593],[-86.8004,21.1592],[-86.8004,21.1591],[-86.8003,21.1592],[-86.8003,21.1591],[-86.8004,21.1591],[-86.8004,21.1592],[-86.8006,21.1591],[-86.8005,21.1588],[-86.8003,21.1589],[-86.8003,21.159],[-86.8003,21.159],[-86.8002,21.1589],[-86.8003,21.1589],[-86.8003,21.1589],[-86.8005,21.1588],[-86.8005,21.1587],[-86.8004,21.1586],[-86.8004,21.1585],[-86.8,21.1586],[-86.8,21.1586],[-86.8,21.1586],[-86.7999,21.1586],[-86.8,21.1585],[-86.8,21.1586],[-86.8003,21.1585],[-86.8003,21.1584],[-86.8002,21.1581],[-86.8,21.1576],[-86.7995,21.1571],[-86.7995,21.157],[-86.7995,21.157],[-86.7993,21.1568],[-86.7992,21.1568],[-86.7988,21.1571],[-86.7986,21.1571],[-86.7986,21.1571],[-86.7988,21.157],[-86.7992,21.1568],[-86.799,21.1565],[-86.7988,21.1566],[-86.7987,21.1565],[-86.7987,21.1565],[-86.7986,21.1564],[-86.7981,21.1566],[-86.7982,21.1568],[-86.7981,21.1568],[-86.7979,21.1565],[-86.798,21.1565],[-86.7981,21.1566],[-86.7986,21.1564],[-86.7989,21.1562],[-86.7989,21.1561],[-86.7989,21.1561],[-86.7988,21.1559],[-86.7983,21.1553],[-86.7982,21.1551],[-86.7981,21.155],[-86.798,21.1549],[-86.7976,21.1545],[-86.7975,21.1545],[-86.7971,21.1548],[-86.7972,21.155],[-86.7972,21.155],[-86.7969,21.1546],[-86.7969,21.1546],[-86.7971,21.1547],[-86.7975,21.1544],[-86.7975,21.1544],[-86.7973,21.1542],[-86.7972,21.1542],[-86.797,21.1539],[-86.7967,21.1536],[-86.7965,21.1535],[-86.7964,21.1534],[-86.7962,21.1536],[-86.796,21.1537],[-86.7964,21.1534],[-86.7961,21.153],[-86.7956,21.1525],[-86.7954,21.1523],[-86.7953,21.1522],[-86.7951,21.152],[-86.7949,21.1519],[-86.7949,21.1518],[-86.7949,21.1518],[-86.7949,21.1518],[-86.7949,21.1518],[-86.7946,21.1516],[-86.7945,21.1515],[-86.7944,21.1514],[-86.794,21.1511],[-86.7938,21.151],[-86.7936,21.1509],[-86.7935,21.1511],[-86.7931,21.1508],[-86.7931,21.1508],[-86.7931,21.1509],[-86.7931,21.1509],[-86.793,21.151],[-86.7935,21.1513],[-86.7935,21.1514],[-86.793,21.151],[-86.7928,21.1513],[-86.7933,21.1516],[-86.7933,21.1516],[-86.7933,21.1516],[-86.7925,21.1512],[-86.7925,21.1513],[-86.7924,21.1514],[-86.7924,21.1514],[-86.7925,21.1512],[-86.7925,21.1512],[-86.7925,21.1512],[-86.7927,21.1513],[-86.793,21.1508],[-86.7928,21.1507],[-86.7927,21.1508],[-86.7926,21.1508],[-86.7924,21.1508],[-86.7924,21.1508],[-86.7926,21.1508],[-86.7927,21.1508],[-86.7924,21.1505],[-86.7924,21.1506],[-86.7922,21.1504],[-86.7923,21.1504],[-86.7923,21.1503],[-86.7922,21.1502],[-86.7922,21.1502],[-86.7922,21.1501],[-86.7922,21.1501],[-86.7922,21.1501],[-86.7921,21.1501],[-86.7921,21.1501],[-86.7921,21.1502],[-86.7921,21.1502],[-86.7921,21.1502],[-86.792,21.1502],[-86.792,21.1502],[-86.792,21.1501],[-86.7922,21.15],[-86.7922,21.1499],[-86.7921,21.1499],[-86.792,21.15],[-86.792,21.15],[-86.7919,21.1501],[-86.7918,21.1501],[-86.792,21.15],[-86.7919,21.1499],[-86.7915,21.1501],[-86.7914,21.15],[-86.7914,21.15],[-86.7915,21.15],[-86.7919,21.1498],[-86.792,21.15],[-86.792,21.1499],[-86.7921,21.1498],[-86.7921,21.1498],[-86.7921,21.1497],[-86.7921,21.1497],[-86.7919,21.1495],[-86.7917,21.1496],[-86.7915,21.1496],[-86.7915,21.1495],[-86.7916,21.1496],[-86.7917,21.1495],[-86.7913,21.1491],[-86.7904,21.1484],[-86.7904,21.1485],[-86.7902,21.1486],[-86.7901,21.1487],[-86.79,21.1488],[-86.79,21.1487],[-86.7903,21.1485],[-86.7904,21.1484],[-86.7903,21.148],[-86.7899,21.1478],[-86.7898,21.1478],[-86.7891,21.1474],[-86.789,21.1476],[-86.7886,21.147],[-86.7885,21.147],[-86.788,21.1461],[-86.7879,21.1459],[-86.788,21.1451],[-86.788,21.1451],[-86.788,21.145],[-86.7881,21.1439],[-86.7881,21.1435],[-86.7881,21.1435],[-86.788,21.1434],[-86.7875,21.1432],[-86.7874,21.1434],[-86.7874,21.1438],[-86.7873,21.144],[-86.7873,21.144],[-86.7872,21.1441],[-86.7864,21.1444],[-86.7863,21.1444],[-86.786,21.1447],[-86.7857,21.1448],[-86.7852,21.1448],[-86.7852,21.1448],[-86.7852,21.1448],[-86.7851,21.1448],[-86.7845,21.1448],[-86.7842,21.1449],[-86.7841,21.1449],[-86.7841,21.145],[-86.7841,21.145],[-86.7841,21.1454],[-86.7841,21.1454],[-86.7841,21.1455],[-86.784,21.1455],[-86.784,21.1455],[-86.784,21.1454],[-86.784,21.145],[-86.784,21.145],[-86.7831,21.145],[-86.7828,21.1451],[-86.7826,21.1451],[-86.7825,21.1451],[-86.7825,21.1451],[-86.7825,21.1451],[-86.7824,21.1451],[-86.7821,21.1452],[-86.782,21.1452],[-86.7819,21.1452],[-86.7818,21.1453],[-86.7818,21.1453],[-86.7817,21.1454],[-86.7817,21.1454],[-86.7817,21.1455],[-86.7816,21.1455],[-86.7816,21.1456],[-86.7817,21.1457],[-86.7813,21.1461],[-86.7809,21.1465],[-86.7808,21.1465],[-86.7811,21.1462],[-86.7813,21.146],[-86.7816,21.1458],[-86.7816,21.1457],[-86.7816,21.1457],[-86.7814,21.1459],[-86.7813,21.1459],[-86.7813,21.1459],[-86.781,21.1461],[-86.7802,21.1459],[-86.7801,21.146],[-86.7801,21.1461],[-86.7801,21.1462],[-86.7801,21.1463],[-86.7801,21.1463],[-86.78,21.1464],[-86.78,21.1464],[-86.78,21.1463],[-86.78,21.1463],[-86.78,21.1462],[-86.7798,21.1462],[-86.779,21.1457],[-86.7789,21.1459],[-86.7781,21.1454],[-86.778,21.1454],[-86.7779,21.1454],[-86.7778,21.1454],[-86.7775,21.1454],[-86.7774,21.1454],[-86.7773,21.1454],[-86.7772,21.1453],[-86.7772,21.1453],[-86.7772,21.1453],[-86.7772,21.1453],[-86.7771,21.1453],[-86.7771,21.1453],[-86.7771,21.1453],[-86.7771,21.1453],[-86.7771,21.1453],[-86.7771,21.1453],[-86.7771,21.1453],[-86.7771,21.1453],[-86.7767,21.1451],[-86.7767,21.1451],[-86.7763,21.1448],[-86.7761,21.1447],[-86.7758,21.1445],[-86.7756,21.1444],[-86.7754,21.1442],[-86.7752,21.1441],[-86.7752,21.1441],[-86.775,21.1441],[-86.775,21.1441],[-86.7749,21.1441],[-86.7746,21.1445],[-86.7737,21.1433],[-86.7734,21.1432],[-86.7733,21.1432],[-86.7733,21.1432],[-86.7732,21.1431],[-86.7732,21.1432],[-86.7732,21.1432],[-86.7731,21.1434],[-86.773,21.1437],[-86.773,21.1437],[-86.773,21.1434],[-86.7731,21.1432],[-86.7724,21.1432],[-86.7719,21.1427],[-86.7697,21.1402],[-86.7692,21.1404],[-86.7692,21.1405],[-86.7692,21.1407],[-86.7692,21.1407],[-86.7692,21.1403],[-86.7692,21.1403],[-86.7696,21.1402],[-86.7696,21.1401],[-86.7692,21.1397],[-86.7691,21.1401],[-86.7687,21.1403],[-86.7688,21.1404],[-86.7689,21.1409],[-86.7688,21.1409],[-86.7688,21.1404],[-86.7687,21.1403],[-86.7685,21.1403],[-86.7685,21.1403],[-86.769,21.1401],[-86.7691,21.1397],[-86.7691,21.1396],[-86.7691,21.1396],[-86.769,21.1395],[-86.769,21.1395],[-86.7688,21.1394],[-86.7685,21.1393],[-86.7683,21.1394],[-86.768,21.1394],[-86.7674,21.1389],[-86.7671,21.1388],[-86.7661,21.1383],[-86.7645,21.1375],[-86.7645,21.1375],[-86.7643,21.1378],[-86.7643,21.1378],[-86.7643,21.1378],[-86.7643,21.1379],[-86.7642,21.1378],[-86.7642,21.1378],[-86.7644,21.1375],[-86.7644,21.1375],[-86.7643,21.1374],[-86.764,21.1373],[-86.764,21.1373],[-86.764,21.1373],[-86.764,21.1373],[-86.7639,21.1373],[-86.7639,21.1373],[-86.7637,21.1376],[-86.7637,21.1376],[-86.7637,21.1376],[-86.7637,21.1376],[-86.7635,21.1378],[-86.7635,21.1378],[-86.7637,21.1376],[-86.7636,21.1376],[-86.7636,21.1375],[-86.7637,21.1375],[-86.7638,21.1373],[-86.7638,21.1373],[-86.7636,21.1372],[-86.7635,21.1371],[-86.7633,21.1371],[-86.7631,21.1371],[-86.7625,21.1369],[-86.7621,21.1367],[-86.7619,21.1374],[-86.7619,21.1374],[-86.7621,21.1367],[-86.7619,21.1366],[-86.7617,21.1368],[-86.7615,21.1368],[-86.761,21.1367],[-86.761,21.1367],[-86.7609,21.1367],[-86.7609,21.1367],[-86.7608,21.1367],[-86.7608,21.1367],[-86.7608,21.1367],[-86.7608,21.1367],[-86.7606,21.1372],[-86.7607,21.1373],[-86.7607,21.1373],[-86.7607,21.1373],[-86.7607,21.1373],[-86.7605,21.1372],[-86.7605,21.1372],[-86.7606,21.1372],[-86.7607,21.1367],[-86.7607,21.1367],[-86.7597,21.1366],[-86.7597,21.1366],[-86.7597,21.1366],[-86.7597,21.1371],[-86.7597,21.1371],[-86.7597,21.1366],[-86.7597,21.1366],[-86.7597,21.1366],[-86.7596,21.1366],[-86.7596,21.1366],[-86.7595,21.1366],[-86.7595,21.1368],[-86.7595,21.1368],[-86.7595,21.1366],[-86.7595,21.1365],[-86.7595,21.1365],[-86.7593,21.1365],[-86.7593,21.1365],[-86.7593,21.1366],[-86.7592,21.1372],[-86.7591,21.1372],[-86.7593,21.1365],[-86.7593,21.1365],[-86.7593,21.1365],[-86.7589,21.1365],[-86.7588,21.1365],[-86.7586,21.1365],[-86.7577,21.1365],[-86.7574,21.1366],[-86.7574,21.1366],[-86.7574,21.1366],[-86.7574,21.1372],[-86.7573,21.1372],[-86.7573,21.1366],[-86.7573,21.1366],[-86.7572,21.1366],[-86.7568,21.1366],[-86.7563,21.1367],[-86.7562,21.1367],[-86.7561,21.1367],[-86.7561,21.1373],[-86.7561,21.1373],[-86.7561,21.1367],[-86.7561,21.1368],[-86.756,21.1368],[-86.756,21.1367],[-86.756,21.1367],[-86.7553,21.1369],[-86.7542,21.1373],[-86.7541,21.1373],[-86.7539,21.1375],[-86.7535,21.1376],[-86.7532,21.1377],[-86.7531,21.1378],[-86.753,21.1378],[-86.7529,21.1381],[-86.7528,21.1382],[-86.7525,21.1387],[-86.7524,21.139],[-86.7522,21.1392],[-86.7522,21.1392],[-86.7522,21.1392],[-86.7522,21.1393],[-86.7522,21.1393],[-86.7521,21.1393],[-86.752,21.1395],[-86.752,21.1395],[-86.752,21.1395],[-86.7521,21.1395],[-86.752,21.1396],[-86.752,21.1396],[-86.752,21.1396],[-86.7518,21.1397],[-86.7518,21.1397],[-86.7514,21.1397],[-86.7514,21.1397],[-86.7512,21.1398],[-86.7511,21.1397],[-86.7509,21.1396],[-86.7508,21.1395],[-86.7506,21.1394],[-86.7506,21.1394],[-86.7505,21.1394],[-86.7504,21.1394],[-86.7504,21.1394],[-86.7503,21.1394],[-86.7502,21.1396],[-86.7496,21.1398],[-86.7496,21.1398],[-86.7495,21.1397],[-86.7493,21.1396],[-86.7493,21.1397],[-86.7492,21.1397],[-86.7491,21.1397],[-86.7489,21.1395],[-86.7488,21.1394],[-86.7487,21.1392],[-86.7486,21.139],[-86.7485,21.1388],[-86.7484,21.1388],[-86.7484,21.1387],[-86.7484,21.1387],[-86.748,21.1382],[-86.748,21.1382],[-86.7476,21.1377],[-86.7475,21.1377],[-86.7469,21.1372],[-86.7469,21.1372],[-86.7465,21.1369],[-86.7462,21.1374],[-86.7462,21.1383],[-86.7462,21.1383],[-86.7462,21.1383],[-86.7462,21.1383],[-86.7462,21.1387],[-86.7461,21.1387],[-86.7461,21.1386],[-86.7461,21.1383],[-86.7461,21.1383],[-86.7461,21.1374],[-86.7465,21.1369],[-86.7465,21.1369],[-86.7465,21.1369],[-86.7463,21.1368],[-86.7462,21.1368],[-86.7462,21.1368],[-86.7462,21.1368],[-86.7461,21.1368],[-86.7459,21.1371],[-86.7453,21.1366],[-86.7453,21.1366],[-86.7445,21.1365],[-86.7437,21.1363],[-86.7436,21.1363],[-86.7436,21.1363],[-86.7436,21.1363],[-86.7435,21.1363],[-86.7433,21.1364],[-86.7432,21.1364],[-86.7431,21.1364],[-86.7432,21.1364],[-86.7432,21.1365],[-86.7431,21.1366],[-86.7431,21.1366],[-86.7429,21.1367],[-86.7429,21.1367],[-86.7429,21.1368],[-86.7429,21.1368],[-86.743,21.1375],[-86.743,21.1375],[-86.743,21.1375],[-86.743,21.1375],[-86.743,21.1375],[-86.743,21.1375],[-86.743,21.1376],[-86.743,21.1376],[-86.743,21.1377],[-86.743,21.1377],[-86.743,21.1377],[-86.7431,21.1377],[-86.7431,21.1377],[-86.7429,21.1378],[-86.7429,21.1377],[-86.743,21.1377],[-86.743,21.1377],[-86.743,21.1375],[-86.7429,21.1368],[-86.7429,21.1368],[-86.7428,21.1367],[-86.7428,21.1367],[-86.7428,21.1367],[-86.7426,21.1367],[-86.7418,21.137],[-86.7418,21.137],[-86.742,21.1372],[-86.742,21.1372],[-86.742,21.1372],[-86.742,21.1372],[-86.742,21.1373],[-86.7419,21.1373],[-86.742,21.1373],[-86.742,21.1373],[-86.742,21.1373],[-86.7418,21.1375],[-86.7415,21.1377],[-86.7411,21.1382],[-86.7411,21.1383],[-86.741,21.1383],[-86.7409,21.1382],[-86.7407,21.138],[-86.7407,21.1379],[-86.7406,21.1376],[-86.7406,21.1376],[-86.7406,21.1376],[-86.7407,21.1374],[-86.7407,21.1373],[-86.7407,21.1372],[-86.7407,21.1372],[-86.7406,21.1371],[-86.7407,21.1371],[-86.7407,21.1371],[-86.7408,21.1369],[-86.7408,21.1368],[-86.7408,21.1367],[-86.7407,21.1365],[-86.7405,21.1362],[-86.7406,21.1362],[-86.7407,21.1361],[-86.7407,21.1361],[-86.7407,21.1358],[-86.7406,21.1353],[-86.7407,21.1353],[-86.7407,21.1353],[-86.7408,21.1351],[-86.7408,21.135],[-86.7408,21.135],[-86.7406,21.1349],[-86.7407,21.1349],[-86.7409,21.1348],[-86.741,21.1345],[-86.7411,21.1344],[-86.7412,21.1341],[-86.7412,21.134],[-86.7413,21.1339],[-86.7413,21.1338],[-86.7413,21.1337],[-86.7413,21.1337],[-86.7414,21.1335],[-86.7418,21.1328],[-86.7422,21.1323],[-86.7424,21.1321],[-86.7424,21.1322],[-86.7422,21.1325],[-86.7419,21.1329],[-86.7419,21.133],[-86.742,21.1331],[-86.7421,21.1332],[-86.7422,21.1332],[-86.7424,21.1333],[-86.7425,21.1334],[-86.7428,21.1335],[-86.7435,21.1336],[-86.7436,21.1336],[-86.7439,21.1336],[-86.744,21.1336],[-86.7444,21.1335],[-86.7446,21.1334],[-86.7448,21.1333],[-86.745,21.1331],[-86.7458,21.1325],[-86.7463,21.1319],[-86.7469,21.1314],[-86.7471,21.1311],[-86.7475,21.1306],[-86.7479,21.1301],[-86.7482,21.1296],[-86.7487,21.1289],[-86.7491,21.1284],[-86.7497,21.1276],[-86.75,21.1271],[-86.7504,21.1264],[-86.7508,21.1259],[-86.751,21.1257],[-86.751,21.1256],[-86.7511,21.1255],[-86.7511,21.1254],[-86.7511,21.1252],[-86.7511,21.1252],[-86.7511,21.1251],[-86.7513,21.1249],[-86.7516,21.1245],[-86.7518,21.1243],[-86.752,21.1237],[-86.7526,21.1227],[-86.753,21.1221],[-86.753,21.122],[-86.7534,21.1215],[-86.7537,21.1209],[-86.754,21.1204],[-86.7542,21.12],[-86.7547,21.1193],[-86.755,21.1187],[-86.755,21.1187],[-86.7551,21.1186],[-86.7551,21.1184],[-86.7552,21.1183],[-86.7555,21.1175],[-86.7558,21.1171],[-86.7561,21.1167],[-86.7563,21.1162],[-86.7565,21.1158],[-86.7569,21.1151],[-86.7571,21.1148],[-86.7576,21.1139],[-86.7576,21.1137],[-86.7577,21.1135],[-86.7578,21.1134],[-86.7579,21.1132],[-86.7583,21.1124],[-86.7587,21.1116],[-86.759,21.111],[-86.7596,21.1097],[-86.7599,21.1092],[-86.7602,21.1085],[-86.7604,21.1081],[-86.7604,21.1081],[-86.7607,21.1074],[-86.7611,21.1066],[-86.7616,21.1056],[-86.762,21.1048],[-86.7622,21.1043],[-86.7623,21.1039],[-86.7623,21.1038],[-86.7625,21.1033],[-86.7626,21.1031],[-86.7627,21.1031],[-86.763,21.1026],[-86.7632,21.102],[-86.7634,21.1014],[-86.7639,21.1003],[-86.7644,21.0992],[-86.7647,21.0985],[-86.7651,21.0976],[-86.7653,21.0971],[-86.7654,21.0969],[-86.7656,21.0962],[-86.7657,21.0959],[-86.7659,21.0956],[-86.7662,21.095],[-86.7662,21.0949],[-86.7666,21.094],[-86.7668,21.0934],[-86.7668,21.0933],[-86.7668,21.0932],[-86.7669,21.0932],[-86.7672,21.0926],[-86.7672,21.0924],[-86.7675,21.0919],[-86.7676,21.0916],[-86.7677,21.0911],[-86.7681,21.0903],[-86.7682,21.09],[-86.7685,21.0893],[-86.7687,21.0886],[-86.769,21.0878],[-86.7692,21.0874],[-86.7693,21.0872],[-86.7695,21.0867],[-86.7695,21.0866],[-86.7695,21.0865],[-86.7696,21.0863],[-86.7699,21.0855],[-86.7702,21.085],[-86.7703,21.0848],[-86.7703,21.0845],[-86.7707,21.0836],[-86.771,21.0828],[-86.7713,21.082],[-86.7715,21.0813],[-86.7717,21.0806],[-86.772,21.0801],[-86.772,21.0797],[-86.7723,21.0791],[-86.7724,21.0787],[-86.7726,21.0783],[-86.7726,21.0779],[-86.7727,21.0778],[-86.7727,21.0776],[-86.7729,21.0774],[-86.7731,21.0771],[-86.7731,21.0769],[-86.7731,21.0768],[-86.7731,21.0768],[-86.7731,21.0767],[-86.7731,21.0766],[-86.7732,21.0765],[-86.7732,21.0764],[-86.7734,21.0759],[-86.7736,21.0755],[-86.7739,21.0743],[-86.7742,21.0738],[-86.7743,21.0735],[-86.7746,21.0725],[-86.7748,21.072],[-86.7749,21.0716],[-86.7753,21.0704],[-86.7757,21.0694],[-86.7758,21.0688],[-86.7759,21.0687],[-86.7759,21.0685],[-86.7761,21.0681],[-86.7762,21.0678],[-86.7762,21.0676],[-86.7763,21.0675],[-86.7766,21.0667],[-86.7767,21.0663],[-86.7767,21.0662],[-86.7767,21.0661],[-86.7768,21.0659],[-86.7768,21.0658],[-86.7769,21.0655],[-86.7771,21.0652],[-86.7772,21.0648],[-86.7773,21.0644],[-86.7775,21.0638],[-86.7777,21.0632],[-86.7779,21.0628],[-86.7781,21.0622],[-86.7784,21.0613],[-86.7785,21.061],[-86.7788,21.0602],[-86.7791,21.0591],[-86.7794,21.0578],[-86.7796,21.0572],[-86.7798,21.0564],[-86.78,21.0559],[-86.7802,21.0552],[-86.7802,21.0552],[-86.7803,21.0547],[-86.7804,21.0544],[-86.7805,21.0541],[-86.7806,21.0536],[-86.7808,21.0527],[-86.781,21.0521],[-86.781,21.0519],[-86.7812,21.0511],[-86.7812,21.0508],[-86.7815,21.0493],[-86.7816,21.0486],[-86.7818,21.0473],[-86.7819,21.0462],[-86.7819,21.0457],[-86.7819,21.0456],[-86.7819,21.0454],[-86.7819,21.0452],[-86.7819,21.0451],[-86.7819,21.0448],[-86.7819,21.0447],[-86.7819,21.0446],[-86.7819,21.0445],[-86.7819,21.0444],[-86.7819,21.0443],[-86.782,21.0441],[-86.782,21.044],[-86.7819,21.0435],[-86.7819,21.043],[-86.7818,21.0423],[-86.7816,21.0414],[-86.7816,21.0407],[-86.7816,21.0407],[-86.7815,21.0404],[-86.7814,21.04],[-86.7813,21.0396],[-86.7811,21.0389],[-86.7809,21.0384],[-86.7806,21.0378],[-86.7805,21.0377],[-86.7805,21.0376],[-86.7802,21.0373],[-86.78,21.0371],[-86.7797,21.0368],[-86.7796,21.0367],[-86.7792,21.0364],[-86.779,21.0363],[-86.7788,21.0362],[-86.7787,21.0362],[-86.7787,21.0361],[-86.7785,21.0361],[-86.7784,21.036],[-86.7783,21.036],[-86.7783,21.036],[-86.7782,21.0361],[-86.7782,21.0361],[-86.7781,21.0362],[-86.7781,21.0364],[-86.7779,21.0368],[-86.7778,21.037],[-86.7778,21.037],[-86.7777,21.037],[-86.7777,21.037],[-86.7777,21.037],[-86.7776,21.037],[-86.7776,21.037],[-86.7774,21.037],[-86.7774,21.0369],[-86.7774,21.0368],[-86.7774,21.0368],[-86.7774,21.0367],[-86.7774,21.0366],[-86.7775,21.0366],[-86.7776,21.0366],[-86.7776,21.0365],[-86.7776,21.0365],[-86.7775,21.0365],[-86.7775,21.0365],[-86.7775,21.0364],[-86.7775,21.0362],[-86.7776,21.0361],[-86.7776,21.036],[-86.7777,21.036],[-86.7777,21.0359],[-86.7777,21.0359],[-86.7777,21.0359],[-86.7777,21.0359],[-86.7777,21.0357],[-86.7778,21.0356],[-86.7778,21.0356],[-86.7778,21.0356],[-86.7779,21.0355],[-86.7779,21.0355],[-86.7778,21.0355],[-86.7778,21.0354],[-86.7778,21.0353],[-86.7778,21.0353],[-86.7778,21.0351],[-86.7778,21.0349],[-86.7779,21.0344],[-86.778,21.0341],[-86.7781,21.0338],[-86.7785,21.0333],[-86.7785,21.0331],[-86.7786,21.0325],[-86.7787,21.0324],[-86.7789,21.0323],[-86.7791,21.0322],[-86.7793,21.0321],[-86.7794,21.0319],[-86.7794,21.0318],[-86.7794,21.0317],[-86.7795,21.0316],[-86.7796,21.0315],[-86.7797,21.0314],[-86.7798,21.0312],[-86.7798,21.031],[-86.7798,21.031],[-86.7799,21.031],[-86.7799,21.031],[-86.7799,21.0311],[-86.7799,21.0312],[-86.7799,21.0313],[-86.7799,21.0314],[-86.7799,21.0314],[-86.78,21.0314],[-86.7801,21.0315],[-86.7803,21.0316],[-86.7804,21.0318],[-86.7806,21.0319],[-86.7809,21.032],[-86.7811,21.032],[-86.7814,21.032],[-86.7818,21.032],[-86.7821,21.0319],[-86.7827,21.0318],[-86.7836,21.0316],[-86.784,21.0313],[-86.7841,21.0312],[-86.7842,21.0311],[-86.7842,21.031],[-86.7841,21.0309],[-86.784,21.0308],[-86.784,21.0308],[-86.7841,21.0307],[-86.7841,21.0308],[-86.7843,21.0311],[-86.7845,21.0311],[-86.7847,21.0311],[-86.7851,21.0309],[-86.7857,21.0306],[-86.7863,21.0303],[-86.7868,21.0299],[-86.7872,21.0298],[-86.7877,21.0298],[-86.788,21.03],[-86.7883,21.0306],[-86.7883,21.0306],[-86.7883,21.0308],[-86.7882,21.031],[-86.7882,21.031],[-86.7883,21.0312],[-86.7885,21.0312],[-86.7887,21.0314],[-86.7888,21.0316],[-86.7889,21.0316],[-86.7889,21.0316],[-86.7889,21.0317],[-86.789,21.0317],[-86.7894,21.0324],[-86.7894,21.0324],[-86.7894,21.0325],[-86.7894,21.0325],[-86.7895,21.0325],[-86.7906,21.0332],[-86.7921,21.034],[-86.793,21.0343],[-86.7939,21.0346],[-86.7939,21.0346],[-86.7945,21.0347],[-86.7945,21.0347],[-86.7945,21.0347],[-86.7946,21.0348],[-86.7947,21.0349],[-86.7948,21.035],[-86.7953,21.0352],[-86.7953,21.0351],[-86.7953,21.0351],[-86.7953,21.035],[-86.7953,21.0349],[-86.7953,21.0349],[-86.7953,21.0348],[-86.7955,21.0347],[-86.7957,21.0347],[-86.7958,21.0348],[-86.7959,21.0348],[-86.796,21.0348],[-86.796,21.0348],[-86.7961,21.0348],[-86.7962,21.0348],[-86.7962,21.0349],[-86.7963,21.0348],[-86.7966,21.0348],[-86.7966,21.0348],[-86.7967,21.0348],[-86.7972,21.0349],[-86.7975,21.035],[-86.7976,21.0351],[-86.7979,21.0353],[-86.7981,21.0353],[-86.7985,21.0353],[-86.7994,21.0353],[-86.7998,21.0353],[-86.8005,21.0352],[-86.8012,21.035],[-86.8014,21.0348],[-86.8016,21.0348],[-86.8022,21.0345],[-86.8025,21.0344],[-86.8028,21.0343],[-86.8037,21.0338],[-86.8043,21.0334],[-86.8046,21.0333],[-86.8048,21.0329],[-86.8048,21.0327],[-86.805,21.0326],[-86.8053,21.0326],[-86.8055,21.0325],[-86.8055,21.0325],[-86.8056,21.0326],[-86.8057,21.0327],[-86.8071,21.0317],[-86.8073,21.0315],[-86.808,21.0309],[-86.8098,21.0292],[-86.8098,21.0292],[-86.8109,21.0271],[-86.813,21.0231],[-86.8131,21.0228],[-86.8129,21.0228],[-86.8129,21.0228],[-86.8128,21.0228],[-86.8129,21.0227],[-86.8131,21.0228],[-86.8157,21.0172],[-86.8175,21.0124],[-86.8192,21.0081],[-86.8209,21.004],[-86.8219,21.0013],[-86.8231,20.9972],[-86.8235,20.996],[-86.8238,20.9947],[-86.8248,20.9912],[-86.8264,20.9873],[-86.8274,20.9835],[-86.8287,20.9796],[-86.8296,20.9757],[-86.8301,20.9714],[-86.8302,20.9684],[-86.8299,20.9675],[-86.8299,20.9669],[-86.8304,20.9654],[-86.8329,20.9611],[-86.8342,20.9572],[-86.835,20.9545],[-86.8354,20.9511],[-86.8355,20.9496],[-86.836,20.9483],[-86.8365,20.9468],[-86.8368,20.9456],[-86.837,20.9445],[-86.8372,20.9432],[-86.8372,20.942],[-86.8371,20.941],[-86.8372,20.9399],[-86.8373,20.9389],[-86.8374,20.9384],[-86.8377,20.9374],[-86.8378,20.9359],[-86.8377,20.9356],[-86.8378,20.9355],[-86.838,20.9355],[-86.8391,20.9356],[-86.8593,20.9347],[-86.8597,20.9321],[-86.8655,20.932],[-86.8721,20.932],[-86.8791,20.932],[-87.0797,20.9315],[-87.0793,20.9959],[-87.0793,20.9973],[-87.0792,21.0189],[-87.079,21.0446],[-87.079,21.0463],[-87.0789,21.0483],[-87.0789,21.0483],[-87.0789,21.0565],[-87.079,21.063],[-87.0792,21.0643],[-87.0787,21.0988],[-87.0905,21.0987],[-87.0905,21.0987],[-87.0972,21.0987],[-87.0972,21.212],[-87.0918,21.212],[-86.9975,21.212],[-86.9975,21.2172],[-86.9781,21.2172],[-86.9781,21.212],[-86.9146,21.212],[-86.9145,21.2101],[-86.8651,21.2101],[-86.866,21.212],[-86.8607,21.212],[-86.8584,21.212],[-86.848,21.212],[-86.848,21.212],[-86.848,21.212],[-86.848,21.212],[-86.848,21.212],[-86.8477,21.2115],[-86.847,21.2104],[-86.847,21.2104],[-86.8469,21.2104],[-86.8469,21.2104],[-86.8465,21.2105],[-86.846,21.2105],[-86.8455,21.2106],[-86.845,21.2107],[-86.845,21.2107],[-86.8449,21.2107],[-86.8446,21.2108],[-86.8446,21.2108],[-86.844,21.2109],[-86.8435,21.2109],[-86.8431,21.211],[-86.8429,21.211],[-86.8429,21.211],[-86.8429,21.211],[-86.843,21.2115],[-86.843,21.2115],[-86.843,21.2115],[-86.8425,21.2117],[-86.8421,21.2119],[-86.8416,21.2121],[-86.8413,21.2123],[-86.8412,21.2123],[-86.8409,21.2124],[-86.8405,21.2126],[-86.8404,21.2126],[-86.8401,21.2128],[-86.8396,21.213],[-86.8396,21.213],[-86.8396,21.213],[-86.8392,21.2121],[-86.8392,21.212],[-86.8392,21.212],[-86.8392,21.212],[-86.8315,21.212],[-86.8024,21.212],[-86.8018,21.212],[-86.8018,21.212]]]}},{"type":"Feature","properties":{"cvegeo":"23006","cve_ent":"23","name":"José María Morelos"},"geometry":{"type":"Polygon","coordinates":[[[-88.4471,20.182],[-88.4363,20.1702],[-88.4337,20.1672],[-88.4225,20.1541],[-88.4369,20.0523],[-88.4944,20.0584],[-88.4971,20.0586],[-88.4982,20.0402],[-88.4983,20.0382],[-88.4941,20.0375],[-88.4895,20.0368],[-88.4886,20.0366],[-88.4792,20.0366],[-88.4753,20.0377],[-88.4742,20.0248],[-88.4756,20.0184],[-88.4834,20.0197],[-88.4842,20.0099],[-88.4432,20.0068],[-88.4406,20.0226],[-88.4112,20.0188],[-88.3914,20.0161],[-88.392,20.0056],[-88.3916,19.9975],[-88.3925,19.9767],[-88.3959,19.9763],[-88.3952,19.9702],[-88.3929,19.9705],[-88.3934,19.9577],[-88.3971,19.9577],[-88.397,19.9513],[-88.4103,19.9509],[-88.4103,19.9523],[-88.4103,19.9573],[-88.4685,19.957],[-88.4684,19.9299],[-88.4684,19.9298],[-88.4684,19.8961],[-88.4684,19.8914],[-88.484,19.8918],[-88.4836,19.8836],[-88.4868,19.8803],[-88.5115,19.7879],[-88.5115,19.7874],[-88.5119,19.7866],[-88.5119,19.7859],[-88.5119,19.7856],[-88.5116,19.7851],[-88.5115,19.7848],[-88.5116,19.7846],[-88.512,19.784],[-88.512,19.7835],[-88.5121,19.7833],[-88.5122,19.7831],[-88.5126,19.7828],[-88.5129,19.7826],[-88.5175,19.7709],[-88.5176,19.7708],[-88.5229,19.7573],[-88.5234,19.7569],[-88.5239,19.755],[-88.5284,19.7454],[-88.5484,19.7491],[-88.5484,19.7491],[-88.5489,19.7493],[-88.5679,19.6702],[-88.5714,19.656],[-88.5759,19.6382],[-88.5984,19.6433],[-88.5906,19.6341],[-88.6232,19.6409],[-88.6244,19.6416],[-88.6253,19.6421],[-88.6308,19.6427],[-88.6331,19.6434],[-88.6395,19.6372],[-88.6384,19.6351],[-88.6533,19.6286],[-88.6517,19.6256],[-88.6517,19.6255],[-88.6516,19.6254],[-88.6316,19.5991],[-88.6311,19.5982],[-88.6306,19.5975],[-88.6186,19.5963],[-88.6192,19.5784],[-88.6207,19.5336],[-88.6218,19.4867],[-88.6222,19.4687],[-88.6225,19.4593],[-88.6227,19.4487],[-88.6453,19.4513],[-88.6452,19.4572],[-88.6651,19.459],[-88.6926,19.4622],[-88.6947,19.4436],[-88.6897,19.4439],[-88.6895,19.4375],[-88.6957,19.4372],[-88.6969,19.4265],[-88.6969,19.4262],[-88.6994,19.4039],[-88.6976,19.4032],[-88.6941,19.4018],[-88.6747,19.4032],[-88.6745,19.3952],[-88.6689,19.3947],[-88.6699,19.3861],[-88.6716,19.3696],[-88.6752,19.3386],[-88.6595,19.3384],[-88.6251,19.338],[-88.6245,19.3024],[-88.6359,19.303],[-88.636,19.2877],[-88.636,19.2819],[-88.6494,19.282],[-88.6494,19.2801],[-88.6503,19.236],[-88.6519,19.2351],[-88.6552,19.23],[-88.6552,19.2177],[-88.67,19.2176],[-88.7175,19.2182],[-88.7174,19.2311],[-88.7635,19.2305],[-88.773,19.2305],[-88.8046,19.2302],[-88.8171,19.2302],[-89.027,19.228],[-89.147,19.2266],[-89.147,19.262],[-89.1469,19.2815],[-89.1467,19.4239],[-89.1625,19.4373],[-89.1675,19.4416],[-89.2966,19.5512],[-89.2873,19.5579],[-89.2709,19.57],[-89.2507,19.585],[-89.2349,19.5969],[-89.2196,19.608],[-89.2229,19.6367],[-89.1927,19.6336],[-89.1902,19.6333],[-89.1892,19.644],[-89.1449,19.6374],[-89.1495,19.5812],[-89.109,19.5823],[-89.1084,19.6123],[-89.1336,19.6146],[-89.1326,19.6233],[-89.1234,19.7034],[-89.1131,19.7015],[-89.1042,19.6998],[-89.0742,19.6942],[-89.076,19.6854],[-89.0664,19.6836],[-89.0362,19.678],[-89.0311,19.7055],[-89.0305,19.7088],[-88.9975,19.7049],[-88.9967,19.7115],[-88.9947,19.7274],[-88.9966,19.7268],[-88.9975,19.7268],[-89.0154,19.723],[-89.017,19.7264],[-89.0433,19.7223],[-89.0438,19.7223],[-89.0488,19.7215],[-89.0473,19.7252],[-89.0469,19.7261],[-89.0328,19.7591],[-89.0313,19.7624],[-89.0303,19.7649],[-89.0278,19.7705],[-89.0252,19.7767],[-89.0222,19.7761],[-89.0185,19.7753],[-89.0161,19.7747],[-89.0143,19.7744],[-89.0099,19.7734],[-89.0071,19.7728],[-89.0066,19.7726],[-89.0059,19.7724],[-89.0055,19.7723],[-89.0048,19.7721],[-89.0041,19.772],[-89.0038,19.7736],[-89.0035,19.775],[-89.0032,19.7768],[-89.0023,19.7817],[-89.0023,19.7818],[-89.0021,19.7832],[-89.001,19.7891],[-89.0005,19.7918],[-89.0003,19.7933],[-89.0,19.7947],[-88.9998,19.7956],[-88.9996,19.797],[-88.9995,19.798],[-88.9976,19.798],[-88.9971,19.798],[-88.9967,19.798],[-88.996,19.798],[-88.9945,19.798],[-88.9937,19.798],[-88.9931,19.798],[-88.9924,19.798],[-88.991,19.7981],[-88.9896,19.7981],[-88.9867,19.7981],[-88.9862,19.7981],[-88.9844,19.7982],[-88.9847,19.7999],[-88.9847,19.801],[-88.9846,19.8025],[-88.9846,19.8031],[-88.9844,19.8052],[-88.984,19.8055],[-88.9817,19.8071],[-88.9761,19.8108],[-88.9745,19.8181],[-88.9732,19.818],[-88.9647,19.8175],[-88.9591,19.8169],[-88.9564,19.8168],[-88.9581,19.8105],[-88.9439,19.8134],[-88.9449,19.7987],[-88.9454,19.7919],[-88.9318,19.7911],[-88.9295,19.7909],[-88.9268,19.7947],[-88.9224,19.801],[-88.9203,19.804],[-88.9111,19.8009],[-88.9107,19.8058],[-88.9097,19.8136],[-88.9082,19.8207],[-88.9051,19.8267],[-88.9049,19.8271],[-88.904,19.8295],[-88.9035,19.831],[-88.9025,19.8321],[-88.902,19.8324],[-88.8997,19.8333],[-88.8976,19.8369],[-88.8982,19.8442],[-88.8988,19.8517],[-88.9,19.8583],[-88.9005,19.8611],[-88.8904,19.8585],[-88.8906,19.861],[-88.8791,19.8624],[-88.8792,19.8662],[-88.8795,19.8697],[-88.8796,19.8716],[-88.8798,19.8746],[-88.88,19.8762],[-88.8802,19.8781],[-88.87,19.8783],[-88.8664,19.8781],[-88.8626,19.8785],[-88.8583,19.8785],[-88.8542,19.8785],[-88.8482,19.8784],[-88.8458,19.8784],[-88.8397,19.8782],[-88.833,19.8782],[-88.8329,19.8787],[-88.8321,19.8816],[-88.8259,19.8799],[-88.8238,19.8839],[-88.8204,19.8905],[-88.8246,19.8941],[-88.8298,19.8986],[-88.829,19.9007],[-88.8284,19.9022],[-88.8274,19.9045],[-88.8294,19.906],[-88.8294,19.9061],[-88.8273,19.9105],[-88.8275,19.9106],[-88.8274,19.9108],[-88.8274,19.9108],[-88.8274,19.9108],[-88.8273,19.9109],[-88.8232,19.9081],[-88.8244,19.9048],[-88.8227,19.9041],[-88.8202,19.9056],[-88.8179,19.9041],[-88.8172,19.9049],[-88.8165,19.9045],[-88.8161,19.9155],[-88.8133,19.9183],[-88.8126,19.9256],[-88.8097,19.926],[-88.8099,19.927],[-88.8089,19.9341],[-88.8114,19.9352],[-88.8102,19.9449],[-88.806,19.9446],[-88.8056,19.9538],[-88.7984,19.9525],[-88.7988,19.9704],[-88.7988,19.9705],[-88.7986,19.971],[-88.7985,19.9719],[-88.7982,19.9739],[-88.798,19.9749],[-88.797,19.9745],[-88.7956,19.9739],[-88.793,19.9729],[-88.7918,19.9724],[-88.7908,19.972],[-88.7908,19.9728],[-88.7907,19.9741],[-88.7907,19.9751],[-88.7907,19.9768],[-88.7907,19.9792],[-88.7907,19.9795],[-88.7906,19.9822],[-88.7906,19.9844],[-88.7906,19.9849],[-88.7906,19.9866],[-88.7906,19.9877],[-88.7905,19.9904],[-88.7905,19.9921],[-88.7902,19.993],[-88.7897,19.9945],[-88.7892,19.9956],[-88.7844,19.9952],[-88.7844,19.9952],[-88.784,20.0017],[-88.7835,20.0082],[-88.7835,20.0082],[-88.7773,20.0079],[-88.7712,20.0077],[-88.7712,20.0077],[-88.7713,20.0096],[-88.7714,20.0115],[-88.7715,20.0135],[-88.7715,20.0135],[-88.7659,20.013],[-88.7615,20.0126],[-88.7596,20.0124],[-88.7591,20.0123],[-88.7577,20.0122],[-88.7577,20.0122],[-88.7578,20.0139],[-88.7578,20.0139],[-88.7546,20.0141],[-88.7527,20.0142],[-88.7514,20.0143],[-88.7504,20.0144],[-88.7497,20.0144],[-88.7425,20.0151],[-88.7425,20.0136],[-88.7426,20.0127],[-88.7426,20.0105],[-88.7426,20.0096],[-88.7426,20.0086],[-88.7415,20.0088],[-88.7398,20.0091],[-88.7373,20.0095],[-88.7362,20.0097],[-88.7351,20.0109],[-88.7346,20.0115],[-88.7335,20.0128],[-88.7323,20.0141],[-88.7324,20.0141],[-88.7332,20.0144],[-88.7342,20.0153],[-88.7358,20.016],[-88.736,20.0176],[-88.736,20.0176],[-88.7266,20.0148],[-88.7228,20.0132],[-88.7228,20.0132],[-88.7238,20.0055],[-88.7238,20.0055],[-88.7221,20.0051],[-88.7184,20.0103],[-88.713,20.0092],[-88.7125,20.0123],[-88.7057,20.0112],[-88.7002,20.0104],[-88.6975,20.02],[-88.6948,20.03],[-88.6918,20.0292],[-88.6891,20.0483],[-88.6877,20.058],[-88.6869,20.0636],[-88.6863,20.0679],[-88.6849,20.0774],[-88.6849,20.0774],[-88.6908,20.077],[-88.6907,20.086],[-88.6906,20.0899],[-88.6905,20.0899],[-88.6399,20.1204],[-88.6192,20.1172],[-88.6192,20.1173],[-88.6186,20.1274],[-88.6186,20.1278],[-88.6209,20.1303],[-88.6209,20.1304],[-88.6208,20.1318],[-88.6164,20.1345],[-88.6128,20.1343],[-88.6127,20.1339],[-88.6127,20.1331],[-88.6127,20.1331],[-88.588,20.1315],[-88.5877,20.1405],[-88.5782,20.1392],[-88.5782,20.1392],[-88.5767,20.1481],[-88.5076,20.1434],[-88.5041,20.1743],[-88.5041,20.1747],[-88.5023,20.1901],[-88.4471,20.182]]]}},{"type":"Feature","properties":{"cvegeo":"23009","cve_ent":"23","name":"Tulum"},"geometry":{"type":"Polygon","coordinates":[[[-87.5895,20.4692],[-87.581,20.442],[-87.5253,20.3741],[-87.4488,20.394],[-87.4484,20.3941],[-87.3944,20.3656],[-87.3907,20.3637],[-87.3778,20.3569],[-87.3648,20.3815],[-87.3786,20.3889],[-87.3921,20.3963],[-87.4081,20.4045],[-87.3816,20.4467],[-87.3637,20.4384],[-87.3573,20.4485],[-87.3514,20.4442],[-87.3483,20.442],[-87.3473,20.4404],[-87.347,20.44],[-87.3417,20.4316],[-87.3412,20.4308],[-87.3362,20.4229],[-87.336,20.4225],[-87.3316,20.4155],[-87.3314,20.4151],[-87.3312,20.4149],[-87.3298,20.4126],[-87.3296,20.4123],[-87.3293,20.4124],[-87.3217,20.4167],[-87.3182,20.4149],[-87.3125,20.412],[-87.3123,20.4119],[-87.3121,20.4118],[-87.312,20.4117],[-87.3118,20.4122],[-87.3118,20.4122],[-87.3111,20.4133],[-87.311,20.4135],[-87.3109,20.4137],[-87.3109,20.4137],[-87.3106,20.4136],[-87.3098,20.4132],[-87.3073,20.4122],[-87.3064,20.4118],[-87.3061,20.4116],[-87.3061,20.4116],[-87.306,20.4116],[-87.306,20.4116],[-87.3057,20.4115],[-87.3057,20.4115],[-87.3055,20.4114],[-87.3036,20.4106],[-87.3037,20.4098],[-87.3037,20.4098],[-87.3037,20.4098],[-87.3037,20.4098],[-87.3037,20.4097],[-87.3035,20.4094],[-87.3033,20.4093],[-87.3034,20.409],[-87.3032,20.4089],[-87.303,20.4088],[-87.3028,20.4088],[-87.3027,20.4086],[-87.3028,20.4084],[-87.3028,20.4082],[-87.3029,20.4079],[-87.303,20.4077],[-87.3034,20.407],[-87.3035,20.407],[-87.3035,20.4069],[-87.3036,20.4068],[-87.3037,20.4068],[-87.3037,20.4068],[-87.3037,20.4068],[-87.304,20.4068],[-87.304,20.4068],[-87.3042,20.4069],[-87.3042,20.4069],[-87.3042,20.4069],[-87.3043,20.4069],[-87.3045,20.4071],[-87.3046,20.4072],[-87.3049,20.4072],[-87.3049,20.4072],[-87.3053,20.4073],[-87.3053,20.4073],[-87.3053,20.4073],[-87.3053,20.4073],[-87.3053,20.4073],[-87.3053,20.4073],[-87.3053,20.4073],[-87.3057,20.4072],[-87.3062,20.4071],[-87.3066,20.407],[-87.3074,20.4065],[-87.3086,20.4056],[-87.3089,20.405],[-87.309,20.4045],[-87.3093,20.4037],[-87.3093,20.4033],[-87.3093,20.4028],[-87.3091,20.4024],[-87.3091,20.4024],[-87.3089,20.4021],[-87.3084,20.4018],[-87.3079,20.4013],[-87.3076,20.401],[-87.3075,20.4007],[-87.3076,20.4],[-87.308,20.3993],[-87.3085,20.3985],[-87.3091,20.3982],[-87.3094,20.3975],[-87.3097,20.3969],[-87.31,20.3965],[-87.31,20.3964],[-87.31,20.3964],[-87.3099,20.3964],[-87.3099,20.3961],[-87.31,20.3959],[-87.31,20.3957],[-87.31,20.3957],[-87.3104,20.3952],[-87.3109,20.3946],[-87.311,20.3946],[-87.311,20.3945],[-87.311,20.3945],[-87.3111,20.3945],[-87.3111,20.3945],[-87.3113,20.3944],[-87.3114,20.3944],[-87.3114,20.3944],[-87.3115,20.3943],[-87.3115,20.3943],[-87.3115,20.3943],[-87.3115,20.3943],[-87.3117,20.3944],[-87.3117,20.3944],[-87.3118,20.3945],[-87.3118,20.3946],[-87.3117,20.3946],[-87.3117,20.3946],[-87.3117,20.3947],[-87.3117,20.3947],[-87.3119,20.3951],[-87.312,20.3951],[-87.312,20.3951],[-87.3122,20.3951],[-87.3122,20.3951],[-87.3123,20.3952],[-87.3124,20.3953],[-87.3124,20.3953],[-87.3125,20.3953],[-87.3125,20.3953],[-87.3125,20.3953],[-87.3126,20.3956],[-87.3126,20.3957],[-87.3127,20.396],[-87.3127,20.396],[-87.3128,20.3961],[-87.3128,20.3961],[-87.313,20.3961],[-87.313,20.3961],[-87.313,20.3961],[-87.313,20.3961],[-87.313,20.3961],[-87.3131,20.3961],[-87.3142,20.3958],[-87.3146,20.3955],[-87.3147,20.3955],[-87.3147,20.3955],[-87.3147,20.3954],[-87.315,20.395],[-87.3155,20.3942],[-87.316,20.3938],[-87.3166,20.3934],[-87.3177,20.3929],[-87.3185,20.3921],[-87.3191,20.3914],[-87.3195,20.3907],[-87.3197,20.3903],[-87.3198,20.3897],[-87.3201,20.3891],[-87.3203,20.3885],[-87.3205,20.3883],[-87.3206,20.3882],[-87.3207,20.3881],[-87.3208,20.388],[-87.3208,20.388],[-87.3219,20.3874],[-87.3222,20.3873],[-87.3223,20.3872],[-87.3224,20.3871],[-87.3227,20.3868],[-87.3229,20.3865],[-87.3232,20.386],[-87.3232,20.3859],[-87.3232,20.3859],[-87.3229,20.3853],[-87.3229,20.3853],[-87.3229,20.3852],[-87.3225,20.3852],[-87.3224,20.3853],[-87.3224,20.3853],[-87.3225,20.3852],[-87.3228,20.3851],[-87.3228,20.3851],[-87.3228,20.3851],[-87.3229,20.3848],[-87.3231,20.3845],[-87.3232,20.3846],[-87.3236,20.3843],[-87.3237,20.3843],[-87.3238,20.3842],[-87.3239,20.3841],[-87.3239,20.3841],[-87.324,20.384],[-87.324,20.3838],[-87.3241,20.3837],[-87.3241,20.3836],[-87.3241,20.3832],[-87.3242,20.3829],[-87.3242,20.3828],[-87.3241,20.3817],[-87.3241,20.3816],[-87.3241,20.3815],[-87.324,20.3813],[-87.3238,20.3804],[-87.3236,20.38],[-87.3235,20.3798],[-87.3234,20.3796],[-87.3233,20.3795],[-87.323,20.3793],[-87.3229,20.3792],[-87.3229,20.3792],[-87.3228,20.3792],[-87.3228,20.3792],[-87.3227,20.3791],[-87.3226,20.3791],[-87.3225,20.3791],[-87.3223,20.3789],[-87.3223,20.3788],[-87.3222,20.3787],[-87.3221,20.3784],[-87.3222,20.3783],[-87.3223,20.3779],[-87.3222,20.3774],[-87.3222,20.3773],[-87.3223,20.377],[-87.3223,20.3769],[-87.3224,20.3768],[-87.3226,20.3767],[-87.3227,20.3766],[-87.3227,20.3765],[-87.3228,20.3764],[-87.3228,20.3764],[-87.3229,20.3764],[-87.3229,20.3763],[-87.3229,20.3762],[-87.3229,20.3762],[-87.323,20.3759],[-87.323,20.3756],[-87.323,20.3754],[-87.3231,20.3753],[-87.3231,20.3753],[-87.3234,20.3747],[-87.3237,20.3747],[-87.324,20.3752],[-87.3241,20.3752],[-87.3244,20.3751],[-87.3245,20.3751],[-87.3246,20.375],[-87.3246,20.375],[-87.3245,20.3748],[-87.3245,20.3747],[-87.3246,20.3746],[-87.3246,20.3746],[-87.3246,20.3747],[-87.3246,20.3747],[-87.3246,20.3748],[-87.3246,20.3748],[-87.3246,20.3748],[-87.3246,20.375],[-87.3248,20.3749],[-87.3249,20.3749],[-87.325,20.3749],[-87.325,20.3749],[-87.3251,20.3748],[-87.3252,20.3748],[-87.3254,20.3746],[-87.3255,20.3745],[-87.3255,20.3745],[-87.3257,20.3743],[-87.326,20.374],[-87.3263,20.3738],[-87.3264,20.3737],[-87.3268,20.3734],[-87.3269,20.3733],[-87.3271,20.3732],[-87.3272,20.3731],[-87.3282,20.3721],[-87.3283,20.372],[-87.3284,20.3719],[-87.3284,20.3718],[-87.3285,20.3716],[-87.3287,20.3711],[-87.3288,20.371],[-87.3289,20.3708],[-87.3291,20.3701],[-87.3291,20.37],[-87.3292,20.3696],[-87.3294,20.369],[-87.3296,20.3687],[-87.3298,20.3685],[-87.3299,20.3683],[-87.33,20.3683],[-87.3302,20.3682],[-87.3304,20.3679],[-87.3305,20.3678],[-87.3307,20.3676],[-87.3308,20.3675],[-87.3311,20.3673],[-87.3312,20.3672],[-87.3312,20.3672],[-87.3315,20.3668],[-87.3317,20.3666],[-87.3317,20.3665],[-87.3318,20.3664],[-87.3319,20.3661],[-87.332,20.3659],[-87.3321,20.3655],[-87.3322,20.3651],[-87.3322,20.3645],[-87.3322,20.3644],[-87.3321,20.3642],[-87.332,20.3638],[-87.332,20.3637],[-87.332,20.3637],[-87.332,20.3637],[-87.3319,20.3632],[-87.3319,20.3631],[-87.3319,20.3628],[-87.3319,20.3624],[-87.3319,20.3624],[-87.3319,20.3624],[-87.3319,20.3623],[-87.3319,20.3623],[-87.3318,20.3622],[-87.3318,20.3621],[-87.3317,20.362],[-87.3316,20.3619],[-87.3315,20.3618],[-87.3314,20.3618],[-87.3313,20.3617],[-87.3312,20.3617],[-87.3312,20.3618],[-87.3311,20.3615],[-87.3312,20.3613],[-87.3315,20.3608],[-87.3315,20.3607],[-87.3316,20.3607],[-87.3316,20.3607],[-87.3316,20.3607],[-87.3316,20.3606],[-87.3317,20.3606],[-87.3317,20.3606],[-87.3317,20.3605],[-87.3318,20.3603],[-87.3319,20.3602],[-87.3319,20.3601],[-87.3319,20.36],[-87.3319,20.36],[-87.3319,20.3599],[-87.3319,20.3599],[-87.3319,20.3598],[-87.332,20.3598],[-87.332,20.3598],[-87.332,20.3598],[-87.332,20.3596],[-87.332,20.3595],[-87.332,20.3595],[-87.3319,20.3594],[-87.3319,20.3594],[-87.3319,20.3594],[-87.3319,20.3594],[-87.3319,20.3594],[-87.3319,20.3592],[-87.3319,20.3591],[-87.332,20.3589],[-87.3321,20.3589],[-87.3321,20.3588],[-87.3321,20.3588],[-87.3324,20.3587],[-87.3325,20.3587],[-87.3326,20.3587],[-87.3326,20.3587],[-87.3326,20.3586],[-87.3327,20.3585],[-87.3328,20.3584],[-87.3328,20.3583],[-87.333,20.358],[-87.3331,20.3578],[-87.3331,20.3578],[-87.3331,20.3576],[-87.333,20.3576],[-87.333,20.3576],[-87.333,20.3576],[-87.3329,20.3575],[-87.3329,20.3575],[-87.3329,20.3576],[-87.3328,20.3576],[-87.3327,20.3576],[-87.3327,20.3577],[-87.3326,20.3577],[-87.3326,20.3578],[-87.3326,20.3578],[-87.3326,20.3579],[-87.3326,20.358],[-87.3326,20.358],[-87.3325,20.3581],[-87.3325,20.3581],[-87.3325,20.3581],[-87.3325,20.3578],[-87.3325,20.3578],[-87.3325,20.3577],[-87.3327,20.3575],[-87.3328,20.3574],[-87.3328,20.3574],[-87.3329,20.3574],[-87.3329,20.3574],[-87.333,20.3574],[-87.3331,20.3575],[-87.3332,20.3575],[-87.3332,20.3574],[-87.3332,20.3574],[-87.3332,20.3573],[-87.3332,20.3572],[-87.3332,20.3569],[-87.3332,20.3568],[-87.3332,20.3568],[-87.3333,20.3567],[-87.3333,20.3567],[-87.3333,20.3566],[-87.3334,20.3565],[-87.3335,20.3564],[-87.3336,20.3563],[-87.3336,20.3563],[-87.3337,20.3563],[-87.3337,20.3563],[-87.3337,20.3563],[-87.3337,20.3563],[-87.3339,20.3565],[-87.3343,20.3567],[-87.3345,20.3568],[-87.3346,20.3568],[-87.3346,20.3568],[-87.335,20.3567],[-87.335,20.3567],[-87.335,20.3566],[-87.3351,20.3565],[-87.3351,20.3565],[-87.3353,20.3563],[-87.3358,20.3562],[-87.3358,20.3562],[-87.3358,20.3563],[-87.3359,20.3563],[-87.3359,20.3563],[-87.3361,20.3564],[-87.3362,20.3565],[-87.3367,20.3569],[-87.3367,20.3569],[-87.3371,20.357],[-87.3374,20.357],[-87.3375,20.357],[-87.3375,20.357],[-87.3376,20.3569],[-87.3379,20.3566],[-87.3379,20.3566],[-87.338,20.3564],[-87.3381,20.3563],[-87.3382,20.3561],[-87.3382,20.356],[-87.3382,20.356],[-87.3381,20.3556],[-87.3381,20.3556],[-87.338,20.3555],[-87.3379,20.3555],[-87.3379,20.3554],[-87.337,20.3551],[-87.3369,20.3551],[-87.3368,20.3551],[-87.3368,20.3551],[-87.3365,20.3549],[-87.3364,20.3547],[-87.3363,20.3547],[-87.3362,20.3543],[-87.3359,20.3539],[-87.3359,20.3539],[-87.3358,20.3538],[-87.3357,20.3538],[-87.3357,20.3538],[-87.3356,20.3534],[-87.3355,20.3532],[-87.3355,20.3532],[-87.3355,20.3531],[-87.3355,20.3531],[-87.3355,20.353],[-87.3359,20.3522],[-87.336,20.352],[-87.3361,20.3519],[-87.3364,20.3516],[-87.3366,20.3516],[-87.3366,20.3516],[-87.3367,20.3516],[-87.3367,20.3516],[-87.3367,20.3517],[-87.3368,20.3518],[-87.3368,20.3518],[-87.3369,20.3521],[-87.3369,20.3522],[-87.3369,20.3522],[-87.3374,20.3525],[-87.3374,20.3525],[-87.3375,20.3525],[-87.3376,20.3525],[-87.3382,20.3525],[-87.3383,20.3524],[-87.3384,20.3524],[-87.3385,20.3524],[-87.3387,20.3523],[-87.3388,20.3522],[-87.339,20.3521],[-87.3391,20.352],[-87.3392,20.3518],[-87.3393,20.3517],[-87.3394,20.3515],[-87.3395,20.3514],[-87.3396,20.3512],[-87.3397,20.3511],[-87.3397,20.3508],[-87.3398,20.3507],[-87.3398,20.3504],[-87.3397,20.3498],[-87.3396,20.3495],[-87.3395,20.3492],[-87.3394,20.349],[-87.3394,20.349],[-87.3393,20.349],[-87.3393,20.349],[-87.3392,20.3489],[-87.3388,20.3487],[-87.3388,20.3486],[-87.3387,20.3485],[-87.3387,20.3482],[-87.3386,20.348],[-87.3386,20.3479],[-87.3386,20.3473],[-87.3387,20.3467],[-87.3391,20.346],[-87.3395,20.3455],[-87.3397,20.345],[-87.3398,20.3446],[-87.34,20.3442],[-87.3406,20.3432],[-87.3408,20.343],[-87.341,20.3428],[-87.3412,20.3426],[-87.3414,20.3426],[-87.3415,20.3426],[-87.3415,20.3425],[-87.3415,20.3424],[-87.3415,20.3423],[-87.3415,20.342],[-87.3414,20.3419],[-87.3414,20.3417],[-87.3414,20.3416],[-87.3414,20.3416],[-87.3415,20.3416],[-87.3415,20.3416],[-87.3416,20.3416],[-87.3416,20.3416],[-87.3417,20.3417],[-87.3418,20.3417],[-87.3423,20.342],[-87.3431,20.3416],[-87.3436,20.3413],[-87.3442,20.341],[-87.3443,20.3408],[-87.3443,20.3406],[-87.3446,20.3403],[-87.3447,20.3403],[-87.3451,20.3401],[-87.3453,20.3401],[-87.3456,20.3401],[-87.3456,20.3401],[-87.3462,20.3398],[-87.3464,20.3397],[-87.3466,20.3396],[-87.3467,20.3395],[-87.3468,20.3394],[-87.3468,20.3394],[-87.3469,20.3394],[-87.3469,20.3393],[-87.347,20.3392],[-87.3471,20.3392],[-87.3473,20.3389],[-87.3474,20.3387],[-87.3476,20.3386],[-87.3478,20.3382],[-87.3479,20.3381],[-87.348,20.3378],[-87.3482,20.3376],[-87.3483,20.3374],[-87.3483,20.3373],[-87.3485,20.3369],[-87.3485,20.3367],[-87.3486,20.3365],[-87.3486,20.3363],[-87.3486,20.3358],[-87.3486,20.3356],[-87.3486,20.3353],[-87.3486,20.3348],[-87.3486,20.3346],[-87.3486,20.3345],[-87.3485,20.3344],[-87.3486,20.3339],[-87.3486,20.3338],[-87.3488,20.3335],[-87.3488,20.3333],[-87.3489,20.3333],[-87.3491,20.3333],[-87.3493,20.3333],[-87.3496,20.3332],[-87.35,20.3331],[-87.3511,20.3327],[-87.3512,20.3326],[-87.3514,20.3326],[-87.3515,20.3325],[-87.3516,20.3324],[-87.3517,20.3323],[-87.3518,20.3322],[-87.3527,20.3313],[-87.3531,20.3307],[-87.3536,20.3299],[-87.3539,20.3297],[-87.3539,20.3295],[-87.354,20.3294],[-87.354,20.3293],[-87.354,20.3292],[-87.3541,20.3291],[-87.3541,20.3286],[-87.3542,20.3273],[-87.3542,20.3272],[-87.3542,20.3271],[-87.3542,20.3267],[-87.3542,20.3264],[-87.3542,20.3262],[-87.3542,20.326],[-87.3542,20.3259],[-87.3541,20.3256],[-87.3541,20.3254],[-87.3539,20.3252],[-87.3539,20.325],[-87.3538,20.3249],[-87.3538,20.3248],[-87.3537,20.3247],[-87.3535,20.3244],[-87.3533,20.3241],[-87.353,20.3237],[-87.3529,20.3235],[-87.3527,20.3233],[-87.3524,20.3229],[-87.353,20.3232],[-87.3585,20.3248],[-87.3634,20.3144],[-87.3588,20.3127],[-87.3562,20.3117],[-87.3559,20.3116],[-87.3559,20.3115],[-87.3559,20.3115],[-87.356,20.3114],[-87.356,20.3113],[-87.3561,20.3106],[-87.3562,20.3101],[-87.3562,20.31],[-87.3562,20.31],[-87.3562,20.3099],[-87.3565,20.3096],[-87.3567,20.3094],[-87.3569,20.309],[-87.357,20.3086],[-87.3572,20.308],[-87.3573,20.3077],[-87.3573,20.3074],[-87.3573,20.3074],[-87.3574,20.3073],[-87.3574,20.3073],[-87.3575,20.3072],[-87.3575,20.3071],[-87.3576,20.3071],[-87.3576,20.3071],[-87.3577,20.3071],[-87.3579,20.3073],[-87.3582,20.3073],[-87.3582,20.3072],[-87.3584,20.3071],[-87.3584,20.3071],[-87.3584,20.307],[-87.3584,20.307],[-87.3584,20.3069],[-87.3584,20.3069],[-87.3584,20.3068],[-87.3584,20.3068],[-87.3583,20.3066],[-87.3583,20.3066],[-87.3582,20.3065],[-87.3582,20.3065],[-87.3582,20.3065],[-87.3578,20.3064],[-87.3582,20.3058],[-87.3584,20.3055],[-87.3585,20.3053],[-87.3588,20.3047],[-87.3589,20.3045],[-87.3589,20.3041],[-87.3589,20.3038],[-87.3592,20.3033],[-87.3594,20.3031],[-87.3595,20.3031],[-87.3595,20.3031],[-87.3596,20.3031],[-87.3599,20.3028],[-87.36,20.3027],[-87.36,20.3025],[-87.3601,20.3025],[-87.3601,20.3025],[-87.3601,20.3024],[-87.36,20.3024],[-87.36,20.3024],[-87.3599,20.3023],[-87.3599,20.3024],[-87.3599,20.3022],[-87.3599,20.3019],[-87.36,20.3018],[-87.3601,20.3016],[-87.3601,20.3015],[-87.3602,20.3013],[-87.3601,20.3011],[-87.3601,20.3009],[-87.3606,20.2999],[-87.3608,20.2996],[-87.361,20.2994],[-87.3611,20.2993],[-87.3611,20.2992],[-87.3612,20.2991],[-87.3612,20.2991],[-87.3612,20.2991],[-87.3612,20.2988],[-87.3615,20.2982],[-87.3617,20.2978],[-87.3621,20.2974],[-87.3626,20.2965],[-87.3628,20.2961],[-87.3632,20.2961],[-87.3634,20.2961],[-87.3635,20.2961],[-87.3635,20.2961],[-87.3637,20.2961],[-87.3637,20.296],[-87.3638,20.2959],[-87.3639,20.2958],[-87.3639,20.2957],[-87.364,20.2956],[-87.364,20.2955],[-87.364,20.2955],[-87.364,20.2954],[-87.3639,20.2953],[-87.3639,20.2952],[-87.3639,20.2951],[-87.3638,20.2951],[-87.3638,20.2952],[-87.3638,20.2952],[-87.3637,20.2952],[-87.3636,20.2952],[-87.3635,20.2952],[-87.3635,20.2952],[-87.3635,20.2951],[-87.3635,20.295],[-87.3634,20.2946],[-87.3634,20.2943],[-87.3636,20.2939],[-87.3638,20.2936],[-87.3641,20.2933],[-87.3642,20.2933],[-87.3642,20.2933],[-87.3643,20.2933],[-87.3644,20.2934],[-87.3644,20.2935],[-87.3645,20.2936],[-87.3646,20.2938],[-87.3647,20.294],[-87.3651,20.2942],[-87.366,20.2947],[-87.3663,20.2949],[-87.3664,20.2949],[-87.3668,20.295],[-87.3668,20.295],[-87.3669,20.2951],[-87.3671,20.2953],[-87.3674,20.2956],[-87.3674,20.2956],[-87.3674,20.2957],[-87.3675,20.2958],[-87.3676,20.2958],[-87.3676,20.2959],[-87.3677,20.2959],[-87.3678,20.296],[-87.3678,20.296],[-87.3679,20.296],[-87.368,20.296],[-87.3683,20.2959],[-87.3686,20.2959],[-87.3687,20.2958],[-87.3688,20.2958],[-87.369,20.2957],[-87.369,20.2957],[-87.3691,20.2956],[-87.3691,20.2956],[-87.3691,20.2956],[-87.3692,20.2955],[-87.3693,20.2955],[-87.3694,20.2955],[-87.3694,20.2955],[-87.3697,20.2956],[-87.3698,20.2956],[-87.3698,20.2957],[-87.3698,20.2957],[-87.3699,20.2957],[-87.37,20.2957],[-87.3701,20.2957],[-87.3704,20.2955],[-87.3705,20.2955],[-87.3707,20.2954],[-87.3712,20.295],[-87.3713,20.295],[-87.3714,20.295],[-87.3715,20.2948],[-87.3715,20.2947],[-87.3716,20.2947],[-87.3716,20.2945],[-87.3717,20.2945],[-87.3717,20.2944],[-87.3717,20.2943],[-87.3717,20.294],[-87.3721,20.2937],[-87.3724,20.2934],[-87.3724,20.2933],[-87.3724,20.2933],[-87.3721,20.2928],[-87.372,20.2928],[-87.3719,20.2927],[-87.3719,20.2926],[-87.3719,20.2926],[-87.372,20.2924],[-87.3722,20.2923],[-87.3724,20.2922],[-87.3724,20.2922],[-87.3724,20.2922],[-87.3725,20.2921],[-87.3725,20.292],[-87.3726,20.2916],[-87.3725,20.2915],[-87.3725,20.2915],[-87.3725,20.2914],[-87.3724,20.2913],[-87.3726,20.2911],[-87.373,20.2909],[-87.3731,20.2908],[-87.3732,20.2907],[-87.3732,20.2908],[-87.3733,20.2908],[-87.3733,20.2909],[-87.3735,20.2911],[-87.3736,20.2911],[-87.3738,20.2911],[-87.3743,20.2909],[-87.3744,20.2908],[-87.3745,20.2906],[-87.3745,20.2906],[-87.3745,20.2897],[-87.3747,20.289],[-87.3747,20.2888],[-87.3747,20.2886],[-87.3743,20.2885],[-87.3741,20.2886],[-87.3741,20.2886],[-87.374,20.2886],[-87.374,20.2885],[-87.3739,20.2885],[-87.3739,20.2884],[-87.3739,20.2883],[-87.374,20.2882],[-87.374,20.2882],[-87.374,20.2882],[-87.374,20.2882],[-87.374,20.2879],[-87.3737,20.2873],[-87.3734,20.2868],[-87.3734,20.2868],[-87.3734,20.2868],[-87.3733,20.2868],[-87.3732,20.2868],[-87.3732,20.2868],[-87.3732,20.2867],[-87.3732,20.2867],[-87.3731,20.2866],[-87.3729,20.2866],[-87.3728,20.2865],[-87.3725,20.2864],[-87.3723,20.2864],[-87.372,20.2865],[-87.3714,20.2869],[-87.3709,20.2869],[-87.3709,20.2869],[-87.3708,20.2869],[-87.3706,20.2869],[-87.3705,20.2869],[-87.3694,20.2867],[-87.3691,20.2865],[-87.3688,20.2863],[-87.3686,20.2862],[-87.3686,20.2862],[-87.3684,20.2864],[-87.3681,20.2866],[-87.3681,20.2867],[-87.368,20.2867],[-87.368,20.2867],[-87.368,20.2866],[-87.3676,20.286],[-87.3676,20.286],[-87.3676,20.286],[-87.3676,20.286],[-87.3676,20.2859],[-87.3678,20.2857],[-87.3679,20.2856],[-87.368,20.2857],[-87.3681,20.2857],[-87.3682,20.2858],[-87.3683,20.2858],[-87.3683,20.2858],[-87.3683,20.2859],[-87.3683,20.2859],[-87.3684,20.286],[-87.3686,20.2861],[-87.3689,20.2861],[-87.369,20.2859],[-87.369,20.2857],[-87.3691,20.2855],[-87.3693,20.2854],[-87.3697,20.2848],[-87.3699,20.2847],[-87.3701,20.2846],[-87.3701,20.2843],[-87.3701,20.2842],[-87.3701,20.2841],[-87.3701,20.2841],[-87.3701,20.284],[-87.3702,20.284],[-87.3705,20.2842],[-87.3707,20.2843],[-87.3713,20.2843],[-87.3717,20.2844],[-87.3725,20.2848],[-87.3726,20.2849],[-87.3726,20.2849],[-87.3728,20.2851],[-87.3728,20.2851],[-87.3729,20.2852],[-87.373,20.2854],[-87.3731,20.2855],[-87.3736,20.2858],[-87.3745,20.286],[-87.3749,20.286],[-87.3752,20.286],[-87.3753,20.286],[-87.3753,20.286],[-87.3755,20.286],[-87.3757,20.2859],[-87.3758,20.2858],[-87.3761,20.2858],[-87.3764,20.2856],[-87.3765,20.2855],[-87.3767,20.2854],[-87.3772,20.2851],[-87.3774,20.285],[-87.3779,20.2846],[-87.3784,20.2841],[-87.3787,20.2838],[-87.3788,20.2837],[-87.3789,20.2836],[-87.3792,20.2833],[-87.3792,20.2832],[-87.3795,20.2829],[-87.3797,20.2824],[-87.3799,20.2822],[-87.3802,20.2818],[-87.3802,20.2816],[-87.3803,20.2815],[-87.3803,20.2813],[-87.3804,20.2812],[-87.3805,20.2809],[-87.3807,20.2804],[-87.3809,20.2799],[-87.381,20.2796],[-87.3811,20.2792],[-87.3811,20.2791],[-87.3812,20.2788],[-87.3812,20.2782],[-87.3812,20.2778],[-87.3812,20.2778],[-87.3812,20.2777],[-87.3812,20.2776],[-87.3812,20.2774],[-87.3811,20.2773],[-87.381,20.2767],[-87.3809,20.2767],[-87.3808,20.2764],[-87.3807,20.2763],[-87.3804,20.2761],[-87.3803,20.276],[-87.3803,20.276],[-87.3802,20.276],[-87.3801,20.2759],[-87.3799,20.2758],[-87.3798,20.2758],[-87.3797,20.2757],[-87.3795,20.2756],[-87.3794,20.2755],[-87.3792,20.2753],[-87.3791,20.2752],[-87.3786,20.2747],[-87.3785,20.2746],[-87.3784,20.2745],[-87.3783,20.2743],[-87.3782,20.274],[-87.3782,20.274],[-87.3782,20.2739],[-87.3783,20.2738],[-87.3783,20.2738],[-87.3784,20.2738],[-87.3784,20.2738],[-87.3787,20.2735],[-87.3788,20.2732],[-87.3789,20.2728],[-87.3792,20.2723],[-87.3794,20.2722],[-87.3794,20.2721],[-87.3795,20.2721],[-87.3796,20.2719],[-87.3796,20.2719],[-87.3797,20.2717],[-87.3798,20.2714],[-87.3802,20.2707],[-87.3805,20.2704],[-87.3808,20.2698],[-87.3809,20.2697],[-87.381,20.2695],[-87.3811,20.2694],[-87.3811,20.2693],[-87.3812,20.269],[-87.3817,20.2678],[-87.3818,20.2676],[-87.3818,20.2675],[-87.3819,20.2674],[-87.3819,20.2673],[-87.382,20.2672],[-87.3822,20.267],[-87.3822,20.267],[-87.3823,20.2669],[-87.3823,20.2669],[-87.3823,20.2669],[-87.3826,20.2668],[-87.3828,20.2668],[-87.3832,20.267],[-87.3833,20.2671],[-87.3835,20.2672],[-87.3837,20.2674],[-87.3843,20.2679],[-87.3845,20.268],[-87.3847,20.2681],[-87.3847,20.2682],[-87.3848,20.2682],[-87.3852,20.2687],[-87.3853,20.2688],[-87.3854,20.2689],[-87.3854,20.269],[-87.3855,20.2691],[-87.3855,20.2691],[-87.3855,20.2692],[-87.3856,20.2693],[-87.3857,20.2693],[-87.3858,20.2694],[-87.3858,20.2694],[-87.386,20.2694],[-87.3861,20.2694],[-87.3862,20.2693],[-87.3863,20.2693],[-87.3865,20.2692],[-87.3867,20.2691],[-87.3871,20.2688],[-87.3872,20.2687],[-87.3869,20.2683],[-87.387,20.2683],[-87.387,20.2683],[-87.387,20.2684],[-87.3873,20.2687],[-87.3876,20.2685],[-87.3879,20.2683],[-87.3884,20.2681],[-87.3889,20.2679],[-87.3889,20.2678],[-87.389,20.2678],[-87.3892,20.2676],[-87.3898,20.267],[-87.3899,20.2669],[-87.39,20.2668],[-87.3901,20.2666],[-87.3899,20.2664],[-87.3899,20.2663],[-87.3899,20.2664],[-87.3899,20.2664],[-87.3901,20.2666],[-87.3903,20.2664],[-87.39,20.2662],[-87.3901,20.2662],[-87.3901,20.2662],[-87.3901,20.2662],[-87.3903,20.2664],[-87.3903,20.2664],[-87.3906,20.2662],[-87.3907,20.2662],[-87.3907,20.2661],[-87.3908,20.2661],[-87.3909,20.266],[-87.3914,20.2655],[-87.3914,20.2655],[-87.3914,20.2654],[-87.3911,20.2652],[-87.3911,20.2651],[-87.3912,20.2652],[-87.3912,20.2652],[-87.3914,20.2654],[-87.3914,20.2654],[-87.3915,20.2653],[-87.3919,20.2646],[-87.3926,20.2638],[-87.3929,20.2635],[-87.3932,20.2634],[-87.3932,20.2634],[-87.3932,20.2633],[-87.3933,20.2633],[-87.393,20.263],[-87.3931,20.2629],[-87.3933,20.2632],[-87.3934,20.2632],[-87.3936,20.263],[-87.3938,20.2628],[-87.3938,20.2627],[-87.3939,20.2627],[-87.394,20.2626],[-87.394,20.2624],[-87.3941,20.2623],[-87.3946,20.2616],[-87.3952,20.2609],[-87.3954,20.2606],[-87.3957,20.2604],[-87.3962,20.2597],[-87.3963,20.2594],[-87.3965,20.2591],[-87.3966,20.2589],[-87.3966,20.2588],[-87.3967,20.2588],[-87.397,20.2585],[-87.3973,20.2583],[-87.3977,20.2578],[-87.3978,20.2577],[-87.398,20.2574],[-87.3981,20.2572],[-87.3982,20.257],[-87.3982,20.2569],[-87.3983,20.2564],[-87.3983,20.256],[-87.3985,20.2558],[-87.3988,20.2555],[-87.3991,20.2552],[-87.3992,20.2551],[-87.3993,20.255],[-87.3994,20.2549],[-87.3995,20.2547],[-87.3996,20.2545],[-87.3997,20.2543],[-87.3998,20.2542],[-87.3999,20.254],[-87.3999,20.2539],[-87.4,20.2537],[-87.4001,20.2536],[-87.4001,20.2535],[-87.4005,20.253],[-87.4008,20.2527],[-87.401,20.2524],[-87.4011,20.2523],[-87.4012,20.2522],[-87.4013,20.2522],[-87.4014,20.2521],[-87.4015,20.252],[-87.4016,20.252],[-87.4017,20.2519],[-87.4019,20.2519],[-87.402,20.2519],[-87.4022,20.2518],[-87.4024,20.2517],[-87.4029,20.2514],[-87.403,20.2514],[-87.4031,20.2513],[-87.4035,20.251],[-87.4036,20.2509],[-87.4036,20.2509],[-87.4037,20.2508],[-87.4039,20.2506],[-87.4042,20.25],[-87.4043,20.2498],[-87.4043,20.2497],[-87.4043,20.2496],[-87.4044,20.2494],[-87.4044,20.2493],[-87.4044,20.2492],[-87.4045,20.2491],[-87.4046,20.249],[-87.4047,20.2488],[-87.4048,20.2487],[-87.405,20.2486],[-87.4051,20.2485],[-87.4055,20.2482],[-87.4059,20.248],[-87.406,20.2479],[-87.4061,20.2478],[-87.4063,20.2476],[-87.4064,20.2474],[-87.4065,20.2473],[-87.4066,20.2472],[-87.4067,20.2471],[-87.4067,20.247],[-87.4068,20.2469],[-87.4068,20.2468],[-87.4069,20.2468],[-87.4069,20.2467],[-87.4071,20.2466],[-87.4073,20.2464],[-87.4074,20.2464],[-87.4076,20.2462],[-87.4077,20.2461],[-87.4084,20.2455],[-87.4093,20.2446],[-87.4097,20.2442],[-87.4098,20.2441],[-87.4098,20.244],[-87.4099,20.2438],[-87.4099,20.2437],[-87.41,20.2436],[-87.4101,20.2434],[-87.4103,20.2431],[-87.4105,20.2428],[-87.4107,20.2426],[-87.4109,20.2423],[-87.4112,20.2419],[-87.4115,20.2416],[-87.4115,20.2415],[-87.4116,20.2414],[-87.4117,20.2413],[-87.4118,20.2412],[-87.4121,20.241],[-87.4123,20.2409],[-87.4124,20.2408],[-87.4125,20.2406],[-87.4126,20.2405],[-87.4127,20.2404],[-87.4127,20.2403],[-87.4128,20.2401],[-87.4128,20.24],[-87.4129,20.2399],[-87.413,20.2397],[-87.4133,20.2394],[-87.4137,20.2387],[-87.4138,20.2386],[-87.4139,20.2383],[-87.414,20.238],[-87.4141,20.2377],[-87.4142,20.2376],[-87.4145,20.2372],[-87.4149,20.2365],[-87.415,20.2364],[-87.415,20.2362],[-87.4151,20.236],[-87.4151,20.2358],[-87.4151,20.2356],[-87.4152,20.2355],[-87.4152,20.2354],[-87.4152,20.2351],[-87.4153,20.2347],[-87.4153,20.2346],[-87.4153,20.2345],[-87.4154,20.2343],[-87.4154,20.2342],[-87.4156,20.2339],[-87.4156,20.2338],[-87.416,20.2334],[-87.4161,20.2333],[-87.4164,20.2327],[-87.4166,20.2325],[-87.4166,20.2325],[-87.4166,20.2325],[-87.4167,20.2325],[-87.4168,20.2325],[-87.417,20.2324],[-87.4171,20.2324],[-87.4171,20.2323],[-87.4172,20.2322],[-87.4179,20.2315],[-87.4181,20.2313],[-87.4183,20.2313],[-87.4183,20.2313],[-87.4184,20.2313],[-87.4184,20.2313],[-87.4184,20.2313],[-87.4186,20.2311],[-87.4185,20.231],[-87.4184,20.2309],[-87.4184,20.2309],[-87.4184,20.2308],[-87.4184,20.2308],[-87.4186,20.2307],[-87.4186,20.2307],[-87.419,20.2305],[-87.4192,20.2305],[-87.4192,20.2306],[-87.4192,20.2306],[-87.4192,20.2306],[-87.4192,20.2306],[-87.4193,20.2306],[-87.4193,20.2305],[-87.4196,20.2304],[-87.4197,20.2303],[-87.4198,20.2302],[-87.4202,20.2298],[-87.4203,20.2297],[-87.4203,20.2297],[-87.4208,20.2292],[-87.4218,20.2281],[-87.4222,20.2277],[-87.4225,20.2273],[-87.423,20.2266],[-87.4234,20.226],[-87.4234,20.2258],[-87.4235,20.2257],[-87.4238,20.2252],[-87.4244,20.2242],[-87.4248,20.2233],[-87.425,20.223],[-87.4255,20.2218],[-87.4257,20.2212],[-87.426,20.2206],[-87.4264,20.2195],[-87.4265,20.2192],[-87.4267,20.219],[-87.4268,20.2187],[-87.4269,20.2186],[-87.4269,20.2185],[-87.4269,20.2184],[-87.4269,20.2182],[-87.4269,20.2181],[-87.427,20.218],[-87.4271,20.2179],[-87.4273,20.2175],[-87.4275,20.2171],[-87.4276,20.2169],[-87.4276,20.2169],[-87.4276,20.2169],[-87.428,20.2157],[-87.4284,20.2149],[-87.4286,20.2146],[-87.4286,20.2145],[-87.4289,20.2135],[-87.4293,20.2123],[-87.4294,20.2121],[-87.4298,20.2112],[-87.4301,20.2108],[-87.4301,20.2107],[-87.4301,20.2106],[-87.4302,20.2105],[-87.4302,20.2103],[-87.4302,20.2103],[-87.4302,20.2102],[-87.4302,20.2094],[-87.4302,20.209],[-87.4302,20.2089],[-87.4302,20.2087],[-87.4302,20.2085],[-87.4302,20.2081],[-87.4302,20.2075],[-87.4302,20.2073],[-87.4304,20.2062],[-87.4305,20.2057],[-87.4305,20.2053],[-87.4307,20.2048],[-87.4307,20.2047],[-87.4308,20.2043],[-87.431,20.2039],[-87.431,20.2038],[-87.4311,20.2037],[-87.4311,20.2036],[-87.4313,20.2032],[-87.4316,20.2029],[-87.4317,20.2027],[-87.4319,20.2025],[-87.4322,20.2023],[-87.4322,20.2022],[-87.4325,20.202],[-87.4326,20.2019],[-87.4328,20.2017],[-87.433,20.2015],[-87.4332,20.2013],[-87.4337,20.2007],[-87.4338,20.2006],[-87.4343,20.2001],[-87.4348,20.1995],[-87.4352,20.1991],[-87.4354,20.1989],[-87.4355,20.1988],[-87.4356,20.1986],[-87.4358,20.1983],[-87.436,20.1981],[-87.4363,20.1979],[-87.4364,20.1978],[-87.4367,20.1975],[-87.4368,20.1974],[-87.437,20.1971],[-87.4376,20.1963],[-87.4377,20.1961],[-87.4377,20.1959],[-87.4377,20.1959],[-87.4377,20.1958],[-87.4377,20.1958],[-87.4378,20.1956],[-87.4381,20.1951],[-87.4384,20.1946],[-87.4388,20.1941],[-87.4392,20.1934],[-87.4396,20.1926],[-87.4397,20.1923],[-87.4398,20.1919],[-87.4399,20.1917],[-87.4402,20.1911],[-87.4403,20.1907],[-87.4404,20.1905],[-87.4404,20.1904],[-87.4406,20.19],[-87.4408,20.1893],[-87.4412,20.1883],[-87.4414,20.1876],[-87.4418,20.1866],[-87.442,20.1859],[-87.4423,20.1852],[-87.4425,20.1848],[-87.4426,20.1848],[-87.4427,20.1838],[-87.4428,20.1836],[-87.4429,20.1834],[-87.443,20.1832],[-87.4431,20.1831],[-87.4432,20.183],[-87.4432,20.1829],[-87.4432,20.1828],[-87.4434,20.1822],[-87.4437,20.1813],[-87.4439,20.1809],[-87.4442,20.1803],[-87.4443,20.1799],[-87.4443,20.1799],[-87.4445,20.1796],[-87.445,20.1788],[-87.4452,20.1784],[-87.4453,20.1783],[-87.4454,20.1782],[-87.4454,20.178],[-87.4456,20.1777],[-87.4457,20.1775],[-87.4457,20.1774],[-87.4457,20.1774],[-87.4457,20.1774],[-87.4458,20.1773],[-87.4458,20.1771],[-87.4459,20.177],[-87.4459,20.177],[-87.4459,20.1769],[-87.446,20.1769],[-87.4462,20.1765],[-87.4461,20.1765],[-87.4461,20.1764],[-87.4461,20.1763],[-87.4463,20.1758],[-87.4464,20.1754],[-87.4464,20.1754],[-87.4464,20.1754],[-87.4464,20.1753],[-87.4465,20.1753],[-87.4465,20.1752],[-87.4466,20.1752],[-87.4466,20.1752],[-87.4466,20.1752],[-87.4466,20.1753],[-87.4466,20.1753],[-87.4466,20.1753],[-87.4467,20.1754],[-87.4467,20.1754],[-87.4467,20.1754],[-87.4468,20.1754],[-87.4468,20.1754],[-87.4469,20.1753],[-87.447,20.1753],[-87.4471,20.1752],[-87.4471,20.1751],[-87.4473,20.1749],[-87.4473,20.1747],[-87.4474,20.1743],[-87.4475,20.1738],[-87.4476,20.1735],[-87.4478,20.1731],[-87.4479,20.1729],[-87.4479,20.1729],[-87.4481,20.1727],[-87.4481,20.1726],[-87.4482,20.1724],[-87.4482,20.1723],[-87.4484,20.1718],[-87.4484,20.1717],[-87.4484,20.1716],[-87.4484,20.1716],[-87.4484,20.1716],[-87.4483,20.1715],[-87.4483,20.1714],[-87.4482,20.1715],[-87.4481,20.1715],[-87.4481,20.1715],[-87.4481,20.1715],[-87.448,20.1715],[-87.448,20.1715],[-87.448,20.1715],[-87.448,20.1714],[-87.448,20.1714],[-87.4479,20.1713],[-87.4479,20.1713],[-87.448,20.1713],[-87.448,20.1713],[-87.448,20.1712],[-87.4481,20.1711],[-87.4481,20.171],[-87.4481,20.171],[-87.4482,20.171],[-87.4482,20.171],[-87.4482,20.171],[-87.4483,20.1711],[-87.4483,20.1711],[-87.4483,20.1711],[-87.4483,20.1712],[-87.4483,20.1712],[-87.4483,20.1712],[-87.4484,20.1712],[-87.4484,20.1712],[-87.4485,20.1712],[-87.4486,20.1712],[-87.4487,20.1712],[-87.4488,20.171],[-87.449,20.171],[-87.449,20.1709],[-87.4491,20.1708],[-87.4493,20.1706],[-87.4493,20.1705],[-87.4494,20.1704],[-87.4495,20.1701],[-87.4495,20.1701],[-87.4495,20.1701],[-87.4495,20.1699],[-87.4494,20.1698],[-87.4494,20.1697],[-87.4493,20.1695],[-87.4493,20.1695],[-87.4491,20.1691],[-87.4491,20.1691],[-87.449,20.1691],[-87.4489,20.1691],[-87.4489,20.1692],[-87.4489,20.1692],[-87.4489,20.1692],[-87.4489,20.1692],[-87.4489,20.1692],[-87.449,20.1694],[-87.4488,20.1695],[-87.4487,20.1696],[-87.4486,20.1696],[-87.4486,20.1696],[-87.4486,20.1696],[-87.4486,20.1696],[-87.4486,20.1694],[-87.4488,20.1689],[-87.4489,20.1686],[-87.449,20.1685],[-87.449,20.1685],[-87.449,20.1685],[-87.4491,20.1685],[-87.4491,20.1684],[-87.4492,20.1684],[-87.4492,20.1685],[-87.4492,20.1685],[-87.4492,20.1685],[-87.4492,20.1686],[-87.4492,20.1686],[-87.4493,20.1687],[-87.4493,20.1688],[-87.4493,20.1688],[-87.4493,20.1688],[-87.4494,20.1688],[-87.4494,20.1688],[-87.4495,20.1688],[-87.4496,20.1687],[-87.4497,20.1687],[-87.4497,20.1686],[-87.4498,20.1685],[-87.4499,20.1685],[-87.45,20.1683],[-87.45,20.1683],[-87.4501,20.1681],[-87.4501,20.168],[-87.4503,20.1677],[-87.4503,20.1675],[-87.4504,20.1673],[-87.4504,20.1672],[-87.4505,20.1667],[-87.451,20.1663],[-87.4514,20.1658],[-87.4516,20.1655],[-87.4517,20.1654],[-87.452,20.1649],[-87.452,20.1648],[-87.4521,20.1647],[-87.4524,20.1638],[-87.4528,20.1627],[-87.4534,20.1613],[-87.4536,20.1608],[-87.4539,20.16],[-87.4541,20.1596],[-87.4541,20.1594],[-87.4542,20.1593],[-87.4542,20.1591],[-87.4544,20.1587],[-87.4545,20.1583],[-87.4546,20.1581],[-87.4548,20.1577],[-87.4549,20.1573],[-87.455,20.157],[-87.4551,20.1566],[-87.4554,20.156],[-87.4555,20.1559],[-87.4555,20.1559],[-87.4556,20.1556],[-87.4556,20.1555],[-87.4559,20.1547],[-87.4561,20.1541],[-87.4562,20.154],[-87.4563,20.1536],[-87.4564,20.1533],[-87.4564,20.1532],[-87.4565,20.153],[-87.4565,20.1529],[-87.4565,20.1527],[-87.4565,20.1526],[-87.4566,20.1525],[-87.4566,20.1524],[-87.4567,20.1522],[-87.4568,20.152],[-87.4569,20.152],[-87.4569,20.1519],[-87.4571,20.1515],[-87.4571,20.1514],[-87.4572,20.151],[-87.4573,20.1509],[-87.4574,20.1507],[-87.4576,20.1503],[-87.4578,20.1499],[-87.4579,20.1498],[-87.458,20.1494],[-87.4581,20.1492],[-87.4583,20.1487],[-87.4583,20.1486],[-87.4583,20.1483],[-87.4584,20.1482],[-87.4584,20.148],[-87.4584,20.1478],[-87.4585,20.1475],[-87.4585,20.1473],[-87.4588,20.1462],[-87.4589,20.146],[-87.459,20.1458],[-87.4593,20.145],[-87.4596,20.1439],[-87.4596,20.1438],[-87.4597,20.1433],[-87.4598,20.1427],[-87.4598,20.1426],[-87.4599,20.1424],[-87.4599,20.1422],[-87.46,20.1419],[-87.4603,20.1408],[-87.4604,20.1407],[-87.4605,20.1402],[-87.4607,20.1398],[-87.461,20.1391],[-87.4615,20.1379],[-87.4616,20.1378],[-87.4617,20.1375],[-87.4618,20.1371],[-87.462,20.1366],[-87.4623,20.1356],[-87.4625,20.1349],[-87.4626,20.1345],[-87.4626,20.1343],[-87.4629,20.1335],[-87.4632,20.1323],[-87.4632,20.1321],[-87.4634,20.1315],[-87.4636,20.1307],[-87.4637,20.1302],[-87.4638,20.1298],[-87.4639,20.1294],[-87.4639,20.1292],[-87.464,20.1287],[-87.4641,20.1283],[-87.4641,20.1281],[-87.4642,20.1278],[-87.4642,20.1276],[-87.4643,20.1272],[-87.4643,20.127],[-87.4645,20.1261],[-87.4648,20.1249],[-87.4649,20.1244],[-87.465,20.124],[-87.4652,20.1232],[-87.4654,20.1226],[-87.4656,20.122],[-87.4657,20.1217],[-87.4658,20.1214],[-87.4662,20.12],[-87.4667,20.1186],[-87.4668,20.1181],[-87.4671,20.1172],[-87.4673,20.1168],[-87.4675,20.1163],[-87.4676,20.116],[-87.4676,20.1159],[-87.4679,20.1152],[-87.4685,20.1135],[-87.4688,20.1125],[-87.4691,20.1116],[-87.4694,20.1107],[-87.4695,20.1104],[-87.4695,20.1103],[-87.4697,20.1099],[-87.4697,20.1097],[-87.4699,20.1092],[-87.4703,20.1082],[-87.4704,20.1079],[-87.4709,20.1066],[-87.4712,20.1057],[-87.4714,20.105],[-87.4717,20.1045],[-87.4719,20.104],[-87.4723,20.1033],[-87.4724,20.103],[-87.4725,20.1029],[-87.4726,20.1026],[-87.4727,20.1024],[-87.4728,20.1023],[-87.4728,20.102],[-87.4729,20.1017],[-87.473,20.1013],[-87.4731,20.1011],[-87.4731,20.101],[-87.4732,20.1009],[-87.4732,20.1007],[-87.4733,20.1005],[-87.4733,20.1],[-87.4734,20.0994],[-87.4735,20.0991],[-87.4736,20.0983],[-87.4736,20.0976],[-87.4736,20.0972],[-87.4737,20.097],[-87.4737,20.0966],[-87.4737,20.0965],[-87.4737,20.0958],[-87.4737,20.0952],[-87.4737,20.095],[-87.4737,20.0948],[-87.4737,20.0945],[-87.4738,20.0943],[-87.4738,20.094],[-87.4739,20.0937],[-87.474,20.0932],[-87.4743,20.0918],[-87.4744,20.0915],[-87.4745,20.091],[-87.4746,20.0906],[-87.4747,20.0903],[-87.475,20.0893],[-87.4756,20.0876],[-87.4759,20.0865],[-87.4761,20.086],[-87.4761,20.0858],[-87.4762,20.0857],[-87.4763,20.0852],[-87.4763,20.0848],[-87.4765,20.0841],[-87.4766,20.0839],[-87.4767,20.0834],[-87.4767,20.083],[-87.4769,20.0821],[-87.4771,20.081],[-87.4771,20.0808],[-87.4772,20.0807],[-87.4773,20.0805],[-87.4773,20.0804],[-87.4773,20.0802],[-87.4777,20.0786],[-87.4778,20.0774],[-87.478,20.0766],[-87.478,20.0765],[-87.478,20.0762],[-87.478,20.076],[-87.478,20.0756],[-87.478,20.0753],[-87.478,20.0749],[-87.478,20.0746],[-87.478,20.0738],[-87.478,20.0734],[-87.478,20.0722],[-87.478,20.0712],[-87.4779,20.0696],[-87.4779,20.0695],[-87.4779,20.0693],[-87.4778,20.0685],[-87.4777,20.0683],[-87.4777,20.068],[-87.4776,20.0679],[-87.4776,20.0676],[-87.4775,20.0673],[-87.4775,20.067],[-87.4774,20.0661],[-87.4773,20.0658],[-87.4773,20.0649],[-87.4772,20.0644],[-87.4772,20.0643],[-87.4771,20.0634],[-87.4771,20.063],[-87.4771,20.0629],[-87.4771,20.0628],[-87.4771,20.0626],[-87.477,20.0623],[-87.477,20.0622],[-87.477,20.0621],[-87.477,20.0619],[-87.4769,20.0616],[-87.4769,20.0615],[-87.4769,20.0614],[-87.4769,20.0612],[-87.4768,20.0609],[-87.4768,20.0605],[-87.4768,20.0603],[-87.4768,20.06],[-87.4768,20.0598],[-87.4767,20.0595],[-87.4767,20.0593],[-87.4767,20.0591],[-87.4766,20.0589],[-87.4766,20.0586],[-87.4766,20.0585],[-87.4766,20.0581],[-87.4766,20.0575],[-87.4767,20.0572],[-87.4768,20.0569],[-87.4769,20.0564],[-87.477,20.0563],[-87.477,20.0561],[-87.4771,20.056],[-87.4772,20.0558],[-87.4772,20.0558],[-87.4773,20.0555],[-87.4774,20.0551],[-87.4775,20.0548],[-87.4776,20.0544],[-87.4776,20.0543],[-87.4776,20.0541],[-87.4777,20.0537],[-87.4777,20.0533],[-87.4778,20.0532],[-87.4778,20.0529],[-87.4778,20.0527],[-87.4778,20.0522],[-87.4778,20.052],[-87.4778,20.0517],[-87.4778,20.0515],[-87.4778,20.0514],[-87.4779,20.0513],[-87.4779,20.0506],[-87.4779,20.0504],[-87.478,20.0502],[-87.4781,20.0491],[-87.4781,20.0488],[-87.4782,20.0485],[-87.4782,20.0476],[-87.4782,20.0472],[-87.4783,20.0467],[-87.4783,20.0463],[-87.4783,20.0462],[-87.4783,20.046],[-87.4784,20.0459],[-87.4784,20.0455],[-87.4785,20.0452],[-87.4786,20.0449],[-87.4787,20.0442],[-87.4787,20.044],[-87.4788,20.0438],[-87.4788,20.0436],[-87.4789,20.0427],[-87.4789,20.0425],[-87.4789,20.0421],[-87.4789,20.0414],[-87.4789,20.0412],[-87.4788,20.0409],[-87.4788,20.0408],[-87.4788,20.0406],[-87.4786,20.0398],[-87.4785,20.0396],[-87.4785,20.0394],[-87.4783,20.039],[-87.4782,20.0388],[-87.4782,20.0386],[-87.478,20.0382],[-87.478,20.0379],[-87.4778,20.0374],[-87.4776,20.0365],[-87.4776,20.0364],[-87.4775,20.036],[-87.4775,20.0359],[-87.4775,20.0357],[-87.4775,20.0355],[-87.4775,20.0352],[-87.4775,20.0351],[-87.4774,20.0342],[-87.4773,20.0329],[-87.4772,20.0318],[-87.477,20.0309],[-87.4769,20.0303],[-87.4768,20.0298],[-87.4766,20.0288],[-87.4765,20.0283],[-87.4765,20.0281],[-87.4764,20.0273],[-87.4764,20.027],[-87.4764,20.0268],[-87.4764,20.0266],[-87.4763,20.0262],[-87.4763,20.0259],[-87.4763,20.0258],[-87.4763,20.0255],[-87.4762,20.0253],[-87.4762,20.0251],[-87.4762,20.0251],[-87.4762,20.0246],[-87.4761,20.0243],[-87.4761,20.0242],[-87.4761,20.024],[-87.4761,20.0237],[-87.476,20.0223],[-87.476,20.0217],[-87.476,20.0216],[-87.476,20.0213],[-87.4759,20.0211],[-87.4759,20.0207],[-87.4759,20.0207],[-87.4759,20.0205],[-87.4759,20.0201],[-87.4759,20.0197],[-87.476,20.0189],[-87.476,20.0188],[-87.4761,20.0183],[-87.4762,20.0178],[-87.4763,20.0167],[-87.4765,20.0159],[-87.4765,20.0158],[-87.4766,20.0155],[-87.4766,20.0154],[-87.4768,20.0148],[-87.477,20.0141],[-87.4771,20.0137],[-87.4771,20.0134],[-87.4772,20.0132],[-87.4774,20.0126],[-87.4774,20.0124],[-87.4775,20.0122],[-87.4777,20.0113],[-87.4777,20.0111],[-87.4778,20.0108],[-87.4778,20.0105],[-87.4778,20.0104],[-87.4778,20.0098],[-87.4778,20.0095],[-87.4778,20.0094],[-87.4778,20.0093],[-87.4778,20.0092],[-87.4778,20.0091],[-87.4778,20.009],[-87.4778,20.0089],[-87.4777,20.0088],[-87.4775,20.0082],[-87.4775,20.0082],[-87.4775,20.0081],[-87.4775,20.0081],[-87.4776,20.008],[-87.4778,20.0073],[-87.4782,20.0072],[-87.4782,20.0072],[-87.4782,20.0072],[-87.4779,20.0062],[-87.4773,20.0059],[-87.4772,20.0055],[-87.4772,20.0047],[-87.4772,20.0046],[-87.4772,20.0045],[-87.4771,20.0045],[-87.4771,20.0042],[-87.4771,20.0041],[-87.4769,20.003],[-87.4768,20.0025],[-87.4767,20.0023],[-87.4767,20.0022],[-87.4767,20.0019],[-87.4766,20.0011],[-87.4765,20.0004],[-87.4765,20.0002],[-87.4762,19.9992],[-87.4761,19.9988],[-87.476,19.9986],[-87.476,19.9985],[-87.4759,19.9982],[-87.4756,19.9976],[-87.4755,19.9974],[-87.475,19.9964],[-87.4745,19.9956],[-87.4742,19.9951],[-87.4736,19.9942],[-87.4734,19.9939],[-87.4734,19.9939],[-87.4727,19.9932],[-87.4715,19.9925],[-87.4693,19.9923],[-87.4685,19.9927],[-87.4676,19.993],[-87.4668,19.9936],[-87.4662,19.994],[-87.4655,19.9941],[-87.4654,19.9941],[-87.4649,19.9943],[-87.4647,19.9945],[-87.4647,19.9945],[-87.4646,19.9945],[-87.4646,19.9945],[-87.4645,19.9945],[-87.4645,19.9945],[-87.4644,19.9945],[-87.4644,19.9945],[-87.4643,19.9945],[-87.4642,19.9941],[-87.4642,19.994],[-87.4642,19.9939],[-87.4643,19.9938],[-87.4643,19.9936],[-87.4643,19.9934],[-87.4642,19.9931],[-87.4642,19.993],[-87.4641,19.9922],[-87.464,19.9922],[-87.464,19.992],[-87.4637,19.9917],[-87.4635,19.9914],[-87.4635,19.991],[-87.4634,19.9907],[-87.4634,19.9907],[-87.4635,19.9906],[-87.4637,19.9903],[-87.4638,19.9902],[-87.464,19.9895],[-87.4641,19.9894],[-87.4641,19.9894],[-87.4641,19.9893],[-87.4641,19.989],[-87.4641,19.9888],[-87.464,19.9886],[-87.4641,19.9881],[-87.4641,19.9881],[-87.4642,19.9879],[-87.4642,19.9877],[-87.4641,19.9876],[-87.4641,19.9874],[-87.4641,19.9874],[-87.464,19.9874],[-87.464,19.9873],[-87.4638,19.9873],[-87.4638,19.9872],[-87.4638,19.9872],[-87.4638,19.987],[-87.4637,19.9869],[-87.4638,19.9867],[-87.4638,19.9867],[-87.4639,19.9863],[-87.4638,19.9862],[-87.4638,19.9861],[-87.4638,19.986],[-87.464,19.9859],[-87.4641,19.9858],[-87.4641,19.9857],[-87.4645,19.9852],[-87.4649,19.9851],[-87.465,19.9849],[-87.4657,19.9843],[-87.466,19.9842],[-87.466,19.9841],[-87.4667,19.9836],[-87.4668,19.9835],[-87.4669,19.9834],[-87.4671,19.9829],[-87.4672,19.9828],[-87.4674,19.9825],[-87.4674,19.9824],[-87.4675,19.9822],[-87.4678,19.9813],[-87.4679,19.9812],[-87.4679,19.981],[-87.4679,19.9809],[-87.468,19.9804],[-87.4679,19.9796],[-87.4679,19.9793],[-87.4679,19.9792],[-87.4678,19.9782],[-87.4677,19.9777],[-87.4676,19.9771],[-87.4675,19.9766],[-87.4674,19.9761],[-87.4673,19.9757],[-87.4673,19.9752],[-87.4672,19.9739],[-87.4672,19.9738],[-87.4671,19.973],[-87.467,19.972],[-87.4667,19.9705],[-87.4667,19.9703],[-87.4667,19.9702],[-87.4665,19.9697],[-87.4665,19.9696],[-87.4664,19.9694],[-87.4663,19.9692],[-87.4662,19.969],[-87.4658,19.9683],[-87.4656,19.9681],[-87.4656,19.9679],[-87.4655,19.9678],[-87.465,19.9671],[-87.4649,19.9669],[-87.4649,19.9667],[-87.4648,19.9666],[-87.4647,19.9665],[-87.4647,19.9663],[-87.4647,19.9661],[-87.4647,19.966],[-87.4647,19.966],[-87.4647,19.9658],[-87.4648,19.9656],[-87.4649,19.9652],[-87.4651,19.9648],[-87.4652,19.9643],[-87.4653,19.9642],[-87.4653,19.964],[-87.4653,19.9639],[-87.4653,19.9638],[-87.4654,19.9636],[-87.4654,19.9629],[-87.4655,19.9623],[-87.4655,19.9621],[-87.4654,19.9616],[-87.4654,19.9609],[-87.4653,19.9602],[-87.4653,19.96],[-87.4653,19.96],[-87.465,19.9586],[-87.4649,19.9583],[-87.4649,19.9581],[-87.4645,19.957],[-87.4643,19.9565],[-87.4642,19.9561],[-87.464,19.9556],[-87.4638,19.9551],[-87.4637,19.9549],[-87.4636,19.9547],[-87.4635,19.9545],[-87.4631,19.9539],[-87.4629,19.9536],[-87.4627,19.9533],[-87.4625,19.9532],[-87.4625,19.953],[-87.4622,19.9526],[-87.462,19.9524],[-87.4619,19.9522],[-87.4619,19.9521],[-87.4618,19.952],[-87.4617,19.9518],[-87.4616,19.9517],[-87.4616,19.9517],[-87.4612,19.9513],[-87.4607,19.9512],[-87.4605,19.9509],[-87.4603,19.9506],[-87.4601,19.9504],[-87.4599,19.9502],[-87.4597,19.9498],[-87.4594,19.9495],[-87.4593,19.9493],[-87.4591,19.949],[-87.4591,19.949],[-87.459,19.9489],[-87.4588,19.9488],[-87.4588,19.9487],[-87.4587,19.9486],[-87.4584,19.9483],[-87.4584,19.9483],[-87.4581,19.9481],[-87.4579,19.9478],[-87.4579,19.9476],[-87.4578,19.9475],[-87.4577,19.9475],[-87.4576,19.9473],[-87.4575,19.9471],[-87.4575,19.9468],[-87.4574,19.9465],[-87.4572,19.9458],[-87.4572,19.9453],[-87.4572,19.9452],[-87.4572,19.9447],[-87.4571,19.9441],[-87.4569,19.9432],[-87.4569,19.943],[-87.4568,19.9426],[-87.4567,19.9424],[-87.4566,19.9422],[-87.4565,19.942],[-87.4564,19.9417],[-87.4563,19.9413],[-87.4561,19.9409],[-87.4556,19.9398],[-87.4552,19.9389],[-87.4551,19.9388],[-87.455,19.9384],[-87.4548,19.9381],[-87.4544,19.9374],[-87.4542,19.937],[-87.4539,19.9365],[-87.4538,19.9362],[-87.4537,19.9361],[-87.4533,19.9351],[-87.4532,19.9349],[-87.453,19.9343],[-87.4528,19.9339],[-87.4528,19.9338],[-87.4526,19.9336],[-87.4525,19.9333],[-87.4525,19.9332],[-87.4525,19.9332],[-87.4522,19.9331],[-87.4521,19.9329],[-87.4522,19.9328],[-87.4518,19.9322],[-87.4517,19.932],[-87.4516,19.9318],[-87.4512,19.9314],[-87.4511,19.9312],[-87.4509,19.931],[-87.4506,19.9307],[-87.4504,19.9306],[-87.4501,19.9303],[-87.4497,19.9301],[-87.4495,19.9299],[-87.449,19.9298],[-87.4486,19.9296],[-87.4484,19.9295],[-87.4481,19.9292],[-87.4481,19.9292],[-87.448,19.9292],[-87.4473,19.9291],[-87.447,19.929],[-87.4465,19.929],[-87.4463,19.929],[-87.4462,19.929],[-87.4462,19.9291],[-87.4462,19.9292],[-87.4464,19.9294],[-87.4464,19.9294],[-87.4465,19.9294],[-87.4465,19.9293],[-87.4466,19.9293],[-87.4466,19.9293],[-87.4468,19.9292],[-87.4468,19.9292],[-87.4469,19.9292],[-87.4469,19.9293],[-87.4469,19.9293],[-87.4469,19.9294],[-87.4468,19.9295],[-87.4467,19.9296],[-87.4464,19.9297],[-87.4462,19.9297],[-87.4458,19.9298],[-87.4457,19.9299],[-87.4457,19.9299],[-87.4456,19.9299],[-87.4456,19.93],[-87.4456,19.9301],[-87.4456,19.9301],[-87.4456,19.9301],[-87.4456,19.9302],[-87.4457,19.9302],[-87.4457,19.9302],[-87.4457,19.9303],[-87.4457,19.9304],[-87.4456,19.9305],[-87.4456,19.9305],[-87.4455,19.9306],[-87.4454,19.9306],[-87.4453,19.9306],[-87.4452,19.9306],[-87.4451,19.9306],[-87.445,19.9306],[-87.4448,19.9306],[-87.4447,19.9305],[-87.4442,19.9303],[-87.4441,19.9302],[-87.4438,19.93],[-87.4437,19.9299],[-87.4436,19.9299],[-87.4435,19.93],[-87.4432,19.9299],[-87.4428,19.93],[-87.4423,19.93],[-87.4419,19.93],[-87.4418,19.93],[-87.4417,19.93],[-87.4415,19.9302],[-87.4413,19.9304],[-87.4411,19.9305],[-87.4409,19.9307],[-87.4406,19.9307],[-87.4405,19.9307],[-87.4405,19.9308],[-87.4405,19.9308],[-87.4404,19.9308],[-87.4403,19.9308],[-87.4402,19.9308],[-87.4395,19.9306],[-87.4395,19.9306],[-87.4393,19.9304],[-87.4392,19.9304],[-87.4391,19.9302],[-87.439,19.9301],[-87.4389,19.9301],[-87.4388,19.93],[-87.4388,19.9299],[-87.4386,19.9299],[-87.4382,19.93],[-87.4382,19.93],[-87.4381,19.93],[-87.438,19.93],[-87.438,19.9301],[-87.4378,19.9301],[-87.4378,19.9301],[-87.4377,19.9301],[-87.4376,19.93],[-87.4375,19.9299],[-87.4374,19.9299],[-87.4373,19.9297],[-87.4372,19.9296],[-87.4372,19.9296],[-87.4372,19.9295],[-87.4372,19.9295],[-87.4372,19.9294],[-87.4371,19.9294],[-87.4371,19.9293],[-87.4371,19.9291],[-87.4371,19.929],[-87.437,19.9287],[-87.4369,19.9286],[-87.4368,19.9285],[-87.4366,19.9282],[-87.436,19.9271],[-87.436,19.9271],[-87.436,19.927],[-87.436,19.9269],[-87.436,19.9269],[-87.4361,19.9269],[-87.4362,19.9268],[-87.4363,19.9267],[-87.4363,19.9266],[-87.4363,19.9264],[-87.4363,19.9263],[-87.4362,19.9259],[-87.4361,19.9253],[-87.4361,19.9251],[-87.436,19.9243],[-87.4359,19.9239],[-87.4357,19.9231],[-87.4356,19.9229],[-87.4353,19.9219],[-87.4351,19.921],[-87.4351,19.9208],[-87.435,19.9202],[-87.4347,19.9188],[-87.4346,19.918],[-87.4345,19.9176],[-87.4344,19.917],[-87.4343,19.9167],[-87.4342,19.9164],[-87.434,19.9157],[-87.4337,19.9141],[-87.4336,19.9138],[-87.4336,19.9135],[-87.4333,19.9128],[-87.4332,19.9126],[-87.4331,19.9124],[-87.433,19.9121],[-87.4328,19.9116],[-87.4327,19.9111],[-87.4325,19.9101],[-87.4324,19.9095],[-87.4321,19.9082],[-87.4321,19.9079],[-87.4321,19.9077],[-87.432,19.9071],[-87.4319,19.9055],[-87.4319,19.9049],[-87.4318,19.9042],[-87.4318,19.9037],[-87.4318,19.9031],[-87.4318,19.903],[-87.4318,19.9028],[-87.4318,19.9027],[-87.4317,19.9025],[-87.4317,19.9024],[-87.4316,19.9021],[-87.4314,19.9014],[-87.4314,19.9009],[-87.4314,19.9005],[-87.4313,19.9002],[-87.4312,19.8998],[-87.4312,19.8998],[-87.4312,19.8998],[-87.4312,19.8995],[-87.4309,19.8982],[-87.4308,19.8978],[-87.4308,19.8974],[-87.4307,19.8971],[-87.4306,19.897],[-87.4306,19.8969],[-87.4306,19.8965],[-87.4305,19.8962],[-87.4305,19.896],[-87.4306,19.8957],[-87.4306,19.8955],[-87.4306,19.8952],[-87.4306,19.8948],[-87.4306,19.8941],[-87.4306,19.8938],[-87.4306,19.8935],[-87.4307,19.8927],[-87.4309,19.8918],[-87.4309,19.8916],[-87.4309,19.8915],[-87.4308,19.8911],[-87.4308,19.8908],[-87.4306,19.8904],[-87.4305,19.8897],[-87.4304,19.8895],[-87.4304,19.8894],[-87.4304,19.8891],[-87.4302,19.8885],[-87.4302,19.8878],[-87.4302,19.8877],[-87.4302,19.8876],[-87.43,19.8869],[-87.43,19.8867],[-87.4299,19.8862],[-87.4299,19.8857],[-87.4299,19.885],[-87.43,19.8848],[-87.43,19.8847],[-87.43,19.8847],[-87.4301,19.8847],[-87.4302,19.8847],[-87.4302,19.8847],[-87.4302,19.8848],[-87.4303,19.8848],[-87.4304,19.8849],[-87.4305,19.8849],[-87.4305,19.8849],[-87.4309,19.8847],[-87.4315,19.8843],[-87.4319,19.8839],[-87.4323,19.883],[-87.4326,19.8824],[-87.4328,19.8817],[-87.4329,19.8813],[-87.4331,19.8806],[-87.4333,19.8801],[-87.4334,19.8797],[-87.4334,19.8794],[-87.4334,19.8793],[-87.4334,19.879],[-87.4335,19.8785],[-87.4336,19.8782],[-87.4338,19.8774],[-87.4339,19.8771],[-87.4339,19.877],[-87.4339,19.8769],[-87.4344,19.876],[-87.4347,19.8755],[-87.4349,19.8753],[-87.4349,19.8752],[-87.435,19.8751],[-87.4352,19.8748],[-87.4353,19.8746],[-87.4357,19.8738],[-87.4359,19.8735],[-87.4359,19.8734],[-87.4362,19.8724],[-87.4362,19.8723],[-87.4363,19.8721],[-87.4363,19.8716],[-87.4364,19.8714],[-87.4364,19.8713],[-87.4365,19.8711],[-87.4365,19.871],[-87.4366,19.8707],[-87.4367,19.8698],[-87.4367,19.8693],[-87.4366,19.8692],[-87.4366,19.8688],[-87.4366,19.8685],[-87.4365,19.868],[-87.4362,19.8667],[-87.4361,19.8665],[-87.436,19.8664],[-87.4359,19.8662],[-87.4358,19.8661],[-87.4358,19.866],[-87.4357,19.8659],[-87.4356,19.8657],[-87.4355,19.8656],[-87.4354,19.8653],[-87.4354,19.8653],[-87.4354,19.8652],[-87.4354,19.8651],[-87.4355,19.8651],[-87.4358,19.8649],[-87.436,19.8648],[-87.4361,19.8647],[-87.4361,19.8647],[-87.4361,19.8647],[-87.4362,19.8647],[-87.4367,19.8643],[-87.4369,19.8642],[-87.4371,19.8641],[-87.4374,19.8638],[-87.4375,19.8637],[-87.4376,19.8636],[-87.4377,19.8634],[-87.4378,19.8632],[-87.438,19.8627],[-87.4381,19.8626],[-87.4382,19.8623],[-87.4383,19.862],[-87.4384,19.8617],[-87.4386,19.8614],[-87.4387,19.8613],[-87.4388,19.861],[-87.4389,19.8609],[-87.4389,19.8608],[-87.4391,19.8603],[-87.4392,19.86],[-87.4393,19.8598],[-87.4394,19.8595],[-87.4396,19.8592],[-87.4397,19.8591],[-87.4398,19.8589],[-87.4402,19.8586],[-87.4405,19.8583],[-87.4417,19.8569],[-87.4421,19.8565],[-87.4423,19.8562],[-87.4428,19.8555],[-87.4431,19.855],[-87.4433,19.8547],[-87.4434,19.8544],[-87.4437,19.8539],[-87.4441,19.8532],[-87.4442,19.853],[-87.4442,19.8528],[-87.4444,19.852],[-87.4449,19.8504],[-87.445,19.8502],[-87.445,19.85],[-87.4451,19.8495],[-87.4454,19.8481],[-87.4455,19.8475],[-87.4456,19.8472],[-87.4457,19.8466],[-87.4459,19.8461],[-87.4461,19.8454],[-87.4461,19.8451],[-87.4462,19.8451],[-87.4462,19.8449],[-87.4462,19.8447],[-87.4462,19.8444],[-87.4464,19.8438],[-87.4465,19.8434],[-87.4466,19.8432],[-87.4467,19.843],[-87.4469,19.8428],[-87.4471,19.8426],[-87.4471,19.8425],[-87.4473,19.8424],[-87.4474,19.8422],[-87.4478,19.8415],[-87.448,19.8412],[-87.448,19.8411],[-87.4481,19.8408],[-87.4483,19.8402],[-87.4483,19.8401],[-87.4484,19.8398],[-87.4484,19.8397],[-87.4486,19.839],[-87.4489,19.8386],[-87.4492,19.8383],[-87.4495,19.838],[-87.4501,19.8374],[-87.4506,19.8366],[-87.4507,19.8365],[-87.4507,19.8363],[-87.4508,19.8357],[-87.4508,19.8357],[-87.4508,19.8357],[-87.4511,19.8354],[-87.4512,19.8353],[-87.4515,19.8351],[-87.4516,19.8351],[-87.4516,19.8351],[-87.4517,19.835],[-87.4518,19.8348],[-87.452,19.8346],[-87.452,19.8344],[-87.4524,19.8342],[-87.4526,19.8341],[-87.4527,19.8341],[-87.4527,19.8341],[-87.4529,19.8341],[-87.4531,19.834],[-87.4532,19.8339],[-87.4536,19.8338],[-87.4537,19.8337],[-87.4537,19.8336],[-87.454,19.8335],[-87.454,19.8335],[-87.4541,19.8335],[-87.4544,19.8335],[-87.4545,19.8335],[-87.4546,19.8335],[-87.4546,19.8335],[-87.4552,19.8333],[-87.4552,19.8334],[-87.4554,19.8332],[-87.4554,19.8331],[-87.4555,19.8331],[-87.4556,19.8331],[-87.4556,19.8331],[-87.4558,19.8331],[-87.4559,19.8332],[-87.456,19.8332],[-87.4561,19.8333],[-87.4564,19.8334],[-87.4568,19.8335],[-87.4569,19.8335],[-87.4581,19.8334],[-87.4585,19.8333],[-87.459,19.8332],[-87.4596,19.8329],[-87.4603,19.8326],[-87.4613,19.8322],[-87.4619,19.8319],[-87.4624,19.8317],[-87.4625,19.8316],[-87.4627,19.8315],[-87.4629,19.8312],[-87.4631,19.8311],[-87.4639,19.8303],[-87.4645,19.83],[-87.4659,19.8292],[-87.466,19.8292],[-87.4662,19.8291],[-87.4663,19.829],[-87.4664,19.8289],[-87.4666,19.8287],[-87.4673,19.8282],[-87.4676,19.828],[-87.4677,19.8279],[-87.4678,19.8278],[-87.468,19.8276],[-87.4681,19.8275],[-87.4682,19.8274],[-87.4685,19.8271],[-87.4689,19.8266],[-87.4691,19.8264],[-87.4692,19.8264],[-87.4693,19.8263],[-87.4694,19.8261],[-87.4694,19.826],[-87.4698,19.8254],[-87.4699,19.8252],[-87.47,19.8249],[-87.4702,19.8246],[-87.4702,19.8246],[-87.4703,19.8243],[-87.4704,19.8239],[-87.4705,19.8236],[-87.4705,19.8235],[-87.4706,19.8234],[-87.4706,19.8233],[-87.4706,19.8233],[-87.4706,19.8229],[-87.4708,19.8225],[-87.4708,19.8225],[-87.471,19.8223],[-87.471,19.8223],[-87.4711,19.8223],[-87.4712,19.8222],[-87.4713,19.8222],[-87.4713,19.8222],[-87.4715,19.8221],[-87.4715,19.8221],[-87.4716,19.822],[-87.4716,19.822],[-87.4716,19.8219],[-87.4716,19.8215],[-87.4716,19.8214],[-87.4715,19.8213],[-87.4714,19.8211],[-87.4715,19.821],[-87.4715,19.8208],[-87.4717,19.8202],[-87.4718,19.8201],[-87.4718,19.82],[-87.472,19.8198],[-87.4721,19.8197],[-87.4723,19.8193],[-87.4723,19.8192],[-87.4724,19.8191],[-87.4724,19.819],[-87.4724,19.819],[-87.4724,19.819],[-87.4725,19.8188],[-87.4726,19.8188],[-87.4728,19.8187],[-87.4729,19.8187],[-87.4731,19.8186],[-87.4732,19.8187],[-87.4733,19.8187],[-87.4733,19.8187],[-87.4732,19.8188],[-87.4732,19.8188],[-87.4732,19.8188],[-87.4737,19.8188],[-87.4739,19.8188],[-87.4738,19.8184],[-87.4738,19.8183],[-87.4736,19.8182],[-87.4736,19.8181],[-87.4735,19.818],[-87.4735,19.8179],[-87.4735,19.8177],[-87.4736,19.8176],[-87.4737,19.8175],[-87.4738,19.8175],[-87.4741,19.8173],[-87.4742,19.8172],[-87.4743,19.8171],[-87.4743,19.8167],[-87.4743,19.8166],[-87.4742,19.8165],[-87.4741,19.8164],[-87.4741,19.8164],[-87.4739,19.8163],[-87.4739,19.8162],[-87.4739,19.8161],[-87.4739,19.816],[-87.4739,19.8159],[-87.4741,19.8156],[-87.4741,19.8156],[-87.4742,19.8156],[-87.4746,19.8154],[-87.4746,19.8154],[-87.4749,19.8148],[-87.475,19.8146],[-87.475,19.8145],[-87.475,19.8144],[-87.4751,19.8143],[-87.4751,19.8142],[-87.4748,19.8142],[-87.4748,19.8142],[-87.4748,19.8142],[-87.4748,19.8142],[-87.4748,19.8142],[-87.4748,19.8142],[-87.4751,19.8142],[-87.4751,19.8139],[-87.4751,19.8137],[-87.4752,19.8134],[-87.4752,19.8132],[-87.4752,19.8131],[-87.4752,19.813],[-87.4753,19.8129],[-87.4755,19.8128],[-87.4756,19.8127],[-87.4756,19.8127],[-87.4756,19.8126],[-87.4756,19.8126],[-87.4759,19.8122],[-87.4759,19.8121],[-87.4761,19.8116],[-87.4762,19.8115],[-87.4764,19.8106],[-87.4766,19.8096],[-87.4768,19.8087],[-87.4768,19.8085],[-87.4769,19.8082],[-87.4769,19.808],[-87.477,19.8076],[-87.477,19.8076],[-87.4769,19.8075],[-87.4769,19.8074],[-87.4769,19.8072],[-87.4768,19.8067],[-87.4766,19.8058],[-87.4767,19.8051],[-87.4767,19.8045],[-87.4767,19.804],[-87.4768,19.8033],[-87.4767,19.803],[-87.4766,19.8025],[-87.4765,19.8022],[-87.4762,19.8016],[-87.4762,19.8014],[-87.476,19.8011],[-87.4755,19.8012],[-87.4754,19.8012],[-87.476,19.801],[-87.476,19.801],[-87.4757,19.8003],[-87.4755,19.7999],[-87.4754,19.7996],[-87.4753,19.7994],[-87.4752,19.7993],[-87.4748,19.799],[-87.4747,19.7986],[-87.4744,19.7982],[-87.4737,19.7974],[-87.4732,19.7967],[-87.4731,19.7962],[-87.4731,19.7957],[-87.473,19.7955],[-87.4731,19.7953],[-87.4731,19.7951],[-87.4731,19.7951],[-87.473,19.7948],[-87.4729,19.7943],[-87.4726,19.7934],[-87.4727,19.7931],[-87.4726,19.7927],[-87.4726,19.7926],[-87.4725,19.7924],[-87.4724,19.7918],[-87.4723,19.7917],[-87.4722,19.7915],[-87.4722,19.7915],[-87.4721,19.7913],[-87.4721,19.7912],[-87.472,19.7911],[-87.472,19.7911],[-87.4719,19.791],[-87.4719,19.7909],[-87.4718,19.7907],[-87.4718,19.7904],[-87.4718,19.7903],[-87.4718,19.7902],[-87.4717,19.7901],[-87.4717,19.79],[-87.4716,19.7899],[-87.4716,19.7899],[-87.4714,19.7898],[-87.4712,19.7895],[-87.4711,19.7895],[-87.4711,19.7895],[-87.471,19.7894],[-87.4709,19.7893],[-87.4708,19.7892],[-87.4708,19.789],[-87.4705,19.7881],[-87.4704,19.7876],[-87.4704,19.7875],[-87.4703,19.7874],[-87.4702,19.787],[-87.4699,19.7865],[-87.4697,19.7864],[-87.4696,19.7861],[-87.4696,19.7861],[-87.4695,19.786],[-87.4694,19.786],[-87.4692,19.7856],[-87.4689,19.7846],[-87.4687,19.7843],[-87.4686,19.7842],[-87.4686,19.7841],[-87.4685,19.7841],[-87.4684,19.7839],[-87.4683,19.7837],[-87.4683,19.7837],[-87.4683,19.7836],[-87.4683,19.7835],[-87.4683,19.7833],[-87.4684,19.783],[-87.4686,19.7825],[-87.4686,19.7825],[-87.4686,19.7824],[-87.469,19.7819],[-87.4693,19.7814],[-87.4694,19.7811],[-87.4694,19.7809],[-87.4694,19.7808],[-87.4694,19.7806],[-87.4696,19.7803],[-87.4696,19.7802],[-87.4698,19.7801],[-87.4698,19.7801],[-87.4709,19.7794],[-87.4718,19.7788],[-87.4725,19.7784],[-87.4732,19.7781],[-87.4744,19.7777],[-87.4747,19.7776],[-87.4748,19.7775],[-87.476,19.7774],[-87.4764,19.7773],[-87.477,19.7772],[-87.4776,19.7777],[-87.4779,19.7778],[-87.4783,19.7781],[-87.4786,19.7784],[-87.479,19.7786],[-87.4796,19.7787],[-87.4797,19.779],[-87.4795,19.7795],[-87.4795,19.7799],[-87.4795,19.7802],[-87.4798,19.7804],[-87.4801,19.7806],[-87.4805,19.7808],[-87.4807,19.7809],[-87.4811,19.7812],[-87.4809,19.7814],[-87.4807,19.7813],[-87.4804,19.7813],[-87.4802,19.7813],[-87.4802,19.7813],[-87.4796,19.7811],[-87.4796,19.7811],[-87.4791,19.7809],[-87.479,19.7809],[-87.479,19.7809],[-87.4788,19.7808],[-87.4783,19.7806],[-87.4779,19.7806],[-87.4779,19.7807],[-87.4774,19.781],[-87.4772,19.7812],[-87.4767,19.7813],[-87.4765,19.7814],[-87.4759,19.7815],[-87.4759,19.7815],[-87.4757,19.7815],[-87.4756,19.7819],[-87.4755,19.7828],[-87.4753,19.783],[-87.4754,19.7834],[-87.4756,19.7837],[-87.4756,19.784],[-87.4761,19.7842],[-87.4765,19.7843],[-87.4767,19.7843],[-87.4771,19.7843],[-87.4776,19.7843],[-87.4778,19.7843],[-87.4782,19.7843],[-87.4783,19.7848],[-87.4783,19.7852],[-87.4786,19.7855],[-87.479,19.7857],[-87.4795,19.7858],[-87.48,19.7857],[-87.4804,19.7857],[-87.4809,19.7857],[-87.4812,19.7857],[-87.4815,19.7859],[-87.482,19.7861],[-87.482,19.7861],[-87.482,19.7861],[-87.4828,19.7859],[-87.4832,19.786],[-87.4839,19.7862],[-87.4846,19.7864],[-87.4851,19.7866],[-87.4858,19.7867],[-87.4865,19.787],[-87.4865,19.7872],[-87.4866,19.7876],[-87.4866,19.788],[-87.4865,19.7881],[-87.4862,19.7883],[-87.4862,19.7885],[-87.4862,19.7892],[-87.4862,19.79],[-87.4861,19.79],[-87.4861,19.7902],[-87.4858,19.7903],[-87.4857,19.7908],[-87.4858,19.7909],[-87.4857,19.7912],[-87.4857,19.7915],[-87.4855,19.7917],[-87.4853,19.7919],[-87.4853,19.7921],[-87.4854,19.7925],[-87.4853,19.7929],[-87.4853,19.7931],[-87.4852,19.7933],[-87.4852,19.7938],[-87.4853,19.7942],[-87.4853,19.7949],[-87.4853,19.7955],[-87.4854,19.7957],[-87.4856,19.7958],[-87.4858,19.796],[-87.486,19.7963],[-87.486,19.7966],[-87.4862,19.7969],[-87.4862,19.7971],[-87.486,19.7973],[-87.486,19.7976],[-87.4861,19.7976],[-87.4862,19.798],[-87.4864,19.7984],[-87.4864,19.7988],[-87.4865,19.7991],[-87.4867,19.7993],[-87.4866,19.7995],[-87.4866,19.7997],[-87.4869,19.7999],[-87.487,19.8],[-87.487,19.8001],[-87.4872,19.8003],[-87.4871,19.8005],[-87.4872,19.8007],[-87.4873,19.801],[-87.4872,19.8013],[-87.4871,19.8013],[-87.487,19.8013],[-87.487,19.8014],[-87.4868,19.8016],[-87.4867,19.8016],[-87.4866,19.8016],[-87.4865,19.8016],[-87.4863,19.8018],[-87.4862,19.8018],[-87.4861,19.8018],[-87.4861,19.8018],[-87.4861,19.8017],[-87.4861,19.8016],[-87.4861,19.8016],[-87.4861,19.8016],[-87.4861,19.8016],[-87.486,19.8017],[-87.4861,19.8019],[-87.4859,19.8021],[-87.4856,19.8023],[-87.4855,19.8023],[-87.4851,19.8024],[-87.4846,19.8028],[-87.4844,19.803],[-87.4841,19.803],[-87.4839,19.8031],[-87.4838,19.8032],[-87.4835,19.8031],[-87.4833,19.8032],[-87.4828,19.8032],[-87.4827,19.803],[-87.4827,19.8029],[-87.4826,19.8028],[-87.4826,19.8028],[-87.4823,19.8029],[-87.4822,19.803],[-87.482,19.8032],[-87.4818,19.8034],[-87.4815,19.8033],[-87.4814,19.8033],[-87.4813,19.8032],[-87.4812,19.8033],[-87.4811,19.8035],[-87.4811,19.8037],[-87.4813,19.8039],[-87.4813,19.8038],[-87.4814,19.8039],[-87.4813,19.804],[-87.4812,19.8039],[-87.4813,19.8039],[-87.4811,19.8038],[-87.4811,19.8038],[-87.4811,19.804],[-87.4813,19.8042],[-87.4814,19.8045],[-87.4813,19.8051],[-87.4811,19.8053],[-87.481,19.8057],[-87.4813,19.8061],[-87.4817,19.8062],[-87.4815,19.807],[-87.4815,19.8075],[-87.481,19.8076],[-87.4809,19.8081],[-87.4811,19.8086],[-87.4815,19.8092],[-87.4816,19.8097],[-87.4822,19.8099],[-87.4825,19.8101],[-87.4828,19.8104],[-87.4833,19.8106],[-87.4833,19.8108],[-87.4833,19.8112],[-87.483,19.8116],[-87.4828,19.8116],[-87.4827,19.812],[-87.4826,19.8123],[-87.4822,19.8122],[-87.4822,19.812],[-87.4821,19.812],[-87.4821,19.8121],[-87.482,19.8121],[-87.4819,19.8121],[-87.4818,19.8121],[-87.4818,19.812],[-87.4816,19.8117],[-87.4818,19.8116],[-87.4819,19.8115],[-87.4817,19.8112],[-87.4815,19.8111],[-87.4815,19.8111],[-87.4815,19.8111],[-87.4813,19.8111],[-87.4812,19.8111],[-87.4812,19.8111],[-87.481,19.8113],[-87.4805,19.8112],[-87.4805,19.8112],[-87.4804,19.8113],[-87.4802,19.8114],[-87.4802,19.8114],[-87.4802,19.8115],[-87.48,19.8117],[-87.48,19.8118],[-87.48,19.8118],[-87.4799,19.8121],[-87.4799,19.8124],[-87.4801,19.8126],[-87.4802,19.8132],[-87.4802,19.8136],[-87.4797,19.8137],[-87.4792,19.8138],[-87.4788,19.814],[-87.4783,19.814],[-87.4776,19.8142],[-87.4773,19.8145],[-87.4771,19.8149],[-87.477,19.8156],[-87.4767,19.8159],[-87.4766,19.8165],[-87.4766,19.8167],[-87.4766,19.8169],[-87.4767,19.8172],[-87.4771,19.817],[-87.4771,19.8169],[-87.4772,19.8169],[-87.4775,19.8168],[-87.4775,19.8168],[-87.4776,19.8168],[-87.4776,19.8169],[-87.4775,19.8169],[-87.4775,19.817],[-87.4779,19.8171],[-87.4777,19.8174],[-87.4774,19.8176],[-87.4773,19.8177],[-87.477,19.8177],[-87.4769,19.8181],[-87.4768,19.8186],[-87.4768,19.8188],[-87.4765,19.8196],[-87.4765,19.8197],[-87.4762,19.8199],[-87.4756,19.8202],[-87.4754,19.8207],[-87.4756,19.8212],[-87.4754,19.8214],[-87.475,19.8216],[-87.4744,19.8215],[-87.4742,19.8218],[-87.474,19.8223],[-87.474,19.8225],[-87.474,19.8226],[-87.474,19.8228],[-87.4741,19.8228],[-87.4741,19.8229],[-87.4742,19.8231],[-87.4743,19.8233],[-87.4743,19.8234],[-87.4744,19.8235],[-87.4745,19.8236],[-87.4745,19.8239],[-87.4746,19.8241],[-87.4746,19.8242],[-87.4746,19.8242],[-87.4747,19.8244],[-87.4748,19.8245],[-87.4748,19.8245],[-87.475,19.8245],[-87.475,19.8246],[-87.475,19.8248],[-87.4748,19.8249],[-87.4747,19.825],[-87.4747,19.8252],[-87.4747,19.8252],[-87.4746,19.8253],[-87.4745,19.8253],[-87.4744,19.8253],[-87.4743,19.8253],[-87.4741,19.8254],[-87.474,19.8254],[-87.4738,19.8254],[-87.4736,19.8254],[-87.4736,19.8254],[-87.4735,19.8254],[-87.4733,19.8254],[-87.4731,19.8254],[-87.4729,19.8255],[-87.4727,19.8255],[-87.4726,19.8256],[-87.4726,19.8257],[-87.4725,19.826],[-87.4726,19.826],[-87.4727,19.826],[-87.4731,19.8258],[-87.4732,19.8257],[-87.4733,19.8257],[-87.4733,19.8257],[-87.4735,19.8256],[-87.4736,19.8256],[-87.4736,19.8256],[-87.4736,19.8256],[-87.4737,19.8256],[-87.4737,19.8257],[-87.4738,19.8257],[-87.4738,19.8258],[-87.4739,19.8258],[-87.4742,19.8258],[-87.4743,19.8258],[-87.4743,19.8258],[-87.4743,19.8258],[-87.4744,19.8258],[-87.4746,19.8256],[-87.4747,19.8255],[-87.4749,19.8257],[-87.475,19.8257],[-87.4751,19.8258],[-87.4751,19.8259],[-87.4751,19.8259],[-87.4751,19.8261],[-87.4752,19.8262],[-87.4752,19.8263],[-87.4752,19.8264],[-87.4752,19.8266],[-87.4751,19.8266],[-87.475,19.8266],[-87.4749,19.8266],[-87.4748,19.8265],[-87.4747,19.8265],[-87.4746,19.8266],[-87.4744,19.8267],[-87.4743,19.8268],[-87.4742,19.8268],[-87.4741,19.8269],[-87.4742,19.827],[-87.4742,19.827],[-87.4743,19.8271],[-87.4744,19.8272],[-87.4747,19.8274],[-87.4748,19.8274],[-87.4749,19.8274],[-87.4749,19.8275],[-87.475,19.8276],[-87.4752,19.8277],[-87.4753,19.8278],[-87.4754,19.8278],[-87.4756,19.8278],[-87.4757,19.8277],[-87.4757,19.8277],[-87.4758,19.8276],[-87.4759,19.8276],[-87.4759,19.8276],[-87.4762,19.8277],[-87.4764,19.8277],[-87.4764,19.8277],[-87.4766,19.8278],[-87.4766,19.8278],[-87.4766,19.8278],[-87.4766,19.8278],[-87.4765,19.8279],[-87.4765,19.8279],[-87.4765,19.8279],[-87.4769,19.8281],[-87.4769,19.8284],[-87.4764,19.8285],[-87.4762,19.8288],[-87.4762,19.8288],[-87.4761,19.8288],[-87.4759,19.8288],[-87.4759,19.8288],[-87.4757,19.8289],[-87.4755,19.8289],[-87.4753,19.8289],[-87.4753,19.8289],[-87.4755,19.8291],[-87.4756,19.8292],[-87.4758,19.8292],[-87.4759,19.8294],[-87.476,19.8295],[-87.476,19.8295],[-87.476,19.8296],[-87.4761,19.8298],[-87.4761,19.8298],[-87.4762,19.8299],[-87.4763,19.83],[-87.4763,19.8302],[-87.4762,19.8302],[-87.4761,19.8303],[-87.476,19.8304],[-87.476,19.8306],[-87.4761,19.8307],[-87.4761,19.8308],[-87.4761,19.831],[-87.4761,19.8312],[-87.476,19.8312],[-87.476,19.8314],[-87.4759,19.8315],[-87.4759,19.8317],[-87.4758,19.8318],[-87.4757,19.8318],[-87.4756,19.8318],[-87.4754,19.8318],[-87.4754,19.8318],[-87.4753,19.8318],[-87.4752,19.832],[-87.4752,19.8321],[-87.4752,19.8322],[-87.4753,19.8322],[-87.4753,19.8325],[-87.4753,19.8326],[-87.4752,19.8327],[-87.475,19.8328],[-87.4748,19.8331],[-87.4747,19.8332],[-87.4745,19.8335],[-87.4742,19.8337],[-87.474,19.8339],[-87.4739,19.8341],[-87.4738,19.8343],[-87.4736,19.8345],[-87.4735,19.8345],[-87.4734,19.8348],[-87.4734,19.8348],[-87.4733,19.8349],[-87.4732,19.8349],[-87.4731,19.8349],[-87.473,19.835],[-87.4728,19.8351],[-87.4727,19.8352],[-87.4726,19.8353],[-87.4727,19.8356],[-87.4726,19.8357],[-87.4725,19.8358],[-87.4724,19.8359],[-87.4723,19.8358],[-87.4722,19.8359],[-87.4722,19.8359],[-87.4721,19.836],[-87.472,19.8362],[-87.4719,19.8363],[-87.4717,19.8362],[-87.4716,19.8363],[-87.4715,19.8363],[-87.4714,19.8364],[-87.4713,19.8365],[-87.4712,19.8365],[-87.4711,19.8366],[-87.471,19.8366],[-87.4709,19.8367],[-87.4708,19.8367],[-87.4706,19.8368],[-87.4705,19.8369],[-87.4703,19.8368],[-87.4703,19.8367],[-87.4701,19.8367],[-87.47,19.8365],[-87.4698,19.8365],[-87.4698,19.8364],[-87.4698,19.8363],[-87.4697,19.8361],[-87.4696,19.8361],[-87.4695,19.8359],[-87.4694,19.8356],[-87.4694,19.8356],[-87.4695,19.8353],[-87.4696,19.8351],[-87.4697,19.8348],[-87.4698,19.8346],[-87.4702,19.8346],[-87.4704,19.8346],[-87.4707,19.8343],[-87.4708,19.834],[-87.4709,19.8339],[-87.471,19.8338],[-87.4711,19.8336],[-87.4713,19.8335],[-87.4716,19.8334],[-87.4719,19.8334],[-87.472,19.8333],[-87.4721,19.8332],[-87.4722,19.833],[-87.4723,19.8329],[-87.4726,19.8326],[-87.4727,19.8324],[-87.4727,19.8324],[-87.4728,19.8322],[-87.4728,19.8321],[-87.4728,19.8321],[-87.4727,19.8322],[-87.4727,19.8323],[-87.4726,19.8324],[-87.4726,19.8324],[-87.4726,19.8324],[-87.4725,19.8323],[-87.4725,19.8322],[-87.4725,19.8322],[-87.4725,19.8318],[-87.4726,19.8316],[-87.4726,19.8315],[-87.4726,19.8314],[-87.4727,19.8313],[-87.4727,19.8311],[-87.4728,19.8307],[-87.4728,19.8307],[-87.4726,19.8306],[-87.4725,19.8307],[-87.4723,19.8309],[-87.4722,19.8311],[-87.4722,19.8315],[-87.4722,19.8318],[-87.4723,19.8319],[-87.4723,19.832],[-87.4722,19.8322],[-87.4721,19.8322],[-87.4721,19.8323],[-87.4721,19.8326],[-87.472,19.8326],[-87.472,19.8327],[-87.4718,19.8326],[-87.4716,19.8327],[-87.4715,19.8329],[-87.4714,19.8331],[-87.4713,19.8331],[-87.4712,19.8333],[-87.4711,19.8334],[-87.471,19.8335],[-87.4708,19.8335],[-87.4708,19.8336],[-87.4707,19.8338],[-87.4706,19.8339],[-87.4705,19.834],[-87.4703,19.8342],[-87.4703,19.8343],[-87.47,19.8343],[-87.47,19.8343],[-87.4699,19.8343],[-87.4699,19.8344],[-87.4697,19.8344],[-87.4697,19.8345],[-87.4696,19.8345],[-87.4694,19.8347],[-87.4693,19.8348],[-87.4691,19.8349],[-87.469,19.8349],[-87.4689,19.835],[-87.4688,19.8352],[-87.4686,19.8353],[-87.4685,19.8354],[-87.4684,19.8356],[-87.4682,19.8357],[-87.468,19.8357],[-87.4681,19.836],[-87.468,19.8362],[-87.4678,19.8363],[-87.4672,19.8361],[-87.4669,19.8361],[-87.4669,19.8361],[-87.4668,19.8366],[-87.4668,19.837],[-87.4668,19.8374],[-87.4669,19.8376],[-87.4671,19.8375],[-87.4672,19.8375],[-87.4673,19.8374],[-87.4674,19.8373],[-87.4675,19.8373],[-87.4678,19.8373],[-87.4678,19.8375],[-87.4678,19.8377],[-87.4676,19.8378],[-87.4674,19.838],[-87.4672,19.8381],[-87.4671,19.8382],[-87.4668,19.8384],[-87.4667,19.8384],[-87.4666,19.8382],[-87.4664,19.838],[-87.4662,19.838],[-87.4661,19.8379],[-87.466,19.8377],[-87.4659,19.8375],[-87.4656,19.8374],[-87.4655,19.8373],[-87.4655,19.8372],[-87.4654,19.8371],[-87.4653,19.8369],[-87.4651,19.8368],[-87.4649,19.8368],[-87.4648,19.8368],[-87.4646,19.8368],[-87.4642,19.8368],[-87.4642,19.8368],[-87.4639,19.8367],[-87.4636,19.8368],[-87.4633,19.8368],[-87.4633,19.8368],[-87.4632,19.8368],[-87.4631,19.8368],[-87.4629,19.8369],[-87.4625,19.8369],[-87.4621,19.8368],[-87.4619,19.8367],[-87.4617,19.8368],[-87.4616,19.8368],[-87.4614,19.8369],[-87.4612,19.837],[-87.4612,19.8369],[-87.4611,19.8367],[-87.461,19.8367],[-87.4609,19.8368],[-87.4607,19.8369],[-87.4605,19.837],[-87.4604,19.837],[-87.4602,19.8372],[-87.4602,19.8373],[-87.46,19.8374],[-87.4598,19.8374],[-87.4595,19.8374],[-87.4593,19.8374],[-87.4592,19.8373],[-87.4591,19.8371],[-87.4589,19.8371],[-87.4588,19.837],[-87.4585,19.837],[-87.4579,19.8369],[-87.4575,19.8368],[-87.4573,19.8369],[-87.4572,19.8369],[-87.4569,19.8369],[-87.4567,19.8369],[-87.4566,19.8368],[-87.4564,19.8367],[-87.4562,19.8367],[-87.456,19.8365],[-87.4559,19.8365],[-87.4558,19.8365],[-87.4555,19.8364],[-87.4546,19.8362],[-87.4536,19.8363],[-87.4527,19.8365],[-87.452,19.837],[-87.4519,19.8378],[-87.4517,19.8379],[-87.4513,19.8381],[-87.4512,19.8386],[-87.4514,19.8391],[-87.4513,19.8395],[-87.451,19.8396],[-87.451,19.8401],[-87.4509,19.8405],[-87.4506,19.8409],[-87.4506,19.8413],[-87.4504,19.8418],[-87.4502,19.8422],[-87.4503,19.8425],[-87.4501,19.8428],[-87.4501,19.8431],[-87.4499,19.8432],[-87.4498,19.8435],[-87.4497,19.8437],[-87.4496,19.8446],[-87.4494,19.845],[-87.4493,19.8452],[-87.4492,19.8456],[-87.449,19.8461],[-87.4489,19.8464],[-87.4489,19.8468],[-87.4489,19.8472],[-87.4492,19.8474],[-87.4492,19.8475],[-87.4492,19.8475],[-87.4493,19.8477],[-87.4493,19.848],[-87.4493,19.8483],[-87.4493,19.8489],[-87.4493,19.8496],[-87.449,19.8498],[-87.4488,19.8503],[-87.4487,19.851],[-87.4488,19.8514],[-87.4485,19.8516],[-87.4482,19.8519],[-87.4479,19.8522],[-87.4478,19.8524],[-87.4476,19.8528],[-87.4475,19.8532],[-87.4473,19.8536],[-87.4471,19.854],[-87.447,19.8544],[-87.4467,19.8547],[-87.4465,19.8552],[-87.4465,19.8556],[-87.4462,19.8559],[-87.4461,19.856],[-87.4459,19.8564],[-87.4457,19.8565],[-87.4454,19.8569],[-87.4452,19.8572],[-87.4449,19.8575],[-87.4445,19.8577],[-87.4443,19.8579],[-87.4442,19.8582],[-87.444,19.8585],[-87.4437,19.8589],[-87.4433,19.8593],[-87.443,19.8596],[-87.4428,19.8599],[-87.4428,19.8605],[-87.4426,19.8608],[-87.4424,19.861],[-87.4423,19.8614],[-87.4421,19.8615],[-87.4419,19.8618],[-87.4417,19.8621],[-87.4415,19.8625],[-87.4413,19.8627],[-87.4413,19.863],[-87.4411,19.8633],[-87.4408,19.8636],[-87.4405,19.864],[-87.4401,19.8645],[-87.4399,19.8648],[-87.4394,19.8655],[-87.439,19.8659],[-87.4385,19.8664],[-87.4386,19.8668],[-87.4386,19.8672],[-87.4387,19.8675],[-87.4389,19.8677],[-87.4391,19.8678],[-87.4397,19.868],[-87.4399,19.8682],[-87.44,19.8682],[-87.4401,19.8686],[-87.4403,19.8691],[-87.4404,19.8695],[-87.4406,19.8702],[-87.4406,19.8703],[-87.4409,19.8704],[-87.4409,19.8704],[-87.441,19.8708],[-87.4408,19.8713],[-87.4407,19.8719],[-87.4408,19.8721],[-87.4406,19.8722],[-87.4405,19.8722],[-87.4406,19.8724],[-87.4407,19.8725],[-87.4409,19.8728],[-87.441,19.8732],[-87.441,19.8733],[-87.4411,19.8733],[-87.4414,19.8736],[-87.4413,19.8739],[-87.4412,19.874],[-87.4413,19.8743],[-87.4415,19.8746],[-87.4416,19.8746],[-87.4417,19.8748],[-87.442,19.8754],[-87.4414,19.8758],[-87.4408,19.8764],[-87.4401,19.8767],[-87.4397,19.8771],[-87.4396,19.8777],[-87.4398,19.8782],[-87.4401,19.8787],[-87.4398,19.8791],[-87.4399,19.8795],[-87.4392,19.8797],[-87.4385,19.88],[-87.4381,19.8802],[-87.4381,19.8807],[-87.4376,19.881],[-87.4374,19.8815],[-87.4373,19.882],[-87.4375,19.8823],[-87.437,19.8826],[-87.4366,19.883],[-87.4363,19.8834],[-87.436,19.8838],[-87.4359,19.8844],[-87.4353,19.885],[-87.4348,19.8854],[-87.4348,19.8854],[-87.4345,19.8854],[-87.4341,19.8856],[-87.4336,19.8859],[-87.4335,19.8859],[-87.4336,19.886],[-87.4338,19.8859],[-87.434,19.8858],[-87.434,19.8858],[-87.4344,19.8859],[-87.4344,19.886],[-87.4347,19.886],[-87.4349,19.886],[-87.4349,19.886],[-87.4351,19.886],[-87.4352,19.886],[-87.4354,19.8861],[-87.4357,19.8862],[-87.4361,19.8864],[-87.4362,19.8864],[-87.4364,19.8864],[-87.4366,19.8864],[-87.4368,19.8864],[-87.4369,19.8865],[-87.4371,19.8866],[-87.4375,19.8866],[-87.4377,19.8865],[-87.4379,19.8861],[-87.4379,19.8857],[-87.4378,19.8854],[-87.4379,19.8855],[-87.438,19.8855],[-87.4382,19.8858],[-87.4383,19.8861],[-87.4383,19.8865],[-87.4386,19.8869],[-87.4385,19.8874],[-87.4382,19.8878],[-87.4378,19.8876],[-87.4372,19.8875],[-87.4367,19.8874],[-87.4356,19.8876],[-87.4355,19.8874],[-87.4353,19.8871],[-87.4348,19.8867],[-87.4341,19.8864],[-87.4329,19.8865],[-87.4323,19.8866],[-87.4318,19.8868],[-87.4313,19.8871],[-87.4313,19.8871],[-87.4313,19.8871],[-87.4312,19.8883],[-87.4314,19.8888],[-87.4314,19.8893],[-87.4316,19.8899],[-87.4317,19.8898],[-87.4317,19.8898],[-87.4319,19.8898],[-87.432,19.8901],[-87.4316,19.8907],[-87.4317,19.891],[-87.4313,19.8953],[-87.4316,19.8963],[-87.4318,19.8969],[-87.4317,19.8983],[-87.432,19.8988],[-87.432,19.8993],[-87.4322,19.9004],[-87.4324,19.9015],[-87.4328,19.9026],[-87.4326,19.9039],[-87.4329,19.9045],[-87.4328,19.9058],[-87.4329,19.906],[-87.4329,19.9066],[-87.4331,19.9069],[-87.4334,19.9075],[-87.4332,19.9078],[-87.4331,19.9081],[-87.4329,19.9086],[-87.433,19.9088],[-87.433,19.9088],[-87.4331,19.9089],[-87.4333,19.9092],[-87.4333,19.9094],[-87.4333,19.9094],[-87.4332,19.9096],[-87.4332,19.9096],[-87.4332,19.9096],[-87.4332,19.9097],[-87.4333,19.9099],[-87.4335,19.9105],[-87.4338,19.911],[-87.4342,19.9114],[-87.4345,19.9116],[-87.4349,19.9117],[-87.4352,19.9118],[-87.4353,19.9121],[-87.4354,19.9124],[-87.4352,19.9126],[-87.435,19.9128],[-87.4349,19.9129],[-87.4346,19.9131],[-87.4346,19.9133],[-87.4348,19.9135],[-87.4351,19.9138],[-87.4352,19.914],[-87.4353,19.9143],[-87.4354,19.9147],[-87.4353,19.915],[-87.4353,19.9152],[-87.4358,19.9154],[-87.4362,19.9154],[-87.4363,19.9153],[-87.4363,19.9151],[-87.4364,19.915],[-87.4364,19.9149],[-87.4365,19.9147],[-87.4365,19.9147],[-87.4364,19.9144],[-87.4361,19.9144],[-87.4359,19.9141],[-87.4361,19.9138],[-87.4363,19.9133],[-87.4362,19.913],[-87.4361,19.9126],[-87.4361,19.9125],[-87.436,19.9124],[-87.436,19.9124],[-87.436,19.9123],[-87.4359,19.9123],[-87.4359,19.9123],[-87.4361,19.9122],[-87.4361,19.9121],[-87.4362,19.9121],[-87.4368,19.9121],[-87.4369,19.9126],[-87.4371,19.9131],[-87.4373,19.9132],[-87.438,19.9133],[-87.4383,19.9132],[-87.4382,19.9129],[-87.4381,19.9128],[-87.4378,19.9125],[-87.4377,19.9124],[-87.4377,19.9121],[-87.4377,19.9118],[-87.4377,19.9114],[-87.4376,19.9112],[-87.4373,19.9108],[-87.4368,19.9108],[-87.4366,19.9104],[-87.4365,19.9102],[-87.4368,19.9102],[-87.4375,19.9104],[-87.4381,19.9104],[-87.4391,19.9107],[-87.4397,19.911],[-87.4403,19.9112],[-87.4408,19.9117],[-87.4417,19.9122],[-87.442,19.9126],[-87.4428,19.914],[-87.4436,19.9146],[-87.4444,19.9148],[-87.4445,19.9148],[-87.4448,19.9151],[-87.4451,19.9153],[-87.4456,19.9159],[-87.4464,19.9167],[-87.4465,19.9172],[-87.4466,19.9173],[-87.4466,19.9176],[-87.4468,19.9179],[-87.4471,19.9181],[-87.4471,19.9181],[-87.4471,19.9181],[-87.4474,19.9176],[-87.4478,19.9182],[-87.4478,19.9187],[-87.4476,19.919],[-87.4478,19.9195],[-87.448,19.9199],[-87.4486,19.9203],[-87.4488,19.9204],[-87.4488,19.9204],[-87.449,19.9203],[-87.449,19.9202],[-87.449,19.9202],[-87.449,19.9201],[-87.449,19.92],[-87.449,19.92],[-87.449,19.92],[-87.4491,19.9199],[-87.4491,19.9199],[-87.4492,19.92],[-87.4492,19.92],[-87.4492,19.92],[-87.4496,19.9208],[-87.4499,19.921],[-87.4502,19.9216],[-87.4508,19.9219],[-87.4513,19.9219],[-87.4516,19.922],[-87.4516,19.922],[-87.4517,19.9219],[-87.452,19.9217],[-87.4522,19.9217],[-87.4522,19.9217],[-87.4525,19.9216],[-87.4525,19.9216],[-87.4527,19.9217],[-87.453,19.9217],[-87.4533,19.9217],[-87.4534,19.9218],[-87.4536,19.9219],[-87.4536,19.922],[-87.4538,19.922],[-87.454,19.922],[-87.4541,19.9221],[-87.4542,19.9221],[-87.4544,19.922],[-87.4548,19.922],[-87.4549,19.9221],[-87.4551,19.9222],[-87.4553,19.9224],[-87.4554,19.9225],[-87.4558,19.9227],[-87.456,19.9228],[-87.4562,19.9229],[-87.4563,19.9232],[-87.4564,19.9234],[-87.4564,19.9235],[-87.4568,19.9238],[-87.4568,19.9238],[-87.4571,19.9239],[-87.4575,19.924],[-87.4577,19.9241],[-87.458,19.9244],[-87.4581,19.9245],[-87.4582,19.9246],[-87.4584,19.9248],[-87.4586,19.9247],[-87.4589,19.9248],[-87.4591,19.9251],[-87.4592,19.9254],[-87.4594,19.9257],[-87.4595,19.9258],[-87.4596,19.9259],[-87.4598,19.926],[-87.4598,19.9263],[-87.4601,19.9264],[-87.4602,19.9264],[-87.4604,19.9266],[-87.4607,19.9267],[-87.4608,19.9269],[-87.4608,19.9273],[-87.4607,19.9273],[-87.4606,19.9274],[-87.4602,19.9274],[-87.46,19.9275],[-87.4598,19.9275],[-87.4599,19.9276],[-87.4601,19.9277],[-87.4601,19.928],[-87.4599,19.9282],[-87.4597,19.9285],[-87.4596,19.9288],[-87.4596,19.9289],[-87.4595,19.929],[-87.4592,19.929],[-87.459,19.9289],[-87.459,19.9288],[-87.4591,19.9287],[-87.4593,19.9285],[-87.4593,19.9283],[-87.4592,19.9281],[-87.4589,19.9281],[-87.4589,19.9281],[-87.4589,19.9281],[-87.4587,19.9282],[-87.4586,19.9282],[-87.4586,19.9282],[-87.4583,19.9282],[-87.4581,19.9282],[-87.4576,19.9282],[-87.4575,19.9282],[-87.4574,19.9282],[-87.4572,19.9283],[-87.4572,19.9285],[-87.4574,19.9286],[-87.4576,19.9287],[-87.4579,19.9288],[-87.4579,19.9292],[-87.4578,19.9296],[-87.4576,19.9298],[-87.4573,19.9298],[-87.4568,19.9298],[-87.4567,19.9298],[-87.4564,19.93],[-87.4562,19.9299],[-87.4559,19.9299],[-87.4559,19.93],[-87.4561,19.9302],[-87.4562,19.9302],[-87.4566,19.9305],[-87.4567,19.9307],[-87.4567,19.9309],[-87.4565,19.931],[-87.4565,19.9312],[-87.4566,19.9314],[-87.4567,19.9314],[-87.4567,19.9314],[-87.4568,19.9315],[-87.4568,19.9315],[-87.4569,19.9315],[-87.4569,19.9315],[-87.4569,19.9315],[-87.4573,19.9316],[-87.4575,19.9317],[-87.4574,19.932],[-87.4574,19.9321],[-87.4574,19.9323],[-87.4576,19.9324],[-87.4577,19.9325],[-87.4577,19.9328],[-87.4576,19.9329],[-87.4575,19.933],[-87.4572,19.9331],[-87.457,19.9331],[-87.4568,19.9332],[-87.4567,19.9332],[-87.4567,19.9334],[-87.4567,19.9335],[-87.4567,19.9335],[-87.4567,19.9335],[-87.4568,19.9335],[-87.4568,19.9334],[-87.4569,19.9334],[-87.4569,19.9336],[-87.457,19.9336],[-87.4571,19.9335],[-87.4574,19.9335],[-87.4575,19.9337],[-87.4576,19.9338],[-87.4576,19.9341],[-87.4574,19.9342],[-87.4571,19.9344],[-87.4569,19.9347],[-87.4569,19.9351],[-87.4571,19.9353],[-87.4573,19.9354],[-87.4575,19.9356],[-87.4576,19.9358],[-87.4576,19.9361],[-87.4575,19.9361],[-87.4573,19.9361],[-87.4572,19.9361],[-87.4572,19.9363],[-87.4571,19.9366],[-87.4572,19.9369],[-87.4573,19.9372],[-87.4574,19.9374],[-87.4575,19.9378],[-87.4577,19.9381],[-87.4577,19.9383],[-87.4577,19.9383],[-87.4582,19.9382],[-87.4582,19.9383],[-87.4583,19.9383],[-87.4583,19.9384],[-87.4584,19.9384],[-87.4585,19.9384],[-87.4586,19.9384],[-87.4587,19.9384],[-87.4588,19.9383],[-87.4588,19.9383],[-87.4589,19.9382],[-87.4589,19.9382],[-87.459,19.9381],[-87.459,19.9381],[-87.4591,19.9381],[-87.4592,19.9381],[-87.4593,19.9384],[-87.4592,19.9385],[-87.4591,19.9386],[-87.4593,19.9385],[-87.4594,19.9384],[-87.4595,19.9383],[-87.4597,19.9383],[-87.4597,19.9386],[-87.4596,19.9389],[-87.4596,19.9392],[-87.4598,19.9397],[-87.46,19.9399],[-87.46,19.9402],[-87.4602,19.9403],[-87.4603,19.9405],[-87.4605,19.9407],[-87.4607,19.9408],[-87.4609,19.9411],[-87.4611,19.9411],[-87.4613,19.9411],[-87.4616,19.9413],[-87.4617,19.9415],[-87.4617,19.9419],[-87.4619,19.942],[-87.4622,19.9421],[-87.4625,19.9422],[-87.4629,19.9423],[-87.463,19.9425],[-87.4632,19.9426],[-87.4633,19.9428],[-87.4636,19.9429],[-87.4638,19.943],[-87.4641,19.9431],[-87.4643,19.9432],[-87.4645,19.9433],[-87.465,19.9433],[-87.4651,19.9434],[-87.4654,19.9436],[-87.4655,19.9438],[-87.4657,19.944],[-87.466,19.9442],[-87.4661,19.9443],[-87.4663,19.9443],[-87.4666,19.9444],[-87.4667,19.9445],[-87.4669,19.9446],[-87.467,19.9447],[-87.4673,19.9451],[-87.4674,19.9451],[-87.4678,19.9451],[-87.468,19.945],[-87.4682,19.945],[-87.4682,19.945],[-87.4686,19.945],[-87.4686,19.945],[-87.4686,19.945],[-87.4688,19.9449],[-87.469,19.9448],[-87.4692,19.9447],[-87.4694,19.9446],[-87.4695,19.9446],[-87.4702,19.9445],[-87.4702,19.9445],[-87.4702,19.9444],[-87.4704,19.9443],[-87.4705,19.9443],[-87.4709,19.9442],[-87.4711,19.9441],[-87.4711,19.9441],[-87.4712,19.944],[-87.4715,19.9438],[-87.4717,19.9438],[-87.4717,19.9438],[-87.4717,19.9437],[-87.4718,19.9436],[-87.4718,19.9435],[-87.4723,19.9427],[-87.4727,19.9418],[-87.473,19.9415],[-87.473,19.9415],[-87.473,19.9415],[-87.4732,19.9412],[-87.4732,19.9411],[-87.4733,19.9409],[-87.4734,19.9408],[-87.4734,19.9406],[-87.4735,19.9403],[-87.4735,19.94],[-87.4734,19.9394],[-87.4732,19.939],[-87.473,19.9382],[-87.4725,19.9368],[-87.4724,19.9367],[-87.4723,19.9365],[-87.4723,19.9364],[-87.4722,19.9362],[-87.4719,19.9359],[-87.4713,19.9351],[-87.4712,19.9349],[-87.4711,19.9346],[-87.471,19.9345],[-87.4709,19.9343],[-87.4706,19.9341],[-87.4704,19.9339],[-87.4703,19.9338],[-87.4701,19.9335],[-87.47,19.9334],[-87.4697,19.9328],[-87.4693,19.9322],[-87.4692,19.932],[-87.4688,19.9316],[-87.4688,19.9316],[-87.4687,19.9315],[-87.4685,19.9314],[-87.4682,19.9312],[-87.4679,19.931],[-87.4677,19.9309],[-87.4675,19.9308],[-87.467,19.9304],[-87.4668,19.9302],[-87.4668,19.9301],[-87.4668,19.9301],[-87.4669,19.9301],[-87.467,19.9299],[-87.4669,19.9299],[-87.4667,19.9299],[-87.4667,19.9299],[-87.4667,19.93],[-87.4666,19.93],[-87.4663,19.93],[-87.4661,19.9299],[-87.4661,19.9299],[-87.466,19.9299],[-87.4657,19.9296],[-87.4653,19.9292],[-87.4649,19.9286],[-87.4648,19.9282],[-87.4648,19.9281],[-87.4648,19.9281],[-87.4648,19.928],[-87.4649,19.9277],[-87.465,19.9276],[-87.4651,19.9274],[-87.4653,19.9272],[-87.4655,19.9269],[-87.4657,19.9265],[-87.4658,19.9264],[-87.4659,19.9262],[-87.466,19.926],[-87.466,19.9258],[-87.466,19.9256],[-87.4659,19.9254],[-87.4659,19.9253],[-87.4657,19.9249],[-87.4656,19.9248],[-87.4655,19.9247],[-87.4654,19.9245],[-87.4654,19.9244],[-87.4653,19.9241],[-87.4654,19.924],[-87.4654,19.9238],[-87.4655,19.9238],[-87.4656,19.9235],[-87.4657,19.9233],[-87.4657,19.9232],[-87.4656,19.9231],[-87.4656,19.923],[-87.4654,19.9225],[-87.4653,19.9221],[-87.4652,19.922],[-87.4651,19.9217],[-87.4651,19.9217],[-87.4651,19.9215],[-87.4651,19.9215],[-87.465,19.9212],[-87.4649,19.921],[-87.4647,19.9207],[-87.4646,19.9206],[-87.4646,19.9205],[-87.4644,19.9203],[-87.4642,19.9199],[-87.4641,19.9198],[-87.464,19.9197],[-87.4639,19.9195],[-87.4636,19.9189],[-87.4634,19.9184],[-87.463,19.9177],[-87.463,19.9176],[-87.463,19.9174],[-87.4629,19.9172],[-87.4629,19.9169],[-87.4628,19.9166],[-87.4628,19.9166],[-87.4627,19.9166],[-87.4626,19.9165],[-87.4625,19.9163],[-87.4625,19.916],[-87.4624,19.916],[-87.4623,19.9159],[-87.4622,19.9158],[-87.4621,19.9158],[-87.4621,19.9157],[-87.4619,19.9157],[-87.4617,19.9157],[-87.4614,19.9157],[-87.4612,19.9155],[-87.4612,19.9155],[-87.4605,19.9154],[-87.4604,19.9154],[-87.4601,19.9155],[-87.4598,19.9157],[-87.4595,19.9158],[-87.4593,19.916],[-87.4591,19.9166],[-87.459,19.9172],[-87.4592,19.9174],[-87.4595,19.9174],[-87.4595,19.9177],[-87.4592,19.9178],[-87.4592,19.9178],[-87.4591,19.9178],[-87.459,19.9179],[-87.459,19.9179],[-87.4588,19.918],[-87.4587,19.918],[-87.4586,19.918],[-87.4584,19.9178],[-87.4581,19.9177],[-87.4577,19.9174],[-87.4574,19.9172],[-87.4574,19.9172],[-87.4573,19.9171],[-87.4573,19.917],[-87.4575,19.9169],[-87.4576,19.9169],[-87.4576,19.9169],[-87.4577,19.917],[-87.4577,19.917],[-87.4578,19.917],[-87.4578,19.9169],[-87.4578,19.9167],[-87.4581,19.9167],[-87.4581,19.9167],[-87.4582,19.9166],[-87.4582,19.9165],[-87.4583,19.9164],[-87.4584,19.916],[-87.4585,19.9158],[-87.4586,19.9151],[-87.4587,19.9147],[-87.4588,19.9146],[-87.4588,19.9146],[-87.4589,19.9147],[-87.4591,19.9146],[-87.4595,19.9143],[-87.4599,19.9138],[-87.46,19.9136],[-87.4602,19.9135],[-87.4603,19.9133],[-87.4607,19.9126],[-87.4613,19.9118],[-87.4615,19.9113],[-87.4618,19.9109],[-87.4621,19.9103],[-87.4625,19.9097],[-87.4625,19.9095],[-87.4627,19.9093],[-87.4627,19.9091],[-87.4628,19.909],[-87.4629,19.9088],[-87.463,19.9085],[-87.4631,19.9082],[-87.4633,19.9079],[-87.4633,19.9077],[-87.4633,19.9076],[-87.4634,19.9073],[-87.4635,19.907],[-87.4639,19.9058],[-87.464,19.9055],[-87.4639,19.9053],[-87.4638,19.9051],[-87.4638,19.905],[-87.4638,19.905],[-87.4638,19.9047],[-87.464,19.9043],[-87.4641,19.9038],[-87.4642,19.9036],[-87.4642,19.9036],[-87.4642,19.9034],[-87.4643,19.903],[-87.4644,19.9029],[-87.4644,19.9028],[-87.4646,19.9021],[-87.4647,19.9018],[-87.4647,19.9016],[-87.4647,19.9016],[-87.4645,19.9016],[-87.4644,19.9014],[-87.4643,19.9012],[-87.4643,19.9011],[-87.4642,19.9011],[-87.4642,19.901],[-87.4642,19.9009],[-87.4642,19.9007],[-87.4642,19.9005],[-87.4643,19.9003],[-87.4643,19.8999],[-87.4643,19.8997],[-87.4644,19.8988],[-87.4644,19.8986],[-87.4644,19.8983],[-87.4643,19.8978],[-87.4643,19.8977],[-87.4642,19.8967],[-87.4642,19.8962],[-87.4641,19.896],[-87.464,19.8956],[-87.464,19.8955],[-87.4641,19.8955],[-87.464,19.8953],[-87.464,19.8952],[-87.4636,19.8941],[-87.4636,19.8938],[-87.4634,19.8934],[-87.4633,19.8932],[-87.4632,19.8931],[-87.4627,19.8925],[-87.4627,19.8924],[-87.4625,19.8923],[-87.4624,19.8921],[-87.4622,19.892],[-87.4622,19.8919],[-87.462,19.8918],[-87.4619,19.8918],[-87.4618,19.8917],[-87.4617,19.8917],[-87.4616,19.8917],[-87.4614,19.8917],[-87.461,19.8915],[-87.4606,19.8913],[-87.4605,19.8913],[-87.4604,19.8913],[-87.4601,19.8913],[-87.4599,19.8913],[-87.4599,19.8913],[-87.4599,19.8913],[-87.4598,19.8914],[-87.4598,19.8914],[-87.4597,19.8914],[-87.4596,19.8913],[-87.4595,19.8912],[-87.4595,19.8912],[-87.4597,19.8908],[-87.4598,19.8907],[-87.4599,19.8906],[-87.4599,19.8906],[-87.46,19.8903],[-87.46,19.89],[-87.46,19.8898],[-87.46,19.8897],[-87.46,19.8895],[-87.46,19.8892],[-87.4599,19.889],[-87.4598,19.8886],[-87.4597,19.8884],[-87.4597,19.8883],[-87.4595,19.8881],[-87.4594,19.8881],[-87.4594,19.888],[-87.4593,19.888],[-87.4592,19.8878],[-87.4592,19.8878],[-87.4592,19.8877],[-87.4592,19.8877],[-87.459,19.8877],[-87.4589,19.8877],[-87.4589,19.8877],[-87.4587,19.8878],[-87.4587,19.8878],[-87.4586,19.8877],[-87.4585,19.8877],[-87.4585,19.8877],[-87.4583,19.8876],[-87.4581,19.8875],[-87.458,19.8874],[-87.4577,19.8874],[-87.4575,19.8873],[-87.4571,19.8874],[-87.4567,19.8874],[-87.4565,19.8874],[-87.4563,19.8875],[-87.4562,19.8876],[-87.456,19.8876],[-87.4556,19.8877],[-87.4552,19.8879],[-87.4549,19.8881],[-87.4547,19.8885],[-87.4545,19.8884],[-87.4541,19.8883],[-87.4537,19.8883],[-87.4535,19.8883],[-87.4532,19.8883],[-87.4529,19.8883],[-87.4526,19.8885],[-87.4523,19.8886],[-87.4518,19.8889],[-87.4515,19.8891],[-87.4511,19.8894],[-87.4508,19.8898],[-87.4507,19.89],[-87.4506,19.8903],[-87.4505,19.8903],[-87.4504,19.8904],[-87.4502,19.8906],[-87.45,19.8907],[-87.4497,19.8907],[-87.4495,19.8906],[-87.4493,19.8905],[-87.4493,19.8904],[-87.4492,19.8904],[-87.4492,19.8902],[-87.449,19.8902],[-87.4489,19.8901],[-87.4487,19.8901],[-87.4485,19.89],[-87.4482,19.8901],[-87.4478,19.8902],[-87.4475,19.8902],[-87.4475,19.89],[-87.4475,19.89],[-87.4475,19.89],[-87.4475,19.8899],[-87.4475,19.8898],[-87.4478,19.889],[-87.4479,19.8888],[-87.448,19.8888],[-87.4481,19.8886],[-87.4482,19.8885],[-87.4483,19.8885],[-87.4484,19.8885],[-87.4487,19.8882],[-87.4487,19.8881],[-87.4487,19.8878],[-87.449,19.8874],[-87.449,19.8874],[-87.449,19.8873],[-87.4491,19.8872],[-87.4494,19.8869],[-87.4496,19.8867],[-87.4499,19.8863],[-87.4502,19.886],[-87.4503,19.8858],[-87.4505,19.8856],[-87.4506,19.8856],[-87.4508,19.8855],[-87.4509,19.8854],[-87.451,19.8854],[-87.4517,19.8857],[-87.4518,19.8857],[-87.452,19.8857],[-87.4524,19.8858],[-87.4526,19.8858],[-87.4527,19.8858],[-87.4533,19.8856],[-87.4534,19.8855],[-87.4535,19.8855],[-87.4537,19.8853],[-87.4538,19.8853],[-87.4541,19.885],[-87.4548,19.8843],[-87.4551,19.8838],[-87.4553,19.8835],[-87.4556,19.8831],[-87.4558,19.8828],[-87.4559,19.8825],[-87.4561,19.8821],[-87.4563,19.8818],[-87.4565,19.8813],[-87.4565,19.8811],[-87.4567,19.8807],[-87.4568,19.8802],[-87.4569,19.88],[-87.4568,19.8797],[-87.4568,19.8795],[-87.4568,19.8792],[-87.4567,19.879],[-87.4566,19.8788],[-87.4564,19.8786],[-87.4564,19.8785],[-87.4562,19.8782],[-87.4561,19.8781],[-87.456,19.878],[-87.456,19.8779],[-87.4558,19.8776],[-87.4557,19.8774],[-87.4557,19.8773],[-87.4556,19.8771],[-87.4555,19.877],[-87.4556,19.877],[-87.4558,19.8768],[-87.4559,19.8766],[-87.4557,19.8765],[-87.4555,19.8765],[-87.4554,19.8765],[-87.4552,19.8763],[-87.4552,19.8759],[-87.4552,19.8757],[-87.4552,19.8757],[-87.4551,19.8753],[-87.4552,19.8751],[-87.4552,19.875],[-87.4552,19.8748],[-87.4552,19.8747],[-87.4552,19.8745],[-87.4553,19.8744],[-87.4555,19.8741],[-87.4556,19.8741],[-87.456,19.8735],[-87.4562,19.8733],[-87.4563,19.8732],[-87.4564,19.8731],[-87.4567,19.8729],[-87.4569,19.8727],[-87.4574,19.8722],[-87.4576,19.8718],[-87.4582,19.871],[-87.4584,19.8706],[-87.4586,19.8703],[-87.4587,19.8702],[-87.4588,19.8701],[-87.4591,19.8691],[-87.4592,19.8688],[-87.4594,19.8681],[-87.4594,19.8679],[-87.4595,19.8679],[-87.4595,19.8679],[-87.4597,19.8672],[-87.4598,19.8667],[-87.46,19.8659],[-87.46,19.8655],[-87.4601,19.8651],[-87.4601,19.8648],[-87.4602,19.8645],[-87.4602,19.8644],[-87.4601,19.8636],[-87.4601,19.863],[-87.46,19.8626],[-87.46,19.8625],[-87.46,19.8625],[-87.4598,19.8622],[-87.4598,19.8619],[-87.4598,19.8618],[-87.4598,19.8614],[-87.4598,19.8613],[-87.4598,19.8611],[-87.4598,19.8609],[-87.4598,19.8608],[-87.4598,19.8608],[-87.4595,19.8603],[-87.4594,19.8602],[-87.4593,19.8599],[-87.4597,19.8598],[-87.4597,19.8596],[-87.4596,19.8593],[-87.4595,19.859],[-87.4595,19.8589],[-87.4594,19.8588],[-87.4594,19.8586],[-87.4594,19.8585],[-87.4594,19.8584],[-87.4594,19.8584],[-87.4595,19.8582],[-87.4596,19.8582],[-87.4598,19.8582],[-87.4598,19.8587],[-87.4599,19.8589],[-87.46,19.8589],[-87.46,19.859],[-87.4601,19.8592],[-87.4601,19.8593],[-87.4601,19.8594],[-87.4603,19.8596],[-87.4604,19.8597],[-87.4606,19.8599],[-87.4607,19.86],[-87.4608,19.8602],[-87.461,19.8601],[-87.4611,19.8603],[-87.4612,19.8604],[-87.4612,19.8605],[-87.4613,19.8606],[-87.4615,19.8607],[-87.4617,19.8609],[-87.4617,19.8609],[-87.4618,19.861],[-87.4619,19.8611],[-87.4622,19.8611],[-87.4624,19.8611],[-87.4627,19.8613],[-87.4632,19.8613],[-87.4641,19.8613],[-87.4644,19.8612],[-87.4646,19.8611],[-87.4647,19.8611],[-87.4653,19.8607],[-87.4655,19.8606],[-87.4656,19.8605],[-87.4664,19.8597],[-87.4665,19.8596],[-87.4666,19.8595],[-87.4668,19.8593],[-87.4671,19.859],[-87.4671,19.8589],[-87.4672,19.8586],[-87.4675,19.8584],[-87.4676,19.8585],[-87.4679,19.8585],[-87.468,19.8585],[-87.4682,19.8586],[-87.4685,19.8585],[-87.4688,19.8584],[-87.4698,19.858],[-87.4704,19.8578],[-87.4704,19.8577],[-87.4707,19.8577],[-87.4708,19.8577],[-87.4712,19.8576],[-87.4714,19.8576],[-87.4715,19.8576],[-87.4716,19.8576],[-87.4717,19.8576],[-87.4719,19.8575],[-87.4724,19.8573],[-87.4724,19.8573],[-87.4726,19.8572],[-87.473,19.8569],[-87.473,19.8568],[-87.4735,19.8563],[-87.4736,19.8562],[-87.4743,19.8553],[-87.4747,19.8547],[-87.475,19.8542],[-87.476,19.8528],[-87.4762,19.8524],[-87.4767,19.8515],[-87.4769,19.851],[-87.4771,19.8505],[-87.4775,19.8496],[-87.4776,19.8494],[-87.4777,19.8493],[-87.4777,19.8492],[-87.478,19.8484],[-87.4781,19.8481],[-87.4782,19.8476],[-87.4784,19.8466],[-87.4785,19.8464],[-87.4786,19.8457],[-87.4787,19.8453],[-87.4787,19.8451],[-87.4787,19.845],[-87.4787,19.8446],[-87.4789,19.8437],[-87.4789,19.8433],[-87.4789,19.8432],[-87.479,19.8428],[-87.479,19.8424],[-87.479,19.8422],[-87.479,19.8421],[-87.4791,19.8418],[-87.4791,19.8417],[-87.4791,19.8415],[-87.4793,19.8413],[-87.4795,19.8409],[-87.4795,19.8405],[-87.4795,19.8405],[-87.4795,19.8405],[-87.4796,19.8402],[-87.4799,19.8396],[-87.48,19.8395],[-87.4803,19.8391],[-87.4803,19.8391],[-87.4807,19.8388],[-87.4809,19.8387],[-87.4811,19.8387],[-87.4812,19.8386],[-87.4814,19.8386],[-87.4815,19.8386],[-87.4816,19.8385],[-87.4817,19.8386],[-87.4819,19.8386],[-87.482,19.8386],[-87.482,19.8385],[-87.4822,19.8385],[-87.4823,19.8384],[-87.4824,19.8384],[-87.4826,19.8383],[-87.4828,19.8382],[-87.4831,19.838],[-87.4832,19.838],[-87.4833,19.838],[-87.4834,19.8379],[-87.4836,19.8379],[-87.4837,19.8379],[-87.4838,19.8378],[-87.4839,19.8377],[-87.4842,19.8375],[-87.4843,19.8374],[-87.4844,19.8373],[-87.4847,19.8369],[-87.485,19.8366],[-87.4851,19.8364],[-87.4852,19.8362],[-87.4853,19.8361],[-87.4855,19.8356],[-87.4859,19.8351],[-87.4864,19.8346],[-87.4867,19.8343],[-87.487,19.8339],[-87.4871,19.8338],[-87.4871,19.8338],[-87.4872,19.8336],[-87.4873,19.8334],[-87.4874,19.8333],[-87.4874,19.8332],[-87.4875,19.8331],[-87.4875,19.8331],[-87.4877,19.8326],[-87.4878,19.8323],[-87.4879,19.8322],[-87.488,19.832],[-87.4883,19.831],[-87.4883,19.8309],[-87.4884,19.8307],[-87.4884,19.8304],[-87.4884,19.8302],[-87.4884,19.8299],[-87.4884,19.8295],[-87.4884,19.8293],[-87.4883,19.829],[-87.4883,19.8287],[-87.4882,19.8284],[-87.4881,19.8282],[-87.488,19.8279],[-87.4878,19.8277],[-87.4876,19.8275],[-87.4876,19.8275],[-87.4876,19.8274],[-87.4876,19.8274],[-87.4875,19.8273],[-87.4875,19.8273],[-87.4873,19.8272],[-87.4872,19.8272],[-87.4867,19.8273],[-87.4861,19.8274],[-87.4862,19.8272],[-87.4863,19.8269],[-87.4864,19.8266],[-87.4865,19.8263],[-87.4865,19.8263],[-87.4866,19.8263],[-87.487,19.8262],[-87.4872,19.826],[-87.4873,19.8258],[-87.4874,19.8256],[-87.4874,19.8255],[-87.4874,19.8255],[-87.4874,19.8253],[-87.4872,19.8248],[-87.4879,19.8248],[-87.4882,19.825],[-87.4884,19.8249],[-87.4885,19.825],[-87.4886,19.825],[-87.4888,19.825],[-87.4888,19.8251],[-87.4889,19.8251],[-87.4892,19.8251],[-87.4894,19.8253],[-87.4895,19.8253],[-87.4897,19.8253],[-87.4899,19.8252],[-87.49,19.8251],[-87.4902,19.8249],[-87.4904,19.8248],[-87.4906,19.8245],[-87.4908,19.8243],[-87.4908,19.8241],[-87.4909,19.824],[-87.491,19.8238],[-87.4911,19.8234],[-87.4912,19.8229],[-87.4913,19.8223],[-87.4914,19.8215],[-87.4914,19.8214],[-87.4913,19.8208],[-87.4914,19.8203],[-87.4914,19.8199],[-87.4914,19.8197],[-87.4913,19.8194],[-87.4915,19.8189],[-87.4916,19.8183],[-87.4916,19.8182],[-87.4918,19.8178],[-87.4918,19.8177],[-87.4918,19.8173],[-87.4919,19.8168],[-87.4921,19.8166],[-87.4922,19.8163],[-87.4922,19.816],[-87.4922,19.8158],[-87.4924,19.8158],[-87.4927,19.8157],[-87.4929,19.8156],[-87.493,19.8156],[-87.4931,19.8155],[-87.4932,19.8154],[-87.4933,19.8152],[-87.4936,19.8148],[-87.4937,19.8142],[-87.4938,19.8137],[-87.4939,19.8136],[-87.4939,19.8135],[-87.494,19.8124],[-87.4938,19.8114],[-87.4938,19.8109],[-87.4941,19.8104],[-87.4948,19.8101],[-87.4951,19.8097],[-87.4952,19.809],[-87.4955,19.8085],[-87.4961,19.8083],[-87.4962,19.8082],[-87.4967,19.8078],[-87.4967,19.8078],[-87.4969,19.8077],[-87.497,19.8076],[-87.4971,19.8075],[-87.4973,19.8072],[-87.4974,19.8071],[-87.4976,19.807],[-87.4977,19.8069],[-87.4985,19.807],[-87.4994,19.807],[-87.5,19.8071],[-87.5,20.0],[-87.5,20.1225],[-87.5,20.1345],[-87.5147,20.1346],[-87.5252,20.1346],[-87.5416,20.1346],[-87.6105,20.1346],[-87.628,20.1346],[-87.628,20.2065],[-87.9223,20.2094],[-87.9735,20.2096],[-87.9752,20.2276],[-87.9827,20.3107],[-87.9857,20.3437],[-87.988,20.3693],[-87.9889,20.3789],[-87.9889,20.3793],[-87.9915,20.4083],[-87.9922,20.4162],[-87.993,20.4241],[-87.9939,20.434],[-87.9951,20.4473],[-87.978,20.447],[-87.9627,20.4467],[-87.9419,20.4463],[-87.8793,20.4447],[-87.8463,20.4413],[-87.7705,20.5161],[-87.7687,20.5159],[-87.7342,20.5159],[-87.7143,20.5159],[-87.6356,20.5158],[-87.5895,20.4692]]]}},{"type":"Feature","properties":{"cvegeo":"23001","cve_ent":"23","name":"Cozumel"},"geometry":{"type":"MultiPolygon","coordinates":[[[[-87.3515,20.3207],[-87.3518,20.3207],[-87.352,20.3208],[-87.3522,20.3207],[-87.3526,20.3204],[-87.3529,20.3202],[-87.3531,20.3199],[-87.3534,20.3196],[-87.3534,20.3195],[-87.3534,20.3193],[-87.3536,20.3191],[-87.3537,20.3186],[-87.3537,20.3185],[-87.3537,20.3185],[-87.3537,20.3184],[-87.3537,20.3183],[-87.3536,20.3183],[-87.3536,20.3183],[-87.3536,20.3183],[-87.3536,20.3179],[-87.3538,20.317],[-87.354,20.3166],[-87.354,20.3161],[-87.354,20.3158],[-87.3541,20.3156],[-87.3542,20.3149],[-87.3542,20.3149],[-87.3543,20.3148],[-87.3543,20.3148],[-87.3544,20.3148],[-87.3546,20.3148],[-87.3546,20.3148],[-87.3547,20.3148],[-87.3547,20.3148],[-87.3547,20.3148],[-87.3548,20.3148],[-87.3549,20.3148],[-87.3549,20.3148],[-87.355,20.3149],[-87.3552,20.315],[-87.3559,20.3154],[-87.3559,20.3154],[-87.3559,20.3155],[-87.356,20.3155],[-87.356,20.3155],[-87.3561,20.3155],[-87.3564,20.3151],[-87.3564,20.3151],[-87.3564,20.3151],[-87.3564,20.3149],[-87.3563,20.3147],[-87.3557,20.3144],[-87.3553,20.3141],[-87.3549,20.3138],[-87.3549,20.3134],[-87.355,20.3131],[-87.3551,20.3127],[-87.3552,20.3126],[-87.3552,20.3123],[-87.3553,20.3122],[-87.3555,20.3121],[-87.3555,20.3121],[-87.3555,20.3121],[-87.3557,20.312],[-87.3559,20.3116],[-87.3559,20.3116],[-87.3562,20.3117],[-87.3588,20.3127],[-87.3634,20.3144],[-87.3585,20.3248],[-87.353,20.3232],[-87.3524,20.3229],[-87.3524,20.3229],[-87.3523,20.3228],[-87.3523,20.3227],[-87.3522,20.3227],[-87.3521,20.3227],[-87.3521,20.3227],[-87.3518,20.3226],[-87.3518,20.3224],[-87.3518,20.3223],[-87.3518,20.3221],[-87.3518,20.3221],[-87.3517,20.322],[-87.3516,20.3219],[-87.3514,20.3218],[-87.3513,20.3217],[-87.3512,20.3217],[-87.3512,20.3217],[-87.3511,20.3216],[-87.3509,20.3215],[-87.3509,20.3215],[-87.3509,20.3214],[-87.351,20.3214],[-87.351,20.3213],[-87.3511,20.3211],[-87.3514,20.3209],[-87.3515,20.3207]]],[[[-86.8648,20.5482],[-86.8648,20.548],[-86.8644,20.548],[-86.8643,20.5478],[-86.8636,20.5478],[-86.8635,20.5476],[-86.8626,20.5476],[-86.8625,20.5473],[-86.8605,20.5473],[-86.8602,20.5473],[-86.8596,20.5474],[-86.8592,20.5475],[-86.8591,20.5472],[-86.8593,20.547],[-86.8596,20.5466],[-86.8602,20.5466],[-86.8606,20.5466],[-86.8607,20.5468],[-86.8616,20.5468],[-86.8621,20.5466],[-86.8624,20.5466],[-86.8624,20.5465],[-86.8624,20.5461],[-86.8626,20.5461],[-86.8626,20.5458],[-86.8629,20.5457],[-86.863,20.5462],[-86.8633,20.5462],[-86.8641,20.5462],[-86.8644,20.5463],[-86.8645,20.5466],[-86.8647,20.5467],[-86.8648,20.5468],[-86.8649,20.5469],[-86.865,20.5471],[-86.8652,20.5471],[-86.8653,20.5473],[-86.8657,20.5473],[-86.8658,20.5475],[-86.8659,20.5475],[-86.8659,20.5479],[-86.8658,20.548],[-86.8658,20.5482],[-86.8648,20.5482]]],[[[-87.1325,20.5837],[-87.1257,20.5769],[-87.1242,20.5774],[-87.122,20.5756],[-87.1219,20.5755],[-87.1222,20.5751],[-87.1227,20.5746],[-87.123,20.5744],[-87.1229,20.5743],[-87.1229,20.5743],[-87.1229,20.5742],[-87.123,20.5741],[-87.1231,20.5739],[-87.1232,20.5739],[-87.1235,20.5736],[-87.1241,20.5731],[-87.1241,20.5731],[-87.1241,20.573],[-87.1243,20.5728],[-87.1244,20.5727],[-87.1246,20.5727],[-87.1264,20.5708],[-87.1264,20.5708],[-87.1263,20.5708],[-87.1263,20.5708],[-87.1262,20.5708],[-87.1261,20.5708],[-87.126,20.5708],[-87.126,20.5707],[-87.126,20.5707],[-87.1261,20.5707],[-87.1261,20.5707],[-87.1263,20.5707],[-87.1264,20.5707],[-87.1266,20.5704],[-87.1267,20.5703],[-87.127,20.57],[-87.1271,20.5698],[-87.1273,20.5696],[-87.1274,20.5696],[-87.1274,20.5695],[-87.1276,20.5695],[-87.1279,20.5695],[-87.1284,20.5693],[-87.1287,20.569],[-87.1288,20.5691],[-87.1305,20.5705],[-87.1408,20.5823],[-87.1568,20.57],[-87.1901,20.5847],[-87.1844,20.5933],[-87.1814,20.5977],[-87.1776,20.5969],[-87.1659,20.5935],[-87.1418,20.5878],[-87.1358,20.5862],[-87.1325,20.5837]]],[[[-86.7299,20.5695],[-86.73,20.5694],[-86.7302,20.5694],[-86.7302,20.5694],[-86.7302,20.5694],[-86.7302,20.5694],[-86.7303,20.5693],[-86.7305,20.569],[-86.7305,20.5688],[-86.7305,20.5688],[-86.7305,20.5686],[-86.7305,20.5683],[-86.7309,20.5676],[-86.7311,20.5669],[-86.7314,20.5665],[-86.7316,20.5662],[-86.7319,20.5658],[-86.7321,20.5654],[-86.7323,20.5649],[-86.7324,20.5645],[-86.7328,20.5639],[-86.7331,20.5631],[-86.7332,20.5629],[-86.7335,20.5622],[-86.7335,20.5622],[-86.7336,20.5622],[-86.7336,20.5622],[-86.7336,20.5621],[-86.7338,20.5619],[-86.7338,20.5618],[-86.7339,20.5617],[-86.7339,20.5616],[-86.7339,20.5616],[-86.7339,20.5615],[-86.734,20.5613],[-86.7344,20.5607],[-86.7349,20.5601],[-86.7352,20.5597],[-86.7353,20.5591],[-86.7355,20.5588],[-86.7359,20.5578],[-86.7362,20.5572],[-86.7364,20.5567],[-86.7366,20.5564],[-86.7366,20.556],[-86.7367,20.5558],[-86.7368,20.5555],[-86.737,20.5552],[-86.7372,20.555],[-86.7372,20.5548],[-86.7372,20.5546],[-86.7372,20.5545],[-86.7373,20.5545],[-86.7375,20.5543],[-86.7377,20.5542],[-86.7378,20.554],[-86.738,20.5534],[-86.7379,20.5527],[-86.7382,20.5524],[-86.7383,20.5523],[-86.7388,20.5521],[-86.7392,20.5516],[-86.7396,20.551],[-86.7397,20.5507],[-86.7397,20.5505],[-86.7397,20.5502],[-86.7401,20.5497],[-86.7405,20.5491],[-86.7409,20.5488],[-86.7411,20.5487],[-86.7413,20.5487],[-86.7413,20.5487],[-86.7414,20.5486],[-86.7415,20.5485],[-86.7416,20.5484],[-86.7416,20.5482],[-86.7418,20.5479],[-86.742,20.5475],[-86.7421,20.5474],[-86.7421,20.5473],[-86.7423,20.5469],[-86.7426,20.5464],[-86.7429,20.5459],[-86.7431,20.5455],[-86.7433,20.5451],[-86.7436,20.5448],[-86.744,20.5446],[-86.744,20.5446],[-86.744,20.5446],[-86.7441,20.5446],[-86.7441,20.5446],[-86.7445,20.5437],[-86.7445,20.5437],[-86.7445,20.5436],[-86.7447,20.5431],[-86.7449,20.5426],[-86.7452,20.5422],[-86.7454,20.542],[-86.7454,20.5419],[-86.7459,20.5411],[-86.7459,20.5407],[-86.7461,20.5403],[-86.7463,20.5401],[-86.7465,20.5399],[-86.7465,20.5399],[-86.7466,20.5396],[-86.7468,20.5391],[-86.7469,20.5388],[-86.7474,20.5379],[-86.7476,20.5374],[-86.7479,20.537],[-86.7479,20.537],[-86.748,20.5369],[-86.7481,20.5367],[-86.7483,20.5365],[-86.7485,20.5364],[-86.7486,20.5365],[-86.7486,20.5365],[-86.7487,20.5365],[-86.7489,20.5365],[-86.749,20.5364],[-86.7491,20.5364],[-86.7491,20.5364],[-86.7493,20.5354],[-86.7494,20.5349],[-86.7494,20.5349],[-86.7493,20.5348],[-86.7493,20.5348],[-86.7492,20.5348],[-86.7492,20.5347],[-86.7492,20.5346],[-86.7492,20.5346],[-86.7493,20.5344],[-86.7494,20.5343],[-86.7496,20.5341],[-86.7498,20.534],[-86.7498,20.534],[-86.7499,20.5339],[-86.75,20.5336],[-86.7503,20.5333],[-86.751,20.5325],[-86.7514,20.5321],[-86.7521,20.5315],[-86.7522,20.5314],[-86.7524,20.5312],[-86.7525,20.5311],[-86.753,20.5307],[-86.7543,20.5288],[-86.7548,20.5282],[-86.7552,20.5278],[-86.7553,20.5276],[-86.7553,20.5276],[-86.7554,20.5275],[-86.7555,20.5274],[-86.7555,20.5274],[-86.7559,20.5272],[-86.756,20.5271],[-86.7564,20.5267],[-86.7578,20.5255],[-86.7584,20.524],[-86.7592,20.5216],[-86.7601,20.5195],[-86.7603,20.5182],[-86.7609,20.5165],[-86.7612,20.5163],[-86.7616,20.5155],[-86.7617,20.5144],[-86.7617,20.512],[-86.7619,20.5119],[-86.762,20.5109],[-86.7627,20.5091],[-86.7634,20.5071],[-86.765,20.5053],[-86.7658,20.5041],[-86.7664,20.5028],[-86.7672,20.5014],[-86.7678,20.5005],[-86.769,20.4988],[-86.7695,20.498],[-86.7699,20.4975],[-86.7702,20.4971],[-86.7705,20.4964],[-86.7708,20.496],[-86.7712,20.4954],[-86.7715,20.4948],[-86.7719,20.4944],[-86.7726,20.4939],[-86.7732,20.4934],[-86.7737,20.493],[-86.7741,20.4925],[-86.7746,20.4916],[-86.7751,20.4905],[-86.7756,20.4898],[-86.7762,20.4892],[-86.7766,20.4886],[-86.7768,20.4881],[-86.7769,20.4879],[-86.7771,20.4876],[-86.7776,20.4872],[-86.7779,20.4869],[-86.7782,20.4866],[-86.7784,20.4863],[-86.7786,20.4859],[-86.7787,20.4856],[-86.7791,20.4856],[-86.7792,20.4855],[-86.7793,20.4853],[-86.7798,20.485],[-86.78,20.4849],[-86.7805,20.4846],[-86.7809,20.4842],[-86.7815,20.4837],[-86.7824,20.4827],[-86.7827,20.482],[-86.7833,20.4812],[-86.7838,20.4806],[-86.7842,20.4801],[-86.7846,20.4791],[-86.7852,20.478],[-86.7856,20.4773],[-86.786,20.4769],[-86.7863,20.4764],[-86.7866,20.4759],[-86.7869,20.4754],[-86.7872,20.4752],[-86.7874,20.475],[-86.7876,20.4748],[-86.7878,20.4747],[-86.7879,20.4744],[-86.7879,20.4742],[-86.7882,20.4739],[-86.7884,20.4736],[-86.7886,20.4734],[-86.7888,20.4731],[-86.789,20.4729],[-86.7893,20.4728],[-86.7896,20.4727],[-86.7898,20.4726],[-86.7901,20.4725],[-86.7903,20.4723],[-86.7905,20.4721],[-86.7906,20.4719],[-86.7908,20.4715],[-86.7909,20.4714],[-86.7909,20.4713],[-86.7908,20.4713],[-86.7907,20.4711],[-86.7906,20.4709],[-86.7906,20.4707],[-86.7907,20.4703],[-86.7908,20.47],[-86.7911,20.4695],[-86.7913,20.4693],[-86.7913,20.4692],[-86.7913,20.4687],[-86.7917,20.4686],[-86.792,20.4683],[-86.7922,20.4681],[-86.7924,20.4676],[-86.7927,20.4669],[-86.793,20.4663],[-86.7932,20.4659],[-86.7934,20.4653],[-86.7936,20.4648],[-86.794,20.4643],[-86.7944,20.4639],[-86.7947,20.4635],[-86.795,20.4631],[-86.7952,20.4629],[-86.7956,20.4625],[-86.7958,20.4625],[-86.796,20.4625],[-86.7962,20.4626],[-86.7964,20.4627],[-86.7966,20.4625],[-86.7969,20.4625],[-86.7971,20.4626],[-86.7974,20.4625],[-86.7976,20.4624],[-86.7978,20.4622],[-86.7981,20.4621],[-86.7984,20.462],[-86.7985,20.4619],[-86.7988,20.4614],[-86.7989,20.4611],[-86.799,20.4607],[-86.7991,20.4603],[-86.7993,20.46],[-86.7995,20.4596],[-86.7997,20.4593],[-86.7999,20.4589],[-86.8003,20.4582],[-86.8005,20.4581],[-86.8008,20.458],[-86.8013,20.4577],[-86.8017,20.4573],[-86.8021,20.4575],[-86.8024,20.4575],[-86.8029,20.4576],[-86.8034,20.4576],[-86.8039,20.4576],[-86.8044,20.4575],[-86.8048,20.4573],[-86.8053,20.4569],[-86.8057,20.4566],[-86.806,20.4565],[-86.8065,20.4563],[-86.8067,20.4561],[-86.8069,20.4559],[-86.807,20.4556],[-86.8072,20.4553],[-86.8074,20.4548],[-86.8076,20.4544],[-86.8077,20.454],[-86.8081,20.4536],[-86.8084,20.453],[-86.8087,20.4526],[-86.809,20.4522],[-86.8094,20.4515],[-86.8099,20.451],[-86.8104,20.4505],[-86.8107,20.4502],[-86.8111,20.4496],[-86.8115,20.449],[-86.8119,20.4484],[-86.8125,20.4476],[-86.8131,20.4468],[-86.8136,20.446],[-86.8141,20.4452],[-86.8144,20.4445],[-86.8147,20.4439],[-86.8154,20.4434],[-86.8155,20.4433],[-86.8157,20.4428],[-86.8157,20.4425],[-86.8157,20.4422],[-86.8157,20.442],[-86.8157,20.442],[-86.8155,20.4419],[-86.8154,20.4417],[-86.8151,20.4413],[-86.815,20.441],[-86.8151,20.4409],[-86.8151,20.4409],[-86.8153,20.4408],[-86.8157,20.4406],[-86.8158,20.4404],[-86.816,20.4402],[-86.8161,20.44],[-86.8162,20.4397],[-86.8163,20.4396],[-86.8164,20.4395],[-86.8166,20.4394],[-86.8168,20.4395],[-86.817,20.4395],[-86.8171,20.4396],[-86.8172,20.4396],[-86.8173,20.4395],[-86.8175,20.4393],[-86.8177,20.4391],[-86.8178,20.4389],[-86.818,20.4387],[-86.8181,20.4384],[-86.8181,20.4383],[-86.8182,20.4382],[-86.8183,20.4382],[-86.8183,20.4383],[-86.8183,20.4382],[-86.8185,20.4382],[-86.8186,20.4384],[-86.8188,20.4387],[-86.819,20.4389],[-86.8191,20.4389],[-86.8193,20.4388],[-86.8196,20.4387],[-86.8197,20.4388],[-86.8202,20.439],[-86.8205,20.4391],[-86.8208,20.4392],[-86.8211,20.4393],[-86.8214,20.4393],[-86.8217,20.4392],[-86.822,20.439],[-86.8222,20.4388],[-86.8224,20.4388],[-86.8227,20.4389],[-86.823,20.4389],[-86.8234,20.4388],[-86.8238,20.4385],[-86.8243,20.4384],[-86.8247,20.4384],[-86.825,20.4384],[-86.8253,20.4385],[-86.8258,20.4384],[-86.8262,20.4381],[-86.8268,20.438],[-86.8274,20.4378],[-86.8278,20.4378],[-86.8282,20.4379],[-86.8287,20.4381],[-86.8291,20.4382],[-86.8297,20.4384],[-86.8306,20.4381],[-86.8312,20.4373],[-86.8324,20.4359],[-86.8331,20.435],[-86.8337,20.434],[-86.8342,20.4334],[-86.8348,20.4324],[-86.8349,20.432],[-86.835,20.4314],[-86.835,20.4313],[-86.8348,20.4311],[-86.8347,20.4311],[-86.8347,20.4311],[-86.8347,20.431],[-86.8348,20.431],[-86.8349,20.431],[-86.835,20.4311],[-86.8351,20.4311],[-86.8353,20.4306],[-86.8358,20.43],[-86.8365,20.4294],[-86.8372,20.4287],[-86.8377,20.4283],[-86.8382,20.4277],[-86.8387,20.4272],[-86.8393,20.4265],[-86.84,20.4256],[-86.841,20.4247],[-86.8417,20.4238],[-86.8422,20.4231],[-86.8429,20.4222],[-86.8435,20.4214],[-86.8442,20.4205],[-86.845,20.4195],[-86.8459,20.4186],[-86.8466,20.4178],[-86.8476,20.4168],[-86.8487,20.4154],[-86.8503,20.4133],[-86.8516,20.4117],[-86.853,20.4097],[-86.854,20.4086],[-86.8542,20.4082],[-86.8546,20.4075],[-86.855,20.4069],[-86.8553,20.4062],[-86.8556,20.4057],[-86.8559,20.4051],[-86.8562,20.4046],[-86.8567,20.4038],[-86.8568,20.4034],[-86.8568,20.4031],[-86.8569,20.4027],[-86.8572,20.4022],[-86.8574,20.402],[-86.8578,20.4018],[-86.858,20.4018],[-86.8582,20.4018],[-86.8582,20.4018],[-86.8585,20.4019],[-86.8587,20.402],[-86.859,20.4019],[-86.8595,20.4015],[-86.8602,20.4011],[-86.8614,20.3999],[-86.8628,20.3983],[-86.8638,20.3972],[-86.8646,20.3962],[-86.866,20.3947],[-86.8669,20.3933],[-86.8682,20.3918],[-86.8694,20.3902],[-86.87,20.3894],[-86.8701,20.3893],[-86.8705,20.3885],[-86.8706,20.388],[-86.8708,20.3876],[-86.8708,20.3873],[-86.8712,20.3868],[-86.8717,20.3865],[-86.8722,20.3862],[-86.8724,20.386],[-86.8726,20.3856],[-86.873,20.385],[-86.8734,20.3842],[-86.8736,20.3837],[-86.8737,20.3834],[-86.8738,20.3829],[-86.8742,20.3825],[-86.8745,20.3823],[-86.8749,20.3822],[-86.8751,20.3821],[-86.8755,20.3819],[-86.8759,20.3818],[-86.8764,20.3815],[-86.8769,20.3811],[-86.8773,20.3806],[-86.8776,20.3801],[-86.8783,20.3792],[-86.8789,20.3784],[-86.8794,20.3773],[-86.8798,20.3767],[-86.8802,20.3759],[-86.8807,20.3749],[-86.8811,20.3742],[-86.8819,20.3737],[-86.8824,20.3731],[-86.883,20.3722],[-86.8834,20.3712],[-86.884,20.3702],[-86.8846,20.369],[-86.8852,20.3682],[-86.8859,20.3669],[-86.8864,20.3659],[-86.8873,20.3642],[-86.8877,20.363],[-86.8883,20.362],[-86.8886,20.3612],[-86.889,20.361],[-86.8893,20.3607],[-86.8894,20.3603],[-86.8897,20.3599],[-86.8898,20.3595],[-86.89,20.3591],[-86.8904,20.3585],[-86.8905,20.3581],[-86.8907,20.3577],[-86.8912,20.3573],[-86.8917,20.3567],[-86.892,20.3564],[-86.8922,20.3559],[-86.8924,20.3553],[-86.8926,20.3547],[-86.8928,20.3541],[-86.8929,20.3532],[-86.8933,20.3527],[-86.8934,20.3521],[-86.894,20.3518],[-86.8942,20.3513],[-86.8946,20.3507],[-86.8949,20.3502],[-86.8952,20.3499],[-86.8956,20.3493],[-86.8959,20.3489],[-86.8961,20.3485],[-86.8963,20.3482],[-86.8964,20.3478],[-86.8966,20.3473],[-86.8968,20.347],[-86.897,20.3469],[-86.8973,20.3467],[-86.8976,20.3466],[-86.8978,20.3463],[-86.898,20.3458],[-86.898,20.3451],[-86.8982,20.3445],[-86.8985,20.3442],[-86.899,20.3441],[-86.8994,20.3441],[-86.8997,20.3441],[-86.9001,20.3441],[-86.9004,20.3442],[-86.9007,20.3443],[-86.9008,20.3445],[-86.9008,20.3447],[-86.9008,20.3447],[-86.9009,20.3447],[-86.901,20.3448],[-86.9011,20.3449],[-86.9011,20.3449],[-86.9011,20.345],[-86.9011,20.345],[-86.9011,20.3451],[-86.9011,20.3451],[-86.9011,20.3452],[-86.9011,20.3452],[-86.9011,20.3456],[-86.901,20.346],[-86.901,20.3461],[-86.9012,20.3462],[-86.9014,20.3463],[-86.9017,20.3465],[-86.9023,20.3465],[-86.9028,20.3466],[-86.9032,20.3465],[-86.9037,20.3464],[-86.9043,20.3461],[-86.9048,20.3458],[-86.9053,20.3455],[-86.9063,20.3448],[-86.9072,20.3441],[-86.9081,20.3433],[-86.9087,20.3425],[-86.9109,20.3403],[-86.9118,20.3393],[-86.9128,20.3383],[-86.9134,20.3375],[-86.9139,20.3369],[-86.9145,20.3362],[-86.9149,20.3354],[-86.9152,20.3346],[-86.9158,20.3338],[-86.9162,20.3331],[-86.9164,20.3324],[-86.917,20.3316],[-86.9174,20.3308],[-86.9179,20.33],[-86.9179,20.33],[-86.9188,20.3292],[-86.9196,20.3285],[-86.9201,20.328],[-86.9206,20.3278],[-86.9208,20.3274],[-86.921,20.327],[-86.9213,20.3266],[-86.9218,20.3261],[-86.9225,20.3253],[-86.9233,20.3242],[-86.9238,20.3233],[-86.9242,20.3228],[-86.9243,20.3225],[-86.9252,20.3211],[-86.9257,20.3202],[-86.9264,20.3195],[-86.9268,20.319],[-86.927,20.3186],[-86.9274,20.3179],[-86.9278,20.3174],[-86.9284,20.3167],[-86.9286,20.3163],[-86.929,20.3159],[-86.9298,20.3151],[-86.9302,20.315],[-86.9305,20.3148],[-86.9308,20.3145],[-86.931,20.3141],[-86.9312,20.3136],[-86.9316,20.313],[-86.9319,20.3126],[-86.9323,20.3122],[-86.9329,20.3117],[-86.9336,20.3119],[-86.9342,20.3118],[-86.9346,20.3118],[-86.935,20.3117],[-86.9356,20.3113],[-86.9362,20.3108],[-86.9366,20.3103],[-86.9374,20.3092],[-86.9385,20.3081],[-86.9389,20.3078],[-86.9396,20.3074],[-86.9402,20.307],[-86.9406,20.3067],[-86.9413,20.3062],[-86.9415,20.3061],[-86.9423,20.3056],[-86.9431,20.3055],[-86.9436,20.3053],[-86.9439,20.305],[-86.9443,20.305],[-86.9448,20.3051],[-86.9456,20.3048],[-86.9462,20.3046],[-86.9473,20.3043],[-86.9487,20.3031],[-86.95,20.3019],[-86.9509,20.3009],[-86.9519,20.2996],[-86.9525,20.2988],[-86.9532,20.2979],[-86.9539,20.2971],[-86.9544,20.2962],[-86.9552,20.2953],[-86.9557,20.2943],[-86.9563,20.2937],[-86.9569,20.2932],[-86.9575,20.2924],[-86.9578,20.2922],[-86.9583,20.292],[-86.9592,20.2919],[-86.9597,20.2915],[-86.9604,20.2913],[-86.9608,20.2912],[-86.9612,20.2914],[-86.9616,20.2915],[-86.9622,20.2914],[-86.963,20.2912],[-86.9638,20.291],[-86.9646,20.2905],[-86.965,20.2902],[-86.9655,20.2895],[-86.9661,20.2888],[-86.9666,20.2884],[-86.9671,20.2879],[-86.9676,20.2874],[-86.968,20.2868],[-86.9683,20.2863],[-86.9688,20.2859],[-86.9693,20.2852],[-86.9699,20.2846],[-86.9705,20.2841],[-86.9715,20.2833],[-86.972,20.2827],[-86.9726,20.2821],[-86.9731,20.2816],[-86.9737,20.2808],[-86.9742,20.2804],[-86.9746,20.2803],[-86.9746,20.2803],[-86.9747,20.2803],[-86.9747,20.2802],[-86.9747,20.2801],[-86.9747,20.28],[-86.9747,20.28],[-86.9748,20.28],[-86.9748,20.28],[-86.9748,20.28],[-86.975,20.2802],[-86.975,20.2802],[-86.975,20.2803],[-86.975,20.2803],[-86.975,20.2804],[-86.975,20.2805],[-86.9751,20.2805],[-86.9755,20.2806],[-86.9767,20.2802],[-86.978,20.2798],[-86.9797,20.2789],[-86.9814,20.2777],[-86.9832,20.2763],[-86.9846,20.275],[-86.9859,20.2737],[-86.9867,20.2728],[-86.9876,20.2719],[-86.9882,20.2716],[-86.9886,20.2716],[-86.9891,20.2716],[-86.9899,20.2719],[-86.9904,20.2719],[-86.9905,20.2719],[-86.9907,20.272],[-86.9914,20.2725],[-86.9919,20.2729],[-86.9925,20.2729],[-86.9928,20.2733],[-86.9929,20.2738],[-86.9933,20.2742],[-86.9941,20.2743],[-86.9944,20.2745],[-86.9947,20.2753],[-86.995,20.2759],[-86.995,20.2765],[-86.9951,20.2772],[-86.9951,20.2775],[-86.9952,20.2779],[-86.9954,20.2783],[-86.9956,20.2787],[-86.9959,20.2792],[-86.9959,20.2792],[-86.9961,20.2796],[-86.9961,20.28],[-86.9961,20.2805],[-86.9961,20.2809],[-86.9961,20.2809],[-86.9963,20.2813],[-86.9966,20.2819],[-86.997,20.2826],[-86.9968,20.2832],[-86.9968,20.2833],[-86.9967,20.2838],[-86.9965,20.2841],[-86.9965,20.2842],[-86.9964,20.2842],[-86.9964,20.2843],[-86.9964,20.2844],[-86.9963,20.2845],[-86.9963,20.2845],[-86.9964,20.285],[-86.9965,20.2856],[-86.9967,20.2861],[-86.997,20.2865],[-86.9975,20.2872],[-86.9979,20.2875],[-86.9983,20.2879],[-86.9989,20.2886],[-86.9994,20.2894],[-86.9997,20.2897],[-87.0,20.29],[-87.0001,20.2902],[-87.0006,20.2908],[-87.0009,20.2912],[-87.0011,20.2917],[-87.0012,20.2921],[-87.0012,20.2923],[-87.0014,20.2925],[-87.0015,20.2925],[-87.0016,20.2925],[-87.0016,20.2926],[-87.0018,20.2928],[-87.0018,20.2928],[-87.002,20.2932],[-87.002,20.2934],[-87.0021,20.2935],[-87.0021,20.2936],[-87.002,20.2938],[-87.002,20.2942],[-87.002,20.2944],[-87.002,20.2946],[-87.002,20.2946],[-87.002,20.2947],[-87.0021,20.2949],[-87.0021,20.2954],[-87.0021,20.2955],[-87.0022,20.2956],[-87.0023,20.296],[-87.0027,20.2967],[-87.003,20.2973],[-87.003,20.2973],[-87.003,20.2974],[-87.0035,20.2977],[-87.0042,20.298],[-87.0055,20.2985],[-87.0083,20.2991],[-87.0097,20.2994],[-87.0114,20.2997],[-87.0126,20.2996],[-87.0138,20.2994],[-87.0151,20.2991],[-87.0156,20.2988],[-87.0163,20.2986],[-87.0168,20.2986],[-87.017,20.2991],[-87.017,20.2993],[-87.017,20.2994],[-87.017,20.2995],[-87.017,20.2995],[-87.0171,20.2997],[-87.0171,20.2999],[-87.0171,20.3002],[-87.0171,20.3003],[-87.0171,20.3004],[-87.0169,20.3007],[-87.0169,20.3008],[-87.0168,20.3009],[-87.0168,20.3009],[-87.0167,20.301],[-87.0166,20.301],[-87.0166,20.3011],[-87.0165,20.3011],[-87.0164,20.3012],[-87.0163,20.3013],[-87.0162,20.3014],[-87.0158,20.3022],[-87.0157,20.3026],[-87.0156,20.3027],[-87.0155,20.3028],[-87.015,20.3033],[-87.0149,20.3033],[-87.0148,20.3034],[-87.0147,20.3034],[-87.0145,20.3038],[-87.0143,20.3041],[-87.0143,20.3045],[-87.0142,20.3047],[-87.0138,20.3053],[-87.0138,20.306],[-87.0133,20.3064],[-87.0129,20.3066],[-87.0129,20.3068],[-87.0127,20.3074],[-87.0127,20.3075],[-87.0126,20.3077],[-87.0126,20.3078],[-87.0125,20.308],[-87.0124,20.3081],[-87.0123,20.3082],[-87.0122,20.3083],[-87.012,20.3083],[-87.0116,20.3088],[-87.0116,20.3089],[-87.0115,20.309],[-87.0113,20.3094],[-87.011,20.3098],[-87.0109,20.3099],[-87.0105,20.3102],[-87.0103,20.3108],[-87.0105,20.3127],[-87.0106,20.3134],[-87.0105,20.3137],[-87.0104,20.3143],[-87.0101,20.3148],[-87.0099,20.3156],[-87.0101,20.3165],[-87.0103,20.3177],[-87.0105,20.3186],[-87.0105,20.3187],[-87.0106,20.319],[-87.0109,20.32],[-87.0114,20.3208],[-87.0118,20.3215],[-87.012,20.322],[-87.0124,20.3227],[-87.0125,20.3233],[-87.0129,20.3239],[-87.0131,20.3248],[-87.0133,20.3256],[-87.0134,20.3264],[-87.0134,20.3267],[-87.0135,20.3272],[-87.0135,20.3273],[-87.0136,20.3279],[-87.0137,20.3287],[-87.0141,20.3293],[-87.0143,20.3298],[-87.0146,20.3302],[-87.015,20.3309],[-87.0155,20.3319],[-87.0158,20.3324],[-87.0161,20.3331],[-87.0165,20.3337],[-87.0172,20.3342],[-87.0181,20.3352],[-87.0188,20.3361],[-87.0191,20.3366],[-87.0197,20.3371],[-87.0201,20.3376],[-87.0206,20.3382],[-87.021,20.3387],[-87.0212,20.3392],[-87.0214,20.3398],[-87.0214,20.3402],[-87.0214,20.3403],[-87.0214,20.3403],[-87.0215,20.3404],[-87.0215,20.3405],[-87.0215,20.3407],[-87.0215,20.3407],[-87.0215,20.3408],[-87.0214,20.3409],[-87.0214,20.3409],[-87.0213,20.341],[-87.0212,20.3413],[-87.0211,20.3416],[-87.0211,20.3417],[-87.021,20.3418],[-87.0209,20.342],[-87.0207,20.3421],[-87.0206,20.3424],[-87.0203,20.3432],[-87.0203,20.3434],[-87.0203,20.3439],[-87.0204,20.3448],[-87.0206,20.3453],[-87.0207,20.3462],[-87.0208,20.3471],[-87.0209,20.3479],[-87.0212,20.3488],[-87.0215,20.3496],[-87.0218,20.3502],[-87.0221,20.3509],[-87.0225,20.3516],[-87.0229,20.3522],[-87.0235,20.3533],[-87.0239,20.3539],[-87.0244,20.3548],[-87.0247,20.3554],[-87.0248,20.3561],[-87.0248,20.3568],[-87.0247,20.3578],[-87.0246,20.3583],[-87.0246,20.3591],[-87.0246,20.3602],[-87.0246,20.3604],[-87.0246,20.3609],[-87.0246,20.361],[-87.0246,20.3611],[-87.0246,20.3612],[-87.0246,20.3614],[-87.0246,20.3615],[-87.0246,20.3617],[-87.0246,20.3619],[-87.0246,20.3625],[-87.0246,20.3626],[-87.0247,20.3635],[-87.0248,20.3649],[-87.025,20.3654],[-87.0252,20.3659],[-87.0253,20.3664],[-87.0252,20.3664],[-87.0253,20.3667],[-87.0253,20.367],[-87.0253,20.367],[-87.0252,20.3671],[-87.0252,20.3671],[-87.0249,20.3674],[-87.0247,20.3677],[-87.0247,20.3678],[-87.0244,20.3685],[-87.0244,20.3686],[-87.0244,20.3687],[-87.0244,20.3687],[-87.0244,20.369],[-87.0245,20.3694],[-87.0245,20.3699],[-87.0244,20.3701],[-87.0244,20.3701],[-87.0244,20.3705],[-87.0244,20.3707],[-87.025,20.3708],[-87.025,20.3708],[-87.0244,20.3707],[-87.0244,20.3708],[-87.0243,20.371],[-87.0243,20.3711],[-87.0242,20.3714],[-87.0242,20.3715],[-87.0242,20.3716],[-87.0242,20.3722],[-87.0243,20.3731],[-87.0242,20.3738],[-87.0241,20.3742],[-87.0241,20.3743],[-87.0241,20.3744],[-87.024,20.3748],[-87.024,20.3749],[-87.0239,20.375],[-87.0238,20.3753],[-87.0237,20.3756],[-87.0236,20.376],[-87.0236,20.376],[-87.0236,20.3765],[-87.0236,20.3769],[-87.0235,20.3772],[-87.0235,20.3775],[-87.0234,20.3782],[-87.0232,20.3785],[-87.0231,20.3787],[-87.0229,20.3793],[-87.0227,20.3799],[-87.0226,20.3801],[-87.0226,20.3801],[-87.0226,20.3802],[-87.0223,20.3814],[-87.0223,20.3814],[-87.0228,20.3815],[-87.0227,20.3815],[-87.0223,20.3815],[-87.0222,20.3826],[-87.022,20.3833],[-87.022,20.3834],[-87.022,20.3845],[-87.0223,20.3846],[-87.0223,20.3845],[-87.0223,20.3846],[-87.0223,20.3847],[-87.0223,20.3847],[-87.0223,20.3846],[-87.022,20.3846],[-87.022,20.3846],[-87.0219,20.3846],[-87.0216,20.3856],[-87.0216,20.3862],[-87.0216,20.3863],[-87.0217,20.3871],[-87.0218,20.3878],[-87.0218,20.3884],[-87.0219,20.3892],[-87.0219,20.3899],[-87.0218,20.3909],[-87.0217,20.3911],[-87.0216,20.3914],[-87.0215,20.392],[-87.0212,20.3929],[-87.0212,20.393],[-87.0211,20.3931],[-87.021,20.3933],[-87.0209,20.3935],[-87.0208,20.3937],[-87.0205,20.394],[-87.0204,20.3942],[-87.0202,20.3945],[-87.02,20.3949],[-87.0199,20.3951],[-87.0198,20.3954],[-87.0197,20.3958],[-87.0195,20.3963],[-87.0198,20.3964],[-87.0198,20.3964],[-87.02,20.3965],[-87.02,20.3965],[-87.0195,20.3964],[-87.0193,20.3966],[-87.0192,20.3969],[-87.0192,20.397],[-87.0189,20.398],[-87.0188,20.399],[-87.0187,20.3992],[-87.0187,20.3993],[-87.0185,20.4],[-87.0185,20.4001],[-87.0184,20.4003],[-87.0182,20.4007],[-87.0187,20.4009],[-87.0187,20.4009],[-87.0182,20.4007],[-87.018,20.401],[-87.0179,20.4011],[-87.0178,20.4015],[-87.0178,20.4016],[-87.0177,20.4019],[-87.0177,20.4021],[-87.0178,20.4025],[-87.0177,20.4029],[-87.0176,20.4039],[-87.0174,20.4045],[-87.0174,20.4045],[-87.0173,20.4051],[-87.0173,20.4052],[-87.0178,20.4053],[-87.0177,20.4054],[-87.0177,20.4054],[-87.0177,20.4053],[-87.0172,20.4053],[-87.0172,20.4053],[-87.0172,20.4054],[-87.0172,20.4059],[-87.0171,20.4059],[-87.0171,20.4064],[-87.0171,20.4071],[-87.017,20.4076],[-87.0169,20.4082],[-87.0169,20.4087],[-87.017,20.4091],[-87.017,20.4097],[-87.017,20.4101],[-87.017,20.4105],[-87.017,20.4105],[-87.017,20.4111],[-87.017,20.4115],[-87.017,20.4116],[-87.017,20.4117],[-87.017,20.4118],[-87.017,20.4118],[-87.0169,20.4121],[-87.0169,20.4121],[-87.0171,20.4122],[-87.017,20.4122],[-87.0168,20.4121],[-87.0168,20.4124],[-87.0167,20.4126],[-87.0163,20.4133],[-87.0161,20.4139],[-87.016,20.414],[-87.016,20.4142],[-87.0158,20.4146],[-87.0157,20.4148],[-87.0157,20.4148],[-87.0161,20.4149],[-87.0161,20.4149],[-87.0157,20.4148],[-87.0156,20.4149],[-87.0155,20.415],[-87.0155,20.4151],[-87.0153,20.4154],[-87.0152,20.4158],[-87.0151,20.4159],[-87.0151,20.4159],[-87.015,20.4159],[-87.015,20.416],[-87.0149,20.416],[-87.0149,20.416],[-87.0141,20.4165],[-87.014,20.4165],[-87.0139,20.4167],[-87.0138,20.4168],[-87.0137,20.4169],[-87.0134,20.4171],[-87.0128,20.4175],[-87.0127,20.4176],[-87.0127,20.4177],[-87.0126,20.4178],[-87.0123,20.4182],[-87.0121,20.4185],[-87.0118,20.419],[-87.0117,20.4192],[-87.0116,20.4195],[-87.0114,20.4199],[-87.0111,20.4203],[-87.011,20.4204],[-87.011,20.4206],[-87.011,20.4211],[-87.011,20.4211],[-87.011,20.4212],[-87.011,20.4214],[-87.011,20.4215],[-87.0109,20.4219],[-87.0109,20.422],[-87.0108,20.4224],[-87.0107,20.4228],[-87.0107,20.423],[-87.0107,20.4233],[-87.0107,20.4234],[-87.0105,20.4244],[-87.0104,20.4246],[-87.0103,20.4247],[-87.0099,20.4249],[-87.0094,20.4251],[-87.0089,20.4255],[-87.0082,20.4262],[-87.008,20.4265],[-87.0077,20.4268],[-87.0076,20.4271],[-87.0075,20.4272],[-87.0075,20.4277],[-87.0074,20.4281],[-87.0074,20.4282],[-87.0074,20.4284],[-87.0075,20.4288],[-87.0075,20.4288],[-87.0076,20.429],[-87.0078,20.4293],[-87.0078,20.4294],[-87.0077,20.4294],[-87.0075,20.4297],[-87.0075,20.4298],[-87.0072,20.43],[-87.0071,20.43],[-87.007,20.4301],[-87.0068,20.4303],[-87.0064,20.4306],[-87.0064,20.4306],[-87.0063,20.4307],[-87.0062,20.4309],[-87.0061,20.431],[-87.006,20.4312],[-87.0059,20.4313],[-87.0059,20.4314],[-87.006,20.432],[-87.0061,20.4328],[-87.0061,20.4328],[-87.006,20.433],[-87.0059,20.4332],[-87.0059,20.4332],[-87.0055,20.4335],[-87.0054,20.4335],[-87.0053,20.4335],[-87.0052,20.4335],[-87.0051,20.4335],[-87.005,20.4335],[-87.0049,20.4335],[-87.0048,20.4335],[-87.0044,20.4336],[-87.0043,20.4336],[-87.0041,20.4338],[-87.0041,20.4339],[-87.004,20.434],[-87.0038,20.4341],[-87.0034,20.4343],[-87.0032,20.4343],[-87.0027,20.4347],[-87.0023,20.4351],[-87.0021,20.4354],[-87.0021,20.4355],[-87.0015,20.4363],[-87.0011,20.4368],[-87.0006,20.4374],[-87.0001,20.4379],[-87.0,20.438],[-87.0,20.438],[-86.9999,20.4381],[-86.9994,20.4386],[-86.9987,20.4393],[-86.9981,20.4399],[-86.9973,20.4407],[-86.9971,20.4409],[-86.9967,20.4413],[-86.9964,20.4415],[-86.9961,20.4418],[-86.9956,20.4421],[-86.9953,20.4422],[-86.9952,20.4423],[-86.995,20.4425],[-86.995,20.4426],[-86.995,20.4426],[-86.995,20.4427],[-86.995,20.4428],[-86.995,20.4429],[-86.995,20.443],[-86.9949,20.4432],[-86.9948,20.4433],[-86.9947,20.4433],[-86.9947,20.4433],[-86.9946,20.4434],[-86.9945,20.4434],[-86.9946,20.4433],[-86.9946,20.4433],[-86.9946,20.4432],[-86.9946,20.4432],[-86.9945,20.4432],[-86.9944,20.4431],[-86.9944,20.4432],[-86.9943,20.4432],[-86.9943,20.4433],[-86.9943,20.4433],[-86.9943,20.4434],[-86.9944,20.4435],[-86.9945,20.4437],[-86.9949,20.444],[-86.9949,20.4441],[-86.9943,20.4448],[-86.9942,20.4448],[-86.9936,20.4444],[-86.9935,20.4445],[-86.9932,20.4448],[-86.9931,20.4449],[-86.993,20.4451],[-86.9928,20.4454],[-86.9927,20.4457],[-86.9924,20.446],[-86.9921,20.4464],[-86.9918,20.4467],[-86.9917,20.4469],[-86.9915,20.447],[-86.9915,20.4471],[-86.9913,20.4473],[-86.9912,20.4474],[-86.9912,20.4474],[-86.991,20.4477],[-86.9907,20.4482],[-86.9904,20.4487],[-86.9904,20.449],[-86.9902,20.4499],[-86.99,20.4506],[-86.99,20.4506],[-86.99,20.4509],[-86.9898,20.4518],[-86.9897,20.4521],[-86.9897,20.4522],[-86.9896,20.4524],[-86.9894,20.4527],[-86.9892,20.4533],[-86.9891,20.4535],[-86.9894,20.4536],[-86.9894,20.4537],[-86.9891,20.4535],[-86.9889,20.4538],[-86.9886,20.454],[-86.9884,20.4542],[-86.9879,20.455],[-86.9874,20.4558],[-86.9873,20.456],[-86.987,20.4566],[-86.9868,20.457],[-86.9867,20.4572],[-86.9866,20.4573],[-86.9865,20.4576],[-86.9863,20.4581],[-86.9862,20.4583],[-86.9861,20.4586],[-86.9861,20.4592],[-86.9861,20.4597],[-86.9859,20.4603],[-86.9858,20.4606],[-86.9857,20.4608],[-86.9855,20.4613],[-86.9854,20.4616],[-86.9853,20.4618],[-86.9852,20.462],[-86.9851,20.4622],[-86.9848,20.4631],[-86.9843,20.4637],[-86.9838,20.4644],[-86.9835,20.4647],[-86.9831,20.4651],[-86.983,20.4651],[-86.983,20.465],[-86.983,20.4651],[-86.9829,20.4651],[-86.9829,20.4651],[-86.9829,20.4652],[-86.9828,20.4652],[-86.9828,20.4653],[-86.9828,20.4653],[-86.9828,20.4654],[-86.9829,20.4655],[-86.9829,20.4655],[-86.983,20.4656],[-86.983,20.4656],[-86.983,20.4658],[-86.9829,20.4662],[-86.9829,20.4662],[-86.9828,20.4664],[-86.9828,20.4664],[-86.9828,20.4665],[-86.9828,20.4666],[-86.9828,20.4666],[-86.9826,20.4668],[-86.9826,20.4668],[-86.9825,20.4669],[-86.982,20.4672],[-86.9817,20.467],[-86.9817,20.467],[-86.9816,20.4669],[-86.9816,20.4668],[-86.9815,20.4667],[-86.9813,20.4667],[-86.9813,20.4664],[-86.9812,20.4664],[-86.9812,20.4661],[-86.9811,20.4658],[-86.9809,20.4657],[-86.9809,20.4656],[-86.9807,20.4656],[-86.9804,20.4657],[-86.9801,20.4658],[-86.9804,20.4664],[-86.9806,20.4667],[-86.9811,20.4668],[-86.9813,20.467],[-86.9813,20.467],[-86.9814,20.467],[-86.9815,20.4671],[-86.9815,20.4671],[-86.9815,20.4671],[-86.9815,20.4672],[-86.9815,20.4672],[-86.9815,20.4672],[-86.9815,20.4672],[-86.9816,20.4675],[-86.9816,20.4675],[-86.9817,20.4674],[-86.9817,20.4674],[-86.9817,20.4674],[-86.9819,20.4676],[-86.9819,20.4678],[-86.9818,20.468],[-86.9818,20.4681],[-86.9817,20.4682],[-86.9813,20.4688],[-86.9807,20.4696],[-86.9801,20.4704],[-86.9796,20.4711],[-86.9794,20.4713],[-86.9791,20.4717],[-86.9789,20.4719],[-86.9789,20.4722],[-86.9786,20.4725],[-86.9785,20.4728],[-86.9783,20.473],[-86.9782,20.4731],[-86.9775,20.4738],[-86.9772,20.4741],[-86.9769,20.4743],[-86.9767,20.4744],[-86.9766,20.4744],[-86.9763,20.4747],[-86.9762,20.4747],[-86.9761,20.4748],[-86.976,20.4749],[-86.976,20.475],[-86.9759,20.475],[-86.9757,20.4753],[-86.9757,20.4753],[-86.9756,20.4754],[-86.9756,20.4754],[-86.9759,20.4757],[-86.9766,20.4764],[-86.9769,20.4767],[-86.977,20.4767],[-86.9784,20.4765],[-86.9784,20.4765],[-86.9784,20.4764],[-86.9784,20.4762],[-86.9784,20.4761],[-86.9784,20.4762],[-86.9785,20.4763],[-86.9788,20.4777],[-86.9789,20.4783],[-86.9788,20.4784],[-86.9787,20.4777],[-86.9785,20.4766],[-86.9771,20.4768],[-86.9775,20.4772],[-86.9776,20.4773],[-86.9777,20.4791],[-86.9777,20.4797],[-86.9776,20.4797],[-86.9776,20.4791],[-86.9775,20.4775],[-86.9772,20.4771],[-86.9759,20.4759],[-86.9755,20.4756],[-86.9755,20.4756],[-86.9753,20.4759],[-86.9751,20.4762],[-86.9754,20.4764],[-86.9754,20.4764],[-86.9755,20.4765],[-86.9755,20.4765],[-86.9755,20.4772],[-86.9755,20.4772],[-86.9754,20.4766],[-86.9754,20.4765],[-86.9754,20.4765],[-86.9751,20.4762],[-86.9751,20.4763],[-86.975,20.4765],[-86.975,20.4769],[-86.9749,20.4772],[-86.9749,20.4773],[-86.9747,20.4775],[-86.9747,20.4775],[-86.9747,20.4775],[-86.9747,20.4775],[-86.9747,20.4775],[-86.9747,20.4775],[-86.9747,20.4775],[-86.9747,20.4775],[-86.9747,20.4775],[-86.9747,20.4775],[-86.9747,20.4775],[-86.9747,20.4775],[-86.9747,20.4775],[-86.9747,20.4775],[-86.9747,20.4775],[-86.9747,20.4775],[-86.9747,20.4775],[-86.9747,20.4776],[-86.9746,20.4777],[-86.9746,20.4777],[-86.9745,20.4778],[-86.9743,20.4782],[-86.9743,20.4784],[-86.9744,20.4784],[-86.9748,20.4786],[-86.9746,20.4789],[-86.9747,20.4789],[-86.9747,20.479],[-86.9746,20.479],[-86.9756,20.4794],[-86.9757,20.4821],[-86.9757,20.4821],[-86.9756,20.4821],[-86.9756,20.4825],[-86.9757,20.4825],[-86.9757,20.4826],[-86.9757,20.4826],[-86.9757,20.4826],[-86.9757,20.4831],[-86.9758,20.4831],[-86.9757,20.4832],[-86.9756,20.4832],[-86.9756,20.4831],[-86.9756,20.4831],[-86.9756,20.4826],[-86.9755,20.4826],[-86.9755,20.4825],[-86.9756,20.4825],[-86.9756,20.4821],[-86.9755,20.4821],[-86.9754,20.4804],[-86.9754,20.4795],[-86.9746,20.4792],[-86.9744,20.4791],[-86.9743,20.4793],[-86.9744,20.4794],[-86.9745,20.48],[-86.9744,20.48],[-86.9743,20.4795],[-86.9742,20.4794],[-86.9741,20.4796],[-86.9739,20.4796],[-86.9737,20.4795],[-86.9737,20.4795],[-86.9735,20.4798],[-86.9734,20.48],[-86.9729,20.4809],[-86.9729,20.4809],[-86.9726,20.4813],[-86.9726,20.4817],[-86.9724,20.4818],[-86.9724,20.4819],[-86.9725,20.482],[-86.9725,20.482],[-86.9723,20.482],[-86.9722,20.4822],[-86.972,20.4824],[-86.972,20.4824],[-86.972,20.4824],[-86.9719,20.4825],[-86.9718,20.4828],[-86.9717,20.4828],[-86.9718,20.4829],[-86.9721,20.483],[-86.9722,20.4832],[-86.9721,20.4832],[-86.9721,20.4831],[-86.972,20.483],[-86.9719,20.4831],[-86.9717,20.483],[-86.9717,20.4831],[-86.9716,20.4832],[-86.9714,20.4834],[-86.9713,20.4839],[-86.9712,20.4841],[-86.9709,20.4845],[-86.9709,20.4846],[-86.9708,20.4848],[-86.9703,20.4855],[-86.9701,20.4857],[-86.9704,20.4859],[-86.9704,20.4859],[-86.9701,20.4858],[-86.97,20.4859],[-86.9703,20.4861],[-86.9703,20.4861],[-86.9701,20.486],[-86.9701,20.4861],[-86.9703,20.4861],[-86.9703,20.4862],[-86.97,20.486],[-86.9699,20.4862],[-86.9698,20.4864],[-86.9695,20.4867],[-86.9692,20.4871],[-86.969,20.4874],[-86.9688,20.4877],[-86.9688,20.4878],[-86.9687,20.4879],[-86.9689,20.4879],[-86.9689,20.4879],[-86.9689,20.488],[-86.9689,20.488],[-86.9687,20.4879],[-86.9686,20.4882],[-86.9688,20.4883],[-86.9688,20.4882],[-86.9688,20.4882],[-86.9688,20.4883],[-86.9686,20.4882],[-86.9684,20.4884],[-86.9685,20.4884],[-86.9687,20.4885],[-86.9687,20.4885],[-86.9685,20.4884],[-86.9684,20.4884],[-86.9681,20.4886],[-86.9681,20.4888],[-86.9677,20.4894],[-86.9668,20.4909],[-86.9667,20.4911],[-86.967,20.4913],[-86.967,20.4913],[-86.967,20.4913],[-86.967,20.4913],[-86.9666,20.4911],[-86.9666,20.4913],[-86.9664,20.4916],[-86.9664,20.4923],[-86.9661,20.4925],[-86.9663,20.4927],[-86.9663,20.4927],[-86.9661,20.4926],[-86.9661,20.4926],[-86.9663,20.4927],[-86.9662,20.4928],[-86.9662,20.4927],[-86.9661,20.4928],[-86.966,20.4927],[-86.966,20.4926],[-86.9659,20.4926],[-86.9659,20.4926],[-86.9656,20.493],[-86.9658,20.4931],[-86.9658,20.4931],[-86.9656,20.493],[-86.9656,20.4931],[-86.9656,20.4931],[-86.9656,20.4932],[-86.9656,20.4933],[-86.9655,20.4934],[-86.9654,20.4935],[-86.9651,20.494],[-86.9648,20.4945],[-86.9644,20.4948],[-86.9643,20.4952],[-86.9643,20.4952],[-86.9642,20.4953],[-86.9642,20.4954],[-86.9642,20.4954],[-86.9642,20.4954],[-86.9642,20.4954],[-86.9642,20.4954],[-86.9642,20.4955],[-86.9642,20.4956],[-86.9642,20.4956],[-86.9648,20.496],[-86.9651,20.4961],[-86.9649,20.4964],[-86.9647,20.4961],[-86.964,20.4958],[-86.964,20.4958],[-86.9639,20.4962],[-86.9639,20.4963],[-86.9639,20.4964],[-86.9638,20.4964],[-86.9636,20.4967],[-86.9637,20.4968],[-86.9636,20.4968],[-86.9636,20.4968],[-86.9635,20.4968],[-86.9635,20.4969],[-86.9634,20.4971],[-86.9632,20.4973],[-86.9632,20.4973],[-86.9631,20.4974],[-86.9631,20.4974],[-86.963,20.4976],[-86.963,20.4976],[-86.9629,20.4976],[-86.9629,20.4977],[-86.9628,20.4978],[-86.9627,20.4979],[-86.9626,20.498],[-86.9626,20.4981],[-86.9625,20.4981],[-86.9624,20.4981],[-86.9624,20.4982],[-86.9624,20.4982],[-86.9621,20.4987],[-86.962,20.4989],[-86.9619,20.4991],[-86.9619,20.4991],[-86.9621,20.4991],[-86.9621,20.4992],[-86.9619,20.4991],[-86.9619,20.4991],[-86.9618,20.4992],[-86.9619,20.4992],[-86.962,20.4993],[-86.962,20.4994],[-86.9619,20.4993],[-86.9618,20.4993],[-86.9618,20.4994],[-86.9618,20.4994],[-86.9618,20.4995],[-86.9618,20.4995],[-86.9618,20.4995],[-86.9617,20.4996],[-86.9617,20.4997],[-86.9617,20.4997],[-86.9616,20.4997],[-86.9616,20.4998],[-86.9616,20.4998],[-86.9618,20.4999],[-86.9618,20.5],[-86.9616,20.4999],[-86.9616,20.4999],[-86.9615,20.5],[-86.9615,20.5001],[-86.9614,20.5003],[-86.9613,20.5004],[-86.961,20.5009],[-86.961,20.5009],[-86.961,20.5011],[-86.961,20.5011],[-86.961,20.5011],[-86.961,20.5011],[-86.961,20.5011],[-86.9609,20.5013],[-86.9609,20.5013],[-86.9609,20.5014],[-86.9608,20.5013],[-86.9608,20.5014],[-86.9606,20.5017],[-86.9606,20.5018],[-86.9605,20.5018],[-86.9602,20.5022],[-86.9601,20.5023],[-86.96,20.5025],[-86.9598,20.5028],[-86.9597,20.5029],[-86.9597,20.5029],[-86.9597,20.503],[-86.9595,20.5032],[-86.9596,20.5032],[-86.9596,20.5032],[-86.9595,20.5032],[-86.9593,20.5035],[-86.9593,20.5035],[-86.9594,20.5036],[-86.9594,20.5037],[-86.9592,20.5036],[-86.9592,20.5036],[-86.9591,20.5036],[-86.9591,20.5037],[-86.959,20.5037],[-86.9588,20.504],[-86.9585,20.5044],[-86.9583,20.5046],[-86.9581,20.5047],[-86.9581,20.5047],[-86.958,20.5048],[-86.958,20.5048],[-86.958,20.5049],[-86.958,20.5049],[-86.958,20.5049],[-86.9579,20.505],[-86.9579,20.505],[-86.9579,20.505],[-86.9579,20.5051],[-86.9579,20.5051],[-86.9578,20.5052],[-86.9578,20.5053],[-86.9577,20.5053],[-86.9578,20.5054],[-86.9578,20.5054],[-86.9579,20.5054],[-86.9579,20.5054],[-86.9579,20.5054],[-86.9579,20.5054],[-86.9578,20.5054],[-86.9578,20.5054],[-86.9578,20.5054],[-86.9577,20.5054],[-86.9577,20.5054],[-86.9577,20.5055],[-86.9577,20.5055],[-86.9577,20.5055],[-86.9576,20.5055],[-86.9576,20.5056],[-86.9575,20.5056],[-86.9575,20.5057],[-86.9575,20.5058],[-86.9574,20.5058],[-86.9573,20.5059],[-86.9572,20.506],[-86.9572,20.5062],[-86.957,20.5063],[-86.9569,20.5064],[-86.9567,20.5066],[-86.9567,20.5066],[-86.9566,20.5068],[-86.9565,20.5069],[-86.9564,20.507],[-86.9563,20.5071],[-86.9562,20.5071],[-86.956,20.5072],[-86.9559,20.5073],[-86.9558,20.5074],[-86.9558,20.5074],[-86.9558,20.5076],[-86.9556,20.5077],[-86.9555,20.5078],[-86.9555,20.5078],[-86.9555,20.5078],[-86.9571,20.5093],[-86.9571,20.5093],[-86.9571,20.5094],[-86.9563,20.5117],[-86.9562,20.5118],[-86.9561,20.5117],[-86.9564,20.5111],[-86.957,20.5094],[-86.9567,20.5092],[-86.956,20.5085],[-86.9553,20.5079],[-86.9552,20.508],[-86.955,20.508],[-86.9549,20.5081],[-86.9544,20.5081],[-86.9542,20.5082],[-86.954,20.5082],[-86.9537,20.5083],[-86.9536,20.5083],[-86.9536,20.5083],[-86.9533,20.5084],[-86.9533,20.5084],[-86.9535,20.5087],[-86.9535,20.5087],[-86.9535,20.5087],[-86.9533,20.5085],[-86.9533,20.5085],[-86.9531,20.5086],[-86.9528,20.5088],[-86.9523,20.5091],[-86.9523,20.5092],[-86.9523,20.5092],[-86.9524,20.5092],[-86.9526,20.5093],[-86.9526,20.5093],[-86.9524,20.5093],[-86.9523,20.5092],[-86.9522,20.5092],[-86.9521,20.5093],[-86.9521,20.5093],[-86.9519,20.5094],[-86.9519,20.5094],[-86.9521,20.5097],[-86.9522,20.5096],[-86.9522,20.5096],[-86.952,20.5098],[-86.952,20.5098],[-86.9521,20.5097],[-86.9518,20.5094],[-86.9518,20.5094],[-86.9518,20.5095],[-86.9508,20.5104],[-86.9508,20.5104],[-86.9508,20.5105],[-86.9508,20.5105],[-86.9508,20.5105],[-86.9508,20.5106],[-86.9508,20.5106],[-86.9508,20.5106],[-86.9507,20.5107],[-86.9507,20.5107],[-86.9507,20.5107],[-86.9507,20.5108],[-86.9506,20.5108],[-86.9504,20.511],[-86.9502,20.5112],[-86.9501,20.5112],[-86.9504,20.5115],[-86.9505,20.5113],[-86.9509,20.5109],[-86.951,20.5109],[-86.9504,20.5115],[-86.9505,20.5116],[-86.9512,20.5121],[-86.9512,20.5121],[-86.9515,20.5124],[-86.9513,20.5126],[-86.951,20.5123],[-86.9509,20.5123],[-86.9508,20.5122],[-86.9508,20.5121],[-86.9508,20.5121],[-86.9504,20.5118],[-86.9505,20.5118],[-86.95,20.5114],[-86.9498,20.5115],[-86.9498,20.5115],[-86.9497,20.5116],[-86.9493,20.512],[-86.9494,20.5121],[-86.9493,20.5122],[-86.9492,20.5122],[-86.9492,20.5122],[-86.9491,20.5122],[-86.9491,20.5122],[-86.9491,20.5122],[-86.949,20.5122],[-86.9488,20.5124],[-86.9484,20.513],[-86.9482,20.5132],[-86.948,20.5135],[-86.9478,20.5138],[-86.9475,20.5142],[-86.9473,20.5143],[-86.9473,20.5144],[-86.9471,20.5146],[-86.947,20.5149],[-86.9467,20.5153],[-86.9466,20.5154],[-86.9465,20.5156],[-86.9463,20.5159],[-86.9461,20.5162],[-86.9461,20.5162],[-86.946,20.5164],[-86.9459,20.5166],[-86.9459,20.5167],[-86.9458,20.5169],[-86.9458,20.5169],[-86.9458,20.5169],[-86.9458,20.5169],[-86.9458,20.5169],[-86.9457,20.517],[-86.9456,20.5174],[-86.9455,20.5177],[-86.9454,20.518],[-86.9452,20.5184],[-86.9451,20.5187],[-86.945,20.5188],[-86.9449,20.519],[-86.9445,20.5203],[-86.9442,20.5209],[-86.944,20.5216],[-86.9439,20.5218],[-86.9439,20.5219],[-86.9438,20.5221],[-86.9437,20.5223],[-86.9435,20.5226],[-86.9436,20.5227],[-86.9436,20.5227],[-86.9435,20.5226],[-86.9434,20.5226],[-86.9433,20.5228],[-86.9433,20.5229],[-86.9432,20.5231],[-86.9432,20.5231],[-86.9432,20.5231],[-86.9432,20.5232],[-86.9432,20.5232],[-86.9432,20.5232],[-86.9431,20.5232],[-86.9429,20.5236],[-86.9426,20.5241],[-86.9421,20.525],[-86.9422,20.525],[-86.9422,20.5251],[-86.9421,20.525],[-86.942,20.5252],[-86.9421,20.5252],[-86.9421,20.5253],[-86.942,20.5253],[-86.9419,20.5255],[-86.9416,20.526],[-86.9416,20.5261],[-86.9416,20.5261],[-86.9414,20.5265],[-86.9411,20.527],[-86.941,20.5273],[-86.9408,20.5273],[-86.9402,20.527],[-86.9402,20.527],[-86.9392,20.5276],[-86.9393,20.5278],[-86.9391,20.5279],[-86.9391,20.5281],[-86.9392,20.5282],[-86.9391,20.5284],[-86.939,20.5286],[-86.939,20.5287],[-86.939,20.5288],[-86.939,20.5289],[-86.9392,20.529],[-86.9393,20.529],[-86.9393,20.529],[-86.9394,20.529],[-86.9395,20.529],[-86.9395,20.529],[-86.9396,20.529],[-86.9397,20.5289],[-86.9398,20.5287],[-86.94,20.5283],[-86.9398,20.5283],[-86.9397,20.5283],[-86.9396,20.5283],[-86.9396,20.5283],[-86.9397,20.5283],[-86.9397,20.5282],[-86.9397,20.5281],[-86.9397,20.5281],[-86.9398,20.5282],[-86.9398,20.5282],[-86.94,20.5283],[-86.9399,20.5279],[-86.9405,20.5275],[-86.9405,20.5275],[-86.9406,20.5275],[-86.9408,20.5276],[-86.9408,20.5276],[-86.9408,20.5277],[-86.9408,20.5277],[-86.9407,20.5282],[-86.9406,20.5284],[-86.9405,20.5286],[-86.9406,20.5286],[-86.9405,20.5287],[-86.9405,20.5288],[-86.9404,20.5288],[-86.9404,20.5291],[-86.9404,20.5291],[-86.9404,20.5292],[-86.9404,20.5294],[-86.9403,20.5295],[-86.9403,20.5295],[-86.9403,20.5297],[-86.9402,20.5299],[-86.9401,20.5305],[-86.94,20.531],[-86.9398,20.5314],[-86.9398,20.5316],[-86.9398,20.5316],[-86.9398,20.5317],[-86.9396,20.5321],[-86.9396,20.5322],[-86.9396,20.5322],[-86.9396,20.5323],[-86.9395,20.5325],[-86.9395,20.5325],[-86.9395,20.5325],[-86.9394,20.5327],[-86.9394,20.5327],[-86.9394,20.5328],[-86.9393,20.5331],[-86.9393,20.5332],[-86.9393,20.5332],[-86.939,20.5338],[-86.9389,20.534],[-86.9387,20.5345],[-86.9386,20.5346],[-86.9386,20.5347],[-86.9386,20.5349],[-86.9384,20.535],[-86.9384,20.535],[-86.9383,20.5353],[-86.9382,20.5355],[-86.9381,20.5359],[-86.9381,20.536],[-86.9381,20.5361],[-86.938,20.5363],[-86.9379,20.5366],[-86.9377,20.5369],[-86.9374,20.5375],[-86.9374,20.5375],[-86.9374,20.5375],[-86.9373,20.5377],[-86.9372,20.5378],[-86.937,20.5381],[-86.9363,20.5389],[-86.9361,20.5391],[-86.9361,20.5392],[-86.9362,20.5393],[-86.9363,20.5393],[-86.9363,20.5393],[-86.9363,20.5393],[-86.9363,20.5394],[-86.9362,20.5394],[-86.936,20.5392],[-86.9358,20.5394],[-86.9358,20.5394],[-86.9358,20.5394],[-86.9354,20.5398],[-86.9349,20.5403],[-86.9345,20.5405],[-86.9343,20.5407],[-86.934,20.5409],[-86.9339,20.541],[-86.9337,20.5411],[-86.9335,20.5414],[-86.9333,20.5415],[-86.9332,20.5417],[-86.9333,20.5418],[-86.9334,20.5418],[-86.9333,20.5418],[-86.9333,20.5418],[-86.9331,20.5417],[-86.9331,20.5418],[-86.9331,20.5418],[-86.9331,20.542],[-86.9329,20.5422],[-86.9327,20.5425],[-86.9327,20.5426],[-86.9326,20.5426],[-86.9327,20.5426],[-86.9326,20.5428],[-86.9325,20.5432],[-86.9325,20.5432],[-86.9324,20.5432],[-86.9324,20.5434],[-86.9324,20.5435],[-86.9324,20.5435],[-86.9324,20.5436],[-86.9324,20.5436],[-86.9324,20.5436],[-86.9324,20.5438],[-86.9323,20.5439],[-86.932,20.5445],[-86.9318,20.5451],[-86.9317,20.5452],[-86.9316,20.5454],[-86.9316,20.5455],[-86.9315,20.5455],[-86.9313,20.5458],[-86.9312,20.5459],[-86.9311,20.5461],[-86.9311,20.5461],[-86.931,20.5461],[-86.9309,20.5462],[-86.9309,20.5462],[-86.9309,20.5464],[-86.9307,20.5464],[-86.9305,20.5466],[-86.9305,20.5467],[-86.9305,20.5468],[-86.9304,20.5468],[-86.9303,20.5469],[-86.9303,20.547],[-86.9304,20.5471],[-86.9304,20.5471],[-86.9304,20.5472],[-86.9305,20.5471],[-86.9305,20.5472],[-86.9305,20.5472],[-86.9304,20.5472],[-86.9304,20.5472],[-86.9303,20.5471],[-86.9303,20.547],[-86.93,20.5472],[-86.9299,20.5472],[-86.9298,20.5474],[-86.9297,20.5474],[-86.9296,20.5475],[-86.9295,20.5476],[-86.9295,20.5477],[-86.9295,20.5477],[-86.9295,20.5477],[-86.9295,20.5477],[-86.9296,20.5477],[-86.9296,20.5477],[-86.9296,20.5477],[-86.9296,20.5478],[-86.9296,20.5478],[-86.9296,20.5478],[-86.9295,20.5478],[-86.9295,20.5478],[-86.9294,20.5477],[-86.9293,20.5478],[-86.9292,20.5479],[-86.929,20.548],[-86.929,20.5481],[-86.9288,20.5482],[-86.9288,20.5483],[-86.9288,20.5483],[-86.9288,20.5484],[-86.9289,20.5484],[-86.9289,20.5484],[-86.9289,20.5484],[-86.9289,20.5484],[-86.9288,20.5484],[-86.9288,20.5484],[-86.9288,20.5483],[-86.9287,20.5485],[-86.9287,20.5488],[-86.9287,20.5488],[-86.9287,20.5489],[-86.9287,20.5491],[-86.9286,20.5494],[-86.9285,20.5494],[-86.9285,20.5494],[-86.9285,20.5495],[-86.928,20.5502],[-86.9279,20.5504],[-86.9277,20.5505],[-86.9277,20.5506],[-86.9276,20.5506],[-86.9276,20.5507],[-86.9275,20.5508],[-86.9273,20.5509],[-86.9272,20.551],[-86.9272,20.5511],[-86.9271,20.5511],[-86.9269,20.5512],[-86.9269,20.5513],[-86.9267,20.5512],[-86.9266,20.5513],[-86.9265,20.5513],[-86.9264,20.5515],[-86.9263,20.5515],[-86.9262,20.5517],[-86.9261,20.5518],[-86.926,20.5518],[-86.9259,20.5518],[-86.9259,20.5518],[-86.9259,20.5518],[-86.9258,20.5518],[-86.9256,20.552],[-86.9261,20.5525],[-86.9262,20.5525],[-86.9262,20.5525],[-86.926,20.5525],[-86.9256,20.5521],[-86.9254,20.5522],[-86.9254,20.5523],[-86.9253,20.5523],[-86.9252,20.5524],[-86.9248,20.5525],[-86.9246,20.5526],[-86.9242,20.5528],[-86.9241,20.5528],[-86.9238,20.5529],[-86.9236,20.553],[-86.9235,20.553],[-86.9233,20.5532],[-86.9232,20.5532],[-86.9232,20.5532],[-86.9231,20.5532],[-86.9231,20.5532],[-86.923,20.5533],[-86.9228,20.5534],[-86.9226,20.5535],[-86.9225,20.5535],[-86.9224,20.5536],[-86.9223,20.5536],[-86.9222,20.5537],[-86.922,20.5537],[-86.9217,20.5538],[-86.9214,20.5539],[-86.9211,20.5539],[-86.9207,20.554],[-86.9204,20.554],[-86.9202,20.5541],[-86.92,20.5542],[-86.9199,20.5542],[-86.9199,20.5542],[-86.9196,20.5543],[-86.9188,20.5545],[-86.918,20.5548],[-86.9171,20.555],[-86.9162,20.5551],[-86.9152,20.5553],[-86.9148,20.5553],[-86.9143,20.5555],[-86.9135,20.5558],[-86.9128,20.5562],[-86.9123,20.5563],[-86.9121,20.5564],[-86.9114,20.5567],[-86.9113,20.5567],[-86.9107,20.5569],[-86.91,20.5571],[-86.9086,20.5575],[-86.9086,20.5575],[-86.9085,20.5575],[-86.908,20.5578],[-86.907,20.5582],[-86.9066,20.5585],[-86.9064,20.5588],[-86.9059,20.5589],[-86.9054,20.5591],[-86.9053,20.5591],[-86.9053,20.5592],[-86.9052,20.5593],[-86.9052,20.5593],[-86.9051,20.5594],[-86.905,20.5595],[-86.9049,20.5596],[-86.9048,20.5597],[-86.9048,20.5597],[-86.9047,20.5597],[-86.9045,20.5598],[-86.9045,20.5598],[-86.9043,20.5599],[-86.9036,20.5602],[-86.9025,20.5607],[-86.9016,20.5611],[-86.9009,20.5612],[-86.9008,20.5612],[-86.9007,20.5613],[-86.9001,20.5615],[-86.8992,20.562],[-86.8988,20.5627],[-86.8984,20.5637],[-86.898,20.5641],[-86.898,20.5642],[-86.898,20.5642],[-86.8976,20.5651],[-86.8974,20.5655],[-86.8972,20.5656],[-86.897,20.5656],[-86.897,20.5656],[-86.8965,20.5653],[-86.8964,20.565],[-86.896,20.5646],[-86.8957,20.5645],[-86.8947,20.5641],[-86.8938,20.5639],[-86.8927,20.5634],[-86.8919,20.5635],[-86.8914,20.5636],[-86.8908,20.5637],[-86.8898,20.5631],[-86.8884,20.5628],[-86.8884,20.5627],[-86.8882,20.5626],[-86.8878,20.5624],[-86.8873,20.562],[-86.8868,20.5616],[-86.8863,20.5613],[-86.8861,20.5612],[-86.886,20.561],[-86.886,20.561],[-86.886,20.5609],[-86.8859,20.5609],[-86.8856,20.5607],[-86.8848,20.5602],[-86.8844,20.5598],[-86.8844,20.5598],[-86.8842,20.5597],[-86.8835,20.5592],[-86.8825,20.5587],[-86.8824,20.5582],[-86.8816,20.5577],[-86.8825,20.5569],[-86.8831,20.5562],[-86.8832,20.5561],[-86.8834,20.5554],[-86.8834,20.5554],[-86.8834,20.5545],[-86.8835,20.554],[-86.8836,20.5537],[-86.8836,20.5535],[-86.8836,20.5534],[-86.8835,20.553],[-86.8833,20.5521],[-86.8832,20.5517],[-86.8826,20.5505],[-86.8821,20.5495],[-86.8821,20.5495],[-86.8817,20.5488],[-86.8815,20.5486],[-86.8814,20.5485],[-86.8814,20.5482],[-86.8814,20.5478],[-86.8813,20.5475],[-86.8813,20.547],[-86.8813,20.5467],[-86.8812,20.5464],[-86.8811,20.5458],[-86.8811,20.5457],[-86.881,20.5456],[-86.8807,20.5449],[-86.8806,20.5448],[-86.8806,20.5448],[-86.8805,20.5447],[-86.8803,20.545],[-86.8803,20.5451],[-86.8803,20.5451],[-86.8803,20.5449],[-86.8805,20.5447],[-86.8802,20.5444],[-86.8797,20.544],[-86.8796,20.544],[-86.8795,20.5439],[-86.8788,20.5441],[-86.8785,20.544],[-86.8786,20.5439],[-86.8788,20.5441],[-86.8794,20.5438],[-86.8794,20.5438],[-86.8793,20.5438],[-86.8793,20.5437],[-86.8789,20.5435],[-86.8787,20.5434],[-86.8783,20.5431],[-86.878,20.5429],[-86.8779,20.5428],[-86.8778,20.5427],[-86.8774,20.5423],[-86.8767,20.5418],[-86.8765,20.5417],[-86.8765,20.5417],[-86.8762,20.5415],[-86.8761,20.5414],[-86.8755,20.541],[-86.8754,20.5409],[-86.8754,20.5409],[-86.8751,20.5409],[-86.8747,20.5408],[-86.8746,20.5408],[-86.8742,20.5407],[-86.874,20.5407],[-86.874,20.5407],[-86.874,20.5406],[-86.8736,20.5405],[-86.8735,20.5404],[-86.8728,20.54],[-86.8728,20.54],[-86.8726,20.5398],[-86.8725,20.5397],[-86.8725,20.5397],[-86.8725,20.5397],[-86.8722,20.5391],[-86.8721,20.539],[-86.8719,20.5388],[-86.8718,20.5388],[-86.8715,20.5386],[-86.871,20.5383],[-86.8705,20.5378],[-86.8703,20.5376],[-86.8702,20.5375],[-86.8699,20.5374],[-86.8695,20.5373],[-86.8694,20.5373],[-86.869,20.5372],[-86.8687,20.5372],[-86.8685,20.5372],[-86.8685,20.5372],[-86.8684,20.5372],[-86.8682,20.5371],[-86.8681,20.5371],[-86.868,20.5371],[-86.8677,20.5371],[-86.8671,20.5372],[-86.8668,20.5372],[-86.8665,20.5372],[-86.8663,20.5372],[-86.8662,20.5372],[-86.8661,20.5372],[-86.8654,20.5372],[-86.865,20.5372],[-86.8648,20.5372],[-86.8647,20.5373],[-86.8642,20.5376],[-86.8642,20.5376],[-86.864,20.5377],[-86.8635,20.5382],[-86.8631,20.5385],[-86.8631,20.5385],[-86.863,20.5386],[-86.8628,20.5387],[-86.8627,20.5387],[-86.8625,20.5388],[-86.8623,20.539],[-86.8623,20.5391],[-86.8622,20.5391],[-86.8622,20.5391],[-86.8622,20.5392],[-86.8623,20.5393],[-86.8623,20.5393],[-86.8623,20.5394],[-86.8622,20.5394],[-86.8619,20.5396],[-86.8617,20.5397],[-86.8616,20.5397],[-86.861,20.5403],[-86.8609,20.5404],[-86.8609,20.5404],[-86.8609,20.5405],[-86.8609,20.5406],[-86.861,20.5408],[-86.8611,20.541],[-86.861,20.5413],[-86.8608,20.5415],[-86.8608,20.5415],[-86.8608,20.5415],[-86.8606,20.5417],[-86.8604,20.5417],[-86.8604,20.5416],[-86.8604,20.5416],[-86.8604,20.5415],[-86.8604,20.5415],[-86.8603,20.5414],[-86.8603,20.5413],[-86.8603,20.5413],[-86.8602,20.5412],[-86.8602,20.5412],[-86.8601,20.5412],[-86.86,20.5411],[-86.86,20.5411],[-86.8597,20.5411],[-86.8596,20.5411],[-86.8593,20.5412],[-86.8592,20.5413],[-86.8588,20.5418],[-86.8587,20.5419],[-86.8584,20.5423],[-86.8579,20.5426],[-86.8577,20.5427],[-86.8575,20.5431],[-86.8573,20.5432],[-86.8572,20.5433],[-86.8571,20.5436],[-86.8571,20.5438],[-86.8572,20.544],[-86.8572,20.5441],[-86.8573,20.5442],[-86.8573,20.5443],[-86.8572,20.5445],[-86.857,20.5455],[-86.857,20.5456],[-86.857,20.5458],[-86.857,20.5459],[-86.8571,20.5461],[-86.8573,20.5461],[-86.8575,20.5461],[-86.8575,20.5463],[-86.8578,20.5464],[-86.8579,20.5464],[-86.858,20.5464],[-86.858,20.5465],[-86.8581,20.5465],[-86.8581,20.5465],[-86.8582,20.5467],[-86.8583,20.5469],[-86.8581,20.5472],[-86.8582,20.5473],[-86.8584,20.5473],[-86.8586,20.5473],[-86.8587,20.5474],[-86.8587,20.5476],[-86.8587,20.5477],[-86.8587,20.5479],[-86.8578,20.5479],[-86.8574,20.5481],[-86.8563,20.5482],[-86.8554,20.5488],[-86.8549,20.5492],[-86.8549,20.5496],[-86.8543,20.5499],[-86.8539,20.5499],[-86.8537,20.5499],[-86.853,20.5499],[-86.8524,20.55],[-86.8522,20.55],[-86.852,20.5501],[-86.8519,20.5501],[-86.8515,20.5502],[-86.8514,20.5502],[-86.8513,20.5502],[-86.8511,20.5501],[-86.8511,20.5501],[-86.8511,20.5501],[-86.8511,20.5503],[-86.8505,20.5502],[-86.8496,20.5501],[-86.8489,20.5499],[-86.8478,20.5498],[-86.8463,20.5498],[-86.845,20.5498],[-86.8442,20.5498],[-86.8432,20.5498],[-86.8427,20.5498],[-86.8422,20.5498],[-86.8415,20.5498],[-86.8396,20.5497],[-86.8379,20.5499],[-86.8373,20.55],[-86.8364,20.5501],[-86.8361,20.5501],[-86.8361,20.5501],[-86.8359,20.5502],[-86.8352,20.5503],[-86.834,20.5504],[-86.8339,20.5504],[-86.8337,20.5506],[-86.8337,20.5506],[-86.8337,20.5507],[-86.8336,20.5508],[-86.8336,20.5509],[-86.8335,20.5511],[-86.8334,20.5512],[-86.8334,20.5512],[-86.8333,20.5513],[-86.8332,20.5513],[-86.8329,20.5513],[-86.8328,20.5512],[-86.8326,20.5512],[-86.8325,20.5511],[-86.8323,20.5511],[-86.8321,20.5511],[-86.8319,20.551],[-86.8317,20.551],[-86.8316,20.551],[-86.8303,20.5511],[-86.8297,20.5512],[-86.8296,20.5512],[-86.8295,20.5512],[-86.8293,20.5513],[-86.8292,20.5513],[-86.8291,20.5514],[-86.8289,20.5515],[-86.8287,20.5516],[-86.8286,20.5517],[-86.8285,20.5517],[-86.8284,20.5518],[-86.8278,20.5518],[-86.8273,20.5519],[-86.8272,20.5519],[-86.8269,20.552],[-86.8267,20.552],[-86.826,20.5523],[-86.8259,20.5524],[-86.8256,20.5526],[-86.8255,20.5526],[-86.8249,20.5531],[-86.8248,20.5532],[-86.8247,20.5533],[-86.8247,20.5535],[-86.8246,20.5535],[-86.8246,20.5536],[-86.8246,20.5537],[-86.8245,20.5538],[-86.8245,20.5538],[-86.8244,20.5539],[-86.8241,20.5541],[-86.824,20.5541],[-86.8238,20.5543],[-86.8237,20.5543],[-86.8236,20.5544],[-86.8235,20.5544],[-86.8234,20.5544],[-86.8233,20.5544],[-86.8233,20.5545],[-86.8225,20.5547],[-86.8215,20.5544],[-86.8198,20.554],[-86.8171,20.5537],[-86.8152,20.5536],[-86.814,20.5536],[-86.8136,20.5537],[-86.8135,20.5537],[-86.8134,20.5537],[-86.8132,20.5537],[-86.8128,20.5537],[-86.8124,20.5537],[-86.8124,20.5537],[-86.8123,20.5537],[-86.8102,20.5537],[-86.8081,20.5539],[-86.8067,20.5545],[-86.8058,20.5553],[-86.8046,20.5551],[-86.8032,20.5561],[-86.8022,20.5563],[-86.802,20.5564],[-86.8014,20.5564],[-86.8003,20.5567],[-86.7991,20.5566],[-86.799,20.5566],[-86.7987,20.5566],[-86.797,20.5565],[-86.7951,20.5564],[-86.7925,20.5561],[-86.7923,20.5561],[-86.7922,20.5561],[-86.7917,20.5561],[-86.7917,20.5561],[-86.7914,20.5561],[-86.7912,20.5561],[-86.7909,20.5562],[-86.7906,20.5562],[-86.7903,20.5562],[-86.79,20.5563],[-86.7899,20.5563],[-86.7898,20.5564],[-86.7894,20.5565],[-86.789,20.5567],[-86.7882,20.5573],[-86.7875,20.5582],[-86.7869,20.5583],[-86.786,20.5585],[-86.7856,20.5587],[-86.7848,20.5591],[-86.7832,20.5595],[-86.782,20.5604],[-86.7807,20.561],[-86.7801,20.5621],[-86.7791,20.5625],[-86.7773,20.5631],[-86.7763,20.5637],[-86.7746,20.5645],[-86.773,20.5653],[-86.7722,20.5657],[-86.7721,20.5665],[-86.771,20.5671],[-86.7704,20.5675],[-86.7697,20.5678],[-86.7695,20.568],[-86.769,20.5684],[-86.7687,20.5686],[-86.7682,20.5687],[-86.768,20.5688],[-86.768,20.5688],[-86.7676,20.5689],[-86.7676,20.5686],[-86.7677,20.5685],[-86.7679,20.5682],[-86.768,20.5681],[-86.7682,20.5678],[-86.7684,20.5676],[-86.7685,20.5675],[-86.7688,20.5672],[-86.7689,20.567],[-86.769,20.5669],[-86.7691,20.5669],[-86.7692,20.5671],[-86.7694,20.5674],[-86.7696,20.5675],[-86.7699,20.5674],[-86.7702,20.5673],[-86.7704,20.5672],[-86.7706,20.5671],[-86.7711,20.5669],[-86.7713,20.5667],[-86.7715,20.5664],[-86.7716,20.5663],[-86.7718,20.5661],[-86.7717,20.5659],[-86.7716,20.5657],[-86.7717,20.5654],[-86.7718,20.5651],[-86.772,20.5647],[-86.7723,20.5644],[-86.7725,20.5641],[-86.7726,20.5639],[-86.773,20.5638],[-86.7732,20.5638],[-86.7735,20.5636],[-86.7736,20.5632],[-86.7736,20.563],[-86.7736,20.5625],[-86.7734,20.5623],[-86.7732,20.562],[-86.773,20.5616],[-86.7729,20.5614],[-86.7728,20.5613],[-86.7725,20.561],[-86.7724,20.5608],[-86.7719,20.5606],[-86.7716,20.5605],[-86.7713,20.5605],[-86.7709,20.5605],[-86.7706,20.5605],[-86.77,20.5604],[-86.7695,20.5604],[-86.7687,20.5606],[-86.7684,20.5609],[-86.7682,20.561],[-86.7682,20.5612],[-86.7681,20.5615],[-86.7681,20.5618],[-86.7679,20.5624],[-86.7679,20.5626],[-86.7679,20.5628],[-86.7679,20.563],[-86.7678,20.5633],[-86.7677,20.5635],[-86.7675,20.5638],[-86.7673,20.5639],[-86.7672,20.564],[-86.7671,20.5641],[-86.7671,20.5644],[-86.767,20.5646],[-86.767,20.5647],[-86.767,20.5648],[-86.7669,20.5649],[-86.7668,20.5651],[-86.7666,20.5653],[-86.7664,20.5655],[-86.7662,20.5655],[-86.7659,20.5657],[-86.7657,20.5658],[-86.7655,20.566],[-86.7654,20.5662],[-86.7652,20.5664],[-86.765,20.5667],[-86.7649,20.5668],[-86.7647,20.5667],[-86.7645,20.5667],[-86.7644,20.5666],[-86.7643,20.5665],[-86.7642,20.5665],[-86.764,20.5666],[-86.764,20.5667],[-86.764,20.5667],[-86.7638,20.567],[-86.7636,20.5672],[-86.7635,20.5673],[-86.7633,20.5674],[-86.763,20.5675],[-86.7631,20.5676],[-86.7631,20.5677],[-86.7632,20.5678],[-86.7635,20.568],[-86.7637,20.5681],[-86.764,20.5682],[-86.7642,20.5682],[-86.7644,20.5681],[-86.7645,20.5679],[-86.7646,20.5677],[-86.7647,20.5675],[-86.7648,20.5674],[-86.7649,20.5673],[-86.765,20.5674],[-86.7651,20.5675],[-86.7654,20.5677],[-86.7656,20.5676],[-86.7658,20.5676],[-86.7659,20.5675],[-86.766,20.5674],[-86.7661,20.5674],[-86.7662,20.5674],[-86.7662,20.5675],[-86.7665,20.5675],[-86.7667,20.5675],[-86.7669,20.5676],[-86.7673,20.5676],[-86.7673,20.5677],[-86.7674,20.5679],[-86.7674,20.5682],[-86.7674,20.5683],[-86.7673,20.5685],[-86.7671,20.5685],[-86.7669,20.5686],[-86.7667,20.5687],[-86.7666,20.5687],[-86.7664,20.5687],[-86.7662,20.5687],[-86.7661,20.5689],[-86.7659,20.5691],[-86.7653,20.5694],[-86.7642,20.5698],[-86.7635,20.5703],[-86.7627,20.5709],[-86.7616,20.5719],[-86.7614,20.5721],[-86.7609,20.5726],[-86.7609,20.5726],[-86.7607,20.5728],[-86.7607,20.5729],[-86.7602,20.5734],[-86.7598,20.5739],[-86.7598,20.5739],[-86.7598,20.5745],[-86.7593,20.5754],[-86.7585,20.5757],[-86.7576,20.5758],[-86.756,20.5757],[-86.7543,20.5761],[-86.7523,20.5769],[-86.7502,20.5777],[-86.7489,20.5783],[-86.7477,20.5787],[-86.7471,20.5791],[-86.7465,20.5797],[-86.7457,20.5802],[-86.7439,20.5811],[-86.7431,20.5816],[-86.7431,20.5816],[-86.7427,20.5819],[-86.7416,20.5823],[-86.7409,20.5824],[-86.74,20.5829],[-86.74,20.5831],[-86.7388,20.5837],[-86.7368,20.5849],[-86.7359,20.5857],[-86.7352,20.5862],[-86.7346,20.5867],[-86.7345,20.5869],[-86.7341,20.5874],[-86.7337,20.5885],[-86.733,20.5895],[-86.7323,20.5902],[-86.7316,20.591],[-86.7311,20.5913],[-86.7303,20.5914],[-86.7295,20.5916],[-86.7283,20.5921],[-86.7273,20.5921],[-86.7269,20.5922],[-86.7263,20.5918],[-86.726,20.5917],[-86.7253,20.5915],[-86.7247,20.5912],[-86.7242,20.591],[-86.7236,20.5908],[-86.7234,20.5907],[-86.7232,20.5904],[-86.7231,20.5901],[-86.7231,20.5901],[-86.7233,20.59],[-86.7234,20.5894],[-86.7233,20.5883],[-86.7233,20.5882],[-86.7233,20.5873],[-86.7233,20.5869],[-86.7235,20.5861],[-86.7239,20.5849],[-86.724,20.5845],[-86.7241,20.5842],[-86.7241,20.5838],[-86.7242,20.5834],[-86.7243,20.5829],[-86.7245,20.5828],[-86.7245,20.5827],[-86.7246,20.5826],[-86.7246,20.5826],[-86.7247,20.5825],[-86.7247,20.5822],[-86.7248,20.582],[-86.725,20.5816],[-86.725,20.5815],[-86.7252,20.5812],[-86.7252,20.5809],[-86.7252,20.5806],[-86.7255,20.58],[-86.7257,20.5795],[-86.7258,20.5791],[-86.7258,20.5788],[-86.7258,20.5786],[-86.7258,20.5785],[-86.7259,20.5785],[-86.7261,20.578],[-86.7263,20.5775],[-86.7265,20.5771],[-86.7267,20.5766],[-86.7274,20.5749],[-86.7278,20.574],[-86.7283,20.5732],[-86.7283,20.5731],[-86.7283,20.573],[-86.7284,20.5728],[-86.7284,20.5726],[-86.7285,20.5725],[-86.7287,20.5721],[-86.7287,20.5721],[-86.7288,20.572],[-86.7288,20.572],[-86.7289,20.5719],[-86.7291,20.5717],[-86.7292,20.5714],[-86.7294,20.5708],[-86.7296,20.5701],[-86.7297,20.5697],[-86.7299,20.5695]]]]}},{"type":"Feature","properties":{"cvegeo":"23002","cve_ent":"23","name":"Felipe Carrillo Puerto"},"geometry":{"type":"MultiPolygon","coordinates":[[[[-87.6411,19.188],[-87.6396,19.187],[-87.6397,19.1858],[-87.6403,19.1845],[-87.6408,19.1845],[-87.6429,19.1846],[-87.6445,19.1846],[-87.6442,19.1855],[-87.6436,19.1864],[-87.643,19.1869],[-87.6439,19.187],[-87.6449,19.1871],[-87.6456,19.1863],[-87.6466,19.186],[-87.6471,19.1864],[-87.6468,19.187],[-87.6468,19.187],[-87.6457,19.188],[-87.6439,19.1878],[-87.6426,19.1884],[-87.6411,19.188]]],[[[-87.6297,19.1928],[-87.6286,19.191],[-87.6297,19.1913],[-87.631,19.1914],[-87.6319,19.1913],[-87.6328,19.1924],[-87.6334,19.1925],[-87.634,19.1931],[-87.6335,19.194],[-87.6328,19.1949],[-87.6318,19.1952],[-87.6299,19.1959],[-87.6288,19.1968],[-87.6275,19.1967],[-87.6273,19.1957],[-87.6282,19.1951],[-87.6293,19.1937],[-87.6297,19.1928]]],[[[-87.6282,19.2027],[-87.6285,19.2026],[-87.63,19.2027],[-87.631,19.2027],[-87.6308,19.2037],[-87.6301,19.2043],[-87.6287,19.2045],[-87.6282,19.2041],[-87.6282,19.2027]]],[[[-87.6501,19.2154],[-87.652,19.2155],[-87.6518,19.2158],[-87.6514,19.216],[-87.6507,19.2162],[-87.6504,19.2163],[-87.65,19.2163],[-87.6489,19.2167],[-87.6486,19.2167],[-87.6482,19.2168],[-87.6479,19.2168],[-87.6475,19.2169],[-87.6471,19.2169],[-87.6467,19.217],[-87.646,19.217],[-87.6456,19.2171],[-87.6452,19.2171],[-87.6449,19.2173],[-87.6445,19.2173],[-87.6442,19.2174],[-87.6438,19.2174],[-87.6431,19.2176],[-87.6427,19.2177],[-87.642,19.218],[-87.6417,19.218],[-87.6413,19.2181],[-87.641,19.2182],[-87.6406,19.2184],[-87.6402,19.2185],[-87.6399,19.2189],[-87.6395,19.2191],[-87.6392,19.2192],[-87.6389,19.2195],[-87.6386,19.2198],[-87.6383,19.2201],[-87.638,19.2203],[-87.6376,19.2206],[-87.6373,19.2208],[-87.6369,19.2209],[-87.6366,19.2211],[-87.6362,19.2213],[-87.6358,19.2215],[-87.6355,19.2216],[-87.6351,19.2218],[-87.6348,19.2219],[-87.6344,19.2222],[-87.6341,19.2223],[-87.6337,19.2225],[-87.6333,19.2226],[-87.633,19.2228],[-87.6326,19.223],[-87.6323,19.2233],[-87.6319,19.2235],[-87.6316,19.2238],[-87.6312,19.224],[-87.6308,19.2242],[-87.6305,19.2244],[-87.6301,19.2247],[-87.6298,19.2249],[-87.6295,19.2252],[-87.6292,19.2255],[-87.6288,19.2258],[-87.6285,19.2259],[-87.6281,19.2263],[-87.6278,19.2266],[-87.6274,19.2268],[-87.627,19.2271],[-87.6268,19.2274],[-87.6264,19.2275],[-87.6262,19.2278],[-87.6259,19.2281],[-87.6256,19.2284],[-87.6253,19.2286],[-87.6249,19.229],[-87.6245,19.2291],[-87.6242,19.2293],[-87.6238,19.2295],[-87.6235,19.2298],[-87.6228,19.2298],[-87.6224,19.2299],[-87.622,19.23],[-87.6217,19.2302],[-87.6213,19.2305],[-87.621,19.2306],[-87.6206,19.2308],[-87.6203,19.2311],[-87.6199,19.2314],[-87.6196,19.2317],[-87.6188,19.2324],[-87.6186,19.2327],[-87.6182,19.233],[-87.6179,19.2333],[-87.6175,19.2338],[-87.6173,19.2341],[-87.6171,19.2344],[-87.6168,19.2348],[-87.6165,19.235],[-87.6162,19.2353],[-87.616,19.2357],[-87.6156,19.2359],[-87.6153,19.2362],[-87.6149,19.2363],[-87.6146,19.236],[-87.6147,19.2357],[-87.6149,19.2353],[-87.6152,19.235],[-87.6155,19.2347],[-87.6156,19.2343],[-87.6159,19.234],[-87.6161,19.2336],[-87.6163,19.2333],[-87.6167,19.233],[-87.6169,19.2326],[-87.6173,19.2324],[-87.6176,19.2321],[-87.6179,19.2317],[-87.6182,19.2315],[-87.6186,19.2312],[-87.619,19.2309],[-87.6192,19.2306],[-87.6195,19.2302],[-87.6199,19.23],[-87.6203,19.2297],[-87.6206,19.2294],[-87.621,19.2292],[-87.6213,19.229],[-87.6217,19.2288],[-87.622,19.2284],[-87.6224,19.2282],[-87.6228,19.228],[-87.6231,19.2276],[-87.6235,19.2274],[-87.6238,19.2271],[-87.6242,19.2268],[-87.6245,19.2265],[-87.625,19.2262],[-87.6254,19.2259],[-87.6257,19.2257],[-87.6261,19.2255],[-87.6264,19.2251],[-87.6269,19.2249],[-87.6273,19.2247],[-87.6276,19.2243],[-87.628,19.2241],[-87.6285,19.2238],[-87.6288,19.2235],[-87.6293,19.2231],[-87.6296,19.2229],[-87.6299,19.2225],[-87.6304,19.2223],[-87.6307,19.2219],[-87.6311,19.2218],[-87.6313,19.2215],[-87.6318,19.2213],[-87.6321,19.221],[-87.6325,19.2208],[-87.633,19.2206],[-87.6333,19.2205],[-87.6337,19.2202],[-87.6344,19.22],[-87.6348,19.2198],[-87.6352,19.2197],[-87.6356,19.2196],[-87.636,19.2193],[-87.6367,19.2191],[-87.637,19.2189],[-87.6374,19.2186],[-87.6379,19.2184],[-87.6382,19.2182],[-87.6386,19.2181],[-87.639,19.2178],[-87.6394,19.2176],[-87.6405,19.2173],[-87.6409,19.2171],[-87.6413,19.217],[-87.642,19.2168],[-87.6426,19.2168],[-87.643,19.2167],[-87.6437,19.2165],[-87.644,19.2164],[-87.6445,19.2162],[-87.645,19.2162],[-87.6454,19.2161],[-87.6457,19.2161],[-87.6461,19.216],[-87.6473,19.216],[-87.6476,19.2159],[-87.648,19.2159],[-87.6483,19.2158],[-87.6487,19.2158],[-87.6494,19.2156],[-87.6498,19.2156],[-87.6501,19.2154]]],[[[-87.602,19.2357],[-87.6021,19.2356],[-87.6023,19.2356],[-87.6025,19.2357],[-87.6026,19.2358],[-87.6028,19.2358],[-87.603,19.2358],[-87.6032,19.2358],[-87.6034,19.2358],[-87.6036,19.2358],[-87.6038,19.2357],[-87.604,19.2357],[-87.6042,19.2356],[-87.6043,19.2356],[-87.6045,19.2355],[-87.6046,19.2353],[-87.6047,19.2352],[-87.6049,19.235],[-87.6049,19.2349],[-87.6049,19.2348],[-87.605,19.2346],[-87.605,19.2345],[-87.6051,19.2343],[-87.6052,19.2342],[-87.6053,19.2341],[-87.6054,19.2341],[-87.6055,19.2341],[-87.6056,19.2342],[-87.6057,19.2343],[-87.6057,19.2344],[-87.6058,19.2345],[-87.6059,19.2347],[-87.606,19.2349],[-87.606,19.2351],[-87.606,19.2353],[-87.6059,19.2354],[-87.6056,19.2355],[-87.6053,19.2356],[-87.605,19.2356],[-87.6048,19.2357],[-87.6047,19.2357],[-87.6044,19.2358],[-87.6041,19.2359],[-87.6038,19.2359],[-87.6038,19.236],[-87.6036,19.236],[-87.6034,19.2361],[-87.6033,19.2362],[-87.6032,19.2364],[-87.6031,19.2365],[-87.6032,19.2366],[-87.6032,19.2367],[-87.6032,19.2369],[-87.6031,19.2369],[-87.603,19.2368],[-87.6028,19.2366],[-87.6027,19.2365],[-87.6026,19.2365],[-87.6025,19.2364],[-87.6024,19.2364],[-87.6023,19.2363],[-87.6022,19.2361],[-87.6021,19.2361],[-87.602,19.236],[-87.6019,19.2358],[-87.602,19.2357]]],[[[-87.4675,19.3339],[-87.4672,19.3337],[-87.467,19.3335],[-87.4667,19.3333],[-87.4662,19.3331],[-87.4659,19.333],[-87.4657,19.3328],[-87.4655,19.3325],[-87.4654,19.3322],[-87.4652,19.332],[-87.4651,19.3317],[-87.4651,19.3315],[-87.465,19.3312],[-87.4649,19.331],[-87.4648,19.3307],[-87.4648,19.3304],[-87.4648,19.3302],[-87.4648,19.3299],[-87.4647,19.3297],[-87.4646,19.3294],[-87.4644,19.3292],[-87.4643,19.329],[-87.4643,19.3282],[-87.4644,19.3279],[-87.4646,19.3278],[-87.4645,19.3275],[-87.4645,19.3273],[-87.4647,19.327],[-87.465,19.327],[-87.4653,19.3268],[-87.4655,19.3266],[-87.4658,19.3268],[-87.4659,19.327],[-87.466,19.3273],[-87.4662,19.3275],[-87.4662,19.3278],[-87.4662,19.328],[-87.4663,19.3283],[-87.4666,19.3285],[-87.4664,19.3288],[-87.4661,19.3289],[-87.4661,19.3291],[-87.4661,19.3294],[-87.4663,19.3296],[-87.4664,19.3299],[-87.4665,19.3302],[-87.4667,19.3304],[-87.4669,19.3307],[-87.4671,19.3309],[-87.467,19.3312],[-87.4667,19.3312],[-87.4664,19.3313],[-87.4666,19.3316],[-87.4668,19.3319],[-87.4669,19.3321],[-87.4671,19.3324],[-87.4672,19.3327],[-87.4672,19.3329],[-87.4675,19.3332],[-87.4678,19.3333],[-87.468,19.3334],[-87.4683,19.3335],[-87.4686,19.3336],[-87.4689,19.3337],[-87.4692,19.3337],[-87.4695,19.3337],[-87.4697,19.3339],[-87.47,19.334],[-87.4703,19.334],[-87.4708,19.334],[-87.4711,19.3341],[-87.4712,19.3343],[-87.4713,19.3346],[-87.4712,19.3348],[-87.471,19.3351],[-87.4707,19.3351],[-87.4704,19.3351],[-87.4702,19.335],[-87.4699,19.3348],[-87.4696,19.3345],[-87.4694,19.3345],[-87.4691,19.3344],[-87.4688,19.3343],[-87.4686,19.3342],[-87.4683,19.3341],[-87.468,19.334],[-87.4678,19.334],[-87.4675,19.3339]]],[[[-87.5106,19.3661],[-87.51,19.3659],[-87.5097,19.3659],[-87.5094,19.3658],[-87.5084,19.3655],[-87.5081,19.3655],[-87.5078,19.3654],[-87.5074,19.3653],[-87.5069,19.3652],[-87.5066,19.3651],[-87.5063,19.3651],[-87.5056,19.3649],[-87.5053,19.3647],[-87.505,19.3645],[-87.5047,19.3644],[-87.5045,19.3641],[-87.5043,19.3638],[-87.5039,19.3635],[-87.5036,19.3632],[-87.5033,19.3629],[-87.503,19.3627],[-87.5027,19.3624],[-87.5023,19.3623],[-87.502,19.3621],[-87.5017,19.362],[-87.5014,19.3618],[-87.5011,19.3616],[-87.5007,19.3613],[-87.5004,19.361],[-87.5001,19.3607],[-87.4999,19.3604],[-87.4995,19.3598],[-87.4992,19.3595],[-87.499,19.3592],[-87.4988,19.3589],[-87.4984,19.3583],[-87.4982,19.358],[-87.4981,19.3577],[-87.4978,19.3574],[-87.4975,19.357],[-87.4974,19.3567],[-87.4972,19.3564],[-87.497,19.356],[-87.4966,19.3554],[-87.4964,19.355],[-87.4961,19.3547],[-87.4959,19.3544],[-87.4956,19.3542],[-87.4954,19.3539],[-87.4952,19.3536],[-87.4949,19.3533],[-87.4945,19.353],[-87.4942,19.3527],[-87.4939,19.3524],[-87.4936,19.3521],[-87.4933,19.3519],[-87.4929,19.3516],[-87.4926,19.3514],[-87.4923,19.3511],[-87.492,19.3509],[-87.4917,19.3506],[-87.4913,19.3504],[-87.491,19.3502],[-87.4907,19.35],[-87.4904,19.3499],[-87.4901,19.3497],[-87.4897,19.3496],[-87.4891,19.3494],[-87.4885,19.349],[-87.4881,19.3487],[-87.4878,19.3485],[-87.4875,19.3482],[-87.4873,19.3479],[-87.487,19.3477],[-87.4868,19.3474],[-87.4865,19.3471],[-87.4862,19.3469],[-87.4859,19.3466],[-87.4856,19.3463],[-87.4853,19.3461],[-87.4852,19.3458],[-87.4848,19.3457],[-87.4846,19.3454],[-87.4843,19.3453],[-87.4841,19.345],[-87.4838,19.3448],[-87.4834,19.3445],[-87.4833,19.3442],[-87.483,19.3439],[-87.4828,19.3436],[-87.4827,19.3433],[-87.4827,19.343],[-87.4826,19.3427],[-87.4824,19.3424],[-87.4822,19.3421],[-87.4819,19.3418],[-87.4816,19.3415],[-87.4816,19.341],[-87.4815,19.3405],[-87.4813,19.3402],[-87.481,19.3399],[-87.4807,19.3396],[-87.4803,19.3394],[-87.4794,19.3394],[-87.4791,19.3393],[-87.4787,19.3392],[-87.4784,19.339],[-87.4783,19.3387],[-87.4782,19.3384],[-87.4782,19.3375],[-87.4783,19.3372],[-87.4784,19.3369],[-87.4785,19.3366],[-87.4787,19.3363],[-87.479,19.336],[-87.4792,19.3357],[-87.4793,19.3354],[-87.4799,19.3354],[-87.4805,19.3356],[-87.4809,19.3357],[-87.4812,19.3359],[-87.4815,19.336],[-87.4817,19.3363],[-87.482,19.3366],[-87.4823,19.3369],[-87.4826,19.3371],[-87.4828,19.3374],[-87.4831,19.3376],[-87.4837,19.338],[-87.4841,19.3381],[-87.4843,19.3384],[-87.4844,19.3387],[-87.4847,19.3389],[-87.485,19.339],[-87.4853,19.3391],[-87.486,19.3393],[-87.4863,19.3396],[-87.4862,19.3399],[-87.486,19.3402],[-87.4858,19.3405],[-87.4858,19.3411],[-87.486,19.3414],[-87.4863,19.3415],[-87.4867,19.3417],[-87.4871,19.3418],[-87.4872,19.3421],[-87.4871,19.3424],[-87.4871,19.3428],[-87.4877,19.3432],[-87.488,19.3432],[-87.4883,19.3433],[-87.4887,19.3435],[-87.4889,19.3438],[-87.4891,19.3441],[-87.4892,19.3444],[-87.4898,19.3442],[-87.4901,19.3442],[-87.4905,19.3443],[-87.4908,19.3445],[-87.4911,19.3446],[-87.4914,19.3448],[-87.4917,19.3449],[-87.4921,19.3451],[-87.4924,19.3454],[-87.4927,19.3455],[-87.4929,19.3458],[-87.4933,19.346],[-87.4937,19.3462],[-87.494,19.3463],[-87.4943,19.3466],[-87.4946,19.3468],[-87.4947,19.3471],[-87.4947,19.3474],[-87.4945,19.3477],[-87.4942,19.3479],[-87.4939,19.3482],[-87.4938,19.3485],[-87.4938,19.3488],[-87.4939,19.3491],[-87.494,19.3495],[-87.4941,19.3498],[-87.4942,19.3501],[-87.4945,19.3505],[-87.4948,19.3507],[-87.4955,19.3509],[-87.4958,19.3509],[-87.4961,19.351],[-87.4966,19.3511],[-87.4969,19.3512],[-87.4972,19.3514],[-87.4975,19.3515],[-87.4977,19.3518],[-87.4984,19.3518],[-87.4987,19.3517],[-87.499,19.3517],[-87.4996,19.3515],[-87.5,19.3515],[-87.5003,19.3516],[-87.5006,19.3517],[-87.5006,19.352],[-87.5009,19.3521],[-87.5022,19.3521],[-87.5025,19.3519],[-87.5028,19.3518],[-87.5032,19.3517],[-87.5035,19.3516],[-87.5038,19.3514],[-87.5042,19.3512],[-87.5045,19.3511],[-87.5049,19.351],[-87.5055,19.351],[-87.5056,19.3513],[-87.5056,19.3519],[-87.5055,19.3522],[-87.5054,19.3525],[-87.5054,19.3528],[-87.5055,19.3531],[-87.5055,19.3534],[-87.5057,19.3537],[-87.5058,19.354],[-87.5062,19.3546],[-87.5065,19.3549],[-87.5066,19.3552],[-87.5068,19.3555],[-87.5071,19.3558],[-87.5072,19.3561],[-87.5072,19.3564],[-87.5071,19.3567],[-87.507,19.357],[-87.5068,19.3573],[-87.5065,19.3575],[-87.5061,19.3577],[-87.5059,19.358],[-87.5059,19.3583],[-87.5063,19.3585],[-87.5066,19.3586],[-87.507,19.3587],[-87.5073,19.3588],[-87.5076,19.3588],[-87.508,19.3589],[-87.5086,19.3589],[-87.5089,19.3588],[-87.5096,19.3586],[-87.51,19.3584],[-87.5101,19.3581],[-87.5099,19.3575],[-87.5097,19.3572],[-87.5093,19.3571],[-87.509,19.3569],[-87.5087,19.3566],[-87.5087,19.356],[-87.509,19.3559],[-87.5097,19.3559],[-87.51,19.356],[-87.5125,19.356],[-87.5128,19.3561],[-87.5135,19.3563],[-87.5141,19.3567],[-87.5146,19.357],[-87.515,19.3573],[-87.5151,19.3576],[-87.5152,19.3579],[-87.5152,19.3582],[-87.5149,19.3584],[-87.5149,19.3587],[-87.5148,19.359],[-87.5148,19.3593],[-87.515,19.3596],[-87.5151,19.3599],[-87.5154,19.3601],[-87.5156,19.3604],[-87.5158,19.3607],[-87.5161,19.361],[-87.5163,19.3613],[-87.5165,19.3616],[-87.5167,19.3619],[-87.5169,19.3622],[-87.5171,19.3625],[-87.5173,19.3628],[-87.5176,19.3631],[-87.5178,19.3634],[-87.518,19.3638],[-87.5181,19.3641],[-87.5181,19.3647],[-87.5179,19.3653],[-87.5177,19.3656],[-87.5176,19.3659],[-87.5173,19.3662],[-87.5174,19.3671],[-87.5175,19.3674],[-87.5176,19.3677],[-87.5178,19.3681],[-87.5178,19.3684],[-87.5179,19.3687],[-87.518,19.369],[-87.518,19.3693],[-87.5182,19.3696],[-87.5184,19.3699],[-87.5184,19.3708],[-87.5182,19.3711],[-87.518,19.3708],[-87.5177,19.3707],[-87.5175,19.3704],[-87.5171,19.3703],[-87.5168,19.37],[-87.5165,19.3698],[-87.5162,19.3696],[-87.5159,19.3694],[-87.5155,19.3691],[-87.5151,19.3688],[-87.5148,19.3687],[-87.5145,19.3685],[-87.5142,19.3684],[-87.5138,19.3681],[-87.5135,19.3679],[-87.5132,19.3678],[-87.5129,19.3676],[-87.5126,19.3674],[-87.5122,19.3671],[-87.5119,19.367],[-87.5116,19.3667],[-87.5113,19.3665],[-87.511,19.3663],[-87.5106,19.3661]]],[[[-87.5709,19.3982],[-87.5707,19.3981],[-87.5702,19.3981],[-87.57,19.3982],[-87.5698,19.3982],[-87.5697,19.398],[-87.5695,19.3979],[-87.5691,19.3978],[-87.5685,19.3977],[-87.5684,19.3977],[-87.5682,19.3975],[-87.568,19.3973],[-87.5678,19.3972],[-87.5676,19.397],[-87.5674,19.397],[-87.5672,19.3969],[-87.5671,19.3969],[-87.5669,19.3969],[-87.5663,19.397],[-87.5661,19.3971],[-87.5659,19.3973],[-87.5656,19.3973],[-87.5654,19.3973],[-87.5653,19.397],[-87.5653,19.3967],[-87.5653,19.3965],[-87.5653,19.3962],[-87.5653,19.3959],[-87.5653,19.3955],[-87.5652,19.3951],[-87.5652,19.3948],[-87.5653,19.3947],[-87.5654,19.3943],[-87.5655,19.3937],[-87.5661,19.3934],[-87.5665,19.3933],[-87.567,19.3932],[-87.5674,19.3932],[-87.5677,19.3935],[-87.5678,19.3938],[-87.5683,19.3937],[-87.5687,19.3937],[-87.5689,19.394],[-87.5692,19.3946],[-87.5692,19.3947],[-87.5694,19.3949],[-87.5698,19.3949],[-87.5701,19.3947],[-87.5705,19.3944],[-87.5708,19.3943],[-87.5713,19.3943],[-87.5716,19.3943],[-87.5718,19.3946],[-87.5721,19.3947],[-87.5722,19.3949],[-87.5722,19.395],[-87.5722,19.3952],[-87.5723,19.3954],[-87.5726,19.3956],[-87.5727,19.3957],[-87.5727,19.396],[-87.5727,19.3962],[-87.5726,19.3963],[-87.5726,19.3968],[-87.5727,19.3969],[-87.5729,19.397],[-87.573,19.397],[-87.5734,19.3969],[-87.5735,19.397],[-87.5735,19.3973],[-87.5734,19.3974],[-87.5734,19.3975],[-87.5733,19.3977],[-87.5733,19.398],[-87.5732,19.398],[-87.5731,19.398],[-87.5731,19.398],[-87.5729,19.398],[-87.5728,19.3981],[-87.5725,19.3982],[-87.5724,19.3983],[-87.5721,19.3983],[-87.5719,19.3982],[-87.5715,19.3982],[-87.5712,19.3983],[-87.5711,19.3983],[-87.5709,19.3982]]],[[[-87.5519,19.4128],[-87.5514,19.4122],[-87.5507,19.4129],[-87.5494,19.4124],[-87.5492,19.4118],[-87.55,19.4112],[-87.5494,19.4101],[-87.5487,19.4091],[-87.5495,19.4084],[-87.5507,19.4082],[-87.5519,19.4084],[-87.5528,19.4097],[-87.5537,19.4103],[-87.5546,19.41],[-87.5555,19.4107],[-87.5555,19.4117],[-87.5546,19.4127],[-87.5544,19.4137],[-87.5538,19.4139],[-87.553,19.4139],[-87.5519,19.4128]]],[[[-87.6591,19.5045],[-87.6596,19.504],[-87.6604,19.5046],[-87.6614,19.5043],[-87.6618,19.5047],[-87.6611,19.5055],[-87.6607,19.5063],[-87.6607,19.5074],[-87.6596,19.5079],[-87.6592,19.5075],[-87.6588,19.507],[-87.6585,19.5056],[-87.6591,19.5045]]],[[[-87.6606,19.5099],[-87.6616,19.5093],[-87.6619,19.5098],[-87.6613,19.5103],[-87.6606,19.5106],[-87.6601,19.511],[-87.6596,19.5116],[-87.6593,19.5125],[-87.659,19.5137],[-87.6589,19.5147],[-87.658,19.5156],[-87.6572,19.5156],[-87.6571,19.516],[-87.6574,19.5167],[-87.6573,19.5171],[-87.6565,19.5167],[-87.6564,19.5156],[-87.6566,19.5143],[-87.6572,19.5125],[-87.6578,19.5113],[-87.6588,19.5113],[-87.6594,19.5103],[-87.6606,19.5099]]],[[[-87.5759,19.5657],[-87.577,19.5647],[-87.5774,19.5652],[-87.5769,19.566],[-87.5761,19.5663],[-87.5759,19.5657]]],[[[-87.5671,19.5766],[-87.5674,19.5766],[-87.5675,19.5769],[-87.5675,19.5772],[-87.5672,19.5774],[-87.5669,19.5775],[-87.5663,19.5777],[-87.5662,19.5774],[-87.5663,19.5772],[-87.5665,19.577],[-87.5668,19.5767],[-87.5671,19.5766]]],[[[-87.6593,19.5874],[-87.6596,19.5874],[-87.66,19.5875],[-87.6601,19.5877],[-87.6601,19.5878],[-87.6599,19.5879],[-87.6597,19.588],[-87.6594,19.588],[-87.6593,19.5879],[-87.6591,19.5878],[-87.6591,19.5875],[-87.6593,19.5874]]],[[[-87.6999,19.591],[-87.6993,19.5909],[-87.6989,19.5909],[-87.6986,19.5909],[-87.6981,19.5906],[-87.6978,19.5905],[-87.6975,19.5906],[-87.6972,19.5905],[-87.6972,19.5901],[-87.6969,19.5898],[-87.6966,19.5898],[-87.6964,19.5896],[-87.696,19.5896],[-87.6957,19.5895],[-87.6955,19.5892],[-87.6953,19.5891],[-87.695,19.589],[-87.6947,19.589],[-87.6943,19.589],[-87.6941,19.5889],[-87.694,19.5887],[-87.6937,19.5887],[-87.6931,19.5887],[-87.6924,19.5887],[-87.6923,19.5883],[-87.6917,19.5882],[-87.6912,19.5882],[-87.6908,19.5882],[-87.6906,19.5879],[-87.6873,19.5878],[-87.6841,19.5876],[-87.6832,19.5876],[-87.6814,19.5876],[-87.6811,19.5877],[-87.6794,19.5877],[-87.6791,19.5878],[-87.6761,19.5878],[-87.6758,19.5877],[-87.6755,19.5877],[-87.6755,19.5874],[-87.6756,19.5871],[-87.6762,19.5871],[-87.6765,19.5872],[-87.6768,19.5873],[-87.6787,19.5873],[-87.6789,19.5874],[-87.6793,19.5873],[-87.6796,19.5873],[-87.68,19.5873],[-87.6805,19.5872],[-87.6807,19.5872],[-87.681,19.5872],[-87.6815,19.5871],[-87.682,19.5871],[-87.6828,19.587],[-87.6839,19.587],[-87.6853,19.5871],[-87.6861,19.5872],[-87.6867,19.5871],[-87.6876,19.5871],[-87.6885,19.5873],[-87.6904,19.5872],[-87.6926,19.5873],[-87.6947,19.5872],[-87.695,19.5873],[-87.6954,19.5874],[-87.6958,19.5875],[-87.6961,19.5875],[-87.6965,19.5876],[-87.6977,19.5876],[-87.698,19.5878],[-87.6983,19.588],[-87.6983,19.5883],[-87.6981,19.5886],[-87.6972,19.5886],[-87.697,19.5889],[-87.6971,19.5892],[-87.6976,19.5893],[-87.6982,19.5893],[-87.6987,19.5893],[-87.6992,19.5895],[-87.6995,19.5898],[-87.7,19.5897],[-87.7004,19.5898],[-87.7011,19.5898],[-87.7011,19.59],[-87.7025,19.5899],[-87.7035,19.5898],[-87.7042,19.5898],[-87.7044,19.5901],[-87.7051,19.5901],[-87.7055,19.59],[-87.7102,19.59],[-87.7105,19.5899],[-87.7125,19.5898],[-87.713,19.5897],[-87.713,19.5903],[-87.7124,19.5907],[-87.7121,19.5908],[-87.7055,19.5909],[-87.7051,19.591],[-87.7048,19.591],[-87.7043,19.5912],[-87.704,19.5913],[-87.7037,19.5916],[-87.7034,19.592],[-87.7032,19.5922],[-87.703,19.5926],[-87.7026,19.5926],[-87.7022,19.5925],[-87.7018,19.5922],[-87.7015,19.592],[-87.7011,19.5916],[-87.7008,19.5914],[-87.7005,19.5913],[-87.7002,19.5912],[-87.6999,19.591]]],[[[-87.6478,19.5867],[-87.6481,19.5867],[-87.6485,19.587],[-87.6484,19.5872],[-87.6482,19.5874],[-87.648,19.5875],[-87.6477,19.5876],[-87.6473,19.5876],[-87.647,19.5874],[-87.647,19.5871],[-87.6472,19.5869],[-87.6475,19.5868],[-87.6478,19.5867]]],[[[-87.5619,19.5801],[-87.5622,19.5801],[-87.5624,19.5801],[-87.5625,19.5802],[-87.5625,19.5803],[-87.5626,19.5804],[-87.5624,19.5805],[-87.5623,19.5807],[-87.5623,19.5808],[-87.5619,19.581],[-87.5615,19.5812],[-87.5614,19.5809],[-87.5616,19.5806],[-87.5617,19.5803],[-87.5619,19.5801]]],[[[-87.6382,19.5874],[-87.6385,19.5874],[-87.6388,19.5875],[-87.639,19.5878],[-87.6391,19.588],[-87.6386,19.5882],[-87.6384,19.5882],[-87.6382,19.5885],[-87.638,19.5886],[-87.6377,19.5889],[-87.6373,19.5891],[-87.6371,19.5893],[-87.6368,19.5893],[-87.6364,19.5893],[-87.636,19.5889],[-87.6359,19.5886],[-87.6363,19.588],[-87.6367,19.5879],[-87.6373,19.5877],[-87.6376,19.5876],[-87.6379,19.5874],[-87.6382,19.5874]]],[[[-87.5577,19.5833],[-87.558,19.5831],[-87.5582,19.5831],[-87.5583,19.5832],[-87.5584,19.5833],[-87.5586,19.5835],[-87.5585,19.5836],[-87.5585,19.5837],[-87.5583,19.5837],[-87.5582,19.5837],[-87.5577,19.5836],[-87.5577,19.5833]]],[[[-87.4965,19.5899],[-87.4975,19.5898],[-87.4993,19.5913],[-87.4993,19.5926],[-87.4977,19.5926],[-87.4965,19.5899]]],[[[-87.4903,19.5976],[-87.4918,19.5949],[-87.4939,19.5951],[-87.493,19.5972],[-87.492,19.5979],[-87.4908,19.5989],[-87.4903,19.5976]]],[[[-87.4621,19.5944],[-87.4632,19.5943],[-87.4639,19.5959],[-87.4647,19.5977],[-87.4635,19.5984],[-87.4623,19.5967],[-87.4626,19.5959],[-87.4621,19.5944]]],[[[-87.4554,19.5982],[-87.4546,19.597],[-87.4547,19.5965],[-87.4556,19.5958],[-87.4566,19.596],[-87.4583,19.5961],[-87.4587,19.5978],[-87.4574,19.5983],[-87.4566,19.5978],[-87.4554,19.5982]]],[[[-87.4924,19.6049],[-87.4913,19.6042],[-87.4899,19.6042],[-87.4887,19.6037],[-87.4868,19.6033],[-87.4847,19.6032],[-87.4838,19.6039],[-87.4832,19.6044],[-87.4827,19.603],[-87.4813,19.602],[-87.48,19.6018],[-87.4793,19.6024],[-87.4784,19.6023],[-87.4789,19.5998],[-87.48,19.5988],[-87.4812,19.599],[-87.4815,19.5974],[-87.4826,19.598],[-87.4837,19.5982],[-87.4846,19.5986],[-87.4841,19.5993],[-87.4835,19.6001],[-87.4832,19.6009],[-87.4833,19.6019],[-87.4839,19.6027],[-87.4847,19.6027],[-87.4847,19.6012],[-87.4851,19.6008],[-87.4868,19.6022],[-87.4877,19.6027],[-87.4884,19.6025],[-87.4896,19.6027],[-87.4909,19.6034],[-87.492,19.6033],[-87.4933,19.6038],[-87.4942,19.603],[-87.4944,19.6036],[-87.4938,19.6046],[-87.4939,19.6058],[-87.4932,19.6058],[-87.4924,19.6049]]],[[[-87.4629,19.6008],[-87.4622,19.5992],[-87.4627,19.5988],[-87.4638,19.5993],[-87.4647,19.6002],[-87.4654,19.6001],[-87.4666,19.5993],[-87.468,19.5994],[-87.4684,19.6001],[-87.47,19.6006],[-87.4712,19.6006],[-87.4726,19.6007],[-87.4725,19.6014],[-87.4715,19.6018],[-87.4715,19.602],[-87.4704,19.6014],[-87.4688,19.6014],[-87.4669,19.6009],[-87.4657,19.6013],[-87.4651,19.6021],[-87.4648,19.6033],[-87.4639,19.603],[-87.4638,19.601],[-87.4629,19.6008]]],[[[-87.519,19.6127],[-87.5186,19.6124],[-87.5179,19.6118],[-87.5191,19.6104],[-87.5197,19.61],[-87.5201,19.6099],[-87.5202,19.6096],[-87.5204,19.6092],[-87.5206,19.6088],[-87.5208,19.6085],[-87.521,19.6078],[-87.5211,19.6075],[-87.5211,19.6073],[-87.5211,19.6066],[-87.5209,19.6062],[-87.5214,19.6059],[-87.5222,19.6058],[-87.5224,19.6055],[-87.5227,19.6053],[-87.5228,19.6049],[-87.5234,19.6047],[-87.5235,19.6053],[-87.5235,19.6058],[-87.5232,19.6065],[-87.5229,19.6066],[-87.5226,19.6069],[-87.5223,19.6069],[-87.5221,19.6072],[-87.522,19.6075],[-87.5217,19.6077],[-87.5217,19.6078],[-87.5219,19.6082],[-87.5219,19.6084],[-87.5218,19.6089],[-87.5219,19.6091],[-87.5218,19.6094],[-87.5216,19.6096],[-87.5215,19.61],[-87.5219,19.61],[-87.5219,19.6103],[-87.5219,19.6105],[-87.522,19.6107],[-87.522,19.6113],[-87.5221,19.6116],[-87.5227,19.6116],[-87.5232,19.6117],[-87.5235,19.6124],[-87.5234,19.6129],[-87.523,19.6132],[-87.5226,19.6134],[-87.5222,19.613],[-87.5221,19.6128],[-87.522,19.6128],[-87.522,19.6129],[-87.5222,19.6135],[-87.5221,19.6136],[-87.521,19.6135],[-87.5202,19.6133],[-87.5196,19.6131],[-87.5193,19.6128],[-87.519,19.6127]]],[[[-87.4923,19.611],[-87.4939,19.6087],[-87.4943,19.6071],[-87.4951,19.607],[-87.4956,19.6078],[-87.496,19.6089],[-87.4956,19.6099],[-87.4948,19.6098],[-87.4928,19.6113],[-87.4923,19.611]]],[[[-87.464,19.6067],[-87.4639,19.6052],[-87.4651,19.6059],[-87.4664,19.607],[-87.4665,19.6089],[-87.4667,19.6109],[-87.467,19.6128],[-87.4661,19.6133],[-87.4651,19.6133],[-87.4651,19.6114],[-87.4652,19.6082],[-87.464,19.6067]]],[[[-87.6976,19.6431],[-87.6987,19.6423],[-87.6994,19.6426],[-87.6999,19.6438],[-87.7,19.645],[-87.6998,19.6456],[-87.6994,19.6462],[-87.6985,19.6462],[-87.6967,19.6455],[-87.6967,19.6445],[-87.6976,19.6431]]],[[[-87.515,19.6289],[-87.5152,19.628],[-87.5158,19.6275],[-87.5162,19.6272],[-87.5165,19.6271],[-87.5167,19.6273],[-87.517,19.6277],[-87.517,19.628],[-87.5173,19.628],[-87.5173,19.6279],[-87.5175,19.6278],[-87.5176,19.6277],[-87.5177,19.6274],[-87.518,19.627],[-87.5183,19.6267],[-87.5185,19.6264],[-87.5188,19.6261],[-87.519,19.6257],[-87.5194,19.6256],[-87.5196,19.6251],[-87.5198,19.6249],[-87.5198,19.6246],[-87.5198,19.6244],[-87.52,19.6228],[-87.5207,19.6232],[-87.5208,19.6237],[-87.5205,19.6247],[-87.5205,19.6252],[-87.5201,19.6259],[-87.52,19.6266],[-87.5198,19.6272],[-87.5195,19.6273],[-87.5193,19.6273],[-87.5192,19.6276],[-87.5191,19.6279],[-87.5193,19.6283],[-87.5191,19.6286],[-87.5187,19.6288],[-87.5184,19.6291],[-87.518,19.6293],[-87.5175,19.6293],[-87.5174,19.6291],[-87.5172,19.6292],[-87.517,19.6296],[-87.5166,19.6298],[-87.516,19.6297],[-87.5155,19.6294],[-87.515,19.6289]]],[[[-87.6741,19.6412],[-87.6758,19.641],[-87.6767,19.6414],[-87.6778,19.6414],[-87.6791,19.6416],[-87.6801,19.642],[-87.6814,19.6434],[-87.6816,19.6442],[-87.6814,19.6457],[-87.6809,19.6464],[-87.6802,19.647],[-87.6789,19.6467],[-87.6784,19.6461],[-87.6772,19.646],[-87.6758,19.6451],[-87.6748,19.6445],[-87.6736,19.6438],[-87.6733,19.6431],[-87.6733,19.6422],[-87.6741,19.6412]]],[[[-87.708,19.65],[-87.7076,19.6498],[-87.7069,19.6498],[-87.7065,19.6497],[-87.7062,19.6496],[-87.7059,19.6493],[-87.7055,19.6489],[-87.7051,19.6486],[-87.7048,19.6483],[-87.7044,19.648],[-87.7042,19.6477],[-87.7041,19.6473],[-87.704,19.6469],[-87.7039,19.6466],[-87.704,19.6463],[-87.7043,19.646],[-87.7046,19.6458],[-87.705,19.6456],[-87.7055,19.6455],[-87.7062,19.6455],[-87.7065,19.6456],[-87.7069,19.6456],[-87.7073,19.6456],[-87.7076,19.6457],[-87.708,19.6457],[-87.7083,19.6458],[-87.7087,19.6459],[-87.709,19.646],[-87.7094,19.6461],[-87.7098,19.6462],[-87.7102,19.6463],[-87.7105,19.6464],[-87.7109,19.6466],[-87.7112,19.6468],[-87.7116,19.6471],[-87.7119,19.6473],[-87.7123,19.6476],[-87.7126,19.6478],[-87.7133,19.6485],[-87.7135,19.6488],[-87.7131,19.6491],[-87.7128,19.6491],[-87.7125,19.6488],[-87.7122,19.6487],[-87.7118,19.6487],[-87.7115,19.649],[-87.7112,19.6493],[-87.7109,19.6496],[-87.7106,19.6497],[-87.7102,19.6499],[-87.7099,19.6499],[-87.7096,19.65],[-87.7096,19.6501],[-87.7085,19.6501],[-87.708,19.65]]],[[[-87.459,19.6944],[-87.4583,19.6939],[-87.4577,19.6932],[-87.4575,19.6926],[-87.4573,19.6922],[-87.4572,19.6917],[-87.4572,19.6915],[-87.4574,19.6915],[-87.4577,19.6911],[-87.4582,19.6908],[-87.4588,19.691],[-87.4593,19.6913],[-87.4595,19.6914],[-87.46,19.6916],[-87.4601,19.6919],[-87.4605,19.692],[-87.4606,19.6923],[-87.462,19.6924],[-87.4623,19.6925],[-87.4623,19.6927],[-87.4624,19.6929],[-87.4627,19.6932],[-87.4632,19.6934],[-87.4637,19.6938],[-87.4642,19.6941],[-87.4643,19.6947],[-87.4637,19.6946],[-87.463,19.6947],[-87.4626,19.6948],[-87.4623,19.6949],[-87.4622,19.6951],[-87.4621,19.6956],[-87.4617,19.6958],[-87.4612,19.6957],[-87.4608,19.6956],[-87.4604,19.6956],[-87.46,19.6955],[-87.4599,19.6951],[-87.4594,19.6947],[-87.459,19.6944]]],[[[-87.4663,19.6985],[-87.4661,19.6984],[-87.4654,19.6983],[-87.4651,19.6976],[-87.4656,19.6972],[-87.4656,19.6972],[-87.4656,19.6969],[-87.4655,19.6967],[-87.4654,19.6966],[-87.4653,19.6966],[-87.465,19.697],[-87.4647,19.6968],[-87.4643,19.6962],[-87.4649,19.696],[-87.465,19.6959],[-87.465,19.6956],[-87.4649,19.6952],[-87.4643,19.695],[-87.4645,19.6945],[-87.4644,19.6942],[-87.4643,19.6938],[-87.4653,19.6937],[-87.4656,19.6937],[-87.4661,19.6938],[-87.4665,19.6939],[-87.4671,19.6942],[-87.4674,19.6944],[-87.4677,19.6945],[-87.4682,19.6948],[-87.4684,19.6951],[-87.4685,19.6953],[-87.4685,19.6953],[-87.4685,19.6957],[-87.4686,19.6959],[-87.4685,19.696],[-87.4683,19.6962],[-87.4679,19.6963],[-87.4676,19.6965],[-87.4672,19.6968],[-87.4675,19.697],[-87.4674,19.6972],[-87.4671,19.6975],[-87.4669,19.6977],[-87.4672,19.698],[-87.4674,19.6981],[-87.4678,19.6983],[-87.4679,19.6985],[-87.4681,19.699],[-87.4676,19.6993],[-87.4669,19.6992],[-87.4665,19.6989],[-87.4663,19.6985]]],[[[-87.4759,19.7046],[-87.4755,19.7044],[-87.4751,19.7045],[-87.4748,19.7043],[-87.4746,19.7043],[-87.4744,19.7042],[-87.4742,19.7042],[-87.474,19.7042],[-87.4732,19.7043],[-87.4729,19.7043],[-87.4723,19.7043],[-87.472,19.7043],[-87.4714,19.7041],[-87.4706,19.7035],[-87.4703,19.7033],[-87.4699,19.7032],[-87.4697,19.7027],[-87.4692,19.7023],[-87.4686,19.7017],[-87.4686,19.7009],[-87.4688,19.7008],[-87.4691,19.7009],[-87.4692,19.7011],[-87.4696,19.701],[-87.4699,19.7012],[-87.4703,19.7013],[-87.47,19.7011],[-87.4697,19.7008],[-87.4693,19.7007],[-87.469,19.7004],[-87.4685,19.7004],[-87.4679,19.7],[-87.4683,19.6992],[-87.4687,19.6993],[-87.4689,19.6991],[-87.4693,19.6991],[-87.4694,19.6994],[-87.4698,19.6994],[-87.4713,19.6994],[-87.4716,19.6995],[-87.4719,19.6997],[-87.472,19.7],[-87.4725,19.7005],[-87.4727,19.7009],[-87.4727,19.7012],[-87.473,19.7014],[-87.473,19.7017],[-87.4734,19.7017],[-87.4737,19.702],[-87.474,19.7018],[-87.4746,19.7019],[-87.4749,19.7023],[-87.4752,19.7024],[-87.4755,19.7027],[-87.4757,19.7027],[-87.4764,19.7029],[-87.4766,19.703],[-87.4768,19.7029],[-87.4769,19.703],[-87.4772,19.703],[-87.4778,19.7033],[-87.4779,19.7036],[-87.478,19.7039],[-87.4782,19.7043],[-87.4781,19.7046],[-87.4779,19.705],[-87.4777,19.705],[-87.4772,19.705],[-87.4768,19.7048],[-87.4759,19.7046]]],[[[-87.4788,19.7038],[-87.4791,19.7038],[-87.4792,19.7039],[-87.4795,19.704],[-87.4796,19.7043],[-87.4795,19.7045],[-87.4796,19.7049],[-87.4794,19.7051],[-87.4791,19.7053],[-87.4786,19.7049],[-87.4785,19.7046],[-87.4784,19.7042],[-87.4784,19.704],[-87.4785,19.7039],[-87.4787,19.7038],[-87.4788,19.7038]]],[[[-87.5017,19.7115],[-87.5011,19.7112],[-87.5006,19.7112],[-87.4994,19.711],[-87.4992,19.711],[-87.4991,19.711],[-87.4978,19.7108],[-87.4976,19.7108],[-87.497,19.7105],[-87.4963,19.7102],[-87.4955,19.71],[-87.4947,19.7098],[-87.4942,19.7096],[-87.4938,19.7094],[-87.4935,19.7093],[-87.4933,19.7092],[-87.4925,19.709],[-87.492,19.7087],[-87.4915,19.7085],[-87.4909,19.7083],[-87.4905,19.7082],[-87.4902,19.7083],[-87.4897,19.7082],[-87.4888,19.708],[-87.4882,19.7079],[-87.4871,19.7076],[-87.4865,19.7077],[-87.486,19.7074],[-87.4853,19.7075],[-87.4848,19.7071],[-87.484,19.7069],[-87.4833,19.7066],[-87.4823,19.7062],[-87.482,19.7062],[-87.4816,19.7059],[-87.481,19.7056],[-87.4805,19.7056],[-87.4799,19.7052],[-87.4797,19.7049],[-87.4797,19.7046],[-87.4803,19.7044],[-87.4807,19.7043],[-87.4812,19.7042],[-87.482,19.7043],[-87.4824,19.7044],[-87.4828,19.7044],[-87.4831,19.7044],[-87.4838,19.7044],[-87.4841,19.7043],[-87.4845,19.7043],[-87.4847,19.7042],[-87.4865,19.7042],[-87.4873,19.7046],[-87.4879,19.7046],[-87.4886,19.7047],[-87.4897,19.7051],[-87.49,19.7051],[-87.4904,19.7052],[-87.491,19.7055],[-87.4915,19.7057],[-87.4925,19.7059],[-87.4932,19.706],[-87.4936,19.7061],[-87.494,19.7063],[-87.4944,19.7064],[-87.4947,19.7067],[-87.4951,19.707],[-87.496,19.7075],[-87.4964,19.708],[-87.4967,19.7081],[-87.4969,19.7082],[-87.4974,19.7083],[-87.4978,19.7084],[-87.498,19.7084],[-87.4987,19.7084],[-87.4998,19.7085],[-87.5005,19.7087],[-87.501,19.7089],[-87.5011,19.7091],[-87.5014,19.7092],[-87.5021,19.7091],[-87.5024,19.7093],[-87.5026,19.7093],[-87.5031,19.7093],[-87.5035,19.7093],[-87.5042,19.7094],[-87.5043,19.7097],[-87.5048,19.7096],[-87.505,19.7099],[-87.5054,19.7097],[-87.5057,19.7098],[-87.5059,19.71],[-87.506,19.7106],[-87.5056,19.7112],[-87.5035,19.7111],[-87.5031,19.7112],[-87.5028,19.7112],[-87.5021,19.7113],[-87.5017,19.7115]]],[[[-87.9827,20.3107],[-87.9752,20.2276],[-87.9735,20.2096],[-87.9223,20.2094],[-87.628,20.2065],[-87.628,20.1346],[-87.6105,20.1346],[-87.5416,20.1346],[-87.5252,20.1346],[-87.5147,20.1346],[-87.5,20.1345],[-87.5,20.1225],[-87.5,20.0],[-87.5,19.8071],[-87.5004,19.8067],[-87.5011,19.8068],[-87.5018,19.807],[-87.5027,19.8066],[-87.5032,19.8062],[-87.5037,19.8058],[-87.5042,19.8055],[-87.5048,19.8052],[-87.5051,19.805],[-87.5051,19.805],[-87.5053,19.8049],[-87.5055,19.8048],[-87.5055,19.8048],[-87.5058,19.8047],[-87.5063,19.8045],[-87.5068,19.8044],[-87.5079,19.8041],[-87.5079,19.804],[-87.5079,19.804],[-87.5084,19.8034],[-87.5087,19.803],[-87.5088,19.803],[-87.5092,19.8024],[-87.5094,19.8023],[-87.5097,19.8021],[-87.5098,19.8019],[-87.5103,19.8015],[-87.5108,19.8014],[-87.5114,19.8011],[-87.5119,19.8009],[-87.5124,19.8009],[-87.5129,19.8007],[-87.5134,19.8003],[-87.514,19.7998],[-87.5144,19.7994],[-87.5145,19.7992],[-87.5146,19.7991],[-87.5147,19.7991],[-87.5149,19.799],[-87.515,19.799],[-87.5152,19.7989],[-87.5155,19.7989],[-87.516,19.7989],[-87.516,19.799],[-87.5161,19.799],[-87.5167,19.7991],[-87.5171,19.7998],[-87.5177,19.8],[-87.5181,19.8003],[-87.5189,19.8005],[-87.5195,19.8006],[-87.5207,19.801],[-87.5216,19.8009],[-87.5221,19.8004],[-87.5226,19.7995],[-87.5235,19.7989],[-87.5244,19.798],[-87.5257,19.7967],[-87.5273,19.7963],[-87.5293,19.7962],[-87.5303,19.796],[-87.5316,19.7959],[-87.5333,19.7956],[-87.5346,19.7956],[-87.5356,19.7962],[-87.5377,19.797],[-87.539,19.7982],[-87.5402,19.7997],[-87.5442,19.7994],[-87.544,19.7992],[-87.5439,19.7991],[-87.5438,19.799],[-87.5438,19.799],[-87.5436,19.7988],[-87.5435,19.7987],[-87.5435,19.7985],[-87.5435,19.7983],[-87.5434,19.7983],[-87.5433,19.7981],[-87.5433,19.798],[-87.5432,19.798],[-87.5432,19.798],[-87.5431,19.7978],[-87.5431,19.7977],[-87.5431,19.7977],[-87.543,19.7975],[-87.5429,19.7973],[-87.5431,19.7972],[-87.5432,19.7971],[-87.5432,19.7971],[-87.5432,19.797],[-87.5432,19.7968],[-87.5432,19.7967],[-87.5434,19.7966],[-87.5434,19.7966],[-87.5435,19.7966],[-87.5436,19.7965],[-87.5437,19.7964],[-87.5439,19.7964],[-87.544,19.7963],[-87.5441,19.7962],[-87.5443,19.7961],[-87.5445,19.796],[-87.5448,19.7959],[-87.5448,19.7959],[-87.5449,19.7959],[-87.5451,19.7958],[-87.5452,19.7957],[-87.5453,19.7958],[-87.5454,19.7958],[-87.5455,19.7958],[-87.5457,19.7958],[-87.5458,19.7958],[-87.5459,19.7959],[-87.5462,19.7959],[-87.5463,19.796],[-87.5464,19.7961],[-87.5465,19.7962],[-87.5466,19.7963],[-87.5466,19.7964],[-87.5466,19.7966],[-87.5467,19.7967],[-87.5468,19.7967],[-87.5469,19.7969],[-87.5469,19.797],[-87.547,19.7971],[-87.5471,19.7972],[-87.5472,19.7975],[-87.5474,19.7975],[-87.5476,19.7976],[-87.548,19.7976],[-87.5483,19.7978],[-87.5485,19.7979],[-87.5487,19.798],[-87.5489,19.7981],[-87.5489,19.7983],[-87.549,19.7984],[-87.5492,19.7985],[-87.5493,19.7987],[-87.5493,19.7987],[-87.5495,19.7988],[-87.5495,19.7988],[-87.5496,19.7988],[-87.5498,19.7989],[-87.55,19.799],[-87.5503,19.7993],[-87.5504,19.7994],[-87.5506,19.7996],[-87.5507,19.7997],[-87.551,19.7997],[-87.5514,19.7997],[-87.5517,19.7997],[-87.5521,19.8],[-87.5522,19.8002],[-87.5523,19.8003],[-87.5524,19.8005],[-87.5525,19.8006],[-87.5526,19.8008],[-87.5526,19.801],[-87.5526,19.8011],[-87.5526,19.8013],[-87.5528,19.8016],[-87.5529,19.8019],[-87.5529,19.8021],[-87.553,19.8024],[-87.5529,19.8026],[-87.5528,19.8027],[-87.5527,19.8028],[-87.5526,19.8031],[-87.5526,19.8033],[-87.5525,19.8033],[-87.5523,19.8035],[-87.5523,19.8035],[-87.5522,19.8035],[-87.5521,19.8035],[-87.552,19.8035],[-87.5519,19.8033],[-87.5519,19.8034],[-87.5519,19.8037],[-87.5519,19.8041],[-87.552,19.8042],[-87.552,19.8043],[-87.552,19.8045],[-87.5518,19.8046],[-87.5517,19.8046],[-87.5516,19.8047],[-87.5516,19.8048],[-87.5516,19.805],[-87.5517,19.8051],[-87.5518,19.8052],[-87.5518,19.8053],[-87.5518,19.8053],[-87.5519,19.8053],[-87.5519,19.8054],[-87.5521,19.8055],[-87.5522,19.8056],[-87.5522,19.8056],[-87.5522,19.8057],[-87.5521,19.806],[-87.5522,19.8061],[-87.5522,19.8063],[-87.5523,19.8064],[-87.5524,19.8066],[-87.5525,19.8069],[-87.5525,19.807],[-87.5527,19.807],[-87.5527,19.8072],[-87.5528,19.8072],[-87.5529,19.8074],[-87.5531,19.8077],[-87.5534,19.808],[-87.5536,19.8082],[-87.5539,19.8084],[-87.5541,19.8085],[-87.5546,19.8085],[-87.5549,19.8084],[-87.5558,19.8082],[-87.556,19.8081],[-87.5563,19.808],[-87.5568,19.8078],[-87.5571,19.8077],[-87.5578,19.8073],[-87.5586,19.8069],[-87.5592,19.8065],[-87.5598,19.8061],[-87.5606,19.8056],[-87.5608,19.8055],[-87.5609,19.8055],[-87.561,19.8054],[-87.5612,19.8053],[-87.5613,19.8052],[-87.5614,19.8051],[-87.5615,19.8051],[-87.5616,19.8049],[-87.5619,19.8048],[-87.5622,19.8044],[-87.5624,19.8042],[-87.5625,19.8041],[-87.5627,19.804],[-87.5627,19.8039],[-87.5628,19.8038],[-87.5629,19.8037],[-87.563,19.8035],[-87.5631,19.8035],[-87.5634,19.8031],[-87.5646,19.8016],[-87.5654,19.8005],[-87.5662,19.7994],[-87.5664,19.7991],[-87.5665,19.7989],[-87.5665,19.7988],[-87.5666,19.7986],[-87.5669,19.7982],[-87.5673,19.7974],[-87.5673,19.7974],[-87.5673,19.7973],[-87.5674,19.7971],[-87.5674,19.7971],[-87.5674,19.7971],[-87.5675,19.797],[-87.5681,19.7964],[-87.5682,19.7963],[-87.5682,19.7962],[-87.5684,19.796],[-87.5685,19.7959],[-87.569,19.7958],[-87.5695,19.7957],[-87.5695,19.7957],[-87.5696,19.7957],[-87.5697,19.7957],[-87.5698,19.7957],[-87.57,19.7956],[-87.5706,19.7955],[-87.5707,19.7955],[-87.5707,19.7954],[-87.5709,19.7953],[-87.5709,19.7953],[-87.5715,19.7948],[-87.5718,19.7946],[-87.5718,19.7945],[-87.5718,19.7945],[-87.5721,19.7943],[-87.5726,19.7938],[-87.5727,19.7938],[-87.5729,19.7937],[-87.573,19.7937],[-87.5731,19.7937],[-87.5732,19.7938],[-87.5735,19.7937],[-87.5735,19.7937],[-87.5736,19.7937],[-87.5737,19.7935],[-87.5739,19.7934],[-87.574,19.7933],[-87.5741,19.7933],[-87.5742,19.7933],[-87.5742,19.7933],[-87.5742,19.7934],[-87.5742,19.7934],[-87.5742,19.7934],[-87.5743,19.7934],[-87.5744,19.7933],[-87.5746,19.7933],[-87.5747,19.7932],[-87.5748,19.7931],[-87.5749,19.7929],[-87.5751,19.7927],[-87.5753,19.7926],[-87.5757,19.7923],[-87.5761,19.7921],[-87.5763,19.7919],[-87.5766,19.7916],[-87.5766,19.7916],[-87.5766,19.7916],[-87.5766,19.7916],[-87.577,19.7913],[-87.5773,19.7911],[-87.5777,19.7909],[-87.5782,19.7907],[-87.5783,19.7906],[-87.5785,19.7904],[-87.5787,19.7903],[-87.5789,19.7899],[-87.5789,19.7898],[-87.5792,19.7894],[-87.5796,19.7889],[-87.5797,19.7887],[-87.5798,19.7886],[-87.5799,19.7883],[-87.58,19.7882],[-87.5801,19.788],[-87.5804,19.7877],[-87.5808,19.7871],[-87.5812,19.7864],[-87.5814,19.786],[-87.5815,19.7859],[-87.5817,19.7856],[-87.5817,19.7854],[-87.5818,19.7851],[-87.582,19.7844],[-87.5822,19.7838],[-87.5823,19.7837],[-87.5823,19.7836],[-87.5823,19.7836],[-87.5825,19.7834],[-87.5828,19.7829],[-87.5831,19.7824],[-87.5835,19.7818],[-87.5837,19.7814],[-87.5838,19.7811],[-87.5839,19.7808],[-87.5839,19.7807],[-87.5839,19.7806],[-87.5839,19.7805],[-87.584,19.7804],[-87.584,19.7802],[-87.5842,19.7799],[-87.5842,19.7797],[-87.5843,19.7796],[-87.5844,19.7795],[-87.5847,19.7791],[-87.5847,19.779],[-87.5847,19.7789],[-87.585,19.7785],[-87.5853,19.7779],[-87.5857,19.7774],[-87.586,19.7765],[-87.5862,19.7759],[-87.5863,19.7756],[-87.5863,19.7754],[-87.5863,19.7752],[-87.5864,19.7751],[-87.5864,19.775],[-87.5865,19.7749],[-87.5867,19.7747],[-87.5869,19.7744],[-87.587,19.7744],[-87.587,19.7743],[-87.587,19.7742],[-87.5871,19.7741],[-87.587,19.774],[-87.587,19.7739],[-87.5869,19.7738],[-87.5867,19.7734],[-87.5867,19.7733],[-87.5866,19.7732],[-87.5862,19.7728],[-87.586,19.7726],[-87.5858,19.7725],[-87.5857,19.7724],[-87.5856,19.7723],[-87.5852,19.7719],[-87.5854,19.7719],[-87.5854,19.7719],[-87.5854,19.7719],[-87.5855,19.7719],[-87.5856,19.7719],[-87.5857,19.7719],[-87.5857,19.7719],[-87.5859,19.772],[-87.5861,19.7721],[-87.5864,19.7721],[-87.5866,19.772],[-87.587,19.772],[-87.5875,19.772],[-87.5876,19.772],[-87.5878,19.7719],[-87.5881,19.7716],[-87.5882,19.7713],[-87.5883,19.771],[-87.5884,19.771],[-87.5884,19.771],[-87.5885,19.7709],[-87.5886,19.7708],[-87.5888,19.7705],[-87.5889,19.7704],[-87.589,19.7703],[-87.589,19.7702],[-87.5892,19.7697],[-87.5895,19.7692],[-87.5898,19.7687],[-87.5902,19.7682],[-87.5902,19.7682],[-87.5902,19.7682],[-87.5903,19.768],[-87.5904,19.768],[-87.5906,19.7678],[-87.5907,19.7677],[-87.5909,19.7676],[-87.5909,19.7675],[-87.5912,19.7671],[-87.5913,19.767],[-87.5913,19.767],[-87.5914,19.7668],[-87.5915,19.7666],[-87.5919,19.7661],[-87.5924,19.7658],[-87.5928,19.7655],[-87.5935,19.7651],[-87.5936,19.765],[-87.5938,19.7649],[-87.594,19.7646],[-87.5943,19.7644],[-87.5945,19.7641],[-87.5948,19.7637],[-87.5948,19.7636],[-87.595,19.7633],[-87.5951,19.7631],[-87.5953,19.7628],[-87.5955,19.7626],[-87.5955,19.7625],[-87.5956,19.7623],[-87.5957,19.7621],[-87.5958,19.762],[-87.5958,19.762],[-87.5958,19.7618],[-87.596,19.7616],[-87.5962,19.7615],[-87.5962,19.7615],[-87.5963,19.7613],[-87.5965,19.7609],[-87.5966,19.7609],[-87.5966,19.7608],[-87.5967,19.7608],[-87.5967,19.7605],[-87.5969,19.7603],[-87.597,19.76],[-87.5971,19.7597],[-87.5972,19.7595],[-87.5973,19.7593],[-87.5975,19.7592],[-87.5976,19.759],[-87.5977,19.7589],[-87.5978,19.7586],[-87.5979,19.7584],[-87.5981,19.7583],[-87.5986,19.7577],[-87.599,19.7571],[-87.5994,19.7564],[-87.5996,19.7561],[-87.5997,19.7558],[-87.5998,19.7555],[-87.5999,19.7555],[-87.6,19.7551],[-87.6001,19.7549],[-87.6002,19.7546],[-87.6007,19.7536],[-87.6009,19.7532],[-87.6009,19.7531],[-87.601,19.753],[-87.6011,19.7528],[-87.6011,19.7527],[-87.6012,19.7526],[-87.6012,19.7525],[-87.6014,19.7522],[-87.6015,19.7521],[-87.6016,19.7518],[-87.6017,19.7514],[-87.6018,19.7514],[-87.6019,19.7513],[-87.6021,19.751],[-87.6022,19.7507],[-87.6024,19.7504],[-87.6025,19.7503],[-87.6026,19.75],[-87.6028,19.7496],[-87.6028,19.7495],[-87.6028,19.7495],[-87.6028,19.7495],[-87.6031,19.7489],[-87.6032,19.7486],[-87.6032,19.7484],[-87.6033,19.7481],[-87.6033,19.7481],[-87.6036,19.7472],[-87.6038,19.7466],[-87.6039,19.7461],[-87.6039,19.7459],[-87.6041,19.7453],[-87.6043,19.7448],[-87.6043,19.7448],[-87.6043,19.7447],[-87.6043,19.7446],[-87.6045,19.744],[-87.6045,19.744],[-87.6046,19.7435],[-87.6049,19.7433],[-87.605,19.743],[-87.6052,19.7427],[-87.6054,19.7423],[-87.6056,19.742],[-87.6057,19.7417],[-87.6057,19.7415],[-87.6058,19.7413],[-87.6058,19.7411],[-87.6059,19.741],[-87.6061,19.7406],[-87.6061,19.7404],[-87.6063,19.7399],[-87.6063,19.7397],[-87.6064,19.7393],[-87.6064,19.7393],[-87.6065,19.739],[-87.6067,19.7388],[-87.6068,19.7387],[-87.6071,19.7385],[-87.6073,19.7386],[-87.6073,19.7386],[-87.6074,19.7385],[-87.6079,19.7383],[-87.6081,19.7382],[-87.6083,19.7381],[-87.6088,19.7375],[-87.609,19.7371],[-87.609,19.7369],[-87.6092,19.7366],[-87.6092,19.7366],[-87.6094,19.7364],[-87.6095,19.7361],[-87.6097,19.7358],[-87.6097,19.7355],[-87.6099,19.7354],[-87.6099,19.7354],[-87.6101,19.7349],[-87.6102,19.7347],[-87.6103,19.7346],[-87.6103,19.7345],[-87.6104,19.7342],[-87.6105,19.7339],[-87.6107,19.7332],[-87.6108,19.7329],[-87.611,19.7326],[-87.6114,19.7319],[-87.6115,19.7316],[-87.6117,19.7315],[-87.6118,19.7313],[-87.612,19.7311],[-87.6121,19.7308],[-87.6123,19.7305],[-87.6126,19.7301],[-87.6129,19.7299],[-87.613,19.7296],[-87.6132,19.7293],[-87.6132,19.7293],[-87.6132,19.7292],[-87.6133,19.7291],[-87.6134,19.7289],[-87.6134,19.7287],[-87.6136,19.7283],[-87.6138,19.7281],[-87.6139,19.7278],[-87.6139,19.7277],[-87.6139,19.7277],[-87.6139,19.7277],[-87.6142,19.7272],[-87.6145,19.7266],[-87.6148,19.7261],[-87.6151,19.7255],[-87.6152,19.7253],[-87.6155,19.7248],[-87.6156,19.7246],[-87.6161,19.7239],[-87.6164,19.7235],[-87.6169,19.7232],[-87.6171,19.7229],[-87.6174,19.7226],[-87.6175,19.7222],[-87.6179,19.7219],[-87.6181,19.7217],[-87.6182,19.7215],[-87.6182,19.7213],[-87.6184,19.7209],[-87.6185,19.7208],[-87.6186,19.7207],[-87.6187,19.7206],[-87.6188,19.7204],[-87.6189,19.7201],[-87.619,19.7199],[-87.6191,19.7198],[-87.6192,19.7196],[-87.6193,19.7196],[-87.6195,19.7194],[-87.6196,19.7194],[-87.6196,19.7194],[-87.6198,19.7194],[-87.6202,19.7194],[-87.6204,19.7194],[-87.6205,19.7193],[-87.6206,19.7193],[-87.6208,19.7191],[-87.6211,19.719],[-87.6213,19.7188],[-87.6216,19.7187],[-87.6219,19.7184],[-87.6222,19.7182],[-87.6223,19.7181],[-87.6226,19.7178],[-87.6228,19.7176],[-87.623,19.7173],[-87.6232,19.7172],[-87.6233,19.7171],[-87.6236,19.7167],[-87.6239,19.7164],[-87.624,19.7162],[-87.6242,19.7159],[-87.6244,19.7157],[-87.6246,19.7154],[-87.6247,19.7153],[-87.625,19.7149],[-87.6251,19.7147],[-87.6254,19.7146],[-87.6255,19.7145],[-87.6257,19.7142],[-87.6259,19.7139],[-87.6261,19.7137],[-87.6262,19.7136],[-87.6263,19.7134],[-87.6265,19.7132],[-87.6266,19.713],[-87.6267,19.7129],[-87.6269,19.7127],[-87.6269,19.7126],[-87.6271,19.7125],[-87.6272,19.7122],[-87.6277,19.7117],[-87.6278,19.7115],[-87.628,19.7113],[-87.6281,19.711],[-87.6283,19.7108],[-87.6286,19.7106],[-87.6287,19.7104],[-87.6288,19.7101],[-87.6288,19.7101],[-87.629,19.7099],[-87.6292,19.7097],[-87.6293,19.7096],[-87.6293,19.7096],[-87.6293,19.7096],[-87.6293,19.7094],[-87.6294,19.7092],[-87.6295,19.7091],[-87.6296,19.7091],[-87.6297,19.7089],[-87.6297,19.7087],[-87.6298,19.7086],[-87.6298,19.7084],[-87.6298,19.7083],[-87.6298,19.7082],[-87.6301,19.7077],[-87.6302,19.7076],[-87.6303,19.7072],[-87.6304,19.7069],[-87.6305,19.7067],[-87.6306,19.7064],[-87.6306,19.7063],[-87.6306,19.7062],[-87.6306,19.7061],[-87.6308,19.7057],[-87.6309,19.7055],[-87.6309,19.7052],[-87.631,19.7048],[-87.6312,19.7046],[-87.6313,19.7045],[-87.6314,19.7043],[-87.6316,19.704],[-87.6319,19.7036],[-87.632,19.7033],[-87.6323,19.7029],[-87.6326,19.7026],[-87.6326,19.7023],[-87.6327,19.702],[-87.6329,19.7018],[-87.6331,19.7015],[-87.6332,19.7012],[-87.6336,19.7006],[-87.6337,19.7002],[-87.6339,19.6999],[-87.6339,19.6997],[-87.6341,19.6995],[-87.6342,19.6992],[-87.6345,19.6988],[-87.6347,19.6984],[-87.6349,19.6981],[-87.6353,19.6979],[-87.6357,19.6976],[-87.636,19.6973],[-87.6362,19.6971],[-87.6364,19.6969],[-87.6367,19.6965],[-87.6369,19.6963],[-87.6371,19.6961],[-87.6372,19.6958],[-87.6374,19.6955],[-87.6375,19.6954],[-87.6376,19.6951],[-87.6379,19.6949],[-87.638,19.6948],[-87.6384,19.6945],[-87.6387,19.6944],[-87.639,19.6942],[-87.639,19.6942],[-87.639,19.6942],[-87.6391,19.6939],[-87.6394,19.6936],[-87.6394,19.6936],[-87.6396,19.6933],[-87.6397,19.6932],[-87.6397,19.6931],[-87.6397,19.6931],[-87.6398,19.693],[-87.6402,19.6923],[-87.6402,19.6922],[-87.6402,19.6922],[-87.6402,19.6922],[-87.6405,19.6919],[-87.6409,19.6914],[-87.6411,19.6911],[-87.6414,19.6907],[-87.6417,19.6901],[-87.6417,19.6901],[-87.6418,19.6899],[-87.6419,19.6898],[-87.6419,19.6895],[-87.6421,19.6891],[-87.6423,19.6888],[-87.6424,19.6886],[-87.6425,19.6882],[-87.6428,19.6881],[-87.6428,19.688],[-87.6431,19.6874],[-87.6431,19.6873],[-87.6433,19.6868],[-87.6434,19.6868],[-87.6434,19.6867],[-87.6437,19.6859],[-87.6438,19.6856],[-87.6439,19.6853],[-87.644,19.6851],[-87.6442,19.6846],[-87.6442,19.6846],[-87.6443,19.6841],[-87.6444,19.6839],[-87.6447,19.6832],[-87.6448,19.6828],[-87.6451,19.6819],[-87.6453,19.6813],[-87.6454,19.6809],[-87.6456,19.6805],[-87.6457,19.68],[-87.6458,19.6795],[-87.646,19.6791],[-87.646,19.6789],[-87.6461,19.6784],[-87.6463,19.678],[-87.6463,19.6779],[-87.6464,19.6776],[-87.6465,19.677],[-87.6466,19.6768],[-87.6467,19.6764],[-87.6468,19.6758],[-87.647,19.675],[-87.647,19.6747],[-87.6471,19.6746],[-87.6472,19.674],[-87.6474,19.6732],[-87.6475,19.6728],[-87.6476,19.6722],[-87.6477,19.672],[-87.6477,19.6715],[-87.6478,19.6712],[-87.6478,19.671],[-87.6479,19.6707],[-87.648,19.6699],[-87.6481,19.6696],[-87.6482,19.6692],[-87.6483,19.6684],[-87.6484,19.6677],[-87.6486,19.6674],[-87.6486,19.6673],[-87.6487,19.6672],[-87.6487,19.6669],[-87.6488,19.6665],[-87.6489,19.6663],[-87.649,19.6661],[-87.6491,19.6656],[-87.6492,19.6652],[-87.6492,19.6648],[-87.6493,19.6646],[-87.6494,19.6641],[-87.6494,19.664],[-87.6494,19.6639],[-87.6495,19.6634],[-87.6495,19.6631],[-87.6496,19.6628],[-87.6496,19.6625],[-87.6497,19.6621],[-87.6497,19.6617],[-87.6499,19.6612],[-87.6499,19.6612],[-87.6501,19.6607],[-87.6501,19.6603],[-87.6502,19.6601],[-87.6504,19.6598],[-87.6505,19.6597],[-87.6505,19.6596],[-87.6506,19.6591],[-87.6508,19.6583],[-87.6508,19.6579],[-87.651,19.6572],[-87.6511,19.6564],[-87.6512,19.656],[-87.6513,19.6555],[-87.6514,19.6551],[-87.6517,19.6546],[-87.6518,19.6544],[-87.6518,19.654],[-87.652,19.6537],[-87.652,19.6533],[-87.6523,19.6528],[-87.6525,19.652],[-87.6526,19.6509],[-87.6527,19.6507],[-87.6528,19.6502],[-87.6529,19.65],[-87.6529,19.6499],[-87.6529,19.6498],[-87.6531,19.6495],[-87.6532,19.6495],[-87.6532,19.6492],[-87.6534,19.6486],[-87.6536,19.648],[-87.654,19.6472],[-87.6541,19.6467],[-87.6542,19.6465],[-87.6547,19.6457],[-87.6548,19.6453],[-87.655,19.6443],[-87.6552,19.6437],[-87.6553,19.6433],[-87.6554,19.643],[-87.6555,19.6428],[-87.6555,19.6428],[-87.6555,19.6428],[-87.6556,19.6427],[-87.6556,19.6426],[-87.6557,19.6425],[-87.6558,19.6422],[-87.6559,19.6419],[-87.6559,19.6418],[-87.6561,19.6411],[-87.6565,19.6402],[-87.6568,19.6392],[-87.6571,19.6384],[-87.6572,19.638],[-87.6573,19.6378],[-87.6573,19.6375],[-87.6575,19.637],[-87.6575,19.6368],[-87.6577,19.636],[-87.658,19.6356],[-87.6581,19.6355],[-87.6584,19.6351],[-87.6586,19.6346],[-87.6587,19.6343],[-87.6587,19.6341],[-87.6589,19.6336],[-87.6593,19.6327],[-87.6595,19.6321],[-87.6599,19.6316],[-87.6602,19.6313],[-87.6602,19.6311],[-87.6604,19.6309],[-87.661,19.6298],[-87.6611,19.6294],[-87.6614,19.6288],[-87.6618,19.6284],[-87.6618,19.6283],[-87.6621,19.6277],[-87.6625,19.627],[-87.6626,19.6268],[-87.6628,19.6261],[-87.6629,19.6259],[-87.6634,19.6248],[-87.6634,19.6246],[-87.6635,19.6245],[-87.6638,19.6237],[-87.6639,19.6235],[-87.6642,19.6227],[-87.6646,19.6219],[-87.6649,19.621],[-87.6651,19.6206],[-87.6652,19.6203],[-87.6652,19.6202],[-87.6654,19.6195],[-87.6659,19.6185],[-87.6661,19.6178],[-87.6664,19.6172],[-87.6668,19.6165],[-87.6673,19.616],[-87.6673,19.616],[-87.6675,19.6157],[-87.6684,19.6153],[-87.6694,19.615],[-87.6707,19.6147],[-87.6721,19.6147],[-87.6722,19.6147],[-87.6729,19.6145],[-87.6732,19.6144],[-87.674,19.6143],[-87.6747,19.6143],[-87.6752,19.6142],[-87.6758,19.6142],[-87.676,19.6143],[-87.6763,19.6147],[-87.6766,19.6148],[-87.6772,19.6147],[-87.678,19.6145],[-87.6788,19.6145],[-87.6793,19.6146],[-87.6795,19.6147],[-87.6798,19.6151],[-87.6803,19.6151],[-87.6807,19.6153],[-87.6809,19.6154],[-87.681,19.6155],[-87.6806,19.6155],[-87.6804,19.6154],[-87.6802,19.6153],[-87.68,19.6153],[-87.68,19.6154],[-87.6803,19.6161],[-87.6803,19.6165],[-87.6802,19.6167],[-87.6802,19.617],[-87.6804,19.6171],[-87.6805,19.6173],[-87.681,19.6175],[-87.6811,19.6178],[-87.6812,19.6181],[-87.6815,19.6183],[-87.6816,19.6184],[-87.682,19.6186],[-87.6823,19.6187],[-87.6826,19.6189],[-87.6826,19.6191],[-87.6828,19.6192],[-87.683,19.6194],[-87.6832,19.6195],[-87.6835,19.6196],[-87.6836,19.6198],[-87.6836,19.62],[-87.6837,19.6202],[-87.6838,19.6203],[-87.684,19.6204],[-87.6841,19.6205],[-87.6841,19.6206],[-87.6842,19.621],[-87.684,19.6215],[-87.6836,19.6217],[-87.6834,19.6217],[-87.683,19.6216],[-87.6828,19.6215],[-87.6827,19.6214],[-87.6827,19.6214],[-87.6826,19.6213],[-87.6825,19.6212],[-87.6823,19.6206],[-87.6823,19.6206],[-87.6823,19.6206],[-87.6823,19.6206],[-87.6823,19.6205],[-87.6823,19.6205],[-87.6821,19.6203],[-87.6818,19.6202],[-87.6816,19.6201],[-87.6816,19.6201],[-87.6813,19.62],[-87.6807,19.6201],[-87.6806,19.6201],[-87.6804,19.6201],[-87.6802,19.6201],[-87.6801,19.6201],[-87.6799,19.6201],[-87.6799,19.6201],[-87.6797,19.6204],[-87.6799,19.6206],[-87.6802,19.6208],[-87.6804,19.621],[-87.6804,19.6213],[-87.6803,19.6213],[-87.6802,19.6213],[-87.6801,19.6212],[-87.6799,19.6211],[-87.6799,19.6212],[-87.6797,19.6212],[-87.6796,19.6212],[-87.6793,19.6212],[-87.6791,19.6211],[-87.6786,19.621],[-87.6782,19.6209],[-87.6781,19.6209],[-87.6779,19.6209],[-87.6776,19.6208],[-87.6772,19.6209],[-87.6769,19.6209],[-87.6768,19.621],[-87.6767,19.6211],[-87.6766,19.6211],[-87.6764,19.6213],[-87.6768,19.6217],[-87.6774,19.622],[-87.678,19.6221],[-87.6787,19.6221],[-87.6792,19.622],[-87.6801,19.6221],[-87.6806,19.6223],[-87.681,19.6224],[-87.6815,19.6223],[-87.6822,19.6226],[-87.6825,19.6229],[-87.6829,19.6231],[-87.6833,19.6232],[-87.6835,19.6234],[-87.6836,19.6237],[-87.6838,19.6238],[-87.684,19.6239],[-87.6845,19.6239],[-87.6849,19.6239],[-87.6851,19.6241],[-87.6853,19.6243],[-87.6859,19.6244],[-87.6863,19.6246],[-87.6865,19.625],[-87.6867,19.6252],[-87.6871,19.6252],[-87.6874,19.6253],[-87.6876,19.6253],[-87.6881,19.6255],[-87.6885,19.6257],[-87.6889,19.6258],[-87.689,19.626],[-87.6893,19.6261],[-87.6894,19.6262],[-87.6892,19.6267],[-87.6891,19.6266],[-87.6891,19.6269],[-87.6891,19.6272],[-87.689,19.6273],[-87.6888,19.6275],[-87.6886,19.6275],[-87.6884,19.6276],[-87.6884,19.6278],[-87.6883,19.6279],[-87.688,19.6279],[-87.6878,19.6279],[-87.6877,19.628],[-87.6875,19.628],[-87.6873,19.6279],[-87.6871,19.6279],[-87.6867,19.6278],[-87.6866,19.6274],[-87.6866,19.6272],[-87.6865,19.6272],[-87.6865,19.6271],[-87.6864,19.6271],[-87.6861,19.6267],[-87.6861,19.6267],[-87.6858,19.6265],[-87.6855,19.6264],[-87.6851,19.6263],[-87.6849,19.6262],[-87.6849,19.6262],[-87.6847,19.6261],[-87.6844,19.626],[-87.6843,19.626],[-87.684,19.6258],[-87.6839,19.6257],[-87.6838,19.6257],[-87.6836,19.6255],[-87.6833,19.6254],[-87.683,19.6253],[-87.6829,19.6253],[-87.6825,19.6253],[-87.6819,19.6252],[-87.6816,19.6251],[-87.6814,19.6251],[-87.6811,19.625],[-87.6809,19.625],[-87.6808,19.6249],[-87.6807,19.6249],[-87.6805,19.625],[-87.6802,19.625],[-87.6799,19.625],[-87.6791,19.625],[-87.6786,19.625],[-87.6786,19.625],[-87.6785,19.625],[-87.6783,19.625],[-87.678,19.625],[-87.6779,19.6249],[-87.6777,19.625],[-87.6776,19.625],[-87.6774,19.625],[-87.6769,19.625],[-87.6768,19.625],[-87.6764,19.6251],[-87.676,19.6253],[-87.6761,19.6256],[-87.6764,19.6257],[-87.6764,19.6257],[-87.6765,19.6256],[-87.6764,19.6253],[-87.6765,19.6253],[-87.6765,19.6256],[-87.6764,19.6257],[-87.6765,19.6261],[-87.6763,19.6262],[-87.6759,19.6262],[-87.6755,19.6262],[-87.6751,19.6262],[-87.6747,19.6262],[-87.6745,19.6261],[-87.6744,19.626],[-87.6743,19.626],[-87.6742,19.6259],[-87.6741,19.6259],[-87.6738,19.6258],[-87.6737,19.6257],[-87.6735,19.6257],[-87.6733,19.6257],[-87.6732,19.6257],[-87.673,19.6258],[-87.6729,19.6259],[-87.6728,19.6259],[-87.6727,19.6259],[-87.6726,19.6257],[-87.6724,19.6257],[-87.6723,19.6258],[-87.6722,19.6258],[-87.6719,19.626],[-87.6716,19.6263],[-87.6713,19.6264],[-87.6712,19.6265],[-87.671,19.6268],[-87.6709,19.627],[-87.6707,19.6271],[-87.6705,19.6272],[-87.6703,19.6272],[-87.67,19.6271],[-87.67,19.6271],[-87.67,19.6271],[-87.6695,19.6271],[-87.6691,19.6272],[-87.669,19.6275],[-87.6694,19.6277],[-87.67,19.6278],[-87.6708,19.6278],[-87.6713,19.6279],[-87.6723,19.6281],[-87.6735,19.6281],[-87.6736,19.6282],[-87.6736,19.6282],[-87.6738,19.6283],[-87.674,19.6284],[-87.674,19.6284],[-87.6744,19.6285],[-87.675,19.6287],[-87.6755,19.6288],[-87.6761,19.6289],[-87.677,19.6291],[-87.6776,19.6291],[-87.6779,19.629],[-87.6779,19.6289],[-87.6779,19.6289],[-87.6779,19.6287],[-87.6778,19.6286],[-87.6777,19.6286],[-87.6776,19.6286],[-87.6777,19.6285],[-87.6778,19.6284],[-87.6779,19.6284],[-87.6779,19.6285],[-87.6781,19.6287],[-87.6782,19.6287],[-87.6782,19.6285],[-87.6783,19.6284],[-87.6783,19.6284],[-87.6785,19.6281],[-87.6785,19.628],[-87.6789,19.6279],[-87.679,19.6279],[-87.679,19.6279],[-87.6791,19.6279],[-87.6796,19.628],[-87.6799,19.6281],[-87.6799,19.6286],[-87.6798,19.6289],[-87.6795,19.6289],[-87.6794,19.6289],[-87.6792,19.6288],[-87.6792,19.6288],[-87.6792,19.6288],[-87.6792,19.6289],[-87.6791,19.629],[-87.6791,19.6291],[-87.6789,19.6293],[-87.6787,19.6295],[-87.6787,19.6296],[-87.6779,19.6297],[-87.6771,19.6296],[-87.6769,19.6295],[-87.6769,19.6295],[-87.6766,19.6295],[-87.6764,19.6295],[-87.6763,19.6294],[-87.6759,19.6294],[-87.6756,19.6294],[-87.6749,19.6293],[-87.6743,19.6291],[-87.6743,19.6291],[-87.6741,19.6291],[-87.6736,19.6291],[-87.6728,19.629],[-87.6719,19.6288],[-87.6715,19.6287],[-87.6711,19.6287],[-87.671,19.6287],[-87.6707,19.6287],[-87.6704,19.6287],[-87.67,19.6288],[-87.6696,19.6288],[-87.6695,19.6287],[-87.6693,19.6286],[-87.6692,19.6285],[-87.6687,19.6285],[-87.6676,19.6286],[-87.6672,19.6289],[-87.6669,19.6293],[-87.667,19.6295],[-87.6671,19.6295],[-87.6673,19.6296],[-87.6674,19.6296],[-87.6676,19.6296],[-87.6676,19.6298],[-87.6674,19.6299],[-87.6671,19.63],[-87.6669,19.63],[-87.6667,19.6301],[-87.6665,19.6301],[-87.6665,19.6302],[-87.6664,19.6304],[-87.6665,19.6306],[-87.6674,19.6304],[-87.6675,19.6304],[-87.6677,19.6302],[-87.6679,19.6302],[-87.6678,19.6305],[-87.6671,19.6307],[-87.6666,19.6308],[-87.6667,19.631],[-87.6665,19.6312],[-87.666,19.6313],[-87.6657,19.6313],[-87.6655,19.6313],[-87.6653,19.6312],[-87.6651,19.631],[-87.6651,19.631],[-87.6645,19.631],[-87.6645,19.6308],[-87.6648,19.6306],[-87.6647,19.6305],[-87.6645,19.6305],[-87.6643,19.6307],[-87.6642,19.6308],[-87.6642,19.6309],[-87.6642,19.631],[-87.6642,19.6312],[-87.6643,19.6314],[-87.6644,19.6315],[-87.6647,19.6316],[-87.6649,19.6318],[-87.6649,19.632],[-87.6646,19.6319],[-87.6644,19.6319],[-87.6643,19.6318],[-87.6642,19.6318],[-87.664,19.6317],[-87.6637,19.6317],[-87.6636,19.6317],[-87.6634,19.6318],[-87.6636,19.6319],[-87.6638,19.632],[-87.6641,19.632],[-87.6644,19.6321],[-87.6646,19.6322],[-87.6649,19.6324],[-87.665,19.6325],[-87.6651,19.6325],[-87.6653,19.6325],[-87.6654,19.6325],[-87.6654,19.6329],[-87.6653,19.633],[-87.6649,19.633],[-87.6645,19.633],[-87.6643,19.633],[-87.6641,19.633],[-87.6638,19.633],[-87.6634,19.633],[-87.663,19.6331],[-87.6628,19.6332],[-87.6627,19.6329],[-87.6624,19.6328],[-87.6622,19.6328],[-87.6622,19.6327],[-87.6622,19.6327],[-87.6622,19.6328],[-87.6621,19.6331],[-87.6623,19.6333],[-87.6625,19.6335],[-87.6628,19.6335],[-87.663,19.6337],[-87.6628,19.6339],[-87.6627,19.6339],[-87.6624,19.6339],[-87.6622,19.634],[-87.662,19.6341],[-87.6618,19.6343],[-87.6615,19.6344],[-87.6613,19.6342],[-87.6613,19.634],[-87.6613,19.634],[-87.6612,19.6339],[-87.6608,19.6341],[-87.6607,19.6343],[-87.6609,19.6344],[-87.661,19.6345],[-87.661,19.6348],[-87.661,19.6351],[-87.6608,19.6351],[-87.6605,19.6352],[-87.6604,19.6352],[-87.6606,19.6354],[-87.6608,19.6354],[-87.661,19.6356],[-87.6613,19.6357],[-87.6615,19.6357],[-87.662,19.6356],[-87.6622,19.6359],[-87.6623,19.6363],[-87.6625,19.6365],[-87.6625,19.6365],[-87.6625,19.6365],[-87.6628,19.6365],[-87.6633,19.6367],[-87.6635,19.6368],[-87.6638,19.6372],[-87.6639,19.6372],[-87.6644,19.6373],[-87.6646,19.6375],[-87.6647,19.6375],[-87.665,19.6375],[-87.6652,19.6377],[-87.6653,19.6377],[-87.6657,19.6378],[-87.666,19.6378],[-87.6665,19.6378],[-87.6666,19.6379],[-87.6668,19.638],[-87.6669,19.638],[-87.6672,19.638],[-87.6673,19.6382],[-87.6673,19.6385],[-87.6672,19.6388],[-87.667,19.6389],[-87.6668,19.639],[-87.6666,19.6388],[-87.6665,19.6387],[-87.6665,19.6388],[-87.6659,19.6386],[-87.6658,19.6385],[-87.6657,19.6385],[-87.6657,19.6384],[-87.6656,19.6384],[-87.6655,19.6383],[-87.6654,19.6382],[-87.6653,19.6381],[-87.6652,19.6381],[-87.6649,19.6381],[-87.6647,19.6381],[-87.664,19.6381],[-87.664,19.6381],[-87.6638,19.6381],[-87.6637,19.638],[-87.6636,19.6379],[-87.6635,19.6379],[-87.6634,19.6377],[-87.6632,19.6375],[-87.6631,19.6374],[-87.663,19.6373],[-87.6629,19.6372],[-87.6626,19.6371],[-87.6624,19.637],[-87.6619,19.637],[-87.6618,19.6368],[-87.6618,19.6368],[-87.6617,19.6368],[-87.6614,19.6368],[-87.6611,19.6368],[-87.6607,19.6369],[-87.6606,19.637],[-87.6605,19.6372],[-87.6603,19.6372],[-87.6602,19.6372],[-87.6601,19.637],[-87.66,19.6373],[-87.6599,19.6373],[-87.6597,19.6371],[-87.6595,19.6372],[-87.6594,19.6374],[-87.6596,19.6377],[-87.6597,19.6377],[-87.66,19.6377],[-87.6602,19.6377],[-87.6605,19.6378],[-87.6604,19.6381],[-87.6601,19.6382],[-87.6597,19.6383],[-87.6595,19.6383],[-87.6594,19.6383],[-87.6593,19.6383],[-87.6592,19.6385],[-87.6592,19.6387],[-87.6593,19.6389],[-87.6593,19.6392],[-87.6594,19.6392],[-87.6595,19.6392],[-87.6596,19.6393],[-87.6596,19.6393],[-87.6596,19.6393],[-87.6595,19.6395],[-87.6594,19.6397],[-87.6591,19.6397],[-87.6589,19.6397],[-87.6587,19.6399],[-87.6586,19.6399],[-87.6587,19.6402],[-87.6592,19.64],[-87.6595,19.64],[-87.6597,19.6403],[-87.6599,19.6404],[-87.6601,19.6404],[-87.6603,19.6405],[-87.6604,19.6405],[-87.6606,19.6405],[-87.6608,19.6404],[-87.6609,19.6404],[-87.6611,19.6403],[-87.6611,19.6403],[-87.6612,19.6403],[-87.6613,19.64],[-87.6616,19.6401],[-87.6617,19.6405],[-87.6617,19.6408],[-87.6614,19.6409],[-87.6612,19.6407],[-87.661,19.6408],[-87.6608,19.6409],[-87.6608,19.6412],[-87.6606,19.6413],[-87.6604,19.6413],[-87.6603,19.6413],[-87.6599,19.6413],[-87.6598,19.6414],[-87.6596,19.6414],[-87.6593,19.6414],[-87.6592,19.6414],[-87.659,19.6414],[-87.6588,19.6415],[-87.6586,19.6417],[-87.6588,19.6421],[-87.659,19.6423],[-87.6592,19.6424],[-87.6598,19.6425],[-87.6605,19.6428],[-87.6608,19.6431],[-87.6608,19.6431],[-87.6608,19.6431],[-87.6611,19.6433],[-87.6613,19.6434],[-87.6613,19.6435],[-87.6613,19.6437],[-87.6614,19.6437],[-87.6614,19.6439],[-87.6615,19.6441],[-87.6617,19.6443],[-87.6622,19.6442],[-87.6623,19.6442],[-87.6629,19.6443],[-87.6629,19.6446],[-87.6629,19.6451],[-87.6628,19.6452],[-87.6627,19.6453],[-87.6625,19.6454],[-87.6625,19.6458],[-87.6626,19.6459],[-87.6628,19.6458],[-87.663,19.6458],[-87.6631,19.6459],[-87.6631,19.6463],[-87.6632,19.6466],[-87.6633,19.6467],[-87.6634,19.6474],[-87.6633,19.6477],[-87.6632,19.6478],[-87.6629,19.6478],[-87.6626,19.6478],[-87.6622,19.6478],[-87.6619,19.6478],[-87.6616,19.6476],[-87.6614,19.6475],[-87.6613,19.6472],[-87.6612,19.6469],[-87.6611,19.6469],[-87.6606,19.647],[-87.6604,19.647],[-87.6602,19.6466],[-87.6601,19.6465],[-87.66,19.6464],[-87.6599,19.6463],[-87.6597,19.6463],[-87.6595,19.6464],[-87.6594,19.6464],[-87.6592,19.6465],[-87.659,19.6467],[-87.6587,19.6467],[-87.6586,19.6471],[-87.6583,19.6471],[-87.6582,19.6471],[-87.658,19.6471],[-87.658,19.6471],[-87.658,19.6471],[-87.6578,19.647],[-87.6578,19.6468],[-87.6577,19.6466],[-87.6576,19.6466],[-87.6574,19.6466],[-87.6574,19.6466],[-87.6572,19.6467],[-87.657,19.6469],[-87.6571,19.6471],[-87.6572,19.6472],[-87.6572,19.6472],[-87.6572,19.6473],[-87.6572,19.6473],[-87.6572,19.6475],[-87.6572,19.6476],[-87.6574,19.6478],[-87.6575,19.6479],[-87.6577,19.6481],[-87.658,19.6483],[-87.6583,19.6485],[-87.6583,19.6489],[-87.6579,19.6489],[-87.6575,19.649],[-87.6576,19.6494],[-87.6576,19.6496],[-87.6576,19.6497],[-87.6589,19.65],[-87.6602,19.6504],[-87.6603,19.6508],[-87.6605,19.6505],[-87.6606,19.6504],[-87.6606,19.6505],[-87.6604,19.651],[-87.6605,19.6513],[-87.6597,19.6529],[-87.658,19.6542],[-87.6564,19.6552],[-87.656,19.656],[-87.6571,19.6581],[-87.6566,19.6604],[-87.6557,19.6625],[-87.6539,19.6652],[-87.6538,19.6665],[-87.6538,19.6665],[-87.6538,19.6675],[-87.6536,19.6678],[-87.6539,19.6678],[-87.6539,19.6678],[-87.6539,19.6679],[-87.6538,19.668],[-87.6538,19.6681],[-87.6534,19.6686],[-87.6531,19.6689],[-87.653,19.6689],[-87.6528,19.6692],[-87.6525,19.6713],[-87.6524,19.672],[-87.6523,19.6721],[-87.6522,19.6729],[-87.6522,19.6731],[-87.6522,19.6732],[-87.6522,19.6732],[-87.6521,19.6733],[-87.6521,19.6733],[-87.6521,19.6733],[-87.6512,19.6742],[-87.651,19.675],[-87.6511,19.6751],[-87.6511,19.6752],[-87.6511,19.6752],[-87.6511,19.6752],[-87.6508,19.6755],[-87.6508,19.6756],[-87.6516,19.6767],[-87.6518,19.677],[-87.652,19.6773],[-87.6525,19.6781],[-87.6526,19.6781],[-87.6527,19.6781],[-87.6528,19.6781],[-87.6528,19.6782],[-87.653,19.6786],[-87.6532,19.6788],[-87.6533,19.6792],[-87.6534,19.6796],[-87.6532,19.6798],[-87.6529,19.68],[-87.6524,19.6803],[-87.6517,19.6807],[-87.6515,19.6807],[-87.6512,19.6809],[-87.6511,19.6812],[-87.6514,19.6814],[-87.6516,19.6818],[-87.6516,19.6819],[-87.6516,19.6821],[-87.6515,19.6823],[-87.6511,19.683],[-87.651,19.6831],[-87.651,19.6831],[-87.651,19.6831],[-87.6512,19.6834],[-87.6513,19.6835],[-87.6513,19.6835],[-87.6514,19.6835],[-87.6515,19.6837],[-87.6517,19.6839],[-87.6517,19.684],[-87.6518,19.684],[-87.6518,19.6841],[-87.6517,19.6842],[-87.6512,19.6843],[-87.6509,19.6843],[-87.6506,19.6843],[-87.6506,19.6843],[-87.65,19.6847],[-87.6499,19.6848],[-87.6498,19.6851],[-87.6497,19.6853],[-87.6497,19.6854],[-87.6496,19.6865],[-87.6497,19.6866],[-87.6497,19.6869],[-87.6498,19.687],[-87.6497,19.6872],[-87.6497,19.6874],[-87.6496,19.6874],[-87.6496,19.6875],[-87.6495,19.6876],[-87.6493,19.6878],[-87.6492,19.6878],[-87.6491,19.6881],[-87.6492,19.6881],[-87.6494,19.6881],[-87.6495,19.6882],[-87.6497,19.6884],[-87.6498,19.6884],[-87.6502,19.6886],[-87.6504,19.6887],[-87.6504,19.6887],[-87.6505,19.6887],[-87.651,19.6883],[-87.6512,19.6881],[-87.6513,19.688],[-87.6515,19.6878],[-87.6516,19.6877],[-87.6518,19.6875],[-87.6521,19.687],[-87.6522,19.6869],[-87.6524,19.6867],[-87.6525,19.6867],[-87.6528,19.6863],[-87.653,19.6861],[-87.6534,19.6857],[-87.6534,19.6856],[-87.6535,19.6855],[-87.6534,19.6855],[-87.6535,19.6854],[-87.6536,19.6851],[-87.6538,19.6847],[-87.6541,19.6844],[-87.6541,19.6844],[-87.6543,19.6842],[-87.6545,19.6838],[-87.6547,19.6835],[-87.6548,19.6834],[-87.6549,19.6832],[-87.6551,19.6828],[-87.6555,19.6824],[-87.6556,19.6823],[-87.6556,19.6822],[-87.6558,19.6819],[-87.6559,19.6817],[-87.656,19.6816],[-87.6562,19.6816],[-87.6564,19.6815],[-87.6567,19.6814],[-87.6569,19.6814],[-87.6571,19.6814],[-87.6579,19.6814],[-87.6583,19.6814],[-87.6588,19.6815],[-87.6589,19.6815],[-87.6591,19.6815],[-87.6596,19.6815],[-87.66,19.6814],[-87.6602,19.6814],[-87.6606,19.6816],[-87.6606,19.6818],[-87.6606,19.6818],[-87.661,19.6818],[-87.6615,19.6818],[-87.6616,19.6818],[-87.662,19.6818],[-87.662,19.6818],[-87.6621,19.6819],[-87.6622,19.6819],[-87.6623,19.6818],[-87.6625,19.6818],[-87.6626,19.6819],[-87.6628,19.6819],[-87.6631,19.6818],[-87.6631,19.6818],[-87.6633,19.6817],[-87.6634,19.6818],[-87.6635,19.6818],[-87.6637,19.6819],[-87.664,19.682],[-87.6641,19.682],[-87.6643,19.6821],[-87.6646,19.6821],[-87.6648,19.6821],[-87.6649,19.6821],[-87.6652,19.6822],[-87.6653,19.6823],[-87.6655,19.6823],[-87.6657,19.6825],[-87.6661,19.6826],[-87.6661,19.6826],[-87.6661,19.6826],[-87.6663,19.6826],[-87.6668,19.6825],[-87.6669,19.6825],[-87.6669,19.6824],[-87.6668,19.6823],[-87.6667,19.6821],[-87.6667,19.682],[-87.6667,19.682],[-87.6668,19.682],[-87.6671,19.6823],[-87.667,19.6824],[-87.6672,19.6824],[-87.6673,19.6824],[-87.6675,19.6823],[-87.6677,19.6821],[-87.6678,19.6819],[-87.668,19.6818],[-87.6682,19.6815],[-87.6686,19.6812],[-87.6686,19.6812],[-87.6689,19.681],[-87.669,19.681],[-87.669,19.681],[-87.6696,19.6812],[-87.6697,19.6812],[-87.6705,19.6813],[-87.6705,19.6813],[-87.671,19.6814],[-87.671,19.6814],[-87.6718,19.6814],[-87.6723,19.6816],[-87.6726,19.6816],[-87.6732,19.6817],[-87.6738,19.6819],[-87.6745,19.6819],[-87.6751,19.6821],[-87.6751,19.6821],[-87.6752,19.6821],[-87.6752,19.6821],[-87.6758,19.6822],[-87.6762,19.6823],[-87.6765,19.6822],[-87.6767,19.6822],[-87.6768,19.6822],[-87.6771,19.6822],[-87.6776,19.6821],[-87.6782,19.6822],[-87.6782,19.6822],[-87.6789,19.6822],[-87.6794,19.6822],[-87.6798,19.6822],[-87.6801,19.6822],[-87.6803,19.6822],[-87.6806,19.6821],[-87.6809,19.6822],[-87.681,19.6822],[-87.6818,19.6822],[-87.6819,19.6822],[-87.6826,19.6819],[-87.6831,19.6819],[-87.6833,19.6818],[-87.684,19.6817],[-87.6844,19.6816],[-87.6845,19.6816],[-87.6849,19.6815],[-87.6849,19.6815],[-87.6854,19.6814],[-87.6855,19.6814],[-87.686,19.6814],[-87.6862,19.6814],[-87.6862,19.6814],[-87.6863,19.6814],[-87.6863,19.6813],[-87.6864,19.6812],[-87.6866,19.6812],[-87.6869,19.6813],[-87.687,19.6813],[-87.687,19.6813],[-87.6871,19.6814],[-87.6872,19.6815],[-87.6872,19.6815],[-87.6875,19.6816],[-87.6882,19.6816],[-87.6887,19.6816],[-87.6887,19.6816],[-87.6888,19.6816],[-87.6892,19.6814],[-87.6898,19.6814],[-87.6903,19.6815],[-87.6907,19.6814],[-87.6914,19.6812],[-87.6922,19.6811],[-87.6927,19.6811],[-87.6934,19.6811],[-87.6934,19.6811],[-87.6941,19.6809],[-87.6943,19.6808],[-87.6946,19.6806],[-87.6949,19.6806],[-87.6952,19.6805],[-87.6959,19.6802],[-87.6959,19.6802],[-87.6968,19.6803],[-87.6979,19.68],[-87.6986,19.6796],[-87.6986,19.6796],[-87.699,19.6793],[-87.6997,19.6791],[-87.7002,19.6788],[-87.7004,19.6787],[-87.7005,19.6787],[-87.7006,19.6787],[-87.7008,19.6783],[-87.7008,19.6783],[-87.7014,19.6779],[-87.7014,19.6779],[-87.7021,19.6781],[-87.7027,19.6779],[-87.7029,19.6778],[-87.703,19.6777],[-87.703,19.6777],[-87.7034,19.6775],[-87.7038,19.6773],[-87.7042,19.6771],[-87.7043,19.6769],[-87.7043,19.6769],[-87.7044,19.6767],[-87.7045,19.6767],[-87.7047,19.6767],[-87.7047,19.6766],[-87.7048,19.6765],[-87.705,19.6764],[-87.7051,19.6763],[-87.7052,19.676],[-87.7054,19.6759],[-87.7055,19.6759],[-87.706,19.676],[-87.7063,19.676],[-87.7066,19.6759],[-87.7068,19.6757],[-87.707,19.6755],[-87.7072,19.6753],[-87.7074,19.675],[-87.7076,19.6748],[-87.7077,19.6746],[-87.7079,19.6745],[-87.7084,19.6746],[-87.7085,19.6746],[-87.7089,19.6745],[-87.7093,19.6743],[-87.7098,19.6744],[-87.7103,19.6744],[-87.7104,19.6744],[-87.7105,19.6743],[-87.7106,19.6743],[-87.7108,19.6742],[-87.7112,19.6741],[-87.7116,19.674],[-87.7119,19.6738],[-87.712,19.6738],[-87.7124,19.6736],[-87.7125,19.6736],[-87.7128,19.6735],[-87.7129,19.6734],[-87.7132,19.6732],[-87.7136,19.6731],[-87.7142,19.6731],[-87.7145,19.673],[-87.7149,19.673],[-87.7151,19.673],[-87.7155,19.673],[-87.716,19.6732],[-87.7161,19.6732],[-87.7163,19.6732],[-87.7164,19.6731],[-87.7168,19.673],[-87.717,19.673],[-87.7171,19.6729],[-87.7172,19.6728],[-87.7175,19.6726],[-87.7178,19.6724],[-87.7179,19.6723],[-87.7181,19.6722],[-87.7182,19.6722],[-87.7186,19.672],[-87.719,19.6719],[-87.7194,19.6718],[-87.72,19.6718],[-87.7205,19.6717],[-87.7208,19.6715],[-87.721,19.6713],[-87.7215,19.6712],[-87.7218,19.6712],[-87.7221,19.6712],[-87.7225,19.671],[-87.7226,19.6709],[-87.7227,19.6709],[-87.7228,19.6707],[-87.7231,19.6706],[-87.7233,19.6705],[-87.7234,19.6704],[-87.7237,19.67],[-87.7238,19.6698],[-87.7239,19.6698],[-87.7239,19.6696],[-87.724,19.6696],[-87.7243,19.6695],[-87.7244,19.6694],[-87.7247,19.6693],[-87.7249,19.6691],[-87.7249,19.6691],[-87.725,19.669],[-87.7252,19.6689],[-87.7254,19.6688],[-87.7259,19.6686],[-87.726,19.6686],[-87.7262,19.6687],[-87.7263,19.6687],[-87.7263,19.6688],[-87.7264,19.6688],[-87.7266,19.669],[-87.7266,19.669],[-87.7267,19.6691],[-87.7268,19.6691],[-87.7268,19.6691],[-87.7269,19.6691],[-87.727,19.6692],[-87.7271,19.6693],[-87.7276,19.6692],[-87.7276,19.6691],[-87.7275,19.669],[-87.7275,19.669],[-87.7274,19.6689],[-87.7274,19.6688],[-87.7274,19.6688],[-87.7275,19.6688],[-87.7277,19.6689],[-87.7278,19.669],[-87.7279,19.6692],[-87.728,19.6695],[-87.728,19.6695],[-87.7278,19.6697],[-87.7277,19.6697],[-87.7275,19.6697],[-87.7274,19.6696],[-87.7269,19.6696],[-87.7269,19.6697],[-87.7269,19.6698],[-87.7269,19.6699],[-87.727,19.6701],[-87.727,19.6702],[-87.7273,19.6703],[-87.7277,19.6703],[-87.7286,19.6701],[-87.7286,19.6701],[-87.729,19.67],[-87.7297,19.6699],[-87.7298,19.6699],[-87.7303,19.6697],[-87.7306,19.6694],[-87.7308,19.6693],[-87.7309,19.6692],[-87.731,19.6691],[-87.7313,19.6692],[-87.7313,19.6692],[-87.7313,19.6692],[-87.7317,19.6691],[-87.732,19.6691],[-87.7322,19.6691],[-87.7324,19.6686],[-87.7324,19.6686],[-87.7325,19.6683],[-87.7326,19.6681],[-87.7325,19.668],[-87.7324,19.6675],[-87.7323,19.6673],[-87.7322,19.6671],[-87.7322,19.667],[-87.7322,19.667],[-87.7317,19.6667],[-87.7313,19.6663],[-87.7312,19.6662],[-87.7311,19.6661],[-87.7309,19.666],[-87.7308,19.6659],[-87.731,19.6657],[-87.731,19.6657],[-87.731,19.6657],[-87.7309,19.6654],[-87.731,19.6652],[-87.731,19.6652],[-87.731,19.6652],[-87.7311,19.6649],[-87.7312,19.6648],[-87.7314,19.6648],[-87.7316,19.6648],[-87.7317,19.6647],[-87.7321,19.6647],[-87.7324,19.6649],[-87.7327,19.6649],[-87.7331,19.6648],[-87.7335,19.6647],[-87.7338,19.6648],[-87.7339,19.6648],[-87.7341,19.6646],[-87.7343,19.6644],[-87.7345,19.6645],[-87.7344,19.665],[-87.7347,19.6655],[-87.7349,19.6658],[-87.735,19.6658],[-87.735,19.6659],[-87.735,19.6661],[-87.7351,19.6662],[-87.7351,19.6663],[-87.7405,19.6662],[-87.7406,19.6659],[-87.7408,19.6658],[-87.7408,19.6657],[-87.7411,19.6656],[-87.7412,19.6655],[-87.7417,19.6648],[-87.7419,19.6643],[-87.7422,19.6637],[-87.7423,19.6636],[-87.7423,19.6634],[-87.7424,19.663],[-87.7424,19.6628],[-87.7425,19.6625],[-87.7426,19.6623],[-87.7427,19.662],[-87.7428,19.6617],[-87.743,19.6611],[-87.743,19.6609],[-87.743,19.6607],[-87.743,19.6606],[-87.7431,19.6602],[-87.7431,19.6599],[-87.7432,19.6593],[-87.7432,19.6588],[-87.7432,19.6587],[-87.7433,19.6586],[-87.7432,19.6583],[-87.7431,19.6579],[-87.743,19.6578],[-87.743,19.6577],[-87.7431,19.6573],[-87.7431,19.657],[-87.7432,19.657],[-87.7433,19.6569],[-87.7434,19.6567],[-87.7434,19.6565],[-87.7434,19.6561],[-87.7434,19.6555],[-87.7433,19.6553],[-87.7434,19.6551],[-87.7433,19.6548],[-87.7433,19.6544],[-87.743,19.654],[-87.7428,19.6538],[-87.7425,19.6537],[-87.7423,19.6534],[-87.7422,19.6533],[-87.7421,19.6532],[-87.742,19.6532],[-87.7418,19.6532],[-87.7416,19.6531],[-87.7416,19.6529],[-87.7418,19.6528],[-87.7419,19.6528],[-87.7421,19.6525],[-87.7423,19.6523],[-87.7422,19.6518],[-87.7422,19.6518],[-87.7422,19.6517],[-87.7424,19.6515],[-87.7424,19.6514],[-87.7423,19.6512],[-87.7425,19.651],[-87.7426,19.6509],[-87.7427,19.6507],[-87.7427,19.6504],[-87.7427,19.6503],[-87.7427,19.6502],[-87.7425,19.6498],[-87.7427,19.6497],[-87.7428,19.6496],[-87.7428,19.6495],[-87.7428,19.6494],[-87.7429,19.6493],[-87.743,19.6492],[-87.7429,19.6492],[-87.7429,19.6491],[-87.743,19.6488],[-87.743,19.6488],[-87.743,19.6487],[-87.743,19.6485],[-87.743,19.6485],[-87.743,19.6485],[-87.7428,19.6482],[-87.7429,19.648],[-87.7429,19.6479],[-87.7428,19.6476],[-87.7428,19.6476],[-87.7427,19.6474],[-87.7427,19.6472],[-87.7427,19.6472],[-87.7427,19.6472],[-87.7426,19.6469],[-87.7424,19.6468],[-87.7424,19.6466],[-87.7424,19.6466],[-87.7422,19.6464],[-87.7421,19.6462],[-87.7421,19.6461],[-87.742,19.6458],[-87.7419,19.6456],[-87.7418,19.6454],[-87.7419,19.6451],[-87.7417,19.6447],[-87.7417,19.6445],[-87.7417,19.6445],[-87.7416,19.6444],[-87.7415,19.6443],[-87.7413,19.6441],[-87.7411,19.644],[-87.741,19.6439],[-87.7408,19.6437],[-87.7406,19.6438],[-87.7402,19.6438],[-87.7399,19.6434],[-87.7399,19.6433],[-87.7399,19.6433],[-87.7396,19.6432],[-87.7395,19.6429],[-87.7396,19.6428],[-87.7396,19.6428],[-87.7396,19.6427],[-87.7395,19.6424],[-87.7394,19.6422],[-87.7394,19.6421],[-87.739,19.6418],[-87.7384,19.6417],[-87.7384,19.6416],[-87.7384,19.6412],[-87.7384,19.6412],[-87.7393,19.6413],[-87.7393,19.6413],[-87.7393,19.6412],[-87.7394,19.6411],[-87.7396,19.6409],[-87.7396,19.6406],[-87.7397,19.6403],[-87.7397,19.6396],[-87.7397,19.6395],[-87.7398,19.6392],[-87.7398,19.6385],[-87.7398,19.6383],[-87.7397,19.6381],[-87.7397,19.6378],[-87.7397,19.6378],[-87.7397,19.6378],[-87.7397,19.6377],[-87.7398,19.637],[-87.74,19.6366],[-87.74,19.6364],[-87.7401,19.6363],[-87.7402,19.6359],[-87.7402,19.6356],[-87.7403,19.6351],[-87.7403,19.6351],[-87.7403,19.635],[-87.7403,19.635],[-87.7403,19.6349],[-87.7404,19.634],[-87.7405,19.6329],[-87.7406,19.6324],[-87.7406,19.6319],[-87.7407,19.6319],[-87.7407,19.6318],[-87.7408,19.6314],[-87.7408,19.6314],[-87.7409,19.6312],[-87.741,19.6309],[-87.7411,19.6306],[-87.7412,19.6303],[-87.7412,19.6301],[-87.7412,19.6298],[-87.7415,19.6296],[-87.7415,19.6294],[-87.7416,19.6293],[-87.7416,19.6285],[-87.7417,19.6282],[-87.7417,19.6279],[-87.7417,19.6274],[-87.7415,19.6268],[-87.7416,19.6265],[-87.7417,19.6264],[-87.7418,19.6263],[-87.7419,19.626],[-87.742,19.6255],[-87.7421,19.625],[-87.7421,19.6245],[-87.742,19.624],[-87.742,19.6238],[-87.7419,19.6236],[-87.7419,19.6236],[-87.7418,19.6235],[-87.7416,19.6234],[-87.7415,19.6234],[-87.7414,19.6233],[-87.7412,19.6231],[-87.7412,19.6231],[-87.7412,19.623],[-87.7412,19.6229],[-87.7413,19.6229],[-87.7414,19.6228],[-87.7415,19.6228],[-87.7415,19.6227],[-87.7415,19.6224],[-87.7415,19.6223],[-87.7413,19.6222],[-87.7412,19.6221],[-87.741,19.6221],[-87.741,19.6221],[-87.741,19.6221],[-87.7409,19.6221],[-87.7407,19.622],[-87.7406,19.6219],[-87.7405,19.6219],[-87.7405,19.6219],[-87.7405,19.6219],[-87.7404,19.6219],[-87.7404,19.6218],[-87.7404,19.6215],[-87.7404,19.6214],[-87.7404,19.6213],[-87.7405,19.6212],[-87.7406,19.6212],[-87.7408,19.6212],[-87.7408,19.6212],[-87.7409,19.6211],[-87.741,19.6211],[-87.7412,19.6211],[-87.7416,19.621],[-87.742,19.6208],[-87.7421,19.6206],[-87.7423,19.6202],[-87.7423,19.6201],[-87.7423,19.6196],[-87.7424,19.6194],[-87.7424,19.6191],[-87.7423,19.619],[-87.7421,19.6188],[-87.7417,19.6186],[-87.7413,19.6183],[-87.7409,19.6181],[-87.7407,19.6179],[-87.7408,19.6178],[-87.7408,19.6177],[-87.741,19.6175],[-87.741,19.6174],[-87.7413,19.6173],[-87.7417,19.6172],[-87.7418,19.6171],[-87.7423,19.617],[-87.7424,19.6169],[-87.7425,19.6169],[-87.7425,19.6169],[-87.7429,19.6168],[-87.743,19.6168],[-87.7432,19.6166],[-87.7433,19.6166],[-87.7433,19.6165],[-87.7435,19.6159],[-87.7436,19.6156],[-87.7437,19.6152],[-87.7437,19.6152],[-87.7438,19.6149],[-87.7438,19.6148],[-87.7437,19.6146],[-87.7436,19.6144],[-87.7437,19.6142],[-87.7436,19.6139],[-87.7436,19.6138],[-87.7435,19.6135],[-87.743,19.6133],[-87.7428,19.6132],[-87.7425,19.6132],[-87.7422,19.6129],[-87.7423,19.6127],[-87.7427,19.6123],[-87.7428,19.6123],[-87.7429,19.6122],[-87.7431,19.612],[-87.7433,19.6118],[-87.7436,19.6117],[-87.7437,19.6116],[-87.7442,19.6118],[-87.7442,19.6118],[-87.7442,19.6118],[-87.7444,19.6116],[-87.7445,19.6114],[-87.7446,19.6114],[-87.7448,19.6111],[-87.7449,19.6109],[-87.7449,19.6107],[-87.7449,19.6107],[-87.7448,19.6105],[-87.7446,19.6105],[-87.7441,19.6106],[-87.7439,19.6104],[-87.7439,19.6103],[-87.744,19.6103],[-87.7441,19.6102],[-87.7441,19.6102],[-87.7443,19.6101],[-87.7443,19.6102],[-87.7447,19.6102],[-87.7453,19.6102],[-87.7454,19.6102],[-87.7455,19.6102],[-87.7455,19.61],[-87.7457,19.61],[-87.7458,19.6099],[-87.7458,19.6097],[-87.7459,19.6095],[-87.7459,19.6094],[-87.7458,19.6093],[-87.7456,19.609],[-87.7453,19.6089],[-87.7448,19.609],[-87.7445,19.6089],[-87.7443,19.6087],[-87.7443,19.6086],[-87.7444,19.6085],[-87.7444,19.6083],[-87.7444,19.6083],[-87.7445,19.6083],[-87.7448,19.6083],[-87.745,19.6082],[-87.745,19.6081],[-87.7453,19.6081],[-87.7455,19.608],[-87.7457,19.6078],[-87.7458,19.6077],[-87.7458,19.6073],[-87.7458,19.6073],[-87.7457,19.6071],[-87.7457,19.6071],[-87.7457,19.6068],[-87.7459,19.6062],[-87.746,19.6058],[-87.746,19.6056],[-87.7461,19.6056],[-87.7461,19.6055],[-87.7462,19.6054],[-87.7465,19.605],[-87.7467,19.6045],[-87.7468,19.6043],[-87.7469,19.6043],[-87.7472,19.604],[-87.7477,19.6037],[-87.7478,19.6037],[-87.7482,19.6035],[-87.7483,19.6033],[-87.7483,19.6032],[-87.7484,19.6031],[-87.7485,19.6027],[-87.7485,19.6027],[-87.7484,19.6026],[-87.7482,19.6025],[-87.7481,19.6023],[-87.7479,19.6022],[-87.7477,19.602],[-87.7478,19.6015],[-87.7478,19.601],[-87.7479,19.601],[-87.7479,19.601],[-87.7479,19.6009],[-87.748,19.6009],[-87.7481,19.6009],[-87.7482,19.6009],[-87.7483,19.6009],[-87.7484,19.6009],[-87.7484,19.6008],[-87.7485,19.6008],[-87.7485,19.6008],[-87.7485,19.6007],[-87.7486,19.6004],[-87.7486,19.5999],[-87.7486,19.5998],[-87.7486,19.5997],[-87.7485,19.5995],[-87.7482,19.5992],[-87.7481,19.5991],[-87.748,19.599],[-87.748,19.599],[-87.7476,19.5989],[-87.7474,19.5988],[-87.7471,19.5986],[-87.7471,19.5986],[-87.7471,19.5986],[-87.7468,19.5986],[-87.7464,19.5985],[-87.7461,19.5984],[-87.7459,19.5984],[-87.7457,19.5982],[-87.7457,19.598],[-87.7457,19.598],[-87.7457,19.5976],[-87.7456,19.5972],[-87.7456,19.597],[-87.7456,19.5967],[-87.7456,19.5963],[-87.7458,19.5959],[-87.7459,19.5952],[-87.7459,19.595],[-87.7458,19.5949],[-87.7458,19.5945],[-87.7457,19.5939],[-87.7455,19.5935],[-87.7455,19.5935],[-87.7453,19.5931],[-87.7452,19.5931],[-87.7448,19.5931],[-87.7445,19.5929],[-87.7443,19.5925],[-87.744,19.5917],[-87.7438,19.5905],[-87.7437,19.5902],[-87.7429,19.5898],[-87.7425,19.5898],[-87.7421,19.5897],[-87.7416,19.5896],[-87.7413,19.5895],[-87.7411,19.5896],[-87.7409,19.5896],[-87.7407,19.5894],[-87.7407,19.5889],[-87.7407,19.5888],[-87.7407,19.5887],[-87.7407,19.5886],[-87.7407,19.5886],[-87.7408,19.5884],[-87.7407,19.5881],[-87.7406,19.5877],[-87.7405,19.5877],[-87.7405,19.5877],[-87.7401,19.5873],[-87.7398,19.5873],[-87.7394,19.587],[-87.7393,19.5868],[-87.7389,19.5865],[-87.7387,19.5865],[-87.7385,19.5869],[-87.7383,19.587],[-87.738,19.5872],[-87.7377,19.5873],[-87.7373,19.5873],[-87.7374,19.5871],[-87.7374,19.5867],[-87.7375,19.5866],[-87.7374,19.5864],[-87.7374,19.5864],[-87.7372,19.5862],[-87.737,19.5861],[-87.737,19.5861],[-87.737,19.586],[-87.7369,19.5859],[-87.7368,19.5858],[-87.7367,19.5857],[-87.7366,19.5856],[-87.7365,19.5856],[-87.7363,19.5855],[-87.736,19.5856],[-87.7358,19.5857],[-87.7357,19.5858],[-87.7354,19.5858],[-87.7353,19.5858],[-87.7351,19.5859],[-87.7349,19.5859],[-87.7347,19.586],[-87.7343,19.5859],[-87.7341,19.5857],[-87.7336,19.5855],[-87.7332,19.5854],[-87.733,19.5853],[-87.7324,19.5854],[-87.7319,19.5856],[-87.7314,19.5855],[-87.7311,19.5855],[-87.7304,19.5856],[-87.73,19.5858],[-87.7293,19.5863],[-87.7287,19.5864],[-87.7285,19.5864],[-87.7283,19.5866],[-87.7283,19.5869],[-87.7278,19.5871],[-87.7274,19.587],[-87.727,19.587],[-87.7267,19.5869],[-87.7266,19.5869],[-87.7264,19.5869],[-87.7261,19.587],[-87.7257,19.5873],[-87.7252,19.5874],[-87.725,19.5874],[-87.7246,19.5875],[-87.7244,19.5876],[-87.7242,19.5876],[-87.7242,19.5876],[-87.7237,19.5877],[-87.7234,19.5875],[-87.7234,19.5874],[-87.7237,19.5872],[-87.7241,19.5872],[-87.7245,19.5871],[-87.7246,19.587],[-87.7247,19.5869],[-87.7247,19.5869],[-87.7249,19.5866],[-87.7249,19.5865],[-87.7251,19.5861],[-87.7253,19.5859],[-87.7258,19.5858],[-87.726,19.5858],[-87.7261,19.5856],[-87.7265,19.5854],[-87.7267,19.5854],[-87.7268,19.5853],[-87.7269,19.5852],[-87.7269,19.5851],[-87.727,19.5849],[-87.727,19.5847],[-87.7271,19.5844],[-87.7273,19.5841],[-87.7273,19.5838],[-87.7273,19.5837],[-87.7271,19.5835],[-87.727,19.5834],[-87.7269,19.5833],[-87.7268,19.5833],[-87.7265,19.5832],[-87.7265,19.5831],[-87.7265,19.5831],[-87.7265,19.583],[-87.7265,19.583],[-87.7269,19.5827],[-87.727,19.5827],[-87.7271,19.5827],[-87.7272,19.5826],[-87.7275,19.5826],[-87.7277,19.5829],[-87.7278,19.583],[-87.7281,19.5832],[-87.7282,19.5834],[-87.7284,19.5835],[-87.7288,19.5836],[-87.7292,19.5837],[-87.7295,19.584],[-87.7299,19.5842],[-87.7302,19.5842],[-87.7304,19.5843],[-87.7309,19.5843],[-87.7311,19.5844],[-87.7312,19.5844],[-87.7314,19.5843],[-87.7316,19.5842],[-87.7317,19.5842],[-87.7318,19.5843],[-87.7319,19.5844],[-87.732,19.5844],[-87.732,19.5845],[-87.7322,19.5845],[-87.7323,19.5847],[-87.7324,19.5848],[-87.7324,19.5848],[-87.7326,19.5849],[-87.7327,19.5848],[-87.7328,19.5847],[-87.7329,19.5846],[-87.733,19.5845],[-87.7332,19.5844],[-87.7333,19.5844],[-87.7338,19.5843],[-87.734,19.5844],[-87.7342,19.5844],[-87.7344,19.5842],[-87.7347,19.584],[-87.7349,19.5839],[-87.7349,19.5836],[-87.7349,19.5834],[-87.7347,19.5833],[-87.7345,19.5832],[-87.7339,19.5831],[-87.7337,19.5831],[-87.7334,19.5831],[-87.7333,19.5831],[-87.7332,19.5828],[-87.7332,19.5827],[-87.7331,19.5825],[-87.733,19.5822],[-87.7329,19.582],[-87.7327,19.5818],[-87.7324,19.5817],[-87.7322,19.5817],[-87.7315,19.5815],[-87.731,19.5815],[-87.7307,19.5815],[-87.7306,19.5815],[-87.7304,19.5815],[-87.7303,19.5815],[-87.7302,19.5815],[-87.7301,19.5812],[-87.73,19.581],[-87.73,19.5809],[-87.7299,19.5807],[-87.7299,19.5802],[-87.7298,19.5795],[-87.7297,19.5792],[-87.7296,19.5791],[-87.7295,19.5789],[-87.7294,19.5788],[-87.7292,19.5784],[-87.7291,19.578],[-87.729,19.5779],[-87.729,19.5779],[-87.729,19.5778],[-87.7288,19.5776],[-87.7287,19.5774],[-87.7285,19.5772],[-87.7286,19.577],[-87.7286,19.5769],[-87.7287,19.5768],[-87.7286,19.5768],[-87.7286,19.5767],[-87.7285,19.5764],[-87.7285,19.5764],[-87.7284,19.5764],[-87.7284,19.5764],[-87.7284,19.5764],[-87.7282,19.5765],[-87.728,19.5765],[-87.728,19.5765],[-87.7279,19.5766],[-87.7278,19.5767],[-87.7277,19.5767],[-87.7277,19.5767],[-87.7276,19.5766],[-87.7274,19.5763],[-87.7274,19.5763],[-87.7271,19.5762],[-87.727,19.5761],[-87.7268,19.576],[-87.7266,19.576],[-87.7266,19.576],[-87.7266,19.576],[-87.7265,19.5762],[-87.7263,19.5764],[-87.7262,19.5766],[-87.7261,19.5766],[-87.7259,19.5767],[-87.7257,19.5769],[-87.7255,19.5768],[-87.7254,19.5768],[-87.7253,19.5768],[-87.7252,19.5769],[-87.725,19.5769],[-87.725,19.5768],[-87.725,19.5767],[-87.7251,19.5765],[-87.7251,19.5762],[-87.725,19.576],[-87.7247,19.5758],[-87.7247,19.5758],[-87.7245,19.5756],[-87.7243,19.5753],[-87.7242,19.5751],[-87.7239,19.575],[-87.7237,19.575],[-87.7236,19.575],[-87.7235,19.5752],[-87.7235,19.5752],[-87.7234,19.5757],[-87.7233,19.5758],[-87.7231,19.5758],[-87.723,19.576],[-87.7229,19.5765],[-87.7227,19.577],[-87.7224,19.5775],[-87.7222,19.5775],[-87.7219,19.5777],[-87.7215,19.5778],[-87.7212,19.5778],[-87.7211,19.5779],[-87.7208,19.5779],[-87.7207,19.5779],[-87.7204,19.5778],[-87.7203,19.5778],[-87.7202,19.5777],[-87.7199,19.5777],[-87.7197,19.5776],[-87.7196,19.5776],[-87.7192,19.5773],[-87.7185,19.5771],[-87.7176,19.5767],[-87.7176,19.5767],[-87.7175,19.5767],[-87.7172,19.5766],[-87.717,19.5765],[-87.717,19.5765],[-87.7168,19.5765],[-87.7167,19.5765],[-87.7165,19.5764],[-87.7163,19.5763],[-87.7158,19.5763],[-87.7156,19.5763],[-87.7155,19.5762],[-87.7154,19.576],[-87.7153,19.5761],[-87.7152,19.5762],[-87.715,19.5761],[-87.7147,19.576],[-87.7144,19.5757],[-87.7141,19.5756],[-87.7137,19.5754],[-87.7137,19.5754],[-87.7132,19.5752],[-87.713,19.5752],[-87.7128,19.5752],[-87.7126,19.5751],[-87.7126,19.5751],[-87.7123,19.5749],[-87.7122,19.5748],[-87.7122,19.5748],[-87.7117,19.5747],[-87.7114,19.5747],[-87.7113,19.5746],[-87.7109,19.5745],[-87.7107,19.5745],[-87.7104,19.5745],[-87.71,19.5745],[-87.7096,19.5744],[-87.7094,19.5743],[-87.7094,19.5743],[-87.7093,19.5743],[-87.7093,19.5742],[-87.7092,19.5741],[-87.7089,19.574],[-87.7088,19.5739],[-87.7083,19.5735],[-87.708,19.5733],[-87.7079,19.5732],[-87.7077,19.5732],[-87.7076,19.5731],[-87.7077,19.5728],[-87.7077,19.5724],[-87.7077,19.5719],[-87.7077,19.5715],[-87.7079,19.5714],[-87.708,19.5713],[-87.7081,19.5712],[-87.7081,19.5712],[-87.7081,19.5711],[-87.7081,19.5711],[-87.7082,19.571],[-87.7087,19.5709],[-87.7088,19.5709],[-87.7088,19.5709],[-87.7094,19.5707],[-87.7096,19.5707],[-87.71,19.5706],[-87.7102,19.5706],[-87.7102,19.5705],[-87.7104,19.5704],[-87.7105,19.5703],[-87.7106,19.5702],[-87.7109,19.57],[-87.711,19.57],[-87.7111,19.5698],[-87.7112,19.5699],[-87.7112,19.5699],[-87.7113,19.5699],[-87.7119,19.5696],[-87.7119,19.5696],[-87.712,19.5695],[-87.7124,19.5691],[-87.7125,19.5691],[-87.7126,19.569],[-87.713,19.5686],[-87.7131,19.5684],[-87.7133,19.5679],[-87.7134,19.5676],[-87.7134,19.5674],[-87.7136,19.5667],[-87.7137,19.5665],[-87.7138,19.5662],[-87.714,19.566],[-87.714,19.5659],[-87.7141,19.5659],[-87.7142,19.565],[-87.7142,19.5648],[-87.7142,19.5647],[-87.7141,19.5638],[-87.714,19.5625],[-87.714,19.5621],[-87.7139,19.5615],[-87.7139,19.5612],[-87.7138,19.561],[-87.7138,19.561],[-87.7137,19.5608],[-87.7137,19.5605],[-87.7135,19.5598],[-87.7134,19.5596],[-87.7133,19.5593],[-87.7129,19.5585],[-87.7128,19.5582],[-87.7127,19.5581],[-87.7126,19.558],[-87.7124,19.5577],[-87.7124,19.5577],[-87.7121,19.5578],[-87.7118,19.5578],[-87.7117,19.5577],[-87.7112,19.5576],[-87.7108,19.5576],[-87.7103,19.5576],[-87.7098,19.5576],[-87.7097,19.5574],[-87.7096,19.5575],[-87.7096,19.5575],[-87.7095,19.5575],[-87.7093,19.5573],[-87.7092,19.5572],[-87.7092,19.5571],[-87.7092,19.5571],[-87.7089,19.557],[-87.7087,19.5569],[-87.7083,19.5566],[-87.7082,19.5566],[-87.7079,19.5566],[-87.7077,19.5564],[-87.7074,19.5563],[-87.7072,19.5563],[-87.707,19.5561],[-87.7067,19.556],[-87.7066,19.556],[-87.7064,19.5558],[-87.7063,19.5558],[-87.7062,19.5556],[-87.7059,19.5553],[-87.7058,19.5552],[-87.7058,19.5551],[-87.7055,19.5547],[-87.7051,19.5543],[-87.7048,19.5541],[-87.7047,19.554],[-87.7046,19.554],[-87.7044,19.5539],[-87.7042,19.5538],[-87.7041,19.5536],[-87.704,19.5535],[-87.7036,19.5525],[-87.7038,19.5525],[-87.7037,19.5523],[-87.7036,19.5522],[-87.7032,19.552],[-87.7032,19.552],[-87.7031,19.5519],[-87.7031,19.5519],[-87.7026,19.5517],[-87.7026,19.5517],[-87.7025,19.5517],[-87.7025,19.5516],[-87.7024,19.5515],[-87.7023,19.5514],[-87.7022,19.5509],[-87.7022,19.5506],[-87.7022,19.5505],[-87.7022,19.5504],[-87.7021,19.5503],[-87.702,19.5502],[-87.7018,19.5502],[-87.7015,19.5503],[-87.7014,19.5503],[-87.7013,19.5504],[-87.7011,19.5504],[-87.7007,19.5504],[-87.7005,19.5504],[-87.7005,19.5504],[-87.7005,19.5503],[-87.7004,19.5503],[-87.7001,19.5503],[-87.6999,19.5501],[-87.7,19.55],[-87.7,19.5498],[-87.6999,19.5497],[-87.6998,19.5498],[-87.6997,19.55],[-87.6996,19.5502],[-87.6995,19.5502],[-87.6993,19.5504],[-87.6991,19.5505],[-87.6989,19.5506],[-87.6988,19.5506],[-87.6984,19.5506],[-87.6982,19.5506],[-87.698,19.5506],[-87.6978,19.5508],[-87.6977,19.5511],[-87.6977,19.5512],[-87.6976,19.5515],[-87.6975,19.5516],[-87.6974,19.5517],[-87.6974,19.5518],[-87.6974,19.552],[-87.6973,19.5522],[-87.6972,19.5523],[-87.697,19.5523],[-87.6969,19.5523],[-87.6968,19.5524],[-87.6967,19.5525],[-87.6967,19.5526],[-87.6965,19.5526],[-87.6963,19.5526],[-87.6962,19.5527],[-87.696,19.5528],[-87.6959,19.5529],[-87.6957,19.5531],[-87.6954,19.5532],[-87.6952,19.5532],[-87.6949,19.5532],[-87.6947,19.5531],[-87.6945,19.553],[-87.6943,19.553],[-87.6941,19.5531],[-87.6939,19.5531],[-87.6938,19.553],[-87.6938,19.553],[-87.6937,19.553],[-87.6936,19.553],[-87.6935,19.553],[-87.6935,19.553],[-87.6934,19.5529],[-87.6933,19.5529],[-87.6931,19.5528],[-87.6931,19.5528],[-87.6931,19.5528],[-87.6927,19.5528],[-87.6922,19.5529],[-87.692,19.5529],[-87.6912,19.5529],[-87.6906,19.553],[-87.69,19.5531],[-87.69,19.5531],[-87.6897,19.5532],[-87.6896,19.5534],[-87.6893,19.5539],[-87.6888,19.5546],[-87.6883,19.5552],[-87.688,19.5553],[-87.688,19.5556],[-87.6879,19.5559],[-87.6879,19.5563],[-87.6879,19.5566],[-87.6877,19.5567],[-87.6874,19.5569],[-87.6872,19.5571],[-87.687,19.5572],[-87.6869,19.5572],[-87.6866,19.5572],[-87.6863,19.5574],[-87.6862,19.5575],[-87.6861,19.5575],[-87.6854,19.5577],[-87.6852,19.5577],[-87.6847,19.5577],[-87.6845,19.5578],[-87.6843,19.558],[-87.6841,19.5582],[-87.6839,19.5581],[-87.6836,19.5578],[-87.6833,19.5578],[-87.683,19.5579],[-87.6825,19.558],[-87.6823,19.558],[-87.6818,19.558],[-87.6816,19.5581],[-87.6816,19.5583],[-87.6817,19.5584],[-87.6816,19.5588],[-87.6813,19.559],[-87.6812,19.559],[-87.681,19.5591],[-87.6808,19.5591],[-87.6807,19.5592],[-87.6805,19.5596],[-87.6803,19.5597],[-87.68,19.5599],[-87.68,19.5599],[-87.6797,19.5601],[-87.6764,19.5638],[-87.6765,19.5639],[-87.6769,19.5638],[-87.6772,19.564],[-87.6778,19.5644],[-87.6779,19.5645],[-87.6781,19.5646],[-87.6783,19.5647],[-87.6784,19.5648],[-87.6785,19.5649],[-87.6789,19.5651],[-87.6791,19.5652],[-87.6795,19.5653],[-87.68,19.5653],[-87.6806,19.5653],[-87.6809,19.5653],[-87.681,19.5653],[-87.6812,19.5651],[-87.6811,19.5652],[-87.6812,19.5652],[-87.6812,19.5654],[-87.6807,19.5655],[-87.6808,19.5658],[-87.6813,19.566],[-87.6816,19.5662],[-87.6818,19.5665],[-87.6821,19.5667],[-87.6825,19.5666],[-87.6827,19.5664],[-87.6828,19.5663],[-87.6832,19.5661],[-87.6835,19.566],[-87.6834,19.5659],[-87.6832,19.5658],[-87.6827,19.5653],[-87.683,19.5654],[-87.6831,19.5654],[-87.6836,19.5656],[-87.6836,19.5656],[-87.6839,19.5658],[-87.6842,19.5657],[-87.6847,19.5657],[-87.6848,19.5656],[-87.6853,19.5656],[-87.6857,19.5656],[-87.6862,19.5653],[-87.6863,19.5653],[-87.6864,19.5652],[-87.6867,19.565],[-87.6872,19.5648],[-87.6873,19.5648],[-87.6873,19.5648],[-87.6875,19.5648],[-87.6876,19.5648],[-87.688,19.5648],[-87.6881,19.5648],[-87.6885,19.5648],[-87.6889,19.5648],[-87.6892,19.5648],[-87.6896,19.5648],[-87.6897,19.5648],[-87.6898,19.5647],[-87.6899,19.5646],[-87.69,19.5643],[-87.6903,19.5641],[-87.6905,19.5641],[-87.6908,19.564],[-87.691,19.5639],[-87.691,19.5639],[-87.6915,19.5633],[-87.6915,19.5632],[-87.6916,19.563],[-87.6918,19.5627],[-87.6922,19.5622],[-87.6924,19.5619],[-87.6924,19.5619],[-87.6925,19.5618],[-87.6927,19.5617],[-87.6929,19.5616],[-87.6929,19.5616],[-87.6931,19.5615],[-87.6932,19.5616],[-87.6931,19.5617],[-87.6929,19.5618],[-87.6927,19.5619],[-87.6926,19.5621],[-87.6925,19.5625],[-87.6923,19.5625],[-87.6922,19.563],[-87.6921,19.5633],[-87.6918,19.5635],[-87.6914,19.5642],[-87.6911,19.5644],[-87.691,19.5647],[-87.691,19.5648],[-87.6908,19.5649],[-87.6907,19.565],[-87.6904,19.5653],[-87.6902,19.5657],[-87.6902,19.5659],[-87.6901,19.566],[-87.6897,19.5662],[-87.6896,19.5664],[-87.6895,19.5666],[-87.6892,19.5669],[-87.6887,19.5671],[-87.6885,19.5671],[-87.6881,19.5671],[-87.688,19.5671],[-87.6879,19.5671],[-87.6878,19.5672],[-87.6874,19.5673],[-87.6872,19.5673],[-87.687,19.5673],[-87.6867,19.5673],[-87.6864,19.5673],[-87.6863,19.5673],[-87.686,19.5673],[-87.6854,19.5673],[-87.6847,19.5673],[-87.6839,19.5674],[-87.6838,19.5674],[-87.6838,19.5674],[-87.6831,19.5676],[-87.6825,19.5678],[-87.6815,19.5681],[-87.6811,19.5682],[-87.6807,19.5683],[-87.6807,19.5684],[-87.6807,19.5685],[-87.6805,19.5687],[-87.68,19.5689],[-87.6797,19.569],[-87.6795,19.5689],[-87.6794,19.5689],[-87.6792,19.569],[-87.6787,19.5692],[-87.6785,19.5695],[-87.678,19.5697],[-87.6777,19.5697],[-87.6776,19.5697],[-87.6775,19.5697],[-87.6773,19.5697],[-87.6771,19.5696],[-87.677,19.5696],[-87.6769,19.5695],[-87.6768,19.5694],[-87.6766,19.5691],[-87.6765,19.569],[-87.6765,19.5689],[-87.6765,19.5687],[-87.6765,19.5686],[-87.6765,19.5685],[-87.6765,19.5682],[-87.6765,19.5682],[-87.6764,19.5678],[-87.6764,19.5675],[-87.6764,19.5671],[-87.6764,19.5668],[-87.6764,19.5667],[-87.6762,19.5663],[-87.6762,19.5663],[-87.6761,19.5659],[-87.6761,19.5658],[-87.6761,19.5657],[-87.676,19.5655],[-87.6759,19.5653],[-87.6759,19.5653],[-87.6758,19.5651],[-87.6754,19.5649],[-87.6752,19.5648],[-87.6752,19.5647],[-87.675,19.5646],[-87.6748,19.5644],[-87.6746,19.5642],[-87.6741,19.5634],[-87.674,19.5631],[-87.674,19.5627],[-87.6739,19.5625],[-87.6738,19.5624],[-87.6737,19.5622],[-87.6735,19.562],[-87.6734,19.5619],[-87.6734,19.5616],[-87.6732,19.5613],[-87.6732,19.5611],[-87.6731,19.561],[-87.673,19.5608],[-87.673,19.5607],[-87.6728,19.5605],[-87.6728,19.5604],[-87.6728,19.5602],[-87.6728,19.5601],[-87.6728,19.5601],[-87.6728,19.5601],[-87.6727,19.5598],[-87.6727,19.5596],[-87.6726,19.5593],[-87.6726,19.5588],[-87.6724,19.5583],[-87.6723,19.558],[-87.6723,19.5577],[-87.6722,19.5574],[-87.6722,19.5573],[-87.672,19.5569],[-87.6718,19.5566],[-87.6718,19.5563],[-87.6717,19.5561],[-87.6716,19.5559],[-87.6716,19.5555],[-87.6715,19.5553],[-87.6714,19.5551],[-87.6714,19.555],[-87.6713,19.5549],[-87.6713,19.5548],[-87.6712,19.5546],[-87.6712,19.5544],[-87.6712,19.5543],[-87.6712,19.5542],[-87.6712,19.5542],[-87.6711,19.5542],[-87.6711,19.554],[-87.671,19.5538],[-87.6709,19.5534],[-87.6707,19.5531],[-87.6707,19.5529],[-87.6707,19.5528],[-87.6706,19.5526],[-87.6706,19.5526],[-87.6705,19.5523],[-87.6704,19.5521],[-87.6703,19.5519],[-87.6703,19.5519],[-87.67,19.5515],[-87.6699,19.5512],[-87.6698,19.5507],[-87.6696,19.5506],[-87.6695,19.5503],[-87.6694,19.55],[-87.6693,19.5499],[-87.6691,19.5499],[-87.669,19.5497],[-87.6687,19.5494],[-87.6687,19.5493],[-87.6686,19.5493],[-87.6678,19.5493],[-87.6676,19.5493],[-87.6673,19.5493],[-87.6671,19.5493],[-87.667,19.5492],[-87.6671,19.5491],[-87.6671,19.5491],[-87.6671,19.549],[-87.6671,19.5487],[-87.6671,19.5486],[-87.6672,19.5484],[-87.6672,19.5483],[-87.6674,19.5482],[-87.6677,19.5479],[-87.6678,19.5478],[-87.668,19.5477],[-87.6684,19.5476],[-87.6684,19.5476],[-87.6688,19.5476],[-87.6691,19.5476],[-87.6694,19.5476],[-87.6697,19.5475],[-87.6699,19.5475],[-87.6699,19.5475],[-87.67,19.5475],[-87.6701,19.5474],[-87.6704,19.5474],[-87.6705,19.5474],[-87.6707,19.5473],[-87.6709,19.5471],[-87.6711,19.5471],[-87.6711,19.5471],[-87.6715,19.5468],[-87.6716,19.5468],[-87.6719,19.5465],[-87.6721,19.5464],[-87.6721,19.5462],[-87.6724,19.5459],[-87.6729,19.5455],[-87.673,19.5453],[-87.6731,19.5452],[-87.6732,19.5451],[-87.6734,19.5447],[-87.6734,19.5447],[-87.6735,19.5444],[-87.6736,19.5441],[-87.6737,19.5439],[-87.6738,19.5438],[-87.6739,19.5437],[-87.6738,19.5435],[-87.6738,19.5434],[-87.6739,19.5429],[-87.6739,19.5425],[-87.6739,19.5422],[-87.674,19.542],[-87.6738,19.5417],[-87.6737,19.5414],[-87.6738,19.5413],[-87.6738,19.5412],[-87.6737,19.5411],[-87.6738,19.5409],[-87.6738,19.5408],[-87.6738,19.5406],[-87.6736,19.5404],[-87.6735,19.5402],[-87.6734,19.5401],[-87.6733,19.5401],[-87.6733,19.5401],[-87.6729,19.54],[-87.6725,19.5401],[-87.6722,19.54],[-87.6719,19.54],[-87.6715,19.5399],[-87.6711,19.5397],[-87.6708,19.5392],[-87.6707,19.5389],[-87.6704,19.5387],[-87.6702,19.5385],[-87.6701,19.5384],[-87.6695,19.5384],[-87.6695,19.538],[-87.6694,19.5376],[-87.6698,19.5377],[-87.67,19.5378],[-87.67,19.5378],[-87.6701,19.538],[-87.6703,19.538],[-87.6704,19.5381],[-87.6706,19.5381],[-87.6709,19.5382],[-87.6714,19.5382],[-87.6718,19.538],[-87.6722,19.538],[-87.6725,19.5379],[-87.673,19.5377],[-87.6734,19.5376],[-87.6738,19.5376],[-87.6743,19.5376],[-87.6746,19.5377],[-87.6748,19.5379],[-87.6749,19.5379],[-87.6753,19.5379],[-87.6755,19.5379],[-87.6758,19.538],[-87.6761,19.5381],[-87.6762,19.5381],[-87.6764,19.5381],[-87.6773,19.538],[-87.6775,19.5379],[-87.6776,19.5379],[-87.6777,19.5379],[-87.6778,19.5378],[-87.6779,19.5377],[-87.6779,19.5376],[-87.678,19.5375],[-87.6783,19.5369],[-87.6784,19.5366],[-87.6784,19.5366],[-87.6786,19.5364],[-87.6787,19.5363],[-87.6789,19.5363],[-87.679,19.5363],[-87.6791,19.5362],[-87.6793,19.5361],[-87.6795,19.5361],[-87.6796,19.5361],[-87.6797,19.536],[-87.6799,19.5359],[-87.68,19.5359],[-87.6802,19.5357],[-87.6804,19.5357],[-87.6804,19.5357],[-87.6804,19.5355],[-87.6806,19.5352],[-87.6809,19.5351],[-87.6812,19.5349],[-87.6816,19.5347],[-87.682,19.5345],[-87.6821,19.5344],[-87.6822,19.5344],[-87.6822,19.5343],[-87.6822,19.5342],[-87.6823,19.5341],[-87.6824,19.5341],[-87.6824,19.534],[-87.6826,19.534],[-87.6827,19.534],[-87.6827,19.534],[-87.6828,19.534],[-87.6831,19.5339],[-87.6832,19.5339],[-87.6832,19.5339],[-87.6833,19.5338],[-87.6833,19.5338],[-87.6833,19.5337],[-87.6834,19.5336],[-87.6834,19.5336],[-87.6835,19.5335],[-87.6836,19.5334],[-87.6836,19.5334],[-87.6837,19.5333],[-87.6837,19.5333],[-87.6839,19.5332],[-87.6839,19.5334],[-87.6841,19.5335],[-87.6841,19.5337],[-87.6842,19.5339],[-87.6844,19.5339],[-87.6846,19.5338],[-87.6847,19.5338],[-87.6853,19.5336],[-87.6854,19.5335],[-87.6856,19.5333],[-87.6857,19.5332],[-87.6859,19.5331],[-87.6861,19.5331],[-87.6864,19.5331],[-87.6864,19.533],[-87.6866,19.5329],[-87.6867,19.5328],[-87.6868,19.5327],[-87.6868,19.5326],[-87.6869,19.5324],[-87.6871,19.5321],[-87.6872,19.5317],[-87.6872,19.5315],[-87.6872,19.5313],[-87.6872,19.5312],[-87.6871,19.5312],[-87.687,19.531],[-87.6872,19.5305],[-87.6872,19.5305],[-87.6872,19.5305],[-87.6869,19.5306],[-87.6868,19.5307],[-87.6867,19.5308],[-87.6865,19.5308],[-87.6864,19.5308],[-87.6864,19.531],[-87.6863,19.5312],[-87.6862,19.5314],[-87.686,19.5314],[-87.6859,19.5314],[-87.6859,19.5314],[-87.6859,19.5314],[-87.6858,19.5316],[-87.6858,19.5317],[-87.6856,19.5319],[-87.6855,19.5318],[-87.6854,19.5318],[-87.6854,19.5317],[-87.6853,19.5317],[-87.6853,19.5317],[-87.6852,19.5317],[-87.6851,19.5317],[-87.685,19.5317],[-87.6849,19.5318],[-87.6847,19.5319],[-87.6846,19.5319],[-87.6846,19.532],[-87.6845,19.532],[-87.6844,19.5322],[-87.6843,19.5322],[-87.6841,19.5323],[-87.6841,19.5324],[-87.6839,19.5323],[-87.6838,19.5324],[-87.6837,19.5325],[-87.6835,19.5326],[-87.6833,19.5327],[-87.6832,19.5328],[-87.6831,19.5328],[-87.683,19.5329],[-87.6828,19.533],[-87.6826,19.533],[-87.6825,19.5328],[-87.6824,19.5328],[-87.6824,19.5328],[-87.6824,19.5327],[-87.6824,19.5327],[-87.6822,19.5326],[-87.6821,19.5326],[-87.6819,19.5326],[-87.6817,19.5327],[-87.6816,19.5328],[-87.6813,19.5329],[-87.6812,19.5328],[-87.6808,19.5328],[-87.6807,19.5328],[-87.6805,19.5328],[-87.6805,19.5328],[-87.6804,19.5328],[-87.6803,19.5329],[-87.6802,19.533],[-87.6801,19.533],[-87.68,19.533],[-87.6799,19.533],[-87.6798,19.533],[-87.6797,19.5331],[-87.6796,19.5331],[-87.6795,19.5331],[-87.6794,19.5331],[-87.6793,19.5332],[-87.6792,19.5332],[-87.6791,19.5332],[-87.679,19.5332],[-87.6789,19.5333],[-87.6787,19.5333],[-87.6785,19.5334],[-87.6784,19.5336],[-87.6783,19.5337],[-87.6783,19.5337],[-87.6782,19.5338],[-87.6782,19.5339],[-87.6781,19.5341],[-87.678,19.5342],[-87.678,19.5343],[-87.6779,19.5344],[-87.6779,19.5344],[-87.6777,19.5344],[-87.6776,19.5344],[-87.6773,19.5344],[-87.6772,19.5344],[-87.6769,19.5344],[-87.6768,19.5344],[-87.6766,19.5345],[-87.6765,19.5346],[-87.6764,19.5347],[-87.6762,19.5346],[-87.6762,19.5346],[-87.6761,19.5345],[-87.6758,19.5344],[-87.6757,19.5344],[-87.6756,19.5342],[-87.6756,19.5342],[-87.6754,19.5341],[-87.6753,19.5341],[-87.6752,19.534],[-87.675,19.5338],[-87.6747,19.5336],[-87.6744,19.5334],[-87.6741,19.5332],[-87.6734,19.5334],[-87.6729,19.5332],[-87.6727,19.5331],[-87.6723,19.533],[-87.6722,19.532],[-87.6727,19.5306],[-87.673,19.53],[-87.6713,19.5291],[-87.6703,19.5286],[-87.668,19.5293],[-87.6659,19.5298],[-87.6638,19.5294],[-87.6635,19.5287],[-87.6637,19.5276],[-87.6643,19.5265],[-87.6639,19.5251],[-87.6637,19.5241],[-87.6632,19.5233],[-87.6641,19.5211],[-87.6651,19.5213],[-87.6663,19.5214],[-87.6685,19.52],[-87.6718,19.5198],[-87.673,19.519],[-87.6728,19.5173],[-87.672,19.5175],[-87.6701,19.5172],[-87.6688,19.5162],[-87.669,19.5152],[-87.6696,19.5138],[-87.669,19.5126],[-87.6668,19.5133],[-87.6659,19.5131],[-87.665,19.5137],[-87.6642,19.5138],[-87.6635,19.5132],[-87.6672,19.5101],[-87.6685,19.5105],[-87.6701,19.5099],[-87.6709,19.5091],[-87.6715,19.5078],[-87.6717,19.5075],[-87.6717,19.5075],[-87.6693,19.5066],[-87.6687,19.5058],[-87.6688,19.5051],[-87.6691,19.5039],[-87.67,19.5029],[-87.6699,19.5019],[-87.6695,19.501],[-87.6685,19.5014],[-87.6673,19.5021],[-87.6669,19.5026],[-87.6666,19.5029],[-87.6661,19.5033],[-87.6654,19.5036],[-87.6641,19.5031],[-87.6632,19.5032],[-87.6631,19.504],[-87.6625,19.5041],[-87.6626,19.504],[-87.6628,19.5035],[-87.6629,19.5034],[-87.6633,19.5025],[-87.6633,19.5025],[-87.6633,19.5025],[-87.6633,19.5022],[-87.6634,19.502],[-87.6635,19.5017],[-87.6635,19.5017],[-87.6635,19.5016],[-87.6635,19.5015],[-87.6635,19.5014],[-87.6635,19.5012],[-87.6631,19.5007],[-87.6631,19.5007],[-87.6631,19.5007],[-87.6629,19.5006],[-87.6626,19.5006],[-87.6623,19.5006],[-87.662,19.5007],[-87.6618,19.5008],[-87.6615,19.5008],[-87.6615,19.5008],[-87.6615,19.5008],[-87.6615,19.5008],[-87.6611,19.5007],[-87.661,19.5007],[-87.6608,19.5006],[-87.6605,19.5005],[-87.6603,19.5004],[-87.66,19.5004],[-87.6599,19.5004],[-87.6595,19.5003],[-87.6592,19.5002],[-87.6588,19.5002],[-87.6587,19.5003],[-87.6586,19.5004],[-87.6583,19.5005],[-87.6582,19.5007],[-87.6581,19.501],[-87.6578,19.5013],[-87.6577,19.5017],[-87.6574,19.5019],[-87.6573,19.502],[-87.6569,19.502],[-87.6567,19.5021],[-87.6565,19.5022],[-87.6565,19.5026],[-87.6564,19.5031],[-87.6563,19.5034],[-87.6562,19.5036],[-87.6562,19.5037],[-87.6561,19.5038],[-87.656,19.5039],[-87.6558,19.5039],[-87.6554,19.5038],[-87.6549,19.5038],[-87.6545,19.5039],[-87.6541,19.5042],[-87.6538,19.5042],[-87.6534,19.5043],[-87.6531,19.5043],[-87.6529,19.5043],[-87.6524,19.5042],[-87.6522,19.5042],[-87.6521,19.5043],[-87.652,19.5043],[-87.6516,19.5044],[-87.6512,19.5046],[-87.6509,19.5048],[-87.6507,19.505],[-87.6504,19.5052],[-87.6503,19.5055],[-87.6502,19.5061],[-87.6501,19.5064],[-87.6498,19.5067],[-87.6495,19.507],[-87.6491,19.5073],[-87.6488,19.5077],[-87.6484,19.5087],[-87.6482,19.5092],[-87.6482,19.5093],[-87.648,19.5096],[-87.6479,19.5099],[-87.6479,19.5104],[-87.6477,19.5107],[-87.6475,19.5109],[-87.6475,19.5114],[-87.6474,19.5117],[-87.6473,19.512],[-87.6473,19.512],[-87.6473,19.5121],[-87.6473,19.5126],[-87.6473,19.5129],[-87.6473,19.5131],[-87.6469,19.5136],[-87.6463,19.5143],[-87.6461,19.5145],[-87.6461,19.5145],[-87.6458,19.5148],[-87.6457,19.5149],[-87.6453,19.5157],[-87.6449,19.5162],[-87.645,19.5162],[-87.645,19.5164],[-87.6449,19.5165],[-87.6447,19.5168],[-87.6445,19.5169],[-87.6442,19.5172],[-87.644,19.5175],[-87.6437,19.5176],[-87.6434,19.5181],[-87.6432,19.5183],[-87.6428,19.5184],[-87.6423,19.5187],[-87.6417,19.519],[-87.6413,19.5192],[-87.6413,19.5192],[-87.6411,19.5193],[-87.6407,19.5197],[-87.6406,19.5202],[-87.6402,19.5213],[-87.6398,19.5216],[-87.6396,19.5218],[-87.6392,19.5222],[-87.639,19.5224],[-87.6387,19.5227],[-87.6384,19.5231],[-87.6381,19.5235],[-87.6377,19.524],[-87.6373,19.525],[-87.6371,19.5255],[-87.6368,19.526],[-87.6368,19.5261],[-87.6367,19.5262],[-87.6366,19.5268],[-87.6362,19.528],[-87.6361,19.5283],[-87.6357,19.5291],[-87.6356,19.5301],[-87.6355,19.5304],[-87.6355,19.5304],[-87.6354,19.5311],[-87.6354,19.5312],[-87.6353,19.5313],[-87.6353,19.5315],[-87.6352,19.5317],[-87.6351,19.5319],[-87.6349,19.5321],[-87.6349,19.5322],[-87.6344,19.5333],[-87.6342,19.534],[-87.6341,19.5346],[-87.634,19.5351],[-87.6341,19.5354],[-87.6339,19.5357],[-87.6338,19.5359],[-87.6336,19.5361],[-87.6335,19.5361],[-87.6333,19.5364],[-87.6332,19.5366],[-87.633,19.5368],[-87.6329,19.5371],[-87.6328,19.5375],[-87.6328,19.5379],[-87.6329,19.5383],[-87.6328,19.5384],[-87.6326,19.5386],[-87.6325,19.5387],[-87.6323,19.5389],[-87.6322,19.5391],[-87.632,19.5392],[-87.6318,19.5394],[-87.6315,19.5396],[-87.6314,19.5397],[-87.6311,19.5399],[-87.631,19.5402],[-87.6308,19.5404],[-87.6306,19.5404],[-87.6304,19.5407],[-87.6302,19.5409],[-87.6298,19.5413],[-87.6296,19.5416],[-87.6293,19.5418],[-87.6291,19.542],[-87.629,19.5422],[-87.6287,19.5426],[-87.6285,19.5427],[-87.6283,19.5429],[-87.6281,19.5431],[-87.6275,19.5435],[-87.6268,19.5444],[-87.626,19.545],[-87.6252,19.5462],[-87.6247,19.547],[-87.6241,19.5474],[-87.6234,19.5479],[-87.6229,19.5482],[-87.6222,19.5485],[-87.6219,19.5486],[-87.6215,19.5489],[-87.6213,19.5491],[-87.6212,19.5492],[-87.621,19.5493],[-87.6206,19.5494],[-87.6205,19.5494],[-87.6203,19.5495],[-87.6201,19.5496],[-87.6199,19.5497],[-87.6196,19.5498],[-87.6194,19.5498],[-87.6193,19.5498],[-87.6192,19.5498],[-87.619,19.5499],[-87.6189,19.55],[-87.6188,19.55],[-87.6187,19.55],[-87.6186,19.55],[-87.6185,19.5501],[-87.6184,19.5503],[-87.6182,19.5505],[-87.6181,19.5507],[-87.6179,19.5508],[-87.6178,19.5509],[-87.6177,19.5511],[-87.6175,19.5512],[-87.6171,19.5513],[-87.6169,19.5514],[-87.6167,19.5515],[-87.6165,19.5516],[-87.6161,19.5518],[-87.6159,19.5519],[-87.6158,19.5521],[-87.6155,19.5523],[-87.6153,19.5525],[-87.6148,19.5527],[-87.6145,19.5528],[-87.6138,19.5528],[-87.6134,19.5528],[-87.6131,19.5529],[-87.6128,19.5529],[-87.6123,19.553],[-87.612,19.553],[-87.6117,19.553],[-87.6115,19.553],[-87.6114,19.553],[-87.611,19.5531],[-87.6107,19.553],[-87.6106,19.5532],[-87.6105,19.5533],[-87.6104,19.5535],[-87.6104,19.5536],[-87.6104,19.5537],[-87.6103,19.5539],[-87.6103,19.554],[-87.6102,19.5541],[-87.6101,19.5541],[-87.6099,19.5541],[-87.6096,19.5541],[-87.6095,19.554],[-87.6093,19.5539],[-87.6093,19.5539],[-87.609,19.5539],[-87.6089,19.5538],[-87.6088,19.5538],[-87.6086,19.5538],[-87.6082,19.5537],[-87.6081,19.5537],[-87.6076,19.5536],[-87.6073,19.5536],[-87.6071,19.5536],[-87.6067,19.5536],[-87.6063,19.5537],[-87.606,19.5538],[-87.6057,19.5537],[-87.6053,19.5537],[-87.6049,19.5537],[-87.6044,19.5538],[-87.6042,19.5538],[-87.6038,19.5539],[-87.6034,19.554],[-87.6033,19.554],[-87.6031,19.5541],[-87.6027,19.5541],[-87.6023,19.5543],[-87.6019,19.5544],[-87.6012,19.5545],[-87.6007,19.5546],[-87.6004,19.5547],[-87.6003,19.5547],[-87.6001,19.5547],[-87.5997,19.5547],[-87.5993,19.5549],[-87.5988,19.5549],[-87.5985,19.5549],[-87.5981,19.5549],[-87.5977,19.555],[-87.5975,19.555],[-87.5972,19.5551],[-87.5966,19.5554],[-87.5957,19.5554],[-87.5946,19.5554],[-87.5938,19.5553],[-87.5932,19.5552],[-87.5931,19.5553],[-87.5928,19.5552],[-87.5925,19.5552],[-87.5924,19.5552],[-87.5921,19.5552],[-87.5917,19.5553],[-87.5913,19.5553],[-87.5909,19.5554],[-87.5906,19.5555],[-87.5904,19.5554],[-87.5902,19.5554],[-87.5898,19.5555],[-87.5889,19.5557],[-87.5882,19.5557],[-87.5874,19.5558],[-87.5864,19.556],[-87.5859,19.5561],[-87.5848,19.5562],[-87.5835,19.5564],[-87.5825,19.5565],[-87.5814,19.5567],[-87.5807,19.557],[-87.5801,19.5572],[-87.5798,19.5572],[-87.5794,19.5573],[-87.579,19.5575],[-87.5787,19.5578],[-87.5783,19.5582],[-87.578,19.5585],[-87.5775,19.5589],[-87.5769,19.559],[-87.5763,19.559],[-87.5762,19.559],[-87.576,19.5591],[-87.5756,19.5593],[-87.5753,19.5595],[-87.5751,19.5597],[-87.5747,19.5598],[-87.5742,19.5599],[-87.5735,19.56],[-87.573,19.5601],[-87.5726,19.5603],[-87.5723,19.5603],[-87.5719,19.5604],[-87.5714,19.5604],[-87.571,19.5605],[-87.5708,19.5606],[-87.5703,19.5606],[-87.5701,19.5607],[-87.5698,19.5607],[-87.5696,19.5608],[-87.5694,19.5608],[-87.5692,19.5609],[-87.5689,19.5609],[-87.5687,19.561],[-87.5685,19.5612],[-87.5683,19.5613],[-87.5679,19.5614],[-87.5674,19.5616],[-87.5665,19.5618],[-87.5659,19.5619],[-87.5655,19.562],[-87.565,19.5621],[-87.5647,19.5622],[-87.5645,19.5622],[-87.5642,19.5623],[-87.5638,19.5624],[-87.5633,19.5625],[-87.563,19.5625],[-87.5626,19.5626],[-87.562,19.5626],[-87.5614,19.5627],[-87.5611,19.5627],[-87.5606,19.5627],[-87.5601,19.5629],[-87.5598,19.563],[-87.5594,19.563],[-87.5592,19.563],[-87.5588,19.563],[-87.5584,19.5631],[-87.5577,19.5632],[-87.5574,19.5632],[-87.5572,19.5633],[-87.5569,19.5633],[-87.5568,19.5634],[-87.5566,19.5634],[-87.5564,19.5635],[-87.5562,19.5635],[-87.556,19.5636],[-87.5557,19.5637],[-87.5553,19.5637],[-87.5549,19.5638],[-87.5545,19.5639],[-87.5541,19.5641],[-87.5539,19.5641],[-87.5536,19.5643],[-87.553,19.5646],[-87.5526,19.5649],[-87.5521,19.5652],[-87.5516,19.5654],[-87.551,19.566],[-87.5504,19.5661],[-87.5501,19.5659],[-87.5497,19.5656],[-87.5495,19.5652],[-87.5492,19.5648],[-87.5489,19.5645],[-87.5488,19.5643],[-87.5482,19.5638],[-87.5478,19.5634],[-87.5476,19.5633],[-87.5473,19.5631],[-87.5471,19.5629],[-87.547,19.5627],[-87.5467,19.5625],[-87.5463,19.562],[-87.5461,19.5618],[-87.5458,19.5616],[-87.5455,19.5614],[-87.5452,19.5612],[-87.5449,19.561],[-87.5443,19.5609],[-87.5438,19.5608],[-87.5436,19.5608],[-87.5433,19.5608],[-87.543,19.5608],[-87.5426,19.5608],[-87.5424,19.5608],[-87.5423,19.5608],[-87.5418,19.5609],[-87.5414,19.5609],[-87.5412,19.5609],[-87.5409,19.5609],[-87.5406,19.5611],[-87.5404,19.5615],[-87.5404,19.5616],[-87.5403,19.5617],[-87.5401,19.5616],[-87.54,19.5615],[-87.54,19.5612],[-87.54,19.5608],[-87.5397,19.5605],[-87.5385,19.56],[-87.538,19.5597],[-87.5379,19.5597],[-87.5379,19.559],[-87.5383,19.5582],[-87.5381,19.5577],[-87.5374,19.5577],[-87.5368,19.5577],[-87.5361,19.5573],[-87.5353,19.5574],[-87.5349,19.5581],[-87.5348,19.5591],[-87.5348,19.5592],[-87.5344,19.5603],[-87.534,19.5611],[-87.5332,19.5614],[-87.5319,19.5621],[-87.5315,19.562],[-87.5318,19.5611],[-87.5317,19.5605],[-87.5316,19.56],[-87.5316,19.56],[-87.5313,19.5588],[-87.5315,19.5577],[-87.532,19.5576],[-87.5327,19.5574],[-87.533,19.5573],[-87.5336,19.5572],[-87.5336,19.5571],[-87.5336,19.5566],[-87.5333,19.5561],[-87.5332,19.556],[-87.5329,19.556],[-87.5328,19.556],[-87.5326,19.556],[-87.5326,19.5559],[-87.5327,19.5555],[-87.533,19.5555],[-87.5331,19.5553],[-87.5331,19.5544],[-87.5331,19.5542],[-87.5331,19.5539],[-87.5332,19.5536],[-87.5333,19.5533],[-87.5332,19.5529],[-87.5334,19.5527],[-87.5335,19.5526],[-87.5338,19.552],[-87.5345,19.5515],[-87.5347,19.5514],[-87.5348,19.5514],[-87.5352,19.5512],[-87.5358,19.5511],[-87.5359,19.5511],[-87.5363,19.5504],[-87.5362,19.5496],[-87.5356,19.5491],[-87.5348,19.5494],[-87.5347,19.5494],[-87.5347,19.5493],[-87.5345,19.5492],[-87.5344,19.5483],[-87.5344,19.5481],[-87.5345,19.5479],[-87.5346,19.5478],[-87.5347,19.5478],[-87.5347,19.5478],[-87.5348,19.5476],[-87.5351,19.5473],[-87.5351,19.5473],[-87.535,19.5473],[-87.535,19.5471],[-87.5351,19.547],[-87.5352,19.5468],[-87.5355,19.5469],[-87.5359,19.547],[-87.5364,19.5469],[-87.5368,19.5466],[-87.5358,19.5459],[-87.5357,19.5458],[-87.5355,19.5457],[-87.5352,19.5459],[-87.5351,19.5459],[-87.5349,19.5457],[-87.5344,19.5458],[-87.5333,19.5456],[-87.5333,19.5456],[-87.5332,19.5456],[-87.5324,19.5454],[-87.5313,19.5451],[-87.5312,19.5449],[-87.5311,19.5448],[-87.531,19.5446],[-87.5311,19.5442],[-87.5308,19.5439],[-87.5302,19.5436],[-87.5298,19.5431],[-87.5279,19.5431],[-87.5278,19.543],[-87.5275,19.5428],[-87.5271,19.5424],[-87.5271,19.5421],[-87.5271,19.5419],[-87.5272,19.541],[-87.5267,19.5407],[-87.5266,19.5406],[-87.5263,19.5406],[-87.5258,19.5405],[-87.5257,19.5405],[-87.5249,19.5415],[-87.5256,19.5431],[-87.5252,19.5447],[-87.5257,19.5454],[-87.5255,19.5464],[-87.5245,19.5473],[-87.5237,19.5483],[-87.5237,19.5489],[-87.5236,19.549],[-87.5231,19.5492],[-87.5229,19.5494],[-87.5218,19.5505],[-87.5217,19.5506],[-87.5217,19.5506],[-87.5213,19.5513],[-87.5207,19.5537],[-87.5191,19.5557],[-87.5189,19.5574],[-87.5181,19.5581],[-87.5173,19.5592],[-87.5173,19.5592],[-87.5172,19.5593],[-87.5165,19.5609],[-87.5155,19.5616],[-87.515,19.5631],[-87.5142,19.5636],[-87.5124,19.5639],[-87.5115,19.5647],[-87.5103,19.5649],[-87.5094,19.5646],[-87.509,19.5643],[-87.5079,19.5641],[-87.5072,19.5647],[-87.5072,19.565],[-87.5071,19.5659],[-87.5068,19.5683],[-87.5052,19.5687],[-87.5039,19.5693],[-87.5025,19.5704],[-87.5017,19.5702],[-87.5014,19.5701],[-87.5012,19.57],[-87.5,19.5693],[-87.4988,19.5695],[-87.4988,19.5695],[-87.4988,19.5695],[-87.4987,19.5696],[-87.4983,19.5701],[-87.4982,19.5701],[-87.498,19.5703],[-87.4978,19.5703],[-87.4976,19.5704],[-87.4976,19.5704],[-87.4973,19.5706],[-87.4968,19.5704],[-87.4959,19.5699],[-87.4953,19.5696],[-87.4939,19.5697],[-87.4933,19.5701],[-87.4933,19.5701],[-87.4934,19.5701],[-87.4935,19.57],[-87.4937,19.57],[-87.4945,19.5701],[-87.4945,19.5701],[-87.4945,19.5702],[-87.4944,19.5702],[-87.4943,19.5703],[-87.4942,19.5703],[-87.4941,19.5703],[-87.4939,19.5703],[-87.4939,19.5702],[-87.4938,19.5702],[-87.4935,19.5702],[-87.4932,19.5702],[-87.4924,19.5707],[-87.4929,19.5715],[-87.4931,19.5716],[-87.4932,19.5716],[-87.4933,19.5716],[-87.4935,19.5717],[-87.4936,19.5717],[-87.4938,19.5718],[-87.4941,19.5719],[-87.4942,19.5719],[-87.4942,19.572],[-87.4942,19.5721],[-87.4942,19.5721],[-87.4966,19.5736],[-87.4967,19.5736],[-87.4968,19.5735],[-87.4969,19.5735],[-87.497,19.5735],[-87.4972,19.5736],[-87.4973,19.5736],[-87.4974,19.5737],[-87.4975,19.5738],[-87.4989,19.5741],[-87.5028,19.5757],[-87.5028,19.5757],[-87.5028,19.5757],[-87.5045,19.5746],[-87.5047,19.5746],[-87.5054,19.5748],[-87.5073,19.5751],[-87.5085,19.5761],[-87.5095,19.5763],[-87.5096,19.5763],[-87.5099,19.5764],[-87.5093,19.5785],[-87.5098,19.58],[-87.5087,19.5818],[-87.5068,19.5814],[-87.5037,19.5807],[-87.502,19.5806],[-87.5025,19.5817],[-87.5028,19.5824],[-87.5031,19.5825],[-87.5037,19.5828],[-87.5048,19.5845],[-87.5049,19.5847],[-87.5072,19.5867],[-87.5065,19.5877],[-87.505,19.5882],[-87.5042,19.5885],[-87.5043,19.5889],[-87.5046,19.5896],[-87.5048,19.5901],[-87.5027,19.5901],[-87.5011,19.5905],[-87.5005,19.5902],[-87.5002,19.59],[-87.5001,19.59],[-87.5005,19.589],[-87.5002,19.5877],[-87.4991,19.5871],[-87.4981,19.5875],[-87.4979,19.5873],[-87.4976,19.587],[-87.4966,19.5857],[-87.496,19.5858],[-87.4954,19.5858],[-87.4954,19.5858],[-87.495,19.5871],[-87.4949,19.5873],[-87.4946,19.5873],[-87.4942,19.5873],[-87.4939,19.5872],[-87.4929,19.5872],[-87.4925,19.5875],[-87.4923,19.5877],[-87.4921,19.5879],[-87.4924,19.5889],[-87.4924,19.589],[-87.4926,19.5897],[-87.4914,19.59],[-87.491,19.5901],[-87.4902,19.5903],[-87.4885,19.5895],[-87.4839,19.589],[-87.4819,19.5879],[-87.4763,19.5889],[-87.4762,19.5889],[-87.4761,19.5891],[-87.4758,19.59],[-87.4757,19.5902],[-87.4757,19.5903],[-87.4756,19.5906],[-87.4755,19.5913],[-87.4753,19.5914],[-87.4743,19.5918],[-87.4723,19.5907],[-87.4707,19.5902],[-87.4705,19.5902],[-87.4704,19.5903],[-87.4693,19.5912],[-87.4694,19.5913],[-87.4694,19.5913],[-87.4694,19.5913],[-87.4693,19.5914],[-87.4691,19.5915],[-87.4687,19.5915],[-87.4686,19.5916],[-87.4685,19.5916],[-87.4679,19.5916],[-87.4658,19.592],[-87.4646,19.5932],[-87.4617,19.593],[-87.4616,19.593],[-87.4616,19.593],[-87.4587,19.5947],[-87.4586,19.5948],[-87.4569,19.5947],[-87.4563,19.5947],[-87.4563,19.5947],[-87.4539,19.5946],[-87.4539,19.5946],[-87.4536,19.5955],[-87.4534,19.596],[-87.4522,19.596],[-87.4517,19.596],[-87.4516,19.5966],[-87.4516,19.5971],[-87.4515,19.5975],[-87.4515,19.5976],[-87.4525,19.5982],[-87.4525,19.599],[-87.4525,19.5991],[-87.4516,19.5995],[-87.4519,19.6007],[-87.4532,19.6021],[-87.4544,19.6022],[-87.4555,19.6012],[-87.4557,19.601],[-87.4557,19.601],[-87.4569,19.6008],[-87.4571,19.6008],[-87.4572,19.6008],[-87.4571,19.601],[-87.4569,19.6014],[-87.4562,19.6028],[-87.4571,19.6046],[-87.4575,19.606],[-87.4575,19.606],[-87.458,19.6063],[-87.4584,19.6066],[-87.4585,19.6068],[-87.4585,19.6068],[-87.4584,19.6069],[-87.4583,19.6069],[-87.4583,19.6069],[-87.4583,19.6072],[-87.4583,19.6072],[-87.4583,19.6073],[-87.4584,19.6073],[-87.4584,19.6074],[-87.4591,19.6078],[-87.4592,19.6078],[-87.4592,19.6078],[-87.4593,19.6078],[-87.4593,19.6078],[-87.4593,19.6077],[-87.4592,19.6075],[-87.4592,19.6074],[-87.4592,19.6071],[-87.4591,19.6069],[-87.4592,19.6068],[-87.4593,19.6068],[-87.4593,19.6067],[-87.4592,19.6062],[-87.4592,19.6061],[-87.4592,19.606],[-87.4592,19.606],[-87.4593,19.606],[-87.4593,19.606],[-87.4594,19.6061],[-87.4597,19.6064],[-87.4598,19.6066],[-87.4598,19.6068],[-87.4598,19.607],[-87.4599,19.607],[-87.46,19.6071],[-87.46,19.6071],[-87.4601,19.6071],[-87.4601,19.607],[-87.4603,19.6063],[-87.4603,19.6063],[-87.461,19.6063],[-87.4613,19.6063],[-87.4618,19.6068],[-87.4623,19.6073],[-87.4623,19.6073],[-87.4623,19.6073],[-87.4623,19.6074],[-87.4623,19.6074],[-87.4623,19.6075],[-87.4622,19.6076],[-87.4622,19.6076],[-87.4622,19.6076],[-87.4621,19.6076],[-87.4621,19.6077],[-87.462,19.6078],[-87.4619,19.608],[-87.4619,19.6081],[-87.4617,19.6081],[-87.4608,19.6092],[-87.4608,19.6092],[-87.461,19.6094],[-87.4612,19.6095],[-87.4613,19.6095],[-87.4614,19.6095],[-87.4614,19.6096],[-87.4613,19.6097],[-87.4611,19.6098],[-87.461,19.6098],[-87.4609,19.6098],[-87.4609,19.6097],[-87.4609,19.6096],[-87.4607,19.6095],[-87.4607,19.6095],[-87.46,19.6108],[-87.46,19.6109],[-87.46,19.611],[-87.4601,19.611],[-87.4599,19.6112],[-87.4598,19.6112],[-87.4597,19.6113],[-87.4593,19.6121],[-87.4562,19.6158],[-87.4543,19.6172],[-87.4525,19.6176],[-87.4521,19.6174],[-87.4519,19.6173],[-87.4503,19.6164],[-87.4503,19.6164],[-87.4503,19.6164],[-87.4497,19.6176],[-87.4482,19.6193],[-87.4474,19.6199],[-87.4469,19.6199],[-87.447,19.62],[-87.447,19.6201],[-87.447,19.6202],[-87.4469,19.6203],[-87.4468,19.6203],[-87.4467,19.62],[-87.4466,19.6199],[-87.4462,19.62],[-87.4462,19.6202],[-87.4461,19.6202],[-87.4459,19.6203],[-87.4458,19.6205],[-87.4457,19.6206],[-87.4458,19.621],[-87.4458,19.621],[-87.4458,19.621],[-87.4459,19.621],[-87.4461,19.621],[-87.4463,19.6213],[-87.4465,19.6216],[-87.4465,19.6217],[-87.4464,19.6219],[-87.4464,19.622],[-87.4464,19.622],[-87.4465,19.6221],[-87.4451,19.6228],[-87.4457,19.6238],[-87.4459,19.624],[-87.446,19.6241],[-87.4461,19.6242],[-87.4461,19.6242],[-87.4464,19.6243],[-87.4463,19.6245],[-87.4461,19.6249],[-87.4466,19.6259],[-87.4466,19.626],[-87.4468,19.6261],[-87.4473,19.6262],[-87.4476,19.6262],[-87.4476,19.6264],[-87.4476,19.627],[-87.4476,19.627],[-87.4478,19.6271],[-87.4481,19.6271],[-87.4483,19.6271],[-87.4485,19.6275],[-87.4486,19.6275],[-87.4488,19.6275],[-87.4489,19.6275],[-87.4492,19.6276],[-87.4493,19.6276],[-87.4493,19.6276],[-87.4495,19.6278],[-87.4496,19.6279],[-87.4497,19.628],[-87.4497,19.6281],[-87.4496,19.6281],[-87.4496,19.6282],[-87.4496,19.6282],[-87.4495,19.6284],[-87.4495,19.6294],[-87.4496,19.6294],[-87.4496,19.6294],[-87.4498,19.6293],[-87.4503,19.6293],[-87.4504,19.6294],[-87.4505,19.6294],[-87.4505,19.6294],[-87.4505,19.6295],[-87.4505,19.6295],[-87.4503,19.6296],[-87.4502,19.6296],[-87.4497,19.6297],[-87.4495,19.6297],[-87.4491,19.6302],[-87.449,19.6304],[-87.449,19.6304],[-87.449,19.6304],[-87.4493,19.6303],[-87.4494,19.6303],[-87.4494,19.6303],[-87.4495,19.6304],[-87.4495,19.6304],[-87.4496,19.6305],[-87.4497,19.6307],[-87.4497,19.6307],[-87.4497,19.6308],[-87.4497,19.6309],[-87.4497,19.6309],[-87.4501,19.6311],[-87.4505,19.6314],[-87.4508,19.6315],[-87.4508,19.6315],[-87.4513,19.6315],[-87.4509,19.6333],[-87.4512,19.6337],[-87.4514,19.6338],[-87.4517,19.6337],[-87.4519,19.6337],[-87.4519,19.6337],[-87.452,19.6337],[-87.4521,19.6338],[-87.4521,19.6338],[-87.4523,19.6346],[-87.4523,19.6351],[-87.453,19.6368],[-87.453,19.6371],[-87.4533,19.6376],[-87.4537,19.6378],[-87.4538,19.6377],[-87.4538,19.6376],[-87.4539,19.6375],[-87.4539,19.6374],[-87.4539,19.6372],[-87.4539,19.6371],[-87.4539,19.6371],[-87.4538,19.6371],[-87.4538,19.6372],[-87.4538,19.6372],[-87.4536,19.6373],[-87.4536,19.6373],[-87.4535,19.6373],[-87.4534,19.6372],[-87.4532,19.6371],[-87.4531,19.6369],[-87.4531,19.6368],[-87.4533,19.6366],[-87.4533,19.6365],[-87.4535,19.6363],[-87.4535,19.6363],[-87.4535,19.6363],[-87.4535,19.6363],[-87.4533,19.6363],[-87.4532,19.6358],[-87.4535,19.6353],[-87.4535,19.6351],[-87.4537,19.6349],[-87.4537,19.6347],[-87.4539,19.6347],[-87.454,19.6344],[-87.454,19.6344],[-87.454,19.6343],[-87.4541,19.6342],[-87.4541,19.6341],[-87.4542,19.634],[-87.4544,19.6339],[-87.4545,19.6339],[-87.4546,19.6342],[-87.4547,19.634],[-87.4549,19.634],[-87.4555,19.6348],[-87.4555,19.6354],[-87.4556,19.6359],[-87.4557,19.636],[-87.4561,19.6362],[-87.4562,19.6371],[-87.4567,19.6381],[-87.4567,19.6386],[-87.4564,19.6395],[-87.4571,19.6406],[-87.457,19.6412],[-87.4568,19.6413],[-87.4571,19.6427],[-87.4573,19.643],[-87.4572,19.643],[-87.4566,19.6432],[-87.4562,19.6427],[-87.4557,19.6427],[-87.4556,19.6427],[-87.4556,19.6427],[-87.4553,19.6436],[-87.4554,19.6441],[-87.4552,19.6456],[-87.4548,19.6459],[-87.4549,19.6471],[-87.4551,19.6475],[-87.455,19.6476],[-87.4548,19.6476],[-87.4547,19.6477],[-87.4546,19.6478],[-87.4546,19.6478],[-87.4545,19.6478],[-87.4545,19.648],[-87.4533,19.648],[-87.4533,19.6478],[-87.4532,19.6478],[-87.4531,19.6477],[-87.4531,19.6476],[-87.453,19.6476],[-87.453,19.6475],[-87.453,19.6471],[-87.4528,19.6463],[-87.4528,19.6462],[-87.4528,19.6458],[-87.4528,19.6456],[-87.4528,19.6454],[-87.4529,19.6451],[-87.4529,19.6446],[-87.4529,19.6444],[-87.4528,19.6443],[-87.4528,19.6442],[-87.4528,19.6438],[-87.4528,19.6434],[-87.4529,19.6432],[-87.4529,19.6429],[-87.4528,19.6428],[-87.4527,19.6423],[-87.4525,19.6416],[-87.4525,19.6416],[-87.4525,19.6415],[-87.4524,19.6413],[-87.4523,19.6412],[-87.4521,19.6409],[-87.452,19.6408],[-87.4518,19.6406],[-87.4517,19.6405],[-87.4516,19.6405],[-87.4515,19.6405],[-87.4512,19.6403],[-87.4509,19.64],[-87.4507,19.6398],[-87.4506,19.6397],[-87.4505,19.6396],[-87.45,19.6392],[-87.4499,19.6387],[-87.4499,19.6382],[-87.4502,19.6378],[-87.45,19.6374],[-87.4497,19.6368],[-87.4496,19.6363],[-87.4496,19.6362],[-87.4496,19.6361],[-87.4495,19.636],[-87.4496,19.6359],[-87.4496,19.6359],[-87.4497,19.6359],[-87.4497,19.636],[-87.4498,19.6363],[-87.4498,19.6362],[-87.4497,19.6354],[-87.4497,19.6353],[-87.4496,19.6351],[-87.4494,19.6344],[-87.4491,19.6339],[-87.4489,19.6335],[-87.4486,19.6328],[-87.4484,19.6323],[-87.4483,19.6321],[-87.4482,19.632],[-87.448,19.6318],[-87.4477,19.6315],[-87.4474,19.6313],[-87.4472,19.6311],[-87.4466,19.6305],[-87.446,19.6302],[-87.4455,19.6299],[-87.4451,19.6297],[-87.4446,19.6294],[-87.4443,19.6291],[-87.4438,19.6287],[-87.4436,19.6286],[-87.4432,19.6283],[-87.4427,19.6281],[-87.4424,19.6279],[-87.4417,19.6278],[-87.4416,19.6277],[-87.4416,19.6277],[-87.4415,19.6276],[-87.4413,19.6275],[-87.4411,19.6274],[-87.4409,19.6273],[-87.4407,19.6272],[-87.4399,19.6264],[-87.4394,19.626],[-87.4391,19.6255],[-87.4389,19.6252],[-87.4388,19.6251],[-87.4387,19.625],[-87.4384,19.6247],[-87.4379,19.6245],[-87.4373,19.6238],[-87.4368,19.6235],[-87.4366,19.6234],[-87.4364,19.6234],[-87.4364,19.6233],[-87.4363,19.6233],[-87.436,19.6229],[-87.4358,19.6227],[-87.4356,19.6224],[-87.4356,19.6224],[-87.4353,19.6222],[-87.4352,19.6221],[-87.435,19.622],[-87.4349,19.6219],[-87.4344,19.6218],[-87.4342,19.6218],[-87.4341,19.6217],[-87.434,19.6217],[-87.4336,19.6215],[-87.4333,19.6214],[-87.4328,19.6215],[-87.4326,19.6213],[-87.4324,19.6212],[-87.4323,19.6212],[-87.432,19.6212],[-87.4319,19.6211],[-87.4318,19.6211],[-87.4315,19.621],[-87.4314,19.621],[-87.4311,19.6209],[-87.4308,19.6206],[-87.4305,19.6205],[-87.4302,19.6202],[-87.4296,19.6196],[-87.4295,19.6195],[-87.4294,19.6195],[-87.4293,19.6195],[-87.4293,19.6195],[-87.4291,19.6194],[-87.4288,19.6192],[-87.4286,19.6191],[-87.4286,19.6191],[-87.4285,19.619],[-87.4283,19.6189],[-87.428,19.6185],[-87.4278,19.6184],[-87.427,19.6176],[-87.4268,19.6175],[-87.4267,19.6174],[-87.4266,19.6173],[-87.4265,19.6172],[-87.4264,19.6172],[-87.426,19.6167],[-87.426,19.6166],[-87.4257,19.6162],[-87.4256,19.616],[-87.4255,19.6158],[-87.4254,19.6157],[-87.4253,19.6156],[-87.4251,19.6152],[-87.4249,19.6148],[-87.4248,19.6146],[-87.4246,19.6144],[-87.4244,19.614],[-87.4241,19.6135],[-87.4235,19.612],[-87.4234,19.6117],[-87.4234,19.6116],[-87.4234,19.6116],[-87.4235,19.6115],[-87.4235,19.6115],[-87.4237,19.6113],[-87.4238,19.6113],[-87.4239,19.6113],[-87.424,19.6113],[-87.4242,19.6113],[-87.4243,19.6113],[-87.4245,19.6111],[-87.4246,19.611],[-87.4246,19.6108],[-87.4247,19.6108],[-87.4249,19.6107],[-87.425,19.6107],[-87.4249,19.6106],[-87.4247,19.6106],[-87.4246,19.6106],[-87.4245,19.6107],[-87.4243,19.6108],[-87.4242,19.6108],[-87.4241,19.6109],[-87.424,19.611],[-87.4238,19.6111],[-87.4238,19.6111],[-87.4236,19.6111],[-87.4234,19.6111],[-87.4233,19.6111],[-87.4232,19.611],[-87.4232,19.611],[-87.4231,19.6109],[-87.4231,19.6109],[-87.423,19.6108],[-87.423,19.6106],[-87.4229,19.6103],[-87.4227,19.6099],[-87.4225,19.6096],[-87.4223,19.6092],[-87.4222,19.6091],[-87.4222,19.609],[-87.4218,19.6087],[-87.4217,19.6086],[-87.4212,19.608],[-87.4208,19.6075],[-87.4207,19.6074],[-87.4204,19.607],[-87.4203,19.6069],[-87.4202,19.6066],[-87.4202,19.6065],[-87.4201,19.6062],[-87.42,19.6053],[-87.4196,19.6042],[-87.4195,19.6039],[-87.4194,19.6037],[-87.4194,19.6035],[-87.4194,19.6034],[-87.419,19.603],[-87.418,19.6029],[-87.4178,19.6026],[-87.4169,19.6023],[-87.4159,19.6019],[-87.4165,19.6012],[-87.4164,19.6009],[-87.4156,19.601],[-87.4152,19.6007],[-87.4142,19.6006],[-87.4133,19.601],[-87.4133,19.6011],[-87.4137,19.6015],[-87.4136,19.6016],[-87.4136,19.6015],[-87.4136,19.6015],[-87.4133,19.6011],[-87.4131,19.6012],[-87.413,19.6012],[-87.413,19.6012],[-87.4129,19.6013],[-87.4128,19.6013],[-87.4128,19.6014],[-87.4127,19.6014],[-87.4125,19.6014],[-87.4124,19.6014],[-87.4123,19.6014],[-87.4122,19.6013],[-87.412,19.6012],[-87.4119,19.6011],[-87.4116,19.6004],[-87.4116,19.6003],[-87.4114,19.6001],[-87.4113,19.5998],[-87.4111,19.5994],[-87.411,19.5993],[-87.4109,19.5991],[-87.4107,19.599],[-87.4104,19.5987],[-87.4101,19.5985],[-87.4101,19.5984],[-87.4101,19.5982],[-87.4101,19.598],[-87.4102,19.5978],[-87.4103,19.5977],[-87.4103,19.5976],[-87.4103,19.5976],[-87.4104,19.5974],[-87.4105,19.5973],[-87.4107,19.5969],[-87.4106,19.5957],[-87.4107,19.5939],[-87.4106,19.5921],[-87.4106,19.5917],[-87.4108,19.5913],[-87.4109,19.5901],[-87.4109,19.5895],[-87.4111,19.5893],[-87.4111,19.5892],[-87.4113,19.5889],[-87.4113,19.5888],[-87.4113,19.5886],[-87.4113,19.5883],[-87.4113,19.5881],[-87.4113,19.5878],[-87.4114,19.5876],[-87.4115,19.5871],[-87.4116,19.5859],[-87.4117,19.5853],[-87.4119,19.5848],[-87.412,19.5847],[-87.412,19.5846],[-87.4122,19.5844],[-87.4122,19.5843],[-87.4124,19.5834],[-87.4124,19.5832],[-87.4125,19.5831],[-87.4126,19.5825],[-87.4127,19.5822],[-87.4128,19.5817],[-87.413,19.5809],[-87.4131,19.58],[-87.4131,19.5793],[-87.4133,19.5783],[-87.4134,19.5768],[-87.4135,19.5758],[-87.4136,19.5754],[-87.4136,19.575],[-87.4136,19.5743],[-87.4136,19.5742],[-87.4135,19.574],[-87.4135,19.5736],[-87.4134,19.5735],[-87.4134,19.5733],[-87.4133,19.5732],[-87.4132,19.5731],[-87.4131,19.5728],[-87.4131,19.5723],[-87.4131,19.5719],[-87.4136,19.5706],[-87.4138,19.5702],[-87.4139,19.5699],[-87.4141,19.5683],[-87.4142,19.5676],[-87.4142,19.5673],[-87.4142,19.5671],[-87.4142,19.5669],[-87.4142,19.5665],[-87.4142,19.5663],[-87.4142,19.566],[-87.4141,19.5657],[-87.414,19.5654],[-87.4141,19.5653],[-87.4142,19.565],[-87.4143,19.5648],[-87.4142,19.5647],[-87.4143,19.5641],[-87.4148,19.5637],[-87.4148,19.5637],[-87.4149,19.5636],[-87.415,19.5634],[-87.4152,19.5631],[-87.4153,19.563],[-87.4153,19.5629],[-87.4153,19.5629],[-87.4156,19.5623],[-87.4158,19.5619],[-87.4159,19.5618],[-87.4159,19.5616],[-87.4159,19.5613],[-87.4159,19.5611],[-87.4161,19.5606],[-87.4162,19.5603],[-87.4163,19.5597],[-87.4163,19.5595],[-87.4163,19.559],[-87.4163,19.559],[-87.4163,19.5588],[-87.4163,19.5584],[-87.4163,19.558],[-87.4163,19.5579],[-87.4163,19.5577],[-87.4164,19.5575],[-87.4165,19.5574],[-87.4165,19.5573],[-87.4168,19.5573],[-87.417,19.5573],[-87.4171,19.5573],[-87.4178,19.5573],[-87.4183,19.5576],[-87.4183,19.5578],[-87.4187,19.5581],[-87.4192,19.5581],[-87.4193,19.5581],[-87.4193,19.558],[-87.4195,19.5578],[-87.4196,19.5579],[-87.42,19.5576],[-87.42,19.5576],[-87.4201,19.5575],[-87.4203,19.5573],[-87.4204,19.557],[-87.4206,19.5567],[-87.4207,19.5565],[-87.4207,19.5564],[-87.4209,19.5559],[-87.4212,19.5554],[-87.4213,19.5553],[-87.4214,19.5551],[-87.4215,19.555],[-87.4217,19.5547],[-87.4219,19.5545],[-87.422,19.5543],[-87.4222,19.5541],[-87.4222,19.554],[-87.4222,19.5538],[-87.4224,19.5535],[-87.4225,19.5536],[-87.4226,19.5534],[-87.4231,19.5524],[-87.4232,19.5523],[-87.4232,19.552],[-87.4234,19.5517],[-87.4236,19.5511],[-87.4237,19.5507],[-87.4237,19.5505],[-87.4238,19.5501],[-87.424,19.5496],[-87.424,19.5494],[-87.4241,19.5483],[-87.4242,19.5479],[-87.4242,19.5473],[-87.4242,19.5469],[-87.4242,19.5465],[-87.4242,19.5461],[-87.4241,19.546],[-87.4241,19.5453],[-87.4241,19.5453],[-87.424,19.5443],[-87.4239,19.5437],[-87.4239,19.5434],[-87.4238,19.543],[-87.4238,19.5429],[-87.4238,19.5427],[-87.4236,19.5422],[-87.4232,19.5418],[-87.4233,19.5415],[-87.423,19.5408],[-87.423,19.5407],[-87.4229,19.5406],[-87.4229,19.5406],[-87.4227,19.54],[-87.4223,19.5388],[-87.4223,19.5388],[-87.4223,19.5388],[-87.4225,19.5385],[-87.4227,19.5383],[-87.4228,19.5381],[-87.423,19.5379],[-87.4231,19.5378],[-87.4233,19.5375],[-87.4234,19.5374],[-87.4236,19.5371],[-87.4236,19.5371],[-87.4236,19.5369],[-87.4241,19.5361],[-87.4243,19.5361],[-87.4246,19.5357],[-87.4246,19.5357],[-87.4247,19.5356],[-87.4247,19.5355],[-87.4247,19.5352],[-87.4253,19.5347],[-87.4258,19.5343],[-87.4259,19.5342],[-87.426,19.5341],[-87.4262,19.5335],[-87.4263,19.5335],[-87.4264,19.5333],[-87.4265,19.5332],[-87.4268,19.5326],[-87.427,19.5322],[-87.4273,19.5315],[-87.4274,19.5314],[-87.4274,19.5313],[-87.4275,19.5311],[-87.4275,19.5311],[-87.4275,19.531],[-87.4275,19.5305],[-87.4275,19.5302],[-87.4275,19.5301],[-87.4275,19.5298],[-87.4275,19.5296],[-87.4275,19.5295],[-87.4276,19.5294],[-87.4277,19.5292],[-87.4277,19.529],[-87.4278,19.5289],[-87.4278,19.5287],[-87.4278,19.5282],[-87.4278,19.5281],[-87.4278,19.5278],[-87.4278,19.5275],[-87.4276,19.5267],[-87.4275,19.5263],[-87.4275,19.5261],[-87.4274,19.5259],[-87.4272,19.5252],[-87.4271,19.5251],[-87.4272,19.525],[-87.4271,19.5249],[-87.4271,19.5247],[-87.4269,19.5245],[-87.4268,19.5244],[-87.4267,19.5242],[-87.4267,19.5241],[-87.4267,19.5238],[-87.4268,19.5236],[-87.4267,19.5235],[-87.4269,19.5233],[-87.4269,19.5232],[-87.427,19.523],[-87.4272,19.5228],[-87.4273,19.5225],[-87.4279,19.5221],[-87.4281,19.5219],[-87.4284,19.5215],[-87.4285,19.5213],[-87.4286,19.5211],[-87.4287,19.5209],[-87.4288,19.5207],[-87.4291,19.5202],[-87.4293,19.52],[-87.4295,19.5198],[-87.4296,19.5196],[-87.43,19.519],[-87.4301,19.5188],[-87.4303,19.5185],[-87.4304,19.5182],[-87.4305,19.5181],[-87.4306,19.5178],[-87.4306,19.5176],[-87.4307,19.5173],[-87.4309,19.5167],[-87.4309,19.5163],[-87.4312,19.5148],[-87.4312,19.5144],[-87.4313,19.5132],[-87.4314,19.5123],[-87.4313,19.5113],[-87.4313,19.5112],[-87.4313,19.5108],[-87.4313,19.5104],[-87.4313,19.51],[-87.4312,19.5093],[-87.4311,19.5082],[-87.431,19.5072],[-87.431,19.5071],[-87.4308,19.5059],[-87.4307,19.5054],[-87.4307,19.5052],[-87.4304,19.5043],[-87.4303,19.5042],[-87.4302,19.5039],[-87.4299,19.5034],[-87.4298,19.5033],[-87.4294,19.5026],[-87.4294,19.5025],[-87.4292,19.5019],[-87.429,19.5015],[-87.429,19.5015],[-87.4286,19.5008],[-87.4286,19.5004],[-87.4287,19.5001],[-87.4287,19.499],[-87.4287,19.4986],[-87.4288,19.4986],[-87.4288,19.4982],[-87.429,19.4975],[-87.4292,19.497],[-87.4293,19.4966],[-87.4295,19.4954],[-87.43,19.4938],[-87.4304,19.4937],[-87.4306,19.4929],[-87.4309,19.4926],[-87.431,19.4926],[-87.431,19.4925],[-87.4319,19.4904],[-87.4321,19.4904],[-87.4322,19.4901],[-87.4324,19.4893],[-87.4325,19.4891],[-87.4325,19.4891],[-87.4324,19.4889],[-87.4326,19.4884],[-87.4326,19.4881],[-87.4326,19.4871],[-87.4326,19.4868],[-87.4326,19.4867],[-87.4326,19.4865],[-87.4327,19.4864],[-87.4327,19.4864],[-87.4327,19.4861],[-87.4327,19.4861],[-87.4329,19.4859],[-87.4331,19.4856],[-87.4333,19.4855],[-87.4334,19.4853],[-87.4336,19.4852],[-87.4338,19.4852],[-87.4339,19.4852],[-87.4341,19.4851],[-87.4343,19.4849],[-87.4345,19.4847],[-87.4345,19.4846],[-87.4347,19.4845],[-87.4348,19.4844],[-87.4349,19.4842],[-87.4351,19.484],[-87.4352,19.4838],[-87.4353,19.4838],[-87.4355,19.4837],[-87.4357,19.4833],[-87.4358,19.483],[-87.436,19.4827],[-87.4361,19.4827],[-87.4361,19.4826],[-87.4362,19.4824],[-87.4362,19.4823],[-87.4362,19.4823],[-87.4363,19.4821],[-87.4364,19.4821],[-87.4364,19.4819],[-87.4366,19.4818],[-87.4366,19.4818],[-87.4367,19.4816],[-87.4367,19.4816],[-87.4369,19.4814],[-87.4369,19.4814],[-87.4371,19.4811],[-87.4372,19.4809],[-87.4372,19.4808],[-87.4372,19.4806],[-87.4372,19.4805],[-87.4373,19.4801],[-87.4373,19.4799],[-87.4376,19.4797],[-87.4376,19.4796],[-87.4377,19.4796],[-87.4378,19.4794],[-87.4378,19.4792],[-87.4378,19.479],[-87.4379,19.4787],[-87.438,19.4782],[-87.4381,19.478],[-87.4382,19.4777],[-87.4383,19.477],[-87.4383,19.4769],[-87.4383,19.4764],[-87.4385,19.4759],[-87.4386,19.4754],[-87.4387,19.475],[-87.4387,19.4745],[-87.4387,19.4743],[-87.4389,19.4741],[-87.4391,19.4739],[-87.4391,19.4738],[-87.4392,19.4734],[-87.4393,19.4727],[-87.4393,19.4724],[-87.4393,19.4721],[-87.4393,19.4719],[-87.4394,19.4718],[-87.4392,19.4712],[-87.4392,19.471],[-87.4393,19.4708],[-87.4393,19.4707],[-87.4393,19.4707],[-87.4394,19.4706],[-87.4394,19.4705],[-87.4395,19.4705],[-87.4396,19.4704],[-87.4397,19.4702],[-87.4397,19.4701],[-87.4398,19.47],[-87.4398,19.4698],[-87.4398,19.4697],[-87.4398,19.4697],[-87.4398,19.4696],[-87.4399,19.4695],[-87.4401,19.4693],[-87.4402,19.469],[-87.4404,19.469],[-87.4409,19.4689],[-87.4414,19.4689],[-87.442,19.4689],[-87.4425,19.4689],[-87.443,19.469],[-87.4436,19.469],[-87.4439,19.469],[-87.4444,19.4689],[-87.4446,19.4688],[-87.445,19.4687],[-87.4454,19.4683],[-87.4455,19.4678],[-87.4456,19.4676],[-87.4459,19.4676],[-87.4462,19.4674],[-87.4464,19.4674],[-87.4464,19.4674],[-87.4465,19.4673],[-87.4466,19.4669],[-87.447,19.4665],[-87.4473,19.4662],[-87.4476,19.4659],[-87.4478,19.4656],[-87.448,19.4654],[-87.4484,19.465],[-87.4489,19.4647],[-87.4493,19.4644],[-87.4495,19.4642],[-87.4497,19.464],[-87.4499,19.4638],[-87.4501,19.4638],[-87.4502,19.4637],[-87.4504,19.4635],[-87.4506,19.4633],[-87.4508,19.4632],[-87.4511,19.4629],[-87.4512,19.4627],[-87.4512,19.4626],[-87.4515,19.4623],[-87.4517,19.4621],[-87.4523,19.4615],[-87.4525,19.4613],[-87.4528,19.461],[-87.4531,19.461],[-87.4532,19.4609],[-87.4533,19.4607],[-87.4537,19.4605],[-87.454,19.4604],[-87.4543,19.4601],[-87.4545,19.4599],[-87.4548,19.4597],[-87.4551,19.4596],[-87.4551,19.4596],[-87.4555,19.4592],[-87.4556,19.4591],[-87.4557,19.459],[-87.4559,19.4588],[-87.456,19.4588],[-87.4563,19.4585],[-87.4568,19.4582],[-87.4571,19.4579],[-87.4575,19.4576],[-87.4577,19.4573],[-87.4578,19.4571],[-87.458,19.4569],[-87.4583,19.4567],[-87.4583,19.4565],[-87.4585,19.4561],[-87.4588,19.4557],[-87.4589,19.4556],[-87.4594,19.4552],[-87.46,19.4549],[-87.4604,19.4547],[-87.4608,19.4546],[-87.4614,19.4544],[-87.4616,19.4542],[-87.4618,19.454],[-87.4621,19.454],[-87.4626,19.4537],[-87.4627,19.4535],[-87.4629,19.4532],[-87.4633,19.453],[-87.4636,19.4531],[-87.4638,19.4531],[-87.4642,19.4529],[-87.4644,19.4528],[-87.4645,19.4527],[-87.4647,19.4526],[-87.4647,19.4526],[-87.4647,19.4525],[-87.4648,19.4523],[-87.465,19.452],[-87.4653,19.4517],[-87.4653,19.4517],[-87.4654,19.4515],[-87.4654,19.4515],[-87.4654,19.4514],[-87.4657,19.451],[-87.4659,19.4506],[-87.4661,19.4505],[-87.4661,19.4504],[-87.4665,19.4499],[-87.4669,19.4494],[-87.4669,19.4493],[-87.467,19.4491],[-87.4672,19.4488],[-87.4674,19.4486],[-87.4676,19.4486],[-87.4676,19.4485],[-87.4678,19.4483],[-87.468,19.4481],[-87.468,19.448],[-87.468,19.4479],[-87.4682,19.4477],[-87.4684,19.4476],[-87.4687,19.4472],[-87.4691,19.447],[-87.4691,19.447],[-87.4694,19.4467],[-87.4694,19.4467],[-87.4695,19.4465],[-87.4697,19.4462],[-87.47,19.4458],[-87.4703,19.4455],[-87.4704,19.4454],[-87.4711,19.4449],[-87.4716,19.4448],[-87.4717,19.4447],[-87.472,19.4445],[-87.4723,19.4443],[-87.4725,19.4441],[-87.4728,19.4439],[-87.4731,19.4438],[-87.4734,19.4437],[-87.4737,19.4436],[-87.474,19.4434],[-87.4743,19.4433],[-87.4747,19.4432],[-87.4751,19.443],[-87.4753,19.4428],[-87.4758,19.4428],[-87.4762,19.4426],[-87.4765,19.4424],[-87.477,19.4421],[-87.4775,19.4421],[-87.4778,19.442],[-87.4783,19.4418],[-87.4787,19.4418],[-87.479,19.4419],[-87.479,19.4419],[-87.4797,19.4418],[-87.4798,19.4418],[-87.4798,19.4418],[-87.4802,19.4417],[-87.4804,19.4416],[-87.4807,19.4414],[-87.4809,19.4411],[-87.4811,19.4409],[-87.4817,19.4409],[-87.482,19.4409],[-87.4822,19.4409],[-87.4822,19.4409],[-87.4823,19.4409],[-87.4825,19.4409],[-87.4828,19.4409],[-87.4835,19.4407],[-87.4837,19.4406],[-87.4841,19.4404],[-87.4844,19.4402],[-87.4848,19.4402],[-87.485,19.44],[-87.4854,19.4398],[-87.4856,19.4398],[-87.486,19.4398],[-87.4868,19.4395],[-87.4868,19.4395],[-87.487,19.4394],[-87.4875,19.439],[-87.4881,19.4388],[-87.4889,19.4386],[-87.4891,19.4384],[-87.4894,19.4381],[-87.4896,19.4379],[-87.4896,19.4379],[-87.49,19.4377],[-87.4903,19.4376],[-87.4905,19.4374],[-87.4907,19.4373],[-87.4914,19.4368],[-87.4918,19.4364],[-87.4924,19.4359],[-87.4924,19.4359],[-87.4925,19.4357],[-87.4927,19.4355],[-87.4928,19.4354],[-87.493,19.4351],[-87.4932,19.435],[-87.4933,19.435],[-87.4936,19.4346],[-87.4937,19.4345],[-87.4937,19.4345],[-87.4937,19.4345],[-87.4942,19.4342],[-87.4944,19.4342],[-87.4945,19.4342],[-87.4946,19.434],[-87.4948,19.4338],[-87.4949,19.4337],[-87.4951,19.4334],[-87.4954,19.4332],[-87.4957,19.4331],[-87.4957,19.4331],[-87.4961,19.4326],[-87.4964,19.4323],[-87.4966,19.432],[-87.4967,19.4319],[-87.4968,19.4316],[-87.4969,19.4315],[-87.4971,19.4314],[-87.4972,19.4314],[-87.4974,19.4312],[-87.4974,19.4312],[-87.4976,19.431],[-87.4979,19.4307],[-87.4979,19.4306],[-87.498,19.4306],[-87.498,19.4305],[-87.4985,19.4301],[-87.4986,19.43],[-87.4988,19.4298],[-87.499,19.4295],[-87.499,19.4295],[-87.4991,19.4293],[-87.4993,19.429],[-87.4994,19.4288],[-87.4994,19.4286],[-87.4998,19.4282],[-87.5,19.4281],[-87.5002,19.4278],[-87.5004,19.4275],[-87.5006,19.4273],[-87.5007,19.4272],[-87.5007,19.4272],[-87.5009,19.4268],[-87.5011,19.4266],[-87.5012,19.4265],[-87.5014,19.4264],[-87.5017,19.4262],[-87.5018,19.4262],[-87.5022,19.4258],[-87.5023,19.4257],[-87.5023,19.4255],[-87.5025,19.4253],[-87.5028,19.4252],[-87.5028,19.4252],[-87.5033,19.4247],[-87.5038,19.4241],[-87.5047,19.4229],[-87.5052,19.4221],[-87.5054,19.4217],[-87.5055,19.4215],[-87.5057,19.4212],[-87.5058,19.421],[-87.5058,19.4208],[-87.5062,19.4199],[-87.5064,19.4194],[-87.5064,19.4193],[-87.5065,19.4192],[-87.5067,19.419],[-87.5069,19.4186],[-87.5076,19.4176],[-87.5085,19.4167],[-87.5089,19.4163],[-87.5094,19.4158],[-87.5096,19.4156],[-87.5098,19.4153],[-87.5103,19.4148],[-87.5104,19.4146],[-87.5105,19.4146],[-87.5105,19.4145],[-87.5106,19.4144],[-87.5107,19.4143],[-87.5112,19.4139],[-87.5113,19.4137],[-87.5114,19.4137],[-87.5114,19.4136],[-87.5116,19.4133],[-87.5118,19.4131],[-87.512,19.4129],[-87.5124,19.4125],[-87.5125,19.4124],[-87.5125,19.4124],[-87.5128,19.4119],[-87.5129,19.4118],[-87.5135,19.411],[-87.5138,19.4105],[-87.514,19.4103],[-87.5144,19.4098],[-87.5148,19.4094],[-87.515,19.4089],[-87.5152,19.4086],[-87.5155,19.4082],[-87.5156,19.4081],[-87.5159,19.4074],[-87.516,19.4073],[-87.516,19.4072],[-87.5159,19.4072],[-87.5159,19.4071],[-87.516,19.407],[-87.5161,19.4071],[-87.5162,19.407],[-87.5165,19.4065],[-87.5173,19.4053],[-87.5178,19.4047],[-87.5179,19.4046],[-87.5181,19.404],[-87.5182,19.4037],[-87.5182,19.4037],[-87.5183,19.4036],[-87.5185,19.4034],[-87.5186,19.4033],[-87.5188,19.4031],[-87.519,19.4027],[-87.519,19.4025],[-87.5191,19.4022],[-87.5193,19.4019],[-87.5194,19.4017],[-87.5195,19.4016],[-87.5196,19.4012],[-87.5199,19.401],[-87.52,19.4009],[-87.5201,19.4008],[-87.5204,19.4004],[-87.5205,19.4],[-87.5206,19.3999],[-87.5209,19.3996],[-87.5209,19.3996],[-87.5212,19.3994],[-87.5215,19.3991],[-87.5216,19.3989],[-87.5217,19.3988],[-87.5218,19.3985],[-87.5221,19.3983],[-87.5223,19.3982],[-87.5223,19.3981],[-87.5225,19.398],[-87.5228,19.3978],[-87.5232,19.3974],[-87.5232,19.3974],[-87.5233,19.397],[-87.5237,19.3968],[-87.5239,19.3968],[-87.5242,19.3965],[-87.5244,19.3963],[-87.5247,19.396],[-87.5249,19.3958],[-87.5251,19.3956],[-87.5257,19.3953],[-87.5267,19.3948],[-87.5279,19.3943],[-87.5285,19.394],[-87.5294,19.3937],[-87.5299,19.3936],[-87.5312,19.3933],[-87.5316,19.3931],[-87.532,19.393],[-87.5322,19.393],[-87.5326,19.3928],[-87.5326,19.3928],[-87.5328,19.3928],[-87.533,19.3928],[-87.5333,19.3927],[-87.5335,19.3927],[-87.5338,19.3926],[-87.5341,19.3926],[-87.5342,19.3926],[-87.5343,19.3926],[-87.5345,19.3926],[-87.5345,19.3926],[-87.5347,19.3927],[-87.5349,19.3926],[-87.5352,19.3926],[-87.5356,19.3925],[-87.5359,19.3925],[-87.5365,19.3926],[-87.5374,19.3927],[-87.5375,19.3927],[-87.5379,19.3928],[-87.5382,19.3929],[-87.5389,19.393],[-87.5389,19.393],[-87.5394,19.393],[-87.5394,19.393],[-87.5394,19.393],[-87.5398,19.3929],[-87.5405,19.3927],[-87.5409,19.3926],[-87.5415,19.3924],[-87.5422,19.3919],[-87.5445,19.3914],[-87.5456,19.3913],[-87.547,19.3915],[-87.5473,19.3916],[-87.5477,19.3916],[-87.5478,19.3918],[-87.5484,19.3919],[-87.5488,19.392],[-87.5489,19.392],[-87.549,19.392],[-87.5493,19.392],[-87.5493,19.3922],[-87.5494,19.3922],[-87.5495,19.3923],[-87.5496,19.3924],[-87.5496,19.3925],[-87.5496,19.3925],[-87.5495,19.3926],[-87.5495,19.3926],[-87.5493,19.3926],[-87.5493,19.3927],[-87.5492,19.3926],[-87.549,19.3927],[-87.5487,19.3927],[-87.5484,19.3926],[-87.548,19.3926],[-87.5479,19.3925],[-87.5477,19.3926],[-87.5475,19.3927],[-87.5476,19.3928],[-87.5481,19.3929],[-87.5483,19.3929],[-87.5488,19.3929],[-87.5489,19.3931],[-87.5491,19.3932],[-87.5493,19.3934],[-87.5495,19.3936],[-87.5496,19.3936],[-87.5498,19.3936],[-87.5502,19.3936],[-87.5505,19.3933],[-87.5508,19.3931],[-87.5513,19.3929],[-87.5518,19.3927],[-87.5523,19.3925],[-87.5527,19.3922],[-87.5529,19.392],[-87.5534,19.3917],[-87.5543,19.3915],[-87.5549,19.3915],[-87.5551,19.3914],[-87.5559,19.3915],[-87.5564,19.3915],[-87.557,19.3915],[-87.5577,19.3917],[-87.5583,19.3917],[-87.5588,19.3918],[-87.559,19.392],[-87.5595,19.3921],[-87.5598,19.3922],[-87.5599,19.3925],[-87.5599,19.3927],[-87.5598,19.393],[-87.5598,19.3931],[-87.56,19.3932],[-87.5602,19.3931],[-87.5604,19.393],[-87.5606,19.393],[-87.5608,19.393],[-87.5613,19.393],[-87.562,19.393],[-87.5624,19.3931],[-87.5629,19.3933],[-87.5636,19.3936],[-87.5638,19.3937],[-87.5646,19.3939],[-87.5648,19.3942],[-87.5648,19.3948],[-87.5648,19.3953],[-87.5648,19.3955],[-87.5648,19.3957],[-87.5648,19.3957],[-87.5649,19.396],[-87.5649,19.3963],[-87.5649,19.3967],[-87.5649,19.397],[-87.5649,19.3971],[-87.5647,19.3971],[-87.5645,19.3971],[-87.5643,19.397],[-87.5638,19.397],[-87.5633,19.3968],[-87.5632,19.3967],[-87.563,19.3966],[-87.5627,19.3966],[-87.5624,19.3967],[-87.5623,19.3966],[-87.5622,19.3964],[-87.5622,19.3963],[-87.562,19.396],[-87.5619,19.3959],[-87.5618,19.3957],[-87.5618,19.3956],[-87.5618,19.3955],[-87.5618,19.3954],[-87.5618,19.395],[-87.5614,19.3946],[-87.5612,19.3943],[-87.561,19.3942],[-87.5605,19.3942],[-87.5605,19.3944],[-87.5607,19.3945],[-87.561,19.3947],[-87.5611,19.3947],[-87.5612,19.3949],[-87.5612,19.3951],[-87.5612,19.3954],[-87.5612,19.3956],[-87.5611,19.3957],[-87.561,19.3957],[-87.561,19.3957],[-87.5609,19.3956],[-87.5609,19.3955],[-87.5608,19.3954],[-87.5606,19.3952],[-87.5606,19.3951],[-87.5603,19.3951],[-87.56,19.395],[-87.5597,19.395],[-87.5595,19.3953],[-87.5593,19.3955],[-87.5591,19.3955],[-87.5589,19.3955],[-87.5589,19.3955],[-87.5587,19.3956],[-87.5584,19.3954],[-87.5578,19.3949],[-87.5575,19.3947],[-87.5574,19.3946],[-87.5574,19.3945],[-87.5574,19.3943],[-87.5574,19.3942],[-87.5574,19.3941],[-87.5575,19.3939],[-87.5576,19.3938],[-87.5577,19.3937],[-87.5577,19.3936],[-87.5578,19.3933],[-87.5578,19.3932],[-87.5578,19.3931],[-87.5577,19.3929],[-87.5576,19.3928],[-87.5576,19.3928],[-87.5574,19.3927],[-87.5572,19.3927],[-87.5572,19.3927],[-87.5566,19.3927],[-87.5564,19.3929],[-87.5562,19.3931],[-87.556,19.3932],[-87.556,19.3932],[-87.5559,19.3935],[-87.5559,19.3936],[-87.5557,19.3938],[-87.5556,19.3937],[-87.5553,19.3936],[-87.5552,19.3935],[-87.5552,19.3934],[-87.5553,19.3934],[-87.5554,19.3934],[-87.5554,19.3934],[-87.5555,19.3935],[-87.5555,19.3935],[-87.5556,19.3934],[-87.5556,19.3933],[-87.5556,19.3932],[-87.5556,19.3932],[-87.5553,19.3928],[-87.5552,19.3928],[-87.5548,19.3927],[-87.5545,19.3927],[-87.5542,19.3927],[-87.554,19.3927],[-87.5538,19.3928],[-87.5536,19.3928],[-87.5531,19.3931],[-87.5529,19.3932],[-87.5526,19.3934],[-87.5522,19.3934],[-87.552,19.3935],[-87.5519,19.3936],[-87.5516,19.3938],[-87.5513,19.3941],[-87.551,19.3943],[-87.5507,19.3945],[-87.5508,19.3948],[-87.5512,19.3951],[-87.5514,19.3952],[-87.5517,19.3951],[-87.5521,19.395],[-87.5524,19.3951],[-87.5525,19.3953],[-87.5526,19.3954],[-87.5527,19.3954],[-87.5529,19.3956],[-87.5529,19.3956],[-87.5528,19.3957],[-87.5524,19.3957],[-87.5518,19.3958],[-87.5512,19.3958],[-87.5506,19.3958],[-87.5502,19.3958],[-87.5497,19.3958],[-87.5494,19.3958],[-87.5492,19.3958],[-87.5491,19.3958],[-87.5488,19.396],[-87.5486,19.3963],[-87.5487,19.3964],[-87.5489,19.3964],[-87.549,19.3966],[-87.5489,19.3968],[-87.5489,19.3971],[-87.5491,19.3972],[-87.5491,19.3974],[-87.5491,19.3975],[-87.5491,19.3975],[-87.5492,19.3976],[-87.5492,19.398],[-87.5492,19.398],[-87.5491,19.398],[-87.5491,19.3979],[-87.5489,19.3978],[-87.5488,19.3979],[-87.5486,19.3979],[-87.5485,19.3976],[-87.5485,19.3973],[-87.5484,19.3971],[-87.548,19.397],[-87.5479,19.3971],[-87.5477,19.3969],[-87.5477,19.3967],[-87.5476,19.3966],[-87.5473,19.3964],[-87.5471,19.3966],[-87.5469,19.3969],[-87.547,19.3972],[-87.5472,19.3973],[-87.5473,19.3974],[-87.5476,19.3976],[-87.5477,19.3979],[-87.5477,19.3983],[-87.5474,19.3984],[-87.5472,19.3983],[-87.5471,19.3982],[-87.5467,19.3981],[-87.5464,19.3982],[-87.5464,19.3985],[-87.5464,19.3987],[-87.5467,19.399],[-87.5467,19.3993],[-87.5465,19.3996],[-87.5461,19.3996],[-87.5457,19.3994],[-87.5456,19.3988],[-87.5454,19.398],[-87.5453,19.3979],[-87.545,19.3977],[-87.5448,19.3977],[-87.5444,19.3976],[-87.5443,19.3975],[-87.5442,19.3975],[-87.5441,19.3975],[-87.5441,19.3975],[-87.5441,19.3975],[-87.544,19.3977],[-87.5439,19.398],[-87.5433,19.3989],[-87.5432,19.3989],[-87.5429,19.3991],[-87.5424,19.3993],[-87.5423,19.3994],[-87.5421,19.3995],[-87.5418,19.3996],[-87.5418,19.3997],[-87.5417,19.3998],[-87.5415,19.3999],[-87.5414,19.4001],[-87.5412,19.4004],[-87.541,19.4006],[-87.5407,19.4009],[-87.5406,19.4012],[-87.5406,19.4013],[-87.5405,19.4013],[-87.5404,19.4019],[-87.5403,19.4024],[-87.5401,19.4028],[-87.5399,19.403],[-87.5399,19.4031],[-87.5399,19.4032],[-87.5398,19.4035],[-87.5398,19.4036],[-87.5397,19.4039],[-87.5396,19.4044],[-87.5395,19.4048],[-87.5395,19.4051],[-87.5395,19.4053],[-87.5396,19.4057],[-87.5396,19.406],[-87.5396,19.4061],[-87.5397,19.4067],[-87.5398,19.4067],[-87.5398,19.407],[-87.5398,19.4071],[-87.5398,19.4072],[-87.5398,19.4074],[-87.5398,19.4075],[-87.5398,19.4076],[-87.5397,19.4077],[-87.5395,19.4081],[-87.5393,19.4083],[-87.5393,19.4083],[-87.5393,19.4084],[-87.5392,19.4085],[-87.5391,19.4086],[-87.539,19.4086],[-87.5388,19.409],[-87.5388,19.409],[-87.5388,19.4093],[-87.5386,19.4095],[-87.5385,19.41],[-87.5385,19.4101],[-87.5385,19.4102],[-87.5385,19.4109],[-87.5383,19.411],[-87.5383,19.4111],[-87.5382,19.4113],[-87.5382,19.4113],[-87.5382,19.4114],[-87.5382,19.4115],[-87.5381,19.4119],[-87.5381,19.4122],[-87.538,19.4125],[-87.538,19.4127],[-87.538,19.4129],[-87.538,19.4131],[-87.5381,19.4132],[-87.5381,19.4132],[-87.5381,19.4132],[-87.5382,19.4132],[-87.5384,19.4134],[-87.5384,19.4134],[-87.5386,19.4135],[-87.5388,19.4138],[-87.5392,19.4141],[-87.5393,19.4146],[-87.5393,19.415],[-87.5393,19.4151],[-87.5394,19.4156],[-87.5394,19.4156],[-87.5395,19.4157],[-87.5395,19.4161],[-87.5395,19.4163],[-87.5394,19.4164],[-87.5394,19.4165],[-87.5395,19.4167],[-87.5398,19.4174],[-87.5397,19.4182],[-87.5394,19.4183],[-87.5393,19.4185],[-87.5394,19.4186],[-87.5397,19.4187],[-87.5399,19.4187],[-87.5399,19.4187],[-87.5403,19.419],[-87.5403,19.419],[-87.5405,19.419],[-87.5408,19.4191],[-87.5409,19.4192],[-87.5414,19.4193],[-87.5417,19.4194],[-87.5419,19.4194],[-87.5423,19.4194],[-87.5424,19.4194],[-87.5424,19.4194],[-87.5427,19.4195],[-87.543,19.4196],[-87.5433,19.4196],[-87.5435,19.4195],[-87.5438,19.4194],[-87.544,19.4193],[-87.5441,19.4192],[-87.5443,19.4192],[-87.5444,19.4191],[-87.5444,19.4191],[-87.5445,19.419],[-87.5446,19.4189],[-87.5448,19.4189],[-87.5449,19.4188],[-87.545,19.4188],[-87.5451,19.419],[-87.5452,19.419],[-87.5455,19.4189],[-87.5457,19.4187],[-87.5459,19.4185],[-87.5461,19.4182],[-87.5461,19.4179],[-87.5453,19.4172],[-87.5454,19.417],[-87.5455,19.4171],[-87.5459,19.4172],[-87.5461,19.4172],[-87.5461,19.4172],[-87.5463,19.4172],[-87.5471,19.417],[-87.5472,19.4171],[-87.5474,19.4172],[-87.5476,19.4176],[-87.5478,19.4178],[-87.5478,19.4179],[-87.5478,19.4184],[-87.5478,19.4184],[-87.5478,19.4185],[-87.5479,19.4186],[-87.5478,19.4186],[-87.5478,19.4186],[-87.5476,19.4186],[-87.5475,19.4187],[-87.5474,19.419],[-87.5472,19.4192],[-87.5471,19.4193],[-87.5469,19.4193],[-87.5467,19.4193],[-87.5463,19.4193],[-87.546,19.4195],[-87.5459,19.4195],[-87.5458,19.4195],[-87.5458,19.4194],[-87.5455,19.4195],[-87.5454,19.4196],[-87.5451,19.4197],[-87.5449,19.4198],[-87.5447,19.4198],[-87.5447,19.4198],[-87.5446,19.4199],[-87.5444,19.42],[-87.5444,19.4201],[-87.5444,19.4203],[-87.5443,19.4204],[-87.5442,19.4205],[-87.544,19.4206],[-87.5439,19.4207],[-87.5437,19.4208],[-87.5436,19.4208],[-87.5435,19.4207],[-87.5434,19.4207],[-87.5434,19.4206],[-87.5432,19.4203],[-87.5426,19.4199],[-87.5425,19.4199],[-87.5424,19.4199],[-87.5423,19.4199],[-87.5422,19.42],[-87.5418,19.4202],[-87.5418,19.4203],[-87.5417,19.4204],[-87.5416,19.4208],[-87.5414,19.4212],[-87.5412,19.4215],[-87.5408,19.4221],[-87.5408,19.4223],[-87.5406,19.4228],[-87.5406,19.423],[-87.5405,19.4231],[-87.5404,19.4233],[-87.5401,19.4236],[-87.5399,19.4239],[-87.5396,19.4245],[-87.5396,19.4245],[-87.5395,19.425],[-87.5393,19.4254],[-87.5394,19.4256],[-87.5394,19.4257],[-87.5394,19.4257],[-87.5394,19.4258],[-87.5393,19.4258],[-87.539,19.4258],[-87.5389,19.4257],[-87.5386,19.4258],[-87.5381,19.4262],[-87.5378,19.4266],[-87.5377,19.4267],[-87.5366,19.4277],[-87.5365,19.4279],[-87.5363,19.428],[-87.5361,19.4281],[-87.536,19.4281],[-87.5358,19.4281],[-87.5357,19.4282],[-87.5357,19.4283],[-87.5354,19.4286],[-87.5354,19.4287],[-87.5354,19.4288],[-87.5354,19.4288],[-87.5354,19.4289],[-87.5355,19.429],[-87.5355,19.429],[-87.5356,19.429],[-87.5356,19.4289],[-87.5356,19.4288],[-87.5356,19.4288],[-87.5355,19.4287],[-87.5356,19.4286],[-87.5356,19.4286],[-87.5358,19.4284],[-87.5358,19.4284],[-87.5359,19.4283],[-87.536,19.4283],[-87.536,19.4283],[-87.5361,19.4284],[-87.5361,19.4284],[-87.5362,19.4283],[-87.5369,19.4282],[-87.5371,19.4281],[-87.5373,19.428],[-87.5376,19.428],[-87.5377,19.428],[-87.5378,19.4281],[-87.5378,19.4281],[-87.5378,19.4282],[-87.5379,19.4283],[-87.5384,19.4281],[-87.539,19.4282],[-87.5396,19.4282],[-87.5401,19.428],[-87.5405,19.4277],[-87.5412,19.4278],[-87.5414,19.4279],[-87.5417,19.428],[-87.5418,19.428],[-87.5419,19.4278],[-87.542,19.4278],[-87.5422,19.4277],[-87.5422,19.4278],[-87.5423,19.4279],[-87.5423,19.428],[-87.5425,19.4282],[-87.5427,19.4282],[-87.543,19.4279],[-87.543,19.4279],[-87.5433,19.4276],[-87.5433,19.4276],[-87.5434,19.4278],[-87.5437,19.4283],[-87.5437,19.4284],[-87.5439,19.4286],[-87.5444,19.4287],[-87.5448,19.4284],[-87.5452,19.4283],[-87.5455,19.428],[-87.5457,19.4277],[-87.5459,19.4274],[-87.5461,19.4271],[-87.5464,19.427],[-87.5465,19.4271],[-87.5466,19.4271],[-87.5467,19.4271],[-87.5467,19.4271],[-87.5467,19.4271],[-87.5469,19.4272],[-87.547,19.4273],[-87.5469,19.4274],[-87.5469,19.4273],[-87.5469,19.4273],[-87.5468,19.4273],[-87.5468,19.4272],[-87.5467,19.4272],[-87.5466,19.4272],[-87.5466,19.4273],[-87.5467,19.4274],[-87.5468,19.4277],[-87.5471,19.4278],[-87.5475,19.4277],[-87.5478,19.4276],[-87.5485,19.4272],[-87.5486,19.4272],[-87.5489,19.4269],[-87.5494,19.4265],[-87.5499,19.4262],[-87.5504,19.4258],[-87.5509,19.4255],[-87.5513,19.4253],[-87.552,19.425],[-87.5521,19.4254],[-87.5523,19.4255],[-87.5524,19.4258],[-87.5526,19.4258],[-87.5529,19.426],[-87.5532,19.4261],[-87.5533,19.4261],[-87.5533,19.4261],[-87.5535,19.4261],[-87.5536,19.4262],[-87.5538,19.4262],[-87.5538,19.4263],[-87.5539,19.4265],[-87.554,19.4266],[-87.5541,19.4267],[-87.5541,19.4268],[-87.5541,19.4268],[-87.5541,19.4269],[-87.5541,19.4269],[-87.554,19.4268],[-87.554,19.4267],[-87.554,19.4266],[-87.5539,19.4265],[-87.5538,19.4264],[-87.5537,19.4264],[-87.5537,19.4264],[-87.5536,19.4264],[-87.5536,19.4264],[-87.5536,19.4267],[-87.5536,19.4268],[-87.5539,19.427],[-87.5546,19.4268],[-87.5552,19.4264],[-87.5553,19.4261],[-87.5553,19.4261],[-87.5552,19.426],[-87.555,19.426],[-87.5547,19.426],[-87.5545,19.4261],[-87.5542,19.4262],[-87.5542,19.4262],[-87.5541,19.4262],[-87.5541,19.4261],[-87.5542,19.4261],[-87.5543,19.426],[-87.5548,19.4259],[-87.555,19.4259],[-87.555,19.4259],[-87.5551,19.4259],[-87.5551,19.4259],[-87.5552,19.4258],[-87.5555,19.4256],[-87.5556,19.4255],[-87.5558,19.4253],[-87.5559,19.4252],[-87.556,19.4251],[-87.5562,19.4249],[-87.5563,19.4248],[-87.5564,19.4248],[-87.5565,19.4246],[-87.557,19.4243],[-87.5575,19.4241],[-87.5578,19.4239],[-87.558,19.4238],[-87.5584,19.4236],[-87.5587,19.4233],[-87.5589,19.4232],[-87.5591,19.4229],[-87.5594,19.4227],[-87.5598,19.4223],[-87.5603,19.422],[-87.5605,19.4217],[-87.5608,19.4214],[-87.5609,19.4211],[-87.5611,19.4209],[-87.5615,19.4206],[-87.5618,19.4203],[-87.5621,19.4201],[-87.5623,19.4197],[-87.5626,19.4196],[-87.5628,19.4194],[-87.5633,19.419],[-87.5635,19.4189],[-87.5639,19.4185],[-87.5641,19.4185],[-87.5642,19.4183],[-87.5645,19.4181],[-87.5647,19.418],[-87.5647,19.418],[-87.5648,19.418],[-87.565,19.4178],[-87.5652,19.4175],[-87.5656,19.4172],[-87.5656,19.4172],[-87.5656,19.4171],[-87.5664,19.4169],[-87.5669,19.4167],[-87.5674,19.4165],[-87.5677,19.4164],[-87.568,19.4162],[-87.5683,19.4164],[-87.5687,19.4162],[-87.5692,19.416],[-87.5694,19.416],[-87.5694,19.416],[-87.5694,19.416],[-87.5697,19.4158],[-87.5698,19.4159],[-87.5699,19.4159],[-87.5703,19.4156],[-87.5709,19.4157],[-87.5714,19.4157],[-87.5715,19.4157],[-87.5719,19.4156],[-87.5722,19.4153],[-87.5724,19.4152],[-87.5725,19.4151],[-87.5727,19.415],[-87.5728,19.415],[-87.5731,19.4149],[-87.5737,19.4147],[-87.5743,19.4148],[-87.5749,19.4144],[-87.5751,19.4141],[-87.5755,19.4139],[-87.5757,19.414],[-87.5758,19.4141],[-87.5759,19.4141],[-87.5763,19.414],[-87.5765,19.4137],[-87.5767,19.4134],[-87.5771,19.4133],[-87.5772,19.4132],[-87.5773,19.4131],[-87.5774,19.413],[-87.5774,19.413],[-87.5776,19.4128],[-87.5779,19.4124],[-87.578,19.4121],[-87.5784,19.4118],[-87.5785,19.4116],[-87.5786,19.4116],[-87.5789,19.4113],[-87.579,19.4111],[-87.5792,19.4109],[-87.5793,19.4107],[-87.5794,19.4106],[-87.5795,19.4105],[-87.5796,19.4105],[-87.5796,19.4105],[-87.5798,19.4106],[-87.5798,19.4106],[-87.5802,19.4105],[-87.5804,19.4105],[-87.581,19.4102],[-87.5813,19.4101],[-87.5815,19.4099],[-87.5821,19.4093],[-87.5822,19.4092],[-87.5823,19.4091],[-87.5824,19.409],[-87.5825,19.409],[-87.5825,19.4089],[-87.5825,19.4089],[-87.5826,19.4089],[-87.5826,19.4089],[-87.5826,19.4089],[-87.5829,19.409],[-87.5832,19.409],[-87.5834,19.4088],[-87.5836,19.4086],[-87.5839,19.4084],[-87.5841,19.4082],[-87.5842,19.4082],[-87.5843,19.4081],[-87.5844,19.4078],[-87.5847,19.4075],[-87.5849,19.4073],[-87.585,19.4072],[-87.5853,19.4069],[-87.5853,19.4067],[-87.5854,19.4067],[-87.5855,19.4066],[-87.5857,19.4064],[-87.5859,19.4063],[-87.5859,19.4063],[-87.586,19.4063],[-87.5861,19.4062],[-87.5862,19.4061],[-87.5863,19.406],[-87.5865,19.406],[-87.5867,19.4058],[-87.5868,19.4058],[-87.5869,19.4057],[-87.5872,19.4053],[-87.5875,19.405],[-87.5878,19.4047],[-87.588,19.4045],[-87.5881,19.4044],[-87.5884,19.4042],[-87.5886,19.4039],[-87.5887,19.4037],[-87.5891,19.4038],[-87.5893,19.4036],[-87.5897,19.4033],[-87.59,19.4033],[-87.59,19.4033],[-87.5903,19.4032],[-87.5907,19.4031],[-87.5907,19.4032],[-87.5908,19.4032],[-87.5911,19.4032],[-87.5912,19.4033],[-87.5915,19.4034],[-87.5923,19.4035],[-87.5926,19.4037],[-87.5927,19.4038],[-87.593,19.404],[-87.5932,19.4042],[-87.5932,19.4042],[-87.5933,19.4042],[-87.5936,19.4042],[-87.5939,19.4042],[-87.594,19.4042],[-87.5943,19.404],[-87.5947,19.4038],[-87.5947,19.4038],[-87.5951,19.4037],[-87.5953,19.4035],[-87.5954,19.4035],[-87.596,19.4031],[-87.5961,19.403],[-87.5962,19.4029],[-87.5964,19.4028],[-87.5965,19.4027],[-87.5967,19.4025],[-87.5969,19.4023],[-87.5972,19.402],[-87.5973,19.402],[-87.5973,19.4019],[-87.5976,19.4017],[-87.5977,19.4015],[-87.5978,19.4015],[-87.5978,19.4015],[-87.5978,19.4015],[-87.5981,19.4012],[-87.5983,19.401],[-87.5986,19.4006],[-87.5988,19.4004],[-87.5995,19.3996],[-87.5997,19.3993],[-87.6002,19.3985],[-87.6003,19.3984],[-87.6006,19.3981],[-87.6008,19.3982],[-87.601,19.3984],[-87.6011,19.3985],[-87.6014,19.3986],[-87.6015,19.3987],[-87.6016,19.3988],[-87.6016,19.3988],[-87.6016,19.3988],[-87.6018,19.3988],[-87.6018,19.3989],[-87.6019,19.3989],[-87.602,19.3988],[-87.6021,19.3988],[-87.6022,19.3987],[-87.6023,19.3987],[-87.6025,19.3985],[-87.6029,19.3983],[-87.6031,19.3982],[-87.6035,19.3981],[-87.6039,19.3977],[-87.6041,19.3975],[-87.6045,19.3973],[-87.6047,19.3971],[-87.605,19.3969],[-87.6053,19.3967],[-87.6054,19.3966],[-87.6056,19.3963],[-87.6058,19.3963],[-87.6059,19.3962],[-87.606,19.396],[-87.6061,19.3959],[-87.6064,19.3955],[-87.6068,19.3952],[-87.6069,19.3952],[-87.6069,19.3952],[-87.6069,19.3951],[-87.607,19.3951],[-87.6071,19.395],[-87.6072,19.395],[-87.6072,19.3949],[-87.6075,19.3946],[-87.6075,19.3945],[-87.6076,19.3944],[-87.6077,19.3943],[-87.6078,19.3942],[-87.6079,19.394],[-87.6081,19.3938],[-87.6084,19.3936],[-87.6084,19.3936],[-87.6084,19.3936],[-87.6084,19.3936],[-87.6084,19.3935],[-87.6086,19.3933],[-87.6087,19.3932],[-87.6087,19.3931],[-87.6089,19.3929],[-87.6091,19.3927],[-87.6091,19.3927],[-87.6091,19.3927],[-87.6093,19.3924],[-87.6095,19.392],[-87.6096,19.3918],[-87.6096,19.3917],[-87.6096,19.3917],[-87.6096,19.3915],[-87.6097,19.3912],[-87.6097,19.3911],[-87.6099,19.3908],[-87.6099,19.3907],[-87.6104,19.3901],[-87.6107,19.3898],[-87.6107,19.3898],[-87.6109,19.3896],[-87.611,19.3894],[-87.6113,19.3893],[-87.6113,19.3893],[-87.6113,19.3893],[-87.6116,19.389],[-87.6117,19.3889],[-87.6121,19.3886],[-87.6124,19.3884],[-87.6126,19.3882],[-87.6127,19.3881],[-87.6127,19.388],[-87.6127,19.388],[-87.613,19.3877],[-87.6134,19.3875],[-87.6137,19.3874],[-87.6141,19.3871],[-87.6144,19.387],[-87.6146,19.3868],[-87.6148,19.3867],[-87.6151,19.3864],[-87.6154,19.3864],[-87.6158,19.3861],[-87.6162,19.3856],[-87.6166,19.3856],[-87.6166,19.3856],[-87.6166,19.3856],[-87.6168,19.3853],[-87.6169,19.3852],[-87.6171,19.3848],[-87.6172,19.3847],[-87.6173,19.3845],[-87.6173,19.3844],[-87.6174,19.3841],[-87.6177,19.3838],[-87.6178,19.3835],[-87.6181,19.3834],[-87.6181,19.3833],[-87.6183,19.3828],[-87.6189,19.3818],[-87.6194,19.3818],[-87.6198,19.3818],[-87.6205,19.3817],[-87.621,19.3816],[-87.6211,19.3815],[-87.6214,19.3812],[-87.6215,19.3812],[-87.6215,19.3812],[-87.6216,19.3813],[-87.6222,19.3813],[-87.6223,19.3813],[-87.6228,19.3812],[-87.6239,19.3807],[-87.624,19.3807],[-87.6242,19.3806],[-87.6255,19.3803],[-87.6272,19.3794],[-87.6285,19.3777],[-87.6297,19.3767],[-87.6302,19.3766],[-87.6302,19.3766],[-87.6307,19.3765],[-87.632,19.376],[-87.6338,19.3749],[-87.636,19.3734],[-87.6373,19.3711],[-87.6386,19.3678],[-87.6398,19.3639],[-87.6408,19.362],[-87.6419,19.3595],[-87.6442,19.3529],[-87.6453,19.3479],[-87.6456,19.3466],[-87.6479,19.3427],[-87.6481,19.3417],[-87.6492,19.3405],[-87.6496,19.3401],[-87.6502,19.3393],[-87.6504,19.3386],[-87.6505,19.338],[-87.6514,19.3349],[-87.6526,19.3309],[-87.6534,19.3274],[-87.655,19.3198],[-87.6558,19.3142],[-87.6562,19.3098],[-87.6564,19.3069],[-87.6563,19.3028],[-87.6572,19.3022],[-87.6592,19.3018],[-87.6612,19.3004],[-87.6638,19.2987],[-87.6646,19.2984],[-87.6651,19.2981],[-87.6664,19.2976],[-87.6672,19.2974],[-87.6672,19.2973],[-87.6674,19.2973],[-87.6675,19.2974],[-87.6691,19.2952],[-87.669,19.2951],[-87.6689,19.2949],[-87.669,19.2946],[-87.669,19.2945],[-87.6691,19.2945],[-87.6692,19.2944],[-87.6692,19.2943],[-87.6691,19.293],[-87.6684,19.2914],[-87.6672,19.291],[-87.6649,19.2908],[-87.6648,19.2907],[-87.664,19.2899],[-87.6638,19.2897],[-87.6625,19.2891],[-87.6611,19.2879],[-87.6599,19.2874],[-87.6594,19.2856],[-87.6591,19.2851],[-87.659,19.2844],[-87.6586,19.2835],[-87.6582,19.2828],[-87.6579,19.2821],[-87.6582,19.2777],[-87.6584,19.2741],[-87.6598,19.2668],[-87.6605,19.2641],[-87.6611,19.2617],[-87.6612,19.2607],[-87.6625,19.2602],[-87.664,19.2595],[-87.6654,19.2579],[-87.6664,19.2575],[-87.6678,19.2553],[-87.6686,19.2543],[-87.6692,19.2529],[-87.6699,19.2524],[-87.671,19.2522],[-87.6721,19.2514],[-87.6744,19.2489],[-87.6761,19.2462],[-87.6768,19.2445],[-87.6782,19.2428],[-87.6801,19.2413],[-87.6815,19.2404],[-87.6834,19.2394],[-87.6849,19.2376],[-87.6855,19.2369],[-87.6859,19.2356],[-87.6869,19.2348],[-87.6866,19.2338],[-87.6863,19.2333],[-87.6862,19.2332],[-87.6862,19.2332],[-87.6861,19.2332],[-87.686,19.2332],[-87.6859,19.2331],[-87.6859,19.233],[-87.686,19.2329],[-87.686,19.2328],[-87.6859,19.2326],[-87.6865,19.2309],[-87.6818,19.2295],[-87.6809,19.23],[-87.6794,19.2295],[-87.6791,19.2296],[-87.6786,19.2296],[-87.6776,19.2298],[-87.6774,19.2298],[-87.6769,19.2298],[-87.6768,19.2297],[-87.6764,19.2297],[-87.6759,19.2293],[-87.6752,19.2288],[-87.6749,19.2285],[-87.6743,19.2282],[-87.6736,19.228],[-87.6736,19.2277],[-87.6736,19.2277],[-87.6735,19.2276],[-87.6735,19.2275],[-87.6735,19.2274],[-87.6735,19.2273],[-87.6735,19.2272],[-87.6736,19.2266],[-87.6736,19.2265],[-87.6736,19.2264],[-87.6737,19.2259],[-87.6737,19.225],[-87.6737,19.2239],[-87.6738,19.2235],[-87.6739,19.2235],[-87.674,19.2235],[-87.6741,19.2234],[-87.6747,19.2236],[-87.6747,19.2236],[-87.6747,19.2236],[-87.675,19.2235],[-87.6755,19.2237],[-87.6757,19.2237],[-87.6758,19.2238],[-87.6759,19.2237],[-87.676,19.2236],[-87.6764,19.2234],[-87.6769,19.2232],[-87.6773,19.2226],[-87.6775,19.2226],[-87.6778,19.2227],[-87.6781,19.2227],[-87.6786,19.2229],[-87.6788,19.2229],[-87.6796,19.2226],[-87.6805,19.2228],[-87.6811,19.2229],[-87.6816,19.2231],[-87.6824,19.2233],[-87.6833,19.2233],[-87.6836,19.2231],[-87.6845,19.2228],[-87.6846,19.2228],[-87.685,19.2223],[-87.685,19.2222],[-87.6851,19.2221],[-87.6852,19.2218],[-87.6852,19.2217],[-87.6852,19.2215],[-87.6853,19.2213],[-87.6856,19.221],[-87.6858,19.2208],[-87.6858,19.2208],[-87.6859,19.2207],[-87.6861,19.2205],[-87.6855,19.2202],[-87.6853,19.2197],[-87.6853,19.2196],[-87.6852,19.2196],[-87.685,19.2195],[-87.6849,19.2194],[-87.6848,19.2195],[-87.6847,19.2195],[-87.6847,19.2196],[-87.6845,19.2196],[-87.6844,19.2196],[-87.684,19.2195],[-87.684,19.2194],[-87.684,19.2193],[-87.6841,19.2193],[-87.6841,19.2193],[-87.6842,19.2193],[-87.6845,19.2193],[-87.6847,19.2192],[-87.6847,19.2192],[-87.6846,19.2191],[-87.6842,19.2191],[-87.684,19.219],[-87.684,19.2189],[-87.6839,19.2189],[-87.6838,19.2187],[-87.6838,19.2183],[-87.6834,19.2183],[-87.6833,19.2183],[-87.6834,19.2184],[-87.6835,19.2186],[-87.6835,19.2186],[-87.6835,19.2187],[-87.6834,19.2187],[-87.6834,19.2187],[-87.6832,19.2185],[-87.6832,19.2184],[-87.6831,19.2183],[-87.683,19.2183],[-87.6829,19.2185],[-87.6827,19.2187],[-87.6832,19.2191],[-87.6834,19.2193],[-87.6835,19.2196],[-87.6835,19.2197],[-87.6837,19.2197],[-87.684,19.2197],[-87.6842,19.2198],[-87.6843,19.2198],[-87.6844,19.2199],[-87.6845,19.2199],[-87.6845,19.22],[-87.6846,19.2201],[-87.6845,19.2201],[-87.6845,19.2202],[-87.6844,19.2202],[-87.6841,19.2206],[-87.6836,19.2207],[-87.6833,19.2208],[-87.683,19.2206],[-87.6825,19.2202],[-87.6824,19.2201],[-87.6822,19.2199],[-87.6819,19.2194],[-87.6817,19.2191],[-87.6816,19.2188],[-87.6816,19.2188],[-87.6816,19.2188],[-87.6812,19.2186],[-87.6812,19.2186],[-87.6807,19.2183],[-87.6802,19.2182],[-87.6791,19.218],[-87.6785,19.2183],[-87.6779,19.2183],[-87.6778,19.2184],[-87.6778,19.2184],[-87.6778,19.2185],[-87.6777,19.2186],[-87.6776,19.2188],[-87.6775,19.2188],[-87.6772,19.2192],[-87.6769,19.2191],[-87.6769,19.2189],[-87.677,19.2186],[-87.6771,19.2182],[-87.677,19.2172],[-87.6771,19.217],[-87.6772,19.2167],[-87.6773,19.2164],[-87.6778,19.216],[-87.6781,19.2159],[-87.6784,19.2158],[-87.6787,19.2157],[-87.6793,19.2157],[-87.6797,19.2156],[-87.6799,19.2154],[-87.6802,19.2151],[-87.6806,19.2148],[-87.6807,19.2146],[-87.6809,19.2145],[-87.6813,19.2141],[-87.6815,19.214],[-87.6817,19.2139],[-87.6819,19.2139],[-87.6819,19.2139],[-87.682,19.2139],[-87.6822,19.2137],[-87.6823,19.2136],[-87.6824,19.2135],[-87.6825,19.2131],[-87.6827,19.2126],[-87.6826,19.2119],[-87.6824,19.2113],[-87.6824,19.2111],[-87.6823,19.211],[-87.6823,19.2109],[-87.6823,19.2108],[-87.6824,19.2106],[-87.6824,19.2105],[-87.6824,19.2104],[-87.6824,19.2101],[-87.6824,19.21],[-87.6824,19.21],[-87.6822,19.2087],[-87.6822,19.2083],[-87.682,19.2079],[-87.6817,19.2074],[-87.6818,19.2074],[-87.6817,19.2071],[-87.6815,19.2067],[-87.6815,19.2067],[-87.6814,19.2066],[-87.6814,19.2065],[-87.6814,19.2064],[-87.6815,19.2062],[-87.6817,19.206],[-87.6818,19.206],[-87.6819,19.206],[-87.682,19.2059],[-87.6822,19.2058],[-87.6822,19.2058],[-87.6813,19.2059],[-87.6809,19.2061],[-87.6812,19.2061],[-87.6813,19.2061],[-87.6814,19.2061],[-87.6814,19.206],[-87.6814,19.2061],[-87.6813,19.2064],[-87.6813,19.2065],[-87.6812,19.2065],[-87.6812,19.2066],[-87.6809,19.2069],[-87.6806,19.2072],[-87.6802,19.207],[-87.6797,19.207],[-87.6795,19.207],[-87.6787,19.2074],[-87.6792,19.2062],[-87.6791,19.2059],[-87.6789,19.2056],[-87.6787,19.2053],[-87.6782,19.2051],[-87.6778,19.205],[-87.6776,19.2052],[-87.6772,19.2054],[-87.677,19.2054],[-87.6766,19.2054],[-87.6756,19.206],[-87.6743,19.2064],[-87.6739,19.2058],[-87.6738,19.2053],[-87.6749,19.2046],[-87.6751,19.204],[-87.6755,19.2032],[-87.6755,19.2032],[-87.6757,19.2025],[-87.6758,19.2022],[-87.6758,19.2021],[-87.676,19.2019],[-87.6763,19.2018],[-87.6765,19.2017],[-87.6766,19.2016],[-87.6766,19.2016],[-87.6767,19.2014],[-87.677,19.2011],[-87.6771,19.2007],[-87.6774,19.2004],[-87.6776,19.2002],[-87.6776,19.2001],[-87.6779,19.1999],[-87.6785,19.1999],[-87.6779,19.1992],[-87.6774,19.1989],[-87.677,19.1989],[-87.6762,19.1991],[-87.6756,19.1994],[-87.6755,19.1996],[-87.6753,19.1997],[-87.6754,19.1998],[-87.6752,19.1997],[-87.6749,19.1994],[-87.6739,19.1994],[-87.6738,19.1994],[-87.6735,19.1995],[-87.6734,19.1994],[-87.6725,19.1994],[-87.6724,19.1994],[-87.6723,19.1995],[-87.6722,19.1998],[-87.6721,19.1998],[-87.6719,19.1993],[-87.6717,19.1991],[-87.6712,19.1988],[-87.6709,19.1987],[-87.6703,19.1987],[-87.6701,19.1988],[-87.6698,19.199],[-87.6695,19.1994],[-87.6694,19.1995],[-87.6694,19.1994],[-87.6693,19.1993],[-87.6693,19.1987],[-87.6693,19.1985],[-87.6694,19.1983],[-87.6694,19.1981],[-87.6694,19.1978],[-87.6696,19.1977],[-87.6697,19.1975],[-87.6698,19.1973],[-87.67,19.1971],[-87.6702,19.1971],[-87.6703,19.1971],[-87.6703,19.1971],[-87.6705,19.1972],[-87.6707,19.1972],[-87.6708,19.1969],[-87.6708,19.1969],[-87.6709,19.1966],[-87.671,19.1963],[-87.6713,19.1959],[-87.6714,19.1958],[-87.6716,19.1956],[-87.6717,19.1956],[-87.672,19.1954],[-87.6721,19.1954],[-87.6723,19.1955],[-87.6724,19.1955],[-87.6724,19.1956],[-87.6725,19.1957],[-87.6726,19.1957],[-87.6727,19.1957],[-87.6728,19.1956],[-87.6729,19.1955],[-87.6729,19.1954],[-87.6729,19.1954],[-87.6731,19.1947],[-87.6735,19.194],[-87.6736,19.194],[-87.6735,19.1936],[-87.6732,19.1934],[-87.6728,19.1934],[-87.6724,19.1934],[-87.6724,19.1933],[-87.6724,19.193],[-87.6723,19.1927],[-87.6722,19.1926],[-87.6719,19.1923],[-87.6715,19.1924],[-87.6714,19.1926],[-87.6713,19.1925],[-87.671,19.1925],[-87.6708,19.1925],[-87.6706,19.1924],[-87.6706,19.1923],[-87.6706,19.1922],[-87.6704,19.192],[-87.6704,19.1918],[-87.6704,19.1917],[-87.6704,19.1916],[-87.6704,19.1913],[-87.6708,19.1911],[-87.6709,19.1906],[-87.6708,19.1899],[-87.6705,19.1901],[-87.6701,19.1902],[-87.6699,19.1905],[-87.6696,19.1907],[-87.6695,19.1905],[-87.6694,19.1903],[-87.6692,19.1901],[-87.669,19.19],[-87.6688,19.19],[-87.6687,19.19],[-87.6684,19.1901],[-87.6682,19.1903],[-87.6681,19.1903],[-87.6678,19.1902],[-87.6677,19.1902],[-87.6675,19.1904],[-87.6674,19.1906],[-87.6674,19.1907],[-87.6674,19.1908],[-87.6673,19.1909],[-87.6671,19.191],[-87.667,19.1908],[-87.6667,19.191],[-87.6665,19.1911],[-87.6663,19.1911],[-87.6662,19.1911],[-87.666,19.1907],[-87.666,19.1902],[-87.6661,19.1897],[-87.6661,19.1897],[-87.6661,19.1896],[-87.6661,19.1893],[-87.6662,19.1891],[-87.6661,19.1888],[-87.666,19.1887],[-87.666,19.1885],[-87.6658,19.1885],[-87.6656,19.1883],[-87.6655,19.188],[-87.6654,19.188],[-87.6649,19.1879],[-87.6645,19.1882],[-87.6645,19.1882],[-87.6645,19.1883],[-87.6646,19.1884],[-87.6646,19.1886],[-87.6645,19.1887],[-87.6645,19.1887],[-87.6645,19.1889],[-87.6631,19.189],[-87.6629,19.1895],[-87.6626,19.1898],[-87.6623,19.1899],[-87.6622,19.1898],[-87.6622,19.1895],[-87.6622,19.1895],[-87.6622,19.1892],[-87.6621,19.1889],[-87.6621,19.1888],[-87.662,19.1886],[-87.6619,19.1885],[-87.6617,19.1885],[-87.6613,19.1886],[-87.6613,19.1886],[-87.6613,19.1886],[-87.6612,19.1891],[-87.6612,19.1892],[-87.6612,19.1893],[-87.661,19.1896],[-87.6607,19.1902],[-87.6604,19.1905],[-87.66,19.1906],[-87.6599,19.1907],[-87.6595,19.1907],[-87.659,19.1904],[-87.6589,19.1904],[-87.6588,19.1903],[-87.6584,19.1903],[-87.6577,19.1902],[-87.6572,19.1901],[-87.6572,19.19],[-87.6575,19.1893],[-87.6575,19.1893],[-87.6575,19.1892],[-87.6577,19.1889],[-87.6578,19.1888],[-87.6581,19.188],[-87.6581,19.1876],[-87.6583,19.1872],[-87.6584,19.1869],[-87.6585,19.1867],[-87.6585,19.1866],[-87.6586,19.1865],[-87.6589,19.1863],[-87.6587,19.1857],[-87.6586,19.1854],[-87.6583,19.1847],[-87.6579,19.1839],[-87.6579,19.1839],[-87.6577,19.1837],[-87.6574,19.1833],[-87.657,19.1829],[-87.6566,19.1825],[-87.656,19.1821],[-87.6555,19.1816],[-87.6552,19.1811],[-87.654,19.1807],[-87.653,19.1806],[-87.6526,19.1806],[-87.652,19.1806],[-87.6513,19.1806],[-87.6503,19.1808],[-87.6498,19.181],[-87.6495,19.181],[-87.6492,19.1812],[-87.6489,19.1815],[-87.6488,19.1816],[-87.6487,19.1816],[-87.6487,19.1816],[-87.6486,19.1816],[-87.6486,19.1818],[-87.6485,19.1821],[-87.6481,19.1824],[-87.6479,19.1825],[-87.6476,19.1825],[-87.6472,19.1824],[-87.6469,19.1824],[-87.646,19.1825],[-87.6458,19.1823],[-87.6459,19.182],[-87.6457,19.1819],[-87.6452,19.1817],[-87.6446,19.1821],[-87.6444,19.1821],[-87.6436,19.182],[-87.6431,19.1821],[-87.643,19.1821],[-87.643,19.1822],[-87.6429,19.1824],[-87.6423,19.1824],[-87.642,19.1826],[-87.6419,19.1827],[-87.6418,19.1828],[-87.6417,19.1828],[-87.6416,19.1827],[-87.6415,19.1827],[-87.6415,19.1826],[-87.6407,19.1826],[-87.6406,19.1826],[-87.6403,19.1826],[-87.6401,19.1826],[-87.6401,19.1823],[-87.6399,19.1822],[-87.6398,19.1822],[-87.6392,19.1822],[-87.6392,19.1825],[-87.639,19.1823],[-87.6389,19.1823],[-87.6389,19.1823],[-87.6385,19.1822],[-87.6383,19.1821],[-87.638,19.182],[-87.6379,19.1819],[-87.6379,19.1817],[-87.6382,19.1814],[-87.639,19.1805],[-87.6393,19.1802],[-87.6396,19.18],[-87.6402,19.18],[-87.6404,19.1799],[-87.6405,19.1799],[-87.6404,19.1796],[-87.6401,19.1795],[-87.6399,19.1794],[-87.6399,19.1793],[-87.6397,19.1793],[-87.6396,19.1788],[-87.6395,19.1784],[-87.6394,19.1781],[-87.6393,19.1778],[-87.6391,19.1778],[-87.6388,19.1778],[-87.6383,19.1778],[-87.6383,19.1776],[-87.6382,19.1774],[-87.6381,19.1772],[-87.6378,19.1772],[-87.6375,19.1775],[-87.6375,19.1781],[-87.6375,19.1783],[-87.6373,19.1784],[-87.6369,19.178],[-87.6362,19.1777],[-87.6359,19.178],[-87.6357,19.1785],[-87.6355,19.1786],[-87.6349,19.1788],[-87.6345,19.179],[-87.6339,19.179],[-87.6336,19.1791],[-87.6337,19.1797],[-87.6337,19.1798],[-87.6338,19.1804],[-87.6338,19.1805],[-87.6338,19.1807],[-87.6338,19.1809],[-87.6338,19.1815],[-87.6337,19.1817],[-87.6337,19.1818],[-87.6336,19.1818],[-87.633,19.1821],[-87.6327,19.1822],[-87.6327,19.1822],[-87.6327,19.1824],[-87.6327,19.1826],[-87.6327,19.1827],[-87.6327,19.1828],[-87.6327,19.1829],[-87.6326,19.183],[-87.6326,19.183],[-87.6325,19.1832],[-87.6324,19.1834],[-87.6324,19.1835],[-87.6324,19.1837],[-87.6325,19.1837],[-87.6325,19.1837],[-87.6323,19.1837],[-87.6321,19.1836],[-87.6321,19.1835],[-87.6323,19.1826],[-87.63,19.1834],[-87.63,19.1835],[-87.6301,19.1835],[-87.6301,19.1834],[-87.6302,19.1834],[-87.6302,19.1835],[-87.6305,19.1843],[-87.6308,19.1852],[-87.631,19.1859],[-87.6339,19.1879],[-87.631,19.1892],[-87.6288,19.19],[-87.6275,19.1882],[-87.6244,19.1917],[-87.6243,19.1923],[-87.6243,19.1923],[-87.6243,19.1921],[-87.6244,19.1922],[-87.6244,19.1922],[-87.6244,19.1923],[-87.6243,19.1927],[-87.6241,19.1931],[-87.6241,19.1932],[-87.6238,19.1939],[-87.6239,19.194],[-87.6239,19.1941],[-87.6239,19.1944],[-87.6239,19.1945],[-87.6237,19.195],[-87.6237,19.1954],[-87.6235,19.1958],[-87.6235,19.1958],[-87.6235,19.1959],[-87.6235,19.196],[-87.6235,19.1961],[-87.6234,19.1962],[-87.6234,19.1962],[-87.6233,19.1963],[-87.6231,19.1964],[-87.623,19.1964],[-87.6229,19.1965],[-87.6228,19.1967],[-87.6227,19.1967],[-87.6227,19.1968],[-87.6226,19.198],[-87.6213,19.1993],[-87.6199,19.2009],[-87.6194,19.2018],[-87.6194,19.2018],[-87.6194,19.202],[-87.6194,19.2022],[-87.6194,19.2023],[-87.6193,19.2024],[-87.6193,19.2024],[-87.6192,19.2025],[-87.6192,19.2027],[-87.6192,19.2027],[-87.6188,19.2046],[-87.6186,19.2052],[-87.6186,19.2056],[-87.6186,19.2059],[-87.6185,19.2063],[-87.6185,19.2064],[-87.6184,19.2066],[-87.6184,19.2067],[-87.6183,19.2068],[-87.6182,19.2068],[-87.618,19.2077],[-87.6178,19.208],[-87.6177,19.2084],[-87.6176,19.2086],[-87.6172,19.2092],[-87.6171,19.2092],[-87.6171,19.2093],[-87.617,19.2094],[-87.6167,19.2095],[-87.6159,19.2099],[-87.6158,19.21],[-87.6156,19.21],[-87.6153,19.2101],[-87.615,19.2103],[-87.6148,19.2104],[-87.6147,19.2104],[-87.6145,19.2106],[-87.6144,19.2107],[-87.6143,19.2108],[-87.6142,19.211],[-87.614,19.2118],[-87.6138,19.2122],[-87.6138,19.2122],[-87.6138,19.2146],[-87.6135,19.2157],[-87.6135,19.2158],[-87.6135,19.2159],[-87.6135,19.2161],[-87.6135,19.2162],[-87.6134,19.2164],[-87.6133,19.2165],[-87.6129,19.2171],[-87.6127,19.2173],[-87.6122,19.2178],[-87.6122,19.2179],[-87.6121,19.218],[-87.612,19.2181],[-87.6116,19.2186],[-87.6113,19.219],[-87.6111,19.2194],[-87.6108,19.2196],[-87.6107,19.2197],[-87.6105,19.2197],[-87.6101,19.22],[-87.6101,19.2201],[-87.6094,19.2211],[-87.6091,19.2215],[-87.6087,19.2217],[-87.6084,19.2221],[-87.6083,19.2223],[-87.6083,19.2225],[-87.6081,19.2231],[-87.608,19.2233],[-87.6077,19.225],[-87.6081,19.2258],[-87.6082,19.2263],[-87.6084,19.2264],[-87.6084,19.2265],[-87.6084,19.2266],[-87.6085,19.2267],[-87.6084,19.227],[-87.6084,19.2272],[-87.6082,19.2274],[-87.6081,19.2274],[-87.6081,19.2275],[-87.608,19.2275],[-87.6078,19.2276],[-87.6077,19.2276],[-87.6076,19.2276],[-87.6073,19.2281],[-87.6074,19.2282],[-87.6073,19.2284],[-87.6072,19.2291],[-87.607,19.2296],[-87.607,19.23],[-87.6069,19.2301],[-87.6069,19.2301],[-87.6069,19.2302],[-87.6068,19.2303],[-87.6063,19.2305],[-87.6054,19.231],[-87.6043,19.232],[-87.604,19.2322],[-87.6033,19.2328],[-87.6026,19.2331],[-87.6023,19.2332],[-87.6022,19.2332],[-87.6021,19.2331],[-87.6015,19.2336],[-87.6015,19.2344],[-87.6016,19.2353],[-87.6015,19.2353],[-87.6016,19.2353],[-87.6015,19.2354],[-87.6014,19.2355],[-87.6014,19.2355],[-87.6013,19.2355],[-87.6012,19.2354],[-87.6011,19.2354],[-87.6007,19.2355],[-87.5999,19.2367],[-87.5994,19.237],[-87.5992,19.2372],[-87.5988,19.2374],[-87.5979,19.2369],[-87.5973,19.2366],[-87.5952,19.2365],[-87.5934,19.2369],[-87.5927,19.2387],[-87.5927,19.2394],[-87.5927,19.2398],[-87.5926,19.2407],[-87.592,19.2421],[-87.5898,19.2449],[-87.5896,19.2454],[-87.5893,19.2461],[-87.5891,19.2467],[-87.5882,19.2464],[-87.5875,19.2455],[-87.5874,19.2455],[-87.5873,19.2455],[-87.5873,19.2455],[-87.5872,19.2456],[-87.5872,19.2457],[-87.5872,19.2458],[-87.5872,19.2459],[-87.5871,19.2459],[-87.587,19.246],[-87.5869,19.2461],[-87.5868,19.2461],[-87.5868,19.2462],[-87.5868,19.2467],[-87.5867,19.2474],[-87.5865,19.2474],[-87.5864,19.2473],[-87.5864,19.2473],[-87.5857,19.2486],[-87.5856,19.2504],[-87.5858,19.2507],[-87.5858,19.2507],[-87.5859,19.2507],[-87.5861,19.2508],[-87.5861,19.2509],[-87.586,19.2511],[-87.586,19.2512],[-87.586,19.2513],[-87.5859,19.2513],[-87.5859,19.2513],[-87.5839,19.2543],[-87.5838,19.2543],[-87.5837,19.2544],[-87.5837,19.2545],[-87.5837,19.2547],[-87.5837,19.2548],[-87.5837,19.2549],[-87.5836,19.2549],[-87.5836,19.2549],[-87.5836,19.2547],[-87.5836,19.2543],[-87.5836,19.2543],[-87.5833,19.2543],[-87.5832,19.2556],[-87.5833,19.2556],[-87.5833,19.2557],[-87.5832,19.2558],[-87.5832,19.2561],[-87.583,19.2567],[-87.5831,19.2568],[-87.5832,19.2569],[-87.5833,19.257],[-87.5832,19.2571],[-87.5832,19.2573],[-87.5828,19.2576],[-87.5826,19.2576],[-87.5825,19.2579],[-87.5829,19.2594],[-87.583,19.26],[-87.583,19.2598],[-87.5831,19.2597],[-87.5831,19.2597],[-87.5835,19.2603],[-87.5836,19.2604],[-87.5835,19.2607],[-87.5835,19.2607],[-87.5834,19.2608],[-87.5834,19.2609],[-87.5833,19.2611],[-87.5832,19.2614],[-87.5831,19.2614],[-87.5832,19.2616],[-87.5832,19.2617],[-87.5833,19.2618],[-87.5833,19.2619],[-87.5832,19.262],[-87.5829,19.2622],[-87.5828,19.2622],[-87.5827,19.2621],[-87.5825,19.262],[-87.5822,19.2623],[-87.5812,19.2629],[-87.581,19.2636],[-87.581,19.2639],[-87.581,19.2641],[-87.581,19.2642],[-87.5811,19.2644],[-87.5812,19.2644],[-87.5813,19.2645],[-87.5813,19.2645],[-87.5813,19.2646],[-87.5813,19.2646],[-87.5813,19.2647],[-87.5813,19.2648],[-87.5812,19.2648],[-87.5812,19.2648],[-87.5811,19.2648],[-87.5806,19.2647],[-87.5806,19.2647],[-87.5796,19.2665],[-87.5789,19.267],[-87.579,19.267],[-87.5792,19.267],[-87.5793,19.267],[-87.5799,19.2665],[-87.5801,19.266],[-87.5802,19.266],[-87.5802,19.2662],[-87.5803,19.2664],[-87.5802,19.2665],[-87.5799,19.2672],[-87.5798,19.2674],[-87.5795,19.2678],[-87.5795,19.2679],[-87.5794,19.2679],[-87.5793,19.2679],[-87.5793,19.2679],[-87.5792,19.2677],[-87.5791,19.2675],[-87.579,19.2674],[-87.5787,19.2672],[-87.5787,19.2673],[-87.5778,19.269],[-87.5778,19.2698],[-87.5787,19.2694],[-87.5791,19.2691],[-87.5795,19.2687],[-87.5798,19.2684],[-87.5802,19.2681],[-87.5806,19.2679],[-87.581,19.2677],[-87.5817,19.2675],[-87.5821,19.2675],[-87.5823,19.2671],[-87.5826,19.2669],[-87.5829,19.2666],[-87.5833,19.2663],[-87.5832,19.2662],[-87.5832,19.2662],[-87.5832,19.2662],[-87.5833,19.2661],[-87.5834,19.2661],[-87.5836,19.2659],[-87.5837,19.2658],[-87.5836,19.2657],[-87.5836,19.2656],[-87.5836,19.2655],[-87.5837,19.2654],[-87.5839,19.2652],[-87.5839,19.2651],[-87.5841,19.265],[-87.5846,19.2646],[-87.5846,19.2647],[-87.5845,19.2649],[-87.5846,19.265],[-87.5847,19.265],[-87.5849,19.2648],[-87.5848,19.2646],[-87.5849,19.2645],[-87.5849,19.2645],[-87.5854,19.2643],[-87.5857,19.264],[-87.5861,19.2638],[-87.5864,19.2634],[-87.5867,19.2631],[-87.5867,19.2627],[-87.5868,19.2624],[-87.5872,19.262],[-87.5876,19.2618],[-87.5878,19.2614],[-87.5878,19.261],[-87.5879,19.2606],[-87.5876,19.2602],[-87.5879,19.2599],[-87.5887,19.26],[-87.589,19.2601],[-87.5895,19.2597],[-87.5897,19.2594],[-87.5899,19.2589],[-87.5901,19.2582],[-87.5902,19.2579],[-87.5902,19.2569],[-87.5901,19.2565],[-87.5898,19.2558],[-87.5894,19.2546],[-87.5898,19.2546],[-87.5902,19.2546],[-87.5909,19.255],[-87.5913,19.255],[-87.5918,19.2549],[-87.5921,19.2545],[-87.5924,19.2542],[-87.5926,19.2537],[-87.5927,19.2534],[-87.5928,19.253],[-87.5928,19.2523],[-87.593,19.252],[-87.5931,19.2515],[-87.5932,19.2512],[-87.5935,19.2508],[-87.5939,19.2505],[-87.5943,19.2503],[-87.5947,19.2501],[-87.5951,19.25],[-87.5955,19.2499],[-87.5962,19.2499],[-87.5967,19.2498],[-87.5971,19.2497],[-87.5977,19.2491],[-87.5979,19.2488],[-87.5981,19.2483],[-87.5987,19.2465],[-87.5988,19.2456],[-87.599,19.2456],[-87.5991,19.2452],[-87.5992,19.245],[-87.5993,19.2442],[-87.5991,19.2435],[-87.5993,19.2432],[-87.5998,19.2427],[-87.6,19.2425],[-87.601,19.2416],[-87.6015,19.2416],[-87.6021,19.2414],[-87.6022,19.2415],[-87.6019,19.2417],[-87.6019,19.2419],[-87.6019,19.242],[-87.6017,19.2424],[-87.6015,19.2429],[-87.6015,19.2435],[-87.6013,19.2437],[-87.6014,19.2447],[-87.6016,19.2455],[-87.602,19.2458],[-87.6017,19.246],[-87.6015,19.2464],[-87.6015,19.2471],[-87.6013,19.2476],[-87.6017,19.2479],[-87.6023,19.2476],[-87.6029,19.2468],[-87.6036,19.2464],[-87.604,19.2466],[-87.6046,19.2467],[-87.6048,19.2466],[-87.6052,19.2465],[-87.6056,19.2462],[-87.6058,19.246],[-87.6061,19.2456],[-87.6064,19.2452],[-87.6067,19.245],[-87.6069,19.2445],[-87.6071,19.2442],[-87.6074,19.2437],[-87.6076,19.2433],[-87.6078,19.2427],[-87.608,19.2423],[-87.6083,19.242],[-87.6087,19.2416],[-87.6089,19.2417],[-87.6096,19.2411],[-87.6098,19.2408],[-87.61,19.2405],[-87.6103,19.2402],[-87.6107,19.2399],[-87.6114,19.2396],[-87.612,19.2391],[-87.6124,19.2387],[-87.612,19.2401],[-87.6115,19.2405],[-87.6113,19.2408],[-87.6107,19.2413],[-87.6104,19.2416],[-87.6098,19.242],[-87.6095,19.2424],[-87.6093,19.2427],[-87.6089,19.243],[-87.6088,19.2434],[-87.6087,19.2438],[-87.6085,19.2441],[-87.6079,19.2448],[-87.6078,19.2452],[-87.6076,19.2455],[-87.6075,19.2459],[-87.6072,19.2462],[-87.6068,19.2466],[-87.6064,19.2469],[-87.6061,19.2472],[-87.6057,19.2476],[-87.6053,19.2478],[-87.605,19.2482],[-87.6047,19.2484],[-87.6043,19.2487],[-87.6039,19.2489],[-87.6035,19.2491],[-87.6029,19.249],[-87.6025,19.249],[-87.6021,19.2493],[-87.6018,19.2494],[-87.6014,19.2494],[-87.601,19.2498],[-87.6007,19.2499],[-87.6003,19.2501],[-87.5999,19.2503],[-87.5996,19.2505],[-87.599,19.2507],[-87.5987,19.2511],[-87.5981,19.2514],[-87.5975,19.2516],[-87.597,19.252],[-87.5966,19.2524],[-87.5963,19.2527],[-87.5961,19.2533],[-87.5957,19.2536],[-87.5954,19.2539],[-87.5952,19.2543],[-87.5949,19.2545],[-87.5945,19.2544],[-87.5943,19.2545],[-87.5939,19.2548],[-87.5937,19.2552],[-87.5934,19.2556],[-87.593,19.256],[-87.5927,19.2563],[-87.5925,19.257],[-87.5921,19.2572],[-87.5917,19.2582],[-87.5916,19.2585],[-87.5915,19.2589],[-87.5913,19.2593],[-87.591,19.2597],[-87.5912,19.2601],[-87.5912,19.2604],[-87.5908,19.2608],[-87.5905,19.2611],[-87.5901,19.2614],[-87.5897,19.2617],[-87.5894,19.262],[-87.589,19.2624],[-87.5886,19.2626],[-87.5882,19.263],[-87.5879,19.2633],[-87.5876,19.2637],[-87.5874,19.2641],[-87.5874,19.2644],[-87.5873,19.2647],[-87.5867,19.265],[-87.5863,19.2653],[-87.5855,19.2658],[-87.5852,19.266],[-87.5848,19.2663],[-87.5844,19.2665],[-87.584,19.2667],[-87.5836,19.2671],[-87.5833,19.2673],[-87.5829,19.2674],[-87.5826,19.2675],[-87.5826,19.2675],[-87.5822,19.2678],[-87.5822,19.2678],[-87.5818,19.2684],[-87.5817,19.2685],[-87.5814,19.2686],[-87.5814,19.2688],[-87.5813,19.2693],[-87.5808,19.2698],[-87.5805,19.2698],[-87.5805,19.2698],[-87.5797,19.2702],[-87.5797,19.2703],[-87.5795,19.2706],[-87.5791,19.2709],[-87.5786,19.271],[-87.5782,19.2713],[-87.5779,19.2715],[-87.5775,19.2718],[-87.5771,19.272],[-87.5768,19.2723],[-87.5764,19.2726],[-87.5757,19.2729],[-87.5757,19.2729],[-87.5754,19.2732],[-87.574,19.2741],[-87.5737,19.2748],[-87.5736,19.2751],[-87.5733,19.2751],[-87.573,19.2752],[-87.5728,19.2752],[-87.5725,19.2755],[-87.572,19.2757],[-87.5717,19.276],[-87.5714,19.2762],[-87.5711,19.2765],[-87.5709,19.2766],[-87.5706,19.2768],[-87.5701,19.2773],[-87.5699,19.2775],[-87.5696,19.2777],[-87.569,19.2782],[-87.5689,19.2786],[-87.5688,19.279],[-87.5687,19.2792],[-87.5687,19.2794],[-87.5687,19.2799],[-87.5684,19.2802],[-87.5683,19.2805],[-87.5679,19.281],[-87.5676,19.2812],[-87.5674,19.2813],[-87.5673,19.2817],[-87.5672,19.2821],[-87.567,19.2829],[-87.567,19.2831],[-87.5669,19.2839],[-87.5667,19.2845],[-87.5667,19.2846],[-87.5665,19.2852],[-87.5657,19.2861],[-87.5651,19.2869],[-87.5645,19.2871],[-87.5645,19.2876],[-87.5643,19.2877],[-87.564,19.288],[-87.5638,19.2884],[-87.5634,19.2888],[-87.5632,19.2893],[-87.563,19.2898],[-87.5626,19.2902],[-87.5623,19.2904],[-87.5619,19.2906],[-87.5615,19.2909],[-87.561,19.2913],[-87.5604,19.2916],[-87.5601,19.2919],[-87.5597,19.2921],[-87.5592,19.2925],[-87.559,19.2927],[-87.5588,19.2929],[-87.5585,19.2932],[-87.5584,19.2933],[-87.5583,19.2935],[-87.5583,19.2939],[-87.5579,19.2944],[-87.5577,19.2947],[-87.5572,19.295],[-87.5565,19.2952],[-87.5564,19.2954],[-87.5563,19.2958],[-87.5562,19.2958],[-87.5562,19.2959],[-87.5562,19.2961],[-87.5558,19.2963],[-87.5554,19.2964],[-87.5546,19.2964],[-87.5543,19.2964],[-87.5541,19.2966],[-87.554,19.2967],[-87.5527,19.2974],[-87.5518,19.2979],[-87.5517,19.2979],[-87.5517,19.298],[-87.5511,19.2988],[-87.5493,19.2998],[-87.5482,19.3004],[-87.548,19.3005],[-87.5476,19.3011],[-87.5472,19.3016],[-87.5468,19.3022],[-87.5466,19.3026],[-87.5464,19.3029],[-87.5458,19.3032],[-87.5452,19.3032],[-87.5451,19.3032],[-87.5443,19.3034],[-87.543,19.3036],[-87.541,19.305],[-87.5397,19.3055],[-87.5388,19.3062],[-87.5388,19.3062],[-87.5388,19.3063],[-87.5388,19.3064],[-87.5389,19.3068],[-87.5382,19.3069],[-87.5376,19.307],[-87.5364,19.3069],[-87.536,19.3069],[-87.5356,19.307],[-87.5343,19.3072],[-87.5312,19.3069],[-87.5287,19.3063],[-87.5271,19.3062],[-87.5262,19.3057],[-87.5243,19.3058],[-87.5229,19.3058],[-87.5213,19.3062],[-87.5202,19.3068],[-87.5193,19.3071],[-87.519,19.3071],[-87.519,19.3071],[-87.518,19.3076],[-87.5171,19.308],[-87.5161,19.3082],[-87.5159,19.3083],[-87.5157,19.3085],[-87.5155,19.3086],[-87.5153,19.3092],[-87.5146,19.3093],[-87.5138,19.3103],[-87.5136,19.3113],[-87.5137,19.3118],[-87.5138,19.3119],[-87.5138,19.3119],[-87.5139,19.312],[-87.5139,19.312],[-87.5139,19.312],[-87.5139,19.312],[-87.514,19.312],[-87.5142,19.3121],[-87.5143,19.3121],[-87.5144,19.3122],[-87.5143,19.3122],[-87.5141,19.3123],[-87.5142,19.3124],[-87.5141,19.3126],[-87.5141,19.3127],[-87.5139,19.3129],[-87.5138,19.3131],[-87.5137,19.3133],[-87.5136,19.3134],[-87.5135,19.3136],[-87.5131,19.314],[-87.513,19.3141],[-87.5128,19.3143],[-87.5127,19.3153],[-87.5126,19.3157],[-87.5125,19.3159],[-87.5123,19.3161],[-87.5119,19.3163],[-87.5118,19.3165],[-87.5115,19.3166],[-87.5114,19.3169],[-87.5114,19.3175],[-87.511,19.3178],[-87.5109,19.3178],[-87.5105,19.3179],[-87.5102,19.318],[-87.5101,19.3182],[-87.5099,19.3185],[-87.5099,19.3189],[-87.5098,19.3191],[-87.5098,19.3194],[-87.5098,19.3197],[-87.5096,19.3198],[-87.5094,19.3198],[-87.5092,19.3199],[-87.5087,19.3201],[-87.5084,19.3203],[-87.5079,19.3208],[-87.5076,19.321],[-87.5071,19.3214],[-87.5066,19.3217],[-87.5064,19.3218],[-87.5062,19.3219],[-87.5056,19.3224],[-87.5053,19.3224],[-87.5049,19.3225],[-87.5044,19.3227],[-87.504,19.3229],[-87.5038,19.3231],[-87.5034,19.3231],[-87.503,19.3231],[-87.5026,19.3233],[-87.5023,19.3235],[-87.502,19.3238],[-87.5016,19.3241],[-87.5013,19.3242],[-87.501,19.3243],[-87.5007,19.3243],[-87.5002,19.3239],[-87.5,19.3238],[-87.4997,19.3235],[-87.4995,19.3232],[-87.4994,19.3227],[-87.4994,19.3224],[-87.4994,19.3224],[-87.4993,19.3223],[-87.4993,19.3223],[-87.4992,19.3222],[-87.4991,19.3222],[-87.499,19.3221],[-87.4989,19.3219],[-87.4987,19.3217],[-87.4985,19.3215],[-87.4983,19.3215],[-87.4981,19.3218],[-87.498,19.3219],[-87.498,19.3221],[-87.4978,19.3221],[-87.4977,19.3221],[-87.4973,19.3222],[-87.4972,19.3222],[-87.4972,19.3223],[-87.4971,19.3226],[-87.4969,19.323],[-87.4965,19.3231],[-87.4962,19.3231],[-87.496,19.3228],[-87.4959,19.3228],[-87.4958,19.3227],[-87.4956,19.3227],[-87.4954,19.3227],[-87.4953,19.3227],[-87.4952,19.3227],[-87.495,19.3227],[-87.4947,19.3228],[-87.4947,19.3229],[-87.4947,19.323],[-87.4946,19.3232],[-87.494,19.3231],[-87.4935,19.3231],[-87.493,19.3233],[-87.4926,19.3234],[-87.4924,19.3234],[-87.4924,19.3234],[-87.4923,19.3234],[-87.4921,19.3235],[-87.4919,19.3237],[-87.4919,19.3238],[-87.4919,19.3239],[-87.4919,19.3239],[-87.4919,19.3241],[-87.4918,19.3242],[-87.4918,19.3242],[-87.4916,19.3245],[-87.4913,19.3245],[-87.4913,19.3245],[-87.4912,19.3246],[-87.4908,19.3249],[-87.4905,19.3253],[-87.4905,19.3253],[-87.4905,19.3254],[-87.4906,19.3254],[-87.4905,19.3256],[-87.4904,19.3258],[-87.4903,19.3258],[-87.4901,19.3258],[-87.4901,19.3258],[-87.4898,19.3261],[-87.4896,19.3261],[-87.4895,19.3261],[-87.4894,19.3262],[-87.4893,19.3263],[-87.4893,19.3264],[-87.4892,19.3263],[-87.4891,19.3262],[-87.4888,19.3262],[-87.4824,19.3246],[-87.4808,19.3243],[-87.4798,19.3237],[-87.4794,19.3239],[-87.4792,19.3249],[-87.4791,19.3257],[-87.4781,19.3261],[-87.4765,19.3261],[-87.4756,19.325],[-87.4752,19.3241],[-87.4744,19.3245],[-87.474,19.3248],[-87.4732,19.3235],[-87.4725,19.3233],[-87.4721,19.3237],[-87.4717,19.3248],[-87.4711,19.3254],[-87.4704,19.3258],[-87.4694,19.3245],[-87.4671,19.3242],[-87.4668,19.3248],[-87.4667,19.3252],[-87.4664,19.3254],[-87.4659,19.3254],[-87.4657,19.3254],[-87.4653,19.3257],[-87.4648,19.3258],[-87.4643,19.326],[-87.4638,19.3259],[-87.4632,19.3255],[-87.4629,19.325],[-87.4628,19.3246],[-87.4628,19.324],[-87.4627,19.3231],[-87.4627,19.323],[-87.4627,19.323],[-87.4625,19.3225],[-87.462,19.3216],[-87.462,19.3215],[-87.4614,19.3217],[-87.4614,19.3216],[-87.462,19.3215],[-87.4615,19.3206],[-87.4612,19.3199],[-87.4606,19.3191],[-87.4596,19.318],[-87.459,19.3175],[-87.458,19.3165],[-87.4577,19.3162],[-87.4561,19.3152],[-87.4557,19.3147],[-87.4557,19.3147],[-87.4556,19.3147],[-87.4553,19.3146],[-87.4553,19.3145],[-87.455,19.3142],[-87.4547,19.314],[-87.4545,19.3139],[-87.4544,19.3138],[-87.454,19.3135],[-87.4536,19.3131],[-87.4535,19.313],[-87.4534,19.3129],[-87.4532,19.3129],[-87.453,19.3128],[-87.4529,19.3129],[-87.4525,19.3128],[-87.4522,19.3127],[-87.4521,19.3127],[-87.452,19.3126],[-87.4518,19.3126],[-87.4515,19.3127],[-87.4505,19.3128],[-87.4499,19.313],[-87.4496,19.313],[-87.4493,19.3132],[-87.449,19.313],[-87.449,19.313],[-87.4486,19.313],[-87.4482,19.313],[-87.4476,19.3131],[-87.4473,19.3129],[-87.4469,19.3128],[-87.4468,19.3128],[-87.4467,19.3133],[-87.4468,19.3133],[-87.4468,19.3134],[-87.4467,19.3134],[-87.4467,19.3133],[-87.4467,19.3133],[-87.4467,19.3128],[-87.4461,19.313],[-87.446,19.3131],[-87.4459,19.3132],[-87.4459,19.3132],[-87.4458,19.3132],[-87.4458,19.3132],[-87.4457,19.3131],[-87.4455,19.3131],[-87.4455,19.313],[-87.4456,19.313],[-87.4456,19.3129],[-87.4456,19.3128],[-87.4456,19.3126],[-87.4456,19.3125],[-87.4455,19.3123],[-87.4454,19.312],[-87.4453,19.312],[-87.4453,19.3119],[-87.4454,19.3118],[-87.4454,19.3117],[-87.4454,19.3117],[-87.4455,19.3116],[-87.4456,19.3116],[-87.4457,19.3116],[-87.4457,19.3116],[-87.4457,19.3116],[-87.4459,19.3116],[-87.4462,19.3115],[-87.4462,19.3115],[-87.4464,19.3112],[-87.4467,19.311],[-87.4475,19.3103],[-87.4487,19.3091],[-87.4497,19.3081],[-87.4502,19.3075],[-87.4502,19.3074],[-87.4504,19.3071],[-87.4509,19.3064],[-87.4511,19.3062],[-87.4514,19.306],[-87.4516,19.3058],[-87.4516,19.3058],[-87.4524,19.3048],[-87.4525,19.3047],[-87.453,19.3042],[-87.4534,19.3039],[-87.4538,19.3034],[-87.4543,19.3028],[-87.4547,19.3023],[-87.455,19.3018],[-87.4552,19.3016],[-87.4557,19.3011],[-87.456,19.3007],[-87.4565,19.3002],[-87.4571,19.2995],[-87.4574,19.2991],[-87.4577,19.2987],[-87.458,19.2984],[-87.458,19.2983],[-87.4581,19.2981],[-87.4582,19.2981],[-87.4585,19.2979],[-87.4589,19.2976],[-87.4591,19.2975],[-87.4603,19.2962],[-87.4613,19.2951],[-87.4613,19.295],[-87.4615,19.2946],[-87.4618,19.2943],[-87.4622,19.2938],[-87.4623,19.2937],[-87.4624,19.2936],[-87.4626,19.2933],[-87.4627,19.2932],[-87.4629,19.2931],[-87.4635,19.2924],[-87.4644,19.2911],[-87.4662,19.2894],[-87.4679,19.2872],[-87.4687,19.286],[-87.469,19.2857],[-87.4691,19.2857],[-87.4692,19.2855],[-87.4694,19.2851],[-87.4695,19.2849],[-87.4696,19.2848],[-87.4697,19.2847],[-87.4697,19.2845],[-87.4712,19.2828],[-87.4729,19.2819],[-87.473,19.282],[-87.4732,19.282],[-87.4733,19.2821],[-87.4736,19.2821],[-87.4737,19.2821],[-87.4739,19.2821],[-87.4744,19.2817],[-87.4751,19.2811],[-87.4753,19.2808],[-87.4752,19.2801],[-87.4759,19.28],[-87.4761,19.2798],[-87.4765,19.2794],[-87.4766,19.2793],[-87.4778,19.2778],[-87.4781,19.2763],[-87.4794,19.2746],[-87.4809,19.2733],[-87.4813,19.2725],[-87.4813,19.2722],[-87.4821,19.2721],[-87.4822,19.272],[-87.4825,19.2716],[-87.4829,19.2713],[-87.4832,19.2708],[-87.4832,19.2708],[-87.4833,19.2706],[-87.4838,19.2699],[-87.4839,19.2697],[-87.4839,19.2692],[-87.4846,19.2684],[-87.4848,19.2682],[-87.4849,19.2677],[-87.485,19.2674],[-87.4851,19.267],[-87.4851,19.2666],[-87.4852,19.2665],[-87.4854,19.2661],[-87.4855,19.266],[-87.4859,19.2658],[-87.4862,19.2657],[-87.4863,19.2657],[-87.4864,19.2656],[-87.4867,19.2656],[-87.4868,19.2656],[-87.4869,19.2656],[-87.4869,19.2656],[-87.4874,19.2654],[-87.4876,19.2653],[-87.4879,19.2649],[-87.488,19.2648],[-87.4882,19.2642],[-87.4884,19.2624],[-87.4885,19.2624],[-87.4885,19.2624],[-87.4885,19.2623],[-87.4886,19.2622],[-87.4886,19.2621],[-87.489,19.2616],[-87.4895,19.2611],[-87.4895,19.2611],[-87.4895,19.261],[-87.4896,19.2609],[-87.4897,19.2607],[-87.4898,19.2607],[-87.4902,19.2603],[-87.4903,19.2603],[-87.4905,19.26],[-87.4914,19.2599],[-87.4921,19.2595],[-87.4929,19.2589],[-87.4931,19.2586],[-87.4939,19.2578],[-87.4946,19.2573],[-87.4949,19.2571],[-87.4949,19.2571],[-87.4951,19.257],[-87.4952,19.2568],[-87.4955,19.2567],[-87.4957,19.2565],[-87.4959,19.2563],[-87.4966,19.2556],[-87.4968,19.2554],[-87.4975,19.2545],[-87.4977,19.2544],[-87.4982,19.2537],[-87.4984,19.2534],[-87.4985,19.2532],[-87.4985,19.2532],[-87.4986,19.2532],[-87.4987,19.253],[-87.499,19.2526],[-87.4993,19.2521],[-87.4995,19.2517],[-87.4997,19.2515],[-87.4997,19.2513],[-87.5002,19.2507],[-87.5003,19.2507],[-87.5005,19.2504],[-87.5005,19.2502],[-87.5006,19.2501],[-87.5007,19.2498],[-87.5007,19.2498],[-87.5011,19.2496],[-87.5011,19.2495],[-87.5014,19.2495],[-87.5016,19.2494],[-87.5018,19.2493],[-87.502,19.2492],[-87.5022,19.2491],[-87.5024,19.249],[-87.5025,19.2489],[-87.5026,19.2488],[-87.5033,19.2485],[-87.5036,19.2484],[-87.5038,19.2483],[-87.5043,19.2481],[-87.5049,19.2477],[-87.505,19.2476],[-87.5051,19.2475],[-87.5051,19.2469],[-87.5055,19.2463],[-87.5058,19.2455],[-87.5064,19.2448],[-87.5064,19.2441],[-87.507,19.2438],[-87.5075,19.2439],[-87.5076,19.2439],[-87.5079,19.2438],[-87.508,19.2437],[-87.5093,19.2429],[-87.51,19.2422],[-87.5102,19.242],[-87.5104,19.2417],[-87.5105,19.2416],[-87.5107,19.2414],[-87.5108,19.2413],[-87.5113,19.2407],[-87.5123,19.2396],[-87.5126,19.2388],[-87.5128,19.2386],[-87.5132,19.2378],[-87.5135,19.2372],[-87.5138,19.2365],[-87.5139,19.2364],[-87.5142,19.2362],[-87.5145,19.2358],[-87.5145,19.2358],[-87.5148,19.2353],[-87.5149,19.2353],[-87.5149,19.2353],[-87.515,19.2352],[-87.5151,19.2352],[-87.5153,19.2351],[-87.5154,19.2351],[-87.5155,19.2352],[-87.5156,19.2353],[-87.5157,19.2355],[-87.5159,19.2358],[-87.5163,19.2362],[-87.5164,19.2363],[-87.5167,19.2364],[-87.5167,19.2364],[-87.5171,19.2366],[-87.5172,19.2366],[-87.5177,19.2366],[-87.5184,19.2362],[-87.5195,19.2358],[-87.5196,19.2357],[-87.5201,19.2354],[-87.5203,19.2353],[-87.5203,19.2352],[-87.5204,19.2347],[-87.5207,19.2336],[-87.521,19.2331],[-87.5217,19.2328],[-87.5228,19.232],[-87.5234,19.2317],[-87.5239,19.2314],[-87.5245,19.2312],[-87.5251,19.2306],[-87.5256,19.2303],[-87.526,19.2303],[-87.526,19.2303],[-87.5262,19.2301],[-87.5263,19.23],[-87.5266,19.2293],[-87.5269,19.229],[-87.5274,19.2278],[-87.5279,19.2272],[-87.528,19.2265],[-87.5283,19.2255],[-87.5282,19.2247],[-87.5282,19.224],[-87.5285,19.2235],[-87.5285,19.2227],[-87.5288,19.2225],[-87.5292,19.2219],[-87.5292,19.2215],[-87.5298,19.221],[-87.5306,19.2203],[-87.5309,19.2197],[-87.5314,19.2196],[-87.5315,19.2193],[-87.5317,19.2191],[-87.5318,19.219],[-87.5318,19.2189],[-87.5321,19.2186],[-87.5323,19.2183],[-87.5332,19.2164],[-87.5333,19.2163],[-87.5335,19.2159],[-87.5336,19.2157],[-87.5337,19.2154],[-87.534,19.2148],[-87.5342,19.2146],[-87.5352,19.213],[-87.5353,19.2129],[-87.5354,19.2125],[-87.5355,19.2123],[-87.5356,19.2121],[-87.5357,19.212],[-87.5364,19.2103],[-87.5372,19.2081],[-87.5372,19.208],[-87.5373,19.2076],[-87.5381,19.2045],[-87.5387,19.2028],[-87.5396,19.1998],[-87.5399,19.1981],[-87.54,19.1949],[-87.5394,19.1933],[-87.5397,19.1929],[-87.5393,19.1909],[-87.5391,19.1901],[-87.5389,19.1897],[-87.5388,19.1892],[-87.5388,19.1891],[-87.5386,19.1877],[-87.5385,19.1877],[-87.5381,19.1872],[-87.5379,19.1863],[-87.538,19.1856],[-87.538,19.1847],[-87.5382,19.1847],[-87.5382,19.1846],[-87.5382,19.1845],[-87.5382,19.1844],[-87.5385,19.1843],[-87.5385,19.1842],[-87.5388,19.1842],[-87.5389,19.1842],[-87.539,19.1842],[-87.5392,19.184],[-87.5393,19.184],[-87.5394,19.1837],[-87.5396,19.1835],[-87.5398,19.1831],[-87.5398,19.1821],[-87.54,19.1815],[-87.5401,19.1805],[-87.5402,19.1801],[-87.5402,19.179],[-87.5404,19.1786],[-87.5403,19.1779],[-87.5402,19.177],[-87.5402,19.1752],[-87.5398,19.1745],[-87.5398,19.174],[-87.5397,19.1732],[-87.5398,19.1728],[-87.5397,19.1727],[-87.5397,19.1724],[-87.5397,19.1722],[-87.5398,19.172],[-87.5398,19.1719],[-87.5399,19.1718],[-87.5401,19.1716],[-87.5403,19.1714],[-87.5404,19.1712],[-87.5406,19.1711],[-87.5409,19.1707],[-87.5413,19.17],[-87.5417,19.1692],[-87.542,19.1686],[-87.5421,19.1684],[-87.5421,19.1682],[-87.5422,19.168],[-87.5423,19.1667],[-87.5422,19.1654],[-87.5419,19.1643],[-87.5415,19.1626],[-87.5407,19.1613],[-87.5406,19.1596],[-87.5406,19.1581],[-87.5408,19.1571],[-87.5408,19.1559],[-87.5408,19.1551],[-87.5409,19.1543],[-87.541,19.1542],[-87.5411,19.1539],[-87.5411,19.1537],[-87.5412,19.1535],[-87.5415,19.153],[-87.5417,19.1527],[-87.5417,19.1525],[-87.5419,19.1524],[-87.542,19.1522],[-87.5421,19.1521],[-87.5422,19.152],[-87.5424,19.1519],[-87.5426,19.1518],[-87.5429,19.1517],[-87.5432,19.1516],[-87.5434,19.1515],[-87.5445,19.1508],[-87.5459,19.1495],[-87.5468,19.1484],[-87.5477,19.1466],[-87.5483,19.1455],[-87.5483,19.1455],[-87.5484,19.1454],[-87.5486,19.1444],[-87.5485,19.1433],[-87.5483,19.1419],[-87.5485,19.1414],[-87.5482,19.1402],[-87.5476,19.1386],[-87.5474,19.1372],[-87.5474,19.1364],[-87.5478,19.135],[-87.5483,19.1339],[-87.5485,19.1335],[-87.5488,19.1328],[-87.5489,19.1325],[-87.5489,19.1323],[-87.5491,19.1317],[-87.5494,19.1305],[-87.5498,19.125],[-87.5501,19.1233],[-87.55,19.1211],[-87.55,19.1205],[-87.55,19.1191],[-87.55,19.1191],[-87.55,19.1186],[-88.017,19.1166],[-88.033,19.1185],[-88.0369,19.119],[-88.0792,19.1264],[-88.0969,19.1303],[-88.1053,19.1321],[-88.138,19.139],[-88.1445,19.1412],[-88.1447,19.1404],[-88.1576,19.1415],[-88.1589,19.1417],[-88.1591,19.1417],[-88.1592,19.1417],[-88.1598,19.1417],[-88.1598,19.1417],[-88.1599,19.1418],[-88.1604,19.1418],[-88.161,19.1418],[-88.161,19.1418],[-88.1611,19.1418],[-88.162,19.1419],[-88.1621,19.1419],[-88.1621,19.1419],[-88.1631,19.142],[-88.1632,19.142],[-88.1632,19.142],[-88.1641,19.1421],[-88.1642,19.1421],[-88.1642,19.1421],[-88.1652,19.1422],[-88.1652,19.1422],[-88.1653,19.1422],[-88.1658,19.1422],[-88.1663,19.1423],[-88.1664,19.1423],[-88.1667,19.1423],[-88.1674,19.1423],[-88.1681,19.1424],[-88.1681,19.1424],[-88.1682,19.1423],[-88.1685,19.1418],[-88.1686,19.1417],[-88.1687,19.1415],[-88.1688,19.1414],[-88.1688,19.1413],[-88.1689,19.1413],[-88.1694,19.1405],[-88.1694,19.1404],[-88.1695,19.1404],[-88.1695,19.1403],[-88.1698,19.1403],[-88.1698,19.1403],[-88.1699,19.1403],[-88.1715,19.1403],[-88.1716,19.1403],[-88.1716,19.1403],[-88.1722,19.1403],[-88.1725,19.1403],[-88.1729,19.1403],[-88.1731,19.1409],[-88.1742,19.1409],[-88.1733,19.1484],[-88.1732,19.1485],[-88.1732,19.1487],[-88.1732,19.1488],[-88.1732,19.1489],[-88.173,19.1502],[-88.173,19.1502],[-88.1828,19.1516],[-88.1846,19.1519],[-88.1874,19.1523],[-88.1935,19.1533],[-88.2084,19.1566],[-88.216,19.1312],[-88.2186,19.1227],[-88.2207,19.1157],[-88.2196,19.1138],[-88.2196,19.1134],[-88.22,19.1072],[-88.2245,19.1012],[-88.2278,19.0923],[-88.2278,19.0916],[-88.2384,19.0627],[-88.2392,19.0605],[-88.2425,19.0518],[-88.2781,19.0622],[-88.3197,19.0743],[-88.3285,19.077],[-88.3374,19.0794],[-88.3879,19.094],[-88.4236,19.0969],[-88.4215,19.1032],[-88.408,19.1442],[-88.3989,19.1727],[-88.394,19.1819],[-88.3852,19.1982],[-88.4147,19.1981],[-88.4559,19.195],[-88.4738,19.1939],[-88.4825,19.1959],[-88.4849,19.2025],[-88.5305,19.2011],[-88.5323,19.2012],[-88.5378,19.2015],[-88.5381,19.2015],[-88.5382,19.2015],[-88.5383,19.2015],[-88.5384,19.2015],[-88.5384,19.2015],[-88.5555,19.2016],[-88.5553,19.1895],[-88.5899,19.1895],[-88.5899,19.2123],[-88.5984,19.2182],[-88.6552,19.2177],[-88.6552,19.23],[-88.6519,19.2351],[-88.6503,19.236],[-88.6494,19.2801],[-88.6494,19.282],[-88.636,19.2819],[-88.636,19.2877],[-88.6359,19.303],[-88.6245,19.3024],[-88.6251,19.338],[-88.6595,19.3384],[-88.6752,19.3386],[-88.6716,19.3696],[-88.6699,19.3861],[-88.6689,19.3947],[-88.6745,19.3952],[-88.6747,19.4032],[-88.6941,19.4018],[-88.6976,19.4032],[-88.6994,19.4039],[-88.6969,19.4262],[-88.6969,19.4265],[-88.6957,19.4372],[-88.6895,19.4375],[-88.6897,19.4439],[-88.6947,19.4436],[-88.6926,19.4622],[-88.6651,19.459],[-88.6452,19.4572],[-88.6453,19.4513],[-88.6227,19.4487],[-88.6225,19.4593],[-88.6222,19.4687],[-88.6218,19.4867],[-88.6207,19.5336],[-88.6192,19.5784],[-88.6186,19.5963],[-88.6306,19.5975],[-88.6311,19.5982],[-88.6316,19.5991],[-88.6516,19.6254],[-88.6517,19.6255],[-88.6517,19.6256],[-88.6533,19.6286],[-88.6384,19.6351],[-88.6395,19.6372],[-88.6331,19.6434],[-88.6308,19.6427],[-88.6253,19.6421],[-88.6244,19.6416],[-88.6232,19.6409],[-88.5906,19.6341],[-88.5984,19.6433],[-88.5759,19.6382],[-88.5714,19.656],[-88.5679,19.6702],[-88.5489,19.7493],[-88.5484,19.7491],[-88.5484,19.7491],[-88.5284,19.7454],[-88.5239,19.755],[-88.5234,19.7569],[-88.5229,19.7573],[-88.5176,19.7708],[-88.5175,19.7709],[-88.5129,19.7826],[-88.5126,19.7828],[-88.5122,19.7831],[-88.5121,19.7833],[-88.512,19.7835],[-88.512,19.784],[-88.5116,19.7846],[-88.5115,19.7848],[-88.5116,19.7851],[-88.5119,19.7856],[-88.5119,19.7859],[-88.5119,19.7866],[-88.5115,19.7874],[-88.5115,19.7879],[-88.4868,19.8803],[-88.4836,19.8836],[-88.484,19.8918],[-88.4684,19.8914],[-88.4684,19.8961],[-88.4684,19.9298],[-88.4684,19.9299],[-88.4685,19.957],[-88.4103,19.9573],[-88.4103,19.9523],[-88.4103,19.9509],[-88.397,19.9513],[-88.3971,19.9577],[-88.3934,19.9577],[-88.3929,19.9705],[-88.3952,19.9702],[-88.3959,19.9763],[-88.3925,19.9767],[-88.3916,19.9975],[-88.392,20.0056],[-88.3914,20.0161],[-88.4112,20.0188],[-88.4406,20.0226],[-88.4432,20.0068],[-88.4842,20.0099],[-88.4834,20.0197],[-88.4756,20.0184],[-88.4742,20.0248],[-88.4753,20.0377],[-88.4792,20.0366],[-88.4886,20.0366],[-88.4895,20.0368],[-88.4941,20.0375],[-88.4983,20.0382],[-88.4982,20.0402],[-88.4971,20.0586],[-88.4944,20.0584],[-88.4369,20.0523],[-88.4225,20.1541],[-88.4337,20.1672],[-88.4363,20.1702],[-88.4471,20.182],[-88.5023,20.1901],[-88.5096,20.191],[-88.51,20.1911],[-88.5199,20.1923],[-88.5049,20.2013],[-88.4434,20.2381],[-88.4151,20.233],[-88.4091,20.2397],[-88.4029,20.2395],[-88.4052,20.2461],[-88.4091,20.2521],[-88.4073,20.2521],[-88.401,20.2518],[-88.3954,20.2535],[-88.3894,20.2545],[-88.3776,20.2567],[-88.3764,20.257],[-88.3708,20.2578],[-88.3566,20.2583],[-88.3519,20.259],[-88.3416,20.2576],[-88.3347,20.2567],[-88.33,20.2561],[-88.3131,20.254],[-88.3088,20.2535],[-88.273,20.2699],[-88.2668,20.2691],[-88.2646,20.2903],[-88.2327,20.2902],[-88.2327,20.287],[-88.1682,20.2854],[-88.1681,20.2854],[-88.1672,20.2854],[-88.1365,20.2814],[-88.1042,20.3121],[-88.0649,20.3495],[-88.0594,20.3548],[-88.0473,20.3663],[-88.0475,20.3788],[-88.0357,20.3789],[-88.034,20.3789],[-87.9947,20.4163],[-87.993,20.418],[-87.993,20.4241],[-87.9922,20.4162],[-87.9915,20.4083],[-87.9889,20.3793],[-87.9889,20.3789],[-87.988,20.3693],[-87.9857,20.3437],[-87.9827,20.3107]]]]}},{"type":"Feature","properties":{"cvegeo":"23003","cve_ent":"23","name":"Isla Mujeres"},"geometry":{"type":"MultiPolygon","coordinates":[[[[-86.7487,21.2651],[-86.7487,21.265],[-86.7486,21.2649],[-86.7486,21.2648],[-86.7486,21.2647],[-86.7486,21.2646],[-86.7486,21.2645],[-86.7485,21.2643],[-86.7484,21.2643],[-86.7484,21.2641],[-86.7484,21.2639],[-86.7483,21.2637],[-86.7483,21.2635],[-86.7483,21.2633],[-86.7482,21.2633],[-86.7482,21.2632],[-86.7482,21.2631],[-86.7481,21.2628],[-86.7482,21.2626],[-86.7483,21.2626],[-86.7482,21.2625],[-86.748,21.2624],[-86.7479,21.2624],[-86.7479,21.2622],[-86.7478,21.2621],[-86.7478,21.262],[-86.7477,21.2619],[-86.7477,21.2618],[-86.7476,21.2618],[-86.7475,21.2617],[-86.7474,21.2617],[-86.7473,21.2617],[-86.7473,21.2616],[-86.7472,21.2615],[-86.7472,21.2615],[-86.7471,21.2614],[-86.7471,21.2614],[-86.7471,21.2613],[-86.7471,21.2613],[-86.7471,21.2612],[-86.7471,21.2612],[-86.7471,21.2612],[-86.747,21.2611],[-86.7471,21.2611],[-86.7471,21.261],[-86.7471,21.261],[-86.7472,21.261],[-86.7473,21.2609],[-86.7473,21.2609],[-86.7474,21.2609],[-86.7474,21.2608],[-86.7474,21.2607],[-86.7473,21.2606],[-86.7471,21.2605],[-86.7471,21.2603],[-86.7471,21.2601],[-86.7472,21.2599],[-86.7472,21.2598],[-86.7472,21.2596],[-86.7472,21.2596],[-86.7471,21.2594],[-86.747,21.2593],[-86.747,21.2593],[-86.747,21.2592],[-86.7466,21.2589],[-86.7459,21.2581],[-86.7457,21.2579],[-86.7453,21.2573],[-86.7453,21.2572],[-86.7453,21.2572],[-86.7452,21.2571],[-86.7452,21.257],[-86.7451,21.2569],[-86.745,21.2565],[-86.7449,21.2564],[-86.7449,21.2562],[-86.7449,21.256],[-86.7448,21.2558],[-86.7447,21.2556],[-86.7445,21.2555],[-86.7444,21.2553],[-86.7443,21.2552],[-86.7443,21.2551],[-86.7442,21.2551],[-86.7442,21.2549],[-86.7441,21.2549],[-86.7441,21.2548],[-86.7441,21.2548],[-86.744,21.2547],[-86.7439,21.2546],[-86.7438,21.2545],[-86.7438,21.2545],[-86.7438,21.2545],[-86.7435,21.2541],[-86.7433,21.2538],[-86.7432,21.2537],[-86.7432,21.2537],[-86.7433,21.2536],[-86.7433,21.2536],[-86.7432,21.2536],[-86.7432,21.2535],[-86.7432,21.2534],[-86.7432,21.2534],[-86.7432,21.2533],[-86.7432,21.2532],[-86.7432,21.2532],[-86.7432,21.2532],[-86.7432,21.2532],[-86.7431,21.2531],[-86.743,21.2531],[-86.7429,21.2531],[-86.743,21.253],[-86.743,21.2529],[-86.743,21.2528],[-86.7429,21.2527],[-86.7427,21.2526],[-86.7427,21.2525],[-86.7425,21.2523],[-86.7425,21.2522],[-86.7424,21.2522],[-86.7423,21.2521],[-86.7423,21.252],[-86.7423,21.2519],[-86.7423,21.2519],[-86.7422,21.2518],[-86.7422,21.2518],[-86.7422,21.2518],[-86.7421,21.2517],[-86.7421,21.2517],[-86.742,21.2517],[-86.742,21.2517],[-86.742,21.2516],[-86.7419,21.2515],[-86.7419,21.2515],[-86.7419,21.2514],[-86.7419,21.2514],[-86.7419,21.2513],[-86.7418,21.2513],[-86.7418,21.2513],[-86.7417,21.2512],[-86.7417,21.2511],[-86.7417,21.251],[-86.7417,21.2504],[-86.7417,21.2503],[-86.7417,21.2502],[-86.7414,21.2497],[-86.7412,21.2494],[-86.7411,21.2495],[-86.7408,21.2491],[-86.7403,21.2482],[-86.7403,21.2481],[-86.7402,21.2481],[-86.7401,21.248],[-86.7401,21.2478],[-86.74,21.2477],[-86.7399,21.2476],[-86.7399,21.2475],[-86.7398,21.2474],[-86.7398,21.2474],[-86.7397,21.2472],[-86.7396,21.2471],[-86.7396,21.2471],[-86.7396,21.247],[-86.7396,21.2469],[-86.7394,21.2465],[-86.7391,21.2463],[-86.7391,21.2462],[-86.7391,21.2461],[-86.7391,21.2461],[-86.7391,21.246],[-86.7391,21.2459],[-86.739,21.2457],[-86.7389,21.2456],[-86.7389,21.2455],[-86.7387,21.2455],[-86.7388,21.2454],[-86.7387,21.2453],[-86.7386,21.2452],[-86.7385,21.2451],[-86.7384,21.2451],[-86.7384,21.245],[-86.7383,21.2449],[-86.7382,21.2449],[-86.7381,21.2449],[-86.7381,21.2448],[-86.738,21.2447],[-86.7379,21.2448],[-86.7379,21.2447],[-86.7377,21.2445],[-86.7376,21.2443],[-86.7376,21.2443],[-86.7376,21.2442],[-86.7375,21.244],[-86.7374,21.2441],[-86.7374,21.244],[-86.7373,21.244],[-86.7372,21.2438],[-86.737,21.2436],[-86.7369,21.2433],[-86.7367,21.2433],[-86.7367,21.2433],[-86.7367,21.2432],[-86.7367,21.243],[-86.7366,21.243],[-86.7365,21.243],[-86.7366,21.2429],[-86.7364,21.2428],[-86.7363,21.2427],[-86.7363,21.2426],[-86.7362,21.2425],[-86.7361,21.2423],[-86.7361,21.2423],[-86.736,21.2422],[-86.7359,21.2422],[-86.7359,21.2421],[-86.7358,21.242],[-86.7357,21.2419],[-86.7356,21.242],[-86.7355,21.242],[-86.7355,21.2419],[-86.7354,21.2419],[-86.7354,21.2418],[-86.7353,21.2417],[-86.7354,21.2416],[-86.7353,21.2416],[-86.7352,21.2415],[-86.7352,21.2414],[-86.7352,21.2412],[-86.735,21.2411],[-86.735,21.241],[-86.7349,21.2409],[-86.7347,21.2408],[-86.7346,21.2407],[-86.7346,21.2406],[-86.7344,21.2405],[-86.7344,21.2405],[-86.7343,21.2404],[-86.7342,21.2403],[-86.7342,21.2403],[-86.7342,21.2402],[-86.7341,21.2402],[-86.7341,21.2401],[-86.734,21.2401],[-86.734,21.24],[-86.7339,21.24],[-86.7339,21.2399],[-86.7339,21.2398],[-86.7338,21.2397],[-86.7338,21.2397],[-86.7338,21.2396],[-86.7337,21.2395],[-86.7337,21.2394],[-86.7336,21.2395],[-86.7335,21.2393],[-86.7334,21.2392],[-86.7335,21.2392],[-86.7333,21.2389],[-86.7331,21.2387],[-86.7327,21.2384],[-86.7328,21.2382],[-86.7326,21.2381],[-86.7324,21.238],[-86.7323,21.2377],[-86.7322,21.2376],[-86.7322,21.2374],[-86.7317,21.237],[-86.7315,21.2366],[-86.731,21.236],[-86.7307,21.2354],[-86.7307,21.2354],[-86.7305,21.2352],[-86.7302,21.235],[-86.7298,21.2346],[-86.7298,21.2344],[-86.7296,21.2343],[-86.7296,21.2341],[-86.7296,21.234],[-86.7294,21.2332],[-86.7285,21.232],[-86.7285,21.232],[-86.7284,21.232],[-86.7285,21.232],[-86.7284,21.2318],[-86.7279,21.2314],[-86.7277,21.2312],[-86.7277,21.2312],[-86.7276,21.2309],[-86.7274,21.2307],[-86.7274,21.2306],[-86.7274,21.2306],[-86.7273,21.2304],[-86.7273,21.2303],[-86.7272,21.2301],[-86.7272,21.2301],[-86.727,21.2299],[-86.7269,21.2299],[-86.727,21.2297],[-86.727,21.2297],[-86.727,21.2295],[-86.727,21.2295],[-86.727,21.2294],[-86.727,21.2294],[-86.7269,21.2292],[-86.7268,21.229],[-86.7267,21.229],[-86.7267,21.2289],[-86.7266,21.2288],[-86.7266,21.2286],[-86.7266,21.2286],[-86.7264,21.2285],[-86.7264,21.2284],[-86.7263,21.2284],[-86.7262,21.2284],[-86.7259,21.2283],[-86.7258,21.2281],[-86.7259,21.2281],[-86.7258,21.228],[-86.7258,21.228],[-86.7257,21.2279],[-86.7256,21.2279],[-86.7256,21.2279],[-86.7253,21.2276],[-86.7253,21.2276],[-86.7253,21.2275],[-86.7252,21.2273],[-86.7251,21.2272],[-86.7252,21.227],[-86.7251,21.227],[-86.725,21.2269],[-86.7251,21.2267],[-86.725,21.2266],[-86.7249,21.2266],[-86.7249,21.2264],[-86.725,21.2264],[-86.7251,21.2263],[-86.725,21.2262],[-86.725,21.226],[-86.7249,21.2259],[-86.7249,21.2258],[-86.7248,21.2256],[-86.7247,21.2256],[-86.7246,21.2254],[-86.7247,21.2253],[-86.7245,21.225],[-86.7243,21.2248],[-86.7242,21.2248],[-86.7242,21.2248],[-86.7241,21.2244],[-86.7236,21.2244],[-86.7236,21.2243],[-86.7237,21.2241],[-86.7236,21.224],[-86.7235,21.2238],[-86.7234,21.2239],[-86.7233,21.2238],[-86.7232,21.2237],[-86.723,21.2233],[-86.7229,21.223],[-86.7227,21.223],[-86.7224,21.223],[-86.7222,21.2228],[-86.7222,21.222],[-86.7221,21.2216],[-86.7221,21.2216],[-86.7223,21.2216],[-86.7215,21.2202],[-86.7208,21.2196],[-86.721,21.2194],[-86.7211,21.2194],[-86.7211,21.2191],[-86.7209,21.2182],[-86.7205,21.2177],[-86.7202,21.217],[-86.7199,21.2158],[-86.7196,21.2156],[-86.7193,21.215],[-86.7191,21.2142],[-86.7187,21.2131],[-86.7186,21.2128],[-86.7184,21.2122],[-86.7178,21.2113],[-86.7169,21.2103],[-86.7159,21.2094],[-86.7155,21.2081],[-86.7152,21.207],[-86.7147,21.2061],[-86.7139,21.2057],[-86.7133,21.2052],[-86.7131,21.2046],[-86.7128,21.2042],[-86.7126,21.2038],[-86.7126,21.2035],[-86.7123,21.203],[-86.7122,21.2029],[-86.7119,21.2028],[-86.7116,21.2028],[-86.7112,21.2026],[-86.7107,21.2023],[-86.7106,21.2018],[-86.7104,21.2015],[-86.7108,21.2015],[-86.7112,21.2018],[-86.7119,21.2017],[-86.7122,21.202],[-86.7128,21.2023],[-86.7132,21.2025],[-86.7136,21.2028],[-86.714,21.2032],[-86.7144,21.2034],[-86.7149,21.2038],[-86.7155,21.2041],[-86.7162,21.2043],[-86.7164,21.2048],[-86.7168,21.2052],[-86.7173,21.2052],[-86.7178,21.2053],[-86.7184,21.2055],[-86.7188,21.2061],[-86.7193,21.2067],[-86.7195,21.2071],[-86.72,21.2077],[-86.7204,21.2083],[-86.7207,21.2087],[-86.7212,21.2093],[-86.7218,21.2099],[-86.7224,21.2105],[-86.7228,21.2108],[-86.7232,21.2114],[-86.7236,21.2121],[-86.7248,21.2131],[-86.7249,21.2135],[-86.7249,21.2135],[-86.725,21.2141],[-86.7252,21.2144],[-86.7277,21.2169],[-86.7277,21.2169],[-86.7279,21.2166],[-86.7282,21.2164],[-86.7282,21.2164],[-86.7285,21.2163],[-86.7285,21.2163],[-86.7282,21.2164],[-86.7282,21.2165],[-86.7279,21.2167],[-86.7277,21.2169],[-86.7277,21.2169],[-86.7279,21.2171],[-86.7283,21.2174],[-86.7286,21.2176],[-86.729,21.2172],[-86.7291,21.2171],[-86.729,21.2171],[-86.729,21.217],[-86.7291,21.217],[-86.7291,21.217],[-86.7291,21.2171],[-86.7291,21.2171],[-86.7291,21.2171],[-86.7292,21.2172],[-86.7292,21.2172],[-86.7291,21.2171],[-86.7289,21.2174],[-86.7286,21.2176],[-86.7288,21.2177],[-86.7292,21.2182],[-86.7294,21.2183],[-86.7295,21.2184],[-86.7298,21.2186],[-86.7303,21.2182],[-86.7302,21.2181],[-86.7302,21.2181],[-86.7303,21.2181],[-86.7303,21.2181],[-86.7303,21.2182],[-86.7303,21.2182],[-86.7303,21.2182],[-86.7303,21.2183],[-86.7303,21.2182],[-86.73,21.2184],[-86.7301,21.2184],[-86.7301,21.2185],[-86.7302,21.2185],[-86.7303,21.2186],[-86.7303,21.2187],[-86.7304,21.2188],[-86.7306,21.2186],[-86.7306,21.2185],[-86.7306,21.2185],[-86.7307,21.2186],[-86.7307,21.2186],[-86.7307,21.2186],[-86.7307,21.2186],[-86.7307,21.2187],[-86.7307,21.2187],[-86.7307,21.2186],[-86.7302,21.219],[-86.7303,21.219],[-86.7303,21.219],[-86.7303,21.2192],[-86.7303,21.2194],[-86.7303,21.2194],[-86.7304,21.2194],[-86.7304,21.2194],[-86.7305,21.2195],[-86.7305,21.2195],[-86.7305,21.2196],[-86.7305,21.2196],[-86.7306,21.2197],[-86.7306,21.2198],[-86.7307,21.2198],[-86.7307,21.2198],[-86.7307,21.2199],[-86.7308,21.22],[-86.7308,21.2201],[-86.7309,21.2202],[-86.7309,21.2202],[-86.7316,21.2208],[-86.7316,21.2208],[-86.7317,21.2208],[-86.7317,21.2209],[-86.7318,21.2209],[-86.7318,21.2209],[-86.7319,21.2209],[-86.7319,21.2209],[-86.7319,21.221],[-86.732,21.2211],[-86.732,21.2212],[-86.7321,21.2212],[-86.7322,21.2212],[-86.7322,21.2212],[-86.7322,21.2213],[-86.7323,21.2213],[-86.7323,21.2213],[-86.7323,21.2213],[-86.7325,21.2212],[-86.7325,21.2212],[-86.7325,21.2212],[-86.7326,21.2213],[-86.7328,21.2214],[-86.733,21.2216],[-86.7327,21.2219],[-86.7328,21.2219],[-86.7328,21.2219],[-86.7329,21.2219],[-86.7328,21.2221],[-86.7329,21.2222],[-86.733,21.2223],[-86.733,21.2224],[-86.7331,21.2225],[-86.7333,21.2227],[-86.7336,21.2226],[-86.7335,21.2225],[-86.7335,21.2224],[-86.7336,21.2226],[-86.7335,21.2226],[-86.7333,21.2228],[-86.7334,21.2228],[-86.7335,21.2228],[-86.7335,21.2229],[-86.7336,21.2229],[-86.7336,21.223],[-86.7336,21.223],[-86.7336,21.223],[-86.7337,21.223],[-86.7338,21.2229],[-86.7341,21.2226],[-86.7342,21.2227],[-86.7339,21.2229],[-86.7339,21.223],[-86.734,21.223],[-86.734,21.223],[-86.734,21.223],[-86.734,21.2231],[-86.734,21.2231],[-86.734,21.2231],[-86.734,21.2232],[-86.7339,21.2233],[-86.7339,21.2233],[-86.7338,21.2233],[-86.7337,21.2234],[-86.7338,21.2234],[-86.7339,21.2234],[-86.734,21.2233],[-86.7341,21.2233],[-86.7341,21.2233],[-86.7342,21.2233],[-86.7343,21.2234],[-86.7343,21.2235],[-86.7342,21.2235],[-86.7342,21.2235],[-86.7342,21.2235],[-86.7341,21.2234],[-86.7341,21.2235],[-86.7342,21.2236],[-86.734,21.2237],[-86.734,21.2238],[-86.734,21.2239],[-86.7344,21.2235],[-86.7344,21.2235],[-86.7344,21.2236],[-86.734,21.2239],[-86.7342,21.224],[-86.7342,21.2241],[-86.7343,21.2242],[-86.7344,21.2241],[-86.7345,21.2241],[-86.7345,21.2242],[-86.7345,21.2242],[-86.7345,21.2243],[-86.7346,21.2243],[-86.7347,21.2244],[-86.7348,21.2246],[-86.7352,21.2252],[-86.7352,21.2252],[-86.7352,21.2253],[-86.7353,21.2254],[-86.7353,21.2254],[-86.7353,21.2254],[-86.7354,21.2255],[-86.7354,21.2256],[-86.7355,21.2257],[-86.7356,21.2257],[-86.7356,21.2257],[-86.7355,21.2258],[-86.7356,21.2258],[-86.7356,21.2258],[-86.7357,21.226],[-86.7358,21.2262],[-86.7358,21.2262],[-86.736,21.2264],[-86.7361,21.2267],[-86.7361,21.227],[-86.7362,21.2271],[-86.7362,21.2273],[-86.7363,21.2273],[-86.7363,21.2274],[-86.7363,21.2274],[-86.7366,21.2272],[-86.7366,21.2272],[-86.7366,21.2272],[-86.7367,21.2273],[-86.7367,21.2273],[-86.7367,21.2272],[-86.7364,21.2274],[-86.7364,21.2275],[-86.7364,21.2276],[-86.7365,21.2279],[-86.7367,21.2281],[-86.7368,21.2281],[-86.7368,21.2282],[-86.7369,21.2282],[-86.737,21.2283],[-86.737,21.2284],[-86.7371,21.2285],[-86.7371,21.2285],[-86.7371,21.2285],[-86.7371,21.2285],[-86.7371,21.2285],[-86.7371,21.2285],[-86.7371,21.2286],[-86.7372,21.2286],[-86.7372,21.2286],[-86.7372,21.2286],[-86.7372,21.2286],[-86.7372,21.2286],[-86.7372,21.2286],[-86.7372,21.2286],[-86.7372,21.2286],[-86.7372,21.2286],[-86.7372,21.2287],[-86.7372,21.2287],[-86.7373,21.2287],[-86.7373,21.2287],[-86.7373,21.2288],[-86.7374,21.2288],[-86.7374,21.2289],[-86.7374,21.2289],[-86.7375,21.229],[-86.7376,21.229],[-86.7377,21.2291],[-86.7378,21.2292],[-86.7379,21.2292],[-86.738,21.2292],[-86.7381,21.2291],[-86.7381,21.2291],[-86.738,21.2293],[-86.7379,21.2293],[-86.7379,21.2293],[-86.7379,21.2294],[-86.7379,21.2294],[-86.738,21.2294],[-86.7381,21.2295],[-86.7382,21.2294],[-86.7382,21.2294],[-86.7383,21.2293],[-86.7383,21.2294],[-86.7383,21.2294],[-86.7383,21.2294],[-86.7381,21.2295],[-86.7381,21.2296],[-86.7381,21.2296],[-86.7381,21.2297],[-86.7382,21.2298],[-86.7382,21.2299],[-86.7383,21.23],[-86.7384,21.23],[-86.7385,21.2302],[-86.7386,21.2303],[-86.7387,21.2303],[-86.7388,21.2304],[-86.7389,21.2305],[-86.7389,21.2306],[-86.739,21.2308],[-86.7392,21.231],[-86.7392,21.2311],[-86.7394,21.2314],[-86.7395,21.2315],[-86.7396,21.2316],[-86.7397,21.2318],[-86.7398,21.2319],[-86.7399,21.2321],[-86.7399,21.2322],[-86.74,21.2322],[-86.7401,21.2323],[-86.7402,21.2324],[-86.7402,21.2325],[-86.7403,21.2326],[-86.7402,21.2326],[-86.7402,21.2327],[-86.7403,21.2328],[-86.7403,21.2328],[-86.7404,21.2328],[-86.7406,21.2329],[-86.7408,21.2329],[-86.7409,21.2331],[-86.7408,21.2332],[-86.7409,21.2333],[-86.7409,21.2334],[-86.741,21.2335],[-86.741,21.2335],[-86.741,21.2336],[-86.741,21.2336],[-86.7409,21.2336],[-86.7408,21.2336],[-86.7408,21.2336],[-86.7408,21.2336],[-86.7408,21.2337],[-86.7408,21.2338],[-86.7409,21.2338],[-86.741,21.2339],[-86.7412,21.2341],[-86.7412,21.2341],[-86.7413,21.2342],[-86.7413,21.2342],[-86.7413,21.2343],[-86.7415,21.2342],[-86.7416,21.234],[-86.7415,21.234],[-86.7415,21.234],[-86.7415,21.2339],[-86.7415,21.2339],[-86.7415,21.2339],[-86.7415,21.2339],[-86.7416,21.2338],[-86.7416,21.2338],[-86.7416,21.2338],[-86.7416,21.2338],[-86.7417,21.2338],[-86.7417,21.2338],[-86.7417,21.2338],[-86.7417,21.2338],[-86.7419,21.2337],[-86.742,21.2336],[-86.7421,21.2338],[-86.742,21.2338],[-86.742,21.2338],[-86.7422,21.2341],[-86.7424,21.2344],[-86.7424,21.2344],[-86.7426,21.2344],[-86.7426,21.2345],[-86.7426,21.2345],[-86.7423,21.2347],[-86.7424,21.2349],[-86.7423,21.2349],[-86.7422,21.2347],[-86.7421,21.2348],[-86.7422,21.235],[-86.7422,21.235],[-86.7421,21.2348],[-86.742,21.2348],[-86.742,21.2349],[-86.742,21.2349],[-86.7419,21.2349],[-86.7419,21.2349],[-86.7419,21.235],[-86.7419,21.235],[-86.7418,21.2349],[-86.7418,21.235],[-86.7418,21.235],[-86.7418,21.235],[-86.7419,21.235],[-86.7419,21.2351],[-86.742,21.2351],[-86.742,21.2352],[-86.742,21.2352],[-86.7421,21.2353],[-86.7421,21.2353],[-86.7421,21.2354],[-86.7421,21.2354],[-86.7421,21.2354],[-86.7421,21.2354],[-86.7421,21.2355],[-86.7421,21.2355],[-86.7422,21.2355],[-86.7422,21.2355],[-86.7423,21.2355],[-86.7423,21.2356],[-86.7423,21.2356],[-86.7424,21.2356],[-86.7424,21.2357],[-86.7424,21.2357],[-86.7425,21.2357],[-86.7425,21.2357],[-86.7425,21.2358],[-86.7426,21.2358],[-86.7426,21.2358],[-86.7426,21.2359],[-86.7427,21.236],[-86.7426,21.236],[-86.7426,21.236],[-86.7426,21.236],[-86.7426,21.2361],[-86.7426,21.2361],[-86.7426,21.2362],[-86.7426,21.2363],[-86.7427,21.2363],[-86.7427,21.2363],[-86.7427,21.2363],[-86.7428,21.2363],[-86.7428,21.2363],[-86.7428,21.2364],[-86.7428,21.2364],[-86.7428,21.2364],[-86.7428,21.2364],[-86.7428,21.2364],[-86.7428,21.2365],[-86.7428,21.2365],[-86.7429,21.2365],[-86.7429,21.2365],[-86.7429,21.2365],[-86.7429,21.2366],[-86.7429,21.2366],[-86.743,21.2366],[-86.743,21.2366],[-86.743,21.2366],[-86.743,21.2366],[-86.743,21.2367],[-86.7431,21.2367],[-86.7431,21.2367],[-86.7431,21.2368],[-86.7431,21.2369],[-86.7432,21.237],[-86.7432,21.2371],[-86.7432,21.2372],[-86.7432,21.2372],[-86.7432,21.2372],[-86.7433,21.2373],[-86.7433,21.2373],[-86.7433,21.2373],[-86.7434,21.2373],[-86.7434,21.2373],[-86.7434,21.2373],[-86.7434,21.2373],[-86.7434,21.2373],[-86.7435,21.2373],[-86.7435,21.2373],[-86.7435,21.2373],[-86.7435,21.2373],[-86.7435,21.2373],[-86.7436,21.2374],[-86.7435,21.2374],[-86.7435,21.2374],[-86.7435,21.2374],[-86.7435,21.2375],[-86.7435,21.2375],[-86.7435,21.2375],[-86.7434,21.2374],[-86.7434,21.2373],[-86.7433,21.2373],[-86.7433,21.2373],[-86.7433,21.2374],[-86.7433,21.2374],[-86.7433,21.2375],[-86.7434,21.2375],[-86.7433,21.2376],[-86.7433,21.2377],[-86.7433,21.2377],[-86.7433,21.2377],[-86.7432,21.2377],[-86.7432,21.2377],[-86.7432,21.2377],[-86.7431,21.2375],[-86.743,21.2376],[-86.743,21.2377],[-86.7431,21.2378],[-86.7431,21.2378],[-86.7429,21.2376],[-86.7429,21.2377],[-86.743,21.2378],[-86.7429,21.2378],[-86.7428,21.2377],[-86.7429,21.2376],[-86.7429,21.2376],[-86.7429,21.2376],[-86.7429,21.2376],[-86.743,21.2376],[-86.743,21.2376],[-86.743,21.2376],[-86.743,21.2376],[-86.7429,21.2375],[-86.743,21.2375],[-86.743,21.2376],[-86.743,21.2376],[-86.7431,21.2375],[-86.7429,21.2373],[-86.7428,21.2373],[-86.7428,21.2374],[-86.7428,21.2374],[-86.7428,21.2374],[-86.7428,21.2375],[-86.7428,21.2375],[-86.7428,21.2375],[-86.7427,21.2375],[-86.7426,21.2376],[-86.7425,21.2377],[-86.7425,21.2378],[-86.7425,21.2378],[-86.7425,21.2379],[-86.7425,21.238],[-86.7427,21.2385],[-86.7427,21.239],[-86.7427,21.239],[-86.7426,21.239],[-86.7425,21.239],[-86.7418,21.2391],[-86.7415,21.2391],[-86.7415,21.2391],[-86.7412,21.2392],[-86.741,21.2392],[-86.7409,21.2392],[-86.7407,21.2392],[-86.7407,21.2393],[-86.7406,21.2393],[-86.7405,21.2393],[-86.7404,21.2393],[-86.7402,21.2394],[-86.7401,21.2394],[-86.7399,21.2391],[-86.7399,21.2391],[-86.7399,21.2391],[-86.74,21.239],[-86.7399,21.2389],[-86.7399,21.2389],[-86.7399,21.2388],[-86.7398,21.2388],[-86.7398,21.2387],[-86.7398,21.2387],[-86.7398,21.2387],[-86.7398,21.2387],[-86.7397,21.2386],[-86.7397,21.2386],[-86.7397,21.2386],[-86.7397,21.2385],[-86.7397,21.2384],[-86.7397,21.2384],[-86.7396,21.2384],[-86.7396,21.2384],[-86.7396,21.2383],[-86.7396,21.2383],[-86.7396,21.2382],[-86.7395,21.2382],[-86.7395,21.2381],[-86.7395,21.2381],[-86.7395,21.238],[-86.7395,21.238],[-86.7394,21.238],[-86.7394,21.2379],[-86.7393,21.2377],[-86.7393,21.2376],[-86.7393,21.2375],[-86.7392,21.2375],[-86.7392,21.2373],[-86.7391,21.2373],[-86.7391,21.2372],[-86.739,21.237],[-86.739,21.237],[-86.7389,21.2368],[-86.7389,21.2366],[-86.7388,21.2365],[-86.7388,21.2365],[-86.7388,21.2364],[-86.7387,21.2363],[-86.7387,21.2363],[-86.7387,21.2362],[-86.7387,21.2361],[-86.7386,21.2361],[-86.7386,21.236],[-86.7386,21.2359],[-86.7385,21.2359],[-86.7385,21.2359],[-86.7385,21.2358],[-86.7385,21.2357],[-86.7385,21.2356],[-86.7386,21.2355],[-86.7386,21.2355],[-86.7386,21.2355],[-86.7387,21.2354],[-86.7387,21.2354],[-86.7387,21.2353],[-86.7387,21.2353],[-86.7388,21.2352],[-86.7389,21.2351],[-86.739,21.235],[-86.739,21.2349],[-86.7391,21.2348],[-86.7392,21.2348],[-86.7393,21.2347],[-86.7394,21.2347],[-86.7395,21.2346],[-86.7396,21.2345],[-86.7397,21.2344],[-86.7397,21.2343],[-86.7397,21.2342],[-86.7398,21.2341],[-86.7399,21.2339],[-86.7399,21.2338],[-86.7399,21.2337],[-86.7398,21.2337],[-86.7397,21.2338],[-86.7397,21.2338],[-86.7397,21.2339],[-86.7397,21.2339],[-86.7396,21.2338],[-86.7398,21.2337],[-86.7398,21.2336],[-86.7397,21.2336],[-86.7397,21.2335],[-86.7397,21.2335],[-86.7396,21.2335],[-86.7394,21.2336],[-86.7395,21.2337],[-86.7394,21.2337],[-86.7394,21.2336],[-86.7394,21.2336],[-86.7394,21.2337],[-86.7394,21.2337],[-86.7393,21.2336],[-86.7393,21.2337],[-86.7391,21.2337],[-86.739,21.2336],[-86.739,21.2336],[-86.7391,21.2337],[-86.7392,21.2337],[-86.7391,21.2336],[-86.7391,21.2335],[-86.7392,21.2336],[-86.7393,21.2336],[-86.7394,21.2336],[-86.7394,21.2335],[-86.7392,21.2334],[-86.7392,21.2334],[-86.7392,21.2333],[-86.7392,21.2333],[-86.7391,21.2332],[-86.7391,21.2332],[-86.7391,21.2332],[-86.7392,21.2333],[-86.7393,21.2332],[-86.7392,21.2331],[-86.7392,21.2331],[-86.7392,21.233],[-86.7392,21.2329],[-86.7391,21.2328],[-86.7391,21.2327],[-86.7391,21.2327],[-86.739,21.2326],[-86.739,21.2325],[-86.7389,21.2325],[-86.7389,21.2324],[-86.7389,21.2324],[-86.7389,21.2324],[-86.7388,21.2323],[-86.7388,21.2323],[-86.7388,21.2323],[-86.7387,21.2322],[-86.7387,21.2322],[-86.7387,21.2321],[-86.7387,21.2321],[-86.7386,21.2322],[-86.7385,21.2322],[-86.7386,21.2324],[-86.7385,21.2324],[-86.7385,21.2322],[-86.7386,21.2321],[-86.7387,21.2321],[-86.7387,21.2321],[-86.7387,21.2321],[-86.7387,21.2321],[-86.7386,21.232],[-86.7385,21.2319],[-86.7385,21.2319],[-86.7384,21.2321],[-86.7384,21.2321],[-86.7384,21.2322],[-86.7382,21.232],[-86.7382,21.232],[-86.7383,21.2321],[-86.7385,21.2319],[-86.7385,21.2318],[-86.7385,21.2318],[-86.7384,21.2317],[-86.7384,21.2316],[-86.7384,21.2315],[-86.7383,21.2316],[-86.738,21.2317],[-86.738,21.2317],[-86.7383,21.2315],[-86.7383,21.2315],[-86.7383,21.2315],[-86.7382,21.2315],[-86.7382,21.2315],[-86.7382,21.2314],[-86.7382,21.2314],[-86.7382,21.2313],[-86.7381,21.2313],[-86.7381,21.2313],[-86.7381,21.2313],[-86.738,21.2312],[-86.738,21.2312],[-86.7379,21.2311],[-86.7379,21.2311],[-86.7379,21.2311],[-86.7379,21.2311],[-86.7379,21.2311],[-86.7379,21.2311],[-86.7379,21.231],[-86.7379,21.231],[-86.7378,21.2309],[-86.7378,21.2309],[-86.7377,21.2309],[-86.7376,21.2308],[-86.7376,21.2308],[-86.7376,21.2308],[-86.7376,21.2307],[-86.7376,21.2307],[-86.7376,21.2307],[-86.7375,21.2307],[-86.7375,21.2307],[-86.7375,21.2306],[-86.7375,21.2306],[-86.7375,21.2306],[-86.7375,21.2305],[-86.7374,21.2305],[-86.7374,21.2306],[-86.7373,21.2306],[-86.7374,21.2305],[-86.7374,21.2305],[-86.7374,21.2305],[-86.7373,21.2304],[-86.7373,21.2304],[-86.7373,21.2304],[-86.7373,21.2303],[-86.7373,21.2303],[-86.7372,21.2303],[-86.7372,21.2302],[-86.7372,21.2302],[-86.7371,21.2303],[-86.7371,21.2303],[-86.7372,21.2302],[-86.7372,21.2302],[-86.7372,21.2301],[-86.7371,21.2302],[-86.7371,21.2303],[-86.737,21.2302],[-86.7371,21.2302],[-86.7372,21.2301],[-86.7372,21.2301],[-86.7371,21.2301],[-86.7371,21.2302],[-86.737,21.2302],[-86.7371,21.2301],[-86.7371,21.2301],[-86.7371,21.23],[-86.737,21.2301],[-86.737,21.2302],[-86.737,21.2301],[-86.737,21.2301],[-86.7371,21.2301],[-86.737,21.2301],[-86.737,21.23],[-86.737,21.23],[-86.737,21.23],[-86.737,21.23],[-86.7369,21.2299],[-86.7369,21.23],[-86.7368,21.23],[-86.7368,21.23],[-86.7369,21.2299],[-86.7369,21.2299],[-86.7368,21.2299],[-86.7368,21.2299],[-86.7368,21.2299],[-86.7368,21.2297],[-86.7367,21.2297],[-86.7367,21.2297],[-86.7366,21.2296],[-86.7365,21.2295],[-86.7364,21.2294],[-86.7364,21.2293],[-86.7364,21.2292],[-86.7363,21.2291],[-86.7361,21.2289],[-86.7361,21.2288],[-86.736,21.2286],[-86.736,21.2286],[-86.7359,21.2286],[-86.7359,21.2285],[-86.7359,21.2284],[-86.7358,21.2283],[-86.7358,21.2284],[-86.7356,21.2285],[-86.7356,21.2284],[-86.7356,21.2284],[-86.7356,21.2284],[-86.7358,21.2283],[-86.7358,21.2283],[-86.7357,21.2283],[-86.7357,21.2282],[-86.7357,21.2282],[-86.7356,21.2281],[-86.7356,21.228],[-86.7355,21.228],[-86.7354,21.2281],[-86.7354,21.2281],[-86.7355,21.228],[-86.7355,21.228],[-86.7354,21.2279],[-86.7354,21.2279],[-86.7354,21.2278],[-86.7354,21.2278],[-86.7354,21.2278],[-86.7353,21.2278],[-86.7353,21.2277],[-86.7353,21.2277],[-86.7352,21.2277],[-86.7352,21.2276],[-86.7352,21.2276],[-86.7352,21.2275],[-86.7351,21.2274],[-86.7351,21.2274],[-86.735,21.2274],[-86.735,21.2274],[-86.735,21.2273],[-86.735,21.2272],[-86.7349,21.2272],[-86.7348,21.2271],[-86.7347,21.227],[-86.7346,21.2269],[-86.7344,21.2268],[-86.7344,21.2267],[-86.7344,21.2267],[-86.7343,21.2266],[-86.7343,21.2265],[-86.7342,21.2264],[-86.7341,21.2263],[-86.734,21.2263],[-86.734,21.2262],[-86.734,21.2262],[-86.7339,21.2262],[-86.7339,21.2261],[-86.7339,21.226],[-86.7338,21.2261],[-86.7338,21.2261],[-86.7337,21.2261],[-86.7337,21.226],[-86.7337,21.226],[-86.7336,21.2259],[-86.7336,21.2259],[-86.7336,21.2259],[-86.7335,21.2259],[-86.7336,21.2258],[-86.7335,21.2258],[-86.7335,21.2256],[-86.7334,21.2256],[-86.7332,21.2257],[-86.7333,21.226],[-86.7333,21.226],[-86.7332,21.2257],[-86.7331,21.2258],[-86.7331,21.2258],[-86.7334,21.2256],[-86.7334,21.2255],[-86.7334,21.2255],[-86.7334,21.2255],[-86.7333,21.2254],[-86.7333,21.2253],[-86.7332,21.2252],[-86.733,21.225],[-86.733,21.2249],[-86.733,21.2248],[-86.733,21.2248],[-86.733,21.2247],[-86.7329,21.2247],[-86.7329,21.2249],[-86.7329,21.225],[-86.7329,21.225],[-86.7329,21.225],[-86.7328,21.225],[-86.7328,21.225],[-86.7328,21.2249],[-86.7328,21.2249],[-86.7328,21.2249],[-86.7328,21.2249],[-86.7328,21.2249],[-86.7327,21.2249],[-86.7327,21.2249],[-86.7327,21.2248],[-86.7327,21.2248],[-86.7327,21.2248],[-86.7326,21.2247],[-86.7326,21.2247],[-86.7326,21.2246],[-86.7324,21.2247],[-86.7326,21.225],[-86.7326,21.2251],[-86.7324,21.2248],[-86.7323,21.2248],[-86.7323,21.2248],[-86.7323,21.2247],[-86.7321,21.2244],[-86.7322,21.2243],[-86.7324,21.2247],[-86.7326,21.2246],[-86.7326,21.2246],[-86.7327,21.2246],[-86.7327,21.2245],[-86.7326,21.2246],[-86.7324,21.2246],[-86.7324,21.2246],[-86.7324,21.2245],[-86.7325,21.2245],[-86.7324,21.2245],[-86.7324,21.2245],[-86.7324,21.2245],[-86.7324,21.2244],[-86.7323,21.2243],[-86.7323,21.2243],[-86.7323,21.2242],[-86.7324,21.2242],[-86.7324,21.2242],[-86.7324,21.2241],[-86.7324,21.2241],[-86.7324,21.224],[-86.7323,21.2241],[-86.7322,21.2241],[-86.7321,21.2242],[-86.7321,21.2242],[-86.7321,21.2242],[-86.7323,21.224],[-86.7323,21.224],[-86.7323,21.224],[-86.7322,21.2239],[-86.7322,21.2239],[-86.7321,21.2238],[-86.7321,21.2238],[-86.7321,21.2238],[-86.7321,21.2238],[-86.7321,21.2238],[-86.7321,21.2237],[-86.732,21.2237],[-86.732,21.2237],[-86.7319,21.2236],[-86.7319,21.2236],[-86.7319,21.2235],[-86.7319,21.2235],[-86.7319,21.2235],[-86.7319,21.2234],[-86.7318,21.2233],[-86.7318,21.2233],[-86.7318,21.2233],[-86.7317,21.2232],[-86.7316,21.2232],[-86.7317,21.2231],[-86.7317,21.2231],[-86.7316,21.2231],[-86.7316,21.2231],[-86.7316,21.2231],[-86.7315,21.223],[-86.7315,21.2229],[-86.7314,21.2228],[-86.7313,21.2227],[-86.7312,21.2227],[-86.7311,21.2226],[-86.731,21.2224],[-86.7309,21.2223],[-86.7308,21.2223],[-86.7308,21.2222],[-86.7307,21.2221],[-86.7307,21.2221],[-86.7307,21.222],[-86.7307,21.2219],[-86.7307,21.2219],[-86.7306,21.2219],[-86.7306,21.2218],[-86.7306,21.2218],[-86.7306,21.2218],[-86.7306,21.2218],[-86.7305,21.2218],[-86.7305,21.2218],[-86.7304,21.2217],[-86.7304,21.2217],[-86.7303,21.2215],[-86.7302,21.2214],[-86.7301,21.2214],[-86.7303,21.2216],[-86.7304,21.2218],[-86.7304,21.2218],[-86.7304,21.2218],[-86.7304,21.2219],[-86.7304,21.222],[-86.7305,21.222],[-86.7305,21.2222],[-86.7305,21.2223],[-86.7305,21.2223],[-86.7305,21.2223],[-86.7305,21.2225],[-86.7307,21.2228],[-86.7307,21.223],[-86.7308,21.2229],[-86.7308,21.223],[-86.7307,21.223],[-86.7309,21.2233],[-86.7312,21.2231],[-86.7312,21.2232],[-86.7309,21.2233],[-86.7309,21.2233],[-86.7309,21.2235],[-86.7309,21.2235],[-86.7309,21.2235],[-86.731,21.2235],[-86.7311,21.2236],[-86.7311,21.2236],[-86.7311,21.2236],[-86.7311,21.2237],[-86.7312,21.2236],[-86.7312,21.2237],[-86.7311,21.2237],[-86.7312,21.2238],[-86.7312,21.2238],[-86.7313,21.2239],[-86.7313,21.2239],[-86.7313,21.224],[-86.7313,21.2241],[-86.7313,21.2241],[-86.7314,21.2242],[-86.7314,21.2242],[-86.7314,21.2243],[-86.7314,21.2244],[-86.7313,21.2245],[-86.7313,21.2245],[-86.7315,21.2248],[-86.7315,21.2248],[-86.7315,21.2248],[-86.7315,21.2249],[-86.7316,21.225],[-86.7316,21.2251],[-86.7317,21.2251],[-86.7317,21.2251],[-86.7316,21.2251],[-86.7317,21.2252],[-86.7318,21.2252],[-86.7318,21.2252],[-86.7317,21.2252],[-86.7317,21.2253],[-86.7319,21.2253],[-86.7319,21.2253],[-86.7317,21.2254],[-86.7318,21.2255],[-86.732,21.2255],[-86.7321,21.2256],[-86.732,21.2256],[-86.732,21.2255],[-86.7319,21.2256],[-86.7319,21.2256],[-86.7319,21.2256],[-86.7319,21.2256],[-86.7318,21.2256],[-86.7319,21.2256],[-86.7321,21.226],[-86.7321,21.226],[-86.7321,21.2259],[-86.7321,21.2259],[-86.7322,21.2261],[-86.7322,21.2261],[-86.7321,21.226],[-86.7321,21.226],[-86.7321,21.2262],[-86.7323,21.2266],[-86.7325,21.2265],[-86.7325,21.2266],[-86.7324,21.2267],[-86.7325,21.2269],[-86.7325,21.2269],[-86.7326,21.2269],[-86.7325,21.2268],[-86.7325,21.2268],[-86.7326,21.2268],[-86.7326,21.2268],[-86.7326,21.2268],[-86.7326,21.2269],[-86.7326,21.2269],[-86.7326,21.2269],[-86.7326,21.2269],[-86.7325,21.2269],[-86.7327,21.2272],[-86.7328,21.2273],[-86.7329,21.2274],[-86.733,21.2274],[-86.733,21.2274],[-86.7329,21.2275],[-86.7329,21.2275],[-86.7332,21.2274],[-86.7332,21.2275],[-86.7332,21.2275],[-86.7331,21.2274],[-86.7329,21.2276],[-86.733,21.2276],[-86.7332,21.2275],[-86.7332,21.2276],[-86.733,21.2277],[-86.733,21.2277],[-86.7331,21.228],[-86.7337,21.2278],[-86.7337,21.2278],[-86.7331,21.228],[-86.7332,21.2283],[-86.7333,21.2286],[-86.7334,21.2286],[-86.7336,21.2285],[-86.7336,21.2286],[-86.7335,21.2286],[-86.7334,21.2286],[-86.7335,21.229],[-86.7335,21.229],[-86.7336,21.229],[-86.734,21.2289],[-86.734,21.2289],[-86.7335,21.2291],[-86.7335,21.2292],[-86.7335,21.2292],[-86.7337,21.2292],[-86.7337,21.2292],[-86.7335,21.2293],[-86.7336,21.2293],[-86.7339,21.2303],[-86.7339,21.2303],[-86.734,21.2302],[-86.734,21.2302],[-86.734,21.2302],[-86.7341,21.2303],[-86.7341,21.2303],[-86.734,21.2302],[-86.7339,21.2303],[-86.7339,21.2303],[-86.7339,21.2304],[-86.7339,21.2305],[-86.734,21.2305],[-86.734,21.2305],[-86.734,21.2305],[-86.7342,21.231],[-86.7343,21.2311],[-86.7345,21.231],[-86.7346,21.231],[-86.7343,21.2311],[-86.7346,21.2313],[-86.7351,21.2319],[-86.7353,21.2318],[-86.7355,21.2319],[-86.7361,21.2331],[-86.7362,21.2333],[-86.7364,21.2337],[-86.7364,21.2338],[-86.7364,21.2338],[-86.7364,21.2338],[-86.7364,21.2338],[-86.7366,21.2344],[-86.7367,21.2344],[-86.7367,21.2344],[-86.7367,21.2343],[-86.7367,21.2343],[-86.7368,21.2343],[-86.7368,21.2344],[-86.7369,21.2343],[-86.7369,21.2343],[-86.7368,21.2342],[-86.7369,21.2342],[-86.7369,21.2343],[-86.7369,21.2343],[-86.737,21.2343],[-86.737,21.2342],[-86.737,21.2342],[-86.737,21.2342],[-86.737,21.2342],[-86.737,21.2343],[-86.7372,21.2342],[-86.7371,21.2342],[-86.7371,21.2341],[-86.7371,21.2341],[-86.7372,21.2342],[-86.7372,21.2342],[-86.7373,21.2342],[-86.7373,21.2342],[-86.7372,21.2341],[-86.7373,21.2341],[-86.7373,21.2341],[-86.7373,21.2342],[-86.7374,21.2341],[-86.7374,21.2341],[-86.7374,21.234],[-86.7374,21.234],[-86.7374,21.2341],[-86.7374,21.2341],[-86.7375,21.2341],[-86.7376,21.2341],[-86.7376,21.2341],[-86.7375,21.234],[-86.7375,21.234],[-86.7376,21.234],[-86.7376,21.2341],[-86.7377,21.234],[-86.7377,21.234],[-86.7376,21.2339],[-86.7377,21.2339],[-86.7378,21.2342],[-86.7378,21.2342],[-86.7377,21.2341],[-86.7376,21.2341],[-86.7376,21.2342],[-86.7376,21.2342],[-86.7376,21.2341],[-86.7375,21.2342],[-86.7375,21.2342],[-86.7375,21.2343],[-86.7375,21.2343],[-86.7374,21.2342],[-86.7373,21.2342],[-86.7374,21.2343],[-86.7373,21.2343],[-86.7373,21.2342],[-86.7372,21.2343],[-86.7372,21.2344],[-86.7372,21.2344],[-86.7372,21.2343],[-86.737,21.2343],[-86.7371,21.2344],[-86.7371,21.2344],[-86.737,21.2343],[-86.7369,21.2344],[-86.737,21.2345],[-86.7369,21.2345],[-86.7369,21.2344],[-86.7369,21.2344],[-86.7368,21.2344],[-86.7368,21.2345],[-86.7368,21.2345],[-86.7368,21.2345],[-86.7368,21.2344],[-86.7367,21.2344],[-86.7366,21.2345],[-86.7367,21.2347],[-86.7369,21.2356],[-86.7374,21.2357],[-86.7374,21.2351],[-86.7374,21.2351],[-86.7374,21.235],[-86.7374,21.2349],[-86.7374,21.2348],[-86.7374,21.2348],[-86.7374,21.2348],[-86.7374,21.2348],[-86.7374,21.2348],[-86.7374,21.2349],[-86.7374,21.235],[-86.7374,21.2351],[-86.7374,21.2351],[-86.7374,21.2357],[-86.7374,21.2357],[-86.7378,21.2358],[-86.7378,21.2358],[-86.7378,21.2356],[-86.7379,21.2356],[-86.7379,21.2356],[-86.7379,21.2358],[-86.738,21.2359],[-86.7385,21.237],[-86.7382,21.2371],[-86.7383,21.2371],[-86.7386,21.237],[-86.7388,21.2376],[-86.7388,21.2377],[-86.7389,21.2377],[-86.7389,21.2378],[-86.7389,21.2378],[-86.739,21.2378],[-86.739,21.2378],[-86.739,21.2378],[-86.739,21.2379],[-86.739,21.2379],[-86.739,21.2379],[-86.739,21.2379],[-86.7391,21.2381],[-86.7391,21.2382],[-86.7391,21.2382],[-86.7391,21.2383],[-86.7391,21.2384],[-86.7391,21.2384],[-86.7392,21.2386],[-86.7393,21.2387],[-86.7393,21.2388],[-86.7393,21.2388],[-86.7393,21.2388],[-86.7393,21.2388],[-86.7393,21.2389],[-86.7394,21.2389],[-86.7394,21.2389],[-86.7394,21.2389],[-86.7395,21.239],[-86.7395,21.239],[-86.7395,21.2391],[-86.7395,21.2391],[-86.7394,21.2391],[-86.7394,21.2391],[-86.7394,21.2392],[-86.7394,21.2392],[-86.7394,21.2393],[-86.7394,21.2393],[-86.7395,21.2393],[-86.7396,21.2394],[-86.7397,21.2395],[-86.7397,21.2396],[-86.7397,21.2396],[-86.7397,21.2397],[-86.7397,21.2398],[-86.7397,21.2398],[-86.7397,21.2399],[-86.7396,21.24],[-86.7396,21.24],[-86.7395,21.2401],[-86.7395,21.2401],[-86.7395,21.2401],[-86.7395,21.2401],[-86.74,21.2401],[-86.74,21.2402],[-86.7395,21.2402],[-86.7395,21.2403],[-86.7396,21.2405],[-86.7396,21.2405],[-86.7396,21.2405],[-86.7397,21.2405],[-86.7397,21.2406],[-86.7398,21.2406],[-86.7397,21.2406],[-86.7397,21.2406],[-86.7396,21.2407],[-86.7395,21.2407],[-86.7395,21.2408],[-86.7397,21.2408],[-86.7397,21.2408],[-86.7397,21.2408],[-86.7398,21.2409],[-86.7398,21.241],[-86.7397,21.241],[-86.7397,21.2412],[-86.7398,21.2414],[-86.7399,21.2415],[-86.74,21.2416],[-86.74,21.2416],[-86.7399,21.2417],[-86.7398,21.2417],[-86.7398,21.2418],[-86.7399,21.2419],[-86.74,21.2419],[-86.74,21.2418],[-86.74,21.2418],[-86.7401,21.2419],[-86.7401,21.2419],[-86.7401,21.2419],[-86.7399,21.242],[-86.7401,21.2423],[-86.7401,21.2423],[-86.7404,21.2422],[-86.7404,21.2422],[-86.7402,21.2424],[-86.7401,21.2424],[-86.7402,21.2426],[-86.7402,21.2426],[-86.7408,21.2424],[-86.7408,21.2424],[-86.7402,21.2426],[-86.7402,21.2426],[-86.7403,21.2429],[-86.7404,21.2429],[-86.7404,21.2429],[-86.7404,21.2429],[-86.7405,21.2429],[-86.7405,21.2429],[-86.7405,21.2429],[-86.7406,21.243],[-86.741,21.2429],[-86.741,21.2429],[-86.7406,21.2431],[-86.7405,21.2429],[-86.7405,21.243],[-86.7405,21.243],[-86.7405,21.2429],[-86.7404,21.2429],[-86.7404,21.243],[-86.7404,21.243],[-86.7404,21.243],[-86.7404,21.243],[-86.7404,21.243],[-86.7404,21.2432],[-86.7405,21.2433],[-86.7405,21.2435],[-86.7405,21.2435],[-86.7405,21.2435],[-86.7409,21.2434],[-86.7409,21.2435],[-86.7405,21.2436],[-86.7405,21.2437],[-86.7405,21.2437],[-86.7405,21.2437],[-86.7406,21.2438],[-86.7406,21.2439],[-86.7407,21.2439],[-86.7407,21.244],[-86.7408,21.2442],[-86.7408,21.2444],[-86.7408,21.2445],[-86.7412,21.2444],[-86.7411,21.2444],[-86.7412,21.2443],[-86.7412,21.2445],[-86.7408,21.2446],[-86.741,21.2451],[-86.741,21.2451],[-86.7411,21.2453],[-86.7411,21.2453],[-86.7411,21.2453],[-86.7411,21.2455],[-86.7411,21.2455],[-86.7417,21.2452],[-86.7417,21.2453],[-86.7411,21.2455],[-86.7411,21.2455],[-86.7411,21.2455],[-86.7411,21.2456],[-86.7411,21.2459],[-86.7411,21.2459],[-86.7412,21.2459],[-86.7416,21.2458],[-86.7416,21.2458],[-86.7412,21.246],[-86.7412,21.246],[-86.7412,21.246],[-86.7412,21.246],[-86.7413,21.2462],[-86.7414,21.2463],[-86.7415,21.2465],[-86.7417,21.2469],[-86.7417,21.2469],[-86.7419,21.2471],[-86.7419,21.2473],[-86.7422,21.2477],[-86.7424,21.2482],[-86.7424,21.2483],[-86.7424,21.2485],[-86.7425,21.2486],[-86.7425,21.2486],[-86.7426,21.2488],[-86.7428,21.2492],[-86.7428,21.2492],[-86.7428,21.2493],[-86.7429,21.2494],[-86.743,21.2494],[-86.7431,21.2496],[-86.7435,21.2502],[-86.7442,21.2499],[-86.7442,21.2498],[-86.7443,21.2497],[-86.7446,21.2503],[-86.7445,21.2504],[-86.7443,21.25],[-86.7443,21.25],[-86.7437,21.2503],[-86.7438,21.2505],[-86.7438,21.2507],[-86.7438,21.2509],[-86.7438,21.2509],[-86.7439,21.2509],[-86.7439,21.2508],[-86.7439,21.2508],[-86.7439,21.2508],[-86.744,21.2508],[-86.744,21.2508],[-86.7443,21.2508],[-86.7443,21.2508],[-86.7444,21.2508],[-86.7444,21.2508],[-86.7445,21.2508],[-86.7444,21.2509],[-86.7444,21.2509],[-86.7444,21.2509],[-86.7443,21.2509],[-86.7443,21.2509],[-86.744,21.2509],[-86.744,21.2509],[-86.7439,21.2509],[-86.7439,21.251],[-86.7438,21.251],[-86.7438,21.2511],[-86.7438,21.2511],[-86.7439,21.2512],[-86.7438,21.2513],[-86.7438,21.2513],[-86.7438,21.2513],[-86.7438,21.2515],[-86.7439,21.2516],[-86.7439,21.2517],[-86.744,21.2519],[-86.744,21.2519],[-86.744,21.2519],[-86.744,21.2521],[-86.7443,21.2526],[-86.7444,21.2527],[-86.7445,21.2528],[-86.7445,21.2528],[-86.7446,21.2528],[-86.7449,21.2527],[-86.745,21.2526],[-86.7449,21.2525],[-86.7449,21.2525],[-86.7449,21.2524],[-86.7448,21.2525],[-86.7448,21.2524],[-86.7449,21.2524],[-86.7448,21.2523],[-86.7448,21.2523],[-86.7449,21.2524],[-86.7449,21.2524],[-86.7449,21.2525],[-86.7449,21.2525],[-86.7451,21.2528],[-86.7451,21.2528],[-86.745,21.2526],[-86.7446,21.2529],[-86.7446,21.2529],[-86.7446,21.2529],[-86.7447,21.2532],[-86.7448,21.2535],[-86.7452,21.254],[-86.7453,21.2539],[-86.7453,21.2538],[-86.7453,21.2538],[-86.7453,21.2539],[-86.7454,21.2539],[-86.7455,21.2538],[-86.7455,21.2539],[-86.7452,21.254],[-86.7452,21.254],[-86.7454,21.2543],[-86.7455,21.2541],[-86.7455,21.2541],[-86.7454,21.2543],[-86.7455,21.2545],[-86.7455,21.2544],[-86.7455,21.2545],[-86.7455,21.2545],[-86.7456,21.2546],[-86.746,21.2548],[-86.746,21.2547],[-86.746,21.2547],[-86.746,21.2546],[-86.746,21.2546],[-86.746,21.2545],[-86.746,21.2545],[-86.7461,21.2542],[-86.7461,21.2543],[-86.7462,21.2542],[-86.7462,21.2542],[-86.7462,21.2541],[-86.7462,21.2541],[-86.7462,21.2542],[-86.7462,21.2542],[-86.7462,21.2543],[-86.7462,21.2543],[-86.746,21.2546],[-86.7461,21.2546],[-86.7461,21.2547],[-86.7461,21.2547],[-86.746,21.2548],[-86.7463,21.2549],[-86.7466,21.2542],[-86.7467,21.2542],[-86.7464,21.255],[-86.7464,21.255],[-86.7465,21.255],[-86.7465,21.255],[-86.7465,21.255],[-86.7466,21.2551],[-86.7466,21.2551],[-86.7467,21.2551],[-86.7468,21.2552],[-86.7469,21.2552],[-86.7471,21.2546],[-86.7471,21.2546],[-86.7469,21.2552],[-86.7471,21.2553],[-86.7472,21.255],[-86.7472,21.255],[-86.7472,21.255],[-86.7473,21.255],[-86.7473,21.255],[-86.7472,21.255],[-86.7471,21.2553],[-86.7471,21.2553],[-86.7473,21.2553],[-86.7474,21.2551],[-86.7474,21.2551],[-86.7473,21.2553],[-86.7475,21.2554],[-86.7477,21.2555],[-86.7478,21.2553],[-86.7478,21.2552],[-86.7479,21.2549],[-86.7479,21.2549],[-86.7478,21.2552],[-86.7478,21.2552],[-86.7479,21.2553],[-86.748,21.2552],[-86.748,21.2552],[-86.748,21.2552],[-86.748,21.2553],[-86.7479,21.2553],[-86.7478,21.2555],[-86.7479,21.2556],[-86.748,21.2555],[-86.748,21.2555],[-86.7482,21.2551],[-86.7482,21.2552],[-86.748,21.2556],[-86.7481,21.2556],[-86.7482,21.2556],[-86.7484,21.2556],[-86.7485,21.2556],[-86.7487,21.255],[-86.7485,21.2548],[-86.7485,21.2548],[-86.7488,21.255],[-86.7488,21.255],[-86.7488,21.255],[-86.749,21.2551],[-86.749,21.2551],[-86.7488,21.255],[-86.7488,21.255],[-86.7488,21.255],[-86.7488,21.255],[-86.7485,21.2556],[-86.7488,21.2557],[-86.7488,21.2557],[-86.7489,21.2555],[-86.749,21.2555],[-86.7489,21.2558],[-86.749,21.2558],[-86.749,21.2558],[-86.7491,21.2558],[-86.7491,21.2559],[-86.7492,21.2557],[-86.7492,21.2557],[-86.7493,21.2554],[-86.7495,21.2553],[-86.7495,21.2553],[-86.7493,21.2554],[-86.7492,21.2556],[-86.7494,21.2556],[-86.7495,21.2555],[-86.7496,21.2555],[-86.7494,21.2556],[-86.7493,21.2557],[-86.7493,21.2557],[-86.7494,21.2557],[-86.7494,21.2558],[-86.7492,21.2557],[-86.7492,21.2559],[-86.7494,21.2559],[-86.7494,21.2559],[-86.7496,21.256],[-86.7498,21.256],[-86.7511,21.2564],[-86.7513,21.2565],[-86.7514,21.2566],[-86.7515,21.2566],[-86.7516,21.2567],[-86.7518,21.2568],[-86.7519,21.2569],[-86.752,21.2569],[-86.7524,21.2572],[-86.7524,21.2571],[-86.7524,21.2569],[-86.7524,21.2568],[-86.7525,21.257],[-86.7525,21.2571],[-86.7523,21.2573],[-86.7524,21.2574],[-86.7525,21.2574],[-86.7525,21.2575],[-86.7525,21.2574],[-86.7526,21.2573],[-86.7527,21.2572],[-86.7527,21.2572],[-86.7527,21.2572],[-86.7525,21.2575],[-86.7526,21.2575],[-86.7529,21.2575],[-86.7531,21.2578],[-86.7531,21.2579],[-86.7526,21.2584],[-86.7526,21.2584],[-86.7524,21.2586],[-86.7524,21.2586],[-86.7524,21.2586],[-86.7522,21.2588],[-86.7521,21.2589],[-86.7518,21.2593],[-86.7514,21.2598],[-86.7513,21.26],[-86.7513,21.26],[-86.7511,21.2602],[-86.7512,21.2603],[-86.7508,21.2609],[-86.7509,21.261],[-86.7508,21.2612],[-86.7508,21.2612],[-86.7507,21.2615],[-86.7507,21.2615],[-86.7506,21.2618],[-86.7506,21.2619],[-86.7507,21.2622],[-86.7506,21.2626],[-86.7503,21.2628],[-86.7497,21.263],[-86.7497,21.2627],[-86.7497,21.2625],[-86.7497,21.2625],[-86.7497,21.2624],[-86.7497,21.2624],[-86.7497,21.2623],[-86.7496,21.2623],[-86.7495,21.2621],[-86.7493,21.262],[-86.7493,21.262],[-86.7493,21.262],[-86.7488,21.2628],[-86.749,21.2629],[-86.7495,21.263],[-86.7495,21.2632],[-86.7491,21.2638],[-86.7495,21.2642],[-86.75,21.2646],[-86.75,21.2645],[-86.7502,21.2645],[-86.7502,21.2645],[-86.7503,21.2645],[-86.7503,21.2646],[-86.7503,21.2646],[-86.7502,21.2645],[-86.75,21.2646],[-86.75,21.2646],[-86.7499,21.2646],[-86.7499,21.2646],[-86.7499,21.2646],[-86.7491,21.2639],[-86.7492,21.2642],[-86.7493,21.2644],[-86.7492,21.2644],[-86.7492,21.2645],[-86.7493,21.2647],[-86.7494,21.2648],[-86.7493,21.2649],[-86.7492,21.265],[-86.7492,21.2651],[-86.7491,21.2651],[-86.7489,21.265],[-86.7489,21.2651],[-86.7488,21.2652],[-86.7487,21.2652],[-86.7487,21.2652],[-86.7486,21.2652],[-86.7486,21.2651],[-86.7487,21.2651]]],[[[-86.8517,21.436],[-86.852,21.4354],[-86.8524,21.4349],[-86.8528,21.4347],[-86.8529,21.4342],[-86.8534,21.4337],[-86.8539,21.4336],[-86.8543,21.4334],[-86.8551,21.4329],[-86.8557,21.4326],[-86.8561,21.4328],[-86.8566,21.4328],[-86.8574,21.4325],[-86.858,21.4324],[-86.8588,21.4322],[-86.8597,21.4317],[-86.8605,21.4314],[-86.8612,21.4311],[-86.862,21.4309],[-86.8625,21.431],[-86.863,21.431],[-86.8639,21.4308],[-86.8646,21.4306],[-86.8657,21.4302],[-86.8665,21.4299],[-86.8669,21.4297],[-86.8674,21.4296],[-86.8679,21.4292],[-86.8681,21.4288],[-86.8682,21.4283],[-86.8688,21.4286],[-86.8691,21.4289],[-86.8695,21.4289],[-86.87,21.4289],[-86.8704,21.4287],[-86.8709,21.4283],[-86.8714,21.4276],[-86.8718,21.4273],[-86.8723,21.4271],[-86.8728,21.4267],[-86.8735,21.4262],[-86.8739,21.4259],[-86.8745,21.4252],[-86.8752,21.4246],[-86.8753,21.4242],[-86.8755,21.4236],[-86.8761,21.4233],[-86.8764,21.4228],[-86.8766,21.4225],[-86.8769,21.4219],[-86.8772,21.4216],[-86.8776,21.4211],[-86.8781,21.4207],[-86.8785,21.4204],[-86.8792,21.4207],[-86.8797,21.4203],[-86.8802,21.4198],[-86.8809,21.4196],[-86.8814,21.4195],[-86.8821,21.4193],[-86.8828,21.4193],[-86.8833,21.4189],[-86.8842,21.4186],[-86.8851,21.4183],[-86.8856,21.4178],[-86.8863,21.4172],[-86.8871,21.4166],[-86.8883,21.4168],[-86.8883,21.4176],[-86.8879,21.4186],[-86.8874,21.4189],[-86.8869,21.4191],[-86.8865,21.4197],[-86.8864,21.4201],[-86.8862,21.4206],[-86.8857,21.4209],[-86.8852,21.4211],[-86.8847,21.421],[-86.8839,21.4207],[-86.8832,21.4204],[-86.8825,21.4208],[-86.882,21.4211],[-86.8814,21.4217],[-86.8807,21.4218],[-86.88,21.4221],[-86.8797,21.4225],[-86.8792,21.4229],[-86.8785,21.4229],[-86.878,21.4225],[-86.8776,21.4224],[-86.8773,21.4225],[-86.8772,21.4231],[-86.877,21.4235],[-86.8768,21.424],[-86.8766,21.4246],[-86.8761,21.4247],[-86.8761,21.4254],[-86.8758,21.4257],[-86.8754,21.4262],[-86.8748,21.4263],[-86.8748,21.4268],[-86.8751,21.4272],[-86.876,21.4268],[-86.8766,21.4263],[-86.8768,21.4259],[-86.8771,21.4252],[-86.8777,21.4249],[-86.8784,21.4249],[-86.8784,21.4258],[-86.8778,21.4261],[-86.8774,21.426],[-86.8774,21.4266],[-86.8779,21.4271],[-86.8783,21.4272],[-86.8783,21.4279],[-86.8785,21.4282],[-86.879,21.4284],[-86.8796,21.4281],[-86.88,21.4276],[-86.8798,21.427],[-86.8796,21.4263],[-86.8791,21.4259],[-86.8791,21.425],[-86.8798,21.4246],[-86.8804,21.4246],[-86.8816,21.4246],[-86.8826,21.4248],[-86.8827,21.4256],[-86.8818,21.4259],[-86.8814,21.426],[-86.8811,21.4265],[-86.8815,21.427],[-86.8824,21.4274],[-86.8828,21.4272],[-86.883,21.4266],[-86.8841,21.4265],[-86.8842,21.427],[-86.8841,21.4277],[-86.8835,21.4278],[-86.8835,21.4282],[-86.8842,21.4285],[-86.885,21.4282],[-86.8854,21.4287],[-86.8857,21.4289],[-86.8861,21.4292],[-86.8867,21.4295],[-86.8873,21.4299],[-86.8878,21.4307],[-86.8876,21.4315],[-86.8866,21.4322],[-86.8856,21.4328],[-86.8847,21.4333],[-86.8841,21.4336],[-86.8836,21.434],[-86.8829,21.434],[-86.8819,21.4344],[-86.8811,21.4349],[-86.8808,21.4348],[-86.8807,21.4346],[-86.8801,21.4351],[-86.8791,21.4348],[-86.8791,21.4344],[-86.8783,21.4341],[-86.8775,21.434],[-86.8769,21.4335],[-86.8765,21.433],[-86.8762,21.4327],[-86.8752,21.4327],[-86.8752,21.4321],[-86.8745,21.432],[-86.8742,21.4316],[-86.8737,21.4314],[-86.8727,21.431],[-86.8717,21.4309],[-86.8708,21.4309],[-86.8696,21.4306],[-86.8689,21.4304],[-86.8687,21.4297],[-86.8681,21.4299],[-86.8686,21.4309],[-86.869,21.4315],[-86.8687,21.432],[-86.8682,21.432],[-86.868,21.4317],[-86.8671,21.4318],[-86.8658,21.4323],[-86.865,21.4324],[-86.8643,21.4326],[-86.8639,21.4325],[-86.8636,21.4329],[-86.8631,21.433],[-86.8625,21.4334],[-86.8621,21.4337],[-86.8613,21.4337],[-86.8601,21.4341],[-86.8597,21.4339],[-86.8594,21.4342],[-86.8593,21.4346],[-86.8588,21.4348],[-86.8587,21.4352],[-86.8584,21.4351],[-86.858,21.4352],[-86.8569,21.4351],[-86.8563,21.4356],[-86.8557,21.4357],[-86.8553,21.4356],[-86.8548,21.4363],[-86.8545,21.4363],[-86.8543,21.436],[-86.8535,21.4364],[-86.8523,21.4365],[-86.8519,21.4364],[-86.8517,21.436]]],[[[-86.9032,21.466],[-86.9028,21.4659],[-86.9023,21.4654],[-86.9025,21.4649],[-86.9026,21.4638],[-86.903,21.4636],[-86.9031,21.4629],[-86.9032,21.4623],[-86.9036,21.4621],[-86.9035,21.4614],[-86.9035,21.4609],[-86.9037,21.4608],[-86.9036,21.4601],[-86.9024,21.4588],[-86.9022,21.4584],[-86.9022,21.4578],[-86.9022,21.4576],[-86.9019,21.4573],[-86.902,21.4571],[-86.9022,21.4565],[-86.9025,21.4559],[-86.9023,21.4554],[-86.9024,21.4546],[-86.9029,21.4546],[-86.9036,21.4541],[-86.9039,21.4536],[-86.9041,21.4522],[-86.9039,21.4519],[-86.9039,21.4511],[-86.9046,21.4511],[-86.905,21.4513],[-86.9054,21.4513],[-86.9054,21.4516],[-86.9071,21.4516],[-86.9074,21.4518],[-86.9085,21.4514],[-86.909,21.4508],[-86.9094,21.4507],[-86.9098,21.4502],[-86.9102,21.4502],[-86.9104,21.45],[-86.9113,21.4494],[-86.9123,21.4494],[-86.9132,21.4493],[-86.9135,21.4498],[-86.9136,21.4505],[-86.9132,21.4508],[-86.913,21.4506],[-86.9127,21.4506],[-86.9125,21.4514],[-86.9118,21.4514],[-86.9117,21.451],[-86.9109,21.4514],[-86.9102,21.4521],[-86.9097,21.4522],[-86.9098,21.4527],[-86.9096,21.4531],[-86.9096,21.4535],[-86.9087,21.4536],[-86.908,21.4532],[-86.9071,21.4534],[-86.9069,21.4536],[-86.9065,21.4534],[-86.9062,21.4533],[-86.9059,21.453],[-86.9055,21.4528],[-86.9053,21.4531],[-86.9053,21.4534],[-86.9051,21.4535],[-86.9048,21.4534],[-86.9048,21.4538],[-86.9048,21.4546],[-86.9052,21.4547],[-86.9055,21.455],[-86.9052,21.4554],[-86.9049,21.4553],[-86.9049,21.4552],[-86.9046,21.4555],[-86.9041,21.4552],[-86.9037,21.4555],[-86.9033,21.4556],[-86.9032,21.456],[-86.9031,21.4565],[-86.9029,21.4567],[-86.9023,21.457],[-86.9026,21.4571],[-86.9026,21.4574],[-86.9024,21.4575],[-86.9024,21.4578],[-86.9027,21.4578],[-86.903,21.4578],[-86.9035,21.4582],[-86.9036,21.4585],[-86.904,21.4589],[-86.904,21.4592],[-86.9042,21.4595],[-86.9043,21.4598],[-86.9049,21.4604],[-86.9048,21.4605],[-86.9044,21.4602],[-86.9043,21.4603],[-86.9043,21.4605],[-86.9046,21.4607],[-86.9046,21.4615],[-86.9048,21.4617],[-86.9048,21.4623],[-86.9046,21.4624],[-86.9047,21.464],[-86.9044,21.464],[-86.904,21.4641],[-86.9041,21.4645],[-86.9043,21.465],[-86.9043,21.4653],[-86.9046,21.4655],[-86.905,21.4657],[-86.9049,21.4659],[-86.9046,21.4659],[-86.9046,21.4661],[-86.9049,21.466],[-86.9052,21.466],[-86.9051,21.4662],[-86.9048,21.4663],[-86.9043,21.4665],[-86.9038,21.4662],[-86.9036,21.466],[-86.9032,21.466]]],[[[-86.9361,21.4755],[-86.9359,21.4753],[-86.9354,21.4753],[-86.9352,21.4752],[-86.9349,21.4751],[-86.9348,21.4749],[-86.9348,21.4747],[-86.9344,21.4747],[-86.934,21.4746],[-86.9339,21.4743],[-86.9334,21.4741],[-86.9328,21.4741],[-86.9325,21.4742],[-86.9321,21.4744],[-86.9318,21.4742],[-86.9319,21.4737],[-86.932,21.4732],[-86.9318,21.4729],[-86.9316,21.4725],[-86.9314,21.4719],[-86.9316,21.4715],[-86.9314,21.4713],[-86.9312,21.4712],[-86.9308,21.4711],[-86.9305,21.4714],[-86.9302,21.4714],[-86.9295,21.4711],[-86.9292,21.4707],[-86.9289,21.4704],[-86.9286,21.4701],[-86.9281,21.47],[-86.9277,21.4696],[-86.9277,21.4693],[-86.9273,21.4688],[-86.9273,21.4683],[-86.9276,21.4681],[-86.9278,21.4679],[-86.9282,21.4677],[-86.9285,21.4677],[-86.9289,21.4679],[-86.9293,21.468],[-86.9296,21.4679],[-86.9299,21.4676],[-86.9302,21.4677],[-86.9302,21.4681],[-86.9306,21.4678],[-86.9311,21.4679],[-86.931,21.4683],[-86.9312,21.4685],[-86.9315,21.4686],[-86.9315,21.4682],[-86.9318,21.4681],[-86.932,21.4683],[-86.9324,21.4679],[-86.9324,21.4676],[-86.9327,21.4674],[-86.9326,21.4673],[-86.9326,21.4665],[-86.9331,21.4667],[-86.9336,21.4665],[-86.934,21.4668],[-86.9339,21.4673],[-86.9338,21.4676],[-86.9335,21.4676],[-86.9334,21.4681],[-86.9333,21.4686],[-86.933,21.4689],[-86.9327,21.4693],[-86.9325,21.4699],[-86.9326,21.4705],[-86.9328,21.471],[-86.9328,21.4715],[-86.9332,21.4717],[-86.9336,21.472],[-86.9338,21.4719],[-86.934,21.4714],[-86.9339,21.4709],[-86.9342,21.4704],[-86.9348,21.4703],[-86.9355,21.4709],[-86.9356,21.4715],[-86.9357,21.472],[-86.9359,21.4723],[-86.9362,21.4724],[-86.9364,21.4729],[-86.9369,21.473],[-86.9369,21.4732],[-86.9367,21.4734],[-86.9363,21.4731],[-86.9359,21.4731],[-86.9358,21.4734],[-86.936,21.4737],[-86.9362,21.474],[-86.9363,21.4743],[-86.9366,21.4743],[-86.9368,21.4744],[-86.9368,21.4749],[-86.9368,21.4753],[-86.9366,21.4753],[-86.9361,21.4755]]],[[[-86.9219,21.4777],[-86.9215,21.4776],[-86.9209,21.4773],[-86.9204,21.4769],[-86.9202,21.4766],[-86.9195,21.4766],[-86.9191,21.4766],[-86.9186,21.4767],[-86.9184,21.4768],[-86.918,21.4765],[-86.9176,21.4762],[-86.9172,21.476],[-86.917,21.4755],[-86.9172,21.4749],[-86.9174,21.4747],[-86.9173,21.4745],[-86.9169,21.4748],[-86.9167,21.475],[-86.9163,21.475],[-86.9159,21.4747],[-86.9157,21.4744],[-86.9157,21.4739],[-86.9156,21.4734],[-86.9148,21.4734],[-86.914,21.4727],[-86.9138,21.4726],[-86.9139,21.4722],[-86.9132,21.4719],[-86.9131,21.4715],[-86.9126,21.4711],[-86.9125,21.4707],[-86.9121,21.4706],[-86.912,21.4703],[-86.9118,21.4699],[-86.9116,21.4697],[-86.9112,21.4694],[-86.911,21.4689],[-86.9108,21.4682],[-86.9107,21.4676],[-86.911,21.4675],[-86.9113,21.4676],[-86.9114,21.4672],[-86.9115,21.4667],[-86.9118,21.4664],[-86.9123,21.4662],[-86.913,21.4666],[-86.9136,21.467],[-86.9138,21.4674],[-86.914,21.4677],[-86.9145,21.4681],[-86.915,21.4684],[-86.9154,21.4687],[-86.9159,21.469],[-86.9158,21.4692],[-86.9163,21.4692],[-86.9169,21.4698],[-86.9171,21.4701],[-86.9175,21.4704],[-86.9175,21.4709],[-86.9178,21.4714],[-86.9181,21.4714],[-86.9186,21.4715],[-86.9186,21.472],[-86.9191,21.472],[-86.9199,21.472],[-86.9203,21.4723],[-86.9205,21.4729],[-86.9209,21.4733],[-86.9211,21.4741],[-86.9209,21.4746],[-86.9208,21.4749],[-86.9205,21.475],[-86.9206,21.4754],[-86.9208,21.4758],[-86.9212,21.476],[-86.922,21.4763],[-86.9226,21.4767],[-86.9233,21.4769],[-86.9237,21.4772],[-86.9237,21.4777],[-86.9236,21.4779],[-86.9231,21.4778],[-86.9229,21.4781],[-86.9229,21.4786],[-86.9221,21.4786],[-86.922,21.4784],[-86.9222,21.4779],[-86.9219,21.4777]]],[[[-86.9759,21.5343],[-86.9757,21.5341],[-86.9754,21.5342],[-86.9752,21.5342],[-86.975,21.534],[-86.975,21.5333],[-86.9748,21.5331],[-86.9746,21.5329],[-86.9745,21.5326],[-86.9745,21.5321],[-86.974,21.5319],[-86.9739,21.5316],[-86.9738,21.5314],[-86.9735,21.5315],[-86.9732,21.5315],[-86.9728,21.5312],[-86.9725,21.5312],[-86.9722,21.5312],[-86.972,21.531],[-86.9721,21.5307],[-86.9722,21.5306],[-86.9724,21.5305],[-86.9729,21.5305],[-86.9731,21.5308],[-86.9733,21.5307],[-86.9734,21.5302],[-86.9734,21.5297],[-86.9732,21.5297],[-86.9728,21.5298],[-86.9725,21.5297],[-86.9723,21.5294],[-86.9722,21.5291],[-86.972,21.5288],[-86.9722,21.5286],[-86.9726,21.5286],[-86.9728,21.5286],[-86.9732,21.5288],[-86.9735,21.5285],[-86.9742,21.5287],[-86.9744,21.529],[-86.9748,21.5291],[-86.9749,21.5288],[-86.9746,21.5286],[-86.9743,21.5283],[-86.9742,21.5279],[-86.9742,21.5273],[-86.9742,21.5266],[-86.9747,21.5264],[-86.9751,21.5264],[-86.975,21.5273],[-86.9751,21.528],[-86.9752,21.5284],[-86.9753,21.5287],[-86.9755,21.5289],[-86.9754,21.5292],[-86.9753,21.5293],[-86.975,21.5295],[-86.9746,21.5297],[-86.9743,21.5298],[-86.9741,21.5302],[-86.9741,21.5306],[-86.9742,21.5312],[-86.9744,21.5312],[-86.9748,21.5314],[-86.9751,21.5318],[-86.9751,21.5322],[-86.9753,21.5323],[-86.9756,21.5326],[-86.9759,21.5325],[-86.9761,21.5329],[-86.9763,21.5333],[-86.9765,21.5338],[-86.9768,21.534],[-86.9771,21.5344],[-86.9773,21.535],[-86.9774,21.5352],[-86.9775,21.5355],[-86.977,21.5357],[-86.9766,21.5356],[-86.9763,21.5353],[-86.976,21.5348],[-86.9759,21.5343]]],[[[-86.7971,21.5135],[-86.7972,21.5117],[-86.7968,21.5112],[-86.7962,21.5084],[-86.7959,21.5076],[-86.7957,21.5053],[-86.7943,21.5008],[-86.7943,21.4998],[-86.7935,21.4987],[-86.7935,21.498],[-86.7928,21.4973],[-86.7923,21.4948],[-86.7915,21.494],[-86.7919,21.4934],[-86.7913,21.4922],[-86.7909,21.4911],[-86.791,21.4905],[-86.7905,21.4891],[-86.7905,21.4884],[-86.7909,21.488],[-86.7902,21.4873],[-86.7899,21.484],[-86.7894,21.4832],[-86.7897,21.4827],[-86.7894,21.482],[-86.789,21.4808],[-86.7892,21.4803],[-86.7885,21.4793],[-86.7885,21.4772],[-86.7877,21.4753],[-86.788,21.4746],[-86.7873,21.4739],[-86.7869,21.4713],[-86.7867,21.4703],[-86.7864,21.4686],[-86.7858,21.4676],[-86.7862,21.4668],[-86.7856,21.4657],[-86.7852,21.4652],[-86.7854,21.4643],[-86.7847,21.4622],[-86.7839,21.4611],[-86.7839,21.4607],[-86.7845,21.4607],[-86.7845,21.4601],[-86.7841,21.4595],[-86.7844,21.459],[-86.7842,21.458],[-86.7852,21.458],[-86.7855,21.4583],[-86.7867,21.4584],[-86.7871,21.459],[-86.7871,21.4592],[-86.7875,21.4594],[-86.7875,21.4597],[-86.7872,21.4598],[-86.7876,21.4605],[-86.7882,21.4608],[-86.7882,21.4619],[-86.7894,21.4635],[-86.7893,21.464],[-86.7891,21.4641],[-86.7892,21.4643],[-86.7895,21.4644],[-86.7894,21.4647],[-86.7897,21.465],[-86.7897,21.4655],[-86.7895,21.4666],[-86.7898,21.4676],[-86.7897,21.4682],[-86.7903,21.4686],[-86.7902,21.469],[-86.7883,21.4704],[-86.7883,21.4714],[-86.7889,21.4718],[-86.789,21.473],[-86.7886,21.4732],[-86.7887,21.4756],[-86.7889,21.4759],[-86.7892,21.477],[-86.7899,21.4769],[-86.7898,21.4773],[-86.7896,21.4774],[-86.7898,21.4781],[-86.7903,21.4785],[-86.7905,21.479],[-86.7908,21.479],[-86.7907,21.4784],[-86.791,21.4778],[-86.7915,21.4779],[-86.7921,21.4786],[-86.7917,21.4795],[-86.7922,21.4801],[-86.7926,21.4805],[-86.7925,21.481],[-86.7929,21.4821],[-86.7932,21.4824],[-86.794,21.4825],[-86.7948,21.4846],[-86.7945,21.4848],[-86.7928,21.4827],[-86.7918,21.4831],[-86.7914,21.4839],[-86.7909,21.4839],[-86.7911,21.4846],[-86.7915,21.4853],[-86.7916,21.4874],[-86.7931,21.4888],[-86.7932,21.4901],[-86.7945,21.4906],[-86.7945,21.4927],[-86.7951,21.4936],[-86.794,21.4951],[-86.7938,21.496],[-86.7944,21.4963],[-86.7942,21.4971],[-86.7958,21.5014],[-86.797,21.5019],[-86.7988,21.5014],[-86.7983,21.4989],[-86.7971,21.4945],[-86.7966,21.4918],[-86.7969,21.4914],[-86.7966,21.4908],[-86.796,21.4908],[-86.7963,21.4904],[-86.7958,21.4894],[-86.7964,21.4891],[-86.7971,21.4905],[-86.7988,21.4907],[-86.7987,21.4917],[-86.7986,21.4934],[-86.799,21.4941],[-86.7987,21.4951],[-86.7992,21.4958],[-86.7993,21.4976],[-86.7992,21.4999],[-86.7995,21.5012],[-86.8002,21.5019],[-86.7999,21.5025],[-86.8006,21.5053],[-86.8011,21.507],[-86.8009,21.5076],[-86.8014,21.5084],[-86.8015,21.509],[-86.8003,21.5096],[-86.8002,21.5092],[-86.8007,21.5086],[-86.8004,21.5084],[-86.7998,21.509],[-86.7995,21.5096],[-86.7987,21.5096],[-86.7986,21.5102],[-86.7988,21.5107],[-86.7985,21.5118],[-86.7981,21.5121],[-86.7984,21.5124],[-86.7988,21.5135],[-86.7992,21.5132],[-86.7994,21.5124],[-86.8005,21.5124],[-86.8012,21.5117],[-86.8015,21.5109],[-86.8018,21.511],[-86.8019,21.5124],[-86.8019,21.5129],[-86.8021,21.5134],[-86.8008,21.5143],[-86.7999,21.5164],[-86.8,21.5175],[-86.7995,21.5178],[-86.7996,21.5187],[-86.8002,21.5193],[-86.8003,21.5201],[-86.8019,21.5234],[-86.8025,21.525],[-86.8022,21.5253],[-86.8022,21.5257],[-86.8024,21.5259],[-86.8027,21.5271],[-86.8024,21.5274],[-86.8028,21.528],[-86.803,21.5292],[-86.803,21.5301],[-86.8035,21.5303],[-86.8034,21.5307],[-86.804,21.5315],[-86.8038,21.5317],[-86.803,21.5309],[-86.8024,21.5303],[-86.8012,21.5273],[-86.8015,21.5268],[-86.8009,21.5252],[-86.8011,21.5247],[-86.8,21.5228],[-86.8,21.5223],[-86.7986,21.5205],[-86.7986,21.519],[-86.798,21.5176],[-86.7982,21.5172],[-86.7981,21.5167],[-86.7977,21.515],[-86.7976,21.5138],[-86.7971,21.5135]]],[[[-87.0042,21.5677],[-87.0038,21.5675],[-87.0038,21.567],[-87.0038,21.5666],[-87.0039,21.5663],[-87.0043,21.5662],[-87.0043,21.5657],[-87.004,21.5651],[-87.004,21.5646],[-87.004,21.5635],[-87.004,21.5631],[-87.0038,21.563],[-87.0036,21.5626],[-87.0037,21.5621],[-87.0053,21.5622],[-87.0057,21.5617],[-87.0061,21.5617],[-87.0064,21.5614],[-87.007,21.5608],[-87.0078,21.5611],[-87.0084,21.5609],[-87.0087,21.5606],[-87.0087,21.5597],[-87.0093,21.5597],[-87.0099,21.5609],[-87.0097,21.5612],[-87.0097,21.5616],[-87.0098,21.562],[-87.0097,21.5623],[-87.0094,21.5628],[-87.0099,21.5628],[-87.0101,21.5631],[-87.0101,21.5636],[-87.01,21.5644],[-87.01,21.5649],[-87.0096,21.565],[-87.0094,21.5653],[-87.0095,21.5656],[-87.0094,21.566],[-87.0091,21.5663],[-87.0086,21.5667],[-87.0082,21.5666],[-87.0078,21.5665],[-87.0076,21.5669],[-87.0069,21.5667],[-87.0068,21.5672],[-87.0067,21.5675],[-87.0062,21.5675],[-87.006,21.5678],[-87.0053,21.5677],[-87.0047,21.5678],[-87.0042,21.5677]]],[[[-87.0228,21.5738],[-87.0224,21.5736],[-87.022,21.5736],[-87.0218,21.5733],[-87.0217,21.5731],[-87.0212,21.573],[-87.0207,21.5728],[-87.0206,21.5725],[-87.02,21.5724],[-87.02,21.5722],[-87.0204,21.572],[-87.0207,21.5719],[-87.0204,21.5715],[-87.0201,21.5714],[-87.0197,21.5713],[-87.0192,21.5713],[-87.0194,21.5709],[-87.0193,21.5706],[-87.0187,21.5707],[-87.0186,21.5703],[-87.0188,21.57],[-87.0191,21.5696],[-87.0195,21.5693],[-87.0199,21.5695],[-87.0203,21.5692],[-87.0207,21.5688],[-87.0211,21.5688],[-87.0215,21.569],[-87.0219,21.5694],[-87.0219,21.5699],[-87.0218,21.5701],[-87.0219,21.5704],[-87.0217,21.5708],[-87.0219,21.5711],[-87.0222,21.5712],[-87.0226,21.5717],[-87.0229,21.572],[-87.0232,21.5721],[-87.0231,21.5728],[-87.0235,21.5731],[-87.024,21.5732],[-87.0242,21.5734],[-87.0247,21.5734],[-87.0251,21.5734],[-87.0255,21.5739],[-87.0254,21.5742],[-87.0249,21.5742],[-87.0248,21.5748],[-87.0242,21.5749],[-87.0238,21.5747],[-87.0236,21.5744],[-87.0233,21.574],[-87.0228,21.5738]]],[[[-87.0857,21.5894],[-87.0855,21.5893],[-87.0853,21.5893],[-87.0852,21.5893],[-87.0851,21.5892],[-87.0842,21.5887],[-87.0839,21.5886],[-87.0838,21.5885],[-87.0838,21.5885],[-87.0837,21.5884],[-87.0837,21.5883],[-87.0838,21.5881],[-87.0838,21.588],[-87.084,21.5871],[-87.084,21.5867],[-87.084,21.5865],[-87.0832,21.5858],[-87.0829,21.5851],[-87.0829,21.5851],[-87.0827,21.5848],[-87.0803,21.5841],[-87.0791,21.584],[-87.0779,21.5834],[-87.0766,21.5831],[-87.0752,21.5822],[-87.076,21.5807],[-87.0776,21.5808],[-87.0782,21.5799],[-87.0787,21.5784],[-87.0774,21.5777],[-87.0765,21.5771],[-87.0758,21.577],[-87.0753,21.577],[-87.0752,21.5762],[-87.0739,21.575],[-87.0727,21.5743],[-87.0715,21.5739],[-87.0705,21.5732],[-87.0697,21.5724],[-87.0688,21.5719],[-87.0686,21.5716],[-87.067,21.5709],[-87.066,21.5705],[-87.0645,21.5701],[-87.0636,21.5697],[-87.0626,21.5698],[-87.0615,21.5698],[-87.0606,21.5694],[-87.0599,21.5691],[-87.0594,21.5686],[-87.0582,21.5685],[-87.0577,21.5683],[-87.0569,21.5678],[-87.0559,21.5677],[-87.0551,21.5676],[-87.0533,21.5672],[-87.053,21.5667],[-87.0524,21.5667],[-87.0511,21.5659],[-87.0503,21.5649],[-87.0495,21.5645],[-87.0485,21.5637],[-87.0469,21.5631],[-87.0455,21.5628],[-87.0446,21.5631],[-87.044,21.5641],[-87.0436,21.5643],[-87.0432,21.5645],[-87.0428,21.5648],[-87.0427,21.5648],[-87.0417,21.5659],[-87.0408,21.5652],[-87.0401,21.5646],[-87.0382,21.5643],[-87.0384,21.5632],[-87.0376,21.562],[-87.0368,21.5607],[-87.0358,21.5604],[-87.0347,21.5603],[-87.0347,21.5604],[-87.0347,21.5604],[-87.0347,21.5605],[-87.0347,21.5605],[-87.0347,21.5607],[-87.0347,21.5608],[-87.0346,21.5608],[-87.0346,21.5609],[-87.0345,21.5609],[-87.0345,21.5609],[-87.0343,21.5609],[-87.0343,21.5613],[-87.0327,21.561],[-87.0319,21.5599],[-87.0315,21.5588],[-87.0315,21.5587],[-87.0313,21.5587],[-87.0308,21.5587],[-87.0308,21.5587],[-87.0307,21.5587],[-87.0307,21.5588],[-87.0307,21.5589],[-87.0306,21.5593],[-87.0303,21.5597],[-87.0303,21.5597],[-87.0303,21.5598],[-87.0301,21.5598],[-87.0301,21.5598],[-87.0293,21.5596],[-87.0291,21.56],[-87.0291,21.56],[-87.0291,21.5602],[-87.0293,21.5603],[-87.0295,21.5605],[-87.0295,21.5605],[-87.0296,21.5606],[-87.0297,21.5606],[-87.0297,21.5608],[-87.0297,21.5608],[-87.0297,21.5608],[-87.0296,21.5615],[-87.0295,21.5616],[-87.0295,21.5617],[-87.0295,21.5617],[-87.0294,21.5619],[-87.0288,21.5617],[-87.0282,21.5609],[-87.0284,21.5597],[-87.0278,21.5584],[-87.0273,21.5578],[-87.026,21.5575],[-87.0259,21.559],[-87.0258,21.5594],[-87.0258,21.5598],[-87.0253,21.5597],[-87.025,21.5585],[-87.0238,21.5583],[-87.024,21.5575],[-87.0232,21.5571],[-87.0217,21.5571],[-87.0216,21.5571],[-87.0215,21.5572],[-87.0213,21.5576],[-87.0207,21.5585],[-87.0185,21.5584],[-87.0185,21.5584],[-87.0185,21.5584],[-87.0179,21.5588],[-87.0178,21.5589],[-87.0176,21.559],[-87.0167,21.5584],[-87.0158,21.5583],[-87.0156,21.5575],[-87.0138,21.5569],[-87.013,21.5568],[-87.0123,21.5569],[-87.0116,21.5566],[-87.011,21.5577],[-87.0109,21.5576],[-87.0106,21.5575],[-87.0103,21.5574],[-87.0099,21.5563],[-87.0099,21.5558],[-87.0099,21.5557],[-87.0099,21.555],[-87.0099,21.5549],[-87.0098,21.5549],[-87.0087,21.5546],[-87.0084,21.5538],[-87.0083,21.5535],[-87.0082,21.553],[-87.008,21.5526],[-87.008,21.5523],[-87.0078,21.5521],[-87.0071,21.5511],[-87.0062,21.5519],[-87.006,21.552],[-87.0057,21.5522],[-87.0057,21.552],[-87.0056,21.5514],[-87.0055,21.5509],[-87.0051,21.5491],[-87.0051,21.549],[-87.005,21.5481],[-87.005,21.5481],[-87.005,21.5481],[-87.005,21.548],[-87.005,21.5479],[-87.0048,21.5475],[-87.0048,21.5475],[-87.0041,21.547],[-87.0041,21.5469],[-87.0041,21.5469],[-87.004,21.5468],[-87.004,21.5468],[-87.004,21.5467],[-87.0041,21.5462],[-87.0041,21.5457],[-87.0041,21.5452],[-87.004,21.5445],[-87.004,21.5441],[-87.004,21.544],[-87.0038,21.5438],[-87.0034,21.5435],[-87.0033,21.5434],[-87.0032,21.5435],[-87.0029,21.5437],[-87.0028,21.5439],[-87.0028,21.5441],[-87.0027,21.5448],[-87.0027,21.5449],[-87.0026,21.5452],[-87.0025,21.5453],[-87.0025,21.5453],[-87.0025,21.5453],[-87.0024,21.5454],[-87.0016,21.5456],[-87.001,21.5453],[-87.001,21.5451],[-87.001,21.5451],[-87.001,21.545],[-87.0009,21.5449],[-87.0009,21.5449],[-87.0009,21.5447],[-87.0011,21.5442],[-87.0011,21.5437],[-87.0011,21.5436],[-87.0011,21.5436],[-87.0011,21.5435],[-87.0011,21.5435],[-87.001,21.5433],[-87.0015,21.5429],[-87.0016,21.5428],[-87.0023,21.5423],[-87.0023,21.5416],[-87.0023,21.5416],[-87.0019,21.5408],[-87.0018,21.5407],[-87.0012,21.5406],[-87.0009,21.5406],[-87.0007,21.5405],[-87.0005,21.5405],[-87.0004,21.5404],[-87.0005,21.5404],[-87.0005,21.5402],[-87.0006,21.5401],[-87.0007,21.5401],[-87.0007,21.54],[-87.0008,21.5397],[-87.0009,21.5396],[-87.0008,21.5393],[-87.0003,21.5387],[-86.9998,21.5378],[-86.9997,21.537],[-86.9994,21.5361],[-86.9994,21.5359],[-86.9991,21.5358],[-86.998,21.5354],[-86.9974,21.5353],[-86.9973,21.5354],[-86.9973,21.5354],[-86.9972,21.5354],[-86.997,21.5354],[-86.9969,21.5353],[-86.9968,21.5353],[-86.9968,21.5353],[-86.9966,21.5353],[-86.9965,21.5349],[-86.9964,21.5345],[-86.9964,21.5344],[-86.9964,21.5338],[-86.9964,21.5338],[-86.9961,21.5332],[-86.9959,21.5328],[-86.9958,21.5327],[-86.9957,21.5327],[-86.9956,21.5326],[-86.9955,21.5326],[-86.9953,21.5323],[-86.9952,21.5322],[-86.9943,21.5316],[-86.9941,21.5313],[-86.994,21.5314],[-86.9937,21.5312],[-86.9936,21.531],[-86.9935,21.5308],[-86.9931,21.5304],[-86.9918,21.5296],[-86.9905,21.5284],[-86.99,21.5273],[-86.9893,21.5265],[-86.9892,21.5264],[-86.9888,21.526],[-86.9888,21.526],[-86.9883,21.5259],[-86.9877,21.5253],[-86.9866,21.5251],[-86.9858,21.5252],[-86.9854,21.5259],[-86.9846,21.5253],[-86.983,21.5255],[-86.9823,21.5252],[-86.9821,21.5251],[-86.9817,21.5249],[-86.9819,21.5242],[-86.9821,21.5234],[-86.9818,21.5216],[-86.9817,21.521],[-86.9815,21.5205],[-86.9821,21.5194],[-86.9816,21.5185],[-86.9806,21.5177],[-86.9799,21.5166],[-86.9788,21.515],[-86.9778,21.5138],[-86.9767,21.5135],[-86.9765,21.5127],[-86.9765,21.5127],[-86.9764,21.5126],[-86.9763,21.5124],[-86.9756,21.5115],[-86.9748,21.5105],[-86.9746,21.5106],[-86.9743,21.5106],[-86.9742,21.5106],[-86.9742,21.5111],[-86.9744,21.5123],[-86.9744,21.5124],[-86.9744,21.5125],[-86.9747,21.5126],[-86.9747,21.5127],[-86.9749,21.5128],[-86.975,21.5129],[-86.9752,21.5131],[-86.9752,21.5132],[-86.9753,21.5133],[-86.9754,21.5136],[-86.9754,21.5137],[-86.9754,21.5138],[-86.9754,21.5138],[-86.9754,21.5139],[-86.9754,21.5142],[-86.9754,21.5143],[-86.9755,21.5144],[-86.9774,21.5161],[-86.9779,21.5188],[-86.9774,21.5211],[-86.9767,21.5232],[-86.9765,21.5238],[-86.9761,21.524],[-86.9757,21.5242],[-86.9754,21.5244],[-86.9749,21.5246],[-86.9747,21.5247],[-86.9723,21.5268],[-86.9719,21.528],[-86.9696,21.5291],[-86.9697,21.5296],[-86.9702,21.5313],[-86.9713,21.5321],[-86.9763,21.5359],[-86.977,21.5364],[-86.9814,21.5394],[-86.9819,21.5392],[-86.9822,21.539],[-86.9826,21.539],[-86.9831,21.539],[-86.9833,21.539],[-86.9836,21.539],[-86.9839,21.5392],[-86.9841,21.5392],[-86.9841,21.5392],[-86.9844,21.5393],[-86.9845,21.5395],[-86.9846,21.5396],[-86.9846,21.5397],[-86.9848,21.5398],[-86.9847,21.5401],[-86.9847,21.5404],[-86.9847,21.5405],[-86.9847,21.5406],[-86.9848,21.5406],[-86.985,21.5407],[-86.9851,21.5407],[-86.9854,21.5408],[-86.9857,21.5409],[-86.9858,21.541],[-86.9863,21.5413],[-86.9866,21.5414],[-86.9869,21.5414],[-86.9873,21.542],[-86.9877,21.5422],[-86.988,21.5423],[-86.9884,21.5425],[-86.9888,21.5427],[-86.9892,21.5429],[-86.9901,21.5433],[-86.9907,21.5432],[-86.9909,21.5428],[-86.9914,21.5427],[-86.9916,21.5423],[-86.9919,21.542],[-86.9927,21.5419],[-86.9931,21.5419],[-86.9932,21.5419],[-86.9933,21.5419],[-86.9934,21.5419],[-86.9935,21.5419],[-86.9936,21.5421],[-86.9938,21.5421],[-86.9939,21.5421],[-86.9941,21.5423],[-86.9943,21.5423],[-86.9946,21.5424],[-86.9948,21.5424],[-86.9951,21.5424],[-86.9953,21.5424],[-86.9957,21.5423],[-86.9958,21.5423],[-86.9959,21.5423],[-86.9969,21.5423],[-86.9965,21.5418],[-86.9966,21.5413],[-86.9971,21.5412],[-86.9977,21.5414],[-86.9977,21.5418],[-86.9975,21.5427],[-86.9977,21.5429],[-86.9977,21.5433],[-86.9977,21.5437],[-86.9977,21.544],[-86.9976,21.5444],[-86.9975,21.5448],[-86.9974,21.545],[-86.9973,21.5452],[-86.9972,21.5458],[-86.9977,21.546],[-86.9977,21.5465],[-86.9974,21.5466],[-86.9974,21.5482],[-86.9974,21.5483],[-86.9974,21.5483],[-86.9975,21.5483],[-86.9976,21.5483],[-86.9977,21.5483],[-86.9977,21.5484],[-86.9974,21.5488],[-86.9971,21.5491],[-86.9967,21.5491],[-86.9964,21.5491],[-86.9963,21.5492],[-86.9962,21.5493],[-86.9961,21.5495],[-86.9958,21.5497],[-86.9956,21.5499],[-86.9956,21.5501],[-86.9958,21.5502],[-86.9958,21.5504],[-86.9958,21.5505],[-86.9957,21.5505],[-86.9956,21.5506],[-86.9954,21.5506],[-86.9953,21.551],[-86.9958,21.5511],[-86.9961,21.5511],[-86.9962,21.5511],[-86.9962,21.5511],[-86.9963,21.5512],[-86.9963,21.5513],[-86.9963,21.5514],[-86.9962,21.5514],[-86.9961,21.5515],[-86.996,21.5514],[-86.9959,21.5514],[-86.9958,21.5515],[-86.9958,21.5516],[-86.9958,21.5516],[-86.9958,21.5517],[-86.9959,21.5519],[-86.9961,21.5519],[-86.9963,21.5518],[-86.9964,21.5517],[-86.9964,21.5517],[-86.9964,21.5516],[-86.9963,21.5516],[-86.9963,21.5517],[-86.9962,21.5517],[-86.9962,21.5516],[-86.9963,21.5515],[-86.9965,21.5514],[-86.9966,21.5513],[-86.9968,21.5514],[-86.9969,21.5514],[-86.9971,21.5514],[-86.9972,21.5515],[-86.9972,21.5516],[-86.9972,21.5517],[-86.9972,21.5518],[-86.9971,21.5518],[-86.9968,21.5522],[-86.9966,21.5523],[-86.9964,21.5524],[-86.9962,21.5525],[-86.9962,21.5525],[-86.9961,21.5526],[-86.9959,21.5526],[-86.9954,21.5522],[-86.9952,21.5519],[-86.9948,21.5516],[-86.9946,21.5514],[-86.9946,21.5513],[-86.9947,21.5513],[-86.9948,21.5513],[-86.9948,21.5512],[-86.9949,21.5511],[-86.9948,21.5509],[-86.9943,21.5505],[-86.9939,21.5502],[-86.9937,21.5499],[-86.9934,21.55],[-86.9932,21.5506],[-86.9934,21.5509],[-86.9934,21.5509],[-86.9932,21.5512],[-86.9932,21.5512],[-86.9927,21.5516],[-86.9926,21.5516],[-86.9924,21.5516],[-86.9923,21.5516],[-86.9923,21.5516],[-86.9922,21.5515],[-86.9922,21.5515],[-86.9922,21.5514],[-86.9922,21.5514],[-86.9921,21.5513],[-86.9918,21.5512],[-86.9917,21.5512],[-86.9916,21.5513],[-86.9915,21.5513],[-86.9916,21.5514],[-86.9917,21.5515],[-86.9917,21.5515],[-86.9918,21.5515],[-86.9919,21.5515],[-86.992,21.5515],[-86.9921,21.5517],[-86.9923,21.5519],[-86.9923,21.552],[-86.9923,21.5522],[-86.9923,21.5525],[-86.9925,21.5527],[-86.9925,21.5527],[-86.9925,21.5528],[-86.9923,21.553],[-86.9923,21.553],[-86.9919,21.5529],[-86.9915,21.5529],[-86.9913,21.5526],[-86.9913,21.5526],[-86.9914,21.5523],[-86.9916,21.552],[-86.9916,21.5519],[-86.9915,21.5518],[-86.9915,21.5518],[-86.9914,21.5518],[-86.9911,21.5518],[-86.9907,21.5519],[-86.9906,21.5522],[-86.9905,21.5526],[-86.9904,21.5527],[-86.9902,21.5528],[-86.9902,21.5531],[-86.9902,21.554],[-86.9903,21.5547],[-86.9906,21.555],[-86.9906,21.5551],[-86.9904,21.5553],[-86.9904,21.5557],[-86.9907,21.5557],[-86.991,21.5558],[-86.9911,21.5558],[-86.9911,21.5558],[-86.9915,21.5556],[-86.9917,21.5554],[-86.9917,21.5554],[-86.9917,21.5553],[-86.9916,21.5552],[-86.9914,21.5552],[-86.9911,21.5551],[-86.9911,21.5545],[-86.9913,21.5539],[-86.9914,21.5537],[-86.992,21.5535],[-86.9921,21.5534],[-86.9922,21.5535],[-86.9924,21.5538],[-86.9929,21.5543],[-86.993,21.5544],[-86.9931,21.5545],[-86.9931,21.5546],[-86.9931,21.5547],[-86.993,21.5548],[-86.9929,21.5548],[-86.9929,21.5549],[-86.9928,21.5549],[-86.9927,21.555],[-86.9927,21.5549],[-86.9928,21.5547],[-86.9928,21.5547],[-86.9928,21.5545],[-86.9925,21.5541],[-86.9924,21.5541],[-86.9924,21.5542],[-86.9923,21.5542],[-86.9926,21.5549],[-86.9926,21.5552],[-86.9927,21.5557],[-86.9925,21.5559],[-86.992,21.556],[-86.9918,21.556],[-86.9914,21.5563],[-86.9913,21.5562],[-86.991,21.5562],[-86.9909,21.5561],[-86.9908,21.5562],[-86.9907,21.5563],[-86.9907,21.5565],[-86.9906,21.5568],[-86.9906,21.5569],[-86.9905,21.5569],[-86.9901,21.5568],[-86.9901,21.5568],[-86.9901,21.5567],[-86.9901,21.5565],[-86.9902,21.5564],[-86.9902,21.5555],[-86.9902,21.5553],[-86.9901,21.5549],[-86.9898,21.5546],[-86.9897,21.5545],[-86.9896,21.5545],[-86.9896,21.5546],[-86.9895,21.5547],[-86.9895,21.5547],[-86.9895,21.5549],[-86.9892,21.5548],[-86.9893,21.5545],[-86.9894,21.5544],[-86.9893,21.5541],[-86.9892,21.554],[-86.9891,21.554],[-86.989,21.5539],[-86.9889,21.554],[-86.9887,21.5541],[-86.9883,21.5541],[-86.9881,21.5541],[-86.9878,21.554],[-86.9878,21.554],[-86.9877,21.5539],[-86.9878,21.5538],[-86.9877,21.5535],[-86.9875,21.5533],[-86.9871,21.553],[-86.9869,21.5524],[-86.9866,21.5523],[-86.9862,21.5522],[-86.9856,21.5517],[-86.9852,21.5513],[-86.9852,21.5513],[-86.9851,21.5513],[-86.9851,21.5515],[-86.9851,21.5517],[-86.9853,21.5519],[-86.9853,21.552],[-86.9853,21.552],[-86.9858,21.5524],[-86.9861,21.5527],[-86.9865,21.5532],[-86.9865,21.5532],[-86.9865,21.5533],[-86.9864,21.5539],[-86.9862,21.5545],[-86.986,21.5546],[-86.9859,21.5548],[-86.9856,21.5551],[-86.9856,21.5552],[-86.9857,21.5554],[-86.9857,21.5555],[-86.9858,21.5556],[-86.9858,21.5556],[-86.986,21.5556],[-86.9861,21.5554],[-86.9862,21.5551],[-86.9863,21.5548],[-86.9864,21.5547],[-86.9866,21.5546],[-86.9868,21.5546],[-86.9871,21.5546],[-86.9873,21.5547],[-86.9875,21.5547],[-86.9878,21.5549],[-86.988,21.555],[-86.9881,21.5551],[-86.9881,21.5555],[-86.9881,21.5558],[-86.988,21.5562],[-86.9881,21.5565],[-86.9881,21.5569],[-86.9882,21.557],[-86.9883,21.5572],[-86.9884,21.5574],[-86.9885,21.5575],[-86.9887,21.5578],[-86.9887,21.5579],[-86.9892,21.5583],[-86.9898,21.5587],[-86.9902,21.5593],[-86.9909,21.5594],[-86.9916,21.5596],[-86.9923,21.5599],[-86.9925,21.5602],[-86.9929,21.5603],[-86.9931,21.5605],[-86.9931,21.5606],[-86.9931,21.5608],[-86.9929,21.5613],[-86.9928,21.5618],[-86.9928,21.5622],[-86.9928,21.5622],[-86.9924,21.5626],[-86.992,21.5631],[-86.992,21.5631],[-86.9915,21.5635],[-86.9914,21.5635],[-86.9914,21.5635],[-86.9912,21.5632],[-86.9908,21.5628],[-86.9899,21.5618],[-86.9896,21.5614],[-86.9894,21.5612],[-86.9892,21.5611],[-86.9891,21.5609],[-86.989,21.5606],[-86.9887,21.5603],[-86.9886,21.5601],[-86.9882,21.5595],[-86.9878,21.5589],[-86.9876,21.5586],[-86.9874,21.5584],[-86.9873,21.5582],[-86.987,21.5577],[-86.9868,21.5575],[-86.9868,21.5574],[-86.986,21.5566],[-86.9859,21.5566],[-86.9857,21.5565],[-86.9855,21.5562],[-86.9855,21.5562],[-86.9854,21.5561],[-86.9853,21.5559],[-86.9852,21.5558],[-86.9852,21.5558],[-86.9852,21.5556],[-86.9852,21.5556],[-86.9847,21.555],[-86.9844,21.5545],[-86.9843,21.5545],[-86.9842,21.5544],[-86.9841,21.5543],[-86.984,21.5542],[-86.9839,21.554],[-86.9837,21.5535],[-86.9836,21.5531],[-86.9831,21.5521],[-86.9828,21.5515],[-86.9828,21.5515],[-86.9827,21.5513],[-86.9825,21.551],[-86.9825,21.5509],[-86.9824,21.5509],[-86.9817,21.5502],[-86.9817,21.5502],[-86.9815,21.5501],[-86.9809,21.5497],[-86.9806,21.5494],[-86.9804,21.5491],[-86.9803,21.5489],[-86.9802,21.5489],[-86.9802,21.5489],[-86.9802,21.5486],[-86.9802,21.5485],[-86.9802,21.5484],[-86.9802,21.5483],[-86.9803,21.5482],[-86.9803,21.5481],[-86.9805,21.5479],[-86.9806,21.5478],[-86.9808,21.5477],[-86.9808,21.5477],[-86.9809,21.5476],[-86.9815,21.5475],[-86.9817,21.5475],[-86.9818,21.5476],[-86.982,21.5476],[-86.9822,21.5477],[-86.9824,21.5477],[-86.9824,21.5476],[-86.9826,21.5469],[-86.983,21.5465],[-86.9831,21.5464],[-86.9837,21.546],[-86.9837,21.5459],[-86.9836,21.5459],[-86.9831,21.5462],[-86.983,21.5463],[-86.9828,21.5464],[-86.9828,21.5464],[-86.9826,21.5466],[-86.982,21.547],[-86.9818,21.547],[-86.9815,21.547],[-86.9813,21.547],[-86.9813,21.547],[-86.9811,21.5471],[-86.981,21.5471],[-86.9808,21.5472],[-86.9807,21.5472],[-86.9806,21.5472],[-86.9805,21.5472],[-86.9804,21.5471],[-86.98,21.5472],[-86.9796,21.5474],[-86.9793,21.5476],[-86.9791,21.5477],[-86.979,21.5477],[-86.9788,21.5478],[-86.9786,21.5479],[-86.9785,21.548],[-86.9784,21.5479],[-86.9783,21.5478],[-86.9784,21.5477],[-86.9785,21.5475],[-86.9785,21.5474],[-86.9784,21.5474],[-86.978,21.5477],[-86.9778,21.548],[-86.9778,21.5487],[-86.9773,21.549],[-86.9768,21.5485],[-86.9759,21.5476],[-86.9755,21.5467],[-86.9754,21.5446],[-86.9751,21.5432],[-86.9747,21.5422],[-86.9733,21.54],[-86.9721,21.5383],[-86.9716,21.5378],[-86.9708,21.5371],[-86.97,21.5365],[-86.9674,21.5343],[-86.9654,21.5317],[-86.9627,21.5277],[-86.9597,21.5242],[-86.9595,21.5237],[-86.9589,21.5223],[-86.9577,21.5209],[-86.9558,21.5187],[-86.9553,21.5167],[-86.9535,21.5158],[-86.9523,21.5147],[-86.9517,21.5104],[-86.9515,21.5083],[-86.9505,21.5051],[-86.9495,21.502],[-86.9479,21.4994],[-86.9476,21.4952],[-86.9486,21.4918],[-86.9504,21.4906],[-86.9505,21.4905],[-86.9508,21.4902],[-86.9511,21.49],[-86.9514,21.49],[-86.9517,21.4898],[-86.9519,21.4897],[-86.9524,21.4897],[-86.9525,21.4897],[-86.9525,21.4886],[-86.9517,21.4877],[-86.9511,21.4869],[-86.9498,21.4853],[-86.9495,21.485],[-86.9485,21.4837],[-86.9484,21.4835],[-86.9458,21.4812],[-86.9451,21.4805],[-86.9444,21.4798],[-86.943,21.4767],[-86.9421,21.4752],[-86.9419,21.4753],[-86.9419,21.4754],[-86.9419,21.4755],[-86.9419,21.4755],[-86.9419,21.4756],[-86.9417,21.4757],[-86.9416,21.4757],[-86.9416,21.4757],[-86.9414,21.4756],[-86.9412,21.4754],[-86.9408,21.4755],[-86.9406,21.475],[-86.9388,21.4738],[-86.9392,21.4726],[-86.9367,21.4702],[-86.9362,21.4694],[-86.9362,21.4694],[-86.9361,21.4694],[-86.9359,21.4694],[-86.9358,21.4695],[-86.9357,21.4695],[-86.9355,21.4696],[-86.9354,21.4697],[-86.9351,21.4697],[-86.935,21.4697],[-86.935,21.4696],[-86.935,21.4695],[-86.935,21.4692],[-86.9351,21.4691],[-86.9351,21.469],[-86.9352,21.469],[-86.9352,21.4689],[-86.9353,21.4689],[-86.9353,21.469],[-86.9355,21.4689],[-86.9358,21.4687],[-86.9358,21.4687],[-86.9358,21.4686],[-86.9354,21.4678],[-86.9348,21.4663],[-86.9348,21.4663],[-86.9347,21.4663],[-86.9346,21.4663],[-86.9345,21.4662],[-86.9345,21.466],[-86.9345,21.4658],[-86.9343,21.4656],[-86.9341,21.4654],[-86.934,21.4653],[-86.934,21.4653],[-86.9339,21.4653],[-86.9338,21.4653],[-86.9337,21.4654],[-86.9337,21.4654],[-86.9337,21.4654],[-86.9336,21.4655],[-86.9335,21.4654],[-86.9334,21.4653],[-86.9333,21.4653],[-86.9331,21.465],[-86.9331,21.465],[-86.9331,21.465],[-86.9333,21.465],[-86.9334,21.4651],[-86.9334,21.4651],[-86.9335,21.4651],[-86.9336,21.4651],[-86.9338,21.465],[-86.934,21.4649],[-86.9342,21.4648],[-86.9343,21.4648],[-86.9339,21.4637],[-86.9331,21.4621],[-86.9331,21.462],[-86.933,21.4618],[-86.9298,21.4566],[-86.9298,21.4566],[-86.9297,21.4567],[-86.9297,21.4567],[-86.9297,21.4567],[-86.9296,21.4567],[-86.9296,21.4567],[-86.9294,21.4567],[-86.9289,21.4566],[-86.9284,21.4565],[-86.9283,21.4563],[-86.926,21.4562],[-86.9255,21.4523],[-86.9231,21.4478],[-86.9207,21.4467],[-86.9201,21.4428],[-86.9193,21.4407],[-86.919,21.4402],[-86.9183,21.44],[-86.9175,21.4393],[-86.9173,21.4392],[-86.9171,21.4393],[-86.9168,21.4395],[-86.9167,21.4395],[-86.9166,21.4395],[-86.9164,21.4393],[-86.9164,21.4392],[-86.9162,21.4386],[-86.9161,21.438],[-86.9161,21.438],[-86.9159,21.4379],[-86.9158,21.4379],[-86.9157,21.4379],[-86.9155,21.4379],[-86.9152,21.4379],[-86.9149,21.4377],[-86.9149,21.4376],[-86.9148,21.4374],[-86.9136,21.4372],[-86.9132,21.4372],[-86.9128,21.4372],[-86.9125,21.4372],[-86.9125,21.4372],[-86.9123,21.4372],[-86.9123,21.4372],[-86.9122,21.4372],[-86.9122,21.4371],[-86.9122,21.4371],[-86.9122,21.437],[-86.912,21.4368],[-86.9109,21.4364],[-86.9106,21.4362],[-86.9105,21.4362],[-86.9104,21.436],[-86.9104,21.436],[-86.9103,21.4357],[-86.9103,21.4357],[-86.9103,21.4356],[-86.9104,21.4355],[-86.9105,21.4354],[-86.9103,21.4352],[-86.91,21.435],[-86.9098,21.4349],[-86.9097,21.4348],[-86.9096,21.4347],[-86.9096,21.4347],[-86.9096,21.4346],[-86.9096,21.4345],[-86.9095,21.4343],[-86.9094,21.4343],[-86.9093,21.4342],[-86.9092,21.4339],[-86.909,21.4335],[-86.9089,21.4331],[-86.9086,21.4323],[-86.9084,21.4321],[-86.9083,21.4316],[-86.9082,21.4311],[-86.9076,21.4276],[-86.9072,21.4255],[-86.8995,21.4184],[-86.899,21.4178],[-86.8967,21.4104],[-86.8966,21.4104],[-86.8965,21.4105],[-86.8965,21.4105],[-86.8965,21.4106],[-86.8964,21.4108],[-86.8964,21.411],[-86.8963,21.411],[-86.8962,21.4111],[-86.8961,21.4111],[-86.896,21.4111],[-86.896,21.411],[-86.8958,21.411],[-86.8958,21.4109],[-86.8958,21.4108],[-86.8958,21.4107],[-86.8958,21.4107],[-86.8958,21.4106],[-86.8954,21.4107],[-86.8954,21.4108],[-86.8955,21.4109],[-86.8955,21.411],[-86.8955,21.411],[-86.8954,21.411],[-86.8953,21.4111],[-86.8951,21.4112],[-86.8947,21.4113],[-86.8942,21.4113],[-86.8938,21.4113],[-86.8933,21.4112],[-86.8933,21.4111],[-86.8923,21.4113],[-86.8914,21.4094],[-86.8905,21.4076],[-86.8895,21.4068],[-86.8894,21.4068],[-86.8894,21.4068],[-86.8893,21.4068],[-86.8892,21.4068],[-86.8891,21.4068],[-86.8889,21.4066],[-86.8885,21.4062],[-86.8885,21.406],[-86.8885,21.406],[-86.8883,21.4059],[-86.8867,21.4035],[-86.8862,21.4011],[-86.8863,21.4004],[-86.8864,21.3995],[-86.887,21.398],[-86.887,21.3964],[-86.8865,21.3946],[-86.8853,21.393],[-86.8846,21.392],[-86.8848,21.3915],[-86.8854,21.3904],[-86.8854,21.3901],[-86.8854,21.3888],[-86.8858,21.3882],[-86.8855,21.3862],[-86.8844,21.3828],[-86.8835,21.3792],[-86.8835,21.379],[-86.8831,21.3765],[-86.882,21.3738],[-86.8803,21.3696],[-86.8802,21.3694],[-86.8797,21.3666],[-86.8801,21.3651],[-86.8798,21.3638],[-86.8794,21.3617],[-86.8792,21.3601],[-86.8782,21.358],[-86.8772,21.3567],[-86.877,21.3561],[-86.8756,21.3532],[-86.8759,21.3501],[-86.8746,21.3477],[-86.8744,21.3467],[-86.8744,21.3467],[-86.8745,21.3445],[-86.8716,21.341],[-86.8699,21.3376],[-86.8688,21.3353],[-86.868,21.3339],[-86.8666,21.331],[-86.864,21.3269],[-86.8618,21.3231],[-86.8618,21.3211],[-86.8615,21.32],[-86.8611,21.3188],[-86.8615,21.3181],[-86.8614,21.3179],[-86.8625,21.3171],[-86.8634,21.3164],[-86.8641,21.315],[-86.8645,21.3135],[-86.8644,21.3119],[-86.8641,21.3111],[-86.8637,21.31],[-86.8639,21.3088],[-86.8641,21.3064],[-86.8644,21.3051],[-86.8641,21.3045],[-86.8643,21.3039],[-86.8636,21.3032],[-86.864,21.3022],[-86.8633,21.3007],[-86.8632,21.2991],[-86.8625,21.2983],[-86.8619,21.2974],[-86.8613,21.2974],[-86.8609,21.2973],[-86.8602,21.2959],[-86.8589,21.2956],[-86.8588,21.294],[-86.8597,21.2934],[-86.8612,21.292],[-86.8612,21.2907],[-86.8612,21.2894],[-86.8614,21.2872],[-86.8588,21.283],[-86.856,21.2802],[-86.8535,21.2763],[-86.8538,21.2754],[-86.8551,21.2741],[-86.8559,21.2719],[-86.8549,21.2707],[-86.8537,21.2669],[-86.8543,21.2651],[-86.8541,21.2628],[-86.8536,21.262],[-86.8518,21.2596],[-86.8509,21.2559],[-86.8485,21.2519],[-86.8445,21.2515],[-86.8442,21.2506],[-86.8432,21.2519],[-86.8427,21.2516],[-86.8397,21.2496],[-86.837,21.2475],[-86.837,21.2475],[-86.8367,21.2475],[-86.8352,21.2475],[-86.8342,21.2467],[-86.8341,21.2466],[-86.8337,21.2468],[-86.8329,21.247],[-86.8329,21.247],[-86.8328,21.2471],[-86.8324,21.2473],[-86.8324,21.2472],[-86.8322,21.2472],[-86.8321,21.2472],[-86.8321,21.2472],[-86.832,21.2474],[-86.832,21.2474],[-86.832,21.2475],[-86.8321,21.2475],[-86.8322,21.2476],[-86.8323,21.2477],[-86.8323,21.2478],[-86.8323,21.2479],[-86.8322,21.2481],[-86.8322,21.2481],[-86.8322,21.2482],[-86.832,21.2483],[-86.8319,21.2483],[-86.8316,21.2483],[-86.8315,21.2485],[-86.8298,21.2478],[-86.8287,21.2469],[-86.8259,21.2452],[-86.824,21.2443],[-86.8235,21.244],[-86.8232,21.244],[-86.8231,21.2442],[-86.8232,21.2444],[-86.8233,21.2446],[-86.8233,21.2447],[-86.8234,21.245],[-86.8234,21.2452],[-86.8233,21.2452],[-86.8231,21.2456],[-86.823,21.2456],[-86.8228,21.2457],[-86.8228,21.2457],[-86.8227,21.2457],[-86.8227,21.2458],[-86.8208,21.2454],[-86.8206,21.2455],[-86.8206,21.2455],[-86.8207,21.2456],[-86.8208,21.2457],[-86.821,21.2458],[-86.821,21.2458],[-86.8211,21.2458],[-86.8215,21.2462],[-86.8216,21.2462],[-86.8216,21.2462],[-86.8216,21.2463],[-86.8216,21.2463],[-86.8215,21.2463],[-86.8214,21.2465],[-86.8214,21.2465],[-86.8213,21.2465],[-86.8212,21.2465],[-86.8213,21.2467],[-86.8217,21.2469],[-86.822,21.2471],[-86.8224,21.2476],[-86.8224,21.2478],[-86.8226,21.248],[-86.8227,21.2486],[-86.823,21.2492],[-86.8231,21.2494],[-86.8234,21.2498],[-86.8238,21.2502],[-86.8239,21.2506],[-86.8239,21.2506],[-86.8239,21.2507],[-86.8239,21.2507],[-86.8238,21.2508],[-86.8237,21.2509],[-86.8236,21.251],[-86.8235,21.251],[-86.8234,21.251],[-86.8233,21.251],[-86.8233,21.251],[-86.8231,21.251],[-86.8231,21.251],[-86.8231,21.2512],[-86.8237,21.2512],[-86.8237,21.2512],[-86.8231,21.2512],[-86.8232,21.2514],[-86.8259,21.2529],[-86.8295,21.2534],[-86.8316,21.2537],[-86.8312,21.2547],[-86.8312,21.2547],[-86.8312,21.2547],[-86.8312,21.2554],[-86.8311,21.2566],[-86.831,21.2567],[-86.831,21.2567],[-86.8307,21.2573],[-86.8306,21.258],[-86.8305,21.2584],[-86.831,21.2596],[-86.8311,21.2605],[-86.8311,21.2607],[-86.8311,21.2607],[-86.8313,21.2609],[-86.8313,21.2609],[-86.8313,21.2609],[-86.8314,21.261],[-86.8314,21.261],[-86.8314,21.2611],[-86.8315,21.2611],[-86.8315,21.2612],[-86.8315,21.2614],[-86.8314,21.2616],[-86.8314,21.2617],[-86.8314,21.2617],[-86.8313,21.2618],[-86.8313,21.262],[-86.8309,21.2628],[-86.8309,21.2628],[-86.8309,21.2629],[-86.8309,21.2631],[-86.8309,21.2632],[-86.8308,21.2632],[-86.8307,21.2633],[-86.8305,21.264],[-86.8304,21.2642],[-86.8302,21.2645],[-86.83,21.2646],[-86.8299,21.2647],[-86.8299,21.2648],[-86.8298,21.265],[-86.8297,21.265],[-86.8297,21.2655],[-86.8297,21.266],[-86.8296,21.2665],[-86.8295,21.2672],[-86.8295,21.2674],[-86.8295,21.2675],[-86.8295,21.2675],[-86.8295,21.2676],[-86.8295,21.2676],[-86.8296,21.2677],[-86.8299,21.2681],[-86.8301,21.2682],[-86.8303,21.2681],[-86.8303,21.2681],[-86.8304,21.2682],[-86.8305,21.2682],[-86.8305,21.2682],[-86.8305,21.2683],[-86.8306,21.2684],[-86.8306,21.2685],[-86.8309,21.2688],[-86.8307,21.2694],[-86.8307,21.27],[-86.8307,21.27],[-86.8307,21.27],[-86.8307,21.2701],[-86.8307,21.2702],[-86.8306,21.2703],[-86.8306,21.2703],[-86.8305,21.2703],[-86.8305,21.2703],[-86.8305,21.2706],[-86.8306,21.2706],[-86.8309,21.2706],[-86.8309,21.2711],[-86.8309,21.2715],[-86.8308,21.2718],[-86.8308,21.2718],[-86.8309,21.2724],[-86.831,21.2723],[-86.8312,21.2722],[-86.8315,21.2722],[-86.8316,21.2722],[-86.8317,21.2722],[-86.8317,21.2723],[-86.8317,21.2723],[-86.8317,21.2724],[-86.8318,21.2724],[-86.8318,21.2725],[-86.8318,21.2726],[-86.8318,21.2726],[-86.8319,21.2727],[-86.8319,21.2727],[-86.832,21.2727],[-86.8321,21.2727],[-86.8321,21.2727],[-86.8322,21.2727],[-86.8322,21.2727],[-86.8323,21.2727],[-86.8327,21.2726],[-86.8336,21.2725],[-86.835,21.2722],[-86.8353,21.272],[-86.8356,21.2719],[-86.8357,21.2718],[-86.8362,21.2717],[-86.8364,21.2717],[-86.8365,21.2717],[-86.8366,21.2717],[-86.8367,21.2717],[-86.8367,21.2718],[-86.8368,21.2718],[-86.8368,21.272],[-86.8369,21.272],[-86.8369,21.272],[-86.8369,21.2724],[-86.8369,21.2725],[-86.8369,21.2725],[-86.8369,21.2726],[-86.8368,21.2727],[-86.8365,21.2731],[-86.8361,21.2738],[-86.836,21.274],[-86.8357,21.2743],[-86.8355,21.2747],[-86.8354,21.2749],[-86.8354,21.275],[-86.8353,21.2752],[-86.8353,21.2755],[-86.835,21.2764],[-86.8348,21.2768],[-86.8347,21.277],[-86.8346,21.277],[-86.8346,21.277],[-86.8345,21.2771],[-86.8344,21.2772],[-86.8344,21.2772],[-86.8342,21.2775],[-86.8341,21.2775],[-86.8337,21.278],[-86.8336,21.2786],[-86.8336,21.2787],[-86.8335,21.2788],[-86.8335,21.2789],[-86.8335,21.279],[-86.8334,21.279],[-86.8334,21.2791],[-86.8332,21.2794],[-86.8331,21.2795],[-86.8331,21.2795],[-86.833,21.2795],[-86.8327,21.2798],[-86.8323,21.2803],[-86.8323,21.2808],[-86.8319,21.2812],[-86.8315,21.2818],[-86.8314,21.2819],[-86.8312,21.2821],[-86.831,21.2822],[-86.8303,21.2826],[-86.8298,21.2827],[-86.8298,21.2827],[-86.8297,21.2826],[-86.8296,21.2825],[-86.8293,21.2824],[-86.8292,21.2824],[-86.8291,21.2824],[-86.829,21.2824],[-86.8289,21.2824],[-86.8288,21.2824],[-86.8287,21.2824],[-86.8286,21.2823],[-86.8285,21.2822],[-86.8285,21.2822],[-86.8285,21.2821],[-86.8285,21.2821],[-86.8285,21.2817],[-86.8285,21.2814],[-86.8285,21.2811],[-86.8285,21.2809],[-86.8285,21.2808],[-86.8285,21.2806],[-86.8285,21.2806],[-86.8283,21.2805],[-86.8281,21.2806],[-86.828,21.2806],[-86.8279,21.2802],[-86.8282,21.2798],[-86.8283,21.2798],[-86.8283,21.2795],[-86.8283,21.2795],[-86.8283,21.2794],[-86.8282,21.2793],[-86.8277,21.2791],[-86.8273,21.2791],[-86.8268,21.279],[-86.8267,21.2791],[-86.8266,21.2791],[-86.8257,21.2793],[-86.8253,21.2794],[-86.8251,21.2796],[-86.825,21.2796],[-86.8248,21.2799],[-86.8247,21.2799],[-86.8247,21.28],[-86.8246,21.2803],[-86.8246,21.2804],[-86.8246,21.2805],[-86.8249,21.2809],[-86.8249,21.2816],[-86.8249,21.2818],[-86.8249,21.2818],[-86.8247,21.2819],[-86.8246,21.282],[-86.8246,21.282],[-86.8245,21.282],[-86.8245,21.282],[-86.8245,21.282],[-86.8245,21.282],[-86.8245,21.2819],[-86.8245,21.2819],[-86.8245,21.2819],[-86.8245,21.2819],[-86.8246,21.2817],[-86.8247,21.2813],[-86.8247,21.2812],[-86.8246,21.2812],[-86.8246,21.2811],[-86.8246,21.2811],[-86.8243,21.2812],[-86.8243,21.2812],[-86.8236,21.2816],[-86.8235,21.2816],[-86.8234,21.2816],[-86.8233,21.2816],[-86.8232,21.2817],[-86.8232,21.2817],[-86.8231,21.2817],[-86.8232,21.2818],[-86.8232,21.2818],[-86.8235,21.2819],[-86.8237,21.2819],[-86.8238,21.2819],[-86.8238,21.2819],[-86.8239,21.2819],[-86.8241,21.2819],[-86.8242,21.2819],[-86.8243,21.282],[-86.8243,21.282],[-86.8243,21.282],[-86.8243,21.282],[-86.8242,21.2821],[-86.8239,21.2822],[-86.8235,21.2821],[-86.8231,21.2822],[-86.8229,21.2821],[-86.8225,21.2821],[-86.8224,21.2822],[-86.8224,21.2822],[-86.8223,21.2822],[-86.8223,21.2822],[-86.8223,21.2819],[-86.8223,21.2819],[-86.8224,21.2817],[-86.8225,21.2816],[-86.8225,21.2816],[-86.8225,21.2816],[-86.8226,21.2816],[-86.8226,21.2817],[-86.8226,21.2817],[-86.8226,21.2817],[-86.8226,21.2818],[-86.8227,21.2818],[-86.8229,21.2819],[-86.823,21.2819],[-86.823,21.2818],[-86.8229,21.2817],[-86.8229,21.2816],[-86.8227,21.2815],[-86.8218,21.2812],[-86.8215,21.2814],[-86.8213,21.2816],[-86.8212,21.2816],[-86.8212,21.2817],[-86.8211,21.2818],[-86.8211,21.2818],[-86.8211,21.2819],[-86.8209,21.2825],[-86.8208,21.2826],[-86.8208,21.2826],[-86.8209,21.2827],[-86.8211,21.283],[-86.8212,21.283],[-86.8212,21.283],[-86.8213,21.2831],[-86.8215,21.2831],[-86.8215,21.2831],[-86.8216,21.2832],[-86.8218,21.2832],[-86.8227,21.2833],[-86.823,21.2833],[-86.8231,21.2833],[-86.8236,21.2835],[-86.8237,21.2835],[-86.8238,21.2836],[-86.8239,21.2836],[-86.8239,21.2836],[-86.824,21.2837],[-86.824,21.2837],[-86.8241,21.2841],[-86.8241,21.2841],[-86.8241,21.2842],[-86.8237,21.2845],[-86.8237,21.2846],[-86.8233,21.2847],[-86.8232,21.2848],[-86.8229,21.2847],[-86.8228,21.2847],[-86.8224,21.2845],[-86.8218,21.2842],[-86.8209,21.2842],[-86.8209,21.2842],[-86.8207,21.2843],[-86.8207,21.2843],[-86.8205,21.2844],[-86.8203,21.2848],[-86.8204,21.285],[-86.8204,21.2851],[-86.8205,21.2851],[-86.8207,21.2855],[-86.8208,21.2858],[-86.821,21.286],[-86.8212,21.286],[-86.8214,21.286],[-86.8215,21.2859],[-86.8215,21.2859],[-86.8214,21.2857],[-86.8212,21.2853],[-86.8211,21.2851],[-86.821,21.2851],[-86.8209,21.2851],[-86.8208,21.285],[-86.8208,21.2849],[-86.8208,21.2849],[-86.821,21.2847],[-86.8211,21.2847],[-86.8215,21.2845],[-86.8216,21.2845],[-86.8217,21.2845],[-86.8218,21.2845],[-86.8219,21.2846],[-86.822,21.2846],[-86.8223,21.2848],[-86.8224,21.2849],[-86.823,21.2852],[-86.8236,21.2855],[-86.8238,21.2856],[-86.8241,21.2858],[-86.8246,21.2862],[-86.8247,21.2863],[-86.8248,21.2864],[-86.8248,21.2865],[-86.8248,21.2865],[-86.8248,21.2866],[-86.8247,21.287],[-86.8247,21.2871],[-86.8246,21.2873],[-86.8245,21.2873],[-86.8245,21.2877],[-86.8246,21.2877],[-86.8246,21.2877],[-86.8246,21.2879],[-86.8246,21.2879],[-86.8245,21.2879],[-86.8243,21.2879],[-86.8243,21.2879],[-86.8241,21.2879],[-86.8233,21.2877],[-86.8232,21.2877],[-86.8232,21.2877],[-86.8232,21.2877],[-86.8231,21.2877],[-86.8231,21.2878],[-86.8231,21.2878],[-86.8231,21.2878],[-86.8233,21.2882],[-86.8234,21.2884],[-86.8237,21.2887],[-86.8238,21.2888],[-86.8236,21.289],[-86.8234,21.2893],[-86.8236,21.2896],[-86.8237,21.2897],[-86.8237,21.2897],[-86.8237,21.2897],[-86.8239,21.2897],[-86.8246,21.2895],[-86.8247,21.2897],[-86.825,21.2909],[-86.825,21.2911],[-86.8252,21.2919],[-86.8254,21.2926],[-86.8254,21.2926],[-86.8254,21.2929],[-86.8253,21.2932],[-86.8251,21.2935],[-86.825,21.2935],[-86.8249,21.2938],[-86.8249,21.2939],[-86.825,21.2943],[-86.8251,21.2947],[-86.8252,21.2948],[-86.8254,21.2954],[-86.8257,21.2959],[-86.8258,21.2962],[-86.8258,21.2965],[-86.8259,21.2971],[-86.8258,21.2973],[-86.8258,21.2974],[-86.8262,21.2971],[-86.8266,21.2961],[-86.8268,21.2951],[-86.8272,21.295],[-86.8272,21.2952],[-86.8273,21.2954],[-86.8274,21.2955],[-86.8274,21.2958],[-86.8274,21.2963],[-86.8272,21.2967],[-86.8273,21.2974],[-86.8265,21.2982],[-86.8263,21.2992],[-86.8255,21.3004],[-86.8254,21.3004],[-86.8254,21.3004],[-86.8244,21.3016],[-86.8238,21.3025],[-86.8233,21.3034],[-86.8226,21.3049],[-86.8223,21.3053],[-86.8223,21.3059],[-86.8223,21.3065],[-86.8221,21.307],[-86.8221,21.3074],[-86.8222,21.3075],[-86.8222,21.3075],[-86.8225,21.3075],[-86.8226,21.3075],[-86.8227,21.3074],[-86.8228,21.3074],[-86.8229,21.3074],[-86.823,21.3075],[-86.823,21.3075],[-86.8231,21.3076],[-86.8231,21.3077],[-86.8231,21.3079],[-86.823,21.308],[-86.8228,21.3083],[-86.8229,21.3086],[-86.823,21.3091],[-86.8229,21.3095],[-86.8229,21.3099],[-86.8229,21.3102],[-86.8229,21.3106],[-86.8228,21.3114],[-86.8227,21.3119],[-86.8226,21.3119],[-86.8226,21.312],[-86.8225,21.3122],[-86.8224,21.3123],[-86.8224,21.3125],[-86.8224,21.3126],[-86.8225,21.3126],[-86.8225,21.3127],[-86.8225,21.3127],[-86.8225,21.3127],[-86.8226,21.3128],[-86.8226,21.3128],[-86.8225,21.3129],[-86.8225,21.3129],[-86.8224,21.3131],[-86.8224,21.3131],[-86.8223,21.3132],[-86.8223,21.3132],[-86.8222,21.3132],[-86.8222,21.3132],[-86.8221,21.3132],[-86.8221,21.3133],[-86.822,21.3136],[-86.822,21.3137],[-86.822,21.3141],[-86.8218,21.3144],[-86.8219,21.3146],[-86.8219,21.3149],[-86.8217,21.3151],[-86.8213,21.316],[-86.8211,21.3161],[-86.821,21.3163],[-86.8209,21.3163],[-86.8209,21.3164],[-86.8208,21.3165],[-86.8207,21.3166],[-86.8206,21.3166],[-86.8206,21.3167],[-86.8206,21.3168],[-86.8206,21.3168],[-86.8206,21.3168],[-86.8206,21.3169],[-86.8205,21.3169],[-86.8205,21.3171],[-86.8204,21.3171],[-86.8204,21.3172],[-86.8204,21.3172],[-86.8201,21.3173],[-86.82,21.3173],[-86.82,21.3173],[-86.8195,21.3176],[-86.8188,21.318],[-86.8187,21.3181],[-86.8185,21.3182],[-86.8185,21.3183],[-86.8183,21.3185],[-86.8182,21.3186],[-86.818,21.3187],[-86.8178,21.3189],[-86.8175,21.319],[-86.8175,21.3191],[-86.8174,21.3191],[-86.8172,21.3191],[-86.8172,21.3191],[-86.8171,21.3191],[-86.8171,21.3191],[-86.8163,21.3194],[-86.8156,21.3196],[-86.8156,21.3196],[-86.8155,21.3197],[-86.8153,21.3197],[-86.8153,21.3198],[-86.8152,21.3199],[-86.815,21.32],[-86.8149,21.3202],[-86.8143,21.3207],[-86.8137,21.321],[-86.8136,21.321],[-86.8134,21.3211],[-86.8134,21.3211],[-86.8133,21.3212],[-86.8123,21.3211],[-86.8111,21.321],[-86.811,21.321],[-86.8109,21.321],[-86.8108,21.321],[-86.8096,21.3216],[-86.8096,21.3216],[-86.8092,21.3219],[-86.8087,21.3223],[-86.8085,21.3226],[-86.808,21.323],[-86.8079,21.323],[-86.8079,21.323],[-86.8078,21.323],[-86.8076,21.3232],[-86.8076,21.3233],[-86.8076,21.3233],[-86.8075,21.3234],[-86.8072,21.3236],[-86.8067,21.3237],[-86.8065,21.3237],[-86.8065,21.3237],[-86.8061,21.3238],[-86.8059,21.3238],[-86.8057,21.3238],[-86.8055,21.3239],[-86.8049,21.3242],[-86.8044,21.3245],[-86.8042,21.3245],[-86.8041,21.3245],[-86.8041,21.3246],[-86.804,21.3247],[-86.804,21.3248],[-86.804,21.3248],[-86.804,21.3249],[-86.804,21.3249],[-86.804,21.3249],[-86.8039,21.3249],[-86.8038,21.325],[-86.8037,21.325],[-86.8036,21.325],[-86.8035,21.325],[-86.8034,21.3251],[-86.803,21.3252],[-86.8029,21.3253],[-86.8028,21.3253],[-86.8028,21.3253],[-86.8028,21.3255],[-86.8028,21.3255],[-86.8027,21.3255],[-86.8025,21.3256],[-86.8024,21.3257],[-86.8023,21.3256],[-86.8023,21.3256],[-86.8021,21.3258],[-86.802,21.3261],[-86.8019,21.3264],[-86.8015,21.3268],[-86.8008,21.3273],[-86.8001,21.3277],[-86.7996,21.3281],[-86.799,21.3288],[-86.7987,21.3294],[-86.7986,21.3297],[-86.7986,21.3299],[-86.7987,21.33],[-86.7991,21.3303],[-86.7993,21.3304],[-86.7991,21.3305],[-86.7988,21.3307],[-86.7986,21.3309],[-86.7984,21.3311],[-86.7983,21.3311],[-86.7982,21.3312],[-86.798,21.3312],[-86.7979,21.3311],[-86.7978,21.3314],[-86.7975,21.3321],[-86.7973,21.3325],[-86.7973,21.3327],[-86.7974,21.3336],[-86.7975,21.334],[-86.7977,21.3343],[-86.7977,21.3343],[-86.7976,21.3343],[-86.7975,21.3345],[-86.7975,21.3345],[-86.7974,21.3345],[-86.7974,21.3346],[-86.7973,21.3346],[-86.7972,21.3347],[-86.7972,21.3347],[-86.7971,21.3346],[-86.797,21.3346],[-86.7969,21.3347],[-86.7966,21.3348],[-86.7965,21.3348],[-86.7965,21.3349],[-86.7966,21.3349],[-86.7966,21.3349],[-86.7966,21.3349],[-86.7971,21.3355],[-86.7971,21.3355],[-86.7971,21.3356],[-86.7971,21.3356],[-86.7967,21.3355],[-86.7966,21.3355],[-86.7966,21.3354],[-86.7966,21.3354],[-86.7966,21.3353],[-86.7967,21.3352],[-86.7967,21.3351],[-86.7966,21.3351],[-86.7965,21.3349],[-86.7964,21.335],[-86.7964,21.3352],[-86.7963,21.3355],[-86.7961,21.3357],[-86.796,21.3358],[-86.796,21.3358],[-86.7959,21.3359],[-86.7957,21.3363],[-86.7955,21.3368],[-86.7955,21.3369],[-86.7955,21.337],[-86.7955,21.3371],[-86.7955,21.3371],[-86.7956,21.3374],[-86.7957,21.3375],[-86.7958,21.3375],[-86.7959,21.3375],[-86.796,21.3375],[-86.7961,21.3375],[-86.7962,21.3376],[-86.7964,21.3378],[-86.7964,21.3378],[-86.7964,21.3379],[-86.7961,21.3379],[-86.7961,21.338],[-86.7959,21.3379],[-86.7956,21.338],[-86.7948,21.3382],[-86.7945,21.3388],[-86.7944,21.3396],[-86.7944,21.3397],[-86.7943,21.3399],[-86.7943,21.3399],[-86.7941,21.34],[-86.7941,21.3401],[-86.7941,21.3405],[-86.7943,21.3407],[-86.7942,21.3411],[-86.7941,21.3413],[-86.7942,21.3413],[-86.7942,21.3413],[-86.7943,21.3414],[-86.7943,21.3414],[-86.7941,21.3416],[-86.7936,21.3421],[-86.7932,21.3423],[-86.7929,21.3421],[-86.7928,21.3421],[-86.7928,21.3421],[-86.7926,21.3422],[-86.7926,21.3423],[-86.7926,21.3423],[-86.7926,21.3423],[-86.7925,21.3424],[-86.7926,21.3425],[-86.7926,21.3425],[-86.7926,21.3433],[-86.7927,21.3445],[-86.7927,21.3451],[-86.7929,21.3457],[-86.7966,21.3479],[-86.7953,21.3503],[-86.7955,21.3585],[-86.7944,21.3597],[-86.7942,21.36],[-86.7945,21.3602],[-86.7953,21.3607],[-86.7964,21.3636],[-86.7949,21.3655],[-86.7951,21.3661],[-86.7953,21.3665],[-86.7971,21.3706],[-86.7986,21.3717],[-86.7992,21.3724],[-86.8005,21.3739],[-86.8011,21.374],[-86.804,21.3742],[-86.8057,21.3752],[-86.8062,21.3765],[-86.8061,21.3781],[-86.8053,21.3791],[-86.8041,21.3797],[-86.8044,21.3808],[-86.8045,21.3819],[-86.8047,21.3829],[-86.805,21.3833],[-86.8052,21.3835],[-86.8055,21.3837],[-86.8056,21.3838],[-86.8056,21.3838],[-86.8056,21.3839],[-86.8057,21.3839],[-86.8057,21.3841],[-86.8057,21.3842],[-86.8059,21.3846],[-86.806,21.3847],[-86.806,21.3847],[-86.806,21.3848],[-86.8061,21.3851],[-86.8061,21.3852],[-86.8061,21.3852],[-86.806,21.3852],[-86.806,21.3852],[-86.8067,21.3862],[-86.8085,21.3884],[-86.8104,21.3899],[-86.8122,21.3906],[-86.8128,21.3918],[-86.8119,21.3924],[-86.8119,21.3924],[-86.8121,21.3923],[-86.8122,21.3923],[-86.8124,21.3924],[-86.8126,21.3924],[-86.8127,21.3924],[-86.8127,21.3925],[-86.8128,21.3925],[-86.8131,21.3928],[-86.8131,21.3928],[-86.8132,21.3928],[-86.8132,21.3928],[-86.8133,21.3928],[-86.8134,21.3929],[-86.8135,21.3929],[-86.8135,21.393],[-86.8135,21.3931],[-86.8134,21.3932],[-86.8134,21.3932],[-86.8134,21.3933],[-86.8132,21.3935],[-86.8132,21.3935],[-86.8131,21.3936],[-86.813,21.3938],[-86.8127,21.394],[-86.8126,21.394],[-86.8126,21.3941],[-86.8125,21.3941],[-86.8125,21.3942],[-86.8125,21.3942],[-86.8123,21.3944],[-86.8123,21.3945],[-86.8121,21.3949],[-86.812,21.3952],[-86.8119,21.3954],[-86.8117,21.396],[-86.8113,21.3966],[-86.8112,21.3967],[-86.8112,21.3968],[-86.8111,21.3968],[-86.8111,21.3968],[-86.811,21.3969],[-86.8109,21.3969],[-86.8109,21.3969],[-86.8108,21.3969],[-86.8108,21.3969],[-86.8107,21.3969],[-86.8106,21.3968],[-86.81,21.3975],[-86.8101,21.3986],[-86.8114,21.3996],[-86.8137,21.3998],[-86.814,21.4007],[-86.8158,21.4008],[-86.8163,21.4019],[-86.8181,21.4034],[-86.8176,21.4039],[-86.8176,21.404],[-86.8184,21.4043],[-86.8189,21.4044],[-86.8213,21.4045],[-86.8216,21.4048],[-86.8221,21.4047],[-86.8222,21.4047],[-86.8222,21.4047],[-86.8223,21.4047],[-86.8223,21.4047],[-86.8224,21.4047],[-86.8225,21.4048],[-86.8225,21.4048],[-86.8225,21.4049],[-86.823,21.4054],[-86.8232,21.4055],[-86.8232,21.4056],[-86.8233,21.4056],[-86.8233,21.4057],[-86.8233,21.4058],[-86.8234,21.4062],[-86.8235,21.4066],[-86.8234,21.4068],[-86.8234,21.4069],[-86.8233,21.4069],[-86.8233,21.407],[-86.8233,21.407],[-86.8225,21.4078],[-86.8224,21.4079],[-86.8223,21.408],[-86.8222,21.4081],[-86.822,21.4082],[-86.8219,21.4083],[-86.8218,21.4083],[-86.8218,21.4083],[-86.8218,21.4083],[-86.8217,21.4083],[-86.8217,21.4083],[-86.8212,21.4087],[-86.8211,21.4088],[-86.8211,21.4088],[-86.821,21.4088],[-86.821,21.4088],[-86.8209,21.4088],[-86.8209,21.4088],[-86.8209,21.4088],[-86.8209,21.4087],[-86.8209,21.4087],[-86.8209,21.4085],[-86.8209,21.4084],[-86.8208,21.4085],[-86.8206,21.4086],[-86.8208,21.4091],[-86.8208,21.4092],[-86.8208,21.4092],[-86.8212,21.4093],[-86.8213,21.4092],[-86.8215,21.4091],[-86.8215,21.4091],[-86.8217,21.409],[-86.8218,21.409],[-86.8219,21.409],[-86.822,21.409],[-86.8226,21.4091],[-86.8232,21.4094],[-86.8234,21.4094],[-86.8238,21.4094],[-86.8239,21.4094],[-86.8239,21.4093],[-86.824,21.4093],[-86.8242,21.4093],[-86.8243,21.4094],[-86.8244,21.4094],[-86.8246,21.4094],[-86.8248,21.4095],[-86.8248,21.4095],[-86.8249,21.4095],[-86.825,21.4096],[-86.825,21.4097],[-86.8251,21.4097],[-86.8251,21.4097],[-86.8251,21.4098],[-86.8252,21.4099],[-86.8252,21.41],[-86.8254,21.4101],[-86.8265,21.4097],[-86.8277,21.4114],[-86.8279,21.413],[-86.8271,21.4139],[-86.8267,21.4145],[-86.8267,21.4146],[-86.8269,21.4157],[-86.8253,21.4164],[-86.8246,21.4167],[-86.8245,21.4168],[-86.8244,21.4173],[-86.8243,21.4177],[-86.8243,21.4179],[-86.8242,21.4183],[-86.8242,21.4185],[-86.8236,21.4199],[-86.8221,21.4201],[-86.8201,21.4188],[-86.8184,21.4171],[-86.8153,21.414],[-86.8151,21.4139],[-86.8151,21.414],[-86.815,21.4141],[-86.815,21.4141],[-86.815,21.4141],[-86.8149,21.4142],[-86.8146,21.4143],[-86.8146,21.4143],[-86.8145,21.4143],[-86.8142,21.4146],[-86.812,21.4138],[-86.8098,21.4129],[-86.8052,21.4089],[-86.804,21.4049],[-86.8039,21.4],[-86.8031,21.3978],[-86.802,21.3952],[-86.8012,21.3928],[-86.8003,21.3909],[-86.7992,21.3888],[-86.7977,21.3873],[-86.797,21.3869],[-86.796,21.3864],[-86.7959,21.3864],[-86.7953,21.386],[-86.7951,21.3859],[-86.7948,21.3862],[-86.7946,21.3864],[-86.7957,21.3868],[-86.796,21.3874],[-86.7966,21.3874],[-86.797,21.3877],[-86.7973,21.388],[-86.7979,21.3882],[-86.7983,21.3886],[-86.7975,21.3888],[-86.7959,21.3892],[-86.7953,21.3886],[-86.7949,21.3884],[-86.7944,21.3882],[-86.7944,21.389],[-86.7949,21.3903],[-86.7956,21.391],[-86.7954,21.3916],[-86.796,21.3924],[-86.7967,21.3923],[-86.797,21.3925],[-86.797,21.3929],[-86.797,21.3936],[-86.7969,21.394],[-86.7974,21.394],[-86.7978,21.3941],[-86.7983,21.3944],[-86.7977,21.3947],[-86.7967,21.3946],[-86.7966,21.3947],[-86.7966,21.3952],[-86.7968,21.3958],[-86.797,21.3962],[-86.797,21.3962],[-86.7971,21.3962],[-86.7971,21.3962],[-86.7974,21.3963],[-86.7975,21.3965],[-86.7974,21.3966],[-86.7974,21.3967],[-86.7975,21.3968],[-86.7975,21.397],[-86.7976,21.3971],[-86.7977,21.3972],[-86.7977,21.3972],[-86.798,21.3976],[-86.7981,21.3981],[-86.7981,21.3981],[-86.7982,21.3982],[-86.7983,21.3983],[-86.7983,21.3983],[-86.7984,21.3983],[-86.7985,21.3986],[-86.7985,21.3989],[-86.7984,21.3991],[-86.7985,21.3995],[-86.7986,21.3998],[-86.7987,21.4],[-86.7989,21.4001],[-86.799,21.4001],[-86.7991,21.4002],[-86.7992,21.4003],[-86.7992,21.4003],[-86.7992,21.4003],[-86.7991,21.4004],[-86.7989,21.4004],[-86.7989,21.4005],[-86.7988,21.4006],[-86.7988,21.4006],[-86.7989,21.4007],[-86.7989,21.4008],[-86.7991,21.4016],[-86.7992,21.4017],[-86.7997,21.402],[-86.7997,21.402],[-86.7998,21.402],[-86.7999,21.4021],[-86.7999,21.4024],[-86.7998,21.4024],[-86.7999,21.4029],[-86.7999,21.403],[-86.7999,21.4031],[-86.7995,21.404],[-86.7994,21.4042],[-86.7992,21.4042],[-86.7991,21.4042],[-86.7991,21.4042],[-86.7991,21.4041],[-86.799,21.404],[-86.7985,21.4041],[-86.7984,21.4042],[-86.7984,21.4043],[-86.7983,21.4044],[-86.7983,21.4045],[-86.7983,21.4046],[-86.7983,21.4047],[-86.7984,21.4047],[-86.7985,21.405],[-86.7985,21.4052],[-86.7985,21.4054],[-86.7984,21.4059],[-86.7984,21.4063],[-86.7984,21.4064],[-86.7985,21.4064],[-86.7985,21.4065],[-86.7985,21.4068],[-86.7985,21.4068],[-86.7983,21.4069],[-86.7983,21.4069],[-86.7982,21.407],[-86.7982,21.4071],[-86.7982,21.4071],[-86.7982,21.4073],[-86.7983,21.4073],[-86.7985,21.4073],[-86.7985,21.4073],[-86.7986,21.4072],[-86.7986,21.4072],[-86.799,21.4068],[-86.7991,21.4067],[-86.7991,21.4067],[-86.7988,21.4071],[-86.7987,21.4072],[-86.7987,21.4073],[-86.7987,21.4073],[-86.7984,21.4075],[-86.7976,21.4081],[-86.797,21.4085],[-86.7969,21.4086],[-86.7969,21.4086],[-86.7968,21.4087],[-86.7968,21.4087],[-86.7968,21.4088],[-86.7967,21.4088],[-86.7967,21.4089],[-86.7966,21.4089],[-86.7966,21.409],[-86.7967,21.4091],[-86.7968,21.4092],[-86.7964,21.4096],[-86.7964,21.4096],[-86.7964,21.4096],[-86.7963,21.4097],[-86.7963,21.4097],[-86.7963,21.4098],[-86.7963,21.4098],[-86.7963,21.4098],[-86.7967,21.4098],[-86.7968,21.4098],[-86.7969,21.4097],[-86.7971,21.4094],[-86.7971,21.4098],[-86.797,21.4099],[-86.797,21.4099],[-86.797,21.41],[-86.797,21.4101],[-86.797,21.4101],[-86.7971,21.4101],[-86.7975,21.41],[-86.7976,21.4099],[-86.7977,21.4099],[-86.7978,21.4099],[-86.798,21.41],[-86.798,21.41],[-86.7981,21.4101],[-86.798,21.4102],[-86.798,21.4103],[-86.798,21.4103],[-86.7979,21.4104],[-86.7979,21.4105],[-86.7977,21.4106],[-86.7976,21.4106],[-86.7975,21.4106],[-86.7974,21.4106],[-86.797,21.4107],[-86.7969,21.4107],[-86.7968,21.4108],[-86.7966,21.4108],[-86.7966,21.4109],[-86.7963,21.4109],[-86.7963,21.411],[-86.7964,21.4111],[-86.7965,21.4115],[-86.7966,21.4116],[-86.7967,21.4116],[-86.7972,21.4116],[-86.7979,21.4115],[-86.7982,21.4115],[-86.7985,21.4113],[-86.7986,21.4113],[-86.7988,21.4114],[-86.7988,21.4114],[-86.7987,21.4117],[-86.7989,21.4116],[-86.7991,21.4118],[-86.7992,21.4119],[-86.7996,21.4119],[-86.8002,21.4117],[-86.8009,21.4119],[-86.8011,21.4121],[-86.8013,21.4121],[-86.8013,21.4124],[-86.8009,21.4125],[-86.8005,21.4124],[-86.7999,21.4126],[-86.799,21.4126],[-86.7983,21.4124],[-86.7977,21.4126],[-86.7971,21.4128],[-86.7963,21.4127],[-86.7958,21.4123],[-86.7956,21.4115],[-86.7952,21.4108],[-86.7947,21.4104],[-86.7947,21.4102],[-86.7948,21.4092],[-86.7948,21.409],[-86.7948,21.4088],[-86.7948,21.4087],[-86.7949,21.4079],[-86.7949,21.4072],[-86.7949,21.4068],[-86.7949,21.4063],[-86.7948,21.4059],[-86.7947,21.4055],[-86.7947,21.4053],[-86.7947,21.4051],[-86.7947,21.4048],[-86.7947,21.404],[-86.7947,21.4036],[-86.7947,21.4034],[-86.7947,21.4031],[-86.7947,21.4023],[-86.7947,21.4022],[-86.7937,21.3976],[-86.7934,21.3969],[-86.7918,21.3935],[-86.7898,21.3887],[-86.7897,21.3846],[-86.79,21.3839],[-86.7903,21.3826],[-86.791,21.3794],[-86.7911,21.3764],[-86.7906,21.3712],[-86.7906,21.3698],[-86.7907,21.366],[-86.7905,21.3628],[-86.7905,21.359],[-86.7897,21.3557],[-86.7899,21.3511],[-86.7904,21.3456],[-86.7916,21.3414],[-86.7918,21.3407],[-86.7932,21.3376],[-86.7951,21.333],[-86.7961,21.3306],[-86.7971,21.3286],[-86.7983,21.3262],[-86.7996,21.3251],[-86.8015,21.322],[-86.8025,21.3197],[-86.8042,21.3174],[-86.8067,21.3131],[-86.8075,21.3115],[-86.8083,21.3099],[-86.8103,21.3059],[-86.8116,21.3031],[-86.8114,21.3031],[-86.8114,21.3028],[-86.8117,21.3026],[-86.8117,21.3026],[-86.8115,21.3028],[-86.8114,21.303],[-86.8116,21.3031],[-86.8116,21.303],[-86.812,21.3016],[-86.8127,21.2994],[-86.8131,21.2959],[-86.8139,21.2924],[-86.8151,21.2902],[-86.8157,21.2868],[-86.8159,21.2833],[-86.8155,21.2792],[-86.8149,21.276],[-86.8134,21.2704],[-86.8122,21.2663],[-86.812,21.2655],[-86.811,21.2628],[-86.8101,21.2631],[-86.8097,21.2632],[-86.8097,21.2631],[-86.81,21.2631],[-86.8098,21.2627],[-86.8099,21.2627],[-86.8108,21.2625],[-86.8109,21.2625],[-86.8073,21.2529],[-86.807,21.2513],[-86.8068,21.2505],[-86.8067,21.2503],[-86.8065,21.25],[-86.8065,21.2498],[-86.8064,21.2497],[-86.806,21.2489],[-86.8057,21.2483],[-86.8056,21.2481],[-86.8055,21.248],[-86.8054,21.2477],[-86.8053,21.2474],[-86.8052,21.2471],[-86.8049,21.2464],[-86.8044,21.2454],[-86.8043,21.2451],[-86.8042,21.2449],[-86.8041,21.2448],[-86.8034,21.2434],[-86.8025,21.2422],[-86.802,21.2409],[-86.802,21.2408],[-86.8018,21.2406],[-86.8015,21.2402],[-86.8013,21.2402],[-86.8006,21.2403],[-86.8002,21.2404],[-86.8002,21.2404],[-86.8001,21.2404],[-86.8001,21.2403],[-86.8001,21.2403],[-86.8001,21.2402],[-86.8002,21.2402],[-86.8003,21.2402],[-86.8006,21.2402],[-86.8009,21.2401],[-86.8017,21.24],[-86.8017,21.24],[-86.8016,21.2399],[-86.8015,21.2391],[-86.8014,21.2387],[-86.801,21.2389],[-86.8007,21.239],[-86.7999,21.2393],[-86.7998,21.2392],[-86.7998,21.2392],[-86.7998,21.2391],[-86.7998,21.2391],[-86.7999,21.2391],[-86.801,21.2387],[-86.801,21.2384],[-86.801,21.2377],[-86.8009,21.2376],[-86.801,21.2374],[-86.8011,21.2369],[-86.8011,21.2367],[-86.8011,21.2366],[-86.8011,21.2365],[-86.8012,21.2364],[-86.8012,21.2362],[-86.8011,21.2361],[-86.8011,21.236],[-86.801,21.2359],[-86.8009,21.2358],[-86.8008,21.2358],[-86.8007,21.2358],[-86.8006,21.236],[-86.8006,21.236],[-86.8007,21.2355],[-86.8006,21.2351],[-86.8006,21.2351],[-86.8007,21.2354],[-86.8009,21.2353],[-86.801,21.2353],[-86.801,21.2352],[-86.8012,21.2351],[-86.8012,21.2349],[-86.8013,21.2348],[-86.8013,21.2348],[-86.8013,21.2347],[-86.8013,21.2346],[-86.8013,21.2345],[-86.8013,21.2344],[-86.8012,21.2341],[-86.8012,21.2339],[-86.8011,21.2338],[-86.8007,21.2338],[-86.8007,21.2338],[-86.8007,21.2337],[-86.8001,21.2336],[-86.8,21.2336],[-86.8001,21.2335],[-86.8007,21.2336],[-86.8007,21.2333],[-86.8002,21.2332],[-86.8002,21.2333],[-86.8001,21.2333],[-86.8001,21.2333],[-86.7996,21.2332],[-86.7996,21.2332],[-86.7996,21.2331],[-86.7996,21.2331],[-86.7996,21.2331],[-86.7996,21.2331],[-86.8002,21.2331],[-86.8008,21.2333],[-86.8008,21.2333],[-86.8008,21.2332],[-86.8012,21.2333],[-86.8013,21.233],[-86.8014,21.2329],[-86.8014,21.2327],[-86.8008,21.2325],[-86.8014,21.2327],[-86.8015,21.2324],[-86.8015,21.2324],[-86.8017,21.2318],[-86.8018,21.2309],[-86.802,21.2295],[-86.802,21.2285],[-86.802,21.2284],[-86.802,21.2281],[-86.802,21.2278],[-86.8019,21.2271],[-86.8017,21.2258],[-86.801,21.2259],[-86.8009,21.2258],[-86.8009,21.2257],[-86.801,21.2259],[-86.8017,21.2258],[-86.8017,21.2252],[-86.8018,21.2248],[-86.8018,21.2245],[-86.8017,21.2244],[-86.8016,21.2245],[-86.8016,21.2246],[-86.8015,21.2246],[-86.8011,21.2247],[-86.8011,21.2246],[-86.8011,21.2246],[-86.8011,21.2245],[-86.8014,21.2244],[-86.8015,21.2243],[-86.8014,21.2243],[-86.8012,21.2243],[-86.8012,21.2243],[-86.8015,21.2242],[-86.8017,21.2242],[-86.8017,21.2235],[-86.8017,21.2235],[-86.8017,21.2231],[-86.8017,21.2229],[-86.8017,21.2226],[-86.8017,21.2225],[-86.8017,21.2224],[-86.8015,21.2224],[-86.8013,21.2224],[-86.8013,21.2223],[-86.8015,21.2223],[-86.8015,21.2224],[-86.8017,21.2223],[-86.8017,21.2221],[-86.8017,21.2219],[-86.8014,21.222],[-86.8014,21.2219],[-86.8017,21.2219],[-86.8017,21.2215],[-86.8017,21.2214],[-86.8017,21.2207],[-86.8017,21.2207],[-86.8017,21.2206],[-86.8017,21.2206],[-86.8017,21.2205],[-86.8017,21.2204],[-86.8013,21.2204],[-86.8013,21.2204],[-86.8017,21.2203],[-86.8016,21.219],[-86.8016,21.2188],[-86.8016,21.2187],[-86.8014,21.2185],[-86.8013,21.2185],[-86.801,21.2186],[-86.8007,21.2186],[-86.8007,21.2186],[-86.801,21.2185],[-86.8014,21.2185],[-86.8014,21.2185],[-86.8014,21.2183],[-86.8015,21.2173],[-86.8013,21.2169],[-86.8013,21.2169],[-86.8012,21.2165],[-86.8012,21.2165],[-86.8012,21.2164],[-86.8012,21.2164],[-86.8011,21.2159],[-86.801,21.2157],[-86.801,21.2155],[-86.801,21.2148],[-86.801,21.2146],[-86.801,21.2143],[-86.801,21.2143],[-86.8009,21.2142],[-86.8009,21.2142],[-86.8008,21.2141],[-86.8008,21.2141],[-86.8007,21.2141],[-86.8007,21.2141],[-86.8007,21.2141],[-86.8007,21.214],[-86.8007,21.2138],[-86.8007,21.2135],[-86.8015,21.2124],[-86.8015,21.2124],[-86.8012,21.2122],[-86.8012,21.2122],[-86.8013,21.2122],[-86.8013,21.2122],[-86.8012,21.2122],[-86.8015,21.2124],[-86.8015,21.2124],[-86.8018,21.2121],[-86.8018,21.212],[-86.8024,21.212],[-86.8315,21.212],[-86.8392,21.212],[-86.8392,21.212],[-86.8392,21.212],[-86.8392,21.2121],[-86.8396,21.213],[-86.8396,21.213],[-86.8396,21.213],[-86.8401,21.2128],[-86.8404,21.2126],[-86.8405,21.2126],[-86.8409,21.2124],[-86.8412,21.2123],[-86.8413,21.2123],[-86.8416,21.2121],[-86.8421,21.2119],[-86.8425,21.2117],[-86.843,21.2115],[-86.843,21.2115],[-86.843,21.2115],[-86.8429,21.211],[-86.8429,21.211],[-86.8429,21.211],[-86.8431,21.211],[-86.8435,21.2109],[-86.844,21.2109],[-86.8446,21.2108],[-86.8446,21.2108],[-86.8449,21.2107],[-86.845,21.2107],[-86.845,21.2107],[-86.8455,21.2106],[-86.846,21.2105],[-86.8465,21.2105],[-86.8469,21.2104],[-86.8469,21.2104],[-86.847,21.2104],[-86.847,21.2104],[-86.8477,21.2115],[-86.848,21.212],[-86.848,21.212],[-86.848,21.212],[-86.848,21.212],[-86.848,21.212],[-86.8584,21.212],[-86.8607,21.212],[-86.866,21.212],[-86.8651,21.2101],[-86.9145,21.2101],[-86.9146,21.212],[-86.9781,21.212],[-86.9781,21.2172],[-86.9975,21.2172],[-86.9975,21.212],[-87.0918,21.212],[-87.0972,21.212],[-87.0972,21.2121],[-87.0972,21.23],[-87.0972,21.362],[-87.0972,21.362],[-87.1019,21.3623],[-87.1058,21.3625],[-87.1058,21.4967],[-87.1058,21.5246],[-87.1058,21.5253],[-87.1055,21.5253],[-87.105,21.5253],[-87.1047,21.5256],[-87.1041,21.5258],[-87.1036,21.5258],[-87.1026,21.5259],[-87.1022,21.5263],[-87.1019,21.5268],[-87.1017,21.5275],[-87.1013,21.5277],[-87.1008,21.5276],[-87.1004,21.5278],[-87.1001,21.5283],[-87.1,21.5287],[-87.0999,21.5294],[-87.0999,21.5299],[-87.0997,21.5303],[-87.0996,21.5305],[-87.0994,21.5315],[-87.0993,21.5316],[-87.0993,21.5318],[-87.0992,21.5319],[-87.0992,21.532],[-87.0992,21.5321],[-87.0991,21.5323],[-87.0991,21.5326],[-87.0991,21.5326],[-87.0993,21.5329],[-87.0997,21.5336],[-87.0999,21.534],[-87.1005,21.5348],[-87.1006,21.5348],[-87.1008,21.5349],[-87.1009,21.535],[-87.101,21.535],[-87.1014,21.5355],[-87.1014,21.5357],[-87.1015,21.5357],[-87.1016,21.5359],[-87.1015,21.5366],[-87.1011,21.5371],[-87.1011,21.5376],[-87.1013,21.5382],[-87.1014,21.5385],[-87.1017,21.5388],[-87.1021,21.539],[-87.1023,21.539],[-87.1024,21.539],[-87.1026,21.5391],[-87.1026,21.5391],[-87.1027,21.5391],[-87.1027,21.5392],[-87.1027,21.5393],[-87.1027,21.5393],[-87.1026,21.5394],[-87.1026,21.5394],[-87.1026,21.5394],[-87.1028,21.5398],[-87.1029,21.5402],[-87.1031,21.5406],[-87.103,21.541],[-87.1026,21.5414],[-87.1025,21.5415],[-87.1025,21.5417],[-87.1025,21.5421],[-87.1028,21.5425],[-87.1029,21.5427],[-87.1031,21.5429],[-87.103,21.5433],[-87.1028,21.5434],[-87.1027,21.5434],[-87.1028,21.5437],[-87.1028,21.5438],[-87.1029,21.5442],[-87.1031,21.5447],[-87.1032,21.5449],[-87.1032,21.5453],[-87.1032,21.5454],[-87.1035,21.5457],[-87.104,21.5461],[-87.1042,21.5464],[-87.1043,21.5465],[-87.1047,21.5468],[-87.1048,21.5469],[-87.105,21.5469],[-87.105,21.5469],[-87.1052,21.5469],[-87.1052,21.5468],[-87.1052,21.5468],[-87.1053,21.5468],[-87.1053,21.5468],[-87.1055,21.5468],[-87.1057,21.5468],[-87.1057,21.5468],[-87.1057,21.5469],[-87.1058,21.547],[-87.1058,21.5471],[-87.1058,21.578],[-87.1053,21.5784],[-87.1046,21.5788],[-87.104,21.58],[-87.1034,21.5811],[-87.1033,21.5815],[-87.1032,21.5824],[-87.1032,21.5831],[-87.1031,21.5833],[-87.1015,21.585],[-87.1006,21.5843],[-87.0992,21.5835],[-87.0987,21.583],[-87.0974,21.5829],[-87.0963,21.5832],[-87.0954,21.5833],[-87.0951,21.5833],[-87.095,21.5833],[-87.0939,21.584],[-87.0938,21.584],[-87.0939,21.584],[-87.0942,21.5846],[-87.0947,21.5857],[-87.0943,21.586],[-87.0947,21.5883],[-87.0935,21.5884],[-87.093,21.5888],[-87.0928,21.589],[-87.0924,21.5893],[-87.0913,21.5893],[-87.0908,21.5893],[-87.0907,21.5894],[-87.0896,21.5895],[-87.0875,21.5892],[-87.0857,21.5894]]],[[[-87.034,21.5858],[-87.0337,21.5855],[-87.0325,21.5854],[-87.0309,21.5852],[-87.0304,21.5853],[-87.0298,21.5851],[-87.0295,21.5847],[-87.0293,21.5844],[-87.0282,21.584],[-87.0279,21.5838],[-87.0275,21.5837],[-87.0268,21.5839],[-87.0266,21.5839],[-87.0257,21.5839],[-87.0253,21.5839],[-87.0247,21.5837],[-87.0242,21.5835],[-87.0239,21.5833],[-87.0233,21.5829],[-87.0226,21.5824],[-87.0218,21.582],[-87.0207,21.5816],[-87.0202,21.5815],[-87.0195,21.5813],[-87.0189,21.5813],[-87.0186,21.5806],[-87.0164,21.5797],[-87.0157,21.5789],[-87.0155,21.5787],[-87.0148,21.5786],[-87.0146,21.5786],[-87.0141,21.5784],[-87.0136,21.5778],[-87.0133,21.5776],[-87.0133,21.5775],[-87.0126,21.5769],[-87.0118,21.5765],[-87.0115,21.5763],[-87.011,21.5761],[-87.0101,21.576],[-87.0095,21.5752],[-87.0092,21.575],[-87.0086,21.5749],[-87.0077,21.5748],[-87.0072,21.5746],[-87.0068,21.5742],[-87.0065,21.5739],[-87.0059,21.5738],[-87.0051,21.5737],[-87.0046,21.5736],[-87.0043,21.573],[-87.0038,21.5726],[-87.003,21.5723],[-87.0018,21.5721],[-87.0,21.5714],[-86.9989,21.5707],[-86.9966,21.5689],[-86.9925,21.5657],[-86.9923,21.5646],[-86.9925,21.564],[-86.9957,21.5638],[-86.9964,21.5643],[-86.9971,21.5652],[-86.9973,21.566],[-86.9984,21.566],[-86.9993,21.5676],[-86.9988,21.568],[-86.9986,21.5685],[-86.999,21.5692],[-86.9999,21.5691],[-87.0008,21.5692],[-87.0013,21.5699],[-87.0014,21.5704],[-87.0023,21.5704],[-87.0033,21.5702],[-87.0045,21.5698],[-87.0056,21.5694],[-87.0065,21.5688],[-87.0072,21.5684],[-87.008,21.5688],[-87.0086,21.5691],[-87.0088,21.5701],[-87.0088,21.5706],[-87.0093,21.5708],[-87.0095,21.5713],[-87.0098,21.5711],[-87.0099,21.5706],[-87.01,21.5693],[-87.011,21.5693],[-87.012,21.5695],[-87.0129,21.5696],[-87.0138,21.5696],[-87.0145,21.5698],[-87.015,21.5701],[-87.0154,21.5705],[-87.0159,21.5709],[-87.016,21.5713],[-87.0166,21.5713],[-87.0169,21.5718],[-87.0172,21.5724],[-87.0171,21.5728],[-87.017,21.573],[-87.0173,21.5735],[-87.0171,21.5738],[-87.0169,21.5736],[-87.0164,21.5739],[-87.0164,21.5742],[-87.016,21.5743],[-87.0156,21.5744],[-87.0151,21.5746],[-87.0146,21.5744],[-87.0144,21.5747],[-87.0156,21.5748],[-87.0166,21.5746],[-87.0172,21.5745],[-87.0174,21.5748],[-87.0181,21.5748],[-87.0186,21.5754],[-87.0195,21.5756],[-87.0198,21.5759],[-87.0202,21.576],[-87.021,21.5763],[-87.0213,21.5767],[-87.0213,21.5774],[-87.0216,21.5777],[-87.0217,21.5783],[-87.0224,21.5787],[-87.0229,21.5791],[-87.0227,21.5798],[-87.0231,21.5802],[-87.0236,21.58],[-87.0242,21.5803],[-87.0251,21.5797],[-87.0254,21.5789],[-87.0262,21.5786],[-87.0271,21.5781],[-87.0282,21.5781],[-87.0291,21.5783],[-87.0295,21.5783],[-87.0297,21.5778],[-87.0298,21.5777],[-87.0299,21.577],[-87.0296,21.5762],[-87.0292,21.5759],[-87.0293,21.5755],[-87.0297,21.5754],[-87.0297,21.5745],[-87.0303,21.5746],[-87.0304,21.5753],[-87.0306,21.5756],[-87.0306,21.5761],[-87.0307,21.5764],[-87.0315,21.5761],[-87.0316,21.5764],[-87.0314,21.5766],[-87.0317,21.5772],[-87.0319,21.5778],[-87.0315,21.5781],[-87.0311,21.5783],[-87.031,21.5789],[-87.0313,21.5791],[-87.0319,21.5789],[-87.0322,21.5789],[-87.0324,21.5782],[-87.0339,21.5783],[-87.0339,21.5793],[-87.0345,21.5797],[-87.0348,21.5803],[-87.0354,21.581],[-87.0355,21.5816],[-87.0354,21.582],[-87.0354,21.5825],[-87.0353,21.583],[-87.0353,21.5838],[-87.0358,21.584],[-87.0359,21.5844],[-87.0365,21.5844],[-87.0369,21.584],[-87.0381,21.5839],[-87.0385,21.5841],[-87.0393,21.5841],[-87.0399,21.5837],[-87.0405,21.5835],[-87.0413,21.5834],[-87.0418,21.5837],[-87.042,21.5841],[-87.0421,21.5847],[-87.0418,21.5849],[-87.0417,21.5852],[-87.0419,21.5854],[-87.0419,21.5858],[-87.0417,21.5859],[-87.0407,21.5865],[-87.04,21.5865],[-87.0393,21.5864],[-87.0388,21.5861],[-87.0381,21.586],[-87.0355,21.5858],[-87.0354,21.586],[-87.0348,21.5861],[-87.034,21.5858]]],[[[-87.1057,21.5981],[-87.1058,21.5979],[-87.1058,21.5996],[-87.1056,21.5998],[-87.1055,21.5994],[-87.1056,21.5985],[-87.1056,21.5984],[-87.1057,21.5981]]],[[[-87.1025,21.6054],[-87.1016,21.6053],[-87.1015,21.6053],[-87.0986,21.6049],[-87.0969,21.6045],[-87.0937,21.6025],[-87.0917,21.6012],[-87.0894,21.5999],[-87.0885,21.5994],[-87.087,21.5984],[-87.0847,21.5976],[-87.0828,21.5969],[-87.08,21.5963],[-87.0777,21.5964],[-87.0757,21.5963],[-87.0735,21.5962],[-87.0718,21.5959],[-87.0696,21.5958],[-87.0679,21.5955],[-87.0664,21.5952],[-87.0648,21.5948],[-87.0645,21.5945],[-87.0638,21.5941],[-87.063,21.594],[-87.0617,21.5935],[-87.0613,21.5935],[-87.0604,21.5931],[-87.0594,21.5931],[-87.0584,21.593],[-87.0575,21.5927],[-87.0563,21.5922],[-87.0555,21.5914],[-87.0546,21.5909],[-87.0534,21.5906],[-87.0522,21.5902],[-87.0506,21.59],[-87.0498,21.5899],[-87.0493,21.5896],[-87.0486,21.5891],[-87.0486,21.589],[-87.0486,21.5889],[-87.0485,21.5889],[-87.0484,21.5888],[-87.0483,21.5887],[-87.0483,21.5887],[-87.0483,21.5887],[-87.0483,21.5886],[-87.0482,21.5884],[-87.0481,21.5883],[-87.0477,21.5881],[-87.047,21.5878],[-87.0464,21.5873],[-87.0463,21.5871],[-87.0461,21.5864],[-87.0461,21.5863],[-87.0461,21.5863],[-87.0462,21.5851],[-87.0468,21.5851],[-87.047,21.5851],[-87.0471,21.5855],[-87.0472,21.5859],[-87.0478,21.586],[-87.0488,21.5853],[-87.0491,21.5851],[-87.05,21.5847],[-87.0509,21.5853],[-87.0515,21.5855],[-87.0517,21.5856],[-87.0519,21.586],[-87.052,21.5864],[-87.0527,21.5867],[-87.0535,21.5867],[-87.054,21.5868],[-87.0545,21.587],[-87.0547,21.5866],[-87.0556,21.5865],[-87.0562,21.587],[-87.0569,21.5875],[-87.0574,21.5876],[-87.0577,21.5877],[-87.0578,21.5878],[-87.058,21.5879],[-87.058,21.5879],[-87.0581,21.588],[-87.0581,21.5881],[-87.0582,21.5884],[-87.0582,21.5885],[-87.0582,21.5887],[-87.0582,21.5888],[-87.0581,21.5888],[-87.0581,21.5892],[-87.0578,21.5896],[-87.0577,21.5903],[-87.0577,21.5903],[-87.0578,21.5903],[-87.0579,21.5903],[-87.0579,21.5904],[-87.058,21.5904],[-87.058,21.5905],[-87.0581,21.5906],[-87.0581,21.5907],[-87.0586,21.5906],[-87.0586,21.5906],[-87.0587,21.5906],[-87.0588,21.5906],[-87.0588,21.5906],[-87.0589,21.5907],[-87.059,21.5907],[-87.059,21.5908],[-87.0592,21.5912],[-87.0595,21.5914],[-87.0599,21.5914],[-87.0602,21.5913],[-87.0604,21.5913],[-87.0604,21.5914],[-87.0604,21.5914],[-87.0604,21.5915],[-87.0604,21.5915],[-87.0607,21.5916],[-87.0611,21.5917],[-87.0611,21.5916],[-87.0614,21.5913],[-87.0619,21.5911],[-87.0622,21.591],[-87.0622,21.591],[-87.0623,21.591],[-87.0624,21.591],[-87.0625,21.5911],[-87.0625,21.5911],[-87.0625,21.591],[-87.063,21.5917],[-87.063,21.5918],[-87.0632,21.5922],[-87.0633,21.5923],[-87.0634,21.5923],[-87.0635,21.5922],[-87.0636,21.5922],[-87.0638,21.5923],[-87.0643,21.5925],[-87.0647,21.5928],[-87.0649,21.593],[-87.0651,21.5931],[-87.0653,21.5932],[-87.0654,21.5932],[-87.0655,21.5932],[-87.0655,21.5931],[-87.0656,21.5931],[-87.0657,21.5931],[-87.0658,21.5931],[-87.0658,21.5931],[-87.066,21.5931],[-87.0663,21.5932],[-87.0663,21.5932],[-87.0669,21.5936],[-87.0671,21.5938],[-87.0673,21.5941],[-87.0674,21.5942],[-87.0678,21.5943],[-87.0681,21.5942],[-87.0682,21.5942],[-87.0688,21.5931],[-87.0693,21.5922],[-87.0696,21.592],[-87.0696,21.5919],[-87.0697,21.5919],[-87.0697,21.5917],[-87.0698,21.5917],[-87.0698,21.5916],[-87.0699,21.5915],[-87.07,21.5915],[-87.0701,21.5915],[-87.0703,21.5915],[-87.0709,21.5914],[-87.071,21.5915],[-87.072,21.5913],[-87.072,21.5913],[-87.072,21.5913],[-87.0723,21.591],[-87.0724,21.5909],[-87.0724,21.5908],[-87.0725,21.5907],[-87.0725,21.5906],[-87.0725,21.5906],[-87.0726,21.5905],[-87.0727,21.5904],[-87.0728,21.5904],[-87.0729,21.5904],[-87.073,21.5904],[-87.0736,21.5906],[-87.0739,21.5906],[-87.0739,21.5907],[-87.0739,21.5909],[-87.0739,21.5912],[-87.0734,21.5914],[-87.0734,21.5923],[-87.0734,21.5923],[-87.0738,21.5933],[-87.074,21.5934],[-87.0748,21.5939],[-87.0748,21.5939],[-87.0748,21.5937],[-87.0748,21.5934],[-87.075,21.5929],[-87.0754,21.5923],[-87.0759,21.5918],[-87.0763,21.5912],[-87.0769,21.5913],[-87.0778,21.592],[-87.0782,21.5924],[-87.0781,21.5931],[-87.078,21.5939],[-87.0783,21.5944],[-87.0784,21.5945],[-87.0795,21.5948],[-87.0796,21.5947],[-87.08,21.5945],[-87.0801,21.5944],[-87.0801,21.5943],[-87.0801,21.5943],[-87.0803,21.5938],[-87.0804,21.5937],[-87.0804,21.5936],[-87.0805,21.5935],[-87.0805,21.5934],[-87.0803,21.5927],[-87.0797,21.5922],[-87.08,21.5921],[-87.08,21.592],[-87.08,21.592],[-87.0803,21.5919],[-87.0804,21.5918],[-87.0804,21.5918],[-87.0809,21.5919],[-87.0811,21.5919],[-87.0811,21.592],[-87.0811,21.592],[-87.0811,21.5921],[-87.0813,21.5921],[-87.0822,21.5925],[-87.0823,21.5925],[-87.0825,21.5925],[-87.0826,21.5926],[-87.0827,21.5926],[-87.0828,21.5926],[-87.0829,21.5927],[-87.0831,21.5929],[-87.0834,21.5931],[-87.0835,21.5932],[-87.0843,21.5934],[-87.0844,21.5934],[-87.0846,21.5935],[-87.0849,21.5931],[-87.0849,21.5928],[-87.0848,21.5923],[-87.0848,21.5918],[-87.0849,21.5917],[-87.0848,21.5915],[-87.0848,21.5914],[-87.0848,21.5913],[-87.0848,21.5912],[-87.0849,21.5911],[-87.0851,21.591],[-87.0851,21.5908],[-87.0858,21.5904],[-87.0863,21.5905],[-87.0866,21.5904],[-87.0869,21.5903],[-87.0872,21.5902],[-87.0874,21.5901],[-87.0878,21.5898],[-87.0884,21.5899],[-87.0886,21.59],[-87.0891,21.5903],[-87.0899,21.5908],[-87.0905,21.5913],[-87.0907,21.5917],[-87.0907,21.5917],[-87.0909,21.5918],[-87.091,21.5918],[-87.0911,21.5918],[-87.0911,21.5918],[-87.0911,21.5918],[-87.0911,21.5918],[-87.0912,21.5918],[-87.0912,21.5917],[-87.0913,21.5918],[-87.0917,21.5921],[-87.092,21.5923],[-87.0921,21.5924],[-87.0921,21.5924],[-87.0922,21.5925],[-87.0921,21.5927],[-87.092,21.593],[-87.092,21.593],[-87.092,21.5933],[-87.092,21.5933],[-87.0926,21.5937],[-87.0931,21.5937],[-87.0934,21.5937],[-87.0939,21.5937],[-87.0942,21.5937],[-87.0949,21.5939],[-87.0949,21.594],[-87.095,21.594],[-87.0953,21.5941],[-87.0954,21.5941],[-87.0955,21.5942],[-87.0956,21.5943],[-87.0956,21.5945],[-87.0956,21.5946],[-87.0956,21.5948],[-87.0956,21.5949],[-87.0955,21.5949],[-87.0955,21.5949],[-87.0954,21.5949],[-87.0954,21.5949],[-87.0954,21.5949],[-87.0954,21.5948],[-87.0954,21.5948],[-87.0953,21.5948],[-87.0952,21.5948],[-87.0954,21.5951],[-87.0953,21.5955],[-87.0957,21.5957],[-87.0963,21.5956],[-87.0963,21.5961],[-87.0962,21.5968],[-87.0965,21.5973],[-87.0966,21.5974],[-87.0968,21.5971],[-87.0971,21.5969],[-87.0971,21.5969],[-87.0973,21.5967],[-87.0974,21.5965],[-87.0977,21.596],[-87.0987,21.5955],[-87.0987,21.5953],[-87.0991,21.5949],[-87.0993,21.5947],[-87.0992,21.5945],[-87.0992,21.5944],[-87.0993,21.5944],[-87.0993,21.5944],[-87.0994,21.5943],[-87.0998,21.5942],[-87.1002,21.5943],[-87.1005,21.5944],[-87.1011,21.5943],[-87.1012,21.5943],[-87.1012,21.5944],[-87.1013,21.5944],[-87.1013,21.5944],[-87.1013,21.5945],[-87.1013,21.5945],[-87.1012,21.5945],[-87.1012,21.5945],[-87.1011,21.5945],[-87.1012,21.5946],[-87.1013,21.5947],[-87.1014,21.5947],[-87.1015,21.5945],[-87.1016,21.5945],[-87.1016,21.5945],[-87.1017,21.5945],[-87.1019,21.5946],[-87.1019,21.5947],[-87.1019,21.5948],[-87.1018,21.5948],[-87.1016,21.5949],[-87.1015,21.5949],[-87.1014,21.5949],[-87.1014,21.5949],[-87.1011,21.5952],[-87.101,21.5955],[-87.101,21.5955],[-87.1014,21.5958],[-87.1016,21.596],[-87.1017,21.596],[-87.1017,21.5961],[-87.1018,21.5961],[-87.1019,21.5963],[-87.1019,21.5963],[-87.1018,21.5968],[-87.1019,21.5974],[-87.1015,21.5984],[-87.1005,21.5992],[-87.0995,21.5993],[-87.0989,21.5996],[-87.0987,21.6004],[-87.0991,21.6004],[-87.0994,21.6],[-87.0995,21.5999],[-87.0995,21.5999],[-87.0996,21.5998],[-87.0997,21.5998],[-87.0998,21.5998],[-87.0999,21.5999],[-87.0999,21.6],[-87.0998,21.6],[-87.0998,21.6001],[-87.0998,21.6001],[-87.0999,21.6002],[-87.0996,21.6008],[-87.0997,21.601],[-87.0995,21.6017],[-87.0989,21.6023],[-87.0991,21.6024],[-87.0991,21.6024],[-87.0992,21.6024],[-87.0994,21.6024],[-87.0997,21.6024],[-87.0999,21.6024],[-87.0999,21.6024],[-87.1001,21.6024],[-87.1003,21.6023],[-87.1002,21.602],[-87.1002,21.6019],[-87.1002,21.6017],[-87.1002,21.6017],[-87.1002,21.6016],[-87.1002,21.6013],[-87.1002,21.601],[-87.1002,21.6008],[-87.1003,21.6008],[-87.1004,21.6007],[-87.1008,21.6004],[-87.1013,21.6],[-87.1017,21.5997],[-87.1018,21.5995],[-87.1024,21.5992],[-87.1027,21.5991],[-87.1027,21.5991],[-87.1027,21.5991],[-87.1033,21.5992],[-87.1034,21.5992],[-87.1034,21.5993],[-87.1037,21.5995],[-87.1039,21.6004],[-87.104,21.6005],[-87.1043,21.6007],[-87.1044,21.6008],[-87.1048,21.6014],[-87.1053,21.6016],[-87.1058,21.6014],[-87.1058,21.6046],[-87.1058,21.6049],[-87.1057,21.6049],[-87.1039,21.6055],[-87.1025,21.6054]]]]}},{"type":"Feature","properties":{"cvegeo":"23011","cve_ent":"23","name":"Puerto Morelos"},"geometry":{"type":"Polygon","coordinates":[[[-87.0792,21.0643],[-87.079,21.063],[-87.0789,21.0565],[-87.0789,21.0483],[-87.0789,21.0483],[-87.079,21.0463],[-87.079,21.0446],[-87.0792,21.0189],[-87.0793,20.9973],[-87.0793,20.9959],[-87.0797,20.9315],[-86.8791,20.932],[-86.8721,20.932],[-86.8655,20.932],[-86.8597,20.9321],[-86.8593,20.9347],[-86.8391,20.9356],[-86.838,20.9355],[-86.8378,20.9355],[-86.8378,20.9355],[-86.8378,20.9354],[-86.8378,20.9353],[-86.8378,20.935],[-86.8378,20.9349],[-86.8376,20.9341],[-86.8377,20.9328],[-86.8378,20.9323],[-86.8379,20.932],[-86.838,20.9313],[-86.8379,20.9302],[-86.838,20.9292],[-86.8382,20.929],[-86.8381,20.9287],[-86.8392,20.9278],[-86.8404,20.9268],[-86.8412,20.9258],[-86.8413,20.9256],[-86.8419,20.9247],[-86.8427,20.9234],[-86.8432,20.9222],[-86.8438,20.921],[-86.8442,20.9202],[-86.8444,20.9195],[-86.8448,20.9183],[-86.8449,20.9173],[-86.8452,20.9162],[-86.8455,20.9151],[-86.8457,20.9138],[-86.8459,20.9126],[-86.8459,20.9119],[-86.8456,20.9119],[-86.8456,20.9119],[-86.8459,20.9119],[-86.8459,20.911],[-86.8458,20.911],[-86.8456,20.9109],[-86.8456,20.9109],[-86.8458,20.9109],[-86.846,20.9109],[-86.846,20.9108],[-86.846,20.9102],[-86.846,20.9102],[-86.8461,20.9092],[-86.8462,20.9076],[-86.8459,20.9076],[-86.8459,20.9076],[-86.8461,20.9076],[-86.8461,20.9076],[-86.8462,20.9076],[-86.8462,20.9076],[-86.8463,20.9064],[-86.8462,20.9064],[-86.8461,20.9063],[-86.8461,20.9063],[-86.8462,20.9064],[-86.8463,20.9064],[-86.8463,20.9055],[-86.8465,20.9048],[-86.8469,20.904],[-86.8487,20.9019],[-86.8494,20.9012],[-86.85,20.9005],[-86.852,20.8992],[-86.8539,20.8978],[-86.8547,20.8968],[-86.8544,20.8966],[-86.8545,20.8966],[-86.8547,20.8968],[-86.8549,20.8965],[-86.856,20.8951],[-86.8572,20.8938],[-86.8576,20.8935],[-86.8579,20.8937],[-86.8583,20.8935],[-86.8583,20.8935],[-86.8587,20.8933],[-86.8593,20.8929],[-86.8597,20.8925],[-86.8602,20.8918],[-86.8605,20.8912],[-86.8607,20.8905],[-86.8607,20.8902],[-86.8608,20.8896],[-86.861,20.8892],[-86.8614,20.8888],[-86.8615,20.8887],[-86.8617,20.8883],[-86.8621,20.8876],[-86.8624,20.8869],[-86.8626,20.8861],[-86.8629,20.8855],[-86.863,20.8853],[-86.8633,20.8847],[-86.8634,20.884],[-86.8636,20.8835],[-86.8639,20.8825],[-86.8641,20.8819],[-86.8642,20.8812],[-86.8648,20.8771],[-86.8651,20.8739],[-86.8649,20.8738],[-86.8649,20.8737],[-86.8651,20.8738],[-86.8651,20.8737],[-86.8649,20.8737],[-86.8649,20.8736],[-86.8651,20.8737],[-86.8651,20.8736],[-86.8652,20.8731],[-86.8653,20.8728],[-86.8654,20.8724],[-86.8655,20.8722],[-86.8655,20.8719],[-86.866,20.8706],[-86.8662,20.8699],[-86.8668,20.8685],[-86.8669,20.8682],[-86.8669,20.8681],[-86.8668,20.8682],[-86.8668,20.8682],[-86.8668,20.868],[-86.8668,20.868],[-86.8668,20.868],[-86.8669,20.868],[-86.8669,20.8681],[-86.867,20.8681],[-86.8673,20.8674],[-86.8675,20.867],[-86.8679,20.8659],[-86.868,20.8657],[-86.8687,20.864],[-86.869,20.8631],[-86.8684,20.8629],[-86.8685,20.8629],[-86.8687,20.863],[-86.869,20.8631],[-86.8694,20.8621],[-86.8695,20.8619],[-86.8699,20.8609],[-86.8704,20.8595],[-86.8708,20.8573],[-86.8709,20.8572],[-86.8709,20.8571],[-86.8709,20.8569],[-86.871,20.8564],[-86.8711,20.8562],[-86.8711,20.856],[-86.8712,20.8559],[-86.8712,20.8559],[-86.8713,20.8556],[-86.8713,20.8553],[-86.8714,20.855],[-86.8715,20.8549],[-86.8715,20.8548],[-86.8715,20.8548],[-86.8716,20.8544],[-86.8718,20.8537],[-86.8723,20.8522],[-86.8723,20.852],[-86.8725,20.8517],[-86.8727,20.8513],[-86.8727,20.8512],[-86.8731,20.8505],[-86.8733,20.8502],[-86.8734,20.8498],[-86.8735,20.8497],[-86.8736,20.8496],[-86.8738,20.8492],[-86.8738,20.8491],[-86.8739,20.849],[-86.8741,20.8488],[-86.8742,20.8487],[-86.8742,20.8485],[-86.8747,20.8475],[-86.8742,20.8473],[-86.8742,20.8474],[-86.8738,20.8471],[-86.8739,20.8469],[-86.874,20.8468],[-86.8744,20.847],[-86.8744,20.8471],[-86.8748,20.8473],[-86.8751,20.8472],[-86.8755,20.8468],[-86.8756,20.8467],[-86.8752,20.8464],[-86.8752,20.8464],[-86.8752,20.8464],[-86.8756,20.8466],[-86.8757,20.8465],[-86.8758,20.8464],[-86.8758,20.8463],[-86.876,20.846],[-86.8763,20.8457],[-86.8765,20.8455],[-86.8768,20.845],[-86.8771,20.8447],[-86.8777,20.8442],[-86.8782,20.8438],[-86.8785,20.8437],[-86.8787,20.8434],[-86.8788,20.8433],[-86.8789,20.8432],[-86.8789,20.8431],[-86.879,20.8431],[-86.8788,20.8429],[-86.8785,20.8426],[-86.8782,20.8424],[-86.8781,20.8422],[-86.878,20.8419],[-86.8778,20.8417],[-86.8779,20.8414],[-86.8781,20.8415],[-86.8781,20.8415],[-86.8781,20.8415],[-86.8786,20.8405],[-86.8787,20.8406],[-86.8788,20.8406],[-86.8788,20.8406],[-86.8783,20.8416],[-86.8783,20.8417],[-86.8784,20.8418],[-86.8783,20.8419],[-86.8783,20.842],[-86.8783,20.842],[-86.8784,20.8421],[-86.8793,20.8431],[-86.8796,20.843],[-86.8799,20.8428],[-86.8804,20.8425],[-86.8808,20.8422],[-86.8807,20.8421],[-86.8807,20.842],[-86.8807,20.842],[-86.8807,20.842],[-86.8808,20.842],[-86.8808,20.842],[-86.8808,20.8421],[-86.8808,20.8421],[-86.8809,20.8421],[-86.8812,20.8417],[-86.8815,20.8415],[-86.8818,20.8412],[-86.8818,20.8411],[-86.8819,20.8411],[-86.882,20.8409],[-86.8821,20.8408],[-86.8822,20.8406],[-86.8824,20.8403],[-86.8825,20.8402],[-86.8827,20.84],[-86.8827,20.8399],[-86.8828,20.8398],[-86.8831,20.8394],[-86.8834,20.8391],[-86.8838,20.8387],[-86.884,20.8384],[-86.8842,20.8381],[-86.8844,20.8378],[-86.8848,20.8373],[-86.8854,20.8366],[-86.8858,20.836],[-86.8859,20.8358],[-86.886,20.8358],[-86.886,20.8358],[-86.8857,20.8355],[-86.8856,20.8355],[-86.8856,20.8355],[-86.8857,20.8354],[-86.8857,20.8354],[-86.8857,20.8355],[-86.886,20.8357],[-86.8862,20.8355],[-86.8865,20.8352],[-86.8867,20.835],[-86.8869,20.8348],[-86.8866,20.8345],[-86.8866,20.8344],[-86.887,20.8348],[-86.8872,20.8345],[-86.8873,20.8344],[-86.8874,20.8343],[-86.8875,20.8341],[-86.8878,20.8339],[-86.8879,20.8339],[-86.8875,20.8335],[-86.8876,20.8334],[-86.8879,20.8338],[-86.8881,20.8337],[-86.8882,20.8336],[-86.8888,20.8331],[-86.8891,20.8328],[-86.8894,20.8325],[-86.8897,20.832],[-86.8897,20.832],[-86.8896,20.8319],[-86.8881,20.8305],[-86.8881,20.8305],[-86.8881,20.8304],[-86.8881,20.8302],[-86.8882,20.8301],[-86.8885,20.8299],[-86.8891,20.8293],[-86.8891,20.8292],[-86.8891,20.828],[-86.8891,20.8278],[-86.8891,20.8278],[-86.8892,20.8278],[-86.8893,20.8278],[-86.8893,20.8278],[-86.8893,20.8278],[-86.8893,20.828],[-86.8893,20.8292],[-86.8893,20.8292],[-86.8894,20.8292],[-86.8894,20.8292],[-86.8894,20.8292],[-86.8894,20.8293],[-86.8895,20.8294],[-86.8896,20.8295],[-86.8896,20.8295],[-86.8896,20.8296],[-86.8889,20.8303],[-86.889,20.8304],[-86.8891,20.8305],[-86.8891,20.8305],[-86.8897,20.8299],[-86.8898,20.8298],[-86.89,20.83],[-86.8893,20.8307],[-86.8895,20.8309],[-86.89,20.8305],[-86.8901,20.8305],[-86.8896,20.831],[-86.8898,20.8311],[-86.8902,20.8307],[-86.8903,20.8307],[-86.8898,20.8312],[-86.89,20.8313],[-86.8903,20.8311],[-86.8903,20.831],[-86.8905,20.8309],[-86.8905,20.8309],[-86.8905,20.8308],[-86.8904,20.8306],[-86.8904,20.8304],[-86.8904,20.8304],[-86.8904,20.8303],[-86.8903,20.8301],[-86.8903,20.83],[-86.8904,20.83],[-86.8905,20.83],[-86.8906,20.8301],[-86.8907,20.8301],[-86.8902,20.8297],[-86.8902,20.8296],[-86.8902,20.8296],[-86.8901,20.8296],[-86.8902,20.8295],[-86.8902,20.8295],[-86.8902,20.8295],[-86.8902,20.8294],[-86.8903,20.8294],[-86.8903,20.8294],[-86.8904,20.8294],[-86.8904,20.8294],[-86.8904,20.8294],[-86.8905,20.8295],[-86.8909,20.8299],[-86.8913,20.8296],[-86.8918,20.829],[-86.8919,20.829],[-86.8918,20.829],[-86.891,20.828],[-86.891,20.828],[-86.8908,20.8279],[-86.8907,20.8278],[-86.8907,20.8278],[-86.89,20.8284],[-86.8899,20.8284],[-86.8899,20.8284],[-86.8899,20.8283],[-86.8898,20.8282],[-86.8906,20.8277],[-86.8907,20.8277],[-86.8908,20.8277],[-86.891,20.8277],[-86.8912,20.8279],[-86.8919,20.8288],[-86.892,20.8289],[-86.8922,20.8292],[-86.8924,20.8293],[-86.8927,20.8291],[-86.8934,20.8286],[-86.8939,20.8279],[-86.8944,20.8272],[-86.8947,20.8269],[-86.8953,20.8263],[-86.898,20.822],[-86.9006,20.8182],[-86.9023,20.8154],[-86.9041,20.8132],[-86.9043,20.8129],[-86.9047,20.8124],[-86.9048,20.8124],[-86.9054,20.8128],[-86.9058,20.8128],[-86.9067,20.8123],[-86.9079,20.8122],[-86.908,20.8124],[-86.9092,20.8126],[-86.9101,20.8125],[-86.911,20.8119],[-86.9115,20.8112],[-86.9124,20.8106],[-86.9133,20.8109],[-86.9144,20.8109],[-86.9153,20.8106],[-86.9153,20.8105],[-86.916,20.8102],[-86.9165,20.8099],[-86.9172,20.8092],[-86.918,20.8085],[-86.9182,20.8085],[-86.9187,20.8086],[-86.9188,20.8086],[-86.9197,20.8083],[-86.92,20.8081],[-86.9202,20.808],[-86.9207,20.8075],[-86.921,20.8072],[-86.9209,20.8074],[-86.9207,20.8121],[-87.0797,20.8114],[-87.0943,20.8051],[-87.099,20.803],[-87.1919,20.7628],[-87.1919,20.7628],[-87.1919,20.7661],[-87.192,20.871],[-87.2171,20.8711],[-87.2426,20.8712],[-87.2741,20.8715],[-87.3233,20.872],[-87.3234,20.872],[-87.3233,20.8837],[-87.3233,20.8838],[-87.3226,20.9356],[-87.3225,20.9406],[-87.3225,20.9407],[-87.3225,20.9407],[-87.3225,20.941],[-87.3225,20.941],[-87.3225,20.9411],[-87.3225,20.9425],[-87.3225,20.9431],[-87.3224,20.9441],[-87.3224,20.9444],[-87.3224,20.9445],[-87.3224,20.9445],[-87.3224,20.9445],[-87.3224,20.9459],[-87.3224,20.9467],[-87.3224,20.9467],[-87.3224,20.9474],[-87.3224,20.9477],[-87.3224,20.9479],[-87.3223,20.9497],[-87.3223,20.9537],[-87.3223,20.9565],[-87.3223,20.9594],[-87.3223,20.9596],[-87.3218,20.994],[-87.3217,20.9955],[-87.3216,20.9965],[-87.3217,20.997],[-87.3218,20.9979],[-87.3217,20.9996],[-87.3217,21.0001],[-87.3204,21.1012],[-87.2454,21.1004],[-87.2454,21.1004],[-87.2148,21.0996],[-87.2129,21.0996],[-87.1583,21.0983],[-87.1569,21.0981],[-87.0972,21.0987],[-87.0905,21.0987],[-87.0905,21.0987],[-87.0787,21.0988],[-87.0792,21.0643]]]}},{"type":"Feature","properties":{"cvegeo":"23008","cve_ent":"23","name":"Solidaridad"},"geometry":{"type":"Polygon","coordinates":[[[-86.9209,20.8074],[-86.921,20.8072],[-86.9213,20.8067],[-86.9221,20.8058],[-86.9228,20.805],[-86.9235,20.8043],[-86.924,20.8038],[-86.9246,20.803],[-86.9251,20.8021],[-86.9256,20.8014],[-86.9262,20.8007],[-86.9269,20.7996],[-86.9275,20.7989],[-86.9281,20.7981],[-86.9282,20.7977],[-86.9288,20.797],[-86.9295,20.7964],[-86.9295,20.7963],[-86.9296,20.7962],[-86.9298,20.7957],[-86.93,20.7954],[-86.9302,20.7951],[-86.9305,20.7946],[-86.9307,20.7943],[-86.9307,20.7941],[-86.9309,20.7938],[-86.9313,20.7932],[-86.9314,20.7931],[-86.9314,20.7931],[-86.9316,20.7922],[-86.9319,20.7919],[-86.9321,20.7918],[-86.9321,20.7917],[-86.9325,20.7913],[-86.9327,20.7908],[-86.933,20.7903],[-86.9336,20.7895],[-86.9338,20.789],[-86.9338,20.7889],[-86.9339,20.7888],[-86.9342,20.7884],[-86.9349,20.7875],[-86.9349,20.7874],[-86.9349,20.7874],[-86.9351,20.7872],[-86.9355,20.7868],[-86.9355,20.7867],[-86.9357,20.7866],[-86.9358,20.7864],[-86.9359,20.7864],[-86.9362,20.786],[-86.9363,20.7859],[-86.9363,20.7859],[-86.9367,20.7855],[-86.9368,20.7853],[-86.9368,20.7853],[-86.9371,20.7852],[-86.9373,20.7851],[-86.9373,20.7851],[-86.9373,20.7851],[-86.9374,20.7851],[-86.9374,20.785],[-86.9376,20.7848],[-86.9378,20.7845],[-86.9379,20.7845],[-86.9384,20.7839],[-86.9385,20.7836],[-86.9384,20.7833],[-86.9385,20.7832],[-86.9386,20.7833],[-86.9387,20.7833],[-86.9394,20.7829],[-86.9397,20.7826],[-86.9401,20.7825],[-86.9401,20.7825],[-86.9405,20.7823],[-86.9406,20.782],[-86.9408,20.7813],[-86.9409,20.781],[-86.9413,20.7801],[-86.9414,20.7799],[-86.9417,20.7795],[-86.9419,20.7792],[-86.9424,20.779],[-86.9424,20.779],[-86.9425,20.7789],[-86.9426,20.7788],[-86.9426,20.7787],[-86.9429,20.7779],[-86.9432,20.7772],[-86.9433,20.7771],[-86.9434,20.7767],[-86.9436,20.7764],[-86.9438,20.776],[-86.9441,20.7755],[-86.9442,20.7752],[-86.9451,20.7728],[-86.9453,20.7725],[-86.9458,20.7708],[-86.9459,20.7707],[-86.9461,20.7697],[-86.9461,20.7696],[-86.9462,20.7695],[-86.9462,20.7693],[-86.9462,20.769],[-86.9462,20.7689],[-86.9464,20.7683],[-86.9472,20.7675],[-86.9473,20.7675],[-86.9473,20.7674],[-86.9476,20.7666],[-86.9479,20.7663],[-86.9481,20.766],[-86.9484,20.7657],[-86.9486,20.7655],[-86.9486,20.7655],[-86.9487,20.7656],[-86.9487,20.7655],[-86.9488,20.7655],[-86.9491,20.7655],[-86.9495,20.7652],[-86.9497,20.7647],[-86.9497,20.7647],[-86.9495,20.7645],[-86.9493,20.7645],[-86.9493,20.7645],[-86.9493,20.7645],[-86.9495,20.7645],[-86.9497,20.7646],[-86.9501,20.7642],[-86.9505,20.7636],[-86.9502,20.7633],[-86.9502,20.7633],[-86.9505,20.7636],[-86.9506,20.7634],[-86.9511,20.7634],[-86.9512,20.7633],[-86.9512,20.7632],[-86.9511,20.7632],[-86.9511,20.7631],[-86.9512,20.7632],[-86.9513,20.7633],[-86.9517,20.7629],[-86.9516,20.7628],[-86.9513,20.7627],[-86.9512,20.7627],[-86.9512,20.7627],[-86.9516,20.7627],[-86.9518,20.7628],[-86.9525,20.7622],[-86.9528,20.7619],[-86.9526,20.7618],[-86.9524,20.7618],[-86.9524,20.7617],[-86.9526,20.7618],[-86.9528,20.7619],[-86.9532,20.7614],[-86.9532,20.7613],[-86.9533,20.7612],[-86.9533,20.7611],[-86.9534,20.761],[-86.9536,20.7605],[-86.9543,20.7611],[-86.9554,20.7606],[-86.9561,20.7599],[-86.9564,20.7595],[-86.9565,20.7594],[-86.9566,20.7593],[-86.9571,20.759],[-86.9572,20.7588],[-86.9575,20.758],[-86.958,20.7574],[-86.9581,20.7568],[-86.9583,20.7559],[-86.9587,20.7547],[-86.9593,20.7537],[-86.9598,20.7529],[-86.9602,20.7523],[-86.9605,20.7518],[-86.9607,20.751],[-86.9612,20.7504],[-86.9611,20.75],[-86.9614,20.7495],[-86.9617,20.7493],[-86.962,20.749],[-86.9623,20.7489],[-86.9626,20.749],[-86.963,20.749],[-86.9632,20.7489],[-86.9635,20.7487],[-86.9637,20.7484],[-86.9639,20.7481],[-86.9642,20.7478],[-86.9642,20.7478],[-86.9642,20.7478],[-86.9642,20.7475],[-86.9643,20.7472],[-86.9644,20.7467],[-86.9645,20.7462],[-86.9643,20.7455],[-86.9643,20.7449],[-86.9642,20.7445],[-86.9645,20.7438],[-86.9646,20.7437],[-86.9646,20.7433],[-86.9646,20.7432],[-86.9646,20.743],[-86.9645,20.7428],[-86.9646,20.742],[-86.9646,20.7415],[-86.9647,20.7411],[-86.9649,20.7403],[-86.965,20.7395],[-86.9651,20.7391],[-86.9652,20.7381],[-86.9653,20.7378],[-86.9653,20.7375],[-86.9653,20.7374],[-86.9652,20.7372],[-86.9651,20.7366],[-86.9651,20.7365],[-86.965,20.7357],[-86.965,20.7354],[-86.965,20.7353],[-86.9648,20.7347],[-86.9646,20.734],[-86.9644,20.7339],[-86.9643,20.7337],[-86.9639,20.7334],[-86.9632,20.7333],[-86.9627,20.7327],[-86.9625,20.7323],[-86.9626,20.7319],[-86.9623,20.7315],[-86.9624,20.731],[-86.9624,20.7305],[-86.9626,20.7305],[-86.9627,20.7301],[-86.963,20.7299],[-86.9634,20.7296],[-86.9638,20.729],[-86.9644,20.7286],[-86.9648,20.7282],[-86.965,20.7281],[-86.9653,20.7279],[-86.9656,20.7279],[-86.9657,20.7278],[-86.966,20.7277],[-86.9662,20.7276],[-86.9663,20.7276],[-86.9664,20.7275],[-86.9667,20.7274],[-86.9669,20.7273],[-86.9671,20.7272],[-86.9673,20.7271],[-86.9673,20.7271],[-86.9676,20.7269],[-86.9678,20.7268],[-86.9684,20.7264],[-86.9685,20.7264],[-86.9685,20.7264],[-86.9686,20.7263],[-86.9688,20.7262],[-86.969,20.7262],[-86.9692,20.7261],[-86.9694,20.7259],[-86.9696,20.7258],[-86.9699,20.7257],[-86.9707,20.7254],[-86.9709,20.7253],[-86.971,20.7252],[-86.9713,20.7251],[-86.9716,20.7251],[-86.972,20.725],[-86.9723,20.725],[-86.9726,20.7249],[-86.9726,20.7249],[-86.9731,20.7245],[-86.9734,20.7244],[-86.9738,20.7242],[-86.9742,20.7241],[-86.9746,20.7241],[-86.9747,20.7241],[-86.9749,20.7241],[-86.975,20.7241],[-86.9752,20.7241],[-86.9754,20.724],[-86.9741,20.7236],[-86.9735,20.7237],[-86.9734,20.7237],[-86.9741,20.7236],[-86.9741,20.723],[-86.9742,20.723],[-86.9742,20.7236],[-86.9755,20.724],[-86.9757,20.7239],[-86.9764,20.7235],[-86.9765,20.7235],[-86.9762,20.723],[-86.9758,20.7232],[-86.9758,20.7232],[-86.9762,20.723],[-86.9765,20.7234],[-86.977,20.7232],[-86.9777,20.7228],[-86.9777,20.7228],[-86.9778,20.7227],[-86.9778,20.7226],[-86.9779,20.7225],[-86.9779,20.7224],[-86.978,20.7222],[-86.9782,20.7221],[-86.9783,20.7221],[-86.9785,20.722],[-86.9786,20.722],[-86.9786,20.722],[-86.9787,20.722],[-86.9787,20.7219],[-86.979,20.7218],[-86.9792,20.7216],[-86.9791,20.7214],[-86.9787,20.7211],[-86.9784,20.721],[-86.9781,20.7209],[-86.978,20.7208],[-86.9779,20.7208],[-86.9785,20.7203],[-86.9789,20.72],[-86.9789,20.72],[-86.9785,20.7203],[-86.9787,20.7203],[-86.9789,20.7201],[-86.9791,20.72],[-86.9792,20.7201],[-86.9792,20.7202],[-86.9791,20.7203],[-86.979,20.7205],[-86.9788,20.7207],[-86.9788,20.7207],[-86.979,20.7209],[-86.9791,20.7211],[-86.9792,20.7212],[-86.9793,20.7212],[-86.9794,20.7213],[-86.9801,20.7208],[-86.9808,20.7203],[-86.9809,20.7202],[-86.981,20.7201],[-86.981,20.72],[-86.981,20.7199],[-86.9811,20.7197],[-86.9811,20.7195],[-86.981,20.7195],[-86.9813,20.7191],[-86.9814,20.7191],[-86.9815,20.7191],[-86.9816,20.7191],[-86.9818,20.7191],[-86.9819,20.7191],[-86.982,20.719],[-86.9822,20.7189],[-86.9824,20.7188],[-86.9824,20.7188],[-86.9826,20.7187],[-86.983,20.7182],[-86.9831,20.7181],[-86.9832,20.718],[-86.9832,20.718],[-86.9835,20.7178],[-86.9848,20.7173],[-86.9849,20.7172],[-86.985,20.7172],[-86.9852,20.7171],[-86.9854,20.717],[-86.9855,20.7169],[-86.9857,20.7168],[-86.9859,20.7166],[-86.986,20.7165],[-86.9863,20.7163],[-86.9865,20.7161],[-86.9866,20.716],[-86.9866,20.7159],[-86.987,20.7154],[-86.9873,20.7149],[-86.9875,20.7147],[-86.9876,20.7147],[-86.9876,20.7146],[-86.9877,20.7146],[-86.9877,20.7146],[-86.9877,20.7144],[-86.9877,20.7144],[-86.9877,20.7144],[-86.9877,20.7143],[-86.988,20.7142],[-86.988,20.7142],[-86.9881,20.7143],[-86.9881,20.7143],[-86.9882,20.7144],[-86.9882,20.7144],[-86.9882,20.7145],[-86.9884,20.7146],[-86.9885,20.7146],[-86.9885,20.7146],[-86.9885,20.7146],[-86.9886,20.7146],[-86.9887,20.7146],[-86.9887,20.7146],[-86.9888,20.7146],[-86.9898,20.7144],[-86.9906,20.7141],[-86.9912,20.7139],[-86.9913,20.7139],[-86.9913,20.7139],[-86.9916,20.7138],[-86.9918,20.7137],[-86.9918,20.7137],[-86.9919,20.7137],[-86.9923,20.7134],[-86.9924,20.7134],[-86.9925,20.7133],[-86.9934,20.7127],[-86.9936,20.7125],[-86.9938,20.7124],[-86.994,20.7123],[-86.9941,20.7121],[-86.9942,20.7121],[-86.9942,20.712],[-86.9942,20.7119],[-86.9943,20.7118],[-86.9943,20.7118],[-86.9943,20.7117],[-86.9946,20.7113],[-86.9948,20.7112],[-86.9948,20.7112],[-86.9948,20.7111],[-86.9949,20.711],[-86.9949,20.711],[-86.9938,20.7115],[-86.9938,20.7115],[-86.9952,20.7108],[-86.9952,20.7108],[-86.9949,20.7109],[-86.9952,20.7113],[-86.9953,20.7114],[-86.9955,20.7115],[-86.9956,20.7115],[-86.9957,20.7116],[-86.9958,20.7116],[-86.996,20.7116],[-86.9961,20.7115],[-86.9977,20.7107],[-86.9984,20.71],[-86.9996,20.7083],[-87.0013,20.7069],[-87.002,20.706],[-87.0027,20.7052],[-87.003,20.7053],[-87.0041,20.7052],[-87.0052,20.7054],[-87.0058,20.7052],[-87.0068,20.7046],[-87.0077,20.7043],[-87.0078,20.7043],[-87.0075,20.7037],[-87.0076,20.7037],[-87.0079,20.7043],[-87.008,20.7043],[-87.0081,20.7042],[-87.0081,20.7042],[-87.0092,20.7033],[-87.0092,20.7032],[-87.0088,20.7028],[-87.0088,20.7028],[-87.0093,20.7032],[-87.0094,20.7031],[-87.0101,20.7025],[-87.0102,20.7024],[-87.011,20.7015],[-87.0112,20.7013],[-87.0112,20.7013],[-87.0116,20.7004],[-87.0117,20.7001],[-87.012,20.6998],[-87.0123,20.6995],[-87.0124,20.6993],[-87.0126,20.6991],[-87.0126,20.6991],[-87.0131,20.6986],[-87.0131,20.6986],[-87.0131,20.6986],[-87.0131,20.6985],[-87.013,20.6984],[-87.0129,20.6983],[-87.0129,20.6982],[-87.0129,20.6982],[-87.013,20.6982],[-87.013,20.6982],[-87.0132,20.6984],[-87.0138,20.6977],[-87.0147,20.6966],[-87.0148,20.6964],[-87.0153,20.6955],[-87.0155,20.6949],[-87.0156,20.6946],[-87.0167,20.6932],[-87.0167,20.6932],[-87.0167,20.6932],[-87.0168,20.693],[-87.017,20.6928],[-87.0176,20.6919],[-87.0184,20.6907],[-87.0187,20.69],[-87.0188,20.689],[-87.0192,20.6879],[-87.0198,20.6866],[-87.0199,20.6861],[-87.0201,20.6849],[-87.0202,20.6845],[-87.0203,20.684],[-87.0205,20.6835],[-87.0206,20.6827],[-87.0208,20.6818],[-87.021,20.6813],[-87.021,20.6811],[-87.0212,20.68],[-87.0213,20.679],[-87.0215,20.6774],[-87.0214,20.6773],[-87.0214,20.6772],[-87.0214,20.677],[-87.0213,20.6767],[-87.0211,20.6763],[-87.0211,20.6759],[-87.0214,20.6755],[-87.0214,20.6753],[-87.0216,20.675],[-87.0217,20.6748],[-87.0218,20.6743],[-87.0222,20.6739],[-87.0226,20.6737],[-87.0229,20.6733],[-87.0237,20.6726],[-87.0239,20.6724],[-87.024,20.6721],[-87.0241,20.672],[-87.0241,20.672],[-87.0245,20.6718],[-87.0246,20.6717],[-87.0246,20.6717],[-87.0251,20.6712],[-87.0254,20.671],[-87.0257,20.6708],[-87.0262,20.6703],[-87.0265,20.6699],[-87.0268,20.6697],[-87.0268,20.6697],[-87.0269,20.6695],[-87.0269,20.6694],[-87.0275,20.6688],[-87.0283,20.6677],[-87.0286,20.6673],[-87.0288,20.667],[-87.0291,20.6665],[-87.0294,20.6659],[-87.0295,20.6658],[-87.0299,20.6653],[-87.0305,20.6646],[-87.0305,20.6645],[-87.0305,20.6644],[-87.0306,20.6643],[-87.0306,20.6641],[-87.0308,20.6639],[-87.0308,20.6638],[-87.0309,20.6637],[-87.0312,20.6635],[-87.0314,20.6632],[-87.0315,20.6631],[-87.0315,20.663],[-87.0316,20.6629],[-87.0318,20.6627],[-87.032,20.6625],[-87.0321,20.6624],[-87.0321,20.6624],[-87.0318,20.6621],[-87.0318,20.6622],[-87.0317,20.6621],[-87.0318,20.662],[-87.0319,20.662],[-87.0318,20.6621],[-87.0321,20.6623],[-87.0322,20.6623],[-87.0325,20.6619],[-87.033,20.6612],[-87.033,20.661],[-87.0332,20.6609],[-87.0333,20.6608],[-87.0335,20.6606],[-87.0336,20.6606],[-87.0338,20.6605],[-87.034,20.6605],[-87.0342,20.6605],[-87.0344,20.6605],[-87.0347,20.6606],[-87.0348,20.6606],[-87.035,20.6605],[-87.0352,20.6604],[-87.0353,20.6603],[-87.0355,20.6602],[-87.0357,20.6602],[-87.0359,20.6601],[-87.0362,20.66],[-87.0363,20.66],[-87.0366,20.6598],[-87.0369,20.6595],[-87.037,20.6595],[-87.0372,20.6592],[-87.0373,20.6592],[-87.0373,20.6591],[-87.0376,20.6589],[-87.0377,20.6589],[-87.0381,20.6586],[-87.0383,20.6584],[-87.0384,20.6583],[-87.0388,20.658],[-87.039,20.6578],[-87.039,20.6578],[-87.0391,20.6577],[-87.0396,20.6573],[-87.0398,20.6572],[-87.0399,20.6571],[-87.0401,20.6568],[-87.0401,20.6568],[-87.0404,20.6563],[-87.0406,20.6559],[-87.0408,20.6553],[-87.0409,20.6552],[-87.041,20.6548],[-87.0411,20.6548],[-87.0411,20.6548],[-87.0414,20.6546],[-87.0416,20.6544],[-87.0418,20.6544],[-87.042,20.6542],[-87.0423,20.6539],[-87.0432,20.6532],[-87.0436,20.653],[-87.0436,20.653],[-87.0437,20.653],[-87.0439,20.653],[-87.044,20.6529],[-87.0441,20.6529],[-87.0443,20.6529],[-87.0445,20.6527],[-87.0447,20.6526],[-87.0449,20.6524],[-87.0451,20.6522],[-87.0454,20.6519],[-87.0458,20.6514],[-87.046,20.651],[-87.0461,20.6508],[-87.0462,20.6505],[-87.0464,20.6499],[-87.0466,20.6492],[-87.0468,20.6484],[-87.0469,20.6481],[-87.047,20.6481],[-87.0471,20.648],[-87.0473,20.6478],[-87.0474,20.6477],[-87.0479,20.6475],[-87.0481,20.6475],[-87.0483,20.6474],[-87.0486,20.6474],[-87.0489,20.6474],[-87.0491,20.6474],[-87.0494,20.6473],[-87.0497,20.6474],[-87.0497,20.6474],[-87.0498,20.6474],[-87.0499,20.6474],[-87.0499,20.6475],[-87.0499,20.6475],[-87.0502,20.6478],[-87.0507,20.6481],[-87.051,20.6481],[-87.0511,20.6481],[-87.0514,20.648],[-87.0517,20.6479],[-87.052,20.6477],[-87.0523,20.6476],[-87.0527,20.6473],[-87.0535,20.6468],[-87.0543,20.6458],[-87.0543,20.6458],[-87.0548,20.6452],[-87.0549,20.6451],[-87.0549,20.6451],[-87.0549,20.6451],[-87.0551,20.645],[-87.0553,20.6448],[-87.0554,20.6446],[-87.0555,20.6444],[-87.0555,20.6444],[-87.0555,20.6443],[-87.0555,20.6443],[-87.0557,20.6439],[-87.0563,20.643],[-87.0564,20.6428],[-87.0565,20.6426],[-87.0569,20.642],[-87.057,20.6418],[-87.0571,20.6415],[-87.0571,20.6414],[-87.0572,20.6412],[-87.0572,20.6411],[-87.0579,20.6398],[-87.0585,20.6384],[-87.0588,20.6375],[-87.0589,20.6366],[-87.0589,20.6366],[-87.0591,20.6359],[-87.0592,20.6358],[-87.0596,20.6359],[-87.0596,20.6358],[-87.06,20.6356],[-87.061,20.635],[-87.0612,20.6348],[-87.0614,20.6347],[-87.0615,20.6346],[-87.0617,20.6344],[-87.0617,20.6344],[-87.0618,20.6342],[-87.0618,20.6342],[-87.0618,20.6342],[-87.0623,20.6338],[-87.0627,20.6334],[-87.0634,20.6327],[-87.0634,20.6327],[-87.0637,20.6325],[-87.0644,20.6316],[-87.065,20.6308],[-87.0657,20.63],[-87.0659,20.6296],[-87.0661,20.6291],[-87.0666,20.6282],[-87.0666,20.6279],[-87.0666,20.6279],[-87.0658,20.6273],[-87.065,20.6268],[-87.0648,20.6266],[-87.0648,20.6266],[-87.066,20.6273],[-87.0667,20.6278],[-87.0671,20.6274],[-87.0671,20.6275],[-87.0673,20.6276],[-87.0675,20.6275],[-87.0686,20.6279],[-87.0686,20.6279],[-87.0687,20.6279],[-87.0693,20.6274],[-87.0693,20.6274],[-87.0694,20.6272],[-87.0696,20.6269],[-87.0698,20.6267],[-87.0703,20.6263],[-87.0714,20.6254],[-87.0718,20.625],[-87.0723,20.6245],[-87.0723,20.6243],[-87.0724,20.6243],[-87.0728,20.6236],[-87.0732,20.6231],[-87.0736,20.6227],[-87.074,20.6221],[-87.0742,20.6219],[-87.0744,20.6217],[-87.0747,20.6212],[-87.0747,20.6212],[-87.0745,20.621],[-87.0746,20.6208],[-87.074,20.6204],[-87.0741,20.6203],[-87.0727,20.6192],[-87.0728,20.6191],[-87.0742,20.6202],[-87.0743,20.6201],[-87.0751,20.6207],[-87.0752,20.6208],[-87.0757,20.6201],[-87.0763,20.6194],[-87.0763,20.6193],[-87.0769,20.6183],[-87.0773,20.6175],[-87.0778,20.6167],[-87.0783,20.6158],[-87.0788,20.6148],[-87.0789,20.6146],[-87.0791,20.6142],[-87.0793,20.6141],[-87.0797,20.6137],[-87.0799,20.6135],[-87.0813,20.6123],[-87.0814,20.6122],[-87.0815,20.6121],[-87.0817,20.6119],[-87.082,20.6117],[-87.0824,20.6114],[-87.0829,20.6109],[-87.0835,20.6102],[-87.0837,20.61],[-87.0841,20.6095],[-87.0845,20.6091],[-87.0848,20.6086],[-87.0854,20.6079],[-87.0866,20.6065],[-87.088,20.605],[-87.0887,20.6043],[-87.0897,20.6033],[-87.0898,20.6032],[-87.0903,20.6027],[-87.0906,20.6023],[-87.091,20.602],[-87.0913,20.6017],[-87.0916,20.6014],[-87.0917,20.6012],[-87.0924,20.6008],[-87.0929,20.6003],[-87.0944,20.5985],[-87.0964,20.5965],[-87.0981,20.5947],[-87.0986,20.594],[-87.0984,20.5939],[-87.0984,20.5938],[-87.0984,20.5938],[-87.0984,20.5937],[-87.0985,20.5936],[-87.0986,20.5935],[-87.0987,20.5934],[-87.0989,20.5932],[-87.0989,20.5931],[-87.0989,20.593],[-87.0989,20.593],[-87.0988,20.5929],[-87.0988,20.593],[-87.0987,20.593],[-87.0987,20.593],[-87.0987,20.593],[-87.0987,20.5929],[-87.0988,20.5927],[-87.0989,20.5926],[-87.0995,20.5922],[-87.0998,20.592],[-87.0999,20.592],[-87.1,20.5919],[-87.1001,20.5917],[-87.1001,20.5916],[-87.1004,20.5914],[-87.1006,20.5914],[-87.1008,20.5912],[-87.1008,20.5911],[-87.1008,20.5911],[-87.1009,20.5909],[-87.1009,20.5909],[-87.101,20.5908],[-87.1013,20.5906],[-87.1017,20.5902],[-87.1018,20.5902],[-87.1018,20.5901],[-87.1019,20.59],[-87.1019,20.5899],[-87.1026,20.5896],[-87.1028,20.5895],[-87.1032,20.5892],[-87.1032,20.5891],[-87.1034,20.5889],[-87.1036,20.5888],[-87.1039,20.5886],[-87.1041,20.5885],[-87.1042,20.5885],[-87.1048,20.5883],[-87.105,20.5883],[-87.1051,20.5883],[-87.1051,20.5883],[-87.1056,20.5881],[-87.1059,20.5879],[-87.1061,20.5879],[-87.1065,20.5876],[-87.1065,20.5876],[-87.1068,20.5872],[-87.107,20.587],[-87.107,20.5869],[-87.1073,20.5868],[-87.1078,20.5865],[-87.1081,20.5863],[-87.1087,20.5856],[-87.109,20.5853],[-87.1092,20.585],[-87.1101,20.5845],[-87.1107,20.5841],[-87.1111,20.5836],[-87.1115,20.5831],[-87.1116,20.5831],[-87.1117,20.583],[-87.1117,20.583],[-87.1119,20.5829],[-87.112,20.5829],[-87.1123,20.5826],[-87.1124,20.5825],[-87.1125,20.5825],[-87.1126,20.5823],[-87.1126,20.5821],[-87.1131,20.5817],[-87.1137,20.5814],[-87.1142,20.5813],[-87.1143,20.5812],[-87.1145,20.581],[-87.1145,20.5809],[-87.1146,20.5808],[-87.1148,20.5806],[-87.1149,20.5805],[-87.115,20.5805],[-87.115,20.5805],[-87.1151,20.5806],[-87.1153,20.5804],[-87.1153,20.5801],[-87.1153,20.5801],[-87.1153,20.5801],[-87.1154,20.58],[-87.1155,20.58],[-87.1157,20.5801],[-87.1158,20.5803],[-87.116,20.5803],[-87.1161,20.5801],[-87.1161,20.5801],[-87.1161,20.58],[-87.1162,20.5799],[-87.1161,20.5799],[-87.1161,20.5799],[-87.1161,20.5799],[-87.116,20.5797],[-87.116,20.5797],[-87.1161,20.5796],[-87.1161,20.5795],[-87.1161,20.5794],[-87.1162,20.5793],[-87.1164,20.5791],[-87.1165,20.579],[-87.1166,20.579],[-87.1173,20.579],[-87.1175,20.579],[-87.1175,20.5791],[-87.1176,20.5791],[-87.1176,20.5791],[-87.1181,20.5789],[-87.1181,20.5783],[-87.1182,20.5778],[-87.1184,20.5776],[-87.1185,20.5774],[-87.1188,20.5773],[-87.1192,20.5771],[-87.1193,20.5771],[-87.1194,20.5772],[-87.1196,20.5773],[-87.1198,20.5775],[-87.1198,20.5775],[-87.1198,20.5775],[-87.12,20.5774],[-87.1202,20.5773],[-87.1202,20.5773],[-87.1203,20.5773],[-87.1203,20.5772],[-87.1204,20.577],[-87.1205,20.5769],[-87.1205,20.5769],[-87.1206,20.5768],[-87.1207,20.5768],[-87.1208,20.5767],[-87.1208,20.5767],[-87.1209,20.5767],[-87.121,20.5767],[-87.1212,20.5767],[-87.1214,20.5766],[-87.1214,20.5765],[-87.1215,20.5765],[-87.1215,20.5764],[-87.1215,20.5764],[-87.1217,20.5758],[-87.1219,20.5755],[-87.122,20.5756],[-87.1242,20.5774],[-87.1257,20.5769],[-87.1325,20.5837],[-87.1358,20.5862],[-87.1418,20.5878],[-87.1659,20.5935],[-87.1776,20.5969],[-87.1814,20.5977],[-87.1844,20.5933],[-87.1901,20.5847],[-87.1568,20.57],[-87.1408,20.5823],[-87.1305,20.5705],[-87.1288,20.5691],[-87.1287,20.569],[-87.1292,20.5685],[-87.1293,20.5683],[-87.1294,20.568],[-87.1298,20.5673],[-87.1301,20.5671],[-87.1302,20.5669],[-87.1308,20.5664],[-87.1311,20.5662],[-87.1313,20.5661],[-87.1316,20.5658],[-87.1319,20.5656],[-87.132,20.5655],[-87.1321,20.5654],[-87.1321,20.5654],[-87.1323,20.5652],[-87.1323,20.5652],[-87.1324,20.5652],[-87.1325,20.5651],[-87.1325,20.5651],[-87.1327,20.5651],[-87.1327,20.5651],[-87.1331,20.5654],[-87.1332,20.5655],[-87.1333,20.5656],[-87.1336,20.5657],[-87.1337,20.5655],[-87.1338,20.5653],[-87.1338,20.5653],[-87.1337,20.5651],[-87.1338,20.5649],[-87.1341,20.5646],[-87.134,20.5646],[-87.1338,20.5641],[-87.1338,20.564],[-87.1338,20.564],[-87.1339,20.5639],[-87.134,20.5639],[-87.134,20.5639],[-87.1341,20.5639],[-87.1342,20.5638],[-87.1347,20.5639],[-87.1347,20.5639],[-87.1348,20.564],[-87.1348,20.564],[-87.1348,20.5641],[-87.1347,20.5641],[-87.1347,20.5641],[-87.1346,20.5641],[-87.1344,20.5641],[-87.1343,20.5641],[-87.1343,20.5644],[-87.1343,20.5644],[-87.1344,20.5644],[-87.1345,20.5646],[-87.1348,20.5649],[-87.1359,20.5652],[-87.1369,20.5651],[-87.1379,20.5649],[-87.1393,20.5645],[-87.1411,20.5635],[-87.1428,20.5624],[-87.1441,20.5613],[-87.1449,20.5596],[-87.1459,20.5579],[-87.146,20.557],[-87.1461,20.557],[-87.1463,20.5563],[-87.1464,20.556],[-87.1474,20.5555],[-87.1486,20.5547],[-87.1489,20.5545],[-87.1494,20.5541],[-87.1498,20.5538],[-87.1498,20.5538],[-87.1498,20.5537],[-87.1507,20.5527],[-87.1518,20.552],[-87.1526,20.5515],[-87.1527,20.5514],[-87.1529,20.5511],[-87.153,20.5509],[-87.1533,20.5502],[-87.1533,20.55],[-87.1534,20.5498],[-87.1534,20.5497],[-87.1534,20.5496],[-87.1533,20.5495],[-87.1533,20.5495],[-87.1532,20.5494],[-87.1532,20.5493],[-87.1531,20.5493],[-87.1531,20.5492],[-87.1531,20.5491],[-87.1531,20.5491],[-87.1533,20.5485],[-87.1536,20.5485],[-87.1541,20.5482],[-87.1542,20.5481],[-87.1542,20.5481],[-87.1542,20.5481],[-87.1546,20.548],[-87.1548,20.548],[-87.1549,20.548],[-87.1553,20.548],[-87.1556,20.5478],[-87.156,20.5476],[-87.1562,20.5475],[-87.1566,20.5473],[-87.1566,20.5473],[-87.1571,20.5469],[-87.1586,20.5454],[-87.1587,20.5452],[-87.1587,20.5451],[-87.1588,20.545],[-87.1587,20.545],[-87.1587,20.5448],[-87.1587,20.5448],[-87.1588,20.5447],[-87.159,20.5443],[-87.1594,20.5439],[-87.1597,20.5436],[-87.1601,20.5436],[-87.1605,20.5434],[-87.1607,20.5432],[-87.1607,20.5432],[-87.1608,20.5431],[-87.1608,20.5431],[-87.1611,20.5429],[-87.1612,20.5428],[-87.1613,20.5428],[-87.1615,20.5429],[-87.1616,20.5429],[-87.1617,20.5429],[-87.1623,20.5425],[-87.1628,20.5421],[-87.1633,20.5417],[-87.1637,20.5412],[-87.164,20.541],[-87.1641,20.5409],[-87.1642,20.5409],[-87.1643,20.5409],[-87.1644,20.5408],[-87.1646,20.5405],[-87.1648,20.5401],[-87.1648,20.54],[-87.1648,20.5399],[-87.1648,20.5396],[-87.1649,20.5393],[-87.1651,20.5391],[-87.1652,20.5389],[-87.1652,20.5389],[-87.1653,20.5389],[-87.1654,20.5389],[-87.1654,20.5389],[-87.1655,20.5389],[-87.1659,20.5386],[-87.1663,20.5379],[-87.1664,20.5377],[-87.1665,20.5377],[-87.1665,20.5377],[-87.1667,20.5375],[-87.1675,20.5372],[-87.1678,20.5371],[-87.1682,20.5368],[-87.1684,20.5365],[-87.1688,20.536],[-87.169,20.5358],[-87.1696,20.5354],[-87.1699,20.5353],[-87.1704,20.5349],[-87.1708,20.5347],[-87.1709,20.5347],[-87.1709,20.5347],[-87.1712,20.5347],[-87.1713,20.5346],[-87.1715,20.5345],[-87.1716,20.5345],[-87.1718,20.5343],[-87.1719,20.5342],[-87.172,20.5341],[-87.1721,20.534],[-87.1725,20.5336],[-87.1731,20.5334],[-87.1733,20.5331],[-87.1735,20.5329],[-87.1737,20.5328],[-87.1737,20.5327],[-87.1739,20.5326],[-87.174,20.5326],[-87.1745,20.5324],[-87.1746,20.5323],[-87.1746,20.5322],[-87.1747,20.5322],[-87.1748,20.5322],[-87.1749,20.5321],[-87.1749,20.5321],[-87.1749,20.5321],[-87.1752,20.5321],[-87.1758,20.532],[-87.1761,20.532],[-87.1762,20.5319],[-87.1771,20.5319],[-87.1773,20.5319],[-87.1774,20.5318],[-87.1779,20.5314],[-87.1779,20.5314],[-87.1783,20.5314],[-87.1784,20.5314],[-87.1787,20.5316],[-87.1791,20.5322],[-87.1799,20.5325],[-87.1808,20.5325],[-87.1825,20.532],[-87.1838,20.5313],[-87.1843,20.5309],[-87.1849,20.5305],[-87.1849,20.5305],[-87.1859,20.5298],[-87.1861,20.5297],[-87.1861,20.5297],[-87.1871,20.5286],[-87.1873,20.5283],[-87.1877,20.5278],[-87.1877,20.5277],[-87.1878,20.5272],[-87.1879,20.5271],[-87.1879,20.5269],[-87.1878,20.526],[-87.188,20.5252],[-87.1881,20.5251],[-87.1884,20.5236],[-87.1889,20.5227],[-87.1898,20.5218],[-87.1902,20.5218],[-87.1903,20.5219],[-87.1916,20.5223],[-87.1916,20.5223],[-87.1917,20.5223],[-87.1925,20.522],[-87.1929,20.5219],[-87.193,20.5219],[-87.1936,20.521],[-87.1938,20.52],[-87.1937,20.5199],[-87.1937,20.5199],[-87.1936,20.5199],[-87.1934,20.5198],[-87.1934,20.5198],[-87.1933,20.5197],[-87.1931,20.5196],[-87.1931,20.5195],[-87.1931,20.5195],[-87.1931,20.5194],[-87.1932,20.5192],[-87.1937,20.5189],[-87.1939,20.5188],[-87.1939,20.5188],[-87.1939,20.5188],[-87.1941,20.5189],[-87.1942,20.519],[-87.1943,20.519],[-87.1943,20.519],[-87.1943,20.519],[-87.1944,20.519],[-87.1946,20.5189],[-87.1946,20.5189],[-87.1947,20.5188],[-87.1947,20.5188],[-87.195,20.5186],[-87.195,20.5186],[-87.195,20.5186],[-87.1951,20.5185],[-87.195,20.5184],[-87.195,20.5184],[-87.1951,20.5182],[-87.1951,20.518],[-87.1953,20.5178],[-87.1953,20.5178],[-87.1953,20.5177],[-87.1953,20.5177],[-87.1957,20.5173],[-87.1957,20.5173],[-87.1958,20.5172],[-87.1959,20.5172],[-87.1959,20.5172],[-87.196,20.5172],[-87.196,20.5172],[-87.1967,20.5171],[-87.1974,20.5167],[-87.1975,20.5166],[-87.1976,20.5165],[-87.1976,20.5165],[-87.1976,20.5165],[-87.1977,20.5164],[-87.1978,20.5163],[-87.1979,20.5163],[-87.1981,20.5162],[-87.1982,20.5162],[-87.1982,20.5162],[-87.1992,20.5156],[-87.1994,20.5154],[-87.1998,20.5151],[-87.2003,20.5148],[-87.2008,20.5146],[-87.2009,20.5145],[-87.2009,20.5146],[-87.2015,20.5143],[-87.2015,20.5143],[-87.2015,20.5142],[-87.2018,20.514],[-87.2023,20.5137],[-87.2023,20.5137],[-87.2023,20.5137],[-87.2024,20.5137],[-87.2024,20.5137],[-87.2024,20.5137],[-87.2027,20.5134],[-87.2029,20.5133],[-87.2032,20.513],[-87.2032,20.513],[-87.2033,20.5129],[-87.2037,20.5128],[-87.204,20.5126],[-87.2041,20.5126],[-87.2042,20.5124],[-87.2043,20.5124],[-87.2045,20.5122],[-87.2047,20.5121],[-87.205,20.5119],[-87.2057,20.5116],[-87.206,20.5115],[-87.2061,20.5115],[-87.2069,20.5111],[-87.207,20.511],[-87.2075,20.5106],[-87.2075,20.5105],[-87.2076,20.5105],[-87.2079,20.5104],[-87.208,20.5103],[-87.208,20.51],[-87.208,20.51],[-87.2088,20.5094],[-87.2091,20.5092],[-87.2109,20.5079],[-87.212,20.5069],[-87.212,20.5069],[-87.2127,20.5062],[-87.2135,20.5057],[-87.2146,20.5048],[-87.2154,20.5045],[-87.2154,20.5044],[-87.2154,20.5044],[-87.216,20.504],[-87.2165,20.5037],[-87.2169,20.5034],[-87.2172,20.5033],[-87.2173,20.5032],[-87.2173,20.5032],[-87.2174,20.5032],[-87.2174,20.5031],[-87.2174,20.503],[-87.2175,20.5028],[-87.2177,20.5027],[-87.2179,20.5026],[-87.2181,20.5025],[-87.2182,20.5024],[-87.2183,20.5024],[-87.2184,20.5024],[-87.2184,20.5024],[-87.2185,20.5025],[-87.2186,20.5026],[-87.2186,20.5028],[-87.2185,20.5028],[-87.2184,20.5029],[-87.2183,20.503],[-87.2179,20.503],[-87.2178,20.503],[-87.2177,20.5031],[-87.2176,20.5031],[-87.2175,20.5032],[-87.2175,20.5033],[-87.2175,20.5033],[-87.2175,20.5034],[-87.2175,20.5034],[-87.2176,20.5034],[-87.2176,20.5034],[-87.2176,20.5034],[-87.2177,20.5033],[-87.2179,20.5032],[-87.218,20.5031],[-87.2181,20.5031],[-87.2183,20.5031],[-87.2183,20.5032],[-87.2183,20.5034],[-87.2183,20.5034],[-87.2183,20.5035],[-87.2184,20.5036],[-87.2185,20.5037],[-87.2185,20.5038],[-87.2185,20.5038],[-87.2186,20.5038],[-87.2187,20.5038],[-87.2187,20.5037],[-87.2187,20.5036],[-87.2187,20.5035],[-87.2188,20.5035],[-87.2188,20.5035],[-87.2187,20.5034],[-87.2187,20.5034],[-87.2187,20.5033],[-87.2187,20.5033],[-87.2187,20.5033],[-87.2187,20.5032],[-87.2187,20.5032],[-87.2186,20.5032],[-87.2185,20.5032],[-87.2185,20.5032],[-87.2184,20.5031],[-87.2185,20.503],[-87.2185,20.503],[-87.2186,20.5029],[-87.2187,20.5028],[-87.219,20.5029],[-87.2191,20.5029],[-87.2192,20.5028],[-87.2193,20.5028],[-87.2194,20.5028],[-87.2196,20.5028],[-87.2197,20.5027],[-87.2198,20.5027],[-87.2199,20.5027],[-87.22,20.5026],[-87.2201,20.5026],[-87.2202,20.5025],[-87.2202,20.5024],[-87.2202,20.5023],[-87.2202,20.5022],[-87.2203,20.5022],[-87.2203,20.5021],[-87.2203,20.502],[-87.2203,20.5019],[-87.2203,20.5017],[-87.2203,20.5016],[-87.2202,20.5015],[-87.2202,20.5014],[-87.2202,20.5014],[-87.22,20.5013],[-87.2201,20.501],[-87.22,20.5008],[-87.2202,20.5006],[-87.2213,20.4996],[-87.2216,20.4993],[-87.2216,20.4993],[-87.2218,20.499],[-87.2218,20.499],[-87.2218,20.4989],[-87.2218,20.4988],[-87.2219,20.4987],[-87.222,20.4986],[-87.2224,20.4984],[-87.2225,20.4984],[-87.2226,20.4983],[-87.223,20.4979],[-87.2231,20.4978],[-87.2231,20.4978],[-87.2231,20.4977],[-87.2231,20.4977],[-87.2232,20.4976],[-87.2232,20.4975],[-87.2233,20.4974],[-87.2233,20.4974],[-87.2234,20.4973],[-87.2234,20.4973],[-87.2235,20.4972],[-87.2235,20.4971],[-87.2235,20.4971],[-87.2236,20.497],[-87.2236,20.497],[-87.2237,20.4969],[-87.2237,20.497],[-87.2237,20.4971],[-87.2238,20.4971],[-87.2239,20.4971],[-87.2239,20.4971],[-87.224,20.4971],[-87.2241,20.497],[-87.2241,20.4969],[-87.2242,20.4968],[-87.2243,20.4968],[-87.2243,20.4967],[-87.2244,20.4966],[-87.2244,20.4966],[-87.2245,20.4966],[-87.2246,20.4966],[-87.2246,20.4966],[-87.2246,20.4966],[-87.2246,20.4967],[-87.2246,20.4967],[-87.2246,20.4968],[-87.2245,20.4968],[-87.2244,20.4969],[-87.2244,20.497],[-87.2243,20.497],[-87.2243,20.4971],[-87.2242,20.4971],[-87.2242,20.4972],[-87.2243,20.4972],[-87.2243,20.4973],[-87.2244,20.4973],[-87.2245,20.4973],[-87.2246,20.4973],[-87.2246,20.4973],[-87.2246,20.4972],[-87.2246,20.4972],[-87.2246,20.4971],[-87.2246,20.497],[-87.2246,20.497],[-87.2246,20.4969],[-87.2247,20.4969],[-87.2247,20.4969],[-87.2247,20.497],[-87.2247,20.4971],[-87.2247,20.4971],[-87.2247,20.4972],[-87.2248,20.4973],[-87.2247,20.4974],[-87.2248,20.4974],[-87.2248,20.4975],[-87.2248,20.4978],[-87.2248,20.4979],[-87.2248,20.4979],[-87.2248,20.498],[-87.2248,20.498],[-87.2248,20.498],[-87.2248,20.498],[-87.2248,20.498],[-87.2248,20.498],[-87.225,20.498],[-87.225,20.4976],[-87.2251,20.4974],[-87.2252,20.4973],[-87.2252,20.4972],[-87.2251,20.4971],[-87.225,20.497],[-87.2252,20.4969],[-87.2252,20.4969],[-87.2254,20.4973],[-87.2254,20.4974],[-87.2254,20.4974],[-87.2253,20.4975],[-87.2253,20.4975],[-87.2252,20.4976],[-87.2252,20.4976],[-87.2252,20.4977],[-87.2252,20.4978],[-87.2252,20.4978],[-87.2252,20.4979],[-87.2253,20.4979],[-87.2255,20.498],[-87.2257,20.4981],[-87.2258,20.4983],[-87.2259,20.4984],[-87.2259,20.4984],[-87.2259,20.4985],[-87.2262,20.4987],[-87.2265,20.4989],[-87.2266,20.4989],[-87.2267,20.4989],[-87.2267,20.499],[-87.2268,20.499],[-87.2268,20.499],[-87.2269,20.499],[-87.227,20.499],[-87.2271,20.499],[-87.2272,20.499],[-87.2272,20.499],[-87.2273,20.499],[-87.2274,20.499],[-87.2275,20.499],[-87.2276,20.499],[-87.2277,20.4989],[-87.2277,20.499],[-87.2278,20.499],[-87.2278,20.499],[-87.2283,20.4988],[-87.2291,20.4984],[-87.2291,20.4984],[-87.2298,20.4981],[-87.2306,20.4978],[-87.2307,20.4977],[-87.2307,20.4977],[-87.2313,20.4974],[-87.2314,20.4973],[-87.2315,20.4971],[-87.2317,20.4969],[-87.2318,20.4968],[-87.2319,20.4967],[-87.2319,20.4966],[-87.232,20.4966],[-87.2321,20.4964],[-87.2321,20.4963],[-87.2322,20.4962],[-87.2323,20.4961],[-87.2323,20.4961],[-87.2323,20.496],[-87.2323,20.4959],[-87.2323,20.4958],[-87.2323,20.4957],[-87.2308,20.4942],[-87.2307,20.4942],[-87.2307,20.4942],[-87.2307,20.4942],[-87.2307,20.4941],[-87.2308,20.4941],[-87.2308,20.4941],[-87.2308,20.4941],[-87.2308,20.4941],[-87.2309,20.4942],[-87.2309,20.4942],[-87.2312,20.4945],[-87.2318,20.495],[-87.2324,20.4956],[-87.2325,20.4956],[-87.2325,20.4956],[-87.2325,20.4956],[-87.2326,20.4953],[-87.2323,20.4951],[-87.2323,20.495],[-87.2323,20.495],[-87.2322,20.495],[-87.2322,20.4949],[-87.2322,20.4949],[-87.2323,20.4949],[-87.2323,20.4949],[-87.2323,20.4949],[-87.2326,20.4951],[-87.2326,20.4951],[-87.2327,20.4947],[-87.2327,20.4947],[-87.2327,20.4944],[-87.2327,20.4944],[-87.2326,20.4943],[-87.2326,20.4942],[-87.2325,20.4942],[-87.2325,20.4942],[-87.2325,20.4942],[-87.2325,20.4942],[-87.2325,20.4942],[-87.2323,20.4941],[-87.2321,20.4941],[-87.232,20.4941],[-87.232,20.4941],[-87.2319,20.4941],[-87.2319,20.494],[-87.2324,20.494],[-87.2326,20.4938],[-87.2326,20.4933],[-87.2325,20.4932],[-87.2323,20.4931],[-87.2323,20.4931],[-87.2317,20.4931],[-87.2312,20.493],[-87.2311,20.493],[-87.2309,20.493],[-87.2307,20.493],[-87.2306,20.493],[-87.2305,20.493],[-87.2305,20.493],[-87.2305,20.493],[-87.2304,20.493],[-87.2303,20.4929],[-87.2303,20.4929],[-87.2303,20.4929],[-87.2304,20.4929],[-87.2305,20.4927],[-87.2305,20.4927],[-87.2306,20.4927],[-87.2307,20.4927],[-87.231,20.4928],[-87.2317,20.4929],[-87.2319,20.4929],[-87.232,20.4929],[-87.232,20.4929],[-87.2321,20.4929],[-87.2323,20.4927],[-87.2326,20.4921],[-87.2326,20.4921],[-87.2327,20.492],[-87.2328,20.492],[-87.2329,20.4919],[-87.233,20.4918],[-87.233,20.4918],[-87.2331,20.4918],[-87.2332,20.4919],[-87.2333,20.4919],[-87.2334,20.4921],[-87.2334,20.4922],[-87.2339,20.4925],[-87.2338,20.4927],[-87.2344,20.4927],[-87.2344,20.4926],[-87.2344,20.4926],[-87.2344,20.4926],[-87.2345,20.4926],[-87.2345,20.4926],[-87.2345,20.4926],[-87.2346,20.4926],[-87.2346,20.4926],[-87.2348,20.4924],[-87.2348,20.4921],[-87.2346,20.4906],[-87.2346,20.4906],[-87.2348,20.4904],[-87.2348,20.4903],[-87.2351,20.4899],[-87.2351,20.4899],[-87.2351,20.4898],[-87.2351,20.4898],[-87.2351,20.4898],[-87.2351,20.4897],[-87.2352,20.4894],[-87.2352,20.4894],[-87.2353,20.4892],[-87.2354,20.4892],[-87.2355,20.4892],[-87.2356,20.4891],[-87.2357,20.4889],[-87.2358,20.4888],[-87.236,20.4887],[-87.2361,20.4887],[-87.2362,20.4887],[-87.2362,20.4887],[-87.2366,20.4887],[-87.2366,20.4886],[-87.2367,20.4885],[-87.2367,20.4884],[-87.2367,20.4882],[-87.2367,20.4881],[-87.2369,20.4882],[-87.2372,20.4883],[-87.2372,20.4884],[-87.2373,20.4884],[-87.2373,20.4885],[-87.2372,20.4886],[-87.2372,20.4887],[-87.2372,20.4887],[-87.2371,20.4887],[-87.2371,20.4887],[-87.2371,20.4887],[-87.2371,20.4887],[-87.2372,20.4889],[-87.2372,20.489],[-87.2373,20.4891],[-87.2375,20.4892],[-87.2377,20.4892],[-87.2377,20.4892],[-87.2379,20.4892],[-87.238,20.4893],[-87.238,20.4893],[-87.2383,20.4892],[-87.2386,20.4892],[-87.2387,20.4892],[-87.2389,20.4891],[-87.2392,20.489],[-87.2395,20.4888],[-87.2397,20.4886],[-87.2399,20.4885],[-87.2399,20.4885],[-87.2401,20.4884],[-87.2401,20.4884],[-87.2403,20.4882],[-87.2403,20.4882],[-87.2406,20.4881],[-87.2407,20.488],[-87.2409,20.4879],[-87.2412,20.4876],[-87.2413,20.4875],[-87.2414,20.4873],[-87.2417,20.487],[-87.2418,20.4868],[-87.2418,20.4867],[-87.2418,20.4866],[-87.2418,20.4866],[-87.2419,20.4865],[-87.2419,20.4864],[-87.242,20.4861],[-87.2416,20.4856],[-87.2416,20.4856],[-87.2419,20.486],[-87.2421,20.4859],[-87.2428,20.4861],[-87.2433,20.486],[-87.2444,20.4858],[-87.2454,20.4854],[-87.2463,20.4849],[-87.2463,20.4849],[-87.2464,20.4848],[-87.2467,20.484],[-87.2469,20.4833],[-87.2469,20.4832],[-87.2469,20.4831],[-87.2469,20.483],[-87.2469,20.483],[-87.2465,20.4825],[-87.2458,20.4813],[-87.2456,20.481],[-87.2455,20.481],[-87.2454,20.4809],[-87.2452,20.4807],[-87.2452,20.4805],[-87.2454,20.4803],[-87.2454,20.4803],[-87.2456,20.4802],[-87.2452,20.4799],[-87.2451,20.4798],[-87.245,20.4797],[-87.2451,20.4797],[-87.2451,20.4797],[-87.2452,20.4796],[-87.2457,20.4794],[-87.2456,20.4792],[-87.2457,20.4792],[-87.2458,20.4791],[-87.2462,20.4787],[-87.2465,20.4786],[-87.2467,20.4785],[-87.247,20.4785],[-87.2474,20.4783],[-87.2474,20.4782],[-87.2474,20.4782],[-87.2474,20.4781],[-87.2475,20.4781],[-87.2476,20.4781],[-87.2479,20.4779],[-87.2479,20.4779],[-87.2481,20.4779],[-87.2493,20.4778],[-87.2496,20.4779],[-87.2501,20.478],[-87.2503,20.4786],[-87.2504,20.4788],[-87.2508,20.4787],[-87.251,20.4787],[-87.2514,20.4785],[-87.2524,20.4779],[-87.2529,20.4775],[-87.2551,20.4755],[-87.2556,20.4748],[-87.2557,20.4748],[-87.2567,20.4736],[-87.2572,20.4719],[-87.2579,20.4711],[-87.2582,20.4707],[-87.2587,20.4702],[-87.2588,20.4701],[-87.2597,20.4692],[-87.26,20.4685],[-87.26,20.4685],[-87.2609,20.4675],[-87.261,20.4672],[-87.261,20.4669],[-87.261,20.4669],[-87.2607,20.4667],[-87.2606,20.4667],[-87.2604,20.4668],[-87.2604,20.4668],[-87.2603,20.4667],[-87.2603,20.4667],[-87.2602,20.4666],[-87.2602,20.4665],[-87.2602,20.4665],[-87.2602,20.4665],[-87.2602,20.4665],[-87.2603,20.4664],[-87.2603,20.4663],[-87.2603,20.4663],[-87.2603,20.4662],[-87.2603,20.466],[-87.2602,20.466],[-87.2602,20.4659],[-87.2602,20.4659],[-87.2601,20.4659],[-87.2601,20.4659],[-87.2601,20.4659],[-87.26,20.4658],[-87.2599,20.4657],[-87.2599,20.4657],[-87.2603,20.4654],[-87.2605,20.4654],[-87.2605,20.4655],[-87.2606,20.4655],[-87.2607,20.4655],[-87.2607,20.4655],[-87.2608,20.4655],[-87.2608,20.4655],[-87.2609,20.4654],[-87.261,20.4653],[-87.2613,20.4645],[-87.2612,20.4645],[-87.2612,20.4645],[-87.2612,20.4644],[-87.2612,20.4644],[-87.2612,20.4644],[-87.2612,20.4643],[-87.2612,20.4643],[-87.2612,20.4642],[-87.2617,20.4635],[-87.2619,20.4633],[-87.262,20.4632],[-87.262,20.4632],[-87.2624,20.4633],[-87.2625,20.4633],[-87.2628,20.4632],[-87.2631,20.4629],[-87.2632,20.4624],[-87.2632,20.4622],[-87.2632,20.462],[-87.263,20.4617],[-87.2634,20.4615],[-87.2638,20.4611],[-87.2642,20.4607],[-87.2646,20.4601],[-87.265,20.4597],[-87.2657,20.4589],[-87.2658,20.4588],[-87.266,20.4584],[-87.2665,20.4576],[-87.2668,20.4573],[-87.2669,20.4572],[-87.2673,20.4569],[-87.2676,20.4568],[-87.2676,20.4568],[-87.2681,20.4567],[-87.2685,20.4565],[-87.2688,20.4563],[-87.2701,20.4556],[-87.2701,20.4555],[-87.2702,20.4555],[-87.2706,20.4551],[-87.2706,20.4551],[-87.2712,20.4545],[-87.2725,20.4531],[-87.2725,20.4531],[-87.2726,20.453],[-87.2729,20.4527],[-87.2733,20.4524],[-87.2734,20.4523],[-87.2735,20.4522],[-87.2737,20.4519],[-87.2737,20.4519],[-87.2738,20.4518],[-87.2739,20.4518],[-87.2745,20.4519],[-87.2745,20.4518],[-87.2745,20.4517],[-87.2745,20.4519],[-87.2746,20.4519],[-87.2754,20.4515],[-87.2757,20.4515],[-87.2757,20.4514],[-87.2755,20.451],[-87.2751,20.4511],[-87.2748,20.4511],[-87.2748,20.4511],[-87.2755,20.451],[-87.2759,20.4509],[-87.2762,20.4508],[-87.2762,20.4508],[-87.2762,20.4508],[-87.2761,20.4509],[-87.276,20.4509],[-87.276,20.4509],[-87.2759,20.4509],[-87.2758,20.4509],[-87.2755,20.451],[-87.2756,20.4511],[-87.2756,20.4512],[-87.2758,20.4515],[-87.2761,20.4515],[-87.2763,20.4514],[-87.2764,20.4514],[-87.2765,20.4514],[-87.2765,20.4513],[-87.2777,20.4505],[-87.2798,20.4485],[-87.2808,20.4474],[-87.2822,20.4461],[-87.2831,20.445],[-87.2836,20.4443],[-87.284,20.4438],[-87.2846,20.4431],[-87.2846,20.4431],[-87.2851,20.4421],[-87.2853,20.4406],[-87.2854,20.44],[-87.2854,20.4398],[-87.2854,20.4398],[-87.2847,20.4392],[-87.2845,20.439],[-87.284,20.4386],[-87.2839,20.4385],[-87.2839,20.4383],[-87.2839,20.4382],[-87.2839,20.4382],[-87.2839,20.4381],[-87.2839,20.438],[-87.2841,20.4376],[-87.2845,20.4375],[-87.2846,20.4372],[-87.2847,20.437],[-87.2847,20.4369],[-87.2854,20.4353],[-87.2854,20.4352],[-87.2854,20.4352],[-87.2859,20.4347],[-87.2865,20.434],[-87.2871,20.4338],[-87.2871,20.4338],[-87.2876,20.4334],[-87.2878,20.4335],[-87.2879,20.4336],[-87.2879,20.4336],[-87.2881,20.4335],[-87.2881,20.4335],[-87.2883,20.4334],[-87.2887,20.4332],[-87.2889,20.4329],[-87.2889,20.4327],[-87.2887,20.4322],[-87.2884,20.4319],[-87.2882,20.4316],[-87.2882,20.4314],[-87.2882,20.4314],[-87.2882,20.4314],[-87.2882,20.4313],[-87.2883,20.4312],[-87.2886,20.4306],[-87.2887,20.4303],[-87.2887,20.4303],[-87.2888,20.4303],[-87.2889,20.4303],[-87.2895,20.4303],[-87.2897,20.4305],[-87.2898,20.4306],[-87.2898,20.4306],[-87.2899,20.4306],[-87.2903,20.4301],[-87.2903,20.4301],[-87.2902,20.4299],[-87.2902,20.4299],[-87.2902,20.4299],[-87.2902,20.4299],[-87.2902,20.4299],[-87.2902,20.4299],[-87.2901,20.43],[-87.2901,20.43],[-87.2901,20.43],[-87.29,20.43],[-87.2899,20.43],[-87.2899,20.43],[-87.2896,20.4297],[-87.2896,20.4297],[-87.2896,20.4296],[-87.2897,20.4296],[-87.2901,20.4295],[-87.2901,20.4291],[-87.2903,20.4287],[-87.2906,20.4288],[-87.2906,20.4288],[-87.2907,20.4289],[-87.2907,20.4289],[-87.2907,20.429],[-87.2908,20.4292],[-87.2908,20.4294],[-87.2908,20.4294],[-87.2908,20.4295],[-87.2909,20.4295],[-87.291,20.4296],[-87.2911,20.4296],[-87.2911,20.4297],[-87.2912,20.4297],[-87.2913,20.4297],[-87.2913,20.4297],[-87.2917,20.4298],[-87.2918,20.4298],[-87.2918,20.4298],[-87.2919,20.4297],[-87.292,20.4297],[-87.292,20.4296],[-87.2921,20.4296],[-87.2921,20.4295],[-87.2921,20.4295],[-87.2921,20.4294],[-87.292,20.4292],[-87.2923,20.4292],[-87.2927,20.4291],[-87.2928,20.4291],[-87.2929,20.4289],[-87.293,20.4288],[-87.293,20.4286],[-87.293,20.4285],[-87.293,20.4283],[-87.2929,20.4281],[-87.2926,20.4278],[-87.2921,20.4276],[-87.2915,20.4273],[-87.2914,20.4271],[-87.2913,20.4271],[-87.2913,20.427],[-87.2914,20.4267],[-87.2914,20.4267],[-87.2916,20.4265],[-87.2917,20.4265],[-87.2918,20.4265],[-87.2919,20.4264],[-87.2923,20.4255],[-87.2923,20.4254],[-87.2923,20.4254],[-87.2924,20.4251],[-87.2924,20.425],[-87.2924,20.425],[-87.2925,20.4249],[-87.2926,20.4247],[-87.2928,20.4245],[-87.2932,20.4237],[-87.2932,20.4236],[-87.2932,20.4236],[-87.2932,20.4235],[-87.2933,20.4234],[-87.2933,20.4233],[-87.2934,20.4233],[-87.2935,20.4231],[-87.2935,20.4231],[-87.2937,20.423],[-87.2938,20.423],[-87.2939,20.423],[-87.294,20.423],[-87.2943,20.4231],[-87.2943,20.4231],[-87.2943,20.4231],[-87.2944,20.423],[-87.2946,20.4229],[-87.2949,20.4226],[-87.2951,20.4224],[-87.2952,20.4222],[-87.2952,20.4218],[-87.2952,20.4218],[-87.2952,20.4214],[-87.2952,20.4213],[-87.2951,20.4212],[-87.2951,20.4211],[-87.2951,20.421],[-87.2952,20.4208],[-87.2952,20.4208],[-87.2953,20.4207],[-87.2953,20.4206],[-87.2953,20.4206],[-87.2953,20.4206],[-87.2953,20.4205],[-87.2953,20.4205],[-87.2952,20.4204],[-87.2952,20.4204],[-87.2959,20.4193],[-87.2962,20.4189],[-87.2965,20.4186],[-87.2965,20.4186],[-87.2965,20.4185],[-87.2969,20.4179],[-87.297,20.4177],[-87.297,20.4176],[-87.297,20.4176],[-87.2971,20.4175],[-87.2972,20.4174],[-87.2972,20.4173],[-87.2974,20.4172],[-87.2974,20.4172],[-87.2974,20.4172],[-87.2977,20.4168],[-87.2978,20.4167],[-87.2978,20.4167],[-87.2978,20.4165],[-87.2978,20.4164],[-87.298,20.416],[-87.2981,20.4158],[-87.2983,20.4157],[-87.2984,20.4157],[-87.2984,20.4156],[-87.2988,20.4154],[-87.2994,20.4155],[-87.3004,20.4154],[-87.3013,20.415],[-87.3014,20.4148],[-87.3019,20.4141],[-87.3021,20.4126],[-87.3021,20.4126],[-87.3019,20.4118],[-87.3019,20.4118],[-87.3018,20.4118],[-87.3017,20.4117],[-87.3016,20.4116],[-87.3015,20.4115],[-87.3014,20.4115],[-87.3013,20.4112],[-87.3013,20.4109],[-87.3014,20.4106],[-87.3016,20.4104],[-87.3021,20.4102],[-87.3021,20.4102],[-87.3022,20.4102],[-87.3022,20.4102],[-87.3027,20.4105],[-87.3027,20.4107],[-87.3027,20.4109],[-87.3036,20.4109],[-87.3036,20.4109],[-87.3036,20.4106],[-87.3055,20.4114],[-87.3057,20.4115],[-87.3057,20.4115],[-87.306,20.4116],[-87.306,20.4116],[-87.3061,20.4116],[-87.3061,20.4116],[-87.3064,20.4118],[-87.3073,20.4122],[-87.3098,20.4132],[-87.3106,20.4136],[-87.3109,20.4137],[-87.3109,20.4137],[-87.311,20.4135],[-87.3111,20.4133],[-87.3118,20.4122],[-87.3118,20.4122],[-87.312,20.4117],[-87.3121,20.4118],[-87.3123,20.4119],[-87.3125,20.412],[-87.3182,20.4149],[-87.3217,20.4167],[-87.3293,20.4124],[-87.3296,20.4123],[-87.3298,20.4126],[-87.3312,20.4149],[-87.3314,20.4151],[-87.3316,20.4155],[-87.336,20.4225],[-87.3362,20.4229],[-87.3412,20.4308],[-87.3417,20.4316],[-87.347,20.44],[-87.3473,20.4404],[-87.3483,20.442],[-87.3514,20.4442],[-87.3573,20.4485],[-87.3637,20.4384],[-87.3816,20.4467],[-87.4081,20.4045],[-87.3921,20.3963],[-87.3786,20.3889],[-87.3648,20.3815],[-87.3778,20.3569],[-87.3907,20.3637],[-87.3944,20.3656],[-87.4484,20.3941],[-87.4488,20.394],[-87.5253,20.3741],[-87.581,20.442],[-87.5895,20.4692],[-87.6356,20.5158],[-87.7143,20.5159],[-87.7342,20.5159],[-87.7687,20.5159],[-87.7705,20.5161],[-87.8463,20.4413],[-87.8793,20.4447],[-87.9419,20.4463],[-87.9627,20.4467],[-87.938,20.4702],[-87.8863,20.5193],[-87.8793,20.5259],[-87.7552,20.6434],[-87.7443,20.6538],[-87.7437,20.6548],[-87.6113,20.6527],[-87.6136,20.5999],[-87.522,20.5928],[-87.5238,20.6606],[-87.4422,20.6596],[-87.4332,20.6592],[-87.4325,20.6592],[-87.3788,20.6585],[-87.2524,20.6582],[-87.2684,20.6687],[-87.2383,20.7002],[-87.2458,20.7059],[-87.1919,20.7628],[-87.1919,20.7628],[-87.099,20.803],[-87.0943,20.8051],[-87.0797,20.8114],[-86.9207,20.8121],[-86.9209,20.8074]]]}}]}