#,CVE_ENTIDAD,ENTIDAD,MUNICIPIO,DF,DL,SECCION,LISTA_NOMINAL,VOTOS_EMITIDOS,PARTICIPACION,ABSTENCION,1ER_LUGAR,1ERO_VOTOS,PCN,DIF_VOTOS_2DO,DIF_PCN_2DO,2DO_LUGAR,2DO_VOTOS,PCN,DIF_VOTOS_3RO,DIF_PCN_3RO,3ER_LUGAR,3RO_VOTOS,PCN,1PP_MV,VOTOS,PCN,DIF_2DO,PCN,2PP_MV,VOTOS,PCN,DIF_3RO,PCN,3PP_MV,VOTOS,PCN,PAN,PCN,PRI,PCN,PRD,PCN,PT,PCN,PVEM,PCN,MC,PCN,MORENA,PCN,NAN,PCN,VIVA,PCN,MLN,PCN,PES,PCN,RSP,PCN,FxM,PCN,PAN_PRI_PRD,PCN,PAN_PRI,PCN,PAN_PRD,PCN,PRI_PRD,PCN,PT_PVEM_MORENA_NAN,PCN,PT_PVEM_MORENA,PCN,PT_PVEM_NAN,PCN,PT_MORENA_NAN,PCN,PVEM_MORENA_NAN,PCN,PT_PVEM,PCN,PT_MORENA,PCN,PT_NAN,PCN,PVEM_MORENA,PCN,PVEM_NAN,PCN,MORENA_NAN,PCN,CNR,PCN,NULOS,PCN,TOT_VOTOS,VALIDACION,LN_FUENTE,NIVEL,DESGLOSE_PARTIDOS
1,18,NAYARIT,VOTO EN EL EXTRANJERO,,,0,5699,383,0.06720477276715213,0.9327952272328479,MORENA,173,0.4516971279373368,128,0.3342036553524804,MC,45,0.1174934725848564,13,0.033942558746736295,PT_PVEM_MORENA_NAN,32,0.0835509138381201,MORENA,173,0.4516971279373368,128,0.3342036553524804,MC,45,0.1174934725848564,13,0.033942558746736295,PT_PVEM_MORENA_NAN,32,0.0835509138381201,27,0.07049608355091384,15,0.0391644908616188,6,0.015665796344647518,9,0.02349869451697128,6,0.015665796344647518,45,0.1174934725848564,173,0.4516971279373368,6,0.015665796344647518,2,0.005221932114882507,8,0.020887728459530026,2,0.005221932114882507,16,0.04177545691906005,7,0.018276762402088774,9,0.02349869451697128,1,0.0026109660574412533,0,0.0,1,0.0026109660574412533,32,0.0835509138381201,4,0.010443864229765013,1,0.0026109660574412533,2,0.005221932114882507,2,0.005221932114882507,0,0.0,5,0.013054830287206266,0,0.0,1,0.0026109660574412533,0,0.0,0,0.0,0,0.0,3,0.007832898172323759,383,1.0,ORIGEN,SECCION,COMPLETO
2,18,NAYARIT,ACAPONETA,,,1,537,318,0.5921787709497207,0.4078212290502793,MORENA,125,0.39308176100628933,65,0.20440251572327045,MC,60,0.18867924528301888,15,0.04716981132075472,PRI,45,0.14150943396226415,MORENA,125,0.39308176100628933,65,0.20440251572327045,MC,60,0.18867924528301888,15,0.04716981132075472,PRI,45,0.14150943396226415,8,0.025157232704402517,45,0.14150943396226415,10,0.031446540880503145,10,0.031446540880503145,12,0.03773584905660377,60,0.18867924528301888,125,0.39308176100628933,9,0.02830188679245283,0,0.0,9,0.02830188679245283,2,0.006289308176100629,3,0.009433962264150943,0,0.0,8,0.025157232704402517,0,0.0,0,0.0,0,0.0,6,0.018867924528301886,0,0.0,0,0.0,0,0.0,3,0.009433962264150943,0,0.0,0,0.0,0,0.0,1,0.0031446540880503146,0,0.0,1,0.0031446540880503146,0,0.0,6,0.018867924528301886,318,1.0,ORIGEN,SECCION,COMPLETO
3,18,NAYARIT,ACAPONETA,,,2,1106,579,0.523508137432188,0.47649186256781195,MORENA,201,0.3471502590673575,84,0.14507772020725387,MC,117,0.20207253886010362,39,0.06735751295336788,PRI,78,0.13471502590673576,MORENA,201,0.3471502590673575,84,0.14507772020725387,MC,117,0.20207253886010362,39,0.06735751295336788,PRI,78,0.13471502590673576,23,0.039723661485319514,78,0.13471502590673576,26,0.044905008635578586,24,0.04145077720207254,19,0.03281519861830743,117,0.20207253886010362,201,0.3471502590673575,2,0.0034542314335060447,0,0.0,20,0.03454231433506045,2,0.0034542314335060447,7,0.012089810017271158,2,0.0034542314335060447,7,0.012089810017271158,1,0.0017271157167530224,1,0.0017271157167530224,1,0.0017271157167530224,12,0.02072538860103627,2,0.0034542314335060447,0,0.0,2,0.0034542314335060447,1,0.0017271157167530224,1,0.0017271157167530224,1,0.0017271157167530224,1,0.0017271157167530224,4,0.0069084628670120895,0,0.0,3,0.0051813471502590676,0,0.0,21,0.03626943005181347,579,1.0,ORIGEN,SECCION,COMPLETO
4,18,NAYARIT,ACAPONETA,,,3,2137,1143,0.5348619560131025,0.4651380439868975,MC,355,0.310586176727909,66,0.05774278215223097,MORENA,289,0.25284339457567806,186,0.16272965879265092,PRI,103,0.09011373578302712,MC,355,0.310586176727909,66,0.05774278215223097,MORENA,289,0.25284339457567806,186,0.16272965879265092,PRI,103,0.09011373578302712,29,0.02537182852143482,103,0.09011373578302712,82,0.07174103237095363,78,0.06824146981627296,28,0.024496937882764653,355,0.310586176727909,289,0.25284339457567806,18,0.015748031496062992,2,0.0017497812773403325,39,0.03412073490813648,2,0.0017497812773403325,18,0.015748031496062992,12,0.010498687664041995,15,0.013123359580052493,2,0.0017497812773403325,0,0.0,2,0.0017497812773403325,16,0.01399825021872266,3,0.0026246719160104987,1,0.0008748906386701663,2,0.0017497812773403325,7,0.006124234470691163,0,0.0,4,0.003499562554680665,2,0.0017497812773403325,2,0.0017497812773403325,0,0.0,3,0.0026246719160104987,0,0.0,29,0.02537182852143482,1143,1.0,ORIGEN,SECCION,COMPLETO
5,18,NAYARIT,ACAPONETA,,,4,721,483,0.6699029126213593,0.33009708737864074,MORENA,127,0.2629399585921325,45,0.09316770186335403,MC,82,0.16977225672877846,4,0.008281573498964804,PT_PVEM_MORENA_NAN,78,0.16149068322981366,MORENA,127,0.2629399585921325,45,0.09316770186335403,MC,82,0.16977225672877846,4,0.008281573498964804,PT_PVEM_MORENA_NAN,78,0.16149068322981366,12,0.024844720496894408,63,0.13043478260869565,8,0.016563146997929608,32,0.06625258799171843,16,0.033126293995859216,82,0.16977225672877846,127,0.2629399585921325,11,0.022774327122153208,2,0.004140786749482402,15,0.031055900621118012,1,0.002070393374741201,6,0.012422360248447204,0,0.0,3,0.006211180124223602,1,0.002070393374741201,0,0.0,1,0.002070393374741201,78,0.16149068322981366,3,0.006211180124223602,1,0.002070393374741201,0,0.0,3,0.006211180124223602,0,0.0,2,0.004140786749482402,0,0.0,1,0.002070393374741201,2,0.004140786749482402,3,0.006211180124223602,0,0.0,10,0.020703933747412008,483,1.0,ORIGEN,SECCION,COMPLETO
6,18,NAYARIT,ACAPONETA,,,5,1008,589,0.5843253968253969,0.41567460317460314,MORENA,173,0.2937181663837012,42,0.07130730050933787,MC,131,0.22241086587436332,77,0.1307300509337861,PRI,54,0.09168081494057725,MORENA,173,0.2937181663837012,42,0.07130730050933787,MC,131,0.22241086587436332,77,0.1307300509337861,PRI,54,0.09168081494057725,11,0.01867572156196944,54,0.09168081494057725,25,0.042444821731748725,38,0.06451612903225806,19,0.03225806451612903,131,0.22241086587436332,173,0.2937181663837012,35,0.059422750424448216,0,0.0,33,0.05602716468590832,3,0.0050933786078098476,3,0.0050933786078098476,1,0.001697792869269949,10,0.01697792869269949,3,0.0050933786078098476,0,0.0,0,0.0,14,0.023769100169779286,3,0.0050933786078098476,0,0.0,1,0.001697792869269949,2,0.003395585738539898,3,0.0050933786078098476,1,0.001697792869269949,0,0.0,1,0.001697792869269949,0,0.0,2,0.003395585738539898,0,0.0,23,0.03904923599320883,589,1.0,ORIGEN,SECCION,COMPLETO
7,18,NAYARIT,ACAPONETA,,,6,456,303,0.6644736842105263,0.3355263157894737,MORENA,98,0.3234323432343234,26,0.0858085808580858,MC,72,0.2376237623762376,51,0.16831683168316833,PT,21,0.06930693069306931,MORENA,98,0.3234323432343234,26,0.0858085808580858,MC,72,0.2376237623762376,51,0.16831683168316833,PT,21,0.06930693069306931,3,0.009900990099009901,20,0.066006600660066,7,0.0231023102310231,21,0.06930693069306931,10,0.033003300330033,72,0.2376237623762376,98,0.3234323432343234,13,0.0429042904290429,1,0.0033003300330033004,6,0.019801980198019802,0,0.0,21,0.06930693069306931,0,0.0,5,0.0165016501650165,0,0.0,0,0.0,0,0.0,4,0.013201320132013201,6,0.019801980198019802,1,0.0033003300330033004,0,0.0,0,0.0,1,0.0033003300330033004,3,0.009900990099009901,0,0.0,3,0.009900990099009901,0,0.0,2,0.006600660066006601,0,0.0,6,0.019801980198019802,303,1.0,ORIGEN,SECCION,COMPLETO
8,18,NAYARIT,ACAPONETA,,,7,487,338,0.6940451745379876,0.30595482546201236,MORENA,105,0.3106508875739645,8,0.023668639053254437,MC,97,0.2869822485207101,75,0.22189349112426035,PRI,22,0.0650887573964497,MORENA,105,0.3106508875739645,8,0.023668639053254437,MC,97,0.2869822485207101,75,0.22189349112426035,PRI,22,0.0650887573964497,14,0.04142011834319527,22,0.0650887573964497,1,0.0029585798816568047,15,0.04437869822485207,17,0.05029585798816568,97,0.2869822485207101,105,0.3106508875739645,19,0.05621301775147929,5,0.014792899408284023,12,0.03550295857988166,1,0.0029585798816568047,9,0.026627218934911243,0,0.0,3,0.008875739644970414,2,0.005917159763313609,0,0.0,0,0.0,5,0.014792899408284023,3,0.008875739644970414,1,0.0029585798816568047,0,0.0,0,0.0,0,0.0,0,0.0,0,0.0,2,0.005917159763313609,1,0.0029585798816568047,2,0.005917159763313609,0,0.0,2,0.005917159763313609,338,1.0,ORIGEN,SECCION,COMPLETO
9,18,NAYARIT,ACAPONETA,,,8,869,560,0.6444188722669736,0.3555811277330264,MORENA,209,0.3732142857142857,100,0.17857142857142858,MC,109,0.19464285714285715,58,0.10357142857142858,PRI,51,0.09107142857142857,MORENA,209,0.3732142857142857,100,0.17857142857142858,MC,109,0.19464285714285715,58,0.10357142857142858,PRI,51,0.09107142857142857,15,0.026785714285714284,51,0.09107142857142857,9,0.01607142857142857,22,0.039285714285714285,33,0.05892857142857143,109,0.19464285714285715,209,0.3732142857142857,39,0.06964285714285715,2,0.0035714285714285713,21,0.0375,1,0.0017857142857142857,5,0.008928571428571428,0,0.0,5,0.008928571428571428,0,0.0,0,0.0,0,0.0,9,0.01607142857142857,1,0.0017857142857142857,0,0.0,1,0.0017857142857142857,6,0.010714285714285714,4,0.007142857142857143,0,0.0,2,0.0035714285714285713,1,0.0017857142857142857,0,0.0,4,0.007142857142857143,0,0.0,11,0.019642857142857142,560,1.0,ORIGEN,SECCION,COMPLETO
10,18,NAYARIT,ACAPONETA,,,9,1458,880,0.6035665294924554,0.3964334705075446,MORENA,367,0.41704545454545455,207,0.23522727272727273,MC,160,0.18181818181818182,74,0.08409090909090909,PRI,86,0.09772727272727273,MORENA,367,0.41704545454545455,207,0.23522727272727273,MC,160,0.18181818181818182,74,0.08409090909090909,PRI,86,0.09772727272727273,34,0.038636363636363635,86,0.09772727272727273,7,0.007954545454545454,39,0.04431818181818182,36,0.04090909090909091,160,0.18181818181818182,367,0.41704545454545455,31,0.035227272727272725,0,0.0,35,0.03977272727272727,1,0.0011363636363636363,33,0.0375,2,0.0022727272727272726,5,0.005681818181818182,0,0.0,1,0.0011363636363636363,0,0.0,13,0.014772727272727272,3,0.003409090909090909,1,0.0011363636363636363,4,0.004545454545454545,3,0.003409090909090909,2,0.0022727272727272726,1,0.0011363636363636363,0,0.0,6,0.006818181818181818,1,0.0011363636363636363,2,0.0022727272727272726,0,0.0,7,0.007954545454545454,880,1.0,ORIGEN,SECCION,COMPLETO
11,18,NAYARIT,ACAPONETA,,,10,1048,685,0.6536259541984732,0.34637404580152675,MORENA,258,0.37664233576642336,117,0.1708029197080292,MC,141,0.20583941605839415,89,0.12992700729927006,PRI,52,0.07591240875912408,MORENA,258,0.37664233576642336,117,0.1708029197080292,MC,141,0.20583941605839415,89,0.12992700729927006,PRI,52,0.07591240875912408,19,0.027737226277372264,52,0.07591240875912408,22,0.032116788321167884,35,0.051094890510948905,48,0.07007299270072993,141,0.20583941605839415,258,0.37664233576642336,20,0.029197080291970802,0,0.0,25,0.0364963503649635,0,0.0,12,0.017518248175182483,2,0.00291970802919708,11,0.016058394160583942,0,0.0,0,0.0,0,0.0,17,0.024817518248175182,3,0.004379562043795621,1,0.00145985401459854,0,0.0,3,0.004379562043795621,0,0.0,1,0.00145985401459854,2,0.00291970802919708,3,0.004379562043795621,0,0.0,0,0.0,0,0.0,10,0.014598540145985401,685,1.0,ORIGEN,SECCION,COMPLETO
12,18,NAYARIT,ACAPONETA,,,11,318,228,0.7169811320754716,0.28301886792452835,MORENA,86,0.37719298245614036,37,0.16228070175438597,MC,49,0.2149122807017544,33,0.14473684210526316,PRI,16,0.07017543859649122,MORENA,86,0.37719298245614036,37,0.16228070175438597,MC,49,0.2149122807017544,33,0.14473684210526316,PRI,16,0.07017543859649122,13,0.05701754385964912,16,0.07017543859649122,13,0.05701754385964912,10,0.043859649122807015,12,0.05263157894736842,49,0.2149122807017544,86,0.37719298245614036,5,0.021929824561403508,1,0.0043859649122807015,7,0.03070175438596491,1,0.0043859649122807015,3,0.013157894736842105,0,0.0,4,0.017543859649122806,0,0.0,0,0.0,0,0.0,2,0.008771929824561403,1,0.0043859649122807015,0,0.0,1,0.0043859649122807015,0,0.0,1,0.0043859649122807015,0,0.0,0,0.0,1,0.0043859649122807015,0,0.0,0,0.0,0,0.0,2,0.008771929824561403,228,1.0,ORIGEN,SECCION,COMPLETO
13,18,NAYARIT,ACAPONETA,,,12,623,408,0.6548956661316212,0.3451043338683788,MORENA,153,0.375,41,0.10049019607843138,MC,112,0.27450980392156865,81,0.19852941176470587,PRI,31,0.07598039215686274,MORENA,153,0.375,41,0.10049019607843138,MC,112,0.27450980392156865,81,0.19852941176470587,PRI,31,0.07598039215686274,12,0.029411764705882353,31,0.07598039215686274,1,0.0024509803921568627,18,0.04411764705882353,12,0.029411764705882353,112,0.27450980392156865,153,0.375,9,0.022058823529411766,1,0.0024509803921568627,14,0.03431372549019608,3,0.007352941176470588,10,0.024509803921568627,1,0.0024509803921568627,8,0.0196078431372549,0,0.0,0,0.0,0,0.0,7,0.01715686274509804,5,0.012254901960784314,0,0.0,2,0.004901960784313725,2,0.004901960784313725,0,0.0,1,0.0024509803921568627,0,0.0,3,0.007352941176470588,0,0.0,1,0.0024509803921568627,0,0.0,2,0.004901960784313725,408,1.0,ORIGEN,SECCION,COMPLETO
14,18,NAYARIT,ACAPONETA,,,13,591,390,0.6598984771573604,0.3401015228426396,MORENA,134,0.3435897435897436,34,0.08717948717948718,MC,100,0.2564102564102564,67,0.1717948717948718,MLN,33,0.08461538461538462,MORENA,134,0.3435897435897436,34,0.08717948717948718,MC,100,0.2564102564102564,67,0.1717948717948718,MLN,33,0.08461538461538462,8,0.020512820512820513,24,0.06153846153846154,4,0.010256410256410256,15,0.038461538461538464,20,0.05128205128205128,100,0.2564102564102564,134,0.3435897435897436,8,0.020512820512820513,1,0.002564102564102564,33,0.08461538461538462,0,0.0,9,0.023076923076923078,0,0.0,2,0.005128205128205128,1,0.002564102564102564,0,0.0,0,0.0,9,0.023076923076923078,6,0.015384615384615385,1,0.002564102564102564,1,0.002564102564102564,0,0.0,0,0.0,0,0.0,1,0.002564102564102564,5,0.01282051282051282,0,0.0,1,0.002564102564102564,0,0.0,7,0.017948717948717947,390,1.0,ORIGEN,SECCION,COMPLETO
15,18,NAYARIT,ACAPONETA,,,14,254,172,0.6771653543307087,0.3228346456692913,MORENA,48,0.27906976744186046,10,0.05813953488372093,MC,38,0.22093023255813954,19,0.11046511627906977,PRI,19,0.11046511627906977,MORENA,48,0.27906976744186046,10,0.05813953488372093,MC,38,0.22093023255813954,19,0.11046511627906977,PRI,19,0.11046511627906977,10,0.05813953488372093,19,0.11046511627906977,4,0.023255813953488372,10,0.05813953488372093,10,0.05813953488372093,38,0.22093023255813954,48,0.27906976744186046,3,0.01744186046511628,1,0.005813953488372093,12,0.06976744186046512,0,0.0,1,0.005813953488372093,1,0.005813953488372093,3,0.01744186046511628,0,0.0,0,0.0,0,0.0,5,0.029069767441860465,0,0.0,0,0.0,1,0.005813953488372093,0,0.0,0,0.0,1,0.005813953488372093,0,0.0,0,0.0,0,0.0,1,0.005813953488372093,0,0.0,4,0.023255813953488372,172,1.0,ORIGEN,SECCION,COMPLETO
16,18,NAYARIT,ACAPONETA,,,15,446,306,0.6860986547085202,0.31390134529147984,MORENA,102,0.3333333333333333,36,0.11764705882352941,MC,66,0.21568627450980393,39,0.12745098039215685,PRI,27,0.08823529411764706,MORENA,102,0.3333333333333333,36,0.11764705882352941,MC,66,0.21568627450980393,39,0.12745098039215685,PRI,27,0.08823529411764706,2,0.006535947712418301,27,0.08823529411764706,5,0.016339869281045753,12,0.0392156862745098,19,0.06209150326797386,66,0.21568627450980393,102,0.3333333333333333,18,0.058823529411764705,1,0.0032679738562091504,9,0.029411764705882353,1,0.0032679738562091504,6,0.0196078431372549,0,0.0,6,0.0196078431372549,0,0.0,0,0.0,0,0.0,10,0.032679738562091505,5,0.016339869281045753,1,0.0032679738562091504,0,0.0,5,0.016339869281045753,1,0.0032679738562091504,3,0.00980392156862745,0,0.0,0,0.0,0,0.0,0,0.0,0,0.0,7,0.02287581699346405,306,1.0,ORIGEN,SECCION,COMPLETO
17,18,NAYARIT,ACAPONETA,,,16,1026,626,0.6101364522417154,0.3898635477582846,MORENA,260,0.41533546325878595,109,0.17412140575079874,MC,151,0.24121405750798722,113,0.1805111821086262,PRD,38,0.06070287539936102,MORENA,260,0.41533546325878595,109,0.17412140575079874,MC,151,0.24121405750798722,113,0.1805111821086262,PRD,38,0.06070287539936102,15,0.023961661341853034,27,0.04313099041533546,38,0.06070287539936102,28,0.04472843450479233,30,0.04792332268370607,151,0.24121405750798722,260,0.41533546325878595,17,0.027156549520766772,2,0.003194888178913738,13,0.020766773162939296,2,0.003194888178913738,6,0.009584664536741214,1,0.001597444089456869,5,0.007987220447284345,0,0.0,0,0.0,1,0.001597444089456869,3,0.004792332268370607,2,0.003194888178913738,0,0.0,1,0.001597444089456869,2,0.003194888178913738,0,0.0,3,0.004792332268370607,0,0.0,1,0.001597444089456869,0,0.0,2,0.003194888178913738,0,0.0,16,0.025559105431309903,626,1.0,ORIGEN,SECCION,COMPLETO
18,18,NAYARIT,ACAPONETA,,,17,867,514,0.5928489042675894,0.4071510957324106,MORENA,193,0.3754863813229572,68,0.13229571984435798,MC,125,0.24319066147859922,82,0.15953307392996108,PRI,43,0.08365758754863813,MORENA,193,0.3754863813229572,68,0.13229571984435798,MC,125,0.24319066147859922,82,0.15953307392996108,PRI,43,0.08365758754863813,6,0.011673151750972763,43,0.08365758754863813,22,0.042801556420233464,17,0.033073929961089495,23,0.04474708171206226,125,0.24319066147859922,193,0.3754863813229572,19,0.03696498054474708,0,0.0,11,0.021400778210116732,0,0.0,15,0.029182879377431907,0,0.0,5,0.009727626459143969,0,0.0,0,0.0,0,0.0,11,0.021400778210116732,1,0.0019455252918287938,1,0.0019455252918287938,0,0.0,4,0.007782101167315175,0,0.0,2,0.0038910505836575876,1,0.0019455252918287938,2,0.0038910505836575876,0,0.0,5,0.009727626459143969,0,0.0,8,0.01556420233463035,514,1.0,ORIGEN,SECCION,COMPLETO
19,18,NAYARIT,ACAPONETA,,,18,897,565,0.6298773690078038,0.3701226309921962,MORENA,190,0.336283185840708,56,0.09911504424778761,MC,134,0.23716814159292035,90,0.1592920353982301,MLN,44,0.07787610619469026,MORENA,190,0.336283185840708,56,0.09911504424778761,MC,134,0.23716814159292035,90,0.1592920353982301,MLN,44,0.07787610619469026,11,0.019469026548672566,36,0.06371681415929203,37,0.06548672566371681,26,0.04601769911504425,23,0.04070796460176991,134,0.23716814159292035,190,0.336283185840708,15,0.02654867256637168,0,0.0,44,0.07787610619469026,1,0.0017699115044247787,10,0.017699115044247787,2,0.0035398230088495575,3,0.005309734513274336,0,0.0,0,0.0,0,0.0,10,0.017699115044247787,2,0.0035398230088495575,0,0.0,0,0.0,3,0.005309734513274336,1,0.0017699115044247787,0,0.0,1,0.0017699115044247787,2,0.0035398230088495575,2,0.0035398230088495575,1,0.0017699115044247787,0,0.0,11,0.019469026548672566,565,1.0,ORIGEN,SECCION,COMPLETO
20,18,NAYARIT,ACAPONETA,,,19,108,78,0.7222222222222222,0.2777777777777778,PRI,24,0.3076923076923077,7,0.08974358974358974,MC,17,0.21794871794871795,1,0.01282051282051282,MORENA,16,0.20512820512820512,PRI,24,0.3076923076923077,7,0.08974358974358974,MC,17,0.21794871794871795,1,0.01282051282051282,MORENA,16,0.20512820512820512,4,0.05128205128205128,24,0.3076923076923077,5,0.0641025641025641,3,0.038461538461538464,1,0.01282051282051282,17,0.21794871794871795,16,0.20512820512820512,2,0.02564102564102564,0,0.0,0,0.0,0,0.0,0,0.0,0,0.0,1,0.01282051282051282,0,0.0,0,0.0,0,0.0,1,0.01282051282051282,0,0.0,0,0.0,0,0.0,0,0.0,0,0.0,0,0.0,0,0.0,0,0.0,0,0.0,0,0.0,0,0.0,4,0.05128205128205128,78,1.0,ORIGEN,SECCION,COMPLETO
21,18,NAYARIT,ACAPONETA,,,20,252,177,0.7023809523809523,0.29761904761904767,MC,43,0.24293785310734464,2,0.011299435028248588,PRI,41,0.23163841807909605,19,0.10734463276836158,MORENA,22,0.12429378531073447,MC,43,0.24293785310734464,2,0.011299435028248588,PRI,41,0.23163841807909605,19,0.10734463276836158,MORENA,22,0.12429378531073447,17,0.096045197740113,41,0.23163841807909605,15,0.0847457627118644,13,0.07344632768361582,6,0.03389830508474576,43,0.24293785310734464,22,0.12429378531073447,3,0.01694915254237288,0,0.0,0,0.0,0,0.0,1,0.005649717514124294,0,0.0,4,0.022598870056497175,0,0.0,1,0.005649717514124294,0,0.0,0,0.0,1,0.005649717514124294,1,0.005649717514124294,1,0.005649717514124294,0,0.0,0,0.0,0,0.0,0,0.0,0,0.0,0,0.0,0,0.0,0,0.0,8,0.04519774011299435,177,1.0,ORIGEN,SECCION,COMPLETO
22,18,NAYARIT,ACAPONETA,,,21,401,256,0.6384039900249376,0.36159600997506236,NAN,82,0.3203125,32,0.125,MORENA,50,0.1953125,19,0.07421875,PRI,31,0.12109375,NAN,82,0.3203125,32,0.125,MORENA,50,0.1953125,19,0.07421875,PRI,31,0.12109375,5,0.01953125,31,0.12109375,9,0.03515625,20,0.078125,10,0.0390625,21,0.08203125,50,0.1953125,82,0.3203125,0,0.0,3,0.01171875,0,0.0,0,0.0,0,0.0,3,0.01171875,0,0.0,0,0.0,0,0.0,0,0.0,0,0.0,0,0.0,1,0.00390625,0,0.0,0,0.0,0,0.0,2,0.0078125,1,0.00390625,1,0.00390625,7,0.02734375,0,0.0,10,0.0390625,256,1.0,ORIGEN,SECCION,COMPLETO
23,18,NAYARIT,ACAPONETA,,,22,224,161,0.71875,0.28125,MORENA,56,0.34782608695652173,25,0.15527950310559005,PRI,31,0.19254658385093168,13,0.08074534161490683,PT,18,0.11180124223602485,MORENA,56,0.34782608695652173,25,0.15527950310559005,PRI,31,0.19254658385093168,13,0.08074534161490683,PT,18,0.11180124223602485,1,0.006211180124223602,31,0.19254658385093168,10,0.062111801242236024,18,0.11180124223602485,9,0.055900621118012424,12,0.07453416149068323,56,0.34782608695652173,4,0.024844720496894408,0,0.0,0,0.0,2,0.012422360248447204,2,0.012422360248447204,1,0.006211180124223602,0,0.0,0,0.0,0,0.0,0,0.0,0,0.0,1,0.006211180124223602,0,0.0,1,0.006211180124223602,0,0.0,0,0.0,1,0.006211180124223602,0,0.0,1,0.006211180124223602,0,0.0,3,0.018633540372670808,0,0.0,8,0.049689440993788817,161,1.0,ORIGEN,SECCION,COMPLETO
24,18,NAYARIT,ACAPONETA,,,23,574,350,0.6097560975609756,0.3902439024390244,MORENA,166,0.4742857142857143,97,0.27714285714285714,MC,69,0.19714285714285715,47,0.13428571428571429,PRI,22,0.06285714285714286,MORENA,166,0.4742857142857143,97,0.27714285714285714,MC,69,0.19714285714285715,47,0.13428571428571429,PRI,22,0.06285714285714286,14,0.04,22,0.06285714285714286,17,0.04857142857142857,13,0.037142857142857144,10,0.02857142857142857,69,0.19714285714285715,166,0.4742857142857143,16,0.045714285714285714,3,0.008571428571428572,1,0.002857142857142857,0,0.0,1,0.002857142857142857,0,0.0,0,0.0,0,0.0,0,0.0,0,0.0,1,0.002857142857142857,0,0.0,0,0.0,1,0.002857142857142857,1,0.002857142857142857,0,0.0,0,0.0,0,0.0,1,0.002857142857142857,0,0.0,1,0.002857142857142857,0,0.0,13,0.037142857142857144,350,1.0,ORIGEN,SECCION,COMPLETO
25,18,NAYARIT,ACAPONETA,,,24,810,570,0.7037037037037037,0.2962962962962963,MORENA,140,0.24561403508771928,5,0.008771929824561403,MC,135,0.23684210526315788,39,0.06842105263157895,PRI,96,0.16842105263157894,MORENA,140,0.24561403508771928,5,0.008771929824561403,MC,135,0.23684210526315788,39,0.06842105263157895,PRI,96,0.16842105263157894,21,0.03684210526315789,96,0.16842105263157894,26,0.0456140350877193,46,0.08070175438596491,27,0.04736842105263158,135,0.23684210526315788,140,0.24561403508771928,27,0.04736842105263158,1,0.0017543859649122807,2,0.0035087719298245615,4,0.007017543859649123,10,0.017543859649122806,1,0.0017543859649122807,5,0.008771929824561403,2,0.0035087719298245615,0,0.0,3,0.005263157894736842,4,0.007017543859649123,1,0.0017543859649122807,0,0.0,0,0.0,0,0.0,0,0.0,0,0.0,0,0.0,0,0.0,0,0.0,0,0.0,1,0.0017543859649122807,18,0.031578947368421054,570,1.0,ORIGEN,SECCION,COMPLETO
26,18,NAYARIT,ACAPONETA,,,25,113,69,0.6106194690265486,0.3893805309734514,MORENA,24,0.34782608695652173,9,0.13043478260869565,PRI,15,0.21739130434782608,8,0.11594202898550725,PAN,7,0.10144927536231885,MORENA,24,0.34782608695652173,9,0.13043478260869565,PRI,15,0.21739130434782608,8,0.11594202898550725,PAN,7,0.10144927536231885,7,0.10144927536231885,15,0.21739130434782608,1,0.014492753623188406,1,0.014492753623188406,2,0.028985507246376812,7,0.10144927536231885,24,0.34782608695652173,1,0.014492753623188406,1,0.014492753623188406,0,0.0,0,0.0,6,0.08695652173913043,0,0.0,0,0.0,0,0.0,0,0.0,0,0.0,0,0.0,0,0.0,0,0.0,0,0.0,0,0.0,0,0.0,0,0.0,0,0.0,0,0.0,0,0.0,0,0.0,0,0.0,4,0.057971014492753624,69,1.0,ORIGEN,SECCION,COMPLETO
27,18,NAYARIT,ACAPONETA,,,26,189,130,0.6878306878306878,0.3121693121693122,MORENA,39,0.3,18,0.13846153846153847,MC,21,0.16153846153846155,7,0.05384615384615385,PRI,14,0.1076923076923077,MORENA,39,0.3,18,0.13846153846153847,MC,21,0.16153846153846155,7,0.05384615384615385,PRI,14,0.1076923076923077,6,0.046153846153846156,14,0.1076923076923077,7,0.05384615384615385,11,0.08461538461538462,3,0.023076923076923078,21,0.16153846153846155,39,0.3,6,0.046153846153846156,0,0.0,0,0.0,1,0.007692307692307693,4,0.03076923076923077,2,0.015384615384615385,3,0.023076923076923078,0,0.0,0,0.0,0,0.0,0,0.0,1,0.007692307692307693,0,0.0,1,0.007692307692307693,0,0.0,0,0.0,0,0.0,0,0.0,0,0.0,0,0.0,0,0.0,0,0.0,11,0.08461538461538462,130,1.0,ORIGEN,SECCION,COMPLETO
28,18,NAYARIT,ACAPONETA,,,27,559,319,0.5706618962432916,0.42933810375670844,PRI,99,0.3103448275862069,7,0.0219435736677116,MORENA,92,0.2884012539184953,53,0.16614420062695925,MC,39,0.12225705329153605,PRI,99,0.3103448275862069,7,0.0219435736677116,MORENA,92,0.2884012539184953,53,0.16614420062695925,MC,39,0.12225705329153605,18,0.05642633228840126,99,0.3103448275862069,18,0.05642633228840126,11,0.034482758620689655,9,0.02821316614420063,39,0.12225705329153605,92,0.2884012539184953,7,0.0219435736677116,3,0.009404388714733543,0,0.0,1,0.003134796238244514,0,0.0,7,0.0219435736677116,2,0.006269592476489028,0,0.0,1,0.003134796238244514,0,0.0,0,0.0,0,0.0,0,0.0,0,0.0,1,0.003134796238244514,0,0.0,0,0.0,1,0.003134796238244514,1,0.003134796238244514,0,0.0,0,0.0,0,0.0,9,0.02821316614420063,319,1.0,ORIGEN,SECCION,COMPLETO
29,18,NAYARIT,ACAPONETA,,,28,358,240,0.6703910614525139,0.3296089385474861,PRI,61,0.25416666666666665,4,0.016666666666666666,MORENA,57,0.2375,18,0.075,MC,39,0.1625,PRI,61,0.25416666666666665,4,0.016666666666666666,MORENA,57,0.2375,18,0.075,MC,39,0.1625,19,0.07916666666666666,61,0.25416666666666665,28,0.11666666666666667,4,0.016666666666666666,4,0.016666666666666666,39,0.1625,57,0.2375,5,0.020833333333333332,0,0.0,3,0.0125,0,0.0,1,0.004166666666666667,0,0.0,4,0.016666666666666666,5,0.020833333333333332,0,0.0,3,0.0125,2,0.008333333333333333,0,0.0,0,0.0,1,0.004166666666666667,0,0.0,0,0.0,1,0.004166666666666667,0,0.0,1,0.004166666666666667,0,0.0,0,0.0,0,0.0,2,0.008333333333333333,240,1.0,ORIGEN,SECCION,COMPLETO
30,18,NAYARIT,ACAPONETA,,,29,150,94,0.6266666666666667,0.3733333333333333,PRI,26,0.2765957446808511,4,0.0425531914893617,MORENA,22,0.23404255319148937,12,0.1276595744680851,MC,10,0.10638297872340426,PRI,26,0.2765957446808511,4,0.0425531914893617,MORENA,22,0.23404255319148937,12,0.1276595744680851,MC,10,0.10638297872340426,2,0.02127659574468085,26,0.2765957446808511,7,0.07446808510638298,4,0.0425531914893617,6,0.06382978723404255,10,0.10638297872340426,22,0.23404255319148937,6,0.06382978723404255,1,0.010638297872340425,0,0.0,0,0.0,0,0.0,0,0.0,3,0.031914893617021274,0,0.0,0,0.0,0,0.0,0,0.0,1,0.010638297872340425,0,0.0,0,0.0,0,0.0,0,0.0,0,0.0,0,0.0,1,0.010638297872340425,0,0.0,0,0.0,0,0.0,5,0.05319148936170213,94,1.0,ORIGEN,SECCION,COMPLETO
31,18,NAYARIT,ACAPONETA,,,30,243,145,0.5967078189300411,0.4032921810699589,MORENA,75,0.5172413793103449,57,0.3931034482758621,PRI,18,0.12413793103448276,6,0.041379310344827586,MC,12,0.08275862068965517,MORENA,75,0.5172413793103449,57,0.3931034482758621,PRI,18,0.12413793103448276,6,0.041379310344827586,MC,12,0.08275862068965517,2,0.013793103448275862,18,0.12413793103448276,6,0.041379310344827586,4,0.027586206896551724,5,0.034482758620689655,12,0.08275862068965517,75,0.5172413793103449,7,0.04827586206896552,0,0.0,0,0.0,0,0.0,3,0.020689655172413793,0,0.0,1,0.006896551724137931,1,0.006896551724137931,0,0.0,0,0.0,0,0.0,0,0.0,0,0.0,0,0.0,1,0.006896551724137931,0,0.0,0,0.0,0,0.0,1,0.006896551724137931,0,0.0,0,0.0,0,0.0,9,0.06206896551724138,145,1.0,ORIGEN,SECCION,COMPLETO
32,18,NAYARIT,ACAPONETA,,,31,291,223,0.7663230240549829,0.23367697594501713,MORENA,83,0.3721973094170404,32,0.14349775784753363,PRI,51,0.22869955156950672,33,0.14798206278026907,RSP,18,0.08071748878923767,MORENA,83,0.3721973094170404,32,0.14349775784753363,PRI,51,0.22869955156950672,33,0.14798206278026907,RSP,18,0.08071748878923767,7,0.03139013452914798,51,0.22869955156950672,7,0.03139013452914798,14,0.06278026905829596,5,0.02242152466367713,15,0.06726457399103139,83,0.3721973094170404,5,0.02242152466367713,0,0.0,0,0.0,0,0.0,18,0.08071748878923767,1,0.004484304932735426,4,0.017937219730941704,1,0.004484304932735426,0,0.0,0,0.0,0,0.0,0,0.0,0,0.0,0,0.0,0,0.0,0,0.0,1,0.004484304932735426,0,0.0,0,0.0,2,0.008968609865470852,0,0.0,0,0.0,9,0.04035874439461883,223,1.0,ORIGEN,SECCION,COMPLETO
33,18,NAYARIT,ACAPONETA,,,32,362,248,0.6850828729281768,0.3149171270718232,MORENA,78,0.31451612903225806,31,0.125,PRI,47,0.18951612903225806,4,0.016129032258064516,MC,43,0.17338709677419356,MORENA,78,0.31451612903225806,31,0.125,PRI,47,0.18951612903225806,4,0.016129032258064516,MC,43,0.17338709677419356,8,0.03225806451612903,47,0.18951612903225806,9,0.036290322580645164,12,0.04838709677419355,14,0.056451612903225805,43,0.17338709677419356,78,0.31451612903225806,15,0.06048387096774194,1,0.004032258064516129,4,0.016129032258064516,1,0.004032258064516129,4,0.016129032258064516,0,0.0,1,0.004032258064516129,0,0.0,1,0.004032258064516129,0,0.0,3,0.012096774193548387,0,0.0,0,0.0,1,0.004032258064516129,1,0.004032258064516129,1,0.004032258064516129,0,0.0,0,0.0,1,0.004032258064516129,0,0.0,1,0.004032258064516129,0,0.0,2,0.008064516129032258,248,1.0,ORIGEN,SECCION,COMPLETO
34,18,NAYARIT,ACAPONETA,,,33,791,494,0.6245259165613148,0.37547408343868516,MORENA,198,0.4008097165991903,111,0.22469635627530365,MC,87,0.17611336032388664,49,0.09919028340080972,PRD,38,0.07692307692307693,MORENA,198,0.4008097165991903,111,0.22469635627530365,MC,87,0.17611336032388664,49,0.09919028340080972,PRD,38,0.07692307692307693,14,0.02834008097165992,32,0.06477732793522267,38,0.07692307692307693,17,0.03441295546558704,20,0.04048582995951417,87,0.17611336032388664,198,0.4008097165991903,10,0.020242914979757085,2,0.004048582995951417,10,0.020242914979757085,1,0.0020242914979757085,6,0.012145748987854251,1,0.0020242914979757085,8,0.016194331983805668,2,0.004048582995951417,0,0.0,1,0.0020242914979757085,8,0.016194331983805668,1,0.0020242914979757085,0,0.0,4,0.008097165991902834,6,0.012145748987854251,0,0.0,3,0.006072874493927126,0,0.0,4,0.008097165991902834,0,0.0,1,0.0020242914979757085,0,0.0,20,0.04048582995951417,494,1.0,ORIGEN,SECCION,COMPLETO
35,18,NAYARIT,ACAPONETA,,,34,322,207,0.6428571428571429,0.3571428571428571,MORENA,119,0.5748792270531401,91,0.4396135265700483,MC,28,0.13526570048309178,10,0.04830917874396135,PRI,18,0.08695652173913043,MORENA,119,0.5748792270531401,91,0.4396135265700483,MC,28,0.13526570048309178,10,0.04830917874396135,PRI,18,0.08695652173913043,7,0.033816425120772944,18,0.08695652173913043,7,0.033816425120772944,8,0.03864734299516908,4,0.01932367149758454,28,0.13526570048309178,119,0.5748792270531401,5,0.024154589371980676,0,0.0,0,0.0,0,0.0,5,0.024154589371980676,0,0.0,0,0.0,0,0.0,0,0.0,0,0.0,2,0.00966183574879227,0,0.0,0,0.0,0,0.0,0,0.0,0,0.0,0,0.0,0,0.0,0,0.0,0,0.0,0,0.0,0,0.0,4,0.01932367149758454,207,1.0,ORIGEN,SECCION,COMPLETO
36,18,NAYARIT,ACAPONETA,,,35,109,66,0.6055045871559633,0.39449541284403666,MC,32,0.48484848484848486,19,0.2878787878787879,MORENA,13,0.19696969696969696,7,0.10606060606060606,PRI,6,0.09090909090909091,MC,32,0.48484848484848486,19,0.2878787878787879,MORENA,13,0.19696969696969696,7,0.10606060606060606,PRI,6,0.09090909090909091,2,0.030303030303030304,6,0.09090909090909091,2,0.030303030303030304,2,0.030303030303030304,2,0.030303030303030304,32,0.48484848484848486,13,0.19696969696969696,0,0.0,0,0.0,0,0.0,0,0.0,0,0.0,0,0.0,0,0.0,1,0.015151515151515152,0,0.0,0,0.0,0,0.0,0,0.0,0,0.0,0,0.0,0,0.0,0,0.0,1,0.015151515151515152,0,0.0,0,0.0,0,0.0,0,0.0,0,0.0,5,0.07575757575757576,66,1.0,ORIGEN,SECCION,COMPLETO
37,18,NAYARIT,ACAPONETA,,,36,747,434,0.5809906291834003,0.4190093708165997,MORENA,175,0.4032258064516129,108,0.2488479262672811,MC,67,0.1543778801843318,33,0.07603686635944701,PRD,34,0.07834101382488479,MORENA,175,0.4032258064516129,108,0.2488479262672811,MC,67,0.1543778801843318,33,0.07603686635944701,PRD,34,0.07834101382488479,4,0.009216589861751152,22,0.05069124423963134,34,0.07834101382488479,27,0.06221198156682028,28,0.06451612903225806,67,0.1543778801843318,175,0.4032258064516129,12,0.027649769585253458,4,0.009216589861751152,9,0.020737327188940093,6,0.013824884792626729,10,0.02304147465437788,1,0.002304147465437788,2,0.004608294930875576,1,0.002304147465437788,0,0.0,0,0.0,4,0.009216589861751152,0,0.0,1,0.002304147465437788,1,0.002304147465437788,0,0.0,0,0.0,0,0.0,0,0.0,1,0.002304147465437788,0,0.0,1,0.002304147465437788,0,0.0,24,0.055299539170506916,434,1.0,ORIGEN,SECCION,COMPLETO
38,18,NAYARIT,ACAPONETA,,,37,278,186,0.6690647482014388,0.3309352517985612,MORENA,97,0.521505376344086,78,0.41935483870967744,NAN,19,0.10215053763440861,1,0.005376344086021506,MC,18,0.0967741935483871,MORENA,97,0.521505376344086,78,0.41935483870967744,NAN,19,0.10215053763440861,1,0.005376344086021506,MC,18,0.0967741935483871,4,0.021505376344086023,8,0.043010752688172046,5,0.026881720430107527,9,0.04838709677419355,10,0.053763440860215055,18,0.0967741935483871,97,0.521505376344086,19,0.10215053763440861,0,0.0,1,0.005376344086021506,0,0.0,0,0.0,1,0.005376344086021506,0,0.0,0,0.0,0,0.0,0,0.0,2,0.010752688172043012,0,0.0,0,0.0,0,0.0,0,0.0,0,0.0,0,0.0,0,0.0,2,0.010752688172043012,0,0.0,4,0.021505376344086023,0,0.0,6,0.03225806451612903,186,1.0,ORIGEN,SECCION,COMPLETO
39,18,NAYARIT,ACAPONETA,,,38,980,682,0.6959183673469388,0.3040816326530612,MORENA,215,0.3152492668621701,6,0.008797653958944282,MC,209,0.3064516129032258,153,0.22434017595307917,PRI,56,0.08211143695014662,MORENA,215,0.3152492668621701,6,0.008797653958944282,MC,209,0.3064516129032258,153,0.22434017595307917,PRI,56,0.08211143695014662,26,0.03812316715542522,56,0.08211143695014662,51,0.0747800586510264,35,0.051319648093841645,8,0.011730205278592375,209,0.3064516129032258,215,0.3152492668621701,7,0.010263929618768328,0,0.0,10,0.01466275659824047,2,0.002932551319648094,13,0.01906158357771261,0,0.0,10,0.01466275659824047,4,0.005865102639296188,0,0.0,1,0.001466275659824047,6,0.008797653958944282,5,0.007331378299120235,0,0.0,1,0.001466275659824047,2,0.002932551319648094,2,0.002932551319648094,3,0.004398826979472141,0,0.0,3,0.004398826979472141,0,0.0,2,0.002932551319648094,0,0.0,11,0.016129032258064516,682,1.0,ORIGEN,SECCION,COMPLETO
40,18,NAYARIT,ACAPONETA,,,39,799,528,0.6608260325406758,0.33917396745932415,MORENA,192,0.36363636363636365,14,0.026515151515151516,MC,178,0.3371212121212121,140,0.26515151515151514,PRI,38,0.07196969696969698,MORENA,192,0.36363636363636365,14,0.026515151515151516,MC,178,0.3371212121212121,140,0.26515151515151514,PRI,38,0.07196969696969698,11,0.020833333333333332,38,0.07196969696969698,11,0.020833333333333332,20,0.03787878787878788,13,0.02462121212121212,178,0.3371212121212121,192,0.36363636363636365,4,0.007575757575757576,0,0.0,8,0.015151515151515152,1,0.001893939393939394,15,0.028409090909090908,2,0.003787878787878788,7,0.013257575757575758,0,0.0,0,0.0,1,0.001893939393939394,3,0.005681818181818182,4,0.007575757575757576,0,0.0,0,0.0,1,0.001893939393939394,0,0.0,0,0.0,0,0.0,0,0.0,0,0.0,0,0.0,0,0.0,19,0.03598484848484849,528,1.0,ORIGEN,SECCION,COMPLETO
41,18,NAYARIT,ACAPONETA,,,40,742,493,0.6644204851752021,0.33557951482479786,MORENA,145,0.29411764705882354,5,0.010141987829614604,MC,140,0.2839756592292089,70,0.14198782961460446,PRI,70,0.14198782961460446,MORENA,145,0.29411764705882354,5,0.010141987829614604,MC,140,0.2839756592292089,70,0.14198782961460446,PRI,70,0.14198782961460446,18,0.036511156186612576,70,0.14198782961460446,11,0.02231237322515213,42,0.08519269776876268,17,0.034482758620689655,140,0.2839756592292089,145,0.29411764705882354,15,0.030425963488843813,0,0.0,4,0.008113590263691683,0,0.0,1,0.002028397565922921,1,0.002028397565922921,2,0.004056795131845842,0,0.0,0,0.0,0,0.0,4,0.008113590263691683,1,0.002028397565922921,3,0.006085192697768763,0,0.0,1,0.002028397565922921,0,0.0,2,0.004056795131845842,1,0.002028397565922921,2,0.004056795131845842,0,0.0,0,0.0,0,0.0,13,0.02636916835699797,493,1.0,ORIGEN,SECCION,COMPLETO
42,18,NAYARIT,ACAPONETA,,,41,333,226,0.6786786786786787,0.3213213213213213,MORENA,71,0.3141592920353982,15,0.06637168141592921,MC,56,0.24778761061946902,19,0.084070796460177,PRI,37,0.16371681415929204,MORENA,71,0.3141592920353982,15,0.06637168141592921,MC,56,0.24778761061946902,19,0.084070796460177,PRI,37,0.16371681415929204,3,0.01327433628318584,37,0.16371681415929204,1,0.004424778761061947,23,0.10176991150442478,10,0.04424778761061947,56,0.24778761061946902,71,0.3141592920353982,5,0.022123893805309734,0,0.0,1,0.004424778761061947,0,0.0,0,0.0,3,0.01327433628318584,1,0.004424778761061947,0,0.0,0,0.0,0,0.0,0,0.0,0,0.0,1,0.004424778761061947,0,0.0,0,0.0,1,0.004424778761061947,1,0.004424778761061947,0,0.0,0,0.0,0,0.0,1,0.004424778761061947,0,0.0,11,0.048672566371681415,226,1.0,ORIGEN,SECCION,COMPLETO
43,18,NAYARIT,ACAPONETA,,,43,718,418,0.5821727019498607,0.4178272980501393,MORENA,216,0.5167464114832536,160,0.3827751196172249,MC,56,0.1339712918660287,20,0.04784688995215311,PRI,36,0.0861244019138756,MORENA,216,0.5167464114832536,160,0.3827751196172249,MC,56,0.1339712918660287,20,0.04784688995215311,PRI,36,0.0861244019138756,14,0.03349282296650718,36,0.0861244019138756,6,0.014354066985645933,26,0.06220095693779904,15,0.03588516746411483,56,0.1339712918660287,216,0.5167464114832536,4,0.009569377990430622,1,0.0023923444976076554,4,0.009569377990430622,1,0.0023923444976076554,4,0.009569377990430622,0,0.0,2,0.004784688995215311,0,0.0,0,0.0,1,0.0023923444976076554,7,0.01674641148325359,1,0.0023923444976076554,3,0.007177033492822967,1,0.0023923444976076554,1,0.0023923444976076554,1,0.0023923444976076554,2,0.004784688995215311,0,0.0,2,0.004784688995215311,0,0.0,2,0.004784688995215311,0,0.0,12,0.028708133971291867,418,1.0,ORIGEN,SECCION,COMPLETO
44,18,NAYARIT,ACAPONETA,,,44,140,94,0.6714285714285714,0.3285714285714286,MC,31,0.32978723404255317,15,0.1595744680851064,MORENA,16,0.1702127659574468,3,0.031914893617021274,PRI,13,0.13829787234042554,MC,31,0.32978723404255317,15,0.1595744680851064,MORENA,16,0.1702127659574468,3,0.031914893617021274,PRI,13,0.13829787234042554,5,0.05319148936170213,13,0.13829787234042554,4,0.0425531914893617,6,0.06382978723404255,3,0.031914893617021274,31,0.32978723404255317,16,0.1702127659574468,3,0.031914893617021274,1,0.010638297872340425,0,0.0,0,0.0,0,0.0,2,0.02127659574468085,1,0.010638297872340425,0,0.0,0,0.0,0,0.0,0,0.0,2,0.02127659574468085,0,0.0,1,0.010638297872340425,1,0.010638297872340425,0,0.0,0,0.0,0,0.0,0,0.0,0,0.0,0,0.0,0,0.0,5,0.05319148936170213,94,1.0,ORIGEN,SECCION,COMPLETO
45,18,NAYARIT,ACAPONETA,,,45,231,145,0.6277056277056277,0.37229437229437234,MORENA,62,0.42758620689655175,38,0.2620689655172414,PT,24,0.16551724137931034,6,0.041379310344827586,PRI,18,0.12413793103448276,MORENA,62,0.42758620689655175,38,0.2620689655172414,PT,24,0.16551724137931034,6,0.041379310344827586,PRI,18,0.12413793103448276,6,0.041379310344827586,18,0.12413793103448276,1,0.006896551724137931,24,0.16551724137931034,5,0.034482758620689655,17,0.11724137931034483,62,0.42758620689655175,2,0.013793103448275862,1,0.006896551724137931,0,0.0,0,0.0,0,0.0,0,0.0,2,0.013793103448275862,0,0.0,0,0.0,0,0.0,1,0.006896551724137931,1,0.006896551724137931,0,0.0,0,0.0,0,0.0,0,0.0,1,0.006896551724137931,0,0.0,0,0.0,0,0.0,0,0.0,0,0.0,4,0.027586206896551724,145,1.0,ORIGEN,SECCION,COMPLETO
46,18,NAYARIT,ACAPONETA,,,46,841,558,0.6634958382877527,0.3365041617122473,MORENA,273,0.489247311827957,182,0.32616487455197135,PAN,91,0.16308243727598568,42,0.07526881720430108,PT,49,0.08781362007168458,MORENA,273,0.489247311827957,182,0.32616487455197135,PAN,91,0.16308243727598568,42,0.07526881720430108,PT,49,0.08781362007168458,91,0.16308243727598568,36,0.06451612903225806,8,0.014336917562724014,49,0.08781362007168458,13,0.023297491039426525,25,0.044802867383512544,273,0.489247311827957,7,0.012544802867383513,0,0.0,8,0.014336917562724014,0,0.0,14,0.025089605734767026,0,0.0,4,0.007168458781362007,0,0.0,0,0.0,0,0.0,6,0.010752688172043012,2,0.0035842293906810036,0,0.0,1,0.0017921146953405018,0,0.0,0,0.0,9,0.016129032258064516,0,0.0,2,0.0035842293906810036,0,0.0,1,0.0017921146953405018,0,0.0,9,0.016129032258064516,558,1.0,ORIGEN,SECCION,COMPLETO
47,18,NAYARIT,ACAPONETA,,,47,674,442,0.655786350148368,0.34421364985163205,MORENA,128,0.2895927601809955,12,0.027149321266968326,PVEM,116,0.26244343891402716,58,0.13122171945701358,MC,58,0.13122171945701358,MORENA,128,0.2895927601809955,12,0.027149321266968326,PVEM,116,0.26244343891402716,58,0.13122171945701358,MC,58,0.13122171945701358,18,0.04072398190045249,45,0.10180995475113122,4,0.00904977375565611,26,0.058823529411764705,116,0.26244343891402716,58,0.13122171945701358,128,0.2895927601809955,7,0.01583710407239819,0,0.0,7,0.01583710407239819,0,0.0,1,0.0022624434389140274,2,0.004524886877828055,4,0.00904977375565611,0,0.0,0,0.0,0,0.0,6,0.013574660633484163,4,0.00904977375565611,0,0.0,0,0.0,1,0.0022624434389140274,1,0.0022624434389140274,0,0.0,0,0.0,3,0.006787330316742082,1,0.0022624434389140274,1,0.0022624434389140274,0,0.0,9,0.020361990950226245,442,1.0,ORIGEN,SECCION,COMPLETO
48,18,NAYARIT,ACAPONETA,,,48,246,142,0.5772357723577236,0.4227642276422764,MORENA,60,0.4225352112676056,36,0.2535211267605634,PRI,24,0.16901408450704225,9,0.06338028169014084,MC,15,0.1056338028169014,MORENA,60,0.4225352112676056,36,0.2535211267605634,PRI,24,0.16901408450704225,9,0.06338028169014084,MC,15,0.1056338028169014,6,0.04225352112676056,24,0.16901408450704225,6,0.04225352112676056,9,0.06338028169014084,5,0.035211267605633804,15,0.1056338028169014,60,0.4225352112676056,2,0.014084507042253521,0,0.0,0,0.0,1,0.007042253521126761,0,0.0,1,0.007042253521126761,1,0.007042253521126761,0,0.0,0,0.0,0,0.0,0,0.0,0,0.0,0,0.0,0,0.0,1,0.007042253521126761,0,0.0,0,0.0,1,0.007042253521126761,0,0.0,0,0.0,1,0.007042253521126761,0,0.0,9,0.06338028169014084,142,1.0,ORIGEN,SECCION,COMPLETO
49,18,NAYARIT,AHUACATLAN,,,49,754,482,0.6392572944297082,0.36074270557029176,MC,114,0.23651452282157676,16,0.03319502074688797,PT_PVEM_MORENA_NAN,98,0.2033195020746888,33,0.06846473029045644,PAN_PRI_PRD,65,0.13485477178423236,MC,114,0.23651452282157676,16,0.03319502074688797,PT_PVEM_MORENA_NAN,98,0.2033195020746888,33,0.06846473029045644,PAN_PRI_PRD,65,0.13485477178423236,47,0.0975103734439834,14,0.029045643153526972,3,0.006224066390041493,14,0.029045643153526972,5,0.01037344398340249,114,0.23651452282157676,38,0.07883817427385892,1,0.002074688796680498,1,0.002074688796680498,24,0.04979253112033195,4,0.008298755186721992,29,0.06016597510373444,1,0.002074688796680498,65,0.13485477178423236,0,0.0,0,0.0,1,0.002074688796680498,98,0.2033195020746888,3,0.006224066390041493,0,0.0,0,0.0,1,0.002074688796680498,1,0.002074688796680498,2,0.004149377593360996,0,0.0,0,0.0,0,0.0,1,0.002074688796680498,0,0.0,15,0.03112033195020747,482,1.0,ORIGEN,SECCION,COMPLETO
50,18,NAYARIT,AHUACATLAN,,,50,871,543,0.6234213547646383,0.37657864523536166,MC,145,0.26703499079189685,8,0.014732965009208104,MORENA,137,0.2523020257826888,54,0.09944751381215469,PAN,83,0.15285451197053407,MC,145,0.26703499079189685,8,0.014732965009208104,MORENA,137,0.2523020257826888,54,0.09944751381215469,PAN,83,0.15285451197053407,83,0.15285451197053407,26,0.04788213627992634,8,0.014732965009208104,18,0.03314917127071823,19,0.034990791896869246,145,0.26703499079189685,137,0.2523020257826888,4,0.007366482504604052,9,0.016574585635359115,33,0.06077348066298342,2,0.003683241252302026,24,0.04419889502762431,1,0.001841620626151013,8,0.014732965009208104,1,0.001841620626151013,1,0.001841620626151013,0,0.0,3,0.0055248618784530384,0,0.0,0,0.0,3,0.0055248618784530384,3,0.0055248618784530384,0,0.0,1,0.001841620626151013,0,0.0,0,0.0,0,0.0,2,0.003683241252302026,0,0.0,12,0.022099447513812154,543,1.0,ORIGEN,SECCION,COMPLETO
51,18,NAYARIT,AHUACATLAN,,,51,689,446,0.6473149492017417,0.3526850507982583,MORENA,101,0.226457399103139,12,0.026905829596412557,MC,89,0.19955156950672645,4,0.008968609865470852,PAN,85,0.1905829596412556,MORENA,101,0.226457399103139,12,0.026905829596412557,MC,89,0.19955156950672645,4,0.008968609865470852,PAN,85,0.1905829596412556,85,0.1905829596412556,17,0.03811659192825112,8,0.017937219730941704,16,0.03587443946188341,37,0.08295964125560538,89,0.19955156950672645,101,0.226457399103139,9,0.020179372197309416,0,0.0,29,0.06502242152466367,1,0.002242152466367713,12,0.026905829596412557,1,0.002242152466367713,4,0.008968609865470852,1,0.002242152466367713,0,0.0,0,0.0,14,0.03139013452914798,1,0.002242152466367713,1,0.002242152466367713,1,0.002242152466367713,0,0.0,1,0.002242152466367713,1,0.002242152466367713,0,0.0,3,0.006726457399103139,0,0.0,0,0.0,0,0.0,14,0.03139013452914798,446,1.0,ORIGEN,SECCION,COMPLETO
52,18,NAYARIT,AHUACATLAN,,,52,1241,762,0.6140209508460919,0.3859790491539081,MC,166,0.2178477690288714,10,0.013123359580052493,MORENA,156,0.2047244094488189,36,0.047244094488188976,PAN,120,0.15748031496062992,MC,166,0.2178477690288714,10,0.013123359580052493,MORENA,156,0.2047244094488189,36,0.047244094488188976,PAN,120,0.15748031496062992,120,0.15748031496062992,28,0.03674540682414698,10,0.013123359580052493,45,0.05905511811023622,43,0.05643044619422572,166,0.2178477690288714,156,0.2047244094488189,21,0.027559055118110236,3,0.003937007874015748,69,0.09055118110236221,4,0.005249343832020997,20,0.026246719160104987,3,0.003937007874015748,9,0.011811023622047244,7,0.009186351706036745,1,0.0013123359580052493,0,0.0,16,0.02099737532808399,4,0.005249343832020997,1,0.0013123359580052493,2,0.0026246719160104987,0,0.0,2,0.0026246719160104987,1,0.0013123359580052493,0,0.0,1,0.0013123359580052493,0,0.0,0,0.0,0,0.0,30,0.03937007874015748,762,1.0,ORIGEN,SECCION,COMPLETO
53,18,NAYARIT,AHUACATLAN,,,53,1017,619,0.6086529006882989,0.3913470993117011,MC,159,0.2568659127625202,12,0.01938610662358643,MORENA,147,0.23747980613893377,73,0.11793214862681745,PAN,74,0.11954765751211632,MC,159,0.2568659127625202,12,0.01938610662358643,MORENA,147,0.23747980613893377,73,0.11793214862681745,PAN,74,0.11954765751211632,74,0.11954765751211632,33,0.05331179321486268,2,0.0032310177705977385,45,0.07269789983844911,30,0.048465266558966075,159,0.2568659127625202,147,0.23747980613893377,16,0.025848142164781908,1,0.0016155088852988692,42,0.06785137318255251,4,0.006462035541195477,14,0.022617124394184167,1,0.0016155088852988692,9,0.014539579967689823,2,0.0032310177705977385,0,0.0,0,0.0,11,0.017770597738287562,6,0.009693053311793215,0,0.0,2,0.0032310177705977385,2,0.0032310177705977385,0,0.0,0,0.0,0,0.0,3,0.004846526655896607,0,0.0,1,0.0016155088852988692,0,0.0,15,0.024232633279483037,619,1.0,ORIGEN,SECCION,COMPLETO
54,18,NAYARIT,AHUACATLAN,,,54,1185,748,0.6312236286919831,0.3687763713080169,MC,204,0.2727272727272727,9,0.012032085561497326,MORENA,195,0.2606951871657754,109,0.14572192513368984,PAN,86,0.11497326203208556,MC,204,0.2727272727272727,9,0.012032085561497326,MORENA,195,0.2606951871657754,109,0.14572192513368984,PAN,86,0.11497326203208556,86,0.11497326203208556,43,0.05748663101604278,6,0.008021390374331552,37,0.04946524064171123,32,0.0427807486631016,204,0.2727272727272727,195,0.2606951871657754,22,0.029411764705882353,3,0.004010695187165776,41,0.05481283422459893,0,0.0,26,0.034759358288770054,0,0.0,5,0.0066844919786096255,3,0.004010695187165776,0,0.0,0,0.0,17,0.022727272727272728,2,0.00267379679144385,0,0.0,2,0.00267379679144385,1,0.001336898395721925,1,0.001336898395721925,0,0.0,0,0.0,6,0.008021390374331552,1,0.001336898395721925,0,0.0,0,0.0,15,0.020053475935828877,748,1.0,ORIGEN,SECCION,COMPLETO
55,18,NAYARIT,AHUACATLAN,,,55,290,189,0.6517241379310345,0.34827586206896555,MORENA,68,0.35978835978835977,34,0.17989417989417988,PAN,34,0.17989417989417988,10,0.05291005291005291,MC,24,0.12698412698412698,MORENA,68,0.35978835978835977,34,0.17989417989417988,PAN,34,0.17989417989417988,10,0.05291005291005291,MC,24,0.12698412698412698,34,0.17989417989417988,17,0.08994708994708994,2,0.010582010582010581,8,0.042328042328042326,4,0.021164021164021163,24,0.12698412698412698,68,0.35978835978835977,4,0.021164021164021163,0,0.0,3,0.015873015873015872,0,0.0,9,0.047619047619047616,1,0.005291005291005291,5,0.026455026455026454,1,0.005291005291005291,2,0.010582010582010581,0,0.0,4,0.021164021164021163,1,0.005291005291005291,0,0.0,0,0.0,0,0.0,0,0.0,0,0.0,0,0.0,0,0.0,0,0.0,0,0.0,0,0.0,2,0.010582010582010581,189,1.0,ORIGEN,SECCION,COMPLETO
56,18,NAYARIT,AHUACATLAN,,,56,622,380,0.6109324758842444,0.3890675241157556,MORENA,131,0.3447368421052632,71,0.1868421052631579,PRI,60,0.15789473684210525,11,0.02894736842105263,MC,49,0.12894736842105264,MORENA,131,0.3447368421052632,71,0.1868421052631579,PRI,60,0.15789473684210525,11,0.02894736842105263,MC,49,0.12894736842105264,45,0.11842105263157894,60,0.15789473684210525,2,0.005263157894736842,12,0.031578947368421054,8,0.021052631578947368,49,0.12894736842105264,131,0.3447368421052632,12,0.031578947368421054,0,0.0,3,0.007894736842105263,0,0.0,12,0.031578947368421054,2,0.005263157894736842,4,0.010526315789473684,5,0.013157894736842105,0,0.0,0,0.0,8,0.021052631578947368,1,0.002631578947368421,1,0.002631578947368421,4,0.010526315789473684,0,0.0,0,0.0,1,0.002631578947368421,0,0.0,2,0.005263157894736842,1,0.002631578947368421,1,0.002631578947368421,0,0.0,16,0.042105263157894736,380,1.0,ORIGEN,SECCION,COMPLETO
57,18,NAYARIT,AHUACATLAN,,,57,831,473,0.5691937424789411,0.43080625752105894,MORENA,204,0.4312896405919662,148,0.3128964059196617,PAN,56,0.11839323467230443,0,0.0,MC,56,0.11839323467230443,MORENA,204,0.4312896405919662,148,0.3128964059196617,PAN,56,0.11839323467230443,0,0.0,MC,56,0.11839323467230443,56,0.11839323467230443,45,0.09513742071881606,3,0.006342494714587738,24,0.0507399577167019,14,0.02959830866807611,56,0.11839323467230443,204,0.4312896405919662,9,0.019027484143763214,0,0.0,4,0.008456659619450317,0,0.0,13,0.02748414376321353,0,0.0,4,0.008456659619450317,0,0.0,0,0.0,0,0.0,9,0.019027484143763214,1,0.0021141649048625794,1,0.0021141649048625794,5,0.010570824524312896,0,0.0,1,0.0021141649048625794,2,0.004228329809725159,1,0.0021141649048625794,3,0.006342494714587738,0,0.0,6,0.012684989429175475,0,0.0,12,0.02536997885835095,473,1.0,ORIGEN,SECCION,COMPLETO
58,18,NAYARIT,AHUACATLAN,,,58,526,283,0.5380228136882129,0.4619771863117871,MORENA,116,0.4098939929328622,53,0.1872791519434629,PAN,63,0.2226148409893993,41,0.14487632508833923,MC,22,0.07773851590106007,MORENA,116,0.4098939929328622,53,0.1872791519434629,PAN,63,0.2226148409893993,41,0.14487632508833923,MC,22,0.07773851590106007,63,0.2226148409893993,15,0.053003533568904596,2,0.007067137809187279,20,0.0706713780918728,9,0.03180212014134275,22,0.07773851590106007,116,0.4098939929328622,4,0.014134275618374558,0,0.0,2,0.007067137809187279,0,0.0,1,0.0035335689045936395,0,0.0,2,0.007067137809187279,1,0.0035335689045936395,0,0.0,0,0.0,5,0.0176678445229682,2,0.007067137809187279,1,0.0035335689045936395,0,0.0,1,0.0035335689045936395,1,0.0035335689045936395,1,0.0035335689045936395,0,0.0,6,0.02120141342756184,0,0.0,1,0.0035335689045936395,0,0.0,8,0.028268551236749116,283,1.0,ORIGEN,SECCION,COMPLETO
59,18,NAYARIT,AHUACATLAN,,,59,1412,844,0.5977337110481586,0.40226628895184136,MORENA,309,0.36611374407582936,204,0.24170616113744076,PAN,105,0.12440758293838862,23,0.027251184834123223,MC,82,0.0971563981042654,MORENA,309,0.36611374407582936,204,0.24170616113744076,PAN,105,0.12440758293838862,23,0.027251184834123223,MC,82,0.0971563981042654,105,0.12440758293838862,54,0.06398104265402843,7,0.008293838862559242,60,0.07109004739336493,27,0.031990521327014215,82,0.0971563981042654,309,0.36611374407582936,65,0.07701421800947868,3,0.0035545023696682463,17,0.02014218009478673,4,0.004739336492890996,6,0.0071090047393364926,0,0.0,14,0.016587677725118485,7,0.008293838862559242,1,0.001184834123222749,0,0.0,22,0.026066350710900472,4,0.004739336492890996,3,0.0035545023696682463,2,0.002369668246445498,3,0.0035545023696682463,3,0.0035545023696682463,0,0.0,1,0.001184834123222749,5,0.005924170616113744,0,0.0,6,0.0071090047393364926,0,0.0,34,0.04028436018957346,844,1.0,ORIGEN,SECCION,COMPLETO
60,18,NAYARIT,AHUACATLAN,,,60,680,465,0.6838235294117647,0.3161764705882353,PAN,139,0.2989247311827957,19,0.04086021505376344,MORENA,120,0.25806451612903225,79,0.16989247311827957,MC,41,0.08817204301075268,PAN,139,0.2989247311827957,19,0.04086021505376344,MORENA,120,0.25806451612903225,79,0.16989247311827957,MC,41,0.08817204301075268,139,0.2989247311827957,37,0.07956989247311828,0,0.0,38,0.08172043010752689,29,0.06236559139784946,41,0.08817204301075268,120,0.25806451612903225,2,0.004301075268817204,2,0.004301075268817204,7,0.015053763440860216,1,0.002150537634408602,7,0.015053763440860216,0,0.0,7,0.015053763440860216,8,0.017204301075268817,0,0.0,0,0.0,11,0.023655913978494623,0,0.0,0,0.0,0,0.0,0,0.0,0,0.0,0,0.0,0,0.0,0,0.0,0,0.0,0,0.0,0,0.0,16,0.034408602150537634,465,1.0,ORIGEN,SECCION,COMPLETO
61,18,NAYARIT,AHUACATLAN,,,61,901,472,0.5238623751387348,0.4761376248612652,MC,126,0.2669491525423729,44,0.09322033898305085,MORENA,82,0.17372881355932204,13,0.02754237288135593,PAN,69,0.1461864406779661,MC,126,0.2669491525423729,44,0.09322033898305085,MORENA,82,0.17372881355932204,13,0.02754237288135593,PAN,69,0.1461864406779661,69,0.1461864406779661,18,0.038135593220338986,5,0.01059322033898305,25,0.05296610169491525,21,0.04449152542372881,126,0.2669491525423729,82,0.17372881355932204,18,0.038135593220338986,1,0.00211864406779661,36,0.07627118644067797,2,0.00423728813559322,9,0.019067796610169493,1,0.00211864406779661,14,0.029661016949152543,7,0.014830508474576272,1,0.00211864406779661,0,0.0,12,0.025423728813559324,2,0.00423728813559322,0,0.0,1,0.00211864406779661,0,0.0,2,0.00423728813559322,0,0.0,0,0.0,1,0.00211864406779661,0,0.0,0,0.0,0,0.0,19,0.04025423728813559,472,1.0,ORIGEN,SECCION,COMPLETO
62,18,NAYARIT,AHUACATLAN,,,62,256,151,0.58984375,0.41015625,MC,58,0.3841059602649007,24,0.15894039735099338,PAN,34,0.2251655629139073,5,0.033112582781456956,MORENA,29,0.19205298013245034,MC,58,0.3841059602649007,24,0.15894039735099338,PAN,34,0.2251655629139073,5,0.033112582781456956,MORENA,29,0.19205298013245034,34,0.2251655629139073,6,0.039735099337748346,0,0.0,2,0.013245033112582781,8,0.052980132450331126,58,0.3841059602649007,29,0.19205298013245034,2,0.013245033112582781,1,0.006622516556291391,0,0.0,0,0.0,5,0.033112582781456956,0,0.0,1,0.006622516556291391,0,0.0,1,0.006622516556291391,0,0.0,0,0.0,0,0.0,0,0.0,0,0.0,0,0.0,0,0.0,0,0.0,0,0.0,1,0.006622516556291391,0,0.0,0,0.0,0,0.0,3,0.019867549668874173,151,1.0,ORIGEN,SECCION,COMPLETO
63,18,NAYARIT,AHUACATLAN,,,63,376,188,0.5,0.5,MORENA,65,0.34574468085106386,3,0.015957446808510637,MC,62,0.32978723404255317,43,0.22872340425531915,PAN,19,0.10106382978723404,MORENA,65,0.34574468085106386,3,0.015957446808510637,MC,62,0.32978723404255317,43,0.22872340425531915,PAN,19,0.10106382978723404,19,0.10106382978723404,8,0.0425531914893617,2,0.010638297872340425,8,0.0425531914893617,4,0.02127659574468085,62,0.32978723404255317,65,0.34574468085106386,3,0.015957446808510637,1,0.005319148936170213,13,0.06914893617021277,0,0.0,0,0.0,0,0.0,0,0.0,0,0.0,0,0.0,0,0.0,0,0.0,0,0.0,0,0.0,0,0.0,0,0.0,0,0.0,0,0.0,0,0.0,0,0.0,0,0.0,0,0.0,0,0.0,3,0.015957446808510637,188,1.0,ORIGEN,SECCION,COMPLETO
64,18,NAYARIT,AHUACATLAN,,,64,214,145,0.677570093457944,0.32242990654205606,MORENA,56,0.38620689655172413,26,0.1793103448275862,PAN,30,0.20689655172413793,16,0.1103448275862069,PVEM,14,0.09655172413793103,MORENA,56,0.38620689655172413,26,0.1793103448275862,PAN,30,0.20689655172413793,16,0.1103448275862069,PVEM,14,0.09655172413793103,30,0.20689655172413793,5,0.034482758620689655,2,0.013793103448275862,5,0.034482758620689655,14,0.09655172413793103,7,0.04827586206896552,56,0.38620689655172413,5,0.034482758620689655,0,0.0,1,0.006896551724137931,0,0.0,4,0.027586206896551724,1,0.006896551724137931,3,0.020689655172413793,2,0.013793103448275862,0,0.0,0,0.0,2,0.013793103448275862,1,0.006896551724137931,0,0.0,0,0.0,0,0.0,0,0.0,0,0.0,0,0.0,0,0.0,0,0.0,0,0.0,0,0.0,7,0.04827586206896552,145,1.0,ORIGEN,SECCION,COMPLETO
65,18,NAYARIT,AHUACATLAN,,,65,653,369,0.5650842266462481,0.43491577335375187,MORENA,127,0.34417344173441733,54,0.14634146341463414,PAN,73,0.1978319783197832,16,0.04336043360433604,MC,57,0.15447154471544716,MORENA,127,0.34417344173441733,54,0.14634146341463414,PAN,73,0.1978319783197832,16,0.04336043360433604,MC,57,0.15447154471544716,73,0.1978319783197832,29,0.07859078590785908,1,0.0027100271002710027,13,0.03523035230352303,22,0.05962059620596206,57,0.15447154471544716,127,0.34417344173441733,10,0.02710027100271003,0,0.0,2,0.005420054200542005,0,0.0,3,0.008130081300813009,2,0.005420054200542005,4,0.01084010840108401,0,0.0,1,0.0027100271002710027,0,0.0,2,0.005420054200542005,2,0.005420054200542005,0,0.0,1,0.0027100271002710027,1,0.0027100271002710027,1,0.0027100271002710027,1,0.0027100271002710027,0,0.0,6,0.016260162601626018,0,0.0,1,0.0027100271002710027,0,0.0,10,0.02710027100271003,369,1.0,ORIGEN,SECCION,COMPLETO
66,18,NAYARIT,AMATLAN DE CANAS,,,66,476,342,0.7184873949579832,0.2815126050420168,PVEM,76,0.2222222222222222,5,0.014619883040935672,MC,71,0.20760233918128654,23,0.06725146198830409,PAN,48,0.14035087719298245,PVEM,76,0.2222222222222222,5,0.014619883040935672,MC,71,0.20760233918128654,23,0.06725146198830409,PAN,48,0.14035087719298245,48,0.14035087719298245,15,0.043859649122807015,2,0.005847953216374269,10,0.029239766081871343,76,0.2222222222222222,71,0.20760233918128654,26,0.07602339181286549,5,0.014619883040935672,0,0.0,39,0.11403508771929824,2,0.005847953216374269,9,0.02631578947368421,12,0.03508771929824561,2,0.005847953216374269,0,0.0,1,0.0029239766081871343,1,0.0029239766081871343,4,0.011695906432748537,1,0.0029239766081871343,1,0.0029239766081871343,0,0.0,1,0.0029239766081871343,0,0.0,0,0.0,0,0.0,0,0.0,0,0.0,0,0.0,1,0.0029239766081871343,15,0.043859649122807015,342,1.0,ORIGEN,SECCION,COMPLETO
67,18,NAYARIT,AMATLAN DE CANAS,,,67,805,551,0.684472049689441,0.315527950310559,MC,146,0.26497277676951,55,0.0998185117967332,MLN,91,0.16515426497277677,2,0.003629764065335753,PVEM,89,0.16152450090744103,MC,146,0.26497277676951,55,0.0998185117967332,MLN,91,0.16515426497277677,2,0.003629764065335753,PVEM,89,0.16152450090744103,60,0.1088929219600726,7,0.012704174228675136,2,0.003629764065335753,10,0.018148820326678767,89,0.16152450090744103,146,0.26497277676951,56,0.10163339382940109,17,0.030852994555353903,3,0.0054446460980036296,91,0.16515426497277677,2,0.003629764065335753,13,0.023593466424682397,15,0.02722323049001815,3,0.0054446460980036296,1,0.0018148820326678765,1,0.0018148820326678765,0,0.0,3,0.0054446460980036296,3,0.0054446460980036296,1,0.0018148820326678765,0,0.0,0,0.0,0,0.0,0,0.0,1,0.0018148820326678765,5,0.009074410163339383,1,0.0018148820326678765,1,0.0018148820326678765,0,0.0,20,0.036297640653357534,551,1.0,ORIGEN,SECCION,COMPLETO
68,18,NAYARIT,AMATLAN DE CANAS,,,68,797,535,0.671267252195734,0.328732747804266,MC,126,0.23551401869158878,35,0.06542056074766354,PVEM,91,0.17009345794392525,2,0.003738317757009346,MLN,89,0.16635514018691588,MC,126,0.23551401869158878,35,0.06542056074766354,PVEM,91,0.17009345794392525,2,0.003738317757009346,MLN,89,0.16635514018691588,62,0.11588785046728972,15,0.028037383177570093,3,0.005607476635514018,9,0.016822429906542057,91,0.17009345794392525,126,0.23551401869158878,76,0.14205607476635515,6,0.011214953271028037,0,0.0,89,0.16635514018691588,1,0.001869158878504673,3,0.005607476635514018,23,0.04299065420560748,1,0.001869158878504673,1,0.001869158878504673,0,0.0,0,0.0,2,0.003738317757009346,0,0.0,1,0.001869158878504673,0,0.0,1,0.001869158878504673,0,0.0,1,0.001869158878504673,0,0.0,6,0.011214953271028037,0,0.0,1,0.001869158878504673,1,0.001869158878504673,16,0.029906542056074768,535,1.0,ORIGEN,SECCION,COMPLETO
69,18,NAYARIT,AMATLAN DE CANAS,,,69,474,294,0.620253164556962,0.379746835443038,MC,78,0.2653061224489796,26,0.08843537414965986,MLN,52,0.17687074829931973,13,0.04421768707482993,MORENA,39,0.1326530612244898,MC,78,0.2653061224489796,26,0.08843537414965986,MLN,52,0.17687074829931973,13,0.04421768707482993,MORENA,39,0.1326530612244898,19,0.06462585034013606,16,0.05442176870748299,5,0.017006802721088437,8,0.027210884353741496,29,0.09863945578231292,78,0.2653061224489796,39,0.1326530612244898,6,0.02040816326530612,1,0.003401360544217687,52,0.17687074829931973,1,0.003401360544217687,9,0.030612244897959183,15,0.05102040816326531,0,0.0,1,0.003401360544217687,0,0.0,0,0.0,1,0.003401360544217687,0,0.0,0,0.0,0,0.0,0,0.0,0,0.0,0,0.0,0,0.0,2,0.006802721088435374,0,0.0,1,0.003401360544217687,0,0.0,11,0.03741496598639456,294,1.0,ORIGEN,SECCION,COMPLETO
70,18,NAYARIT,AMATLAN DE CANAS,,,70,222,165,0.7432432432432432,0.2567567567567568,MLN,48,0.2909090909090909,14,0.08484848484848485,MC,34,0.20606060606060606,11,0.06666666666666667,PVEM,23,0.1393939393939394,MLN,48,0.2909090909090909,14,0.08484848484848485,MC,34,0.20606060606060606,11,0.06666666666666667,PVEM,23,0.1393939393939394,3,0.01818181818181818,5,0.030303030303030304,2,0.012121212121212121,9,0.05454545454545454,23,0.1393939393939394,34,0.20606060606060606,14,0.08484848484848485,3,0.01818181818181818,1,0.006060606060606061,48,0.2909090909090909,0,0.0,6,0.03636363636363636,15,0.09090909090909091,0,0.0,1,0.006060606060606061,0,0.0,0,0.0,0,0.0,0,0.0,0,0.0,1,0.006060606060606061,0,0.0,0,0.0,0,0.0,0,0.0,0,0.0,0,0.0,0,0.0,0,0.0,0,0.0,165,1.0,ORIGEN,SECCION,COMPLETO
71,18,NAYARIT,AMATLAN DE CANAS,,,71,189,136,0.7195767195767195,0.28042328042328046,PRD,33,0.2426470588235294,6,0.04411764705882353,MORENA,27,0.19852941176470587,14,0.10294117647058823,PVEM,13,0.09558823529411764,PRD,33,0.2426470588235294,6,0.04411764705882353,MORENA,27,0.19852941176470587,14,0.10294117647058823,PVEM,13,0.09558823529411764,9,0.0661764705882353,7,0.051470588235294115,33,0.2426470588235294,8,0.058823529411764705,13,0.09558823529411764,10,0.07352941176470588,27,0.19852941176470587,1,0.007352941176470588,0,0.0,7,0.051470588235294115,2,0.014705882352941176,2,0.014705882352941176,10,0.07352941176470588,2,0.014705882352941176,0,0.0,0,0.0,0,0.0,0,0.0,0,0.0,0,0.0,0,0.0,0,0.0,0,0.0,0,0.0,0,0.0,0,0.0,0,0.0,0,0.0,0,0.0,5,0.03676470588235294,136,1.0,ORIGEN,SECCION,COMPLETO
72,18,NAYARIT,AMATLAN DE CANAS,,,72,108,88,0.8148148148148148,0.18518518518518523,PRD,20,0.22727272727272727,2,0.022727272727272728,PAN,18,0.20454545454545456,3,0.03409090909090909,PRI,15,0.17045454545454544,PRD,20,0.22727272727272727,2,0.022727272727272728,PAN,18,0.20454545454545456,3,0.03409090909090909,PRI,15,0.17045454545454544,18,0.20454545454545456,15,0.17045454545454544,20,0.22727272727272727,2,0.022727272727272728,3,0.03409090909090909,10,0.11363636363636363,11,0.125,1,0.011363636363636364,0,0.0,1,0.011363636363636364,0,0.0,0,0.0,4,0.045454545454545456,0,0.0,0,0.0,0,0.0,0,0.0,0,0.0,0,0.0,0,0.0,0,0.0,0,0.0,0,0.0,0,0.0,0,0.0,0,0.0,0,0.0,0,0.0,0,0.0,3,0.03409090909090909,88,1.0,ORIGEN,SECCION,COMPLETO
73,18,NAYARIT,AMATLAN DE CANAS,,,74,450,303,0.6733333333333333,0.32666666666666666,MC,99,0.32673267326732675,65,0.2145214521452145,MORENA,34,0.11221122112211221,8,0.026402640264026403,PRI,26,0.0858085808580858,MC,99,0.32673267326732675,65,0.2145214521452145,MORENA,34,0.11221122112211221,8,0.026402640264026403,PRI,26,0.0858085808580858,20,0.066006600660066,26,0.0858085808580858,9,0.0297029702970297,7,0.0231023102310231,26,0.0858085808580858,99,0.32673267326732675,34,0.11221122112211221,11,0.036303630363036306,3,0.009900990099009901,23,0.07590759075907591,18,0.0594059405940594,6,0.019801980198019802,13,0.0429042904290429,2,0.006600660066006601,0,0.0,0,0.0,0,0.0,0,0.0,0,0.0,0,0.0,0,0.0,0,0.0,0,0.0,0,0.0,0,0.0,0,0.0,0,0.0,0,0.0,0,0.0,6,0.019801980198019802,303,1.0,ORIGEN,SECCION,COMPLETO
74,18,NAYARIT,AMATLAN DE CANAS,,,75,576,398,0.6909722222222222,0.3090277777777778,MORENA,74,0.18592964824120603,6,0.01507537688442211,PVEM,68,0.1708542713567839,17,0.04271356783919598,PRD,51,0.12814070351758794,MORENA,74,0.18592964824120603,6,0.01507537688442211,PVEM,68,0.1708542713567839,17,0.04271356783919598,PRD,51,0.12814070351758794,32,0.08040201005025126,18,0.04522613065326633,51,0.12814070351758794,14,0.035175879396984924,68,0.1708542713567839,46,0.11557788944723618,74,0.18592964824120603,5,0.01256281407035176,0,0.0,21,0.052763819095477386,7,0.017587939698492462,2,0.005025125628140704,25,0.06281407035175879,3,0.007537688442211055,0,0.0,0,0.0,0,0.0,2,0.005025125628140704,0,0.0,2,0.005025125628140704,1,0.002512562814070352,2,0.005025125628140704,0,0.0,0,0.0,0,0.0,2,0.005025125628140704,0,0.0,2,0.005025125628140704,0,0.0,21,0.052763819095477386,398,1.0,ORIGEN,SECCION,COMPLETO
75,18,NAYARIT,AMATLAN DE CANAS,,,76,126,89,0.7063492063492064,0.2936507936507936,MC,25,0.2808988764044944,11,0.12359550561797752,PVEM,14,0.15730337078651685,6,0.06741573033707865,MORENA,8,0.0898876404494382,MC,25,0.2808988764044944,11,0.12359550561797752,PVEM,14,0.15730337078651685,6,0.06741573033707865,MORENA,8,0.0898876404494382,3,0.033707865168539325,7,0.07865168539325842,4,0.0449438202247191,4,0.0449438202247191,14,0.15730337078651685,25,0.2808988764044944,8,0.0898876404494382,1,0.011235955056179775,0,0.0,6,0.06741573033707865,3,0.033707865168539325,3,0.033707865168539325,6,0.06741573033707865,2,0.02247191011235955,1,0.011235955056179775,0,0.0,0,0.0,1,0.011235955056179775,0,0.0,0,0.0,0,0.0,0,0.0,0,0.0,0,0.0,0,0.0,0,0.0,0,0.0,0,0.0,0,0.0,1,0.011235955056179775,89,1.0,ORIGEN,SECCION,COMPLETO
76,18,NAYARIT,AMATLAN DE CANAS,,,77,455,310,0.6813186813186813,0.31868131868131866,MORENA,65,0.20967741935483872,5,0.016129032258064516,MC,60,0.1935483870967742,25,0.08064516129032258,PAN,35,0.11290322580645161,MORENA,65,0.20967741935483872,5,0.016129032258064516,MC,60,0.1935483870967742,25,0.08064516129032258,PAN,35,0.11290322580645161,35,0.11290322580645161,22,0.07096774193548387,5,0.016129032258064516,11,0.035483870967741936,20,0.06451612903225806,60,0.1935483870967742,65,0.20967741935483872,13,0.041935483870967745,0,0.0,7,0.02258064516129032,2,0.0064516129032258064,7,0.02258064516129032,32,0.1032258064516129,4,0.012903225806451613,2,0.0064516129032258064,0,0.0,0,0.0,1,0.0032258064516129032,0,0.0,0,0.0,1,0.0032258064516129032,1,0.0032258064516129032,0,0.0,0,0.0,0,0.0,0,0.0,1,0.0032258064516129032,1,0.0032258064516129032,0,0.0,20,0.06451612903225806,310,1.0,ORIGEN,SECCION,COMPLETO
77,18,NAYARIT,AMATLAN DE CANAS,,,78,673,486,0.7221396731054978,0.27786032689450224,MORENA,117,0.24074074074074073,10,0.0205761316872428,MC,107,0.22016460905349794,42,0.08641975308641975,FxM,65,0.1337448559670782,MORENA,117,0.24074074074074073,10,0.0205761316872428,MC,107,0.22016460905349794,42,0.08641975308641975,FxM,65,0.1337448559670782,41,0.08436213991769548,29,0.059670781893004114,8,0.01646090534979424,26,0.053497942386831275,34,0.06995884773662552,107,0.22016460905349794,117,0.24074074074074073,12,0.024691358024691357,0,0.0,5,0.0102880658436214,4,0.00823045267489712,1,0.00205761316872428,65,0.1337448559670782,3,0.006172839506172839,0,0.0,1,0.00205761316872428,0,0.0,15,0.030864197530864196,1,0.00205761316872428,0,0.0,0,0.0,0,0.0,1,0.00205761316872428,0,0.0,0,0.0,2,0.00411522633744856,1,0.00205761316872428,1,0.00205761316872428,0,0.0,12,0.024691358024691357,486,1.0,ORIGEN,SECCION,COMPLETO
78,18,NAYARIT,AMATLAN DE CANAS,,,79,953,650,0.6820566631689402,0.3179433368310598,MC,197,0.3030769230769231,111,0.17076923076923076,PRD,86,0.13230769230769232,18,0.027692307692307693,PVEM,68,0.10461538461538461,MC,197,0.3030769230769231,111,0.17076923076923076,PRD,86,0.13230769230769232,18,0.027692307692307693,PVEM,68,0.10461538461538461,34,0.052307692307692305,24,0.036923076923076927,86,0.13230769230769232,27,0.04153846153846154,68,0.10461538461538461,197,0.3030769230769231,68,0.10461538461538461,16,0.024615384615384615,0,0.0,16,0.024615384615384615,38,0.05846153846153846,4,0.006153846153846154,48,0.07384615384615385,2,0.003076923076923077,0,0.0,0,0.0,0,0.0,4,0.006153846153846154,2,0.003076923076923077,0,0.0,0,0.0,0,0.0,0,0.0,0,0.0,0,0.0,0,0.0,0,0.0,0,0.0,0,0.0,16,0.024615384615384615,650,1.0,ORIGEN,SECCION,COMPLETO
79,18,NAYARIT,AMATLAN DE CANAS,,,80,543,369,0.6795580110497238,0.3204419889502762,MC,92,0.24932249322493225,13,0.03523035230352303,PVEM,79,0.2140921409214092,9,0.024390243902439025,MORENA,70,0.1897018970189702,MC,92,0.24932249322493225,13,0.03523035230352303,PVEM,79,0.2140921409214092,9,0.024390243902439025,MORENA,70,0.1897018970189702,27,0.07317073170731707,11,0.02981029810298103,4,0.01084010840108401,8,0.02168021680216802,79,0.2140921409214092,92,0.24932249322493225,70,0.1897018970189702,3,0.008130081300813009,2,0.005420054200542005,22,0.05962059620596206,2,0.005420054200542005,3,0.008130081300813009,29,0.07859078590785908,3,0.008130081300813009,0,0.0,0,0.0,0,0.0,3,0.008130081300813009,1,0.0027100271002710027,0,0.0,0,0.0,1,0.0027100271002710027,0,0.0,0,0.0,0,0.0,1,0.0027100271002710027,0,0.0,0,0.0,1,0.0027100271002710027,7,0.018970189701897018,369,1.0,ORIGEN,SECCION,COMPLETO
80,18,NAYARIT,AMATLAN DE CANAS,,,81,214,148,0.6915887850467289,0.30841121495327106,MC,43,0.2905405405405405,15,0.10135135135135136,MORENA,28,0.1891891891891892,10,0.06756756756756757,PVEM,18,0.12162162162162163,MC,43,0.2905405405405405,15,0.10135135135135136,MORENA,28,0.1891891891891892,10,0.06756756756756757,PVEM,18,0.12162162162162163,13,0.08783783783783784,10,0.06756756756756757,2,0.013513513513513514,0,0.0,18,0.12162162162162163,43,0.2905405405405405,28,0.1891891891891892,0,0.0,2,0.013513513513513514,0,0.0,7,0.0472972972972973,6,0.04054054054054054,8,0.05405405405405406,4,0.02702702702702703,0,0.0,0,0.0,0,0.0,2,0.013513513513513514,0,0.0,0,0.0,0,0.0,1,0.006756756756756757,0,0.0,0,0.0,0,0.0,1,0.006756756756756757,0,0.0,0,0.0,0,0.0,3,0.02027027027027027,148,1.0,ORIGEN,SECCION,COMPLETO
81,18,NAYARIT,AMATLAN DE CANAS,,,82,498,334,0.6706827309236948,0.3293172690763052,MC,105,0.3143712574850299,44,0.1317365269461078,PVEM,61,0.18263473053892215,11,0.03293413173652695,MORENA,50,0.1497005988023952,MC,105,0.3143712574850299,44,0.1317365269461078,PVEM,61,0.18263473053892215,11,0.03293413173652695,MORENA,50,0.1497005988023952,30,0.08982035928143713,17,0.05089820359281437,2,0.005988023952095809,7,0.020958083832335328,61,0.18263473053892215,105,0.3143712574850299,50,0.1497005988023952,10,0.029940119760479042,2,0.005988023952095809,7,0.020958083832335328,6,0.017964071856287425,1,0.0029940119760479044,16,0.04790419161676647,4,0.011976047904191617,2,0.005988023952095809,0,0.0,0,0.0,1,0.0029940119760479044,0,0.0,0,0.0,1,0.0029940119760479044,0,0.0,1,0.0029940119760479044,0,0.0,0,0.0,1,0.0029940119760479044,0,0.0,0,0.0,0,0.0,10,0.029940119760479042,334,1.0,ORIGEN,SECCION,COMPLETO
82,18,NAYARIT,AMATLAN DE CANAS,,,83,647,421,0.6506955177743431,0.3493044822256569,MC,108,0.25653206650831356,35,0.0831353919239905,PVEM,73,0.17339667458432304,26,0.06175771971496437,PAN,47,0.11163895486935867,MC,108,0.25653206650831356,35,0.0831353919239905,PVEM,73,0.17339667458432304,26,0.06175771971496437,PAN,47,0.11163895486935867,47,0.11163895486935867,42,0.0997624703087886,12,0.028503562945368172,19,0.04513064133016627,73,0.17339667458432304,108,0.25653206650831356,39,0.09263657957244656,9,0.021377672209026127,3,0.007125890736342043,11,0.026128266033254157,4,0.009501187648456057,9,0.021377672209026127,18,0.04275534441805225,6,0.014251781472684086,0,0.0,1,0.0023752969121140144,0,0.0,0,0.0,4,0.009501187648456057,0,0.0,0,0.0,2,0.004750593824228029,5,0.011876484560570071,0,0.0,0,0.0,0,0.0,0,0.0,0,0.0,0,0.0,9,0.021377672209026127,421,1.0,ORIGEN,SECCION,COMPLETO
83,18,NAYARIT,AMATLAN DE CANAS,,,84,208,146,0.7019230769230769,0.29807692307692313,PVEM,53,0.363013698630137,30,0.2054794520547945,MLN,23,0.15753424657534246,6,0.0410958904109589,MC,17,0.11643835616438356,PVEM,53,0.363013698630137,30,0.2054794520547945,MLN,23,0.15753424657534246,6,0.0410958904109589,MC,17,0.11643835616438356,10,0.0684931506849315,4,0.0273972602739726,5,0.03424657534246575,0,0.0,53,0.363013698630137,17,0.11643835616438356,13,0.08904109589041095,0,0.0,1,0.00684931506849315,23,0.15753424657534246,3,0.02054794520547945,2,0.0136986301369863,1,0.00684931506849315,1,0.00684931506849315,0,0.0,0,0.0,0,0.0,1,0.00684931506849315,1,0.00684931506849315,0,0.0,0,0.0,0,0.0,0,0.0,0,0.0,0,0.0,2,0.0136986301369863,0,0.0,0,0.0,0,0.0,9,0.06164383561643835,146,1.0,ORIGEN,SECCION,COMPLETO
84,18,NAYARIT,AMATLAN DE CANAS,,,86,282,215,0.7624113475177305,0.23758865248226946,PVEM,98,0.4558139534883721,75,0.3488372093023256,PAN,23,0.10697674418604651,4,0.018604651162790697,PRI,19,0.08837209302325581,PVEM,98,0.4558139534883721,75,0.3488372093023256,PAN,23,0.10697674418604651,4,0.018604651162790697,PRI,19,0.08837209302325581,23,0.10697674418604651,19,0.08837209302325581,0,0.0,3,0.013953488372093023,98,0.4558139534883721,12,0.05581395348837209,18,0.08372093023255814,5,0.023255813953488372,0,0.0,2,0.009302325581395349,0,0.0,7,0.03255813953488372,9,0.04186046511627907,2,0.009302325581395349,1,0.004651162790697674,0,0.0,1,0.004651162790697674,4,0.018604651162790697,0,0.0,1,0.004651162790697674,0,0.0,0,0.0,0,0.0,0,0.0,0,0.0,2,0.009302325581395349,0,0.0,0,0.0,0,0.0,8,0.037209302325581395,215,1.0,ORIGEN,SECCION,COMPLETO
85,18,NAYARIT,AMATLAN DE CANAS,,,88,422,345,0.8175355450236966,0.18246445497630337,PVEM,175,0.5072463768115942,107,0.3101449275362319,PAN,68,0.19710144927536233,42,0.12173913043478261,FxM,26,0.07536231884057971,PVEM,175,0.5072463768115942,107,0.3101449275362319,PAN,68,0.19710144927536233,42,0.12173913043478261,FxM,26,0.07536231884057971,68,0.19710144927536233,12,0.034782608695652174,17,0.04927536231884058,3,0.008695652173913044,175,0.5072463768115942,15,0.043478260869565216,14,0.04057971014492753,0,0.0,0,0.0,2,0.005797101449275362,0,0.0,1,0.002898550724637681,26,0.07536231884057971,1,0.002898550724637681,0,0.0,0,0.0,0,0.0,6,0.017391304347826087,0,0.0,0,0.0,0,0.0,0,0.0,0,0.0,0,0.0,0,0.0,0,0.0,0,0.0,0,0.0,0,0.0,5,0.014492753623188406,345,1.0,ORIGEN,SECCION,COMPLETO
86,18,NAYARIT,AMATLAN DE CANAS,,,89,365,276,0.7561643835616438,0.24383561643835616,PVEM,137,0.4963768115942029,98,0.35507246376811596,PAN,39,0.14130434782608695,8,0.028985507246376812,PRD,31,0.11231884057971014,PVEM,137,0.4963768115942029,98,0.35507246376811596,PAN,39,0.14130434782608695,8,0.028985507246376812,PRD,31,0.11231884057971014,39,0.14130434782608695,18,0.06521739130434782,31,0.11231884057971014,1,0.0036231884057971015,137,0.4963768115942029,17,0.06159420289855073,4,0.014492753623188406,2,0.007246376811594203,0,0.0,0,0.0,1,0.0036231884057971015,1,0.0036231884057971015,17,0.06159420289855073,0,0.0,0,0.0,1,0.0036231884057971015,0,0.0,0,0.0,0,0.0,0,0.0,0,0.0,1,0.0036231884057971015,0,0.0,0,0.0,0,0.0,0,0.0,0,0.0,0,0.0,0,0.0,6,0.021739130434782608,276,1.0,ORIGEN,SECCION,COMPLETO
87,18,NAYARIT,BAHIA DE BANDERAS,,,91,728,397,0.5453296703296703,0.4546703296703297,MORENA,156,0.3929471032745592,58,0.14609571788413098,MC,98,0.24685138539042822,47,0.11838790931989925,PAN,51,0.12846347607052896,MORENA,156,0.3929471032745592,58,0.14609571788413098,MC,98,0.24685138539042822,47,0.11838790931989925,PAN,51,0.12846347607052896,51,0.12846347607052896,18,0.04534005037783375,5,0.012594458438287154,12,0.030226700251889168,13,0.0327455919395466,98,0.24685138539042822,156,0.3929471032745592,6,0.015113350125944584,5,0.012594458438287154,8,0.020151133501259445,2,0.005037783375314861,2,0.005037783375314861,0,0.0,2,0.005037783375314861,2,0.005037783375314861,0,0.0,0,0.0,3,0.007556675062972292,2,0.005037783375314861,0,0.0,1,0.0025188916876574307,1,0.0025188916876574307,0,0.0,0,0.0,0,0.0,1,0.0025188916876574307,0,0.0,0,0.0,0,0.0,9,0.022670025188916875,397,1.0,ORIGEN,SECCION,COMPLETO
88,18,NAYARIT,BAHIA DE BANDERAS,,,92,699,384,0.5493562231759657,0.45064377682403434,MORENA,173,0.4505208333333333,73,0.19010416666666666,MC,100,0.2604166666666667,66,0.171875,PAN,34,0.08854166666666667,MORENA,173,0.4505208333333333,73,0.19010416666666666,MC,100,0.2604166666666667,66,0.171875,PAN,34,0.08854166666666667,34,0.08854166666666667,18,0.046875,2,0.005208333333333333,14,0.036458333333333336,9,0.0234375,100,0.2604166666666667,173,0.4505208333333333,4,0.010416666666666666,1,0.0026041666666666665,9,0.0234375,0,0.0,1,0.0026041666666666665,0,0.0,6,0.015625,0,0.0,0,0.0,0,0.0,3,0.0078125,0,0.0,0,0.0,1,0.0026041666666666665,2,0.005208333333333333,0,0.0,2,0.005208333333333333,0,0.0,0,0.0,0,0.0,0,0.0,0,0.0,5,0.013020833333333334,384,1.0,ORIGEN,SECCION,COMPLETO
89,18,NAYARIT,BAHIA DE BANDERAS,,,93,205,135,0.6585365853658537,0.3414634146341463,MORENA,57,0.4222222222222222,26,0.1925925925925926,MLN,31,0.22962962962962963,10,0.07407407407407407,PAN,21,0.15555555555555556,MORENA,57,0.4222222222222222,26,0.1925925925925926,MLN,31,0.22962962962962963,10,0.07407407407407407,PAN,21,0.15555555555555556,21,0.15555555555555556,3,0.022222222222222223,0,0.0,12,0.08888888888888889,2,0.014814814814814815,2,0.014814814814814815,57,0.4222222222222222,2,0.014814814814814815,0,0.0,31,0.22962962962962963,0,0.0,1,0.007407407407407408,0,0.0,0,0.0,0,0.0,0,0.0,0,0.0,0,0.0,0,0.0,0,0.0,0,0.0,0,0.0,0,0.0,0,0.0,0,0.0,0,0.0,0,0.0,0,0.0,0,0.0,4,0.02962962962962963,135,1.0,ORIGEN,SECCION,COMPLETO
90,18,NAYARIT,BAHIA DE BANDERAS,,,94,601,307,0.5108153078202995,0.4891846921797005,PAN,98,0.31921824104234525,1,0.003257328990228013,MORENA,97,0.31596091205211724,71,0.23127035830618892,MLN,26,0.08469055374592833,PAN,98,0.31921824104234525,1,0.003257328990228013,MORENA,97,0.31596091205211724,71,0.23127035830618892,MLN,26,0.08469055374592833,98,0.31921824104234525,16,0.05211726384364821,0,0.0,16,0.05211726384364821,8,0.026058631921824105,4,0.013029315960912053,97,0.31596091205211724,8,0.026058631921824105,0,0.0,26,0.08469055374592833,3,0.009771986970684038,2,0.006514657980456026,2,0.006514657980456026,7,0.02280130293159609,5,0.016286644951140065,0,0.0,0,0.0,3,0.009771986970684038,0,0.0,0,0.0,0,0.0,0,0.0,1,0.003257328990228013,0,0.0,0,0.0,0,0.0,0,0.0,0,0.0,0,0.0,11,0.035830618892508145,307,1.0,ORIGEN,SECCION,COMPLETO
91,18,NAYARIT,BAHIA DE BANDERAS,,,95,628,419,0.6671974522292994,0.3328025477707006,PAN,114,0.2720763723150358,4,0.00954653937947494,MORENA,110,0.26252983293556087,31,0.07398568019093078,MLN,79,0.18854415274463007,PAN,114,0.2720763723150358,4,0.00954653937947494,MORENA,110,0.26252983293556087,31,0.07398568019093078,MLN,79,0.18854415274463007,114,0.2720763723150358,16,0.03818615751789976,2,0.00477326968973747,19,0.045346062052505964,17,0.0405727923627685,15,0.03579952267303103,110,0.26252983293556087,7,0.016706443914081145,3,0.007159904534606206,79,0.18854415274463007,0,0.0,1,0.002386634844868735,6,0.014319809069212411,2,0.00477326968973747,3,0.007159904534606206,1,0.002386634844868735,0,0.0,5,0.011933174224343675,0,0.0,1,0.002386634844868735,0,0.0,0,0.0,2,0.00477326968973747,0,0.0,0,0.0,2,0.00477326968973747,1,0.002386634844868735,0,0.0,0,0.0,13,0.031026252983293555,419,1.0,ORIGEN,SECCION,COMPLETO
92,18,NAYARIT,BAHIA DE BANDERAS,,,96,1666,817,0.49039615846338536,0.5096038415366146,MORENA,306,0.37454100367197063,114,0.13953488372093023,MC,192,0.2350061199510404,79,0.0966952264381885,PAN,113,0.1383108935128519,MORENA,306,0.37454100367197063,114,0.13953488372093023,MC,192,0.2350061199510404,79,0.0966952264381885,PAN,113,0.1383108935128519,113,0.1383108935128519,28,0.03427172582619339,2,0.0024479804161566705,24,0.02937576499388005,43,0.05263157894736842,192,0.2350061199510404,306,0.37454100367197063,10,0.012239902080783354,3,0.0036719706242350062,13,0.01591187270501836,5,0.006119951040391677,11,0.01346389228886169,7,0.008567931456548347,7,0.008567931456548347,3,0.0036719706242350062,1,0.0012239902080783353,0,0.0,10,0.012239902080783354,1,0.0012239902080783353,1,0.0012239902080783353,2,0.0024479804161566705,1,0.0012239902080783353,0,0.0,3,0.0036719706242350062,0,0.0,3,0.0036719706242350062,0,0.0,2,0.0024479804161566705,0,0.0,26,0.03182374541003672,817,1.0,ORIGEN,SECCION,COMPLETO
93,18,NAYARIT,BAHIA DE BANDERAS,,,97,1196,712,0.5953177257525084,0.4046822742474916,MORENA,238,0.3342696629213483,48,0.06741573033707865,PAN,190,0.26685393258426965,62,0.08707865168539326,MLN,128,0.1797752808988764,MORENA,238,0.3342696629213483,48,0.06741573033707865,PAN,190,0.26685393258426965,62,0.08707865168539326,MLN,128,0.1797752808988764,190,0.26685393258426965,33,0.046348314606741575,11,0.01544943820224719,23,0.032303370786516857,24,0.033707865168539325,22,0.03089887640449438,238,0.3342696629213483,8,0.011235955056179775,1,0.0014044943820224719,128,0.1797752808988764,3,0.004213483146067416,11,0.01544943820224719,4,0.0056179775280898875,0,0.0,0,0.0,0,0.0,0,0.0,0,0.0,0,0.0,0,0.0,0,0.0,0,0.0,0,0.0,0,0.0,0,0.0,0,0.0,0,0.0,0,0.0,0,0.0,16,0.02247191011235955,712,1.0,ORIGEN,SECCION,COMPLETO
94,18,NAYARIT,BAHIA DE BANDERAS,,,98,4098,1666,0.406539775500244,0.593460224499756,MORENA,656,0.3937575030012005,363,0.21788715486194477,MC,293,0.1758703481392557,90,0.05402160864345738,PAN,203,0.12184873949579832,MORENA,656,0.3937575030012005,363,0.21788715486194477,MC,293,0.1758703481392557,90,0.05402160864345738,PAN,203,0.12184873949579832,203,0.12184873949579832,68,0.04081632653061224,81,0.048619447779111646,34,0.02040816326530612,97,0.05822328931572629,293,0.1758703481392557,656,0.3937575030012005,38,0.022809123649459785,5,0.003001200480192077,36,0.021608643457382955,14,0.008403361344537815,7,0.004201680672268907,15,0.00900360144057623,9,0.005402160864345739,3,0.001800720288115246,0,0.0,1,0.0006002400960384153,22,0.013205282112845138,10,0.006002400960384154,0,0.0,1,0.0006002400960384153,0,0.0,0,0.0,3,0.001800720288115246,1,0.0006002400960384153,10,0.006002400960384154,0,0.0,6,0.003601440576230492,1,0.0006002400960384153,52,0.031212484993997598,1666,1.0,ORIGEN,SECCION,COMPLETO
95,18,NAYARIT,BAHIA DE BANDERAS,,,99,884,425,0.4807692307692308,0.5192307692307692,MORENA,231,0.5435294117647059,152,0.35764705882352943,PAN,79,0.18588235294117647,46,0.10823529411764705,MLN,33,0.07764705882352942,MORENA,231,0.5435294117647059,152,0.35764705882352943,PAN,79,0.18588235294117647,46,0.10823529411764705,MLN,33,0.07764705882352942,79,0.18588235294117647,20,0.047058823529411764,0,0.0,14,0.03294117647058824,6,0.01411764705882353,15,0.03529411764705882,231,0.5435294117647059,5,0.011764705882352941,0,0.0,33,0.07764705882352942,1,0.002352941176470588,12,0.02823529411764706,0,0.0,1,0.002352941176470588,1,0.002352941176470588,0,0.0,0,0.0,1,0.002352941176470588,1,0.002352941176470588,0,0.0,0,0.0,0,0.0,0,0.0,0,0.0,0,0.0,1,0.002352941176470588,0,0.0,0,0.0,0,0.0,4,0.009411764705882352,425,1.0,ORIGEN,SECCION,COMPLETO
96,18,NAYARIT,BAHIA DE BANDERAS,,,100,1710,777,0.4543859649122807,0.5456140350877192,MORENA,336,0.43243243243243246,181,0.23294723294723294,PAN,155,0.1994851994851995,81,0.10424710424710425,MC,74,0.09523809523809523,MORENA,336,0.43243243243243246,181,0.23294723294723294,PAN,155,0.1994851994851995,81,0.10424710424710425,MC,74,0.09523809523809523,155,0.1994851994851995,24,0.03088803088803089,5,0.006435006435006435,30,0.03861003861003861,14,0.018018018018018018,74,0.09523809523809523,336,0.43243243243243246,7,0.009009009009009009,1,0.001287001287001287,50,0.06435006435006435,3,0.003861003861003861,13,0.01673101673101673,8,0.010296010296010296,14,0.018018018018018018,3,0.003861003861003861,1,0.001287001287001287,0,0.0,11,0.014157014157014158,1,0.001287001287001287,0,0.0,1,0.001287001287001287,2,0.002574002574002574,0,0.0,2,0.002574002574002574,1,0.001287001287001287,3,0.003861003861003861,0,0.0,0,0.0,0,0.0,18,0.023166023166023165,777,1.0,ORIGEN,SECCION,COMPLETO
97,18,NAYARIT,BAHIA DE BANDERAS,,,101,1483,728,0.4908968307484828,0.5091031692515172,MORENA,330,0.4532967032967033,196,0.2692307692307692,PAN,134,0.18406593406593408,76,0.1043956043956044,MC,58,0.07967032967032966,MORENA,330,0.4532967032967033,196,0.2692307692307692,PAN,134,0.18406593406593408,76,0.1043956043956044,MC,58,0.07967032967032966,134,0.18406593406593408,32,0.04395604395604396,4,0.005494505494505495,36,0.04945054945054945,9,0.012362637362637362,58,0.07967032967032966,330,0.4532967032967033,8,0.01098901098901099,1,0.0013736263736263737,43,0.059065934065934064,4,0.005494505494505495,8,0.01098901098901099,5,0.006868131868131868,8,0.01098901098901099,1,0.0013736263736263737,1,0.0013736263736263737,0,0.0,14,0.019230769230769232,2,0.0027472527472527475,0,0.0,0,0.0,4,0.005494505494505495,0,0.0,2,0.0027472527472527475,1,0.0013736263736263737,3,0.004120879120879121,0,0.0,2,0.0027472527472527475,0,0.0,18,0.024725274725274724,728,1.0,ORIGEN,SECCION,COMPLETO
98,18,NAYARIT,BAHIA DE BANDERAS,,,102,1564,814,0.520460358056266,0.479539641943734,MORENA,394,0.48402948402948404,282,0.3464373464373464,PAN,112,0.1375921375921376,38,0.04668304668304668,MC,74,0.09090909090909091,MORENA,394,0.48402948402948404,282,0.3464373464373464,PAN,112,0.1375921375921376,38,0.04668304668304668,MC,74,0.09090909090909091,112,0.1375921375921376,22,0.02702702702702703,7,0.0085995085995086,29,0.03562653562653563,19,0.02334152334152334,74,0.09090909090909091,394,0.48402948402948404,4,0.004914004914004914,2,0.002457002457002457,38,0.04668304668304668,6,0.007371007371007371,17,0.020884520884520884,2,0.002457002457002457,18,0.022113022113022112,2,0.002457002457002457,1,0.0012285012285012285,0,0.0,17,0.020884520884520884,3,0.0036855036855036856,0,0.0,3,0.0036855036855036856,3,0.0036855036855036856,2,0.002457002457002457,2,0.002457002457002457,0,0.0,4,0.004914004914004914,0,0.0,3,0.0036855036855036856,1,0.0012285012285012285,29,0.03562653562653563,814,1.0,ORIGEN,SECCION,COMPLETO
99,18,NAYARIT,BAHIA DE BANDERAS,,,103,1221,645,0.5282555282555282,0.47174447174447176,MORENA,272,0.42170542635658914,125,0.1937984496124031,PAN,147,0.22790697674418606,89,0.13798449612403102,MC,58,0.08992248062015504,MORENA,272,0.42170542635658914,125,0.1937984496124031,PAN,147,0.22790697674418606,89,0.13798449612403102,MC,58,0.08992248062015504,147,0.22790697674418606,22,0.034108527131782945,7,0.010852713178294573,32,0.04961240310077519,10,0.015503875968992248,58,0.08992248062015504,272,0.42170542635658914,4,0.006201550387596899,1,0.0015503875968992248,42,0.06511627906976744,2,0.0031007751937984496,6,0.009302325581395349,1,0.0015503875968992248,9,0.013953488372093023,1,0.0015503875968992248,0,0.0,0,0.0,11,0.017054263565891473,1,0.0015503875968992248,0,0.0,2,0.0031007751937984496,1,0.0015503875968992248,0,0.0,1,0.0015503875968992248,0,0.0,0,0.0,1,0.0015503875968992248,0,0.0,0,0.0,14,0.021705426356589147,645,1.0,ORIGEN,SECCION,COMPLETO
100,18,NAYARIT,BAHIA DE BANDERAS,,,104,1883,922,0.48964418481147104,0.510355815188529,MORENA,393,0.4262472885032538,238,0.25813449023861174,PAN,155,0.1681127982646421,42,0.0455531453362256,MC,113,0.12255965292841649,MORENA,393,0.4262472885032538,238,0.25813449023861174,PAN,155,0.1681127982646421,42,0.0455531453362256,MC,113,0.12255965292841649,155,0.1681127982646421,22,0.02386117136659436,5,0.005422993492407809,34,0.0368763557483731,22,0.02386117136659436,113,0.12255965292841649,393,0.4262472885032538,11,0.01193058568329718,2,0.0021691973969631237,56,0.06073752711496746,7,0.007592190889370932,8,0.008676789587852495,3,0.0032537960954446853,16,0.01735357917570499,4,0.004338394793926247,3,0.0032537960954446853,0,0.0,26,0.028199566160520606,6,0.006507592190889371,0,0.0,0,0.0,3,0.0032537960954446853,2,0.0021691973969631237,5,0.005422993492407809,0,0.0,2,0.0021691973969631237,1,0.0010845986984815619,6,0.006507592190889371,0,0.0,17,0.01843817787418655,922,1.0,ORIGEN,SECCION,COMPLETO
101,18,NAYARIT,BAHIA DE BANDERAS,,,105,1618,929,0.5741656365883807,0.4258343634116193,MORENA,293,0.3153928955866523,98,0.1054897739504844,PAN,195,0.20990312163616792,17,0.01829924650161464,MLN,178,0.1916038751345533,MORENA,293,0.3153928955866523,98,0.1054897739504844,PAN,195,0.20990312163616792,17,0.01829924650161464,MLN,178,0.1916038751345533,195,0.20990312163616792,41,0.04413347685683531,6,0.006458557588805167,35,0.03767491926803014,11,0.011840688912809472,92,0.09903121636167922,293,0.3153928955866523,10,0.010764262648008612,3,0.0032292787944025836,178,0.1916038751345533,2,0.002152852529601722,13,0.013993541442411194,3,0.0032292787944025836,15,0.016146393972012917,3,0.0032292787944025836,0,0.0,0,0.0,3,0.0032292787944025836,3,0.0032292787944025836,2,0.002152852529601722,1,0.001076426264800861,1,0.001076426264800861,3,0.0032292787944025836,0,0.0,0,0.0,2,0.002152852529601722,0,0.0,0,0.0,0,0.0,14,0.015069967707212056,929,1.0,ORIGEN,SECCION,COMPLETO
102,18,NAYARIT,BAHIA DE BANDERAS,,,106,1639,1111,0.6778523489932886,0.3221476510067114,MORENA,263,0.23672367236723674,86,0.0774077407740774,MLN,177,0.15931593159315932,16,0.0144014401440144,PAN,161,0.14491449144914492,MORENA,263,0.23672367236723674,86,0.0774077407740774,MLN,177,0.15931593159315932,16,0.0144014401440144,PAN,161,0.14491449144914492,161,0.14491449144914492,57,0.05130513051305131,5,0.004500450045004501,29,0.026102610261026102,17,0.0153015301530153,90,0.081008100810081,263,0.23672367236723674,29,0.026102610261026102,2,0.0018001800180018,177,0.15931593159315932,2,0.0018001800180018,7,0.0063006300630063005,13,0.011701170117011701,96,0.08640864086408641,4,0.0036003600360036,0,0.0,0,0.0,130,0.11701170117011701,4,0.0036003600360036,0,0.0,3,0.0027002700270027003,3,0.0027002700270027003,0,0.0,1,0.0009000900090009,0,0.0,1,0.0009000900090009,0,0.0,2,0.0018001800180018,0,0.0,15,0.013501350135013501,1111,1.0,ORIGEN,SECCION,COMPLETO
103,18,NAYARIT,BAHIA DE BANDERAS,,,107,2124,1149,0.5409604519774012,0.45903954802259883,MORENA,385,0.33507397737162753,101,0.08790252393385553,MLN,284,0.24717145343777197,94,0.08181026979982593,PAN,190,0.16536118363794605,MORENA,385,0.33507397737162753,101,0.08790252393385553,MLN,284,0.24717145343777197,94,0.08181026979982593,PAN,190,0.16536118363794605,190,0.16536118363794605,40,0.034812880765883375,13,0.011314186248912098,35,0.030461270670147953,14,0.012184508268059183,76,0.06614447345517842,385,0.33507397737162753,12,0.010443864229765013,0,0.0,284,0.24717145343777197,5,0.004351610095735422,11,0.009573542210617928,7,0.006092254134029591,20,0.017406440382941687,4,0.0034812880765883376,0,0.0,0,0.0,12,0.010443864229765013,5,0.004351610095735422,1,0.0008703220191470844,4,0.0034812880765883376,1,0.0008703220191470844,2,0.0017406440382941688,3,0.0026109660574412533,1,0.0008703220191470844,4,0.0034812880765883376,0,0.0,1,0.0008703220191470844,0,0.0,19,0.016536118363794605,1149,1.0,ORIGEN,SECCION,COMPLETO
104,18,NAYARIT,BAHIA DE BANDERAS,,,108,1502,853,0.5679094540612517,0.4320905459387483,MORENA,267,0.3130128956623681,86,0.10082063305978899,MLN,181,0.21219226260257915,47,0.05509964830011723,PAN,134,0.1570926143024619,MORENA,267,0.3130128956623681,86,0.10082063305978899,MLN,181,0.21219226260257915,47,0.05509964830011723,PAN,134,0.1570926143024619,134,0.1570926143024619,50,0.05861664712778429,11,0.012895662368112544,22,0.02579132473622509,13,0.015240328253223915,68,0.07971864009378664,267,0.3130128956623681,9,0.010550996483001172,1,0.0011723329425556857,181,0.21219226260257915,1,0.0011723329425556857,10,0.011723329425556858,2,0.0023446658851113715,26,0.03048065650644783,0,0.0,0,0.0,0,0.0,9,0.010550996483001172,2,0.0023446658851113715,1,0.0011723329425556857,0,0.0,3,0.0035169988276670576,0,0.0,4,0.004689331770222743,0,0.0,3,0.0035169988276670576,1,0.0011723329425556857,4,0.004689331770222743,0,0.0,31,0.03634232121922626,853,1.0,ORIGEN,SECCION,COMPLETO
105,18,NAYARIT,BAHIA DE BANDERAS,,,109,1227,623,0.5077424612876935,0.4922575387123065,MORENA,269,0.4317817014446228,146,0.23434991974317818,PAN,123,0.19743178170144463,46,0.0738362760834671,MC,77,0.12359550561797752,MORENA,269,0.4317817014446228,146,0.23434991974317818,PAN,123,0.19743178170144463,46,0.0738362760834671,MC,77,0.12359550561797752,123,0.19743178170144463,39,0.06260032102728733,9,0.014446227929373997,17,0.027287319422150885,22,0.03531300160513644,77,0.12359550561797752,269,0.4317817014446228,4,0.006420545746388443,1,0.0016051364365971107,6,0.009630818619582664,2,0.0032102728731942215,2,0.0032102728731942215,18,0.028892455858747994,12,0.019261637239165328,1,0.0016051364365971107,1,0.0016051364365971107,0,0.0,2,0.0032102728731942215,2,0.0032102728731942215,0,0.0,0,0.0,0,0.0,0,0.0,0,0.0,0,0.0,1,0.0016051364365971107,0,0.0,0,0.0,0,0.0,15,0.024077046548956663,623,1.0,ORIGEN,SECCION,COMPLETO
106,18,NAYARIT,BAHIA DE BANDERAS,,,110,2078,931,0.4480269489894129,0.5519730510105871,MORENA,383,0.4113856068743287,232,0.24919441460794844,MC,151,0.16219119226638024,15,0.01611170784103115,PAN,136,0.1460794844253491,MORENA,383,0.4113856068743287,232,0.24919441460794844,MC,151,0.16219119226638024,15,0.01611170784103115,PAN,136,0.1460794844253491,136,0.1460794844253491,51,0.05477980665950591,3,0.00322234156820623,20,0.021482277121374866,47,0.050483351235230935,151,0.16219119226638024,383,0.4113856068743287,37,0.0397422126745435,1,0.0010741138560687433,20,0.021482277121374866,6,0.00644468313641246,3,0.00322234156820623,10,0.010741138560687433,5,0.0053705692803437165,2,0.0021482277121374865,1,0.0010741138560687433,1,0.0010741138560687433,12,0.01288936627282492,2,0.0021482277121374865,0,0.0,0,0.0,2,0.0021482277121374865,0,0.0,2,0.0021482277121374865,0,0.0,3,0.00322234156820623,0,0.0,2,0.0021482277121374865,2,0.0021482277121374865,29,0.031149301825993556,931,1.0,ORIGEN,SECCION,COMPLETO
107,18,NAYARIT,BAHIA DE BANDERAS,,,111,5309,1976,0.3721981540779808,0.6278018459220192,MORENA,760,0.38461538461538464,464,0.23481781376518218,MC,296,0.14979757085020243,30,0.015182186234817813,PAN,266,0.1346153846153846,MORENA,760,0.38461538461538464,464,0.23481781376518218,MC,296,0.14979757085020243,30,0.015182186234817813,PAN,266,0.1346153846153846,266,0.1346153846153846,98,0.04959514170040486,58,0.029352226720647773,74,0.03744939271255061,48,0.024291497975708502,296,0.14979757085020243,760,0.38461538461538464,23,0.011639676113360324,8,0.004048582995951417,101,0.051113360323886636,6,0.003036437246963563,28,0.01417004048582996,19,0.009615384615384616,23,0.011639676113360324,9,0.004554655870445344,2,0.0010121457489878543,3,0.0015182186234817814,27,0.013663967611336033,8,0.004048582995951417,3,0.0015182186234817814,0,0.0,3,0.0015182186234817814,7,0.00354251012145749,9,0.004554655870445344,1,0.0005060728744939271,6,0.003036437246963563,4,0.0020242914979757085,8,0.004048582995951417,0,0.0,78,0.039473684210526314,1976,1.0,ORIGEN,SECCION,COMPLETO
108,18,NAYARIT,BAHIA DE BANDERAS,,,112,5619,2286,0.406833956219968,0.593166043780032,MORENA,1033,0.45188101487314086,710,0.310586176727909,MC,323,0.14129483814523183,129,0.05643044619422572,PAN,194,0.08486439195100612,MORENA,1033,0.45188101487314086,710,0.310586176727909,MC,323,0.14129483814523183,129,0.05643044619422572,PAN,194,0.08486439195100612,194,0.08486439195100612,100,0.04374453193350831,72,0.031496062992125984,81,0.03543307086614173,115,0.050306211723534555,323,0.14129483814523183,1033,0.45188101487314086,21,0.009186351706036745,15,0.006561679790026247,94,0.04111986001749781,11,0.004811898512685914,29,0.01268591426071741,23,0.010061242344706912,17,0.0074365704286964126,3,0.0013123359580052493,0,0.0,0,0.0,32,0.01399825021872266,9,0.003937007874015748,0,0.0,2,0.0008748906386701663,4,0.0017497812773403325,0,0.0,8,0.003499562554680665,3,0.0013123359580052493,13,0.005686789151356081,5,0.0021872265966754157,5,0.0021872265966754157,10,0.004374453193350831,64,0.02799650043744532,2286,1.0,ORIGEN,SECCION,COMPLETO
109,18,NAYARIT,BAHIA DE BANDERAS,,,113,1471,1045,0.7104010876954453,0.2895989123045547,MORENA,391,0.3741626794258373,177,0.16937799043062202,PAN,214,0.20478468899521532,39,0.03732057416267943,MC,175,0.1674641148325359,MORENA,391,0.3741626794258373,177,0.16937799043062202,PAN,214,0.20478468899521532,39,0.03732057416267943,MC,175,0.1674641148325359,214,0.20478468899521532,74,0.0708133971291866,7,0.0066985645933014355,25,0.023923444976076555,28,0.026794258373205742,175,0.1674641148325359,391,0.3741626794258373,9,0.00861244019138756,5,0.004784688995215311,38,0.03636363636363636,6,0.005741626794258373,14,0.013397129186602871,4,0.003827751196172249,11,0.010526315789473684,0,0.0,0,0.0,0,0.0,23,0.02200956937799043,3,0.0028708133971291866,0,0.0,0,0.0,0,0.0,1,0.0009569377990430622,0,0.0,0,0.0,0,0.0,0,0.0,2,0.0019138755980861245,0,0.0,15,0.014354066985645933,1045,1.0,ORIGEN,SECCION,COMPLETO
110,18,NAYARIT,BAHIA DE BANDERAS,,,114,2875,1281,0.44556521739130434,0.5544347826086957,MORENA,446,0.3481654957064793,242,0.18891491022638562,MC,204,0.1592505854800937,49,0.03825136612021858,PAN,155,0.1209992193598751,MORENA,446,0.3481654957064793,242,0.18891491022638562,MC,204,0.1592505854800937,49,0.03825136612021858,PAN,155,0.1209992193598751,155,0.1209992193598751,91,0.07103825136612021,7,0.00546448087431694,26,0.02029664324746292,45,0.0351288056206089,204,0.1592505854800937,446,0.3481654957064793,36,0.02810304449648712,0,0.0,150,0.117096018735363,8,0.00624512099921936,14,0.01092896174863388,8,0.00624512099921936,19,0.01483216237314598,1,0.00078064012490242,1,0.00078064012490242,1,0.00078064012490242,19,0.01483216237314598,4,0.00312256049960968,2,0.00156128024980484,2,0.00156128024980484,1,0.00078064012490242,0,0.0,5,0.0039032006245121,0,0.0,2,0.00156128024980484,2,0.00156128024980484,2,0.00156128024980484,0,0.0,30,0.0234192037470726,1281,1.0,ORIGEN,SECCION,COMPLETO
111,18,NAYARIT,BAHIA DE BANDERAS,,,115,11420,3979,0.34842381786339754,0.6515761821366024,MORENA,1435,0.3606433777330988,576,0.14475998994722292,PAN,859,0.21588338778587585,443,0.11133450615732596,MC,416,0.10454888162854989,MORENA,1435,0.3606433777330988,576,0.14475998994722292,PAN,859,0.21588338778587585,443,0.11133450615732596,MC,416,0.10454888162854989,859,0.21588338778587585,158,0.03970846946468962,32,0.008042221663734606,107,0.02689117868811259,170,0.0427243025885901,416,0.10454888162854989,1435,0.3606433777330988,27,0.006785624528776075,7,0.0017592359889419453,259,0.06509173159085198,32,0.008042221663734606,54,0.01357124905755215,31,0.0077909022367429,106,0.026639859261120884,17,0.0042724302588590096,7,0.0017592359889419453,3,0.0007539582809751194,58,0.014576526765518974,19,0.004775069112842423,3,0.0007539582809751194,8,0.0020105554159336515,12,0.0030158331239004774,6,0.0015079165619502387,14,0.0035184719778838906,1,0.00025131942699170643,19,0.004775069112842423,3,0.0007539582809751194,6,0.0015079165619502387,0,0.0,110,0.02764513696908771,3979,1.0,ORIGEN,SECCION,COMPLETO
112,18,NAYARIT,BAHIA DE BANDERAS,,,116,7321,2320,0.3168965988252971,0.6831034011747029,MORENA,936,0.40344827586206894,448,0.19310344827586207,PAN,488,0.2103448275862069,291,0.1254310344827586,MC,197,0.08491379310344828,MORENA,936,0.40344827586206894,448,0.19310344827586207,PAN,488,0.2103448275862069,291,0.1254310344827586,MC,197,0.08491379310344828,488,0.2103448275862069,93,0.04008620689655172,27,0.01163793103448276,70,0.03017241379310345,50,0.021551724137931036,197,0.08491379310344828,936,0.40344827586206894,22,0.009482758620689655,6,0.002586206896551724,165,0.07112068965517242,13,0.005603448275862069,14,0.00603448275862069,14,0.00603448275862069,58,0.025,9,0.003879310344827586,3,0.001293103448275862,0,0.0,34,0.014655172413793103,13,0.005603448275862069,0,0.0,6,0.002586206896551724,1,0.0004310344827586207,3,0.001293103448275862,8,0.0034482758620689655,0,0.0,5,0.0021551724137931034,0,0.0,3,0.001293103448275862,1,0.0004310344827586207,81,0.034913793103448276,2320,1.0,ORIGEN,SECCION,COMPLETO
113,18,NAYARIT,BAHIA DE BANDERAS,,,117,2984,1252,0.4195710455764075,0.5804289544235925,MORENA,443,0.3538338658146965,157,0.1253993610223642,PAN,286,0.22843450479233227,156,0.12460063897763578,MC,130,0.10383386581469649,MORENA,443,0.3538338658146965,157,0.1253993610223642,PAN,286,0.22843450479233227,156,0.12460063897763578,MC,130,0.10383386581469649,286,0.22843450479233227,49,0.03913738019169329,19,0.015175718849840255,37,0.029552715654952075,30,0.023961661341853034,130,0.10383386581469649,443,0.3538338658146965,8,0.006389776357827476,1,0.0007987220447284345,73,0.05830670926517572,14,0.011182108626198083,16,0.012779552715654952,8,0.006389776357827476,35,0.027955271565495207,10,0.007987220447284345,3,0.0023961661341853034,1,0.0007987220447284345,25,0.019968051118210862,3,0.0023961661341853034,1,0.0007987220447284345,1,0.0007987220447284345,2,0.001597444089456869,0,0.0,5,0.003993610223642172,3,0.0023961661341853034,6,0.004792332268370607,1,0.0007987220447284345,5,0.003993610223642172,0,0.0,37,0.029552715654952075,1252,1.0,ORIGEN,SECCION,COMPLETO
114,18,NAYARIT,BAHIA DE BANDERAS,,,118,16546,4951,0.299226399129699,0.7007736008703009,MORENA,1861,0.3758836598666936,1034,0.20884669763684105,PAN,827,0.16703696222985256,133,0.026863259947485358,MC,694,0.1401737022823672,MORENA,1861,0.3758836598666936,1034,0.20884669763684105,PAN,827,0.16703696222985256,133,0.026863259947485358,MC,694,0.1401737022823672,827,0.16703696222985256,220,0.044435467582306605,178,0.03595233286204807,100,0.020197939810139367,99,0.019995960412037973,694,0.1401737022823672,1861,0.3758836598666936,43,0.008685114118359927,16,0.0032316703696222983,180,0.036356291658250856,38,0.007675217127852959,62,0.012522722682286406,72,0.014542516663300344,162,0.03272066249242577,22,0.00444354675823066,8,0.0016158351848111492,5,0.0010098969905069683,164,0.03312462128862856,28,0.005655423146839022,2,0.0004039587962027873,3,0.000605938194304181,9,0.001817814582912543,1,0.00020197939810139365,11,0.00222177337911533,6,0.001211876388608362,15,0.0030296909715209048,1,0.00020197939810139365,12,0.002423752777216724,1,0.00020197939810139365,111,0.022419713189254696,4951,1.0,ORIGEN,SECCION,COMPLETO
115,18,NAYARIT,BAHIA DE BANDERAS,,,119,4034,1499,0.37159147248388696,0.6284085275161131,MORENA,534,0.3562374916611074,239,0.15943962641761175,MC,295,0.19679786524349566,19,0.012675116744496331,PAN,276,0.18412274849899934,MORENA,534,0.3562374916611074,239,0.15943962641761175,MC,295,0.19679786524349566,19,0.012675116744496331,PAN,276,0.18412274849899934,276,0.18412274849899934,46,0.030687124749833223,34,0.02268178785857238,30,0.0200133422281521,37,0.024683122081387593,295,0.19679786524349566,534,0.3562374916611074,6,0.004002668445630421,6,0.004002668445630421,71,0.047364909939959975,6,0.004002668445630421,22,0.01467645096731154,13,0.00867244829886591,25,0.01667778519012675,4,0.00266844563042028,3,0.0020013342228152103,0,0.0,17,0.01134089392928619,11,0.00733822548365577,0,0.0,4,0.00266844563042028,4,0.00266844563042028,2,0.00133422281521014,2,0.00133422281521014,1,0.00066711140760507,7,0.004669779853235491,0,0.0,6,0.004002668445630421,1,0.00066711140760507,36,0.02401601067378252,1499,1.0,ORIGEN,SECCION,COMPLETO
116,18,NAYARIT,BAHIA DE BANDERAS,,,120,4175,1865,0.4467065868263473,0.5532934131736527,MORENA,497,0.2664879356568365,68,0.03646112600536193,PAN,429,0.23002680965147454,233,0.12493297587131368,PT_PVEM_MORENA_NAN,196,0.10509383378016086,MORENA,497,0.2664879356568365,68,0.03646112600536193,PAN,429,0.23002680965147454,233,0.12493297587131368,PT_PVEM_MORENA_NAN,196,0.10509383378016086,429,0.23002680965147454,66,0.0353887399463807,23,0.012332439678284183,40,0.021447721179624665,77,0.04128686327077748,134,0.07184986595174263,497,0.2664879356568365,11,0.005898123324396783,2,0.0010723860589812334,104,0.055764075067024126,3,0.0016085790884718498,18,0.0096514745308311,12,0.006434316353887399,150,0.08042895442359249,8,0.004289544235924933,3,0.0016085790884718498,1,0.0005361930294906167,196,0.10509383378016086,6,0.0032171581769436996,1,0.0005361930294906167,2,0.0010723860589812334,4,0.0021447721179624667,1,0.0005361930294906167,4,0.0021447721179624667,0,0.0,8,0.004289544235924933,2,0.0010723860589812334,5,0.002680965147453083,0,0.0,58,0.031099195710455763,1865,1.0,ORIGEN,SECCION,COMPLETO
117,18,NAYARIT,BAHIA DE BANDERAS,,,121,1750,774,0.4422857142857143,0.5577142857142857,MORENA,294,0.3798449612403101,92,0.11886304909560723,PAN,202,0.26098191214470284,126,0.16279069767441862,MC,76,0.09819121447028424,MORENA,294,0.3798449612403101,92,0.11886304909560723,PAN,202,0.26098191214470284,126,0.16279069767441862,MC,76,0.09819121447028424,202,0.26098191214470284,31,0.040051679586563305,12,0.015503875968992248,26,0.03359173126614987,12,0.015503875968992248,76,0.09819121447028424,294,0.3798449612403101,6,0.007751937984496124,6,0.007751937984496124,29,0.037467700258397935,7,0.00904392764857881,3,0.003875968992248062,3,0.003875968992248062,12,0.015503875968992248,2,0.002583979328165375,0,0.0,0,0.0,18,0.023255813953488372,4,0.00516795865633075,0,0.0,2,0.002583979328165375,3,0.003875968992248062,0,0.0,1,0.0012919896640826874,0,0.0,3,0.003875968992248062,0,0.0,5,0.006459948320413436,0,0.0,17,0.021963824289405683,774,1.0,ORIGEN,SECCION,COMPLETO
118,18,NAYARIT,BAHIA DE BANDERAS,,,122,2807,1196,0.4260776629853937,0.5739223370146063,PAN,342,0.28595317725752506,0,0.0,MORENA,342,0.28595317725752506,175,0.14632107023411373,MC,167,0.13963210702341136,PAN,342,0.28595317725752506,0,0.0,MORENA,342,0.28595317725752506,175,0.14632107023411373,MC,167,0.13963210702341136,342,0.28595317725752506,68,0.056856187290969896,12,0.010033444816053512,22,0.01839464882943144,17,0.014214046822742474,167,0.13963210702341136,342,0.28595317725752506,14,0.011705685618729096,2,0.0016722408026755853,68,0.056856187290969896,9,0.007525083612040134,20,0.016722408026755852,17,0.014214046822742474,36,0.030100334448160536,0,0.0,0,0.0,0,0.0,6,0.005016722408026756,10,0.008361204013377926,0,0.0,2,0.0016722408026755853,4,0.0033444816053511705,0,0.0,2,0.0016722408026755853,0,0.0,4,0.0033444816053511705,0,0.0,1,0.0008361204013377926,0,0.0,31,0.025919732441471572,1196,1.0,ORIGEN,SECCION,COMPLETO
119,18,NAYARIT,BAHIA DE BANDERAS,,,123,2366,1056,0.4463229078613694,0.5536770921386306,PAN,449,0.4251893939393939,151,0.14299242424242425,MORENA,298,0.2821969696969697,199,0.1884469696969697,MC,99,0.09375,PAN,449,0.4251893939393939,151,0.14299242424242425,MORENA,298,0.2821969696969697,199,0.1884469696969697,MC,99,0.09375,449,0.4251893939393939,69,0.06534090909090909,7,0.006628787878787879,12,0.011363636363636364,12,0.011363636363636364,99,0.09375,298,0.2821969696969697,3,0.002840909090909091,3,0.002840909090909091,31,0.029356060606060608,8,0.007575757575757576,5,0.004734848484848485,13,0.01231060606060606,17,0.016098484848484848,1,0.000946969696969697,1,0.000946969696969697,0,0.0,7,0.006628787878787879,0,0.0,0,0.0,2,0.001893939393939394,2,0.001893939393939394,1,0.000946969696969697,1,0.000946969696969697,0,0.0,3,0.002840909090909091,0,0.0,1,0.000946969696969697,0,0.0,11,0.010416666666666666,1056,1.0,ORIGEN,SECCION,COMPLETO
120,18,NAYARIT,BAHIA DE BANDERAS,,,972,3288,1261,0.38351581508515814,0.6164841849148419,MORENA,518,0.4107850911974623,307,0.24345757335448057,PAN,211,0.16732751784298175,50,0.03965107057890563,MC,161,0.12767644726407612,MORENA,518,0.4107850911974623,307,0.24345757335448057,PAN,211,0.16732751784298175,50,0.03965107057890563,MC,161,0.12767644726407612,211,0.16732751784298175,58,0.045995241871530534,19,0.01506740681998414,30,0.023790642347343377,23,0.01823949246629659,161,0.12767644726407612,518,0.4107850911974623,28,0.022204599524187154,2,0.0015860428231562252,53,0.04203013481363997,19,0.01506740681998414,31,0.02458366375892149,27,0.02141157811260904,22,0.017446471054718478,2,0.0015860428231562252,4,0.0031720856463124504,0,0.0,17,0.013481363996827915,0,0.0,0,0.0,2,0.0015860428231562252,0,0.0,0,0.0,1,0.0007930214115781126,0,0.0,3,0.0023790642347343376,0,0.0,0,0.0,1,0.0007930214115781126,29,0.022997620935765267,1261,1.0,ORIGEN,SECCION,COMPLETO
121,18,NAYARIT,BAHIA DE BANDERAS,,,973,557,245,0.4398563734290844,0.5601436265709157,MORENA,124,0.5061224489795918,100,0.40816326530612246,PAN,24,0.09795918367346938,2,0.00816326530612245,MC,22,0.08979591836734693,MORENA,124,0.5061224489795918,100,0.40816326530612246,PAN,24,0.09795918367346938,2,0.00816326530612245,MC,22,0.08979591836734693,24,0.09795918367346938,13,0.053061224489795916,4,0.0163265306122449,4,0.0163265306122449,6,0.024489795918367346,22,0.08979591836734693,124,0.5061224489795918,3,0.012244897959183673,0,0.0,4,0.0163265306122449,0,0.0,3,0.012244897959183673,2,0.00816326530612245,16,0.0653061224489796,2,0.00816326530612245,3,0.012244897959183673,0,0.0,1,0.004081632653061225,4,0.0163265306122449,0,0.0,0,0.0,1,0.004081632653061225,0,0.0,0,0.0,0,0.0,1,0.004081632653061225,0,0.0,0,0.0,0,0.0,8,0.0326530612244898,245,1.0,ORIGEN,SECCION,COMPLETO
122,18,NAYARIT,BAHIA DE BANDERAS,,,974,1095,455,0.4155251141552511,0.5844748858447488,MORENA,176,0.3868131868131868,122,0.2681318681318681,MC,54,0.11868131868131868,6,0.013186813186813187,PAN,48,0.1054945054945055,MORENA,176,0.3868131868131868,122,0.2681318681318681,MC,54,0.11868131868131868,6,0.013186813186813187,PAN,48,0.1054945054945055,48,0.1054945054945055,31,0.06813186813186813,16,0.035164835164835165,15,0.03296703296703297,16,0.035164835164835165,54,0.11868131868131868,176,0.3868131868131868,1,0.002197802197802198,12,0.026373626373626374,10,0.02197802197802198,11,0.024175824175824177,6,0.013186813186813187,2,0.004395604395604396,16,0.035164835164835165,0,0.0,0,0.0,0,0.0,13,0.02857142857142857,1,0.002197802197802198,1,0.002197802197802198,4,0.008791208791208791,1,0.002197802197802198,0,0.0,0,0.0,0,0.0,0,0.0,0,0.0,0,0.0,0,0.0,21,0.046153846153846156,455,1.0,ORIGEN,SECCION,COMPLETO
123,18,NAYARIT,BAHIA DE BANDERAS,,,975,2662,1063,0.3993238166791886,0.6006761833208114,MORENA,351,0.3301975540921919,196,0.18438381937911572,PAN,155,0.1458137347130762,5,0.004703668861712135,PT_PVEM_MORENA_NAN,150,0.14111006585136407,MORENA,351,0.3301975540921919,196,0.18438381937911572,PAN,155,0.1458137347130762,5,0.004703668861712135,PT_PVEM_MORENA_NAN,150,0.14111006585136407,155,0.1458137347130762,45,0.04233301975540922,16,0.015051740357478834,23,0.021636876763875823,19,0.017873941674506115,74,0.06961429915333961,351,0.3301975540921919,9,0.008466603951081843,3,0.0028222013170272815,36,0.03386641580432737,7,0.00658513640639699,15,0.014111006585136407,23,0.021636876763875823,94,0.08842897460018814,7,0.00658513640639699,0,0.0,0,0.0,150,0.14111006585136407,2,0.0018814675446848542,0,0.0,0,0.0,0,0.0,1,0.0009407337723424271,2,0.0018814675446848542,1,0.0009407337723424271,4,0.0037629350893697085,0,0.0,0,0.0,1,0.0009407337723424271,25,0.023518344308560677,1063,1.0,ORIGEN,SECCION,COMPLETO
124,18,NAYARIT,BAHIA DE BANDERAS,,,976,609,241,0.3957307060755337,0.6042692939244663,MORENA,105,0.43568464730290457,74,0.3070539419087137,PAN,31,0.12863070539419086,16,0.06639004149377593,PRI,15,0.06224066390041494,MORENA,105,0.43568464730290457,74,0.3070539419087137,PAN,31,0.12863070539419086,16,0.06639004149377593,PRI,15,0.06224066390041494,31,0.12863070539419086,15,0.06224066390041494,4,0.016597510373443983,12,0.04979253112033195,4,0.016597510373443983,11,0.04564315352697095,105,0.43568464730290457,1,0.004149377593360996,0,0.0,15,0.06224066390041494,3,0.012448132780082987,2,0.008298755186721992,4,0.016597510373443983,12,0.04979253112033195,1,0.004149377593360996,4,0.016597510373443983,0,0.0,5,0.02074688796680498,1,0.004149377593360996,0,0.0,0,0.0,1,0.004149377593360996,0,0.0,1,0.004149377593360996,0,0.0,2,0.008298755186721992,0,0.0,0,0.0,0,0.0,7,0.029045643153526972,241,1.0,ORIGEN,SECCION,COMPLETO
125,18,NAYARIT,BAHIA DE BANDERAS,,,977,2867,1240,0.4325078479246599,0.5674921520753401,MORENA,451,0.36370967741935484,166,0.1338709677419355,PAN,285,0.22983870967741934,178,0.1435483870967742,PRI,107,0.08629032258064516,MORENA,451,0.36370967741935484,166,0.1338709677419355,PAN,285,0.22983870967741934,178,0.1435483870967742,PRI,107,0.08629032258064516,285,0.22983870967741934,107,0.08629032258064516,23,0.018548387096774192,43,0.03467741935483871,30,0.024193548387096774,92,0.07419354838709677,451,0.36370967741935484,10,0.008064516129032258,7,0.00564516129032258,60,0.04838709677419355,5,0.004032258064516129,21,0.016935483870967744,13,0.010483870967741936,26,0.020967741935483872,4,0.0032258064516129032,0,0.0,0,0.0,10,0.008064516129032258,7,0.00564516129032258,1,0.0008064516129032258,1,0.0008064516129032258,1,0.0008064516129032258,1,0.0008064516129032258,0,0.0,1,0.0008064516129032258,5,0.004032258064516129,0,0.0,0,0.0,2,0.0016129032258064516,34,0.027419354838709678,1240,1.0,ORIGEN,SECCION,COMPLETO
126,18,NAYARIT,BAHIA DE BANDERAS,,,978,2684,1041,0.3878539493293592,0.6121460506706409,MORENA,375,0.36023054755043227,181,0.17387127761767532,PAN,194,0.18635926993275698,43,0.04130643611911623,MC,151,0.14505283381364073,MORENA,375,0.36023054755043227,181,0.17387127761767532,PAN,194,0.18635926993275698,43,0.04130643611911623,MC,151,0.14505283381364073,194,0.18635926993275698,55,0.052833813640730067,7,0.0067243035542747355,44,0.04226705091258405,22,0.021133525456292025,151,0.14505283381364073,375,0.36023054755043227,14,0.013448607108549471,4,0.0038424591738712775,29,0.027857829010566763,11,0.010566762728146013,33,0.03170028818443804,27,0.025936599423631124,21,0.020172910662824207,2,0.0019212295869356388,1,0.0009606147934678194,0,0.0,11,0.010566762728146013,4,0.0038424591738712775,0,0.0,1,0.0009606147934678194,0,0.0,0,0.0,3,0.002881844380403458,0,0.0,3,0.002881844380403458,0,0.0,1,0.0009606147934678194,0,0.0,28,0.026897214217098942,1041,1.0,ORIGEN,SECCION,COMPLETO
127,18,NAYARIT,BAHIA DE BANDERAS,,,979,3062,1277,0.4170476812540823,0.5829523187459177,MORENA,500,0.39154267815191857,250,0.19577133907595928,PAN,250,0.19577133907595928,52,0.04072043852779953,MC,198,0.15505090054815976,MORENA,500,0.39154267815191857,250,0.19577133907595928,PAN,250,0.19577133907595928,52,0.04072043852779953,MC,198,0.15505090054815976,250,0.19577133907595928,71,0.05559906029757244,13,0.010180109631949883,24,0.018794048551292093,29,0.022709475332811275,198,0.15505090054815976,500,0.39154267815191857,13,0.010180109631949883,4,0.0031323414252153485,44,0.03445575567736883,14,0.01096319498825372,41,0.03210649960845732,13,0.010180109631949883,20,0.015661707126076743,1,0.0007830853563038371,0,0.0,0,0.0,9,0.007047768206734534,3,0.0023492560689115116,0,0.0,0,0.0,4,0.0031323414252153485,0,0.0,2,0.0015661707126076742,0,0.0,1,0.0007830853563038371,0,0.0,2,0.0015661707126076742,1,0.0007830853563038371,20,0.015661707126076743,1277,1.0,ORIGEN,SECCION,COMPLETO
128,18,NAYARIT,BAHIA DE BANDERAS,,,980,614,280,0.4560260586319218,0.5439739413680782,MORENA,113,0.4035714285714286,40,0.14285714285714285,PAN,73,0.26071428571428573,52,0.18571428571428572,PRI,21,0.075,MORENA,113,0.4035714285714286,40,0.14285714285714285,PAN,73,0.26071428571428573,52,0.18571428571428572,PRI,21,0.075,73,0.26071428571428573,21,0.075,2,0.007142857142857143,7,0.025,6,0.02142857142857143,16,0.05714285714285714,113,0.4035714285714286,2,0.007142857142857143,0,0.0,12,0.04285714285714286,5,0.017857142857142856,2,0.007142857142857143,6,0.02142857142857143,2,0.007142857142857143,0,0.0,0,0.0,0,0.0,3,0.010714285714285714,2,0.007142857142857143,1,0.0035714285714285713,0,0.0,0,0.0,1,0.0035714285714285713,0,0.0,0,0.0,1,0.0035714285714285713,0,0.0,1,0.0035714285714285713,0,0.0,4,0.014285714285714285,280,1.0,ORIGEN,SECCION,COMPLETO
129,18,NAYARIT,BAHIA DE BANDERAS,,,981,2940,1166,0.39659863945578233,0.6034013605442177,MORENA,463,0.39708404802744424,216,0.18524871355060035,PAN,247,0.2118353344768439,119,0.10205831903945112,MC,128,0.1097770154373928,MORENA,463,0.39708404802744424,216,0.18524871355060035,PAN,247,0.2118353344768439,119,0.10205831903945112,MC,128,0.1097770154373928,247,0.2118353344768439,57,0.04888507718696398,8,0.00686106346483705,31,0.026586620926243566,36,0.030874785591766724,128,0.1097770154373928,463,0.39708404802744424,8,0.00686106346483705,8,0.00686106346483705,37,0.03173241852487135,7,0.006003430531732418,20,0.017152658662092625,21,0.018010291595197257,20,0.017152658662092625,8,0.00686106346483705,0,0.0,0,0.0,27,0.023156089193825044,3,0.002572898799313894,0,0.0,1,0.0008576329331046312,3,0.002572898799313894,0,0.0,0,0.0,0,0.0,5,0.004288164665523156,0,0.0,2,0.0017152658662092624,1,0.0008576329331046312,25,0.02144082332761578,1166,1.0,ORIGEN,SECCION,COMPLETO
130,18,NAYARIT,COMPOSTELA,,,124,1107,528,0.47696476964769646,0.5230352303523036,MORENA,219,0.4147727272727273,91,0.17234848484848486,MC,128,0.24242424242424243,64,0.12121212121212122,PAN,64,0.12121212121212122,MORENA,219,0.4147727272727273,91,0.17234848484848486,MC,128,0.24242424242424243,64,0.12121212121212122,PAN,64,0.12121212121212122,64,0.12121212121212122,28,0.05303030303030303,5,0.00946969696969697,12,0.022727272727272728,8,0.015151515151515152,128,0.24242424242424243,219,0.4147727272727273,9,0.017045454545454544,4,0.007575757575757576,6,0.011363636363636364,0,0.0,8,0.015151515151515152,2,0.003787878787878788,13,0.02462121212121212,2,0.003787878787878788,0,0.0,0,0.0,5,0.00946969696969697,1,0.001893939393939394,0,0.0,1,0.001893939393939394,0,0.0,0,0.0,0,0.0,0,0.0,3,0.005681818181818182,1,0.001893939393939394,0,0.0,0,0.0,9,0.017045454545454544,528,1.0,ORIGEN,SECCION,COMPLETO
131,18,NAYARIT,COMPOSTELA,,,125,1134,559,0.4929453262786596,0.5070546737213404,MORENA,197,0.35241502683363146,66,0.11806797853309481,MC,131,0.23434704830053668,51,0.09123434704830054,PAN,80,0.14311270125223613,MORENA,197,0.35241502683363146,66,0.11806797853309481,MC,131,0.23434704830053668,51,0.09123434704830054,PAN,80,0.14311270125223613,80,0.14311270125223613,21,0.03756708407871199,3,0.005366726296958855,12,0.02146690518783542,12,0.02146690518783542,131,0.23434704830053668,197,0.35241502683363146,13,0.023255813953488372,1,0.0017889087656529517,18,0.03220035778175313,4,0.007155635062611807,11,0.01967799642218247,2,0.0035778175313059034,14,0.025044722719141325,1,0.0017889087656529517,0,0.0,0,0.0,11,0.01967799642218247,2,0.0035778175313059034,0,0.0,0,0.0,1,0.0017889087656529517,0,0.0,1,0.0017889087656529517,0,0.0,4,0.007155635062611807,2,0.0035778175313059034,4,0.007155635062611807,0,0.0,14,0.025044722719141325,559,1.0,ORIGEN,SECCION,COMPLETO
132,18,NAYARIT,COMPOSTELA,,,126,1697,879,0.5179728933411903,0.48202710665880966,MORENA,294,0.33447098976109213,40,0.04550625711035267,MC,254,0.28896473265073946,149,0.1695108077360637,PAN,105,0.11945392491467577,MORENA,294,0.33447098976109213,40,0.04550625711035267,MC,254,0.28896473265073946,149,0.1695108077360637,PAN,105,0.11945392491467577,105,0.11945392491467577,40,0.04550625711035267,6,0.006825938566552901,31,0.03526734926052332,17,0.019340159271899887,254,0.28896473265073946,294,0.33447098976109213,8,0.009101251422070534,4,0.004550625711035267,27,0.030716723549488054,6,0.006825938566552901,14,0.015927189988623434,12,0.013651877133105802,10,0.011376564277588168,3,0.0034129692832764505,0,0.0,0,0.0,16,0.01820250284414107,3,0.0034129692832764505,4,0.004550625711035267,1,0.0011376564277588168,2,0.0022753128555176336,1,0.0011376564277588168,1,0.0011376564277588168,0,0.0,3,0.0034129692832764505,0,0.0,2,0.0022753128555176336,0,0.0,15,0.017064846416382253,879,1.0,ORIGEN,SECCION,COMPLETO
133,18,NAYARIT,COMPOSTELA,,,127,746,380,0.5093833780160858,0.4906166219839142,MORENA,139,0.36578947368421055,58,0.15263157894736842,MC,81,0.2131578947368421,49,0.12894736842105264,PAN,32,0.08421052631578947,MORENA,139,0.36578947368421055,58,0.15263157894736842,MC,81,0.2131578947368421,49,0.12894736842105264,PAN,32,0.08421052631578947,32,0.08421052631578947,22,0.05789473684210526,1,0.002631578947368421,15,0.039473684210526314,17,0.04473684210526316,81,0.2131578947368421,139,0.36578947368421055,7,0.018421052631578946,5,0.013157894736842105,4,0.010526315789473684,10,0.02631578947368421,9,0.02368421052631579,3,0.007894736842105263,11,0.02894736842105263,0,0.0,1,0.002631578947368421,0,0.0,8,0.021052631578947368,3,0.007894736842105263,0,0.0,1,0.002631578947368421,1,0.002631578947368421,0,0.0,1,0.002631578947368421,1,0.002631578947368421,1,0.002631578947368421,0,0.0,1,0.002631578947368421,0,0.0,6,0.015789473684210527,380,1.0,ORIGEN,SECCION,COMPLETO
134,18,NAYARIT,COMPOSTELA,,,128,863,502,0.5816917728852838,0.41830822711471616,MORENA,166,0.33067729083665337,45,0.08964143426294821,MC,121,0.2410358565737052,54,0.10756972111553785,PAN,67,0.13346613545816732,MORENA,166,0.33067729083665337,45,0.08964143426294821,MC,121,0.2410358565737052,54,0.10756972111553785,PAN,67,0.13346613545816732,67,0.13346613545816732,22,0.043824701195219126,3,0.00597609561752988,14,0.027888446215139442,11,0.021912350597609563,121,0.2410358565737052,166,0.33067729083665337,23,0.045816733067729085,2,0.00398406374501992,13,0.025896414342629483,5,0.0099601593625498,7,0.013944223107569721,4,0.00796812749003984,16,0.03187250996015936,1,0.00199203187250996,0,0.0,0,0.0,9,0.017928286852589643,3,0.00597609561752988,0,0.0,2,0.00398406374501992,1,0.00199203187250996,0,0.0,0,0.0,1,0.00199203187250996,2,0.00398406374501992,0,0.0,3,0.00597609561752988,0,0.0,6,0.01195219123505976,502,1.0,ORIGEN,SECCION,COMPLETO
135,18,NAYARIT,COMPOSTELA,,,129,1173,672,0.5728900255754475,0.42710997442455245,MORENA,260,0.3869047619047619,103,0.15327380952380953,MC,157,0.23363095238095238,75,0.11160714285714286,PAN,82,0.12202380952380952,MORENA,260,0.3869047619047619,103,0.15327380952380953,MC,157,0.23363095238095238,75,0.11160714285714286,PAN,82,0.12202380952380952,82,0.12202380952380952,24,0.03571428571428571,9,0.013392857142857142,18,0.026785714285714284,24,0.03571428571428571,157,0.23363095238095238,260,0.3869047619047619,15,0.022321428571428572,6,0.008928571428571428,10,0.01488095238095238,5,0.00744047619047619,9,0.013392857142857142,2,0.002976190476190476,22,0.03273809523809524,2,0.002976190476190476,0,0.0,0,0.0,7,0.010416666666666666,3,0.004464285714285714,1,0.001488095238095238,1,0.001488095238095238,1,0.001488095238095238,2,0.002976190476190476,0,0.0,0,0.0,2,0.002976190476190476,0,0.0,1,0.001488095238095238,0,0.0,9,0.013392857142857142,672,1.0,ORIGEN,SECCION,COMPLETO
136,18,NAYARIT,COMPOSTELA,,,130,669,399,0.5964125560538116,0.4035874439461884,MORENA,148,0.37092731829573933,58,0.14536340852130325,MC,90,0.22556390977443608,37,0.09273182957393483,PAN,53,0.13283208020050125,MORENA,148,0.37092731829573933,58,0.14536340852130325,MC,90,0.22556390977443608,37,0.09273182957393483,PAN,53,0.13283208020050125,53,0.13283208020050125,16,0.040100250626566414,0,0.0,13,0.03258145363408521,15,0.03759398496240601,90,0.22556390977443608,148,0.37092731829573933,13,0.03258145363408521,1,0.002506265664160401,4,0.010025062656641603,1,0.002506265664160401,5,0.012531328320802004,2,0.005012531328320802,8,0.020050125313283207,0,0.0,1,0.002506265664160401,0,0.0,8,0.020050125313283207,0,0.0,0,0.0,0,0.0,6,0.015037593984962405,0,0.0,1,0.002506265664160401,0,0.0,4,0.010025062656641603,0,0.0,1,0.002506265664160401,0,0.0,9,0.022556390977443608,399,1.0,ORIGEN,SECCION,COMPLETO
137,18,NAYARIT,COMPOSTELA,,,131,599,366,0.6110183639398998,0.38898163606010017,MORENA,129,0.3524590163934426,55,0.15027322404371585,MC,74,0.20218579234972678,15,0.040983606557377046,PAN,59,0.16120218579234974,MORENA,129,0.3524590163934426,55,0.15027322404371585,MC,74,0.20218579234972678,15,0.040983606557377046,PAN,59,0.16120218579234974,59,0.16120218579234974,9,0.02459016393442623,4,0.01092896174863388,9,0.02459016393442623,12,0.03278688524590164,74,0.20218579234972678,129,0.3524590163934426,6,0.01639344262295082,2,0.00546448087431694,11,0.030054644808743168,1,0.00273224043715847,19,0.05191256830601093,0,0.0,9,0.02459016393442623,1,0.00273224043715847,0,0.0,0,0.0,7,0.01912568306010929,2,0.00546448087431694,2,0.00546448087431694,2,0.00546448087431694,1,0.00273224043715847,1,0.00273224043715847,0,0.0,0,0.0,1,0.00273224043715847,0,0.0,1,0.00273224043715847,0,0.0,4,0.01092896174863388,366,1.0,ORIGEN,SECCION,COMPLETO
138,18,NAYARIT,COMPOSTELA,,,132,1794,865,0.4821627647714604,0.5178372352285396,MORENA,339,0.3919075144508671,208,0.24046242774566473,MC,131,0.15144508670520232,34,0.03930635838150289,PAN,97,0.11213872832369942,MORENA,339,0.3919075144508671,208,0.24046242774566473,MC,131,0.15144508670520232,34,0.03930635838150289,PAN,97,0.11213872832369942,97,0.11213872832369942,28,0.03236994219653179,3,0.003468208092485549,18,0.020809248554913295,82,0.09479768786127167,131,0.15144508670520232,339,0.3919075144508671,20,0.023121387283236993,9,0.010404624277456647,13,0.015028901734104046,1,0.0011560693641618498,12,0.013872832369942197,6,0.006936416184971098,27,0.03121387283236994,6,0.006936416184971098,3,0.003468208092485549,0,0.0,22,0.025433526011560695,6,0.006936416184971098,1,0.0011560693641618498,0,0.0,1,0.0011560693641618498,3,0.003468208092485549,1,0.0011560693641618498,0,0.0,6,0.006936416184971098,3,0.003468208092485549,5,0.005780346820809248,0,0.0,22,0.025433526011560695,865,1.0,ORIGEN,SECCION,COMPLETO
139,18,NAYARIT,COMPOSTELA,,,133,1711,808,0.4722384570426651,0.5277615429573349,MORENA,293,0.3626237623762376,95,0.11757425742574257,MC,198,0.24504950495049505,118,0.14603960396039603,PAN,80,0.09900990099009901,MORENA,293,0.3626237623762376,95,0.11757425742574257,MC,198,0.24504950495049505,118,0.14603960396039603,PAN,80,0.09900990099009901,80,0.09900990099009901,38,0.04702970297029703,6,0.007425742574257425,25,0.03094059405940594,45,0.055693069306930694,198,0.24504950495049505,293,0.3626237623762376,23,0.028465346534653466,5,0.006188118811881188,13,0.01608910891089109,3,0.0037128712871287127,4,0.0049504950495049506,4,0.0049504950495049506,15,0.018564356435643563,2,0.0024752475247524753,3,0.0037128712871287127,0,0.0,13,0.01608910891089109,5,0.006188118811881188,3,0.0037128712871287127,2,0.0024752475247524753,1,0.0012376237623762376,0,0.0,1,0.0012376237623762376,0,0.0,3,0.0037128712871287127,0,0.0,4,0.0049504950495049506,0,0.0,19,0.023514851485148515,808,1.0,ORIGEN,SECCION,COMPLETO
140,18,NAYARIT,COMPOSTELA,,,134,907,515,0.5678059536934951,0.43219404630650493,MORENA,218,0.42330097087378643,111,0.21553398058252426,MC,107,0.20776699029126214,56,0.1087378640776699,PAN,51,0.09902912621359224,MORENA,218,0.42330097087378643,111,0.21553398058252426,MC,107,0.20776699029126214,56,0.1087378640776699,PAN,51,0.09902912621359224,51,0.09902912621359224,19,0.036893203883495145,5,0.009708737864077669,9,0.017475728155339806,23,0.04466019417475728,107,0.20776699029126214,218,0.42330097087378643,25,0.04854368932038835,1,0.001941747572815534,11,0.021359223300970873,0,0.0,6,0.011650485436893204,0,0.0,8,0.015533980582524271,2,0.003883495145631068,2,0.003883495145631068,0,0.0,16,0.031067961165048542,1,0.001941747572815534,1,0.001941747572815534,1,0.001941747572815534,1,0.001941747572815534,0,0.0,0,0.0,0,0.0,1,0.001941747572815534,0,0.0,0,0.0,0,0.0,7,0.013592233009708738,515,1.0,ORIGEN,SECCION,COMPLETO
141,18,NAYARIT,COMPOSTELA,,,135,865,530,0.6127167630057804,0.3872832369942196,MORENA,193,0.3641509433962264,70,0.1320754716981132,MC,123,0.2320754716981132,40,0.07547169811320754,PAN,83,0.15660377358490565,MORENA,193,0.3641509433962264,70,0.1320754716981132,MC,123,0.2320754716981132,40,0.07547169811320754,PAN,83,0.15660377358490565,83,0.15660377358490565,22,0.04150943396226415,3,0.005660377358490566,12,0.022641509433962263,17,0.03207547169811321,123,0.2320754716981132,193,0.3641509433962264,23,0.04339622641509434,2,0.0037735849056603774,3,0.005660377358490566,2,0.0037735849056603774,5,0.009433962264150943,1,0.0018867924528301887,7,0.013207547169811321,1,0.0018867924528301887,0,0.0,0,0.0,12,0.022641509433962263,2,0.0037735849056603774,0,0.0,0,0.0,6,0.011320754716981131,1,0.0018867924528301887,0,0.0,0,0.0,6,0.011320754716981131,0,0.0,3,0.005660377358490566,0,0.0,3,0.005660377358490566,530,1.0,ORIGEN,SECCION,COMPLETO
142,18,NAYARIT,COMPOSTELA,,,136,690,447,0.6478260869565218,0.3521739130434782,MORENA,151,0.3378076062639821,38,0.08501118568232663,MC,113,0.25279642058165547,45,0.10067114093959731,PAN,68,0.15212527964205816,MORENA,151,0.3378076062639821,38,0.08501118568232663,MC,113,0.25279642058165547,45,0.10067114093959731,PAN,68,0.15212527964205816,68,0.15212527964205816,7,0.015659955257270694,6,0.013422818791946308,16,0.035794183445190156,13,0.029082774049217,113,0.25279642058165547,151,0.3378076062639821,5,0.011185682326621925,6,0.013422818791946308,6,0.013422818791946308,2,0.0044742729306487695,6,0.013422818791946308,2,0.0044742729306487695,14,0.03131991051454139,2,0.0044742729306487695,1,0.0022371364653243847,0,0.0,11,0.024608501118568233,7,0.015659955257270694,1,0.0022371364653243847,0,0.0,1,0.0022371364653243847,3,0.006711409395973154,0,0.0,0,0.0,1,0.0022371364653243847,1,0.0022371364653243847,1,0.0022371364653243847,0,0.0,3,0.006711409395973154,447,1.0,ORIGEN,SECCION,COMPLETO
143,18,NAYARIT,COMPOSTELA,,,137,1517,1113,0.7336849044166117,0.2663150955833883,MORENA,402,0.3611859838274933,93,0.08355795148247978,MC,309,0.2776280323450135,193,0.1734052111410602,PAN,116,0.10422282120395328,MORENA,402,0.3611859838274933,93,0.08355795148247978,MC,309,0.2776280323450135,193,0.1734052111410602,PAN,116,0.10422282120395328,116,0.10422282120395328,40,0.03593890386343217,10,0.008984725965858042,26,0.02336028751123091,34,0.030548068283917342,309,0.2776280323450135,402,0.3611859838274933,18,0.016172506738544475,5,0.004492362982929021,25,0.022461814914645103,6,0.005390835579514825,12,0.01078167115902965,5,0.004492362982929021,28,0.025157232704402517,0,0.0,1,0.0008984725965858042,0,0.0,24,0.0215633423180593,8,0.0071877807726864335,3,0.0026954177897574125,2,0.0017969451931716084,3,0.0026954177897574125,2,0.0017969451931716084,3,0.0026954177897574125,0,0.0,8,0.0071877807726864335,4,0.0035938903863432167,3,0.0026954177897574125,0,0.0,16,0.014375561545372867,1113,1.0,ORIGEN,SECCION,COMPLETO
144,18,NAYARIT,COMPOSTELA,,,138,689,345,0.5007256894049347,0.49927431059506533,MORENA,138,0.4,39,0.11304347826086956,MC,99,0.28695652173913044,76,0.22028985507246376,PAN,23,0.06666666666666667,MORENA,138,0.4,39,0.11304347826086956,MC,99,0.28695652173913044,76,0.22028985507246376,PAN,23,0.06666666666666667,23,0.06666666666666667,11,0.03188405797101449,1,0.002898550724637681,10,0.028985507246376812,8,0.02318840579710145,99,0.28695652173913044,138,0.4,5,0.014492753623188406,2,0.005797101449275362,6,0.017391304347826087,2,0.005797101449275362,14,0.04057971014492753,4,0.011594202898550725,7,0.020289855072463767,0,0.0,0,0.0,0,0.0,4,0.011594202898550725,1,0.002898550724637681,0,0.0,0,0.0,0,0.0,0,0.0,2,0.005797101449275362,0,0.0,0,0.0,0,0.0,0,0.0,0,0.0,8,0.02318840579710145,345,1.0,ORIGEN,SECCION,COMPLETO
145,18,NAYARIT,COMPOSTELA,,,139,686,306,0.446064139941691,0.5539358600583091,PT_PVEM_MORENA_NAN,176,0.5751633986928104,125,0.4084967320261438,PAN_PRI_PRD,51,0.16666666666666666,11,0.03594771241830065,MC,40,0.13071895424836602,PT_PVEM_MORENA_NAN,176,0.5751633986928104,125,0.4084967320261438,PAN_PRI_PRD,51,0.16666666666666666,11,0.03594771241830065,MC,40,0.13071895424836602,0,0.0,0,0.0,0,0.0,0,0.0,0,0.0,40,0.13071895424836602,0,0.0,0,0.0,1,0.0032679738562091504,17,0.05555555555555555,4,0.013071895424836602,3,0.00980392156862745,2,0.006535947712418301,51,0.16666666666666666,0,0.0,0,0.0,0,0.0,176,0.5751633986928104,0,0.0,0,0.0,0,0.0,0,0.0,0,0.0,0,0.0,0,0.0,0,0.0,0,0.0,0,0.0,0,0.0,12,0.0392156862745098,306,1.0,ORIGEN,SECCION,COMPLETO
146,18,NAYARIT,COMPOSTELA,,,140,497,258,0.5191146881287726,0.4808853118712274,MORENA,89,0.3449612403100775,6,0.023255813953488372,MC,83,0.32170542635658916,65,0.25193798449612403,PAN,18,0.06976744186046512,MORENA,89,0.3449612403100775,6,0.023255813953488372,MC,83,0.32170542635658916,65,0.25193798449612403,PAN,18,0.06976744186046512,18,0.06976744186046512,16,0.06201550387596899,0,0.0,7,0.027131782945736434,9,0.03488372093023256,83,0.32170542635658916,89,0.3449612403100775,4,0.015503875968992248,2,0.007751937984496124,0,0.0,0,0.0,2,0.007751937984496124,7,0.027131782945736434,5,0.01937984496124031,0,0.0,0,0.0,0,0.0,2,0.007751937984496124,1,0.003875968992248062,0,0.0,0,0.0,0,0.0,0,0.0,0,0.0,1,0.003875968992248062,1,0.003875968992248062,0,0.0,2,0.007751937984496124,0,0.0,9,0.03488372093023256,258,1.0,ORIGEN,SECCION,COMPLETO
147,18,NAYARIT,COMPOSTELA,,,141,662,345,0.5211480362537765,0.4788519637462235,MORENA,138,0.4,51,0.14782608695652175,MC,87,0.25217391304347825,62,0.17971014492753623,PAN,25,0.07246376811594203,MORENA,138,0.4,51,0.14782608695652175,MC,87,0.25217391304347825,62,0.17971014492753623,PAN,25,0.07246376811594203,25,0.07246376811594203,8,0.02318840579710145,0,0.0,18,0.05217391304347826,11,0.03188405797101449,87,0.25217391304347825,138,0.4,9,0.02608695652173913,4,0.011594202898550725,5,0.014492753623188406,1,0.002898550724637681,1,0.002898550724637681,3,0.008695652173913044,4,0.011594202898550725,1,0.002898550724637681,0,0.0,0,0.0,10,0.028985507246376812,3,0.008695652173913044,0,0.0,3,0.008695652173913044,0,0.0,1,0.002898550724637681,1,0.002898550724637681,2,0.005797101449275362,0,0.0,4,0.011594202898550725,0,0.0,0,0.0,6,0.017391304347826087,345,1.0,ORIGEN,SECCION,COMPLETO
148,18,NAYARIT,COMPOSTELA,,,142,124,61,0.49193548387096775,0.5080645161290323,MORENA,33,0.5409836065573771,25,0.4098360655737705,MC,8,0.13114754098360656,4,0.06557377049180328,PAN,4,0.06557377049180328,MORENA,33,0.5409836065573771,25,0.4098360655737705,MC,8,0.13114754098360656,4,0.06557377049180328,PAN,4,0.06557377049180328,4,0.06557377049180328,2,0.03278688524590164,0,0.0,1,0.01639344262295082,0,0.0,8,0.13114754098360656,33,0.5409836065573771,4,0.06557377049180328,0,0.0,2,0.03278688524590164,3,0.04918032786885246,0,0.0,1,0.01639344262295082,1,0.01639344262295082,1,0.01639344262295082,0,0.0,0,0.0,0,0.0,0,0.0,0,0.0,0,0.0,0,0.0,0,0.0,0,0.0,0,0.0,0,0.0,0,0.0,0,0.0,0,0.0,1,0.01639344262295082,61,1.0,ORIGEN,SECCION,COMPLETO
149,18,NAYARIT,COMPOSTELA,,,143,372,298,0.8010752688172043,0.19892473118279574,MORENA,99,0.33221476510067116,45,0.15100671140939598,PES,54,0.18120805369127516,14,0.04697986577181208,MC,40,0.1342281879194631,MORENA,99,0.33221476510067116,45,0.15100671140939598,PES,54,0.18120805369127516,14,0.04697986577181208,MC,40,0.1342281879194631,19,0.06375838926174497,16,0.053691275167785234,1,0.003355704697986577,7,0.02348993288590604,5,0.016778523489932886,40,0.1342281879194631,99,0.33221476510067116,8,0.026845637583892617,17,0.05704697986577181,0,0.0,54,0.18120805369127516,13,0.0436241610738255,6,0.020134228187919462,1,0.003355704697986577,0,0.0,1,0.003355704697986577,0,0.0,0,0.0,1,0.003355704697986577,0,0.0,2,0.006711409395973154,0,0.0,0,0.0,0,0.0,0,0.0,2,0.006711409395973154,1,0.003355704697986577,0,0.0,0,0.0,5,0.016778523489932886,298,1.0,ORIGEN,SECCION,COMPLETO
150,18,NAYARIT,COMPOSTELA,,,144,646,304,0.47058823529411764,0.5294117647058824,PT_PVEM_MORENA_NAN,221,0.7269736842105263,182,0.5986842105263158,PAN_PRI_PRD,39,0.12828947368421054,25,0.08223684210526316,MC,14,0.046052631578947366,PT_PVEM_MORENA_NAN,221,0.7269736842105263,182,0.5986842105263158,PAN_PRI_PRD,39,0.12828947368421054,25,0.08223684210526316,MC,14,0.046052631578947366,0,0.0,0,0.0,0,0.0,0,0.0,0,0.0,14,0.046052631578947366,0,0.0,0,0.0,0,0.0,7,0.023026315789473683,1,0.003289473684210526,1,0.003289473684210526,12,0.039473684210526314,39,0.12828947368421054,0,0.0,0,0.0,0,0.0,221,0.7269736842105263,0,0.0,0,0.0,0,0.0,0,0.0,0,0.0,0,0.0,0,0.0,0,0.0,0,0.0,0,0.0,0,0.0,9,0.029605263157894735,304,1.0,ORIGEN,SECCION,COMPLETO
151,18,NAYARIT,COMPOSTELA,,,145,742,349,0.47035040431266845,0.5296495956873315,MORENA,163,0.4670487106017192,126,0.36103151862464183,PVEM,37,0.10601719197707736,8,0.022922636103151862,MC,29,0.0830945558739255,MORENA,163,0.4670487106017192,126,0.36103151862464183,PVEM,37,0.10601719197707736,8,0.022922636103151862,MC,29,0.0830945558739255,24,0.06876790830945559,23,0.0659025787965616,1,0.0028653295128939827,14,0.04011461318051576,37,0.10601719197707736,29,0.0830945558739255,163,0.4670487106017192,8,0.022922636103151862,0,0.0,13,0.03724928366762178,8,0.022922636103151862,2,0.0057306590257879654,4,0.011461318051575931,4,0.011461318051575931,0,0.0,0,0.0,0,0.0,10,0.02865329512893983,0,0.0,0,0.0,0,0.0,0,0.0,0,0.0,1,0.0028653295128939827,0,0.0,0,0.0,0,0.0,0,0.0,0,0.0,8,0.022922636103151862,349,1.0,ORIGEN,SECCION,COMPLETO
152,18,NAYARIT,COMPOSTELA,,,146,244,125,0.5122950819672131,0.4877049180327869,MORENA,30,0.24,4,0.032,PAN,26,0.208,4,0.032,VIVA,22,0.176,MORENA,30,0.24,4,0.032,PAN,26,0.208,4,0.032,VIVA,22,0.176,26,0.208,14,0.112,3,0.024,3,0.024,7,0.056,9,0.072,30,0.24,7,0.056,22,0.176,1,0.008,1,0.008,2,0.016,0,0.0,0,0.0,0,0.0,0,0.0,0,0.0,0,0.0,0,0.0,0,0.0,0,0.0,0,0.0,0,0.0,0,0.0,0,0.0,0,0.0,0,0.0,0,0.0,0,0.0,0,0.0,125,1.0,ORIGEN,SECCION,COMPLETO
153,18,NAYARIT,COMPOSTELA,,,147,422,244,0.5781990521327014,0.4218009478672986,MORENA,88,0.36065573770491804,40,0.16393442622950818,MC,48,0.19672131147540983,9,0.036885245901639344,PAN,39,0.1598360655737705,MORENA,88,0.36065573770491804,40,0.16393442622950818,MC,48,0.19672131147540983,9,0.036885245901639344,PAN,39,0.1598360655737705,39,0.1598360655737705,14,0.05737704918032787,5,0.020491803278688523,6,0.02459016393442623,15,0.06147540983606557,48,0.19672131147540983,88,0.36065573770491804,4,0.01639344262295082,0,0.0,8,0.03278688524590164,0,0.0,3,0.012295081967213115,1,0.004098360655737705,0,0.0,0,0.0,0,0.0,0,0.0,0,0.0,5,0.020491803278688523,0,0.0,0,0.0,0,0.0,0,0.0,0,0.0,0,0.0,1,0.004098360655737705,0,0.0,0,0.0,0,0.0,7,0.028688524590163935,244,1.0,ORIGEN,SECCION,COMPLETO
154,18,NAYARIT,COMPOSTELA,,,148,708,357,0.5042372881355932,0.4957627118644068,MORENA,179,0.5014005602240896,140,0.39215686274509803,MC,39,0.1092436974789916,9,0.025210084033613446,PAN,30,0.08403361344537816,MORENA,179,0.5014005602240896,140,0.39215686274509803,MC,39,0.1092436974789916,9,0.025210084033613446,PAN,30,0.08403361344537816,30,0.08403361344537816,14,0.0392156862745098,0,0.0,18,0.05042016806722689,17,0.047619047619047616,39,0.1092436974789916,179,0.5014005602240896,5,0.014005602240896359,0,0.0,16,0.04481792717086835,2,0.0056022408963585435,4,0.011204481792717087,0,0.0,7,0.0196078431372549,1,0.0028011204481792717,0,0.0,0,0.0,4,0.011204481792717087,4,0.011204481792717087,2,0.0056022408963585435,1,0.0028011204481792717,1,0.0028011204481792717,1,0.0028011204481792717,2,0.0056022408963585435,0,0.0,1,0.0028011204481792717,0,0.0,2,0.0056022408963585435,0,0.0,7,0.0196078431372549,357,1.0,ORIGEN,SECCION,COMPLETO
155,18,NAYARIT,COMPOSTELA,,,149,604,311,0.5149006622516556,0.48509933774834435,MORENA,135,0.4340836012861736,98,0.31511254019292606,MC,37,0.1189710610932476,1,0.003215434083601286,PAN,36,0.1157556270096463,MORENA,135,0.4340836012861736,98,0.31511254019292606,MC,37,0.1189710610932476,1,0.003215434083601286,PAN,36,0.1157556270096463,36,0.1157556270096463,19,0.06109324758842444,1,0.003215434083601286,9,0.028938906752411574,27,0.08681672025723473,37,0.1189710610932476,135,0.4340836012861736,5,0.01607717041800643,0,0.0,16,0.05144694533762058,4,0.012861736334405145,1,0.003215434083601286,1,0.003215434083601286,6,0.01929260450160772,1,0.003215434083601286,1,0.003215434083601286,0,0.0,2,0.006430868167202572,1,0.003215434083601286,2,0.006430868167202572,0,0.0,1,0.003215434083601286,2,0.006430868167202572,0,0.0,0,0.0,3,0.00964630225080386,0,0.0,1,0.003215434083601286,0,0.0,0,0.0,311,1.0,ORIGEN,SECCION,COMPLETO
156,18,NAYARIT,COMPOSTELA,,,150,590,266,0.45084745762711864,0.5491525423728814,MORENA,113,0.424812030075188,74,0.2781954887218045,MC,39,0.14661654135338345,13,0.04887218045112782,PVEM,26,0.09774436090225563,MORENA,113,0.424812030075188,74,0.2781954887218045,MC,39,0.14661654135338345,13,0.04887218045112782,PVEM,26,0.09774436090225563,25,0.09398496240601503,20,0.07518796992481203,1,0.0037593984962406013,16,0.06015037593984962,26,0.09774436090225563,39,0.14661654135338345,113,0.424812030075188,3,0.011278195488721804,0,0.0,9,0.03383458646616541,3,0.011278195488721804,0,0.0,2,0.007518796992481203,0,0.0,0,0.0,0,0.0,0,0.0,1,0.0037593984962406013,2,0.007518796992481203,1,0.0037593984962406013,0,0.0,0,0.0,0,0.0,1,0.0037593984962406013,0,0.0,0,0.0,0,0.0,0,0.0,0,0.0,4,0.015037593984962405,266,1.0,ORIGEN,SECCION,COMPLETO
157,18,NAYARIT,COMPOSTELA,,,151,1130,554,0.4902654867256637,0.5097345132743363,MORENA,210,0.37906137184115524,142,0.2563176895306859,MC,68,0.12274368231046931,16,0.02888086642599278,PVEM,52,0.09386281588447654,MORENA,210,0.37906137184115524,142,0.2563176895306859,MC,68,0.12274368231046931,16,0.02888086642599278,PVEM,52,0.09386281588447654,44,0.07942238267148015,48,0.08664259927797834,4,0.007220216606498195,35,0.0631768953068592,52,0.09386281588447654,68,0.12274368231046931,210,0.37906137184115524,10,0.018050541516245487,0,0.0,30,0.05415162454873646,1,0.0018050541516245488,3,0.005415162454873646,2,0.0036101083032490976,6,0.010830324909747292,0,0.0,0,0.0,0,0.0,11,0.019855595667870037,4,0.007220216606498195,0,0.0,0,0.0,4,0.007220216606498195,0,0.0,1,0.0018050541516245488,0,0.0,5,0.009025270758122744,0,0.0,2,0.0036101083032490976,0,0.0,14,0.02527075812274368,554,1.0,ORIGEN,SECCION,COMPLETO
158,18,NAYARIT,COMPOSTELA,,,152,964,444,0.4605809128630705,0.5394190871369295,MORENA,159,0.3581081081081081,97,0.21846846846846846,MC,62,0.13963963963963963,21,0.0472972972972973,PVEM,41,0.09234234234234234,MORENA,159,0.3581081081081081,97,0.21846846846846846,MC,62,0.13963963963963963,21,0.0472972972972973,PVEM,41,0.09234234234234234,37,0.08333333333333333,23,0.0518018018018018,3,0.006756756756756757,17,0.038288288288288286,41,0.09234234234234234,62,0.13963963963963963,159,0.3581081081081081,8,0.018018018018018018,0,0.0,23,0.0518018018018018,4,0.009009009009009009,3,0.006756756756756757,2,0.0045045045045045045,8,0.018018018018018018,4,0.009009009009009009,0,0.0,2,0.0045045045045045045,8,0.018018018018018018,4,0.009009009009009009,0,0.0,2,0.0045045045045045045,2,0.0045045045045045045,0,0.0,1,0.0022522522522522522,0,0.0,4,0.009009009009009009,0,0.0,3,0.006756756756756757,0,0.0,24,0.05405405405405406,444,1.0,ORIGEN,SECCION,COMPLETO
159,18,NAYARIT,COMPOSTELA,,,153,252,109,0.43253968253968256,0.5674603174603174,MORENA,69,0.6330275229357798,61,0.5596330275229358,PAN,8,0.07339449541284404,1,0.009174311926605505,NAN,7,0.06422018348623854,MORENA,69,0.6330275229357798,61,0.5596330275229358,PAN,8,0.07339449541284404,1,0.009174311926605505,NAN,7,0.06422018348623854,8,0.07339449541284404,3,0.027522935779816515,2,0.01834862385321101,1,0.009174311926605505,4,0.03669724770642202,6,0.05504587155963303,69,0.6330275229357798,7,0.06422018348623854,0,0.0,1,0.009174311926605505,3,0.027522935779816515,0,0.0,0,0.0,1,0.009174311926605505,0,0.0,0,0.0,0,0.0,0,0.0,1,0.009174311926605505,0,0.0,1,0.009174311926605505,0,0.0,0,0.0,0,0.0,0,0.0,0,0.0,0,0.0,0,0.0,0,0.0,2,0.01834862385321101,109,1.0,ORIGEN,SECCION,COMPLETO
160,18,NAYARIT,COMPOSTELA,,,154,468,262,0.5598290598290598,0.44017094017094016,PT,64,0.24427480916030533,0,0.0,MORENA,64,0.24427480916030533,18,0.06870229007633588,PAN,46,0.17557251908396945,PT,64,0.24427480916030533,0,0.0,MORENA,64,0.24427480916030533,18,0.06870229007633588,PAN,46,0.17557251908396945,46,0.17557251908396945,15,0.05725190839694656,9,0.03435114503816794,64,0.24427480916030533,8,0.030534351145038167,14,0.05343511450381679,64,0.24427480916030533,3,0.011450381679389313,0,0.0,8,0.030534351145038167,1,0.003816793893129771,0,0.0,3,0.011450381679389313,3,0.011450381679389313,1,0.003816793893129771,0,0.0,2,0.007633587786259542,6,0.022900763358778626,0,0.0,0,0.0,0,0.0,2,0.007633587786259542,0,0.0,2,0.007633587786259542,0,0.0,0,0.0,0,0.0,1,0.003816793893129771,0,0.0,10,0.03816793893129771,262,1.0,ORIGEN,SECCION,COMPLETO
161,18,NAYARIT,COMPOSTELA,,,155,514,264,0.5136186770428015,0.4863813229571985,MORENA,116,0.4393939393939394,83,0.3143939393939394,MC,33,0.125,6,0.022727272727272728,PAN,27,0.10227272727272728,MORENA,116,0.4393939393939394,83,0.3143939393939394,MC,33,0.125,6,0.022727272727272728,PAN,27,0.10227272727272728,27,0.10227272727272728,12,0.045454545454545456,3,0.011363636363636364,9,0.03409090909090909,26,0.09848484848484848,33,0.125,116,0.4393939393939394,7,0.026515151515151516,0,0.0,2,0.007575757575757576,1,0.003787878787878788,1,0.003787878787878788,3,0.011363636363636364,3,0.011363636363636364,2,0.007575757575757576,0,0.0,0,0.0,5,0.01893939393939394,2,0.007575757575757576,0,0.0,3,0.011363636363636364,1,0.003787878787878788,0,0.0,0,0.0,2,0.007575757575757576,0,0.0,0,0.0,1,0.003787878787878788,0,0.0,5,0.01893939393939394,264,1.0,ORIGEN,SECCION,COMPLETO
162,18,NAYARIT,COMPOSTELA,,,156,452,233,0.5154867256637168,0.4845132743362832,MORENA,92,0.3948497854077253,53,0.22746781115879827,PAN,39,0.16738197424892703,9,0.03862660944206009,MC,30,0.12875536480686695,MORENA,92,0.3948497854077253,53,0.22746781115879827,PAN,39,0.16738197424892703,9,0.03862660944206009,MC,30,0.12875536480686695,39,0.16738197424892703,17,0.07296137339055794,1,0.004291845493562232,5,0.02145922746781116,15,0.06437768240343347,30,0.12875536480686695,92,0.3948497854077253,4,0.017167381974248927,1,0.004291845493562232,0,0.0,0,0.0,2,0.008583690987124463,5,0.02145922746781116,7,0.030042918454935622,4,0.017167381974248927,0,0.0,0,0.0,3,0.012875536480686695,1,0.004291845493562232,0,0.0,0,0.0,1,0.004291845493562232,0,0.0,0,0.0,0,0.0,0,0.0,1,0.004291845493562232,0,0.0,0,0.0,5,0.02145922746781116,233,1.0,ORIGEN,SECCION,COMPLETO
163,18,NAYARIT,COMPOSTELA,,,157,698,335,0.4799426934097421,0.5200573065902578,MORENA,133,0.3970149253731343,82,0.24477611940298508,PAN,51,0.15223880597014924,13,0.03880597014925373,PT,38,0.11343283582089553,MORENA,133,0.3970149253731343,82,0.24477611940298508,PAN,51,0.15223880597014924,13,0.03880597014925373,PT,38,0.11343283582089553,51,0.15223880597014924,24,0.07164179104477612,6,0.01791044776119403,38,0.11343283582089553,10,0.029850746268656716,28,0.08358208955223881,133,0.3970149253731343,2,0.005970149253731343,0,0.0,2,0.005970149253731343,0,0.0,3,0.008955223880597015,0,0.0,10,0.029850746268656716,2,0.005970149253731343,2,0.005970149253731343,0,0.0,3,0.008955223880597015,4,0.011940298507462687,1,0.0029850746268656717,1,0.0029850746268656717,1,0.0029850746268656717,1,0.0029850746268656717,3,0.008955223880597015,0,0.0,1,0.0029850746268656717,0,0.0,2,0.005970149253731343,0,0.0,7,0.020895522388059702,335,1.0,ORIGEN,SECCION,COMPLETO
164,18,NAYARIT,COMPOSTELA,,,158,1056,495,0.46875,0.53125,MORENA,217,0.4383838383838384,120,0.24242424242424243,PAN,97,0.19595959595959597,49,0.09898989898989899,MC,48,0.09696969696969697,MORENA,217,0.4383838383838384,120,0.24242424242424243,PAN,97,0.19595959595959597,49,0.09898989898989899,MC,48,0.09696969696969697,97,0.19595959595959597,17,0.03434343434343434,7,0.014141414141414142,25,0.050505050505050504,11,0.022222222222222223,48,0.09696969696969697,217,0.4383838383838384,4,0.00808080808080808,0,0.0,11,0.022222222222222223,2,0.00404040404040404,2,0.00404040404040404,1,0.00202020202020202,9,0.01818181818181818,5,0.010101010101010102,0,0.0,1,0.00202020202020202,10,0.020202020202020204,1,0.00202020202020202,0,0.0,1,0.00202020202020202,1,0.00202020202020202,1,0.00202020202020202,3,0.006060606060606061,4,0.00808080808080808,2,0.00404040404040404,2,0.00404040404040404,0,0.0,0,0.0,13,0.026262626262626262,495,1.0,ORIGEN,SECCION,COMPLETO
165,18,NAYARIT,COMPOSTELA,,,159,887,384,0.43291995490417134,0.5670800450958287,MORENA,168,0.4375,121,0.3151041666666667,PAN,47,0.12239583333333333,1,0.0026041666666666665,MC,46,0.11979166666666667,MORENA,168,0.4375,121,0.3151041666666667,PAN,47,0.12239583333333333,1,0.0026041666666666665,MC,46,0.11979166666666667,47,0.12239583333333333,16,0.041666666666666664,4,0.010416666666666666,21,0.0546875,8,0.020833333333333332,46,0.11979166666666667,168,0.4375,2,0.005208333333333333,0,0.0,12,0.03125,2,0.005208333333333333,8,0.020833333333333332,3,0.0078125,13,0.033854166666666664,5,0.013020833333333334,0,0.0,0,0.0,8,0.020833333333333332,4,0.010416666666666666,0,0.0,1,0.0026041666666666665,0,0.0,3,0.0078125,4,0.010416666666666666,0,0.0,1,0.0026041666666666665,0,0.0,0,0.0,0,0.0,8,0.020833333333333332,384,1.0,ORIGEN,SECCION,COMPLETO
166,18,NAYARIT,COMPOSTELA,,,160,693,317,0.4574314574314574,0.5425685425685426,MORENA,149,0.47003154574132494,95,0.2996845425867508,PAN,54,0.17034700315457413,29,0.0914826498422713,MC,25,0.07886435331230283,MORENA,149,0.47003154574132494,95,0.2996845425867508,PAN,54,0.17034700315457413,29,0.0914826498422713,MC,25,0.07886435331230283,54,0.17034700315457413,12,0.03785488958990536,2,0.006309148264984227,11,0.03470031545741325,6,0.01892744479495268,25,0.07886435331230283,149,0.47003154574132494,3,0.00946372239747634,0,0.0,15,0.0473186119873817,0,0.0,2,0.006309148264984227,0,0.0,11,0.03470031545741325,1,0.0031545741324921135,0,0.0,0,0.0,5,0.015772870662460567,4,0.012618296529968454,1,0.0031545741324921135,1,0.0031545741324921135,0,0.0,0,0.0,0,0.0,0,0.0,1,0.0031545741324921135,2,0.006309148264984227,4,0.012618296529968454,0,0.0,8,0.025236593059936908,317,1.0,ORIGEN,SECCION,COMPLETO
167,18,NAYARIT,COMPOSTELA,,,161,1093,563,0.515096065873742,0.484903934126258,MORENA,270,0.47957371225577267,198,0.35168738898756663,PAN,72,0.12788632326820604,17,0.03019538188277087,MC,55,0.09769094138543517,MORENA,270,0.47957371225577267,198,0.35168738898756663,PAN,72,0.12788632326820604,17,0.03019538188277087,MC,55,0.09769094138543517,72,0.12788632326820604,20,0.035523978685612786,16,0.028419182948490232,26,0.046181172291296625,11,0.019538188277087035,55,0.09769094138543517,270,0.47957371225577267,9,0.015985790408525755,1,0.0017761989342806395,10,0.017761989342806393,1,0.0017761989342806395,6,0.010657193605683837,0,0.0,22,0.03907637655417407,4,0.007104795737122558,1,0.0017761989342806395,0,0.0,9,0.015985790408525755,7,0.012433392539964476,0,0.0,2,0.003552397868561279,0,0.0,0,0.0,1,0.0017761989342806395,0,0.0,2,0.003552397868561279,0,0.0,1,0.0017761989342806395,0,0.0,17,0.03019538188277087,563,1.0,ORIGEN,SECCION,COMPLETO
168,18,NAYARIT,COMPOSTELA,,,162,549,312,0.5683060109289617,0.4316939890710383,MORENA,144,0.46153846153846156,98,0.3141025641025641,PAN,46,0.14743589743589744,18,0.057692307692307696,MC,28,0.08974358974358974,MORENA,144,0.46153846153846156,98,0.3141025641025641,PAN,46,0.14743589743589744,18,0.057692307692307696,MC,28,0.08974358974358974,46,0.14743589743589744,17,0.05448717948717949,2,0.00641025641025641,16,0.05128205128205128,2,0.00641025641025641,28,0.08974358974358974,144,0.46153846153846156,5,0.016025641025641024,2,0.00641025641025641,6,0.019230769230769232,0,0.0,6,0.019230769230769232,2,0.00641025641025641,10,0.03205128205128205,1,0.003205128205128205,0,0.0,0,0.0,8,0.02564102564102564,2,0.00641025641025641,0,0.0,1,0.003205128205128205,1,0.003205128205128205,0,0.0,1,0.003205128205128205,0,0.0,2,0.00641025641025641,0,0.0,1,0.003205128205128205,0,0.0,9,0.028846153846153848,312,1.0,ORIGEN,SECCION,COMPLETO
169,18,NAYARIT,COMPOSTELA,,,163,912,446,0.48903508771929827,0.5109649122807017,MORENA,189,0.42376681614349776,107,0.2399103139013453,PAN,82,0.18385650224215247,49,0.10986547085201794,MC,33,0.07399103139013453,MORENA,189,0.42376681614349776,107,0.2399103139013453,PAN,82,0.18385650224215247,49,0.10986547085201794,MC,33,0.07399103139013453,82,0.18385650224215247,26,0.05829596412556054,5,0.011210762331838564,25,0.05605381165919283,4,0.008968609865470852,33,0.07399103139013453,189,0.42376681614349776,9,0.020179372197309416,1,0.002242152466367713,15,0.033632286995515695,2,0.004484304932735426,5,0.011210762331838564,1,0.002242152466367713,14,0.03139013452914798,3,0.006726457399103139,0,0.0,0,0.0,17,0.03811659192825112,0,0.0,0,0.0,0,0.0,0,0.0,0,0.0,3,0.006726457399103139,0,0.0,1,0.002242152466367713,0,0.0,2,0.004484304932735426,0,0.0,9,0.020179372197309416,446,1.0,ORIGEN,SECCION,COMPLETO
170,18,NAYARIT,COMPOSTELA,,,164,798,395,0.4949874686716792,0.5050125313283208,MORENA,147,0.3721518987341772,67,0.16962025316455695,PAN,80,0.20253164556962025,44,0.11139240506329114,MC,36,0.09113924050632911,MORENA,147,0.3721518987341772,67,0.16962025316455695,PAN,80,0.20253164556962025,44,0.11139240506329114,MC,36,0.09113924050632911,80,0.20253164556962025,13,0.03291139240506329,2,0.005063291139240506,15,0.0379746835443038,12,0.030379746835443037,36,0.09113924050632911,147,0.3721518987341772,3,0.007594936708860759,1,0.002531645569620253,14,0.035443037974683546,2,0.005063291139240506,4,0.010126582278481013,2,0.005063291139240506,21,0.053164556962025315,3,0.007594936708860759,1,0.002531645569620253,0,0.0,8,0.020253164556962026,3,0.007594936708860759,3,0.007594936708860759,2,0.005063291139240506,3,0.007594936708860759,1,0.002531645569620253,1,0.002531645569620253,2,0.005063291139240506,3,0.007594936708860759,2,0.005063291139240506,3,0.007594936708860759,0,0.0,8,0.020253164556962026,395,1.0,ORIGEN,SECCION,COMPLETO
171,18,NAYARIT,COMPOSTELA,,,165,676,378,0.5591715976331361,0.44082840236686394,MORENA,151,0.3994708994708995,73,0.1931216931216931,PAN,78,0.20634920634920634,33,0.0873015873015873,MC,45,0.11904761904761904,MORENA,151,0.3994708994708995,73,0.1931216931216931,PAN,78,0.20634920634920634,33,0.0873015873015873,MC,45,0.11904761904761904,78,0.20634920634920634,21,0.05555555555555555,2,0.005291005291005291,14,0.037037037037037035,1,0.0026455026455026454,45,0.11904761904761904,151,0.3994708994708995,4,0.010582010582010581,0,0.0,10,0.026455026455026454,1,0.0026455026455026454,4,0.010582010582010581,3,0.007936507936507936,15,0.03968253968253968,2,0.005291005291005291,1,0.0026455026455026454,0,0.0,13,0.03439153439153439,4,0.010582010582010581,0,0.0,0,0.0,1,0.0026455026455026454,0,0.0,1,0.0026455026455026454,0,0.0,1,0.0026455026455026454,0,0.0,4,0.010582010582010581,0,0.0,2,0.005291005291005291,378,1.0,ORIGEN,SECCION,COMPLETO
172,18,NAYARIT,COMPOSTELA,,,166,925,426,0.46054054054054056,0.5394594594594595,MORENA,146,0.3427230046948357,42,0.09859154929577464,PAN,104,0.24413145539906103,60,0.14084507042253522,MC,44,0.10328638497652583,MORENA,146,0.3427230046948357,42,0.09859154929577464,PAN,104,0.24413145539906103,60,0.14084507042253522,MC,44,0.10328638497652583,104,0.24413145539906103,13,0.03051643192488263,4,0.009389671361502348,27,0.06338028169014084,5,0.011737089201877934,44,0.10328638497652583,146,0.3427230046948357,5,0.011737089201877934,7,0.01643192488262911,16,0.03755868544600939,3,0.007042253521126761,6,0.014084507042253521,3,0.007042253521126761,16,0.03755868544600939,1,0.002347417840375587,0,0.0,0,0.0,5,0.011737089201877934,4,0.009389671361502348,0,0.0,0,0.0,0,0.0,0,0.0,2,0.004694835680751174,0,0.0,0,0.0,0,0.0,2,0.004694835680751174,0,0.0,13,0.03051643192488263,426,1.0,ORIGEN,SECCION,COMPLETO
173,18,NAYARIT,COMPOSTELA,,,167,1175,529,0.4502127659574468,0.5497872340425531,MORENA,250,0.4725897920604915,145,0.2741020793950851,PAN,105,0.19848771266540643,52,0.09829867674858223,MC,53,0.1001890359168242,MORENA,250,0.4725897920604915,145,0.2741020793950851,PAN,105,0.19848771266540643,52,0.09829867674858223,MC,53,0.1001890359168242,105,0.19848771266540643,20,0.03780718336483932,3,0.005671077504725898,22,0.04158790170132325,7,0.013232514177693762,53,0.1001890359168242,250,0.4725897920604915,6,0.011342155009451797,1,0.001890359168241966,3,0.005671077504725898,1,0.001890359168241966,10,0.01890359168241966,6,0.011342155009451797,9,0.017013232514177693,3,0.005671077504725898,1,0.001890359168241966,0,0.0,13,0.024574669187145556,2,0.003780718336483932,2,0.003780718336483932,1,0.001890359168241966,0,0.0,0,0.0,1,0.001890359168241966,0,0.0,1,0.001890359168241966,0,0.0,4,0.007561436672967864,0,0.0,5,0.00945179584120983,529,1.0,ORIGEN,SECCION,COMPLETO
174,18,NAYARIT,COMPOSTELA,,,168,1268,621,0.48974763406940064,0.5102523659305993,MORENA,275,0.4428341384863124,154,0.24798711755233493,PAN,121,0.19484702093397746,73,0.11755233494363929,MC,48,0.07729468599033816,MORENA,275,0.4428341384863124,154,0.24798711755233493,PAN,121,0.19484702093397746,73,0.11755233494363929,MC,48,0.07729468599033816,121,0.19484702093397746,19,0.030595813204508857,7,0.011272141706924315,36,0.057971014492753624,11,0.017713365539452495,48,0.07729468599033816,275,0.4428341384863124,11,0.017713365539452495,1,0.001610305958132045,11,0.017713365539452495,2,0.00322061191626409,4,0.00644122383252818,6,0.00966183574879227,16,0.02576489533011272,5,0.008051529790660225,0,0.0,1,0.001610305958132045,15,0.024154589371980676,7,0.011272141706924315,2,0.00322061191626409,4,0.00644122383252818,1,0.001610305958132045,1,0.001610305958132045,3,0.004830917874396135,0,0.0,2,0.00322061191626409,1,0.001610305958132045,3,0.004830917874396135,0,0.0,8,0.01288244766505636,621,1.0,ORIGEN,SECCION,COMPLETO
175,18,NAYARIT,COMPOSTELA,,,169,800,360,0.45,0.55,MORENA,156,0.43333333333333335,86,0.2388888888888889,PAN,70,0.19444444444444445,45,0.125,MC,25,0.06944444444444445,MORENA,156,0.43333333333333335,86,0.2388888888888889,PAN,70,0.19444444444444445,45,0.125,MC,25,0.06944444444444445,70,0.19444444444444445,13,0.03611111111111111,1,0.002777777777777778,19,0.05277777777777778,4,0.011111111111111112,25,0.06944444444444445,156,0.43333333333333335,4,0.011111111111111112,1,0.002777777777777778,7,0.019444444444444445,2,0.005555555555555556,4,0.011111111111111112,2,0.005555555555555556,9,0.025,1,0.002777777777777778,0,0.0,0,0.0,13,0.03611111111111111,0,0.0,0,0.0,4,0.011111111111111112,1,0.002777777777777778,1,0.002777777777777778,6,0.016666666666666666,0,0.0,4,0.011111111111111112,0,0.0,2,0.005555555555555556,0,0.0,11,0.030555555555555555,360,1.0,ORIGEN,SECCION,COMPLETO
176,18,NAYARIT,COMPOSTELA,,,170,313,173,0.5527156549520766,0.44728434504792336,MORENA,63,0.36416184971098264,37,0.2138728323699422,MC,26,0.15028901734104047,2,0.011560693641618497,PAN,24,0.13872832369942195,MORENA,63,0.36416184971098264,37,0.2138728323699422,MC,26,0.15028901734104047,2,0.011560693641618497,PAN,24,0.13872832369942195,24,0.13872832369942195,10,0.057803468208092484,0,0.0,14,0.08092485549132948,3,0.017341040462427744,26,0.15028901734104047,63,0.36416184971098264,0,0.0,0,0.0,2,0.011560693641618497,0,0.0,8,0.046242774566473986,0,0.0,6,0.03468208092485549,1,0.005780346820809248,1,0.005780346820809248,0,0.0,1,0.005780346820809248,3,0.017341040462427744,1,0.005780346820809248,0,0.0,2,0.011560693641618497,1,0.005780346820809248,0,0.0,0,0.0,2,0.011560693641618497,0,0.0,1,0.005780346820809248,0,0.0,4,0.023121387283236993,173,1.0,ORIGEN,SECCION,COMPLETO
177,18,NAYARIT,COMPOSTELA,,,171,1058,427,0.40359168241965976,0.5964083175803403,MORENA,138,0.3231850117096019,46,0.10772833723653395,MC,92,0.2154566744730679,29,0.06791569086651054,PAN,63,0.14754098360655737,MORENA,138,0.3231850117096019,46,0.10772833723653395,MC,92,0.2154566744730679,29,0.06791569086651054,PAN,63,0.14754098360655737,63,0.14754098360655737,50,0.117096018735363,10,0.0234192037470726,13,0.03044496487119438,9,0.02107728337236534,92,0.2154566744730679,138,0.3231850117096019,3,0.00702576112412178,1,0.00234192037470726,1,0.00234192037470726,1,0.00234192037470726,6,0.01405152224824356,1,0.00234192037470726,9,0.02107728337236534,7,0.01639344262295082,1,0.00234192037470726,0,0.0,5,0.0117096018735363,0,0.0,0,0.0,0,0.0,2,0.00468384074941452,0,0.0,0,0.0,0,0.0,3,0.00702576112412178,0,0.0,1,0.00234192037470726,0,0.0,11,0.02576112412177986,427,1.0,ORIGEN,SECCION,COMPLETO
178,18,NAYARIT,COMPOSTELA,,,172,129,66,0.5116279069767442,0.4883720930232558,MC,29,0.4393939393939394,14,0.21212121212121213,MORENA,15,0.22727272727272727,9,0.13636363636363635,PRI,6,0.09090909090909091,MC,29,0.4393939393939394,14,0.21212121212121213,MORENA,15,0.22727272727272727,9,0.13636363636363635,PRI,6,0.09090909090909091,0,0.0,6,0.09090909090909091,0,0.0,1,0.015151515151515152,0,0.0,29,0.4393939393939394,15,0.22727272727272727,0,0.0,0,0.0,3,0.045454545454545456,0,0.0,0,0.0,0,0.0,0,0.0,0,0.0,0,0.0,0,0.0,0,0.0,2,0.030303030303030304,0,0.0,0,0.0,0,0.0,0,0.0,0,0.0,0,0.0,3,0.045454545454545456,0,0.0,1,0.015151515151515152,0,0.0,6,0.09090909090909091,66,1.0,ORIGEN,SECCION,COMPLETO
179,18,NAYARIT,COMPOSTELA,,,173,963,429,0.4454828660436137,0.5545171339563864,MORENA,232,0.5407925407925408,167,0.38927738927738925,MC,65,0.15151515151515152,31,0.07226107226107226,PAN,34,0.07925407925407925,MORENA,232,0.5407925407925408,167,0.38927738927738925,MC,65,0.15151515151515152,31,0.07226107226107226,PAN,34,0.07925407925407925,34,0.07925407925407925,16,0.037296037296037296,1,0.002331002331002331,13,0.030303030303030304,6,0.013986013986013986,65,0.15151515151515152,232,0.5407925407925408,3,0.006993006993006993,1,0.002331002331002331,2,0.004662004662004662,3,0.006993006993006993,1,0.002331002331002331,2,0.004662004662004662,3,0.006993006993006993,1,0.002331002331002331,0,0.0,0,0.0,13,0.030303030303030304,4,0.009324009324009324,1,0.002331002331002331,1,0.002331002331002331,1,0.002331002331002331,1,0.002331002331002331,3,0.006993006993006993,1,0.002331002331002331,2,0.004662004662004662,0,0.0,5,0.011655011655011656,0,0.0,14,0.03263403263403263,429,1.0,ORIGEN,SECCION,COMPLETO
180,18,NAYARIT,COMPOSTELA,,,174,122,84,0.6885245901639344,0.3114754098360656,MORENA,24,0.2857142857142857,6,0.07142857142857142,PRI,18,0.21428571428571427,0,0.0,MC,18,0.21428571428571427,MORENA,24,0.2857142857142857,6,0.07142857142857142,PRI,18,0.21428571428571427,0,0.0,MC,18,0.21428571428571427,14,0.16666666666666666,18,0.21428571428571427,0,0.0,2,0.023809523809523808,2,0.023809523809523808,18,0.21428571428571427,24,0.2857142857142857,0,0.0,1,0.011904761904761904,2,0.023809523809523808,0,0.0,0,0.0,0,0.0,0,0.0,0,0.0,0,0.0,0,0.0,1,0.011904761904761904,1,0.011904761904761904,0,0.0,0,0.0,0,0.0,0,0.0,0,0.0,0,0.0,0,0.0,0,0.0,0,0.0,0,0.0,1,0.011904761904761904,84,1.0,ORIGEN,SECCION,COMPLETO
181,18,NAYARIT,COMPOSTELA,,,175,486,279,0.5740740740740741,0.42592592592592593,MORENA,125,0.44802867383512546,83,0.2974910394265233,MC,42,0.15053763440860216,25,0.08960573476702509,MLN,17,0.06093189964157706,MORENA,125,0.44802867383512546,83,0.2974910394265233,MC,42,0.15053763440860216,25,0.08960573476702509,MLN,17,0.06093189964157706,7,0.025089605734767026,10,0.035842293906810034,0,0.0,14,0.05017921146953405,13,0.04659498207885305,42,0.15053763440860216,125,0.44802867383512546,13,0.04659498207885305,1,0.0035842293906810036,17,0.06093189964157706,1,0.0035842293906810036,2,0.007168458781362007,1,0.0035842293906810036,1,0.0035842293906810036,1,0.0035842293906810036,0,0.0,0,0.0,13,0.04659498207885305,1,0.0035842293906810036,1,0.0035842293906810036,0,0.0,0,0.0,0,0.0,1,0.0035842293906810036,0,0.0,4,0.014336917562724014,1,0.0035842293906810036,2,0.007168458781362007,0,0.0,8,0.02867383512544803,279,1.0,ORIGEN,SECCION,COMPLETO
182,18,NAYARIT,COMPOSTELA,,,176,570,336,0.5894736842105263,0.41052631578947374,MORENA,192,0.5714285714285714,148,0.44047619047619047,MC,44,0.13095238095238096,24,0.07142857142857142,NAN,20,0.05952380952380952,MORENA,192,0.5714285714285714,148,0.44047619047619047,MC,44,0.13095238095238096,24,0.07142857142857142,NAN,20,0.05952380952380952,13,0.03869047619047619,13,0.03869047619047619,0,0.0,8,0.023809523809523808,12,0.03571428571428571,44,0.13095238095238096,192,0.5714285714285714,20,0.05952380952380952,2,0.005952380952380952,4,0.011904761904761904,0,0.0,2,0.005952380952380952,5,0.01488095238095238,2,0.005952380952380952,0,0.0,0,0.0,0,0.0,5,0.01488095238095238,0,0.0,0,0.0,1,0.002976190476190476,2,0.005952380952380952,1,0.002976190476190476,2,0.005952380952380952,0,0.0,1,0.002976190476190476,0,0.0,1,0.002976190476190476,0,0.0,6,0.017857142857142856,336,1.0,ORIGEN,SECCION,COMPLETO
183,18,NAYARIT,COMPOSTELA,,,177,963,395,0.4101765316718588,0.5898234683281411,MORENA,139,0.3518987341772152,64,0.1620253164556962,MC,75,0.189873417721519,27,0.06835443037974684,PVEM,48,0.12151898734177215,MORENA,139,0.3518987341772152,64,0.1620253164556962,MC,75,0.189873417721519,27,0.06835443037974684,PVEM,48,0.12151898734177215,29,0.07341772151898734,30,0.0759493670886076,1,0.002531645569620253,10,0.02531645569620253,48,0.12151898734177215,75,0.189873417721519,139,0.3518987341772152,12,0.030379746835443037,2,0.005063291139240506,3,0.007594936708860759,1,0.002531645569620253,5,0.012658227848101266,1,0.002531645569620253,1,0.002531645569620253,2,0.005063291139240506,2,0.005063291139240506,0,0.0,3,0.007594936708860759,5,0.012658227848101266,1,0.002531645569620253,0,0.0,0,0.0,1,0.002531645569620253,1,0.002531645569620253,0,0.0,3,0.007594936708860759,0,0.0,3,0.007594936708860759,0,0.0,17,0.043037974683544304,395,1.0,ORIGEN,SECCION,COMPLETO
184,18,NAYARIT,COMPOSTELA,,,178,421,239,0.5676959619952494,0.4323040380047506,MORENA,114,0.4769874476987448,83,0.3472803347280335,MC,31,0.1297071129707113,12,0.0502092050209205,PVEM,19,0.0794979079497908,MORENA,114,0.4769874476987448,83,0.3472803347280335,MC,31,0.1297071129707113,12,0.0502092050209205,PVEM,19,0.0794979079497908,12,0.0502092050209205,2,0.008368200836820083,3,0.012552301255230125,15,0.06276150627615062,19,0.0794979079497908,31,0.1297071129707113,114,0.4769874476987448,7,0.029288702928870293,2,0.008368200836820083,5,0.02092050209205021,0,0.0,2,0.008368200836820083,13,0.05439330543933055,0,0.0,3,0.012552301255230125,2,0.008368200836820083,0,0.0,1,0.0041841004184100415,0,0.0,0,0.0,0,0.0,1,0.0041841004184100415,0,0.0,1,0.0041841004184100415,0,0.0,0,0.0,0,0.0,0,0.0,0,0.0,6,0.02510460251046025,239,1.0,ORIGEN,SECCION,COMPLETO
185,18,NAYARIT,COMPOSTELA,,,179,524,279,0.5324427480916031,0.4675572519083969,MORENA,110,0.3942652329749104,51,0.1827956989247312,PAN,59,0.2114695340501792,8,0.02867383512544803,MC,51,0.1827956989247312,MORENA,110,0.3942652329749104,51,0.1827956989247312,PAN,59,0.2114695340501792,8,0.02867383512544803,MC,51,0.1827956989247312,59,0.2114695340501792,10,0.035842293906810034,2,0.007168458781362007,3,0.010752688172043012,14,0.05017921146953405,51,0.1827956989247312,110,0.3942652329749104,7,0.025089605734767026,1,0.0035842293906810036,3,0.010752688172043012,1,0.0035842293906810036,0,0.0,1,0.0035842293906810036,4,0.014336917562724014,0,0.0,0,0.0,0,0.0,6,0.021505376344086023,0,0.0,0,0.0,0,0.0,0,0.0,0,0.0,0,0.0,0,0.0,0,0.0,0,0.0,0,0.0,0,0.0,7,0.025089605734767026,279,1.0,ORIGEN,SECCION,COMPLETO
186,18,NAYARIT,COMPOSTELA,,,180,802,395,0.4925187032418953,0.5074812967581047,MC,137,0.3468354430379747,2,0.005063291139240506,MORENA,135,0.34177215189873417,96,0.2430379746835443,PAN,39,0.09873417721518987,MC,137,0.3468354430379747,2,0.005063291139240506,MORENA,135,0.34177215189873417,96,0.2430379746835443,PAN,39,0.09873417721518987,39,0.09873417721518987,11,0.027848101265822784,3,0.007594936708860759,14,0.035443037974683546,10,0.02531645569620253,137,0.3468354430379747,135,0.34177215189873417,4,0.010126582278481013,1,0.002531645569620253,3,0.007594936708860759,2,0.005063291139240506,2,0.005063291139240506,0,0.0,5,0.012658227848101266,2,0.005063291139240506,1,0.002531645569620253,0,0.0,4,0.010126582278481013,1,0.002531645569620253,1,0.002531645569620253,1,0.002531645569620253,2,0.005063291139240506,0,0.0,3,0.007594936708860759,0,0.0,2,0.005063291139240506,2,0.005063291139240506,0,0.0,0,0.0,10,0.02531645569620253,395,1.0,ORIGEN,SECCION,COMPLETO
187,18,NAYARIT,COMPOSTELA,,,181,322,131,0.40683229813664595,0.5931677018633541,MORENA,30,0.22900763358778625,7,0.05343511450381679,PAN,23,0.17557251908396945,2,0.015267175572519083,MC,21,0.16030534351145037,MORENA,30,0.22900763358778625,7,0.05343511450381679,PAN,23,0.17557251908396945,2,0.015267175572519083,MC,21,0.16030534351145037,23,0.17557251908396945,14,0.10687022900763359,2,0.015267175572519083,3,0.022900763358778626,7,0.05343511450381679,21,0.16030534351145037,30,0.22900763358778625,2,0.015267175572519083,2,0.015267175572519083,7,0.05343511450381679,0,0.0,1,0.007633587786259542,2,0.015267175572519083,3,0.022900763358778626,1,0.007633587786259542,0,0.0,0,0.0,2,0.015267175572519083,0,0.0,0,0.0,0,0.0,0,0.0,0,0.0,0,0.0,0,0.0,0,0.0,0,0.0,1,0.007633587786259542,0,0.0,10,0.07633587786259542,131,1.0,ORIGEN,SECCION,COMPLETO
188,18,NAYARIT,COMPOSTELA,,,182,214,129,0.602803738317757,0.397196261682243,MORENA,69,0.5348837209302325,41,0.3178294573643411,PAN,28,0.21705426356589147,20,0.15503875968992248,PRI,8,0.06201550387596899,MORENA,69,0.5348837209302325,41,0.3178294573643411,PAN,28,0.21705426356589147,20,0.15503875968992248,PRI,8,0.06201550387596899,28,0.21705426356589147,8,0.06201550387596899,0,0.0,6,0.046511627906976744,7,0.05426356589147287,5,0.03875968992248062,69,0.5348837209302325,2,0.015503875968992248,0,0.0,1,0.007751937984496124,1,0.007751937984496124,0,0.0,1,0.007751937984496124,0,0.0,0,0.0,0,0.0,0,0.0,0,0.0,0,0.0,0,0.0,0,0.0,0,0.0,0,0.0,0,0.0,0,0.0,0,0.0,0,0.0,0,0.0,0,0.0,1,0.007751937984496124,129,1.0,ORIGEN,SECCION,COMPLETO
189,18,NAYARIT,COMPOSTELA,,,183,2815,1068,0.37939609236234456,0.6206039076376555,MORENA,353,0.33052434456928836,40,0.03745318352059925,MC,313,0.29307116104868913,237,0.22191011235955055,PAN,76,0.07116104868913857,MORENA,353,0.33052434456928836,40,0.03745318352059925,MC,313,0.29307116104868913,237,0.22191011235955055,PAN,76,0.07116104868913857,76,0.07116104868913857,60,0.056179775280898875,6,0.0056179775280898875,57,0.05337078651685393,20,0.018726591760299626,313,0.29307116104868913,353,0.33052434456928836,17,0.015917602996254682,9,0.008426966292134831,22,0.020599250936329586,6,0.0056179775280898875,28,0.026217228464419477,23,0.02153558052434457,6,0.0056179775280898875,5,0.0046816479400749065,0,0.0,0,0.0,16,0.0149812734082397,1,0.0009363295880149813,1,0.0009363295880149813,2,0.0018726591760299626,0,0.0,0,0.0,3,0.0028089887640449437,0,0.0,3,0.0028089887640449437,0,0.0,3,0.0028089887640449437,1,0.0009363295880149813,37,0.03464419475655431,1068,1.0,ORIGEN,SECCION,COMPLETO
190,18,NAYARIT,COMPOSTELA,,,184,1568,565,0.36033163265306123,0.6396683673469388,MORENA,250,0.4424778761061947,150,0.26548672566371684,MC,100,0.17699115044247787,41,0.07256637168141593,PAN,59,0.10442477876106195,MORENA,250,0.4424778761061947,150,0.26548672566371684,MC,100,0.17699115044247787,41,0.07256637168141593,PAN,59,0.10442477876106195,59,0.10442477876106195,24,0.04247787610619469,2,0.0035398230088495575,19,0.033628318584070796,8,0.01415929203539823,100,0.17699115044247787,250,0.4424778761061947,3,0.005309734513274336,0,0.0,7,0.012389380530973451,3,0.005309734513274336,26,0.04601769911504425,4,0.007079646017699115,8,0.01415929203539823,2,0.0035398230088495575,0,0.0,0,0.0,13,0.023008849557522124,3,0.005309734513274336,1,0.0017699115044247787,2,0.0035398230088495575,2,0.0035398230088495575,0,0.0,1,0.0017699115044247787,0,0.0,0,0.0,1,0.0017699115044247787,4,0.007079646017699115,0,0.0,23,0.04070796460176991,565,1.0,ORIGEN,SECCION,COMPLETO
191,18,NAYARIT,COMPOSTELA,,,185,1446,478,0.330567081604426,0.6694329183955741,MORENA,166,0.3472803347280335,50,0.10460251046025104,MC,116,0.24267782426778242,76,0.1589958158995816,PRI,40,0.08368200836820083,MORENA,166,0.3472803347280335,50,0.10460251046025104,MC,116,0.24267782426778242,76,0.1589958158995816,PRI,40,0.08368200836820083,35,0.07322175732217573,40,0.08368200836820083,1,0.0020920502092050207,20,0.04184100418410042,11,0.02301255230125523,116,0.24267782426778242,166,0.3472803347280335,3,0.006276150627615063,1,0.0020920502092050207,14,0.029288702928870293,2,0.0041841004184100415,10,0.02092050209205021,9,0.01882845188284519,2,0.0041841004184100415,3,0.006276150627615063,1,0.0020920502092050207,1,0.0020920502092050207,6,0.012552301255230125,0,0.0,0,0.0,0,0.0,1,0.0020920502092050207,1,0.0020920502092050207,1,0.0020920502092050207,0,0.0,3,0.006276150627615063,0,0.0,1,0.0020920502092050207,0,0.0,30,0.06276150627615062,478,1.0,ORIGEN,SECCION,COMPLETO
192,18,NAYARIT,COMPOSTELA,,,186,626,293,0.4680511182108626,0.5319488817891374,MORENA,118,0.40273037542662116,40,0.13651877133105803,MC,78,0.26621160409556316,50,0.17064846416382254,PRI,28,0.09556313993174062,MORENA,118,0.40273037542662116,40,0.13651877133105803,MC,78,0.26621160409556316,50,0.17064846416382254,PRI,28,0.09556313993174062,17,0.05802047781569966,28,0.09556313993174062,1,0.0034129692832764505,7,0.023890784982935155,1,0.0034129692832764505,78,0.26621160409556316,118,0.40273037542662116,6,0.020477815699658702,0,0.0,6,0.020477815699658702,1,0.0034129692832764505,7,0.023890784982935155,6,0.020477815699658702,5,0.017064846416382253,0,0.0,0,0.0,0,0.0,1,0.0034129692832764505,3,0.010238907849829351,0,0.0,0,0.0,1,0.0034129692832764505,0,0.0,0,0.0,0,0.0,1,0.0034129692832764505,0,0.0,1,0.0034129692832764505,0,0.0,5,0.017064846416382253,293,1.0,ORIGEN,SECCION,COMPLETO
193,18,NAYARIT,COMPOSTELA,,,187,632,257,0.40664556962025317,0.5933544303797469,MORENA,128,0.4980544747081712,90,0.35019455252918286,MC,38,0.14785992217898833,21,0.08171206225680934,RSP,17,0.06614785992217899,MORENA,128,0.4980544747081712,90,0.35019455252918286,MC,38,0.14785992217898833,21,0.08171206225680934,RSP,17,0.06614785992217899,12,0.04669260700389105,11,0.042801556420233464,2,0.007782101167315175,6,0.023346303501945526,4,0.01556420233463035,38,0.14785992217898833,128,0.4980544747081712,7,0.027237354085603113,0,0.0,3,0.011673151750972763,2,0.007782101167315175,17,0.06614785992217899,7,0.027237354085603113,6,0.023346303501945526,0,0.0,0,0.0,0,0.0,0,0.0,1,0.0038910505836575876,0,0.0,0,0.0,1,0.0038910505836575876,0,0.0,1,0.0038910505836575876,0,0.0,1,0.0038910505836575876,0,0.0,0,0.0,0,0.0,10,0.038910505836575876,257,1.0,ORIGEN,SECCION,COMPLETO
194,18,NAYARIT,COMPOSTELA,,,188,947,445,0.4699049630411827,0.5300950369588173,MORENA,173,0.3887640449438202,73,0.16404494382022472,MC,100,0.2247191011235955,70,0.15730337078651685,PAN,30,0.06741573033707865,MORENA,173,0.3887640449438202,73,0.16404494382022472,MC,100,0.2247191011235955,70,0.15730337078651685,PAN,30,0.06741573033707865,30,0.06741573033707865,21,0.04719101123595506,6,0.01348314606741573,24,0.05393258426966292,14,0.03146067415730337,100,0.2247191011235955,173,0.3887640449438202,5,0.011235955056179775,2,0.0044943820224719105,8,0.017977528089887642,4,0.008988764044943821,12,0.02696629213483146,13,0.029213483146067417,5,0.011235955056179775,1,0.0022471910112359553,0,0.0,0,0.0,9,0.020224719101123594,3,0.006741573033707865,0,0.0,1,0.0022471910112359553,0,0.0,0,0.0,0,0.0,0,0.0,1,0.0022471910112359553,1,0.0022471910112359553,3,0.006741573033707865,0,0.0,9,0.020224719101123594,445,1.0,ORIGEN,SECCION,COMPLETO
195,18,NAYARIT,COMPOSTELA,,,189,1150,477,0.4147826086956522,0.5852173913043478,MORENA,166,0.3480083857442348,47,0.09853249475890985,MC,119,0.24947589098532494,94,0.1970649895178197,RSP,25,0.05241090146750524,MORENA,166,0.3480083857442348,47,0.09853249475890985,MC,119,0.24947589098532494,94,0.1970649895178197,RSP,25,0.05241090146750524,24,0.050314465408805034,22,0.04612159329140461,3,0.006289308176100629,19,0.039832285115303984,10,0.020964360587002098,119,0.24947589098532494,166,0.3480083857442348,7,0.014675052410901468,0,0.0,23,0.04821802935010482,5,0.010482180293501049,25,0.05241090146750524,7,0.014675052410901468,5,0.010482180293501049,1,0.0020964360587002098,0,0.0,1,0.0020964360587002098,8,0.016771488469601678,3,0.006289308176100629,0,0.0,1,0.0020964360587002098,0,0.0,1,0.0020964360587002098,1,0.0020964360587002098,11,0.023060796645702306,1,0.0020964360587002098,1,0.0020964360587002098,2,0.0041928721174004195,0,0.0,11,0.023060796645702306,477,1.0,ORIGEN,SECCION,COMPLETO
196,18,NAYARIT,COMPOSTELA,,,190,2658,1446,0.5440180586907449,0.45598194130925507,MORENA,550,0.38035961272475793,265,0.18326417704011064,MC,285,0.1970954356846473,151,0.10442600276625173,PAN,134,0.09266943291839558,MORENA,550,0.38035961272475793,265,0.18326417704011064,MC,285,0.1970954356846473,151,0.10442600276625173,PAN,134,0.09266943291839558,134,0.09266943291839558,64,0.04426002766251729,23,0.01590594744121715,95,0.0656984785615491,20,0.013831258644536652,285,0.1970954356846473,550,0.38035961272475793,28,0.019363762102351315,4,0.0027662517289073307,15,0.01037344398340249,19,0.01313969571230982,64,0.04426002766251729,36,0.024896265560165973,26,0.017980636237897647,0,0.0,1,0.0006915629322268327,0,0.0,19,0.01313969571230982,7,0.004840940525587829,0,0.0,5,0.003457814661134163,8,0.005532503457814661,0,0.0,4,0.0027662517289073307,0,0.0,6,0.004149377593360996,0,0.0,3,0.002074688796680498,0,0.0,30,0.02074688796680498,1446,1.0,ORIGEN,SECCION,COMPLETO
197,18,NAYARIT,COMPOSTELA,,,191,189,87,0.4603174603174603,0.5396825396825398,MORENA,20,0.22988505747126436,5,0.05747126436781609,MC,15,0.1724137931034483,1,0.011494252873563218,PAN,14,0.16091954022988506,MORENA,20,0.22988505747126436,5,0.05747126436781609,MC,15,0.1724137931034483,1,0.011494252873563218,PAN,14,0.16091954022988506,14,0.16091954022988506,7,0.08045977011494253,2,0.022988505747126436,4,0.04597701149425287,5,0.05747126436781609,15,0.1724137931034483,20,0.22988505747126436,2,0.022988505747126436,0,0.0,9,0.10344827586206896,0,0.0,0,0.0,1,0.011494252873563218,0,0.0,0,0.0,0,0.0,0,0.0,1,0.011494252873563218,0,0.0,0,0.0,1,0.011494252873563218,1,0.011494252873563218,1,0.011494252873563218,0,0.0,0,0.0,1,0.011494252873563218,0,0.0,0,0.0,0,0.0,3,0.034482758620689655,87,1.0,ORIGEN,SECCION,COMPLETO
198,18,NAYARIT,COMPOSTELA,,,192,1378,636,0.46153846153846156,0.5384615384615384,MORENA,359,0.5644654088050315,279,0.4386792452830189,PAN,80,0.12578616352201258,33,0.05188679245283019,MC,47,0.07389937106918239,MORENA,359,0.5644654088050315,279,0.4386792452830189,PAN,80,0.12578616352201258,33,0.05188679245283019,MC,47,0.07389937106918239,80,0.12578616352201258,20,0.031446540880503145,14,0.0220125786163522,11,0.01729559748427673,12,0.018867924528301886,47,0.07389937106918239,359,0.5644654088050315,21,0.0330188679245283,2,0.0031446540880503146,5,0.007861635220125786,1,0.0015723270440251573,9,0.014150943396226415,8,0.012578616352201259,4,0.006289308176100629,3,0.0047169811320754715,0,0.0,7,0.0110062893081761,8,0.012578616352201259,3,0.0047169811320754715,0,0.0,2,0.0031446540880503146,3,0.0047169811320754715,0,0.0,1,0.0015723270440251573,0,0.0,3,0.0047169811320754715,0,0.0,2,0.0031446540880503146,0,0.0,11,0.01729559748427673,636,1.0,ORIGEN,SECCION,COMPLETO
199,18,NAYARIT,COMPOSTELA,,,193,276,140,0.5072463768115942,0.49275362318840576,MORENA,50,0.35714285714285715,16,0.11428571428571428,MC,34,0.24285714285714285,24,0.17142857142857143,NAN,10,0.07142857142857142,MORENA,50,0.35714285714285715,16,0.11428571428571428,MC,34,0.24285714285714285,24,0.17142857142857143,NAN,10,0.07142857142857142,5,0.03571428571428571,3,0.02142857142857143,1,0.007142857142857143,4,0.02857142857142857,7,0.05,34,0.24285714285714285,50,0.35714285714285715,10,0.07142857142857142,0,0.0,3,0.02142857142857143,3,0.02142857142857143,5,0.03571428571428571,1,0.007142857142857143,2,0.014285714285714285,1,0.007142857142857143,0,0.0,0,0.0,1,0.007142857142857143,0,0.0,0,0.0,0,0.0,0,0.0,0,0.0,0,0.0,0,0.0,1,0.007142857142857143,0,0.0,4,0.02857142857142857,0,0.0,5,0.03571428571428571,140,1.0,ORIGEN,SECCION,COMPLETO
200,18,NAYARIT,COMPOSTELA,,,194,324,187,0.5771604938271605,0.4228395061728395,MC,62,0.3315508021390374,24,0.12834224598930483,MORENA,38,0.20320855614973263,4,0.0213903743315508,PAN,34,0.18181818181818182,MC,62,0.3315508021390374,24,0.12834224598930483,MORENA,38,0.20320855614973263,4,0.0213903743315508,PAN,34,0.18181818181818182,34,0.18181818181818182,11,0.058823529411764705,2,0.0106951871657754,11,0.058823529411764705,3,0.016042780748663103,62,0.3315508021390374,38,0.20320855614973263,5,0.026737967914438502,1,0.0053475935828877,1,0.0053475935828877,0,0.0,4,0.0213903743315508,5,0.026737967914438502,0,0.0,0,0.0,0,0.0,1,0.0053475935828877,0,0.0,0,0.0,0,0.0,0,0.0,0,0.0,0,0.0,0,0.0,0,0.0,0,0.0,0,0.0,1,0.0053475935828877,0,0.0,8,0.0427807486631016,187,1.0,ORIGEN,SECCION,COMPLETO
201,18,NAYARIT,COMPOSTELA,,,195,403,172,0.4267990074441687,0.5732009925558312,MORENA,62,0.36046511627906974,28,0.16279069767441862,MC,34,0.19767441860465115,21,0.12209302325581395,PAN,13,0.0755813953488372,MORENA,62,0.36046511627906974,28,0.16279069767441862,MC,34,0.19767441860465115,21,0.12209302325581395,PAN,13,0.0755813953488372,13,0.0755813953488372,10,0.05813953488372093,1,0.005813953488372093,5,0.029069767441860465,3,0.01744186046511628,34,0.19767441860465115,62,0.36046511627906974,8,0.046511627906976744,0,0.0,11,0.06395348837209303,2,0.011627906976744186,9,0.05232558139534884,5,0.029069767441860465,3,0.01744186046511628,0,0.0,0,0.0,0,0.0,1,0.005813953488372093,0,0.0,0,0.0,0,0.0,0,0.0,0,0.0,1,0.005813953488372093,0,0.0,0,0.0,0,0.0,1,0.005813953488372093,0,0.0,3,0.01744186046511628,172,1.0,ORIGEN,SECCION,COMPLETO
202,18,NAYARIT,DEL NAYAR,,,257,1132,638,0.5636042402826855,0.4363957597173145,MC,207,0.32445141065830724,121,0.1896551724137931,PVEM,86,0.13479623824451412,1,0.001567398119122257,PT,85,0.13322884012539185,MC,207,0.32445141065830724,121,0.1896551724137931,PVEM,86,0.13479623824451412,1,0.001567398119122257,PT,85,0.13322884012539185,44,0.06896551724137931,83,0.13009404388714735,6,0.009404388714733543,85,0.13322884012539185,86,0.13479623824451412,207,0.32445141065830724,71,0.11128526645768025,6,0.009404388714733543,3,0.004702194357366771,3,0.004702194357366771,0,0.0,9,0.014106583072100314,1,0.001567398119122257,4,0.006269592476489028,0,0.0,0,0.0,0,0.0,1,0.001567398119122257,1,0.001567398119122257,0,0.0,0,0.0,0,0.0,3,0.004702194357366771,0,0.0,0,0.0,3,0.004702194357366771,0,0.0,0,0.0,0,0.0,22,0.034482758620689655,638,1.0,ORIGEN,SECCION,COMPLETO
203,18,NAYARIT,DEL NAYAR,,,258,2382,1395,0.5856423173803527,0.41435768261964734,MC,391,0.2802867383512545,11,0.007885304659498209,PRI,380,0.2724014336917563,221,0.15842293906810037,PT,159,0.11397849462365592,MC,391,0.2802867383512545,11,0.007885304659498209,PRI,380,0.2724014336917563,221,0.15842293906810037,PT,159,0.11397849462365592,33,0.023655913978494623,380,0.2724014336917563,4,0.002867383512544803,159,0.11397849462365592,99,0.07096774193548387,391,0.2802867383512545,157,0.11254480286738351,29,0.02078853046594982,0,0.0,3,0.002150537634408602,6,0.004301075268817204,37,0.026523297491039426,3,0.002150537634408602,10,0.007168458781362007,3,0.002150537634408602,1,0.0007168458781362007,4,0.002867383512544803,1,0.0007168458781362007,0,0.0,0,0.0,1,0.0007168458781362007,4,0.002867383512544803,2,0.0014336917562724014,1,0.0007168458781362007,0,0.0,0,0.0,2,0.0014336917562724014,0,0.0,0,0.0,65,0.04659498207885305,1395,1.0,ORIGEN,SECCION,COMPLETO
204,18,NAYARIT,DEL NAYAR,,,260,971,557,0.5736354273944387,0.42636457260556127,MORENA,158,0.2836624775583483,50,0.08976660682226212,MC,108,0.19389587073608616,38,0.06822262118491922,PVEM,70,0.12567324955116696,MORENA,158,0.2836624775583483,50,0.08976660682226212,MC,108,0.19389587073608616,38,0.06822262118491922,PVEM,70,0.12567324955116696,22,0.03949730700179533,66,0.118491921005386,2,0.003590664272890485,65,0.11669658886894076,70,0.12567324955116696,108,0.19389587073608616,158,0.2836624775583483,13,0.02333931777378815,1,0.0017953321364452424,0,0.0,7,0.012567324955116697,10,0.017953321364452424,0,0.0,5,0.008976660682226212,0,0.0,0,0.0,0,0.0,4,0.00718132854578097,2,0.003590664272890485,1,0.0017953321364452424,0,0.0,1,0.0017953321364452424,1,0.0017953321364452424,2,0.003590664272890485,0,0.0,1,0.0017953321364452424,0,0.0,1,0.0017953321364452424,0,0.0,17,0.03052064631956912,557,1.0,ORIGEN,SECCION,COMPLETO
205,18,NAYARIT,DEL NAYAR,,,261,619,378,0.6106623586429726,0.3893376413570274,MORENA,79,0.20899470899470898,7,0.018518518518518517,MC,72,0.19047619047619047,6,0.015873015873015872,PT,66,0.1746031746031746,MORENA,79,0.20899470899470898,7,0.018518518518518517,MC,72,0.19047619047619047,6,0.015873015873015872,PT,66,0.1746031746031746,22,0.0582010582010582,54,0.14285714285714285,3,0.007936507936507936,66,0.1746031746031746,50,0.13227513227513227,72,0.19047619047619047,79,0.20899470899470898,1,0.0026455026455026454,1,0.0026455026455026454,2,0.005291005291005291,2,0.005291005291005291,6,0.015873015873015872,0,0.0,1,0.0026455026455026454,0,0.0,0,0.0,1,0.0026455026455026454,0,0.0,1,0.0026455026455026454,0,0.0,0,0.0,0,0.0,0,0.0,1,0.0026455026455026454,0,0.0,0,0.0,0,0.0,0,0.0,0,0.0,16,0.042328042328042326,378,1.0,ORIGEN,SECCION,COMPLETO
206,18,NAYARIT,DEL NAYAR,,,262,1153,703,0.6097137901127494,0.3902862098872506,PT,292,0.41536273115220484,174,0.24751066856330015,PRI,118,0.1678520625889047,40,0.05689900426742532,MC,78,0.11095305832147938,PT,292,0.41536273115220484,174,0.24751066856330015,PRI,118,0.1678520625889047,40,0.05689900426742532,MC,78,0.11095305832147938,9,0.012802275960170697,118,0.1678520625889047,5,0.007112375533428165,292,0.41536273115220484,70,0.09957325746799431,78,0.11095305832147938,63,0.08961593172119488,3,0.004267425320056899,1,0.001422475106685633,0,0.0,6,0.008534850640113799,5,0.007112375533428165,4,0.005689900426742532,0,0.0,1,0.001422475106685633,0,0.0,0,0.0,2,0.002844950213371266,0,0.0,0,0.0,0,0.0,1,0.001422475106685633,2,0.002844950213371266,1,0.001422475106685633,0,0.0,0,0.0,0,0.0,1,0.001422475106685633,0,0.0,41,0.05832147937411095,703,1.0,ORIGEN,SECCION,COMPLETO
207,18,NAYARIT,DEL NAYAR,,,263,152,106,0.6973684210526315,0.3026315789473685,PT,30,0.2830188679245283,7,0.0660377358490566,PVEM,23,0.2169811320754717,7,0.0660377358490566,MC,16,0.1509433962264151,PT,30,0.2830188679245283,7,0.0660377358490566,PVEM,23,0.2169811320754717,7,0.0660377358490566,MC,16,0.1509433962264151,4,0.03773584905660377,7,0.0660377358490566,0,0.0,30,0.2830188679245283,23,0.2169811320754717,16,0.1509433962264151,7,0.0660377358490566,1,0.009433962264150943,0,0.0,0,0.0,0,0.0,1,0.009433962264150943,0,0.0,0,0.0,0,0.0,0,0.0,0,0.0,0,0.0,0,0.0,2,0.018867924528301886,0,0.0,1,0.009433962264150943,5,0.04716981132075472,1,0.009433962264150943,0,0.0,2,0.018867924528301886,0,0.0,0,0.0,0,0.0,6,0.05660377358490566,106,1.0,ORIGEN,SECCION,COMPLETO
208,18,NAYARIT,DEL NAYAR,,,264,714,453,0.634453781512605,0.365546218487395,MORENA,110,0.24282560706401765,36,0.07947019867549669,PVEM,74,0.16335540838852097,8,0.017660044150110375,PRI,66,0.1456953642384106,MORENA,110,0.24282560706401765,36,0.07947019867549669,PVEM,74,0.16335540838852097,8,0.017660044150110375,PRI,66,0.1456953642384106,64,0.141280353200883,66,0.1456953642384106,2,0.004415011037527594,38,0.08388520971302428,74,0.16335540838852097,63,0.1390728476821192,110,0.24282560706401765,4,0.008830022075055188,0,0.0,0,0.0,5,0.011037527593818985,4,0.008830022075055188,0,0.0,4,0.008830022075055188,1,0.002207505518763797,0,0.0,0,0.0,1,0.002207505518763797,0,0.0,0,0.0,0,0.0,0,0.0,0,0.0,0,0.0,0,0.0,2,0.004415011037527594,1,0.002207505518763797,0,0.0,0,0.0,14,0.03090507726269316,453,1.0,ORIGEN,SECCION,COMPLETO
209,18,NAYARIT,DEL NAYAR,,,265,435,285,0.6551724137931034,0.3448275862068966,PT,81,0.28421052631578947,24,0.08421052631578947,MC,57,0.2,11,0.03859649122807018,MORENA,46,0.16140350877192983,PT,81,0.28421052631578947,24,0.08421052631578947,MC,57,0.2,11,0.03859649122807018,MORENA,46,0.16140350877192983,23,0.08070175438596491,20,0.07017543859649122,1,0.0035087719298245615,81,0.28421052631578947,30,0.10526315789473684,57,0.2,46,0.16140350877192983,1,0.0035087719298245615,0,0.0,0,0.0,2,0.007017543859649123,4,0.014035087719298246,3,0.010526315789473684,3,0.010526315789473684,0,0.0,1,0.0035087719298245615,0,0.0,0,0.0,1,0.0035087719298245615,0,0.0,0,0.0,0,0.0,1,0.0035087719298245615,1,0.0035087719298245615,2,0.007017543859649123,1,0.0035087719298245615,0,0.0,0,0.0,0,0.0,7,0.02456140350877193,285,1.0,ORIGEN,SECCION,COMPLETO
210,18,NAYARIT,DEL NAYAR,,,266,594,338,0.569023569023569,0.430976430976431,PT,77,0.22781065088757396,24,0.07100591715976332,PRI,53,0.15680473372781065,10,0.029585798816568046,MC,43,0.12721893491124261,PT,77,0.22781065088757396,24,0.07100591715976332,PRI,53,0.15680473372781065,10,0.029585798816568046,MC,43,0.12721893491124261,17,0.05029585798816568,53,0.15680473372781065,2,0.005917159763313609,77,0.22781065088757396,20,0.05917159763313609,43,0.12721893491124261,40,0.11834319526627218,7,0.020710059171597635,0,0.0,1,0.0029585798816568047,1,0.0029585798816568047,11,0.03254437869822485,11,0.03254437869822485,1,0.0029585798816568047,3,0.008875739644970414,1,0.0029585798816568047,0,0.0,0,0.0,0,0.0,0,0.0,0,0.0,0,0.0,3,0.008875739644970414,1,0.0029585798816568047,0,0.0,1,0.0029585798816568047,0,0.0,0,0.0,0,0.0,45,0.13313609467455623,338,1.0,ORIGEN,SECCION,COMPLETO
211,18,NAYARIT,DEL NAYAR,,,267,2992,1893,0.6326871657754011,0.3673128342245989,PRI,540,0.28526148969889065,208,0.109878499735869,MC,332,0.17538298996302165,82,0.04331748547279451,PT,250,0.13206550449022716,PRI,540,0.28526148969889065,208,0.109878499735869,MC,332,0.17538298996302165,82,0.04331748547279451,PT,250,0.13206550449022716,60,0.03169572107765452,540,0.28526148969889065,34,0.017960908610670893,250,0.13206550449022716,244,0.1288959323824617,332,0.17538298996302165,207,0.10935023771790808,35,0.018489170628631802,4,0.0021130480718436345,2,0.0010565240359218173,18,0.009508716323296355,34,0.017960908610670893,3,0.001584786053882726,6,0.003169572107765452,3,0.001584786053882726,0,0.0,1,0.0005282620179609086,4,0.0021130480718436345,3,0.001584786053882726,0,0.0,0,0.0,2,0.0010565240359218173,6,0.003169572107765452,5,0.002641310089804543,5,0.002641310089804543,5,0.002641310089804543,3,0.001584786053882726,1,0.0005282620179609086,0,0.0,86,0.04543053354463814,1893,1.0,ORIGEN,SECCION,COMPLETO
212,18,NAYARIT,DEL NAYAR,,,268,1606,1021,0.6357409713574097,0.3642590286425903,MC,406,0.39764936336924583,112,0.10969637610186092,PRI,294,0.28795298726738494,177,0.1733594515181195,PT,117,0.11459353574926542,MC,406,0.39764936336924583,112,0.10969637610186092,PRI,294,0.28795298726738494,177,0.1733594515181195,PT,117,0.11459353574926542,14,0.013712047012732615,294,0.28795298726738494,5,0.004897159647404506,117,0.11459353574926542,48,0.04701273261508325,406,0.39764936336924583,55,0.05386875612144956,6,0.005876591576885406,2,0.0019588638589618022,2,0.0019588638589618022,5,0.004897159647404506,13,0.012732615083251714,1,0.0009794319294809011,4,0.0039177277179236044,4,0.0039177277179236044,0,0.0,1,0.0009794319294809011,1,0.0009794319294809011,0,0.0,0,0.0,0,0.0,0,0.0,3,0.002938295788442703,0,0.0,1,0.0009794319294809011,1,0.0009794319294809011,0,0.0,0,0.0,0,0.0,38,0.03721841332027424,1021,1.0,ORIGEN,SECCION,COMPLETO
213,18,NAYARIT,DEL NAYAR,,,269,1198,684,0.5709515859766278,0.42904841402337224,MC,250,0.3654970760233918,105,0.15350877192982457,PRI,145,0.21198830409356725,52,0.07602339181286549,PVEM,93,0.13596491228070176,MC,250,0.3654970760233918,105,0.15350877192982457,PRI,145,0.21198830409356725,52,0.07602339181286549,PVEM,93,0.13596491228070176,17,0.024853801169590642,145,0.21198830409356725,7,0.01023391812865497,63,0.09210526315789473,93,0.13596491228070176,250,0.3654970760233918,42,0.06140350877192982,3,0.0043859649122807015,2,0.0029239766081871343,2,0.0029239766081871343,0,0.0,6,0.008771929824561403,1,0.0014619883040935672,6,0.008771929824561403,4,0.005847953216374269,1,0.0014619883040935672,0,0.0,0,0.0,0,0.0,0,0.0,0,0.0,0,0.0,0,0.0,0,0.0,0,0.0,1,0.0014619883040935672,0,0.0,1,0.0014619883040935672,0,0.0,40,0.05847953216374269,684,1.0,ORIGEN,SECCION,COMPLETO
214,18,NAYARIT,DEL NAYAR,,,270,2797,1891,0.6760815159099035,0.3239184840900965,MC,459,0.24272871496562665,140,0.074034902168165,MORENA,319,0.16869381279746165,12,0.006345848757271285,PT,307,0.16234796404019036,MC,459,0.24272871496562665,140,0.074034902168165,MORENA,319,0.16869381279746165,12,0.006345848757271285,PT,307,0.16234796404019036,110,0.05817028027498678,237,0.1253305129561079,5,0.0026441036488630354,307,0.16234796404019036,233,0.12321523003701745,459,0.24272871496562665,319,0.16869381279746165,20,0.010576414595452142,2,0.0010576414595452142,4,0.0021152829190904283,10,0.005288207297726071,17,0.008989952406134321,28,0.014806980433632998,5,0.0026441036488630354,8,0.004230565838180857,3,0.0015864621893178213,0,0.0,5,0.0026441036488630354,3,0.0015864621893178213,1,0.0005288207297726071,1,0.0005288207297726071,2,0.0010576414595452142,2,0.0010576414595452142,3,0.0015864621893178213,2,0.0010576414595452142,2,0.0010576414595452142,0,0.0,1,0.0005288207297726071,0,0.0,102,0.053939714436805924,1891,1.0,ORIGEN,SECCION,COMPLETO
215,18,NAYARIT,DEL NAYAR,,,271,925,550,0.5945945945945946,0.4054054054054054,MC,201,0.3654545454545455,108,0.19636363636363635,PVEM,93,0.1690909090909091,16,0.02909090909090909,MORENA,77,0.14,MC,201,0.3654545454545455,108,0.19636363636363635,PVEM,93,0.1690909090909091,16,0.02909090909090909,MORENA,77,0.14,12,0.02181818181818182,62,0.11272727272727273,11,0.02,39,0.07090909090909091,93,0.1690909090909091,201,0.3654545454545455,77,0.14,8,0.014545454545454545,0,0.0,2,0.0036363636363636364,2,0.0036363636363636364,5,0.00909090909090909,0,0.0,1,0.0018181818181818182,0,0.0,0,0.0,0,0.0,1,0.0018181818181818182,1,0.0018181818181818182,1,0.0018181818181818182,0,0.0,1,0.0018181818181818182,0,0.0,2,0.0036363636363636364,0,0.0,1,0.0018181818181818182,0,0.0,1,0.0018181818181818182,0,0.0,29,0.05272727272727273,550,1.0,ORIGEN,SECCION,COMPLETO
216,18,NAYARIT,DEL NAYAR,,,272,861,659,0.7653890824622532,0.23461091753774677,PRI,284,0.4309559939301973,141,0.21396054628224584,MORENA,143,0.21699544764795145,55,0.0834597875569044,MC,88,0.13353566009104703,PRI,284,0.4309559939301973,141,0.21396054628224584,MORENA,143,0.21699544764795145,55,0.0834597875569044,MC,88,0.13353566009104703,9,0.013657056145675266,284,0.4309559939301973,3,0.004552352048558422,38,0.057663125948406675,61,0.09256449165402124,88,0.13353566009104703,143,0.21699544764795145,10,0.015174506828528073,0,0.0,0,0.0,2,0.0030349013657056147,1,0.0015174506828528073,1,0.0015174506828528073,2,0.0030349013657056147,0,0.0,0,0.0,0,0.0,1,0.0015174506828528073,0,0.0,2,0.0030349013657056147,1,0.0015174506828528073,0,0.0,1,0.0015174506828528073,0,0.0,0,0.0,0,0.0,0,0.0,1,0.0015174506828528073,0,0.0,11,0.01669195751138088,659,1.0,ORIGEN,SECCION,COMPLETO
217,18,NAYARIT,DEL NAYAR,,,273,1145,725,0.6331877729257642,0.3668122270742358,MORENA,191,0.263448275862069,34,0.04689655172413793,PRI,157,0.21655172413793103,37,0.05103448275862069,PT,120,0.16551724137931034,MORENA,191,0.263448275862069,34,0.04689655172413793,PRI,157,0.21655172413793103,37,0.05103448275862069,PT,120,0.16551724137931034,20,0.027586206896551724,157,0.21655172413793103,2,0.002758620689655172,120,0.16551724137931034,84,0.11586206896551725,68,0.09379310344827586,191,0.263448275862069,10,0.013793103448275862,1,0.001379310344827586,0,0.0,15,0.020689655172413793,17,0.023448275862068966,2,0.002758620689655172,3,0.004137931034482759,1,0.001379310344827586,1,0.001379310344827586,0,0.0,1,0.001379310344827586,0,0.0,1,0.001379310344827586,0,0.0,0,0.0,2,0.002758620689655172,3,0.004137931034482759,0,0.0,2,0.002758620689655172,2,0.002758620689655172,1,0.001379310344827586,0,0.0,21,0.028965517241379312,725,1.0,ORIGEN,SECCION,COMPLETO
218,18,NAYARIT,DEL NAYAR,,,274,1103,660,0.5983680870353582,0.40163191296464185,MORENA,128,0.19393939393939394,15,0.022727272727272728,MC,113,0.1712121212121212,15,0.022727272727272728,PVEM,98,0.1484848484848485,MORENA,128,0.19393939393939394,15,0.022727272727272728,MC,113,0.1712121212121212,15,0.022727272727272728,PVEM,98,0.1484848484848485,35,0.05303030303030303,90,0.13636363636363635,2,0.0030303030303030303,95,0.14393939393939395,98,0.1484848484848485,113,0.1712121212121212,128,0.19393939393939394,7,0.010606060606060607,0,0.0,1,0.0015151515151515152,8,0.012121212121212121,22,0.03333333333333333,0,0.0,3,0.004545454545454545,2,0.0030303030303030303,0,0.0,0,0.0,2,0.0030303030303030303,1,0.0015151515151515152,3,0.004545454545454545,1,0.0015151515151515152,0,0.0,5,0.007575757575757576,2,0.0030303030303030303,0,0.0,2,0.0030303030303030303,6,0.00909090909090909,1,0.0015151515151515152,0,0.0,33,0.05,660,1.0,ORIGEN,SECCION,COMPLETO
219,18,NAYARIT,DEL NAYAR,,,275,693,431,0.6219336219336219,0.3780663780663781,MORENA,108,0.2505800464037123,6,0.013921113689095127,MC,102,0.23665893271461716,20,0.04640371229698376,PRI,82,0.1902552204176334,MORENA,108,0.2505800464037123,6,0.013921113689095127,MC,102,0.23665893271461716,20,0.04640371229698376,PRI,82,0.1902552204176334,7,0.016241299303944315,82,0.1902552204176334,1,0.002320185614849188,27,0.06264501160092807,68,0.15777262180974477,102,0.23665893271461716,108,0.2505800464037123,4,0.009280742459396751,0,0.0,2,0.004640371229698376,4,0.009280742459396751,2,0.004640371229698376,1,0.002320185614849188,1,0.002320185614849188,2,0.004640371229698376,0,0.0,1,0.002320185614849188,0,0.0,0,0.0,2,0.004640371229698376,0,0.0,2,0.004640371229698376,2,0.004640371229698376,0,0.0,0,0.0,1,0.002320185614849188,1,0.002320185614849188,1,0.002320185614849188,0,0.0,10,0.02320185614849188,431,1.0,ORIGEN,SECCION,COMPLETO
220,18,NAYARIT,DEL NAYAR,,,276,1677,1086,0.6475849731663685,0.35241502683363146,PT,271,0.24953959484346225,47,0.0432780847145488,MC,224,0.20626151012891344,11,0.010128913443830571,MORENA,213,0.19613259668508287,PT,271,0.24953959484346225,47,0.0432780847145488,MC,224,0.20626151012891344,11,0.010128913443830571,MORENA,213,0.19613259668508287,35,0.03222836095764273,109,0.1003683241252302,2,0.001841620626151013,271,0.24953959484346225,92,0.0847145488029466,224,0.20626151012891344,213,0.19613259668508287,16,0.014732965009208104,2,0.001841620626151013,0,0.0,5,0.004604051565377533,18,0.016574585635359115,12,0.011049723756906077,1,0.0009208103130755065,2,0.001841620626151013,1,0.0009208103130755065,0,0.0,2,0.001841620626151013,3,0.0027624309392265192,2,0.001841620626151013,2,0.001841620626151013,1,0.0009208103130755065,4,0.003683241252302026,6,0.0055248618784530384,0,0.0,2,0.001841620626151013,0,0.0,1,0.0009208103130755065,0,0.0,60,0.055248618784530384,1086,1.0,ORIGEN,SECCION,COMPLETO
221,18,NAYARIT,DEL NAYAR,,,987,1884,1117,0.5928874734607219,0.4071125265392781,PT,594,0.5317815577439571,391,0.35004476275738583,PRI,203,0.18173679498657117,126,0.11280214861235452,MORENA,77,0.06893464637421665,PT,594,0.5317815577439571,391,0.35004476275738583,PRI,203,0.18173679498657117,126,0.11280214861235452,MORENA,77,0.06893464637421665,14,0.012533572068039392,203,0.18173679498657117,21,0.018800358102059087,594,0.5317815577439571,45,0.04028648164726947,38,0.03401969561324977,77,0.06893464637421665,8,0.007162041181736795,3,0.0026857654431512983,3,0.0026857654431512983,16,0.01432408236347359,8,0.007162041181736795,4,0.0035810205908683975,1,0.0008952551477170994,3,0.0026857654431512983,0,0.0,1,0.0008952551477170994,1,0.0008952551477170994,0,0.0,0,0.0,0,0.0,1,0.0008952551477170994,1,0.0008952551477170994,2,0.0017905102954341987,0,0.0,0,0.0,0,0.0,1,0.0008952551477170994,0,0.0,72,0.06445837063563116,1117,1.0,ORIGEN,SECCION,COMPLETO
222,18,NAYARIT,DEL NAYAR,,,988,622,418,0.6720257234726688,0.32797427652733124,PT,175,0.41866028708133973,58,0.13875598086124402,PRI,117,0.2799043062200957,72,0.1722488038277512,MORENA,45,0.1076555023923445,PT,175,0.41866028708133973,58,0.13875598086124402,PRI,117,0.2799043062200957,72,0.1722488038277512,MORENA,45,0.1076555023923445,2,0.004784688995215311,117,0.2799043062200957,8,0.019138755980861243,175,0.41866028708133973,34,0.08133971291866028,3,0.007177033492822967,45,0.1076555023923445,2,0.004784688995215311,1,0.0023923444976076554,1,0.0023923444976076554,4,0.009569377990430622,5,0.011961722488038277,1,0.0023923444976076554,0,0.0,0,0.0,0,0.0,0,0.0,0,0.0,0,0.0,0,0.0,0,0.0,0,0.0,1,0.0023923444976076554,1,0.0023923444976076554,0,0.0,1,0.0023923444976076554,1,0.0023923444976076554,0,0.0,0,0.0,16,0.03827751196172249,418,1.0,ORIGEN,SECCION,COMPLETO
223,18,NAYARIT,DEL NAYAR,,,989,1218,791,0.6494252873563219,0.3505747126436781,PT,318,0.4020227560050569,156,0.1972187104930468,PVEM,162,0.20480404551201012,37,0.04677623261694058,PRI,125,0.15802781289506954,PT,318,0.4020227560050569,156,0.1972187104930468,PVEM,162,0.20480404551201012,37,0.04677623261694058,PRI,125,0.15802781289506954,5,0.006321112515802781,125,0.15802781289506954,7,0.008849557522123894,318,0.4020227560050569,162,0.20480404551201012,26,0.03286978508217446,80,0.1011378002528445,9,0.011378002528445006,0,0.0,0,0.0,3,0.0037926675094816687,9,0.011378002528445006,2,0.0025284450063211127,4,0.0050568900126422255,0,0.0,0,0.0,0,0.0,0,0.0,1,0.0012642225031605564,0,0.0,0,0.0,0,0.0,3,0.0037926675094816687,4,0.0050568900126422255,0,0.0,1,0.0012642225031605564,0,0.0,0,0.0,0,0.0,32,0.040455120101137804,791,1.0,ORIGEN,SECCION,COMPLETO
224,18,NAYARIT,DEL NAYAR,,,990,308,214,0.6948051948051948,0.30519480519480524,PT,133,0.6214953271028038,104,0.48598130841121495,PRI,29,0.13551401869158877,18,0.08411214953271028,MORENA,11,0.0514018691588785,PT,133,0.6214953271028038,104,0.48598130841121495,PRI,29,0.13551401869158877,18,0.08411214953271028,MORENA,11,0.0514018691588785,2,0.009345794392523364,29,0.13551401869158877,0,0.0,133,0.6214953271028038,7,0.03271028037383177,6,0.028037383177570093,11,0.0514018691588785,3,0.014018691588785047,0,0.0,0,0.0,0,0.0,7,0.03271028037383177,0,0.0,0,0.0,0,0.0,0,0.0,0,0.0,0,0.0,0,0.0,0,0.0,0,0.0,0,0.0,0,0.0,1,0.004672897196261682,0,0.0,0,0.0,0,0.0,0,0.0,0,0.0,15,0.07009345794392523,214,1.0,ORIGEN,SECCION,COMPLETO
225,18,NAYARIT,HUAJICORI,,,196,1481,1075,0.7258609047940581,0.27413909520594193,MORENA,325,0.3023255813953488,77,0.07162790697674419,MC,248,0.23069767441860464,136,0.12651162790697673,PRI,112,0.10418604651162791,MORENA,325,0.3023255813953488,77,0.07162790697674419,MC,248,0.23069767441860464,136,0.12651162790697673,PRI,112,0.10418604651162791,21,0.01953488372093023,112,0.10418604651162791,30,0.027906976744186046,29,0.026976744186046512,52,0.04837209302325581,248,0.23069767441860464,325,0.3023255813953488,25,0.023255813953488372,7,0.0065116279069767444,85,0.07906976744186046,3,0.0027906976744186047,45,0.04186046511627907,23,0.021395348837209303,9,0.008372093023255815,0,0.0,0,0.0,0,0.0,16,0.014883720930232559,4,0.0037209302325581397,0,0.0,1,0.0009302325581395349,3,0.0027906976744186047,0,0.0,2,0.0018604651162790699,0,0.0,1,0.0009302325581395349,3,0.0027906976744186047,0,0.0,0,0.0,31,0.02883720930232558,1075,1.0,ORIGEN,SECCION,COMPLETO
226,18,NAYARIT,HUAJICORI,,,197,1131,804,0.7108753315649867,0.2891246684350133,MORENA,306,0.3805970149253731,175,0.21766169154228857,MC,131,0.16293532338308458,38,0.0472636815920398,PRI,93,0.11567164179104478,MORENA,306,0.3805970149253731,175,0.21766169154228857,MC,131,0.16293532338308458,38,0.0472636815920398,PRI,93,0.11567164179104478,11,0.013681592039800995,93,0.11567164179104478,16,0.01990049751243781,26,0.03233830845771144,26,0.03233830845771144,131,0.16293532338308458,306,0.3805970149253731,30,0.03731343283582089,3,0.0037313432835820895,35,0.043532338308457715,1,0.0012437810945273632,25,0.03109452736318408,18,0.022388059701492536,6,0.007462686567164179,1,0.0012437810945273632,0,0.0,1,0.0012437810945273632,17,0.021144278606965175,2,0.0024875621890547263,0,0.0,1,0.0012437810945273632,3,0.0037313432835820895,2,0.0024875621890547263,2,0.0024875621890547263,1,0.0012437810945273632,9,0.011194029850746268,0,0.0,3,0.0037313432835820895,0,0.0,35,0.043532338308457715,804,1.0,ORIGEN,SECCION,COMPLETO
227,18,NAYARIT,HUAJICORI,,,198,304,201,0.6611842105263158,0.3388157894736842,MORENA,89,0.4427860696517413,62,0.30845771144278605,PRI,27,0.13432835820895522,6,0.029850746268656716,MC,21,0.1044776119402985,MORENA,89,0.4427860696517413,62,0.30845771144278605,PRI,27,0.13432835820895522,6,0.029850746268656716,MC,21,0.1044776119402985,1,0.004975124378109453,27,0.13432835820895522,6,0.029850746268656716,5,0.024875621890547265,9,0.04477611940298507,21,0.1044776119402985,89,0.4427860696517413,6,0.029850746268656716,1,0.004975124378109453,3,0.014925373134328358,1,0.004975124378109453,6,0.029850746268656716,10,0.04975124378109453,2,0.009950248756218905,0,0.0,0,0.0,3,0.014925373134328358,1,0.004975124378109453,0,0.0,0,0.0,0,0.0,1,0.004975124378109453,0,0.0,0,0.0,0,0.0,0,0.0,0,0.0,2,0.009950248756218905,0,0.0,7,0.03482587064676617,201,1.0,ORIGEN,SECCION,COMPLETO
228,18,NAYARIT,HUAJICORI,,,199,283,192,0.6784452296819788,0.32155477031802115,MC,78,0.40625,50,0.2604166666666667,PRI,28,0.14583333333333334,1,0.005208333333333333,RSP,27,0.140625,MC,78,0.40625,50,0.2604166666666667,PRI,28,0.14583333333333334,1,0.005208333333333333,RSP,27,0.140625,5,0.026041666666666668,28,0.14583333333333334,3,0.015625,2,0.010416666666666666,2,0.010416666666666666,78,0.40625,24,0.125,0,0.0,0,0.0,13,0.06770833333333333,0,0.0,27,0.140625,1,0.005208333333333333,0,0.0,0,0.0,0,0.0,0,0.0,2,0.010416666666666666,0,0.0,0,0.0,0,0.0,0,0.0,0,0.0,0,0.0,0,0.0,0,0.0,0,0.0,1,0.005208333333333333,0,0.0,6,0.03125,192,1.0,ORIGEN,SECCION,COMPLETO
229,18,NAYARIT,HUAJICORI,,,200,226,177,0.7831858407079646,0.2168141592920354,MC,62,0.3502824858757062,9,0.05084745762711865,MORENA,53,0.2994350282485876,42,0.23728813559322035,PRI,11,0.062146892655367235,MC,62,0.3502824858757062,9,0.05084745762711865,MORENA,53,0.2994350282485876,42,0.23728813559322035,PRI,11,0.062146892655367235,4,0.022598870056497175,11,0.062146892655367235,2,0.011299435028248588,7,0.03954802259887006,5,0.02824858757062147,62,0.3502824858757062,53,0.2994350282485876,6,0.03389830508474576,0,0.0,1,0.005649717514124294,0,0.0,5,0.02824858757062147,7,0.03954802259887006,0,0.0,0,0.0,0,0.0,0,0.0,0,0.0,2,0.011299435028248588,0,0.0,3,0.01694915254237288,0,0.0,0,0.0,1,0.005649717514124294,0,0.0,0,0.0,1,0.005649717514124294,0,0.0,0,0.0,7,0.03954802259887006,177,1.0,ORIGEN,SECCION,COMPLETO
230,18,NAYARIT,HUAJICORI,,,201,267,216,0.8089887640449438,0.1910112359550562,MORENA,68,0.3148148148148148,16,0.07407407407407407,MC,52,0.24074074074074073,6,0.027777777777777776,RSP,46,0.21296296296296297,MORENA,68,0.3148148148148148,16,0.07407407407407407,MC,52,0.24074074074074073,6,0.027777777777777776,RSP,46,0.21296296296296297,2,0.009259259259259259,18,0.08333333333333333,2,0.009259259259259259,5,0.023148148148148147,5,0.023148148148148147,52,0.24074074074074073,68,0.3148148148148148,3,0.013888888888888888,1,0.004629629629629629,2,0.009259259259259259,1,0.004629629629629629,46,0.21296296296296297,4,0.018518518518518517,1,0.004629629629629629,0,0.0,0,0.0,0,0.0,2,0.009259259259259259,0,0.0,0,0.0,0,0.0,0,0.0,0,0.0,0,0.0,0,0.0,0,0.0,0,0.0,0,0.0,0,0.0,4,0.018518518518518517,216,1.0,ORIGEN,SECCION,COMPLETO
231,18,NAYARIT,HUAJICORI,,,202,737,554,0.751696065128901,0.24830393487109903,MORENA,234,0.4223826714801444,148,0.26714801444043323,MC,86,0.1552346570397112,42,0.07581227436823104,PRI,44,0.07942238267148015,MORENA,234,0.4223826714801444,148,0.26714801444043323,MC,86,0.1552346570397112,42,0.07581227436823104,PRI,44,0.07942238267148015,6,0.010830324909747292,44,0.07942238267148015,5,0.009025270758122744,11,0.019855595667870037,15,0.02707581227436823,86,0.1552346570397112,234,0.4223826714801444,14,0.02527075812274368,3,0.005415162454873646,8,0.01444043321299639,1,0.0018050541516245488,42,0.07581227436823104,26,0.04693140794223827,4,0.007220216606498195,1,0.0018050541516245488,0,0.0,0,0.0,9,0.016245487364620937,4,0.007220216606498195,0,0.0,2,0.0036101083032490976,4,0.007220216606498195,1,0.0018050541516245488,1,0.0018050541516245488,0,0.0,1,0.0018050541516245488,1,0.0018050541516245488,0,0.0,0,0.0,31,0.05595667870036101,554,1.0,ORIGEN,SECCION,COMPLETO
232,18,NAYARIT,HUAJICORI,,,203,826,651,0.788135593220339,0.211864406779661,MORENA,297,0.45622119815668205,149,0.22887864823348694,MC,148,0.22734254992319508,116,0.1781874039938556,FxM,32,0.04915514592933948,MORENA,297,0.45622119815668205,149,0.22887864823348694,MC,148,0.22734254992319508,116,0.1781874039938556,FxM,32,0.04915514592933948,2,0.0030721966205837174,24,0.03686635944700461,12,0.018433179723502304,28,0.043010752688172046,12,0.018433179723502304,148,0.22734254992319508,297,0.45622119815668205,19,0.029185867895545316,6,0.009216589861751152,5,0.007680491551459293,0,0.0,18,0.027649769585253458,32,0.04915514592933948,0,0.0,0,0.0,0,0.0,0,0.0,6,0.009216589861751152,0,0.0,1,0.0015360983102918587,1,0.0015360983102918587,1,0.0015360983102918587,1,0.0015360983102918587,2,0.0030721966205837174,0,0.0,1,0.0015360983102918587,0,0.0,3,0.004608294930875576,0,0.0,32,0.04915514592933948,651,1.0,ORIGEN,SECCION,COMPLETO
233,18,NAYARIT,HUAJICORI,,,204,201,159,0.7910447761194029,0.20895522388059706,MC,86,0.5408805031446541,40,0.25157232704402516,MORENA,46,0.2893081761006289,41,0.2578616352201258,PRI,5,0.031446540880503145,MC,86,0.5408805031446541,40,0.25157232704402516,MORENA,46,0.2893081761006289,41,0.2578616352201258,PRI,5,0.031446540880503145,2,0.012578616352201259,5,0.031446540880503145,1,0.006289308176100629,4,0.025157232704402517,2,0.012578616352201259,86,0.5408805031446541,46,0.2893081761006289,1,0.006289308176100629,0,0.0,0,0.0,0,0.0,4,0.025157232704402517,0,0.0,0,0.0,0,0.0,0,0.0,0,0.0,1,0.006289308176100629,0,0.0,0,0.0,0,0.0,0,0.0,0,0.0,0,0.0,0,0.0,2,0.012578616352201259,0,0.0,4,0.025157232704402517,0,0.0,1,0.006289308176100629,159,1.0,ORIGEN,SECCION,COMPLETO
234,18,NAYARIT,HUAJICORI,,,205,210,141,0.6714285714285714,0.3285714285714286,MORENA,64,0.45390070921985815,29,0.20567375886524822,MC,35,0.24822695035460993,26,0.18439716312056736,PRI,9,0.06382978723404255,MORENA,64,0.45390070921985815,29,0.20567375886524822,MC,35,0.24822695035460993,26,0.18439716312056736,PRI,9,0.06382978723404255,1,0.0070921985815602835,9,0.06382978723404255,2,0.014184397163120567,3,0.02127659574468085,6,0.0425531914893617,35,0.24822695035460993,64,0.45390070921985815,1,0.0070921985815602835,0,0.0,5,0.03546099290780142,0,0.0,2,0.014184397163120567,1,0.0070921985815602835,0,0.0,0,0.0,0,0.0,0,0.0,5,0.03546099290780142,0,0.0,0,0.0,0,0.0,0,0.0,0,0.0,0,0.0,0,0.0,1,0.0070921985815602835,0,0.0,1,0.0070921985815602835,0,0.0,5,0.03546099290780142,141,1.0,ORIGEN,SECCION,COMPLETO
235,18,NAYARIT,HUAJICORI,,,206,228,175,0.7675438596491229,0.23245614035087714,MORENA,64,0.3657142857142857,28,0.16,PRI,36,0.2057142857142857,0,0.0,MC,36,0.2057142857142857,MORENA,64,0.3657142857142857,28,0.16,PRI,36,0.2057142857142857,0,0.0,MC,36,0.2057142857142857,3,0.017142857142857144,36,0.2057142857142857,2,0.011428571428571429,3,0.017142857142857144,4,0.022857142857142857,36,0.2057142857142857,64,0.3657142857142857,3,0.017142857142857144,0,0.0,4,0.022857142857142857,0,0.0,2,0.011428571428571429,5,0.02857142857142857,1,0.005714285714285714,0,0.0,0,0.0,0,0.0,0,0.0,0,0.0,0,0.0,0,0.0,0,0.0,0,0.0,0,0.0,0,0.0,0,0.0,0,0.0,0,0.0,0,0.0,12,0.06857142857142857,175,1.0,ORIGEN,SECCION,COMPLETO
236,18,NAYARIT,HUAJICORI,,,207,302,211,0.6986754966887417,0.30132450331125826,MORENA,90,0.4265402843601896,62,0.2938388625592417,PRI,28,0.13270142180094788,1,0.004739336492890996,FxM,27,0.12796208530805686,MORENA,90,0.4265402843601896,62,0.2938388625592417,PRI,28,0.13270142180094788,1,0.004739336492890996,FxM,27,0.12796208530805686,1,0.004739336492890996,28,0.13270142180094788,1,0.004739336492890996,3,0.014218009478672985,6,0.02843601895734597,15,0.07109004739336493,90,0.4265402843601896,11,0.052132701421800945,0,0.0,1,0.004739336492890996,0,0.0,14,0.06635071090047394,27,0.12796208530805686,1,0.004739336492890996,0,0.0,0,0.0,0,0.0,4,0.018957345971563982,1,0.004739336492890996,0,0.0,1,0.004739336492890996,0,0.0,0,0.0,0,0.0,0,0.0,1,0.004739336492890996,0,0.0,0,0.0,0,0.0,6,0.02843601895734597,211,1.0,ORIGEN,SECCION,COMPLETO
237,18,NAYARIT,HUAJICORI,,,208,422,326,0.7725118483412322,0.2274881516587678,MORENA,125,0.3834355828220859,36,0.11042944785276074,MC,89,0.27300613496932513,70,0.2147239263803681,NAN,19,0.05828220858895705,MORENA,125,0.3834355828220859,36,0.11042944785276074,MC,89,0.27300613496932513,70,0.2147239263803681,NAN,19,0.05828220858895705,14,0.04294478527607362,12,0.03680981595092025,15,0.046012269938650305,7,0.02147239263803681,14,0.04294478527607362,89,0.27300613496932513,125,0.3834355828220859,19,0.05828220858895705,1,0.003067484662576687,4,0.012269938650306749,1,0.003067484662576687,8,0.024539877300613498,1,0.003067484662576687,0,0.0,1,0.003067484662576687,0,0.0,1,0.003067484662576687,1,0.003067484662576687,0,0.0,0,0.0,1,0.003067484662576687,0,0.0,0,0.0,1,0.003067484662576687,0,0.0,0,0.0,0,0.0,1,0.003067484662576687,0,0.0,10,0.03067484662576687,326,1.0,ORIGEN,SECCION,COMPLETO
238,18,NAYARIT,HUAJICORI,,,209,220,174,0.7909090909090909,0.2090909090909091,MC,62,0.3563218390804598,9,0.05172413793103448,MORENA,53,0.3045977011494253,42,0.2413793103448276,PRI,11,0.06321839080459771,MC,62,0.3563218390804598,9,0.05172413793103448,MORENA,53,0.3045977011494253,42,0.2413793103448276,PRI,11,0.06321839080459771,4,0.022988505747126436,11,0.06321839080459771,2,0.011494252873563218,7,0.040229885057471264,5,0.028735632183908046,62,0.3563218390804598,53,0.3045977011494253,6,0.034482758620689655,0,0.0,1,0.005747126436781609,0,0.0,5,0.028735632183908046,7,0.040229885057471264,0,0.0,0,0.0,0,0.0,0,0.0,0,0.0,2,0.011494252873563218,0,0.0,0,0.0,0,0.0,0,0.0,1,0.005747126436781609,0,0.0,0,0.0,1,0.005747126436781609,0,0.0,0,0.0,7,0.040229885057471264,174,1.0,ORIGEN,SECCION,COMPLETO
239,18,NAYARIT,HUAJICORI,,,210,395,300,0.759493670886076,0.240506329113924,MORENA,118,0.3933333333333333,72,0.24,MC,46,0.15333333333333332,6,0.02,PRI,40,0.13333333333333333,MORENA,118,0.3933333333333333,72,0.24,MC,46,0.15333333333333332,6,0.02,PRI,40,0.13333333333333333,5,0.016666666666666666,40,0.13333333333333333,5,0.016666666666666666,7,0.023333333333333334,2,0.006666666666666667,46,0.15333333333333332,118,0.3933333333333333,6,0.02,1,0.0033333333333333335,1,0.0033333333333333335,1,0.0033333333333333335,15,0.05,2,0.006666666666666667,8,0.02666666666666667,0,0.0,0,0.0,0,0.0,17,0.056666666666666664,2,0.006666666666666667,0,0.0,2,0.006666666666666667,1,0.0033333333333333335,4,0.013333333333333334,2,0.006666666666666667,1,0.0033333333333333335,1,0.0033333333333333335,1,0.0033333333333333335,2,0.006666666666666667,0,0.0,10,0.03333333333333333,300,1.0,ORIGEN,SECCION,COMPLETO
240,18,NAYARIT,HUAJICORI,,,211,270,201,0.7444444444444445,0.25555555555555554,MORENA,68,0.3383084577114428,10,0.04975124378109453,MC,58,0.2885572139303483,35,0.17412935323383086,PRI,23,0.11442786069651742,MORENA,68,0.3383084577114428,10,0.04975124378109453,MC,58,0.2885572139303483,35,0.17412935323383086,PRI,23,0.11442786069651742,2,0.009950248756218905,23,0.11442786069651742,4,0.01990049751243781,9,0.04477611940298507,6,0.029850746268656716,58,0.2885572139303483,68,0.3383084577114428,11,0.05472636815920398,0,0.0,1,0.004975124378109453,0,0.0,4,0.01990049751243781,5,0.024875621890547265,0,0.0,0,0.0,0,0.0,0,0.0,1,0.004975124378109453,1,0.004975124378109453,0,0.0,1,0.004975124378109453,2,0.009950248756218905,0,0.0,0,0.0,0,0.0,0,0.0,0,0.0,0,0.0,0,0.0,5,0.024875621890547265,201,1.0,ORIGEN,SECCION,COMPLETO
241,18,NAYARIT,HUAJICORI,,,212,258,195,0.7558139534883721,0.2441860465116279,MORENA,94,0.48205128205128206,67,0.3435897435897436,FxM,27,0.13846153846153847,1,0.005128205128205128,MC,26,0.13333333333333333,MORENA,94,0.48205128205128206,67,0.3435897435897436,FxM,27,0.13846153846153847,1,0.005128205128205128,MC,26,0.13333333333333333,0,0.0,11,0.05641025641025641,2,0.010256410256410256,4,0.020512820512820513,3,0.015384615384615385,26,0.13333333333333333,94,0.48205128205128206,6,0.03076923076923077,1,0.005128205128205128,1,0.005128205128205128,3,0.015384615384615385,1,0.005128205128205128,27,0.13846153846153847,1,0.005128205128205128,0,0.0,0,0.0,0,0.0,0,0.0,0,0.0,1,0.005128205128205128,0,0.0,2,0.010256410256410256,0,0.0,0,0.0,0,0.0,3,0.015384615384615385,1,0.005128205128205128,2,0.010256410256410256,0,0.0,6,0.03076923076923077,195,1.0,ORIGEN,SECCION,COMPLETO
242,18,NAYARIT,HUAJICORI,,,213,273,201,0.7362637362637363,0.2637362637362637,MC,64,0.31840796019900497,8,0.03980099502487562,MORENA,56,0.27860696517412936,29,0.14427860696517414,PRI,27,0.13432835820895522,MC,64,0.31840796019900497,8,0.03980099502487562,MORENA,56,0.27860696517412936,29,0.14427860696517414,PRI,27,0.13432835820895522,5,0.024875621890547265,27,0.13432835820895522,1,0.004975124378109453,12,0.05970149253731343,4,0.01990049751243781,64,0.31840796019900497,56,0.27860696517412936,4,0.01990049751243781,0,0.0,5,0.024875621890547265,0,0.0,6,0.029850746268656716,3,0.014925373134328358,0,0.0,0,0.0,0,0.0,0,0.0,4,0.01990049751243781,1,0.004975124378109453,0,0.0,1,0.004975124378109453,1,0.004975124378109453,0,0.0,0,0.0,0,0.0,0,0.0,0,0.0,0,0.0,0,0.0,7,0.03482587064676617,201,1.0,ORIGEN,SECCION,COMPLETO
243,18,NAYARIT,HUAJICORI,,,214,316,254,0.8037974683544303,0.19620253164556967,MORENA,85,0.3346456692913386,25,0.0984251968503937,MC,60,0.23622047244094488,19,0.07480314960629922,PRI,41,0.16141732283464566,MORENA,85,0.3346456692913386,25,0.0984251968503937,MC,60,0.23622047244094488,19,0.07480314960629922,PRI,41,0.16141732283464566,10,0.03937007874015748,41,0.16141732283464566,5,0.01968503937007874,7,0.027559055118110236,4,0.015748031496062992,60,0.23622047244094488,85,0.3346456692913386,6,0.023622047244094488,0,0.0,11,0.04330708661417323,0,0.0,2,0.007874015748031496,6,0.023622047244094488,2,0.007874015748031496,0,0.0,0,0.0,0,0.0,4,0.015748031496062992,1,0.003937007874015748,0,0.0,0,0.0,3,0.011811023622047244,0,0.0,0,0.0,0,0.0,2,0.007874015748031496,0,0.0,0,0.0,0,0.0,5,0.01968503937007874,254,1.0,ORIGEN,SECCION,COMPLETO
244,18,NAYARIT,IXTLAN DEL RIO,,,215,1972,1112,0.563894523326572,0.436105476673428,MC,279,0.25089928057553956,71,0.06384892086330936,PAN,208,0.18705035971223022,4,0.0035971223021582736,MORENA,204,0.18345323741007194,MC,279,0.25089928057553956,71,0.06384892086330936,PAN,208,0.18705035971223022,4,0.0035971223021582736,MORENA,204,0.18345323741007194,208,0.18705035971223022,28,0.025179856115107913,12,0.01079136690647482,151,0.1357913669064748,18,0.01618705035971223,279,0.25089928057553956,204,0.18345323741007194,45,0.040467625899280574,5,0.0044964028776978415,50,0.044964028776978415,2,0.0017985611510791368,26,0.023381294964028777,4,0.0035971223021582736,19,0.0170863309352518,1,0.0008992805755395684,0,0.0,0,0.0,22,0.019784172661870502,5,0.0044964028776978415,1,0.0008992805755395684,2,0.0017985611510791368,1,0.0008992805755395684,1,0.0008992805755395684,3,0.002697841726618705,0,0.0,4,0.0035971223021582736,0,0.0,2,0.0017985611510791368,0,0.0,19,0.0170863309352518,1112,1.0,ORIGEN,SECCION,COMPLETO
245,18,NAYARIT,IXTLAN DEL RIO,,,216,2320,1298,0.5594827586206896,0.44051724137931036,MC,315,0.24268104776579352,41,0.031587057010785825,PAN,274,0.2110939907550077,38,0.029275808936825885,MORENA,236,0.18181818181818182,MC,315,0.24268104776579352,41,0.031587057010785825,PAN,274,0.2110939907550077,38,0.029275808936825885,MORENA,236,0.18181818181818182,274,0.2110939907550077,30,0.023112480739599383,5,0.003852080123266564,162,0.12480739599383667,24,0.01848998459167951,315,0.24268104776579352,236,0.18181818181818182,50,0.03852080123266564,7,0.00539291217257319,63,0.0485362095531587,6,0.004622496147919877,22,0.01694915254237288,4,0.0030816640986132513,19,0.014637904468412942,8,0.0061633281972265025,4,0.0030816640986132513,0,0.0,17,0.013097072419106317,8,0.0061633281972265025,3,0.0023112480739599386,0,0.0,2,0.0015408320493066256,0,0.0,2,0.0015408320493066256,0,0.0,3,0.0023112480739599386,1,0.0007704160246533128,2,0.0015408320493066256,0,0.0,31,0.023882896764252697,1298,1.0,ORIGEN,SECCION,COMPLETO
246,18,NAYARIT,IXTLAN DEL RIO,,,217,1156,619,0.5354671280276817,0.4645328719723183,MC,139,0.2245557350565428,33,0.05331179321486268,PAN,106,0.17124394184168013,3,0.004846526655896607,MORENA,103,0.16639741518578352,MC,139,0.2245557350565428,33,0.05331179321486268,PAN,106,0.17124394184168013,3,0.004846526655896607,MORENA,103,0.16639741518578352,106,0.17124394184168013,8,0.012924071082390954,3,0.004846526655896607,54,0.08723747980613894,11,0.017770597738287562,139,0.2245557350565428,103,0.16639741518578352,23,0.03715670436187399,8,0.012924071082390954,28,0.045234248788368334,3,0.004846526655896607,18,0.029079159935379646,1,0.0016155088852988692,10,0.01615508885298869,4,0.006462035541195477,1,0.0016155088852988692,0,0.0,17,0.027463651050080775,3,0.004846526655896607,0,0.0,1,0.0016155088852988692,2,0.0032310177705977385,2,0.0032310177705977385,53,0.08562197092084006,1,0.0016155088852988692,1,0.0016155088852988692,1,0.0016155088852988692,0,0.0,0,0.0,18,0.029079159935379646,619,1.0,ORIGEN,SECCION,COMPLETO
247,18,NAYARIT,IXTLAN DEL RIO,,,218,1891,965,0.5103120042305659,0.4896879957694341,MC,239,0.24766839378238342,26,0.02694300518134715,PAN,213,0.22072538860103627,63,0.06528497409326425,MORENA,150,0.15544041450777202,MC,239,0.24766839378238342,26,0.02694300518134715,PAN,213,0.22072538860103627,63,0.06528497409326425,MORENA,150,0.15544041450777202,213,0.22072538860103627,13,0.013471502590673576,10,0.010362694300518135,126,0.1305699481865285,28,0.029015544041450778,239,0.24766839378238342,150,0.15544041450777202,22,0.022797927461139896,6,0.0062176165803108805,45,0.046632124352331605,2,0.002072538860103627,19,0.019689119170984457,4,0.004145077720207254,10,0.010362694300518135,4,0.004145077720207254,1,0.0010362694300518134,0,0.0,20,0.02072538860103627,6,0.0062176165803108805,1,0.0010362694300518134,1,0.0010362694300518134,2,0.002072538860103627,1,0.0010362694300518134,3,0.0031088082901554403,1,0.0010362694300518134,2,0.002072538860103627,0,0.0,3,0.0031088082901554403,1,0.0010362694300518134,32,0.03316062176165803,965,1.0,ORIGEN,SECCION,COMPLETO
248,18,NAYARIT,IXTLAN DEL RIO,,,219,1213,572,0.47155812036273703,0.528441879637263,MC,133,0.23251748251748253,10,0.017482517482517484,MORENA,123,0.21503496503496503,7,0.012237762237762238,PAN,116,0.20279720279720279,MC,133,0.23251748251748253,10,0.017482517482517484,MORENA,123,0.21503496503496503,7,0.012237762237762238,PAN,116,0.20279720279720279,116,0.20279720279720279,13,0.022727272727272728,1,0.0017482517482517483,85,0.1486013986013986,9,0.015734265734265736,133,0.23251748251748253,123,0.21503496503496503,8,0.013986013986013986,2,0.0034965034965034965,10,0.017482517482517484,0,0.0,14,0.024475524475524476,1,0.0017482517482517483,9,0.015734265734265736,3,0.005244755244755245,0,0.0,0,0.0,7,0.012237762237762238,1,0.0017482517482517483,0,0.0,2,0.0034965034965034965,1,0.0017482517482517483,5,0.008741258741258742,3,0.005244755244755245,1,0.0017482517482517483,4,0.006993006993006993,0,0.0,0,0.0,0,0.0,21,0.03671328671328671,572,1.0,ORIGEN,SECCION,COMPLETO
249,18,NAYARIT,IXTLAN DEL RIO,,,220,1154,587,0.5086655112651647,0.4913344887348353,MC,157,0.2674616695059625,42,0.07155025553662692,PAN,115,0.19591141396933562,13,0.022146507666098807,MORENA,102,0.1737649063032368,MC,157,0.2674616695059625,42,0.07155025553662692,PAN,115,0.19591141396933562,13,0.022146507666098807,MORENA,102,0.1737649063032368,115,0.19591141396933562,20,0.034071550255536626,2,0.0034071550255536627,75,0.12776831345826234,11,0.018739352640545145,157,0.2674616695059625,102,0.1737649063032368,16,0.027257240204429302,1,0.0017035775127768314,21,0.03577512776831346,1,0.0017035775127768314,14,0.02385008517887564,1,0.0017035775127768314,11,0.018739352640545145,0,0.0,0,0.0,0,0.0,20,0.034071550255536626,3,0.005110732538330494,1,0.0017035775127768314,0,0.0,0,0.0,1,0.0017035775127768314,1,0.0017035775127768314,0,0.0,0,0.0,0,0.0,1,0.0017035775127768314,0,0.0,13,0.022146507666098807,587,1.0,ORIGEN,SECCION,COMPLETO
250,18,NAYARIT,IXTLAN DEL RIO,,,221,715,421,0.5888111888111888,0.41118881118881123,MC,106,0.2517814726840855,29,0.0688836104513064,MORENA,77,0.1828978622327791,16,0.03800475059382423,PT,61,0.14489311163895488,MC,106,0.2517814726840855,29,0.0688836104513064,MORENA,77,0.1828978622327791,16,0.03800475059382423,PT,61,0.14489311163895488,56,0.1330166270783848,17,0.040380047505938245,3,0.007125890736342043,61,0.14489311163895488,16,0.03800475059382423,106,0.2517814726840855,77,0.1828978622327791,17,0.040380047505938245,1,0.0023752969121140144,17,0.040380047505938245,6,0.014251781472684086,19,0.04513064133016627,4,0.009501187648456057,4,0.009501187648456057,1,0.0023752969121140144,0,0.0,0,0.0,5,0.011876484560570071,2,0.004750593824228029,2,0.004750593824228029,0,0.0,2,0.004750593824228029,0,0.0,0,0.0,0,0.0,0,0.0,0,0.0,1,0.0023752969121140144,0,0.0,4,0.009501187648456057,421,1.0,ORIGEN,SECCION,COMPLETO
251,18,NAYARIT,IXTLAN DEL RIO,,,222,730,793,1.0863013698630137,-0.08630136986301373,MC,211,0.266078184110971,49,0.0617906683480454,MORENA,162,0.2042875157629256,35,0.044136191677175286,PAN,127,0.1601513240857503,MC,211,0.266078184110971,49,0.0617906683480454,MORENA,162,0.2042875157629256,35,0.044136191677175286,PAN,127,0.1601513240857503,127,0.1601513240857503,35,0.044136191677175286,3,0.0037831021437578815,85,0.10718789407313997,21,0.02648171500630517,211,0.266078184110971,162,0.2042875157629256,36,0.04539722572509458,1,0.0012610340479192938,30,0.03783102143757881,4,0.005044136191677175,17,0.021437578814627996,1,0.0012610340479192938,7,0.008827238335435058,2,0.0025220680958385876,0,0.0,0,0.0,18,0.02269861286254729,6,0.007566204287515763,0,0.0,4,0.005044136191677175,1,0.0012610340479192938,0,0.0,3,0.0037831021437578815,1,0.0012610340479192938,2,0.0025220680958385876,0,0.0,3,0.0037831021437578815,0,0.0,13,0.01639344262295082,793,1.0,ORIGEN,SECCION,COMPLETO
252,18,NAYARIT,IXTLAN DEL RIO,,,223,1127,732,0.6495119787045253,0.35048802129547474,MC,188,0.2568306010928962,42,0.05737704918032787,MORENA,146,0.1994535519125683,51,0.06967213114754098,PAN,95,0.12978142076502733,MC,188,0.2568306010928962,42,0.05737704918032787,MORENA,146,0.1994535519125683,51,0.06967213114754098,PAN,95,0.12978142076502733,95,0.12978142076502733,30,0.040983606557377046,1,0.001366120218579235,89,0.12158469945355191,18,0.02459016393442623,188,0.2568306010928962,146,0.1994535519125683,55,0.07513661202185792,9,0.012295081967213115,23,0.031420765027322405,4,0.00546448087431694,18,0.02459016393442623,2,0.00273224043715847,7,0.009562841530054645,3,0.004098360655737705,0,0.0,0,0.0,16,0.02185792349726776,4,0.00546448087431694,0,0.0,1,0.001366120218579235,2,0.00273224043715847,2,0.00273224043715847,1,0.001366120218579235,0,0.0,2,0.00273224043715847,0,0.0,5,0.006830601092896175,0,0.0,11,0.015027322404371584,732,1.0,ORIGEN,SECCION,COMPLETO
253,18,NAYARIT,IXTLAN DEL RIO,,,224,1098,674,0.6138433515482696,0.38615664845173037,MC,166,0.24629080118694363,57,0.08456973293768547,MORENA,109,0.16172106824925817,6,0.008902077151335312,PAN,103,0.15281899109792285,MC,166,0.24629080118694363,57,0.08456973293768547,MORENA,109,0.16172106824925817,6,0.008902077151335312,PAN,103,0.15281899109792285,103,0.15281899109792285,23,0.03412462908011869,2,0.002967359050445104,90,0.13353115727002968,32,0.04747774480712166,166,0.24629080118694363,109,0.16172106824925817,40,0.05934718100890208,3,0.004451038575667656,43,0.06379821958456973,3,0.004451038575667656,21,0.03115727002967359,0,0.0,8,0.011869436201780416,1,0.001483679525222552,0,0.0,0,0.0,4,0.005934718100890208,3,0.004451038575667656,1,0.001483679525222552,0,0.0,2,0.002967359050445104,0,0.0,1,0.001483679525222552,0,0.0,0,0.0,0,0.0,1,0.001483679525222552,0,0.0,18,0.026706231454005934,674,1.0,ORIGEN,SECCION,COMPLETO
254,18,NAYARIT,IXTLAN DEL RIO,,,225,669,421,0.6292974588938715,0.37070254110612855,MC,95,0.22565320665083136,22,0.052256532066508314,PAN,73,0.17339667458432304,1,0.0023752969121140144,MORENA,72,0.171021377672209,MC,95,0.22565320665083136,22,0.052256532066508314,PAN,73,0.17339667458432304,1,0.0023752969121140144,MORENA,72,0.171021377672209,73,0.17339667458432304,24,0.057007125890736345,1,0.0023752969121140144,57,0.13539192399049882,14,0.0332541567695962,95,0.22565320665083136,72,0.171021377672209,15,0.035629453681710214,0,0.0,9,0.021377672209026127,1,0.0023752969121140144,16,0.03800475059382423,2,0.004750593824228029,9,0.021377672209026127,0,0.0,0,0.0,0,0.0,11,0.026128266033254157,1,0.0023752969121140144,3,0.007125890736342043,0,0.0,0,0.0,0,0.0,1,0.0023752969121140144,0,0.0,0,0.0,0,0.0,0,0.0,0,0.0,17,0.040380047505938245,421,1.0,ORIGEN,SECCION,COMPLETO
255,18,NAYARIT,IXTLAN DEL RIO,,,226,700,438,0.6257142857142857,0.37428571428571433,MC,107,0.24429223744292236,35,0.07990867579908675,PAN,72,0.1643835616438356,5,0.01141552511415525,PT,67,0.15296803652968036,MC,107,0.24429223744292236,35,0.07990867579908675,PAN,72,0.1643835616438356,5,0.01141552511415525,PT,67,0.15296803652968036,72,0.1643835616438356,18,0.0410958904109589,7,0.01598173515981735,67,0.15296803652968036,18,0.0410958904109589,107,0.24429223744292236,63,0.14383561643835616,6,0.0136986301369863,4,0.0091324200913242,14,0.0319634703196347,5,0.01141552511415525,23,0.05251141552511415,2,0.0045662100456621,6,0.0136986301369863,2,0.0045662100456621,2,0.0045662100456621,0,0.0,5,0.01141552511415525,4,0.0091324200913242,1,0.00228310502283105,0,0.0,0,0.0,2,0.0045662100456621,0,0.0,0,0.0,0,0.0,0,0.0,0,0.0,0,0.0,10,0.0228310502283105,438,1.0,ORIGEN,SECCION,COMPLETO
256,18,NAYARIT,IXTLAN DEL RIO,,,227,566,359,0.6342756183745583,0.36572438162544174,MC,104,0.28969359331476324,37,0.10306406685236769,MORENA,67,0.18662952646239556,14,0.03899721448467967,PAN,53,0.14763231197771587,MC,104,0.28969359331476324,37,0.10306406685236769,MORENA,67,0.18662952646239556,14,0.03899721448467967,PAN,53,0.14763231197771587,53,0.14763231197771587,12,0.033426183844011144,5,0.013927576601671309,40,0.11142061281337047,15,0.04178272980501393,104,0.28969359331476324,67,0.18662952646239556,14,0.03899721448467967,1,0.002785515320334262,11,0.03064066852367688,0,0.0,13,0.036211699164345405,2,0.005571030640668524,4,0.011142061281337047,2,0.005571030640668524,0,0.0,0,0.0,5,0.013927576601671309,1,0.002785515320334262,1,0.002785515320334262,0,0.0,1,0.002785515320334262,0,0.0,1,0.002785515320334262,0,0.0,0,0.0,0,0.0,0,0.0,0,0.0,7,0.019498607242339833,359,1.0,ORIGEN,SECCION,COMPLETO
257,18,NAYARIT,IXTLAN DEL RIO,,,228,550,323,0.5872727272727273,0.4127272727272727,MC,79,0.24458204334365324,20,0.06191950464396285,MORENA,59,0.1826625386996904,3,0.009287925696594427,PAN,56,0.17337461300309598,MC,79,0.24458204334365324,20,0.06191950464396285,MORENA,59,0.1826625386996904,3,0.009287925696594427,PAN,56,0.17337461300309598,56,0.17337461300309598,26,0.0804953560371517,3,0.009287925696594427,38,0.11764705882352941,3,0.009287925696594427,79,0.24458204334365324,59,0.1826625386996904,9,0.02786377708978328,3,0.009287925696594427,12,0.03715170278637771,1,0.0030959752321981426,8,0.02476780185758514,0,0.0,1,0.0030959752321981426,1,0.0030959752321981426,0,0.0,0,0.0,7,0.021671826625386997,3,0.009287925696594427,1,0.0030959752321981426,2,0.006191950464396285,1,0.0030959752321981426,0,0.0,1,0.0030959752321981426,0,0.0,1,0.0030959752321981426,0,0.0,0,0.0,1,0.0030959752321981426,7,0.021671826625386997,323,1.0,ORIGEN,SECCION,COMPLETO
258,18,NAYARIT,IXTLAN DEL RIO,,,229,738,433,0.5867208672086721,0.4132791327913279,MC,96,0.22170900692840648,10,0.023094688221709007,MORENA,86,0.19861431870669746,3,0.006928406466512702,PAN,83,0.19168591224018475,MC,96,0.22170900692840648,10,0.023094688221709007,MORENA,86,0.19861431870669746,3,0.006928406466512702,PAN,83,0.19168591224018475,83,0.19168591224018475,13,0.03002309468822171,3,0.006928406466512702,59,0.13625866050808313,7,0.016166281755196306,96,0.22170900692840648,86,0.19861431870669746,17,0.03926096997690531,1,0.0023094688221709007,18,0.04157043879907621,1,0.0023094688221709007,11,0.025404157043879907,0,0.0,5,0.011547344110854504,2,0.004618937644341801,1,0.0023094688221709007,1,0.0023094688221709007,9,0.020785219399538105,3,0.006928406466512702,0,0.0,0,0.0,0,0.0,1,0.0023094688221709007,3,0.006928406466512702,1,0.0023094688221709007,0,0.0,0,0.0,0,0.0,0,0.0,12,0.02771362586605081,433,1.0,ORIGEN,SECCION,COMPLETO
259,18,NAYARIT,IXTLAN DEL RIO,,,230,1556,796,0.5115681233933161,0.48843187660668386,MC,205,0.25753768844221103,46,0.05778894472361809,MORENA,159,0.19974874371859297,21,0.026381909547738693,PAN,138,0.17336683417085427,MC,205,0.25753768844221103,46,0.05778894472361809,MORENA,159,0.19974874371859297,21,0.026381909547738693,PAN,138,0.17336683417085427,138,0.17336683417085427,44,0.05527638190954774,9,0.011306532663316583,77,0.09673366834170855,11,0.013819095477386936,205,0.25753768844221103,159,0.19974874371859297,18,0.022613065326633167,2,0.002512562814070352,47,0.059045226130653265,6,0.007537688442211055,14,0.017587939698492462,1,0.001256281407035176,7,0.008793969849246231,2,0.002512562814070352,1,0.001256281407035176,0,0.0,12,0.01507537688442211,6,0.007537688442211055,0,0.0,0,0.0,0,0.0,2,0.002512562814070352,2,0.002512562814070352,0,0.0,3,0.0037688442211055275,1,0.001256281407035176,1,0.001256281407035176,1,0.001256281407035176,27,0.03391959798994975,796,1.0,ORIGEN,SECCION,COMPLETO
260,18,NAYARIT,IXTLAN DEL RIO,,,231,839,472,0.5625744934445769,0.4374255065554231,MC,134,0.2838983050847458,42,0.08898305084745763,MORENA,92,0.19491525423728814,22,0.046610169491525424,PAN,70,0.1483050847457627,MC,134,0.2838983050847458,42,0.08898305084745763,MORENA,92,0.19491525423728814,22,0.046610169491525424,PAN,70,0.1483050847457627,70,0.1483050847457627,17,0.036016949152542374,5,0.01059322033898305,57,0.12076271186440678,21,0.04449152542372881,134,0.2838983050847458,92,0.19491525423728814,9,0.019067796610169493,0,0.0,21,0.04449152542372881,2,0.00423728813559322,7,0.014830508474576272,0,0.0,9,0.019067796610169493,2,0.00423728813559322,1,0.00211864406779661,0,0.0,9,0.019067796610169493,5,0.01059322033898305,0,0.0,1,0.00211864406779661,1,0.00211864406779661,0,0.0,1,0.00211864406779661,0,0.0,1,0.00211864406779661,0,0.0,0,0.0,0,0.0,7,0.014830508474576272,472,1.0,ORIGEN,SECCION,COMPLETO
261,18,NAYARIT,IXTLAN DEL RIO,,,232,562,335,0.5960854092526691,0.40391459074733094,PAN,179,0.5343283582089552,130,0.3880597014925373,MORENA,49,0.14626865671641792,11,0.03283582089552239,MC,38,0.11343283582089553,PAN,179,0.5343283582089552,130,0.3880597014925373,MORENA,49,0.14626865671641792,11,0.03283582089552239,MC,38,0.11343283582089553,179,0.5343283582089552,4,0.011940298507462687,2,0.005970149253731343,22,0.06567164179104477,4,0.011940298507462687,38,0.11343283582089553,49,0.14626865671641792,2,0.005970149253731343,0,0.0,2,0.005970149253731343,1,0.0029850746268656717,3,0.008955223880597015,1,0.0029850746268656717,6,0.01791044776119403,7,0.020895522388059702,0,0.0,0,0.0,2,0.005970149253731343,0,0.0,0,0.0,0,0.0,1,0.0029850746268656717,2,0.005970149253731343,0,0.0,0,0.0,0,0.0,0,0.0,0,0.0,0,0.0,10,0.029850746268656716,335,1.0,ORIGEN,SECCION,COMPLETO
262,18,NAYARIT,IXTLAN DEL RIO,,,233,360,228,0.6333333333333333,0.3666666666666667,PAN,102,0.4473684210526316,71,0.31140350877192985,MC,31,0.13596491228070176,9,0.039473684210526314,PT,22,0.09649122807017543,PAN,102,0.4473684210526316,71,0.31140350877192985,MC,31,0.13596491228070176,9,0.039473684210526314,PT,22,0.09649122807017543,102,0.4473684210526316,7,0.03070175438596491,2,0.008771929824561403,22,0.09649122807017543,1,0.0043859649122807015,31,0.13596491228070176,4,0.017543859649122806,6,0.02631578947368421,0,0.0,2,0.008771929824561403,0,0.0,7,0.03070175438596491,1,0.0043859649122807015,15,0.06578947368421052,2,0.008771929824561403,0,0.0,1,0.0043859649122807015,1,0.0043859649122807015,1,0.0043859649122807015,0,0.0,0,0.0,0,0.0,0,0.0,0,0.0,1,0.0043859649122807015,0,0.0,0,0.0,0,0.0,0,0.0,22,0.09649122807017543,228,1.0,ORIGEN,SECCION,COMPLETO
263,18,NAYARIT,IXTLAN DEL RIO,,,234,233,146,0.6266094420600858,0.37339055793991416,PAN,40,0.273972602739726,2,0.0136986301369863,MC,38,0.2602739726027397,18,0.1232876712328767,PRI,20,0.136986301369863,PAN,40,0.273972602739726,2,0.0136986301369863,MC,38,0.2602739726027397,18,0.1232876712328767,PRI,20,0.136986301369863,40,0.273972602739726,20,0.136986301369863,0,0.0,7,0.04794520547945205,3,0.02054794520547945,38,0.2602739726027397,18,0.1232876712328767,1,0.00684931506849315,1,0.00684931506849315,2,0.0136986301369863,2,0.0136986301369863,2,0.0136986301369863,0,0.0,5,0.03424657534246575,1,0.00684931506849315,0,0.0,0,0.0,1,0.00684931506849315,0,0.0,0,0.0,0,0.0,0,0.0,0,0.0,0,0.0,0,0.0,0,0.0,0,0.0,0,0.0,0,0.0,5,0.03424657534246575,146,1.0,ORIGEN,SECCION,COMPLETO
264,18,NAYARIT,IXTLAN DEL RIO,,,235,407,210,0.515970515970516,0.484029484029484,PAN,99,0.4714285714285714,58,0.2761904761904762,MC,41,0.19523809523809524,17,0.08095238095238096,MORENA,24,0.11428571428571428,PAN,99,0.4714285714285714,58,0.2761904761904762,MC,41,0.19523809523809524,17,0.08095238095238096,MORENA,24,0.11428571428571428,99,0.4714285714285714,13,0.06190476190476191,1,0.004761904761904762,10,0.047619047619047616,2,0.009523809523809525,41,0.19523809523809524,24,0.11428571428571428,3,0.014285714285714285,2,0.009523809523809525,2,0.009523809523809525,1,0.004761904761904762,0,0.0,0,0.0,1,0.004761904761904762,2,0.009523809523809525,1,0.004761904761904762,0,0.0,3,0.014285714285714285,2,0.009523809523809525,0,0.0,0,0.0,0,0.0,0,0.0,0,0.0,0,0.0,0,0.0,0,0.0,0,0.0,0,0.0,3,0.014285714285714285,210,1.0,ORIGEN,SECCION,COMPLETO
265,18,NAYARIT,IXTLAN DEL RIO,,,236,1060,511,0.4820754716981132,0.5179245283018867,MC,159,0.3111545988258317,57,0.11154598825831702,MORENA,102,0.19960861056751467,41,0.08023483365949119,PAN,61,0.11937377690802348,MC,159,0.3111545988258317,57,0.11154598825831702,MORENA,102,0.19960861056751467,41,0.08023483365949119,PAN,61,0.11937377690802348,61,0.11937377690802348,28,0.0547945205479452,3,0.005870841487279843,53,0.10371819960861056,11,0.021526418786692758,159,0.3111545988258317,102,0.19960861056751467,6,0.011741682974559686,1,0.0019569471624266144,19,0.03718199608610567,1,0.0019569471624266144,23,0.04500978473581213,1,0.0019569471624266144,4,0.007827788649706457,1,0.0019569471624266144,0,0.0,0,0.0,3,0.005870841487279843,1,0.0019569471624266144,4,0.007827788649706457,1,0.0019569471624266144,0,0.0,0,0.0,1,0.0019569471624266144,1,0.0019569471624266144,2,0.003913894324853229,0,0.0,0,0.0,0,0.0,25,0.04892367906066536,511,1.0,ORIGEN,SECCION,COMPLETO
266,18,NAYARIT,IXTLAN DEL RIO,,,237,185,110,0.5945945945945946,0.4054054054054054,MC,48,0.43636363636363634,29,0.2636363636363636,PAN,19,0.17272727272727273,9,0.08181818181818182,MORENA,10,0.09090909090909091,MC,48,0.43636363636363634,29,0.2636363636363636,PAN,19,0.17272727272727273,9,0.08181818181818182,MORENA,10,0.09090909090909091,19,0.17272727272727273,7,0.06363636363636363,0,0.0,8,0.07272727272727272,2,0.01818181818181818,48,0.43636363636363634,10,0.09090909090909091,3,0.02727272727272727,1,0.00909090909090909,7,0.06363636363636363,1,0.00909090909090909,2,0.01818181818181818,0,0.0,0,0.0,0,0.0,0,0.0,0,0.0,0,0.0,0,0.0,0,0.0,0,0.0,0,0.0,0,0.0,0,0.0,0,0.0,0,0.0,0,0.0,0,0.0,0,0.0,2,0.01818181818181818,110,1.0,ORIGEN,SECCION,COMPLETO
267,18,NAYARIT,IXTLAN DEL RIO,,,238,382,203,0.5314136125654451,0.46858638743455494,MC,83,0.4088669950738916,38,0.18719211822660098,PAN,45,0.22167487684729065,28,0.13793103448275862,MORENA,17,0.08374384236453201,MC,83,0.4088669950738916,38,0.18719211822660098,PAN,45,0.22167487684729065,28,0.13793103448275862,MORENA,17,0.08374384236453201,45,0.22167487684729065,7,0.034482758620689655,1,0.0049261083743842365,14,0.06896551724137931,4,0.019704433497536946,83,0.4088669950738916,17,0.08374384236453201,3,0.014778325123152709,3,0.014778325123152709,3,0.014778325123152709,0,0.0,3,0.014778325123152709,0,0.0,1,0.0049261083743842365,2,0.009852216748768473,0,0.0,0,0.0,1,0.0049261083743842365,2,0.009852216748768473,1,0.0049261083743842365,1,0.0049261083743842365,0,0.0,1,0.0049261083743842365,1,0.0049261083743842365,0,0.0,0,0.0,0,0.0,1,0.0049261083743842365,0,0.0,9,0.04433497536945813,203,1.0,ORIGEN,SECCION,COMPLETO
268,18,NAYARIT,JALA,,,239,603,368,0.6102819237147595,0.38971807628524047,MC,109,0.296195652173913,49,0.1331521739130435,MORENA,60,0.16304347826086957,18,0.04891304347826087,RSP,42,0.11413043478260869,MC,109,0.296195652173913,49,0.1331521739130435,MORENA,60,0.16304347826086957,18,0.04891304347826087,RSP,42,0.11413043478260869,40,0.10869565217391304,20,0.05434782608695652,2,0.005434782608695652,15,0.04076086956521739,18,0.04891304347826087,109,0.296195652173913,60,0.16304347826086957,19,0.051630434782608696,3,0.008152173913043478,4,0.010869565217391304,1,0.002717391304347826,42,0.11413043478260869,1,0.002717391304347826,9,0.024456521739130436,0,0.0,1,0.002717391304347826,0,0.0,5,0.01358695652173913,0,0.0,0,0.0,0,0.0,2,0.005434782608695652,0,0.0,0,0.0,0,0.0,0,0.0,0,0.0,0,0.0,0,0.0,17,0.04619565217391304,368,1.0,ORIGEN,SECCION,COMPLETO
269,18,NAYARIT,JALA,,,240,495,310,0.6262626262626263,0.3737373737373737,MC,109,0.35161290322580646,55,0.1774193548387097,MORENA,54,0.17419354838709677,30,0.0967741935483871,PAN,24,0.07741935483870968,MC,109,0.35161290322580646,55,0.1774193548387097,MORENA,54,0.17419354838709677,30,0.0967741935483871,PAN,24,0.07741935483870968,24,0.07741935483870968,21,0.06774193548387097,0,0.0,6,0.01935483870967742,12,0.03870967741935484,109,0.35161290322580646,54,0.17419354838709677,16,0.05161290322580645,1,0.0032258064516129032,8,0.025806451612903226,2,0.0064516129032258064,16,0.05161290322580645,0,0.0,9,0.02903225806451613,1,0.0032258064516129032,0,0.0,0,0.0,11,0.035483870967741936,0,0.0,0,0.0,0,0.0,1,0.0032258064516129032,0,0.0,1,0.0032258064516129032,0,0.0,1,0.0032258064516129032,2,0.0064516129032258064,2,0.0064516129032258064,0,0.0,13,0.041935483870967745,310,1.0,ORIGEN,SECCION,COMPLETO
270,18,NAYARIT,JALA,,,241,935,614,0.6566844919786097,0.3433155080213903,MC,170,0.2768729641693811,42,0.06840390879478828,MORENA,128,0.20846905537459284,63,0.10260586319218241,PAN,65,0.10586319218241043,MC,170,0.2768729641693811,42,0.06840390879478828,MORENA,128,0.20846905537459284,63,0.10260586319218241,PAN,65,0.10586319218241043,65,0.10586319218241043,57,0.09283387622149837,3,0.004885993485342019,18,0.029315960912052116,14,0.02280130293159609,170,0.2768729641693811,128,0.20846905537459284,29,0.04723127035830619,2,0.003257328990228013,25,0.04071661237785016,1,0.0016286644951140066,58,0.09446254071661238,1,0.0016286644951140066,12,0.019543973941368076,1,0.0016286644951140066,0,0.0,0,0.0,12,0.019543973941368076,3,0.004885993485342019,0,0.0,0,0.0,1,0.0016286644951140066,1,0.0016286644951140066,0,0.0,1,0.0016286644951140066,1,0.0016286644951140066,1,0.0016286644951140066,2,0.003257328990228013,0,0.0,8,0.013029315960912053,614,1.0,ORIGEN,SECCION,COMPLETO
271,18,NAYARIT,JALA,,,242,909,625,0.6875687568756875,0.3124312431243125,MC,173,0.2768,62,0.0992,MORENA,111,0.1776,45,0.072,PAN,66,0.1056,MC,173,0.2768,62,0.0992,MORENA,111,0.1776,45,0.072,PAN,66,0.1056,66,0.1056,66,0.1056,8,0.0128,18,0.0288,17,0.0272,173,0.2768,111,0.1776,36,0.0576,6,0.0096,18,0.0288,2,0.0032,50,0.08,0,0.0,16,0.0256,2,0.0032,0,0.0,0,0.0,12,0.0192,2,0.0032,0,0.0,1,0.0016,1,0.0016,1,0.0016,1,0.0016,1,0.0016,2,0.0032,1,0.0016,1,0.0016,0,0.0,13,0.0208,625,1.0,ORIGEN,SECCION,COMPLETO
272,18,NAYARIT,JALA,,,243,572,375,0.6555944055944056,0.3444055944055944,MC,99,0.264,21,0.056,MORENA,78,0.208,41,0.10933333333333334,RSP,37,0.09866666666666667,MC,99,0.264,21,0.056,MORENA,78,0.208,41,0.10933333333333334,RSP,37,0.09866666666666667,35,0.09333333333333334,21,0.056,1,0.0026666666666666666,14,0.037333333333333336,15,0.04,99,0.264,78,0.208,17,0.04533333333333334,2,0.005333333333333333,16,0.042666666666666665,2,0.005333333333333333,37,0.09866666666666667,0,0.0,9,0.024,3,0.008,0,0.0,0,0.0,8,0.021333333333333333,0,0.0,0,0.0,1,0.0026666666666666666,2,0.005333333333333333,0,0.0,1,0.0026666666666666666,1,0.0026666666666666666,1,0.0026666666666666666,1,0.0026666666666666666,0,0.0,0,0.0,11,0.029333333333333333,375,1.0,ORIGEN,SECCION,COMPLETO
273,18,NAYARIT,JALA,,,244,1050,642,0.6114285714285714,0.38857142857142857,MC,211,0.32866043613707163,96,0.14953271028037382,MORENA,115,0.1791277258566978,44,0.06853582554517133,PAN,71,0.11059190031152648,MC,211,0.32866043613707163,96,0.14953271028037382,MORENA,115,0.1791277258566978,44,0.06853582554517133,PAN,71,0.11059190031152648,71,0.11059190031152648,37,0.05763239875389408,1,0.001557632398753894,17,0.0264797507788162,22,0.03426791277258567,211,0.32866043613707163,115,0.1791277258566978,31,0.048286604361370715,2,0.003115264797507788,11,0.017133956386292833,1,0.001557632398753894,49,0.0763239875389408,0,0.0,8,0.012461059190031152,0,0.0,0,0.0,0,0.0,20,0.03115264797507788,4,0.006230529595015576,1,0.001557632398753894,1,0.001557632398753894,4,0.006230529595015576,4,0.006230529595015576,1,0.001557632398753894,0,0.0,2,0.003115264797507788,2,0.003115264797507788,3,0.004672897196261682,0,0.0,24,0.037383177570093455,642,1.0,ORIGEN,SECCION,COMPLETO
274,18,NAYARIT,JALA,,,245,169,121,0.7159763313609467,0.28402366863905326,MORENA,44,0.36363636363636365,31,0.256198347107438,MC,13,0.10743801652892562,1,0.008264462809917356,PRI,12,0.09917355371900827,MORENA,44,0.36363636363636365,31,0.256198347107438,MC,13,0.10743801652892562,1,0.008264462809917356,PRI,12,0.09917355371900827,10,0.08264462809917356,12,0.09917355371900827,0,0.0,4,0.03305785123966942,2,0.01652892561983471,13,0.10743801652892562,44,0.36363636363636365,4,0.03305785123966942,0,0.0,2,0.01652892561983471,3,0.024793388429752067,12,0.09917355371900827,1,0.008264462809917356,1,0.008264462809917356,0,0.0,0,0.0,0,0.0,1,0.008264462809917356,0,0.0,0,0.0,0,0.0,0,0.0,0,0.0,0,0.0,0,0.0,1,0.008264462809917356,1,0.008264462809917356,0,0.0,0,0.0,10,0.08264462809917356,121,1.0,ORIGEN,SECCION,COMPLETO
275,18,NAYARIT,JALA,,,246,361,254,0.703601108033241,0.29639889196675895,RSP,73,0.2874015748031496,1,0.003937007874015748,MORENA,72,0.28346456692913385,41,0.16141732283464566,PAN,31,0.1220472440944882,RSP,73,0.2874015748031496,1,0.003937007874015748,MORENA,72,0.28346456692913385,41,0.16141732283464566,PAN,31,0.1220472440944882,31,0.1220472440944882,19,0.07480314960629922,4,0.015748031496062992,6,0.023622047244094488,12,0.047244094488188976,5,0.01968503937007874,72,0.28346456692913385,13,0.051181102362204724,0,0.0,0,0.0,4,0.015748031496062992,73,0.2874015748031496,2,0.007874015748031496,3,0.011811023622047244,0,0.0,0,0.0,0,0.0,0,0.0,0,0.0,1,0.003937007874015748,0,0.0,1,0.003937007874015748,0,0.0,0,0.0,0,0.0,0,0.0,0,0.0,0,0.0,0,0.0,8,0.031496062992125984,254,1.0,ORIGEN,SECCION,COMPLETO
276,18,NAYARIT,JALA,,,247,333,230,0.6906906906906907,0.30930930930930933,MC,85,0.3695652173913043,22,0.09565217391304348,MORENA,63,0.27391304347826084,50,0.21739130434782608,PRI,13,0.05652173913043478,MC,85,0.3695652173913043,22,0.09565217391304348,MORENA,63,0.27391304347826084,50,0.21739130434782608,PRI,13,0.05652173913043478,9,0.0391304347826087,13,0.05652173913043478,1,0.004347826086956522,7,0.030434782608695653,9,0.0391304347826087,85,0.3695652173913043,63,0.27391304347826084,8,0.034782608695652174,0,0.0,2,0.008695652173913044,2,0.008695652173913044,11,0.04782608695652174,2,0.008695652173913044,3,0.013043478260869565,0,0.0,0,0.0,0,0.0,5,0.021739130434782608,0,0.0,0,0.0,0,0.0,1,0.004347826086956522,0,0.0,0,0.0,0,0.0,0,0.0,0,0.0,0,0.0,0,0.0,9,0.0391304347826087,230,1.0,ORIGEN,SECCION,COMPLETO
277,18,NAYARIT,JALA,,,248,1446,967,0.6687413554633471,0.3312586445366529,RSP,265,0.27404343329886244,117,0.12099276111685625,MORENA,148,0.15305067218200621,28,0.028955532574974147,MC,120,0.12409513960703206,RSP,265,0.27404343329886244,117,0.12099276111685625,MORENA,148,0.15305067218200621,28,0.028955532574974147,MC,120,0.12409513960703206,104,0.10754912099276112,104,0.10754912099276112,4,0.004136504653567736,21,0.02171664943123061,27,0.027921406411582212,120,0.12409513960703206,148,0.15305067218200621,26,0.02688728024819028,0,0.0,1,0.001034126163391934,10,0.010341261633919338,265,0.27404343329886244,6,0.0062047569803516025,13,0.01344364012409514,10,0.010341261633919338,1,0.001034126163391934,0,0.0,24,0.02481902792140641,5,0.005170630816959669,5,0.005170630816959669,0,0.0,2,0.002068252326783868,4,0.004136504653567736,2,0.002068252326783868,1,0.001034126163391934,5,0.005170630816959669,1,0.001034126163391934,5,0.005170630816959669,0,0.0,53,0.05480868665977249,967,1.0,ORIGEN,SECCION,COMPLETO
278,18,NAYARIT,JALA,,,249,1050,786,0.7485714285714286,0.25142857142857145,RSP,216,0.2748091603053435,52,0.06615776081424936,MORENA,164,0.20865139949109415,15,0.019083969465648856,MC,149,0.1895674300254453,RSP,216,0.2748091603053435,52,0.06615776081424936,MORENA,164,0.20865139949109415,15,0.019083969465648856,MC,149,0.1895674300254453,100,0.1272264631043257,57,0.07251908396946564,5,0.006361323155216285,16,0.020356234096692113,4,0.005089058524173028,149,0.1895674300254453,164,0.20865139949109415,9,0.011450381679389313,1,0.001272264631043257,0,0.0,3,0.003816793893129771,216,0.2748091603053435,2,0.002544529262086514,1,0.001272264631043257,3,0.003816793893129771,0,0.0,0,0.0,13,0.01653944020356234,2,0.002544529262086514,0,0.0,1,0.001272264631043257,5,0.006361323155216285,0,0.0,0,0.0,0,0.0,3,0.003816793893129771,0,0.0,2,0.002544529262086514,0,0.0,30,0.03816793893129771,786,1.0,ORIGEN,SECCION,COMPLETO
279,18,NAYARIT,JALA,,,250,774,526,0.6795865633074936,0.32041343669250644,MC,131,0.24904942965779467,21,0.039923954372623575,RSP,110,0.20912547528517111,38,0.07224334600760456,MORENA,72,0.13688212927756654,MC,131,0.24904942965779467,21,0.039923954372623575,RSP,110,0.20912547528517111,38,0.07224334600760456,MORENA,72,0.13688212927756654,17,0.03231939163498099,36,0.06844106463878327,1,0.0019011406844106464,25,0.04752851711026616,41,0.0779467680608365,131,0.24904942965779467,72,0.13688212927756654,19,0.03612167300380228,0,0.0,6,0.011406844106463879,1,0.0019011406844106464,110,0.20912547528517111,1,0.0019011406844106464,1,0.0019011406844106464,7,0.013307984790874524,0,0.0,0,0.0,17,0.03231939163498099,10,0.019011406844106463,0,0.0,1,0.0019011406844106464,4,0.0076045627376425855,0,0.0,0,0.0,0,0.0,1,0.0019011406844106464,0,0.0,1,0.0019011406844106464,0,0.0,24,0.045627376425855515,526,1.0,ORIGEN,SECCION,COMPLETO
280,18,NAYARIT,JALA,,,251,580,386,0.6655172413793103,0.33448275862068966,RSP,75,0.19430051813471502,7,0.018134715025906734,MC,68,0.17616580310880828,5,0.012953367875647668,PRI,63,0.16321243523316062,RSP,75,0.19430051813471502,7,0.018134715025906734,MC,68,0.17616580310880828,5,0.012953367875647668,PRI,63,0.16321243523316062,28,0.07253886010362694,63,0.16321243523316062,0,0.0,10,0.025906735751295335,20,0.05181347150259067,68,0.17616580310880828,60,0.15544041450777202,10,0.025906735751295335,0,0.0,0,0.0,1,0.0025906735751295338,75,0.19430051813471502,0,0.0,7,0.018134715025906734,5,0.012953367875647668,0,0.0,0,0.0,12,0.031088082901554404,1,0.0025906735751295338,0,0.0,4,0.010362694300518135,2,0.0051813471502590676,0,0.0,1,0.0025906735751295338,1,0.0025906735751295338,2,0.0051813471502590676,1,0.0025906735751295338,1,0.0025906735751295338,0,0.0,14,0.03626943005181347,386,1.0,ORIGEN,SECCION,COMPLETO
281,18,NAYARIT,JALA,,,252,1371,1021,0.7447118891320205,0.25528811086797953,RSP,196,0.19196865817825662,4,0.0039177277179236044,MC,192,0.188050930460333,12,0.011753183153770812,MORENA,180,0.1762977473065622,RSP,196,0.19196865817825662,4,0.0039177277179236044,MC,192,0.188050930460333,12,0.011753183153770812,MORENA,180,0.1762977473065622,120,0.11753183153770813,85,0.0832517140058766,2,0.0019588638589618022,27,0.02644466209598433,22,0.021547502448579822,192,0.188050930460333,180,0.1762977473065622,57,0.05582761998041136,2,0.0019588638589618022,7,0.0068560235063663075,1,0.0009794319294809011,196,0.19196865817825662,5,0.004897159647404506,14,0.013712047012732615,6,0.005876591576885406,1,0.0009794319294809011,0,0.0,44,0.043095004897159644,1,0.0009794319294809011,6,0.005876591576885406,1,0.0009794319294809011,6,0.005876591576885406,1,0.0009794319294809011,5,0.004897159647404506,0,0.0,4,0.0039177277179236044,0,0.0,3,0.002938295788442703,0,0.0,33,0.03232125367286973,1021,1.0,ORIGEN,SECCION,COMPLETO
282,18,NAYARIT,JALA,,,253,1255,864,0.6884462151394423,0.31155378486055774,MC,243,0.28125,59,0.06828703703703703,MORENA,184,0.21296296296296297,96,0.1111111111111111,RSP,88,0.10185185185185185,MC,243,0.28125,59,0.06828703703703703,MORENA,184,0.21296296296296297,96,0.1111111111111111,RSP,88,0.10185185185185185,64,0.07407407407407407,52,0.06018518518518518,18,0.020833333333333332,40,0.046296296296296294,36,0.041666666666666664,243,0.28125,184,0.21296296296296297,44,0.05092592592592592,3,0.003472222222222222,16,0.018518518518518517,4,0.004629629629629629,88,0.10185185185185185,5,0.005787037037037037,11,0.01273148148148148,0,0.0,1,0.0011574074074074073,1,0.0011574074074074073,13,0.015046296296296295,0,0.0,0,0.0,1,0.0011574074074074073,1,0.0011574074074074073,3,0.003472222222222222,0,0.0,0,0.0,2,0.0023148148148148147,1,0.0011574074074074073,3,0.003472222222222222,0,0.0,30,0.034722222222222224,864,1.0,ORIGEN,SECCION,COMPLETO
283,18,NAYARIT,JALA,,,254,823,544,0.660996354799514,0.339003645200486,MC,154,0.28308823529411764,53,0.0974264705882353,MORENA,101,0.18566176470588236,34,0.0625,PAN,67,0.12316176470588236,MC,154,0.28308823529411764,53,0.0974264705882353,MORENA,101,0.18566176470588236,34,0.0625,PAN,67,0.12316176470588236,67,0.12316176470588236,41,0.07536764705882353,15,0.027573529411764705,44,0.08088235294117647,12,0.022058823529411766,154,0.28308823529411764,101,0.18566176470588236,17,0.03125,4,0.007352941176470588,10,0.01838235294117647,2,0.003676470588235294,30,0.05514705882352941,3,0.0055147058823529415,11,0.02022058823529412,0,0.0,2,0.003676470588235294,0,0.0,5,0.009191176470588236,1,0.001838235294117647,5,0.009191176470588236,1,0.001838235294117647,1,0.001838235294117647,0,0.0,0,0.0,0,0.0,0,0.0,0,0.0,2,0.003676470588235294,0,0.0,16,0.029411764705882353,544,1.0,ORIGEN,SECCION,COMPLETO
284,18,NAYARIT,JALA,,,255,390,275,0.7051282051282052,0.2948717948717948,MC,74,0.2690909090909091,35,0.12727272727272726,MORENA,39,0.14181818181818182,5,0.01818181818181818,PT,34,0.12363636363636364,MC,74,0.2690909090909091,35,0.12727272727272726,MORENA,39,0.14181818181818182,5,0.01818181818181818,PT,34,0.12363636363636364,24,0.08727272727272728,9,0.03272727272727273,8,0.02909090909090909,34,0.12363636363636364,15,0.05454545454545454,74,0.2690909090909091,39,0.14181818181818182,11,0.04,0,0.0,3,0.01090909090909091,2,0.007272727272727273,31,0.11272727272727273,0,0.0,7,0.025454545454545455,0,0.0,0,0.0,0,0.0,7,0.025454545454545455,0,0.0,0,0.0,0,0.0,2,0.007272727272727273,0,0.0,0,0.0,0,0.0,1,0.0036363636363636364,0,0.0,1,0.0036363636363636364,0,0.0,7,0.025454545454545455,275,1.0,ORIGEN,SECCION,COMPLETO
285,18,NAYARIT,JALA,,,256,611,429,0.7021276595744681,0.2978723404255319,MC,115,0.2680652680652681,17,0.039627039627039624,MORENA,98,0.22843822843822845,57,0.13286713286713286,RSP,41,0.09557109557109557,MC,115,0.2680652680652681,17,0.039627039627039624,MORENA,98,0.22843822843822845,57,0.13286713286713286,RSP,41,0.09557109557109557,39,0.09090909090909091,12,0.027972027972027972,11,0.02564102564102564,23,0.053613053613053616,20,0.046620046620046623,115,0.2680652680652681,98,0.22843822843822845,22,0.05128205128205128,2,0.004662004662004662,5,0.011655011655011656,1,0.002331002331002331,41,0.09557109557109557,3,0.006993006993006993,2,0.004662004662004662,1,0.002331002331002331,0,0.0,2,0.004662004662004662,8,0.018648018648018648,0,0.0,1,0.002331002331002331,0,0.0,0,0.0,0,0.0,1,0.002331002331002331,0,0.0,1,0.002331002331002331,0,0.0,4,0.009324009324009324,0,0.0,17,0.039627039627039624,429,1.0,ORIGEN,SECCION,COMPLETO
286,18,NAYARIT,ROSAMORADA,,,277,1044,685,0.6561302681992337,0.3438697318007663,MC,211,0.30802919708029197,80,0.11678832116788321,MORENA,131,0.19124087591240876,58,0.08467153284671533,PT,73,0.10656934306569343,MC,211,0.30802919708029197,80,0.11678832116788321,MORENA,131,0.19124087591240876,58,0.08467153284671533,PT,73,0.10656934306569343,31,0.04525547445255475,55,0.08029197080291971,11,0.016058394160583942,73,0.10656934306569343,11,0.016058394160583942,211,0.30802919708029197,131,0.19124087591240876,17,0.024817518248175182,19,0.027737226277372264,27,0.03941605839416058,3,0.004379562043795621,56,0.08175182481751825,4,0.00583941605839416,4,0.00583941605839416,1,0.00145985401459854,0,0.0,1,0.00145985401459854,1,0.00145985401459854,3,0.004379562043795621,4,0.00583941605839416,1,0.00145985401459854,0,0.0,1,0.00145985401459854,1,0.00145985401459854,1,0.00145985401459854,0,0.0,0,0.0,1,0.00145985401459854,0,0.0,17,0.024817518248175182,685,1.0,ORIGEN,SECCION,COMPLETO
287,18,NAYARIT,ROSAMORADA,,,278,543,391,0.7200736648250461,0.2799263351749539,MC,116,0.2966751918158568,37,0.09462915601023018,PRI,79,0.2020460358056266,24,0.061381074168797956,MORENA,55,0.14066496163682865,MC,116,0.2966751918158568,37,0.09462915601023018,PRI,79,0.2020460358056266,24,0.061381074168797956,MORENA,55,0.14066496163682865,10,0.02557544757033248,79,0.2020460358056266,4,0.010230179028132993,54,0.13810741687979539,5,0.01278772378516624,116,0.2966751918158568,55,0.14066496163682865,2,0.005115089514066497,6,0.015345268542199489,8,0.020460358056265986,2,0.005115089514066497,21,0.05370843989769821,0,0.0,3,0.0076726342710997444,0,0.0,0,0.0,0,0.0,3,0.0076726342710997444,1,0.0025575447570332483,0,0.0,1,0.0025575447570332483,2,0.005115089514066497,0,0.0,1,0.0025575447570332483,1,0.0025575447570332483,1,0.0025575447570332483,0,0.0,0,0.0,0,0.0,16,0.04092071611253197,391,1.0,ORIGEN,SECCION,COMPLETO
288,18,NAYARIT,ROSAMORADA,,,279,201,170,0.845771144278607,0.154228855721393,MC,63,0.37058823529411766,39,0.22941176470588234,MORENA,24,0.1411764705882353,2,0.011764705882352941,PT,22,0.12941176470588237,MC,63,0.37058823529411766,39,0.22941176470588234,MORENA,24,0.1411764705882353,2,0.011764705882352941,PT,22,0.12941176470588237,8,0.047058823529411764,18,0.10588235294117647,0,0.0,22,0.12941176470588237,2,0.011764705882352941,63,0.37058823529411766,24,0.1411764705882353,5,0.029411764705882353,3,0.01764705882352941,3,0.01764705882352941,1,0.0058823529411764705,14,0.08235294117647059,0,0.0,0,0.0,0,0.0,0,0.0,0,0.0,0,0.0,0,0.0,0,0.0,0,0.0,0,0.0,0,0.0,1,0.0058823529411764705,0,0.0,0,0.0,1,0.0058823529411764705,0,0.0,0,0.0,5,0.029411764705882353,170,1.0,ORIGEN,SECCION,COMPLETO
289,18,NAYARIT,ROSAMORADA,,,280,241,185,0.7676348547717843,0.23236514522821572,PT,41,0.22162162162162163,7,0.03783783783783784,MC,34,0.1837837837837838,3,0.016216216216216217,PRI,31,0.16756756756756758,PT,41,0.22162162162162163,7,0.03783783783783784,MC,34,0.1837837837837838,3,0.016216216216216217,PRI,31,0.16756756756756758,11,0.05945945945945946,31,0.16756756756756758,1,0.005405405405405406,41,0.22162162162162163,5,0.02702702702702703,34,0.1837837837837838,20,0.10810810810810811,0,0.0,3,0.016216216216216217,14,0.07567567567567568,2,0.010810810810810811,17,0.0918918918918919,0,0.0,1,0.005405405405405406,1,0.005405405405405406,0,0.0,0,0.0,0,0.0,0,0.0,0,0.0,0,0.0,0,0.0,0,0.0,0,0.0,0,0.0,1,0.005405405405405406,0,0.0,0,0.0,0,0.0,3,0.016216216216216217,185,1.0,ORIGEN,SECCION,COMPLETO
290,18,NAYARIT,ROSAMORADA,,,281,698,476,0.6819484240687679,0.3180515759312321,MC,99,0.20798319327731093,1,0.0021008403361344537,PT,98,0.20588235294117646,21,0.04411764705882353,MORENA,77,0.16176470588235295,MC,99,0.20798319327731093,1,0.0021008403361344537,PT,98,0.20588235294117646,21,0.04411764705882353,MORENA,77,0.16176470588235295,17,0.03571428571428571,60,0.12605042016806722,5,0.01050420168067227,98,0.20588235294117646,4,0.008403361344537815,99,0.20798319327731093,77,0.16176470588235295,2,0.004201680672268907,5,0.01050420168067227,35,0.07352941176470588,9,0.018907563025210083,37,0.07773109243697479,0,0.0,7,0.014705882352941176,0,0.0,0,0.0,0,0.0,3,0.0063025210084033615,3,0.0063025210084033615,0,0.0,1,0.0021008403361344537,0,0.0,1,0.0021008403361344537,1,0.0021008403361344537,0,0.0,1,0.0021008403361344537,0,0.0,0,0.0,0,0.0,11,0.023109243697478993,476,1.0,ORIGEN,SECCION,COMPLETO
291,18,NAYARIT,ROSAMORADA,,,282,541,369,0.6820702402957486,0.3179297597042514,MC,98,0.26558265582655827,26,0.07046070460704607,MORENA,72,0.1951219512195122,16,0.04336043360433604,PRI,56,0.15176151761517614,MC,98,0.26558265582655827,26,0.07046070460704607,MORENA,72,0.1951219512195122,16,0.04336043360433604,PRI,56,0.15176151761517614,5,0.013550135501355014,56,0.15176151761517614,1,0.0027100271002710027,49,0.13279132791327913,6,0.016260162601626018,98,0.26558265582655827,72,0.1951219512195122,4,0.01084010840108401,10,0.02710027100271003,26,0.07046070460704607,3,0.008130081300813009,21,0.056910569105691054,0,0.0,0,0.0,1,0.0027100271002710027,0,0.0,0,0.0,4,0.01084010840108401,1,0.0027100271002710027,1,0.0027100271002710027,2,0.005420054200542005,0,0.0,0,0.0,1,0.0027100271002710027,0,0.0,0,0.0,0,0.0,1,0.0027100271002710027,0,0.0,7,0.018970189701897018,369,1.0,ORIGEN,SECCION,COMPLETO
292,18,NAYARIT,ROSAMORADA,,,283,664,368,0.5542168674698795,0.4457831325301205,MC,90,0.24456521739130435,6,0.016304347826086956,PT,84,0.22826086956521738,16,0.043478260869565216,MORENA,68,0.18478260869565216,MC,90,0.24456521739130435,6,0.016304347826086956,PT,84,0.22826086956521738,16,0.043478260869565216,MORENA,68,0.18478260869565216,11,0.029891304347826088,62,0.16847826086956522,2,0.005434782608695652,84,0.22826086956521738,5,0.01358695652173913,90,0.24456521739130435,68,0.18478260869565216,9,0.024456521739130436,0,0.0,5,0.01358695652173913,5,0.01358695652173913,14,0.03804347826086957,1,0.002717391304347826,4,0.010869565217391304,0,0.0,0,0.0,0,0.0,2,0.005434782608695652,0,0.0,0,0.0,1,0.002717391304347826,0,0.0,0,0.0,1,0.002717391304347826,0,0.0,0,0.0,0,0.0,0,0.0,0,0.0,4,0.010869565217391304,368,1.0,ORIGEN,SECCION,COMPLETO
293,18,NAYARIT,ROSAMORADA,,,284,195,123,0.6307692307692307,0.36923076923076925,MORENA,51,0.4146341463414634,38,0.3089430894308943,MC,13,0.10569105691056911,1,0.008130081300813009,PT,12,0.0975609756097561,MORENA,51,0.4146341463414634,38,0.3089430894308943,MC,13,0.10569105691056911,1,0.008130081300813009,PT,12,0.0975609756097561,10,0.08130081300813008,11,0.08943089430894309,0,0.0,12,0.0975609756097561,3,0.024390243902439025,13,0.10569105691056911,51,0.4146341463414634,6,0.04878048780487805,1,0.008130081300813009,3,0.024390243902439025,1,0.008130081300813009,4,0.032520325203252036,0,0.0,1,0.008130081300813009,0,0.0,0,0.0,0,0.0,1,0.008130081300813009,0,0.0,0,0.0,0,0.0,0,0.0,0,0.0,0,0.0,0,0.0,0,0.0,0,0.0,1,0.008130081300813009,0,0.0,5,0.04065040650406504,123,1.0,ORIGEN,SECCION,COMPLETO
294,18,NAYARIT,ROSAMORADA,,,285,462,281,0.6082251082251082,0.3917748917748918,MORENA,85,0.302491103202847,35,0.12455516014234876,PT,50,0.17793594306049823,1,0.0035587188612099642,MC,49,0.17437722419928825,MORENA,85,0.302491103202847,35,0.12455516014234876,PT,50,0.17793594306049823,1,0.0035587188612099642,MC,49,0.17437722419928825,11,0.03914590747330961,29,0.10320284697508897,0,0.0,50,0.17793594306049823,16,0.05693950177935943,49,0.17437722419928825,85,0.302491103202847,13,0.046263345195729534,0,0.0,2,0.0071174377224199285,6,0.021352313167259787,9,0.03202846975088968,0,0.0,0,0.0,0,0.0,0,0.0,0,0.0,3,0.010676156583629894,0,0.0,0,0.0,0,0.0,0,0.0,0,0.0,2,0.0071174377224199285,0,0.0,4,0.014234875444839857,0,0.0,2,0.0071174377224199285,0,0.0,0,0.0,281,1.0,ORIGEN,SECCION,COMPLETO
295,18,NAYARIT,ROSAMORADA,,,286,872,568,0.6513761467889908,0.3486238532110092,PRI,117,0.20598591549295775,17,0.02992957746478873,PT,100,0.176056338028169,6,0.01056338028169014,MORENA,94,0.16549295774647887,PRI,117,0.20598591549295775,17,0.02992957746478873,PT,100,0.176056338028169,6,0.01056338028169014,MORENA,94,0.16549295774647887,21,0.03697183098591549,117,0.20598591549295775,7,0.01232394366197183,100,0.176056338028169,23,0.040492957746478875,60,0.1056338028169014,94,0.16549295774647887,20,0.035211267605633804,0,0.0,6,0.01056338028169014,4,0.007042253521126761,70,0.12323943661971831,2,0.0035211267605633804,4,0.007042253521126761,2,0.0035211267605633804,0,0.0,0,0.0,10,0.017605633802816902,0,0.0,2,0.0035211267605633804,1,0.0017605633802816902,0,0.0,1,0.0017605633802816902,2,0.0035211267605633804,2,0.0035211267605633804,1,0.0017605633802816902,0,0.0,1,0.0017605633802816902,0,0.0,18,0.03169014084507042,568,1.0,ORIGEN,SECCION,COMPLETO
296,18,NAYARIT,ROSAMORADA,,,287,482,386,0.8008298755186722,0.19917012448132776,PRI,101,0.2616580310880829,6,0.015544041450777202,MORENA,95,0.24611398963730569,35,0.09067357512953368,PT,60,0.15544041450777202,PRI,101,0.2616580310880829,6,0.015544041450777202,MORENA,95,0.24611398963730569,35,0.09067357512953368,PT,60,0.15544041450777202,13,0.03367875647668394,101,0.2616580310880829,1,0.0025906735751295338,60,0.15544041450777202,6,0.015544041450777202,59,0.15284974093264247,95,0.24611398963730569,11,0.02849740932642487,2,0.0051813471502590676,0,0.0,1,0.0025906735751295338,14,0.03626943005181347,1,0.0025906735751295338,3,0.007772020725388601,1,0.0025906735751295338,0,0.0,0,0.0,1,0.0025906735751295338,2,0.0051813471502590676,1,0.0025906735751295338,0,0.0,1,0.0025906735751295338,0,0.0,1,0.0025906735751295338,1,0.0025906735751295338,1,0.0025906735751295338,1,0.0025906735751295338,1,0.0025906735751295338,0,0.0,8,0.02072538860103627,386,1.0,ORIGEN,SECCION,COMPLETO
297,18,NAYARIT,ROSAMORADA,,,288,853,626,0.7338804220398594,0.26611957796014063,MORENA,186,0.2971246006389776,97,0.15495207667731628,MC,89,0.14217252396166133,3,0.004792332268370607,PT,86,0.13738019169329074,MORENA,186,0.2971246006389776,97,0.15495207667731628,MC,89,0.14217252396166133,3,0.004792332268370607,PT,86,0.13738019169329074,62,0.09904153354632587,72,0.11501597444089456,6,0.009584664536741214,86,0.13738019169329074,11,0.01757188498402556,89,0.14217252396166133,186,0.2971246006389776,12,0.019169329073482427,8,0.012779552715654952,2,0.003194888178913738,9,0.01437699680511182,44,0.07028753993610223,2,0.003194888178913738,2,0.003194888178913738,0,0.0,0,0.0,0,0.0,4,0.006389776357827476,0,0.0,0,0.0,1,0.001597444089456869,1,0.001597444089456869,2,0.003194888178913738,1,0.001597444089456869,1,0.001597444089456869,0,0.0,0,0.0,0,0.0,0,0.0,25,0.039936102236421724,626,1.0,ORIGEN,SECCION,COMPLETO
298,18,NAYARIT,ROSAMORADA,,,289,834,582,0.697841726618705,0.302158273381295,MC,163,0.2800687285223368,28,0.048109965635738834,MORENA,135,0.23195876288659795,47,0.08075601374570447,PRI,88,0.15120274914089346,MC,163,0.2800687285223368,28,0.048109965635738834,MORENA,135,0.23195876288659795,47,0.08075601374570447,PRI,88,0.15120274914089346,22,0.037800687285223365,88,0.15120274914089346,3,0.005154639175257732,28,0.048109965635738834,11,0.018900343642611683,163,0.2800687285223368,135,0.23195876288659795,31,0.05326460481099656,7,0.012027491408934709,18,0.030927835051546393,7,0.012027491408934709,52,0.08934707903780069,0,0.0,2,0.003436426116838488,0,0.0,0,0.0,1,0.001718213058419244,4,0.006872852233676976,0,0.0,0,0.0,1,0.001718213058419244,0,0.0,1,0.001718213058419244,2,0.003436426116838488,0,0.0,2,0.003436426116838488,1,0.001718213058419244,1,0.001718213058419244,0,0.0,2,0.003436426116838488,582,1.0,ORIGEN,SECCION,COMPLETO
299,18,NAYARIT,ROSAMORADA,,,290,715,434,0.606993006993007,0.39300699300699304,PRI,117,0.2695852534562212,37,0.08525345622119816,PT,80,0.18433179723502305,5,0.01152073732718894,MORENA,75,0.1728110599078341,PRI,117,0.2695852534562212,37,0.08525345622119816,PT,80,0.18433179723502305,5,0.01152073732718894,MORENA,75,0.1728110599078341,17,0.03917050691244239,117,0.2695852534562212,3,0.0069124423963133645,80,0.18433179723502305,8,0.018433179723502304,67,0.1543778801843318,75,0.1728110599078341,7,0.016129032258064516,2,0.004608294930875576,26,0.059907834101382486,5,0.01152073732718894,8,0.018433179723502304,1,0.002304147465437788,2,0.004608294930875576,2,0.004608294930875576,0,0.0,0,0.0,2,0.004608294930875576,0,0.0,0,0.0,1,0.002304147465437788,0,0.0,1,0.002304147465437788,1,0.002304147465437788,1,0.002304147465437788,0,0.0,0,0.0,0,0.0,0,0.0,8,0.018433179723502304,434,1.0,ORIGEN,SECCION,COMPLETO
300,18,NAYARIT,ROSAMORADA,,,291,1124,727,0.646797153024911,0.35320284697508897,PRI,242,0.3328748280605227,65,0.08940852819807428,MORENA,177,0.24346629986244842,65,0.08940852819807428,MC,112,0.15405777166437415,PRI,242,0.3328748280605227,65,0.08940852819807428,MORENA,177,0.24346629986244842,65,0.08940852819807428,MC,112,0.15405777166437415,20,0.027510316368638238,242,0.3328748280605227,8,0.011004126547455296,41,0.05639614855570839,16,0.02200825309491059,112,0.15405777166437415,177,0.24346629986244842,9,0.012379642365887207,8,0.011004126547455296,2,0.002751031636863824,14,0.01925722145804677,19,0.026134800550206328,0,0.0,7,0.009628610729023384,3,0.0041265474552957355,0,0.0,0,0.0,4,0.005502063273727648,1,0.001375515818431912,0,0.0,4,0.005502063273727648,2,0.002751031636863824,1,0.001375515818431912,0,0.0,0,0.0,0,0.0,2,0.002751031636863824,1,0.001375515818431912,0,0.0,34,0.04676753782668501,727,1.0,ORIGEN,SECCION,COMPLETO
301,18,NAYARIT,ROSAMORADA,,,292,522,238,0.4559386973180077,0.5440613026819923,MC,49,0.20588235294117646,2,0.008403361344537815,PRI,47,0.19747899159663865,3,0.012605042016806723,MORENA,44,0.18487394957983194,MC,49,0.20588235294117646,2,0.008403361344537815,PRI,47,0.19747899159663865,3,0.012605042016806723,MORENA,44,0.18487394957983194,10,0.04201680672268908,47,0.19747899159663865,10,0.04201680672268908,24,0.10084033613445378,30,0.12605042016806722,49,0.20588235294117646,44,0.18487394957983194,2,0.008403361344537815,0,0.0,0,0.0,4,0.01680672268907563,4,0.01680672268907563,0,0.0,4,0.01680672268907563,0,0.0,0,0.0,0,0.0,2,0.008403361344537815,0,0.0,0,0.0,0,0.0,0,0.0,0,0.0,0,0.0,0,0.0,4,0.01680672268907563,0,0.0,0,0.0,0,0.0,4,0.01680672268907563,238,1.0,ORIGEN,SECCION,COMPLETO
302,18,NAYARIT,ROSAMORADA,,,293,257,173,0.6731517509727627,0.3268482490272373,MORENA,62,0.3583815028901734,28,0.16184971098265896,PRI,34,0.19653179190751446,11,0.06358381502890173,MC,23,0.1329479768786127,MORENA,62,0.3583815028901734,28,0.16184971098265896,PRI,34,0.19653179190751446,11,0.06358381502890173,MC,23,0.1329479768786127,3,0.017341040462427744,34,0.19653179190751446,1,0.005780346820809248,17,0.09826589595375723,3,0.017341040462427744,23,0.1329479768786127,62,0.3583815028901734,3,0.017341040462427744,0,0.0,2,0.011560693641618497,2,0.011560693641618497,5,0.028901734104046242,2,0.011560693641618497,2,0.011560693641618497,0,0.0,0,0.0,0,0.0,3,0.017341040462427744,1,0.005780346820809248,0,0.0,0,0.0,0,0.0,0,0.0,0,0.0,1,0.005780346820809248,0,0.0,0,0.0,0,0.0,0,0.0,9,0.05202312138728324,173,1.0,ORIGEN,SECCION,COMPLETO
303,18,NAYARIT,ROSAMORADA,,,294,159,106,0.6666666666666666,0.33333333333333337,PRI,28,0.2641509433962264,3,0.02830188679245283,MORENA,25,0.2358490566037736,2,0.018867924528301886,MC,23,0.2169811320754717,PRI,28,0.2641509433962264,3,0.02830188679245283,MORENA,25,0.2358490566037736,2,0.018867924528301886,MC,23,0.2169811320754717,1,0.009433962264150943,28,0.2641509433962264,1,0.009433962264150943,14,0.1320754716981132,1,0.009433962264150943,23,0.2169811320754717,25,0.2358490566037736,4,0.03773584905660377,0,0.0,1,0.009433962264150943,1,0.009433962264150943,0,0.0,0,0.0,1,0.009433962264150943,0,0.0,0,0.0,0,0.0,1,0.009433962264150943,0,0.0,0,0.0,0,0.0,0,0.0,0,0.0,0,0.0,0,0.0,0,0.0,0,0.0,0,0.0,0,0.0,5,0.04716981132075472,106,1.0,ORIGEN,SECCION,COMPLETO
304,18,NAYARIT,ROSAMORADA,,,295,771,480,0.622568093385214,0.377431906614786,MC,139,0.28958333333333336,8,0.016666666666666666,PRI,131,0.27291666666666664,12,0.025,MORENA,119,0.24791666666666667,MC,139,0.28958333333333336,8,0.016666666666666666,PRI,131,0.27291666666666664,12,0.025,MORENA,119,0.24791666666666667,13,0.027083333333333334,131,0.27291666666666664,3,0.00625,21,0.04375,8,0.016666666666666666,139,0.28958333333333336,119,0.24791666666666667,7,0.014583333333333334,1,0.0020833333333333333,2,0.004166666666666667,10,0.020833333333333332,4,0.008333333333333333,2,0.004166666666666667,3,0.00625,0,0.0,0,0.0,0,0.0,0,0.0,2,0.004166666666666667,0,0.0,0,0.0,0,0.0,0,0.0,0,0.0,0,0.0,0,0.0,0,0.0,0,0.0,0,0.0,15,0.03125,480,1.0,ORIGEN,SECCION,COMPLETO
305,18,NAYARIT,ROSAMORADA,,,296,556,373,0.670863309352518,0.32913669064748197,MORENA,116,0.3109919571045576,22,0.058981233243967826,MC,94,0.2520107238605898,25,0.06702412868632708,PRI,69,0.18498659517426275,MORENA,116,0.3109919571045576,22,0.058981233243967826,MC,94,0.2520107238605898,25,0.06702412868632708,PRI,69,0.18498659517426275,4,0.010723860589812333,69,0.18498659517426275,1,0.002680965147453083,31,0.08310991957104558,10,0.02680965147453083,94,0.2520107238605898,116,0.3109919571045576,15,0.040214477211796246,0,0.0,5,0.013404825737265416,0,0.0,0,0.0,0,0.0,2,0.005361930294906166,0,0.0,0,0.0,0,0.0,5,0.013404825737265416,2,0.005361930294906166,1,0.002680965147453083,3,0.00804289544235925,3,0.00804289544235925,0,0.0,0,0.0,0,0.0,1,0.002680965147453083,0,0.0,3,0.00804289544235925,0,0.0,8,0.021447721179624665,373,1.0,ORIGEN,SECCION,COMPLETO
306,18,NAYARIT,ROSAMORADA,,,297,443,312,0.7042889390519187,0.2957110609480813,PRI,69,0.22115384615384615,4,0.01282051282051282,MORENA,65,0.20833333333333334,3,0.009615384615384616,MC,62,0.1987179487179487,PRI,69,0.22115384615384615,4,0.01282051282051282,MORENA,65,0.20833333333333334,3,0.009615384615384616,MC,62,0.1987179487179487,18,0.057692307692307696,69,0.22115384615384615,1,0.003205128205128205,37,0.11858974358974358,11,0.035256410256410256,62,0.1987179487179487,65,0.20833333333333334,6,0.019230769230769232,1,0.003205128205128205,2,0.00641025641025641,3,0.009615384615384616,15,0.04807692307692308,0,0.0,0,0.0,0,0.0,0,0.0,2,0.00641025641025641,3,0.009615384615384616,3,0.009615384615384616,0,0.0,1,0.003205128205128205,0,0.0,0,0.0,0,0.0,1,0.003205128205128205,1,0.003205128205128205,0,0.0,0,0.0,0,0.0,11,0.035256410256410256,312,1.0,ORIGEN,SECCION,COMPLETO
307,18,NAYARIT,ROSAMORADA,,,298,542,360,0.6642066420664207,0.33579335793357934,MORENA,77,0.21388888888888888,9,0.025,MC,68,0.18888888888888888,7,0.019444444444444445,PT,61,0.16944444444444445,MORENA,77,0.21388888888888888,9,0.025,MC,68,0.18888888888888888,7,0.019444444444444445,PT,61,0.16944444444444445,23,0.06388888888888888,50,0.1388888888888889,1,0.002777777777777778,61,0.16944444444444445,16,0.044444444444444446,68,0.18888888888888888,77,0.21388888888888888,14,0.03888888888888889,9,0.025,10,0.027777777777777776,1,0.002777777777777778,4,0.011111111111111112,0,0.0,4,0.011111111111111112,2,0.005555555555555556,0,0.0,0,0.0,2,0.005555555555555556,3,0.008333333333333333,0,0.0,0,0.0,3,0.008333333333333333,0,0.0,0,0.0,0,0.0,3,0.008333333333333333,0,0.0,0,0.0,0,0.0,9,0.025,360,1.0,ORIGEN,SECCION,COMPLETO
308,18,NAYARIT,ROSAMORADA,,,299,522,370,0.7088122605363985,0.29118773946360155,MORENA,84,0.22702702702702704,8,0.021621621621621623,MC,76,0.20540540540540542,11,0.02972972972972973,PT,65,0.17567567567567569,MORENA,84,0.22702702702702704,8,0.021621621621621623,MC,76,0.20540540540540542,11,0.02972972972972973,PT,65,0.17567567567567569,25,0.06756756756756757,50,0.13513513513513514,1,0.002702702702702703,65,0.17567567567567569,11,0.02972972972972973,76,0.20540540540540542,84,0.22702702702702704,7,0.01891891891891892,1,0.002702702702702703,11,0.02972972972972973,2,0.005405405405405406,4,0.010810810810810811,1,0.002702702702702703,1,0.002702702702702703,3,0.008108108108108109,2,0.005405405405405406,0,0.0,6,0.016216216216216217,2,0.005405405405405406,0,0.0,0,0.0,0,0.0,0,0.0,1,0.002702702702702703,0,0.0,1,0.002702702702702703,1,0.002702702702702703,1,0.002702702702702703,0,0.0,14,0.03783783783783784,370,1.0,ORIGEN,SECCION,COMPLETO
309,18,NAYARIT,ROSAMORADA,,,300,600,397,0.6616666666666666,0.3383333333333334,MORENA,122,0.30730478589420657,55,0.1385390428211587,PT,67,0.16876574307304787,8,0.020151133501259445,MC,59,0.1486146095717884,MORENA,122,0.30730478589420657,55,0.1385390428211587,PT,67,0.16876574307304787,8,0.020151133501259445,MC,59,0.1486146095717884,31,0.07808564231738035,55,0.1385390428211587,1,0.0025188916876574307,67,0.16876574307304787,13,0.0327455919395466,59,0.1486146095717884,122,0.30730478589420657,5,0.012594458438287154,3,0.007556675062972292,8,0.020151133501259445,2,0.005037783375314861,6,0.015113350125944584,1,0.0025188916876574307,4,0.010075566750629723,0,0.0,0,0.0,0,0.0,5,0.012594458438287154,0,0.0,0,0.0,2,0.005037783375314861,1,0.0025188916876574307,1,0.0025188916876574307,1,0.0025188916876574307,1,0.0025188916876574307,1,0.0025188916876574307,0,0.0,0,0.0,0,0.0,8,0.020151133501259445,397,1.0,ORIGEN,SECCION,COMPLETO
310,18,NAYARIT,ROSAMORADA,,,301,1037,646,0.6229508196721312,0.3770491803278688,MORENA,275,0.42569659442724456,161,0.24922600619195046,MC,114,0.17647058823529413,49,0.07585139318885449,PRI,65,0.10061919504643962,MORENA,275,0.42569659442724456,161,0.24922600619195046,MC,114,0.17647058823529413,49,0.07585139318885449,PRI,65,0.10061919504643962,17,0.02631578947368421,65,0.10061919504643962,11,0.017027863777089782,58,0.08978328173374613,15,0.02321981424148607,114,0.17647058823529413,275,0.42569659442724456,20,0.030959752321981424,2,0.0030959752321981426,4,0.006191950464396285,5,0.007739938080495356,6,0.009287925696594427,0,0.0,8,0.01238390092879257,2,0.0030959752321981426,0,0.0,0,0.0,15,0.02321981424148607,1,0.0015479876160990713,0,0.0,1,0.0015479876160990713,4,0.006191950464396285,1,0.0015479876160990713,3,0.0046439628482972135,0,0.0,0,0.0,0,0.0,2,0.0030959752321981426,0,0.0,17,0.02631578947368421,646,1.0,ORIGEN,SECCION,COMPLETO
311,18,NAYARIT,ROSAMORADA,,,302,729,514,0.7050754458161865,0.29492455418381347,MC,170,0.33073929961089493,62,0.12062256809338522,MORENA,108,0.21011673151750973,35,0.06809338521400778,PRI,73,0.14202334630350194,MC,170,0.33073929961089493,62,0.12062256809338522,MORENA,108,0.21011673151750973,35,0.06809338521400778,PRI,73,0.14202334630350194,24,0.04669260700389105,73,0.14202334630350194,30,0.058365758754863814,42,0.08171206225680934,14,0.027237354085603113,170,0.33073929961089493,108,0.21011673151750973,12,0.023346303501945526,0,0.0,2,0.0038910505836575876,0,0.0,9,0.017509727626459144,0,0.0,7,0.013618677042801557,0,0.0,0,0.0,0,0.0,4,0.007782101167315175,0,0.0,1,0.0019455252918287938,0,0.0,1,0.0019455252918287938,1,0.0019455252918287938,0,0.0,0,0.0,0,0.0,0,0.0,0,0.0,0,0.0,16,0.0311284046692607,514,1.0,ORIGEN,SECCION,COMPLETO
312,18,NAYARIT,ROSAMORADA,,,303,445,322,0.7235955056179775,0.2764044943820225,MC,105,0.32608695652173914,35,0.10869565217391304,MORENA,70,0.21739130434782608,17,0.052795031055900624,PRI,53,0.16459627329192547,MC,105,0.32608695652173914,35,0.10869565217391304,MORENA,70,0.21739130434782608,17,0.052795031055900624,PRI,53,0.16459627329192547,7,0.021739130434782608,53,0.16459627329192547,9,0.027950310559006212,33,0.10248447204968944,7,0.021739130434782608,105,0.32608695652173914,70,0.21739130434782608,8,0.024844720496894408,0,0.0,1,0.003105590062111801,2,0.006211180124223602,6,0.018633540372670808,2,0.006211180124223602,3,0.009316770186335404,0,0.0,0,0.0,0,0.0,0,0.0,3,0.009316770186335404,0,0.0,0,0.0,4,0.012422360248447204,0,0.0,0,0.0,0,0.0,2,0.006211180124223602,0,0.0,0,0.0,0,0.0,7,0.021739130434782608,322,1.0,ORIGEN,SECCION,COMPLETO
313,18,NAYARIT,ROSAMORADA,,,304,587,419,0.7137989778534923,0.28620102214650767,MC,137,0.3269689737470167,64,0.15274463007159905,MORENA,73,0.17422434367541767,17,0.0405727923627685,PRI,56,0.13365155131264916,MC,137,0.3269689737470167,64,0.15274463007159905,MORENA,73,0.17422434367541767,17,0.0405727923627685,PRI,56,0.13365155131264916,19,0.045346062052505964,56,0.13365155131264916,23,0.05489260143198091,34,0.081145584725537,17,0.0405727923627685,137,0.3269689737470167,73,0.17422434367541767,17,0.0405727923627685,1,0.002386634844868735,4,0.00954653937947494,5,0.011933174224343675,7,0.016706443914081145,0,0.0,1,0.002386634844868735,0,0.0,1,0.002386634844868735,0,0.0,3,0.007159904534606206,1,0.002386634844868735,1,0.002386634844868735,1,0.002386634844868735,0,0.0,2,0.00477326968973747,1,0.002386634844868735,0,0.0,2,0.00477326968973747,0,0.0,0,0.0,0,0.0,13,0.031026252983293555,419,1.0,ORIGEN,SECCION,COMPLETO
314,18,NAYARIT,ROSAMORADA,,,305,463,331,0.714902807775378,0.28509719222462204,MORENA,95,0.28700906344410876,18,0.054380664652567974,RSP,77,0.2326283987915408,36,0.10876132930513595,PT,41,0.12386706948640483,MORENA,95,0.28700906344410876,18,0.054380664652567974,RSP,77,0.2326283987915408,36,0.10876132930513595,PT,41,0.12386706948640483,3,0.00906344410876133,28,0.08459214501510574,0,0.0,41,0.12386706948640483,35,0.10574018126888217,18,0.054380664652567974,95,0.28700906344410876,7,0.021148036253776436,0,0.0,1,0.0030211480362537764,0,0.0,77,0.2326283987915408,0,0.0,4,0.012084592145015106,1,0.0030211480362537764,0,0.0,1,0.0030211480362537764,3,0.00906344410876133,1,0.0030211480362537764,0,0.0,0,0.0,1,0.0030211480362537764,1,0.0030211480362537764,1,0.0030211480362537764,0,0.0,3,0.00906344410876133,0,0.0,1,0.0030211480362537764,0,0.0,9,0.027190332326283987,331,1.0,ORIGEN,SECCION,COMPLETO
315,18,NAYARIT,ROSAMORADA,,,306,866,599,0.6916859122401847,0.3083140877598153,MORENA,158,0.2637729549248748,50,0.08347245409015025,RSP,108,0.18030050083472454,29,0.048414023372287146,PT,79,0.1318864774624374,MORENA,158,0.2637729549248748,50,0.08347245409015025,RSP,108,0.18030050083472454,29,0.048414023372287146,PT,79,0.1318864774624374,4,0.00667779632721202,62,0.10350584307178631,5,0.008347245409015025,79,0.1318864774624374,55,0.09181969949916527,61,0.1018363939899833,158,0.2637729549248748,13,0.021702838063439065,0,0.0,2,0.00333889816360601,2,0.00333889816360601,108,0.18030050083472454,0,0.0,4,0.00667779632721202,0,0.0,0,0.0,0,0.0,14,0.02337228714524207,3,0.005008347245409015,0,0.0,3,0.005008347245409015,1,0.001669449081803005,4,0.00667779632721202,3,0.005008347245409015,3,0.005008347245409015,3,0.005008347245409015,0,0.0,2,0.00333889816360601,0,0.0,10,0.01669449081803005,599,1.0,ORIGEN,SECCION,COMPLETO
316,18,NAYARIT,ROSAMORADA,,,307,520,332,0.6384615384615384,0.3615384615384616,MC,91,0.2740963855421687,11,0.03313253012048193,MORENA,80,0.24096385542168675,16,0.04819277108433735,PT,64,0.1927710843373494,MC,91,0.2740963855421687,11,0.03313253012048193,MORENA,80,0.24096385542168675,16,0.04819277108433735,PT,64,0.1927710843373494,12,0.03614457831325301,21,0.06325301204819277,7,0.02108433734939759,64,0.1927710843373494,24,0.07228915662650602,91,0.2740963855421687,80,0.24096385542168675,3,0.009036144578313253,1,0.0030120481927710845,2,0.006024096385542169,2,0.006024096385542169,11,0.03313253012048193,0,0.0,3,0.009036144578313253,0,0.0,0,0.0,0,0.0,1,0.0030120481927710845,0,0.0,0,0.0,0,0.0,0,0.0,1,0.0030120481927710845,2,0.006024096385542169,0,0.0,1,0.0030120481927710845,0,0.0,0,0.0,0,0.0,6,0.018072289156626505,332,1.0,ORIGEN,SECCION,COMPLETO
317,18,NAYARIT,ROSAMORADA,,,308,441,335,0.7596371882086168,0.2403628117913832,MC,95,0.2835820895522388,13,0.03880597014925373,MORENA,82,0.24477611940298508,51,0.15223880597014924,PRI,31,0.09253731343283582,MC,95,0.2835820895522388,13,0.03880597014925373,MORENA,82,0.24477611940298508,51,0.15223880597014924,PRI,31,0.09253731343283582,2,0.005970149253731343,31,0.09253731343283582,7,0.020895522388059702,28,0.08358208955223881,24,0.07164179104477612,95,0.2835820895522388,82,0.24477611940298508,30,0.08955223880597014,0,0.0,2,0.005970149253731343,0,0.0,15,0.04477611940298507,0,0.0,0,0.0,0,0.0,0,0.0,0,0.0,5,0.014925373134328358,3,0.008955223880597015,0,0.0,0,0.0,0,0.0,1,0.0029850746268656717,1,0.0029850746268656717,0,0.0,0,0.0,2,0.005970149253731343,2,0.005970149253731343,0,0.0,5,0.014925373134328358,335,1.0,ORIGEN,SECCION,COMPLETO
318,18,NAYARIT,ROSAMORADA,,,309,691,411,0.5947901591895803,0.40520984081041966,MORENA,117,0.2846715328467153,13,0.031630170316301706,MC,104,0.25304136253041365,43,0.10462287104622871,PT,61,0.14841849148418493,MORENA,117,0.2846715328467153,13,0.031630170316301706,MC,104,0.25304136253041365,43,0.10462287104622871,PT,61,0.14841849148418493,18,0.043795620437956206,21,0.051094890510948905,4,0.009732360097323601,61,0.14841849148418493,6,0.014598540145985401,104,0.25304136253041365,117,0.2846715328467153,4,0.009732360097323601,2,0.004866180048661801,21,0.051094890510948905,3,0.0072992700729927005,37,0.09002433090024331,1,0.0024330900243309003,0,0.0,1,0.0024330900243309003,0,0.0,0,0.0,0,0.0,0,0.0,0,0.0,0,0.0,0,0.0,0,0.0,1,0.0024330900243309003,0,0.0,0,0.0,0,0.0,0,0.0,0,0.0,10,0.024330900243309004,411,1.0,ORIGEN,SECCION,COMPLETO
319,18,NAYARIT,ROSAMORADA,,,310,1200,738,0.615,0.385,MC,272,0.3685636856368564,139,0.18834688346883469,MORENA,133,0.1802168021680217,56,0.07588075880758807,PT,77,0.1043360433604336,MC,272,0.3685636856368564,139,0.18834688346883469,MORENA,133,0.1802168021680217,56,0.07588075880758807,PT,77,0.1043360433604336,44,0.05962059620596206,72,0.0975609756097561,35,0.04742547425474255,77,0.1043360433604336,10,0.013550135501355014,272,0.3685636856368564,133,0.1802168021680217,7,0.009485094850948509,1,0.0013550135501355014,15,0.02032520325203252,4,0.005420054200542005,34,0.04607046070460705,1,0.0013550135501355014,5,0.006775067750677507,0,0.0,0,0.0,0,0.0,8,0.01084010840108401,2,0.0027100271002710027,0,0.0,2,0.0027100271002710027,2,0.0027100271002710027,1,0.0013550135501355014,2,0.0027100271002710027,0,0.0,1,0.0013550135501355014,1,0.0013550135501355014,0,0.0,0,0.0,9,0.012195121951219513,738,1.0,ORIGEN,SECCION,COMPLETO
320,18,NAYARIT,ROSAMORADA,,,311,1455,918,0.6309278350515464,0.36907216494845363,MC,274,0.2984749455337691,86,0.09368191721132897,MORENA,188,0.2047930283224401,63,0.06862745098039216,PRI,125,0.13616557734204793,MC,274,0.2984749455337691,86,0.09368191721132897,MORENA,188,0.2047930283224401,63,0.06862745098039216,PRI,125,0.13616557734204793,91,0.09912854030501089,125,0.13616557734204793,22,0.023965141612200435,64,0.06971677559912855,14,0.015250544662309368,274,0.2984749455337691,188,0.2047930283224401,17,0.018518518518518517,3,0.0032679738562091504,24,0.026143790849673203,1,0.0010893246187363835,34,0.037037037037037035,0,0.0,13,0.014161220043572984,0,0.0,1,0.0010893246187363835,0,0.0,7,0.007625272331154684,6,0.006535947712418301,0,0.0,3,0.0032679738562091504,0,0.0,0,0.0,4,0.004357298474945534,2,0.002178649237472767,1,0.0010893246187363835,0,0.0,1,0.0010893246187363835,0,0.0,23,0.02505446623093682,918,1.0,ORIGEN,SECCION,COMPLETO
321,18,NAYARIT,ROSAMORADA,,,312,541,355,0.6561922365988909,0.3438077634011091,MC,121,0.3408450704225352,25,0.07042253521126761,MORENA,96,0.2704225352112676,67,0.18873239436619718,PRI,29,0.08169014084507042,MC,121,0.3408450704225352,25,0.07042253521126761,MORENA,96,0.2704225352112676,67,0.18873239436619718,PRI,29,0.08169014084507042,12,0.03380281690140845,29,0.08169014084507042,15,0.04225352112676056,27,0.07605633802816901,6,0.016901408450704224,121,0.3408450704225352,96,0.2704225352112676,12,0.03380281690140845,0,0.0,6,0.016901408450704224,0,0.0,16,0.04507042253521127,0,0.0,0,0.0,1,0.0028169014084507044,0,0.0,0,0.0,1,0.0028169014084507044,0,0.0,2,0.005633802816901409,1,0.0028169014084507044,2,0.005633802816901409,0,0.0,0,0.0,0,0.0,0,0.0,0,0.0,0,0.0,0,0.0,8,0.022535211267605635,355,1.0,ORIGEN,SECCION,COMPLETO
322,18,NAYARIT,ROSAMORADA,,,313,500,334,0.668,0.33199999999999996,MORENA,98,0.2934131736526946,11,0.03293413173652695,MC,87,0.26047904191616766,41,0.12275449101796407,PT,46,0.1377245508982036,MORENA,98,0.2934131736526946,11,0.03293413173652695,MC,87,0.26047904191616766,41,0.12275449101796407,PT,46,0.1377245508982036,19,0.05688622754491018,26,0.07784431137724551,10,0.029940119760479042,46,0.1377245508982036,2,0.005988023952095809,87,0.26047904191616766,98,0.2934131736526946,5,0.014970059880239521,0,0.0,9,0.02694610778443114,0,0.0,7,0.020958083832335328,1,0.0029940119760479044,3,0.008982035928143712,3,0.008982035928143712,2,0.005988023952095809,0,0.0,6,0.017964071856287425,0,0.0,0,0.0,1,0.0029940119760479044,0,0.0,0,0.0,2,0.005988023952095809,0,0.0,0,0.0,0,0.0,1,0.0029940119760479044,0,0.0,6,0.017964071856287425,334,1.0,ORIGEN,SECCION,COMPLETO
323,18,NAYARIT,ROSAMORADA,,,314,611,406,0.6644844517184942,0.33551554828150576,MORENA,141,0.3472906403940887,42,0.10344827586206896,MC,99,0.2438423645320197,13,0.03201970443349754,PRI,86,0.21182266009852216,MORENA,141,0.3472906403940887,42,0.10344827586206896,MC,99,0.2438423645320197,13,0.03201970443349754,PRI,86,0.21182266009852216,2,0.0049261083743842365,86,0.21182266009852216,1,0.0024630541871921183,12,0.029556650246305417,11,0.027093596059113302,99,0.2438423645320197,141,0.3472906403940887,9,0.022167487684729065,0,0.0,6,0.014778325123152709,1,0.0024630541871921183,9,0.022167487684729065,3,0.007389162561576354,4,0.009852216748768473,0,0.0,0,0.0,0,0.0,6,0.014778325123152709,1,0.0024630541871921183,0,0.0,1,0.0024630541871921183,1,0.0024630541871921183,0,0.0,1,0.0024630541871921183,0,0.0,0,0.0,0,0.0,0,0.0,0,0.0,12,0.029556650246305417,406,1.0,ORIGEN,SECCION,COMPLETO
324,18,NAYARIT,ROSAMORADA,,,315,734,429,0.5844686648501363,0.41553133514986373,MORENA,187,0.4358974358974359,92,0.21445221445221446,MC,95,0.22144522144522144,58,0.1351981351981352,PRI,37,0.08624708624708624,MORENA,187,0.4358974358974359,92,0.21445221445221446,MC,95,0.22144522144522144,58,0.1351981351981352,PRI,37,0.08624708624708624,7,0.016317016317016316,37,0.08624708624708624,2,0.004662004662004662,20,0.046620046620046623,11,0.02564102564102564,95,0.22144522144522144,187,0.4358974358974359,16,0.037296037296037296,1,0.002331002331002331,4,0.009324009324009324,5,0.011655011655011656,11,0.02564102564102564,5,0.011655011655011656,2,0.004662004662004662,0,0.0,0,0.0,0,0.0,5,0.011655011655011656,1,0.002331002331002331,0,0.0,0,0.0,1,0.002331002331002331,2,0.004662004662004662,1,0.002331002331002331,0,0.0,1,0.002331002331002331,1,0.002331002331002331,1,0.002331002331002331,0,0.0,13,0.030303030303030304,429,1.0,ORIGEN,SECCION,COMPLETO
325,18,NAYARIT,ROSAMORADA,,,316,396,228,0.5757575757575758,0.4242424242424242,MORENA,67,0.29385964912280704,3,0.013157894736842105,MC,64,0.2807017543859649,41,0.17982456140350878,PRI,23,0.10087719298245613,MORENA,67,0.29385964912280704,3,0.013157894736842105,MC,64,0.2807017543859649,41,0.17982456140350878,PRI,23,0.10087719298245613,10,0.043859649122807015,23,0.10087719298245613,2,0.008771929824561403,15,0.06578947368421052,4,0.017543859649122806,64,0.2807017543859649,67,0.29385964912280704,6,0.02631578947368421,1,0.0043859649122807015,2,0.008771929824561403,1,0.0043859649122807015,13,0.05701754385964912,3,0.013157894736842105,2,0.008771929824561403,1,0.0043859649122807015,0,0.0,0,0.0,1,0.0043859649122807015,1,0.0043859649122807015,0,0.0,0,0.0,1,0.0043859649122807015,1,0.0043859649122807015,0,0.0,0,0.0,0,0.0,1,0.0043859649122807015,1,0.0043859649122807015,0,0.0,8,0.03508771929824561,228,1.0,ORIGEN,SECCION,COMPLETO
326,18,NAYARIT,ROSAMORADA,,,317,421,256,0.6080760095011877,0.3919239904988123,PRI,61,0.23828125,2,0.0078125,MORENA,59,0.23046875,23,0.08984375,PT,36,0.140625,PRI,61,0.23828125,2,0.0078125,MORENA,59,0.23046875,23,0.08984375,PT,36,0.140625,4,0.015625,61,0.23828125,2,0.0078125,36,0.140625,10,0.0390625,31,0.12109375,59,0.23046875,19,0.07421875,0,0.0,3,0.01171875,1,0.00390625,1,0.00390625,6,0.0234375,3,0.01171875,1,0.00390625,0,0.0,0,0.0,3,0.01171875,1,0.00390625,0,0.0,0,0.0,0,0.0,0,0.0,1,0.00390625,0,0.0,1,0.00390625,1,0.00390625,2,0.0078125,0,0.0,10,0.0390625,256,1.0,ORIGEN,SECCION,COMPLETO
327,18,NAYARIT,ROSAMORADA,,,318,503,356,0.7077534791252486,0.29224652087475145,MORENA,115,0.32303370786516855,59,0.16573033707865167,PT,56,0.15730337078651685,11,0.03089887640449438,PRI,45,0.12640449438202248,MORENA,115,0.32303370786516855,59,0.16573033707865167,PT,56,0.15730337078651685,11,0.03089887640449438,PRI,45,0.12640449438202248,9,0.025280898876404494,45,0.12640449438202248,0,0.0,56,0.15730337078651685,14,0.03932584269662921,44,0.12359550561797752,115,0.32303370786516855,25,0.0702247191011236,0,0.0,2,0.0056179775280898875,13,0.03651685393258427,1,0.0028089887640449437,18,0.05056179775280899,1,0.0028089887640449437,0,0.0,0,0.0,0,0.0,2,0.0056179775280898875,1,0.0028089887640449437,1,0.0028089887640449437,0,0.0,0,0.0,0,0.0,2,0.0056179775280898875,1,0.0028089887640449437,0,0.0,0,0.0,1,0.0028089887640449437,0,0.0,5,0.014044943820224719,356,1.0,ORIGEN,SECCION,COMPLETO
328,18,NAYARIT,ROSAMORADA,,,319,311,182,0.5852090032154341,0.4147909967845659,MORENA,55,0.3021978021978022,17,0.09340659340659341,PRI,38,0.2087912087912088,8,0.04395604395604396,MC,30,0.16483516483516483,MORENA,55,0.3021978021978022,17,0.09340659340659341,PRI,38,0.2087912087912088,8,0.04395604395604396,MC,30,0.16483516483516483,4,0.02197802197802198,38,0.2087912087912088,1,0.005494505494505495,14,0.07692307692307693,7,0.038461538461538464,30,0.16483516483516483,55,0.3021978021978022,3,0.016483516483516484,1,0.005494505494505495,1,0.005494505494505495,5,0.027472527472527472,10,0.054945054945054944,0,0.0,2,0.01098901098901099,0,0.0,0,0.0,0,0.0,0,0.0,2,0.01098901098901099,0,0.0,0,0.0,0,0.0,2,0.01098901098901099,0,0.0,0,0.0,0,0.0,0,0.0,1,0.005494505494505495,0,0.0,6,0.03296703296703297,182,1.0,ORIGEN,SECCION,COMPLETO
329,18,NAYARIT,RUIZ,,,320,1711,879,0.5137346580946814,0.48626534190531856,MORENA,310,0.35267349260523323,52,0.05915813424345848,MC,258,0.2935153583617747,200,0.22753128555176336,PAN,58,0.06598407281001138,MORENA,310,0.35267349260523323,52,0.05915813424345848,MC,258,0.2935153583617747,200,0.22753128555176336,PAN,58,0.06598407281001138,58,0.06598407281001138,15,0.017064846416382253,12,0.013651877133105802,58,0.06598407281001138,18,0.020477815699658702,258,0.2935153583617747,310,0.35267349260523323,24,0.027303754266211604,4,0.004550625711035267,27,0.030716723549488054,5,0.005688282138794084,20,0.022753128555176336,1,0.0011376564277588168,7,0.007963594994311717,0,0.0,0,0.0,0,0.0,24,0.027303754266211604,6,0.006825938566552901,0,0.0,2,0.0022753128555176336,2,0.0022753128555176336,1,0.0011376564277588168,3,0.0034129692832764505,1,0.0011376564277588168,4,0.004550625711035267,0,0.0,1,0.0011376564277588168,0,0.0,18,0.020477815699658702,879,1.0,ORIGEN,SECCION,COMPLETO
330,18,NAYARIT,RUIZ,,,321,882,571,0.6473922902494331,0.3526077097505669,MC,204,0.3572679509632224,56,0.09807355516637478,MORENA,148,0.2591943957968476,83,0.14535901926444833,PAN,65,0.1138353765323993,MC,204,0.3572679509632224,56,0.09807355516637478,MORENA,148,0.2591943957968476,83,0.14535901926444833,PAN,65,0.1138353765323993,65,0.1138353765323993,21,0.03677758318739054,3,0.005253940455341506,25,0.043782837127845885,11,0.01926444833625219,204,0.3572679509632224,148,0.2591943957968476,14,0.024518388791593695,4,0.0070052539404553416,17,0.0297723292469352,5,0.008756567425569177,17,0.0297723292469352,1,0.0017513134851138354,4,0.0070052539404553416,2,0.0035026269702276708,0,0.0,0,0.0,4,0.0070052539404553416,0,0.0,1,0.0017513134851138354,3,0.005253940455341506,2,0.0035026269702276708,0,0.0,5,0.008756567425569177,0,0.0,1,0.0017513134851138354,0,0.0,1,0.0017513134851138354,0,0.0,13,0.02276707530647986,571,1.0,ORIGEN,SECCION,COMPLETO
331,18,NAYARIT,RUIZ,,,322,1012,568,0.5612648221343873,0.43873517786561267,MORENA,228,0.4014084507042254,52,0.09154929577464789,MC,176,0.30985915492957744,138,0.24295774647887325,PAN,38,0.06690140845070422,MORENA,228,0.4014084507042254,52,0.09154929577464789,MC,176,0.30985915492957744,138,0.24295774647887325,PAN,38,0.06690140845070422,38,0.06690140845070422,18,0.03169014084507042,9,0.01584507042253521,17,0.02992957746478873,12,0.02112676056338028,176,0.30985915492957744,228,0.4014084507042254,14,0.02464788732394366,3,0.00528169014084507,4,0.007042253521126761,0,0.0,15,0.02640845070422535,4,0.007042253521126761,9,0.01584507042253521,0,0.0,1,0.0017605633802816902,0,0.0,3,0.00528169014084507,0,0.0,2,0.0035211267605633804,0,0.0,1,0.0017605633802816902,0,0.0,2,0.0035211267605633804,0,0.0,2,0.0035211267605633804,0,0.0,2,0.0035211267605633804,0,0.0,8,0.014084507042253521,568,1.0,ORIGEN,SECCION,COMPLETO
332,18,NAYARIT,RUIZ,,,323,1432,774,0.5405027932960894,0.4594972067039106,MORENA,274,0.35400516795865633,62,0.08010335917312661,MC,212,0.2739018087855297,163,0.21059431524547803,PAN,49,0.06330749354005168,MORENA,274,0.35400516795865633,62,0.08010335917312661,MC,212,0.2739018087855297,163,0.21059431524547803,PAN,49,0.06330749354005168,49,0.06330749354005168,25,0.03229974160206718,13,0.016795865633074936,26,0.03359173126614987,21,0.027131782945736434,212,0.2739018087855297,274,0.35400516795865633,19,0.02454780361757106,3,0.003875968992248062,33,0.04263565891472868,3,0.003875968992248062,23,0.029715762273901807,2,0.002583979328165375,4,0.00516795865633075,3,0.003875968992248062,0,0.0,0,0.0,13,0.016795865633074936,2,0.002583979328165375,0,0.0,2,0.002583979328165375,3,0.003875968992248062,1,0.0012919896640826874,1,0.0012919896640826874,0,0.0,4,0.00516795865633075,1,0.0012919896640826874,8,0.0103359173126615,0,0.0,29,0.037467700258397935,774,1.0,ORIGEN,SECCION,COMPLETO
333,18,NAYARIT,RUIZ,,,324,775,489,0.6309677419354839,0.3690322580645161,MORENA,222,0.4539877300613497,130,0.2658486707566462,MC,92,0.18813905930470348,50,0.10224948875255624,PAN,42,0.08588957055214724,MORENA,222,0.4539877300613497,130,0.2658486707566462,MC,92,0.18813905930470348,50,0.10224948875255624,PAN,42,0.08588957055214724,42,0.08588957055214724,15,0.03067484662576687,1,0.002044989775051125,16,0.032719836400818,14,0.028629856850715747,92,0.18813905930470348,222,0.4539877300613497,14,0.028629856850715747,7,0.014314928425357873,15,0.03067484662576687,5,0.010224948875255624,6,0.012269938650306749,1,0.002044989775051125,4,0.0081799591002045,1,0.002044989775051125,0,0.0,0,0.0,10,0.02044989775051125,1,0.002044989775051125,0,0.0,1,0.002044989775051125,1,0.002044989775051125,0,0.0,2,0.00408997955010225,0,0.0,6,0.012269938650306749,1,0.002044989775051125,5,0.010224948875255624,0,0.0,7,0.014314928425357873,489,1.0,ORIGEN,SECCION,COMPLETO
334,18,NAYARIT,RUIZ,,,325,473,294,0.6215644820295984,0.37843551797040165,MC,105,0.35714285714285715,5,0.017006802721088437,MORENA,100,0.3401360544217687,78,0.2653061224489796,MLN,22,0.07482993197278912,MC,105,0.35714285714285715,5,0.017006802721088437,MORENA,100,0.3401360544217687,78,0.2653061224489796,MLN,22,0.07482993197278912,14,0.047619047619047616,12,0.04081632653061224,3,0.01020408163265306,6,0.02040816326530612,0,0.0,105,0.35714285714285715,100,0.3401360544217687,9,0.030612244897959183,2,0.006802721088435374,22,0.07482993197278912,0,0.0,5,0.017006802721088437,0,0.0,1,0.003401360544217687,0,0.0,0,0.0,0,0.0,5,0.017006802721088437,1,0.003401360544217687,0,0.0,0,0.0,0,0.0,0,0.0,2,0.006802721088435374,1,0.003401360544217687,1,0.003401360544217687,0,0.0,2,0.006802721088435374,0,0.0,3,0.01020408163265306,294,1.0,ORIGEN,SECCION,COMPLETO
335,18,NAYARIT,RUIZ,,,326,701,432,0.6162624821683309,0.3837375178316691,MC,177,0.4097222222222222,57,0.13194444444444445,MORENA,120,0.2777777777777778,84,0.19444444444444445,MLN,36,0.08333333333333333,MC,177,0.4097222222222222,57,0.13194444444444445,MORENA,120,0.2777777777777778,84,0.19444444444444445,MLN,36,0.08333333333333333,22,0.05092592592592592,6,0.013888888888888888,3,0.006944444444444444,8,0.018518518518518517,4,0.009259259259259259,177,0.4097222222222222,120,0.2777777777777778,10,0.023148148148148147,3,0.006944444444444444,36,0.08333333333333333,0,0.0,22,0.05092592592592592,2,0.004629629629629629,1,0.0023148148148148147,0,0.0,0,0.0,0,0.0,7,0.016203703703703703,1,0.0023148148148148147,0,0.0,1,0.0023148148148148147,0,0.0,0,0.0,0,0.0,1,0.0023148148148148147,0,0.0,0,0.0,2,0.004629629629629629,0,0.0,6,0.013888888888888888,432,1.0,ORIGEN,SECCION,COMPLETO
336,18,NAYARIT,RUIZ,,,327,830,504,0.6072289156626506,0.3927710843373494,MORENA,169,0.3353174603174603,1,0.001984126984126984,MC,168,0.3333333333333333,129,0.25595238095238093,RSP,39,0.07738095238095238,MORENA,169,0.3353174603174603,1,0.001984126984126984,MC,168,0.3333333333333333,129,0.25595238095238093,RSP,39,0.07738095238095238,28,0.05555555555555555,14,0.027777777777777776,3,0.005952380952380952,16,0.031746031746031744,7,0.013888888888888888,168,0.3333333333333333,169,0.3353174603174603,8,0.015873015873015872,5,0.00992063492063492,11,0.021825396825396824,8,0.015873015873015872,39,0.07738095238095238,1,0.001984126984126984,5,0.00992063492063492,0,0.0,0,0.0,0,0.0,7,0.013888888888888888,1,0.001984126984126984,1,0.001984126984126984,0,0.0,1,0.001984126984126984,1,0.001984126984126984,0,0.0,0,0.0,1,0.001984126984126984,0,0.0,0,0.0,0,0.0,10,0.01984126984126984,504,1.0,ORIGEN,SECCION,COMPLETO
337,18,NAYARIT,RUIZ,,,328,884,556,0.6289592760180995,0.37104072398190047,MORENA,252,0.45323741007194246,108,0.19424460431654678,MC,144,0.2589928057553957,119,0.21402877697841727,PAN,25,0.044964028776978415,MORENA,252,0.45323741007194246,108,0.19424460431654678,MC,144,0.2589928057553957,119,0.21402877697841727,PAN,25,0.044964028776978415,25,0.044964028776978415,20,0.03597122302158273,0,0.0,17,0.030575539568345324,13,0.023381294964028777,144,0.2589928057553957,252,0.45323741007194246,11,0.019784172661870502,8,0.014388489208633094,12,0.02158273381294964,7,0.012589928057553957,18,0.03237410071942446,0,0.0,1,0.0017985611510791368,0,0.0,0,0.0,0,0.0,9,0.01618705035971223,3,0.00539568345323741,0,0.0,0,0.0,2,0.0035971223021582736,0,0.0,0,0.0,0,0.0,3,0.00539568345323741,0,0.0,0,0.0,0,0.0,11,0.019784172661870502,556,1.0,ORIGEN,SECCION,COMPLETO
338,18,NAYARIT,RUIZ,,,329,765,502,0.6562091503267974,0.3437908496732026,MORENA,203,0.4043824701195219,56,0.11155378486055777,MC,147,0.29282868525896416,122,0.24302788844621515,PAN,25,0.049800796812749,MORENA,203,0.4043824701195219,56,0.11155378486055777,MC,147,0.29282868525896416,122,0.24302788844621515,PAN,25,0.049800796812749,25,0.049800796812749,20,0.0398406374501992,3,0.00597609561752988,12,0.02390438247011952,7,0.013944223107569721,147,0.29282868525896416,203,0.4043824701195219,17,0.03386454183266932,3,0.00597609561752988,9,0.017928286852589643,2,0.00398406374501992,16,0.03187250996015936,0,0.0,8,0.01593625498007968,0,0.0,1,0.00199203187250996,0,0.0,10,0.0199203187250996,0,0.0,1,0.00199203187250996,1,0.00199203187250996,1,0.00199203187250996,0,0.0,1,0.00199203187250996,0,0.0,1,0.00199203187250996,0,0.0,2,0.00398406374501992,0,0.0,12,0.02390438247011952,502,1.0,ORIGEN,SECCION,COMPLETO
339,18,NAYARIT,RUIZ,,,330,425,266,0.6258823529411764,0.37411764705882355,MORENA,96,0.3609022556390977,14,0.05263157894736842,MC,82,0.3082706766917293,60,0.22556390977443608,PRI,22,0.08270676691729323,MORENA,96,0.3609022556390977,14,0.05263157894736842,MC,82,0.3082706766917293,60,0.22556390977443608,PRI,22,0.08270676691729323,8,0.03007518796992481,22,0.08270676691729323,0,0.0,2,0.007518796992481203,5,0.018796992481203006,82,0.3082706766917293,96,0.3609022556390977,3,0.011278195488721804,0,0.0,10,0.03759398496240601,2,0.007518796992481203,17,0.06390977443609022,0,0.0,1,0.0037593984962406013,1,0.0037593984962406013,0,0.0,0,0.0,5,0.018796992481203006,0,0.0,1,0.0037593984962406013,0,0.0,0,0.0,0,0.0,1,0.0037593984962406013,1,0.0037593984962406013,1,0.0037593984962406013,0,0.0,0,0.0,0,0.0,8,0.03007518796992481,266,1.0,ORIGEN,SECCION,COMPLETO
340,18,NAYARIT,RUIZ,,,331,892,568,0.6367713004484304,0.36322869955156956,MC,227,0.3996478873239437,17,0.02992957746478873,MORENA,210,0.36971830985915494,191,0.3362676056338028,PAN,19,0.03345070422535211,MC,227,0.3996478873239437,17,0.02992957746478873,MORENA,210,0.36971830985915494,191,0.3362676056338028,PAN,19,0.03345070422535211,19,0.03345070422535211,13,0.022887323943661973,1,0.0017605633802816902,9,0.01584507042253521,8,0.014084507042253521,227,0.3996478873239437,210,0.36971830985915494,16,0.028169014084507043,3,0.00528169014084507,10,0.017605633802816902,2,0.0035211267605633804,11,0.01936619718309859,2,0.0035211267605633804,4,0.007042253521126761,4,0.007042253521126761,1,0.0017605633802816902,0,0.0,2,0.0035211267605633804,1,0.0017605633802816902,0,0.0,1,0.0017605633802816902,3,0.00528169014084507,0,0.0,0,0.0,1,0.0017605633802816902,0,0.0,1,0.0017605633802816902,1,0.0017605633802816902,0,0.0,18,0.03169014084507042,568,1.0,ORIGEN,SECCION,COMPLETO
341,18,NAYARIT,RUIZ,,,332,166,109,0.6566265060240963,0.34337349397590367,MC,77,0.7064220183486238,63,0.5779816513761468,PRI,14,0.12844036697247707,1,0.009174311926605505,MORENA,13,0.11926605504587157,MC,77,0.7064220183486238,63,0.5779816513761468,PRI,14,0.12844036697247707,1,0.009174311926605505,MORENA,13,0.11926605504587157,3,0.027522935779816515,14,0.12844036697247707,0,0.0,0,0.0,0,0.0,77,0.7064220183486238,13,0.11926605504587157,0,0.0,0,0.0,0,0.0,0,0.0,1,0.009174311926605505,0,0.0,0,0.0,0,0.0,0,0.0,0,0.0,0,0.0,0,0.0,0,0.0,0,0.0,0,0.0,0,0.0,0,0.0,0,0.0,0,0.0,0,0.0,0,0.0,0,0.0,1,0.009174311926605505,109,1.0,ORIGEN,SECCION,COMPLETO
342,18,NAYARIT,RUIZ,,,333,1179,690,0.5852417302798982,0.41475826972010177,MORENA,207,0.3,27,0.0391304347826087,MC,180,0.2608695652173913,87,0.12608695652173912,PVEM,93,0.13478260869565217,MORENA,207,0.3,27,0.0391304347826087,MC,180,0.2608695652173913,87,0.12608695652173912,PVEM,93,0.13478260869565217,36,0.05217391304347826,68,0.09855072463768116,5,0.007246376811594203,12,0.017391304347826087,93,0.13478260869565217,180,0.2608695652173913,207,0.3,19,0.02753623188405797,0,0.0,1,0.0014492753623188406,5,0.007246376811594203,13,0.01884057971014493,0,0.0,0,0.0,1,0.0014492753623188406,0,0.0,2,0.002898550724637681,7,0.010144927536231883,3,0.004347826086956522,2,0.002898550724637681,1,0.0014492753623188406,2,0.002898550724637681,0,0.0,1,0.0014492753623188406,1,0.0014492753623188406,2,0.002898550724637681,3,0.004347826086956522,1,0.0014492753623188406,0,0.0,25,0.036231884057971016,690,1.0,ORIGEN,SECCION,COMPLETO
343,18,NAYARIT,RUIZ,,,334,374,238,0.6363636363636364,0.36363636363636365,MORENA,73,0.3067226890756303,24,0.10084033613445378,PRI,49,0.20588235294117646,12,0.05042016806722689,MC,37,0.15546218487394958,MORENA,73,0.3067226890756303,24,0.10084033613445378,PRI,49,0.20588235294117646,12,0.05042016806722689,MC,37,0.15546218487394958,18,0.07563025210084033,49,0.20588235294117646,1,0.004201680672268907,9,0.037815126050420166,9,0.037815126050420166,37,0.15546218487394958,73,0.3067226890756303,8,0.03361344537815126,0,0.0,1,0.004201680672268907,3,0.012605042016806723,6,0.025210084033613446,1,0.004201680672268907,1,0.004201680672268907,0,0.0,0,0.0,0,0.0,1,0.004201680672268907,2,0.008403361344537815,0,0.0,0,0.0,0,0.0,1,0.004201680672268907,0,0.0,0,0.0,1,0.004201680672268907,2,0.008403361344537815,1,0.004201680672268907,0,0.0,14,0.058823529411764705,238,1.0,ORIGEN,SECCION,COMPLETO
344,18,NAYARIT,RUIZ,,,335,233,128,0.5493562231759657,0.45064377682403434,MC,32,0.25,1,0.0078125,MORENA,31,0.2421875,9,0.0703125,PRI,22,0.171875,MC,32,0.25,1,0.0078125,MORENA,31,0.2421875,9,0.0703125,PRI,22,0.171875,10,0.078125,22,0.171875,0,0.0,2,0.015625,12,0.09375,32,0.25,31,0.2421875,5,0.0390625,0,0.0,1,0.0078125,2,0.015625,1,0.0078125,0,0.0,0,0.0,0,0.0,0,0.0,0,0.0,1,0.0078125,0,0.0,0,0.0,0,0.0,0,0.0,0,0.0,0,0.0,0,0.0,0,0.0,0,0.0,0,0.0,0,0.0,9,0.0703125,128,1.0,ORIGEN,SECCION,COMPLETO
345,18,NAYARIT,RUIZ,,,336,409,253,0.6185819070904646,0.38141809290953543,MORENA,114,0.4505928853754941,59,0.233201581027668,MC,55,0.21739130434782608,35,0.1383399209486166,PAN,20,0.07905138339920949,MORENA,114,0.4505928853754941,59,0.233201581027668,MC,55,0.21739130434782608,35,0.1383399209486166,PAN,20,0.07905138339920949,20,0.07905138339920949,8,0.03162055335968379,0,0.0,10,0.039525691699604744,16,0.06324110671936758,55,0.21739130434782608,114,0.4505928853754941,8,0.03162055335968379,0,0.0,0,0.0,1,0.003952569169960474,2,0.007905138339920948,0,0.0,1,0.003952569169960474,0,0.0,0,0.0,0,0.0,3,0.011857707509881422,0,0.0,0,0.0,1,0.003952569169960474,1,0.003952569169960474,0,0.0,1,0.003952569169960474,0,0.0,1,0.003952569169960474,0,0.0,2,0.007905138339920948,0,0.0,9,0.03557312252964427,253,1.0,ORIGEN,SECCION,COMPLETO
346,18,NAYARIT,RUIZ,,,337,710,377,0.5309859154929577,0.4690140845070423,MORENA,157,0.41644562334217505,75,0.1989389920424403,PVEM,82,0.21750663129973474,37,0.09814323607427056,MC,45,0.11936339522546419,MORENA,157,0.41644562334217505,75,0.1989389920424403,PVEM,82,0.21750663129973474,37,0.09814323607427056,MC,45,0.11936339522546419,29,0.07692307692307693,12,0.03183023872679045,1,0.002652519893899204,6,0.015915119363395226,82,0.21750663129973474,45,0.11936339522546419,157,0.41644562334217505,18,0.04774535809018567,0,0.0,0,0.0,1,0.002652519893899204,15,0.03978779840848806,1,0.002652519893899204,0,0.0,0,0.0,0,0.0,0,0.0,0,0.0,0,0.0,0,0.0,0,0.0,0,0.0,0,0.0,0,0.0,0,0.0,0,0.0,0,0.0,0,0.0,0,0.0,10,0.026525198938992044,377,1.0,ORIGEN,SECCION,COMPLETO
347,18,NAYARIT,RUIZ,,,338,501,277,0.5528942115768463,0.44710578842315374,MORENA,98,0.35379061371841153,44,0.1588447653429603,MC,54,0.19494584837545126,24,0.08664259927797834,PAN,30,0.10830324909747292,MORENA,98,0.35379061371841153,44,0.1588447653429603,MC,54,0.19494584837545126,24,0.08664259927797834,PAN,30,0.10830324909747292,30,0.10830324909747292,15,0.05415162454873646,2,0.007220216606498195,10,0.036101083032490974,21,0.07581227436823104,54,0.19494584837545126,98,0.35379061371841153,8,0.02888086642599278,0,0.0,2,0.007220216606498195,3,0.010830324909747292,6,0.021660649819494584,0,0.0,0,0.0,1,0.0036101083032490976,0,0.0,0,0.0,4,0.01444043321299639,0,0.0,0,0.0,0,0.0,1,0.0036101083032490976,0,0.0,1,0.0036101083032490976,0,0.0,4,0.01444043321299639,0,0.0,6,0.021660649819494584,0,0.0,11,0.039711191335740074,277,1.0,ORIGEN,SECCION,COMPLETO
348,18,NAYARIT,RUIZ,,,339,145,96,0.6620689655172414,0.33793103448275863,MORENA,46,0.4791666666666667,34,0.3541666666666667,MC,12,0.125,6,0.0625,PRI,6,0.0625,MORENA,46,0.4791666666666667,34,0.3541666666666667,MC,12,0.125,6,0.0625,PRI,6,0.0625,5,0.052083333333333336,6,0.0625,1,0.010416666666666666,1,0.010416666666666666,2,0.020833333333333332,12,0.125,46,0.4791666666666667,5,0.052083333333333336,0,0.0,1,0.010416666666666666,3,0.03125,5,0.052083333333333336,0,0.0,0,0.0,0,0.0,0,0.0,0,0.0,2,0.020833333333333332,0,0.0,1,0.010416666666666666,1,0.010416666666666666,1,0.010416666666666666,0,0.0,0,0.0,0,0.0,0,0.0,0,0.0,0,0.0,0,0.0,4,0.041666666666666664,96,1.0,ORIGEN,SECCION,COMPLETO
349,18,NAYARIT,RUIZ,,,340,357,277,0.7759103641456583,0.22408963585434172,MORENA,136,0.49097472924187724,91,0.3285198555956679,MC,45,0.1624548736462094,14,0.05054151624548736,PRI,31,0.11191335740072202,MORENA,136,0.49097472924187724,91,0.3285198555956679,MC,45,0.1624548736462094,14,0.05054151624548736,PRI,31,0.11191335740072202,14,0.05054151624548736,31,0.11191335740072202,1,0.0036101083032490976,10,0.036101083032490974,10,0.036101083032490974,45,0.1624548736462094,136,0.49097472924187724,5,0.018050541516245487,2,0.007220216606498195,1,0.0036101083032490976,4,0.01444043321299639,5,0.018050541516245487,0,0.0,0,0.0,0,0.0,0,0.0,0,0.0,2,0.007220216606498195,1,0.0036101083032490976,0,0.0,0,0.0,0,0.0,0,0.0,0,0.0,1,0.0036101083032490976,0,0.0,1,0.0036101083032490976,0,0.0,0,0.0,8,0.02888086642599278,277,1.0,ORIGEN,SECCION,COMPLETO
350,18,NAYARIT,RUIZ,,,341,660,456,0.6909090909090909,0.3090909090909091,MORENA,193,0.4232456140350877,135,0.29605263157894735,MC,58,0.12719298245614036,22,0.04824561403508772,PVEM,36,0.07894736842105263,MORENA,193,0.4232456140350877,135,0.29605263157894735,MC,58,0.12719298245614036,22,0.04824561403508772,PVEM,36,0.07894736842105263,32,0.07017543859649122,33,0.07236842105263158,4,0.008771929824561403,20,0.043859649122807015,36,0.07894736842105263,58,0.12719298245614036,193,0.4232456140350877,15,0.03289473684210526,0,0.0,3,0.006578947368421052,16,0.03508771929824561,9,0.019736842105263157,0,0.0,5,0.010964912280701754,1,0.0021929824561403508,0,0.0,0,0.0,1,0.0021929824561403508,1,0.0021929824561403508,1,0.0021929824561403508,0,0.0,2,0.0043859649122807015,0,0.0,1,0.0021929824561403508,0,0.0,1,0.0021929824561403508,0,0.0,2,0.0043859649122807015,0,0.0,22,0.04824561403508772,456,1.0,ORIGEN,SECCION,COMPLETO
351,18,NAYARIT,RUIZ,,,342,294,184,0.6258503401360545,0.37414965986394555,MORENA,92,0.5,73,0.3967391304347826,PAN,19,0.10326086956521739,3,0.016304347826086956,MC,16,0.08695652173913043,MORENA,92,0.5,73,0.3967391304347826,PAN,19,0.10326086956521739,3,0.016304347826086956,MC,16,0.08695652173913043,19,0.10326086956521739,11,0.059782608695652176,2,0.010869565217391304,4,0.021739130434782608,11,0.059782608695652176,16,0.08695652173913043,92,0.5,1,0.005434782608695652,0,0.0,2,0.010869565217391304,1,0.005434782608695652,10,0.05434782608695652,1,0.005434782608695652,0,0.0,0,0.0,2,0.010869565217391304,0,0.0,2,0.010869565217391304,1,0.005434782608695652,0,0.0,0,0.0,0,0.0,1,0.005434782608695652,2,0.010869565217391304,1,0.005434782608695652,1,0.005434782608695652,0,0.0,0,0.0,0,0.0,4,0.021739130434782608,184,1.0,ORIGEN,SECCION,COMPLETO
352,18,NAYARIT,RUIZ,,,343,805,533,0.662111801242236,0.337888198757764,MORENA,264,0.49530956848030017,174,0.32645403377110693,MC,90,0.16885553470919323,51,0.09568480300187618,PRI,39,0.07317073170731707,MORENA,264,0.49530956848030017,174,0.32645403377110693,MC,90,0.16885553470919323,51,0.09568480300187618,PRI,39,0.07317073170731707,34,0.06378986866791744,39,0.07317073170731707,6,0.01125703564727955,11,0.020637898686679174,17,0.03189493433395872,90,0.16885553470919323,264,0.49530956848030017,8,0.0150093808630394,1,0.001876172607879925,18,0.03377110694183865,5,0.009380863039399626,6,0.01125703564727955,1,0.001876172607879925,2,0.00375234521575985,0,0.0,0,0.0,0,0.0,6,0.01125703564727955,2,0.00375234521575985,0,0.0,0,0.0,1,0.001876172607879925,0,0.0,1,0.001876172607879925,0,0.0,4,0.0075046904315197,0,0.0,1,0.001876172607879925,0,0.0,16,0.0300187617260788,533,1.0,ORIGEN,SECCION,COMPLETO
353,18,NAYARIT,RUIZ,,,344,457,267,0.5842450765864332,0.4157549234135668,MORENA,114,0.42696629213483145,47,0.1760299625468165,MC,67,0.250936329588015,49,0.18352059925093633,PRI,18,0.06741573033707865,MORENA,114,0.42696629213483145,47,0.1760299625468165,MC,67,0.250936329588015,49,0.18352059925093633,PRI,18,0.06741573033707865,8,0.0299625468164794,18,0.06741573033707865,8,0.0299625468164794,5,0.018726591760299626,3,0.011235955056179775,67,0.250936329588015,114,0.42696629213483145,6,0.02247191011235955,0,0.0,1,0.003745318352059925,2,0.00749063670411985,14,0.052434456928838954,0,0.0,0,0.0,0,0.0,0,0.0,0,0.0,2,0.00749063670411985,0,0.0,0,0.0,1,0.003745318352059925,3,0.011235955056179775,0,0.0,1,0.003745318352059925,1,0.003745318352059925,0,0.0,0,0.0,1,0.003745318352059925,1,0.003745318352059925,11,0.04119850187265917,267,1.0,ORIGEN,SECCION,COMPLETO
354,18,NAYARIT,RUIZ,,,345,375,246,0.656,0.344,MORENA,124,0.5040650406504065,87,0.35365853658536583,PVEM,37,0.15040650406504066,18,0.07317073170731707,MC,19,0.07723577235772358,MORENA,124,0.5040650406504065,87,0.35365853658536583,PVEM,37,0.15040650406504066,18,0.07317073170731707,MC,19,0.07723577235772358,6,0.024390243902439025,8,0.032520325203252036,1,0.0040650406504065045,7,0.028455284552845527,37,0.15040650406504066,19,0.07723577235772358,124,0.5040650406504065,4,0.016260162601626018,2,0.008130081300813009,7,0.028455284552845527,0,0.0,4,0.016260162601626018,0,0.0,0,0.0,0,0.0,0,0.0,0,0.0,3,0.012195121951219513,2,0.008130081300813009,2,0.008130081300813009,1,0.0040650406504065045,2,0.008130081300813009,1,0.0040650406504065045,1,0.0040650406504065045,0,0.0,2,0.008130081300813009,0,0.0,0,0.0,0,0.0,13,0.052845528455284556,246,1.0,ORIGEN,SECCION,COMPLETO
355,18,NAYARIT,RUIZ,,,346,635,356,0.5606299212598426,0.43937007874015743,MORENA,154,0.43258426966292135,98,0.2752808988764045,PVEM,56,0.15730337078651685,27,0.07584269662921349,PRI,29,0.08146067415730338,MORENA,154,0.43258426966292135,98,0.2752808988764045,PVEM,56,0.15730337078651685,27,0.07584269662921349,PRI,29,0.08146067415730338,7,0.019662921348314606,29,0.08146067415730338,1,0.0028089887640449437,16,0.0449438202247191,56,0.15730337078651685,29,0.08146067415730338,154,0.43258426966292135,7,0.019662921348314606,2,0.0056179775280898875,13,0.03651685393258427,1,0.0028089887640449437,1,0.0028089887640449437,0,0.0,1,0.0028089887640449437,0,0.0,0,0.0,0,0.0,11,0.03089887640449438,1,0.0028089887640449437,1,0.0028089887640449437,0,0.0,0,0.0,0,0.0,0,0.0,0,0.0,1,0.0028089887640449437,2,0.0056179775280898875,3,0.008426966292134831,0,0.0,20,0.056179775280898875,356,1.0,ORIGEN,SECCION,COMPLETO
356,18,NAYARIT,SAN BLAS,,,347,1626,1131,0.6955719557195572,0.3044280442804428,MORENA,346,0.3059239610963749,122,0.10786914235190097,MC,224,0.19805481874447392,109,0.09637488947833775,PAN,115,0.10167992926613616,MORENA,346,0.3059239610963749,122,0.10786914235190097,MC,224,0.19805481874447392,109,0.09637488947833775,PAN,115,0.10167992926613616,115,0.10167992926613616,64,0.05658709106984969,25,0.022104332449160036,55,0.04862953138815208,52,0.04597701149425287,224,0.19805481874447392,346,0.3059239610963749,34,0.030061892130857647,17,0.015030946065428824,93,0.08222811671087533,3,0.002652519893899204,7,0.00618921308576481,21,0.01856763925729443,9,0.007957559681697613,4,0.0035366931918656055,0,0.0,1,0.0008841732979664014,14,0.01237842617152962,6,0.005305039787798408,1,0.0008841732979664014,2,0.0017683465959328027,2,0.0017683465959328027,0,0.0,1,0.0008841732979664014,7,0.00618921308576481,4,0.0035366931918656055,1,0.0008841732979664014,4,0.0035366931918656055,0,0.0,19,0.016799292661361626,1131,1.0,ORIGEN,SECCION,COMPLETO
357,18,NAYARIT,SAN BLAS,,,348,1672,1002,0.5992822966507177,0.40071770334928225,MORENA,238,0.2375249500998004,11,0.010978043912175649,MC,227,0.22654690618762474,107,0.10678642714570859,PAN,120,0.11976047904191617,MORENA,238,0.2375249500998004,11,0.010978043912175649,MC,227,0.22654690618762474,107,0.10678642714570859,PAN,120,0.11976047904191617,120,0.11976047904191617,36,0.03592814371257485,11,0.010978043912175649,46,0.04590818363273453,66,0.0658682634730539,227,0.22654690618762474,238,0.2375249500998004,28,0.027944111776447105,14,0.013972055888223553,103,0.1027944111776447,2,0.001996007984031936,8,0.007984031936127744,24,0.023952095808383235,16,0.015968063872255488,4,0.003992015968063872,0,0.0,0,0.0,4,0.003992015968063872,4,0.003992015968063872,2,0.001996007984031936,0,0.0,3,0.0029940119760479044,0,0.0,0,0.0,0,0.0,0,0.0,5,0.00499001996007984,3,0.0029940119760479044,1,0.000998003992015968,37,0.036926147704590816,1002,1.0,ORIGEN,SECCION,COMPLETO
358,18,NAYARIT,SAN BLAS,,,349,1005,644,0.6407960199004975,0.3592039800995025,MORENA,190,0.2950310559006211,53,0.08229813664596274,MC,137,0.2127329192546584,73,0.11335403726708075,PAN,64,0.09937888198757763,MORENA,190,0.2950310559006211,53,0.08229813664596274,MC,137,0.2127329192546584,73,0.11335403726708075,PAN,64,0.09937888198757763,64,0.09937888198757763,26,0.040372670807453416,12,0.018633540372670808,24,0.037267080745341616,32,0.049689440993788817,137,0.2127329192546584,190,0.2950310559006211,11,0.017080745341614908,8,0.012422360248447204,61,0.09472049689440994,7,0.010869565217391304,10,0.015527950310559006,13,0.020186335403726708,4,0.006211180124223602,1,0.0015527950310559005,1,0.0015527950310559005,0,0.0,6,0.009316770186335404,3,0.004658385093167702,0,0.0,2,0.003105590062111801,6,0.009316770186335404,2,0.003105590062111801,0,0.0,0,0.0,3,0.004658385093167702,0,0.0,0,0.0,0,0.0,21,0.03260869565217391,644,1.0,ORIGEN,SECCION,COMPLETO
359,18,NAYARIT,SAN BLAS,,,350,967,979,1.0124095139607032,-0.012409513960703222,MORENA,323,0.3299284984678243,122,0.12461695607763024,MC,201,0.20531154239019409,129,0.1317671092951992,PAN,72,0.0735444330949949,MORENA,323,0.3299284984678243,122,0.12461695607763024,MC,201,0.20531154239019409,129,0.1317671092951992,PAN,72,0.0735444330949949,72,0.0735444330949949,44,0.0449438202247191,9,0.009193054136874362,32,0.03268641470888662,55,0.056179775280898875,201,0.20531154239019409,323,0.3299284984678243,27,0.027579162410623085,16,0.01634320735444331,53,0.054136874361593465,5,0.005107252298263534,24,0.024514811031664963,13,0.013278855975485188,12,0.012257405515832482,5,0.005107252298263534,0,0.0,0,0.0,23,0.02349336057201226,9,0.009193054136874362,1,0.0010214504596527069,7,0.007150153217568948,5,0.005107252298263534,0,0.0,1,0.0010214504596527069,1,0.0010214504596527069,6,0.006128702757916241,2,0.0020429009193054137,6,0.006128702757916241,0,0.0,27,0.027579162410623085,979,1.0,ORIGEN,SECCION,COMPLETO
360,18,NAYARIT,SAN BLAS,,,351,783,519,0.6628352490421456,0.33716475095785436,MORENA,150,0.28901734104046245,24,0.046242774566473986,MC,126,0.24277456647398843,76,0.1464354527938343,PAN,50,0.09633911368015415,MORENA,150,0.28901734104046245,24,0.046242774566473986,MC,126,0.24277456647398843,76,0.1464354527938343,PAN,50,0.09633911368015415,50,0.09633911368015415,24,0.046242774566473986,2,0.0038535645472061657,15,0.028901734104046242,22,0.04238921001926782,126,0.24277456647398843,150,0.28901734104046245,12,0.023121387283236993,6,0.011560693641618497,42,0.08092485549132948,4,0.007707129094412331,11,0.02119460500963391,17,0.03275529865125241,0,0.0,2,0.0038535645472061657,0,0.0,1,0.0019267822736030828,11,0.02119460500963391,3,0.005780346820809248,0,0.0,2,0.0038535645472061657,3,0.005780346820809248,1,0.0019267822736030828,2,0.0038535645472061657,0,0.0,3,0.005780346820809248,1,0.0019267822736030828,0,0.0,0,0.0,9,0.017341040462427744,519,1.0,ORIGEN,SECCION,COMPLETO
361,18,NAYARIT,SAN BLAS,,,352,1655,965,0.5830815709969789,0.4169184290030211,MORENA,284,0.29430051813471503,56,0.058031088082901555,MC,228,0.23626943005181347,144,0.14922279792746113,PAN,84,0.08704663212435233,MORENA,284,0.29430051813471503,56,0.058031088082901555,MC,228,0.23626943005181347,144,0.14922279792746113,PAN,84,0.08704663212435233,84,0.08704663212435233,50,0.05181347150259067,12,0.012435233160621761,27,0.027979274611398965,41,0.04248704663212435,228,0.23626943005181347,284,0.29430051813471503,22,0.022797927461139896,32,0.03316062176165803,54,0.05595854922279793,11,0.011398963730569948,16,0.016580310880829015,25,0.025906735751295335,5,0.0051813471502590676,3,0.0031088082901554403,0,0.0,0,0.0,21,0.021761658031088083,4,0.004145077720207254,1,0.0010362694300518134,3,0.0031088082901554403,0,0.0,1,0.0010362694300518134,4,0.004145077720207254,0,0.0,6,0.0062176165803108805,0,0.0,2,0.002072538860103627,0,0.0,29,0.03005181347150259,965,1.0,ORIGEN,SECCION,COMPLETO
362,18,NAYARIT,SAN BLAS,,,353,428,342,0.7990654205607477,0.2009345794392523,MORENA,136,0.39766081871345027,47,0.13742690058479531,PAN,89,0.260233918128655,48,0.14035087719298245,MC,41,0.11988304093567251,MORENA,136,0.39766081871345027,47,0.13742690058479531,PAN,89,0.260233918128655,48,0.14035087719298245,MC,41,0.11988304093567251,89,0.260233918128655,12,0.03508771929824561,1,0.0029239766081871343,3,0.008771929824561403,7,0.02046783625730994,41,0.11988304093567251,136,0.39766081871345027,13,0.038011695906432746,6,0.017543859649122806,9,0.02631578947368421,0,0.0,0,0.0,4,0.011695906432748537,4,0.011695906432748537,0,0.0,0,0.0,0,0.0,0,0.0,1,0.0029239766081871343,0,0.0,0,0.0,0,0.0,0,0.0,2,0.005847953216374269,0,0.0,5,0.014619883040935672,0,0.0,1,0.0029239766081871343,0,0.0,8,0.023391812865497075,342,1.0,ORIGEN,SECCION,COMPLETO
363,18,NAYARIT,SAN BLAS,,,354,300,199,0.6633333333333333,0.33666666666666667,MORENA,95,0.47738693467336685,75,0.3768844221105528,MC,20,0.10050251256281408,1,0.005025125628140704,PRI,19,0.09547738693467336,MORENA,95,0.47738693467336685,75,0.3768844221105528,MC,20,0.10050251256281408,1,0.005025125628140704,PRI,19,0.09547738693467336,14,0.07035175879396985,19,0.09547738693467336,1,0.005025125628140704,4,0.020100502512562814,6,0.03015075376884422,20,0.10050251256281408,95,0.47738693467336685,6,0.03015075376884422,1,0.005025125628140704,12,0.06030150753768844,0,0.0,1,0.005025125628140704,3,0.01507537688442211,1,0.005025125628140704,2,0.010050251256281407,0,0.0,0,0.0,2,0.010050251256281407,0,0.0,1,0.005025125628140704,3,0.01507537688442211,1,0.005025125628140704,0,0.0,0,0.0,0,0.0,1,0.005025125628140704,0,0.0,0,0.0,0,0.0,6,0.03015075376884422,199,1.0,ORIGEN,SECCION,COMPLETO
364,18,NAYARIT,SAN BLAS,,,355,240,162,0.675,0.32499999999999996,MC,59,0.36419753086419754,7,0.043209876543209874,MORENA,52,0.32098765432098764,44,0.2716049382716049,RSP,8,0.04938271604938271,MC,59,0.36419753086419754,7,0.043209876543209874,MORENA,52,0.32098765432098764,44,0.2716049382716049,RSP,8,0.04938271604938271,7,0.043209876543209874,5,0.030864197530864196,1,0.006172839506172839,4,0.024691358024691357,2,0.012345679012345678,59,0.36419753086419754,52,0.32098765432098764,1,0.006172839506172839,2,0.012345679012345678,7,0.043209876543209874,1,0.006172839506172839,8,0.04938271604938271,5,0.030864197530864196,1,0.006172839506172839,0,0.0,0,0.0,0,0.0,2,0.012345679012345678,0,0.0,0,0.0,1,0.006172839506172839,0,0.0,0,0.0,0,0.0,0,0.0,0,0.0,0,0.0,0,0.0,0,0.0,4,0.024691358024691357,162,1.0,ORIGEN,SECCION,COMPLETO
365,18,NAYARIT,SAN BLAS,,,356,793,434,0.5472887767969735,0.4527112232030265,MORENA,153,0.35253456221198154,28,0.06451612903225806,MC,125,0.2880184331797235,89,0.20506912442396313,PAN,36,0.08294930875576037,MORENA,153,0.35253456221198154,28,0.06451612903225806,MC,125,0.2880184331797235,89,0.20506912442396313,PAN,36,0.08294930875576037,36,0.08294930875576037,26,0.059907834101382486,3,0.0069124423963133645,12,0.027649769585253458,11,0.02534562211981567,125,0.2880184331797235,153,0.35253456221198154,11,0.02534562211981567,16,0.03686635944700461,9,0.020737327188940093,0,0.0,3,0.0069124423963133645,2,0.004608294930875576,6,0.013824884792626729,1,0.002304147465437788,0,0.0,0,0.0,5,0.01152073732718894,4,0.009216589861751152,0,0.0,0,0.0,0,0.0,0,0.0,0,0.0,0,0.0,3,0.0069124423963133645,0,0.0,1,0.002304147465437788,0,0.0,7,0.016129032258064516,434,1.0,ORIGEN,SECCION,COMPLETO
366,18,NAYARIT,SAN BLAS,,,357,603,371,0.615257048092869,0.38474295190713104,MC,114,0.30727762803234504,7,0.018867924528301886,MORENA,107,0.2884097035040431,74,0.19946091644204852,PAN,33,0.0889487870619946,MC,114,0.30727762803234504,7,0.018867924528301886,MORENA,107,0.2884097035040431,74,0.19946091644204852,PAN,33,0.0889487870619946,33,0.0889487870619946,12,0.03234501347708895,1,0.0026954177897574125,12,0.03234501347708895,11,0.029649595687331536,114,0.30727762803234504,107,0.2884097035040431,12,0.03234501347708895,14,0.03773584905660377,8,0.0215633423180593,0,0.0,14,0.03773584905660377,3,0.008086253369272238,2,0.005390835579514825,3,0.008086253369272238,0,0.0,0,0.0,2,0.005390835579514825,2,0.005390835579514825,0,0.0,0,0.0,3,0.008086253369272238,1,0.0026954177897574125,0,0.0,0,0.0,1,0.0026954177897574125,0,0.0,0,0.0,0,0.0,16,0.0431266846361186,371,1.0,ORIGEN,SECCION,COMPLETO
367,18,NAYARIT,SAN BLAS,,,358,380,245,0.6447368421052632,0.35526315789473684,MC,77,0.3142857142857143,6,0.024489795918367346,MORENA,71,0.2897959183673469,59,0.24081632653061225,PRI,12,0.04897959183673469,MC,77,0.3142857142857143,6,0.024489795918367346,MORENA,71,0.2897959183673469,59,0.24081632653061225,PRI,12,0.04897959183673469,6,0.024489795918367346,12,0.04897959183673469,1,0.004081632653061225,7,0.02857142857142857,10,0.04081632653061224,77,0.3142857142857143,71,0.2897959183673469,4,0.0163265306122449,4,0.0163265306122449,7,0.02857142857142857,2,0.00816326530612245,12,0.04897959183673469,12,0.04897959183673469,1,0.004081632653061225,0,0.0,1,0.004081632653061225,0,0.0,3,0.012244897959183673,0,0.0,0,0.0,0,0.0,1,0.004081632653061225,0,0.0,0,0.0,0,0.0,0,0.0,0,0.0,3,0.012244897959183673,0,0.0,11,0.044897959183673466,245,1.0,ORIGEN,SECCION,COMPLETO
368,18,NAYARIT,SAN BLAS,,,359,640,327,0.5109375,0.48906249999999996,MC,99,0.30275229357798167,1,0.0030581039755351682,MORENA,98,0.2996941896024465,78,0.23853211009174313,PRI,20,0.06116207951070336,MC,99,0.30275229357798167,1,0.0030581039755351682,MORENA,98,0.2996941896024465,78,0.23853211009174313,PRI,20,0.06116207951070336,4,0.012232415902140673,20,0.06116207951070336,1,0.0030581039755351682,7,0.021406727828746176,10,0.03058103975535168,99,0.30275229357798167,98,0.2996941896024465,2,0.0061162079510703364,1,0.0030581039755351682,10,0.03058103975535168,2,0.0061162079510703364,6,0.01834862385321101,13,0.039755351681957186,4,0.012232415902140673,2,0.0061162079510703364,1,0.0030581039755351682,0,0.0,14,0.04281345565749235,6,0.01834862385321101,0,0.0,1,0.0030581039755351682,2,0.0061162079510703364,1,0.0030581039755351682,0,0.0,0,0.0,0,0.0,0,0.0,1,0.0030581039755351682,0,0.0,22,0.0672782874617737,327,1.0,ORIGEN,SECCION,COMPLETO
369,18,NAYARIT,SAN BLAS,,,360,735,408,0.5551020408163265,0.4448979591836735,MC,139,0.34068627450980393,0,0.0,MORENA,139,0.34068627450980393,113,0.2769607843137255,PRI,26,0.06372549019607843,MC,139,0.34068627450980393,0,0.0,MORENA,139,0.34068627450980393,113,0.2769607843137255,PRI,26,0.06372549019607843,19,0.04656862745098039,26,0.06372549019607843,3,0.007352941176470588,15,0.03676470588235294,7,0.01715686274509804,139,0.34068627450980393,139,0.34068627450980393,14,0.03431372549019608,4,0.00980392156862745,6,0.014705882352941176,1,0.0024509803921568627,5,0.012254901960784314,5,0.012254901960784314,1,0.0024509803921568627,0,0.0,0,0.0,0,0.0,4,0.00980392156862745,1,0.0024509803921568627,0,0.0,0,0.0,1,0.0024509803921568627,0,0.0,3,0.007352941176470588,0,0.0,1,0.0024509803921568627,0,0.0,1,0.0024509803921568627,0,0.0,13,0.031862745098039214,408,1.0,ORIGEN,SECCION,COMPLETO
370,18,NAYARIT,SAN BLAS,,,361,929,538,0.5791173304628633,0.4208826695371367,MORENA,176,0.3271375464684015,23,0.04275092936802974,MC,153,0.2843866171003718,109,0.20260223048327136,PAN,44,0.08178438661710037,MORENA,176,0.3271375464684015,23,0.04275092936802974,MC,153,0.2843866171003718,109,0.20260223048327136,PAN,44,0.08178438661710037,44,0.08178438661710037,37,0.0687732342007435,7,0.013011152416356878,12,0.022304832713754646,13,0.024163568773234202,153,0.2843866171003718,176,0.3271375464684015,11,0.020446096654275093,6,0.011152416356877323,7,0.013011152416356878,1,0.0018587360594795538,7,0.013011152416356878,21,0.03903345724907063,5,0.00929368029739777,4,0.007434944237918215,0,0.0,0,0.0,5,0.00929368029739777,3,0.0055762081784386614,0,0.0,3,0.0055762081784386614,1,0.0018587360594795538,1,0.0018587360594795538,0,0.0,0,0.0,1,0.0018587360594795538,1,0.0018587360594795538,2,0.0037174721189591076,0,0.0,17,0.031598513011152414,538,1.0,ORIGEN,SECCION,COMPLETO
371,18,NAYARIT,SAN BLAS,,,362,284,183,0.6443661971830986,0.3556338028169014,MORENA,87,0.47540983606557374,38,0.20765027322404372,MC,49,0.2677595628415301,43,0.23497267759562843,PRI,6,0.03278688524590164,MORENA,87,0.47540983606557374,38,0.20765027322404372,MC,49,0.2677595628415301,43,0.23497267759562843,PRI,6,0.03278688524590164,4,0.02185792349726776,6,0.03278688524590164,1,0.00546448087431694,6,0.03278688524590164,6,0.03278688524590164,49,0.2677595628415301,87,0.47540983606557374,1,0.00546448087431694,1,0.00546448087431694,5,0.0273224043715847,0,0.0,2,0.01092896174863388,4,0.02185792349726776,0,0.0,0,0.0,1,0.00546448087431694,0,0.0,1,0.00546448087431694,0,0.0,0,0.0,1,0.00546448087431694,0,0.0,0,0.0,0,0.0,0,0.0,3,0.01639344262295082,0,0.0,2,0.01092896174863388,0,0.0,3,0.01639344262295082,183,1.0,ORIGEN,SECCION,COMPLETO
372,18,NAYARIT,SAN BLAS,,,364,123,82,0.6666666666666666,0.33333333333333337,MORENA,34,0.4146341463414634,25,0.3048780487804878,MC,9,0.10975609756097561,1,0.012195121951219513,VIVA,8,0.0975609756097561,MORENA,34,0.4146341463414634,25,0.3048780487804878,MC,9,0.10975609756097561,1,0.012195121951219513,VIVA,8,0.0975609756097561,7,0.08536585365853659,5,0.06097560975609756,2,0.024390243902439025,2,0.024390243902439025,3,0.036585365853658534,9,0.10975609756097561,34,0.4146341463414634,1,0.012195121951219513,8,0.0975609756097561,2,0.024390243902439025,0,0.0,7,0.08536585365853659,1,0.012195121951219513,1,0.012195121951219513,0,0.0,0,0.0,0,0.0,0,0.0,0,0.0,0,0.0,0,0.0,0,0.0,0,0.0,0,0.0,0,0.0,0,0.0,0,0.0,0,0.0,0,0.0,0,0.0,82,1.0,ORIGEN,SECCION,COMPLETO
373,18,NAYARIT,SAN BLAS,,,365,431,226,0.5243619489559165,0.4756380510440835,MORENA,76,0.336283185840708,4,0.017699115044247787,MC,72,0.3185840707964602,56,0.24778761061946902,PAN,16,0.07079646017699115,MORENA,76,0.336283185840708,4,0.017699115044247787,MC,72,0.3185840707964602,56,0.24778761061946902,PAN,16,0.07079646017699115,16,0.07079646017699115,12,0.05309734513274336,1,0.004424778761061947,7,0.030973451327433628,2,0.008849557522123894,72,0.3185840707964602,76,0.336283185840708,5,0.022123893805309734,5,0.022123893805309734,4,0.017699115044247787,0,0.0,5,0.022123893805309734,3,0.01327433628318584,1,0.004424778761061947,1,0.004424778761061947,0,0.0,0,0.0,4,0.017699115044247787,0,0.0,0,0.0,0,0.0,0,0.0,1,0.004424778761061947,3,0.01327433628318584,0,0.0,2,0.008849557522123894,0,0.0,1,0.004424778761061947,0,0.0,5,0.022123893805309734,226,1.0,ORIGEN,SECCION,COMPLETO
374,18,NAYARIT,SAN BLAS,,,366,583,309,0.5300171526586621,0.4699828473413379,MORENA,104,0.3365695792880259,60,0.1941747572815534,MC,44,0.1423948220064725,3,0.009708737864077669,PAN,41,0.13268608414239483,MORENA,104,0.3365695792880259,60,0.1941747572815534,MC,44,0.1423948220064725,3,0.009708737864077669,PAN,41,0.13268608414239483,41,0.13268608414239483,14,0.045307443365695796,18,0.05825242718446602,3,0.009708737864077669,12,0.038834951456310676,44,0.1423948220064725,104,0.3365695792880259,2,0.006472491909385114,31,0.10032362459546926,11,0.03559870550161812,0,0.0,2,0.006472491909385114,9,0.02912621359223301,4,0.012944983818770227,0,0.0,0,0.0,0,0.0,4,0.012944983818770227,1,0.003236245954692557,0,0.0,0,0.0,0,0.0,0,0.0,0,0.0,0,0.0,1,0.003236245954692557,1,0.003236245954692557,0,0.0,0,0.0,7,0.022653721682847898,309,1.0,ORIGEN,SECCION,COMPLETO
375,18,NAYARIT,SAN BLAS,,,367,1186,629,0.53035413153457,0.46964586846543,MC,185,0.29411764705882354,6,0.009538950715421303,MORENA,179,0.2845786963434022,124,0.1971383147853736,FxM,55,0.08744038155802862,MC,185,0.29411764705882354,6,0.009538950715421303,MORENA,179,0.2845786963434022,124,0.1971383147853736,FxM,55,0.08744038155802862,31,0.0492845786963434,39,0.06200317965023847,4,0.006359300476947536,8,0.012718600953895072,8,0.012718600953895072,185,0.29411764705882354,179,0.2845786963434022,13,0.02066772655007949,19,0.030206677265500796,20,0.03179650238473768,2,0.003179650238473768,6,0.009538950715421303,55,0.08744038155802862,4,0.006359300476947536,3,0.0047694753577106515,0,0.0,0,0.0,5,0.00794912559618442,2,0.003179650238473768,0,0.0,1,0.001589825119236884,7,0.011128775834658187,0,0.0,2,0.003179650238473768,1,0.001589825119236884,4,0.006359300476947536,0,0.0,5,0.00794912559618442,0,0.0,26,0.04133545310015898,629,1.0,ORIGEN,SECCION,COMPLETO
376,18,NAYARIT,SAN BLAS,,,368,412,287,0.6966019417475728,0.30339805825242716,MORENA,126,0.43902439024390244,73,0.25435540069686413,MC,53,0.18466898954703834,38,0.13240418118466898,MLN,15,0.05226480836236934,MORENA,126,0.43902439024390244,73,0.25435540069686413,MC,53,0.18466898954703834,38,0.13240418118466898,MLN,15,0.05226480836236934,5,0.017421602787456445,12,0.041811846689895474,2,0.006968641114982578,9,0.0313588850174216,6,0.020905923344947737,53,0.18466898954703834,126,0.43902439024390244,9,0.0313588850174216,4,0.013937282229965157,15,0.05226480836236934,5,0.017421602787456445,3,0.010452961672473868,7,0.024390243902439025,2,0.006968641114982578,2,0.006968641114982578,0,0.0,0,0.0,9,0.0313588850174216,1,0.003484320557491289,0,0.0,0,0.0,3,0.010452961672473868,1,0.003484320557491289,0,0.0,0,0.0,0,0.0,0,0.0,0,0.0,0,0.0,13,0.04529616724738676,287,1.0,ORIGEN,SECCION,COMPLETO
377,18,NAYARIT,SAN BLAS,,,369,474,303,0.6392405063291139,0.3607594936708861,MORENA,131,0.43234323432343236,91,0.30033003300330036,MC,40,0.132013201320132,21,0.06930693069306931,PRI,19,0.0627062706270627,MORENA,131,0.43234323432343236,91,0.30033003300330036,MC,40,0.132013201320132,21,0.06930693069306931,PRI,19,0.0627062706270627,8,0.026402640264026403,19,0.0627062706270627,4,0.013201320132013201,19,0.0627062706270627,8,0.026402640264026403,40,0.132013201320132,131,0.43234323432343236,11,0.036303630363036306,4,0.013201320132013201,17,0.056105610561056105,2,0.006600660066006601,3,0.009900990099009901,8,0.026402640264026403,0,0.0,1,0.0033003300330033004,0,0.0,0,0.0,7,0.0231023102310231,2,0.006600660066006601,0,0.0,3,0.009900990099009901,1,0.0033003300330033004,0,0.0,0,0.0,0,0.0,3,0.009900990099009901,2,0.006600660066006601,0,0.0,0,0.0,10,0.033003300330033,303,1.0,ORIGEN,SECCION,COMPLETO
378,18,NAYARIT,SAN BLAS,,,370,483,355,0.7349896480331263,0.2650103519668737,MORENA,164,0.4619718309859155,108,0.30422535211267604,MC,56,0.15774647887323945,25,0.07042253521126761,PAN,31,0.08732394366197183,MORENA,164,0.4619718309859155,108,0.30422535211267604,MC,56,0.15774647887323945,25,0.07042253521126761,PAN,31,0.08732394366197183,31,0.08732394366197183,14,0.03943661971830986,0,0.0,16,0.04507042253521127,5,0.014084507042253521,56,0.15774647887323945,164,0.4619718309859155,4,0.011267605633802818,3,0.008450704225352112,3,0.008450704225352112,4,0.011267605633802818,9,0.02535211267605634,7,0.01971830985915493,9,0.02535211267605634,1,0.0028169014084507044,0,0.0,0,0.0,3,0.008450704225352112,3,0.008450704225352112,1,0.0028169014084507044,0,0.0,1,0.0028169014084507044,1,0.0028169014084507044,1,0.0028169014084507044,1,0.0028169014084507044,2,0.005633802816901409,1,0.0028169014084507044,3,0.008450704225352112,0,0.0,12,0.03380281690140845,355,1.0,ORIGEN,SECCION,COMPLETO
379,18,NAYARIT,SAN BLAS,,,372,242,179,0.7396694214876033,0.2603305785123967,VIVA,51,0.2849162011173184,7,0.03910614525139665,MORENA,44,0.24581005586592178,15,0.08379888268156424,MC,29,0.16201117318435754,VIVA,51,0.2849162011173184,7,0.03910614525139665,MORENA,44,0.24581005586592178,15,0.08379888268156424,MC,29,0.16201117318435754,8,0.0446927374301676,6,0.0335195530726257,2,0.0111731843575419,6,0.0335195530726257,7,0.03910614525139665,29,0.16201117318435754,44,0.24581005586592178,3,0.01675977653631285,51,0.2849162011173184,3,0.01675977653631285,2,0.0111731843575419,4,0.0223463687150838,5,0.027932960893854747,1,0.00558659217877095,0,0.0,0,0.0,0,0.0,1,0.00558659217877095,1,0.00558659217877095,0,0.0,0,0.0,0,0.0,0,0.0,0,0.0,1,0.00558659217877095,0,0.0,0,0.0,0,0.0,0,0.0,5,0.027932960893854747,179,1.0,ORIGEN,SECCION,COMPLETO
380,18,NAYARIT,SAN BLAS,,,373,390,219,0.5615384615384615,0.43846153846153846,MORENA,65,0.2968036529680365,10,0.045662100456621,MC,55,0.2511415525114155,38,0.1735159817351598,VIVA,17,0.0776255707762557,MORENA,65,0.2968036529680365,10,0.045662100456621,MC,55,0.2511415525114155,38,0.1735159817351598,VIVA,17,0.0776255707762557,12,0.0547945205479452,14,0.0639269406392694,1,0.0045662100456621,5,0.0228310502283105,7,0.0319634703196347,55,0.2511415525114155,65,0.2968036529680365,4,0.0182648401826484,17,0.0776255707762557,13,0.0593607305936073,0,0.0,1,0.0045662100456621,11,0.0502283105022831,1,0.0045662100456621,0,0.0,0,0.0,0,0.0,3,0.0136986301369863,1,0.0045662100456621,0,0.0,0,0.0,1,0.0045662100456621,0,0.0,1,0.0045662100456621,0,0.0,1,0.0045662100456621,0,0.0,0,0.0,0,0.0,6,0.0273972602739726,219,1.0,ORIGEN,SECCION,COMPLETO
381,18,NAYARIT,SAN BLAS,,,374,165,81,0.4909090909090909,0.509090909090909,MC,28,0.345679012345679,11,0.13580246913580246,MORENA,17,0.20987654320987653,8,0.09876543209876543,PRI,9,0.1111111111111111,MC,28,0.345679012345679,11,0.13580246913580246,MORENA,17,0.20987654320987653,8,0.09876543209876543,PRI,9,0.1111111111111111,4,0.04938271604938271,9,0.1111111111111111,5,0.06172839506172839,0,0.0,1,0.012345679012345678,28,0.345679012345679,17,0.20987654320987653,0,0.0,2,0.024691358024691357,2,0.024691358024691357,0,0.0,0,0.0,6,0.07407407407407407,2,0.024691358024691357,0,0.0,0,0.0,0,0.0,0,0.0,0,0.0,0,0.0,0,0.0,0,0.0,0,0.0,0,0.0,0,0.0,0,0.0,0,0.0,0,0.0,0,0.0,5,0.06172839506172839,81,1.0,ORIGEN,SECCION,COMPLETO
382,18,NAYARIT,SAN BLAS,,,375,155,98,0.632258064516129,0.367741935483871,MC,23,0.23469387755102042,0,0.0,MORENA,23,0.23469387755102042,8,0.08163265306122448,PRI,15,0.15306122448979592,MC,23,0.23469387755102042,0,0.0,MORENA,23,0.23469387755102042,8,0.08163265306122448,PRI,15,0.15306122448979592,5,0.05102040816326531,15,0.15306122448979592,1,0.01020408163265306,0,0.0,7,0.07142857142857142,23,0.23469387755102042,23,0.23469387755102042,2,0.02040816326530612,0,0.0,4,0.04081632653061224,0,0.0,0,0.0,8,0.08163265306122448,2,0.02040816326530612,0,0.0,0,0.0,0,0.0,0,0.0,0,0.0,0,0.0,0,0.0,0,0.0,0,0.0,0,0.0,0,0.0,0,0.0,0,0.0,0,0.0,0,0.0,8,0.08163265306122448,98,1.0,ORIGEN,SECCION,COMPLETO
383,18,NAYARIT,SAN BLAS,,,376,1257,798,0.6348448687350835,0.3651551312649165,MC,251,0.31453634085213034,8,0.010025062656641603,MORENA,243,0.30451127819548873,138,0.17293233082706766,PAN,105,0.13157894736842105,MC,251,0.31453634085213034,8,0.010025062656641603,MORENA,243,0.30451127819548873,138,0.17293233082706766,PAN,105,0.13157894736842105,105,0.13157894736842105,34,0.042606516290726815,7,0.008771929824561403,12,0.015037593984962405,24,0.03007518796992481,251,0.31453634085213034,243,0.30451127819548873,10,0.012531328320802004,5,0.006265664160401002,22,0.02756892230576441,1,0.0012531328320802004,1,0.0012531328320802004,2,0.002506265664160401,13,0.016290726817042606,2,0.002506265664160401,0,0.0,0,0.0,19,0.023809523809523808,1,0.0012531328320802004,0,0.0,1,0.0012531328320802004,5,0.006265664160401002,0,0.0,3,0.0037593984962406013,0,0.0,3,0.0037593984962406013,0,0.0,3,0.0037593984962406013,0,0.0,31,0.03884711779448621,798,1.0,ORIGEN,SECCION,COMPLETO
384,18,NAYARIT,SAN BLAS,,,378,315,232,0.7365079365079366,0.26349206349206344,MORENA,79,0.34051724137931033,24,0.10344827586206896,MC,55,0.23706896551724138,32,0.13793103448275862,PAN,23,0.09913793103448276,MORENA,79,0.34051724137931033,24,0.10344827586206896,MC,55,0.23706896551724138,32,0.13793103448275862,PAN,23,0.09913793103448276,23,0.09913793103448276,13,0.05603448275862069,1,0.004310344827586207,8,0.034482758620689655,15,0.06465517241379311,55,0.23706896551724138,79,0.34051724137931033,7,0.03017241379310345,1,0.004310344827586207,4,0.017241379310344827,3,0.01293103448275862,0,0.0,13,0.05603448275862069,0,0.0,0,0.0,0,0.0,0,0.0,1,0.004310344827586207,1,0.004310344827586207,0,0.0,0,0.0,0,0.0,0,0.0,0,0.0,0,0.0,0,0.0,1,0.004310344827586207,1,0.004310344827586207,0,0.0,6,0.02586206896551724,232,1.0,ORIGEN,SECCION,COMPLETO
385,18,NAYARIT,SAN BLAS,,,380,163,133,0.8159509202453987,0.18404907975460127,MORENA,36,0.2706766917293233,14,0.10526315789473684,FxM,22,0.16541353383458646,2,0.015037593984962405,MC,20,0.15037593984962405,MORENA,36,0.2706766917293233,14,0.10526315789473684,FxM,22,0.16541353383458646,2,0.015037593984962405,MC,20,0.15037593984962405,10,0.07518796992481203,11,0.08270676691729323,0,0.0,7,0.05263157894736842,11,0.08270676691729323,20,0.15037593984962405,36,0.2706766917293233,2,0.015037593984962405,1,0.007518796992481203,5,0.03759398496240601,0,0.0,0,0.0,22,0.16541353383458646,0,0.0,1,0.007518796992481203,0,0.0,0,0.0,0,0.0,0,0.0,0,0.0,0,0.0,1,0.007518796992481203,0,0.0,1,0.007518796992481203,0,0.0,0,0.0,0,0.0,0,0.0,0,0.0,5,0.03759398496240601,133,1.0,ORIGEN,SECCION,COMPLETO
386,18,NAYARIT,SAN BLAS,,,381,147,95,0.6462585034013606,0.3537414965986394,MORENA,40,0.42105263157894735,20,0.21052631578947367,PAN,20,0.21052631578947367,12,0.12631578947368421,PRI,8,0.08421052631578947,MORENA,40,0.42105263157894735,20,0.21052631578947367,PAN,20,0.21052631578947367,12,0.12631578947368421,PRI,8,0.08421052631578947,20,0.21052631578947367,8,0.08421052631578947,0,0.0,2,0.021052631578947368,1,0.010526315789473684,2,0.021052631578947368,40,0.42105263157894735,5,0.05263157894736842,0,0.0,3,0.031578947368421054,0,0.0,1,0.010526315789473684,4,0.042105263157894736,2,0.021052631578947368,0,0.0,0,0.0,0,0.0,3,0.031578947368421054,1,0.010526315789473684,0,0.0,0,0.0,1,0.010526315789473684,0,0.0,0,0.0,0,0.0,0,0.0,1,0.010526315789473684,0,0.0,0,0.0,1,0.010526315789473684,95,1.0,ORIGEN,SECCION,COMPLETO
387,18,NAYARIT,SAN BLAS,,,382,1170,713,0.6094017094017095,0.39059829059829054,MC,201,0.28190743338008417,29,0.04067321178120617,MORENA,172,0.24123422159887797,87,0.12201963534361851,MLN,85,0.11921458625525946,MC,201,0.28190743338008417,29,0.04067321178120617,MORENA,172,0.24123422159887797,87,0.12201963534361851,MLN,85,0.11921458625525946,28,0.03927068723702665,44,0.061711079943899017,3,0.004207573632538569,17,0.023842917251051893,13,0.0182328190743338,201,0.28190743338008417,172,0.24123422159887797,19,0.02664796633941094,0,0.0,85,0.11921458625525946,1,0.001402524544179523,7,0.009817671809256662,81,0.11360448807854137,0,0.0,1,0.001402524544179523,1,0.001402524544179523,0,0.0,5,0.0070126227208976155,1,0.001402524544179523,1,0.001402524544179523,0,0.0,0,0.0,0,0.0,2,0.002805049088359046,1,0.001402524544179523,1,0.001402524544179523,2,0.002805049088359046,1,0.001402524544179523,0,0.0,26,0.0364656381486676,713,1.0,ORIGEN,SECCION,COMPLETO
388,18,NAYARIT,SAN BLAS,,,383,889,515,0.5793025871766029,0.4206974128233971,MORENA,161,0.312621359223301,43,0.08349514563106795,MC,118,0.229126213592233,80,0.1553398058252427,FxM,38,0.07378640776699029,MORENA,161,0.312621359223301,43,0.08349514563106795,MC,118,0.229126213592233,80,0.1553398058252427,FxM,38,0.07378640776699029,35,0.06796116504854369,27,0.05242718446601942,6,0.011650485436893204,16,0.031067961165048542,16,0.031067961165048542,118,0.229126213592233,161,0.312621359223301,9,0.017475728155339806,9,0.017475728155339806,33,0.06407766990291262,2,0.003883495145631068,3,0.005825242718446602,38,0.07378640776699029,2,0.003883495145631068,1,0.001941747572815534,0,0.0,0,0.0,9,0.017475728155339806,0,0.0,0,0.0,0,0.0,2,0.003883495145631068,0,0.0,3,0.005825242718446602,0,0.0,2,0.003883495145631068,0,0.0,3,0.005825242718446602,0,0.0,20,0.038834951456310676,515,1.0,ORIGEN,SECCION,COMPLETO
389,18,NAYARIT,SAN BLAS,,,384,355,238,0.6704225352112676,0.3295774647887324,MORENA,120,0.5042016806722689,78,0.3277310924369748,MC,42,0.17647058823529413,28,0.11764705882352941,MLN,14,0.058823529411764705,MORENA,120,0.5042016806722689,78,0.3277310924369748,MC,42,0.17647058823529413,28,0.11764705882352941,MLN,14,0.058823529411764705,10,0.04201680672268908,9,0.037815126050420166,1,0.004201680672268907,2,0.008403361344537815,7,0.029411764705882353,42,0.17647058823529413,120,0.5042016806722689,7,0.029411764705882353,3,0.012605042016806723,14,0.058823529411764705,0,0.0,3,0.012605042016806723,3,0.012605042016806723,1,0.004201680672268907,0,0.0,0,0.0,0,0.0,0,0.0,0,0.0,0,0.0,0,0.0,2,0.008403361344537815,2,0.008403361344537815,0,0.0,0,0.0,3,0.012605042016806723,0,0.0,0,0.0,0,0.0,9,0.037815126050420166,238,1.0,ORIGEN,SECCION,COMPLETO
390,18,NAYARIT,SAN BLAS,,,385,825,486,0.5890909090909091,0.4109090909090909,MORENA,179,0.3683127572016461,97,0.19958847736625515,MC,82,0.16872427983539096,24,0.04938271604938271,PAN,58,0.11934156378600823,MORENA,179,0.3683127572016461,97,0.19958847736625515,MC,82,0.16872427983539096,24,0.04938271604938271,PAN,58,0.11934156378600823,58,0.11934156378600823,16,0.03292181069958848,2,0.00411522633744856,17,0.03497942386831276,14,0.02880658436213992,82,0.16872427983539096,179,0.3683127572016461,9,0.018518518518518517,14,0.02880658436213992,8,0.01646090534979424,3,0.006172839506172839,6,0.012345679012345678,32,0.06584362139917696,4,0.00823045267489712,3,0.006172839506172839,0,0.0,0,0.0,9,0.018518518518518517,2,0.00411522633744856,0,0.0,1,0.00205761316872428,3,0.006172839506172839,0,0.0,0,0.0,1,0.00205761316872428,3,0.006172839506172839,1,0.00205761316872428,3,0.006172839506172839,0,0.0,16,0.03292181069958848,486,1.0,ORIGEN,SECCION,COMPLETO
391,18,NAYARIT,SAN BLAS,,,386,1302,749,0.5752688172043011,0.4247311827956989,MORENA,273,0.3644859813084112,89,0.11882510013351134,MC,184,0.24566088117489987,118,0.157543391188251,PAN,66,0.08811748998664887,MORENA,273,0.3644859813084112,89,0.11882510013351134,MC,184,0.24566088117489987,118,0.157543391188251,PAN,66,0.08811748998664887,66,0.08811748998664887,27,0.036048064085447265,4,0.0053404539385847796,25,0.03337783711615487,25,0.03337783711615487,184,0.24566088117489987,273,0.3644859813084112,15,0.020026702269692925,4,0.0053404539385847796,24,0.03204272363150868,5,0.006675567423230975,18,0.02403204272363151,28,0.037383177570093455,5,0.006675567423230975,0,0.0,2,0.0026702269692923898,0,0.0,9,0.012016021361815754,1,0.0013351134846461949,0,0.0,0,0.0,6,0.00801068090787717,1,0.0013351134846461949,1,0.0013351134846461949,0,0.0,2,0.0026702269692923898,1,0.0013351134846461949,4,0.0053404539385847796,0,0.0,19,0.025367156208277702,749,1.0,ORIGEN,SECCION,COMPLETO
392,18,NAYARIT,SAN BLAS,,,387,964,536,0.5560165975103735,0.44398340248962653,MORENA,188,0.35074626865671643,74,0.13805970149253732,MC,114,0.2126865671641791,61,0.11380597014925373,PAN,53,0.09888059701492537,MORENA,188,0.35074626865671643,74,0.13805970149253732,MC,114,0.2126865671641791,61,0.11380597014925373,PAN,53,0.09888059701492537,53,0.09888059701492537,25,0.04664179104477612,6,0.011194029850746268,19,0.03544776119402985,15,0.027985074626865673,114,0.2126865671641791,188,0.35074626865671643,14,0.026119402985074626,19,0.03544776119402985,20,0.03731343283582089,2,0.0037313432835820895,6,0.011194029850746268,10,0.018656716417910446,5,0.009328358208955223,0,0.0,0,0.0,0,0.0,8,0.014925373134328358,9,0.016791044776119403,0,0.0,0,0.0,1,0.0018656716417910447,0,0.0,2,0.0037313432835820895,0,0.0,0,0.0,0,0.0,2,0.0037313432835820895,0,0.0,18,0.033582089552238806,536,1.0,ORIGEN,SECCION,COMPLETO
393,18,NAYARIT,SAN BLAS,,,388,603,385,0.6384742951907131,0.3615257048092869,MORENA,121,0.3142857142857143,36,0.09350649350649351,MC,85,0.22077922077922077,48,0.12467532467532468,PAN,37,0.09610389610389611,MORENA,121,0.3142857142857143,36,0.09350649350649351,MC,85,0.22077922077922077,48,0.12467532467532468,PAN,37,0.09610389610389611,37,0.09610389610389611,20,0.05194805194805195,5,0.012987012987012988,20,0.05194805194805195,12,0.03116883116883117,85,0.22077922077922077,121,0.3142857142857143,7,0.01818181818181818,12,0.03116883116883117,7,0.01818181818181818,1,0.0025974025974025974,10,0.025974025974025976,18,0.046753246753246755,2,0.005194805194805195,1,0.0025974025974025974,0,0.0,0,0.0,4,0.01038961038961039,3,0.007792207792207792,0,0.0,1,0.0025974025974025974,1,0.0025974025974025974,0,0.0,1,0.0025974025974025974,1,0.0025974025974025974,0,0.0,2,0.005194805194805195,0,0.0,0,0.0,14,0.03636363636363636,385,1.0,ORIGEN,SECCION,COMPLETO
394,18,NAYARIT,SAN BLAS,,,389,661,407,0.6157337367624811,0.3842662632375189,MORENA,126,0.3095823095823096,29,0.07125307125307126,MC,97,0.23832923832923833,65,0.1597051597051597,PAN,32,0.07862407862407862,MORENA,126,0.3095823095823096,29,0.07125307125307126,MC,97,0.23832923832923833,65,0.1597051597051597,PAN,32,0.07862407862407862,32,0.07862407862407862,22,0.05405405405405406,3,0.007371007371007371,28,0.0687960687960688,12,0.029484029484029485,97,0.23832923832923833,126,0.3095823095823096,9,0.022113022113022112,11,0.02702702702702703,7,0.0171990171990172,0,0.0,13,0.03194103194103194,10,0.02457002457002457,10,0.02457002457002457,0,0.0,0,0.0,0,0.0,10,0.02457002457002457,0,0.0,0,0.0,0,0.0,0,0.0,0,0.0,0,0.0,0,0.0,0,0.0,0,0.0,0,0.0,0,0.0,17,0.04176904176904177,407,1.0,ORIGEN,SECCION,COMPLETO
395,18,NAYARIT,SAN BLAS,,,390,1032,645,0.625,0.375,MORENA,222,0.34418604651162793,85,0.13178294573643412,MC,137,0.2124031007751938,88,0.13643410852713178,PAN,49,0.07596899224806201,MORENA,222,0.34418604651162793,85,0.13178294573643412,MC,137,0.2124031007751938,88,0.13643410852713178,PAN,49,0.07596899224806201,49,0.07596899224806201,26,0.040310077519379844,6,0.009302325581395349,34,0.05271317829457364,19,0.02945736434108527,137,0.2124031007751938,222,0.34418604651162793,17,0.02635658914728682,8,0.012403100775193798,28,0.043410852713178294,2,0.0031007751937984496,10,0.015503875968992248,26,0.040310077519379844,2,0.0031007751937984496,0,0.0,0,0.0,0,0.0,14,0.021705426356589147,2,0.0031007751937984496,0,0.0,2,0.0031007751937984496,1,0.0015503875968992248,0,0.0,5,0.007751937984496124,1,0.0015503875968992248,3,0.004651162790697674,1,0.0015503875968992248,4,0.006201550387596899,0,0.0,26,0.040310077519379844,645,1.0,ORIGEN,SECCION,COMPLETO
396,18,NAYARIT,SAN BLAS,,,391,293,177,0.6040955631399317,0.39590443686006827,MC,62,0.3502824858757062,22,0.12429378531073447,MORENA,40,0.22598870056497175,22,0.12429378531073447,PRI,18,0.1016949152542373,MC,62,0.3502824858757062,22,0.12429378531073447,MORENA,40,0.22598870056497175,22,0.12429378531073447,PRI,18,0.1016949152542373,10,0.05649717514124294,18,0.1016949152542373,2,0.011299435028248588,10,0.05649717514124294,4,0.022598870056497175,62,0.3502824858757062,40,0.22598870056497175,1,0.005649717514124294,0,0.0,14,0.07909604519774012,2,0.011299435028248588,0,0.0,3,0.01694915254237288,2,0.011299435028248588,0,0.0,0,0.0,0,0.0,3,0.01694915254237288,1,0.005649717514124294,0,0.0,0,0.0,0,0.0,0,0.0,0,0.0,0,0.0,0,0.0,0,0.0,0,0.0,0,0.0,5,0.02824858757062147,177,1.0,ORIGEN,SECCION,COMPLETO
397,18,NAYARIT,SAN BLAS,,,392,734,424,0.5776566757493188,0.4223433242506812,MORENA,132,0.3113207547169811,28,0.0660377358490566,MC,104,0.24528301886792453,50,0.1179245283018868,PAN,54,0.12735849056603774,MORENA,132,0.3113207547169811,28,0.0660377358490566,MC,104,0.24528301886792453,50,0.1179245283018868,PAN,54,0.12735849056603774,54,0.12735849056603774,19,0.04481132075471698,1,0.0023584905660377358,11,0.025943396226415096,16,0.03773584905660377,104,0.24528301886792453,132,0.3113207547169811,5,0.01179245283018868,1,0.0023584905660377358,24,0.05660377358490566,2,0.0047169811320754715,24,0.05660377358490566,4,0.009433962264150943,1,0.0023584905660377358,3,0.007075471698113208,0,0.0,0,0.0,1,0.0023584905660377358,1,0.0023584905660377358,1,0.0023584905660377358,2,0.0047169811320754715,1,0.0023584905660377358,0,0.0,2,0.0047169811320754715,0,0.0,2,0.0047169811320754715,1,0.0023584905660377358,2,0.0047169811320754715,0,0.0,10,0.02358490566037736,424,1.0,ORIGEN,SECCION,COMPLETO
398,18,NAYARIT,SAN BLAS,,,393,466,276,0.592274678111588,0.40772532188841204,MORENA,105,0.3804347826086957,67,0.2427536231884058,MC,38,0.13768115942028986,5,0.018115942028985508,PAN,33,0.11956521739130435,MORENA,105,0.3804347826086957,67,0.2427536231884058,MC,38,0.13768115942028986,5,0.018115942028985508,PAN,33,0.11956521739130435,33,0.11956521739130435,16,0.057971014492753624,5,0.018115942028985508,5,0.018115942028985508,11,0.03985507246376811,38,0.13768115942028986,105,0.3804347826086957,3,0.010869565217391304,2,0.007246376811594203,22,0.07971014492753623,1,0.0036231884057971015,14,0.050724637681159424,2,0.007246376811594203,0,0.0,2,0.007246376811594203,0,0.0,0,0.0,0,0.0,0,0.0,0,0.0,2,0.007246376811594203,1,0.0036231884057971015,0,0.0,0,0.0,0,0.0,1,0.0036231884057971015,0,0.0,2,0.007246376811594203,0,0.0,11,0.03985507246376811,276,1.0,ORIGEN,SECCION,COMPLETO
399,18,NAYARIT,SAN BLAS,,,394,305,174,0.5704918032786885,0.42950819672131146,MC,73,0.41954022988505746,30,0.1724137931034483,MORENA,43,0.2471264367816092,26,0.14942528735632185,MLN,17,0.09770114942528736,MC,73,0.41954022988505746,30,0.1724137931034483,MORENA,43,0.2471264367816092,26,0.14942528735632185,MLN,17,0.09770114942528736,1,0.005747126436781609,4,0.022988505747126436,0,0.0,9,0.05172413793103448,4,0.022988505747126436,73,0.41954022988505746,43,0.2471264367816092,1,0.005747126436781609,0,0.0,17,0.09770114942528736,1,0.005747126436781609,2,0.011494252873563218,2,0.011494252873563218,0,0.0,0,0.0,0,0.0,0,0.0,1,0.005747126436781609,0,0.0,1,0.005747126436781609,1,0.005747126436781609,0,0.0,0,0.0,1,0.005747126436781609,0,0.0,1,0.005747126436781609,1,0.005747126436781609,2,0.011494252873563218,0,0.0,9,0.05172413793103448,174,1.0,ORIGEN,SECCION,COMPLETO
400,18,NAYARIT,SAN BLAS,,,395,939,528,0.5623003194888179,0.43769968051118213,MORENA,165,0.3125,76,0.14393939393939395,MC,89,0.16856060606060605,1,0.001893939393939394,PAN,88,0.16666666666666666,MORENA,165,0.3125,76,0.14393939393939395,MC,89,0.16856060606060605,1,0.001893939393939394,PAN,88,0.16666666666666666,88,0.16666666666666666,32,0.06060606060606061,6,0.011363636363636364,11,0.020833333333333332,8,0.015151515151515152,89,0.16856060606060605,165,0.3125,3,0.005681818181818182,28,0.05303030303030303,23,0.043560606060606064,2,0.003787878787878788,5,0.00946969696969697,39,0.07386363636363637,5,0.00946969696969697,5,0.00946969696969697,0,0.0,0,0.0,3,0.005681818181818182,1,0.001893939393939394,0,0.0,0,0.0,0,0.0,0,0.0,0,0.0,0,0.0,2,0.003787878787878788,0,0.0,0,0.0,0,0.0,13,0.02462121212121212,528,1.0,ORIGEN,SECCION,COMPLETO
401,18,NAYARIT,SAN BLAS,,,396,315,193,0.6126984126984127,0.38730158730158726,MORENA,61,0.3160621761658031,29,0.15025906735751296,MLN,32,0.16580310880829016,10,0.05181347150259067,PAN,22,0.11398963730569948,MORENA,61,0.3160621761658031,29,0.15025906735751296,MLN,32,0.16580310880829016,10,0.05181347150259067,PAN,22,0.11398963730569948,22,0.11398963730569948,11,0.05699481865284974,1,0.0051813471502590676,4,0.02072538860103627,9,0.046632124352331605,20,0.10362694300518134,61,0.3160621761658031,8,0.04145077720207254,2,0.010362694300518135,32,0.16580310880829016,2,0.010362694300518135,1,0.0051813471502590676,5,0.025906735751295335,0,0.0,0,0.0,0,0.0,0,0.0,4,0.02072538860103627,0,0.0,0,0.0,0,0.0,0,0.0,0,0.0,0,0.0,0,0.0,0,0.0,0,0.0,0,0.0,0,0.0,11,0.05699481865284974,193,1.0,ORIGEN,SECCION,COMPLETO
402,18,NAYARIT,SAN PEDRO LAGUNILLAS,,,398,867,598,0.6897347174163783,0.31026528258362174,MC,182,0.30434782608695654,42,0.07023411371237458,MORENA,140,0.23411371237458195,54,0.0903010033444816,MLN,86,0.14381270903010032,MC,182,0.30434782608695654,42,0.07023411371237458,MORENA,140,0.23411371237458195,54,0.0903010033444816,MLN,86,0.14381270903010032,30,0.05016722408026756,20,0.033444816053511704,1,0.0016722408026755853,19,0.03177257525083612,34,0.056856187290969896,182,0.30434782608695654,140,0.23411371237458195,13,0.021739130434782608,11,0.01839464882943144,86,0.14381270903010032,0,0.0,11,0.01839464882943144,2,0.0033444816053511705,4,0.006688963210702341,0,0.0,0,0.0,0,0.0,12,0.020066889632107024,4,0.006688963210702341,0,0.0,0,0.0,2,0.0033444816053511705,2,0.0033444816053511705,0,0.0,0,0.0,2,0.0033444816053511705,0,0.0,0,0.0,0,0.0,23,0.038461538461538464,598,1.0,ORIGEN,SECCION,COMPLETO
403,18,NAYARIT,SAN PEDRO LAGUNILLAS,,,399,827,549,0.6638452237001209,0.3361547762998791,MC,162,0.29508196721311475,2,0.0036429872495446266,MORENA,160,0.29143897996357016,77,0.14025500910746813,MLN,83,0.151183970856102,MC,162,0.29508196721311475,2,0.0036429872495446266,MORENA,160,0.29143897996357016,77,0.14025500910746813,MLN,83,0.151183970856102,36,0.06557377049180328,18,0.03278688524590164,0,0.0,7,0.012750455373406194,14,0.025500910746812388,162,0.29508196721311475,160,0.29143897996357016,20,0.03642987249544627,5,0.009107468123861567,83,0.151183970856102,1,0.0018214936247723133,6,0.01092896174863388,8,0.014571948998178506,2,0.0036429872495446266,0,0.0,0,0.0,0,0.0,7,0.012750455373406194,3,0.00546448087431694,0,0.0,0,0.0,1,0.0018214936247723133,0,0.0,1,0.0018214936247723133,0,0.0,2,0.0036429872495446266,0,0.0,2,0.0036429872495446266,0,0.0,11,0.020036429872495445,549,1.0,ORIGEN,SECCION,COMPLETO
404,18,NAYARIT,SAN PEDRO LAGUNILLAS,,,400,781,531,0.6798975672215108,0.32010243277848915,MC,196,0.3691148775894539,47,0.08851224105461393,MORENA,149,0.2806026365348399,96,0.1807909604519774,MLN,53,0.09981167608286252,MC,196,0.3691148775894539,47,0.08851224105461393,MORENA,149,0.2806026365348399,96,0.1807909604519774,MLN,53,0.09981167608286252,11,0.02071563088512241,31,0.0583804143126177,0,0.0,11,0.02071563088512241,22,0.04143126177024482,196,0.3691148775894539,149,0.2806026365348399,11,0.02071563088512241,2,0.003766478342749529,53,0.09981167608286252,1,0.0018832391713747645,12,0.022598870056497175,8,0.015065913370998116,1,0.0018832391713747645,1,0.0018832391713747645,0,0.0,0,0.0,6,0.011299435028248588,0,0.0,0,0.0,2,0.003766478342749529,0,0.0,1,0.0018832391713747645,1,0.0018832391713747645,0,0.0,2,0.003766478342749529,1,0.0018832391713747645,0,0.0,0,0.0,9,0.01694915254237288,531,1.0,ORIGEN,SECCION,COMPLETO
405,18,NAYARIT,SAN PEDRO LAGUNILLAS,,,401,975,655,0.6717948717948717,0.32820512820512826,MC,258,0.3938931297709924,97,0.1480916030534351,MORENA,161,0.24580152671755726,79,0.12061068702290076,MLN,82,0.1251908396946565,MC,258,0.3938931297709924,97,0.1480916030534351,MORENA,161,0.24580152671755726,79,0.12061068702290076,MLN,82,0.1251908396946565,10,0.015267175572519083,15,0.022900763358778626,1,0.0015267175572519084,11,0.016793893129770993,15,0.022900763358778626,258,0.3938931297709924,161,0.24580152671755726,21,0.03206106870229008,5,0.007633587786259542,82,0.1251908396946565,2,0.0030534351145038168,12,0.0183206106870229,18,0.02748091603053435,0,0.0,0,0.0,0,0.0,0,0.0,17,0.025954198473282442,4,0.0061068702290076335,1,0.0015267175572519084,1,0.0015267175572519084,4,0.0061068702290076335,0,0.0,1,0.0015267175572519084,0,0.0,0,0.0,0,0.0,1,0.0015267175572519084,0,0.0,15,0.022900763358778626,655,1.0,ORIGEN,SECCION,COMPLETO
406,18,NAYARIT,SAN PEDRO LAGUNILLAS,,,402,195,162,0.8307692307692308,0.16923076923076918,MLN,59,0.36419753086419754,26,0.16049382716049382,MC,33,0.2037037037037037,2,0.012345679012345678,MORENA,31,0.19135802469135801,MLN,59,0.36419753086419754,26,0.16049382716049382,MC,33,0.2037037037037037,2,0.012345679012345678,MORENA,31,0.19135802469135801,2,0.012345679012345678,13,0.08024691358024691,0,0.0,8,0.04938271604938271,7,0.043209876543209874,33,0.2037037037037037,31,0.19135802469135801,3,0.018518518518518517,0,0.0,59,0.36419753086419754,0,0.0,0,0.0,0,0.0,0,0.0,2,0.012345679012345678,0,0.0,0,0.0,0,0.0,1,0.006172839506172839,0,0.0,0,0.0,0,0.0,0,0.0,0,0.0,0,0.0,0,0.0,0,0.0,0,0.0,0,0.0,3,0.018518518518518517,162,1.0,ORIGEN,SECCION,COMPLETO
407,18,NAYARIT,SAN PEDRO LAGUNILLAS,,,403,307,194,0.6319218241042345,0.3680781758957655,MORENA,70,0.36082474226804123,24,0.12371134020618557,MC,46,0.23711340206185566,32,0.16494845360824742,PAN,14,0.07216494845360824,MORENA,70,0.36082474226804123,24,0.12371134020618557,MC,46,0.23711340206185566,32,0.16494845360824742,PAN,14,0.07216494845360824,14,0.07216494845360824,7,0.03608247422680412,0,0.0,6,0.030927835051546393,7,0.03608247422680412,46,0.23711340206185566,70,0.36082474226804123,3,0.015463917525773196,0,0.0,10,0.05154639175257732,1,0.005154639175257732,2,0.010309278350515464,5,0.02577319587628866,13,0.06701030927835051,0,0.0,0,0.0,0,0.0,3,0.015463917525773196,0,0.0,0,0.0,0,0.0,0,0.0,0,0.0,0,0.0,0,0.0,2,0.010309278350515464,0,0.0,1,0.005154639175257732,0,0.0,4,0.020618556701030927,194,1.0,ORIGEN,SECCION,COMPLETO
408,18,NAYARIT,SAN PEDRO LAGUNILLAS,,,404,344,223,0.6482558139534884,0.3517441860465116,MC,83,0.3721973094170404,15,0.06726457399103139,MORENA,68,0.30493273542600896,49,0.21973094170403587,PRI,19,0.08520179372197309,MC,83,0.3721973094170404,15,0.06726457399103139,MORENA,68,0.30493273542600896,49,0.21973094170403587,PRI,19,0.08520179372197309,16,0.07174887892376682,19,0.08520179372197309,1,0.004484304932735426,3,0.013452914798206279,8,0.03587443946188341,83,0.3721973094170404,68,0.30493273542600896,0,0.0,1,0.004484304932735426,10,0.04484304932735426,1,0.004484304932735426,2,0.008968609865470852,2,0.008968609865470852,0,0.0,1,0.004484304932735426,0,0.0,0,0.0,2,0.008968609865470852,1,0.004484304932735426,0,0.0,0,0.0,0,0.0,0,0.0,0,0.0,0,0.0,2,0.008968609865470852,0,0.0,0,0.0,0,0.0,3,0.013452914798206279,223,1.0,ORIGEN,SECCION,COMPLETO
409,18,NAYARIT,SAN PEDRO LAGUNILLAS,,,405,104,80,0.7692307692307693,0.23076923076923073,MORENA,27,0.3375,10,0.125,NAN,17,0.2125,10,0.125,MC,7,0.0875,MORENA,27,0.3375,10,0.125,NAN,17,0.2125,10,0.125,MC,7,0.0875,3,0.0375,4,0.05,2,0.025,4,0.05,4,0.05,7,0.0875,27,0.3375,17,0.2125,0,0.0,3,0.0375,0,0.0,0,0.0,1,0.0125,0,0.0,0,0.0,0,0.0,0,0.0,2,0.025,1,0.0125,0,0.0,0,0.0,0,0.0,0,0.0,1,0.0125,0,0.0,0,0.0,0,0.0,2,0.025,0,0.0,2,0.025,80,1.0,ORIGEN,SECCION,COMPLETO
410,18,NAYARIT,SAN PEDRO LAGUNILLAS,,,406,546,313,0.5732600732600732,0.4267399267399268,MC,103,0.329073482428115,23,0.07348242811501597,MORENA,80,0.25559105431309903,54,0.17252396166134185,PRI,26,0.08306709265175719,MC,103,0.329073482428115,23,0.07348242811501597,MORENA,80,0.25559105431309903,54,0.17252396166134185,PRI,26,0.08306709265175719,19,0.06070287539936102,26,0.08306709265175719,15,0.04792332268370607,15,0.04792332268370607,18,0.05750798722044728,103,0.329073482428115,80,0.25559105431309903,3,0.009584664536741214,0,0.0,1,0.003194888178913738,0,0.0,5,0.01597444089456869,5,0.01597444089456869,3,0.009584664536741214,0,0.0,0,0.0,0,0.0,0,0.0,0,0.0,0,0.0,0,0.0,0,0.0,0,0.0,1,0.003194888178913738,0,0.0,6,0.019169329073482427,1,0.003194888178913738,0,0.0,0,0.0,12,0.038338658146964855,313,1.0,ORIGEN,SECCION,COMPLETO
411,18,NAYARIT,SAN PEDRO LAGUNILLAS,,,407,253,175,0.691699604743083,0.308300395256917,MC,66,0.37714285714285717,28,0.16,MORENA,38,0.21714285714285714,18,0.10285714285714286,PAN,20,0.11428571428571428,MC,66,0.37714285714285717,28,0.16,MORENA,38,0.21714285714285714,18,0.10285714285714286,PAN,20,0.11428571428571428,20,0.11428571428571428,4,0.022857142857142857,0,0.0,16,0.09142857142857143,5,0.02857142857142857,66,0.37714285714285717,38,0.21714285714285714,2,0.011428571428571429,0,0.0,6,0.03428571428571429,0,0.0,0,0.0,5,0.02857142857142857,0,0.0,0,0.0,0,0.0,0,0.0,2,0.011428571428571429,0,0.0,2,0.011428571428571429,0,0.0,1,0.005714285714285714,1,0.005714285714285714,0,0.0,0,0.0,1,0.005714285714285714,1,0.005714285714285714,0,0.0,0,0.0,5,0.02857142857142857,175,1.0,ORIGEN,SECCION,COMPLETO
412,18,NAYARIT,SAN PEDRO LAGUNILLAS,,,408,491,318,0.6476578411405295,0.3523421588594705,MC,98,0.3081761006289308,28,0.0880503144654088,MORENA,70,0.22012578616352202,33,0.10377358490566038,PAN,37,0.11635220125786164,MC,98,0.3081761006289308,28,0.0880503144654088,MORENA,70,0.22012578616352202,33,0.10377358490566038,PAN,37,0.11635220125786164,37,0.11635220125786164,11,0.03459119496855346,0,0.0,29,0.09119496855345911,3,0.009433962264150943,98,0.3081761006289308,70,0.22012578616352202,13,0.040880503144654086,1,0.0031446540880503146,10,0.031446540880503145,1,0.0031446540880503146,5,0.015723270440251572,11,0.03459119496855346,5,0.015723270440251572,0,0.0,1,0.0031446540880503146,0,0.0,6,0.018867924528301886,2,0.006289308176100629,0,0.0,1,0.0031446540880503146,0,0.0,1,0.0031446540880503146,0,0.0,0,0.0,1,0.0031446540880503146,0,0.0,2,0.006289308176100629,0,0.0,10,0.031446540880503145,318,1.0,ORIGEN,SECCION,COMPLETO
413,18,NAYARIT,SAN PEDRO LAGUNILLAS,,,409,330,236,0.7151515151515152,0.2848484848484848,MC,59,0.25,15,0.0635593220338983,PT,44,0.1864406779661017,0,0.0,MORENA,44,0.1864406779661017,MC,59,0.25,15,0.0635593220338983,PT,44,0.1864406779661017,0,0.0,MORENA,44,0.1864406779661017,27,0.11440677966101695,12,0.05084745762711865,0,0.0,44,0.1864406779661017,7,0.029661016949152543,59,0.25,44,0.1864406779661017,5,0.0211864406779661,1,0.00423728813559322,8,0.03389830508474576,1,0.00423728813559322,0,0.0,13,0.05508474576271186,2,0.00847457627118644,2,0.00847457627118644,0,0.0,0,0.0,3,0.012711864406779662,0,0.0,0,0.0,0,0.0,0,0.0,0,0.0,0,0.0,0,0.0,1,0.00423728813559322,0,0.0,3,0.012711864406779662,0,0.0,4,0.01694915254237288,236,1.0,ORIGEN,SECCION,COMPLETO
414,18,NAYARIT,SAN PEDRO LAGUNILLAS,,,410,704,419,0.5951704545454546,0.4048295454545454,MORENA,74,0.1766109785202864,2,0.00477326968973747,PVEM,72,0.1718377088305489,8,0.01909307875894988,PAN,64,0.15274463007159905,MORENA,74,0.1766109785202864,2,0.00477326968973747,PVEM,72,0.1718377088305489,8,0.01909307875894988,PAN,64,0.15274463007159905,64,0.15274463007159905,39,0.09307875894988067,6,0.014319809069212411,15,0.03579952267303103,72,0.1718377088305489,56,0.13365155131264916,74,0.1766109785202864,17,0.0405727923627685,1,0.002386634844868735,14,0.03341288782816229,1,0.002386634844868735,1,0.002386634844868735,13,0.031026252983293555,4,0.00954653937947494,2,0.00477326968973747,1,0.002386634844868735,0,0.0,8,0.01909307875894988,1,0.002386634844868735,0,0.0,0,0.0,0,0.0,2,0.00477326968973747,1,0.002386634844868735,0,0.0,4,0.00954653937947494,1,0.002386634844868735,2,0.00477326968973747,0,0.0,20,0.0477326968973747,419,1.0,ORIGEN,SECCION,COMPLETO
415,18,NAYARIT,SANTA MARIA DEL ORO,,,411,1730,1053,0.6086705202312138,0.3913294797687862,MORENA,310,0.2943969610636277,46,0.04368471035137702,MC,264,0.25071225071225073,169,0.16049382716049382,PRI,95,0.09021842355175688,MORENA,310,0.2943969610636277,46,0.04368471035137702,MC,264,0.25071225071225073,169,0.16049382716049382,PRI,95,0.09021842355175688,52,0.04938271604938271,95,0.09021842355175688,16,0.015194681861348529,42,0.039886039886039885,42,0.039886039886039885,264,0.25071225071225073,310,0.2943969610636277,29,0.027540360873694207,9,0.008547008547008548,25,0.023741690408357077,5,0.004748338081671415,44,0.04178537511870845,9,0.008547008547008548,12,0.011396011396011397,3,0.002849002849002849,2,0.001899335232668566,1,0.000949667616334283,23,0.02184235517568851,9,0.008547008547008548,1,0.000949667616334283,4,0.003798670465337132,2,0.001899335232668566,2,0.001899335232668566,1,0.000949667616334283,0,0.0,4,0.003798670465337132,0,0.0,4,0.003798670465337132,0,0.0,43,0.04083570750237417,1053,1.0,ORIGEN,SECCION,COMPLETO
416,18,NAYARIT,SANTA MARIA DEL ORO,,,412,2209,1433,0.6487098234495247,0.35129017655047534,MORENA,388,0.27076064200976974,47,0.03279832519190509,MC,341,0.23796231681786462,189,0.13189113747383113,PRI,152,0.1060711793440335,MORENA,388,0.27076064200976974,47,0.03279832519190509,MC,341,0.23796231681786462,189,0.13189113747383113,PRI,152,0.1060711793440335,48,0.03349616189811584,152,0.1060711793440335,16,0.011165387299371946,55,0.03838101884159107,47,0.03279832519190509,341,0.23796231681786462,388,0.27076064200976974,78,0.05443126308443824,15,0.0104675505931612,78,0.05443126308443824,5,0.0034891835310537334,50,0.034891835310537335,6,0.00418702023726448,12,0.00837404047452896,3,0.00209351011863224,1,0.0006978367062107466,2,0.0013956734124214933,49,0.034193998604326585,9,0.00628053035589672,3,0.00209351011863224,7,0.004884856943475227,6,0.00418702023726448,4,0.0027913468248429866,4,0.0027913468248429866,1,0.0006978367062107466,2,0.0013956734124214933,5,0.0034891835310537334,10,0.006978367062107467,0,0.0,36,0.02512212142358688,1433,1.0,ORIGEN,SECCION,COMPLETO
417,18,NAYARIT,SANTA MARIA DEL ORO,,,413,277,159,0.5740072202166066,0.42599277978339345,MORENA,62,0.389937106918239,48,0.3018867924528302,PRI,14,0.0880503144654088,1,0.006289308176100629,MLN,13,0.08176100628930817,MORENA,62,0.389937106918239,48,0.3018867924528302,PRI,14,0.0880503144654088,1,0.006289308176100629,MLN,13,0.08176100628930817,6,0.03773584905660377,14,0.0880503144654088,0,0.0,6,0.03773584905660377,12,0.07547169811320754,10,0.06289308176100629,62,0.389937106918239,4,0.025157232704402517,2,0.012578616352201259,13,0.08176100628930817,0,0.0,2,0.012578616352201259,0,0.0,0,0.0,0,0.0,0,0.0,1,0.006289308176100629,6,0.03773584905660377,1,0.006289308176100629,4,0.025157232704402517,0,0.0,1,0.006289308176100629,0,0.0,0,0.0,0,0.0,2,0.012578616352201259,0,0.0,5,0.031446540880503145,0,0.0,8,0.050314465408805034,159,1.0,ORIGEN,SECCION,COMPLETO
418,18,NAYARIT,SANTA MARIA DEL ORO,,,414,801,465,0.5805243445692884,0.41947565543071164,MORENA,128,0.2752688172043011,40,0.08602150537634409,MC,88,0.18924731182795698,33,0.07096774193548387,PRI,55,0.11827956989247312,MORENA,128,0.2752688172043011,40,0.08602150537634409,MC,88,0.18924731182795698,33,0.07096774193548387,PRI,55,0.11827956989247312,13,0.02795698924731183,55,0.11827956989247312,15,0.03225806451612903,27,0.05806451612903226,12,0.025806451612903226,88,0.18924731182795698,128,0.2752688172043011,20,0.043010752688172046,14,0.030107526881720432,38,0.08172043010752689,2,0.004301075268817204,1,0.002150537634408602,4,0.008602150537634409,6,0.012903225806451613,0,0.0,0,0.0,0,0.0,18,0.03870967741935484,2,0.004301075268817204,0,0.0,2,0.004301075268817204,0,0.0,0,0.0,0,0.0,0,0.0,1,0.002150537634408602,0,0.0,0,0.0,0,0.0,19,0.04086021505376344,465,1.0,ORIGEN,SECCION,COMPLETO
419,18,NAYARIT,SANTA MARIA DEL ORO,,,415,741,473,0.6383265856950068,0.3616734143049932,MORENA,122,0.25792811839323465,10,0.021141649048625793,MC,112,0.23678646934460887,72,0.1522198731501057,PRI,40,0.08456659619450317,MORENA,122,0.25792811839323465,10,0.021141649048625793,MC,112,0.23678646934460887,72,0.1522198731501057,PRI,40,0.08456659619450317,24,0.0507399577167019,40,0.08456659619450317,18,0.03805496828752643,18,0.03805496828752643,17,0.035940803382663845,112,0.23678646934460887,122,0.25792811839323465,15,0.03171247357293869,3,0.006342494714587738,40,0.08456659619450317,0,0.0,4,0.008456659619450317,7,0.014799154334038054,7,0.014799154334038054,0,0.0,1,0.0021141649048625794,0,0.0,12,0.02536997885835095,3,0.006342494714587738,1,0.0021141649048625794,3,0.006342494714587738,1,0.0021141649048625794,2,0.004228329809725159,0,0.0,0,0.0,1,0.0021141649048625794,0,0.0,0,0.0,0,0.0,22,0.046511627906976744,473,1.0,ORIGEN,SECCION,COMPLETO
420,18,NAYARIT,SANTA MARIA DEL ORO,,,416,1316,829,0.6299392097264438,0.3700607902735562,MORENA,189,0.22798552472858866,11,0.013268998793727383,MC,178,0.2147165259348613,71,0.0856453558504222,PRI,107,0.12907117008443908,MORENA,189,0.22798552472858866,11,0.013268998793727383,MC,178,0.2147165259348613,71,0.0856453558504222,PRI,107,0.12907117008443908,18,0.021712907117008445,107,0.12907117008443908,36,0.04342581423401689,54,0.06513872135102533,26,0.031363088057901084,178,0.2147165259348613,189,0.22798552472858866,24,0.028950542822677925,4,0.0048250904704463205,86,0.1037394451145959,3,0.0036188178528347406,23,0.027744270205066344,3,0.0036188178528347406,11,0.013268998793727383,0,0.0,1,0.0012062726176115801,1,0.0012062726176115801,10,0.012062726176115802,6,0.007237635705669481,1,0.0012062726176115801,2,0.0024125452352231603,0,0.0,3,0.0036188178528347406,0,0.0,0,0.0,7,0.008443908323281062,2,0.0024125452352231603,2,0.0024125452352231603,0,0.0,32,0.038600723763570564,829,1.0,ORIGEN,SECCION,COMPLETO
421,18,NAYARIT,SANTA MARIA DEL ORO,,,417,340,223,0.6558823529411765,0.34411764705882353,MORENA,75,0.336322869955157,41,0.18385650224215247,PRI,34,0.15246636771300448,16,0.07174887892376682,MC,18,0.08071748878923767,MORENA,75,0.336322869955157,41,0.18385650224215247,PRI,34,0.15246636771300448,16,0.07174887892376682,MC,18,0.08071748878923767,8,0.03587443946188341,34,0.15246636771300448,6,0.026905829596412557,15,0.06726457399103139,12,0.053811659192825115,18,0.08071748878923767,75,0.336322869955157,15,0.06726457399103139,0,0.0,5,0.02242152466367713,0,0.0,7,0.03139013452914798,1,0.004484304932735426,4,0.017937219730941704,1,0.004484304932735426,0,0.0,0,0.0,9,0.04035874439461883,1,0.004484304932735426,0,0.0,0,0.0,1,0.004484304932735426,0,0.0,1,0.004484304932735426,0,0.0,0,0.0,0,0.0,1,0.004484304932735426,0,0.0,9,0.04035874439461883,223,1.0,ORIGEN,SECCION,COMPLETO
422,18,NAYARIT,SANTA MARIA DEL ORO,,,418,441,280,0.6349206349206349,0.3650793650793651,MORENA,76,0.2714285714285714,16,0.05714285714285714,PRI,60,0.21428571428571427,8,0.02857142857142857,MC,52,0.18571428571428572,MORENA,76,0.2714285714285714,16,0.05714285714285714,PRI,60,0.21428571428571427,8,0.02857142857142857,MC,52,0.18571428571428572,9,0.03214285714285714,60,0.21428571428571427,2,0.007142857142857143,8,0.02857142857142857,10,0.03571428571428571,52,0.18571428571428572,76,0.2714285714285714,26,0.09285714285714286,2,0.007142857142857143,3,0.010714285714285714,0,0.0,3,0.010714285714285714,2,0.007142857142857143,3,0.010714285714285714,4,0.014285714285714285,0,0.0,1,0.0035714285714285713,2,0.007142857142857143,0,0.0,0,0.0,0,0.0,0,0.0,1,0.0035714285714285713,0,0.0,1,0.0035714285714285713,2,0.007142857142857143,0,0.0,0,0.0,0,0.0,13,0.04642857142857143,280,1.0,ORIGEN,SECCION,COMPLETO
423,18,NAYARIT,SANTA MARIA DEL ORO,,,419,576,385,0.6684027777777778,0.3315972222222222,MORENA,81,0.21038961038961038,12,0.03116883116883117,MC,69,0.17922077922077922,13,0.033766233766233764,PRI,56,0.14545454545454545,MORENA,81,0.21038961038961038,12,0.03116883116883117,MC,69,0.17922077922077922,13,0.033766233766233764,PRI,56,0.14545454545454545,9,0.023376623376623377,56,0.14545454545454545,4,0.01038961038961039,17,0.04415584415584416,27,0.07012987012987013,69,0.17922077922077922,81,0.21038961038961038,19,0.04935064935064935,2,0.005194805194805195,18,0.046753246753246755,0,0.0,13,0.033766233766233764,10,0.025974025974025976,6,0.015584415584415584,3,0.007792207792207792,0,0.0,0,0.0,8,0.02077922077922078,0,0.0,0,0.0,1,0.0025974025974025974,4,0.01038961038961039,1,0.0025974025974025974,2,0.005194805194805195,0,0.0,1,0.0025974025974025974,0,0.0,5,0.012987012987012988,0,0.0,29,0.07532467532467532,385,1.0,ORIGEN,SECCION,COMPLETO
424,18,NAYARIT,SANTA MARIA DEL ORO,,,420,412,233,0.5655339805825242,0.43446601941747576,MORENA,78,0.33476394849785407,20,0.08583690987124463,MC,58,0.24892703862660945,38,0.1630901287553648,PRI,20,0.08583690987124463,MORENA,78,0.33476394849785407,20,0.08583690987124463,MC,58,0.24892703862660945,38,0.1630901287553648,PRI,20,0.08583690987124463,3,0.012875536480686695,20,0.08583690987124463,4,0.017167381974248927,15,0.06437768240343347,6,0.02575107296137339,58,0.24892703862660945,78,0.33476394849785407,3,0.012875536480686695,12,0.05150214592274678,2,0.008583690987124463,2,0.008583690987124463,2,0.008583690987124463,0,0.0,2,0.008583690987124463,0,0.0,0,0.0,0,0.0,8,0.034334763948497854,1,0.004291845493562232,0,0.0,1,0.004291845493562232,3,0.012875536480686695,0,0.0,1,0.004291845493562232,0,0.0,1,0.004291845493562232,1,0.004291845493562232,2,0.008583690987124463,0,0.0,8,0.034334763948497854,233,1.0,ORIGEN,SECCION,COMPLETO
425,18,NAYARIT,SANTA MARIA DEL ORO,,,421,1948,1094,0.5616016427104723,0.4383983572895277,MORENA,362,0.33089579524680074,91,0.08318098720292505,MC,271,0.2477148080438757,126,0.11517367458866545,PRI,145,0.13254113345521024,MORENA,362,0.33089579524680074,91,0.08318098720292505,MC,271,0.2477148080438757,126,0.11517367458866545,PRI,145,0.13254113345521024,47,0.04296160877513711,145,0.13254113345521024,9,0.008226691042047532,37,0.033820840950639856,18,0.016453382084095063,271,0.2477148080438757,362,0.33089579524680074,29,0.026508226691042046,21,0.019195612431444242,47,0.04296160877513711,0,0.0,17,0.015539305301645339,10,0.009140767824497258,9,0.008226691042047532,1,0.0009140767824497258,0,0.0,1,0.0009140767824497258,17,0.015539305301645339,5,0.004570383912248629,2,0.0018281535648994515,2,0.0018281535648994515,3,0.002742230347349177,0,0.0,2,0.0018281535648994515,1,0.0009140767824497258,1,0.0009140767824497258,1,0.0009140767824497258,1,0.0009140767824497258,0,0.0,35,0.031992687385740404,1094,1.0,ORIGEN,SECCION,COMPLETO
426,18,NAYARIT,SANTA MARIA DEL ORO,,,422,712,467,0.6558988764044944,0.3441011235955056,MORENA,112,0.2398286937901499,31,0.06638115631691649,MC,81,0.1734475374732334,1,0.0021413276231263384,PRI,80,0.17130620985010706,MORENA,112,0.2398286937901499,31,0.06638115631691649,MC,81,0.1734475374732334,1,0.0021413276231263384,PRI,80,0.17130620985010706,3,0.006423982869379015,80,0.17130620985010706,17,0.03640256959314775,45,0.09635974304068523,36,0.07708779443254818,81,0.1734475374732334,112,0.2398286937901499,30,0.06423982869379015,7,0.014989293361884369,5,0.010706638115631691,1,0.0021413276231263384,4,0.008565310492505354,1,0.0021413276231263384,2,0.004282655246252677,0,0.0,0,0.0,1,0.0021413276231263384,5,0.010706638115631691,6,0.01284796573875803,3,0.006423982869379015,2,0.004282655246252677,2,0.004282655246252677,4,0.008565310492505354,0,0.0,2,0.004282655246252677,2,0.004282655246252677,0,0.0,0,0.0,0,0.0,16,0.034261241970021415,467,1.0,ORIGEN,SECCION,COMPLETO
427,18,NAYARIT,SANTA MARIA DEL ORO,,,423,689,440,0.6386066763425254,0.36139332365747456,MORENA,118,0.2681818181818182,30,0.06818181818181818,MC,88,0.2,5,0.011363636363636364,PRI,83,0.18863636363636363,MORENA,118,0.2681818181818182,30,0.06818181818181818,MC,88,0.2,5,0.011363636363636364,PRI,83,0.18863636363636363,18,0.04090909090909091,83,0.18863636363636363,2,0.004545454545454545,15,0.03409090909090909,24,0.05454545454545454,88,0.2,118,0.2681818181818182,27,0.06136363636363636,4,0.00909090909090909,1,0.0022727272727272726,1,0.0022727272727272726,7,0.015909090909090907,0,0.0,4,0.00909090909090909,2,0.004545454545454545,0,0.0,0,0.0,8,0.01818181818181818,0,0.0,0,0.0,2,0.004545454545454545,2,0.004545454545454545,0,0.0,0,0.0,0,0.0,1,0.0022727272727272726,0,0.0,0,0.0,0,0.0,33,0.075,440,1.0,ORIGEN,SECCION,COMPLETO
428,18,NAYARIT,SANTA MARIA DEL ORO,,,424,471,294,0.6242038216560509,0.37579617834394907,MORENA,68,0.23129251700680273,18,0.061224489795918366,PRI,50,0.17006802721088435,1,0.003401360544217687,MC,49,0.16666666666666666,MORENA,68,0.23129251700680273,18,0.061224489795918366,PRI,50,0.17006802721088435,1,0.003401360544217687,MC,49,0.16666666666666666,2,0.006802721088435374,50,0.17006802721088435,3,0.01020408163265306,18,0.061224489795918366,11,0.03741496598639456,49,0.16666666666666666,68,0.23129251700680273,7,0.023809523809523808,15,0.05102040816326531,5,0.017006802721088437,1,0.003401360544217687,3,0.01020408163265306,3,0.01020408163265306,7,0.023809523809523808,0,0.0,0,0.0,0,0.0,13,0.04421768707482993,1,0.003401360544217687,3,0.01020408163265306,0,0.0,1,0.003401360544217687,0,0.0,2,0.006802721088435374,0,0.0,2,0.006802721088435374,1,0.003401360544217687,1,0.003401360544217687,0,0.0,28,0.09523809523809523,294,1.0,ORIGEN,SECCION,COMPLETO
429,18,NAYARIT,SANTA MARIA DEL ORO,,,425,641,364,0.5678627145085804,0.4321372854914196,MORENA,106,0.29120879120879123,28,0.07692307692307693,MC,78,0.21428571428571427,26,0.07142857142857142,PRI,52,0.14285714285714285,MORENA,106,0.29120879120879123,28,0.07692307692307693,MC,78,0.21428571428571427,26,0.07142857142857142,PRI,52,0.14285714285714285,30,0.08241758241758242,52,0.14285714285714285,10,0.027472527472527472,7,0.019230769230769232,10,0.027472527472527472,78,0.21428571428571427,106,0.29120879120879123,10,0.027472527472527472,8,0.02197802197802198,4,0.01098901098901099,2,0.005494505494505495,16,0.04395604395604396,2,0.005494505494505495,3,0.008241758241758242,1,0.0027472527472527475,0,0.0,0,0.0,0,0.0,3,0.008241758241758242,2,0.005494505494505495,0,0.0,0,0.0,0,0.0,2,0.005494505494505495,0,0.0,4,0.01098901098901099,0,0.0,1,0.0027472527472527475,0,0.0,13,0.03571428571428571,364,1.0,ORIGEN,SECCION,COMPLETO
430,18,NAYARIT,SANTA MARIA DEL ORO,,,426,224,134,0.5982142857142857,0.4017857142857143,MORENA,32,0.23880597014925373,9,0.06716417910447761,PRI,23,0.17164179104477612,1,0.007462686567164179,MC,22,0.16417910447761194,MORENA,32,0.23880597014925373,9,0.06716417910447761,PRI,23,0.17164179104477612,1,0.007462686567164179,MC,22,0.16417910447761194,5,0.03731343283582089,23,0.17164179104477612,2,0.014925373134328358,7,0.05223880597014925,1,0.007462686567164179,22,0.16417910447761194,32,0.23880597014925373,1,0.007462686567164179,1,0.007462686567164179,7,0.05223880597014925,2,0.014925373134328358,13,0.09701492537313433,1,0.007462686567164179,1,0.007462686567164179,0,0.0,0,0.0,1,0.007462686567164179,0,0.0,1,0.007462686567164179,1,0.007462686567164179,2,0.014925373134328358,0,0.0,0,0.0,1,0.007462686567164179,1,0.007462686567164179,0,0.0,1,0.007462686567164179,0,0.0,0,0.0,8,0.05970149253731343,134,1.0,ORIGEN,SECCION,COMPLETO
431,18,NAYARIT,SANTA MARIA DEL ORO,,,427,902,664,0.7361419068736141,0.26385809312638586,MORENA,246,0.3704819277108434,157,0.23644578313253012,PRI,89,0.13403614457831325,14,0.02108433734939759,MC,75,0.11295180722891567,MORENA,246,0.3704819277108434,157,0.23644578313253012,PRI,89,0.13403614457831325,14,0.02108433734939759,MC,75,0.11295180722891567,12,0.018072289156626505,89,0.13403614457831325,9,0.01355421686746988,58,0.08734939759036145,23,0.03463855421686747,75,0.11295180722891567,246,0.3704819277108434,25,0.03765060240963856,7,0.010542168674698794,13,0.01957831325301205,0,0.0,10,0.015060240963855422,5,0.007530120481927711,8,0.012048192771084338,2,0.0030120481927710845,0,0.0,0,0.0,31,0.046686746987951805,2,0.0030120481927710845,0,0.0,2,0.0030120481927710845,3,0.004518072289156626,1,0.0015060240963855422,6,0.009036144578313253,0,0.0,2,0.0030120481927710845,0,0.0,4,0.006024096385542169,0,0.0,31,0.046686746987951805,664,1.0,ORIGEN,SECCION,COMPLETO
432,18,NAYARIT,SANTA MARIA DEL ORO,,,428,138,93,0.6739130434782609,0.32608695652173914,MORENA,33,0.3548387096774194,20,0.21505376344086022,PT,13,0.13978494623655913,4,0.043010752688172046,PRI,9,0.0967741935483871,MORENA,33,0.3548387096774194,20,0.21505376344086022,PT,13,0.13978494623655913,4,0.043010752688172046,PRI,9,0.0967741935483871,1,0.010752688172043012,9,0.0967741935483871,1,0.010752688172043012,13,0.13978494623655913,1,0.010752688172043012,9,0.0967741935483871,33,0.3548387096774194,6,0.06451612903225806,1,0.010752688172043012,1,0.010752688172043012,2,0.021505376344086023,0,0.0,2,0.021505376344086023,1,0.010752688172043012,0,0.0,0,0.0,0,0.0,1,0.010752688172043012,1,0.010752688172043012,1,0.010752688172043012,2,0.021505376344086023,3,0.03225806451612903,0,0.0,1,0.010752688172043012,1,0.010752688172043012,1,0.010752688172043012,0,0.0,0,0.0,0,0.0,2,0.021505376344086023,93,1.0,ORIGEN,SECCION,COMPLETO
433,18,NAYARIT,SANTA MARIA DEL ORO,,,429,1008,636,0.6309523809523809,0.36904761904761907,PRI,206,0.3238993710691824,125,0.19654088050314467,MC,81,0.12735849056603774,4,0.006289308176100629,MORENA,77,0.12106918238993711,PRI,206,0.3238993710691824,125,0.19654088050314467,MC,81,0.12735849056603774,4,0.006289308176100629,MORENA,77,0.12106918238993711,18,0.02830188679245283,206,0.3238993710691824,1,0.0015723270440251573,44,0.06918238993710692,68,0.1069182389937107,81,0.12735849056603774,77,0.12106918238993711,12,0.018867924528301886,6,0.009433962264150943,21,0.0330188679245283,2,0.0031446540880503146,27,0.04245283018867924,6,0.009433962264150943,13,0.020440251572327043,2,0.0031446540880503146,0,0.0,0,0.0,10,0.015723270440251572,5,0.007861635220125786,0,0.0,1,0.0015723270440251573,4,0.006289308176100629,1,0.0015723270440251573,0,0.0,1,0.0015723270440251573,2,0.0031446540880503146,2,0.0031446540880503146,1,0.0015723270440251573,0,0.0,25,0.03930817610062893,636,1.0,ORIGEN,SECCION,COMPLETO
434,18,NAYARIT,SANTA MARIA DEL ORO,,,430,567,309,0.544973544973545,0.455026455026455,MC,87,0.2815533980582524,14,0.045307443365695796,MORENA,73,0.23624595469255663,19,0.061488673139158574,MLN,54,0.17475728155339806,MC,87,0.2815533980582524,14,0.045307443365695796,MORENA,73,0.23624595469255663,19,0.061488673139158574,MLN,54,0.17475728155339806,8,0.025889967637540454,19,0.061488673139158574,3,0.009708737864077669,12,0.038834951456310676,6,0.019417475728155338,87,0.2815533980582524,73,0.23624595469255663,6,0.019417475728155338,1,0.003236245954692557,54,0.17475728155339806,0,0.0,2,0.006472491909385114,7,0.022653721682847898,4,0.012944983818770227,0,0.0,0,0.0,0,0.0,4,0.012944983818770227,0,0.0,0,0.0,1,0.003236245954692557,0,0.0,0,0.0,2,0.006472491909385114,0,0.0,3,0.009708737864077669,0,0.0,5,0.016181229773462782,2,0.006472491909385114,10,0.032362459546925564,309,1.0,ORIGEN,SECCION,COMPLETO
435,18,NAYARIT,SANTA MARIA DEL ORO,,,431,641,356,0.5553822152886115,0.44461778471138846,MC,96,0.2696629213483146,9,0.025280898876404494,MORENA,87,0.2443820224719101,42,0.11797752808988764,MLN,45,0.12640449438202248,MC,96,0.2696629213483146,9,0.025280898876404494,MORENA,87,0.2443820224719101,42,0.11797752808988764,MLN,45,0.12640449438202248,40,0.11235955056179775,13,0.03651685393258427,1,0.0028089887640449437,11,0.03089887640449438,4,0.011235955056179775,96,0.2696629213483146,87,0.2443820224719101,9,0.025280898876404494,1,0.0028089887640449437,45,0.12640449438202248,1,0.0028089887640449437,8,0.02247191011235955,9,0.025280898876404494,3,0.008426966292134831,0,0.0,1,0.0028089887640449437,0,0.0,3,0.008426966292134831,0,0.0,0,0.0,0,0.0,1,0.0028089887640449437,0,0.0,0,0.0,0,0.0,2,0.0056179775280898875,0,0.0,3,0.008426966292134831,0,0.0,18,0.05056179775280899,356,1.0,ORIGEN,SECCION,COMPLETO
436,18,NAYARIT,SANTA MARIA DEL ORO,,,432,129,97,0.751937984496124,0.24806201550387597,MORENA,34,0.35051546391752575,20,0.20618556701030927,MC,14,0.14432989690721648,5,0.05154639175257732,MLN,9,0.09278350515463918,MORENA,34,0.35051546391752575,20,0.20618556701030927,MC,14,0.14432989690721648,5,0.05154639175257732,MLN,9,0.09278350515463918,8,0.08247422680412371,7,0.07216494845360824,0,0.0,6,0.061855670103092786,1,0.010309278350515464,14,0.14432989690721648,34,0.35051546391752575,6,0.061855670103092786,0,0.0,9,0.09278350515463918,0,0.0,1,0.010309278350515464,3,0.030927835051546393,3,0.030927835051546393,0,0.0,0,0.0,1,0.010309278350515464,1,0.010309278350515464,0,0.0,0,0.0,0,0.0,0,0.0,0,0.0,0,0.0,0,0.0,0,0.0,0,0.0,0,0.0,0,0.0,3,0.030927835051546393,97,1.0,ORIGEN,SECCION,COMPLETO
437,18,NAYARIT,SANTA MARIA DEL ORO,,,433,1686,1114,0.66073546856465,0.33926453143534996,MORENA,383,0.34380610412926393,213,0.19120287253141832,PAN,170,0.1526032315978456,54,0.04847396768402154,MC,116,0.10412926391382406,MORENA,383,0.34380610412926393,213,0.19120287253141832,PAN,170,0.1526032315978456,54,0.04847396768402154,MC,116,0.10412926391382406,170,0.1526032315978456,82,0.07360861759425494,5,0.004488330341113106,32,0.02872531418312388,20,0.017953321364452424,116,0.10412926391382406,383,0.34380610412926393,56,0.05026929982046679,6,0.005385996409335727,35,0.03141831238779174,4,0.003590664272890485,90,0.0807899461400359,27,0.02423698384201077,5,0.004488330341113106,6,0.005385996409335727,0,0.0,0,0.0,14,0.012567324955116697,2,0.0017953321364452424,2,0.0017953321364452424,3,0.0026929982046678637,3,0.0026929982046678637,2,0.0017953321364452424,3,0.0026929982046678637,0,0.0,2,0.0017953321364452424,0,0.0,9,0.00807899461400359,0,0.0,37,0.03321364452423698,1114,1.0,ORIGEN,SECCION,COMPLETO
438,18,NAYARIT,SANTIAGO IXCUINTLA,,,435,925,475,0.5135135135135135,0.4864864864864865,MC,141,0.2968421052631579,42,0.08842105263157894,MORENA,99,0.20842105263157895,31,0.06526315789473684,PRI,68,0.1431578947368421,MC,141,0.2968421052631579,42,0.08842105263157894,MORENA,99,0.20842105263157895,31,0.06526315789473684,PRI,68,0.1431578947368421,27,0.056842105263157895,68,0.1431578947368421,16,0.03368421052631579,14,0.029473684210526315,5,0.010526315789473684,141,0.2968421052631579,99,0.20842105263157895,1,0.002105263157894737,6,0.01263157894736842,43,0.09052631578947369,12,0.02526315789473684,1,0.002105263157894737,3,0.00631578947368421,12,0.02526315789473684,0,0.0,0,0.0,2,0.004210526315789474,3,0.00631578947368421,3,0.00631578947368421,0,0.0,0,0.0,5,0.010526315789473684,0,0.0,1,0.002105263157894737,0,0.0,1,0.002105263157894737,0,0.0,2,0.004210526315789474,0,0.0,10,0.021052631578947368,475,1.0,ORIGEN,SECCION,COMPLETO
439,18,NAYARIT,SANTIAGO IXCUINTLA,,,436,1095,640,0.5844748858447488,0.4155251141552512,MC,241,0.3765625,115,0.1796875,MORENA,126,0.196875,55,0.0859375,PRI,71,0.1109375,MC,241,0.3765625,115,0.1796875,MORENA,126,0.196875,55,0.0859375,PRI,71,0.1109375,30,0.046875,71,0.1109375,16,0.025,24,0.0375,11,0.0171875,241,0.3765625,126,0.196875,7,0.0109375,2,0.003125,34,0.053125,10,0.015625,21,0.0328125,3,0.0046875,22,0.034375,1,0.0015625,0,0.0,0,0.0,10,0.015625,4,0.00625,1,0.0015625,0,0.0,1,0.0015625,0,0.0,0,0.0,0,0.0,2,0.003125,0,0.0,2,0.003125,0,0.0,1,0.0015625,640,1.0,ORIGEN,SECCION,COMPLETO
440,18,NAYARIT,SANTIAGO IXCUINTLA,,,437,1855,1154,0.6221024258760108,0.37789757412398917,MC,331,0.28682842287694976,31,0.026863084922010397,MORENA,300,0.25996533795493937,183,0.158578856152513,PRI,117,0.10138648180242635,MC,331,0.28682842287694976,31,0.026863084922010397,MORENA,300,0.25996533795493937,183,0.158578856152513,PRI,117,0.10138648180242635,71,0.06152512998266898,117,0.10138648180242635,33,0.02859618717504333,39,0.033795493934142114,20,0.01733102253032929,331,0.28682842287694976,300,0.25996533795493937,20,0.01733102253032929,3,0.0025996533795493936,74,0.06412478336221837,19,0.016464471403812825,33,0.02859618717504333,1,0.0008665511265164644,37,0.032062391681109186,7,0.006065857885615251,0,0.0,0,0.0,19,0.016464471403812825,6,0.005199306759098787,1,0.0008665511265164644,5,0.004332755632582322,2,0.0017331022530329288,0,0.0,1,0.0008665511265164644,0,0.0,1,0.0008665511265164644,0,0.0,2,0.0017331022530329288,0,0.0,12,0.010398613518197574,1154,1.0,ORIGEN,SECCION,COMPLETO
441,18,NAYARIT,SANTIAGO IXCUINTLA,,,438,878,494,0.5626423690205011,0.43735763097949887,MC,158,0.31983805668016196,39,0.07894736842105263,MORENA,119,0.2408906882591093,72,0.145748987854251,MLN,47,0.0951417004048583,MC,158,0.31983805668016196,39,0.07894736842105263,MORENA,119,0.2408906882591093,72,0.145748987854251,MLN,47,0.0951417004048583,20,0.04048582995951417,39,0.07894736842105263,12,0.024291497975708502,15,0.030364372469635626,10,0.020242914979757085,158,0.31983805668016196,119,0.2408906882591093,4,0.008097165991902834,1,0.0020242914979757085,47,0.0951417004048583,4,0.008097165991902834,13,0.02631578947368421,6,0.012145748987854251,10,0.020242914979757085,3,0.006072874493927126,1,0.0020242914979757085,0,0.0,14,0.02834008097165992,3,0.006072874493927126,1,0.0020242914979757085,0,0.0,0,0.0,0,0.0,1,0.0020242914979757085,0,0.0,2,0.004048582995951417,0,0.0,1,0.0020242914979757085,0,0.0,10,0.020242914979757085,494,1.0,ORIGEN,SECCION,COMPLETO
442,18,NAYARIT,SANTIAGO IXCUINTLA,,,439,439,269,0.6127562642369021,0.3872437357630979,MORENA,81,0.30111524163568776,7,0.026022304832713755,MC,74,0.275092936802974,56,0.20817843866171004,PRI,18,0.06691449814126393,MORENA,81,0.30111524163568776,7,0.026022304832713755,MC,74,0.275092936802974,56,0.20817843866171004,PRI,18,0.06691449814126393,13,0.048327137546468404,18,0.06691449814126393,7,0.026022304832713755,15,0.055762081784386616,7,0.026022304832713755,74,0.275092936802974,81,0.30111524163568776,4,0.01486988847583643,4,0.01486988847583643,12,0.04460966542750929,3,0.011152416356877323,4,0.01486988847583643,1,0.0037174721189591076,9,0.03345724907063197,1,0.0037174721189591076,0,0.0,0,0.0,8,0.02973977695167286,0,0.0,1,0.0037174721189591076,0,0.0,2,0.007434944237918215,0,0.0,0,0.0,0,0.0,1,0.0037174721189591076,0,0.0,0,0.0,0,0.0,4,0.01486988847583643,269,1.0,ORIGEN,SECCION,COMPLETO
443,18,NAYARIT,SANTIAGO IXCUINTLA,,,440,460,296,0.6434782608695652,0.35652173913043483,MC,91,0.30743243243243246,30,0.10135135135135136,MORENA,61,0.20608108108108109,19,0.06418918918918919,PRI,42,0.14189189189189189,MC,91,0.30743243243243246,30,0.10135135135135136,MORENA,61,0.20608108108108109,19,0.06418918918918919,PRI,42,0.14189189189189189,18,0.060810810810810814,42,0.14189189189189189,12,0.04054054054054054,10,0.033783783783783786,4,0.013513513513513514,91,0.30743243243243246,61,0.20608108108108109,1,0.0033783783783783786,2,0.006756756756756757,22,0.07432432432432433,4,0.013513513513513514,6,0.02027027027027027,1,0.0033783783783783786,7,0.02364864864864865,0,0.0,0,0.0,1,0.0033783783783783786,5,0.016891891891891893,1,0.0033783783783783786,0,0.0,1,0.0033783783783783786,1,0.0033783783783783786,0,0.0,0,0.0,0,0.0,0,0.0,0,0.0,1,0.0033783783783783786,0,0.0,5,0.016891891891891893,296,1.0,ORIGEN,SECCION,COMPLETO
444,18,NAYARIT,SANTIAGO IXCUINTLA,,,441,1076,531,0.49349442379182157,0.5065055762081785,MC,153,0.288135593220339,3,0.005649717514124294,MORENA,150,0.2824858757062147,108,0.2033898305084746,PRI,42,0.07909604519774012,MC,153,0.288135593220339,3,0.005649717514124294,MORENA,150,0.2824858757062147,108,0.2033898305084746,PRI,42,0.07909604519774012,34,0.064030131826742,42,0.07909604519774012,18,0.03389830508474576,13,0.02448210922787194,15,0.02824858757062147,153,0.288135593220339,150,0.2824858757062147,14,0.026365348399246705,8,0.015065913370998116,29,0.054613935969868174,12,0.022598870056497175,6,0.011299435028248588,2,0.003766478342749529,11,0.02071563088512241,0,0.0,1,0.0018832391713747645,0,0.0,6,0.011299435028248588,3,0.005649717514124294,0,0.0,2,0.003766478342749529,0,0.0,0,0.0,0,0.0,0,0.0,3,0.005649717514124294,0,0.0,0,0.0,0,0.0,9,0.01694915254237288,531,1.0,ORIGEN,SECCION,COMPLETO
445,18,NAYARIT,SANTIAGO IXCUINTLA,,,442,1379,678,0.4916606236403191,0.5083393763596809,MC,173,0.2551622418879056,73,0.10766961651917405,MORENA,100,0.14749262536873156,4,0.0058997050147492625,PVEM,96,0.1415929203539823,MC,173,0.2551622418879056,73,0.10766961651917405,MORENA,100,0.14749262536873156,4,0.0058997050147492625,PVEM,96,0.1415929203539823,33,0.048672566371681415,86,0.12684365781710916,31,0.045722713864306784,25,0.03687315634218289,96,0.1415929203539823,173,0.2551622418879056,100,0.14749262536873156,10,0.014749262536873156,24,0.035398230088495575,21,0.030973451327433628,21,0.030973451327433628,3,0.004424778761061947,2,0.0029498525073746312,23,0.03392330383480826,1,0.0014749262536873156,0,0.0,1,0.0014749262536873156,8,0.011799410029498525,1,0.0014749262536873156,0,0.0,2,0.0029498525073746312,1,0.0014749262536873156,3,0.004424778761061947,2,0.0029498525073746312,0,0.0,1,0.0014749262536873156,1,0.0014749262536873156,2,0.0029498525073746312,0,0.0,7,0.01032448377581121,678,1.0,ORIGEN,SECCION,COMPLETO
446,18,NAYARIT,SANTIAGO IXCUINTLA,,,443,604,327,0.5413907284768212,0.45860927152317876,MORENA,96,0.29357798165137616,9,0.027522935779816515,MC,87,0.26605504587155965,55,0.16819571865443425,PRI,32,0.09785932721712538,MORENA,96,0.29357798165137616,9,0.027522935779816515,MC,87,0.26605504587155965,55,0.16819571865443425,PRI,32,0.09785932721712538,4,0.012232415902140673,32,0.09785932721712538,11,0.03363914373088685,16,0.04892966360856269,7,0.021406727828746176,87,0.26605504587155965,96,0.29357798165137616,7,0.021406727828746176,7,0.021406727828746176,13,0.039755351681957186,6,0.01834862385321101,12,0.03669724770642202,1,0.0030581039755351682,4,0.012232415902140673,2,0.0061162079510703364,0,0.0,1,0.0030581039755351682,4,0.012232415902140673,8,0.024464831804281346,0,0.0,0,0.0,1,0.0030581039755351682,0,0.0,0,0.0,0,0.0,1,0.0030581039755351682,0,0.0,0,0.0,0,0.0,7,0.021406727828746176,327,1.0,ORIGEN,SECCION,COMPLETO
447,18,NAYARIT,SANTIAGO IXCUINTLA,,,444,339,236,0.696165191740413,0.303834808259587,MC,75,0.3177966101694915,0,0.0,MORENA,75,0.3177966101694915,59,0.25,PRI,16,0.06779661016949153,MC,75,0.3177966101694915,0,0.0,MORENA,75,0.3177966101694915,59,0.25,PRI,16,0.06779661016949153,9,0.038135593220338986,16,0.06779661016949153,6,0.025423728813559324,12,0.05084745762711865,1,0.00423728813559322,75,0.3177966101694915,75,0.3177966101694915,2,0.00847457627118644,3,0.012711864406779662,7,0.029661016949152543,3,0.012711864406779662,5,0.0211864406779661,0,0.0,4,0.01694915254237288,1,0.00423728813559322,0,0.0,0,0.0,4,0.01694915254237288,1,0.00423728813559322,0,0.0,0,0.0,0,0.0,0,0.0,0,0.0,0,0.0,3,0.012711864406779662,0,0.0,0,0.0,0,0.0,9,0.038135593220338986,236,1.0,ORIGEN,SECCION,COMPLETO
448,18,NAYARIT,SANTIAGO IXCUINTLA,,,445,253,182,0.7193675889328063,0.2806324110671937,MORENA,51,0.2802197802197802,8,0.04395604395604396,MC,43,0.23626373626373626,23,0.12637362637362637,PRI,20,0.10989010989010989,MORENA,51,0.2802197802197802,8,0.04395604395604396,MC,43,0.23626373626373626,23,0.12637362637362637,PRI,20,0.10989010989010989,9,0.04945054945054945,20,0.10989010989010989,6,0.03296703296703297,11,0.06043956043956044,6,0.03296703296703297,43,0.23626373626373626,51,0.2802197802197802,2,0.01098901098901099,0,0.0,11,0.06043956043956044,1,0.005494505494505495,5,0.027472527472527472,2,0.01098901098901099,7,0.038461538461538464,1,0.005494505494505495,0,0.0,0,0.0,0,0.0,0,0.0,0,0.0,1,0.005494505494505495,0,0.0,0,0.0,0,0.0,0,0.0,2,0.01098901098901099,0,0.0,1,0.005494505494505495,0,0.0,3,0.016483516483516484,182,1.0,ORIGEN,SECCION,COMPLETO
449,18,NAYARIT,SANTIAGO IXCUINTLA,,,446,450,312,0.6933333333333334,0.30666666666666664,MC,124,0.3974358974358974,62,0.1987179487179487,MORENA,62,0.1987179487179487,23,0.07371794871794872,PRI,39,0.125,MC,124,0.3974358974358974,62,0.1987179487179487,MORENA,62,0.1987179487179487,23,0.07371794871794872,PRI,39,0.125,16,0.05128205128205128,39,0.125,3,0.009615384615384616,20,0.0641025641025641,4,0.01282051282051282,124,0.3974358974358974,62,0.1987179487179487,4,0.01282051282051282,4,0.01282051282051282,4,0.01282051282051282,4,0.01282051282051282,7,0.022435897435897436,0,0.0,7,0.022435897435897436,0,0.0,0,0.0,0,0.0,2,0.00641025641025641,2,0.00641025641025641,1,0.003205128205128205,1,0.003205128205128205,0,0.0,2,0.00641025641025641,0,0.0,0,0.0,1,0.003205128205128205,0,0.0,1,0.003205128205128205,0,0.0,4,0.01282051282051282,312,1.0,ORIGEN,SECCION,COMPLETO
450,18,NAYARIT,SANTIAGO IXCUINTLA,,,447,670,377,0.5626865671641791,0.4373134328358209,MC,120,0.3183023872679045,26,0.06896551724137931,MORENA,94,0.2493368700265252,45,0.11936339522546419,PRI,49,0.129973474801061,MC,120,0.3183023872679045,26,0.06896551724137931,MORENA,94,0.2493368700265252,45,0.11936339522546419,PRI,49,0.129973474801061,16,0.042440318302387266,49,0.129973474801061,6,0.015915119363395226,14,0.03713527851458886,8,0.021220159151193633,120,0.3183023872679045,94,0.2493368700265252,7,0.01856763925729443,4,0.010610079575596816,22,0.058355437665782495,9,0.023872679045092837,14,0.03713527851458886,0,0.0,4,0.010610079575596816,0,0.0,0,0.0,0,0.0,6,0.015915119363395226,3,0.007957559681697613,0,0.0,0,0.0,0,0.0,0,0.0,1,0.002652519893899204,0,0.0,0,0.0,0,0.0,0,0.0,0,0.0,0,0.0,377,1.0,ORIGEN,SECCION,COMPLETO
451,18,NAYARIT,SANTIAGO IXCUINTLA,,,448,610,360,0.5901639344262295,0.4098360655737705,MC,98,0.2722222222222222,14,0.03888888888888889,MORENA,84,0.23333333333333334,33,0.09166666666666666,PRI,51,0.14166666666666666,MC,98,0.2722222222222222,14,0.03888888888888889,MORENA,84,0.23333333333333334,33,0.09166666666666666,PRI,51,0.14166666666666666,21,0.058333333333333334,51,0.14166666666666666,11,0.030555555555555555,16,0.044444444444444446,4,0.011111111111111112,98,0.2722222222222222,84,0.23333333333333334,5,0.013888888888888888,2,0.005555555555555556,28,0.07777777777777778,8,0.022222222222222223,2,0.005555555555555556,1,0.002777777777777778,7,0.019444444444444445,1,0.002777777777777778,0,0.0,0,0.0,9,0.025,4,0.011111111111111112,0,0.0,0,0.0,0,0.0,0,0.0,0,0.0,0,0.0,0,0.0,0,0.0,0,0.0,0,0.0,8,0.022222222222222223,360,1.0,ORIGEN,SECCION,COMPLETO
452,18,NAYARIT,SANTIAGO IXCUINTLA,,,449,250,163,0.652,0.348,MORENA,47,0.2883435582822086,13,0.07975460122699386,MC,34,0.2085889570552147,12,0.0736196319018405,PRI,22,0.13496932515337423,MORENA,47,0.2883435582822086,13,0.07975460122699386,MC,34,0.2085889570552147,12,0.0736196319018405,PRI,22,0.13496932515337423,10,0.06134969325153374,22,0.13496932515337423,4,0.024539877300613498,5,0.03067484662576687,2,0.012269938650306749,34,0.2085889570552147,47,0.2883435582822086,3,0.018404907975460124,2,0.012269938650306749,4,0.024539877300613498,2,0.012269938650306749,10,0.06134969325153374,0,0.0,2,0.012269938650306749,1,0.006134969325153374,0,0.0,0,0.0,5,0.03067484662576687,4,0.024539877300613498,1,0.006134969325153374,0,0.0,0,0.0,0,0.0,0,0.0,0,0.0,0,0.0,0,0.0,1,0.006134969325153374,0,0.0,4,0.024539877300613498,163,1.0,ORIGEN,SECCION,COMPLETO
453,18,NAYARIT,SANTIAGO IXCUINTLA,,,450,529,307,0.5803402646502835,0.41965973534971646,MORENA,83,0.2703583061889251,2,0.006514657980456026,MC,81,0.26384364820846906,49,0.15960912052117263,MLN,32,0.10423452768729642,MORENA,83,0.2703583061889251,2,0.006514657980456026,MC,81,0.26384364820846906,49,0.15960912052117263,MLN,32,0.10423452768729642,14,0.04560260586319218,24,0.0781758957654723,4,0.013029315960912053,6,0.019543973941368076,6,0.019543973941368076,81,0.26384364820846906,83,0.2703583061889251,2,0.006514657980456026,9,0.029315960912052116,32,0.10423452768729642,8,0.026058631921824105,9,0.029315960912052116,3,0.009771986970684038,6,0.019543973941368076,0,0.0,0,0.0,0,0.0,2,0.006514657980456026,3,0.009771986970684038,0,0.0,1,0.003257328990228013,0,0.0,0,0.0,2,0.006514657980456026,0,0.0,1,0.003257328990228013,0,0.0,1,0.003257328990228013,0,0.0,10,0.03257328990228013,307,1.0,ORIGEN,SECCION,COMPLETO
454,18,NAYARIT,SANTIAGO IXCUINTLA,,,451,1057,545,0.5156102175969726,0.48438978240302744,MC,147,0.26972477064220185,12,0.022018348623853212,MORENA,135,0.24770642201834864,74,0.13577981651376148,MLN,61,0.11192660550458716,MC,147,0.26972477064220185,12,0.022018348623853212,MORENA,135,0.24770642201834864,74,0.13577981651376148,MLN,61,0.11192660550458716,37,0.06788990825688074,45,0.08256880733944955,18,0.03302752293577982,6,0.011009174311926606,14,0.025688073394495414,147,0.26972477064220185,135,0.24770642201834864,7,0.012844036697247707,6,0.011009174311926606,61,0.11192660550458716,16,0.029357798165137616,11,0.02018348623853211,1,0.001834862385321101,6,0.011009174311926606,2,0.003669724770642202,0,0.0,0,0.0,8,0.014678899082568808,6,0.011009174311926606,1,0.001834862385321101,1,0.001834862385321101,1,0.001834862385321101,1,0.001834862385321101,0,0.0,1,0.001834862385321101,2,0.003669724770642202,0,0.0,0,0.0,0,0.0,12,0.022018348623853212,545,1.0,ORIGEN,SECCION,COMPLETO
455,18,NAYARIT,SANTIAGO IXCUINTLA,,,452,341,610,1.7888563049853372,-0.7888563049853372,MORENA,195,0.319672131147541,47,0.07704918032786885,MC,148,0.24262295081967214,90,0.14754098360655737,PRI,58,0.09508196721311475,MORENA,195,0.319672131147541,47,0.07704918032786885,MC,148,0.24262295081967214,90,0.14754098360655737,PRI,58,0.09508196721311475,38,0.06229508196721312,58,0.09508196721311475,11,0.018032786885245903,30,0.04918032786885246,22,0.036065573770491806,148,0.24262295081967214,195,0.319672131147541,10,0.01639344262295082,5,0.00819672131147541,23,0.03770491803278689,8,0.013114754098360656,15,0.02459016393442623,1,0.001639344262295082,15,0.02459016393442623,2,0.003278688524590164,1,0.001639344262295082,0,0.0,9,0.014754098360655738,5,0.00819672131147541,0,0.0,0,0.0,3,0.004918032786885246,0,0.0,4,0.006557377049180328,0,0.0,1,0.001639344262295082,0,0.0,1,0.001639344262295082,0,0.0,5,0.00819672131147541,610,1.0,ORIGEN,SECCION,COMPLETO
456,18,NAYARIT,SANTIAGO IXCUINTLA,,,453,227,175,0.7709251101321586,0.2290748898678414,MC,50,0.2857142857142857,3,0.017142857142857144,MORENA,47,0.26857142857142857,34,0.19428571428571428,PRI,13,0.07428571428571429,MC,50,0.2857142857142857,3,0.017142857142857144,MORENA,47,0.26857142857142857,34,0.19428571428571428,PRI,13,0.07428571428571429,8,0.045714285714285714,13,0.07428571428571429,3,0.017142857142857144,8,0.045714285714285714,5,0.02857142857142857,50,0.2857142857142857,47,0.26857142857142857,6,0.03428571428571429,4,0.022857142857142857,9,0.05142857142857143,1,0.005714285714285714,10,0.05714285714285714,0,0.0,4,0.022857142857142857,0,0.0,0,0.0,0,0.0,0,0.0,0,0.0,0,0.0,1,0.005714285714285714,0,0.0,1,0.005714285714285714,0,0.0,0,0.0,0,0.0,1,0.005714285714285714,0,0.0,0,0.0,4,0.022857142857142857,175,1.0,ORIGEN,SECCION,COMPLETO
457,18,NAYARIT,SANTIAGO IXCUINTLA,,,454,191,111,0.581151832460733,0.418848167539267,MORENA,31,0.27927927927927926,5,0.04504504504504504,MC,26,0.23423423423423423,15,0.13513513513513514,PAN,11,0.0990990990990991,MORENA,31,0.27927927927927926,5,0.04504504504504504,MC,26,0.23423423423423423,15,0.13513513513513514,PAN,11,0.0990990990990991,11,0.0990990990990991,3,0.02702702702702703,1,0.009009009009009009,9,0.08108108108108109,2,0.018018018018018018,26,0.23423423423423423,31,0.27927927927927926,3,0.02702702702702703,1,0.009009009009009009,6,0.05405405405405406,1,0.009009009009009009,3,0.02702702702702703,1,0.009009009009009009,1,0.009009009009009009,0,0.0,0,0.0,0,0.0,2,0.018018018018018018,1,0.009009009009009009,0,0.0,1,0.009009009009009009,0,0.0,0,0.0,3,0.02702702702702703,0,0.0,0,0.0,0,0.0,2,0.018018018018018018,0,0.0,3,0.02702702702702703,111,1.0,ORIGEN,SECCION,COMPLETO
458,18,NAYARIT,SANTIAGO IXCUINTLA,,,455,420,256,0.6095238095238096,0.3904761904761904,MORENA,100,0.390625,19,0.07421875,MC,81,0.31640625,65,0.25390625,PRI,16,0.0625,MORENA,100,0.390625,19,0.07421875,MC,81,0.31640625,65,0.25390625,PRI,16,0.0625,6,0.0234375,16,0.0625,2,0.0078125,10,0.0390625,8,0.03125,81,0.31640625,100,0.390625,6,0.0234375,6,0.0234375,5,0.01953125,1,0.00390625,1,0.00390625,0,0.0,2,0.0078125,0,0.0,0,0.0,0,0.0,2,0.0078125,0,0.0,0,0.0,0,0.0,0,0.0,2,0.0078125,0,0.0,0,0.0,2,0.0078125,1,0.00390625,2,0.0078125,0,0.0,3,0.01171875,256,1.0,ORIGEN,SECCION,COMPLETO
459,18,NAYARIT,SANTIAGO IXCUINTLA,,,456,381,238,0.6246719160104987,0.37532808398950135,MORENA,68,0.2857142857142857,20,0.08403361344537816,MC,48,0.20168067226890757,10,0.04201680672268908,PRI,38,0.15966386554621848,MORENA,68,0.2857142857142857,20,0.08403361344537816,MC,48,0.20168067226890757,10,0.04201680672268908,PRI,38,0.15966386554621848,32,0.13445378151260504,38,0.15966386554621848,4,0.01680672268907563,15,0.06302521008403361,3,0.012605042016806723,48,0.20168067226890757,68,0.2857142857142857,3,0.012605042016806723,5,0.02100840336134454,7,0.029411764705882353,4,0.01680672268907563,0,0.0,1,0.004201680672268907,5,0.02100840336134454,1,0.004201680672268907,0,0.0,0,0.0,1,0.004201680672268907,0,0.0,0,0.0,0,0.0,0,0.0,0,0.0,0,0.0,0,0.0,0,0.0,0,0.0,0,0.0,0,0.0,3,0.012605042016806723,238,1.0,ORIGEN,SECCION,COMPLETO
460,18,NAYARIT,SANTIAGO IXCUINTLA,,,457,879,554,0.6302616609783845,0.36973833902161546,MORENA,285,0.5144404332129964,139,0.2509025270758123,PRI,146,0.26353790613718414,113,0.20397111913357402,MC,33,0.05956678700361011,MORENA,285,0.5144404332129964,139,0.2509025270758123,PRI,146,0.26353790613718414,113,0.20397111913357402,MC,33,0.05956678700361011,29,0.052346570397111915,146,0.26353790613718414,1,0.0018050541516245488,6,0.010830324909747292,3,0.005415162454873646,33,0.05956678700361011,285,0.5144404332129964,23,0.04151624548736462,0,0.0,5,0.009025270758122744,1,0.0018050541516245488,2,0.0036101083032490976,0,0.0,0,0.0,0,0.0,0,0.0,0,0.0,1,0.0018050541516245488,1,0.0018050541516245488,0,0.0,0,0.0,0,0.0,2,0.0036101083032490976,0,0.0,0,0.0,0,0.0,1,0.0018050541516245488,0,0.0,2,0.0036101083032490976,13,0.023465703971119134,554,1.0,ORIGEN,SECCION,COMPLETO
461,18,NAYARIT,SANTIAGO IXCUINTLA,,,458,777,586,0.7541827541827542,0.24581724581724584,PRI,178,0.3037542662116041,26,0.04436860068259386,MORENA,152,0.2593856655290102,7,0.011945392491467578,PVEM,145,0.24744027303754265,PRI,178,0.3037542662116041,26,0.04436860068259386,MORENA,152,0.2593856655290102,7,0.011945392491467578,PVEM,145,0.24744027303754265,28,0.04778156996587031,178,0.3037542662116041,1,0.0017064846416382253,15,0.025597269624573378,145,0.24744027303754265,27,0.04607508532423208,152,0.2593856655290102,14,0.023890784982935155,1,0.0017064846416382253,0,0.0,1,0.0017064846416382253,0,0.0,0,0.0,16,0.027303754266211604,0,0.0,0,0.0,1,0.0017064846416382253,1,0.0017064846416382253,0,0.0,0,0.0,0,0.0,0,0.0,0,0.0,0,0.0,0,0.0,0,0.0,0,0.0,1,0.0017064846416382253,0,0.0,5,0.008532423208191127,586,1.0,ORIGEN,SECCION,COMPLETO
462,18,NAYARIT,SANTIAGO IXCUINTLA,,,459,1074,807,0.7513966480446927,0.24860335195530725,MORENA,389,0.48203221809169766,129,0.15985130111524162,PRI,260,0.322180916976456,179,0.2218091697645601,MC,81,0.10037174721189591,MORENA,389,0.48203221809169766,129,0.15985130111524162,PRI,260,0.322180916976456,179,0.2218091697645601,MC,81,0.10037174721189591,5,0.006195786864931847,260,0.322180916976456,16,0.01982651796778191,13,0.0161090458488228,5,0.006195786864931847,81,0.10037174721189591,389,0.48203221809169766,2,0.0024783147459727386,0,0.0,4,0.004956629491945477,1,0.0012391573729863693,3,0.0037174721189591076,1,0.0012391573729863693,10,0.012391573729863693,0,0.0,0,0.0,0,0.0,2,0.0024783147459727386,1,0.0012391573729863693,0,0.0,1,0.0012391573729863693,0,0.0,0,0.0,0,0.0,0,0.0,3,0.0037174721189591076,0,0.0,3,0.0037174721189591076,0,0.0,7,0.008674101610904586,807,1.0,ORIGEN,SECCION,COMPLETO
463,18,NAYARIT,SANTIAGO IXCUINTLA,,,460,899,605,0.6729699666295884,0.3270300333704116,MORENA,210,0.34710743801652894,69,0.1140495867768595,PRI,141,0.23305785123966943,62,0.1024793388429752,MC,79,0.1305785123966942,MORENA,210,0.34710743801652894,69,0.1140495867768595,PRI,141,0.23305785123966943,62,0.1024793388429752,MC,79,0.1305785123966942,33,0.05454545454545454,141,0.23305785123966943,18,0.02975206611570248,17,0.02809917355371901,7,0.011570247933884297,79,0.1305785123966942,210,0.34710743801652894,18,0.02975206611570248,1,0.001652892561983471,10,0.01652892561983471,24,0.03966942148760331,3,0.0049586776859504135,0,0.0,10,0.01652892561983471,2,0.003305785123966942,2,0.003305785123966942,0,0.0,7,0.011570247933884297,3,0.0049586776859504135,0,0.0,0,0.0,0,0.0,1,0.001652892561983471,1,0.001652892561983471,0,0.0,1,0.001652892561983471,0,0.0,1,0.001652892561983471,0,0.0,16,0.026446280991735537,605,1.0,ORIGEN,SECCION,COMPLETO
464,18,NAYARIT,SANTIAGO IXCUINTLA,,,461,550,376,0.6836363636363636,0.3163636363636364,MORENA,127,0.3377659574468085,39,0.10372340425531915,MC,88,0.23404255319148937,49,0.13031914893617022,PRI,39,0.10372340425531915,MORENA,127,0.3377659574468085,39,0.10372340425531915,MC,88,0.23404255319148937,49,0.13031914893617022,PRI,39,0.10372340425531915,20,0.05319148936170213,39,0.10372340425531915,28,0.07446808510638298,6,0.015957446808510637,10,0.026595744680851064,88,0.23404255319148937,127,0.3377659574468085,6,0.015957446808510637,2,0.005319148936170213,2,0.005319148936170213,15,0.0398936170212766,3,0.007978723404255319,1,0.0026595744680851063,4,0.010638297872340425,0,0.0,0,0.0,0,0.0,3,0.007978723404255319,0,0.0,0,0.0,0,0.0,1,0.0026595744680851063,0,0.0,0,0.0,0,0.0,0,0.0,0,0.0,1,0.0026595744680851063,0,0.0,20,0.05319148936170213,376,1.0,ORIGEN,SECCION,COMPLETO
465,18,NAYARIT,SANTIAGO IXCUINTLA,,,462,155,115,0.7419354838709677,0.25806451612903225,MORENA,40,0.34782608695652173,2,0.017391304347826087,MC,38,0.33043478260869563,23,0.2,PRI,15,0.13043478260869565,MORENA,40,0.34782608695652173,2,0.017391304347826087,MC,38,0.33043478260869563,23,0.2,PRI,15,0.13043478260869565,1,0.008695652173913044,15,0.13043478260869565,0,0.0,7,0.06086956521739131,3,0.02608695652173913,38,0.33043478260869563,40,0.34782608695652173,1,0.008695652173913044,0,0.0,1,0.008695652173913044,1,0.008695652173913044,2,0.017391304347826087,0,0.0,2,0.017391304347826087,0,0.0,0,0.0,0,0.0,2,0.017391304347826087,1,0.008695652173913044,0,0.0,0,0.0,0,0.0,0,0.0,0,0.0,0,0.0,1,0.008695652173913044,0,0.0,0,0.0,0,0.0,0,0.0,115,1.0,ORIGEN,SECCION,COMPLETO
466,18,NAYARIT,SANTIAGO IXCUINTLA,,,463,649,490,0.7550077041602465,0.24499229583975346,MORENA,240,0.4897959183673469,165,0.336734693877551,MC,75,0.15306122448979592,6,0.012244897959183673,MLN,69,0.14081632653061224,MORENA,240,0.4897959183673469,165,0.336734693877551,MC,75,0.15306122448979592,6,0.012244897959183673,MLN,69,0.14081632653061224,9,0.018367346938775512,22,0.044897959183673466,11,0.022448979591836733,13,0.026530612244897958,12,0.024489795918367346,75,0.15306122448979592,240,0.4897959183673469,5,0.01020408163265306,0,0.0,69,0.14081632653061224,0,0.0,7,0.014285714285714285,1,0.0020408163265306124,2,0.004081632653061225,1,0.0020408163265306124,0,0.0,0,0.0,5,0.01020408163265306,5,0.01020408163265306,0,0.0,0,0.0,0,0.0,0,0.0,0,0.0,0,0.0,3,0.006122448979591836,1,0.0020408163265306124,1,0.0020408163265306124,0,0.0,8,0.0163265306122449,490,1.0,ORIGEN,SECCION,COMPLETO
467,18,NAYARIT,SANTIAGO IXCUINTLA,,,464,417,295,0.7074340527577938,0.2925659472422062,MC,120,0.4067796610169492,47,0.15932203389830507,MORENA,73,0.24745762711864408,30,0.1016949152542373,PRI,43,0.14576271186440679,MC,120,0.4067796610169492,47,0.15932203389830507,MORENA,73,0.24745762711864408,30,0.1016949152542373,PRI,43,0.14576271186440679,3,0.010169491525423728,43,0.14576271186440679,1,0.003389830508474576,7,0.023728813559322035,4,0.013559322033898305,120,0.4067796610169492,73,0.24745762711864408,6,0.020338983050847456,5,0.01694915254237288,0,0.0,11,0.03728813559322034,4,0.013559322033898305,0,0.0,3,0.010169491525423728,0,0.0,1,0.003389830508474576,0,0.0,1,0.003389830508474576,0,0.0,0,0.0,0,0.0,2,0.006779661016949152,0,0.0,0,0.0,0,0.0,1,0.003389830508474576,0,0.0,0,0.0,0,0.0,10,0.03389830508474576,295,1.0,ORIGEN,SECCION,COMPLETO
468,18,NAYARIT,SANTIAGO IXCUINTLA,,,465,763,480,0.6290956749672346,0.3709043250327654,MORENA,214,0.44583333333333336,150,0.3125,MC,64,0.13333333333333333,3,0.00625,PRI,61,0.12708333333333333,MORENA,214,0.44583333333333336,150,0.3125,MC,64,0.13333333333333333,3,0.00625,PRI,61,0.12708333333333333,12,0.025,61,0.12708333333333333,6,0.0125,14,0.029166666666666667,9,0.01875,64,0.13333333333333333,214,0.44583333333333336,11,0.022916666666666665,3,0.00625,2,0.004166666666666667,11,0.022916666666666665,6,0.0125,2,0.004166666666666667,1,0.0020833333333333333,1,0.0020833333333333333,0,0.0,0,0.0,31,0.06458333333333334,5,0.010416666666666666,0,0.0,0,0.0,1,0.0020833333333333333,0,0.0,1,0.0020833333333333333,1,0.0020833333333333333,3,0.00625,0,0.0,5,0.010416666666666666,0,0.0,16,0.03333333333333333,480,1.0,ORIGEN,SECCION,COMPLETO
469,18,NAYARIT,SANTIAGO IXCUINTLA,,,466,635,449,0.7070866141732284,0.2929133858267716,MORENA,183,0.40757238307349664,100,0.22271714922049,PRI,83,0.18485523385300667,26,0.05790645879732739,MC,57,0.12694877505567928,MORENA,183,0.40757238307349664,100,0.22271714922049,PRI,83,0.18485523385300667,26,0.05790645879732739,MC,57,0.12694877505567928,16,0.035634743875278395,83,0.18485523385300667,26,0.05790645879732739,11,0.024498886414253896,6,0.013363028953229399,57,0.12694877505567928,183,0.40757238307349664,5,0.011135857461024499,5,0.011135857461024499,1,0.0022271714922048997,8,0.017817371937639197,6,0.013363028953229399,2,0.004454342984409799,1,0.0022271714922048997,3,0.0066815144766146995,0,0.0,3,0.0066815144766146995,6,0.013363028953229399,3,0.0066815144766146995,6,0.013363028953229399,0,0.0,0,0.0,1,0.0022271714922048997,0,0.0,0,0.0,1,0.0022271714922048997,1,0.0022271714922048997,3,0.0066815144766146995,0,0.0,12,0.026726057906458798,449,1.0,ORIGEN,SECCION,COMPLETO
470,18,NAYARIT,SANTIAGO IXCUINTLA,,,467,311,201,0.6463022508038585,0.3536977491961415,MORENA,103,0.5124378109452736,60,0.29850746268656714,MC,43,0.21393034825870647,32,0.15920398009950248,PRD,11,0.05472636815920398,MORENA,103,0.5124378109452736,60,0.29850746268656714,MC,43,0.21393034825870647,32,0.15920398009950248,PRD,11,0.05472636815920398,6,0.029850746268656716,7,0.03482587064676617,11,0.05472636815920398,3,0.014925373134328358,2,0.009950248756218905,43,0.21393034825870647,103,0.5124378109452736,7,0.03482587064676617,0,0.0,2,0.009950248756218905,1,0.004975124378109453,2,0.009950248756218905,0,0.0,4,0.01990049751243781,0,0.0,0,0.0,0,0.0,4,0.01990049751243781,0,0.0,1,0.004975124378109453,0,0.0,0,0.0,0,0.0,0,0.0,1,0.004975124378109453,1,0.004975124378109453,0,0.0,1,0.004975124378109453,0,0.0,2,0.009950248756218905,201,1.0,ORIGEN,SECCION,COMPLETO
471,18,NAYARIT,SANTIAGO IXCUINTLA,,,468,518,294,0.5675675675675675,0.43243243243243246,MORENA,175,0.5952380952380952,133,0.4523809523809524,MC,42,0.14285714285714285,17,0.05782312925170068,PRI,25,0.08503401360544217,MORENA,175,0.5952380952380952,133,0.4523809523809524,MC,42,0.14285714285714285,17,0.05782312925170068,PRI,25,0.08503401360544217,3,0.01020408163265306,25,0.08503401360544217,10,0.034013605442176874,4,0.013605442176870748,3,0.01020408163265306,42,0.14285714285714285,175,0.5952380952380952,5,0.017006802721088437,1,0.003401360544217687,3,0.01020408163265306,3,0.01020408163265306,0,0.0,2,0.006802721088435374,9,0.030612244897959183,0,0.0,0,0.0,0,0.0,0,0.0,0,0.0,0,0.0,0,0.0,0,0.0,0,0.0,0,0.0,0,0.0,0,0.0,0,0.0,0,0.0,0,0.0,9,0.030612244897959183,294,1.0,ORIGEN,SECCION,COMPLETO
472,18,NAYARIT,SANTIAGO IXCUINTLA,,,469,560,202,0.3607142857142857,0.6392857142857142,MC,92,0.45544554455445546,72,0.3564356435643564,PRI,20,0.09900990099009901,1,0.0049504950495049506,PT,19,0.09405940594059406,MC,92,0.45544554455445546,72,0.3564356435643564,PRI,20,0.09900990099009901,1,0.0049504950495049506,PT,19,0.09405940594059406,9,0.04455445544554455,20,0.09900990099009901,5,0.024752475247524754,19,0.09405940594059406,8,0.039603960396039604,92,0.45544554455445546,4,0.019801980198019802,16,0.07920792079207921,1,0.0049504950495049506,15,0.07425742574257425,7,0.034653465346534656,2,0.009900990099009901,1,0.0049504950495049506,0,0.0,0,0.0,0,0.0,0,0.0,0,0.0,0,0.0,0,0.0,0,0.0,0,0.0,0,0.0,0,0.0,0,0.0,0,0.0,0,0.0,0,0.0,0,0.0,3,0.01485148514851485,202,1.0,ORIGEN,SECCION,COMPLETO
473,18,NAYARIT,SANTIAGO IXCUINTLA,,,470,868,448,0.5161290322580645,0.4838709677419355,MORENA,147,0.328125,16,0.03571428571428571,MC,131,0.2924107142857143,91,0.203125,PRI,40,0.08928571428571429,MORENA,147,0.328125,16,0.03571428571428571,MC,131,0.2924107142857143,91,0.203125,PRI,40,0.08928571428571429,10,0.022321428571428572,40,0.08928571428571429,15,0.033482142857142856,22,0.049107142857142856,6,0.013392857142857142,131,0.2924107142857143,147,0.328125,9,0.020089285714285716,5,0.011160714285714286,34,0.07589285714285714,5,0.011160714285714286,4,0.008928571428571428,0,0.0,2,0.004464285714285714,0,0.0,0,0.0,1,0.002232142857142857,1,0.002232142857142857,0,0.0,0,0.0,0,0.0,0,0.0,0,0.0,0,0.0,0,0.0,1,0.002232142857142857,1,0.002232142857142857,0,0.0,0,0.0,14,0.03125,448,1.0,ORIGEN,SECCION,COMPLETO
474,18,NAYARIT,SANTIAGO IXCUINTLA,,,471,548,270,0.4927007299270073,0.5072992700729927,MORENA,136,0.5037037037037037,64,0.23703703703703705,MC,72,0.26666666666666666,59,0.21851851851851853,PRI,13,0.04814814814814815,MORENA,136,0.5037037037037037,64,0.23703703703703705,MC,72,0.26666666666666666,59,0.21851851851851853,PRI,13,0.04814814814814815,3,0.011111111111111112,13,0.04814814814814815,8,0.02962962962962963,11,0.040740740740740744,3,0.011111111111111112,72,0.26666666666666666,136,0.5037037037037037,5,0.018518518518518517,3,0.011111111111111112,3,0.011111111111111112,3,0.011111111111111112,1,0.003703703703703704,0,0.0,3,0.011111111111111112,0,0.0,0,0.0,0,0.0,0,0.0,0,0.0,0,0.0,1,0.003703703703703704,1,0.003703703703703704,0,0.0,0,0.0,0,0.0,0,0.0,1,0.003703703703703704,0,0.0,0,0.0,3,0.011111111111111112,270,1.0,ORIGEN,SECCION,COMPLETO
475,18,NAYARIT,SANTIAGO IXCUINTLA,,,472,676,261,0.386094674556213,0.613905325443787,MORENA,89,0.34099616858237547,14,0.05363984674329502,MC,75,0.28735632183908044,51,0.19540229885057472,PT,24,0.09195402298850575,MORENA,89,0.34099616858237547,14,0.05363984674329502,MC,75,0.28735632183908044,51,0.19540229885057472,PT,24,0.09195402298850575,8,0.03065134099616858,18,0.06896551724137931,6,0.022988505747126436,24,0.09195402298850575,6,0.022988505747126436,75,0.28735632183908044,89,0.34099616858237547,7,0.02681992337164751,4,0.01532567049808429,1,0.0038314176245210726,9,0.034482758620689655,1,0.0038314176245210726,1,0.0038314176245210726,2,0.007662835249042145,0,0.0,0,0.0,0,0.0,2,0.007662835249042145,1,0.0038314176245210726,0,0.0,0,0.0,1,0.0038314176245210726,1,0.0038314176245210726,0,0.0,1,0.0038314176245210726,0,0.0,0,0.0,0,0.0,4,0.01532567049808429,0,0.0,261,1.0,ORIGEN,SECCION,COMPLETO
476,18,NAYARIT,SANTIAGO IXCUINTLA,,,473,568,341,0.6003521126760564,0.39964788732394363,MORENA,187,0.5483870967741935,132,0.3870967741935484,MC,55,0.16129032258064516,32,0.093841642228739,PRI,23,0.06744868035190615,MORENA,187,0.5483870967741935,132,0.3870967741935484,MC,55,0.16129032258064516,32,0.093841642228739,PRI,23,0.06744868035190615,11,0.03225806451612903,23,0.06744868035190615,11,0.03225806451612903,13,0.03812316715542522,2,0.005865102639296188,55,0.16129032258064516,187,0.5483870967741935,4,0.011730205278592375,4,0.011730205278592375,0,0.0,5,0.01466275659824047,1,0.002932551319648094,1,0.002932551319648094,4,0.011730205278592375,0,0.0,1,0.002932551319648094,5,0.01466275659824047,3,0.008797653958944282,1,0.002932551319648094,0,0.0,0,0.0,3,0.008797653958944282,1,0.002932551319648094,0,0.0,0,0.0,1,0.002932551319648094,0,0.0,0,0.0,0,0.0,5,0.01466275659824047,341,1.0,ORIGEN,SECCION,COMPLETO
477,18,NAYARIT,SANTIAGO IXCUINTLA,,,474,753,383,0.5086321381142098,0.4913678618857902,MORENA,209,0.5456919060052219,139,0.3629242819843342,MC,70,0.18276762402088773,42,0.10966057441253264,PRI,28,0.0731070496083551,MORENA,209,0.5456919060052219,139,0.3629242819843342,MC,70,0.18276762402088773,42,0.10966057441253264,PRI,28,0.0731070496083551,14,0.03655352480417755,28,0.0731070496083551,4,0.010443864229765013,15,0.0391644908616188,5,0.013054830287206266,70,0.18276762402088773,209,0.5456919060052219,2,0.005221932114882507,5,0.013054830287206266,4,0.010443864229765013,3,0.007832898172323759,0,0.0,1,0.0026109660574412533,6,0.015665796344647518,0,0.0,0,0.0,0,0.0,8,0.020887728459530026,0,0.0,0,0.0,0,0.0,0,0.0,0,0.0,0,0.0,0,0.0,0,0.0,0,0.0,0,0.0,0,0.0,9,0.02349869451697128,383,1.0,ORIGEN,SECCION,COMPLETO
478,18,NAYARIT,SANTIAGO IXCUINTLA,,,475,440,236,0.5363636363636364,0.4636363636363636,MC,90,0.3813559322033898,18,0.07627118644067797,MORENA,72,0.3050847457627119,59,0.25,PAN,13,0.05508474576271186,MC,90,0.3813559322033898,18,0.07627118644067797,MORENA,72,0.3050847457627119,59,0.25,PAN,13,0.05508474576271186,13,0.05508474576271186,7,0.029661016949152543,13,0.05508474576271186,3,0.012711864406779662,6,0.025423728813559324,90,0.3813559322033898,72,0.3050847457627119,7,0.029661016949152543,2,0.00847457627118644,1,0.00423728813559322,6,0.025423728813559324,4,0.01694915254237288,0,0.0,3,0.012711864406779662,0,0.0,0,0.0,0,0.0,2,0.00847457627118644,2,0.00847457627118644,0,0.0,1,0.00423728813559322,0,0.0,0,0.0,0,0.0,0,0.0,0,0.0,0,0.0,0,0.0,0,0.0,4,0.01694915254237288,236,1.0,ORIGEN,SECCION,COMPLETO
479,18,NAYARIT,SANTIAGO IXCUINTLA,,,476,432,249,0.5763888888888888,0.42361111111111116,MC,59,0.23694779116465864,8,0.0321285140562249,MORENA,51,0.20481927710843373,11,0.04417670682730924,PRD,40,0.1606425702811245,MC,59,0.23694779116465864,8,0.0321285140562249,MORENA,51,0.20481927710843373,11,0.04417670682730924,PRD,40,0.1606425702811245,17,0.06827309236947791,23,0.09236947791164658,40,0.1606425702811245,5,0.020080321285140562,11,0.04417670682730924,59,0.23694779116465864,51,0.20481927710843373,4,0.01606425702811245,0,0.0,6,0.024096385542168676,9,0.03614457831325301,2,0.008032128514056224,0,0.0,7,0.028112449799196786,0,0.0,0,0.0,0,0.0,7,0.028112449799196786,0,0.0,0,0.0,0,0.0,0,0.0,0,0.0,0,0.0,0,0.0,0,0.0,0,0.0,0,0.0,0,0.0,8,0.0321285140562249,249,1.0,ORIGEN,SECCION,COMPLETO
480,18,NAYARIT,SANTIAGO IXCUINTLA,,,477,372,196,0.5268817204301075,0.4731182795698925,MORENA,77,0.39285714285714285,50,0.25510204081632654,MC,27,0.1377551020408163,4,0.02040816326530612,PRD,23,0.11734693877551021,MORENA,77,0.39285714285714285,50,0.25510204081632654,MC,27,0.1377551020408163,4,0.02040816326530612,PRD,23,0.11734693877551021,6,0.030612244897959183,21,0.10714285714285714,23,0.11734693877551021,8,0.04081632653061224,5,0.025510204081632654,27,0.1377551020408163,77,0.39285714285714285,3,0.015306122448979591,0,0.0,2,0.01020408163265306,2,0.01020408163265306,0,0.0,0,0.0,7,0.03571428571428571,1,0.00510204081632653,1,0.00510204081632653,1,0.00510204081632653,3,0.015306122448979591,0,0.0,0,0.0,0,0.0,0,0.0,0,0.0,1,0.00510204081632653,1,0.00510204081632653,0,0.0,0,0.0,0,0.0,0,0.0,7,0.03571428571428571,196,1.0,ORIGEN,SECCION,COMPLETO
481,18,NAYARIT,SANTIAGO IXCUINTLA,,,478,473,283,0.5983086680761099,0.40169133192389006,MORENA,75,0.26501766784452296,27,0.09540636042402827,MC,48,0.1696113074204947,6,0.02120141342756184,PRI,42,0.14840989399293286,MORENA,75,0.26501766784452296,27,0.09540636042402827,MC,48,0.1696113074204947,6,0.02120141342756184,PRI,42,0.14840989399293286,15,0.053003533568904596,42,0.14840989399293286,29,0.10247349823321555,13,0.045936395759717315,9,0.03180212014134275,48,0.1696113074204947,75,0.26501766784452296,1,0.0035335689045936395,2,0.007067137809187279,0,0.0,3,0.01060070671378092,3,0.01060070671378092,8,0.028268551236749116,10,0.0353356890459364,1,0.0035335689045936395,0,0.0,1,0.0035335689045936395,0,0.0,0,0.0,0,0.0,3,0.01060070671378092,0,0.0,0,0.0,0,0.0,0,0.0,0,0.0,1,0.0035335689045936395,6,0.02120141342756184,0,0.0,13,0.045936395759717315,283,1.0,ORIGEN,SECCION,COMPLETO
482,18,NAYARIT,SANTIAGO IXCUINTLA,,,480,560,357,0.6375,0.36250000000000004,MORENA,107,0.29971988795518206,34,0.09523809523809523,PRI,73,0.20448179271708683,5,0.014005602240896359,MC,68,0.19047619047619047,MORENA,107,0.29971988795518206,34,0.09523809523809523,PRI,73,0.20448179271708683,5,0.014005602240896359,MC,68,0.19047619047619047,22,0.06162464985994398,73,0.20448179271708683,27,0.07563025210084033,7,0.0196078431372549,8,0.022408963585434174,68,0.19047619047619047,107,0.29971988795518206,9,0.025210084033613446,4,0.011204481792717087,3,0.008403361344537815,2,0.0056022408963585435,0,0.0,6,0.01680672268907563,6,0.01680672268907563,1,0.0028011204481792717,0,0.0,0,0.0,2,0.0056022408963585435,0,0.0,0,0.0,0,0.0,1,0.0028011204481792717,0,0.0,0,0.0,0,0.0,0,0.0,0,0.0,1,0.0028011204481792717,0,0.0,10,0.028011204481792718,357,1.0,ORIGEN,SECCION,COMPLETO
483,18,NAYARIT,SANTIAGO IXCUINTLA,,,481,196,84,0.42857142857142855,0.5714285714285714,MORENA,23,0.27380952380952384,3,0.03571428571428571,PRI,20,0.23809523809523808,5,0.05952380952380952,MC,15,0.17857142857142858,MORENA,23,0.27380952380952384,3,0.03571428571428571,PRI,20,0.23809523809523808,5,0.05952380952380952,MC,15,0.17857142857142858,7,0.08333333333333333,20,0.23809523809523808,2,0.023809523809523808,4,0.047619047619047616,3,0.03571428571428571,15,0.17857142857142858,23,0.27380952380952384,2,0.023809523809523808,2,0.023809523809523808,1,0.011904761904761904,0,0.0,0,0.0,1,0.011904761904761904,1,0.011904761904761904,0,0.0,0,0.0,0,0.0,0,0.0,0,0.0,0,0.0,0,0.0,0,0.0,0,0.0,0,0.0,0,0.0,0,0.0,0,0.0,0,0.0,0,0.0,3,0.03571428571428571,84,1.0,ORIGEN,SECCION,COMPLETO
484,18,NAYARIT,SANTIAGO IXCUINTLA,,,482,1055,498,0.4720379146919431,0.5279620853080569,MORENA,156,0.3132530120481928,12,0.024096385542168676,MC,144,0.2891566265060241,107,0.21485943775100402,PRD,37,0.07429718875502007,MORENA,156,0.3132530120481928,12,0.024096385542168676,MC,144,0.2891566265060241,107,0.21485943775100402,PRD,37,0.07429718875502007,28,0.05622489959839357,32,0.0642570281124498,37,0.07429718875502007,12,0.024096385542168676,14,0.028112449799196786,144,0.2891566265060241,156,0.3132530120481928,5,0.010040160642570281,2,0.004016064257028112,9,0.018072289156626505,2,0.004016064257028112,4,0.008032128514056224,11,0.02208835341365462,8,0.01606425702811245,1,0.002008032128514056,1,0.002008032128514056,0,0.0,9,0.018072289156626505,1,0.002008032128514056,0,0.0,0,0.0,0,0.0,0,0.0,0,0.0,0,0.0,1,0.002008032128514056,0,0.0,1,0.002008032128514056,0,0.0,20,0.040160642570281124,498,1.0,ORIGEN,SECCION,COMPLETO
485,18,NAYARIT,SANTIAGO IXCUINTLA,,,483,1133,603,0.5322153574580759,0.4677846425419241,MORENA,179,0.296849087893864,39,0.06467661691542288,MC,140,0.23217247097844113,74,0.12271973466003316,PRD,66,0.10945273631840796,MORENA,179,0.296849087893864,39,0.06467661691542288,MC,140,0.23217247097844113,74,0.12271973466003316,PRD,66,0.10945273631840796,32,0.05306799336650083,45,0.07462686567164178,66,0.10945273631840796,26,0.04311774461028192,19,0.03150912106135987,140,0.23217247097844113,179,0.296849087893864,8,0.013266998341625208,2,0.003316749585406302,20,0.03316749585406302,6,0.009950248756218905,4,0.006633499170812604,7,0.011608623548922056,14,0.02321724709784411,1,0.001658374792703151,1,0.001658374792703151,1,0.001658374792703151,9,0.014925373134328358,3,0.004975124378109453,0,0.0,0,0.0,1,0.001658374792703151,0,0.0,1,0.001658374792703151,0,0.0,0,0.0,1,0.001658374792703151,2,0.003316749585406302,0,0.0,15,0.024875621890547265,603,1.0,ORIGEN,SECCION,COMPLETO
486,18,NAYARIT,SANTIAGO IXCUINTLA,,,484,953,494,0.5183630640083945,0.4816369359916055,MORENA,151,0.305668016194332,5,0.010121457489878543,MC,146,0.29554655870445345,108,0.21862348178137653,PRI,38,0.07692307692307693,MORENA,151,0.305668016194332,5,0.010121457489878543,MC,146,0.29554655870445345,108,0.21862348178137653,PRI,38,0.07692307692307693,22,0.044534412955465584,38,0.07692307692307693,36,0.0728744939271255,14,0.02834008097165992,12,0.024291497975708502,146,0.29554655870445345,151,0.305668016194332,10,0.020242914979757085,2,0.004048582995951417,3,0.006072874493927126,5,0.010121457489878543,2,0.004048582995951417,7,0.01417004048582996,15,0.030364372469635626,0,0.0,1,0.0020242914979757085,0,0.0,5,0.010121457489878543,3,0.006072874493927126,0,0.0,1,0.0020242914979757085,1,0.0020242914979757085,1,0.0020242914979757085,1,0.0020242914979757085,0,0.0,1,0.0020242914979757085,0,0.0,0,0.0,0,0.0,17,0.03441295546558704,494,1.0,ORIGEN,SECCION,COMPLETO
487,18,NAYARIT,SANTIAGO IXCUINTLA,,,485,774,384,0.49612403100775193,0.5038759689922481,MORENA,127,0.3307291666666667,52,0.13541666666666666,MC,75,0.1953125,43,0.11197916666666667,PRI,32,0.08333333333333333,MORENA,127,0.3307291666666667,52,0.13541666666666666,MC,75,0.1953125,43,0.11197916666666667,PRI,32,0.08333333333333333,15,0.0390625,32,0.08333333333333333,25,0.06510416666666667,13,0.033854166666666664,20,0.052083333333333336,75,0.1953125,127,0.3307291666666667,6,0.015625,1,0.0026041666666666665,9,0.0234375,3,0.0078125,20,0.052083333333333336,3,0.0078125,1,0.0026041666666666665,1,0.0026041666666666665,0,0.0,0,0.0,4,0.010416666666666666,1,0.0026041666666666665,1,0.0026041666666666665,0,0.0,2,0.005208333333333333,1,0.0026041666666666665,1,0.0026041666666666665,0,0.0,2,0.005208333333333333,1,0.0026041666666666665,3,0.0078125,0,0.0,17,0.044270833333333336,384,1.0,ORIGEN,SECCION,COMPLETO
488,18,NAYARIT,SANTIAGO IXCUINTLA,,,486,351,184,0.5242165242165242,0.4757834757834758,MORENA,52,0.2826086956521739,12,0.06521739130434782,MC,40,0.21739130434782608,6,0.03260869565217391,PRI,34,0.18478260869565216,MORENA,52,0.2826086956521739,12,0.06521739130434782,MC,40,0.21739130434782608,6,0.03260869565217391,PRI,34,0.18478260869565216,8,0.043478260869565216,34,0.18478260869565216,22,0.11956521739130435,4,0.021739130434782608,5,0.02717391304347826,40,0.21739130434782608,52,0.2826086956521739,4,0.021739130434782608,0,0.0,2,0.010869565217391304,0,0.0,4,0.021739130434782608,1,0.005434782608695652,3,0.016304347826086956,0,0.0,0,0.0,0,0.0,5,0.02717391304347826,0,0.0,0,0.0,0,0.0,0,0.0,0,0.0,0,0.0,0,0.0,0,0.0,0,0.0,0,0.0,0,0.0,0,0.0,184,1.0,ORIGEN,SECCION,COMPLETO
489,18,NAYARIT,SANTIAGO IXCUINTLA,,,487,1079,601,0.556997219647822,0.443002780352178,MORENA,194,0.3227953410981697,72,0.11980033277870217,PRD,122,0.20299500831946754,17,0.028286189683860232,MC,105,0.17470881863560733,MORENA,194,0.3227953410981697,72,0.11980033277870217,PRD,122,0.20299500831946754,17,0.028286189683860232,MC,105,0.17470881863560733,35,0.05823627287853577,48,0.07986688851913477,122,0.20299500831946754,22,0.036605657237936774,12,0.019966722129783693,105,0.17470881863560733,194,0.3227953410981697,5,0.008319467554076539,1,0.0016638935108153079,20,0.033277870216306155,5,0.008319467554076539,7,0.011647254575707155,2,0.0033277870216306157,6,0.009983361064891847,0,0.0,0,0.0,0,0.0,1,0.0016638935108153079,2,0.0033277870216306157,0,0.0,1,0.0016638935108153079,3,0.004991680532445923,0,0.0,3,0.004991680532445923,0,0.0,0,0.0,0,0.0,2,0.0033277870216306157,0,0.0,5,0.008319467554076539,601,1.0,ORIGEN,SECCION,COMPLETO
490,18,NAYARIT,SANTIAGO IXCUINTLA,,,488,740,424,0.572972972972973,0.427027027027027,MORENA,163,0.38443396226415094,32,0.07547169811320754,MC,131,0.3089622641509434,106,0.25,PRI,25,0.0589622641509434,MORENA,163,0.38443396226415094,32,0.07547169811320754,MC,131,0.3089622641509434,106,0.25,PRI,25,0.0589622641509434,12,0.02830188679245283,25,0.0589622641509434,18,0.04245283018867924,10,0.02358490566037736,6,0.014150943396226415,131,0.3089622641509434,163,0.38443396226415094,4,0.009433962264150943,2,0.0047169811320754715,14,0.0330188679245283,6,0.014150943396226415,0,0.0,2,0.0047169811320754715,4,0.009433962264150943,1,0.0023584905660377358,1,0.0023584905660377358,0,0.0,1,0.0023584905660377358,1,0.0023584905660377358,1,0.0023584905660377358,1,0.0023584905660377358,1,0.0023584905660377358,1,0.0023584905660377358,3,0.007075471698113208,1,0.0023584905660377358,1,0.0023584905660377358,0,0.0,2,0.0047169811320754715,0,0.0,12,0.02830188679245283,424,1.0,ORIGEN,SECCION,COMPLETO
491,18,NAYARIT,SANTIAGO IXCUINTLA,,,489,870,384,0.4413793103448276,0.5586206896551724,MORENA,122,0.3177083333333333,9,0.0234375,MC,113,0.2942708333333333,80,0.20833333333333334,PRD,33,0.0859375,MORENA,122,0.3177083333333333,9,0.0234375,MC,113,0.2942708333333333,80,0.20833333333333334,PRD,33,0.0859375,15,0.0390625,17,0.044270833333333336,33,0.0859375,11,0.028645833333333332,20,0.052083333333333336,113,0.2942708333333333,122,0.3177083333333333,2,0.005208333333333333,4,0.010416666666666666,2,0.005208333333333333,3,0.0078125,4,0.010416666666666666,0,0.0,11,0.028645833333333332,0,0.0,0,0.0,0,0.0,4,0.010416666666666666,0,0.0,0,0.0,0,0.0,0,0.0,0,0.0,0,0.0,0,0.0,2,0.005208333333333333,1,0.0026041666666666665,1,0.0026041666666666665,0,0.0,19,0.049479166666666664,384,1.0,ORIGEN,SECCION,COMPLETO
492,18,NAYARIT,SANTIAGO IXCUINTLA,,,490,639,344,0.5383411580594679,0.4616588419405321,MORENA,122,0.3546511627906977,12,0.03488372093023256,MC,110,0.31976744186046513,89,0.25872093023255816,PRD,21,0.061046511627906974,MORENA,122,0.3546511627906977,12,0.03488372093023256,MC,110,0.31976744186046513,89,0.25872093023255816,PRD,21,0.061046511627906974,17,0.04941860465116279,14,0.040697674418604654,21,0.061046511627906974,7,0.020348837209302327,11,0.03197674418604651,110,0.31976744186046513,122,0.3546511627906977,1,0.0029069767441860465,5,0.014534883720930232,7,0.020348837209302327,5,0.014534883720930232,1,0.0029069767441860465,0,0.0,4,0.011627906976744186,0,0.0,0,0.0,0,0.0,5,0.014534883720930232,3,0.00872093023255814,0,0.0,1,0.0029069767441860465,0,0.0,0,0.0,1,0.0029069767441860465,0,0.0,1,0.0029069767441860465,1,0.0029069767441860465,0,0.0,0,0.0,7,0.020348837209302327,344,1.0,ORIGEN,SECCION,COMPLETO
493,18,NAYARIT,SANTIAGO IXCUINTLA,,,491,507,275,0.5424063116370809,0.45759368836291914,MORENA,102,0.3709090909090909,38,0.13818181818181818,MC,64,0.23272727272727273,24,0.08727272727272728,PRI,40,0.14545454545454545,MORENA,102,0.3709090909090909,38,0.13818181818181818,MC,64,0.23272727272727273,24,0.08727272727272728,PRI,40,0.14545454545454545,12,0.04363636363636364,40,0.14545454545454545,9,0.03272727272727273,8,0.02909090909090909,5,0.01818181818181818,64,0.23272727272727273,102,0.3709090909090909,3,0.01090909090909091,2,0.007272727272727273,1,0.0036363636363636364,1,0.0036363636363636364,1,0.0036363636363636364,1,0.0036363636363636364,5,0.01818181818181818,0,0.0,0,0.0,1,0.0036363636363636364,2,0.007272727272727273,3,0.01090909090909091,0,0.0,1,0.0036363636363636364,0,0.0,0,0.0,1,0.0036363636363636364,0,0.0,1,0.0036363636363636364,1,0.0036363636363636364,2,0.007272727272727273,0,0.0,9,0.03272727272727273,275,1.0,ORIGEN,SECCION,COMPLETO
494,18,NAYARIT,SANTIAGO IXCUINTLA,,,492,297,190,0.6397306397306397,0.3602693602693603,MORENA,69,0.3631578947368421,27,0.14210526315789473,PRI,42,0.22105263157894736,4,0.021052631578947368,MC,38,0.2,MORENA,69,0.3631578947368421,27,0.14210526315789473,PRI,42,0.22105263157894736,4,0.021052631578947368,MC,38,0.2,4,0.021052631578947368,42,0.22105263157894736,7,0.03684210526315789,2,0.010526315789473684,6,0.031578947368421054,38,0.2,69,0.3631578947368421,4,0.021052631578947368,0,0.0,3,0.015789473684210527,4,0.021052631578947368,1,0.005263157894736842,1,0.005263157894736842,0,0.0,0,0.0,0,0.0,0,0.0,2,0.010526315789473684,1,0.005263157894736842,0,0.0,0,0.0,0,0.0,0,0.0,0,0.0,0,0.0,1,0.005263157894736842,1,0.005263157894736842,0,0.0,0,0.0,4,0.021052631578947368,190,1.0,ORIGEN,SECCION,COMPLETO
495,18,NAYARIT,SANTIAGO IXCUINTLA,,,493,893,533,0.5968645016797313,0.40313549832026874,MC,209,0.3921200750469043,63,0.11819887429643527,MORENA,146,0.27392120075046905,106,0.19887429643527205,NAN,40,0.075046904315197,MC,209,0.3921200750469043,63,0.11819887429643527,MORENA,146,0.27392120075046905,106,0.19887429643527205,NAN,40,0.075046904315197,12,0.0225140712945591,26,0.04878048780487805,9,0.016885553470919325,15,0.028142589118198873,5,0.009380863039399626,209,0.3921200750469043,146,0.27392120075046905,40,0.075046904315197,0,0.0,10,0.01876172607879925,9,0.016885553470919325,10,0.01876172607879925,1,0.001876172607879925,2,0.00375234521575985,0,0.0,0,0.0,0,0.0,9,0.016885553470919325,3,0.005628517823639775,0,0.0,2,0.00375234521575985,3,0.005628517823639775,2,0.00375234521575985,0,0.0,1,0.001876172607879925,1,0.001876172607879925,0,0.0,3,0.005628517823639775,0,0.0,15,0.028142589118198873,533,1.0,ORIGEN,SECCION,COMPLETO
496,18,NAYARIT,SANTIAGO IXCUINTLA,,,494,472,288,0.6101694915254238,0.38983050847457623,MC,109,0.3784722222222222,19,0.06597222222222222,MORENA,90,0.3125,69,0.23958333333333334,PRI,21,0.07291666666666667,MC,109,0.3784722222222222,19,0.06597222222222222,MORENA,90,0.3125,69,0.23958333333333334,PRI,21,0.07291666666666667,7,0.024305555555555556,21,0.07291666666666667,1,0.003472222222222222,5,0.017361111111111112,5,0.017361111111111112,109,0.3784722222222222,90,0.3125,11,0.03819444444444445,0,0.0,14,0.04861111111111111,2,0.006944444444444444,4,0.013888888888888888,2,0.006944444444444444,3,0.010416666666666666,0,0.0,0,0.0,0,0.0,6,0.020833333333333332,0,0.0,0,0.0,0,0.0,1,0.003472222222222222,0,0.0,0,0.0,1,0.003472222222222222,0,0.0,0,0.0,1,0.003472222222222222,0,0.0,5,0.017361111111111112,288,1.0,ORIGEN,SECCION,COMPLETO
497,18,NAYARIT,SANTIAGO IXCUINTLA,,,495,612,318,0.5196078431372549,0.48039215686274506,MC,151,0.4748427672955975,73,0.22955974842767296,MORENA,78,0.24528301886792453,55,0.17295597484276728,PRI,23,0.07232704402515723,MC,151,0.4748427672955975,73,0.22955974842767296,MORENA,78,0.24528301886792453,55,0.17295597484276728,PRI,23,0.07232704402515723,5,0.015723270440251572,23,0.07232704402515723,7,0.0220125786163522,3,0.009433962264150943,3,0.009433962264150943,151,0.4748427672955975,78,0.24528301886792453,10,0.031446540880503145,2,0.006289308176100629,3,0.009433962264150943,6,0.018867924528301886,2,0.006289308176100629,1,0.0031446540880503146,1,0.0031446540880503146,2,0.006289308176100629,0,0.0,1,0.0031446540880503146,2,0.006289308176100629,0,0.0,0,0.0,1,0.0031446540880503146,2,0.006289308176100629,0,0.0,1,0.0031446540880503146,0,0.0,0,0.0,0,0.0,1,0.0031446540880503146,0,0.0,13,0.040880503144654086,318,1.0,ORIGEN,SECCION,COMPLETO
498,18,NAYARIT,SANTIAGO IXCUINTLA,,,496,519,289,0.5568400770712909,0.4431599229287091,MORENA,131,0.4532871972318339,69,0.23875432525951557,MC,62,0.21453287197231835,44,0.1522491349480969,PRI,18,0.06228373702422145,MORENA,131,0.4532871972318339,69,0.23875432525951557,MC,62,0.21453287197231835,44,0.1522491349480969,PRI,18,0.06228373702422145,9,0.031141868512110725,18,0.06228373702422145,10,0.03460207612456748,9,0.031141868512110725,4,0.01384083044982699,62,0.21453287197231835,131,0.4532871972318339,6,0.020761245674740483,1,0.0034602076124567475,6,0.020761245674740483,2,0.006920415224913495,11,0.03806228373702422,1,0.0034602076124567475,4,0.01384083044982699,0,0.0,0,0.0,0,0.0,1,0.0034602076124567475,0,0.0,0,0.0,0,0.0,1,0.0034602076124567475,0,0.0,1,0.0034602076124567475,0,0.0,1,0.0034602076124567475,0,0.0,0,0.0,0,0.0,11,0.03806228373702422,289,1.0,ORIGEN,SECCION,COMPLETO
499,18,NAYARIT,SANTIAGO IXCUINTLA,,,497,914,527,0.5765864332603938,0.4234135667396062,MORENA,239,0.45351043643263755,164,0.3111954459203036,PRI,75,0.14231499051233396,5,0.009487666034155597,MC,70,0.13282732447817835,MORENA,239,0.45351043643263755,164,0.3111954459203036,PRI,75,0.14231499051233396,5,0.009487666034155597,MC,70,0.13282732447817835,55,0.10436432637571158,75,0.14231499051233396,12,0.022770398481973434,10,0.018975332068311195,11,0.020872865275142316,70,0.13282732447817835,239,0.45351043643263755,4,0.007590132827324478,3,0.0056925996204933585,3,0.0056925996204933585,12,0.022770398481973434,6,0.011385199240986717,2,0.003795066413662239,3,0.0056925996204933585,3,0.0056925996204933585,0,0.0,1,0.0018975332068311196,3,0.0056925996204933585,0,0.0,0,0.0,0,0.0,0,0.0,0,0.0,0,0.0,1,0.0018975332068311196,1,0.0018975332068311196,0,0.0,2,0.003795066413662239,0,0.0,11,0.020872865275142316,527,1.0,ORIGEN,SECCION,COMPLETO
500,18,NAYARIT,SANTIAGO IXCUINTLA,,,498,753,416,0.5524568393094289,0.4475431606905711,MORENA,186,0.44711538461538464,128,0.3076923076923077,MC,58,0.13942307692307693,19,0.04567307692307692,PRI,39,0.09375,MORENA,186,0.44711538461538464,128,0.3076923076923077,MC,58,0.13942307692307693,19,0.04567307692307692,PRI,39,0.09375,16,0.038461538461538464,39,0.09375,5,0.01201923076923077,20,0.04807692307692308,34,0.08173076923076923,58,0.13942307692307693,186,0.44711538461538464,7,0.016826923076923076,2,0.004807692307692308,21,0.05048076923076923,6,0.014423076923076924,4,0.009615384615384616,1,0.002403846153846154,0,0.0,0,0.0,0,0.0,0,0.0,0,0.0,0,0.0,1,0.002403846153846154,0,0.0,0,0.0,1,0.002403846153846154,0,0.0,0,0.0,0,0.0,1,0.002403846153846154,1,0.002403846153846154,0,0.0,13,0.03125,416,1.0,ORIGEN,SECCION,COMPLETO
501,18,NAYARIT,SANTIAGO IXCUINTLA,,,499,281,0,0.0,1.0,PAN,0,0.0,0,0.0,PRI,0,0.0,0,0.0,PRD,0,0.0,PAN,0,0.0,0,0.0,PRI,0,0.0,0,0.0,PRD,0,0.0,0,0.0,0,0.0,0,0.0,0,0.0,0,0.0,0,0.0,0,0.0,0,0.0,0,0.0,0,0.0,0,0.0,0,0.0,0,0.0,0,0.0,0,0.0,0,0.0,0,0.0,0,0.0,0,0.0,0,0.0,0,0.0,0,0.0,0,0.0,0,0.0,0,0.0,0,0.0,0,0.0,0,0.0,0,0.0,0,0.0,0,0.0,ORIGEN,SECCION,COMPLETO
502,18,NAYARIT,SANTIAGO IXCUINTLA,,,500,381,236,0.6194225721784777,0.38057742782152226,MORENA,102,0.4322033898305085,59,0.25,MC,43,0.18220338983050846,12,0.05084745762711865,PRI,31,0.13135593220338984,MORENA,102,0.4322033898305085,59,0.25,MC,43,0.18220338983050846,12,0.05084745762711865,PRI,31,0.13135593220338984,12,0.05084745762711865,31,0.13135593220338984,9,0.038135593220338986,2,0.00847457627118644,0,0.0,43,0.18220338983050846,102,0.4322033898305085,2,0.00847457627118644,1,0.00423728813559322,2,0.00847457627118644,12,0.05084745762711865,6,0.025423728813559324,0,0.0,2,0.00847457627118644,1,0.00423728813559322,0,0.0,0,0.0,1,0.00423728813559322,0,0.0,0,0.0,0,0.0,0,0.0,0,0.0,0,0.0,0,0.0,1,0.00423728813559322,1,0.00423728813559322,2,0.00847457627118644,0,0.0,6,0.025423728813559324,236,1.0,ORIGEN,SECCION,COMPLETO
503,18,NAYARIT,SANTIAGO IXCUINTLA,,,501,519,295,0.5684007707129094,0.4315992292870906,MC,90,0.3050847457627119,21,0.0711864406779661,MORENA,69,0.23389830508474577,22,0.07457627118644068,PRI,47,0.15932203389830507,MC,90,0.3050847457627119,21,0.0711864406779661,MORENA,69,0.23389830508474577,22,0.07457627118644068,PRI,47,0.15932203389830507,14,0.04745762711864407,47,0.15932203389830507,9,0.030508474576271188,13,0.04406779661016949,4,0.013559322033898305,90,0.3050847457627119,69,0.23389830508474577,7,0.023728813559322035,1,0.003389830508474576,4,0.013559322033898305,6,0.020338983050847456,8,0.02711864406779661,3,0.010169491525423728,4,0.013559322033898305,1,0.003389830508474576,0,0.0,0,0.0,2,0.006779661016949152,0,0.0,0,0.0,0,0.0,1,0.003389830508474576,1,0.003389830508474576,4,0.013559322033898305,0,0.0,0,0.0,0,0.0,0,0.0,7,0.023728813559322035,0,0.0,295,1.0,ORIGEN,SECCION,COMPLETO
504,18,NAYARIT,SANTIAGO IXCUINTLA,,,502,787,464,0.5895806861499364,0.4104193138500636,MORENA,221,0.47629310344827586,118,0.2543103448275862,MC,103,0.22198275862068967,68,0.14655172413793102,PRI,35,0.07543103448275862,MORENA,221,0.47629310344827586,118,0.2543103448275862,MC,103,0.22198275862068967,68,0.14655172413793102,PRI,35,0.07543103448275862,8,0.017241379310344827,35,0.07543103448275862,12,0.02586206896551724,9,0.01939655172413793,10,0.021551724137931036,103,0.22198275862068967,221,0.47629310344827586,11,0.023706896551724137,4,0.008620689655172414,0,0.0,6,0.01293103448275862,8,0.017241379310344827,1,0.0021551724137931034,3,0.00646551724137931,1,0.0021551724137931034,0,0.0,0,0.0,3,0.00646551724137931,1,0.0021551724137931034,1,0.0021551724137931034,2,0.004310344827586207,3,0.00646551724137931,0,0.0,1,0.0021551724137931034,0,0.0,4,0.008620689655172414,0,0.0,3,0.00646551724137931,0,0.0,14,0.03017241379310345,464,1.0,ORIGEN,SECCION,COMPLETO
505,18,NAYARIT,SANTIAGO IXCUINTLA,,,503,1081,431,0.3987049028677151,0.6012950971322849,MORENA,156,0.3619489559164733,38,0.08816705336426914,MC,118,0.2737819025522042,92,0.21345707656612528,PRI,26,0.060324825986078884,MORENA,156,0.3619489559164733,38,0.08816705336426914,MC,118,0.2737819025522042,92,0.21345707656612528,PRI,26,0.060324825986078884,12,0.027842227378190254,26,0.060324825986078884,14,0.03248259860788863,13,0.030162412993039442,14,0.03248259860788863,118,0.2737819025522042,156,0.3619489559164733,5,0.01160092807424594,9,0.02088167053364269,23,0.05336426914153132,11,0.025522041763341066,10,0.02320185614849188,1,0.002320185614849188,0,0.0,0,0.0,0,0.0,0,0.0,1,0.002320185614849188,1,0.002320185614849188,0,0.0,0,0.0,0,0.0,0,0.0,0,0.0,0,0.0,0,0.0,0,0.0,1,0.002320185614849188,0,0.0,16,0.037122969837587005,431,1.0,ORIGEN,SECCION,COMPLETO
506,18,NAYARIT,SANTIAGO IXCUINTLA,,,504,785,387,0.4929936305732484,0.5070063694267516,MORENA,116,0.2997416020671835,49,0.12661498708010335,NAN,67,0.1731266149870801,12,0.031007751937984496,MC,55,0.1421188630490956,MORENA,116,0.2997416020671835,49,0.12661498708010335,NAN,67,0.1731266149870801,12,0.031007751937984496,MC,55,0.1421188630490956,12,0.031007751937984496,37,0.09560723514211886,10,0.025839793281653745,6,0.015503875968992248,5,0.012919896640826873,55,0.1421188630490956,116,0.2997416020671835,67,0.1731266149870801,10,0.025839793281653745,12,0.031007751937984496,8,0.020671834625323,12,0.031007751937984496,9,0.023255813953488372,5,0.012919896640826873,2,0.00516795865633075,0,0.0,0,0.0,3,0.007751937984496124,1,0.002583979328165375,0,0.0,1,0.002583979328165375,2,0.00516795865633075,0,0.0,0,0.0,0,0.0,1,0.002583979328165375,0,0.0,3,0.007751937984496124,5,0.012919896640826873,5,0.012919896640826873,387,1.0,ORIGEN,SECCION,COMPLETO
507,18,NAYARIT,SANTIAGO IXCUINTLA,,,505,1007,524,0.5203574975173784,0.47964250248262164,MC,149,0.28435114503816794,4,0.007633587786259542,MORENA,145,0.2767175572519084,75,0.1431297709923664,PRI,70,0.13358778625954199,MC,149,0.28435114503816794,4,0.007633587786259542,MORENA,145,0.2767175572519084,75,0.1431297709923664,PRI,70,0.13358778625954199,31,0.05916030534351145,70,0.13358778625954199,8,0.015267175572519083,12,0.022900763358778626,18,0.03435114503816794,149,0.28435114503816794,145,0.2767175572519084,7,0.013358778625954198,3,0.0057251908396946565,7,0.013358778625954198,6,0.011450381679389313,9,0.01717557251908397,1,0.0019083969465648854,14,0.026717557251908396,3,0.0057251908396946565,1,0.0019083969465648854,0,0.0,4,0.007633587786259542,3,0.0057251908396946565,1,0.0019083969465648854,2,0.003816793893129771,1,0.0019083969465648854,0,0.0,3,0.0057251908396946565,0,0.0,5,0.009541984732824428,0,0.0,3,0.0057251908396946565,0,0.0,18,0.03435114503816794,524,1.0,ORIGEN,SECCION,COMPLETO
508,18,NAYARIT,SANTIAGO IXCUINTLA,,,506,406,223,0.5492610837438424,0.4507389162561576,MORENA,65,0.2914798206278027,12,0.053811659192825115,MC,53,0.23766816143497757,31,0.13901345291479822,PRI,22,0.09865470852017937,MORENA,65,0.2914798206278027,12,0.053811659192825115,MC,53,0.23766816143497757,31,0.13901345291479822,PRI,22,0.09865470852017937,19,0.08520179372197309,22,0.09865470852017937,11,0.04932735426008968,4,0.017937219730941704,12,0.053811659192825115,53,0.23766816143497757,65,0.2914798206278027,3,0.013452914798206279,0,0.0,5,0.02242152466367713,5,0.02242152466367713,10,0.04484304932735426,0,0.0,3,0.013452914798206279,0,0.0,2,0.008968609865470852,0,0.0,2,0.008968609865470852,0,0.0,0,0.0,0,0.0,0,0.0,0,0.0,0,0.0,1,0.004484304932735426,1,0.004484304932735426,0,0.0,1,0.004484304932735426,0,0.0,4,0.017937219730941704,223,1.0,ORIGEN,SECCION,COMPLETO
509,18,NAYARIT,SANTIAGO IXCUINTLA,,,507,773,404,0.5226390685640362,0.4773609314359638,MORENA,151,0.37376237623762376,60,0.1485148514851485,MC,91,0.22524752475247525,52,0.12871287128712872,PRI,39,0.09653465346534654,MORENA,151,0.37376237623762376,60,0.1485148514851485,MC,91,0.22524752475247525,52,0.12871287128712872,PRI,39,0.09653465346534654,12,0.0297029702970297,39,0.09653465346534654,7,0.017326732673267328,12,0.0297029702970297,17,0.04207920792079208,91,0.22524752475247525,151,0.37376237623762376,6,0.01485148514851485,3,0.007425742574257425,20,0.04950495049504951,4,0.009900990099009901,15,0.03712871287128713,1,0.0024752475247524753,5,0.012376237623762377,1,0.0024752475247524753,0,0.0,0,0.0,2,0.0049504950495049506,2,0.0049504950495049506,2,0.0049504950495049506,2,0.0049504950495049506,2,0.0049504950495049506,0,0.0,0,0.0,0,0.0,2,0.0049504950495049506,0,0.0,1,0.0024752475247524753,0,0.0,7,0.017326732673267328,404,1.0,ORIGEN,SECCION,COMPLETO
510,18,NAYARIT,SANTIAGO IXCUINTLA,,,508,1252,563,0.4496805111821086,0.5503194888178914,MORENA,198,0.35168738898756663,88,0.15630550621669628,MC,110,0.19538188277087035,41,0.07282415630550622,PRI,69,0.12255772646536411,MORENA,198,0.35168738898756663,88,0.15630550621669628,MC,110,0.19538188277087035,41,0.07282415630550622,PRI,69,0.12255772646536411,50,0.08880994671403197,69,0.12255772646536411,4,0.007104795737122558,19,0.03374777975133215,15,0.02664298401420959,110,0.19538188277087035,198,0.35168738898756663,4,0.007104795737122558,3,0.0053285968028419185,18,0.03197158081705151,17,0.03019538188277087,6,0.010657193605683837,1,0.0017761989342806395,8,0.014209591474245116,3,0.0053285968028419185,0,0.0,0,0.0,11,0.019538188277087035,1,0.0017761989342806395,0,0.0,0,0.0,0,0.0,1,0.0017761989342806395,1,0.0017761989342806395,0,0.0,2,0.003552397868561279,0,0.0,4,0.007104795737122558,0,0.0,18,0.03197158081705151,563,1.0,ORIGEN,SECCION,COMPLETO
511,18,NAYARIT,SANTIAGO IXCUINTLA,,,509,392,226,0.576530612244898,0.423469387755102,MORENA,71,0.3141592920353982,22,0.09734513274336283,MC,49,0.2168141592920354,29,0.12831858407079647,PAN,20,0.08849557522123894,MORENA,71,0.3141592920353982,22,0.09734513274336283,MC,49,0.2168141592920354,29,0.12831858407079647,PAN,20,0.08849557522123894,20,0.08849557522123894,15,0.06637168141592921,3,0.01327433628318584,7,0.030973451327433628,8,0.035398230088495575,49,0.2168141592920354,71,0.3141592920353982,3,0.01327433628318584,7,0.030973451327433628,8,0.035398230088495575,3,0.01327433628318584,8,0.035398230088495575,4,0.017699115044247787,5,0.022123893805309734,0,0.0,1,0.004424778761061947,0,0.0,1,0.004424778761061947,2,0.008849557522123894,0,0.0,0,0.0,0,0.0,0,0.0,0,0.0,0,0.0,1,0.004424778761061947,0,0.0,1,0.004424778761061947,0,0.0,9,0.03982300884955752,226,1.0,ORIGEN,SECCION,COMPLETO
512,18,NAYARIT,SANTIAGO IXCUINTLA,,,510,376,225,0.598404255319149,0.401595744680851,MC,73,0.3244444444444444,10,0.044444444444444446,MORENA,63,0.28,38,0.1688888888888889,PRD,25,0.1111111111111111,MC,73,0.3244444444444444,10,0.044444444444444446,MORENA,63,0.28,38,0.1688888888888889,PRD,25,0.1111111111111111,6,0.02666666666666667,13,0.057777777777777775,25,0.1111111111111111,13,0.057777777777777775,5,0.022222222222222223,73,0.3244444444444444,63,0.28,5,0.022222222222222223,2,0.008888888888888889,10,0.044444444444444446,3,0.013333333333333334,1,0.0044444444444444444,0,0.0,1,0.0044444444444444444,0,0.0,0,0.0,0,0.0,0,0.0,0,0.0,0,0.0,0,0.0,0,0.0,0,0.0,1,0.0044444444444444444,0,0.0,0,0.0,0,0.0,0,0.0,0,0.0,4,0.017777777777777778,225,1.0,ORIGEN,SECCION,COMPLETO
513,18,NAYARIT,SANTIAGO IXCUINTLA,,,511,1079,404,0.3744207599629286,0.6255792400370714,MORENA,202,0.5,158,0.3910891089108911,MC,44,0.10891089108910891,12,0.0297029702970297,PVEM,32,0.07920792079207921,MORENA,202,0.5,158,0.3910891089108911,MC,44,0.10891089108910891,12,0.0297029702970297,PVEM,32,0.07920792079207921,7,0.017326732673267328,18,0.04455445544554455,25,0.06188118811881188,12,0.0297029702970297,32,0.07920792079207921,44,0.10891089108910891,202,0.5,5,0.012376237623762377,3,0.007425742574257425,12,0.0297029702970297,9,0.022277227722772276,8,0.019801980198019802,0,0.0,7,0.017326732673267328,0,0.0,0,0.0,1,0.0024752475247524753,8,0.019801980198019802,1,0.0024752475247524753,0,0.0,0,0.0,1,0.0024752475247524753,0,0.0,0,0.0,0,0.0,0,0.0,2,0.0049504950495049506,0,0.0,0,0.0,7,0.017326732673267328,404,1.0,ORIGEN,SECCION,COMPLETO
514,18,NAYARIT,SANTIAGO IXCUINTLA,,,512,863,493,0.5712630359212051,0.4287369640787949,MORENA,155,0.3144016227180527,100,0.2028397565922921,MC,55,0.11156186612576065,4,0.008113590263691683,PRD,51,0.10344827586206896,MORENA,155,0.3144016227180527,100,0.2028397565922921,MC,55,0.11156186612576065,4,0.008113590263691683,PRD,51,0.10344827586206896,22,0.04462474645030426,46,0.09330628803245436,51,0.10344827586206896,12,0.02434077079107505,37,0.07505070993914807,55,0.11156186612576065,155,0.3144016227180527,6,0.012170385395537525,6,0.012170385395537525,9,0.018255578093306288,11,0.02231237322515213,27,0.05476673427991886,3,0.006085192697768763,13,0.02636916835699797,0,0.0,0,0.0,0,0.0,22,0.04462474645030426,1,0.002028397565922921,0,0.0,0,0.0,0,0.0,2,0.004056795131845842,0,0.0,0,0.0,0,0.0,0,0.0,2,0.004056795131845842,0,0.0,13,0.02636916835699797,493,1.0,ORIGEN,SECCION,COMPLETO
515,18,NAYARIT,SANTIAGO IXCUINTLA,,,513,596,300,0.5033557046979866,0.49664429530201337,MORENA,95,0.31666666666666665,20,0.06666666666666667,MC,75,0.25,45,0.15,PRI,30,0.1,MORENA,95,0.31666666666666665,20,0.06666666666666667,MC,75,0.25,45,0.15,PRI,30,0.1,23,0.07666666666666666,30,0.1,15,0.05,9,0.03,10,0.03333333333333333,75,0.25,95,0.31666666666666665,2,0.006666666666666667,12,0.04,4,0.013333333333333334,4,0.013333333333333334,1,0.0033333333333333335,1,0.0033333333333333335,4,0.013333333333333334,0,0.0,1,0.0033333333333333335,0,0.0,2,0.006666666666666667,0,0.0,0,0.0,0,0.0,0,0.0,0,0.0,1,0.0033333333333333335,0,0.0,1,0.0033333333333333335,0,0.0,1,0.0033333333333333335,0,0.0,9,0.03,300,1.0,ORIGEN,SECCION,COMPLETO
516,18,NAYARIT,SANTIAGO IXCUINTLA,,,514,258,142,0.5503875968992248,0.4496124031007752,MC,33,0.2323943661971831,8,0.056338028169014086,MORENA,25,0.176056338028169,6,0.04225352112676056,PRI,19,0.13380281690140844,MC,33,0.2323943661971831,8,0.056338028169014086,MORENA,25,0.176056338028169,6,0.04225352112676056,PRI,19,0.13380281690140844,16,0.11267605633802817,19,0.13380281690140844,14,0.09859154929577464,3,0.02112676056338028,5,0.035211267605633804,33,0.2323943661971831,25,0.176056338028169,2,0.014084507042253521,0,0.0,0,0.0,2,0.014084507042253521,1,0.007042253521126761,5,0.035211267605633804,5,0.035211267605633804,1,0.007042253521126761,0,0.0,0,0.0,0,0.0,0,0.0,0,0.0,0,0.0,0,0.0,0,0.0,0,0.0,0,0.0,0,0.0,0,0.0,0,0.0,0,0.0,11,0.07746478873239436,142,1.0,ORIGEN,SECCION,COMPLETO
517,18,NAYARIT,SANTIAGO IXCUINTLA,,,515,419,235,0.5608591885441527,0.43914081145584727,MORENA,104,0.4425531914893617,69,0.2936170212765957,MC,35,0.14893617021276595,14,0.059574468085106386,PRI,21,0.08936170212765958,MORENA,104,0.4425531914893617,69,0.2936170212765957,MC,35,0.14893617021276595,14,0.059574468085106386,PRI,21,0.08936170212765958,12,0.05106382978723404,21,0.08936170212765958,13,0.05531914893617021,9,0.03829787234042553,7,0.029787234042553193,35,0.14893617021276595,104,0.4425531914893617,3,0.01276595744680851,2,0.00851063829787234,0,0.0,0,0.0,15,0.06382978723404255,1,0.00425531914893617,0,0.0,0,0.0,0,0.0,2,0.00851063829787234,1,0.00425531914893617,0,0.0,1,0.00425531914893617,0,0.0,1,0.00425531914893617,0,0.0,0,0.0,0,0.0,1,0.00425531914893617,0,0.0,1,0.00425531914893617,0,0.0,6,0.02553191489361702,235,1.0,ORIGEN,SECCION,COMPLETO
518,18,NAYARIT,SANTIAGO IXCUINTLA,,,516,601,309,0.5141430948419301,0.4858569051580699,MORENA,134,0.4336569579288026,81,0.2621359223300971,MC,53,0.1715210355987055,20,0.06472491909385113,PRI,33,0.10679611650485436,MORENA,134,0.4336569579288026,81,0.2621359223300971,MC,53,0.1715210355987055,20,0.06472491909385113,PRI,33,0.10679611650485436,14,0.045307443365695796,33,0.10679611650485436,16,0.05177993527508091,7,0.022653721682847898,9,0.02912621359223301,53,0.1715210355987055,134,0.4336569579288026,2,0.006472491909385114,2,0.006472491909385114,2,0.006472491909385114,2,0.006472491909385114,2,0.006472491909385114,5,0.016181229773462782,7,0.022653721682847898,3,0.009708737864077669,0,0.0,0,0.0,2,0.006472491909385114,0,0.0,0,0.0,1,0.003236245954692557,1,0.003236245954692557,0,0.0,1,0.003236245954692557,0,0.0,3,0.009708737864077669,1,0.003236245954692557,1,0.003236245954692557,0,0.0,8,0.025889967637540454,309,1.0,ORIGEN,SECCION,COMPLETO
519,18,NAYARIT,SANTIAGO IXCUINTLA,,,517,474,204,0.43037974683544306,0.5696202531645569,MORENA,54,0.2647058823529412,2,0.00980392156862745,MC,52,0.2549019607843137,32,0.1568627450980392,PRD,20,0.09803921568627451,MORENA,54,0.2647058823529412,2,0.00980392156862745,MC,52,0.2549019607843137,32,0.1568627450980392,PRD,20,0.09803921568627451,3,0.014705882352941176,14,0.06862745098039216,20,0.09803921568627451,4,0.0196078431372549,3,0.014705882352941176,52,0.2549019607843137,54,0.2647058823529412,4,0.0196078431372549,8,0.0392156862745098,10,0.049019607843137254,4,0.0196078431372549,6,0.029411764705882353,2,0.00980392156862745,4,0.0196078431372549,0,0.0,0,0.0,0,0.0,2,0.00980392156862745,2,0.00980392156862745,0,0.0,0,0.0,1,0.004901960784313725,0,0.0,1,0.004901960784313725,0,0.0,0,0.0,0,0.0,1,0.004901960784313725,0,0.0,9,0.04411764705882353,204,1.0,ORIGEN,SECCION,COMPLETO
520,18,NAYARIT,SANTIAGO IXCUINTLA,,,518,174,80,0.45977011494252873,0.5402298850574713,PRI,18,0.225,4,0.05,MORENA,14,0.175,1,0.0125,PAN,13,0.1625,PRI,18,0.225,4,0.05,MORENA,14,0.175,1,0.0125,PAN,13,0.1625,13,0.1625,18,0.225,4,0.05,2,0.025,0,0.0,13,0.1625,14,0.175,0,0.0,1,0.0125,0,0.0,0,0.0,5,0.0625,0,0.0,4,0.05,0,0.0,0,0.0,0,0.0,1,0.0125,0,0.0,0,0.0,0,0.0,0,0.0,0,0.0,0,0.0,0,0.0,1,0.0125,0,0.0,0,0.0,0,0.0,4,0.05,80,1.0,ORIGEN,SECCION,COMPLETO
521,18,NAYARIT,SANTIAGO IXCUINTLA,,,519,404,205,0.5074257425742574,0.49257425742574257,MORENA,71,0.3463414634146341,30,0.14634146341463414,MC,41,0.2,14,0.06829268292682927,PAN,27,0.13170731707317074,MORENA,71,0.3463414634146341,30,0.14634146341463414,MC,41,0.2,14,0.06829268292682927,PAN,27,0.13170731707317074,27,0.13170731707317074,23,0.11219512195121951,10,0.04878048780487805,2,0.00975609756097561,5,0.024390243902439025,41,0.2,71,0.3463414634146341,0,0.0,3,0.014634146341463415,1,0.004878048780487805,3,0.014634146341463415,0,0.0,0,0.0,6,0.02926829268292683,0,0.0,4,0.01951219512195122,0,0.0,3,0.014634146341463415,3,0.014634146341463415,2,0.00975609756097561,0,0.0,0,0.0,1,0.004878048780487805,0,0.0,0,0.0,0,0.0,0,0.0,0,0.0,0,0.0,0,0.0,205,1.0,ORIGEN,SECCION,COMPLETO
522,18,NAYARIT,SANTIAGO IXCUINTLA,,,520,650,350,0.5384615384615384,0.46153846153846156,MC,117,0.3342857142857143,24,0.06857142857142857,MORENA,93,0.26571428571428574,67,0.19142857142857142,PRI,26,0.07428571428571429,MC,117,0.3342857142857143,24,0.06857142857142857,MORENA,93,0.26571428571428574,67,0.19142857142857142,PRI,26,0.07428571428571429,25,0.07142857142857142,26,0.07428571428571429,18,0.05142857142857143,8,0.022857142857142857,11,0.03142857142857143,117,0.3342857142857143,93,0.26571428571428574,5,0.014285714285714285,4,0.011428571428571429,3,0.008571428571428572,8,0.022857142857142857,7,0.02,0,0.0,6,0.017142857142857144,1,0.002857142857142857,1,0.002857142857142857,1,0.002857142857142857,0,0.0,1,0.002857142857142857,0,0.0,0,0.0,1,0.002857142857142857,0,0.0,0,0.0,0,0.0,0,0.0,0,0.0,1,0.002857142857142857,0,0.0,13,0.037142857142857144,350,1.0,ORIGEN,SECCION,COMPLETO
523,18,NAYARIT,SANTIAGO IXCUINTLA,,,521,549,296,0.5391621129326047,0.46083788706739526,MORENA,116,0.3918918918918919,72,0.24324324324324326,MC,44,0.14864864864864866,15,0.05067567567567568,PRI,29,0.09797297297297297,MORENA,116,0.3918918918918919,72,0.24324324324324326,MC,44,0.14864864864864866,15,0.05067567567567568,PRI,29,0.09797297297297297,21,0.07094594594594594,29,0.09797297297297297,2,0.006756756756756757,6,0.02027027027027027,11,0.037162162162162164,44,0.14864864864864866,116,0.3918918918918919,3,0.010135135135135136,0,0.0,13,0.04391891891891892,5,0.016891891891891893,10,0.033783783783783786,1,0.0033783783783783786,8,0.02702702702702703,5,0.016891891891891893,2,0.006756756756756757,0,0.0,6,0.02027027027027027,1,0.0033783783783783786,0,0.0,0,0.0,0,0.0,0,0.0,1,0.0033783783783783786,0,0.0,1,0.0033783783783783786,1,0.0033783783783783786,1,0.0033783783783783786,0,0.0,9,0.030405405405405407,296,1.0,ORIGEN,SECCION,COMPLETO
524,18,NAYARIT,SANTIAGO IXCUINTLA,,,522,728,383,0.5260989010989011,0.4739010989010989,MORENA,161,0.42036553524804177,96,0.2506527415143603,MC,65,0.16971279373368145,43,0.1122715404699739,PRI,22,0.057441253263707574,MORENA,161,0.42036553524804177,96,0.2506527415143603,MC,65,0.16971279373368145,43,0.1122715404699739,PRI,22,0.057441253263707574,16,0.04177545691906005,22,0.057441253263707574,16,0.04177545691906005,12,0.031331592689295036,16,0.04177545691906005,65,0.16971279373368145,161,0.42036553524804177,7,0.018276762402088774,6,0.015665796344647518,18,0.04699738903394256,3,0.007832898172323759,6,0.015665796344647518,1,0.0026109660574412533,8,0.020887728459530026,2,0.005221932114882507,0,0.0,1,0.0026109660574412533,2,0.005221932114882507,5,0.013054830287206266,1,0.0026109660574412533,2,0.005221932114882507,0,0.0,1,0.0026109660574412533,0,0.0,0,0.0,2,0.005221932114882507,2,0.005221932114882507,1,0.0026109660574412533,1,0.0026109660574412533,6,0.015665796344647518,383,1.0,ORIGEN,SECCION,COMPLETO
525,18,NAYARIT,SANTIAGO IXCUINTLA,,,523,913,515,0.5640744797371303,0.4359255202628697,MC,156,0.3029126213592233,28,0.05436893203883495,MORENA,128,0.24854368932038834,68,0.13203883495145632,PRD,60,0.11650485436893204,MC,156,0.3029126213592233,28,0.05436893203883495,MORENA,128,0.24854368932038834,68,0.13203883495145632,PRD,60,0.11650485436893204,13,0.02524271844660194,36,0.06990291262135923,60,0.11650485436893204,15,0.02912621359223301,19,0.036893203883495145,156,0.3029126213592233,128,0.24854368932038834,8,0.015533980582524271,2,0.003883495145631068,24,0.04660194174757282,4,0.007766990291262136,6,0.011650485436893204,1,0.001941747572815534,13,0.02524271844660194,3,0.005825242718446602,0,0.0,0,0.0,2,0.003883495145631068,3,0.005825242718446602,0,0.0,0,0.0,1,0.001941747572815534,1,0.001941747572815534,1,0.001941747572815534,0,0.0,2,0.003883495145631068,0,0.0,3,0.005825242718446602,3,0.005825242718446602,11,0.021359223300970873,515,1.0,ORIGEN,SECCION,COMPLETO
526,18,NAYARIT,SANTIAGO IXCUINTLA,,,524,624,295,0.47275641025641024,0.5272435897435898,MORENA,107,0.36271186440677966,56,0.18983050847457628,MC,51,0.17288135593220338,23,0.07796610169491526,PAN,28,0.09491525423728814,MORENA,107,0.36271186440677966,56,0.18983050847457628,MC,51,0.17288135593220338,23,0.07796610169491526,PAN,28,0.09491525423728814,28,0.09491525423728814,13,0.04406779661016949,11,0.03728813559322034,7,0.023728813559322035,12,0.04067796610169491,51,0.17288135593220338,107,0.36271186440677966,7,0.023728813559322035,1,0.003389830508474576,19,0.06440677966101695,1,0.003389830508474576,2,0.006779661016949152,1,0.003389830508474576,6,0.020338983050847456,0,0.0,1,0.003389830508474576,0,0.0,6,0.020338983050847456,2,0.006779661016949152,0,0.0,0,0.0,1,0.003389830508474576,0,0.0,2,0.006779661016949152,0,0.0,2,0.006779661016949152,1,0.003389830508474576,1,0.003389830508474576,0,0.0,13,0.04406779661016949,295,1.0,ORIGEN,SECCION,COMPLETO
527,18,NAYARIT,SANTIAGO IXCUINTLA,,,525,384,207,0.5390625,0.4609375,MORENA,74,0.357487922705314,42,0.2028985507246377,MC,32,0.15458937198067632,9,0.043478260869565216,MLN,23,0.1111111111111111,MORENA,74,0.357487922705314,42,0.2028985507246377,MC,32,0.15458937198067632,9,0.043478260869565216,MLN,23,0.1111111111111111,6,0.028985507246376812,8,0.03864734299516908,14,0.06763285024154589,10,0.04830917874396135,4,0.01932367149758454,32,0.15458937198067632,74,0.357487922705314,6,0.028985507246376812,0,0.0,23,0.1111111111111111,1,0.004830917874396135,7,0.033816425120772944,0,0.0,3,0.014492753623188406,0,0.0,0,0.0,0,0.0,4,0.01932367149758454,1,0.004830917874396135,0,0.0,0,0.0,1,0.004830917874396135,0,0.0,2,0.00966183574879227,1,0.004830917874396135,1,0.004830917874396135,0,0.0,1,0.004830917874396135,0,0.0,8,0.03864734299516908,207,1.0,ORIGEN,SECCION,COMPLETO
528,18,NAYARIT,SANTIAGO IXCUINTLA,,,526,826,487,0.589588377723971,0.410411622276029,MORENA,213,0.43737166324435317,131,0.26899383983572894,MC,82,0.16837782340862423,32,0.06570841889117043,PRI,50,0.1026694045174538,MORENA,213,0.43737166324435317,131,0.26899383983572894,MC,82,0.16837782340862423,32,0.06570841889117043,PRI,50,0.1026694045174538,15,0.030800821355236138,50,0.1026694045174538,12,0.024640657084188913,13,0.026694045174537988,10,0.02053388090349076,82,0.16837782340862423,213,0.43737166324435317,4,0.008213552361396304,2,0.004106776180698152,27,0.055441478439425054,10,0.02053388090349076,13,0.026694045174537988,0,0.0,7,0.014373716632443531,0,0.0,0,0.0,0,0.0,20,0.04106776180698152,1,0.002053388090349076,0,0.0,0,0.0,0,0.0,0,0.0,1,0.002053388090349076,0,0.0,0,0.0,2,0.004106776180698152,2,0.004106776180698152,0,0.0,3,0.006160164271047228,487,1.0,ORIGEN,SECCION,COMPLETO
529,18,NAYARIT,SANTIAGO IXCUINTLA,,,527,698,396,0.5673352435530086,0.4326647564469914,PT_PVEM_MORENA_NAN,191,0.4823232323232323,108,0.2727272727272727,MC,83,0.20959595959595959,5,0.012626262626262626,PAN_PRI_PRD,78,0.19696969696969696,PT_PVEM_MORENA_NAN,191,0.4823232323232323,108,0.2727272727272727,MC,83,0.20959595959595959,5,0.012626262626262626,PAN_PRI_PRD,78,0.19696969696969696,0,0.0,0,0.0,0,0.0,0,0.0,0,0.0,83,0.20959595959595959,0,0.0,0,0.0,9,0.022727272727272728,19,0.047979797979797977,2,0.005050505050505051,7,0.017676767676767676,0,0.0,78,0.19696969696969696,0,0.0,0,0.0,0,0.0,191,0.4823232323232323,0,0.0,0,0.0,0,0.0,0,0.0,0,0.0,0,0.0,0,0.0,0,0.0,0,0.0,0,0.0,0,0.0,7,0.017676767676767676,396,1.0,ORIGEN,SECCION,COMPLETO
530,18,NAYARIT,SANTIAGO IXCUINTLA,,,528,1013,564,0.5567620927936822,0.44323790720631784,MORENA,187,0.33156028368794327,43,0.07624113475177305,MC,144,0.2553191489361702,88,0.15602836879432624,PRI,56,0.09929078014184398,MORENA,187,0.33156028368794327,43,0.07624113475177305,MC,144,0.2553191489361702,88,0.15602836879432624,PRI,56,0.09929078014184398,30,0.05319148936170213,56,0.09929078014184398,36,0.06382978723404255,13,0.02304964539007092,12,0.02127659574468085,144,0.2553191489361702,187,0.33156028368794327,6,0.010638297872340425,2,0.0035460992907801418,16,0.028368794326241134,2,0.0035460992907801418,4,0.0070921985815602835,1,0.0017730496453900709,11,0.01950354609929078,3,0.005319148936170213,0,0.0,0,0.0,21,0.03723404255319149,1,0.0017730496453900709,0,0.0,0,0.0,0,0.0,1,0.0017730496453900709,2,0.0035460992907801418,0,0.0,3,0.005319148936170213,0,0.0,1,0.0017730496453900709,0,0.0,12,0.02127659574468085,564,1.0,ORIGEN,SECCION,COMPLETO
531,18,NAYARIT,SANTIAGO IXCUINTLA,,,529,435,219,0.503448275862069,0.496551724137931,MORENA,75,0.3424657534246575,31,0.1415525114155251,MC,44,0.2009132420091324,30,0.136986301369863,PRI,14,0.0639269406392694,MORENA,75,0.3424657534246575,31,0.1415525114155251,MC,44,0.2009132420091324,30,0.136986301369863,PRI,14,0.0639269406392694,13,0.0593607305936073,14,0.0639269406392694,11,0.0502283105022831,1,0.0045662100456621,7,0.0319634703196347,44,0.2009132420091324,75,0.3424657534246575,3,0.0136986301369863,7,0.0319634703196347,11,0.0502283105022831,2,0.0091324200913242,6,0.0273972602739726,0,0.0,1,0.0045662100456621,0,0.0,0,0.0,0,0.0,5,0.0228310502283105,2,0.0091324200913242,1,0.0045662100456621,2,0.0091324200913242,0,0.0,0,0.0,3,0.0136986301369863,0,0.0,4,0.0182648401826484,0,0.0,0,0.0,0,0.0,7,0.0319634703196347,219,1.0,ORIGEN,SECCION,COMPLETO
532,18,NAYARIT,SANTIAGO IXCUINTLA,,,530,484,259,0.5351239669421488,0.4648760330578512,MORENA,100,0.3861003861003861,46,0.1776061776061776,MC,54,0.2084942084942085,26,0.10038610038610038,PRI,28,0.10810810810810811,MORENA,100,0.3861003861003861,46,0.1776061776061776,MC,54,0.2084942084942085,26,0.10038610038610038,PRI,28,0.10810810810810811,9,0.03474903474903475,28,0.10810810810810811,7,0.02702702702702703,6,0.023166023166023165,14,0.05405405405405406,54,0.2084942084942085,100,0.3861003861003861,8,0.03088803088803089,5,0.019305019305019305,5,0.019305019305019305,2,0.007722007722007722,5,0.019305019305019305,0,0.0,4,0.015444015444015444,0,0.0,0,0.0,1,0.003861003861003861,7,0.02702702702702703,0,0.0,0,0.0,0,0.0,0,0.0,0,0.0,1,0.003861003861003861,1,0.003861003861003861,0,0.0,0,0.0,0,0.0,1,0.003861003861003861,1,0.003861003861003861,259,1.0,ORIGEN,SECCION,COMPLETO
533,18,NAYARIT,SANTIAGO IXCUINTLA,,,531,862,437,0.5069605568445475,0.49303944315545245,MORENA,143,0.32723112128146453,62,0.14187643020594964,MC,81,0.1853546910755149,42,0.09610983981693363,PRI,39,0.08924485125858124,MORENA,143,0.32723112128146453,62,0.14187643020594964,MC,81,0.1853546910755149,42,0.09610983981693363,PRI,39,0.08924485125858124,23,0.05263157894736842,39,0.08924485125858124,15,0.034324942791762014,8,0.018306636155606407,14,0.032036613272311214,81,0.1853546910755149,143,0.32723112128146453,8,0.018306636155606407,8,0.018306636155606407,22,0.05034324942791762,8,0.018306636155606407,8,0.018306636155606407,2,0.004576659038901602,8,0.018306636155606407,3,0.006864988558352402,1,0.002288329519450801,0,0.0,5,0.011441647597254004,3,0.006864988558352402,4,0.009153318077803204,1,0.002288329519450801,1,0.002288329519450801,2,0.004576659038901602,2,0.004576659038901602,0,0.0,0,0.0,0,0.0,1,0.002288329519450801,1,0.002288329519450801,26,0.059496567505720827,437,1.0,ORIGEN,SECCION,COMPLETO
534,18,NAYARIT,SANTIAGO IXCUINTLA,,,532,1085,595,0.5483870967741935,0.4516129032258065,MORENA,211,0.3546218487394958,49,0.08235294117647059,MC,162,0.2722689075630252,112,0.18823529411764706,PRI,50,0.08403361344537816,MORENA,211,0.3546218487394958,49,0.08235294117647059,MC,162,0.2722689075630252,112,0.18823529411764706,PRI,50,0.08403361344537816,23,0.03865546218487395,50,0.08403361344537816,15,0.025210084033613446,17,0.02857142857142857,9,0.015126050420168067,162,0.2722689075630252,211,0.3546218487394958,12,0.020168067226890758,2,0.0033613445378151263,11,0.018487394957983194,4,0.0067226890756302525,15,0.025210084033613446,0,0.0,12,0.020168067226890758,1,0.0016806722689075631,1,0.0016806722689075631,1,0.0016806722689075631,2,0.0033613445378151263,1,0.0016806722689075631,0,0.0,0,0.0,2,0.0033613445378151263,1,0.0016806722689075631,1,0.0016806722689075631,0,0.0,0,0.0,0,0.0,5,0.008403361344537815,0,0.0,37,0.06218487394957983,595,1.0,ORIGEN,SECCION,COMPLETO
535,18,NAYARIT,SANTIAGO IXCUINTLA,,,533,102,73,0.7156862745098039,0.28431372549019607,MORENA,35,0.4794520547945205,12,0.1643835616438356,MC,23,0.3150684931506849,19,0.2602739726027397,PAN,4,0.0547945205479452,MORENA,35,0.4794520547945205,12,0.1643835616438356,MC,23,0.3150684931506849,19,0.2602739726027397,PAN,4,0.0547945205479452,4,0.0547945205479452,4,0.0547945205479452,2,0.0273972602739726,1,0.0136986301369863,2,0.0273972602739726,23,0.3150684931506849,35,0.4794520547945205,0,0.0,0,0.0,0,0.0,0,0.0,0,0.0,0,0.0,0,0.0,0,0.0,0,0.0,0,0.0,0,0.0,0,0.0,1,0.0136986301369863,0,0.0,0,0.0,0,0.0,0,0.0,0,0.0,0,0.0,0,0.0,0,0.0,0,0.0,1,0.0136986301369863,73,1.0,ORIGEN,SECCION,COMPLETO
536,18,NAYARIT,SANTIAGO IXCUINTLA,,,534,444,196,0.44144144144144143,0.5585585585585586,MORENA,92,0.46938775510204084,57,0.29081632653061223,MC,35,0.17857142857142858,19,0.09693877551020408,PRI,16,0.08163265306122448,MORENA,92,0.46938775510204084,57,0.29081632653061223,MC,35,0.17857142857142858,19,0.09693877551020408,PRI,16,0.08163265306122448,6,0.030612244897959183,16,0.08163265306122448,5,0.025510204081632654,1,0.00510204081632653,3,0.015306122448979591,35,0.17857142857142858,92,0.46938775510204084,4,0.02040816326530612,3,0.015306122448979591,2,0.01020408163265306,9,0.04591836734693878,7,0.03571428571428571,4,0.02040816326530612,2,0.01020408163265306,0,0.0,0,0.0,0,0.0,2,0.01020408163265306,1,0.00510204081632653,1,0.00510204081632653,2,0.01020408163265306,0,0.0,0,0.0,0,0.0,0,0.0,1,0.00510204081632653,0,0.0,0,0.0,0,0.0,0,0.0,196,1.0,ORIGEN,SECCION,COMPLETO
537,18,NAYARIT,SANTIAGO IXCUINTLA,,,535,469,238,0.5074626865671642,0.4925373134328358,MORENA,141,0.592436974789916,99,0.41596638655462187,MC,42,0.17647058823529413,11,0.046218487394957986,PAN_PRI_PRD,31,0.13025210084033614,MORENA,141,0.592436974789916,99,0.41596638655462187,MC,42,0.17647058823529413,11,0.046218487394957986,PAN_PRI_PRD,31,0.13025210084033614,0,0.0,0,0.0,0,0.0,0,0.0,0,0.0,42,0.17647058823529413,141,0.592436974789916,0,0.0,2,0.008403361344537815,1,0.004201680672268907,13,0.0546218487394958,3,0.012605042016806723,3,0.012605042016806723,31,0.13025210084033614,0,0.0,0,0.0,0,0.0,0,0.0,0,0.0,0,0.0,0,0.0,0,0.0,0,0.0,0,0.0,0,0.0,0,0.0,0,0.0,0,0.0,1,0.004201680672268907,1,0.004201680672268907,238,1.0,ORIGEN,SECCION,COMPLETO
538,18,NAYARIT,SANTIAGO IXCUINTLA,,,536,476,254,0.5336134453781513,0.46638655462184875,MORENA,128,0.5039370078740157,96,0.3779527559055118,MC,32,0.12598425196850394,2,0.007874015748031496,PRI,30,0.11811023622047244,MORENA,128,0.5039370078740157,96,0.3779527559055118,MC,32,0.12598425196850394,2,0.007874015748031496,PRI,30,0.11811023622047244,7,0.027559055118110236,30,0.11811023622047244,4,0.015748031496062992,7,0.027559055118110236,7,0.027559055118110236,32,0.12598425196850394,128,0.5039370078740157,1,0.003937007874015748,1,0.003937007874015748,10,0.03937007874015748,4,0.015748031496062992,2,0.007874015748031496,0,0.0,5,0.01968503937007874,0,0.0,0,0.0,0,0.0,16,0.06299212598425197,0,0.0,0,0.0,0,0.0,0,0.0,0,0.0,0,0.0,0,0.0,0,0.0,0,0.0,0,0.0,0,0.0,0,0.0,254,1.0,ORIGEN,SECCION,COMPLETO
539,18,NAYARIT,SANTIAGO IXCUINTLA,,,537,645,314,0.4868217054263566,0.5131782945736434,MORENA,130,0.4140127388535032,80,0.25477707006369427,MC,50,0.1592356687898089,10,0.03184713375796178,PRI,40,0.12738853503184713,MORENA,130,0.4140127388535032,80,0.25477707006369427,MC,50,0.1592356687898089,10,0.03184713375796178,PRI,40,0.12738853503184713,17,0.054140127388535034,40,0.12738853503184713,4,0.012738853503184714,6,0.01910828025477707,9,0.028662420382165606,50,0.1592356687898089,130,0.4140127388535032,6,0.01910828025477707,1,0.0031847133757961785,2,0.006369426751592357,17,0.054140127388535034,8,0.025477707006369428,0,0.0,4,0.012738853503184714,0,0.0,2,0.006369426751592357,0,0.0,4,0.012738853503184714,0,0.0,0,0.0,0,0.0,0,0.0,2,0.006369426751592357,0,0.0,0,0.0,0,0.0,0,0.0,0,0.0,0,0.0,12,0.03821656050955414,314,1.0,ORIGEN,SECCION,COMPLETO
540,18,NAYARIT,SANTIAGO IXCUINTLA,,,538,605,294,0.4859504132231405,0.5140495867768595,MORENA,111,0.37755102040816324,43,0.14625850340136054,MC,68,0.23129251700680273,22,0.07482993197278912,PRI,46,0.1564625850340136,MORENA,111,0.37755102040816324,43,0.14625850340136054,MC,68,0.23129251700680273,22,0.07482993197278912,PRI,46,0.1564625850340136,12,0.04081632653061224,46,0.1564625850340136,7,0.023809523809523808,9,0.030612244897959183,1,0.003401360544217687,68,0.23129251700680273,111,0.37755102040816324,2,0.006802721088435374,3,0.01020408163265306,0,0.0,7,0.023809523809523808,6,0.02040816326530612,0,0.0,3,0.01020408163265306,1,0.003401360544217687,0,0.0,0,0.0,1,0.003401360544217687,1,0.003401360544217687,1,0.003401360544217687,1,0.003401360544217687,1,0.003401360544217687,1,0.003401360544217687,1,0.003401360544217687,0,0.0,1,0.003401360544217687,1,0.003401360544217687,1,0.003401360544217687,0,0.0,8,0.027210884353741496,294,1.0,ORIGEN,SECCION,COMPLETO
541,18,NAYARIT,SANTIAGO IXCUINTLA,,,539,644,325,0.5046583850931677,0.49534161490683226,MORENA,131,0.40307692307692305,59,0.18153846153846154,MC,72,0.22153846153846155,31,0.09538461538461539,PRI,41,0.12615384615384614,MORENA,131,0.40307692307692305,59,0.18153846153846154,MC,72,0.22153846153846155,31,0.09538461538461539,PRI,41,0.12615384615384614,12,0.036923076923076927,41,0.12615384615384614,4,0.012307692307692308,10,0.03076923076923077,2,0.006153846153846154,72,0.22153846153846155,131,0.40307692307692305,3,0.009230769230769232,0,0.0,0,0.0,9,0.027692307692307693,17,0.052307692307692305,1,0.003076923076923077,1,0.003076923076923077,1,0.003076923076923077,1,0.003076923076923077,0,0.0,0,0.0,0,0.0,0,0.0,0,0.0,2,0.006153846153846154,0,0.0,1,0.003076923076923077,0,0.0,0,0.0,0,0.0,0,0.0,0,0.0,17,0.052307692307692305,325,1.0,ORIGEN,SECCION,COMPLETO
542,18,NAYARIT,SANTIAGO IXCUINTLA,,,540,813,385,0.4735547355473555,0.5264452644526445,MORENA,193,0.5012987012987012,132,0.34285714285714286,MC,61,0.15844155844155844,21,0.05454545454545454,PRI,40,0.1038961038961039,MORENA,193,0.5012987012987012,132,0.34285714285714286,MC,61,0.15844155844155844,21,0.05454545454545454,PRI,40,0.1038961038961039,7,0.01818181818181818,40,0.1038961038961039,7,0.01818181818181818,11,0.02857142857142857,7,0.01818181818181818,61,0.15844155844155844,193,0.5012987012987012,7,0.01818181818181818,0,0.0,0,0.0,12,0.03116883116883117,11,0.02857142857142857,0,0.0,5,0.012987012987012988,0,0.0,0,0.0,0,0.0,5,0.012987012987012988,0,0.0,0,0.0,1,0.0025974025974025974,1,0.0025974025974025974,0,0.0,1,0.0025974025974025974,0,0.0,2,0.005194805194805195,0,0.0,2,0.005194805194805195,0,0.0,12,0.03116883116883117,385,1.0,ORIGEN,SECCION,COMPLETO
543,18,NAYARIT,SANTIAGO IXCUINTLA,,,541,858,443,0.5163170163170163,0.4836829836829837,MORENA,222,0.5011286681715575,151,0.34085778781038373,MC,71,0.16027088036117382,5,0.011286681715575621,PRI,66,0.1489841986455982,MORENA,222,0.5011286681715575,151,0.34085778781038373,MC,71,0.16027088036117382,5,0.011286681715575621,PRI,66,0.1489841986455982,17,0.03837471783295711,66,0.1489841986455982,4,0.009029345372460496,10,0.022573363431151242,10,0.022573363431151242,71,0.16027088036117382,222,0.5011286681715575,4,0.009029345372460496,1,0.002257336343115124,1,0.002257336343115124,7,0.01580135440180587,10,0.022573363431151242,0,0.0,1,0.002257336343115124,0,0.0,0,0.0,0,0.0,3,0.006772009029345372,2,0.004514672686230248,0,0.0,0,0.0,0,0.0,1,0.002257336343115124,0,0.0,1,0.002257336343115124,2,0.004514672686230248,0,0.0,1,0.002257336343115124,0,0.0,9,0.020316027088036117,443,1.0,ORIGEN,SECCION,COMPLETO
544,18,NAYARIT,SANTIAGO IXCUINTLA,,,542,1011,515,0.5093966369930761,0.49060336300692386,MORENA,162,0.3145631067961165,33,0.06407766990291262,MC,129,0.2504854368932039,64,0.12427184466019417,PRI,65,0.1262135922330097,MORENA,162,0.3145631067961165,33,0.06407766990291262,MC,129,0.2504854368932039,64,0.12427184466019417,PRI,65,0.1262135922330097,15,0.02912621359223301,65,0.1262135922330097,21,0.040776699029126215,15,0.02912621359223301,11,0.021359223300970873,129,0.2504854368932039,162,0.3145631067961165,4,0.007766990291262136,8,0.015533980582524271,4,0.007766990291262136,46,0.08932038834951456,10,0.019417475728155338,1,0.001941747572815534,6,0.011650485436893204,1,0.001941747572815534,0,0.0,0,0.0,2,0.003883495145631068,4,0.007766990291262136,0,0.0,1,0.001941747572815534,1,0.001941747572815534,0,0.0,0,0.0,0,0.0,1,0.001941747572815534,0,0.0,0,0.0,0,0.0,8,0.015533980582524271,515,1.0,ORIGEN,SECCION,COMPLETO
545,18,NAYARIT,SANTIAGO IXCUINTLA,,,543,1092,628,0.575091575091575,0.42490842490842495,MORENA,238,0.37898089171974525,33,0.052547770700636945,MC,205,0.32643312101910826,152,0.24203821656050956,PRI,53,0.08439490445859872,MORENA,238,0.37898089171974525,33,0.052547770700636945,MC,205,0.32643312101910826,152,0.24203821656050956,PRI,53,0.08439490445859872,19,0.030254777070063694,53,0.08439490445859872,12,0.01910828025477707,14,0.022292993630573247,19,0.030254777070063694,205,0.32643312101910826,238,0.37898089171974525,7,0.011146496815286623,3,0.004777070063694267,11,0.01751592356687898,2,0.0031847133757961785,5,0.007961783439490446,2,0.0031847133757961785,13,0.020700636942675158,3,0.004777070063694267,0,0.0,1,0.0015923566878980893,8,0.012738853503184714,0,0.0,1,0.0015923566878980893,0,0.0,0,0.0,0,0.0,0,0.0,0,0.0,4,0.006369426751592357,0,0.0,1,0.0015923566878980893,0,0.0,7,0.011146496815286623,628,1.0,ORIGEN,SECCION,COMPLETO
546,18,NAYARIT,SANTIAGO IXCUINTLA,,,544,436,265,0.6077981651376146,0.39220183486238536,MORENA,96,0.3622641509433962,14,0.052830188679245285,MC,82,0.30943396226415093,58,0.2188679245283019,PRI,24,0.09056603773584905,MORENA,96,0.3622641509433962,14,0.052830188679245285,MC,82,0.30943396226415093,58,0.2188679245283019,PRI,24,0.09056603773584905,8,0.03018867924528302,24,0.09056603773584905,13,0.04905660377358491,3,0.011320754716981131,14,0.052830188679245285,82,0.30943396226415093,96,0.3622641509433962,0,0.0,1,0.0037735849056603774,7,0.026415094339622643,4,0.01509433962264151,3,0.011320754716981131,1,0.0037735849056603774,1,0.0037735849056603774,0,0.0,0,0.0,1,0.0037735849056603774,0,0.0,2,0.007547169811320755,0,0.0,0,0.0,0,0.0,0,0.0,0,0.0,0,0.0,1,0.0037735849056603774,0,0.0,1,0.0037735849056603774,0,0.0,3,0.011320754716981131,265,1.0,ORIGEN,SECCION,COMPLETO
547,18,NAYARIT,SANTIAGO IXCUINTLA,,,545,1028,451,0.438715953307393,0.561284046692607,MORENA,220,0.4878048780487805,145,0.3215077605321508,MC,75,0.1662971175166297,42,0.09312638580931264,PRI,33,0.07317073170731707,MORENA,220,0.4878048780487805,145,0.3215077605321508,MC,75,0.1662971175166297,42,0.09312638580931264,PRI,33,0.07317073170731707,26,0.057649667405764965,33,0.07317073170731707,11,0.024390243902439025,6,0.013303769401330377,8,0.017738359201773836,75,0.1662971175166297,220,0.4878048780487805,2,0.004434589800443459,33,0.07317073170731707,3,0.0066518847006651885,3,0.0066518847006651885,1,0.0022172949002217295,1,0.0022172949002217295,3,0.0066518847006651885,0,0.0,0,0.0,0,0.0,7,0.015521064301552107,1,0.0022172949002217295,0,0.0,0,0.0,0,0.0,0,0.0,1,0.0022172949002217295,1,0.0022172949002217295,4,0.008869179600886918,1,0.0022172949002217295,0,0.0,0,0.0,11,0.024390243902439025,451,1.0,ORIGEN,SECCION,COMPLETO
548,18,NAYARIT,SANTIAGO IXCUINTLA,,,546,892,415,0.46524663677130046,0.5347533632286996,MORENA,175,0.42168674698795183,103,0.24819277108433735,MC,72,0.17349397590361446,34,0.0819277108433735,PRI,38,0.09156626506024096,MORENA,175,0.42168674698795183,103,0.24819277108433735,MC,72,0.17349397590361446,34,0.0819277108433735,PRI,38,0.09156626506024096,18,0.043373493975903614,38,0.09156626506024096,19,0.04578313253012048,13,0.03132530120481928,8,0.01927710843373494,72,0.17349397590361446,175,0.42168674698795183,5,0.012048192771084338,7,0.016867469879518072,0,0.0,11,0.02650602409638554,2,0.004819277108433735,3,0.007228915662650603,6,0.014457831325301205,3,0.007228915662650603,0,0.0,0,0.0,7,0.016867469879518072,1,0.0024096385542168677,1,0.0024096385542168677,1,0.0024096385542168677,2,0.004819277108433735,2,0.004819277108433735,3,0.007228915662650603,0,0.0,0,0.0,0,0.0,1,0.0024096385542168677,0,0.0,17,0.04096385542168675,415,1.0,ORIGEN,SECCION,COMPLETO
549,18,NAYARIT,TECUALA,,,547,599,357,0.5959933222036727,0.40400667779632726,MORENA,125,0.35014005602240894,31,0.08683473389355742,MC,94,0.26330532212885155,69,0.19327731092436976,PVEM,25,0.0700280112044818,MORENA,125,0.35014005602240894,31,0.08683473389355742,MC,94,0.26330532212885155,69,0.19327731092436976,PVEM,25,0.0700280112044818,8,0.022408963585434174,21,0.058823529411764705,8,0.022408963585434174,19,0.05322128851540616,25,0.0700280112044818,94,0.26330532212885155,125,0.35014005602240894,13,0.036414565826330535,4,0.011204481792717087,9,0.025210084033613446,1,0.0028011204481792717,3,0.008403361344537815,0,0.0,3,0.008403361344537815,1,0.0028011204481792717,0,0.0,0,0.0,9,0.025210084033613446,0,0.0,0,0.0,2,0.0056022408963585435,0,0.0,0,0.0,4,0.011204481792717087,2,0.0056022408963585435,1,0.0028011204481792717,0,0.0,0,0.0,0,0.0,5,0.014005602240896359,357,1.0,ORIGEN,SECCION,COMPLETO
550,18,NAYARIT,TECUALA,,,548,719,445,0.6189151599443672,0.3810848400556328,MORENA,128,0.2876404494382023,19,0.04269662921348315,MC,109,0.2449438202247191,56,0.1258426966292135,PRI,53,0.11910112359550562,MORENA,128,0.2876404494382023,19,0.04269662921348315,MC,109,0.2449438202247191,56,0.1258426966292135,PRI,53,0.11910112359550562,8,0.017977528089887642,53,0.11910112359550562,7,0.015730337078651686,22,0.04943820224719101,12,0.02696629213483146,109,0.2449438202247191,128,0.2876404494382023,12,0.02696629213483146,9,0.020224719101123594,12,0.02696629213483146,0,0.0,27,0.060674157303370786,1,0.0022471910112359553,3,0.006741573033707865,0,0.0,0,0.0,0,0.0,16,0.035955056179775284,6,0.01348314606741573,0,0.0,4,0.008988764044943821,2,0.0044943820224719105,0,0.0,0,0.0,0,0.0,0,0.0,1,0.0022471910112359553,1,0.0022471910112359553,0,0.0,12,0.02696629213483146,445,1.0,ORIGEN,SECCION,COMPLETO
551,18,NAYARIT,TECUALA,,,549,673,418,0.6210995542347697,0.3789004457652303,MORENA,173,0.4138755980861244,106,0.2535885167464115,MC,67,0.16028708133971292,18,0.0430622009569378,PRI,49,0.11722488038277512,MORENA,173,0.4138755980861244,106,0.2535885167464115,MC,67,0.16028708133971292,18,0.0430622009569378,PRI,49,0.11722488038277512,7,0.01674641148325359,49,0.11722488038277512,2,0.004784688995215311,27,0.0645933014354067,13,0.03110047846889952,67,0.16028708133971292,173,0.4138755980861244,26,0.06220095693779904,1,0.0023923444976076554,16,0.03827751196172249,1,0.0023923444976076554,3,0.007177033492822967,1,0.0023923444976076554,2,0.004784688995215311,1,0.0023923444976076554,0,0.0,0,0.0,9,0.0215311004784689,5,0.011961722488038277,0,0.0,3,0.007177033492822967,0,0.0,0,0.0,2,0.004784688995215311,0,0.0,1,0.0023923444976076554,0,0.0,2,0.004784688995215311,0,0.0,7,0.01674641148325359,418,1.0,ORIGEN,SECCION,COMPLETO
552,18,NAYARIT,TECUALA,,,550,1695,1063,0.6271386430678466,0.3728613569321534,MORENA,440,0.4139228598306679,244,0.2295390404515522,MC,196,0.18438381937911572,118,0.11100658513640639,PRI,78,0.07337723424270931,MORENA,440,0.4139228598306679,244,0.2295390404515522,MC,196,0.18438381937911572,118,0.11100658513640639,PRI,78,0.07337723424270931,28,0.02634054562558796,78,0.07337723424270931,17,0.01599247412982126,49,0.04609595484477893,36,0.03386641580432737,196,0.18438381937911572,440,0.4139228598306679,37,0.034807149576669805,5,0.004703668861712135,45,0.04233301975540922,3,0.0028222013170272815,11,0.010348071495766699,8,0.007525870178739417,2,0.0018814675446848542,5,0.004703668861712135,4,0.0037629350893697085,0,0.0,48,0.045155221072436504,2,0.0018814675446848542,1,0.0009407337723424271,2,0.0018814675446848542,7,0.00658513640639699,1,0.0009407337723424271,2,0.0018814675446848542,0,0.0,6,0.005644402634054563,4,0.0037629350893697085,5,0.004703668861712135,0,0.0,21,0.01975540921919097,1063,1.0,ORIGEN,SECCION,COMPLETO
553,18,NAYARIT,TECUALA,,,551,602,357,0.5930232558139535,0.40697674418604646,MORENA,136,0.38095238095238093,88,0.24649859943977592,MC,48,0.13445378151260504,14,0.0392156862745098,PRI,34,0.09523809523809523,MORENA,136,0.38095238095238093,88,0.24649859943977592,MC,48,0.13445378151260504,14,0.0392156862745098,PRI,34,0.09523809523809523,6,0.01680672268907563,34,0.09523809523809523,11,0.03081232492997199,30,0.08403361344537816,16,0.04481792717086835,48,0.13445378151260504,136,0.38095238095238093,17,0.047619047619047616,0,0.0,12,0.03361344537815126,0,0.0,1,0.0028011204481792717,9,0.025210084033613446,5,0.014005602240896359,1,0.0028011204481792717,0,0.0,0,0.0,10,0.028011204481792718,0,0.0,1,0.0028011204481792717,1,0.0028011204481792717,4,0.011204481792717087,1,0.0028011204481792717,0,0.0,2,0.0056022408963585435,0,0.0,0,0.0,0,0.0,0,0.0,12,0.03361344537815126,357,1.0,ORIGEN,SECCION,COMPLETO
554,18,NAYARIT,TECUALA,,,552,633,387,0.6113744075829384,0.3886255924170616,MORENA,166,0.4289405684754522,112,0.28940568475452194,MC,54,0.13953488372093023,10,0.025839793281653745,PRI,44,0.11369509043927649,MORENA,166,0.4289405684754522,112,0.28940568475452194,MC,54,0.13953488372093023,10,0.025839793281653745,PRI,44,0.11369509043927649,4,0.0103359173126615,44,0.11369509043927649,2,0.00516795865633075,17,0.04392764857881137,14,0.03617571059431524,54,0.13953488372093023,166,0.4289405684754522,35,0.09043927648578812,1,0.002583979328165375,12,0.031007751937984496,0,0.0,5,0.012919896640826873,0,0.0,2,0.00516795865633075,1,0.002583979328165375,1,0.002583979328165375,1,0.002583979328165375,11,0.028423772609819122,2,0.00516795865633075,1,0.002583979328165375,1,0.002583979328165375,0,0.0,0,0.0,0,0.0,0,0.0,1,0.002583979328165375,0,0.0,4,0.0103359173126615,0,0.0,8,0.020671834625323,387,1.0,ORIGEN,SECCION,COMPLETO
555,18,NAYARIT,TECUALA,,,553,546,335,0.6135531135531136,0.3864468864468864,MORENA,144,0.4298507462686567,90,0.26865671641791045,MC,54,0.16119402985074627,13,0.03880597014925373,PRI,41,0.12238805970149254,MORENA,144,0.4298507462686567,90,0.26865671641791045,MC,54,0.16119402985074627,13,0.03880597014925373,PRI,41,0.12238805970149254,19,0.056716417910447764,41,0.12238805970149254,6,0.01791044776119403,5,0.014925373134328358,3,0.008955223880597015,54,0.16119402985074627,144,0.4298507462686567,15,0.04477611940298507,3,0.008955223880597015,13,0.03880597014925373,0,0.0,9,0.026865671641791045,0,0.0,3,0.008955223880597015,0,0.0,0,0.0,0,0.0,5,0.014925373134328358,3,0.008955223880597015,3,0.008955223880597015,2,0.005970149253731343,1,0.0029850746268656717,0,0.0,0,0.0,0,0.0,0,0.0,0,0.0,1,0.0029850746268656717,0,0.0,5,0.014925373134328358,335,1.0,ORIGEN,SECCION,COMPLETO
556,18,NAYARIT,TECUALA,,,554,643,377,0.5863141524105754,0.4136858475894246,MORENA,162,0.4297082228116711,99,0.2625994694960212,MC,63,0.16710875331564987,24,0.0636604774535809,PRI,39,0.10344827586206896,MORENA,162,0.4297082228116711,99,0.2625994694960212,MC,63,0.16710875331564987,24,0.0636604774535809,PRI,39,0.10344827586206896,3,0.007957559681697613,39,0.10344827586206896,6,0.015915119363395226,17,0.04509283819628647,10,0.026525198938992044,63,0.16710875331564987,162,0.4297082228116711,19,0.050397877984084884,3,0.007957559681697613,20,0.05305039787798409,0,0.0,9,0.023872679045092837,1,0.002652519893899204,0,0.0,0,0.0,0,0.0,0,0.0,9,0.023872679045092837,2,0.005305039787798408,0,0.0,0,0.0,0,0.0,2,0.005305039787798408,2,0.005305039787798408,0,0.0,2,0.005305039787798408,2,0.005305039787798408,2,0.005305039787798408,0,0.0,4,0.010610079575596816,377,1.0,ORIGEN,SECCION,COMPLETO
557,18,NAYARIT,TECUALA,,,555,512,318,0.62109375,0.37890625,MORENA,124,0.389937106918239,64,0.20125786163522014,MC,60,0.18867924528301888,30,0.09433962264150944,PRI,30,0.09433962264150944,MORENA,124,0.389937106918239,64,0.20125786163522014,MC,60,0.18867924528301888,30,0.09433962264150944,PRI,30,0.09433962264150944,9,0.02830188679245283,30,0.09433962264150944,3,0.009433962264150943,16,0.050314465408805034,10,0.031446540880503145,60,0.18867924528301888,124,0.389937106918239,10,0.031446540880503145,5,0.015723270440251572,24,0.07547169811320754,0,0.0,2,0.006289308176100629,0,0.0,2,0.006289308176100629,0,0.0,0,0.0,0,0.0,6,0.018867924528301886,9,0.02830188679245283,0,0.0,1,0.0031446540880503146,1,0.0031446540880503146,0,0.0,0,0.0,0,0.0,1,0.0031446540880503146,0,0.0,2,0.006289308176100629,0,0.0,3,0.009433962264150943,318,1.0,ORIGEN,SECCION,COMPLETO
558,18,NAYARIT,TECUALA,,,556,285,187,0.656140350877193,0.343859649122807,MORENA,81,0.43315508021390375,58,0.31016042780748665,MC,23,0.12299465240641712,2,0.0106951871657754,PRI,21,0.11229946524064172,MORENA,81,0.43315508021390375,58,0.31016042780748665,MC,23,0.12299465240641712,2,0.0106951871657754,PRI,21,0.11229946524064172,4,0.0213903743315508,21,0.11229946524064172,2,0.0106951871657754,4,0.0213903743315508,6,0.03208556149732621,23,0.12299465240641712,81,0.43315508021390375,8,0.0427807486631016,2,0.0106951871657754,5,0.026737967914438502,0,0.0,4,0.0213903743315508,0,0.0,3,0.016042780748663103,1,0.0053475935828877,0,0.0,0,0.0,5,0.026737967914438502,1,0.0053475935828877,7,0.0374331550802139,1,0.0053475935828877,3,0.016042780748663103,0,0.0,0,0.0,0,0.0,1,0.0053475935828877,0,0.0,5,0.026737967914438502,0,0.0,0,0.0,187,1.0,ORIGEN,SECCION,COMPLETO
559,18,NAYARIT,TECUALA,,,557,264,181,0.6856060606060606,0.31439393939393945,MORENA,69,0.3812154696132597,39,0.2154696132596685,PRI,30,0.16574585635359115,0,0.0,MC,30,0.16574585635359115,MORENA,69,0.3812154696132597,39,0.2154696132596685,PRI,30,0.16574585635359115,0,0.0,MC,30,0.16574585635359115,8,0.04419889502762431,30,0.16574585635359115,2,0.011049723756906077,6,0.03314917127071823,11,0.06077348066298342,30,0.16574585635359115,69,0.3812154696132597,3,0.016574585635359115,2,0.011049723756906077,12,0.06629834254143646,0,0.0,0,0.0,0,0.0,0,0.0,0,0.0,0,0.0,0,0.0,3,0.016574585635359115,2,0.011049723756906077,0,0.0,0,0.0,0,0.0,0,0.0,0,0.0,0,0.0,0,0.0,0,0.0,1,0.0055248618784530384,0,0.0,2,0.011049723756906077,181,1.0,ORIGEN,SECCION,COMPLETO
560,18,NAYARIT,TECUALA,,,558,349,253,0.7249283667621776,0.27507163323782235,MORENA,94,0.3715415019762846,37,0.14624505928853754,MC,57,0.22529644268774704,38,0.15019762845849802,PRI,19,0.07509881422924901,MORENA,94,0.3715415019762846,37,0.14624505928853754,MC,57,0.22529644268774704,38,0.15019762845849802,PRI,19,0.07509881422924901,8,0.03162055335968379,19,0.07509881422924901,1,0.003952569169960474,13,0.05138339920948617,9,0.03557312252964427,57,0.22529644268774704,94,0.3715415019762846,19,0.07509881422924901,0,0.0,10,0.039525691699604744,0,0.0,2,0.007905138339920948,1,0.003952569169960474,0,0.0,0,0.0,0,0.0,0,0.0,9,0.03557312252964427,1,0.003952569169960474,2,0.007905138339920948,1,0.003952569169960474,1,0.003952569169960474,0,0.0,2,0.007905138339920948,0,0.0,2,0.007905138339920948,0,0.0,0,0.0,0,0.0,2,0.007905138339920948,253,1.0,ORIGEN,SECCION,COMPLETO
561,18,NAYARIT,TECUALA,,,559,483,289,0.598343685300207,0.401656314699793,MORENA,127,0.43944636678200694,73,0.25259515570934254,MC,54,0.18685121107266436,37,0.12802768166089964,PRI,17,0.058823529411764705,MORENA,127,0.43944636678200694,73,0.25259515570934254,MC,54,0.18685121107266436,37,0.12802768166089964,PRI,17,0.058823529411764705,9,0.031141868512110725,17,0.058823529411764705,4,0.01384083044982699,11,0.03806228373702422,12,0.04152249134948097,54,0.18685121107266436,127,0.43944636678200694,17,0.058823529411764705,1,0.0034602076124567475,13,0.04498269896193772,0,0.0,0,0.0,3,0.010380622837370242,2,0.006920415224913495,0,0.0,0,0.0,0,0.0,4,0.01384083044982699,1,0.0034602076124567475,1,0.0034602076124567475,0,0.0,4,0.01384083044982699,0,0.0,4,0.01384083044982699,0,0.0,0,0.0,0,0.0,1,0.0034602076124567475,0,0.0,4,0.01384083044982699,289,1.0,ORIGEN,SECCION,COMPLETO
562,18,NAYARIT,TECUALA,,,560,370,197,0.5324324324324324,0.46756756756756757,MORENA,86,0.4365482233502538,47,0.23857868020304568,MC,39,0.19796954314720813,15,0.07614213197969544,PRI,24,0.1218274111675127,MORENA,86,0.4365482233502538,47,0.23857868020304568,MC,39,0.19796954314720813,15,0.07614213197969544,PRI,24,0.1218274111675127,14,0.07106598984771574,24,0.1218274111675127,3,0.015228426395939087,7,0.03553299492385787,3,0.015228426395939087,39,0.19796954314720813,86,0.4365482233502538,5,0.025380710659898477,1,0.005076142131979695,3,0.015228426395939087,0,0.0,2,0.01015228426395939,0,0.0,1,0.005076142131979695,1,0.005076142131979695,0,0.0,0,0.0,4,0.02030456852791878,1,0.005076142131979695,0,0.0,0,0.0,0,0.0,0,0.0,2,0.01015228426395939,0,0.0,0,0.0,0,0.0,0,0.0,0,0.0,1,0.005076142131979695,197,1.0,ORIGEN,SECCION,COMPLETO
563,18,NAYARIT,TECUALA,,,561,470,291,0.6191489361702127,0.3808510638297873,MORENA,101,0.3470790378006873,50,0.1718213058419244,MC,51,0.17525773195876287,21,0.07216494845360824,PRI,30,0.10309278350515463,MORENA,101,0.3470790378006873,50,0.1718213058419244,MC,51,0.17525773195876287,21,0.07216494845360824,PRI,30,0.10309278350515463,9,0.030927835051546393,30,0.10309278350515463,8,0.027491408934707903,13,0.044673539518900345,17,0.058419243986254296,51,0.17525773195876287,101,0.3470790378006873,12,0.041237113402061855,1,0.003436426116838488,14,0.048109965635738834,0,0.0,9,0.030927835051546393,0,0.0,2,0.006872852233676976,0,0.0,0,0.0,0,0.0,9,0.030927835051546393,3,0.010309278350515464,2,0.006872852233676976,0,0.0,2,0.006872852233676976,0,0.0,1,0.003436426116838488,1,0.003436426116838488,0,0.0,0,0.0,0,0.0,0,0.0,6,0.020618556701030927,291,1.0,ORIGEN,SECCION,COMPLETO
564,18,NAYARIT,TECUALA,,,562,634,369,0.582018927444795,0.417981072555205,MORENA,164,0.4444444444444444,110,0.2981029810298103,MC,54,0.14634146341463414,23,0.06233062330623306,PRI,31,0.08401084010840108,MORENA,164,0.4444444444444444,110,0.2981029810298103,MC,54,0.14634146341463414,23,0.06233062330623306,PRI,31,0.08401084010840108,11,0.02981029810298103,31,0.08401084010840108,6,0.016260162601626018,23,0.06233062330623306,14,0.037940379403794036,54,0.14634146341463414,164,0.4444444444444444,21,0.056910569105691054,0,0.0,19,0.051490514905149054,1,0.0027100271002710027,1,0.0027100271002710027,1,0.0027100271002710027,2,0.005420054200542005,0,0.0,0,0.0,0,0.0,7,0.018970189701897018,0,0.0,0,0.0,0,0.0,0,0.0,1,0.0027100271002710027,0,0.0,0,0.0,2,0.005420054200542005,0,0.0,3,0.008130081300813009,0,0.0,8,0.02168021680216802,369,1.0,ORIGEN,SECCION,COMPLETO
565,18,NAYARIT,TECUALA,,,563,569,335,0.5887521968365553,0.41124780316344467,MORENA,118,0.3522388059701492,76,0.22686567164179106,MC,42,0.1253731343283582,12,0.03582089552238806,PT_PVEM_MORENA_NAN,30,0.08955223880597014,MORENA,118,0.3522388059701492,76,0.22686567164179106,MC,42,0.1253731343283582,12,0.03582089552238806,PT_PVEM_MORENA_NAN,30,0.08955223880597014,4,0.011940298507462687,26,0.07761194029850746,7,0.020895522388059702,27,0.08059701492537313,24,0.07164179104477612,42,0.1253731343283582,118,0.3522388059701492,15,0.04477611940298507,0,0.0,26,0.07761194029850746,1,0.0029850746268656717,5,0.014925373134328358,0,0.0,4,0.011940298507462687,0,0.0,0,0.0,0,0.0,30,0.08955223880597014,0,0.0,0,0.0,0,0.0,0,0.0,0,0.0,0,0.0,0,0.0,0,0.0,0,0.0,0,0.0,0,0.0,6,0.01791044776119403,335,1.0,ORIGEN,SECCION,COMPLETO
566,18,NAYARIT,TECUALA,,,564,850,497,0.5847058823529412,0.4152941176470588,MORENA,150,0.30181086519114686,85,0.1710261569416499,MC,65,0.13078470824949698,7,0.014084507042253521,PRI,58,0.11670020120724346,MORENA,150,0.30181086519114686,85,0.1710261569416499,MC,65,0.13078470824949698,7,0.014084507042253521,PRI,58,0.11670020120724346,13,0.026156941649899398,58,0.11670020120724346,15,0.030181086519114688,55,0.11066398390342053,25,0.05030181086519115,65,0.13078470824949698,150,0.30181086519114686,15,0.030181086519114688,0,0.0,27,0.05432595573440644,1,0.002012072434607646,1,0.002012072434607646,3,0.006036217303822937,9,0.018108651911468814,2,0.004024144869215292,0,0.0,0,0.0,23,0.04627766599597585,8,0.01609657947686117,0,0.0,3,0.006036217303822937,0,0.0,0,0.0,2,0.004024144869215292,0,0.0,2,0.004024144869215292,1,0.002012072434607646,2,0.004024144869215292,0,0.0,17,0.03420523138832998,497,1.0,ORIGEN,SECCION,COMPLETO
567,18,NAYARIT,TECUALA,,,565,170,128,0.7529411764705882,0.24705882352941178,MORENA,50,0.390625,19,0.1484375,PRI,31,0.2421875,24,0.1875,PAN,7,0.0546875,MORENA,50,0.390625,19,0.1484375,PRI,31,0.2421875,24,0.1875,PAN,7,0.0546875,7,0.0546875,31,0.2421875,3,0.0234375,4,0.03125,1,0.0078125,3,0.0234375,50,0.390625,1,0.0078125,0,0.0,4,0.03125,0,0.0,0,0.0,2,0.015625,1,0.0078125,2,0.015625,0,0.0,0,0.0,0,0.0,1,0.0078125,0,0.0,0,0.0,0,0.0,0,0.0,0,0.0,0,0.0,0,0.0,0,0.0,0,0.0,0,0.0,18,0.140625,128,1.0,ORIGEN,SECCION,COMPLETO
568,18,NAYARIT,TECUALA,,,566,160,113,0.70625,0.29374999999999996,MORENA,49,0.4336283185840708,13,0.11504424778761062,PRI,36,0.3185840707964602,31,0.2743362831858407,MC,5,0.04424778761061947,MORENA,49,0.4336283185840708,13,0.11504424778761062,PRI,36,0.3185840707964602,31,0.2743362831858407,MC,5,0.04424778761061947,3,0.02654867256637168,36,0.3185840707964602,4,0.035398230088495575,3,0.02654867256637168,4,0.035398230088495575,5,0.04424778761061947,49,0.4336283185840708,2,0.017699115044247787,0,0.0,1,0.008849557522123894,0,0.0,0,0.0,0,0.0,2,0.017699115044247787,0,0.0,0,0.0,0,0.0,0,0.0,1,0.008849557522123894,0,0.0,0,0.0,0,0.0,0,0.0,0,0.0,0,0.0,1,0.008849557522123894,0,0.0,0,0.0,0,0.0,2,0.017699115044247787,113,1.0,ORIGEN,SECCION,COMPLETO
569,18,NAYARIT,TECUALA,,,567,744,507,0.6814516129032258,0.31854838709677424,PRI,215,0.4240631163708087,6,0.011834319526627219,MORENA,209,0.41222879684418146,177,0.34911242603550297,MC,32,0.0631163708086785,PRI,215,0.4240631163708087,6,0.011834319526627219,MORENA,209,0.41222879684418146,177,0.34911242603550297,MC,32,0.0631163708086785,0,0.0,215,0.4240631163708087,0,0.0,0,0.0,0,0.0,32,0.0631163708086785,209,0.41222879684418146,0,0.0,8,0.015779092702169626,19,0.03747534516765286,1,0.0019723865877712033,3,0.005917159763313609,4,0.007889546351084813,0,0.0,0,0.0,0,0.0,0,0.0,0,0.0,0,0.0,0,0.0,0,0.0,0,0.0,0,0.0,0,0.0,0,0.0,0,0.0,0,0.0,0,0.0,0,0.0,16,0.03155818540433925,507,1.0,ORIGEN,SECCION,COMPLETO
570,18,NAYARIT,TECUALA,,,568,629,432,0.6868044515103339,0.31319554848966613,MORENA,146,0.33796296296296297,62,0.14351851851851852,PRI,84,0.19444444444444445,45,0.10416666666666667,MC,39,0.09027777777777778,MORENA,146,0.33796296296296297,62,0.14351851851851852,PRI,84,0.19444444444444445,45,0.10416666666666667,MC,39,0.09027777777777778,17,0.03935185185185185,84,0.19444444444444445,25,0.05787037037037037,11,0.02546296296296296,18,0.041666666666666664,39,0.09027777777777778,146,0.33796296296296297,29,0.06712962962962964,1,0.0023148148148148147,25,0.05787037037037037,0,0.0,0,0.0,2,0.004629629629629629,3,0.006944444444444444,0,0.0,0,0.0,0,0.0,4,0.009259259259259259,0,0.0,0,0.0,2,0.004629629629629629,2,0.004629629629629629,1,0.0023148148148148147,0,0.0,0,0.0,3,0.006944444444444444,0,0.0,1,0.0023148148148148147,0,0.0,19,0.04398148148148148,432,1.0,ORIGEN,SECCION,COMPLETO
571,18,NAYARIT,TECUALA,,,569,309,226,0.7313915857605178,0.26860841423948223,MORENA,131,0.5796460176991151,110,0.48672566371681414,MC,21,0.09292035398230089,2,0.008849557522123894,PRI,19,0.084070796460177,MORENA,131,0.5796460176991151,110,0.48672566371681414,MC,21,0.09292035398230089,2,0.008849557522123894,PRI,19,0.084070796460177,5,0.022123893805309734,19,0.084070796460177,1,0.004424778761061947,8,0.035398230088495575,6,0.02654867256637168,21,0.09292035398230089,131,0.5796460176991151,14,0.061946902654867256,3,0.01327433628318584,3,0.01327433628318584,0,0.0,6,0.02654867256637168,1,0.004424778761061947,0,0.0,2,0.008849557522123894,0,0.0,0,0.0,0,0.0,0,0.0,0,0.0,0,0.0,0,0.0,0,0.0,0,0.0,0,0.0,0,0.0,1,0.004424778761061947,1,0.004424778761061947,0,0.0,4,0.017699115044247787,226,1.0,ORIGEN,SECCION,COMPLETO
572,18,NAYARIT,TECUALA,,,570,959,604,0.629822732012513,0.37017726798748696,MORENA,279,0.46192052980132453,175,0.2897350993377483,MC,104,0.17218543046357615,66,0.10927152317880795,PRI,38,0.06291390728476821,MORENA,279,0.46192052980132453,175,0.2897350993377483,MC,104,0.17218543046357615,66,0.10927152317880795,PRI,38,0.06291390728476821,9,0.014900662251655629,38,0.06291390728476821,9,0.014900662251655629,30,0.04966887417218543,30,0.04966887417218543,104,0.17218543046357615,279,0.46192052980132453,20,0.033112582781456956,1,0.0016556291390728477,19,0.03145695364238411,1,0.0016556291390728477,12,0.019867549668874173,13,0.02152317880794702,5,0.008278145695364239,0,0.0,0,0.0,0,0.0,9,0.014900662251655629,1,0.0016556291390728477,0,0.0,2,0.0033112582781456954,1,0.0016556291390728477,1,0.0016556291390728477,0,0.0,0,0.0,4,0.006622516556291391,0,0.0,1,0.0016556291390728477,0,0.0,15,0.024834437086092714,604,1.0,ORIGEN,SECCION,COMPLETO
573,18,NAYARIT,TECUALA,,,571,839,559,0.66626936829559,0.33373063170441,MORENA,249,0.44543828264758495,180,0.3220035778175313,PT,69,0.12343470483005367,34,0.06082289803220036,PRI,35,0.0626118067978533,MORENA,249,0.44543828264758495,180,0.3220035778175313,PT,69,0.12343470483005367,34,0.06082289803220036,PRI,35,0.0626118067978533,22,0.03935599284436494,35,0.0626118067978533,12,0.02146690518783542,69,0.12343470483005367,6,0.01073345259391771,33,0.059033989266547404,249,0.44543828264758495,11,0.01967799642218247,7,0.012522361359570662,8,0.014311270125223614,7,0.012522361359570662,3,0.005366726296958855,0,0.0,4,0.007155635062611807,3,0.005366726296958855,0,0.0,0,0.0,30,0.05366726296958855,4,0.007155635062611807,0,0.0,8,0.014311270125223614,1,0.0017889087656529517,2,0.0035778175313059034,1,0.0017889087656529517,1,0.0017889087656529517,0,0.0,0,0.0,0,0.0,0,0.0,43,0.07692307692307693,559,1.0,ORIGEN,SECCION,COMPLETO
574,18,NAYARIT,TECUALA,,,572,621,456,0.7342995169082126,0.2657004830917874,MORENA,176,0.38596491228070173,87,0.19078947368421054,PT,89,0.19517543859649122,37,0.08114035087719298,PAN_PRI_PRD,52,0.11403508771929824,MORENA,176,0.38596491228070173,87,0.19078947368421054,PT,89,0.19517543859649122,37,0.08114035087719298,PAN_PRI_PRD,52,0.11403508771929824,8,0.017543859649122806,24,0.05263157894736842,12,0.02631578947368421,89,0.19517543859649122,6,0.013157894736842105,44,0.09649122807017543,176,0.38596491228070173,26,0.05701754385964912,0,0.0,1,0.0021929824561403508,1,0.0021929824561403508,4,0.008771929824561403,2,0.0043859649122807015,52,0.11403508771929824,0,0.0,0,0.0,0,0.0,0,0.0,0,0.0,0,0.0,0,0.0,0,0.0,0,0.0,0,0.0,0,0.0,0,0.0,0,0.0,0,0.0,0,0.0,11,0.02412280701754386,456,1.0,ORIGEN,SECCION,COMPLETO
575,18,NAYARIT,TECUALA,,,573,749,445,0.5941255006675568,0.40587449933244324,MORENA,220,0.4943820224719101,178,0.4,PRI,42,0.09438202247191012,0,0.0,MC,42,0.09438202247191012,MORENA,220,0.4943820224719101,178,0.4,PRI,42,0.09438202247191012,0,0.0,MC,42,0.09438202247191012,14,0.03146067415730337,42,0.09438202247191012,13,0.029213483146067417,20,0.0449438202247191,5,0.011235955056179775,42,0.09438202247191012,220,0.4943820224719101,39,0.08764044943820225,1,0.0022471910112359553,6,0.01348314606741573,0,0.0,9,0.020224719101123594,0,0.0,3,0.006741573033707865,0,0.0,0,0.0,0,0.0,7,0.015730337078651686,4,0.008988764044943821,0,0.0,2,0.0044943820224719105,3,0.006741573033707865,0,0.0,2,0.0044943820224719105,0,0.0,0,0.0,0,0.0,1,0.0022471910112359553,0,0.0,12,0.02696629213483146,445,1.0,ORIGEN,SECCION,COMPLETO
576,18,NAYARIT,TECUALA,,,574,542,331,0.6107011070110702,0.38929889298892983,MORENA,168,0.5075528700906344,131,0.3957703927492447,MC,37,0.11178247734138973,10,0.030211480362537766,PRI,27,0.08157099697885196,MORENA,168,0.5075528700906344,131,0.3957703927492447,MC,37,0.11178247734138973,10,0.030211480362537766,PRI,27,0.08157099697885196,8,0.02416918429003021,27,0.08157099697885196,7,0.021148036253776436,13,0.03927492447129909,9,0.027190332326283987,37,0.11178247734138973,168,0.5075528700906344,20,0.06042296072507553,0,0.0,5,0.015105740181268883,0,0.0,8,0.02416918429003021,1,0.0030211480362537764,1,0.0030211480362537764,1,0.0030211480362537764,0,0.0,0,0.0,13,0.03927492447129909,0,0.0,0,0.0,0,0.0,0,0.0,0,0.0,1,0.0030211480362537764,1,0.0030211480362537764,2,0.006042296072507553,0,0.0,3,0.00906344410876133,0,0.0,6,0.01812688821752266,331,1.0,ORIGEN,SECCION,COMPLETO
577,18,NAYARIT,TECUALA,,,575,789,464,0.5880861850443599,0.41191381495564006,MORENA,255,0.5495689655172413,214,0.46120689655172414,MC,41,0.08836206896551724,16,0.034482758620689655,RSP,25,0.05387931034482758,MORENA,255,0.5495689655172413,214,0.46120689655172414,MC,41,0.08836206896551724,16,0.034482758620689655,RSP,25,0.05387931034482758,4,0.008620689655172414,19,0.040948275862068964,3,0.00646551724137931,13,0.028017241379310345,16,0.034482758620689655,41,0.08836206896551724,255,0.5495689655172413,23,0.04956896551724138,0,0.0,16,0.034482758620689655,0,0.0,25,0.05387931034482758,1,0.0021551724137931034,5,0.010775862068965518,0,0.0,0,0.0,0,0.0,15,0.032327586206896554,6,0.01293103448275862,0,0.0,1,0.0021551724137931034,1,0.0021551724137931034,0,0.0,1,0.0021551724137931034,0,0.0,1,0.0021551724137931034,0,0.0,5,0.010775862068965518,0,0.0,13,0.028017241379310345,464,1.0,ORIGEN,SECCION,COMPLETO
578,18,NAYARIT,TECUALA,,,576,728,382,0.5247252747252747,0.47527472527472525,MORENA,204,0.5340314136125655,165,0.4319371727748691,MC,39,0.10209424083769633,17,0.04450261780104712,PRI,22,0.05759162303664921,MORENA,204,0.5340314136125655,165,0.4319371727748691,MC,39,0.10209424083769633,17,0.04450261780104712,PRI,22,0.05759162303664921,15,0.03926701570680628,22,0.05759162303664921,3,0.007853403141361256,15,0.03926701570680628,13,0.034031413612565446,39,0.10209424083769633,204,0.5340314136125655,8,0.020942408376963352,4,0.010471204188481676,18,0.04712041884816754,0,0.0,8,0.020942408376963352,2,0.005235602094240838,3,0.007853403141361256,0,0.0,1,0.002617801047120419,0,0.0,1,0.002617801047120419,5,0.013089005235602094,1,0.002617801047120419,0,0.0,3,0.007853403141361256,0,0.0,0,0.0,0,0.0,3,0.007853403141361256,0,0.0,2,0.005235602094240838,0,0.0,12,0.031413612565445025,382,1.0,ORIGEN,SECCION,COMPLETO
579,18,NAYARIT,TECUALA,,,577,485,300,0.6185567010309279,0.38144329896907214,MORENA,138,0.46,87,0.29,MC,51,0.17,18,0.06,PRI,33,0.11,MORENA,138,0.46,87,0.29,MC,51,0.17,18,0.06,PRI,33,0.11,2,0.006666666666666667,33,0.11,3,0.01,9,0.03,10,0.03333333333333333,51,0.17,138,0.46,17,0.056666666666666664,0,0.0,4,0.013333333333333334,0,0.0,3,0.01,0,0.0,5,0.016666666666666666,0,0.0,0,0.0,0,0.0,0,0.0,19,0.06333333333333334,0,0.0,0,0.0,0,0.0,0,0.0,0,0.0,0,0.0,0,0.0,0,0.0,0,0.0,0,0.0,6,0.02,300,1.0,ORIGEN,SECCION,COMPLETO
580,18,NAYARIT,TECUALA,,,578,834,467,0.5599520383693045,0.4400479616306955,MORENA,224,0.4796573875802998,171,0.36616702355460384,MC,53,0.11349036402569593,6,0.01284796573875803,PRI,47,0.1006423982869379,MORENA,224,0.4796573875802998,171,0.36616702355460384,MC,53,0.11349036402569593,6,0.01284796573875803,PRI,47,0.1006423982869379,6,0.01284796573875803,47,0.1006423982869379,3,0.006423982869379015,24,0.05139186295503212,18,0.03854389721627409,53,0.11349036402569593,224,0.4796573875802998,15,0.032119914346895075,1,0.0021413276231263384,16,0.034261241970021415,1,0.0021413276231263384,5,0.010706638115631691,2,0.004282655246252677,2,0.004282655246252677,0,0.0,1,0.0021413276231263384,0,0.0,11,0.023554603854389723,5,0.010706638115631691,3,0.006423982869379015,3,0.006423982869379015,2,0.004282655246252677,0,0.0,3,0.006423982869379015,3,0.006423982869379015,5,0.010706638115631691,0,0.0,7,0.014989293361884369,0,0.0,7,0.014989293361884369,467,1.0,ORIGEN,SECCION,COMPLETO
581,18,NAYARIT,TECUALA,,,579,600,349,0.5816666666666667,0.41833333333333333,MORENA,142,0.4068767908309456,98,0.2808022922636103,PRI,44,0.12607449856733524,9,0.025787965616045846,MC,35,0.10028653295128939,MORENA,142,0.4068767908309456,98,0.2808022922636103,PRI,44,0.12607449856733524,9,0.025787965616045846,MC,35,0.10028653295128939,12,0.034383954154727794,44,0.12607449856733524,5,0.014326647564469915,16,0.045845272206303724,14,0.04011461318051576,35,0.10028653295128939,142,0.4068767908309456,11,0.03151862464183381,2,0.0057306590257879654,6,0.017191977077363897,1,0.0028653295128939827,18,0.05157593123209169,1,0.0028653295128939827,2,0.0057306590257879654,0,0.0,1,0.0028653295128939827,0,0.0,14,0.04011461318051576,1,0.0028653295128939827,2,0.0057306590257879654,2,0.0057306590257879654,0,0.0,0,0.0,3,0.008595988538681949,0,0.0,3,0.008595988538681949,1,0.0028653295128939827,0,0.0,0,0.0,13,0.03724928366762178,349,1.0,ORIGEN,SECCION,COMPLETO
582,18,NAYARIT,TECUALA,,,580,769,487,0.6332899869960988,0.36671001300390116,MORENA,261,0.5359342915811088,224,0.459958932238193,PRI,37,0.07597535934291581,8,0.01642710472279261,PT,29,0.059548254620123205,MORENA,261,0.5359342915811088,224,0.459958932238193,PRI,37,0.07597535934291581,8,0.01642710472279261,PT,29,0.059548254620123205,12,0.024640657084188913,37,0.07597535934291581,5,0.01026694045174538,29,0.059548254620123205,23,0.04722792607802875,29,0.059548254620123205,261,0.5359342915811088,24,0.049281314168377825,6,0.012320328542094456,5,0.01026694045174538,1,0.002053388090349076,5,0.01026694045174538,1,0.002053388090349076,4,0.008213552361396304,0,0.0,1,0.002053388090349076,1,0.002053388090349076,7,0.014373716632443531,5,0.01026694045174538,0,0.0,1,0.002053388090349076,2,0.004106776180698152,1,0.002053388090349076,2,0.004106776180698152,0,0.0,4,0.008213552361396304,0,0.0,8,0.01642710472279261,0,0.0,13,0.026694045174537988,487,1.0,ORIGEN,SECCION,COMPLETO
583,18,NAYARIT,TECUALA,,,581,499,321,0.6432865731462926,0.35671342685370744,MORENA,112,0.34890965732087226,68,0.2118380062305296,MC,44,0.13707165109034267,1,0.003115264797507788,PRI,43,0.13395638629283488,MORENA,112,0.34890965732087226,68,0.2118380062305296,MC,44,0.13707165109034267,1,0.003115264797507788,PRI,43,0.13395638629283488,12,0.037383177570093455,43,0.13395638629283488,35,0.10903426791277258,9,0.028037383177570093,16,0.04984423676012461,44,0.13707165109034267,112,0.34890965732087226,16,0.04984423676012461,0,0.0,0,0.0,0,0.0,4,0.012461059190031152,2,0.006230529595015576,5,0.01557632398753894,0,0.0,0,0.0,0,0.0,2,0.006230529595015576,1,0.003115264797507788,3,0.009345794392523364,3,0.009345794392523364,0,0.0,1,0.003115264797507788,0,0.0,3,0.009345794392523364,0,0.0,0,0.0,1,0.003115264797507788,0,0.0,9,0.028037383177570093,321,1.0,ORIGEN,SECCION,COMPLETO
584,18,NAYARIT,TECUALA,,,582,994,594,0.5975855130784709,0.40241448692152915,MORENA,248,0.4175084175084175,164,0.2760942760942761,MC,84,0.1414141414141414,14,0.02356902356902357,PRI,70,0.11784511784511785,MORENA,248,0.4175084175084175,164,0.2760942760942761,MC,84,0.1414141414141414,14,0.02356902356902357,PRI,70,0.11784511784511785,33,0.05555555555555555,70,0.11784511784511785,38,0.06397306397306397,26,0.04377104377104377,12,0.020202020202020204,84,0.1414141414141414,248,0.4175084175084175,10,0.016835016835016835,5,0.008417508417508417,13,0.021885521885521887,2,0.003367003367003367,2,0.003367003367003367,0,0.0,6,0.010101010101010102,1,0.0016835016835016834,0,0.0,1,0.0016835016835016834,8,0.013468013468013467,2,0.003367003367003367,0,0.0,1,0.0016835016835016834,0,0.0,2,0.003367003367003367,2,0.003367003367003367,0,0.0,4,0.006734006734006734,0,0.0,1,0.0016835016835016834,0,0.0,23,0.03872053872053872,594,1.0,ORIGEN,SECCION,COMPLETO
585,18,NAYARIT,TECUALA,,,583,783,510,0.6513409961685823,0.3486590038314177,MORENA,250,0.49019607843137253,169,0.33137254901960783,PRI,81,0.1588235294117647,46,0.09019607843137255,MC,35,0.06862745098039216,MORENA,250,0.49019607843137253,169,0.33137254901960783,PRI,81,0.1588235294117647,46,0.09019607843137255,MC,35,0.06862745098039216,12,0.023529411764705882,81,0.1588235294117647,16,0.03137254901960784,32,0.06274509803921569,3,0.0058823529411764705,35,0.06862745098039216,250,0.49019607843137253,12,0.023529411764705882,1,0.00196078431372549,6,0.011764705882352941,1,0.00196078431372549,0,0.0,3,0.0058823529411764705,10,0.0196078431372549,0,0.0,0,0.0,0,0.0,10,0.0196078431372549,1,0.00196078431372549,1,0.00196078431372549,7,0.013725490196078431,0,0.0,1,0.00196078431372549,1,0.00196078431372549,0,0.0,6,0.011764705882352941,0,0.0,5,0.00980392156862745,0,0.0,16,0.03137254901960784,510,1.0,ORIGEN,SECCION,COMPLETO
586,18,NAYARIT,TECUALA,,,584,700,448,0.64,0.36,MORENA,199,0.44419642857142855,81,0.18080357142857142,PRI,118,0.26339285714285715,96,0.21428571428571427,MC,22,0.049107142857142856,MORENA,199,0.44419642857142855,81,0.18080357142857142,PRI,118,0.26339285714285715,96,0.21428571428571427,MC,22,0.049107142857142856,19,0.04241071428571429,118,0.26339285714285715,9,0.020089285714285716,15,0.033482142857142856,11,0.024553571428571428,22,0.049107142857142856,199,0.44419642857142855,17,0.03794642857142857,0,0.0,6,0.013392857142857142,1,0.002232142857142857,0,0.0,1,0.002232142857142857,9,0.020089285714285716,0,0.0,0,0.0,1,0.002232142857142857,3,0.006696428571428571,1,0.002232142857142857,1,0.002232142857142857,2,0.004464285714285714,0,0.0,1,0.002232142857142857,0,0.0,0,0.0,2,0.004464285714285714,0,0.0,1,0.002232142857142857,0,0.0,9,0.020089285714285716,448,1.0,ORIGEN,SECCION,COMPLETO
587,18,NAYARIT,TECUALA,,,585,493,328,0.665314401622718,0.33468559837728196,MORENA,137,0.4176829268292683,61,0.18597560975609756,PRI,76,0.23170731707317074,49,0.14939024390243902,MC,27,0.08231707317073171,MORENA,137,0.4176829268292683,61,0.18597560975609756,PRI,76,0.23170731707317074,49,0.14939024390243902,MC,27,0.08231707317073171,5,0.01524390243902439,76,0.23170731707317074,12,0.036585365853658534,15,0.04573170731707317,7,0.021341463414634148,27,0.08231707317073171,137,0.4176829268292683,12,0.036585365853658534,0,0.0,3,0.009146341463414634,1,0.003048780487804878,0,0.0,1,0.003048780487804878,8,0.024390243902439025,1,0.003048780487804878,0,0.0,1,0.003048780487804878,5,0.01524390243902439,1,0.003048780487804878,0,0.0,0,0.0,1,0.003048780487804878,0,0.0,3,0.009146341463414634,0,0.0,1,0.003048780487804878,3,0.009146341463414634,1,0.003048780487804878,0,0.0,7,0.021341463414634148,328,1.0,ORIGEN,SECCION,COMPLETO
588,18,NAYARIT,TECUALA,,,586,567,393,0.6931216931216931,0.30687830687830686,MORENA,135,0.3435114503816794,21,0.05343511450381679,PRI,114,0.2900763358778626,75,0.19083969465648856,MC,39,0.09923664122137404,MORENA,135,0.3435114503816794,21,0.05343511450381679,PRI,114,0.2900763358778626,75,0.19083969465648856,MC,39,0.09923664122137404,7,0.017811704834605598,114,0.2900763358778626,4,0.010178117048346057,20,0.05089058524173028,17,0.043256997455470736,39,0.09923664122137404,135,0.3435114503816794,6,0.015267175572519083,0,0.0,2,0.005089058524173028,0,0.0,2,0.005089058524173028,7,0.017811704834605598,8,0.020356234096692113,2,0.005089058524173028,0,0.0,1,0.002544529262086514,5,0.01272264631043257,5,0.01272264631043257,1,0.002544529262086514,1,0.002544529262086514,3,0.007633587786259542,0,0.0,3,0.007633587786259542,0,0.0,1,0.002544529262086514,0,0.0,1,0.002544529262086514,0,0.0,9,0.022900763358778626,393,1.0,ORIGEN,SECCION,COMPLETO
589,18,NAYARIT,TECUALA,,,587,664,417,0.6280120481927711,0.3719879518072289,MORENA,159,0.381294964028777,96,0.2302158273381295,MC,63,0.1510791366906475,8,0.019184652278177457,PRI,55,0.13189448441247004,MORENA,159,0.381294964028777,96,0.2302158273381295,MC,63,0.1510791366906475,8,0.019184652278177457,PRI,55,0.13189448441247004,16,0.03836930455635491,55,0.13189448441247004,21,0.050359712230215826,13,0.03117505995203837,26,0.06235011990407674,63,0.1510791366906475,159,0.381294964028777,4,0.009592326139088728,4,0.009592326139088728,0,0.0,1,0.002398081534772182,15,0.03597122302158273,2,0.004796163069544364,7,0.016786570743405275,1,0.002398081534772182,0,0.0,0,0.0,0,0.0,2,0.004796163069544364,3,0.007194244604316547,0,0.0,0,0.0,0,0.0,0,0.0,3,0.007194244604316547,0,0.0,0,0.0,3,0.007194244604316547,0,0.0,19,0.045563549160671464,417,1.0,ORIGEN,SECCION,COMPLETO
590,18,NAYARIT,TECUALA,,,588,873,543,0.6219931271477663,0.37800687285223367,MORENA,235,0.43278084714548803,152,0.27992633517495397,PRI,83,0.15285451197053407,37,0.06813996316758748,MC,46,0.0847145488029466,MORENA,235,0.43278084714548803,152,0.27992633517495397,PRI,83,0.15285451197053407,37,0.06813996316758748,MC,46,0.0847145488029466,14,0.02578268876611418,83,0.15285451197053407,10,0.01841620626151013,12,0.022099447513812154,13,0.02394106813996317,46,0.0847145488029466,235,0.43278084714548803,23,0.0423572744014733,3,0.0055248618784530384,14,0.02578268876611418,1,0.001841620626151013,23,0.0423572744014733,1,0.001841620626151013,6,0.011049723756906077,2,0.003683241252302026,0,0.0,2,0.003683241252302026,4,0.007366482504604052,3,0.0055248618784530384,0,0.0,2,0.003683241252302026,3,0.0055248618784530384,0,0.0,2,0.003683241252302026,0,0.0,3,0.0055248618784530384,2,0.003683241252302026,2,0.003683241252302026,0,0.0,34,0.06261510128913444,543,1.0,ORIGEN,SECCION,COMPLETO
591,18,NAYARIT,TECUALA,,,589,250,139,0.556,0.44399999999999995,MORENA,58,0.4172661870503597,33,0.23741007194244604,MC,25,0.17985611510791366,3,0.02158273381294964,PRI,22,0.15827338129496402,MORENA,58,0.4172661870503597,33,0.23741007194244604,MC,25,0.17985611510791366,3,0.02158273381294964,PRI,22,0.15827338129496402,6,0.04316546762589928,22,0.15827338129496402,2,0.014388489208633094,7,0.050359712230215826,4,0.02877697841726619,25,0.17985611510791366,58,0.4172661870503597,3,0.02158273381294964,0,0.0,1,0.007194244604316547,0,0.0,1,0.007194244604316547,0,0.0,2,0.014388489208633094,0,0.0,0,0.0,0,0.0,2,0.014388489208633094,0,0.0,0,0.0,0,0.0,0,0.0,0,0.0,0,0.0,0,0.0,1,0.007194244604316547,0,0.0,0,0.0,0,0.0,5,0.03597122302158273,139,1.0,ORIGEN,SECCION,COMPLETO
592,18,NAYARIT,TECUALA,,,590,205,141,0.6878048780487804,0.31219512195121957,MORENA,47,0.3333333333333333,20,0.14184397163120568,PRI,27,0.19148936170212766,7,0.04964539007092199,MC,20,0.14184397163120568,MORENA,47,0.3333333333333333,20,0.14184397163120568,PRI,27,0.19148936170212766,7,0.04964539007092199,MC,20,0.14184397163120568,9,0.06382978723404255,27,0.19148936170212766,8,0.05673758865248227,7,0.04964539007092199,4,0.028368794326241134,20,0.14184397163120568,47,0.3333333333333333,2,0.014184397163120567,1,0.0070921985815602835,3,0.02127659574468085,0,0.0,11,0.07801418439716312,1,0.0070921985815602835,0,0.0,0,0.0,0,0.0,0,0.0,0,0.0,0,0.0,0,0.0,0,0.0,0,0.0,0,0.0,1,0.0070921985815602835,0,0.0,0,0.0,0,0.0,0,0.0,0,0.0,0,0.0,141,1.0,ORIGEN,SECCION,COMPLETO
593,18,NAYARIT,TECUALA,,,591,765,482,0.6300653594771242,0.36993464052287583,MORENA,264,0.5477178423236515,164,0.34024896265560167,PRI,100,0.2074688796680498,52,0.1078838174273859,MC,48,0.0995850622406639,MORENA,264,0.5477178423236515,164,0.34024896265560167,PRI,100,0.2074688796680498,52,0.1078838174273859,MC,48,0.0995850622406639,2,0.004149377593360996,100,0.2074688796680498,4,0.008298755186721992,7,0.014522821576763486,7,0.014522821576763486,48,0.0995850622406639,264,0.5477178423236515,8,0.016597510373443983,1,0.002074688796680498,3,0.006224066390041493,0,0.0,3,0.006224066390041493,2,0.004149377593360996,4,0.008298755186721992,2,0.004149377593360996,0,0.0,0,0.0,3,0.006224066390041493,0,0.0,1,0.002074688796680498,6,0.012448132780082987,4,0.008298755186721992,0,0.0,1,0.002074688796680498,0,0.0,0,0.0,0,0.0,0,0.0,0,0.0,12,0.024896265560165973,482,1.0,ORIGEN,SECCION,COMPLETO
594,18,NAYARIT,TECUALA,,,592,161,125,0.7763975155279503,0.22360248447204967,MORENA,86,0.688,62,0.496,PRI,24,0.192,15,0.12,MC,9,0.072,MORENA,86,0.688,62,0.496,PRI,24,0.192,15,0.12,MC,9,0.072,0,0.0,24,0.192,0,0.0,0,0.0,0,0.0,9,0.072,86,0.688,0,0.0,0,0.0,3,0.024,0,0.0,0,0.0,0,0.0,0,0.0,0,0.0,0,0.0,0,0.0,0,0.0,0,0.0,0,0.0,0,0.0,0,0.0,0,0.0,0,0.0,0,0.0,0,0.0,0,0.0,0,0.0,0,0.0,3,0.024,125,1.0,ORIGEN,SECCION,COMPLETO
595,18,NAYARIT,TECUALA,,,593,455,274,0.6021978021978022,0.39780219780219783,MORENA,128,0.46715328467153283,62,0.22627737226277372,PRI,66,0.24087591240875914,41,0.14963503649635038,MC,25,0.09124087591240876,MORENA,128,0.46715328467153283,62,0.22627737226277372,PRI,66,0.24087591240875914,41,0.14963503649635038,MC,25,0.09124087591240876,2,0.0072992700729927005,66,0.24087591240875914,5,0.01824817518248175,10,0.0364963503649635,7,0.025547445255474453,25,0.09124087591240876,128,0.46715328467153283,9,0.032846715328467155,0,0.0,1,0.0036496350364963502,0,0.0,1,0.0036496350364963502,1,0.0036496350364963502,1,0.0036496350364963502,0,0.0,0,0.0,2,0.0072992700729927005,4,0.014598540145985401,0,0.0,0,0.0,1,0.0036496350364963502,0,0.0,0,0.0,0,0.0,0,0.0,0,0.0,0,0.0,0,0.0,1,0.0036496350364963502,10,0.0364963503649635,274,1.0,ORIGEN,SECCION,COMPLETO
596,18,NAYARIT,TECUALA,,,594,334,237,0.7095808383233533,0.2904191616766467,MORENA,88,0.37130801687763715,52,0.21940928270042195,MC,36,0.1518987341772152,11,0.046413502109704644,PRI,25,0.10548523206751055,MORENA,88,0.37130801687763715,52,0.21940928270042195,MC,36,0.1518987341772152,11,0.046413502109704644,PRI,25,0.10548523206751055,11,0.046413502109704644,25,0.10548523206751055,3,0.012658227848101266,14,0.05907172995780591,5,0.02109704641350211,36,0.1518987341772152,88,0.37130801687763715,9,0.0379746835443038,4,0.016877637130801686,9,0.0379746835443038,0,0.0,0,0.0,3,0.012658227848101266,1,0.004219409282700422,0,0.0,0,0.0,1,0.004219409282700422,7,0.029535864978902954,3,0.012658227848101266,1,0.004219409282700422,1,0.004219409282700422,1,0.004219409282700422,1,0.004219409282700422,2,0.008438818565400843,0,0.0,1,0.004219409282700422,0,0.0,1,0.004219409282700422,0,0.0,10,0.04219409282700422,237,1.0,ORIGEN,SECCION,COMPLETO
597,18,NAYARIT,TECUALA,,,595,369,279,0.7560975609756098,0.24390243902439024,MORENA,138,0.4946236559139785,111,0.3978494623655914,MC,27,0.0967741935483871,5,0.017921146953405017,PT,22,0.07885304659498207,MORENA,138,0.4946236559139785,111,0.3978494623655914,MC,27,0.0967741935483871,5,0.017921146953405017,PT,22,0.07885304659498207,5,0.017921146953405017,21,0.07526881720430108,2,0.007168458781362007,22,0.07885304659498207,16,0.05734767025089606,27,0.0967741935483871,138,0.4946236559139785,18,0.06451612903225806,1,0.0035842293906810036,10,0.035842293906810034,1,0.0035842293906810036,0,0.0,0,0.0,0,0.0,0,0.0,0,0.0,0,0.0,15,0.053763440860215055,0,0.0,0,0.0,0,0.0,0,0.0,0,0.0,0,0.0,0,0.0,0,0.0,0,0.0,0,0.0,0,0.0,3,0.010752688172043012,279,1.0,ORIGEN,SECCION,COMPLETO
598,18,NAYARIT,TECUALA,,,596,286,188,0.6573426573426573,0.3426573426573427,MC,74,0.39361702127659576,18,0.09574468085106383,MORENA,56,0.2978723404255319,44,0.23404255319148937,PRI,12,0.06382978723404255,MC,74,0.39361702127659576,18,0.09574468085106383,MORENA,56,0.2978723404255319,44,0.23404255319148937,PRI,12,0.06382978723404255,6,0.031914893617021274,12,0.06382978723404255,1,0.005319148936170213,5,0.026595744680851064,5,0.026595744680851064,74,0.39361702127659576,56,0.2978723404255319,6,0.031914893617021274,1,0.005319148936170213,2,0.010638297872340425,3,0.015957446808510637,2,0.010638297872340425,1,0.005319148936170213,1,0.005319148936170213,1,0.005319148936170213,0,0.0,0,0.0,2,0.010638297872340425,1,0.005319148936170213,1,0.005319148936170213,0,0.0,1,0.005319148936170213,0,0.0,0,0.0,0,0.0,0,0.0,0,0.0,0,0.0,0,0.0,7,0.03723404255319149,188,1.0,ORIGEN,SECCION,COMPLETO
599,18,NAYARIT,TEPIC,,,597,1117,570,0.5102954341987467,0.4897045658012533,MORENA,216,0.37894736842105264,74,0.12982456140350876,MC,142,0.24912280701754386,115,0.20175438596491227,PRI,27,0.04736842105263158,MORENA,216,0.37894736842105264,74,0.12982456140350876,MC,142,0.24912280701754386,115,0.20175438596491227,PRI,27,0.04736842105263158,21,0.03684210526315789,27,0.04736842105263158,6,0.010526315789473684,20,0.03508771929824561,13,0.02280701754385965,142,0.24912280701754386,216,0.37894736842105264,15,0.02631578947368421,5,0.008771929824561403,25,0.043859649122807015,7,0.012280701754385965,16,0.028070175438596492,1,0.0017543859649122807,4,0.007017543859649123,2,0.0035087719298245615,0,0.0,0,0.0,16,0.028070175438596492,7,0.012280701754385965,0,0.0,0,0.0,4,0.007017543859649123,2,0.0035087719298245615,2,0.0035087719298245615,1,0.0017543859649122807,1,0.0017543859649122807,0,0.0,1,0.0017543859649122807,0,0.0,16,0.028070175438596492,570,1.0,ORIGEN,SECCION,COMPLETO
600,18,NAYARIT,TEPIC,,,598,3795,1569,0.4134387351778656,0.5865612648221343,MORENA,607,0.3868706182281708,265,0.16889738687061823,MC,342,0.2179732313575526,198,0.12619502868068833,MLN,144,0.09177820267686425,MORENA,607,0.3868706182281708,265,0.16889738687061823,MC,342,0.2179732313575526,198,0.12619502868068833,MLN,144,0.09177820267686425,58,0.036966220522625874,56,0.035691523263224986,26,0.0165710643722116,81,0.05162523900573614,39,0.0248565965583174,342,0.2179732313575526,607,0.3868706182281708,39,0.0248565965583174,15,0.009560229445506692,144,0.09177820267686425,17,0.010834926704907584,40,0.025493945188017845,6,0.0038240917782026767,12,0.0076481835564053535,2,0.0012746972594008922,0,0.0,0,0.0,25,0.015933715742511154,10,0.006373486297004461,7,0.004461440407903123,1,0.0006373486297004461,0,0.0,0,0.0,2,0.0012746972594008922,1,0.0006373486297004461,1,0.0006373486297004461,6,0.0038240917782026767,5,0.0031867431485022306,0,0.0,27,0.017208413001912046,1569,1.0,ORIGEN,SECCION,COMPLETO
601,18,NAYARIT,TEPIC,,,599,823,354,0.43013365735115433,0.5698663426488457,MORENA,109,0.307909604519774,18,0.05084745762711865,MC,91,0.2570621468926554,62,0.1751412429378531,MLN,29,0.08192090395480225,MORENA,109,0.307909604519774,18,0.05084745762711865,MC,91,0.2570621468926554,62,0.1751412429378531,MLN,29,0.08192090395480225,12,0.03389830508474576,16,0.04519774011299435,2,0.005649717514124294,20,0.05649717514124294,7,0.01977401129943503,91,0.2570621468926554,109,0.307909604519774,6,0.01694915254237288,0,0.0,29,0.08192090395480225,16,0.04519774011299435,6,0.01694915254237288,1,0.002824858757062147,2,0.005649717514124294,0,0.0,1,0.002824858757062147,0,0.0,10,0.02824858757062147,3,0.00847457627118644,0,0.0,4,0.011299435028248588,4,0.011299435028248588,1,0.002824858757062147,1,0.002824858757062147,0,0.0,1,0.002824858757062147,0,0.0,2,0.005649717514124294,0,0.0,10,0.02824858757062147,354,1.0,ORIGEN,SECCION,COMPLETO
602,18,NAYARIT,TEPIC,,,600,1385,619,0.4469314079422383,0.5530685920577617,MORENA,203,0.32794830371567046,55,0.0888529886914378,MC,148,0.23909531502423265,101,0.1631663974151858,MLN,47,0.07592891760904685,MORENA,203,0.32794830371567046,55,0.0888529886914378,MC,148,0.23909531502423265,101,0.1631663974151858,MLN,47,0.07592891760904685,19,0.030694668820678513,20,0.03231017770597738,7,0.011308562197092083,25,0.04038772213247173,12,0.01938610662358643,148,0.23909531502423265,203,0.32794830371567046,26,0.0420032310177706,17,0.027463651050080775,47,0.07592891760904685,5,0.008077544426494346,45,0.07269789983844911,6,0.009693053311793215,2,0.0032310177705977385,0,0.0,0,0.0,0,0.0,8,0.012924071082390954,5,0.008077544426494346,1,0.0016155088852988692,1,0.0016155088852988692,0,0.0,0,0.0,0,0.0,0,0.0,1,0.0016155088852988692,0,0.0,1,0.0016155088852988692,0,0.0,20,0.03231017770597738,619,1.0,ORIGEN,SECCION,COMPLETO
603,18,NAYARIT,TEPIC,,,601,2543,1063,0.41801022414471095,0.581989775855289,MORENA,471,0.4430856067732832,268,0.2521166509877705,MC,203,0.1909689557855127,142,0.13358419567262464,RSP,61,0.05738476011288805,MORENA,471,0.4430856067732832,268,0.2521166509877705,MC,203,0.1909689557855127,142,0.13358419567262464,RSP,61,0.05738476011288805,41,0.03857008466603951,22,0.020696142991533398,7,0.00658513640639699,35,0.03292568203198495,18,0.016933207902163686,203,0.1909689557855127,471,0.4430856067732832,27,0.02539981185324553,19,0.017873941674506115,58,0.05456255879586077,13,0.012229539040451553,61,0.05738476011288805,6,0.005644402634054563,4,0.0037629350893697085,0,0.0,0,0.0,0,0.0,28,0.02634054562558796,8,0.007525870178739417,2,0.0018814675446848542,2,0.0018814675446848542,6,0.005644402634054563,0,0.0,4,0.0037629350893697085,0,0.0,1,0.0009407337723424271,2,0.0018814675446848542,2,0.0018814675446848542,0,0.0,23,0.021636876763875823,1063,1.0,ORIGEN,SECCION,COMPLETO
604,18,NAYARIT,TEPIC,,,602,1338,766,0.5724962630792227,0.42750373692077726,MORENA,315,0.4112271540469974,164,0.21409921671018275,MC,151,0.19712793733681463,95,0.12402088772845953,MLN,56,0.0731070496083551,MORENA,315,0.4112271540469974,164,0.21409921671018275,MC,151,0.19712793733681463,95,0.12402088772845953,MLN,56,0.0731070496083551,33,0.04308093994778068,25,0.03263707571801567,10,0.013054830287206266,26,0.033942558746736295,21,0.02741514360313316,151,0.19712793733681463,315,0.4112271540469974,14,0.018276762402088774,9,0.01174934725848564,56,0.0731070496083551,11,0.014360313315926894,36,0.04699738903394256,7,0.009138381201044387,6,0.007832898172323759,0,0.0,0,0.0,0,0.0,12,0.015665796344647518,4,0.005221932114882507,0,0.0,7,0.009138381201044387,0,0.0,0,0.0,3,0.0039164490861618795,1,0.0013054830287206266,6,0.007832898172323759,0,0.0,2,0.0026109660574412533,0,0.0,11,0.014360313315926894,766,1.0,ORIGEN,SECCION,COMPLETO
605,18,NAYARIT,TEPIC,,,603,1199,583,0.48623853211009177,0.5137614678899083,MORENA,250,0.4288164665523156,160,0.274442538593482,MC,90,0.15437392795883362,47,0.08061749571183534,MLN,43,0.07375643224699828,MORENA,250,0.4288164665523156,160,0.274442538593482,MC,90,0.15437392795883362,47,0.08061749571183534,MLN,43,0.07375643224699828,11,0.018867924528301886,23,0.03945111492281304,2,0.003430531732418525,29,0.04974271012006861,11,0.018867924528301886,90,0.15437392795883362,250,0.4288164665523156,14,0.024013722126929673,17,0.029159519725557463,43,0.07375643224699828,8,0.0137221269296741,30,0.051457975986277875,1,0.0017152658662092624,4,0.00686106346483705,0,0.0,2,0.003430531732418525,0,0.0,22,0.03773584905660377,4,0.00686106346483705,1,0.0017152658662092624,3,0.005145797598627788,0,0.0,0,0.0,2,0.003430531732418525,0,0.0,1,0.0017152658662092624,0,0.0,2,0.003430531732418525,1,0.0017152658662092624,12,0.02058319039451115,583,1.0,ORIGEN,SECCION,COMPLETO
606,18,NAYARIT,TEPIC,,,604,1395,575,0.4121863799283154,0.5878136200716846,MORENA,276,0.48,168,0.2921739130434783,MC,108,0.18782608695652173,61,0.10608695652173913,MLN,47,0.0817391304347826,MORENA,276,0.48,168,0.2921739130434783,MC,108,0.18782608695652173,61,0.10608695652173913,MLN,47,0.0817391304347826,9,0.01565217391304348,16,0.02782608695652174,4,0.006956521739130435,17,0.029565217391304348,13,0.022608695652173914,108,0.18782608695652173,276,0.48,23,0.04,10,0.017391304347826087,47,0.0817391304347826,0,0.0,11,0.019130434782608695,4,0.006956521739130435,5,0.008695652173913044,0,0.0,1,0.0017391304347826088,0,0.0,10,0.017391304347826087,4,0.006956521739130435,1,0.0017391304347826088,0,0.0,0,0.0,0,0.0,2,0.0034782608695652175,0,0.0,2,0.0034782608695652175,0,0.0,1,0.0017391304347826088,0,0.0,11,0.019130434782608695,575,1.0,ORIGEN,SECCION,COMPLETO
607,18,NAYARIT,TEPIC,,,605,1451,612,0.4217780840799449,0.5782219159200551,MORENA,254,0.4150326797385621,148,0.24183006535947713,MC,106,0.17320261437908496,65,0.10620915032679738,MLN,41,0.06699346405228758,MORENA,254,0.4150326797385621,148,0.24183006535947713,MC,106,0.17320261437908496,65,0.10620915032679738,MLN,41,0.06699346405228758,32,0.05228758169934641,22,0.03594771241830065,2,0.0032679738562091504,15,0.024509803921568627,17,0.027777777777777776,106,0.17320261437908496,254,0.4150326797385621,15,0.024509803921568627,29,0.04738562091503268,41,0.06699346405228758,10,0.016339869281045753,3,0.004901960784313725,2,0.0032679738562091504,11,0.017973856209150325,2,0.0032679738562091504,0,0.0,0,0.0,14,0.02287581699346405,5,0.008169934640522876,2,0.0032679738562091504,2,0.0032679738562091504,3,0.004901960784313725,1,0.0016339869281045752,2,0.0032679738562091504,0,0.0,5,0.008169934640522876,0,0.0,3,0.004901960784313725,0,0.0,14,0.02287581699346405,612,1.0,ORIGEN,SECCION,COMPLETO
608,18,NAYARIT,TEPIC,,,606,1351,631,0.4670614359733531,0.5329385640266469,MORENA,251,0.3977812995245642,130,0.20602218700475436,MC,121,0.19175911251980982,71,0.11251980982567353,PRI,50,0.07923930269413629,MORENA,251,0.3977812995245642,130,0.20602218700475436,MC,121,0.19175911251980982,71,0.11251980982567353,PRI,50,0.07923930269413629,18,0.028526148969889066,50,0.07923930269413629,7,0.011093502377179081,24,0.03803486529318542,20,0.03169572107765452,121,0.19175911251980982,251,0.3977812995245642,4,0.006339144215530904,8,0.012678288431061807,36,0.05705229793977813,4,0.006339144215530904,23,0.03645007923930269,4,0.006339144215530904,6,0.009508716323296355,2,0.003169572107765452,0,0.0,0,0.0,16,0.025356576862123614,7,0.011093502377179081,0,0.0,0,0.0,0,0.0,1,0.001584786053882726,2,0.003169572107765452,0,0.0,13,0.020602218700475437,0,0.0,1,0.001584786053882726,0,0.0,13,0.020602218700475437,631,1.0,ORIGEN,SECCION,COMPLETO
609,18,NAYARIT,TEPIC,,,607,3678,1453,0.3950516585100598,0.6049483414899401,MORENA,570,0.3922918100481762,275,0.18926359256710254,MC,295,0.20302821748107364,187,0.12869924294562973,MLN,108,0.0743289745354439,MORENA,570,0.3922918100481762,275,0.18926359256710254,MC,295,0.20302821748107364,187,0.12869924294562973,MLN,108,0.0743289745354439,44,0.030282174810736407,74,0.05092911218169305,28,0.019270474879559532,51,0.03509979353062629,29,0.01995870612525809,295,0.20302821748107364,570,0.3922918100481762,23,0.015829318651066758,28,0.019270474879559532,108,0.0743289745354439,18,0.012388162422573986,44,0.030282174810736407,15,0.01032346868547832,17,0.01169993117687543,2,0.0013764624913971094,0,0.0,0,0.0,27,0.018582243633860976,17,0.01169993117687543,3,0.0020646937370956643,1,0.0006882312456985547,12,0.008258774948382657,0,0.0,4,0.0027529249827942187,2,0.0013764624913971094,10,0.006882312456985547,0,0.0,11,0.007570543702684102,0,0.0,20,0.013764624913971095,1453,1.0,ORIGEN,SECCION,COMPLETO
610,18,NAYARIT,TEPIC,,,610,1606,1002,0.6239103362391034,0.3760896637608966,MORENA,414,0.41317365269461076,171,0.17065868263473055,MC,243,0.24251497005988024,195,0.19461077844311378,PT,48,0.04790419161676647,MORENA,414,0.41317365269461076,171,0.17065868263473055,MC,243,0.24251497005988024,195,0.19461077844311378,PT,48,0.04790419161676647,42,0.041916167664670656,23,0.022954091816367265,6,0.005988023952095809,48,0.04790419161676647,20,0.01996007984031936,243,0.24251497005988024,414,0.41317365269461076,12,0.011976047904191617,15,0.014970059880239521,40,0.03992015968063872,10,0.00998003992015968,43,0.04291417165668663,1,0.000998003992015968,13,0.012974051896207584,2,0.001996007984031936,0,0.0,0,0.0,23,0.022954091816367265,9,0.008982035928143712,1,0.000998003992015968,4,0.003992015968063872,3,0.0029940119760479044,2,0.001996007984031936,4,0.003992015968063872,0,0.0,4,0.003992015968063872,0,0.0,2,0.001996007984031936,1,0.000998003992015968,17,0.016966067864271458,1002,1.0,ORIGEN,SECCION,COMPLETO
611,18,NAYARIT,TEPIC,,,612,1955,1134,0.5800511508951407,0.4199488491048593,MORENA,502,0.4426807760141093,315,0.2777777777777778,MC,187,0.16490299823633156,96,0.08465608465608465,MLN,91,0.08024691358024691,MORENA,502,0.4426807760141093,315,0.2777777777777778,MC,187,0.16490299823633156,96,0.08465608465608465,MLN,91,0.08024691358024691,57,0.05026455026455026,34,0.029982363315696647,11,0.009700176366843033,40,0.03527336860670194,33,0.0291005291005291,187,0.16490299823633156,502,0.4426807760141093,31,0.027336860670194002,11,0.009700176366843033,91,0.08024691358024691,10,0.008818342151675485,36,0.031746031746031744,2,0.001763668430335097,15,0.013227513227513227,1,0.0008818342151675485,1,0.0008818342151675485,0,0.0,15,0.013227513227513227,11,0.009700176366843033,4,0.003527336860670194,3,0.0026455026455026454,8,0.007054673721340388,0,0.0,3,0.0026455026455026454,0,0.0,2,0.001763668430335097,1,0.0008818342151675485,0,0.0,1,0.0008818342151675485,24,0.021164021164021163,1134,1.0,ORIGEN,SECCION,COMPLETO
612,18,NAYARIT,TEPIC,,,613,1752,1055,0.6021689497716894,0.39783105022831056,MORENA,409,0.3876777251184834,172,0.16303317535545023,MC,237,0.22464454976303316,185,0.17535545023696683,MLN,52,0.04928909952606635,MORENA,409,0.3876777251184834,172,0.16303317535545023,MC,237,0.22464454976303316,185,0.17535545023696683,MLN,52,0.04928909952606635,39,0.03696682464454976,40,0.037914691943127965,16,0.015165876777251185,36,0.034123222748815164,21,0.01990521327014218,237,0.22464454976303316,409,0.3876777251184834,24,0.022748815165876776,19,0.01800947867298578,52,0.04928909952606635,31,0.029383886255924172,30,0.02843601895734597,5,0.004739336492890996,15,0.014218009478672985,6,0.005687203791469194,0,0.0,0,0.0,21,0.01990521327014218,15,0.014218009478672985,2,0.0018957345971563982,1,0.0009478672985781991,3,0.002843601895734597,2,0.0018957345971563982,3,0.002843601895734597,1,0.0009478672985781991,2,0.0018957345971563982,3,0.002843601895734597,0,0.0,1,0.0009478672985781991,21,0.01990521327014218,1055,1.0,ORIGEN,SECCION,COMPLETO
613,18,NAYARIT,TEPIC,,,614,752,468,0.6223404255319149,0.37765957446808507,MORENA,150,0.32051282051282054,34,0.07264957264957266,MC,116,0.24786324786324787,83,0.17735042735042736,MLN,33,0.07051282051282051,MORENA,150,0.32051282051282054,34,0.07264957264957266,MC,116,0.24786324786324787,83,0.17735042735042736,MLN,33,0.07051282051282051,28,0.05982905982905983,30,0.0641025641025641,13,0.027777777777777776,17,0.03632478632478633,10,0.021367521367521368,116,0.24786324786324787,150,0.32051282051282054,13,0.027777777777777776,6,0.01282051282051282,33,0.07051282051282051,6,0.01282051282051282,11,0.023504273504273504,3,0.00641025641025641,8,0.017094017094017096,0,0.0,0,0.0,3,0.00641025641025641,10,0.021367521367521368,0,0.0,0,0.0,1,0.002136752136752137,1,0.002136752136752137,0,0.0,1,0.002136752136752137,0,0.0,2,0.004273504273504274,1,0.002136752136752137,2,0.004273504273504274,1,0.002136752136752137,2,0.004273504273504274,468,1.0,ORIGEN,SECCION,COMPLETO
614,18,NAYARIT,TEPIC,,,615,850,500,0.5882352941176471,0.4117647058823529,MORENA,224,0.448,127,0.254,MC,97,0.194,68,0.136,RSP,29,0.058,MORENA,224,0.448,127,0.254,MC,97,0.194,68,0.136,RSP,29,0.058,25,0.05,27,0.054,19,0.038,14,0.028,10,0.02,97,0.194,224,0.448,15,0.03,1,0.002,26,0.052,2,0.004,29,0.058,0,0.0,5,0.01,0,0.0,0,0.0,0,0.0,0,0.0,0,0.0,0,0.0,0,0.0,0,0.0,0,0.0,0,0.0,0,0.0,0,0.0,0,0.0,0,0.0,0,0.0,6,0.012,500,1.0,ORIGEN,SECCION,COMPLETO
615,18,NAYARIT,TEPIC,,,616,1163,718,0.6173688736027515,0.3826311263972485,MORENA,317,0.4415041782729805,221,0.30779944289693595,MC,96,0.13370473537604458,54,0.07520891364902507,PT,42,0.0584958217270195,MORENA,317,0.4415041782729805,221,0.30779944289693595,MC,96,0.13370473537604458,54,0.07520891364902507,PT,42,0.0584958217270195,27,0.037604456824512536,34,0.04735376044568245,19,0.026462395543175487,42,0.0584958217270195,33,0.04596100278551532,96,0.13370473537604458,317,0.4415041782729805,16,0.022284122562674095,10,0.013927576601671309,30,0.04178272980501393,16,0.022284122562674095,27,0.037604456824512536,5,0.006963788300835654,1,0.001392757660167131,1,0.001392757660167131,2,0.002785515320334262,0,0.0,3,0.004178272980501393,5,0.006963788300835654,1,0.001392757660167131,2,0.002785515320334262,4,0.005571030640668524,0,0.0,5,0.006963788300835654,0,0.0,1,0.001392757660167131,0,0.0,1,0.001392757660167131,0,0.0,20,0.027855153203342618,718,1.0,ORIGEN,SECCION,COMPLETO
616,18,NAYARIT,TEPIC,,,617,1087,648,0.5961361545538179,0.40386384544618215,MORENA,264,0.4074074074074074,145,0.22376543209876543,MC,119,0.18364197530864199,78,0.12037037037037036,RSP,41,0.06327160493827161,MORENA,264,0.4074074074074074,145,0.22376543209876543,MC,119,0.18364197530864199,78,0.12037037037037036,RSP,41,0.06327160493827161,24,0.037037037037037035,28,0.043209876543209874,12,0.018518518518518517,26,0.040123456790123455,7,0.010802469135802469,119,0.18364197530864199,264,0.4074074074074074,12,0.018518518518518517,9,0.013888888888888888,37,0.05709876543209876,6,0.009259259259259259,41,0.06327160493827161,3,0.004629629629629629,5,0.007716049382716049,2,0.0030864197530864196,0,0.0,0,0.0,9,0.013888888888888888,8,0.012345679012345678,1,0.0015432098765432098,4,0.006172839506172839,5,0.007716049382716049,0,0.0,1,0.0015432098765432098,0,0.0,6,0.009259259259259259,0,0.0,6,0.009259259259259259,1,0.0015432098765432098,12,0.018518518518518517,648,1.0,ORIGEN,SECCION,COMPLETO
617,18,NAYARIT,TEPIC,,,618,523,281,0.5372848948374761,0.4627151051625239,MORENA,121,0.4306049822064057,73,0.2597864768683274,MC,48,0.1708185053380783,29,0.10320284697508897,MLN,19,0.06761565836298933,MORENA,121,0.4306049822064057,73,0.2597864768683274,MC,48,0.1708185053380783,29,0.10320284697508897,MLN,19,0.06761565836298933,9,0.03202846975088968,15,0.05338078291814947,2,0.0071174377224199285,9,0.03202846975088968,7,0.02491103202846975,48,0.1708185053380783,121,0.4306049822064057,2,0.0071174377224199285,3,0.010676156583629894,19,0.06761565836298933,5,0.017793594306049824,12,0.042704626334519574,1,0.0035587188612099642,3,0.010676156583629894,0,0.0,0,0.0,0,0.0,2,0.0071174377224199285,2,0.0071174377224199285,1,0.0035587188612099642,0,0.0,1,0.0035587188612099642,0,0.0,3,0.010676156583629894,0,0.0,2,0.0071174377224199285,0,0.0,2,0.0071174377224199285,0,0.0,12,0.042704626334519574,281,1.0,ORIGEN,SECCION,COMPLETO
618,18,NAYARIT,TEPIC,,,619,778,399,0.512853470437018,0.487146529562982,PT_PVEM_MORENA_NAN,113,0.2832080200501253,36,0.09022556390977443,MORENA,77,0.19298245614035087,6,0.015037593984962405,MC,71,0.17794486215538846,PT_PVEM_MORENA_NAN,113,0.2832080200501253,36,0.09022556390977443,MORENA,77,0.19298245614035087,6,0.015037593984962405,MC,71,0.17794486215538846,7,0.017543859649122806,9,0.022556390977443608,16,0.040100250626566414,8,0.020050125313283207,3,0.007518796992481203,71,0.17794486215538846,77,0.19298245614035087,2,0.005012531328320802,6,0.015037593984962405,22,0.05513784461152882,3,0.007518796992481203,14,0.03508771929824561,1,0.002506265664160401,31,0.07769423558897243,0,0.0,1,0.002506265664160401,0,0.0,113,0.2832080200501253,2,0.005012531328320802,0,0.0,0,0.0,2,0.005012531328320802,0,0.0,1,0.002506265664160401,0,0.0,2,0.005012531328320802,0,0.0,1,0.002506265664160401,0,0.0,7,0.017543859649122806,399,1.0,ORIGEN,SECCION,COMPLETO
619,18,NAYARIT,TEPIC,,,620,711,378,0.5316455696202531,0.4683544303797469,MORENA,152,0.4021164021164021,69,0.18253968253968253,MC,83,0.21957671957671956,64,0.1693121693121693,PRI,19,0.05026455026455026,MORENA,152,0.4021164021164021,69,0.18253968253968253,MC,83,0.21957671957671956,64,0.1693121693121693,PRI,19,0.05026455026455026,8,0.021164021164021163,19,0.05026455026455026,5,0.013227513227513227,19,0.05026455026455026,10,0.026455026455026454,83,0.21957671957671956,152,0.4021164021164021,4,0.010582010582010581,17,0.04497354497354497,11,0.0291005291005291,7,0.018518518518518517,11,0.0291005291005291,3,0.007936507936507936,0,0.0,1,0.0026455026455026454,0,0.0,0,0.0,6,0.015873015873015872,2,0.005291005291005291,1,0.0026455026455026454,2,0.005291005291005291,4,0.010582010582010581,0,0.0,0,0.0,0,0.0,2,0.005291005291005291,0,0.0,3,0.007936507936507936,0,0.0,8,0.021164021164021163,378,1.0,ORIGEN,SECCION,COMPLETO
620,18,NAYARIT,TEPIC,,,621,1115,504,0.45201793721973094,0.5479820627802691,MORENA,199,0.3948412698412698,96,0.19047619047619047,MC,103,0.20436507936507936,64,0.12698412698412698,MLN,39,0.07738095238095238,MORENA,199,0.3948412698412698,96,0.19047619047619047,MC,103,0.20436507936507936,64,0.12698412698412698,MLN,39,0.07738095238095238,14,0.027777777777777776,11,0.021825396825396824,12,0.023809523809523808,26,0.051587301587301584,10,0.01984126984126984,103,0.20436507936507936,199,0.3948412698412698,10,0.01984126984126984,6,0.011904761904761904,39,0.07738095238095238,3,0.005952380952380952,22,0.04365079365079365,4,0.007936507936507936,4,0.007936507936507936,0,0.0,0,0.0,0,0.0,9,0.017857142857142856,2,0.003968253968253968,1,0.001984126984126984,0,0.0,7,0.013888888888888888,2,0.003968253968253968,3,0.005952380952380952,0,0.0,6,0.011904761904761904,0,0.0,3,0.005952380952380952,1,0.001984126984126984,7,0.013888888888888888,504,1.0,ORIGEN,SECCION,COMPLETO
621,18,NAYARIT,TEPIC,,,622,737,388,0.5264586160108549,0.47354138398914514,MORENA,166,0.42783505154639173,85,0.2190721649484536,MC,81,0.20876288659793815,43,0.11082474226804123,MLN,38,0.0979381443298969,MORENA,166,0.42783505154639173,85,0.2190721649484536,MC,81,0.20876288659793815,43,0.11082474226804123,MLN,38,0.0979381443298969,12,0.030927835051546393,11,0.028350515463917526,7,0.01804123711340206,11,0.028350515463917526,9,0.023195876288659795,81,0.20876288659793815,166,0.42783505154639173,3,0.007731958762886598,8,0.020618556701030927,38,0.0979381443298969,2,0.005154639175257732,5,0.01288659793814433,0,0.0,4,0.010309278350515464,0,0.0,0,0.0,0,0.0,7,0.01804123711340206,4,0.010309278350515464,3,0.007731958762886598,2,0.005154639175257732,0,0.0,0,0.0,0,0.0,0,0.0,5,0.01288659793814433,0,0.0,0,0.0,0,0.0,10,0.02577319587628866,388,1.0,ORIGEN,SECCION,COMPLETO
622,18,NAYARIT,TEPIC,,,623,1214,556,0.45799011532125206,0.542009884678748,MORENA,209,0.37589928057553956,108,0.19424460431654678,MC,101,0.18165467625899281,73,0.13129496402877697,PRI,28,0.050359712230215826,MORENA,209,0.37589928057553956,108,0.19424460431654678,MC,101,0.18165467625899281,73,0.13129496402877697,PRI,28,0.050359712230215826,18,0.03237410071942446,28,0.050359712230215826,20,0.03597122302158273,19,0.0341726618705036,20,0.03597122302158273,101,0.18165467625899281,209,0.37589928057553956,9,0.01618705035971223,14,0.025179856115107913,27,0.048561151079136694,7,0.012589928057553957,14,0.025179856115107913,2,0.0035971223021582736,11,0.019784172661870502,0,0.0,1,0.0017985611510791368,1,0.0017985611510791368,22,0.039568345323741004,2,0.0035971223021582736,0,0.0,1,0.0017985611510791368,3,0.00539568345323741,2,0.0035971223021582736,1,0.0017985611510791368,1,0.0017985611510791368,2,0.0035971223021582736,0,0.0,4,0.007194244604316547,0,0.0,17,0.030575539568345324,556,1.0,ORIGEN,SECCION,COMPLETO
623,18,NAYARIT,TEPIC,,,624,852,432,0.5070422535211268,0.49295774647887325,MORENA,166,0.38425925925925924,91,0.21064814814814814,MC,75,0.1736111111111111,37,0.08564814814814815,MLN,38,0.08796296296296297,MORENA,166,0.38425925925925924,91,0.21064814814814814,MC,75,0.1736111111111111,37,0.08564814814814815,MLN,38,0.08796296296296297,8,0.018518518518518517,26,0.06018518518518518,7,0.016203703703703703,16,0.037037037037037035,9,0.020833333333333332,75,0.1736111111111111,166,0.38425925925925924,3,0.006944444444444444,17,0.03935185185185185,38,0.08796296296296297,3,0.006944444444444444,18,0.041666666666666664,1,0.0023148148148148147,1,0.0023148148148148147,0,0.0,0,0.0,0,0.0,8,0.018518518518518517,4,0.009259259259259259,0,0.0,4,0.009259259259259259,4,0.009259259259259259,1,0.0023148148148148147,3,0.006944444444444444,1,0.0023148148148148147,3,0.006944444444444444,0,0.0,3,0.006944444444444444,0,0.0,13,0.03009259259259259,432,1.0,ORIGEN,SECCION,COMPLETO
624,18,NAYARIT,TEPIC,,,625,590,311,0.5271186440677966,0.4728813559322034,MORENA,121,0.3890675241157556,64,0.2057877813504823,MC,57,0.1832797427652733,43,0.1382636655948553,MLN,14,0.04501607717041801,MORENA,121,0.3890675241157556,64,0.2057877813504823,MC,57,0.1832797427652733,43,0.1382636655948553,MLN,14,0.04501607717041801,11,0.03536977491961415,11,0.03536977491961415,9,0.028938906752411574,13,0.04180064308681672,5,0.01607717041800643,57,0.1832797427652733,121,0.3890675241157556,6,0.01929260450160772,10,0.03215434083601286,14,0.04501607717041801,1,0.003215434083601286,8,0.02572347266881029,0,0.0,10,0.03215434083601286,1,0.003215434083601286,0,0.0,0,0.0,9,0.028938906752411574,4,0.012861736334405145,0,0.0,4,0.012861736334405145,4,0.012861736334405145,0,0.0,2,0.006430868167202572,0,0.0,1,0.003215434083601286,0,0.0,2,0.006430868167202572,0,0.0,8,0.02572347266881029,311,1.0,ORIGEN,SECCION,COMPLETO
625,18,NAYARIT,TEPIC,,,626,1418,696,0.4908321579689704,0.5091678420310296,MORENA,305,0.4382183908045977,173,0.24856321839080459,MC,132,0.1896551724137931,98,0.14080459770114942,RSP,34,0.04885057471264368,MORENA,305,0.4382183908045977,173,0.24856321839080459,MC,132,0.1896551724137931,98,0.14080459770114942,RSP,34,0.04885057471264368,32,0.04597701149425287,26,0.03735632183908046,7,0.010057471264367816,33,0.04741379310344827,13,0.01867816091954023,132,0.1896551724137931,305,0.4382183908045977,6,0.008620689655172414,21,0.03017241379310345,23,0.033045977011494254,7,0.010057471264367816,34,0.04885057471264368,2,0.0028735632183908046,4,0.005747126436781609,1,0.0014367816091954023,0,0.0,0,0.0,11,0.015804597701149427,4,0.005747126436781609,0,0.0,3,0.004310344827586207,4,0.005747126436781609,2,0.0028735632183908046,7,0.010057471264367816,0,0.0,2,0.0028735632183908046,0,0.0,5,0.007183908045977011,0,0.0,12,0.017241379310344827,696,1.0,ORIGEN,SECCION,COMPLETO
626,18,NAYARIT,TEPIC,,,627,1143,607,0.531058617672791,0.46894138232720906,MORENA,271,0.4464579901153213,148,0.24382207578253706,MC,123,0.2026359143327842,80,0.13179571663920922,MLN,43,0.07084019769357495,MORENA,271,0.4464579901153213,148,0.24382207578253706,MC,123,0.2026359143327842,80,0.13179571663920922,MLN,43,0.07084019769357495,15,0.02471169686985173,9,0.014827018121911038,5,0.008237232289950576,25,0.04118616144975288,12,0.019769357495881382,123,0.2026359143327842,271,0.4464579901153213,15,0.02471169686985173,11,0.018121911037891267,43,0.07084019769357495,5,0.008237232289950576,19,0.03130148270181219,1,0.0016474464579901153,5,0.008237232289950576,0,0.0,0,0.0,0,0.0,14,0.023064250411861616,4,0.006589785831960461,0,0.0,0,0.0,1,0.0016474464579901153,2,0.0032948929159802307,6,0.009884678747940691,0,0.0,2,0.0032948929159802307,2,0.0032948929159802307,5,0.008237232289950576,0,0.0,12,0.019769357495881382,607,1.0,ORIGEN,SECCION,COMPLETO
627,18,NAYARIT,TEPIC,,,628,944,470,0.4978813559322034,0.5021186440677966,MORENA,180,0.3829787234042553,74,0.1574468085106383,MC,106,0.225531914893617,75,0.1595744680851064,MLN,31,0.06595744680851064,MORENA,180,0.3829787234042553,74,0.1574468085106383,MC,106,0.225531914893617,75,0.1595744680851064,MLN,31,0.06595744680851064,17,0.036170212765957444,11,0.023404255319148935,9,0.019148936170212766,15,0.031914893617021274,9,0.019148936170212766,106,0.225531914893617,180,0.3829787234042553,15,0.031914893617021274,26,0.05531914893617021,31,0.06595744680851064,1,0.002127659574468085,14,0.029787234042553193,3,0.006382978723404255,2,0.00425531914893617,0,0.0,0,0.0,0,0.0,10,0.02127659574468085,2,0.00425531914893617,0,0.0,1,0.002127659574468085,0,0.0,0,0.0,2,0.00425531914893617,1,0.002127659574468085,1,0.002127659574468085,0,0.0,0,0.0,0,0.0,14,0.029787234042553193,470,1.0,ORIGEN,SECCION,COMPLETO
628,18,NAYARIT,TEPIC,,,629,1055,486,0.4606635071090047,0.5393364928909953,MORENA,241,0.49588477366255146,172,0.35390946502057613,MC,69,0.1419753086419753,37,0.07613168724279835,MLN,32,0.06584362139917696,MORENA,241,0.49588477366255146,172,0.35390946502057613,MC,69,0.1419753086419753,37,0.07613168724279835,MLN,32,0.06584362139917696,14,0.02880658436213992,18,0.037037037037037035,8,0.01646090534979424,16,0.03292181069958848,10,0.0205761316872428,69,0.1419753086419753,241,0.49588477366255146,11,0.02263374485596708,9,0.018518518518518517,32,0.06584362139917696,3,0.006172839506172839,10,0.0205761316872428,0,0.0,9,0.018518518518518517,2,0.00411522633744856,0,0.0,0,0.0,10,0.0205761316872428,6,0.012345679012345678,1,0.00205761316872428,0,0.0,0,0.0,0,0.0,1,0.00205761316872428,0,0.0,3,0.006172839506172839,0,0.0,1,0.00205761316872428,0,0.0,12,0.024691358024691357,486,1.0,ORIGEN,SECCION,COMPLETO
629,18,NAYARIT,TEPIC,,,630,1767,795,0.44991511035653653,0.5500848896434635,MORENA,258,0.32452830188679244,56,0.07044025157232704,MC,202,0.2540880503144654,135,0.16981132075471697,MLN,67,0.08427672955974842,MORENA,258,0.32452830188679244,56,0.07044025157232704,MC,202,0.2540880503144654,135,0.16981132075471697,MLN,67,0.08427672955974842,35,0.0440251572327044,39,0.04905660377358491,7,0.00880503144654088,30,0.03773584905660377,27,0.033962264150943396,202,0.2540880503144654,258,0.32452830188679244,17,0.021383647798742137,14,0.01761006289308176,67,0.08427672955974842,4,0.005031446540880503,23,0.028930817610062894,4,0.005031446540880503,6,0.007547169811320755,2,0.0025157232704402514,0,0.0,0,0.0,13,0.016352201257861635,3,0.0037735849056603774,3,0.0037735849056603774,5,0.006289308176100629,2,0.0025157232704402514,3,0.0037735849056603774,6,0.007547169811320755,1,0.0012578616352201257,2,0.0025157232704402514,1,0.0012578616352201257,5,0.006289308176100629,0,0.0,16,0.02012578616352201,795,1.0,ORIGEN,SECCION,COMPLETO
630,18,NAYARIT,TEPIC,,,631,1763,911,0.5167328417470222,0.48326715825297784,MORENA,389,0.4270032930845225,196,0.21514818880351264,MC,193,0.21185510428100987,132,0.14489571899012074,MLN,61,0.06695938529088913,MORENA,389,0.4270032930845225,196,0.21514818880351264,MC,193,0.21185510428100987,132,0.14489571899012074,MLN,61,0.06695938529088913,33,0.036223929747530186,38,0.04171240395170143,16,0.01756311745334797,30,0.03293084522502744,21,0.02305159165751921,193,0.21185510428100987,389,0.4270032930845225,17,0.018660812294182216,13,0.014270032930845226,61,0.06695938529088913,11,0.012074643249176729,20,0.021953896816684963,7,0.007683863885839737,6,0.006586169045005488,1,0.0010976948408342481,2,0.0021953896816684962,0,0.0,11,0.012074643249176729,10,0.010976948408342482,2,0.0021953896816684962,2,0.0021953896816684962,1,0.0010976948408342481,2,0.0021953896816684962,2,0.0021953896816684962,2,0.0021953896816684962,3,0.003293084522502744,0,0.0,1,0.0010976948408342481,0,0.0,17,0.018660812294182216,911,1.0,ORIGEN,SECCION,COMPLETO
631,18,NAYARIT,TEPIC,,,632,1485,715,0.48148148148148145,0.5185185185185186,MORENA,190,0.26573426573426573,36,0.05034965034965035,MC,154,0.2153846153846154,10,0.013986013986013986,NAN,144,0.2013986013986014,MORENA,190,0.26573426573426573,36,0.05034965034965035,MC,154,0.2153846153846154,10,0.013986013986013986,NAN,144,0.2013986013986014,23,0.032167832167832165,22,0.03076923076923077,4,0.005594405594405594,24,0.033566433566433566,12,0.016783216783216783,154,0.2153846153846154,190,0.26573426573426573,144,0.2013986013986014,10,0.013986013986013986,26,0.03636363636363636,26,0.03636363636363636,15,0.02097902097902098,11,0.015384615384615385,4,0.005594405594405594,2,0.002797202797202797,0,0.0,0,0.0,13,0.01818181818181818,3,0.004195804195804196,0,0.0,3,0.004195804195804196,3,0.004195804195804196,1,0.0013986013986013986,2,0.002797202797202797,0,0.0,2,0.002797202797202797,0,0.0,4,0.005594405594405594,0,0.0,17,0.023776223776223775,715,1.0,ORIGEN,SECCION,COMPLETO
632,18,NAYARIT,TEPIC,,,635,1939,1068,0.5507993811242908,0.44920061887570917,MORENA,412,0.3857677902621723,153,0.14325842696629212,MC,259,0.24250936329588016,203,0.1900749063670412,PAN,56,0.052434456928838954,MORENA,412,0.3857677902621723,153,0.14325842696629212,MC,259,0.24250936329588016,203,0.1900749063670412,PAN,56,0.052434456928838954,56,0.052434456928838954,44,0.04119850187265917,9,0.008426966292134831,44,0.04119850187265917,27,0.025280898876404494,259,0.24250936329588016,412,0.3857677902621723,26,0.024344569288389514,11,0.010299625468164793,34,0.031835205992509365,18,0.016853932584269662,49,0.04588014981273408,7,0.006554307116104869,9,0.008426966292134831,0,0.0,0,0.0,0,0.0,16,0.0149812734082397,8,0.00749063670411985,0,0.0,2,0.0018726591760299626,5,0.0046816479400749065,1,0.0009363295880149813,1,0.0009363295880149813,0,0.0,3,0.0028089887640449437,1,0.0009363295880149813,2,0.0018726591760299626,6,0.0056179775280898875,18,0.016853932584269662,1068,1.0,ORIGEN,SECCION,COMPLETO
633,18,NAYARIT,TEPIC,,,636,623,312,0.5008025682182986,0.4991974317817014,MORENA,107,0.34294871794871795,43,0.13782051282051283,MC,64,0.20512820512820512,45,0.14423076923076922,RSP,19,0.060897435897435896,MORENA,107,0.34294871794871795,43,0.13782051282051283,MC,64,0.20512820512820512,45,0.14423076923076922,RSP,19,0.060897435897435896,11,0.035256410256410256,12,0.038461538461538464,6,0.019230769230769232,12,0.038461538461538464,7,0.022435897435897436,64,0.20512820512820512,107,0.34294871794871795,13,0.041666666666666664,4,0.01282051282051282,17,0.05448717948717949,5,0.016025641025641024,19,0.060897435897435896,0,0.0,2,0.00641025641025641,0,0.0,0,0.0,0,0.0,12,0.038461538461538464,2,0.00641025641025641,1,0.003205128205128205,2,0.00641025641025641,2,0.00641025641025641,0,0.0,4,0.01282051282051282,0,0.0,5,0.016025641025641024,0,0.0,1,0.003205128205128205,0,0.0,4,0.01282051282051282,312,1.0,ORIGEN,SECCION,COMPLETO
634,18,NAYARIT,TEPIC,,,637,754,426,0.5649867374005305,0.4350132625994695,MORENA,180,0.4225352112676056,115,0.2699530516431925,MC,65,0.15258215962441316,38,0.0892018779342723,PAN_PRI_PRD,27,0.06338028169014084,MORENA,180,0.4225352112676056,115,0.2699530516431925,MC,65,0.15258215962441316,38,0.0892018779342723,PAN_PRI_PRD,27,0.06338028169014084,19,0.04460093896713615,13,0.03051643192488263,5,0.011737089201877934,14,0.03286384976525822,8,0.018779342723004695,65,0.15258215962441316,180,0.4225352112676056,10,0.023474178403755867,2,0.004694835680751174,26,0.06103286384976526,4,0.009389671361502348,13,0.03051643192488263,4,0.009389671361502348,27,0.06338028169014084,1,0.002347417840375587,0,0.0,0,0.0,5,0.011737089201877934,4,0.009389671361502348,4,0.009389671361502348,0,0.0,2,0.004694835680751174,0,0.0,0,0.0,2,0.004694835680751174,1,0.002347417840375587,0,0.0,7,0.01643192488262911,0,0.0,10,0.023474178403755867,426,1.0,ORIGEN,SECCION,COMPLETO
635,18,NAYARIT,TEPIC,,,638,561,279,0.49732620320855614,0.5026737967914439,MORENA,111,0.3978494623655914,62,0.2222222222222222,MC,49,0.17562724014336917,17,0.06093189964157706,MLN,32,0.11469534050179211,MORENA,111,0.3978494623655914,62,0.2222222222222222,MC,49,0.17562724014336917,17,0.06093189964157706,MLN,32,0.11469534050179211,9,0.03225806451612903,5,0.017921146953405017,3,0.010752688172043012,13,0.04659498207885305,10,0.035842293906810034,49,0.17562724014336917,111,0.3978494623655914,6,0.021505376344086023,6,0.021505376344086023,32,0.11469534050179211,3,0.010752688172043012,16,0.05734767025089606,1,0.0035842293906810036,3,0.010752688172043012,0,0.0,0,0.0,0,0.0,2,0.007168458781362007,4,0.014336917562724014,2,0.007168458781362007,1,0.0035842293906810036,0,0.0,0,0.0,0,0.0,0,0.0,1,0.0035842293906810036,0,0.0,0,0.0,0,0.0,2,0.007168458781362007,279,1.0,ORIGEN,SECCION,COMPLETO
636,18,NAYARIT,TEPIC,,,639,823,437,0.5309842041312273,0.46901579586877273,MORENA,175,0.40045766590389015,83,0.18993135011441648,MC,92,0.21052631578947367,55,0.12585812356979406,MLN,37,0.08466819221967964,MORENA,175,0.40045766590389015,83,0.18993135011441648,MC,92,0.21052631578947367,55,0.12585812356979406,MLN,37,0.08466819221967964,13,0.029748283752860413,7,0.016018306636155607,2,0.004576659038901602,13,0.029748283752860413,7,0.016018306636155607,92,0.21052631578947367,175,0.40045766590389015,12,0.02745995423340961,5,0.011441647597254004,37,0.08466819221967964,2,0.004576659038901602,19,0.043478260869565216,2,0.004576659038901602,4,0.009153318077803204,0,0.0,0,0.0,0,0.0,17,0.038901601830663615,1,0.002288329519450801,0,0.0,3,0.006864988558352402,4,0.009153318077803204,0,0.0,5,0.011441647597254004,1,0.002288329519450801,5,0.011441647597254004,0,0.0,3,0.006864988558352402,1,0.002288329519450801,7,0.016018306636155607,437,1.0,ORIGEN,SECCION,COMPLETO
637,18,NAYARIT,TEPIC,,,640,999,531,0.5315315315315315,0.46846846846846846,MORENA,217,0.4086629001883239,121,0.2278719397363465,MC,96,0.1807909604519774,69,0.12994350282485875,MLN,27,0.05084745762711865,MORENA,217,0.4086629001883239,121,0.2278719397363465,MC,96,0.1807909604519774,69,0.12994350282485875,MLN,27,0.05084745762711865,26,0.04896421845574388,22,0.04143126177024482,5,0.009416195856873822,22,0.04143126177024482,14,0.026365348399246705,96,0.1807909604519774,217,0.4086629001883239,14,0.026365348399246705,22,0.04143126177024482,27,0.05084745762711865,2,0.003766478342749529,14,0.026365348399246705,4,0.007532956685499058,4,0.007532956685499058,1,0.0018832391713747645,0,0.0,0,0.0,11,0.02071563088512241,7,0.013182674199623353,0,0.0,3,0.005649717514124294,8,0.015065913370998116,0,0.0,3,0.005649717514124294,0,0.0,0,0.0,0,0.0,0,0.0,0,0.0,9,0.01694915254237288,531,1.0,ORIGEN,SECCION,COMPLETO
638,18,NAYARIT,TEPIC,,,641,508,244,0.48031496062992124,0.5196850393700787,MORENA,90,0.36885245901639346,59,0.24180327868852458,MC,31,0.12704918032786885,1,0.004098360655737705,MLN,30,0.12295081967213115,MORENA,90,0.36885245901639346,59,0.24180327868852458,MC,31,0.12704918032786885,1,0.004098360655737705,MLN,30,0.12295081967213115,4,0.01639344262295082,13,0.05327868852459016,1,0.004098360655737705,16,0.06557377049180328,8,0.03278688524590164,31,0.12704918032786885,90,0.36885245901639346,3,0.012295081967213115,3,0.012295081967213115,30,0.12295081967213115,5,0.020491803278688523,11,0.045081967213114756,1,0.004098360655737705,5,0.020491803278688523,0,0.0,0,0.0,0,0.0,3,0.012295081967213115,3,0.012295081967213115,0,0.0,0,0.0,4,0.01639344262295082,0,0.0,1,0.004098360655737705,0,0.0,5,0.020491803278688523,0,0.0,4,0.01639344262295082,0,0.0,3,0.012295081967213115,244,1.0,ORIGEN,SECCION,COMPLETO
639,18,NAYARIT,TEPIC,,,642,827,430,0.5199516324062878,0.48004836759371217,MORENA,160,0.37209302325581395,72,0.16744186046511628,MC,88,0.20465116279069767,48,0.11162790697674418,MLN,40,0.09302325581395349,MORENA,160,0.37209302325581395,72,0.16744186046511628,MC,88,0.20465116279069767,48,0.11162790697674418,MLN,40,0.09302325581395349,18,0.04186046511627907,13,0.030232558139534883,5,0.011627906976744186,15,0.03488372093023256,9,0.020930232558139535,88,0.20465116279069767,160,0.37209302325581395,10,0.023255813953488372,11,0.02558139534883721,40,0.09302325581395349,2,0.004651162790697674,17,0.03953488372093023,1,0.002325581395348837,2,0.004651162790697674,0,0.0,2,0.004651162790697674,0,0.0,18,0.04186046511627907,3,0.0069767441860465115,0,0.0,0,0.0,0,0.0,2,0.004651162790697674,3,0.0069767441860465115,0,0.0,2,0.004651162790697674,0,0.0,2,0.004651162790697674,0,0.0,7,0.01627906976744186,430,1.0,ORIGEN,SECCION,COMPLETO
640,18,NAYARIT,TEPIC,,,643,907,482,0.5314222712238148,0.4685777287761852,MORENA,187,0.3879668049792531,79,0.16390041493775934,MC,108,0.22406639004149378,82,0.17012448132780084,PAN,26,0.05394190871369295,MORENA,187,0.3879668049792531,79,0.16390041493775934,MC,108,0.22406639004149378,82,0.17012448132780084,PAN,26,0.05394190871369295,26,0.05394190871369295,25,0.05186721991701245,11,0.022821576763485476,25,0.05186721991701245,12,0.024896265560165973,108,0.22406639004149378,187,0.3879668049792531,11,0.022821576763485476,6,0.012448132780082987,22,0.04564315352697095,4,0.008298755186721992,15,0.03112033195020747,0,0.0,5,0.01037344398340249,0,0.0,0,0.0,1,0.002074688796680498,17,0.035269709543568464,0,0.0,0,0.0,0,0.0,0,0.0,0,0.0,1,0.002074688796680498,0,0.0,0,0.0,0,0.0,1,0.002074688796680498,0,0.0,5,0.01037344398340249,482,1.0,ORIGEN,SECCION,COMPLETO
641,18,NAYARIT,TEPIC,,,644,746,383,0.5134048257372654,0.4865951742627346,MORENA,148,0.38642297650130547,74,0.19321148825065274,MC,74,0.19321148825065274,44,0.11488250652741515,MLN,30,0.0783289817232376,MORENA,148,0.38642297650130547,74,0.19321148825065274,MC,74,0.19321148825065274,44,0.11488250652741515,MLN,30,0.0783289817232376,9,0.02349869451697128,15,0.0391644908616188,1,0.0026109660574412533,13,0.033942558746736295,14,0.03655352480417755,74,0.19321148825065274,148,0.38642297650130547,18,0.04699738903394256,2,0.005221932114882507,30,0.0783289817232376,5,0.013054830287206266,15,0.0391644908616188,2,0.005221932114882507,1,0.0026109660574412533,2,0.005221932114882507,0,0.0,0,0.0,10,0.02610966057441253,3,0.007832898172323759,1,0.0026109660574412533,2,0.005221932114882507,3,0.007832898172323759,0,0.0,2,0.005221932114882507,0,0.0,4,0.010443864229765013,0,0.0,1,0.0026109660574412533,1,0.0026109660574412533,7,0.018276762402088774,383,1.0,ORIGEN,SECCION,COMPLETO
642,18,NAYARIT,TEPIC,,,645,854,548,0.6416861826697893,0.3583138173302107,MORENA,214,0.3905109489051095,107,0.19525547445255476,MC,107,0.19525547445255476,74,0.13503649635036497,MLN,33,0.060218978102189784,MORENA,214,0.3905109489051095,107,0.19525547445255476,MC,107,0.19525547445255476,74,0.13503649635036497,MLN,33,0.060218978102189784,17,0.03102189781021898,22,0.040145985401459854,7,0.012773722627737226,19,0.03467153284671533,16,0.029197080291970802,107,0.19525547445255476,214,0.3905109489051095,11,0.020072992700729927,8,0.014598540145985401,33,0.060218978102189784,4,0.0072992700729927005,24,0.043795620437956206,1,0.0018248175182481751,5,0.009124087591240875,1,0.0018248175182481751,0,0.0,0,0.0,19,0.03467153284671533,6,0.010948905109489052,1,0.0018248175182481751,3,0.005474452554744526,4,0.0072992700729927005,0,0.0,5,0.009124087591240875,0,0.0,4,0.0072992700729927005,1,0.0018248175182481751,4,0.0072992700729927005,0,0.0,12,0.021897810218978103,548,1.0,ORIGEN,SECCION,COMPLETO
643,18,NAYARIT,TEPIC,,,646,1018,615,0.6041257367387033,0.3958742632612967,MORENA,239,0.3886178861788618,119,0.19349593495934958,MC,120,0.1951219512195122,89,0.14471544715447154,PAN,31,0.05040650406504065,MORENA,239,0.3886178861788618,119,0.19349593495934958,MC,120,0.1951219512195122,89,0.14471544715447154,PAN,31,0.05040650406504065,31,0.05040650406504065,28,0.04552845528455285,13,0.02113821138211382,26,0.04227642276422764,12,0.01951219512195122,120,0.1951219512195122,239,0.3886178861788618,18,0.02926829268292683,11,0.01788617886178862,29,0.04715447154471545,10,0.016260162601626018,28,0.04552845528455285,3,0.004878048780487805,9,0.014634146341463415,0,0.0,1,0.0016260162601626016,0,0.0,8,0.013008130081300813,5,0.008130081300813009,0,0.0,0,0.0,3,0.004878048780487805,3,0.004878048780487805,0,0.0,0,0.0,2,0.0032520325203252032,0,0.0,3,0.004878048780487805,2,0.0032520325203252032,11,0.01788617886178862,615,1.0,ORIGEN,SECCION,COMPLETO
644,18,NAYARIT,TEPIC,,,647,444,276,0.6216216216216216,0.3783783783783784,MORENA,99,0.358695652173913,44,0.15942028985507245,MC,55,0.19927536231884058,38,0.13768115942028986,PT,17,0.06159420289855073,MORENA,99,0.358695652173913,44,0.15942028985507245,MC,55,0.19927536231884058,38,0.13768115942028986,PT,17,0.06159420289855073,12,0.043478260869565216,8,0.028985507246376812,4,0.014492753623188406,17,0.06159420289855073,11,0.03985507246376811,55,0.19927536231884058,99,0.358695652173913,12,0.043478260869565216,5,0.018115942028985508,10,0.036231884057971016,6,0.021739130434782608,7,0.025362318840579712,0,0.0,1,0.0036231884057971015,0,0.0,0,0.0,0,0.0,16,0.057971014492753624,0,0.0,0,0.0,1,0.0036231884057971015,1,0.0036231884057971015,1,0.0036231884057971015,2,0.007246376811594203,2,0.007246376811594203,1,0.0036231884057971015,0,0.0,2,0.007246376811594203,0,0.0,3,0.010869565217391304,276,1.0,ORIGEN,SECCION,COMPLETO
645,18,NAYARIT,TEPIC,,,648,699,335,0.4792560801144492,0.5207439198855508,MORENA,138,0.41194029850746267,79,0.23582089552238805,MC,59,0.1761194029850746,36,0.10746268656716418,PRI,23,0.06865671641791045,MORENA,138,0.41194029850746267,79,0.23582089552238805,MC,59,0.1761194029850746,36,0.10746268656716418,PRI,23,0.06865671641791045,17,0.050746268656716415,23,0.06865671641791045,7,0.020895522388059702,14,0.041791044776119404,9,0.026865671641791045,59,0.1761194029850746,138,0.41194029850746267,14,0.041791044776119404,4,0.011940298507462687,18,0.05373134328358209,1,0.0029850746268656717,4,0.011940298507462687,3,0.008955223880597015,2,0.005970149253731343,0,0.0,0,0.0,0,0.0,8,0.023880597014925373,4,0.011940298507462687,1,0.0029850746268656717,0,0.0,0,0.0,0,0.0,3,0.008955223880597015,0,0.0,2,0.005970149253731343,0,0.0,1,0.0029850746268656717,0,0.0,3,0.008955223880597015,335,1.0,ORIGEN,SECCION,COMPLETO
646,18,NAYARIT,TEPIC,,,649,550,329,0.5981818181818181,0.40181818181818185,MORENA,130,0.3951367781155015,76,0.23100303951367782,MC,54,0.1641337386018237,23,0.06990881458966565,MLN,31,0.09422492401215805,MORENA,130,0.3951367781155015,76,0.23100303951367782,MC,54,0.1641337386018237,23,0.06990881458966565,MLN,31,0.09422492401215805,18,0.0547112462006079,16,0.0486322188449848,3,0.00911854103343465,12,0.0364741641337386,14,0.0425531914893617,54,0.1641337386018237,130,0.3951367781155015,4,0.0121580547112462,8,0.0243161094224924,31,0.09422492401215805,3,0.00911854103343465,4,0.0121580547112462,0,0.0,3,0.00911854103343465,1,0.00303951367781155,0,0.0,0,0.0,22,0.0668693009118541,0,0.0,0,0.0,0,0.0,0,0.0,0,0.0,0,0.0,0,0.0,0,0.0,0,0.0,0,0.0,0,0.0,6,0.0182370820668693,329,1.0,ORIGEN,SECCION,COMPLETO
647,18,NAYARIT,TEPIC,,,650,587,321,0.5468483816013628,0.45315161839863716,MORENA,132,0.411214953271028,82,0.2554517133956386,MC,50,0.1557632398753894,28,0.08722741433021806,PRI,22,0.06853582554517133,MORENA,132,0.411214953271028,82,0.2554517133956386,MC,50,0.1557632398753894,28,0.08722741433021806,PRI,22,0.06853582554517133,10,0.03115264797507788,22,0.06853582554517133,4,0.012461059190031152,10,0.03115264797507788,15,0.04672897196261682,50,0.1557632398753894,132,0.411214953271028,6,0.018691588785046728,1,0.003115264797507788,21,0.06542056074766354,7,0.021806853582554516,14,0.04361370716510903,1,0.003115264797507788,1,0.003115264797507788,0,0.0,0,0.0,0,0.0,6,0.018691588785046728,4,0.012461059190031152,0,0.0,1,0.003115264797507788,3,0.009345794392523364,0,0.0,2,0.006230529595015576,0,0.0,0,0.0,0,0.0,2,0.006230529595015576,1,0.003115264797507788,8,0.024922118380062305,321,1.0,ORIGEN,SECCION,COMPLETO
648,18,NAYARIT,TEPIC,,,651,1233,633,0.51338199513382,0.48661800486618,MORENA,266,0.42022116903633494,130,0.20537124802527645,MC,136,0.21484992101105846,103,0.1627172195892575,PRI,33,0.052132701421800945,MORENA,266,0.42022116903633494,130,0.20537124802527645,MC,136,0.21484992101105846,103,0.1627172195892575,PRI,33,0.052132701421800945,25,0.03949447077409163,33,0.052132701421800945,6,0.009478672985781991,31,0.04897314375987362,17,0.026856240126382307,136,0.21484992101105846,266,0.42022116903633494,12,0.018957345971563982,14,0.022116903633491312,11,0.017377567140600316,3,0.004739336492890996,21,0.03317535545023697,3,0.004739336492890996,6,0.009478672985781991,0,0.0,1,0.001579778830963665,1,0.001579778830963665,17,0.026856240126382307,4,0.00631911532385466,1,0.001579778830963665,2,0.00315955766192733,3,0.004739336492890996,4,0.00631911532385466,3,0.004739336492890996,0,0.0,4,0.00631911532385466,0,0.0,1,0.001579778830963665,0,0.0,8,0.01263823064770932,633,1.0,ORIGEN,SECCION,COMPLETO
649,18,NAYARIT,TEPIC,,,652,687,368,0.5356622998544396,0.4643377001455604,MORENA,179,0.48641304347826086,100,0.2717391304347826,MC,79,0.21467391304347827,64,0.17391304347826086,MLN,15,0.04076086956521739,MORENA,179,0.48641304347826086,100,0.2717391304347826,MC,79,0.21467391304347827,64,0.17391304347826086,MLN,15,0.04076086956521739,14,0.03804347826086957,11,0.029891304347826088,2,0.005434782608695652,11,0.029891304347826088,12,0.03260869565217391,79,0.21467391304347827,179,0.48641304347826086,9,0.024456521739130436,7,0.019021739130434784,15,0.04076086956521739,1,0.002717391304347826,1,0.002717391304347826,0,0.0,2,0.005434782608695652,0,0.0,0,0.0,0,0.0,8,0.021739130434782608,3,0.008152173913043478,0,0.0,1,0.002717391304347826,1,0.002717391304347826,0,0.0,1,0.002717391304347826,1,0.002717391304347826,2,0.005434782608695652,1,0.002717391304347826,2,0.005434782608695652,1,0.002717391304347826,4,0.010869565217391304,368,1.0,ORIGEN,SECCION,COMPLETO
650,18,NAYARIT,TEPIC,,,653,492,283,0.5752032520325203,0.4247967479674797,MORENA,93,0.3286219081272085,55,0.19434628975265017,MC,38,0.13427561837455831,6,0.02120141342756184,RSP,32,0.11307420494699646,MORENA,93,0.3286219081272085,55,0.19434628975265017,MC,38,0.13427561837455831,6,0.02120141342756184,RSP,32,0.11307420494699646,15,0.053003533568904596,11,0.038869257950530034,0,0.0,11,0.038869257950530034,10,0.0353356890459364,38,0.13427561837455831,93,0.3286219081272085,11,0.038869257950530034,10,0.0353356890459364,19,0.06713780918727916,2,0.007067137809187279,32,0.11307420494699646,1,0.0035335689045936395,6,0.02120141342756184,0,0.0,0,0.0,0,0.0,5,0.0176678445229682,3,0.01060070671378092,0,0.0,2,0.007067137809187279,1,0.0035335689045936395,1,0.0035335689045936395,2,0.007067137809187279,0,0.0,3,0.01060070671378092,1,0.0035335689045936395,0,0.0,0,0.0,6,0.02120141342756184,283,1.0,ORIGEN,SECCION,COMPLETO
651,18,NAYARIT,TEPIC,,,654,586,344,0.5870307167235495,0.41296928327645055,MORENA,121,0.35174418604651164,43,0.125,MC,78,0.22674418604651161,53,0.15406976744186046,MLN,25,0.07267441860465117,MORENA,121,0.35174418604651164,43,0.125,MC,78,0.22674418604651161,53,0.15406976744186046,MLN,25,0.07267441860465117,15,0.0436046511627907,16,0.046511627906976744,4,0.011627906976744186,7,0.020348837209302327,9,0.02616279069767442,78,0.22674418604651161,121,0.35174418604651164,15,0.0436046511627907,4,0.011627906976744186,25,0.07267441860465117,3,0.00872093023255814,12,0.03488372093023256,3,0.00872093023255814,3,0.00872093023255814,0,0.0,1,0.0029069767441860465,0,0.0,12,0.03488372093023256,3,0.00872093023255814,5,0.014534883720930232,2,0.005813953488372093,0,0.0,0,0.0,0,0.0,0,0.0,0,0.0,0,0.0,0,0.0,0,0.0,6,0.01744186046511628,344,1.0,ORIGEN,SECCION,COMPLETO
652,18,NAYARIT,TEPIC,,,655,634,323,0.5094637223974764,0.4905362776025236,MORENA,158,0.4891640866873065,91,0.28173374613003094,MC,67,0.20743034055727555,55,0.17027863777089783,MLN,12,0.03715170278637771,MORENA,158,0.4891640866873065,91,0.28173374613003094,MC,67,0.20743034055727555,55,0.17027863777089783,MLN,12,0.03715170278637771,6,0.018575851393188854,7,0.021671826625386997,5,0.015479876160990712,6,0.018575851393188854,8,0.02476780185758514,67,0.20743034055727555,158,0.4891640866873065,11,0.034055727554179564,10,0.030959752321981424,12,0.03715170278637771,2,0.006191950464396285,8,0.02476780185758514,0,0.0,2,0.006191950464396285,0,0.0,0,0.0,0,0.0,5,0.015479876160990712,5,0.015479876160990712,0,0.0,0,0.0,2,0.006191950464396285,0,0.0,2,0.006191950464396285,0,0.0,2,0.006191950464396285,0,0.0,0,0.0,0,0.0,5,0.015479876160990712,323,1.0,ORIGEN,SECCION,COMPLETO
653,18,NAYARIT,TEPIC,,,656,803,428,0.5330012453300125,0.4669987546699875,MORENA,189,0.441588785046729,118,0.2757009345794392,MC,71,0.1658878504672897,45,0.10514018691588785,MLN,26,0.06074766355140187,MORENA,189,0.441588785046729,118,0.2757009345794392,MC,71,0.1658878504672897,45,0.10514018691588785,MLN,26,0.06074766355140187,10,0.02336448598130841,15,0.035046728971962614,8,0.018691588785046728,20,0.04672897196261682,12,0.028037383177570093,71,0.1658878504672897,189,0.441588785046729,14,0.03271028037383177,6,0.014018691588785047,26,0.06074766355140187,7,0.016355140186915886,13,0.030373831775700934,1,0.002336448598130841,2,0.004672897196261682,0,0.0,0,0.0,0,0.0,8,0.018691588785046728,3,0.007009345794392523,1,0.002336448598130841,0,0.0,2,0.004672897196261682,1,0.002336448598130841,5,0.011682242990654205,1,0.002336448598130841,2,0.004672897196261682,0,0.0,0,0.0,0,0.0,11,0.02570093457943925,428,1.0,ORIGEN,SECCION,COMPLETO
654,18,NAYARIT,TEPIC,,,657,634,344,0.5425867507886435,0.4574132492113565,MORENA,137,0.39825581395348836,60,0.1744186046511628,MC,77,0.2238372093023256,59,0.17151162790697674,PRI,18,0.05232558139534884,MORENA,137,0.39825581395348836,60,0.1744186046511628,MC,77,0.2238372093023256,59,0.17151162790697674,PRI,18,0.05232558139534884,9,0.02616279069767442,18,0.05232558139534884,9,0.02616279069767442,11,0.03197674418604651,5,0.014534883720930232,77,0.2238372093023256,137,0.39825581395348836,7,0.020348837209302327,4,0.011627906976744186,17,0.04941860465116279,7,0.020348837209302327,8,0.023255813953488372,6,0.01744186046511628,5,0.014534883720930232,0,0.0,1,0.0029069767441860465,0,0.0,7,0.020348837209302327,2,0.005813953488372093,0,0.0,1,0.0029069767441860465,2,0.005813953488372093,0,0.0,2,0.005813953488372093,0,0.0,3,0.00872093023255814,0,0.0,2,0.005813953488372093,0,0.0,4,0.011627906976744186,344,1.0,ORIGEN,SECCION,COMPLETO
655,18,NAYARIT,TEPIC,,,658,852,496,0.5821596244131455,0.4178403755868545,MORENA,211,0.4254032258064516,120,0.24193548387096775,MC,91,0.18346774193548387,57,0.11491935483870967,PRI,34,0.06854838709677419,MORENA,211,0.4254032258064516,120,0.24193548387096775,MC,91,0.18346774193548387,57,0.11491935483870967,PRI,34,0.06854838709677419,23,0.046370967741935484,34,0.06854838709677419,2,0.004032258064516129,26,0.05241935483870968,8,0.016129032258064516,91,0.18346774193548387,211,0.4254032258064516,7,0.014112903225806451,6,0.012096774193548387,27,0.05443548387096774,5,0.010080645161290322,18,0.036290322580645164,4,0.008064516129032258,2,0.004032258064516129,0,0.0,0,0.0,0,0.0,7,0.014112903225806451,1,0.0020161290322580645,4,0.008064516129032258,1,0.0020161290322580645,0,0.0,0,0.0,2,0.004032258064516129,1,0.0020161290322580645,1,0.0020161290322580645,0,0.0,4,0.008064516129032258,0,0.0,11,0.02217741935483871,496,1.0,ORIGEN,SECCION,COMPLETO
656,18,NAYARIT,TEPIC,,,659,518,280,0.5405405405405406,0.45945945945945943,MORENA,113,0.4035714285714286,44,0.15714285714285714,MC,69,0.24642857142857144,54,0.19285714285714287,PAN,15,0.05357142857142857,MORENA,113,0.4035714285714286,44,0.15714285714285714,MC,69,0.24642857142857144,54,0.19285714285714287,PAN,15,0.05357142857142857,15,0.05357142857142857,8,0.02857142857142857,2,0.007142857142857143,7,0.025,7,0.025,69,0.24642857142857144,113,0.4035714285714286,3,0.010714285714285714,5,0.017857142857142856,9,0.03214285714285714,10,0.03571428571428571,8,0.02857142857142857,2,0.007142857142857143,1,0.0035714285714285713,0,0.0,0,0.0,0,0.0,7,0.025,0,0.0,0,0.0,0,0.0,0,0.0,0,0.0,0,0.0,0,0.0,0,0.0,0,0.0,0,0.0,0,0.0,14,0.05,280,1.0,ORIGEN,SECCION,COMPLETO
657,18,NAYARIT,TEPIC,,,660,720,412,0.5722222222222222,0.4277777777777778,MORENA,198,0.48058252427184467,113,0.27427184466019416,MC,85,0.20631067961165048,65,0.15776699029126215,RSP,20,0.04854368932038835,MORENA,198,0.48058252427184467,113,0.27427184466019416,MC,85,0.20631067961165048,65,0.15776699029126215,RSP,20,0.04854368932038835,16,0.038834951456310676,14,0.03398058252427184,5,0.012135922330097087,6,0.014563106796116505,6,0.014563106796116505,85,0.20631067961165048,198,0.48058252427184467,7,0.01699029126213592,4,0.009708737864077669,19,0.04611650485436893,3,0.007281553398058253,20,0.04854368932038835,2,0.0048543689320388345,1,0.0024271844660194173,1,0.0024271844660194173,0,0.0,0,0.0,11,0.02669902912621359,1,0.0024271844660194173,1,0.0024271844660194173,0,0.0,2,0.0048543689320388345,0,0.0,0,0.0,0,0.0,2,0.0048543689320388345,0,0.0,3,0.007281553398058253,0,0.0,5,0.012135922330097087,412,1.0,ORIGEN,SECCION,COMPLETO
658,18,NAYARIT,TEPIC,,,661,1594,1077,0.6756587202007528,0.3243412797992472,MORENA,356,0.3305478180129991,115,0.10677808727948004,MC,241,0.22376973073351902,139,0.12906220984215414,PAN,102,0.0947075208913649,MORENA,356,0.3305478180129991,115,0.10677808727948004,MC,241,0.22376973073351902,139,0.12906220984215414,PAN,102,0.0947075208913649,102,0.0947075208913649,69,0.06406685236768803,8,0.007428040854224698,33,0.03064066852367688,29,0.02692664809656453,241,0.22376973073351902,356,0.3305478180129991,36,0.033426183844011144,13,0.012070566388115135,46,0.04271123491179202,18,0.016713091922005572,71,0.06592386258124419,5,0.004642525533890436,11,0.01021355617455896,2,0.0018570102135561746,0,0.0,0,0.0,13,0.012070566388115135,3,0.002785515320334262,0,0.0,4,0.003714020427112349,2,0.0018570102135561746,0,0.0,1,0.0009285051067780873,1,0.0009285051067780873,0,0.0,0,0.0,1,0.0009285051067780873,1,0.0009285051067780873,11,0.01021355617455896,1077,1.0,ORIGEN,SECCION,COMPLETO
659,18,NAYARIT,TEPIC,,,662,952,627,0.6586134453781513,0.34138655462184875,MORENA,252,0.4019138755980861,129,0.20574162679425836,MC,123,0.19617224880382775,91,0.14513556618819776,PAN,32,0.051036682615629984,MORENA,252,0.4019138755980861,129,0.20574162679425836,MC,123,0.19617224880382775,91,0.14513556618819776,PAN,32,0.051036682615629984,32,0.051036682615629984,21,0.03349282296650718,4,0.006379585326953748,27,0.0430622009569378,20,0.03189792663476874,123,0.19617224880382775,252,0.4019138755980861,26,0.04146730462519936,13,0.02073365231259968,27,0.0430622009569378,10,0.01594896331738437,25,0.03987240829346093,4,0.006379585326953748,5,0.007974481658692184,0,0.0,1,0.001594896331738437,0,0.0,14,0.022328548644338118,4,0.006379585326953748,0,0.0,1,0.001594896331738437,3,0.004784688995215311,0,0.0,4,0.006379585326953748,1,0.001594896331738437,1,0.001594896331738437,0,0.0,5,0.007974481658692184,0,0.0,4,0.006379585326953748,627,1.0,ORIGEN,SECCION,COMPLETO
660,18,NAYARIT,TEPIC,,,663,1930,1235,0.6398963730569949,0.36010362694300513,MORENA,385,0.3117408906882591,87,0.07044534412955465,MC,298,0.24129554655870444,191,0.15465587044534412,PAN,107,0.08663967611336032,MORENA,385,0.3117408906882591,87,0.07044534412955465,MC,298,0.24129554655870444,191,0.15465587044534412,PAN,107,0.08663967611336032,107,0.08663967611336032,67,0.05425101214574899,13,0.010526315789473684,56,0.045344129554655874,40,0.032388663967611336,298,0.24129554655870444,385,0.3117408906882591,43,0.034817813765182185,10,0.008097165991902834,34,0.027530364372469637,11,0.008906882591093117,84,0.0680161943319838,4,0.0032388663967611335,14,0.011336032388663968,2,0.0016194331983805667,1,0.0008097165991902834,0,0.0,31,0.025101214574898785,0,0.0,1,0.0008097165991902834,5,0.004048582995951417,9,0.0072874493927125505,1,0.0008097165991902834,3,0.0024291497975708503,0,0.0,2,0.0016194331983805667,1,0.0008097165991902834,3,0.0024291497975708503,1,0.0008097165991902834,9,0.0072874493927125505,1235,1.0,ORIGEN,SECCION,COMPLETO
661,18,NAYARIT,TEPIC,,,664,2293,1525,0.6650675970344527,0.33493240296554727,MORENA,445,0.29180327868852457,78,0.051147540983606556,MC,367,0.24065573770491802,154,0.10098360655737705,PAN,213,0.13967213114754098,MORENA,445,0.29180327868852457,78,0.051147540983606556,MC,367,0.24065573770491802,154,0.10098360655737705,PAN,213,0.13967213114754098,213,0.13967213114754098,100,0.06557377049180328,13,0.008524590163934427,70,0.04590163934426229,62,0.04065573770491803,367,0.24065573770491802,445,0.29180327868852457,46,0.03016393442622951,4,0.002622950819672131,28,0.018360655737704918,9,0.005901639344262295,75,0.04918032786885246,4,0.002622950819672131,12,0.007868852459016393,0,0.0,1,0.0006557377049180328,0,0.0,28,0.018360655737704918,8,0.005245901639344262,0,0.0,3,0.0019672131147540984,6,0.003934426229508197,0,0.0,4,0.002622950819672131,0,0.0,5,0.003278688524590164,0,0.0,2,0.0013114754098360656,1,0.0006557377049180328,19,0.012459016393442624,1525,1.0,ORIGEN,SECCION,COMPLETO
662,18,NAYARIT,TEPIC,,,665,832,572,0.6875,0.3125,MORENA,180,0.3146853146853147,42,0.07342657342657342,MC,138,0.24125874125874125,73,0.12762237762237763,PAN,65,0.11363636363636363,MORENA,180,0.3146853146853147,42,0.07342657342657342,MC,138,0.24125874125874125,73,0.12762237762237763,PAN,65,0.11363636363636363,65,0.11363636363636363,30,0.05244755244755245,4,0.006993006993006993,16,0.027972027972027972,20,0.03496503496503497,138,0.24125874125874125,180,0.3146853146853147,12,0.02097902097902098,9,0.015734265734265736,19,0.033216783216783216,4,0.006993006993006993,39,0.06818181818181818,1,0.0017482517482517483,8,0.013986013986013986,2,0.0034965034965034965,0,0.0,0,0.0,8,0.013986013986013986,5,0.008741258741258742,2,0.0034965034965034965,0,0.0,0,0.0,1,0.0017482517482517483,0,0.0,2,0.0034965034965034965,0,0.0,0,0.0,0,0.0,0,0.0,7,0.012237762237762238,572,1.0,ORIGEN,SECCION,COMPLETO
663,18,NAYARIT,TEPIC,,,666,807,549,0.6802973977695167,0.3197026022304833,MC,158,0.2877959927140255,29,0.052823315118397086,MORENA,129,0.23497267759562843,44,0.08014571948998178,PAN,85,0.15482695810564662,MC,158,0.2877959927140255,29,0.052823315118397086,MORENA,129,0.23497267759562843,44,0.08014571948998178,PAN,85,0.15482695810564662,85,0.15482695810564662,36,0.06557377049180328,7,0.012750455373406194,19,0.03460837887067395,18,0.03278688524590164,158,0.2877959927140255,129,0.23497267759562843,13,0.023679417122040074,11,0.020036429872495445,8,0.014571948998178506,5,0.009107468123861567,21,0.03825136612021858,1,0.0018214936247723133,9,0.01639344262295082,0,0.0,0,0.0,0,0.0,21,0.03825136612021858,1,0.0018214936247723133,0,0.0,1,0.0018214936247723133,0,0.0,0,0.0,0,0.0,0,0.0,0,0.0,0,0.0,1,0.0018214936247723133,0,0.0,5,0.009107468123861567,549,1.0,ORIGEN,SECCION,COMPLETO
664,18,NAYARIT,TEPIC,,,667,682,406,0.5953079178885631,0.4046920821114369,MC,110,0.270935960591133,10,0.024630541871921183,MORENA,100,0.24630541871921183,72,0.17733990147783252,PAN,28,0.06896551724137931,MC,110,0.270935960591133,10,0.024630541871921183,MORENA,100,0.24630541871921183,72,0.17733990147783252,PAN,28,0.06896551724137931,28,0.06896551724137931,26,0.06403940886699508,4,0.009852216748768473,20,0.04926108374384237,14,0.034482758620689655,110,0.270935960591133,100,0.24630541871921183,16,0.03940886699507389,1,0.0024630541871921183,23,0.05665024630541872,2,0.0049261083743842365,22,0.054187192118226604,2,0.0049261083743842365,5,0.012315270935960592,3,0.007389162561576354,0,0.0,1,0.0024630541871921183,10,0.024630541871921183,6,0.014778325123152709,1,0.0024630541871921183,2,0.0049261083743842365,0,0.0,0,0.0,0,0.0,1,0.0024630541871921183,3,0.007389162561576354,2,0.0049261083743842365,2,0.0049261083743842365,0,0.0,2,0.0049261083743842365,406,1.0,ORIGEN,SECCION,COMPLETO
665,18,NAYARIT,TEPIC,,,668,555,349,0.6288288288288288,0.37117117117117115,MORENA,141,0.4040114613180516,65,0.18624641833810887,MC,76,0.2177650429799427,55,0.15759312320916904,PVEM,21,0.06017191977077364,MORENA,141,0.4040114613180516,65,0.18624641833810887,MC,76,0.2177650429799427,55,0.15759312320916904,PVEM,21,0.06017191977077364,20,0.05730659025787966,11,0.03151862464183381,5,0.014326647564469915,10,0.02865329512893983,21,0.06017191977077364,76,0.2177650429799427,141,0.4040114613180516,5,0.014326647564469915,4,0.011461318051575931,14,0.04011461318051576,4,0.011461318051575931,20,0.05730659025787966,2,0.0057306590257879654,1,0.0028653295128939827,0,0.0,0,0.0,0,0.0,6,0.017191977077363897,2,0.0057306590257879654,0,0.0,0,0.0,1,0.0028653295128939827,0,0.0,0,0.0,0,0.0,1,0.0028653295128939827,0,0.0,0,0.0,0,0.0,5,0.014326647564469915,349,1.0,ORIGEN,SECCION,COMPLETO
666,18,NAYARIT,TEPIC,,,669,516,326,0.6317829457364341,0.3682170542635659,MORENA,118,0.3619631901840491,42,0.12883435582822086,MC,76,0.2331288343558282,54,0.1656441717791411,PRI,22,0.06748466257668712,MORENA,118,0.3619631901840491,42,0.12883435582822086,MC,76,0.2331288343558282,54,0.1656441717791411,PRI,22,0.06748466257668712,21,0.06441717791411043,22,0.06748466257668712,1,0.003067484662576687,11,0.03374233128834356,6,0.018404907975460124,76,0.2331288343558282,118,0.3619631901840491,6,0.018404907975460124,5,0.015337423312883436,22,0.06748466257668712,2,0.006134969325153374,8,0.024539877300613498,2,0.006134969325153374,7,0.02147239263803681,0,0.0,0,0.0,0,0.0,6,0.018404907975460124,2,0.006134969325153374,1,0.003067484662576687,3,0.009202453987730062,0,0.0,0,0.0,1,0.003067484662576687,0,0.0,1,0.003067484662576687,0,0.0,0,0.0,0,0.0,5,0.015337423312883436,326,1.0,ORIGEN,SECCION,COMPLETO
667,18,NAYARIT,TEPIC,,,670,578,386,0.6678200692041523,0.33217993079584773,MORENA,150,0.38860103626943004,79,0.20466321243523317,MC,71,0.18393782383419688,30,0.07772020725388601,PAN,41,0.10621761658031088,MORENA,150,0.38860103626943004,79,0.20466321243523317,MC,71,0.18393782383419688,30,0.07772020725388601,PAN,41,0.10621761658031088,41,0.10621761658031088,18,0.046632124352331605,4,0.010362694300518135,10,0.025906735751295335,11,0.02849740932642487,71,0.18393782383419688,150,0.38860103626943004,14,0.03626943005181347,5,0.012953367875647668,24,0.06217616580310881,2,0.0051813471502590676,16,0.04145077720207254,1,0.0025906735751295338,2,0.0051813471502590676,0,0.0,0,0.0,0,0.0,6,0.015544041450777202,0,0.0,0,0.0,2,0.0051813471502590676,1,0.0025906735751295338,0,0.0,0,0.0,0,0.0,1,0.0025906735751295338,0,0.0,1,0.0025906735751295338,0,0.0,6,0.015544041450777202,386,1.0,ORIGEN,SECCION,COMPLETO
668,18,NAYARIT,TEPIC,,,671,301,181,0.6013289036544851,0.3986710963455149,MORENA,59,0.3259668508287293,5,0.027624309392265192,MC,54,0.2983425414364641,43,0.23756906077348067,RSP,11,0.06077348066298342,MORENA,59,0.3259668508287293,5,0.027624309392265192,MC,54,0.2983425414364641,43,0.23756906077348067,RSP,11,0.06077348066298342,9,0.049723756906077346,6,0.03314917127071823,3,0.016574585635359115,1,0.0055248618784530384,5,0.027624309392265192,54,0.2983425414364641,59,0.3259668508287293,2,0.011049723756906077,3,0.016574585635359115,8,0.04419889502762431,5,0.027624309392265192,11,0.06077348066298342,0,0.0,5,0.027624309392265192,1,0.0055248618784530384,0,0.0,0,0.0,2,0.011049723756906077,0,0.0,0,0.0,0,0.0,0,0.0,0,0.0,0,0.0,0,0.0,0,0.0,0,0.0,0,0.0,0,0.0,7,0.03867403314917127,181,1.0,ORIGEN,SECCION,COMPLETO
669,18,NAYARIT,TEPIC,,,672,131,79,0.6030534351145038,0.3969465648854962,MC,32,0.4050632911392405,21,0.26582278481012656,MORENA,11,0.13924050632911392,1,0.012658227848101266,PAN,10,0.12658227848101267,MC,32,0.4050632911392405,21,0.26582278481012656,MORENA,11,0.13924050632911392,1,0.012658227848101266,PAN,10,0.12658227848101267,10,0.12658227848101267,5,0.06329113924050633,0,0.0,4,0.05063291139240506,0,0.0,32,0.4050632911392405,11,0.13924050632911392,0,0.0,2,0.02531645569620253,2,0.02531645569620253,0,0.0,5,0.06329113924050633,0,0.0,3,0.0379746835443038,0,0.0,0,0.0,0,0.0,3,0.0379746835443038,0,0.0,1,0.012658227848101266,0,0.0,0,0.0,0,0.0,0,0.0,0,0.0,0,0.0,0,0.0,0,0.0,1,0.012658227848101266,0,0.0,79,1.0,ORIGEN,SECCION,COMPLETO
670,18,NAYARIT,TEPIC,,,673,499,281,0.56312625250501,0.43687374749499,MORENA,93,0.3309608540925267,25,0.08896797153024912,MC,68,0.24199288256227758,45,0.1601423487544484,PAN,23,0.08185053380782918,MORENA,93,0.3309608540925267,25,0.08896797153024912,MC,68,0.24199288256227758,45,0.1601423487544484,PAN,23,0.08185053380782918,23,0.08185053380782918,19,0.06761565836298933,0,0.0,12,0.042704626334519574,8,0.028469750889679714,68,0.24199288256227758,93,0.3309608540925267,6,0.021352313167259787,3,0.010676156583629894,10,0.03558718861209965,9,0.03202846975088968,12,0.042704626334519574,1,0.0035587188612099642,2,0.0071174377224199285,0,0.0,0,0.0,0,0.0,2,0.0071174377224199285,2,0.0071174377224199285,0,0.0,0,0.0,0,0.0,2,0.0071174377224199285,0,0.0,2,0.0071174377224199285,1,0.0035587188612099642,0,0.0,0,0.0,0,0.0,6,0.021352313167259787,281,1.0,ORIGEN,SECCION,COMPLETO
671,18,NAYARIT,TEPIC,,,674,434,241,0.5552995391705069,0.4447004608294931,MORENA,102,0.42323651452282157,69,0.2863070539419087,MC,33,0.13692946058091288,19,0.07883817427385892,MLN,14,0.058091286307053944,MORENA,102,0.42323651452282157,69,0.2863070539419087,MC,33,0.13692946058091288,19,0.07883817427385892,MLN,14,0.058091286307053944,12,0.04979253112033195,13,0.05394190871369295,0,0.0,10,0.04149377593360996,9,0.03734439834024896,33,0.13692946058091288,102,0.42323651452282157,4,0.016597510373443983,1,0.004149377593360996,14,0.058091286307053944,4,0.016597510373443983,14,0.058091286307053944,0,0.0,4,0.016597510373443983,0,0.0,0,0.0,0,0.0,3,0.012448132780082987,1,0.004149377593360996,1,0.004149377593360996,0,0.0,3,0.012448132780082987,1,0.004149377593360996,4,0.016597510373443983,0,0.0,3,0.012448132780082987,0,0.0,1,0.004149377593360996,0,0.0,4,0.016597510373443983,241,1.0,ORIGEN,SECCION,COMPLETO
672,18,NAYARIT,TEPIC,,,675,329,204,0.6200607902735562,0.3799392097264438,MORENA,67,0.3284313725490196,5,0.024509803921568627,MC,62,0.30392156862745096,49,0.24019607843137256,PAN,13,0.06372549019607843,MORENA,67,0.3284313725490196,5,0.024509803921568627,MC,62,0.30392156862745096,49,0.24019607843137256,PAN,13,0.06372549019607843,13,0.06372549019607843,8,0.0392156862745098,0,0.0,3,0.014705882352941176,7,0.03431372549019608,62,0.30392156862745096,67,0.3284313725490196,2,0.00980392156862745,0,0.0,6,0.029411764705882353,3,0.014705882352941176,13,0.06372549019607843,3,0.014705882352941176,4,0.0196078431372549,0,0.0,0,0.0,0,0.0,4,0.0196078431372549,2,0.00980392156862745,0,0.0,0,0.0,1,0.004901960784313725,0,0.0,0,0.0,0,0.0,2,0.00980392156862745,0,0.0,0,0.0,0,0.0,4,0.0196078431372549,204,1.0,ORIGEN,SECCION,COMPLETO
673,18,NAYARIT,TEPIC,,,676,1406,777,0.5526315789473685,0.4473684210526315,MORENA,333,0.42857142857142855,181,0.23294723294723294,MC,152,0.1956241956241956,116,0.1492921492921493,PRI,36,0.04633204633204633,MORENA,333,0.42857142857142855,181,0.23294723294723294,MC,152,0.1956241956241956,116,0.1492921492921493,PRI,36,0.04633204633204633,29,0.03732303732303732,36,0.04633204633204633,12,0.015444015444015444,32,0.04118404118404118,30,0.03861003861003861,152,0.1956241956241956,333,0.42857142857142855,15,0.019305019305019305,15,0.019305019305019305,19,0.02445302445302445,5,0.006435006435006435,22,0.028314028314028315,2,0.002574002574002574,8,0.010296010296010296,1,0.001287001287001287,0,0.0,0,0.0,25,0.032175032175032175,5,0.006435006435006435,1,0.001287001287001287,0,0.0,3,0.003861003861003861,0,0.0,1,0.001287001287001287,0,0.0,2,0.002574002574002574,0,0.0,6,0.007722007722007722,1,0.001287001287001287,22,0.028314028314028315,777,1.0,ORIGEN,SECCION,COMPLETO
674,18,NAYARIT,TEPIC,,,677,796,410,0.5150753768844221,0.48492462311557794,MORENA,151,0.36829268292682926,81,0.1975609756097561,MC,70,0.17073170731707318,26,0.06341463414634146,MLN,44,0.1073170731707317,MORENA,151,0.36829268292682926,81,0.1975609756097561,MC,70,0.17073170731707318,26,0.06341463414634146,MLN,44,0.1073170731707317,13,0.03170731707317073,23,0.05609756097560976,4,0.00975609756097561,8,0.01951219512195122,20,0.04878048780487805,70,0.17073170731707318,151,0.36829268292682926,15,0.036585365853658534,4,0.00975609756097561,44,0.1073170731707317,5,0.012195121951219513,14,0.03414634146341464,1,0.0024390243902439024,6,0.014634146341463415,0,0.0,0,0.0,0,0.0,13,0.03170731707317073,0,0.0,2,0.004878048780487805,0,0.0,1,0.0024390243902439024,2,0.004878048780487805,0,0.0,0,0.0,2,0.004878048780487805,0,0.0,1,0.0024390243902439024,0,0.0,11,0.026829268292682926,410,1.0,ORIGEN,SECCION,COMPLETO
675,18,NAYARIT,TEPIC,,,678,2237,1117,0.49932945909700494,0.500670540902995,MORENA,473,0.423455684870188,281,0.25156669650850494,MC,192,0.1718889883616831,124,0.11101163831692032,MLN,68,0.06087735004476276,MORENA,473,0.423455684870188,281,0.25156669650850494,MC,192,0.1718889883616831,124,0.11101163831692032,MLN,68,0.06087735004476276,44,0.03939122649955237,34,0.03043867502238138,14,0.012533572068039392,47,0.04207699194270367,41,0.03670546105640107,192,0.1718889883616831,473,0.423455684870188,19,0.017009847806624886,19,0.017009847806624886,68,0.06087735004476276,12,0.010743061772605193,33,0.02954341987466428,3,0.0026857654431512983,18,0.01611459265890779,0,0.0,0,0.0,0,0.0,36,0.03222918531781558,9,0.008057296329453895,0,0.0,6,0.005371530886302597,4,0.0035810205908683975,2,0.0017905102954341987,6,0.005371530886302597,0,0.0,10,0.008952551477170993,1,0.0008952551477170994,3,0.0026857654431512983,0,0.0,23,0.020590868397493287,1117,1.0,ORIGEN,SECCION,COMPLETO
676,18,NAYARIT,TEPIC,,,679,2019,886,0.43883110450718177,0.5611688954928182,MORENA,264,0.2979683972911964,98,0.11060948081264109,MC,166,0.1873589164785553,50,0.056433408577878104,PT,116,0.1309255079006772,MORENA,264,0.2979683972911964,98,0.11060948081264109,MC,166,0.1873589164785553,50,0.056433408577878104,PT,116,0.1309255079006772,27,0.030474040632054177,33,0.03724604966139955,14,0.01580135440180587,116,0.1309255079006772,26,0.029345372460496615,166,0.1873589164785553,264,0.2979683972911964,20,0.022573363431151242,9,0.010158013544018058,45,0.050790067720090294,16,0.01805869074492099,25,0.028216704288939052,4,0.004514672686230248,8,0.009029345372460496,1,0.001128668171557562,3,0.003386004514672686,0,0.0,31,0.034988713318284424,7,0.007900677200902935,0,0.0,4,0.004514672686230248,6,0.006772009029345372,4,0.004514672686230248,12,0.013544018058690745,6,0.006772009029345372,4,0.004514672686230248,1,0.001128668171557562,6,0.006772009029345372,0,0.0,28,0.03160270880361174,886,1.0,ORIGEN,SECCION,COMPLETO
677,18,NAYARIT,TEPIC,,,680,1425,639,0.44842105263157894,0.5515789473684211,MORENA,259,0.405320813771518,141,0.22065727699530516,MC,118,0.18466353677621283,74,0.11580594679186229,MLN,44,0.06885758998435054,MORENA,259,0.405320813771518,141,0.22065727699530516,MC,118,0.18466353677621283,74,0.11580594679186229,MLN,44,0.06885758998435054,25,0.03912363067292645,17,0.026604068857589983,5,0.00782472613458529,31,0.048513302034428794,21,0.03286384976525822,118,0.18466353677621283,259,0.405320813771518,12,0.018779342723004695,5,0.00782472613458529,44,0.06885758998435054,15,0.023474178403755867,19,0.0297339593114241,6,0.009389671361502348,12,0.018779342723004695,0,0.0,1,0.001564945226917058,0,0.0,26,0.0406885758998435,4,0.006259780907668232,0,0.0,0,0.0,2,0.003129890453834116,0,0.0,3,0.004694835680751174,0,0.0,1,0.001564945226917058,1,0.001564945226917058,0,0.0,3,0.004694835680751174,9,0.014084507042253521,639,1.0,ORIGEN,SECCION,COMPLETO
678,18,NAYARIT,TEPIC,,,681,738,445,0.6029810298102981,0.3970189701897019,MORENA,181,0.4067415730337079,98,0.2202247191011236,MC,83,0.18651685393258427,45,0.10112359550561797,MLN,38,0.0853932584269663,MORENA,181,0.4067415730337079,98,0.2202247191011236,MC,83,0.18651685393258427,45,0.10112359550561797,MLN,38,0.0853932584269663,30,0.06741573033707865,18,0.04044943820224719,0,0.0,16,0.035955056179775284,19,0.04269662921348315,83,0.18651685393258427,181,0.4067415730337079,10,0.02247191011235955,10,0.02247191011235955,38,0.0853932584269663,1,0.0022471910112359553,14,0.03146067415730337,2,0.0044943820224719105,1,0.0022471910112359553,1,0.0022471910112359553,0,0.0,0,0.0,6,0.01348314606741573,4,0.008988764044943821,0,0.0,0,0.0,0,0.0,0,0.0,2,0.0044943820224719105,0,0.0,1,0.0022471910112359553,0,0.0,0,0.0,0,0.0,8,0.017977528089887642,445,1.0,ORIGEN,SECCION,COMPLETO
679,18,NAYARIT,TEPIC,,,682,218,144,0.6605504587155964,0.33944954128440363,MORENA,36,0.25,9,0.0625,PAN,27,0.1875,2,0.013888888888888888,MC,25,0.1736111111111111,MORENA,36,0.25,9,0.0625,PAN,27,0.1875,2,0.013888888888888888,MC,25,0.1736111111111111,27,0.1875,8,0.05555555555555555,5,0.034722222222222224,4,0.027777777777777776,3,0.020833333333333332,25,0.1736111111111111,36,0.25,8,0.05555555555555555,1,0.006944444444444444,7,0.04861111111111111,1,0.006944444444444444,7,0.04861111111111111,2,0.013888888888888888,1,0.006944444444444444,0,0.0,0,0.0,0,0.0,4,0.027777777777777776,1,0.006944444444444444,0,0.0,0,0.0,0,0.0,0,0.0,1,0.006944444444444444,0,0.0,1,0.006944444444444444,0,0.0,0,0.0,0,0.0,2,0.013888888888888888,144,1.0,ORIGEN,SECCION,COMPLETO
680,18,NAYARIT,TEPIC,,,683,210,129,0.6142857142857143,0.3857142857142857,MORENA,41,0.3178294573643411,12,0.09302325581395349,MC,29,0.2248062015503876,17,0.13178294573643412,PT,12,0.09302325581395349,MORENA,41,0.3178294573643411,12,0.09302325581395349,MC,29,0.2248062015503876,17,0.13178294573643412,PT,12,0.09302325581395349,10,0.07751937984496124,6,0.046511627906976744,1,0.007751937984496124,12,0.09302325581395349,1,0.007751937984496124,29,0.2248062015503876,41,0.3178294573643411,2,0.015503875968992248,4,0.031007751937984496,6,0.046511627906976744,0,0.0,5,0.03875968992248062,0,0.0,1,0.007751937984496124,0,0.0,0,0.0,0,0.0,5,0.03875968992248062,1,0.007751937984496124,0,0.0,1,0.007751937984496124,1,0.007751937984496124,1,0.007751937984496124,1,0.007751937984496124,1,0.007751937984496124,0,0.0,0,0.0,0,0.0,0,0.0,0,0.0,129,1.0,ORIGEN,SECCION,COMPLETO
681,18,NAYARIT,TEPIC,,,684,199,147,0.7386934673366834,0.2613065326633166,MORENA,62,0.4217687074829932,43,0.2925170068027211,MLN,19,0.1292517006802721,4,0.027210884353741496,MC,15,0.10204081632653061,MORENA,62,0.4217687074829932,43,0.2925170068027211,MLN,19,0.1292517006802721,4,0.027210884353741496,MC,15,0.10204081632653061,14,0.09523809523809523,5,0.034013605442176874,1,0.006802721088435374,7,0.047619047619047616,4,0.027210884353741496,15,0.10204081632653061,62,0.4217687074829932,5,0.034013605442176874,0,0.0,19,0.1292517006802721,0,0.0,2,0.013605442176870748,0,0.0,4,0.027210884353741496,0,0.0,0,0.0,0,0.0,4,0.027210884353741496,0,0.0,1,0.006802721088435374,0,0.0,0,0.0,0,0.0,0,0.0,0,0.0,2,0.013605442176870748,0,0.0,1,0.006802721088435374,0,0.0,1,0.006802721088435374,147,1.0,ORIGEN,SECCION,COMPLETO
682,18,NAYARIT,TEPIC,,,685,376,247,0.6569148936170213,0.34308510638297873,MORENA,88,0.3562753036437247,32,0.12955465587044535,MC,56,0.22672064777327935,39,0.15789473684210525,PAN,17,0.06882591093117409,MORENA,88,0.3562753036437247,32,0.12955465587044535,MC,56,0.22672064777327935,39,0.15789473684210525,PAN,17,0.06882591093117409,17,0.06882591093117409,12,0.048582995951417005,2,0.008097165991902834,15,0.06072874493927125,5,0.020242914979757085,56,0.22672064777327935,88,0.3562753036437247,9,0.03643724696356275,3,0.012145748987854251,8,0.032388663967611336,0,0.0,9,0.03643724696356275,1,0.004048582995951417,2,0.008097165991902834,0,0.0,0,0.0,0,0.0,6,0.024291497975708502,1,0.004048582995951417,1,0.004048582995951417,0,0.0,0,0.0,0,0.0,0,0.0,0,0.0,3,0.012145748987854251,0,0.0,0,0.0,0,0.0,9,0.03643724696356275,247,1.0,ORIGEN,SECCION,COMPLETO
683,18,NAYARIT,TEPIC,,,686,248,179,0.7217741935483871,0.2782258064516129,MORENA,69,0.3854748603351955,44,0.24581005586592178,MC,25,0.13966480446927373,8,0.0446927374301676,PAN,17,0.09497206703910614,MORENA,69,0.3854748603351955,44,0.24581005586592178,MC,25,0.13966480446927373,8,0.0446927374301676,PAN,17,0.09497206703910614,17,0.09497206703910614,7,0.03910614525139665,2,0.0111731843575419,10,0.055865921787709494,6,0.0335195530726257,25,0.13966480446927373,69,0.3854748603351955,2,0.0111731843575419,2,0.0111731843575419,10,0.055865921787709494,1,0.00558659217877095,4,0.0223463687150838,2,0.0111731843575419,2,0.0111731843575419,0,0.0,0,0.0,0,0.0,16,0.0893854748603352,0,0.0,0,0.0,0,0.0,0,0.0,0,0.0,0,0.0,0,0.0,0,0.0,0,0.0,0,0.0,0,0.0,4,0.0223463687150838,179,1.0,ORIGEN,SECCION,COMPLETO
684,18,NAYARIT,TEPIC,,,687,618,396,0.6407766990291263,0.35922330097087374,MORENA,150,0.3787878787878788,82,0.20707070707070707,MC,68,0.1717171717171717,40,0.10101010101010101,PAN,28,0.0707070707070707,MORENA,150,0.3787878787878788,82,0.20707070707070707,MC,68,0.1717171717171717,40,0.10101010101010101,PAN,28,0.0707070707070707,28,0.0707070707070707,17,0.04292929292929293,3,0.007575757575757576,20,0.050505050505050504,18,0.045454545454545456,68,0.1717171717171717,150,0.3787878787878788,13,0.03282828282828283,2,0.005050505050505051,19,0.047979797979797977,4,0.010101010101010102,19,0.047979797979797977,2,0.005050505050505051,9,0.022727272727272728,1,0.0025252525252525255,0,0.0,0,0.0,6,0.015151515151515152,5,0.012626262626262626,0,0.0,0,0.0,2,0.005050505050505051,0,0.0,2,0.005050505050505051,0,0.0,1,0.0025252525252525255,0,0.0,2,0.005050505050505051,0,0.0,5,0.012626262626262626,396,1.0,ORIGEN,SECCION,COMPLETO
685,18,NAYARIT,TEPIC,,,688,538,355,0.6598513011152416,0.3401486988847584,MORENA,114,0.3211267605633803,50,0.14084507042253522,MC,64,0.18028169014084508,32,0.09014084507042254,RSP,32,0.09014084507042254,MORENA,114,0.3211267605633803,50,0.14084507042253522,MC,64,0.18028169014084508,32,0.09014084507042254,RSP,32,0.09014084507042254,19,0.05352112676056338,16,0.04507042253521127,3,0.008450704225352112,15,0.04225352112676056,11,0.030985915492957747,64,0.18028169014084508,114,0.3211267605633803,2,0.005633802816901409,4,0.011267605633802818,23,0.0647887323943662,10,0.028169014084507043,32,0.09014084507042254,0,0.0,10,0.028169014084507043,3,0.008450704225352112,0,0.0,0,0.0,7,0.01971830985915493,1,0.0028169014084507044,1,0.0028169014084507044,2,0.005633802816901409,3,0.008450704225352112,1,0.0028169014084507044,0,0.0,0,0.0,0,0.0,0,0.0,1,0.0028169014084507044,2,0.005633802816901409,11,0.030985915492957747,355,1.0,ORIGEN,SECCION,COMPLETO
686,18,NAYARIT,TEPIC,,,689,400,287,0.7175,0.2825,MORENA,77,0.2682926829268293,13,0.04529616724738676,MC,64,0.2229965156794425,36,0.1254355400696864,PAN,28,0.0975609756097561,MORENA,77,0.2682926829268293,13,0.04529616724738676,MC,64,0.2229965156794425,36,0.1254355400696864,PAN,28,0.0975609756097561,28,0.0975609756097561,19,0.06620209059233449,8,0.027874564459930314,9,0.0313588850174216,11,0.03832752613240418,64,0.2229965156794425,77,0.2682926829268293,10,0.03484320557491289,5,0.017421602787456445,15,0.05226480836236934,6,0.020905923344947737,12,0.041811846689895474,1,0.003484320557491289,6,0.020905923344947737,0,0.0,0,0.0,0,0.0,5,0.017421602787456445,3,0.010452961672473868,0,0.0,0,0.0,2,0.006968641114982578,0,0.0,0,0.0,0,0.0,0,0.0,1,0.003484320557491289,0,0.0,0,0.0,5,0.017421602787456445,287,1.0,ORIGEN,SECCION,COMPLETO
687,18,NAYARIT,TEPIC,,,690,382,259,0.6780104712041884,0.32198952879581155,MORENA,78,0.30115830115830117,5,0.019305019305019305,MC,73,0.28185328185328185,53,0.20463320463320464,PAN,20,0.07722007722007722,MORENA,78,0.30115830115830117,5,0.019305019305019305,MC,73,0.28185328185328185,53,0.20463320463320464,PAN,20,0.07722007722007722,20,0.07722007722007722,8,0.03088803088803089,1,0.003861003861003861,17,0.06563706563706563,8,0.03088803088803089,73,0.28185328185328185,78,0.30115830115830117,5,0.019305019305019305,4,0.015444015444015444,6,0.023166023166023165,2,0.007722007722007722,15,0.05791505791505792,4,0.015444015444015444,4,0.015444015444015444,0,0.0,0,0.0,0,0.0,3,0.011583011583011582,1,0.003861003861003861,1,0.003861003861003861,1,0.003861003861003861,2,0.007722007722007722,1,0.003861003861003861,1,0.003861003861003861,0,0.0,2,0.007722007722007722,0,0.0,0,0.0,0,0.0,2,0.007722007722007722,259,1.0,ORIGEN,SECCION,COMPLETO
688,18,NAYARIT,TEPIC,,,691,444,280,0.6306306306306306,0.36936936936936937,MORENA,95,0.3392857142857143,61,0.21785714285714286,MC,34,0.12142857142857143,5,0.017857142857142856,PRI,29,0.10357142857142858,MORENA,95,0.3392857142857143,61,0.21785714285714286,MC,34,0.12142857142857143,5,0.017857142857142856,PRI,29,0.10357142857142858,14,0.05,29,0.10357142857142858,3,0.010714285714285714,16,0.05714285714285714,9,0.03214285714285714,34,0.12142857142857143,95,0.3392857142857143,9,0.03214285714285714,6,0.02142857142857143,18,0.06428571428571428,3,0.010714285714285714,11,0.039285714285714285,0,0.0,9,0.03214285714285714,0,0.0,0,0.0,0,0.0,6,0.02142857142857143,4,0.014285714285714285,1,0.0035714285714285713,0,0.0,3,0.010714285714285714,0,0.0,2,0.007142857142857143,1,0.0035714285714285713,1,0.0035714285714285713,0,0.0,1,0.0035714285714285713,0,0.0,5,0.017857142857142856,280,1.0,ORIGEN,SECCION,COMPLETO
689,18,NAYARIT,TEPIC,,,692,663,394,0.5942684766214178,0.4057315233785822,MORENA,154,0.39086294416243655,75,0.19035532994923857,MC,79,0.20050761421319796,56,0.14213197969543148,PT,23,0.0583756345177665,MORENA,154,0.39086294416243655,75,0.19035532994923857,MC,79,0.20050761421319796,56,0.14213197969543148,PT,23,0.0583756345177665,11,0.027918781725888325,20,0.050761421319796954,8,0.02030456852791878,23,0.0583756345177665,10,0.025380710659898477,79,0.20050761421319796,154,0.39086294416243655,12,0.030456852791878174,3,0.007614213197969543,19,0.048223350253807105,7,0.017766497461928935,17,0.04314720812182741,1,0.0025380710659898475,2,0.005076142131979695,0,0.0,0,0.0,0,0.0,9,0.02284263959390863,2,0.005076142131979695,0,0.0,0,0.0,0,0.0,1,0.0025380710659898475,0,0.0,0,0.0,4,0.01015228426395939,0,0.0,3,0.007614213197969543,1,0.0025380710659898475,8,0.02030456852791878,394,1.0,ORIGEN,SECCION,COMPLETO
690,18,NAYARIT,TEPIC,,,693,1587,751,0.4732199117832388,0.5267800882167613,MORENA,299,0.3981358189081225,151,0.2010652463382157,MC,148,0.1970705725699068,100,0.13315579227696406,PAN,48,0.06391478029294274,MORENA,299,0.3981358189081225,151,0.2010652463382157,MC,148,0.1970705725699068,100,0.13315579227696406,PAN,48,0.06391478029294274,48,0.06391478029294274,21,0.02796271637816245,6,0.007989347536617843,29,0.03861517976031957,27,0.03595206391478029,148,0.1970705725699068,299,0.3981358189081225,10,0.013315579227696404,14,0.018641810918774968,45,0.05992010652463382,15,0.019973368841544607,11,0.014647137150466045,4,0.005326231691078562,10,0.013315579227696404,1,0.0013315579227696406,1,0.0013315579227696406,0,0.0,12,0.015978695073235686,11,0.014647137150466045,1,0.0013315579227696406,0,0.0,5,0.006657789613848202,2,0.002663115845539281,3,0.0039946737683089215,0,0.0,9,0.011984021304926764,2,0.002663115845539281,1,0.0013315579227696406,0,0.0,16,0.02130492676431425,751,1.0,ORIGEN,SECCION,COMPLETO
691,18,NAYARIT,TEPIC,,,694,1781,739,0.41493542953396967,0.5850645704660303,MORENA,248,0.33558863328822736,112,0.15155615696887687,MC,136,0.18403247631935046,78,0.10554803788903924,PT,58,0.07848443843031123,MORENA,248,0.33558863328822736,112,0.15155615696887687,MC,136,0.18403247631935046,78,0.10554803788903924,PT,58,0.07848443843031123,31,0.04194857916102842,33,0.044654939106901215,8,0.010825439783491205,58,0.07848443843031123,24,0.03247631935047361,136,0.18403247631935046,248,0.33558863328822736,8,0.010825439783491205,4,0.005412719891745603,34,0.046008119079837616,6,0.008119079837618403,39,0.05277401894451962,3,0.0040595399188092015,8,0.010825439783491205,2,0.0027063599458728013,2,0.0027063599458728013,1,0.0013531799729364006,17,0.023004059539918808,29,0.03924221921515562,2,0.0027063599458728013,2,0.0027063599458728013,4,0.005412719891745603,0,0.0,3,0.0040595399188092015,0,0.0,4,0.005412719891745603,1,0.0013531799729364006,1,0.0013531799729364006,0,0.0,31,0.04194857916102842,739,1.0,ORIGEN,SECCION,COMPLETO
692,18,NAYARIT,TEPIC,,,695,3989,1703,0.4269240411130609,0.5730759588869391,MORENA,660,0.38755137991779215,308,0.180857310628303,MC,352,0.20669406928948914,255,0.14973576042278333,PAN,97,0.05695830886670581,MORENA,660,0.38755137991779215,308,0.180857310628303,MC,352,0.20669406928948914,255,0.14973576042278333,PAN,97,0.05695830886670581,97,0.05695830886670581,66,0.038755137991779216,12,0.007046388725778039,74,0.04345273047563124,52,0.030534351145038167,352,0.20669406928948914,660,0.38755137991779215,29,0.017028772753963594,18,0.010569583088667059,84,0.04932472108044627,43,0.02524955960070464,45,0.026423957721667644,15,0.008807985907222548,19,0.011156782149148562,6,0.0035231943628890195,1,0.0005871990604815032,0,0.0,29,0.017028772753963594,10,0.005871990604815032,9,0.005284791544333529,7,0.004110393423370522,13,0.007633587786259542,0,0.0,5,0.002935995302407516,0,0.0,5,0.002935995302407516,0,0.0,6,0.0035231943628890195,1,0.0005871990604815032,45,0.026423957721667644,1703,1.0,ORIGEN,SECCION,COMPLETO
693,18,NAYARIT,TEPIC,,,696,976,641,0.6567622950819673,0.34323770491803274,MORENA,205,0.31981279251170047,61,0.09516380655226209,MC,144,0.22464898595943839,97,0.15132605304212168,PVEM,47,0.07332293291731669,MORENA,205,0.31981279251170047,61,0.09516380655226209,MC,144,0.22464898595943839,97,0.15132605304212168,PVEM,47,0.07332293291731669,37,0.057722308892355696,34,0.0530421216848674,5,0.0078003120124804995,23,0.0358814352574103,47,0.07332293291731669,144,0.22464898595943839,205,0.31981279251170047,17,0.0265210608424337,7,0.0109204368174727,43,0.06708268330733229,6,0.0093603744149766,22,0.0343213728549142,2,0.0031201248049922,6,0.0093603744149766,0,0.0,1,0.0015600624024961,0,0.0,13,0.0202808112324493,1,0.0015600624024961,1,0.0015600624024961,3,0.0046801872074883,2,0.0031201248049922,0,0.0,1,0.0015600624024961,1,0.0015600624024961,4,0.0062402496099844,0,0.0,2,0.0031201248049922,0,0.0,14,0.0218408736349454,641,1.0,ORIGEN,SECCION,COMPLETO
694,18,NAYARIT,TEPIC,,,697,537,301,0.5605214152700186,0.43947858472998136,MORENA,132,0.43853820598006643,75,0.24916943521594684,MC,57,0.1893687707641196,32,0.10631229235880399,PRI,25,0.08305647840531562,MORENA,132,0.43853820598006643,75,0.24916943521594684,MC,57,0.1893687707641196,32,0.10631229235880399,PRI,25,0.08305647840531562,16,0.053156146179401995,25,0.08305647840531562,0,0.0,4,0.013289036544850499,9,0.029900332225913623,57,0.1893687707641196,132,0.43853820598006643,4,0.013289036544850499,4,0.013289036544850499,16,0.053156146179401995,1,0.0033222591362126247,9,0.029900332225913623,1,0.0033222591362126247,3,0.009966777408637873,0,0.0,0,0.0,0,0.0,4,0.013289036544850499,0,0.0,0,0.0,1,0.0033222591362126247,3,0.009966777408637873,0,0.0,3,0.009966777408637873,0,0.0,2,0.006644518272425249,0,0.0,4,0.013289036544850499,0,0.0,3,0.009966777408637873,301,1.0,ORIGEN,SECCION,COMPLETO
695,18,NAYARIT,TEPIC,,,698,384,245,0.6380208333333334,0.36197916666666663,MORENA,72,0.2938775510204082,17,0.06938775510204082,MC,55,0.22448979591836735,36,0.1469387755102041,PAN,19,0.07755102040816327,MORENA,72,0.2938775510204082,17,0.06938775510204082,MC,55,0.22448979591836735,36,0.1469387755102041,PAN,19,0.07755102040816327,19,0.07755102040816327,17,0.06938775510204082,3,0.012244897959183673,13,0.053061224489795916,9,0.036734693877551024,55,0.22448979591836735,72,0.2938775510204082,9,0.036734693877551024,4,0.0163265306122449,7,0.02857142857142857,2,0.00816326530612245,16,0.0653061224489796,0,0.0,1,0.004081632653061225,2,0.00816326530612245,0,0.0,0,0.0,8,0.0326530612244898,3,0.012244897959183673,0,0.0,0,0.0,0,0.0,0,0.0,0,0.0,1,0.004081632653061225,0,0.0,0,0.0,2,0.00816326530612245,0,0.0,2,0.00816326530612245,245,1.0,ORIGEN,SECCION,COMPLETO
696,18,NAYARIT,TEPIC,,,699,272,183,0.6727941176470589,0.3272058823529411,MORENA,52,0.28415300546448086,5,0.0273224043715847,MC,47,0.2568306010928962,27,0.14754098360655737,PAN,20,0.1092896174863388,MORENA,52,0.28415300546448086,5,0.0273224043715847,MC,47,0.2568306010928962,27,0.14754098360655737,PAN,20,0.1092896174863388,20,0.1092896174863388,17,0.09289617486338798,0,0.0,9,0.04918032786885246,5,0.0273224043715847,47,0.2568306010928962,52,0.28415300546448086,3,0.01639344262295082,2,0.01092896174863388,14,0.07650273224043716,2,0.01092896174863388,6,0.03278688524590164,0,0.0,0,0.0,1,0.00546448087431694,0,0.0,0,0.0,1,0.00546448087431694,0,0.0,0,0.0,0,0.0,2,0.01092896174863388,0,0.0,0,0.0,1,0.00546448087431694,0,0.0,0,0.0,0,0.0,0,0.0,1,0.00546448087431694,183,1.0,ORIGEN,SECCION,COMPLETO
697,18,NAYARIT,TEPIC,,,700,1125,690,0.6133333333333333,0.3866666666666667,MORENA,227,0.3289855072463768,67,0.09710144927536232,MC,160,0.2318840579710145,101,0.1463768115942029,PAN,59,0.08550724637681159,MORENA,227,0.3289855072463768,67,0.09710144927536232,MC,160,0.2318840579710145,101,0.1463768115942029,PAN,59,0.08550724637681159,59,0.08550724637681159,36,0.05217391304347826,7,0.010144927536231883,32,0.0463768115942029,23,0.03333333333333333,160,0.2318840579710145,227,0.3289855072463768,18,0.02608695652173913,10,0.014492753623188406,26,0.03768115942028986,2,0.002898550724637681,31,0.04492753623188406,3,0.004347826086956522,14,0.020289855072463767,0,0.0,0,0.0,0,0.0,23,0.03333333333333333,2,0.002898550724637681,1,0.0014492753623188406,0,0.0,1,0.0014492753623188406,0,0.0,0,0.0,1,0.0014492753623188406,1,0.0014492753623188406,1,0.0014492753623188406,3,0.004347826086956522,2,0.002898550724637681,7,0.010144927536231883,690,1.0,ORIGEN,SECCION,COMPLETO
698,18,NAYARIT,TEPIC,,,701,1804,1144,0.6341463414634146,0.36585365853658536,MORENA,368,0.32167832167832167,80,0.06993006993006994,MC,288,0.2517482517482518,206,0.18006993006993008,PAN,82,0.07167832167832168,MORENA,368,0.32167832167832167,80,0.06993006993006994,MC,288,0.2517482517482518,206,0.18006993006993008,PAN,82,0.07167832167832168,82,0.07167832167832168,63,0.05506993006993007,5,0.004370629370629371,68,0.05944055944055944,47,0.04108391608391608,288,0.2517482517482518,368,0.32167832167832167,29,0.025349650349650348,13,0.011363636363636364,33,0.028846153846153848,12,0.01048951048951049,39,0.03409090909090909,4,0.0034965034965034965,11,0.009615384615384616,3,0.0026223776223776225,0,0.0,0,0.0,23,0.020104895104895104,9,0.007867132867132868,2,0.0017482517482517483,4,0.0034965034965034965,6,0.005244755244755245,1,0.0008741258741258741,6,0.005244755244755245,1,0.0008741258741258741,6,0.005244755244755245,2,0.0017482517482517483,4,0.0034965034965034965,0,0.0,15,0.013111888111888112,1144,1.0,ORIGEN,SECCION,COMPLETO
699,18,NAYARIT,TEPIC,,,702,1176,677,0.5756802721088435,0.42431972789115646,MORENA,244,0.3604135893648449,87,0.12850812407680945,MC,157,0.23190546528803546,118,0.17429837518463812,PAN,39,0.05760709010339734,MORENA,244,0.3604135893648449,87,0.12850812407680945,MC,157,0.23190546528803546,118,0.17429837518463812,PAN,39,0.05760709010339734,39,0.05760709010339734,25,0.03692762186115214,9,0.013293943870014771,36,0.053175775480059084,20,0.029542097488921712,157,0.23190546528803546,244,0.3604135893648449,9,0.013293943870014771,13,0.019202363367799114,34,0.050221565731166914,11,0.01624815361890694,21,0.0310192023633678,2,0.0029542097488921715,2,0.0029542097488921715,2,0.0029542097488921715,0,0.0,0,0.0,18,0.026587887740029542,7,0.0103397341211226,2,0.0029542097488921715,3,0.004431314623338257,2,0.0029542097488921715,1,0.0014771048744460858,2,0.0029542097488921715,0,0.0,6,0.008862629246676515,0,0.0,2,0.0029542097488921715,1,0.0014771048744460858,9,0.013293943870014771,677,1.0,ORIGEN,SECCION,COMPLETO
700,18,NAYARIT,TEPIC,,,703,562,360,0.6405693950177936,0.35943060498220636,MORENA,132,0.36666666666666664,50,0.1388888888888889,MC,82,0.22777777777777777,51,0.14166666666666666,PAN,31,0.08611111111111111,MORENA,132,0.36666666666666664,50,0.1388888888888889,MC,82,0.22777777777777777,51,0.14166666666666666,PAN,31,0.08611111111111111,31,0.08611111111111111,20,0.05555555555555555,3,0.008333333333333333,10,0.027777777777777776,14,0.03888888888888889,82,0.22777777777777777,132,0.36666666666666664,11,0.030555555555555555,7,0.019444444444444445,9,0.025,2,0.005555555555555556,13,0.03611111111111111,2,0.005555555555555556,4,0.011111111111111112,0,0.0,0,0.0,0,0.0,9,0.025,2,0.005555555555555556,1,0.002777777777777778,1,0.002777777777777778,1,0.002777777777777778,0,0.0,0,0.0,0,0.0,2,0.005555555555555556,0,0.0,1,0.002777777777777778,0,0.0,3,0.008333333333333333,360,1.0,ORIGEN,SECCION,COMPLETO
701,18,NAYARIT,TEPIC,,,704,333,222,0.6666666666666666,0.33333333333333337,MORENA,67,0.30180180180180183,21,0.0945945945945946,MC,46,0.2072072072072072,23,0.1036036036036036,RSP,23,0.1036036036036036,MORENA,67,0.30180180180180183,21,0.0945945945945946,MC,46,0.2072072072072072,23,0.1036036036036036,RSP,23,0.1036036036036036,22,0.0990990990990991,15,0.06756756756756757,1,0.0045045045045045045,7,0.03153153153153153,10,0.04504504504504504,46,0.2072072072072072,67,0.30180180180180183,6,0.02702702702702703,2,0.009009009009009009,5,0.02252252252252252,1,0.0045045045045045045,23,0.1036036036036036,3,0.013513513513513514,2,0.009009009009009009,1,0.0045045045045045045,0,0.0,0,0.0,5,0.02252252252252252,1,0.0045045045045045045,0,0.0,1,0.0045045045045045045,0,0.0,0,0.0,0,0.0,2,0.009009009009009009,0,0.0,0,0.0,0,0.0,0,0.0,2,0.009009009009009009,222,1.0,ORIGEN,SECCION,COMPLETO
702,18,NAYARIT,TEPIC,,,705,684,394,0.5760233918128655,0.42397660818713445,MORENA,134,0.3401015228426396,37,0.09390862944162437,MC,97,0.24619289340101522,69,0.1751269035532995,MLN,28,0.07106598984771574,MORENA,134,0.3401015228426396,37,0.09390862944162437,MC,97,0.24619289340101522,69,0.1751269035532995,MLN,28,0.07106598984771574,18,0.04568527918781726,27,0.06852791878172589,6,0.015228426395939087,10,0.025380710659898477,10,0.025380710659898477,97,0.24619289340101522,134,0.3401015228426396,8,0.02030456852791878,11,0.027918781725888325,28,0.07106598984771574,1,0.0025380710659898475,20,0.050761421319796954,0,0.0,4,0.01015228426395939,0,0.0,0,0.0,0,0.0,8,0.02030456852791878,4,0.01015228426395939,1,0.0025380710659898475,1,0.0025380710659898475,0,0.0,0,0.0,1,0.0025380710659898475,1,0.0025380710659898475,1,0.0025380710659898475,0,0.0,2,0.005076142131979695,0,0.0,1,0.0025380710659898475,394,1.0,ORIGEN,SECCION,COMPLETO
703,18,NAYARIT,TEPIC,,,706,687,424,0.6171761280931587,0.3828238719068413,MORENA,128,0.3018867924528302,47,0.11084905660377359,MC,81,0.19103773584905662,40,0.09433962264150944,PAN,41,0.09669811320754718,MORENA,128,0.3018867924528302,47,0.11084905660377359,MC,81,0.19103773584905662,40,0.09433962264150944,PAN,41,0.09669811320754718,41,0.09669811320754718,25,0.0589622641509434,3,0.007075471698113208,15,0.03537735849056604,12,0.02830188679245283,81,0.19103773584905662,128,0.3018867924528302,12,0.02830188679245283,3,0.007075471698113208,24,0.05660377358490566,6,0.014150943396226415,33,0.07783018867924528,1,0.0023584905660377358,11,0.025943396226415096,0,0.0,0,0.0,0,0.0,15,0.03537735849056604,4,0.009433962264150943,0,0.0,1,0.0023584905660377358,1,0.0023584905660377358,0,0.0,0,0.0,1,0.0023584905660377358,1,0.0023584905660377358,0,0.0,1,0.0023584905660377358,0,0.0,5,0.01179245283018868,424,1.0,ORIGEN,SECCION,COMPLETO
704,18,NAYARIT,TEPIC,,,707,567,335,0.5908289241622575,0.4091710758377425,MORENA,119,0.35522388059701493,52,0.15522388059701492,MC,67,0.2,42,0.1253731343283582,MLN,25,0.07462686567164178,MORENA,119,0.35522388059701493,52,0.15522388059701492,MC,67,0.2,42,0.1253731343283582,MLN,25,0.07462686567164178,21,0.0626865671641791,19,0.056716417910447764,2,0.005970149253731343,12,0.03582089552238806,8,0.023880597014925373,67,0.2,119,0.35522388059701493,15,0.04477611940298507,6,0.01791044776119403,25,0.07462686567164178,1,0.0029850746268656717,5,0.014925373134328358,2,0.005970149253731343,7,0.020895522388059702,0,0.0,0,0.0,0,0.0,17,0.050746268656716415,0,0.0,0,0.0,0,0.0,0,0.0,0,0.0,0,0.0,0,0.0,0,0.0,0,0.0,0,0.0,0,0.0,9,0.026865671641791045,335,1.0,ORIGEN,SECCION,COMPLETO
705,18,NAYARIT,TEPIC,,,708,704,377,0.5355113636363636,0.46448863636363635,MORENA,165,0.4376657824933687,99,0.2625994694960212,MC,66,0.17506631299734748,47,0.1246684350132626,PRI,19,0.050397877984084884,MORENA,165,0.4376657824933687,99,0.2625994694960212,MC,66,0.17506631299734748,47,0.1246684350132626,PRI,19,0.050397877984084884,13,0.034482758620689655,19,0.050397877984084884,7,0.01856763925729443,13,0.034482758620689655,10,0.026525198938992044,66,0.17506631299734748,165,0.4376657824933687,11,0.029177718832891247,4,0.010610079575596816,13,0.034482758620689655,8,0.021220159151193633,16,0.042440318302387266,1,0.002652519893899204,4,0.010610079575596816,0,0.0,1,0.002652519893899204,0,0.0,6,0.015915119363395226,0,0.0,0,0.0,0,0.0,7,0.01856763925729443,0,0.0,0,0.0,1,0.002652519893899204,1,0.002652519893899204,3,0.007957559681697613,1,0.002652519893899204,0,0.0,7,0.01856763925729443,377,1.0,ORIGEN,SECCION,COMPLETO
706,18,NAYARIT,TEPIC,,,709,1502,1850,1.2316910785619175,-0.2316910785619175,MORENA,659,0.35621621621621624,186,0.10054054054054054,MC,473,0.2556756756756757,363,0.1962162162162162,PAN,110,0.05945945945945946,MORENA,659,0.35621621621621624,186,0.10054054054054054,MC,473,0.2556756756756757,363,0.1962162162162162,PAN,110,0.05945945945945946,110,0.05945945945945946,74,0.04,10,0.005405405405405406,95,0.051351351351351354,64,0.034594594594594595,473,0.2556756756756757,659,0.35621621621621624,41,0.02216216216216216,14,0.0075675675675675675,72,0.03891891891891892,14,0.0075675675675675675,62,0.03351351351351351,5,0.002702702702702703,21,0.011351351351351352,2,0.001081081081081081,2,0.001081081081081081,1,0.0005405405405405405,56,0.03027027027027027,14,0.0075675675675675675,1,0.0005405405405405405,9,0.004864864864864865,7,0.0037837837837837837,1,0.0005405405405405405,10,0.005405405405405406,4,0.002162162162162162,8,0.004324324324324324,1,0.0005405405405405405,6,0.003243243243243243,2,0.001081081081081081,12,0.006486486486486486,1850,1.0,ORIGEN,SECCION,COMPLETO
707,18,NAYARIT,TEPIC,,,710,1327,747,0.5629238884702336,0.43707611152976644,MORENA,241,0.32262382864792505,68,0.09103078982597054,MC,173,0.23159303882195448,118,0.15796519410977242,MLN,55,0.07362784471218206,MORENA,241,0.32262382864792505,68,0.09103078982597054,MC,173,0.23159303882195448,118,0.15796519410977242,MLN,55,0.07362784471218206,28,0.03748326639892905,38,0.050870147255689425,5,0.006693440428380187,22,0.029451137884872823,28,0.03748326639892905,173,0.23159303882195448,241,0.32262382864792505,18,0.024096385542168676,6,0.008032128514056224,55,0.07362784471218206,10,0.013386880856760375,43,0.05756358768406961,2,0.002677376171352075,9,0.012048192771084338,1,0.0013386880856760374,0,0.0,1,0.0013386880856760374,19,0.025435073627844713,9,0.012048192771084338,1,0.0013386880856760374,2,0.002677376171352075,5,0.006693440428380187,1,0.0013386880856760374,1,0.0013386880856760374,0,0.0,4,0.00535475234270415,0,0.0,3,0.004016064257028112,0,0.0,22,0.029451137884872823,747,1.0,ORIGEN,SECCION,COMPLETO
708,18,NAYARIT,TEPIC,,,712,1280,524,0.409375,0.590625,MORENA,184,0.3511450381679389,66,0.12595419847328243,MC,118,0.22519083969465647,67,0.12786259541984732,PT,51,0.09732824427480916,MORENA,184,0.3511450381679389,66,0.12595419847328243,MC,118,0.22519083969465647,67,0.12786259541984732,PT,51,0.09732824427480916,24,0.04580152671755725,21,0.04007633587786259,4,0.007633587786259542,51,0.09732824427480916,29,0.05534351145038168,118,0.22519083969465647,184,0.3511450381679389,5,0.009541984732824428,6,0.011450381679389313,13,0.02480916030534351,4,0.007633587786259542,18,0.03435114503816794,3,0.0057251908396946565,3,0.0057251908396946565,0,0.0,0,0.0,0,0.0,4,0.007633587786259542,6,0.011450381679389313,0,0.0,2,0.003816793893129771,3,0.0057251908396946565,1,0.0019083969465648854,4,0.007633587786259542,1,0.0019083969465648854,5,0.009541984732824428,0,0.0,3,0.0057251908396946565,2,0.003816793893129771,10,0.019083969465648856,524,1.0,ORIGEN,SECCION,COMPLETO
709,18,NAYARIT,TEPIC,,,713,1418,878,0.6191819464033851,0.3808180535966149,MORENA,242,0.275626423690205,16,0.018223234624145785,MC,226,0.25740318906605925,119,0.13553530751708429,PAN,107,0.12186788154897495,MORENA,242,0.275626423690205,16,0.018223234624145785,MC,226,0.25740318906605925,119,0.13553530751708429,PAN,107,0.12186788154897495,107,0.12186788154897495,57,0.06492027334851937,5,0.0056947608200455585,26,0.029612756264236904,39,0.04441913439635535,226,0.25740318906605925,242,0.275626423690205,14,0.015945330296127564,17,0.0193621867881549,37,0.04214123006833713,6,0.00683371298405467,32,0.03644646924829157,3,0.003416856492027335,10,0.011389521640091117,5,0.0056947608200455585,0,0.0,0,0.0,17,0.0193621867881549,6,0.00683371298405467,0,0.0,1,0.0011389521640091116,0,0.0,0,0.0,5,0.0056947608200455585,1,0.0011389521640091116,2,0.002277904328018223,0,0.0,3,0.003416856492027335,0,0.0,17,0.0193621867881549,878,1.0,ORIGEN,SECCION,COMPLETO
710,18,NAYARIT,TEPIC,,,714,602,352,0.584717607973422,0.415282392026578,MORENA,140,0.3977272727272727,76,0.2159090909090909,MC,64,0.18181818181818182,40,0.11363636363636363,MLN,24,0.06818181818181818,MORENA,140,0.3977272727272727,76,0.2159090909090909,MC,64,0.18181818181818182,40,0.11363636363636363,MLN,24,0.06818181818181818,8,0.022727272727272728,9,0.02556818181818182,2,0.005681818181818182,21,0.05965909090909091,11,0.03125,64,0.18181818181818182,140,0.3977272727272727,8,0.022727272727272728,6,0.017045454545454544,24,0.06818181818181818,3,0.008522727272727272,20,0.056818181818181816,2,0.005681818181818182,3,0.008522727272727272,1,0.002840909090909091,0,0.0,0,0.0,11,0.03125,5,0.014204545454545454,0,0.0,1,0.002840909090909091,0,0.0,0,0.0,1,0.002840909090909091,1,0.002840909090909091,3,0.008522727272727272,1,0.002840909090909091,4,0.011363636363636364,0,0.0,3,0.008522727272727272,352,1.0,ORIGEN,SECCION,COMPLETO
711,18,NAYARIT,TEPIC,,,715,1237,719,0.5812449474535166,0.4187550525464834,MORENA,243,0.3379694019471488,107,0.14881780250347706,MC,136,0.18915159944367177,60,0.08344923504867872,PAN,76,0.10570236439499305,MORENA,243,0.3379694019471488,107,0.14881780250347706,MC,136,0.18915159944367177,60,0.08344923504867872,PAN,76,0.10570236439499305,76,0.10570236439499305,41,0.05702364394993046,7,0.009735744089012517,24,0.03337969401947149,21,0.02920723226703755,136,0.18915159944367177,243,0.3379694019471488,14,0.019471488178025034,11,0.015299026425591099,37,0.05146036161335188,6,0.008344923504867872,29,0.04033379694019471,7,0.009735744089012517,17,0.02364394993045897,2,0.0027816411682892906,0,0.0,0,0.0,7,0.009735744089012517,8,0.011126564673157162,0,0.0,1,0.0013908205841446453,6,0.008344923504867872,0,0.0,2,0.0027816411682892906,0,0.0,7,0.009735744089012517,0,0.0,3,0.004172461752433936,0,0.0,14,0.019471488178025034,719,1.0,ORIGEN,SECCION,COMPLETO
712,18,NAYARIT,TEPIC,,,716,523,317,0.6061185468451242,0.39388145315487577,MORENA,92,0.2902208201892745,9,0.028391167192429023,MC,83,0.2618296529968454,34,0.10725552050473186,PAN,49,0.15457413249211358,MORENA,92,0.2902208201892745,9,0.028391167192429023,MC,83,0.2618296529968454,34,0.10725552050473186,PAN,49,0.15457413249211358,49,0.15457413249211358,20,0.06309148264984227,0,0.0,9,0.028391167192429023,13,0.04100946372239748,83,0.2618296529968454,92,0.2902208201892745,3,0.00946372239747634,4,0.012618296529968454,14,0.04416403785488959,0,0.0,9,0.028391167192429023,6,0.01892744479495268,2,0.006309148264984227,0,0.0,0,0.0,0,0.0,5,0.015772870662460567,2,0.006309148264984227,0,0.0,0,0.0,2,0.006309148264984227,0,0.0,0,0.0,0,0.0,0,0.0,0,0.0,1,0.0031545741324921135,0,0.0,3,0.00946372239747634,317,1.0,ORIGEN,SECCION,COMPLETO
713,18,NAYARIT,TEPIC,,,717,190,96,0.5052631578947369,0.49473684210526314,MORENA,25,0.2604166666666667,4,0.041666666666666664,MC,21,0.21875,12,0.125,PT,9,0.09375,MORENA,25,0.2604166666666667,4,0.041666666666666664,MC,21,0.21875,12,0.125,PT,9,0.09375,7,0.07291666666666667,4,0.041666666666666664,0,0.0,9,0.09375,5,0.052083333333333336,21,0.21875,25,0.2604166666666667,3,0.03125,0,0.0,6,0.0625,1,0.010416666666666666,6,0.0625,0,0.0,1,0.010416666666666666,1,0.010416666666666666,0,0.0,0,0.0,3,0.03125,0,0.0,1,0.010416666666666666,1,0.010416666666666666,0,0.0,0,0.0,2,0.020833333333333332,0,0.0,0,0.0,0,0.0,0,0.0,0,0.0,0,0.0,96,1.0,ORIGEN,SECCION,COMPLETO
714,18,NAYARIT,TEPIC,,,718,547,320,0.5850091407678245,0.4149908592321755,MORENA,101,0.315625,24,0.075,MC,77,0.240625,48,0.15,PAN,29,0.090625,MORENA,101,0.315625,24,0.075,MC,77,0.240625,48,0.15,PAN,29,0.090625,29,0.090625,22,0.06875,0,0.0,10,0.03125,8,0.025,77,0.240625,101,0.315625,10,0.03125,2,0.00625,13,0.040625,7,0.021875,14,0.04375,0,0.0,4,0.0125,0,0.0,0,0.0,0,0.0,11,0.034375,1,0.003125,0,0.0,2,0.00625,2,0.00625,0,0.0,0,0.0,1,0.003125,2,0.00625,1,0.003125,1,0.003125,0,0.0,2,0.00625,320,1.0,ORIGEN,SECCION,COMPLETO
715,18,NAYARIT,TEPIC,,,719,1518,780,0.5138339920948617,0.4861660079051383,MORENA,300,0.38461538461538464,123,0.1576923076923077,MC,177,0.22692307692307692,119,0.15256410256410258,PAN,58,0.07435897435897436,MORENA,300,0.38461538461538464,123,0.1576923076923077,MC,177,0.22692307692307692,119,0.15256410256410258,PAN,58,0.07435897435897436,58,0.07435897435897436,29,0.03717948717948718,4,0.005128205128205128,37,0.047435897435897434,28,0.035897435897435895,177,0.22692307692307692,300,0.38461538461538464,8,0.010256410256410256,11,0.014102564102564103,31,0.03974358974358974,7,0.008974358974358974,24,0.03076923076923077,5,0.00641025641025641,11,0.014102564102564103,0,0.0,0,0.0,0,0.0,19,0.02435897435897436,2,0.002564102564102564,1,0.001282051282051282,2,0.002564102564102564,4,0.005128205128205128,1,0.001282051282051282,0,0.0,0,0.0,5,0.00641025641025641,1,0.001282051282051282,1,0.001282051282051282,0,0.0,14,0.017948717948717947,780,1.0,ORIGEN,SECCION,COMPLETO
716,18,NAYARIT,TEPIC,,,720,813,418,0.5141451414514145,0.48585485854858546,MORENA,134,0.32057416267942584,34,0.08133971291866028,MC,100,0.23923444976076555,58,0.13875598086124402,MLN,42,0.10047846889952153,MORENA,134,0.32057416267942584,34,0.08133971291866028,MC,100,0.23923444976076555,58,0.13875598086124402,MLN,42,0.10047846889952153,20,0.04784688995215311,12,0.028708133971291867,4,0.009569377990430622,11,0.02631578947368421,11,0.02631578947368421,100,0.23923444976076555,134,0.32057416267942584,11,0.02631578947368421,5,0.011961722488038277,42,0.10047846889952153,6,0.014354066985645933,16,0.03827751196172249,4,0.009569377990430622,4,0.009569377990430622,0,0.0,0,0.0,0,0.0,9,0.0215311004784689,6,0.014354066985645933,1,0.0023923444976076554,0,0.0,2,0.004784688995215311,1,0.0023923444976076554,1,0.0023923444976076554,0,0.0,1,0.0023923444976076554,2,0.004784688995215311,2,0.004784688995215311,0,0.0,13,0.03110047846889952,418,1.0,ORIGEN,SECCION,COMPLETO
717,18,NAYARIT,TEPIC,,,721,732,411,0.5614754098360656,0.4385245901639344,MORENA,154,0.3746958637469586,63,0.15328467153284672,MC,91,0.22141119221411193,63,0.15328467153284672,PAN,28,0.0681265206812652,MORENA,154,0.3746958637469586,63,0.15328467153284672,MC,91,0.22141119221411193,63,0.15328467153284672,PAN,28,0.0681265206812652,28,0.0681265206812652,7,0.0170316301703163,4,0.009732360097323601,14,0.0340632603406326,7,0.0170316301703163,91,0.22141119221411193,154,0.3746958637469586,7,0.0170316301703163,9,0.021897810218978103,27,0.06569343065693431,2,0.004866180048661801,16,0.038929440389294405,2,0.004866180048661801,5,0.012165450121654502,0,0.0,1,0.0024330900243309003,0,0.0,10,0.024330900243309004,5,0.012165450121654502,0,0.0,0,0.0,3,0.0072992700729927005,0,0.0,0,0.0,0,0.0,5,0.012165450121654502,0,0.0,4,0.009732360097323601,0,0.0,10,0.024330900243309004,411,1.0,ORIGEN,SECCION,COMPLETO
718,18,NAYARIT,TEPIC,,,722,763,460,0.6028833551769331,0.39711664482306686,MORENA,162,0.3521739130434783,43,0.09347826086956522,MC,119,0.25869565217391305,92,0.2,PAN,27,0.058695652173913045,MORENA,162,0.3521739130434783,43,0.09347826086956522,MC,119,0.25869565217391305,92,0.2,PAN,27,0.058695652173913045,27,0.058695652173913045,18,0.0391304347826087,8,0.017391304347826087,15,0.03260869565217391,13,0.02826086956521739,119,0.25869565217391305,162,0.3521739130434783,12,0.02608695652173913,12,0.02608695652173913,14,0.030434782608695653,3,0.006521739130434782,7,0.015217391304347827,1,0.002173913043478261,2,0.004347826086956522,0,0.0,0,0.0,0,0.0,12,0.02608695652173913,4,0.008695652173913044,0,0.0,0,0.0,6,0.013043478260869565,1,0.002173913043478261,3,0.006521739130434782,0,0.0,7,0.015217391304347827,0,0.0,5,0.010869565217391304,0,0.0,9,0.01956521739130435,460,1.0,ORIGEN,SECCION,COMPLETO
719,18,NAYARIT,TEPIC,,,723,1775,935,0.5267605633802817,0.47323943661971835,MORENA,373,0.39893048128342246,171,0.18288770053475936,MC,202,0.2160427807486631,150,0.16042780748663102,RSP,52,0.05561497326203209,MORENA,373,0.39893048128342246,171,0.18288770053475936,MC,202,0.2160427807486631,150,0.16042780748663102,RSP,52,0.05561497326203209,49,0.052406417112299465,33,0.03529411764705882,5,0.0053475935828877,26,0.027807486631016044,25,0.026737967914438502,202,0.2160427807486631,373,0.39893048128342246,23,0.02459893048128342,22,0.023529411764705882,47,0.05026737967914439,11,0.011764705882352941,52,0.05561497326203209,5,0.0053475935828877,6,0.006417112299465241,0,0.0,2,0.0021390374331550803,0,0.0,14,0.014973262032085561,10,0.0106951871657754,0,0.0,0,0.0,2,0.0021390374331550803,2,0.0021390374331550803,1,0.0010695187165775401,0,0.0,7,0.0074866310160427805,0,0.0,2,0.0021390374331550803,0,0.0,16,0.017112299465240642,935,1.0,ORIGEN,SECCION,COMPLETO
720,18,NAYARIT,TEPIC,,,724,1978,1032,0.5217391304347826,0.4782608695652174,MORENA,428,0.41472868217054265,249,0.24127906976744187,MC,179,0.17344961240310078,96,0.09302325581395349,MLN,83,0.08042635658914729,MORENA,428,0.41472868217054265,249,0.24127906976744187,MC,179,0.17344961240310078,96,0.09302325581395349,MLN,83,0.08042635658914729,59,0.05717054263565891,62,0.060077519379844964,9,0.00872093023255814,32,0.031007751937984496,26,0.025193798449612403,179,0.17344961240310078,428,0.41472868217054265,16,0.015503875968992248,22,0.02131782945736434,83,0.08042635658914729,10,0.009689922480620155,47,0.045542635658914726,5,0.0048449612403100775,11,0.01065891472868217,0,0.0,0,0.0,0,0.0,19,0.018410852713178296,3,0.0029069767441860465,0,0.0,0,0.0,1,0.0009689922480620155,1,0.0009689922480620155,0,0.0,1,0.0009689922480620155,2,0.001937984496124031,0,0.0,0,0.0,0,0.0,16,0.015503875968992248,1032,1.0,ORIGEN,SECCION,COMPLETO
721,18,NAYARIT,TEPIC,,,725,1476,879,0.5955284552845529,0.4044715447154471,MORENA,251,0.285551763367463,30,0.034129692832764506,MC,221,0.2514220705346985,121,0.13765642775881684,PAN,100,0.11376564277588168,MORENA,251,0.285551763367463,30,0.034129692832764506,MC,221,0.2514220705346985,121,0.13765642775881684,PAN,100,0.11376564277588168,100,0.11376564277588168,54,0.06143344709897611,5,0.005688282138794084,32,0.03640500568828214,39,0.04436860068259386,221,0.2514220705346985,251,0.285551763367463,15,0.017064846416382253,9,0.010238907849829351,26,0.02957906712172924,8,0.009101251422070534,56,0.06370875995449374,4,0.004550625711035267,10,0.011376564277588168,1,0.0011376564277588168,2,0.0022753128555176336,0,0.0,14,0.015927189988623434,4,0.004550625711035267,0,0.0,1,0.0011376564277588168,1,0.0011376564277588168,1,0.0011376564277588168,4,0.004550625711035267,0,0.0,2,0.0022753128555176336,0,0.0,0,0.0,0,0.0,19,0.02161547212741752,879,1.0,ORIGEN,SECCION,COMPLETO
722,18,NAYARIT,TEPIC,,,726,822,535,0.6508515815085159,0.34914841849148415,MORENA,165,0.308411214953271,35,0.06542056074766354,MC,130,0.24299065420560748,83,0.15514018691588785,PAN,47,0.08785046728971962,MORENA,165,0.308411214953271,35,0.06542056074766354,MC,130,0.24299065420560748,83,0.15514018691588785,PAN,47,0.08785046728971962,47,0.08785046728971962,19,0.03551401869158879,4,0.007476635514018692,13,0.024299065420560748,32,0.059813084112149535,130,0.24299065420560748,165,0.308411214953271,14,0.026168224299065422,6,0.011214953271028037,24,0.044859813084112146,2,0.003738317757009346,43,0.08037383177570094,3,0.005607476635514018,1,0.001869158878504673,1,0.001869158878504673,0,0.0,0,0.0,7,0.013084112149532711,7,0.013084112149532711,0,0.0,1,0.001869158878504673,9,0.016822429906542057,2,0.003738317757009346,0,0.0,0,0.0,1,0.001869158878504673,0,0.0,2,0.003738317757009346,0,0.0,2,0.003738317757009346,535,1.0,ORIGEN,SECCION,COMPLETO
723,18,NAYARIT,TEPIC,,,727,710,409,0.576056338028169,0.423943661971831,MORENA,163,0.39853300733496333,79,0.19315403422982885,MC,84,0.20537897310513448,60,0.1466992665036675,PAN,24,0.05867970660146699,MORENA,163,0.39853300733496333,79,0.19315403422982885,MC,84,0.20537897310513448,60,0.1466992665036675,PAN,24,0.05867970660146699,24,0.05867970660146699,12,0.029339853300733496,3,0.007334963325183374,14,0.034229828850855744,11,0.02689486552567237,84,0.20537897310513448,163,0.39853300733496333,15,0.03667481662591687,5,0.012224938875305624,15,0.03667481662591687,3,0.007334963325183374,17,0.04156479217603912,18,0.044009779951100246,3,0.007334963325183374,0,0.0,0,0.0,0,0.0,8,0.019559902200488997,3,0.007334963325183374,3,0.007334963325183374,1,0.0024449877750611247,1,0.0024449877750611247,3,0.007334963325183374,1,0.0024449877750611247,1,0.0024449877750611247,1,0.0024449877750611247,0,0.0,0,0.0,0,0.0,0,0.0,409,1.0,ORIGEN,SECCION,COMPLETO
724,18,NAYARIT,TEPIC,,,728,1027,679,0.6611489776046738,0.33885102239532616,MORENA,179,0.26362297496318116,20,0.029455081001472753,MC,159,0.2341678939617084,77,0.1134020618556701,PAN,82,0.12076583210603829,MORENA,179,0.26362297496318116,20,0.029455081001472753,MC,159,0.2341678939617084,77,0.1134020618556701,PAN,82,0.12076583210603829,82,0.12076583210603829,50,0.07363770250368189,7,0.010309278350515464,26,0.03829160530191458,43,0.06332842415316642,159,0.2341678939617084,179,0.26362297496318116,16,0.023564064801178203,5,0.007363770250368188,28,0.041237113402061855,9,0.013254786450662739,31,0.045655375552282766,3,0.004418262150220913,5,0.007363770250368188,2,0.0029455081001472753,0,0.0,0,0.0,10,0.014727540500736377,6,0.008836524300441826,0,0.0,1,0.0014727540500736377,3,0.004418262150220913,0,0.0,1,0.0014727540500736377,0,0.0,4,0.005891016200294551,0,0.0,2,0.0029455081001472753,0,0.0,7,0.010309278350515464,679,1.0,ORIGEN,SECCION,COMPLETO
725,18,NAYARIT,TEPIC,,,729,639,383,0.5993740219092332,0.40062597809076683,MORENA,135,0.3524804177545692,49,0.1279373368146214,MC,86,0.2245430809399478,58,0.1514360313315927,PAN,28,0.0731070496083551,MORENA,135,0.3524804177545692,49,0.1279373368146214,MC,86,0.2245430809399478,58,0.1514360313315927,PAN,28,0.0731070496083551,28,0.0731070496083551,26,0.06788511749347259,2,0.005221932114882507,10,0.02610966057441253,18,0.04699738903394256,86,0.2245430809399478,135,0.3524804177545692,9,0.02349869451697128,5,0.013054830287206266,15,0.0391644908616188,5,0.013054830287206266,14,0.03655352480417755,0,0.0,3,0.007832898172323759,1,0.0026109660574412533,1,0.0026109660574412533,0,0.0,6,0.015665796344647518,3,0.007832898172323759,1,0.0026109660574412533,1,0.0026109660574412533,1,0.0026109660574412533,1,0.0026109660574412533,0,0.0,1,0.0026109660574412533,3,0.007832898172323759,0,0.0,0,0.0,0,0.0,8,0.020887728459530026,383,1.0,ORIGEN,SECCION,COMPLETO
726,18,NAYARIT,TEPIC,,,730,855,435,0.5087719298245614,0.49122807017543857,MORENA,223,0.5126436781609195,156,0.3586206896551724,MC,67,0.15402298850574714,36,0.08275862068965517,PRI,31,0.07126436781609195,MORENA,223,0.5126436781609195,156,0.3586206896551724,MC,67,0.15402298850574714,36,0.08275862068965517,PRI,31,0.07126436781609195,14,0.03218390804597701,31,0.07126436781609195,2,0.004597701149425287,10,0.022988505747126436,14,0.03218390804597701,67,0.15402298850574714,223,0.5126436781609195,7,0.016091954022988506,5,0.011494252873563218,21,0.04827586206896552,2,0.004597701149425287,12,0.027586206896551724,0,0.0,1,0.0022988505747126436,1,0.0022988505747126436,0,0.0,0,0.0,7,0.016091954022988506,2,0.004597701149425287,0,0.0,0,0.0,0,0.0,1,0.0022988505747126436,2,0.004597701149425287,0,0.0,1,0.0022988505747126436,0,0.0,0,0.0,0,0.0,12,0.027586206896551724,435,1.0,ORIGEN,SECCION,COMPLETO
727,18,NAYARIT,TEPIC,,,731,989,527,0.5328614762386249,0.4671385237613751,MORENA,222,0.42125237191650855,104,0.19734345351043645,MC,118,0.2239089184060721,82,0.1555977229601518,MLN,36,0.0683111954459203,MORENA,222,0.42125237191650855,104,0.19734345351043645,MC,118,0.2239089184060721,82,0.1555977229601518,MLN,36,0.0683111954459203,23,0.04364326375711575,24,0.04554079696394687,5,0.009487666034155597,13,0.024667931688804556,5,0.009487666034155597,118,0.2239089184060721,222,0.42125237191650855,18,0.03415559772296015,8,0.015180265654648957,36,0.0683111954459203,3,0.0056925996204933585,17,0.03225806451612903,3,0.0056925996204933585,4,0.007590132827324478,2,0.003795066413662239,0,0.0,0,0.0,10,0.018975332068311195,0,0.0,0,0.0,1,0.0018975332068311196,3,0.0056925996204933585,0,0.0,3,0.0056925996204933585,1,0.0018975332068311196,0,0.0,0,0.0,2,0.003795066413662239,0,0.0,6,0.011385199240986717,527,1.0,ORIGEN,SECCION,COMPLETO
728,18,NAYARIT,TEPIC,,,732,2605,1282,0.4921305182341651,0.5078694817658349,MORENA,508,0.3962558502340094,244,0.19032761310452417,MC,264,0.2059282371294852,196,0.15288611544461778,PAN,68,0.0530421216848674,MORENA,508,0.3962558502340094,244,0.19032761310452417,MC,264,0.2059282371294852,196,0.15288611544461778,PAN,68,0.0530421216848674,68,0.0530421216848674,46,0.0358814352574103,13,0.01014040561622465,64,0.0499219968798752,45,0.035101404056162244,264,0.2059282371294852,508,0.3962558502340094,32,0.0249609984399376,24,0.0187207488299532,60,0.046801872074883,14,0.0109204368174727,34,0.0265210608424337,9,0.0070202808112324495,20,0.015600624024960999,0,0.0,0,0.0,0,0.0,25,0.01950078003120125,6,0.0046801872074883,1,0.00078003120124805,4,0.0031201248049922,3,0.00234009360374415,2,0.0015600624024961,3,0.00234009360374415,0,0.0,5,0.0039001560062402497,0,0.0,4,0.0031201248049922,0,0.0,28,0.0218408736349454,1282,1.0,ORIGEN,SECCION,COMPLETO
729,18,NAYARIT,TEPIC,,,733,1313,691,0.5262757044935262,0.47372429550647377,MORENA,276,0.3994211287988423,122,0.17655571635311143,MC,154,0.22286541244573083,110,0.15918958031837915,MLN,44,0.06367583212735166,MORENA,276,0.3994211287988423,122,0.17655571635311143,MC,154,0.22286541244573083,110,0.15918958031837915,MLN,44,0.06367583212735166,25,0.0361794500723589,30,0.04341534008683068,7,0.010130246020260492,26,0.03762662807525326,14,0.020260492040520984,154,0.22286541244573083,276,0.3994211287988423,7,0.010130246020260492,10,0.01447178002894356,44,0.06367583212735166,13,0.01881331403762663,18,0.02604920405209841,10,0.01447178002894356,11,0.015918958031837915,2,0.002894356005788712,0,0.0,0,0.0,6,0.008683068017366137,6,0.008683068017366137,0,0.0,1,0.001447178002894356,2,0.002894356005788712,8,0.011577424023154847,0,0.0,0,0.0,3,0.004341534008683068,0,0.0,3,0.004341534008683068,1,0.001447178002894356,14,0.020260492040520984,691,1.0,ORIGEN,SECCION,COMPLETO
730,18,NAYARIT,TEPIC,,,734,782,463,0.592071611253197,0.40792838874680304,MORENA,189,0.408207343412527,84,0.18142548596112312,MC,105,0.2267818574514039,69,0.1490280777537797,MLN,36,0.07775377969762419,MORENA,189,0.408207343412527,84,0.18142548596112312,MC,105,0.2267818574514039,69,0.1490280777537797,MLN,36,0.07775377969762419,19,0.04103671706263499,23,0.04967602591792657,1,0.0021598272138228943,19,0.04103671706263499,9,0.019438444924406047,105,0.2267818574514039,189,0.408207343412527,11,0.023758099352051837,10,0.02159827213822894,36,0.07775377969762419,4,0.008639308855291577,9,0.019438444924406047,1,0.0021598272138228943,8,0.017278617710583154,1,0.0021598272138228943,0,0.0,0,0.0,3,0.0064794816414686825,3,0.0064794816414686825,2,0.004319654427645789,0,0.0,2,0.004319654427645789,0,0.0,0,0.0,0,0.0,2,0.004319654427645789,0,0.0,0,0.0,1,0.0021598272138228943,5,0.01079913606911447,463,1.0,ORIGEN,SECCION,COMPLETO
731,18,NAYARIT,TEPIC,,,735,767,410,0.5345501955671447,0.46544980443285533,MORENA,168,0.4097560975609756,92,0.22439024390243903,MC,76,0.18536585365853658,45,0.10975609756097561,MLN,31,0.07560975609756097,MORENA,168,0.4097560975609756,92,0.22439024390243903,MC,76,0.18536585365853658,45,0.10975609756097561,MLN,31,0.07560975609756097,18,0.04390243902439024,14,0.03414634146341464,5,0.012195121951219513,14,0.03414634146341464,15,0.036585365853658534,76,0.18536585365853658,168,0.4097560975609756,6,0.014634146341463415,10,0.024390243902439025,31,0.07560975609756097,3,0.007317073170731708,15,0.036585365853658534,3,0.007317073170731708,3,0.007317073170731708,1,0.0024390243902439024,0,0.0,0,0.0,9,0.02195121951219512,2,0.004878048780487805,2,0.004878048780487805,1,0.0024390243902439024,3,0.007317073170731708,1,0.0024390243902439024,0,0.0,0,0.0,1,0.0024390243902439024,0,0.0,2,0.004878048780487805,1,0.0024390243902439024,6,0.014634146341463415,410,1.0,ORIGEN,SECCION,COMPLETO
732,18,NAYARIT,TEPIC,,,736,3221,1509,0.46848804719031356,0.5315119528096864,MORENA,628,0.4161696487740225,319,0.21139827700463884,MC,309,0.2047713717693837,205,0.1358515573227303,MLN,104,0.06891981444665342,MORENA,628,0.4161696487740225,319,0.21139827700463884,MC,309,0.2047713717693837,205,0.1358515573227303,MLN,104,0.06891981444665342,78,0.05168986083499006,83,0.05500331345261763,8,0.005301524188204109,51,0.033797216699801194,49,0.032471835652750164,309,0.2047713717693837,628,0.4161696487740225,33,0.02186878727634195,13,0.008614976805831677,104,0.06891981444665342,11,0.00728959575878065,37,0.024519549370444003,12,0.007952286282306162,14,0.00927766732935719,0,0.0,0,0.0,0,0.0,15,0.009940357852882704,9,0.005964214711729622,0,0.0,3,0.0019880715705765406,4,0.0026507620941020544,1,0.0006626905235255136,2,0.0013253810470510272,0,0.0,7,0.004638833664678595,1,0.0006626905235255136,4,0.0026507620941020544,3,0.0019880715705765406,30,0.019880715705765408,1509,1.0,ORIGEN,SECCION,COMPLETO
733,18,NAYARIT,TEPIC,,,738,1737,810,0.46632124352331605,0.533678756476684,MORENA,343,0.42345679012345677,184,0.2271604938271605,MC,159,0.1962962962962963,101,0.12469135802469136,MLN,58,0.07160493827160494,MORENA,343,0.42345679012345677,184,0.2271604938271605,MC,159,0.1962962962962963,101,0.12469135802469136,MLN,58,0.07160493827160494,21,0.025925925925925925,33,0.040740740740740744,10,0.012345679012345678,19,0.02345679012345679,21,0.025925925925925925,159,0.1962962962962963,343,0.42345679012345677,20,0.024691358024691357,5,0.006172839506172839,58,0.07160493827160494,10,0.012345679012345678,13,0.016049382716049384,3,0.003703703703703704,9,0.011111111111111112,3,0.003703703703703704,0,0.0,0,0.0,20,0.024691358024691357,10,0.012345679012345678,4,0.0049382716049382715,5,0.006172839506172839,4,0.0049382716049382715,3,0.003703703703703704,3,0.003703703703703704,0,0.0,5,0.006172839506172839,1,0.0012345679012345679,1,0.0012345679012345679,11,0.013580246913580247,16,0.019753086419753086,810,1.0,ORIGEN,SECCION,COMPLETO
734,18,NAYARIT,TEPIC,,,739,1452,783,0.5392561983471075,0.4607438016528925,MORENA,359,0.45849297573435505,237,0.30268199233716475,MC,122,0.1558109833971903,73,0.09323116219667944,MLN,49,0.06257982120051085,MORENA,359,0.45849297573435505,237,0.30268199233716475,MC,122,0.1558109833971903,73,0.09323116219667944,MLN,49,0.06257982120051085,32,0.04086845466155811,32,0.04086845466155811,9,0.011494252873563218,35,0.04469987228607918,22,0.0280970625798212,122,0.1558109833971903,359,0.45849297573435505,10,0.01277139208173691,7,0.008939974457215836,49,0.06257982120051085,16,0.020434227330779056,17,0.021711366538952746,2,0.002554278416347382,8,0.010217113665389528,2,0.002554278416347382,0,0.0,0,0.0,14,0.017879948914431672,5,0.006385696040868455,4,0.005108556832694764,2,0.002554278416347382,4,0.005108556832694764,1,0.001277139208173691,4,0.005108556832694764,0,0.0,8,0.010217113665389528,0,0.0,5,0.006385696040868455,0,0.0,14,0.017879948914431672,783,1.0,ORIGEN,SECCION,COMPLETO
735,18,NAYARIT,TEPIC,,,740,1000,517,0.517,0.483,MORENA,214,0.41392649903288203,109,0.21083172147001933,MC,105,0.20309477756286268,72,0.13926499032882012,MLN,33,0.06382978723404255,MORENA,214,0.41392649903288203,109,0.21083172147001933,MC,105,0.20309477756286268,72,0.13926499032882012,MLN,33,0.06382978723404255,15,0.029013539651837523,24,0.04642166344294004,3,0.005802707930367505,21,0.04061895551257253,14,0.027079303675048357,105,0.20309477756286268,214,0.41392649903288203,5,0.009671179883945842,14,0.027079303675048357,33,0.06382978723404255,7,0.013539651837524178,12,0.02321083172147002,4,0.007736943907156673,7,0.013539651837524178,1,0.0019342359767891683,1,0.0019342359767891683,0,0.0,8,0.015473887814313346,5,0.009671179883945842,1,0.0019342359767891683,0,0.0,2,0.0038684719535783366,0,0.0,2,0.0038684719535783366,0,0.0,3,0.005802707930367505,0,0.0,1,0.0019342359767891683,0,0.0,15,0.029013539651837523,517,1.0,ORIGEN,SECCION,COMPLETO
736,18,NAYARIT,TEPIC,,,741,783,492,0.6283524904214559,0.3716475095785441,MORENA,159,0.3231707317073171,37,0.07520325203252033,MC,122,0.24796747967479674,83,0.16869918699186992,MLN,39,0.07926829268292683,MORENA,159,0.3231707317073171,37,0.07520325203252033,MC,122,0.24796747967479674,83,0.16869918699186992,MLN,39,0.07926829268292683,27,0.054878048780487805,23,0.046747967479674794,5,0.01016260162601626,9,0.018292682926829267,13,0.026422764227642278,122,0.24796747967479674,159,0.3231707317073171,16,0.032520325203252036,5,0.01016260162601626,39,0.07926829268292683,4,0.008130081300813009,28,0.056910569105691054,4,0.008130081300813009,5,0.01016260162601626,0,0.0,0,0.0,0,0.0,8,0.016260162601626018,4,0.008130081300813009,0,0.0,0,0.0,2,0.0040650406504065045,0,0.0,4,0.008130081300813009,0,0.0,2,0.0040650406504065045,1,0.0020325203252032522,1,0.0020325203252032522,1,0.0020325203252032522,10,0.02032520325203252,492,1.0,ORIGEN,SECCION,COMPLETO
737,18,NAYARIT,TEPIC,,,742,992,526,0.530241935483871,0.469758064516129,MORENA,210,0.39923954372623577,85,0.16159695817490494,MC,125,0.2376425855513308,93,0.17680608365019013,RSP,32,0.060836501901140684,MORENA,210,0.39923954372623577,85,0.16159695817490494,MC,125,0.2376425855513308,93,0.17680608365019013,RSP,32,0.060836501901140684,16,0.030418250950570342,24,0.045627376425855515,10,0.019011406844106463,16,0.030418250950570342,15,0.028517110266159697,125,0.2376425855513308,210,0.39923954372623577,14,0.026615969581749048,5,0.009505703422053232,21,0.039923954372623575,7,0.013307984790874524,32,0.060836501901140684,4,0.0076045627376425855,3,0.005703422053231939,0,0.0,0,0.0,0,0.0,5,0.009505703422053232,4,0.0076045627376425855,0,0.0,1,0.0019011406844106464,2,0.0038022813688212928,0,0.0,3,0.005703422053231939,0,0.0,1,0.0019011406844106464,0,0.0,2,0.0038022813688212928,1,0.0019011406844106464,5,0.009505703422053232,526,1.0,ORIGEN,SECCION,COMPLETO
738,18,NAYARIT,TEPIC,,,743,799,438,0.5481852315394243,0.45181476846057567,MORENA,185,0.4223744292237443,96,0.2191780821917808,MC,89,0.20319634703196346,61,0.13926940639269406,MLN,28,0.0639269406392694,MORENA,185,0.4223744292237443,96,0.2191780821917808,MC,89,0.20319634703196346,61,0.13926940639269406,MLN,28,0.0639269406392694,18,0.0410958904109589,11,0.02511415525114155,5,0.01141552511415525,9,0.02054794520547945,6,0.0136986301369863,89,0.20319634703196346,185,0.4223744292237443,8,0.0182648401826484,11,0.02511415525114155,28,0.0639269406392694,4,0.0091324200913242,10,0.0228310502283105,2,0.0045662100456621,1,0.00228310502283105,1,0.00228310502283105,0,0.0,0,0.0,12,0.0273972602739726,5,0.01141552511415525,1,0.00228310502283105,4,0.0091324200913242,2,0.0045662100456621,0,0.0,1,0.00228310502283105,0,0.0,4,0.0091324200913242,0,0.0,3,0.00684931506849315,0,0.0,18,0.0410958904109589,438,1.0,ORIGEN,SECCION,COMPLETO
739,18,NAYARIT,TEPIC,,,744,1690,946,0.5597633136094674,0.4402366863905326,MORENA,340,0.3594080338266385,120,0.12684989429175475,MC,220,0.23255813953488372,160,0.16913319238900634,PAN,60,0.06342494714587738,MORENA,340,0.3594080338266385,120,0.12684989429175475,MC,220,0.23255813953488372,160,0.16913319238900634,PAN,60,0.06342494714587738,60,0.06342494714587738,60,0.06342494714587738,10,0.010570824524312896,32,0.03382663847780127,26,0.02748414376321353,220,0.23255813953488372,340,0.3594080338266385,22,0.023255813953488372,8,0.008456659619450317,46,0.048625792811839326,13,0.013742071881606765,32,0.03382663847780127,1,0.0010570824524312897,9,0.009513742071881607,0,0.0,1,0.0010570824524312897,0,0.0,26,0.02748414376321353,4,0.004228329809725159,0,0.0,0,0.0,4,0.004228329809725159,1,0.0010570824524312897,1,0.0010570824524312897,0,0.0,7,0.007399577167019027,0,0.0,4,0.004228329809725159,1,0.0010570824524312897,18,0.019027484143763214,946,1.0,ORIGEN,SECCION,COMPLETO
740,18,NAYARIT,TEPIC,,,745,1269,626,0.4933018124507486,0.5066981875492513,MORENA,283,0.4520766773162939,146,0.23322683706070288,MC,137,0.21884984025559107,107,0.17092651757188498,PAN,30,0.04792332268370607,MORENA,283,0.4520766773162939,146,0.23322683706070288,MC,137,0.21884984025559107,107,0.17092651757188498,PAN,30,0.04792332268370607,30,0.04792332268370607,24,0.038338658146964855,6,0.009584664536741214,25,0.039936102236421724,15,0.023961661341853034,137,0.21884984025559107,283,0.4520766773162939,7,0.011182108626198083,3,0.004792332268370607,18,0.02875399361022364,10,0.01597444089456869,26,0.04153354632587859,4,0.006389776357827476,5,0.007987220447284345,1,0.001597444089456869,0,0.0,0,0.0,0,0.0,15,0.023961661341853034,0,0.0,0,0.0,0,0.0,0,0.0,2,0.003194888178913738,0,0.0,2,0.003194888178913738,0,0.0,1,0.001597444089456869,1,0.001597444089456869,11,0.01757188498402556,626,1.0,ORIGEN,SECCION,COMPLETO
741,18,NAYARIT,TEPIC,,,746,1308,668,0.5107033639143731,0.4892966360856269,MORENA,305,0.4565868263473054,181,0.27095808383233533,MC,124,0.18562874251497005,88,0.1317365269461078,MLN,36,0.05389221556886228,MORENA,305,0.4565868263473054,181,0.27095808383233533,MC,124,0.18562874251497005,88,0.1317365269461078,MLN,36,0.05389221556886228,29,0.04341317365269461,21,0.03143712574850299,5,0.0074850299401197605,31,0.04640718562874251,15,0.02245508982035928,124,0.18562874251497005,305,0.4565868263473054,10,0.014970059880239521,6,0.008982035928143712,36,0.05389221556886228,7,0.010479041916167664,19,0.02844311377245509,3,0.004491017964071856,3,0.004491017964071856,0,0.0,0,0.0,0,0.0,25,0.0374251497005988,8,0.011976047904191617,1,0.0014970059880239522,2,0.0029940119760479044,0,0.0,0,0.0,0,0.0,0,0.0,8,0.011976047904191617,0,0.0,1,0.0014970059880239522,1,0.0014970059880239522,8,0.011976047904191617,668,1.0,ORIGEN,SECCION,COMPLETO
742,18,NAYARIT,TEPIC,,,747,1131,523,0.4624226348364279,0.537577365163572,MORENA,212,0.40535372848948376,108,0.20650095602294455,MC,104,0.1988527724665392,74,0.14149139579349904,MLN,30,0.05736137667304015,MORENA,212,0.40535372848948376,108,0.20650095602294455,MC,104,0.1988527724665392,74,0.14149139579349904,MLN,30,0.05736137667304015,18,0.03441682600382409,17,0.032504780114722756,8,0.015296367112810707,16,0.030592734225621414,14,0.02676864244741874,104,0.1988527724665392,212,0.40535372848948376,13,0.0248565965583174,6,0.011472275334608031,30,0.05736137667304015,10,0.019120458891013385,18,0.03441682600382409,1,0.0019120458891013384,8,0.015296367112810707,1,0.0019120458891013384,0,0.0,1,0.0019120458891013384,18,0.03441682600382409,1,0.0019120458891013384,0,0.0,1,0.0019120458891013384,0,0.0,1,0.0019120458891013384,4,0.0076481835564053535,2,0.0038240917782026767,4,0.0076481835564053535,0,0.0,2,0.0038240917782026767,0,0.0,13,0.0248565965583174,523,1.0,ORIGEN,SECCION,COMPLETO
743,18,NAYARIT,TEPIC,,,748,1139,563,0.4942932396839333,0.5057067603160668,MORENA,193,0.3428063943161634,98,0.17406749555950266,MC,95,0.16873889875666073,49,0.08703374777975133,MLN,46,0.08170515097690942,MORENA,193,0.3428063943161634,98,0.17406749555950266,MC,95,0.16873889875666073,49,0.08703374777975133,MLN,46,0.08170515097690942,20,0.035523978685612786,41,0.07282415630550622,13,0.023090586145648313,26,0.046181172291296625,14,0.02486678507992895,95,0.16873889875666073,193,0.3428063943161634,14,0.02486678507992895,9,0.015985790408525755,46,0.08170515097690942,10,0.017761989342806393,13,0.023090586145648313,3,0.0053285968028419185,11,0.019538188277087035,1,0.0017761989342806395,1,0.0017761989342806395,1,0.0017761989342806395,20,0.035523978685612786,7,0.012433392539964476,0,0.0,1,0.0017761989342806395,2,0.003552397868561279,1,0.0017761989342806395,4,0.007104795737122558,0,0.0,3,0.0053285968028419185,0,0.0,2,0.003552397868561279,0,0.0,12,0.021314387211367674,563,1.0,ORIGEN,SECCION,COMPLETO
744,18,NAYARIT,TEPIC,,,749,3067,1471,0.4796217802412781,0.5203782197587219,MORENA,516,0.35078178110129166,173,0.11760707002039429,MC,343,0.23317471108089735,269,0.18286879673691367,MLN,74,0.05030591434398368,MORENA,516,0.35078178110129166,173,0.11760707002039429,MC,343,0.23317471108089735,269,0.18286879673691367,MLN,74,0.05030591434398368,71,0.04826648538409246,61,0.04146838885112169,11,0.007477906186267845,63,0.04282800815771584,42,0.028552005438477225,343,0.23317471108089735,516,0.35078178110129166,32,0.021753908905506457,30,0.020394289598912305,74,0.05030591434398368,20,0.013596193065941536,54,0.036709721278042146,7,0.004758667573079538,14,0.009517335146159076,4,0.002719238613188307,2,0.0013596193065941536,0,0.0,46,0.03127124405166554,12,0.008157715839564922,1,0.0006798096532970768,6,0.004078857919782461,6,0.004078857919782461,1,0.0006798096532970768,4,0.002719238613188307,0,0.0,10,0.006798096532970768,6,0.004078857919782461,9,0.006118286879673691,0,0.0,26,0.017675050985723997,1471,1.0,ORIGEN,SECCION,COMPLETO
745,18,NAYARIT,TEPIC,,,750,573,288,0.5026178010471204,0.4973821989528796,MORENA,126,0.4375,89,0.3090277777777778,PAN,37,0.1284722222222222,19,0.06597222222222222,RSP,18,0.0625,MORENA,126,0.4375,89,0.3090277777777778,PAN,37,0.1284722222222222,19,0.06597222222222222,RSP,18,0.0625,37,0.1284722222222222,7,0.024305555555555556,2,0.006944444444444444,14,0.04861111111111111,15,0.052083333333333336,3,0.010416666666666666,126,0.4375,3,0.010416666666666666,4,0.013888888888888888,13,0.04513888888888889,8,0.027777777777777776,18,0.0625,6,0.020833333333333332,5,0.017361111111111112,0,0.0,1,0.003472222222222222,0,0.0,0,0.0,1,0.003472222222222222,8,0.027777777777777776,1,0.003472222222222222,1,0.003472222222222222,0,0.0,3,0.010416666666666666,0,0.0,2,0.006944444444444444,0,0.0,1,0.003472222222222222,1,0.003472222222222222,8,0.027777777777777776,288,1.0,ORIGEN,SECCION,COMPLETO
746,18,NAYARIT,TEPIC,,,751,862,444,0.5150812064965197,0.4849187935034803,MORENA,173,0.38963963963963966,87,0.19594594594594594,MC,86,0.19369369369369369,47,0.10585585585585586,MLN,39,0.08783783783783784,MORENA,173,0.38963963963963966,87,0.19594594594594594,MC,86,0.19369369369369369,47,0.10585585585585586,MLN,39,0.08783783783783784,34,0.07657657657657657,10,0.02252252252252252,9,0.02027027027027027,19,0.04279279279279279,9,0.02027027027027027,86,0.19369369369369369,173,0.38963963963963966,9,0.02027027027027027,1,0.0022522522522522522,39,0.08783783783783784,4,0.009009009009009009,7,0.015765765765765764,1,0.0022522522522522522,9,0.02027027027027027,1,0.0022522522522522522,0,0.0,0,0.0,7,0.015765765765765764,7,0.015765765765765764,0,0.0,2,0.0045045045045045045,5,0.01126126126126126,0,0.0,3,0.006756756756756757,0,0.0,2,0.0045045045045045045,0,0.0,3,0.006756756756756757,0,0.0,4,0.009009009009009009,444,1.0,ORIGEN,SECCION,COMPLETO
747,18,NAYARIT,TEPIC,,,752,1286,683,0.531104199066874,0.468895800933126,MORENA,293,0.4289897510980966,176,0.25768667642752563,MC,117,0.17130307467057102,78,0.11420204978038068,PAN,39,0.05710102489019034,MORENA,293,0.4289897510980966,176,0.25768667642752563,MC,117,0.17130307467057102,78,0.11420204978038068,PAN,39,0.05710102489019034,39,0.05710102489019034,26,0.03806734992679356,4,0.005856515373352855,23,0.03367496339677892,16,0.02342606149341142,117,0.17130307467057102,293,0.4289897510980966,17,0.024890190336749635,7,0.010248901903367497,32,0.04685212298682284,7,0.010248901903367497,21,0.03074670571010249,7,0.010248901903367497,13,0.01903367496339678,1,0.0014641288433382138,0,0.0,1,0.0014641288433382138,24,0.03513909224011713,10,0.014641288433382138,1,0.0014641288433382138,3,0.004392386530014641,1,0.0014641288433382138,2,0.0029282576866764276,4,0.005856515373352855,0,0.0,4,0.005856515373352855,0,0.0,1,0.0014641288433382138,0,0.0,9,0.013177159590043924,683,1.0,ORIGEN,SECCION,COMPLETO
748,18,NAYARIT,TEPIC,,,753,1424,840,0.5898876404494382,0.4101123595505618,MORENA,347,0.41309523809523807,165,0.19642857142857142,MC,182,0.21666666666666667,128,0.1523809523809524,PAN,54,0.06428571428571428,MORENA,347,0.41309523809523807,165,0.19642857142857142,MC,182,0.21666666666666667,128,0.1523809523809524,PAN,54,0.06428571428571428,54,0.06428571428571428,24,0.02857142857142857,12,0.014285714285714285,33,0.039285714285714285,10,0.011904761904761904,182,0.21666666666666667,347,0.41309523809523807,43,0.05119047619047619,13,0.015476190476190477,23,0.02738095238095238,10,0.011904761904761904,37,0.04404761904761905,3,0.0035714285714285713,4,0.004761904761904762,4,0.004761904761904762,1,0.0011904761904761906,0,0.0,12,0.014285714285714285,5,0.005952380952380952,1,0.0011904761904761906,2,0.002380952380952381,7,0.008333333333333333,2,0.002380952380952381,6,0.007142857142857143,0,0.0,1,0.0011904761904761906,0,0.0,2,0.002380952380952381,0,0.0,2,0.002380952380952381,840,1.0,ORIGEN,SECCION,COMPLETO
749,18,NAYARIT,TEPIC,,,754,2471,1285,0.5200323755564549,0.4799676244435451,MORENA,462,0.3595330739299611,174,0.13540856031128404,MC,288,0.22412451361867705,222,0.17276264591439688,PRI,66,0.051361867704280154,MORENA,462,0.3595330739299611,174,0.13540856031128404,MC,288,0.22412451361867705,222,0.17276264591439688,PRI,66,0.051361867704280154,53,0.04124513618677043,66,0.051361867704280154,18,0.014007782101167316,50,0.038910505836575876,64,0.049805447470817124,288,0.22412451361867705,462,0.3595330739299611,22,0.017120622568093387,11,0.008560311284046693,60,0.04669260700389105,14,0.010894941634241245,34,0.026459143968871595,11,0.008560311284046693,18,0.014007782101167316,2,0.0015564202334630351,0,0.0,0,0.0,43,0.03346303501945525,13,0.010116731517509728,0,0.0,2,0.0015564202334630351,7,0.005447470817120622,1,0.0007782101167315176,8,0.0062256809338521405,0,0.0,7,0.005447470817120622,0,0.0,6,0.004669260700389105,2,0.0015564202334630351,23,0.0178988326848249,1285,1.0,ORIGEN,SECCION,COMPLETO
750,18,NAYARIT,TEPIC,,,755,1071,533,0.4976657329598506,0.5023342670401494,MORENA,202,0.3789868667917448,94,0.17636022514071295,MC,108,0.2026266416510319,76,0.1425891181988743,PRI,32,0.0600375234521576,MORENA,202,0.3789868667917448,94,0.17636022514071295,MC,108,0.2026266416510319,76,0.1425891181988743,PRI,32,0.0600375234521576,15,0.028142589118198873,32,0.0600375234521576,8,0.0150093808630394,15,0.028142589118198873,13,0.024390243902439025,108,0.2026266416510319,202,0.3789868667917448,7,0.013133208255159476,1,0.001876172607879925,32,0.0600375234521576,5,0.009380863039399626,30,0.05628517823639775,3,0.005628517823639775,4,0.0075046904315197,0,0.0,0,0.0,0,0.0,14,0.02626641651031895,8,0.0150093808630394,0,0.0,1,0.001876172607879925,1,0.001876172607879925,0,0.0,3,0.005628517823639775,0,0.0,4,0.0075046904315197,0,0.0,3,0.005628517823639775,1,0.001876172607879925,23,0.043151969981238276,533,1.0,ORIGEN,SECCION,COMPLETO
751,18,NAYARIT,TEPIC,,,756,1187,614,0.5172704296545914,0.48272957034540864,MORENA,265,0.43159609120521175,132,0.21498371335504887,MC,133,0.21661237785016288,100,0.16286644951140064,MLN,33,0.05374592833876222,MORENA,265,0.43159609120521175,132,0.21498371335504887,MC,133,0.21661237785016288,100,0.16286644951140064,MLN,33,0.05374592833876222,29,0.04723127035830619,17,0.02768729641693811,4,0.006514657980456026,28,0.04560260586319218,16,0.026058631921824105,133,0.21661237785016288,265,0.43159609120521175,11,0.017915309446254073,14,0.02280130293159609,33,0.05374592833876222,11,0.017915309446254073,23,0.03745928338762215,2,0.003257328990228013,3,0.004885993485342019,0,0.0,0,0.0,0,0.0,5,0.008143322475570033,1,0.0016286644951140066,0,0.0,1,0.0016286644951140066,0,0.0,0,0.0,3,0.004885993485342019,1,0.0016286644951140066,1,0.0016286644951140066,0,0.0,1,0.0016286644951140066,0,0.0,12,0.019543973941368076,614,1.0,ORIGEN,SECCION,COMPLETO
752,18,NAYARIT,TEPIC,,,757,928,474,0.5107758620689655,0.4892241379310345,MORENA,197,0.41561181434599154,93,0.1962025316455696,MC,104,0.21940928270042195,74,0.15611814345991562,MLN,30,0.06329113924050633,MORENA,197,0.41561181434599154,93,0.1962025316455696,MC,104,0.21940928270042195,74,0.15611814345991562,MLN,30,0.06329113924050633,20,0.04219409282700422,11,0.023206751054852322,3,0.006329113924050633,8,0.016877637130801686,17,0.035864978902953586,104,0.21940928270042195,197,0.41561181434599154,6,0.012658227848101266,10,0.02109704641350211,30,0.06329113924050633,3,0.006329113924050633,14,0.029535864978902954,1,0.002109704641350211,2,0.004219409282700422,7,0.014767932489451477,0,0.0,0,0.0,17,0.035864978902953586,2,0.004219409282700422,3,0.006329113924050633,2,0.004219409282700422,1,0.002109704641350211,0,0.0,2,0.004219409282700422,0,0.0,6,0.012658227848101266,0,0.0,1,0.002109704641350211,0,0.0,7,0.014767932489451477,474,1.0,ORIGEN,SECCION,COMPLETO
753,18,NAYARIT,TEPIC,,,759,1659,754,0.45449065702230257,0.5455093429776974,MORENA,297,0.39389920424403185,137,0.1816976127320955,MC,160,0.21220159151193635,121,0.16047745358090185,MLN,39,0.05172413793103448,MORENA,297,0.39389920424403185,137,0.1816976127320955,MC,160,0.21220159151193635,121,0.16047745358090185,MLN,39,0.05172413793103448,31,0.04111405835543767,27,0.03580901856763926,7,0.009283819628647215,21,0.027851458885941646,23,0.03050397877984085,160,0.21220159151193635,297,0.39389920424403185,16,0.021220159151193633,11,0.014588859416445624,39,0.05172413793103448,14,0.01856763925729443,25,0.033156498673740056,7,0.009283819628647215,7,0.009283819628647215,1,0.001326259946949602,0,0.0,1,0.001326259946949602,22,0.029177718832891247,10,0.013262599469496022,1,0.001326259946949602,1,0.001326259946949602,3,0.003978779840848806,0,0.0,3,0.003978779840848806,0,0.0,6,0.007957559681697613,1,0.001326259946949602,2,0.002652519893899204,0,0.0,18,0.023872679045092837,754,1.0,ORIGEN,SECCION,COMPLETO
754,18,NAYARIT,TEPIC,,,761,820,455,0.5548780487804879,0.44512195121951215,MORENA,180,0.3956043956043956,90,0.1978021978021978,MC,90,0.1978021978021978,64,0.14065934065934066,MLN,26,0.05714285714285714,MORENA,180,0.3956043956043956,90,0.1978021978021978,MC,90,0.1978021978021978,64,0.14065934065934066,MLN,26,0.05714285714285714,15,0.03296703296703297,11,0.024175824175824177,3,0.006593406593406593,21,0.046153846153846156,15,0.03296703296703297,90,0.1978021978021978,180,0.3956043956043956,11,0.024175824175824177,9,0.01978021978021978,26,0.05714285714285714,2,0.004395604395604396,12,0.026373626373626374,7,0.015384615384615385,5,0.01098901098901099,1,0.002197802197802198,0,0.0,1,0.002197802197802198,21,0.046153846153846156,4,0.008791208791208791,2,0.004395604395604396,2,0.004395604395604396,2,0.004395604395604396,1,0.002197802197802198,2,0.004395604395604396,0,0.0,4,0.008791208791208791,2,0.004395604395604396,3,0.006593406593406593,0,0.0,3,0.006593406593406593,455,1.0,ORIGEN,SECCION,COMPLETO
755,18,NAYARIT,TEPIC,,,762,1345,777,0.5776951672862454,0.42230483271375463,MORENA,323,0.4157014157014157,145,0.1866151866151866,MC,178,0.22908622908622908,144,0.18532818532818532,PT,34,0.043758043758043756,MORENA,323,0.4157014157014157,145,0.1866151866151866,MC,178,0.22908622908622908,144,0.18532818532818532,PT,34,0.043758043758043756,30,0.03861003861003861,24,0.03088803088803089,19,0.02445302445302445,34,0.043758043758043756,18,0.023166023166023165,178,0.22908622908622908,323,0.4157014157014157,12,0.015444015444015444,10,0.01287001287001287,30,0.03861003861003861,6,0.007722007722007722,25,0.032175032175032175,10,0.01287001287001287,9,0.011583011583011582,1,0.001287001287001287,0,0.0,0,0.0,12,0.015444015444015444,4,0.005148005148005148,3,0.003861003861003861,1,0.001287001287001287,8,0.010296010296010296,0,0.0,1,0.001287001287001287,0,0.0,5,0.006435006435006435,0,0.0,3,0.003861003861003861,0,0.0,11,0.014157014157014158,777,1.0,ORIGEN,SECCION,COMPLETO
756,18,NAYARIT,TEPIC,,,763,1893,838,0.4426835710512414,0.5573164289487587,MORENA,351,0.418854415274463,144,0.1718377088305489,MC,207,0.24701670644391407,166,0.19809069212410502,MLN,41,0.04892601431980907,MORENA,351,0.418854415274463,144,0.1718377088305489,MC,207,0.24701670644391407,166,0.19809069212410502,MLN,41,0.04892601431980907,29,0.034606205250596656,26,0.031026252983293555,1,0.0011933174224343676,28,0.03341288782816229,24,0.028639618138424822,207,0.24701670644391407,351,0.418854415274463,14,0.016706443914081145,32,0.03818615751789976,41,0.04892601431980907,11,0.013126491646778043,23,0.027446300715990454,3,0.003579952267303103,8,0.00954653937947494,1,0.0011933174224343676,1,0.0011933174224343676,0,0.0,6,0.007159904534606206,3,0.003579952267303103,0,0.0,5,0.0059665871121718375,1,0.0011933174224343676,1,0.0011933174224343676,0,0.0,0,0.0,2,0.002386634844868735,0,0.0,4,0.00477326968973747,0,0.0,16,0.01909307875894988,838,1.0,ORIGEN,SECCION,COMPLETO
757,18,NAYARIT,TEPIC,,,764,4462,2220,0.4975347377857463,0.5024652622142537,MORENA,968,0.436036036036036,510,0.22972972972972974,MC,458,0.2063063063063063,349,0.1572072072072072,MLN,109,0.0490990990990991,MORENA,968,0.436036036036036,510,0.22972972972972974,MC,458,0.2063063063063063,349,0.1572072072072072,MLN,109,0.0490990990990991,74,0.03333333333333333,72,0.032432432432432434,16,0.007207207207207207,83,0.03738738738738739,44,0.01981981981981982,458,0.2063063063063063,968,0.436036036036036,39,0.01756756756756757,49,0.022072072072072072,109,0.0490990990990991,31,0.013963963963963964,66,0.02972972972972973,28,0.012612612612612612,33,0.014864864864864866,4,0.0018018018018018018,2,0.0009009009009009009,1,0.00045045045045045046,46,0.02072072072072072,10,0.0045045045045045045,4,0.0018018018018018018,5,0.0022522522522522522,10,0.0045045045045045045,1,0.00045045045045045046,9,0.004054054054054054,1,0.00045045045045045046,9,0.004054054054054054,1,0.00045045045045045046,2,0.0009009009009009009,9,0.004054054054054054,36,0.016216216216216217,2220,1.0,ORIGEN,SECCION,COMPLETO
758,18,NAYARIT,TEPIC,,,765,2892,1599,0.5529045643153527,0.44709543568464727,MORENA,730,0.45653533458411505,445,0.2782989368355222,MC,285,0.17823639774859287,197,0.12320200125078173,MLN,88,0.05503439649781113,MORENA,730,0.45653533458411505,445,0.2782989368355222,MC,285,0.17823639774859287,197,0.12320200125078173,MLN,88,0.05503439649781113,65,0.04065040650406504,64,0.04002501563477173,18,0.01125703564727955,61,0.03814884302689181,44,0.027517198248905566,285,0.17823639774859287,730,0.45653533458411505,23,0.014383989993746092,16,0.010006253908692933,88,0.05503439649781113,12,0.0075046904315197,52,0.032520325203252036,9,0.005628517823639775,17,0.010631644777986242,2,0.0012507817385866166,0,0.0,0,0.0,36,0.0225140712945591,12,0.0075046904315197,2,0.0012507817385866166,2,0.0012507817385866166,8,0.0050031269543464665,1,0.0006253908692933083,11,0.0068792995622263915,0,0.0,9,0.005628517823639775,0,0.0,8,0.0050031269543464665,0,0.0,24,0.0150093808630394,1599,1.0,ORIGEN,SECCION,COMPLETO
759,18,NAYARIT,TEPIC,,,766,1625,713,0.43876923076923074,0.5612307692307692,MORENA,318,0.44600280504908835,173,0.2426367461430575,MC,145,0.20336605890603085,112,0.1570827489481066,MLN,33,0.04628330995792426,MORENA,318,0.44600280504908835,173,0.2426367461430575,MC,145,0.20336605890603085,112,0.1570827489481066,MLN,33,0.04628330995792426,13,0.0182328190743338,22,0.030855539971949508,7,0.009817671809256662,29,0.04067321178120617,20,0.028050490883590462,145,0.20336605890603085,318,0.44600280504908835,11,0.015427769985974754,22,0.030855539971949508,33,0.04628330995792426,6,0.008415147265077139,29,0.04067321178120617,4,0.005610098176718092,9,0.012622720897615708,0,0.0,0,0.0,0,0.0,31,0.043478260869565216,2,0.002805049088359046,0,0.0,1,0.001402524544179523,0,0.0,1,0.001402524544179523,0,0.0,1,0.001402524544179523,1,0.001402524544179523,0,0.0,0,0.0,0,0.0,8,0.011220196353436185,713,1.0,ORIGEN,SECCION,COMPLETO
760,18,NAYARIT,TEPIC,,,767,632,374,0.5917721518987342,0.4082278481012658,MORENA,156,0.41711229946524064,79,0.21122994652406418,MC,77,0.20588235294117646,55,0.14705882352941177,RSP,22,0.058823529411764705,MORENA,156,0.41711229946524064,79,0.21122994652406418,MC,77,0.20588235294117646,55,0.14705882352941177,RSP,22,0.058823529411764705,18,0.0481283422459893,11,0.029411764705882353,1,0.00267379679144385,13,0.034759358288770054,6,0.016042780748663103,77,0.20588235294117646,156,0.41711229946524064,9,0.02406417112299465,4,0.0106951871657754,19,0.05080213903743316,4,0.0106951871657754,22,0.058823529411764705,3,0.008021390374331552,5,0.013368983957219251,0,0.0,0,0.0,0,0.0,7,0.01871657754010695,2,0.0053475935828877,0,0.0,1,0.00267379679144385,2,0.0053475935828877,0,0.0,1,0.00267379679144385,1,0.00267379679144385,2,0.0053475935828877,2,0.0053475935828877,0,0.0,0,0.0,8,0.0213903743315508,374,1.0,ORIGEN,SECCION,COMPLETO
761,18,NAYARIT,TEPIC,,,768,180,73,0.40555555555555556,0.5944444444444444,MORENA,36,0.4931506849315068,18,0.2465753424657534,PRI,18,0.2465753424657534,13,0.1780821917808219,MC,5,0.0684931506849315,MORENA,36,0.4931506849315068,18,0.2465753424657534,PRI,18,0.2465753424657534,13,0.1780821917808219,MC,5,0.0684931506849315,3,0.0410958904109589,18,0.2465753424657534,0,0.0,1,0.0136986301369863,2,0.0273972602739726,5,0.0684931506849315,36,0.4931506849315068,3,0.0410958904109589,0,0.0,1,0.0136986301369863,3,0.0410958904109589,0,0.0,1,0.0136986301369863,0,0.0,0,0.0,0,0.0,0,0.0,0,0.0,0,0.0,0,0.0,0,0.0,0,0.0,0,0.0,0,0.0,0,0.0,0,0.0,0,0.0,0,0.0,0,0.0,0,0.0,73,1.0,ORIGEN,SECCION,COMPLETO
762,18,NAYARIT,TEPIC,,,769,851,538,0.6321974148061105,0.36780258519388953,MORENA,165,0.3066914498141264,56,0.10408921933085502,PRI,109,0.20260223048327136,49,0.09107806691449814,MC,60,0.11152416356877323,MORENA,165,0.3066914498141264,56,0.10408921933085502,PRI,109,0.20260223048327136,49,0.09107806691449814,MC,60,0.11152416356877323,33,0.06133828996282528,109,0.20260223048327136,9,0.016728624535315983,31,0.05762081784386617,15,0.027881040892193308,60,0.11152416356877323,165,0.3066914498141264,11,0.020446096654275093,2,0.0037174721189591076,4,0.007434944237918215,4,0.007434944237918215,47,0.08736059479553904,1,0.0018587360594795538,11,0.020446096654275093,2,0.0037174721189591076,0,0.0,1,0.0018587360594795538,5,0.00929368029739777,2,0.0037174721189591076,0,0.0,1,0.0018587360594795538,1,0.0018587360594795538,0,0.0,1,0.0018587360594795538,0,0.0,2,0.0037174721189591076,0,0.0,0,0.0,0,0.0,21,0.03903345724907063,538,1.0,ORIGEN,SECCION,COMPLETO
763,18,NAYARIT,TEPIC,,,770,1658,646,0.3896260554885404,0.6103739445114595,MORENA,278,0.43034055727554177,183,0.28328173374613,MC,95,0.14705882352941177,16,0.02476780185758514,PRI,79,0.12229102167182662,MORENA,278,0.43034055727554177,183,0.28328173374613,MC,95,0.14705882352941177,16,0.02476780185758514,PRI,79,0.12229102167182662,13,0.020123839009287926,79,0.12229102167182662,21,0.032507739938080496,28,0.043343653250773995,11,0.017027863777089782,95,0.14705882352941177,278,0.43034055727554177,7,0.010835913312693499,2,0.0030959752321981426,4,0.006191950464396285,11,0.017027863777089782,7,0.010835913312693499,23,0.03560371517027864,14,0.021671826625386997,1,0.0015479876160990713,0,0.0,0,0.0,5,0.007739938080495356,4,0.006191950464396285,1,0.0015479876160990713,1,0.0015479876160990713,2,0.0030959752321981426,2,0.0030959752321981426,0,0.0,0,0.0,2,0.0030959752321981426,0,0.0,1,0.0015479876160990713,0,0.0,34,0.05263157894736842,646,1.0,ORIGEN,SECCION,COMPLETO
764,18,NAYARIT,TEPIC,,,771,434,216,0.4976958525345622,0.5023041474654377,MORENA,71,0.3287037037037037,37,0.1712962962962963,PRI,34,0.1574074074074074,5,0.023148148148148147,MC,29,0.13425925925925927,MORENA,71,0.3287037037037037,37,0.1712962962962963,PRI,34,0.1574074074074074,5,0.023148148148148147,MC,29,0.13425925925925927,10,0.046296296296296294,34,0.1574074074074074,3,0.013888888888888888,10,0.046296296296296294,6,0.027777777777777776,29,0.13425925925925927,71,0.3287037037037037,8,0.037037037037037035,0,0.0,11,0.05092592592592592,2,0.009259259259259259,0,0.0,1,0.004629629629629629,8,0.037037037037037035,2,0.009259259259259259,0,0.0,1,0.004629629629629629,8,0.037037037037037035,2,0.009259259259259259,0,0.0,0,0.0,0,0.0,1,0.004629629629629629,1,0.004629629629629629,0,0.0,1,0.004629629629629629,0,0.0,0,0.0,0,0.0,7,0.032407407407407406,216,1.0,ORIGEN,SECCION,COMPLETO
765,18,NAYARIT,TEPIC,,,772,733,409,0.557980900409277,0.44201909959072305,MORENA,127,0.3105134474327628,44,0.10757946210268948,PRI,83,0.20293398533007334,33,0.08068459657701711,PT,50,0.12224938875305623,MORENA,127,0.3105134474327628,44,0.10757946210268948,PRI,83,0.20293398533007334,33,0.08068459657701711,PT,50,0.12224938875305623,21,0.05134474327628362,83,0.20293398533007334,10,0.02444987775061125,50,0.12224938875305623,18,0.044009779951100246,20,0.0488997555012225,127,0.3105134474327628,11,0.02689486552567237,6,0.014669926650366748,5,0.012224938875305624,0,0.0,3,0.007334963325183374,1,0.0024449877750611247,22,0.05378973105134474,1,0.0024449877750611247,0,0.0,0,0.0,11,0.02689486552567237,8,0.019559902200488997,0,0.0,0,0.0,1,0.0024449877750611247,0,0.0,0,0.0,0,0.0,2,0.004889975550122249,0,0.0,0,0.0,0,0.0,9,0.022004889975550123,409,1.0,ORIGEN,SECCION,COMPLETO
766,18,NAYARIT,TEPIC,,,773,481,225,0.4677754677754678,0.5322245322245323,MORENA,86,0.38222222222222224,43,0.19111111111111112,MC,43,0.19111111111111112,19,0.08444444444444445,PRI,24,0.10666666666666667,MORENA,86,0.38222222222222224,43,0.19111111111111112,MC,43,0.19111111111111112,19,0.08444444444444445,PRI,24,0.10666666666666667,1,0.0044444444444444444,24,0.10666666666666667,1,0.0044444444444444444,8,0.035555555555555556,17,0.07555555555555556,43,0.19111111111111112,86,0.38222222222222224,4,0.017777777777777778,15,0.06666666666666667,3,0.013333333333333334,2,0.008888888888888889,0,0.0,0,0.0,6,0.02666666666666667,0,0.0,0,0.0,0,0.0,0,0.0,1,0.0044444444444444444,0,0.0,1,0.0044444444444444444,4,0.017777777777777778,0,0.0,0,0.0,0,0.0,1,0.0044444444444444444,0,0.0,1,0.0044444444444444444,0,0.0,7,0.03111111111111111,225,1.0,ORIGEN,SECCION,COMPLETO
767,18,NAYARIT,TEPIC,,,774,1529,762,0.49836494440810986,0.5016350555918901,MORENA,372,0.4881889763779528,296,0.3884514435695538,MC,76,0.09973753280839895,11,0.014435695538057743,PRI,65,0.08530183727034121,MORENA,372,0.4881889763779528,296,0.3884514435695538,MC,76,0.09973753280839895,11,0.014435695538057743,PRI,65,0.08530183727034121,32,0.04199475065616798,65,0.08530183727034121,19,0.024934383202099737,51,0.06692913385826772,18,0.023622047244094488,76,0.09973753280839895,372,0.4881889763779528,15,0.01968503937007874,14,0.01837270341207349,22,0.028871391076115485,3,0.003937007874015748,6,0.007874015748031496,4,0.005249343832020997,8,0.010498687664041995,0,0.0,2,0.0026246719160104987,2,0.0026246719160104987,17,0.02230971128608924,4,0.005249343832020997,0,0.0,2,0.0026246719160104987,5,0.006561679790026247,2,0.0026246719160104987,4,0.005249343832020997,0,0.0,3,0.003937007874015748,0,0.0,0,0.0,0,0.0,16,0.02099737532808399,762,1.0,ORIGEN,SECCION,COMPLETO
768,18,NAYARIT,TEPIC,,,775,276,138,0.5,0.5,MORENA,48,0.34782608695652173,20,0.14492753623188406,PRI,28,0.2028985507246377,7,0.050724637681159424,MC,21,0.15217391304347827,MORENA,48,0.34782608695652173,20,0.14492753623188406,PRI,28,0.2028985507246377,7,0.050724637681159424,MC,21,0.15217391304347827,12,0.08695652173913043,28,0.2028985507246377,5,0.036231884057971016,7,0.050724637681159424,2,0.014492753623188406,21,0.15217391304347827,48,0.34782608695652173,4,0.028985507246376812,0,0.0,0,0.0,0,0.0,2,0.014492753623188406,1,0.007246376811594203,2,0.014492753623188406,0,0.0,0,0.0,0,0.0,0,0.0,1,0.007246376811594203,0,0.0,1,0.007246376811594203,1,0.007246376811594203,0,0.0,0,0.0,0,0.0,0,0.0,0,0.0,0,0.0,0,0.0,3,0.021739130434782608,138,1.0,ORIGEN,SECCION,COMPLETO
769,18,NAYARIT,TEPIC,,,776,111,65,0.5855855855855856,0.4144144144144144,MORENA,28,0.4307692307692308,15,0.23076923076923078,PRI,13,0.2,7,0.1076923076923077,MC,6,0.09230769230769231,MORENA,28,0.4307692307692308,15,0.23076923076923078,PRI,13,0.2,7,0.1076923076923077,MC,6,0.09230769230769231,3,0.046153846153846156,13,0.2,2,0.03076923076923077,1,0.015384615384615385,1,0.015384615384615385,6,0.09230769230769231,28,0.4307692307692308,0,0.0,0,0.0,1,0.015384615384615385,1,0.015384615384615385,1,0.015384615384615385,1,0.015384615384615385,1,0.015384615384615385,0,0.0,0,0.0,0,0.0,0,0.0,0,0.0,0,0.0,0,0.0,0,0.0,0,0.0,0,0.0,0,0.0,5,0.07692307692307693,0,0.0,0,0.0,0,0.0,1,0.015384615384615385,65,1.0,ORIGEN,SECCION,COMPLETO
770,18,NAYARIT,TEPIC,,,777,218,107,0.4908256880733945,0.5091743119266054,MORENA,50,0.4672897196261682,41,0.38317757009345793,PRI,9,0.08411214953271028,0,0.0,PT,9,0.08411214953271028,MORENA,50,0.4672897196261682,41,0.38317757009345793,PRI,9,0.08411214953271028,0,0.0,PT,9,0.08411214953271028,7,0.06542056074766354,9,0.08411214953271028,2,0.018691588785046728,9,0.08411214953271028,5,0.04672897196261682,7,0.06542056074766354,50,0.4672897196261682,4,0.037383177570093455,0,0.0,3,0.028037383177570093,0,0.0,1,0.009345794392523364,2,0.018691588785046728,0,0.0,0,0.0,1,0.009345794392523364,0,0.0,0,0.0,0,0.0,0,0.0,0,0.0,0,0.0,0,0.0,0,0.0,0,0.0,1,0.009345794392523364,0,0.0,0,0.0,0,0.0,6,0.056074766355140186,107,1.0,ORIGEN,SECCION,COMPLETO
771,18,NAYARIT,TEPIC,,,778,559,311,0.556350626118068,0.44364937388193204,MORENA,125,0.40192926045016075,86,0.2765273311897106,PRI,39,0.12540192926045016,18,0.05787781350482315,MC,21,0.06752411575562701,MORENA,125,0.40192926045016075,86,0.2765273311897106,PRI,39,0.12540192926045016,18,0.05787781350482315,MC,21,0.06752411575562701,19,0.06109324758842444,39,0.12540192926045016,13,0.04180064308681672,17,0.05466237942122187,14,0.04501607717041801,21,0.06752411575562701,125,0.40192926045016075,8,0.02572347266881029,2,0.006430868167202572,1,0.003215434083601286,10,0.03215434083601286,2,0.006430868167202572,2,0.006430868167202572,7,0.022508038585209004,0,0.0,1,0.003215434083601286,0,0.0,5,0.01607717041800643,2,0.006430868167202572,0,0.0,0,0.0,3,0.00964630225080386,1,0.003215434083601286,1,0.003215434083601286,0,0.0,6,0.01929260450160772,3,0.00964630225080386,1,0.003215434083601286,0,0.0,8,0.02572347266881029,311,1.0,ORIGEN,SECCION,COMPLETO
772,18,NAYARIT,TEPIC,,,779,1149,549,0.47780678851174935,0.5221932114882506,MORENA,268,0.48816029143898,169,0.30783242258652094,MC,99,0.18032786885245902,73,0.13296903460837886,PT,26,0.04735883424408015,MORENA,268,0.48816029143898,169,0.30783242258652094,MC,99,0.18032786885245902,73,0.13296903460837886,PT,26,0.04735883424408015,17,0.030965391621129327,24,0.04371584699453552,9,0.01639344262295082,26,0.04735883424408015,16,0.029143897996357013,99,0.18032786885245902,268,0.48816029143898,10,0.018214936247723135,5,0.009107468123861567,15,0.0273224043715847,3,0.00546448087431694,8,0.014571948998178506,1,0.0018214936247723133,5,0.009107468123861567,1,0.0018214936247723133,0,0.0,0,0.0,11,0.020036429872495445,5,0.009107468123861567,0,0.0,2,0.0036429872495446266,0,0.0,1,0.0018214936247723133,1,0.0018214936247723133,0,0.0,1,0.0018214936247723133,1,0.0018214936247723133,0,0.0,1,0.0018214936247723133,19,0.03460837887067395,549,1.0,ORIGEN,SECCION,COMPLETO
773,18,NAYARIT,TEPIC,,,780,1920,877,0.45677083333333335,0.5432291666666667,MORENA,388,0.44241733181299886,260,0.29646522234891676,MC,128,0.1459521094640821,79,0.09007981755986318,PT,49,0.055872291904218926,MORENA,388,0.44241733181299886,260,0.29646522234891676,MC,128,0.1459521094640821,79,0.09007981755986318,PT,49,0.055872291904218926,42,0.04789053591790194,45,0.05131128848346636,8,0.009122006841505131,49,0.055872291904218926,18,0.020524515393386546,128,0.1459521094640821,388,0.44241733181299886,15,0.01710376282782212,7,0.00798175598631699,44,0.05017103762827822,5,0.005701254275940707,24,0.027366020524515394,5,0.005701254275940707,9,0.010262257696693273,0,0.0,1,0.0011402508551881414,0,0.0,17,0.019384264538198404,4,0.004561003420752566,0,0.0,2,0.002280501710376283,3,0.0034207525655644243,0,0.0,6,0.0068415051311288486,0,0.0,8,0.009122006841505131,0,0.0,10,0.011402508551881414,0,0.0,39,0.04446978335233751,877,1.0,ORIGEN,SECCION,COMPLETO
774,18,NAYARIT,TEPIC,,,781,1100,507,0.46090909090909093,0.5390909090909091,MORENA,202,0.398422090729783,135,0.26627218934911245,MC,67,0.13214990138067062,28,0.055226824457593686,PT,39,0.07692307692307693,MORENA,202,0.398422090729783,135,0.26627218934911245,MC,67,0.13214990138067062,28,0.055226824457593686,PT,39,0.07692307692307693,21,0.04142011834319527,32,0.0631163708086785,12,0.023668639053254437,39,0.07692307692307693,10,0.01972386587771203,67,0.13214990138067062,202,0.398422090729783,11,0.021696252465483234,9,0.01775147928994083,25,0.04930966469428008,3,0.005917159763313609,16,0.03155818540433925,5,0.009861932938856016,6,0.011834319526627219,1,0.0019723865877712033,0,0.0,0,0.0,9,0.01775147928994083,2,0.0039447731755424065,0,0.0,3,0.005917159763313609,4,0.007889546351084813,1,0.0019723865877712033,4,0.007889546351084813,0,0.0,6,0.011834319526627219,2,0.0039447731755424065,0,0.0,0,0.0,17,0.03353057199211045,507,1.0,ORIGEN,SECCION,COMPLETO
775,18,NAYARIT,TEPIC,,,782,1033,483,0.4675701839303001,0.5324298160696999,MORENA,202,0.41821946169772256,114,0.2360248447204969,MC,88,0.18219461697722567,62,0.12836438923395446,PVEM,26,0.053830227743271224,MORENA,202,0.41821946169772256,114,0.2360248447204969,MC,88,0.18219461697722567,62,0.12836438923395446,PVEM,26,0.053830227743271224,17,0.035196687370600416,15,0.031055900621118012,4,0.008281573498964804,23,0.047619047619047616,26,0.053830227743271224,88,0.18219461697722567,202,0.41821946169772256,8,0.016563146997929608,8,0.016563146997929608,14,0.028985507246376812,10,0.020703933747412008,23,0.047619047619047616,4,0.008281573498964804,8,0.016563146997929608,1,0.002070393374741201,0,0.0,0,0.0,8,0.016563146997929608,5,0.010351966873706004,1,0.002070393374741201,0,0.0,2,0.004140786749482402,0,0.0,0,0.0,0,0.0,5,0.010351966873706004,0,0.0,2,0.004140786749482402,1,0.002070393374741201,8,0.016563146997929608,483,1.0,ORIGEN,SECCION,COMPLETO
776,18,NAYARIT,TEPIC,,,783,936,548,0.5854700854700855,0.4145299145299145,MORENA,259,0.4726277372262774,147,0.26824817518248173,MC,112,0.20437956204379562,85,0.1551094890510949,PT,27,0.04927007299270073,MORENA,259,0.4726277372262774,147,0.26824817518248173,MC,112,0.20437956204379562,85,0.1551094890510949,PT,27,0.04927007299270073,16,0.029197080291970802,21,0.03832116788321168,5,0.009124087591240875,27,0.04927007299270073,11,0.020072992700729927,112,0.20437956204379562,259,0.4726277372262774,8,0.014598540145985401,14,0.025547445255474453,13,0.023722627737226276,8,0.014598540145985401,10,0.01824817518248175,4,0.0072992700729927005,5,0.009124087591240875,0,0.0,0,0.0,0,0.0,11,0.020072992700729927,3,0.005474452554744526,3,0.005474452554744526,1,0.0018248175182481751,3,0.005474452554744526,0,0.0,0,0.0,0,0.0,1,0.0018248175182481751,0,0.0,0,0.0,0,0.0,13,0.023722627737226276,548,1.0,ORIGEN,SECCION,COMPLETO
777,18,NAYARIT,TEPIC,,,784,523,320,0.6118546845124283,0.3881453154875717,MORENA,150,0.46875,108,0.3375,PRI,42,0.13125,20,0.0625,PVEM,22,0.06875,MORENA,150,0.46875,108,0.3375,PRI,42,0.13125,20,0.0625,PVEM,22,0.06875,13,0.040625,42,0.13125,5,0.015625,19,0.059375,22,0.06875,19,0.059375,150,0.46875,2,0.00625,1,0.003125,5,0.015625,4,0.0125,5,0.015625,1,0.003125,2,0.00625,1,0.003125,1,0.003125,0,0.0,6,0.01875,5,0.015625,0,0.0,1,0.003125,0,0.0,0,0.0,1,0.003125,0,0.0,5,0.015625,0,0.0,1,0.003125,0,0.0,9,0.028125,320,1.0,ORIGEN,SECCION,COMPLETO
778,18,NAYARIT,TEPIC,,,785,1630,709,0.4349693251533742,0.5650306748466258,MORENA,295,0.41607898448519043,204,0.28772919605077574,PRI,91,0.12834978843441466,11,0.015514809590973202,MC,80,0.11283497884344147,MORENA,295,0.41607898448519043,204,0.28772919605077574,PRI,91,0.12834978843441466,11,0.015514809590973202,MC,80,0.11283497884344147,31,0.04372355430183357,91,0.12834978843441466,8,0.011283497884344146,36,0.05077574047954866,20,0.028208744710860368,80,0.11283497884344147,295,0.41607898448519043,14,0.019746121297602257,4,0.005641748942172073,11,0.015514809590973202,2,0.0028208744710860366,9,0.012693935119887164,8,0.011283497884344146,17,0.023977433004231313,3,0.004231311706629055,0,0.0,2,0.0028208744710860366,10,0.014104372355430184,8,0.011283497884344146,0,0.0,1,0.0014104372355430183,1,0.0014104372355430183,3,0.004231311706629055,6,0.00846262341325811,0,0.0,6,0.00846262341325811,0,0.0,0,0.0,0,0.0,43,0.06064880112834979,709,1.0,ORIGEN,SECCION,COMPLETO
779,18,NAYARIT,TEPIC,,,786,470,251,0.5340425531914894,0.4659574468085106,MORENA,109,0.4342629482071713,79,0.3147410358565737,MC,30,0.11952191235059761,6,0.02390438247011952,PAN,24,0.09561752988047809,MORENA,109,0.4342629482071713,79,0.3147410358565737,MC,30,0.11952191235059761,6,0.02390438247011952,PAN,24,0.09561752988047809,24,0.09561752988047809,19,0.07569721115537849,10,0.0398406374501992,12,0.04780876494023904,5,0.0199203187250996,30,0.11952191235059761,109,0.4342629482071713,3,0.01195219123505976,2,0.00796812749003984,7,0.027888446215139442,2,0.00796812749003984,6,0.02390438247011952,2,0.00796812749003984,6,0.02390438247011952,1,0.00398406374501992,0,0.0,0,0.0,2,0.00796812749003984,2,0.00796812749003984,0,0.0,0,0.0,1,0.00398406374501992,0,0.0,0,0.0,0,0.0,2,0.00796812749003984,0,0.0,1,0.00398406374501992,0,0.0,5,0.0199203187250996,251,1.0,ORIGEN,SECCION,COMPLETO
780,18,NAYARIT,TEPIC,,,787,372,203,0.5456989247311828,0.45430107526881724,MORENA,68,0.33497536945812806,30,0.1477832512315271,MLN,38,0.18719211822660098,16,0.07881773399014778,MC,22,0.10837438423645321,MORENA,68,0.33497536945812806,30,0.1477832512315271,MLN,38,0.18719211822660098,16,0.07881773399014778,MC,22,0.10837438423645321,3,0.014778325123152709,11,0.054187192118226604,5,0.024630541871921183,13,0.06403940886699508,5,0.024630541871921183,22,0.10837438423645321,68,0.33497536945812806,5,0.024630541871921183,2,0.009852216748768473,38,0.18719211822660098,2,0.009852216748768473,4,0.019704433497536946,1,0.0049261083743842365,2,0.009852216748768473,0,0.0,0,0.0,0,0.0,7,0.034482758620689655,0,0.0,0,0.0,0,0.0,2,0.009852216748768473,1,0.0049261083743842365,0,0.0,0,0.0,1,0.0049261083743842365,0,0.0,1,0.0049261083743842365,0,0.0,10,0.04926108374384237,203,1.0,ORIGEN,SECCION,COMPLETO
781,18,NAYARIT,TEPIC,,,788,834,471,0.564748201438849,0.43525179856115104,MORENA,212,0.45010615711252655,150,0.3184713375796178,MC,62,0.1316348195329087,17,0.036093418259023353,MLN,45,0.09554140127388536,MORENA,212,0.45010615711252655,150,0.3184713375796178,MC,62,0.1316348195329087,17,0.036093418259023353,MLN,45,0.09554140127388536,22,0.04670912951167728,13,0.027600849256900213,3,0.006369426751592357,25,0.05307855626326964,7,0.014861995753715499,62,0.1316348195329087,212,0.45010615711252655,17,0.036093418259023353,2,0.004246284501061571,45,0.09554140127388536,4,0.008492569002123142,15,0.03184713375796178,5,0.010615711252653927,2,0.004246284501061571,0,0.0,0,0.0,0,0.0,3,0.006369426751592357,2,0.004246284501061571,1,0.0021231422505307855,2,0.004246284501061571,4,0.008492569002123142,0,0.0,4,0.008492569002123142,1,0.0021231422505307855,4,0.008492569002123142,0,0.0,4,0.008492569002123142,0,0.0,12,0.025477707006369428,471,1.0,ORIGEN,SECCION,COMPLETO
782,18,NAYARIT,TEPIC,,,789,1060,542,0.5113207547169811,0.48867924528301887,MORENA,253,0.466789667896679,161,0.29704797047970477,MC,92,0.16974169741697417,65,0.11992619926199262,MLN,27,0.04981549815498155,MORENA,253,0.466789667896679,161,0.29704797047970477,MC,92,0.16974169741697417,65,0.11992619926199262,MLN,27,0.04981549815498155,15,0.027675276752767528,10,0.01845018450184502,4,0.007380073800738007,26,0.04797047970479705,21,0.03874538745387454,92,0.16974169741697417,253,0.466789667896679,25,0.046125461254612546,4,0.007380073800738007,27,0.04981549815498155,1,0.0018450184501845018,13,0.023985239852398525,4,0.007380073800738007,3,0.005535055350553505,1,0.0018450184501845018,0,0.0,0,0.0,4,0.007380073800738007,6,0.01107011070110701,1,0.0018450184501845018,0,0.0,5,0.00922509225092251,0,0.0,2,0.0036900369003690036,1,0.0018450184501845018,5,0.00922509225092251,1,0.0018450184501845018,4,0.007380073800738007,0,0.0,14,0.025830258302583026,542,1.0,ORIGEN,SECCION,COMPLETO
783,18,NAYARIT,TEPIC,,,790,345,139,0.4028985507246377,0.5971014492753624,MORENA,64,0.460431654676259,43,0.30935251798561153,MC,21,0.1510791366906475,3,0.02158273381294964,PRI,18,0.12949640287769784,MORENA,64,0.460431654676259,43,0.30935251798561153,MC,21,0.1510791366906475,3,0.02158273381294964,PRI,18,0.12949640287769784,7,0.050359712230215826,18,0.12949640287769784,1,0.007194244604316547,8,0.05755395683453238,2,0.014388489208633094,21,0.1510791366906475,64,0.460431654676259,3,0.02158273381294964,0,0.0,2,0.014388489208633094,1,0.007194244604316547,0,0.0,1,0.007194244604316547,1,0.007194244604316547,0,0.0,0,0.0,0,0.0,4,0.02877697841726619,3,0.02158273381294964,0,0.0,0,0.0,0,0.0,0,0.0,1,0.007194244604316547,0,0.0,0,0.0,0,0.0,0,0.0,0,0.0,2,0.014388489208633094,139,1.0,ORIGEN,SECCION,COMPLETO
784,18,NAYARIT,TEPIC,,,791,146,87,0.5958904109589042,0.40410958904109584,MORENA,44,0.5057471264367817,12,0.13793103448275862,PRI,32,0.367816091954023,26,0.2988505747126437,MC,6,0.06896551724137931,MORENA,44,0.5057471264367817,12,0.13793103448275862,PRI,32,0.367816091954023,26,0.2988505747126437,MC,6,0.06896551724137931,0,0.0,32,0.367816091954023,0,0.0,0,0.0,0,0.0,6,0.06896551724137931,44,0.5057471264367817,0,0.0,0,0.0,2,0.022988505747126436,0,0.0,0,0.0,0,0.0,0,0.0,0,0.0,0,0.0,0,0.0,0,0.0,0,0.0,0,0.0,0,0.0,0,0.0,0,0.0,0,0.0,0,0.0,0,0.0,0,0.0,0,0.0,0,0.0,3,0.034482758620689655,87,1.0,ORIGEN,SECCION,COMPLETO
785,18,NAYARIT,TEPIC,,,792,784,320,0.40816326530612246,0.5918367346938775,MORENA,164,0.5125,101,0.315625,PRI,63,0.196875,44,0.1375,MC,19,0.059375,MORENA,164,0.5125,101,0.315625,PRI,63,0.196875,44,0.1375,MC,19,0.059375,12,0.0375,63,0.196875,7,0.021875,15,0.046875,10,0.03125,19,0.059375,164,0.5125,3,0.009375,8,0.025,5,0.015625,5,0.015625,0,0.0,2,0.00625,1,0.003125,1,0.003125,1,0.003125,0,0.0,0,0.0,0,0.0,0,0.0,0,0.0,0,0.0,3,0.009375,0,0.0,0,0.0,0,0.0,0,0.0,0,0.0,0,0.0,1,0.003125,320,1.0,ORIGEN,SECCION,COMPLETO
786,18,NAYARIT,TEPIC,,,793,437,263,0.6018306636155606,0.3981693363844394,MC,90,0.34220532319391633,13,0.049429657794676805,PRI,77,0.29277566539923955,58,0.22053231939163498,MORENA,19,0.07224334600760456,MC,90,0.34220532319391633,13,0.049429657794676805,PRI,77,0.29277566539923955,58,0.22053231939163498,MORENA,19,0.07224334600760456,3,0.011406844106463879,77,0.29277566539923955,2,0.0076045627376425855,13,0.049429657794676805,4,0.015209125475285171,90,0.34220532319391633,19,0.07224334600760456,1,0.0038022813688212928,5,0.019011406844106463,15,0.057034220532319393,1,0.0038022813688212928,4,0.015209125475285171,1,0.0038022813688212928,7,0.026615969581749048,0,0.0,0,0.0,0,0.0,10,0.03802281368821293,2,0.0076045627376425855,1,0.0038022813688212928,0,0.0,0,0.0,1,0.0038022813688212928,0,0.0,0,0.0,0,0.0,0,0.0,0,0.0,0,0.0,7,0.026615969581749048,263,1.0,ORIGEN,SECCION,COMPLETO
787,18,NAYARIT,TEPIC,,,794,484,245,0.506198347107438,0.49380165289256195,MORENA,88,0.35918367346938773,50,0.20408163265306123,MC,38,0.15510204081632653,5,0.02040816326530612,PAN,33,0.1346938775510204,MORENA,88,0.35918367346938773,50,0.20408163265306123,MC,38,0.15510204081632653,5,0.02040816326530612,PAN,33,0.1346938775510204,33,0.1346938775510204,16,0.0653061224489796,7,0.02857142857142857,12,0.04897959183673469,0,0.0,38,0.15510204081632653,88,0.35918367346938773,4,0.0163265306122449,1,0.004081632653061225,10,0.04081632653061224,1,0.004081632653061225,2,0.00816326530612245,2,0.00816326530612245,5,0.02040816326530612,0,0.0,0,0.0,0,0.0,19,0.07755102040816327,0,0.0,0,0.0,0,0.0,0,0.0,0,0.0,0,0.0,0,0.0,0,0.0,0,0.0,0,0.0,0,0.0,7,0.02857142857142857,245,1.0,ORIGEN,SECCION,COMPLETO
788,18,NAYARIT,TEPIC,,,795,873,369,0.422680412371134,0.5773195876288659,MORENA,154,0.4173441734417344,94,0.25474254742547425,MC,60,0.16260162601626016,19,0.051490514905149054,PRI,41,0.1111111111111111,MORENA,154,0.4173441734417344,94,0.25474254742547425,MC,60,0.16260162601626016,19,0.051490514905149054,PRI,41,0.1111111111111111,19,0.051490514905149054,41,0.1111111111111111,9,0.024390243902439025,26,0.07046070460704607,10,0.02710027100271003,60,0.16260162601626016,154,0.4173441734417344,7,0.018970189701897018,2,0.005420054200542005,1,0.0027100271002710027,4,0.01084010840108401,7,0.018970189701897018,0,0.0,2,0.005420054200542005,0,0.0,0,0.0,0,0.0,8,0.02168021680216802,6,0.016260162601626018,3,0.008130081300813009,0,0.0,0,0.0,0,0.0,4,0.01084010840108401,0,0.0,2,0.005420054200542005,0,0.0,1,0.0027100271002710027,0,0.0,3,0.008130081300813009,369,1.0,ORIGEN,SECCION,COMPLETO
789,18,NAYARIT,TEPIC,,,796,1010,456,0.4514851485148515,0.5485148514851486,MORENA,202,0.44298245614035087,107,0.23464912280701755,MC,95,0.20833333333333334,72,0.15789473684210525,PRI,23,0.05043859649122807,MORENA,202,0.44298245614035087,107,0.23464912280701755,MC,95,0.20833333333333334,72,0.15789473684210525,PRI,23,0.05043859649122807,19,0.041666666666666664,23,0.05043859649122807,5,0.010964912280701754,18,0.039473684210526314,20,0.043859649122807015,95,0.20833333333333334,202,0.44298245614035087,3,0.006578947368421052,6,0.013157894736842105,11,0.02412280701754386,3,0.006578947368421052,21,0.046052631578947366,1,0.0021929824561403508,11,0.02412280701754386,1,0.0021929824561403508,0,0.0,0,0.0,7,0.015350877192982455,0,0.0,0,0.0,0,0.0,1,0.0021929824561403508,0,0.0,0,0.0,0,0.0,7,0.015350877192982455,0,0.0,0,0.0,0,0.0,2,0.0043859649122807015,456,1.0,ORIGEN,SECCION,COMPLETO
790,18,NAYARIT,TEPIC,,,797,1037,578,0.5573770491803278,0.4426229508196722,MORENA,258,0.4463667820069204,182,0.314878892733564,MC,76,0.1314878892733564,25,0.04325259515570934,PRI,51,0.08823529411764706,MORENA,258,0.4463667820069204,182,0.314878892733564,MC,76,0.1314878892733564,25,0.04325259515570934,PRI,51,0.08823529411764706,27,0.04671280276816609,51,0.08823529411764706,14,0.02422145328719723,16,0.02768166089965398,20,0.03460207612456748,76,0.1314878892733564,258,0.4463667820069204,6,0.010380622837370242,9,0.015570934256055362,6,0.010380622837370242,12,0.020761245674740483,8,0.01384083044982699,8,0.01384083044982699,10,0.01730103806228374,3,0.005190311418685121,0,0.0,2,0.0034602076124567475,3,0.005190311418685121,3,0.005190311418685121,0,0.0,6,0.010380622837370242,1,0.0017301038062283738,0,0.0,3,0.005190311418685121,0,0.0,1,0.0017301038062283738,0,0.0,2,0.0034602076124567475,0,0.0,33,0.05709342560553633,578,1.0,ORIGEN,SECCION,COMPLETO
791,18,NAYARIT,TEPIC,,,798,788,350,0.44416243654822335,0.5558375634517767,MORENA,169,0.4828571428571429,97,0.27714285714285714,MC,72,0.2057142857142857,45,0.12857142857142856,PT,27,0.07714285714285714,MORENA,169,0.4828571428571429,97,0.27714285714285714,MC,72,0.2057142857142857,45,0.12857142857142856,PT,27,0.07714285714285714,9,0.025714285714285714,7,0.02,7,0.02,27,0.07714285714285714,10,0.02857142857142857,72,0.2057142857142857,169,0.4828571428571429,4,0.011428571428571429,0,0.0,17,0.04857142857142857,0,0.0,4,0.011428571428571429,1,0.002857142857142857,2,0.005714285714285714,0,0.0,1,0.002857142857142857,0,0.0,7,0.02,3,0.008571428571428572,0,0.0,0,0.0,0,0.0,0,0.0,0,0.0,0,0.0,6,0.017142857142857144,0,0.0,1,0.002857142857142857,0,0.0,3,0.008571428571428572,350,1.0,ORIGEN,SECCION,COMPLETO
792,18,NAYARIT,TEPIC,,,799,12346,4457,0.36100761380204116,0.6389923861979588,MORENA,1740,0.3903971281130805,749,0.16805025802109042,MC,991,0.22234687009199014,730,0.16378730087502805,MLN,261,0.05855956921696208,MORENA,1740,0.3903971281130805,749,0.16805025802109042,MC,991,0.22234687009199014,730,0.16378730087502805,MLN,261,0.05855956921696208,128,0.028718869194525466,169,0.037917881983396906,32,0.0071797172986313666,196,0.04397576845411712,132,0.029616333856854388,991,0.22234687009199014,1740,0.3903971281130805,82,0.018398025577742876,48,0.010769575947947049,261,0.05855956921696208,71,0.015929997756338344,155,0.034776755665245684,43,0.009647745120035899,41,0.009199012788871438,4,0.0008974646623289208,3,0.0006730984967466906,1,0.0002243661655822302,134,0.03006506618801885,28,0.006282252636302446,5,0.001121830827911151,16,0.0035898586493156833,13,0.0029167601525689926,7,0.0015705631590756115,14,0.003141126318151223,2,0.0004487323311644604,42,0.009423378954453668,1,0.0002243661655822302,12,0.0026923939869867622,0,0.0,86,0.019295490240071798,4457,1.0,ORIGEN,SECCION,COMPLETO
793,18,NAYARIT,TEPIC,,,800,571,294,0.5148861646234676,0.4851138353765324,MORENA,135,0.45918367346938777,95,0.3231292517006803,MC,40,0.1360544217687075,22,0.07482993197278912,MLN,18,0.061224489795918366,MORENA,135,0.45918367346938777,95,0.3231292517006803,MC,40,0.1360544217687075,22,0.07482993197278912,MLN,18,0.061224489795918366,9,0.030612244897959183,17,0.05782312925170068,1,0.003401360544217687,0,0.0,7,0.023809523809523808,40,0.1360544217687075,135,0.45918367346938777,4,0.013605442176870748,5,0.017006802721088437,18,0.061224489795918366,0,0.0,10,0.034013605442176874,1,0.003401360544217687,1,0.003401360544217687,0,0.0,0,0.0,0,0.0,9,0.030612244897959183,3,0.01020408163265306,1,0.003401360544217687,0,0.0,0,0.0,1,0.003401360544217687,17,0.05782312925170068,0,0.0,2,0.006802721088435374,1,0.003401360544217687,3,0.01020408163265306,0,0.0,9,0.030612244897959183,294,1.0,ORIGEN,SECCION,COMPLETO
794,18,NAYARIT,TEPIC,,,801,1315,689,0.5239543726235741,0.47604562737642586,PT_PVEM_MORENA_NAN,187,0.2714078374455733,54,0.0783744557329463,MORENA,133,0.193033381712627,55,0.07982583454281568,MC,78,0.11320754716981132,PT_PVEM_MORENA_NAN,187,0.2714078374455733,54,0.0783744557329463,MORENA,133,0.193033381712627,55,0.07982583454281568,MC,78,0.11320754716981132,45,0.06531204644412192,37,0.05370101596516691,15,0.02177068214804064,13,0.018867924528301886,8,0.011611030478955007,78,0.11320754716981132,133,0.193033381712627,5,0.00725689404934688,5,0.00725689404934688,77,0.11175616835994194,11,0.015965166908563134,7,0.010159651669085631,5,0.00725689404934688,44,0.06386066763425254,0,0.0,0,0.0,0,0.0,187,0.2714078374455733,0,0.0,0,0.0,0,0.0,0,0.0,0,0.0,0,0.0,0,0.0,0,0.0,0,0.0,0,0.0,0,0.0,19,0.027576197387518143,689,1.0,ORIGEN,SECCION,COMPLETO
795,18,NAYARIT,TEPIC,,,802,884,426,0.4819004524886878,0.5180995475113122,MORENA,144,0.3380281690140845,53,0.12441314553990611,MC,91,0.2136150234741784,38,0.0892018779342723,PRI,53,0.12441314553990611,MORENA,144,0.3380281690140845,53,0.12441314553990611,MC,91,0.2136150234741784,38,0.0892018779342723,PRI,53,0.12441314553990611,24,0.056338028169014086,53,0.12441314553990611,11,0.025821596244131457,16,0.03755868544600939,17,0.03990610328638498,91,0.2136150234741784,144,0.3380281690140845,8,0.018779342723004695,2,0.004694835680751174,6,0.014084507042253521,3,0.007042253521126761,6,0.014084507042253521,4,0.009389671361502348,8,0.018779342723004695,0,0.0,0,0.0,2,0.004694835680751174,4,0.009389671361502348,1,0.002347417840375587,0,0.0,0,0.0,1,0.002347417840375587,1,0.002347417840375587,1,0.002347417840375587,0,0.0,1,0.002347417840375587,0,0.0,0,0.0,0,0.0,22,0.051643192488262914,426,1.0,ORIGEN,SECCION,COMPLETO
796,18,NAYARIT,TEPIC,,,803,1109,497,0.44815148782687103,0.5518485121731289,MORENA,184,0.3702213279678068,112,0.22535211267605634,PRI,72,0.1448692152917505,1,0.002012072434607646,MC,71,0.14285714285714285,MORENA,184,0.3702213279678068,112,0.22535211267605634,PRI,72,0.1448692152917505,1,0.002012072434607646,MC,71,0.14285714285714285,21,0.04225352112676056,72,0.1448692152917505,6,0.012072434607645875,34,0.06841046277665996,20,0.04024144869215292,71,0.14285714285714285,184,0.3702213279678068,9,0.018108651911468814,10,0.02012072434607646,11,0.022132796780684104,8,0.01609657947686117,7,0.014084507042253521,2,0.004024144869215292,9,0.018108651911468814,0,0.0,0,0.0,0,0.0,7,0.014084507042253521,6,0.012072434607645875,1,0.002012072434607646,0,0.0,1,0.002012072434607646,0,0.0,1,0.002012072434607646,1,0.002012072434607646,0,0.0,0,0.0,0,0.0,0,0.0,16,0.03219315895372234,497,1.0,ORIGEN,SECCION,COMPLETO
797,18,NAYARIT,TEPIC,,,804,2844,1243,0.4370604781997187,0.5629395218002813,MORENA,568,0.4569589702333065,341,0.2743362831858407,MC,227,0.18262268704746581,144,0.11584875301689461,PRI,83,0.0667739340305712,MORENA,568,0.4569589702333065,341,0.2743362831858407,MC,227,0.18262268704746581,144,0.11584875301689461,PRI,83,0.0667739340305712,39,0.031375703942075624,83,0.0667739340305712,11,0.008849557522123894,52,0.0418342719227675,41,0.03298471440064361,227,0.18262268704746581,568,0.4569589702333065,21,0.016894609814963796,7,0.0056315366049879325,35,0.02815768302493966,10,0.008045052292839904,31,0.0249396621078037,9,0.007240547063555913,10,0.008045052292839904,0,0.0,0,0.0,0,0.0,13,0.010458567980691875,7,0.0056315366049879325,0,0.0,6,0.004827031375703942,7,0.0056315366049879325,3,0.002413515687851971,7,0.0056315366049879325,4,0.003218020917135961,11,0.008849557522123894,0,0.0,5,0.004022526146419952,0,0.0,36,0.028962188254223652,1243,1.0,ORIGEN,SECCION,COMPLETO
798,18,NAYARIT,TEPIC,,,805,1322,581,0.4394856278366112,0.5605143721633887,MORENA,219,0.3769363166953528,91,0.1566265060240964,MC,128,0.22030981067125646,86,0.14802065404475043,MLN,42,0.07228915662650602,MORENA,219,0.3769363166953528,91,0.1566265060240964,MC,128,0.22030981067125646,86,0.14802065404475043,MLN,42,0.07228915662650602,16,0.027538726333907058,22,0.0378657487091222,6,0.010327022375215147,30,0.05163511187607573,15,0.025817555938037865,128,0.22030981067125646,219,0.3769363166953528,10,0.01721170395869191,9,0.01549053356282272,42,0.07228915662650602,4,0.0068846815834767644,6,0.010327022375215147,3,0.0051635111876075735,2,0.0034423407917383822,1,0.0017211703958691911,0,0.0,1,0.0017211703958691911,19,0.03270223752151463,7,0.012048192771084338,0,0.0,3,0.0051635111876075735,5,0.008605851979345954,3,0.0051635111876075735,5,0.008605851979345954,0,0.0,6,0.010327022375215147,0,0.0,8,0.013769363166953529,0,0.0,11,0.0189328743545611,581,1.0,ORIGEN,SECCION,COMPLETO
799,18,NAYARIT,TEPIC,,,806,1022,506,0.49510763209393344,0.5048923679060666,MORENA,216,0.4268774703557312,121,0.2391304347826087,MC,95,0.18774703557312253,75,0.1482213438735178,PVEM,20,0.039525691699604744,MORENA,216,0.4268774703557312,121,0.2391304347826087,MC,95,0.18774703557312253,75,0.1482213438735178,PVEM,20,0.039525691699604744,7,0.01383399209486166,17,0.03359683794466403,11,0.021739130434782608,19,0.037549407114624504,20,0.039525691699604744,95,0.18774703557312253,216,0.4268774703557312,8,0.015810276679841896,9,0.017786561264822136,16,0.03162055335968379,7,0.01383399209486166,9,0.017786561264822136,8,0.015810276679841896,5,0.009881422924901186,2,0.003952569169960474,0,0.0,1,0.001976284584980237,10,0.019762845849802372,9,0.017786561264822136,0,0.0,3,0.005928853754940711,1,0.001976284584980237,0,0.0,5,0.009881422924901186,0,0.0,6,0.011857707509881422,0,0.0,3,0.005928853754940711,0,0.0,19,0.037549407114624504,506,1.0,ORIGEN,SECCION,COMPLETO
800,18,NAYARIT,TEPIC,,,807,2309,1121,0.4854915547856215,0.5145084452143784,MORENA,497,0.4433541480820696,296,0.264049955396967,MC,201,0.1793041926851026,101,0.09009812667261374,PRI,100,0.08920606601248884,MORENA,497,0.4433541480820696,296,0.264049955396967,MC,201,0.1793041926851026,101,0.09009812667261374,PRI,100,0.08920606601248884,28,0.024977698483496878,100,0.08920606601248884,13,0.01159678858162355,61,0.054415700267618196,47,0.04192685102586976,201,0.1793041926851026,497,0.4433541480820696,26,0.0231935771632471,11,0.009812667261373774,22,0.019625334522747548,3,0.0026761819803746653,18,0.016057091882247992,6,0.0053523639607493305,12,0.010704727921498661,1,0.0008920606601248885,0,0.0,1,0.0008920606601248885,25,0.02230151650312221,3,0.0026761819803746653,1,0.0008920606601248885,4,0.003568242640499554,1,0.0008920606601248885,3,0.0026761819803746653,5,0.0044603033006244425,1,0.0008920606601248885,4,0.003568242640499554,1,0.0008920606601248885,5,0.0044603033006244425,0,0.0,21,0.01873327386262266,1121,1.0,ORIGEN,SECCION,COMPLETO
801,18,NAYARIT,TEPIC,,,808,719,360,0.5006954102920723,0.4993045897079277,MORENA,110,0.3055555555555556,32,0.08888888888888889,MC,78,0.21666666666666667,31,0.08611111111111111,PRI,47,0.13055555555555556,MORENA,110,0.3055555555555556,32,0.08888888888888889,MC,78,0.21666666666666667,31,0.08611111111111111,PRI,47,0.13055555555555556,19,0.05277777777777778,47,0.13055555555555556,5,0.013888888888888888,20,0.05555555555555555,23,0.06388888888888888,78,0.21666666666666667,110,0.3055555555555556,8,0.022222222222222223,4,0.011111111111111112,8,0.022222222222222223,3,0.008333333333333333,0,0.0,0,0.0,4,0.011111111111111112,2,0.005555555555555556,0,0.0,0,0.0,2,0.005555555555555556,0,0.0,0,0.0,0,0.0,9,0.025,1,0.002777777777777778,0,0.0,0,0.0,5,0.013888888888888888,0,0.0,0,0.0,0,0.0,12,0.03333333333333333,360,1.0,ORIGEN,SECCION,COMPLETO
802,18,NAYARIT,TEPIC,,,809,897,459,0.5117056856187291,0.4882943143812709,MORENA,192,0.41830065359477125,102,0.2222222222222222,MC,90,0.19607843137254902,62,0.13507625272331156,MLN,28,0.06100217864923747,MORENA,192,0.41830065359477125,102,0.2222222222222222,MC,90,0.19607843137254902,62,0.13507625272331156,MLN,28,0.06100217864923747,19,0.04139433551198257,18,0.0392156862745098,2,0.004357298474945534,19,0.04139433551198257,9,0.0196078431372549,90,0.19607843137254902,192,0.41830065359477125,8,0.017429193899782137,3,0.006535947712418301,28,0.06100217864923747,0,0.0,27,0.058823529411764705,1,0.002178649237472767,8,0.017429193899782137,0,0.0,0,0.0,0,0.0,15,0.032679738562091505,2,0.004357298474945534,0,0.0,1,0.002178649237472767,3,0.006535947712418301,0,0.0,2,0.004357298474945534,0,0.0,5,0.010893246187363835,0,0.0,1,0.002178649237472767,0,0.0,6,0.013071895424836602,459,1.0,ORIGEN,SECCION,COMPLETO
803,18,NAYARIT,TEPIC,,,879,1239,478,0.38579499596448746,0.6142050040355125,MORENA,190,0.39748953974895396,103,0.21548117154811716,MC,87,0.18200836820083682,51,0.10669456066945607,MLN,36,0.07531380753138076,MORENA,190,0.39748953974895396,103,0.21548117154811716,MC,87,0.18200836820083682,51,0.10669456066945607,MLN,36,0.07531380753138076,12,0.02510460251046025,24,0.0502092050209205,22,0.04602510460251046,13,0.027196652719665274,9,0.01882845188284519,87,0.18200836820083682,190,0.39748953974895396,1,0.0020920502092050207,10,0.02092050209205021,36,0.07531380753138076,14,0.029288702928870293,8,0.016736401673640166,0,0.0,4,0.008368200836820083,0,0.0,0,0.0,2,0.0041841004184100415,10,0.02092050209205021,6,0.012552301255230125,0,0.0,1,0.0020920502092050207,1,0.0020920502092050207,1,0.0020920502092050207,3,0.006276150627615063,0,0.0,4,0.008368200836820083,0,0.0,4,0.008368200836820083,0,0.0,16,0.03347280334728033,478,1.0,ORIGEN,SECCION,COMPLETO
804,18,NAYARIT,TEPIC,,,880,773,394,0.5097024579560155,0.49029754204398446,MORENA,155,0.3934010152284264,78,0.19796954314720813,MC,77,0.19543147208121828,56,0.14213197969543148,MLN,21,0.0532994923857868,MORENA,155,0.3934010152284264,78,0.19796954314720813,MC,77,0.19543147208121828,56,0.14213197969543148,MLN,21,0.0532994923857868,19,0.048223350253807105,14,0.03553299492385787,9,0.02284263959390863,20,0.050761421319796954,8,0.02030456852791878,77,0.19543147208121828,155,0.3934010152284264,7,0.017766497461928935,4,0.01015228426395939,21,0.0532994923857868,6,0.015228426395939087,9,0.02284263959390863,1,0.0025380710659898475,6,0.015228426395939087,1,0.0025380710659898475,2,0.005076142131979695,0,0.0,15,0.03807106598984772,2,0.005076142131979695,3,0.007614213197969543,0,0.0,1,0.0025380710659898475,1,0.0025380710659898475,3,0.007614213197969543,0,0.0,3,0.007614213197969543,0,0.0,1,0.0025380710659898475,0,0.0,6,0.015228426395939087,394,1.0,ORIGEN,SECCION,COMPLETO
805,18,NAYARIT,TEPIC,,,881,856,418,0.4883177570093458,0.5116822429906542,MORENA,177,0.423444976076555,83,0.19856459330143542,MC,94,0.22488038277511962,70,0.1674641148325359,PRI,24,0.05741626794258373,MORENA,177,0.423444976076555,83,0.19856459330143542,MC,94,0.22488038277511962,70,0.1674641148325359,PRI,24,0.05741626794258373,12,0.028708133971291867,24,0.05741626794258373,10,0.023923444976076555,13,0.03110047846889952,12,0.028708133971291867,94,0.22488038277511962,177,0.423444976076555,6,0.014354066985645933,3,0.007177033492822967,23,0.05502392344497608,4,0.009569377990430622,19,0.045454545454545456,1,0.0023923444976076554,3,0.007177033492822967,0,0.0,0,0.0,0,0.0,5,0.011961722488038277,1,0.0023923444976076554,0,0.0,0,0.0,1,0.0023923444976076554,2,0.004784688995215311,0,0.0,0,0.0,1,0.0023923444976076554,0,0.0,0,0.0,0,0.0,7,0.01674641148325359,418,1.0,ORIGEN,SECCION,COMPLETO
806,18,NAYARIT,TEPIC,,,882,1083,505,0.4662973222530009,0.5337026777469991,MORENA,200,0.39603960396039606,104,0.20594059405940593,MC,96,0.1900990099009901,58,0.11485148514851486,MLN,38,0.07524752475247524,MORENA,200,0.39603960396039606,104,0.20594059405940593,MC,96,0.1900990099009901,58,0.11485148514851486,MLN,38,0.07524752475247524,10,0.019801980198019802,17,0.033663366336633666,10,0.019801980198019802,27,0.053465346534653464,12,0.023762376237623763,96,0.1900990099009901,200,0.39603960396039606,12,0.023762376237623763,5,0.009900990099009901,38,0.07524752475247524,6,0.011881188118811881,17,0.033663366336633666,1,0.0019801980198019802,10,0.019801980198019802,1,0.0019801980198019802,0,0.0,0,0.0,10,0.019801980198019802,2,0.0039603960396039604,1,0.0019801980198019802,1,0.0019801980198019802,5,0.009900990099009901,1,0.0019801980198019802,2,0.0039603960396039604,1,0.0019801980198019802,4,0.007920792079207921,0,0.0,0,0.0,0,0.0,16,0.031683168316831684,505,1.0,ORIGEN,SECCION,COMPLETO
807,18,NAYARIT,TEPIC,,,883,1130,531,0.46991150442477875,0.5300884955752212,MORENA,234,0.4406779661016949,130,0.2448210922787194,MC,104,0.1958568738229755,67,0.12617702448210924,MLN,37,0.0696798493408663,MORENA,234,0.4406779661016949,130,0.2448210922787194,MC,104,0.1958568738229755,67,0.12617702448210924,MLN,37,0.0696798493408663,15,0.02824858757062147,20,0.03766478342749529,13,0.02448210922787194,22,0.04143126177024482,16,0.030131826741996232,104,0.1958568738229755,234,0.4406779661016949,5,0.009416195856873822,3,0.005649717514124294,37,0.0696798493408663,5,0.009416195856873822,15,0.02824858757062147,5,0.009416195856873822,8,0.015065913370998116,0,0.0,0,0.0,0,0.0,13,0.02448210922787194,0,0.0,0,0.0,0,0.0,0,0.0,0,0.0,3,0.005649717514124294,1,0.0018832391713747645,1,0.0018832391713747645,1,0.0018832391713747645,1,0.0018832391713747645,0,0.0,9,0.01694915254237288,531,1.0,ORIGEN,SECCION,COMPLETO
808,18,NAYARIT,TEPIC,,,884,696,195,0.2801724137931034,0.7198275862068966,MC,45,0.23076923076923078,22,0.11282051282051282,VIVA,23,0.11794871794871795,4,0.020512820512820513,PT,19,0.09743589743589744,MC,45,0.23076923076923078,22,0.11282051282051282,VIVA,23,0.11794871794871795,4,0.020512820512820513,PT,19,0.09743589743589744,8,0.041025641025641026,7,0.035897435897435895,12,0.06153846153846154,19,0.09743589743589744,15,0.07692307692307693,45,0.23076923076923078,1,0.005128205128205128,4,0.020512820512820513,23,0.11794871794871795,8,0.041025641025641026,9,0.046153846153846156,0,0.0,0,0.0,3,0.015384615384615385,0,0.0,0,0.0,1,0.005128205128205128,12,0.06153846153846154,0,0.0,0,0.0,8,0.041025641025641026,2,0.010256410256410256,0,0.0,2,0.010256410256410256,1,0.005128205128205128,3,0.015384615384615385,0,0.0,0,0.0,1,0.005128205128205128,11,0.05641025641025641,195,1.0,ORIGEN,SECCION,COMPLETO
809,18,NAYARIT,TEPIC,,,885,698,337,0.4828080229226361,0.5171919770773639,MORENA,147,0.4362017804154303,78,0.2314540059347181,MC,69,0.20474777448071216,47,0.1394658753709199,MLN,22,0.06528189910979229,MORENA,147,0.4362017804154303,78,0.2314540059347181,MC,69,0.20474777448071216,47,0.1394658753709199,MLN,22,0.06528189910979229,6,0.017804154302670624,7,0.020771513353115726,3,0.008902077151335312,21,0.06231454005934718,6,0.017804154302670624,69,0.20474777448071216,147,0.4362017804154303,6,0.017804154302670624,6,0.017804154302670624,22,0.06528189910979229,3,0.008902077151335312,20,0.05934718100890208,0,0.0,3,0.008902077151335312,0,0.0,0,0.0,0,0.0,9,0.026706231454005934,0,0.0,0,0.0,0,0.0,0,0.0,0,0.0,2,0.005934718100890208,0,0.0,1,0.002967359050445104,0,0.0,1,0.002967359050445104,0,0.0,5,0.01483679525222552,337,1.0,ORIGEN,SECCION,COMPLETO
810,18,NAYARIT,TEPIC,,,886,819,347,0.4236874236874237,0.5763125763125763,MORENA,140,0.4034582132564842,64,0.1844380403458213,MC,76,0.21902017291066284,48,0.138328530259366,MLN,28,0.08069164265129683,MORENA,140,0.4034582132564842,64,0.1844380403458213,MC,76,0.21902017291066284,48,0.138328530259366,MLN,28,0.08069164265129683,10,0.02881844380403458,15,0.043227665706051875,6,0.01729106628242075,13,0.037463976945244955,11,0.03170028818443804,76,0.21902017291066284,140,0.4034582132564842,11,0.03170028818443804,3,0.008645533141210375,28,0.08069164265129683,6,0.01729106628242075,6,0.01729106628242075,2,0.005763688760806916,5,0.01440922190201729,0,0.0,0,0.0,1,0.002881844380403458,4,0.011527377521613832,2,0.005763688760806916,0,0.0,0,0.0,2,0.005763688760806916,0,0.0,0,0.0,0,0.0,0,0.0,0,0.0,1,0.002881844380403458,0,0.0,5,0.01440922190201729,347,1.0,ORIGEN,SECCION,COMPLETO
811,18,NAYARIT,TEPIC,,,887,633,289,0.4565560821484992,0.5434439178515008,MORENA,118,0.4083044982698962,80,0.2768166089965398,MC,38,0.1314878892733564,17,0.058823529411764705,PT,21,0.0726643598615917,MORENA,118,0.4083044982698962,80,0.2768166089965398,MC,38,0.1314878892733564,17,0.058823529411764705,PT,21,0.0726643598615917,8,0.02768166089965398,12,0.04152249134948097,14,0.04844290657439446,21,0.0726643598615917,5,0.01730103806228374,38,0.1314878892733564,118,0.4083044982698962,2,0.006920415224913495,6,0.020761245674740483,19,0.0657439446366782,6,0.020761245674740483,8,0.02768166089965398,0,0.0,6,0.020761245674740483,0,0.0,0,0.0,1,0.0034602076124567475,8,0.02768166089965398,4,0.01384083044982699,1,0.0034602076124567475,1,0.0034602076124567475,2,0.006920415224913495,0,0.0,1,0.0034602076124567475,0,0.0,0,0.0,0,0.0,0,0.0,0,0.0,8,0.02768166089965398,289,1.0,ORIGEN,SECCION,COMPLETO
812,18,NAYARIT,TEPIC,,,888,906,438,0.48344370860927155,0.5165562913907285,MORENA,175,0.3995433789954338,95,0.21689497716894976,MC,80,0.182648401826484,48,0.1095890410958904,MLN,32,0.0730593607305936,MORENA,175,0.3995433789954338,95,0.21689497716894976,MC,80,0.182648401826484,48,0.1095890410958904,MLN,32,0.0730593607305936,12,0.0273972602739726,22,0.0502283105022831,6,0.0136986301369863,20,0.045662100456621,12,0.0273972602739726,80,0.182648401826484,175,0.3995433789954338,4,0.0091324200913242,5,0.01141552511415525,32,0.0730593607305936,11,0.02511415525114155,16,0.0365296803652968,2,0.0045662100456621,4,0.0091324200913242,2,0.0045662100456621,0,0.0,0,0.0,14,0.0319634703196347,4,0.0091324200913242,1,0.00228310502283105,2,0.0045662100456621,0,0.0,0,0.0,4,0.0091324200913242,0,0.0,2,0.0045662100456621,0,0.0,2,0.0045662100456621,0,0.0,6,0.0136986301369863,438,1.0,ORIGEN,SECCION,COMPLETO
813,18,NAYARIT,TEPIC,,,889,498,215,0.43172690763052207,0.5682730923694779,MORENA,94,0.4372093023255814,53,0.24651162790697675,MC,41,0.19069767441860466,28,0.13023255813953488,RSP,13,0.06046511627906977,MORENA,94,0.4372093023255814,53,0.24651162790697675,MC,41,0.19069767441860466,28,0.13023255813953488,RSP,13,0.06046511627906977,3,0.013953488372093023,4,0.018604651162790697,1,0.004651162790697674,10,0.046511627906976744,6,0.027906976744186046,41,0.19069767441860466,94,0.4372093023255814,1,0.004651162790697674,4,0.018604651162790697,10,0.046511627906976744,1,0.004651162790697674,13,0.06046511627906977,1,0.004651162790697674,2,0.009302325581395349,0,0.0,1,0.004651162790697674,0,0.0,8,0.037209302325581395,1,0.004651162790697674,0,0.0,0,0.0,0,0.0,0,0.0,1,0.004651162790697674,0,0.0,1,0.004651162790697674,0,0.0,1,0.004651162790697674,0,0.0,11,0.05116279069767442,215,1.0,ORIGEN,SECCION,COMPLETO
814,18,NAYARIT,TEPIC,,,890,1008,511,0.5069444444444444,0.4930555555555556,MORENA,216,0.4227005870841487,134,0.2622309197651663,MC,82,0.16046966731898238,38,0.07436399217221135,MLN,44,0.08610567514677103,MORENA,216,0.4227005870841487,134,0.2622309197651663,MC,82,0.16046966731898238,38,0.07436399217221135,MLN,44,0.08610567514677103,20,0.03913894324853229,12,0.023483365949119372,16,0.03131115459882583,25,0.04892367906066536,7,0.0136986301369863,82,0.16046966731898238,216,0.4227005870841487,11,0.021526418786692758,8,0.015655577299412915,44,0.08610567514677103,3,0.005870841487279843,22,0.043052837573385516,5,0.009784735812133072,7,0.0136986301369863,3,0.005870841487279843,2,0.003913894324853229,0,0.0,10,0.019569471624266144,5,0.009784735812133072,1,0.0019569471624266144,2,0.003913894324853229,0,0.0,0,0.0,3,0.005870841487279843,0,0.0,1,0.0019569471624266144,0,0.0,0,0.0,0,0.0,6,0.011741682974559686,511,1.0,ORIGEN,SECCION,COMPLETO
815,18,NAYARIT,TEPIC,,,891,872,468,0.536697247706422,0.463302752293578,MORENA,180,0.38461538461538464,82,0.1752136752136752,MC,98,0.2094017094017094,68,0.1452991452991453,MLN,30,0.0641025641025641,MORENA,180,0.38461538461538464,82,0.1752136752136752,MC,98,0.2094017094017094,68,0.1452991452991453,MLN,30,0.0641025641025641,20,0.042735042735042736,8,0.017094017094017096,6,0.01282051282051282,13,0.027777777777777776,11,0.023504273504273504,98,0.2094017094017094,180,0.38461538461538464,19,0.0405982905982906,10,0.021367521367521368,30,0.0641025641025641,8,0.017094017094017096,16,0.03418803418803419,6,0.01282051282051282,9,0.019230769230769232,1,0.002136752136752137,0,0.0,0,0.0,9,0.019230769230769232,7,0.014957264957264958,0,0.0,1,0.002136752136752137,4,0.008547008547008548,0,0.0,0,0.0,0,0.0,5,0.010683760683760684,0,0.0,0,0.0,0,0.0,7,0.014957264957264958,468,1.0,ORIGEN,SECCION,COMPLETO
816,18,NAYARIT,TEPIC,,,892,942,467,0.49575371549893843,0.5042462845010616,MORENA,160,0.3426124197002141,67,0.14346895074946467,MC,93,0.19914346895074947,67,0.14346895074946467,PT,26,0.055674518201284794,MORENA,160,0.3426124197002141,67,0.14346895074946467,MC,93,0.19914346895074947,67,0.14346895074946467,PT,26,0.055674518201284794,14,0.029978586723768737,21,0.044967880085653104,9,0.019271948608137045,26,0.055674518201284794,14,0.029978586723768737,93,0.19914346895074947,160,0.3426124197002141,9,0.019271948608137045,3,0.006423982869379015,21,0.044967880085653104,7,0.014989293361884369,25,0.05353319057815846,3,0.006423982869379015,8,0.017130620985010708,0,0.0,0,0.0,0,0.0,21,0.044967880085653104,4,0.008565310492505354,0,0.0,2,0.004282655246252677,2,0.004282655246252677,0,0.0,4,0.008565310492505354,0,0.0,2,0.004282655246252677,0,0.0,5,0.010706638115631691,0,0.0,14,0.029978586723768737,467,1.0,ORIGEN,SECCION,COMPLETO
817,18,NAYARIT,TEPIC,,,893,544,240,0.4411764705882353,0.5588235294117647,MORENA,106,0.44166666666666665,67,0.2791666666666667,MC,39,0.1625,17,0.07083333333333333,MLN,22,0.09166666666666666,MORENA,106,0.44166666666666665,67,0.2791666666666667,MC,39,0.1625,17,0.07083333333333333,MLN,22,0.09166666666666666,1,0.004166666666666667,8,0.03333333333333333,2,0.008333333333333333,15,0.0625,4,0.016666666666666666,39,0.1625,106,0.44166666666666665,3,0.0125,2,0.008333333333333333,22,0.09166666666666666,1,0.004166666666666667,9,0.0375,3,0.0125,1,0.004166666666666667,0,0.0,0,0.0,0,0.0,4,0.016666666666666666,2,0.008333333333333333,0,0.0,0,0.0,1,0.004166666666666667,0,0.0,2,0.008333333333333333,0,0.0,3,0.0125,0,0.0,2,0.008333333333333333,0,0.0,10,0.041666666666666664,240,1.0,ORIGEN,SECCION,COMPLETO
818,18,NAYARIT,TEPIC,,,894,941,506,0.5377258235919234,0.46227417640807655,MORENA,176,0.34782608695652173,37,0.07312252964426877,MC,139,0.274703557312253,109,0.21541501976284586,MLN,30,0.05928853754940711,MORENA,176,0.34782608695652173,37,0.07312252964426877,MC,139,0.274703557312253,109,0.21541501976284586,MLN,30,0.05928853754940711,8,0.015810276679841896,18,0.03557312252964427,14,0.02766798418972332,19,0.037549407114624504,12,0.023715415019762844,139,0.274703557312253,176,0.34782608695652173,9,0.017786561264822136,2,0.003952569169960474,30,0.05928853754940711,2,0.003952569169960474,20,0.039525691699604744,1,0.001976284584980237,3,0.005928853754940711,1,0.001976284584980237,1,0.001976284584980237,0,0.0,15,0.029644268774703556,5,0.009881422924901186,3,0.005928853754940711,2,0.003952569169960474,5,0.009881422924901186,1,0.001976284584980237,1,0.001976284584980237,0,0.0,5,0.009881422924901186,0,0.0,0,0.0,0,0.0,14,0.02766798418972332,506,1.0,ORIGEN,SECCION,COMPLETO
819,18,NAYARIT,TEPIC,,,895,962,475,0.49376299376299376,0.5062370062370063,MORENA,209,0.44,119,0.2505263157894737,MC,90,0.18947368421052632,65,0.1368421052631579,MLN,25,0.05263157894736842,MORENA,209,0.44,119,0.2505263157894737,MC,90,0.18947368421052632,65,0.1368421052631579,MLN,25,0.05263157894736842,20,0.042105263157894736,11,0.023157894736842106,5,0.010526315789473684,23,0.04842105263157895,10,0.021052631578947368,90,0.18947368421052632,209,0.44,24,0.05052631578947368,6,0.01263157894736842,25,0.05263157894736842,2,0.004210526315789474,14,0.029473684210526315,2,0.004210526315789474,3,0.00631578947368421,0,0.0,1,0.002105263157894737,0,0.0,10,0.021052631578947368,4,0.008421052631578947,0,0.0,0,0.0,3,0.00631578947368421,0,0.0,3,0.00631578947368421,0,0.0,1,0.002105263157894737,1,0.002105263157894737,2,0.004210526315789474,1,0.002105263157894737,5,0.010526315789473684,475,1.0,ORIGEN,SECCION,COMPLETO
820,18,NAYARIT,TEPIC,,,896,1205,621,0.5153526970954356,0.48464730290456437,MORENA,227,0.36553945249597425,105,0.16908212560386474,MC,122,0.1964573268921095,64,0.10305958132045089,MLN,58,0.09339774557165861,MORENA,227,0.36553945249597425,105,0.16908212560386474,MC,122,0.1964573268921095,64,0.10305958132045089,MLN,58,0.09339774557165861,20,0.0322061191626409,18,0.028985507246376812,12,0.01932367149758454,25,0.040257648953301126,17,0.027375201288244767,122,0.1964573268921095,227,0.36553945249597425,11,0.017713365539452495,7,0.011272141706924315,58,0.09339774557165861,11,0.017713365539452495,29,0.04669887278582931,8,0.01288244766505636,5,0.008051529790660225,0,0.0,0,0.0,0,0.0,18,0.028985507246376812,6,0.00966183574879227,3,0.004830917874396135,1,0.001610305958132045,1,0.001610305958132045,0,0.0,5,0.008051529790660225,0,0.0,4,0.00644122383252818,0,0.0,5,0.008051529790660225,0,0.0,8,0.01288244766505636,621,1.0,ORIGEN,SECCION,COMPLETO
821,18,NAYARIT,TEPIC,,,897,833,397,0.4765906362545018,0.5234093637454982,MORENA,160,0.40302267002518893,91,0.22921914357682618,MC,69,0.17380352644836272,44,0.11083123425692695,MLN,25,0.06297229219143577,MORENA,160,0.40302267002518893,91,0.22921914357682618,MC,69,0.17380352644836272,44,0.11083123425692695,MLN,25,0.06297229219143577,24,0.060453400503778336,14,0.03526448362720403,11,0.027707808564231738,17,0.042821158690176324,15,0.037783375314861464,69,0.17380352644836272,160,0.40302267002518893,8,0.020151133501259445,9,0.022670025188916875,25,0.06297229219143577,3,0.007556675062972292,13,0.0327455919395466,0,0.0,6,0.015113350125944584,1,0.0025188916876574307,1,0.0025188916876574307,0,0.0,9,0.022670025188916875,1,0.0025188916876574307,0,0.0,0,0.0,2,0.005037783375314861,0,0.0,1,0.0025188916876574307,0,0.0,1,0.0025188916876574307,0,0.0,0,0.0,0,0.0,7,0.017632241813602016,397,1.0,ORIGEN,SECCION,COMPLETO
822,18,NAYARIT,TEPIC,,,898,533,247,0.4634146341463415,0.5365853658536586,MORENA,109,0.44129554655870445,68,0.27530364372469635,MC,41,0.1659919028340081,19,0.07692307692307693,MLN,22,0.08906882591093117,MORENA,109,0.44129554655870445,68,0.27530364372469635,MC,41,0.1659919028340081,19,0.07692307692307693,MLN,22,0.08906882591093117,6,0.024291497975708502,9,0.03643724696356275,1,0.004048582995951417,11,0.044534412955465584,2,0.008097165991902834,41,0.1659919028340081,109,0.44129554655870445,4,0.016194331983805668,2,0.008097165991902834,22,0.08906882591093117,6,0.024291497975708502,10,0.04048582995951417,3,0.012145748987854251,1,0.004048582995951417,0,0.0,0,0.0,0,0.0,4,0.016194331983805668,2,0.008097165991902834,0,0.0,2,0.008097165991902834,1,0.004048582995951417,1,0.004048582995951417,0,0.0,0,0.0,0,0.0,0,0.0,1,0.004048582995951417,0,0.0,9,0.03643724696356275,247,1.0,ORIGEN,SECCION,COMPLETO
823,18,NAYARIT,TEPIC,,,899,977,544,0.5568065506653019,0.44319344933469806,MORENA,237,0.43566176470588236,131,0.24080882352941177,MC,106,0.1948529411764706,79,0.14522058823529413,PT,27,0.04963235294117647,MORENA,237,0.43566176470588236,131,0.24080882352941177,MC,106,0.1948529411764706,79,0.14522058823529413,PT,27,0.04963235294117647,21,0.03860294117647059,14,0.025735294117647058,4,0.007352941176470588,27,0.04963235294117647,4,0.007352941176470588,106,0.1948529411764706,237,0.43566176470588236,14,0.025735294117647058,8,0.014705882352941176,27,0.04963235294117647,4,0.007352941176470588,27,0.04963235294117647,2,0.003676470588235294,10,0.01838235294117647,0,0.0,1,0.001838235294117647,0,0.0,12,0.022058823529411766,5,0.009191176470588236,1,0.001838235294117647,0,0.0,5,0.009191176470588236,2,0.003676470588235294,3,0.0055147058823529415,1,0.001838235294117647,0,0.0,1,0.001838235294117647,1,0.001838235294117647,1,0.001838235294117647,6,0.011029411764705883,544,1.0,ORIGEN,SECCION,COMPLETO
824,18,NAYARIT,TEPIC,,,900,608,332,0.5460526315789473,0.45394736842105265,MORENA,143,0.4307228915662651,88,0.26506024096385544,MC,55,0.16566265060240964,32,0.0963855421686747,PT,23,0.06927710843373494,MORENA,143,0.4307228915662651,88,0.26506024096385544,MC,55,0.16566265060240964,32,0.0963855421686747,PT,23,0.06927710843373494,4,0.012048192771084338,11,0.03313253012048193,5,0.015060240963855422,23,0.06927710843373494,10,0.030120481927710843,55,0.16566265060240964,143,0.4307228915662651,19,0.0572289156626506,3,0.009036144578313253,17,0.05120481927710843,1,0.0030120481927710845,18,0.05421686746987952,1,0.0030120481927710845,1,0.0030120481927710845,0,0.0,1,0.0030120481927710845,0,0.0,9,0.02710843373493976,2,0.006024096385542169,0,0.0,0,0.0,1,0.0030120481927710845,1,0.0030120481927710845,1,0.0030120481927710845,0,0.0,1,0.0030120481927710845,0,0.0,1,0.0030120481927710845,0,0.0,4,0.012048192771084338,332,1.0,ORIGEN,SECCION,COMPLETO
825,18,NAYARIT,TEPIC,,,901,805,419,0.5204968944099378,0.47950310559006215,MORENA,162,0.38663484486873506,85,0.20286396181384247,MC,77,0.18377088305489261,47,0.11217183770883055,RSP,30,0.07159904534606205,MORENA,162,0.38663484486873506,85,0.20286396181384247,MC,77,0.18377088305489261,47,0.11217183770883055,RSP,30,0.07159904534606205,24,0.057279236276849645,14,0.03341288782816229,7,0.016706443914081145,21,0.050119331742243436,6,0.014319809069212411,77,0.18377088305489261,162,0.38663484486873506,13,0.031026252983293555,0,0.0,20,0.0477326968973747,2,0.00477326968973747,30,0.07159904534606205,5,0.011933174224343675,6,0.014319809069212411,1,0.002386634844868735,1,0.002386634844868735,0,0.0,13,0.031026252983293555,4,0.00954653937947494,1,0.002386634844868735,1,0.002386634844868735,2,0.00477326968973747,1,0.002386634844868735,0,0.0,2,0.00477326968973747,1,0.002386634844868735,0,0.0,0,0.0,1,0.002386634844868735,4,0.00954653937947494,419,1.0,ORIGEN,SECCION,COMPLETO
826,18,NAYARIT,TEPIC,,,902,779,409,0.5250320924261874,0.4749679075738126,MORENA,161,0.39364303178484106,78,0.19070904645476772,MC,83,0.20293398533007334,52,0.1271393643031785,MLN,31,0.07579462102689487,MORENA,161,0.39364303178484106,78,0.19070904645476772,MC,83,0.20293398533007334,52,0.1271393643031785,MLN,31,0.07579462102689487,17,0.04156479217603912,14,0.034229828850855744,5,0.012224938875305624,15,0.03667481662591687,13,0.03178484107579462,83,0.20293398533007334,161,0.39364303178484106,6,0.014669926650366748,7,0.017114914425427872,31,0.07579462102689487,7,0.017114914425427872,12,0.029339853300733496,4,0.009779951100244499,4,0.009779951100244499,0,0.0,0,0.0,0,0.0,10,0.02444987775061125,2,0.004889975550122249,0,0.0,2,0.004889975550122249,1,0.0024449877750611247,1,0.0024449877750611247,1,0.0024449877750611247,0,0.0,0,0.0,0,0.0,7,0.017114914425427872,0,0.0,6,0.014669926650366748,409,1.0,ORIGEN,SECCION,COMPLETO
827,18,NAYARIT,TEPIC,,,903,891,398,0.44668911335578004,0.55331088664422,MORENA,145,0.36432160804020103,62,0.15577889447236182,MC,83,0.20854271356783918,46,0.11557788944723618,MLN,37,0.09296482412060302,MORENA,145,0.36432160804020103,62,0.15577889447236182,MC,83,0.20854271356783918,46,0.11557788944723618,MLN,37,0.09296482412060302,19,0.04773869346733668,11,0.02763819095477387,9,0.022613065326633167,16,0.04020100502512563,4,0.010050251256281407,83,0.20854271356783918,145,0.36432160804020103,6,0.01507537688442211,9,0.022613065326633167,37,0.09296482412060302,4,0.010050251256281407,14,0.035175879396984924,4,0.010050251256281407,4,0.010050251256281407,1,0.002512562814070352,0,0.0,0,0.0,11,0.02763819095477387,3,0.007537688442211055,1,0.002512562814070352,1,0.002512562814070352,1,0.002512562814070352,0,0.0,3,0.007537688442211055,0,0.0,2,0.005025125628140704,0,0.0,1,0.002512562814070352,0,0.0,9,0.022613065326633167,398,1.0,ORIGEN,SECCION,COMPLETO
828,18,NAYARIT,TEPIC,,,904,1923,966,0.5023400936037441,0.4976599063962559,MORENA,357,0.3695652173913043,139,0.14389233954451347,MC,218,0.22567287784679088,142,0.14699792960662525,MLN,76,0.07867494824016563,MORENA,357,0.3695652173913043,139,0.14389233954451347,MC,218,0.22567287784679088,142,0.14699792960662525,MLN,76,0.07867494824016563,34,0.035196687370600416,36,0.037267080745341616,11,0.011387163561076604,55,0.056935817805383024,16,0.016563146997929608,218,0.22567287784679088,357,0.3695652173913043,28,0.028985507246376812,12,0.012422360248447204,76,0.07867494824016563,9,0.009316770186335404,37,0.038302277432712216,6,0.006211180124223602,14,0.014492753623188406,0,0.0,0,0.0,0,0.0,26,0.026915113871635612,9,0.009316770186335404,1,0.0010351966873706005,1,0.0010351966873706005,2,0.002070393374741201,0,0.0,2,0.002070393374741201,0,0.0,1,0.0010351966873706005,0,0.0,3,0.003105590062111801,2,0.002070393374741201,10,0.010351966873706004,966,1.0,ORIGEN,SECCION,COMPLETO
829,18,NAYARIT,TEPIC,,,905,1303,566,0.43438219493476593,0.5656178050652341,MORENA,220,0.38869257950530034,111,0.196113074204947,MC,109,0.19257950530035337,71,0.1254416961130742,MLN,38,0.06713780918727916,MORENA,220,0.38869257950530034,111,0.196113074204947,MC,109,0.19257950530035337,71,0.1254416961130742,MLN,38,0.06713780918727916,29,0.05123674911660778,25,0.044169611307420496,12,0.02120141342756184,32,0.05653710247349823,8,0.014134275618374558,109,0.19257950530035337,220,0.38869257950530034,14,0.024734982332155476,14,0.024734982332155476,38,0.06713780918727916,6,0.01060070671378092,8,0.014134275618374558,1,0.0017667844522968198,8,0.014134275618374558,1,0.0017667844522968198,0,0.0,0,0.0,14,0.024734982332155476,3,0.00530035335689046,0,0.0,1,0.0017667844522968198,0,0.0,1,0.0017667844522968198,3,0.00530035335689046,1,0.0017667844522968198,1,0.0017667844522968198,0,0.0,2,0.0035335689045936395,0,0.0,15,0.026501766784452298,566,1.0,ORIGEN,SECCION,COMPLETO
830,18,NAYARIT,TEPIC,,,906,830,375,0.45180722891566266,0.5481927710843373,MORENA,121,0.32266666666666666,39,0.104,MC,82,0.21866666666666668,44,0.11733333333333333,MLN,38,0.10133333333333333,MORENA,121,0.32266666666666666,39,0.104,MC,82,0.21866666666666668,44,0.11733333333333333,MLN,38,0.10133333333333333,14,0.037333333333333336,4,0.010666666666666666,6,0.016,24,0.064,13,0.034666666666666665,82,0.21866666666666668,121,0.32266666666666666,7,0.018666666666666668,5,0.013333333333333334,38,0.10133333333333333,10,0.02666666666666667,10,0.02666666666666667,2,0.005333333333333333,0,0.0,0,0.0,1,0.0026666666666666666,1,0.0026666666666666666,8,0.021333333333333333,1,0.0026666666666666666,1,0.0026666666666666666,0,0.0,4,0.010666666666666666,1,0.0026666666666666666,1,0.0026666666666666666,0,0.0,4,0.010666666666666666,1,0.0026666666666666666,3,0.008,0,0.0,13,0.034666666666666665,375,1.0,ORIGEN,SECCION,COMPLETO
831,18,NAYARIT,TEPIC,,,907,708,297,0.4194915254237288,0.5805084745762712,MORENA,126,0.42424242424242425,76,0.2558922558922559,MC,50,0.16835016835016836,28,0.09427609427609428,MLN,22,0.07407407407407407,MORENA,126,0.42424242424242425,76,0.2558922558922559,MC,50,0.16835016835016836,28,0.09427609427609428,MLN,22,0.07407407407407407,11,0.037037037037037035,7,0.02356902356902357,3,0.010101010101010102,17,0.05723905723905724,6,0.020202020202020204,50,0.16835016835016836,126,0.42424242424242425,7,0.02356902356902357,8,0.026936026936026935,22,0.07407407407407407,9,0.030303030303030304,5,0.016835016835016835,0,0.0,1,0.003367003367003367,1,0.003367003367003367,1,0.003367003367003367,0,0.0,6,0.020202020202020204,1,0.003367003367003367,1,0.003367003367003367,1,0.003367003367003367,3,0.010101010101010102,2,0.006734006734006734,0,0.0,0,0.0,0,0.0,3,0.010101010101010102,0,0.0,0,0.0,6,0.020202020202020204,297,1.0,ORIGEN,SECCION,COMPLETO
832,18,NAYARIT,TEPIC,,,908,1012,434,0.4288537549407115,0.5711462450592886,MORENA,165,0.38018433179723504,80,0.18433179723502305,MC,85,0.195852534562212,55,0.12672811059907835,MLN,30,0.06912442396313365,MORENA,165,0.38018433179723504,80,0.18433179723502305,MC,85,0.195852534562212,55,0.12672811059907835,MLN,30,0.06912442396313365,18,0.041474654377880185,13,0.029953917050691243,17,0.03917050691244239,25,0.0576036866359447,9,0.020737327188940093,85,0.195852534562212,165,0.38018433179723504,7,0.016129032258064516,8,0.018433179723502304,30,0.06912442396313365,2,0.004608294930875576,14,0.03225806451612903,0,0.0,5,0.01152073732718894,2,0.004608294930875576,0,0.0,0,0.0,11,0.02534562211981567,2,0.004608294930875576,1,0.002304147465437788,1,0.002304147465437788,0,0.0,1,0.002304147465437788,1,0.002304147465437788,0,0.0,1,0.002304147465437788,0,0.0,4,0.009216589861751152,0,0.0,12,0.027649769585253458,434,1.0,ORIGEN,SECCION,COMPLETO
833,18,NAYARIT,TEPIC,,,909,2105,845,0.4014251781472684,0.5985748218527316,MORENA,340,0.40236686390532544,152,0.17988165680473372,MC,188,0.22248520710059172,133,0.15739644970414202,MLN,55,0.0650887573964497,MORENA,340,0.40236686390532544,152,0.17988165680473372,MC,188,0.22248520710059172,133,0.15739644970414202,MLN,55,0.0650887573964497,40,0.047337278106508875,38,0.04497041420118343,9,0.010650887573964497,32,0.0378698224852071,19,0.022485207100591716,188,0.22248520710059172,340,0.40236686390532544,23,0.027218934911242602,10,0.011834319526627219,55,0.0650887573964497,5,0.005917159763313609,20,0.023668639053254437,4,0.004733727810650888,14,0.016568047337278107,0,0.0,1,0.001183431952662722,5,0.005917159763313609,11,0.01301775147928994,4,0.004733727810650888,0,0.0,3,0.0035502958579881655,2,0.002366863905325444,2,0.002366863905325444,3,0.0035502958579881655,1,0.001183431952662722,2,0.002366863905325444,1,0.001183431952662722,1,0.001183431952662722,0,0.0,12,0.014201183431952662,845,1.0,ORIGEN,SECCION,COMPLETO
834,18,NAYARIT,TEPIC,,,910,1213,516,0.4253915910964551,0.5746084089035449,MORENA,179,0.34689922480620156,96,0.18604651162790697,MC,83,0.16085271317829458,47,0.09108527131782945,PT,36,0.06976744186046512,MORENA,179,0.34689922480620156,96,0.18604651162790697,MC,83,0.16085271317829458,47,0.09108527131782945,PT,36,0.06976744186046512,28,0.05426356589147287,17,0.03294573643410853,16,0.031007751937984496,36,0.06976744186046512,13,0.025193798449612403,83,0.16085271317829458,179,0.34689922480620156,8,0.015503875968992248,14,0.027131782945736434,26,0.050387596899224806,7,0.013565891472868217,14,0.027131782945736434,1,0.001937984496124031,8,0.015503875968992248,1,0.001937984496124031,1,0.001937984496124031,0,0.0,21,0.040697674418604654,5,0.009689922480620155,3,0.005813953488372093,1,0.001937984496124031,0,0.0,1,0.001937984496124031,6,0.011627906976744186,6,0.011627906976744186,4,0.007751937984496124,1,0.001937984496124031,0,0.0,0,0.0,16,0.031007751937984496,516,1.0,ORIGEN,SECCION,COMPLETO
835,18,NAYARIT,TEPIC,,,911,791,369,0.4664981036662453,0.5335018963337548,MORENA,143,0.3875338753387534,44,0.11924119241192412,MC,99,0.2682926829268293,84,0.22764227642276422,RSP,15,0.04065040650406504,MORENA,143,0.3875338753387534,44,0.11924119241192412,MC,99,0.2682926829268293,84,0.22764227642276422,RSP,15,0.04065040650406504,10,0.02710027100271003,14,0.037940379403794036,4,0.01084010840108401,12,0.032520325203252036,4,0.01084010840108401,99,0.2682926829268293,143,0.3875338753387534,9,0.024390243902439025,5,0.013550135501355014,14,0.037940379403794036,4,0.01084010840108401,15,0.04065040650406504,2,0.005420054200542005,1,0.0027100271002710027,0,0.0,0,0.0,0,0.0,11,0.02981029810298103,2,0.005420054200542005,2,0.005420054200542005,2,0.005420054200542005,0,0.0,0,0.0,0,0.0,0,0.0,3,0.008130081300813009,0,0.0,2,0.005420054200542005,0,0.0,11,0.02981029810298103,369,1.0,ORIGEN,SECCION,COMPLETO
836,18,NAYARIT,TEPIC,,,912,475,209,0.44,0.56,MORENA,83,0.39712918660287083,37,0.17703349282296652,MC,46,0.22009569377990432,33,0.15789473684210525,PRI,13,0.06220095693779904,MORENA,83,0.39712918660287083,37,0.17703349282296652,MC,46,0.22009569377990432,33,0.15789473684210525,PRI,13,0.06220095693779904,7,0.03349282296650718,13,0.06220095693779904,1,0.004784688995215311,8,0.03827751196172249,13,0.06220095693779904,46,0.22009569377990432,83,0.39712918660287083,2,0.009569377990430622,2,0.009569377990430622,12,0.05741626794258373,0,0.0,8,0.03827751196172249,1,0.004784688995215311,3,0.014354066985645933,0,0.0,0,0.0,0,0.0,0,0.0,4,0.019138755980861243,0,0.0,0,0.0,0,0.0,0,0.0,1,0.004784688995215311,0,0.0,0,0.0,0,0.0,0,0.0,0,0.0,5,0.023923444976076555,209,1.0,ORIGEN,SECCION,COMPLETO
837,18,NAYARIT,TEPIC,,,913,710,327,0.46056338028169014,0.5394366197183098,MORENA,122,0.3730886850152905,45,0.13761467889908258,MC,77,0.23547400611620795,52,0.15902140672782875,MLN,25,0.0764525993883792,MORENA,122,0.3730886850152905,45,0.13761467889908258,MC,77,0.23547400611620795,52,0.15902140672782875,MLN,25,0.0764525993883792,16,0.04892966360856269,12,0.03669724770642202,4,0.012232415902140673,10,0.03058103975535168,5,0.01529051987767584,77,0.23547400611620795,122,0.3730886850152905,13,0.039755351681957186,10,0.03058103975535168,25,0.0764525993883792,0,0.0,7,0.021406727828746176,2,0.0061162079510703364,6,0.01834862385321101,0,0.0,0,0.0,0,0.0,18,0.05504587155963303,0,0.0,0,0.0,0,0.0,0,0.0,0,0.0,0,0.0,0,0.0,0,0.0,0,0.0,0,0.0,0,0.0,0,0.0,327,1.0,ORIGEN,SECCION,COMPLETO
838,18,NAYARIT,TEPIC,,,914,972,526,0.5411522633744856,0.45884773662551437,MORENA,192,0.3650190114068441,78,0.1482889733840304,MC,114,0.21673003802281368,82,0.155893536121673,PRI,32,0.060836501901140684,MORENA,192,0.3650190114068441,78,0.1482889733840304,MC,114,0.21673003802281368,82,0.155893536121673,PRI,32,0.060836501901140684,28,0.053231939163498096,32,0.060836501901140684,2,0.0038022813688212928,30,0.057034220532319393,12,0.022813688212927757,114,0.21673003802281368,192,0.3650190114068441,9,0.017110266159695818,17,0.03231939163498099,28,0.053231939163498096,4,0.0076045627376425855,20,0.03802281368821293,2,0.0038022813688212928,3,0.005703422053231939,0,0.0,0,0.0,0,0.0,19,0.03612167300380228,1,0.0019011406844106464,0,0.0,0,0.0,3,0.005703422053231939,1,0.0019011406844106464,1,0.0019011406844106464,1,0.0019011406844106464,1,0.0019011406844106464,0,0.0,1,0.0019011406844106464,0,0.0,5,0.009505703422053232,526,1.0,ORIGEN,SECCION,COMPLETO
839,18,NAYARIT,TEPIC,,,915,602,267,0.4435215946843854,0.5564784053156147,MORENA,91,0.3408239700374532,22,0.08239700374531835,MC,69,0.25842696629213485,53,0.19850187265917604,MLN,16,0.0599250936329588,MORENA,91,0.3408239700374532,22,0.08239700374531835,MC,69,0.25842696629213485,53,0.19850187265917604,MLN,16,0.0599250936329588,8,0.0299625468164794,7,0.026217228464419477,4,0.0149812734082397,7,0.026217228464419477,10,0.03745318352059925,69,0.25842696629213485,91,0.3408239700374532,9,0.033707865168539325,7,0.026217228464419477,16,0.0599250936329588,6,0.02247191011235955,9,0.033707865168539325,2,0.00749063670411985,0,0.0,0,0.0,0,0.0,0,0.0,9,0.033707865168539325,3,0.011235955056179775,1,0.003745318352059925,1,0.003745318352059925,0,0.0,2,0.00749063670411985,1,0.003745318352059925,1,0.003745318352059925,0,0.0,0,0.0,2,0.00749063670411985,0,0.0,2,0.00749063670411985,267,1.0,ORIGEN,SECCION,COMPLETO
840,18,NAYARIT,TEPIC,,,916,843,459,0.5444839857651246,0.4555160142348754,MORENA,191,0.41612200435729846,100,0.2178649237472767,MC,91,0.19825708061002179,64,0.1394335511982571,MLN,27,0.058823529411764705,MORENA,191,0.41612200435729846,100,0.2178649237472767,MC,91,0.19825708061002179,64,0.1394335511982571,MLN,27,0.058823529411764705,21,0.0457516339869281,18,0.0392156862745098,7,0.015250544662309368,14,0.030501089324618737,11,0.023965141612200435,91,0.19825708061002179,191,0.41612200435729846,8,0.017429193899782137,8,0.017429193899782137,27,0.058823529411764705,17,0.037037037037037035,20,0.04357298474945534,2,0.004357298474945534,8,0.017429193899782137,0,0.0,0,0.0,0,0.0,5,0.010893246187363835,1,0.002178649237472767,0,0.0,0,0.0,3,0.006535947712418301,0,0.0,2,0.004357298474945534,0,0.0,0,0.0,1,0.002178649237472767,0,0.0,0,0.0,4,0.008714596949891068,459,1.0,ORIGEN,SECCION,COMPLETO
841,18,NAYARIT,TEPIC,,,917,806,398,0.49379652605459057,0.5062034739454094,MORENA,154,0.3869346733668342,80,0.20100502512562815,MC,74,0.18592964824120603,46,0.11557788944723618,PAN,28,0.07035175879396985,MORENA,154,0.3869346733668342,80,0.20100502512562815,MC,74,0.18592964824120603,46,0.11557788944723618,PAN,28,0.07035175879396985,28,0.07035175879396985,21,0.052763819095477386,4,0.010050251256281407,11,0.02763819095477387,14,0.035175879396984924,74,0.18592964824120603,154,0.3869346733668342,5,0.01256281407035176,10,0.02512562814070352,18,0.04522613065326633,8,0.020100502512562814,20,0.05025125628140704,4,0.010050251256281407,4,0.010050251256281407,0,0.0,0,0.0,0,0.0,11,0.02763819095477387,0,0.0,0,0.0,0,0.0,0,0.0,2,0.005025125628140704,0,0.0,0,0.0,1,0.002512562814070352,0,0.0,0,0.0,0,0.0,9,0.022613065326633167,398,1.0,ORIGEN,SECCION,COMPLETO
842,18,NAYARIT,TEPIC,,,918,954,612,0.6415094339622641,0.3584905660377359,MORENA,239,0.39052287581699346,130,0.21241830065359477,MC,109,0.1781045751633987,71,0.11601307189542484,PRI,38,0.06209150326797386,MORENA,239,0.39052287581699346,130,0.21241830065359477,MC,109,0.1781045751633987,71,0.11601307189542484,PRI,38,0.06209150326797386,35,0.05718954248366013,38,0.06209150326797386,5,0.008169934640522876,25,0.04084967320261438,9,0.014705882352941176,109,0.1781045751633987,239,0.39052287581699346,26,0.042483660130718956,4,0.006535947712418301,26,0.042483660130718956,6,0.00980392156862745,25,0.04084967320261438,3,0.004901960784313725,7,0.011437908496732025,0,0.0,1,0.0016339869281045752,0,0.0,22,0.03594771241830065,7,0.011437908496732025,2,0.0032679738562091504,0,0.0,3,0.004901960784313725,0,0.0,0,0.0,0,0.0,4,0.006535947712418301,0,0.0,4,0.006535947712418301,1,0.0016339869281045752,11,0.017973856209150325,612,1.0,ORIGEN,SECCION,COMPLETO
843,18,NAYARIT,TEPIC,,,919,569,374,0.6572934973637962,0.34270650263620384,MC,94,0.25133689839572193,3,0.008021390374331552,MORENA,91,0.24331550802139038,16,0.0427807486631016,PAN,75,0.20053475935828877,MC,94,0.25133689839572193,3,0.008021390374331552,MORENA,91,0.24331550802139038,16,0.0427807486631016,PAN,75,0.20053475935828877,75,0.20053475935828877,34,0.09090909090909091,3,0.008021390374331552,10,0.026737967914438502,12,0.03208556149732621,94,0.25133689839572193,91,0.24331550802139038,12,0.03208556149732621,5,0.013368983957219251,2,0.0053475935828877,4,0.0106951871657754,11,0.029411764705882353,0,0.0,9,0.02406417112299465,1,0.00267379679144385,0,0.0,0,0.0,3,0.008021390374331552,1,0.00267379679144385,0,0.0,2,0.0053475935828877,1,0.00267379679144385,0,0.0,0,0.0,0,0.0,0,0.0,0,0.0,0,0.0,0,0.0,4,0.0106951871657754,374,1.0,ORIGEN,SECCION,COMPLETO
844,18,NAYARIT,TEPIC,,,920,974,685,0.7032854209445585,0.2967145790554415,MORENA,238,0.34744525547445254,95,0.1386861313868613,MC,143,0.20875912408759123,90,0.13138686131386862,PAN,53,0.07737226277372262,MORENA,238,0.34744525547445254,95,0.1386861313868613,MC,143,0.20875912408759123,90,0.13138686131386862,PAN,53,0.07737226277372262,53,0.07737226277372262,26,0.03795620437956204,5,0.0072992700729927005,28,0.040875912408759124,19,0.027737226277372264,143,0.20875912408759123,238,0.34744525547445254,24,0.035036496350364967,7,0.010218978102189781,39,0.05693430656934306,7,0.010218978102189781,40,0.058394160583941604,4,0.00583941605839416,8,0.01167883211678832,0,0.0,0,0.0,0,0.0,20,0.029197080291970802,1,0.00145985401459854,1,0.00145985401459854,0,0.0,0,0.0,1,0.00145985401459854,6,0.008759124087591242,1,0.00145985401459854,3,0.004379562043795621,0,0.0,1,0.00145985401459854,0,0.0,10,0.014598540145985401,685,1.0,ORIGEN,SECCION,COMPLETO
845,18,NAYARIT,TEPIC,,,921,556,367,0.6600719424460432,0.33992805755395683,MORENA,143,0.3896457765667575,74,0.2016348773841962,MC,69,0.1880108991825613,46,0.12534059945504086,RSP,23,0.06267029972752043,MORENA,143,0.3896457765667575,74,0.2016348773841962,MC,69,0.1880108991825613,46,0.12534059945504086,RSP,23,0.06267029972752043,12,0.0326975476839237,16,0.043596730245231606,6,0.01634877384196185,10,0.027247956403269755,11,0.02997275204359673,69,0.1880108991825613,143,0.3896457765667575,21,0.05722070844686648,5,0.013623978201634877,9,0.02452316076294278,9,0.02452316076294278,23,0.06267029972752043,1,0.0027247956403269754,6,0.01634877384196185,0,0.0,0,0.0,0,0.0,6,0.01634877384196185,3,0.008174386920980926,0,0.0,1,0.0027247956403269754,1,0.0027247956403269754,1,0.0027247956403269754,2,0.005449591280653951,0,0.0,4,0.010899182561307902,0,0.0,5,0.013623978201634877,0,0.0,3,0.008174386920980926,367,1.0,ORIGEN,SECCION,COMPLETO
846,18,NAYARIT,TEPIC,,,922,624,404,0.6474358974358975,0.35256410256410253,MORENA,141,0.349009900990099,43,0.10643564356435643,MC,98,0.24257425742574257,67,0.16584158415841585,RSP,31,0.07673267326732673,MORENA,141,0.349009900990099,43,0.10643564356435643,MC,98,0.24257425742574257,67,0.16584158415841585,RSP,31,0.07673267326732673,30,0.07425742574257425,26,0.06435643564356436,6,0.01485148514851485,14,0.034653465346534656,14,0.034653465346534656,98,0.24257425742574257,141,0.349009900990099,13,0.03217821782178218,5,0.012376237623762377,5,0.012376237623762377,2,0.0049504950495049506,31,0.07673267326732673,0,0.0,2,0.0049504950495049506,1,0.0024752475247524753,0,0.0,0,0.0,5,0.012376237623762377,2,0.0049504950495049506,0,0.0,1,0.0024752475247524753,4,0.009900990099009901,1,0.0024752475247524753,1,0.0024752475247524753,0,0.0,1,0.0024752475247524753,0,0.0,0,0.0,0,0.0,1,0.0024752475247524753,404,1.0,ORIGEN,SECCION,COMPLETO
847,18,NAYARIT,TEPIC,,,923,825,528,0.64,0.36,MORENA,197,0.3731060606060606,80,0.15151515151515152,MC,117,0.2215909090909091,83,0.1571969696969697,PAN,34,0.06439393939393939,MORENA,197,0.3731060606060606,80,0.15151515151515152,MC,117,0.2215909090909091,83,0.1571969696969697,PAN,34,0.06439393939393939,34,0.06439393939393939,19,0.03598484848484849,6,0.011363636363636364,30,0.056818181818181816,15,0.028409090909090908,117,0.2215909090909091,197,0.3731060606060606,17,0.032196969696969696,4,0.007575757575757576,25,0.04734848484848485,4,0.007575757575757576,24,0.045454545454545456,2,0.003787878787878788,5,0.00946969696969697,3,0.005681818181818182,0,0.0,0,0.0,8,0.015151515151515152,1,0.001893939393939394,1,0.001893939393939394,1,0.001893939393939394,0,0.0,2,0.003787878787878788,4,0.007575757575757576,0,0.0,2,0.003787878787878788,0,0.0,2,0.003787878787878788,1,0.001893939393939394,4,0.007575757575757576,528,1.0,ORIGEN,SECCION,COMPLETO
848,18,NAYARIT,TEPIC,,,924,807,419,0.5192069392812887,0.4807930607187113,MORENA,180,0.4295942720763723,93,0.22195704057279236,MC,87,0.20763723150357996,60,0.1431980906921241,RSP,27,0.06443914081145585,MORENA,180,0.4295942720763723,93,0.22195704057279236,MC,87,0.20763723150357996,60,0.1431980906921241,RSP,27,0.06443914081145585,16,0.03818615751789976,17,0.0405727923627685,1,0.002386634844868735,18,0.04295942720763723,16,0.03818615751789976,87,0.20763723150357996,180,0.4295942720763723,10,0.02386634844868735,3,0.007159904534606206,12,0.028639618138424822,3,0.007159904534606206,27,0.06443914081145585,2,0.00477326968973747,4,0.00954653937947494,0,0.0,0,0.0,0,0.0,11,0.026252983293556086,1,0.002386634844868735,0,0.0,1,0.002386634844868735,3,0.007159904534606206,0,0.0,0,0.0,0,0.0,2,0.00477326968973747,0,0.0,0,0.0,1,0.002386634844868735,4,0.00954653937947494,419,1.0,ORIGEN,SECCION,COMPLETO
849,18,NAYARIT,TEPIC,,,925,872,428,0.4908256880733945,0.5091743119266054,MORENA,173,0.40420560747663553,65,0.15186915887850466,MC,108,0.2523364485981308,83,0.1939252336448598,MLN,25,0.05841121495327103,MORENA,173,0.40420560747663553,65,0.15186915887850466,MC,108,0.2523364485981308,83,0.1939252336448598,MLN,25,0.05841121495327103,17,0.0397196261682243,15,0.035046728971962614,5,0.011682242990654205,12,0.028037383177570093,8,0.018691588785046728,108,0.2523364485981308,173,0.40420560747663553,7,0.016355140186915886,4,0.009345794392523364,25,0.05841121495327103,5,0.011682242990654205,8,0.018691588785046728,7,0.016355140186915886,6,0.014018691588785047,2,0.004672897196261682,0,0.0,0,0.0,7,0.016355140186915886,3,0.007009345794392523,1,0.002336448598130841,1,0.002336448598130841,5,0.011682242990654205,0,0.0,1,0.002336448598130841,1,0.002336448598130841,0,0.0,0,0.0,1,0.002336448598130841,0,0.0,6,0.014018691588785047,428,1.0,ORIGEN,SECCION,COMPLETO
850,18,NAYARIT,TEPIC,,,926,1089,552,0.5068870523415978,0.4931129476584022,MORENA,221,0.4003623188405797,131,0.23731884057971014,MC,90,0.16304347826086957,47,0.08514492753623189,MLN,43,0.07789855072463768,MORENA,221,0.4003623188405797,131,0.23731884057971014,MC,90,0.16304347826086957,47,0.08514492753623189,MLN,43,0.07789855072463768,24,0.043478260869565216,35,0.06340579710144928,8,0.014492753623188406,22,0.03985507246376811,9,0.016304347826086956,90,0.16304347826086957,221,0.4003623188405797,15,0.02717391304347826,9,0.016304347826086956,43,0.07789855072463768,3,0.005434782608695652,27,0.04891304347826087,4,0.007246376811594203,6,0.010869565217391304,0,0.0,0,0.0,0,0.0,9,0.016304347826086956,5,0.009057971014492754,1,0.0018115942028985507,0,0.0,2,0.0036231884057971015,0,0.0,4,0.007246376811594203,1,0.0018115942028985507,1,0.0018115942028985507,0,0.0,1,0.0018115942028985507,0,0.0,12,0.021739130434782608,552,1.0,ORIGEN,SECCION,COMPLETO
851,18,NAYARIT,TEPIC,,,927,817,288,0.3525091799265606,0.6474908200734394,MORENA,88,0.3055555555555556,41,0.1423611111111111,MC,47,0.16319444444444445,25,0.08680555555555555,MLN,22,0.0763888888888889,MORENA,88,0.3055555555555556,41,0.1423611111111111,MC,47,0.16319444444444445,25,0.08680555555555555,MLN,22,0.0763888888888889,16,0.05555555555555555,12,0.041666666666666664,3,0.010416666666666666,14,0.04861111111111111,11,0.03819444444444445,47,0.16319444444444445,88,0.3055555555555556,6,0.020833333333333332,7,0.024305555555555556,22,0.0763888888888889,2,0.006944444444444444,7,0.024305555555555556,4,0.013888888888888888,2,0.006944444444444444,0,0.0,0,0.0,0,0.0,22,0.0763888888888889,5,0.017361111111111112,1,0.003472222222222222,1,0.003472222222222222,1,0.003472222222222222,0,0.0,3,0.010416666666666666,0,0.0,0,0.0,0,0.0,3,0.010416666666666666,0,0.0,11,0.03819444444444445,288,1.0,ORIGEN,SECCION,COMPLETO
852,18,NAYARIT,TEPIC,,,928,642,259,0.40342679127725856,0.5965732087227414,MORENA,81,0.3127413127413127,21,0.08108108108108109,MC,60,0.23166023166023167,41,0.1583011583011583,MLN,19,0.07335907335907337,MORENA,81,0.3127413127413127,21,0.08108108108108109,MC,60,0.23166023166023167,41,0.1583011583011583,MLN,19,0.07335907335907337,10,0.03861003861003861,10,0.03861003861003861,2,0.007722007722007722,8,0.03088803088803089,4,0.015444015444015444,60,0.23166023166023167,81,0.3127413127413127,6,0.023166023166023165,5,0.019305019305019305,19,0.07335907335907337,3,0.011583011583011582,16,0.06177606177606178,0,0.0,4,0.015444015444015444,2,0.007722007722007722,0,0.0,1,0.003861003861003861,5,0.019305019305019305,5,0.019305019305019305,1,0.003861003861003861,0,0.0,3,0.011583011583011582,0,0.0,2,0.007722007722007722,0,0.0,1,0.003861003861003861,0,0.0,2,0.007722007722007722,0,0.0,9,0.03474903474903475,259,1.0,ORIGEN,SECCION,COMPLETO
853,18,NAYARIT,TEPIC,,,929,1148,637,0.5548780487804879,0.44512195121951215,MORENA,252,0.3956043956043956,135,0.2119309262166405,MC,117,0.1836734693877551,81,0.1271585557299843,PAN,36,0.0565149136577708,MORENA,252,0.3956043956043956,135,0.2119309262166405,MC,117,0.1836734693877551,81,0.1271585557299843,PAN,36,0.0565149136577708,36,0.0565149136577708,34,0.05337519623233909,8,0.012558869701726845,25,0.03924646781789639,19,0.029827315541601257,117,0.1836734693877551,252,0.3956043956043956,13,0.02040816326530612,4,0.006279434850863423,24,0.03767660910518053,15,0.023547880690737835,25,0.03924646781789639,1,0.0015698587127158557,5,0.007849293563579277,3,0.004709576138147566,1,0.0015698587127158557,0,0.0,28,0.04395604395604396,6,0.009419152276295133,0,0.0,6,0.009419152276295133,6,0.009419152276295133,0,0.0,2,0.0031397174254317113,1,0.0015698587127158557,0,0.0,0,0.0,1,0.0015698587127158557,0,0.0,5,0.007849293563579277,637,1.0,ORIGEN,SECCION,COMPLETO
854,18,NAYARIT,TEPIC,,,930,1052,556,0.5285171102661597,0.47148288973384034,MORENA,197,0.35431654676258995,75,0.13489208633093525,MC,122,0.21942446043165467,91,0.16366906474820145,MLN,31,0.05575539568345324,MORENA,197,0.35431654676258995,75,0.13489208633093525,MC,122,0.21942446043165467,91,0.16366906474820145,MLN,31,0.05575539568345324,24,0.04316546762589928,21,0.03776978417266187,6,0.01079136690647482,27,0.048561151079136694,19,0.0341726618705036,122,0.21942446043165467,197,0.35431654676258995,25,0.044964028776978415,3,0.00539568345323741,31,0.05575539568345324,8,0.014388489208633094,17,0.030575539568345324,7,0.012589928057553957,8,0.014388489208633094,2,0.0035971223021582736,0,0.0,0,0.0,22,0.039568345323741004,5,0.008992805755395683,0,0.0,0,0.0,1,0.0017985611510791368,0,0.0,1,0.0017985611510791368,0,0.0,1,0.0017985611510791368,0,0.0,1,0.0017985611510791368,0,0.0,8,0.014388489208633094,556,1.0,ORIGEN,SECCION,COMPLETO
855,18,NAYARIT,TEPIC,,,931,1221,648,0.5307125307125307,0.46928746928746934,MORENA,240,0.37037037037037035,95,0.14660493827160495,MC,145,0.22376543209876543,108,0.16666666666666666,NAN,37,0.05709876543209876,MORENA,240,0.37037037037037035,95,0.14660493827160495,MC,145,0.22376543209876543,108,0.16666666666666666,NAN,37,0.05709876543209876,25,0.038580246913580245,21,0.032407407407407406,2,0.0030864197530864196,23,0.035493827160493825,20,0.030864197530864196,145,0.22376543209876543,240,0.37037037037037035,37,0.05709876543209876,11,0.016975308641975308,28,0.043209876543209874,5,0.007716049382716049,34,0.05246913580246913,5,0.007716049382716049,4,0.006172839506172839,0,0.0,0,0.0,0,0.0,14,0.021604938271604937,5,0.007716049382716049,0,0.0,7,0.010802469135802469,5,0.007716049382716049,0,0.0,3,0.004629629629629629,0,0.0,3,0.004629629629629629,1,0.0015432098765432098,1,0.0015432098765432098,0,0.0,9,0.013888888888888888,648,1.0,ORIGEN,SECCION,COMPLETO
856,18,NAYARIT,TEPIC,,,932,1336,751,0.562125748502994,0.437874251497006,MORENA,260,0.34620505992010653,94,0.12516644474034622,MC,166,0.2210386151797603,104,0.1384820239680426,MLN,62,0.08255659121171771,MORENA,260,0.34620505992010653,94,0.12516644474034622,MC,166,0.2210386151797603,104,0.1384820239680426,MLN,62,0.08255659121171771,44,0.05858854860186418,24,0.03195739014647137,5,0.006657789613848202,26,0.03462050599201065,22,0.02929427430093209,166,0.2210386151797603,260,0.34620505992010653,38,0.05059920106524634,2,0.002663115845539281,62,0.08255659121171771,4,0.005326231691078562,24,0.03195739014647137,3,0.0039946737683089215,14,0.018641810918774968,1,0.0013315579227696406,1,0.0013315579227696406,0,0.0,18,0.023968042609853527,8,0.010652463382157125,2,0.002663115845539281,0,0.0,9,0.011984021304926764,1,0.0013315579227696406,3,0.0039946737683089215,0,0.0,3,0.0039946737683089215,0,0.0,0,0.0,0,0.0,11,0.014647137150466045,751,1.0,ORIGEN,SECCION,COMPLETO
857,18,NAYARIT,TEPIC,,,933,1024,595,0.5810546875,0.4189453125,MORENA,214,0.3596638655462185,65,0.1092436974789916,MC,149,0.2504201680672269,111,0.1865546218487395,PAN,38,0.06386554621848739,MORENA,214,0.3596638655462185,65,0.1092436974789916,MC,149,0.2504201680672269,111,0.1865546218487395,PAN,38,0.06386554621848739,38,0.06386554621848739,20,0.03361344537815126,2,0.0033613445378151263,22,0.03697478991596639,24,0.040336134453781515,149,0.2504201680672269,214,0.3596638655462185,13,0.021848739495798318,6,0.010084033613445379,24,0.040336134453781515,2,0.0033613445378151263,21,0.03529411764705882,6,0.010084033613445379,13,0.021848739495798318,3,0.005042016806722689,0,0.0,0,0.0,17,0.02857142857142857,2,0.0033613445378151263,0,0.0,1,0.0016806722689075631,2,0.0033613445378151263,0,0.0,2,0.0033613445378151263,0,0.0,5,0.008403361344537815,0,0.0,3,0.005042016806722689,0,0.0,6,0.010084033613445379,595,1.0,ORIGEN,SECCION,COMPLETO
858,18,NAYARIT,TEPIC,,,934,890,530,0.5955056179775281,0.4044943820224719,MORENA,213,0.4018867924528302,108,0.2037735849056604,MC,105,0.19811320754716982,76,0.14339622641509434,MLN,29,0.05471698113207547,MORENA,213,0.4018867924528302,108,0.2037735849056604,MC,105,0.19811320754716982,76,0.14339622641509434,MLN,29,0.05471698113207547,22,0.04150943396226415,19,0.035849056603773584,7,0.013207547169811321,24,0.045283018867924525,20,0.03773584905660377,105,0.19811320754716982,213,0.4018867924528302,17,0.03207547169811321,7,0.013207547169811321,29,0.05471698113207547,6,0.011320754716981131,19,0.035849056603773584,4,0.007547169811320755,4,0.007547169811320755,0,0.0,1,0.0018867924528301887,0,0.0,9,0.016981132075471698,5,0.009433962264150943,2,0.0037735849056603774,2,0.0037735849056603774,3,0.005660377358490566,0,0.0,0,0.0,0,0.0,3,0.005660377358490566,1,0.0018867924528301887,1,0.0018867924528301887,1,0.0018867924528301887,6,0.011320754716981131,530,1.0,ORIGEN,SECCION,COMPLETO
859,18,NAYARIT,TEPIC,,,935,811,481,0.593094944512947,0.406905055487053,MORENA,161,0.33471933471933474,49,0.10187110187110188,MC,112,0.23284823284823286,85,0.17671517671517672,PRI,27,0.056133056133056136,MORENA,161,0.33471933471933474,49,0.10187110187110188,MC,112,0.23284823284823286,85,0.17671517671517672,PRI,27,0.056133056133056136,26,0.05405405405405406,27,0.056133056133056136,1,0.002079002079002079,13,0.02702702702702703,14,0.029106029106029108,112,0.23284823284823286,161,0.33471933471933474,15,0.031185031185031187,6,0.012474012474012475,25,0.05197505197505198,7,0.014553014553014554,22,0.04573804573804574,3,0.006237006237006237,6,0.012474012474012475,1,0.002079002079002079,0,0.0,0,0.0,18,0.037422037422037424,3,0.006237006237006237,0,0.0,1,0.002079002079002079,1,0.002079002079002079,1,0.002079002079002079,3,0.006237006237006237,0,0.0,3,0.006237006237006237,0,0.0,3,0.006237006237006237,0,0.0,9,0.018711018711018712,481,1.0,ORIGEN,SECCION,COMPLETO
860,18,NAYARIT,TEPIC,,,936,1048,528,0.5038167938931297,0.4961832061068703,MORENA,198,0.375,71,0.13446969696969696,MC,127,0.24053030303030304,101,0.19128787878787878,PAN,26,0.04924242424242424,MORENA,198,0.375,71,0.13446969696969696,MC,127,0.24053030303030304,101,0.19128787878787878,PAN,26,0.04924242424242424,26,0.04924242424242424,21,0.03977272727272727,6,0.011363636363636364,25,0.04734848484848485,16,0.030303030303030304,127,0.24053030303030304,198,0.375,15,0.028409090909090908,4,0.007575757575757576,26,0.04924242424242424,8,0.015151515151515152,19,0.03598484848484849,3,0.005681818181818182,4,0.007575757575757576,0,0.0,1,0.001893939393939394,0,0.0,18,0.03409090909090909,0,0.0,0,0.0,1,0.001893939393939394,0,0.0,1,0.001893939393939394,0,0.0,0,0.0,3,0.005681818181818182,0,0.0,5,0.00946969696969697,0,0.0,1,0.001893939393939394,528,1.0,ORIGEN,SECCION,COMPLETO
861,18,NAYARIT,TEPIC,,,937,976,595,0.6096311475409836,0.3903688524590164,MORENA,216,0.3630252100840336,92,0.1546218487394958,MC,124,0.20840336134453782,86,0.14453781512605043,PAN,38,0.06386554621848739,MORENA,216,0.3630252100840336,92,0.1546218487394958,MC,124,0.20840336134453782,86,0.14453781512605043,PAN,38,0.06386554621848739,38,0.06386554621848739,19,0.031932773109243695,2,0.0033613445378151263,17,0.02857142857142857,22,0.03697478991596639,124,0.20840336134453782,216,0.3630252100840336,28,0.047058823529411764,10,0.01680672268907563,32,0.05378151260504202,2,0.0033613445378151263,38,0.06386554621848739,2,0.0033613445378151263,3,0.005042016806722689,1,0.0016806722689075631,0,0.0,0,0.0,16,0.02689075630252101,7,0.011764705882352941,0,0.0,0,0.0,0,0.0,1,0.0016806722689075631,2,0.0033613445378151263,0,0.0,3,0.005042016806722689,0,0.0,3,0.005042016806722689,1,0.0016806722689075631,8,0.013445378151260505,595,1.0,ORIGEN,SECCION,COMPLETO
862,18,NAYARIT,TEPIC,,,938,578,292,0.5051903114186851,0.4948096885813149,MORENA,108,0.3698630136986301,39,0.13356164383561644,MC,69,0.2363013698630137,50,0.17123287671232876,PAN,19,0.06506849315068493,MORENA,108,0.3698630136986301,39,0.13356164383561644,MC,69,0.2363013698630137,50,0.17123287671232876,PAN,19,0.06506849315068493,19,0.06506849315068493,12,0.0410958904109589,4,0.0136986301369863,6,0.02054794520547945,11,0.03767123287671233,69,0.2363013698630137,108,0.3698630136986301,12,0.0410958904109589,1,0.003424657534246575,8,0.0273972602739726,1,0.003424657534246575,17,0.05821917808219178,1,0.003424657534246575,6,0.02054794520547945,0,0.0,0,0.0,0,0.0,7,0.023972602739726026,2,0.00684931506849315,0,0.0,0,0.0,3,0.010273972602739725,0,0.0,1,0.003424657534246575,0,0.0,1,0.003424657534246575,0,0.0,1,0.003424657534246575,1,0.003424657534246575,1,0.003424657534246575,292,1.0,ORIGEN,SECCION,COMPLETO
863,18,NAYARIT,TEPIC,,,939,1374,753,0.5480349344978166,0.4519650655021834,MORENA,248,0.3293492695883134,79,0.1049136786188579,MC,169,0.2244355909694555,97,0.12881806108897742,MLN,72,0.09561752988047809,MORENA,248,0.3293492695883134,79,0.1049136786188579,MC,169,0.2244355909694555,97,0.12881806108897742,MLN,72,0.09561752988047809,38,0.05046480743691899,29,0.03851261620185923,8,0.010624169986719787,28,0.03718459495351926,22,0.029216467463479414,169,0.2244355909694555,248,0.3293492695883134,20,0.02656042496679947,14,0.01859229747675963,72,0.09561752988047809,7,0.009296148738379814,46,0.06108897742363878,2,0.0026560424966799467,10,0.013280212483399735,1,0.0013280212483399733,0,0.0,0,0.0,16,0.021248339973439574,5,0.006640106241699867,1,0.0013280212483399733,1,0.0013280212483399733,2,0.0026560424966799467,0,0.0,0,0.0,0,0.0,4,0.005312084993359893,0,0.0,0,0.0,0,0.0,10,0.013280212483399735,753,1.0,ORIGEN,SECCION,COMPLETO
864,18,NAYARIT,TEPIC,,,940,941,531,0.5642933049946866,0.43570669500531345,MORENA,179,0.3370998116760829,69,0.12994350282485875,MC,110,0.2071563088512241,79,0.1487758945386064,PAN,31,0.0583804143126177,MORENA,179,0.3370998116760829,69,0.12994350282485875,MC,110,0.2071563088512241,79,0.1487758945386064,PAN,31,0.0583804143126177,31,0.0583804143126177,25,0.047080979284369114,8,0.015065913370998116,21,0.03954802259887006,25,0.047080979284369114,110,0.2071563088512241,179,0.3370998116760829,25,0.047080979284369114,3,0.005649717514124294,18,0.03389830508474576,7,0.013182674199623353,23,0.04331450094161959,5,0.009416195856873822,6,0.011299435028248588,3,0.005649717514124294,0,0.0,0,0.0,22,0.04143126177024482,7,0.013182674199623353,0,0.0,0,0.0,2,0.003766478342749529,1,0.0018832391713747645,1,0.0018832391713747645,0,0.0,0,0.0,0,0.0,5,0.009416195856873822,0,0.0,4,0.007532956685499058,531,1.0,ORIGEN,SECCION,COMPLETO
865,18,NAYARIT,TEPIC,,,941,1127,685,0.6078083407275954,0.3921916592724046,MORENA,249,0.3635036496350365,99,0.14452554744525548,MC,150,0.21897810218978103,104,0.15182481751824817,PAN,46,0.06715328467153285,MORENA,249,0.3635036496350365,99,0.14452554744525548,MC,150,0.21897810218978103,104,0.15182481751824817,PAN,46,0.06715328467153285,46,0.06715328467153285,41,0.059854014598540145,7,0.010218978102189781,24,0.035036496350364967,14,0.020437956204379562,150,0.21897810218978103,249,0.3635036496350365,27,0.03941605839416058,8,0.01167883211678832,34,0.049635036496350364,4,0.00583941605839416,28,0.040875912408759124,3,0.004379562043795621,9,0.013138686131386862,0,0.0,0,0.0,0,0.0,19,0.027737226277372264,5,0.0072992700729927005,0,0.0,2,0.00291970802919708,0,0.0,0,0.0,2,0.00291970802919708,0,0.0,2,0.00291970802919708,1,0.00145985401459854,3,0.004379562043795621,0,0.0,7,0.010218978102189781,685,1.0,ORIGEN,SECCION,COMPLETO
866,18,NAYARIT,TEPIC,,,942,1282,809,0.6310452418096724,0.36895475819032764,MORENA,287,0.3547589616810878,60,0.07416563658838071,MC,227,0.28059332509270707,159,0.1965389369592089,PAN,68,0.08405438813349815,MORENA,287,0.3547589616810878,60,0.07416563658838071,MC,227,0.28059332509270707,159,0.1965389369592089,PAN,68,0.08405438813349815,68,0.08405438813349815,39,0.048207663782447466,6,0.007416563658838072,18,0.022249690976514216,30,0.037082818294190356,227,0.28059332509270707,287,0.3547589616810878,17,0.021013597033374538,7,0.00865265760197775,18,0.022249690976514216,5,0.006180469715698393,28,0.034610630407911,4,0.004944375772558714,10,0.012360939431396786,1,0.0012360939431396785,0,0.0,0,0.0,17,0.021013597033374538,5,0.006180469715698393,2,0.002472187886279357,2,0.002472187886279357,5,0.006180469715698393,0,0.0,0,0.0,0,0.0,3,0.003708281829419036,0,0.0,1,0.0012360939431396785,0,0.0,9,0.011124845488257108,809,1.0,ORIGEN,SECCION,COMPLETO
867,18,NAYARIT,TEPIC,,,943,672,329,0.4895833333333333,0.5104166666666667,MORENA,143,0.43465045592705165,102,0.3100303951367781,MC,41,0.12462006079027356,8,0.0243161094224924,MLN,33,0.10030395136778116,MORENA,143,0.43465045592705165,102,0.3100303951367781,MC,41,0.12462006079027356,8,0.0243161094224924,MLN,33,0.10030395136778116,13,0.03951367781155015,7,0.02127659574468085,20,0.060790273556231005,14,0.0425531914893617,5,0.015197568389057751,41,0.12462006079027356,143,0.43465045592705165,7,0.02127659574468085,3,0.00911854103343465,33,0.10030395136778116,3,0.00911854103343465,7,0.02127659574468085,0,0.0,4,0.0121580547112462,0,0.0,1,0.00303951367781155,0,0.0,8,0.0243161094224924,6,0.0182370820668693,0,0.0,1,0.00303951367781155,2,0.0060790273556231,0,0.0,2,0.0060790273556231,0,0.0,2,0.0060790273556231,0,0.0,1,0.00303951367781155,0,0.0,6,0.0182370820668693,329,1.0,ORIGEN,SECCION,COMPLETO
868,18,NAYARIT,TEPIC,,,944,700,319,0.45571428571428574,0.5442857142857143,MORENA,143,0.4482758620689655,107,0.335423197492163,MC,36,0.11285266457680251,11,0.034482758620689655,MLN,25,0.07836990595611286,MORENA,143,0.4482758620689655,107,0.335423197492163,MC,36,0.11285266457680251,11,0.034482758620689655,MLN,25,0.07836990595611286,17,0.05329153605015674,11,0.034482758620689655,3,0.009404388714733543,20,0.06269592476489028,10,0.03134796238244514,36,0.11285266457680251,143,0.4482758620689655,4,0.012539184952978056,1,0.003134796238244514,25,0.07836990595611286,2,0.006269592476489028,7,0.0219435736677116,2,0.006269592476489028,3,0.009404388714733543,1,0.003134796238244514,0,0.0,0,0.0,5,0.01567398119122257,2,0.006269592476489028,0,0.0,0,0.0,4,0.012539184952978056,0,0.0,4,0.012539184952978056,5,0.01567398119122257,0,0.0,3,0.009404388714733543,0,0.0,11,0.034482758620689655,0,0.0,319,1.0,ORIGEN,SECCION,COMPLETO
869,18,NAYARIT,TEPIC,,,945,1119,420,0.3753351206434316,0.6246648793565683,MORENA,179,0.4261904761904762,78,0.18571428571428572,MC,101,0.24047619047619048,82,0.19523809523809524,PAN,19,0.04523809523809524,MORENA,179,0.4261904761904762,78,0.18571428571428572,MC,101,0.24047619047619048,82,0.19523809523809524,PAN,19,0.04523809523809524,19,0.04523809523809524,16,0.0380952380952381,5,0.011904761904761904,10,0.023809523809523808,16,0.0380952380952381,101,0.24047619047619048,179,0.4261904761904762,9,0.02142857142857143,8,0.01904761904761905,10,0.023809523809523808,11,0.02619047619047619,7,0.016666666666666666,2,0.004761904761904762,5,0.011904761904761904,13,0.030952380952380953,0,0.0,0,0.0,4,0.009523809523809525,1,0.002380952380952381,0,0.0,0,0.0,0,0.0,2,0.004761904761904762,0,0.0,0,0.0,0,0.0,0,0.0,0,0.0,0,0.0,2,0.004761904761904762,420,1.0,ORIGEN,SECCION,COMPLETO
870,18,NAYARIT,TEPIC,,,946,1087,498,0.45814167433302666,0.5418583256669733,MORENA,178,0.357429718875502,66,0.13253012048192772,MC,112,0.2248995983935743,70,0.14056224899598393,MLN,42,0.08433734939759036,MORENA,178,0.357429718875502,66,0.13253012048192772,MC,112,0.2248995983935743,70,0.14056224899598393,MLN,42,0.08433734939759036,9,0.018072289156626505,15,0.030120481927710843,6,0.012048192771084338,27,0.05421686746987952,13,0.02610441767068273,112,0.2248995983935743,178,0.357429718875502,13,0.02610441767068273,8,0.01606425702811245,42,0.08433734939759036,10,0.020080321285140562,28,0.05622489959839357,2,0.004016064257028112,7,0.014056224899598393,0,0.0,0,0.0,0,0.0,16,0.0321285140562249,1,0.002008032128514056,0,0.0,1,0.002008032128514056,0,0.0,1,0.002008032128514056,1,0.002008032128514056,0,0.0,1,0.002008032128514056,1,0.002008032128514056,3,0.006024096385542169,0,0.0,3,0.006024096385542169,498,1.0,ORIGEN,SECCION,COMPLETO
871,18,NAYARIT,TEPIC,,,947,632,283,0.4477848101265823,0.5522151898734178,MORENA,102,0.36042402826855124,36,0.127208480565371,MC,66,0.2332155477031802,46,0.1625441696113074,MLN,20,0.0706713780918728,MORENA,102,0.36042402826855124,36,0.127208480565371,MC,66,0.2332155477031802,46,0.1625441696113074,MLN,20,0.0706713780918728,6,0.02120141342756184,7,0.024734982332155476,4,0.014134275618374558,11,0.038869257950530034,17,0.06007067137809187,66,0.2332155477031802,102,0.36042402826855124,6,0.02120141342756184,4,0.014134275618374558,20,0.0706713780918728,4,0.014134275618374558,14,0.04946996466431095,3,0.01060070671378092,1,0.0035335689045936395,1,0.0035335689045936395,0,0.0,0,0.0,4,0.014134275618374558,3,0.01060070671378092,0,0.0,2,0.007067137809187279,0,0.0,0,0.0,0,0.0,0,0.0,3,0.01060070671378092,0,0.0,1,0.0035335689045936395,0,0.0,4,0.014134275618374558,283,1.0,ORIGEN,SECCION,COMPLETO
872,18,NAYARIT,TEPIC,,,948,725,337,0.46482758620689657,0.5351724137931034,MORENA,152,0.45103857566765576,76,0.22551928783382788,MC,76,0.22551928783382788,58,0.17210682492581603,MLN,18,0.05341246290801187,MORENA,152,0.45103857566765576,76,0.22551928783382788,MC,76,0.22551928783382788,58,0.17210682492581603,MLN,18,0.05341246290801187,15,0.04451038575667656,9,0.026706231454005934,3,0.008902077151335312,13,0.03857566765578635,6,0.017804154302670624,76,0.22551928783382788,152,0.45103857566765576,6,0.017804154302670624,2,0.005934718100890208,18,0.05341246290801187,4,0.011869436201780416,11,0.032640949554896145,0,0.0,0,0.0,1,0.002967359050445104,1,0.002967359050445104,0,0.0,13,0.03857566765578635,0,0.0,0,0.0,0,0.0,0,0.0,1,0.002967359050445104,0,0.0,0,0.0,3,0.008902077151335312,1,0.002967359050445104,2,0.005934718100890208,0,0.0,0,0.0,337,1.0,ORIGEN,SECCION,COMPLETO
873,18,NAYARIT,TEPIC,,,949,634,331,0.5220820189274448,0.47791798107255523,MORENA,138,0.4169184290030212,62,0.18731117824773413,MC,76,0.229607250755287,53,0.16012084592145015,MLN,23,0.06948640483383686,MORENA,138,0.4169184290030212,62,0.18731117824773413,MC,76,0.229607250755287,53,0.16012084592145015,MLN,23,0.06948640483383686,9,0.027190332326283987,7,0.021148036253776436,1,0.0030211480362537764,12,0.03625377643504532,10,0.030211480362537766,76,0.229607250755287,138,0.4169184290030212,14,0.04229607250755287,8,0.02416918429003021,23,0.06948640483383686,6,0.01812688821752266,10,0.030211480362537766,5,0.015105740181268883,2,0.006042296072507553,0,0.0,0,0.0,0,0.0,3,0.00906344410876133,3,0.00906344410876133,0,0.0,1,0.0030211480362537764,0,0.0,0,0.0,1,0.0030211480362537764,0,0.0,2,0.006042296072507553,0,0.0,0,0.0,0,0.0,0,0.0,331,1.0,ORIGEN,SECCION,COMPLETO
874,18,NAYARIT,TEPIC,,,950,719,345,0.47983310152990266,0.5201668984700973,MORENA,143,0.4144927536231884,67,0.19420289855072465,MC,76,0.22028985507246376,58,0.1681159420289855,PAN,18,0.05217391304347826,MORENA,143,0.4144927536231884,67,0.19420289855072465,MC,76,0.22028985507246376,58,0.1681159420289855,PAN,18,0.05217391304347826,18,0.05217391304347826,11,0.03188405797101449,3,0.008695652173913044,13,0.03768115942028986,4,0.011594202898550725,76,0.22028985507246376,143,0.4144927536231884,16,0.0463768115942029,3,0.008695652173913044,18,0.05217391304347826,1,0.002898550724637681,18,0.05217391304347826,2,0.005797101449275362,2,0.005797101449275362,0,0.0,1,0.002898550724637681,0,0.0,5,0.014492753623188406,4,0.011594202898550725,0,0.0,2,0.005797101449275362,1,0.002898550724637681,1,0.002898550724637681,0,0.0,0,0.0,1,0.002898550724637681,0,0.0,1,0.002898550724637681,0,0.0,1,0.002898550724637681,345,1.0,ORIGEN,SECCION,COMPLETO
875,18,NAYARIT,TEPIC,,,951,446,172,0.38565022421524664,0.6143497757847534,MORENA,78,0.45348837209302323,33,0.19186046511627908,MC,45,0.2616279069767442,37,0.21511627906976744,PAN,8,0.046511627906976744,MORENA,78,0.45348837209302323,33,0.19186046511627908,MC,45,0.2616279069767442,37,0.21511627906976744,PAN,8,0.046511627906976744,8,0.046511627906976744,6,0.03488372093023256,2,0.011627906976744186,7,0.040697674418604654,5,0.029069767441860465,45,0.2616279069767442,78,0.45348837209302323,3,0.01744186046511628,0,0.0,0,0.0,0,0.0,0,0.0,0,0.0,6,0.03488372093023256,0,0.0,0,0.0,0,0.0,5,0.029069767441860465,0,0.0,0,0.0,0,0.0,1,0.005813953488372093,0,0.0,0,0.0,1,0.005813953488372093,1,0.005813953488372093,0,0.0,0,0.0,0,0.0,4,0.023255813953488372,172,1.0,ORIGEN,SECCION,COMPLETO
876,18,NAYARIT,TEPIC,,,952,912,368,0.40350877192982454,0.5964912280701755,MORENA,147,0.39945652173913043,60,0.16304347826086957,MC,87,0.23641304347826086,69,0.1875,PVEM,18,0.04891304347826087,MORENA,147,0.39945652173913043,60,0.16304347826086957,MC,87,0.23641304347826086,69,0.1875,PVEM,18,0.04891304347826087,13,0.035326086956521736,12,0.03260869565217391,2,0.005434782608695652,14,0.03804347826086957,18,0.04891304347826087,87,0.23641304347826086,147,0.39945652173913043,11,0.029891304347826088,3,0.008152173913043478,16,0.043478260869565216,3,0.008152173913043478,5,0.01358695652173913,2,0.005434782608695652,3,0.008152173913043478,0,0.0,0,0.0,0,0.0,9,0.024456521739130436,1,0.002717391304347826,0,0.0,2,0.005434782608695652,7,0.019021739130434784,0,0.0,1,0.002717391304347826,0,0.0,3,0.008152173913043478,0,0.0,2,0.005434782608695652,0,0.0,7,0.019021739130434784,368,1.0,ORIGEN,SECCION,COMPLETO
877,18,NAYARIT,TEPIC,,,953,778,345,0.4434447300771208,0.5565552699228792,MORENA,116,0.336231884057971,33,0.09565217391304348,MC,83,0.24057971014492754,60,0.17391304347826086,MLN,23,0.06666666666666667,MORENA,116,0.336231884057971,33,0.09565217391304348,MC,83,0.24057971014492754,60,0.17391304347826086,MLN,23,0.06666666666666667,11,0.03188405797101449,13,0.03768115942028986,0,0.0,15,0.043478260869565216,10,0.028985507246376812,83,0.24057971014492754,116,0.336231884057971,11,0.03188405797101449,7,0.020289855072463767,23,0.06666666666666667,4,0.011594202898550725,20,0.057971014492753624,7,0.020289855072463767,3,0.008695652173913044,0,0.0,0,0.0,0,0.0,10,0.028985507246376812,1,0.002898550724637681,0,0.0,0,0.0,3,0.008695652173913044,1,0.002898550724637681,1,0.002898550724637681,0,0.0,1,0.002898550724637681,0,0.0,1,0.002898550724637681,0,0.0,4,0.011594202898550725,345,1.0,ORIGEN,SECCION,COMPLETO
878,18,NAYARIT,TEPIC,,,954,969,384,0.39628482972136225,0.6037151702786377,MORENA,152,0.3958333333333333,55,0.14322916666666666,MC,97,0.2526041666666667,70,0.18229166666666666,MLN,27,0.0703125,MORENA,152,0.3958333333333333,55,0.14322916666666666,MC,97,0.2526041666666667,70,0.18229166666666666,MLN,27,0.0703125,7,0.018229166666666668,8,0.020833333333333332,9,0.0234375,16,0.041666666666666664,17,0.044270833333333336,97,0.2526041666666667,152,0.3958333333333333,5,0.013020833333333334,2,0.005208333333333333,27,0.0703125,2,0.005208333333333333,12,0.03125,3,0.0078125,1,0.0026041666666666665,0,0.0,0,0.0,0,0.0,5,0.013020833333333334,10,0.026041666666666668,0,0.0,0,0.0,1,0.0026041666666666665,0,0.0,0,0.0,0,0.0,2,0.005208333333333333,0,0.0,3,0.0078125,0,0.0,5,0.013020833333333334,384,1.0,ORIGEN,SECCION,COMPLETO
879,18,NAYARIT,TEPIC,,,955,790,312,0.3949367088607595,0.6050632911392405,MORENA,142,0.4551282051282051,91,0.2916666666666667,MC,51,0.16346153846153846,32,0.10256410256410256,MLN,19,0.060897435897435896,MORENA,142,0.4551282051282051,91,0.2916666666666667,MC,51,0.16346153846153846,32,0.10256410256410256,MLN,19,0.060897435897435896,3,0.009615384615384616,15,0.04807692307692308,3,0.009615384615384616,5,0.016025641025641024,10,0.03205128205128205,51,0.16346153846153846,142,0.4551282051282051,5,0.016025641025641024,8,0.02564102564102564,19,0.060897435897435896,3,0.009615384615384616,4,0.01282051282051282,5,0.016025641025641024,1,0.003205128205128205,2,0.00641025641025641,0,0.0,0,0.0,7,0.022435897435897436,4,0.01282051282051282,2,0.00641025641025641,1,0.003205128205128205,5,0.016025641025641024,0,0.0,3,0.009615384615384616,0,0.0,1,0.003205128205128205,0,0.0,2,0.00641025641025641,1,0.003205128205128205,10,0.03205128205128205,312,1.0,ORIGEN,SECCION,COMPLETO
880,18,NAYARIT,TEPIC,,,956,652,289,0.4432515337423313,0.5567484662576687,MORENA,90,0.31141868512110726,16,0.05536332179930796,MC,74,0.2560553633217993,43,0.14878892733564014,MLN,31,0.10726643598615918,MORENA,90,0.31141868512110726,16,0.05536332179930796,MC,74,0.2560553633217993,43,0.14878892733564014,MLN,31,0.10726643598615918,9,0.031141868512110725,9,0.031141868512110725,2,0.006920415224913495,16,0.05536332179930796,9,0.031141868512110725,74,0.2560553633217993,90,0.31141868512110726,2,0.006920415224913495,15,0.05190311418685121,31,0.10726643598615918,4,0.01384083044982699,6,0.020761245674740483,1,0.0034602076124567475,4,0.01384083044982699,0,0.0,0,0.0,0,0.0,7,0.02422145328719723,1,0.0034602076124567475,0,0.0,1,0.0034602076124567475,1,0.0034602076124567475,0,0.0,0,0.0,0,0.0,1,0.0034602076124567475,0,0.0,1,0.0034602076124567475,0,0.0,5,0.01730103806228374,289,1.0,ORIGEN,SECCION,COMPLETO
881,18,NAYARIT,TEPIC,,,957,888,381,0.42905405405405406,0.5709459459459459,MORENA,154,0.4041994750656168,67,0.17585301837270342,MC,87,0.2283464566929134,62,0.16272965879265092,MLN,25,0.06561679790026247,MORENA,154,0.4041994750656168,67,0.17585301837270342,MC,87,0.2283464566929134,62,0.16272965879265092,MLN,25,0.06561679790026247,7,0.01837270341207349,15,0.03937007874015748,3,0.007874015748031496,11,0.028871391076115485,10,0.026246719160104987,87,0.2283464566929134,154,0.4041994750656168,6,0.015748031496062992,5,0.013123359580052493,25,0.06561679790026247,3,0.007874015748031496,17,0.04461942257217848,2,0.005249343832020997,3,0.007874015748031496,0,0.0,0,0.0,0,0.0,19,0.049868766404199474,1,0.0026246719160104987,1,0.0026246719160104987,0,0.0,0,0.0,0,0.0,3,0.007874015748031496,0,0.0,1,0.0026246719160104987,0,0.0,1,0.0026246719160104987,0,0.0,7,0.01837270341207349,381,1.0,ORIGEN,SECCION,COMPLETO
882,18,NAYARIT,TEPIC,,,958,988,364,0.3684210526315789,0.631578947368421,MORENA,147,0.40384615384615385,72,0.1978021978021978,MC,75,0.20604395604395603,52,0.14285714285714285,MLN,23,0.06318681318681318,MORENA,147,0.40384615384615385,72,0.1978021978021978,MC,75,0.20604395604395603,52,0.14285714285714285,MLN,23,0.06318681318681318,14,0.038461538461538464,12,0.03296703296703297,7,0.019230769230769232,17,0.046703296703296704,8,0.02197802197802198,75,0.20604395604395603,147,0.40384615384615385,2,0.005494505494505495,1,0.0027472527472527475,23,0.06318681318681318,3,0.008241758241758242,16,0.04395604395604396,0,0.0,6,0.016483516483516484,0,0.0,1,0.0027472527472527475,0,0.0,7,0.019230769230769232,5,0.013736263736263736,0,0.0,1,0.0027472527472527475,7,0.019230769230769232,0,0.0,1,0.0027472527472527475,0,0.0,2,0.005494505494505495,0,0.0,1,0.0027472527472527475,2,0.005494505494505495,6,0.016483516483516484,364,1.0,ORIGEN,SECCION,COMPLETO
883,18,NAYARIT,TEPIC,,,959,798,361,0.4523809523809524,0.5476190476190477,MORENA,116,0.32132963988919666,27,0.07479224376731301,MC,89,0.24653739612188366,25,0.06925207756232687,MLN,64,0.1772853185595568,MORENA,116,0.32132963988919666,27,0.07479224376731301,MC,89,0.24653739612188366,25,0.06925207756232687,MLN,64,0.1772853185595568,9,0.024930747922437674,4,0.0110803324099723,7,0.019390581717451522,9,0.024930747922437674,10,0.027700831024930747,89,0.24653739612188366,116,0.32132963988919666,3,0.008310249307479225,1,0.002770083102493075,64,0.1772853185595568,10,0.027700831024930747,9,0.024930747922437674,2,0.00554016620498615,3,0.008310249307479225,2,0.00554016620498615,0,0.0,0,0.0,10,0.027700831024930747,1,0.002770083102493075,1,0.002770083102493075,0,0.0,0,0.0,2,0.00554016620498615,0,0.0,0,0.0,3,0.008310249307479225,0,0.0,3,0.008310249307479225,0,0.0,3,0.008310249307479225,361,1.0,ORIGEN,SECCION,COMPLETO
884,18,NAYARIT,TEPIC,,,960,960,371,0.38645833333333335,0.6135416666666667,MORENA,146,0.3935309973045822,63,0.16981132075471697,MC,83,0.22371967654986524,52,0.14016172506738545,MLN,31,0.08355795148247978,MORENA,146,0.3935309973045822,63,0.16981132075471697,MC,83,0.22371967654986524,52,0.14016172506738545,MLN,31,0.08355795148247978,11,0.029649595687331536,12,0.03234501347708895,1,0.0026954177897574125,14,0.03773584905660377,9,0.02425876010781671,83,0.22371967654986524,146,0.3935309973045822,8,0.0215633423180593,5,0.013477088948787063,31,0.08355795148247978,3,0.008086253369272238,11,0.029649595687331536,1,0.0026954177897574125,8,0.0215633423180593,0,0.0,0,0.0,0,0.0,12,0.03234501347708895,5,0.013477088948787063,0,0.0,1,0.0026954177897574125,2,0.005390835579514825,0,0.0,0,0.0,0,0.0,0,0.0,2,0.005390835579514825,2,0.005390835579514825,0,0.0,4,0.01078167115902965,371,1.0,ORIGEN,SECCION,COMPLETO
885,18,NAYARIT,TEPIC,,,961,1084,431,0.39760147601476015,0.6023985239852399,MORENA,148,0.3433874709976798,53,0.12296983758700696,MC,95,0.22041763341067286,68,0.15777262180974477,MLN,27,0.06264501160092807,MORENA,148,0.3433874709976798,53,0.12296983758700696,MC,95,0.22041763341067286,68,0.15777262180974477,MLN,27,0.06264501160092807,16,0.037122969837587005,19,0.04408352668213457,2,0.004640371229698376,23,0.05336426914153132,14,0.03248259860788863,95,0.22041763341067286,148,0.3433874709976798,6,0.013921113689095127,4,0.009280742459396751,27,0.06264501160092807,6,0.013921113689095127,27,0.06264501160092807,4,0.009280742459396751,4,0.009280742459396751,0,0.0,1,0.002320185614849188,0,0.0,13,0.030162412993039442,2,0.004640371229698376,0,0.0,1,0.002320185614849188,2,0.004640371229698376,0,0.0,1,0.002320185614849188,1,0.002320185614849188,1,0.002320185614849188,0,0.0,2,0.004640371229698376,1,0.002320185614849188,11,0.025522041763341066,431,1.0,ORIGEN,SECCION,COMPLETO
886,18,NAYARIT,TEPIC,,,962,632,287,0.4541139240506329,0.5458860759493671,MORENA,108,0.37630662020905925,29,0.10104529616724739,MC,79,0.27526132404181186,52,0.18118466898954705,MLN,27,0.09407665505226481,MORENA,108,0.37630662020905925,29,0.10104529616724739,MC,79,0.27526132404181186,52,0.18118466898954705,MLN,27,0.09407665505226481,1,0.003484320557491289,7,0.024390243902439025,7,0.024390243902439025,9,0.0313588850174216,10,0.03484320557491289,79,0.27526132404181186,108,0.37630662020905925,3,0.010452961672473868,10,0.03484320557491289,27,0.09407665505226481,0,0.0,14,0.04878048780487805,1,0.003484320557491289,0,0.0,0,0.0,0,0.0,0,0.0,3,0.010452961672473868,0,0.0,0,0.0,2,0.006968641114982578,0,0.0,0,0.0,0,0.0,0,0.0,1,0.003484320557491289,0,0.0,2,0.006968641114982578,0,0.0,3,0.010452961672473868,287,1.0,ORIGEN,SECCION,COMPLETO
887,18,NAYARIT,TEPIC,,,963,1012,395,0.39031620553359686,0.6096837944664031,MORENA,142,0.3594936708860759,59,0.14936708860759493,MC,83,0.21012658227848102,60,0.1518987341772152,MLN,23,0.05822784810126582,MORENA,142,0.3594936708860759,59,0.14936708860759493,MC,83,0.21012658227848102,60,0.1518987341772152,MLN,23,0.05822784810126582,13,0.03291139240506329,17,0.043037974683544304,8,0.020253164556962026,15,0.0379746835443038,19,0.04810126582278481,83,0.21012658227848102,142,0.3594936708860759,5,0.012658227848101266,11,0.027848101265822784,23,0.05822784810126582,4,0.010126582278481013,18,0.04556962025316456,5,0.012658227848101266,1,0.002531645569620253,1,0.002531645569620253,0,0.0,0,0.0,9,0.02278481012658228,5,0.012658227848101266,1,0.002531645569620253,0,0.0,2,0.005063291139240506,0,0.0,1,0.002531645569620253,0,0.0,2,0.005063291139240506,0,0.0,2,0.005063291139240506,0,0.0,8,0.020253164556962026,395,1.0,ORIGEN,SECCION,COMPLETO
888,18,NAYARIT,TEPIC,,,964,667,286,0.4287856071964018,0.5712143928035982,MORENA,128,0.44755244755244755,53,0.1853146853146853,MC,75,0.26223776223776224,64,0.22377622377622378,VIVA,11,0.038461538461538464,MORENA,128,0.44755244755244755,53,0.1853146853146853,MC,75,0.26223776223776224,64,0.22377622377622378,VIVA,11,0.038461538461538464,5,0.017482517482517484,10,0.03496503496503497,5,0.017482517482517484,7,0.024475524475524476,4,0.013986013986013986,75,0.26223776223776224,128,0.44755244755244755,5,0.017482517482517484,11,0.038461538461538464,11,0.038461538461538464,3,0.01048951048951049,6,0.02097902097902098,2,0.006993006993006993,4,0.013986013986013986,0,0.0,0,0.0,0,0.0,2,0.006993006993006993,0,0.0,0,0.0,0,0.0,2,0.006993006993006993,0,0.0,0,0.0,0,0.0,2,0.006993006993006993,0,0.0,1,0.0034965034965034965,0,0.0,3,0.01048951048951049,286,1.0,ORIGEN,SECCION,COMPLETO
889,18,NAYARIT,TEPIC,,,965,1089,469,0.43067033976124885,0.5693296602387512,MORENA,197,0.4200426439232409,104,0.22174840085287847,MC,93,0.19829424307036247,31,0.06609808102345416,MLN,62,0.13219616204690832,MORENA,197,0.4200426439232409,104,0.22174840085287847,MC,93,0.19829424307036247,31,0.06609808102345416,MLN,62,0.13219616204690832,9,0.019189765458422176,11,0.023454157782515993,7,0.014925373134328358,11,0.023454157782515993,17,0.03624733475479744,93,0.19829424307036247,197,0.4200426439232409,9,0.019189765458422176,5,0.010660980810234541,62,0.13219616204690832,3,0.006396588486140725,5,0.010660980810234541,0,0.0,4,0.008528784648187633,1,0.0021321961620469083,0,0.0,0,0.0,13,0.02771855010660981,4,0.008528784648187633,0,0.0,2,0.0042643923240938165,1,0.0021321961620469083,0,0.0,0,0.0,0,0.0,2,0.0042643923240938165,0,0.0,1,0.0021321961620469083,0,0.0,12,0.0255863539445629,469,1.0,ORIGEN,SECCION,COMPLETO
890,18,NAYARIT,TEPIC,,,966,404,193,0.4777227722772277,0.5222772277227723,MORENA,85,0.44041450777202074,50,0.25906735751295334,MC,35,0.18134715025906736,22,0.11398963730569948,RSP,13,0.06735751295336788,MORENA,85,0.44041450777202074,50,0.25906735751295334,MC,35,0.18134715025906736,22,0.11398963730569948,RSP,13,0.06735751295336788,11,0.05699481865284974,9,0.046632124352331605,2,0.010362694300518135,7,0.03626943005181347,2,0.010362694300518135,35,0.18134715025906736,85,0.44041450777202074,0,0.0,1,0.0051813471502590676,5,0.025906735751295335,3,0.015544041450777202,13,0.06735751295336788,2,0.010362694300518135,0,0.0,0,0.0,0,0.0,0,0.0,7,0.03626943005181347,0,0.0,0,0.0,0,0.0,4,0.02072538860103627,0,0.0,2,0.010362694300518135,0,0.0,2,0.010362694300518135,0,0.0,0,0.0,0,0.0,3,0.015544041450777202,193,1.0,ORIGEN,SECCION,COMPLETO
891,18,NAYARIT,TEPIC,,,967,1338,788,0.5889387144992526,0.4110612855007474,MORENA,234,0.2969543147208122,39,0.04949238578680203,MC,195,0.24746192893401014,116,0.14720812182741116,PAN,79,0.10025380710659898,MORENA,234,0.2969543147208122,39,0.04949238578680203,MC,195,0.24746192893401014,116,0.14720812182741116,PAN,79,0.10025380710659898,79,0.10025380710659898,50,0.06345177664974619,7,0.008883248730964468,36,0.04568527918781726,35,0.044416243654822336,195,0.24746192893401014,234,0.2969543147208122,25,0.031725888324873094,9,0.011421319796954314,19,0.024111675126903553,4,0.005076142131979695,31,0.03934010152284264,7,0.008883248730964468,10,0.012690355329949238,0,0.0,0,0.0,0,0.0,11,0.013959390862944163,7,0.008883248730964468,1,0.0012690355329949238,1,0.0012690355329949238,4,0.005076142131979695,0,0.0,4,0.005076142131979695,1,0.0012690355329949238,3,0.0038071065989847717,0,0.0,2,0.0025380710659898475,0,0.0,13,0.01649746192893401,788,1.0,ORIGEN,SECCION,COMPLETO
892,18,NAYARIT,TEPIC,,,968,490,208,0.42448979591836733,0.5755102040816327,MORENA,84,0.40384615384615385,25,0.1201923076923077,MC,59,0.28365384615384615,48,0.23076923076923078,MLN,11,0.052884615384615384,MORENA,84,0.40384615384615385,25,0.1201923076923077,MC,59,0.28365384615384615,48,0.23076923076923078,MLN,11,0.052884615384615384,1,0.004807692307692308,6,0.028846153846153848,2,0.009615384615384616,8,0.038461538461538464,5,0.02403846153846154,59,0.28365384615384615,84,0.40384615384615385,4,0.019230769230769232,0,0.0,11,0.052884615384615384,1,0.004807692307692308,10,0.04807692307692308,0,0.0,0,0.0,0,0.0,0,0.0,0,0.0,6,0.028846153846153848,4,0.019230769230769232,0,0.0,0,0.0,1,0.004807692307692308,0,0.0,0,0.0,0,0.0,3,0.014423076923076924,0,0.0,0,0.0,0,0.0,3,0.014423076923076924,208,1.0,ORIGEN,SECCION,COMPLETO
893,18,NAYARIT,TEPIC,,,969,486,225,0.46296296296296297,0.537037037037037,MORENA,92,0.4088888888888889,43,0.19111111111111112,MC,49,0.21777777777777776,37,0.16444444444444445,MLN,12,0.05333333333333334,MORENA,92,0.4088888888888889,43,0.19111111111111112,MC,49,0.21777777777777776,37,0.16444444444444445,MLN,12,0.05333333333333334,6,0.02666666666666667,5,0.022222222222222223,0,0.0,7,0.03111111111111111,9,0.04,49,0.21777777777777776,92,0.4088888888888889,3,0.013333333333333334,9,0.04,12,0.05333333333333334,3,0.013333333333333334,11,0.04888888888888889,0,0.0,2,0.008888888888888889,0,0.0,0,0.0,0,0.0,10,0.044444444444444446,0,0.0,0,0.0,0,0.0,0,0.0,0,0.0,1,0.0044444444444444444,0,0.0,0,0.0,0,0.0,1,0.0044444444444444444,0,0.0,5,0.022222222222222223,225,1.0,ORIGEN,SECCION,COMPLETO
894,18,NAYARIT,TEPIC,,,970,431,202,0.46867749419953597,0.531322505800464,MORENA,71,0.35148514851485146,15,0.07425742574257425,MC,56,0.27722772277227725,42,0.2079207920792079,PT,14,0.06930693069306931,MORENA,71,0.35148514851485146,15,0.07425742574257425,MC,56,0.27722772277227725,42,0.2079207920792079,PT,14,0.06930693069306931,3,0.01485148514851485,6,0.0297029702970297,1,0.0049504950495049506,14,0.06930693069306931,12,0.0594059405940594,56,0.27722772277227725,71,0.35148514851485146,3,0.01485148514851485,2,0.009900990099009901,7,0.034653465346534656,1,0.0049504950495049506,3,0.01485148514851485,3,0.01485148514851485,1,0.0049504950495049506,1,0.0049504950495049506,0,0.0,0,0.0,7,0.034653465346534656,0,0.0,0,0.0,0,0.0,0,0.0,0,0.0,1,0.0049504950495049506,0,0.0,0,0.0,0,0.0,3,0.01485148514851485,1,0.0049504950495049506,6,0.0297029702970297,202,1.0,ORIGEN,SECCION,COMPLETO
895,18,NAYARIT,TEPIC,,,971,416,187,0.4495192307692308,0.5504807692307692,MC,62,0.3315508021390374,7,0.0374331550802139,MORENA,55,0.29411764705882354,42,0.22459893048128343,RSP,13,0.06951871657754011,MC,62,0.3315508021390374,7,0.0374331550802139,MORENA,55,0.29411764705882354,42,0.22459893048128343,RSP,13,0.06951871657754011,7,0.0374331550802139,9,0.0481283422459893,0,0.0,7,0.0374331550802139,6,0.03208556149732621,62,0.3315508021390374,55,0.29411764705882354,4,0.0213903743315508,1,0.0053475935828877,10,0.053475935828877004,2,0.0106951871657754,13,0.06951871657754011,0,0.0,2,0.0106951871657754,0,0.0,0,0.0,0,0.0,4,0.0213903743315508,1,0.0053475935828877,1,0.0053475935828877,0,0.0,0,0.0,0,0.0,0,0.0,0,0.0,0,0.0,0,0.0,0,0.0,0,0.0,3,0.016042780748663103,187,1.0,ORIGEN,SECCION,COMPLETO
896,18,NAYARIT,TEPIC,,,985,1495,705,0.47157190635451507,0.5284280936454849,MORENA,292,0.41418439716312055,141,0.2,MC,151,0.21418439716312057,111,0.1574468085106383,MLN,40,0.05673758865248227,MORENA,292,0.41418439716312055,141,0.2,MC,151,0.21418439716312057,111,0.1574468085106383,MLN,40,0.05673758865248227,22,0.031205673758865248,17,0.024113475177304965,3,0.00425531914893617,35,0.04964539007092199,21,0.029787234042553193,151,0.21418439716312057,292,0.41418439716312055,9,0.01276595744680851,2,0.0028368794326241137,40,0.05673758865248227,3,0.00425531914893617,30,0.0425531914893617,4,0.005673758865248227,15,0.02127659574468085,1,0.0014184397163120568,0,0.0,0,0.0,18,0.02553191489361702,3,0.00425531914893617,1,0.0014184397163120568,2,0.0028368794326241137,7,0.009929078014184398,4,0.005673758865248227,3,0.00425531914893617,1,0.0014184397163120568,2,0.0028368794326241137,0,0.0,3,0.00425531914893617,0,0.0,16,0.02269503546099291,705,1.0,ORIGEN,SECCION,COMPLETO
897,18,NAYARIT,TEPIC,,,986,2285,1115,0.487964989059081,0.5120350109409191,MORENA,431,0.3865470852017937,129,0.11569506726457399,MC,302,0.27085201793721975,237,0.21255605381165918,PAN,65,0.05829596412556054,MORENA,431,0.3865470852017937,129,0.11569506726457399,MC,302,0.27085201793721975,237,0.21255605381165918,PAN,65,0.05829596412556054,65,0.05829596412556054,30,0.026905829596412557,8,0.007174887892376682,41,0.036771300448430494,23,0.02062780269058296,302,0.27085201793721975,431,0.3865470852017937,25,0.02242152466367713,13,0.011659192825112108,29,0.02600896860986547,9,0.008071748878923767,44,0.039461883408071746,8,0.007174887892376682,11,0.009865470852017937,1,0.0008968609865470852,1,0.0008968609865470852,0,0.0,25,0.02242152466367713,9,0.008071748878923767,3,0.0026905829596412557,4,0.003587443946188341,0,0.0,1,0.0008968609865470852,3,0.0026905829596412557,2,0.0017937219730941704,3,0.0026905829596412557,2,0.0017937219730941704,6,0.0053811659192825115,0,0.0,16,0.014349775784753363,1115,1.0,ORIGEN,SECCION,COMPLETO
898,18,NAYARIT,TUXPAN,,,810,807,474,0.587360594795539,0.41263940520446096,MC,179,0.37763713080168776,66,0.13924050632911392,MORENA,113,0.23839662447257384,83,0.1751054852320675,PAN,30,0.06329113924050633,MC,179,0.37763713080168776,66,0.13924050632911392,MORENA,113,0.23839662447257384,83,0.1751054852320675,PAN,30,0.06329113924050633,30,0.06329113924050633,19,0.04008438818565401,4,0.008438818565400843,27,0.056962025316455694,17,0.035864978902953586,179,0.37763713080168776,113,0.23839662447257384,14,0.029535864978902954,7,0.014767932489451477,23,0.04852320675105485,6,0.012658227848101266,6,0.012658227848101266,7,0.014767932489451477,3,0.006329113924050633,0,0.0,0,0.0,0,0.0,0,0.0,1,0.002109704641350211,0,0.0,0,0.0,2,0.004219409282700422,0,0.0,1,0.002109704641350211,0,0.0,1,0.002109704641350211,0,0.0,0,0.0,0,0.0,14,0.029535864978902954,474,1.0,ORIGEN,SECCION,COMPLETO
899,18,NAYARIT,TUXPAN,,,811,560,337,0.6017857142857143,0.39821428571428574,MC,130,0.3857566765578635,33,0.09792284866468842,MORENA,97,0.2878338278931751,67,0.19881305637982197,PAN,30,0.08902077151335312,MC,130,0.3857566765578635,33,0.09792284866468842,MORENA,97,0.2878338278931751,67,0.19881305637982197,PAN,30,0.08902077151335312,30,0.08902077151335312,9,0.026706231454005934,2,0.005934718100890208,11,0.032640949554896145,8,0.02373887240356083,130,0.3857566765578635,97,0.2878338278931751,8,0.02373887240356083,9,0.026706231454005934,17,0.050445103857566766,1,0.002967359050445104,2,0.005934718100890208,0,0.0,1,0.002967359050445104,0,0.0,0,0.0,0,0.0,3,0.008902077151335312,0,0.0,0,0.0,0,0.0,0,0.0,0,0.0,0,0.0,0,0.0,0,0.0,0,0.0,1,0.002967359050445104,0,0.0,8,0.02373887240356083,337,1.0,ORIGEN,SECCION,COMPLETO
900,18,NAYARIT,TUXPAN,,,812,779,480,0.6161745827984596,0.3838254172015404,MC,159,0.33125,4,0.008333333333333333,MORENA,155,0.3229166666666667,121,0.2520833333333333,PVEM,34,0.07083333333333333,MC,159,0.33125,4,0.008333333333333333,MORENA,155,0.3229166666666667,121,0.2520833333333333,PVEM,34,0.07083333333333333,16,0.03333333333333333,12,0.025,5,0.010416666666666666,18,0.0375,34,0.07083333333333333,159,0.33125,155,0.3229166666666667,12,0.025,8,0.016666666666666666,20,0.041666666666666664,1,0.0020833333333333333,7,0.014583333333333334,5,0.010416666666666666,3,0.00625,0,0.0,0,0.0,0,0.0,6,0.0125,1,0.0020833333333333333,2,0.004166666666666667,0,0.0,0,0.0,1,0.0020833333333333333,0,0.0,0,0.0,0,0.0,0,0.0,1,0.0020833333333333333,0,0.0,14,0.029166666666666667,480,1.0,ORIGEN,SECCION,COMPLETO
901,18,NAYARIT,TUXPAN,,,813,515,325,0.6310679611650486,0.3689320388349514,MORENA,118,0.3630769230769231,43,0.13230769230769232,MC,75,0.23076923076923078,56,0.1723076923076923,PRI,19,0.05846153846153846,MORENA,118,0.3630769230769231,43,0.13230769230769232,MC,75,0.23076923076923078,56,0.1723076923076923,PRI,19,0.05846153846153846,11,0.033846153846153845,19,0.05846153846153846,11,0.033846153846153845,15,0.046153846153846156,5,0.015384615384615385,75,0.23076923076923078,118,0.3630769230769231,13,0.04,4,0.012307692307692308,14,0.043076923076923075,6,0.018461538461538463,10,0.03076923076923077,4,0.012307692307692308,4,0.012307692307692308,0,0.0,0,0.0,0,0.0,3,0.009230769230769232,0,0.0,0,0.0,2,0.006153846153846154,1,0.003076923076923077,0,0.0,1,0.003076923076923077,0,0.0,1,0.003076923076923077,0,0.0,0,0.0,0,0.0,8,0.024615384615384615,325,1.0,ORIGEN,SECCION,COMPLETO
902,18,NAYARIT,TUXPAN,,,814,585,365,0.6239316239316239,0.37606837606837606,MC,165,0.4520547945205479,57,0.15616438356164383,MORENA,108,0.2958904109589041,92,0.25205479452054796,PRI,16,0.043835616438356165,MC,165,0.4520547945205479,57,0.15616438356164383,MORENA,108,0.2958904109589041,92,0.25205479452054796,PRI,16,0.043835616438356165,14,0.038356164383561646,16,0.043835616438356165,6,0.01643835616438356,15,0.0410958904109589,4,0.010958904109589041,165,0.4520547945205479,108,0.2958904109589041,8,0.021917808219178082,5,0.0136986301369863,9,0.024657534246575342,1,0.0027397260273972603,5,0.0136986301369863,1,0.0027397260273972603,0,0.0,0,0.0,0,0.0,0,0.0,2,0.005479452054794521,1,0.0027397260273972603,0,0.0,0,0.0,2,0.005479452054794521,0,0.0,0,0.0,0,0.0,0,0.0,0,0.0,0,0.0,0,0.0,3,0.00821917808219178,365,1.0,ORIGEN,SECCION,COMPLETO
903,18,NAYARIT,TUXPAN,,,815,851,525,0.6169212690951822,0.3830787309048178,MC,187,0.35619047619047617,7,0.013333333333333334,MORENA,180,0.34285714285714286,155,0.29523809523809524,PAN,25,0.047619047619047616,MC,187,0.35619047619047617,7,0.013333333333333334,MORENA,180,0.34285714285714286,155,0.29523809523809524,PAN,25,0.047619047619047616,25,0.047619047619047616,11,0.02095238095238095,4,0.007619047619047619,18,0.03428571428571429,15,0.02857142857142857,187,0.35619047619047617,180,0.34285714285714286,15,0.02857142857142857,18,0.03428571428571429,21,0.04,0,0.0,11,0.02095238095238095,3,0.005714285714285714,1,0.0019047619047619048,1,0.0019047619047619048,0,0.0,0,0.0,2,0.0038095238095238095,0,0.0,0,0.0,1,0.0019047619047619048,0,0.0,0,0.0,0,0.0,0,0.0,1,0.0019047619047619048,0,0.0,0,0.0,0,0.0,11,0.02095238095238095,525,1.0,ORIGEN,SECCION,COMPLETO
904,18,NAYARIT,TUXPAN,,,816,1105,603,0.5457013574660633,0.4542986425339367,MC,256,0.42454394693200664,115,0.19071310116086235,MORENA,141,0.23383084577114427,95,0.15754560530679934,PAN,46,0.07628524046434494,MC,256,0.42454394693200664,115,0.19071310116086235,MORENA,141,0.23383084577114427,95,0.15754560530679934,PAN,46,0.07628524046434494,46,0.07628524046434494,23,0.03814262023217247,4,0.006633499170812604,24,0.03980099502487562,23,0.03814262023217247,256,0.42454394693200664,141,0.23383084577114427,8,0.013266998341625208,16,0.026533996683250415,26,0.04311774461028192,2,0.003316749585406302,18,0.029850746268656716,1,0.001658374792703151,0,0.0,2,0.003316749585406302,0,0.0,0,0.0,6,0.009950248756218905,0,0.0,1,0.001658374792703151,0,0.0,0,0.0,0,0.0,0,0.0,0,0.0,1,0.001658374792703151,0,0.0,1,0.001658374792703151,0,0.0,4,0.006633499170812604,603,1.0,ORIGEN,SECCION,COMPLETO
905,18,NAYARIT,TUXPAN,,,817,347,249,0.7175792507204611,0.28242074927953886,MORENA,86,0.3453815261044177,5,0.020080321285140562,MC,81,0.3253012048192771,63,0.25301204819277107,PAN,18,0.07228915662650602,MORENA,86,0.3453815261044177,5,0.020080321285140562,MC,81,0.3253012048192771,63,0.25301204819277107,PAN,18,0.07228915662650602,18,0.07228915662650602,12,0.04819277108433735,8,0.0321285140562249,7,0.028112449799196786,4,0.01606425702811245,81,0.3253012048192771,86,0.3453815261044177,7,0.028112449799196786,2,0.008032128514056224,3,0.012048192771084338,1,0.004016064257028112,11,0.04417670682730924,0,0.0,1,0.004016064257028112,0,0.0,0,0.0,0,0.0,7,0.028112449799196786,0,0.0,0,0.0,0,0.0,0,0.0,0,0.0,0,0.0,0,0.0,0,0.0,0,0.0,0,0.0,0,0.0,1,0.004016064257028112,249,1.0,ORIGEN,SECCION,COMPLETO
906,18,NAYARIT,TUXPAN,,,818,294,212,0.7210884353741497,0.2789115646258503,MORENA,80,0.37735849056603776,22,0.10377358490566038,MC,58,0.27358490566037735,40,0.18867924528301888,PRI,18,0.08490566037735849,MORENA,80,0.37735849056603776,22,0.10377358490566038,MC,58,0.27358490566037735,40,0.18867924528301888,PRI,18,0.08490566037735849,5,0.02358490566037736,18,0.08490566037735849,5,0.02358490566037736,12,0.05660377358490566,3,0.014150943396226415,58,0.27358490566037735,80,0.37735849056603776,3,0.014150943396226415,0,0.0,4,0.018867924528301886,2,0.009433962264150943,8,0.03773584905660377,0,0.0,4,0.018867924528301886,0,0.0,0,0.0,0,0.0,5,0.02358490566037736,2,0.009433962264150943,0,0.0,0,0.0,0,0.0,0,0.0,0,0.0,0,0.0,0,0.0,0,0.0,3,0.014150943396226415,0,0.0,0,0.0,212,1.0,ORIGEN,SECCION,COMPLETO
907,18,NAYARIT,TUXPAN,,,819,484,330,0.6818181818181818,0.31818181818181823,MORENA,120,0.36363636363636365,22,0.06666666666666667,MC,98,0.296969696969697,78,0.23636363636363636,PRI,20,0.06060606060606061,MORENA,120,0.36363636363636365,22,0.06666666666666667,MC,98,0.296969696969697,78,0.23636363636363636,PRI,20,0.06060606060606061,2,0.006060606060606061,20,0.06060606060606061,1,0.0030303030303030303,18,0.05454545454545454,12,0.03636363636363636,98,0.296969696969697,120,0.36363636363636365,8,0.024242424242424242,4,0.012121212121212121,19,0.05757575757575758,1,0.0030303030303030303,12,0.03636363636363636,0,0.0,1,0.0030303030303030303,0,0.0,0,0.0,0,0.0,3,0.00909090909090909,2,0.006060606060606061,0,0.0,1,0.0030303030303030303,1,0.0030303030303030303,0,0.0,1,0.0030303030303030303,0,0.0,0,0.0,0,0.0,2,0.006060606060606061,0,0.0,4,0.012121212121212121,330,1.0,ORIGEN,SECCION,COMPLETO
908,18,NAYARIT,TUXPAN,,,820,342,233,0.6812865497076024,0.3187134502923976,MC,99,0.4248927038626609,22,0.0944206008583691,MORENA,77,0.33047210300429186,69,0.296137339055794,PRI,8,0.034334763948497854,MC,99,0.4248927038626609,22,0.0944206008583691,MORENA,77,0.33047210300429186,69,0.296137339055794,PRI,8,0.034334763948497854,3,0.012875536480686695,8,0.034334763948497854,0,0.0,7,0.030042918454935622,3,0.012875536480686695,99,0.4248927038626609,77,0.33047210300429186,7,0.030042918454935622,4,0.017167381974248927,4,0.017167381974248927,0,0.0,7,0.030042918454935622,0,0.0,2,0.008583690987124463,1,0.004291845493562232,0,0.0,0,0.0,1,0.004291845493562232,1,0.004291845493562232,0,0.0,2,0.008583690987124463,1,0.004291845493562232,0,0.0,1,0.004291845493562232,0,0.0,0,0.0,0,0.0,1,0.004291845493562232,0,0.0,4,0.017167381974248927,233,1.0,ORIGEN,SECCION,COMPLETO
909,18,NAYARIT,TUXPAN,,,821,552,371,0.6721014492753623,0.3278985507246377,MC,131,0.353099730458221,1,0.0026954177897574125,MORENA,130,0.3504043126684636,110,0.29649595687331537,PT,20,0.05390835579514825,MC,131,0.353099730458221,1,0.0026954177897574125,MORENA,130,0.3504043126684636,110,0.29649595687331537,PT,20,0.05390835579514825,4,0.01078167115902965,14,0.03773584905660377,5,0.013477088948787063,20,0.05390835579514825,5,0.013477088948787063,131,0.353099730458221,130,0.3504043126684636,16,0.0431266846361186,3,0.008086253369272238,9,0.02425876010781671,3,0.008086253369272238,9,0.02425876010781671,2,0.005390835579514825,3,0.008086253369272238,0,0.0,0,0.0,0,0.0,4,0.01078167115902965,1,0.0026954177897574125,0,0.0,1,0.0026954177897574125,2,0.005390835579514825,0,0.0,0,0.0,0,0.0,1,0.0026954177897574125,0,0.0,0,0.0,0,0.0,8,0.0215633423180593,371,1.0,ORIGEN,SECCION,COMPLETO
910,18,NAYARIT,TUXPAN,,,822,810,548,0.6765432098765433,0.32345679012345674,MORENA,202,0.3686131386861314,8,0.014598540145985401,MC,194,0.354014598540146,164,0.29927007299270075,PAN_PRI_PRD,30,0.05474452554744526,MORENA,202,0.3686131386861314,8,0.014598540145985401,MC,194,0.354014598540146,164,0.29927007299270075,PAN_PRI_PRD,30,0.05474452554744526,8,0.014598540145985401,16,0.029197080291970802,3,0.005474452554744526,13,0.023722627737226276,7,0.012773722627737226,194,0.354014598540146,202,0.3686131386861314,6,0.010948905109489052,3,0.005474452554744526,14,0.025547445255474453,11,0.020072992700729927,23,0.041970802919708027,0,0.0,30,0.05474452554744526,0,0.0,0,0.0,0,0.0,4,0.0072992700729927005,2,0.0036496350364963502,0,0.0,0,0.0,2,0.0036496350364963502,0,0.0,0,0.0,0,0.0,0,0.0,0,0.0,0,0.0,0,0.0,10,0.01824817518248175,548,1.0,ORIGEN,SECCION,COMPLETO
911,18,NAYARIT,TUXPAN,,,823,1035,636,0.6144927536231884,0.38550724637681155,MC,280,0.44025157232704404,114,0.1792452830188679,MORENA,166,0.2610062893081761,130,0.20440251572327045,RSP,36,0.05660377358490566,MC,280,0.44025157232704404,114,0.1792452830188679,MORENA,166,0.2610062893081761,130,0.20440251572327045,RSP,36,0.05660377358490566,11,0.01729559748427673,10,0.015723270440251572,7,0.0110062893081761,21,0.0330188679245283,21,0.0330188679245283,280,0.44025157232704404,166,0.2610062893081761,14,0.0220125786163522,4,0.006289308176100629,14,0.0220125786163522,7,0.0110062893081761,36,0.05660377358490566,16,0.025157232704402517,0,0.0,2,0.0031446540880503146,0,0.0,0,0.0,3,0.0047169811320754715,0,0.0,1,0.0015723270440251573,0,0.0,0,0.0,0,0.0,1,0.0015723270440251573,0,0.0,1,0.0015723270440251573,1,0.0015723270440251573,0,0.0,0,0.0,20,0.031446540880503145,636,1.0,ORIGEN,SECCION,COMPLETO
912,18,NAYARIT,TUXPAN,,,824,996,615,0.6174698795180723,0.3825301204819277,MC,250,0.4065040650406504,53,0.08617886178861789,MORENA,197,0.3203252032520325,169,0.27479674796747966,PVEM,28,0.04552845528455285,MC,250,0.4065040650406504,53,0.08617886178861789,MORENA,197,0.3203252032520325,169,0.27479674796747966,PVEM,28,0.04552845528455285,5,0.008130081300813009,14,0.022764227642276424,3,0.004878048780487805,16,0.026016260162601626,28,0.04552845528455285,250,0.4065040650406504,197,0.3203252032520325,7,0.011382113821138212,22,0.03577235772357724,12,0.01951219512195122,1,0.0016260162601626016,17,0.027642276422764227,1,0.0016260162601626016,2,0.0032520325203252032,1,0.0016260162601626016,0,0.0,0,0.0,6,0.00975609756097561,5,0.008130081300813009,0,0.0,0,0.0,2,0.0032520325203252032,1,0.0016260162601626016,1,0.0016260162601626016,0,0.0,3,0.004878048780487805,1,0.0016260162601626016,1,0.0016260162601626016,0,0.0,19,0.030894308943089432,615,1.0,ORIGEN,SECCION,COMPLETO
913,18,NAYARIT,TUXPAN,,,825,734,474,0.6457765667574932,0.3542234332425068,MC,232,0.48945147679324896,141,0.2974683544303797,MORENA,91,0.19198312236286919,57,0.12025316455696203,VIVA,34,0.07172995780590717,MC,232,0.48945147679324896,141,0.2974683544303797,MORENA,91,0.19198312236286919,57,0.12025316455696203,VIVA,34,0.07172995780590717,11,0.023206751054852322,22,0.046413502109704644,5,0.010548523206751054,5,0.010548523206751054,8,0.016877637130801686,232,0.48945147679324896,91,0.19198312236286919,10,0.02109704641350211,34,0.07172995780590717,16,0.03375527426160337,4,0.008438818565400843,6,0.012658227848101266,11,0.023206751054852322,2,0.004219409282700422,0,0.0,0,0.0,0,0.0,3,0.006329113924050633,0,0.0,0,0.0,0,0.0,1,0.002109704641350211,0,0.0,1,0.002109704641350211,0,0.0,0,0.0,0,0.0,0,0.0,0,0.0,12,0.02531645569620253,474,1.0,ORIGEN,SECCION,COMPLETO
914,18,NAYARIT,TUXPAN,,,826,418,296,0.7081339712918661,0.29186602870813394,MC,124,0.4189189189189189,24,0.08108108108108109,MORENA,100,0.33783783783783783,85,0.28716216216216217,PT,15,0.05067567567567568,MC,124,0.4189189189189189,24,0.08108108108108109,MORENA,100,0.33783783783783783,85,0.28716216216216217,PT,15,0.05067567567567568,6,0.02027027027027027,14,0.0472972972972973,2,0.006756756756756757,15,0.05067567567567568,10,0.033783783783783786,124,0.4189189189189189,100,0.33783783783783783,2,0.006756756756756757,2,0.006756756756756757,6,0.02027027027027027,1,0.0033783783783783786,5,0.016891891891891893,0,0.0,1,0.0033783783783783786,0,0.0,0,0.0,0,0.0,4,0.013513513513513514,0,0.0,0,0.0,0,0.0,0,0.0,0,0.0,0,0.0,0,0.0,0,0.0,0,0.0,0,0.0,0,0.0,4,0.013513513513513514,296,1.0,ORIGEN,SECCION,COMPLETO
915,18,NAYARIT,TUXPAN,,,827,1050,799,0.7609523809523809,0.23904761904761906,MC,308,0.3854818523153942,55,0.0688360450563204,MORENA,253,0.3166458072590738,218,0.27284105131414266,PRI,35,0.04380475594493116,MC,308,0.3854818523153942,55,0.0688360450563204,MORENA,253,0.3166458072590738,218,0.27284105131414266,PRI,35,0.04380475594493116,14,0.017521902377972465,35,0.04380475594493116,10,0.012515644555694618,33,0.04130162703379224,28,0.03504380475594493,308,0.3854818523153942,253,0.3166458072590738,17,0.02127659574468085,8,0.010012515644555695,28,0.03504380475594493,6,0.007509386733416771,19,0.023779724655819776,7,0.008760951188986232,4,0.0050062578222778474,0,0.0,0,0.0,0,0.0,5,0.006257822277847309,1,0.0012515644555694619,0,0.0,0,0.0,1,0.0012515644555694619,1,0.0012515644555694619,1,0.0012515644555694619,0,0.0,1,0.0012515644555694619,0,0.0,1,0.0012515644555694619,0,0.0,18,0.02252816020025031,799,1.0,ORIGEN,SECCION,COMPLETO
916,18,NAYARIT,TUXPAN,,,828,361,253,0.7008310249307479,0.2991689750692521,MORENA,82,0.3241106719367589,17,0.06719367588932806,MC,65,0.25691699604743085,44,0.17391304347826086,PT,21,0.08300395256916997,MORENA,82,0.3241106719367589,17,0.06719367588932806,MC,65,0.25691699604743085,44,0.17391304347826086,PT,21,0.08300395256916997,7,0.02766798418972332,19,0.07509881422924901,3,0.011857707509881422,21,0.08300395256916997,2,0.007905138339920948,65,0.25691699604743085,82,0.3241106719367589,7,0.02766798418972332,0,0.0,11,0.043478260869565216,2,0.007905138339920948,13,0.05138339920948617,3,0.011857707509881422,3,0.011857707509881422,0,0.0,0,0.0,0,0.0,4,0.015810276679841896,3,0.011857707509881422,0,0.0,0,0.0,0,0.0,0,0.0,1,0.003952569169960474,0,0.0,3,0.011857707509881422,0,0.0,0,0.0,0,0.0,4,0.015810276679841896,253,1.0,ORIGEN,SECCION,COMPLETO
917,18,NAYARIT,TUXPAN,,,829,322,228,0.7080745341614907,0.2919254658385093,MORENA,79,0.34649122807017546,1,0.0043859649122807015,MC,78,0.34210526315789475,62,0.2719298245614035,PRI,16,0.07017543859649122,MORENA,79,0.34649122807017546,1,0.0043859649122807015,MC,78,0.34210526315789475,62,0.2719298245614035,PRI,16,0.07017543859649122,10,0.043859649122807015,16,0.07017543859649122,4,0.017543859649122806,7,0.03070175438596491,5,0.021929824561403508,78,0.34210526315789475,79,0.34649122807017546,5,0.021929824561403508,1,0.0043859649122807015,2,0.008771929824561403,0,0.0,5,0.021929824561403508,1,0.0043859649122807015,2,0.008771929824561403,0,0.0,0,0.0,1,0.0043859649122807015,5,0.021929824561403508,0,0.0,0,0.0,0,0.0,2,0.008771929824561403,0,0.0,2,0.008771929824561403,0,0.0,1,0.0043859649122807015,0,0.0,0,0.0,0,0.0,2,0.008771929824561403,228,1.0,ORIGEN,SECCION,COMPLETO
918,18,NAYARIT,TUXPAN,,,830,534,357,0.6685393258426966,0.3314606741573034,MC,140,0.39215686274509803,33,0.09243697478991597,MORENA,107,0.29971988795518206,81,0.226890756302521,PAN,26,0.07282913165266107,MC,140,0.39215686274509803,33,0.09243697478991597,MORENA,107,0.29971988795518206,81,0.226890756302521,PAN,26,0.07282913165266107,26,0.07282913165266107,9,0.025210084033613446,4,0.011204481792717087,15,0.04201680672268908,6,0.01680672268907563,140,0.39215686274509803,107,0.29971988795518206,5,0.014005602240896359,3,0.008403361344537815,9,0.025210084033613446,4,0.011204481792717087,4,0.011204481792717087,5,0.014005602240896359,2,0.0056022408963585435,0,0.0,0,0.0,0,0.0,2,0.0056022408963585435,2,0.0056022408963585435,2,0.0056022408963585435,0,0.0,1,0.0028011204481792717,0,0.0,0,0.0,0,0.0,1,0.0028011204481792717,0,0.0,0,0.0,0,0.0,10,0.028011204481792718,357,1.0,ORIGEN,SECCION,COMPLETO
919,18,NAYARIT,TUXPAN,,,831,888,540,0.6081081081081081,0.3918918918918919,MC,230,0.42592592592592593,67,0.12407407407407407,MORENA,163,0.30185185185185187,135,0.25,PT,28,0.05185185185185185,MC,230,0.42592592592592593,67,0.12407407407407407,MORENA,163,0.30185185185185187,135,0.25,PT,28,0.05185185185185185,18,0.03333333333333333,17,0.03148148148148148,4,0.007407407407407408,28,0.05185185185185185,5,0.009259259259259259,230,0.42592592592592593,163,0.30185185185185187,9,0.016666666666666666,10,0.018518518518518517,21,0.03888888888888889,8,0.014814814814814815,4,0.007407407407407408,1,0.001851851851851852,1,0.001851851851851852,0,0.0,0,0.0,0,0.0,3,0.005555555555555556,4,0.007407407407407408,0,0.0,2,0.003703703703703704,0,0.0,0,0.0,1,0.001851851851851852,0,0.0,1,0.001851851851851852,0,0.0,0,0.0,1,0.001851851851851852,9,0.016666666666666666,540,1.0,ORIGEN,SECCION,COMPLETO
920,18,NAYARIT,TUXPAN,,,832,675,404,0.5985185185185186,0.40148148148148144,MC,155,0.38366336633663367,56,0.13861386138613863,MORENA,99,0.24504950495049505,71,0.17574257425742573,PT,28,0.06930693069306931,MC,155,0.38366336633663367,56,0.13861386138613863,MORENA,99,0.24504950495049505,71,0.17574257425742573,PT,28,0.06930693069306931,15,0.03712871287128713,21,0.05198019801980198,7,0.017326732673267328,28,0.06930693069306931,9,0.022277227722772276,155,0.38366336633663367,99,0.24504950495049505,8,0.019801980198019802,0,0.0,12,0.0297029702970297,2,0.0049504950495049506,24,0.0594059405940594,2,0.0049504950495049506,2,0.0049504950495049506,0,0.0,0,0.0,0,0.0,3,0.007425742574257425,1,0.0024752475247524753,0,0.0,1,0.0024752475247524753,1,0.0024752475247524753,0,0.0,1,0.0024752475247524753,0,0.0,1,0.0024752475247524753,0,0.0,3,0.007425742574257425,0,0.0,9,0.022277227722772276,404,1.0,ORIGEN,SECCION,COMPLETO
921,18,NAYARIT,TUXPAN,,,833,549,386,0.7030965391621129,0.2969034608378871,MC,163,0.422279792746114,55,0.14248704663212436,MORENA,108,0.27979274611398963,92,0.23834196891191708,MLN,16,0.04145077720207254,MC,163,0.422279792746114,55,0.14248704663212436,MORENA,108,0.27979274611398963,92,0.23834196891191708,MLN,16,0.04145077720207254,3,0.007772020725388601,13,0.03367875647668394,4,0.010362694300518135,11,0.02849740932642487,15,0.038860103626943004,163,0.422279792746114,108,0.27979274611398963,5,0.012953367875647668,3,0.007772020725388601,16,0.04145077720207254,1,0.0025906735751295338,16,0.04145077720207254,7,0.018134715025906734,0,0.0,0,0.0,0,0.0,0,0.0,5,0.012953367875647668,0,0.0,4,0.010362694300518135,0,0.0,0,0.0,0,0.0,0,0.0,0,0.0,0,0.0,0,0.0,0,0.0,2,0.0051813471502590676,10,0.025906735751295335,386,1.0,ORIGEN,SECCION,COMPLETO
922,18,NAYARIT,TUXPAN,,,834,429,297,0.6923076923076923,0.3076923076923077,MC,105,0.35353535353535354,25,0.08417508417508418,MORENA,80,0.26936026936026936,62,0.20875420875420875,MLN,18,0.06060606060606061,MC,105,0.35353535353535354,25,0.08417508417508418,MORENA,80,0.26936026936026936,62,0.20875420875420875,MLN,18,0.06060606060606061,7,0.02356902356902357,9,0.030303030303030304,7,0.02356902356902357,10,0.03367003367003367,11,0.037037037037037035,105,0.35353535353535354,80,0.26936026936026936,9,0.030303030303030304,6,0.020202020202020204,18,0.06060606060606061,2,0.006734006734006734,8,0.026936026936026935,6,0.020202020202020204,2,0.006734006734006734,0,0.0,0,0.0,0,0.0,1,0.003367003367003367,0,0.0,0,0.0,0,0.0,1,0.003367003367003367,1,0.003367003367003367,0,0.0,0,0.0,2,0.006734006734006734,2,0.006734006734006734,2,0.006734006734006734,0,0.0,8,0.026936026936026935,297,1.0,ORIGEN,SECCION,COMPLETO
923,18,NAYARIT,TUXPAN,,,835,908,580,0.6387665198237885,0.3612334801762115,MC,216,0.3724137931034483,41,0.0706896551724138,MORENA,175,0.3017241379310345,144,0.2482758620689655,MLN,31,0.05344827586206897,MC,216,0.3724137931034483,41,0.0706896551724138,MORENA,175,0.3017241379310345,144,0.2482758620689655,MLN,31,0.05344827586206897,4,0.006896551724137931,20,0.034482758620689655,2,0.0034482758620689655,26,0.04482758620689655,17,0.029310344827586206,216,0.3724137931034483,175,0.3017241379310345,13,0.022413793103448276,13,0.022413793103448276,31,0.05344827586206897,4,0.006896551724137931,16,0.027586206896551724,7,0.01206896551724138,1,0.0017241379310344827,1,0.0017241379310344827,0,0.0,0,0.0,8,0.013793103448275862,1,0.0017241379310344827,3,0.005172413793103448,0,0.0,1,0.0017241379310344827,0,0.0,1,0.0017241379310344827,0,0.0,5,0.008620689655172414,0,0.0,0,0.0,0,0.0,15,0.02586206896551724,580,1.0,ORIGEN,SECCION,COMPLETO
924,18,NAYARIT,TUXPAN,,,836,929,729,0.7847147470398278,0.2152852529601722,MC,327,0.448559670781893,158,0.2167352537722908,MORENA,169,0.23182441700960219,94,0.1289437585733882,PRI,75,0.102880658436214,MC,327,0.448559670781893,158,0.2167352537722908,MORENA,169,0.23182441700960219,94,0.1289437585733882,PRI,75,0.102880658436214,24,0.03292181069958848,75,0.102880658436214,2,0.0027434842249657062,24,0.03292181069958848,23,0.03155006858710562,327,0.448559670781893,169,0.23182441700960219,14,0.019204389574759947,0,0.0,24,0.03292181069958848,0,0.0,19,0.02606310013717421,4,0.0054869684499314125,5,0.006858710562414266,0,0.0,0,0.0,0,0.0,1,0.0013717421124828531,0,0.0,0,0.0,1,0.0013717421124828531,1,0.0013717421124828531,0,0.0,0,0.0,0,0.0,1,0.0013717421124828531,0,0.0,0,0.0,0,0.0,15,0.0205761316872428,729,1.0,ORIGEN,SECCION,COMPLETO
925,18,NAYARIT,TUXPAN,,,837,992,646,0.6512096774193549,0.34879032258064513,MORENA,272,0.42105263157894735,129,0.1996904024767802,MC,143,0.22136222910216719,90,0.1393188854489164,PRI,53,0.08204334365325078,MORENA,272,0.42105263157894735,129,0.1996904024767802,MC,143,0.22136222910216719,90,0.1393188854489164,PRI,53,0.08204334365325078,9,0.01393188854489164,53,0.08204334365325078,9,0.01393188854489164,13,0.020123839009287926,11,0.017027863777089782,143,0.22136222910216719,272,0.42105263157894735,11,0.017027863777089782,11,0.017027863777089782,26,0.04024767801857585,3,0.0046439628482972135,48,0.07430340557275542,21,0.032507739938080496,0,0.0,0,0.0,0,0.0,0,0.0,0,0.0,0,0.0,0,0.0,0,0.0,0,0.0,0,0.0,0,0.0,0,0.0,0,0.0,0,0.0,0,0.0,0,0.0,16,0.02476780185758514,646,1.0,ORIGEN,SECCION,COMPLETO
926,18,NAYARIT,TUXPAN,,,838,979,609,0.6220633299284984,0.37793667007150156,MORENA,253,0.4154351395730706,159,0.26108374384236455,MC,94,0.15435139573070608,56,0.09195402298850575,RSP,38,0.06239737274220033,MORENA,253,0.4154351395730706,159,0.26108374384236455,MC,94,0.15435139573070608,56,0.09195402298850575,RSP,38,0.06239737274220033,8,0.013136288998357963,17,0.027914614121510674,2,0.003284072249589491,20,0.03284072249589491,11,0.0180623973727422,94,0.15435139573070608,253,0.4154351395730706,13,0.021346469622331693,30,0.04926108374384237,31,0.05090311986863711,2,0.003284072249589491,38,0.06239737274220033,18,0.029556650246305417,30,0.04926108374384237,0,0.0,0,0.0,0,0.0,0,0.0,0,0.0,0,0.0,0,0.0,0,0.0,0,0.0,0,0.0,0,0.0,0,0.0,0,0.0,0,0.0,0,0.0,42,0.06896551724137931,609,1.0,ORIGEN,SECCION,COMPLETO
927,18,NAYARIT,TUXPAN,,,839,806,461,0.5719602977667494,0.4280397022332506,MORENA,218,0.47288503253796094,146,0.31670281995661603,MC,72,0.1561822125813449,32,0.06941431670281996,PRI,40,0.08676789587852494,MORENA,218,0.47288503253796094,146,0.31670281995661603,MC,72,0.1561822125813449,32,0.06941431670281996,PRI,40,0.08676789587852494,15,0.03253796095444685,40,0.08676789587852494,0,0.0,12,0.026030368763557483,21,0.0455531453362256,72,0.1561822125813449,218,0.47288503253796094,5,0.010845986984815618,8,0.01735357917570499,31,0.06724511930585683,0,0.0,8,0.01735357917570499,3,0.006507592190889371,6,0.013015184381778741,1,0.0021691973969631237,0,0.0,0,0.0,6,0.013015184381778741,0,0.0,0,0.0,0,0.0,2,0.004338394793926247,1,0.0021691973969631237,3,0.006507592190889371,0,0.0,2,0.004338394793926247,0,0.0,0,0.0,1,0.0021691973969631237,6,0.013015184381778741,461,1.0,ORIGEN,SECCION,COMPLETO
928,18,NAYARIT,TUXPAN,,,840,620,374,0.603225806451613,0.39677419354838706,MORENA,168,0.44919786096256686,85,0.22727272727272727,MC,83,0.22192513368983957,60,0.16042780748663102,PRI,23,0.06149732620320856,MORENA,168,0.44919786096256686,85,0.22727272727272727,MC,83,0.22192513368983957,60,0.16042780748663102,PRI,23,0.06149732620320856,18,0.0481283422459893,23,0.06149732620320856,2,0.0053475935828877,13,0.034759358288770054,10,0.026737967914438502,83,0.22192513368983957,168,0.44919786096256686,4,0.0106951871657754,2,0.0053475935828877,9,0.02406417112299465,3,0.008021390374331552,11,0.029411764705882353,0,0.0,6,0.016042780748663103,0,0.0,0,0.0,0,0.0,6,0.016042780748663103,2,0.0053475935828877,1,0.00267379679144385,1,0.00267379679144385,0,0.0,0,0.0,0,0.0,0,0.0,1,0.00267379679144385,0,0.0,0,0.0,0,0.0,11,0.029411764705882353,374,1.0,ORIGEN,SECCION,COMPLETO
929,18,NAYARIT,TUXPAN,,,841,629,374,0.5945945945945946,0.4054054054054054,MORENA,132,0.35294117647058826,42,0.11229946524064172,MC,90,0.24064171122994651,59,0.15775401069518716,MLN,31,0.08288770053475936,MORENA,132,0.35294117647058826,42,0.11229946524064172,MC,90,0.24064171122994651,59,0.15775401069518716,MLN,31,0.08288770053475936,18,0.0481283422459893,10,0.026737967914438502,2,0.0053475935828877,25,0.06684491978609626,16,0.0427807486631016,90,0.24064171122994651,132,0.35294117647058826,10,0.026737967914438502,9,0.02406417112299465,31,0.08288770053475936,1,0.00267379679144385,3,0.008021390374331552,2,0.0053475935828877,2,0.0053475935828877,0,0.0,0,0.0,0,0.0,3,0.008021390374331552,0,0.0,0,0.0,0,0.0,1,0.00267379679144385,0,0.0,0,0.0,0,0.0,1,0.00267379679144385,1,0.00267379679144385,0,0.0,0,0.0,17,0.045454545454545456,374,1.0,ORIGEN,SECCION,COMPLETO
930,18,NAYARIT,TUXPAN,,,842,902,490,0.5432372505543237,0.4567627494456763,MORENA,166,0.33877551020408164,82,0.1673469387755102,MC,84,0.17142857142857143,37,0.07551020408163266,MLN,47,0.09591836734693877,MORENA,166,0.33877551020408164,82,0.1673469387755102,MC,84,0.17142857142857143,37,0.07551020408163266,MLN,47,0.09591836734693877,31,0.06326530612244897,23,0.04693877551020408,1,0.0020408163265306124,25,0.05102040816326531,11,0.022448979591836733,84,0.17142857142857143,166,0.33877551020408164,8,0.0163265306122449,20,0.04081632653061224,47,0.09591836734693877,5,0.01020408163265306,7,0.014285714285714285,1,0.0020408163265306124,5,0.01020408163265306,1,0.0020408163265306124,0,0.0,1,0.0020408163265306124,10,0.02040816326530612,1,0.0020408163265306124,0,0.0,0,0.0,3,0.006122448979591836,0,0.0,1,0.0020408163265306124,0,0.0,2,0.004081632653061225,0,0.0,4,0.00816326530612245,0,0.0,33,0.0673469387755102,490,1.0,ORIGEN,SECCION,COMPLETO
931,18,NAYARIT,TUXPAN,,,843,751,421,0.5605858854860186,0.4394141145139814,MORENA,133,0.3159144893111639,7,0.0166270783847981,MC,126,0.2992874109263658,99,0.23515439429928742,PRI,27,0.06413301662707839,MORENA,133,0.3159144893111639,7,0.0166270783847981,MC,126,0.2992874109263658,99,0.23515439429928742,PRI,27,0.06413301662707839,12,0.028503562945368172,27,0.06413301662707839,3,0.007125890736342043,21,0.0498812351543943,17,0.040380047505938245,126,0.2992874109263658,133,0.3159144893111639,13,0.030878859857482184,13,0.030878859857482184,20,0.047505938242280284,2,0.004750593824228029,6,0.014251781472684086,0,0.0,1,0.0023752969121140144,0,0.0,0,0.0,0,0.0,4,0.009501187648456057,7,0.0166270783847981,0,0.0,0,0.0,0,0.0,0,0.0,0,0.0,0,0.0,0,0.0,0,0.0,0,0.0,0,0.0,16,0.03800475059382423,421,1.0,ORIGEN,SECCION,COMPLETO
932,18,NAYARIT,XALISCO,,,844,5561,2735,0.4918180183420248,0.5081819816579751,MORENA,881,0.32212065813528334,346,0.12650822669104206,MC,535,0.1956124314442413,85,0.031078610603290677,PAN,450,0.16453382084095064,MORENA,881,0.32212065813528334,346,0.12650822669104206,MC,535,0.1956124314442413,85,0.031078610603290677,PAN,450,0.16453382084095064,450,0.16453382084095064,86,0.03144424131627057,16,0.005850091407678245,101,0.03692870201096892,71,0.025959780621572212,535,0.1956124314442413,881,0.32212065813528334,76,0.027787934186471665,30,0.010968921389396709,156,0.057038391224862886,16,0.005850091407678245,110,0.04021937842778794,24,0.008775137111517367,33,0.01206581352833638,7,0.002559414990859232,2,0.0007312614259597807,5,0.0018281535648994515,43,0.015722120658135285,15,0.005484460694698354,2,0.0007312614259597807,2,0.0007312614259597807,4,0.0014625228519195613,1,0.00036563071297989033,5,0.0018281535648994515,0,0.0,7,0.002559414990859232,0,0.0,8,0.0029250457038391227,0,0.0,49,0.017915904936014627,2735,1.0,ORIGEN,SECCION,COMPLETO
933,18,NAYARIT,XALISCO,,,845,4353,2479,0.569492304158052,0.43050769584194803,MORENA,822,0.3315853166599435,264,0.10649455425574829,MC,558,0.22509076240419523,295,0.1189995966115369,PAN,263,0.10609116579265833,MORENA,822,0.3315853166599435,264,0.10649455425574829,MC,558,0.22509076240419523,295,0.1189995966115369,PAN,263,0.10609116579265833,263,0.10609116579265833,84,0.033884630899556276,12,0.004840661557079467,115,0.0463896732553449,75,0.030254134731746672,558,0.22509076240419523,822,0.3315853166599435,58,0.023396530859217425,30,0.012101653892698669,100,0.04033884630899556,22,0.008874546187979023,97,0.0391286809197257,18,0.007260992335619202,40,0.016135538523598225,7,0.0028237192416296895,0,0.0,0,0.0,80,0.03227107704719645,10,0.004033884630899556,2,0.0008067769261799112,16,0.00645421540943929,8,0.003227107704719645,0,0.0,5,0.002016942315449778,0,0.0,7,0.0028237192416296895,1,0.0004033884630899556,7,0.0028237192416296895,2,0.0008067769261799112,40,0.016135538523598225,2479,1.0,ORIGEN,SECCION,COMPLETO
934,18,NAYARIT,XALISCO,,,846,1943,986,0.5074626865671642,0.4925373134328358,MORENA,288,0.2920892494929006,71,0.0720081135902637,MC,217,0.22008113590263692,114,0.11561866125760649,PAN,103,0.10446247464503043,MORENA,288,0.2920892494929006,71,0.0720081135902637,MC,217,0.22008113590263692,114,0.11561866125760649,PAN,103,0.10446247464503043,103,0.10446247464503043,26,0.02636916835699797,1,0.0010141987829614604,40,0.04056795131845842,21,0.02129817444219067,217,0.22008113590263692,288,0.2920892494929006,43,0.0436105476673428,13,0.013184584178498986,67,0.06795131845841786,12,0.012170385395537525,56,0.056795131845841784,11,0.011156186612576065,15,0.015212981744421906,3,0.0030425963488843813,0,0.0,0,0.0,15,0.015212981744421906,5,0.005070993914807302,7,0.007099391480730223,1,0.0010141987829614604,2,0.002028397565922921,1,0.0010141987829614604,4,0.004056795131845842,0,0.0,0,0.0,1,0.0010141987829614604,5,0.005070993914807302,1,0.0010141987829614604,28,0.028397565922920892,986,1.0,ORIGEN,SECCION,COMPLETO
935,18,NAYARIT,XALISCO,,,847,8849,4080,0.46106904734998305,0.538930952650017,MORENA,1198,0.29362745098039217,281,0.06887254901960785,MC,917,0.22475490196078432,352,0.08627450980392157,PAN,565,0.13848039215686275,MORENA,1198,0.29362745098039217,281,0.06887254901960785,MC,917,0.22475490196078432,352,0.08627450980392157,PAN,565,0.13848039215686275,565,0.13848039215686275,130,0.031862745098039214,22,0.005392156862745098,143,0.03504901960784314,132,0.03235294117647059,917,0.22475490196078432,1198,0.29362745098039217,111,0.027205882352941177,49,0.012009803921568628,250,0.061274509803921566,45,0.011029411764705883,176,0.043137254901960784,20,0.004901960784313725,35,0.00857843137254902,15,0.003676470588235294,1,0.00024509803921568627,4,0.000980392156862745,91,0.02230392156862745,23,0.005637254901960784,3,0.0007352941176470588,10,0.0024509803921568627,12,0.0029411764705882353,5,0.0012254901960784314,5,0.0012254901960784314,2,0.0004901960784313725,7,0.001715686274509804,3,0.0007352941176470588,19,0.004656862745098039,2,0.0004901960784313725,85,0.020833333333333332,4080,1.0,ORIGEN,SECCION,COMPLETO
936,18,NAYARIT,XALISCO,,,848,1778,1029,0.5787401574803149,0.42125984251968507,MORENA,386,0.3751214771622935,201,0.19533527696793002,MC,185,0.17978620019436345,77,0.07482993197278912,PAN,108,0.10495626822157435,MORENA,386,0.3751214771622935,201,0.19533527696793002,MC,185,0.17978620019436345,77,0.07482993197278912,PAN,108,0.10495626822157435,108,0.10495626822157435,21,0.02040816326530612,10,0.009718172983479106,36,0.03498542274052478,33,0.03206997084548105,185,0.17978620019436345,386,0.3751214771622935,29,0.028182701652089408,21,0.02040816326530612,48,0.04664723032069971,10,0.009718172983479106,47,0.0456754130223518,7,0.006802721088435374,11,0.010689990281827016,0,0.0,0,0.0,0,0.0,24,0.023323615160349854,8,0.007774538386783284,2,0.001943634596695821,2,0.001943634596695821,7,0.006802721088435374,2,0.001943634596695821,3,0.0029154518950437317,1,0.0009718172983479105,7,0.006802721088435374,0,0.0,2,0.001943634596695821,0,0.0,19,0.0184645286686103,1029,1.0,ORIGEN,SECCION,COMPLETO
937,18,NAYARIT,XALISCO,,,849,677,394,0.5819793205317577,0.4180206794682423,MORENA,139,0.35279187817258884,39,0.09898477157360407,MC,100,0.25380710659898476,78,0.19796954314720813,PAN,22,0.05583756345177665,MORENA,139,0.35279187817258884,39,0.09898477157360407,MC,100,0.25380710659898476,78,0.19796954314720813,PAN,22,0.05583756345177665,22,0.05583756345177665,12,0.030456852791878174,4,0.01015228426395939,14,0.03553299492385787,18,0.04568527918781726,100,0.25380710659898476,139,0.35279187817258884,19,0.048223350253807105,4,0.01015228426395939,12,0.030456852791878174,2,0.005076142131979695,8,0.02030456852791878,2,0.005076142131979695,5,0.012690355329949238,0,0.0,0,0.0,0,0.0,11,0.027918781725888325,5,0.012690355329949238,1,0.0025380710659898475,0,0.0,2,0.005076142131979695,1,0.0025380710659898475,1,0.0025380710659898475,1,0.0025380710659898475,2,0.005076142131979695,0,0.0,1,0.0025380710659898475,0,0.0,8,0.02030456852791878,394,1.0,ORIGEN,SECCION,COMPLETO
938,18,NAYARIT,XALISCO,,,850,2349,1290,0.5491698595146871,0.4508301404853129,MORENA,453,0.3511627906976744,155,0.12015503875968993,MC,298,0.2310077519379845,192,0.14883720930232558,PAN,106,0.08217054263565891,MORENA,453,0.3511627906976744,155,0.12015503875968993,MC,298,0.2310077519379845,192,0.14883720930232558,PAN,106,0.08217054263565891,106,0.08217054263565891,39,0.030232558139534883,5,0.003875968992248062,45,0.03488372093023256,53,0.04108527131782946,298,0.2310077519379845,453,0.3511627906976744,29,0.02248062015503876,8,0.006201550387596899,97,0.07519379844961241,8,0.006201550387596899,43,0.03333333333333333,9,0.0069767441860465115,19,0.014728682170542635,6,0.004651162790697674,1,0.0007751937984496124,0,0.0,19,0.014728682170542635,8,0.006201550387596899,1,0.0007751937984496124,2,0.0015503875968992248,5,0.003875968992248062,2,0.0015503875968992248,2,0.0015503875968992248,1,0.0007751937984496124,2,0.0015503875968992248,0,0.0,3,0.002325581395348837,0,0.0,26,0.020155038759689922,1290,1.0,ORIGEN,SECCION,COMPLETO
939,18,NAYARIT,XALISCO,,,851,835,600,0.718562874251497,0.281437125748503,MORENA,184,0.30666666666666664,27,0.045,MC,157,0.26166666666666666,100,0.16666666666666666,PAN,57,0.095,MORENA,184,0.30666666666666664,27,0.045,MC,157,0.26166666666666666,100,0.16666666666666666,PAN,57,0.095,57,0.095,13,0.021666666666666667,0,0.0,21,0.035,33,0.055,157,0.26166666666666666,184,0.30666666666666664,17,0.028333333333333332,6,0.01,43,0.07166666666666667,8,0.013333333333333334,21,0.035,3,0.005,6,0.01,0,0.0,0,0.0,0,0.0,15,0.025,1,0.0016666666666666668,0,0.0,0,0.0,1,0.0016666666666666668,0,0.0,0,0.0,0,0.0,1,0.0016666666666666668,2,0.0033333333333333335,0,0.0,0,0.0,11,0.018333333333333333,600,1.0,ORIGEN,SECCION,COMPLETO
940,18,NAYARIT,XALISCO,,,852,996,573,0.5753012048192772,0.42469879518072284,MORENA,169,0.2949389179755672,44,0.07678883071553229,MC,125,0.2181500872600349,39,0.06806282722513089,PAN,86,0.15008726003490402,MORENA,169,0.2949389179755672,44,0.07678883071553229,MC,125,0.2181500872600349,39,0.06806282722513089,PAN,86,0.15008726003490402,86,0.15008726003490402,13,0.02268760907504363,5,0.008726003490401396,31,0.05410122164048865,24,0.041884816753926704,125,0.2181500872600349,169,0.2949389179755672,9,0.015706806282722512,2,0.0034904013961605585,32,0.055846422338568937,3,0.005235602094240838,21,0.03664921465968586,5,0.008726003490401396,5,0.008726003490401396,3,0.005235602094240838,0,0.0,0,0.0,16,0.027923211169284468,3,0.005235602094240838,0,0.0,2,0.0034904013961605585,3,0.005235602094240838,1,0.0017452006980802793,1,0.0017452006980802793,0,0.0,2,0.0034904013961605585,0,0.0,2,0.0034904013961605585,0,0.0,10,0.017452006980802792,573,1.0,ORIGEN,SECCION,COMPLETO
941,18,NAYARIT,XALISCO,,,853,2086,1124,0.538830297219559,0.461169702780441,MORENA,302,0.26868327402135234,18,0.01601423487544484,MC,284,0.2526690391459075,188,0.16725978647686832,MLN,96,0.08540925266903915,MORENA,302,0.26868327402135234,18,0.01601423487544484,MC,284,0.2526690391459075,188,0.16725978647686832,MLN,96,0.08540925266903915,91,0.0809608540925267,31,0.027580071174377226,8,0.0071174377224199285,44,0.03914590747330961,51,0.045373665480427046,284,0.2526690391459075,302,0.26868327402135234,31,0.027580071174377226,11,0.009786476868327402,96,0.08540925266903915,12,0.010676156583629894,58,0.051601423487544484,2,0.0017793594306049821,14,0.012455516014234875,1,0.0008896797153024911,1,0.0008896797153024911,0,0.0,26,0.023131672597864767,2,0.0017793594306049821,1,0.0008896797153024911,3,0.0026690391459074734,4,0.0035587188612099642,6,0.005338078291814947,2,0.0017793594306049821,0,0.0,7,0.006227758007117438,0,0.0,4,0.0035587188612099642,0,0.0,32,0.028469750889679714,1124,1.0,ORIGEN,SECCION,COMPLETO
942,18,NAYARIT,XALISCO,,,854,1162,728,0.6265060240963856,0.37349397590361444,MORENA,224,0.3076923076923077,57,0.0782967032967033,MC,167,0.22939560439560439,88,0.12087912087912088,PAN,79,0.10851648351648352,MORENA,224,0.3076923076923077,57,0.0782967032967033,MC,167,0.22939560439560439,88,0.12087912087912088,PAN,79,0.10851648351648352,79,0.10851648351648352,26,0.03571428571428571,5,0.006868131868131868,30,0.04120879120879121,24,0.03296703296703297,167,0.22939560439560439,224,0.3076923076923077,25,0.034340659340659344,8,0.01098901098901099,45,0.061813186813186816,10,0.013736263736263736,28,0.038461538461538464,2,0.0027472527472527475,7,0.009615384615384616,2,0.0027472527472527475,0,0.0,0,0.0,9,0.012362637362637362,3,0.004120879120879121,0,0.0,5,0.006868131868131868,0,0.0,2,0.0027472527472527475,4,0.005494505494505495,0,0.0,5,0.006868131868131868,0,0.0,1,0.0013736263736263737,0,0.0,17,0.023351648351648352,728,1.0,ORIGEN,SECCION,COMPLETO
943,18,NAYARIT,XALISCO,,,855,1106,1063,0.961121157323689,0.03887884267631103,MORENA,323,0.30385700846660396,31,0.02916274694261524,MC,292,0.27469426152398874,198,0.18626528692380057,PAN,94,0.08842897460018814,MORENA,323,0.30385700846660396,31,0.02916274694261524,MC,292,0.27469426152398874,198,0.18626528692380057,PAN,94,0.08842897460018814,94,0.08842897460018814,20,0.01881467544684854,12,0.011288805268109126,44,0.041392285983066796,32,0.030103480714957668,292,0.27469426152398874,323,0.30385700846660396,25,0.023518344308560677,12,0.011288805268109126,52,0.04891815616180621,10,0.00940733772342427,60,0.05644402634054563,1,0.0009407337723424271,6,0.005644402634054563,4,0.0037629350893697085,1,0.0009407337723424271,0,0.0,25,0.023518344308560677,9,0.008466603951081843,1,0.0009407337723424271,1,0.0009407337723424271,4,0.0037629350893697085,2,0.0018814675446848542,2,0.0018814675446848542,2,0.0018814675446848542,2,0.0018814675446848542,1,0.0009407337723424271,4,0.0037629350893697085,0,0.0,22,0.020696142991533398,1063,1.0,ORIGEN,SECCION,COMPLETO
944,18,NAYARIT,XALISCO,,,856,809,433,0.5352286773794809,0.4647713226205191,MORENA,125,0.28868360277136257,28,0.06466512702078522,MC,97,0.22401847575057737,27,0.06235565819861432,PRI,70,0.16166281755196305,MORENA,125,0.28868360277136257,28,0.06466512702078522,MC,97,0.22401847575057737,27,0.06235565819861432,PRI,70,0.16166281755196305,18,0.04157043879907621,70,0.16166281755196305,1,0.0023094688221709007,11,0.025404157043879907,24,0.05542725173210162,97,0.22401847575057737,125,0.28868360277136257,10,0.023094688221709007,3,0.006928406466512702,23,0.053117782909930716,9,0.020785219399538105,24,0.05542725173210162,2,0.004618937644341801,0,0.0,0,0.0,0,0.0,0,0.0,1,0.0023094688221709007,0,0.0,0,0.0,0,0.0,1,0.0023094688221709007,0,0.0,0,0.0,0,0.0,2,0.004618937644341801,0,0.0,1,0.0023094688221709007,0,0.0,11,0.025404157043879907,433,1.0,ORIGEN,SECCION,COMPLETO
945,18,NAYARIT,XALISCO,,,857,1369,686,0.5010956902848794,0.49890430971512056,MORENA,251,0.36588921282798836,141,0.2055393586005831,MC,110,0.16034985422740525,18,0.026239067055393587,RSP,92,0.13411078717201166,MORENA,251,0.36588921282798836,141,0.2055393586005831,MC,110,0.16034985422740525,18,0.026239067055393587,RSP,92,0.13411078717201166,78,0.11370262390670553,19,0.027696793002915453,1,0.0014577259475218659,18,0.026239067055393587,17,0.02478134110787172,110,0.16034985422740525,251,0.36588921282798836,14,0.02040816326530612,9,0.013119533527696793,13,0.018950437317784258,19,0.027696793002915453,92,0.13411078717201166,1,0.0014577259475218659,8,0.011661807580174927,1,0.0014577259475218659,1,0.0014577259475218659,0,0.0,5,0.007288629737609329,6,0.008746355685131196,0,0.0,1,0.0014577259475218659,0,0.0,0,0.0,4,0.0058309037900874635,6,0.008746355685131196,0,0.0,0,0.0,0,0.0,0,0.0,12,0.01749271137026239,686,1.0,ORIGEN,SECCION,COMPLETO
946,18,NAYARIT,XALISCO,,,858,1452,774,0.5330578512396694,0.4669421487603306,MORENA,257,0.33204134366925064,79,0.1020671834625323,MC,178,0.22997416020671835,76,0.09819121447028424,PAN,102,0.13178294573643412,MORENA,257,0.33204134366925064,79,0.1020671834625323,MC,178,0.22997416020671835,76,0.09819121447028424,PAN,102,0.13178294573643412,102,0.13178294573643412,16,0.020671834625323,4,0.00516795865633075,22,0.028423772609819122,22,0.028423772609819122,178,0.22997416020671835,257,0.33204134366925064,22,0.028423772609819122,12,0.015503875968992248,20,0.025839793281653745,8,0.0103359173126615,45,0.05813953488372093,2,0.002583979328165375,10,0.012919896640826873,1,0.0012919896640826874,0,0.0,0,0.0,14,0.01808785529715762,0,0.0,1,0.0012919896640826874,0,0.0,7,0.00904392764857881,1,0.0012919896640826874,3,0.003875968992248062,0,0.0,7,0.00904392764857881,1,0.0012919896640826874,3,0.003875968992248062,0,0.0,16,0.020671834625323,774,1.0,ORIGEN,SECCION,COMPLETO
947,18,NAYARIT,XALISCO,,,859,1913,1186,0.6199686356508103,0.3800313643491897,MORENA,471,0.3971332209106239,198,0.16694772344013492,MC,273,0.23018549747048903,160,0.13490725126475547,RSP,113,0.09527824620573355,MORENA,471,0.3971332209106239,198,0.16694772344013492,MC,273,0.23018549747048903,160,0.13490725126475547,RSP,113,0.09527824620573355,64,0.05396290050590219,23,0.0193929173693086,6,0.00505902192242833,34,0.02866779089376054,49,0.04131534569983136,273,0.23018549747048903,471,0.3971332209106239,21,0.01770657672849916,3,0.002529510961214165,26,0.021922428330522766,12,0.01011804384485666,113,0.09527824620573355,11,0.00927487352445194,5,0.0042158516020236085,1,0.0008431703204047217,1,0.0008431703204047217,2,0.0016863406408094434,15,0.012647554806070826,5,0.0042158516020236085,0,0.0,4,0.003372681281618887,2,0.0016863406408094434,3,0.002529510961214165,3,0.002529510961214165,1,0.0008431703204047217,10,0.008431703204047217,0,0.0,4,0.003372681281618887,0,0.0,24,0.02023608768971332,1186,1.0,ORIGEN,SECCION,COMPLETO
948,18,NAYARIT,XALISCO,,,860,513,282,0.5497076023391813,0.45029239766081874,MORENA,100,0.3546099290780142,48,0.1702127659574468,MC,52,0.18439716312056736,18,0.06382978723404255,PAN,34,0.12056737588652482,MORENA,100,0.3546099290780142,48,0.1702127659574468,MC,52,0.18439716312056736,18,0.06382978723404255,PAN,34,0.12056737588652482,34,0.12056737588652482,23,0.08156028368794327,3,0.010638297872340425,18,0.06382978723404255,6,0.02127659574468085,52,0.18439716312056736,100,0.3546099290780142,5,0.01773049645390071,0,0.0,3,0.010638297872340425,6,0.02127659574468085,4,0.014184397163120567,1,0.0035460992907801418,1,0.0035460992907801418,1,0.0035460992907801418,0,0.0,0,0.0,3,0.010638297872340425,6,0.02127659574468085,2,0.0070921985815602835,0,0.0,1,0.0035460992907801418,2,0.0070921985815602835,0,0.0,0,0.0,1,0.0035460992907801418,0,0.0,0,0.0,0,0.0,10,0.03546099290780142,282,1.0,ORIGEN,SECCION,COMPLETO
949,18,NAYARIT,XALISCO,,,861,912,532,0.5833333333333334,0.41666666666666663,MORENA,213,0.40037593984962405,107,0.20112781954887218,MC,106,0.19924812030075187,51,0.09586466165413533,RSP,55,0.10338345864661654,MORENA,213,0.40037593984962405,107,0.20112781954887218,MC,106,0.19924812030075187,51,0.09586466165413533,RSP,55,0.10338345864661654,23,0.043233082706766915,7,0.013157894736842105,0,0.0,24,0.045112781954887216,26,0.04887218045112782,106,0.19924812030075187,213,0.40037593984962405,8,0.015037593984962405,7,0.013157894736842105,22,0.041353383458646614,2,0.0037593984962406013,55,0.10338345864661654,3,0.005639097744360902,3,0.005639097744360902,0,0.0,0,0.0,0,0.0,8,0.015037593984962405,1,0.0018796992481203006,1,0.0018796992481203006,0,0.0,1,0.0018796992481203006,1,0.0018796992481203006,3,0.005639097744360902,1,0.0018796992481203006,1,0.0018796992481203006,2,0.0037593984962406013,2,0.0037593984962406013,0,0.0,12,0.022556390977443608,532,1.0,ORIGEN,SECCION,COMPLETO
950,18,NAYARIT,XALISCO,,,862,849,478,0.5630153121319199,0.4369846878680801,MC,133,0.27824267782426776,1,0.0020920502092050207,MORENA,132,0.27615062761506276,85,0.17782426778242677,RSP,47,0.09832635983263599,MC,133,0.27824267782426776,1,0.0020920502092050207,MORENA,132,0.27615062761506276,85,0.17782426778242677,RSP,47,0.09832635983263599,16,0.03347280334728033,37,0.07740585774058577,0,0.0,10,0.02092050209205021,31,0.06485355648535565,133,0.27824267782426776,132,0.27615062761506276,12,0.02510460251046025,2,0.0041841004184100415,5,0.010460251046025104,7,0.014644351464435146,47,0.09832635983263599,1,0.0020920502092050207,2,0.0041841004184100415,0,0.0,0,0.0,0,0.0,9,0.01882845188284519,1,0.0020920502092050207,1,0.0020920502092050207,1,0.0020920502092050207,1,0.0020920502092050207,1,0.0020920502092050207,1,0.0020920502092050207,2,0.0041841004184100415,5,0.010460251046025104,1,0.0020920502092050207,0,0.0,3,0.006276150627615063,17,0.03556485355648536,478,1.0,ORIGEN,SECCION,COMPLETO
951,18,NAYARIT,XALISCO,,,863,497,240,0.482897384305835,0.5171026156941649,MORENA,73,0.30416666666666664,28,0.11666666666666667,MC,45,0.1875,18,0.075,RSP,27,0.1125,MORENA,73,0.30416666666666664,28,0.11666666666666667,MC,45,0.1875,18,0.075,RSP,27,0.1125,8,0.03333333333333333,23,0.09583333333333334,0,0.0,2,0.008333333333333333,21,0.0875,45,0.1875,73,0.30416666666666664,5,0.020833333333333332,2,0.008333333333333333,3,0.0125,6,0.025,27,0.1125,1,0.004166666666666667,2,0.008333333333333333,0,0.0,0,0.0,0,0.0,4,0.016666666666666666,1,0.004166666666666667,0,0.0,1,0.004166666666666667,1,0.004166666666666667,1,0.004166666666666667,1,0.004166666666666667,2,0.008333333333333333,0,0.0,1,0.004166666666666667,0,0.0,3,0.0125,7,0.029166666666666667,240,1.0,ORIGEN,SECCION,COMPLETO
952,18,NAYARIT,XALISCO,,,864,1692,898,0.5307328605200946,0.4692671394799054,MC,276,0.30734966592427615,61,0.06792873051224944,MORENA,215,0.23942093541202672,106,0.11804008908685969,PAN,109,0.12138084632516703,MC,276,0.30734966592427615,61,0.06792873051224944,MORENA,215,0.23942093541202672,106,0.11804008908685969,PAN,109,0.12138084632516703,109,0.12138084632516703,22,0.024498886414253896,3,0.0033407572383073497,25,0.02783964365256125,50,0.0556792873051225,276,0.30734966592427615,215,0.23942093541202672,24,0.026726057906458798,5,0.005567928730512249,32,0.035634743875278395,14,0.015590200445434299,25,0.02783964365256125,6,0.0066815144766146995,19,0.021158129175946547,13,0.014476614699331848,0,0.0,0,0.0,14,0.015590200445434299,2,0.0022271714922048997,2,0.0022271714922048997,2,0.0022271714922048997,0,0.0,2,0.0022271714922048997,3,0.0033407572383073497,0,0.0,1,0.0011135857461024498,2,0.0022271714922048997,3,0.0033407572383073497,0,0.0,29,0.03229398663697105,898,1.0,ORIGEN,SECCION,COMPLETO
953,18,NAYARIT,XALISCO,,,865,1017,583,0.5732546705998034,0.4267453294001966,MORENA,220,0.37735849056603776,52,0.08919382504288165,MC,168,0.2881646655231561,127,0.21783876500857632,PAN,41,0.07032590051457976,MORENA,220,0.37735849056603776,52,0.08919382504288165,MC,168,0.2881646655231561,127,0.21783876500857632,PAN,41,0.07032590051457976,41,0.07032590051457976,22,0.03773584905660377,3,0.005145797598627788,17,0.029159519725557463,12,0.02058319039451115,168,0.2881646655231561,220,0.37735849056603776,11,0.018867924528301886,2,0.003430531732418525,7,0.012006861063464836,26,0.044596912521440824,12,0.02058319039451115,0,0.0,3,0.005145797598627788,1,0.0017152658662092624,0,0.0,2,0.003430531732418525,5,0.008576329331046312,1,0.0017152658662092624,1,0.0017152658662092624,5,0.008576329331046312,1,0.0017152658662092624,0,0.0,1,0.0017152658662092624,1,0.0017152658662092624,4,0.00686106346483705,0,0.0,5,0.008576329331046312,0,0.0,12,0.02058319039451115,583,1.0,ORIGEN,SECCION,COMPLETO
954,18,NAYARIT,XALISCO,,,982,1141,334,0.2927256792287467,0.7072743207712533,MORENA,126,0.3772455089820359,77,0.23053892215568864,MC,49,0.1467065868263473,22,0.0658682634730539,PRI,27,0.08083832335329341,MORENA,126,0.3772455089820359,77,0.23053892215568864,MC,49,0.1467065868263473,22,0.0658682634730539,PRI,27,0.08083832335329341,18,0.05389221556886228,27,0.08083832335329341,5,0.014970059880239521,23,0.0688622754491018,16,0.04790419161676647,49,0.1467065868263473,126,0.3772455089820359,7,0.020958083832335328,1,0.0029940119760479044,4,0.011976047904191617,15,0.04491017964071856,8,0.023952095808383235,1,0.0029940119760479044,3,0.008982035928143712,1,0.0029940119760479044,0,0.0,2,0.005988023952095809,8,0.023952095808383235,6,0.017964071856287425,0,0.0,3,0.008982035928143712,1,0.0029940119760479044,0,0.0,0,0.0,1,0.0029940119760479044,4,0.011976047904191617,0,0.0,0,0.0,0,0.0,5,0.014970059880239521,334,1.0,ORIGEN,SECCION,COMPLETO
955,18,NAYARIT,XALISCO,,,983,505,303,0.6,0.4,MORENA,101,0.3333333333333333,23,0.07590759075907591,MC,78,0.25742574257425743,50,0.16501650165016502,PAN,28,0.0924092409240924,MORENA,101,0.3333333333333333,23,0.07590759075907591,MC,78,0.25742574257425743,50,0.16501650165016502,PAN,28,0.0924092409240924,28,0.0924092409240924,10,0.033003300330033,1,0.0033003300330033004,10,0.033003300330033,9,0.0297029702970297,78,0.25742574257425743,101,0.3333333333333333,8,0.026402640264026403,1,0.0033003300330033004,21,0.06930693069306931,5,0.0165016501650165,7,0.0231023102310231,3,0.009900990099009901,3,0.009900990099009901,0,0.0,0,0.0,0,0.0,8,0.026402640264026403,2,0.006600660066006601,0,0.0,0,0.0,0,0.0,0,0.0,1,0.0033003300330033004,0,0.0,1,0.0033003300330033004,2,0.006600660066006601,0,0.0,0,0.0,4,0.013201320132013201,303,1.0,ORIGEN,SECCION,COMPLETO
