#,CVE_ENTIDAD,ENTIDAD,MUNICIPIO,DF,DL,SECCION,LISTA_NOMINAL,VOTOS_EMITIDOS,PARTICIPACION,ABSTENCION,1ER_LUGAR,1ERO_VOTOS,PCN,DIF_VOTOS_2DO,DIF_PCN_2DO,2DO_LUGAR,2DO_VOTOS,PCN,DIF_VOTOS_3RO,DIF_PCN_3RO,3ER_LUGAR,3RO_VOTOS,PCN,1PP_MV,VOTOS,PCN,DIF_2DO,PCN,2PP_MV,VOTOS,PCN,DIF_3RO,PCN,3PP_MV,VOTOS,PCN,UNIDOS_CONTIGO,PCN,PT,PCN,PVEM,PCN,MC,PCN,MORENA,PCN,BCSC,PCN,PNABCS,PCN,PES,PCN,RSP,PCN,FxM,PCN,RAMON_ALEJO_PARRA_OJEDA,PCN,MORENA_PT,PCN,CNR,PCN,NULOS,PCN,TOT_VOTOS,VALIDACION,LN_FUENTE,NIVEL,DESGLOSE_PARTIDOS,MUNICIPIO_FUENTE
1,3,BAJA CALIFORNIA SUR,COMONDU,,10,11,422,248,0.5876777251184834,0.4123222748815166,MORENA,106,0.4274193548387097,21,0.0846774193548387,UNIDOS_CONTIGO,85,0.34274193548387094,73,0.29435483870967744,PT,12,0.04838709677419355,MORENA,106,0.4274193548387097,21,0.0846774193548387,UNIDOS_CONTIGO,85,0.34274193548387094,73,0.29435483870967744,PT,12,0.04838709677419355,85,0.34274193548387094,12,0.04838709677419355,3,0.012096774193548387,3,0.012096774193548387,106,0.4274193548387097,0,0.0,2,0.008064516129032258,1,0.004032258064516129,3,0.012096774193548387,12,0.04838709677419355,0,0.0,12,0.04838709677419355,0,0.0,9,0.036290322580645164,248,1.0,INE_DIPUTACIONES_FED_2021,SECCION,PARCIAL,CATALOGO_INE_2026
2,3,BAJA CALIFORNIA SUR,COMONDU,,10,12,342,201,0.5877192982456141,0.4122807017543859,UNIDOS_CONTIGO,90,0.44776119402985076,27,0.13432835820895522,MORENA,63,0.31343283582089554,46,0.22885572139303484,PT,17,0.0845771144278607,UNIDOS_CONTIGO,90,0.44776119402985076,27,0.13432835820895522,MORENA,63,0.31343283582089554,46,0.22885572139303484,PT,17,0.0845771144278607,90,0.44776119402985076,17,0.0845771144278607,9,0.04477611940298507,2,0.009950248756218905,63,0.31343283582089554,1,0.004975124378109453,2,0.009950248756218905,0,0.0,0,0.0,6,0.029850746268656716,1,0.004975124378109453,7,0.03482587064676617,0,0.0,3,0.014925373134328358,201,1.0,INE_DIPUTACIONES_FED_2021,SECCION,PARCIAL,CATALOGO_INE_2026
3,3,BAJA CALIFORNIA SUR,COMONDU,,10,13,1106,616,0.5569620253164557,0.44303797468354433,UNIDOS_CONTIGO,239,0.387987012987013,7,0.011363636363636364,MORENA,232,0.37662337662337664,178,0.288961038961039,PT,54,0.08766233766233766,UNIDOS_CONTIGO,239,0.387987012987013,7,0.011363636363636364,MORENA,232,0.37662337662337664,178,0.288961038961039,PT,54,0.08766233766233766,239,0.387987012987013,54,0.08766233766233766,16,0.025974025974025976,11,0.017857142857142856,232,0.37662337662337664,3,0.00487012987012987,7,0.011363636363636364,0,0.0,1,0.0016233766233766235,28,0.045454545454545456,2,0.003246753246753247,17,0.027597402597402596,0,0.0,6,0.00974025974025974,616,1.0,INE_DIPUTACIONES_FED_2021,SECCION,PARCIAL,CATALOGO_INE_2026
4,3,BAJA CALIFORNIA SUR,COMONDU,,10,14,1228,663,0.5399022801302932,0.4600977198697068,UNIDOS_CONTIGO,276,0.416289592760181,58,0.08748114630467571,MORENA,218,0.3288084464555053,171,0.2579185520361991,PT,47,0.07088989441930618,UNIDOS_CONTIGO,276,0.416289592760181,58,0.08748114630467571,MORENA,218,0.3288084464555053,171,0.2579185520361991,PT,47,0.07088989441930618,276,0.416289592760181,47,0.07088989441930618,24,0.03619909502262444,9,0.013574660633484163,218,0.3288084464555053,7,0.010558069381598794,3,0.004524886877828055,1,0.0015082956259426848,1,0.0015082956259426848,25,0.03770739064856712,4,0.006033182503770739,30,0.04524886877828054,0,0.0,18,0.027149321266968326,663,1.0,INE_DIPUTACIONES_FED_2021,SECCION,PARCIAL,CATALOGO_INE_2026
5,3,BAJA CALIFORNIA SUR,COMONDU,,10,15,604,381,0.6307947019867549,0.3692052980132451,UNIDOS_CONTIGO,146,0.38320209973753283,16,0.04199475065616798,MORENA,130,0.34120734908136485,95,0.24934383202099739,PT,35,0.09186351706036745,UNIDOS_CONTIGO,146,0.38320209973753283,16,0.04199475065616798,MORENA,130,0.34120734908136485,95,0.24934383202099739,PT,35,0.09186351706036745,146,0.38320209973753283,35,0.09186351706036745,19,0.049868766404199474,3,0.007874015748031496,130,0.34120734908136485,1,0.0026246719160104987,1,0.0026246719160104987,1,0.0026246719160104987,0,0.0,20,0.05249343832020997,2,0.005249343832020997,13,0.03412073490813648,0,0.0,10,0.026246719160104987,381,1.0,INE_DIPUTACIONES_FED_2021,SECCION,PARCIAL,CATALOGO_INE_2026
6,3,BAJA CALIFORNIA SUR,COMONDU,,10,16,995,647,0.650251256281407,0.349748743718593,UNIDOS_CONTIGO,250,0.38639876352395675,14,0.021638330757341576,MORENA,236,0.36476043276661513,171,0.2642967542503864,PT,65,0.10046367851622875,UNIDOS_CONTIGO,250,0.38639876352395675,14,0.021638330757341576,MORENA,236,0.36476043276661513,171,0.2642967542503864,PT,65,0.10046367851622875,250,0.38639876352395675,65,0.10046367851622875,16,0.02472952086553323,9,0.013910355486862442,236,0.36476043276661513,0,0.0,2,0.0030911901081916537,3,0.00463678516228748,0,0.0,41,0.0633693972179289,4,0.0061823802163833074,13,0.02009273570324575,0,0.0,8,0.012364760432766615,647,1.0,INE_DIPUTACIONES_FED_2021,SECCION,PARCIAL,CATALOGO_INE_2026
7,3,BAJA CALIFORNIA SUR,COMONDU,,10,17,449,315,0.7015590200445434,0.2984409799554566,MORENA,123,0.3904761904761905,12,0.0380952380952381,UNIDOS_CONTIGO,111,0.3523809523809524,77,0.24444444444444444,PT,34,0.10793650793650794,MORENA,123,0.3904761904761905,12,0.0380952380952381,UNIDOS_CONTIGO,111,0.3523809523809524,77,0.24444444444444444,PT,34,0.10793650793650794,111,0.3523809523809524,34,0.10793650793650794,5,0.015873015873015872,7,0.022222222222222223,123,0.3904761904761905,2,0.006349206349206349,2,0.006349206349206349,3,0.009523809523809525,0,0.0,12,0.0380952380952381,2,0.006349206349206349,9,0.02857142857142857,0,0.0,5,0.015873015873015872,315,1.0,INE_DIPUTACIONES_FED_2021,SECCION,PARCIAL,CATALOGO_INE_2026
8,3,BAJA CALIFORNIA SUR,COMONDU,,10,20,1268,643,0.5070977917981072,0.4929022082018928,MORENA,248,0.3856920684292379,81,0.12597200622083982,UNIDOS_CONTIGO,167,0.25972006220839816,92,0.14307931570762053,PT,75,0.1166407465007776,MORENA,248,0.3856920684292379,81,0.12597200622083982,UNIDOS_CONTIGO,167,0.25972006220839816,92,0.14307931570762053,PT,75,0.1166407465007776,167,0.25972006220839816,75,0.1166407465007776,21,0.03265940902021773,10,0.015552099533437015,248,0.3856920684292379,3,0.004665629860031105,3,0.004665629860031105,1,0.0015552099533437014,4,0.006220839813374806,63,0.09797822706065319,2,0.003110419906687403,25,0.038880248833592534,1,0.0015552099533437014,20,0.03110419906687403,643,1.0,INE_DIPUTACIONES_FED_2021,SECCION,PARCIAL,CATALOGO_INE_2026
9,3,BAJA CALIFORNIA SUR,COMONDU,,10,21,1091,604,0.5536205316223648,0.4463794683776352,UNIDOS_CONTIGO,210,0.347682119205298,7,0.011589403973509934,MORENA,203,0.3360927152317881,134,0.22185430463576158,PT,69,0.11423841059602649,UNIDOS_CONTIGO,210,0.347682119205298,7,0.011589403973509934,MORENA,203,0.3360927152317881,134,0.22185430463576158,PT,69,0.11423841059602649,210,0.347682119205298,69,0.11423841059602649,14,0.023178807947019868,10,0.016556291390728478,203,0.3360927152317881,3,0.004966887417218543,3,0.004966887417218543,3,0.004966887417218543,1,0.0016556291390728477,42,0.0695364238410596,1,0.0016556291390728477,22,0.03642384105960265,0,0.0,23,0.0380794701986755,604,1.0,INE_DIPUTACIONES_FED_2021,SECCION,PARCIAL,CATALOGO_INE_2026
10,3,BAJA CALIFORNIA SUR,COMONDU,,10,22,2095,1083,0.516945107398568,0.483054892601432,UNIDOS_CONTIGO,390,0.3601108033240997,39,0.036011080332409975,MORENA,351,0.32409972299168976,225,0.2077562326869806,PT,126,0.11634349030470914,UNIDOS_CONTIGO,390,0.3601108033240997,39,0.036011080332409975,MORENA,351,0.32409972299168976,225,0.2077562326869806,PT,126,0.11634349030470914,390,0.3601108033240997,126,0.11634349030470914,38,0.03508771929824561,18,0.01662049861495845,351,0.32409972299168976,6,0.00554016620498615,2,0.0018467220683287165,5,0.0046168051708217915,4,0.003693444136657433,73,0.06740535549399815,7,0.006463527239150508,26,0.024007386888273315,0,0.0,37,0.034164358264081256,1083,1.0,INE_DIPUTACIONES_FED_2021,SECCION,PARCIAL,CATALOGO_INE_2026
11,3,BAJA CALIFORNIA SUR,COMONDU,,10,23,866,535,0.6177829099307159,0.38221709006928406,MORENA,217,0.405607476635514,30,0.056074766355140186,UNIDOS_CONTIGO,187,0.34953271028037386,146,0.27289719626168224,PT,41,0.07663551401869159,MORENA,217,0.405607476635514,30,0.056074766355140186,UNIDOS_CONTIGO,187,0.34953271028037386,146,0.27289719626168224,PT,41,0.07663551401869159,187,0.34953271028037386,41,0.07663551401869159,12,0.022429906542056073,12,0.022429906542056073,217,0.405607476635514,3,0.005607476635514018,3,0.005607476635514018,0,0.0,1,0.001869158878504673,34,0.06355140186915888,1,0.001869158878504673,3,0.005607476635514018,0,0.0,21,0.03925233644859813,535,1.0,INE_DIPUTACIONES_FED_2021,SECCION,PARCIAL,CATALOGO_INE_2026
12,3,BAJA CALIFORNIA SUR,COMONDU,,10,24,685,379,0.5532846715328467,0.44671532846715334,MORENA,145,0.38258575197889183,18,0.047493403693931395,UNIDOS_CONTIGO,127,0.33509234828496043,101,0.26649076517150394,PT,26,0.06860158311345646,MORENA,145,0.38258575197889183,18,0.047493403693931395,UNIDOS_CONTIGO,127,0.33509234828496043,101,0.26649076517150394,PT,26,0.06860158311345646,127,0.33509234828496043,26,0.06860158311345646,13,0.03430079155672823,5,0.013192612137203167,145,0.38258575197889183,2,0.005277044854881266,2,0.005277044854881266,2,0.005277044854881266,1,0.002638522427440633,24,0.0633245382585752,1,0.002638522427440633,20,0.052770448548812667,0,0.0,11,0.029023746701846966,379,1.0,INE_DIPUTACIONES_FED_2021,SECCION,PARCIAL,CATALOGO_INE_2026
13,3,BAJA CALIFORNIA SUR,COMONDU,,10,25,918,493,0.5370370370370371,0.4629629629629629,MORENA,181,0.3671399594320487,14,0.028397565922920892,UNIDOS_CONTIGO,167,0.33874239350912777,126,0.25557809330628806,PT,41,0.08316430020283976,MORENA,181,0.3671399594320487,14,0.028397565922920892,UNIDOS_CONTIGO,167,0.33874239350912777,126,0.25557809330628806,PT,41,0.08316430020283976,167,0.33874239350912777,41,0.08316430020283976,10,0.02028397565922921,19,0.038539553752535496,181,0.3671399594320487,1,0.002028397565922921,4,0.008113590263691683,6,0.012170385395537525,3,0.006085192697768763,21,0.04259634888438134,1,0.002028397565922921,21,0.04259634888438134,1,0.002028397565922921,17,0.034482758620689655,493,1.0,INE_DIPUTACIONES_FED_2021,SECCION,PARCIAL,CATALOGO_INE_2026
14,3,BAJA CALIFORNIA SUR,COMONDU,,10,26,933,521,0.5584137191854234,0.4415862808145766,UNIDOS_CONTIGO,197,0.3781190019193858,20,0.03838771593090211,MORENA,177,0.3397312859884837,124,0.2380038387715931,PT,53,0.1017274472168906,UNIDOS_CONTIGO,197,0.3781190019193858,20,0.03838771593090211,MORENA,177,0.3397312859884837,124,0.2380038387715931,PT,53,0.1017274472168906,197,0.3781190019193858,53,0.1017274472168906,20,0.03838771593090211,9,0.01727447216890595,177,0.3397312859884837,1,0.0019193857965451055,3,0.005758157389635317,1,0.0019193857965451055,3,0.005758157389635317,22,0.04222648752399232,0,0.0,20,0.03838771593090211,1,0.0019193857965451055,14,0.026871401151631478,521,1.0,INE_DIPUTACIONES_FED_2021,SECCION,PARCIAL,CATALOGO_INE_2026
15,3,BAJA CALIFORNIA SUR,COMONDU,,10,27,916,509,0.5556768558951966,0.44432314410480345,UNIDOS_CONTIGO,175,0.343811394891945,7,0.0137524557956778,MORENA,168,0.3300589390962672,118,0.2318271119842829,PT,50,0.09823182711198428,UNIDOS_CONTIGO,175,0.343811394891945,7,0.0137524557956778,MORENA,168,0.3300589390962672,118,0.2318271119842829,PT,50,0.09823182711198428,175,0.343811394891945,50,0.09823182711198428,14,0.0275049115913556,12,0.023575638506876228,168,0.3300589390962672,6,0.011787819253438114,1,0.0019646365422396855,5,0.009823182711198428,2,0.003929273084479371,31,0.060903732809430254,3,0.005893909626719057,21,0.0412573673870334,0,0.0,21,0.0412573673870334,509,1.0,INE_DIPUTACIONES_FED_2021,SECCION,PARCIAL,CATALOGO_INE_2026
16,3,BAJA CALIFORNIA SUR,COMONDU,,10,28,3299,1570,0.47590178842073355,0.5240982115792665,UNIDOS_CONTIGO,519,0.3305732484076433,3,0.001910828025477707,MORENA,516,0.3286624203821656,370,0.2356687898089172,PT,146,0.0929936305732484,UNIDOS_CONTIGO,519,0.3305732484076433,3,0.001910828025477707,MORENA,516,0.3286624203821656,370,0.2356687898089172,PT,146,0.0929936305732484,519,0.3305732484076433,146,0.0929936305732484,48,0.030573248407643312,48,0.030573248407643312,516,0.3286624203821656,11,0.0070063694267515925,15,0.009554140127388535,4,0.0025477707006369425,5,0.0031847133757961785,145,0.09235668789808917,4,0.0025477707006369425,52,0.033121019108280254,0,0.0,57,0.03630573248407643,1570,1.0,INE_DIPUTACIONES_FED_2021,SECCION,PARCIAL,CATALOGO_INE_2026
17,3,BAJA CALIFORNIA SUR,COMONDU,,10,29,1565,839,0.5361022364217253,0.4638977635782747,MORENA,301,0.35876042908224076,27,0.03218116805721097,UNIDOS_CONTIGO,274,0.3265792610250298,191,0.22765196662693682,PT,83,0.09892729439809297,MORENA,301,0.35876042908224076,27,0.03218116805721097,UNIDOS_CONTIGO,274,0.3265792610250298,191,0.22765196662693682,PT,83,0.09892729439809297,274,0.3265792610250298,83,0.09892729439809297,31,0.03694874851013111,15,0.017878426698450536,301,0.35876042908224076,5,0.0059594755661501785,3,0.003575685339690107,8,0.009535160905840286,5,0.0059594755661501785,45,0.05363528009535161,6,0.007151370679380214,36,0.04290822407628129,0,0.0,27,0.03218116805721097,839,1.0,INE_DIPUTACIONES_FED_2021,SECCION,PARCIAL,CATALOGO_INE_2026
18,3,BAJA CALIFORNIA SUR,COMONDU,,10,30,1867,923,0.4943760042849491,0.5056239957150509,MORENA,300,0.3250270855904659,7,0.007583965330444204,UNIDOS_CONTIGO,293,0.3174431202600217,205,0.2221018418201517,FxM,88,0.09534127843986999,MORENA,300,0.3250270855904659,7,0.007583965330444204,UNIDOS_CONTIGO,293,0.3174431202600217,205,0.2221018418201517,FxM,88,0.09534127843986999,293,0.3174431202600217,85,0.09209100758396534,52,0.056338028169014086,12,0.013001083423618635,300,0.3250270855904659,7,0.007583965330444204,6,0.0065005417118093175,10,0.010834236186348862,0,0.0,88,0.09534127843986999,2,0.0021668472372697724,32,0.03466955579631636,0,0.0,36,0.0390032502708559,923,1.0,INE_DIPUTACIONES_FED_2021,SECCION,PARCIAL,CATALOGO_INE_2026
19,3,BAJA CALIFORNIA SUR,COMONDU,,10,31,999,593,0.5935935935935935,0.40640640640640646,MORENA,217,0.36593591905564926,14,0.023608768971332208,UNIDOS_CONTIGO,203,0.342327150084317,160,0.26981450252951095,PT,43,0.07251264755480608,MORENA,217,0.36593591905564926,14,0.023608768971332208,UNIDOS_CONTIGO,203,0.342327150084317,160,0.26981450252951095,PT,43,0.07251264755480608,203,0.342327150084317,43,0.07251264755480608,19,0.03204047217537943,11,0.01854974704890388,217,0.36593591905564926,4,0.006745362563237774,0,0.0,4,0.006745362563237774,7,0.011804384485666104,37,0.06239460370994941,2,0.003372681281618887,15,0.025295109612141653,0,0.0,31,0.05227655986509275,593,1.0,INE_DIPUTACIONES_FED_2021,SECCION,PARCIAL,CATALOGO_INE_2026
20,3,BAJA CALIFORNIA SUR,COMONDU,,10,32,1150,683,0.5939130434782609,0.4060869565217391,MORENA,268,0.3923865300146413,31,0.04538799414348463,UNIDOS_CONTIGO,237,0.34699853587115664,192,0.28111273792093705,FxM,45,0.06588579795021962,MORENA,268,0.3923865300146413,31,0.04538799414348463,UNIDOS_CONTIGO,237,0.34699853587115664,192,0.28111273792093705,FxM,45,0.06588579795021962,237,0.34699853587115664,44,0.06442166910688141,29,0.0424597364568082,14,0.020497803806734993,268,0.3923865300146413,3,0.004392386530014641,3,0.004392386530014641,6,0.008784773060029283,1,0.0014641288433382138,45,0.06588579795021962,2,0.0029282576866764276,12,0.017569546120058566,0,0.0,19,0.027818448023426062,683,1.0,INE_DIPUTACIONES_FED_2021,SECCION,PARCIAL,CATALOGO_INE_2026
21,3,BAJA CALIFORNIA SUR,COMONDU,,10,33,364,247,0.6785714285714286,0.3214285714285714,MORENA,93,0.3765182186234818,45,0.18218623481781376,UNIDOS_CONTIGO,48,0.19433198380566802,13,0.05263157894736842,FxM,35,0.1417004048582996,MORENA,93,0.3765182186234818,45,0.18218623481781376,UNIDOS_CONTIGO,48,0.19433198380566802,13,0.05263157894736842,FxM,35,0.1417004048582996,48,0.19433198380566802,29,0.11740890688259109,7,0.02834008097165992,1,0.004048582995951417,93,0.3765182186234818,0,0.0,3,0.012145748987854251,1,0.004048582995951417,2,0.008097165991902834,35,0.1417004048582996,0,0.0,16,0.06477732793522267,0,0.0,12,0.048582995951417005,247,1.0,INE_DIPUTACIONES_FED_2021,SECCION,PARCIAL,CATALOGO_INE_2026
22,3,BAJA CALIFORNIA SUR,COMONDU,,10,34,737,528,0.7164179104477612,0.28358208955223885,MORENA,194,0.36742424242424243,100,0.1893939393939394,UNIDOS_CONTIGO,94,0.17803030303030304,17,0.032196969696969696,PT,77,0.14583333333333334,MORENA,194,0.36742424242424243,100,0.1893939393939394,UNIDOS_CONTIGO,94,0.17803030303030304,17,0.032196969696969696,PT,77,0.14583333333333334,94,0.17803030303030304,77,0.14583333333333334,10,0.01893939393939394,2,0.003787878787878788,194,0.36742424242424243,1,0.001893939393939394,1,0.001893939393939394,2,0.003787878787878788,2,0.003787878787878788,75,0.14204545454545456,1,0.001893939393939394,32,0.06060606060606061,0,0.0,37,0.07007575757575757,528,1.0,INE_DIPUTACIONES_FED_2021,SECCION,PARCIAL,CATALOGO_INE_2026
23,3,BAJA CALIFORNIA SUR,COMONDU,,10,35,150,107,0.7133333333333334,0.2866666666666666,UNIDOS_CONTIGO,51,0.4766355140186916,28,0.2616822429906542,MORENA,23,0.21495327102803738,8,0.07476635514018691,PVEM,15,0.14018691588785046,UNIDOS_CONTIGO,51,0.4766355140186916,28,0.2616822429906542,MORENA,23,0.21495327102803738,8,0.07476635514018691,PVEM,15,0.14018691588785046,51,0.4766355140186916,3,0.028037383177570093,15,0.14018691588785046,1,0.009345794392523364,23,0.21495327102803738,1,0.009345794392523364,2,0.018691588785046728,0,0.0,1,0.009345794392523364,5,0.04672897196261682,0,0.0,0,0.0,0,0.0,5,0.04672897196261682,107,1.0,INE_DIPUTACIONES_FED_2021,SECCION,PARCIAL,CATALOGO_INE_2026
24,3,BAJA CALIFORNIA SUR,COMONDU,,10,36,427,238,0.5573770491803278,0.4426229508196722,UNIDOS_CONTIGO,66,0.2773109243697479,6,0.025210084033613446,MORENA,60,0.25210084033613445,21,0.08823529411764706,PT,39,0.1638655462184874,UNIDOS_CONTIGO,66,0.2773109243697479,6,0.025210084033613446,MORENA,60,0.25210084033613445,21,0.08823529411764706,PT,39,0.1638655462184874,66,0.2773109243697479,39,0.1638655462184874,3,0.012605042016806723,4,0.01680672268907563,60,0.25210084033613445,5,0.02100840336134454,6,0.025210084033613446,1,0.004201680672268907,1,0.004201680672268907,23,0.09663865546218488,0,0.0,10,0.04201680672268908,0,0.0,20,0.08403361344537816,238,1.0,INE_DIPUTACIONES_FED_2021,SECCION,PARCIAL,CATALOGO_INE_2026
25,3,BAJA CALIFORNIA SUR,COMONDU,,10,39,203,144,0.7093596059113301,0.29064039408866993,UNIDOS_CONTIGO,36,0.25,2,0.013888888888888888,MORENA,34,0.2361111111111111,2,0.013888888888888888,PT,32,0.2222222222222222,UNIDOS_CONTIGO,36,0.25,2,0.013888888888888888,MORENA,34,0.2361111111111111,2,0.013888888888888888,PT,32,0.2222222222222222,36,0.25,32,0.2222222222222222,10,0.06944444444444445,1,0.006944444444444444,34,0.2361111111111111,1,0.006944444444444444,5,0.034722222222222224,0,0.0,1,0.006944444444444444,8,0.05555555555555555,0,0.0,9,0.0625,0,0.0,7,0.04861111111111111,144,1.0,INE_DIPUTACIONES_FED_2021,SECCION,PARCIAL,CATALOGO_INE_2026
26,3,BAJA CALIFORNIA SUR,COMONDU,,10,59,1029,513,0.49854227405247814,0.5014577259475219,MORENA,178,0.3469785575048733,36,0.07017543859649122,UNIDOS_CONTIGO,142,0.27680311890838205,95,0.18518518518518517,MC,47,0.09161793372319688,MORENA,178,0.3469785575048733,36,0.07017543859649122,UNIDOS_CONTIGO,142,0.27680311890838205,95,0.18518518518518517,MC,47,0.09161793372319688,142,0.27680311890838205,28,0.05458089668615984,38,0.07407407407407407,47,0.09161793372319688,178,0.3469785575048733,3,0.005847953216374269,2,0.003898635477582846,1,0.001949317738791423,2,0.003898635477582846,26,0.050682261208576995,1,0.001949317738791423,19,0.037037037037037035,0,0.0,26,0.050682261208576995,513,1.0,INE_DIPUTACIONES_FED_2021,SECCION,PARCIAL,CATALOGO_INE_2026
27,3,BAJA CALIFORNIA SUR,COMONDU,,10,60,769,455,0.5916775032509753,0.40832249674902465,MORENA,215,0.4725274725274725,120,0.26373626373626374,UNIDOS_CONTIGO,95,0.2087912087912088,65,0.14285714285714285,PVEM,30,0.06593406593406594,MORENA,215,0.4725274725274725,120,0.26373626373626374,UNIDOS_CONTIGO,95,0.2087912087912088,65,0.14285714285714285,PVEM,30,0.06593406593406594,95,0.2087912087912088,25,0.054945054945054944,30,0.06593406593406594,25,0.054945054945054944,215,0.4725274725274725,1,0.002197802197802198,2,0.004395604395604396,1,0.002197802197802198,0,0.0,30,0.06593406593406594,1,0.002197802197802198,7,0.015384615384615385,0,0.0,23,0.05054945054945055,455,1.0,INE_DIPUTACIONES_FED_2021,SECCION,PARCIAL,CATALOGO_INE_2026
28,3,BAJA CALIFORNIA SUR,COMONDU,,10,61,2425,1253,0.516701030927835,0.48329896907216496,MORENA,525,0.41899441340782123,269,0.21468475658419792,UNIDOS_CONTIGO,256,0.20430965682362331,142,0.11332801276935354,PVEM,114,0.09098164405426976,MORENA,525,0.41899441340782123,269,0.21468475658419792,UNIDOS_CONTIGO,256,0.20430965682362331,142,0.11332801276935354,PVEM,114,0.09098164405426976,256,0.20430965682362331,71,0.05666400638467677,114,0.09098164405426976,83,0.06624102154828412,525,0.41899441340782123,7,0.00558659217877095,6,0.004788507581803671,4,0.0031923383878691143,3,0.0023942537909018356,87,0.06943335993615324,2,0.0015961691939345571,51,0.040702314445331206,0,0.0,44,0.035115722266560255,1253,1.0,INE_DIPUTACIONES_FED_2021,SECCION,PARCIAL,CATALOGO_INE_2026
29,3,BAJA CALIFORNIA SUR,COMONDU,,10,62,136,81,0.5955882352941176,0.40441176470588236,UNIDOS_CONTIGO,40,0.49382716049382713,25,0.30864197530864196,MORENA,15,0.18518518518518517,6,0.07407407407407407,FxM,9,0.1111111111111111,UNIDOS_CONTIGO,40,0.49382716049382713,25,0.30864197530864196,MORENA,15,0.18518518518518517,6,0.07407407407407407,FxM,9,0.1111111111111111,40,0.49382716049382713,6,0.07407407407407407,4,0.04938271604938271,2,0.024691358024691357,15,0.18518518518518517,0,0.0,0,0.0,0,0.0,0,0.0,9,0.1111111111111111,0,0.0,0,0.0,0,0.0,5,0.06172839506172839,81,1.0,INE_DIPUTACIONES_FED_2021,SECCION,PARCIAL,CATALOGO_INE_2026
30,3,BAJA CALIFORNIA SUR,COMONDU,,11,1,770,507,0.6584415584415585,0.3415584415584415,UNIDOS_CONTIGO,220,0.4339250493096647,45,0.08875739644970414,MORENA,175,0.34516765285996054,134,0.26429980276134124,PT,41,0.08086785009861933,UNIDOS_CONTIGO,220,0.4339250493096647,45,0.08875739644970414,MORENA,175,0.34516765285996054,134,0.26429980276134124,PT,41,0.08086785009861933,220,0.4339250493096647,41,0.08086785009861933,13,0.02564102564102564,4,0.007889546351084813,175,0.34516765285996054,5,0.009861932938856016,1,0.0019723865877712033,4,0.007889546351084813,2,0.0039447731755424065,15,0.029585798816568046,2,0.0039447731755424065,16,0.03155818540433925,0,0.0,9,0.01775147928994083,507,1.0,INE_DIPUTACIONES_FED_2021,SECCION,PARCIAL,CATALOGO_INE_2026
31,3,BAJA CALIFORNIA SUR,COMONDU,,11,2,491,290,0.5906313645621182,0.4093686354378818,MORENA,115,0.39655172413793105,22,0.07586206896551724,UNIDOS_CONTIGO,93,0.32068965517241377,70,0.2413793103448276,PT,23,0.07931034482758621,MORENA,115,0.39655172413793105,22,0.07586206896551724,UNIDOS_CONTIGO,93,0.32068965517241377,70,0.2413793103448276,PT,23,0.07931034482758621,93,0.32068965517241377,23,0.07931034482758621,8,0.027586206896551724,10,0.034482758620689655,115,0.39655172413793105,0,0.0,1,0.0034482758620689655,2,0.006896551724137931,2,0.006896551724137931,11,0.03793103448275862,1,0.0034482758620689655,20,0.06896551724137931,0,0.0,4,0.013793103448275862,290,1.0,INE_DIPUTACIONES_FED_2021,SECCION,PARCIAL,CATALOGO_INE_2026
32,3,BAJA CALIFORNIA SUR,COMONDU,,11,3,1668,1083,0.6492805755395683,0.3507194244604317,UNIDOS_CONTIGO,435,0.40166204986149584,23,0.02123730378578024,MORENA,412,0.3804247460757156,326,0.3010156971375808,PT,86,0.07940904893813482,UNIDOS_CONTIGO,435,0.40166204986149584,23,0.02123730378578024,MORENA,412,0.3804247460757156,326,0.3010156971375808,PT,86,0.07940904893813482,435,0.40166204986149584,86,0.07940904893813482,27,0.024930747922437674,18,0.01662049861495845,412,0.3804247460757156,2,0.0018467220683287165,4,0.003693444136657433,4,0.003693444136657433,3,0.002770083102493075,41,0.03785780240073869,2,0.0018467220683287165,38,0.03508771929824561,0,0.0,11,0.010156971375807941,1083,1.0,INE_DIPUTACIONES_FED_2021,SECCION,PARCIAL,CATALOGO_INE_2026
33,3,BAJA CALIFORNIA SUR,COMONDU,,11,4,711,469,0.659634317862166,0.340365682137834,UNIDOS_CONTIGO,206,0.43923240938166314,37,0.07889125799573561,MORENA,169,0.3603411513859275,144,0.3070362473347548,PT,25,0.053304904051172705,UNIDOS_CONTIGO,206,0.43923240938166314,37,0.07889125799573561,MORENA,169,0.3603411513859275,144,0.3070362473347548,PT,25,0.053304904051172705,206,0.43923240938166314,25,0.053304904051172705,7,0.014925373134328358,13,0.02771855010660981,169,0.3603411513859275,2,0.0042643923240938165,2,0.0042643923240938165,1,0.0021321961620469083,0,0.0,14,0.029850746268656716,1,0.0021321961620469083,21,0.04477611940298507,0,0.0,8,0.017057569296375266,469,1.0,INE_DIPUTACIONES_FED_2021,SECCION,PARCIAL,CATALOGO_INE_2026
34,3,BAJA CALIFORNIA SUR,COMONDU,,11,5,935,575,0.6149732620320856,0.3850267379679144,UNIDOS_CONTIGO,228,0.39652173913043476,10,0.017391304347826087,MORENA,218,0.3791304347826087,188,0.3269565217391304,PT,30,0.05217391304347826,UNIDOS_CONTIGO,228,0.39652173913043476,10,0.017391304347826087,MORENA,218,0.3791304347826087,188,0.3269565217391304,PT,30,0.05217391304347826,228,0.39652173913043476,30,0.05217391304347826,17,0.029565217391304348,9,0.01565217391304348,218,0.3791304347826087,1,0.0017391304347826088,2,0.0034782608695652175,6,0.010434782608695653,3,0.0052173913043478265,28,0.04869565217391304,3,0.0052173913043478265,21,0.036521739130434785,0,0.0,9,0.01565217391304348,575,1.0,INE_DIPUTACIONES_FED_2021,SECCION,PARCIAL,CATALOGO_INE_2026
35,3,BAJA CALIFORNIA SUR,COMONDU,,11,6,745,386,0.5181208053691275,0.4818791946308725,UNIDOS_CONTIGO,155,0.4015544041450777,3,0.007772020725388601,MORENA,152,0.39378238341968913,130,0.33678756476683935,PT,22,0.05699481865284974,UNIDOS_CONTIGO,155,0.4015544041450777,3,0.007772020725388601,MORENA,152,0.39378238341968913,130,0.33678756476683935,PT,22,0.05699481865284974,155,0.4015544041450777,22,0.05699481865284974,9,0.023316062176165803,7,0.018134715025906734,152,0.39378238341968913,3,0.007772020725388601,0,0.0,1,0.0025906735751295338,1,0.0025906735751295338,20,0.05181347150259067,1,0.0025906735751295338,10,0.025906735751295335,0,0.0,5,0.012953367875647668,386,1.0,INE_DIPUTACIONES_FED_2021,SECCION,PARCIAL,CATALOGO_INE_2026
36,3,BAJA CALIFORNIA SUR,COMONDU,,11,7,1195,736,0.6158995815899582,0.38410041841004183,UNIDOS_CONTIGO,336,0.45652173913043476,90,0.12228260869565218,MORENA,246,0.3342391304347826,196,0.266304347826087,PT,50,0.06793478260869565,UNIDOS_CONTIGO,336,0.45652173913043476,90,0.12228260869565218,MORENA,246,0.3342391304347826,196,0.266304347826087,PT,50,0.06793478260869565,336,0.45652173913043476,50,0.06793478260869565,22,0.029891304347826088,13,0.017663043478260868,246,0.3342391304347826,0,0.0,2,0.002717391304347826,3,0.004076086956521739,4,0.005434782608695652,32,0.043478260869565216,0,0.0,18,0.024456521739130436,1,0.001358695652173913,9,0.012228260869565218,736,1.0,INE_DIPUTACIONES_FED_2021,SECCION,PARCIAL,CATALOGO_INE_2026
37,3,BAJA CALIFORNIA SUR,COMONDU,,11,8,480,853,1.7770833333333333,-0.7770833333333333,UNIDOS_CONTIGO,339,0.3974208675263775,27,0.031652989449003514,MORENA,312,0.365767878077374,244,0.28604923798358733,PT,68,0.07971864009378664,UNIDOS_CONTIGO,339,0.3974208675263775,27,0.031652989449003514,MORENA,312,0.365767878077374,244,0.28604923798358733,PT,68,0.07971864009378664,339,0.3974208675263775,68,0.07971864009378664,25,0.029308323563892145,13,0.015240328253223915,312,0.365767878077374,4,0.004689331770222743,2,0.0023446658851113715,3,0.0035169988276670576,3,0.0035169988276670576,27,0.031652989449003514,7,0.008206330597889801,28,0.032825322391559206,0,0.0,22,0.02579132473622509,853,1.0,INE_DIPUTACIONES_FED_2021,SECCION,PARCIAL,CATALOGO_INE_2026
38,3,BAJA CALIFORNIA SUR,COMONDU,,11,9,437,250,0.5720823798627003,0.4279176201372997,UNIDOS_CONTIGO,104,0.416,10,0.04,MORENA,94,0.376,81,0.324,FxM,13,0.052,UNIDOS_CONTIGO,104,0.416,10,0.04,MORENA,94,0.376,81,0.324,FxM,13,0.052,104,0.416,12,0.048,5,0.02,2,0.008,94,0.376,0,0.0,1,0.004,3,0.012,0,0.0,13,0.052,0,0.0,7,0.028,0,0.0,9,0.036,250,1.0,INE_DIPUTACIONES_FED_2021,SECCION,PARCIAL,CATALOGO_INE_2026
39,3,BAJA CALIFORNIA SUR,COMONDU,,11,10,796,478,0.6005025125628141,0.39949748743718594,MORENA,196,0.4100418410041841,4,0.008368200836820083,UNIDOS_CONTIGO,192,0.401673640167364,174,0.36401673640167365,PT,18,0.03765690376569038,MORENA,196,0.4100418410041841,4,0.008368200836820083,UNIDOS_CONTIGO,192,0.401673640167364,174,0.36401673640167365,PT,18,0.03765690376569038,192,0.401673640167364,18,0.03765690376569038,11,0.02301255230125523,12,0.02510460251046025,196,0.4100418410041841,1,0.0020920502092050207,2,0.0041841004184100415,1,0.0020920502092050207,2,0.0041841004184100415,15,0.03138075313807531,4,0.008368200836820083,12,0.02510460251046025,0,0.0,12,0.02510460251046025,478,1.0,INE_DIPUTACIONES_FED_2021,SECCION,PARCIAL,CATALOGO_INE_2026
40,3,BAJA CALIFORNIA SUR,COMONDU,,11,18,1199,758,0.6321934945788157,0.3678065054211843,MORENA,311,0.4102902374670185,48,0.0633245382585752,UNIDOS_CONTIGO,263,0.3469656992084433,211,0.2783641160949868,PT,52,0.06860158311345646,MORENA,311,0.4102902374670185,48,0.0633245382585752,UNIDOS_CONTIGO,263,0.3469656992084433,211,0.2783641160949868,PT,52,0.06860158311345646,263,0.3469656992084433,52,0.06860158311345646,31,0.040897097625329816,8,0.010554089709762533,311,0.4102902374670185,1,0.0013192612137203166,5,0.006596306068601583,4,0.005277044854881266,1,0.0013192612137203166,39,0.051451187335092345,2,0.002638522427440633,28,0.036939313984168866,0,0.0,13,0.017150395778364115,758,1.0,INE_DIPUTACIONES_FED_2021,SECCION,PARCIAL,CATALOGO_INE_2026
41,3,BAJA CALIFORNIA SUR,COMONDU,,11,19,900,506,0.5622222222222222,0.4377777777777778,MORENA,185,0.36561264822134387,22,0.043478260869565216,UNIDOS_CONTIGO,163,0.3221343873517787,121,0.2391304347826087,FxM,42,0.08300395256916997,MORENA,185,0.36561264822134387,22,0.043478260869565216,UNIDOS_CONTIGO,163,0.3221343873517787,121,0.2391304347826087,FxM,42,0.08300395256916997,163,0.3221343873517787,35,0.0691699604743083,19,0.037549407114624504,12,0.023715415019762844,185,0.36561264822134387,2,0.003952569169960474,2,0.003952569169960474,1,0.001976284584980237,2,0.003952569169960474,42,0.08300395256916997,0,0.0,13,0.025691699604743084,0,0.0,30,0.05928853754940711,506,1.0,INE_DIPUTACIONES_FED_2021,SECCION,PARCIAL,CATALOGO_INE_2026
42,3,BAJA CALIFORNIA SUR,COMONDU,,11,37,263,187,0.7110266159695817,0.2889733840304183,UNIDOS_CONTIGO,71,0.37967914438502676,5,0.026737967914438502,MORENA,66,0.35294117647058826,54,0.2887700534759358,FxM,12,0.06417112299465241,UNIDOS_CONTIGO,71,0.37967914438502676,5,0.026737967914438502,MORENA,66,0.35294117647058826,54,0.2887700534759358,FxM,12,0.06417112299465241,71,0.37967914438502676,7,0.0374331550802139,10,0.053475935828877004,3,0.016042780748663103,66,0.35294117647058826,4,0.0213903743315508,3,0.016042780748663103,0,0.0,0,0.0,12,0.06417112299465241,0,0.0,0,0.0,0,0.0,11,0.058823529411764705,187,1.0,INE_DIPUTACIONES_FED_2021,SECCION,PARCIAL,CATALOGO_INE_2026
43,3,BAJA CALIFORNIA SUR,COMONDU,,11,38,314,215,0.6847133757961783,0.3152866242038217,MORENA,86,0.4,35,0.16279069767441862,UNIDOS_CONTIGO,51,0.2372093023255814,29,0.13488372093023257,PVEM,22,0.10232558139534884,MORENA,86,0.4,35,0.16279069767441862,UNIDOS_CONTIGO,51,0.2372093023255814,29,0.13488372093023257,PVEM,22,0.10232558139534884,51,0.2372093023255814,12,0.05581395348837209,22,0.10232558139534884,3,0.013953488372093023,86,0.4,1,0.004651162790697674,4,0.018604651162790697,3,0.013953488372093023,2,0.009302325581395349,19,0.08837209302325581,0,0.0,4,0.018604651162790697,0,0.0,8,0.037209302325581395,215,1.0,INE_DIPUTACIONES_FED_2021,SECCION,PARCIAL,CATALOGO_INE_2026
44,3,BAJA CALIFORNIA SUR,COMONDU,,11,40,698,377,0.5401146131805158,0.4598853868194842,MORENA,140,0.3713527851458886,19,0.050397877984084884,UNIDOS_CONTIGO,121,0.3209549071618037,99,0.2625994694960212,MC,22,0.058355437665782495,MORENA,140,0.3713527851458886,19,0.050397877984084884,UNIDOS_CONTIGO,121,0.3209549071618037,99,0.2625994694960212,MC,22,0.058355437665782495,121,0.3209549071618037,20,0.05305039787798409,5,0.013262599469496022,22,0.058355437665782495,140,0.3713527851458886,3,0.007957559681697613,5,0.013262599469496022,11,0.029177718832891247,2,0.005305039787798408,22,0.058355437665782495,2,0.005305039787798408,9,0.023872679045092837,0,0.0,15,0.03978779840848806,377,1.0,INE_DIPUTACIONES_FED_2021,SECCION,PARCIAL,CATALOGO_INE_2026
45,3,BAJA CALIFORNIA SUR,COMONDU,,11,41,1026,448,0.43664717348927873,0.5633528265107213,MORENA,177,0.3950892857142857,49,0.109375,UNIDOS_CONTIGO,128,0.2857142857142857,91,0.203125,PT,37,0.08258928571428571,MORENA,177,0.3950892857142857,49,0.109375,UNIDOS_CONTIGO,128,0.2857142857142857,91,0.203125,PT,37,0.08258928571428571,128,0.2857142857142857,37,0.08258928571428571,12,0.026785714285714284,27,0.060267857142857144,177,0.3950892857142857,1,0.002232142857142857,2,0.004464285714285714,5,0.011160714285714286,5,0.011160714285714286,20,0.044642857142857144,2,0.004464285714285714,15,0.033482142857142856,0,0.0,17,0.03794642857142857,448,1.0,INE_DIPUTACIONES_FED_2021,SECCION,PARCIAL,CATALOGO_INE_2026
46,3,BAJA CALIFORNIA SUR,COMONDU,,11,42,1185,530,0.4472573839662447,0.5527426160337553,MORENA,191,0.360377358490566,16,0.03018867924528302,UNIDOS_CONTIGO,175,0.330188679245283,135,0.25471698113207547,PT,40,0.07547169811320754,MORENA,191,0.360377358490566,16,0.03018867924528302,UNIDOS_CONTIGO,175,0.330188679245283,135,0.25471698113207547,PT,40,0.07547169811320754,175,0.330188679245283,40,0.07547169811320754,17,0.03207547169811321,27,0.0509433962264151,191,0.360377358490566,6,0.011320754716981131,2,0.0037735849056603774,4,0.007547169811320755,3,0.005660377358490566,24,0.045283018867924525,0,0.0,15,0.02830188679245283,1,0.0018867924528301887,25,0.04716981132075472,530,1.0,INE_DIPUTACIONES_FED_2021,SECCION,PARCIAL,CATALOGO_INE_2026
47,3,BAJA CALIFORNIA SUR,COMONDU,,11,43,732,369,0.5040983606557377,0.49590163934426235,MORENA,146,0.3956639566395664,24,0.06504065040650407,UNIDOS_CONTIGO,122,0.33062330623306235,102,0.2764227642276423,MC,20,0.05420054200542006,MORENA,146,0.3956639566395664,24,0.06504065040650407,UNIDOS_CONTIGO,122,0.33062330623306235,102,0.2764227642276423,MC,20,0.05420054200542006,122,0.33062330623306235,17,0.04607046070460705,8,0.02168021680216802,20,0.05420054200542006,146,0.3956639566395664,4,0.01084010840108401,7,0.018970189701897018,3,0.008130081300813009,5,0.013550135501355014,11,0.02981029810298103,1,0.0027100271002710027,13,0.03523035230352303,0,0.0,12,0.032520325203252036,369,1.0,INE_DIPUTACIONES_FED_2021,SECCION,PARCIAL,CATALOGO_INE_2026
48,3,BAJA CALIFORNIA SUR,COMONDU,,11,44,775,490,0.632258064516129,0.367741935483871,MORENA,194,0.39591836734693875,7,0.014285714285714285,UNIDOS_CONTIGO,187,0.3816326530612245,160,0.32653061224489793,PT,27,0.05510204081632653,MORENA,194,0.39591836734693875,7,0.014285714285714285,UNIDOS_CONTIGO,187,0.3816326530612245,160,0.32653061224489793,PT,27,0.05510204081632653,187,0.3816326530612245,27,0.05510204081632653,16,0.0326530612244898,19,0.03877551020408163,194,0.39591836734693875,0,0.0,5,0.01020408163265306,6,0.012244897959183673,1,0.0020408163265306124,9,0.018367346938775512,3,0.006122448979591836,12,0.024489795918367346,0,0.0,11,0.022448979591836733,490,1.0,INE_DIPUTACIONES_FED_2021,SECCION,PARCIAL,CATALOGO_INE_2026
49,3,BAJA CALIFORNIA SUR,COMONDU,,11,45,792,436,0.5505050505050505,0.4494949494949495,UNIDOS_CONTIGO,186,0.42660550458715596,35,0.08027522935779817,MORENA,151,0.3463302752293578,123,0.28211009174311924,PT,28,0.06422018348623854,UNIDOS_CONTIGO,186,0.42660550458715596,35,0.08027522935779817,MORENA,151,0.3463302752293578,123,0.28211009174311924,PT,28,0.06422018348623854,186,0.42660550458715596,28,0.06422018348623854,6,0.013761467889908258,18,0.04128440366972477,151,0.3463302752293578,2,0.0045871559633027525,2,0.0045871559633027525,1,0.0022935779816513763,4,0.009174311926605505,12,0.027522935779816515,0,0.0,14,0.03211009174311927,0,0.0,12,0.027522935779816515,436,1.0,INE_DIPUTACIONES_FED_2021,SECCION,PARCIAL,CATALOGO_INE_2026
50,3,BAJA CALIFORNIA SUR,COMONDU,,11,46,679,364,0.5360824742268041,0.4639175257731959,MORENA,157,0.43131868131868134,63,0.17307692307692307,UNIDOS_CONTIGO,94,0.25824175824175827,53,0.14560439560439561,PT,41,0.11263736263736264,MORENA,157,0.43131868131868134,63,0.17307692307692307,UNIDOS_CONTIGO,94,0.25824175824175827,53,0.14560439560439561,PT,41,0.11263736263736264,94,0.25824175824175827,41,0.11263736263736264,8,0.02197802197802198,10,0.027472527472527472,157,0.43131868131868134,4,0.01098901098901099,4,0.01098901098901099,7,0.019230769230769232,0,0.0,17,0.046703296703296704,1,0.0027472527472527475,12,0.03296703296703297,0,0.0,9,0.024725274725274724,364,1.0,INE_DIPUTACIONES_FED_2021,SECCION,PARCIAL,CATALOGO_INE_2026
51,3,BAJA CALIFORNIA SUR,COMONDU,,11,47,973,514,0.5282631038026722,0.47173689619732784,MORENA,216,0.42023346303501946,47,0.0914396887159533,UNIDOS_CONTIGO,169,0.32879377431906615,142,0.27626459143968873,MC,27,0.05252918287937743,MORENA,216,0.42023346303501946,47,0.0914396887159533,UNIDOS_CONTIGO,169,0.32879377431906615,142,0.27626459143968873,MC,27,0.05252918287937743,169,0.32879377431906615,25,0.048638132295719845,14,0.027237354085603113,27,0.05252918287937743,216,0.42023346303501946,3,0.005836575875486381,3,0.005836575875486381,9,0.017509727626459144,5,0.009727626459143969,19,0.03696498054474708,1,0.0019455252918287938,8,0.01556420233463035,0,0.0,15,0.029182879377431907,514,1.0,INE_DIPUTACIONES_FED_2021,SECCION,PARCIAL,CATALOGO_INE_2026
52,3,BAJA CALIFORNIA SUR,COMONDU,,11,48,1177,651,0.5531011045029737,0.4468988954970263,UNIDOS_CONTIGO,297,0.45622119815668205,104,0.1597542242703533,MORENA,193,0.2964669738863287,150,0.2304147465437788,PVEM,43,0.06605222734254992,UNIDOS_CONTIGO,297,0.45622119815668205,104,0.1597542242703533,MORENA,193,0.2964669738863287,150,0.2304147465437788,PVEM,43,0.06605222734254992,297,0.45622119815668205,18,0.027649769585253458,43,0.06605222734254992,12,0.018433179723502304,193,0.2964669738863287,6,0.009216589861751152,12,0.018433179723502304,11,0.016897081413210446,0,0.0,25,0.03840245775729647,1,0.0015360983102918587,7,0.010752688172043012,0,0.0,26,0.039938556067588324,651,1.0,INE_DIPUTACIONES_FED_2021,SECCION,PARCIAL,CATALOGO_INE_2026
53,3,BAJA CALIFORNIA SUR,COMONDU,,11,49,158,85,0.5379746835443038,0.4620253164556962,UNIDOS_CONTIGO,45,0.5294117647058824,29,0.3411764705882353,MORENA,16,0.18823529411764706,10,0.11764705882352941,FxM,6,0.07058823529411765,UNIDOS_CONTIGO,45,0.5294117647058824,29,0.3411764705882353,MORENA,16,0.18823529411764706,10,0.11764705882352941,FxM,6,0.07058823529411765,45,0.5294117647058824,4,0.047058823529411764,1,0.011764705882352941,1,0.011764705882352941,16,0.18823529411764706,1,0.011764705882352941,2,0.023529411764705882,1,0.011764705882352941,2,0.023529411764705882,6,0.07058823529411765,0,0.0,0,0.0,0,0.0,6,0.07058823529411765,85,1.0,INE_DIPUTACIONES_FED_2021,SECCION,PARCIAL,CATALOGO_INE_2026
54,3,BAJA CALIFORNIA SUR,COMONDU,,11,50,180,113,0.6277777777777778,0.37222222222222223,MORENA,46,0.40707964601769914,12,0.10619469026548672,UNIDOS_CONTIGO,34,0.3008849557522124,21,0.18584070796460178,PT,13,0.11504424778761062,MORENA,46,0.40707964601769914,12,0.10619469026548672,UNIDOS_CONTIGO,34,0.3008849557522124,21,0.18584070796460178,PT,13,0.11504424778761062,34,0.3008849557522124,13,0.11504424778761062,5,0.04424778761061947,0,0.0,46,0.40707964601769914,2,0.017699115044247787,0,0.0,0,0.0,1,0.008849557522123894,5,0.04424778761061947,1,0.008849557522123894,2,0.017699115044247787,0,0.0,4,0.035398230088495575,113,1.0,INE_DIPUTACIONES_FED_2021,SECCION,PARCIAL,CATALOGO_INE_2026
55,3,BAJA CALIFORNIA SUR,COMONDU,,11,51,282,149,0.5283687943262412,0.4716312056737588,MORENA,59,0.3959731543624161,9,0.06040268456375839,UNIDOS_CONTIGO,50,0.33557046979865773,31,0.2080536912751678,MORENA_PT,19,0.12751677852348994,MORENA,59,0.3959731543624161,9,0.06040268456375839,UNIDOS_CONTIGO,50,0.33557046979865773,31,0.2080536912751678,MORENA_PT,19,0.12751677852348994,50,0.33557046979865773,9,0.06040268456375839,4,0.026845637583892617,0,0.0,59,0.3959731543624161,0,0.0,0,0.0,0,0.0,1,0.006711409395973154,2,0.013422818791946308,0,0.0,19,0.12751677852348994,0,0.0,5,0.03355704697986577,149,1.0,INE_DIPUTACIONES_FED_2021,SECCION,PARCIAL,CATALOGO_INE_2026
56,3,BAJA CALIFORNIA SUR,COMONDU,,11,52,428,216,0.5046728971962616,0.4953271028037384,UNIDOS_CONTIGO,83,0.38425925925925924,14,0.06481481481481481,MORENA,69,0.3194444444444444,50,0.23148148148148148,FxM,19,0.08796296296296297,UNIDOS_CONTIGO,83,0.38425925925925924,14,0.06481481481481481,MORENA,69,0.3194444444444444,50,0.23148148148148148,FxM,19,0.08796296296296297,83,0.38425925925925924,18,0.08333333333333333,7,0.032407407407407406,4,0.018518518518518517,69,0.3194444444444444,2,0.009259259259259259,4,0.018518518518518517,4,0.018518518518518517,1,0.004629629629629629,19,0.08796296296296297,1,0.004629629629629629,0,0.0,0,0.0,4,0.018518518518518517,216,1.0,INE_DIPUTACIONES_FED_2021,SECCION,PARCIAL,CATALOGO_INE_2026
57,3,BAJA CALIFORNIA SUR,COMONDU,,11,53,266,180,0.6766917293233082,0.32330827067669177,MORENA,88,0.4888888888888889,38,0.2111111111111111,UNIDOS_CONTIGO,50,0.2777777777777778,38,0.2111111111111111,PT,12,0.06666666666666667,MORENA,88,0.4888888888888889,38,0.2111111111111111,UNIDOS_CONTIGO,50,0.2777777777777778,38,0.2111111111111111,PT,12,0.06666666666666667,50,0.2777777777777778,12,0.06666666666666667,5,0.027777777777777776,2,0.011111111111111112,88,0.4888888888888889,5,0.027777777777777776,0,0.0,3,0.016666666666666666,0,0.0,8,0.044444444444444446,1,0.005555555555555556,3,0.016666666666666666,0,0.0,3,0.016666666666666666,180,1.0,INE_DIPUTACIONES_FED_2021,SECCION,PARCIAL,CATALOGO_INE_2026
58,3,BAJA CALIFORNIA SUR,COMONDU,,11,54,1016,564,0.5551181102362205,0.4448818897637795,MORENA,194,0.34397163120567376,17,0.030141843971631204,UNIDOS_CONTIGO,177,0.31382978723404253,116,0.20567375886524822,PT,61,0.10815602836879433,MORENA,194,0.34397163120567376,17,0.030141843971631204,UNIDOS_CONTIGO,177,0.31382978723404253,116,0.20567375886524822,PT,61,0.10815602836879433,177,0.31382978723404253,61,0.10815602836879433,35,0.06205673758865248,13,0.02304964539007092,194,0.34397163120567376,7,0.012411347517730497,6,0.010638297872340425,5,0.008865248226950355,1,0.0017730496453900709,38,0.0673758865248227,3,0.005319148936170213,8,0.014184397163120567,0,0.0,16,0.028368794326241134,564,1.0,INE_DIPUTACIONES_FED_2021,SECCION,PARCIAL,CATALOGO_INE_2026
59,3,BAJA CALIFORNIA SUR,COMONDU,,11,55,399,270,0.6766917293233082,0.32330827067669177,UNIDOS_CONTIGO,107,0.3962962962962963,6,0.022222222222222223,MORENA,101,0.37407407407407406,86,0.31851851851851853,PT,15,0.05555555555555555,UNIDOS_CONTIGO,107,0.3962962962962963,6,0.022222222222222223,MORENA,101,0.37407407407407406,86,0.31851851851851853,PT,15,0.05555555555555555,107,0.3962962962962963,15,0.05555555555555555,6,0.022222222222222223,0,0.0,101,0.37407407407407406,5,0.018518518518518517,4,0.014814814814814815,3,0.011111111111111112,4,0.014814814814814815,10,0.037037037037037035,0,0.0,9,0.03333333333333333,0,0.0,6,0.022222222222222223,270,1.0,INE_DIPUTACIONES_FED_2021,SECCION,PARCIAL,CATALOGO_INE_2026
60,3,BAJA CALIFORNIA SUR,COMONDU,,11,56,591,373,0.6311336717428088,0.36886632825719123,UNIDOS_CONTIGO,148,0.3967828418230563,23,0.06166219839142091,MORENA,125,0.3351206434316354,94,0.2520107238605898,PT,31,0.08310991957104558,UNIDOS_CONTIGO,148,0.3967828418230563,23,0.06166219839142091,MORENA,125,0.3351206434316354,94,0.2520107238605898,PT,31,0.08310991957104558,148,0.3967828418230563,31,0.08310991957104558,4,0.010723860589812333,5,0.013404825737265416,125,0.3351206434316354,0,0.0,5,0.013404825737265416,1,0.002680965147453083,4,0.010723860589812333,19,0.05093833780160858,0,0.0,25,0.06702412868632708,0,0.0,6,0.0160857908847185,373,1.0,INE_DIPUTACIONES_FED_2021,SECCION,PARCIAL,CATALOGO_INE_2026
61,3,BAJA CALIFORNIA SUR,COMONDU,,11,57,685,459,0.67007299270073,0.32992700729927005,UNIDOS_CONTIGO,172,0.3747276688453159,21,0.0457516339869281,MORENA,151,0.3289760348583878,99,0.21568627450980393,PT,52,0.11328976034858387,UNIDOS_CONTIGO,172,0.3747276688453159,21,0.0457516339869281,MORENA,151,0.3289760348583878,99,0.21568627450980393,PT,52,0.11328976034858387,172,0.3747276688453159,52,0.11328976034858387,6,0.013071895424836602,4,0.008714596949891068,151,0.3289760348583878,3,0.006535947712418301,2,0.004357298474945534,2,0.004357298474945534,0,0.0,31,0.06753812636165578,1,0.002178649237472767,17,0.037037037037037035,1,0.002178649237472767,17,0.037037037037037035,459,1.0,INE_DIPUTACIONES_FED_2021,SECCION,PARCIAL,CATALOGO_INE_2026
62,3,BAJA CALIFORNIA SUR,COMONDU,,11,58,522,367,0.7030651340996169,0.2969348659003831,MORENA,149,0.40599455040871935,9,0.02452316076294278,UNIDOS_CONTIGO,140,0.3814713896457766,116,0.31607629427792916,FxM,24,0.0653950953678474,MORENA,149,0.40599455040871935,9,0.02452316076294278,UNIDOS_CONTIGO,140,0.3814713896457766,116,0.31607629427792916,FxM,24,0.0653950953678474,140,0.3814713896457766,21,0.05722070844686648,6,0.01634877384196185,3,0.008174386920980926,149,0.40599455040871935,1,0.0027247956403269754,5,0.013623978201634877,2,0.005449591280653951,2,0.005449591280653951,24,0.0653950953678474,0,0.0,9,0.02452316076294278,0,0.0,5,0.013623978201634877,367,1.0,INE_DIPUTACIONES_FED_2021,SECCION,PARCIAL,CATALOGO_INE_2026
63,3,BAJA CALIFORNIA SUR,COMONDU,,11,66,85,55,0.6470588235294118,0.3529411764705882,UNIDOS_CONTIGO,21,0.38181818181818183,6,0.10909090909090909,MORENA,15,0.2727272727272727,6,0.10909090909090909,FxM,9,0.16363636363636364,UNIDOS_CONTIGO,21,0.38181818181818183,6,0.10909090909090909,MORENA,15,0.2727272727272727,6,0.10909090909090909,FxM,9,0.16363636363636364,21,0.38181818181818183,0,0.0,1,0.01818181818181818,2,0.03636363636363636,15,0.2727272727272727,1,0.01818181818181818,0,0.0,4,0.07272727272727272,0,0.0,9,0.16363636363636364,0,0.0,0,0.0,0,0.0,2,0.03636363636363636,55,1.0,INE_DIPUTACIONES_FED_2021,SECCION,PARCIAL,INFERIDA_SECCION_VECINA
64,3,BAJA CALIFORNIA SUR,COMONDU,,11,67,589,429,0.7283531409168081,0.27164685908319186,UNIDOS_CONTIGO,206,0.4801864801864802,71,0.1655011655011655,MORENA,135,0.3146853146853147,107,0.2494172494172494,FxM,28,0.06526806526806526,UNIDOS_CONTIGO,206,0.4801864801864802,71,0.1655011655011655,MORENA,135,0.3146853146853147,107,0.2494172494172494,FxM,28,0.06526806526806526,206,0.4801864801864802,17,0.039627039627039624,7,0.016317016317016316,5,0.011655011655011656,135,0.3146853146853147,3,0.006993006993006993,4,0.009324009324009324,3,0.006993006993006993,5,0.011655011655011656,28,0.06526806526806526,3,0.006993006993006993,0,0.0,0,0.0,13,0.030303030303030304,429,1.0,INE_DIPUTACIONES_FED_2021,SECCION,PARCIAL,CATALOGO_INE_2026
65,3,BAJA CALIFORNIA SUR,COMONDU,,11,68,460,316,0.6869565217391305,0.31304347826086953,UNIDOS_CONTIGO,150,0.47468354430379744,49,0.1550632911392405,MORENA,101,0.31962025316455694,86,0.2721518987341772,PT,15,0.04746835443037975,UNIDOS_CONTIGO,150,0.47468354430379744,49,0.1550632911392405,MORENA,101,0.31962025316455694,86,0.2721518987341772,PT,15,0.04746835443037975,150,0.47468354430379744,15,0.04746835443037975,4,0.012658227848101266,1,0.0031645569620253164,101,0.31962025316455694,1,0.0031645569620253164,3,0.00949367088607595,0,0.0,1,0.0031645569620253164,8,0.02531645569620253,3,0.00949367088607595,6,0.0189873417721519,0,0.0,23,0.07278481012658228,316,1.0,INE_DIPUTACIONES_FED_2021,SECCION,PARCIAL,CATALOGO_INE_2026
66,3,BAJA CALIFORNIA SUR,COMONDU,,11,69,619,334,0.5395799676898223,0.4604200323101777,MORENA,136,0.40718562874251496,43,0.12874251497005987,UNIDOS_CONTIGO,93,0.27844311377245506,57,0.17065868263473055,FxM,36,0.10778443113772455,MORENA,136,0.40718562874251496,43,0.12874251497005987,UNIDOS_CONTIGO,93,0.27844311377245506,57,0.17065868263473055,FxM,36,0.10778443113772455,93,0.27844311377245506,7,0.020958083832335328,12,0.03592814371257485,2,0.005988023952095809,136,0.40718562874251496,5,0.014970059880239521,3,0.008982035928143712,3,0.008982035928143712,4,0.011976047904191617,36,0.10778443113772455,7,0.020958083832335328,8,0.023952095808383235,0,0.0,18,0.05389221556886228,334,1.0,INE_DIPUTACIONES_FED_2021,SECCION,PARCIAL,CATALOGO_INE_2026
67,3,BAJA CALIFORNIA SUR,COMONDU,,11,70,458,337,0.7358078602620087,0.26419213973799127,MORENA,163,0.4836795252225519,49,0.14540059347181009,UNIDOS_CONTIGO,114,0.33827893175074186,99,0.29376854599406527,PT,15,0.04451038575667656,MORENA,163,0.4836795252225519,49,0.14540059347181009,UNIDOS_CONTIGO,114,0.33827893175074186,99,0.29376854599406527,PT,15,0.04451038575667656,114,0.33827893175074186,15,0.04451038575667656,4,0.011869436201780416,8,0.02373887240356083,163,0.4836795252225519,7,0.020771513353115726,0,0.0,1,0.002967359050445104,2,0.005934718100890208,8,0.02373887240356083,2,0.005934718100890208,0,0.0,0,0.0,13,0.03857566765578635,337,1.0,INE_DIPUTACIONES_FED_2021,SECCION,PARCIAL,CATALOGO_INE_2026
68,3,BAJA CALIFORNIA SUR,COMONDU,,11,71,127,81,0.6377952755905512,0.36220472440944884,UNIDOS_CONTIGO,30,0.37037037037037035,10,0.12345679012345678,MORENA,20,0.24691358024691357,8,0.09876543209876543,PT,12,0.14814814814814814,UNIDOS_CONTIGO,30,0.37037037037037035,10,0.12345679012345678,MORENA,20,0.24691358024691357,8,0.09876543209876543,PT,12,0.14814814814814814,30,0.37037037037037035,12,0.14814814814814814,2,0.024691358024691357,0,0.0,20,0.24691358024691357,4,0.04938271604938271,0,0.0,2,0.024691358024691357,0,0.0,6,0.07407407407407407,0,0.0,0,0.0,0,0.0,5,0.06172839506172839,81,1.0,INE_DIPUTACIONES_FED_2021,SECCION,PARCIAL,CATALOGO_INE_2026
69,3,BAJA CALIFORNIA SUR,COMONDU,,11,72,441,333,0.7551020408163265,0.24489795918367352,UNIDOS_CONTIGO,133,0.3993993993993994,9,0.02702702702702703,MORENA,124,0.37237237237237236,100,0.3003003003003003,PT,24,0.07207207207207207,UNIDOS_CONTIGO,133,0.3993993993993994,9,0.02702702702702703,MORENA,124,0.37237237237237236,100,0.3003003003003003,PT,24,0.07207207207207207,133,0.3993993993993994,24,0.07207207207207207,10,0.03003003003003003,2,0.006006006006006006,124,0.37237237237237236,6,0.018018018018018018,1,0.003003003003003003,2,0.006006006006006006,0,0.0,14,0.042042042042042045,4,0.012012012012012012,6,0.018018018018018018,0,0.0,7,0.021021021021021023,333,1.0,INE_DIPUTACIONES_FED_2021,SECCION,PARCIAL,CATALOGO_INE_2026
70,3,BAJA CALIFORNIA SUR,COMONDU,,11,73,664,448,0.6746987951807228,0.32530120481927716,MORENA,178,0.39732142857142855,25,0.05580357142857143,UNIDOS_CONTIGO,153,0.34151785714285715,121,0.2700892857142857,PT,32,0.07142857142857142,MORENA,178,0.39732142857142855,25,0.05580357142857143,UNIDOS_CONTIGO,153,0.34151785714285715,121,0.2700892857142857,PT,32,0.07142857142857142,153,0.34151785714285715,32,0.07142857142857142,6,0.013392857142857142,4,0.008928571428571428,178,0.39732142857142855,7,0.015625,1,0.002232142857142857,18,0.04017857142857143,3,0.006696428571428571,12,0.026785714285714284,0,0.0,19,0.04241071428571429,0,0.0,15,0.033482142857142856,448,1.0,INE_DIPUTACIONES_FED_2021,SECCION,PARCIAL,CATALOGO_INE_2026
71,3,BAJA CALIFORNIA SUR,COMONDU,,11,74,176,133,0.7556818181818182,0.24431818181818177,UNIDOS_CONTIGO,42,0.3157894736842105,3,0.022556390977443608,MORENA,39,0.2932330827067669,22,0.16541353383458646,MORENA_PT,17,0.12781954887218044,UNIDOS_CONTIGO,42,0.3157894736842105,3,0.022556390977443608,MORENA,39,0.2932330827067669,22,0.16541353383458646,MORENA_PT,17,0.12781954887218044,42,0.3157894736842105,9,0.06766917293233082,11,0.08270676691729323,1,0.007518796992481203,39,0.2932330827067669,5,0.03759398496240601,1,0.007518796992481203,0,0.0,1,0.007518796992481203,2,0.015037593984962405,1,0.007518796992481203,17,0.12781954887218044,0,0.0,4,0.03007518796992481,133,1.0,INE_DIPUTACIONES_FED_2021,SECCION,PARCIAL,CATALOGO_INE_2026
72,3,BAJA CALIFORNIA SUR,LA PAZ,,2,122,754,394,0.5225464190981433,0.47745358090185674,UNIDOS_CONTIGO,162,0.41116751269035534,29,0.07360406091370558,MORENA,133,0.33756345177664976,115,0.2918781725888325,PT,18,0.04568527918781726,UNIDOS_CONTIGO,162,0.41116751269035534,29,0.07360406091370558,MORENA,133,0.33756345177664976,115,0.2918781725888325,PT,18,0.04568527918781726,162,0.41116751269035534,18,0.04568527918781726,18,0.04568527918781726,12,0.030456852791878174,133,0.33756345177664976,4,0.01015228426395939,4,0.01015228426395939,5,0.012690355329949238,2,0.005076142131979695,6,0.015228426395939087,5,0.012690355329949238,8,0.02030456852791878,0,0.0,17,0.04314720812182741,394,1.0,INE_DIPUTACIONES_FED_2021,SECCION,PARCIAL,CATALOGO_INE_2026
73,3,BAJA CALIFORNIA SUR,LA PAZ,,2,123,875,520,0.5942857142857143,0.4057142857142857,UNIDOS_CONTIGO,242,0.4653846153846154,62,0.11923076923076924,MORENA,180,0.34615384615384615,163,0.31346153846153846,PT,17,0.032692307692307694,UNIDOS_CONTIGO,242,0.4653846153846154,62,0.11923076923076924,MORENA,180,0.34615384615384615,163,0.31346153846153846,PT,17,0.032692307692307694,242,0.4653846153846154,17,0.032692307692307694,13,0.025,10,0.019230769230769232,180,0.34615384615384615,6,0.011538461538461539,6,0.011538461538461539,9,0.01730769230769231,3,0.0057692307692307696,7,0.013461538461538462,4,0.007692307692307693,12,0.023076923076923078,0,0.0,11,0.021153846153846155,520,1.0,INE_DIPUTACIONES_FED_2021,SECCION,PARCIAL,CATALOGO_INE_2026
74,3,BAJA CALIFORNIA SUR,LA PAZ,,2,124,952,569,0.5976890756302521,0.4023109243697479,UNIDOS_CONTIGO,310,0.5448154657293497,141,0.2478031634446397,MORENA,169,0.29701230228471004,146,0.2565905096660808,PT,23,0.040421792618629174,UNIDOS_CONTIGO,310,0.5448154657293497,141,0.2478031634446397,MORENA,169,0.29701230228471004,146,0.2565905096660808,PT,23,0.040421792618629174,310,0.5448154657293497,23,0.040421792618629174,5,0.008787346221441126,10,0.01757469244288225,169,0.29701230228471004,5,0.008787346221441126,2,0.0035149384885764497,2,0.0035149384885764497,1,0.0017574692442882249,4,0.007029876977152899,13,0.022847100175746926,12,0.0210896309314587,2,0.0035149384885764497,11,0.019332161687170474,569,1.0,INE_DIPUTACIONES_FED_2021,SECCION,PARCIAL,CATALOGO_INE_2026
75,3,BAJA CALIFORNIA SUR,LA PAZ,,2,125,549,334,0.6083788706739527,0.3916211293260473,UNIDOS_CONTIGO,195,0.5838323353293413,95,0.2844311377245509,MORENA,100,0.2994011976047904,86,0.25748502994011974,PT,14,0.041916167664670656,UNIDOS_CONTIGO,195,0.5838323353293413,95,0.2844311377245509,MORENA,100,0.2994011976047904,86,0.25748502994011974,PT,14,0.041916167664670656,195,0.5838323353293413,14,0.041916167664670656,4,0.011976047904191617,3,0.008982035928143712,100,0.2994011976047904,2,0.005988023952095809,3,0.008982035928143712,3,0.008982035928143712,0,0.0,6,0.017964071856287425,2,0.005988023952095809,0,0.0,0,0.0,2,0.005988023952095809,334,1.0,INE_DIPUTACIONES_FED_2021,SECCION,PARCIAL,CATALOGO_INE_2026
76,3,BAJA CALIFORNIA SUR,LA PAZ,,2,126,709,391,0.5514809590973202,0.4485190409026798,UNIDOS_CONTIGO,173,0.4424552429667519,27,0.06905370843989769,MORENA,146,0.3734015345268542,123,0.3145780051150895,PT,23,0.058823529411764705,UNIDOS_CONTIGO,173,0.4424552429667519,27,0.06905370843989769,MORENA,146,0.3734015345268542,123,0.3145780051150895,PT,23,0.058823529411764705,173,0.4424552429667519,23,0.058823529411764705,9,0.023017902813299233,7,0.017902813299232736,146,0.3734015345268542,2,0.005115089514066497,2,0.005115089514066497,5,0.01278772378516624,2,0.005115089514066497,5,0.01278772378516624,4,0.010230179028132993,9,0.023017902813299233,0,0.0,4,0.010230179028132993,391,1.0,INE_DIPUTACIONES_FED_2021,SECCION,PARCIAL,CATALOGO_INE_2026
77,3,BAJA CALIFORNIA SUR,LA PAZ,,2,127,741,379,0.5114709851551957,0.48852901484480427,MORENA,169,0.44591029023746703,34,0.08970976253298153,UNIDOS_CONTIGO,135,0.3562005277044855,115,0.3034300791556728,PT,20,0.052770448548812667,MORENA,169,0.44591029023746703,34,0.08970976253298153,UNIDOS_CONTIGO,135,0.3562005277044855,115,0.3034300791556728,PT,20,0.052770448548812667,135,0.3562005277044855,20,0.052770448548812667,19,0.05013192612137203,4,0.010554089709762533,169,0.44591029023746703,5,0.013192612137203167,4,0.010554089709762533,4,0.010554089709762533,2,0.005277044854881266,5,0.013192612137203167,2,0.005277044854881266,8,0.021108179419525065,0,0.0,2,0.005277044854881266,379,1.0,INE_DIPUTACIONES_FED_2021,SECCION,PARCIAL,CATALOGO_INE_2026
78,3,BAJA CALIFORNIA SUR,LA PAZ,,2,128,641,361,0.5631825273010921,0.4368174726989079,MORENA,149,0.41274238227146814,34,0.09418282548476455,UNIDOS_CONTIGO,115,0.3185595567867036,84,0.23268698060941828,PVEM,31,0.08587257617728532,MORENA,149,0.41274238227146814,34,0.09418282548476455,UNIDOS_CONTIGO,115,0.3185595567867036,84,0.23268698060941828,PVEM,31,0.08587257617728532,115,0.3185595567867036,22,0.060941828254847646,31,0.08587257617728532,6,0.01662049861495845,149,0.41274238227146814,4,0.0110803324099723,1,0.002770083102493075,5,0.013850415512465374,0,0.0,4,0.0110803324099723,3,0.008310249307479225,8,0.0221606648199446,0,0.0,13,0.036011080332409975,361,1.0,INE_DIPUTACIONES_FED_2021,SECCION,PARCIAL,CATALOGO_INE_2026
79,3,BAJA CALIFORNIA SUR,LA PAZ,,2,129,986,495,0.5020283975659229,0.4979716024340771,MORENA,187,0.37777777777777777,17,0.03434343434343434,UNIDOS_CONTIGO,170,0.3434343434343434,128,0.2585858585858586,PVEM,42,0.08484848484848485,MORENA,187,0.37777777777777777,17,0.03434343434343434,UNIDOS_CONTIGO,170,0.3434343434343434,128,0.2585858585858586,PVEM,42,0.08484848484848485,170,0.3434343434343434,29,0.05858585858585859,42,0.08484848484848485,10,0.020202020202020204,187,0.37777777777777777,4,0.00808080808080808,2,0.00404040404040404,4,0.00808080808080808,0,0.0,3,0.006060606060606061,3,0.006060606060606061,13,0.026262626262626262,0,0.0,28,0.05656565656565657,495,1.0,INE_DIPUTACIONES_FED_2021,SECCION,PARCIAL,CATALOGO_INE_2026
80,3,BAJA CALIFORNIA SUR,LA PAZ,,2,135,1018,490,0.481335952848723,0.518664047151277,UNIDOS_CONTIGO,183,0.373469387755102,1,0.0020408163265306124,MORENA,182,0.37142857142857144,137,0.2795918367346939,PT,45,0.09183673469387756,UNIDOS_CONTIGO,183,0.373469387755102,1,0.0020408163265306124,MORENA,182,0.37142857142857144,137,0.2795918367346939,PT,45,0.09183673469387756,183,0.373469387755102,45,0.09183673469387756,15,0.030612244897959183,9,0.018367346938775512,182,0.37142857142857144,2,0.004081632653061225,6,0.012244897959183673,3,0.006122448979591836,3,0.006122448979591836,5,0.01020408163265306,10,0.02040816326530612,11,0.022448979591836733,0,0.0,16,0.0326530612244898,490,1.0,INE_DIPUTACIONES_FED_2021,SECCION,PARCIAL,CATALOGO_INE_2026
81,3,BAJA CALIFORNIA SUR,LA PAZ,,2,136,802,417,0.5199501246882793,0.4800498753117207,UNIDOS_CONTIGO,175,0.4196642685851319,20,0.047961630695443645,MORENA,155,0.37170263788968827,138,0.33093525179856115,PT,17,0.0407673860911271,UNIDOS_CONTIGO,175,0.4196642685851319,20,0.047961630695443645,MORENA,155,0.37170263788968827,138,0.33093525179856115,PT,17,0.0407673860911271,175,0.4196642685851319,17,0.0407673860911271,12,0.02877697841726619,12,0.02877697841726619,155,0.37170263788968827,2,0.004796163069544364,5,0.011990407673860911,7,0.016786570743405275,0,0.0,4,0.009592326139088728,3,0.007194244604316547,9,0.02158273381294964,1,0.002398081534772182,15,0.03597122302158273,417,1.0,INE_DIPUTACIONES_FED_2021,SECCION,PARCIAL,CATALOGO_INE_2026
82,3,BAJA CALIFORNIA SUR,LA PAZ,,2,137,790,505,0.6392405063291139,0.3607594936708861,UNIDOS_CONTIGO,234,0.4633663366336634,57,0.11287128712871287,MORENA,177,0.3504950495049505,156,0.3089108910891089,PT,21,0.041584158415841586,UNIDOS_CONTIGO,234,0.4633663366336634,57,0.11287128712871287,MORENA,177,0.3504950495049505,156,0.3089108910891089,PT,21,0.041584158415841586,234,0.4633663366336634,21,0.041584158415841586,7,0.013861386138613862,19,0.03762376237623762,177,0.3504950495049505,2,0.0039603960396039604,9,0.01782178217821782,2,0.0039603960396039604,0,0.0,0,0.0,6,0.011881188118811881,17,0.033663366336633666,0,0.0,11,0.02178217821782178,505,1.0,INE_DIPUTACIONES_FED_2021,SECCION,PARCIAL,CATALOGO_INE_2026
83,3,BAJA CALIFORNIA SUR,LA PAZ,,2,138,625,336,0.5376,0.46240000000000003,UNIDOS_CONTIGO,134,0.39880952380952384,3,0.008928571428571428,MORENA,131,0.3898809523809524,115,0.34226190476190477,PT,16,0.047619047619047616,UNIDOS_CONTIGO,134,0.39880952380952384,3,0.008928571428571428,MORENA,131,0.3898809523809524,115,0.34226190476190477,PT,16,0.047619047619047616,134,0.39880952380952384,16,0.047619047619047616,11,0.03273809523809524,6,0.017857142857142856,131,0.3898809523809524,0,0.0,1,0.002976190476190476,2,0.005952380952380952,1,0.002976190476190476,3,0.008928571428571428,5,0.01488095238095238,10,0.02976190476190476,1,0.002976190476190476,15,0.044642857142857144,336,1.0,INE_DIPUTACIONES_FED_2021,SECCION,PARCIAL,CATALOGO_INE_2026
84,3,BAJA CALIFORNIA SUR,LA PAZ,,2,139,542,298,0.5498154981549815,0.45018450184501846,MORENA,145,0.4865771812080537,57,0.1912751677852349,UNIDOS_CONTIGO,88,0.2953020134228188,64,0.21476510067114093,PT,24,0.08053691275167785,MORENA,145,0.4865771812080537,57,0.1912751677852349,UNIDOS_CONTIGO,88,0.2953020134228188,64,0.21476510067114093,PT,24,0.08053691275167785,88,0.2953020134228188,24,0.08053691275167785,9,0.030201342281879196,4,0.013422818791946308,145,0.4865771812080537,1,0.003355704697986577,3,0.010067114093959731,2,0.006711409395973154,1,0.003355704697986577,1,0.003355704697986577,1,0.003355704697986577,9,0.030201342281879196,1,0.003355704697986577,9,0.030201342281879196,298,1.0,INE_DIPUTACIONES_FED_2021,SECCION,PARCIAL,CATALOGO_INE_2026
85,3,BAJA CALIFORNIA SUR,LA PAZ,,2,140,474,214,0.45147679324894513,0.5485232067510548,MORENA,88,0.411214953271028,17,0.0794392523364486,UNIDOS_CONTIGO,71,0.3317757009345794,58,0.27102803738317754,PT,13,0.06074766355140187,MORENA,88,0.411214953271028,17,0.0794392523364486,UNIDOS_CONTIGO,71,0.3317757009345794,58,0.27102803738317754,PT,13,0.06074766355140187,71,0.3317757009345794,13,0.06074766355140187,7,0.03271028037383177,4,0.018691588785046728,88,0.411214953271028,2,0.009345794392523364,5,0.02336448598130841,1,0.004672897196261682,1,0.004672897196261682,3,0.014018691588785047,1,0.004672897196261682,9,0.04205607476635514,0,0.0,9,0.04205607476635514,214,1.0,INE_DIPUTACIONES_FED_2021,SECCION,PARCIAL,CATALOGO_INE_2026
86,3,BAJA CALIFORNIA SUR,LA PAZ,,2,141,785,376,0.4789808917197452,0.5210191082802548,MORENA,157,0.4175531914893617,41,0.10904255319148937,UNIDOS_CONTIGO,116,0.30851063829787234,93,0.2473404255319149,PVEM,23,0.061170212765957445,MORENA,157,0.4175531914893617,41,0.10904255319148937,UNIDOS_CONTIGO,116,0.30851063829787234,93,0.2473404255319149,PVEM,23,0.061170212765957445,116,0.30851063829787234,19,0.05053191489361702,23,0.061170212765957445,12,0.031914893617021274,157,0.4175531914893617,4,0.010638297872340425,7,0.018617021276595744,7,0.018617021276595744,0,0.0,2,0.005319148936170213,5,0.013297872340425532,8,0.02127659574468085,0,0.0,16,0.0425531914893617,376,1.0,INE_DIPUTACIONES_FED_2021,SECCION,PARCIAL,CATALOGO_INE_2026
87,3,BAJA CALIFORNIA SUR,LA PAZ,,2,142,1060,526,0.4962264150943396,0.5037735849056604,MORENA,217,0.41254752851711024,42,0.07984790874524715,UNIDOS_CONTIGO,175,0.33269961977186313,140,0.2661596958174905,PVEM,35,0.06653992395437262,MORENA,217,0.41254752851711024,42,0.07984790874524715,UNIDOS_CONTIGO,175,0.33269961977186313,140,0.2661596958174905,PVEM,35,0.06653992395437262,175,0.33269961977186313,28,0.053231939163498096,35,0.06653992395437262,14,0.026615969581749048,217,0.41254752851711024,6,0.011406844106463879,8,0.015209125475285171,3,0.005703422053231939,2,0.0038022813688212928,8,0.015209125475285171,7,0.013307984790874524,9,0.017110266159695818,0,0.0,14,0.026615969581749048,526,1.0,INE_DIPUTACIONES_FED_2021,SECCION,PARCIAL,CATALOGO_INE_2026
88,3,BAJA CALIFORNIA SUR,LA PAZ,,2,143,1961,763,0.38908720040795514,0.6109127995920449,MORENA,289,0.37876802096985585,9,0.011795543905635648,UNIDOS_CONTIGO,280,0.3669724770642202,231,0.30275229357798167,PVEM,49,0.06422018348623854,MORENA,289,0.37876802096985585,9,0.011795543905635648,UNIDOS_CONTIGO,280,0.3669724770642202,231,0.30275229357798167,PVEM,49,0.06422018348623854,280,0.3669724770642202,33,0.04325032765399738,49,0.06422018348623854,12,0.015727391874180863,289,0.37876802096985585,9,0.011795543905635648,16,0.020969855832241154,9,0.011795543905635648,3,0.003931847968545216,6,0.007863695937090432,6,0.007863695937090432,25,0.0327653997378768,1,0.001310615989515072,25,0.0327653997378768,763,1.0,INE_DIPUTACIONES_FED_2021,SECCION,PARCIAL,CATALOGO_INE_2026
89,3,BAJA CALIFORNIA SUR,LA PAZ,,2,144,1464,631,0.43101092896174864,0.5689890710382514,UNIDOS_CONTIGO,263,0.41679873217115687,64,0.10142630744849446,MORENA,199,0.3153724247226624,159,0.2519809825673534,PVEM,40,0.06339144215530904,UNIDOS_CONTIGO,263,0.41679873217115687,64,0.10142630744849446,MORENA,199,0.3153724247226624,159,0.2519809825673534,PVEM,40,0.06339144215530904,263,0.41679873217115687,36,0.05705229793977813,40,0.06339144215530904,16,0.025356576862123614,199,0.3153724247226624,4,0.006339144215530904,2,0.003169572107765452,12,0.01901743264659271,5,0.00792393026941363,3,0.004754358161648178,6,0.009508716323296355,13,0.020602218700475437,0,0.0,32,0.05071315372424723,631,1.0,INE_DIPUTACIONES_FED_2021,SECCION,PARCIAL,CATALOGO_INE_2026
90,3,BAJA CALIFORNIA SUR,LA PAZ,,2,145,778,386,0.4961439588688946,0.5038560411311054,UNIDOS_CONTIGO,162,0.41968911917098445,38,0.09844559585492228,MORENA,124,0.32124352331606215,99,0.25647668393782386,PT,25,0.06476683937823834,UNIDOS_CONTIGO,162,0.41968911917098445,38,0.09844559585492228,MORENA,124,0.32124352331606215,99,0.25647668393782386,PT,25,0.06476683937823834,162,0.41968911917098445,25,0.06476683937823834,16,0.04145077720207254,9,0.023316062176165803,124,0.32124352331606215,1,0.0025906735751295338,5,0.012953367875647668,3,0.007772020725388601,2,0.0051813471502590676,6,0.015544041450777202,5,0.012953367875647668,9,0.023316062176165803,0,0.0,19,0.04922279792746114,386,1.0,INE_DIPUTACIONES_FED_2021,SECCION,PARCIAL,CATALOGO_INE_2026
91,3,BAJA CALIFORNIA SUR,LA PAZ,,2,146,579,300,0.5181347150259067,0.4818652849740933,UNIDOS_CONTIGO,115,0.38333333333333336,6,0.02,MORENA,109,0.36333333333333334,88,0.29333333333333333,MORENA_PT,21,0.07,UNIDOS_CONTIGO,115,0.38333333333333336,6,0.02,MORENA,109,0.36333333333333334,88,0.29333333333333333,MORENA_PT,21,0.07,115,0.38333333333333336,16,0.05333333333333334,16,0.05333333333333334,2,0.006666666666666667,109,0.36333333333333334,1,0.0033333333333333335,3,0.01,4,0.013333333333333334,0,0.0,3,0.01,6,0.02,21,0.07,0,0.0,4,0.013333333333333334,300,1.0,INE_DIPUTACIONES_FED_2021,SECCION,PARCIAL,CATALOGO_INE_2026
92,3,BAJA CALIFORNIA SUR,LA PAZ,,2,147,689,367,0.532656023222061,0.46734397677793904,MORENA,139,0.3787465940054496,15,0.04087193460490463,UNIDOS_CONTIGO,124,0.33787465940054495,80,0.21798365122615804,PT,44,0.11989100817438691,MORENA,139,0.3787465940054496,15,0.04087193460490463,UNIDOS_CONTIGO,124,0.33787465940054495,80,0.21798365122615804,PT,44,0.11989100817438691,124,0.33787465940054495,44,0.11989100817438691,14,0.03814713896457766,5,0.013623978201634877,139,0.3787465940054496,2,0.005449591280653951,4,0.010899182561307902,2,0.005449591280653951,1,0.0027247956403269754,8,0.021798365122615803,2,0.005449591280653951,10,0.027247956403269755,0,0.0,12,0.0326975476839237,367,1.0,INE_DIPUTACIONES_FED_2021,SECCION,PARCIAL,CATALOGO_INE_2026
93,3,BAJA CALIFORNIA SUR,LA PAZ,,2,148,517,272,0.5261121856866537,0.47388781431334626,UNIDOS_CONTIGO,126,0.4632352941176471,38,0.13970588235294118,MORENA,88,0.3235294117647059,72,0.2647058823529412,PT,16,0.058823529411764705,UNIDOS_CONTIGO,126,0.4632352941176471,38,0.13970588235294118,MORENA,88,0.3235294117647059,72,0.2647058823529412,PT,16,0.058823529411764705,126,0.4632352941176471,16,0.058823529411764705,3,0.011029411764705883,4,0.014705882352941176,88,0.3235294117647059,3,0.011029411764705883,3,0.011029411764705883,1,0.003676470588235294,1,0.003676470588235294,1,0.003676470588235294,4,0.014705882352941176,6,0.022058823529411766,0,0.0,16,0.058823529411764705,272,1.0,INE_DIPUTACIONES_FED_2021,SECCION,PARCIAL,CATALOGO_INE_2026
94,3,BAJA CALIFORNIA SUR,LA PAZ,,2,149,584,301,0.5154109589041096,0.4845890410958904,MORENA,143,0.4750830564784053,44,0.1461794019933555,UNIDOS_CONTIGO,99,0.3289036544850498,83,0.2757475083056478,PT,16,0.053156146179401995,MORENA,143,0.4750830564784053,44,0.1461794019933555,UNIDOS_CONTIGO,99,0.3289036544850498,83,0.2757475083056478,PT,16,0.053156146179401995,99,0.3289036544850498,16,0.053156146179401995,7,0.023255813953488372,6,0.019933554817275746,143,0.4750830564784053,3,0.009966777408637873,4,0.013289036544850499,1,0.0033222591362126247,1,0.0033222591362126247,2,0.006644518272425249,2,0.006644518272425249,10,0.03322259136212625,0,0.0,7,0.023255813953488372,301,1.0,INE_DIPUTACIONES_FED_2021,SECCION,PARCIAL,CATALOGO_INE_2026
95,3,BAJA CALIFORNIA SUR,LA PAZ,,2,150,507,268,0.5285996055226825,0.4714003944773175,MORENA,105,0.3917910447761194,35,0.13059701492537312,UNIDOS_CONTIGO,70,0.26119402985074625,44,0.16417910447761194,PT,26,0.09701492537313433,MORENA,105,0.3917910447761194,35,0.13059701492537312,UNIDOS_CONTIGO,70,0.26119402985074625,44,0.16417910447761194,PT,26,0.09701492537313433,70,0.26119402985074625,26,0.09701492537313433,15,0.055970149253731345,6,0.022388059701492536,105,0.3917910447761194,3,0.011194029850746268,2,0.007462686567164179,3,0.011194029850746268,0,0.0,3,0.011194029850746268,2,0.007462686567164179,21,0.07835820895522388,0,0.0,12,0.04477611940298507,268,1.0,INE_DIPUTACIONES_FED_2021,SECCION,PARCIAL,CATALOGO_INE_2026
96,3,BAJA CALIFORNIA SUR,LA PAZ,,2,151,651,276,0.423963133640553,0.5760368663594471,UNIDOS_CONTIGO,116,0.42028985507246375,11,0.03985507246376811,MORENA,105,0.3804347826086957,89,0.322463768115942,PT,16,0.057971014492753624,UNIDOS_CONTIGO,116,0.42028985507246375,11,0.03985507246376811,MORENA,105,0.3804347826086957,89,0.322463768115942,PT,16,0.057971014492753624,116,0.42028985507246375,16,0.057971014492753624,8,0.028985507246376812,2,0.007246376811594203,105,0.3804347826086957,1,0.0036231884057971015,4,0.014492753623188406,5,0.018115942028985508,0,0.0,2,0.007246376811594203,8,0.028985507246376812,7,0.025362318840579712,0,0.0,2,0.007246376811594203,276,1.0,INE_DIPUTACIONES_FED_2021,SECCION,PARCIAL,CATALOGO_INE_2026
97,3,BAJA CALIFORNIA SUR,LA PAZ,,2,159,526,295,0.5608365019011406,0.43916349809885935,UNIDOS_CONTIGO,164,0.5559322033898305,71,0.24067796610169492,MORENA,93,0.3152542372881356,81,0.2745762711864407,PT,12,0.04067796610169491,UNIDOS_CONTIGO,164,0.5559322033898305,71,0.24067796610169492,MORENA,93,0.3152542372881356,81,0.2745762711864407,PT,12,0.04067796610169491,164,0.5559322033898305,12,0.04067796610169491,2,0.006779661016949152,3,0.010169491525423728,93,0.3152542372881356,3,0.010169491525423728,2,0.006779661016949152,1,0.003389830508474576,0,0.0,2,0.006779661016949152,5,0.01694915254237288,4,0.013559322033898305,0,0.0,4,0.013559322033898305,295,1.0,INE_DIPUTACIONES_FED_2021,SECCION,PARCIAL,CATALOGO_INE_2026
98,3,BAJA CALIFORNIA SUR,LA PAZ,,2,160,506,293,0.5790513833992095,0.4209486166007905,UNIDOS_CONTIGO,142,0.48464163822525597,38,0.1296928327645051,MORENA,104,0.35494880546075086,94,0.32081911262798635,PT,10,0.034129692832764506,UNIDOS_CONTIGO,142,0.48464163822525597,38,0.1296928327645051,MORENA,104,0.35494880546075086,94,0.32081911262798635,PT,10,0.034129692832764506,142,0.48464163822525597,10,0.034129692832764506,9,0.030716723549488054,6,0.020477815699658702,104,0.35494880546075086,2,0.006825938566552901,0,0.0,3,0.010238907849829351,0,0.0,3,0.010238907849829351,5,0.017064846416382253,4,0.013651877133105802,0,0.0,5,0.017064846416382253,293,1.0,INE_DIPUTACIONES_FED_2021,SECCION,PARCIAL,CATALOGO_INE_2026
99,3,BAJA CALIFORNIA SUR,LA PAZ,,2,161,677,392,0.5790251107828656,0.42097488921713444,UNIDOS_CONTIGO,222,0.5663265306122449,108,0.2755102040816326,MORENA,114,0.29081632653061223,102,0.2602040816326531,PT,12,0.030612244897959183,UNIDOS_CONTIGO,222,0.5663265306122449,108,0.2755102040816326,MORENA,114,0.29081632653061223,102,0.2602040816326531,PT,12,0.030612244897959183,222,0.5663265306122449,12,0.030612244897959183,6,0.015306122448979591,11,0.02806122448979592,114,0.29081632653061223,2,0.00510204081632653,2,0.00510204081632653,1,0.002551020408163265,2,0.00510204081632653,1,0.002551020408163265,9,0.02295918367346939,2,0.00510204081632653,0,0.0,8,0.02040816326530612,392,1.0,INE_DIPUTACIONES_FED_2021,SECCION,PARCIAL,CATALOGO_INE_2026
100,3,BAJA CALIFORNIA SUR,LA PAZ,,2,162,866,560,0.6466512702078522,0.3533487297921478,UNIDOS_CONTIGO,258,0.4607142857142857,59,0.10535714285714286,MORENA,199,0.35535714285714287,182,0.325,PT,17,0.030357142857142857,UNIDOS_CONTIGO,258,0.4607142857142857,59,0.10535714285714286,MORENA,199,0.35535714285714287,182,0.325,PT,17,0.030357142857142857,258,0.4607142857142857,17,0.030357142857142857,14,0.025,12,0.02142857142857143,199,0.35535714285714287,2,0.0035714285714285713,5,0.008928571428571428,7,0.0125,0,0.0,5,0.008928571428571428,16,0.02857142857142857,8,0.014285714285714285,3,0.005357142857142857,14,0.025,560,1.0,INE_DIPUTACIONES_FED_2021,SECCION,PARCIAL,CATALOGO_INE_2026
101,3,BAJA CALIFORNIA SUR,LA PAZ,,2,163,681,420,0.6167400881057269,0.3832599118942731,UNIDOS_CONTIGO,228,0.5428571428571428,107,0.25476190476190474,MORENA,121,0.28809523809523807,111,0.2642857142857143,PVEM,10,0.023809523809523808,UNIDOS_CONTIGO,228,0.5428571428571428,107,0.25476190476190474,MORENA,121,0.28809523809523807,111,0.2642857142857143,PVEM,10,0.023809523809523808,228,0.5428571428571428,8,0.01904761904761905,10,0.023809523809523808,5,0.011904761904761904,121,0.28809523809523807,5,0.011904761904761904,7,0.016666666666666666,5,0.011904761904761904,0,0.0,6,0.014285714285714285,10,0.023809523809523808,8,0.01904761904761905,0,0.0,7,0.016666666666666666,420,1.0,INE_DIPUTACIONES_FED_2021,SECCION,PARCIAL,CATALOGO_INE_2026
102,3,BAJA CALIFORNIA SUR,LA PAZ,,2,164,825,505,0.6121212121212121,0.38787878787878793,UNIDOS_CONTIGO,268,0.5306930693069307,121,0.2396039603960396,MORENA,147,0.29108910891089107,135,0.26732673267326734,PT,12,0.023762376237623763,UNIDOS_CONTIGO,268,0.5306930693069307,121,0.2396039603960396,MORENA,147,0.29108910891089107,135,0.26732673267326734,PT,12,0.023762376237623763,268,0.5306930693069307,12,0.023762376237623763,11,0.02178217821782178,11,0.02178217821782178,147,0.29108910891089107,2,0.0039603960396039604,6,0.011881188118811881,5,0.009900990099009901,1,0.0019801980198019802,10,0.019801980198019802,9,0.01782178217821782,11,0.02178217821782178,0,0.0,12,0.023762376237623763,505,1.0,INE_DIPUTACIONES_FED_2021,SECCION,PARCIAL,CATALOGO_INE_2026
103,3,BAJA CALIFORNIA SUR,LA PAZ,,2,165,877,553,0.6305587229190421,0.36944127708095786,UNIDOS_CONTIGO,292,0.5280289330922242,132,0.23869801084990958,MORENA,160,0.28933092224231466,139,0.2513562386980108,PT,21,0.0379746835443038,UNIDOS_CONTIGO,292,0.5280289330922242,132,0.23869801084990958,MORENA,160,0.28933092224231466,139,0.2513562386980108,PT,21,0.0379746835443038,292,0.5280289330922242,21,0.0379746835443038,13,0.023508137432188065,13,0.023508137432188065,160,0.28933092224231466,1,0.0018083182640144665,8,0.014466546112115732,7,0.012658227848101266,0,0.0,5,0.009041591320072333,7,0.012658227848101266,7,0.012658227848101266,0,0.0,19,0.034358047016274866,553,1.0,INE_DIPUTACIONES_FED_2021,SECCION,PARCIAL,CATALOGO_INE_2026
104,3,BAJA CALIFORNIA SUR,LA PAZ,,2,166,682,487,0.7140762463343109,0.2859237536656891,UNIDOS_CONTIGO,330,0.6776180698151951,221,0.4537987679671458,MORENA,109,0.22381930184804927,96,0.1971252566735113,PT,13,0.026694045174537988,UNIDOS_CONTIGO,330,0.6776180698151951,221,0.4537987679671458,MORENA,109,0.22381930184804927,96,0.1971252566735113,PT,13,0.026694045174537988,330,0.6776180698151951,13,0.026694045174537988,4,0.008213552361396304,12,0.024640657084188913,109,0.22381930184804927,2,0.004106776180698152,1,0.002053388090349076,1,0.002053388090349076,1,0.002053388090349076,2,0.004106776180698152,5,0.01026694045174538,2,0.004106776180698152,1,0.002053388090349076,4,0.008213552361396304,487,1.0,INE_DIPUTACIONES_FED_2021,SECCION,PARCIAL,CATALOGO_INE_2026
105,3,BAJA CALIFORNIA SUR,LA PAZ,,2,167,1002,617,0.6157684630738522,0.38423153692614775,UNIDOS_CONTIGO,299,0.4846029173419773,95,0.1539708265802269,MORENA,204,0.33063209076175043,163,0.26418152350081037,PT,41,0.06645056726094004,UNIDOS_CONTIGO,299,0.4846029173419773,95,0.1539708265802269,MORENA,204,0.33063209076175043,163,0.26418152350081037,PT,41,0.06645056726094004,299,0.4846029173419773,41,0.06645056726094004,6,0.009724473257698542,9,0.014586709886547812,204,0.33063209076175043,0,0.0,2,0.0032414910858995136,1,0.0016207455429497568,3,0.004862236628849271,2,0.0032414910858995136,8,0.012965964343598054,16,0.02593192868719611,0,0.0,26,0.04213938411669368,617,1.0,INE_DIPUTACIONES_FED_2021,SECCION,PARCIAL,CATALOGO_INE_2026
106,3,BAJA CALIFORNIA SUR,LA PAZ,,2,168,985,569,0.5776649746192893,0.42233502538071066,UNIDOS_CONTIGO,261,0.45869947275922673,39,0.06854130052724078,MORENA,222,0.39015817223198596,199,0.34973637961335674,PT,23,0.040421792618629174,UNIDOS_CONTIGO,261,0.45869947275922673,39,0.06854130052724078,MORENA,222,0.39015817223198596,199,0.34973637961335674,PT,23,0.040421792618629174,261,0.45869947275922673,23,0.040421792618629174,4,0.007029876977152899,11,0.019332161687170474,222,0.39015817223198596,5,0.008787346221441126,2,0.0035149384885764497,6,0.01054481546572935,1,0.0017574692442882249,4,0.007029876977152899,15,0.026362038664323375,8,0.014059753954305799,0,0.0,7,0.012302284710017574,569,1.0,INE_DIPUTACIONES_FED_2021,SECCION,PARCIAL,CATALOGO_INE_2026
107,3,BAJA CALIFORNIA SUR,LA PAZ,,2,169,822,356,0.43309002433090027,0.5669099756690997,UNIDOS_CONTIGO,155,0.4353932584269663,32,0.0898876404494382,MORENA,123,0.3455056179775281,106,0.29775280898876405,PT,17,0.047752808988764044,UNIDOS_CONTIGO,155,0.4353932584269663,32,0.0898876404494382,MORENA,123,0.3455056179775281,106,0.29775280898876405,PT,17,0.047752808988764044,155,0.4353932584269663,17,0.047752808988764044,9,0.025280898876404494,14,0.03932584269662921,123,0.3455056179775281,5,0.014044943820224719,6,0.016853932584269662,2,0.0056179775280898875,2,0.0056179775280898875,2,0.0056179775280898875,3,0.008426966292134831,9,0.025280898876404494,0,0.0,9,0.025280898876404494,356,1.0,INE_DIPUTACIONES_FED_2021,SECCION,PARCIAL,CATALOGO_INE_2026
108,3,BAJA CALIFORNIA SUR,LA PAZ,,2,170,498,329,0.6606425702811245,0.3393574297188755,UNIDOS_CONTIGO,139,0.42249240121580545,20,0.060790273556231005,MORENA,119,0.3617021276595745,95,0.2887537993920973,PT,24,0.0729483282674772,UNIDOS_CONTIGO,139,0.42249240121580545,20,0.060790273556231005,MORENA,119,0.3617021276595745,95,0.2887537993920973,PT,24,0.0729483282674772,139,0.42249240121580545,24,0.0729483282674772,7,0.02127659574468085,6,0.0182370820668693,119,0.3617021276595745,2,0.0060790273556231,1,0.00303951367781155,5,0.015197568389057751,1,0.00303951367781155,0,0.0,3,0.00911854103343465,12,0.0364741641337386,0,0.0,10,0.030395136778115502,329,1.0,INE_DIPUTACIONES_FED_2021,SECCION,PARCIAL,CATALOGO_INE_2026
109,3,BAJA CALIFORNIA SUR,LA PAZ,,2,171,613,351,0.5725938009787929,0.42740619902120713,MORENA,143,0.4074074074074074,8,0.022792022792022793,UNIDOS_CONTIGO,135,0.38461538461538464,121,0.34472934472934474,PT,14,0.039886039886039885,MORENA,143,0.4074074074074074,8,0.022792022792022793,UNIDOS_CONTIGO,135,0.38461538461538464,121,0.34472934472934474,PT,14,0.039886039886039885,135,0.38461538461538464,14,0.039886039886039885,4,0.011396011396011397,6,0.017094017094017096,143,0.4074074074074074,2,0.005698005698005698,5,0.014245014245014245,5,0.014245014245014245,1,0.002849002849002849,5,0.014245014245014245,4,0.011396011396011397,11,0.03133903133903134,0,0.0,16,0.045584045584045586,351,1.0,INE_DIPUTACIONES_FED_2021,SECCION,PARCIAL,CATALOGO_INE_2026
110,3,BAJA CALIFORNIA SUR,LA PAZ,,2,172,646,359,0.5557275541795665,0.44427244582043346,UNIDOS_CONTIGO,177,0.49303621169916434,54,0.15041782729805014,MORENA,123,0.3426183844011142,103,0.28690807799442897,PT,20,0.055710306406685235,UNIDOS_CONTIGO,177,0.49303621169916434,54,0.15041782729805014,MORENA,123,0.3426183844011142,103,0.28690807799442897,PT,20,0.055710306406685235,177,0.49303621169916434,20,0.055710306406685235,10,0.027855153203342618,9,0.025069637883008356,123,0.3426183844011142,0,0.0,2,0.005571030640668524,2,0.005571030640668524,1,0.002785515320334262,0,0.0,1,0.002785515320334262,8,0.022284122562674095,0,0.0,6,0.016713091922005572,359,1.0,INE_DIPUTACIONES_FED_2021,SECCION,PARCIAL,CATALOGO_INE_2026
111,3,BAJA CALIFORNIA SUR,LA PAZ,,2,173,992,559,0.563508064516129,0.436491935483871,UNIDOS_CONTIGO,230,0.41144901610017887,10,0.017889087656529516,MORENA,220,0.3935599284436494,189,0.33810375670840787,PT,31,0.055456171735241505,UNIDOS_CONTIGO,230,0.41144901610017887,10,0.017889087656529516,MORENA,220,0.3935599284436494,189,0.33810375670840787,PT,31,0.055456171735241505,230,0.41144901610017887,31,0.055456171735241505,10,0.017889087656529516,15,0.026833631484794274,220,0.3935599284436494,3,0.005366726296958855,4,0.007155635062611807,6,0.01073345259391771,1,0.0017889087656529517,2,0.0035778175313059034,4,0.007155635062611807,16,0.028622540250447227,0,0.0,17,0.03041144901610018,559,1.0,INE_DIPUTACIONES_FED_2021,SECCION,PARCIAL,CATALOGO_INE_2026
112,3,BAJA CALIFORNIA SUR,LA PAZ,,2,174,954,530,0.5555555555555556,0.4444444444444444,UNIDOS_CONTIGO,227,0.42830188679245285,18,0.033962264150943396,MORENA,209,0.39433962264150946,188,0.35471698113207545,PT,21,0.03962264150943396,UNIDOS_CONTIGO,227,0.42830188679245285,18,0.033962264150943396,MORENA,209,0.39433962264150946,188,0.35471698113207545,PT,21,0.03962264150943396,227,0.42830188679245285,21,0.03962264150943396,7,0.013207547169811321,20,0.03773584905660377,209,0.39433962264150946,3,0.005660377358490566,3,0.005660377358490566,3,0.005660377358490566,1,0.0018867924528301887,4,0.007547169811320755,9,0.016981132075471698,11,0.020754716981132074,0,0.0,12,0.022641509433962263,530,1.0,INE_DIPUTACIONES_FED_2021,SECCION,PARCIAL,CATALOGO_INE_2026
113,3,BAJA CALIFORNIA SUR,LA PAZ,,2,176,543,326,0.6003683241252302,0.3996316758747698,UNIDOS_CONTIGO,163,0.5,55,0.1687116564417178,MORENA,108,0.3312883435582822,94,0.2883435582822086,PT,14,0.04294478527607362,UNIDOS_CONTIGO,163,0.5,55,0.1687116564417178,MORENA,108,0.3312883435582822,94,0.2883435582822086,PT,14,0.04294478527607362,163,0.5,14,0.04294478527607362,12,0.03680981595092025,5,0.015337423312883436,108,0.3312883435582822,2,0.006134969325153374,2,0.006134969325153374,6,0.018404907975460124,0,0.0,0,0.0,2,0.006134969325153374,5,0.015337423312883436,1,0.003067484662576687,6,0.018404907975460124,326,1.0,INE_DIPUTACIONES_FED_2021,SECCION,PARCIAL,CATALOGO_INE_2026
114,3,BAJA CALIFORNIA SUR,LA PAZ,,2,177,573,324,0.5654450261780105,0.4345549738219895,UNIDOS_CONTIGO,137,0.4228395061728395,10,0.030864197530864196,MORENA,127,0.39197530864197533,106,0.3271604938271605,PT,21,0.06481481481481481,UNIDOS_CONTIGO,137,0.4228395061728395,10,0.030864197530864196,MORENA,127,0.39197530864197533,106,0.3271604938271605,PT,21,0.06481481481481481,137,0.4228395061728395,21,0.06481481481481481,9,0.027777777777777776,10,0.030864197530864196,127,0.39197530864197533,4,0.012345679012345678,5,0.015432098765432098,2,0.006172839506172839,1,0.0030864197530864196,1,0.0030864197530864196,0,0.0,0,0.0,0,0.0,7,0.021604938271604937,324,1.0,INE_DIPUTACIONES_FED_2021,SECCION,PARCIAL,CATALOGO_INE_2026
115,3,BAJA CALIFORNIA SUR,LA PAZ,,2,178,483,291,0.6024844720496895,0.39751552795031053,UNIDOS_CONTIGO,120,0.41237113402061853,9,0.030927835051546393,MORENA,111,0.38144329896907214,97,0.3333333333333333,PT,14,0.048109965635738834,UNIDOS_CONTIGO,120,0.41237113402061853,9,0.030927835051546393,MORENA,111,0.38144329896907214,97,0.3333333333333333,PT,14,0.048109965635738834,120,0.41237113402061853,14,0.048109965635738834,6,0.020618556701030927,9,0.030927835051546393,111,0.38144329896907214,3,0.010309278350515464,6,0.020618556701030927,3,0.010309278350515464,0,0.0,2,0.006872852233676976,6,0.020618556701030927,3,0.010309278350515464,0,0.0,8,0.027491408934707903,291,1.0,INE_DIPUTACIONES_FED_2021,SECCION,PARCIAL,CATALOGO_INE_2026
116,3,BAJA CALIFORNIA SUR,LA PAZ,,2,188,738,479,0.6490514905149052,0.3509485094850948,UNIDOS_CONTIGO,259,0.5407098121085595,97,0.20250521920668058,MORENA,162,0.33820459290187893,146,0.3048016701461378,PT,16,0.033402922755741124,UNIDOS_CONTIGO,259,0.5407098121085595,97,0.20250521920668058,MORENA,162,0.33820459290187893,146,0.3048016701461378,PT,16,0.033402922755741124,259,0.5407098121085595,16,0.033402922755741124,6,0.012526096033402923,8,0.016701461377870562,162,0.33820459290187893,1,0.0020876826722338203,4,0.008350730688935281,5,0.010438413361169102,0,0.0,2,0.0041753653444676405,7,0.014613778705636743,5,0.010438413361169102,0,0.0,4,0.008350730688935281,479,1.0,INE_DIPUTACIONES_FED_2021,SECCION,PARCIAL,CATALOGO_INE_2026
117,3,BAJA CALIFORNIA SUR,LA PAZ,,3,175,1273,702,0.5514532600157109,0.44854673998428907,MORENA,275,0.39173789173789175,15,0.021367521367521368,UNIDOS_CONTIGO,260,0.37037037037037035,197,0.28062678062678065,PT,63,0.08974358974358974,MORENA,275,0.39173789173789175,15,0.021367521367521368,UNIDOS_CONTIGO,260,0.37037037037037035,197,0.28062678062678065,PT,63,0.08974358974358974,260,0.37037037037037035,63,0.08974358974358974,13,0.018518518518518517,12,0.017094017094017096,275,0.39173789173789175,2,0.002849002849002849,10,0.014245014245014245,6,0.008547008547008548,2,0.002849002849002849,2,0.002849002849002849,14,0.019943019943019943,23,0.03276353276353276,0,0.0,20,0.02849002849002849,702,1.0,INE_DIPUTACIONES_FED_2021,SECCION,PARCIAL,CATALOGO_INE_2026
118,3,BAJA CALIFORNIA SUR,LA PAZ,,3,179,928,489,0.5269396551724138,0.4730603448275862,UNIDOS_CONTIGO,196,0.40081799591002043,0,0.0,MORENA,196,0.40081799591002043,163,0.3333333333333333,PT,33,0.06748466257668712,UNIDOS_CONTIGO,196,0.40081799591002043,0,0.0,MORENA,196,0.40081799591002043,163,0.3333333333333333,PT,33,0.06748466257668712,196,0.40081799591002043,33,0.06748466257668712,11,0.022494887525562373,5,0.010224948875255624,196,0.40081799591002043,6,0.012269938650306749,4,0.0081799591002045,5,0.010224948875255624,1,0.002044989775051125,0,0.0,5,0.010224948875255624,18,0.03680981595092025,0,0.0,9,0.018404907975460124,489,1.0,INE_DIPUTACIONES_FED_2021,SECCION,PARCIAL,CATALOGO_INE_2026
119,3,BAJA CALIFORNIA SUR,LA PAZ,,3,180,893,438,0.49048152295632697,0.509518477043673,MORENA,180,0.410958904109589,27,0.06164383561643835,UNIDOS_CONTIGO,153,0.3493150684931507,131,0.2990867579908676,PT,22,0.0502283105022831,MORENA,180,0.410958904109589,27,0.06164383561643835,UNIDOS_CONTIGO,153,0.3493150684931507,131,0.2990867579908676,PT,22,0.0502283105022831,153,0.3493150684931507,22,0.0502283105022831,20,0.045662100456621,9,0.02054794520547945,180,0.410958904109589,2,0.0045662100456621,2,0.0045662100456621,6,0.0136986301369863,5,0.01141552511415525,1,0.00228310502283105,5,0.01141552511415525,12,0.0273972602739726,0,0.0,21,0.04794520547945205,438,1.0,INE_DIPUTACIONES_FED_2021,SECCION,PARCIAL,CATALOGO_INE_2026
120,3,BAJA CALIFORNIA SUR,LA PAZ,,3,181,1242,623,0.501610305958132,0.49838969404186795,MORENA,257,0.41252006420545745,18,0.028892455858747994,UNIDOS_CONTIGO,239,0.38362760834670945,203,0.3258426966292135,PT,36,0.05778491171749599,MORENA,257,0.41252006420545745,18,0.028892455858747994,UNIDOS_CONTIGO,239,0.38362760834670945,203,0.3258426966292135,PT,36,0.05778491171749599,239,0.38362760834670945,36,0.05778491171749599,16,0.025682182985553772,16,0.025682182985553772,257,0.41252006420545745,4,0.006420545746388443,3,0.004815409309791332,9,0.014446227929373997,2,0.0032102728731942215,6,0.009630818619582664,9,0.014446227929373997,16,0.025682182985553772,0,0.0,10,0.016051364365971106,623,1.0,INE_DIPUTACIONES_FED_2021,SECCION,PARCIAL,CATALOGO_INE_2026
121,3,BAJA CALIFORNIA SUR,LA PAZ,,3,182,896,492,0.5491071428571429,0.4508928571428571,UNIDOS_CONTIGO,204,0.4146341463414634,32,0.06504065040650407,MORENA,172,0.34959349593495936,153,0.31097560975609756,PT,19,0.03861788617886179,UNIDOS_CONTIGO,204,0.4146341463414634,32,0.06504065040650407,MORENA,172,0.34959349593495936,153,0.31097560975609756,PT,19,0.03861788617886179,204,0.4146341463414634,19,0.03861788617886179,12,0.024390243902439025,16,0.032520325203252036,172,0.34959349593495936,4,0.008130081300813009,3,0.006097560975609756,6,0.012195121951219513,7,0.014227642276422764,7,0.014227642276422764,8,0.016260162601626018,14,0.028455284552845527,0,0.0,20,0.04065040650406504,492,1.0,INE_DIPUTACIONES_FED_2021,SECCION,PARCIAL,CATALOGO_INE_2026
122,3,BAJA CALIFORNIA SUR,LA PAZ,,3,183,719,410,0.5702364394993046,0.4297635605006954,UNIDOS_CONTIGO,164,0.4,0,0.0,MORENA,164,0.4,147,0.35853658536585364,PT,17,0.041463414634146344,UNIDOS_CONTIGO,164,0.4,0,0.0,MORENA,164,0.4,147,0.35853658536585364,PT,17,0.041463414634146344,164,0.4,17,0.041463414634146344,7,0.01707317073170732,5,0.012195121951219513,164,0.4,4,0.00975609756097561,6,0.014634146341463415,11,0.026829268292682926,1,0.0024390243902439024,11,0.026829268292682926,1,0.0024390243902439024,10,0.024390243902439025,0,0.0,9,0.02195121951219512,410,1.0,INE_DIPUTACIONES_FED_2021,SECCION,PARCIAL,CATALOGO_INE_2026
123,3,BAJA CALIFORNIA SUR,LA PAZ,,3,202,1493,1029,0.6892163429336906,0.3107836570663094,UNIDOS_CONTIGO,641,0.6229348882410107,405,0.3935860058309038,MORENA,236,0.2293488824101069,205,0.19922254616132168,PT,31,0.03012633624878523,UNIDOS_CONTIGO,641,0.6229348882410107,405,0.3935860058309038,MORENA,236,0.2293488824101069,205,0.19922254616132168,PT,31,0.03012633624878523,641,0.6229348882410107,31,0.03012633624878523,9,0.008746355685131196,22,0.021379980563654033,236,0.2293488824101069,2,0.001943634596695821,3,0.0029154518950437317,11,0.010689990281827016,3,0.0029154518950437317,15,0.014577259475218658,27,0.026239067055393587,16,0.015549076773566569,0,0.0,13,0.012633624878522837,1029,1.0,INE_DIPUTACIONES_FED_2021,SECCION,PARCIAL,CATALOGO_INE_2026
124,3,BAJA CALIFORNIA SUR,LA PAZ,,3,203,820,447,0.5451219512195122,0.45487804878048776,UNIDOS_CONTIGO,175,0.39149888143176736,18,0.040268456375838924,MORENA,157,0.3512304250559284,127,0.2841163310961969,PT,30,0.06711409395973154,UNIDOS_CONTIGO,175,0.39149888143176736,18,0.040268456375838924,MORENA,157,0.3512304250559284,127,0.2841163310961969,PT,30,0.06711409395973154,175,0.39149888143176736,30,0.06711409395973154,19,0.042505592841163314,12,0.026845637583892617,157,0.3512304250559284,7,0.015659955257270694,5,0.011185682326621925,5,0.011185682326621925,1,0.0022371364653243847,5,0.011185682326621925,6,0.013422818791946308,14,0.03131991051454139,0,0.0,11,0.024608501118568233,447,1.0,INE_DIPUTACIONES_FED_2021,SECCION,PARCIAL,CATALOGO_INE_2026
125,3,BAJA CALIFORNIA SUR,LA PAZ,,3,204,864,473,0.5474537037037037,0.4525462962962963,MORENA,186,0.39323467230443976,8,0.016913319238900635,UNIDOS_CONTIGO,178,0.3763213530655391,151,0.3192389006342495,PT,27,0.05708245243128964,MORENA,186,0.39323467230443976,8,0.016913319238900635,UNIDOS_CONTIGO,178,0.3763213530655391,151,0.3192389006342495,PT,27,0.05708245243128964,178,0.3763213530655391,27,0.05708245243128964,10,0.021141649048625793,16,0.03382663847780127,186,0.39323467230443976,6,0.012684989429175475,4,0.008456659619450317,3,0.006342494714587738,1,0.0021141649048625794,4,0.008456659619450317,9,0.019027484143763214,17,0.035940803382663845,0,0.0,12,0.02536997885835095,473,1.0,INE_DIPUTACIONES_FED_2021,SECCION,PARCIAL,CATALOGO_INE_2026
126,3,BAJA CALIFORNIA SUR,LA PAZ,,3,205,678,306,0.45132743362831856,0.5486725663716814,MORENA,123,0.4019607843137255,11,0.03594771241830065,UNIDOS_CONTIGO,112,0.3660130718954248,100,0.32679738562091504,PT,12,0.0392156862745098,MORENA,123,0.4019607843137255,11,0.03594771241830065,UNIDOS_CONTIGO,112,0.3660130718954248,100,0.32679738562091504,PT,12,0.0392156862745098,112,0.3660130718954248,12,0.0392156862745098,10,0.032679738562091505,9,0.029411764705882353,123,0.4019607843137255,3,0.00980392156862745,4,0.013071895424836602,1,0.0032679738562091504,4,0.013071895424836602,5,0.016339869281045753,6,0.0196078431372549,4,0.013071895424836602,0,0.0,13,0.042483660130718956,306,1.0,INE_DIPUTACIONES_FED_2021,SECCION,PARCIAL,CATALOGO_INE_2026
127,3,BAJA CALIFORNIA SUR,LA PAZ,,3,206,2970,1339,0.4508417508417508,0.5491582491582492,MORENA,524,0.39133681852128455,20,0.014936519790888723,UNIDOS_CONTIGO,504,0.3764002987303958,418,0.3121732636295743,PT,86,0.0642270351008215,MORENA,524,0.39133681852128455,20,0.014936519790888723,UNIDOS_CONTIGO,504,0.3764002987303958,418,0.3121732636295743,PT,86,0.0642270351008215,504,0.3764002987303958,86,0.0642270351008215,36,0.0268857356235997,28,0.020911127707244213,524,0.39133681852128455,17,0.012696041822255415,16,0.01194921583271098,9,0.006721433905899925,5,0.0037341299477221808,17,0.012696041822255415,10,0.0074682598954443615,27,0.020164301717699777,1,0.0007468259895444362,59,0.044062733383121735,1339,1.0,INE_DIPUTACIONES_FED_2021,SECCION,PARCIAL,INFERIDA_SECCION_VECINA
128,3,BAJA CALIFORNIA SUR,LA PAZ,,3,232,872,553,0.6341743119266054,0.36582568807339455,UNIDOS_CONTIGO,243,0.4394213381555154,44,0.07956600361663653,MORENA,199,0.35985533453887886,172,0.31103074141048825,PT,27,0.048824593128390596,UNIDOS_CONTIGO,243,0.4394213381555154,44,0.07956600361663653,MORENA,199,0.35985533453887886,172,0.31103074141048825,PT,27,0.048824593128390596,243,0.4394213381555154,27,0.048824593128390596,15,0.027124773960216998,18,0.0325497287522604,199,0.35985533453887886,4,0.007233273056057866,4,0.007233273056057866,4,0.007233273056057866,5,0.009041591320072333,6,0.0108499095840868,8,0.014466546112115732,13,0.023508137432188065,0,0.0,7,0.012658227848101266,553,1.0,INE_DIPUTACIONES_FED_2021,SECCION,PARCIAL,CATALOGO_INE_2026
129,3,BAJA CALIFORNIA SUR,LA PAZ,,3,233,598,397,0.6638795986622074,0.33612040133779264,UNIDOS_CONTIGO,183,0.4609571788413098,36,0.0906801007556675,MORENA,147,0.3702770780856423,133,0.3350125944584383,PT,14,0.03526448362720403,UNIDOS_CONTIGO,183,0.4609571788413098,36,0.0906801007556675,MORENA,147,0.3702770780856423,133,0.3350125944584383,PT,14,0.03526448362720403,183,0.4609571788413098,14,0.03526448362720403,10,0.02518891687657431,3,0.007556675062972292,147,0.3702770780856423,1,0.0025188916876574307,3,0.007556675062972292,3,0.007556675062972292,4,0.010075566750629723,3,0.007556675062972292,5,0.012594458438287154,13,0.0327455919395466,0,0.0,8,0.020151133501259445,397,1.0,INE_DIPUTACIONES_FED_2021,SECCION,PARCIAL,CATALOGO_INE_2026
130,3,BAJA CALIFORNIA SUR,LA PAZ,,3,234,806,547,0.6786600496277916,0.3213399503722084,UNIDOS_CONTIGO,259,0.473491773308958,77,0.14076782449725778,MORENA,182,0.3327239488117002,151,0.2760511882998172,PT,31,0.056672760511883,UNIDOS_CONTIGO,259,0.473491773308958,77,0.14076782449725778,MORENA,182,0.3327239488117002,151,0.2760511882998172,PT,31,0.056672760511883,259,0.473491773308958,31,0.056672760511883,16,0.029250457038391225,12,0.021937842778793418,182,0.3327239488117002,3,0.005484460694698354,3,0.005484460694698354,2,0.003656307129798903,2,0.003656307129798903,7,0.012797074954296161,6,0.010968921389396709,17,0.031078610603290677,0,0.0,7,0.012797074954296161,547,1.0,INE_DIPUTACIONES_FED_2021,SECCION,PARCIAL,CATALOGO_INE_2026
131,3,BAJA CALIFORNIA SUR,LA PAZ,,3,235,957,516,0.5391849529780565,0.46081504702194354,UNIDOS_CONTIGO,210,0.4069767441860465,16,0.031007751937984496,MORENA,194,0.375968992248062,161,0.312015503875969,PT,33,0.06395348837209303,UNIDOS_CONTIGO,210,0.4069767441860465,16,0.031007751937984496,MORENA,194,0.375968992248062,161,0.312015503875969,PT,33,0.06395348837209303,210,0.4069767441860465,33,0.06395348837209303,22,0.04263565891472868,9,0.01744186046511628,194,0.375968992248062,2,0.003875968992248062,7,0.013565891472868217,5,0.009689922480620155,2,0.003875968992248062,6,0.011627906976744186,6,0.011627906976744186,10,0.01937984496124031,0,0.0,10,0.01937984496124031,516,1.0,INE_DIPUTACIONES_FED_2021,SECCION,PARCIAL,CATALOGO_INE_2026
132,3,BAJA CALIFORNIA SUR,LA PAZ,,3,236,421,283,0.672209026128266,0.32779097387173395,UNIDOS_CONTIGO,103,0.36395759717314485,1,0.0035335689045936395,MORENA,102,0.36042402826855124,84,0.2968197879858657,PVEM,18,0.0636042402826855,UNIDOS_CONTIGO,103,0.36395759717314485,1,0.0035335689045936395,MORENA,102,0.36042402826855124,84,0.2968197879858657,PVEM,18,0.0636042402826855,103,0.36395759717314485,13,0.045936395759717315,18,0.0636042402826855,9,0.03180212014134275,102,0.36042402826855124,5,0.0176678445229682,1,0.0035335689045936395,8,0.028268551236749116,1,0.0035335689045936395,3,0.01060070671378092,4,0.014134275618374558,6,0.02120141342756184,0,0.0,10,0.0353356890459364,283,1.0,INE_DIPUTACIONES_FED_2021,SECCION,PARCIAL,CATALOGO_INE_2026
133,3,BAJA CALIFORNIA SUR,LA PAZ,,3,237,981,611,0.6228338430173292,0.37716615698267075,UNIDOS_CONTIGO,299,0.48936170212765956,87,0.14238952536824878,MORENA,212,0.3469721767594108,191,0.31260229132569556,MC,21,0.03436988543371522,UNIDOS_CONTIGO,299,0.48936170212765956,87,0.14238952536824878,MORENA,212,0.3469721767594108,191,0.31260229132569556,MC,21,0.03436988543371522,299,0.48936170212765956,17,0.027823240589198037,8,0.01309328968903437,21,0.03436988543371522,212,0.3469721767594108,1,0.0016366612111292963,2,0.0032733224222585926,7,0.011456628477905073,0,0.0,10,0.016366612111292964,14,0.022913256955810146,8,0.01309328968903437,0,0.0,12,0.019639934533551555,611,1.0,INE_DIPUTACIONES_FED_2021,SECCION,PARCIAL,CATALOGO_INE_2026
134,3,BAJA CALIFORNIA SUR,LA PAZ,,3,238,789,493,0.6248415716096325,0.3751584283903675,UNIDOS_CONTIGO,253,0.513184584178499,90,0.18255578093306288,MORENA,163,0.3306288032454361,139,0.281947261663286,PT,24,0.0486815415821501,UNIDOS_CONTIGO,253,0.513184584178499,90,0.18255578093306288,MORENA,163,0.3306288032454361,139,0.281947261663286,PT,24,0.0486815415821501,253,0.513184584178499,24,0.0486815415821501,15,0.030425963488843813,3,0.006085192697768763,163,0.3306288032454361,3,0.006085192697768763,3,0.006085192697768763,3,0.006085192697768763,0,0.0,1,0.002028397565922921,7,0.014198782961460446,9,0.018255578093306288,0,0.0,9,0.018255578093306288,493,1.0,INE_DIPUTACIONES_FED_2021,SECCION,PARCIAL,CATALOGO_INE_2026
135,3,BAJA CALIFORNIA SUR,LA PAZ,,3,239,1060,628,0.5924528301886792,0.4075471698113208,UNIDOS_CONTIGO,263,0.41878980891719747,25,0.03980891719745223,MORENA,238,0.37898089171974525,209,0.3328025477707006,PT,29,0.04617834394904458,UNIDOS_CONTIGO,263,0.41878980891719747,25,0.03980891719745223,MORENA,238,0.37898089171974525,209,0.3328025477707006,PT,29,0.04617834394904458,263,0.41878980891719747,29,0.04617834394904458,20,0.03184713375796178,21,0.03343949044585987,238,0.37898089171974525,3,0.004777070063694267,3,0.004777070063694267,12,0.01910828025477707,0,0.0,8,0.012738853503184714,8,0.012738853503184714,13,0.020700636942675158,0,0.0,10,0.01592356687898089,628,1.0,INE_DIPUTACIONES_FED_2021,SECCION,PARCIAL,CATALOGO_INE_2026
136,3,BAJA CALIFORNIA SUR,LA PAZ,,3,240,491,266,0.5417515274949084,0.4582484725050916,MORENA,108,0.40601503759398494,8,0.03007518796992481,UNIDOS_CONTIGO,100,0.37593984962406013,80,0.3007518796992481,PVEM,20,0.07518796992481203,MORENA,108,0.40601503759398494,8,0.03007518796992481,UNIDOS_CONTIGO,100,0.37593984962406013,80,0.3007518796992481,PVEM,20,0.07518796992481203,100,0.37593984962406013,9,0.03383458646616541,20,0.07518796992481203,3,0.011278195488721804,108,0.40601503759398494,2,0.007518796992481203,1,0.0037593984962406013,2,0.007518796992481203,1,0.0037593984962406013,2,0.007518796992481203,8,0.03007518796992481,3,0.011278195488721804,0,0.0,7,0.02631578947368421,266,1.0,INE_DIPUTACIONES_FED_2021,SECCION,PARCIAL,CATALOGO_INE_2026
137,3,BAJA CALIFORNIA SUR,LA PAZ,,3,241,585,300,0.5128205128205128,0.4871794871794872,UNIDOS_CONTIGO,124,0.41333333333333333,11,0.03666666666666667,MORENA,113,0.37666666666666665,101,0.33666666666666667,MC,12,0.04,UNIDOS_CONTIGO,124,0.41333333333333333,11,0.03666666666666667,MORENA,113,0.37666666666666665,101,0.33666666666666667,MC,12,0.04,124,0.41333333333333333,9,0.03,10,0.03333333333333333,12,0.04,113,0.37666666666666665,7,0.023333333333333334,2,0.006666666666666667,1,0.0033333333333333335,3,0.01,2,0.006666666666666667,3,0.01,4,0.013333333333333334,0,0.0,10,0.03333333333333333,300,1.0,INE_DIPUTACIONES_FED_2021,SECCION,PARCIAL,CATALOGO_INE_2026
138,3,BAJA CALIFORNIA SUR,LA PAZ,,3,242,631,727,1.1521394611727416,-0.15213946117274157,UNIDOS_CONTIGO,347,0.47730398899587345,76,0.10453920220082531,MORENA,271,0.37276478679504815,246,0.33837689133425036,PT,25,0.0343878954607978,UNIDOS_CONTIGO,347,0.47730398899587345,76,0.10453920220082531,MORENA,271,0.37276478679504815,246,0.33837689133425036,PT,25,0.0343878954607978,347,0.47730398899587345,25,0.0343878954607978,17,0.023383768913342505,16,0.02200825309491059,271,0.37276478679504815,4,0.005502063273727648,1,0.001375515818431912,5,0.0068775790921595595,4,0.005502063273727648,11,0.015130674002751032,13,0.017881705639614855,7,0.009628610729023384,0,0.0,6,0.008253094910591471,727,1.0,INE_DIPUTACIONES_FED_2021,SECCION,PARCIAL,CATALOGO_INE_2026
139,3,BAJA CALIFORNIA SUR,LA PAZ,,3,243,613,370,0.6035889070146819,0.39641109298531807,UNIDOS_CONTIGO,189,0.5108108108108108,72,0.1945945945945946,MORENA,117,0.3162162162162162,105,0.28378378378378377,PT,12,0.032432432432432434,UNIDOS_CONTIGO,189,0.5108108108108108,72,0.1945945945945946,MORENA,117,0.3162162162162162,105,0.28378378378378377,PT,12,0.032432432432432434,189,0.5108108108108108,12,0.032432432432432434,9,0.024324324324324326,3,0.008108108108108109,117,0.3162162162162162,1,0.002702702702702703,2,0.005405405405405406,5,0.013513513513513514,3,0.008108108108108109,5,0.013513513513513514,6,0.016216216216216217,12,0.032432432432432434,0,0.0,6,0.016216216216216217,370,1.0,INE_DIPUTACIONES_FED_2021,SECCION,PARCIAL,CATALOGO_INE_2026
140,3,BAJA CALIFORNIA SUR,LA PAZ,,3,244,682,412,0.6041055718475073,0.39589442815249265,UNIDOS_CONTIGO,184,0.44660194174757284,38,0.09223300970873786,MORENA,146,0.35436893203883496,127,0.308252427184466,PT,19,0.04611650485436893,UNIDOS_CONTIGO,184,0.44660194174757284,38,0.09223300970873786,MORENA,146,0.35436893203883496,127,0.308252427184466,PT,19,0.04611650485436893,184,0.44660194174757284,19,0.04611650485436893,4,0.009708737864077669,11,0.02669902912621359,146,0.35436893203883496,3,0.007281553398058253,6,0.014563106796116505,5,0.012135922330097087,0,0.0,3,0.007281553398058253,15,0.03640776699029126,8,0.019417475728155338,0,0.0,8,0.019417475728155338,412,1.0,INE_DIPUTACIONES_FED_2021,SECCION,PARCIAL,CATALOGO_INE_2026
141,3,BAJA CALIFORNIA SUR,LA PAZ,,3,245,565,359,0.6353982300884956,0.3646017699115044,UNIDOS_CONTIGO,186,0.5181058495821727,72,0.20055710306406685,MORENA,114,0.31754874651810583,103,0.28690807799442897,MC,11,0.03064066852367688,UNIDOS_CONTIGO,186,0.5181058495821727,72,0.20055710306406685,MORENA,114,0.31754874651810583,103,0.28690807799442897,MC,11,0.03064066852367688,186,0.5181058495821727,9,0.025069637883008356,8,0.022284122562674095,11,0.03064066852367688,114,0.31754874651810583,4,0.011142061281337047,5,0.013927576601671309,3,0.008356545961002786,1,0.002785515320334262,3,0.008356545961002786,2,0.005571030640668524,6,0.016713091922005572,0,0.0,7,0.019498607242339833,359,1.0,INE_DIPUTACIONES_FED_2021,SECCION,PARCIAL,CATALOGO_INE_2026
142,3,BAJA CALIFORNIA SUR,LA PAZ,,3,246,862,428,0.4965197215777262,0.5034802784222738,MORENA,176,0.411214953271028,32,0.07476635514018691,UNIDOS_CONTIGO,144,0.3364485981308411,108,0.2523364485981308,MORENA_PT,36,0.08411214953271028,MORENA,176,0.411214953271028,32,0.07476635514018691,UNIDOS_CONTIGO,144,0.3364485981308411,108,0.2523364485981308,MORENA_PT,36,0.08411214953271028,144,0.3364485981308411,31,0.07242990654205607,7,0.016355140186915886,8,0.018691588785046728,176,0.411214953271028,7,0.016355140186915886,0,0.0,4,0.009345794392523364,0,0.0,3,0.007009345794392523,1,0.002336448598130841,36,0.08411214953271028,2,0.004672897196261682,9,0.02102803738317757,428,1.0,INE_DIPUTACIONES_FED_2021,SECCION,PARCIAL,CATALOGO_INE_2026
143,3,BAJA CALIFORNIA SUR,LA PAZ,,3,247,861,415,0.4819976771196283,0.5180023228803716,MORENA,164,0.39518072289156625,18,0.043373493975903614,UNIDOS_CONTIGO,146,0.35180722891566263,110,0.26506024096385544,PT,36,0.08674698795180723,MORENA,164,0.39518072289156625,18,0.043373493975903614,UNIDOS_CONTIGO,146,0.35180722891566263,110,0.26506024096385544,PT,36,0.08674698795180723,146,0.35180722891566263,36,0.08674698795180723,9,0.021686746987951807,7,0.016867469879518072,164,0.39518072289156625,4,0.00963855421686747,3,0.007228915662650603,3,0.007228915662650603,2,0.004819277108433735,7,0.016867469879518072,4,0.00963855421686747,15,0.03614457831325301,1,0.0024096385542168677,14,0.033734939759036145,415,1.0,INE_DIPUTACIONES_FED_2021,SECCION,PARCIAL,CATALOGO_INE_2026
144,3,BAJA CALIFORNIA SUR,LA PAZ,,3,248,673,949,1.410104011887073,-0.4101040118870729,UNIDOS_CONTIGO,443,0.46680716543730244,118,0.12434141201264488,MORENA,325,0.3424657534246575,281,0.29610115911485774,PT,44,0.04636459430979979,UNIDOS_CONTIGO,443,0.46680716543730244,118,0.12434141201264488,MORENA,325,0.3424657534246575,281,0.29610115911485774,PT,44,0.04636459430979979,443,0.46680716543730244,44,0.04636459430979979,22,0.023182297154899896,16,0.01685985247629083,325,0.3424657534246575,13,0.0136986301369863,6,0.006322444678609062,7,0.007376185458377239,4,0.004214963119072708,3,0.003161222339304531,17,0.01791359325605901,26,0.0273972602739726,0,0.0,23,0.02423603793466807,949,1.0,INE_DIPUTACIONES_FED_2021,SECCION,PARCIAL,CATALOGO_INE_2026
145,3,BAJA CALIFORNIA SUR,LA PAZ,,3,249,811,546,0.6732429099876696,0.32675709001233044,UNIDOS_CONTIGO,251,0.4597069597069597,49,0.08974358974358974,MORENA,202,0.36996336996337,184,0.336996336996337,PT,18,0.03296703296703297,UNIDOS_CONTIGO,251,0.4597069597069597,49,0.08974358974358974,MORENA,202,0.36996336996337,184,0.336996336996337,PT,18,0.03296703296703297,251,0.4597069597069597,18,0.03296703296703297,8,0.014652014652014652,11,0.020146520146520148,202,0.36996336996337,2,0.003663003663003663,1,0.0018315018315018315,3,0.005494505494505495,0,0.0,5,0.009157509157509158,15,0.027472527472527472,18,0.03296703296703297,0,0.0,12,0.02197802197802198,546,1.0,INE_DIPUTACIONES_FED_2021,SECCION,PARCIAL,CATALOGO_INE_2026
146,3,BAJA CALIFORNIA SUR,LA PAZ,,3,250,1040,545,0.5240384615384616,0.47596153846153844,MORENA,236,0.43302752293577984,56,0.10275229357798166,UNIDOS_CONTIGO,180,0.3302752293577982,146,0.26788990825688075,PT,34,0.062385321100917435,MORENA,236,0.43302752293577984,56,0.10275229357798166,UNIDOS_CONTIGO,180,0.3302752293577982,146,0.26788990825688075,PT,34,0.062385321100917435,180,0.3302752293577982,34,0.062385321100917435,25,0.045871559633027525,11,0.02018348623853211,236,0.43302752293577984,5,0.009174311926605505,2,0.003669724770642202,5,0.009174311926605505,1,0.001834862385321101,7,0.012844036697247707,6,0.011009174311926606,17,0.031192660550458717,0,0.0,16,0.029357798165137616,545,1.0,INE_DIPUTACIONES_FED_2021,SECCION,PARCIAL,CATALOGO_INE_2026
147,3,BAJA CALIFORNIA SUR,LA PAZ,,3,251,519,261,0.5028901734104047,0.49710982658959535,MORENA,106,0.4061302681992337,30,0.11494252873563218,UNIDOS_CONTIGO,76,0.29118773946360155,52,0.19923371647509577,PT,24,0.09195402298850575,MORENA,106,0.4061302681992337,30,0.11494252873563218,UNIDOS_CONTIGO,76,0.29118773946360155,52,0.19923371647509577,PT,24,0.09195402298850575,76,0.29118773946360155,24,0.09195402298850575,11,0.0421455938697318,2,0.007662835249042145,106,0.4061302681992337,4,0.01532567049808429,2,0.007662835249042145,2,0.007662835249042145,2,0.007662835249042145,6,0.022988505747126436,1,0.0038314176245210726,15,0.05747126436781609,0,0.0,10,0.038314176245210725,261,1.0,INE_DIPUTACIONES_FED_2021,SECCION,PARCIAL,CATALOGO_INE_2026
148,3,BAJA CALIFORNIA SUR,LA PAZ,,3,441,558,319,0.5716845878136201,0.4283154121863799,UNIDOS_CONTIGO,130,0.40752351097178685,10,0.03134796238244514,MORENA,120,0.3761755485893417,104,0.32601880877742945,PT,16,0.050156739811912224,UNIDOS_CONTIGO,130,0.40752351097178685,10,0.03134796238244514,MORENA,120,0.3761755485893417,104,0.32601880877742945,PT,16,0.050156739811912224,130,0.40752351097178685,16,0.050156739811912224,11,0.034482758620689655,8,0.025078369905956112,120,0.3761755485893417,4,0.012539184952978056,0,0.0,4,0.012539184952978056,1,0.003134796238244514,6,0.018808777429467086,1,0.003134796238244514,10,0.03134796238244514,0,0.0,8,0.025078369905956112,319,1.0,INE_DIPUTACIONES_FED_2021,SECCION,PARCIAL,CATALOGO_INE_2026
149,3,BAJA CALIFORNIA SUR,LA PAZ,,3,443,950,568,0.5978947368421053,0.40210526315789474,UNIDOS_CONTIGO,245,0.43133802816901406,48,0.08450704225352113,MORENA,197,0.34683098591549294,161,0.2834507042253521,PT,36,0.06338028169014084,UNIDOS_CONTIGO,245,0.43133802816901406,48,0.08450704225352113,MORENA,197,0.34683098591549294,161,0.2834507042253521,PT,36,0.06338028169014084,245,0.43133802816901406,36,0.06338028169014084,9,0.01584507042253521,18,0.03169014084507042,197,0.34683098591549294,3,0.00528169014084507,6,0.01056338028169014,9,0.01584507042253521,0,0.0,8,0.014084507042253521,13,0.022887323943661973,5,0.008802816901408451,12,0.02112676056338028,7,0.01232394366197183,568,1.0,INE_DIPUTACIONES_FED_2021,SECCION,PARCIAL,CATALOGO_INE_2026
150,3,BAJA CALIFORNIA SUR,LA PAZ,,3,444,602,299,0.49667774086378735,0.5033222591362126,UNIDOS_CONTIGO,131,0.43812709030100333,23,0.07692307692307693,MORENA,108,0.3612040133779264,92,0.3076923076923077,PT,16,0.05351170568561873,UNIDOS_CONTIGO,131,0.43812709030100333,23,0.07692307692307693,MORENA,108,0.3612040133779264,92,0.3076923076923077,PT,16,0.05351170568561873,131,0.43812709030100333,16,0.05351170568561873,4,0.013377926421404682,9,0.030100334448160536,108,0.3612040133779264,3,0.010033444816053512,3,0.010033444816053512,1,0.0033444816053511705,0,0.0,4,0.013377926421404682,5,0.016722408026755852,7,0.023411371237458192,0,0.0,8,0.026755852842809364,299,1.0,INE_DIPUTACIONES_FED_2021,SECCION,PARCIAL,CATALOGO_INE_2026
151,3,BAJA CALIFORNIA SUR,LA PAZ,,3,447,538,246,0.45724907063197023,0.5427509293680297,UNIDOS_CONTIGO,92,0.37398373983739835,0,0.0,MORENA,92,0.37398373983739835,80,0.3252032520325203,PT,12,0.04878048780487805,UNIDOS_CONTIGO,92,0.37398373983739835,0,0.0,MORENA,92,0.37398373983739835,80,0.3252032520325203,PT,12,0.04878048780487805,92,0.37398373983739835,12,0.04878048780487805,10,0.04065040650406504,8,0.032520325203252036,92,0.37398373983739835,1,0.0040650406504065045,1,0.0040650406504065045,2,0.008130081300813009,3,0.012195121951219513,3,0.012195121951219513,0,0.0,9,0.036585365853658534,0,0.0,13,0.052845528455284556,246,1.0,INE_DIPUTACIONES_FED_2021,SECCION,PARCIAL,CATALOGO_INE_2026
152,3,BAJA CALIFORNIA SUR,LA PAZ,,3,448,440,216,0.4909090909090909,0.509090909090909,UNIDOS_CONTIGO,98,0.4537037037037037,25,0.11574074074074074,MORENA,73,0.33796296296296297,66,0.3055555555555556,PT,7,0.032407407407407406,UNIDOS_CONTIGO,98,0.4537037037037037,25,0.11574074074074074,MORENA,73,0.33796296296296297,66,0.3055555555555556,PT,7,0.032407407407407406,98,0.4537037037037037,7,0.032407407407407406,7,0.032407407407407406,2,0.009259259259259259,73,0.33796296296296297,4,0.018518518518518517,5,0.023148148148148147,3,0.013888888888888888,2,0.009259259259259259,3,0.013888888888888888,2,0.009259259259259259,5,0.023148148148148147,0,0.0,5,0.023148148148148147,216,1.0,INE_DIPUTACIONES_FED_2021,SECCION,PARCIAL,CATALOGO_INE_2026
153,3,BAJA CALIFORNIA SUR,LA PAZ,,3,449,640,311,0.4859375,0.5140625,UNIDOS_CONTIGO,145,0.4662379421221865,43,0.1382636655948553,MORENA,102,0.3279742765273312,88,0.2829581993569132,PT,14,0.04501607717041801,UNIDOS_CONTIGO,145,0.4662379421221865,43,0.1382636655948553,MORENA,102,0.3279742765273312,88,0.2829581993569132,PT,14,0.04501607717041801,145,0.4662379421221865,14,0.04501607717041801,11,0.03536977491961415,6,0.01929260450160772,102,0.3279742765273312,1,0.003215434083601286,3,0.00964630225080386,4,0.012861736334405145,2,0.006430868167202572,7,0.022508038585209004,2,0.006430868167202572,8,0.02572347266881029,0,0.0,6,0.01929260450160772,311,1.0,INE_DIPUTACIONES_FED_2021,SECCION,PARCIAL,CATALOGO_INE_2026
154,3,BAJA CALIFORNIA SUR,LA PAZ,,3,450,637,297,0.4662480376766091,0.5337519623233908,MORENA,121,0.4074074074074074,5,0.016835016835016835,UNIDOS_CONTIGO,116,0.39057239057239057,104,0.3501683501683502,PT,12,0.04040404040404041,MORENA,121,0.4074074074074074,5,0.016835016835016835,UNIDOS_CONTIGO,116,0.39057239057239057,104,0.3501683501683502,PT,12,0.04040404040404041,116,0.39057239057239057,12,0.04040404040404041,9,0.030303030303030304,6,0.020202020202020204,121,0.4074074074074074,2,0.006734006734006734,1,0.003367003367003367,4,0.013468013468013467,2,0.006734006734006734,2,0.006734006734006734,4,0.013468013468013467,9,0.030303030303030304,0,0.0,9,0.030303030303030304,297,1.0,INE_DIPUTACIONES_FED_2021,SECCION,PARCIAL,CATALOGO_INE_2026
155,3,BAJA CALIFORNIA SUR,LA PAZ,,3,478,968,522,0.5392561983471075,0.4607438016528925,UNIDOS_CONTIGO,209,0.4003831417624521,29,0.05555555555555555,MORENA,180,0.3448275862068966,151,0.289272030651341,PT,29,0.05555555555555555,UNIDOS_CONTIGO,209,0.4003831417624521,29,0.05555555555555555,MORENA,180,0.3448275862068966,151,0.289272030651341,PT,29,0.05555555555555555,209,0.4003831417624521,29,0.05555555555555555,12,0.022988505747126436,22,0.0421455938697318,180,0.3448275862068966,5,0.009578544061302681,6,0.011494252873563218,5,0.009578544061302681,2,0.0038314176245210726,9,0.017241379310344827,20,0.038314176245210725,10,0.019157088122605363,0,0.0,13,0.02490421455938697,522,1.0,INE_DIPUTACIONES_FED_2021,SECCION,PARCIAL,CATALOGO_INE_2026
156,3,BAJA CALIFORNIA SUR,LA PAZ,,4,456,318,145,0.4559748427672956,0.5440251572327044,MORENA,65,0.4482758620689655,21,0.14482758620689656,UNIDOS_CONTIGO,44,0.30344827586206896,35,0.2413793103448276,PT,9,0.06206896551724138,MORENA,65,0.4482758620689655,21,0.14482758620689656,UNIDOS_CONTIGO,44,0.30344827586206896,35,0.2413793103448276,PT,9,0.06206896551724138,44,0.30344827586206896,9,0.06206896551724138,5,0.034482758620689655,6,0.041379310344827586,65,0.4482758620689655,1,0.006896551724137931,0,0.0,0,0.0,0,0.0,2,0.013793103448275862,2,0.013793103448275862,5,0.034482758620689655,0,0.0,6,0.041379310344827586,145,1.0,INE_DIPUTACIONES_FED_2021,SECCION,PARCIAL,CATALOGO_INE_2026
157,3,BAJA CALIFORNIA SUR,LA PAZ,,4,457,516,227,0.43992248062015504,0.560077519379845,UNIDOS_CONTIGO,94,0.41409691629955947,3,0.013215859030837005,MORENA,91,0.4008810572687225,83,0.3656387665198238,PT,8,0.03524229074889868,UNIDOS_CONTIGO,94,0.41409691629955947,3,0.013215859030837005,MORENA,91,0.4008810572687225,83,0.3656387665198238,PT,8,0.03524229074889868,94,0.41409691629955947,8,0.03524229074889868,4,0.01762114537444934,4,0.01762114537444934,91,0.4008810572687225,2,0.00881057268722467,0,0.0,3,0.013215859030837005,3,0.013215859030837005,7,0.030837004405286344,5,0.022026431718061675,3,0.013215859030837005,0,0.0,3,0.013215859030837005,227,1.0,INE_DIPUTACIONES_FED_2021,SECCION,PARCIAL,CATALOGO_INE_2026
158,3,BAJA CALIFORNIA SUR,LA PAZ,,4,460,766,465,0.6070496083550914,0.39295039164490864,UNIDOS_CONTIGO,190,0.40860215053763443,18,0.03870967741935484,MORENA,172,0.36989247311827955,143,0.30752688172043013,PT,29,0.06236559139784946,UNIDOS_CONTIGO,190,0.40860215053763443,18,0.03870967741935484,MORENA,172,0.36989247311827955,143,0.30752688172043013,PT,29,0.06236559139784946,190,0.40860215053763443,29,0.06236559139784946,11,0.023655913978494623,13,0.02795698924731183,172,0.36989247311827955,4,0.008602150537634409,3,0.0064516129032258064,8,0.017204301075268817,1,0.002150537634408602,8,0.017204301075268817,5,0.010752688172043012,15,0.03225806451612903,0,0.0,6,0.012903225806451613,465,1.0,INE_DIPUTACIONES_FED_2021,SECCION,PARCIAL,CATALOGO_INE_2026
159,3,BAJA CALIFORNIA SUR,LA PAZ,,4,461,807,471,0.5836431226765799,0.4163568773234201,UNIDOS_CONTIGO,229,0.4861995753715499,58,0.12314225053078556,MORENA,171,0.3630573248407643,158,0.3354564755838641,MC,13,0.027600849256900213,UNIDOS_CONTIGO,229,0.4861995753715499,58,0.12314225053078556,MORENA,171,0.3630573248407643,158,0.3354564755838641,MC,13,0.027600849256900213,229,0.4861995753715499,12,0.025477707006369428,7,0.014861995753715499,13,0.027600849256900213,171,0.3630573248407643,2,0.004246284501061571,1,0.0021231422505307855,6,0.012738853503184714,0,0.0,8,0.016985138004246284,9,0.01910828025477707,9,0.01910828025477707,0,0.0,4,0.008492569002123142,471,1.0,INE_DIPUTACIONES_FED_2021,SECCION,PARCIAL,CATALOGO_INE_2026
160,3,BAJA CALIFORNIA SUR,LA PAZ,,4,463,659,355,0.5386949924127465,0.46130500758725346,UNIDOS_CONTIGO,145,0.4084507042253521,11,0.030985915492957747,MORENA,134,0.37746478873239436,111,0.3126760563380282,MC,23,0.0647887323943662,UNIDOS_CONTIGO,145,0.4084507042253521,11,0.030985915492957747,MORENA,134,0.37746478873239436,111,0.3126760563380282,MC,23,0.0647887323943662,145,0.4084507042253521,15,0.04225352112676056,6,0.016901408450704224,23,0.0647887323943662,134,0.37746478873239436,2,0.005633802816901409,6,0.016901408450704224,4,0.011267605633802818,0,0.0,3,0.008450704225352112,4,0.011267605633802818,5,0.014084507042253521,0,0.0,8,0.022535211267605635,355,1.0,INE_DIPUTACIONES_FED_2021,SECCION,PARCIAL,CATALOGO_INE_2026
161,3,BAJA CALIFORNIA SUR,LA PAZ,,4,464,883,414,0.46885617214043035,0.5311438278595697,MORENA,156,0.37681159420289856,12,0.028985507246376812,UNIDOS_CONTIGO,144,0.34782608695652173,115,0.2777777777777778,PT,29,0.07004830917874397,MORENA,156,0.37681159420289856,12,0.028985507246376812,UNIDOS_CONTIGO,144,0.34782608695652173,115,0.2777777777777778,PT,29,0.07004830917874397,144,0.34782608695652173,29,0.07004830917874397,12,0.028985507246376812,23,0.05555555555555555,156,0.37681159420289856,2,0.004830917874396135,4,0.00966183574879227,3,0.007246376811594203,2,0.004830917874396135,7,0.016908212560386472,6,0.014492753623188406,14,0.033816425120772944,0,0.0,12,0.028985507246376812,414,1.0,INE_DIPUTACIONES_FED_2021,SECCION,PARCIAL,CATALOGO_INE_2026
162,3,BAJA CALIFORNIA SUR,LA PAZ,,4,466,874,390,0.4462242562929062,0.5537757437070938,MORENA,155,0.3974358974358974,12,0.03076923076923077,UNIDOS_CONTIGO,143,0.36666666666666664,124,0.31794871794871793,PT,19,0.04871794871794872,MORENA,155,0.3974358974358974,12,0.03076923076923077,UNIDOS_CONTIGO,143,0.36666666666666664,124,0.31794871794871793,PT,19,0.04871794871794872,143,0.36666666666666664,19,0.04871794871794872,12,0.03076923076923077,14,0.035897435897435895,155,0.3974358974358974,0,0.0,3,0.007692307692307693,9,0.023076923076923078,7,0.017948717948717947,5,0.01282051282051282,10,0.02564102564102564,5,0.01282051282051282,0,0.0,8,0.020512820512820513,390,1.0,INE_DIPUTACIONES_FED_2021,SECCION,PARCIAL,CATALOGO_INE_2026
163,3,BAJA CALIFORNIA SUR,LA PAZ,,4,467,974,423,0.4342915811088296,0.5657084188911704,MORENA,157,0.37115839243498816,10,0.02364066193853428,UNIDOS_CONTIGO,147,0.3475177304964539,112,0.2647754137115839,PT,35,0.08274231678486997,MORENA,157,0.37115839243498816,10,0.02364066193853428,UNIDOS_CONTIGO,147,0.3475177304964539,112,0.2647754137115839,PT,35,0.08274231678486997,147,0.3475177304964539,35,0.08274231678486997,9,0.02127659574468085,14,0.03309692671394799,157,0.37115839243498816,7,0.016548463356973995,8,0.018912529550827423,6,0.014184397163120567,5,0.01182033096926714,3,0.0070921985815602835,12,0.028368794326241134,12,0.028368794326241134,0,0.0,8,0.018912529550827423,423,1.0,INE_DIPUTACIONES_FED_2021,SECCION,PARCIAL,CATALOGO_INE_2026
164,3,BAJA CALIFORNIA SUR,LA PAZ,,4,468,899,381,0.42380422691879865,0.5761957730812013,MORENA,150,0.3937007874015748,10,0.026246719160104987,UNIDOS_CONTIGO,140,0.3674540682414698,115,0.30183727034120733,MC,25,0.06561679790026247,MORENA,150,0.3937007874015748,10,0.026246719160104987,UNIDOS_CONTIGO,140,0.3674540682414698,115,0.30183727034120733,MC,25,0.06561679790026247,140,0.3674540682414698,12,0.031496062992125984,14,0.03674540682414698,25,0.06561679790026247,150,0.3937007874015748,6,0.015748031496062992,7,0.01837270341207349,6,0.015748031496062992,1,0.0026246719160104987,6,0.015748031496062992,3,0.007874015748031496,7,0.01837270341207349,0,0.0,4,0.010498687664041995,381,1.0,INE_DIPUTACIONES_FED_2021,SECCION,PARCIAL,CATALOGO_INE_2026
165,3,BAJA CALIFORNIA SUR,LA PAZ,,4,469,858,342,0.3986013986013986,0.6013986013986015,UNIDOS_CONTIGO,155,0.45321637426900585,32,0.0935672514619883,MORENA,123,0.35964912280701755,109,0.31871345029239767,PT,14,0.04093567251461988,UNIDOS_CONTIGO,155,0.45321637426900585,32,0.0935672514619883,MORENA,123,0.35964912280701755,109,0.31871345029239767,PT,14,0.04093567251461988,155,0.45321637426900585,14,0.04093567251461988,1,0.0029239766081871343,12,0.03508771929824561,123,0.35964912280701755,5,0.014619883040935672,6,0.017543859649122806,6,0.017543859649122806,1,0.0029239766081871343,4,0.011695906432748537,2,0.005847953216374269,6,0.017543859649122806,0,0.0,7,0.02046783625730994,342,1.0,INE_DIPUTACIONES_FED_2021,SECCION,PARCIAL,CATALOGO_INE_2026
166,3,BAJA CALIFORNIA SUR,LA PAZ,,4,470,2245,817,0.36391982182628063,0.6360801781737193,UNIDOS_CONTIGO,359,0.4394124847001224,48,0.0587515299877601,MORENA,311,0.3806609547123623,278,0.3402692778457772,PT,33,0.04039167686658507,UNIDOS_CONTIGO,359,0.4394124847001224,48,0.0587515299877601,MORENA,311,0.3806609547123623,278,0.3402692778457772,PT,33,0.04039167686658507,359,0.4394124847001224,33,0.04039167686658507,22,0.02692778457772338,12,0.014687882496940025,311,0.3806609547123623,11,0.01346389228886169,2,0.0024479804161566705,9,0.011015911872705019,3,0.0036719706242350062,13,0.01591187270501836,9,0.011015911872705019,16,0.019583843329253364,0,0.0,17,0.0208078335373317,817,1.0,INE_DIPUTACIONES_FED_2021,SECCION,PARCIAL,CATALOGO_INE_2026
167,3,BAJA CALIFORNIA SUR,LA PAZ,,4,471,741,327,0.44129554655870445,0.5587044534412955,MORENA,146,0.44648318042813456,39,0.11926605504587157,UNIDOS_CONTIGO,107,0.327217125382263,87,0.26605504587155965,PT,20,0.06116207951070336,MORENA,146,0.44648318042813456,39,0.11926605504587157,UNIDOS_CONTIGO,107,0.327217125382263,87,0.26605504587155965,PT,20,0.06116207951070336,107,0.327217125382263,20,0.06116207951070336,9,0.027522935779816515,8,0.024464831804281346,146,0.44648318042813456,3,0.009174311926605505,4,0.012232415902140673,10,0.03058103975535168,1,0.0030581039755351682,6,0.01834862385321101,2,0.0061162079510703364,4,0.012232415902140673,0,0.0,7,0.021406727828746176,327,1.0,INE_DIPUTACIONES_FED_2021,SECCION,PARCIAL,CATALOGO_INE_2026
168,3,BAJA CALIFORNIA SUR,LA PAZ,,4,472,1498,589,0.3931909212283044,0.6068090787716955,UNIDOS_CONTIGO,224,0.38030560271646857,5,0.008488964346349746,MORENA,219,0.37181663837011886,178,0.30220713073005095,PT,41,0.06960950764006792,UNIDOS_CONTIGO,224,0.38030560271646857,5,0.008488964346349746,MORENA,219,0.37181663837011886,178,0.30220713073005095,PT,41,0.06960950764006792,224,0.38030560271646857,41,0.06960950764006792,17,0.028862478777589132,8,0.013582342954159592,219,0.37181663837011886,5,0.008488964346349746,12,0.02037351443123939,9,0.015280135823429542,2,0.003395585738539898,6,0.010186757215619695,13,0.022071307300509338,14,0.023769100169779286,0,0.0,19,0.03225806451612903,589,1.0,INE_DIPUTACIONES_FED_2021,SECCION,PARCIAL,CATALOGO_INE_2026
169,3,BAJA CALIFORNIA SUR,LA PAZ,,4,473,632,298,0.47151898734177217,0.5284810126582278,MORENA,122,0.40939597315436244,7,0.02348993288590604,UNIDOS_CONTIGO,115,0.3859060402684564,100,0.33557046979865773,PT,15,0.050335570469798654,MORENA,122,0.40939597315436244,7,0.02348993288590604,UNIDOS_CONTIGO,115,0.3859060402684564,100,0.33557046979865773,PT,15,0.050335570469798654,115,0.3859060402684564,15,0.050335570469798654,7,0.02348993288590604,8,0.026845637583892617,122,0.40939597315436244,3,0.010067114093959731,8,0.026845637583892617,5,0.016778523489932886,0,0.0,6,0.020134228187919462,1,0.003355704697986577,2,0.006711409395973154,0,0.0,6,0.020134228187919462,298,1.0,INE_DIPUTACIONES_FED_2021,SECCION,PARCIAL,CATALOGO_INE_2026
170,3,BAJA CALIFORNIA SUR,LA PAZ,,4,474,674,242,0.3590504451038576,0.6409495548961424,UNIDOS_CONTIGO,101,0.41735537190082644,6,0.024793388429752067,MORENA,95,0.3925619834710744,82,0.33884297520661155,PT,13,0.05371900826446281,UNIDOS_CONTIGO,101,0.41735537190082644,6,0.024793388429752067,MORENA,95,0.3925619834710744,82,0.33884297520661155,PT,13,0.05371900826446281,101,0.41735537190082644,13,0.05371900826446281,3,0.012396694214876033,10,0.04132231404958678,95,0.3925619834710744,2,0.008264462809917356,2,0.008264462809917356,3,0.012396694214876033,1,0.004132231404958678,3,0.012396694214876033,0,0.0,5,0.02066115702479339,0,0.0,4,0.01652892561983471,242,1.0,INE_DIPUTACIONES_FED_2021,SECCION,PARCIAL,CATALOGO_INE_2026
171,3,BAJA CALIFORNIA SUR,LA PAZ,,4,475,2825,968,0.3426548672566372,0.6573451327433628,MORENA,405,0.41838842975206614,36,0.0371900826446281,UNIDOS_CONTIGO,369,0.381198347107438,327,0.3378099173553719,PT,42,0.04338842975206612,MORENA,405,0.41838842975206614,36,0.0371900826446281,UNIDOS_CONTIGO,369,0.381198347107438,327,0.3378099173553719,PT,42,0.04338842975206612,369,0.381198347107438,42,0.04338842975206612,27,0.027892561983471075,21,0.02169421487603306,405,0.41838842975206614,18,0.01859504132231405,6,0.006198347107438017,8,0.008264462809917356,5,0.005165289256198347,15,0.015495867768595042,9,0.009297520661157025,23,0.023760330578512397,0,0.0,20,0.02066115702479339,968,1.0,INE_DIPUTACIONES_FED_2021,SECCION,PARCIAL,CATALOGO_INE_2026
172,3,BAJA CALIFORNIA SUR,LA PAZ,,4,476,690,267,0.3869565217391304,0.6130434782608696,MORENA,98,0.36704119850187267,8,0.0299625468164794,UNIDOS_CONTIGO,90,0.33707865168539325,74,0.27715355805243447,PVEM,16,0.0599250936329588,MORENA,98,0.36704119850187267,8,0.0299625468164794,UNIDOS_CONTIGO,90,0.33707865168539325,74,0.27715355805243447,PVEM,16,0.0599250936329588,90,0.33707865168539325,9,0.033707865168539325,16,0.0599250936329588,7,0.026217228464419477,98,0.36704119850187267,8,0.0299625468164794,2,0.00749063670411985,6,0.02247191011235955,3,0.011235955056179775,7,0.026217228464419477,1,0.003745318352059925,11,0.04119850187265917,0,0.0,9,0.033707865168539325,267,1.0,INE_DIPUTACIONES_FED_2021,SECCION,PARCIAL,CATALOGO_INE_2026
173,3,BAJA CALIFORNIA SUR,LA PAZ,,4,477,826,333,0.40314769975786924,0.5968523002421308,MORENA,133,0.3993993993993994,23,0.06906906906906907,UNIDOS_CONTIGO,110,0.3303303303303303,89,0.2672672672672673,PT,21,0.06306306306306306,MORENA,133,0.3993993993993994,23,0.06906906906906907,UNIDOS_CONTIGO,110,0.3303303303303303,89,0.2672672672672673,PT,21,0.06306306306306306,110,0.3303303303303303,21,0.06306306306306306,16,0.04804804804804805,12,0.036036036036036036,133,0.3993993993993994,10,0.03003003003003003,2,0.006006006006006006,2,0.006006006006006006,3,0.009009009009009009,2,0.006006006006006006,4,0.012012012012012012,10,0.03003003003003003,0,0.0,8,0.024024024024024024,333,1.0,INE_DIPUTACIONES_FED_2021,SECCION,PARCIAL,CATALOGO_INE_2026
174,3,BAJA CALIFORNIA SUR,LA PAZ,,4,479,3364,1386,0.41200951248513673,0.5879904875148633,UNIDOS_CONTIGO,659,0.4754689754689755,179,0.12914862914862915,MORENA,480,0.3463203463203463,421,0.3037518037518038,PT,59,0.04256854256854257,UNIDOS_CONTIGO,659,0.4754689754689755,179,0.12914862914862915,MORENA,480,0.3463203463203463,421,0.3037518037518038,PT,59,0.04256854256854257,659,0.4754689754689755,59,0.04256854256854257,32,0.023088023088023088,38,0.027417027417027416,480,0.3463203463203463,15,0.010822510822510822,12,0.008658008658008658,18,0.012987012987012988,3,0.0021645021645021645,16,0.011544011544011544,20,0.01443001443001443,18,0.012987012987012988,1,0.0007215007215007215,15,0.010822510822510822,1386,1.0,INE_DIPUTACIONES_FED_2021,SECCION,PARCIAL,CATALOGO_INE_2026
175,3,BAJA CALIFORNIA SUR,LA PAZ,,4,480,968,443,0.45764462809917356,0.5423553719008265,UNIDOS_CONTIGO,176,0.3972911963882618,6,0.013544018058690745,MORENA,170,0.3837471783295711,144,0.32505643340857787,PT,26,0.05869074492099323,UNIDOS_CONTIGO,176,0.3972911963882618,6,0.013544018058690745,MORENA,170,0.3837471783295711,144,0.32505643340857787,PT,26,0.05869074492099323,176,0.3972911963882618,26,0.05869074492099323,15,0.033860045146726865,11,0.024830699774266364,170,0.3837471783295711,2,0.004514672686230248,0,0.0,1,0.002257336343115124,4,0.009029345372460496,6,0.013544018058690745,3,0.006772009029345372,16,0.03611738148984198,0,0.0,13,0.029345372460496615,443,1.0,INE_DIPUTACIONES_FED_2021,SECCION,PARCIAL,CATALOGO_INE_2026
176,3,BAJA CALIFORNIA SUR,LA PAZ,,4,481,938,399,0.4253731343283582,0.5746268656716418,UNIDOS_CONTIGO,162,0.40601503759398494,20,0.05012531328320802,MORENA,142,0.3558897243107769,116,0.2907268170426065,PT,26,0.06516290726817042,UNIDOS_CONTIGO,162,0.40601503759398494,20,0.05012531328320802,MORENA,142,0.3558897243107769,116,0.2907268170426065,PT,26,0.06516290726817042,162,0.40601503759398494,26,0.06516290726817042,16,0.040100250626566414,9,0.022556390977443608,142,0.3558897243107769,1,0.002506265664160401,2,0.005012531328320802,6,0.015037593984962405,3,0.007518796992481203,6,0.015037593984962405,5,0.012531328320802004,14,0.03508771929824561,0,0.0,7,0.017543859649122806,399,1.0,INE_DIPUTACIONES_FED_2021,SECCION,PARCIAL,CATALOGO_INE_2026
177,3,BAJA CALIFORNIA SUR,LA PAZ,,4,482,1526,799,0.5235910878112713,0.4764089121887287,UNIDOS_CONTIGO,357,0.44680851063829785,55,0.0688360450563204,MORENA,302,0.37797246558197745,271,0.33917396745932415,PT,31,0.03879849812265332,UNIDOS_CONTIGO,357,0.44680851063829785,55,0.0688360450563204,MORENA,302,0.37797246558197745,271,0.33917396745932415,PT,31,0.03879849812265332,357,0.44680851063829785,31,0.03879849812265332,16,0.02002503128911139,16,0.02002503128911139,302,0.37797246558197745,6,0.007509386733416771,6,0.007509386733416771,8,0.010012515644555695,3,0.0037546933667083854,8,0.010012515644555695,12,0.015018773466833541,20,0.025031289111389236,1,0.0012515644555694619,13,0.016270337922403004,799,1.0,INE_DIPUTACIONES_FED_2021,SECCION,PARCIAL,CATALOGO_INE_2026
178,3,BAJA CALIFORNIA SUR,LA PAZ,,4,483,854,403,0.4718969555035129,0.5281030444964872,MORENA,167,0.4143920595533499,14,0.034739454094292806,UNIDOS_CONTIGO,153,0.37965260545905705,135,0.3349875930521092,PT,18,0.04466501240694789,MORENA,167,0.4143920595533499,14,0.034739454094292806,UNIDOS_CONTIGO,153,0.37965260545905705,135,0.3349875930521092,PT,18,0.04466501240694789,153,0.37965260545905705,18,0.04466501240694789,12,0.02977667493796526,7,0.017369727047146403,167,0.4143920595533499,1,0.0024813895781637717,3,0.007444168734491315,5,0.01240694789081886,2,0.004962779156327543,5,0.01240694789081886,2,0.004962779156327543,10,0.02481389578163772,0,0.0,18,0.04466501240694789,403,1.0,INE_DIPUTACIONES_FED_2021,SECCION,PARCIAL,CATALOGO_INE_2026
179,3,BAJA CALIFORNIA SUR,LA PAZ,,4,484,2353,934,0.39694007649808755,0.6030599235019125,UNIDOS_CONTIGO,382,0.4089935760171306,23,0.02462526766595289,MORENA,359,0.38436830835117775,318,0.3404710920770878,PT,41,0.043897216274089934,UNIDOS_CONTIGO,382,0.4089935760171306,23,0.02462526766595289,MORENA,359,0.38436830835117775,318,0.3404710920770878,PT,41,0.043897216274089934,382,0.4089935760171306,41,0.043897216274089934,18,0.019271948608137045,32,0.034261241970021415,359,0.38436830835117775,10,0.010706638115631691,7,0.007494646680942184,15,0.016059957173447537,1,0.0010706638115631692,11,0.011777301927194861,14,0.014989293361884369,21,0.022483940042826552,0,0.0,23,0.02462526766595289,934,1.0,INE_DIPUTACIONES_FED_2021,SECCION,PARCIAL,CATALOGO_INE_2026
180,3,BAJA CALIFORNIA SUR,LA PAZ,,4,485,1246,667,0.5353130016051364,0.4646869983948636,UNIDOS_CONTIGO,299,0.4482758620689655,77,0.11544227886056972,MORENA,222,0.3328335832083958,190,0.2848575712143928,PT,32,0.047976011994003,UNIDOS_CONTIGO,299,0.4482758620689655,77,0.11544227886056972,MORENA,222,0.3328335832083958,190,0.2848575712143928,PT,32,0.047976011994003,299,0.4482758620689655,32,0.047976011994003,10,0.014992503748125937,22,0.03298350824587706,222,0.3328335832083958,6,0.008995502248875561,5,0.0074962518740629685,4,0.005997001499250375,4,0.005997001499250375,7,0.010494752623688156,15,0.022488755622188907,23,0.034482758620689655,1,0.0014992503748125937,17,0.025487256371814093,667,1.0,INE_DIPUTACIONES_FED_2021,SECCION,PARCIAL,CATALOGO_INE_2026
181,3,BAJA CALIFORNIA SUR,LA PAZ,,4,486,967,513,0.5305067218200621,0.4694932781799379,UNIDOS_CONTIGO,216,0.42105263157894735,49,0.09551656920077972,MORENA,167,0.3255360623781676,141,0.27485380116959063,PT,26,0.050682261208576995,UNIDOS_CONTIGO,216,0.42105263157894735,49,0.09551656920077972,MORENA,167,0.3255360623781676,141,0.27485380116959063,PT,26,0.050682261208576995,216,0.42105263157894735,26,0.050682261208576995,16,0.031189083820662766,23,0.04483430799220273,167,0.3255360623781676,3,0.005847953216374269,4,0.007797270955165692,11,0.021442495126705652,3,0.005847953216374269,5,0.009746588693957114,11,0.021442495126705652,10,0.01949317738791423,1,0.001949317738791423,17,0.03313840155945419,513,1.0,INE_DIPUTACIONES_FED_2021,SECCION,PARCIAL,CATALOGO_INE_2026
182,3,BAJA CALIFORNIA SUR,LA PAZ,,4,487,2006,945,0.471086739780658,0.528913260219342,MORENA,376,0.3978835978835979,4,0.004232804232804233,UNIDOS_CONTIGO,372,0.39365079365079364,337,0.3566137566137566,PT,35,0.037037037037037035,MORENA,376,0.3978835978835979,4,0.004232804232804233,UNIDOS_CONTIGO,372,0.39365079365079364,337,0.3566137566137566,PT,35,0.037037037037037035,372,0.39365079365079364,35,0.037037037037037035,26,0.027513227513227514,29,0.030687830687830688,376,0.3978835978835979,10,0.010582010582010581,9,0.009523809523809525,13,0.013756613756613757,3,0.0031746031746031746,19,0.020105820105820106,15,0.015873015873015872,18,0.01904761904761905,0,0.0,20,0.021164021164021163,945,1.0,INE_DIPUTACIONES_FED_2021,SECCION,PARCIAL,CATALOGO_INE_2026
183,3,BAJA CALIFORNIA SUR,LA PAZ,,4,488,1893,957,0.5055467511885895,0.4944532488114105,UNIDOS_CONTIGO,402,0.4200626959247649,25,0.02612330198537095,MORENA,377,0.3939393939393939,335,0.3500522466039707,PT,42,0.0438871473354232,UNIDOS_CONTIGO,402,0.4200626959247649,25,0.02612330198537095,MORENA,377,0.3939393939393939,335,0.3500522466039707,PT,42,0.0438871473354232,402,0.4200626959247649,42,0.0438871473354232,28,0.029258098223615466,26,0.027168234064785787,377,0.3939393939393939,8,0.008359456635318705,5,0.00522466039707419,10,0.01044932079414838,2,0.0020898641588296763,8,0.008359456635318705,13,0.013584117032392894,19,0.019853709508881923,0,0.0,17,0.017763845350052248,957,1.0,INE_DIPUTACIONES_FED_2021,SECCION,PARCIAL,CATALOGO_INE_2026
184,3,BAJA CALIFORNIA SUR,LA PAZ,,4,489,1154,704,0.610051993067591,0.38994800693240905,UNIDOS_CONTIGO,296,0.42045454545454547,13,0.018465909090909092,MORENA,283,0.40198863636363635,256,0.36363636363636365,PT,27,0.03835227272727273,UNIDOS_CONTIGO,296,0.42045454545454547,13,0.018465909090909092,MORENA,283,0.40198863636363635,256,0.36363636363636365,PT,27,0.03835227272727273,296,0.42045454545454547,27,0.03835227272727273,9,0.01278409090909091,22,0.03125,283,0.40198863636363635,6,0.008522727272727272,1,0.0014204545454545455,4,0.005681818181818182,6,0.008522727272727272,8,0.011363636363636364,18,0.02556818181818182,18,0.02556818181818182,0,0.0,6,0.008522727272727272,704,1.0,INE_DIPUTACIONES_FED_2021,SECCION,PARCIAL,CATALOGO_INE_2026
185,3,BAJA CALIFORNIA SUR,LA PAZ,,4,490,1103,517,0.46872166817769717,0.5312783318223029,UNIDOS_CONTIGO,226,0.437137330754352,20,0.03868471953578337,MORENA,206,0.3984526112185687,191,0.3694390715667311,PT,15,0.029013539651837523,UNIDOS_CONTIGO,226,0.437137330754352,20,0.03868471953578337,MORENA,206,0.3984526112185687,191,0.3694390715667311,PT,15,0.029013539651837523,226,0.437137330754352,15,0.029013539651837523,4,0.007736943907156673,15,0.029013539651837523,206,0.3984526112185687,5,0.009671179883945842,4,0.007736943907156673,4,0.007736943907156673,1,0.0019342359767891683,6,0.01160541586073501,6,0.01160541586073501,13,0.025145067698259187,0,0.0,12,0.02321083172147002,517,1.0,INE_DIPUTACIONES_FED_2021,SECCION,PARCIAL,CATALOGO_INE_2026
186,3,BAJA CALIFORNIA SUR,LA PAZ,,4,491,1227,674,0.5493072534637327,0.45069274653626734,UNIDOS_CONTIGO,348,0.516320474777448,122,0.18100890207715134,MORENA,226,0.3353115727002967,213,0.31602373887240354,MC,13,0.019287833827893175,UNIDOS_CONTIGO,348,0.516320474777448,122,0.18100890207715134,MORENA,226,0.3353115727002967,213,0.31602373887240354,MC,13,0.019287833827893175,348,0.516320474777448,8,0.011869436201780416,10,0.01483679525222552,13,0.019287833827893175,226,0.3353115727002967,5,0.00741839762611276,6,0.008902077151335312,12,0.017804154302670624,2,0.002967359050445104,12,0.017804154302670624,8,0.011869436201780416,10,0.01483679525222552,1,0.001483679525222552,13,0.019287833827893175,674,1.0,INE_DIPUTACIONES_FED_2021,SECCION,PARCIAL,CATALOGO_INE_2026
187,3,BAJA CALIFORNIA SUR,LA PAZ,,4,492,1855,795,0.42857142857142855,0.5714285714285714,UNIDOS_CONTIGO,345,0.4339622641509434,41,0.05157232704402516,MORENA,304,0.38238993710691827,275,0.34591194968553457,PT,29,0.03647798742138365,UNIDOS_CONTIGO,345,0.4339622641509434,41,0.05157232704402516,MORENA,304,0.38238993710691827,275,0.34591194968553457,PT,29,0.03647798742138365,345,0.4339622641509434,29,0.03647798742138365,16,0.02012578616352201,20,0.025157232704402517,304,0.38238993710691827,7,0.00880503144654088,5,0.006289308176100629,14,0.01761006289308176,5,0.006289308176100629,4,0.005031446540880503,16,0.02012578616352201,18,0.022641509433962263,1,0.0012578616352201257,11,0.013836477987421384,795,1.0,INE_DIPUTACIONES_FED_2021,SECCION,PARCIAL,CATALOGO_INE_2026
188,3,BAJA CALIFORNIA SUR,LA PAZ,,4,493,1237,551,0.44543249797898143,0.5545675020210186,UNIDOS_CONTIGO,221,0.4010889292196007,0,0.0,MORENA,221,0.4010889292196007,195,0.35390199637023595,PT,26,0.047186932849364795,UNIDOS_CONTIGO,221,0.4010889292196007,0,0.0,MORENA,221,0.4010889292196007,195,0.35390199637023595,PT,26,0.047186932849364795,221,0.4010889292196007,26,0.047186932849364795,8,0.014519056261343012,8,0.014519056261343012,221,0.4010889292196007,3,0.0054446460980036296,10,0.018148820326678767,6,0.010889292196007259,2,0.003629764065335753,13,0.023593466424682397,11,0.019963702359346643,10,0.018148820326678767,0,0.0,12,0.021778584392014518,551,1.0,INE_DIPUTACIONES_FED_2021,SECCION,PARCIAL,CATALOGO_INE_2026
189,3,BAJA CALIFORNIA SUR,LA PAZ,,4,494,1648,624,0.3786407766990291,0.6213592233009708,UNIDOS_CONTIGO,265,0.42467948717948717,33,0.052884615384615384,MORENA,232,0.3717948717948718,198,0.3173076923076923,PT,34,0.05448717948717949,UNIDOS_CONTIGO,265,0.42467948717948717,33,0.052884615384615384,MORENA,232,0.3717948717948718,198,0.3173076923076923,PT,34,0.05448717948717949,265,0.42467948717948717,34,0.05448717948717949,12,0.019230769230769232,19,0.030448717948717948,232,0.3717948717948718,3,0.004807692307692308,9,0.014423076923076924,5,0.008012820512820512,3,0.004807692307692308,10,0.016025641025641024,10,0.016025641025641024,12,0.019230769230769232,0,0.0,10,0.016025641025641024,624,1.0,INE_DIPUTACIONES_FED_2021,SECCION,PARCIAL,CATALOGO_INE_2026
190,3,BAJA CALIFORNIA SUR,LA PAZ,,4,495,1784,701,0.3929372197309417,0.6070627802690582,UNIDOS_CONTIGO,301,0.42938659058487877,29,0.04136947218259629,MORENA,272,0.3880171184022825,246,0.3509272467902996,PT,26,0.037089871611982884,UNIDOS_CONTIGO,301,0.42938659058487877,29,0.04136947218259629,MORENA,272,0.3880171184022825,246,0.3509272467902996,PT,26,0.037089871611982884,301,0.42938659058487877,26,0.037089871611982884,12,0.017118402282453638,19,0.02710413694721826,272,0.3880171184022825,5,0.007132667617689016,3,0.0042796005706134095,7,0.009985734664764621,6,0.008559201141226819,12,0.017118402282453638,14,0.019971469329529243,12,0.017118402282453638,0,0.0,12,0.017118402282453638,701,1.0,INE_DIPUTACIONES_FED_2021,SECCION,PARCIAL,CATALOGO_INE_2026
191,3,BAJA CALIFORNIA SUR,LA PAZ,,5,184,306,188,0.6143790849673203,0.3856209150326797,UNIDOS_CONTIGO,92,0.48936170212765956,41,0.21808510638297873,MORENA,51,0.2712765957446808,41,0.21808510638297873,PT,10,0.05319148936170213,UNIDOS_CONTIGO,92,0.48936170212765956,41,0.21808510638297873,MORENA,51,0.2712765957446808,41,0.21808510638297873,PT,10,0.05319148936170213,92,0.48936170212765956,10,0.05319148936170213,9,0.047872340425531915,7,0.03723404255319149,51,0.2712765957446808,0,0.0,0,0.0,2,0.010638297872340425,1,0.005319148936170213,1,0.005319148936170213,2,0.010638297872340425,6,0.031914893617021274,0,0.0,7,0.03723404255319149,188,1.0,INE_DIPUTACIONES_FED_2021,SECCION,PARCIAL,CATALOGO_INE_2026
192,3,BAJA CALIFORNIA SUR,LA PAZ,,5,185,667,399,0.5982008995502249,0.40179910044977507,UNIDOS_CONTIGO,178,0.44611528822055135,11,0.02756892230576441,MORENA,167,0.41854636591478694,152,0.38095238095238093,PT,15,0.03759398496240601,UNIDOS_CONTIGO,178,0.44611528822055135,11,0.02756892230576441,MORENA,167,0.41854636591478694,152,0.38095238095238093,PT,15,0.03759398496240601,178,0.44611528822055135,15,0.03759398496240601,3,0.007518796992481203,8,0.020050125313283207,167,0.41854636591478694,3,0.007518796992481203,1,0.002506265664160401,3,0.007518796992481203,2,0.005012531328320802,1,0.002506265664160401,3,0.007518796992481203,8,0.020050125313283207,2,0.005012531328320802,5,0.012531328320802004,399,1.0,INE_DIPUTACIONES_FED_2021,SECCION,PARCIAL,CATALOGO_INE_2026
193,3,BAJA CALIFORNIA SUR,LA PAZ,,5,187,821,532,0.6479902557856273,0.3520097442143727,UNIDOS_CONTIGO,312,0.5864661654135338,171,0.32142857142857145,MORENA,141,0.2650375939849624,113,0.212406015037594,PT,28,0.05263157894736842,UNIDOS_CONTIGO,312,0.5864661654135338,171,0.32142857142857145,MORENA,141,0.2650375939849624,113,0.212406015037594,PT,28,0.05263157894736842,312,0.5864661654135338,28,0.05263157894736842,4,0.007518796992481203,11,0.020676691729323307,141,0.2650375939849624,1,0.0018796992481203006,2,0.0037593984962406013,6,0.011278195488721804,0,0.0,0,0.0,7,0.013157894736842105,9,0.016917293233082706,0,0.0,11,0.020676691729323307,532,1.0,INE_DIPUTACIONES_FED_2021,SECCION,PARCIAL,CATALOGO_INE_2026
194,3,BAJA CALIFORNIA SUR,LA PAZ,,5,207,651,332,0.5099846390168971,0.49001536098310294,UNIDOS_CONTIGO,143,0.4307228915662651,22,0.06626506024096386,MORENA,121,0.3644578313253012,98,0.29518072289156627,PT,23,0.06927710843373494,UNIDOS_CONTIGO,143,0.4307228915662651,22,0.06626506024096386,MORENA,121,0.3644578313253012,98,0.29518072289156627,PT,23,0.06927710843373494,143,0.4307228915662651,23,0.06927710843373494,4,0.012048192771084338,8,0.024096385542168676,121,0.3644578313253012,2,0.006024096385542169,0,0.0,6,0.018072289156626505,1,0.0030120481927710845,3,0.009036144578313253,1,0.0030120481927710845,10,0.030120481927710843,0,0.0,10,0.030120481927710843,332,1.0,INE_DIPUTACIONES_FED_2021,SECCION,PARCIAL,CATALOGO_INE_2026
195,3,BAJA CALIFORNIA SUR,LA PAZ,,5,208,800,458,0.5725,0.4275,MORENA,180,0.3930131004366812,7,0.015283842794759825,UNIDOS_CONTIGO,173,0.3777292576419214,147,0.32096069868995636,PT,26,0.056768558951965066,MORENA,180,0.3930131004366812,7,0.015283842794759825,UNIDOS_CONTIGO,173,0.3777292576419214,147,0.32096069868995636,PT,26,0.056768558951965066,173,0.3777292576419214,26,0.056768558951965066,13,0.028384279475982533,8,0.017467248908296942,180,0.3930131004366812,3,0.006550218340611353,3,0.006550218340611353,5,0.010917030567685589,4,0.008733624454148471,5,0.010917030567685589,16,0.034934497816593885,9,0.019650655021834062,0,0.0,13,0.028384279475982533,458,1.0,INE_DIPUTACIONES_FED_2021,SECCION,PARCIAL,CATALOGO_INE_2026
196,3,BAJA CALIFORNIA SUR,LA PAZ,,5,209,1822,1168,0.6410537870472008,0.35894621295279916,UNIDOS_CONTIGO,723,0.6190068493150684,418,0.3578767123287671,MORENA,305,0.2611301369863014,279,0.23886986301369864,PT,26,0.02226027397260274,UNIDOS_CONTIGO,723,0.6190068493150684,418,0.3578767123287671,MORENA,305,0.2611301369863014,279,0.23886986301369864,PT,26,0.02226027397260274,723,0.6190068493150684,26,0.02226027397260274,20,0.017123287671232876,26,0.02226027397260274,305,0.2611301369863014,4,0.003424657534246575,3,0.0025684931506849314,10,0.008561643835616438,3,0.0025684931506849314,9,0.007705479452054794,13,0.01113013698630137,10,0.008561643835616438,0,0.0,16,0.0136986301369863,1168,1.0,INE_DIPUTACIONES_FED_2021,SECCION,PARCIAL,CATALOGO_INE_2026
197,3,BAJA CALIFORNIA SUR,LA PAZ,,5,210,4111,2467,0.6000972999270251,0.3999027000729749,UNIDOS_CONTIGO,1210,0.4904742602351034,388,0.15727604377786786,MORENA,822,0.3331982164572355,731,0.2963113092825294,MC,91,0.03688690717470612,UNIDOS_CONTIGO,1210,0.4904742602351034,388,0.15727604377786786,MORENA,822,0.3331982164572355,731,0.2963113092825294,MC,91,0.03688690717470612,1210,0.4904742602351034,87,0.03526550466153223,35,0.014187271990271585,91,0.03688690717470612,822,0.3331982164572355,15,0.006080259424402107,22,0.008917713822456425,22,0.008917713822456425,5,0.002026753141467369,31,0.01256586947709769,49,0.019862180786380218,50,0.020267531414673693,3,0.0012160518848804217,25,0.010133765707336847,2467,1.0,INE_DIPUTACIONES_FED_2021,SECCION,PARCIAL,CATALOGO_INE_2026
198,3,BAJA CALIFORNIA SUR,LA PAZ,,5,218,2767,1672,0.6042645464401879,0.3957354535598121,UNIDOS_CONTIGO,1002,0.5992822966507177,552,0.33014354066985646,MORENA,450,0.26913875598086123,406,0.24282296650717702,PT,44,0.02631578947368421,UNIDOS_CONTIGO,1002,0.5992822966507177,552,0.33014354066985646,MORENA,450,0.26913875598086123,406,0.24282296650717702,PT,44,0.02631578947368421,1002,0.5992822966507177,44,0.02631578947368421,23,0.01375598086124402,37,0.022129186602870814,450,0.26913875598086123,6,0.0035885167464114833,4,0.0023923444976076554,19,0.011363636363636364,2,0.0011961722488038277,19,0.011363636363636364,31,0.01854066985645933,15,0.008971291866028708,0,0.0,20,0.011961722488038277,1672,1.0,INE_DIPUTACIONES_FED_2021,SECCION,PARCIAL,CATALOGO_INE_2026
199,3,BAJA CALIFORNIA SUR,LA PAZ,,5,256,2394,1249,0.5217209690893901,0.47827903091060986,UNIDOS_CONTIGO,631,0.5052041633306645,212,0.16973578863090472,MORENA,419,0.3354683746997598,377,0.3018414731785428,PT,42,0.03362690152121697,UNIDOS_CONTIGO,631,0.5052041633306645,212,0.16973578863090472,MORENA,419,0.3354683746997598,377,0.3018414731785428,PT,42,0.03362690152121697,631,0.5052041633306645,42,0.03362690152121697,28,0.02241793434747798,26,0.020816653322658127,419,0.3354683746997598,5,0.0040032025620496394,12,0.009607686148919135,8,0.006405124099279423,4,0.0032025620496397116,16,0.012810248198558846,14,0.01120896717373899,18,0.014411529223378704,1,0.0008006405124099279,25,0.020016012810248198,1249,1.0,INE_DIPUTACIONES_FED_2021,SECCION,PARCIAL,CATALOGO_INE_2026
200,3,BAJA CALIFORNIA SUR,LA PAZ,,5,257,1145,542,0.4733624454148472,0.5266375545851528,MORENA,235,0.43357933579335795,48,0.08856088560885608,UNIDOS_CONTIGO,187,0.34501845018450183,157,0.2896678966789668,PT,30,0.055350553505535055,MORENA,235,0.43357933579335795,48,0.08856088560885608,UNIDOS_CONTIGO,187,0.34501845018450183,157,0.2896678966789668,PT,30,0.055350553505535055,187,0.34501845018450183,30,0.055350553505535055,11,0.02029520295202952,7,0.012915129151291513,235,0.43357933579335795,3,0.005535055350553505,6,0.01107011070110701,7,0.012915129151291513,1,0.0018450184501845018,11,0.02029520295202952,11,0.02029520295202952,14,0.025830258302583026,3,0.005535055350553505,16,0.02952029520295203,542,1.0,INE_DIPUTACIONES_FED_2021,SECCION,PARCIAL,CATALOGO_INE_2026
201,3,BAJA CALIFORNIA SUR,LA PAZ,,5,258,381,186,0.4881889763779528,0.5118110236220472,UNIDOS_CONTIGO,78,0.41935483870967744,4,0.021505376344086023,MORENA,74,0.3978494623655914,64,0.34408602150537637,PVEM,10,0.053763440860215055,UNIDOS_CONTIGO,78,0.41935483870967744,4,0.021505376344086023,MORENA,74,0.3978494623655914,64,0.34408602150537637,PVEM,10,0.053763440860215055,78,0.41935483870967744,7,0.03763440860215054,10,0.053763440860215055,2,0.010752688172043012,74,0.3978494623655914,0,0.0,3,0.016129032258064516,2,0.010752688172043012,1,0.005376344086021506,0,0.0,1,0.005376344086021506,5,0.026881720430107527,0,0.0,3,0.016129032258064516,186,1.0,INE_DIPUTACIONES_FED_2021,SECCION,PARCIAL,CATALOGO_INE_2026
202,3,BAJA CALIFORNIA SUR,LA PAZ,,5,259,184,106,0.5760869565217391,0.42391304347826086,UNIDOS_CONTIGO,46,0.4339622641509434,4,0.03773584905660377,MORENA,42,0.39622641509433965,36,0.33962264150943394,PT,6,0.05660377358490566,UNIDOS_CONTIGO,46,0.4339622641509434,4,0.03773584905660377,MORENA,42,0.39622641509433965,36,0.33962264150943394,PT,6,0.05660377358490566,46,0.4339622641509434,6,0.05660377358490566,2,0.018867924528301886,0,0.0,42,0.39622641509433965,0,0.0,4,0.03773584905660377,1,0.009433962264150943,1,0.009433962264150943,2,0.018867924528301886,0,0.0,0,0.0,0,0.0,2,0.018867924528301886,106,1.0,INE_DIPUTACIONES_FED_2021,SECCION,PARCIAL,CATALOGO_INE_2026
203,3,BAJA CALIFORNIA SUR,LA PAZ,,5,260,218,108,0.4954128440366973,0.5045871559633027,MORENA,47,0.4351851851851852,6,0.05555555555555555,UNIDOS_CONTIGO,41,0.37962962962962965,34,0.3148148148148148,PVEM,7,0.06481481481481481,MORENA,47,0.4351851851851852,6,0.05555555555555555,UNIDOS_CONTIGO,41,0.37962962962962965,34,0.3148148148148148,PVEM,7,0.06481481481481481,41,0.37962962962962965,5,0.046296296296296294,7,0.06481481481481481,1,0.009259259259259259,47,0.4351851851851852,2,0.018518518518518517,0,0.0,0,0.0,0,0.0,0,0.0,0,0.0,0,0.0,0,0.0,5,0.046296296296296294,108,1.0,INE_DIPUTACIONES_FED_2021,SECCION,PARCIAL,CATALOGO_INE_2026
204,3,BAJA CALIFORNIA SUR,LA PAZ,,5,261,720,391,0.5430555555555555,0.4569444444444445,UNIDOS_CONTIGO,177,0.45268542199488493,59,0.15089514066496162,MORENA,118,0.30179028132992325,91,0.23273657289002558,PT,27,0.06905370843989769,UNIDOS_CONTIGO,177,0.45268542199488493,59,0.15089514066496162,MORENA,118,0.30179028132992325,91,0.23273657289002558,PT,27,0.06905370843989769,177,0.45268542199488493,27,0.06905370843989769,15,0.03836317135549872,0,0.0,118,0.30179028132992325,4,0.010230179028132993,4,0.010230179028132993,5,0.01278772378516624,6,0.015345268542199489,2,0.005115089514066497,1,0.0025575447570332483,11,0.028132992327365727,0,0.0,21,0.05370843989769821,391,1.0,INE_DIPUTACIONES_FED_2021,SECCION,PARCIAL,CATALOGO_INE_2026
205,3,BAJA CALIFORNIA SUR,LA PAZ,,5,262,216,141,0.6527777777777778,0.3472222222222222,UNIDOS_CONTIGO,53,0.375886524822695,14,0.09929078014184398,MORENA,39,0.2765957446808511,22,0.15602836879432624,PT,17,0.12056737588652482,UNIDOS_CONTIGO,53,0.375886524822695,14,0.09929078014184398,MORENA,39,0.2765957446808511,22,0.15602836879432624,PT,17,0.12056737588652482,53,0.375886524822695,17,0.12056737588652482,1,0.0070921985815602835,4,0.028368794326241134,39,0.2765957446808511,2,0.014184397163120567,3,0.02127659574468085,1,0.0070921985815602835,1,0.0070921985815602835,0,0.0,4,0.028368794326241134,10,0.07092198581560284,0,0.0,6,0.0425531914893617,141,1.0,INE_DIPUTACIONES_FED_2021,SECCION,PARCIAL,CATALOGO_INE_2026
206,3,BAJA CALIFORNIA SUR,LA PAZ,,5,263,189,96,0.5079365079365079,0.4920634920634921,MORENA,48,0.5,31,0.3229166666666667,UNIDOS_CONTIGO,17,0.17708333333333334,4,0.041666666666666664,PT,13,0.13541666666666666,MORENA,48,0.5,31,0.3229166666666667,UNIDOS_CONTIGO,17,0.17708333333333334,4,0.041666666666666664,PT,13,0.13541666666666666,17,0.17708333333333334,13,0.13541666666666666,0,0.0,1,0.010416666666666666,48,0.5,3,0.03125,3,0.03125,1,0.010416666666666666,0,0.0,1,0.010416666666666666,0,0.0,5,0.052083333333333336,0,0.0,4,0.041666666666666664,96,1.0,INE_DIPUTACIONES_FED_2021,SECCION,PARCIAL,CATALOGO_INE_2026
207,3,BAJA CALIFORNIA SUR,LA PAZ,,5,264,188,71,0.3776595744680851,0.6223404255319149,UNIDOS_CONTIGO,33,0.4647887323943662,18,0.2535211267605634,MORENA,15,0.2112676056338028,9,0.1267605633802817,PT,6,0.08450704225352113,UNIDOS_CONTIGO,33,0.4647887323943662,18,0.2535211267605634,MORENA,15,0.2112676056338028,9,0.1267605633802817,PT,6,0.08450704225352113,33,0.4647887323943662,6,0.08450704225352113,0,0.0,1,0.014084507042253521,15,0.2112676056338028,2,0.028169014084507043,3,0.04225352112676056,4,0.056338028169014086,1,0.014084507042253521,0,0.0,0,0.0,0,0.0,0,0.0,6,0.08450704225352113,71,1.0,INE_DIPUTACIONES_FED_2021,SECCION,PARCIAL,CATALOGO_INE_2026
208,3,BAJA CALIFORNIA SUR,LA PAZ,,5,265,475,269,0.5663157894736842,0.4336842105263158,MORENA,107,0.39776951672862454,2,0.007434944237918215,UNIDOS_CONTIGO,105,0.3903345724907063,90,0.3345724907063197,PT,15,0.055762081784386616,MORENA,107,0.39776951672862454,2,0.007434944237918215,UNIDOS_CONTIGO,105,0.3903345724907063,90,0.3345724907063197,PT,15,0.055762081784386616,105,0.3903345724907063,15,0.055762081784386616,4,0.01486988847583643,2,0.007434944237918215,107,0.39776951672862454,2,0.007434944237918215,3,0.011152416356877323,1,0.0037174721189591076,0,0.0,3,0.011152416356877323,10,0.03717472118959108,11,0.040892193308550186,0,0.0,6,0.022304832713754646,269,1.0,INE_DIPUTACIONES_FED_2021,SECCION,PARCIAL,CATALOGO_INE_2026
209,3,BAJA CALIFORNIA SUR,LA PAZ,,5,266,517,288,0.5570599613152805,0.44294003868471954,MORENA,139,0.4826388888888889,59,0.2048611111111111,UNIDOS_CONTIGO,80,0.2777777777777778,64,0.2222222222222222,PVEM,16,0.05555555555555555,MORENA,139,0.4826388888888889,59,0.2048611111111111,UNIDOS_CONTIGO,80,0.2777777777777778,64,0.2222222222222222,PVEM,16,0.05555555555555555,80,0.2777777777777778,14,0.04861111111111111,16,0.05555555555555555,2,0.006944444444444444,139,0.4826388888888889,3,0.010416666666666666,3,0.010416666666666666,6,0.020833333333333332,4,0.013888888888888888,1,0.003472222222222222,1,0.003472222222222222,3,0.010416666666666666,0,0.0,16,0.05555555555555555,288,1.0,INE_DIPUTACIONES_FED_2021,SECCION,PARCIAL,CATALOGO_INE_2026
210,3,BAJA CALIFORNIA SUR,LA PAZ,,5,288,999,496,0.4964964964964965,0.5035035035035035,UNIDOS_CONTIGO,231,0.4657258064516129,50,0.10080645161290322,MORENA,181,0.3649193548387097,158,0.3185483870967742,PT,23,0.046370967741935484,UNIDOS_CONTIGO,231,0.4657258064516129,50,0.10080645161290322,MORENA,181,0.3649193548387097,158,0.3185483870967742,PT,23,0.046370967741935484,231,0.4657258064516129,23,0.046370967741935484,9,0.018145161290322582,14,0.028225806451612902,181,0.3649193548387097,2,0.004032258064516129,6,0.012096774193548387,0,0.0,1,0.0020161290322580645,4,0.008064516129032258,10,0.020161290322580645,9,0.018145161290322582,0,0.0,6,0.012096774193548387,496,1.0,INE_DIPUTACIONES_FED_2021,SECCION,PARCIAL,CATALOGO_INE_2026
211,3,BAJA CALIFORNIA SUR,LA PAZ,,5,289,2070,958,0.4628019323671498,0.5371980676328503,MORENA,393,0.4102296450939457,19,0.019832985386221295,UNIDOS_CONTIGO,374,0.3903966597077244,339,0.35386221294363257,PT,35,0.03653444676409186,MORENA,393,0.4102296450939457,19,0.019832985386221295,UNIDOS_CONTIGO,374,0.3903966597077244,339,0.35386221294363257,PT,35,0.03653444676409186,374,0.3903966597077244,35,0.03653444676409186,16,0.016701461377870562,23,0.024008350730688934,393,0.4102296450939457,9,0.009394572025052192,15,0.015657620041753653,8,0.008350730688935281,4,0.0041753653444676405,18,0.018789144050104383,11,0.011482254697286013,28,0.029227557411273485,0,0.0,24,0.025052192066805846,958,1.0,INE_DIPUTACIONES_FED_2021,SECCION,PARCIAL,CATALOGO_INE_2026
212,3,BAJA CALIFORNIA SUR,LA PAZ,,5,348,503,261,0.5188866799204771,0.4811133200795229,UNIDOS_CONTIGO,111,0.42528735632183906,6,0.022988505747126436,MORENA,105,0.40229885057471265,94,0.36015325670498083,PT,11,0.0421455938697318,UNIDOS_CONTIGO,111,0.42528735632183906,6,0.022988505747126436,MORENA,105,0.40229885057471265,94,0.36015325670498083,PT,11,0.0421455938697318,111,0.42528735632183906,11,0.0421455938697318,0,0.0,5,0.019157088122605363,105,0.40229885057471265,0,0.0,3,0.011494252873563218,1,0.0038314176245210726,0,0.0,3,0.011494252873563218,8,0.03065134099616858,7,0.02681992337164751,0,0.0,7,0.02681992337164751,261,1.0,INE_DIPUTACIONES_FED_2021,SECCION,PARCIAL,CATALOGO_INE_2026
213,3,BAJA CALIFORNIA SUR,LA PAZ,,5,349,596,311,0.5218120805369127,0.47818791946308725,UNIDOS_CONTIGO,171,0.5498392282958199,89,0.2861736334405145,MORENA,82,0.26366559485530544,69,0.22186495176848875,PT,13,0.04180064308681672,UNIDOS_CONTIGO,171,0.5498392282958199,89,0.2861736334405145,MORENA,82,0.26366559485530544,69,0.22186495176848875,PT,13,0.04180064308681672,171,0.5498392282958199,13,0.04180064308681672,3,0.00964630225080386,11,0.03536977491961415,82,0.26366559485530544,1,0.003215434083601286,0,0.0,3,0.00964630225080386,1,0.003215434083601286,5,0.01607717041800643,8,0.02572347266881029,4,0.012861736334405145,0,0.0,9,0.028938906752411574,311,1.0,INE_DIPUTACIONES_FED_2021,SECCION,PARCIAL,CATALOGO_INE_2026
214,3,BAJA CALIFORNIA SUR,LA PAZ,,5,350,433,263,0.6073903002309469,0.39260969976905313,UNIDOS_CONTIGO,106,0.40304182509505704,11,0.04182509505703422,MORENA,95,0.3612167300380228,82,0.311787072243346,PT,13,0.049429657794676805,UNIDOS_CONTIGO,106,0.40304182509505704,11,0.04182509505703422,MORENA,95,0.3612167300380228,82,0.311787072243346,PT,13,0.049429657794676805,106,0.40304182509505704,13,0.049429657794676805,7,0.026615969581749048,11,0.04182509505703422,95,0.3612167300380228,1,0.0038022813688212928,2,0.0076045627376425855,7,0.026615969581749048,0,0.0,2,0.0076045627376425855,4,0.015209125475285171,10,0.03802281368821293,0,0.0,5,0.019011406844106463,263,1.0,INE_DIPUTACIONES_FED_2021,SECCION,PARCIAL,CATALOGO_INE_2026
215,3,BAJA CALIFORNIA SUR,LA PAZ,,5,440,1300,774,0.5953846153846154,0.4046153846153846,UNIDOS_CONTIGO,410,0.5297157622739018,166,0.2144702842377261,MORENA,244,0.3152454780361757,218,0.28165374677002586,MC,26,0.03359173126614987,UNIDOS_CONTIGO,410,0.5297157622739018,166,0.2144702842377261,MORENA,244,0.3152454780361757,218,0.28165374677002586,MC,26,0.03359173126614987,410,0.5297157622739018,21,0.027131782945736434,14,0.01808785529715762,26,0.03359173126614987,244,0.3152454780361757,3,0.003875968992248062,3,0.003875968992248062,11,0.014211886304909561,1,0.0012919896640826874,9,0.011627906976744186,14,0.01808785529715762,11,0.014211886304909561,0,0.0,7,0.00904392764857881,774,1.0,INE_DIPUTACIONES_FED_2021,SECCION,PARCIAL,CATALOGO_INE_2026
216,3,BAJA CALIFORNIA SUR,LA PAZ,,5,442,1068,675,0.6320224719101124,0.3679775280898876,UNIDOS_CONTIGO,359,0.5318518518518518,139,0.20592592592592593,MORENA,220,0.32592592592592595,203,0.30074074074074075,MORENA_PT,17,0.025185185185185185,UNIDOS_CONTIGO,359,0.5318518518518518,139,0.20592592592592593,MORENA,220,0.32592592592592595,203,0.30074074074074075,MORENA_PT,17,0.025185185185185185,359,0.5318518518518518,12,0.017777777777777778,7,0.01037037037037037,16,0.023703703703703703,220,0.32592592592592595,4,0.005925925925925926,8,0.011851851851851851,6,0.008888888888888889,2,0.002962962962962963,6,0.008888888888888889,10,0.014814814814814815,17,0.025185185185185185,0,0.0,8,0.011851851851851851,675,1.0,INE_DIPUTACIONES_FED_2021,SECCION,PARCIAL,CATALOGO_INE_2026
217,3,BAJA CALIFORNIA SUR,LA PAZ,,5,445,780,483,0.6192307692307693,0.38076923076923075,UNIDOS_CONTIGO,242,0.5010351966873706,80,0.16563146997929606,MORENA,162,0.33540372670807456,147,0.30434782608695654,MC,15,0.031055900621118012,UNIDOS_CONTIGO,242,0.5010351966873706,80,0.16563146997929606,MORENA,162,0.33540372670807456,147,0.30434782608695654,MC,15,0.031055900621118012,242,0.5010351966873706,13,0.026915113871635612,8,0.016563146997929608,15,0.031055900621118012,162,0.33540372670807456,4,0.008281573498964804,5,0.010351966873706004,6,0.012422360248447204,0,0.0,4,0.008281573498964804,9,0.018633540372670808,7,0.014492753623188406,1,0.002070393374741201,7,0.014492753623188406,483,1.0,INE_DIPUTACIONES_FED_2021,SECCION,PARCIAL,CATALOGO_INE_2026
218,3,BAJA CALIFORNIA SUR,LA PAZ,,5,446,2366,1214,0.5131022823330516,0.48689771766694845,UNIDOS_CONTIGO,595,0.4901153212520593,181,0.14909390444810544,MORENA,414,0.34102141680395387,363,0.2990115321252059,PT,51,0.042009884678747944,UNIDOS_CONTIGO,595,0.4901153212520593,181,0.14909390444810544,MORENA,414,0.34102141680395387,363,0.2990115321252059,PT,51,0.042009884678747944,595,0.4901153212520593,51,0.042009884678747944,20,0.016474464579901153,30,0.02471169686985173,414,0.34102141680395387,5,0.004118616144975288,13,0.01070840197693575,22,0.018121911037891267,8,0.006589785831960461,13,0.01070840197693575,8,0.006589785831960461,24,0.019769357495881382,0,0.0,11,0.009060955518945634,1214,1.0,INE_DIPUTACIONES_FED_2021,SECCION,PARCIAL,CATALOGO_INE_2026
219,3,BAJA CALIFORNIA SUR,LA PAZ,,5,451,892,396,0.4439461883408072,0.5560538116591929,MORENA,154,0.3888888888888889,16,0.04040404040404041,UNIDOS_CONTIGO,138,0.3484848484848485,110,0.2777777777777778,PT,28,0.0707070707070707,MORENA,154,0.3888888888888889,16,0.04040404040404041,UNIDOS_CONTIGO,138,0.3484848484848485,110,0.2777777777777778,PT,28,0.0707070707070707,138,0.3484848484848485,28,0.0707070707070707,10,0.025252525252525252,9,0.022727272727272728,154,0.3888888888888889,3,0.007575757575757576,5,0.012626262626262626,10,0.025252525252525252,1,0.0025252525252525255,9,0.022727272727272728,8,0.020202020202020204,10,0.025252525252525252,0,0.0,11,0.027777777777777776,396,1.0,INE_DIPUTACIONES_FED_2021,SECCION,PARCIAL,CATALOGO_INE_2026
220,3,BAJA CALIFORNIA SUR,LA PAZ,,5,452,941,472,0.5015940488841658,0.4984059511158342,UNIDOS_CONTIGO,200,0.423728813559322,25,0.05296610169491525,MORENA,175,0.3707627118644068,164,0.3474576271186441,PVEM,11,0.023305084745762712,UNIDOS_CONTIGO,200,0.423728813559322,25,0.05296610169491525,MORENA,175,0.3707627118644068,164,0.3474576271186441,PVEM,11,0.023305084745762712,200,0.423728813559322,9,0.019067796610169493,11,0.023305084745762712,10,0.0211864406779661,175,0.3707627118644068,8,0.01694915254237288,5,0.01059322033898305,6,0.012711864406779662,4,0.00847457627118644,10,0.0211864406779661,8,0.01694915254237288,10,0.0211864406779661,1,0.00211864406779661,15,0.03177966101694915,472,1.0,INE_DIPUTACIONES_FED_2021,SECCION,PARCIAL,CATALOGO_INE_2026
221,3,BAJA CALIFORNIA SUR,LA PAZ,,5,453,647,307,0.47449768160741884,0.5255023183925811,UNIDOS_CONTIGO,129,0.4201954397394137,12,0.03908794788273615,MORENA,117,0.3811074918566775,100,0.3257328990228013,PT,17,0.05537459283387622,UNIDOS_CONTIGO,129,0.4201954397394137,12,0.03908794788273615,MORENA,117,0.3811074918566775,100,0.3257328990228013,PT,17,0.05537459283387622,129,0.4201954397394137,17,0.05537459283387622,9,0.029315960912052116,6,0.019543973941368076,117,0.3811074918566775,0,0.0,0,0.0,3,0.009771986970684038,1,0.003257328990228013,3,0.009771986970684038,6,0.019543973941368076,4,0.013029315960912053,0,0.0,12,0.03908794788273615,307,1.0,INE_DIPUTACIONES_FED_2021,SECCION,PARCIAL,CATALOGO_INE_2026
222,3,BAJA CALIFORNIA SUR,LA PAZ,,5,454,592,332,0.5608108108108109,0.43918918918918914,UNIDOS_CONTIGO,139,0.4186746987951807,6,0.018072289156626505,MORENA,133,0.4006024096385542,119,0.35843373493975905,PT,14,0.04216867469879518,UNIDOS_CONTIGO,139,0.4186746987951807,6,0.018072289156626505,MORENA,133,0.4006024096385542,119,0.35843373493975905,PT,14,0.04216867469879518,139,0.4186746987951807,14,0.04216867469879518,6,0.018072289156626505,9,0.02710843373493976,133,0.4006024096385542,3,0.009036144578313253,1,0.0030120481927710845,8,0.024096385542168676,1,0.0030120481927710845,4,0.012048192771084338,4,0.012048192771084338,5,0.015060240963855422,0,0.0,5,0.015060240963855422,332,1.0,INE_DIPUTACIONES_FED_2021,SECCION,PARCIAL,CATALOGO_INE_2026
223,3,BAJA CALIFORNIA SUR,LA PAZ,,5,455,663,326,0.4917043740573152,0.5082956259426847,UNIDOS_CONTIGO,145,0.4447852760736196,27,0.08282208588957055,MORENA,118,0.3619631901840491,104,0.31901840490797545,PT,14,0.04294478527607362,UNIDOS_CONTIGO,145,0.4447852760736196,27,0.08282208588957055,MORENA,118,0.3619631901840491,104,0.31901840490797545,PT,14,0.04294478527607362,145,0.4447852760736196,14,0.04294478527607362,7,0.02147239263803681,8,0.024539877300613498,118,0.3619631901840491,2,0.006134969325153374,2,0.006134969325153374,5,0.015337423312883436,2,0.006134969325153374,3,0.009202453987730062,6,0.018404907975460124,7,0.02147239263803681,0,0.0,7,0.02147239263803681,326,1.0,INE_DIPUTACIONES_FED_2021,SECCION,PARCIAL,CATALOGO_INE_2026
224,3,BAJA CALIFORNIA SUR,LA PAZ,,5,458,978,488,0.49897750511247446,0.5010224948875255,UNIDOS_CONTIGO,213,0.4364754098360656,40,0.08196721311475409,MORENA,173,0.35450819672131145,153,0.3135245901639344,PT,20,0.040983606557377046,UNIDOS_CONTIGO,213,0.4364754098360656,40,0.08196721311475409,MORENA,173,0.35450819672131145,153,0.3135245901639344,PT,20,0.040983606557377046,213,0.4364754098360656,20,0.040983606557377046,11,0.022540983606557378,10,0.020491803278688523,173,0.35450819672131145,3,0.006147540983606557,5,0.010245901639344262,9,0.018442622950819672,1,0.0020491803278688526,4,0.00819672131147541,13,0.02663934426229508,16,0.03278688524590164,0,0.0,10,0.020491803278688523,488,1.0,INE_DIPUTACIONES_FED_2021,SECCION,PARCIAL,CATALOGO_INE_2026
225,3,BAJA CALIFORNIA SUR,LA PAZ,,5,459,844,392,0.46445497630331756,0.5355450236966824,MORENA,166,0.42346938775510207,28,0.07142857142857142,UNIDOS_CONTIGO,138,0.3520408163265306,109,0.2780612244897959,PT,29,0.07397959183673469,MORENA,166,0.42346938775510207,28,0.07142857142857142,UNIDOS_CONTIGO,138,0.3520408163265306,109,0.2780612244897959,PT,29,0.07397959183673469,138,0.3520408163265306,29,0.07397959183673469,5,0.012755102040816327,3,0.007653061224489796,166,0.42346938775510207,4,0.01020408163265306,5,0.012755102040816327,8,0.02040816326530612,3,0.007653061224489796,7,0.017857142857142856,10,0.025510204081632654,10,0.025510204081632654,0,0.0,4,0.01020408163265306,392,1.0,INE_DIPUTACIONES_FED_2021,SECCION,PARCIAL,CATALOGO_INE_2026
226,3,BAJA CALIFORNIA SUR,LA PAZ,,5,462,744,405,0.5443548387096774,0.4556451612903226,UNIDOS_CONTIGO,181,0.4469135802469136,34,0.08395061728395062,MORENA,147,0.362962962962963,132,0.32592592592592595,PT,15,0.037037037037037035,UNIDOS_CONTIGO,181,0.4469135802469136,34,0.08395061728395062,MORENA,147,0.362962962962963,132,0.32592592592592595,PT,15,0.037037037037037035,181,0.4469135802469136,15,0.037037037037037035,6,0.014814814814814815,11,0.027160493827160494,147,0.362962962962963,3,0.007407407407407408,6,0.014814814814814815,7,0.01728395061728395,2,0.0049382716049382715,8,0.019753086419753086,8,0.019753086419753086,5,0.012345679012345678,0,0.0,6,0.014814814814814815,405,1.0,INE_DIPUTACIONES_FED_2021,SECCION,PARCIAL,CATALOGO_INE_2026
227,3,BAJA CALIFORNIA SUR,LA PAZ,,5,465,1361,692,0.5084496693607642,0.4915503306392358,UNIDOS_CONTIGO,323,0.4667630057803468,87,0.12572254335260116,MORENA,236,0.34104046242774566,206,0.2976878612716763,MORENA_PT,30,0.04335260115606936,UNIDOS_CONTIGO,323,0.4667630057803468,87,0.12572254335260116,MORENA,236,0.34104046242774566,206,0.2976878612716763,MORENA_PT,30,0.04335260115606936,323,0.4667630057803468,23,0.033236994219653176,9,0.01300578034682081,19,0.02745664739884393,236,0.34104046242774566,5,0.0072254335260115606,3,0.004335260115606936,8,0.011560693641618497,3,0.004335260115606936,13,0.01878612716763006,8,0.011560693641618497,30,0.04335260115606936,0,0.0,12,0.017341040462427744,692,1.0,INE_DIPUTACIONES_FED_2021,SECCION,PARCIAL,CATALOGO_INE_2026
228,3,BAJA CALIFORNIA SUR,LA PAZ,,6,121,1139,605,0.5311676909569798,0.4688323090430202,UNIDOS_CONTIGO,302,0.4991735537190083,97,0.16033057851239668,MORENA,205,0.33884297520661155,186,0.3074380165289256,PT,19,0.03140495867768595,UNIDOS_CONTIGO,302,0.4991735537190083,97,0.16033057851239668,MORENA,205,0.33884297520661155,186,0.3074380165289256,PT,19,0.03140495867768595,302,0.4991735537190083,19,0.03140495867768595,10,0.01652892561983471,14,0.023140495867768594,205,0.33884297520661155,4,0.006611570247933884,3,0.0049586776859504135,8,0.013223140495867768,4,0.006611570247933884,4,0.006611570247933884,6,0.009917355371900827,16,0.026446280991735537,0,0.0,10,0.01652892561983471,605,1.0,INE_DIPUTACIONES_FED_2021,SECCION,PARCIAL,CATALOGO_INE_2026
229,3,BAJA CALIFORNIA SUR,LA PAZ,,6,130,404,162,0.400990099009901,0.599009900990099,UNIDOS_CONTIGO,55,0.3395061728395062,5,0.030864197530864196,MORENA,50,0.30864197530864196,39,0.24074074074074073,PVEM,11,0.06790123456790123,UNIDOS_CONTIGO,55,0.3395061728395062,5,0.030864197530864196,MORENA,50,0.30864197530864196,39,0.24074074074074073,PVEM,11,0.06790123456790123,55,0.3395061728395062,7,0.043209876543209874,11,0.06790123456790123,6,0.037037037037037035,50,0.30864197530864196,4,0.024691358024691357,3,0.018518518518518517,0,0.0,0,0.0,2,0.012345679012345678,2,0.012345679012345678,7,0.043209876543209874,0,0.0,15,0.09259259259259259,162,1.0,INE_DIPUTACIONES_FED_2021,SECCION,PARCIAL,CATALOGO_INE_2026
230,3,BAJA CALIFORNIA SUR,LA PAZ,,6,131,487,181,0.37166324435318276,0.6283367556468172,MORENA,70,0.3867403314917127,8,0.04419889502762431,UNIDOS_CONTIGO,62,0.3425414364640884,50,0.27624309392265195,PT,12,0.06629834254143646,MORENA,70,0.3867403314917127,8,0.04419889502762431,UNIDOS_CONTIGO,62,0.3425414364640884,50,0.27624309392265195,PT,12,0.06629834254143646,62,0.3425414364640884,12,0.06629834254143646,6,0.03314917127071823,6,0.03314917127071823,70,0.3867403314917127,3,0.016574585635359115,5,0.027624309392265192,3,0.016574585635359115,0,0.0,1,0.0055248618784530384,2,0.011049723756906077,5,0.027624309392265192,0,0.0,6,0.03314917127071823,181,1.0,INE_DIPUTACIONES_FED_2021,SECCION,PARCIAL,CATALOGO_INE_2026
231,3,BAJA CALIFORNIA SUR,LA PAZ,,6,132,364,161,0.4423076923076923,0.5576923076923077,MORENA,66,0.40993788819875776,18,0.11180124223602485,UNIDOS_CONTIGO,48,0.2981366459627329,37,0.22981366459627328,PT,11,0.06832298136645963,MORENA,66,0.40993788819875776,18,0.11180124223602485,UNIDOS_CONTIGO,48,0.2981366459627329,37,0.22981366459627328,PT,11,0.06832298136645963,48,0.2981366459627329,11,0.06832298136645963,8,0.049689440993788817,8,0.049689440993788817,66,0.40993788819875776,3,0.018633540372670808,1,0.006211180124223602,5,0.031055900621118012,1,0.006211180124223602,1,0.006211180124223602,3,0.018633540372670808,1,0.006211180124223602,0,0.0,5,0.031055900621118012,161,1.0,INE_DIPUTACIONES_FED_2021,SECCION,PARCIAL,CATALOGO_INE_2026
232,3,BAJA CALIFORNIA SUR,LA PAZ,,6,133,369,183,0.4959349593495935,0.5040650406504066,MORENA,74,0.40437158469945356,11,0.060109289617486336,UNIDOS_CONTIGO,63,0.3442622950819672,54,0.29508196721311475,PT,9,0.04918032786885246,MORENA,74,0.40437158469945356,11,0.060109289617486336,UNIDOS_CONTIGO,63,0.3442622950819672,54,0.29508196721311475,PT,9,0.04918032786885246,63,0.3442622950819672,9,0.04918032786885246,8,0.04371584699453552,7,0.03825136612021858,74,0.40437158469945356,2,0.01092896174863388,1,0.00546448087431694,0,0.0,1,0.00546448087431694,1,0.00546448087431694,2,0.01092896174863388,4,0.02185792349726776,0,0.0,11,0.060109289617486336,183,1.0,INE_DIPUTACIONES_FED_2021,SECCION,PARCIAL,CATALOGO_INE_2026
233,3,BAJA CALIFORNIA SUR,LA PAZ,,6,134,300,177,0.59,0.41000000000000003,MORENA,74,0.4180790960451977,3,0.01694915254237288,UNIDOS_CONTIGO,71,0.4011299435028249,59,0.3333333333333333,PT,12,0.06779661016949153,MORENA,74,0.4180790960451977,3,0.01694915254237288,UNIDOS_CONTIGO,71,0.4011299435028249,59,0.3333333333333333,PT,12,0.06779661016949153,71,0.4011299435028249,12,0.06779661016949153,2,0.011299435028248588,1,0.005649717514124294,74,0.4180790960451977,2,0.011299435028248588,0,0.0,1,0.005649717514124294,0,0.0,1,0.005649717514124294,1,0.005649717514124294,5,0.02824858757062147,0,0.0,7,0.03954802259887006,177,1.0,INE_DIPUTACIONES_FED_2021,SECCION,PARCIAL,CATALOGO_INE_2026
234,3,BAJA CALIFORNIA SUR,LA PAZ,,6,152,924,413,0.44696969696969696,0.553030303030303,UNIDOS_CONTIGO,168,0.4067796610169492,23,0.05569007263922518,MORENA,145,0.35108958837772397,109,0.2639225181598063,PT,36,0.08716707021791767,UNIDOS_CONTIGO,168,0.4067796610169492,23,0.05569007263922518,MORENA,145,0.35108958837772397,109,0.2639225181598063,PT,36,0.08716707021791767,168,0.4067796610169492,36,0.08716707021791767,19,0.04600484261501211,4,0.009685230024213076,145,0.35108958837772397,4,0.009685230024213076,3,0.007263922518159807,8,0.01937046004842615,1,0.002421307506053269,3,0.007263922518159807,2,0.004842615012106538,8,0.01937046004842615,0,0.0,12,0.029055690072639227,413,1.0,INE_DIPUTACIONES_FED_2021,SECCION,PARCIAL,CATALOGO_INE_2026
235,3,BAJA CALIFORNIA SUR,LA PAZ,,6,153,1683,769,0.45692216280451575,0.5430778371954843,UNIDOS_CONTIGO,300,0.39011703511053314,10,0.013003901170351105,MORENA,290,0.37711313394018203,257,0.3342002600780234,PT,33,0.04291287386215865,UNIDOS_CONTIGO,300,0.39011703511053314,10,0.013003901170351105,MORENA,290,0.37711313394018203,257,0.3342002600780234,PT,33,0.04291287386215865,300,0.39011703511053314,33,0.04291287386215865,30,0.03901170351105332,12,0.015604681404421327,290,0.37711313394018203,4,0.005201560468140442,8,0.010403120936280884,11,0.014304291287386216,4,0.005201560468140442,13,0.016905071521456438,6,0.007802340702210663,23,0.02990897269180754,1,0.0013003901170351106,34,0.044213263979193757,769,1.0,INE_DIPUTACIONES_FED_2021,SECCION,PARCIAL,CATALOGO_INE_2026
236,3,BAJA CALIFORNIA SUR,LA PAZ,,6,154,1150,604,0.5252173913043479,0.47478260869565214,MORENA,253,0.41887417218543044,57,0.09437086092715231,UNIDOS_CONTIGO,196,0.32450331125827814,161,0.26655629139072845,PVEM,35,0.057947019867549666,MORENA,253,0.41887417218543044,57,0.09437086092715231,UNIDOS_CONTIGO,196,0.32450331125827814,161,0.26655629139072845,PVEM,35,0.057947019867549666,196,0.32450331125827814,34,0.056291390728476824,35,0.057947019867549666,14,0.023178807947019868,253,0.41887417218543044,7,0.011589403973509934,6,0.009933774834437087,6,0.009933774834437087,6,0.009933774834437087,8,0.013245033112582781,11,0.018211920529801324,10,0.016556291390728478,0,0.0,18,0.029801324503311258,604,1.0,INE_DIPUTACIONES_FED_2021,SECCION,PARCIAL,CATALOGO_INE_2026
237,3,BAJA CALIFORNIA SUR,LA PAZ,,6,155,1006,537,0.5337972166998012,0.4662027833001988,UNIDOS_CONTIGO,223,0.41527001862197394,30,0.055865921787709494,MORENA,193,0.35940409683426444,164,0.3054003724394786,PT,29,0.054003724394785846,UNIDOS_CONTIGO,223,0.41527001862197394,30,0.055865921787709494,MORENA,193,0.35940409683426444,164,0.3054003724394786,PT,29,0.054003724394785846,223,0.41527001862197394,29,0.054003724394785846,13,0.024208566108007448,11,0.020484171322160148,193,0.35940409683426444,4,0.0074487895716946,3,0.00558659217877095,8,0.0148975791433892,5,0.00931098696461825,9,0.01675977653631285,6,0.0111731843575419,20,0.037243947858473,0,0.0,13,0.024208566108007448,537,1.0,INE_DIPUTACIONES_FED_2021,SECCION,PARCIAL,CATALOGO_INE_2026
238,3,BAJA CALIFORNIA SUR,LA PAZ,,6,156,4087,1698,0.4154636652801566,0.5845363347198433,MORENA,638,0.375736160188457,28,0.016489988221436984,UNIDOS_CONTIGO,610,0.35924617196702,508,0.29917550058892817,PT,102,0.06007067137809187,MORENA,638,0.375736160188457,28,0.016489988221436984,UNIDOS_CONTIGO,610,0.35924617196702,508,0.29917550058892817,PT,102,0.06007067137809187,610,0.35924617196702,102,0.06007067137809187,102,0.06007067137809187,40,0.023557126030624265,638,0.375736160188457,8,0.004711425206124852,18,0.01060070671378092,24,0.014134275618374558,5,0.002944640753828033,16,0.009422850412249705,17,0.010011778563015312,44,0.02591283863368669,1,0.0005889281507656066,73,0.04299175500588928,1698,1.0,INE_DIPUTACIONES_FED_2021,SECCION,PARCIAL,CATALOGO_INE_2026
239,3,BAJA CALIFORNIA SUR,LA PAZ,,6,157,925,465,0.5027027027027027,0.4972972972972973,MORENA,168,0.36129032258064514,12,0.025806451612903226,UNIDOS_CONTIGO,156,0.33548387096774196,121,0.26021505376344084,PT,35,0.07526881720430108,MORENA,168,0.36129032258064514,12,0.025806451612903226,UNIDOS_CONTIGO,156,0.33548387096774196,121,0.26021505376344084,PT,35,0.07526881720430108,156,0.33548387096774196,35,0.07526881720430108,30,0.06451612903225806,9,0.01935483870967742,168,0.36129032258064514,4,0.008602150537634409,9,0.01935483870967742,8,0.017204301075268817,3,0.0064516129032258064,10,0.021505376344086023,6,0.012903225806451613,10,0.021505376344086023,1,0.002150537634408602,16,0.034408602150537634,465,1.0,INE_DIPUTACIONES_FED_2021,SECCION,PARCIAL,CATALOGO_INE_2026
240,3,BAJA CALIFORNIA SUR,LA PAZ,,6,158,871,428,0.49138920780711826,0.5086107921928817,UNIDOS_CONTIGO,164,0.38317757009345793,21,0.04906542056074766,MORENA,143,0.3341121495327103,120,0.2803738317757009,PT,23,0.053738317757009345,UNIDOS_CONTIGO,164,0.38317757009345793,21,0.04906542056074766,MORENA,143,0.3341121495327103,120,0.2803738317757009,PT,23,0.053738317757009345,164,0.38317757009345793,23,0.053738317757009345,14,0.03271028037383177,12,0.028037383177570093,143,0.3341121495327103,7,0.016355140186915886,3,0.007009345794392523,10,0.02336448598130841,2,0.004672897196261682,5,0.011682242990654205,5,0.011682242990654205,19,0.04439252336448598,1,0.002336448598130841,20,0.04672897196261682,428,1.0,INE_DIPUTACIONES_FED_2021,SECCION,PARCIAL,CATALOGO_INE_2026
241,3,BAJA CALIFORNIA SUR,LA PAZ,,6,254,341,159,0.4662756598240469,0.533724340175953,UNIDOS_CONTIGO,66,0.41509433962264153,14,0.0880503144654088,MORENA,52,0.3270440251572327,44,0.27672955974842767,PVEM,8,0.050314465408805034,UNIDOS_CONTIGO,66,0.41509433962264153,14,0.0880503144654088,MORENA,52,0.3270440251572327,44,0.27672955974842767,PVEM,8,0.050314465408805034,66,0.41509433962264153,5,0.031446540880503145,8,0.050314465408805034,4,0.025157232704402517,52,0.3270440251572327,3,0.018867924528301886,0,0.0,4,0.025157232704402517,5,0.031446540880503145,1,0.006289308176100629,2,0.012578616352201259,2,0.012578616352201259,0,0.0,7,0.0440251572327044,159,1.0,INE_DIPUTACIONES_FED_2021,SECCION,PARCIAL,CATALOGO_INE_2026
242,3,BAJA CALIFORNIA SUR,LA PAZ,,6,255,2024,749,0.3700592885375494,0.6299407114624507,MORENA,293,0.39118825100133514,44,0.05874499332443257,UNIDOS_CONTIGO,249,0.3324432576769025,202,0.2696929238985314,PT,47,0.06275033377837116,MORENA,293,0.39118825100133514,44,0.05874499332443257,UNIDOS_CONTIGO,249,0.3324432576769025,202,0.2696929238985314,PT,47,0.06275033377837116,249,0.3324432576769025,47,0.06275033377837116,40,0.0534045393858478,14,0.018691588785046728,293,0.39118825100133514,12,0.01602136181575434,7,0.009345794392523364,20,0.0267022696929239,11,0.014686248331108143,10,0.01335113484646195,7,0.009345794392523364,9,0.012016021361815754,0,0.0,30,0.04005340453938585,749,1.0,INE_DIPUTACIONES_FED_2021,SECCION,PARCIAL,CATALOGO_INE_2026
243,3,BAJA CALIFORNIA SUR,LA PAZ,,6,267,1074,540,0.5027932960893855,0.4972067039106145,MORENA,233,0.43148148148148147,66,0.12222222222222222,UNIDOS_CONTIGO,167,0.30925925925925923,125,0.23148148148148148,PT,42,0.07777777777777778,MORENA,233,0.43148148148148147,66,0.12222222222222222,UNIDOS_CONTIGO,167,0.30925925925925923,125,0.23148148148148148,PT,42,0.07777777777777778,167,0.30925925925925923,42,0.07777777777777778,25,0.046296296296296294,8,0.014814814814814815,233,0.43148148148148147,4,0.007407407407407408,5,0.009259259259259259,12,0.022222222222222223,3,0.005555555555555556,1,0.001851851851851852,3,0.005555555555555556,6,0.011111111111111112,0,0.0,31,0.05740740740740741,540,1.0,INE_DIPUTACIONES_FED_2021,SECCION,PARCIAL,CATALOGO_INE_2026
244,3,BAJA CALIFORNIA SUR,LA PAZ,,6,268,404,215,0.5321782178217822,0.4678217821782178,UNIDOS_CONTIGO,103,0.4790697674418605,40,0.18604651162790697,MORENA,63,0.2930232558139535,51,0.2372093023255814,PT,12,0.05581395348837209,UNIDOS_CONTIGO,103,0.4790697674418605,40,0.18604651162790697,MORENA,63,0.2930232558139535,51,0.2372093023255814,PT,12,0.05581395348837209,103,0.4790697674418605,12,0.05581395348837209,9,0.04186046511627907,4,0.018604651162790697,63,0.2930232558139535,4,0.018604651162790697,2,0.009302325581395349,1,0.004651162790697674,1,0.004651162790697674,0,0.0,1,0.004651162790697674,3,0.013953488372093023,0,0.0,12,0.05581395348837209,215,1.0,INE_DIPUTACIONES_FED_2021,SECCION,PARCIAL,CATALOGO_INE_2026
245,3,BAJA CALIFORNIA SUR,LA PAZ,,6,269,1228,561,0.4568403908794788,0.5431596091205212,MORENA,258,0.45989304812834225,102,0.18181818181818182,UNIDOS_CONTIGO,156,0.27807486631016043,113,0.2014260249554367,PT,43,0.0766488413547237,MORENA,258,0.45989304812834225,102,0.18181818181818182,UNIDOS_CONTIGO,156,0.27807486631016043,113,0.2014260249554367,PT,43,0.0766488413547237,156,0.27807486631016043,43,0.0766488413547237,23,0.040998217468805706,11,0.0196078431372549,258,0.45989304812834225,5,0.008912655971479501,8,0.0142602495543672,7,0.012477718360071301,3,0.0053475935828877,4,0.0071301247771836,10,0.017825311942959002,4,0.0071301247771836,0,0.0,29,0.05169340463458111,561,1.0,INE_DIPUTACIONES_FED_2021,SECCION,PARCIAL,CATALOGO_INE_2026
246,3,BAJA CALIFORNIA SUR,LA PAZ,,6,270,2411,1331,0.5520530900041477,0.4479469099958523,MORENA,665,0.4996243425995492,248,0.18632607062359127,UNIDOS_CONTIGO,417,0.31329827197595794,350,0.26296018031555224,PT,67,0.05033809166040571,MORENA,665,0.4996243425995492,248,0.18632607062359127,UNIDOS_CONTIGO,417,0.31329827197595794,350,0.26296018031555224,PT,67,0.05033809166040571,417,0.31329827197595794,67,0.05033809166040571,34,0.025544703230653644,16,0.012021036814425245,665,0.4996243425995492,18,0.013523666416228399,9,0.0067618332081141996,6,0.004507888805409466,9,0.0067618332081141996,8,0.006010518407212622,4,0.003005259203606311,38,0.028549962434259956,0,0.0,40,0.03005259203606311,1331,1.0,INE_DIPUTACIONES_FED_2021,SECCION,PARCIAL,CATALOGO_INE_2026
247,3,BAJA CALIFORNIA SUR,LA PAZ,,6,271,616,357,0.5795454545454546,0.4204545454545454,MORENA,153,0.42857142857142855,20,0.056022408963585436,UNIDOS_CONTIGO,133,0.37254901960784315,118,0.33053221288515405,PT,15,0.04201680672268908,MORENA,153,0.42857142857142855,20,0.056022408963585436,UNIDOS_CONTIGO,133,0.37254901960784315,118,0.33053221288515405,PT,15,0.04201680672268908,133,0.37254901960784315,15,0.04201680672268908,5,0.014005602240896359,7,0.0196078431372549,153,0.42857142857142855,0,0.0,2,0.0056022408963585435,2,0.0056022408963585435,4,0.011204481792717087,1,0.0028011204481792717,3,0.008403361344537815,8,0.022408963585434174,0,0.0,24,0.06722689075630252,357,1.0,INE_DIPUTACIONES_FED_2021,SECCION,PARCIAL,CATALOGO_INE_2026
248,3,BAJA CALIFORNIA SUR,LA PAZ,,6,272,335,257,0.7671641791044777,0.23283582089552235,UNIDOS_CONTIGO,102,0.3968871595330739,17,0.06614785992217899,MORENA,85,0.33073929961089493,61,0.23735408560311283,PT,24,0.0933852140077821,UNIDOS_CONTIGO,102,0.3968871595330739,17,0.06614785992217899,MORENA,85,0.33073929961089493,61,0.23735408560311283,PT,24,0.0933852140077821,102,0.3968871595330739,24,0.0933852140077821,5,0.019455252918287938,3,0.011673151750972763,85,0.33073929961089493,2,0.007782101167315175,1,0.0038910505836575876,5,0.019455252918287938,0,0.0,0,0.0,1,0.0038910505836575876,14,0.054474708171206226,0,0.0,15,0.058365758754863814,257,1.0,INE_DIPUTACIONES_FED_2021,SECCION,PARCIAL,CATALOGO_INE_2026
249,3,BAJA CALIFORNIA SUR,LA PAZ,,6,273,225,135,0.6,0.4,MORENA,54,0.4,1,0.007407407407407408,UNIDOS_CONTIGO,53,0.3925925925925926,42,0.3111111111111111,PT,11,0.08148148148148149,MORENA,54,0.4,1,0.007407407407407408,UNIDOS_CONTIGO,53,0.3925925925925926,42,0.3111111111111111,PT,11,0.08148148148148149,53,0.3925925925925926,11,0.08148148148148149,5,0.037037037037037035,2,0.014814814814814815,54,0.4,0,0.0,2,0.014814814814814815,2,0.014814814814814815,0,0.0,0,0.0,0,0.0,0,0.0,0,0.0,6,0.044444444444444446,135,1.0,INE_DIPUTACIONES_FED_2021,SECCION,PARCIAL,CATALOGO_INE_2026
250,3,BAJA CALIFORNIA SUR,LA PAZ,,6,274,1350,475,0.35185185185185186,0.6481481481481481,MORENA,233,0.4905263157894737,118,0.24842105263157896,UNIDOS_CONTIGO,115,0.24210526315789474,73,0.15368421052631578,PT,42,0.08842105263157894,MORENA,233,0.4905263157894737,118,0.24842105263157896,UNIDOS_CONTIGO,115,0.24210526315789474,73,0.15368421052631578,PT,42,0.08842105263157894,115,0.24210526315789474,42,0.08842105263157894,30,0.06315789473684211,5,0.010526315789473684,233,0.4905263157894737,4,0.008421052631578947,4,0.008421052631578947,6,0.01263157894736842,2,0.004210526315789474,1,0.002105263157894737,9,0.018947368421052633,8,0.016842105263157894,0,0.0,16,0.03368421052631579,475,1.0,INE_DIPUTACIONES_FED_2021,SECCION,PARCIAL,CATALOGO_INE_2026
251,3,BAJA CALIFORNIA SUR,LA PAZ,,6,276,478,302,0.6317991631799164,0.36820083682008364,MORENA,131,0.4337748344370861,7,0.023178807947019868,UNIDOS_CONTIGO,124,0.4105960264900662,111,0.3675496688741722,PT,13,0.04304635761589404,MORENA,131,0.4337748344370861,7,0.023178807947019868,UNIDOS_CONTIGO,124,0.4105960264900662,111,0.3675496688741722,PT,13,0.04304635761589404,124,0.4105960264900662,13,0.04304635761589404,4,0.013245033112582781,1,0.0033112582781456954,131,0.4337748344370861,2,0.006622516556291391,7,0.023178807947019868,1,0.0033112582781456954,1,0.0033112582781456954,0,0.0,0,0.0,8,0.026490066225165563,0,0.0,10,0.033112582781456956,302,1.0,INE_DIPUTACIONES_FED_2021,SECCION,PARCIAL,CATALOGO_INE_2026
252,3,BAJA CALIFORNIA SUR,LA PAZ,,6,277,454,244,0.5374449339207048,0.4625550660792952,MORENA,119,0.48770491803278687,58,0.23770491803278687,UNIDOS_CONTIGO,61,0.25,46,0.1885245901639344,PT,15,0.06147540983606557,MORENA,119,0.48770491803278687,58,0.23770491803278687,UNIDOS_CONTIGO,61,0.25,46,0.1885245901639344,PT,15,0.06147540983606557,61,0.25,15,0.06147540983606557,12,0.04918032786885246,3,0.012295081967213115,119,0.48770491803278687,5,0.020491803278688523,0,0.0,3,0.012295081967213115,1,0.004098360655737705,3,0.012295081967213115,0,0.0,9,0.036885245901639344,0,0.0,13,0.05327868852459016,244,1.0,INE_DIPUTACIONES_FED_2021,SECCION,PARCIAL,CATALOGO_INE_2026
253,3,BAJA CALIFORNIA SUR,LA PAZ,,6,278,1444,614,0.425207756232687,0.574792243767313,MORENA,253,0.41205211726384366,35,0.057003257328990226,UNIDOS_CONTIGO,218,0.3550488599348534,169,0.2752442996742671,PT,49,0.07980456026058631,MORENA,253,0.41205211726384366,35,0.057003257328990226,UNIDOS_CONTIGO,218,0.3550488599348534,169,0.2752442996742671,PT,49,0.07980456026058631,218,0.3550488599348534,49,0.07980456026058631,22,0.035830618892508145,12,0.019543973941368076,253,0.41205211726384366,4,0.006514657980456026,3,0.004885993485342019,5,0.008143322475570033,1,0.0016286644951140066,10,0.016286644951140065,4,0.006514657980456026,16,0.026058631921824105,0,0.0,17,0.02768729641693811,614,1.0,INE_DIPUTACIONES_FED_2021,SECCION,PARCIAL,CATALOGO_INE_2026
254,3,BAJA CALIFORNIA SUR,LA PAZ,,6,280,1788,1127,0.6303131991051454,0.3696868008948546,MORENA,535,0.47471162377994675,97,0.08606921029281278,UNIDOS_CONTIGO,438,0.38864241348713396,401,0.35581188997338065,PT,37,0.032830523513753325,MORENA,535,0.47471162377994675,97,0.08606921029281278,UNIDOS_CONTIGO,438,0.38864241348713396,401,0.35581188997338065,PT,37,0.032830523513753325,438,0.38864241348713396,37,0.032830523513753325,15,0.013309671694764862,9,0.007985803016858917,535,0.47471162377994675,8,0.00709849157054126,7,0.006211180124223602,9,0.007985803016858917,4,0.00354924578527063,8,0.00709849157054126,8,0.00709849157054126,17,0.015084294587400177,0,0.0,32,0.02839396628216504,1127,1.0,INE_DIPUTACIONES_FED_2021,SECCION,PARCIAL,CATALOGO_INE_2026
255,3,BAJA CALIFORNIA SUR,LA PAZ,,6,281,1579,692,0.4382520582647245,0.5617479417352755,MORENA,305,0.4407514450867052,71,0.10260115606936417,UNIDOS_CONTIGO,234,0.33815028901734107,197,0.2846820809248555,PVEM,37,0.05346820809248555,MORENA,305,0.4407514450867052,71,0.10260115606936417,UNIDOS_CONTIGO,234,0.33815028901734107,197,0.2846820809248555,PVEM,37,0.05346820809248555,234,0.33815028901734107,25,0.036127167630057806,37,0.05346820809248555,9,0.01300578034682081,305,0.4407514450867052,4,0.005780346820809248,9,0.01300578034682081,5,0.0072254335260115606,2,0.002890173410404624,4,0.005780346820809248,20,0.028901734104046242,19,0.02745664739884393,0,0.0,19,0.02745664739884393,692,1.0,INE_DIPUTACIONES_FED_2021,SECCION,PARCIAL,CATALOGO_INE_2026
256,3,BAJA CALIFORNIA SUR,LA PAZ,,6,282,1436,586,0.40807799442896936,0.5919220055710306,MORENA,290,0.4948805460750853,108,0.18430034129692832,UNIDOS_CONTIGO,182,0.310580204778157,155,0.2645051194539249,PT,27,0.04607508532423208,MORENA,290,0.4948805460750853,108,0.18430034129692832,UNIDOS_CONTIGO,182,0.310580204778157,155,0.2645051194539249,PT,27,0.04607508532423208,182,0.310580204778157,27,0.04607508532423208,24,0.040955631399317405,4,0.006825938566552901,290,0.4948805460750853,5,0.008532423208191127,8,0.013651877133105802,4,0.006825938566552901,4,0.006825938566552901,2,0.0034129692832764505,5,0.008532423208191127,15,0.025597269624573378,0,0.0,16,0.027303754266211604,586,1.0,INE_DIPUTACIONES_FED_2021,SECCION,PARCIAL,CATALOGO_INE_2026
257,3,BAJA CALIFORNIA SUR,LA PAZ,,6,283,2704,788,0.29142011834319526,0.7085798816568047,MORENA,331,0.4200507614213198,57,0.07233502538071065,UNIDOS_CONTIGO,274,0.3477157360406091,225,0.28553299492385786,PT,49,0.06218274111675127,MORENA,331,0.4200507614213198,57,0.07233502538071065,UNIDOS_CONTIGO,274,0.3477157360406091,225,0.28553299492385786,PT,49,0.06218274111675127,274,0.3477157360406091,49,0.06218274111675127,34,0.04314720812182741,9,0.011421319796954314,331,0.4200507614213198,6,0.007614213197969543,6,0.007614213197969543,7,0.008883248730964468,6,0.007614213197969543,7,0.008883248730964468,14,0.017766497461928935,11,0.013959390862944163,1,0.0012690355329949238,33,0.04187817258883249,788,1.0,INE_DIPUTACIONES_FED_2021,SECCION,PARCIAL,CATALOGO_INE_2026
258,3,BAJA CALIFORNIA SUR,LA PAZ,,6,284,122,69,0.5655737704918032,0.43442622950819676,UNIDOS_CONTIGO,30,0.43478260869565216,15,0.21739130434782608,MORENA,15,0.21739130434782608,6,0.08695652173913043,PT,9,0.13043478260869565,UNIDOS_CONTIGO,30,0.43478260869565216,15,0.21739130434782608,MORENA,15,0.21739130434782608,6,0.08695652173913043,PT,9,0.13043478260869565,30,0.43478260869565216,9,0.13043478260869565,3,0.043478260869565216,1,0.014492753623188406,15,0.21739130434782608,1,0.014492753623188406,1,0.014492753623188406,1,0.014492753623188406,0,0.0,0,0.0,0,0.0,7,0.10144927536231885,0,0.0,1,0.014492753623188406,69,1.0,INE_DIPUTACIONES_FED_2021,SECCION,PARCIAL,CATALOGO_INE_2026
259,3,BAJA CALIFORNIA SUR,LA PAZ,,6,287,204,99,0.4852941176470588,0.5147058823529411,MORENA,48,0.48484848484848486,21,0.21212121212121213,UNIDOS_CONTIGO,27,0.2727272727272727,22,0.2222222222222222,PVEM,5,0.050505050505050504,MORENA,48,0.48484848484848486,21,0.21212121212121213,UNIDOS_CONTIGO,27,0.2727272727272727,22,0.2222222222222222,PVEM,5,0.050505050505050504,27,0.2727272727272727,2,0.020202020202020204,5,0.050505050505050504,0,0.0,48,0.48484848484848486,4,0.04040404040404041,5,0.050505050505050504,1,0.010101010101010102,2,0.020202020202020204,0,0.0,0,0.0,2,0.020202020202020204,1,0.010101010101010102,2,0.020202020202020204,99,1.0,INE_DIPUTACIONES_FED_2021,SECCION,PARCIAL,CATALOGO_INE_2026
260,3,BAJA CALIFORNIA SUR,LA PAZ,,15,186,858,563,0.6561771561771562,0.3438228438228438,UNIDOS_CONTIGO,318,0.5648312611012434,162,0.2877442273534636,MORENA,156,0.27708703374777977,136,0.24156305506216696,RAMON_ALEJO_PARRA_OJEDA,20,0.035523978685612786,UNIDOS_CONTIGO,318,0.5648312611012434,162,0.2877442273534636,MORENA,156,0.27708703374777977,136,0.24156305506216696,RAMON_ALEJO_PARRA_OJEDA,20,0.035523978685612786,318,0.5648312611012434,15,0.02664298401420959,8,0.014209591474245116,12,0.021314387211367674,156,0.27708703374777977,5,0.008880994671403197,3,0.0053285968028419185,6,0.010657193605683837,1,0.0017761989342806395,1,0.0017761989342806395,20,0.035523978685612786,8,0.014209591474245116,0,0.0,10,0.017761989342806393,563,1.0,INE_DIPUTACIONES_FED_2021,SECCION,PARCIAL,CATALOGO_INE_2026
261,3,BAJA CALIFORNIA SUR,LA PAZ,,15,189,1048,669,0.6383587786259542,0.36164122137404575,UNIDOS_CONTIGO,385,0.5754857997010463,209,0.312406576980568,MORENA,176,0.26307922272047835,155,0.23168908819133036,PT,21,0.03139013452914798,UNIDOS_CONTIGO,385,0.5754857997010463,209,0.312406576980568,MORENA,176,0.26307922272047835,155,0.23168908819133036,PT,21,0.03139013452914798,385,0.5754857997010463,21,0.03139013452914798,16,0.02391629297458894,11,0.016442451420029897,176,0.26307922272047835,3,0.004484304932735426,6,0.008968609865470852,9,0.013452914798206279,0,0.0,6,0.008968609865470852,16,0.02391629297458894,15,0.02242152466367713,0,0.0,5,0.007473841554559043,669,1.0,INE_DIPUTACIONES_FED_2021,SECCION,PARCIAL,CATALOGO_INE_2026
262,3,BAJA CALIFORNIA SUR,LA PAZ,,15,190,1159,705,0.6082830025884383,0.39171699741156174,UNIDOS_CONTIGO,343,0.48652482269503544,110,0.15602836879432624,MORENA,233,0.3304964539007092,203,0.28794326241134754,PT,30,0.0425531914893617,UNIDOS_CONTIGO,343,0.48652482269503544,110,0.15602836879432624,MORENA,233,0.3304964539007092,203,0.28794326241134754,PT,30,0.0425531914893617,343,0.48652482269503544,30,0.0425531914893617,10,0.014184397163120567,15,0.02127659574468085,233,0.3304964539007092,6,0.00851063829787234,1,0.0014184397163120568,13,0.018439716312056736,3,0.00425531914893617,4,0.005673758865248227,29,0.04113475177304964,8,0.011347517730496455,1,0.0014184397163120568,9,0.01276595744680851,705,1.0,INE_DIPUTACIONES_FED_2021,SECCION,PARCIAL,CATALOGO_INE_2026
263,3,BAJA CALIFORNIA SUR,LA PAZ,,15,191,951,600,0.6309148264984227,0.3690851735015773,UNIDOS_CONTIGO,288,0.48,68,0.11333333333333333,MORENA,220,0.36666666666666664,200,0.3333333333333333,PT,20,0.03333333333333333,UNIDOS_CONTIGO,288,0.48,68,0.11333333333333333,MORENA,220,0.36666666666666664,200,0.3333333333333333,PT,20,0.03333333333333333,288,0.48,20,0.03333333333333333,15,0.025,14,0.023333333333333334,220,0.36666666666666664,0,0.0,2,0.0033333333333333335,4,0.006666666666666667,0,0.0,4,0.006666666666666667,17,0.028333333333333332,6,0.01,0,0.0,10,0.016666666666666666,600,1.0,INE_DIPUTACIONES_FED_2021,SECCION,PARCIAL,CATALOGO_INE_2026
264,3,BAJA CALIFORNIA SUR,LA PAZ,,15,192,735,478,0.6503401360544218,0.34965986394557824,UNIDOS_CONTIGO,229,0.4790794979079498,74,0.15481171548117154,MORENA,155,0.32426778242677823,132,0.27615062761506276,PT,23,0.04811715481171548,UNIDOS_CONTIGO,229,0.4790794979079498,74,0.15481171548117154,MORENA,155,0.32426778242677823,132,0.27615062761506276,PT,23,0.04811715481171548,229,0.4790794979079498,23,0.04811715481171548,9,0.01882845188284519,11,0.02301255230125523,155,0.32426778242677823,5,0.010460251046025104,3,0.006276150627615063,5,0.010460251046025104,3,0.006276150627615063,3,0.006276150627615063,15,0.03138075313807531,8,0.016736401673640166,2,0.0041841004184100415,7,0.014644351464435146,478,1.0,INE_DIPUTACIONES_FED_2021,SECCION,PARCIAL,CATALOGO_INE_2026
265,3,BAJA CALIFORNIA SUR,LA PAZ,,15,193,936,655,0.6997863247863247,0.30021367521367526,UNIDOS_CONTIGO,359,0.5480916030534351,153,0.233587786259542,MORENA,206,0.3145038167938931,180,0.2748091603053435,PT,26,0.03969465648854962,UNIDOS_CONTIGO,359,0.5480916030534351,153,0.233587786259542,MORENA,206,0.3145038167938931,180,0.2748091603053435,PT,26,0.03969465648854962,359,0.5480916030534351,26,0.03969465648854962,11,0.016793893129770993,14,0.021374045801526718,206,0.3145038167938931,2,0.0030534351145038168,6,0.00916030534351145,4,0.0061068702290076335,2,0.0030534351145038168,3,0.004580152671755725,10,0.015267175572519083,4,0.0061068702290076335,0,0.0,8,0.012213740458015267,655,1.0,INE_DIPUTACIONES_FED_2021,SECCION,PARCIAL,CATALOGO_INE_2026
266,3,BAJA CALIFORNIA SUR,LA PAZ,,15,194,550,335,0.6090909090909091,0.3909090909090909,UNIDOS_CONTIGO,181,0.5402985074626866,78,0.23283582089552238,MORENA,103,0.3074626865671642,94,0.28059701492537314,MORENA_PT,9,0.026865671641791045,UNIDOS_CONTIGO,181,0.5402985074626866,78,0.23283582089552238,MORENA,103,0.3074626865671642,94,0.28059701492537314,MORENA_PT,9,0.026865671641791045,181,0.5402985074626866,8,0.023880597014925373,5,0.014925373134328358,8,0.023880597014925373,103,0.3074626865671642,1,0.0029850746268656717,0,0.0,5,0.014925373134328358,1,0.0029850746268656717,3,0.008955223880597015,5,0.014925373134328358,9,0.026865671641791045,0,0.0,6,0.01791044776119403,335,1.0,INE_DIPUTACIONES_FED_2021,SECCION,PARCIAL,CATALOGO_INE_2026
267,3,BAJA CALIFORNIA SUR,LA PAZ,,15,195,632,385,0.6091772151898734,0.39082278481012656,UNIDOS_CONTIGO,205,0.5324675324675324,89,0.23116883116883116,MORENA,116,0.3012987012987013,97,0.2519480519480519,PT,19,0.04935064935064935,UNIDOS_CONTIGO,205,0.5324675324675324,89,0.23116883116883116,MORENA,116,0.3012987012987013,97,0.2519480519480519,PT,19,0.04935064935064935,205,0.5324675324675324,19,0.04935064935064935,6,0.015584415584415584,8,0.02077922077922078,116,0.3012987012987013,2,0.005194805194805195,3,0.007792207792207792,3,0.007792207792207792,1,0.0025974025974025974,1,0.0025974025974025974,3,0.007792207792207792,2,0.005194805194805195,2,0.005194805194805195,14,0.03636363636363636,385,1.0,INE_DIPUTACIONES_FED_2021,SECCION,PARCIAL,CATALOGO_INE_2026
268,3,BAJA CALIFORNIA SUR,LA PAZ,,15,196,911,532,0.58397365532382,0.41602634467618005,UNIDOS_CONTIGO,233,0.43796992481203006,55,0.10338345864661654,MORENA,178,0.33458646616541354,149,0.2800751879699248,PT,29,0.05451127819548872,UNIDOS_CONTIGO,233,0.43796992481203006,55,0.10338345864661654,MORENA,178,0.33458646616541354,149,0.2800751879699248,PT,29,0.05451127819548872,233,0.43796992481203006,29,0.05451127819548872,14,0.02631578947368421,10,0.018796992481203006,178,0.33458646616541354,1,0.0018796992481203006,10,0.018796992481203006,15,0.02819548872180451,4,0.007518796992481203,5,0.009398496240601503,2,0.0037593984962406013,19,0.03571428571428571,0,0.0,12,0.022556390977443608,532,1.0,INE_DIPUTACIONES_FED_2021,SECCION,PARCIAL,CATALOGO_INE_2026
269,3,BAJA CALIFORNIA SUR,LA PAZ,,15,197,1791,1167,0.6515912897822446,0.34840871021775544,UNIDOS_CONTIGO,610,0.5227077977720651,264,0.2262210796915167,MORENA,346,0.29648671808054844,302,0.258783204798629,PT,44,0.037703513281919454,UNIDOS_CONTIGO,610,0.5227077977720651,264,0.2262210796915167,MORENA,346,0.29648671808054844,302,0.258783204798629,PT,44,0.037703513281919454,610,0.5227077977720651,44,0.037703513281919454,26,0.022279348757497857,25,0.021422450728363324,346,0.29648671808054844,6,0.005141388174807198,6,0.005141388174807198,23,0.01970865467009426,3,0.002570694087403599,13,0.011139674378748929,20,0.01713796058269066,20,0.01713796058269066,1,0.000856898029134533,24,0.02056555269922879,1167,1.0,INE_DIPUTACIONES_FED_2021,SECCION,PARCIAL,CATALOGO_INE_2026
270,3,BAJA CALIFORNIA SUR,LA PAZ,,15,198,704,409,0.5809659090909091,0.41903409090909094,UNIDOS_CONTIGO,204,0.49877750611246946,78,0.19070904645476772,MORENA,126,0.3080684596577017,109,0.2665036674816626,PT,17,0.04156479217603912,UNIDOS_CONTIGO,204,0.49877750611246946,78,0.19070904645476772,MORENA,126,0.3080684596577017,109,0.2665036674816626,PT,17,0.04156479217603912,204,0.49877750611246946,17,0.04156479217603912,6,0.014669926650366748,9,0.022004889975550123,126,0.3080684596577017,1,0.0024449877750611247,7,0.017114914425427872,9,0.022004889975550123,0,0.0,5,0.012224938875305624,3,0.007334963325183374,9,0.022004889975550123,0,0.0,13,0.03178484107579462,409,1.0,INE_DIPUTACIONES_FED_2021,SECCION,PARCIAL,CATALOGO_INE_2026
271,3,BAJA CALIFORNIA SUR,LA PAZ,,15,199,545,342,0.6275229357798165,0.37247706422018345,UNIDOS_CONTIGO,178,0.52046783625731,78,0.22807017543859648,MORENA,100,0.29239766081871343,81,0.23684210526315788,PT,19,0.05555555555555555,UNIDOS_CONTIGO,178,0.52046783625731,78,0.22807017543859648,MORENA,100,0.29239766081871343,81,0.23684210526315788,PT,19,0.05555555555555555,178,0.52046783625731,19,0.05555555555555555,5,0.014619883040935672,6,0.017543859649122806,100,0.29239766081871343,2,0.005847953216374269,2,0.005847953216374269,10,0.029239766081871343,3,0.008771929824561403,1,0.0029239766081871343,3,0.008771929824561403,2,0.005847953216374269,0,0.0,11,0.03216374269005848,342,1.0,INE_DIPUTACIONES_FED_2021,SECCION,PARCIAL,CATALOGO_INE_2026
272,3,BAJA CALIFORNIA SUR,LA PAZ,,15,200,656,381,0.5807926829268293,0.4192073170731707,MORENA,146,0.38320209973753283,1,0.0026246719160104987,UNIDOS_CONTIGO,145,0.3805774278215223,120,0.31496062992125984,PT,25,0.06561679790026247,MORENA,146,0.38320209973753283,1,0.0026246719160104987,UNIDOS_CONTIGO,145,0.3805774278215223,120,0.31496062992125984,PT,25,0.06561679790026247,145,0.3805774278215223,25,0.06561679790026247,10,0.026246719160104987,5,0.013123359580052493,146,0.38320209973753283,2,0.005249343832020997,5,0.013123359580052493,11,0.028871391076115485,0,0.0,5,0.013123359580052493,5,0.013123359580052493,16,0.04199475065616798,0,0.0,6,0.015748031496062992,381,1.0,INE_DIPUTACIONES_FED_2021,SECCION,PARCIAL,CATALOGO_INE_2026
273,3,BAJA CALIFORNIA SUR,LA PAZ,,15,201,451,274,0.6075388026607539,0.3924611973392461,UNIDOS_CONTIGO,139,0.5072992700729927,63,0.22992700729927007,MORENA,76,0.2773722627737226,63,0.22992700729927007,PT,13,0.04744525547445255,UNIDOS_CONTIGO,139,0.5072992700729927,63,0.22992700729927007,MORENA,76,0.2773722627737226,63,0.22992700729927007,PT,13,0.04744525547445255,139,0.5072992700729927,13,0.04744525547445255,4,0.014598540145985401,6,0.021897810218978103,76,0.2773722627737226,4,0.014598540145985401,4,0.014598540145985401,5,0.01824817518248175,0,0.0,1,0.0036496350364963502,4,0.014598540145985401,8,0.029197080291970802,0,0.0,10,0.0364963503649635,274,1.0,INE_DIPUTACIONES_FED_2021,SECCION,PARCIAL,CATALOGO_INE_2026
274,3,BAJA CALIFORNIA SUR,LA PAZ,,15,211,1196,762,0.637123745819398,0.362876254180602,MORENA,318,0.41732283464566927,4,0.005249343832020997,UNIDOS_CONTIGO,314,0.4120734908136483,280,0.3674540682414698,PT,34,0.04461942257217848,MORENA,318,0.41732283464566927,4,0.005249343832020997,UNIDOS_CONTIGO,314,0.4120734908136483,280,0.3674540682414698,PT,34,0.04461942257217848,314,0.4120734908136483,34,0.04461942257217848,12,0.015748031496062992,19,0.024934383202099737,318,0.41732283464566927,3,0.003937007874015748,9,0.011811023622047244,6,0.007874015748031496,3,0.003937007874015748,4,0.005249343832020997,5,0.006561679790026247,26,0.03412073490813648,0,0.0,9,0.011811023622047244,762,1.0,INE_DIPUTACIONES_FED_2021,SECCION,PARCIAL,CATALOGO_INE_2026
275,3,BAJA CALIFORNIA SUR,LA PAZ,,15,212,972,635,0.6532921810699589,0.3467078189300411,UNIDOS_CONTIGO,378,0.5952755905511811,201,0.3165354330708661,MORENA,177,0.27874015748031494,158,0.24881889763779527,PT,19,0.029921259842519685,UNIDOS_CONTIGO,378,0.5952755905511811,201,0.3165354330708661,MORENA,177,0.27874015748031494,158,0.24881889763779527,PT,19,0.029921259842519685,378,0.5952755905511811,19,0.029921259842519685,7,0.011023622047244094,14,0.02204724409448819,177,0.27874015748031494,2,0.0031496062992125984,2,0.0031496062992125984,8,0.012598425196850394,1,0.0015748031496062992,6,0.009448818897637795,10,0.015748031496062992,6,0.009448818897637795,0,0.0,5,0.007874015748031496,635,1.0,INE_DIPUTACIONES_FED_2021,SECCION,PARCIAL,CATALOGO_INE_2026
276,3,BAJA CALIFORNIA SUR,LA PAZ,,15,213,1259,727,0.5774424146147736,0.42255758538522636,UNIDOS_CONTIGO,302,0.4154057771664374,34,0.04676753782668501,MORENA,268,0.3686382393397524,227,0.312242090784044,PT,41,0.05639614855570839,UNIDOS_CONTIGO,302,0.4154057771664374,34,0.04676753782668501,MORENA,268,0.3686382393397524,227,0.312242090784044,PT,41,0.05639614855570839,302,0.4154057771664374,41,0.05639614855570839,7,0.009628610729023384,13,0.017881705639614855,268,0.3686382393397524,6,0.008253094910591471,2,0.002751031636863824,17,0.023383768913342505,4,0.005502063273727648,2,0.002751031636863824,31,0.04264099037138927,14,0.01925722145804677,0,0.0,20,0.027510316368638238,727,1.0,INE_DIPUTACIONES_FED_2021,SECCION,PARCIAL,CATALOGO_INE_2026
277,3,BAJA CALIFORNIA SUR,LA PAZ,,15,214,942,570,0.6050955414012739,0.39490445859872614,UNIDOS_CONTIGO,276,0.4842105263157895,73,0.1280701754385965,MORENA,203,0.356140350877193,185,0.32456140350877194,PT,18,0.031578947368421054,UNIDOS_CONTIGO,276,0.4842105263157895,73,0.1280701754385965,MORENA,203,0.356140350877193,185,0.32456140350877194,PT,18,0.031578947368421054,276,0.4842105263157895,18,0.031578947368421054,7,0.012280701754385965,7,0.012280701754385965,203,0.356140350877193,3,0.005263157894736842,4,0.007017543859649123,7,0.012280701754385965,2,0.0035087719298245615,3,0.005263157894736842,13,0.02280701754385965,15,0.02631578947368421,0,0.0,12,0.021052631578947368,570,1.0,INE_DIPUTACIONES_FED_2021,SECCION,PARCIAL,CATALOGO_INE_2026
278,3,BAJA CALIFORNIA SUR,LA PAZ,,15,215,768,481,0.6263020833333334,0.37369791666666663,UNIDOS_CONTIGO,200,0.4158004158004158,16,0.033264033264033266,MORENA,184,0.38253638253638256,161,0.33471933471933474,PT,23,0.04781704781704782,UNIDOS_CONTIGO,200,0.4158004158004158,16,0.033264033264033266,MORENA,184,0.38253638253638256,161,0.33471933471933474,PT,23,0.04781704781704782,200,0.4158004158004158,23,0.04781704781704782,7,0.014553014553014554,12,0.02494802494802495,184,0.38253638253638256,2,0.004158004158004158,6,0.012474012474012475,7,0.014553014553014554,0,0.0,6,0.012474012474012475,11,0.02286902286902287,17,0.035343035343035345,0,0.0,6,0.012474012474012475,481,1.0,INE_DIPUTACIONES_FED_2021,SECCION,PARCIAL,CATALOGO_INE_2026
279,3,BAJA CALIFORNIA SUR,LA PAZ,,15,216,508,290,0.5708661417322834,0.42913385826771655,UNIDOS_CONTIGO,155,0.5344827586206896,64,0.2206896551724138,MORENA,91,0.3137931034482759,79,0.27241379310344827,MORENA_PT,12,0.041379310344827586,UNIDOS_CONTIGO,155,0.5344827586206896,64,0.2206896551724138,MORENA,91,0.3137931034482759,79,0.27241379310344827,MORENA_PT,12,0.041379310344827586,155,0.5344827586206896,10,0.034482758620689655,0,0.0,5,0.017241379310344827,91,0.3137931034482759,0,0.0,4,0.013793103448275862,0,0.0,0,0.0,0,0.0,5,0.017241379310344827,12,0.041379310344827586,0,0.0,8,0.027586206896551724,290,1.0,INE_DIPUTACIONES_FED_2021,SECCION,PARCIAL,CATALOGO_INE_2026
280,3,BAJA CALIFORNIA SUR,LA PAZ,,15,217,4088,2398,0.5865949119373777,0.41340508806262233,UNIDOS_CONTIGO,1144,0.47706422018348627,383,0.1597164303586322,MORENA,761,0.31734778982485407,632,0.2635529608006672,PT,129,0.05379482902418682,UNIDOS_CONTIGO,1144,0.47706422018348627,383,0.1597164303586322,MORENA,761,0.31734778982485407,632,0.2635529608006672,PT,129,0.05379482902418682,1144,0.47706422018348627,129,0.05379482902418682,35,0.014595496246872394,63,0.02627189324437031,761,0.31734778982485407,5,0.002085070892410342,28,0.011676396997497914,28,0.011676396997497914,15,0.006255212677231026,36,0.015012510425354461,48,0.020016680567139282,68,0.02835696413678065,0,0.0,38,0.0158465387823186,2398,1.0,INE_DIPUTACIONES_FED_2021,SECCION,PARCIAL,CATALOGO_INE_2026
281,3,BAJA CALIFORNIA SUR,LA PAZ,,15,219,1121,704,0.6280107047279215,0.37198929527207847,UNIDOS_CONTIGO,330,0.46875,101,0.1434659090909091,MORENA,229,0.3252840909090909,202,0.2869318181818182,PT,27,0.03835227272727273,UNIDOS_CONTIGO,330,0.46875,101,0.1434659090909091,MORENA,229,0.3252840909090909,202,0.2869318181818182,PT,27,0.03835227272727273,330,0.46875,27,0.03835227272727273,17,0.024147727272727272,16,0.022727272727272728,229,0.3252840909090909,15,0.02130681818181818,6,0.008522727272727272,12,0.017045454545454544,5,0.007102272727272727,4,0.005681818181818182,15,0.02130681818181818,15,0.02130681818181818,1,0.0014204545454545455,12,0.017045454545454544,704,1.0,INE_DIPUTACIONES_FED_2021,SECCION,PARCIAL,CATALOGO_INE_2026
282,3,BAJA CALIFORNIA SUR,LA PAZ,,15,220,1059,667,0.6298394711992445,0.37016052880075545,UNIDOS_CONTIGO,282,0.42278860569715143,32,0.047976011994003,MORENA,250,0.3748125937031484,215,0.32233883058470764,PT,35,0.05247376311844078,UNIDOS_CONTIGO,282,0.42278860569715143,32,0.047976011994003,MORENA,250,0.3748125937031484,215,0.32233883058470764,PT,35,0.05247376311844078,282,0.42278860569715143,35,0.05247376311844078,12,0.017991004497751123,18,0.026986506746626688,250,0.3748125937031484,3,0.004497751124437781,6,0.008995502248875561,14,0.020989505247376312,3,0.004497751124437781,5,0.0074962518740629685,10,0.014992503748125937,18,0.026986506746626688,0,0.0,11,0.01649175412293853,667,1.0,INE_DIPUTACIONES_FED_2021,SECCION,PARCIAL,CATALOGO_INE_2026
283,3,BAJA CALIFORNIA SUR,LA PAZ,,15,221,850,512,0.6023529411764705,0.39764705882352946,UNIDOS_CONTIGO,246,0.48046875,71,0.138671875,MORENA,175,0.341796875,152,0.296875,PT,23,0.044921875,UNIDOS_CONTIGO,246,0.48046875,71,0.138671875,MORENA,175,0.341796875,152,0.296875,PT,23,0.044921875,246,0.48046875,23,0.044921875,8,0.015625,9,0.017578125,175,0.341796875,2,0.00390625,8,0.015625,5,0.009765625,2,0.00390625,3,0.005859375,9,0.017578125,15,0.029296875,0,0.0,7,0.013671875,512,1.0,INE_DIPUTACIONES_FED_2021,SECCION,PARCIAL,CATALOGO_INE_2026
284,3,BAJA CALIFORNIA SUR,LA PAZ,,15,222,927,665,0.7173678532901834,0.2826321467098166,UNIDOS_CONTIGO,378,0.5684210526315789,177,0.2661654135338346,MORENA,201,0.3022556390977444,182,0.2736842105263158,PT,19,0.02857142857142857,UNIDOS_CONTIGO,378,0.5684210526315789,177,0.2661654135338346,MORENA,201,0.3022556390977444,182,0.2736842105263158,PT,19,0.02857142857142857,378,0.5684210526315789,19,0.02857142857142857,5,0.007518796992481203,8,0.012030075187969926,201,0.3022556390977444,7,0.010526315789473684,1,0.0015037593984962407,1,0.0015037593984962407,1,0.0015037593984962407,6,0.009022556390977444,11,0.016541353383458645,15,0.022556390977443608,2,0.0030075187969924814,10,0.015037593984962405,665,1.0,INE_DIPUTACIONES_FED_2021,SECCION,PARCIAL,CATALOGO_INE_2026
285,3,BAJA CALIFORNIA SUR,LA PAZ,,15,223,1106,671,0.6066907775768535,0.3933092224231465,UNIDOS_CONTIGO,312,0.46497764530551416,66,0.09836065573770492,MORENA,246,0.36661698956780925,216,0.32190760059612517,PT,30,0.044709388971684055,UNIDOS_CONTIGO,312,0.46497764530551416,66,0.09836065573770492,MORENA,246,0.36661698956780925,216,0.32190760059612517,PT,30,0.044709388971684055,312,0.46497764530551416,30,0.044709388971684055,3,0.004470938897168405,11,0.01639344262295082,246,0.36661698956780925,3,0.004470938897168405,7,0.010432190760059613,4,0.005961251862891207,3,0.004470938897168405,7,0.010432190760059613,16,0.02384500745156483,18,0.026825633383010434,0,0.0,11,0.01639344262295082,671,1.0,INE_DIPUTACIONES_FED_2021,SECCION,PARCIAL,CATALOGO_INE_2026
286,3,BAJA CALIFORNIA SUR,LA PAZ,,15,224,593,381,0.642495784148398,0.35750421585160197,UNIDOS_CONTIGO,213,0.5590551181102362,100,0.26246719160104987,MORENA,113,0.29658792650918636,97,0.2545931758530184,PT,16,0.04199475065616798,UNIDOS_CONTIGO,213,0.5590551181102362,100,0.26246719160104987,MORENA,113,0.29658792650918636,97,0.2545931758530184,PT,16,0.04199475065616798,213,0.5590551181102362,16,0.04199475065616798,3,0.007874015748031496,7,0.01837270341207349,113,0.29658792650918636,2,0.005249343832020997,1,0.0026246719160104987,1,0.0026246719160104987,1,0.0026246719160104987,5,0.013123359580052493,5,0.013123359580052493,8,0.02099737532808399,0,0.0,6,0.015748031496062992,381,1.0,INE_DIPUTACIONES_FED_2021,SECCION,PARCIAL,CATALOGO_INE_2026
287,3,BAJA CALIFORNIA SUR,LA PAZ,,15,225,545,355,0.6513761467889908,0.3486238532110092,UNIDOS_CONTIGO,175,0.49295774647887325,47,0.1323943661971831,MORENA,128,0.36056338028169016,114,0.3211267605633803,PT,14,0.03943661971830986,UNIDOS_CONTIGO,175,0.49295774647887325,47,0.1323943661971831,MORENA,128,0.36056338028169016,114,0.3211267605633803,PT,14,0.03943661971830986,175,0.49295774647887325,14,0.03943661971830986,4,0.011267605633802818,7,0.01971830985915493,128,0.36056338028169016,2,0.005633802816901409,1,0.0028169014084507044,4,0.011267605633802818,1,0.0028169014084507044,5,0.014084507042253521,4,0.011267605633802818,6,0.016901408450704224,0,0.0,4,0.011267605633802818,355,1.0,INE_DIPUTACIONES_FED_2021,SECCION,PARCIAL,CATALOGO_INE_2026
288,3,BAJA CALIFORNIA SUR,LA PAZ,,15,226,1126,748,0.6642984014209592,0.3357015985790408,UNIDOS_CONTIGO,380,0.5080213903743316,153,0.20454545454545456,MORENA,227,0.303475935828877,190,0.2540106951871658,PT,37,0.04946524064171123,UNIDOS_CONTIGO,380,0.5080213903743316,153,0.20454545454545456,MORENA,227,0.303475935828877,190,0.2540106951871658,PT,37,0.04946524064171123,380,0.5080213903743316,37,0.04946524064171123,16,0.0213903743315508,23,0.03074866310160428,227,0.303475935828877,5,0.0066844919786096255,1,0.001336898395721925,13,0.017379679144385027,1,0.001336898395721925,10,0.013368983957219251,14,0.01871657754010695,13,0.017379679144385027,1,0.001336898395721925,7,0.009358288770053475,748,1.0,INE_DIPUTACIONES_FED_2021,SECCION,PARCIAL,CATALOGO_INE_2026
289,3,BAJA CALIFORNIA SUR,LA PAZ,,15,227,1320,790,0.5984848484848485,0.4015151515151515,UNIDOS_CONTIGO,312,0.3949367088607595,5,0.006329113924050633,MORENA,307,0.3886075949367089,270,0.34177215189873417,PT,37,0.04683544303797468,UNIDOS_CONTIGO,312,0.3949367088607595,5,0.006329113924050633,MORENA,307,0.3886075949367089,270,0.34177215189873417,PT,37,0.04683544303797468,312,0.3949367088607595,37,0.04683544303797468,25,0.03164556962025317,15,0.0189873417721519,307,0.3886075949367089,4,0.005063291139240506,5,0.006329113924050633,11,0.013924050632911392,4,0.005063291139240506,9,0.01139240506329114,13,0.016455696202531647,33,0.04177215189873418,0,0.0,15,0.0189873417721519,790,1.0,INE_DIPUTACIONES_FED_2021,SECCION,PARCIAL,CATALOGO_INE_2026
290,3,BAJA CALIFORNIA SUR,LA PAZ,,15,228,1646,1026,0.6233292831105711,0.3766707168894289,UNIDOS_CONTIGO,473,0.46101364522417154,127,0.12378167641325535,MORENA,346,0.33723196881091616,285,0.2777777777777778,PT,61,0.0594541910331384,UNIDOS_CONTIGO,473,0.46101364522417154,127,0.12378167641325535,MORENA,346,0.33723196881091616,285,0.2777777777777778,PT,61,0.0594541910331384,473,0.46101364522417154,61,0.0594541910331384,16,0.015594541910331383,16,0.015594541910331383,346,0.33723196881091616,3,0.0029239766081871343,1,0.0009746588693957114,17,0.016569200779727095,5,0.004873294346978557,15,0.014619883040935672,26,0.025341130604288498,34,0.03313840155945419,0,0.0,13,0.012670565302144249,1026,1.0,INE_DIPUTACIONES_FED_2021,SECCION,PARCIAL,CATALOGO_INE_2026
291,3,BAJA CALIFORNIA SUR,LA PAZ,,15,229,682,440,0.6451612903225806,0.3548387096774194,UNIDOS_CONTIGO,207,0.47045454545454546,50,0.11363636363636363,MORENA,157,0.3568181818181818,134,0.30454545454545456,PT,23,0.05227272727272727,UNIDOS_CONTIGO,207,0.47045454545454546,50,0.11363636363636363,MORENA,157,0.3568181818181818,134,0.30454545454545456,PT,23,0.05227272727272727,207,0.47045454545454546,23,0.05227272727272727,10,0.022727272727272728,6,0.013636363636363636,157,0.3568181818181818,0,0.0,3,0.006818181818181818,7,0.015909090909090907,0,0.0,2,0.004545454545454545,3,0.006818181818181818,16,0.03636363636363636,0,0.0,6,0.013636363636363636,440,1.0,INE_DIPUTACIONES_FED_2021,SECCION,PARCIAL,CATALOGO_INE_2026
292,3,BAJA CALIFORNIA SUR,LA PAZ,,15,230,666,424,0.6366366366366366,0.3633633633633634,UNIDOS_CONTIGO,201,0.4740566037735849,64,0.1509433962264151,MORENA,137,0.3231132075471698,119,0.2806603773584906,PT,18,0.04245283018867924,UNIDOS_CONTIGO,201,0.4740566037735849,64,0.1509433962264151,MORENA,137,0.3231132075471698,119,0.2806603773584906,PT,18,0.04245283018867924,201,0.4740566037735849,18,0.04245283018867924,11,0.025943396226415096,5,0.01179245283018868,137,0.3231132075471698,2,0.0047169811320754715,1,0.0023584905660377358,6,0.014150943396226415,1,0.0023584905660377358,6,0.014150943396226415,9,0.02122641509433962,14,0.0330188679245283,1,0.0023584905660377358,12,0.02830188679245283,424,1.0,INE_DIPUTACIONES_FED_2021,SECCION,PARCIAL,CATALOGO_INE_2026
293,3,BAJA CALIFORNIA SUR,LA PAZ,,15,231,557,347,0.6229802513464991,0.37701974865350085,UNIDOS_CONTIGO,159,0.45821325648414984,36,0.1037463976945245,MORENA,123,0.35446685878962536,105,0.3025936599423631,PT,18,0.05187319884726225,UNIDOS_CONTIGO,159,0.45821325648414984,36,0.1037463976945245,MORENA,123,0.35446685878962536,105,0.3025936599423631,PT,18,0.05187319884726225,159,0.45821325648414984,18,0.05187319884726225,7,0.020172910662824207,6,0.01729106628242075,123,0.35446685878962536,0,0.0,2,0.005763688760806916,3,0.008645533141210375,2,0.005763688760806916,7,0.020172910662824207,5,0.01440922190201729,6,0.01729106628242075,0,0.0,9,0.025936599423631124,347,1.0,INE_DIPUTACIONES_FED_2021,SECCION,PARCIAL,CATALOGO_INE_2026
294,3,BAJA CALIFORNIA SUR,LORETO,,13,338,1388,867,0.6246397694524496,0.3753602305475504,UNIDOS_CONTIGO,381,0.43944636678200694,109,0.12572087658592848,MORENA,272,0.3137254901960784,190,0.21914648212226068,PES,82,0.09457900807381776,UNIDOS_CONTIGO,381,0.43944636678200694,109,0.12572087658592848,MORENA,272,0.3137254901960784,190,0.21914648212226068,PES,82,0.09457900807381776,381,0.43944636678200694,55,0.06343713956170703,7,0.008073817762399077,24,0.02768166089965398,272,0.3137254901960784,2,0.002306805074971165,5,0.0057670126874279125,82,0.09457900807381776,0,0.0,4,0.00461361014994233,3,0.0034602076124567475,8,0.00922722029988466,0,0.0,24,0.02768166089965398,867,1.0,INE_DIPUTACIONES_FED_2021,SECCION,PARCIAL,CATALOGO_INE_2026
295,3,BAJA CALIFORNIA SUR,LORETO,,13,339,5154,2769,0.5372526193247963,0.4627473806752037,UNIDOS_CONTIGO,1258,0.454315637414229,457,0.16504153123871435,MORENA,801,0.28927410617551463,599,0.2163235825207656,MC,202,0.07295052365474901,UNIDOS_CONTIGO,1258,0.454315637414229,457,0.16504153123871435,MORENA,801,0.28927410617551463,599,0.2163235825207656,MC,202,0.07295052365474901,1258,0.454315637414229,170,0.061394005055976884,28,0.010111953773925604,202,0.07295052365474901,801,0.28927410617551463,3,0.0010834236186348862,11,0.0039725532683279165,181,0.0653665583243048,12,0.004333694474539545,10,0.0036114120621162874,4,0.001444564824846515,23,0.008306247742867461,0,0.0,66,0.023835319609967497,2769,1.0,INE_DIPUTACIONES_FED_2021,SECCION,PARCIAL,INFERIDA_SECCION_VECINA
296,3,BAJA CALIFORNIA SUR,LORETO,,13,340,993,694,0.6988922457200403,0.3011077542799597,UNIDOS_CONTIGO,359,0.5172910662824207,182,0.2622478386167147,MORENA,177,0.25504322766570603,123,0.17723342939481268,PES,54,0.07780979827089338,UNIDOS_CONTIGO,359,0.5172910662824207,182,0.2622478386167147,MORENA,177,0.25504322766570603,123,0.17723342939481268,PES,54,0.07780979827089338,359,0.5172910662824207,29,0.04178674351585014,3,0.004322766570605188,41,0.059077809798270896,177,0.25504322766570603,1,0.001440922190201729,1,0.001440922190201729,54,0.07780979827089338,2,0.002881844380403458,1,0.001440922190201729,3,0.004322766570605188,4,0.005763688760806916,0,0.0,19,0.027377521613832854,694,1.0,INE_DIPUTACIONES_FED_2021,SECCION,PARCIAL,CATALOGO_INE_2026
297,3,BAJA CALIFORNIA SUR,LORETO,,13,341,808,582,0.7202970297029703,0.27970297029702973,UNIDOS_CONTIGO,279,0.4793814432989691,97,0.16666666666666666,MORENA,182,0.3127147766323024,143,0.24570446735395188,PES,39,0.06701030927835051,UNIDOS_CONTIGO,279,0.4793814432989691,97,0.16666666666666666,MORENA,182,0.3127147766323024,143,0.24570446735395188,PES,39,0.06701030927835051,279,0.4793814432989691,21,0.03608247422680412,3,0.005154639175257732,21,0.03608247422680412,182,0.3127147766323024,2,0.003436426116838488,5,0.00859106529209622,39,0.06701030927835051,2,0.003436426116838488,4,0.006872852233676976,2,0.003436426116838488,14,0.024054982817869417,0,0.0,8,0.013745704467353952,582,1.0,INE_DIPUTACIONES_FED_2021,SECCION,PARCIAL,CATALOGO_INE_2026
298,3,BAJA CALIFORNIA SUR,LORETO,,13,342,862,918,1.0649651972157772,-0.0649651972157772,UNIDOS_CONTIGO,422,0.4596949891067538,131,0.14270152505446623,MORENA,291,0.31699346405228757,225,0.24509803921568626,PT,66,0.0718954248366013,UNIDOS_CONTIGO,422,0.4596949891067538,131,0.14270152505446623,MORENA,291,0.31699346405228757,225,0.24509803921568626,PT,66,0.0718954248366013,422,0.4596949891067538,66,0.0718954248366013,10,0.010893246187363835,35,0.03812636165577342,291,0.31699346405228757,2,0.002178649237472767,7,0.007625272331154684,46,0.05010893246187364,5,0.0054466230936819175,2,0.002178649237472767,4,0.004357298474945534,15,0.016339869281045753,0,0.0,13,0.014161220043572984,918,1.0,INE_DIPUTACIONES_FED_2021,SECCION,PARCIAL,CATALOGO_INE_2026
299,3,BAJA CALIFORNIA SUR,LORETO,,13,343,749,490,0.6542056074766355,0.3457943925233645,UNIDOS_CONTIGO,236,0.4816326530612245,73,0.1489795918367347,MORENA,163,0.3326530612244898,134,0.27346938775510204,PES,29,0.05918367346938776,UNIDOS_CONTIGO,236,0.4816326530612245,73,0.1489795918367347,MORENA,163,0.3326530612244898,134,0.27346938775510204,PES,29,0.05918367346938776,236,0.4816326530612245,28,0.05714285714285714,2,0.004081632653061225,22,0.044897959183673466,163,0.3326530612244898,1,0.0020408163265306124,1,0.0020408163265306124,29,0.05918367346938776,0,0.0,1,0.0020408163265306124,0,0.0,6,0.012244897959183673,0,0.0,1,0.0020408163265306124,490,1.0,INE_DIPUTACIONES_FED_2021,SECCION,PARCIAL,CATALOGO_INE_2026
300,3,BAJA CALIFORNIA SUR,LORETO,,13,344,1543,1068,0.6921581335061568,0.30784186649384315,UNIDOS_CONTIGO,434,0.40636704119850187,124,0.11610486891385768,MORENA,310,0.2902621722846442,210,0.19662921348314608,PT,100,0.09363295880149813,UNIDOS_CONTIGO,434,0.40636704119850187,124,0.11610486891385768,MORENA,310,0.2902621722846442,210,0.19662921348314608,PT,100,0.09363295880149813,434,0.40636704119850187,100,0.09363295880149813,8,0.00749063670411985,79,0.07397003745318352,310,0.2902621722846442,4,0.003745318352059925,3,0.0028089887640449437,77,0.07209737827715355,5,0.0046816479400749065,3,0.0028089887640449437,2,0.0018726591760299626,21,0.019662921348314606,0,0.0,22,0.020599250936329586,1068,1.0,INE_DIPUTACIONES_FED_2021,SECCION,PARCIAL,CATALOGO_INE_2026
301,3,BAJA CALIFORNIA SUR,LORETO,,13,345,358,283,0.7905027932960894,0.2094972067039106,UNIDOS_CONTIGO,145,0.5123674911660777,103,0.36395759717314485,MORENA,42,0.14840989399293286,14,0.04946996466431095,MC,28,0.0989399293286219,UNIDOS_CONTIGO,145,0.5123674911660777,103,0.36395759717314485,MORENA,42,0.14840989399293286,14,0.04946996466431095,MC,28,0.0989399293286219,145,0.5123674911660777,19,0.06713780918727916,4,0.014134275618374558,28,0.0989399293286219,42,0.14840989399293286,1,0.0035335689045936395,7,0.024734982332155476,14,0.04946996466431095,2,0.007067137809187279,0,0.0,0,0.0,2,0.007067137809187279,0,0.0,19,0.06713780918727916,283,1.0,INE_DIPUTACIONES_FED_2021,SECCION,PARCIAL,CATALOGO_INE_2026
302,3,BAJA CALIFORNIA SUR,LORETO,,13,346,570,421,0.7385964912280701,0.26140350877192986,UNIDOS_CONTIGO,154,0.3657957244655582,22,0.052256532066508314,MORENA,132,0.31353919239904987,87,0.20665083135391923,PT,45,0.10688836104513064,UNIDOS_CONTIGO,154,0.3657957244655582,22,0.052256532066508314,MORENA,132,0.31353919239904987,87,0.20665083135391923,PT,45,0.10688836104513064,154,0.3657957244655582,45,0.10688836104513064,5,0.011876484560570071,26,0.06175771971496437,132,0.31353919239904987,2,0.004750593824228029,4,0.009501187648456057,22,0.052256532066508314,6,0.014251781472684086,0,0.0,0,0.0,8,0.019002375296912115,0,0.0,17,0.040380047505938245,421,1.0,INE_DIPUTACIONES_FED_2021,SECCION,PARCIAL,CATALOGO_INE_2026
303,3,BAJA CALIFORNIA SUR,LORETO,,13,347,282,187,0.6631205673758865,0.33687943262411346,UNIDOS_CONTIGO,75,0.40106951871657753,32,0.1711229946524064,MORENA,43,0.22994652406417113,24,0.12834224598930483,PT,19,0.10160427807486631,UNIDOS_CONTIGO,75,0.40106951871657753,32,0.1711229946524064,MORENA,43,0.22994652406417113,24,0.12834224598930483,PT,19,0.10160427807486631,75,0.40106951871657753,19,0.10160427807486631,3,0.016042780748663103,17,0.09090909090909091,43,0.22994652406417113,0,0.0,3,0.016042780748663103,5,0.026737967914438502,1,0.0053475935828877,1,0.0053475935828877,0,0.0,5,0.026737967914438502,0,0.0,15,0.08021390374331551,187,1.0,INE_DIPUTACIONES_FED_2021,SECCION,PARCIAL,CATALOGO_INE_2026
304,3,BAJA CALIFORNIA SUR,LOS CABOS,,1,290,1614,831,0.5148698884758365,0.4851301115241635,UNIDOS_CONTIGO,605,0.7280385078219013,496,0.5968712394705175,MORENA,109,0.13116726835138387,74,0.08904933814681107,PT,35,0.0421179302045728,UNIDOS_CONTIGO,605,0.7280385078219013,496,0.5968712394705175,MORENA,109,0.13116726835138387,74,0.08904933814681107,PT,35,0.0421179302045728,605,0.7280385078219013,35,0.0421179302045728,18,0.021660649819494584,15,0.018050541516245487,109,0.13116726835138387,6,0.007220216606498195,9,0.010830324909747292,2,0.0024067388688327317,3,0.0036101083032490976,12,0.01444043321299639,4,0.0048134777376654635,9,0.010830324909747292,0,0.0,4,0.0048134777376654635,831,1.0,INE_DIPUTACIONES_FED_2021,SECCION,PARCIAL,CATALOGO_INE_2026
305,3,BAJA CALIFORNIA SUR,LOS CABOS,,1,294,1934,1160,0.5997931747673216,0.40020682523267836,UNIDOS_CONTIGO,756,0.6517241379310345,554,0.47758620689655173,MORENA,202,0.17413793103448275,154,0.13275862068965516,PT,48,0.041379310344827586,UNIDOS_CONTIGO,756,0.6517241379310345,554,0.47758620689655173,MORENA,202,0.17413793103448275,154,0.13275862068965516,PT,48,0.041379310344827586,756,0.6517241379310345,48,0.041379310344827586,48,0.041379310344827586,24,0.020689655172413793,202,0.17413793103448275,1,0.0008620689655172414,9,0.007758620689655172,8,0.006896551724137931,1,0.0008620689655172414,22,0.01896551724137931,8,0.006896551724137931,19,0.016379310344827588,1,0.0008620689655172414,13,0.011206896551724138,1160,1.0,INE_DIPUTACIONES_FED_2021,SECCION,PARCIAL,CATALOGO_INE_2026
306,3,BAJA CALIFORNIA SUR,LOS CABOS,,1,295,2786,1158,0.41564967695620963,0.5843503230437903,UNIDOS_CONTIGO,525,0.4533678756476684,215,0.18566493955094993,MORENA,310,0.26770293609671847,212,0.18307426597582038,PT,98,0.0846286701208981,UNIDOS_CONTIGO,525,0.4533678756476684,215,0.18566493955094993,MORENA,310,0.26770293609671847,212,0.18307426597582038,PT,98,0.0846286701208981,525,0.4533678756476684,98,0.0846286701208981,44,0.037996545768566495,23,0.019861830742659757,310,0.26770293609671847,7,0.006044905008635579,25,0.02158894645941278,8,0.0069084628670120895,3,0.0025906735751295338,29,0.025043177892918825,8,0.0069084628670120895,62,0.0535405872193437,0,0.0,16,0.013816925734024179,1158,1.0,INE_DIPUTACIONES_FED_2021,SECCION,PARCIAL,CATALOGO_INE_2026
307,3,BAJA CALIFORNIA SUR,LOS CABOS,,1,296,1946,980,0.5035971223021583,0.49640287769784175,UNIDOS_CONTIGO,334,0.3408163265306122,12,0.012244897959183673,MORENA,322,0.32857142857142857,234,0.23877551020408164,PT,88,0.08979591836734693,UNIDOS_CONTIGO,334,0.3408163265306122,12,0.012244897959183673,MORENA,322,0.32857142857142857,234,0.23877551020408164,PT,88,0.08979591836734693,334,0.3408163265306122,88,0.08979591836734693,68,0.06938775510204082,23,0.02346938775510204,322,0.32857142857142857,5,0.00510204081632653,15,0.015306122448979591,16,0.0163265306122449,3,0.003061224489795918,23,0.02346938775510204,6,0.006122448979591836,52,0.053061224489795916,0,0.0,25,0.025510204081632654,980,1.0,INE_DIPUTACIONES_FED_2021,SECCION,PARCIAL,CATALOGO_INE_2026
308,3,BAJA CALIFORNIA SUR,LOS CABOS,,1,298,17835,6563,0.3679843005326605,0.6320156994673395,UNIDOS_CONTIGO,2808,0.42785311595307024,844,0.12859972573518208,MORENA,1964,0.29925339021788816,1550,0.23617248209660216,PT,414,0.063080908121286,UNIDOS_CONTIGO,2808,0.42785311595307024,844,0.12859972573518208,MORENA,1964,0.29925339021788816,1550,0.23617248209660216,PT,414,0.063080908121286,2808,0.42785311595307024,414,0.063080908121286,323,0.04921529788206613,184,0.028035959165016,1964,0.29925339021788816,59,0.008989791253999695,129,0.019655645284168827,121,0.018436690537863783,38,0.005790035044948957,158,0.024074356239524607,49,0.007466097821118391,158,0.024074356239524607,2,0.00030473868657626083,156,0.023769617552948347,6563,1.0,INE_DIPUTACIONES_FED_2021,SECCION,PARCIAL,INFERIDA_SECCION_VECINA
309,3,BAJA CALIFORNIA SUR,LOS CABOS,,1,316,4370,2199,0.5032036613272312,0.49679633867276884,UNIDOS_CONTIGO,1661,0.755343337880855,1388,0.6311959981809914,MORENA,273,0.12414733969986358,219,0.09959072305593451,MC,54,0.02455661664392906,UNIDOS_CONTIGO,1661,0.755343337880855,1388,0.6311959981809914,MORENA,273,0.12414733969986358,219,0.09959072305593451,MC,54,0.02455661664392906,1661,0.755343337880855,46,0.020918599363346977,37,0.01682582992269213,54,0.02455661664392906,273,0.12414733969986358,8,0.0036380172805820826,13,0.005911778080945885,13,0.005911778080945885,17,0.007730786721236926,30,0.013642564802182811,9,0.004092769440654843,15,0.0068212824010914054,3,0.001364256480218281,20,0.009095043201455207,2199,1.0,INE_DIPUTACIONES_FED_2021,SECCION,PARCIAL,CATALOGO_INE_2026
310,3,BAJA CALIFORNIA SUR,LOS CABOS,,1,334,281,182,0.6476868327402135,0.35231316725978645,MORENA,75,0.41208791208791207,41,0.22527472527472528,PT,34,0.18681318681318682,6,0.03296703296703297,UNIDOS_CONTIGO,28,0.15384615384615385,MORENA,75,0.41208791208791207,41,0.22527472527472528,PT,34,0.18681318681318682,6,0.03296703296703297,UNIDOS_CONTIGO,28,0.15384615384615385,28,0.15384615384615385,34,0.18681318681318682,4,0.02197802197802198,0,0.0,75,0.41208791208791207,2,0.01098901098901099,2,0.01098901098901099,4,0.02197802197802198,1,0.005494505494505495,3,0.016483516483516484,0,0.0,21,0.11538461538461539,0,0.0,8,0.04395604395604396,182,1.0,INE_DIPUTACIONES_FED_2021,SECCION,PARCIAL,CATALOGO_INE_2026
311,3,BAJA CALIFORNIA SUR,LOS CABOS,,1,353,6531,2577,0.3945796968305007,0.6054203031694994,MORENA,935,0.36282499029879706,99,0.03841676367869616,UNIDOS_CONTIGO,836,0.3244082266201009,641,0.24873884361660845,PT,195,0.07566938300349244,MORENA,935,0.36282499029879706,99,0.03841676367869616,UNIDOS_CONTIGO,836,0.3244082266201009,641,0.24873884361660845,PT,195,0.07566938300349244,836,0.3244082266201009,195,0.07566938300349244,79,0.0306558013193636,31,0.012029491656965464,935,0.36282499029879706,24,0.009313154831199068,32,0.01241753977493209,19,0.007372914241365929,87,0.033760186263096625,152,0.058983313930927435,13,0.005044625533566162,93,0.03608847497089639,1,0.00038804811796662784,80,0.03104384943733023,2577,1.0,INE_DIPUTACIONES_FED_2021,SECCION,PARCIAL,INFERIDA_SECCION_VECINA
312,3,BAJA CALIFORNIA SUR,LOS CABOS,,1,354,1581,669,0.42314990512333966,0.5768500948766604,MORENA,212,0.31689088191330345,25,0.03736920777279522,UNIDOS_CONTIGO,187,0.2795216741405082,118,0.17638266068759342,FxM,69,0.1031390134529148,MORENA,212,0.31689088191330345,25,0.03736920777279522,UNIDOS_CONTIGO,187,0.2795216741405082,118,0.17638266068759342,FxM,69,0.1031390134529148,187,0.2795216741405082,33,0.04932735426008968,21,0.03139013452914798,10,0.014947683109118086,212,0.31689088191330345,3,0.004484304932735426,29,0.043348281016442454,11,0.016442451420029897,48,0.07174887892376682,69,0.1031390134529148,3,0.004484304932735426,23,0.0343796711509716,0,0.0,20,0.029895366218236172,669,1.0,INE_DIPUTACIONES_FED_2021,SECCION,PARCIAL,CATALOGO_INE_2026
313,3,BAJA CALIFORNIA SUR,LOS CABOS,,1,356,1573,623,0.3960584869675779,0.6039415130324222,MORENA,258,0.41412520064205455,83,0.1332263242375602,UNIDOS_CONTIGO,175,0.2808988764044944,116,0.18619582664526485,PT,59,0.09470304975922954,MORENA,258,0.41412520064205455,83,0.1332263242375602,UNIDOS_CONTIGO,175,0.2808988764044944,116,0.18619582664526485,PT,59,0.09470304975922954,175,0.2808988764044944,59,0.09470304975922954,12,0.019261637239165328,17,0.027287319422150885,258,0.41412520064205455,5,0.008025682182985553,3,0.004815409309791332,1,0.0016051364365971107,15,0.024077046548956663,33,0.052969502407704656,2,0.0032102728731942215,24,0.038523274478330656,3,0.004815409309791332,16,0.025682182985553772,623,1.0,INE_DIPUTACIONES_FED_2021,SECCION,PARCIAL,CATALOGO_INE_2026
314,3,BAJA CALIFORNIA SUR,LOS CABOS,,1,394,1584,578,0.3648989898989899,0.6351010101010102,MORENA,225,0.3892733564013841,65,0.11245674740484429,UNIDOS_CONTIGO,160,0.2768166089965398,109,0.18858131487889274,FxM,51,0.08823529411764706,MORENA,225,0.3892733564013841,65,0.11245674740484429,UNIDOS_CONTIGO,160,0.2768166089965398,109,0.18858131487889274,FxM,51,0.08823529411764706,160,0.2768166089965398,35,0.06055363321799308,16,0.02768166089965398,7,0.012110726643598616,225,0.3892733564013841,5,0.00865051903114187,12,0.020761245674740483,7,0.012110726643598616,26,0.04498269896193772,51,0.08823529411764706,5,0.00865051903114187,18,0.031141868512110725,0,0.0,11,0.01903114186851211,578,1.0,INE_DIPUTACIONES_FED_2021,SECCION,PARCIAL,CATALOGO_INE_2026
315,3,BAJA CALIFORNIA SUR,LOS CABOS,,7,299,1116,528,0.4731182795698925,0.5268817204301075,UNIDOS_CONTIGO,168,0.3181818181818182,19,0.03598484848484849,MORENA,149,0.2821969696969697,78,0.14772727272727273,PVEM,71,0.13446969696969696,UNIDOS_CONTIGO,168,0.3181818181818182,19,0.03598484848484849,MORENA,149,0.2821969696969697,78,0.14772727272727273,PVEM,71,0.13446969696969696,168,0.3181818181818182,59,0.11174242424242424,71,0.13446969696969696,9,0.017045454545454544,149,0.2821969696969697,2,0.003787878787878788,9,0.017045454545454544,5,0.00946969696969697,0,0.0,15,0.028409090909090908,3,0.005681818181818182,22,0.041666666666666664,0,0.0,16,0.030303030303030304,528,1.0,INE_DIPUTACIONES_FED_2021,SECCION,PARCIAL,CATALOGO_INE_2026
316,3,BAJA CALIFORNIA SUR,LOS CABOS,,7,300,4523,1901,0.420296263541897,0.579703736458103,UNIDOS_CONTIGO,629,0.3308784850078906,34,0.01788532351394003,MORENA,595,0.31299316149395057,376,0.19779063650710152,PT,219,0.11520252498684903,UNIDOS_CONTIGO,629,0.3308784850078906,34,0.01788532351394003,MORENA,595,0.31299316149395057,376,0.19779063650710152,PT,219,0.11520252498684903,629,0.3308784850078906,219,0.11520252498684903,131,0.06891109942135717,33,0.017359284587059442,595,0.31299316149395057,21,0.011046817464492372,36,0.01893740136770121,25,0.013150973172014729,8,0.004208311415044713,48,0.02524986849026828,12,0.00631246712256707,101,0.05312993161493951,0,0.0,43,0.022619673855865333,1901,1.0,INE_DIPUTACIONES_FED_2021,SECCION,PARCIAL,CATALOGO_INE_2026
317,3,BAJA CALIFORNIA SUR,LOS CABOS,,7,302,611,299,0.48936170212765956,0.5106382978723405,MORENA,83,0.27759197324414714,6,0.020066889632107024,UNIDOS_CONTIGO,77,0.25752508361204013,40,0.13377926421404682,PT,37,0.12374581939799331,MORENA,83,0.27759197324414714,6,0.020066889632107024,UNIDOS_CONTIGO,77,0.25752508361204013,40,0.13377926421404682,PT,37,0.12374581939799331,77,0.25752508361204013,37,0.12374581939799331,32,0.10702341137123746,16,0.05351170568561873,83,0.27759197324414714,3,0.010033444816053512,7,0.023411371237458192,10,0.033444816053511704,0,0.0,9,0.030100334448160536,1,0.0033444816053511705,15,0.05016722408026756,1,0.0033444816053511705,8,0.026755852842809364,299,1.0,INE_DIPUTACIONES_FED_2021,SECCION,PARCIAL,CATALOGO_INE_2026
318,3,BAJA CALIFORNIA SUR,LOS CABOS,,7,412,5754,1692,0.2940563086548488,0.7059436913451512,UNIDOS_CONTIGO,556,0.32860520094562645,7,0.004137115839243499,MORENA,549,0.324468085106383,380,0.22458628841607564,PT,169,0.09988179669030733,UNIDOS_CONTIGO,556,0.32860520094562645,7,0.004137115839243499,MORENA,549,0.324468085106383,380,0.22458628841607564,PT,169,0.09988179669030733,556,0.32860520094562645,169,0.09988179669030733,82,0.04846335697399527,24,0.014184397163120567,549,0.324468085106383,7,0.004137115839243499,34,0.02009456264775414,31,0.018321513002364065,12,0.0070921985815602835,81,0.047872340425531915,15,0.008865248226950355,78,0.04609929078014184,6,0.0035460992907801418,48,0.028368794326241134,1692,1.0,INE_DIPUTACIONES_FED_2021,SECCION,PARCIAL,INFERIDA_SECCION_VECINA
319,3,BAJA CALIFORNIA SUR,LOS CABOS,,7,413,1206,431,0.357379767827529,0.642620232172471,MORENA,163,0.37819025522041766,52,0.12064965197215777,UNIDOS_CONTIGO,111,0.25754060324825984,72,0.16705336426914152,PT,39,0.09048723897911833,MORENA,163,0.37819025522041766,52,0.12064965197215777,UNIDOS_CONTIGO,111,0.25754060324825984,72,0.16705336426914152,PT,39,0.09048723897911833,111,0.25754060324825984,39,0.09048723897911833,16,0.037122969837587005,15,0.03480278422273782,163,0.37819025522041766,5,0.01160092807424594,19,0.04408352668213457,4,0.009280742459396751,9,0.02088167053364269,25,0.058004640371229696,0,0.0,11,0.025522041763341066,1,0.002320185614849188,13,0.030162412993039442,431,1.0,INE_DIPUTACIONES_FED_2021,SECCION,PARCIAL,CATALOGO_INE_2026
320,3,BAJA CALIFORNIA SUR,LOS CABOS,,7,414,1327,477,0.359457422758101,0.640542577241899,MORENA,171,0.3584905660377358,33,0.06918238993710692,UNIDOS_CONTIGO,138,0.2893081761006289,100,0.20964360587002095,PVEM,38,0.07966457023060797,MORENA,171,0.3584905660377358,33,0.06918238993710692,UNIDOS_CONTIGO,138,0.2893081761006289,100,0.20964360587002095,PVEM,38,0.07966457023060797,138,0.2893081761006289,37,0.07756813417190776,38,0.07966457023060797,8,0.016771488469601678,171,0.3584905660377358,2,0.0041928721174004195,19,0.039832285115303984,10,0.020964360587002098,1,0.0020964360587002098,22,0.04612159329140461,3,0.006289308176100629,13,0.027253668763102725,0,0.0,15,0.031446540880503145,477,1.0,INE_DIPUTACIONES_FED_2021,SECCION,PARCIAL,CATALOGO_INE_2026
321,3,BAJA CALIFORNIA SUR,LOS CABOS,,7,415,933,372,0.3987138263665595,0.6012861736334405,UNIDOS_CONTIGO,130,0.34946236559139787,22,0.05913978494623656,MORENA,108,0.2903225806451613,67,0.18010752688172044,PT,41,0.11021505376344086,UNIDOS_CONTIGO,130,0.34946236559139787,22,0.05913978494623656,MORENA,108,0.2903225806451613,67,0.18010752688172044,PT,41,0.11021505376344086,130,0.34946236559139787,41,0.11021505376344086,25,0.06720430107526881,10,0.026881720430107527,108,0.2903225806451613,5,0.013440860215053764,8,0.021505376344086023,3,0.008064516129032258,0,0.0,11,0.02956989247311828,2,0.005376344086021506,20,0.053763440860215055,0,0.0,9,0.024193548387096774,372,1.0,INE_DIPUTACIONES_FED_2021,SECCION,PARCIAL,CATALOGO_INE_2026
322,3,BAJA CALIFORNIA SUR,LOS CABOS,,7,416,1063,420,0.3951081843838194,0.6048918156161807,MORENA,152,0.3619047619047619,6,0.014285714285714285,UNIDOS_CONTIGO,146,0.3476190476190476,111,0.2642857142857143,PT,35,0.08333333333333333,MORENA,152,0.3619047619047619,6,0.014285714285714285,UNIDOS_CONTIGO,146,0.3476190476190476,111,0.2642857142857143,PT,35,0.08333333333333333,146,0.3476190476190476,35,0.08333333333333333,18,0.04285714285714286,5,0.011904761904761904,152,0.3619047619047619,4,0.009523809523809525,9,0.02142857142857143,4,0.009523809523809525,1,0.002380952380952381,18,0.04285714285714286,1,0.002380952380952381,17,0.04047619047619048,0,0.0,10,0.023809523809523808,420,1.0,INE_DIPUTACIONES_FED_2021,SECCION,PARCIAL,CATALOGO_INE_2026
323,3,BAJA CALIFORNIA SUR,LOS CABOS,,7,417,996,353,0.35441767068273095,0.6455823293172691,MORENA,122,0.34560906515580736,4,0.0113314447592068,UNIDOS_CONTIGO,118,0.3342776203966006,84,0.23796033994334279,PT,34,0.09631728045325778,MORENA,122,0.34560906515580736,4,0.0113314447592068,UNIDOS_CONTIGO,118,0.3342776203966006,84,0.23796033994334279,PT,34,0.09631728045325778,118,0.3342776203966006,34,0.09631728045325778,25,0.0708215297450425,10,0.028328611898016998,122,0.34560906515580736,5,0.014164305949008499,6,0.0169971671388102,1,0.0028328611898017,3,0.0084985835694051,5,0.014164305949008499,8,0.0226628895184136,11,0.031161473087818695,0,0.0,5,0.014164305949008499,353,1.0,INE_DIPUTACIONES_FED_2021,SECCION,PARCIAL,CATALOGO_INE_2026
324,3,BAJA CALIFORNIA SUR,LOS CABOS,,7,418,871,411,0.4718714121699196,0.5281285878300803,UNIDOS_CONTIGO,131,0.31873479318734793,5,0.012165450121654502,MORENA,126,0.30656934306569344,77,0.1873479318734793,PT,49,0.1192214111922141,UNIDOS_CONTIGO,131,0.31873479318734793,5,0.012165450121654502,MORENA,126,0.30656934306569344,77,0.1873479318734793,PT,49,0.1192214111922141,131,0.31873479318734793,49,0.1192214111922141,24,0.058394160583941604,8,0.019464720194647202,126,0.30656934306569344,3,0.0072992700729927005,18,0.043795620437956206,3,0.0072992700729927005,1,0.0024330900243309003,12,0.029197080291970802,6,0.014598540145985401,18,0.043795620437956206,1,0.0024330900243309003,11,0.0267639902676399,411,1.0,INE_DIPUTACIONES_FED_2021,SECCION,PARCIAL,CATALOGO_INE_2026
325,3,BAJA CALIFORNIA SUR,LOS CABOS,,7,419,980,443,0.4520408163265306,0.5479591836734694,UNIDOS_CONTIGO,156,0.35214446952595935,5,0.011286681715575621,MORENA,151,0.34085778781038373,102,0.23024830699774265,PT,49,0.11060948081264109,UNIDOS_CONTIGO,156,0.35214446952595935,5,0.011286681715575621,MORENA,151,0.34085778781038373,102,0.23024830699774265,PT,49,0.11060948081264109,156,0.35214446952595935,49,0.11060948081264109,27,0.060948081264108354,4,0.009029345372460496,151,0.34085778781038373,2,0.004514672686230248,11,0.024830699774266364,8,0.01805869074492099,0,0.0,5,0.011286681715575621,0,0.0,19,0.04288939051918736,1,0.002257336343115124,10,0.022573363431151242,443,1.0,INE_DIPUTACIONES_FED_2021,SECCION,PARCIAL,CATALOGO_INE_2026
326,3,BAJA CALIFORNIA SUR,LOS CABOS,,7,420,1035,430,0.41545893719806765,0.5845410628019323,MORENA,158,0.3674418604651163,21,0.04883720930232558,UNIDOS_CONTIGO,137,0.3186046511627907,91,0.2116279069767442,PT,46,0.10697674418604651,MORENA,158,0.3674418604651163,21,0.04883720930232558,UNIDOS_CONTIGO,137,0.3186046511627907,91,0.2116279069767442,PT,46,0.10697674418604651,137,0.3186046511627907,46,0.10697674418604651,20,0.046511627906976744,7,0.01627906976744186,158,0.3674418604651163,3,0.0069767441860465115,13,0.030232558139534883,4,0.009302325581395349,0,0.0,19,0.044186046511627906,5,0.011627906976744186,8,0.018604651162790697,0,0.0,10,0.023255813953488372,430,1.0,INE_DIPUTACIONES_FED_2021,SECCION,PARCIAL,CATALOGO_INE_2026
327,3,BAJA CALIFORNIA SUR,LOS CABOS,,7,421,792,312,0.3939393939393939,0.6060606060606061,MORENA,127,0.40705128205128205,48,0.15384615384615385,UNIDOS_CONTIGO,79,0.2532051282051282,39,0.125,PT,40,0.1282051282051282,MORENA,127,0.40705128205128205,48,0.15384615384615385,UNIDOS_CONTIGO,79,0.2532051282051282,39,0.125,PT,40,0.1282051282051282,79,0.2532051282051282,40,0.1282051282051282,7,0.022435897435897436,10,0.03205128205128205,127,0.40705128205128205,4,0.01282051282051282,4,0.01282051282051282,2,0.00641025641025641,3,0.009615384615384616,13,0.041666666666666664,3,0.009615384615384616,5,0.016025641025641024,0,0.0,15,0.04807692307692308,312,1.0,INE_DIPUTACIONES_FED_2021,SECCION,PARCIAL,CATALOGO_INE_2026
328,3,BAJA CALIFORNIA SUR,LOS CABOS,,7,422,990,368,0.3717171717171717,0.6282828282828283,MORENA,138,0.375,11,0.029891304347826088,UNIDOS_CONTIGO,127,0.3451086956521739,95,0.25815217391304346,PT,32,0.08695652173913043,MORENA,138,0.375,11,0.029891304347826088,UNIDOS_CONTIGO,127,0.3451086956521739,95,0.25815217391304346,PT,32,0.08695652173913043,127,0.3451086956521739,32,0.08695652173913043,15,0.04076086956521739,5,0.01358695652173913,138,0.375,0,0.0,10,0.02717391304347826,5,0.01358695652173913,4,0.010869565217391304,9,0.024456521739130436,2,0.005434782608695652,8,0.021739130434782608,0,0.0,13,0.035326086956521736,368,1.0,INE_DIPUTACIONES_FED_2021,SECCION,PARCIAL,CATALOGO_INE_2026
329,3,BAJA CALIFORNIA SUR,LOS CABOS,,7,423,1029,348,0.33819241982507287,0.6618075801749271,MORENA,119,0.34195402298850575,29,0.08333333333333333,UNIDOS_CONTIGO,90,0.25862068965517243,52,0.14942528735632185,PT,38,0.10919540229885058,MORENA,119,0.34195402298850575,29,0.08333333333333333,UNIDOS_CONTIGO,90,0.25862068965517243,52,0.14942528735632185,PT,38,0.10919540229885058,90,0.25862068965517243,38,0.10919540229885058,15,0.04310344827586207,7,0.020114942528735632,119,0.34195402298850575,6,0.017241379310344827,10,0.028735632183908046,6,0.017241379310344827,0,0.0,26,0.07471264367816093,1,0.0028735632183908046,15,0.04310344827586207,0,0.0,15,0.04310344827586207,348,1.0,INE_DIPUTACIONES_FED_2021,SECCION,PARCIAL,CATALOGO_INE_2026
330,3,BAJA CALIFORNIA SUR,LOS CABOS,,7,424,829,331,0.39927623642943305,0.6007237635705669,UNIDOS_CONTIGO,98,0.29607250755287007,5,0.015105740181268883,MORENA,93,0.2809667673716012,47,0.1419939577039275,PT,46,0.13897280966767372,UNIDOS_CONTIGO,98,0.29607250755287007,5,0.015105740181268883,MORENA,93,0.2809667673716012,47,0.1419939577039275,PT,46,0.13897280966767372,98,0.29607250755287007,46,0.13897280966767372,21,0.0634441087613293,10,0.030211480362537766,93,0.2809667673716012,2,0.006042296072507553,7,0.021148036253776436,11,0.03323262839879154,1,0.0030211480362537764,14,0.04229607250755287,5,0.015105740181268883,9,0.027190332326283987,0,0.0,14,0.04229607250755287,331,1.0,INE_DIPUTACIONES_FED_2021,SECCION,PARCIAL,CATALOGO_INE_2026
331,3,BAJA CALIFORNIA SUR,LOS CABOS,,7,425,957,381,0.3981191222570533,0.6018808777429467,UNIDOS_CONTIGO,119,0.3123359580052493,1,0.0026246719160104987,MORENA,118,0.30971128608923887,66,0.1732283464566929,PT,52,0.13648293963254593,UNIDOS_CONTIGO,119,0.3123359580052493,1,0.0026246719160104987,MORENA,118,0.30971128608923887,66,0.1732283464566929,PT,52,0.13648293963254593,119,0.3123359580052493,52,0.13648293963254593,27,0.07086614173228346,2,0.005249343832020997,118,0.30971128608923887,1,0.0026246719160104987,7,0.01837270341207349,4,0.010498687664041995,1,0.0026246719160104987,14,0.03674540682414698,2,0.005249343832020997,22,0.05774278215223097,1,0.0026246719160104987,11,0.028871391076115485,381,1.0,INE_DIPUTACIONES_FED_2021,SECCION,PARCIAL,CATALOGO_INE_2026
332,3,BAJA CALIFORNIA SUR,LOS CABOS,,7,426,799,372,0.4655819774718398,0.5344180225281602,UNIDOS_CONTIGO,148,0.3978494623655914,25,0.06720430107526881,MORENA,123,0.33064516129032256,100,0.26881720430107525,PT,23,0.06182795698924731,UNIDOS_CONTIGO,148,0.3978494623655914,25,0.06720430107526881,MORENA,123,0.33064516129032256,100,0.26881720430107525,PT,23,0.06182795698924731,148,0.3978494623655914,23,0.06182795698924731,21,0.056451612903225805,8,0.021505376344086023,123,0.33064516129032256,2,0.005376344086021506,14,0.03763440860215054,3,0.008064516129032258,0,0.0,17,0.0456989247311828,2,0.005376344086021506,1,0.002688172043010753,0,0.0,10,0.026881720430107527,372,1.0,INE_DIPUTACIONES_FED_2021,SECCION,PARCIAL,CATALOGO_INE_2026
333,3,BAJA CALIFORNIA SUR,LOS CABOS,,7,427,883,404,0.4575311438278596,0.5424688561721405,UNIDOS_CONTIGO,155,0.38366336633663367,19,0.04702970297029703,MORENA,136,0.33663366336633666,93,0.2301980198019802,PT,43,0.10643564356435643,UNIDOS_CONTIGO,155,0.38366336633663367,19,0.04702970297029703,MORENA,136,0.33663366336633666,93,0.2301980198019802,PT,43,0.10643564356435643,155,0.38366336633663367,43,0.10643564356435643,20,0.04950495049504951,3,0.007425742574257425,136,0.33663366336633666,2,0.0049504950495049506,2,0.0049504950495049506,2,0.0049504950495049506,1,0.0024752475247524753,21,0.05198019801980198,1,0.0024752475247524753,13,0.03217821782178218,0,0.0,5,0.012376237623762377,404,1.0,INE_DIPUTACIONES_FED_2021,SECCION,PARCIAL,CATALOGO_INE_2026
334,3,BAJA CALIFORNIA SUR,LOS CABOS,,7,428,878,354,0.4031890660592255,0.5968109339407746,MORENA,128,0.3615819209039548,30,0.0847457627118644,UNIDOS_CONTIGO,98,0.2768361581920904,49,0.1384180790960452,PT,49,0.1384180790960452,MORENA,128,0.3615819209039548,30,0.0847457627118644,UNIDOS_CONTIGO,98,0.2768361581920904,49,0.1384180790960452,PT,49,0.1384180790960452,98,0.2768361581920904,49,0.1384180790960452,15,0.0423728813559322,8,0.022598870056497175,128,0.3615819209039548,4,0.011299435028248588,10,0.02824858757062147,2,0.005649717514124294,2,0.005649717514124294,15,0.0423728813559322,2,0.005649717514124294,13,0.03672316384180791,0,0.0,8,0.022598870056497175,354,1.0,INE_DIPUTACIONES_FED_2021,SECCION,PARCIAL,CATALOGO_INE_2026
335,3,BAJA CALIFORNIA SUR,LOS CABOS,,7,429,1024,408,0.3984375,0.6015625,MORENA,127,0.3112745098039216,17,0.041666666666666664,UNIDOS_CONTIGO,110,0.2696078431372549,47,0.11519607843137254,PT,63,0.15441176470588236,MORENA,127,0.3112745098039216,17,0.041666666666666664,UNIDOS_CONTIGO,110,0.2696078431372549,47,0.11519607843137254,PT,63,0.15441176470588236,110,0.2696078431372549,63,0.15441176470588236,36,0.08823529411764706,10,0.024509803921568627,127,0.3112745098039216,3,0.007352941176470588,10,0.024509803921568627,3,0.007352941176470588,0,0.0,8,0.0196078431372549,1,0.0024509803921568627,25,0.061274509803921566,0,0.0,12,0.029411764705882353,408,1.0,INE_DIPUTACIONES_FED_2021,SECCION,PARCIAL,CATALOGO_INE_2026
336,3,BAJA CALIFORNIA SUR,LOS CABOS,,7,430,887,428,0.48252536640360766,0.5174746335963923,UNIDOS_CONTIGO,132,0.308411214953271,5,0.011682242990654205,MORENA,127,0.2967289719626168,72,0.16822429906542055,PT,55,0.12850467289719625,UNIDOS_CONTIGO,132,0.308411214953271,5,0.011682242990654205,MORENA,127,0.2967289719626168,72,0.16822429906542055,PT,55,0.12850467289719625,132,0.308411214953271,55,0.12850467289719625,20,0.04672897196261682,7,0.016355140186915886,127,0.2967289719626168,6,0.014018691588785047,6,0.014018691588785047,6,0.014018691588785047,3,0.007009345794392523,19,0.04439252336448598,2,0.004672897196261682,33,0.07710280373831775,0,0.0,12,0.028037383177570093,428,1.0,INE_DIPUTACIONES_FED_2021,SECCION,PARCIAL,CATALOGO_INE_2026
337,3,BAJA CALIFORNIA SUR,LOS CABOS,,7,431,979,451,0.4606741573033708,0.5393258426966292,MORENA,160,0.35476718403547675,25,0.05543237250554324,UNIDOS_CONTIGO,135,0.29933481152993346,90,0.19955654101995565,PT,45,0.09977827050997783,MORENA,160,0.35476718403547675,25,0.05543237250554324,UNIDOS_CONTIGO,135,0.29933481152993346,90,0.19955654101995565,PT,45,0.09977827050997783,135,0.29933481152993346,45,0.09977827050997783,19,0.04212860310421286,5,0.011086474501108648,160,0.35476718403547675,3,0.0066518847006651885,3,0.0066518847006651885,7,0.015521064301552107,1,0.0022172949002217295,27,0.0598669623059867,3,0.0066518847006651885,36,0.07982261640798226,0,0.0,7,0.015521064301552107,451,1.0,INE_DIPUTACIONES_FED_2021,SECCION,PARCIAL,CATALOGO_INE_2026
338,3,BAJA CALIFORNIA SUR,LOS CABOS,,7,432,1126,434,0.38543516873889877,0.6145648312611012,MORENA,154,0.3548387096774194,11,0.02534562211981567,UNIDOS_CONTIGO,143,0.3294930875576037,102,0.2350230414746544,PT,41,0.0944700460829493,MORENA,154,0.3548387096774194,11,0.02534562211981567,UNIDOS_CONTIGO,143,0.3294930875576037,102,0.2350230414746544,PT,41,0.0944700460829493,143,0.3294930875576037,41,0.0944700460829493,25,0.0576036866359447,6,0.013824884792626729,154,0.3548387096774194,1,0.002304147465437788,15,0.03456221198156682,7,0.016129032258064516,2,0.004608294930875576,8,0.018433179723502304,1,0.002304147465437788,18,0.041474654377880185,0,0.0,13,0.029953917050691243,434,1.0,INE_DIPUTACIONES_FED_2021,SECCION,PARCIAL,CATALOGO_INE_2026
339,3,BAJA CALIFORNIA SUR,LOS CABOS,,7,433,939,318,0.33865814696485624,0.6613418530351438,MORENA,123,0.3867924528301887,41,0.1289308176100629,UNIDOS_CONTIGO,82,0.2578616352201258,44,0.13836477987421383,PT,38,0.11949685534591195,MORENA,123,0.3867924528301887,41,0.1289308176100629,UNIDOS_CONTIGO,82,0.2578616352201258,44,0.13836477987421383,PT,38,0.11949685534591195,82,0.2578616352201258,38,0.11949685534591195,11,0.03459119496855346,5,0.015723270440251572,123,0.3867924528301887,4,0.012578616352201259,12,0.03773584905660377,3,0.009433962264150943,0,0.0,15,0.04716981132075472,2,0.006289308176100629,18,0.05660377358490566,0,0.0,5,0.015723270440251572,318,1.0,INE_DIPUTACIONES_FED_2021,SECCION,PARCIAL,CATALOGO_INE_2026
340,3,BAJA CALIFORNIA SUR,LOS CABOS,,7,434,1017,415,0.408062930186824,0.5919370698131761,MORENA,136,0.327710843373494,15,0.03614457831325301,UNIDOS_CONTIGO,121,0.29156626506024097,70,0.1686746987951807,PT,51,0.12289156626506025,MORENA,136,0.327710843373494,15,0.03614457831325301,UNIDOS_CONTIGO,121,0.29156626506024097,70,0.1686746987951807,PT,51,0.12289156626506025,121,0.29156626506024097,51,0.12289156626506025,29,0.06987951807228916,8,0.01927710843373494,136,0.327710843373494,1,0.0024096385542168677,10,0.024096385542168676,13,0.03132530120481928,3,0.007228915662650603,11,0.02650602409638554,3,0.007228915662650603,21,0.05060240963855422,2,0.004819277108433735,6,0.014457831325301205,415,1.0,INE_DIPUTACIONES_FED_2021,SECCION,PARCIAL,CATALOGO_INE_2026
341,3,BAJA CALIFORNIA SUR,LOS CABOS,,7,435,988,423,0.42813765182186236,0.5718623481781376,UNIDOS_CONTIGO,142,0.33569739952718675,1,0.002364066193853428,MORENA,141,0.3333333333333333,101,0.23877068557919623,PT,40,0.09456264775413711,UNIDOS_CONTIGO,142,0.33569739952718675,1,0.002364066193853428,MORENA,141,0.3333333333333333,101,0.23877068557919623,PT,40,0.09456264775413711,142,0.33569739952718675,40,0.09456264775413711,14,0.03309692671394799,7,0.016548463356973995,141,0.3333333333333333,7,0.016548463356973995,15,0.03546099290780142,12,0.028368794326241134,0,0.0,17,0.04018912529550828,1,0.002364066193853428,19,0.04491725768321513,0,0.0,8,0.018912529550827423,423,1.0,INE_DIPUTACIONES_FED_2021,SECCION,PARCIAL,CATALOGO_INE_2026
342,3,BAJA CALIFORNIA SUR,LOS CABOS,,7,436,833,387,0.4645858343337335,0.5354141656662665,MORENA,144,0.37209302325581395,16,0.041343669250646,UNIDOS_CONTIGO,128,0.330749354005168,104,0.268733850129199,PT,24,0.06201550387596899,MORENA,144,0.37209302325581395,16,0.041343669250646,UNIDOS_CONTIGO,128,0.330749354005168,104,0.268733850129199,PT,24,0.06201550387596899,128,0.330749354005168,24,0.06201550387596899,23,0.059431524547803614,9,0.023255813953488372,144,0.37209302325581395,1,0.002583979328165375,11,0.028423772609819122,6,0.015503875968992248,2,0.00516795865633075,17,0.04392764857881137,2,0.00516795865633075,9,0.023255813953488372,0,0.0,11,0.028423772609819122,387,1.0,INE_DIPUTACIONES_FED_2021,SECCION,PARCIAL,CATALOGO_INE_2026
343,3,BAJA CALIFORNIA SUR,LOS CABOS,,7,437,603,238,0.3946932006633499,0.6053067993366501,MORENA,92,0.3865546218487395,16,0.06722689075630252,UNIDOS_CONTIGO,76,0.31932773109243695,56,0.23529411764705882,PT,20,0.08403361344537816,MORENA,92,0.3865546218487395,16,0.06722689075630252,UNIDOS_CONTIGO,76,0.31932773109243695,56,0.23529411764705882,PT,20,0.08403361344537816,76,0.31932773109243695,20,0.08403361344537816,14,0.058823529411764705,5,0.02100840336134454,92,0.3865546218487395,0,0.0,3,0.012605042016806723,3,0.012605042016806723,2,0.008403361344537815,10,0.04201680672268908,3,0.012605042016806723,5,0.02100840336134454,0,0.0,5,0.02100840336134454,238,1.0,INE_DIPUTACIONES_FED_2021,SECCION,PARCIAL,CATALOGO_INE_2026
344,3,BAJA CALIFORNIA SUR,LOS CABOS,,7,438,718,286,0.3983286908077994,0.6016713091922006,UNIDOS_CONTIGO,115,0.4020979020979021,23,0.08041958041958042,MORENA,92,0.32167832167832167,71,0.24825174825174826,PT,21,0.07342657342657342,UNIDOS_CONTIGO,115,0.4020979020979021,23,0.08041958041958042,MORENA,92,0.32167832167832167,71,0.24825174825174826,PT,21,0.07342657342657342,115,0.4020979020979021,21,0.07342657342657342,20,0.06993006993006994,6,0.02097902097902098,92,0.32167832167832167,2,0.006993006993006993,5,0.017482517482517484,1,0.0034965034965034965,0,0.0,7,0.024475524475524476,4,0.013986013986013986,8,0.027972027972027972,0,0.0,5,0.017482517482517484,286,1.0,INE_DIPUTACIONES_FED_2021,SECCION,PARCIAL,CATALOGO_INE_2026
345,3,BAJA CALIFORNIA SUR,LOS CABOS,,7,439,596,222,0.3724832214765101,0.6275167785234899,UNIDOS_CONTIGO,73,0.32882882882882886,1,0.0045045045045045045,MORENA,72,0.32432432432432434,45,0.20270270270270271,PT,27,0.12162162162162163,UNIDOS_CONTIGO,73,0.32882882882882886,1,0.0045045045045045045,MORENA,72,0.32432432432432434,45,0.20270270270270271,PT,27,0.12162162162162163,73,0.32882882882882886,27,0.12162162162162163,6,0.02702702702702703,5,0.02252252252252252,72,0.32432432432432434,2,0.009009009009009009,3,0.013513513513513514,4,0.018018018018018018,1,0.0045045045045045045,7,0.03153153153153153,0,0.0,13,0.05855855855855856,0,0.0,9,0.04054054054054054,222,1.0,INE_DIPUTACIONES_FED_2021,SECCION,PARCIAL,CATALOGO_INE_2026
346,3,BAJA CALIFORNIA SUR,LOS CABOS,,8,332,8939,3789,0.42387291643360553,0.5761270835663945,UNIDOS_CONTIGO,1629,0.42992874109263657,272,0.07178675112166799,MORENA,1357,0.3581419899709686,1177,0.3106360517286883,PT,180,0.047505938242280284,UNIDOS_CONTIGO,1629,0.42992874109263657,272,0.07178675112166799,MORENA,1357,0.3581419899709686,1177,0.3106360517286883,PT,180,0.047505938242280284,1629,0.42992874109263657,180,0.047505938242280284,96,0.025336500395882817,81,0.021377672209026127,1357,0.3581419899709686,29,0.007653734494589602,44,0.011612562681446292,38,0.010029031406703616,28,0.007389812615465822,142,0.03747690683557667,22,0.005806281340723146,68,0.017946687780416998,2,0.0005278437582475588,73,0.019266297176035892,3789,1.0,INE_DIPUTACIONES_FED_2021,SECCION,PARCIAL,INFERIDA_SECCION_VECINA
347,3,BAJA CALIFORNIA SUR,LOS CABOS,,8,335,502,251,0.5,0.5,MORENA,113,0.450199203187251,47,0.18725099601593626,UNIDOS_CONTIGO,66,0.26294820717131473,49,0.1952191235059761,PT,17,0.06772908366533864,MORENA,113,0.450199203187251,47,0.18725099601593626,UNIDOS_CONTIGO,66,0.26294820717131473,49,0.1952191235059761,PT,17,0.06772908366533864,66,0.26294820717131473,17,0.06772908366533864,5,0.0199203187250996,4,0.01593625498007968,113,0.450199203187251,4,0.01593625498007968,3,0.01195219123505976,5,0.0199203187250996,5,0.0199203187250996,10,0.0398406374501992,2,0.00796812749003984,14,0.055776892430278883,0,0.0,3,0.01195219123505976,251,1.0,INE_DIPUTACIONES_FED_2021,SECCION,PARCIAL,CATALOGO_INE_2026
348,3,BAJA CALIFORNIA SUR,LOS CABOS,,8,336,434,218,0.5023041474654378,0.49769585253456217,MORENA,104,0.47706422018348627,28,0.12844036697247707,UNIDOS_CONTIGO,76,0.3486238532110092,66,0.30275229357798167,PT,10,0.045871559633027525,MORENA,104,0.47706422018348627,28,0.12844036697247707,UNIDOS_CONTIGO,76,0.3486238532110092,66,0.30275229357798167,PT,10,0.045871559633027525,76,0.3486238532110092,10,0.045871559633027525,3,0.013761467889908258,4,0.01834862385321101,104,0.47706422018348627,1,0.0045871559633027525,3,0.013761467889908258,3,0.013761467889908258,1,0.0045871559633027525,4,0.01834862385321101,0,0.0,3,0.013761467889908258,0,0.0,6,0.027522935779816515,218,1.0,INE_DIPUTACIONES_FED_2021,SECCION,PARCIAL,CATALOGO_INE_2026
349,3,BAJA CALIFORNIA SUR,LOS CABOS,,8,351,615,326,0.5300813008130081,0.4699186991869919,MORENA,146,0.44785276073619634,41,0.12576687116564417,UNIDOS_CONTIGO,105,0.3220858895705521,79,0.24233128834355827,PT,26,0.07975460122699386,MORENA,146,0.44785276073619634,41,0.12576687116564417,UNIDOS_CONTIGO,105,0.3220858895705521,79,0.24233128834355827,PT,26,0.07975460122699386,105,0.3220858895705521,26,0.07975460122699386,8,0.024539877300613498,8,0.024539877300613498,146,0.44785276073619634,1,0.003067484662576687,2,0.006134969325153374,1,0.003067484662576687,2,0.006134969325153374,10,0.03067484662576687,5,0.015337423312883436,7,0.02147239263803681,0,0.0,5,0.015337423312883436,326,1.0,INE_DIPUTACIONES_FED_2021,SECCION,PARCIAL,CATALOGO_INE_2026
350,3,BAJA CALIFORNIA SUR,LOS CABOS,,8,352,1272,650,0.5110062893081762,0.48899371069182385,UNIDOS_CONTIGO,324,0.49846153846153846,140,0.2153846153846154,MORENA,184,0.28307692307692306,149,0.22923076923076924,PT,35,0.05384615384615385,UNIDOS_CONTIGO,324,0.49846153846153846,140,0.2153846153846154,MORENA,184,0.28307692307692306,149,0.22923076923076924,PT,35,0.05384615384615385,324,0.49846153846153846,35,0.05384615384615385,11,0.016923076923076923,14,0.021538461538461538,184,0.28307692307692306,11,0.016923076923076923,7,0.010769230769230769,0,0.0,8,0.012307692307692308,22,0.033846153846153845,9,0.013846153846153847,7,0.010769230769230769,2,0.003076923076923077,16,0.024615384615384615,650,1.0,INE_DIPUTACIONES_FED_2021,SECCION,PARCIAL,CATALOGO_INE_2026
351,3,BAJA CALIFORNIA SUR,LOS CABOS,,8,357,504,183,0.3630952380952381,0.6369047619047619,MORENA,95,0.5191256830601093,48,0.26229508196721313,UNIDOS_CONTIGO,47,0.2568306010928962,31,0.16939890710382513,PT,16,0.08743169398907104,MORENA,95,0.5191256830601093,48,0.26229508196721313,UNIDOS_CONTIGO,47,0.2568306010928962,31,0.16939890710382513,PT,16,0.08743169398907104,47,0.2568306010928962,16,0.08743169398907104,4,0.02185792349726776,2,0.01092896174863388,95,0.5191256830601093,1,0.00546448087431694,4,0.02185792349726776,1,0.00546448087431694,4,0.02185792349726776,4,0.02185792349726776,2,0.01092896174863388,0,0.0,0,0.0,3,0.01639344262295082,183,1.0,INE_DIPUTACIONES_FED_2021,SECCION,PARCIAL,CATALOGO_INE_2026
352,3,BAJA CALIFORNIA SUR,LOS CABOS,,8,358,2138,781,0.3652946679139383,0.6347053320860617,MORENA,358,0.45838668373879643,138,0.176696542893726,UNIDOS_CONTIGO,220,0.28169014084507044,174,0.22279129321382843,PT,46,0.058898847631242,MORENA,358,0.45838668373879643,138,0.176696542893726,UNIDOS_CONTIGO,220,0.28169014084507044,174,0.22279129321382843,PT,46,0.058898847631242,220,0.28169014084507044,46,0.058898847631242,28,0.03585147247119078,16,0.020486555697823303,358,0.45838668373879643,7,0.008962868117797696,10,0.012804097311139564,7,0.008962868117797696,19,0.024327784891165175,38,0.04865556978233035,7,0.008962868117797696,7,0.008962868117797696,1,0.0012804097311139564,17,0.02176696542893726,781,1.0,INE_DIPUTACIONES_FED_2021,SECCION,PARCIAL,CATALOGO_INE_2026
353,3,BAJA CALIFORNIA SUR,LOS CABOS,,8,359,2540,996,0.3921259842519685,0.6078740157480316,MORENA,419,0.4206827309236948,117,0.11746987951807229,UNIDOS_CONTIGO,302,0.3032128514056225,243,0.24397590361445784,PT,59,0.05923694779116466,MORENA,419,0.4206827309236948,117,0.11746987951807229,UNIDOS_CONTIGO,302,0.3032128514056225,243,0.24397590361445784,PT,59,0.05923694779116466,302,0.3032128514056225,59,0.05923694779116466,53,0.05321285140562249,10,0.010040160642570281,419,0.4206827309236948,7,0.007028112449799197,12,0.012048192771084338,10,0.010040160642570281,22,0.02208835341365462,44,0.04417670682730924,11,0.01104417670682731,17,0.01706827309236948,5,0.0050200803212851405,25,0.025100401606425703,996,1.0,INE_DIPUTACIONES_FED_2021,SECCION,PARCIAL,CATALOGO_INE_2026
354,3,BAJA CALIFORNIA SUR,LOS CABOS,,8,360,1360,519,0.3816176470588235,0.6183823529411765,MORENA,220,0.4238921001926782,79,0.15221579961464354,UNIDOS_CONTIGO,141,0.27167630057803466,98,0.18882466281310212,PVEM,43,0.08285163776493257,MORENA,220,0.4238921001926782,79,0.15221579961464354,UNIDOS_CONTIGO,141,0.27167630057803466,98,0.18882466281310212,PVEM,43,0.08285163776493257,141,0.27167630057803466,28,0.05394990366088632,43,0.08285163776493257,6,0.011560693641618497,220,0.4238921001926782,1,0.0019267822736030828,9,0.017341040462427744,5,0.009633911368015413,13,0.025048169556840076,21,0.04046242774566474,4,0.007707129094412331,11,0.02119460500963391,1,0.0019267822736030828,16,0.030828516377649325,519,1.0,INE_DIPUTACIONES_FED_2021,SECCION,PARCIAL,CATALOGO_INE_2026
355,3,BAJA CALIFORNIA SUR,LOS CABOS,,8,361,4054,1751,0.4319190922545634,0.5680809077454366,UNIDOS_CONTIGO,710,0.4054825813820674,62,0.03540833809251856,MORENA,648,0.37007424328954885,560,0.3198172472872644,PT,88,0.05025699600228441,UNIDOS_CONTIGO,710,0.4054825813820674,62,0.03540833809251856,MORENA,648,0.37007424328954885,560,0.3198172472872644,PT,88,0.05025699600228441,710,0.4054825813820674,88,0.05025699600228441,33,0.018846373500856654,44,0.025128498001142203,648,0.37007424328954885,19,0.010850942318675044,22,0.012564249000571102,11,0.006282124500285551,20,0.011422044545973729,60,0.034266133637921185,23,0.013135351227869789,36,0.020559680182752713,1,0.0005711022272986865,36,0.020559680182752713,1751,1.0,INE_DIPUTACIONES_FED_2021,SECCION,PARCIAL,INFERIDA_SECCION_VECINA
356,3,BAJA CALIFORNIA SUR,LOS CABOS,,8,362,3952,1485,0.3757591093117409,0.624240890688259,MORENA,621,0.41818181818181815,215,0.1447811447811448,UNIDOS_CONTIGO,406,0.2734006734006734,300,0.20202020202020202,PVEM,106,0.07138047138047138,MORENA,621,0.41818181818181815,215,0.1447811447811448,UNIDOS_CONTIGO,406,0.2734006734006734,300,0.20202020202020202,PVEM,106,0.07138047138047138,406,0.2734006734006734,92,0.061952861952861954,106,0.07138047138047138,21,0.014141414141414142,621,0.41818181818181815,22,0.014814814814814815,18,0.012121212121212121,14,0.009427609427609427,31,0.020875420875420877,69,0.046464646464646465,9,0.006060606060606061,37,0.024915824915824916,2,0.0013468013468013469,37,0.024915824915824916,1485,1.0,INE_DIPUTACIONES_FED_2021,SECCION,PARCIAL,INFERIDA_SECCION_VECINA
357,3,BAJA CALIFORNIA SUR,LOS CABOS,,8,363,1934,693,0.35832471561530505,0.6416752843846949,MORENA,275,0.3968253968253968,98,0.1414141414141414,UNIDOS_CONTIGO,177,0.2554112554112554,112,0.16161616161616163,PT,65,0.09379509379509379,MORENA,275,0.3968253968253968,98,0.1414141414141414,UNIDOS_CONTIGO,177,0.2554112554112554,112,0.16161616161616163,PT,65,0.09379509379509379,177,0.2554112554112554,65,0.09379509379509379,26,0.03751803751803752,9,0.012987012987012988,275,0.3968253968253968,5,0.007215007215007215,11,0.015873015873015872,3,0.004329004329004329,33,0.047619047619047616,36,0.05194805194805195,5,0.007215007215007215,27,0.03896103896103896,0,0.0,21,0.030303030303030304,693,1.0,INE_DIPUTACIONES_FED_2021,SECCION,PARCIAL,CATALOGO_INE_2026
358,3,BAJA CALIFORNIA SUR,LOS CABOS,,8,364,362,145,0.4005524861878453,0.5994475138121547,UNIDOS_CONTIGO,56,0.38620689655172413,5,0.034482758620689655,MORENA,51,0.35172413793103446,42,0.2896551724137931,PT,9,0.06206896551724138,UNIDOS_CONTIGO,56,0.38620689655172413,5,0.034482758620689655,MORENA,51,0.35172413793103446,42,0.2896551724137931,PT,9,0.06206896551724138,56,0.38620689655172413,9,0.06206896551724138,7,0.04827586206896552,3,0.020689655172413793,51,0.35172413793103446,1,0.006896551724137931,0,0.0,0,0.0,3,0.020689655172413793,8,0.05517241379310345,0,0.0,3,0.020689655172413793,0,0.0,4,0.027586206896551724,145,1.0,INE_DIPUTACIONES_FED_2021,SECCION,PARCIAL,CATALOGO_INE_2026
359,3,BAJA CALIFORNIA SUR,LOS CABOS,,8,403,752,333,0.4428191489361702,0.5571808510638299,UNIDOS_CONTIGO,148,0.4444444444444444,26,0.07807807807807808,MORENA,122,0.3663663663663664,102,0.3063063063063063,PT,20,0.06006006006006006,UNIDOS_CONTIGO,148,0.4444444444444444,26,0.07807807807807808,MORENA,122,0.3663663663663664,102,0.3063063063063063,PT,20,0.06006006006006006,148,0.4444444444444444,20,0.06006006006006006,8,0.024024024024024024,5,0.015015015015015015,122,0.3663663663663664,4,0.012012012012012012,3,0.009009009009009009,1,0.003003003003003003,5,0.015015015015015015,7,0.021021021021021023,0,0.0,4,0.012012012012012012,1,0.003003003003003003,5,0.015015015015015015,333,1.0,INE_DIPUTACIONES_FED_2021,SECCION,PARCIAL,CATALOGO_INE_2026
360,3,BAJA CALIFORNIA SUR,LOS CABOS,,8,404,1406,492,0.34992887624466573,0.6500711237553343,MORENA,207,0.42073170731707316,101,0.20528455284552846,UNIDOS_CONTIGO,106,0.21544715447154472,58,0.11788617886178862,PT,48,0.0975609756097561,MORENA,207,0.42073170731707316,101,0.20528455284552846,UNIDOS_CONTIGO,106,0.21544715447154472,58,0.11788617886178862,PT,48,0.0975609756097561,106,0.21544715447154472,48,0.0975609756097561,21,0.042682926829268296,19,0.03861788617886179,207,0.42073170731707316,6,0.012195121951219513,7,0.014227642276422764,4,0.008130081300813009,4,0.008130081300813009,24,0.04878048780487805,3,0.006097560975609756,23,0.046747967479674794,0,0.0,20,0.04065040650406504,492,1.0,INE_DIPUTACIONES_FED_2021,SECCION,PARCIAL,CATALOGO_INE_2026
361,3,BAJA CALIFORNIA SUR,LOS CABOS,,8,405,1916,802,0.418580375782881,0.581419624217119,MORENA,372,0.46384039900249374,129,0.16084788029925187,UNIDOS_CONTIGO,243,0.3029925187032419,183,0.2281795511221945,PT,60,0.07481296758104738,MORENA,372,0.46384039900249374,129,0.16084788029925187,UNIDOS_CONTIGO,243,0.3029925187032419,183,0.2281795511221945,PT,60,0.07481296758104738,243,0.3029925187032419,60,0.07481296758104738,16,0.0199501246882793,13,0.016209476309226933,372,0.46384039900249374,6,0.007481296758104738,9,0.011221945137157107,12,0.014962593516209476,10,0.012468827930174564,24,0.029925187032418952,5,0.006234413965087282,18,0.022443890274314215,0,0.0,14,0.017456359102244388,802,1.0,INE_DIPUTACIONES_FED_2021,SECCION,PARCIAL,CATALOGO_INE_2026
362,3,BAJA CALIFORNIA SUR,LOS CABOS,,8,406,1354,546,0.4032496307237814,0.5967503692762186,MORENA,244,0.4468864468864469,112,0.20512820512820512,UNIDOS_CONTIGO,132,0.24175824175824176,72,0.13186813186813187,PT,60,0.10989010989010989,MORENA,244,0.4468864468864469,112,0.20512820512820512,UNIDOS_CONTIGO,132,0.24175824175824176,72,0.13186813186813187,PT,60,0.10989010989010989,132,0.24175824175824176,60,0.10989010989010989,17,0.031135531135531136,10,0.018315018315018316,244,0.4468864468864469,8,0.014652014652014652,6,0.01098901098901099,2,0.003663003663003663,5,0.009157509157509158,23,0.04212454212454213,2,0.003663003663003663,29,0.05311355311355311,0,0.0,8,0.014652014652014652,546,1.0,INE_DIPUTACIONES_FED_2021,SECCION,PARCIAL,CATALOGO_INE_2026
363,3,BAJA CALIFORNIA SUR,LOS CABOS,,8,407,1622,648,0.3995067817509248,0.6004932182490752,MORENA,274,0.4228395061728395,93,0.14351851851851852,UNIDOS_CONTIGO,181,0.279320987654321,120,0.18518518518518517,PT,61,0.0941358024691358,MORENA,274,0.4228395061728395,93,0.14351851851851852,UNIDOS_CONTIGO,181,0.279320987654321,120,0.18518518518518517,PT,61,0.0941358024691358,181,0.279320987654321,61,0.0941358024691358,25,0.038580246913580245,10,0.015432098765432098,274,0.4228395061728395,1,0.0015432098765432098,4,0.006172839506172839,0,0.0,10,0.015432098765432098,39,0.06018518518518518,3,0.004629629629629629,20,0.030864197530864196,0,0.0,20,0.030864197530864196,648,1.0,INE_DIPUTACIONES_FED_2021,SECCION,PARCIAL,CATALOGO_INE_2026
364,3,BAJA CALIFORNIA SUR,LOS CABOS,,8,408,1066,447,0.41932457786116323,0.5806754221388368,MORENA,171,0.3825503355704698,26,0.058165548098434,UNIDOS_CONTIGO,145,0.3243847874720358,121,0.27069351230425054,PT,24,0.053691275167785234,MORENA,171,0.3825503355704698,26,0.058165548098434,UNIDOS_CONTIGO,145,0.3243847874720358,121,0.27069351230425054,PT,24,0.053691275167785234,145,0.3243847874720358,24,0.053691275167785234,12,0.026845637583892617,13,0.029082774049217,171,0.3825503355704698,12,0.026845637583892617,8,0.017897091722595078,2,0.0044742729306487695,3,0.006711409395973154,21,0.04697986577181208,3,0.006711409395973154,18,0.040268456375838924,0,0.0,15,0.03355704697986577,447,1.0,INE_DIPUTACIONES_FED_2021,SECCION,PARCIAL,CATALOGO_INE_2026
365,3,BAJA CALIFORNIA SUR,LOS CABOS,,8,409,845,334,0.3952662721893491,0.6047337278106508,MORENA,160,0.47904191616766467,65,0.19461077844311378,UNIDOS_CONTIGO,95,0.2844311377245509,84,0.25149700598802394,MC,11,0.03293413173652695,MORENA,160,0.47904191616766467,65,0.19461077844311378,UNIDOS_CONTIGO,95,0.2844311377245509,84,0.25149700598802394,MC,11,0.03293413173652695,95,0.2844311377245509,8,0.023952095808383235,5,0.014970059880239521,11,0.03293413173652695,160,0.47904191616766467,4,0.011976047904191617,6,0.017964071856287425,7,0.020958083832335328,3,0.008982035928143712,7,0.020958083832335328,3,0.008982035928143712,9,0.02694610778443114,0,0.0,16,0.04790419161676647,334,1.0,INE_DIPUTACIONES_FED_2021,SECCION,PARCIAL,CATALOGO_INE_2026
366,3,BAJA CALIFORNIA SUR,LOS CABOS,,8,410,1215,449,0.3695473251028807,0.6304526748971193,MORENA,201,0.44766146993318484,77,0.1714922048997773,UNIDOS_CONTIGO,124,0.27616926503340755,91,0.2026726057906459,PT,33,0.07349665924276169,MORENA,201,0.44766146993318484,77,0.1714922048997773,UNIDOS_CONTIGO,124,0.27616926503340755,91,0.2026726057906459,PT,33,0.07349665924276169,124,0.27616926503340755,33,0.07349665924276169,14,0.031180400890868598,17,0.0378619153674833,201,0.44766146993318484,4,0.008908685968819599,5,0.011135857461024499,2,0.004454342984409799,3,0.0066815144766146995,14,0.031180400890868598,1,0.0022271714922048997,23,0.051224944320712694,0,0.0,8,0.017817371937639197,449,1.0,INE_DIPUTACIONES_FED_2021,SECCION,PARCIAL,CATALOGO_INE_2026
367,3,BAJA CALIFORNIA SUR,LOS CABOS,,8,411,2297,1140,0.49629952111449716,0.5037004788855028,UNIDOS_CONTIGO,529,0.46403508771929824,152,0.13333333333333333,MORENA,377,0.3307017543859649,329,0.2885964912280702,PT,48,0.042105263157894736,UNIDOS_CONTIGO,529,0.46403508771929824,152,0.13333333333333333,MORENA,377,0.3307017543859649,329,0.2885964912280702,PT,48,0.042105263157894736,529,0.46403508771929824,48,0.042105263157894736,27,0.02368421052631579,27,0.02368421052631579,377,0.3307017543859649,15,0.013157894736842105,12,0.010526315789473684,21,0.018421052631578946,13,0.011403508771929825,36,0.031578947368421054,7,0.0061403508771929825,16,0.014035087719298246,0,0.0,12,0.010526315789473684,1140,1.0,INE_DIPUTACIONES_FED_2021,SECCION,PARCIAL,CATALOGO_INE_2026
368,3,BAJA CALIFORNIA SUR,LOS CABOS,,9,355,1301,536,0.41199077632590314,0.5880092236740968,UNIDOS_CONTIGO,182,0.33955223880597013,4,0.007462686567164179,MORENA,178,0.332089552238806,132,0.2462686567164179,PT,46,0.08582089552238806,UNIDOS_CONTIGO,182,0.33955223880597013,4,0.007462686567164179,MORENA,178,0.332089552238806,132,0.2462686567164179,PT,46,0.08582089552238806,182,0.33955223880597013,46,0.08582089552238806,10,0.018656716417910446,7,0.013059701492537313,178,0.332089552238806,3,0.005597014925373134,8,0.014925373134328358,2,0.0037313432835820895,29,0.054104477611940295,35,0.06529850746268656,2,0.0037313432835820895,20,0.03731343283582089,1,0.0018656716417910447,13,0.024253731343283583,536,1.0,INE_DIPUTACIONES_FED_2021,SECCION,PARCIAL,CATALOGO_INE_2026
369,3,BAJA CALIFORNIA SUR,LOS CABOS,,9,365,1278,461,0.36071987480438183,0.6392801251956182,MORENA,186,0.403470715835141,65,0.14099783080260303,UNIDOS_CONTIGO,121,0.26247288503253796,62,0.13449023861171366,PT,59,0.1279826464208243,MORENA,186,0.403470715835141,65,0.14099783080260303,UNIDOS_CONTIGO,121,0.26247288503253796,62,0.13449023861171366,PT,59,0.1279826464208243,121,0.26247288503253796,59,0.1279826464208243,11,0.02386117136659436,12,0.026030368763557483,186,0.403470715835141,3,0.006507592190889371,5,0.010845986984815618,4,0.008676789587852495,9,0.019522776572668113,20,0.04338394793926247,3,0.006507592190889371,16,0.03470715835140998,0,0.0,12,0.026030368763557483,461,1.0,INE_DIPUTACIONES_FED_2021,SECCION,PARCIAL,CATALOGO_INE_2026
370,3,BAJA CALIFORNIA SUR,LOS CABOS,,9,366,1411,592,0.4195605953224663,0.5804394046775336,MORENA,266,0.44932432432432434,100,0.16891891891891891,UNIDOS_CONTIGO,166,0.28040540540540543,119,0.20101351351351351,PT,47,0.07939189189189189,MORENA,266,0.44932432432432434,100,0.16891891891891891,UNIDOS_CONTIGO,166,0.28040540540540543,119,0.20101351351351351,PT,47,0.07939189189189189,166,0.28040540540540543,47,0.07939189189189189,10,0.016891891891891893,5,0.008445945945945946,266,0.44932432432432434,6,0.010135135135135136,7,0.011824324324324325,2,0.0033783783783783786,17,0.028716216216216218,28,0.0472972972972973,8,0.013513513513513514,21,0.03547297297297297,0,0.0,9,0.015202702702702704,592,1.0,INE_DIPUTACIONES_FED_2021,SECCION,PARCIAL,CATALOGO_INE_2026
371,3,BAJA CALIFORNIA SUR,LOS CABOS,,9,367,1102,483,0.4382940108892922,0.5617059891107078,MORENA,203,0.42028985507246375,50,0.10351966873706005,UNIDOS_CONTIGO,153,0.3167701863354037,114,0.2360248447204969,PT,39,0.08074534161490683,MORENA,203,0.42028985507246375,50,0.10351966873706005,UNIDOS_CONTIGO,153,0.3167701863354037,114,0.2360248447204969,PT,39,0.08074534161490683,153,0.3167701863354037,39,0.08074534161490683,6,0.012422360248447204,4,0.008281573498964804,203,0.42028985507246375,4,0.008281573498964804,1,0.002070393374741201,1,0.002070393374741201,12,0.024844720496894408,27,0.055900621118012424,0,0.0,21,0.043478260869565216,1,0.002070393374741201,11,0.022774327122153208,483,1.0,INE_DIPUTACIONES_FED_2021,SECCION,PARCIAL,CATALOGO_INE_2026
372,3,BAJA CALIFORNIA SUR,LOS CABOS,,9,368,988,419,0.4240890688259109,0.5759109311740891,MORENA,138,0.32935560859188545,13,0.031026252983293555,UNIDOS_CONTIGO,125,0.29832935560859186,75,0.17899761336515513,RSP,50,0.11933174224343675,MORENA,138,0.32935560859188545,13,0.031026252983293555,UNIDOS_CONTIGO,125,0.29832935560859186,75,0.17899761336515513,RSP,50,0.11933174224343675,125,0.29832935560859186,30,0.07159904534606205,10,0.02386634844868735,1,0.002386634844868735,138,0.32935560859188545,1,0.002386634844868735,2,0.00477326968973747,2,0.00477326968973747,50,0.11933174224343675,28,0.06682577565632458,1,0.002386634844868735,14,0.03341288782816229,0,0.0,17,0.0405727923627685,419,1.0,INE_DIPUTACIONES_FED_2021,SECCION,PARCIAL,CATALOGO_INE_2026
373,3,BAJA CALIFORNIA SUR,LOS CABOS,,9,369,1340,535,0.39925373134328357,0.6007462686567164,MORENA,187,0.34953271028037386,64,0.11962616822429907,UNIDOS_CONTIGO,123,0.22990654205607478,69,0.12897196261682242,PT,54,0.10093457943925234,MORENA,187,0.34953271028037386,64,0.11962616822429907,UNIDOS_CONTIGO,123,0.22990654205607478,69,0.12897196261682242,PT,54,0.10093457943925234,123,0.22990654205607478,54,0.10093457943925234,21,0.03925233644859813,7,0.013084112149532711,187,0.34953271028037386,2,0.003738317757009346,8,0.014953271028037384,8,0.014953271028037384,54,0.10093457943925234,34,0.06355140186915888,1,0.001869158878504673,13,0.024299065420560748,1,0.001869158878504673,22,0.041121495327102804,535,1.0,INE_DIPUTACIONES_FED_2021,SECCION,PARCIAL,CATALOGO_INE_2026
374,3,BAJA CALIFORNIA SUR,LOS CABOS,,9,370,1050,452,0.43047619047619046,0.5695238095238095,MORENA,185,0.4092920353982301,70,0.15486725663716813,UNIDOS_CONTIGO,115,0.25442477876106195,83,0.1836283185840708,RSP,32,0.07079646017699115,MORENA,185,0.4092920353982301,70,0.15486725663716813,UNIDOS_CONTIGO,115,0.25442477876106195,83,0.1836283185840708,RSP,32,0.07079646017699115,115,0.25442477876106195,30,0.06637168141592921,10,0.022123893805309734,4,0.008849557522123894,185,0.4092920353982301,8,0.017699115044247787,2,0.004424778761061947,5,0.011061946902654867,32,0.07079646017699115,19,0.0420353982300885,5,0.011061946902654867,19,0.0420353982300885,1,0.0022123893805309734,17,0.03761061946902655,452,1.0,INE_DIPUTACIONES_FED_2021,SECCION,PARCIAL,CATALOGO_INE_2026
375,3,BAJA CALIFORNIA SUR,LOS CABOS,,9,371,753,327,0.4342629482071713,0.5657370517928286,MORENA,152,0.4648318042813456,77,0.23547400611620795,UNIDOS_CONTIGO,75,0.22935779816513763,49,0.14984709480122324,PT,26,0.07951070336391437,MORENA,152,0.4648318042813456,77,0.23547400611620795,UNIDOS_CONTIGO,75,0.22935779816513763,49,0.14984709480122324,PT,26,0.07951070336391437,75,0.22935779816513763,26,0.07951070336391437,7,0.021406727828746176,3,0.009174311926605505,152,0.4648318042813456,2,0.0061162079510703364,1,0.0030581039755351682,5,0.01529051987767584,15,0.045871559633027525,20,0.06116207951070336,0,0.0,11,0.03363914373088685,0,0.0,10,0.03058103975535168,327,1.0,INE_DIPUTACIONES_FED_2021,SECCION,PARCIAL,CATALOGO_INE_2026
376,3,BAJA CALIFORNIA SUR,LOS CABOS,,9,372,1460,570,0.3904109589041096,0.6095890410958904,MORENA,248,0.43508771929824563,84,0.14736842105263157,UNIDOS_CONTIGO,164,0.28771929824561404,118,0.20701754385964913,PT,46,0.08070175438596491,MORENA,248,0.43508771929824563,84,0.14736842105263157,UNIDOS_CONTIGO,164,0.28771929824561404,118,0.20701754385964913,PT,46,0.08070175438596491,164,0.28771929824561404,46,0.08070175438596491,17,0.02982456140350877,5,0.008771929824561403,248,0.43508771929824563,5,0.008771929824561403,9,0.015789473684210527,2,0.0035087719298245615,12,0.021052631578947368,32,0.056140350877192984,1,0.0017543859649122807,16,0.028070175438596492,0,0.0,13,0.02280701754385965,570,1.0,INE_DIPUTACIONES_FED_2021,SECCION,PARCIAL,CATALOGO_INE_2026
377,3,BAJA CALIFORNIA SUR,LOS CABOS,,9,373,1507,589,0.39084273390842733,0.6091572660915727,MORENA,266,0.45161290322580644,129,0.21901528013582344,UNIDOS_CONTIGO,137,0.23259762308998302,94,0.15959252971137522,PT,43,0.0730050933786078,MORENA,266,0.45161290322580644,129,0.21901528013582344,UNIDOS_CONTIGO,137,0.23259762308998302,94,0.15959252971137522,PT,43,0.0730050933786078,137,0.23259762308998302,43,0.0730050933786078,16,0.027164685908319185,8,0.013582342954159592,266,0.45161290322580644,3,0.0050933786078098476,6,0.010186757215619695,8,0.013582342954159592,32,0.05432937181663837,26,0.044142614601018676,3,0.0050933786078098476,27,0.04584040747028863,0,0.0,14,0.023769100169779286,589,1.0,INE_DIPUTACIONES_FED_2021,SECCION,PARCIAL,CATALOGO_INE_2026
378,3,BAJA CALIFORNIA SUR,LOS CABOS,,9,374,1556,773,0.4967866323907455,0.5032133676092545,MORENA,307,0.39715394566623546,66,0.08538163001293661,UNIDOS_CONTIGO,241,0.3117723156532988,181,0.23415265200517466,PT,60,0.07761966364812418,MORENA,307,0.39715394566623546,66,0.08538163001293661,UNIDOS_CONTIGO,241,0.3117723156532988,181,0.23415265200517466,PT,60,0.07761966364812418,241,0.3117723156532988,60,0.07761966364812418,18,0.02328589909443726,6,0.007761966364812419,307,0.39715394566623546,4,0.00517464424320828,14,0.018111254851228976,3,0.0038809831824062097,20,0.0258732212160414,37,0.047865459249676584,5,0.00646830530401035,36,0.04657179818887452,0,0.0,22,0.028460543337645538,773,1.0,INE_DIPUTACIONES_FED_2021,SECCION,PARCIAL,CATALOGO_INE_2026
379,3,BAJA CALIFORNIA SUR,LOS CABOS,,9,375,3025,1019,0.3368595041322314,0.6631404958677686,MORENA,376,0.3689892051030422,98,0.09617271835132483,UNIDOS_CONTIGO,278,0.2728164867517174,179,0.17566241413150147,PT,99,0.0971540726202159,MORENA,376,0.3689892051030422,98,0.09617271835132483,UNIDOS_CONTIGO,278,0.2728164867517174,179,0.17566241413150147,PT,99,0.0971540726202159,278,0.2728164867517174,99,0.0971540726202159,26,0.02551521099116781,23,0.022571148184494603,376,0.3689892051030422,11,0.010794896957801767,19,0.018645731108930325,5,0.004906771344455349,44,0.04317958783120707,42,0.04121687929342493,8,0.007850834151128557,39,0.038272816486751716,3,0.002944062806673209,46,0.045142296368989206,1019,1.0,INE_DIPUTACIONES_FED_2021,SECCION,PARCIAL,CATALOGO_INE_2026
380,3,BAJA CALIFORNIA SUR,LOS CABOS,,9,376,1077,414,0.38440111420612816,0.6155988857938719,MORENA,149,0.35990338164251207,32,0.07729468599033816,UNIDOS_CONTIGO,117,0.2826086956521739,71,0.17149758454106281,PT,46,0.1111111111111111,MORENA,149,0.35990338164251207,32,0.07729468599033816,UNIDOS_CONTIGO,117,0.2826086956521739,71,0.17149758454106281,PT,46,0.1111111111111111,117,0.2826086956521739,46,0.1111111111111111,16,0.03864734299516908,6,0.014492753623188406,149,0.35990338164251207,3,0.007246376811594203,6,0.014492753623188406,4,0.00966183574879227,16,0.03864734299516908,27,0.06521739130434782,2,0.004830917874396135,12,0.028985507246376812,0,0.0,10,0.024154589371980676,414,1.0,INE_DIPUTACIONES_FED_2021,SECCION,PARCIAL,CATALOGO_INE_2026
381,3,BAJA CALIFORNIA SUR,LOS CABOS,,9,377,2535,950,0.3747534516765286,0.6252465483234714,MORENA,360,0.37894736842105264,102,0.10736842105263159,UNIDOS_CONTIGO,258,0.27157894736842103,188,0.19789473684210526,RSP,70,0.07368421052631578,MORENA,360,0.37894736842105264,102,0.10736842105263159,UNIDOS_CONTIGO,258,0.27157894736842103,188,0.19789473684210526,RSP,70,0.07368421052631578,258,0.27157894736842103,62,0.06526315789473684,32,0.03368421052631579,12,0.01263157894736842,360,0.37894736842105264,6,0.00631578947368421,22,0.023157894736842106,6,0.00631578947368421,70,0.07368421052631578,59,0.06210526315789474,6,0.00631578947368421,30,0.031578947368421054,1,0.0010526315789473684,26,0.02736842105263158,950,1.0,INE_DIPUTACIONES_FED_2021,SECCION,PARCIAL,CATALOGO_INE_2026
382,3,BAJA CALIFORNIA SUR,LOS CABOS,,9,378,982,395,0.40224032586558045,0.5977596741344195,MORENA,149,0.37721518987341773,32,0.0810126582278481,UNIDOS_CONTIGO,117,0.29620253164556964,95,0.24050632911392406,PT,22,0.05569620253164557,MORENA,149,0.37721518987341773,32,0.0810126582278481,UNIDOS_CONTIGO,117,0.29620253164556964,95,0.24050632911392406,PT,22,0.05569620253164557,117,0.29620253164556964,22,0.05569620253164557,17,0.043037974683544304,5,0.012658227848101266,149,0.37721518987341773,4,0.010126582278481013,2,0.005063291139240506,5,0.012658227848101266,14,0.035443037974683546,17,0.043037974683544304,3,0.007594936708860759,12,0.030379746835443037,0,0.0,28,0.07088607594936709,395,1.0,INE_DIPUTACIONES_FED_2021,SECCION,PARCIAL,CATALOGO_INE_2026
383,3,BAJA CALIFORNIA SUR,LOS CABOS,,9,379,514,215,0.4182879377431907,0.5817120622568093,MORENA,78,0.3627906976744186,11,0.05116279069767442,UNIDOS_CONTIGO,67,0.3116279069767442,49,0.22790697674418606,PT,18,0.08372093023255814,MORENA,78,0.3627906976744186,11,0.05116279069767442,UNIDOS_CONTIGO,67,0.3116279069767442,49,0.22790697674418606,PT,18,0.08372093023255814,67,0.3116279069767442,18,0.08372093023255814,8,0.037209302325581395,1,0.004651162790697674,78,0.3627906976744186,4,0.018604651162790697,3,0.013953488372093023,0,0.0,10,0.046511627906976744,10,0.046511627906976744,0,0.0,5,0.023255813953488372,0,0.0,11,0.05116279069767442,215,1.0,INE_DIPUTACIONES_FED_2021,SECCION,PARCIAL,CATALOGO_INE_2026
384,3,BAJA CALIFORNIA SUR,LOS CABOS,,9,380,3170,1089,0.3435331230283912,0.6564668769716089,MORENA,446,0.40955004591368227,117,0.10743801652892562,UNIDOS_CONTIGO,329,0.3021120293847567,255,0.23415977961432508,PT,74,0.06795224977043159,MORENA,446,0.40955004591368227,117,0.10743801652892562,UNIDOS_CONTIGO,329,0.3021120293847567,255,0.23415977961432508,PT,74,0.06795224977043159,329,0.3021120293847567,74,0.06795224977043159,33,0.030303030303030304,15,0.013774104683195593,446,0.40955004591368227,10,0.009182736455463728,25,0.02295684113865932,5,0.004591368227731864,33,0.030303030303030304,57,0.05234159779614325,4,0.0036730945821854912,25,0.02295684113865932,2,0.0018365472910927456,31,0.028466483011937556,1089,1.0,INE_DIPUTACIONES_FED_2021,SECCION,PARCIAL,CATALOGO_INE_2026
385,3,BAJA CALIFORNIA SUR,LOS CABOS,,9,381,920,409,0.44456521739130433,0.5554347826086956,MORENA,189,0.4621026894865526,89,0.2176039119804401,UNIDOS_CONTIGO,100,0.24449877750611246,63,0.15403422982885084,PT,37,0.09046454767726161,MORENA,189,0.4621026894865526,89,0.2176039119804401,UNIDOS_CONTIGO,100,0.24449877750611246,63,0.15403422982885084,PT,37,0.09046454767726161,100,0.24449877750611246,37,0.09046454767726161,8,0.019559902200488997,3,0.007334963325183374,189,0.4621026894865526,3,0.007334963325183374,5,0.012224938875305624,3,0.007334963325183374,18,0.044009779951100246,19,0.04645476772616137,2,0.004889975550122249,8,0.019559902200488997,0,0.0,14,0.034229828850855744,409,1.0,INE_DIPUTACIONES_FED_2021,SECCION,PARCIAL,CATALOGO_INE_2026
386,3,BAJA CALIFORNIA SUR,LOS CABOS,,9,382,1170,454,0.38803418803418804,0.611965811965812,MORENA,194,0.42731277533039647,84,0.18502202643171806,UNIDOS_CONTIGO,110,0.2422907488986784,74,0.16299559471365638,PT,36,0.07929515418502203,MORENA,194,0.42731277533039647,84,0.18502202643171806,UNIDOS_CONTIGO,110,0.2422907488986784,74,0.16299559471365638,PT,36,0.07929515418502203,110,0.2422907488986784,36,0.07929515418502203,7,0.015418502202643172,5,0.011013215859030838,194,0.42731277533039647,2,0.004405286343612335,6,0.013215859030837005,1,0.0022026431718061676,36,0.07929515418502203,17,0.037444933920704845,3,0.006607929515418502,21,0.046255506607929514,0,0.0,16,0.03524229074889868,454,1.0,INE_DIPUTACIONES_FED_2021,SECCION,PARCIAL,CATALOGO_INE_2026
387,3,BAJA CALIFORNIA SUR,LOS CABOS,,9,383,1424,557,0.39115168539325845,0.6088483146067416,MORENA,220,0.39497307001795334,55,0.09874326750448834,UNIDOS_CONTIGO,165,0.296229802513465,120,0.21543985637342908,PT,45,0.0807899461400359,MORENA,220,0.39497307001795334,55,0.09874326750448834,UNIDOS_CONTIGO,165,0.296229802513465,120,0.21543985637342908,PT,45,0.0807899461400359,165,0.296229802513465,45,0.0807899461400359,13,0.02333931777378815,11,0.019748653500897665,220,0.39497307001795334,6,0.010771992818671455,6,0.010771992818671455,6,0.010771992818671455,25,0.04488330341113106,23,0.04129263913824058,4,0.00718132854578097,17,0.03052064631956912,0,0.0,16,0.02872531418312388,557,1.0,INE_DIPUTACIONES_FED_2021,SECCION,PARCIAL,CATALOGO_INE_2026
388,3,BAJA CALIFORNIA SUR,LOS CABOS,,9,384,1132,459,0.40547703180212014,0.5945229681978799,MORENA,187,0.4074074074074074,75,0.16339869281045752,UNIDOS_CONTIGO,112,0.2440087145969499,68,0.14814814814814814,PT,44,0.09586056644880174,MORENA,187,0.4074074074074074,75,0.16339869281045752,UNIDOS_CONTIGO,112,0.2440087145969499,68,0.14814814814814814,PT,44,0.09586056644880174,112,0.2440087145969499,44,0.09586056644880174,12,0.026143790849673203,7,0.015250544662309368,187,0.4074074074074074,3,0.006535947712418301,8,0.017429193899782137,4,0.008714596949891068,28,0.06100217864923747,16,0.034858387799564274,1,0.002178649237472767,16,0.034858387799564274,0,0.0,21,0.0457516339869281,459,1.0,INE_DIPUTACIONES_FED_2021,SECCION,PARCIAL,CATALOGO_INE_2026
389,3,BAJA CALIFORNIA SUR,LOS CABOS,,9,385,859,370,0.4307334109429569,0.5692665890570431,MORENA,154,0.41621621621621624,75,0.20270270270270271,UNIDOS_CONTIGO,79,0.21351351351351353,47,0.12702702702702703,PT,32,0.08648648648648649,MORENA,154,0.41621621621621624,75,0.20270270270270271,UNIDOS_CONTIGO,79,0.21351351351351353,47,0.12702702702702703,PT,32,0.08648648648648649,79,0.21351351351351353,32,0.08648648648648649,18,0.04864864864864865,7,0.01891891891891892,154,0.41621621621621624,4,0.010810810810810811,8,0.021621621621621623,0,0.0,14,0.03783783783783784,16,0.043243243243243246,0,0.0,19,0.051351351351351354,0,0.0,19,0.051351351351351354,370,1.0,INE_DIPUTACIONES_FED_2021,SECCION,PARCIAL,CATALOGO_INE_2026
390,3,BAJA CALIFORNIA SUR,LOS CABOS,,9,386,1277,523,0.4095536413469068,0.5904463586530933,MORENA,197,0.37667304015296366,61,0.11663479923518165,UNIDOS_CONTIGO,136,0.26003824091778205,80,0.15296367112810708,PT,56,0.10707456978967496,MORENA,197,0.37667304015296366,61,0.11663479923518165,UNIDOS_CONTIGO,136,0.26003824091778205,80,0.15296367112810708,PT,56,0.10707456978967496,136,0.26003824091778205,56,0.10707456978967496,22,0.04206500956022945,12,0.022944550669216062,197,0.37667304015296366,4,0.0076481835564053535,10,0.019120458891013385,5,0.009560229445506692,9,0.017208413001912046,29,0.055449330783938815,4,0.0076481835564053535,18,0.03441682600382409,0,0.0,21,0.040152963671128104,523,1.0,INE_DIPUTACIONES_FED_2021,SECCION,PARCIAL,CATALOGO_INE_2026
391,3,BAJA CALIFORNIA SUR,LOS CABOS,,9,387,1020,384,0.3764705882352941,0.6235294117647059,MORENA,183,0.4765625,83,0.21614583333333334,UNIDOS_CONTIGO,100,0.2604166666666667,72,0.1875,PT,28,0.07291666666666667,MORENA,183,0.4765625,83,0.21614583333333334,UNIDOS_CONTIGO,100,0.2604166666666667,72,0.1875,PT,28,0.07291666666666667,100,0.2604166666666667,28,0.07291666666666667,10,0.026041666666666668,1,0.0026041666666666665,183,0.4765625,3,0.0078125,4,0.010416666666666666,4,0.010416666666666666,9,0.0234375,11,0.028645833333333332,1,0.0026041666666666665,21,0.0546875,0,0.0,9,0.0234375,384,1.0,INE_DIPUTACIONES_FED_2021,SECCION,PARCIAL,CATALOGO_INE_2026
392,3,BAJA CALIFORNIA SUR,LOS CABOS,,9,388,1107,424,0.3830171635049684,0.6169828364950316,MORENA,184,0.4339622641509434,65,0.15330188679245282,UNIDOS_CONTIGO,119,0.2806603773584906,87,0.20518867924528303,PT,32,0.07547169811320754,MORENA,184,0.4339622641509434,65,0.15330188679245282,UNIDOS_CONTIGO,119,0.2806603773584906,87,0.20518867924528303,PT,32,0.07547169811320754,119,0.2806603773584906,32,0.07547169811320754,14,0.0330188679245283,5,0.01179245283018868,184,0.4339622641509434,5,0.01179245283018868,7,0.01650943396226415,3,0.007075471698113208,9,0.02122641509433962,21,0.049528301886792456,3,0.007075471698113208,6,0.014150943396226415,1,0.0023584905660377358,15,0.03537735849056604,424,1.0,INE_DIPUTACIONES_FED_2021,SECCION,PARCIAL,CATALOGO_INE_2026
393,3,BAJA CALIFORNIA SUR,LOS CABOS,,9,389,952,367,0.3855042016806723,0.6144957983193278,MORENA,158,0.4305177111716621,60,0.16348773841961853,UNIDOS_CONTIGO,98,0.2670299727520436,68,0.18528610354223432,PT,30,0.08174386920980926,MORENA,158,0.4305177111716621,60,0.16348773841961853,UNIDOS_CONTIGO,98,0.2670299727520436,68,0.18528610354223432,PT,30,0.08174386920980926,98,0.2670299727520436,30,0.08174386920980926,16,0.043596730245231606,8,0.021798365122615803,158,0.4305177111716621,5,0.013623978201634877,0,0.0,4,0.010899182561307902,9,0.02452316076294278,17,0.04632152588555858,2,0.005449591280653951,8,0.021798365122615803,0,0.0,12,0.0326975476839237,367,1.0,INE_DIPUTACIONES_FED_2021,SECCION,PARCIAL,CATALOGO_INE_2026
394,3,BAJA CALIFORNIA SUR,LOS CABOS,,9,390,1037,424,0.4088717454194793,0.5911282545805208,MORENA,191,0.45047169811320753,90,0.21226415094339623,UNIDOS_CONTIGO,101,0.23820754716981132,60,0.14150943396226415,PT,41,0.09669811320754718,MORENA,191,0.45047169811320753,90,0.21226415094339623,UNIDOS_CONTIGO,101,0.23820754716981132,60,0.14150943396226415,PT,41,0.09669811320754718,101,0.23820754716981132,41,0.09669811320754718,6,0.014150943396226415,9,0.02122641509433962,191,0.45047169811320753,3,0.007075471698113208,7,0.01650943396226415,3,0.007075471698113208,18,0.04245283018867924,12,0.02830188679245283,2,0.0047169811320754715,19,0.04481132075471698,0,0.0,12,0.02830188679245283,424,1.0,INE_DIPUTACIONES_FED_2021,SECCION,PARCIAL,CATALOGO_INE_2026
395,3,BAJA CALIFORNIA SUR,LOS CABOS,,9,391,554,231,0.41696750902527074,0.5830324909747293,MORENA,89,0.3852813852813853,22,0.09523809523809523,UNIDOS_CONTIGO,67,0.29004329004329005,49,0.21212121212121213,PT,18,0.07792207792207792,MORENA,89,0.3852813852813853,22,0.09523809523809523,UNIDOS_CONTIGO,67,0.29004329004329005,49,0.21212121212121213,PT,18,0.07792207792207792,67,0.29004329004329005,18,0.07792207792207792,4,0.017316017316017316,7,0.030303030303030304,89,0.3852813852813853,5,0.021645021645021644,1,0.004329004329004329,1,0.004329004329004329,12,0.05194805194805195,8,0.03463203463203463,4,0.017316017316017316,11,0.047619047619047616,0,0.0,4,0.017316017316017316,231,1.0,INE_DIPUTACIONES_FED_2021,SECCION,PARCIAL,CATALOGO_INE_2026
396,3,BAJA CALIFORNIA SUR,LOS CABOS,,9,392,528,216,0.4090909090909091,0.5909090909090908,MORENA,85,0.39351851851851855,33,0.1527777777777778,UNIDOS_CONTIGO,52,0.24074074074074073,35,0.16203703703703703,PT,17,0.0787037037037037,MORENA,85,0.39351851851851855,33,0.1527777777777778,UNIDOS_CONTIGO,52,0.24074074074074073,35,0.16203703703703703,PT,17,0.0787037037037037,52,0.24074074074074073,17,0.0787037037037037,2,0.009259259259259259,2,0.009259259259259259,85,0.39351851851851855,1,0.004629629629629629,2,0.009259259259259259,10,0.046296296296296294,11,0.05092592592592592,5,0.023148148148148147,4,0.018518518518518517,12,0.05555555555555555,0,0.0,13,0.06018518518518518,216,1.0,INE_DIPUTACIONES_FED_2021,SECCION,PARCIAL,CATALOGO_INE_2026
397,3,BAJA CALIFORNIA SUR,LOS CABOS,,9,393,776,300,0.3865979381443299,0.6134020618556701,MORENA,96,0.32,13,0.043333333333333335,UNIDOS_CONTIGO,83,0.27666666666666667,41,0.13666666666666666,PT,42,0.14,MORENA,96,0.32,13,0.043333333333333335,UNIDOS_CONTIGO,83,0.27666666666666667,41,0.13666666666666666,PT,42,0.14,83,0.27666666666666667,42,0.14,12,0.04,3,0.01,96,0.32,5,0.016666666666666666,4,0.013333333333333334,1,0.0033333333333333335,9,0.03,12,0.04,3,0.01,20,0.06666666666666667,0,0.0,10,0.03333333333333333,300,1.0,INE_DIPUTACIONES_FED_2021,SECCION,PARCIAL,CATALOGO_INE_2026
398,3,BAJA CALIFORNIA SUR,LOS CABOS,,12,291,2079,1362,0.6551226551226551,0.3448773448773449,UNIDOS_CONTIGO,545,0.4001468428781204,106,0.07782672540381791,MORENA,439,0.3223201174743025,317,0.2327459618208517,PT,122,0.08957415565345081,UNIDOS_CONTIGO,545,0.4001468428781204,106,0.07782672540381791,MORENA,439,0.3223201174743025,317,0.2327459618208517,PT,122,0.08957415565345081,545,0.4001468428781204,122,0.08957415565345081,60,0.04405286343612335,20,0.014684287812041116,439,0.3223201174743025,11,0.008076358296622614,22,0.016152716593245228,23,0.016886930983847283,7,0.005139500734214391,24,0.01762114537444934,5,0.003671071953010279,53,0.038913362701908955,3,0.0022026431718061676,28,0.020558002936857563,1362,1.0,INE_DIPUTACIONES_FED_2021,SECCION,PARCIAL,CATALOGO_INE_2026
399,3,BAJA CALIFORNIA SUR,LOS CABOS,,12,292,698,356,0.5100286532951289,0.4899713467048711,UNIDOS_CONTIGO,174,0.4887640449438202,86,0.24157303370786518,MORENA,88,0.24719101123595505,65,0.18258426966292135,PT,23,0.06460674157303371,UNIDOS_CONTIGO,174,0.4887640449438202,86,0.24157303370786518,MORENA,88,0.24719101123595505,65,0.18258426966292135,PT,23,0.06460674157303371,174,0.4887640449438202,23,0.06460674157303371,13,0.03651685393258427,5,0.014044943820224719,88,0.24719101123595505,4,0.011235955056179775,3,0.008426966292134831,2,0.0056179775280898875,0,0.0,7,0.019662921348314606,6,0.016853932584269662,22,0.06179775280898876,0,0.0,9,0.025280898876404494,356,1.0,INE_DIPUTACIONES_FED_2021,SECCION,PARCIAL,CATALOGO_INE_2026
400,3,BAJA CALIFORNIA SUR,LOS CABOS,,12,293,1110,544,0.4900900900900901,0.5099099099099099,UNIDOS_CONTIGO,216,0.39705882352941174,56,0.10294117647058823,MORENA,160,0.29411764705882354,100,0.18382352941176472,PT,60,0.11029411764705882,UNIDOS_CONTIGO,216,0.39705882352941174,56,0.10294117647058823,MORENA,160,0.29411764705882354,100,0.18382352941176472,PT,60,0.11029411764705882,216,0.39705882352941174,60,0.11029411764705882,20,0.03676470588235294,7,0.012867647058823529,160,0.29411764705882354,8,0.014705882352941176,11,0.02022058823529412,2,0.003676470588235294,2,0.003676470588235294,12,0.022058823529411766,6,0.011029411764705883,25,0.04595588235294118,0,0.0,15,0.027573529411764705,544,1.0,INE_DIPUTACIONES_FED_2021,SECCION,PARCIAL,CATALOGO_INE_2026
401,3,BAJA CALIFORNIA SUR,LOS CABOS,,12,297,845,442,0.5230769230769231,0.4769230769230769,UNIDOS_CONTIGO,163,0.36877828054298645,27,0.06108597285067873,MORENA,136,0.3076923076923077,85,0.19230769230769232,PT,51,0.11538461538461539,UNIDOS_CONTIGO,163,0.36877828054298645,27,0.06108597285067873,MORENA,136,0.3076923076923077,85,0.19230769230769232,PT,51,0.11538461538461539,163,0.36877828054298645,51,0.11538461538461539,25,0.05656108597285068,3,0.006787330316742082,136,0.3076923076923077,2,0.004524886877828055,5,0.011312217194570135,4,0.00904977375565611,0,0.0,12,0.027149321266968326,3,0.006787330316742082,29,0.06561085972850679,0,0.0,9,0.020361990950226245,442,1.0,INE_DIPUTACIONES_FED_2021,SECCION,PARCIAL,CATALOGO_INE_2026
402,3,BAJA CALIFORNIA SUR,LOS CABOS,,12,303,468,224,0.47863247863247865,0.5213675213675213,MORENA,90,0.4017857142857143,28,0.125,UNIDOS_CONTIGO,62,0.2767857142857143,43,0.19196428571428573,PT,19,0.08482142857142858,MORENA,90,0.4017857142857143,28,0.125,UNIDOS_CONTIGO,62,0.2767857142857143,43,0.19196428571428573,PT,19,0.08482142857142858,62,0.2767857142857143,19,0.08482142857142858,15,0.06696428571428571,2,0.008928571428571428,90,0.4017857142857143,2,0.008928571428571428,12,0.05357142857142857,4,0.017857142857142856,0,0.0,1,0.004464285714285714,0,0.0,10,0.044642857142857144,7,0.03125,0,0.0,224,1.0,INE_DIPUTACIONES_FED_2021,SECCION,PARCIAL,CATALOGO_INE_2026
403,3,BAJA CALIFORNIA SUR,LOS CABOS,,12,304,1942,1032,0.5314109165808445,0.4685890834191555,UNIDOS_CONTIGO,374,0.3624031007751938,114,0.11046511627906977,MORENA,260,0.25193798449612403,68,0.06589147286821706,MORENA_PT,192,0.18604651162790697,UNIDOS_CONTIGO,374,0.3624031007751938,114,0.11046511627906977,MORENA,260,0.25193798449612403,68,0.06589147286821706,MORENA_PT,192,0.18604651162790697,374,0.3624031007751938,102,0.09883720930232558,29,0.02810077519379845,4,0.003875968992248062,260,0.25193798449612403,6,0.005813953488372093,30,0.029069767441860465,0,0.0,4,0.003875968992248062,7,0.006782945736434108,1,0.0009689922480620155,192,0.18604651162790697,0,0.0,23,0.022286821705426358,1032,1.0,INE_DIPUTACIONES_FED_2021,SECCION,PARCIAL,CATALOGO_INE_2026
404,3,BAJA CALIFORNIA SUR,LOS CABOS,,12,305,961,615,0.6399583766909469,0.3600416233090531,UNIDOS_CONTIGO,203,0.3300813008130081,29,0.04715447154471545,MORENA,174,0.28292682926829266,95,0.15447154471544716,PT,79,0.12845528455284552,UNIDOS_CONTIGO,203,0.3300813008130081,29,0.04715447154471545,MORENA,174,0.28292682926829266,95,0.15447154471544716,PT,79,0.12845528455284552,203,0.3300813008130081,79,0.12845528455284552,42,0.06829268292682927,5,0.008130081300813009,174,0.28292682926829266,2,0.0032520325203252032,38,0.061788617886178863,2,0.0032520325203252032,3,0.004878048780487805,8,0.013008130081300813,5,0.008130081300813009,37,0.06016260162601626,0,0.0,17,0.027642276422764227,615,1.0,INE_DIPUTACIONES_FED_2021,SECCION,PARCIAL,CATALOGO_INE_2026
405,3,BAJA CALIFORNIA SUR,LOS CABOS,,12,306,1441,953,0.6613462873004857,0.3386537126995143,UNIDOS_CONTIGO,311,0.32633788037775446,34,0.035676810073452254,MORENA,277,0.2906610703043022,94,0.09863588667366212,PT,183,0.19202518363064008,UNIDOS_CONTIGO,311,0.32633788037775446,34,0.035676810073452254,MORENA,277,0.2906610703043022,94,0.09863588667366212,PT,183,0.19202518363064008,311,0.32633788037775446,183,0.19202518363064008,44,0.046169989506820566,7,0.007345225603357817,277,0.2906610703043022,5,0.005246589716684155,25,0.026232948583420776,3,0.0031479538300104933,4,0.004197271773347324,10,0.01049317943336831,5,0.005246589716684155,59,0.06190975865687303,1,0.001049317943336831,19,0.01993704092339979,953,1.0,INE_DIPUTACIONES_FED_2021,SECCION,PARCIAL,CATALOGO_INE_2026
406,3,BAJA CALIFORNIA SUR,LOS CABOS,,12,307,273,187,0.684981684981685,0.315018315018315,UNIDOS_CONTIGO,60,0.32085561497326204,14,0.0748663101604278,MORENA,46,0.24598930481283424,12,0.06417112299465241,PT,34,0.18181818181818182,UNIDOS_CONTIGO,60,0.32085561497326204,14,0.0748663101604278,MORENA,46,0.24598930481283424,12,0.06417112299465241,PT,34,0.18181818181818182,60,0.32085561497326204,34,0.18181818181818182,12,0.06417112299465241,6,0.03208556149732621,46,0.24598930481283424,5,0.026737967914438502,8,0.0427807486631016,1,0.0053475935828877,1,0.0053475935828877,4,0.0213903743315508,0,0.0,9,0.0481283422459893,0,0.0,1,0.0053475935828877,187,1.0,INE_DIPUTACIONES_FED_2021,SECCION,PARCIAL,CATALOGO_INE_2026
407,3,BAJA CALIFORNIA SUR,LOS CABOS,,12,308,1881,1260,0.6698564593301436,0.3301435406698564,UNIDOS_CONTIGO,414,0.32857142857142857,125,0.0992063492063492,MORENA,289,0.22936507936507936,101,0.08015873015873017,PT,188,0.1492063492063492,UNIDOS_CONTIGO,414,0.32857142857142857,125,0.0992063492063492,MORENA,289,0.22936507936507936,101,0.08015873015873017,PT,188,0.1492063492063492,414,0.32857142857142857,188,0.1492063492063492,111,0.0880952380952381,7,0.005555555555555556,289,0.22936507936507936,8,0.006349206349206349,40,0.031746031746031744,4,0.0031746031746031746,3,0.002380952380952381,51,0.04047619047619048,0,0.0,100,0.07936507936507936,0,0.0,45,0.03571428571428571,1260,1.0,INE_DIPUTACIONES_FED_2021,SECCION,PARCIAL,CATALOGO_INE_2026
408,3,BAJA CALIFORNIA SUR,LOS CABOS,,12,309,520,386,0.7423076923076923,0.25769230769230766,MORENA,103,0.266839378238342,10,0.025906735751295335,UNIDOS_CONTIGO,93,0.24093264248704663,14,0.03626943005181347,PT,79,0.20466321243523317,MORENA,103,0.266839378238342,10,0.025906735751295335,UNIDOS_CONTIGO,93,0.24093264248704663,14,0.03626943005181347,PT,79,0.20466321243523317,93,0.24093264248704663,79,0.20466321243523317,38,0.09844559585492228,3,0.007772020725388601,103,0.266839378238342,4,0.010362694300518135,4,0.010362694300518135,2,0.0051813471502590676,1,0.0025906735751295338,5,0.012953367875647668,0,0.0,43,0.11139896373056994,0,0.0,11,0.02849740932642487,386,1.0,INE_DIPUTACIONES_FED_2021,SECCION,PARCIAL,CATALOGO_INE_2026
409,3,BAJA CALIFORNIA SUR,LOS CABOS,,12,310,3080,1334,0.4331168831168831,0.5668831168831169,MORENA,416,0.3118440779610195,56,0.041979010494752625,UNIDOS_CONTIGO,360,0.2698650674662669,110,0.08245877061469266,PT,250,0.1874062968515742,MORENA,416,0.3118440779610195,56,0.041979010494752625,UNIDOS_CONTIGO,360,0.2698650674662669,110,0.08245877061469266,PT,250,0.1874062968515742,360,0.2698650674662669,250,0.1874062968515742,74,0.05547226386806597,18,0.013493253373313344,416,0.3118440779610195,8,0.005997001499250375,13,0.009745127436281859,11,0.008245877061469266,3,0.0022488755622188904,36,0.026986506746626688,5,0.0037481259370314842,107,0.08020989505247376,0,0.0,33,0.024737631184407798,1334,1.0,INE_DIPUTACIONES_FED_2021,SECCION,PARCIAL,CATALOGO_INE_2026
410,3,BAJA CALIFORNIA SUR,LOS CABOS,,12,311,684,397,0.5804093567251462,0.41959064327485385,MORENA,124,0.3123425692695214,36,0.0906801007556675,UNIDOS_CONTIGO,88,0.2216624685138539,15,0.037783375314861464,PT,73,0.18387909319899245,MORENA,124,0.3123425692695214,36,0.0906801007556675,UNIDOS_CONTIGO,88,0.2216624685138539,15,0.037783375314861464,PT,73,0.18387909319899245,88,0.2216624685138539,73,0.18387909319899245,31,0.07808564231738035,1,0.0025188916876574307,124,0.3123425692695214,3,0.007556675062972292,21,0.05289672544080604,3,0.007556675062972292,2,0.005037783375314861,7,0.017632241813602016,2,0.005037783375314861,29,0.07304785894206549,0,0.0,13,0.0327455919395466,397,1.0,INE_DIPUTACIONES_FED_2021,SECCION,PARCIAL,CATALOGO_INE_2026
411,3,BAJA CALIFORNIA SUR,LOS CABOS,,12,312,9147,3839,0.4197004482343938,0.5802995517656062,MORENA,1228,0.31987496743943733,41,0.01067986454805939,UNIDOS_CONTIGO,1187,0.30919510289137797,675,0.17582703829122168,PT,512,0.1333680646001563,MORENA,1228,0.31987496743943733,41,0.01067986454805939,UNIDOS_CONTIGO,1187,0.30919510289137797,675,0.17582703829122168,PT,512,0.1333680646001563,1187,0.30919510289137797,512,0.1333680646001563,211,0.05496222974733003,61,0.015889554571502994,1228,0.31987496743943733,37,0.00963792654337067,72,0.01875488408439698,29,0.007554050533993228,14,0.0036467830164105238,110,0.02865329512893983,29,0.007554050533993228,246,0.06407918728835635,2,0.0005209690023443605,101,0.026308934618390206,3839,1.0,INE_DIPUTACIONES_FED_2021,SECCION,PARCIAL,INFERIDA_SECCION_VECINA
412,3,BAJA CALIFORNIA SUR,LOS CABOS,,12,313,1613,861,0.5337879727216367,0.4662120272783633,UNIDOS_CONTIGO,305,0.35423925667828104,43,0.04994192799070848,MORENA,262,0.3042973286875726,160,0.18583042973286876,PT,102,0.11846689895470383,UNIDOS_CONTIGO,305,0.35423925667828104,43,0.04994192799070848,MORENA,262,0.3042973286875726,160,0.18583042973286876,PT,102,0.11846689895470383,305,0.35423925667828104,102,0.11846689895470383,55,0.06387921022067364,14,0.016260162601626018,262,0.3042973286875726,10,0.011614401858304297,17,0.019744483159117306,8,0.009291521486643438,2,0.0023228803716608595,17,0.019744483159117306,6,0.006968641114982578,43,0.04994192799070848,1,0.0011614401858304297,19,0.022067363530778164,861,1.0,INE_DIPUTACIONES_FED_2021,SECCION,PARCIAL,CATALOGO_INE_2026
413,3,BAJA CALIFORNIA SUR,LOS CABOS,,12,314,8384,2969,0.35412690839694655,0.6458730916030535,MORENA,1033,0.34792859548669586,135,0.04546985517009094,UNIDOS_CONTIGO,898,0.3024587403166049,582,0.19602559784439205,PT,316,0.10643314247221286,MORENA,1033,0.34792859548669586,135,0.04546985517009094,UNIDOS_CONTIGO,898,0.3024587403166049,582,0.19602559784439205,PT,316,0.10643314247221286,898,0.3024587403166049,316,0.10643314247221286,163,0.0549006399461098,56,0.018861569552037723,1033,0.34792859548669586,57,0.019198383294038397,71,0.023913775682047826,30,0.010104412260020209,16,0.005389019872010778,92,0.030986864264061973,10,0.003368137420006736,155,0.052206130010104414,0,0.0,72,0.0242505894240485,2969,1.0,INE_DIPUTACIONES_FED_2021,SECCION,PARCIAL,INFERIDA_SECCION_VECINA
414,3,BAJA CALIFORNIA SUR,LOS CABOS,,12,315,550,346,0.6290909090909091,0.37090909090909085,MORENA,129,0.37283236994219654,30,0.08670520231213873,UNIDOS_CONTIGO,99,0.2861271676300578,56,0.16184971098265896,PT,43,0.12427745664739884,MORENA,129,0.37283236994219654,30,0.08670520231213873,UNIDOS_CONTIGO,99,0.2861271676300578,56,0.16184971098265896,PT,43,0.12427745664739884,99,0.2861271676300578,43,0.12427745664739884,25,0.07225433526011561,6,0.017341040462427744,129,0.37283236994219654,6,0.017341040462427744,4,0.011560693641618497,1,0.002890173410404624,0,0.0,6,0.017341040462427744,0,0.0,17,0.049132947976878616,0,0.0,10,0.028901734104046242,346,1.0,INE_DIPUTACIONES_FED_2021,SECCION,PARCIAL,CATALOGO_INE_2026
415,3,BAJA CALIFORNIA SUR,LOS CABOS,,16,317,2306,784,0.33998265394622723,0.6600173460537728,MORENA,308,0.39285714285714285,29,0.036989795918367346,UNIDOS_CONTIGO,279,0.35586734693877553,227,0.2895408163265306,PT,52,0.0663265306122449,MORENA,308,0.39285714285714285,29,0.036989795918367346,UNIDOS_CONTIGO,279,0.35586734693877553,227,0.2895408163265306,PT,52,0.0663265306122449,279,0.35586734693877553,52,0.0663265306122449,20,0.025510204081632654,21,0.026785714285714284,308,0.39285714285714285,7,0.008928571428571428,5,0.006377551020408163,2,0.002551020408163265,15,0.01913265306122449,22,0.02806122448979592,8,0.01020408163265306,28,0.03571428571428571,2,0.002551020408163265,15,0.01913265306122449,784,1.0,INE_DIPUTACIONES_FED_2021,SECCION,PARCIAL,CATALOGO_INE_2026
416,3,BAJA CALIFORNIA SUR,LOS CABOS,,16,318,1326,870,0.6561085972850679,0.3438914027149321,UNIDOS_CONTIGO,371,0.4264367816091954,59,0.067816091954023,MORENA,312,0.3586206896551724,243,0.2793103448275862,PT,69,0.07931034482758621,UNIDOS_CONTIGO,371,0.4264367816091954,59,0.067816091954023,MORENA,312,0.3586206896551724,243,0.2793103448275862,PT,69,0.07931034482758621,371,0.4264367816091954,69,0.07931034482758621,15,0.017241379310344827,17,0.01954022988505747,312,0.3586206896551724,8,0.009195402298850575,7,0.008045977011494253,0,0.0,9,0.010344827586206896,11,0.01264367816091954,5,0.005747126436781609,27,0.03103448275862069,0,0.0,19,0.021839080459770115,870,1.0,INE_DIPUTACIONES_FED_2021,SECCION,PARCIAL,CATALOGO_INE_2026
417,3,BAJA CALIFORNIA SUR,LOS CABOS,,16,319,626,298,0.476038338658147,0.523961661341853,UNIDOS_CONTIGO,144,0.48322147651006714,57,0.1912751677852349,MORENA,87,0.29194630872483224,66,0.2214765100671141,PT,21,0.07046979865771812,UNIDOS_CONTIGO,144,0.48322147651006714,57,0.1912751677852349,MORENA,87,0.29194630872483224,66,0.2214765100671141,PT,21,0.07046979865771812,144,0.48322147651006714,21,0.07046979865771812,7,0.02348993288590604,11,0.03691275167785235,87,0.29194630872483224,1,0.003355704697986577,0,0.0,1,0.003355704697986577,3,0.010067114093959731,12,0.040268456375838924,2,0.006711409395973154,4,0.013422818791946308,0,0.0,5,0.016778523489932886,298,1.0,INE_DIPUTACIONES_FED_2021,SECCION,PARCIAL,CATALOGO_INE_2026
418,3,BAJA CALIFORNIA SUR,LOS CABOS,,16,320,2213,942,0.4256665160415725,0.5743334839584275,MORENA,363,0.3853503184713376,12,0.012738853503184714,UNIDOS_CONTIGO,351,0.37261146496815284,284,0.30148619957537154,PT,67,0.07112526539278131,MORENA,363,0.3853503184713376,12,0.012738853503184714,UNIDOS_CONTIGO,351,0.37261146496815284,284,0.30148619957537154,PT,67,0.07112526539278131,351,0.37261146496815284,67,0.07112526539278131,19,0.020169851380042462,37,0.03927813163481953,363,0.3853503184713376,4,0.004246284501061571,17,0.018046709129511677,6,0.006369426751592357,8,0.008492569002123142,25,0.02653927813163482,7,0.0074309978768577496,22,0.02335456475583864,2,0.0021231422505307855,14,0.014861995753715499,942,1.0,INE_DIPUTACIONES_FED_2021,SECCION,PARCIAL,CATALOGO_INE_2026
419,3,BAJA CALIFORNIA SUR,LOS CABOS,,16,321,1772,704,0.3972911963882618,0.6027088036117382,MORENA,305,0.43323863636363635,89,0.12642045454545456,UNIDOS_CONTIGO,216,0.3068181818181818,166,0.23579545454545456,PT,50,0.07102272727272728,MORENA,305,0.43323863636363635,89,0.12642045454545456,UNIDOS_CONTIGO,216,0.3068181818181818,166,0.23579545454545456,PT,50,0.07102272727272728,216,0.3068181818181818,50,0.07102272727272728,27,0.03835227272727273,12,0.017045454545454544,305,0.43323863636363635,4,0.005681818181818182,6,0.008522727272727272,5,0.007102272727272727,15,0.02130681818181818,15,0.02130681818181818,1,0.0014204545454545455,28,0.03977272727272727,2,0.002840909090909091,18,0.02556818181818182,704,1.0,INE_DIPUTACIONES_FED_2021,SECCION,PARCIAL,CATALOGO_INE_2026
420,3,BAJA CALIFORNIA SUR,LOS CABOS,,16,322,1819,765,0.4205607476635514,0.5794392523364487,MORENA,360,0.47058823529411764,145,0.1895424836601307,UNIDOS_CONTIGO,215,0.28104575163398693,168,0.2196078431372549,PT,47,0.06143790849673202,MORENA,360,0.47058823529411764,145,0.1895424836601307,UNIDOS_CONTIGO,215,0.28104575163398693,168,0.2196078431372549,PT,47,0.06143790849673202,215,0.28104575163398693,47,0.06143790849673202,17,0.022222222222222223,16,0.02091503267973856,360,0.47058823529411764,7,0.009150326797385621,2,0.00261437908496732,7,0.009150326797385621,14,0.018300653594771243,20,0.026143790849673203,3,0.00392156862745098,34,0.044444444444444446,0,0.0,23,0.030065359477124184,765,1.0,INE_DIPUTACIONES_FED_2021,SECCION,PARCIAL,CATALOGO_INE_2026
421,3,BAJA CALIFORNIA SUR,LOS CABOS,,16,323,1343,588,0.4378257632166791,0.5621742367833209,MORENA,220,0.3741496598639456,30,0.05102040816326531,UNIDOS_CONTIGO,190,0.3231292517006803,131,0.2227891156462585,PT,59,0.10034013605442177,MORENA,220,0.3741496598639456,30,0.05102040816326531,UNIDOS_CONTIGO,190,0.3231292517006803,131,0.2227891156462585,PT,59,0.10034013605442177,190,0.3231292517006803,59,0.10034013605442177,15,0.025510204081632654,9,0.015306122448979591,220,0.3741496598639456,3,0.00510204081632653,4,0.006802721088435374,7,0.011904761904761904,7,0.011904761904761904,17,0.02891156462585034,8,0.013605442176870748,30,0.05102040816326531,0,0.0,19,0.03231292517006803,588,1.0,INE_DIPUTACIONES_FED_2021,SECCION,PARCIAL,CATALOGO_INE_2026
422,3,BAJA CALIFORNIA SUR,LOS CABOS,,16,324,2057,736,0.3578026251823043,0.6421973748176957,MORENA,307,0.4171195652173913,82,0.11141304347826086,UNIDOS_CONTIGO,225,0.30570652173913043,169,0.2296195652173913,PT,56,0.07608695652173914,MORENA,307,0.4171195652173913,82,0.11141304347826086,UNIDOS_CONTIGO,225,0.30570652173913043,169,0.2296195652173913,PT,56,0.07608695652173914,225,0.30570652173913043,56,0.07608695652173914,27,0.036684782608695655,13,0.017663043478260868,307,0.4171195652173913,7,0.009510869565217392,6,0.008152173913043478,11,0.014945652173913044,2,0.002717391304347826,25,0.033967391304347824,2,0.002717391304347826,36,0.04891304347826087,0,0.0,19,0.025815217391304348,736,1.0,INE_DIPUTACIONES_FED_2021,SECCION,PARCIAL,CATALOGO_INE_2026
423,3,BAJA CALIFORNIA SUR,LOS CABOS,,16,325,2179,864,0.39651216154199176,0.6034878384580082,MORENA,320,0.37037037037037035,6,0.006944444444444444,UNIDOS_CONTIGO,314,0.36342592592592593,249,0.2881944444444444,PT,65,0.07523148148148148,MORENA,320,0.37037037037037035,6,0.006944444444444444,UNIDOS_CONTIGO,314,0.36342592592592593,249,0.2881944444444444,PT,65,0.07523148148148148,314,0.36342592592592593,65,0.07523148148148148,17,0.019675925925925927,18,0.020833333333333332,320,0.37037037037037035,9,0.010416666666666666,7,0.008101851851851851,12,0.013888888888888888,10,0.011574074074074073,37,0.04282407407407408,3,0.003472222222222222,27,0.03125,0,0.0,25,0.028935185185185185,864,1.0,INE_DIPUTACIONES_FED_2021,SECCION,PARCIAL,CATALOGO_INE_2026
424,3,BAJA CALIFORNIA SUR,LOS CABOS,,16,326,1217,494,0.4059161873459326,0.5940838126540674,MORENA,231,0.4676113360323887,95,0.19230769230769232,UNIDOS_CONTIGO,136,0.27530364372469635,94,0.1902834008097166,PT,42,0.08502024291497975,MORENA,231,0.4676113360323887,95,0.19230769230769232,UNIDOS_CONTIGO,136,0.27530364372469635,94,0.1902834008097166,PT,42,0.08502024291497975,136,0.27530364372469635,42,0.08502024291497975,7,0.01417004048582996,7,0.01417004048582996,231,0.4676113360323887,3,0.006072874493927126,6,0.012145748987854251,5,0.010121457489878543,3,0.006072874493927126,17,0.03441295546558704,4,0.008097165991902834,22,0.044534412955465584,0,0.0,11,0.022267206477732792,494,1.0,INE_DIPUTACIONES_FED_2021,SECCION,PARCIAL,CATALOGO_INE_2026
425,3,BAJA CALIFORNIA SUR,LOS CABOS,,16,327,1786,753,0.4216125419932811,0.578387458006719,MORENA,295,0.39176626826029215,69,0.09163346613545817,UNIDOS_CONTIGO,226,0.300132802124834,156,0.20717131474103587,PT,70,0.09296148738379814,MORENA,295,0.39176626826029215,69,0.09163346613545817,UNIDOS_CONTIGO,226,0.300132802124834,156,0.20717131474103587,PT,70,0.09296148738379814,226,0.300132802124834,70,0.09296148738379814,24,0.03187250996015936,12,0.01593625498007968,295,0.39176626826029215,6,0.00796812749003984,13,0.017264276228419653,8,0.010624169986719787,15,0.0199203187250996,21,0.027888446215139442,1,0.0013280212483399733,31,0.041168658698539175,0,0.0,31,0.041168658698539175,753,1.0,INE_DIPUTACIONES_FED_2021,SECCION,PARCIAL,CATALOGO_INE_2026
426,3,BAJA CALIFORNIA SUR,LOS CABOS,,16,328,2344,1069,0.4560580204778157,0.5439419795221843,MORENA,476,0.4452759588400374,189,0.17680074836295603,UNIDOS_CONTIGO,287,0.2684752104770814,194,0.1814780168381665,PT,93,0.08699719363891488,MORENA,476,0.4452759588400374,189,0.17680074836295603,UNIDOS_CONTIGO,287,0.2684752104770814,194,0.1814780168381665,PT,93,0.08699719363891488,287,0.2684752104770814,93,0.08699719363891488,22,0.0205799812909261,22,0.0205799812909261,476,0.4452759588400374,10,0.009354536950420954,9,0.00841908325537886,15,0.01403180542563143,7,0.006548175865294668,28,0.026192703461178673,6,0.005612722170252572,66,0.0617399438727783,2,0.0018709073900841909,26,0.02432179607109448,1069,1.0,INE_DIPUTACIONES_FED_2021,SECCION,PARCIAL,CATALOGO_INE_2026
427,3,BAJA CALIFORNIA SUR,LOS CABOS,,16,329,1225,472,0.3853061224489796,0.6146938775510205,MORENA,200,0.423728813559322,63,0.13347457627118645,UNIDOS_CONTIGO,137,0.2902542372881356,99,0.2097457627118644,PT,38,0.08050847457627118,MORENA,200,0.423728813559322,63,0.13347457627118645,UNIDOS_CONTIGO,137,0.2902542372881356,99,0.2097457627118644,PT,38,0.08050847457627118,137,0.2902542372881356,38,0.08050847457627118,21,0.04449152542372881,6,0.012711864406779662,200,0.423728813559322,6,0.012711864406779662,2,0.00423728813559322,8,0.01694915254237288,3,0.006355932203389831,11,0.023305084745762712,2,0.00423728813559322,27,0.057203389830508475,0,0.0,11,0.023305084745762712,472,1.0,INE_DIPUTACIONES_FED_2021,SECCION,PARCIAL,CATALOGO_INE_2026
428,3,BAJA CALIFORNIA SUR,LOS CABOS,,16,331,2955,1514,0.512351945854484,0.48764805414551604,UNIDOS_CONTIGO,635,0.4194187582562748,99,0.0653896961690885,MORENA,536,0.35402906208718626,413,0.2727873183619551,PT,123,0.08124174372523117,UNIDOS_CONTIGO,635,0.4194187582562748,99,0.0653896961690885,MORENA,536,0.35402906208718626,413,0.2727873183619551,PT,123,0.08124174372523117,635,0.4194187582562748,123,0.08124174372523117,35,0.023117569352708058,26,0.017173051519154558,536,0.35402906208718626,11,0.00726552179656539,6,0.003963011889035667,13,0.008586525759577279,8,0.005284015852047556,56,0.036988110964332896,9,0.0059445178335535,28,0.018494055482166448,2,0.001321003963011889,26,0.017173051519154558,1514,1.0,INE_DIPUTACIONES_FED_2021,SECCION,PARCIAL,CATALOGO_INE_2026
429,3,BAJA CALIFORNIA SUR,LOS CABOS,,16,333,3732,1430,0.38317256162915325,0.6168274383708467,MORENA,545,0.3811188811188811,14,0.009790209790209791,UNIDOS_CONTIGO,531,0.3713286713286713,448,0.3132867132867133,PT,83,0.05804195804195804,MORENA,545,0.3811188811188811,14,0.009790209790209791,UNIDOS_CONTIGO,531,0.3713286713286713,448,0.3132867132867133,PT,83,0.05804195804195804,531,0.3713286713286713,83,0.05804195804195804,29,0.02027972027972028,33,0.023076923076923078,545,0.3811188811188811,22,0.015384615384615385,26,0.01818181818181818,11,0.007692307692307693,15,0.01048951048951049,44,0.03076923076923077,17,0.011888111888111888,41,0.028671328671328673,1,0.0006993006993006993,32,0.022377622377622378,1430,1.0,INE_DIPUTACIONES_FED_2021,SECCION,PARCIAL,CATALOGO_INE_2026
430,3,BAJA CALIFORNIA SUR,LOS CABOS,,16,395,1521,764,0.502301117685733,0.49769888231426695,UNIDOS_CONTIGO,314,0.4109947643979058,61,0.07984293193717278,MORENA,253,0.331151832460733,217,0.28403141361256545,FxM,36,0.04712041884816754,UNIDOS_CONTIGO,314,0.4109947643979058,61,0.07984293193717278,MORENA,253,0.331151832460733,217,0.28403141361256545,FxM,36,0.04712041884816754,314,0.4109947643979058,35,0.04581151832460733,24,0.031413612565445025,19,0.024869109947643978,253,0.331151832460733,10,0.013089005235602094,14,0.01832460732984293,16,0.020942408376963352,6,0.007853403141361256,36,0.04712041884816754,7,0.009162303664921465,18,0.02356020942408377,0,0.0,12,0.015706806282722512,764,1.0,INE_DIPUTACIONES_FED_2021,SECCION,PARCIAL,CATALOGO_INE_2026
431,3,BAJA CALIFORNIA SUR,LOS CABOS,,16,396,1401,614,0.4382583868665239,0.561741613133476,UNIDOS_CONTIGO,299,0.48697068403908794,105,0.17100977198697068,MORENA,194,0.31596091205211724,162,0.26384364820846906,FxM,32,0.05211726384364821,UNIDOS_CONTIGO,299,0.48697068403908794,105,0.17100977198697068,MORENA,194,0.31596091205211724,162,0.26384364820846906,FxM,32,0.05211726384364821,299,0.48697068403908794,22,0.035830618892508145,10,0.016286644951140065,17,0.02768729641693811,194,0.31596091205211724,4,0.006514657980456026,6,0.009771986970684038,6,0.009771986970684038,3,0.004885993485342019,32,0.05211726384364821,3,0.004885993485342019,7,0.011400651465798045,1,0.0016286644951140066,10,0.016286644951140065,614,1.0,INE_DIPUTACIONES_FED_2021,SECCION,PARCIAL,CATALOGO_INE_2026
432,3,BAJA CALIFORNIA SUR,LOS CABOS,,16,397,2948,1155,0.3917910447761194,0.6082089552238805,MORENA,469,0.40606060606060607,61,0.05281385281385281,UNIDOS_CONTIGO,408,0.35324675324675325,346,0.2995670995670996,PT,62,0.05367965367965368,MORENA,469,0.40606060606060607,61,0.05281385281385281,UNIDOS_CONTIGO,408,0.35324675324675325,346,0.2995670995670996,PT,62,0.05367965367965368,408,0.35324675324675325,62,0.05367965367965368,32,0.027705627705627706,16,0.013852813852813853,469,0.40606060606060607,2,0.0017316017316017316,18,0.015584415584415584,13,0.011255411255411256,22,0.01904761904761905,34,0.02943722943722944,8,0.006926406926406926,37,0.032034632034632034,1,0.0008658008658008658,33,0.02857142857142857,1155,1.0,INE_DIPUTACIONES_FED_2021,SECCION,PARCIAL,CATALOGO_INE_2026
433,3,BAJA CALIFORNIA SUR,LOS CABOS,,16,398,1841,744,0.40412819120043453,0.5958718087995655,UNIDOS_CONTIGO,309,0.4153225806451613,41,0.05510752688172043,MORENA,268,0.3602150537634409,228,0.3064516129032258,PT,40,0.053763440860215055,UNIDOS_CONTIGO,309,0.4153225806451613,41,0.05510752688172043,MORENA,268,0.3602150537634409,228,0.3064516129032258,PT,40,0.053763440860215055,309,0.4153225806451613,40,0.053763440860215055,20,0.026881720430107527,16,0.021505376344086023,268,0.3602150537634409,10,0.013440860215053764,7,0.009408602150537635,3,0.004032258064516129,9,0.012096774193548387,24,0.03225806451612903,5,0.006720430107526882,21,0.028225806451612902,0,0.0,12,0.016129032258064516,744,1.0,INE_DIPUTACIONES_FED_2021,SECCION,PARCIAL,CATALOGO_INE_2026
434,3,BAJA CALIFORNIA SUR,LOS CABOS,,16,399,1101,472,0.4287011807447775,0.5712988192552225,UNIDOS_CONTIGO,202,0.4279661016949153,38,0.08050847457627118,MORENA,164,0.3474576271186441,143,0.3029661016949153,PT,21,0.04449152542372881,UNIDOS_CONTIGO,202,0.4279661016949153,38,0.08050847457627118,MORENA,164,0.3474576271186441,143,0.3029661016949153,PT,21,0.04449152542372881,202,0.4279661016949153,21,0.04449152542372881,12,0.025423728813559324,13,0.02754237288135593,164,0.3474576271186441,8,0.01694915254237288,2,0.00423728813559322,5,0.01059322033898305,3,0.006355932203389831,19,0.04025423728813559,3,0.006355932203389831,10,0.0211864406779661,0,0.0,10,0.0211864406779661,472,1.0,INE_DIPUTACIONES_FED_2021,SECCION,PARCIAL,CATALOGO_INE_2026
435,3,BAJA CALIFORNIA SUR,LOS CABOS,,16,400,810,694,0.8567901234567902,0.14320987654320982,MORENA,292,0.4207492795389049,60,0.08645533141210375,UNIDOS_CONTIGO,232,0.33429394812680113,190,0.2737752161383285,PT,42,0.06051873198847262,MORENA,292,0.4207492795389049,60,0.08645533141210375,UNIDOS_CONTIGO,232,0.33429394812680113,190,0.2737752161383285,PT,42,0.06051873198847262,232,0.33429394812680113,42,0.06051873198847262,23,0.03314121037463977,11,0.01585014409221902,292,0.4207492795389049,1,0.001440922190201729,7,0.010086455331412104,7,0.010086455331412104,12,0.01729106628242075,13,0.018731988472622477,6,0.008645533141210375,21,0.03025936599423631,0,0.0,27,0.03890489913544669,694,1.0,INE_DIPUTACIONES_FED_2021,SECCION,PARCIAL,CATALOGO_INE_2026
436,3,BAJA CALIFORNIA SUR,LOS CABOS,,16,401,643,300,0.4665629860031104,0.5334370139968896,UNIDOS_CONTIGO,131,0.43666666666666665,25,0.08333333333333333,MORENA,106,0.35333333333333333,94,0.31333333333333335,PT,12,0.04,UNIDOS_CONTIGO,131,0.43666666666666665,25,0.08333333333333333,MORENA,106,0.35333333333333333,94,0.31333333333333335,PT,12,0.04,131,0.43666666666666665,12,0.04,11,0.03666666666666667,9,0.03,106,0.35333333333333333,2,0.006666666666666667,3,0.01,2,0.006666666666666667,5,0.016666666666666666,7,0.023333333333333334,4,0.013333333333333334,5,0.016666666666666666,0,0.0,3,0.01,300,1.0,INE_DIPUTACIONES_FED_2021,SECCION,PARCIAL,CATALOGO_INE_2026
437,3,BAJA CALIFORNIA SUR,LOS CABOS,,16,402,1761,836,0.4747302668938103,0.5252697331061897,UNIDOS_CONTIGO,406,0.48564593301435405,120,0.14354066985645933,MORENA,286,0.34210526315789475,257,0.30741626794258375,FxM,29,0.034688995215311005,UNIDOS_CONTIGO,406,0.48564593301435405,120,0.14354066985645933,MORENA,286,0.34210526315789475,257,0.30741626794258375,FxM,29,0.034688995215311005,406,0.48564593301435405,27,0.03229665071770335,13,0.01555023923444976,17,0.02033492822966507,286,0.34210526315789475,5,0.005980861244019139,6,0.007177033492822967,8,0.009569377990430622,12,0.014354066985645933,29,0.034688995215311005,10,0.011961722488038277,7,0.008373205741626795,1,0.0011961722488038277,9,0.01076555023923445,836,1.0,INE_DIPUTACIONES_FED_2021,SECCION,PARCIAL,CATALOGO_INE_2026
438,3,BAJA CALIFORNIA SUR,MULEGE,,13,75,1012,638,0.6304347826086957,0.3695652173913043,UNIDOS_CONTIGO,312,0.4890282131661442,93,0.14576802507836992,MORENA,219,0.3432601880877743,179,0.28056426332288403,PT,40,0.06269592476489028,UNIDOS_CONTIGO,312,0.4890282131661442,93,0.14576802507836992,MORENA,219,0.3432601880877743,179,0.28056426332288403,PT,40,0.06269592476489028,312,0.4890282131661442,40,0.06269592476489028,5,0.007836990595611285,5,0.007836990595611285,219,0.3432601880877743,3,0.004702194357366771,30,0.047021943573667714,1,0.001567398119122257,4,0.006269592476489028,0,0.0,2,0.003134796238244514,8,0.012539184952978056,0,0.0,9,0.014106583072100314,638,1.0,INE_DIPUTACIONES_FED_2021,SECCION,PARCIAL,CATALOGO_INE_2026
439,3,BAJA CALIFORNIA SUR,MULEGE,,13,76,1651,1021,0.6184130829800121,0.3815869170199879,UNIDOS_CONTIGO,480,0.4701273261508325,129,0.12634671890303623,MORENA,351,0.3437806072477963,288,0.2820763956904995,PT,63,0.061704211557296766,UNIDOS_CONTIGO,480,0.4701273261508325,129,0.12634671890303623,MORENA,351,0.3437806072477963,288,0.2820763956904995,PT,63,0.061704211557296766,480,0.4701273261508325,63,0.061704211557296766,12,0.011753183153770812,9,0.00881488736532811,351,0.3437806072477963,1,0.0009794319294809011,47,0.04603330068560235,6,0.005876591576885406,14,0.013712047012732615,2,0.0019588638589618022,1,0.0009794319294809011,16,0.015670910871694418,0,0.0,19,0.01860920666013712,1021,1.0,INE_DIPUTACIONES_FED_2021,SECCION,PARCIAL,CATALOGO_INE_2026
440,3,BAJA CALIFORNIA SUR,MULEGE,,13,77,845,904,1.0698224852071005,-0.06982248520710055,UNIDOS_CONTIGO,448,0.49557522123893805,123,0.13606194690265486,MORENA,325,0.35951327433628316,266,0.2942477876106195,PT,59,0.06526548672566372,UNIDOS_CONTIGO,448,0.49557522123893805,123,0.13606194690265486,MORENA,325,0.35951327433628316,266,0.2942477876106195,PT,59,0.06526548672566372,448,0.49557522123893805,59,0.06526548672566372,3,0.00331858407079646,2,0.0022123893805309734,325,0.35951327433628316,2,0.0022123893805309734,36,0.03982300884955752,3,0.00331858407079646,2,0.0022123893805309734,2,0.0022123893805309734,3,0.00331858407079646,4,0.004424778761061947,0,0.0,15,0.016592920353982302,904,1.0,INE_DIPUTACIONES_FED_2021,SECCION,PARCIAL,CATALOGO_INE_2026
441,3,BAJA CALIFORNIA SUR,MULEGE,,13,78,1143,738,0.6456692913385826,0.35433070866141736,UNIDOS_CONTIGO,420,0.5691056910569106,236,0.31978319783197834,MORENA,184,0.24932249322493225,130,0.17615176151761516,PNABCS,54,0.07317073170731707,UNIDOS_CONTIGO,420,0.5691056910569106,236,0.31978319783197834,MORENA,184,0.24932249322493225,130,0.17615176151761516,PNABCS,54,0.07317073170731707,420,0.5691056910569106,42,0.056910569105691054,4,0.005420054200542005,2,0.0027100271002710027,184,0.24932249322493225,1,0.0013550135501355014,54,0.07317073170731707,4,0.005420054200542005,5,0.006775067750677507,1,0.0013550135501355014,2,0.0027100271002710027,5,0.006775067750677507,0,0.0,14,0.018970189701897018,738,1.0,INE_DIPUTACIONES_FED_2021,SECCION,PARCIAL,CATALOGO_INE_2026
442,3,BAJA CALIFORNIA SUR,MULEGE,,13,79,658,391,0.5942249240121581,0.4057750759878419,UNIDOS_CONTIGO,187,0.4782608695652174,46,0.11764705882352941,MORENA,141,0.36061381074168797,116,0.2966751918158568,PT,25,0.0639386189258312,UNIDOS_CONTIGO,187,0.4782608695652174,46,0.11764705882352941,MORENA,141,0.36061381074168797,116,0.2966751918158568,PT,25,0.0639386189258312,187,0.4782608695652174,25,0.0639386189258312,1,0.0025575447570332483,2,0.005115089514066497,141,0.36061381074168797,0,0.0,11,0.028132992327365727,1,0.0025575447570332483,2,0.005115089514066497,1,0.0025575447570332483,0,0.0,9,0.023017902813299233,1,0.0025575447570332483,10,0.02557544757033248,391,1.0,INE_DIPUTACIONES_FED_2021,SECCION,PARCIAL,CATALOGO_INE_2026
443,3,BAJA CALIFORNIA SUR,MULEGE,,13,80,1114,654,0.5870736086175943,0.4129263913824057,UNIDOS_CONTIGO,265,0.40519877675840976,3,0.0045871559633027525,MORENA,262,0.40061162079510704,212,0.3241590214067278,PT,50,0.0764525993883792,UNIDOS_CONTIGO,265,0.40519877675840976,3,0.0045871559633027525,MORENA,262,0.40061162079510704,212,0.3241590214067278,PT,50,0.0764525993883792,265,0.40519877675840976,50,0.0764525993883792,6,0.009174311926605505,4,0.0061162079510703364,262,0.40061162079510704,2,0.0030581039755351682,34,0.05198776758409786,2,0.0030581039755351682,1,0.0015290519877675841,0,0.0,3,0.0045871559633027525,14,0.021406727828746176,0,0.0,11,0.016819571865443424,654,1.0,INE_DIPUTACIONES_FED_2021,SECCION,PARCIAL,CATALOGO_INE_2026
444,3,BAJA CALIFORNIA SUR,MULEGE,,13,81,494,296,0.5991902834008097,0.4008097165991903,UNIDOS_CONTIGO,132,0.44594594594594594,30,0.10135135135135136,MORENA,102,0.34459459459459457,79,0.2668918918918919,PNABCS,23,0.0777027027027027,UNIDOS_CONTIGO,132,0.44594594594594594,30,0.10135135135135136,MORENA,102,0.34459459459459457,79,0.2668918918918919,PNABCS,23,0.0777027027027027,132,0.44594594594594594,19,0.06418918918918919,2,0.006756756756756757,2,0.006756756756756757,102,0.34459459459459457,3,0.010135135135135136,23,0.0777027027027027,0,0.0,4,0.013513513513513514,1,0.0033783783783783786,1,0.0033783783783783786,3,0.010135135135135136,0,0.0,4,0.013513513513513514,296,1.0,INE_DIPUTACIONES_FED_2021,SECCION,PARCIAL,CATALOGO_INE_2026
445,3,BAJA CALIFORNIA SUR,MULEGE,,13,82,973,630,0.6474820143884892,0.3525179856115108,UNIDOS_CONTIGO,360,0.5714285714285714,190,0.30158730158730157,MORENA,170,0.2698412698412698,124,0.19682539682539682,PT,46,0.07301587301587302,UNIDOS_CONTIGO,360,0.5714285714285714,190,0.30158730158730157,MORENA,170,0.2698412698412698,124,0.19682539682539682,PT,46,0.07301587301587302,360,0.5714285714285714,46,0.07301587301587302,2,0.0031746031746031746,2,0.0031746031746031746,170,0.2698412698412698,0,0.0,25,0.03968253968253968,3,0.004761904761904762,2,0.0031746031746031746,2,0.0031746031746031746,1,0.0015873015873015873,7,0.011111111111111112,0,0.0,10,0.015873015873015872,630,1.0,INE_DIPUTACIONES_FED_2021,SECCION,PARCIAL,CATALOGO_INE_2026
446,3,BAJA CALIFORNIA SUR,MULEGE,,13,83,2984,1947,0.6524798927613941,0.34752010723860594,UNIDOS_CONTIGO,1040,0.5341551104262968,428,0.21982537236774524,MORENA,612,0.31432973805855163,505,0.2593733949666153,PT,107,0.05495634309193631,UNIDOS_CONTIGO,1040,0.5341551104262968,428,0.21982537236774524,MORENA,612,0.31432973805855163,505,0.2593733949666153,PT,107,0.05495634309193631,1040,0.5341551104262968,107,0.05495634309193631,16,0.008217770929635337,7,0.0035952747817154596,612,0.31432973805855163,3,0.0015408320493066256,98,0.050333846944016436,1,0.0005136106831022085,6,0.0030816640986132513,6,0.0030816640986132513,4,0.002054442732408834,15,0.007704160246533128,0,0.0,32,0.016435541859270673,1947,1.0,INE_DIPUTACIONES_FED_2021,SECCION,PARCIAL,CATALOGO_INE_2026
447,3,BAJA CALIFORNIA SUR,MULEGE,,13,84,206,100,0.4854368932038835,0.5145631067961165,MORENA,55,0.55,31,0.31,UNIDOS_CONTIGO,24,0.24,13,0.13,PNABCS,11,0.11,MORENA,55,0.55,31,0.31,UNIDOS_CONTIGO,24,0.24,13,0.13,PNABCS,11,0.11,24,0.24,3,0.03,2,0.02,0,0.0,55,0.55,1,0.01,11,0.11,0,0.0,0,0.0,0,0.0,0,0.0,3,0.03,0,0.0,1,0.01,100,1.0,INE_DIPUTACIONES_FED_2021,SECCION,PARCIAL,CATALOGO_INE_2026
448,3,BAJA CALIFORNIA SUR,MULEGE,,13,85,1361,728,0.5349008082292432,0.46509919177075676,UNIDOS_CONTIGO,343,0.47115384615384615,77,0.10576923076923077,MORENA,266,0.36538461538461536,225,0.3090659340659341,PT,41,0.05631868131868132,UNIDOS_CONTIGO,343,0.47115384615384615,77,0.10576923076923077,MORENA,266,0.36538461538461536,225,0.3090659340659341,PT,41,0.05631868131868132,343,0.47115384615384615,41,0.05631868131868132,6,0.008241758241758242,5,0.006868131868131868,266,0.36538461538461536,6,0.008241758241758242,32,0.04395604395604396,3,0.004120879120879121,0,0.0,4,0.005494505494505495,2,0.0027472527472527475,2,0.0027472527472527475,0,0.0,18,0.024725274725274724,728,1.0,INE_DIPUTACIONES_FED_2021,SECCION,PARCIAL,CATALOGO_INE_2026
449,3,BAJA CALIFORNIA SUR,MULEGE,,13,86,128,86,0.671875,0.328125,UNIDOS_CONTIGO,35,0.4069767441860465,12,0.13953488372093023,MORENA,23,0.26744186046511625,7,0.08139534883720931,PNABCS,16,0.18604651162790697,UNIDOS_CONTIGO,35,0.4069767441860465,12,0.13953488372093023,MORENA,23,0.26744186046511625,7,0.08139534883720931,PNABCS,16,0.18604651162790697,35,0.4069767441860465,2,0.023255813953488372,3,0.03488372093023256,0,0.0,23,0.26744186046511625,1,0.011627906976744186,16,0.18604651162790697,1,0.011627906976744186,1,0.011627906976744186,0,0.0,0,0.0,0,0.0,0,0.0,4,0.046511627906976744,86,1.0,INE_DIPUTACIONES_FED_2021,SECCION,PARCIAL,CATALOGO_INE_2026
450,3,BAJA CALIFORNIA SUR,MULEGE,,13,87,244,136,0.5573770491803278,0.4426229508196722,UNIDOS_CONTIGO,66,0.4852941176470588,30,0.22058823529411764,MORENA,36,0.2647058823529412,27,0.19852941176470587,PNABCS,9,0.0661764705882353,UNIDOS_CONTIGO,66,0.4852941176470588,30,0.22058823529411764,MORENA,36,0.2647058823529412,27,0.19852941176470587,PNABCS,9,0.0661764705882353,66,0.4852941176470588,7,0.051470588235294115,2,0.014705882352941176,0,0.0,36,0.2647058823529412,1,0.007352941176470588,9,0.0661764705882353,0,0.0,0,0.0,2,0.014705882352941176,0,0.0,0,0.0,0,0.0,13,0.09558823529411764,136,1.0,INE_DIPUTACIONES_FED_2021,SECCION,PARCIAL,CATALOGO_INE_2026
451,3,BAJA CALIFORNIA SUR,MULEGE,,13,88,913,504,0.552026286966046,0.44797371303395395,MORENA,228,0.4523809523809524,79,0.15674603174603174,UNIDOS_CONTIGO,149,0.29563492063492064,115,0.22817460317460317,PT,34,0.06746031746031746,MORENA,228,0.4523809523809524,79,0.15674603174603174,UNIDOS_CONTIGO,149,0.29563492063492064,115,0.22817460317460317,PT,34,0.06746031746031746,149,0.29563492063492064,34,0.06746031746031746,5,0.00992063492063492,6,0.011904761904761904,228,0.4523809523809524,3,0.005952380952380952,26,0.051587301587301584,2,0.003968253968253968,3,0.005952380952380952,2,0.003968253968253968,5,0.00992063492063492,11,0.021825396825396824,0,0.0,30,0.05952380952380952,504,1.0,INE_DIPUTACIONES_FED_2021,SECCION,PARCIAL,CATALOGO_INE_2026
452,3,BAJA CALIFORNIA SUR,MULEGE,,13,89,920,527,0.5728260869565217,0.4271739130434783,MORENA,218,0.41366223908918404,34,0.06451612903225806,UNIDOS_CONTIGO,184,0.349146110056926,141,0.2675521821631879,PT,43,0.08159392789373814,MORENA,218,0.41366223908918404,34,0.06451612903225806,UNIDOS_CONTIGO,184,0.349146110056926,141,0.2675521821631879,PT,43,0.08159392789373814,184,0.349146110056926,43,0.08159392789373814,16,0.030360531309297913,3,0.0056925996204933585,218,0.41366223908918404,1,0.0018975332068311196,12,0.022770398481973434,0,0.0,3,0.0056925996204933585,3,0.0056925996204933585,10,0.018975332068311195,7,0.013282732447817837,0,0.0,27,0.051233396584440226,527,1.0,INE_DIPUTACIONES_FED_2021,SECCION,PARCIAL,CATALOGO_INE_2026
453,3,BAJA CALIFORNIA SUR,MULEGE,,13,90,629,382,0.6073131955484896,0.3926868044515104,MORENA,151,0.39528795811518325,1,0.002617801047120419,UNIDOS_CONTIGO,150,0.39267015706806285,128,0.33507853403141363,PT,22,0.05759162303664921,MORENA,151,0.39528795811518325,1,0.002617801047120419,UNIDOS_CONTIGO,150,0.39267015706806285,128,0.33507853403141363,PT,22,0.05759162303664921,150,0.39267015706806285,22,0.05759162303664921,4,0.010471204188481676,3,0.007853403141361256,151,0.39528795811518325,1,0.002617801047120419,13,0.034031413612565446,4,0.010471204188481676,2,0.005235602094240838,2,0.005235602094240838,1,0.002617801047120419,10,0.02617801047120419,0,0.0,19,0.049738219895287955,382,1.0,INE_DIPUTACIONES_FED_2021,SECCION,PARCIAL,CATALOGO_INE_2026
454,3,BAJA CALIFORNIA SUR,MULEGE,,13,91,608,371,0.6101973684210527,0.38980263157894735,MORENA,168,0.4528301886792453,50,0.1347708894878706,UNIDOS_CONTIGO,118,0.31805929919137466,97,0.261455525606469,PT,21,0.05660377358490566,MORENA,168,0.4528301886792453,50,0.1347708894878706,UNIDOS_CONTIGO,118,0.31805929919137466,97,0.261455525606469,PT,21,0.05660377358490566,118,0.31805929919137466,21,0.05660377358490566,8,0.0215633423180593,2,0.005390835579514825,168,0.4528301886792453,8,0.0215633423180593,12,0.03234501347708895,2,0.005390835579514825,2,0.005390835579514825,0,0.0,6,0.016172506738544475,11,0.029649595687331536,0,0.0,13,0.03504043126684636,371,1.0,INE_DIPUTACIONES_FED_2021,SECCION,PARCIAL,CATALOGO_INE_2026
455,3,BAJA CALIFORNIA SUR,MULEGE,,13,111,308,195,0.6331168831168831,0.3668831168831169,UNIDOS_CONTIGO,79,0.40512820512820513,5,0.02564102564102564,MORENA,74,0.37948717948717947,57,0.2923076923076923,PNABCS,17,0.08717948717948718,UNIDOS_CONTIGO,79,0.40512820512820513,5,0.02564102564102564,MORENA,74,0.37948717948717947,57,0.2923076923076923,PNABCS,17,0.08717948717948718,79,0.40512820512820513,9,0.046153846153846156,3,0.015384615384615385,0,0.0,74,0.37948717948717947,1,0.005128205128205128,17,0.08717948717948718,2,0.010256410256410256,1,0.005128205128205128,1,0.005128205128205128,2,0.010256410256410256,1,0.005128205128205128,0,0.0,5,0.02564102564102564,195,1.0,INE_DIPUTACIONES_FED_2021,SECCION,PARCIAL,CATALOGO_INE_2026
456,3,BAJA CALIFORNIA SUR,MULEGE,,13,117,479,280,0.5845511482254697,0.4154488517745303,MORENA,105,0.375,6,0.02142857142857143,UNIDOS_CONTIGO,99,0.3535714285714286,76,0.2714285714285714,PNABCS,23,0.08214285714285714,MORENA,105,0.375,6,0.02142857142857143,UNIDOS_CONTIGO,99,0.3535714285714286,76,0.2714285714285714,PNABCS,23,0.08214285714285714,99,0.3535714285714286,12,0.04285714285714286,3,0.010714285714285714,0,0.0,105,0.375,4,0.014285714285714285,23,0.08214285714285714,2,0.007142857142857143,1,0.0035714285714285713,1,0.0035714285714285713,6,0.02142857142857143,5,0.017857142857142856,0,0.0,19,0.06785714285714285,280,1.0,INE_DIPUTACIONES_FED_2021,SECCION,PARCIAL,CATALOGO_INE_2026
457,3,BAJA CALIFORNIA SUR,MULEGE,,13,118,426,251,0.5892018779342723,0.41079812206572774,MORENA,108,0.4302788844621514,21,0.08366533864541832,UNIDOS_CONTIGO,87,0.3466135458167331,66,0.26294820717131473,PT,21,0.08366533864541832,MORENA,108,0.4302788844621514,21,0.08366533864541832,UNIDOS_CONTIGO,87,0.3466135458167331,66,0.26294820717131473,PT,21,0.08366533864541832,87,0.3466135458167331,21,0.08366533864541832,8,0.03187250996015936,0,0.0,108,0.4302788844621514,1,0.00398406374501992,14,0.055776892430278883,0,0.0,2,0.00796812749003984,2,0.00796812749003984,0,0.0,0,0.0,0,0.0,8,0.03187250996015936,251,1.0,INE_DIPUTACIONES_FED_2021,SECCION,PARCIAL,CATALOGO_INE_2026
458,3,BAJA CALIFORNIA SUR,MULEGE,,13,119,357,218,0.6106442577030813,0.3893557422969187,MORENA,105,0.481651376146789,41,0.18807339449541285,UNIDOS_CONTIGO,64,0.29357798165137616,55,0.25229357798165136,PNABCS,9,0.04128440366972477,MORENA,105,0.481651376146789,41,0.18807339449541285,UNIDOS_CONTIGO,64,0.29357798165137616,55,0.25229357798165136,PNABCS,9,0.04128440366972477,64,0.29357798165137616,7,0.03211009174311927,6,0.027522935779816515,7,0.03211009174311927,105,0.481651376146789,1,0.0045871559633027525,9,0.04128440366972477,0,0.0,2,0.009174311926605505,1,0.0045871559633027525,2,0.009174311926605505,2,0.009174311926605505,0,0.0,12,0.05504587155963303,218,1.0,INE_DIPUTACIONES_FED_2021,SECCION,PARCIAL,CATALOGO_INE_2026
459,3,BAJA CALIFORNIA SUR,MULEGE,,14,92,305,178,0.5836065573770491,0.41639344262295086,MORENA,83,0.46629213483146065,22,0.12359550561797752,UNIDOS_CONTIGO,61,0.34269662921348315,49,0.2752808988764045,PT,12,0.06741573033707865,MORENA,83,0.46629213483146065,22,0.12359550561797752,UNIDOS_CONTIGO,61,0.34269662921348315,49,0.2752808988764045,PT,12,0.06741573033707865,61,0.34269662921348315,12,0.06741573033707865,2,0.011235955056179775,0,0.0,83,0.46629213483146065,6,0.033707865168539325,10,0.056179775280898875,1,0.0056179775280898875,2,0.011235955056179775,0,0.0,0,0.0,0,0.0,0,0.0,1,0.0056179775280898875,178,1.0,INE_DIPUTACIONES_FED_2021,SECCION,PARCIAL,CATALOGO_INE_2026
460,3,BAJA CALIFORNIA SUR,MULEGE,,14,93,437,241,0.551487414187643,0.448512585812357,MORENA,103,0.42738589211618255,2,0.008298755186721992,UNIDOS_CONTIGO,101,0.4190871369294606,87,0.36099585062240663,PNABCS,14,0.058091286307053944,MORENA,103,0.42738589211618255,2,0.008298755186721992,UNIDOS_CONTIGO,101,0.4190871369294606,87,0.36099585062240663,PNABCS,14,0.058091286307053944,101,0.4190871369294606,8,0.03319502074688797,1,0.004149377593360996,3,0.012448132780082987,103,0.42738589211618255,3,0.012448132780082987,14,0.058091286307053944,0,0.0,0,0.0,0,0.0,0,0.0,3,0.012448132780082987,0,0.0,5,0.02074688796680498,241,1.0,INE_DIPUTACIONES_FED_2021,SECCION,PARCIAL,CATALOGO_INE_2026
461,3,BAJA CALIFORNIA SUR,MULEGE,,14,94,3375,1501,0.4447407407407407,0.5552592592592593,MORENA,659,0.4390406395736176,167,0.11125916055962691,UNIDOS_CONTIGO,492,0.3277814790139907,407,0.27115256495669554,PNABCS,85,0.056628914057295136,MORENA,659,0.4390406395736176,167,0.11125916055962691,UNIDOS_CONTIGO,492,0.3277814790139907,407,0.27115256495669554,PNABCS,85,0.056628914057295136,492,0.3277814790139907,75,0.049966688874083946,20,0.013324450366422385,11,0.0073284477015323115,659,0.4390406395736176,58,0.038640906062624915,85,0.056628914057295136,16,0.010659560293137908,6,0.003997335109926716,3,0.001998667554963358,1,0.0006662225183211193,23,0.015323117921385743,2,0.0013324450366422385,50,0.033311125916055964,1501,1.0,INE_DIPUTACIONES_FED_2021,SECCION,PARCIAL,CATALOGO_INE_2026
462,3,BAJA CALIFORNIA SUR,MULEGE,,14,95,826,371,0.4491525423728814,0.5508474576271186,MORENA,173,0.46630727762803237,65,0.1752021563342318,UNIDOS_CONTIGO,108,0.29110512129380056,85,0.22911051212938005,PT,23,0.06199460916442048,MORENA,173,0.46630727762803237,65,0.1752021563342318,UNIDOS_CONTIGO,108,0.29110512129380056,85,0.22911051212938005,PT,23,0.06199460916442048,108,0.29110512129380056,23,0.06199460916442048,8,0.0215633423180593,1,0.0026954177897574125,173,0.46630727762803237,14,0.03773584905660377,20,0.05390835579514825,6,0.016172506738544475,0,0.0,2,0.005390835579514825,0,0.0,2,0.005390835579514825,2,0.005390835579514825,12,0.03234501347708895,371,1.0,INE_DIPUTACIONES_FED_2021,SECCION,PARCIAL,CATALOGO_INE_2026
463,3,BAJA CALIFORNIA SUR,MULEGE,,14,96,1128,526,0.46631205673758863,0.5336879432624113,MORENA,254,0.4828897338403042,107,0.20342205323193915,UNIDOS_CONTIGO,147,0.279467680608365,119,0.2262357414448669,PNABCS,28,0.053231939163498096,MORENA,254,0.4828897338403042,107,0.20342205323193915,UNIDOS_CONTIGO,147,0.279467680608365,119,0.2262357414448669,PNABCS,28,0.053231939163498096,147,0.279467680608365,27,0.051330798479087454,11,0.02091254752851711,6,0.011406844106463879,254,0.4828897338403042,12,0.022813688212927757,28,0.053231939163498096,5,0.009505703422053232,3,0.005703422053231939,5,0.009505703422053232,7,0.013307984790874524,12,0.022813688212927757,0,0.0,9,0.017110266159695818,526,1.0,INE_DIPUTACIONES_FED_2021,SECCION,PARCIAL,CATALOGO_INE_2026
464,3,BAJA CALIFORNIA SUR,MULEGE,,14,97,1098,886,0.8069216757741348,0.19307832422586524,MORENA,412,0.4650112866817156,114,0.12866817155756208,UNIDOS_CONTIGO,298,0.3363431151241535,265,0.29909706546275394,PT,33,0.03724604966139955,MORENA,412,0.4650112866817156,114,0.12866817155756208,UNIDOS_CONTIGO,298,0.3363431151241535,265,0.29909706546275394,PT,33,0.03724604966139955,298,0.3363431151241535,33,0.03724604966139955,18,0.020316027088036117,9,0.010158013544018058,412,0.4650112866817156,27,0.030474040632054177,30,0.033860045146726865,11,0.012415349887133182,2,0.002257336343115124,2,0.002257336343115124,6,0.006772009029345372,18,0.020316027088036117,0,0.0,20,0.022573363431151242,886,1.0,INE_DIPUTACIONES_FED_2021,SECCION,PARCIAL,CATALOGO_INE_2026
465,3,BAJA CALIFORNIA SUR,MULEGE,,14,98,1968,943,0.4791666666666667,0.5208333333333333,MORENA,448,0.4750795334040297,135,0.14316012725344646,UNIDOS_CONTIGO,313,0.33191940615058324,261,0.2767762460233298,PNABCS,52,0.05514316012725345,MORENA,448,0.4750795334040297,135,0.14316012725344646,UNIDOS_CONTIGO,313,0.33191940615058324,261,0.2767762460233298,PNABCS,52,0.05514316012725345,313,0.33191940615058324,38,0.04029692470837752,20,0.021208907741251327,12,0.012725344644750796,448,0.4750795334040297,17,0.018027571580063628,52,0.05514316012725345,14,0.014846235418875928,2,0.0021208907741251328,3,0.003181336161187699,3,0.003181336161187699,2,0.0021208907741251328,0,0.0,19,0.02014846235418876,943,1.0,INE_DIPUTACIONES_FED_2021,SECCION,PARCIAL,CATALOGO_INE_2026
466,3,BAJA CALIFORNIA SUR,MULEGE,,14,99,374,264,0.7058823529411765,0.2941176470588235,UNIDOS_CONTIGO,134,0.5075757575757576,79,0.29924242424242425,MORENA,55,0.20833333333333334,3,0.011363636363636364,PNABCS,52,0.19696969696969696,UNIDOS_CONTIGO,134,0.5075757575757576,79,0.29924242424242425,MORENA,55,0.20833333333333334,3,0.011363636363636364,PNABCS,52,0.19696969696969696,134,0.5075757575757576,8,0.030303030303030304,1,0.003787878787878788,0,0.0,55,0.20833333333333334,1,0.003787878787878788,52,0.19696969696969696,1,0.003787878787878788,0,0.0,1,0.003787878787878788,0,0.0,0,0.0,0,0.0,11,0.041666666666666664,264,1.0,INE_DIPUTACIONES_FED_2021,SECCION,PARCIAL,CATALOGO_INE_2026
467,3,BAJA CALIFORNIA SUR,MULEGE,,14,101,139,103,0.7410071942446043,0.25899280575539574,MORENA,37,0.3592233009708738,6,0.05825242718446602,UNIDOS_CONTIGO,31,0.30097087378640774,18,0.17475728155339806,PNABCS,13,0.1262135922330097,MORENA,37,0.3592233009708738,6,0.05825242718446602,UNIDOS_CONTIGO,31,0.30097087378640774,18,0.17475728155339806,PNABCS,13,0.1262135922330097,31,0.30097087378640774,8,0.07766990291262135,1,0.009708737864077669,1,0.009708737864077669,37,0.3592233009708738,2,0.019417475728155338,13,0.1262135922330097,1,0.009708737864077669,0,0.0,0,0.0,0,0.0,4,0.038834951456310676,0,0.0,5,0.04854368932038835,103,1.0,INE_DIPUTACIONES_FED_2021,SECCION,PARCIAL,CATALOGO_INE_2026
468,3,BAJA CALIFORNIA SUR,MULEGE,,14,102,754,239,0.3169761273209549,0.6830238726790451,UNIDOS_CONTIGO,85,0.35564853556485354,19,0.0794979079497908,MORENA,66,0.27615062761506276,29,0.12133891213389121,PNABCS,37,0.15481171548117154,UNIDOS_CONTIGO,85,0.35564853556485354,19,0.0794979079497908,MORENA,66,0.27615062761506276,29,0.12133891213389121,PNABCS,37,0.15481171548117154,85,0.35564853556485354,20,0.08368200836820083,2,0.008368200836820083,2,0.008368200836820083,66,0.27615062761506276,0,0.0,37,0.15481171548117154,5,0.02092050209205021,2,0.008368200836820083,0,0.0,0,0.0,7,0.029288702928870293,1,0.0041841004184100415,12,0.0502092050209205,239,1.0,INE_DIPUTACIONES_FED_2021,SECCION,PARCIAL,CATALOGO_INE_2026
469,3,BAJA CALIFORNIA SUR,MULEGE,,14,103,728,432,0.5934065934065934,0.4065934065934066,UNIDOS_CONTIGO,181,0.41898148148148145,19,0.04398148148148148,MORENA,162,0.375,131,0.30324074074074076,PNABCS,31,0.07175925925925926,UNIDOS_CONTIGO,181,0.41898148148148145,19,0.04398148148148148,MORENA,162,0.375,131,0.30324074074074076,PNABCS,31,0.07175925925925926,181,0.41898148148148145,26,0.06018518518518518,7,0.016203703703703703,2,0.004629629629629629,162,0.375,3,0.006944444444444444,31,0.07175925925925926,1,0.0023148148148148147,0,0.0,2,0.004629629629629629,0,0.0,2,0.004629629629629629,0,0.0,15,0.034722222222222224,432,1.0,INE_DIPUTACIONES_FED_2021,SECCION,PARCIAL,CATALOGO_INE_2026
470,3,BAJA CALIFORNIA SUR,MULEGE,,14,104,8042,3351,0.41668739119621984,0.5833126088037801,MORENA,1437,0.4288272157564906,507,0.1512981199641898,UNIDOS_CONTIGO,930,0.2775290957923008,557,0.1662190390928081,PNABCS,373,0.11131005669949269,MORENA,1437,0.4288272157564906,507,0.1512981199641898,UNIDOS_CONTIGO,930,0.2775290957923008,557,0.1662190390928081,PNABCS,373,0.11131005669949269,930,0.2775290957923008,200,0.05968367651447329,78,0.023276633840644583,18,0.005371530886302597,1437,0.4288272157564906,27,0.008057296329453895,373,0.11131005669949269,36,0.010743061772605193,27,0.008057296329453895,6,0.0017905102954341987,14,0.0041778573560131305,50,0.014920919128618322,0,0.0,155,0.0462548492987168,3351,1.0,INE_DIPUTACIONES_FED_2021,SECCION,PARCIAL,INFERIDA_SECCION_VECINA
471,3,BAJA CALIFORNIA SUR,MULEGE,,14,105,154,89,0.577922077922078,0.42207792207792205,MORENA,51,0.5730337078651685,34,0.38202247191011235,PNABCS,17,0.19101123595505617,6,0.06741573033707865,UNIDOS_CONTIGO,11,0.12359550561797752,MORENA,51,0.5730337078651685,34,0.38202247191011235,PNABCS,17,0.19101123595505617,6,0.06741573033707865,UNIDOS_CONTIGO,11,0.12359550561797752,11,0.12359550561797752,5,0.056179775280898875,0,0.0,1,0.011235955056179775,51,0.5730337078651685,1,0.011235955056179775,17,0.19101123595505617,1,0.011235955056179775,0,0.0,0,0.0,0,0.0,1,0.011235955056179775,0,0.0,1,0.011235955056179775,89,1.0,INE_DIPUTACIONES_FED_2021,SECCION,PARCIAL,CATALOGO_INE_2026
472,3,BAJA CALIFORNIA SUR,MULEGE,,14,107,398,190,0.47738693467336685,0.5226130653266332,MORENA,92,0.4842105263157895,42,0.22105263157894736,UNIDOS_CONTIGO,50,0.2631578947368421,29,0.15263157894736842,PNABCS,21,0.11052631578947368,MORENA,92,0.4842105263157895,42,0.22105263157894736,UNIDOS_CONTIGO,50,0.2631578947368421,29,0.15263157894736842,PNABCS,21,0.11052631578947368,50,0.2631578947368421,9,0.04736842105263158,2,0.010526315789473684,2,0.010526315789473684,92,0.4842105263157895,5,0.02631578947368421,21,0.11052631578947368,1,0.005263157894736842,0,0.0,1,0.005263157894736842,1,0.005263157894736842,3,0.015789473684210527,0,0.0,3,0.015789473684210527,190,1.0,INE_DIPUTACIONES_FED_2021,SECCION,PARCIAL,CATALOGO_INE_2026
473,3,BAJA CALIFORNIA SUR,MULEGE,,14,108,979,516,0.5270684371807968,0.47293156281920323,MORENA,232,0.4496124031007752,52,0.10077519379844961,UNIDOS_CONTIGO,180,0.3488372093023256,139,0.2693798449612403,PNABCS,41,0.07945736434108527,MORENA,232,0.4496124031007752,52,0.10077519379844961,UNIDOS_CONTIGO,180,0.3488372093023256,139,0.2693798449612403,PNABCS,41,0.07945736434108527,180,0.3488372093023256,26,0.050387596899224806,7,0.013565891472868217,5,0.009689922480620155,232,0.4496124031007752,4,0.007751937984496124,41,0.07945736434108527,5,0.009689922480620155,1,0.001937984496124031,0,0.0,1,0.001937984496124031,5,0.009689922480620155,0,0.0,9,0.01744186046511628,516,1.0,INE_DIPUTACIONES_FED_2021,SECCION,PARCIAL,CATALOGO_INE_2026
474,3,BAJA CALIFORNIA SUR,MULEGE,,14,109,541,284,0.5249537892791127,0.47504621072088726,MORENA,127,0.4471830985915493,37,0.13028169014084506,UNIDOS_CONTIGO,90,0.31690140845070425,62,0.21830985915492956,PNABCS,28,0.09859154929577464,MORENA,127,0.4471830985915493,37,0.13028169014084506,UNIDOS_CONTIGO,90,0.31690140845070425,62,0.21830985915492956,PNABCS,28,0.09859154929577464,90,0.31690140845070425,17,0.05985915492957746,4,0.014084507042253521,2,0.007042253521126761,127,0.4471830985915493,5,0.017605633802816902,28,0.09859154929577464,3,0.01056338028169014,0,0.0,1,0.0035211267605633804,1,0.0035211267605633804,1,0.0035211267605633804,0,0.0,5,0.017605633802816902,284,1.0,INE_DIPUTACIONES_FED_2021,SECCION,PARCIAL,CATALOGO_INE_2026
475,3,BAJA CALIFORNIA SUR,MULEGE,,14,110,238,164,0.6890756302521008,0.31092436974789917,MORENA,72,0.43902439024390244,21,0.12804878048780488,UNIDOS_CONTIGO,51,0.31097560975609756,36,0.21951219512195122,PNABCS,15,0.09146341463414634,MORENA,72,0.43902439024390244,21,0.12804878048780488,UNIDOS_CONTIGO,51,0.31097560975609756,36,0.21951219512195122,PNABCS,15,0.09146341463414634,51,0.31097560975609756,14,0.08536585365853659,1,0.006097560975609756,0,0.0,72,0.43902439024390244,2,0.012195121951219513,15,0.09146341463414634,1,0.006097560975609756,1,0.006097560975609756,0,0.0,0,0.0,0,0.0,0,0.0,7,0.042682926829268296,164,1.0,INE_DIPUTACIONES_FED_2021,SECCION,PARCIAL,CATALOGO_INE_2026
476,3,BAJA CALIFORNIA SUR,MULEGE,,14,112,519,303,0.5838150289017341,0.4161849710982659,UNIDOS_CONTIGO,136,0.44884488448844884,20,0.066006600660066,MORENA,116,0.38283828382838286,95,0.31353135313531355,PNABCS,21,0.06930693069306931,UNIDOS_CONTIGO,136,0.44884488448844884,20,0.066006600660066,MORENA,116,0.38283828382838286,95,0.31353135313531355,PNABCS,21,0.06930693069306931,136,0.44884488448844884,6,0.019801980198019802,6,0.019801980198019802,1,0.0033003300330033004,116,0.38283828382838286,1,0.0033003300330033004,21,0.06930693069306931,6,0.019801980198019802,0,0.0,0,0.0,0,0.0,4,0.013201320132013201,0,0.0,6,0.019801980198019802,303,1.0,INE_DIPUTACIONES_FED_2021,SECCION,PARCIAL,CATALOGO_INE_2026
477,3,BAJA CALIFORNIA SUR,MULEGE,,14,113,360,198,0.55,0.44999999999999996,MORENA,78,0.3939393939393939,13,0.06565656565656566,UNIDOS_CONTIGO,65,0.3282828282828283,48,0.24242424242424243,PNABCS,17,0.08585858585858586,MORENA,78,0.3939393939393939,13,0.06565656565656566,UNIDOS_CONTIGO,65,0.3282828282828283,48,0.24242424242424243,PNABCS,17,0.08585858585858586,65,0.3282828282828283,11,0.05555555555555555,5,0.025252525252525252,1,0.005050505050505051,78,0.3939393939393939,0,0.0,17,0.08585858585858586,6,0.030303030303030304,2,0.010101010101010102,0,0.0,0,0.0,4,0.020202020202020204,0,0.0,9,0.045454545454545456,198,1.0,INE_DIPUTACIONES_FED_2021,SECCION,PARCIAL,CATALOGO_INE_2026
478,3,BAJA CALIFORNIA SUR,MULEGE,,14,114,786,439,0.5585241730279898,0.44147582697201015,UNIDOS_CONTIGO,179,0.40774487471526194,4,0.009111617312072893,MORENA,175,0.39863325740318906,150,0.3416856492027335,PT,25,0.05694760820045558,UNIDOS_CONTIGO,179,0.40774487471526194,4,0.009111617312072893,MORENA,175,0.39863325740318906,150,0.3416856492027335,PT,25,0.05694760820045558,179,0.40774487471526194,25,0.05694760820045558,9,0.02050113895216401,3,0.00683371298405467,175,0.39863325740318906,6,0.01366742596810934,25,0.05694760820045558,1,0.002277904328018223,5,0.011389521640091117,2,0.004555808656036446,0,0.0,5,0.011389521640091117,0,0.0,4,0.009111617312072893,439,1.0,INE_DIPUTACIONES_FED_2021,SECCION,PARCIAL,CATALOGO_INE_2026
479,3,BAJA CALIFORNIA SUR,MULEGE,,14,115,159,96,0.6037735849056604,0.39622641509433965,MORENA,41,0.4270833333333333,16,0.16666666666666666,UNIDOS_CONTIGO,25,0.2604166666666667,11,0.11458333333333333,PNABCS,14,0.14583333333333334,MORENA,41,0.4270833333333333,16,0.16666666666666666,UNIDOS_CONTIGO,25,0.2604166666666667,11,0.11458333333333333,PNABCS,14,0.14583333333333334,25,0.2604166666666667,6,0.0625,1,0.010416666666666666,0,0.0,41,0.4270833333333333,1,0.010416666666666666,14,0.14583333333333334,0,0.0,3,0.03125,1,0.010416666666666666,0,0.0,1,0.010416666666666666,0,0.0,3,0.03125,96,1.0,INE_DIPUTACIONES_FED_2021,SECCION,PARCIAL,CATALOGO_INE_2026
480,3,BAJA CALIFORNIA SUR,MULEGE,,14,116,1172,705,0.6015358361774744,0.3984641638225256,MORENA,304,0.43120567375886526,46,0.06524822695035461,UNIDOS_CONTIGO,258,0.3659574468085106,202,0.2865248226950355,PNABCS,56,0.07943262411347518,MORENA,304,0.43120567375886526,46,0.06524822695035461,UNIDOS_CONTIGO,258,0.3659574468085106,202,0.2865248226950355,PNABCS,56,0.07943262411347518,258,0.3659574468085106,36,0.05106382978723404,7,0.009929078014184398,2,0.0028368794326241137,304,0.43120567375886526,2,0.0028368794326241137,56,0.07943262411347518,1,0.0014184397163120568,6,0.00851063829787234,2,0.0028368794326241137,2,0.0028368794326241137,16,0.02269503546099291,0,0.0,13,0.018439716312056736,705,1.0,INE_DIPUTACIONES_FED_2021,SECCION,PARCIAL,CATALOGO_INE_2026
481,3,BAJA CALIFORNIA SUR,MULEGE,,14,120,691,423,0.6121562952243126,0.3878437047756874,UNIDOS_CONTIGO,219,0.5177304964539007,78,0.18439716312056736,MORENA,141,0.3333333333333333,123,0.2907801418439716,PT,18,0.0425531914893617,UNIDOS_CONTIGO,219,0.5177304964539007,78,0.18439716312056736,MORENA,141,0.3333333333333333,123,0.2907801418439716,PT,18,0.0425531914893617,219,0.5177304964539007,18,0.0425531914893617,9,0.02127659574468085,2,0.004728132387706856,141,0.3333333333333333,4,0.009456264775413711,13,0.030732860520094562,5,0.01182033096926714,0,0.0,5,0.01182033096926714,1,0.002364066193853428,0,0.0,0,0.0,6,0.014184397163120567,423,1.0,INE_DIPUTACIONES_FED_2021,SECCION,PARCIAL,CATALOGO_INE_2026
