#,CVE_ENTIDAD,ENTIDAD,MUNICIPIO,DF,DL,SECCION,LISTA_NOMINAL,VOTOS_EMITIDOS,PARTICIPACION,ABSTENCION,1ER_LUGAR,1ERO_VOTOS,PCN,DIF_VOTOS_2DO,DIF_PCN_2DO,2DO_LUGAR,2DO_VOTOS,PCN,DIF_VOTOS_3RO,DIF_PCN_3RO,3ER_LUGAR,3RO_VOTOS,PCN,1PP_MV,VOTOS,PCN,DIF_2DO,PCN,2PP_MV,VOTOS,PCN,DIF_3RO,PCN,3PP_MV,VOTOS,PCN,PAN,PCN,PRI,PCN,PRD,PCN,PVEM,PCN,PT,PCN,MC,PCN,MORENA,PCN,MAS,PCN,CXQROO,PCN,FXMQROO,PCN,PAN_PRD_CQROO,PCN,PAN_PRD,PCN,PAN_CQROO,PCN,PRD_CQROO,PCN,PVEM_PT_MORENA_FXMQROO,PCN,PVEM_PT_MORENA,PCN,PVEM_PT_FXMQROO,PCN,PVEM_MORENA_FXMQROO,PCN,PT_MORENA_FXMQROO,PCN,PVEM_PT,PCN,PVEM_MORENA,PCN,PVEM_FXMQROO,PCN,PT_MORENA,PCN,PT_FXMQROO,PCN,MORENA_FXMQROO,PCN,CNR,PCN,NULOS,PCN,TOT_VOTOS,VALIDACION,LN_FUENTE,NIVEL,DESGLOSE_PARTIDOS,MUNICIPIO_FUENTE
1,23,QUINTANA ROO,BACALAR,,13,384,1234,587,0.47568881685575365,0.5243111831442464,MORENA,174,0.29642248722316866,94,0.16013628620102216,PT,80,0.1362862010221465,2,0.0034071550255536627,PVEM,78,0.13287904599659284,MORENA,174,0.29642248722316866,94,0.16013628620102216,PT,80,0.1362862010221465,2,0.0034071550255536627,PVEM,78,0.13287904599659284,13,0.022146507666098807,45,0.07666098807495741,33,0.056218057921635436,78,0.13287904599659284,80,0.1362862010221465,34,0.05792163543441227,174,0.29642248722316866,20,0.034071550255536626,27,0.04599659284497445,52,0.08858603066439523,0,0.0,3,0.005110732538330494,0,0.0,0,0.0,0,0.0,0,0.0,0,0.0,0,0.0,0,0.0,0,0.0,2,0.0034071550255536627,0,0.0,4,0.0068143100511073255,0,0.0,1,0.0017035775127768314,0,0.0,21,0.03577512776831346,587,1.0,ORIGEN,SECCION,COMPLETO,CATALOGO_INE_2026
2,23,QUINTANA ROO,BACALAR,,13,385,1353,787,0.581670362158167,0.41832963784183297,MORENA,191,0.24269377382465057,55,0.0698856416772554,PVEM,136,0.17280813214739518,2,0.0025412960609911056,MAS,134,0.17026683608640406,MORENA,191,0.24269377382465057,55,0.0698856416772554,PVEM,136,0.17280813214739518,2,0.0025412960609911056,MAS,134,0.17026683608640406,36,0.045743329097839895,19,0.0241423125794155,24,0.030495552731893267,136,0.17280813214739518,92,0.11689961880559085,32,0.04066073697585769,191,0.24269377382465057,134,0.17026683608640406,19,0.0241423125794155,57,0.0724269377382465,1,0.0012706480304955528,0,0.0,0,0.0,0,0.0,1,0.0012706480304955528,0,0.0,0,0.0,0,0.0,0,0.0,3,0.0038119440914866584,9,0.011435832274459974,2,0.0025412960609911056,1,0.0012706480304955528,0,0.0,1,0.0012706480304955528,1,0.0012706480304955528,28,0.035578144853875476,787,1.0,ORIGEN,SECCION,COMPLETO,CATALOGO_INE_2026
3,23,QUINTANA ROO,BACALAR,,13,386,426,255,0.5985915492957746,0.4014084507042254,MORENA,70,0.27450980392156865,3,0.011764705882352941,MAS,67,0.2627450980392157,35,0.13725490196078433,PT,32,0.12549019607843137,MORENA,70,0.27450980392156865,3,0.011764705882352941,MAS,67,0.2627450980392157,35,0.13725490196078433,PT,32,0.12549019607843137,7,0.027450980392156862,1,0.00392156862745098,11,0.043137254901960784,26,0.10196078431372549,32,0.12549019607843137,16,0.06274509803921569,70,0.27450980392156865,67,0.2627450980392157,8,0.03137254901960784,3,0.011764705882352941,0,0.0,0,0.0,0,0.0,0,0.0,0,0.0,0,0.0,0,0.0,0,0.0,0,0.0,0,0.0,1,0.00392156862745098,0,0.0,1,0.00392156862745098,0,0.0,0,0.0,0,0.0,12,0.047058823529411764,255,1.0,ORIGEN,SECCION,COMPLETO,CATALOGO_INE_2026
4,23,QUINTANA ROO,BACALAR,,13,387,756,481,0.6362433862433863,0.3637566137566137,MORENA,125,0.2598752598752599,22,0.04573804573804574,MAS,103,0.21413721413721415,41,0.08523908523908524,PT,62,0.1288981288981289,MORENA,125,0.2598752598752599,22,0.04573804573804574,MAS,103,0.21413721413721415,41,0.08523908523908524,PT,62,0.1288981288981289,13,0.02702702702702703,11,0.02286902286902287,21,0.04365904365904366,60,0.12474012474012475,62,0.1288981288981289,6,0.012474012474012475,125,0.2598752598752599,103,0.21413721413721415,22,0.04573804573804574,36,0.07484407484407485,0,0.0,2,0.004158004158004158,0,0.0,0,0.0,4,0.008316008316008316,0,0.0,0,0.0,2,0.004158004158004158,0,0.0,0,0.0,0,0.0,0,0.0,0,0.0,0,0.0,0,0.0,0,0.0,14,0.029106029106029108,481,1.0,ORIGEN,SECCION,COMPLETO,CATALOGO_INE_2026
5,23,QUINTANA ROO,BACALAR,,13,388,709,422,0.5952045133991537,0.4047954866008463,MAS,112,0.26540284360189575,20,0.04739336492890995,MORENA,92,0.21800947867298578,44,0.10426540284360189,PT,48,0.11374407582938388,MAS,112,0.26540284360189575,20,0.04739336492890995,MORENA,92,0.21800947867298578,44,0.10426540284360189,PT,48,0.11374407582938388,17,0.04028436018957346,9,0.02132701421800948,21,0.04976303317535545,31,0.07345971563981042,48,0.11374407582938388,14,0.03317535545023697,92,0.21800947867298578,112,0.26540284360189575,39,0.0924170616113744,39,0.0924170616113744,0,0.0,0,0.0,0,0.0,0,0.0,0,0.0,0,0.0,0,0.0,0,0.0,0,0.0,0,0.0,0,0.0,0,0.0,0,0.0,0,0.0,0,0.0,0,0.0,0,0.0,422,1.0,ORIGEN,SECCION,COMPLETO,CATALOGO_INE_2026
6,23,QUINTANA ROO,BACALAR,,13,389,1069,658,0.6155285313376988,0.3844714686623012,MORENA,187,0.28419452887537994,84,0.1276595744680851,PAN,103,0.15653495440729484,18,0.02735562310030395,MAS,85,0.12917933130699089,MORENA,187,0.28419452887537994,84,0.1276595744680851,PAN,103,0.15653495440729484,18,0.02735562310030395,MAS,85,0.12917933130699089,103,0.15653495440729484,5,0.007598784194528876,37,0.05623100303951368,75,0.11398176291793313,68,0.1033434650455927,17,0.025835866261398176,187,0.28419452887537994,85,0.12917933130699089,23,0.034954407294832825,30,0.04559270516717325,0,0.0,2,0.00303951367781155,0,0.0,0,0.0,0,0.0,1,0.001519756838905775,0,0.0,0,0.0,0,0.0,0,0.0,2,0.00303951367781155,1,0.001519756838905775,1,0.001519756838905775,1,0.001519756838905775,0,0.0,0,0.0,20,0.030395136778115502,658,1.0,ORIGEN,SECCION,COMPLETO,CATALOGO_INE_2026
7,23,QUINTANA ROO,BACALAR,,13,390,824,500,0.6067961165048543,0.3932038834951457,PVEM,159,0.318,59,0.118,MORENA,100,0.2,39,0.078,FXMQROO,61,0.122,PVEM,159,0.318,59,0.118,MORENA,100,0.2,39,0.078,FXMQROO,61,0.122,7,0.014,7,0.014,29,0.058,159,0.318,35,0.07,34,0.068,100,0.2,37,0.074,12,0.024,61,0.122,0,0.0,0,0.0,0,0.0,0,0.0,1,0.002,0,0.0,0,0.0,0,0.0,0,0.0,0,0.0,0,0.0,7,0.014,1,0.002,1,0.002,0,0.0,0,0.0,9,0.018,500,1.0,ORIGEN,SECCION,COMPLETO,CATALOGO_INE_2026
8,23,QUINTANA ROO,BACALAR,,13,391,673,326,0.48439821693907875,0.5156017830609212,MORENA,117,0.3588957055214724,59,0.18098159509202455,PT,58,0.17791411042944785,25,0.07668711656441718,PVEM,33,0.10122699386503067,MORENA,117,0.3588957055214724,59,0.18098159509202455,PT,58,0.17791411042944785,25,0.07668711656441718,PVEM,33,0.10122699386503067,10,0.03067484662576687,7,0.02147239263803681,12,0.03680981595092025,33,0.10122699386503067,58,0.17791411042944785,23,0.0705521472392638,117,0.3588957055214724,32,0.09815950920245399,9,0.027607361963190184,9,0.027607361963190184,1,0.003067484662576687,2,0.006134969325153374,0,0.0,0,0.0,0,0.0,0,0.0,2,0.006134969325153374,0,0.0,0,0.0,0,0.0,0,0.0,1,0.003067484662576687,2,0.006134969325153374,1,0.003067484662576687,1,0.003067484662576687,0,0.0,6,0.018404907975460124,326,1.0,ORIGEN,SECCION,COMPLETO,CATALOGO_INE_2026
9,23,QUINTANA ROO,BACALAR,,13,392,1934,675,0.3490175801447777,0.6509824198552223,MORENA,296,0.43851851851851853,188,0.2785185185185185,PVEM,108,0.16,22,0.03259259259259259,PT,86,0.1274074074074074,MORENA,296,0.43851851851851853,188,0.2785185185185185,PVEM,108,0.16,22,0.03259259259259259,PT,86,0.1274074074074074,19,0.028148148148148148,21,0.03111111111111111,20,0.02962962962962963,108,0.16,86,0.1274074074074074,42,0.06222222222222222,296,0.43851851851851853,19,0.028148148148148148,11,0.016296296296296295,6,0.008888888888888889,1,0.0014814814814814814,0,0.0,0,0.0,0,0.0,0,0.0,0,0.0,0,0.0,0,0.0,0,0.0,2,0.002962962962962963,8,0.011851851851851851,0,0.0,6,0.008888888888888889,0,0.0,0,0.0,0,0.0,30,0.044444444444444446,675,1.0,ORIGEN,SECCION,COMPLETO,CATALOGO_INE_2026
10,23,QUINTANA ROO,BACALAR,,13,394,1051,504,0.47954329210275926,0.5204567078972407,MORENA,209,0.4146825396825397,161,0.3194444444444444,PT,48,0.09523809523809523,4,0.007936507936507936,PRI,44,0.0873015873015873,MORENA,209,0.4146825396825397,161,0.3194444444444444,PT,48,0.09523809523809523,4,0.007936507936507936,PRI,44,0.0873015873015873,20,0.03968253968253968,44,0.0873015873015873,23,0.04563492063492063,32,0.06349206349206349,48,0.09523809523809523,41,0.08134920634920635,209,0.4146825396825397,29,0.057539682539682536,1,0.001984126984126984,37,0.07341269841269842,1,0.001984126984126984,0,0.0,0,0.0,1,0.001984126984126984,0,0.0,0,0.0,1,0.001984126984126984,0,0.0,0,0.0,0,0.0,1,0.001984126984126984,0,0.0,1,0.001984126984126984,0,0.0,1,0.001984126984126984,0,0.0,14,0.027777777777777776,504,1.0,ORIGEN,SECCION,COMPLETO,CATALOGO_INE_2026
11,23,QUINTANA ROO,BACALAR,,13,395,513,285,0.5555555555555556,0.4444444444444444,MORENA,118,0.41403508771929826,64,0.22456140350877193,PVEM,54,0.18947368421052632,9,0.031578947368421054,PT,45,0.15789473684210525,MORENA,118,0.41403508771929826,64,0.22456140350877193,PVEM,54,0.18947368421052632,9,0.031578947368421054,PT,45,0.15789473684210525,11,0.03859649122807018,2,0.007017543859649123,4,0.014035087719298246,54,0.18947368421052632,45,0.15789473684210525,14,0.04912280701754386,118,0.41403508771929826,11,0.03859649122807018,2,0.007017543859649123,8,0.028070175438596492,1,0.0035087719298245615,0,0.0,0,0.0,0,0.0,0,0.0,0,0.0,0,0.0,0,0.0,0,0.0,0,0.0,4,0.014035087719298246,1,0.0035087719298245615,1,0.0035087719298245615,1,0.0035087719298245615,0,0.0,0,0.0,8,0.028070175438596492,285,1.0,ORIGEN,SECCION,COMPLETO,CATALOGO_INE_2026
12,23,QUINTANA ROO,BACALAR,,13,397,731,425,0.5813953488372093,0.41860465116279066,MORENA,92,0.2164705882352941,4,0.009411764705882352,MAS,88,0.20705882352941177,1,0.002352941176470588,PVEM,87,0.20470588235294118,MORENA,92,0.2164705882352941,4,0.009411764705882352,MAS,88,0.20705882352941177,1,0.002352941176470588,PVEM,87,0.20470588235294118,24,0.05647058823529412,38,0.08941176470588236,8,0.018823529411764704,87,0.20470588235294118,40,0.09411764705882353,9,0.021176470588235293,92,0.2164705882352941,88,0.20705882352941177,21,0.04941176470588235,18,0.042352941176470586,0,0.0,0,0.0,0,0.0,0,0.0,0,0.0,0,0.0,0,0.0,0,0.0,0,0.0,0,0.0,0,0.0,0,0.0,0,0.0,0,0.0,0,0.0,0,0.0,0,0.0,425,1.0,ORIGEN,SECCION,COMPLETO,CATALOGO_INE_2026
13,23,QUINTANA ROO,BACALAR,,13,398,675,386,0.5718518518518518,0.42814814814814817,PVEM,157,0.4067357512953368,109,0.2823834196891192,MAS,48,0.12435233160621761,1,0.0025906735751295338,MORENA,47,0.12176165803108809,PVEM,157,0.4067357512953368,109,0.2823834196891192,MAS,48,0.12435233160621761,1,0.0025906735751295338,MORENA,47,0.12176165803108809,11,0.02849740932642487,14,0.03626943005181347,16,0.04145077720207254,157,0.4067357512953368,41,0.10621761658031088,15,0.038860103626943004,47,0.12176165803108809,48,0.12435233160621761,10,0.025906735751295335,10,0.025906735751295335,0,0.0,0,0.0,0,0.0,0,0.0,0,0.0,0,0.0,1,0.0025906735751295338,0,0.0,0,0.0,1,0.0025906735751295338,2,0.0051813471502590676,0,0.0,1,0.0025906735751295338,0,0.0,0,0.0,0,0.0,12,0.031088082901554404,386,1.0,ORIGEN,SECCION,COMPLETO,CATALOGO_INE_2026
14,23,QUINTANA ROO,BACALAR,,13,399,184,111,0.6032608695652174,0.3967391304347826,PAN,25,0.22522522522522523,2,0.018018018018018018,MORENA,23,0.2072072072072072,9,0.08108108108108109,MAS,14,0.12612612612612611,PAN,25,0.22522522522522523,2,0.018018018018018018,MORENA,23,0.2072072072072072,9,0.08108108108108109,MAS,14,0.12612612612612611,25,0.22522522522522523,2,0.018018018018018018,12,0.10810810810810811,13,0.11711711711711711,7,0.06306306306306306,3,0.02702702702702703,23,0.2072072072072072,14,0.12612612612612611,8,0.07207207207207207,2,0.018018018018018018,0,0.0,1,0.009009009009009009,0,0.0,0,0.0,0,0.0,0,0.0,0,0.0,0,0.0,0,0.0,0,0.0,0,0.0,0,0.0,0,0.0,0,0.0,0,0.0,0,0.0,1,0.009009009009009009,111,1.0,ORIGEN,SECCION,COMPLETO,CATALOGO_INE_2026
15,23,QUINTANA ROO,BACALAR,,13,400,639,283,0.4428794992175274,0.5571205007824727,MORENA,73,0.2579505300353357,38,0.13427561837455831,PRI,35,0.12367491166077739,2,0.007067137809187279,FXMQROO,33,0.1166077738515901,MORENA,73,0.2579505300353357,38,0.13427561837455831,PRI,35,0.12367491166077739,2,0.007067137809187279,FXMQROO,33,0.1166077738515901,24,0.08480565371024736,35,0.12367491166077739,27,0.09540636042402827,7,0.024734982332155476,26,0.09187279151943463,28,0.0989399293286219,73,0.2579505300353357,5,0.0176678445229682,13,0.045936395759717315,33,0.1166077738515901,0,0.0,2,0.007067137809187279,0,0.0,0,0.0,0,0.0,0,0.0,0,0.0,0,0.0,0,0.0,0,0.0,0,0.0,0,0.0,1,0.0035335689045936395,1,0.0035335689045936395,0,0.0,0,0.0,8,0.028268551236749116,283,1.0,ORIGEN,SECCION,COMPLETO,CATALOGO_INE_2026
16,23,QUINTANA ROO,BACALAR,,13,401,574,310,0.5400696864111498,0.45993031358885017,MORENA,158,0.5096774193548387,121,0.3903225806451613,PT,37,0.11935483870967742,8,0.025806451612903226,PRI,29,0.0935483870967742,MORENA,158,0.5096774193548387,121,0.3903225806451613,PT,37,0.11935483870967742,8,0.025806451612903226,PRI,29,0.0935483870967742,10,0.03225806451612903,29,0.0935483870967742,5,0.016129032258064516,10,0.03225806451612903,37,0.11935483870967742,16,0.05161290322580645,158,0.5096774193548387,10,0.03225806451612903,16,0.05161290322580645,2,0.0064516129032258064,0,0.0,0,0.0,0,0.0,0,0.0,0,0.0,0,0.0,0,0.0,0,0.0,0,0.0,1,0.0032258064516129032,0,0.0,0,0.0,2,0.0064516129032258064,1,0.0032258064516129032,0,0.0,0,0.0,13,0.041935483870967745,310,1.0,ORIGEN,SECCION,COMPLETO,CATALOGO_INE_2026
17,23,QUINTANA ROO,BACALAR,,13,402,947,666,0.7032734952481521,0.2967265047518479,MORENA,200,0.3003003003003003,74,0.1111111111111111,PVEM,126,0.1891891891891892,45,0.06756756756756757,MAS,81,0.12162162162162163,MORENA,200,0.3003003003003003,74,0.1111111111111111,PVEM,126,0.1891891891891892,45,0.06756756756756757,MAS,81,0.12162162162162163,43,0.06456456456456457,32,0.04804804804804805,20,0.03003003003003003,126,0.1891891891891892,48,0.07207207207207207,15,0.02252252252252252,200,0.3003003003003003,81,0.12162162162162163,19,0.028528528528528527,50,0.07507507507507508,0,0.0,0,0.0,0,0.0,0,0.0,0,0.0,0,0.0,0,0.0,0,0.0,0,0.0,1,0.0015015015015015015,6,0.009009009009009009,3,0.0045045045045045045,1,0.0015015015015015015,1,0.0015015015015015015,0,0.0,0,0.0,20,0.03003003003003003,666,1.0,ORIGEN,SECCION,COMPLETO,CATALOGO_INE_2026
18,23,QUINTANA ROO,BACALAR,,13,403,1669,1137,0.6812462552426602,0.31875374475733975,MORENA,310,0.2726473175021988,2,0.001759014951627089,PVEM,308,0.27088830255057167,215,0.18909410729991205,PT,93,0.08179419525065963,MORENA,310,0.2726473175021988,2,0.001759014951627089,PVEM,308,0.27088830255057167,215,0.18909410729991205,PT,93,0.08179419525065963,57,0.05013192612137203,50,0.04397537379067722,78,0.06860158311345646,308,0.27088830255057167,93,0.08179419525065963,78,0.06860158311345646,310,0.2726473175021988,53,0.04661389621811785,37,0.032541776605101144,27,0.023746701846965697,0,0.0,0,0.0,1,0.0008795074758135445,0,0.0,2,0.001759014951627089,0,0.0,0,0.0,1,0.0008795074758135445,0,0.0,1,0.0008795074758135445,21,0.018469656992084433,2,0.001759014951627089,1,0.0008795074758135445,0,0.0,0,0.0,0,0.0,17,0.014951627088830254,1137,1.0,ORIGEN,SECCION,COMPLETO,CATALOGO_INE_2026
19,23,QUINTANA ROO,BACALAR,,13,404,1159,571,0.4926660914581536,0.5073339085418465,MORENA,244,0.4273204903677758,180,0.31523642732049034,PT,64,0.11208406304728546,2,0.0035026269702276708,PVEM,62,0.1085814360770578,MORENA,244,0.4273204903677758,180,0.31523642732049034,PT,64,0.11208406304728546,2,0.0035026269702276708,PVEM,62,0.1085814360770578,23,0.040280210157618214,41,0.07180385288966724,51,0.0893169877408056,62,0.1085814360770578,64,0.11208406304728546,30,0.05253940455341506,244,0.4273204903677758,26,0.04553415061295972,1,0.0017513134851138354,7,0.012259194395796848,0,0.0,0,0.0,0,0.0,0,0.0,3,0.005253940455341506,3,0.005253940455341506,0,0.0,0,0.0,1,0.0017513134851138354,1,0.0017513134851138354,8,0.014010507880910683,0,0.0,1,0.0017513134851138354,0,0.0,1,0.0017513134851138354,0,0.0,4,0.0070052539404553416,571,1.0,ORIGEN,SECCION,COMPLETO,CATALOGO_INE_2026
20,23,QUINTANA ROO,BACALAR,,13,405,3781,1614,0.42687119809574187,0.5731288019042582,MORENA,506,0.3135068153655514,195,0.120817843866171,PVEM,311,0.1926889714993804,139,0.08612143742255267,MC,172,0.10656753407682776,MORENA,506,0.3135068153655514,195,0.120817843866171,PVEM,311,0.1926889714993804,139,0.08612143742255267,MC,172,0.10656753407682776,87,0.05390334572490706,60,0.03717472118959108,91,0.0563816604708798,311,0.1926889714993804,102,0.06319702602230483,172,0.10656753407682776,506,0.3135068153655514,102,0.06319702602230483,22,0.013630731102850062,25,0.015489467162329617,7,0.004337050805452293,6,0.0037174721189591076,0,0.0,0,0.0,3,0.0018587360594795538,2,0.0012391573729863693,0,0.0,0,0.0,1,0.0006195786864931846,1,0.0006195786864931846,44,0.027261462205700124,8,0.004956629491945477,15,0.00929368029739777,2,0.0012391573729863693,4,0.0024783147459727386,4,0.0024783147459727386,39,0.024163568773234202,1614,1.0,ORIGEN,SECCION,COMPLETO,CATALOGO_INE_2026
21,23,QUINTANA ROO,BACALAR,,13,406,1293,599,0.46326372776488783,0.5367362722351121,MORENA,210,0.35058430717863104,125,0.20868113522537562,PVEM,85,0.1419031719532554,13,0.021702838063439065,MC,72,0.12020033388981637,MORENA,210,0.35058430717863104,125,0.20868113522537562,PVEM,85,0.1419031719532554,13,0.021702838063439065,MC,72,0.12020033388981637,27,0.045075125208681135,33,0.05509181969949917,28,0.04674457429048414,85,0.1419031719532554,53,0.08848080133555926,72,0.12020033388981637,210,0.35058430717863104,35,0.05843071786310518,11,0.018363939899833055,13,0.021702838063439065,3,0.005008347245409015,0,0.0,0,0.0,0,0.0,0,0.0,0,0.0,1,0.001669449081803005,0,0.0,1,0.001669449081803005,0,0.0,10,0.01669449081803005,1,0.001669449081803005,1,0.001669449081803005,0,0.0,0,0.0,2,0.00333889816360601,13,0.021702838063439065,599,1.0,ORIGEN,SECCION,COMPLETO,CATALOGO_INE_2026
22,23,QUINTANA ROO,BACALAR,,13,407,1790,932,0.5206703910614525,0.4793296089385475,MORENA,281,0.30150214592274677,85,0.09120171673819742,PVEM,196,0.21030042918454936,104,0.11158798283261803,PT,92,0.09871244635193133,MORENA,281,0.30150214592274677,85,0.09120171673819742,PVEM,196,0.21030042918454936,104,0.11158798283261803,PT,92,0.09871244635193133,47,0.05042918454935622,22,0.023605150214592276,45,0.048283261802575105,196,0.21030042918454936,92,0.09871244635193133,92,0.09871244635193133,281,0.30150214592274677,56,0.060085836909871244,17,0.018240343347639486,28,0.030042918454935622,2,0.002145922746781116,3,0.003218884120171674,0,0.0,1,0.001072961373390558,2,0.002145922746781116,4,0.004291845493562232,0,0.0,0,0.0,0,0.0,5,0.00536480686695279,11,0.011802575107296138,1,0.001072961373390558,6,0.006437768240343348,0,0.0,2,0.002145922746781116,0,0.0,19,0.0203862660944206,932,1.0,ORIGEN,SECCION,COMPLETO,CATALOGO_INE_2026
23,23,QUINTANA ROO,BACALAR,,13,408,2923,1757,0.6010947656517277,0.3989052343482723,MORENA,550,0.3130335799658509,178,0.10130904951622083,PVEM,372,0.21172453044963005,187,0.1064314171883893,MC,185,0.10529311326124074,MORENA,550,0.3130335799658509,178,0.10130904951622083,PVEM,372,0.21172453044963005,187,0.1064314171883893,MC,185,0.10529311326124074,102,0.05805350028457598,50,0.028457598178713718,72,0.040978941377347755,372,0.21172453044963005,116,0.06602162777461583,185,0.10529311326124074,550,0.3130335799658509,91,0.05179282868525897,36,0.020489470688673878,46,0.02618099032441662,1,0.0005691519635742744,2,0.0011383039271485487,0,0.0,0,0.0,4,0.0022766078542970974,2,0.0011383039271485487,1,0.0005691519635742744,0,0.0,1,0.0005691519635742744,2,0.0011383039271485487,41,0.02333523050654525,11,0.006260671599317018,9,0.005122367672168469,1,0.0005691519635742744,2,0.0011383039271485487,0,0.0,60,0.03414911781445646,1757,1.0,ORIGEN,SECCION,COMPLETO,CATALOGO_INE_2026
24,23,QUINTANA ROO,BACALAR,,13,409,1620,529,0.32654320987654323,0.6734567901234567,MORENA,189,0.3572778827977316,96,0.18147448015122875,PVEM,93,0.17580340264650285,38,0.07183364839319471,PT,55,0.10396975425330812,MORENA,189,0.3572778827977316,96,0.18147448015122875,PVEM,93,0.17580340264650285,38,0.07183364839319471,PT,55,0.10396975425330812,29,0.054820415879017016,23,0.043478260869565216,11,0.020793950850661626,93,0.17580340264650285,55,0.10396975425330812,52,0.09829867674858223,189,0.3572778827977316,12,0.022684310018903593,13,0.024574669187145556,8,0.015122873345935728,5,0.00945179584120983,3,0.005671077504725898,0,0.0,0,0.0,1,0.001890359168241966,0,0.0,0,0.0,0,0.0,0,0.0,2,0.003780718336483932,17,0.03213610586011342,0,0.0,4,0.007561436672967864,0,0.0,1,0.001890359168241966,0,0.0,11,0.020793950850661626,529,1.0,ORIGEN,SECCION,COMPLETO,CATALOGO_INE_2026
25,23,QUINTANA ROO,BACALAR,,13,1071,800,435,0.54375,0.45625000000000004,PVEM,209,0.4804597701149425,153,0.35172413793103446,PT,56,0.12873563218390804,18,0.041379310344827586,PRI,38,0.08735632183908046,PVEM,209,0.4804597701149425,153,0.35172413793103446,PT,56,0.12873563218390804,18,0.041379310344827586,PRI,38,0.08735632183908046,8,0.01839080459770115,38,0.08735632183908046,15,0.034482758620689655,209,0.4804597701149425,56,0.12873563218390804,23,0.052873563218390804,31,0.07126436781609195,17,0.03908045977011494,4,0.009195402298850575,4,0.009195402298850575,0,0.0,0,0.0,0,0.0,0,0.0,0,0.0,0,0.0,0,0.0,0,0.0,0,0.0,2,0.004597701149425287,2,0.004597701149425287,0,0.0,0,0.0,0,0.0,0,0.0,0,0.0,26,0.059770114942528735,435,1.0,ORIGEN,SECCION,COMPLETO,CATALOGO_INE_2026
26,23,QUINTANA ROO,BACALAR,,13,1072,2031,816,0.4017725258493353,0.5982274741506647,PVEM,303,0.3713235294117647,142,0.17401960784313725,MORENA,161,0.19730392156862744,70,0.0857843137254902,PRI,91,0.11151960784313726,PVEM,303,0.3713235294117647,142,0.17401960784313725,MORENA,161,0.19730392156862744,70,0.0857843137254902,PRI,91,0.11151960784313726,42,0.051470588235294115,91,0.11151960784313726,25,0.030637254901960783,303,0.3713235294117647,68,0.08333333333333333,22,0.02696078431372549,161,0.19730392156862744,55,0.06740196078431372,8,0.00980392156862745,10,0.012254901960784314,0,0.0,0,0.0,0,0.0,0,0.0,1,0.0012254901960784314,0,0.0,0,0.0,0,0.0,0,0.0,0,0.0,1,0.0012254901960784314,0,0.0,1,0.0012254901960784314,0,0.0,0,0.0,0,0.0,28,0.03431372549019608,816,1.0,ORIGEN,SECCION,COMPLETO,CATALOGO_INE_2026
27,23,QUINTANA ROO,BACALAR,,13,1073,587,336,0.5724020442930153,0.42759795570698467,PVEM,150,0.44642857142857145,93,0.2767857142857143,MORENA,57,0.16964285714285715,35,0.10416666666666667,PRD,22,0.06547619047619048,PVEM,150,0.44642857142857145,93,0.2767857142857143,MORENA,57,0.16964285714285715,35,0.10416666666666667,PRD,22,0.06547619047619048,6,0.017857142857142856,17,0.050595238095238096,22,0.06547619047619048,150,0.44642857142857145,13,0.03869047619047619,12,0.03571428571428571,57,0.16964285714285715,11,0.03273809523809524,10,0.02976190476190476,15,0.044642857142857144,0,0.0,0,0.0,0,0.0,0,0.0,0,0.0,2,0.005952380952380952,0,0.0,0,0.0,0,0.0,1,0.002976190476190476,0,0.0,0,0.0,5,0.01488095238095238,4,0.011904761904761904,0,0.0,0,0.0,11,0.03273809523809524,336,1.0,ORIGEN,SECCION,COMPLETO,CATALOGO_INE_2026
28,23,QUINTANA ROO,BACALAR,,13,1074,722,420,0.5817174515235457,0.4182825484764543,PVEM,258,0.6142857142857143,211,0.5023809523809524,MORENA,47,0.11190476190476191,21,0.05,PRI,26,0.06190476190476191,PVEM,258,0.6142857142857143,211,0.5023809523809524,MORENA,47,0.11190476190476191,21,0.05,PRI,26,0.06190476190476191,15,0.03571428571428571,26,0.06190476190476191,20,0.047619047619047616,258,0.6142857142857143,23,0.05476190476190476,2,0.004761904761904762,47,0.11190476190476191,6,0.014285714285714285,2,0.004761904761904762,0,0.0,0,0.0,2,0.004761904761904762,0,0.0,0,0.0,2,0.004761904761904762,0,0.0,0,0.0,0,0.0,0,0.0,3,0.007142857142857143,4,0.009523809523809525,0,0.0,2,0.004761904761904762,0,0.0,0,0.0,0,0.0,8,0.01904761904761905,420,1.0,ORIGEN,SECCION,COMPLETO,CATALOGO_INE_2026
29,23,QUINTANA ROO,BENITO JUAREZ,,1,85,898,228,0.25389755011135856,0.7461024498886415,MORENA,74,0.32456140350877194,28,0.12280701754385964,PVEM,46,0.20175438596491227,3,0.013157894736842105,MC,43,0.18859649122807018,MORENA,74,0.32456140350877194,28,0.12280701754385964,PVEM,46,0.20175438596491227,3,0.013157894736842105,MC,43,0.18859649122807018,25,0.10964912280701754,6,0.02631578947368421,6,0.02631578947368421,46,0.20175438596491227,2,0.008771929824561403,43,0.18859649122807018,74,0.32456140350877194,12,0.05263157894736842,0,0.0,0,0.0,0,0.0,1,0.0043859649122807015,0,0.0,1,0.0043859649122807015,0,0.0,0,0.0,0,0.0,0,0.0,0,0.0,1,0.0043859649122807015,0,0.0,0,0.0,0,0.0,0,0.0,0,0.0,0,0.0,11,0.04824561403508772,228,1.0,ORIGEN,SECCION,COMPLETO,CATALOGO_INE_2026
30,23,QUINTANA ROO,BENITO JUAREZ,,1,86,1036,339,0.32722007722007723,0.6727799227799227,MORENA,114,0.336283185840708,52,0.15339233038348082,PVEM,62,0.18289085545722714,2,0.0058997050147492625,MC,60,0.17699115044247787,MORENA,114,0.336283185840708,52,0.15339233038348082,PVEM,62,0.18289085545722714,2,0.0058997050147492625,MC,60,0.17699115044247787,51,0.1504424778761062,11,0.032448377581120944,2,0.0058997050147492625,62,0.18289085545722714,1,0.0029498525073746312,60,0.17699115044247787,114,0.336283185840708,11,0.032448377581120944,2,0.0058997050147492625,1,0.0029498525073746312,1,0.0029498525073746312,2,0.0058997050147492625,0,0.0,0,0.0,0,0.0,1,0.0029498525073746312,0,0.0,0,0.0,0,0.0,0,0.0,2,0.0058997050147492625,0,0.0,1,0.0029498525073746312,0,0.0,0,0.0,0,0.0,17,0.05014749262536873,339,1.0,ORIGEN,SECCION,COMPLETO,CATALOGO_INE_2026
31,23,QUINTANA ROO,BENITO JUAREZ,,1,87,718,230,0.3203342618384401,0.6796657381615598,PVEM,84,0.3652173913043478,26,0.11304347826086956,MORENA,58,0.25217391304347825,28,0.12173913043478261,MC,30,0.13043478260869565,PVEM,84,0.3652173913043478,26,0.11304347826086956,MORENA,58,0.25217391304347825,28,0.12173913043478261,MC,30,0.13043478260869565,15,0.06521739130434782,6,0.02608695652173913,1,0.004347826086956522,84,0.3652173913043478,1,0.004347826086956522,30,0.13043478260869565,58,0.25217391304347825,7,0.030434782608695653,4,0.017391304347826087,3,0.013043478260869565,1,0.004347826086956522,2,0.008695652173913044,0,0.0,0,0.0,1,0.004347826086956522,0,0.0,0,0.0,0,0.0,0,0.0,0,0.0,2,0.008695652173913044,0,0.0,0,0.0,0,0.0,0,0.0,0,0.0,15,0.06521739130434782,230,1.0,ORIGEN,SECCION,COMPLETO,CATALOGO_INE_2026
32,23,QUINTANA ROO,BENITO JUAREZ,,1,88,553,207,0.3743218806509946,0.6256781193490054,PVEM,78,0.37681159420289856,27,0.13043478260869565,MORENA,51,0.2463768115942029,27,0.13043478260869565,PAN,24,0.11594202898550725,PVEM,78,0.37681159420289856,27,0.13043478260869565,MORENA,51,0.2463768115942029,27,0.13043478260869565,PAN,24,0.11594202898550725,24,0.11594202898550725,5,0.024154589371980676,3,0.014492753623188406,78,0.37681159420289856,5,0.024154589371980676,23,0.1111111111111111,51,0.2463768115942029,2,0.00966183574879227,1,0.004830917874396135,1,0.004830917874396135,0,0.0,0,0.0,0,0.0,0,0.0,0,0.0,0,0.0,0,0.0,0,0.0,0,0.0,0,0.0,0,0.0,0,0.0,0,0.0,0,0.0,0,0.0,0,0.0,14,0.06763285024154589,207,1.0,ORIGEN,SECCION,COMPLETO,CATALOGO_INE_2026
33,23,QUINTANA ROO,BENITO JUAREZ,,1,89,530,219,0.41320754716981134,0.5867924528301887,PVEM,76,0.3470319634703196,8,0.0365296803652968,MORENA,68,0.3105022831050228,41,0.1872146118721461,MC,27,0.1232876712328767,PVEM,76,0.3470319634703196,8,0.0365296803652968,MORENA,68,0.3105022831050228,41,0.1872146118721461,MC,27,0.1232876712328767,22,0.1004566210045662,4,0.0182648401826484,2,0.0091324200913242,76,0.3470319634703196,2,0.0091324200913242,27,0.1232876712328767,68,0.3105022831050228,6,0.0273972602739726,0,0.0,2,0.0091324200913242,0,0.0,0,0.0,0,0.0,0,0.0,0,0.0,0,0.0,0,0.0,0,0.0,0,0.0,0,0.0,0,0.0,0,0.0,0,0.0,0,0.0,0,0.0,0,0.0,10,0.045662100456621,219,1.0,ORIGEN,SECCION,COMPLETO,CATALOGO_INE_2026
34,23,QUINTANA ROO,BENITO JUAREZ,,1,90,1231,517,0.4199837530463038,0.5800162469536962,MORENA,157,0.3036750483558994,26,0.05029013539651837,PVEM,131,0.25338491295938104,69,0.13346228239845262,PAN,62,0.11992263056092843,MORENA,157,0.3036750483558994,26,0.05029013539651837,PVEM,131,0.25338491295938104,69,0.13346228239845262,PAN,62,0.11992263056092843,62,0.11992263056092843,9,0.017408123791102514,5,0.009671179883945842,131,0.25338491295938104,10,0.019342359767891684,46,0.08897485493230174,157,0.3036750483558994,38,0.0735009671179884,6,0.01160541586073501,8,0.015473887814313346,7,0.013539651837524178,1,0.0019342359767891683,0,0.0,0,0.0,0,0.0,1,0.0019342359767891683,0,0.0,0,0.0,0,0.0,0,0.0,3,0.005802707930367505,0,0.0,0,0.0,0,0.0,0,0.0,4,0.007736943907156673,29,0.05609284332688588,517,1.0,ORIGEN,SECCION,COMPLETO,CATALOGO_INE_2026
35,23,QUINTANA ROO,BENITO JUAREZ,,1,91,1294,570,0.44049459041731065,0.5595054095826894,MORENA,192,0.3368421052631579,26,0.0456140350877193,PVEM,166,0.2912280701754386,97,0.17017543859649123,MC,69,0.12105263157894737,MORENA,192,0.3368421052631579,26,0.0456140350877193,PVEM,166,0.2912280701754386,97,0.17017543859649123,MC,69,0.12105263157894737,57,0.1,13,0.02280701754385965,6,0.010526315789473684,166,0.2912280701754386,6,0.010526315789473684,69,0.12105263157894737,192,0.3368421052631579,29,0.05087719298245614,6,0.010526315789473684,3,0.005263157894736842,1,0.0017543859649122807,2,0.0035087719298245615,0,0.0,0,0.0,2,0.0035087719298245615,0,0.0,0,0.0,0,0.0,0,0.0,0,0.0,1,0.0017543859649122807,0,0.0,0,0.0,0,0.0,0,0.0,1,0.0017543859649122807,16,0.028070175438596492,570,1.0,ORIGEN,SECCION,COMPLETO,CATALOGO_INE_2026
36,23,QUINTANA ROO,BENITO JUAREZ,,1,92,1153,477,0.4137033824804857,0.5862966175195143,MORENA,171,0.3584905660377358,66,0.13836477987421383,PVEM,105,0.22012578616352202,32,0.06708595387840671,PAN,73,0.1530398322851153,MORENA,171,0.3584905660377358,66,0.13836477987421383,PVEM,105,0.22012578616352202,32,0.06708595387840671,PAN,73,0.1530398322851153,73,0.1530398322851153,24,0.050314465408805034,3,0.006289308176100629,105,0.22012578616352202,8,0.016771488469601678,47,0.09853249475890985,171,0.3584905660377358,9,0.018867924528301886,2,0.0041928721174004195,5,0.010482180293501049,0,0.0,1,0.0020964360587002098,0,0.0,0,0.0,1,0.0020964360587002098,1,0.0020964360587002098,0,0.0,2,0.0041928721174004195,1,0.0020964360587002098,0,0.0,0,0.0,0,0.0,2,0.0041928721174004195,0,0.0,1,0.0020964360587002098,0,0.0,21,0.0440251572327044,477,1.0,ORIGEN,SECCION,COMPLETO,CATALOGO_INE_2026
37,23,QUINTANA ROO,BENITO JUAREZ,,1,93,1838,673,0.3661588683351469,0.6338411316648531,MORENA,179,0.2659732540861813,2,0.0029717682020802376,PVEM,177,0.26300148588410105,35,0.05200594353640416,PAN,142,0.21099554234769688,MORENA,179,0.2659732540861813,2,0.0029717682020802376,PVEM,177,0.26300148588410105,35,0.05200594353640416,PAN,142,0.21099554234769688,142,0.21099554234769688,26,0.03863298662704309,4,0.005943536404160475,177,0.26300148588410105,16,0.0237741456166419,67,0.09955423476968796,179,0.2659732540861813,17,0.02526002971768202,5,0.007429420505200594,6,0.008915304606240713,0,0.0,2,0.0029717682020802376,1,0.0014858841010401188,0,0.0,0,0.0,0,0.0,0,0.0,0,0.0,0,0.0,0,0.0,2,0.0029717682020802376,0,0.0,1,0.0014858841010401188,0,0.0,0,0.0,2,0.0029717682020802376,26,0.03863298662704309,673,1.0,ORIGEN,SECCION,COMPLETO,CATALOGO_INE_2026
38,23,QUINTANA ROO,BENITO JUAREZ,,1,94,1199,588,0.49040867389491244,0.5095913261050875,MORENA,193,0.3282312925170068,24,0.04081632653061224,PVEM,169,0.28741496598639454,112,0.19047619047619047,MC,57,0.09693877551020408,MORENA,193,0.3282312925170068,24,0.04081632653061224,PVEM,169,0.28741496598639454,112,0.19047619047619047,MC,57,0.09693877551020408,40,0.06802721088435375,18,0.030612244897959183,1,0.0017006802721088435,169,0.28741496598639454,10,0.017006802721088437,57,0.09693877551020408,193,0.3282312925170068,27,0.04591836734693878,4,0.006802721088435374,4,0.006802721088435374,1,0.0017006802721088435,3,0.00510204081632653,1,0.0017006802721088435,0,0.0,0,0.0,0,0.0,0,0.0,0,0.0,0,0.0,1,0.0017006802721088435,8,0.013605442176870748,0,0.0,0,0.0,0,0.0,1,0.0017006802721088435,0,0.0,50,0.08503401360544217,588,1.0,ORIGEN,SECCION,COMPLETO,CATALOGO_INE_2026
39,23,QUINTANA ROO,BENITO JUAREZ,,1,95,575,275,0.4782608695652174,0.5217391304347826,PVEM,135,0.4909090909090909,80,0.2909090909090909,MORENA,55,0.2,28,0.10181818181818182,PAN,27,0.09818181818181818,PVEM,135,0.4909090909090909,80,0.2909090909090909,MORENA,55,0.2,28,0.10181818181818182,PAN,27,0.09818181818181818,27,0.09818181818181818,6,0.02181818181818182,7,0.025454545454545455,135,0.4909090909090909,4,0.014545454545454545,16,0.05818181818181818,55,0.2,11,0.04,0,0.0,0,0.0,1,0.0036363636363636364,0,0.0,0,0.0,0,0.0,0,0.0,0,0.0,0,0.0,0,0.0,0,0.0,0,0.0,4,0.014545454545454545,0,0.0,0,0.0,0,0.0,0,0.0,0,0.0,9,0.03272727272727273,275,1.0,ORIGEN,SECCION,COMPLETO,CATALOGO_INE_2026
40,23,QUINTANA ROO,BENITO JUAREZ,,1,96,789,212,0.26869455006337134,0.7313054499366287,MORENA,64,0.3018867924528302,9,0.04245283018867924,PVEM,55,0.25943396226415094,23,0.10849056603773585,MC,32,0.1509433962264151,MORENA,64,0.3018867924528302,9,0.04245283018867924,PVEM,55,0.25943396226415094,23,0.10849056603773585,MC,32,0.1509433962264151,21,0.09905660377358491,7,0.0330188679245283,1,0.0047169811320754715,55,0.25943396226415094,5,0.02358490566037736,32,0.1509433962264151,64,0.3018867924528302,5,0.02358490566037736,1,0.0047169811320754715,2,0.009433962264150943,1,0.0047169811320754715,1,0.0047169811320754715,0,0.0,0,0.0,1,0.0047169811320754715,0,0.0,0,0.0,1,0.0047169811320754715,0,0.0,1,0.0047169811320754715,0,0.0,0,0.0,0,0.0,0,0.0,0,0.0,0,0.0,14,0.0660377358490566,212,1.0,ORIGEN,SECCION,COMPLETO,CATALOGO_INE_2026
41,23,QUINTANA ROO,BENITO JUAREZ,,1,97,593,153,0.2580101180438449,0.7419898819561551,PVEM,66,0.43137254901960786,33,0.21568627450980393,MORENA,33,0.21568627450980393,8,0.05228758169934641,MC,25,0.16339869281045752,PVEM,66,0.43137254901960786,33,0.21568627450980393,MORENA,33,0.21568627450980393,8,0.05228758169934641,MC,25,0.16339869281045752,10,0.06535947712418301,0,0.0,4,0.026143790849673203,66,0.43137254901960786,2,0.013071895424836602,25,0.16339869281045752,33,0.21568627450980393,7,0.0457516339869281,0,0.0,1,0.006535947712418301,0,0.0,0,0.0,0,0.0,0,0.0,0,0.0,2,0.013071895424836602,0,0.0,0,0.0,0,0.0,0,0.0,1,0.006535947712418301,0,0.0,1,0.006535947712418301,0,0.0,1,0.006535947712418301,0,0.0,0,0.0,153,1.0,ORIGEN,SECCION,COMPLETO,CATALOGO_INE_2026
42,23,QUINTANA ROO,BENITO JUAREZ,,1,114,753,175,0.23240371845949534,0.7675962815405046,PVEM,59,0.33714285714285713,0,0.0,MORENA,59,0.33714285714285713,41,0.2342857142857143,MC,18,0.10285714285714286,PVEM,59,0.33714285714285713,0,0.0,MORENA,59,0.33714285714285713,41,0.2342857142857143,MC,18,0.10285714285714286,15,0.08571428571428572,4,0.022857142857142857,3,0.017142857142857144,59,0.33714285714285713,4,0.022857142857142857,18,0.10285714285714286,59,0.33714285714285713,4,0.022857142857142857,2,0.011428571428571429,1,0.005714285714285714,0,0.0,0,0.0,0,0.0,0,0.0,0,0.0,0,0.0,0,0.0,1,0.005714285714285714,0,0.0,0,0.0,1,0.005714285714285714,0,0.0,1,0.005714285714285714,0,0.0,0,0.0,0,0.0,3,0.017142857142857144,175,1.0,ORIGEN,SECCION,COMPLETO,CATALOGO_INE_2026
43,23,QUINTANA ROO,BENITO JUAREZ,,1,115,943,197,0.20890774125132555,0.7910922587486744,MORENA,53,0.26903553299492383,7,0.03553299492385787,PVEM,46,0.233502538071066,12,0.06091370558375635,MC,34,0.17258883248730963,MORENA,53,0.26903553299492383,7,0.03553299492385787,PVEM,46,0.233502538071066,12,0.06091370558375635,MC,34,0.17258883248730963,17,0.08629441624365482,5,0.025380710659898477,4,0.02030456852791878,46,0.233502538071066,6,0.030456852791878174,34,0.17258883248730963,53,0.26903553299492383,4,0.02030456852791878,2,0.01015228426395939,3,0.015228426395939087,1,0.005076142131979695,0,0.0,1,0.005076142131979695,0,0.0,2,0.01015228426395939,0,0.0,0,0.0,0,0.0,0,0.0,0,0.0,5,0.025380710659898477,0,0.0,3,0.015228426395939087,0,0.0,0,0.0,0,0.0,11,0.05583756345177665,197,1.0,ORIGEN,SECCION,COMPLETO,CATALOGO_INE_2026
44,23,QUINTANA ROO,BENITO JUAREZ,,1,116,898,312,0.34743875278396436,0.6525612472160356,MORENA,93,0.2980769230769231,24,0.07692307692307693,PVEM,69,0.22115384615384615,8,0.02564102564102564,PAN,61,0.1955128205128205,MORENA,93,0.2980769230769231,24,0.07692307692307693,PVEM,69,0.22115384615384615,8,0.02564102564102564,PAN,61,0.1955128205128205,61,0.1955128205128205,15,0.04807692307692308,3,0.009615384615384616,69,0.22115384615384615,10,0.03205128205128205,38,0.12179487179487179,93,0.2980769230769231,7,0.022435897435897436,0,0.0,2,0.00641025641025641,3,0.009615384615384616,0,0.0,0,0.0,0,0.0,0,0.0,0,0.0,0,0.0,0,0.0,0,0.0,0,0.0,1,0.003205128205128205,0,0.0,0,0.0,0,0.0,1,0.003205128205128205,0,0.0,9,0.028846153846153848,312,1.0,ORIGEN,SECCION,COMPLETO,CATALOGO_INE_2026
45,23,QUINTANA ROO,BENITO JUAREZ,,1,117,1097,493,0.44940747493163175,0.5505925250683683,PVEM,140,0.2839756592292089,2,0.004056795131845842,MORENA,138,0.2799188640973631,73,0.14807302231237324,PAN,65,0.13184584178498987,PVEM,140,0.2839756592292089,2,0.004056795131845842,MORENA,138,0.2799188640973631,73,0.14807302231237324,PAN,65,0.13184584178498987,65,0.13184584178498987,16,0.032454361054766734,7,0.014198782961460446,140,0.2839756592292089,7,0.014198782961460446,52,0.10547667342799188,138,0.2799188640973631,26,0.05273833671399594,3,0.006085192697768763,5,0.010141987829614604,4,0.008113590263691683,3,0.006085192697768763,0,0.0,0,0.0,0,0.0,1,0.002028397565922921,0,0.0,0,0.0,0,0.0,1,0.002028397565922921,4,0.008113590263691683,0,0.0,0,0.0,0,0.0,0,0.0,0,0.0,21,0.04259634888438134,493,1.0,ORIGEN,SECCION,COMPLETO,CATALOGO_INE_2026
46,23,QUINTANA ROO,BENITO JUAREZ,,1,119,529,177,0.33459357277882795,0.665406427221172,PAN,79,0.4463276836158192,38,0.21468926553672316,MORENA,41,0.23163841807909605,15,0.0847457627118644,MC,26,0.14689265536723164,PAN,79,0.4463276836158192,38,0.21468926553672316,MORENA,41,0.23163841807909605,15,0.0847457627118644,MC,26,0.14689265536723164,79,0.4463276836158192,11,0.062146892655367235,0,0.0,8,0.04519774011299435,3,0.01694915254237288,26,0.14689265536723164,41,0.23163841807909605,3,0.01694915254237288,2,0.011299435028248588,0,0.0,0,0.0,0,0.0,0,0.0,0,0.0,0,0.0,0,0.0,0,0.0,0,0.0,0,0.0,0,0.0,1,0.005649717514124294,0,0.0,1,0.005649717514124294,0,0.0,0,0.0,0,0.0,2,0.011299435028248588,177,1.0,ORIGEN,SECCION,COMPLETO,CATALOGO_INE_2026
47,23,QUINTANA ROO,BENITO JUAREZ,,1,136,471,162,0.34394904458598724,0.6560509554140128,PAN,61,0.3765432098765432,27,0.16666666666666666,MORENA,34,0.20987654320987653,15,0.09259259259259259,PVEM,19,0.11728395061728394,PAN,61,0.3765432098765432,27,0.16666666666666666,MORENA,34,0.20987654320987653,15,0.09259259259259259,PVEM,19,0.11728395061728394,61,0.3765432098765432,11,0.06790123456790123,4,0.024691358024691357,19,0.11728395061728394,5,0.030864197530864196,17,0.10493827160493827,34,0.20987654320987653,3,0.018518518518518517,1,0.006172839506172839,1,0.006172839506172839,1,0.006172839506172839,0,0.0,0,0.0,0,0.0,1,0.006172839506172839,0,0.0,0,0.0,0,0.0,0,0.0,0,0.0,0,0.0,0,0.0,0,0.0,0,0.0,0,0.0,1,0.006172839506172839,3,0.018518518518518517,162,1.0,ORIGEN,SECCION,COMPLETO,CATALOGO_INE_2026
48,23,QUINTANA ROO,BENITO JUAREZ,,1,137,584,1007,1.7243150684931507,-0.7243150684931507,MORENA,341,0.3386295928500497,133,0.1320754716981132,PAN,208,0.20655412115193644,58,0.05759682224428997,MC,150,0.14895729890764647,MORENA,341,0.3386295928500497,133,0.1320754716981132,PAN,208,0.20655412115193644,58,0.05759682224428997,MC,150,0.14895729890764647,208,0.20655412115193644,33,0.03277060575968222,19,0.018867924528301886,84,0.08341608738828203,24,0.023833167825223437,150,0.14895729890764647,341,0.3386295928500497,67,0.06653426017874876,9,0.00893743793445879,16,0.015888778550148957,4,0.003972194637537239,6,0.005958291956305859,0,0.0,0,0.0,2,0.0019860973187686196,1,0.0009930486593843098,1,0.0009930486593843098,0,0.0,0,0.0,0,0.0,9,0.00893743793445879,1,0.0009930486593843098,4,0.003972194637537239,0,0.0,1,0.0009930486593843098,0,0.0,27,0.026812313803376366,1007,1.0,ORIGEN,SECCION,COMPLETO,CATALOGO_INE_2026
49,23,QUINTANA ROO,BENITO JUAREZ,,1,169,2580,1711,0.6631782945736434,0.3368217054263566,PAN,756,0.4418468731735827,402,0.23495032144944478,MORENA,354,0.20689655172413793,120,0.0701344243132671,MC,234,0.13676212741087085,PAN,756,0.4418468731735827,402,0.23495032144944478,MORENA,354,0.20689655172413793,120,0.0701344243132671,MC,234,0.13676212741087085,756,0.4418468731735827,76,0.04441846873173583,18,0.010520163646990065,73,0.04266510812390415,29,0.01694915254237288,234,0.13676212741087085,354,0.20689655172413793,60,0.03506721215663355,5,0.0029222676797194622,21,0.012273524254821741,17,0.009935710111046173,5,0.0029222676797194622,0,0.0,0,0.0,7,0.004091174751607247,3,0.0017533606078316774,0,0.0,0,0.0,0,0.0,2,0.0011689070718877848,8,0.004675628287551139,0,0.0,1,0.0005844535359438924,0,0.0,2,0.0011689070718877848,1,0.0005844535359438924,39,0.022793687901811806,1711,1.0,ORIGEN,SECCION,COMPLETO,CATALOGO_INE_2026
50,23,QUINTANA ROO,BENITO JUAREZ,,1,170,2605,761,0.2921305182341651,0.7078694817658349,PAN,401,0.5269382391590013,287,0.3771353482260184,MORENA,114,0.1498028909329829,50,0.0657030223390276,MC,64,0.08409986859395532,PAN,401,0.5269382391590013,287,0.3771353482260184,MORENA,114,0.1498028909329829,50,0.0657030223390276,MC,64,0.08409986859395532,401,0.5269382391590013,55,0.07227332457293036,11,0.01445466491458607,55,0.07227332457293036,13,0.017082785808147174,64,0.08409986859395532,114,0.1498028909329829,13,0.017082785808147174,2,0.002628120893561104,11,0.01445466491458607,3,0.003942181340341655,3,0.003942181340341655,0,0.0,0,0.0,1,0.001314060446780552,1,0.001314060446780552,0,0.0,0,0.0,0,0.0,3,0.003942181340341655,2,0.002628120893561104,0,0.0,0,0.0,0,0.0,0,0.0,1,0.001314060446780552,8,0.010512483574244415,761,1.0,ORIGEN,SECCION,COMPLETO,CATALOGO_INE_2026
51,23,QUINTANA ROO,BENITO JUAREZ,,1,634,898,411,0.4576837416481069,0.5423162583518931,PVEM,199,0.48418491484184917,119,0.2895377128953771,MORENA,80,0.19464720194647203,47,0.11435523114355231,MC,33,0.08029197080291971,PVEM,199,0.48418491484184917,119,0.2895377128953771,MORENA,80,0.19464720194647203,47,0.11435523114355231,MC,33,0.08029197080291971,20,0.04866180048661801,6,0.014598540145985401,9,0.021897810218978103,199,0.48418491484184917,5,0.012165450121654502,33,0.08029197080291971,80,0.19464720194647203,12,0.029197080291970802,5,0.012165450121654502,1,0.0024330900243309003,3,0.0072992700729927005,4,0.009732360097323601,2,0.004866180048661801,0,0.0,1,0.0024330900243309003,0,0.0,0,0.0,0,0.0,1,0.0024330900243309003,1,0.0024330900243309003,2,0.004866180048661801,0,0.0,2,0.004866180048661801,0,0.0,0,0.0,1,0.0024330900243309003,24,0.058394160583941604,411,1.0,ORIGEN,SECCION,COMPLETO,CATALOGO_INE_2026
52,23,QUINTANA ROO,BENITO JUAREZ,,1,635,705,311,0.44113475177304967,0.5588652482269503,PVEM,131,0.4212218649517685,55,0.17684887459807075,MORENA,76,0.24437299035369775,57,0.1832797427652733,MAS,19,0.06109324758842444,PVEM,131,0.4212218649517685,55,0.17684887459807075,MORENA,76,0.24437299035369775,57,0.1832797427652733,MAS,19,0.06109324758842444,18,0.05787781350482315,8,0.02572347266881029,8,0.02572347266881029,131,0.4212218649517685,2,0.006430868167202572,17,0.05466237942122187,76,0.24437299035369775,19,0.06109324758842444,1,0.003215434083601286,4,0.012861736334405145,0,0.0,0,0.0,2,0.006430868167202572,0,0.0,0,0.0,1,0.003215434083601286,1,0.003215434083601286,0,0.0,0,0.0,3,0.00964630225080386,0,0.0,0,0.0,0,0.0,0,0.0,0,0.0,1,0.003215434083601286,19,0.06109324758842444,311,1.0,ORIGEN,SECCION,COMPLETO,CATALOGO_INE_2026
53,23,QUINTANA ROO,BENITO JUAREZ,,1,636,572,237,0.4143356643356643,0.5856643356643356,PVEM,112,0.47257383966244726,60,0.25316455696202533,MORENA,52,0.21940928270042195,29,0.12236286919831224,MC,23,0.0970464135021097,PVEM,112,0.47257383966244726,60,0.25316455696202533,MORENA,52,0.21940928270042195,29,0.12236286919831224,MC,23,0.0970464135021097,8,0.03375527426160337,4,0.016877637130801686,4,0.016877637130801686,112,0.47257383966244726,3,0.012658227848101266,23,0.0970464135021097,52,0.21940928270042195,6,0.02531645569620253,2,0.008438818565400843,1,0.004219409282700422,0,0.0,2,0.008438818565400843,0,0.0,0,0.0,0,0.0,0,0.0,0,0.0,0,0.0,0,0.0,2,0.008438818565400843,0,0.0,0,0.0,0,0.0,0,0.0,2,0.008438818565400843,0,0.0,16,0.06751054852320675,237,1.0,ORIGEN,SECCION,COMPLETO,CATALOGO_INE_2026
54,23,QUINTANA ROO,BENITO JUAREZ,,1,637,407,207,0.5085995085995086,0.49140049140049136,PVEM,109,0.5265700483091788,72,0.34782608695652173,MORENA,37,0.178743961352657,28,0.13526570048309178,PAN,9,0.043478260869565216,PVEM,109,0.5265700483091788,72,0.34782608695652173,MORENA,37,0.178743961352657,28,0.13526570048309178,PAN,9,0.043478260869565216,9,0.043478260869565216,4,0.01932367149758454,3,0.014492753623188406,109,0.5265700483091788,3,0.014492753623188406,7,0.033816425120772944,37,0.178743961352657,8,0.03864734299516908,0,0.0,0,0.0,0,0.0,1,0.004830917874396135,0,0.0,0,0.0,0,0.0,1,0.004830917874396135,0,0.0,0,0.0,0,0.0,0,0.0,2,0.00966183574879227,0,0.0,0,0.0,0,0.0,1,0.004830917874396135,0,0.0,22,0.10628019323671498,207,1.0,ORIGEN,SECCION,COMPLETO,CATALOGO_INE_2026
55,23,QUINTANA ROO,BENITO JUAREZ,,1,962,1709,576,0.33703920421299005,0.66296079578701,MORENA,204,0.3541666666666667,101,0.1753472222222222,PVEM,103,0.17881944444444445,31,0.05381944444444445,PAN,72,0.125,MORENA,204,0.3541666666666667,101,0.1753472222222222,PVEM,103,0.17881944444444445,31,0.05381944444444445,PAN,72,0.125,72,0.125,10,0.017361111111111112,7,0.012152777777777778,103,0.17881944444444445,14,0.024305555555555556,68,0.11805555555555555,204,0.3541666666666667,20,0.034722222222222224,4,0.006944444444444444,9,0.015625,3,0.005208333333333333,2,0.003472222222222222,0,0.0,0,0.0,1,0.001736111111111111,1,0.001736111111111111,0,0.0,0,0.0,1,0.001736111111111111,2,0.003472222222222222,7,0.012152777777777778,1,0.001736111111111111,4,0.006944444444444444,1,0.001736111111111111,2,0.003472222222222222,1,0.001736111111111111,39,0.06770833333333333,576,1.0,ORIGEN,SECCION,COMPLETO,CATALOGO_INE_2026
56,23,QUINTANA ROO,BENITO JUAREZ,,2,13,2309,1036,0.44867908185361627,0.5513209181463837,MORENA,318,0.30694980694980695,40,0.03861003861003861,PVEM,278,0.26833976833976836,121,0.1167953667953668,MC,157,0.15154440154440155,MORENA,318,0.30694980694980695,40,0.03861003861003861,PVEM,278,0.26833976833976836,121,0.1167953667953668,MC,157,0.15154440154440155,62,0.059845559845559844,33,0.03185328185328185,22,0.021235521235521235,278,0.26833976833976836,28,0.02702702702702703,157,0.15154440154440155,318,0.30694980694980695,42,0.04054054054054054,9,0.008687258687258687,25,0.02413127413127413,3,0.0028957528957528956,4,0.003861003861003861,0,0.0,1,0.0009652509652509653,1,0.0009652509652509653,5,0.004826254826254826,0,0.0,0,0.0,1,0.0009652509652509653,3,0.0028957528957528956,4,0.003861003861003861,2,0.0019305019305019305,0,0.0,0,0.0,0,0.0,0,0.0,38,0.03667953667953668,1036,1.0,ORIGEN,SECCION,COMPLETO,CATALOGO_INE_2026
57,23,QUINTANA ROO,BENITO JUAREZ,,2,14,4520,1617,0.3577433628318584,0.6422566371681415,MORENA,536,0.33147804576376005,207,0.1280148423005566,MC,329,0.20346320346320346,33,0.02040816326530612,PVEM,296,0.18305504019789734,MORENA,536,0.33147804576376005,207,0.1280148423005566,MC,329,0.20346320346320346,33,0.02040816326530612,PVEM,296,0.18305504019789734,175,0.10822510822510822,65,0.04019789734075448,16,0.009894867037724181,296,0.18305504019789734,31,0.0191713048855906,329,0.20346320346320346,536,0.33147804576376005,54,0.03339517625231911,12,0.0074211502782931356,13,0.008039579468150896,3,0.0018552875695732839,1,0.0006184291898577613,1,0.0006184291898577613,0,0.0,5,0.0030921459492888066,1,0.0006184291898577613,1,0.0006184291898577613,0,0.0,0,0.0,0,0.0,8,0.004947433518862091,0,0.0,4,0.0024737167594310453,0,0.0,0,0.0,4,0.0024737167594310453,62,0.0383426097711812,1617,1.0,ORIGEN,SECCION,COMPLETO,CATALOGO_INE_2026
58,23,QUINTANA ROO,BENITO JUAREZ,,2,48,1341,588,0.43847874720357943,0.5615212527964206,MORENA,177,0.3010204081632653,46,0.0782312925170068,PVEM,131,0.2227891156462585,36,0.061224489795918366,MC,95,0.16156462585034015,MORENA,177,0.3010204081632653,46,0.0782312925170068,PVEM,131,0.2227891156462585,36,0.061224489795918366,MC,95,0.16156462585034015,66,0.11224489795918367,24,0.04081632653061224,18,0.030612244897959183,131,0.2227891156462585,8,0.013605442176870748,95,0.16156462585034015,177,0.3010204081632653,25,0.04251700680272109,6,0.01020408163265306,5,0.008503401360544218,1,0.0017006802721088435,1,0.0017006802721088435,0,0.0,0,0.0,0,0.0,0,0.0,0,0.0,0,0.0,1,0.0017006802721088435,0,0.0,6,0.01020408163265306,0,0.0,4,0.006802721088435374,0,0.0,0,0.0,0,0.0,20,0.034013605442176874,588,1.0,ORIGEN,SECCION,COMPLETO,CATALOGO_INE_2026
59,23,QUINTANA ROO,BENITO JUAREZ,,2,49,1410,644,0.45673758865248226,0.5432624113475177,MORENA,202,0.3136645962732919,1,0.0015527950310559005,PVEM,201,0.31211180124223603,131,0.20341614906832298,MC,70,0.10869565217391304,MORENA,202,0.3136645962732919,1,0.0015527950310559005,PVEM,201,0.31211180124223603,131,0.20341614906832298,MC,70,0.10869565217391304,53,0.08229813664596274,10,0.015527950310559006,6,0.009316770186335404,201,0.31211180124223603,3,0.004658385093167702,70,0.10869565217391304,202,0.3136645962732919,24,0.037267080745341616,4,0.006211180124223602,15,0.023291925465838508,0,0.0,0,0.0,0,0.0,0,0.0,3,0.004658385093167702,2,0.003105590062111801,1,0.0015527950310559005,0,0.0,0,0.0,0,0.0,0,0.0,0,0.0,6,0.009316770186335404,0,0.0,1,0.0015527950310559005,0,0.0,43,0.06677018633540373,644,1.0,ORIGEN,SECCION,COMPLETO,CATALOGO_INE_2026
60,23,QUINTANA ROO,BENITO JUAREZ,,2,50,2045,893,0.4366748166259169,0.5633251833740831,MORENA,260,0.2911534154535274,4,0.004479283314669653,PVEM,256,0.2866741321388578,116,0.12989921612541994,MC,140,0.15677491601343785,MORENA,260,0.2911534154535274,4,0.004479283314669653,PVEM,256,0.2866741321388578,116,0.12989921612541994,MC,140,0.15677491601343785,76,0.0851063829787234,23,0.025755879059350503,12,0.013437849944008958,256,0.2866741321388578,17,0.019036954087346025,140,0.15677491601343785,260,0.2911534154535274,29,0.032474804031354984,2,0.0022396416573348264,11,0.012318029115341545,0,0.0,9,0.010078387458006719,0,0.0,0,0.0,0,0.0,0,0.0,0,0.0,0,0.0,0,0.0,2,0.0022396416573348264,3,0.0033594624860022394,0,0.0,1,0.0011198208286674132,0,0.0,0,0.0,0,0.0,52,0.05823068309070549,893,1.0,ORIGEN,SECCION,COMPLETO,CATALOGO_INE_2026
61,23,QUINTANA ROO,BENITO JUAREZ,,2,51,1140,525,0.4605263157894737,0.5394736842105263,MORENA,174,0.3314285714285714,28,0.05333333333333334,PVEM,146,0.2780952380952381,68,0.1295238095238095,MC,78,0.14857142857142858,MORENA,174,0.3314285714285714,28,0.05333333333333334,PVEM,146,0.2780952380952381,68,0.1295238095238095,MC,78,0.14857142857142858,41,0.07809523809523809,14,0.02666666666666667,10,0.01904761904761905,146,0.2780952380952381,8,0.015238095238095238,78,0.14857142857142858,174,0.3314285714285714,7,0.013333333333333334,7,0.013333333333333334,6,0.011428571428571429,1,0.0019047619047619048,2,0.0038095238095238095,0,0.0,0,0.0,1,0.0019047619047619048,0,0.0,0,0.0,0,0.0,0,0.0,1,0.0019047619047619048,3,0.005714285714285714,0,0.0,1,0.0019047619047619048,0,0.0,0,0.0,2,0.0038095238095238095,23,0.04380952380952381,525,1.0,ORIGEN,SECCION,COMPLETO,CATALOGO_INE_2026
62,23,QUINTANA ROO,BENITO JUAREZ,,2,70,1047,515,0.4918815663801337,0.5081184336198663,MORENA,170,0.3300970873786408,59,0.1145631067961165,PVEM,111,0.21553398058252426,30,0.05825242718446602,MC,81,0.15728155339805824,MORENA,170,0.3300970873786408,59,0.1145631067961165,PVEM,111,0.21553398058252426,30,0.05825242718446602,MC,81,0.15728155339805824,44,0.0854368932038835,14,0.027184466019417475,7,0.013592233009708738,111,0.21553398058252426,7,0.013592233009708738,81,0.15728155339805824,170,0.3300970873786408,24,0.04660194174757282,6,0.011650485436893204,9,0.017475728155339806,9,0.017475728155339806,7,0.013592233009708738,0,0.0,1,0.001941747572815534,0,0.0,1,0.001941747572815534,0,0.0,0,0.0,0,0.0,0,0.0,0,0.0,0,0.0,0,0.0,0,0.0,0,0.0,4,0.007766990291262136,20,0.038834951456310676,515,1.0,ORIGEN,SECCION,COMPLETO,CATALOGO_INE_2026
63,23,QUINTANA ROO,BENITO JUAREZ,,2,579,1186,413,0.3482293423271501,0.6517706576728499,MORENA,161,0.3898305084745763,70,0.1694915254237288,PVEM,91,0.22033898305084745,24,0.05811138014527845,MC,67,0.162227602905569,MORENA,161,0.3898305084745763,70,0.1694915254237288,PVEM,91,0.22033898305084745,24,0.05811138014527845,MC,67,0.162227602905569,27,0.06537530266343826,8,0.01937046004842615,8,0.01937046004842615,91,0.22033898305084745,9,0.021791767554479417,67,0.162227602905569,161,0.3898305084745763,11,0.026634382566585957,3,0.007263922518159807,11,0.026634382566585957,0,0.0,0,0.0,1,0.002421307506053269,1,0.002421307506053269,0,0.0,0,0.0,0,0.0,0,0.0,0,0.0,1,0.002421307506053269,1,0.002421307506053269,2,0.004842615012106538,0,0.0,0,0.0,0,0.0,0,0.0,11,0.026634382566585957,413,1.0,ORIGEN,SECCION,COMPLETO,CATALOGO_INE_2026
64,23,QUINTANA ROO,BENITO JUAREZ,,2,580,537,227,0.4227188081936685,0.5772811918063314,MORENA,77,0.3392070484581498,3,0.013215859030837005,PVEM,74,0.32599118942731276,55,0.2422907488986784,MC,19,0.08370044052863436,MORENA,77,0.3392070484581498,3,0.013215859030837005,PVEM,74,0.32599118942731276,55,0.2422907488986784,MC,19,0.08370044052863436,18,0.07929515418502203,4,0.01762114537444934,2,0.00881057268722467,74,0.32599118942731276,4,0.01762114537444934,19,0.08370044052863436,77,0.3392070484581498,12,0.05286343612334802,1,0.004405286343612335,2,0.00881057268722467,1,0.004405286343612335,0,0.0,0,0.0,0,0.0,0,0.0,0,0.0,0,0.0,0,0.0,0,0.0,0,0.0,2,0.00881057268722467,0,0.0,2,0.00881057268722467,0,0.0,0,0.0,0,0.0,9,0.039647577092511016,227,1.0,ORIGEN,SECCION,COMPLETO,CATALOGO_INE_2026
65,23,QUINTANA ROO,BENITO JUAREZ,,2,581,341,159,0.4662756598240469,0.533724340175953,MORENA,48,0.3018867924528302,6,0.03773584905660377,PVEM,42,0.2641509433962264,16,0.10062893081761007,MC,26,0.16352201257861634,MORENA,48,0.3018867924528302,6,0.03773584905660377,PVEM,42,0.2641509433962264,16,0.10062893081761007,MC,26,0.16352201257861634,13,0.08176100628930817,2,0.012578616352201259,2,0.012578616352201259,42,0.2641509433962264,5,0.031446540880503145,26,0.16352201257861634,48,0.3018867924528302,6,0.03773584905660377,1,0.006289308176100629,4,0.025157232704402517,0,0.0,0,0.0,0,0.0,0,0.0,0,0.0,0,0.0,0,0.0,0,0.0,0,0.0,0,0.0,0,0.0,0,0.0,0,0.0,0,0.0,0,0.0,0,0.0,10,0.06289308176100629,159,1.0,ORIGEN,SECCION,COMPLETO,CATALOGO_INE_2026
66,23,QUINTANA ROO,BENITO JUAREZ,,2,582,380,176,0.4631578947368421,0.5368421052631579,MORENA,71,0.4034090909090909,10,0.056818181818181816,PVEM,61,0.3465909090909091,50,0.2840909090909091,MC,11,0.0625,MORENA,71,0.4034090909090909,10,0.056818181818181816,PVEM,61,0.3465909090909091,50,0.2840909090909091,MC,11,0.0625,8,0.045454545454545456,5,0.028409090909090908,1,0.005681818181818182,61,0.3465909090909091,4,0.022727272727272728,11,0.0625,71,0.4034090909090909,3,0.017045454545454544,1,0.005681818181818182,4,0.022727272727272728,0,0.0,0,0.0,0,0.0,0,0.0,0,0.0,0,0.0,0,0.0,0,0.0,1,0.005681818181818182,0,0.0,0,0.0,0,0.0,0,0.0,0,0.0,0,0.0,0,0.0,6,0.03409090909090909,176,1.0,ORIGEN,SECCION,COMPLETO,CATALOGO_INE_2026
67,23,QUINTANA ROO,BENITO JUAREZ,,2,583,268,114,0.4253731343283582,0.5746268656716418,MORENA,42,0.3684210526315789,11,0.09649122807017543,PVEM,31,0.2719298245614035,16,0.14035087719298245,MC,15,0.13157894736842105,MORENA,42,0.3684210526315789,11,0.09649122807017543,PVEM,31,0.2719298245614035,16,0.14035087719298245,MC,15,0.13157894736842105,6,0.05263157894736842,1,0.008771929824561403,2,0.017543859649122806,31,0.2719298245614035,3,0.02631578947368421,15,0.13157894736842105,42,0.3684210526315789,0,0.0,0,0.0,4,0.03508771929824561,0,0.0,0,0.0,0,0.0,0,0.0,0,0.0,0,0.0,0,0.0,0,0.0,0,0.0,0,0.0,3,0.02631578947368421,0,0.0,0,0.0,0,0.0,0,0.0,0,0.0,7,0.06140350877192982,114,1.0,ORIGEN,SECCION,COMPLETO,CATALOGO_INE_2026
68,23,QUINTANA ROO,BENITO JUAREZ,,2,584,148,79,0.5337837837837838,0.46621621621621623,PVEM,36,0.45569620253164556,13,0.16455696202531644,MORENA,23,0.2911392405063291,17,0.21518987341772153,MC,6,0.0759493670886076,PVEM,36,0.45569620253164556,13,0.16455696202531644,MORENA,23,0.2911392405063291,17,0.21518987341772153,MC,6,0.0759493670886076,0,0.0,0,0.0,1,0.012658227848101266,36,0.45569620253164556,4,0.05063291139240506,6,0.0759493670886076,23,0.2911392405063291,3,0.0379746835443038,1,0.012658227848101266,2,0.02531645569620253,0,0.0,0,0.0,0,0.0,0,0.0,0,0.0,0,0.0,0,0.0,0,0.0,0,0.0,0,0.0,0,0.0,0,0.0,0,0.0,0,0.0,0,0.0,0,0.0,3,0.0379746835443038,79,1.0,ORIGEN,SECCION,COMPLETO,CATALOGO_INE_2026
69,23,QUINTANA ROO,BENITO JUAREZ,,2,595,817,334,0.408812729498164,0.591187270501836,MORENA,125,0.37425149700598803,67,0.20059880239520958,MC,58,0.17365269461077845,2,0.005988023952095809,PVEM,56,0.16766467065868262,MORENA,125,0.37425149700598803,67,0.20059880239520958,MC,58,0.17365269461077845,2,0.005988023952095809,PVEM,56,0.16766467065868262,23,0.0688622754491018,16,0.04790419161676647,9,0.02694610778443114,56,0.16766467065868262,7,0.020958083832335328,58,0.17365269461077845,125,0.37425149700598803,7,0.020958083832335328,3,0.008982035928143712,5,0.014970059880239521,1,0.0029940119760479044,1,0.0029940119760479044,0,0.0,0,0.0,2,0.005988023952095809,0,0.0,0,0.0,1,0.0029940119760479044,0,0.0,1,0.0029940119760479044,6,0.017964071856287425,0,0.0,1,0.0029940119760479044,0,0.0,0,0.0,1,0.0029940119760479044,11,0.03293413173652695,334,1.0,ORIGEN,SECCION,COMPLETO,CATALOGO_INE_2026
70,23,QUINTANA ROO,BENITO JUAREZ,,2,596,582,224,0.3848797250859107,0.6151202749140894,MORENA,80,0.35714285714285715,33,0.14732142857142858,PVEM,47,0.20982142857142858,10,0.044642857142857144,MC,37,0.16517857142857142,MORENA,80,0.35714285714285715,33,0.14732142857142858,PVEM,47,0.20982142857142858,10,0.044642857142857144,MC,37,0.16517857142857142,23,0.10267857142857142,4,0.017857142857142856,3,0.013392857142857142,47,0.20982142857142858,5,0.022321428571428572,37,0.16517857142857142,80,0.35714285714285715,4,0.017857142857142856,1,0.004464285714285714,3,0.013392857142857142,1,0.004464285714285714,1,0.004464285714285714,0,0.0,0,0.0,0,0.0,0,0.0,0,0.0,0,0.0,0,0.0,1,0.004464285714285714,2,0.008928571428571428,0,0.0,1,0.004464285714285714,0,0.0,1,0.004464285714285714,0,0.0,10,0.044642857142857144,224,1.0,ORIGEN,SECCION,COMPLETO,CATALOGO_INE_2026
71,23,QUINTANA ROO,BENITO JUAREZ,,2,599,749,301,0.40186915887850466,0.5981308411214954,MORENA,112,0.37209302325581395,40,0.132890365448505,PVEM,72,0.23920265780730898,26,0.08637873754152824,MC,46,0.15282392026578073,MORENA,112,0.37209302325581395,40,0.132890365448505,PVEM,72,0.23920265780730898,26,0.08637873754152824,MC,46,0.15282392026578073,20,0.0664451827242525,11,0.036544850498338874,10,0.03322259136212625,72,0.23920265780730898,2,0.006644518272425249,46,0.15282392026578073,112,0.37209302325581395,6,0.019933554817275746,0,0.0,3,0.009966777408637873,0,0.0,0,0.0,0,0.0,0,0.0,1,0.0033222591362126247,0,0.0,0,0.0,4,0.013289036544850499,1,0.0033222591362126247,0,0.0,0,0.0,0,0.0,0,0.0,0,0.0,0,0.0,1,0.0033222591362126247,12,0.03986710963455149,301,1.0,ORIGEN,SECCION,COMPLETO,CATALOGO_INE_2026
72,23,QUINTANA ROO,BENITO JUAREZ,,2,601,586,262,0.447098976109215,0.552901023890785,PVEM,85,0.3244274809160305,10,0.03816793893129771,MORENA,75,0.2862595419847328,32,0.12213740458015267,MC,43,0.16412213740458015,PVEM,85,0.3244274809160305,10,0.03816793893129771,MORENA,75,0.2862595419847328,32,0.12213740458015267,MC,43,0.16412213740458015,22,0.08396946564885496,3,0.011450381679389313,3,0.011450381679389313,85,0.3244274809160305,3,0.011450381679389313,43,0.16412213740458015,75,0.2862595419847328,7,0.026717557251908396,2,0.007633587786259542,3,0.011450381679389313,0,0.0,0,0.0,0,0.0,0,0.0,0,0.0,1,0.003816793893129771,0,0.0,0,0.0,0,0.0,0,0.0,3,0.011450381679389313,0,0.0,0,0.0,0,0.0,0,0.0,0,0.0,12,0.04580152671755725,262,1.0,ORIGEN,SECCION,COMPLETO,CATALOGO_INE_2026
73,23,QUINTANA ROO,BENITO JUAREZ,,2,602,430,186,0.4325581395348837,0.5674418604651164,PVEM,79,0.42473118279569894,26,0.13978494623655913,MORENA,53,0.2849462365591398,33,0.1774193548387097,MC,20,0.10752688172043011,PVEM,79,0.42473118279569894,26,0.13978494623655913,MORENA,53,0.2849462365591398,33,0.1774193548387097,MC,20,0.10752688172043011,17,0.0913978494623656,4,0.021505376344086023,2,0.010752688172043012,79,0.42473118279569894,0,0.0,20,0.10752688172043011,53,0.2849462365591398,2,0.010752688172043012,0,0.0,1,0.005376344086021506,0,0.0,0,0.0,0,0.0,0,0.0,0,0.0,0,0.0,0,0.0,0,0.0,0,0.0,0,0.0,0,0.0,0,0.0,0,0.0,0,0.0,0,0.0,7,0.03763440860215054,1,0.005376344086021506,186,1.0,ORIGEN,SECCION,COMPLETO,CATALOGO_INE_2026
74,23,QUINTANA ROO,BENITO JUAREZ,,2,811,973,368,0.37821171634121276,0.6217882836587872,MORENA,99,0.26902173913043476,16,0.043478260869565216,PVEM,83,0.22554347826086957,38,0.10326086956521739,MC,45,0.12228260869565218,MORENA,99,0.26902173913043476,16,0.043478260869565216,PVEM,83,0.22554347826086957,38,0.10326086956521739,MC,45,0.12228260869565218,35,0.09510869565217392,8,0.021739130434782608,20,0.05434782608695652,83,0.22554347826086957,19,0.051630434782608696,45,0.12228260869565218,99,0.26902173913043476,10,0.02717391304347826,6,0.016304347826086956,13,0.035326086956521736,1,0.002717391304347826,1,0.002717391304347826,0,0.0,0,0.0,0,0.0,1,0.002717391304347826,0,0.0,2,0.005434782608695652,0,0.0,0,0.0,3,0.008152173913043478,0,0.0,0,0.0,0,0.0,0,0.0,0,0.0,22,0.059782608695652176,368,1.0,ORIGEN,SECCION,COMPLETO,CATALOGO_INE_2026
75,23,QUINTANA ROO,BENITO JUAREZ,,2,812,1328,447,0.3365963855421687,0.6634036144578312,PVEM,154,0.34451901565995524,36,0.08053691275167785,MORENA,118,0.2639821029082774,77,0.17225950782997762,MC,41,0.09172259507829977,PVEM,154,0.34451901565995524,36,0.08053691275167785,MORENA,118,0.2639821029082774,77,0.17225950782997762,MC,41,0.09172259507829977,36,0.08053691275167785,7,0.015659955257270694,15,0.03355704697986577,154,0.34451901565995524,13,0.029082774049217,41,0.09172259507829977,118,0.2639821029082774,12,0.026845637583892617,3,0.006711409395973154,8,0.017897091722595078,0,0.0,1,0.0022371364653243847,1,0.0022371364653243847,0,0.0,0,0.0,0,0.0,1,0.0022371364653243847,0,0.0,0,0.0,0,0.0,2,0.0044742729306487695,0,0.0,3,0.006711409395973154,0,0.0,1,0.0022371364653243847,0,0.0,31,0.06935123042505593,447,1.0,ORIGEN,SECCION,COMPLETO,CATALOGO_INE_2026
76,23,QUINTANA ROO,BENITO JUAREZ,,2,813,1107,405,0.36585365853658536,0.6341463414634146,PVEM,168,0.4148148148148148,87,0.21481481481481482,MORENA,81,0.2,38,0.09382716049382717,MC,43,0.10617283950617284,PVEM,168,0.4148148148148148,87,0.21481481481481482,MORENA,81,0.2,38,0.09382716049382717,MC,43,0.10617283950617284,33,0.08148148148148149,9,0.022222222222222223,13,0.03209876543209877,168,0.4148148148148148,15,0.037037037037037035,43,0.10617283950617284,81,0.2,10,0.024691358024691357,2,0.0049382716049382715,8,0.019753086419753086,0,0.0,0,0.0,0,0.0,0,0.0,1,0.0024691358024691358,1,0.0024691358024691358,1,0.0024691358024691358,1,0.0024691358024691358,1,0.0024691358024691358,3,0.007407407407407408,3,0.007407407407407408,0,0.0,2,0.0049382716049382715,0,0.0,0,0.0,0,0.0,10,0.024691358024691357,405,1.0,ORIGEN,SECCION,COMPLETO,CATALOGO_INE_2026
77,23,QUINTANA ROO,BENITO JUAREZ,,2,814,1258,410,0.32591414944356123,0.6740858505564388,MORENA,151,0.36829268292682926,66,0.16097560975609757,MC,85,0.2073170731707317,33,0.08048780487804878,PAN,52,0.12682926829268293,MORENA,151,0.36829268292682926,66,0.16097560975609757,MC,85,0.2073170731707317,33,0.08048780487804878,PAN,52,0.12682926829268293,52,0.12682926829268293,21,0.05121951219512195,8,0.01951219512195122,40,0.0975609756097561,9,0.02195121951219512,85,0.2073170731707317,151,0.36829268292682926,12,0.02926829268292683,5,0.012195121951219513,5,0.012195121951219513,1,0.0024390243902439024,0,0.0,0,0.0,0,0.0,0,0.0,0,0.0,0,0.0,0,0.0,0,0.0,1,0.0024390243902439024,1,0.0024390243902439024,0,0.0,0,0.0,0,0.0,0,0.0,0,0.0,19,0.046341463414634146,410,1.0,ORIGEN,SECCION,COMPLETO,CATALOGO_INE_2026
78,23,QUINTANA ROO,BENITO JUAREZ,,2,815,1023,352,0.34408602150537637,0.6559139784946236,MORENA,140,0.3977272727272727,83,0.23579545454545456,MC,57,0.16193181818181818,5,0.014204545454545454,PAN,52,0.14772727272727273,MORENA,140,0.3977272727272727,83,0.23579545454545456,MC,57,0.16193181818181818,5,0.014204545454545454,PAN,52,0.14772727272727273,52,0.14772727272727273,9,0.02556818181818182,12,0.03409090909090909,42,0.11931818181818182,6,0.017045454545454544,57,0.16193181818181818,140,0.3977272727272727,6,0.017045454545454544,3,0.008522727272727272,5,0.014204545454545454,0,0.0,1,0.002840909090909091,0,0.0,0,0.0,0,0.0,1,0.002840909090909091,0,0.0,0,0.0,0,0.0,0,0.0,2,0.005681818181818182,0,0.0,1,0.002840909090909091,0,0.0,0,0.0,0,0.0,15,0.04261363636363636,352,1.0,ORIGEN,SECCION,COMPLETO,CATALOGO_INE_2026
79,23,QUINTANA ROO,BENITO JUAREZ,,2,816,1207,464,0.3844241922120961,0.6155758077879039,MORENA,149,0.32112068965517243,2,0.004310344827586207,PVEM,147,0.3168103448275862,91,0.1961206896551724,MC,56,0.1206896551724138,MORENA,149,0.32112068965517243,2,0.004310344827586207,PVEM,147,0.3168103448275862,91,0.1961206896551724,MC,56,0.1206896551724138,30,0.06465517241379311,13,0.028017241379310345,3,0.00646551724137931,147,0.3168103448275862,11,0.023706896551724137,56,0.1206896551724138,149,0.32112068965517243,10,0.021551724137931036,5,0.010775862068965518,10,0.021551724137931036,5,0.010775862068965518,2,0.004310344827586207,0,0.0,0,0.0,1,0.0021551724137931034,1,0.0021551724137931034,0,0.0,0,0.0,0,0.0,0,0.0,2,0.004310344827586207,0,0.0,1,0.0021551724137931034,0,0.0,1,0.0021551724137931034,0,0.0,17,0.036637931034482756,464,1.0,ORIGEN,SECCION,COMPLETO,CATALOGO_INE_2026
80,23,QUINTANA ROO,BENITO JUAREZ,,2,817,1074,391,0.36405959031657353,0.6359404096834265,MORENA,144,0.36828644501278773,85,0.21739130434782608,MC,59,0.15089514066496162,1,0.0025575447570332483,PAN,58,0.1483375959079284,MORENA,144,0.36828644501278773,85,0.21739130434782608,MC,59,0.15089514066496162,1,0.0025575447570332483,PAN,58,0.1483375959079284,58,0.1483375959079284,18,0.04603580562659847,9,0.023017902813299233,49,0.12531969309462915,10,0.02557544757033248,59,0.15089514066496162,144,0.36828644501278773,18,0.04603580562659847,4,0.010230179028132993,1,0.0025575447570332483,1,0.0025575447570332483,0,0.0,0,0.0,0,0.0,0,0.0,1,0.0025575447570332483,0,0.0,0,0.0,0,0.0,0,0.0,2,0.005115089514066497,0,0.0,0,0.0,0,0.0,0,0.0,1,0.0025575447570332483,16,0.04092071611253197,391,1.0,ORIGEN,SECCION,COMPLETO,CATALOGO_INE_2026
81,23,QUINTANA ROO,BENITO JUAREZ,,2,818,1368,461,0.3369883040935672,0.6630116959064327,PVEM,176,0.38177874186550975,70,0.15184381778741865,MORENA,106,0.2299349240780911,38,0.0824295010845987,MC,68,0.1475054229934924,PVEM,176,0.38177874186550975,70,0.15184381778741865,MORENA,106,0.2299349240780911,38,0.0824295010845987,MC,68,0.1475054229934924,29,0.06290672451193059,6,0.013015184381778741,3,0.006507592190889371,176,0.38177874186550975,9,0.019522776572668113,68,0.1475054229934924,106,0.2299349240780911,10,0.021691973969631236,2,0.004338394793926247,8,0.01735357917570499,3,0.006507592190889371,0,0.0,0,0.0,0,0.0,0,0.0,1,0.0021691973969631237,0,0.0,1,0.0021691973969631237,0,0.0,0,0.0,3,0.006507592190889371,1,0.0021691973969631237,1,0.0021691973969631237,0,0.0,0,0.0,0,0.0,34,0.0737527114967462,461,1.0,ORIGEN,SECCION,COMPLETO,CATALOGO_INE_2026
82,23,QUINTANA ROO,BENITO JUAREZ,,2,819,841,318,0.37812128418549346,0.6218787158145065,PVEM,87,0.27358490566037735,0,0.0,MORENA,87,0.27358490566037735,45,0.14150943396226415,PAN,42,0.1320754716981132,PVEM,87,0.27358490566037735,0,0.0,MORENA,87,0.27358490566037735,45,0.14150943396226415,PAN,42,0.1320754716981132,42,0.1320754716981132,11,0.03459119496855346,14,0.0440251572327044,87,0.27358490566037735,2,0.006289308176100629,40,0.12578616352201258,87,0.27358490566037735,8,0.025157232704402517,2,0.006289308176100629,4,0.012578616352201259,0,0.0,1,0.0031446540880503146,1,0.0031446540880503146,0,0.0,0,0.0,0,0.0,0,0.0,0,0.0,1,0.0031446540880503146,1,0.0031446540880503146,1,0.0031446540880503146,0,0.0,1,0.0031446540880503146,0,0.0,0,0.0,1,0.0031446540880503146,14,0.0440251572327044,318,1.0,ORIGEN,SECCION,COMPLETO,CATALOGO_INE_2026
83,23,QUINTANA ROO,BENITO JUAREZ,,2,820,705,286,0.4056737588652482,0.5943262411347519,PVEM,95,0.3321678321678322,31,0.10839160839160839,MORENA,64,0.22377622377622378,17,0.05944055944055944,PAN,47,0.16433566433566432,PVEM,95,0.3321678321678322,31,0.10839160839160839,MORENA,64,0.22377622377622378,17,0.05944055944055944,PAN,47,0.16433566433566432,47,0.16433566433566432,1,0.0034965034965034965,7,0.024475524475524476,95,0.3321678321678322,12,0.04195804195804196,32,0.11188811188811189,64,0.22377622377622378,9,0.03146853146853147,1,0.0034965034965034965,2,0.006993006993006993,0,0.0,0,0.0,0,0.0,0,0.0,0,0.0,0,0.0,0,0.0,0,0.0,0,0.0,0,0.0,3,0.01048951048951049,0,0.0,1,0.0034965034965034965,0,0.0,0,0.0,0,0.0,12,0.04195804195804196,286,1.0,ORIGEN,SECCION,COMPLETO,CATALOGO_INE_2026
84,23,QUINTANA ROO,BENITO JUAREZ,,2,821,597,217,0.36348408710217756,0.6365159128978224,PVEM,69,0.31797235023041476,4,0.018433179723502304,MORENA,65,0.2995391705069124,37,0.17050691244239632,MC,28,0.12903225806451613,PVEM,69,0.31797235023041476,4,0.018433179723502304,MORENA,65,0.2995391705069124,37,0.17050691244239632,MC,28,0.12903225806451613,19,0.08755760368663594,7,0.03225806451612903,5,0.02304147465437788,69,0.31797235023041476,3,0.013824884792626729,28,0.12903225806451613,65,0.2995391705069124,4,0.018433179723502304,2,0.009216589861751152,0,0.0,0,0.0,0,0.0,0,0.0,0,0.0,0,0.0,0,0.0,0,0.0,0,0.0,0,0.0,0,0.0,1,0.004608294930875576,0,0.0,0,0.0,0,0.0,0,0.0,0,0.0,14,0.06451612903225806,217,1.0,ORIGEN,SECCION,COMPLETO,CATALOGO_INE_2026
85,23,QUINTANA ROO,BENITO JUAREZ,,2,822,1800,596,0.33111111111111113,0.6688888888888889,MORENA,228,0.3825503355704698,89,0.1493288590604027,PVEM,139,0.2332214765100671,61,0.10234899328859061,MC,78,0.13087248322147652,MORENA,228,0.3825503355704698,89,0.1493288590604027,PVEM,139,0.2332214765100671,61,0.10234899328859061,MC,78,0.13087248322147652,40,0.06711409395973154,10,0.016778523489932886,11,0.018456375838926176,139,0.2332214765100671,16,0.026845637583892617,78,0.13087248322147652,228,0.3825503355704698,22,0.03691275167785235,7,0.01174496644295302,9,0.015100671140939598,0,0.0,0,0.0,0,0.0,0,0.0,0,0.0,1,0.0016778523489932886,0,0.0,0,0.0,0,0.0,0,0.0,4,0.006711409395973154,1,0.0016778523489932886,1,0.0016778523489932886,0,0.0,1,0.0016778523489932886,3,0.0050335570469798654,25,0.04194630872483222,596,1.0,ORIGEN,SECCION,COMPLETO,CATALOGO_INE_2026
86,23,QUINTANA ROO,BENITO JUAREZ,,2,823,700,239,0.3414285714285714,0.6585714285714286,MORENA,93,0.3891213389121339,49,0.20502092050209206,MC,44,0.18410041841004185,8,0.03347280334728033,PVEM,36,0.1506276150627615,MORENA,93,0.3891213389121339,49,0.20502092050209206,MC,44,0.18410041841004185,8,0.03347280334728033,PVEM,36,0.1506276150627615,21,0.08786610878661087,3,0.012552301255230125,2,0.008368200836820083,36,0.1506276150627615,3,0.012552301255230125,44,0.18410041841004185,93,0.3891213389121339,12,0.0502092050209205,7,0.029288702928870293,3,0.012552301255230125,0,0.0,1,0.0041841004184100415,1,0.0041841004184100415,0,0.0,0,0.0,2,0.008368200836820083,0,0.0,0,0.0,0,0.0,0,0.0,0,0.0,0,0.0,1,0.0041841004184100415,0,0.0,0,0.0,0,0.0,10,0.04184100418410042,239,1.0,ORIGEN,SECCION,COMPLETO,CATALOGO_INE_2026
87,23,QUINTANA ROO,BENITO JUAREZ,,2,824,666,242,0.3633633633633634,0.6366366366366366,MORENA,70,0.2892561983471074,25,0.10330578512396695,PAN,45,0.1859504132231405,7,0.028925619834710745,PVEM,38,0.15702479338842976,MORENA,70,0.2892561983471074,25,0.10330578512396695,PAN,45,0.1859504132231405,7,0.028925619834710745,PVEM,38,0.15702479338842976,45,0.1859504132231405,8,0.03305785123966942,14,0.05785123966942149,38,0.15702479338842976,4,0.01652892561983471,35,0.1446280991735537,70,0.2892561983471074,10,0.04132231404958678,1,0.004132231404958678,4,0.01652892561983471,2,0.008264462809917356,0,0.0,0,0.0,0,0.0,0,0.0,0,0.0,0,0.0,0,0.0,0,0.0,0,0.0,0,0.0,0,0.0,0,0.0,0,0.0,0,0.0,0,0.0,11,0.045454545454545456,242,1.0,ORIGEN,SECCION,COMPLETO,CATALOGO_INE_2026
88,23,QUINTANA ROO,BENITO JUAREZ,,2,825,882,322,0.36507936507936506,0.6349206349206349,PVEM,102,0.3167701863354037,24,0.07453416149068323,MORENA,78,0.2422360248447205,33,0.10248447204968944,MC,45,0.13975155279503104,PVEM,102,0.3167701863354037,24,0.07453416149068323,MORENA,78,0.2422360248447205,33,0.10248447204968944,MC,45,0.13975155279503104,30,0.09316770186335403,6,0.018633540372670808,7,0.021739130434782608,102,0.3167701863354037,14,0.043478260869565216,45,0.13975155279503104,78,0.2422360248447205,12,0.037267080745341616,3,0.009316770186335404,10,0.031055900621118012,0,0.0,0,0.0,0,0.0,0,0.0,0,0.0,0,0.0,0,0.0,0,0.0,0,0.0,0,0.0,0,0.0,1,0.003105590062111801,4,0.012422360248447204,0,0.0,0,0.0,1,0.003105590062111801,9,0.027950310559006212,322,1.0,ORIGEN,SECCION,COMPLETO,CATALOGO_INE_2026
89,23,QUINTANA ROO,BENITO JUAREZ,,2,826,7658,2065,0.2696526508226691,0.7303473491773309,PVEM,702,0.33995157384987895,193,0.09346246973365617,MORENA,509,0.24648910411622277,286,0.138498789346247,MC,223,0.10799031476997578,PVEM,702,0.33995157384987895,193,0.09346246973365617,MORENA,509,0.24648910411622277,286,0.138498789346247,MC,223,0.10799031476997578,166,0.08038740920096853,30,0.014527845036319613,51,0.024697336561743343,702,0.33995157384987895,42,0.020338983050847456,223,0.10799031476997578,509,0.24648910411622277,80,0.0387409200968523,16,0.00774818401937046,72,0.03486682808716707,10,0.004842615012106538,10,0.004842615012106538,3,0.0014527845036319612,0,0.0,4,0.001937046004842615,1,0.00048426150121065375,0,0.0,0,0.0,1,0.00048426150121065375,1,0.00048426150121065375,14,0.006779661016949152,9,0.0043583535108958835,5,0.002421307506053269,1,0.00048426150121065375,4,0.001937046004842615,1,0.00048426150121065375,110,0.053268765133171914,2065,1.0,ORIGEN,SECCION,COMPLETO,INFERIDA_SECCION_VECINA
90,23,QUINTANA ROO,BENITO JUAREZ,,2,827,567,205,0.36155202821869487,0.6384479717813052,MORENA,69,0.33658536585365856,23,0.11219512195121951,PVEM,46,0.22439024390243903,16,0.07804878048780488,MC,30,0.14634146341463414,MORENA,69,0.33658536585365856,23,0.11219512195121951,PVEM,46,0.22439024390243903,16,0.07804878048780488,MC,30,0.14634146341463414,15,0.07317073170731707,6,0.02926829268292683,5,0.024390243902439025,46,0.22439024390243903,0,0.0,30,0.14634146341463414,69,0.33658536585365856,7,0.03414634146341464,1,0.004878048780487805,2,0.00975609756097561,2,0.00975609756097561,1,0.004878048780487805,0,0.0,0,0.0,0,0.0,2,0.00975609756097561,0,0.0,0,0.0,0,0.0,0,0.0,3,0.014634146341463415,0,0.0,0,0.0,0,0.0,0,0.0,0,0.0,16,0.07804878048780488,205,1.0,ORIGEN,SECCION,COMPLETO,CATALOGO_INE_2026
91,23,QUINTANA ROO,BENITO JUAREZ,,2,828,1111,425,0.38253825382538253,0.6174617461746175,MORENA,187,0.44,126,0.2964705882352941,MC,61,0.14352941176470588,10,0.023529411764705882,PAN,51,0.12,MORENA,187,0.44,126,0.2964705882352941,MC,61,0.14352941176470588,10,0.023529411764705882,PAN,51,0.12,51,0.12,15,0.03529411764705882,8,0.018823529411764704,40,0.09411764705882353,9,0.021176470588235293,61,0.14352941176470588,187,0.44,14,0.03294117647058824,4,0.009411764705882352,10,0.023529411764705882,2,0.004705882352941176,1,0.002352941176470588,0,0.0,0,0.0,1,0.002352941176470588,2,0.004705882352941176,1,0.002352941176470588,0,0.0,0,0.0,0,0.0,1,0.002352941176470588,0,0.0,2,0.004705882352941176,0,0.0,0,0.0,1,0.002352941176470588,15,0.03529411764705882,425,1.0,ORIGEN,SECCION,COMPLETO,CATALOGO_INE_2026
92,23,QUINTANA ROO,BENITO JUAREZ,,2,829,599,250,0.41736227045075125,0.5826377295492488,PVEM,88,0.352,19,0.076,MORENA,69,0.276,28,0.112,MC,41,0.164,PVEM,88,0.352,19,0.076,MORENA,69,0.276,28,0.112,MC,41,0.164,15,0.06,5,0.02,3,0.012,88,0.352,5,0.02,41,0.164,69,0.276,6,0.024,1,0.004,3,0.012,0,0.0,0,0.0,0,0.0,0,0.0,0,0.0,0,0.0,0,0.0,0,0.0,0,0.0,0,0.0,0,0.0,0,0.0,1,0.004,0,0.0,0,0.0,0,0.0,13,0.052,250,1.0,ORIGEN,SECCION,COMPLETO,CATALOGO_INE_2026
93,23,QUINTANA ROO,BENITO JUAREZ,,2,830,927,296,0.3193096008629989,0.680690399137001,MORENA,102,0.34459459459459457,51,0.17229729729729729,MC,51,0.17229729729729729,7,0.02364864864864865,PAN,44,0.14864864864864866,MORENA,102,0.34459459459459457,51,0.17229729729729729,MC,51,0.17229729729729729,7,0.02364864864864865,PAN,44,0.14864864864864866,44,0.14864864864864866,7,0.02364864864864865,3,0.010135135135135136,44,0.14864864864864866,7,0.02364864864864865,51,0.17229729729729729,102,0.34459459459459457,14,0.0472972972972973,8,0.02702702702702703,3,0.010135135135135136,0,0.0,1,0.0033783783783783786,0,0.0,0,0.0,1,0.0033783783783783786,0,0.0,0,0.0,0,0.0,0,0.0,0,0.0,1,0.0033783783783783786,0,0.0,1,0.0033783783783783786,0,0.0,0,0.0,1,0.0033783783783783786,8,0.02702702702702703,296,1.0,ORIGEN,SECCION,COMPLETO,CATALOGO_INE_2026
94,23,QUINTANA ROO,BENITO JUAREZ,,2,831,507,222,0.4378698224852071,0.5621301775147929,MORENA,80,0.36036036036036034,21,0.0945945945945946,PVEM,59,0.26576576576576577,32,0.14414414414414414,MC,27,0.12162162162162163,MORENA,80,0.36036036036036034,21,0.0945945945945946,PVEM,59,0.26576576576576577,32,0.14414414414414414,MC,27,0.12162162162162163,16,0.07207207207207207,3,0.013513513513513514,7,0.03153153153153153,59,0.26576576576576577,6,0.02702702702702703,27,0.12162162162162163,80,0.36036036036036034,0,0.0,0,0.0,8,0.036036036036036036,0,0.0,0,0.0,0,0.0,0,0.0,1,0.0045045045045045045,2,0.009009009009009009,1,0.0045045045045045045,0,0.0,0,0.0,0,0.0,0,0.0,0,0.0,0,0.0,0,0.0,1,0.0045045045045045045,1,0.0045045045045045045,10,0.04504504504504504,222,1.0,ORIGEN,SECCION,COMPLETO,CATALOGO_INE_2026
95,23,QUINTANA ROO,BENITO JUAREZ,,2,832,785,327,0.41656050955414015,0.5834394904458599,MORENA,141,0.43119266055045874,95,0.290519877675841,MC,46,0.14067278287461774,4,0.012232415902140673,PAN,42,0.12844036697247707,MORENA,141,0.43119266055045874,95,0.290519877675841,MC,46,0.14067278287461774,4,0.012232415902140673,PAN,42,0.12844036697247707,42,0.12844036697247707,10,0.03058103975535168,6,0.01834862385321101,38,0.1162079510703364,7,0.021406727828746176,46,0.14067278287461774,141,0.43119266055045874,5,0.01529051987767584,3,0.009174311926605505,10,0.03058103975535168,2,0.0061162079510703364,0,0.0,1,0.0030581039755351682,0,0.0,0,0.0,0,0.0,0,0.0,0,0.0,0,0.0,0,0.0,2,0.0061162079510703364,0,0.0,3,0.009174311926605505,0,0.0,0,0.0,1,0.0030581039755351682,10,0.03058103975535168,327,1.0,ORIGEN,SECCION,COMPLETO,CATALOGO_INE_2026
96,23,QUINTANA ROO,BENITO JUAREZ,,2,833,723,296,0.4094052558782849,0.5905947441217151,MORENA,98,0.3310810810810811,41,0.13851351351351351,PVEM,57,0.19256756756756757,22,0.07432432432432433,PAN,35,0.11824324324324324,MORENA,98,0.3310810810810811,41,0.13851351351351351,PVEM,57,0.19256756756756757,22,0.07432432432432433,PAN,35,0.11824324324324324,35,0.11824324324324324,11,0.037162162162162164,19,0.06418918918918919,57,0.19256756756756757,6,0.02027027027027027,28,0.0945945945945946,98,0.3310810810810811,12,0.04054054054054054,1,0.0033783783783783786,8,0.02702702702702703,0,0.0,0,0.0,0,0.0,0,0.0,2,0.006756756756756757,0,0.0,0,0.0,0,0.0,0,0.0,0,0.0,4,0.013513513513513514,1,0.0033783783783783786,1,0.0033783783783783786,0,0.0,1,0.0033783783783783786,1,0.0033783783783783786,11,0.037162162162162164,296,1.0,ORIGEN,SECCION,COMPLETO,CATALOGO_INE_2026
97,23,QUINTANA ROO,BENITO JUAREZ,,2,834,556,260,0.4676258992805755,0.5323741007194245,MORENA,78,0.3,18,0.06923076923076923,PVEM,60,0.23076923076923078,19,0.07307692307692308,MC,41,0.1576923076923077,MORENA,78,0.3,18,0.06923076923076923,PVEM,60,0.23076923076923078,19,0.07307692307692308,MC,41,0.1576923076923077,20,0.07692307692307693,10,0.038461538461538464,6,0.023076923076923078,60,0.23076923076923078,5,0.019230769230769232,41,0.1576923076923077,78,0.3,12,0.046153846153846156,5,0.019230769230769232,5,0.019230769230769232,0,0.0,0,0.0,0,0.0,0,0.0,0,0.0,0,0.0,0,0.0,0,0.0,0,0.0,0,0.0,0,0.0,0,0.0,0,0.0,0,0.0,0,0.0,0,0.0,18,0.06923076923076923,260,1.0,ORIGEN,SECCION,COMPLETO,CATALOGO_INE_2026
98,23,QUINTANA ROO,BENITO JUAREZ,,2,835,504,237,0.47023809523809523,0.5297619047619048,PVEM,82,0.3459915611814346,30,0.12658227848101267,MORENA,52,0.21940928270042195,11,0.046413502109704644,MC,41,0.1729957805907173,PVEM,82,0.3459915611814346,30,0.12658227848101267,MORENA,52,0.21940928270042195,11,0.046413502109704644,MC,41,0.1729957805907173,26,0.10970464135021098,5,0.02109704641350211,2,0.008438818565400843,82,0.3459915611814346,6,0.02531645569620253,41,0.1729957805907173,52,0.21940928270042195,7,0.029535864978902954,1,0.004219409282700422,1,0.004219409282700422,0,0.0,0,0.0,0,0.0,0,0.0,0,0.0,0,0.0,0,0.0,0,0.0,0,0.0,0,0.0,3,0.012658227848101266,0,0.0,0,0.0,0,0.0,0,0.0,0,0.0,11,0.046413502109704644,237,1.0,ORIGEN,SECCION,COMPLETO,CATALOGO_INE_2026
99,23,QUINTANA ROO,BENITO JUAREZ,,2,836,630,295,0.46825396825396826,0.5317460317460317,MORENA,104,0.3525423728813559,44,0.14915254237288136,PAN,60,0.2033898305084746,15,0.05084745762711865,PVEM,45,0.15254237288135594,MORENA,104,0.3525423728813559,44,0.14915254237288136,PAN,60,0.2033898305084746,15,0.05084745762711865,PVEM,45,0.15254237288135594,60,0.2033898305084746,4,0.013559322033898305,4,0.013559322033898305,45,0.15254237288135594,5,0.01694915254237288,41,0.13898305084745763,104,0.3525423728813559,13,0.04406779661016949,4,0.013559322033898305,3,0.010169491525423728,2,0.006779661016949152,1,0.003389830508474576,0,0.0,0,0.0,2,0.006779661016949152,0,0.0,0,0.0,0,0.0,0,0.0,0,0.0,1,0.003389830508474576,0,0.0,0,0.0,0,0.0,0,0.0,0,0.0,6,0.020338983050847456,295,1.0,ORIGEN,SECCION,COMPLETO,CATALOGO_INE_2026
100,23,QUINTANA ROO,BENITO JUAREZ,,2,837,741,368,0.4966261808367072,0.5033738191632928,MORENA,106,0.28804347826086957,12,0.03260869565217391,PVEM,94,0.2554347826086957,42,0.11413043478260869,MC,52,0.14130434782608695,MORENA,106,0.28804347826086957,12,0.03260869565217391,PVEM,94,0.2554347826086957,42,0.11413043478260869,MC,52,0.14130434782608695,46,0.125,8,0.021739130434782608,8,0.021739130434782608,94,0.2554347826086957,5,0.01358695652173913,52,0.14130434782608695,106,0.28804347826086957,9,0.024456521739130436,4,0.010869565217391304,7,0.019021739130434784,0,0.0,0,0.0,0,0.0,0,0.0,0,0.0,0,0.0,0,0.0,0,0.0,0,0.0,2,0.005434782608695652,3,0.008152173913043478,0,0.0,1,0.002717391304347826,0,0.0,1,0.002717391304347826,1,0.002717391304347826,21,0.057065217391304345,368,1.0,ORIGEN,SECCION,COMPLETO,CATALOGO_INE_2026
101,23,QUINTANA ROO,BENITO JUAREZ,,2,838,356,165,0.46348314606741575,0.5365168539325842,MORENA,57,0.34545454545454546,19,0.11515151515151516,PVEM,38,0.23030303030303031,19,0.11515151515151516,MC,19,0.11515151515151516,MORENA,57,0.34545454545454546,19,0.11515151515151516,PVEM,38,0.23030303030303031,19,0.11515151515151516,MC,19,0.11515151515151516,17,0.10303030303030303,3,0.01818181818181818,2,0.012121212121212121,38,0.23030303030303031,5,0.030303030303030304,19,0.11515151515151516,57,0.34545454545454546,1,0.006060606060606061,1,0.006060606060606061,7,0.04242424242424243,0,0.0,0,0.0,0,0.0,0,0.0,0,0.0,0,0.0,0,0.0,0,0.0,0,0.0,0,0.0,0,0.0,0,0.0,0,0.0,0,0.0,0,0.0,0,0.0,15,0.09090909090909091,165,1.0,ORIGEN,SECCION,COMPLETO,CATALOGO_INE_2026
102,23,QUINTANA ROO,BENITO JUAREZ,,2,839,1306,434,0.332312404287902,0.667687595712098,MORENA,140,0.3225806451612903,39,0.08986175115207373,PVEM,101,0.23271889400921658,53,0.12211981566820276,MC,48,0.11059907834101383,MORENA,140,0.3225806451612903,39,0.08986175115207373,PVEM,101,0.23271889400921658,53,0.12211981566820276,MC,48,0.11059907834101383,47,0.10829493087557604,5,0.01152073732718894,8,0.018433179723502304,101,0.23271889400921658,8,0.018433179723502304,48,0.11059907834101383,140,0.3225806451612903,28,0.06451612903225806,3,0.0069124423963133645,10,0.02304147465437788,2,0.004608294930875576,10,0.02304147465437788,0,0.0,1,0.002304147465437788,2,0.004608294930875576,1,0.002304147465437788,0,0.0,0,0.0,0,0.0,0,0.0,2,0.004608294930875576,0,0.0,1,0.002304147465437788,0,0.0,0,0.0,0,0.0,17,0.03917050691244239,434,1.0,ORIGEN,SECCION,COMPLETO,CATALOGO_INE_2026
103,23,QUINTANA ROO,BENITO JUAREZ,,2,840,566,258,0.4558303886925795,0.5441696113074205,MORENA,70,0.2713178294573643,14,0.05426356589147287,PVEM,56,0.21705426356589147,20,0.07751937984496124,MC,36,0.13953488372093023,MORENA,70,0.2713178294573643,14,0.05426356589147287,PVEM,56,0.21705426356589147,20,0.07751937984496124,MC,36,0.13953488372093023,29,0.1124031007751938,8,0.031007751937984496,12,0.046511627906976744,56,0.21705426356589147,5,0.01937984496124031,36,0.13953488372093023,70,0.2713178294573643,18,0.06976744186046512,4,0.015503875968992248,3,0.011627906976744186,0,0.0,0,0.0,0,0.0,0,0.0,0,0.0,0,0.0,0,0.0,0,0.0,0,0.0,0,0.0,0,0.0,0,0.0,1,0.003875968992248062,0,0.0,0,0.0,0,0.0,16,0.06201550387596899,258,1.0,ORIGEN,SECCION,COMPLETO,CATALOGO_INE_2026
104,23,QUINTANA ROO,BENITO JUAREZ,,2,841,938,391,0.4168443496801706,0.5831556503198294,MORENA,150,0.3836317135549872,81,0.2071611253196931,PVEM,69,0.17647058823529413,8,0.020460358056265986,MC,61,0.15601023017902813,MORENA,150,0.3836317135549872,81,0.2071611253196931,PVEM,69,0.17647058823529413,8,0.020460358056265986,MC,61,0.15601023017902813,33,0.08439897698209718,14,0.03580562659846547,8,0.020460358056265986,69,0.17647058823529413,9,0.023017902813299233,61,0.15601023017902813,150,0.3836317135549872,14,0.03580562659846547,1,0.0025575447570332483,7,0.017902813299232736,1,0.0025575447570332483,0,0.0,0,0.0,0,0.0,1,0.0025575447570332483,3,0.0076726342710997444,0,0.0,1,0.0025575447570332483,0,0.0,0,0.0,0,0.0,0,0.0,1,0.0025575447570332483,1,0.0025575447570332483,0,0.0,2,0.005115089514066497,15,0.03836317135549872,391,1.0,ORIGEN,SECCION,COMPLETO,CATALOGO_INE_2026
105,23,QUINTANA ROO,BENITO JUAREZ,,2,842,890,411,0.46179775280898877,0.5382022471910113,MORENA,125,0.30413625304136255,26,0.06326034063260341,PVEM,99,0.24087591240875914,20,0.04866180048661801,MC,79,0.1922141119221411,MORENA,125,0.30413625304136255,26,0.06326034063260341,PVEM,99,0.24087591240875914,20,0.04866180048661801,MC,79,0.1922141119221411,30,0.072992700729927,7,0.0170316301703163,13,0.031630170316301706,99,0.24087591240875914,3,0.0072992700729927005,79,0.1922141119221411,125,0.30413625304136255,16,0.038929440389294405,1,0.0024330900243309003,8,0.019464720194647202,2,0.004866180048661801,5,0.012165450121654502,2,0.004866180048661801,0,0.0,1,0.0024330900243309003,0,0.0,0,0.0,1,0.0024330900243309003,0,0.0,0,0.0,0,0.0,0,0.0,3,0.0072992700729927005,0,0.0,0,0.0,2,0.004866180048661801,14,0.0340632603406326,411,1.0,ORIGEN,SECCION,COMPLETO,CATALOGO_INE_2026
106,23,QUINTANA ROO,BENITO JUAREZ,,2,843,494,237,0.4797570850202429,0.5202429149797572,MORENA,85,0.35864978902953587,36,0.1518987341772152,PVEM,49,0.20675105485232068,13,0.05485232067510549,MC,36,0.1518987341772152,MORENA,85,0.35864978902953587,36,0.1518987341772152,PVEM,49,0.20675105485232068,13,0.05485232067510549,MC,36,0.1518987341772152,25,0.10548523206751055,5,0.02109704641350211,5,0.02109704641350211,49,0.20675105485232068,4,0.016877637130801686,36,0.1518987341772152,85,0.35864978902953587,2,0.008438818565400843,1,0.004219409282700422,9,0.0379746835443038,1,0.004219409282700422,3,0.012658227848101266,0,0.0,0,0.0,1,0.004219409282700422,0,0.0,0,0.0,0,0.0,0,0.0,0,0.0,5,0.02109704641350211,0,0.0,1,0.004219409282700422,0,0.0,0,0.0,0,0.0,5,0.02109704641350211,237,1.0,ORIGEN,SECCION,COMPLETO,CATALOGO_INE_2026
107,23,QUINTANA ROO,BENITO JUAREZ,,2,844,643,349,0.5427682737169518,0.4572317262830482,PVEM,81,0.23209169054441262,3,0.008595988538681949,MORENA,78,0.22349570200573066,35,0.10028653295128939,PAN,43,0.12320916905444126,PVEM,81,0.23209169054441262,3,0.008595988538681949,MORENA,78,0.22349570200573066,35,0.10028653295128939,PAN,43,0.12320916905444126,43,0.12320916905444126,7,0.02005730659025788,25,0.07163323782234957,81,0.23209169054441262,6,0.017191977077363897,30,0.08595988538681948,78,0.22349570200573066,16,0.045845272206303724,7,0.02005730659025788,12,0.034383954154727794,2,0.0057306590257879654,2,0.0057306590257879654,0,0.0,0,0.0,3,0.008595988538681949,0,0.0,0,0.0,0,0.0,0,0.0,0,0.0,3,0.008595988538681949,0,0.0,0,0.0,0,0.0,3,0.008595988538681949,0,0.0,31,0.08882521489971347,349,1.0,ORIGEN,SECCION,COMPLETO,CATALOGO_INE_2026
108,23,QUINTANA ROO,BENITO JUAREZ,,2,845,760,342,0.45,0.55,PVEM,128,0.3742690058479532,44,0.1286549707602339,MORENA,84,0.24561403508771928,39,0.11403508771929824,MC,45,0.13157894736842105,PVEM,128,0.3742690058479532,44,0.1286549707602339,MORENA,84,0.24561403508771928,39,0.11403508771929824,MC,45,0.13157894736842105,25,0.07309941520467836,7,0.02046783625730994,10,0.029239766081871343,128,0.3742690058479532,8,0.023391812865497075,45,0.13157894736842105,84,0.24561403508771928,14,0.04093567251461988,0,0.0,6,0.017543859649122806,0,0.0,0,0.0,0,0.0,0,0.0,0,0.0,0,0.0,0,0.0,0,0.0,0,0.0,0,0.0,0,0.0,0,0.0,0,0.0,0,0.0,0,0.0,2,0.005847953216374269,13,0.038011695906432746,342,1.0,ORIGEN,SECCION,COMPLETO,CATALOGO_INE_2026
109,23,QUINTANA ROO,BENITO JUAREZ,,2,846,1098,389,0.3542805100182149,0.6457194899817851,MORENA,132,0.3393316195372751,21,0.05398457583547558,PVEM,111,0.2853470437017995,79,0.20308483290488433,PAN,32,0.08226221079691516,MORENA,132,0.3393316195372751,21,0.05398457583547558,PVEM,111,0.2853470437017995,79,0.20308483290488433,PAN,32,0.08226221079691516,32,0.08226221079691516,4,0.010282776349614395,5,0.012853470437017995,111,0.2853470437017995,7,0.017994858611825194,32,0.08226221079691516,132,0.3393316195372751,12,0.030848329048843187,2,0.005141388174807198,16,0.04113110539845758,0,0.0,2,0.005141388174807198,1,0.002570694087403599,0,0.0,3,0.007712082262210797,0,0.0,0,0.0,0,0.0,0,0.0,0,0.0,2,0.005141388174807198,1,0.002570694087403599,0,0.0,0,0.0,1,0.002570694087403599,1,0.002570694087403599,25,0.06426735218508997,389,1.0,ORIGEN,SECCION,COMPLETO,CATALOGO_INE_2026
110,23,QUINTANA ROO,BENITO JUAREZ,,2,847,1030,353,0.34271844660194173,0.6572815533980583,PVEM,118,0.3342776203966006,32,0.0906515580736544,MORENA,86,0.24362606232294617,44,0.12464589235127478,MC,42,0.11898016997167139,PVEM,118,0.3342776203966006,32,0.0906515580736544,MORENA,86,0.24362606232294617,44,0.12464589235127478,MC,42,0.11898016997167139,28,0.07932011331444759,13,0.036827195467422094,2,0.0056657223796034,118,0.3342776203966006,8,0.0226628895184136,42,0.11898016997167139,86,0.24362606232294617,12,0.0339943342776204,7,0.019830028328611898,11,0.031161473087818695,1,0.0028328611898017,2,0.0056657223796034,0,0.0,0,0.0,1,0.0028328611898017,0,0.0,0,0.0,0,0.0,0,0.0,1,0.0028328611898017,0,0.0,0,0.0,1,0.0028328611898017,1,0.0028328611898017,0,0.0,0,0.0,19,0.053824362606232294,353,1.0,ORIGEN,SECCION,COMPLETO,CATALOGO_INE_2026
111,23,QUINTANA ROO,BENITO JUAREZ,,2,848,1144,354,0.3094405594405594,0.6905594405594406,MORENA,115,0.3248587570621469,13,0.03672316384180791,PVEM,102,0.288135593220339,58,0.1638418079096045,MC,44,0.12429378531073447,MORENA,115,0.3248587570621469,13,0.03672316384180791,PVEM,102,0.288135593220339,58,0.1638418079096045,MC,44,0.12429378531073447,32,0.0903954802259887,10,0.02824858757062147,8,0.022598870056497175,102,0.288135593220339,7,0.01977401129943503,44,0.12429378531073447,115,0.3248587570621469,7,0.01977401129943503,1,0.002824858757062147,10,0.02824858757062147,0,0.0,0,0.0,0,0.0,0,0.0,0,0.0,0,0.0,0,0.0,0,0.0,0,0.0,0,0.0,2,0.005649717514124294,0,0.0,2,0.005649717514124294,0,0.0,1,0.002824858757062147,0,0.0,13,0.03672316384180791,354,1.0,ORIGEN,SECCION,COMPLETO,CATALOGO_INE_2026
112,23,QUINTANA ROO,BENITO JUAREZ,,2,849,1190,427,0.3588235294117647,0.6411764705882352,PVEM,181,0.4238875878220141,68,0.1592505854800937,MORENA,113,0.2646370023419204,67,0.15690866510538642,MC,46,0.10772833723653395,PVEM,181,0.4238875878220141,68,0.1592505854800937,MORENA,113,0.2646370023419204,67,0.15690866510538642,MC,46,0.10772833723653395,24,0.05620608899297424,3,0.00702576112412178,5,0.0117096018735363,181,0.4238875878220141,13,0.03044496487119438,46,0.10772833723653395,113,0.2646370023419204,10,0.0234192037470726,4,0.00936768149882904,3,0.00702576112412178,2,0.00468384074941452,1,0.00234192037470726,0,0.0,0,0.0,1,0.00234192037470726,2,0.00468384074941452,0,0.0,1,0.00234192037470726,1,0.00234192037470726,0,0.0,0,0.0,1,0.00234192037470726,1,0.00234192037470726,1,0.00234192037470726,0,0.0,0,0.0,14,0.03278688524590164,427,1.0,ORIGEN,SECCION,COMPLETO,CATALOGO_INE_2026
113,23,QUINTANA ROO,BENITO JUAREZ,,2,850,1021,376,0.3682664054848188,0.6317335945151812,PVEM,137,0.36436170212765956,29,0.07712765957446809,MORENA,108,0.2872340425531915,54,0.14361702127659576,MC,54,0.14361702127659576,PVEM,137,0.36436170212765956,29,0.07712765957446809,MORENA,108,0.2872340425531915,54,0.14361702127659576,MC,54,0.14361702127659576,24,0.06382978723404255,10,0.026595744680851064,2,0.005319148936170213,137,0.36436170212765956,10,0.026595744680851064,54,0.14361702127659576,108,0.2872340425531915,14,0.03723404255319149,0,0.0,0,0.0,0,0.0,1,0.0026595744680851063,0,0.0,0,0.0,1,0.0026595744680851063,1,0.0026595744680851063,0,0.0,0,0.0,0,0.0,1,0.0026595744680851063,0,0.0,1,0.0026595744680851063,0,0.0,1,0.0026595744680851063,0,0.0,0,0.0,11,0.02925531914893617,376,1.0,ORIGEN,SECCION,COMPLETO,CATALOGO_INE_2026
114,23,QUINTANA ROO,BENITO JUAREZ,,2,851,1190,368,0.3092436974789916,0.6907563025210084,PVEM,143,0.38858695652173914,46,0.125,MORENA,97,0.26358695652173914,50,0.1358695652173913,MC,47,0.12771739130434784,PVEM,143,0.38858695652173914,46,0.125,MORENA,97,0.26358695652173914,50,0.1358695652173913,MC,47,0.12771739130434784,19,0.051630434782608696,5,0.01358695652173913,5,0.01358695652173913,143,0.38858695652173914,8,0.021739130434782608,47,0.12771739130434784,97,0.26358695652173914,5,0.01358695652173913,1,0.002717391304347826,12,0.03260869565217391,0,0.0,1,0.002717391304347826,0,0.0,0,0.0,1,0.002717391304347826,0,0.0,0,0.0,0,0.0,0,0.0,3,0.008152173913043478,2,0.005434782608695652,0,0.0,0,0.0,0,0.0,0,0.0,0,0.0,19,0.051630434782608696,368,1.0,ORIGEN,SECCION,COMPLETO,CATALOGO_INE_2026
115,23,QUINTANA ROO,BENITO JUAREZ,,2,852,1812,531,0.29304635761589404,0.706953642384106,MORENA,220,0.4143126177024482,112,0.21092278719397364,MC,108,0.2033898305084746,42,0.07909604519774012,PVEM,66,0.12429378531073447,MORENA,220,0.4143126177024482,112,0.21092278719397364,MC,108,0.2033898305084746,42,0.07909604519774012,PVEM,66,0.12429378531073447,59,0.1111111111111111,12,0.022598870056497175,8,0.015065913370998116,66,0.12429378531073447,17,0.032015065913371,108,0.2033898305084746,220,0.4143126177024482,16,0.030131826741996232,2,0.003766478342749529,3,0.005649717514124294,0,0.0,0,0.0,1,0.0018832391713747645,0,0.0,0,0.0,2,0.003766478342749529,0,0.0,0,0.0,1,0.0018832391713747645,0,0.0,1,0.0018832391713747645,1,0.0018832391713747645,0,0.0,0,0.0,0,0.0,0,0.0,14,0.026365348399246705,531,1.0,ORIGEN,SECCION,COMPLETO,CATALOGO_INE_2026
116,23,QUINTANA ROO,BENITO JUAREZ,,2,853,756,240,0.31746031746031744,0.6825396825396826,PVEM,65,0.2708333333333333,4,0.016666666666666666,MORENA,61,0.25416666666666665,23,0.09583333333333334,MC,38,0.15833333333333333,PVEM,65,0.2708333333333333,4,0.016666666666666666,MORENA,61,0.25416666666666665,23,0.09583333333333334,MC,38,0.15833333333333333,18,0.075,5,0.020833333333333332,3,0.0125,65,0.2708333333333333,9,0.0375,38,0.15833333333333333,61,0.25416666666666665,12,0.05,7,0.029166666666666667,5,0.020833333333333332,0,0.0,0,0.0,0,0.0,0,0.0,1,0.004166666666666667,0,0.0,0,0.0,0,0.0,0,0.0,0,0.0,0,0.0,0,0.0,1,0.004166666666666667,0,0.0,0,0.0,0,0.0,15,0.0625,240,1.0,ORIGEN,SECCION,COMPLETO,CATALOGO_INE_2026
117,23,QUINTANA ROO,BENITO JUAREZ,,2,854,1227,466,0.3797881010594947,0.6202118989405053,MORENA,173,0.37124463519313305,75,0.1609442060085837,MC,98,0.21030042918454936,36,0.07725321888412018,PVEM,62,0.13304721030042918,MORENA,173,0.37124463519313305,75,0.1609442060085837,MC,98,0.21030042918454936,36,0.07725321888412018,PVEM,62,0.13304721030042918,53,0.11373390557939914,19,0.0407725321888412,1,0.002145922746781116,62,0.13304721030042918,6,0.012875536480686695,98,0.21030042918454936,173,0.37124463519313305,21,0.045064377682403435,1,0.002145922746781116,2,0.004291845493562232,0,0.0,2,0.004291845493562232,0,0.0,0,0.0,1,0.002145922746781116,1,0.002145922746781116,0,0.0,0,0.0,0,0.0,1,0.002145922746781116,1,0.002145922746781116,1,0.002145922746781116,0,0.0,0,0.0,0,0.0,0,0.0,23,0.04935622317596566,466,1.0,ORIGEN,SECCION,COMPLETO,CATALOGO_INE_2026
118,23,QUINTANA ROO,BENITO JUAREZ,,2,855,924,352,0.38095238095238093,0.6190476190476191,MORENA,135,0.3835227272727273,73,0.20738636363636365,MC,62,0.17613636363636365,19,0.05397727272727273,PVEM,43,0.12215909090909091,MORENA,135,0.3835227272727273,73,0.20738636363636365,MC,62,0.17613636363636365,19,0.05397727272727273,PVEM,43,0.12215909090909091,39,0.11079545454545454,12,0.03409090909090909,9,0.02556818181818182,43,0.12215909090909091,4,0.011363636363636364,62,0.17613636363636365,135,0.3835227272727273,16,0.045454545454545456,3,0.008522727272727272,11,0.03125,1,0.002840909090909091,0,0.0,0,0.0,0,0.0,0,0.0,0,0.0,0,0.0,0,0.0,0,0.0,0,0.0,1,0.002840909090909091,0,0.0,0,0.0,0,0.0,0,0.0,1,0.002840909090909091,15,0.04261363636363636,352,1.0,ORIGEN,SECCION,COMPLETO,CATALOGO_INE_2026
119,23,QUINTANA ROO,BENITO JUAREZ,,2,856,611,200,0.32733224222585927,0.6726677577741407,MORENA,79,0.395,35,0.175,PVEM,44,0.22,15,0.075,MC,29,0.145,MORENA,79,0.395,35,0.175,PVEM,44,0.22,15,0.075,MC,29,0.145,20,0.1,4,0.02,4,0.02,44,0.22,6,0.03,29,0.145,79,0.395,4,0.02,1,0.005,1,0.005,2,0.01,0,0.0,0,0.0,0,0.0,0,0.0,1,0.005,0,0.0,0,0.0,0,0.0,0,0.0,1,0.005,0,0.0,0,0.0,0,0.0,0,0.0,1,0.005,3,0.015,200,1.0,ORIGEN,SECCION,COMPLETO,CATALOGO_INE_2026
120,23,QUINTANA ROO,BENITO JUAREZ,,2,858,627,197,0.3141945773524721,0.6858054226475279,MORENA,83,0.4213197969543147,47,0.23857868020304568,MC,36,0.18274111675126903,7,0.03553299492385787,PVEM,29,0.14720812182741116,MORENA,83,0.4213197969543147,47,0.23857868020304568,MC,36,0.18274111675126903,7,0.03553299492385787,PVEM,29,0.14720812182741116,18,0.09137055837563451,3,0.015228426395939087,3,0.015228426395939087,29,0.14720812182741116,1,0.005076142131979695,36,0.18274111675126903,83,0.4213197969543147,10,0.050761421319796954,0,0.0,2,0.01015228426395939,1,0.005076142131979695,0,0.0,0,0.0,0,0.0,2,0.01015228426395939,0,0.0,0,0.0,1,0.005076142131979695,0,0.0,0,0.0,0,0.0,0,0.0,1,0.005076142131979695,0,0.0,0,0.0,0,0.0,7,0.03553299492385787,197,1.0,ORIGEN,SECCION,COMPLETO,CATALOGO_INE_2026
121,23,QUINTANA ROO,BENITO JUAREZ,,2,1022,1237,274,0.22150363783346808,0.778496362166532,MORENA,101,0.3686131386861314,44,0.16058394160583941,MC,57,0.20802919708029197,5,0.01824817518248175,PVEM,52,0.1897810218978102,MORENA,101,0.3686131386861314,44,0.16058394160583941,MC,57,0.20802919708029197,5,0.01824817518248175,PVEM,52,0.1897810218978102,23,0.08394160583941605,12,0.043795620437956206,5,0.01824817518248175,52,0.1897810218978102,6,0.021897810218978103,57,0.20802919708029197,101,0.3686131386861314,3,0.010948905109489052,1,0.0036496350364963502,6,0.021897810218978103,0,0.0,0,0.0,1,0.0036496350364963502,0,0.0,0,0.0,0,0.0,0,0.0,1,0.0036496350364963502,0,0.0,0,0.0,0,0.0,0,0.0,1,0.0036496350364963502,0,0.0,0,0.0,0,0.0,5,0.01824817518248175,274,1.0,ORIGEN,SECCION,COMPLETO,CATALOGO_INE_2026
122,23,QUINTANA ROO,BENITO JUAREZ,,2,1023,3001,524,0.17460846384538486,0.8253915361546151,MORENA,183,0.34923664122137404,68,0.1297709923664122,MC,115,0.21946564885496184,45,0.08587786259541985,PVEM,70,0.13358778625954199,MORENA,183,0.34923664122137404,68,0.1297709923664122,MC,115,0.21946564885496184,45,0.08587786259541985,PVEM,70,0.13358778625954199,64,0.12213740458015267,16,0.030534351145038167,13,0.02480916030534351,70,0.13358778625954199,14,0.026717557251908396,115,0.21946564885496184,183,0.34923664122137404,11,0.02099236641221374,3,0.0057251908396946565,6,0.011450381679389313,1,0.0019083969465648854,2,0.003816793893129771,0,0.0,0,0.0,1,0.0019083969465648854,1,0.0019083969465648854,0,0.0,0,0.0,0,0.0,0,0.0,2,0.003816793893129771,0,0.0,2,0.003816793893129771,0,0.0,0,0.0,4,0.007633587786259542,16,0.030534351145038167,524,1.0,ORIGEN,SECCION,COMPLETO,CATALOGO_INE_2026
123,23,QUINTANA ROO,BENITO JUAREZ,,2,1024,580,120,0.20689655172413793,0.7931034482758621,MORENA,44,0.36666666666666664,25,0.20833333333333334,MC,19,0.15833333333333333,1,0.008333333333333333,PAN,18,0.15,MORENA,44,0.36666666666666664,25,0.20833333333333334,MC,19,0.15833333333333333,1,0.008333333333333333,PAN,18,0.15,18,0.15,0,0.0,3,0.025,16,0.13333333333333333,3,0.025,19,0.15833333333333333,44,0.36666666666666664,7,0.058333333333333334,0,0.0,2,0.016666666666666666,0,0.0,0,0.0,0,0.0,0,0.0,0,0.0,0,0.0,0,0.0,0,0.0,0,0.0,0,0.0,0,0.0,0,0.0,0,0.0,0,0.0,0,0.0,0,0.0,8,0.06666666666666667,120,1.0,ORIGEN,SECCION,COMPLETO,CATALOGO_INE_2026
124,23,QUINTANA ROO,BENITO JUAREZ,,2,1025,2117,613,0.28956069910250354,0.7104393008974965,MORENA,197,0.32137030995106036,36,0.05872756933115824,PVEM,161,0.2626427406199021,75,0.12234910277324633,MC,86,0.1402936378466558,MORENA,197,0.32137030995106036,36,0.05872756933115824,PVEM,161,0.2626427406199021,75,0.12234910277324633,MC,86,0.1402936378466558,56,0.09135399673735727,31,0.05057096247960848,5,0.008156606851549755,161,0.2626427406199021,12,0.01957585644371941,86,0.1402936378466558,197,0.32137030995106036,19,0.03099510603588907,3,0.004893964110929853,11,0.01794453507340946,1,0.0016313213703099511,1,0.0016313213703099511,0,0.0,0,0.0,0,0.0,2,0.0032626427406199023,0,0.0,0,0.0,0,0.0,0,0.0,2,0.0032626427406199023,2,0.0032626427406199023,0,0.0,1,0.0016313213703099511,0,0.0,1,0.0016313213703099511,22,0.03588907014681892,613,1.0,ORIGEN,SECCION,COMPLETO,CATALOGO_INE_2026
125,23,QUINTANA ROO,BENITO JUAREZ,,2,1026,2030,275,0.1354679802955665,0.8645320197044335,MORENA,92,0.33454545454545453,20,0.07272727272727272,PVEM,72,0.26181818181818184,31,0.11272727272727273,MC,41,0.14909090909090908,MORENA,92,0.33454545454545453,20,0.07272727272727272,PVEM,72,0.26181818181818184,31,0.11272727272727273,MC,41,0.14909090909090908,25,0.09090909090909091,10,0.03636363636363636,3,0.01090909090909091,72,0.26181818181818184,1,0.0036363636363636364,41,0.14909090909090908,92,0.33454545454545453,6,0.02181818181818182,1,0.0036363636363636364,12,0.04363636363636364,0,0.0,0,0.0,0,0.0,0,0.0,1,0.0036363636363636364,1,0.0036363636363636364,0,0.0,0,0.0,0,0.0,0,0.0,1,0.0036363636363636364,0,0.0,0,0.0,0,0.0,0,0.0,0,0.0,9,0.03272727272727273,275,1.0,ORIGEN,SECCION,COMPLETO,CATALOGO_INE_2026
126,23,QUINTANA ROO,BENITO JUAREZ,,2,1027,2371,510,0.21509911429776465,0.7849008857022354,MORENA,178,0.34901960784313724,74,0.1450980392156863,PVEM,104,0.20392156862745098,19,0.03725490196078431,MC,85,0.16666666666666666,MORENA,178,0.34901960784313724,74,0.1450980392156863,PVEM,104,0.20392156862745098,19,0.03725490196078431,MC,85,0.16666666666666666,58,0.11372549019607843,13,0.025490196078431372,12,0.023529411764705882,104,0.20392156862745098,11,0.021568627450980392,85,0.16666666666666666,178,0.34901960784313724,22,0.043137254901960784,3,0.0058823529411764705,3,0.0058823529411764705,2,0.00392156862745098,0,0.0,1,0.00196078431372549,0,0.0,0,0.0,0,0.0,0,0.0,0,0.0,0,0.0,0,0.0,0,0.0,5,0.00980392156862745,0,0.0,1,0.00196078431372549,0,0.0,0,0.0,12,0.023529411764705882,510,1.0,ORIGEN,SECCION,COMPLETO,CATALOGO_INE_2026
127,23,QUINTANA ROO,BENITO JUAREZ,,2,1028,1728,517,0.2991898148148148,0.7008101851851851,MORENA,188,0.36363636363636365,77,0.14893617021276595,PVEM,111,0.21470019342359767,32,0.061895551257253385,MC,79,0.1528046421663443,MORENA,188,0.36363636363636365,77,0.14893617021276595,PVEM,111,0.21470019342359767,32,0.061895551257253385,MC,79,0.1528046421663443,50,0.09671179883945841,13,0.025145067698259187,6,0.01160541586073501,111,0.21470019342359767,8,0.015473887814313346,79,0.1528046421663443,188,0.36363636363636365,13,0.025145067698259187,6,0.01160541586073501,7,0.013539651837524178,3,0.005802707930367505,0,0.0,0,0.0,0,0.0,1,0.0019342359767891683,0,0.0,0,0.0,1,0.0019342359767891683,0,0.0,1,0.0019342359767891683,4,0.007736943907156673,0,0.0,1,0.0019342359767891683,0,0.0,0,0.0,0,0.0,25,0.048355899419729204,517,1.0,ORIGEN,SECCION,COMPLETO,CATALOGO_INE_2026
128,23,QUINTANA ROO,BENITO JUAREZ,,2,1029,1146,268,0.2338568935427574,0.7661431064572426,MORENA,84,0.31343283582089554,24,0.08955223880597014,PVEM,60,0.22388059701492538,14,0.05223880597014925,MC,46,0.17164179104477612,MORENA,84,0.31343283582089554,24,0.08955223880597014,PVEM,60,0.22388059701492538,14,0.05223880597014925,MC,46,0.17164179104477612,21,0.07835820895522388,15,0.055970149253731345,2,0.007462686567164179,60,0.22388059701492538,5,0.018656716417910446,46,0.17164179104477612,84,0.31343283582089554,16,0.05970149253731343,2,0.007462686567164179,1,0.0037313432835820895,0,0.0,1,0.0037313432835820895,0,0.0,0,0.0,2,0.007462686567164179,0,0.0,1,0.0037313432835820895,1,0.0037313432835820895,1,0.0037313432835820895,1,0.0037313432835820895,1,0.0037313432835820895,0,0.0,1,0.0037313432835820895,0,0.0,0,0.0,0,0.0,7,0.026119402985074626,268,1.0,ORIGEN,SECCION,COMPLETO,CATALOGO_INE_2026
129,23,QUINTANA ROO,BENITO JUAREZ,,2,1030,1177,419,0.35598980458793544,0.6440101954120645,MORENA,141,0.33651551312649164,47,0.11217183770883055,PVEM,94,0.2243436754176611,35,0.08353221957040573,MC,59,0.14081145584725538,MORENA,141,0.33651551312649164,47,0.11217183770883055,PVEM,94,0.2243436754176611,35,0.08353221957040573,MC,59,0.14081145584725538,50,0.11933174224343675,13,0.031026252983293555,8,0.01909307875894988,94,0.2243436754176611,8,0.01909307875894988,59,0.14081145584725538,141,0.33651551312649164,13,0.031026252983293555,4,0.00954653937947494,3,0.007159904534606206,1,0.002386634844868735,2,0.00477326968973747,0,0.0,0,0.0,1,0.002386634844868735,1,0.002386634844868735,0,0.0,0,0.0,0,0.0,0,0.0,5,0.011933174224343675,0,0.0,2,0.00477326968973747,1,0.002386634844868735,0,0.0,0,0.0,13,0.031026252983293555,419,1.0,ORIGEN,SECCION,COMPLETO,CATALOGO_INE_2026
130,23,QUINTANA ROO,BENITO JUAREZ,,2,1031,2240,671,0.2995535714285714,0.7004464285714286,MORENA,202,0.30104321907600595,22,0.03278688524590164,PVEM,180,0.26825633383010433,83,0.12369597615499255,MC,97,0.14456035767511177,MORENA,202,0.30104321907600595,22,0.03278688524590164,PVEM,180,0.26825633383010433,83,0.12369597615499255,MC,97,0.14456035767511177,73,0.10879284649776454,23,0.03427719821162444,7,0.010432190760059613,180,0.26825633383010433,9,0.013412816691505217,97,0.14456035767511177,202,0.30104321907600595,20,0.029806259314456036,5,0.007451564828614009,10,0.014903129657228018,1,0.0014903129657228018,0,0.0,0,0.0,0,0.0,4,0.005961251862891207,1,0.0014903129657228018,0,0.0,0,0.0,0,0.0,0,0.0,2,0.0029806259314456036,0,0.0,1,0.0014903129657228018,0,0.0,0,0.0,0,0.0,36,0.05365126676602087,671,1.0,ORIGEN,SECCION,COMPLETO,CATALOGO_INE_2026
131,23,QUINTANA ROO,BENITO JUAREZ,,2,1032,2617,561,0.21436759648452428,0.7856324035154757,PVEM,222,0.39572192513368987,57,0.10160427807486631,MORENA,165,0.29411764705882354,109,0.19429590017825313,MC,56,0.09982174688057041,PVEM,222,0.39572192513368987,57,0.10160427807486631,MORENA,165,0.29411764705882354,109,0.19429590017825313,MC,56,0.09982174688057041,36,0.06417112299465241,10,0.017825311942959002,9,0.016042780748663103,222,0.39572192513368987,12,0.0213903743315508,56,0.09982174688057041,165,0.29411764705882354,20,0.035650623885918005,2,0.0035650623885918,6,0.0106951871657754,3,0.0053475935828877,0,0.0,0,0.0,0,0.0,2,0.0035650623885918,0,0.0,1,0.0017825311942959,0,0.0,0,0.0,0,0.0,1,0.0017825311942959,2,0.0035650623885918,0,0.0,0,0.0,0,0.0,2,0.0035650623885918,12,0.0213903743315508,561,1.0,ORIGEN,SECCION,COMPLETO,CATALOGO_INE_2026
132,23,QUINTANA ROO,BENITO JUAREZ,,2,1033,2514,585,0.23269689737470167,0.7673031026252983,MORENA,189,0.3230769230769231,64,0.1094017094017094,PVEM,125,0.21367521367521367,21,0.035897435897435895,MC,104,0.17777777777777778,MORENA,189,0.3230769230769231,64,0.1094017094017094,PVEM,125,0.21367521367521367,21,0.035897435897435895,MC,104,0.17777777777777778,55,0.09401709401709402,17,0.02905982905982906,6,0.010256410256410256,125,0.21367521367521367,15,0.02564102564102564,104,0.17777777777777778,189,0.3230769230769231,21,0.035897435897435895,4,0.006837606837606838,12,0.020512820512820513,1,0.0017094017094017094,0,0.0,0,0.0,0,0.0,1,0.0017094017094017094,1,0.0017094017094017094,0,0.0,0,0.0,0,0.0,0,0.0,1,0.0017094017094017094,0,0.0,1,0.0017094017094017094,0,0.0,1,0.0017094017094017094,1,0.0017094017094017094,30,0.05128205128205128,585,1.0,ORIGEN,SECCION,COMPLETO,CATALOGO_INE_2026
133,23,QUINTANA ROO,BENITO JUAREZ,,2,1034,2580,496,0.19224806201550387,0.8077519379844962,PVEM,150,0.3024193548387097,3,0.006048387096774193,MORENA,147,0.2963709677419355,72,0.14516129032258066,MC,75,0.15120967741935484,PVEM,150,0.3024193548387097,3,0.006048387096774193,MORENA,147,0.2963709677419355,72,0.14516129032258066,MC,75,0.15120967741935484,39,0.07862903225806452,12,0.024193548387096774,10,0.020161290322580645,150,0.3024193548387097,10,0.020161290322580645,75,0.15120967741935484,147,0.2963709677419355,16,0.03225806451612903,1,0.0020161290322580645,5,0.010080645161290322,5,0.010080645161290322,0,0.0,0,0.0,0,0.0,0,0.0,0,0.0,0,0.0,0,0.0,0,0.0,0,0.0,1,0.0020161290322580645,0,0.0,0,0.0,0,0.0,0,0.0,0,0.0,25,0.05040322580645161,496,1.0,ORIGEN,SECCION,COMPLETO,CATALOGO_INE_2026
134,23,QUINTANA ROO,BENITO JUAREZ,,2,1035,458,144,0.314410480349345,0.685589519650655,MORENA,41,0.2847222222222222,7,0.04861111111111111,MC,34,0.2361111111111111,6,0.041666666666666664,PAN,28,0.19444444444444445,MORENA,41,0.2847222222222222,7,0.04861111111111111,MC,34,0.2361111111111111,6,0.041666666666666664,PAN,28,0.19444444444444445,28,0.19444444444444445,4,0.027777777777777776,3,0.020833333333333332,15,0.10416666666666667,3,0.020833333333333332,34,0.2361111111111111,41,0.2847222222222222,3,0.020833333333333332,4,0.027777777777777776,1,0.006944444444444444,0,0.0,0,0.0,0,0.0,0,0.0,0,0.0,0,0.0,0,0.0,0,0.0,0,0.0,0,0.0,0,0.0,0,0.0,1,0.006944444444444444,0,0.0,0,0.0,0,0.0,7,0.04861111111111111,144,1.0,ORIGEN,SECCION,COMPLETO,CATALOGO_INE_2026
135,23,QUINTANA ROO,BENITO JUAREZ,,2,1036,1050,214,0.2038095238095238,0.7961904761904762,PVEM,81,0.37850467289719625,29,0.13551401869158877,MORENA,52,0.24299065420560748,29,0.13551401869158877,PAN,23,0.10747663551401869,PVEM,81,0.37850467289719625,29,0.13551401869158877,MORENA,52,0.24299065420560748,29,0.13551401869158877,PAN,23,0.10747663551401869,23,0.10747663551401869,9,0.04205607476635514,9,0.04205607476635514,81,0.37850467289719625,1,0.004672897196261682,17,0.0794392523364486,52,0.24299065420560748,3,0.014018691588785047,3,0.014018691588785047,3,0.014018691588785047,0,0.0,0,0.0,0,0.0,0,0.0,0,0.0,0,0.0,0,0.0,0,0.0,0,0.0,0,0.0,1,0.004672897196261682,0,0.0,0,0.0,0,0.0,0,0.0,0,0.0,12,0.056074766355140186,214,1.0,ORIGEN,SECCION,COMPLETO,CATALOGO_INE_2026
136,23,QUINTANA ROO,BENITO JUAREZ,,2,1037,1981,433,0.21857647652700657,0.7814235234729934,PVEM,146,0.3371824480369515,13,0.03002309468822171,MORENA,133,0.3071593533487298,81,0.18706697459584296,MC,52,0.12009237875288684,PVEM,146,0.3371824480369515,13,0.03002309468822171,MORENA,133,0.3071593533487298,81,0.18706697459584296,MC,52,0.12009237875288684,37,0.08545034642032333,5,0.011547344110854504,3,0.006928406466512702,146,0.3371824480369515,16,0.03695150115473441,52,0.12009237875288684,133,0.3071593533487298,15,0.03464203233256351,5,0.011547344110854504,9,0.020785219399538105,0,0.0,0,0.0,0,0.0,0,0.0,0,0.0,0,0.0,0,0.0,0,0.0,0,0.0,0,0.0,0,0.0,0,0.0,0,0.0,0,0.0,0,0.0,1,0.0023094688221709007,11,0.025404157043879907,433,1.0,ORIGEN,SECCION,COMPLETO,CATALOGO_INE_2026
137,23,QUINTANA ROO,BENITO JUAREZ,,2,1038,1251,306,0.2446043165467626,0.7553956834532374,PVEM,131,0.42810457516339867,53,0.17320261437908496,MORENA,78,0.2549019607843137,44,0.1437908496732026,MC,34,0.1111111111111111,PVEM,131,0.42810457516339867,53,0.17320261437908496,MORENA,78,0.2549019607843137,44,0.1437908496732026,MC,34,0.1111111111111111,18,0.058823529411764705,1,0.0032679738562091504,5,0.016339869281045753,131,0.42810457516339867,4,0.013071895424836602,34,0.1111111111111111,78,0.2549019607843137,8,0.026143790849673203,4,0.013071895424836602,4,0.013071895424836602,1,0.0032679738562091504,0,0.0,0,0.0,0,0.0,0,0.0,0,0.0,0,0.0,0,0.0,0,0.0,0,0.0,0,0.0,0,0.0,0,0.0,0,0.0,0,0.0,0,0.0,18,0.058823529411764705,306,1.0,ORIGEN,SECCION,COMPLETO,CATALOGO_INE_2026
138,23,QUINTANA ROO,BENITO JUAREZ,,2,1039,2270,557,0.24537444933920705,0.754625550660793,MORENA,168,0.3016157989228007,22,0.03949730700179533,PVEM,146,0.2621184919210054,82,0.14721723518850988,MC,64,0.11490125673249552,MORENA,168,0.3016157989228007,22,0.03949730700179533,PVEM,146,0.2621184919210054,82,0.14721723518850988,MC,64,0.11490125673249552,44,0.07899461400359066,13,0.02333931777378815,13,0.02333931777378815,146,0.2621184919210054,10,0.017953321364452424,64,0.11490125673249552,168,0.3016157989228007,26,0.0466786355475763,2,0.003590664272890485,23,0.04129263913824058,2,0.003590664272890485,3,0.005385996409335727,3,0.005385996409335727,0,0.0,0,0.0,3,0.005385996409335727,0,0.0,0,0.0,0,0.0,1,0.0017953321364452424,4,0.00718132854578097,0,0.0,1,0.0017953321364452424,0,0.0,0,0.0,1,0.0017953321364452424,30,0.05385996409335727,557,1.0,ORIGEN,SECCION,COMPLETO,CATALOGO_INE_2026
139,23,QUINTANA ROO,BENITO JUAREZ,,2,1040,1145,477,0.4165938864628821,0.5834061135371179,MORENA,164,0.3438155136268344,67,0.14046121593291405,PVEM,97,0.20335429769392033,34,0.07127882599580712,MC,63,0.1320754716981132,MORENA,164,0.3438155136268344,67,0.14046121593291405,PVEM,97,0.20335429769392033,34,0.07127882599580712,MC,63,0.1320754716981132,59,0.12368972746331237,13,0.027253668763102725,7,0.014675052410901468,97,0.20335429769392033,11,0.023060796645702306,63,0.1320754716981132,164,0.3438155136268344,15,0.031446540880503145,4,0.008385744234800839,17,0.03563941299790356,1,0.0020964360587002098,0,0.0,0,0.0,0,0.0,0,0.0,0,0.0,1,0.0020964360587002098,0,0.0,0,0.0,0,0.0,3,0.006289308176100629,0,0.0,3,0.006289308176100629,0,0.0,0,0.0,0,0.0,19,0.039832285115303984,477,1.0,ORIGEN,SECCION,COMPLETO,CATALOGO_INE_2026
140,23,QUINTANA ROO,BENITO JUAREZ,,2,1041,2282,553,0.24233128834355827,0.7576687116564418,PVEM,187,0.33815551537070526,42,0.0759493670886076,MORENA,145,0.26220614828209765,65,0.11754068716094032,MC,80,0.14466546112115733,PVEM,187,0.33815551537070526,42,0.0759493670886076,MORENA,145,0.26220614828209765,65,0.11754068716094032,MC,80,0.14466546112115733,37,0.06690777576853527,14,0.02531645569620253,8,0.014466546112115732,187,0.33815551537070526,17,0.03074141048824593,80,0.14466546112115733,145,0.26220614828209765,19,0.034358047016274866,5,0.009041591320072333,8,0.014466546112115732,7,0.012658227848101266,2,0.003616636528028933,0,0.0,0,0.0,0,0.0,0,0.0,0,0.0,0,0.0,0,0.0,0,0.0,1,0.0018083182640144665,0,0.0,0,0.0,0,0.0,0,0.0,0,0.0,23,0.04159132007233273,553,1.0,ORIGEN,SECCION,COMPLETO,CATALOGO_INE_2026
141,23,QUINTANA ROO,BENITO JUAREZ,,2,1042,1231,417,0.338748984565394,0.6612510154346061,MORENA,147,0.35251798561151076,57,0.1366906474820144,PVEM,90,0.2158273381294964,20,0.047961630695443645,MC,70,0.16786570743405277,MORENA,147,0.35251798561151076,57,0.1366906474820144,PVEM,90,0.2158273381294964,20,0.047961630695443645,MC,70,0.16786570743405277,34,0.0815347721822542,4,0.009592326139088728,2,0.004796163069544364,90,0.2158273381294964,9,0.02158273381294964,70,0.16786570743405277,147,0.35251798561151076,11,0.026378896882494004,1,0.002398081534772182,9,0.02158273381294964,2,0.004796163069544364,0,0.0,0,0.0,0,0.0,0,0.0,0,0.0,0,0.0,0,0.0,0,0.0,0,0.0,1,0.002398081534772182,2,0.004796163069544364,1,0.002398081534772182,1,0.002398081534772182,1,0.002398081534772182,1,0.002398081534772182,31,0.07434052757793765,417,1.0,ORIGEN,SECCION,COMPLETO,CATALOGO_INE_2026
142,23,QUINTANA ROO,BENITO JUAREZ,,2,1043,1355,404,0.2981549815498155,0.7018450184501845,PVEM,129,0.3193069306930693,20,0.04950495049504951,MORENA,109,0.2698019801980198,45,0.11138613861386139,MC,64,0.15841584158415842,PVEM,129,0.3193069306930693,20,0.04950495049504951,MORENA,109,0.2698019801980198,45,0.11138613861386139,MC,64,0.15841584158415842,34,0.08415841584158416,8,0.019801980198019802,5,0.012376237623762377,129,0.3193069306930693,5,0.012376237623762377,64,0.15841584158415842,109,0.2698019801980198,10,0.024752475247524754,7,0.017326732673267328,9,0.022277227722772276,1,0.0024752475247524753,1,0.0024752475247524753,0,0.0,0,0.0,0,0.0,2,0.0049504950495049506,3,0.007425742574257425,0,0.0,0,0.0,0,0.0,0,0.0,0,0.0,0,0.0,0,0.0,1,0.0024752475247524753,0,0.0,16,0.039603960396039604,404,1.0,ORIGEN,SECCION,COMPLETO,CATALOGO_INE_2026
143,23,QUINTANA ROO,BENITO JUAREZ,,2,1044,877,226,0.2576966932725199,0.74230330672748,PVEM,62,0.2743362831858407,2,0.008849557522123894,MORENA,60,0.26548672566371684,21,0.09292035398230089,MC,39,0.17256637168141592,PVEM,62,0.2743362831858407,2,0.008849557522123894,MORENA,60,0.26548672566371684,21,0.09292035398230089,MC,39,0.17256637168141592,23,0.10176991150442478,4,0.017699115044247787,2,0.008849557522123894,62,0.2743362831858407,4,0.017699115044247787,39,0.17256637168141592,60,0.26548672566371684,9,0.03982300884955752,1,0.004424778761061947,8,0.035398230088495575,1,0.004424778761061947,0,0.0,0,0.0,0,0.0,0,0.0,1,0.004424778761061947,0,0.0,0,0.0,0,0.0,0,0.0,0,0.0,0,0.0,0,0.0,0,0.0,0,0.0,2,0.008849557522123894,10,0.04424778761061947,226,1.0,ORIGEN,SECCION,COMPLETO,CATALOGO_INE_2026
144,23,QUINTANA ROO,BENITO JUAREZ,,2,1045,867,217,0.2502883506343714,0.7497116493656286,MORENA,66,0.30414746543778803,9,0.041474654377880185,PVEM,57,0.2626728110599078,31,0.14285714285714285,MC,26,0.11981566820276497,MORENA,66,0.30414746543778803,9,0.041474654377880185,PVEM,57,0.2626728110599078,31,0.14285714285714285,MC,26,0.11981566820276497,15,0.06912442396313365,12,0.055299539170506916,2,0.009216589861751152,57,0.2626728110599078,2,0.009216589861751152,26,0.11981566820276497,66,0.30414746543778803,10,0.04608294930875576,3,0.013824884792626729,5,0.02304147465437788,1,0.004608294930875576,0,0.0,0,0.0,0,0.0,0,0.0,1,0.004608294930875576,0,0.0,0,0.0,0,0.0,0,0.0,0,0.0,0,0.0,1,0.004608294930875576,0,0.0,0,0.0,0,0.0,16,0.07373271889400922,217,1.0,ORIGEN,SECCION,COMPLETO,CATALOGO_INE_2026
145,23,QUINTANA ROO,BENITO JUAREZ,,2,1046,537,132,0.24581005586592178,0.7541899441340782,PVEM,37,0.2803030303030303,0,0.0,MORENA,37,0.2803030303030303,12,0.09090909090909091,MC,25,0.1893939393939394,PVEM,37,0.2803030303030303,0,0.0,MORENA,37,0.2803030303030303,12,0.09090909090909091,MC,25,0.1893939393939394,10,0.07575757575757576,8,0.06060606060606061,1,0.007575757575757576,37,0.2803030303030303,2,0.015151515151515152,25,0.1893939393939394,37,0.2803030303030303,2,0.015151515151515152,2,0.015151515151515152,1,0.007575757575757576,0,0.0,0,0.0,0,0.0,0,0.0,0,0.0,0,0.0,0,0.0,0,0.0,0,0.0,0,0.0,0,0.0,0,0.0,0,0.0,0,0.0,0,0.0,0,0.0,7,0.05303030303030303,132,1.0,ORIGEN,SECCION,COMPLETO,CATALOGO_INE_2026
146,23,QUINTANA ROO,BENITO JUAREZ,,2,1047,1262,327,0.2591125198098257,0.7408874801901744,MORENA,108,0.3302752293577982,51,0.1559633027522936,MC,57,0.1743119266055046,7,0.021406727828746176,PVEM,50,0.1529051987767584,MORENA,108,0.3302752293577982,51,0.1559633027522936,MC,57,0.1743119266055046,7,0.021406727828746176,PVEM,50,0.1529051987767584,45,0.13761467889908258,21,0.06422018348623854,2,0.0061162079510703364,50,0.1529051987767584,5,0.01529051987767584,57,0.1743119266055046,108,0.3302752293577982,12,0.03669724770642202,5,0.01529051987767584,11,0.03363914373088685,0,0.0,0,0.0,0,0.0,0,0.0,0,0.0,0,0.0,0,0.0,0,0.0,0,0.0,0,0.0,0,0.0,0,0.0,0,0.0,0,0.0,0,0.0,0,0.0,11,0.03363914373088685,327,1.0,ORIGEN,SECCION,COMPLETO,CATALOGO_INE_2026
147,23,QUINTANA ROO,BENITO JUAREZ,,2,1048,887,187,0.21082299887260428,0.7891770011273957,PVEM,81,0.43315508021390375,31,0.1657754010695187,MORENA,50,0.26737967914438504,21,0.11229946524064172,MC,29,0.15508021390374332,PVEM,81,0.43315508021390375,31,0.1657754010695187,MORENA,50,0.26737967914438504,21,0.11229946524064172,MC,29,0.15508021390374332,5,0.026737967914438502,5,0.026737967914438502,3,0.016042780748663103,81,0.43315508021390375,1,0.0053475935828877,29,0.15508021390374332,50,0.26737967914438504,1,0.0053475935828877,2,0.0106951871657754,3,0.016042780748663103,0,0.0,0,0.0,0,0.0,0,0.0,0,0.0,0,0.0,0,0.0,0,0.0,0,0.0,0,0.0,1,0.0053475935828877,0,0.0,0,0.0,0,0.0,0,0.0,0,0.0,6,0.03208556149732621,187,1.0,ORIGEN,SECCION,COMPLETO,CATALOGO_INE_2026
148,23,QUINTANA ROO,BENITO JUAREZ,,2,1049,1169,283,0.24208725406330198,0.757912745936698,MORENA,102,0.36042402826855124,36,0.127208480565371,PVEM,66,0.2332155477031802,25,0.08833922261484099,MC,41,0.14487632508833923,MORENA,102,0.36042402826855124,36,0.127208480565371,PVEM,66,0.2332155477031802,25,0.08833922261484099,MC,41,0.14487632508833923,25,0.08833922261484099,9,0.03180212014134275,5,0.0176678445229682,66,0.2332155477031802,8,0.028268551236749116,41,0.14487632508833923,102,0.36042402826855124,4,0.014134275618374558,1,0.0035335689045936395,8,0.028268551236749116,4,0.014134275618374558,1,0.0035335689045936395,0,0.0,0,0.0,0,0.0,0,0.0,0,0.0,0,0.0,0,0.0,0,0.0,0,0.0,0,0.0,1,0.0035335689045936395,0,0.0,0,0.0,0,0.0,8,0.028268551236749116,283,1.0,ORIGEN,SECCION,COMPLETO,CATALOGO_INE_2026
149,23,QUINTANA ROO,BENITO JUAREZ,,2,1050,1140,304,0.26666666666666666,0.7333333333333334,MORENA,98,0.3223684210526316,18,0.05921052631578947,PVEM,80,0.2631578947368421,35,0.11513157894736842,MC,45,0.14802631578947367,MORENA,98,0.3223684210526316,18,0.05921052631578947,PVEM,80,0.2631578947368421,35,0.11513157894736842,MC,45,0.14802631578947367,28,0.09210526315789473,6,0.019736842105263157,10,0.03289473684210526,80,0.2631578947368421,3,0.009868421052631578,45,0.14802631578947367,98,0.3223684210526316,5,0.01644736842105263,2,0.006578947368421052,2,0.006578947368421052,0,0.0,3,0.009868421052631578,0,0.0,0,0.0,0,0.0,0,0.0,0,0.0,0,0.0,0,0.0,1,0.003289473684210526,0,0.0,0,0.0,0,0.0,0,0.0,0,0.0,1,0.003289473684210526,20,0.06578947368421052,304,1.0,ORIGEN,SECCION,COMPLETO,CATALOGO_INE_2026
150,23,QUINTANA ROO,BENITO JUAREZ,,2,1051,614,180,0.2931596091205212,0.7068403908794788,PVEM,47,0.2611111111111111,5,0.027777777777777776,MORENA,42,0.23333333333333334,8,0.044444444444444446,MC,34,0.18888888888888888,PVEM,47,0.2611111111111111,5,0.027777777777777776,MORENA,42,0.23333333333333334,8,0.044444444444444446,MC,34,0.18888888888888888,22,0.12222222222222222,3,0.016666666666666666,5,0.027777777777777776,47,0.2611111111111111,2,0.011111111111111112,34,0.18888888888888888,42,0.23333333333333334,14,0.07777777777777778,0,0.0,1,0.005555555555555556,0,0.0,0,0.0,0,0.0,0,0.0,0,0.0,0,0.0,0,0.0,0,0.0,0,0.0,0,0.0,0,0.0,0,0.0,0,0.0,0,0.0,0,0.0,0,0.0,10,0.05555555555555555,180,1.0,ORIGEN,SECCION,COMPLETO,CATALOGO_INE_2026
151,23,QUINTANA ROO,BENITO JUAREZ,,2,1052,1025,285,0.2780487804878049,0.7219512195121951,PVEM,83,0.2912280701754386,6,0.021052631578947368,MORENA,77,0.27017543859649124,37,0.12982456140350876,MC,40,0.14035087719298245,PVEM,83,0.2912280701754386,6,0.021052631578947368,MORENA,77,0.27017543859649124,37,0.12982456140350876,MC,40,0.14035087719298245,21,0.07368421052631578,5,0.017543859649122806,9,0.031578947368421054,83,0.2912280701754386,6,0.021052631578947368,40,0.14035087719298245,77,0.27017543859649124,9,0.031578947368421054,5,0.017543859649122806,8,0.028070175438596492,0,0.0,0,0.0,0,0.0,0,0.0,0,0.0,0,0.0,0,0.0,0,0.0,0,0.0,0,0.0,0,0.0,0,0.0,2,0.007017543859649123,0,0.0,0,0.0,0,0.0,20,0.07017543859649122,285,1.0,ORIGEN,SECCION,COMPLETO,CATALOGO_INE_2026
152,23,QUINTANA ROO,BENITO JUAREZ,,2,1053,770,237,0.3077922077922078,0.6922077922077923,PVEM,76,0.3206751054852321,4,0.016877637130801686,MORENA,72,0.3037974683544304,33,0.13924050632911392,MC,39,0.16455696202531644,PVEM,76,0.3206751054852321,4,0.016877637130801686,MORENA,72,0.3037974683544304,33,0.13924050632911392,MC,39,0.16455696202531644,14,0.05907172995780591,3,0.012658227848101266,6,0.02531645569620253,76,0.3206751054852321,5,0.02109704641350211,39,0.16455696202531644,72,0.3037974683544304,5,0.02109704641350211,1,0.004219409282700422,5,0.02109704641350211,0,0.0,1,0.004219409282700422,0,0.0,0,0.0,0,0.0,0,0.0,0,0.0,0,0.0,0,0.0,0,0.0,1,0.004219409282700422,0,0.0,1,0.004219409282700422,0,0.0,0,0.0,1,0.004219409282700422,7,0.029535864978902954,237,1.0,ORIGEN,SECCION,COMPLETO,CATALOGO_INE_2026
153,23,QUINTANA ROO,BENITO JUAREZ,,2,1054,1814,513,0.282800441014333,0.717199558985667,MORENA,158,0.3079922027290448,18,0.03508771929824561,PVEM,140,0.2729044834307992,46,0.08966861598440545,MC,94,0.18323586744639375,MORENA,158,0.3079922027290448,18,0.03508771929824561,PVEM,140,0.2729044834307992,46,0.08966861598440545,MC,94,0.18323586744639375,46,0.08966861598440545,10,0.01949317738791423,5,0.009746588693957114,140,0.2729044834307992,9,0.017543859649122806,94,0.18323586744639375,158,0.3079922027290448,14,0.02729044834307992,9,0.017543859649122806,8,0.015594541910331383,1,0.001949317738791423,1,0.001949317738791423,0,0.0,0,0.0,0,0.0,0,0.0,0,0.0,0,0.0,0,0.0,0,0.0,1,0.001949317738791423,0,0.0,0,0.0,0,0.0,0,0.0,1,0.001949317738791423,16,0.031189083820662766,513,1.0,ORIGEN,SECCION,COMPLETO,CATALOGO_INE_2026
154,23,QUINTANA ROO,BENITO JUAREZ,,2,1055,470,165,0.35106382978723405,0.648936170212766,PVEM,63,0.38181818181818183,14,0.08484848484848485,MORENA,49,0.296969696969697,31,0.18787878787878787,MC,18,0.10909090909090909,PVEM,63,0.38181818181818183,14,0.08484848484848485,MORENA,49,0.296969696969697,31,0.18787878787878787,MC,18,0.10909090909090909,14,0.08484848484848485,2,0.012121212121212121,4,0.024242424242424242,63,0.38181818181818183,2,0.012121212121212121,18,0.10909090909090909,49,0.296969696969697,1,0.006060606060606061,0,0.0,2,0.012121212121212121,0,0.0,0,0.0,0,0.0,0,0.0,0,0.0,0,0.0,0,0.0,0,0.0,0,0.0,0,0.0,0,0.0,0,0.0,0,0.0,0,0.0,0,0.0,0,0.0,10,0.06060606060606061,165,1.0,ORIGEN,SECCION,COMPLETO,CATALOGO_INE_2026
155,23,QUINTANA ROO,BENITO JUAREZ,,2,1056,957,325,0.3396029258098224,0.6603970741901777,MORENA,112,0.3446153846153846,25,0.07692307692307693,PVEM,87,0.2676923076923077,41,0.12615384615384614,MC,46,0.14153846153846153,MORENA,112,0.3446153846153846,25,0.07692307692307693,PVEM,87,0.2676923076923077,41,0.12615384615384614,MC,46,0.14153846153846153,26,0.08,9,0.027692307692307693,3,0.009230769230769232,87,0.2676923076923077,6,0.018461538461538463,46,0.14153846153846153,112,0.3446153846153846,5,0.015384615384615385,2,0.006153846153846154,8,0.024615384615384615,0,0.0,0,0.0,0,0.0,0,0.0,1,0.003076923076923077,2,0.006153846153846154,0,0.0,0,0.0,0,0.0,1,0.003076923076923077,3,0.009230769230769232,0,0.0,0,0.0,0,0.0,0,0.0,0,0.0,14,0.043076923076923075,325,1.0,ORIGEN,SECCION,COMPLETO,CATALOGO_INE_2026
156,23,QUINTANA ROO,BENITO JUAREZ,,2,1057,1608,313,0.19465174129353233,0.8053482587064676,PVEM,70,0.22364217252396165,2,0.006389776357827476,MORENA,68,0.21725239616613418,10,0.03194888178913738,MC,58,0.1853035143769968,PVEM,70,0.22364217252396165,2,0.006389776357827476,MORENA,68,0.21725239616613418,10,0.03194888178913738,MC,58,0.1853035143769968,43,0.13738019169329074,15,0.04792332268370607,4,0.012779552715654952,70,0.22364217252396165,24,0.07667731629392971,58,0.1853035143769968,68,0.21725239616613418,11,0.03514376996805112,3,0.009584664536741214,1,0.003194888178913738,1,0.003194888178913738,0,0.0,0,0.0,0,0.0,1,0.003194888178913738,0,0.0,0,0.0,1,0.003194888178913738,0,0.0,0,0.0,0,0.0,0,0.0,0,0.0,0,0.0,0,0.0,1,0.003194888178913738,12,0.038338658146964855,313,1.0,ORIGEN,SECCION,COMPLETO,CATALOGO_INE_2026
157,23,QUINTANA ROO,BENITO JUAREZ,,2,1058,1203,324,0.26932668329177056,0.7306733167082294,MORENA,103,0.31790123456790126,25,0.07716049382716049,PVEM,78,0.24074074074074073,29,0.08950617283950617,MC,49,0.15123456790123457,MORENA,103,0.31790123456790126,25,0.07716049382716049,PVEM,78,0.24074074074074073,29,0.08950617283950617,MC,49,0.15123456790123457,24,0.07407407407407407,12,0.037037037037037035,3,0.009259259259259259,78,0.24074074074074073,10,0.030864197530864196,49,0.15123456790123457,103,0.31790123456790126,12,0.037037037037037035,4,0.012345679012345678,4,0.012345679012345678,1,0.0030864197530864196,0,0.0,0,0.0,0,0.0,0,0.0,2,0.006172839506172839,0,0.0,0,0.0,0,0.0,0,0.0,2,0.006172839506172839,0,0.0,0,0.0,0,0.0,0,0.0,0,0.0,20,0.06172839506172839,324,1.0,ORIGEN,SECCION,COMPLETO,CATALOGO_INE_2026
158,23,QUINTANA ROO,BENITO JUAREZ,,2,1059,2741,811,0.2958774170010945,0.7041225829989055,PVEM,281,0.34648581997533906,59,0.07274969173859433,MORENA,222,0.27373612823674476,92,0.11344019728729964,MC,130,0.16029593094944514,PVEM,281,0.34648581997533906,59,0.07274969173859433,MORENA,222,0.27373612823674476,92,0.11344019728729964,MC,130,0.16029593094944514,41,0.05055487053020962,13,0.016029593094944512,14,0.01726263871763255,281,0.34648581997533906,25,0.030826140567200986,130,0.16029593094944514,222,0.27373612823674476,25,0.030826140567200986,2,0.002466091245376079,20,0.02466091245376079,1,0.0012330456226880395,0,0.0,0,0.0,0,0.0,2,0.002466091245376079,0,0.0,0,0.0,2,0.002466091245376079,1,0.0012330456226880395,0,0.0,0,0.0,0,0.0,0,0.0,0,0.0,0,0.0,1,0.0012330456226880395,31,0.03822441430332922,811,1.0,ORIGEN,SECCION,COMPLETO,CATALOGO_INE_2026
159,23,QUINTANA ROO,BENITO JUAREZ,,2,1060,1129,210,0.18600531443755536,0.8139946855624447,MORENA,73,0.3476190476190476,27,0.12857142857142856,PVEM,46,0.21904761904761905,21,0.1,MC,25,0.11904761904761904,MORENA,73,0.3476190476190476,27,0.12857142857142856,PVEM,46,0.21904761904761905,21,0.1,MC,25,0.11904761904761904,18,0.08571428571428572,6,0.02857142857142857,3,0.014285714285714285,46,0.21904761904761905,5,0.023809523809523808,25,0.11904761904761904,73,0.3476190476190476,6,0.02857142857142857,0,0.0,23,0.10952380952380952,0,0.0,1,0.004761904761904762,0,0.0,0,0.0,0,0.0,0,0.0,0,0.0,0,0.0,0,0.0,0,0.0,0,0.0,0,0.0,0,0.0,0,0.0,0,0.0,0,0.0,4,0.01904761904761905,210,1.0,ORIGEN,SECCION,COMPLETO,CATALOGO_INE_2026
160,23,QUINTANA ROO,BENITO JUAREZ,,2,1061,1257,312,0.24821002386634844,0.7517899761336515,PVEM,125,0.40064102564102566,43,0.13782051282051283,MORENA,82,0.26282051282051283,45,0.14423076923076922,MC,37,0.11858974358974358,PVEM,125,0.40064102564102566,43,0.13782051282051283,MORENA,82,0.26282051282051283,45,0.14423076923076922,MC,37,0.11858974358974358,23,0.07371794871794872,4,0.01282051282051282,8,0.02564102564102564,125,0.40064102564102566,6,0.019230769230769232,37,0.11858974358974358,82,0.26282051282051283,6,0.019230769230769232,1,0.003205128205128205,3,0.009615384615384616,0,0.0,1,0.003205128205128205,0,0.0,0,0.0,0,0.0,1,0.003205128205128205,0,0.0,0,0.0,0,0.0,0,0.0,1,0.003205128205128205,0,0.0,2,0.00641025641025641,0,0.0,0,0.0,0,0.0,12,0.038461538461538464,312,1.0,ORIGEN,SECCION,COMPLETO,CATALOGO_INE_2026
161,23,QUINTANA ROO,BENITO JUAREZ,,2,1062,2362,629,0.2662997459779848,0.7337002540220152,PVEM,210,0.3338632750397456,38,0.06041335453100159,MORENA,172,0.27344992050874406,120,0.1907790143084261,MC,52,0.08267090620031796,PVEM,210,0.3338632750397456,38,0.06041335453100159,MORENA,172,0.27344992050874406,120,0.1907790143084261,MC,52,0.08267090620031796,51,0.08108108108108109,11,0.017488076311605722,12,0.019077901430842606,210,0.3338632750397456,18,0.028616852146263912,52,0.08267090620031796,172,0.27344992050874406,32,0.05087440381558029,4,0.006359300476947536,25,0.0397456279809221,1,0.001589825119236884,0,0.0,0,0.0,0,0.0,4,0.006359300476947536,1,0.001589825119236884,0,0.0,1,0.001589825119236884,0,0.0,0,0.0,3,0.0047694753577106515,0,0.0,2,0.003179650238473768,0,0.0,0,0.0,0,0.0,30,0.04769475357710652,629,1.0,ORIGEN,SECCION,COMPLETO,CATALOGO_INE_2026
162,23,QUINTANA ROO,BENITO JUAREZ,,2,1063,971,294,0.3027806385169928,0.6972193614830072,PVEM,103,0.35034013605442177,21,0.07142857142857142,MORENA,82,0.2789115646258503,52,0.17687074829931973,MC,30,0.10204081632653061,PVEM,103,0.35034013605442177,21,0.07142857142857142,MORENA,82,0.2789115646258503,52,0.17687074829931973,MC,30,0.10204081632653061,13,0.04421768707482993,7,0.023809523809523808,5,0.017006802721088437,103,0.35034013605442177,4,0.013605442176870748,30,0.10204081632653061,82,0.2789115646258503,28,0.09523809523809523,0,0.0,8,0.027210884353741496,1,0.003401360544217687,0,0.0,0,0.0,0,0.0,0,0.0,0,0.0,0,0.0,0,0.0,0,0.0,1,0.003401360544217687,1,0.003401360544217687,2,0.006802721088435374,0,0.0,0,0.0,0,0.0,0,0.0,9,0.030612244897959183,294,1.0,ORIGEN,SECCION,COMPLETO,CATALOGO_INE_2026
163,23,QUINTANA ROO,BENITO JUAREZ,,2,1064,1169,289,0.24721984602224123,0.7527801539777588,MORENA,94,0.32525951557093424,18,0.06228373702422145,PVEM,76,0.2629757785467128,42,0.1453287197231834,PAN,34,0.11764705882352941,MORENA,94,0.32525951557093424,18,0.06228373702422145,PVEM,76,0.2629757785467128,42,0.1453287197231834,PAN,34,0.11764705882352941,34,0.11764705882352941,3,0.010380622837370242,2,0.006920415224913495,76,0.2629757785467128,10,0.03460207612456748,31,0.10726643598615918,94,0.32525951557093424,16,0.05536332179930796,2,0.006920415224913495,7,0.02422145328719723,0,0.0,1,0.0034602076124567475,0,0.0,0,0.0,0,0.0,1,0.0034602076124567475,0,0.0,0,0.0,0,0.0,0,0.0,0,0.0,0,0.0,1,0.0034602076124567475,0,0.0,0,0.0,0,0.0,11,0.03806228373702422,289,1.0,ORIGEN,SECCION,COMPLETO,CATALOGO_INE_2026
164,23,QUINTANA ROO,BENITO JUAREZ,,2,1065,1067,335,0.3139643861293346,0.6860356138706654,PVEM,152,0.4537313432835821,80,0.23880597014925373,MORENA,72,0.21492537313432836,40,0.11940298507462686,MC,32,0.0955223880597015,PVEM,152,0.4537313432835821,80,0.23880597014925373,MORENA,72,0.21492537313432836,40,0.11940298507462686,MC,32,0.0955223880597015,20,0.05970149253731343,6,0.01791044776119403,4,0.011940298507462687,152,0.4537313432835821,6,0.01791044776119403,32,0.0955223880597015,72,0.21492537313432836,6,0.01791044776119403,1,0.0029850746268656717,5,0.014925373134328358,0,0.0,1,0.0029850746268656717,1,0.0029850746268656717,0,0.0,0,0.0,0,0.0,0,0.0,0,0.0,0,0.0,1,0.0029850746268656717,4,0.011940298507462687,0,0.0,0,0.0,0,0.0,0,0.0,0,0.0,24,0.07164179104477612,335,1.0,ORIGEN,SECCION,COMPLETO,CATALOGO_INE_2026
165,23,QUINTANA ROO,BENITO JUAREZ,,2,1066,2591,726,0.2802006947124662,0.7197993052875338,PVEM,236,0.325068870523416,22,0.030303030303030304,MORENA,214,0.29476584022038566,142,0.19559228650137742,MC,72,0.09917355371900827,PVEM,236,0.325068870523416,22,0.030303030303030304,MORENA,214,0.29476584022038566,142,0.19559228650137742,MC,72,0.09917355371900827,57,0.07851239669421488,11,0.015151515151515152,16,0.02203856749311295,236,0.325068870523416,14,0.01928374655647383,72,0.09917355371900827,214,0.29476584022038566,30,0.04132231404958678,12,0.01652892561983471,12,0.01652892561983471,0,0.0,4,0.005509641873278237,0,0.0,0,0.0,5,0.006887052341597796,2,0.0027548209366391185,0,0.0,0,0.0,0,0.0,1,0.0013774104683195593,4,0.005509641873278237,0,0.0,2,0.0027548209366391185,0,0.0,0,0.0,0,0.0,34,0.046831955922865015,726,1.0,ORIGEN,SECCION,COMPLETO,CATALOGO_INE_2026
166,23,QUINTANA ROO,BENITO JUAREZ,,2,1067,591,164,0.27749576988155666,0.7225042301184433,PVEM,60,0.36585365853658536,15,0.09146341463414634,MORENA,45,0.27439024390243905,23,0.1402439024390244,MC,22,0.13414634146341464,PVEM,60,0.36585365853658536,15,0.09146341463414634,MORENA,45,0.27439024390243905,23,0.1402439024390244,MC,22,0.13414634146341464,11,0.06707317073170732,3,0.018292682926829267,1,0.006097560975609756,60,0.36585365853658536,1,0.006097560975609756,22,0.13414634146341464,45,0.27439024390243905,14,0.08536585365853659,1,0.006097560975609756,5,0.03048780487804878,0,0.0,0,0.0,0,0.0,0,0.0,0,0.0,0,0.0,0,0.0,0,0.0,0,0.0,0,0.0,0,0.0,0,0.0,0,0.0,0,0.0,0,0.0,0,0.0,1,0.006097560975609756,164,1.0,ORIGEN,SECCION,COMPLETO,CATALOGO_INE_2026
167,23,QUINTANA ROO,BENITO JUAREZ,,2,1068,1219,300,0.2461033634126333,0.7538966365873667,MORENA,91,0.30333333333333334,6,0.02,PVEM,85,0.2833333333333333,48,0.16,MC,37,0.12333333333333334,MORENA,91,0.30333333333333334,6,0.02,PVEM,85,0.2833333333333333,48,0.16,MC,37,0.12333333333333334,17,0.056666666666666664,4,0.013333333333333334,6,0.02,85,0.2833333333333333,5,0.016666666666666666,37,0.12333333333333334,91,0.30333333333333334,19,0.06333333333333334,6,0.02,5,0.016666666666666666,2,0.006666666666666667,1,0.0033333333333333335,0,0.0,0,0.0,1,0.0033333333333333335,0,0.0,1,0.0033333333333333335,1,0.0033333333333333335,1,0.0033333333333333335,0,0.0,0,0.0,0,0.0,1,0.0033333333333333335,0,0.0,1,0.0033333333333333335,0,0.0,16,0.05333333333333334,300,1.0,ORIGEN,SECCION,COMPLETO,CATALOGO_INE_2026
168,23,QUINTANA ROO,BENITO JUAREZ,,3,492,2799,802,0.28653090389424796,0.713469096105752,MORENA,300,0.3740648379052369,147,0.18329177057356608,PVEM,153,0.19077306733167082,39,0.048628428927680795,MC,114,0.14214463840399003,MORENA,300,0.3740648379052369,147,0.18329177057356608,PVEM,153,0.19077306733167082,39,0.048628428927680795,MC,114,0.14214463840399003,86,0.10723192019950124,11,0.01371571072319202,20,0.02493765586034913,153,0.19077306733167082,20,0.02493765586034913,114,0.14214463840399003,300,0.3740648379052369,24,0.029925187032418952,7,0.008728179551122194,8,0.00997506234413965,1,0.0012468827930174563,2,0.0024937655860349127,1,0.0012468827930174563,0,0.0,4,0.004987531172069825,4,0.004987531172069825,1,0.0012468827930174563,1,0.0012468827930174563,1,0.0012468827930174563,1,0.0012468827930174563,3,0.003740648379052369,0,0.0,1,0.0012468827930174563,0,0.0,1,0.0012468827930174563,4,0.004987531172069825,34,0.04239401496259352,802,1.0,ORIGEN,SECCION,COMPLETO,CATALOGO_INE_2026
169,23,QUINTANA ROO,BENITO JUAREZ,,3,493,1525,403,0.2642622950819672,0.7357377049180328,MORENA,159,0.3945409429280397,72,0.17866004962779156,PVEM,87,0.21588089330024815,27,0.06699751861042183,MC,60,0.1488833746898263,MORENA,159,0.3945409429280397,72,0.17866004962779156,PVEM,87,0.21588089330024815,27,0.06699751861042183,MC,60,0.1488833746898263,30,0.07444168734491315,3,0.007444168734491315,3,0.007444168734491315,87,0.21588089330024815,8,0.019851116625310174,60,0.1488833746898263,159,0.3945409429280397,15,0.03722084367245657,5,0.01240694789081886,1,0.0024813895781637717,0,0.0,0,0.0,0,0.0,0,0.0,6,0.01488833746898263,1,0.0024813895781637717,0,0.0,0,0.0,0,0.0,0,0.0,3,0.007444168734491315,0,0.0,2,0.004962779156327543,0,0.0,0,0.0,0,0.0,20,0.04962779156327544,403,1.0,ORIGEN,SECCION,COMPLETO,CATALOGO_INE_2026
170,23,QUINTANA ROO,BENITO JUAREZ,,3,494,730,252,0.3452054794520548,0.6547945205479452,MORENA,83,0.32936507936507936,26,0.10317460317460317,PVEM,57,0.2261904761904762,17,0.06746031746031746,MC,40,0.15873015873015872,MORENA,83,0.32936507936507936,26,0.10317460317460317,PVEM,57,0.2261904761904762,17,0.06746031746031746,MC,40,0.15873015873015872,20,0.07936507936507936,7,0.027777777777777776,9,0.03571428571428571,57,0.2261904761904762,9,0.03571428571428571,40,0.15873015873015872,83,0.32936507936507936,8,0.031746031746031744,2,0.007936507936507936,1,0.003968253968253968,1,0.003968253968253968,0,0.0,0,0.0,0,0.0,0,0.0,2,0.007936507936507936,0,0.0,0,0.0,0,0.0,1,0.003968253968253968,2,0.007936507936507936,0,0.0,1,0.003968253968253968,0,0.0,0,0.0,0,0.0,9,0.03571428571428571,252,1.0,ORIGEN,SECCION,COMPLETO,CATALOGO_INE_2026
171,23,QUINTANA ROO,BENITO JUAREZ,,3,495,508,194,0.38188976377952755,0.6181102362204725,MORENA,89,0.4587628865979381,53,0.27319587628865977,MC,36,0.18556701030927836,12,0.061855670103092786,PVEM,24,0.12371134020618557,MORENA,89,0.4587628865979381,53,0.27319587628865977,MC,36,0.18556701030927836,12,0.061855670103092786,PVEM,24,0.12371134020618557,9,0.04639175257731959,5,0.02577319587628866,2,0.010309278350515464,24,0.12371134020618557,6,0.030927835051546393,36,0.18556701030927836,89,0.4587628865979381,10,0.05154639175257732,1,0.005154639175257732,2,0.010309278350515464,1,0.005154639175257732,0,0.0,0,0.0,0,0.0,0,0.0,1,0.005154639175257732,0,0.0,0,0.0,0,0.0,0,0.0,1,0.005154639175257732,0,0.0,0,0.0,0,0.0,0,0.0,0,0.0,7,0.03608247422680412,194,1.0,ORIGEN,SECCION,COMPLETO,CATALOGO_INE_2026
172,23,QUINTANA ROO,BENITO JUAREZ,,3,496,513,215,0.4191033138401559,0.5808966861598441,MORENA,102,0.4744186046511628,71,0.3302325581395349,MC,31,0.14418604651162792,5,0.023255813953488372,PVEM,26,0.12093023255813953,MORENA,102,0.4744186046511628,71,0.3302325581395349,MC,31,0.14418604651162792,5,0.023255813953488372,PVEM,26,0.12093023255813953,15,0.06976744186046512,4,0.018604651162790697,4,0.018604651162790697,26,0.12093023255813953,4,0.018604651162790697,31,0.14418604651162792,102,0.4744186046511628,11,0.05116279069767442,1,0.004651162790697674,3,0.013953488372093023,1,0.004651162790697674,0,0.0,0,0.0,0,0.0,0,0.0,1,0.004651162790697674,0,0.0,0,0.0,0,0.0,0,0.0,3,0.013953488372093023,0,0.0,0,0.0,0,0.0,0,0.0,0,0.0,9,0.04186046511627907,215,1.0,ORIGEN,SECCION,COMPLETO,CATALOGO_INE_2026
173,23,QUINTANA ROO,BENITO JUAREZ,,3,497,1672,563,0.33672248803827753,0.6632775119617225,MORENA,216,0.3836589698046181,101,0.17939609236234458,PVEM,115,0.20426287744227353,29,0.05150976909413854,MC,86,0.152753108348135,MORENA,216,0.3836589698046181,101,0.17939609236234458,PVEM,115,0.20426287744227353,29,0.05150976909413854,MC,86,0.152753108348135,36,0.06394316163410302,8,0.014209591474245116,9,0.015985790408525755,115,0.20426287744227353,18,0.03197158081705151,86,0.152753108348135,216,0.3836589698046181,27,0.047957371225577264,3,0.0053285968028419185,8,0.014209591474245116,1,0.0017761989342806395,1,0.0017761989342806395,0,0.0,0,0.0,3,0.0053285968028419185,2,0.003552397868561279,0,0.0,0,0.0,0,0.0,1,0.0017761989342806395,5,0.008880994671403197,1,0.0017761989342806395,2,0.003552397868561279,0,0.0,0,0.0,0,0.0,21,0.037300177619893425,563,1.0,ORIGEN,SECCION,COMPLETO,CATALOGO_INE_2026
174,23,QUINTANA ROO,BENITO JUAREZ,,3,498,3092,1075,0.3476714100905563,0.6523285899094438,MORENA,416,0.3869767441860465,221,0.2055813953488372,PVEM,195,0.1813953488372093,34,0.03162790697674418,MC,161,0.14976744186046512,MORENA,416,0.3869767441860465,221,0.2055813953488372,PVEM,195,0.1813953488372093,34,0.03162790697674418,MC,161,0.14976744186046512,84,0.07813953488372093,17,0.01581395348837209,25,0.023255813953488372,195,0.1813953488372093,34,0.03162790697674418,161,0.14976744186046512,416,0.3869767441860465,70,0.06511627906976744,2,0.0018604651162790699,12,0.011162790697674419,1,0.0009302325581395349,2,0.0018604651162790699,0,0.0,0,0.0,3,0.0027906976744186047,2,0.0018604651162790699,0,0.0,1,0.0009302325581395349,0,0.0,0,0.0,6,0.005581395348837209,0,0.0,6,0.005581395348837209,0,0.0,3,0.0027906976744186047,1,0.0009302325581395349,34,0.03162790697674418,1075,1.0,ORIGEN,SECCION,COMPLETO,CATALOGO_INE_2026
175,23,QUINTANA ROO,BENITO JUAREZ,,3,499,636,220,0.34591194968553457,0.6540880503144655,MORENA,75,0.3409090909090909,27,0.12272727272727273,PVEM,48,0.21818181818181817,4,0.01818181818181818,MC,44,0.2,MORENA,75,0.3409090909090909,27,0.12272727272727273,PVEM,48,0.21818181818181817,4,0.01818181818181818,MC,44,0.2,14,0.06363636363636363,4,0.01818181818181818,2,0.00909090909090909,48,0.21818181818181817,1,0.004545454545454545,44,0.2,75,0.3409090909090909,9,0.04090909090909091,2,0.00909090909090909,5,0.022727272727272728,0,0.0,0,0.0,0,0.0,0,0.0,1,0.004545454545454545,0,0.0,0,0.0,0,0.0,0,0.0,0,0.0,3,0.013636363636363636,0,0.0,0,0.0,2,0.00909090909090909,0,0.0,0,0.0,10,0.045454545454545456,220,1.0,ORIGEN,SECCION,COMPLETO,CATALOGO_INE_2026
176,23,QUINTANA ROO,BENITO JUAREZ,,3,500,1125,364,0.32355555555555554,0.6764444444444444,MORENA,155,0.4258241758241758,88,0.24175824175824176,MC,67,0.18406593406593408,21,0.057692307692307696,PVEM,46,0.12637362637362637,MORENA,155,0.4258241758241758,88,0.24175824175824176,MC,67,0.18406593406593408,21,0.057692307692307696,PVEM,46,0.12637362637362637,30,0.08241758241758242,9,0.024725274725274724,10,0.027472527472527472,46,0.12637362637362637,10,0.027472527472527472,67,0.18406593406593408,155,0.4258241758241758,22,0.06043956043956044,2,0.005494505494505495,1,0.0027472527472527475,0,0.0,0,0.0,0,0.0,0,0.0,2,0.005494505494505495,0,0.0,0,0.0,0,0.0,0,0.0,0,0.0,1,0.0027472527472527475,0,0.0,0,0.0,0,0.0,0,0.0,0,0.0,9,0.024725274725274724,364,1.0,ORIGEN,SECCION,COMPLETO,CATALOGO_INE_2026
177,23,QUINTANA ROO,BENITO JUAREZ,,3,501,530,202,0.38113207547169814,0.6188679245283019,MORENA,95,0.47029702970297027,61,0.30198019801980197,PVEM,34,0.16831683168316833,12,0.0594059405940594,MC,22,0.10891089108910891,MORENA,95,0.47029702970297027,61,0.30198019801980197,PVEM,34,0.16831683168316833,12,0.0594059405940594,MC,22,0.10891089108910891,9,0.04455445544554455,6,0.0297029702970297,3,0.01485148514851485,34,0.16831683168316833,7,0.034653465346534656,22,0.10891089108910891,95,0.47029702970297027,12,0.0594059405940594,2,0.009900990099009901,1,0.0049504950495049506,0,0.0,0,0.0,0,0.0,0,0.0,2,0.009900990099009901,0,0.0,0,0.0,0,0.0,0,0.0,0,0.0,0,0.0,0,0.0,1,0.0049504950495049506,0,0.0,1,0.0049504950495049506,1,0.0049504950495049506,6,0.0297029702970297,202,1.0,ORIGEN,SECCION,COMPLETO,CATALOGO_INE_2026
178,23,QUINTANA ROO,BENITO JUAREZ,,3,502,1101,402,0.3651226158038147,0.6348773841961852,MORENA,145,0.36069651741293535,39,0.09701492537313433,PVEM,106,0.263681592039801,42,0.1044776119402985,MC,64,0.15920398009950248,MORENA,145,0.36069651741293535,39,0.09701492537313433,PVEM,106,0.263681592039801,42,0.1044776119402985,MC,64,0.15920398009950248,24,0.05970149253731343,1,0.0024875621890547263,7,0.017412935323383085,106,0.263681592039801,7,0.017412935323383085,64,0.15920398009950248,145,0.36069651741293535,15,0.03731343283582089,1,0.0024875621890547263,6,0.014925373134328358,0,0.0,1,0.0024875621890547263,1,0.0024875621890547263,0,0.0,1,0.0024875621890547263,1,0.0024875621890547263,0,0.0,0,0.0,0,0.0,0,0.0,5,0.012437810945273632,0,0.0,0,0.0,0,0.0,0,0.0,0,0.0,17,0.04228855721393035,402,1.0,ORIGEN,SECCION,COMPLETO,CATALOGO_INE_2026
179,23,QUINTANA ROO,BENITO JUAREZ,,3,503,857,301,0.35122520420070014,0.6487747957992999,MORENA,107,0.3554817275747508,33,0.10963455149501661,PVEM,74,0.24584717607973422,22,0.07308970099667775,MC,52,0.17275747508305647,MORENA,107,0.3554817275747508,33,0.10963455149501661,PVEM,74,0.24584717607973422,22,0.07308970099667775,MC,52,0.17275747508305647,23,0.07641196013289037,7,0.023255813953488372,1,0.0033222591362126247,74,0.24584717607973422,7,0.023255813953488372,52,0.17275747508305647,107,0.3554817275747508,13,0.04318936877076412,2,0.006644518272425249,2,0.006644518272425249,2,0.006644518272425249,0,0.0,0,0.0,0,0.0,1,0.0033222591362126247,1,0.0033222591362126247,0,0.0,0,0.0,0,0.0,1,0.0033222591362126247,1,0.0033222591362126247,0,0.0,0,0.0,0,0.0,1,0.0033222591362126247,0,0.0,6,0.019933554817275746,301,1.0,ORIGEN,SECCION,COMPLETO,CATALOGO_INE_2026
180,23,QUINTANA ROO,BENITO JUAREZ,,3,504,938,363,0.38699360341151384,0.6130063965884862,MORENA,124,0.3415977961432507,27,0.0743801652892562,PVEM,97,0.26721763085399447,36,0.09917355371900827,MC,61,0.16804407713498623,MORENA,124,0.3415977961432507,27,0.0743801652892562,PVEM,97,0.26721763085399447,36,0.09917355371900827,MC,61,0.16804407713498623,25,0.06887052341597796,4,0.011019283746556474,3,0.008264462809917356,97,0.26721763085399447,10,0.027548209366391185,61,0.16804407713498623,124,0.3415977961432507,11,0.030303030303030304,1,0.0027548209366391185,6,0.01652892561983471,0,0.0,1,0.0027548209366391185,0,0.0,0,0.0,0,0.0,0,0.0,0,0.0,1,0.0027548209366391185,0,0.0,1,0.0027548209366391185,1,0.0027548209366391185,1,0.0027548209366391185,1,0.0027548209366391185,0,0.0,1,0.0027548209366391185,0,0.0,14,0.03856749311294766,363,1.0,ORIGEN,SECCION,COMPLETO,CATALOGO_INE_2026
181,23,QUINTANA ROO,BENITO JUAREZ,,3,505,769,311,0.4044213263979194,0.5955786736020806,MORENA,119,0.38263665594855306,57,0.1832797427652733,PVEM,62,0.19935691318327975,1,0.003215434083601286,MC,61,0.19614147909967847,MORENA,119,0.38263665594855306,57,0.1832797427652733,PVEM,62,0.19935691318327975,1,0.003215434083601286,MC,61,0.19614147909967847,14,0.04501607717041801,3,0.00964630225080386,8,0.02572347266881029,62,0.19935691318327975,10,0.03215434083601286,61,0.19614147909967847,119,0.38263665594855306,10,0.03215434083601286,2,0.006430868167202572,2,0.006430868167202572,0,0.0,0,0.0,1,0.003215434083601286,0,0.0,0,0.0,1,0.003215434083601286,0,0.0,1,0.003215434083601286,1,0.003215434083601286,0,0.0,0,0.0,0,0.0,2,0.006430868167202572,0,0.0,0,0.0,0,0.0,14,0.04501607717041801,311,1.0,ORIGEN,SECCION,COMPLETO,CATALOGO_INE_2026
182,23,QUINTANA ROO,BENITO JUAREZ,,3,506,713,269,0.37727910238429174,0.6227208976157083,MORENA,96,0.35687732342007433,55,0.20446096654275092,MC,41,0.1524163568773234,8,0.02973977695167286,PVEM,33,0.12267657992565056,MORENA,96,0.35687732342007433,55,0.20446096654275092,MC,41,0.1524163568773234,8,0.02973977695167286,PVEM,33,0.12267657992565056,20,0.07434944237918216,8,0.02973977695167286,4,0.01486988847583643,33,0.12267657992565056,7,0.026022304832713755,41,0.1524163568773234,96,0.35687732342007433,32,0.11895910780669144,4,0.01486988847583643,9,0.03345724907063197,1,0.0037174721189591076,2,0.007434944237918215,0,0.0,0,0.0,1,0.0037174721189591076,0,0.0,0,0.0,0,0.0,0,0.0,0,0.0,2,0.007434944237918215,0,0.0,0,0.0,0,0.0,0,0.0,0,0.0,9,0.03345724907063197,269,1.0,ORIGEN,SECCION,COMPLETO,CATALOGO_INE_2026
183,23,QUINTANA ROO,BENITO JUAREZ,,3,507,537,202,0.3761638733705773,0.6238361266294228,MORENA,80,0.39603960396039606,32,0.15841584158415842,MC,48,0.2376237623762376,24,0.1188118811881188,PVEM,24,0.1188118811881188,MORENA,80,0.39603960396039606,32,0.15841584158415842,MC,48,0.2376237623762376,24,0.1188118811881188,PVEM,24,0.1188118811881188,17,0.08415841584158416,2,0.009900990099009901,3,0.01485148514851485,24,0.1188118811881188,8,0.039603960396039604,48,0.2376237623762376,80,0.39603960396039606,9,0.04455445544554455,2,0.009900990099009901,0,0.0,0,0.0,0,0.0,0,0.0,0,0.0,0,0.0,0,0.0,0,0.0,0,0.0,0,0.0,0,0.0,0,0.0,0,0.0,0,0.0,0,0.0,0,0.0,0,0.0,9,0.04455445544554455,202,1.0,ORIGEN,SECCION,COMPLETO,CATALOGO_INE_2026
184,23,QUINTANA ROO,BENITO JUAREZ,,3,508,710,278,0.39154929577464787,0.6084507042253522,MORENA,100,0.3597122302158273,20,0.07194244604316546,PVEM,80,0.28776978417266186,41,0.1474820143884892,MC,39,0.14028776978417265,MORENA,100,0.3597122302158273,20,0.07194244604316546,PVEM,80,0.28776978417266186,41,0.1474820143884892,MC,39,0.14028776978417265,14,0.050359712230215826,7,0.025179856115107913,6,0.02158273381294964,80,0.28776978417266186,7,0.025179856115107913,39,0.14028776978417265,100,0.3597122302158273,6,0.02158273381294964,6,0.02158273381294964,2,0.007194244604316547,0,0.0,0,0.0,0,0.0,0,0.0,0,0.0,0,0.0,0,0.0,0,0.0,0,0.0,0,0.0,1,0.0035971223021582736,0,0.0,0,0.0,0,0.0,0,0.0,0,0.0,10,0.03597122302158273,278,1.0,ORIGEN,SECCION,COMPLETO,CATALOGO_INE_2026
185,23,QUINTANA ROO,BENITO JUAREZ,,3,509,407,163,0.4004914004914005,0.5995085995085996,MORENA,66,0.4049079754601227,38,0.2331288343558282,PVEM,28,0.17177914110429449,6,0.03680981595092025,MC,22,0.13496932515337423,MORENA,66,0.4049079754601227,38,0.2331288343558282,PVEM,28,0.17177914110429449,6,0.03680981595092025,MC,22,0.13496932515337423,11,0.06748466257668712,2,0.012269938650306749,4,0.024539877300613498,28,0.17177914110429449,7,0.04294478527607362,22,0.13496932515337423,66,0.4049079754601227,5,0.03067484662576687,2,0.012269938650306749,0,0.0,2,0.012269938650306749,2,0.012269938650306749,0,0.0,0,0.0,0,0.0,0,0.0,0,0.0,1,0.006134969325153374,1,0.006134969325153374,0,0.0,1,0.006134969325153374,0,0.0,1,0.006134969325153374,0,0.0,0,0.0,0,0.0,8,0.049079754601226995,163,1.0,ORIGEN,SECCION,COMPLETO,CATALOGO_INE_2026
186,23,QUINTANA ROO,BENITO JUAREZ,,3,510,1646,684,0.4155528554070474,0.5844471445929527,PVEM,240,0.3508771929824561,61,0.0891812865497076,MORENA,179,0.26169590643274854,89,0.1301169590643275,MC,90,0.13157894736842105,PVEM,240,0.3508771929824561,61,0.0891812865497076,MORENA,179,0.26169590643274854,89,0.1301169590643275,MC,90,0.13157894736842105,39,0.05701754385964912,9,0.013157894736842105,9,0.013157894736842105,240,0.3508771929824561,8,0.011695906432748537,90,0.13157894736842105,179,0.26169590643274854,34,0.049707602339181284,4,0.005847953216374269,9,0.013157894736842105,0,0.0,1,0.0014619883040935672,0,0.0,0,0.0,2,0.0029239766081871343,1,0.0014619883040935672,2,0.0029239766081871343,0,0.0,0,0.0,0,0.0,5,0.007309941520467836,2,0.0029239766081871343,1,0.0014619883040935672,0,0.0,1,0.0014619883040935672,0,0.0,48,0.07017543859649122,684,1.0,ORIGEN,SECCION,COMPLETO,CATALOGO_INE_2026
187,23,QUINTANA ROO,BENITO JUAREZ,,3,511,1281,403,0.31459797033567527,0.6854020296643247,MORENA,146,0.36228287841191065,70,0.17369727047146402,PVEM,76,0.18858560794044665,19,0.04714640198511166,MC,57,0.141439205955335,MORENA,146,0.36228287841191065,70,0.17369727047146402,PVEM,76,0.18858560794044665,19,0.04714640198511166,MC,57,0.141439205955335,25,0.062034739454094295,12,0.02977667493796526,12,0.02977667493796526,76,0.18858560794044665,7,0.017369727047146403,57,0.141439205955335,146,0.36228287841191065,34,0.08436724565756824,8,0.019851116625310174,6,0.01488833746898263,1,0.0024813895781637717,1,0.0024813895781637717,0,0.0,0,0.0,2,0.004962779156327543,0,0.0,0,0.0,0,0.0,0,0.0,1,0.0024813895781637717,2,0.004962779156327543,0,0.0,2,0.004962779156327543,0,0.0,0,0.0,0,0.0,11,0.02729528535980149,403,1.0,ORIGEN,SECCION,COMPLETO,CATALOGO_INE_2026
188,23,QUINTANA ROO,BENITO JUAREZ,,3,512,593,222,0.37436762225969644,0.6256323777403036,MORENA,91,0.4099099099099099,62,0.27927927927927926,MC,29,0.13063063063063063,1,0.0045045045045045045,PVEM,28,0.12612612612612611,MORENA,91,0.4099099099099099,62,0.27927927927927926,MC,29,0.13063063063063063,1,0.0045045045045045045,PVEM,28,0.12612612612612611,14,0.06306306306306306,12,0.05405405405405406,8,0.036036036036036036,28,0.12612612612612611,5,0.02252252252252252,29,0.13063063063063063,91,0.4099099099099099,10,0.04504504504504504,2,0.009009009009009009,1,0.0045045045045045045,2,0.009009009009009009,1,0.0045045045045045045,0,0.0,0,0.0,0,0.0,1,0.0045045045045045045,0,0.0,0,0.0,0,0.0,0,0.0,2,0.009009009009009009,0,0.0,2,0.009009009009009009,0,0.0,0,0.0,0,0.0,14,0.06306306306306306,222,1.0,ORIGEN,SECCION,COMPLETO,CATALOGO_INE_2026
189,23,QUINTANA ROO,BENITO JUAREZ,,3,513,628,196,0.31210191082802546,0.6878980891719746,MORENA,65,0.33163265306122447,10,0.05102040816326531,PVEM,55,0.28061224489795916,28,0.14285714285714285,MC,27,0.1377551020408163,MORENA,65,0.33163265306122447,10,0.05102040816326531,PVEM,55,0.28061224489795916,28,0.14285714285714285,MC,27,0.1377551020408163,11,0.05612244897959184,6,0.030612244897959183,2,0.01020408163265306,55,0.28061224489795916,3,0.015306122448979591,27,0.1377551020408163,65,0.33163265306122447,9,0.04591836734693878,3,0.015306122448979591,3,0.015306122448979591,0,0.0,1,0.00510204081632653,0,0.0,0,0.0,1,0.00510204081632653,1,0.00510204081632653,0,0.0,1,0.00510204081632653,1,0.00510204081632653,0,0.0,0,0.0,0,0.0,1,0.00510204081632653,0,0.0,0,0.0,1,0.00510204081632653,5,0.025510204081632654,196,1.0,ORIGEN,SECCION,COMPLETO,CATALOGO_INE_2026
190,23,QUINTANA ROO,BENITO JUAREZ,,3,514,790,291,0.36835443037974686,0.6316455696202532,MORENA,98,0.33676975945017185,16,0.054982817869415807,PVEM,82,0.281786941580756,22,0.07560137457044673,MC,60,0.20618556701030927,MORENA,98,0.33676975945017185,16,0.054982817869415807,PVEM,82,0.281786941580756,22,0.07560137457044673,MC,60,0.20618556701030927,16,0.054982817869415807,4,0.013745704467353952,3,0.010309278350515464,82,0.281786941580756,4,0.013745704467353952,60,0.20618556701030927,98,0.33676975945017185,7,0.024054982817869417,3,0.010309278350515464,3,0.010309278350515464,2,0.006872852233676976,0,0.0,0,0.0,0,0.0,1,0.003436426116838488,0,0.0,0,0.0,0,0.0,0,0.0,1,0.003436426116838488,1,0.003436426116838488,0,0.0,1,0.003436426116838488,0,0.0,0,0.0,1,0.003436426116838488,4,0.013745704467353952,291,1.0,ORIGEN,SECCION,COMPLETO,CATALOGO_INE_2026
191,23,QUINTANA ROO,BENITO JUAREZ,,3,515,683,222,0.32503660322108346,0.6749633967789166,MORENA,79,0.35585585585585583,36,0.16216216216216217,MC,43,0.19369369369369369,8,0.036036036036036036,PVEM,35,0.15765765765765766,MORENA,79,0.35585585585585583,36,0.16216216216216217,MC,43,0.19369369369369369,8,0.036036036036036036,PVEM,35,0.15765765765765766,24,0.10810810810810811,2,0.009009009009009009,3,0.013513513513513514,35,0.15765765765765766,5,0.02252252252252252,43,0.19369369369369369,79,0.35585585585585583,8,0.036036036036036036,1,0.0045045045045045045,2,0.009009009009009009,0,0.0,0,0.0,0,0.0,0,0.0,0,0.0,0,0.0,0,0.0,0,0.0,0,0.0,0,0.0,5,0.02252252252252252,0,0.0,3,0.013513513513513514,0,0.0,0,0.0,0,0.0,12,0.05405405405405406,222,1.0,ORIGEN,SECCION,COMPLETO,CATALOGO_INE_2026
192,23,QUINTANA ROO,BENITO JUAREZ,,3,516,1373,482,0.3510560815731974,0.6489439184268027,MORENA,174,0.36099585062240663,76,0.15767634854771784,PVEM,98,0.2033195020746888,40,0.08298755186721991,MC,58,0.12033195020746888,MORENA,174,0.36099585062240663,76,0.15767634854771784,PVEM,98,0.2033195020746888,40,0.08298755186721991,MC,58,0.12033195020746888,43,0.08921161825726141,6,0.012448132780082987,10,0.02074688796680498,98,0.2033195020746888,14,0.029045643153526972,58,0.12033195020746888,174,0.36099585062240663,22,0.04564315352697095,7,0.014522821576763486,4,0.008298755186721992,0,0.0,0,0.0,0,0.0,0,0.0,2,0.004149377593360996,2,0.004149377593360996,0,0.0,0,0.0,0,0.0,0,0.0,3,0.006224066390041493,0,0.0,0,0.0,3,0.006224066390041493,0,0.0,3,0.006224066390041493,33,0.06846473029045644,482,1.0,ORIGEN,SECCION,COMPLETO,CATALOGO_INE_2026
193,23,QUINTANA ROO,BENITO JUAREZ,,3,517,545,185,0.3394495412844037,0.6605504587155964,MORENA,68,0.3675675675675676,22,0.11891891891891893,PVEM,46,0.24864864864864866,14,0.07567567567567568,MC,32,0.17297297297297298,MORENA,68,0.3675675675675676,22,0.11891891891891893,PVEM,46,0.24864864864864866,14,0.07567567567567568,MC,32,0.17297297297297298,11,0.05945945945945946,2,0.010810810810810811,5,0.02702702702702703,46,0.24864864864864866,4,0.021621621621621623,32,0.17297297297297298,68,0.3675675675675676,5,0.02702702702702703,0,0.0,0,0.0,1,0.005405405405405406,0,0.0,0,0.0,0,0.0,1,0.005405405405405406,0,0.0,0,0.0,0,0.0,0,0.0,2,0.010810810810810811,1,0.005405405405405406,0,0.0,0,0.0,0,0.0,0,0.0,0,0.0,7,0.03783783783783784,185,1.0,ORIGEN,SECCION,COMPLETO,CATALOGO_INE_2026
194,23,QUINTANA ROO,BENITO JUAREZ,,3,518,1255,412,0.3282868525896414,0.6717131474103586,MORENA,141,0.3422330097087379,69,0.16747572815533981,PVEM,72,0.17475728155339806,0,0.0,MC,72,0.17475728155339806,MORENA,141,0.3422330097087379,69,0.16747572815533981,PVEM,72,0.17475728155339806,0,0.0,MC,72,0.17475728155339806,50,0.12135922330097088,4,0.009708737864077669,7,0.01699029126213592,72,0.17475728155339806,8,0.019417475728155338,72,0.17475728155339806,141,0.3422330097087379,27,0.06553398058252427,2,0.0048543689320388345,5,0.012135922330097087,1,0.0024271844660194173,1,0.0024271844660194173,1,0.0024271844660194173,0,0.0,0,0.0,0,0.0,0,0.0,0,0.0,0,0.0,0,0.0,3,0.007281553398058253,0,0.0,3,0.007281553398058253,0,0.0,0,0.0,0,0.0,15,0.03640776699029126,412,1.0,ORIGEN,SECCION,COMPLETO,CATALOGO_INE_2026
195,23,QUINTANA ROO,BENITO JUAREZ,,3,519,911,344,0.37760702524698136,0.6223929747530186,MORENA,141,0.40988372093023256,76,0.22093023255813954,MC,65,0.18895348837209303,29,0.08430232558139535,PAN,36,0.10465116279069768,MORENA,141,0.40988372093023256,76,0.22093023255813954,MC,65,0.18895348837209303,29,0.08430232558139535,PAN,36,0.10465116279069768,36,0.10465116279069768,4,0.011627906976744186,7,0.020348837209302327,22,0.06395348837209303,13,0.0377906976744186,65,0.18895348837209303,141,0.40988372093023256,23,0.06686046511627906,3,0.00872093023255814,4,0.011627906976744186,0,0.0,0,0.0,1,0.0029069767441860465,0,0.0,0,0.0,0,0.0,0,0.0,0,0.0,0,0.0,0,0.0,1,0.0029069767441860465,1,0.0029069767441860465,1,0.0029069767441860465,1,0.0029069767441860465,0,0.0,0,0.0,21,0.061046511627906974,344,1.0,ORIGEN,SECCION,COMPLETO,CATALOGO_INE_2026
196,23,QUINTANA ROO,BENITO JUAREZ,,3,520,1274,477,0.37441130298273156,0.6255886970172684,PVEM,187,0.3920335429769392,38,0.07966457023060797,MORENA,149,0.31236897274633124,91,0.19077568134171907,MC,58,0.12159329140461216,PVEM,187,0.3920335429769392,38,0.07966457023060797,MORENA,149,0.31236897274633124,91,0.19077568134171907,MC,58,0.12159329140461216,29,0.06079664570230608,4,0.008385744234800839,7,0.014675052410901468,187,0.3920335429769392,7,0.014675052410901468,58,0.12159329140461216,149,0.31236897274633124,12,0.025157232704402517,1,0.0020964360587002098,4,0.008385744234800839,1,0.0020964360587002098,1,0.0020964360587002098,0,0.0,0,0.0,0,0.0,2,0.0041928721174004195,0,0.0,0,0.0,0,0.0,0,0.0,1,0.0020964360587002098,0,0.0,1,0.0020964360587002098,0,0.0,0,0.0,0,0.0,13,0.027253668763102725,477,1.0,ORIGEN,SECCION,COMPLETO,CATALOGO_INE_2026
197,23,QUINTANA ROO,BENITO JUAREZ,,3,521,1207,456,0.37779618889809446,0.6222038111019055,MORENA,165,0.3618421052631579,33,0.07236842105263158,PVEM,132,0.2894736842105263,72,0.15789473684210525,MC,60,0.13157894736842105,MORENA,165,0.3618421052631579,33,0.07236842105263158,PVEM,132,0.2894736842105263,72,0.15789473684210525,MC,60,0.13157894736842105,38,0.08333333333333333,4,0.008771929824561403,5,0.010964912280701754,132,0.2894736842105263,10,0.021929824561403508,60,0.13157894736842105,165,0.3618421052631579,15,0.03289473684210526,0,0.0,7,0.015350877192982455,0,0.0,0,0.0,0,0.0,0,0.0,0,0.0,1,0.0021929824561403508,0,0.0,0,0.0,0,0.0,1,0.0021929824561403508,1,0.0021929824561403508,0,0.0,2,0.0043859649122807015,0,0.0,0,0.0,0,0.0,15,0.03289473684210526,456,1.0,ORIGEN,SECCION,COMPLETO,CATALOGO_INE_2026
198,23,QUINTANA ROO,BENITO JUAREZ,,3,522,1829,753,0.41170038272279935,0.5882996172772006,MORENA,216,0.2868525896414343,13,0.017264276228419653,PVEM,203,0.2695883134130146,74,0.09827357237715803,MC,129,0.17131474103585656,MORENA,216,0.2868525896414343,13,0.017264276228419653,PVEM,203,0.2695883134130146,74,0.09827357237715803,MC,129,0.17131474103585656,56,0.07436918990703852,27,0.035856573705179286,19,0.025232403718459494,203,0.2695883134130146,17,0.02257636122177955,129,0.17131474103585656,216,0.2868525896414343,44,0.05843293492695883,7,0.009296148738379814,8,0.010624169986719787,0,0.0,1,0.0013280212483399733,0,0.0,0,0.0,0,0.0,0,0.0,0,0.0,0,0.0,1,0.0013280212483399733,1,0.0013280212483399733,1,0.0013280212483399733,1,0.0013280212483399733,1,0.0013280212483399733,0,0.0,0,0.0,0,0.0,21,0.027888446215139442,753,1.0,ORIGEN,SECCION,COMPLETO,CATALOGO_INE_2026
199,23,QUINTANA ROO,BENITO JUAREZ,,3,523,573,238,0.41535776614310643,0.5846422338568935,MORENA,89,0.3739495798319328,36,0.15126050420168066,PVEM,53,0.22268907563025211,20,0.08403361344537816,MC,33,0.13865546218487396,MORENA,89,0.3739495798319328,36,0.15126050420168066,PVEM,53,0.22268907563025211,20,0.08403361344537816,MC,33,0.13865546218487396,24,0.10084033613445378,7,0.029411764705882353,3,0.012605042016806723,53,0.22268907563025211,5,0.02100840336134454,33,0.13865546218487396,89,0.3739495798319328,4,0.01680672268907563,0,0.0,2,0.008403361344537815,0,0.0,0,0.0,0,0.0,0,0.0,0,0.0,0,0.0,0,0.0,0,0.0,0,0.0,0,0.0,0,0.0,0,0.0,0,0.0,0,0.0,0,0.0,2,0.008403361344537815,16,0.06722689075630252,238,1.0,ORIGEN,SECCION,COMPLETO,CATALOGO_INE_2026
200,23,QUINTANA ROO,BENITO JUAREZ,,3,524,619,273,0.4410339256865913,0.5589660743134087,PVEM,84,0.3076923076923077,6,0.02197802197802198,MORENA,78,0.2857142857142857,25,0.09157509157509157,MC,53,0.19413919413919414,PVEM,84,0.3076923076923077,6,0.02197802197802198,MORENA,78,0.2857142857142857,25,0.09157509157509157,MC,53,0.19413919413919414,13,0.047619047619047616,4,0.014652014652014652,2,0.007326007326007326,84,0.3076923076923077,7,0.02564102564102564,53,0.19413919413919414,78,0.2857142857142857,10,0.03663003663003663,1,0.003663003663003663,4,0.014652014652014652,0,0.0,0,0.0,0,0.0,0,0.0,0,0.0,0,0.0,0,0.0,0,0.0,0,0.0,0,0.0,1,0.003663003663003663,0,0.0,1,0.003663003663003663,0,0.0,0,0.0,1,0.003663003663003663,14,0.05128205128205128,273,1.0,ORIGEN,SECCION,COMPLETO,CATALOGO_INE_2026
201,23,QUINTANA ROO,BENITO JUAREZ,,3,525,1306,564,0.4318529862174579,0.5681470137825422,MORENA,176,0.3120567375886525,23,0.040780141843971635,PVEM,153,0.2712765957446808,65,0.11524822695035461,MC,88,0.15602836879432624,MORENA,176,0.3120567375886525,23,0.040780141843971635,PVEM,153,0.2712765957446808,65,0.11524822695035461,MC,88,0.15602836879432624,31,0.0549645390070922,11,0.01950354609929078,14,0.024822695035460994,153,0.2712765957446808,22,0.03900709219858156,88,0.15602836879432624,176,0.3120567375886525,31,0.0549645390070922,2,0.0035460992907801418,2,0.0035460992907801418,1,0.0017730496453900709,0,0.0,0,0.0,0,0.0,0,0.0,2,0.0035460992907801418,0,0.0,1,0.0017730496453900709,0,0.0,0,0.0,4,0.0070921985815602835,0,0.0,3,0.005319148936170213,0,0.0,0,0.0,0,0.0,23,0.040780141843971635,564,1.0,ORIGEN,SECCION,COMPLETO,CATALOGO_INE_2026
202,23,QUINTANA ROO,BENITO JUAREZ,,3,526,842,422,0.501187648456057,0.498812351543943,PVEM,196,0.46445497630331756,93,0.22037914691943128,MORENA,103,0.24407582938388625,60,0.14218009478672985,MC,43,0.1018957345971564,PVEM,196,0.46445497630331756,93,0.22037914691943128,MORENA,103,0.24407582938388625,60,0.14218009478672985,MC,43,0.1018957345971564,12,0.02843601895734597,12,0.02843601895734597,6,0.014218009478672985,196,0.46445497630331756,13,0.030805687203791468,43,0.1018957345971564,103,0.24407582938388625,7,0.016587677725118485,5,0.011848341232227487,2,0.004739336492890996,0,0.0,0,0.0,0,0.0,0,0.0,2,0.004739336492890996,1,0.002369668246445498,0,0.0,1,0.002369668246445498,0,0.0,1,0.002369668246445498,3,0.0071090047393364926,0,0.0,0,0.0,0,0.0,1,0.002369668246445498,0,0.0,14,0.03317535545023697,422,1.0,ORIGEN,SECCION,COMPLETO,CATALOGO_INE_2026
203,23,QUINTANA ROO,BENITO JUAREZ,,3,527,897,393,0.43812709030100333,0.5618729096989967,PVEM,139,0.35368956743002544,16,0.04071246819338423,MORENA,123,0.31297709923664124,74,0.18829516539440203,MC,49,0.12468193384223919,PVEM,139,0.35368956743002544,16,0.04071246819338423,MORENA,123,0.31297709923664124,74,0.18829516539440203,MC,49,0.12468193384223919,20,0.05089058524173028,3,0.007633587786259542,3,0.007633587786259542,139,0.35368956743002544,8,0.020356234096692113,49,0.12468193384223919,123,0.31297709923664124,17,0.043256997455470736,0,0.0,5,0.01272264631043257,1,0.002544529262086514,0,0.0,0,0.0,0,0.0,0,0.0,1,0.002544529262086514,0,0.0,0,0.0,0,0.0,4,0.010178117048346057,0,0.0,0,0.0,0,0.0,0,0.0,0,0.0,0,0.0,20,0.05089058524173028,393,1.0,ORIGEN,SECCION,COMPLETO,CATALOGO_INE_2026
204,23,QUINTANA ROO,BENITO JUAREZ,,3,528,953,396,0.4155299055613851,0.584470094438615,MORENA,137,0.34595959595959597,44,0.1111111111111111,PVEM,93,0.23484848484848486,53,0.13383838383838384,MC,40,0.10101010101010101,MORENA,137,0.34595959595959597,44,0.1111111111111111,PVEM,93,0.23484848484848486,53,0.13383838383838384,MC,40,0.10101010101010101,30,0.07575757575757576,8,0.020202020202020204,8,0.020202020202020204,93,0.23484848484848486,7,0.017676767676767676,40,0.10101010101010101,137,0.34595959595959597,27,0.06818181818181818,4,0.010101010101010102,1,0.0025252525252525255,4,0.010101010101010102,1,0.0025252525252525255,0,0.0,0,0.0,0,0.0,0,0.0,0,0.0,0,0.0,0,0.0,5,0.012626262626262626,1,0.0025252525252525255,2,0.005050505050505051,2,0.005050505050505051,1,0.0025252525252525255,0,0.0,0,0.0,25,0.06313131313131314,396,1.0,ORIGEN,SECCION,COMPLETO,CATALOGO_INE_2026
205,23,QUINTANA ROO,BENITO JUAREZ,,3,529,855,344,0.4023391812865497,0.5976608187134502,MORENA,115,0.33430232558139533,45,0.1308139534883721,PVEM,70,0.20348837209302326,2,0.005813953488372093,MC,68,0.19767441860465115,MORENA,115,0.33430232558139533,45,0.1308139534883721,PVEM,70,0.20348837209302326,2,0.005813953488372093,MC,68,0.19767441860465115,26,0.0755813953488372,11,0.03197674418604651,7,0.020348837209302327,70,0.20348837209302326,5,0.014534883720930232,68,0.19767441860465115,115,0.33430232558139533,24,0.06976744186046512,3,0.00872093023255814,5,0.014534883720930232,2,0.005813953488372093,0,0.0,0,0.0,0,0.0,0,0.0,0,0.0,0,0.0,0,0.0,0,0.0,0,0.0,1,0.0029069767441860465,0,0.0,0,0.0,0,0.0,0,0.0,0,0.0,7,0.020348837209302327,344,1.0,ORIGEN,SECCION,COMPLETO,CATALOGO_INE_2026
206,23,QUINTANA ROO,BENITO JUAREZ,,3,530,959,389,0.4056308654848801,0.5943691345151199,MORENA,140,0.35989717223650386,61,0.15681233933161953,PVEM,79,0.20308483290488433,18,0.04627249357326478,MC,61,0.15681233933161953,MORENA,140,0.35989717223650386,61,0.15681233933161953,PVEM,79,0.20308483290488433,18,0.04627249357326478,MC,61,0.15681233933161953,24,0.061696658097686374,19,0.04884318766066838,9,0.02313624678663239,79,0.20308483290488433,4,0.010282776349614395,61,0.15681233933161953,140,0.35989717223650386,25,0.06426735218508997,1,0.002570694087403599,4,0.010282776349614395,2,0.005141388174807198,2,0.005141388174807198,0,0.0,1,0.002570694087403599,0,0.0,0,0.0,0,0.0,0,0.0,0,0.0,1,0.002570694087403599,1,0.002570694087403599,1,0.002570694087403599,0,0.0,0,0.0,0,0.0,0,0.0,15,0.038560411311053984,389,1.0,ORIGEN,SECCION,COMPLETO,CATALOGO_INE_2026
207,23,QUINTANA ROO,BENITO JUAREZ,,3,531,1123,419,0.37310774710596617,0.6268922528940338,MORENA,160,0.3818615751789976,72,0.1718377088305489,PVEM,88,0.2100238663484487,28,0.06682577565632458,MC,60,0.1431980906921241,MORENA,160,0.3818615751789976,72,0.1718377088305489,PVEM,88,0.2100238663484487,28,0.06682577565632458,MC,60,0.1431980906921241,24,0.057279236276849645,10,0.02386634844868735,9,0.021479713603818614,88,0.2100238663484487,9,0.021479713603818614,60,0.1431980906921241,160,0.3818615751789976,22,0.05250596658711217,4,0.00954653937947494,7,0.016706443914081145,1,0.002386634844868735,0,0.0,0,0.0,0,0.0,0,0.0,1,0.002386634844868735,0,0.0,0,0.0,0,0.0,1,0.002386634844868735,5,0.011933174224343675,0,0.0,2,0.00477326968973747,0,0.0,0,0.0,0,0.0,16,0.03818615751789976,419,1.0,ORIGEN,SECCION,COMPLETO,CATALOGO_INE_2026
208,23,QUINTANA ROO,BENITO JUAREZ,,3,532,782,338,0.4322250639386189,0.5677749360613811,MORENA,129,0.3816568047337278,65,0.19230769230769232,PVEM,64,0.1893491124260355,24,0.07100591715976332,MC,40,0.11834319526627218,MORENA,129,0.3816568047337278,65,0.19230769230769232,PVEM,64,0.1893491124260355,24,0.07100591715976332,MC,40,0.11834319526627218,26,0.07692307692307693,6,0.01775147928994083,10,0.029585798816568046,64,0.1893491124260355,14,0.04142011834319527,40,0.11834319526627218,129,0.3816568047337278,17,0.05029585798816568,3,0.008875739644970414,2,0.005917159763313609,0,0.0,0,0.0,0,0.0,0,0.0,0,0.0,0,0.0,0,0.0,0,0.0,1,0.0029585798816568047,0,0.0,0,0.0,0,0.0,2,0.005917159763313609,0,0.0,1,0.0029585798816568047,0,0.0,23,0.06804733727810651,338,1.0,ORIGEN,SECCION,COMPLETO,CATALOGO_INE_2026
209,23,QUINTANA ROO,BENITO JUAREZ,,3,533,1172,488,0.41638225255972694,0.5836177474402731,MORENA,191,0.39139344262295084,94,0.19262295081967212,MC,97,0.1987704918032787,40,0.08196721311475409,PVEM,57,0.1168032786885246,MORENA,191,0.39139344262295084,94,0.19262295081967212,MC,97,0.1987704918032787,40,0.08196721311475409,PVEM,57,0.1168032786885246,47,0.09631147540983606,12,0.02459016393442623,8,0.01639344262295082,57,0.1168032786885246,18,0.036885245901639344,97,0.1987704918032787,191,0.39139344262295084,23,0.0471311475409836,2,0.004098360655737705,4,0.00819672131147541,1,0.0020491803278688526,1,0.0020491803278688526,0,0.0,0,0.0,0,0.0,0,0.0,0,0.0,0,0.0,1,0.0020491803278688526,1,0.0020491803278688526,1,0.0020491803278688526,0,0.0,0,0.0,1,0.0020491803278688526,3,0.006147540983606557,0,0.0,20,0.040983606557377046,488,1.0,ORIGEN,SECCION,COMPLETO,CATALOGO_INE_2026
210,23,QUINTANA ROO,BENITO JUAREZ,,3,534,881,436,0.4948921679909194,0.5051078320090806,PVEM,144,0.3302752293577982,16,0.03669724770642202,MORENA,128,0.29357798165137616,73,0.16743119266055045,MC,55,0.12614678899082568,PVEM,144,0.3302752293577982,16,0.03669724770642202,MORENA,128,0.29357798165137616,73,0.16743119266055045,MC,55,0.12614678899082568,14,0.03211009174311927,12,0.027522935779816515,12,0.027522935779816515,144,0.3302752293577982,5,0.011467889908256881,55,0.12614678899082568,128,0.29357798165137616,32,0.07339449541284404,0,0.0,3,0.006880733944954129,2,0.0045871559633027525,0,0.0,0,0.0,0,0.0,1,0.0022935779816513763,0,0.0,0,0.0,2,0.0045871559633027525,0,0.0,0,0.0,0,0.0,0,0.0,3,0.006880733944954129,2,0.0045871559633027525,0,0.0,0,0.0,21,0.0481651376146789,436,1.0,ORIGEN,SECCION,COMPLETO,CATALOGO_INE_2026
211,23,QUINTANA ROO,BENITO JUAREZ,,3,535,939,369,0.3929712460063898,0.6070287539936102,MORENA,157,0.4254742547425474,94,0.25474254742547425,MC,63,0.17073170731707318,24,0.06504065040650407,PAN,39,0.10569105691056911,MORENA,157,0.4254742547425474,94,0.25474254742547425,MC,63,0.17073170731707318,24,0.06504065040650407,PAN,39,0.10569105691056911,39,0.10569105691056911,4,0.01084010840108401,6,0.016260162601626018,32,0.08672086720867209,10,0.02710027100271003,63,0.17073170731707318,157,0.4254742547425474,22,0.05962059620596206,4,0.01084010840108401,9,0.024390243902439025,1,0.0027100271002710027,0,0.0,1,0.0027100271002710027,0,0.0,1,0.0027100271002710027,1,0.0027100271002710027,0,0.0,1,0.0027100271002710027,0,0.0,0,0.0,1,0.0027100271002710027,0,0.0,2,0.005420054200542005,0,0.0,0,0.0,0,0.0,15,0.04065040650406504,369,1.0,ORIGEN,SECCION,COMPLETO,CATALOGO_INE_2026
212,23,QUINTANA ROO,BENITO JUAREZ,,3,536,1503,488,0.32468396540252825,0.6753160345974718,MORENA,201,0.41188524590163933,102,0.20901639344262296,MC,99,0.2028688524590164,42,0.0860655737704918,PVEM,57,0.1168032786885246,MORENA,201,0.41188524590163933,102,0.20901639344262296,MC,99,0.2028688524590164,42,0.0860655737704918,PVEM,57,0.1168032786885246,52,0.10655737704918032,6,0.012295081967213115,12,0.02459016393442623,57,0.1168032786885246,11,0.022540983606557378,99,0.2028688524590164,201,0.41188524590163933,23,0.0471311475409836,4,0.00819672131147541,3,0.006147540983606557,1,0.0020491803278688526,0,0.0,0,0.0,0,0.0,2,0.004098360655737705,1,0.0020491803278688526,0,0.0,1,0.0020491803278688526,0,0.0,0,0.0,1,0.0020491803278688526,0,0.0,2,0.004098360655737705,0,0.0,0,0.0,0,0.0,12,0.02459016393442623,488,1.0,ORIGEN,SECCION,COMPLETO,CATALOGO_INE_2026
213,23,QUINTANA ROO,BENITO JUAREZ,,3,537,592,241,0.40709459459459457,0.5929054054054055,MORENA,96,0.3983402489626556,54,0.22406639004149378,MC,42,0.17427385892116182,9,0.03734439834024896,PVEM,33,0.13692946058091288,MORENA,96,0.3983402489626556,54,0.22406639004149378,MC,42,0.17427385892116182,9,0.03734439834024896,PVEM,33,0.13692946058091288,23,0.0954356846473029,6,0.024896265560165973,4,0.016597510373443983,33,0.13692946058091288,5,0.02074688796680498,42,0.17427385892116182,96,0.3983402489626556,12,0.04979253112033195,4,0.016597510373443983,2,0.008298755186721992,1,0.004149377593360996,0,0.0,0,0.0,0,0.0,0,0.0,1,0.004149377593360996,0,0.0,0,0.0,0,0.0,0,0.0,3,0.012448132780082987,0,0.0,2,0.008298755186721992,0,0.0,1,0.004149377593360996,0,0.0,6,0.024896265560165973,241,1.0,ORIGEN,SECCION,COMPLETO,CATALOGO_INE_2026
214,23,QUINTANA ROO,BENITO JUAREZ,,3,538,937,397,0.423692636072572,0.576307363927428,MORENA,159,0.4005037783375315,76,0.19143576826196473,MC,83,0.20906801007556675,40,0.10075566750629723,PAN,43,0.10831234256926953,MORENA,159,0.4005037783375315,76,0.19143576826196473,MC,83,0.20906801007556675,40,0.10075566750629723,PAN,43,0.10831234256926953,43,0.10831234256926953,15,0.037783375314861464,12,0.030226700251889168,38,0.09571788413098237,5,0.012594458438287154,83,0.20906801007556675,159,0.4005037783375315,18,0.04534005037783375,1,0.0025188916876574307,5,0.012594458438287154,0,0.0,0,0.0,0,0.0,0,0.0,2,0.005037783375314861,5,0.012594458438287154,0,0.0,0,0.0,0,0.0,0,0.0,0,0.0,0,0.0,2,0.005037783375314861,0,0.0,0,0.0,0,0.0,9,0.022670025188916875,397,1.0,ORIGEN,SECCION,COMPLETO,CATALOGO_INE_2026
215,23,QUINTANA ROO,BENITO JUAREZ,,3,539,855,317,0.3707602339181287,0.6292397660818714,MORENA,119,0.3753943217665615,57,0.17981072555205047,PVEM,62,0.19558359621451105,15,0.0473186119873817,MC,47,0.14826498422712933,MORENA,119,0.3753943217665615,57,0.17981072555205047,PVEM,62,0.19558359621451105,15,0.0473186119873817,MC,47,0.14826498422712933,32,0.10094637223974763,5,0.015772870662460567,6,0.01892744479495268,62,0.19558359621451105,6,0.01892744479495268,47,0.14826498422712933,119,0.3753943217665615,15,0.0473186119873817,3,0.00946372239747634,1,0.0031545741324921135,0,0.0,3,0.00946372239747634,0,0.0,0,0.0,0,0.0,0,0.0,0,0.0,0,0.0,0,0.0,0,0.0,2,0.006309148264984227,0,0.0,1,0.0031545741324921135,0,0.0,0,0.0,0,0.0,15,0.0473186119873817,317,1.0,ORIGEN,SECCION,COMPLETO,CATALOGO_INE_2026
216,23,QUINTANA ROO,BENITO JUAREZ,,3,543,730,327,0.44794520547945205,0.552054794520548,MORENA,114,0.3486238532110092,61,0.18654434250764526,MC,53,0.1620795107033639,6,0.01834862385321101,PAN,47,0.1437308868501529,MORENA,114,0.3486238532110092,61,0.18654434250764526,MC,53,0.1620795107033639,6,0.01834862385321101,PAN,47,0.1437308868501529,47,0.1437308868501529,7,0.021406727828746176,4,0.012232415902140673,29,0.08868501529051988,22,0.0672782874617737,53,0.1620795107033639,114,0.3486238532110092,22,0.0672782874617737,3,0.009174311926605505,5,0.01529051987767584,1,0.0030581039755351682,2,0.0061162079510703364,0,0.0,0,0.0,3,0.009174311926605505,2,0.0061162079510703364,0,0.0,0,0.0,0,0.0,0,0.0,2,0.0061162079510703364,0,0.0,4,0.012232415902140673,0,0.0,0,0.0,0,0.0,7,0.021406727828746176,327,1.0,ORIGEN,SECCION,COMPLETO,CATALOGO_INE_2026
217,23,QUINTANA ROO,BENITO JUAREZ,,3,544,837,335,0.4002389486260454,0.5997610513739546,MORENA,122,0.3641791044776119,41,0.12238805970149254,PVEM,81,0.2417910447761194,37,0.11044776119402985,MC,44,0.13134328358208955,MORENA,122,0.3641791044776119,41,0.12238805970149254,PVEM,81,0.2417910447761194,37,0.11044776119402985,MC,44,0.13134328358208955,22,0.06567164179104477,11,0.03283582089552239,7,0.020895522388059702,81,0.2417910447761194,4,0.011940298507462687,44,0.13134328358208955,122,0.3641791044776119,18,0.05373134328358209,3,0.008955223880597015,1,0.0029850746268656717,0,0.0,1,0.0029850746268656717,1,0.0029850746268656717,0,0.0,0,0.0,2,0.005970149253731343,0,0.0,1,0.0029850746268656717,0,0.0,0,0.0,2,0.005970149253731343,0,0.0,1,0.0029850746268656717,0,0.0,0,0.0,1,0.0029850746268656717,13,0.03880597014925373,335,1.0,ORIGEN,SECCION,COMPLETO,CATALOGO_INE_2026
218,23,QUINTANA ROO,BENITO JUAREZ,,3,545,715,280,0.3916083916083916,0.6083916083916083,MORENA,113,0.4035714285714286,60,0.21428571428571427,MC,53,0.18928571428571428,10,0.03571428571428571,PVEM,43,0.15357142857142858,MORENA,113,0.4035714285714286,60,0.21428571428571427,MC,53,0.18928571428571428,10,0.03571428571428571,PVEM,43,0.15357142857142858,16,0.05714285714285714,16,0.05714285714285714,5,0.017857142857142856,43,0.15357142857142858,1,0.0035714285714285713,53,0.18928571428571428,113,0.4035714285714286,12,0.04285714285714286,0,0.0,6,0.02142857142857143,1,0.0035714285714285713,0,0.0,0,0.0,0,0.0,0,0.0,0,0.0,0,0.0,0,0.0,1,0.0035714285714285713,0,0.0,0,0.0,0,0.0,0,0.0,0,0.0,0,0.0,0,0.0,13,0.04642857142857143,280,1.0,ORIGEN,SECCION,COMPLETO,CATALOGO_INE_2026
219,23,QUINTANA ROO,BENITO JUAREZ,,3,546,812,360,0.4433497536945813,0.5566502463054187,MORENA,101,0.28055555555555556,9,0.025,PVEM,92,0.25555555555555554,23,0.06388888888888888,MC,69,0.19166666666666668,MORENA,101,0.28055555555555556,9,0.025,PVEM,92,0.25555555555555554,23,0.06388888888888888,MC,69,0.19166666666666668,33,0.09166666666666666,7,0.019444444444444445,3,0.008333333333333333,92,0.25555555555555554,5,0.013888888888888888,69,0.19166666666666668,101,0.28055555555555556,18,0.05,5,0.013888888888888888,1,0.002777777777777778,0,0.0,0,0.0,1,0.002777777777777778,0,0.0,0,0.0,1,0.002777777777777778,0,0.0,0,0.0,0,0.0,0,0.0,1,0.002777777777777778,0,0.0,2,0.005555555555555556,0,0.0,0,0.0,0,0.0,21,0.058333333333333334,360,1.0,ORIGEN,SECCION,COMPLETO,CATALOGO_INE_2026
220,23,QUINTANA ROO,BENITO JUAREZ,,3,547,866,376,0.4341801385681293,0.5658198614318707,PVEM,107,0.2845744680851064,2,0.005319148936170213,MORENA,105,0.27925531914893614,47,0.125,MC,58,0.15425531914893617,PVEM,107,0.2845744680851064,2,0.005319148936170213,MORENA,105,0.27925531914893614,47,0.125,MC,58,0.15425531914893617,36,0.09574468085106383,7,0.018617021276595744,6,0.015957446808510637,107,0.2845744680851064,4,0.010638297872340425,58,0.15425531914893617,105,0.27925531914893614,17,0.04521276595744681,0,0.0,6,0.015957446808510637,1,0.0026595744680851063,0,0.0,0,0.0,0,0.0,1,0.0026595744680851063,1,0.0026595744680851063,0,0.0,1,0.0026595744680851063,0,0.0,1,0.0026595744680851063,3,0.007978723404255319,0,0.0,0,0.0,0,0.0,0,0.0,0,0.0,22,0.05851063829787234,376,1.0,ORIGEN,SECCION,COMPLETO,CATALOGO_INE_2026
221,23,QUINTANA ROO,BENITO JUAREZ,,3,548,1297,532,0.41017733230531994,0.5898226676946801,MORENA,178,0.33458646616541354,30,0.05639097744360902,PVEM,148,0.2781954887218045,67,0.12593984962406016,MC,81,0.15225563909774437,MORENA,178,0.33458646616541354,30,0.05639097744360902,PVEM,148,0.2781954887218045,67,0.12593984962406016,MC,81,0.15225563909774437,37,0.06954887218045112,11,0.020676691729323307,5,0.009398496240601503,148,0.2781954887218045,12,0.022556390977443608,81,0.15225563909774437,178,0.33458646616541354,15,0.02819548872180451,5,0.009398496240601503,5,0.009398496240601503,1,0.0018796992481203006,1,0.0018796992481203006,0,0.0,0,0.0,1,0.0018796992481203006,3,0.005639097744360902,0,0.0,0,0.0,0,0.0,0,0.0,0,0.0,0,0.0,5,0.009398496240601503,1,0.0018796992481203006,0,0.0,0,0.0,23,0.043233082706766915,532,1.0,ORIGEN,SECCION,COMPLETO,CATALOGO_INE_2026
222,23,QUINTANA ROO,BENITO JUAREZ,,3,549,747,341,0.4564926372155288,0.5435073627844712,MORENA,121,0.3548387096774194,25,0.07331378299120235,PVEM,96,0.28152492668621704,54,0.15835777126099707,MC,42,0.12316715542521994,MORENA,121,0.3548387096774194,25,0.07331378299120235,PVEM,96,0.28152492668621704,54,0.15835777126099707,MC,42,0.12316715542521994,20,0.05865102639296188,10,0.02932551319648094,2,0.005865102639296188,96,0.28152492668621704,9,0.026392961876832845,42,0.12316715542521994,121,0.3548387096774194,15,0.04398826979472141,3,0.008797653958944282,2,0.005865102639296188,0,0.0,0,0.0,0,0.0,0,0.0,0,0.0,1,0.002932551319648094,0,0.0,0,0.0,0,0.0,0,0.0,0,0.0,0,0.0,0,0.0,0,0.0,0,0.0,0,0.0,20,0.05865102639296188,341,1.0,ORIGEN,SECCION,COMPLETO,CATALOGO_INE_2026
223,23,QUINTANA ROO,BENITO JUAREZ,,3,550,698,300,0.4297994269340974,0.5702005730659025,MORENA,92,0.30666666666666664,7,0.023333333333333334,PVEM,85,0.2833333333333333,37,0.12333333333333334,MC,48,0.16,MORENA,92,0.30666666666666664,7,0.023333333333333334,PVEM,85,0.2833333333333333,37,0.12333333333333334,MC,48,0.16,13,0.043333333333333335,7,0.023333333333333334,6,0.02,85,0.2833333333333333,1,0.0033333333333333335,48,0.16,92,0.30666666666666664,19,0.06333333333333334,3,0.01,2,0.006666666666666667,0,0.0,0,0.0,0,0.0,1,0.0033333333333333335,0,0.0,0,0.0,0,0.0,0,0.0,0,0.0,0,0.0,6,0.02,0,0.0,0,0.0,0,0.0,0,0.0,0,0.0,17,0.056666666666666664,300,1.0,ORIGEN,SECCION,COMPLETO,CATALOGO_INE_2026
224,23,QUINTANA ROO,BENITO JUAREZ,,3,551,979,380,0.3881511746680286,0.6118488253319714,MORENA,117,0.3078947368421053,1,0.002631578947368421,PVEM,116,0.30526315789473685,53,0.1394736842105263,MC,63,0.16578947368421051,MORENA,117,0.3078947368421053,1,0.002631578947368421,PVEM,116,0.30526315789473685,53,0.1394736842105263,MC,63,0.16578947368421051,24,0.06315789473684211,8,0.021052631578947368,5,0.013157894736842105,116,0.30526315789473685,5,0.013157894736842105,63,0.16578947368421051,117,0.3078947368421053,14,0.03684210526315789,4,0.010526315789473684,2,0.005263157894736842,1,0.002631578947368421,0,0.0,0,0.0,0,0.0,1,0.002631578947368421,4,0.010526315789473684,2,0.005263157894736842,0,0.0,0,0.0,0,0.0,1,0.002631578947368421,0,0.0,0,0.0,0,0.0,0,0.0,0,0.0,13,0.034210526315789476,380,1.0,ORIGEN,SECCION,COMPLETO,CATALOGO_INE_2026
225,23,QUINTANA ROO,BENITO JUAREZ,,3,552,709,293,0.4132581100141044,0.5867418899858956,MORENA,93,0.3174061433447099,8,0.027303754266211604,PVEM,85,0.2901023890784983,47,0.16040955631399317,MC,38,0.1296928327645051,MORENA,93,0.3174061433447099,8,0.027303754266211604,PVEM,85,0.2901023890784983,47,0.16040955631399317,MC,38,0.1296928327645051,15,0.051194539249146756,18,0.06143344709897611,3,0.010238907849829351,85,0.2901023890784983,4,0.013651877133105802,38,0.1296928327645051,93,0.3174061433447099,16,0.05460750853242321,2,0.006825938566552901,2,0.006825938566552901,1,0.0034129692832764505,0,0.0,0,0.0,0,0.0,1,0.0034129692832764505,0,0.0,0,0.0,0,0.0,0,0.0,0,0.0,1,0.0034129692832764505,0,0.0,3,0.010238907849829351,0,0.0,1,0.0034129692832764505,0,0.0,10,0.034129692832764506,293,1.0,ORIGEN,SECCION,COMPLETO,CATALOGO_INE_2026
226,23,QUINTANA ROO,BENITO JUAREZ,,3,553,820,314,0.3829268292682927,0.6170731707317073,MORENA,126,0.4012738853503185,66,0.21019108280254778,PVEM,60,0.1910828025477707,8,0.025477707006369428,MC,52,0.16560509554140126,MORENA,126,0.4012738853503185,66,0.21019108280254778,PVEM,60,0.1910828025477707,8,0.025477707006369428,MC,52,0.16560509554140126,24,0.07643312101910828,4,0.012738853503184714,8,0.025477707006369428,60,0.1910828025477707,11,0.03503184713375796,52,0.16560509554140126,126,0.4012738853503185,10,0.03184713375796178,2,0.006369426751592357,2,0.006369426751592357,0,0.0,0,0.0,0,0.0,0,0.0,2,0.006369426751592357,1,0.0031847133757961785,0,0.0,0,0.0,0,0.0,0,0.0,0,0.0,0,0.0,0,0.0,0,0.0,0,0.0,0,0.0,12,0.03821656050955414,314,1.0,ORIGEN,SECCION,COMPLETO,CATALOGO_INE_2026
227,23,QUINTANA ROO,BENITO JUAREZ,,3,1004,1269,293,0.23089046493301812,0.7691095350669819,MORENA,107,0.3651877133105802,50,0.17064846416382254,MC,57,0.1945392491467577,6,0.020477815699658702,PVEM,51,0.17406143344709898,MORENA,107,0.3651877133105802,50,0.17064846416382254,MC,57,0.1945392491467577,6,0.020477815699658702,PVEM,51,0.17406143344709898,33,0.11262798634812286,4,0.013651877133105802,1,0.0034129692832764505,51,0.17406143344709898,5,0.017064846416382253,57,0.1945392491467577,107,0.3651877133105802,14,0.04778156996587031,2,0.006825938566552901,8,0.027303754266211604,0,0.0,1,0.0034129692832764505,0,0.0,0,0.0,0,0.0,0,0.0,0,0.0,0,0.0,0,0.0,0,0.0,1,0.0034129692832764505,0,0.0,1,0.0034129692832764505,0,0.0,1,0.0034129692832764505,0,0.0,7,0.023890784982935155,293,1.0,ORIGEN,SECCION,COMPLETO,CATALOGO_INE_2026
228,23,QUINTANA ROO,BENITO JUAREZ,,3,1005,741,186,0.25101214574898784,0.7489878542510122,MORENA,68,0.3655913978494624,36,0.1935483870967742,PVEM,32,0.17204301075268819,6,0.03225806451612903,PAN,26,0.13978494623655913,MORENA,68,0.3655913978494624,36,0.1935483870967742,PVEM,32,0.17204301075268819,6,0.03225806451612903,PAN,26,0.13978494623655913,26,0.13978494623655913,2,0.010752688172043012,9,0.04838709677419355,32,0.17204301075268819,3,0.016129032258064516,26,0.13978494623655913,68,0.3655913978494624,8,0.043010752688172046,4,0.021505376344086023,1,0.005376344086021506,0,0.0,1,0.005376344086021506,0,0.0,0,0.0,1,0.005376344086021506,0,0.0,0,0.0,0,0.0,0,0.0,0,0.0,0,0.0,0,0.0,0,0.0,0,0.0,0,0.0,0,0.0,5,0.026881720430107527,186,1.0,ORIGEN,SECCION,COMPLETO,CATALOGO_INE_2026
229,23,QUINTANA ROO,BENITO JUAREZ,,3,1006,1039,253,0.2435033686236766,0.7564966313763234,MORENA,84,0.33201581027667987,28,0.11067193675889328,MC,56,0.22134387351778656,22,0.08695652173913043,PVEM,34,0.13438735177865613,MORENA,84,0.33201581027667987,28,0.11067193675889328,MC,56,0.22134387351778656,22,0.08695652173913043,PVEM,34,0.13438735177865613,31,0.1225296442687747,4,0.015810276679841896,4,0.015810276679841896,34,0.13438735177865613,8,0.03162055335968379,56,0.22134387351778656,84,0.33201581027667987,17,0.06719367588932806,2,0.007905138339920948,1,0.003952569169960474,2,0.007905138339920948,0,0.0,0,0.0,0,0.0,1,0.003952569169960474,2,0.007905138339920948,0,0.0,0,0.0,0,0.0,0,0.0,1,0.003952569169960474,0,0.0,0,0.0,0,0.0,0,0.0,0,0.0,6,0.023715415019762844,253,1.0,ORIGEN,SECCION,COMPLETO,CATALOGO_INE_2026
230,23,QUINTANA ROO,BENITO JUAREZ,,3,1007,655,185,0.2824427480916031,0.7175572519083969,MORENA,60,0.32432432432432434,22,0.11891891891891893,PVEM,38,0.20540540540540542,8,0.043243243243243246,MC,30,0.16216216216216217,MORENA,60,0.32432432432432434,22,0.11891891891891893,PVEM,38,0.20540540540540542,8,0.043243243243243246,MC,30,0.16216216216216217,20,0.10810810810810811,6,0.032432432432432434,4,0.021621621621621623,38,0.20540540540540542,6,0.032432432432432434,30,0.16216216216216217,60,0.32432432432432434,9,0.04864864864864865,0,0.0,3,0.016216216216216217,0,0.0,0,0.0,0,0.0,0,0.0,1,0.005405405405405406,1,0.005405405405405406,0,0.0,0,0.0,0,0.0,0,0.0,0,0.0,0,0.0,0,0.0,0,0.0,0,0.0,1,0.005405405405405406,6,0.032432432432432434,185,1.0,ORIGEN,SECCION,COMPLETO,CATALOGO_INE_2026
231,23,QUINTANA ROO,BENITO JUAREZ,,3,1008,1985,650,0.327455919395466,0.672544080604534,MORENA,202,0.31076923076923074,46,0.07076923076923076,PVEM,156,0.24,50,0.07692307692307693,MC,106,0.16307692307692306,MORENA,202,0.31076923076923074,46,0.07076923076923076,PVEM,156,0.24,50,0.07692307692307693,MC,106,0.16307692307692306,51,0.07846153846153846,13,0.02,23,0.03538461538461538,156,0.24,15,0.023076923076923078,106,0.16307692307692306,202,0.31076923076923074,29,0.04461538461538461,4,0.006153846153846154,3,0.004615384615384616,0,0.0,2,0.003076923076923077,0,0.0,0,0.0,2,0.003076923076923077,0,0.0,0,0.0,0,0.0,0,0.0,0,0.0,3,0.004615384615384616,0,0.0,4,0.006153846153846154,0,0.0,0,0.0,0,0.0,37,0.05692307692307692,650,1.0,ORIGEN,SECCION,COMPLETO,CATALOGO_INE_2026
232,23,QUINTANA ROO,BENITO JUAREZ,,3,1009,1205,361,0.2995850622406639,0.700414937759336,MORENA,126,0.3490304709141274,49,0.13573407202216067,PVEM,77,0.21329639889196675,11,0.030470914127423823,MC,66,0.18282548476454294,MORENA,126,0.3490304709141274,49,0.13573407202216067,PVEM,77,0.21329639889196675,11,0.030470914127423823,MC,66,0.18282548476454294,30,0.08310249307479224,18,0.04986149584487535,8,0.0221606648199446,77,0.21329639889196675,5,0.013850415512465374,66,0.18282548476454294,126,0.3490304709141274,8,0.0221606648199446,3,0.008310249307479225,1,0.002770083102493075,0,0.0,0,0.0,0,0.0,0,0.0,0,0.0,0,0.0,0,0.0,0,0.0,0,0.0,0,0.0,0,0.0,0,0.0,0,0.0,0,0.0,0,0.0,0,0.0,19,0.05263157894736842,361,1.0,ORIGEN,SECCION,COMPLETO,CATALOGO_INE_2026
233,23,QUINTANA ROO,BENITO JUAREZ,,3,1010,1568,406,0.25892857142857145,0.7410714285714286,MORENA,146,0.35960591133004927,84,0.20689655172413793,MC,62,0.15270935960591134,5,0.012315270935960592,PVEM,57,0.14039408866995073,MORENA,146,0.35960591133004927,84,0.20689655172413793,MC,62,0.15270935960591134,5,0.012315270935960592,PVEM,57,0.14039408866995073,41,0.10098522167487685,12,0.029556650246305417,13,0.03201970443349754,57,0.14039408866995073,7,0.017241379310344827,62,0.15270935960591134,146,0.35960591133004927,32,0.07881773399014778,6,0.014778325123152709,10,0.024630541871921183,0,0.0,0,0.0,0,0.0,0,0.0,0,0.0,0,0.0,0,0.0,0,0.0,0,0.0,0,0.0,1,0.0024630541871921183,0,0.0,2,0.0049261083743842365,0,0.0,1,0.0024630541871921183,1,0.0024630541871921183,15,0.03694581280788178,406,1.0,ORIGEN,SECCION,COMPLETO,CATALOGO_INE_2026
234,23,QUINTANA ROO,BENITO JUAREZ,,3,1011,646,223,0.34520123839009287,0.6547987616099071,MORENA,69,0.3094170403587444,3,0.013452914798206279,PVEM,66,0.29596412556053814,31,0.13901345291479822,MC,35,0.15695067264573992,MORENA,69,0.3094170403587444,3,0.013452914798206279,PVEM,66,0.29596412556053814,31,0.13901345291479822,MC,35,0.15695067264573992,16,0.07174887892376682,4,0.017937219730941704,4,0.017937219730941704,66,0.29596412556053814,2,0.008968609865470852,35,0.15695067264573992,69,0.3094170403587444,5,0.02242152466367713,3,0.013452914798206279,1,0.004484304932735426,0,0.0,1,0.004484304932735426,0,0.0,0,0.0,0,0.0,1,0.004484304932735426,0,0.0,0,0.0,0,0.0,0,0.0,1,0.004484304932735426,0,0.0,0,0.0,0,0.0,0,0.0,2,0.008968609865470852,13,0.05829596412556054,223,1.0,ORIGEN,SECCION,COMPLETO,CATALOGO_INE_2026
235,23,QUINTANA ROO,BENITO JUAREZ,,3,1012,667,250,0.3748125937031484,0.6251874062968517,PVEM,99,0.396,33,0.132,MORENA,66,0.264,44,0.176,MC,22,0.088,PVEM,99,0.396,33,0.132,MORENA,66,0.264,44,0.176,MC,22,0.088,16,0.064,4,0.016,4,0.016,99,0.396,6,0.024,22,0.088,66,0.264,13,0.052,3,0.012,0,0.0,2,0.008,0,0.0,0,0.0,0,0.0,1,0.004,0,0.0,0,0.0,0,0.0,0,0.0,0,0.0,1,0.004,0,0.0,0,0.0,0,0.0,0,0.0,0,0.0,13,0.052,250,1.0,ORIGEN,SECCION,COMPLETO,CATALOGO_INE_2026
236,23,QUINTANA ROO,BENITO JUAREZ,,3,1013,653,221,0.33843797856049007,0.6615620214395099,MORENA,95,0.4298642533936652,59,0.2669683257918552,MC,36,0.16289592760180996,9,0.04072398190045249,PVEM,27,0.12217194570135746,MORENA,95,0.4298642533936652,59,0.2669683257918552,MC,36,0.16289592760180996,9,0.04072398190045249,PVEM,27,0.12217194570135746,19,0.08597285067873303,7,0.03167420814479638,4,0.01809954751131222,27,0.12217194570135746,2,0.00904977375565611,36,0.16289592760180996,95,0.4298642533936652,16,0.07239819004524888,0,0.0,3,0.013574660633484163,0,0.0,0,0.0,0,0.0,0,0.0,0,0.0,0,0.0,0,0.0,0,0.0,0,0.0,1,0.004524886877828055,3,0.013574660633484163,0,0.0,2,0.00904977375565611,0,0.0,0,0.0,0,0.0,6,0.027149321266968326,221,1.0,ORIGEN,SECCION,COMPLETO,CATALOGO_INE_2026
237,23,QUINTANA ROO,BENITO JUAREZ,,3,1014,1102,334,0.3030852994555354,0.6969147005444646,MORENA,111,0.3323353293413174,23,0.0688622754491018,PVEM,88,0.2634730538922156,34,0.10179640718562874,MC,54,0.16167664670658682,MORENA,111,0.3323353293413174,23,0.0688622754491018,PVEM,88,0.2634730538922156,34,0.10179640718562874,MC,54,0.16167664670658682,23,0.0688622754491018,10,0.029940119760479042,3,0.008982035928143712,88,0.2634730538922156,6,0.017964071856287425,54,0.16167664670658682,111,0.3323353293413174,12,0.03592814371257485,0,0.0,4,0.011976047904191617,0,0.0,0,0.0,0,0.0,0,0.0,0,0.0,3,0.008982035928143712,1,0.0029940119760479044,0,0.0,0,0.0,0,0.0,4,0.011976047904191617,0,0.0,1,0.0029940119760479044,0,0.0,1,0.0029940119760479044,0,0.0,13,0.038922155688622756,334,1.0,ORIGEN,SECCION,COMPLETO,CATALOGO_INE_2026
238,23,QUINTANA ROO,BENITO JUAREZ,,3,1015,1836,515,0.28050108932461876,0.7194989106753813,MORENA,213,0.41359223300970877,124,0.2407766990291262,PVEM,89,0.17281553398058253,0,0.0,MC,89,0.17281553398058253,MORENA,213,0.41359223300970877,124,0.2407766990291262,PVEM,89,0.17281553398058253,0,0.0,MC,89,0.17281553398058253,44,0.0854368932038835,7,0.013592233009708738,12,0.02330097087378641,89,0.17281553398058253,10,0.019417475728155338,89,0.17281553398058253,213,0.41359223300970877,23,0.04466019417475728,3,0.005825242718446602,6,0.011650485436893204,1,0.001941747572815534,0,0.0,0,0.0,0,0.0,0,0.0,2,0.003883495145631068,0,0.0,0,0.0,0,0.0,0,0.0,0,0.0,0,0.0,0,0.0,0,0.0,1,0.001941747572815534,10,0.019417475728155338,5,0.009708737864077669,515,1.0,ORIGEN,SECCION,COMPLETO,CATALOGO_INE_2026
239,23,QUINTANA ROO,BENITO JUAREZ,,3,1016,598,192,0.3210702341137124,0.6789297658862876,MORENA,60,0.3125,20,0.10416666666666667,PVEM,40,0.20833333333333334,1,0.005208333333333333,MC,39,0.203125,MORENA,60,0.3125,20,0.10416666666666667,PVEM,40,0.20833333333333334,1,0.005208333333333333,MC,39,0.203125,21,0.109375,3,0.015625,3,0.015625,40,0.20833333333333334,0,0.0,39,0.203125,60,0.3125,7,0.036458333333333336,5,0.026041666666666668,2,0.010416666666666666,1,0.005208333333333333,0,0.0,0,0.0,0,0.0,1,0.005208333333333333,1,0.005208333333333333,0,0.0,1,0.005208333333333333,0,0.0,1,0.005208333333333333,2,0.010416666666666666,0,0.0,0,0.0,0,0.0,0,0.0,0,0.0,5,0.026041666666666668,192,1.0,ORIGEN,SECCION,COMPLETO,CATALOGO_INE_2026
240,23,QUINTANA ROO,BENITO JUAREZ,,3,1017,2790,953,0.34157706093189966,0.6584229390681003,MORENA,328,0.3441762854144806,114,0.11962224554039874,PVEM,214,0.22455403987408185,57,0.05981112277019937,MC,157,0.16474291710388247,MORENA,328,0.3441762854144806,114,0.11962224554039874,PVEM,214,0.22455403987408185,57,0.05981112277019937,MC,157,0.16474291710388247,77,0.080797481636936,23,0.024134312696747113,19,0.01993704092339979,214,0.22455403987408185,9,0.00944386149003148,157,0.16474291710388247,328,0.3441762854144806,52,0.05456453305351522,5,0.005246589716684155,8,0.008394543546694649,0,0.0,1,0.001049317943336831,0,0.0,0,0.0,0,0.0,1,0.001049317943336831,0,0.0,0,0.0,0,0.0,0,0.0,8,0.008394543546694649,0,0.0,3,0.0031479538300104933,0,0.0,0,0.0,3,0.0031479538300104933,45,0.0472193074501574,953,1.0,ORIGEN,SECCION,COMPLETO,CATALOGO_INE_2026
241,23,QUINTANA ROO,BENITO JUAREZ,,3,1018,1278,389,0.30438184663536777,0.6956181533646322,MORENA,142,0.36503856041131105,76,0.1953727506426735,MC,66,0.16966580976863754,11,0.028277634961439587,PVEM,55,0.14138817480719795,MORENA,142,0.36503856041131105,76,0.1953727506426735,MC,66,0.16966580976863754,11,0.028277634961439587,PVEM,55,0.14138817480719795,50,0.12853470437017994,12,0.030848329048843187,12,0.030848329048843187,55,0.14138817480719795,10,0.02570694087403599,66,0.16966580976863754,142,0.36503856041131105,11,0.028277634961439587,4,0.010282776349614395,4,0.010282776349614395,0,0.0,1,0.002570694087403599,0,0.0,0,0.0,0,0.0,2,0.005141388174807198,0,0.0,0,0.0,1,0.002570694087403599,0,0.0,2,0.005141388174807198,0,0.0,1,0.002570694087403599,0,0.0,0,0.0,0,0.0,16,0.04113110539845758,389,1.0,ORIGEN,SECCION,COMPLETO,CATALOGO_INE_2026
242,23,QUINTANA ROO,BENITO JUAREZ,,3,1019,1262,367,0.2908082408874802,0.7091917591125199,MORENA,123,0.335149863760218,32,0.08719346049046321,PVEM,91,0.24795640326975477,33,0.08991825613079019,MC,58,0.15803814713896458,MORENA,123,0.335149863760218,32,0.08719346049046321,PVEM,91,0.24795640326975477,33,0.08991825613079019,MC,58,0.15803814713896458,24,0.0653950953678474,10,0.027247956403269755,4,0.010899182561307902,91,0.24795640326975477,7,0.01907356948228883,58,0.15803814713896458,123,0.335149863760218,19,0.051771117166212535,4,0.010899182561307902,4,0.010899182561307902,2,0.005449591280653951,0,0.0,0,0.0,0,0.0,0,0.0,0,0.0,0,0.0,0,0.0,0,0.0,0,0.0,2,0.005449591280653951,0,0.0,2,0.005449591280653951,0,0.0,0,0.0,0,0.0,17,0.04632152588555858,367,1.0,ORIGEN,SECCION,COMPLETO,CATALOGO_INE_2026
243,23,QUINTANA ROO,BENITO JUAREZ,,3,1020,2261,712,0.3149049093321539,0.6850950906678461,MORENA,226,0.31741573033707865,59,0.08286516853932584,PVEM,167,0.2345505617977528,73,0.10252808988764045,MC,94,0.13202247191011235,MORENA,226,0.31741573033707865,59,0.08286516853932584,PVEM,167,0.2345505617977528,73,0.10252808988764045,MC,94,0.13202247191011235,63,0.08848314606741572,28,0.03932584269662921,10,0.014044943820224719,167,0.2345505617977528,13,0.018258426966292134,94,0.13202247191011235,226,0.31741573033707865,30,0.042134831460674156,5,0.007022471910112359,11,0.01544943820224719,1,0.0014044943820224719,4,0.0056179775280898875,1,0.0014044943820224719,0,0.0,1,0.0014044943820224719,4,0.0056179775280898875,1,0.0014044943820224719,1,0.0014044943820224719,1,0.0014044943820224719,0,0.0,5,0.007022471910112359,0,0.0,4,0.0056179775280898875,0,0.0,4,0.0056179775280898875,2,0.0028089887640449437,36,0.05056179775280899,712,1.0,ORIGEN,SECCION,COMPLETO,CATALOGO_INE_2026
244,23,QUINTANA ROO,BENITO JUAREZ,,3,1021,1208,346,0.28642384105960267,0.7135761589403973,MORENA,116,0.3352601156069364,44,0.12716763005780346,MC,72,0.20809248554913296,15,0.04335260115606936,PVEM,57,0.16473988439306358,MORENA,116,0.3352601156069364,44,0.12716763005780346,MC,72,0.20809248554913296,15,0.04335260115606936,PVEM,57,0.16473988439306358,42,0.12138728323699421,7,0.02023121387283237,6,0.017341040462427744,57,0.16473988439306358,12,0.03468208092485549,72,0.20809248554913296,116,0.3352601156069364,19,0.05491329479768786,2,0.005780346820809248,0,0.0,1,0.002890173410404624,0,0.0,0,0.0,0,0.0,1,0.002890173410404624,1,0.002890173410404624,0,0.0,0,0.0,0,0.0,0,0.0,0,0.0,0,0.0,0,0.0,0,0.0,0,0.0,1,0.002890173410404624,9,0.02601156069364162,346,1.0,ORIGEN,SECCION,COMPLETO,CATALOGO_INE_2026
245,23,QUINTANA ROO,BENITO JUAREZ,,4,1,7602,2965,0.39002893975269665,0.6099710602473034,PVEM,1037,0.3497470489038786,205,0.06913996627318718,MORENA,832,0.2806070826306914,535,0.18043844856661045,MC,297,0.10016863406408094,PVEM,1037,0.3497470489038786,205,0.06913996627318718,MORENA,832,0.2806070826306914,535,0.18043844856661045,MC,297,0.10016863406408094,214,0.07217537942664418,44,0.014839797639123103,44,0.014839797639123103,1037,0.3497470489038786,52,0.017537942664418212,297,0.10016863406408094,832,0.2806070826306914,135,0.045531197301854974,23,0.00775716694772344,22,0.007419898819561552,9,0.0030354131534569982,1,0.0003372681281618887,1,0.0003372681281618887,0,0.0,16,0.005396290050590219,8,0.0026981450252951096,0,0.0,1,0.0003372681281618887,2,0.0006745362563237774,5,0.0016863406408094434,22,0.007419898819561552,1,0.0003372681281618887,7,0.002360876897133221,0,0.0,2,0.0006745362563237774,14,0.004721753794266442,176,0.059359190556492414,2965,1.0,ORIGEN,SECCION,COMPLETO,INFERIDA_SECCION_VECINA
246,23,QUINTANA ROO,BENITO JUAREZ,,4,4,2074,781,0.37656702025072325,0.6234329797492768,MORENA,284,0.36363636363636365,83,0.10627400768245839,PVEM,201,0.2573623559539053,103,0.13188220230473752,MC,98,0.12548015364916773,MORENA,284,0.36363636363636365,83,0.10627400768245839,PVEM,201,0.2573623559539053,103,0.13188220230473752,MC,98,0.12548015364916773,62,0.0793854033290653,23,0.029449423815621,9,0.011523687580025609,201,0.2573623559539053,13,0.016645326504481434,98,0.12548015364916773,284,0.36363636363636365,23,0.029449423815621,11,0.014084507042253521,7,0.008962868117797696,2,0.002560819462227913,0,0.0,1,0.0012804097311139564,1,0.0012804097311139564,0,0.0,1,0.0012804097311139564,0,0.0,0,0.0,0,0.0,7,0.008962868117797696,1,0.0012804097311139564,0,0.0,2,0.002560819462227913,0,0.0,1,0.0012804097311139564,1,0.0012804097311139564,33,0.04225352112676056,781,1.0,ORIGEN,SECCION,COMPLETO,CATALOGO_INE_2026
247,23,QUINTANA ROO,BENITO JUAREZ,,4,5,3948,1396,0.353596757852077,0.646403242147923,MORENA,430,0.30802292263610315,69,0.0494269340974212,PVEM,361,0.25859598853868193,185,0.13252148997134672,MC,176,0.12607449856733524,MORENA,430,0.30802292263610315,69,0.0494269340974212,PVEM,361,0.25859598853868193,185,0.13252148997134672,MC,176,0.12607449856733524,147,0.10530085959885387,36,0.025787965616045846,29,0.020773638968481375,361,0.25859598853868193,12,0.008595988538681949,176,0.12607449856733524,430,0.30802292263610315,40,0.02865329512893983,51,0.036532951289398284,8,0.0057306590257879654,7,0.00501432664756447,2,0.0014326647564469914,1,0.0007163323782234957,5,0.0035816618911174787,10,0.0071633237822349575,3,0.002148997134670487,1,0.0007163323782234957,0,0.0,0,0.0,0,0.0,12,0.008595988538681949,4,0.0028653295128939827,2,0.0014326647564469914,0,0.0,0,0.0,3,0.002148997134670487,56,0.04011461318051576,1396,1.0,ORIGEN,SECCION,COMPLETO,CATALOGO_INE_2026
248,23,QUINTANA ROO,BENITO JUAREZ,,4,6,900,342,0.38,0.62,PVEM,146,0.4269005847953216,56,0.16374269005847952,MORENA,90,0.2631578947368421,68,0.19883040935672514,MC,22,0.06432748538011696,PVEM,146,0.4269005847953216,56,0.16374269005847952,MORENA,90,0.2631578947368421,68,0.19883040935672514,MC,22,0.06432748538011696,21,0.06140350877192982,14,0.04093567251461988,5,0.014619883040935672,146,0.4269005847953216,3,0.008771929824561403,22,0.06432748538011696,90,0.2631578947368421,14,0.04093567251461988,3,0.008771929824561403,0,0.0,1,0.0029239766081871343,0,0.0,2,0.005847953216374269,2,0.005847953216374269,0,0.0,0,0.0,0,0.0,0,0.0,0,0.0,1,0.0029239766081871343,0,0.0,0,0.0,0,0.0,0,0.0,0,0.0,0,0.0,18,0.05263157894736842,342,1.0,ORIGEN,SECCION,COMPLETO,CATALOGO_INE_2026
249,23,QUINTANA ROO,BENITO JUAREZ,,4,7,1557,639,0.41040462427745666,0.5895953757225434,MORENA,218,0.3411580594679186,66,0.10328638497652583,PVEM,152,0.2378716744913928,49,0.07668231611893583,MC,103,0.16118935837245696,MORENA,218,0.3411580594679186,66,0.10328638497652583,PVEM,152,0.2378716744913928,49,0.07668231611893583,MC,103,0.16118935837245696,50,0.0782472613458529,14,0.02190923317683881,5,0.00782472613458529,152,0.2378716744913928,31,0.048513302034428794,103,0.16118935837245696,218,0.3411580594679186,19,0.0297339593114241,1,0.001564945226917058,4,0.006259780907668232,0,0.0,4,0.006259780907668232,2,0.003129890453834116,0,0.0,2,0.003129890453834116,2,0.003129890453834116,0,0.0,0,0.0,0,0.0,1,0.001564945226917058,3,0.004694835680751174,0,0.0,1,0.001564945226917058,0,0.0,0,0.0,0,0.0,27,0.04225352112676056,639,1.0,ORIGEN,SECCION,COMPLETO,CATALOGO_INE_2026
250,23,QUINTANA ROO,BENITO JUAREZ,,4,8,885,380,0.4293785310734463,0.5706214689265536,PVEM,123,0.3236842105263158,3,0.007894736842105263,MORENA,120,0.3157894736842105,72,0.18947368421052632,MC,48,0.12631578947368421,PVEM,123,0.3236842105263158,3,0.007894736842105263,MORENA,120,0.3157894736842105,72,0.18947368421052632,MC,48,0.12631578947368421,28,0.07368421052631578,13,0.034210526315789476,5,0.013157894736842105,123,0.3236842105263158,4,0.010526315789473684,48,0.12631578947368421,120,0.3157894736842105,8,0.021052631578947368,5,0.013157894736842105,0,0.0,0,0.0,1,0.002631578947368421,0,0.0,0,0.0,0,0.0,1,0.002631578947368421,0,0.0,0,0.0,0,0.0,0,0.0,3,0.007894736842105263,0,0.0,1,0.002631578947368421,0,0.0,0,0.0,0,0.0,20,0.05263157894736842,380,1.0,ORIGEN,SECCION,COMPLETO,CATALOGO_INE_2026
251,23,QUINTANA ROO,BENITO JUAREZ,,4,9,712,313,0.4396067415730337,0.5603932584269663,MORENA,93,0.2971246006389776,9,0.02875399361022364,PVEM,84,0.268370607028754,43,0.13738019169329074,MC,41,0.13099041533546327,MORENA,93,0.2971246006389776,9,0.02875399361022364,PVEM,84,0.268370607028754,43,0.13738019169329074,MC,41,0.13099041533546327,18,0.05750798722044728,11,0.03514376996805112,5,0.01597444089456869,84,0.268370607028754,10,0.03194888178913738,41,0.13099041533546327,93,0.2971246006389776,15,0.04792332268370607,4,0.012779552715654952,0,0.0,2,0.006389776357827476,1,0.003194888178913738,0,0.0,0,0.0,1,0.003194888178913738,0,0.0,1,0.003194888178913738,0,0.0,0,0.0,0,0.0,5,0.01597444089456869,0,0.0,1,0.003194888178913738,0,0.0,1,0.003194888178913738,0,0.0,20,0.06389776357827476,313,1.0,ORIGEN,SECCION,COMPLETO,CATALOGO_INE_2026
252,23,QUINTANA ROO,BENITO JUAREZ,,4,10,694,293,0.42219020172910665,0.5778097982708934,MORENA,91,0.310580204778157,10,0.034129692832764506,PVEM,81,0.2764505119453925,33,0.11262798634812286,MC,48,0.16382252559726962,MORENA,91,0.310580204778157,10,0.034129692832764506,PVEM,81,0.2764505119453925,33,0.11262798634812286,MC,48,0.16382252559726962,18,0.06143344709897611,11,0.03754266211604096,1,0.0034129692832764505,81,0.2764505119453925,3,0.010238907849829351,48,0.16382252559726962,91,0.310580204778157,11,0.03754266211604096,2,0.006825938566552901,1,0.0034129692832764505,0,0.0,1,0.0034129692832764505,0,0.0,0,0.0,0,0.0,13,0.04436860068259386,0,0.0,0,0.0,0,0.0,0,0.0,0,0.0,0,0.0,0,0.0,0,0.0,0,0.0,0,0.0,12,0.040955631399317405,293,1.0,ORIGEN,SECCION,COMPLETO,CATALOGO_INE_2026
253,23,QUINTANA ROO,BENITO JUAREZ,,4,29,887,411,0.4633596392333709,0.536640360766629,MORENA,135,0.3284671532846715,23,0.05596107055961071,PVEM,112,0.2725060827250608,44,0.1070559610705596,MC,68,0.1654501216545012,MORENA,135,0.3284671532846715,23,0.05596107055961071,PVEM,112,0.2725060827250608,44,0.1070559610705596,MC,68,0.1654501216545012,33,0.08029197080291971,8,0.019464720194647202,6,0.014598540145985401,112,0.2725060827250608,7,0.0170316301703163,68,0.1654501216545012,135,0.3284671532846715,18,0.043795620437956206,2,0.004866180048661801,2,0.004866180048661801,0,0.0,1,0.0024330900243309003,0,0.0,0,0.0,3,0.0072992700729927005,2,0.004866180048661801,0,0.0,0,0.0,0,0.0,0,0.0,0,0.0,0,0.0,1,0.0024330900243309003,0,0.0,0,0.0,0,0.0,13,0.031630170316301706,411,1.0,ORIGEN,SECCION,COMPLETO,CATALOGO_INE_2026
254,23,QUINTANA ROO,BENITO JUAREZ,,4,30,664,265,0.3990963855421687,0.6009036144578312,MORENA,89,0.33584905660377357,12,0.045283018867924525,PVEM,77,0.29056603773584905,44,0.1660377358490566,MC,33,0.12452830188679245,MORENA,89,0.33584905660377357,12,0.045283018867924525,PVEM,77,0.29056603773584905,44,0.1660377358490566,MC,33,0.12452830188679245,26,0.09811320754716982,8,0.03018867924528302,3,0.011320754716981131,77,0.29056603773584905,4,0.01509433962264151,33,0.12452830188679245,89,0.33584905660377357,7,0.026415094339622643,3,0.011320754716981131,3,0.011320754716981131,1,0.0037735849056603774,1,0.0037735849056603774,0,0.0,0,0.0,0,0.0,0,0.0,0,0.0,0,0.0,1,0.0037735849056603774,0,0.0,1,0.0037735849056603774,0,0.0,0,0.0,0,0.0,0,0.0,0,0.0,8,0.03018867924528302,265,1.0,ORIGEN,SECCION,COMPLETO,CATALOGO_INE_2026
255,23,QUINTANA ROO,BENITO JUAREZ,,4,31,736,349,0.4741847826086957,0.5258152173913043,PVEM,118,0.33810888252148996,24,0.06876790830945559,MORENA,94,0.2693409742120344,50,0.14326647564469913,MC,44,0.12607449856733524,PVEM,118,0.33810888252148996,24,0.06876790830945559,MORENA,94,0.2693409742120344,50,0.14326647564469913,MC,44,0.12607449856733524,31,0.08882521489971347,7,0.02005730659025788,4,0.011461318051575931,118,0.33810888252148996,6,0.017191977077363897,44,0.12607449856733524,94,0.2693409742120344,18,0.05157593123209169,2,0.0057306590257879654,2,0.0057306590257879654,0,0.0,2,0.0057306590257879654,0,0.0,0,0.0,0,0.0,2,0.0057306590257879654,0,0.0,0,0.0,0,0.0,0,0.0,1,0.0028653295128939827,0,0.0,0,0.0,0,0.0,1,0.0028653295128939827,0,0.0,17,0.04871060171919771,349,1.0,ORIGEN,SECCION,COMPLETO,CATALOGO_INE_2026
256,23,QUINTANA ROO,BENITO JUAREZ,,4,32,981,387,0.3944954128440367,0.6055045871559632,PVEM,138,0.35658914728682173,32,0.082687338501292,MORENA,106,0.2739018087855297,50,0.12919896640826872,MC,56,0.14470284237726097,PVEM,138,0.35658914728682173,32,0.082687338501292,MORENA,106,0.2739018087855297,50,0.12919896640826872,MC,56,0.14470284237726097,25,0.06459948320413436,4,0.0103359173126615,3,0.007751937984496124,138,0.35658914728682173,12,0.031007751937984496,56,0.14470284237726097,106,0.2739018087855297,12,0.031007751937984496,1,0.002583979328165375,5,0.012919896640826873,0,0.0,0,0.0,1,0.002583979328165375,0,0.0,1,0.002583979328165375,0,0.0,0,0.0,1,0.002583979328165375,0,0.0,0,0.0,4,0.0103359173126615,0,0.0,0,0.0,0,0.0,0,0.0,0,0.0,18,0.046511627906976744,387,1.0,ORIGEN,SECCION,COMPLETO,CATALOGO_INE_2026
257,23,QUINTANA ROO,BENITO JUAREZ,,4,33,585,220,0.37606837606837606,0.6239316239316239,PVEM,72,0.32727272727272727,6,0.02727272727272727,MORENA,66,0.3,41,0.18636363636363637,MC,25,0.11363636363636363,PVEM,72,0.32727272727272727,6,0.02727272727272727,MORENA,66,0.3,41,0.18636363636363637,MC,25,0.11363636363636363,16,0.07272727272727272,10,0.045454545454545456,4,0.01818181818181818,72,0.32727272727272727,3,0.013636363636363636,25,0.11363636363636363,66,0.3,5,0.022727272727272728,1,0.004545454545454545,3,0.013636363636363636,0,0.0,1,0.004545454545454545,0,0.0,0,0.0,0,0.0,0,0.0,0,0.0,0,0.0,0,0.0,0,0.0,1,0.004545454545454545,0,0.0,0,0.0,0,0.0,1,0.004545454545454545,1,0.004545454545454545,11,0.05,220,1.0,ORIGEN,SECCION,COMPLETO,CATALOGO_INE_2026
258,23,QUINTANA ROO,BENITO JUAREZ,,4,34,855,347,0.4058479532163743,0.5941520467836257,MORENA,132,0.3804034582132565,53,0.15273775216138327,PVEM,79,0.2276657060518732,37,0.10662824207492795,MC,42,0.12103746397694524,MORENA,132,0.3804034582132565,53,0.15273775216138327,PVEM,79,0.2276657060518732,37,0.10662824207492795,MC,42,0.12103746397694524,26,0.07492795389048991,12,0.0345821325648415,5,0.01440922190201729,79,0.2276657060518732,8,0.023054755043227664,42,0.12103746397694524,132,0.3804034582132565,10,0.02881844380403458,1,0.002881844380403458,4,0.011527377521613832,0,0.0,0,0.0,0,0.0,0,0.0,0,0.0,0,0.0,0,0.0,2,0.005763688760806916,0,0.0,0,0.0,2,0.005763688760806916,0,0.0,2,0.005763688760806916,0,0.0,1,0.002881844380403458,0,0.0,21,0.06051873198847262,347,1.0,ORIGEN,SECCION,COMPLETO,CATALOGO_INE_2026
259,23,QUINTANA ROO,BENITO JUAREZ,,4,35,857,358,0.4177362893815636,0.5822637106184364,PVEM,124,0.3463687150837989,5,0.013966480446927373,MORENA,119,0.3324022346368715,79,0.2206703910614525,MC,40,0.11173184357541899,PVEM,124,0.3463687150837989,5,0.013966480446927373,MORENA,119,0.3324022346368715,79,0.2206703910614525,MC,40,0.11173184357541899,27,0.07541899441340782,6,0.01675977653631285,4,0.0111731843575419,124,0.3463687150837989,3,0.008379888268156424,40,0.11173184357541899,119,0.3324022346368715,9,0.025139664804469275,5,0.013966480446927373,4,0.0111731843575419,1,0.002793296089385475,0,0.0,0,0.0,0,0.0,0,0.0,4,0.0111731843575419,0,0.0,0,0.0,0,0.0,0,0.0,0,0.0,0,0.0,2,0.00558659217877095,0,0.0,0,0.0,0,0.0,10,0.027932960893854747,358,1.0,ORIGEN,SECCION,COMPLETO,CATALOGO_INE_2026
260,23,QUINTANA ROO,BENITO JUAREZ,,4,36,1037,428,0.4127290260366442,0.5872709739633558,MORENA,132,0.308411214953271,14,0.03271028037383177,PVEM,118,0.2757009345794392,62,0.14485981308411214,MC,56,0.1308411214953271,MORENA,132,0.308411214953271,14,0.03271028037383177,PVEM,118,0.2757009345794392,62,0.14485981308411214,MC,56,0.1308411214953271,28,0.06542056074766354,14,0.03271028037383177,6,0.014018691588785047,118,0.2757009345794392,33,0.07710280373831775,56,0.1308411214953271,132,0.308411214953271,10,0.02336448598130841,6,0.014018691588785047,4,0.009345794392523364,0,0.0,0,0.0,0,0.0,1,0.002336448598130841,0,0.0,1,0.002336448598130841,0,0.0,0,0.0,0,0.0,1,0.002336448598130841,5,0.011682242990654205,0,0.0,3,0.007009345794392523,0,0.0,0,0.0,0,0.0,10,0.02336448598130841,428,1.0,ORIGEN,SECCION,COMPLETO,CATALOGO_INE_2026
261,23,QUINTANA ROO,BENITO JUAREZ,,4,37,733,279,0.3806275579809004,0.6193724420190996,MORENA,115,0.4121863799283154,45,0.16129032258064516,PVEM,70,0.25089605734767023,46,0.16487455197132617,MC,24,0.08602150537634409,MORENA,115,0.4121863799283154,45,0.16129032258064516,PVEM,70,0.25089605734767023,46,0.16487455197132617,MC,24,0.08602150537634409,20,0.07168458781362007,8,0.02867383512544803,3,0.010752688172043012,70,0.25089605734767023,7,0.025089605734767026,24,0.08602150537634409,115,0.4121863799283154,6,0.021505376344086023,0,0.0,3,0.010752688172043012,1,0.0035842293906810036,3,0.010752688172043012,0,0.0,0,0.0,2,0.007168458781362007,1,0.0035842293906810036,0,0.0,0,0.0,0,0.0,0,0.0,2,0.007168458781362007,0,0.0,2,0.007168458781362007,0,0.0,1,0.0035842293906810036,0,0.0,11,0.03942652329749104,279,1.0,ORIGEN,SECCION,COMPLETO,CATALOGO_INE_2026
262,23,QUINTANA ROO,BENITO JUAREZ,,4,38,900,294,0.32666666666666666,0.6733333333333333,MORENA,114,0.3877551020408163,51,0.17346938775510204,PVEM,63,0.21428571428571427,21,0.07142857142857142,MC,42,0.14285714285714285,MORENA,114,0.3877551020408163,51,0.17346938775510204,PVEM,63,0.21428571428571427,21,0.07142857142857142,MC,42,0.14285714285714285,22,0.07482993197278912,5,0.017006802721088437,5,0.017006802721088437,63,0.21428571428571427,11,0.03741496598639456,42,0.14285714285714285,114,0.3877551020408163,11,0.03741496598639456,3,0.01020408163265306,0,0.0,0,0.0,0,0.0,0,0.0,1,0.003401360544217687,1,0.003401360544217687,3,0.01020408163265306,0,0.0,0,0.0,0,0.0,0,0.0,6,0.02040816326530612,0,0.0,2,0.006802721088435374,0,0.0,0,0.0,0,0.0,5,0.017006802721088437,294,1.0,ORIGEN,SECCION,COMPLETO,CATALOGO_INE_2026
263,23,QUINTANA ROO,BENITO JUAREZ,,4,39,618,213,0.3446601941747573,0.6553398058252426,MORENA,76,0.3568075117370892,20,0.09389671361502347,PVEM,56,0.26291079812206575,26,0.12206572769953052,MC,30,0.14084507042253522,MORENA,76,0.3568075117370892,20,0.09389671361502347,PVEM,56,0.26291079812206575,26,0.12206572769953052,MC,30,0.14084507042253522,14,0.06572769953051644,5,0.023474178403755867,3,0.014084507042253521,56,0.26291079812206575,3,0.014084507042253521,30,0.14084507042253522,76,0.3568075117370892,9,0.04225352112676056,2,0.009389671361502348,2,0.009389671361502348,1,0.004694835680751174,0,0.0,0,0.0,0,0.0,1,0.004694835680751174,0,0.0,0,0.0,0,0.0,0,0.0,0,0.0,0,0.0,0,0.0,1,0.004694835680751174,0,0.0,0,0.0,0,0.0,10,0.046948356807511735,213,1.0,ORIGEN,SECCION,COMPLETO,CATALOGO_INE_2026
264,23,QUINTANA ROO,BENITO JUAREZ,,4,40,1065,311,0.292018779342723,0.707981220657277,MORENA,109,0.3504823151125402,36,0.1157556270096463,PVEM,73,0.2347266881028939,21,0.06752411575562701,MC,52,0.16720257234726688,MORENA,109,0.3504823151125402,36,0.1157556270096463,PVEM,73,0.2347266881028939,21,0.06752411575562701,MC,52,0.16720257234726688,19,0.06109324758842444,8,0.02572347266881029,5,0.01607717041800643,73,0.2347266881028939,9,0.028938906752411574,52,0.16720257234726688,109,0.3504823151125402,15,0.04823151125401929,5,0.01607717041800643,5,0.01607717041800643,1,0.003215434083601286,0,0.0,0,0.0,0,0.0,0,0.0,0,0.0,0,0.0,0,0.0,0,0.0,2,0.006430868167202572,1,0.003215434083601286,0,0.0,0,0.0,0,0.0,0,0.0,1,0.003215434083601286,6,0.01929260450160772,311,1.0,ORIGEN,SECCION,COMPLETO,CATALOGO_INE_2026
265,23,QUINTANA ROO,BENITO JUAREZ,,4,41,594,228,0.3838383838383838,0.6161616161616161,PVEM,70,0.30701754385964913,3,0.013157894736842105,MORENA,67,0.29385964912280704,37,0.16228070175438597,MC,30,0.13157894736842105,PVEM,70,0.30701754385964913,3,0.013157894736842105,MORENA,67,0.29385964912280704,37,0.16228070175438597,MC,30,0.13157894736842105,21,0.09210526315789473,4,0.017543859649122806,9,0.039473684210526314,70,0.30701754385964913,3,0.013157894736842105,30,0.13157894736842105,67,0.29385964912280704,3,0.013157894736842105,3,0.013157894736842105,0,0.0,0,0.0,0,0.0,0,0.0,0,0.0,1,0.0043859649122807015,1,0.0043859649122807015,0,0.0,0,0.0,0,0.0,0,0.0,2,0.008771929824561403,0,0.0,3,0.013157894736842105,0,0.0,0,0.0,0,0.0,11,0.04824561403508772,228,1.0,ORIGEN,SECCION,COMPLETO,CATALOGO_INE_2026
266,23,QUINTANA ROO,BENITO JUAREZ,,4,42,687,318,0.462882096069869,0.537117903930131,MORENA,103,0.3238993710691824,13,0.040880503144654086,PVEM,90,0.2830188679245283,49,0.1540880503144654,MC,41,0.1289308176100629,MORENA,103,0.3238993710691824,13,0.040880503144654086,PVEM,90,0.2830188679245283,49,0.1540880503144654,MC,41,0.1289308176100629,23,0.07232704402515723,4,0.012578616352201259,3,0.009433962264150943,90,0.2830188679245283,12,0.03773584905660377,41,0.1289308176100629,103,0.3238993710691824,18,0.05660377358490566,1,0.0031446540880503146,0,0.0,1,0.0031446540880503146,2,0.006289308176100629,0,0.0,0,0.0,0,0.0,0,0.0,1,0.0031446540880503146,0,0.0,0,0.0,0,0.0,3,0.009433962264150943,0,0.0,0,0.0,0,0.0,0,0.0,1,0.0031446540880503146,15,0.04716981132075472,318,1.0,ORIGEN,SECCION,COMPLETO,CATALOGO_INE_2026
267,23,QUINTANA ROO,BENITO JUAREZ,,4,451,1517,430,0.2834541858932103,0.7165458141067897,PVEM,160,0.37209302325581395,55,0.12790697674418605,MORENA,105,0.2441860465116279,53,0.12325581395348838,MC,52,0.12093023255813953,PVEM,160,0.37209302325581395,55,0.12790697674418605,MORENA,105,0.2441860465116279,53,0.12325581395348838,MC,52,0.12093023255813953,33,0.07674418604651163,9,0.020930232558139535,11,0.02558139534883721,160,0.37209302325581395,12,0.027906976744186046,52,0.12093023255813953,105,0.2441860465116279,9,0.020930232558139535,4,0.009302325581395349,3,0.0069767441860465115,2,0.004651162790697674,0,0.0,1,0.002325581395348837,0,0.0,2,0.004651162790697674,0,0.0,0,0.0,0,0.0,0,0.0,0,0.0,5,0.011627906976744186,0,0.0,0,0.0,0,0.0,0,0.0,0,0.0,22,0.05116279069767442,430,1.0,ORIGEN,SECCION,COMPLETO,CATALOGO_INE_2026
268,23,QUINTANA ROO,BENITO JUAREZ,,4,452,1184,426,0.3597972972972973,0.6402027027027026,PVEM,135,0.31690140845070425,14,0.03286384976525822,MORENA,121,0.284037558685446,59,0.13849765258215962,MC,62,0.14553990610328638,PVEM,135,0.31690140845070425,14,0.03286384976525822,MORENA,121,0.284037558685446,59,0.13849765258215962,MC,62,0.14553990610328638,28,0.06572769953051644,8,0.018779342723004695,6,0.014084507042253521,135,0.31690140845070425,8,0.018779342723004695,62,0.14553990610328638,121,0.284037558685446,13,0.03051643192488263,5,0.011737089201877934,2,0.004694835680751174,1,0.002347417840375587,1,0.002347417840375587,0,0.0,0,0.0,1,0.002347417840375587,2,0.004694835680751174,0,0.0,0,0.0,0,0.0,0,0.0,7,0.01643192488262911,0,0.0,1,0.002347417840375587,0,0.0,0,0.0,0,0.0,25,0.05868544600938967,426,1.0,ORIGEN,SECCION,COMPLETO,CATALOGO_INE_2026
269,23,QUINTANA ROO,BENITO JUAREZ,,4,453,999,459,0.4594594594594595,0.5405405405405406,PVEM,151,0.3289760348583878,25,0.054466230936819175,MORENA,126,0.27450980392156865,64,0.1394335511982571,MC,62,0.13507625272331156,PVEM,151,0.3289760348583878,25,0.054466230936819175,MORENA,126,0.27450980392156865,64,0.1394335511982571,MC,62,0.13507625272331156,43,0.09368191721132897,11,0.023965141612200435,7,0.015250544662309368,151,0.3289760348583878,15,0.032679738562091505,62,0.13507625272331156,126,0.27450980392156865,7,0.015250544662309368,5,0.010893246187363835,2,0.004357298474945534,0,0.0,2,0.004357298474945534,0,0.0,0,0.0,1,0.002178649237472767,1,0.002178649237472767,0,0.0,0,0.0,0,0.0,0,0.0,7,0.015250544662309368,0,0.0,1,0.002178649237472767,0,0.0,0,0.0,0,0.0,18,0.0392156862745098,459,1.0,ORIGEN,SECCION,COMPLETO,CATALOGO_INE_2026
270,23,QUINTANA ROO,BENITO JUAREZ,,4,454,1084,453,0.41789667896678967,0.5821033210332103,MORENA,122,0.2693156732891832,10,0.02207505518763797,PVEM,112,0.24724061810154527,46,0.10154525386313466,MC,66,0.1456953642384106,MORENA,122,0.2693156732891832,10,0.02207505518763797,PVEM,112,0.24724061810154527,46,0.10154525386313466,MC,66,0.1456953642384106,44,0.09713024282560706,16,0.03532008830022075,10,0.02207505518763797,112,0.24724061810154527,7,0.01545253863134658,66,0.1456953642384106,122,0.2693156732891832,24,0.052980132450331126,6,0.013245033112582781,7,0.01545253863134658,4,0.008830022075055188,1,0.002207505518763797,0,0.0,0,0.0,0,0.0,3,0.006622516556291391,0,0.0,0,0.0,0,0.0,1,0.002207505518763797,3,0.006622516556291391,0,0.0,4,0.008830022075055188,0,0.0,1,0.002207505518763797,0,0.0,22,0.04856512141280353,453,1.0,ORIGEN,SECCION,COMPLETO,CATALOGO_INE_2026
271,23,QUINTANA ROO,BENITO JUAREZ,,4,455,798,299,0.37468671679197996,0.62531328320802,MORENA,88,0.29431438127090304,16,0.05351170568561873,PVEM,72,0.2408026755852843,32,0.10702341137123746,MC,40,0.13377926421404682,MORENA,88,0.29431438127090304,16,0.05351170568561873,PVEM,72,0.2408026755852843,32,0.10702341137123746,MC,40,0.13377926421404682,38,0.12709030100334448,7,0.023411371237458192,5,0.016722408026755852,72,0.2408026755852843,4,0.013377926421404682,40,0.13377926421404682,88,0.29431438127090304,10,0.033444816053511704,5,0.016722408026755852,1,0.0033444816053511705,3,0.010033444816053512,3,0.010033444816053512,0,0.0,0,0.0,1,0.0033444816053511705,1,0.0033444816053511705,0,0.0,0,0.0,0,0.0,0,0.0,2,0.006688963210702341,0,0.0,1,0.0033444816053511705,0,0.0,0,0.0,0,0.0,18,0.06020066889632107,299,1.0,ORIGEN,SECCION,COMPLETO,CATALOGO_INE_2026
272,23,QUINTANA ROO,BENITO JUAREZ,,4,456,609,269,0.44170771756978655,0.5582922824302134,MORENA,68,0.2527881040892193,7,0.026022304832713755,PVEM,61,0.22676579925650558,25,0.09293680297397769,MC,36,0.13382899628252787,MORENA,68,0.2527881040892193,7,0.026022304832713755,PVEM,61,0.22676579925650558,25,0.09293680297397769,MC,36,0.13382899628252787,27,0.10037174721189591,5,0.01858736059479554,7,0.026022304832713755,61,0.22676579925650558,6,0.022304832713754646,36,0.13382899628252787,68,0.2527881040892193,13,0.048327137546468404,6,0.022304832713754646,4,0.01486988847583643,4,0.01486988847583643,2,0.007434944237918215,2,0.007434944237918215,0,0.0,0,0.0,1,0.0037174721189591076,0,0.0,0,0.0,0,0.0,0,0.0,6,0.022304832713754646,0,0.0,1,0.0037174721189591076,0,0.0,0,0.0,1,0.0037174721189591076,19,0.07063197026022305,269,1.0,ORIGEN,SECCION,COMPLETO,CATALOGO_INE_2026
273,23,QUINTANA ROO,BENITO JUAREZ,,4,457,840,316,0.3761904761904762,0.6238095238095238,MORENA,102,0.3227848101265823,39,0.12341772151898735,PVEM,63,0.19936708860759494,19,0.060126582278481014,MC,44,0.13924050632911392,MORENA,102,0.3227848101265823,39,0.12341772151898735,PVEM,63,0.19936708860759494,19,0.060126582278481014,MC,44,0.13924050632911392,35,0.11075949367088607,12,0.0379746835443038,8,0.02531645569620253,63,0.19936708860759494,10,0.03164556962025317,44,0.13924050632911392,102,0.3227848101265823,14,0.04430379746835443,8,0.02531645569620253,7,0.022151898734177215,1,0.0031645569620253164,1,0.0031645569620253164,0,0.0,0,0.0,0,0.0,0,0.0,0,0.0,1,0.0031645569620253164,0,0.0,0,0.0,2,0.006329113924050633,0,0.0,0,0.0,0,0.0,0,0.0,0,0.0,8,0.02531645569620253,316,1.0,ORIGEN,SECCION,COMPLETO,CATALOGO_INE_2026
274,23,QUINTANA ROO,BENITO JUAREZ,,4,458,1039,426,0.41000962463907603,0.5899903753609239,MORENA,156,0.36619718309859156,60,0.14084507042253522,PVEM,96,0.22535211267605634,32,0.07511737089201878,MC,64,0.15023474178403756,MORENA,156,0.36619718309859156,60,0.14084507042253522,PVEM,96,0.22535211267605634,32,0.07511737089201878,MC,64,0.15023474178403756,21,0.04929577464788732,15,0.035211267605633804,5,0.011737089201877934,96,0.22535211267605634,13,0.03051643192488263,64,0.15023474178403756,156,0.36619718309859156,12,0.028169014084507043,6,0.014084507042253521,3,0.007042253521126761,1,0.002347417840375587,1,0.002347417840375587,2,0.004694835680751174,0,0.0,0,0.0,1,0.002347417840375587,0,0.0,0,0.0,0,0.0,1,0.002347417840375587,3,0.007042253521126761,0,0.0,2,0.004694835680751174,0,0.0,0,0.0,0,0.0,24,0.056338028169014086,426,1.0,ORIGEN,SECCION,COMPLETO,CATALOGO_INE_2026
275,23,QUINTANA ROO,BENITO JUAREZ,,4,459,723,287,0.3969571230982019,0.6030428769017981,PVEM,89,0.31010452961672474,1,0.003484320557491289,MORENA,88,0.30662020905923343,48,0.1672473867595819,MC,40,0.13937282229965156,PVEM,89,0.31010452961672474,1,0.003484320557491289,MORENA,88,0.30662020905923343,48,0.1672473867595819,MC,40,0.13937282229965156,24,0.08362369337979095,4,0.013937282229965157,1,0.003484320557491289,89,0.31010452961672474,11,0.03832752613240418,40,0.13937282229965156,88,0.30662020905923343,8,0.027874564459930314,3,0.010452961672473868,2,0.006968641114982578,0,0.0,2,0.006968641114982578,2,0.006968641114982578,0,0.0,0,0.0,0,0.0,0,0.0,1,0.003484320557491289,0,0.0,0,0.0,1,0.003484320557491289,0,0.0,0,0.0,0,0.0,0,0.0,0,0.0,11,0.03832752613240418,287,1.0,ORIGEN,SECCION,COMPLETO,CATALOGO_INE_2026
276,23,QUINTANA ROO,BENITO JUAREZ,,4,460,1126,456,0.4049733570159858,0.5950266429840142,MORENA,159,0.34868421052631576,27,0.05921052631578947,PVEM,132,0.2894736842105263,73,0.1600877192982456,MC,59,0.12938596491228072,MORENA,159,0.34868421052631576,27,0.05921052631578947,PVEM,132,0.2894736842105263,73,0.1600877192982456,MC,59,0.12938596491228072,33,0.07236842105263158,4,0.008771929824561403,4,0.008771929824561403,132,0.2894736842105263,13,0.02850877192982456,59,0.12938596491228072,159,0.34868421052631576,12,0.02631578947368421,4,0.008771929824561403,1,0.0021929824561403508,1,0.0021929824561403508,0,0.0,0,0.0,0,0.0,1,0.0021929824561403508,0,0.0,0,0.0,1,0.0021929824561403508,0,0.0,1,0.0021929824561403508,5,0.010964912280701754,0,0.0,1,0.0021929824561403508,0,0.0,0,0.0,1,0.0021929824561403508,24,0.05263157894736842,456,1.0,ORIGEN,SECCION,COMPLETO,CATALOGO_INE_2026
277,23,QUINTANA ROO,BENITO JUAREZ,,4,461,481,230,0.4781704781704782,0.5218295218295218,PVEM,108,0.46956521739130436,46,0.2,MORENA,62,0.26956521739130435,47,0.20434782608695654,MC,15,0.06521739130434782,PVEM,108,0.46956521739130436,46,0.2,MORENA,62,0.26956521739130435,47,0.20434782608695654,MC,15,0.06521739130434782,14,0.06086956521739131,3,0.013043478260869565,0,0.0,108,0.46956521739130436,2,0.008695652173913044,15,0.06521739130434782,62,0.26956521739130435,7,0.030434782608695653,0,0.0,1,0.004347826086956522,0,0.0,0,0.0,0,0.0,0,0.0,0,0.0,0,0.0,0,0.0,0,0.0,0,0.0,0,0.0,0,0.0,0,0.0,0,0.0,0,0.0,0,0.0,0,0.0,18,0.0782608695652174,230,1.0,ORIGEN,SECCION,COMPLETO,CATALOGO_INE_2026
278,23,QUINTANA ROO,BENITO JUAREZ,,4,462,481,182,0.3783783783783784,0.6216216216216216,PVEM,56,0.3076923076923077,6,0.03296703296703297,MORENA,50,0.27472527472527475,27,0.14835164835164835,PAN,23,0.12637362637362637,PVEM,56,0.3076923076923077,6,0.03296703296703297,MORENA,50,0.27472527472527475,27,0.14835164835164835,PAN,23,0.12637362637362637,23,0.12637362637362637,4,0.02197802197802198,5,0.027472527472527472,56,0.3076923076923077,4,0.02197802197802198,22,0.12087912087912088,50,0.27472527472527475,2,0.01098901098901099,3,0.016483516483516484,1,0.005494505494505495,0,0.0,0,0.0,0,0.0,0,0.0,0,0.0,0,0.0,0,0.0,0,0.0,0,0.0,0,0.0,0,0.0,0,0.0,0,0.0,0,0.0,1,0.005494505494505495,0,0.0,11,0.06043956043956044,182,1.0,ORIGEN,SECCION,COMPLETO,CATALOGO_INE_2026
279,23,QUINTANA ROO,BENITO JUAREZ,,4,463,693,319,0.4603174603174603,0.5396825396825398,MORENA,95,0.29780564263322884,7,0.0219435736677116,PVEM,88,0.27586206896551724,44,0.13793103448275862,MC,44,0.13793103448275862,MORENA,95,0.29780564263322884,7,0.0219435736677116,PVEM,88,0.27586206896551724,44,0.13793103448275862,MC,44,0.13793103448275862,37,0.11598746081504702,2,0.006269592476489028,3,0.009404388714733543,88,0.27586206896551724,10,0.03134796238244514,44,0.13793103448275862,95,0.29780564263322884,11,0.034482758620689655,2,0.006269592476489028,0,0.0,2,0.006269592476489028,2,0.006269592476489028,1,0.003134796238244514,0,0.0,1,0.003134796238244514,1,0.003134796238244514,0,0.0,0,0.0,0,0.0,1,0.003134796238244514,7,0.0219435736677116,0,0.0,0,0.0,0,0.0,0,0.0,1,0.003134796238244514,11,0.034482758620689655,319,1.0,ORIGEN,SECCION,COMPLETO,CATALOGO_INE_2026
280,23,QUINTANA ROO,BENITO JUAREZ,,4,464,521,236,0.45297504798464494,0.5470249520153551,MORENA,78,0.3305084745762712,5,0.0211864406779661,PVEM,73,0.3093220338983051,52,0.22033898305084745,PAN,21,0.08898305084745763,MORENA,78,0.3305084745762712,5,0.0211864406779661,PVEM,73,0.3093220338983051,52,0.22033898305084745,PAN,21,0.08898305084745763,21,0.08898305084745763,4,0.01694915254237288,2,0.00847457627118644,73,0.3093220338983051,3,0.012711864406779662,20,0.0847457627118644,78,0.3305084745762712,4,0.01694915254237288,6,0.025423728813559324,2,0.00847457627118644,1,0.00423728813559322,0,0.0,1,0.00423728813559322,0,0.0,0,0.0,1,0.00423728813559322,0,0.0,0,0.0,0,0.0,0,0.0,5,0.0211864406779661,1,0.00423728813559322,0,0.0,0,0.0,0,0.0,0,0.0,14,0.059322033898305086,236,1.0,ORIGEN,SECCION,COMPLETO,CATALOGO_INE_2026
281,23,QUINTANA ROO,BENITO JUAREZ,,4,465,590,232,0.39322033898305087,0.6067796610169491,MORENA,83,0.3577586206896552,41,0.17672413793103448,MC,42,0.1810344827586207,5,0.021551724137931036,PVEM,37,0.15948275862068967,MORENA,83,0.3577586206896552,41,0.17672413793103448,MC,42,0.1810344827586207,5,0.021551724137931036,PVEM,37,0.15948275862068967,19,0.08189655172413793,9,0.03879310344827586,4,0.017241379310344827,37,0.15948275862068967,8,0.034482758620689655,42,0.1810344827586207,83,0.3577586206896552,13,0.05603448275862069,1,0.004310344827586207,3,0.01293103448275862,1,0.004310344827586207,0,0.0,0,0.0,0,0.0,2,0.008620689655172414,0,0.0,0,0.0,0,0.0,0,0.0,0,0.0,0,0.0,0,0.0,0,0.0,0,0.0,0,0.0,0,0.0,10,0.04310344827586207,232,1.0,ORIGEN,SECCION,COMPLETO,CATALOGO_INE_2026
282,23,QUINTANA ROO,BENITO JUAREZ,,4,466,621,241,0.38808373590982287,0.6119162640901772,PVEM,98,0.4066390041493776,23,0.0954356846473029,MORENA,75,0.3112033195020747,39,0.16182572614107885,MC,36,0.14937759336099585,PVEM,98,0.4066390041493776,23,0.0954356846473029,MORENA,75,0.3112033195020747,39,0.16182572614107885,MC,36,0.14937759336099585,13,0.05394190871369295,2,0.008298755186721992,4,0.016597510373443983,98,0.4066390041493776,4,0.016597510373443983,36,0.14937759336099585,75,0.3112033195020747,1,0.004149377593360996,3,0.012448132780082987,1,0.004149377593360996,1,0.004149377593360996,0,0.0,1,0.004149377593360996,0,0.0,0,0.0,0,0.0,0,0.0,0,0.0,0,0.0,0,0.0,2,0.008298755186721992,0,0.0,0,0.0,0,0.0,0,0.0,0,0.0,0,0.0,241,1.0,ORIGEN,SECCION,COMPLETO,CATALOGO_INE_2026
283,23,QUINTANA ROO,BENITO JUAREZ,,4,467,433,148,0.3418013856812933,0.6581986143187066,MORENA,45,0.30405405405405406,9,0.060810810810810814,PVEM,36,0.24324324324324326,6,0.04054054054054054,MC,30,0.20270270270270271,MORENA,45,0.30405405405405406,9,0.060810810810810814,PVEM,36,0.24324324324324326,6,0.04054054054054054,MC,30,0.20270270270270271,11,0.07432432432432433,5,0.033783783783783786,1,0.006756756756756757,36,0.24324324324324326,1,0.006756756756756757,30,0.20270270270270271,45,0.30405405405405406,6,0.04054054054054054,2,0.013513513513513514,0,0.0,1,0.006756756756756757,0,0.0,0,0.0,0,0.0,0,0.0,1,0.006756756756756757,0,0.0,0,0.0,0,0.0,0,0.0,2,0.013513513513513514,0,0.0,0,0.0,0,0.0,0,0.0,0,0.0,7,0.0472972972972973,148,1.0,ORIGEN,SECCION,COMPLETO,CATALOGO_INE_2026
284,23,QUINTANA ROO,BENITO JUAREZ,,4,468,485,201,0.4144329896907217,0.5855670103092783,MORENA,57,0.2835820895522388,4,0.01990049751243781,PVEM,53,0.263681592039801,12,0.05970149253731343,MC,41,0.20398009950248755,MORENA,57,0.2835820895522388,4,0.01990049751243781,PVEM,53,0.263681592039801,12,0.05970149253731343,MC,41,0.20398009950248755,18,0.08955223880597014,5,0.024875621890547265,1,0.004975124378109453,53,0.263681592039801,1,0.004975124378109453,41,0.20398009950248755,57,0.2835820895522388,10,0.04975124378109453,0,0.0,0,0.0,0,0.0,0,0.0,0,0.0,0,0.0,0,0.0,0,0.0,0,0.0,0,0.0,0,0.0,2,0.009950248756218905,0,0.0,0,0.0,1,0.004975124378109453,0,0.0,0,0.0,0,0.0,12,0.05970149253731343,201,1.0,ORIGEN,SECCION,COMPLETO,CATALOGO_INE_2026
285,23,QUINTANA ROO,BENITO JUAREZ,,4,469,534,225,0.42134831460674155,0.5786516853932584,PVEM,87,0.38666666666666666,30,0.13333333333333333,MORENA,57,0.25333333333333335,31,0.13777777777777778,MC,26,0.11555555555555555,PVEM,87,0.38666666666666666,30,0.13333333333333333,MORENA,57,0.25333333333333335,31,0.13777777777777778,MC,26,0.11555555555555555,13,0.057777777777777775,5,0.022222222222222223,5,0.022222222222222223,87,0.38666666666666666,2,0.008888888888888889,26,0.11555555555555555,57,0.25333333333333335,3,0.013333333333333334,4,0.017777777777777778,7,0.03111111111111111,0,0.0,1,0.0044444444444444444,0,0.0,0,0.0,0,0.0,1,0.0044444444444444444,0,0.0,0,0.0,0,0.0,0,0.0,2,0.008888888888888889,0,0.0,0,0.0,0,0.0,0,0.0,0,0.0,12,0.05333333333333334,225,1.0,ORIGEN,SECCION,COMPLETO,CATALOGO_INE_2026
286,23,QUINTANA ROO,BENITO JUAREZ,,4,470,592,301,0.5084459459459459,0.49155405405405406,PVEM,105,0.3488372093023256,31,0.10299003322259136,MORENA,74,0.24584717607973422,27,0.08970099667774087,MC,47,0.15614617940199335,PVEM,105,0.3488372093023256,31,0.10299003322259136,MORENA,74,0.24584717607973422,27,0.08970099667774087,MC,47,0.15614617940199335,33,0.10963455149501661,13,0.04318936877076412,4,0.013289036544850499,105,0.3488372093023256,3,0.009966777408637873,47,0.15614617940199335,74,0.24584717607973422,5,0.016611295681063124,5,0.016611295681063124,4,0.013289036544850499,0,0.0,0,0.0,0,0.0,0,0.0,0,0.0,1,0.0033222591362126247,0,0.0,0,0.0,0,0.0,0,0.0,0,0.0,0,0.0,0,0.0,0,0.0,0,0.0,0,0.0,7,0.023255813953488372,301,1.0,ORIGEN,SECCION,COMPLETO,CATALOGO_INE_2026
287,23,QUINTANA ROO,BENITO JUAREZ,,4,471,659,279,0.4233687405159332,0.5766312594840668,MORENA,96,0.34408602150537637,36,0.12903225806451613,PVEM,60,0.21505376344086022,17,0.06093189964157706,MC,43,0.15412186379928317,MORENA,96,0.34408602150537637,36,0.12903225806451613,PVEM,60,0.21505376344086022,17,0.06093189964157706,MC,43,0.15412186379928317,26,0.0931899641577061,6,0.021505376344086023,3,0.010752688172043012,60,0.21505376344086022,8,0.02867383512544803,43,0.15412186379928317,96,0.34408602150537637,12,0.043010752688172046,5,0.017921146953405017,3,0.010752688172043012,1,0.0035842293906810036,0,0.0,0,0.0,0,0.0,0,0.0,0,0.0,0,0.0,1,0.0035842293906810036,0,0.0,0,0.0,0,0.0,4,0.014336917562724014,1,0.0035842293906810036,0,0.0,0,0.0,0,0.0,10,0.035842293906810034,279,1.0,ORIGEN,SECCION,COMPLETO,CATALOGO_INE_2026
288,23,QUINTANA ROO,BENITO JUAREZ,,4,472,1486,560,0.3768506056527591,0.6231493943472409,PVEM,182,0.325,45,0.08035714285714286,MORENA,137,0.24464285714285713,62,0.11071428571428571,MC,75,0.13392857142857142,PVEM,182,0.325,45,0.08035714285714286,MORENA,137,0.24464285714285713,62,0.11071428571428571,MC,75,0.13392857142857142,39,0.06964285714285715,22,0.039285714285714285,16,0.02857142857142857,182,0.325,11,0.019642857142857142,75,0.13392857142857142,137,0.24464285714285713,15,0.026785714285714284,7,0.0125,15,0.026785714285714284,2,0.0035714285714285713,0,0.0,3,0.005357142857142857,0,0.0,0,0.0,0,0.0,0,0.0,0,0.0,0,0.0,1,0.0017857142857142857,4,0.007142857142857143,0,0.0,0,0.0,0,0.0,0,0.0,3,0.005357142857142857,28,0.05,560,1.0,ORIGEN,SECCION,COMPLETO,CATALOGO_INE_2026
289,23,QUINTANA ROO,BENITO JUAREZ,,4,473,1159,517,0.4460742018981881,0.553925798101812,PVEM,230,0.4448742746615087,118,0.22823984526112184,MORENA,112,0.21663442940038685,61,0.11798839458413926,MC,51,0.09864603481624758,PVEM,230,0.4448742746615087,118,0.22823984526112184,MORENA,112,0.21663442940038685,61,0.11798839458413926,MC,51,0.09864603481624758,34,0.06576402321083172,12,0.02321083172147002,5,0.009671179883945842,230,0.4448742746615087,7,0.013539651837524178,51,0.09864603481624758,112,0.21663442940038685,19,0.0367504835589942,3,0.005802707930367505,3,0.005802707930367505,1,0.0019342359767891683,1,0.0019342359767891683,0,0.0,0,0.0,0,0.0,1,0.0019342359767891683,0,0.0,0,0.0,0,0.0,0,0.0,7,0.013539651837524178,1,0.0019342359767891683,0,0.0,0,0.0,0,0.0,1,0.0019342359767891683,29,0.05609284332688588,517,1.0,ORIGEN,SECCION,COMPLETO,CATALOGO_INE_2026
290,23,QUINTANA ROO,BENITO JUAREZ,,4,474,1394,564,0.40459110473457677,0.5954088952654233,PVEM,200,0.3546099290780142,68,0.12056737588652482,MORENA,132,0.23404255319148937,79,0.1400709219858156,MC,53,0.09397163120567376,PVEM,200,0.3546099290780142,68,0.12056737588652482,MORENA,132,0.23404255319148937,79,0.1400709219858156,MC,53,0.09397163120567376,30,0.05319148936170213,18,0.031914893617021274,12,0.02127659574468085,200,0.3546099290780142,7,0.012411347517730497,53,0.09397163120567376,132,0.23404255319148937,25,0.044326241134751775,7,0.012411347517730497,11,0.01950354609929078,2,0.0035460992907801418,4,0.0070921985815602835,0,0.0,0,0.0,1,0.0017730496453900709,5,0.008865248226950355,0,0.0,0,0.0,0,0.0,0,0.0,3,0.005319148936170213,0,0.0,4,0.0070921985815602835,0,0.0,0,0.0,0,0.0,50,0.08865248226950355,564,1.0,ORIGEN,SECCION,COMPLETO,CATALOGO_INE_2026
291,23,QUINTANA ROO,BENITO JUAREZ,,4,475,1300,534,0.4107692307692308,0.5892307692307692,MORENA,136,0.2546816479400749,4,0.00749063670411985,PVEM,132,0.24719101123595505,44,0.08239700374531835,MC,88,0.1647940074906367,MORENA,136,0.2546816479400749,4,0.00749063670411985,PVEM,132,0.24719101123595505,44,0.08239700374531835,MC,88,0.1647940074906367,46,0.08614232209737828,17,0.031835205992509365,15,0.028089887640449437,132,0.24719101123595505,11,0.020599250936329586,88,0.1647940074906367,136,0.2546816479400749,24,0.0449438202247191,7,0.013108614232209739,5,0.009363295880149813,3,0.0056179775280898875,6,0.011235955056179775,1,0.0018726591760299626,0,0.0,0,0.0,1,0.0018726591760299626,0,0.0,0,0.0,0,0.0,0,0.0,3,0.0056179775280898875,0,0.0,0,0.0,0,0.0,0,0.0,0,0.0,39,0.07303370786516854,534,1.0,ORIGEN,SECCION,COMPLETO,CATALOGO_INE_2026
292,23,QUINTANA ROO,BENITO JUAREZ,,4,476,1077,484,0.44939647168059427,0.5506035283194057,PVEM,144,0.2975206611570248,4,0.008264462809917356,MORENA,140,0.2892561983471074,74,0.15289256198347106,MC,66,0.13636363636363635,PVEM,144,0.2975206611570248,4,0.008264462809917356,MORENA,140,0.2892561983471074,74,0.15289256198347106,MC,66,0.13636363636363635,35,0.07231404958677685,16,0.03305785123966942,5,0.010330578512396695,144,0.2975206611570248,5,0.010330578512396695,66,0.13636363636363635,140,0.2892561983471074,19,0.03925619834710744,4,0.008264462809917356,8,0.01652892561983471,5,0.010330578512396695,0,0.0,2,0.004132231404958678,0,0.0,1,0.002066115702479339,1,0.002066115702479339,0,0.0,0,0.0,0,0.0,0,0.0,4,0.008264462809917356,0,0.0,0,0.0,0,0.0,0,0.0,0,0.0,29,0.05991735537190083,484,1.0,ORIGEN,SECCION,COMPLETO,CATALOGO_INE_2026
293,23,QUINTANA ROO,BENITO JUAREZ,,4,477,1283,518,0.40374123148869834,0.5962587685113017,PVEM,176,0.33976833976833976,31,0.059845559845559844,MORENA,145,0.2799227799227799,67,0.12934362934362933,MC,78,0.15057915057915058,PVEM,176,0.33976833976833976,31,0.059845559845559844,MORENA,145,0.2799227799227799,67,0.12934362934362933,MC,78,0.15057915057915058,31,0.059845559845559844,10,0.019305019305019305,4,0.007722007722007722,176,0.33976833976833976,7,0.013513513513513514,78,0.15057915057915058,145,0.2799227799227799,17,0.032818532818532815,4,0.007722007722007722,2,0.003861003861003861,0,0.0,4,0.007722007722007722,1,0.0019305019305019305,0,0.0,0,0.0,1,0.0019305019305019305,0,0.0,0,0.0,0,0.0,3,0.005791505791505791,4,0.007722007722007722,0,0.0,0,0.0,0,0.0,0,0.0,1,0.0019305019305019305,30,0.05791505791505792,518,1.0,ORIGEN,SECCION,COMPLETO,CATALOGO_INE_2026
294,23,QUINTANA ROO,BENITO JUAREZ,,4,478,1056,482,0.4564393939393939,0.5435606060606061,PVEM,168,0.34854771784232363,28,0.058091286307053944,MORENA,140,0.29045643153526973,89,0.18464730290456433,MC,51,0.10580912863070539,PVEM,168,0.34854771784232363,28,0.058091286307053944,MORENA,140,0.29045643153526973,89,0.18464730290456433,MC,51,0.10580912863070539,34,0.07053941908713693,12,0.024896265560165973,5,0.01037344398340249,168,0.34854771784232363,5,0.01037344398340249,51,0.10580912863070539,140,0.29045643153526973,27,0.056016597510373446,5,0.01037344398340249,3,0.006224066390041493,0,0.0,0,0.0,0,0.0,0,0.0,2,0.004149377593360996,0,0.0,0,0.0,0,0.0,1,0.002074688796680498,0,0.0,3,0.006224066390041493,1,0.002074688796680498,0,0.0,0,0.0,0,0.0,0,0.0,25,0.05186721991701245,482,1.0,ORIGEN,SECCION,COMPLETO,CATALOGO_INE_2026
295,23,QUINTANA ROO,BENITO JUAREZ,,4,479,1006,427,0.42445328031809143,0.5755467196819086,MORENA,158,0.3700234192037471,62,0.1451990632318501,PVEM,96,0.22482435597189696,31,0.07259953161592506,MC,65,0.1522248243559719,MORENA,158,0.3700234192037471,62,0.1451990632318501,PVEM,96,0.22482435597189696,31,0.07259953161592506,MC,65,0.1522248243559719,35,0.08196721311475409,8,0.01873536299765808,6,0.01405152224824356,96,0.22482435597189696,7,0.01639344262295082,65,0.1522248243559719,158,0.3700234192037471,14,0.03278688524590164,6,0.01405152224824356,4,0.00936768149882904,2,0.00468384074941452,0,0.0,0,0.0,0,0.0,1,0.00234192037470726,0,0.0,0,0.0,0,0.0,0,0.0,0,0.0,1,0.00234192037470726,0,0.0,1,0.00234192037470726,0,0.0,0,0.0,0,0.0,23,0.053864168618266976,427,1.0,ORIGEN,SECCION,COMPLETO,CATALOGO_INE_2026
296,23,QUINTANA ROO,BENITO JUAREZ,,4,480,1015,408,0.4019704433497537,0.5980295566502463,MORENA,123,0.3014705882352941,28,0.06862745098039216,PVEM,95,0.23284313725490197,18,0.04411764705882353,MC,77,0.18872549019607843,MORENA,123,0.3014705882352941,28,0.06862745098039216,PVEM,95,0.23284313725490197,18,0.04411764705882353,MC,77,0.18872549019607843,33,0.08088235294117647,15,0.03676470588235294,7,0.01715686274509804,95,0.23284313725490197,8,0.0196078431372549,77,0.18872549019607843,123,0.3014705882352941,17,0.041666666666666664,3,0.007352941176470588,0,0.0,0,0.0,2,0.004901960784313725,2,0.004901960784313725,0,0.0,0,0.0,1,0.0024509803921568627,0,0.0,0,0.0,0,0.0,1,0.0024509803921568627,3,0.007352941176470588,0,0.0,2,0.004901960784313725,0,0.0,0,0.0,1,0.0024509803921568627,18,0.04411764705882353,408,1.0,ORIGEN,SECCION,COMPLETO,CATALOGO_INE_2026
297,23,QUINTANA ROO,BENITO JUAREZ,,4,481,1325,572,0.4316981132075472,0.5683018867924527,MORENA,190,0.3321678321678322,49,0.08566433566433566,PVEM,141,0.2465034965034965,48,0.08391608391608392,MC,93,0.16258741258741258,MORENA,190,0.3321678321678322,49,0.08566433566433566,PVEM,141,0.2465034965034965,48,0.08391608391608392,MC,93,0.16258741258741258,40,0.06993006993006994,13,0.022727272727272728,6,0.01048951048951049,141,0.2465034965034965,5,0.008741258741258742,93,0.16258741258741258,190,0.3321678321678322,17,0.02972027972027972,12,0.02097902097902098,8,0.013986013986013986,0,0.0,0,0.0,0,0.0,1,0.0017482517482517483,0,0.0,1,0.0017482517482517483,0,0.0,0,0.0,0,0.0,0,0.0,6,0.01048951048951049,0,0.0,1,0.0017482517482517483,0,0.0,0,0.0,0,0.0,38,0.06643356643356643,572,1.0,ORIGEN,SECCION,COMPLETO,CATALOGO_INE_2026
298,23,QUINTANA ROO,BENITO JUAREZ,,4,482,666,285,0.42792792792792794,0.572072072072072,PVEM,120,0.42105263157894735,41,0.14385964912280702,MORENA,79,0.2771929824561403,54,0.18947368421052632,MC,25,0.08771929824561403,PVEM,120,0.42105263157894735,41,0.14385964912280702,MORENA,79,0.2771929824561403,54,0.18947368421052632,MC,25,0.08771929824561403,17,0.05964912280701754,5,0.017543859649122806,2,0.007017543859649123,120,0.42105263157894735,2,0.007017543859649123,25,0.08771929824561403,79,0.2771929824561403,8,0.028070175438596492,2,0.007017543859649123,0,0.0,1,0.0035087719298245615,1,0.0035087719298245615,0,0.0,0,0.0,0,0.0,1,0.0035087719298245615,0,0.0,2,0.007017543859649123,0,0.0,2,0.007017543859649123,3,0.010526315789473684,0,0.0,1,0.0035087719298245615,0,0.0,0,0.0,0,0.0,14,0.04912280701754386,285,1.0,ORIGEN,SECCION,COMPLETO,CATALOGO_INE_2026
299,23,QUINTANA ROO,BENITO JUAREZ,,4,483,899,402,0.4471635150166852,0.5528364849833147,PVEM,147,0.3656716417910448,33,0.08208955223880597,MORENA,114,0.2835820895522388,62,0.15422885572139303,MC,52,0.12935323383084577,PVEM,147,0.3656716417910448,33,0.08208955223880597,MORENA,114,0.2835820895522388,62,0.15422885572139303,MC,52,0.12935323383084577,28,0.06965174129353234,4,0.009950248756218905,3,0.007462686567164179,147,0.3656716417910448,2,0.004975124378109453,52,0.12935323383084577,114,0.2835820895522388,12,0.029850746268656716,4,0.009950248756218905,2,0.004975124378109453,1,0.0024875621890547263,0,0.0,1,0.0024875621890547263,0,0.0,4,0.009950248756218905,1,0.0024875621890547263,0,0.0,0,0.0,1,0.0024875621890547263,0,0.0,4,0.009950248756218905,0,0.0,1,0.0024875621890547263,0,0.0,0,0.0,0,0.0,21,0.05223880597014925,402,1.0,ORIGEN,SECCION,COMPLETO,CATALOGO_INE_2026
300,23,QUINTANA ROO,BENITO JUAREZ,,4,484,1069,456,0.42656688493919553,0.5734331150608045,PVEM,195,0.4276315789473684,109,0.23903508771929824,MORENA,86,0.18859649122807018,43,0.09429824561403509,MC,43,0.09429824561403509,PVEM,195,0.4276315789473684,109,0.23903508771929824,MORENA,86,0.18859649122807018,43,0.09429824561403509,MC,43,0.09429824561403509,26,0.05701754385964912,2,0.0043859649122807015,10,0.021929824561403508,195,0.4276315789473684,8,0.017543859649122806,43,0.09429824561403509,86,0.18859649122807018,13,0.02850877192982456,11,0.02412280701754386,4,0.008771929824561403,0,0.0,0,0.0,0,0.0,0,0.0,1,0.0021929824561403508,2,0.0043859649122807015,0,0.0,0,0.0,0,0.0,2,0.0043859649122807015,4,0.008771929824561403,0,0.0,0,0.0,0,0.0,0,0.0,0,0.0,49,0.1074561403508772,456,1.0,ORIGEN,SECCION,COMPLETO,CATALOGO_INE_2026
301,23,QUINTANA ROO,BENITO JUAREZ,,4,485,988,409,0.4139676113360324,0.5860323886639676,MORENA,131,0.3202933985330073,23,0.05623471882640587,PVEM,108,0.26405867970660146,61,0.1491442542787286,MC,47,0.11491442542787286,MORENA,131,0.3202933985330073,23,0.05623471882640587,PVEM,108,0.26405867970660146,61,0.1491442542787286,MC,47,0.11491442542787286,44,0.10757946210268948,10,0.02444987775061125,8,0.019559902200488997,108,0.26405867970660146,6,0.014669926650366748,47,0.11491442542787286,131,0.3202933985330073,15,0.03667481662591687,11,0.02689486552567237,1,0.0024449877750611247,0,0.0,0,0.0,0,0.0,0,0.0,0,0.0,2,0.004889975550122249,0,0.0,0,0.0,0,0.0,0,0.0,1,0.0024449877750611247,0,0.0,0,0.0,0,0.0,0,0.0,0,0.0,25,0.061124694376528114,409,1.0,ORIGEN,SECCION,COMPLETO,CATALOGO_INE_2026
302,23,QUINTANA ROO,BENITO JUAREZ,,4,486,790,341,0.4316455696202532,0.5683544303797468,PVEM,138,0.4046920821114369,54,0.15835777126099707,MORENA,84,0.24633431085043989,51,0.1495601173020528,MC,33,0.0967741935483871,PVEM,138,0.4046920821114369,54,0.15835777126099707,MORENA,84,0.24633431085043989,51,0.1495601173020528,MC,33,0.0967741935483871,31,0.09090909090909091,3,0.008797653958944282,4,0.011730205278592375,138,0.4046920821114369,8,0.02346041055718475,33,0.0967741935483871,84,0.24633431085043989,6,0.017595307917888565,7,0.020527859237536656,5,0.01466275659824047,1,0.002932551319648094,1,0.002932551319648094,0,0.0,0,0.0,0,0.0,3,0.008797653958944282,0,0.0,0,0.0,0,0.0,0,0.0,4,0.011730205278592375,2,0.005865102639296188,0,0.0,0,0.0,0,0.0,0,0.0,11,0.03225806451612903,341,1.0,ORIGEN,SECCION,COMPLETO,CATALOGO_INE_2026
303,23,QUINTANA ROO,BENITO JUAREZ,,4,487,767,330,0.4302477183833116,0.5697522816166884,PVEM,116,0.3515151515151515,38,0.11515151515151516,MORENA,78,0.23636363636363636,14,0.04242424242424243,MC,64,0.19393939393939394,PVEM,116,0.3515151515151515,38,0.11515151515151516,MORENA,78,0.23636363636363636,14,0.04242424242424243,MC,64,0.19393939393939394,24,0.07272727272727272,3,0.00909090909090909,5,0.015151515151515152,116,0.3515151515151515,8,0.024242424242424242,64,0.19393939393939394,78,0.23636363636363636,6,0.01818181818181818,3,0.00909090909090909,5,0.015151515151515152,1,0.0030303030303030303,0,0.0,0,0.0,0,0.0,1,0.0030303030303030303,1,0.0030303030303030303,1,0.0030303030303030303,1,0.0030303030303030303,0,0.0,0,0.0,1,0.0030303030303030303,0,0.0,2,0.006060606060606061,0,0.0,0,0.0,0,0.0,10,0.030303030303030304,330,1.0,ORIGEN,SECCION,COMPLETO,CATALOGO_INE_2026
304,23,QUINTANA ROO,BENITO JUAREZ,,4,488,681,331,0.48604992657856094,0.5139500734214391,MORENA,99,0.2990936555891239,26,0.07854984894259819,PVEM,73,0.22054380664652568,26,0.07854984894259819,MC,47,0.1419939577039275,MORENA,99,0.2990936555891239,26,0.07854984894259819,PVEM,73,0.22054380664652568,26,0.07854984894259819,MC,47,0.1419939577039275,41,0.12386706948640483,9,0.027190332326283987,3,0.00906344410876133,73,0.22054380664652568,13,0.03927492447129909,47,0.1419939577039275,99,0.2990936555891239,11,0.03323262839879154,6,0.01812688821752266,7,0.021148036253776436,1,0.0030211480362537764,2,0.006042296072507553,0,0.0,0,0.0,0,0.0,1,0.0030211480362537764,0,0.0,0,0.0,0,0.0,1,0.0030211480362537764,1,0.0030211480362537764,0,0.0,1,0.0030211480362537764,0,0.0,0,0.0,0,0.0,15,0.045317220543806644,331,1.0,ORIGEN,SECCION,COMPLETO,CATALOGO_INE_2026
305,23,QUINTANA ROO,BENITO JUAREZ,,4,489,678,317,0.46755162241887904,0.532448377581121,MORENA,102,0.3217665615141956,19,0.05993690851735016,PVEM,83,0.2618296529968454,35,0.11041009463722397,MC,48,0.15141955835962145,MORENA,102,0.3217665615141956,19,0.05993690851735016,PVEM,83,0.2618296529968454,35,0.11041009463722397,MC,48,0.15141955835962145,28,0.08832807570977919,6,0.01892744479495268,4,0.012618296529968454,83,0.2618296529968454,3,0.00946372239747634,48,0.15141955835962145,102,0.3217665615141956,9,0.028391167192429023,5,0.015772870662460567,1,0.0031545741324921135,0,0.0,2,0.006309148264984227,0,0.0,0,0.0,2,0.006309148264984227,1,0.0031545741324921135,0,0.0,0,0.0,0,0.0,0,0.0,1,0.0031545741324921135,0,0.0,3,0.00946372239747634,0,0.0,0,0.0,3,0.00946372239747634,16,0.050473186119873815,317,1.0,ORIGEN,SECCION,COMPLETO,CATALOGO_INE_2026
306,23,QUINTANA ROO,BENITO JUAREZ,,4,490,730,327,0.44794520547945205,0.552054794520548,PVEM,103,0.3149847094801223,7,0.021406727828746176,MORENA,96,0.29357798165137616,60,0.1834862385321101,MC,36,0.11009174311926606,PVEM,103,0.3149847094801223,7,0.021406727828746176,MORENA,96,0.29357798165137616,60,0.1834862385321101,MC,36,0.11009174311926606,22,0.0672782874617737,12,0.03669724770642202,3,0.009174311926605505,103,0.3149847094801223,10,0.03058103975535168,36,0.11009174311926606,96,0.29357798165137616,11,0.03363914373088685,6,0.01834862385321101,2,0.0061162079510703364,0,0.0,1,0.0030581039755351682,2,0.0061162079510703364,0,0.0,0,0.0,2,0.0061162079510703364,0,0.0,1,0.0030581039755351682,0,0.0,0,0.0,1,0.0030581039755351682,0,0.0,1,0.0030581039755351682,0,0.0,0,0.0,0,0.0,18,0.05504587155963303,327,1.0,ORIGEN,SECCION,COMPLETO,CATALOGO_INE_2026
307,23,QUINTANA ROO,BENITO JUAREZ,,5,21,942,360,0.3821656050955414,0.6178343949044586,MORENA,110,0.3055555555555556,38,0.10555555555555556,PVEM,72,0.2,22,0.06111111111111111,PAN,50,0.1388888888888889,MORENA,110,0.3055555555555556,38,0.10555555555555556,PVEM,72,0.2,22,0.06111111111111111,PAN,50,0.1388888888888889,50,0.1388888888888889,12,0.03333333333333333,9,0.025,72,0.2,9,0.025,46,0.12777777777777777,110,0.3055555555555556,18,0.05,3,0.008333333333333333,1,0.002777777777777778,3,0.008333333333333333,4,0.011111111111111112,0,0.0,0,0.0,2,0.005555555555555556,2,0.005555555555555556,0,0.0,0,0.0,0,0.0,1,0.002777777777777778,2,0.005555555555555556,0,0.0,0,0.0,0,0.0,0,0.0,0,0.0,16,0.044444444444444446,360,1.0,ORIGEN,SECCION,COMPLETO,CATALOGO_INE_2026
308,23,QUINTANA ROO,BENITO JUAREZ,,5,22,1005,363,0.3611940298507463,0.6388059701492537,MORENA,129,0.35537190082644626,64,0.1763085399449036,MC,65,0.1790633608815427,5,0.013774104683195593,PVEM,60,0.1652892561983471,MORENA,129,0.35537190082644626,64,0.1763085399449036,MC,65,0.1790633608815427,5,0.013774104683195593,PVEM,60,0.1652892561983471,45,0.12396694214876033,5,0.013774104683195593,4,0.011019283746556474,60,0.1652892561983471,6,0.01652892561983471,65,0.1790633608815427,129,0.35537190082644626,20,0.05509641873278237,2,0.005509641873278237,3,0.008264462809917356,1,0.0027548209366391185,1,0.0027548209366391185,0,0.0,0,0.0,0,0.0,1,0.0027548209366391185,1,0.0027548209366391185,0,0.0,0,0.0,0,0.0,1,0.0027548209366391185,0,0.0,1,0.0027548209366391185,0,0.0,0,0.0,1,0.0027548209366391185,17,0.046831955922865015,363,1.0,ORIGEN,SECCION,COMPLETO,CATALOGO_INE_2026
309,23,QUINTANA ROO,BENITO JUAREZ,,5,23,738,214,0.2899728997289973,0.7100271002710027,PVEM,75,0.35046728971962615,31,0.14485981308411214,MC,44,0.205607476635514,17,0.0794392523364486,PAN,27,0.1261682242990654,PVEM,75,0.35046728971962615,31,0.14485981308411214,MC,44,0.205607476635514,17,0.0794392523364486,PAN,27,0.1261682242990654,27,0.1261682242990654,12,0.056074766355140186,4,0.018691588785046728,75,0.35046728971962615,3,0.014018691588785047,44,0.205607476635514,20,0.09345794392523364,1,0.004672897196261682,1,0.004672897196261682,0,0.0,1,0.004672897196261682,1,0.004672897196261682,0,0.0,0,0.0,1,0.004672897196261682,0,0.0,0,0.0,0,0.0,0,0.0,0,0.0,0,0.0,0,0.0,1,0.004672897196261682,0,0.0,1,0.004672897196261682,1,0.004672897196261682,21,0.09813084112149532,214,1.0,ORIGEN,SECCION,COMPLETO,CATALOGO_INE_2026
310,23,QUINTANA ROO,BENITO JUAREZ,,5,24,1120,424,0.37857142857142856,0.6214285714285714,MORENA,118,0.2783018867924528,32,0.07547169811320754,MC,86,0.2028301886792453,26,0.06132075471698113,PAN,60,0.14150943396226415,MORENA,118,0.2783018867924528,32,0.07547169811320754,MC,86,0.2028301886792453,26,0.06132075471698113,PAN,60,0.14150943396226415,60,0.14150943396226415,29,0.06839622641509434,8,0.018867924528301886,59,0.1391509433962264,11,0.025943396226415096,86,0.2028301886792453,118,0.2783018867924528,22,0.05188679245283019,4,0.009433962264150943,4,0.009433962264150943,1,0.0023584905660377358,2,0.0047169811320754715,0,0.0,0,0.0,3,0.007075471698113208,2,0.0047169811320754715,0,0.0,0,0.0,0,0.0,1,0.0023584905660377358,2,0.0047169811320754715,0,0.0,3,0.007075471698113208,0,0.0,0,0.0,0,0.0,9,0.02122641509433962,424,1.0,ORIGEN,SECCION,COMPLETO,CATALOGO_INE_2026
311,23,QUINTANA ROO,BENITO JUAREZ,,5,25,672,246,0.36607142857142855,0.6339285714285714,MORENA,105,0.4268292682926829,65,0.26422764227642276,MC,40,0.16260162601626016,3,0.012195121951219513,PVEM,37,0.15040650406504066,MORENA,105,0.4268292682926829,65,0.26422764227642276,MC,40,0.16260162601626016,3,0.012195121951219513,PVEM,37,0.15040650406504066,24,0.0975609756097561,8,0.032520325203252036,4,0.016260162601626018,37,0.15040650406504066,3,0.012195121951219513,40,0.16260162601626016,105,0.4268292682926829,3,0.012195121951219513,1,0.0040650406504065045,6,0.024390243902439025,0,0.0,0,0.0,1,0.0040650406504065045,0,0.0,1,0.0040650406504065045,0,0.0,0,0.0,0,0.0,0,0.0,0,0.0,1,0.0040650406504065045,0,0.0,0,0.0,0,0.0,0,0.0,0,0.0,12,0.04878048780487805,246,1.0,ORIGEN,SECCION,COMPLETO,CATALOGO_INE_2026
312,23,QUINTANA ROO,BENITO JUAREZ,,5,26,685,254,0.3708029197080292,0.6291970802919709,MORENA,78,0.30708661417322836,26,0.10236220472440945,PVEM,52,0.2047244094488189,12,0.047244094488188976,MC,40,0.15748031496062992,MORENA,78,0.30708661417322836,26,0.10236220472440945,PVEM,52,0.2047244094488189,12,0.047244094488188976,MC,40,0.15748031496062992,38,0.14960629921259844,11,0.04330708661417323,2,0.007874015748031496,52,0.2047244094488189,7,0.027559055118110236,40,0.15748031496062992,78,0.30708661417322836,5,0.01968503937007874,1,0.003937007874015748,1,0.003937007874015748,1,0.003937007874015748,3,0.011811023622047244,0,0.0,0,0.0,1,0.003937007874015748,1,0.003937007874015748,0,0.0,0,0.0,0,0.0,0,0.0,1,0.003937007874015748,0,0.0,0,0.0,0,0.0,0,0.0,0,0.0,12,0.047244094488188976,254,1.0,ORIGEN,SECCION,COMPLETO,CATALOGO_INE_2026
313,23,QUINTANA ROO,BENITO JUAREZ,,5,27,978,389,0.39775051124744376,0.6022494887525562,MORENA,113,0.29048843187660667,37,0.09511568123393316,PVEM,76,0.1953727506426735,8,0.02056555269922879,PAN,68,0.17480719794344474,MORENA,113,0.29048843187660667,37,0.09511568123393316,PVEM,76,0.1953727506426735,8,0.02056555269922879,PAN,68,0.17480719794344474,68,0.17480719794344474,18,0.04627249357326478,2,0.005141388174807198,76,0.1953727506426735,13,0.033419023136246784,50,0.12853470437017994,113,0.29048843187660667,18,0.04627249357326478,3,0.007712082262210797,1,0.002570694087403599,2,0.005141388174807198,0,0.0,1,0.002570694087403599,0,0.0,0,0.0,2,0.005141388174807198,0,0.0,0,0.0,0,0.0,0,0.0,2,0.005141388174807198,0,0.0,3,0.007712082262210797,2,0.005141388174807198,0,0.0,0,0.0,15,0.038560411311053984,389,1.0,ORIGEN,SECCION,COMPLETO,CATALOGO_INE_2026
314,23,QUINTANA ROO,BENITO JUAREZ,,5,28,1092,491,0.44963369963369965,0.5503663003663004,MORENA,173,0.35234215885947046,65,0.13238289205702647,PVEM,108,0.219959266802444,44,0.08961303462321792,MC,64,0.13034623217922606,MORENA,173,0.35234215885947046,65,0.13238289205702647,PVEM,108,0.219959266802444,44,0.08961303462321792,MC,64,0.13034623217922606,42,0.0855397148676171,11,0.02240325865580448,10,0.020366598778004074,108,0.219959266802444,6,0.012219959266802444,64,0.13034623217922606,173,0.35234215885947046,32,0.06517311608961303,3,0.006109979633401222,5,0.010183299389002037,2,0.004073319755600814,2,0.004073319755600814,0,0.0,0,0.0,0,0.0,1,0.002036659877800407,0,0.0,0,0.0,0,0.0,1,0.002036659877800407,2,0.004073319755600814,0,0.0,1,0.002036659877800407,0,0.0,3,0.006109979633401222,1,0.002036659877800407,24,0.048879837067209775,491,1.0,ORIGEN,SECCION,COMPLETO,CATALOGO_INE_2026
315,23,QUINTANA ROO,BENITO JUAREZ,,5,43,856,425,0.49649532710280375,0.5035046728971962,MORENA,165,0.38823529411764707,81,0.19058823529411764,MC,84,0.1976470588235294,14,0.03294117647058824,PVEM,70,0.16470588235294117,MORENA,165,0.38823529411764707,81,0.19058823529411764,MC,84,0.1976470588235294,14,0.03294117647058824,PVEM,70,0.16470588235294117,24,0.05647058823529412,16,0.03764705882352941,4,0.009411764705882352,70,0.16470588235294117,8,0.018823529411764704,84,0.1976470588235294,165,0.38823529411764707,17,0.04,2,0.004705882352941176,10,0.023529411764705882,0,0.0,1,0.002352941176470588,0,0.0,0,0.0,1,0.002352941176470588,0,0.0,0,0.0,0,0.0,1,0.002352941176470588,0,0.0,0,0.0,0,0.0,2,0.004705882352941176,0,0.0,1,0.002352941176470588,0,0.0,19,0.04470588235294118,425,1.0,ORIGEN,SECCION,COMPLETO,CATALOGO_INE_2026
316,23,QUINTANA ROO,BENITO JUAREZ,,5,44,1179,432,0.366412213740458,0.633587786259542,MORENA,166,0.38425925925925924,83,0.19212962962962962,PVEM,83,0.19212962962962962,22,0.05092592592592592,MC,61,0.1412037037037037,MORENA,166,0.38425925925925924,83,0.19212962962962962,PVEM,83,0.19212962962962962,22,0.05092592592592592,MC,61,0.1412037037037037,53,0.12268518518518519,9,0.020833333333333332,5,0.011574074074074073,83,0.19212962962962962,6,0.013888888888888888,61,0.1412037037037037,166,0.38425925925925924,15,0.034722222222222224,1,0.0023148148148148147,5,0.011574074074074073,1,0.0023148148148148147,2,0.004629629629629629,1,0.0023148148148148147,0,0.0,0,0.0,0,0.0,0,0.0,0,0.0,0,0.0,0,0.0,0,0.0,1,0.0023148148148148147,1,0.0023148148148148147,2,0.004629629629629629,0,0.0,2,0.004629629629629629,18,0.041666666666666664,432,1.0,ORIGEN,SECCION,COMPLETO,CATALOGO_INE_2026
317,23,QUINTANA ROO,BENITO JUAREZ,,5,45,1129,454,0.4021257750221435,0.5978742249778566,MORENA,161,0.35462555066079293,66,0.14537444933920704,MC,95,0.2092511013215859,25,0.05506607929515418,PAN,70,0.15418502202643172,MORENA,161,0.35462555066079293,66,0.14537444933920704,MC,95,0.2092511013215859,25,0.05506607929515418,PAN,70,0.15418502202643172,70,0.15418502202643172,15,0.03303964757709251,22,0.048458149779735685,38,0.08370044052863436,8,0.01762114537444934,95,0.2092511013215859,161,0.35462555066079293,13,0.028634361233480177,5,0.011013215859030838,6,0.013215859030837005,0,0.0,0,0.0,0,0.0,0,0.0,1,0.0022026431718061676,0,0.0,0,0.0,0,0.0,0,0.0,0,0.0,1,0.0022026431718061676,0,0.0,4,0.00881057268722467,0,0.0,1,0.0022026431718061676,1,0.0022026431718061676,13,0.028634361233480177,454,1.0,ORIGEN,SECCION,COMPLETO,CATALOGO_INE_2026
318,23,QUINTANA ROO,BENITO JUAREZ,,5,57,1639,594,0.3624161073825503,0.6375838926174497,MORENA,187,0.3148148148148148,69,0.11616161616161616,PAN,118,0.19865319865319866,3,0.005050505050505051,MC,115,0.1936026936026936,MORENA,187,0.3148148148148148,69,0.11616161616161616,PAN,118,0.19865319865319866,3,0.005050505050505051,MC,115,0.1936026936026936,118,0.19865319865319866,38,0.06397306397306397,5,0.008417508417508417,55,0.09259259259259259,12,0.020202020202020204,115,0.1936026936026936,187,0.3148148148148148,22,0.037037037037037035,5,0.008417508417508417,8,0.013468013468013467,1,0.0016835016835016834,0,0.0,0,0.0,0,0.0,2,0.003367003367003367,1,0.0016835016835016834,0,0.0,0,0.0,0,0.0,0,0.0,0,0.0,0,0.0,5,0.008417508417508417,0,0.0,1,0.0016835016835016834,0,0.0,19,0.03198653198653199,594,1.0,ORIGEN,SECCION,COMPLETO,CATALOGO_INE_2026
319,23,QUINTANA ROO,BENITO JUAREZ,,5,58,675,296,0.43851851851851853,0.5614814814814815,MORENA,107,0.3614864864864865,55,0.1858108108108108,PAN,52,0.17567567567567569,7,0.02364864864864865,MC,45,0.15202702702702703,MORENA,107,0.3614864864864865,55,0.1858108108108108,PAN,52,0.17567567567567569,7,0.02364864864864865,MC,45,0.15202702702702703,52,0.17567567567567569,12,0.04054054054054054,8,0.02702702702702703,43,0.14527027027027026,1,0.0033783783783783786,45,0.15202702702702703,107,0.3614864864864865,6,0.02027027027027027,1,0.0033783783783783786,4,0.013513513513513514,2,0.006756756756756757,0,0.0,0,0.0,0,0.0,0,0.0,1,0.0033783783783783786,0,0.0,0,0.0,0,0.0,0,0.0,4,0.013513513513513514,0,0.0,0,0.0,0,0.0,0,0.0,0,0.0,10,0.033783783783783786,296,1.0,ORIGEN,SECCION,COMPLETO,CATALOGO_INE_2026
320,23,QUINTANA ROO,BENITO JUAREZ,,5,59,1108,404,0.36462093862815886,0.6353790613718411,MORENA,150,0.3712871287128713,77,0.1905940594059406,MC,73,0.1806930693069307,6,0.01485148514851485,PAN,67,0.16584158415841585,MORENA,150,0.3712871287128713,77,0.1905940594059406,MC,73,0.1806930693069307,6,0.01485148514851485,PAN,67,0.16584158415841585,67,0.16584158415841585,20,0.04950495049504951,7,0.017326732673267328,34,0.08415841584158416,8,0.019801980198019802,73,0.1806930693069307,150,0.3712871287128713,21,0.05198019801980198,3,0.007425742574257425,3,0.007425742574257425,2,0.0049504950495049506,2,0.0049504950495049506,1,0.0024752475247524753,0,0.0,0,0.0,0,0.0,1,0.0024752475247524753,0,0.0,0,0.0,0,0.0,2,0.0049504950495049506,1,0.0024752475247524753,1,0.0024752475247524753,1,0.0024752475247524753,2,0.0049504950495049506,1,0.0024752475247524753,4,0.009900990099009901,404,1.0,ORIGEN,SECCION,COMPLETO,CATALOGO_INE_2026
321,23,QUINTANA ROO,BENITO JUAREZ,,5,60,1560,617,0.3955128205128205,0.6044871794871796,MORENA,207,0.3354943273905997,78,0.12641815235008103,PVEM,129,0.20907617504051865,43,0.06969205834683954,MC,86,0.1393841166936791,MORENA,207,0.3354943273905997,78,0.12641815235008103,PVEM,129,0.20907617504051865,43,0.06969205834683954,MC,86,0.1393841166936791,79,0.1280388978930308,17,0.027552674230145867,10,0.01620745542949757,129,0.20907617504051865,12,0.019448946515397084,86,0.1393841166936791,207,0.3354943273905997,32,0.05186385737439222,5,0.008103727714748784,5,0.008103727714748784,3,0.004862236628849271,1,0.0016207455429497568,0,0.0,0,0.0,1,0.0016207455429497568,0,0.0,0,0.0,1,0.0016207455429497568,1,0.0016207455429497568,1,0.0016207455429497568,3,0.004862236628849271,0,0.0,1,0.0016207455429497568,0,0.0,2,0.0032414910858995136,0,0.0,21,0.03403565640194489,617,1.0,ORIGEN,SECCION,COMPLETO,CATALOGO_INE_2026
322,23,QUINTANA ROO,BENITO JUAREZ,,5,61,911,397,0.43578485181119647,0.5642151481888036,MORENA,132,0.33249370277078083,61,0.15365239294710328,MC,71,0.17884130982367757,10,0.02518891687657431,PAN,61,0.15365239294710328,MORENA,132,0.33249370277078083,61,0.15365239294710328,MC,71,0.17884130982367757,10,0.02518891687657431,PAN,61,0.15365239294710328,61,0.15365239294710328,15,0.037783375314861464,4,0.010075566750629723,51,0.12846347607052896,13,0.0327455919395466,71,0.17884130982367757,132,0.33249370277078083,18,0.04534005037783375,3,0.007556675062972292,2,0.005037783375314861,0,0.0,1,0.0025188916876574307,0,0.0,0,0.0,3,0.007556675062972292,1,0.0025188916876574307,0,0.0,1,0.0025188916876574307,0,0.0,0,0.0,0,0.0,0,0.0,0,0.0,0,0.0,1,0.0025188916876574307,0,0.0,20,0.05037783375314862,397,1.0,ORIGEN,SECCION,COMPLETO,CATALOGO_INE_2026
323,23,QUINTANA ROO,BENITO JUAREZ,,5,62,928,417,0.44935344827586204,0.5506465517241379,MORENA,146,0.3501199040767386,69,0.16546762589928057,PVEM,77,0.18465227817745802,7,0.016786570743405275,MC,70,0.16786570743405277,MORENA,146,0.3501199040767386,69,0.16546762589928057,PVEM,77,0.18465227817745802,7,0.016786570743405275,MC,70,0.16786570743405277,49,0.11750599520383694,14,0.03357314148681055,7,0.016786570743405275,77,0.18465227817745802,5,0.011990407673860911,70,0.16786570743405277,146,0.3501199040767386,19,0.045563549160671464,3,0.007194244604316547,6,0.014388489208633094,1,0.002398081534772182,0,0.0,0,0.0,0,0.0,2,0.004796163069544364,0,0.0,0,0.0,0,0.0,0,0.0,0,0.0,1,0.002398081534772182,5,0.011990407673860911,0,0.0,0,0.0,0,0.0,0,0.0,12,0.02877697841726619,417,1.0,ORIGEN,SECCION,COMPLETO,CATALOGO_INE_2026
324,23,QUINTANA ROO,BENITO JUAREZ,,5,63,743,306,0.41184387617765816,0.5881561238223418,MORENA,108,0.35294117647058826,49,0.16013071895424835,PVEM,59,0.19281045751633988,18,0.058823529411764705,MC,41,0.13398692810457516,MORENA,108,0.35294117647058826,49,0.16013071895424835,PVEM,59,0.19281045751633988,18,0.058823529411764705,MC,41,0.13398692810457516,29,0.09477124183006536,10,0.032679738562091505,2,0.006535947712418301,59,0.19281045751633988,6,0.0196078431372549,41,0.13398692810457516,108,0.35294117647058826,21,0.06862745098039216,1,0.0032679738562091504,7,0.02287581699346405,2,0.006535947712418301,0,0.0,0,0.0,0,0.0,3,0.00980392156862745,0,0.0,1,0.0032679738562091504,0,0.0,0,0.0,0,0.0,1,0.0032679738562091504,0,0.0,1,0.0032679738562091504,0,0.0,1,0.0032679738562091504,0,0.0,13,0.042483660130718956,306,1.0,ORIGEN,SECCION,COMPLETO,CATALOGO_INE_2026
325,23,QUINTANA ROO,BENITO JUAREZ,,5,64,876,372,0.4246575342465753,0.5753424657534247,MORENA,139,0.3736559139784946,62,0.16666666666666666,PVEM,77,0.20698924731182797,24,0.06451612903225806,MC,53,0.1424731182795699,MORENA,139,0.3736559139784946,62,0.16666666666666666,PVEM,77,0.20698924731182797,24,0.06451612903225806,MC,53,0.1424731182795699,40,0.10752688172043011,10,0.026881720430107527,6,0.016129032258064516,77,0.20698924731182797,5,0.013440860215053764,53,0.1424731182795699,139,0.3736559139784946,6,0.016129032258064516,6,0.016129032258064516,3,0.008064516129032258,1,0.002688172043010753,1,0.002688172043010753,0,0.0,0,0.0,1,0.002688172043010753,1,0.002688172043010753,0,0.0,1,0.002688172043010753,0,0.0,0,0.0,0,0.0,0,0.0,2,0.005376344086021506,0,0.0,1,0.002688172043010753,0,0.0,19,0.051075268817204304,372,1.0,ORIGEN,SECCION,COMPLETO,CATALOGO_INE_2026
326,23,QUINTANA ROO,BENITO JUAREZ,,5,65,1012,359,0.3547430830039526,0.6452569169960474,MORENA,133,0.37047353760445684,73,0.20334261838440112,MC,60,0.1671309192200557,2,0.005571030640668524,PVEM,58,0.1615598885793872,MORENA,133,0.37047353760445684,73,0.20334261838440112,MC,60,0.1671309192200557,2,0.005571030640668524,PVEM,58,0.1615598885793872,44,0.12256267409470752,7,0.019498607242339833,6,0.016713091922005572,58,0.1615598885793872,6,0.016713091922005572,60,0.1671309192200557,133,0.37047353760445684,18,0.05013927576601671,2,0.005571030640668524,3,0.008356545961002786,1,0.002785515320334262,1,0.002785515320334262,0,0.0,0,0.0,1,0.002785515320334262,1,0.002785515320334262,1,0.002785515320334262,0,0.0,1,0.002785515320334262,1,0.002785515320334262,0,0.0,0,0.0,1,0.002785515320334262,0,0.0,1,0.002785515320334262,0,0.0,13,0.036211699164345405,359,1.0,ORIGEN,SECCION,COMPLETO,CATALOGO_INE_2026
327,23,QUINTANA ROO,BENITO JUAREZ,,5,66,651,198,0.30414746543778803,0.695852534562212,MORENA,61,0.30808080808080807,10,0.050505050505050504,PVEM,51,0.25757575757575757,22,0.1111111111111111,MC,29,0.14646464646464646,MORENA,61,0.30808080808080807,10,0.050505050505050504,PVEM,51,0.25757575757575757,22,0.1111111111111111,MC,29,0.14646464646464646,21,0.10606060606060606,2,0.010101010101010102,4,0.020202020202020204,51,0.25757575757575757,5,0.025252525252525252,29,0.14646464646464646,61,0.30808080808080807,3,0.015151515151515152,2,0.010101010101010102,1,0.005050505050505051,1,0.005050505050505051,2,0.010101010101010102,1,0.005050505050505051,0,0.0,0,0.0,0,0.0,0,0.0,0,0.0,0,0.0,0,0.0,0,0.0,0,0.0,4,0.020202020202020204,0,0.0,0,0.0,0,0.0,11,0.05555555555555555,198,1.0,ORIGEN,SECCION,COMPLETO,CATALOGO_INE_2026
328,23,QUINTANA ROO,BENITO JUAREZ,,5,67,723,241,0.3333333333333333,0.6666666666666667,MORENA,82,0.34024896265560167,34,0.14107883817427386,PVEM,48,0.1991701244813278,20,0.08298755186721991,MC,28,0.11618257261410789,MORENA,82,0.34024896265560167,34,0.14107883817427386,PVEM,48,0.1991701244813278,20,0.08298755186721991,MC,28,0.11618257261410789,22,0.0912863070539419,5,0.02074688796680498,6,0.024896265560165973,48,0.1991701244813278,7,0.029045643153526972,28,0.11618257261410789,82,0.34024896265560167,10,0.04149377593360996,3,0.012448132780082987,0,0.0,1,0.004149377593360996,2,0.008298755186721992,0,0.0,0,0.0,3,0.012448132780082987,1,0.004149377593360996,0,0.0,0,0.0,0,0.0,2,0.008298755186721992,1,0.004149377593360996,0,0.0,0,0.0,0,0.0,0,0.0,0,0.0,20,0.08298755186721991,241,1.0,ORIGEN,SECCION,COMPLETO,CATALOGO_INE_2026
329,23,QUINTANA ROO,BENITO JUAREZ,,5,68,742,234,0.31536388140161725,0.6846361185983827,MORENA,81,0.34615384615384615,42,0.1794871794871795,MC,39,0.16666666666666666,11,0.04700854700854701,PAN,28,0.11965811965811966,MORENA,81,0.34615384615384615,42,0.1794871794871795,MC,39,0.16666666666666666,11,0.04700854700854701,PAN,28,0.11965811965811966,28,0.11965811965811966,11,0.04700854700854701,2,0.008547008547008548,23,0.09829059829059829,3,0.01282051282051282,39,0.16666666666666666,81,0.34615384615384615,21,0.08974358974358974,2,0.008547008547008548,4,0.017094017094017096,1,0.004273504273504274,2,0.008547008547008548,0,0.0,0,0.0,2,0.008547008547008548,3,0.01282051282051282,0,0.0,1,0.004273504273504274,0,0.0,0,0.0,3,0.01282051282051282,0,0.0,0,0.0,0,0.0,0,0.0,0,0.0,8,0.03418803418803419,234,1.0,ORIGEN,SECCION,COMPLETO,CATALOGO_INE_2026
330,23,QUINTANA ROO,BENITO JUAREZ,,5,69,580,207,0.3568965517241379,0.6431034482758621,MORENA,76,0.3671497584541063,32,0.15458937198067632,MC,44,0.21256038647342995,23,0.1111111111111111,PAN,21,0.10144927536231885,MORENA,76,0.3671497584541063,32,0.15458937198067632,MC,44,0.21256038647342995,23,0.1111111111111111,PAN,21,0.10144927536231885,21,0.10144927536231885,5,0.024154589371980676,2,0.00966183574879227,20,0.0966183574879227,12,0.057971014492753624,44,0.21256038647342995,76,0.3671497584541063,5,0.024154589371980676,1,0.004830917874396135,1,0.004830917874396135,0,0.0,0,0.0,0,0.0,0,0.0,0,0.0,3,0.014492753623188406,0,0.0,0,0.0,0,0.0,0,0.0,1,0.004830917874396135,0,0.0,3,0.014492753623188406,0,0.0,0,0.0,2,0.00966183574879227,11,0.05314009661835749,207,1.0,ORIGEN,SECCION,COMPLETO,CATALOGO_INE_2026
331,23,QUINTANA ROO,BENITO JUAREZ,,5,76,1829,692,0.37834882449425916,0.6216511755057408,MORENA,219,0.31647398843930635,67,0.0968208092485549,PAN,152,0.21965317919075145,23,0.033236994219653176,MC,129,0.18641618497109827,MORENA,219,0.31647398843930635,67,0.0968208092485549,PAN,152,0.21965317919075145,23,0.033236994219653176,MC,129,0.18641618497109827,152,0.21965317919075145,35,0.05057803468208093,13,0.01878612716763006,50,0.07225433526011561,9,0.01300578034682081,129,0.18641618497109827,219,0.31647398843930635,18,0.02601156069364162,12,0.017341040462427744,8,0.011560693641618497,1,0.001445086705202312,4,0.005780346820809248,2,0.002890173410404624,0,0.0,3,0.004335260115606936,1,0.001445086705202312,0,0.0,1,0.001445086705202312,1,0.001445086705202312,0,0.0,3,0.004335260115606936,1,0.001445086705202312,2,0.002890173410404624,0,0.0,1,0.001445086705202312,1,0.001445086705202312,26,0.03757225433526012,692,1.0,ORIGEN,SECCION,COMPLETO,CATALOGO_INE_2026
332,23,QUINTANA ROO,BENITO JUAREZ,,5,77,949,341,0.35932560590094836,0.6406743940990516,MORENA,108,0.31671554252199413,27,0.07917888563049853,PAN,81,0.2375366568914956,27,0.07917888563049853,MC,54,0.15835777126099707,MORENA,108,0.31671554252199413,27,0.07917888563049853,PAN,81,0.2375366568914956,27,0.07917888563049853,MC,54,0.15835777126099707,81,0.2375366568914956,19,0.05571847507331378,8,0.02346041055718475,22,0.06451612903225806,4,0.011730205278592375,54,0.15835777126099707,108,0.31671554252199413,20,0.05865102639296188,3,0.008797653958944282,2,0.005865102639296188,1,0.002932551319648094,0,0.0,0,0.0,0,0.0,1,0.002932551319648094,1,0.002932551319648094,0,0.0,0,0.0,0,0.0,0,0.0,1,0.002932551319648094,0,0.0,0,0.0,0,0.0,0,0.0,3,0.008797653958944282,13,0.03812316715542522,341,1.0,ORIGEN,SECCION,COMPLETO,CATALOGO_INE_2026
333,23,QUINTANA ROO,BENITO JUAREZ,,5,78,1088,446,0.4099264705882353,0.5900735294117647,MORENA,163,0.3654708520179372,81,0.18161434977578475,MC,82,0.18385650224215247,5,0.011210762331838564,PAN,77,0.1726457399103139,MORENA,163,0.3654708520179372,81,0.18161434977578475,MC,82,0.18385650224215247,5,0.011210762331838564,PAN,77,0.1726457399103139,77,0.1726457399103139,15,0.033632286995515695,7,0.01569506726457399,42,0.09417040358744394,2,0.004484304932735426,82,0.18385650224215247,163,0.3654708520179372,19,0.042600896860986545,4,0.008968609865470852,4,0.008968609865470852,1,0.002242152466367713,2,0.004484304932735426,0,0.0,0,0.0,2,0.004484304932735426,2,0.004484304932735426,0,0.0,0,0.0,0,0.0,0,0.0,4,0.008968609865470852,0,0.0,2,0.004484304932735426,0,0.0,0,0.0,0,0.0,18,0.04035874439461883,446,1.0,ORIGEN,SECCION,COMPLETO,CATALOGO_INE_2026
334,23,QUINTANA ROO,BENITO JUAREZ,,5,79,991,347,0.3501513622603431,0.6498486377396568,MORENA,128,0.3688760806916426,72,0.207492795389049,PVEM,56,0.16138328530259366,7,0.020172910662824207,MC,49,0.14121037463976946,MORENA,128,0.3688760806916426,72,0.207492795389049,PVEM,56,0.16138328530259366,7,0.020172910662824207,MC,49,0.14121037463976946,37,0.10662824207492795,17,0.04899135446685879,7,0.020172910662824207,56,0.16138328530259366,3,0.008645533141210375,49,0.14121037463976946,128,0.3688760806916426,22,0.06340057636887608,5,0.01440922190201729,3,0.008645533141210375,1,0.002881844380403458,1,0.002881844380403458,1,0.002881844380403458,0,0.0,4,0.011527377521613832,2,0.005763688760806916,0,0.0,0,0.0,0,0.0,0,0.0,3,0.008645533141210375,0,0.0,0,0.0,0,0.0,0,0.0,0,0.0,8,0.023054755043227664,347,1.0,ORIGEN,SECCION,COMPLETO,CATALOGO_INE_2026
335,23,QUINTANA ROO,BENITO JUAREZ,,5,80,745,279,0.374496644295302,0.6255033557046981,MORENA,108,0.3870967741935484,48,0.17204301075268819,PVEM,60,0.21505376344086022,21,0.07526881720430108,MC,39,0.13978494623655913,MORENA,108,0.3870967741935484,48,0.17204301075268819,PVEM,60,0.21505376344086022,21,0.07526881720430108,MC,39,0.13978494623655913,23,0.08243727598566308,10,0.035842293906810034,2,0.007168458781362007,60,0.21505376344086022,7,0.025089605734767026,39,0.13978494623655913,108,0.3870967741935484,11,0.03942652329749104,2,0.007168458781362007,4,0.014336917562724014,0,0.0,0,0.0,0,0.0,0,0.0,0,0.0,0,0.0,0,0.0,0,0.0,0,0.0,0,0.0,0,0.0,0,0.0,1,0.0035842293906810036,0,0.0,0,0.0,0,0.0,12,0.043010752688172046,279,1.0,ORIGEN,SECCION,COMPLETO,CATALOGO_INE_2026
336,23,QUINTANA ROO,BENITO JUAREZ,,5,81,818,309,0.37775061124694376,0.6222493887530562,MORENA,98,0.31715210355987056,40,0.12944983818770225,PVEM,58,0.18770226537216828,7,0.022653721682847898,MC,51,0.1650485436893204,MORENA,98,0.31715210355987056,40,0.12944983818770225,PVEM,58,0.18770226537216828,7,0.022653721682847898,MC,51,0.1650485436893204,33,0.10679611650485436,9,0.02912621359223301,8,0.025889967637540454,58,0.18770226537216828,4,0.012944983818770227,51,0.1650485436893204,98,0.31715210355987056,9,0.02912621359223301,10,0.032362459546925564,3,0.009708737864077669,0,0.0,1,0.003236245954692557,0,0.0,0,0.0,0,0.0,2,0.006472491909385114,0,0.0,0,0.0,0,0.0,0,0.0,4,0.012944983818770227,0,0.0,2,0.006472491909385114,0,0.0,1,0.003236245954692557,0,0.0,16,0.05177993527508091,309,1.0,ORIGEN,SECCION,COMPLETO,CATALOGO_INE_2026
337,23,QUINTANA ROO,BENITO JUAREZ,,5,82,685,276,0.4029197080291971,0.5970802919708029,MORENA,88,0.3188405797101449,23,0.08333333333333333,PVEM,65,0.23550724637681159,24,0.08695652173913043,MC,41,0.14855072463768115,MORENA,88,0.3188405797101449,23,0.08333333333333333,PVEM,65,0.23550724637681159,24,0.08695652173913043,MC,41,0.14855072463768115,30,0.10869565217391304,6,0.021739130434782608,2,0.007246376811594203,65,0.23550724637681159,8,0.028985507246376812,41,0.14855072463768115,88,0.3188405797101449,4,0.014492753623188406,4,0.014492753623188406,3,0.010869565217391304,0,0.0,0,0.0,0,0.0,0,0.0,0,0.0,0,0.0,1,0.0036231884057971015,0,0.0,0,0.0,0,0.0,2,0.007246376811594203,3,0.010869565217391304,1,0.0036231884057971015,0,0.0,0,0.0,0,0.0,18,0.06521739130434782,276,1.0,ORIGEN,SECCION,COMPLETO,CATALOGO_INE_2026
338,23,QUINTANA ROO,BENITO JUAREZ,,5,83,946,290,0.30655391120507397,0.6934460887949261,MORENA,102,0.35172413793103446,45,0.15517241379310345,PVEM,57,0.19655172413793104,20,0.06896551724137931,MC,37,0.12758620689655173,MORENA,102,0.35172413793103446,45,0.15517241379310345,PVEM,57,0.19655172413793104,20,0.06896551724137931,MC,37,0.12758620689655173,29,0.1,6,0.020689655172413793,8,0.027586206896551724,57,0.19655172413793104,6,0.020689655172413793,37,0.12758620689655173,102,0.35172413793103446,15,0.05172413793103448,3,0.010344827586206896,5,0.017241379310344827,1,0.0034482758620689655,2,0.006896551724137931,0,0.0,0,0.0,1,0.0034482758620689655,1,0.0034482758620689655,0,0.0,0,0.0,0,0.0,0,0.0,3,0.010344827586206896,0,0.0,1,0.0034482758620689655,0,0.0,3,0.010344827586206896,0,0.0,10,0.034482758620689655,290,1.0,ORIGEN,SECCION,COMPLETO,CATALOGO_INE_2026
339,23,QUINTANA ROO,BENITO JUAREZ,,5,84,981,231,0.23547400611620795,0.764525993883792,MORENA,78,0.33766233766233766,16,0.06926406926406926,PVEM,62,0.2683982683982684,26,0.11255411255411256,MC,36,0.15584415584415584,MORENA,78,0.33766233766233766,16,0.06926406926406926,PVEM,62,0.2683982683982684,26,0.11255411255411256,MC,36,0.15584415584415584,27,0.11688311688311688,5,0.021645021645021644,2,0.008658008658008658,62,0.2683982683982684,2,0.008658008658008658,36,0.15584415584415584,78,0.33766233766233766,4,0.017316017316017316,2,0.008658008658008658,1,0.004329004329004329,0,0.0,0,0.0,0,0.0,0,0.0,0,0.0,1,0.004329004329004329,0,0.0,0,0.0,0,0.0,1,0.004329004329004329,0,0.0,0,0.0,1,0.004329004329004329,0,0.0,1,0.004329004329004329,0,0.0,8,0.03463203463203463,231,1.0,ORIGEN,SECCION,COMPLETO,CATALOGO_INE_2026
340,23,QUINTANA ROO,BENITO JUAREZ,,5,98,724,264,0.36464088397790057,0.6353591160220995,MORENA,96,0.36363636363636365,57,0.2159090909090909,PVEM,39,0.14772727272727273,5,0.01893939393939394,MC,34,0.12878787878787878,MORENA,96,0.36363636363636365,57,0.2159090909090909,PVEM,39,0.14772727272727273,5,0.01893939393939394,MC,34,0.12878787878787878,31,0.11742424242424243,9,0.03409090909090909,8,0.030303030303030304,39,0.14772727272727273,6,0.022727272727272728,34,0.12878787878787878,96,0.36363636363636365,12,0.045454545454545456,1,0.003787878787878788,0,0.0,1,0.003787878787878788,0,0.0,0,0.0,0,0.0,3,0.011363636363636364,0,0.0,0,0.0,1,0.003787878787878788,0,0.0,0,0.0,2,0.007575757575757576,0,0.0,3,0.011363636363636364,0,0.0,0,0.0,0,0.0,18,0.06818181818181818,264,1.0,ORIGEN,SECCION,COMPLETO,CATALOGO_INE_2026
341,23,QUINTANA ROO,BENITO JUAREZ,,5,99,586,217,0.3703071672354949,0.629692832764505,MORENA,70,0.3225806451612903,1,0.004608294930875576,PVEM,69,0.31797235023041476,41,0.1889400921658986,MC,28,0.12903225806451613,MORENA,70,0.3225806451612903,1,0.004608294930875576,PVEM,69,0.31797235023041476,41,0.1889400921658986,MC,28,0.12903225806451613,14,0.06451612903225806,9,0.041474654377880185,2,0.009216589861751152,69,0.31797235023041476,3,0.013824884792626729,28,0.12903225806451613,70,0.3225806451612903,10,0.04608294930875576,3,0.013824884792626729,0,0.0,1,0.004608294930875576,0,0.0,0,0.0,0,0.0,1,0.004608294930875576,2,0.009216589861751152,0,0.0,0,0.0,0,0.0,0,0.0,0,0.0,0,0.0,0,0.0,0,0.0,0,0.0,0,0.0,5,0.02304147465437788,217,1.0,ORIGEN,SECCION,COMPLETO,CATALOGO_INE_2026
342,23,QUINTANA ROO,BENITO JUAREZ,,5,100,832,277,0.3329326923076923,0.6670673076923077,MORENA,91,0.3285198555956679,30,0.10830324909747292,PVEM,61,0.22021660649819494,10,0.036101083032490974,PAN,51,0.18411552346570398,MORENA,91,0.3285198555956679,30,0.10830324909747292,PVEM,61,0.22021660649819494,10,0.036101083032490974,PAN,51,0.18411552346570398,51,0.18411552346570398,9,0.032490974729241874,2,0.007220216606498195,61,0.22021660649819494,2,0.007220216606498195,45,0.1624548736462094,91,0.3285198555956679,11,0.039711191335740074,0,0.0,2,0.007220216606498195,0,0.0,0,0.0,0,0.0,0,0.0,0,0.0,0,0.0,0,0.0,0,0.0,0,0.0,0,0.0,0,0.0,0,0.0,0,0.0,0,0.0,0,0.0,0,0.0,3,0.010830324909747292,277,1.0,ORIGEN,SECCION,COMPLETO,CATALOGO_INE_2026
343,23,QUINTANA ROO,BENITO JUAREZ,,5,105,1098,492,0.44808743169398907,0.5519125683060109,MORENA,155,0.3150406504065041,59,0.11991869918699187,PAN,96,0.1951219512195122,16,0.032520325203252036,MC,80,0.16260162601626016,MORENA,155,0.3150406504065041,59,0.11991869918699187,PAN,96,0.1951219512195122,16,0.032520325203252036,MC,80,0.16260162601626016,96,0.1951219512195122,25,0.0508130081300813,4,0.008130081300813009,67,0.13617886178861788,8,0.016260162601626018,80,0.16260162601626016,155,0.3150406504065041,24,0.04878048780487805,4,0.008130081300813009,1,0.0020325203252032522,1,0.0020325203252032522,0,0.0,0,0.0,0,0.0,2,0.0040650406504065045,1,0.0020325203252032522,0,0.0,1,0.0020325203252032522,0,0.0,0,0.0,4,0.008130081300813009,0,0.0,1,0.0020325203252032522,0,0.0,0,0.0,0,0.0,18,0.036585365853658534,492,1.0,ORIGEN,SECCION,COMPLETO,CATALOGO_INE_2026
344,23,QUINTANA ROO,BENITO JUAREZ,,5,106,846,327,0.38652482269503546,0.6134751773049645,MORENA,130,0.39755351681957185,65,0.19877675840978593,PAN,65,0.19877675840978593,1,0.0030581039755351682,MC,64,0.19571865443425077,MORENA,130,0.39755351681957185,65,0.19877675840978593,PAN,65,0.19877675840978593,1,0.0030581039755351682,MC,64,0.19571865443425077,65,0.19877675840978593,15,0.045871559633027525,2,0.0061162079510703364,22,0.0672782874617737,1,0.0030581039755351682,64,0.19571865443425077,130,0.39755351681957185,8,0.024464831804281346,3,0.009174311926605505,4,0.012232415902140673,2,0.0061162079510703364,1,0.0030581039755351682,0,0.0,0,0.0,0,0.0,0,0.0,0,0.0,0,0.0,0,0.0,0,0.0,0,0.0,0,0.0,0,0.0,0,0.0,0,0.0,0,0.0,10,0.03058103975535168,327,1.0,ORIGEN,SECCION,COMPLETO,CATALOGO_INE_2026
345,23,QUINTANA ROO,BENITO JUAREZ,,5,107,1164,494,0.42439862542955326,0.5756013745704467,MORENA,191,0.3866396761133603,84,0.1700404858299595,PVEM,107,0.2165991902834008,52,0.10526315789473684,MC,55,0.11133603238866396,MORENA,191,0.3866396761133603,84,0.1700404858299595,PVEM,107,0.2165991902834008,52,0.10526315789473684,MC,55,0.11133603238866396,50,0.10121457489878542,10,0.020242914979757085,9,0.018218623481781375,107,0.2165991902834008,9,0.018218623481781375,55,0.11133603238866396,191,0.3866396761133603,15,0.030364372469635626,3,0.006072874493927126,2,0.004048582995951417,0,0.0,2,0.004048582995951417,0,0.0,0,0.0,1,0.0020242914979757085,2,0.004048582995951417,0,0.0,1,0.0020242914979757085,0,0.0,0,0.0,4,0.008097165991902834,0,0.0,0,0.0,0,0.0,1,0.0020242914979757085,0,0.0,32,0.06477732793522267,494,1.0,ORIGEN,SECCION,COMPLETO,CATALOGO_INE_2026
346,23,QUINTANA ROO,BENITO JUAREZ,,5,108,963,313,0.32502596053997923,0.6749740394600208,MORENA,129,0.41214057507987223,86,0.2747603833865815,PVEM,43,0.13738019169329074,4,0.012779552715654952,MC,39,0.12460063897763578,MORENA,129,0.41214057507987223,86,0.2747603833865815,PVEM,43,0.13738019169329074,4,0.012779552715654952,MC,39,0.12460063897763578,31,0.09904153354632587,10,0.03194888178913738,13,0.04153354632587859,43,0.13738019169329074,5,0.01597444089456869,39,0.12460063897763578,129,0.41214057507987223,17,0.054313099041533544,2,0.006389776357827476,2,0.006389776357827476,2,0.006389776357827476,0,0.0,0,0.0,0,0.0,1,0.003194888178913738,0,0.0,0,0.0,0,0.0,2,0.006389776357827476,0,0.0,3,0.009584664536741214,0,0.0,0,0.0,0,0.0,0,0.0,0,0.0,14,0.04472843450479233,313,1.0,ORIGEN,SECCION,COMPLETO,CATALOGO_INE_2026
347,23,QUINTANA ROO,BENITO JUAREZ,,5,109,1135,402,0.3541850220264317,0.6458149779735682,MORENA,123,0.30597014925373134,40,0.09950248756218906,MC,83,0.2064676616915423,31,0.07711442786069651,PVEM,52,0.12935323383084577,MORENA,123,0.30597014925373134,40,0.09950248756218906,MC,83,0.2064676616915423,31,0.07711442786069651,PVEM,52,0.12935323383084577,49,0.12189054726368159,12,0.029850746268656716,5,0.012437810945273632,52,0.12935323383084577,11,0.02736318407960199,83,0.2064676616915423,123,0.30597014925373134,27,0.06716417910447761,6,0.014925373134328358,4,0.009950248756218905,1,0.0024875621890547263,2,0.004975124378109453,0,0.0,0,0.0,1,0.0024875621890547263,0,0.0,0,0.0,1,0.0024875621890547263,0,0.0,0,0.0,0,0.0,0,0.0,3,0.007462686567164179,1,0.0024875621890547263,0,0.0,0,0.0,21,0.05223880597014925,402,1.0,ORIGEN,SECCION,COMPLETO,CATALOGO_INE_2026
348,23,QUINTANA ROO,BENITO JUAREZ,,5,110,855,269,0.3146198830409357,0.6853801169590643,MORENA,88,0.3271375464684015,36,0.13382899628252787,MC,52,0.19330855018587362,15,0.055762081784386616,PAN,37,0.137546468401487,MORENA,88,0.3271375464684015,36,0.13382899628252787,MC,52,0.19330855018587362,15,0.055762081784386616,PAN,37,0.137546468401487,37,0.137546468401487,16,0.05947955390334572,3,0.011152416356877323,35,0.13011152416356878,4,0.01486988847583643,52,0.19330855018587362,88,0.3271375464684015,15,0.055762081784386616,4,0.01486988847583643,0,0.0,1,0.0037174721189591076,0,0.0,0,0.0,0,0.0,0,0.0,0,0.0,0,0.0,0,0.0,0,0.0,0,0.0,0,0.0,0,0.0,0,0.0,0,0.0,0,0.0,0,0.0,14,0.05204460966542751,269,1.0,ORIGEN,SECCION,COMPLETO,CATALOGO_INE_2026
349,23,QUINTANA ROO,BENITO JUAREZ,,5,111,502,202,0.40239043824701193,0.5976095617529881,PVEM,77,0.3811881188118812,12,0.0594059405940594,MORENA,65,0.3217821782178218,43,0.21287128712871287,PAN,22,0.10891089108910891,PVEM,77,0.3811881188118812,12,0.0594059405940594,MORENA,65,0.3217821782178218,43,0.21287128712871287,PAN,22,0.10891089108910891,22,0.10891089108910891,4,0.019801980198019802,2,0.009900990099009901,77,0.3811881188118812,2,0.009900990099009901,12,0.0594059405940594,65,0.3217821782178218,8,0.039603960396039604,0,0.0,2,0.009900990099009901,2,0.009900990099009901,0,0.0,0,0.0,0,0.0,0,0.0,0,0.0,0,0.0,0,0.0,0,0.0,0,0.0,0,0.0,0,0.0,0,0.0,0,0.0,0,0.0,0,0.0,6,0.0297029702970297,202,1.0,ORIGEN,SECCION,COMPLETO,CATALOGO_INE_2026
350,23,QUINTANA ROO,BENITO JUAREZ,,5,112,501,155,0.3093812375249501,0.6906187624750499,MORENA,57,0.36774193548387096,24,0.15483870967741936,PVEM,33,0.2129032258064516,3,0.01935483870967742,MC,30,0.1935483870967742,MORENA,57,0.36774193548387096,24,0.15483870967741936,PVEM,33,0.2129032258064516,3,0.01935483870967742,MC,30,0.1935483870967742,13,0.08387096774193549,7,0.04516129032258064,1,0.0064516129032258064,33,0.2129032258064516,2,0.012903225806451613,30,0.1935483870967742,57,0.36774193548387096,3,0.01935483870967742,0,0.0,1,0.0064516129032258064,0,0.0,0,0.0,1,0.0064516129032258064,0,0.0,0,0.0,0,0.0,0,0.0,0,0.0,0,0.0,0,0.0,0,0.0,0,0.0,0,0.0,0,0.0,0,0.0,0,0.0,7,0.04516129032258064,155,1.0,ORIGEN,SECCION,COMPLETO,CATALOGO_INE_2026
351,23,QUINTANA ROO,BENITO JUAREZ,,5,113,788,167,0.21192893401015228,0.7880710659898478,MORENA,45,0.2694610778443114,11,0.0658682634730539,PVEM,34,0.20359281437125748,8,0.04790419161676647,MC,26,0.15568862275449102,MORENA,45,0.2694610778443114,11,0.0658682634730539,PVEM,34,0.20359281437125748,8,0.04790419161676647,MC,26,0.15568862275449102,22,0.1317365269461078,8,0.04790419161676647,5,0.029940119760479042,34,0.20359281437125748,7,0.041916167664670656,26,0.15568862275449102,45,0.2694610778443114,6,0.03592814371257485,3,0.017964071856287425,1,0.005988023952095809,0,0.0,0,0.0,0,0.0,0,0.0,1,0.005988023952095809,1,0.005988023952095809,0,0.0,0,0.0,1,0.005988023952095809,0,0.0,0,0.0,0,0.0,1,0.005988023952095809,0,0.0,0,0.0,0,0.0,6,0.03592814371257485,167,1.0,ORIGEN,SECCION,COMPLETO,CATALOGO_INE_2026
352,23,QUINTANA ROO,BENITO JUAREZ,,5,118,501,183,0.3652694610778443,0.6347305389221557,MORENA,57,0.3114754098360656,11,0.060109289617486336,PVEM,46,0.25136612021857924,21,0.11475409836065574,PAN,25,0.1366120218579235,MORENA,57,0.3114754098360656,11,0.060109289617486336,PVEM,46,0.25136612021857924,21,0.11475409836065574,PAN,25,0.1366120218579235,25,0.1366120218579235,11,0.060109289617486336,4,0.02185792349726776,46,0.25136612021857924,4,0.02185792349726776,17,0.09289617486338798,57,0.3114754098360656,4,0.02185792349726776,0,0.0,2,0.01092896174863388,2,0.01092896174863388,1,0.00546448087431694,0,0.0,0,0.0,1,0.00546448087431694,0,0.0,0,0.0,0,0.0,0,0.0,1,0.00546448087431694,0,0.0,0,0.0,2,0.01092896174863388,0,0.0,1,0.00546448087431694,0,0.0,5,0.0273224043715847,183,1.0,ORIGEN,SECCION,COMPLETO,CATALOGO_INE_2026
353,23,QUINTANA ROO,BENITO JUAREZ,,5,120,768,283,0.3684895833333333,0.6315104166666667,MORENA,93,0.3286219081272085,33,0.1166077738515901,MC,60,0.21201413427561838,11,0.038869257950530034,PAN,49,0.17314487632508835,MORENA,93,0.3286219081272085,33,0.1166077738515901,MC,60,0.21201413427561838,11,0.038869257950530034,PAN,49,0.17314487632508835,49,0.17314487632508835,20,0.0706713780918728,10,0.0353356890459364,23,0.0812720848056537,4,0.014134275618374558,60,0.21201413427561838,93,0.3286219081272085,12,0.04240282685512368,1,0.0035335689045936395,1,0.0035335689045936395,0,0.0,0,0.0,0,0.0,0,0.0,0,0.0,0,0.0,0,0.0,0,0.0,0,0.0,0,0.0,0,0.0,0,0.0,0,0.0,0,0.0,0,0.0,0,0.0,10,0.0353356890459364,283,1.0,ORIGEN,SECCION,COMPLETO,CATALOGO_INE_2026
354,23,QUINTANA ROO,BENITO JUAREZ,,5,121,631,209,0.3312202852614897,0.6687797147385103,MORENA,48,0.22966507177033493,8,0.03827751196172249,MC,40,0.19138755980861244,8,0.03827751196172249,PAN,32,0.15311004784688995,MORENA,48,0.22966507177033493,8,0.03827751196172249,MC,40,0.19138755980861244,8,0.03827751196172249,PAN,32,0.15311004784688995,32,0.15311004784688995,15,0.07177033492822966,5,0.023923444976076555,25,0.11961722488038277,3,0.014354066985645933,40,0.19138755980861244,48,0.22966507177033493,12,0.05741626794258373,3,0.014354066985645933,6,0.028708133971291867,0,0.0,0,0.0,0,0.0,0,0.0,0,0.0,0,0.0,0,0.0,0,0.0,0,0.0,0,0.0,2,0.009569377990430622,1,0.004784688995215311,0,0.0,0,0.0,0,0.0,0,0.0,17,0.08133971291866028,209,1.0,ORIGEN,SECCION,COMPLETO,CATALOGO_INE_2026
355,23,QUINTANA ROO,BENITO JUAREZ,,5,122,708,289,0.4081920903954802,0.5918079096045198,MORENA,91,0.314878892733564,23,0.07958477508650519,PAN,68,0.23529411764705882,21,0.0726643598615917,MC,47,0.16262975778546712,MORENA,91,0.314878892733564,23,0.07958477508650519,PAN,68,0.23529411764705882,21,0.0726643598615917,MC,47,0.16262975778546712,68,0.23529411764705882,11,0.03806228373702422,2,0.006920415224913495,30,0.10380622837370242,4,0.01384083044982699,47,0.16262975778546712,91,0.314878892733564,12,0.04152249134948097,2,0.006920415224913495,3,0.010380622837370242,1,0.0034602076124567475,0,0.0,0,0.0,0,0.0,0,0.0,0,0.0,0,0.0,0,0.0,0,0.0,0,0.0,1,0.0034602076124567475,0,0.0,0,0.0,0,0.0,0,0.0,2,0.006920415224913495,15,0.05190311418685121,289,1.0,ORIGEN,SECCION,COMPLETO,CATALOGO_INE_2026
356,23,QUINTANA ROO,BENITO JUAREZ,,5,123,718,248,0.34540389972144847,0.6545961002785515,PAN,79,0.3185483870967742,20,0.08064516129032258,MC,59,0.23790322580645162,16,0.06451612903225806,MORENA,43,0.17338709677419356,PAN,79,0.3185483870967742,20,0.08064516129032258,MC,59,0.23790322580645162,16,0.06451612903225806,MORENA,43,0.17338709677419356,79,0.3185483870967742,18,0.07258064516129033,5,0.020161290322580645,14,0.056451612903225805,6,0.024193548387096774,59,0.23790322580645162,43,0.17338709677419356,10,0.04032258064516129,0,0.0,1,0.004032258064516129,0,0.0,2,0.008064516129032258,0,0.0,1,0.004032258064516129,1,0.004032258064516129,0,0.0,0,0.0,1,0.004032258064516129,0,0.0,0,0.0,1,0.004032258064516129,0,0.0,2,0.008064516129032258,0,0.0,0,0.0,2,0.008064516129032258,3,0.012096774193548387,248,1.0,ORIGEN,SECCION,COMPLETO,CATALOGO_INE_2026
357,23,QUINTANA ROO,BENITO JUAREZ,,5,124,878,334,0.3804100227790433,0.6195899772209568,MORENA,108,0.32335329341317365,31,0.09281437125748503,PAN,77,0.23053892215568864,22,0.0658682634730539,MC,55,0.16467065868263472,MORENA,108,0.32335329341317365,31,0.09281437125748503,PAN,77,0.23053892215568864,22,0.0658682634730539,MC,55,0.16467065868263472,77,0.23053892215568864,13,0.038922155688622756,5,0.014970059880239521,33,0.09880239520958084,2,0.005988023952095809,55,0.16467065868263472,108,0.32335329341317365,10,0.029940119760479042,3,0.008982035928143712,4,0.011976047904191617,0,0.0,0,0.0,0,0.0,0,0.0,0,0.0,1,0.0029940119760479044,0,0.0,0,0.0,0,0.0,0,0.0,3,0.008982035928143712,0,0.0,1,0.0029940119760479044,0,0.0,0,0.0,0,0.0,19,0.05688622754491018,334,1.0,ORIGEN,SECCION,COMPLETO,CATALOGO_INE_2026
358,23,QUINTANA ROO,BENITO JUAREZ,,5,125,898,380,0.42316258351893093,0.576837416481069,MORENA,100,0.2631578947368421,18,0.04736842105263158,PAN,82,0.21578947368421053,24,0.06315789473684211,PVEM,58,0.15263157894736842,MORENA,100,0.2631578947368421,18,0.04736842105263158,PAN,82,0.21578947368421053,24,0.06315789473684211,PVEM,58,0.15263157894736842,82,0.21578947368421053,38,0.1,7,0.018421052631578946,58,0.15263157894736842,9,0.02368421052631579,49,0.12894736842105264,100,0.2631578947368421,8,0.021052631578947368,1,0.002631578947368421,3,0.007894736842105263,1,0.002631578947368421,1,0.002631578947368421,0,0.0,2,0.005263157894736842,0,0.0,0,0.0,0,0.0,0,0.0,0,0.0,0,0.0,2,0.005263157894736842,0,0.0,0,0.0,0,0.0,0,0.0,0,0.0,19,0.05,380,1.0,ORIGEN,SECCION,COMPLETO,CATALOGO_INE_2026
359,23,QUINTANA ROO,BENITO JUAREZ,,5,126,5701,1984,0.3480091212068058,0.6519908787931942,PAN,638,0.3215725806451613,111,0.05594758064516129,MORENA,527,0.265625,178,0.08971774193548387,MC,349,0.17590725806451613,PAN,638,0.3215725806451613,111,0.05594758064516129,MORENA,527,0.265625,178,0.08971774193548387,MC,349,0.17590725806451613,638,0.3215725806451613,116,0.05846774193548387,19,0.009576612903225807,134,0.06754032258064516,44,0.02217741935483871,349,0.17590725806451613,527,0.265625,57,0.028729838709677418,16,0.008064516129032258,17,0.008568548387096774,6,0.0030241935483870967,4,0.0020161290322580645,0,0.0,1,0.0005040322580645161,0,0.0,1,0.0005040322580645161,0,0.0,0,0.0,1,0.0005040322580645161,0,0.0,1,0.0005040322580645161,0,0.0,1,0.0005040322580645161,0,0.0,2,0.0010080645161290322,5,0.0025201612903225806,45,0.022681451612903226,1984,1.0,ORIGEN,SECCION,COMPLETO,CATALOGO_INE_2026
360,23,QUINTANA ROO,BENITO JUAREZ,,5,128,1749,629,0.3596340766152087,0.6403659233847914,PAN,184,0.29252782193958665,13,0.02066772655007949,MORENA,171,0.2718600953895072,73,0.11605723370429252,MC,98,0.15580286168521462,PAN,184,0.29252782193958665,13,0.02066772655007949,MORENA,171,0.2718600953895072,73,0.11605723370429252,MC,98,0.15580286168521462,184,0.29252782193958665,46,0.07313195548489666,8,0.012718600953895072,53,0.08426073131955485,14,0.022257551669316374,98,0.15580286168521462,171,0.2718600953895072,21,0.033386327503974564,7,0.011128775834658187,11,0.017488076311605722,2,0.003179650238473768,0,0.0,1,0.001589825119236884,0,0.0,0,0.0,2,0.003179650238473768,0,0.0,0,0.0,0,0.0,0,0.0,0,0.0,0,0.0,0,0.0,0,0.0,0,0.0,1,0.001589825119236884,10,0.01589825119236884,629,1.0,ORIGEN,SECCION,COMPLETO,CATALOGO_INE_2026
361,23,QUINTANA ROO,BENITO JUAREZ,,5,129,429,157,0.36596736596736595,0.6340326340326341,PAN,71,0.45222929936305734,41,0.2611464968152866,MC,30,0.1910828025477707,1,0.006369426751592357,MORENA,29,0.18471337579617833,PAN,71,0.45222929936305734,41,0.2611464968152866,MC,30,0.1910828025477707,1,0.006369426751592357,MORENA,29,0.18471337579617833,71,0.45222929936305734,10,0.06369426751592357,1,0.006369426751592357,3,0.01910828025477707,2,0.012738853503184714,30,0.1910828025477707,29,0.18471337579617833,3,0.01910828025477707,1,0.006369426751592357,2,0.012738853503184714,0,0.0,0,0.0,0,0.0,0,0.0,0,0.0,0,0.0,0,0.0,0,0.0,0,0.0,0,0.0,0,0.0,0,0.0,0,0.0,0,0.0,0,0.0,0,0.0,5,0.03184713375796178,157,1.0,ORIGEN,SECCION,COMPLETO,CATALOGO_INE_2026
362,23,QUINTANA ROO,BENITO JUAREZ,,5,130,585,217,0.37094017094017095,0.629059829059829,MORENA,53,0.24423963133640553,4,0.018433179723502304,PAN,49,0.22580645161290322,9,0.041474654377880185,MC,40,0.18433179723502305,MORENA,53,0.24423963133640553,4,0.018433179723502304,PAN,49,0.22580645161290322,9,0.041474654377880185,MC,40,0.18433179723502305,49,0.22580645161290322,26,0.11981566820276497,1,0.004608294930875576,17,0.07834101382488479,5,0.02304147465437788,40,0.18433179723502305,53,0.24423963133640553,6,0.027649769585253458,2,0.009216589861751152,2,0.009216589861751152,1,0.004608294930875576,0,0.0,0,0.0,0,0.0,1,0.004608294930875576,0,0.0,0,0.0,0,0.0,0,0.0,0,0.0,1,0.004608294930875576,0,0.0,0,0.0,0,0.0,0,0.0,0,0.0,13,0.059907834101382486,217,1.0,ORIGEN,SECCION,COMPLETO,CATALOGO_INE_2026
363,23,QUINTANA ROO,BENITO JUAREZ,,5,131,784,338,0.43112244897959184,0.5688775510204082,MORENA,126,0.3727810650887574,82,0.24260355029585798,PAN,44,0.1301775147928994,0,0.0,MC,44,0.1301775147928994,MORENA,126,0.3727810650887574,82,0.24260355029585798,PAN,44,0.1301775147928994,0,0.0,MC,44,0.1301775147928994,44,0.1301775147928994,27,0.07988165680473373,7,0.020710059171597635,39,0.11538461538461539,7,0.020710059171597635,44,0.1301775147928994,126,0.3727810650887574,16,0.047337278106508875,2,0.005917159763313609,3,0.008875739644970414,2,0.005917159763313609,1,0.0029585798816568047,0,0.0,0,0.0,0,0.0,0,0.0,1,0.0029585798816568047,0,0.0,1,0.0029585798816568047,0,0.0,0,0.0,0,0.0,0,0.0,0,0.0,0,0.0,1,0.0029585798816568047,17,0.05029585798816568,338,1.0,ORIGEN,SECCION,COMPLETO,CATALOGO_INE_2026
364,23,QUINTANA ROO,BENITO JUAREZ,,5,132,721,269,0.37309292649098474,0.6269070735090152,MORENA,68,0.2527881040892193,20,0.07434944237918216,PAN,48,0.17843866171003717,1,0.0037174721189591076,MC,47,0.17472118959107807,MORENA,68,0.2527881040892193,20,0.07434944237918216,PAN,48,0.17843866171003717,1,0.0037174721189591076,MC,47,0.17472118959107807,48,0.17843866171003717,16,0.05947955390334572,4,0.01486988847583643,43,0.15985130111524162,2,0.007434944237918215,47,0.17472118959107807,68,0.2527881040892193,10,0.03717472118959108,0,0.0,4,0.01486988847583643,2,0.007434944237918215,1,0.0037174721189591076,0,0.0,0,0.0,0,0.0,1,0.0037174721189591076,0,0.0,0,0.0,0,0.0,0,0.0,0,0.0,0,0.0,0,0.0,0,0.0,2,0.007434944237918215,0,0.0,21,0.07806691449814127,269,1.0,ORIGEN,SECCION,COMPLETO,CATALOGO_INE_2026
365,23,QUINTANA ROO,BENITO JUAREZ,,5,133,926,323,0.3488120950323974,0.6511879049676026,MORENA,101,0.3126934984520124,22,0.06811145510835913,PAN,79,0.24458204334365324,15,0.04643962848297214,MC,64,0.19814241486068113,MORENA,101,0.3126934984520124,22,0.06811145510835913,PAN,79,0.24458204334365324,15,0.04643962848297214,MC,64,0.19814241486068113,79,0.24458204334365324,21,0.06501547987616099,1,0.0030959752321981426,15,0.04643962848297214,13,0.04024767801857585,64,0.19814241486068113,101,0.3126934984520124,13,0.04024767801857585,0,0.0,3,0.009287925696594427,2,0.006191950464396285,0,0.0,0,0.0,0,0.0,1,0.0030959752321981426,1,0.0030959752321981426,1,0.0030959752321981426,1,0.0030959752321981426,0,0.0,0,0.0,1,0.0030959752321981426,0,0.0,0,0.0,0,0.0,0,0.0,1,0.0030959752321981426,5,0.015479876160990712,323,1.0,ORIGEN,SECCION,COMPLETO,CATALOGO_INE_2026
366,23,QUINTANA ROO,BENITO JUAREZ,,5,134,845,237,0.2804733727810651,0.7195266272189349,MORENA,76,0.3206751054852321,26,0.10970464135021098,PVEM,50,0.2109704641350211,1,0.004219409282700422,PAN,49,0.20675105485232068,MORENA,76,0.3206751054852321,26,0.10970464135021098,PVEM,50,0.2109704641350211,1,0.004219409282700422,PAN,49,0.20675105485232068,49,0.20675105485232068,8,0.03375527426160337,2,0.008438818565400843,50,0.2109704641350211,7,0.029535864978902954,30,0.12658227848101267,76,0.3206751054852321,3,0.012658227848101266,3,0.012658227848101266,5,0.02109704641350211,1,0.004219409282700422,0,0.0,0,0.0,0,0.0,0,0.0,0,0.0,0,0.0,0,0.0,0,0.0,0,0.0,1,0.004219409282700422,0,0.0,0,0.0,1,0.004219409282700422,1,0.004219409282700422,0,0.0,0,0.0,237,1.0,ORIGEN,SECCION,COMPLETO,CATALOGO_INE_2026
367,23,QUINTANA ROO,BENITO JUAREZ,,5,135,802,206,0.256857855361596,0.743142144638404,MORENA,50,0.24271844660194175,10,0.04854368932038835,PAN,40,0.1941747572815534,1,0.0048543689320388345,MC,39,0.18932038834951456,MORENA,50,0.24271844660194175,10,0.04854368932038835,PAN,40,0.1941747572815534,1,0.0048543689320388345,MC,39,0.18932038834951456,40,0.1941747572815534,12,0.05825242718446602,2,0.009708737864077669,34,0.1650485436893204,3,0.014563106796116505,39,0.18932038834951456,50,0.24271844660194175,9,0.043689320388349516,3,0.014563106796116505,3,0.014563106796116505,1,0.0048543689320388345,0,0.0,0,0.0,0,0.0,0,0.0,1,0.0048543689320388345,0,0.0,0,0.0,0,0.0,0,0.0,0,0.0,1,0.0048543689320388345,0,0.0,0,0.0,0,0.0,1,0.0048543689320388345,7,0.03398058252427184,206,1.0,ORIGEN,SECCION,COMPLETO,CATALOGO_INE_2026
368,23,QUINTANA ROO,BENITO JUAREZ,,5,138,613,263,0.4290375203915171,0.5709624796084829,MORENA,91,0.34600760456273766,12,0.045627376425855515,PAN,79,0.30038022813688214,49,0.18631178707224336,MC,30,0.11406844106463879,MORENA,91,0.34600760456273766,12,0.045627376425855515,PAN,79,0.30038022813688214,49,0.18631178707224336,MC,30,0.11406844106463879,79,0.30038022813688214,16,0.060836501901140684,1,0.0038022813688212928,14,0.053231939163498096,2,0.0076045627376425855,30,0.11406844106463879,91,0.34600760456273766,9,0.034220532319391636,5,0.019011406844106463,2,0.0076045627376425855,0,0.0,2,0.0076045627376425855,0,0.0,0,0.0,0,0.0,0,0.0,0,0.0,0,0.0,0,0.0,0,0.0,1,0.0038022813688212928,1,0.0038022813688212928,0,0.0,0,0.0,0,0.0,2,0.0076045627376425855,8,0.030418250950570342,263,1.0,ORIGEN,SECCION,COMPLETO,CATALOGO_INE_2026
369,23,QUINTANA ROO,BENITO JUAREZ,,5,139,778,291,0.3740359897172236,0.6259640102827764,MORENA,104,0.35738831615120276,40,0.13745704467353953,PAN,64,0.21993127147766323,29,0.09965635738831616,MC,35,0.12027491408934708,MORENA,104,0.35738831615120276,40,0.13745704467353953,PAN,64,0.21993127147766323,29,0.09965635738831616,MC,35,0.12027491408934708,64,0.21993127147766323,13,0.044673539518900345,8,0.027491408934707903,25,0.0859106529209622,9,0.030927835051546393,35,0.12027491408934708,104,0.35738831615120276,10,0.03436426116838488,1,0.003436426116838488,2,0.006872852233676976,2,0.006872852233676976,1,0.003436426116838488,0,0.0,0,0.0,1,0.003436426116838488,0,0.0,0,0.0,0,0.0,1,0.003436426116838488,1,0.003436426116838488,0,0.0,0,0.0,0,0.0,0,0.0,0,0.0,0,0.0,14,0.048109965635738834,291,1.0,ORIGEN,SECCION,COMPLETO,CATALOGO_INE_2026
370,23,QUINTANA ROO,BENITO JUAREZ,,5,140,597,219,0.36683417085427134,0.6331658291457287,MORENA,59,0.2694063926940639,13,0.0593607305936073,PAN,46,0.2100456621004566,0,0.0,MC,46,0.2100456621004566,MORENA,59,0.2694063926940639,13,0.0593607305936073,PAN,46,0.2100456621004566,0,0.0,MC,46,0.2100456621004566,46,0.2100456621004566,16,0.0730593607305936,1,0.0045662100456621,16,0.0730593607305936,4,0.0182648401826484,46,0.2100456621004566,59,0.2694063926940639,8,0.0365296803652968,1,0.0045662100456621,5,0.0228310502283105,0,0.0,0,0.0,0,0.0,0,0.0,0,0.0,0,0.0,0,0.0,0,0.0,0,0.0,0,0.0,0,0.0,0,0.0,0,0.0,0,0.0,0,0.0,1,0.0045662100456621,16,0.0730593607305936,219,1.0,ORIGEN,SECCION,COMPLETO,CATALOGO_INE_2026
371,23,QUINTANA ROO,BENITO JUAREZ,,5,141,633,194,0.30647709320695105,0.693522906793049,MORENA,55,0.28350515463917525,15,0.07731958762886598,MC,40,0.20618556701030927,1,0.005154639175257732,PAN,39,0.20103092783505155,MORENA,55,0.28350515463917525,15,0.07731958762886598,MC,40,0.20618556701030927,1,0.005154639175257732,PAN,39,0.20103092783505155,39,0.20103092783505155,18,0.09278350515463918,4,0.020618556701030927,16,0.08247422680412371,0,0.0,40,0.20618556701030927,55,0.28350515463917525,10,0.05154639175257732,3,0.015463917525773196,1,0.005154639175257732,0,0.0,0,0.0,0,0.0,0,0.0,0,0.0,0,0.0,0,0.0,0,0.0,0,0.0,0,0.0,0,0.0,0,0.0,1,0.005154639175257732,0,0.0,0,0.0,0,0.0,7,0.03608247422680412,194,1.0,ORIGEN,SECCION,COMPLETO,CATALOGO_INE_2026
372,23,QUINTANA ROO,BENITO JUAREZ,,5,142,637,247,0.3877551020408163,0.6122448979591837,PAN,79,0.31983805668016196,0,0.0,MORENA,79,0.31983805668016196,46,0.1862348178137652,MC,33,0.13360323886639677,PAN,79,0.31983805668016196,0,0.0,MORENA,79,0.31983805668016196,46,0.1862348178137652,MC,33,0.13360323886639677,79,0.31983805668016196,11,0.044534412955465584,2,0.008097165991902834,21,0.08502024291497975,3,0.012145748987854251,33,0.13360323886639677,79,0.31983805668016196,6,0.024291497975708502,0,0.0,3,0.012145748987854251,0,0.0,0,0.0,0,0.0,0,0.0,0,0.0,0,0.0,0,0.0,0,0.0,0,0.0,0,0.0,0,0.0,0,0.0,0,0.0,0,0.0,0,0.0,0,0.0,10,0.04048582995951417,247,1.0,ORIGEN,SECCION,COMPLETO,CATALOGO_INE_2026
373,23,QUINTANA ROO,BENITO JUAREZ,,5,143,694,221,0.3184438040345821,0.6815561959654179,PAN,62,0.28054298642533937,3,0.013574660633484163,MORENA,59,0.2669683257918552,22,0.09954751131221719,MC,37,0.167420814479638,PAN,62,0.28054298642533937,3,0.013574660633484163,MORENA,59,0.2669683257918552,22,0.09954751131221719,MC,37,0.167420814479638,62,0.28054298642533937,12,0.05429864253393665,7,0.03167420814479638,20,0.09049773755656108,2,0.00904977375565611,37,0.167420814479638,59,0.2669683257918552,7,0.03167420814479638,3,0.013574660633484163,0,0.0,2,0.00904977375565611,1,0.004524886877828055,0,0.0,0,0.0,0,0.0,0,0.0,0,0.0,0,0.0,0,0.0,0,0.0,1,0.004524886877828055,0,0.0,0,0.0,0,0.0,0,0.0,0,0.0,8,0.03619909502262444,221,1.0,ORIGEN,SECCION,COMPLETO,CATALOGO_INE_2026
374,23,QUINTANA ROO,BENITO JUAREZ,,5,559,1068,441,0.41292134831460675,0.5870786516853932,MORENA,153,0.3469387755102041,53,0.12018140589569161,PVEM,100,0.22675736961451248,18,0.04081632653061224,MC,82,0.18594104308390022,MORENA,153,0.3469387755102041,53,0.12018140589569161,PVEM,100,0.22675736961451248,18,0.04081632653061224,MC,82,0.18594104308390022,33,0.07482993197278912,11,0.024943310657596373,10,0.022675736961451247,100,0.22675736961451248,7,0.015873015873015872,82,0.18594104308390022,153,0.3469387755102041,17,0.03854875283446712,1,0.0022675736961451248,4,0.009070294784580499,0,0.0,0,0.0,1,0.0022675736961451248,0,0.0,1,0.0022675736961451248,0,0.0,0,0.0,2,0.0045351473922902496,0,0.0,2,0.0045351473922902496,2,0.0045351473922902496,0,0.0,0,0.0,0,0.0,1,0.0022675736961451248,0,0.0,14,0.031746031746031744,441,1.0,ORIGEN,SECCION,COMPLETO,CATALOGO_INE_2026
375,23,QUINTANA ROO,BENITO JUAREZ,,5,560,675,273,0.40444444444444444,0.5955555555555556,PVEM,90,0.32967032967032966,7,0.02564102564102564,MORENA,83,0.304029304029304,41,0.15018315018315018,MC,42,0.15384615384615385,PVEM,90,0.32967032967032966,7,0.02564102564102564,MORENA,83,0.304029304029304,41,0.15018315018315018,MC,42,0.15384615384615385,20,0.07326007326007326,6,0.02197802197802198,1,0.003663003663003663,90,0.32967032967032966,5,0.018315018315018316,42,0.15384615384615385,83,0.304029304029304,1,0.003663003663003663,1,0.003663003663003663,0,0.0,0,0.0,0,0.0,0,0.0,0,0.0,0,0.0,2,0.007326007326007326,0,0.0,0,0.0,2,0.007326007326007326,0,0.0,0,0.0,0,0.0,0,0.0,0,0.0,1,0.003663003663003663,0,0.0,19,0.0695970695970696,273,1.0,ORIGEN,SECCION,COMPLETO,CATALOGO_INE_2026
376,23,QUINTANA ROO,BENITO JUAREZ,,5,561,803,349,0.43462017434620176,0.5653798256537983,MORENA,106,0.3037249283667622,19,0.054441260744985676,PVEM,87,0.2492836676217765,26,0.07449856733524356,MC,61,0.17478510028653296,MORENA,106,0.3037249283667622,19,0.054441260744985676,PVEM,87,0.2492836676217765,26,0.07449856733524356,MC,61,0.17478510028653296,28,0.08022922636103152,8,0.022922636103151862,10,0.02865329512893983,87,0.2492836676217765,3,0.008595988538681949,61,0.17478510028653296,106,0.3037249283667622,7,0.02005730659025788,3,0.008595988538681949,5,0.014326647564469915,0,0.0,0,0.0,0,0.0,0,0.0,2,0.0057306590257879654,1,0.0028653295128939827,1,0.0028653295128939827,0,0.0,0,0.0,0,0.0,1,0.0028653295128939827,1,0.0028653295128939827,1,0.0028653295128939827,0,0.0,0,0.0,1,0.0028653295128939827,23,0.0659025787965616,349,1.0,ORIGEN,SECCION,COMPLETO,CATALOGO_INE_2026
377,23,QUINTANA ROO,BENITO JUAREZ,,5,562,799,331,0.4142678347934919,0.5857321652065082,MORENA,114,0.34441087613293053,43,0.1299093655589124,PVEM,71,0.21450151057401812,14,0.04229607250755287,MC,57,0.17220543806646527,MORENA,114,0.34441087613293053,43,0.1299093655589124,PVEM,71,0.21450151057401812,14,0.04229607250755287,MC,57,0.17220543806646527,35,0.10574018126888217,6,0.01812688821752266,12,0.03625377643504532,71,0.21450151057401812,2,0.006042296072507553,57,0.17220543806646527,114,0.34441087613293053,15,0.045317220543806644,1,0.0030211480362537764,2,0.006042296072507553,1,0.0030211480362537764,0,0.0,0,0.0,0,0.0,0,0.0,0,0.0,0,0.0,0,0.0,0,0.0,0,0.0,1,0.0030211480362537764,0,0.0,1,0.0030211480362537764,0,0.0,1,0.0030211480362537764,0,0.0,12,0.03625377643504532,331,1.0,ORIGEN,SECCION,COMPLETO,CATALOGO_INE_2026
378,23,QUINTANA ROO,BENITO JUAREZ,,5,563,875,329,0.376,0.624,MORENA,101,0.3069908814589666,10,0.030395136778115502,PVEM,91,0.2765957446808511,50,0.1519756838905775,MC,41,0.12462006079027356,MORENA,101,0.3069908814589666,10,0.030395136778115502,PVEM,91,0.2765957446808511,50,0.1519756838905775,MC,41,0.12462006079027356,39,0.11854103343465046,13,0.03951367781155015,5,0.015197568389057751,91,0.2765957446808511,3,0.00911854103343465,41,0.12462006079027356,101,0.3069908814589666,9,0.02735562310030395,0,0.0,5,0.015197568389057751,2,0.0060790273556231,1,0.00303951367781155,0,0.0,0,0.0,0,0.0,0,0.0,0,0.0,0,0.0,0,0.0,0,0.0,4,0.0121580547112462,0,0.0,0,0.0,0,0.0,0,0.0,0,0.0,15,0.04559270516717325,329,1.0,ORIGEN,SECCION,COMPLETO,CATALOGO_INE_2026
379,23,QUINTANA ROO,BENITO JUAREZ,,5,564,959,445,0.4640250260688217,0.5359749739311783,MORENA,109,0.2449438202247191,3,0.006741573033707865,PAN,106,0.23820224719101124,19,0.04269662921348315,PVEM,87,0.19550561797752808,MORENA,109,0.2449438202247191,3,0.006741573033707865,PAN,106,0.23820224719101124,19,0.04269662921348315,PVEM,87,0.19550561797752808,106,0.23820224719101124,12,0.02696629213483146,2,0.0044943820224719105,87,0.19550561797752808,5,0.011235955056179775,66,0.14831460674157304,109,0.2449438202247191,15,0.033707865168539325,5,0.011235955056179775,3,0.006741573033707865,3,0.006741573033707865,0,0.0,1,0.0022471910112359553,0,0.0,0,0.0,1,0.0022471910112359553,0,0.0,0,0.0,0,0.0,0,0.0,2,0.0044943820224719105,0,0.0,1,0.0022471910112359553,0,0.0,1,0.0022471910112359553,0,0.0,26,0.058426966292134834,445,1.0,ORIGEN,SECCION,COMPLETO,CATALOGO_INE_2026
380,23,QUINTANA ROO,BENITO JUAREZ,,5,565,800,330,0.4125,0.5875,MORENA,125,0.3787878787878788,60,0.18181818181818182,PVEM,65,0.19696969696969696,11,0.03333333333333333,MC,54,0.16363636363636364,MORENA,125,0.3787878787878788,60,0.18181818181818182,PVEM,65,0.19696969696969696,11,0.03333333333333333,MC,54,0.16363636363636364,35,0.10606060606060606,13,0.03939393939393939,2,0.006060606060606061,65,0.19696969696969696,3,0.00909090909090909,54,0.16363636363636364,125,0.3787878787878788,8,0.024242424242424242,5,0.015151515151515152,0,0.0,1,0.0030303030303030303,0,0.0,1,0.0030303030303030303,0,0.0,0,0.0,2,0.006060606060606061,0,0.0,0,0.0,0,0.0,0,0.0,0,0.0,0,0.0,1,0.0030303030303030303,0,0.0,1,0.0030303030303030303,1,0.0030303030303030303,13,0.03939393939393939,330,1.0,ORIGEN,SECCION,COMPLETO,CATALOGO_INE_2026
381,23,QUINTANA ROO,BENITO JUAREZ,,5,566,780,328,0.4205128205128205,0.5794871794871794,MORENA,95,0.2896341463414634,8,0.024390243902439025,PVEM,87,0.2652439024390244,40,0.12195121951219512,MC,47,0.14329268292682926,MORENA,95,0.2896341463414634,8,0.024390243902439025,PVEM,87,0.2652439024390244,40,0.12195121951219512,MC,47,0.14329268292682926,35,0.10670731707317073,13,0.039634146341463415,4,0.012195121951219513,87,0.2652439024390244,2,0.006097560975609756,47,0.14329268292682926,95,0.2896341463414634,22,0.06707317073170732,2,0.006097560975609756,1,0.003048780487804878,0,0.0,3,0.009146341463414634,0,0.0,0,0.0,0,0.0,0,0.0,0,0.0,0,0.0,0,0.0,0,0.0,2,0.006097560975609756,0,0.0,0,0.0,0,0.0,0,0.0,1,0.003048780487804878,14,0.042682926829268296,328,1.0,ORIGEN,SECCION,COMPLETO,CATALOGO_INE_2026
382,23,QUINTANA ROO,BENITO JUAREZ,,5,567,734,325,0.4427792915531335,0.5572207084468666,PVEM,94,0.28923076923076924,14,0.043076923076923075,MORENA,80,0.24615384615384617,21,0.06461538461538462,MC,59,0.18153846153846154,PVEM,94,0.28923076923076924,14,0.043076923076923075,MORENA,80,0.24615384615384617,21,0.06461538461538462,MC,59,0.18153846153846154,44,0.13538461538461538,8,0.024615384615384615,0,0.0,94,0.28923076923076924,3,0.009230769230769232,59,0.18153846153846154,80,0.24615384615384617,11,0.033846153846153845,2,0.006153846153846154,3,0.009230769230769232,2,0.006153846153846154,0,0.0,0,0.0,0,0.0,1,0.003076923076923077,2,0.006153846153846154,0,0.0,0,0.0,0,0.0,0,0.0,0,0.0,0,0.0,3,0.009230769230769232,0,0.0,0,0.0,0,0.0,13,0.04,325,1.0,ORIGEN,SECCION,COMPLETO,CATALOGO_INE_2026
383,23,QUINTANA ROO,BENITO JUAREZ,,5,568,908,320,0.3524229074889868,0.6475770925110131,MORENA,105,0.328125,51,0.159375,PVEM,54,0.16875,6,0.01875,PAN,48,0.15,MORENA,105,0.328125,51,0.159375,PVEM,54,0.16875,6,0.01875,PAN,48,0.15,48,0.15,11,0.034375,5,0.015625,54,0.16875,15,0.046875,47,0.146875,105,0.328125,17,0.053125,0,0.0,4,0.0125,0,0.0,1,0.003125,1,0.003125,0,0.0,0,0.0,0,0.0,0,0.0,0,0.0,0,0.0,0,0.0,0,0.0,0,0.0,0,0.0,0,0.0,0,0.0,0,0.0,12,0.0375,320,1.0,ORIGEN,SECCION,COMPLETO,CATALOGO_INE_2026
384,23,QUINTANA ROO,BENITO JUAREZ,,5,569,827,364,0.44014510278113667,0.5598548972188633,PVEM,107,0.29395604395604397,4,0.01098901098901099,MORENA,103,0.28296703296703296,44,0.12087912087912088,MC,59,0.1620879120879121,PVEM,107,0.29395604395604397,4,0.01098901098901099,MORENA,103,0.28296703296703296,44,0.12087912087912088,MC,59,0.1620879120879121,35,0.09615384615384616,6,0.016483516483516484,4,0.01098901098901099,107,0.29395604395604397,3,0.008241758241758242,59,0.1620879120879121,103,0.28296703296703296,17,0.046703296703296704,0,0.0,1,0.0027472527472527475,2,0.005494505494505495,0,0.0,0,0.0,0,0.0,3,0.008241758241758242,0,0.0,0,0.0,0,0.0,0,0.0,0,0.0,4,0.01098901098901099,0,0.0,2,0.005494505494505495,0,0.0,0,0.0,0,0.0,18,0.04945054945054945,364,1.0,ORIGEN,SECCION,COMPLETO,CATALOGO_INE_2026
385,23,QUINTANA ROO,BENITO JUAREZ,,5,570,899,396,0.44048943270300334,0.5595105672969967,MORENA,127,0.3207070707070707,6,0.015151515151515152,PVEM,121,0.3055555555555556,69,0.17424242424242425,MC,52,0.13131313131313133,MORENA,127,0.3207070707070707,6,0.015151515151515152,PVEM,121,0.3055555555555556,69,0.17424242424242425,MC,52,0.13131313131313133,27,0.06818181818181818,6,0.015151515151515152,5,0.012626262626262626,121,0.3055555555555556,7,0.017676767676767676,52,0.13131313131313133,127,0.3207070707070707,14,0.03535353535353535,3,0.007575757575757576,4,0.010101010101010102,1,0.0025252525252525255,1,0.0025252525252525255,0,0.0,0,0.0,0,0.0,1,0.0025252525252525255,0,0.0,0,0.0,0,0.0,0,0.0,2,0.005050505050505051,0,0.0,1,0.0025252525252525255,0,0.0,0,0.0,0,0.0,24,0.06060606060606061,396,1.0,ORIGEN,SECCION,COMPLETO,CATALOGO_INE_2026
386,23,QUINTANA ROO,BENITO JUAREZ,,5,571,1205,442,0.366804979253112,0.6331950207468879,PVEM,124,0.28054298642533937,0,0.0,MORENA,124,0.28054298642533937,67,0.1515837104072398,MC,57,0.12895927601809956,PVEM,124,0.28054298642533937,0,0.0,MORENA,124,0.28054298642533937,67,0.1515837104072398,MC,57,0.12895927601809956,47,0.10633484162895927,14,0.03167420814479638,6,0.013574660633484163,124,0.28054298642533937,9,0.020361990950226245,57,0.12895927601809956,124,0.28054298642533937,24,0.05429864253393665,4,0.00904977375565611,5,0.011312217194570135,0,0.0,2,0.004524886877828055,0,0.0,1,0.0022624434389140274,1,0.0022624434389140274,0,0.0,0,0.0,0,0.0,0,0.0,1,0.0022624434389140274,1,0.0022624434389140274,0,0.0,3,0.006787330316742082,0,0.0,2,0.004524886877828055,0,0.0,17,0.038461538461538464,442,1.0,ORIGEN,SECCION,COMPLETO,CATALOGO_INE_2026
387,23,QUINTANA ROO,BENITO JUAREZ,,6,15,3081,1190,0.38623823433950016,0.6137617656604999,MORENA,437,0.36722689075630255,263,0.22100840336134453,PVEM,174,0.146218487394958,4,0.0033613445378151263,MC,170,0.14285714285714285,MORENA,437,0.36722689075630255,263,0.22100840336134453,PVEM,174,0.146218487394958,4,0.0033613445378151263,MC,170,0.14285714285714285,118,0.09915966386554621,34,0.02857142857142857,28,0.023529411764705882,174,0.146218487394958,77,0.06470588235294118,170,0.14285714285714285,437,0.36722689075630255,50,0.04201680672268908,20,0.01680672268907563,7,0.0058823529411764705,2,0.0016806722689075631,5,0.004201680672268907,0,0.0,0,0.0,3,0.0025210084033613447,2,0.0016806722689075631,0,0.0,1,0.0008403361344537816,2,0.0016806722689075631,1,0.0008403361344537816,3,0.0025210084033613447,0,0.0,3,0.0025210084033613447,0,0.0,1,0.0008403361344537816,1,0.0008403361344537816,51,0.04285714285714286,1190,1.0,ORIGEN,SECCION,COMPLETO,CATALOGO_INE_2026
388,23,QUINTANA ROO,BENITO JUAREZ,,6,16,9080,3282,0.36145374449339207,0.6385462555066079,MORENA,1098,0.33455210237659966,396,0.1206581352833638,PVEM,702,0.21389396709323583,202,0.061547836684948204,MC,500,0.15234613040828762,MORENA,1098,0.33455210237659966,396,0.1206581352833638,PVEM,702,0.21389396709323583,202,0.061547836684948204,MC,500,0.15234613040828762,363,0.11060329067641682,95,0.02894576477757465,49,0.014929920780012188,702,0.21389396709323583,74,0.02254722730042657,500,0.15234613040828762,1098,0.33455210237659966,131,0.03991468616697136,25,0.007617306520414382,27,0.008226691042047532,10,0.0030469226081657527,6,0.0018281535648994515,0,0.0,0,0.0,7,0.0021328458257160268,8,0.002437538086532602,0,0.0,2,0.0006093845216331506,1,0.0003046922608165753,6,0.0018281535648994515,21,0.006398537477148081,4,0.001218769043266301,4,0.001218769043266301,1,0.0003046922608165753,2,0.0006093845216331506,4,0.001218769043266301,142,0.043266301035953685,3282,1.0,ORIGEN,SECCION,COMPLETO,INFERIDA_SECCION_VECINA
389,23,QUINTANA ROO,BENITO JUAREZ,,6,18,1370,615,0.4489051094890511,0.551094890510949,MORENA,220,0.35772357723577236,76,0.12357723577235773,PVEM,144,0.23414634146341465,43,0.06991869918699187,MC,101,0.16422764227642275,MORENA,220,0.35772357723577236,76,0.12357723577235773,PVEM,144,0.23414634146341465,43,0.06991869918699187,MC,101,0.16422764227642275,36,0.05853658536585366,9,0.014634146341463415,11,0.01788617886178862,144,0.23414634146341465,10,0.016260162601626018,101,0.16422764227642275,220,0.35772357723577236,30,0.04878048780487805,7,0.011382113821138212,6,0.00975609756097561,2,0.0032520325203252032,1,0.0016260162601626016,0,0.0,0,0.0,0,0.0,4,0.0065040650406504065,0,0.0,0,0.0,0,0.0,0,0.0,3,0.004878048780487805,1,0.0016260162601626016,1,0.0016260162601626016,0,0.0,0,0.0,3,0.004878048780487805,26,0.04227642276422764,615,1.0,ORIGEN,SECCION,COMPLETO,CATALOGO_INE_2026
390,23,QUINTANA ROO,BENITO JUAREZ,,6,19,1473,674,0.4575695858791582,0.5424304141208418,MORENA,212,0.314540059347181,2,0.002967359050445104,PVEM,210,0.3115727002967359,109,0.16172106824925817,MC,101,0.14985163204747776,MORENA,212,0.314540059347181,2,0.002967359050445104,PVEM,210,0.3115727002967359,109,0.16172106824925817,MC,101,0.14985163204747776,49,0.07270029673590504,7,0.010385756676557863,6,0.008902077151335312,210,0.3115727002967359,13,0.019287833827893175,101,0.14985163204747776,212,0.314540059347181,16,0.02373887240356083,5,0.00741839762611276,6,0.008902077151335312,1,0.001483679525222552,2,0.002967359050445104,0,0.0,0,0.0,0,0.0,1,0.001483679525222552,0,0.0,0,0.0,0,0.0,0,0.0,4,0.005934718100890208,0,0.0,0,0.0,0,0.0,3,0.004451038575667656,3,0.004451038575667656,35,0.05192878338278932,674,1.0,ORIGEN,SECCION,COMPLETO,CATALOGO_INE_2026
391,23,QUINTANA ROO,BENITO JUAREZ,,6,20,1242,516,0.41545893719806765,0.5845410628019323,MORENA,186,0.36046511627906974,60,0.11627906976744186,PVEM,126,0.2441860465116279,37,0.07170542635658915,MC,89,0.17248062015503876,MORENA,186,0.36046511627906974,60,0.11627906976744186,PVEM,126,0.2441860465116279,37,0.07170542635658915,MC,89,0.17248062015503876,46,0.08914728682170543,14,0.027131782945736434,5,0.009689922480620155,126,0.2441860465116279,8,0.015503875968992248,89,0.17248062015503876,186,0.36046511627906974,20,0.03875968992248062,6,0.011627906976744186,3,0.005813953488372093,0,0.0,1,0.001937984496124031,0,0.0,0,0.0,1,0.001937984496124031,0,0.0,0,0.0,0,0.0,0,0.0,2,0.003875968992248062,1,0.001937984496124031,0,0.0,2,0.003875968992248062,0,0.0,0,0.0,0,0.0,6,0.011627906976744186,516,1.0,ORIGEN,SECCION,COMPLETO,CATALOGO_INE_2026
392,23,QUINTANA ROO,BENITO JUAREZ,,6,46,1398,630,0.45064377682403434,0.5493562231759657,MORENA,252,0.4,149,0.2365079365079365,MC,103,0.1634920634920635,11,0.01746031746031746,PVEM,92,0.14603174603174604,MORENA,252,0.4,149,0.2365079365079365,MC,103,0.1634920634920635,11,0.01746031746031746,PVEM,92,0.14603174603174604,61,0.09682539682539683,19,0.03015873015873016,11,0.01746031746031746,92,0.14603174603174604,15,0.023809523809523808,103,0.1634920634920635,252,0.4,23,0.03650793650793651,2,0.0031746031746031746,6,0.009523809523809525,1,0.0015873015873015873,2,0.0031746031746031746,0,0.0,0,0.0,1,0.0015873015873015873,1,0.0015873015873015873,0,0.0,0,0.0,0,0.0,0,0.0,2,0.0031746031746031746,0,0.0,0,0.0,0,0.0,0,0.0,1,0.0015873015873015873,38,0.06031746031746032,630,1.0,ORIGEN,SECCION,COMPLETO,CATALOGO_INE_2026
393,23,QUINTANA ROO,BENITO JUAREZ,,6,47,1345,525,0.3903345724907063,0.6096654275092936,MORENA,190,0.3619047619047619,80,0.1523809523809524,PVEM,110,0.20952380952380953,37,0.07047619047619047,MC,73,0.13904761904761906,MORENA,190,0.3619047619047619,80,0.1523809523809524,PVEM,110,0.20952380952380953,37,0.07047619047619047,MC,73,0.13904761904761906,47,0.08952380952380952,12,0.022857142857142857,10,0.01904761904761905,110,0.20952380952380953,8,0.015238095238095238,73,0.13904761904761906,190,0.3619047619047619,15,0.02857142857142857,5,0.009523809523809525,2,0.0038095238095238095,2,0.0038095238095238095,3,0.005714285714285714,0,0.0,0,0.0,2,0.0038095238095238095,3,0.005714285714285714,0,0.0,0,0.0,0,0.0,0,0.0,8,0.015238095238095238,0,0.0,6,0.011428571428571429,0,0.0,0,0.0,0,0.0,29,0.05523809523809524,525,1.0,ORIGEN,SECCION,COMPLETO,CATALOGO_INE_2026
394,23,QUINTANA ROO,BENITO JUAREZ,,6,52,1417,605,0.4269583627381793,0.5730416372618208,MORENA,196,0.3239669421487603,72,0.11900826446280992,PVEM,124,0.2049586776859504,18,0.02975206611570248,MC,106,0.17520661157024794,MORENA,196,0.3239669421487603,72,0.11900826446280992,PVEM,124,0.2049586776859504,18,0.02975206611570248,MC,106,0.17520661157024794,67,0.11074380165289256,16,0.026446280991735537,19,0.03140495867768595,124,0.2049586776859504,18,0.02975206611570248,106,0.17520661157024794,196,0.3239669421487603,33,0.05454545454545454,1,0.001652892561983471,5,0.008264462809917356,3,0.0049586776859504135,2,0.003305785123966942,0,0.0,0,0.0,0,0.0,0,0.0,0,0.0,1,0.001652892561983471,0,0.0,0,0.0,0,0.0,0,0.0,0,0.0,0,0.0,0,0.0,0,0.0,14,0.023140495867768594,605,1.0,ORIGEN,SECCION,COMPLETO,CATALOGO_INE_2026
395,23,QUINTANA ROO,BENITO JUAREZ,,6,53,2516,1034,0.4109697933227345,0.5890302066772655,MORENA,410,0.3965183752417795,226,0.218568665377176,MC,184,0.17794970986460348,47,0.045454545454545456,PVEM,137,0.13249516441005801,MORENA,410,0.3965183752417795,226,0.218568665377176,MC,184,0.17794970986460348,47,0.045454545454545456,PVEM,137,0.13249516441005801,97,0.09381044487427466,34,0.03288201160541586,28,0.027079303675048357,137,0.13249516441005801,25,0.024177949709864602,184,0.17794970986460348,410,0.3965183752417795,42,0.04061895551257253,8,0.007736943907156673,9,0.008704061895551257,0,0.0,0,0.0,0,0.0,0,0.0,3,0.0029013539651837525,1,0.0009671179883945841,0,0.0,2,0.0019342359767891683,0,0.0,1,0.0009671179883945841,1,0.0009671179883945841,1,0.0009671179883945841,4,0.0038684719535783366,0,0.0,2,0.0019342359767891683,1,0.0009671179883945841,44,0.0425531914893617,1034,1.0,ORIGEN,SECCION,COMPLETO,CATALOGO_INE_2026
396,23,QUINTANA ROO,BENITO JUAREZ,,6,54,2438,1083,0.4442165709598031,0.5557834290401968,MORENA,415,0.3831948291782087,225,0.2077562326869806,PVEM,190,0.17543859649122806,1,0.0009233610341643582,MC,189,0.1745152354570637,MORENA,415,0.3831948291782087,225,0.2077562326869806,PVEM,190,0.17543859649122806,1,0.0009233610341643582,MC,189,0.1745152354570637,90,0.08310249307479224,27,0.024930747922437674,23,0.02123730378578024,190,0.17543859649122806,17,0.01569713758079409,189,0.1745152354570637,415,0.3831948291782087,31,0.028624192059095107,10,0.009233610341643583,10,0.009233610341643583,3,0.002770083102493075,0,0.0,1,0.0009233610341643582,0,0.0,3,0.002770083102493075,2,0.0018467220683287165,1,0.0009233610341643582,0,0.0,0,0.0,3,0.002770083102493075,5,0.0046168051708217915,0,0.0,6,0.00554016620498615,0,0.0,1,0.0009233610341643582,0,0.0,56,0.05170821791320406,1083,1.0,ORIGEN,SECCION,COMPLETO,CATALOGO_INE_2026
397,23,QUINTANA ROO,BENITO JUAREZ,,6,55,1175,504,0.428936170212766,0.571063829787234,MORENA,149,0.29563492063492064,19,0.037698412698412696,PVEM,130,0.25793650793650796,63,0.125,MC,67,0.13293650793650794,MORENA,149,0.29563492063492064,19,0.037698412698412696,PVEM,130,0.25793650793650796,63,0.125,MC,67,0.13293650793650794,32,0.06349206349206349,15,0.02976190476190476,13,0.025793650793650792,130,0.25793650793650796,10,0.01984126984126984,67,0.13293650793650794,149,0.29563492063492064,24,0.047619047619047616,7,0.013888888888888888,5,0.00992063492063492,2,0.003968253968253968,4,0.007936507936507936,2,0.003968253968253968,0,0.0,1,0.001984126984126984,6,0.011904761904761904,0,0.0,0,0.0,1,0.001984126984126984,2,0.003968253968253968,1,0.001984126984126984,3,0.005952380952380952,1,0.001984126984126984,1,0.001984126984126984,1,0.001984126984126984,0,0.0,27,0.05357142857142857,504,1.0,ORIGEN,SECCION,COMPLETO,CATALOGO_INE_2026
398,23,QUINTANA ROO,BENITO JUAREZ,,6,56,996,415,0.4166666666666667,0.5833333333333333,PVEM,133,0.3204819277108434,12,0.02891566265060241,MORENA,121,0.29156626506024097,69,0.16626506024096385,MC,52,0.12530120481927712,PVEM,133,0.3204819277108434,12,0.02891566265060241,MORENA,121,0.29156626506024097,69,0.16626506024096385,MC,52,0.12530120481927712,32,0.07710843373493977,9,0.021686746987951807,8,0.01927710843373494,133,0.3204819277108434,5,0.012048192771084338,52,0.12530120481927712,121,0.29156626506024097,13,0.03132530120481928,3,0.007228915662650603,3,0.007228915662650603,2,0.004819277108433735,0,0.0,0,0.0,0,0.0,1,0.0024096385542168677,0,0.0,0,0.0,0,0.0,0,0.0,0,0.0,3,0.007228915662650603,0,0.0,2,0.004819277108433735,0,0.0,0,0.0,2,0.004819277108433735,26,0.06265060240963856,415,1.0,ORIGEN,SECCION,COMPLETO,CATALOGO_INE_2026
399,23,QUINTANA ROO,BENITO JUAREZ,,6,71,1333,581,0.4358589647411853,0.5641410352588148,MORENA,199,0.342512908777969,102,0.17555938037865748,PVEM,97,0.16695352839931152,15,0.025817555938037865,MC,82,0.14113597246127366,MORENA,199,0.342512908777969,102,0.17555938037865748,PVEM,97,0.16695352839931152,15,0.025817555938037865,MC,82,0.14113597246127366,50,0.08605851979345955,21,0.03614457831325301,16,0.027538726333907058,97,0.16695352839931152,14,0.024096385542168676,82,0.14113597246127366,199,0.342512908777969,10,0.01721170395869191,13,0.022375215146299483,10,0.01721170395869191,2,0.0034423407917383822,1,0.0017211703958691911,1,0.0017211703958691911,0,0.0,3,0.0051635111876075735,3,0.0051635111876075735,1,0.0017211703958691911,0,0.0,0,0.0,0,0.0,6,0.010327022375215147,2,0.0034423407917383822,7,0.012048192771084338,0,0.0,0,0.0,0,0.0,43,0.07401032702237521,581,1.0,ORIGEN,SECCION,COMPLETO,CATALOGO_INE_2026
400,23,QUINTANA ROO,BENITO JUAREZ,,6,72,2125,901,0.424,0.5760000000000001,MORENA,297,0.32963374028856823,114,0.12652608213096558,PVEM,183,0.20310765815760268,33,0.03662597114317425,MC,150,0.16648168701442842,MORENA,297,0.32963374028856823,114,0.12652608213096558,PVEM,183,0.20310765815760268,33,0.03662597114317425,MC,150,0.16648168701442842,78,0.08657047724750278,31,0.03440621531631521,20,0.022197558268590455,183,0.20310765815760268,19,0.021087680355160933,150,0.16648168701442842,297,0.32963374028856823,30,0.033296337402885685,8,0.008879023307436182,8,0.008879023307436182,5,0.005549389567147614,6,0.006659267480577136,0,0.0,0,0.0,1,0.0011098779134295228,1,0.0011098779134295228,1,0.0011098779134295228,1,0.0011098779134295228,0,0.0,2,0.0022197558268590455,4,0.004439511653718091,0,0.0,7,0.00776914539400666,0,0.0,1,0.0011098779134295228,1,0.0011098779134295228,47,0.05216426193118757,901,1.0,ORIGEN,SECCION,COMPLETO,CATALOGO_INE_2026
401,23,QUINTANA ROO,BENITO JUAREZ,,6,73,2143,842,0.3929071395240317,0.6070928604759682,MORENA,283,0.336104513064133,117,0.13895486935866982,PVEM,166,0.19714964370546317,20,0.023752969121140142,MC,146,0.17339667458432304,MORENA,283,0.336104513064133,117,0.13895486935866982,PVEM,166,0.19714964370546317,20,0.023752969121140142,MC,146,0.17339667458432304,105,0.12470308788598575,22,0.026128266033254157,22,0.026128266033254157,166,0.19714964370546317,9,0.010688836104513063,146,0.17339667458432304,283,0.336104513064133,30,0.035629453681710214,10,0.011876484560570071,7,0.00831353919239905,4,0.004750593824228029,2,0.0023752969121140144,1,0.0011876484560570072,0,0.0,1,0.0011876484560570072,2,0.0023752969121140144,0,0.0,0,0.0,0,0.0,2,0.0023752969121140144,0,0.0,1,0.0011876484560570072,1,0.0011876484560570072,0,0.0,0,0.0,0,0.0,28,0.0332541567695962,842,1.0,ORIGEN,SECCION,COMPLETO,CATALOGO_INE_2026
402,23,QUINTANA ROO,BENITO JUAREZ,,6,74,1509,691,0.4579191517561299,0.5420808482438702,MORENA,195,0.2821997105643994,26,0.03762662807525326,PVEM,169,0.24457308248914617,82,0.11866859623733719,MC,87,0.12590448625180897,MORENA,195,0.2821997105643994,26,0.03762662807525326,PVEM,169,0.24457308248914617,82,0.11866859623733719,MC,87,0.12590448625180897,85,0.12301013024602026,33,0.04775687409551375,57,0.0824891461649783,169,0.24457308248914617,12,0.017366136034732273,87,0.12590448625180897,195,0.2821997105643994,14,0.020260492040520984,7,0.010130246020260492,2,0.002894356005788712,1,0.001447178002894356,1,0.001447178002894356,0,0.0,0,0.0,1,0.001447178002894356,1,0.001447178002894356,0,0.0,1,0.001447178002894356,0,0.0,0,0.0,3,0.004341534008683068,0,0.0,0,0.0,0,0.0,0,0.0,0,0.0,22,0.03183791606367583,691,1.0,ORIGEN,SECCION,COMPLETO,CATALOGO_INE_2026
403,23,QUINTANA ROO,BENITO JUAREZ,,6,75,1028,463,0.45038910505836577,0.5496108949416343,MORENA,152,0.3282937365010799,68,0.1468682505399568,PVEM,84,0.18142548596112312,5,0.01079913606911447,MC,79,0.17062634989200864,MORENA,152,0.3282937365010799,68,0.1468682505399568,PVEM,84,0.18142548596112312,5,0.01079913606911447,MC,79,0.17062634989200864,41,0.08855291576673865,12,0.02591792656587473,9,0.019438444924406047,84,0.18142548596112312,13,0.028077753779697623,79,0.17062634989200864,152,0.3282937365010799,23,0.04967602591792657,5,0.01079913606911447,5,0.01079913606911447,2,0.004319654427645789,1,0.0021598272138228943,0,0.0,0,0.0,0,0.0,0,0.0,0,0.0,0,0.0,0,0.0,1,0.0021598272138228943,6,0.012958963282937365,2,0.004319654427645789,2,0.004319654427645789,0,0.0,0,0.0,1,0.0021598272138228943,25,0.05399568034557235,463,1.0,ORIGEN,SECCION,COMPLETO,CATALOGO_INE_2026
404,23,QUINTANA ROO,BENITO JUAREZ,,6,101,711,325,0.4571026722925457,0.5428973277074542,MORENA,116,0.3569230769230769,34,0.10461538461538461,PVEM,82,0.2523076923076923,39,0.12,MC,43,0.13230769230769232,MORENA,116,0.3569230769230769,34,0.10461538461538461,PVEM,82,0.2523076923076923,39,0.12,MC,43,0.13230769230769232,25,0.07692307692307693,12,0.036923076923076927,8,0.024615384615384615,82,0.2523076923076923,10,0.03076923076923077,43,0.13230769230769232,116,0.3569230769230769,6,0.018461538461538463,2,0.006153846153846154,2,0.006153846153846154,1,0.003076923076923077,1,0.003076923076923077,0,0.0,0,0.0,0,0.0,1,0.003076923076923077,1,0.003076923076923077,1,0.003076923076923077,0,0.0,0,0.0,2,0.006153846153846154,0,0.0,0,0.0,0,0.0,1,0.003076923076923077,0,0.0,11,0.033846153846153845,325,1.0,ORIGEN,SECCION,COMPLETO,CATALOGO_INE_2026
405,23,QUINTANA ROO,BENITO JUAREZ,,6,102,1808,723,0.39988938053097345,0.6001106194690266,MORENA,241,0.3333333333333333,98,0.1355463347164592,PAN,143,0.19778699861687413,32,0.04426002766251729,MC,111,0.15352697095435686,MORENA,241,0.3333333333333333,98,0.1355463347164592,PAN,143,0.19778699861687413,32,0.04426002766251729,MC,111,0.15352697095435686,143,0.19778699861687413,19,0.02627939142461964,14,0.019363762102351315,89,0.12309820193637622,15,0.02074688796680498,111,0.15352697095435686,241,0.3333333333333333,20,0.027662517289073305,5,0.006915629322268326,10,0.013831258644536652,2,0.0027662517289073307,4,0.005532503457814661,0,0.0,0,0.0,3,0.004149377593360996,2,0.0027662517289073307,0,0.0,0,0.0,0,0.0,1,0.0013831258644536654,5,0.006915629322268326,0,0.0,2,0.0027662517289073307,0,0.0,1,0.0013831258644536654,0,0.0,36,0.04979253112033195,723,1.0,ORIGEN,SECCION,COMPLETO,CATALOGO_INE_2026
406,23,QUINTANA ROO,BENITO JUAREZ,,6,103,473,229,0.48414376321353064,0.5158562367864694,MORENA,79,0.34497816593886466,31,0.13537117903930132,PAN,48,0.2096069868995633,8,0.034934497816593885,MC,40,0.17467248908296942,MORENA,79,0.34497816593886466,31,0.13537117903930132,PAN,48,0.2096069868995633,8,0.034934497816593885,MC,40,0.17467248908296942,48,0.2096069868995633,18,0.07860262008733625,2,0.008733624454148471,22,0.09606986899563319,0,0.0,40,0.17467248908296942,79,0.34497816593886466,7,0.03056768558951965,0,0.0,1,0.004366812227074236,0,0.0,1,0.004366812227074236,0,0.0,0,0.0,0,0.0,0,0.0,0,0.0,0,0.0,0,0.0,0,0.0,2,0.008733624454148471,0,0.0,0,0.0,0,0.0,0,0.0,0,0.0,9,0.039301310043668124,229,1.0,ORIGEN,SECCION,COMPLETO,CATALOGO_INE_2026
407,23,QUINTANA ROO,BENITO JUAREZ,,6,104,1137,536,0.4714160070360598,0.5285839929639402,MORENA,184,0.34328358208955223,77,0.14365671641791045,PAN,107,0.19962686567164178,26,0.048507462686567165,MC,81,0.15111940298507462,MORENA,184,0.34328358208955223,77,0.14365671641791045,PAN,107,0.19962686567164178,26,0.048507462686567165,MC,81,0.15111940298507462,107,0.19962686567164178,31,0.05783582089552239,7,0.013059701492537313,54,0.10074626865671642,9,0.016791044776119403,81,0.15111940298507462,184,0.34328358208955223,18,0.033582089552238806,2,0.0037313432835820895,2,0.0037313432835820895,0,0.0,4,0.007462686567164179,0,0.0,0,0.0,3,0.005597014925373134,2,0.0037313432835820895,0,0.0,0,0.0,1,0.0018656716417910447,0,0.0,3,0.005597014925373134,0,0.0,3,0.005597014925373134,0,0.0,0,0.0,2,0.0037313432835820895,23,0.04291044776119403,536,1.0,ORIGEN,SECCION,COMPLETO,CATALOGO_INE_2026
408,23,QUINTANA ROO,BENITO JUAREZ,,6,127,2105,933,0.44323040380047507,0.5567695961995249,MORENA,369,0.3954983922829582,213,0.2282958199356913,MC,156,0.16720257234726688,35,0.03751339764201501,PVEM,121,0.12968917470525188,MORENA,369,0.3954983922829582,213,0.2282958199356913,MC,156,0.16720257234726688,35,0.03751339764201501,PVEM,121,0.12968917470525188,101,0.1082529474812433,23,0.02465166130760986,22,0.023579849946409433,121,0.12968917470525188,17,0.01822079314040729,156,0.16720257234726688,369,0.3954983922829582,35,0.03751339764201501,6,0.006430868167202572,15,0.01607717041800643,4,0.004287245444801715,1,0.0010718113612004287,0,0.0,0,0.0,3,0.003215434083601286,3,0.003215434083601286,0,0.0,0,0.0,0,0.0,0,0.0,8,0.00857449088960343,0,0.0,3,0.003215434083601286,0,0.0,0,0.0,3,0.003215434083601286,43,0.04608788853161844,933,1.0,ORIGEN,SECCION,COMPLETO,CATALOGO_INE_2026
409,23,QUINTANA ROO,BENITO JUAREZ,,6,181,5404,1972,0.3649148778682457,0.6350851221317543,MORENA,729,0.3696754563894523,352,0.17849898580121704,PVEM,377,0.19117647058823528,35,0.017748478701825558,MC,342,0.17342799188640973,MORENA,729,0.3696754563894523,352,0.17849898580121704,PVEM,377,0.19117647058823528,35,0.017748478701825558,MC,342,0.17342799188640973,167,0.08468559837728194,47,0.02383367139959432,35,0.017748478701825558,377,0.19117647058823528,47,0.02383367139959432,342,0.17342799188640973,729,0.3696754563894523,64,0.032454361054766734,11,0.005578093306288032,15,0.007606490872210953,3,0.0015212981744421906,11,0.005578093306288032,1,0.0005070993914807302,0,0.0,11,0.005578093306288032,5,0.002535496957403651,0,0.0,0,0.0,2,0.0010141987829614604,0,0.0,11,0.005578093306288032,0,0.0,2,0.0010141987829614604,0,0.0,0,0.0,1,0.0005070993914807302,91,0.04614604462474645,1972,1.0,ORIGEN,SECCION,COMPLETO,INFERIDA_SECCION_VECINA
410,23,QUINTANA ROO,BENITO JUAREZ,,6,540,512,217,0.423828125,0.576171875,MORENA,83,0.3824884792626728,31,0.14285714285714285,PVEM,52,0.23963133640552994,25,0.1152073732718894,MC,27,0.12442396313364056,MORENA,83,0.3824884792626728,31,0.14285714285714285,PVEM,52,0.23963133640552994,25,0.1152073732718894,MC,27,0.12442396313364056,15,0.06912442396313365,7,0.03225806451612903,4,0.018433179723502304,52,0.23963133640552994,3,0.013824884792626729,27,0.12442396313364056,83,0.3824884792626728,8,0.03686635944700461,2,0.009216589861751152,1,0.004608294930875576,0,0.0,0,0.0,0,0.0,0,0.0,2,0.009216589861751152,1,0.004608294930875576,0,0.0,0,0.0,0,0.0,0,0.0,3,0.013824884792626729,0,0.0,0,0.0,0,0.0,0,0.0,0,0.0,9,0.041474654377880185,217,1.0,ORIGEN,SECCION,COMPLETO,CATALOGO_INE_2026
411,23,QUINTANA ROO,BENITO JUAREZ,,6,541,678,281,0.4144542772861357,0.5855457227138643,MORENA,106,0.37722419928825623,34,0.12099644128113879,PVEM,72,0.25622775800711745,23,0.08185053380782918,MC,49,0.17437722419928825,MORENA,106,0.37722419928825623,34,0.12099644128113879,PVEM,72,0.25622775800711745,23,0.08185053380782918,MC,49,0.17437722419928825,24,0.08540925266903915,4,0.014234875444839857,5,0.017793594306049824,72,0.25622775800711745,7,0.02491103202846975,49,0.17437722419928825,106,0.37722419928825623,5,0.017793594306049824,3,0.010676156583629894,4,0.014234875444839857,0,0.0,1,0.0035587188612099642,0,0.0,0,0.0,1,0.0035587188612099642,0,0.0,0,0.0,0,0.0,0,0.0,0,0.0,0,0.0,0,0.0,0,0.0,0,0.0,0,0.0,0,0.0,0,0.0,281,1.0,ORIGEN,SECCION,COMPLETO,CATALOGO_INE_2026
412,23,QUINTANA ROO,BENITO JUAREZ,,6,542,746,337,0.4517426273458445,0.5482573726541555,MORENA,117,0.34718100890207715,53,0.1572700296735905,PVEM,64,0.18991097922848665,10,0.02967359050445104,MC,54,0.16023738872403562,MORENA,117,0.34718100890207715,53,0.1572700296735905,PVEM,64,0.18991097922848665,10,0.02967359050445104,MC,54,0.16023738872403562,31,0.09198813056379822,13,0.03857566765578635,3,0.008902077151335312,64,0.18991097922848665,4,0.011869436201780416,54,0.16023738872403562,117,0.34718100890207715,17,0.050445103857566766,2,0.005934718100890208,6,0.017804154302670624,0,0.0,1,0.002967359050445104,0,0.0,0,0.0,0,0.0,0,0.0,0,0.0,0,0.0,0,0.0,1,0.002967359050445104,2,0.005934718100890208,0,0.0,1,0.002967359050445104,0,0.0,0,0.0,1,0.002967359050445104,20,0.05934718100890208,337,1.0,ORIGEN,SECCION,COMPLETO,CATALOGO_INE_2026
413,23,QUINTANA ROO,BENITO JUAREZ,,6,554,660,318,0.4818181818181818,0.5181818181818182,MORENA,95,0.29874213836477986,28,0.0880503144654088,PVEM,67,0.21069182389937108,7,0.0220125786163522,MC,60,0.18867924528301888,MORENA,95,0.29874213836477986,28,0.0880503144654088,PVEM,67,0.21069182389937108,7,0.0220125786163522,MC,60,0.18867924528301888,27,0.08490566037735849,11,0.03459119496855346,5,0.015723270440251572,67,0.21069182389937108,12,0.03773584905660377,60,0.18867924528301888,95,0.29874213836477986,9,0.02830188679245283,5,0.015723270440251572,10,0.031446540880503145,2,0.006289308176100629,2,0.006289308176100629,0,0.0,0,0.0,1,0.0031446540880503146,0,0.0,1,0.0031446540880503146,0,0.0,0,0.0,0,0.0,1,0.0031446540880503146,0,0.0,0,0.0,0,0.0,0,0.0,0,0.0,10,0.031446540880503145,318,1.0,ORIGEN,SECCION,COMPLETO,CATALOGO_INE_2026
414,23,QUINTANA ROO,BENITO JUAREZ,,6,555,520,223,0.4288461538461538,0.5711538461538461,MORENA,78,0.34977578475336324,9,0.04035874439461883,PVEM,69,0.3094170403587444,49,0.21973094170403587,MC,20,0.08968609865470852,MORENA,78,0.34977578475336324,9,0.04035874439461883,PVEM,69,0.3094170403587444,49,0.21973094170403587,MC,20,0.08968609865470852,8,0.03587443946188341,6,0.026905829596412557,7,0.03139013452914798,69,0.3094170403587444,4,0.017937219730941704,20,0.08968609865470852,78,0.34977578475336324,8,0.03587443946188341,2,0.008968609865470852,5,0.02242152466367713,0,0.0,1,0.004484304932735426,0,0.0,0,0.0,1,0.004484304932735426,1,0.004484304932735426,0,0.0,0,0.0,0,0.0,1,0.004484304932735426,1,0.004484304932735426,0,0.0,0,0.0,0,0.0,0,0.0,0,0.0,11,0.04932735426008968,223,1.0,ORIGEN,SECCION,COMPLETO,CATALOGO_INE_2026
415,23,QUINTANA ROO,BENITO JUAREZ,,6,556,896,409,0.4564732142857143,0.5435267857142857,PVEM,137,0.33496332518337407,10,0.02444987775061125,MORENA,127,0.3105134474327628,86,0.21026894865525672,MC,41,0.10024449877750612,PVEM,137,0.33496332518337407,10,0.02444987775061125,MORENA,127,0.3105134474327628,86,0.21026894865525672,MC,41,0.10024449877750612,29,0.07090464547677261,14,0.034229828850855744,12,0.029339853300733496,137,0.33496332518337407,5,0.012224938875305624,41,0.10024449877750612,127,0.3105134474327628,11,0.02689486552567237,4,0.009779951100244499,0,0.0,3,0.007334963325183374,0,0.0,0,0.0,0,0.0,0,0.0,0,0.0,0,0.0,0,0.0,0,0.0,1,0.0024449877750611247,1,0.0024449877750611247,0,0.0,0,0.0,0,0.0,0,0.0,1,0.0024449877750611247,23,0.05623471882640587,409,1.0,ORIGEN,SECCION,COMPLETO,CATALOGO_INE_2026
416,23,QUINTANA ROO,BENITO JUAREZ,,6,557,598,281,0.4698996655518395,0.5301003344481605,MORENA,101,0.3594306049822064,31,0.1103202846975089,PVEM,70,0.2491103202846975,32,0.11387900355871886,MC,38,0.13523131672597866,MORENA,101,0.3594306049822064,31,0.1103202846975089,PVEM,70,0.2491103202846975,32,0.11387900355871886,MC,38,0.13523131672597866,22,0.07829181494661921,3,0.010676156583629894,21,0.07473309608540925,70,0.2491103202846975,4,0.014234875444839857,38,0.13523131672597866,101,0.3594306049822064,5,0.017793594306049824,2,0.0071174377224199285,2,0.0071174377224199285,0,0.0,1,0.0035587188612099642,0,0.0,0,0.0,0,0.0,3,0.010676156583629894,0,0.0,0,0.0,0,0.0,0,0.0,0,0.0,0,0.0,0,0.0,0,0.0,0,0.0,0,0.0,9,0.03202846975088968,281,1.0,ORIGEN,SECCION,COMPLETO,CATALOGO_INE_2026
417,23,QUINTANA ROO,BENITO JUAREZ,,6,558,918,309,0.3366013071895425,0.6633986928104575,MORENA,87,0.2815533980582524,5,0.016181229773462782,MC,82,0.26537216828478966,36,0.11650485436893204,PVEM,46,0.1488673139158576,MORENA,87,0.2815533980582524,5,0.016181229773462782,MC,82,0.26537216828478966,36,0.11650485436893204,PVEM,46,0.1488673139158576,19,0.061488673139158574,10,0.032362459546925564,8,0.025889967637540454,46,0.1488673139158576,7,0.022653721682847898,82,0.26537216828478966,87,0.2815533980582524,22,0.07119741100323625,0,0.0,4,0.012944983818770227,2,0.006472491909385114,1,0.003236245954692557,0,0.0,0,0.0,0,0.0,0,0.0,0,0.0,0,0.0,0,0.0,1,0.003236245954692557,0,0.0,0,0.0,1,0.003236245954692557,0,0.0,0,0.0,0,0.0,19,0.061488673139158574,309,1.0,ORIGEN,SECCION,COMPLETO,CATALOGO_INE_2026
418,23,QUINTANA ROO,BENITO JUAREZ,,6,572,625,280,0.448,0.552,PVEM,111,0.3964285714285714,36,0.12857142857142856,MORENA,75,0.26785714285714285,44,0.15714285714285714,MC,31,0.11071428571428571,PVEM,111,0.3964285714285714,36,0.12857142857142856,MORENA,75,0.26785714285714285,44,0.15714285714285714,MC,31,0.11071428571428571,14,0.05,0,0.0,5,0.017857142857142856,111,0.3964285714285714,4,0.014285714285714285,31,0.11071428571428571,75,0.26785714285714285,10,0.03571428571428571,1,0.0035714285714285713,1,0.0035714285714285713,0,0.0,0,0.0,0,0.0,0,0.0,0,0.0,0,0.0,0,0.0,0,0.0,0,0.0,6,0.02142857142857143,1,0.0035714285714285713,0,0.0,6,0.02142857142857143,1,0.0035714285714285713,1,0.0035714285714285713,0,0.0,13,0.04642857142857143,280,1.0,ORIGEN,SECCION,COMPLETO,CATALOGO_INE_2026
419,23,QUINTANA ROO,BENITO JUAREZ,,6,573,793,359,0.4527112232030265,0.5472887767969735,MORENA,117,0.32590529247910865,38,0.10584958217270195,PVEM,79,0.2200557103064067,13,0.036211699164345405,MC,66,0.18384401114206128,MORENA,117,0.32590529247910865,38,0.10584958217270195,PVEM,79,0.2200557103064067,13,0.036211699164345405,MC,66,0.18384401114206128,29,0.0807799442896936,5,0.013927576601671309,12,0.033426183844011144,79,0.2200557103064067,9,0.025069637883008356,66,0.18384401114206128,117,0.32590529247910865,18,0.05013927576601671,5,0.013927576601671309,1,0.002785515320334262,1,0.002785515320334262,2,0.005571030640668524,0,0.0,0,0.0,1,0.002785515320334262,1,0.002785515320334262,0,0.0,0,0.0,0,0.0,0,0.0,0,0.0,0,0.0,0,0.0,0,0.0,0,0.0,0,0.0,13,0.036211699164345405,359,1.0,ORIGEN,SECCION,COMPLETO,CATALOGO_INE_2026
420,23,QUINTANA ROO,BENITO JUAREZ,,6,574,489,261,0.5337423312883436,0.4662576687116564,MORENA,78,0.2988505747126437,24,0.09195402298850575,PVEM,54,0.20689655172413793,14,0.05363984674329502,MC,40,0.1532567049808429,MORENA,78,0.2988505747126437,24,0.09195402298850575,PVEM,54,0.20689655172413793,14,0.05363984674329502,MC,40,0.1532567049808429,26,0.09961685823754789,11,0.0421455938697318,6,0.022988505747126436,54,0.20689655172413793,5,0.019157088122605363,40,0.1532567049808429,78,0.2988505747126437,10,0.038314176245210725,3,0.011494252873563218,7,0.02681992337164751,1,0.0038314176245210726,0,0.0,0,0.0,0,0.0,2,0.007662835249042145,0,0.0,0,0.0,0,0.0,0,0.0,0,0.0,4,0.01532567049808429,0,0.0,2,0.007662835249042145,0,0.0,0,0.0,0,0.0,12,0.04597701149425287,261,1.0,ORIGEN,SECCION,COMPLETO,CATALOGO_INE_2026
421,23,QUINTANA ROO,BENITO JUAREZ,,6,575,826,346,0.4188861985472155,0.5811138014527846,MORENA,134,0.3872832369942196,74,0.2138728323699422,MC,60,0.17341040462427745,9,0.02601156069364162,PVEM,51,0.14739884393063585,MORENA,134,0.3872832369942196,74,0.2138728323699422,MC,60,0.17341040462427745,9,0.02601156069364162,PVEM,51,0.14739884393063585,33,0.0953757225433526,12,0.03468208092485549,7,0.02023121387283237,51,0.14739884393063585,5,0.014450867052023121,60,0.17341040462427745,134,0.3872832369942196,17,0.049132947976878616,4,0.011560693641618497,3,0.008670520231213872,1,0.002890173410404624,2,0.005780346820809248,0,0.0,0,0.0,0,0.0,1,0.002890173410404624,0,0.0,0,0.0,1,0.002890173410404624,0,0.0,1,0.002890173410404624,0,0.0,2,0.005780346820809248,0,0.0,2,0.005780346820809248,0,0.0,10,0.028901734104046242,346,1.0,ORIGEN,SECCION,COMPLETO,CATALOGO_INE_2026
422,23,QUINTANA ROO,BENITO JUAREZ,,6,576,649,305,0.4699537750385208,0.5300462249614792,PVEM,115,0.3770491803278688,33,0.10819672131147541,MORENA,82,0.26885245901639343,45,0.14754098360655737,MC,37,0.12131147540983607,PVEM,115,0.3770491803278688,33,0.10819672131147541,MORENA,82,0.26885245901639343,45,0.14754098360655737,MC,37,0.12131147540983607,28,0.09180327868852459,4,0.013114754098360656,3,0.009836065573770493,115,0.3770491803278688,3,0.009836065573770493,37,0.12131147540983607,82,0.26885245901639343,6,0.019672131147540985,4,0.013114754098360656,2,0.006557377049180328,0,0.0,0,0.0,0,0.0,0,0.0,1,0.003278688524590164,0,0.0,1,0.003278688524590164,0,0.0,0,0.0,1,0.003278688524590164,3,0.009836065573770493,0,0.0,0,0.0,0,0.0,0,0.0,0,0.0,15,0.04918032786885246,305,1.0,ORIGEN,SECCION,COMPLETO,CATALOGO_INE_2026
423,23,QUINTANA ROO,BENITO JUAREZ,,6,577,634,284,0.4479495268138801,0.5520504731861199,PVEM,118,0.4154929577464789,55,0.1936619718309859,MORENA,63,0.22183098591549297,27,0.09507042253521127,MC,36,0.1267605633802817,PVEM,118,0.4154929577464789,55,0.1936619718309859,MORENA,63,0.22183098591549297,27,0.09507042253521127,MC,36,0.1267605633802817,12,0.04225352112676056,16,0.056338028169014086,1,0.0035211267605633804,118,0.4154929577464789,4,0.014084507042253521,36,0.1267605633802817,63,0.22183098591549297,5,0.017605633802816902,3,0.01056338028169014,2,0.007042253521126761,1,0.0035211267605633804,2,0.007042253521126761,0,0.0,0,0.0,0,0.0,1,0.0035211267605633804,0,0.0,0,0.0,0,0.0,0,0.0,6,0.02112676056338028,1,0.0035211267605633804,0,0.0,0,0.0,0,0.0,0,0.0,13,0.045774647887323945,284,1.0,ORIGEN,SECCION,COMPLETO,CATALOGO_INE_2026
424,23,QUINTANA ROO,BENITO JUAREZ,,6,857,1208,448,0.3708609271523179,0.6291390728476821,MORENA,179,0.39955357142857145,95,0.21205357142857142,MC,84,0.1875,25,0.05580357142857143,PVEM,59,0.13169642857142858,MORENA,179,0.39955357142857145,95,0.21205357142857142,MC,84,0.1875,25,0.05580357142857143,PVEM,59,0.13169642857142858,46,0.10267857142857142,18,0.04017857142857143,11,0.024553571428571428,59,0.13169642857142858,9,0.020089285714285716,84,0.1875,179,0.39955357142857145,11,0.024553571428571428,4,0.008928571428571428,4,0.008928571428571428,0,0.0,0,0.0,0,0.0,1,0.002232142857142857,0,0.0,0,0.0,0,0.0,0,0.0,0,0.0,0,0.0,3,0.006696428571428571,1,0.002232142857142857,1,0.002232142857142857,0,0.0,0,0.0,0,0.0,17,0.03794642857142857,448,1.0,ORIGEN,SECCION,COMPLETO,CATALOGO_INE_2026
425,23,QUINTANA ROO,BENITO JUAREZ,,6,859,689,218,0.3164005805515239,0.683599419448476,MORENA,83,0.38073394495412843,45,0.20642201834862386,MC,38,0.1743119266055046,9,0.04128440366972477,PAN,29,0.13302752293577982,MORENA,83,0.38073394495412843,45,0.20642201834862386,MC,38,0.1743119266055046,9,0.04128440366972477,PAN,29,0.13302752293577982,29,0.13302752293577982,10,0.045871559633027525,9,0.04128440366972477,20,0.09174311926605505,4,0.01834862385321101,38,0.1743119266055046,83,0.38073394495412843,6,0.027522935779816515,3,0.013761467889908258,0,0.0,0,0.0,0,0.0,0,0.0,0,0.0,2,0.009174311926605505,2,0.009174311926605505,0,0.0,0,0.0,0,0.0,0,0.0,1,0.0045871559633027525,0,0.0,1,0.0045871559633027525,0,0.0,0,0.0,0,0.0,10,0.045871559633027525,218,1.0,ORIGEN,SECCION,COMPLETO,CATALOGO_INE_2026
426,23,QUINTANA ROO,BENITO JUAREZ,,6,860,961,352,0.36628511966701355,0.6337148803329864,MORENA,159,0.45170454545454547,96,0.2727272727272727,MC,63,0.17897727272727273,9,0.02556818181818182,PVEM,54,0.1534090909090909,MORENA,159,0.45170454545454547,96,0.2727272727272727,MC,63,0.17897727272727273,9,0.02556818181818182,PVEM,54,0.1534090909090909,30,0.08522727272727272,7,0.019886363636363636,6,0.017045454545454544,54,0.1534090909090909,2,0.005681818181818182,63,0.17897727272727273,159,0.45170454545454547,12,0.03409090909090909,4,0.011363636363636364,3,0.008522727272727272,0,0.0,2,0.005681818181818182,0,0.0,0,0.0,0,0.0,0,0.0,0,0.0,0,0.0,0,0.0,0,0.0,0,0.0,0,0.0,0,0.0,0,0.0,0,0.0,0,0.0,10,0.028409090909090908,352,1.0,ORIGEN,SECCION,COMPLETO,CATALOGO_INE_2026
427,23,QUINTANA ROO,BENITO JUAREZ,,6,861,932,385,0.4130901287553648,0.5869098712446352,MORENA,154,0.4,91,0.23636363636363636,PVEM,63,0.16363636363636364,10,0.025974025974025976,MC,53,0.13766233766233765,MORENA,154,0.4,91,0.23636363636363636,PVEM,63,0.16363636363636364,10,0.025974025974025976,MC,53,0.13766233766233765,39,0.1012987012987013,16,0.04155844155844156,5,0.012987012987012988,63,0.16363636363636364,5,0.012987012987012988,53,0.13766233766233765,154,0.4,23,0.05974025974025974,2,0.005194805194805195,5,0.012987012987012988,1,0.0025974025974025974,0,0.0,0,0.0,0,0.0,0,0.0,1,0.0025974025974025974,0,0.0,0,0.0,0,0.0,0,0.0,0,0.0,0,0.0,0,0.0,0,0.0,0,0.0,0,0.0,18,0.046753246753246755,385,1.0,ORIGEN,SECCION,COMPLETO,CATALOGO_INE_2026
428,23,QUINTANA ROO,BENITO JUAREZ,,6,862,1303,437,0.3353798925556408,0.6646201074443592,MORENA,159,0.36384439359267734,83,0.18993135011441648,MC,76,0.17391304347826086,15,0.034324942791762014,PVEM,61,0.13958810068649885,MORENA,159,0.36384439359267734,83,0.18993135011441648,MC,76,0.17391304347826086,15,0.034324942791762014,PVEM,61,0.13958810068649885,56,0.12814645308924486,9,0.020594965675057208,5,0.011441647597254004,61,0.13958810068649885,14,0.032036613272311214,76,0.17391304347826086,159,0.36384439359267734,21,0.04805491990846682,3,0.006864988558352402,6,0.013729977116704805,3,0.006864988558352402,2,0.004576659038901602,0,0.0,0,0.0,2,0.004576659038901602,0,0.0,0,0.0,0,0.0,0,0.0,0,0.0,2,0.004576659038901602,0,0.0,3,0.006864988558352402,1,0.002288329519450801,1,0.002288329519450801,2,0.004576659038901602,11,0.02517162471395881,437,1.0,ORIGEN,SECCION,COMPLETO,CATALOGO_INE_2026
429,23,QUINTANA ROO,BENITO JUAREZ,,6,863,1302,489,0.37557603686635943,0.6244239631336406,MORENA,182,0.3721881390593047,88,0.17995910020449898,PVEM,94,0.19222903885480572,32,0.065439672801636,MC,62,0.12678936605316973,MORENA,182,0.3721881390593047,88,0.17995910020449898,PVEM,94,0.19222903885480572,32,0.065439672801636,MC,62,0.12678936605316973,40,0.081799591002045,5,0.010224948875255624,8,0.016359918200409,94,0.19222903885480572,13,0.026584867075664622,62,0.12678936605316973,182,0.3721881390593047,33,0.06748466257668712,1,0.002044989775051125,3,0.006134969325153374,8,0.016359918200409,2,0.00408997955010225,0,0.0,0,0.0,2,0.00408997955010225,1,0.002044989775051125,0,0.0,1,0.002044989775051125,0,0.0,0,0.0,5,0.010224948875255624,0,0.0,0,0.0,1,0.002044989775051125,1,0.002044989775051125,1,0.002044989775051125,26,0.053169734151329244,489,1.0,ORIGEN,SECCION,COMPLETO,CATALOGO_INE_2026
430,23,QUINTANA ROO,BENITO JUAREZ,,6,864,598,240,0.4013377926421405,0.5986622073578596,MORENA,99,0.4125,49,0.20416666666666666,MC,50,0.20833333333333334,20,0.08333333333333333,PVEM,30,0.125,MORENA,99,0.4125,49,0.20416666666666666,MC,50,0.20833333333333334,20,0.08333333333333333,PVEM,30,0.125,24,0.1,4,0.016666666666666666,3,0.0125,30,0.125,4,0.016666666666666666,50,0.20833333333333334,99,0.4125,7,0.029166666666666667,4,0.016666666666666666,2,0.008333333333333333,0,0.0,0,0.0,0,0.0,0,0.0,0,0.0,7,0.029166666666666667,0,0.0,0,0.0,0,0.0,0,0.0,0,0.0,0,0.0,0,0.0,0,0.0,0,0.0,0,0.0,6,0.025,240,1.0,ORIGEN,SECCION,COMPLETO,CATALOGO_INE_2026
431,23,QUINTANA ROO,BENITO JUAREZ,,6,865,588,204,0.3469387755102041,0.653061224489796,MORENA,70,0.3431372549019608,24,0.11764705882352941,PVEM,46,0.22549019607843138,7,0.03431372549019608,MC,39,0.19117647058823528,MORENA,70,0.3431372549019608,24,0.11764705882352941,PVEM,46,0.22549019607843138,7,0.03431372549019608,MC,39,0.19117647058823528,24,0.11764705882352941,5,0.024509803921568627,1,0.004901960784313725,46,0.22549019607843138,5,0.024509803921568627,39,0.19117647058823528,70,0.3431372549019608,3,0.014705882352941176,0,0.0,2,0.00980392156862745,0,0.0,0,0.0,0,0.0,0,0.0,1,0.004901960784313725,0,0.0,0,0.0,0,0.0,0,0.0,0,0.0,0,0.0,0,0.0,3,0.014705882352941176,0,0.0,0,0.0,2,0.00980392156862745,3,0.014705882352941176,204,1.0,ORIGEN,SECCION,COMPLETO,CATALOGO_INE_2026
432,23,QUINTANA ROO,BENITO JUAREZ,,6,866,1177,445,0.3780798640611725,0.6219201359388276,MORENA,180,0.4044943820224719,100,0.2247191011235955,PVEM,80,0.1797752808988764,19,0.04269662921348315,MC,61,0.13707865168539327,MORENA,180,0.4044943820224719,100,0.2247191011235955,PVEM,80,0.1797752808988764,19,0.04269662921348315,MC,61,0.13707865168539327,41,0.09213483146067415,1,0.0022471910112359553,16,0.035955056179775284,80,0.1797752808988764,10,0.02247191011235955,61,0.13707865168539327,180,0.4044943820224719,13,0.029213483146067417,4,0.008988764044943821,7,0.015730337078651686,3,0.006741573033707865,1,0.0022471910112359553,0,0.0,0,0.0,0,0.0,0,0.0,0,0.0,0,0.0,0,0.0,1,0.0022471910112359553,5,0.011235955056179775,0,0.0,2,0.0044943820224719105,0,0.0,0,0.0,0,0.0,20,0.0449438202247191,445,1.0,ORIGEN,SECCION,COMPLETO,CATALOGO_INE_2026
433,23,QUINTANA ROO,BENITO JUAREZ,,6,867,976,388,0.3975409836065574,0.6024590163934427,MORENA,158,0.4072164948453608,96,0.24742268041237114,PVEM,62,0.15979381443298968,7,0.01804123711340206,MC,55,0.14175257731958762,MORENA,158,0.4072164948453608,96,0.24742268041237114,PVEM,62,0.15979381443298968,7,0.01804123711340206,MC,55,0.14175257731958762,43,0.11082474226804123,13,0.03350515463917526,9,0.023195876288659795,62,0.15979381443298968,6,0.015463917525773196,55,0.14175257731958762,158,0.4072164948453608,17,0.04381443298969072,0,0.0,6,0.015463917525773196,1,0.002577319587628866,0,0.0,0,0.0,0,0.0,0,0.0,1,0.002577319587628866,0,0.0,1,0.002577319587628866,0,0.0,0,0.0,0,0.0,0,0.0,0,0.0,0,0.0,1,0.002577319587628866,1,0.002577319587628866,14,0.03608247422680412,388,1.0,ORIGEN,SECCION,COMPLETO,CATALOGO_INE_2026
434,23,QUINTANA ROO,BENITO JUAREZ,,6,868,754,342,0.4535809018567639,0.5464190981432361,MORENA,132,0.38596491228070173,65,0.19005847953216373,PVEM,67,0.195906432748538,30,0.08771929824561403,MC,37,0.10818713450292397,MORENA,132,0.38596491228070173,65,0.19005847953216373,PVEM,67,0.195906432748538,30,0.08771929824561403,MC,37,0.10818713450292397,36,0.10526315789473684,11,0.03216374269005848,18,0.05263157894736842,67,0.195906432748538,7,0.02046783625730994,37,0.10818713450292397,132,0.38596491228070173,9,0.02631578947368421,3,0.008771929824561403,4,0.011695906432748537,0,0.0,1,0.0029239766081871343,1,0.0029239766081871343,0,0.0,0,0.0,0,0.0,0,0.0,0,0.0,1,0.0029239766081871343,0,0.0,4,0.011695906432748537,0,0.0,1,0.0029239766081871343,0,0.0,0,0.0,0,0.0,10,0.029239766081871343,342,1.0,ORIGEN,SECCION,COMPLETO,CATALOGO_INE_2026
435,23,QUINTANA ROO,BENITO JUAREZ,,6,869,644,269,0.41770186335403725,0.5822981366459627,MORENA,105,0.3903345724907063,47,0.17472118959107807,PVEM,58,0.21561338289962825,25,0.09293680297397769,MC,33,0.12267657992565056,MORENA,105,0.3903345724907063,47,0.17472118959107807,PVEM,58,0.21561338289962825,25,0.09293680297397769,MC,33,0.12267657992565056,26,0.09665427509293681,3,0.011152416356877323,6,0.022304832713754646,58,0.21561338289962825,2,0.007434944237918215,33,0.12267657992565056,105,0.3903345724907063,17,0.06319702602230483,1,0.0037174721189591076,2,0.007434944237918215,1,0.0037174721189591076,2,0.007434944237918215,0,0.0,0,0.0,1,0.0037174721189591076,1,0.0037174721189591076,0,0.0,0,0.0,0,0.0,0,0.0,3,0.011152416356877323,0,0.0,0,0.0,0,0.0,0,0.0,0,0.0,8,0.02973977695167286,269,1.0,ORIGEN,SECCION,COMPLETO,CATALOGO_INE_2026
436,23,QUINTANA ROO,BENITO JUAREZ,,6,870,501,229,0.45708582834331335,0.5429141716566867,MORENA,71,0.31004366812227074,25,0.1091703056768559,PVEM,46,0.20087336244541484,9,0.039301310043668124,MC,37,0.1615720524017467,MORENA,71,0.31004366812227074,25,0.1091703056768559,PVEM,46,0.20087336244541484,9,0.039301310043668124,MC,37,0.1615720524017467,30,0.13100436681222707,3,0.013100436681222707,3,0.013100436681222707,46,0.20087336244541484,2,0.008733624454148471,37,0.1615720524017467,71,0.31004366812227074,18,0.07860262008733625,1,0.004366812227074236,2,0.008733624454148471,0,0.0,0,0.0,0,0.0,0,0.0,0,0.0,0,0.0,0,0.0,0,0.0,0,0.0,1,0.004366812227074236,2,0.008733624454148471,0,0.0,2,0.008733624454148471,1,0.004366812227074236,0,0.0,0,0.0,10,0.043668122270742356,229,1.0,ORIGEN,SECCION,COMPLETO,CATALOGO_INE_2026
437,23,QUINTANA ROO,BENITO JUAREZ,,6,871,435,212,0.48735632183908045,0.5126436781609196,MORENA,102,0.4811320754716981,57,0.2688679245283019,PVEM,45,0.21226415094339623,27,0.12735849056603774,MC,18,0.08490566037735849,MORENA,102,0.4811320754716981,57,0.2688679245283019,PVEM,45,0.21226415094339623,27,0.12735849056603774,MC,18,0.08490566037735849,9,0.04245283018867924,6,0.02830188679245283,3,0.014150943396226415,45,0.21226415094339623,3,0.014150943396226415,18,0.08490566037735849,102,0.4811320754716981,10,0.04716981132075472,1,0.0047169811320754715,1,0.0047169811320754715,1,0.0047169811320754715,0,0.0,0,0.0,0,0.0,0,0.0,0,0.0,0,0.0,0,0.0,1,0.0047169811320754715,0,0.0,0,0.0,0,0.0,1,0.0047169811320754715,0,0.0,0,0.0,0,0.0,11,0.05188679245283019,212,1.0,ORIGEN,SECCION,COMPLETO,CATALOGO_INE_2026
438,23,QUINTANA ROO,BENITO JUAREZ,,6,872,771,364,0.4721141374837873,0.5278858625162127,MORENA,137,0.37637362637362637,68,0.18681318681318682,PVEM,69,0.18956043956043955,10,0.027472527472527472,MC,59,0.1620879120879121,MORENA,137,0.37637362637362637,68,0.18681318681318682,PVEM,69,0.18956043956043955,10,0.027472527472527472,MC,59,0.1620879120879121,24,0.06593406593406594,7,0.019230769230769232,12,0.03296703296703297,69,0.18956043956043955,11,0.03021978021978022,59,0.1620879120879121,137,0.37637362637362637,12,0.03296703296703297,3,0.008241758241758242,4,0.01098901098901099,0,0.0,0,0.0,0,0.0,0,0.0,0,0.0,1,0.0027472527472527475,0,0.0,0,0.0,0,0.0,0,0.0,4,0.01098901098901099,0,0.0,1,0.0027472527472527475,0,0.0,0,0.0,0,0.0,20,0.054945054945054944,364,1.0,ORIGEN,SECCION,COMPLETO,CATALOGO_INE_2026
439,23,QUINTANA ROO,BENITO JUAREZ,,6,873,504,235,0.4662698412698413,0.5337301587301587,PVEM,74,0.3148936170212766,15,0.06382978723404255,MORENA,59,0.251063829787234,30,0.1276595744680851,MC,29,0.12340425531914893,PVEM,74,0.3148936170212766,15,0.06382978723404255,MORENA,59,0.251063829787234,30,0.1276595744680851,MC,29,0.12340425531914893,28,0.11914893617021277,12,0.05106382978723404,8,0.03404255319148936,74,0.3148936170212766,5,0.02127659574468085,29,0.12340425531914893,59,0.251063829787234,6,0.02553191489361702,1,0.00425531914893617,1,0.00425531914893617,0,0.0,0,0.0,0,0.0,0,0.0,0,0.0,0,0.0,0,0.0,0,0.0,0,0.0,0,0.0,0,0.0,0,0.0,1,0.00425531914893617,0,0.0,0,0.0,0,0.0,11,0.04680851063829787,235,1.0,ORIGEN,SECCION,COMPLETO,CATALOGO_INE_2026
440,23,QUINTANA ROO,BENITO JUAREZ,,7,151,4955,1881,0.3796165489404642,0.6203834510595359,MORENA,580,0.3083466241360978,191,0.10154173312068049,PVEM,389,0.20680489101541732,30,0.01594896331738437,PAN,359,0.19085592769803297,MORENA,580,0.3083466241360978,191,0.10154173312068049,PVEM,389,0.20680489101541732,30,0.01594896331738437,PAN,359,0.19085592769803297,359,0.19085592769803297,67,0.03561935140882509,26,0.013822434875066455,389,0.20680489101541732,32,0.01701222753854333,271,0.1440723019670388,580,0.3083466241360978,45,0.023923444976076555,8,0.004253056884635832,19,0.010101010101010102,3,0.001594896331738437,4,0.002126528442317916,0,0.0,0,0.0,4,0.002126528442317916,3,0.001594896331738437,0,0.0,0,0.0,0,0.0,1,0.000531632110579479,4,0.002126528442317916,0,0.0,8,0.004253056884635832,0,0.0,0,0.0,3,0.001594896331738437,55,0.029239766081871343,1881,1.0,ORIGEN,SECCION,COMPLETO,CATALOGO_INE_2026
441,23,QUINTANA ROO,BENITO JUAREZ,,7,152,1526,730,0.4783748361730013,0.5216251638269986,PVEM,260,0.3561643835616438,45,0.06164383561643835,MORENA,215,0.2945205479452055,101,0.13835616438356163,MC,114,0.15616438356164383,PVEM,260,0.3561643835616438,45,0.06164383561643835,MORENA,215,0.2945205479452055,101,0.13835616438356163,MC,114,0.15616438356164383,47,0.06438356164383562,8,0.010958904109589041,10,0.0136986301369863,260,0.3561643835616438,14,0.019178082191780823,114,0.15616438356164383,215,0.2945205479452055,19,0.026027397260273973,2,0.0027397260273972603,2,0.0027397260273972603,0,0.0,0,0.0,0,0.0,0,0.0,1,0.0013698630136986301,0,0.0,0,0.0,0,0.0,0,0.0,1,0.0013698630136986301,4,0.005479452054794521,0,0.0,1,0.0013698630136986301,0,0.0,3,0.00410958904109589,0,0.0,29,0.03972602739726028,730,1.0,ORIGEN,SECCION,COMPLETO,CATALOGO_INE_2026
442,23,QUINTANA ROO,BENITO JUAREZ,,7,153,1353,674,0.49815225424981524,0.5018477457501848,PVEM,315,0.46735905044510384,170,0.2522255192878338,MORENA,145,0.21513353115727002,75,0.11127596439169139,MC,70,0.10385756676557864,PVEM,315,0.46735905044510384,170,0.2522255192878338,MORENA,145,0.21513353115727002,75,0.11127596439169139,MC,70,0.10385756676557864,37,0.05489614243323442,10,0.01483679525222552,9,0.013353115727002967,315,0.46735905044510384,11,0.016320474777448073,70,0.10385756676557864,145,0.21513353115727002,16,0.02373887240356083,5,0.00741839762611276,1,0.001483679525222552,2,0.002967359050445104,1,0.001483679525222552,2,0.002967359050445104,0,0.0,3,0.004451038575667656,1,0.001483679525222552,0,0.0,1,0.001483679525222552,0,0.0,0,0.0,6,0.008902077151335312,1,0.001483679525222552,2,0.002967359050445104,0,0.0,0,0.0,0,0.0,36,0.05341246290801187,674,1.0,ORIGEN,SECCION,COMPLETO,CATALOGO_INE_2026
443,23,QUINTANA ROO,BENITO JUAREZ,,7,155,1182,547,0.46277495769881555,0.5372250423011844,PVEM,229,0.4186471663619744,97,0.1773308957952468,MORENA,132,0.2413162705667276,82,0.14990859232175502,MC,50,0.09140767824497258,PVEM,229,0.4186471663619744,97,0.1773308957952468,MORENA,132,0.2413162705667276,82,0.14990859232175502,MC,50,0.09140767824497258,27,0.04936014625228519,10,0.018281535648994516,8,0.014625228519195612,229,0.4186471663619744,8,0.014625228519195612,50,0.09140767824497258,132,0.2413162705667276,25,0.04570383912248629,4,0.007312614259597806,16,0.029250457038391225,1,0.0018281535648994515,5,0.009140767824497258,0,0.0,1,0.0018281535648994515,0,0.0,0,0.0,0,0.0,0,0.0,0,0.0,0,0.0,6,0.010968921389396709,0,0.0,0,0.0,0,0.0,0,0.0,1,0.0018281535648994515,24,0.043875685557586835,547,1.0,ORIGEN,SECCION,COMPLETO,CATALOGO_INE_2026
444,23,QUINTANA ROO,BENITO JUAREZ,,7,164,5139,2074,0.40358046312512164,0.5964195368748784,MORENA,718,0.3461909353905497,289,0.13934426229508196,PVEM,429,0.2068466730954677,129,0.062198649951783994,MC,300,0.1446480231436837,MORENA,718,0.3461909353905497,289,0.13934426229508196,PVEM,429,0.2068466730954677,129,0.062198649951783994,MC,300,0.1446480231436837,299,0.14416586306653809,66,0.03182256509161042,35,0.016875602700096432,429,0.2068466730954677,37,0.017839922854387655,300,0.1446480231436837,718,0.3461909353905497,60,0.02892960462873674,23,0.011089681774349084,17,0.00819672131147541,3,0.0014464802314368371,2,0.0009643201542912247,0,0.0,0,0.0,2,0.0009643201542912247,2,0.0009643201542912247,0,0.0,0,0.0,1,0.00048216007714561236,1,0.00048216007714561236,4,0.0019286403085824494,1,0.00048216007714561236,2,0.0009643201542912247,0,0.0,0,0.0,5,0.0024108003857280617,67,0.03230472516875603,2074,1.0,ORIGEN,SECCION,COMPLETO,CATALOGO_INE_2026
445,23,QUINTANA ROO,BENITO JUAREZ,,7,165,1066,449,0.42120075046904315,0.5787992495309568,PVEM,158,0.3518930957683742,34,0.0757238307349666,MORENA,124,0.27616926503340755,81,0.18040089086859687,PAN,43,0.0957683741648107,PVEM,158,0.3518930957683742,34,0.0757238307349666,MORENA,124,0.27616926503340755,81,0.18040089086859687,PAN,43,0.0957683741648107,43,0.0957683741648107,10,0.022271714922048998,15,0.0334075723830735,158,0.3518930957683742,9,0.0200445434298441,43,0.0957683741648107,124,0.27616926503340755,13,0.028953229398663696,3,0.0066815144766146995,2,0.004454342984409799,2,0.004454342984409799,1,0.0022271714922048997,0,0.0,1,0.0022271714922048997,0,0.0,0,0.0,0,0.0,0,0.0,0,0.0,1,0.0022271714922048997,3,0.0066815144766146995,0,0.0,0,0.0,0,0.0,0,0.0,0,0.0,21,0.0467706013363029,449,1.0,ORIGEN,SECCION,COMPLETO,CATALOGO_INE_2026
446,23,QUINTANA ROO,BENITO JUAREZ,,7,166,3542,1474,0.4161490683229814,0.5838509316770186,PVEM,447,0.30325644504748983,40,0.027137042062415198,MORENA,407,0.27611940298507465,205,0.1390773405698779,MC,202,0.13704206241519673,PVEM,447,0.30325644504748983,40,0.027137042062415198,MORENA,407,0.27611940298507465,205,0.1390773405698779,MC,202,0.13704206241519673,162,0.10990502035278155,33,0.022388059701492536,36,0.024423337856173677,447,0.30325644504748983,15,0.0101763907734057,202,0.13704206241519673,407,0.27611940298507465,30,0.0203527815468114,8,0.005427408412483039,14,0.009497964721845319,2,0.0013568521031207597,10,0.0067842605156037995,0,0.0,0,0.0,0,0.0,0,0.0,0,0.0,2,0.0013568521031207597,0,0.0,0,0.0,9,0.006105834464043419,1,0.0006784260515603799,3,0.0020352781546811396,1,0.0006784260515603799,0,0.0,0,0.0,92,0.06241519674355495,1474,1.0,ORIGEN,SECCION,COMPLETO,INFERIDA_SECCION_VECINA
447,23,QUINTANA ROO,BENITO JUAREZ,,7,168,11565,4410,0.38132295719844356,0.6186770428015564,MORENA,1275,0.2891156462585034,277,0.06281179138321996,PAN,998,0.22630385487528346,295,0.06689342403628118,MC,703,0.15941043083900228,MORENA,1275,0.2891156462585034,277,0.06281179138321996,PAN,998,0.22630385487528346,295,0.06689342403628118,MC,703,0.15941043083900228,998,0.22630385487528346,225,0.05102040816326531,57,0.01292517006802721,636,0.14421768707482993,75,0.017006802721088437,703,0.15941043083900228,1275,0.2891156462585034,147,0.03333333333333333,31,0.007029478458049887,40,0.009070294784580499,13,0.0029478458049886623,5,0.0011337868480725624,1,0.00022675736961451248,1,0.00022675736961451248,8,0.0018140589569160999,3,0.0006802721088435374,0,0.0,1,0.00022675736961451248,1,0.00022675736961451248,2,0.00045351473922902497,10,0.0022675736961451248,1,0.00022675736961451248,8,0.0018140589569160999,0,0.0,0,0.0,3,0.0006802721088435374,166,0.03764172335600907,4410,1.0,ORIGEN,SECCION,COMPLETO,INFERIDA_SECCION_VECINA
448,23,QUINTANA ROO,BENITO JUAREZ,,7,585,1360,579,0.42573529411764705,0.5742647058823529,PVEM,257,0.4438687392055268,106,0.18307426597582038,MORENA,151,0.2607944732297064,86,0.14853195164075994,MC,65,0.11226252158894647,PVEM,257,0.4438687392055268,106,0.18307426597582038,MORENA,151,0.2607944732297064,86,0.14853195164075994,MC,65,0.11226252158894647,29,0.05008635578583765,8,0.013816925734024179,8,0.013816925734024179,257,0.4438687392055268,8,0.013816925734024179,65,0.11226252158894647,151,0.2607944732297064,13,0.022452504317789293,2,0.0034542314335060447,10,0.017271157167530225,0,0.0,0,0.0,0,0.0,0,0.0,0,0.0,3,0.0051813471502590676,0,0.0,0,0.0,0,0.0,0,0.0,1,0.0017271157167530224,0,0.0,0,0.0,0,0.0,0,0.0,0,0.0,24,0.04145077720207254,579,1.0,ORIGEN,SECCION,COMPLETO,CATALOGO_INE_2026
449,23,QUINTANA ROO,BENITO JUAREZ,,7,586,254,125,0.4921259842519685,0.5078740157480315,PVEM,45,0.36,9,0.072,MORENA,36,0.288,15,0.12,MC,21,0.168,PVEM,45,0.36,9,0.072,MORENA,36,0.288,15,0.12,MC,21,0.168,9,0.072,5,0.04,1,0.008,45,0.36,1,0.008,21,0.168,36,0.288,4,0.032,1,0.008,2,0.016,0,0.0,0,0.0,0,0.0,0,0.0,0,0.0,0,0.0,0,0.0,0,0.0,0,0.0,0,0.0,0,0.0,0,0.0,0,0.0,0,0.0,0,0.0,0,0.0,0,0.0,125,1.0,ORIGEN,SECCION,COMPLETO,CATALOGO_INE_2026
450,23,QUINTANA ROO,BENITO JUAREZ,,7,587,277,156,0.5631768953068592,0.4368231046931408,PVEM,72,0.46153846153846156,34,0.21794871794871795,MORENA,38,0.24358974358974358,22,0.14102564102564102,MC,16,0.10256410256410256,PVEM,72,0.46153846153846156,34,0.21794871794871795,MORENA,38,0.24358974358974358,22,0.14102564102564102,MC,16,0.10256410256410256,5,0.03205128205128205,4,0.02564102564102564,0,0.0,72,0.46153846153846156,3,0.019230769230769232,16,0.10256410256410256,38,0.24358974358974358,5,0.03205128205128205,2,0.01282051282051282,0,0.0,0,0.0,0,0.0,0,0.0,0,0.0,0,0.0,0,0.0,0,0.0,0,0.0,0,0.0,0,0.0,2,0.01282051282051282,0,0.0,1,0.00641025641025641,0,0.0,1,0.00641025641025641,0,0.0,7,0.04487179487179487,156,1.0,ORIGEN,SECCION,COMPLETO,CATALOGO_INE_2026
451,23,QUINTANA ROO,BENITO JUAREZ,,7,588,249,121,0.4859437751004016,0.5140562248995983,PVEM,62,0.512396694214876,36,0.2975206611570248,MORENA,26,0.21487603305785125,10,0.08264462809917356,MC,16,0.1322314049586777,PVEM,62,0.512396694214876,36,0.2975206611570248,MORENA,26,0.21487603305785125,10,0.08264462809917356,MC,16,0.1322314049586777,9,0.0743801652892562,1,0.008264462809917356,1,0.008264462809917356,62,0.512396694214876,1,0.008264462809917356,16,0.1322314049586777,26,0.21487603305785125,4,0.03305785123966942,0,0.0,1,0.008264462809917356,0,0.0,0,0.0,0,0.0,0,0.0,0,0.0,0,0.0,0,0.0,0,0.0,0,0.0,0,0.0,0,0.0,0,0.0,0,0.0,0,0.0,0,0.0,0,0.0,0,0.0,121,1.0,ORIGEN,SECCION,COMPLETO,CATALOGO_INE_2026
452,23,QUINTANA ROO,BENITO JUAREZ,,7,589,448,186,0.41517857142857145,0.5848214285714286,MORENA,63,0.3387096774193548,17,0.0913978494623656,MC,46,0.24731182795698925,2,0.010752688172043012,PVEM,44,0.23655913978494625,MORENA,63,0.3387096774193548,17,0.0913978494623656,MC,46,0.24731182795698925,2,0.010752688172043012,PVEM,44,0.23655913978494625,8,0.043010752688172046,2,0.010752688172043012,4,0.021505376344086023,44,0.23655913978494625,3,0.016129032258064516,46,0.24731182795698925,63,0.3387096774193548,4,0.021505376344086023,1,0.005376344086021506,1,0.005376344086021506,0,0.0,1,0.005376344086021506,0,0.0,0,0.0,1,0.005376344086021506,0,0.0,0,0.0,0,0.0,0,0.0,0,0.0,1,0.005376344086021506,0,0.0,1,0.005376344086021506,0,0.0,0,0.0,0,0.0,6,0.03225806451612903,186,1.0,ORIGEN,SECCION,COMPLETO,CATALOGO_INE_2026
453,23,QUINTANA ROO,BENITO JUAREZ,,7,590,361,183,0.5069252077562327,0.49307479224376727,PVEM,112,0.6120218579234973,73,0.3989071038251366,MORENA,39,0.21311475409836064,29,0.15846994535519127,MC,10,0.0546448087431694,PVEM,112,0.6120218579234973,73,0.3989071038251366,MORENA,39,0.21311475409836064,29,0.15846994535519127,MC,10,0.0546448087431694,5,0.0273224043715847,3,0.01639344262295082,0,0.0,112,0.6120218579234973,3,0.01639344262295082,10,0.0546448087431694,39,0.21311475409836064,1,0.00546448087431694,1,0.00546448087431694,0,0.0,0,0.0,0,0.0,0,0.0,0,0.0,2,0.01092896174863388,0,0.0,0,0.0,1,0.00546448087431694,0,0.0,0,0.0,4,0.02185792349726776,0,0.0,2,0.01092896174863388,0,0.0,0,0.0,0,0.0,0,0.0,183,1.0,ORIGEN,SECCION,COMPLETO,CATALOGO_INE_2026
454,23,QUINTANA ROO,BENITO JUAREZ,,7,591,8867,2731,0.30799594000225555,0.6920040599977444,PVEM,1023,0.37458806298059316,320,0.1171731966312706,MORENA,703,0.2574148663493226,395,0.14463566459172464,MC,308,0.11277920175759795,PVEM,1023,0.37458806298059316,320,0.1171731966312706,MORENA,703,0.2574148663493226,395,0.14463566459172464,MC,308,0.11277920175759795,183,0.06700842182350787,69,0.025265470523617724,57,0.020871475649945074,1023,0.37458806298059316,33,0.012083485902599781,308,0.11277920175759795,703,0.2574148663493226,122,0.04467228121567191,15,0.005492493592090809,32,0.011717319663127059,18,0.006590992310508971,8,0.0029293299157817647,0,0.0,2,0.0007323324789454412,0,0.0,7,0.002563163676309044,0,0.0,2,0.0007323324789454412,1,0.0003661662394727206,2,0.0007323324789454412,10,0.003661662394727206,2,0.0007323324789454412,3,0.0010984987184181618,3,0.0010984987184181618,15,0.005492493592090809,2,0.0007323324789454412,111,0.040644452581471986,2731,1.0,ORIGEN,SECCION,COMPLETO,INFERIDA_SECCION_VECINA
455,23,QUINTANA ROO,BENITO JUAREZ,,7,592,1491,523,0.35077129443326627,0.6492287055667337,PVEM,177,0.3384321223709369,8,0.015296367112810707,MORENA,169,0.3231357552581262,112,0.21414913957934992,MC,57,0.1089866156787763,PVEM,177,0.3384321223709369,8,0.015296367112810707,MORENA,169,0.3231357552581262,112,0.21414913957934992,MC,57,0.1089866156787763,51,0.09751434034416825,4,0.0076481835564053535,7,0.01338432122370937,177,0.3384321223709369,11,0.021032504780114723,57,0.1089866156787763,169,0.3231357552581262,16,0.030592734225621414,3,0.0057361376673040155,1,0.0019120458891013384,0,0.0,0,0.0,0,0.0,0,0.0,0,0.0,0,0.0,0,0.0,0,0.0,0,0.0,1,0.0019120458891013384,4,0.0076481835564053535,0,0.0,1,0.0019120458891013384,0,0.0,0,0.0,1,0.0019120458891013384,20,0.03824091778202677,523,1.0,ORIGEN,SECCION,COMPLETO,CATALOGO_INE_2026
456,23,QUINTANA ROO,BENITO JUAREZ,,7,593,446,169,0.3789237668161435,0.6210762331838565,PVEM,67,0.39644970414201186,29,0.17159763313609466,MORENA,38,0.22485207100591717,8,0.047337278106508875,MC,30,0.17751479289940827,PVEM,67,0.39644970414201186,29,0.17159763313609466,MORENA,38,0.22485207100591717,8,0.047337278106508875,MC,30,0.17751479289940827,9,0.05325443786982249,4,0.023668639053254437,2,0.011834319526627219,67,0.39644970414201186,1,0.005917159763313609,30,0.17751479289940827,38,0.22485207100591717,6,0.03550295857988166,0,0.0,1,0.005917159763313609,1,0.005917159763313609,0,0.0,0,0.0,0,0.0,0,0.0,0,0.0,0,0.0,0,0.0,0,0.0,0,0.0,1,0.005917159763313609,0,0.0,0,0.0,0,0.0,0,0.0,1,0.005917159763313609,8,0.047337278106508875,169,1.0,ORIGEN,SECCION,COMPLETO,CATALOGO_INE_2026
457,23,QUINTANA ROO,BENITO JUAREZ,,7,594,736,304,0.41304347826086957,0.5869565217391304,PVEM,107,0.3519736842105263,32,0.10526315789473684,MORENA,75,0.24671052631578946,19,0.0625,MC,56,0.18421052631578946,PVEM,107,0.3519736842105263,32,0.10526315789473684,MORENA,75,0.24671052631578946,19,0.0625,MC,56,0.18421052631578946,23,0.0756578947368421,5,0.01644736842105263,1,0.003289473684210526,107,0.3519736842105263,4,0.013157894736842105,56,0.18421052631578946,75,0.24671052631578946,8,0.02631578947368421,0,0.0,3,0.009868421052631578,1,0.003289473684210526,0,0.0,0,0.0,0,0.0,0,0.0,1,0.003289473684210526,0,0.0,0,0.0,0,0.0,1,0.003289473684210526,3,0.009868421052631578,0,0.0,1,0.003289473684210526,0,0.0,0,0.0,0,0.0,15,0.049342105263157895,304,1.0,ORIGEN,SECCION,COMPLETO,CATALOGO_INE_2026
458,23,QUINTANA ROO,BENITO JUAREZ,,7,597,403,155,0.38461538461538464,0.6153846153846154,PVEM,61,0.3935483870967742,18,0.11612903225806452,MORENA,43,0.27741935483870966,30,0.1935483870967742,PAN,13,0.08387096774193549,PVEM,61,0.3935483870967742,18,0.11612903225806452,MORENA,43,0.27741935483870966,30,0.1935483870967742,PAN,13,0.08387096774193549,13,0.08387096774193549,2,0.012903225806451613,6,0.03870967741935484,61,0.3935483870967742,5,0.03225806451612903,13,0.08387096774193549,43,0.27741935483870966,2,0.012903225806451613,0,0.0,0,0.0,0,0.0,0,0.0,0,0.0,0,0.0,0,0.0,0,0.0,0,0.0,0,0.0,0,0.0,0,0.0,0,0.0,0,0.0,0,0.0,0,0.0,0,0.0,0,0.0,10,0.06451612903225806,155,1.0,ORIGEN,SECCION,COMPLETO,CATALOGO_INE_2026
459,23,QUINTANA ROO,BENITO JUAREZ,,7,598,882,366,0.41496598639455784,0.5850340136054422,MORENA,121,0.33060109289617484,20,0.0546448087431694,PVEM,101,0.27595628415300544,62,0.16939890710382513,MC,39,0.10655737704918032,MORENA,121,0.33060109289617484,20,0.0546448087431694,PVEM,101,0.27595628415300544,62,0.16939890710382513,MC,39,0.10655737704918032,34,0.09289617486338798,12,0.03278688524590164,8,0.02185792349726776,101,0.27595628415300544,7,0.01912568306010929,39,0.10655737704918032,121,0.33060109289617484,17,0.04644808743169399,1,0.00273224043715847,6,0.01639344262295082,0,0.0,0,0.0,0,0.0,0,0.0,3,0.00819672131147541,0,0.0,0,0.0,0,0.0,0,0.0,0,0.0,0,0.0,0,0.0,0,0.0,0,0.0,0,0.0,0,0.0,17,0.04644808743169399,366,1.0,ORIGEN,SECCION,COMPLETO,CATALOGO_INE_2026
460,23,QUINTANA ROO,BENITO JUAREZ,,7,600,210,94,0.44761904761904764,0.5523809523809524,PVEM,40,0.425531914893617,20,0.2127659574468085,MORENA,20,0.2127659574468085,11,0.11702127659574468,MC,9,0.09574468085106383,PVEM,40,0.425531914893617,20,0.2127659574468085,MORENA,20,0.2127659574468085,11,0.11702127659574468,MC,9,0.09574468085106383,6,0.06382978723404255,2,0.02127659574468085,1,0.010638297872340425,40,0.425531914893617,1,0.010638297872340425,9,0.09574468085106383,20,0.2127659574468085,6,0.06382978723404255,1,0.010638297872340425,0,0.0,0,0.0,0,0.0,0,0.0,0,0.0,0,0.0,0,0.0,0,0.0,0,0.0,0,0.0,0,0.0,1,0.010638297872340425,0,0.0,1,0.010638297872340425,0,0.0,0,0.0,0,0.0,6,0.06382978723404255,94,1.0,ORIGEN,SECCION,COMPLETO,CATALOGO_INE_2026
461,23,QUINTANA ROO,BENITO JUAREZ,,7,603,252,106,0.42063492063492064,0.5793650793650793,PVEM,52,0.49056603773584906,35,0.330188679245283,MORENA,17,0.16037735849056603,10,0.09433962264150944,MC,7,0.0660377358490566,PVEM,52,0.49056603773584906,35,0.330188679245283,MORENA,17,0.16037735849056603,10,0.09433962264150944,MC,7,0.0660377358490566,6,0.05660377358490566,2,0.018867924528301886,2,0.018867924528301886,52,0.49056603773584906,6,0.05660377358490566,7,0.0660377358490566,17,0.16037735849056603,7,0.0660377358490566,0,0.0,0,0.0,1,0.009433962264150943,0,0.0,0,0.0,0,0.0,0,0.0,0,0.0,0,0.0,0,0.0,1,0.009433962264150943,0,0.0,0,0.0,1,0.009433962264150943,1,0.009433962264150943,0,0.0,0,0.0,1,0.009433962264150943,2,0.018867924528301886,106,1.0,ORIGEN,SECCION,COMPLETO,CATALOGO_INE_2026
462,23,QUINTANA ROO,BENITO JUAREZ,,7,604,762,384,0.5039370078740157,0.49606299212598426,PVEM,187,0.4869791666666667,96,0.25,MORENA,91,0.23697916666666666,54,0.140625,MC,37,0.09635416666666667,PVEM,187,0.4869791666666667,96,0.25,MORENA,91,0.23697916666666666,54,0.140625,MC,37,0.09635416666666667,15,0.0390625,12,0.03125,7,0.018229166666666668,187,0.4869791666666667,3,0.0078125,37,0.09635416666666667,91,0.23697916666666666,15,0.0390625,0,0.0,1,0.0026041666666666665,0,0.0,0,0.0,0,0.0,0,0.0,0,0.0,2,0.005208333333333333,0,0.0,0,0.0,0,0.0,1,0.0026041666666666665,3,0.0078125,0,0.0,0,0.0,0,0.0,0,0.0,0,0.0,10,0.026041666666666668,384,1.0,ORIGEN,SECCION,COMPLETO,CATALOGO_INE_2026
463,23,QUINTANA ROO,BENITO JUAREZ,,7,605,560,222,0.3964285714285714,0.6035714285714286,PVEM,74,0.3333333333333333,13,0.05855855855855856,MORENA,61,0.2747747747747748,25,0.11261261261261261,MC,36,0.16216216216216217,PVEM,74,0.3333333333333333,13,0.05855855855855856,MORENA,61,0.2747747747747748,25,0.11261261261261261,MC,36,0.16216216216216217,18,0.08108108108108109,3,0.013513513513513514,3,0.013513513513513514,74,0.3333333333333333,2,0.009009009009009009,36,0.16216216216216217,61,0.2747747747747748,7,0.03153153153153153,4,0.018018018018018018,0,0.0,0,0.0,0,0.0,0,0.0,0,0.0,0,0.0,0,0.0,0,0.0,0,0.0,1,0.0045045045045045045,0,0.0,4,0.018018018018018018,0,0.0,0,0.0,2,0.009009009009009009,1,0.0045045045045045045,0,0.0,6,0.02702702702702703,222,1.0,ORIGEN,SECCION,COMPLETO,CATALOGO_INE_2026
464,23,QUINTANA ROO,BENITO JUAREZ,,7,606,745,315,0.4228187919463087,0.5771812080536913,PVEM,111,0.3523809523809524,11,0.03492063492063492,MORENA,100,0.31746031746031744,62,0.19682539682539682,PAN,38,0.12063492063492064,PVEM,111,0.3523809523809524,11,0.03492063492063492,MORENA,100,0.31746031746031744,62,0.19682539682539682,PAN,38,0.12063492063492064,38,0.12063492063492064,9,0.02857142857142857,10,0.031746031746031744,111,0.3523809523809524,6,0.01904761904761905,33,0.10476190476190476,100,0.31746031746031744,8,0.025396825396825397,0,0.0,0,0.0,0,0.0,0,0.0,0,0.0,0,0.0,0,0.0,0,0.0,0,0.0,0,0.0,0,0.0,0,0.0,0,0.0,0,0.0,0,0.0,0,0.0,0,0.0,0,0.0,0,0.0,315,1.0,ORIGEN,SECCION,COMPLETO,CATALOGO_INE_2026
465,23,QUINTANA ROO,BENITO JUAREZ,,7,607,702,363,0.5170940170940171,0.48290598290598286,MORENA,119,0.3278236914600551,4,0.011019283746556474,PVEM,115,0.3168044077134986,65,0.1790633608815427,MC,50,0.13774104683195593,MORENA,119,0.3278236914600551,4,0.011019283746556474,PVEM,115,0.3168044077134986,65,0.1790633608815427,MC,50,0.13774104683195593,28,0.07713498622589532,12,0.03305785123966942,1,0.0027548209366391185,115,0.3168044077134986,6,0.01652892561983471,50,0.13774104683195593,119,0.3278236914600551,11,0.030303030303030304,1,0.0027548209366391185,1,0.0027548209366391185,0,0.0,2,0.005509641873278237,0,0.0,0,0.0,2,0.005509641873278237,1,0.0027548209366391185,0,0.0,0,0.0,0,0.0,0,0.0,0,0.0,0,0.0,1,0.0027548209366391185,0,0.0,0,0.0,0,0.0,13,0.03581267217630854,363,1.0,ORIGEN,SECCION,COMPLETO,CATALOGO_INE_2026
466,23,QUINTANA ROO,BENITO JUAREZ,,7,608,597,251,0.4204355108877722,0.5795644891122278,PVEM,97,0.38645418326693226,19,0.07569721115537849,MORENA,78,0.3107569721115538,49,0.1952191235059761,MC,29,0.11553784860557768,PVEM,97,0.38645418326693226,19,0.07569721115537849,MORENA,78,0.3107569721115538,49,0.1952191235059761,MC,29,0.11553784860557768,15,0.05976095617529881,3,0.01195219123505976,6,0.02390438247011952,97,0.38645418326693226,6,0.02390438247011952,29,0.11553784860557768,78,0.3107569721115538,3,0.01195219123505976,0,0.0,0,0.0,0,0.0,0,0.0,0,0.0,0,0.0,0,0.0,0,0.0,0,0.0,0,0.0,0,0.0,0,0.0,0,0.0,0,0.0,0,0.0,0,0.0,0,0.0,0,0.0,14,0.055776892430278883,251,1.0,ORIGEN,SECCION,COMPLETO,CATALOGO_INE_2026
467,23,QUINTANA ROO,BENITO JUAREZ,,7,609,671,255,0.38002980625931443,0.6199701937406856,MORENA,96,0.3764705882352941,17,0.06666666666666667,PVEM,79,0.30980392156862746,45,0.17647058823529413,MC,34,0.13333333333333333,MORENA,96,0.3764705882352941,17,0.06666666666666667,PVEM,79,0.30980392156862746,45,0.17647058823529413,MC,34,0.13333333333333333,15,0.058823529411764705,5,0.0196078431372549,4,0.01568627450980392,79,0.30980392156862746,7,0.027450980392156862,34,0.13333333333333333,96,0.3764705882352941,7,0.027450980392156862,2,0.00784313725490196,4,0.01568627450980392,0,0.0,0,0.0,1,0.00392156862745098,0,0.0,0,0.0,0,0.0,1,0.00392156862745098,0,0.0,0,0.0,0,0.0,0,0.0,0,0.0,0,0.0,0,0.0,0,0.0,0,0.0,0,0.0,255,1.0,ORIGEN,SECCION,COMPLETO,CATALOGO_INE_2026
468,23,QUINTANA ROO,BENITO JUAREZ,,7,610,594,220,0.37037037037037035,0.6296296296296297,MORENA,73,0.33181818181818185,25,0.11363636363636363,MC,48,0.21818181818181817,11,0.05,PVEM,37,0.16818181818181818,MORENA,73,0.33181818181818185,25,0.11363636363636363,MC,48,0.21818181818181817,11,0.05,PVEM,37,0.16818181818181818,34,0.15454545454545454,9,0.04090909090909091,0,0.0,37,0.16818181818181818,6,0.02727272727272727,48,0.21818181818181817,73,0.33181818181818185,3,0.013636363636363636,3,0.013636363636363636,3,0.013636363636363636,0,0.0,0,0.0,0,0.0,0,0.0,0,0.0,2,0.00909090909090909,0,0.0,0,0.0,0,0.0,0,0.0,2,0.00909090909090909,0,0.0,0,0.0,0,0.0,0,0.0,0,0.0,0,0.0,220,1.0,ORIGEN,SECCION,COMPLETO,CATALOGO_INE_2026
469,23,QUINTANA ROO,BENITO JUAREZ,,7,611,757,303,0.4002642007926024,0.5997357992073976,MORENA,83,0.2739273927392739,23,0.07590759075907591,PVEM,60,0.19801980198019803,2,0.006600660066006601,MC,58,0.19141914191419143,MORENA,83,0.2739273927392739,23,0.07590759075907591,PVEM,60,0.19801980198019803,2,0.006600660066006601,MC,58,0.19141914191419143,52,0.1716171617161716,17,0.056105610561056105,1,0.0033003300330033004,60,0.19801980198019803,4,0.013201320132013201,58,0.19141914191419143,83,0.2739273927392739,6,0.019801980198019802,2,0.006600660066006601,2,0.006600660066006601,1,0.0033003300330033004,1,0.0033003300330033004,0,0.0,0,0.0,0,0.0,0,0.0,0,0.0,0,0.0,0,0.0,0,0.0,1,0.0033003300330033004,0,0.0,1,0.0033003300330033004,0,0.0,0,0.0,1,0.0033003300330033004,13,0.0429042904290429,303,1.0,ORIGEN,SECCION,COMPLETO,CATALOGO_INE_2026
470,23,QUINTANA ROO,BENITO JUAREZ,,7,612,892,370,0.4147982062780269,0.5852017937219731,MORENA,127,0.34324324324324323,50,0.13513513513513514,PVEM,77,0.20810810810810812,23,0.062162162162162166,MC,54,0.14594594594594595,MORENA,127,0.34324324324324323,50,0.13513513513513514,PVEM,77,0.20810810810810812,23,0.062162162162162166,MC,54,0.14594594594594595,48,0.12972972972972974,13,0.03513513513513514,2,0.005405405405405406,77,0.20810810810810812,5,0.013513513513513514,54,0.14594594594594595,127,0.34324324324324323,15,0.04054054054054054,3,0.008108108108108109,1,0.002702702702702703,3,0.008108108108108109,0,0.0,2,0.005405405405405406,0,0.0,3,0.008108108108108109,0,0.0,0,0.0,0,0.0,0,0.0,0,0.0,0,0.0,0,0.0,1,0.002702702702702703,0,0.0,0,0.0,0,0.0,16,0.043243243243243246,370,1.0,ORIGEN,SECCION,COMPLETO,CATALOGO_INE_2026
471,23,QUINTANA ROO,BENITO JUAREZ,,7,613,743,286,0.38492597577388965,0.6150740242261103,MORENA,102,0.35664335664335667,35,0.12237762237762238,PVEM,67,0.23426573426573427,35,0.12237762237762238,MC,32,0.11188811188811189,MORENA,102,0.35664335664335667,35,0.12237762237762238,PVEM,67,0.23426573426573427,35,0.12237762237762238,MC,32,0.11188811188811189,29,0.10139860139860139,5,0.017482517482517484,7,0.024475524475524476,67,0.23426573426573427,2,0.006993006993006993,32,0.11188811188811189,102,0.35664335664335667,6,0.02097902097902098,3,0.01048951048951049,1,0.0034965034965034965,2,0.006993006993006993,3,0.01048951048951049,0,0.0,0,0.0,0,0.0,0,0.0,0,0.0,1,0.0034965034965034965,0,0.0,0,0.0,2,0.006993006993006993,0,0.0,2,0.006993006993006993,0,0.0,0,0.0,1,0.0034965034965034965,21,0.07342657342657342,286,1.0,ORIGEN,SECCION,COMPLETO,CATALOGO_INE_2026
472,23,QUINTANA ROO,BENITO JUAREZ,,7,614,630,302,0.4793650793650794,0.5206349206349206,MORENA,105,0.347682119205298,44,0.1456953642384106,PVEM,61,0.20198675496688742,6,0.019867549668874173,PAN,55,0.18211920529801323,MORENA,105,0.347682119205298,44,0.1456953642384106,PVEM,61,0.20198675496688742,6,0.019867549668874173,PAN,55,0.18211920529801323,55,0.18211920529801323,10,0.033112582781456956,5,0.016556291390728478,61,0.20198675496688742,5,0.016556291390728478,29,0.09602649006622517,105,0.347682119205298,10,0.033112582781456956,2,0.006622516556291391,1,0.0033112582781456954,0,0.0,2,0.006622516556291391,0,0.0,0,0.0,2,0.006622516556291391,0,0.0,0,0.0,0,0.0,1,0.0033112582781456954,0,0.0,0,0.0,0,0.0,1,0.0033112582781456954,0,0.0,0,0.0,0,0.0,13,0.04304635761589404,302,1.0,ORIGEN,SECCION,COMPLETO,CATALOGO_INE_2026
473,23,QUINTANA ROO,BENITO JUAREZ,,7,615,683,311,0.45534407027818447,0.5446559297218155,MORENA,89,0.2861736334405145,18,0.05787781350482315,PVEM,71,0.2282958199356913,15,0.04823151125401929,MC,56,0.18006430868167203,MORENA,89,0.2861736334405145,18,0.05787781350482315,PVEM,71,0.2282958199356913,15,0.04823151125401929,MC,56,0.18006430868167203,41,0.13183279742765272,8,0.02572347266881029,5,0.01607717041800643,71,0.2282958199356913,7,0.022508038585209004,56,0.18006430868167203,89,0.2861736334405145,11,0.03536977491961415,0,0.0,3,0.00964630225080386,1,0.003215434083601286,0,0.0,0,0.0,0,0.0,1,0.003215434083601286,0,0.0,0,0.0,0,0.0,2,0.006430868167202572,0,0.0,1,0.003215434083601286,0,0.0,1,0.003215434083601286,0,0.0,0,0.0,1,0.003215434083601286,13,0.04180064308681672,311,1.0,ORIGEN,SECCION,COMPLETO,CATALOGO_INE_2026
474,23,QUINTANA ROO,BENITO JUAREZ,,7,616,777,355,0.4568854568854569,0.5431145431145431,MORENA,104,0.29295774647887324,16,0.04507042253521127,PVEM,88,0.24788732394366197,38,0.10704225352112676,MC,50,0.14084507042253522,MORENA,104,0.29295774647887324,16,0.04507042253521127,PVEM,88,0.24788732394366197,38,0.10704225352112676,MC,50,0.14084507042253522,33,0.09295774647887324,17,0.04788732394366197,3,0.008450704225352112,88,0.24788732394366197,25,0.07042253521126761,50,0.14084507042253522,104,0.29295774647887324,15,0.04225352112676056,1,0.0028169014084507044,1,0.0028169014084507044,0,0.0,0,0.0,0,0.0,0,0.0,0,0.0,1,0.0028169014084507044,0,0.0,0,0.0,0,0.0,0,0.0,1,0.0028169014084507044,0,0.0,2,0.005633802816901409,0,0.0,0,0.0,2,0.005633802816901409,12,0.03380281690140845,355,1.0,ORIGEN,SECCION,COMPLETO,CATALOGO_INE_2026
475,23,QUINTANA ROO,BENITO JUAREZ,,7,617,685,276,0.4029197080291971,0.5970802919708029,MORENA,107,0.38768115942028986,40,0.14492753623188406,PVEM,67,0.2427536231884058,30,0.10869565217391304,MC,37,0.13405797101449277,MORENA,107,0.38768115942028986,40,0.14492753623188406,PVEM,67,0.2427536231884058,30,0.10869565217391304,MC,37,0.13405797101449277,23,0.08333333333333333,10,0.036231884057971016,6,0.021739130434782608,67,0.2427536231884058,6,0.021739130434782608,37,0.13405797101449277,107,0.38768115942028986,4,0.014492753623188406,1,0.0036231884057971015,1,0.0036231884057971015,0,0.0,0,0.0,0,0.0,0,0.0,0,0.0,1,0.0036231884057971015,0,0.0,0,0.0,0,0.0,0,0.0,0,0.0,0,0.0,0,0.0,0,0.0,1,0.0036231884057971015,0,0.0,12,0.043478260869565216,276,1.0,ORIGEN,SECCION,COMPLETO,CATALOGO_INE_2026
476,23,QUINTANA ROO,BENITO JUAREZ,,7,618,438,232,0.5296803652968036,0.4703196347031964,PVEM,152,0.6551724137931034,120,0.5172413793103449,MORENA,32,0.13793103448275862,23,0.09913793103448276,PAN,9,0.03879310344827586,PVEM,152,0.6551724137931034,120,0.5172413793103449,MORENA,32,0.13793103448275862,23,0.09913793103448276,PAN,9,0.03879310344827586,9,0.03879310344827586,4,0.017241379310344827,2,0.008620689655172414,152,0.6551724137931034,1,0.004310344827586207,9,0.03879310344827586,32,0.13793103448275862,4,0.017241379310344827,0,0.0,1,0.004310344827586207,0,0.0,0,0.0,0,0.0,0,0.0,0,0.0,0,0.0,0,0.0,0,0.0,0,0.0,0,0.0,0,0.0,0,0.0,0,0.0,0,0.0,0,0.0,0,0.0,18,0.07758620689655173,232,1.0,ORIGEN,SECCION,COMPLETO,CATALOGO_INE_2026
477,23,QUINTANA ROO,BENITO JUAREZ,,7,619,987,458,0.46403242147923,0.53596757852077,PVEM,259,0.5655021834061136,201,0.4388646288209607,MORENA,58,0.12663755458515283,25,0.05458515283842795,MC,33,0.07205240174672489,PVEM,259,0.5655021834061136,201,0.4388646288209607,MORENA,58,0.12663755458515283,25,0.05458515283842795,MC,33,0.07205240174672489,19,0.04148471615720524,9,0.019650655021834062,5,0.010917030567685589,259,0.5655021834061136,7,0.015283842794759825,33,0.07205240174672489,58,0.12663755458515283,27,0.05895196506550218,0,0.0,2,0.004366812227074236,0,0.0,0,0.0,0,0.0,0,0.0,0,0.0,2,0.004366812227074236,0,0.0,0,0.0,0,0.0,0,0.0,3,0.006550218340611353,0,0.0,1,0.002183406113537118,0,0.0,1,0.002183406113537118,0,0.0,32,0.06986899563318777,458,1.0,ORIGEN,SECCION,COMPLETO,CATALOGO_INE_2026
478,23,QUINTANA ROO,BENITO JUAREZ,,7,620,945,316,0.3343915343915344,0.6656084656084655,PVEM,107,0.33860759493670883,8,0.02531645569620253,MORENA,99,0.31329113924050633,70,0.22151898734177214,PAN,29,0.09177215189873418,PVEM,107,0.33860759493670883,8,0.02531645569620253,MORENA,99,0.31329113924050633,70,0.22151898734177214,PAN,29,0.09177215189873418,29,0.09177215189873418,9,0.028481012658227847,5,0.015822784810126583,107,0.33860759493670883,4,0.012658227848101266,29,0.09177215189873418,99,0.31329113924050633,5,0.015822784810126583,1,0.0031645569620253164,1,0.0031645569620253164,0,0.0,1,0.0031645569620253164,1,0.0031645569620253164,1,0.0031645569620253164,0,0.0,0,0.0,0,0.0,0,0.0,0,0.0,0,0.0,2,0.006329113924050633,0,0.0,3,0.00949367088607595,0,0.0,0,0.0,0,0.0,19,0.060126582278481014,316,1.0,ORIGEN,SECCION,COMPLETO,CATALOGO_INE_2026
479,23,QUINTANA ROO,BENITO JUAREZ,,7,621,794,350,0.44080604534005036,0.5591939546599496,MORENA,116,0.3314285714285714,43,0.12285714285714286,MC,73,0.20857142857142857,19,0.054285714285714284,PAN,54,0.15428571428571428,MORENA,116,0.3314285714285714,43,0.12285714285714286,MC,73,0.20857142857142857,19,0.054285714285714284,PAN,54,0.15428571428571428,54,0.15428571428571428,19,0.054285714285714284,5,0.014285714285714285,23,0.06571428571428571,6,0.017142857142857144,73,0.20857142857142857,116,0.3314285714285714,23,0.06571428571428571,0,0.0,3,0.008571428571428572,1,0.002857142857142857,1,0.002857142857142857,0,0.0,0,0.0,0,0.0,0,0.0,0,0.0,1,0.002857142857142857,0,0.0,0,0.0,3,0.008571428571428572,0,0.0,0,0.0,0,0.0,0,0.0,1,0.002857142857142857,21,0.06,350,1.0,ORIGEN,SECCION,COMPLETO,CATALOGO_INE_2026
480,23,QUINTANA ROO,BENITO JUAREZ,,7,622,793,319,0.40226986128625475,0.5977301387137453,MORENA,95,0.29780564263322884,14,0.0438871473354232,PAN,81,0.25391849529780564,17,0.05329153605015674,MC,64,0.2006269592476489,MORENA,95,0.29780564263322884,14,0.0438871473354232,PAN,81,0.25391849529780564,17,0.05329153605015674,MC,64,0.2006269592476489,81,0.25391849529780564,23,0.07210031347962383,4,0.012539184952978056,11,0.034482758620689655,8,0.025078369905956112,64,0.2006269592476489,95,0.29780564263322884,8,0.025078369905956112,3,0.009404388714733543,4,0.012539184952978056,2,0.006269592476489028,0,0.0,0,0.0,0,0.0,1,0.003134796238244514,0,0.0,0,0.0,0,0.0,0,0.0,0,0.0,0,0.0,0,0.0,0,0.0,0,0.0,0,0.0,2,0.006269592476489028,13,0.04075235109717868,319,1.0,ORIGEN,SECCION,COMPLETO,CATALOGO_INE_2026
481,23,QUINTANA ROO,BENITO JUAREZ,,7,623,848,379,0.44693396226415094,0.5530660377358491,MORENA,150,0.39577836411609496,85,0.22427440633245382,PAN,65,0.17150395778364116,11,0.029023746701846966,PVEM,54,0.1424802110817942,MORENA,150,0.39577836411609496,85,0.22427440633245382,PAN,65,0.17150395778364116,11,0.029023746701846966,PVEM,54,0.1424802110817942,65,0.17150395778364116,20,0.052770448548812667,1,0.002638522427440633,54,0.1424802110817942,8,0.021108179419525065,46,0.12137203166226913,150,0.39577836411609496,19,0.05013192612137203,1,0.002638522427440633,2,0.005277044854881266,2,0.005277044854881266,1,0.002638522427440633,0,0.0,0,0.0,0,0.0,0,0.0,0,0.0,0,0.0,0,0.0,0,0.0,0,0.0,0,0.0,3,0.0079155672823219,0,0.0,0,0.0,0,0.0,7,0.018469656992084433,379,1.0,ORIGEN,SECCION,COMPLETO,CATALOGO_INE_2026
482,23,QUINTANA ROO,BENITO JUAREZ,,7,624,435,175,0.40229885057471265,0.5977011494252873,MORENA,68,0.38857142857142857,39,0.22285714285714286,MC,29,0.1657142857142857,1,0.005714285714285714,PAN,28,0.16,MORENA,68,0.38857142857142857,39,0.22285714285714286,MC,29,0.1657142857142857,1,0.005714285714285714,PAN,28,0.16,28,0.16,6,0.03428571428571429,2,0.011428571428571429,17,0.09714285714285714,2,0.011428571428571429,29,0.1657142857142857,68,0.38857142857142857,7,0.04,1,0.005714285714285714,5,0.02857142857142857,0,0.0,1,0.005714285714285714,0,0.0,0,0.0,0,0.0,0,0.0,0,0.0,0,0.0,0,0.0,0,0.0,0,0.0,0,0.0,1,0.005714285714285714,0,0.0,0,0.0,0,0.0,8,0.045714285714285714,175,1.0,ORIGEN,SECCION,COMPLETO,CATALOGO_INE_2026
483,23,QUINTANA ROO,BENITO JUAREZ,,7,625,764,334,0.43717277486910994,0.5628272251308901,MORENA,110,0.32934131736526945,52,0.15568862275449102,PVEM,58,0.17365269461077845,3,0.008982035928143712,MC,55,0.16467065868263472,MORENA,110,0.32934131736526945,52,0.15568862275449102,PVEM,58,0.17365269461077845,3,0.008982035928143712,MC,55,0.16467065868263472,50,0.1497005988023952,12,0.03592814371257485,4,0.011976047904191617,58,0.17365269461077845,4,0.011976047904191617,55,0.16467065868263472,110,0.32934131736526945,13,0.038922155688622756,1,0.0029940119760479044,5,0.014970059880239521,0,0.0,1,0.0029940119760479044,0,0.0,0,0.0,0,0.0,1,0.0029940119760479044,0,0.0,0,0.0,0,0.0,0,0.0,0,0.0,0,0.0,1,0.0029940119760479044,0,0.0,0,0.0,0,0.0,19,0.05688622754491018,334,1.0,ORIGEN,SECCION,COMPLETO,CATALOGO_INE_2026
484,23,QUINTANA ROO,BENITO JUAREZ,,7,626,14208,4597,0.32355011261261263,0.6764498873873874,PAN,1489,0.32390689580160975,263,0.057211224711768545,MORENA,1226,0.2666956710898412,408,0.0887535349140744,MC,818,0.1779421361757668,PAN,1489,0.32390689580160975,263,0.057211224711768545,MORENA,1226,0.2666956710898412,408,0.0887535349140744,MC,818,0.1779421361757668,1489,0.32390689580160975,329,0.07156841418316293,57,0.012399390907113336,196,0.04263650206656515,73,0.01587992168805743,818,0.1779421361757668,1226,0.2666956710898412,111,0.02414618229279965,37,0.008048727430933217,69,0.015009788992821405,11,0.0023928649118990647,17,0.0036980639547531,3,0.0006525995214270176,0,0.0,13,0.0028279312595170763,8,0.001740265390472047,0,0.0,2,0.00043506634761801175,2,0.00043506634761801175,1,0.00021753317380900588,9,0.001957798564281053,1,0.00021753317380900588,9,0.001957798564281053,1,0.00021753317380900588,1,0.00021753317380900588,4,0.0008701326952360235,110,0.023928649118990647,4597,1.0,ORIGEN,SECCION,COMPLETO,INFERIDA_SECCION_VECINA
485,23,QUINTANA ROO,BENITO JUAREZ,,7,627,1938,697,0.35964912280701755,0.6403508771929824,MORENA,222,0.31850789096126253,50,0.07173601147776183,PAN,172,0.2467718794835007,50,0.07173601147776183,MC,122,0.1750358680057389,MORENA,222,0.31850789096126253,50,0.07173601147776183,PAN,172,0.2467718794835007,50,0.07173601147776183,MC,122,0.1750358680057389,172,0.2467718794835007,51,0.07317073170731707,3,0.00430416068866571,41,0.058823529411764705,12,0.01721664275466284,122,0.1750358680057389,222,0.31850789096126253,23,0.03299856527977044,6,0.00860832137733142,9,0.01291248206599713,4,0.005738880918220947,1,0.0014347202295552368,0,0.0,0,0.0,5,0.007173601147776184,1,0.0014347202295552368,0,0.0,1,0.0014347202295552368,0,0.0,1,0.0014347202295552368,4,0.005738880918220947,0,0.0,2,0.0028694404591104736,1,0.0014347202295552368,0,0.0,1,0.0014347202295552368,15,0.021520803443328552,697,1.0,ORIGEN,SECCION,COMPLETO,CATALOGO_INE_2026
486,23,QUINTANA ROO,BENITO JUAREZ,,7,628,1724,623,0.361368909512761,0.638631090487239,MORENA,244,0.391653290529695,138,0.22150882825040127,MC,106,0.17014446227929375,14,0.02247191011235955,PAN,92,0.1476725521669342,MORENA,244,0.391653290529695,138,0.22150882825040127,MC,106,0.17014446227929375,14,0.02247191011235955,PAN,92,0.1476725521669342,92,0.1476725521669342,30,0.048154093097913325,15,0.024077046548956663,49,0.07865168539325842,10,0.016051364365971106,106,0.17014446227929375,244,0.391653290529695,29,0.04654895666131621,2,0.0032102728731942215,7,0.011235955056179775,8,0.012841091492776886,2,0.0032102728731942215,0,0.0,0,0.0,1,0.0016051364365971107,3,0.004815409309791332,0,0.0,0,0.0,0,0.0,0,0.0,0,0.0,0,0.0,0,0.0,0,0.0,0,0.0,1,0.0016051364365971107,24,0.038523274478330656,623,1.0,ORIGEN,SECCION,COMPLETO,CATALOGO_INE_2026
487,23,QUINTANA ROO,BENITO JUAREZ,,7,629,2703,816,0.3018867924528302,0.6981132075471699,MORENA,250,0.30637254901960786,26,0.031862745098039214,PAN,224,0.27450980392156865,76,0.09313725490196079,MC,148,0.18137254901960784,MORENA,250,0.30637254901960786,26,0.031862745098039214,PAN,224,0.27450980392156865,76,0.09313725490196079,MC,148,0.18137254901960784,224,0.27450980392156865,55,0.06740196078431372,7,0.00857843137254902,58,0.07107843137254902,20,0.024509803921568627,148,0.18137254901960784,250,0.30637254901960786,15,0.01838235294117647,6,0.007352941176470588,9,0.011029411764705883,3,0.003676470588235294,2,0.0024509803921568627,1,0.0012254901960784314,0,0.0,0,0.0,1,0.0012254901960784314,0,0.0,0,0.0,0,0.0,0,0.0,1,0.0012254901960784314,0,0.0,0,0.0,0,0.0,0,0.0,0,0.0,16,0.0196078431372549,816,1.0,ORIGEN,SECCION,COMPLETO,CATALOGO_INE_2026
488,23,QUINTANA ROO,BENITO JUAREZ,,7,630,605,257,0.42479338842975206,0.5752066115702479,PVEM,103,0.40077821011673154,46,0.17898832684824903,MORENA,57,0.22178988326848248,34,0.13229571984435798,MC,23,0.08949416342412451,PVEM,103,0.40077821011673154,46,0.17898832684824903,MORENA,57,0.22178988326848248,34,0.13229571984435798,MC,23,0.08949416342412451,17,0.06614785992217899,7,0.027237354085603113,14,0.054474708171206226,103,0.40077821011673154,4,0.01556420233463035,23,0.08949416342412451,57,0.22178988326848248,4,0.01556420233463035,3,0.011673151750972763,0,0.0,0,0.0,2,0.007782101167315175,0,0.0,0,0.0,0,0.0,0,0.0,0,0.0,0,0.0,0,0.0,1,0.0038910505836575876,0,0.0,0,0.0,1,0.0038910505836575876,0,0.0,0,0.0,0,0.0,21,0.08171206225680934,257,1.0,ORIGEN,SECCION,COMPLETO,CATALOGO_INE_2026
489,23,QUINTANA ROO,BENITO JUAREZ,,7,631,2785,1350,0.48473967684021546,0.5152603231597845,PVEM,815,0.6037037037037037,578,0.42814814814814817,MORENA,237,0.17555555555555555,158,0.11703703703703704,MC,79,0.05851851851851852,PVEM,815,0.6037037037037037,578,0.42814814814814817,MORENA,237,0.17555555555555555,158,0.11703703703703704,MC,79,0.05851851851851852,63,0.04666666666666667,34,0.025185185185185185,19,0.014074074074074074,815,0.6037037037037037,11,0.008148148148148147,79,0.05851851851851852,237,0.17555555555555555,31,0.022962962962962963,4,0.002962962962962963,3,0.0022222222222222222,1,0.0007407407407407407,4,0.002962962962962963,0,0.0,0,0.0,0,0.0,3,0.0022222222222222222,0,0.0,0,0.0,0,0.0,0,0.0,4,0.002962962962962963,0,0.0,2,0.0014814814814814814,0,0.0,1,0.0007407407407407407,0,0.0,39,0.028888888888888888,1350,1.0,ORIGEN,SECCION,COMPLETO,CATALOGO_INE_2026
490,23,QUINTANA ROO,BENITO JUAREZ,,7,632,8045,2184,0.2714729645742697,0.7285270354257303,PVEM,651,0.2980769230769231,35,0.016025641025641024,MORENA,616,0.28205128205128205,289,0.13232600732600733,MC,327,0.14972527472527472,PVEM,651,0.2980769230769231,35,0.016025641025641024,MORENA,616,0.28205128205128205,289,0.13232600732600733,MC,327,0.14972527472527472,219,0.10027472527472528,57,0.0260989010989011,37,0.01694139194139194,651,0.2980769230769231,35,0.016025641025641024,327,0.14972527472527472,616,0.28205128205128205,69,0.03159340659340659,12,0.005494505494505495,20,0.009157509157509158,5,0.0022893772893772895,10,0.004578754578754579,0,0.0,0,0.0,5,0.0022893772893772895,4,0.0018315018315018315,0,0.0,1,0.0004578754578754579,0,0.0,1,0.0004578754578754579,6,0.0027472527472527475,1,0.0004578754578754579,9,0.004120879120879121,0,0.0,0,0.0,3,0.0013736263736263737,96,0.04395604395604396,2184,1.0,ORIGEN,SECCION,COMPLETO,INFERIDA_SECCION_VECINA
491,23,QUINTANA ROO,BENITO JUAREZ,,7,633,2097,994,0.47401049117787314,0.5259895088221269,PVEM,635,0.6388329979879276,523,0.5261569416498993,MORENA,112,0.11267605633802817,61,0.0613682092555332,PRD,51,0.05130784708249497,PVEM,635,0.6388329979879276,523,0.5261569416498993,MORENA,112,0.11267605633802817,61,0.0613682092555332,PRD,51,0.05130784708249497,33,0.03319919517102616,9,0.009054325955734407,51,0.05130784708249497,635,0.6388329979879276,18,0.018108651911468814,30,0.030181086519114688,112,0.11267605633802817,18,0.018108651911468814,4,0.004024144869215292,3,0.0030181086519114686,0,0.0,4,0.004024144869215292,0,0.0,0,0.0,1,0.001006036217303823,1,0.001006036217303823,0,0.0,0,0.0,0,0.0,2,0.002012072434607646,5,0.005030181086519115,2,0.002012072434607646,0,0.0,0,0.0,0,0.0,0,0.0,66,0.06639839034205232,994,1.0,ORIGEN,SECCION,COMPLETO,CATALOGO_INE_2026
492,23,QUINTANA ROO,BENITO JUAREZ,,7,641,904,447,0.4944690265486726,0.5055309734513274,PVEM,286,0.639821029082774,230,0.5145413870246085,MORENA,56,0.12527964205816555,34,0.07606263982102908,MAS,22,0.049217002237136466,PVEM,286,0.639821029082774,230,0.5145413870246085,MORENA,56,0.12527964205816555,34,0.07606263982102908,MAS,22,0.049217002237136466,12,0.026845637583892617,7,0.015659955257270694,17,0.03803131991051454,286,0.639821029082774,5,0.011185682326621925,11,0.024608501118568233,56,0.12527964205816555,22,0.049217002237136466,4,0.008948545861297539,1,0.0022371364653243847,0,0.0,5,0.011185682326621925,0,0.0,0,0.0,10,0.02237136465324385,1,0.0022371364653243847,0,0.0,0,0.0,0,0.0,0,0.0,1,0.0022371364653243847,0,0.0,0,0.0,0,0.0,0,0.0,0,0.0,9,0.020134228187919462,447,1.0,ORIGEN,SECCION,COMPLETO,CATALOGO_INE_2026
493,23,QUINTANA ROO,BENITO JUAREZ,,8,144,778,266,0.34190231362467866,0.6580976863753214,PAN,109,0.40977443609022557,47,0.17669172932330826,MORENA,62,0.23308270676691728,27,0.10150375939849623,MC,35,0.13157894736842105,PAN,109,0.40977443609022557,47,0.17669172932330826,MORENA,62,0.23308270676691728,27,0.10150375939849623,MC,35,0.13157894736842105,109,0.40977443609022557,25,0.09398496240601503,4,0.015037593984962405,8,0.03007518796992481,2,0.007518796992481203,35,0.13157894736842105,62,0.23308270676691728,4,0.015037593984962405,1,0.0037593984962406013,0,0.0,1,0.0037593984962406013,0,0.0,1,0.0037593984962406013,0,0.0,0,0.0,0,0.0,0,0.0,0,0.0,0,0.0,1,0.0037593984962406013,1,0.0037593984962406013,0,0.0,1,0.0037593984962406013,0,0.0,0,0.0,0,0.0,11,0.041353383458646614,266,1.0,ORIGEN,SECCION,COMPLETO,CATALOGO_INE_2026
494,23,QUINTANA ROO,BENITO JUAREZ,,8,145,670,183,0.27313432835820894,0.7268656716417911,PAN,75,0.4098360655737705,28,0.15300546448087432,MORENA,47,0.2568306010928962,24,0.13114754098360656,MC,23,0.12568306010928962,PAN,75,0.4098360655737705,28,0.15300546448087432,MORENA,47,0.2568306010928962,24,0.13114754098360656,MC,23,0.12568306010928962,75,0.4098360655737705,8,0.04371584699453552,0,0.0,8,0.04371584699453552,5,0.0273224043715847,23,0.12568306010928962,47,0.2568306010928962,10,0.0546448087431694,2,0.01092896174863388,2,0.01092896174863388,0,0.0,0,0.0,0,0.0,0,0.0,0,0.0,0,0.0,0,0.0,0,0.0,0,0.0,0,0.0,0,0.0,0,0.0,0,0.0,0,0.0,0,0.0,0,0.0,3,0.01639344262295082,183,1.0,ORIGEN,SECCION,COMPLETO,CATALOGO_INE_2026
495,23,QUINTANA ROO,BENITO JUAREZ,,8,146,5752,2082,0.36196105702364395,0.638038942976356,PAN,1106,0.5312199807877042,786,0.37752161383285304,MORENA,320,0.15369836695485112,104,0.049951969260326606,MC,216,0.1037463976945245,PAN,1106,0.5312199807877042,786,0.37752161383285304,MORENA,320,0.15369836695485112,104,0.049951969260326606,MC,216,0.1037463976945245,1106,0.5312199807877042,149,0.07156580211335255,29,0.013928914505283382,88,0.04226705091258405,37,0.01777137367915466,216,0.1037463976945245,320,0.15369836695485112,22,0.010566762728146013,12,0.005763688760806916,24,0.011527377521613832,10,0.004803073967339097,9,0.004322766570605188,2,0.0009606147934678194,0,0.0,4,0.0019212295869356388,3,0.001440922190201729,1,0.0004803073967339097,0,0.0,0,0.0,0,0.0,1,0.0004803073967339097,0,0.0,3,0.001440922190201729,0,0.0,0,0.0,3,0.001440922190201729,43,0.020653218059558116,2082,1.0,ORIGEN,SECCION,COMPLETO,CATALOGO_INE_2026
496,23,QUINTANA ROO,BENITO JUAREZ,,8,147,7743,2800,0.36161694433682035,0.6383830556631797,PAN,967,0.34535714285714286,194,0.06928571428571428,MORENA,773,0.2760714285714286,328,0.11714285714285715,MC,445,0.15892857142857142,PAN,967,0.34535714285714286,194,0.06928571428571428,MORENA,773,0.2760714285714286,328,0.11714285714285715,MC,445,0.15892857142857142,967,0.34535714285714286,192,0.06857142857142857,21,0.0075,148,0.05285714285714286,26,0.009285714285714286,445,0.15892857142857142,773,0.2760714285714286,61,0.021785714285714287,22,0.007857142857142858,25,0.008928571428571428,13,0.004642857142857143,4,0.0014285714285714286,0,0.0,1,0.00035714285714285714,2,0.0007142857142857143,2,0.0007142857142857143,0,0.0,1,0.00035714285714285714,1,0.00035714285714285714,0,0.0,3,0.0010714285714285715,0,0.0,6,0.002142857142857143,0,0.0,1,0.00035714285714285714,10,0.0035714285714285713,76,0.027142857142857142,2800,1.0,ORIGEN,SECCION,COMPLETO,INFERIDA_SECCION_VECINA
497,23,QUINTANA ROO,BENITO JUAREZ,,8,148,1078,467,0.4332096474953618,0.5667903525046383,MORENA,159,0.3404710920770878,76,0.16274089935760172,PVEM,83,0.1777301927194861,13,0.027837259100642397,MC,70,0.14989293361884368,MORENA,159,0.3404710920770878,76,0.16274089935760172,PVEM,83,0.1777301927194861,13,0.027837259100642397,MC,70,0.14989293361884368,50,0.10706638115631692,17,0.03640256959314775,6,0.01284796573875803,83,0.1777301927194861,19,0.04068522483940043,70,0.14989293361884368,159,0.3404710920770878,22,0.047109207708779445,2,0.004282655246252677,6,0.01284796573875803,0,0.0,1,0.0021413276231263384,1,0.0021413276231263384,0,0.0,1,0.0021413276231263384,2,0.004282655246252677,0,0.0,0,0.0,0,0.0,0,0.0,3,0.006423982869379015,0,0.0,3,0.006423982869379015,0,0.0,0,0.0,4,0.008565310492505354,18,0.03854389721627409,467,1.0,ORIGEN,SECCION,COMPLETO,CATALOGO_INE_2026
498,23,QUINTANA ROO,BENITO JUAREZ,,8,149,2089,696,0.3331737673528004,0.6668262326471996,MORENA,234,0.33620689655172414,74,0.10632183908045977,PVEM,160,0.22988505747126436,54,0.07758620689655173,MC,106,0.15229885057471265,MORENA,234,0.33620689655172414,74,0.10632183908045977,PVEM,160,0.22988505747126436,54,0.07758620689655173,MC,106,0.15229885057471265,98,0.14080459770114942,19,0.027298850574712645,7,0.010057471264367816,160,0.22988505747126436,8,0.011494252873563218,106,0.15229885057471265,234,0.33620689655172414,24,0.034482758620689655,1,0.0014367816091954023,3,0.004310344827586207,2,0.0028735632183908046,0,0.0,0,0.0,0,0.0,1,0.0014367816091954023,0,0.0,1,0.0014367816091954023,0,0.0,0,0.0,2,0.0028735632183908046,1,0.0014367816091954023,0,0.0,1,0.0014367816091954023,0,0.0,0,0.0,0,0.0,28,0.040229885057471264,696,1.0,ORIGEN,SECCION,COMPLETO,CATALOGO_INE_2026
499,23,QUINTANA ROO,BENITO JUAREZ,,8,156,1374,473,0.34425036390101893,0.6557496360989811,MORENA,189,0.39957716701902746,119,0.25158562367864695,MC,70,0.14799154334038056,3,0.006342494714587738,PVEM,67,0.1416490486257928,MORENA,189,0.39957716701902746,119,0.25158562367864695,MC,70,0.14799154334038056,3,0.006342494714587738,PVEM,67,0.1416490486257928,63,0.1331923890063425,16,0.03382663847780127,4,0.008456659619450317,67,0.1416490486257928,6,0.012684989429175475,70,0.14799154334038056,189,0.39957716701902746,11,0.023255813953488372,3,0.006342494714587738,13,0.02748414376321353,0,0.0,0,0.0,0,0.0,0,0.0,4,0.008456659619450317,2,0.004228329809725159,0,0.0,1,0.0021141649048625794,0,0.0,1,0.0021141649048625794,2,0.004228329809725159,0,0.0,0,0.0,0,0.0,0,0.0,0,0.0,21,0.04439746300211417,473,1.0,ORIGEN,SECCION,COMPLETO,CATALOGO_INE_2026
500,23,QUINTANA ROO,BENITO JUAREZ,,8,157,1272,469,0.3687106918238994,0.6312893081761006,MORENA,185,0.39445628997867804,107,0.2281449893390192,PVEM,78,0.16631130063965885,2,0.0042643923240938165,MC,76,0.16204690831556504,MORENA,185,0.39445628997867804,107,0.2281449893390192,PVEM,78,0.16631130063965885,2,0.0042643923240938165,MC,76,0.16204690831556504,55,0.11727078891257996,7,0.014925373134328358,8,0.017057569296375266,78,0.16631130063965885,10,0.021321961620469083,76,0.16204690831556504,185,0.39445628997867804,19,0.04051172707889126,5,0.010660980810234541,3,0.006396588486140725,1,0.0021321961620469083,2,0.0042643923240938165,0,0.0,0,0.0,0,0.0,2,0.0042643923240938165,0,0.0,0,0.0,1,0.0021321961620469083,0,0.0,6,0.01279317697228145,0,0.0,1,0.0021321961620469083,0,0.0,0,0.0,0,0.0,10,0.021321961620469083,469,1.0,ORIGEN,SECCION,COMPLETO,CATALOGO_INE_2026
501,23,QUINTANA ROO,BENITO JUAREZ,,8,158,1156,494,0.4273356401384083,0.5726643598615917,PVEM,166,0.3360323886639676,29,0.058704453441295545,MORENA,137,0.2773279352226721,83,0.1680161943319838,MC,54,0.10931174089068826,PVEM,166,0.3360323886639676,29,0.058704453441295545,MORENA,137,0.2773279352226721,83,0.1680161943319838,MC,54,0.10931174089068826,34,0.06882591093117409,9,0.018218623481781375,7,0.01417004048582996,166,0.3360323886639676,28,0.05668016194331984,54,0.10931174089068826,137,0.2773279352226721,17,0.03441295546558704,0,0.0,4,0.008097165991902834,2,0.004048582995951417,0,0.0,0,0.0,0,0.0,1,0.0020242914979757085,1,0.0020242914979757085,0,0.0,0,0.0,1,0.0020242914979757085,1,0.0020242914979757085,6,0.012145748987854251,1,0.0020242914979757085,0,0.0,0,0.0,0,0.0,0,0.0,25,0.05060728744939271,494,1.0,ORIGEN,SECCION,COMPLETO,CATALOGO_INE_2026
502,23,QUINTANA ROO,BENITO JUAREZ,,8,159,1306,572,0.43797856049004597,0.5620214395099541,PVEM,184,0.32167832167832167,18,0.03146853146853147,MORENA,166,0.2902097902097902,87,0.1520979020979021,MC,79,0.1381118881118881,PVEM,184,0.32167832167832167,18,0.03146853146853147,MORENA,166,0.2902097902097902,87,0.1520979020979021,MC,79,0.1381118881118881,40,0.06993006993006994,14,0.024475524475524476,6,0.01048951048951049,184,0.32167832167832167,19,0.033216783216783216,79,0.1381118881118881,166,0.2902097902097902,12,0.02097902097902098,5,0.008741258741258742,10,0.017482517482517484,0,0.0,1,0.0017482517482517483,1,0.0017482517482517483,1,0.0017482517482517483,0,0.0,1,0.0017482517482517483,0,0.0,0,0.0,0,0.0,0,0.0,5,0.008741258741258742,0,0.0,3,0.005244755244755245,0,0.0,1,0.0017482517482517483,14,0.024475524475524476,10,0.017482517482517484,572,1.0,ORIGEN,SECCION,COMPLETO,CATALOGO_INE_2026
503,23,QUINTANA ROO,BENITO JUAREZ,,8,161,2933,1040,0.3545857483804978,0.6454142516195023,PAN,517,0.4971153846153846,348,0.3346153846153846,MORENA,169,0.1625,45,0.04326923076923077,MC,124,0.11923076923076924,PAN,517,0.4971153846153846,348,0.3346153846153846,MORENA,169,0.1625,45,0.04326923076923077,MC,124,0.11923076923076924,517,0.4971153846153846,106,0.10192307692307692,8,0.007692307692307693,37,0.035576923076923075,12,0.011538461538461539,124,0.11923076923076924,169,0.1625,24,0.023076923076923078,1,0.0009615384615384616,5,0.004807692307692308,7,0.006730769230769231,5,0.004807692307692308,1,0.0009615384615384616,0,0.0,2,0.0019230769230769232,1,0.0009615384615384616,0,0.0,0,0.0,0,0.0,0,0.0,0,0.0,0,0.0,1,0.0009615384615384616,0,0.0,0,0.0,2,0.0019230769230769232,18,0.01730769230769231,1040,1.0,ORIGEN,SECCION,COMPLETO,CATALOGO_INE_2026
504,23,QUINTANA ROO,BENITO JUAREZ,,8,162,500,152,0.304,0.696,PAN,62,0.40789473684210525,25,0.16447368421052633,MORENA,37,0.24342105263157895,16,0.10526315789473684,MC,21,0.13815789473684212,PAN,62,0.40789473684210525,25,0.16447368421052633,MORENA,37,0.24342105263157895,16,0.10526315789473684,MC,21,0.13815789473684212,62,0.40789473684210525,10,0.06578947368421052,1,0.006578947368421052,5,0.03289473684210526,5,0.03289473684210526,21,0.13815789473684212,37,0.24342105263157895,1,0.006578947368421052,2,0.013157894736842105,1,0.006578947368421052,3,0.019736842105263157,0,0.0,0,0.0,0,0.0,0,0.0,0,0.0,0,0.0,2,0.013157894736842105,0,0.0,0,0.0,0,0.0,0,0.0,0,0.0,0,0.0,1,0.006578947368421052,0,0.0,1,0.006578947368421052,152,1.0,ORIGEN,SECCION,COMPLETO,CATALOGO_INE_2026
505,23,QUINTANA ROO,BENITO JUAREZ,,8,163,2005,793,0.39551122194513716,0.6044887780548629,MORENA,260,0.32786885245901637,24,0.03026481715006305,PVEM,236,0.29760403530895335,131,0.16519546027742749,MC,105,0.13240857503152584,MORENA,260,0.32786885245901637,24,0.03026481715006305,PVEM,236,0.29760403530895335,131,0.16519546027742749,MC,105,0.13240857503152584,75,0.09457755359394704,26,0.03278688524590164,9,0.011349306431273645,236,0.29760403530895335,14,0.017654476670870115,105,0.13240857503152584,260,0.32786885245901637,15,0.018915510718789406,3,0.0037831021437578815,11,0.013871374527112233,0,0.0,0,0.0,0,0.0,0,0.0,0,0.0,0,0.0,0,0.0,0,0.0,0,0.0,0,0.0,0,0.0,0,0.0,1,0.0012610340479192938,0,0.0,0,0.0,0,0.0,38,0.04791929382093316,793,1.0,ORIGEN,SECCION,COMPLETO,CATALOGO_INE_2026
506,23,QUINTANA ROO,BENITO JUAREZ,,8,167,1398,616,0.4406294706723891,0.5593705293276109,PVEM,226,0.36688311688311687,85,0.137987012987013,MORENA,141,0.2288961038961039,67,0.10876623376623376,MC,74,0.12012987012987013,PVEM,226,0.36688311688311687,85,0.137987012987013,MORENA,141,0.2288961038961039,67,0.10876623376623376,MC,74,0.12012987012987013,60,0.09740259740259741,11,0.017857142857142856,8,0.012987012987012988,226,0.36688311688311687,6,0.00974025974025974,74,0.12012987012987013,141,0.2288961038961039,20,0.032467532467532464,2,0.003246753246753247,4,0.006493506493506494,0,0.0,0,0.0,0,0.0,0,0.0,0,0.0,0,0.0,0,0.0,0,0.0,0,0.0,0,0.0,0,0.0,0,0.0,0,0.0,0,0.0,0,0.0,0,0.0,64,0.1038961038961039,616,1.0,ORIGEN,SECCION,COMPLETO,CATALOGO_INE_2026
507,23,QUINTANA ROO,BENITO JUAREZ,,8,172,1245,495,0.39759036144578314,0.6024096385542168,PVEM,274,0.5535353535353535,194,0.39191919191919194,MORENA,80,0.16161616161616163,57,0.11515151515151516,PAN,23,0.046464646464646465,PVEM,274,0.5535353535353535,194,0.39191919191919194,MORENA,80,0.16161616161616163,57,0.11515151515151516,PAN,23,0.046464646464646465,23,0.046464646464646465,7,0.014141414141414142,9,0.01818181818181818,274,0.5535353535353535,16,0.03232323232323232,23,0.046464646464646465,80,0.16161616161616163,14,0.028282828282828285,3,0.006060606060606061,5,0.010101010101010102,0,0.0,4,0.00808080808080808,1,0.00202020202020202,0,0.0,0,0.0,0,0.0,0,0.0,0,0.0,1,0.00202020202020202,1,0.00202020202020202,5,0.010101010101010102,7,0.014141414141414142,1,0.00202020202020202,3,0.006060606060606061,0,0.0,0,0.0,18,0.03636363636363636,495,1.0,ORIGEN,SECCION,COMPLETO,CATALOGO_INE_2026
508,23,QUINTANA ROO,BENITO JUAREZ,,8,173,3689,1638,0.444022770398482,0.555977229601518,MORENA,556,0.33943833943833945,48,0.029304029304029304,PVEM,508,0.31013431013431014,341,0.2081807081807082,MC,167,0.10195360195360195,MORENA,556,0.33943833943833945,48,0.029304029304029304,PVEM,508,0.31013431013431014,341,0.2081807081807082,MC,167,0.10195360195360195,107,0.06532356532356533,25,0.015262515262515262,14,0.008547008547008548,508,0.31013431013431014,27,0.016483516483516484,167,0.10195360195360195,556,0.33943833943833945,27,0.016483516483516484,11,0.006715506715506716,15,0.009157509157509158,2,0.001221001221001221,7,0.004273504273504274,0,0.0,0,0.0,2,0.001221001221001221,1,0.0006105006105006105,0,0.0,0,0.0,2,0.001221001221001221,2,0.001221001221001221,12,0.007326007326007326,2,0.001221001221001221,5,0.0030525030525030525,2,0.001221001221001221,0,0.0,4,0.002442002442002442,140,0.08547008547008547,1638,1.0,ORIGEN,SECCION,COMPLETO,CATALOGO_INE_2026
509,23,QUINTANA ROO,BENITO JUAREZ,,8,174,3918,1539,0.39280245022970905,0.607197549770291,MORENA,404,0.26250812215724495,16,0.010396361273554255,PVEM,388,0.2521117608836907,102,0.06627680311890838,PAN,286,0.18583495776478232,MORENA,404,0.26250812215724495,16,0.010396361273554255,PVEM,388,0.2521117608836907,102,0.06627680311890838,PAN,286,0.18583495776478232,286,0.18583495776478232,43,0.02794022092267706,15,0.009746588693957114,388,0.2521117608836907,22,0.014294996751137101,223,0.14489928525016244,404,0.26250812215724495,21,0.01364522417153996,3,0.001949317738791423,8,0.005198180636777128,2,0.001299545159194282,10,0.00649772579597141,1,0.000649772579597141,0,0.0,5,0.003248862897985705,3,0.001949317738791423,0,0.0,2,0.001299545159194282,0,0.0,2,0.001299545159194282,18,0.011695906432748537,2,0.001299545159194282,7,0.004548408057179987,0,0.0,1,0.000649772579597141,0,0.0,73,0.04743339831059129,1539,1.0,ORIGEN,SECCION,COMPLETO,INFERIDA_SECCION_VECINA
510,23,QUINTANA ROO,BENITO JUAREZ,,8,175,17175,6372,0.3710043668122271,0.6289956331877729,PAN,2048,0.3214061519146265,481,0.07548650345260514,MORENA,1567,0.24591964846202136,527,0.08270558694287508,PVEM,1040,0.16321406151914628,PAN,2048,0.3214061519146265,481,0.07548650345260514,MORENA,1567,0.24591964846202136,527,0.08270558694287508,PVEM,1040,0.16321406151914628,2048,0.3214061519146265,243,0.038135593220338986,54,0.00847457627118644,1040,0.16321406151914628,90,0.014124293785310734,720,0.11299435028248588,1567,0.24591964846202136,65,0.010200878844946642,19,0.0029817953546767105,101,0.015850596359070934,25,0.003923414940364093,26,0.004080351537978657,1,0.00015693659761456373,2,0.00031387319522912746,12,0.0018832391713747645,9,0.0014124293785310734,2,0.00031387319522912746,0,0.0,1,0.00015693659761456373,2,0.00031387319522912746,33,0.005178907721280603,1,0.00015693659761456373,12,0.0018832391713747645,3,0.00047080979284369113,3,0.00047080979284369113,10,0.001569365976145637,283,0.04441305712492153,6372,1.0,ORIGEN,SECCION,COMPLETO,INFERIDA_SECCION_VECINA
511,23,QUINTANA ROO,BENITO JUAREZ,,8,638,1231,551,0.4476035743298132,0.5523964256701868,PVEM,308,0.558983666061706,198,0.35934664246823955,MORENA,110,0.1996370235934664,84,0.15245009074410162,MC,26,0.047186932849364795,PVEM,308,0.558983666061706,198,0.35934664246823955,MORENA,110,0.1996370235934664,84,0.15245009074410162,MC,26,0.047186932849364795,18,0.032667876588021776,5,0.009074410163339383,4,0.007259528130671506,308,0.558983666061706,8,0.014519056261343012,26,0.047186932849364795,110,0.1996370235934664,13,0.023593466424682397,1,0.0018148820326678765,6,0.010889292196007259,1,0.0018148820326678765,0,0.0,1,0.0018148820326678765,0,0.0,2,0.003629764065335753,2,0.003629764065335753,0,0.0,1,0.0018148820326678765,0,0.0,1,0.0018148820326678765,7,0.012704174228675136,1,0.0018148820326678765,1,0.0018148820326678765,0,0.0,0,0.0,0,0.0,35,0.06352087114337568,551,1.0,ORIGEN,SECCION,COMPLETO,CATALOGO_INE_2026
512,23,QUINTANA ROO,BENITO JUAREZ,,8,639,796,325,0.4082914572864322,0.5917085427135678,PVEM,189,0.5815384615384616,141,0.4338461538461538,MORENA,48,0.1476923076923077,27,0.08307692307692308,PAN,21,0.06461538461538462,PVEM,189,0.5815384615384616,141,0.4338461538461538,MORENA,48,0.1476923076923077,27,0.08307692307692308,PAN,21,0.06461538461538462,21,0.06461538461538462,3,0.009230769230769232,3,0.009230769230769232,189,0.5815384615384616,5,0.015384615384615385,21,0.06461538461538462,48,0.1476923076923077,10,0.03076923076923077,0,0.0,2,0.006153846153846154,4,0.012307692307692308,0,0.0,0,0.0,0,0.0,1,0.003076923076923077,0,0.0,0,0.0,0,0.0,0,0.0,0,0.0,0,0.0,0,0.0,0,0.0,0,0.0,0,0.0,0,0.0,18,0.055384615384615386,325,1.0,ORIGEN,SECCION,COMPLETO,CATALOGO_INE_2026
513,23,QUINTANA ROO,BENITO JUAREZ,,8,640,1610,738,0.4583850931677019,0.5416149068322982,PVEM,370,0.5013550135501355,198,0.2682926829268293,MORENA,172,0.23306233062330622,131,0.17750677506775067,MC,41,0.05555555555555555,PVEM,370,0.5013550135501355,198,0.2682926829268293,MORENA,172,0.23306233062330622,131,0.17750677506775067,MC,41,0.05555555555555555,26,0.03523035230352303,9,0.012195121951219513,7,0.009485094850948509,370,0.5013550135501355,7,0.009485094850948509,41,0.05555555555555555,172,0.23306233062330622,16,0.02168021680216802,14,0.018970189701897018,12,0.016260162601626018,1,0.0013550135501355014,0,0.0,0,0.0,0,0.0,0,0.0,0,0.0,0,0.0,0,0.0,0,0.0,0,0.0,4,0.005420054200542005,1,0.0013550135501355014,2,0.0027100271002710027,0,0.0,2,0.0027100271002710027,0,0.0,54,0.07317073170731707,738,1.0,ORIGEN,SECCION,COMPLETO,CATALOGO_INE_2026
514,23,QUINTANA ROO,BENITO JUAREZ,,8,642,749,281,0.3751668891855808,0.6248331108144192,PAN,82,0.2918149466192171,27,0.09608540925266904,MORENA,55,0.19572953736654805,9,0.03202846975088968,MC,46,0.16370106761565836,PAN,82,0.2918149466192171,27,0.09608540925266904,MORENA,55,0.19572953736654805,9,0.03202846975088968,MC,46,0.16370106761565836,82,0.2918149466192171,36,0.12811387900355872,4,0.014234875444839857,32,0.11387900355871886,4,0.014234875444839857,46,0.16370106761565836,55,0.19572953736654805,5,0.017793594306049824,2,0.0071174377224199285,4,0.014234875444839857,0,0.0,0,0.0,0,0.0,0,0.0,1,0.0035587188612099642,0,0.0,0,0.0,0,0.0,0,0.0,0,0.0,1,0.0035587188612099642,0,0.0,0,0.0,0,0.0,0,0.0,0,0.0,9,0.03202846975088968,281,1.0,ORIGEN,SECCION,COMPLETO,CATALOGO_INE_2026
515,23,QUINTANA ROO,BENITO JUAREZ,,8,643,639,261,0.4084507042253521,0.5915492957746479,PVEM,87,0.3333333333333333,18,0.06896551724137931,MORENA,69,0.26436781609195403,33,0.12643678160919541,MC,36,0.13793103448275862,PVEM,87,0.3333333333333333,18,0.06896551724137931,MORENA,69,0.26436781609195403,33,0.12643678160919541,MC,36,0.13793103448275862,29,0.1111111111111111,12,0.04597701149425287,5,0.019157088122605363,87,0.3333333333333333,6,0.022988505747126436,36,0.13793103448275862,69,0.26436781609195403,4,0.01532567049808429,2,0.007662835249042145,2,0.007662835249042145,0,0.0,0,0.0,0,0.0,0,0.0,0,0.0,0,0.0,0,0.0,0,0.0,0,0.0,0,0.0,0,0.0,0,0.0,0,0.0,0,0.0,0,0.0,0,0.0,9,0.034482758620689655,261,1.0,ORIGEN,SECCION,COMPLETO,CATALOGO_INE_2026
516,23,QUINTANA ROO,BENITO JUAREZ,,8,644,701,301,0.42938659058487877,0.5706134094151212,PVEM,105,0.3488372093023256,38,0.12624584717607973,MORENA,67,0.22259136212624583,19,0.06312292358803986,PAN,48,0.15946843853820597,PVEM,105,0.3488372093023256,38,0.12624584717607973,MORENA,67,0.22259136212624583,19,0.06312292358803986,PAN,48,0.15946843853820597,48,0.15946843853820597,12,0.03986710963455149,5,0.016611295681063124,105,0.3488372093023256,1,0.0033222591362126247,35,0.11627906976744186,67,0.22259136212624583,5,0.016611295681063124,0,0.0,1,0.0033222591362126247,3,0.009966777408637873,2,0.006644518272425249,0,0.0,0,0.0,0,0.0,2,0.006644518272425249,0,0.0,0,0.0,0,0.0,0,0.0,0,0.0,0,0.0,0,0.0,0,0.0,0,0.0,0,0.0,15,0.04983388704318937,301,1.0,ORIGEN,SECCION,COMPLETO,CATALOGO_INE_2026
517,23,QUINTANA ROO,BENITO JUAREZ,,8,645,739,288,0.38971583220568334,0.6102841677943167,PVEM,83,0.2881944444444444,12,0.041666666666666664,MORENA,71,0.2465277777777778,29,0.10069444444444445,MC,42,0.14583333333333334,PVEM,83,0.2881944444444444,12,0.041666666666666664,MORENA,71,0.2465277777777778,29,0.10069444444444445,MC,42,0.14583333333333334,41,0.1423611111111111,13,0.04513888888888889,3,0.010416666666666666,83,0.2881944444444444,2,0.006944444444444444,42,0.14583333333333334,71,0.2465277777777778,5,0.017361111111111112,4,0.013888888888888888,3,0.010416666666666666,0,0.0,0,0.0,0,0.0,0,0.0,0,0.0,3,0.010416666666666666,0,0.0,0,0.0,0,0.0,0,0.0,0,0.0,0,0.0,0,0.0,0,0.0,0,0.0,0,0.0,18,0.0625,288,1.0,ORIGEN,SECCION,COMPLETO,CATALOGO_INE_2026
518,23,QUINTANA ROO,BENITO JUAREZ,,8,646,537,202,0.3761638733705773,0.6238361266294228,PVEM,66,0.32673267326732675,4,0.019801980198019802,MORENA,62,0.3069306930693069,32,0.15841584158415842,PAN,30,0.1485148514851485,PVEM,66,0.32673267326732675,4,0.019801980198019802,MORENA,62,0.3069306930693069,32,0.15841584158415842,PAN,30,0.1485148514851485,30,0.1485148514851485,5,0.024752475247524754,2,0.009900990099009901,66,0.32673267326732675,2,0.009900990099009901,18,0.0891089108910891,62,0.3069306930693069,3,0.01485148514851485,1,0.0049504950495049506,4,0.019801980198019802,0,0.0,0,0.0,0,0.0,0,0.0,0,0.0,0,0.0,0,0.0,0,0.0,0,0.0,0,0.0,0,0.0,0,0.0,0,0.0,1,0.0049504950495049506,0,0.0,0,0.0,8,0.039603960396039604,202,1.0,ORIGEN,SECCION,COMPLETO,CATALOGO_INE_2026
519,23,QUINTANA ROO,BENITO JUAREZ,,8,647,851,347,0.40775558166862513,0.5922444183313749,PAN,130,0.3746397694524496,39,0.11239193083573487,MORENA,91,0.2622478386167147,40,0.11527377521613832,MC,51,0.14697406340057637,PAN,130,0.3746397694524496,39,0.11239193083573487,MORENA,91,0.2622478386167147,40,0.11527377521613832,MC,51,0.14697406340057637,130,0.3746397694524496,19,0.05475504322766571,5,0.01440922190201729,20,0.05763688760806916,4,0.011527377521613832,51,0.14697406340057637,91,0.2622478386167147,6,0.01729106628242075,1,0.002881844380403458,3,0.008645533141210375,1,0.002881844380403458,1,0.002881844380403458,0,0.0,0,0.0,1,0.002881844380403458,1,0.002881844380403458,0,0.0,1,0.002881844380403458,0,0.0,1,0.002881844380403458,0,0.0,0,0.0,2,0.005763688760806916,0,0.0,0,0.0,1,0.002881844380403458,8,0.023054755043227664,347,1.0,ORIGEN,SECCION,COMPLETO,CATALOGO_INE_2026
520,23,QUINTANA ROO,BENITO JUAREZ,,8,648,688,245,0.3561046511627907,0.6438953488372092,MORENA,70,0.2857142857142857,3,0.012244897959183673,PAN,67,0.27346938775510204,33,0.1346938775510204,MC,34,0.13877551020408163,MORENA,70,0.2857142857142857,3,0.012244897959183673,PAN,67,0.27346938775510204,33,0.1346938775510204,MC,34,0.13877551020408163,67,0.27346938775510204,25,0.10204081632653061,3,0.012244897959183673,14,0.05714285714285714,5,0.02040816326530612,34,0.13877551020408163,70,0.2857142857142857,4,0.0163265306122449,1,0.004081632653061225,1,0.004081632653061225,1,0.004081632653061225,2,0.00816326530612245,0,0.0,0,0.0,0,0.0,0,0.0,0,0.0,0,0.0,0,0.0,1,0.004081632653061225,1,0.004081632653061225,0,0.0,0,0.0,0,0.0,0,0.0,0,0.0,16,0.0653061224489796,245,1.0,ORIGEN,SECCION,COMPLETO,CATALOGO_INE_2026
521,23,QUINTANA ROO,BENITO JUAREZ,,8,649,1027,376,0.3661148977604674,0.6338851022395326,PAN,113,0.300531914893617,27,0.07180851063829788,MORENA,86,0.22872340425531915,29,0.07712765957446809,PVEM,57,0.15159574468085107,PAN,113,0.300531914893617,27,0.07180851063829788,MORENA,86,0.22872340425531915,29,0.07712765957446809,PVEM,57,0.15159574468085107,113,0.300531914893617,28,0.07446808510638298,9,0.023936170212765957,57,0.15159574468085107,6,0.015957446808510637,53,0.14095744680851063,86,0.22872340425531915,7,0.018617021276595744,2,0.005319148936170213,1,0.0026595744680851063,3,0.007978723404255319,2,0.005319148936170213,0,0.0,0,0.0,1,0.0026595744680851063,0,0.0,0,0.0,0,0.0,0,0.0,0,0.0,0,0.0,0,0.0,0,0.0,0,0.0,0,0.0,0,0.0,8,0.02127659574468085,376,1.0,ORIGEN,SECCION,COMPLETO,CATALOGO_INE_2026
522,23,QUINTANA ROO,BENITO JUAREZ,,8,650,823,380,0.4617253948967193,0.5382746051032807,PAN,116,0.30526315789473685,34,0.08947368421052632,MORENA,82,0.21578947368421053,17,0.04473684210526316,MC,65,0.17105263157894737,PAN,116,0.30526315789473685,34,0.08947368421052632,MORENA,82,0.21578947368421053,17,0.04473684210526316,MC,65,0.17105263157894737,116,0.30526315789473685,27,0.07105263157894737,3,0.007894736842105263,35,0.09210526315789473,11,0.02894736842105263,65,0.17105263157894737,82,0.21578947368421053,12,0.031578947368421054,2,0.005263157894736842,5,0.013157894736842105,3,0.007894736842105263,1,0.002631578947368421,0,0.0,0,0.0,3,0.007894736842105263,1,0.002631578947368421,1,0.002631578947368421,0,0.0,0,0.0,0,0.0,1,0.002631578947368421,0,0.0,1,0.002631578947368421,0,0.0,0,0.0,1,0.002631578947368421,10,0.02631578947368421,380,1.0,ORIGEN,SECCION,COMPLETO,CATALOGO_INE_2026
523,23,QUINTANA ROO,BENITO JUAREZ,,8,651,538,218,0.4052044609665427,0.5947955390334573,PAN,72,0.3302752293577982,15,0.06880733944954129,MORENA,57,0.26146788990825687,16,0.07339449541284404,MC,41,0.18807339449541285,PAN,72,0.3302752293577982,15,0.06880733944954129,MORENA,57,0.26146788990825687,16,0.07339449541284404,MC,41,0.18807339449541285,72,0.3302752293577982,13,0.05963302752293578,7,0.03211009174311927,7,0.03211009174311927,3,0.013761467889908258,41,0.18807339449541285,57,0.26146788990825687,7,0.03211009174311927,0,0.0,2,0.009174311926605505,1,0.0045871559633027525,1,0.0045871559633027525,0,0.0,0,0.0,0,0.0,0,0.0,0,0.0,0,0.0,0,0.0,0,0.0,2,0.009174311926605505,0,0.0,0,0.0,0,0.0,0,0.0,0,0.0,5,0.022935779816513763,218,1.0,ORIGEN,SECCION,COMPLETO,CATALOGO_INE_2026
524,23,QUINTANA ROO,BENITO JUAREZ,,8,652,971,422,0.43460350154479915,0.5653964984552009,MORENA,119,0.28199052132701424,4,0.009478672985781991,PAN,115,0.2725118483412322,37,0.08767772511848342,MC,78,0.1848341232227488,MORENA,119,0.28199052132701424,4,0.009478672985781991,PAN,115,0.2725118483412322,37,0.08767772511848342,MC,78,0.1848341232227488,115,0.2725118483412322,27,0.06398104265402843,3,0.0071090047393364926,33,0.07819905213270142,7,0.016587677725118485,78,0.1848341232227488,119,0.28199052132701424,16,0.037914691943127965,4,0.009478672985781991,0,0.0,1,0.002369668246445498,1,0.002369668246445498,0,0.0,0,0.0,2,0.004739336492890996,0,0.0,0,0.0,0,0.0,0,0.0,1,0.002369668246445498,0,0.0,1,0.002369668246445498,0,0.0,0,0.0,0,0.0,0,0.0,14,0.03317535545023697,422,1.0,ORIGEN,SECCION,COMPLETO,CATALOGO_INE_2026
525,23,QUINTANA ROO,BENITO JUAREZ,,8,653,1471,546,0.3711760707002039,0.6288239292997961,MORENA,175,0.32051282051282054,15,0.027472527472527472,PAN,160,0.29304029304029305,77,0.14102564102564102,MC,83,0.152014652014652,MORENA,175,0.32051282051282054,15,0.027472527472527472,PAN,160,0.29304029304029305,77,0.14102564102564102,MC,83,0.152014652014652,160,0.29304029304029305,31,0.056776556776556776,4,0.007326007326007326,33,0.06043956043956044,7,0.01282051282051282,83,0.152014652014652,175,0.32051282051282054,16,0.029304029304029304,3,0.005494505494505495,4,0.007326007326007326,3,0.005494505494505495,2,0.003663003663003663,0,0.0,0,0.0,1,0.0018315018315018315,0,0.0,0,0.0,0,0.0,0,0.0,0,0.0,1,0.0018315018315018315,0,0.0,4,0.007326007326007326,0,0.0,0,0.0,2,0.003663003663003663,17,0.031135531135531136,546,1.0,ORIGEN,SECCION,COMPLETO,CATALOGO_INE_2026
526,23,QUINTANA ROO,BENITO JUAREZ,,8,654,761,362,0.4756898817345598,0.5243101182654402,MORENA,116,0.32044198895027626,44,0.12154696132596685,PAN,72,0.19889502762430938,12,0.03314917127071823,MC,60,0.16574585635359115,MORENA,116,0.32044198895027626,44,0.12154696132596685,PAN,72,0.19889502762430938,12,0.03314917127071823,MC,60,0.16574585635359115,72,0.19889502762430938,25,0.06906077348066299,5,0.013812154696132596,39,0.10773480662983426,9,0.024861878453038673,60,0.16574585635359115,116,0.32044198895027626,8,0.022099447513812154,2,0.0055248618784530384,5,0.013812154696132596,1,0.0027624309392265192,0,0.0,0,0.0,0,0.0,0,0.0,2,0.0055248618784530384,0,0.0,0,0.0,0,0.0,1,0.0027624309392265192,0,0.0,0,0.0,0,0.0,0,0.0,0,0.0,1,0.0027624309392265192,16,0.04419889502762431,362,1.0,ORIGEN,SECCION,COMPLETO,CATALOGO_INE_2026
527,23,QUINTANA ROO,BENITO JUAREZ,,8,655,862,396,0.4593967517401392,0.5406032482598608,MORENA,139,0.351010101010101,75,0.1893939393939394,PVEM,64,0.16161616161616163,1,0.0025252525252525255,MC,63,0.1590909090909091,MORENA,139,0.351010101010101,75,0.1893939393939394,PVEM,64,0.16161616161616163,1,0.0025252525252525255,MC,63,0.1590909090909091,62,0.15656565656565657,17,0.04292929292929293,4,0.010101010101010102,64,0.16161616161616163,5,0.012626262626262626,63,0.1590909090909091,139,0.351010101010101,17,0.04292929292929293,3,0.007575757575757576,6,0.015151515151515152,0,0.0,0,0.0,0,0.0,0,0.0,1,0.0025252525252525255,0,0.0,0,0.0,0,0.0,0,0.0,0,0.0,1,0.0025252525252525255,0,0.0,1,0.0025252525252525255,0,0.0,0,0.0,0,0.0,13,0.03282828282828283,396,1.0,ORIGEN,SECCION,COMPLETO,CATALOGO_INE_2026
528,23,QUINTANA ROO,BENITO JUAREZ,,8,656,531,272,0.512241054613936,0.487758945386064,MORENA,96,0.35294117647058826,47,0.17279411764705882,PVEM,49,0.1801470588235294,3,0.011029411764705883,PAN,46,0.16911764705882354,MORENA,96,0.35294117647058826,47,0.17279411764705882,PVEM,49,0.1801470588235294,3,0.011029411764705883,PAN,46,0.16911764705882354,46,0.16911764705882354,7,0.025735294117647058,0,0.0,49,0.1801470588235294,4,0.014705882352941176,44,0.16176470588235295,96,0.35294117647058826,9,0.03308823529411765,1,0.003676470588235294,3,0.011029411764705883,0,0.0,0,0.0,0,0.0,0,0.0,3,0.011029411764705883,0,0.0,0,0.0,1,0.003676470588235294,0,0.0,0,0.0,2,0.007352941176470588,0,0.0,0,0.0,0,0.0,2,0.007352941176470588,1,0.003676470588235294,4,0.014705882352941176,272,1.0,ORIGEN,SECCION,COMPLETO,CATALOGO_INE_2026
529,23,QUINTANA ROO,BENITO JUAREZ,,8,657,612,239,0.39052287581699346,0.6094771241830066,PAN,63,0.26359832635983266,11,0.04602510460251046,MORENA,52,0.2175732217573222,11,0.04602510460251046,PVEM,41,0.17154811715481172,PAN,63,0.26359832635983266,11,0.04602510460251046,MORENA,52,0.2175732217573222,11,0.04602510460251046,PVEM,41,0.17154811715481172,63,0.26359832635983266,14,0.058577405857740586,1,0.0041841004184100415,41,0.17154811715481172,2,0.008368200836820083,38,0.1589958158995816,52,0.2175732217573222,7,0.029288702928870293,2,0.008368200836820083,2,0.008368200836820083,2,0.008368200836820083,1,0.0041841004184100415,0,0.0,0,0.0,0,0.0,2,0.008368200836820083,0,0.0,0,0.0,0,0.0,0,0.0,1,0.0041841004184100415,0,0.0,0,0.0,0,0.0,0,0.0,0,0.0,11,0.04602510460251046,239,1.0,ORIGEN,SECCION,COMPLETO,CATALOGO_INE_2026
530,23,QUINTANA ROO,BENITO JUAREZ,,8,658,1263,519,0.41092636579572445,0.5890736342042755,PAN,168,0.3236994219653179,42,0.08092485549132948,MORENA,126,0.24277456647398843,46,0.08863198458574181,MC,80,0.15414258188824662,PAN,168,0.3236994219653179,42,0.08092485549132948,MORENA,126,0.24277456647398843,46,0.08863198458574181,MC,80,0.15414258188824662,168,0.3236994219653179,44,0.08477842003853564,10,0.019267822736030827,23,0.04431599229287091,19,0.036608863198458574,80,0.15414258188824662,126,0.24277456647398843,10,0.019267822736030827,5,0.009633911368015413,12,0.023121387283236993,1,0.0019267822736030828,1,0.0019267822736030828,1,0.0019267822736030828,0,0.0,1,0.0019267822736030828,0,0.0,0,0.0,1,0.0019267822736030828,0,0.0,0,0.0,0,0.0,0,0.0,0,0.0,0,0.0,0,0.0,3,0.005780346820809248,14,0.02697495183044316,519,1.0,ORIGEN,SECCION,COMPLETO,CATALOGO_INE_2026
531,23,QUINTANA ROO,BENITO JUAREZ,,8,659,667,286,0.4287856071964018,0.5712143928035982,PAN,102,0.35664335664335667,40,0.13986013986013987,MORENA,62,0.21678321678321677,26,0.09090909090909091,MC,36,0.1258741258741259,PAN,102,0.35664335664335667,40,0.13986013986013987,MORENA,62,0.21678321678321677,26,0.09090909090909091,MC,36,0.1258741258741259,102,0.35664335664335667,29,0.10139860139860139,1,0.0034965034965034965,28,0.0979020979020979,4,0.013986013986013986,36,0.1258741258741259,62,0.21678321678321677,7,0.024475524475524476,0,0.0,4,0.013986013986013986,1,0.0034965034965034965,0,0.0,0,0.0,0,0.0,0,0.0,0,0.0,0,0.0,0,0.0,2,0.006993006993006993,0,0.0,0,0.0,0,0.0,1,0.0034965034965034965,0,0.0,0,0.0,0,0.0,9,0.03146853146853147,286,1.0,ORIGEN,SECCION,COMPLETO,CATALOGO_INE_2026
532,23,QUINTANA ROO,BENITO JUAREZ,,8,660,1073,374,0.34855545200372784,0.6514445479962722,PAN,110,0.29411764705882354,6,0.016042780748663103,MORENA,104,0.27807486631016043,43,0.11497326203208556,MC,61,0.16310160427807488,PAN,110,0.29411764705882354,6,0.016042780748663103,MORENA,104,0.27807486631016043,43,0.11497326203208556,MC,61,0.16310160427807488,110,0.29411764705882354,36,0.0962566844919786,4,0.0106951871657754,27,0.07219251336898395,5,0.013368983957219251,61,0.16310160427807488,104,0.27807486631016043,7,0.01871657754010695,0,0.0,6,0.016042780748663103,1,0.00267379679144385,0,0.0,0,0.0,0,0.0,0,0.0,0,0.0,0,0.0,0,0.0,0,0.0,0,0.0,1,0.00267379679144385,0,0.0,0,0.0,0,0.0,0,0.0,1,0.00267379679144385,11,0.029411764705882353,374,1.0,ORIGEN,SECCION,COMPLETO,CATALOGO_INE_2026
533,23,QUINTANA ROO,BENITO JUAREZ,,8,661,1123,486,0.4327693677649154,0.5672306322350846,PAN,178,0.3662551440329218,54,0.1111111111111111,MORENA,124,0.2551440329218107,55,0.11316872427983539,MC,69,0.1419753086419753,PAN,178,0.3662551440329218,54,0.1111111111111111,MORENA,124,0.2551440329218107,55,0.11316872427983539,MC,69,0.1419753086419753,178,0.3662551440329218,40,0.0823045267489712,8,0.01646090534979424,27,0.05555555555555555,5,0.0102880658436214,69,0.1419753086419753,124,0.2551440329218107,6,0.012345679012345678,1,0.00205761316872428,3,0.006172839506172839,3,0.006172839506172839,1,0.00205761316872428,0,0.0,0,0.0,0,0.0,2,0.00411522633744856,0,0.0,0,0.0,1,0.00205761316872428,0,0.0,2,0.00411522633744856,0,0.0,2,0.00411522633744856,0,0.0,0,0.0,2,0.00411522633744856,12,0.024691358024691357,486,1.0,ORIGEN,SECCION,COMPLETO,CATALOGO_INE_2026
534,23,QUINTANA ROO,BENITO JUAREZ,,8,662,1258,508,0.40381558028616854,0.5961844197138315,PAN,186,0.3661417322834646,62,0.1220472440944882,MORENA,124,0.2440944881889764,35,0.0688976377952756,MC,89,0.17519685039370078,PAN,186,0.3661417322834646,62,0.1220472440944882,MORENA,124,0.2440944881889764,35,0.0688976377952756,MC,89,0.17519685039370078,186,0.3661417322834646,37,0.07283464566929133,2,0.003937007874015748,19,0.03740157480314961,3,0.005905511811023622,89,0.17519685039370078,124,0.2440944881889764,14,0.027559055118110236,1,0.001968503937007874,10,0.01968503937007874,1,0.001968503937007874,1,0.001968503937007874,0,0.0,0,0.0,2,0.003937007874015748,0,0.0,0,0.0,0,0.0,0,0.0,0,0.0,0,0.0,0,0.0,1,0.001968503937007874,0,0.0,0,0.0,0,0.0,18,0.03543307086614173,508,1.0,ORIGEN,SECCION,COMPLETO,CATALOGO_INE_2026
535,23,QUINTANA ROO,BENITO JUAREZ,,8,663,1234,506,0.4100486223662885,0.5899513776337115,PAN,145,0.2865612648221344,16,0.03162055335968379,MORENA,129,0.2549407114624506,32,0.06324110671936758,MC,97,0.191699604743083,PAN,145,0.2865612648221344,16,0.03162055335968379,MORENA,129,0.2549407114624506,32,0.06324110671936758,MC,97,0.191699604743083,145,0.2865612648221344,32,0.06324110671936758,8,0.015810276679841896,37,0.07312252964426877,9,0.017786561264822136,97,0.191699604743083,129,0.2549407114624506,10,0.019762845849802372,3,0.005928853754940711,6,0.011857707509881422,2,0.003952569169960474,1,0.001976284584980237,1,0.001976284584980237,0,0.0,0,0.0,0,0.0,0,0.0,0,0.0,0,0.0,0,0.0,0,0.0,0,0.0,1,0.001976284584980237,0,0.0,0,0.0,2,0.003952569169960474,23,0.045454545454545456,506,1.0,ORIGEN,SECCION,COMPLETO,CATALOGO_INE_2026
536,23,QUINTANA ROO,BENITO JUAREZ,,8,664,1764,690,0.391156462585034,0.608843537414966,PAN,318,0.4608695652173913,168,0.24347826086956523,MORENA,150,0.21739130434782608,58,0.08405797101449275,MC,92,0.13333333333333333,PAN,318,0.4608695652173913,168,0.24347826086956523,MORENA,150,0.21739130434782608,58,0.08405797101449275,MC,92,0.13333333333333333,318,0.4608695652173913,37,0.0536231884057971,5,0.007246376811594203,23,0.03333333333333333,15,0.021739130434782608,92,0.13333333333333333,150,0.21739130434782608,8,0.011594202898550725,2,0.002898550724637681,7,0.010144927536231883,6,0.008695652173913044,2,0.002898550724637681,0,0.0,0,0.0,1,0.0014492753623188406,3,0.004347826086956522,0,0.0,0,0.0,2,0.002898550724637681,0,0.0,0,0.0,0,0.0,2,0.002898550724637681,0,0.0,0,0.0,3,0.004347826086956522,14,0.020289855072463767,690,1.0,ORIGEN,SECCION,COMPLETO,CATALOGO_INE_2026
537,23,QUINTANA ROO,BENITO JUAREZ,,8,665,873,369,0.422680412371134,0.5773195876288659,PAN,148,0.4010840108401084,58,0.15718157181571815,MORENA,90,0.24390243902439024,18,0.04878048780487805,MC,72,0.1951219512195122,PAN,148,0.4010840108401084,58,0.15718157181571815,MORENA,90,0.24390243902439024,18,0.04878048780487805,MC,72,0.1951219512195122,148,0.4010840108401084,22,0.05962059620596206,4,0.01084010840108401,11,0.02981029810298103,4,0.01084010840108401,72,0.1951219512195122,90,0.24390243902439024,7,0.018970189701897018,1,0.0027100271002710027,2,0.005420054200542005,2,0.005420054200542005,0,0.0,0,0.0,0,0.0,2,0.005420054200542005,0,0.0,0,0.0,0,0.0,0,0.0,0,0.0,0,0.0,0,0.0,0,0.0,0,0.0,0,0.0,0,0.0,4,0.01084010840108401,369,1.0,ORIGEN,SECCION,COMPLETO,CATALOGO_INE_2026
538,23,QUINTANA ROO,BENITO JUAREZ,,8,666,461,186,0.403470715835141,0.5965292841648591,PAN,86,0.46236559139784944,44,0.23655913978494625,MORENA,42,0.22580645161290322,19,0.10215053763440861,MC,23,0.12365591397849462,PAN,86,0.46236559139784944,44,0.23655913978494625,MORENA,42,0.22580645161290322,19,0.10215053763440861,MC,23,0.12365591397849462,86,0.46236559139784944,12,0.06451612903225806,3,0.016129032258064516,4,0.021505376344086023,0,0.0,23,0.12365591397849462,42,0.22580645161290322,7,0.03763440860215054,3,0.016129032258064516,2,0.010752688172043012,2,0.010752688172043012,0,0.0,0,0.0,0,0.0,0,0.0,0,0.0,0,0.0,0,0.0,1,0.005376344086021506,0,0.0,0,0.0,0,0.0,0,0.0,0,0.0,0,0.0,0,0.0,1,0.005376344086021506,186,1.0,ORIGEN,SECCION,COMPLETO,CATALOGO_INE_2026
539,23,QUINTANA ROO,BENITO JUAREZ,,8,667,1717,683,0.39778683750728017,0.6022131624927198,PAN,268,0.3923865300146413,115,0.1683748169838946,MORENA,153,0.2240117130307467,58,0.0849194729136164,MC,95,0.1390922401171303,PAN,268,0.3923865300146413,115,0.1683748169838946,MORENA,153,0.2240117130307467,58,0.0849194729136164,MC,95,0.1390922401171303,268,0.3923865300146413,70,0.10248901903367497,4,0.005856515373352855,25,0.036603221083455345,15,0.021961932650073207,95,0.1390922401171303,153,0.2240117130307467,7,0.010248901903367497,4,0.005856515373352855,13,0.01903367496339678,5,0.007320644216691069,0,0.0,0,0.0,0,0.0,0,0.0,1,0.0014641288433382138,0,0.0,0,0.0,0,0.0,0,0.0,0,0.0,0,0.0,0,0.0,0,0.0,1,0.0014641288433382138,1,0.0014641288433382138,21,0.03074670571010249,683,1.0,ORIGEN,SECCION,COMPLETO,CATALOGO_INE_2026
540,23,QUINTANA ROO,COZUMEL,,11,182,2064,805,0.39001937984496127,0.6099806201550387,MORENA,273,0.3391304347826087,92,0.11428571428571428,PAN,181,0.2248447204968944,78,0.0968944099378882,MAS,103,0.12795031055900621,MORENA,273,0.3391304347826087,92,0.11428571428571428,PAN,181,0.2248447204968944,78,0.0968944099378882,MAS,103,0.12795031055900621,181,0.2248447204968944,99,0.12298136645962733,12,0.014906832298136646,26,0.03229813664596273,5,0.006211180124223602,49,0.06086956521739131,273,0.3391304347826087,103,0.12795031055900621,4,0.004968944099378882,15,0.018633540372670808,2,0.002484472049689441,2,0.002484472049689441,0,0.0,0,0.0,3,0.0037267080745341614,2,0.002484472049689441,0,0.0,0,0.0,1,0.0012422360248447205,0,0.0,0,0.0,0,0.0,0,0.0,0,0.0,0,0.0,2,0.002484472049689441,26,0.03229813664596273,805,1.0,ORIGEN,SECCION,COMPLETO,CATALOGO_INE_2026
541,23,QUINTANA ROO,COZUMEL,,11,183,2102,842,0.4005708848715509,0.5994291151284491,MORENA,289,0.34323040380047504,83,0.09857482185273159,MAS,206,0.24465558194774348,116,0.1377672209026128,PAN,90,0.10688836104513064,MORENA,289,0.34323040380047504,83,0.09857482185273159,MAS,206,0.24465558194774348,116,0.1377672209026128,PAN,90,0.10688836104513064,90,0.10688836104513064,71,0.08432304038004751,8,0.009501187648456057,32,0.03800475059382423,6,0.007125890736342043,67,0.07957244655581948,289,0.34323040380047504,206,0.24465558194774348,10,0.011876484560570071,5,0.0059382422802850355,1,0.0011876484560570072,1,0.0011876484560570072,1,0.0011876484560570072,0,0.0,0,0.0,0,0.0,0,0.0,0,0.0,0,0.0,0,0.0,3,0.0035629453681710215,0,0.0,2,0.0023752969121140144,0,0.0,0,0.0,0,0.0,50,0.05938242280285035,842,1.0,ORIGEN,SECCION,COMPLETO,CATALOGO_INE_2026
542,23,QUINTANA ROO,COZUMEL,,11,184,1927,878,0.455630513751946,0.5443694862480539,MORENA,336,0.3826879271070615,139,0.15831435079726652,MAS,197,0.224373576309795,93,0.10592255125284739,PAN,104,0.11845102505694761,MORENA,336,0.3826879271070615,139,0.15831435079726652,MAS,197,0.224373576309795,93,0.10592255125284739,PAN,104,0.11845102505694761,104,0.11845102505694761,68,0.0774487471526196,13,0.014806378132118452,41,0.04669703872437358,9,0.010250569476082005,51,0.05808656036446469,336,0.3826879271070615,197,0.224373576309795,7,0.007972665148063782,8,0.009111617312072893,0,0.0,1,0.0011389521640091116,0,0.0,0,0.0,0,0.0,1,0.0011389521640091116,0,0.0,0,0.0,0,0.0,0,0.0,6,0.00683371298405467,0,0.0,0,0.0,0,0.0,1,0.0011389521640091116,0,0.0,35,0.03986332574031891,878,1.0,ORIGEN,SECCION,COMPLETO,CATALOGO_INE_2026
543,23,QUINTANA ROO,COZUMEL,,11,185,2305,1003,0.4351409978308026,0.5648590021691974,MORENA,420,0.4187437686939183,249,0.24825523429710866,MAS,171,0.17048853439680958,74,0.07377866400797607,PRI,97,0.0967098703888335,MORENA,420,0.4187437686939183,249,0.24825523429710866,MAS,171,0.17048853439680958,74,0.07377866400797607,PRI,97,0.0967098703888335,87,0.08673978065802593,97,0.0967098703888335,11,0.010967098703888335,47,0.04685942173479561,7,0.006979062811565304,57,0.05682951146560319,420,0.4187437686939183,171,0.17048853439680958,17,0.01694915254237288,18,0.01794616151545364,1,0.0009970089730807576,3,0.0029910269192422734,0,0.0,0,0.0,1,0.0009970089730807576,2,0.0019940179461615153,0,0.0,0,0.0,1,0.0009970089730807576,0,0.0,3,0.0029910269192422734,0,0.0,1,0.0009970089730807576,0,0.0,3,0.0029910269192422734,0,0.0,56,0.05583250249252243,1003,1.0,ORIGEN,SECCION,COMPLETO,CATALOGO_INE_2026
544,23,QUINTANA ROO,COZUMEL,,11,186,962,536,0.5571725571725572,0.4428274428274428,MORENA,183,0.3414179104477612,50,0.09328358208955224,MAS,133,0.24813432835820895,78,0.1455223880597015,MC,55,0.10261194029850747,MORENA,183,0.3414179104477612,50,0.09328358208955224,MAS,133,0.24813432835820895,78,0.1455223880597015,MC,55,0.10261194029850747,33,0.061567164179104475,44,0.08208955223880597,6,0.011194029850746268,30,0.055970149253731345,7,0.013059701492537313,55,0.10261194029850747,183,0.3414179104477612,133,0.24813432835820895,5,0.009328358208955223,4,0.007462686567164179,0,0.0,2,0.0037313432835820895,0,0.0,0,0.0,2,0.0037313432835820895,0,0.0,0,0.0,1,0.0018656716417910447,1,0.0018656716417910447,2,0.0037313432835820895,2,0.0037313432835820895,0,0.0,1,0.0018656716417910447,0,0.0,0,0.0,0,0.0,25,0.04664179104477612,536,1.0,ORIGEN,SECCION,COMPLETO,CATALOGO_INE_2026
545,23,QUINTANA ROO,COZUMEL,,11,187,1843,830,0.4503526858383071,0.5496473141616929,MORENA,313,0.37710843373493974,118,0.14216867469879518,MAS,195,0.23493975903614459,127,0.1530120481927711,PAN,68,0.0819277108433735,MORENA,313,0.37710843373493974,118,0.14216867469879518,MAS,195,0.23493975903614459,127,0.1530120481927711,PAN,68,0.0819277108433735,68,0.0819277108433735,52,0.06265060240963856,12,0.014457831325301205,32,0.03855421686746988,8,0.00963855421686747,66,0.07951807228915662,313,0.37710843373493974,195,0.23493975903614459,14,0.016867469879518072,13,0.01566265060240964,0,0.0,1,0.0012048192771084338,1,0.0012048192771084338,0,0.0,1,0.0012048192771084338,1,0.0012048192771084338,0,0.0,0,0.0,0,0.0,0,0.0,5,0.006024096385542169,0,0.0,1,0.0012048192771084338,0,0.0,1,0.0012048192771084338,0,0.0,46,0.05542168674698795,830,1.0,ORIGEN,SECCION,COMPLETO,CATALOGO_INE_2026
546,23,QUINTANA ROO,COZUMEL,,11,188,2010,910,0.4527363184079602,0.5472636815920398,MORENA,328,0.36043956043956044,67,0.07362637362637363,MAS,261,0.2868131868131868,183,0.2010989010989011,MC,78,0.08571428571428572,MORENA,328,0.36043956043956044,67,0.07362637362637363,MAS,261,0.2868131868131868,183,0.2010989010989011,MC,78,0.08571428571428572,65,0.07142857142857142,60,0.06593406593406594,6,0.006593406593406593,33,0.03626373626373627,10,0.01098901098901099,78,0.08571428571428572,328,0.36043956043956044,261,0.2868131868131868,11,0.012087912087912088,10,0.01098901098901099,2,0.002197802197802198,1,0.001098901098901099,0,0.0,0,0.0,2,0.002197802197802198,2,0.002197802197802198,0,0.0,0,0.0,0,0.0,0,0.0,4,0.004395604395604396,0,0.0,1,0.001098901098901099,1,0.001098901098901099,0,0.0,0,0.0,35,0.038461538461538464,910,1.0,ORIGEN,SECCION,COMPLETO,CATALOGO_INE_2026
547,23,QUINTANA ROO,COZUMEL,,11,189,1918,852,0.44421272158498437,0.5557872784150156,MORENA,320,0.3755868544600939,154,0.1807511737089202,MAS,166,0.19483568075117372,55,0.06455399061032864,PAN,111,0.13028169014084506,MORENA,320,0.3755868544600939,154,0.1807511737089202,MAS,166,0.19483568075117372,55,0.06455399061032864,PAN,111,0.13028169014084506,111,0.13028169014084506,60,0.07042253521126761,8,0.009389671361502348,33,0.03873239436619718,13,0.015258215962441314,65,0.07629107981220658,320,0.3755868544600939,166,0.19483568075117372,13,0.015258215962441314,6,0.007042253521126761,0,0.0,1,0.0011737089201877935,0,0.0,0,0.0,0,0.0,1,0.0011737089201877935,0,0.0,0,0.0,0,0.0,1,0.0011737089201877935,10,0.011737089201877934,1,0.0011737089201877935,0,0.0,0,0.0,0,0.0,0,0.0,43,0.05046948356807512,852,1.0,ORIGEN,SECCION,COMPLETO,CATALOGO_INE_2026
548,23,QUINTANA ROO,COZUMEL,,11,190,1710,689,0.40292397660818713,0.5970760233918129,MORENA,278,0.4034833091436865,118,0.17126269956458637,MAS,160,0.23222060957910015,86,0.12481857764876633,PAN,74,0.10740203193033382,MORENA,278,0.4034833091436865,118,0.17126269956458637,MAS,160,0.23222060957910015,86,0.12481857764876633,PAN,74,0.10740203193033382,74,0.10740203193033382,37,0.05370101596516691,7,0.010159651669085631,34,0.04934687953555878,6,0.008708272859216255,56,0.08127721335268505,278,0.4034833091436865,160,0.23222060957910015,7,0.010159651669085631,2,0.002902757619738752,1,0.001451378809869376,0,0.0,0,0.0,0,0.0,1,0.001451378809869376,0,0.0,0,0.0,0,0.0,0,0.0,1,0.001451378809869376,3,0.0043541364296081275,0,0.0,2,0.002902757619738752,0,0.0,1,0.001451378809869376,0,0.0,19,0.027576197387518143,689,1.0,ORIGEN,SECCION,COMPLETO,CATALOGO_INE_2026
549,23,QUINTANA ROO,COZUMEL,,11,191,1092,480,0.43956043956043955,0.5604395604395604,MORENA,165,0.34375,74,0.15416666666666667,PAN,91,0.18958333333333333,29,0.06041666666666667,PRI,62,0.12916666666666668,MORENA,165,0.34375,74,0.15416666666666667,PAN,91,0.18958333333333333,29,0.06041666666666667,PRI,62,0.12916666666666668,91,0.18958333333333333,62,0.12916666666666668,3,0.00625,20,0.041666666666666664,4,0.008333333333333333,55,0.11458333333333333,165,0.34375,53,0.11041666666666666,3,0.00625,6,0.0125,0,0.0,0,0.0,0,0.0,0,0.0,1,0.0020833333333333333,0,0.0,0,0.0,0,0.0,0,0.0,0,0.0,0,0.0,0,0.0,1,0.0020833333333333333,0,0.0,0,0.0,0,0.0,16,0.03333333333333333,480,1.0,ORIGEN,SECCION,COMPLETO,CATALOGO_INE_2026
550,23,QUINTANA ROO,COZUMEL,,11,192,1572,554,0.3524173027989822,0.6475826972010178,MORENA,173,0.31227436823104693,71,0.12815884476534295,PAN,102,0.18411552346570398,23,0.04151624548736462,MAS,79,0.14259927797833935,MORENA,173,0.31227436823104693,71,0.12815884476534295,PAN,102,0.18411552346570398,23,0.04151624548736462,MAS,79,0.14259927797833935,102,0.18411552346570398,64,0.11552346570397112,6,0.010830324909747292,18,0.032490974729241874,9,0.016245487364620937,60,0.10830324909747292,173,0.31227436823104693,79,0.14259927797833935,14,0.02527075812274368,4,0.007220216606498195,2,0.0036101083032490976,0,0.0,0,0.0,0,0.0,0,0.0,2,0.0036101083032490976,0,0.0,2,0.0036101083032490976,1,0.0018050541516245488,0,0.0,1,0.0018050541516245488,0,0.0,2,0.0036101083032490976,0,0.0,1,0.0018050541516245488,0,0.0,14,0.02527075812274368,554,1.0,ORIGEN,SECCION,COMPLETO,CATALOGO_INE_2026
551,23,QUINTANA ROO,COZUMEL,,11,193,1611,717,0.4450651769087523,0.5549348230912476,MORENA,292,0.4072524407252441,176,0.24546722454672246,PAN,116,0.16178521617852162,5,0.00697350069735007,MAS,111,0.15481171548117154,MORENA,292,0.4072524407252441,176,0.24546722454672246,PAN,116,0.16178521617852162,5,0.00697350069735007,MAS,111,0.15481171548117154,116,0.16178521617852162,46,0.06415620641562064,20,0.02789400278940028,34,0.04741980474198047,9,0.012552301255230125,46,0.06415620641562064,292,0.4072524407252441,111,0.15481171548117154,6,0.008368200836820083,7,0.009762900976290097,0,0.0,0,0.0,0,0.0,0,0.0,2,0.002789400278940028,0,0.0,0,0.0,0,0.0,0,0.0,1,0.001394700139470014,4,0.005578800557880056,0,0.0,0,0.0,0,0.0,1,0.001394700139470014,0,0.0,22,0.030683403068340307,717,1.0,ORIGEN,SECCION,COMPLETO,CATALOGO_INE_2026
552,23,QUINTANA ROO,COZUMEL,,11,194,1569,633,0.40344168260038243,0.5965583173996176,MORENA,257,0.4060031595576619,144,0.22748815165876776,MAS,113,0.17851500789889416,43,0.0679304897314376,PAN,70,0.11058451816745656,MORENA,257,0.4060031595576619,144,0.22748815165876776,MAS,113,0.17851500789889416,43,0.0679304897314376,PAN,70,0.11058451816745656,70,0.11058451816745656,47,0.07424960505529225,10,0.01579778830963665,33,0.052132701421800945,4,0.00631911532385466,56,0.08846761453396525,257,0.4060031595576619,113,0.17851500789889416,4,0.00631911532385466,5,0.007898894154818325,0,0.0,2,0.00315955766192733,0,0.0,0,0.0,1,0.001579778830963665,1,0.001579778830963665,0,0.0,0,0.0,0,0.0,0,0.0,2,0.00315955766192733,0,0.0,1,0.001579778830963665,0,0.0,0,0.0,0,0.0,27,0.04265402843601896,633,1.0,ORIGEN,SECCION,COMPLETO,CATALOGO_INE_2026
553,23,QUINTANA ROO,COZUMEL,,11,195,13793,5416,0.3926629449720873,0.6073370550279127,MORENA,2054,0.3792466765140325,765,0.14124815361890694,MAS,1289,0.23799852289512555,742,0.13700147710487445,PAN,547,0.10099704579025111,MORENA,2054,0.3792466765140325,765,0.14124815361890694,MAS,1289,0.23799852289512555,742,0.13700147710487445,PAN,547,0.10099704579025111,547,0.10099704579025111,302,0.055760709010339735,44,0.00812407680945347,320,0.059084194977843424,60,0.011078286558345642,481,0.0888109305760709,2054,0.3792466765140325,1289,0.23799852289512555,57,0.010524372230428361,58,0.01070901033973412,6,0.0011078286558345643,4,0.0007385524372230429,1,0.00018463810930576072,0,0.0,6,0.0011078286558345643,2,0.00036927621861152144,1,0.00018463810930576072,1,0.00018463810930576072,0,0.0,1,0.00018463810930576072,19,0.0035081240768094534,1,0.00018463810930576072,9,0.0016617429837518464,1,0.00018463810930576072,4,0.0007385524372230429,0,0.0,148,0.027326440177252585,5416,1.0,ORIGEN,SECCION,COMPLETO,INFERIDA_SECCION_VECINA
554,23,QUINTANA ROO,COZUMEL,,11,196,6650,2834,0.4261654135338346,0.5738345864661654,MORENA,1088,0.38390966831333806,475,0.1676076217360621,MAS,613,0.21630204657727595,325,0.11467889908256881,PAN,288,0.10162314749470713,MORENA,1088,0.38390966831333806,475,0.1676076217360621,MAS,613,0.21630204657727595,325,0.11467889908256881,PAN,288,0.10162314749470713,288,0.10162314749470713,191,0.06739590684544813,20,0.007057163020465773,135,0.04763585038814397,42,0.014820042342978124,264,0.0931545518701482,1088,0.38390966831333806,613,0.21630204657727595,23,0.008115737473535639,33,0.011644318983768526,1,0.00035285815102328866,7,0.0024700070571630206,0,0.0,0,0.0,4,0.0014114326040931546,1,0.00035285815102328866,0,0.0,1,0.00035285815102328866,0,0.0,3,0.001058574453069866,15,0.00529287226534933,1,0.00035285815102328866,2,0.0007057163020465773,0,0.0,1,0.00035285815102328866,0,0.0,101,0.035638673253352154,2834,1.0,ORIGEN,SECCION,COMPLETO,INFERIDA_SECCION_VECINA
555,23,QUINTANA ROO,COZUMEL,,11,197,2143,890,0.4153056462902473,0.5846943537097526,MORENA,358,0.40224719101123596,189,0.21235955056179776,MAS,169,0.1898876404494382,60,0.06741573033707865,PAN,109,0.12247191011235956,MORENA,358,0.40224719101123596,189,0.21235955056179776,MAS,169,0.1898876404494382,60,0.06741573033707865,PAN,109,0.12247191011235956,109,0.12247191011235956,79,0.08876404494382023,8,0.008988764044943821,17,0.019101123595505618,12,0.01348314606741573,71,0.07977528089887641,358,0.40224719101123596,169,0.1898876404494382,13,0.014606741573033709,5,0.0056179775280898875,2,0.0022471910112359553,0,0.0,0,0.0,0,0.0,0,0.0,2,0.0022471910112359553,0,0.0,1,0.0011235955056179776,0,0.0,0,0.0,1,0.0011235955056179776,0,0.0,3,0.0033707865168539327,0,0.0,1,0.0011235955056179776,0,0.0,39,0.043820224719101124,890,1.0,ORIGEN,SECCION,COMPLETO,CATALOGO_INE_2026
556,23,QUINTANA ROO,COZUMEL,,11,198,2379,891,0.3745271122320303,0.6254728877679697,MORENA,340,0.38159371492704824,214,0.24017957351290684,PAN,126,0.1414141414141414,4,0.004489337822671156,MAS,122,0.13692480359147025,MORENA,340,0.38159371492704824,214,0.24017957351290684,PAN,126,0.1414141414141414,4,0.004489337822671156,MAS,122,0.13692480359147025,126,0.1414141414141414,79,0.08866442199775533,6,0.006734006734006734,45,0.050505050505050504,17,0.019079685746352413,97,0.10886644219977554,340,0.38159371492704824,122,0.13692480359147025,10,0.01122334455667789,12,0.013468013468013467,0,0.0,3,0.003367003367003367,0,0.0,0,0.0,2,0.002244668911335578,0,0.0,1,0.001122334455667789,0,0.0,0,0.0,1,0.001122334455667789,1,0.001122334455667789,0,0.0,0,0.0,0,0.0,0,0.0,0,0.0,29,0.03254769921436588,891,1.0,ORIGEN,SECCION,COMPLETO,CATALOGO_INE_2026
557,23,QUINTANA ROO,COZUMEL,,11,199,2854,1093,0.38297126839523477,0.6170287316047652,MORENA,352,0.3220494053064959,108,0.09881061299176579,PAN,244,0.2232387923147301,96,0.0878316559926807,MAS,148,0.1354071363220494,MORENA,352,0.3220494053064959,108,0.09881061299176579,PAN,244,0.2232387923147301,96,0.0878316559926807,MAS,148,0.1354071363220494,244,0.2232387923147301,96,0.0878316559926807,6,0.0054894784995425435,39,0.035681610247026534,8,0.007319304666056725,130,0.11893870082342177,352,0.3220494053064959,148,0.1354071363220494,17,0.01555352241537054,10,0.009149130832570906,1,0.0009149130832570906,5,0.004574565416285453,0,0.0,0,0.0,0,0.0,1,0.0009149130832570906,0,0.0,0,0.0,0,0.0,0,0.0,1,0.0009149130832570906,0,0.0,0,0.0,0,0.0,0,0.0,0,0.0,35,0.03202195791399817,1093,1.0,ORIGEN,SECCION,COMPLETO,CATALOGO_INE_2026
558,23,QUINTANA ROO,COZUMEL,,11,200,3601,1430,0.3971119133574007,0.6028880866425993,MORENA,545,0.3811188811188811,295,0.2062937062937063,MAS,250,0.17482517482517482,33,0.023076923076923078,PAN,217,0.15174825174825174,MORENA,545,0.3811188811188811,295,0.2062937062937063,MAS,250,0.17482517482517482,33,0.023076923076923078,PAN,217,0.15174825174825174,217,0.15174825174825174,112,0.07832167832167833,16,0.011188811188811189,72,0.05034965034965035,18,0.012587412587412588,114,0.07972027972027972,545,0.3811188811188811,250,0.17482517482517482,8,0.005594405594405594,14,0.009790209790209791,3,0.002097902097902098,2,0.0013986013986013986,0,0.0,0,0.0,5,0.0034965034965034965,1,0.0006993006993006993,0,0.0,0,0.0,0,0.0,1,0.0006993006993006993,5,0.0034965034965034965,1,0.0006993006993006993,3,0.002097902097902098,0,0.0,0,0.0,0,0.0,43,0.03006993006993007,1430,1.0,ORIGEN,SECCION,COMPLETO,CATALOGO_INE_2026
559,23,QUINTANA ROO,COZUMEL,,11,201,2273,1177,0.5178178618565772,0.4821821381434228,MAS,393,0.3338997451146984,9,0.0076465590484282074,MORENA,384,0.3262531860662702,288,0.24468988954970264,PAN,96,0.08156329651656755,MAS,393,0.3338997451146984,9,0.0076465590484282074,MORENA,384,0.3262531860662702,288,0.24468988954970264,PAN,96,0.08156329651656755,96,0.08156329651656755,85,0.07221750212404418,14,0.0118946474086661,40,0.033984706881903144,7,0.00594732370433305,76,0.06457094307561598,384,0.3262531860662702,393,0.3338997451146984,10,0.008496176720475786,9,0.0076465590484282074,0,0.0,1,0.0008496176720475786,1,0.0008496176720475786,0,0.0,0,0.0,1,0.0008496176720475786,0,0.0,0,0.0,0,0.0,0,0.0,5,0.004248088360237893,1,0.0008496176720475786,3,0.002548853016142736,0,0.0,0,0.0,0,0.0,51,0.04333050127442651,1177,1.0,ORIGEN,SECCION,COMPLETO,CATALOGO_INE_2026
560,23,QUINTANA ROO,COZUMEL,,11,202,2311,1122,0.48550411077455646,0.5144958892254435,MORENA,410,0.36541889483065954,121,0.10784313725490197,MAS,289,0.25757575757575757,164,0.14616755793226383,PAN,125,0.11140819964349376,MORENA,410,0.36541889483065954,121,0.10784313725490197,MAS,289,0.25757575757575757,164,0.14616755793226383,PAN,125,0.11140819964349376,125,0.11140819964349376,65,0.057932263814616754,9,0.008021390374331552,49,0.04367201426024955,13,0.011586452762923352,68,0.06060606060606061,410,0.36541889483065954,289,0.25757575757575757,16,0.0142602495543672,5,0.004456327985739751,3,0.00267379679144385,1,0.00089126559714795,2,0.0017825311942959,0,0.0,2,0.0017825311942959,1,0.00089126559714795,0,0.0,0,0.0,1,0.00089126559714795,0,0.0,5,0.004456327985739751,0,0.0,1,0.00089126559714795,0,0.0,1,0.00089126559714795,1,0.00089126559714795,55,0.049019607843137254,1122,1.0,ORIGEN,SECCION,COMPLETO,CATALOGO_INE_2026
561,23,QUINTANA ROO,COZUMEL,,11,203,11017,4486,0.40718888989743124,0.5928111101025688,MORENA,1761,0.3925546143557735,904,0.20151582701738743,MAS,857,0.19103878733838608,352,0.07846633972358448,PAN,505,0.1125724476148016,MORENA,1761,0.3925546143557735,904,0.20151582701738743,MAS,857,0.19103878733838608,352,0.07846633972358448,PAN,505,0.1125724476148016,505,0.1125724476148016,306,0.06821221578243424,39,0.008693713776192599,267,0.05951850200624164,43,0.009585376727596968,355,0.07913508693713776,1761,0.3925546143557735,857,0.19103878733838608,68,0.015158270173874276,47,0.010477039679001338,5,0.0011145786892554615,3,0.0006687472135532769,8,0.0017833259028087382,0,0.0,3,0.0006687472135532769,2,0.00044583147570218456,0,0.0,2,0.00044583147570218456,0,0.0,6,0.0013374944271065537,19,0.0042353990191707535,0,0.0,9,0.0020062416406598305,0,0.0,4,0.0008916629514043691,5,0.0011145786892554615,172,0.038341506910387874,4486,1.0,ORIGEN,SECCION,COMPLETO,INFERIDA_SECCION_VECINA
562,23,QUINTANA ROO,FELIPE CARRILLO PUERTO,,12,215,2929,1661,0.5670877432570843,0.43291225674291567,MORENA,568,0.3419626730885009,342,0.20590006020469598,MAS,226,0.13606261288380495,24,0.014449127031908489,PVEM,202,0.12161348585189645,MORENA,568,0.3419626730885009,342,0.20590006020469598,MAS,226,0.13606261288380495,24,0.014449127031908489,PVEM,202,0.12161348585189645,89,0.05358217940999398,23,0.013847080072245636,183,0.11017459361830223,202,0.12161348585189645,55,0.033112582781456956,118,0.07104154124021674,568,0.3419626730885009,226,0.13606261288380495,15,0.009030704394942806,76,0.045755568934376885,9,0.005418422636965683,6,0.003612281757977122,0,0.0,1,0.0006020469596628537,3,0.001806140878988561,4,0.002408187838651415,0,0.0,1,0.0006020469596628537,0,0.0,0,0.0,10,0.006020469596628537,1,0.0006020469596628537,5,0.0030102347983142685,1,0.0006020469596628537,0,0.0,1,0.0006020469596628537,64,0.03853100541842264,1661,1.0,ORIGEN,SECCION,COMPLETO,CATALOGO_INE_2026
563,23,QUINTANA ROO,FELIPE CARRILLO PUERTO,,12,216,1191,678,0.5692695214105793,0.4307304785894207,MORENA,225,0.33185840707964603,136,0.20058997050147492,MAS,89,0.13126843657817108,16,0.02359882005899705,PAN,73,0.10766961651917405,MORENA,225,0.33185840707964603,136,0.20058997050147492,MAS,89,0.13126843657817108,16,0.02359882005899705,PAN,73,0.10766961651917405,73,0.10766961651917405,7,0.01032448377581121,66,0.09734513274336283,69,0.10176991150442478,17,0.025073746312684365,48,0.07079646017699115,225,0.33185840707964603,89,0.13126843657817108,7,0.01032448377581121,36,0.05309734513274336,7,0.01032448377581121,8,0.011799410029498525,0,0.0,2,0.0029498525073746312,1,0.0014749262536873156,0,0.0,0,0.0,0,0.0,0,0.0,0,0.0,7,0.01032448377581121,0,0.0,2,0.0029498525073746312,0,0.0,2,0.0029498525073746312,0,0.0,12,0.017699115044247787,678,1.0,ORIGEN,SECCION,COMPLETO,CATALOGO_INE_2026
564,23,QUINTANA ROO,FELIPE CARRILLO PUERTO,,12,217,2440,1309,0.5364754098360656,0.46352459016393444,MORENA,462,0.35294117647058826,260,0.19862490450725745,PVEM,202,0.15431627196333078,66,0.05042016806722689,PRD,136,0.1038961038961039,MORENA,462,0.35294117647058826,260,0.19862490450725745,PVEM,202,0.15431627196333078,66,0.05042016806722689,PRD,136,0.1038961038961039,80,0.061115355233002294,17,0.012987012987012988,136,0.1038961038961039,202,0.15431627196333078,28,0.0213903743315508,73,0.05576776165011459,462,0.35294117647058826,126,0.0962566844919786,2,0.0015278838808250573,81,0.061879297173414824,9,0.006875477463712758,12,0.009167303284950344,2,0.0015278838808250573,0,0.0,5,0.0038197097020626434,4,0.0030557677616501145,0,0.0,1,0.0007639419404125286,0,0.0,1,0.0007639419404125286,11,0.008403361344537815,1,0.0007639419404125286,8,0.006111535523300229,1,0.0007639419404125286,0,0.0,0,0.0,47,0.03590527119938885,1309,1.0,ORIGEN,SECCION,COMPLETO,CATALOGO_INE_2026
565,23,QUINTANA ROO,FELIPE CARRILLO PUERTO,,12,218,1292,799,0.618421052631579,0.381578947368421,MORENA,302,0.37797246558197745,164,0.20525657071339173,PVEM,138,0.17271589486858574,65,0.08135168961201501,MC,73,0.09136420525657071,MORENA,302,0.37797246558197745,164,0.20525657071339173,PVEM,138,0.17271589486858574,65,0.08135168961201501,MC,73,0.09136420525657071,67,0.08385481852315395,7,0.008760951188986232,64,0.08010012515644556,138,0.17271589486858574,24,0.030037546933667083,73,0.09136420525657071,302,0.37797246558197745,57,0.07133917396745933,4,0.0050062578222778474,17,0.02127659574468085,1,0.0012515644555694619,9,0.011264080100125156,0,0.0,0,0.0,0,0.0,1,0.0012515644555694619,0,0.0,1,0.0012515644555694619,0,0.0,1,0.0012515644555694619,13,0.016270337922403004,0,0.0,3,0.0037546933667083854,0,0.0,2,0.0025031289111389237,0,0.0,15,0.01877346683354193,799,1.0,ORIGEN,SECCION,COMPLETO,CATALOGO_INE_2026
566,23,QUINTANA ROO,FELIPE CARRILLO PUERTO,,12,219,1639,937,0.5716900549115315,0.42830994508846854,MORENA,308,0.3287086446104589,119,0.12700106723585913,MAS,189,0.2017075773745998,89,0.09498399146211313,PVEM,100,0.10672358591248667,MORENA,308,0.3287086446104589,119,0.12700106723585913,MAS,189,0.2017075773745998,89,0.09498399146211313,PVEM,100,0.10672358591248667,61,0.06510138740661686,7,0.007470651013874066,80,0.08537886872998933,100,0.10672358591248667,30,0.032017075773746,67,0.07150480256136606,308,0.3287086446104589,189,0.2017075773745998,6,0.0064034151547491995,35,0.03735325506937033,6,0.0064034151547491995,6,0.0064034151547491995,0,0.0,0,0.0,0,0.0,2,0.0021344717182497333,0,0.0,0,0.0,0,0.0,1,0.0010672358591248667,18,0.0192102454642476,0,0.0,3,0.0032017075773745998,0,0.0,2,0.0021344717182497333,0,0.0,16,0.017075773745997867,937,1.0,ORIGEN,SECCION,COMPLETO,CATALOGO_INE_2026
567,23,QUINTANA ROO,FELIPE CARRILLO PUERTO,,12,220,1089,696,0.6391184573002755,0.3608815426997245,MORENA,298,0.4281609195402299,209,0.30028735632183906,PVEM,89,0.1278735632183908,10,0.014367816091954023,PRD,79,0.11350574712643678,MORENA,298,0.4281609195402299,209,0.30028735632183906,PVEM,89,0.1278735632183908,10,0.014367816091954023,PRD,79,0.11350574712643678,31,0.04454022988505747,6,0.008620689655172414,79,0.11350574712643678,89,0.1278735632183908,16,0.022988505747126436,34,0.04885057471264368,298,0.4281609195402299,72,0.10344827586206896,6,0.008620689655172414,25,0.035919540229885055,3,0.004310344827586207,2,0.0028735632183908046,0,0.0,0,0.0,1,0.0014367816091954023,3,0.004310344827586207,0,0.0,4,0.005747126436781609,0,0.0,0,0.0,3,0.004310344827586207,0,0.0,1,0.0014367816091954023,0,0.0,0,0.0,0,0.0,23,0.033045977011494254,696,1.0,ORIGEN,SECCION,COMPLETO,CATALOGO_INE_2026
568,23,QUINTANA ROO,FELIPE CARRILLO PUERTO,,12,221,877,1225,1.3968072976054733,-0.3968072976054733,MORENA,412,0.3363265306122449,270,0.22040816326530613,MAS,142,0.11591836734693878,19,0.015510204081632653,MC,123,0.10040816326530612,MORENA,412,0.3363265306122449,270,0.22040816326530613,MAS,142,0.11591836734693878,19,0.015510204081632653,MC,123,0.10040816326530612,101,0.08244897959183674,27,0.022040816326530613,80,0.0653061224489796,113,0.09224489795918367,26,0.02122448979591837,123,0.10040816326530612,412,0.3363265306122449,142,0.11591836734693878,7,0.005714285714285714,39,0.03183673469387755,3,0.0024489795918367346,5,0.004081632653061225,0,0.0,0,0.0,2,0.0016326530612244899,1,0.0008163265306122449,0,0.0,1,0.0008163265306122449,0,0.0,1,0.0008163265306122449,15,0.012244897959183673,0,0.0,7,0.005714285714285714,0,0.0,1,0.0008163265306122449,1,0.0008163265306122449,118,0.0963265306122449,1225,1.0,ORIGEN,SECCION,COMPLETO,CATALOGO_INE_2026
569,23,QUINTANA ROO,FELIPE CARRILLO PUERTO,,12,222,1552,960,0.6185567010309279,0.38144329896907214,MORENA,343,0.3572916666666667,206,0.21458333333333332,PVEM,137,0.14270833333333333,26,0.027083333333333334,MAS,111,0.115625,MORENA,343,0.3572916666666667,206,0.21458333333333332,PVEM,137,0.14270833333333333,26,0.027083333333333334,MAS,111,0.115625,72,0.075,11,0.011458333333333333,92,0.09583333333333334,137,0.14270833333333333,28,0.029166666666666667,82,0.08541666666666667,343,0.3572916666666667,111,0.115625,6,0.00625,22,0.022916666666666665,6,0.00625,5,0.005208333333333333,0,0.0,0,0.0,2,0.0020833333333333333,1,0.0010416666666666667,1,0.0010416666666666667,0,0.0,0,0.0,1,0.0010416666666666667,9,0.009375,1,0.0010416666666666667,2,0.0020833333333333333,1,0.0010416666666666667,0,0.0,0,0.0,27,0.028125,960,1.0,ORIGEN,SECCION,COMPLETO,CATALOGO_INE_2026
570,23,QUINTANA ROO,FELIPE CARRILLO PUERTO,,12,223,2560,1385,0.541015625,0.458984375,MORENA,459,0.33140794223826714,244,0.17617328519855596,PVEM,215,0.1552346570397112,44,0.03176895306859206,MAS,171,0.12346570397111914,MORENA,459,0.33140794223826714,244,0.17617328519855596,PVEM,215,0.1552346570397112,44,0.03176895306859206,MAS,171,0.12346570397111914,81,0.05848375451263538,13,0.009386281588447653,150,0.10830324909747292,215,0.1552346570397112,34,0.02454873646209386,102,0.0736462093862816,459,0.33140794223826714,171,0.12346570397111914,11,0.007942238267148015,35,0.02527075812274368,12,0.008664259927797834,7,0.005054151624548736,1,0.0007220216606498195,1,0.0007220216606498195,5,0.0036101083032490976,1,0.0007220216606498195,0,0.0,1,0.0007220216606498195,0,0.0,0,0.0,22,0.01588447653429603,1,0.0007220216606498195,3,0.0021660649819494585,0,0.0,1,0.0007220216606498195,1,0.0007220216606498195,58,0.04187725631768953,1385,1.0,ORIGEN,SECCION,COMPLETO,CATALOGO_INE_2026
571,23,QUINTANA ROO,FELIPE CARRILLO PUERTO,,12,224,1677,944,0.5629099582587954,0.4370900417412046,MORENA,307,0.3252118644067797,179,0.1896186440677966,PRD,128,0.13559322033898305,15,0.015889830508474576,PVEM,113,0.11970338983050847,MORENA,307,0.3252118644067797,179,0.1896186440677966,PRD,128,0.13559322033898305,15,0.015889830508474576,PVEM,113,0.11970338983050847,65,0.06885593220338983,11,0.011652542372881356,128,0.13559322033898305,113,0.11970338983050847,34,0.036016949152542374,85,0.09004237288135593,307,0.3252118644067797,86,0.09110169491525423,11,0.011652542372881356,26,0.02754237288135593,6,0.006355932203389831,6,0.006355932203389831,0,0.0,0,0.0,2,0.00211864406779661,1,0.001059322033898305,2,0.00211864406779661,0,0.0,0,0.0,1,0.001059322033898305,16,0.01694915254237288,0,0.0,3,0.0031779661016949155,0,0.0,1,0.001059322033898305,2,0.00211864406779661,38,0.04025423728813559,944,1.0,ORIGEN,SECCION,COMPLETO,CATALOGO_INE_2026
572,23,QUINTANA ROO,FELIPE CARRILLO PUERTO,,12,225,1692,969,0.5726950354609929,0.4273049645390071,MORENA,355,0.36635706914344685,220,0.22703818369453044,PRD,135,0.1393188854489164,7,0.007223942208462332,PVEM,128,0.13209494324045407,MORENA,355,0.36635706914344685,220,0.22703818369453044,PRD,135,0.1393188854489164,7,0.007223942208462332,PVEM,128,0.13209494324045407,63,0.06501547987616099,13,0.013415892672858616,135,0.1393188854489164,128,0.13209494324045407,15,0.015479876160990712,62,0.06398348813209494,355,0.36635706914344685,103,0.10629514963880289,11,0.011351909184726523,32,0.033023735810113516,5,0.005159958720330237,9,0.009287925696594427,0,0.0,0,0.0,2,0.0020639834881320948,2,0.0020639834881320948,0,0.0,0,0.0,0,0.0,0,0.0,3,0.0030959752321981426,2,0.0020639834881320948,4,0.0041279669762641896,0,0.0,0,0.0,0,0.0,25,0.025799793601651185,969,1.0,ORIGEN,SECCION,COMPLETO,CATALOGO_INE_2026
573,23,QUINTANA ROO,FELIPE CARRILLO PUERTO,,12,226,2290,1374,0.6,0.4,MORENA,468,0.3406113537117904,156,0.11353711790393013,MAS,312,0.22707423580786026,140,0.10189228529839883,PVEM,172,0.12518195050946143,MORENA,468,0.3406113537117904,156,0.11353711790393013,MAS,312,0.22707423580786026,140,0.10189228529839883,PVEM,172,0.12518195050946143,80,0.05822416302765648,11,0.008005822416302766,98,0.07132459970887918,172,0.12518195050946143,26,0.018922852983988356,90,0.06550218340611354,468,0.3406113537117904,312,0.22707423580786026,12,0.008733624454148471,22,0.01601164483260553,5,0.00363901018922853,9,0.006550218340611353,1,0.000727802037845706,1,0.000727802037845706,4,0.002911208151382824,0,0.0,1,0.000727802037845706,0,0.0,1,0.000727802037845706,2,0.001455604075691412,11,0.008005822416302766,0,0.0,5,0.00363901018922853,0,0.0,1,0.000727802037845706,0,0.0,42,0.03056768558951965,1374,1.0,ORIGEN,SECCION,COMPLETO,CATALOGO_INE_2026
574,23,QUINTANA ROO,FELIPE CARRILLO PUERTO,,12,227,1904,1074,0.5640756302521008,0.43592436974789917,MORENA,371,0.34543761638733705,171,0.15921787709497207,PVEM,200,0.186219739292365,53,0.049348230912476726,MAS,147,0.13687150837988826,MORENA,371,0.34543761638733705,171,0.15921787709497207,PVEM,200,0.186219739292365,53,0.049348230912476726,MAS,147,0.13687150837988826,28,0.0260707635009311,12,0.0111731843575419,127,0.11824953445065177,200,0.186219739292365,12,0.0111731843575419,35,0.032588454376163874,371,0.34543761638733705,147,0.13687150837988826,51,0.04748603351955307,32,0.0297951582867784,1,0.000931098696461825,6,0.00558659217877095,1,0.000931098696461825,0,0.0,1,0.000931098696461825,0,0.0,1,0.000931098696461825,2,0.00186219739292365,0,0.0,1,0.000931098696461825,4,0.0037243947858473,1,0.000931098696461825,3,0.002793296089385475,1,0.000931098696461825,5,0.004655493482309125,4,0.0037243947858473,28,0.0260707635009311,1074,1.0,ORIGEN,SECCION,COMPLETO,CATALOGO_INE_2026
575,23,QUINTANA ROO,FELIPE CARRILLO PUERTO,,12,228,1603,905,0.5645664379288834,0.4354335620711166,MORENA,306,0.33812154696132596,123,0.13591160220994475,PVEM,183,0.2022099447513812,11,0.012154696132596685,MAS,172,0.19005524861878453,MORENA,306,0.33812154696132596,123,0.13591160220994475,PVEM,183,0.2022099447513812,11,0.012154696132596685,MAS,172,0.19005524861878453,23,0.02541436464088398,28,0.030939226519337018,69,0.07624309392265194,183,0.2022099447513812,20,0.022099447513812154,28,0.030939226519337018,306,0.33812154696132596,172,0.19005524861878453,11,0.012154696132596685,19,0.020994475138121547,3,0.0033149171270718232,3,0.0033149171270718232,1,0.0011049723756906078,0,0.0,5,0.0055248618784530384,0,0.0,0,0.0,3,0.0033149171270718232,0,0.0,0,0.0,8,0.008839779005524863,0,0.0,0,0.0,0,0.0,2,0.0022099447513812156,0,0.0,21,0.023204419889502764,905,1.0,ORIGEN,SECCION,COMPLETO,CATALOGO_INE_2026
576,23,QUINTANA ROO,FELIPE CARRILLO PUERTO,,12,229,2207,1180,0.5346624376982329,0.46533756230176715,MORENA,448,0.37966101694915255,284,0.24067796610169492,PRD,164,0.13898305084745763,47,0.03983050847457627,MAS,117,0.09915254237288136,MORENA,448,0.37966101694915255,284,0.24067796610169492,PRD,164,0.13898305084745763,47,0.03983050847457627,MAS,117,0.09915254237288136,61,0.051694915254237285,38,0.03220338983050847,164,0.13898305084745763,114,0.09661016949152543,24,0.020338983050847456,19,0.016101694915254237,448,0.37966101694915255,117,0.09915254237288136,11,0.009322033898305085,57,0.048305084745762714,4,0.003389830508474576,22,0.01864406779661017,1,0.000847457627118644,1,0.000847457627118644,0,0.0,18,0.015254237288135594,0,0.0,0,0.0,0,0.0,1,0.000847457627118644,32,0.02711864406779661,8,0.006779661016949152,3,0.002542372881355932,1,0.000847457627118644,6,0.005084745762711864,0,0.0,30,0.025423728813559324,1180,1.0,ORIGEN,SECCION,COMPLETO,CATALOGO_INE_2026
577,23,QUINTANA ROO,FELIPE CARRILLO PUERTO,,12,230,1999,1341,0.6708354177088545,0.32916458229114554,MORENA,579,0.4317673378076063,352,0.26249067859806113,PRD,227,0.16927665920954513,96,0.07158836689038031,PAN,131,0.0976882923191648,MORENA,579,0.4317673378076063,352,0.26249067859806113,PRD,227,0.16927665920954513,96,0.07158836689038031,PAN,131,0.0976882923191648,131,0.0976882923191648,20,0.014914243102162566,227,0.16927665920954513,50,0.037285607755406416,37,0.027591349739000747,24,0.017897091722595078,579,0.4317673378076063,85,0.0633855331841909,32,0.023862788963460103,41,0.030574198359433258,3,0.0022371364653243847,16,0.011931394481730051,0,0.0,1,0.0007457121551081282,0,0.0,0,0.0,0,0.0,0,0.0,0,0.0,1,0.0007457121551081282,16,0.011931394481730051,8,0.005965697240865026,3,0.0022371364653243847,1,0.0007457121551081282,0,0.0,1,0.0007457121551081282,65,0.048471290082028336,1341,1.0,ORIGEN,SECCION,COMPLETO,CATALOGO_INE_2026
578,23,QUINTANA ROO,FELIPE CARRILLO PUERTO,,12,231,1803,1005,0.5574043261231281,0.44259567387687193,MORENA,439,0.4368159203980099,324,0.32238805970149254,MAS,115,0.11442786069651742,6,0.005970149253731343,PRD,109,0.10845771144278607,MORENA,439,0.4368159203980099,324,0.32238805970149254,MAS,115,0.11442786069651742,6,0.005970149253731343,PRD,109,0.10845771144278607,31,0.030845771144278607,37,0.03681592039800995,109,0.10845771144278607,73,0.07263681592039802,31,0.030845771144278607,37,0.03681592039800995,439,0.4368159203980099,115,0.11442786069651742,9,0.008955223880597015,16,0.015920398009950248,3,0.0029850746268656717,6,0.005970149253731343,4,0.003980099502487562,0,0.0,3,0.0029850746268656717,4,0.003980099502487562,1,0.0009950248756218905,0,0.0,1,0.0009950248756218905,3,0.0029850746268656717,24,0.023880597014925373,0,0.0,4,0.003980099502487562,1,0.0009950248756218905,3,0.0029850746268656717,5,0.004975124378109453,46,0.045771144278606964,1005,1.0,ORIGEN,SECCION,COMPLETO,CATALOGO_INE_2026
579,23,QUINTANA ROO,FELIPE CARRILLO PUERTO,,12,232,1656,769,0.4643719806763285,0.5356280193236715,MORENA,242,0.31469440832249673,101,0.13133940182054615,MAS,141,0.18335500650195058,15,0.01950585175552666,PVEM,126,0.16384915474642392,MORENA,242,0.31469440832249673,101,0.13133940182054615,MAS,141,0.18335500650195058,15,0.01950585175552666,PVEM,126,0.16384915474642392,33,0.04291287386215865,25,0.032509752925877766,74,0.09622886866059818,126,0.16384915474642392,51,0.06631989596879063,28,0.036410923276983094,242,0.31469440832249673,141,0.18335500650195058,9,0.011703511053315995,4,0.005201560468140442,2,0.002600780234070221,1,0.0013003901170351106,0,0.0,0,0.0,1,0.0013003901170351106,0,0.0,0,0.0,0,0.0,1,0.0013003901170351106,2,0.002600780234070221,14,0.018205461638491547,0,0.0,1,0.0013003901170351106,0,0.0,0,0.0,0,0.0,14,0.018205461638491547,769,1.0,ORIGEN,SECCION,COMPLETO,CATALOGO_INE_2026
580,23,QUINTANA ROO,FELIPE CARRILLO PUERTO,,12,233,1158,780,0.6735751295336787,0.3264248704663213,MORENA,341,0.4371794871794872,232,0.29743589743589743,PRD,109,0.13974358974358975,26,0.03333333333333333,PVEM,83,0.1064102564102564,MORENA,341,0.4371794871794872,232,0.29743589743589743,PRD,109,0.13974358974358975,26,0.03333333333333333,PVEM,83,0.1064102564102564,63,0.08076923076923077,15,0.019230769230769232,109,0.13974358974358975,83,0.1064102564102564,40,0.05128205128205128,18,0.023076923076923078,341,0.4371794871794872,63,0.08076923076923077,3,0.0038461538461538464,8,0.010256410256410256,2,0.002564102564102564,12,0.015384615384615385,0,0.0,0,0.0,0,0.0,0,0.0,0,0.0,1,0.001282051282051282,0,0.0,1,0.001282051282051282,4,0.005128205128205128,0,0.0,1,0.001282051282051282,0,0.0,0,0.0,0,0.0,16,0.020512820512820513,780,1.0,ORIGEN,SECCION,COMPLETO,CATALOGO_INE_2026
581,23,QUINTANA ROO,FELIPE CARRILLO PUERTO,,12,234,2765,1623,0.5869801084990959,0.4130198915009041,MORENA,578,0.3561306223043746,311,0.19162045594577942,MAS,267,0.1645101663585952,6,0.0036968576709796672,PRD,261,0.16081330868761554,MORENA,578,0.3561306223043746,311,0.19162045594577942,MAS,267,0.1645101663585952,6,0.0036968576709796672,PRD,261,0.16081330868761554,162,0.09981515711645102,64,0.039433148490449786,261,0.16081330868761554,85,0.05237215033887862,41,0.025261860751694395,41,0.025261860751694395,578,0.3561306223043746,267,0.1645101663585952,22,0.013555144793592114,32,0.019716574245224893,14,0.00862600123228589,13,0.008009858287122612,0,0.0,0,0.0,6,0.0036968576709796672,1,0.0006161429451632779,0,0.0,0,0.0,1,0.0006161429451632779,0,0.0,2,0.0012322858903265558,0,0.0,2,0.0012322858903265558,0,0.0,2,0.0012322858903265558,7,0.004313000616142945,22,0.013555144793592114,1623,1.0,ORIGEN,SECCION,COMPLETO,CATALOGO_INE_2026
582,23,QUINTANA ROO,FELIPE CARRILLO PUERTO,,12,235,1800,959,0.5327777777777778,0.4672222222222222,MORENA,381,0.397288842544317,165,0.17205422314911367,MAS,216,0.22523461939520334,96,0.10010427528675704,PRD,120,0.1251303441084463,MORENA,381,0.397288842544317,165,0.17205422314911367,MAS,216,0.22523461939520334,96,0.10010427528675704,PRD,120,0.1251303441084463,72,0.07507820646506778,22,0.022940563086548488,120,0.1251303441084463,40,0.04171011470281543,20,0.020855057351407715,17,0.017726798748696558,381,0.397288842544317,216,0.22523461939520334,5,0.005213764337851929,28,0.029197080291970802,1,0.0010427528675703858,13,0.013555787278415016,0,0.0,0,0.0,0,0.0,1,0.0010427528675703858,0,0.0,1,0.0010427528675703858,0,0.0,0,0.0,1,0.0010427528675703858,0,0.0,1,0.0010427528675703858,0,0.0,5,0.005213764337851929,0,0.0,15,0.01564129301355579,959,1.0,ORIGEN,SECCION,COMPLETO,CATALOGO_INE_2026
583,23,QUINTANA ROO,FELIPE CARRILLO PUERTO,,12,237,1189,892,0.7502102607232969,0.24978973927670312,MORENA,223,0.25,15,0.016816143497757848,MAS,208,0.23318385650224216,11,0.01233183856502242,PRD,197,0.22085201793721973,MORENA,223,0.25,15,0.016816143497757848,MAS,208,0.23318385650224216,11,0.01233183856502242,PRD,197,0.22085201793721973,62,0.06950672645739911,17,0.01905829596412556,197,0.22085201793721973,83,0.0930493273542601,17,0.01905829596412556,23,0.0257847533632287,223,0.25,208,0.23318385650224216,9,0.010089686098654708,25,0.028026905829596414,3,0.0033632286995515697,4,0.004484304932735426,0,0.0,0,0.0,1,0.0011210762331838565,0,0.0,0,0.0,0,0.0,0,0.0,0,0.0,4,0.004484304932735426,0,0.0,0,0.0,0,0.0,0,0.0,0,0.0,16,0.017937219730941704,892,1.0,ORIGEN,SECCION,COMPLETO,CATALOGO_INE_2026
584,23,QUINTANA ROO,FELIPE CARRILLO PUERTO,,12,238,1626,1075,0.6611316113161132,0.3388683886838868,MORENA,357,0.33209302325581397,171,0.15906976744186047,PRD,186,0.17302325581395347,47,0.04372093023255814,PVEM,139,0.12930232558139534,MORENA,357,0.33209302325581397,171,0.15906976744186047,PRD,186,0.17302325581395347,47,0.04372093023255814,PVEM,139,0.12930232558139534,55,0.05116279069767442,26,0.024186046511627906,186,0.17302325581395347,139,0.12930232558139534,22,0.020465116279069766,49,0.045581395348837206,357,0.33209302325581397,100,0.09302325581395349,8,0.0074418604651162795,37,0.03441860465116279,8,0.0074418604651162795,7,0.0065116279069767444,0,0.0,0,0.0,1,0.0009302325581395349,0,0.0,0,0.0,0,0.0,0,0.0,0,0.0,11,0.010232558139534883,0,0.0,1,0.0009302325581395349,0,0.0,29,0.026976744186046512,0,0.0,39,0.03627906976744186,1075,1.0,ORIGEN,SECCION,COMPLETO,CATALOGO_INE_2026
585,23,QUINTANA ROO,FELIPE CARRILLO PUERTO,,12,239,1609,1022,0.6351771286513362,0.36482287134866376,MORENA,359,0.3512720156555773,161,0.15753424657534246,MAS,198,0.19373776908023482,4,0.003913894324853229,PVEM,194,0.1898238747553816,MORENA,359,0.3512720156555773,161,0.15753424657534246,MAS,198,0.19373776908023482,4,0.003913894324853229,PVEM,194,0.1898238747553816,63,0.06164383561643835,40,0.03913894324853229,47,0.04598825831702544,194,0.1898238747553816,19,0.018590998043052837,39,0.03816046966731898,359,0.3512720156555773,198,0.19373776908023482,8,0.007827788649706457,24,0.023483365949119372,3,0.0029354207436399216,4,0.003913894324853229,0,0.0,0,0.0,2,0.0019569471624266144,0,0.0,0,0.0,0,0.0,0,0.0,0,0.0,1,0.0009784735812133072,0,0.0,1,0.0009784735812133072,0,0.0,0,0.0,1,0.0009784735812133072,19,0.018590998043052837,1022,1.0,ORIGEN,SECCION,COMPLETO,CATALOGO_INE_2026
586,23,QUINTANA ROO,FELIPE CARRILLO PUERTO,,12,240,907,610,0.6725468577728776,0.3274531422271224,PVEM,263,0.4311475409836066,129,0.21147540983606558,MAS,134,0.21967213114754097,30,0.04918032786885246,MORENA,104,0.17049180327868851,PVEM,263,0.4311475409836066,129,0.21147540983606558,MAS,134,0.21967213114754097,30,0.04918032786885246,MORENA,104,0.17049180327868851,19,0.03114754098360656,16,0.02622950819672131,35,0.05737704918032787,263,0.4311475409836066,4,0.006557377049180328,15,0.02459016393442623,104,0.17049180327868851,134,0.21967213114754097,3,0.004918032786885246,0,0.0,0,0.0,0,0.0,0,0.0,0,0.0,0,0.0,0,0.0,0,0.0,0,0.0,0,0.0,0,0.0,3,0.004918032786885246,0,0.0,0,0.0,0,0.0,0,0.0,0,0.0,14,0.022950819672131147,610,1.0,ORIGEN,SECCION,COMPLETO,CATALOGO_INE_2026
587,23,QUINTANA ROO,FELIPE CARRILLO PUERTO,,12,241,1973,1147,0.5813482007095793,0.41865179929042073,MORENA,415,0.3618134263295554,83,0.07236268526591107,MAS,332,0.28945074106364427,199,0.17349607672188316,PRD,133,0.11595466434176112,MORENA,415,0.3618134263295554,83,0.07236268526591107,MAS,332,0.28945074106364427,199,0.17349607672188316,PRD,133,0.11595466434176112,26,0.022667829119442023,12,0.010462074978204011,133,0.11595466434176112,72,0.06277244986922406,22,0.01918047079337402,24,0.020924149956408022,415,0.3618134263295554,332,0.28945074106364427,13,0.011333914559721011,27,0.023539668700959023,0,0.0,6,0.0052310374891020054,1,0.0008718395815170009,0,0.0,0,0.0,0,0.0,0,0.0,1,0.0008718395815170009,0,0.0,0,0.0,18,0.015693112467306015,2,0.0017436791630340018,1,0.0008718395815170009,0,0.0,3,0.0026155187445510027,0,0.0,39,0.03400174367916303,1147,1.0,ORIGEN,SECCION,COMPLETO,CATALOGO_INE_2026
588,23,QUINTANA ROO,FELIPE CARRILLO PUERTO,,12,242,1370,800,0.583941605839416,0.416058394160584,MORENA,296,0.37,52,0.065,MAS,244,0.305,179,0.22375,PRD,65,0.08125,MORENA,296,0.37,52,0.065,MAS,244,0.305,179,0.22375,PRD,65,0.08125,23,0.02875,11,0.01375,65,0.08125,60,0.075,7,0.00875,21,0.02625,296,0.37,244,0.305,8,0.01,16,0.02,2,0.0025,4,0.005,0,0.0,0,0.0,0,0.0,0,0.0,0,0.0,0,0.0,0,0.0,0,0.0,16,0.02,0,0.0,0,0.0,0,0.0,0,0.0,0,0.0,27,0.03375,800,1.0,ORIGEN,SECCION,COMPLETO,CATALOGO_INE_2026
589,23,QUINTANA ROO,FELIPE CARRILLO PUERTO,,12,243,442,281,0.6357466063348416,0.3642533936651584,PVEM,119,0.4234875444839858,66,0.23487544483985764,MORENA,53,0.18861209964412812,5,0.017793594306049824,PRD,48,0.1708185053380783,PVEM,119,0.4234875444839858,66,0.23487544483985764,MORENA,53,0.18861209964412812,5,0.017793594306049824,PRD,48,0.1708185053380783,9,0.03202846975088968,8,0.028469750889679714,48,0.1708185053380783,119,0.4234875444839858,4,0.014234875444839857,8,0.028469750889679714,53,0.18861209964412812,27,0.09608540925266904,0,0.0,2,0.0071174377224199285,0,0.0,1,0.0035587188612099642,0,0.0,0,0.0,0,0.0,0,0.0,0,0.0,0,0.0,0,0.0,0,0.0,2,0.0071174377224199285,0,0.0,0,0.0,0,0.0,0,0.0,0,0.0,0,0.0,281,1.0,ORIGEN,SECCION,COMPLETO,CATALOGO_INE_2026
590,23,QUINTANA ROO,FELIPE CARRILLO PUERTO,,12,244,1435,996,0.6940766550522648,0.3059233449477352,MORENA,375,0.37650602409638556,148,0.14859437751004015,PRD,227,0.22791164658634538,113,0.11345381526104417,MAS,114,0.1144578313253012,MORENA,375,0.37650602409638556,148,0.14859437751004015,PRD,227,0.22791164658634538,113,0.11345381526104417,MAS,114,0.1144578313253012,37,0.03714859437751004,23,0.023092369477911646,227,0.22791164658634538,104,0.10441767068273092,17,0.01706827309236948,36,0.03614457831325301,375,0.37650602409638556,114,0.1144578313253012,8,0.008032128514056224,21,0.02108433734939759,2,0.002008032128514056,6,0.006024096385542169,0,0.0,0,0.0,2,0.002008032128514056,0,0.0,0,0.0,0,0.0,0,0.0,0,0.0,5,0.0050200803212851405,0,0.0,0,0.0,0,0.0,1,0.001004016064257028,0,0.0,18,0.018072289156626505,996,1.0,ORIGEN,SECCION,COMPLETO,CATALOGO_INE_2026
591,23,QUINTANA ROO,FELIPE CARRILLO PUERTO,,12,245,797,455,0.5708908406524467,0.42910915934755334,MORENA,129,0.2835164835164835,35,0.07692307692307693,PRD,94,0.20659340659340658,12,0.026373626373626374,MAS,82,0.18021978021978022,MORENA,129,0.2835164835164835,35,0.07692307692307693,PRD,94,0.20659340659340658,12,0.026373626373626374,MAS,82,0.18021978021978022,15,0.03296703296703297,4,0.008791208791208791,94,0.20659340659340658,56,0.12307692307692308,6,0.013186813186813187,10,0.02197802197802198,129,0.2835164835164835,82,0.18021978021978022,6,0.013186813186813187,14,0.03076923076923077,3,0.006593406593406593,7,0.015384615384615385,0,0.0,0,0.0,1,0.002197802197802198,0,0.0,0,0.0,0,0.0,0,0.0,0,0.0,8,0.017582417582417582,0,0.0,0,0.0,0,0.0,0,0.0,2,0.004395604395604396,18,0.03956043956043956,455,1.0,ORIGEN,SECCION,COMPLETO,CATALOGO_INE_2026
592,23,QUINTANA ROO,FELIPE CARRILLO PUERTO,,12,247,2319,1297,0.5592927986200948,0.44070720137990516,MORENA,406,0.31303006939090205,166,0.12798766383962992,MAS,240,0.18504240555127216,54,0.04163454124903624,PRD,186,0.14340786430223593,MORENA,406,0.31303006939090205,166,0.12798766383962992,MAS,240,0.18504240555127216,54,0.04163454124903624,PRD,186,0.14340786430223593,45,0.03469545104086353,34,0.026214340786430222,186,0.14340786430223593,141,0.1087124132613724,32,0.02467232074016962,40,0.03084040092521203,406,0.31303006939090205,240,0.18504240555127216,9,0.006939090208172706,34,0.026214340786430222,5,0.0038550501156515036,13,0.010023130300693909,0,0.0,2,0.0015420200462606013,3,0.002313030069390902,0,0.0,0,0.0,0,0.0,0,0.0,2,0.0015420200462606013,42,0.03238242097147263,0,0.0,1,0.0007710100231303007,1,0.0007710100231303007,3,0.002313030069390902,0,0.0,58,0.04471858134155744,1297,1.0,ORIGEN,SECCION,COMPLETO,CATALOGO_INE_2026
593,23,QUINTANA ROO,FELIPE CARRILLO PUERTO,,12,248,570,284,0.4982456140350877,0.5017543859649123,MORENA,147,0.5176056338028169,111,0.3908450704225352,PVEM,36,0.1267605633802817,5,0.017605633802816902,PRD,31,0.10915492957746478,MORENA,147,0.5176056338028169,111,0.3908450704225352,PVEM,36,0.1267605633802817,5,0.017605633802816902,PRD,31,0.10915492957746478,18,0.06338028169014084,5,0.017605633802816902,31,0.10915492957746478,36,0.1267605633802817,9,0.03169014084507042,7,0.02464788732394366,147,0.5176056338028169,14,0.04929577464788732,3,0.01056338028169014,3,0.01056338028169014,3,0.01056338028169014,2,0.007042253521126761,0,0.0,0,0.0,0,0.0,0,0.0,0,0.0,0,0.0,0,0.0,0,0.0,5,0.017605633802816902,1,0.0035211267605633804,0,0.0,0,0.0,0,0.0,0,0.0,0,0.0,284,1.0,ORIGEN,SECCION,COMPLETO,CATALOGO_INE_2026
594,23,QUINTANA ROO,FELIPE CARRILLO PUERTO,,12,249,2144,1290,0.601679104477612,0.39832089552238803,MORENA,402,0.3116279069767442,133,0.10310077519379846,PVEM,269,0.20852713178294574,41,0.03178294573643411,MAS,228,0.17674418604651163,MORENA,402,0.3116279069767442,133,0.10310077519379846,PVEM,269,0.20852713178294574,41,0.03178294573643411,MAS,228,0.17674418604651163,34,0.02635658914728682,19,0.014728682170542635,175,0.13565891472868216,269,0.20852713178294574,31,0.024031007751937984,31,0.024031007751937984,402,0.3116279069767442,228,0.17674418604651163,11,0.008527131782945736,23,0.017829457364341085,1,0.0007751937984496124,8,0.006201550387596899,0,0.0,1,0.0007751937984496124,1,0.0007751937984496124,0,0.0,1,0.0007751937984496124,0,0.0,0,0.0,3,0.002325581395348837,7,0.005426356589147287,1,0.0007751937984496124,1,0.0007751937984496124,1,0.0007751937984496124,2,0.0015503875968992248,0,0.0,40,0.031007751937984496,1290,1.0,ORIGEN,SECCION,COMPLETO,CATALOGO_INE_2026
595,23,QUINTANA ROO,FELIPE CARRILLO PUERTO,,12,250,1176,810,0.6887755102040817,0.3112244897959183,MORENA,185,0.22839506172839505,5,0.006172839506172839,PRD,180,0.2222222222222222,47,0.05802469135802469,PVEM,133,0.16419753086419753,MORENA,185,0.22839506172839505,5,0.006172839506172839,PRD,180,0.2222222222222222,47,0.05802469135802469,PVEM,133,0.16419753086419753,48,0.05925925925925926,46,0.056790123456790124,180,0.2222222222222222,133,0.16419753086419753,12,0.014814814814814815,13,0.016049382716049384,185,0.22839506172839505,117,0.14444444444444443,3,0.003703703703703704,23,0.028395061728395062,3,0.003703703703703704,13,0.016049382716049384,0,0.0,0,0.0,0,0.0,0,0.0,0,0.0,0,0.0,0,0.0,0,0.0,5,0.006172839506172839,0,0.0,1,0.0012345679012345679,0,0.0,1,0.0012345679012345679,0,0.0,27,0.03333333333333333,810,1.0,ORIGEN,SECCION,COMPLETO,CATALOGO_INE_2026
596,23,QUINTANA ROO,FELIPE CARRILLO PUERTO,,12,251,1944,1172,0.602880658436214,0.39711934156378603,MORENA,383,0.3267918088737201,69,0.05887372013651877,PVEM,314,0.26791808873720135,168,0.14334470989761092,MAS,146,0.12457337883959044,MORENA,383,0.3267918088737201,69,0.05887372013651877,PVEM,314,0.26791808873720135,168,0.14334470989761092,MAS,146,0.12457337883959044,17,0.014505119453924915,23,0.01962457337883959,124,0.10580204778156997,314,0.26791808873720135,39,0.033276450511945395,20,0.017064846416382253,383,0.3267918088737201,146,0.12457337883959044,13,0.011092150170648464,12,0.010238907849829351,3,0.002559726962457338,1,0.0008532423208191126,0,0.0,0,0.0,0,0.0,0,0.0,0,0.0,0,0.0,9,0.007679180887372013,0,0.0,4,0.0034129692832764505,0,0.0,7,0.005972696245733789,2,0.0017064846416382253,18,0.015358361774744027,0,0.0,37,0.031569965870307165,1172,1.0,ORIGEN,SECCION,COMPLETO,CATALOGO_INE_2026
597,23,QUINTANA ROO,ISLA MUJERES,,1,252,1063,451,0.4242709313264346,0.5757290686735654,MORENA,139,0.3082039911308204,53,0.11751662971175167,PAN,86,0.19068736141906872,22,0.04878048780487805,FXMQROO,64,0.1419068736141907,MORENA,139,0.3082039911308204,53,0.11751662971175167,PAN,86,0.19068736141906872,22,0.04878048780487805,FXMQROO,64,0.1419068736141907,86,0.19068736141906872,10,0.022172949002217297,2,0.004434589800443459,54,0.1197339246119734,6,0.013303769401330377,36,0.07982261640798226,139,0.3082039911308204,21,0.04656319290465632,2,0.004434589800443459,64,0.1419068736141907,2,0.004434589800443459,0,0.0,0,0.0,1,0.0022172949002217295,0,0.0,0,0.0,0,0.0,0,0.0,0,0.0,0,0.0,5,0.011086474501108648,1,0.0022172949002217295,1,0.0022172949002217295,0,0.0,1,0.0022172949002217295,1,0.0022172949002217295,19,0.04212860310421286,451,1.0,ORIGEN,SECCION,COMPLETO,CATALOGO_INE_2026
598,23,QUINTANA ROO,ISLA MUJERES,,1,253,948,366,0.3860759493670886,0.6139240506329113,MORENA,113,0.3087431693989071,41,0.11202185792349727,PAN,72,0.19672131147540983,10,0.0273224043715847,FXMQROO,62,0.16939890710382513,MORENA,113,0.3087431693989071,41,0.11202185792349727,PAN,72,0.19672131147540983,10,0.0273224043715847,FXMQROO,62,0.16939890710382513,72,0.19672131147540983,5,0.01366120218579235,5,0.01366120218579235,41,0.11202185792349727,5,0.01366120218579235,26,0.07103825136612021,113,0.3087431693989071,11,0.030054644808743168,1,0.00273224043715847,62,0.16939890710382513,1,0.00273224043715847,2,0.00546448087431694,0,0.0,0,0.0,0,0.0,1,0.00273224043715847,0,0.0,0,0.0,0,0.0,1,0.00273224043715847,2,0.00546448087431694,0,0.0,1,0.00273224043715847,0,0.0,1,0.00273224043715847,0,0.0,16,0.04371584699453552,366,1.0,ORIGEN,SECCION,COMPLETO,CATALOGO_INE_2026
599,23,QUINTANA ROO,ISLA MUJERES,,1,254,726,335,0.46143250688705234,0.5385674931129476,MORENA,136,0.4059701492537313,82,0.24477611940298508,PAN,54,0.16119402985074627,4,0.011940298507462687,PVEM,50,0.14925373134328357,MORENA,136,0.4059701492537313,82,0.24477611940298508,PAN,54,0.16119402985074627,4,0.011940298507462687,PVEM,50,0.14925373134328357,54,0.16119402985074627,7,0.020895522388059702,1,0.0029850746268656717,50,0.14925373134328357,2,0.005970149253731343,21,0.0626865671641791,136,0.4059701492537313,8,0.023880597014925373,1,0.0029850746268656717,45,0.13432835820895522,0,0.0,0,0.0,0,0.0,0,0.0,1,0.0029850746268656717,0,0.0,0,0.0,0,0.0,0,0.0,0,0.0,1,0.0029850746268656717,1,0.0029850746268656717,1,0.0029850746268656717,0,0.0,0,0.0,0,0.0,6,0.01791044776119403,335,1.0,ORIGEN,SECCION,COMPLETO,CATALOGO_INE_2026
600,23,QUINTANA ROO,ISLA MUJERES,,1,255,2302,1102,0.4787141615986099,0.5212858384013901,MORENA,390,0.35390199637023595,110,0.0998185117967332,PVEM,280,0.2540834845735027,155,0.14065335753176045,PAN,125,0.11343012704174228,MORENA,390,0.35390199637023595,110,0.0998185117967332,PVEM,280,0.2540834845735027,155,0.14065335753176045,PAN,125,0.11343012704174228,125,0.11343012704174228,15,0.013611615245009074,7,0.006352087114337568,280,0.2540834845735027,11,0.009981851179673321,48,0.043557168784029036,390,0.35390199637023595,22,0.019963702359346643,5,0.004537205081669692,125,0.11343012704174228,1,0.0009074410163339383,0,0.0,1,0.0009074410163339383,0,0.0,3,0.0027223230490018148,2,0.0018148820326678765,0,0.0,1,0.0009074410163339383,1,0.0009074410163339383,6,0.0054446460980036296,11,0.009981851179673321,0,0.0,0,0.0,1,0.0009074410163339383,2,0.0018148820326678765,2,0.0018148820326678765,43,0.03901996370235935,1102,1.0,ORIGEN,SECCION,COMPLETO,CATALOGO_INE_2026
601,23,QUINTANA ROO,ISLA MUJERES,,1,256,1320,535,0.4053030303030303,0.5946969696969697,MORENA,199,0.3719626168224299,77,0.14392523364485982,PVEM,122,0.22803738317757008,44,0.08224299065420561,PAN,78,0.14579439252336449,MORENA,199,0.3719626168224299,77,0.14392523364485982,PVEM,122,0.22803738317757008,44,0.08224299065420561,PAN,78,0.14579439252336449,78,0.14579439252336449,7,0.013084112149532711,1,0.001869158878504673,122,0.22803738317757008,8,0.014953271028037384,37,0.0691588785046729,199,0.3719626168224299,10,0.018691588785046728,0,0.0,44,0.08224299065420561,0,0.0,0,0.0,0,0.0,0,0.0,2,0.003738317757009346,0,0.0,0,0.0,1,0.001869158878504673,0,0.0,0,0.0,2,0.003738317757009346,0,0.0,1,0.001869158878504673,0,0.0,2,0.003738317757009346,0,0.0,21,0.03925233644859813,535,1.0,ORIGEN,SECCION,COMPLETO,CATALOGO_INE_2026
602,23,QUINTANA ROO,ISLA MUJERES,,1,257,1631,741,0.45432250153280196,0.545677498467198,MORENA,294,0.3967611336032389,140,0.18893387314439947,PVEM,154,0.2078272604588394,63,0.08502024291497975,PAN,91,0.12280701754385964,MORENA,294,0.3967611336032389,140,0.18893387314439947,PVEM,154,0.2078272604588394,63,0.08502024291497975,PAN,91,0.12280701754385964,91,0.12280701754385964,9,0.012145748987854251,3,0.004048582995951417,154,0.2078272604588394,6,0.008097165991902834,39,0.05263157894736842,294,0.3967611336032389,27,0.03643724696356275,0,0.0,73,0.09851551956815115,0,0.0,1,0.001349527665317139,0,0.0,0,0.0,2,0.002699055330634278,0,0.0,0,0.0,1,0.001349527665317139,1,0.001349527665317139,1,0.001349527665317139,9,0.012145748987854251,2,0.002699055330634278,1,0.001349527665317139,0,0.0,4,0.005398110661268556,1,0.001349527665317139,22,0.029689608636977057,741,1.0,ORIGEN,SECCION,COMPLETO,CATALOGO_INE_2026
603,23,QUINTANA ROO,ISLA MUJERES,,1,258,4124,1924,0.466537342386033,0.5334626576139669,MORENA,710,0.369022869022869,234,0.12162162162162163,PVEM,476,0.24740124740124741,290,0.15072765072765074,PAN,186,0.09667359667359668,MORENA,710,0.369022869022869,234,0.12162162162162163,PVEM,476,0.24740124740124741,290,0.15072765072765074,PAN,186,0.09667359667359668,186,0.09667359667359668,17,0.008835758835758836,5,0.002598752598752599,476,0.24740124740124741,36,0.018711018711018712,121,0.0628898128898129,710,0.369022869022869,41,0.02130977130977131,12,0.006237006237006237,173,0.08991683991683992,0,0.0,1,0.0005197505197505198,1,0.0005197505197505198,0,0.0,1,0.0005197505197505198,1,0.0005197505197505198,27,0.014033264033264034,0,0.0,0,0.0,4,0.002079002079002079,20,0.010395010395010396,2,0.0010395010395010396,7,0.0036382536382536385,0,0.0,5,0.002598752598752599,0,0.0,78,0.04054054054054054,1924,1.0,ORIGEN,SECCION,COMPLETO,CATALOGO_INE_2026
604,23,QUINTANA ROO,ISLA MUJERES,,1,259,1630,774,0.47484662576687114,0.5251533742331289,MORENA,302,0.39018087855297157,130,0.16795865633074936,PVEM,172,0.2222222222222222,79,0.1020671834625323,PAN,93,0.12015503875968993,MORENA,302,0.39018087855297157,130,0.16795865633074936,PVEM,172,0.2222222222222222,79,0.1020671834625323,PAN,93,0.12015503875968993,93,0.12015503875968993,11,0.014211886304909561,1,0.0012919896640826874,172,0.2222222222222222,9,0.011627906976744186,51,0.06589147286821706,302,0.39018087855297157,18,0.023255813953488372,0,0.0,58,0.07493540051679587,0,0.0,2,0.002583979328165375,0,0.0,0,0.0,0,0.0,1,0.0012919896640826874,0,0.0,1,0.0012919896640826874,2,0.002583979328165375,0,0.0,23,0.029715762273901807,1,0.0012919896640826874,4,0.00516795865633075,0,0.0,2,0.002583979328165375,0,0.0,23,0.029715762273901807,774,1.0,ORIGEN,SECCION,COMPLETO,CATALOGO_INE_2026
605,23,QUINTANA ROO,ISLA MUJERES,,1,260,245,106,0.4326530612244898,0.5673469387755101,PAN,49,0.46226415094339623,35,0.330188679245283,MORENA,14,0.1320754716981132,1,0.009433962264150943,PVEM,13,0.12264150943396226,PAN,49,0.46226415094339623,35,0.330188679245283,MORENA,14,0.1320754716981132,1,0.009433962264150943,PVEM,13,0.12264150943396226,49,0.46226415094339623,3,0.02830188679245283,3,0.02830188679245283,13,0.12264150943396226,1,0.009433962264150943,9,0.08490566037735849,14,0.1320754716981132,4,0.03773584905660377,0,0.0,5,0.04716981132075472,1,0.009433962264150943,0,0.0,0,0.0,0,0.0,0,0.0,1,0.009433962264150943,0,0.0,0,0.0,0,0.0,0,0.0,0,0.0,0,0.0,1,0.009433962264150943,0,0.0,0,0.0,0,0.0,2,0.018867924528301886,106,1.0,ORIGEN,SECCION,COMPLETO,CATALOGO_INE_2026
606,23,QUINTANA ROO,ISLA MUJERES,,1,261,8534,3758,0.440356222170143,0.5596437778298571,PVEM,1209,0.32171367748802554,267,0.07104843001596593,MORENA,942,0.2506652474720596,448,0.11921234699308142,FXMQROO,494,0.13145290047897817,PVEM,1209,0.32171367748802554,267,0.07104843001596593,MORENA,942,0.2506652474720596,448,0.11921234699308142,FXMQROO,494,0.13145290047897817,311,0.082756785524215,97,0.02581160191591272,17,0.004523682810005322,1209,0.32171367748802554,43,0.011442256519425226,233,0.0620010643959553,942,0.2506652474720596,94,0.025013304949441192,18,0.004789781798829164,494,0.13145290047897817,3,0.0007982969664715274,8,0.0021287919105907396,2,0.0005321979776476849,0,0.0,3,0.0007982969664715274,7,0.0018626929217668972,5,0.0013304949441192123,5,0.0013304949441192123,3,0.0007982969664715274,8,0.0021287919105907396,51,0.013571048430015966,14,0.0037253858435337944,5,0.0013304949441192123,1,0.00026609898882384245,28,0.007450771687067589,5,0.0013304949441192123,152,0.04044704630122405,3758,1.0,ORIGEN,SECCION,COMPLETO,INFERIDA_SECCION_VECINA
607,23,QUINTANA ROO,JOSE MARIA MORELOS,,12,263,2301,1541,0.6697088222511951,0.3302911777488049,MAS,438,0.28423101881894874,27,0.01752109020116807,MORENA,411,0.26670992861778064,38,0.02465931213497729,PVEM,373,0.24205061648280338,MAS,438,0.28423101881894874,27,0.01752109020116807,MORENA,411,0.26670992861778064,38,0.02465931213497729,PVEM,373,0.24205061648280338,71,0.046073977936404935,31,0.020116807268007787,55,0.035691109669046074,373,0.24205061648280338,26,0.016872160934458143,37,0.024010382868267358,411,0.26670992861778064,438,0.28423101881894874,10,0.006489292667099286,9,0.005840363400389357,3,0.001946787800129786,8,0.005191434133679429,0,0.0,1,0.0006489292667099286,0,0.0,1,0.0006489292667099286,1,0.0006489292667099286,0,0.0,1,0.0006489292667099286,3,0.001946787800129786,16,0.010382868267358857,0,0.0,1,0.0006489292667099286,0,0.0,0,0.0,0,0.0,45,0.029201817001946788,1541,1.0,ORIGEN,SECCION,COMPLETO,CATALOGO_INE_2026
608,23,QUINTANA ROO,JOSE MARIA MORELOS,,12,265,2821,1934,0.685572492024105,0.314427507975895,PVEM,562,0.2905894519131334,78,0.04033092037228542,MAS,484,0.250258531540848,30,0.015511892450879007,MORENA,454,0.23474663908996898,PVEM,562,0.2905894519131334,78,0.04033092037228542,MAS,484,0.250258531540848,30,0.015511892450879007,MORENA,454,0.23474663908996898,119,0.06153050672182006,15,0.0077559462254395035,106,0.05480868665977249,562,0.2905894519131334,30,0.015511892450879007,52,0.02688728024819028,454,0.23474663908996898,484,0.250258531540848,16,0.008273009307135471,7,0.0036194415718717684,4,0.002068252326783868,2,0.001034126163391934,0,0.0,1,0.000517063081695967,1,0.000517063081695967,1,0.000517063081695967,0,0.0,0,0.0,0,0.0,2,0.001034126163391934,17,0.008790072388831437,0,0.0,0,0.0,0,0.0,0,0.0,0,0.0,61,0.03154084798345398,1934,1.0,ORIGEN,SECCION,COMPLETO,CATALOGO_INE_2026
609,23,QUINTANA ROO,JOSE MARIA MORELOS,,12,266,844,657,0.7784360189573459,0.22156398104265407,MORENA,217,0.3302891933028919,47,0.0715372907153729,PVEM,170,0.258751902587519,25,0.0380517503805175,MAS,145,0.2207001522070015,MORENA,217,0.3302891933028919,47,0.0715372907153729,PVEM,170,0.258751902587519,25,0.0380517503805175,MAS,145,0.2207001522070015,10,0.015220700152207,1,0.0015220700152207,21,0.0319634703196347,170,0.258751902587519,57,0.0867579908675799,8,0.0121765601217656,217,0.3302891933028919,145,0.2207001522070015,6,0.0091324200913242,0,0.0,0,0.0,0,0.0,0,0.0,0,0.0,0,0.0,0,0.0,0,0.0,0,0.0,0,0.0,0,0.0,0,0.0,0,0.0,0,0.0,0,0.0,0,0.0,0,0.0,22,0.0334855403348554,657,1.0,ORIGEN,SECCION,COMPLETO,CATALOGO_INE_2026
610,23,QUINTANA ROO,JOSE MARIA MORELOS,,12,267,843,588,0.697508896797153,0.302491103202847,MORENA,239,0.4064625850340136,132,0.22448979591836735,MAS,107,0.18197278911564627,13,0.022108843537414966,PT,94,0.1598639455782313,MORENA,239,0.4064625850340136,132,0.22448979591836735,MAS,107,0.18197278911564627,13,0.022108843537414966,PT,94,0.1598639455782313,9,0.015306122448979591,3,0.00510204081632653,22,0.03741496598639456,68,0.11564625850340136,94,0.1598639455782313,5,0.008503401360544218,239,0.4064625850340136,107,0.18197278911564627,1,0.0017006802721088435,15,0.025510204081632654,1,0.0017006802721088435,0,0.0,0,0.0,0,0.0,0,0.0,0,0.0,0,0.0,1,0.0017006802721088435,0,0.0,1,0.0017006802721088435,5,0.008503401360544218,0,0.0,5,0.008503401360544218,0,0.0,0,0.0,0,0.0,12,0.02040816326530612,588,1.0,ORIGEN,SECCION,COMPLETO,CATALOGO_INE_2026
611,23,QUINTANA ROO,JOSE MARIA MORELOS,,12,268,2767,1856,0.6707625587278642,0.32923744127213583,MORENA,491,0.2645474137931034,76,0.040948275862068964,PT,415,0.22359913793103448,105,0.056573275862068964,MAS,310,0.16702586206896552,MORENA,491,0.2645474137931034,76,0.040948275862068964,PT,415,0.22359913793103448,105,0.056573275862068964,MAS,310,0.16702586206896552,90,0.04849137931034483,14,0.007543103448275862,137,0.0738146551724138,283,0.15247844827586207,415,0.22359913793103448,31,0.01670258620689655,491,0.2645474137931034,310,0.16702586206896552,10,0.005387931034482759,22,0.011853448275862068,2,0.0010775862068965517,6,0.003232758620689655,0,0.0,0,0.0,0,0.0,0,0.0,0,0.0,0,0.0,0,0.0,2,0.0010775862068965517,0,0.0,0,0.0,2,0.0010775862068965517,3,0.0016163793103448276,1,0.0005387931034482759,0,0.0,37,0.01993534482758621,1856,1.0,ORIGEN,SECCION,COMPLETO,CATALOGO_INE_2026
612,23,QUINTANA ROO,JOSE MARIA MORELOS,,12,269,910,624,0.6857142857142857,0.3142857142857143,MORENA,196,0.3141025641025641,1,0.0016025641025641025,MAS,195,0.3125,142,0.22756410256410256,PRD,53,0.08493589743589744,MORENA,196,0.3141025641025641,1,0.0016025641025641025,MAS,195,0.3125,142,0.22756410256410256,PRD,53,0.08493589743589744,25,0.04006410256410257,2,0.003205128205128205,53,0.08493589743589744,50,0.08012820512820513,34,0.05448717948717949,14,0.022435897435897436,196,0.3141025641025641,195,0.3125,9,0.014423076923076924,12,0.019230769230769232,3,0.004807692307692308,2,0.003205128205128205,0,0.0,0,0.0,0,0.0,1,0.0016025641025641025,0,0.0,0,0.0,0,0.0,1,0.0016025641025641025,3,0.004807692307692308,0,0.0,3,0.004807692307692308,0,0.0,0,0.0,0,0.0,21,0.03365384615384615,624,1.0,ORIGEN,SECCION,COMPLETO,CATALOGO_INE_2026
613,23,QUINTANA ROO,JOSE MARIA MORELOS,,12,272,693,471,0.6796536796536796,0.3203463203463204,MORENA,201,0.4267515923566879,54,0.11464968152866242,PVEM,147,0.31210191082802546,96,0.20382165605095542,MAS,51,0.10828025477707007,MORENA,201,0.4267515923566879,54,0.11464968152866242,PVEM,147,0.31210191082802546,96,0.20382165605095542,MAS,51,0.10828025477707007,12,0.025477707006369428,5,0.010615711252653927,7,0.014861995753715499,147,0.31210191082802546,16,0.03397027600849257,8,0.016985138004246284,201,0.4267515923566879,51,0.10828025477707007,3,0.006369426751592357,6,0.012738853503184714,0,0.0,0,0.0,0,0.0,0,0.0,0,0.0,0,0.0,0,0.0,0,0.0,0,0.0,0,0.0,5,0.010615711252653927,0,0.0,0,0.0,0,0.0,0,0.0,0,0.0,10,0.021231422505307854,471,1.0,ORIGEN,SECCION,COMPLETO,CATALOGO_INE_2026
614,23,QUINTANA ROO,JOSE MARIA MORELOS,,12,277,550,410,0.7454545454545455,0.2545454545454545,MAS,168,0.4097560975609756,31,0.07560975609756097,MORENA,137,0.33414634146341465,92,0.22439024390243903,PVEM,45,0.10975609756097561,MAS,168,0.4097560975609756,31,0.07560975609756097,MORENA,137,0.33414634146341465,92,0.22439024390243903,PVEM,45,0.10975609756097561,11,0.026829268292682926,2,0.004878048780487805,15,0.036585365853658534,45,0.10975609756097561,10,0.024390243902439025,7,0.01707317073170732,137,0.33414634146341465,168,0.4097560975609756,2,0.004878048780487805,4,0.00975609756097561,0,0.0,0,0.0,0,0.0,0,0.0,1,0.0024390243902439024,0,0.0,0,0.0,0,0.0,0,0.0,1,0.0024390243902439024,5,0.012195121951219513,0,0.0,0,0.0,0,0.0,0,0.0,0,0.0,2,0.004878048780487805,410,1.0,ORIGEN,SECCION,COMPLETO,CATALOGO_INE_2026
615,23,QUINTANA ROO,JOSE MARIA MORELOS,,13,262,2680,1857,0.692910447761194,0.30708955223880596,PVEM,524,0.2821755519655358,80,0.043080236941303175,MORENA,444,0.23909531502423265,33,0.017770597738287562,MAS,411,0.22132471728594508,PVEM,524,0.2821755519655358,80,0.043080236941303175,MORENA,444,0.23909531502423265,33,0.017770597738287562,MAS,411,0.22132471728594508,68,0.0366182014001077,30,0.01615508885298869,159,0.08562197092084006,524,0.2821755519655358,56,0.030156165858912225,38,0.02046311254711901,444,0.23909531502423265,411,0.22132471728594508,14,0.007539041464728056,15,0.008077544426494346,4,0.002154011847065159,7,0.003769520732364028,0,0.0,0,0.0,1,0.0005385029617662897,1,0.0005385029617662897,0,0.0,0,0.0,0,0.0,2,0.0010770059235325794,16,0.008616047388260635,0,0.0,5,0.0026925148088314485,1,0.0005385029617662897,2,0.0010770059235325794,1,0.0005385029617662897,58,0.031233171782444804,1857,1.0,ORIGEN,SECCION,COMPLETO,CATALOGO_INE_2026
616,23,QUINTANA ROO,JOSE MARIA MORELOS,,13,264,2018,1422,0.7046580773042617,0.29534192269573833,MORENA,422,0.2967651195499297,12,0.008438818565400843,PVEM,410,0.2883263009845288,120,0.08438818565400844,MAS,290,0.2039381153305204,MORENA,422,0.2967651195499297,12,0.008438818565400843,PVEM,410,0.2883263009845288,120,0.08438818565400844,MAS,290,0.2039381153305204,46,0.03234880450070324,6,0.004219409282700422,67,0.047116736990154715,410,0.2883263009845288,39,0.027426160337552744,43,0.030239099859353025,422,0.2967651195499297,290,0.2039381153305204,11,0.007735583684950774,13,0.009142053445850914,0,0.0,2,0.0014064697609001407,1,0.0007032348804500703,0,0.0,1,0.0007032348804500703,0,0.0,0,0.0,0,0.0,0,0.0,3,0.002109704641350211,19,0.013361462728551337,0,0.0,7,0.004922644163150493,0,0.0,0,0.0,0,0.0,42,0.029535864978902954,1422,1.0,ORIGEN,SECCION,COMPLETO,CATALOGO_INE_2026
617,23,QUINTANA ROO,JOSE MARIA MORELOS,,13,270,1357,840,0.6190125276344879,0.3809874723655121,MORENA,367,0.4369047619047619,164,0.19523809523809524,PVEM,203,0.24166666666666667,108,0.12857142857142856,MAS,95,0.1130952380952381,MORENA,367,0.4369047619047619,164,0.19523809523809524,PVEM,203,0.24166666666666667,108,0.12857142857142856,MAS,95,0.1130952380952381,18,0.02142857142857143,3,0.0035714285714285713,26,0.030952380952380953,203,0.24166666666666667,25,0.02976190476190476,26,0.030952380952380953,367,0.4369047619047619,95,0.1130952380952381,12,0.014285714285714285,11,0.013095238095238096,2,0.002380952380952381,1,0.0011904761904761906,0,0.0,0,0.0,0,0.0,2,0.002380952380952381,0,0.0,0,0.0,0,0.0,2,0.002380952380952381,14,0.016666666666666666,0,0.0,2,0.002380952380952381,1,0.0011904761904761906,1,0.0011904761904761906,0,0.0,29,0.034523809523809526,840,1.0,ORIGEN,SECCION,COMPLETO,CATALOGO_INE_2026
618,23,QUINTANA ROO,JOSE MARIA MORELOS,,13,271,1119,752,0.6720285969615728,0.3279714030384272,MORENA,325,0.4321808510638298,90,0.1196808510638298,PVEM,235,0.3125,182,0.24202127659574468,MAS,53,0.07047872340425532,MORENA,325,0.4321808510638298,90,0.1196808510638298,PVEM,235,0.3125,182,0.24202127659574468,MAS,53,0.07047872340425532,15,0.0199468085106383,3,0.003989361702127659,23,0.030585106382978722,235,0.3125,15,0.0199468085106383,14,0.018617021276595744,325,0.4321808510638298,53,0.07047872340425532,5,0.006648936170212766,4,0.005319148936170213,0,0.0,3,0.003989361702127659,0,0.0,0,0.0,0,0.0,12,0.015957446808510637,0,0.0,0,0.0,0,0.0,0,0.0,8,0.010638297872340425,0,0.0,1,0.0013297872340425532,0,0.0,0,0.0,0,0.0,36,0.047872340425531915,752,1.0,ORIGEN,SECCION,COMPLETO,CATALOGO_INE_2026
619,23,QUINTANA ROO,JOSE MARIA MORELOS,,13,273,1649,1143,0.6931473620375985,0.3068526379624015,MORENA,389,0.34033245844269466,87,0.07611548556430446,PVEM,302,0.2642169728783902,123,0.10761154855643044,MAS,179,0.15660542432195976,MORENA,389,0.34033245844269466,87,0.07611548556430446,PVEM,302,0.2642169728783902,123,0.10761154855643044,MAS,179,0.15660542432195976,40,0.03499562554680665,9,0.007874015748031496,43,0.03762029746281715,302,0.2642169728783902,61,0.05336832895888014,20,0.017497812773403325,389,0.34033245844269466,179,0.15660542432195976,47,0.04111986001749781,7,0.006124234470691163,6,0.005249343832020997,6,0.005249343832020997,1,0.0008748906386701663,0,0.0,0,0.0,4,0.003499562554680665,0,0.0,1,0.0008748906386701663,0,0.0,0,0.0,7,0.006124234470691163,0,0.0,1,0.0008748906386701663,1,0.0008748906386701663,0,0.0,0,0.0,19,0.016622922134733157,1143,1.0,ORIGEN,SECCION,COMPLETO,CATALOGO_INE_2026
620,23,QUINTANA ROO,JOSE MARIA MORELOS,,13,274,1393,1026,0.7365398420674802,0.26346015793251976,MORENA,449,0.43762183235867447,176,0.17153996101364521,MAS,273,0.26608187134502925,186,0.18128654970760233,PVEM,87,0.0847953216374269,MORENA,449,0.43762183235867447,176,0.17153996101364521,MAS,273,0.26608187134502925,186,0.18128654970760233,PVEM,87,0.0847953216374269,26,0.025341130604288498,10,0.009746588693957114,80,0.07797270955165692,87,0.0847953216374269,40,0.03898635477582846,25,0.024366471734892786,449,0.43762183235867447,273,0.26608187134502925,7,0.00682261208576998,9,0.008771929824561403,0,0.0,1,0.0009746588693957114,0,0.0,0,0.0,0,0.0,0,0.0,0,0.0,0,0.0,1,0.0009746588693957114,0,0.0,2,0.001949317738791423,0,0.0,0,0.0,0,0.0,0,0.0,0,0.0,16,0.015594541910331383,1026,1.0,ORIGEN,SECCION,COMPLETO,CATALOGO_INE_2026
621,23,QUINTANA ROO,JOSE MARIA MORELOS,,13,275,1343,952,0.7088607594936709,0.2911392405063291,MAS,347,0.3644957983193277,7,0.007352941176470588,MORENA,340,0.35714285714285715,242,0.2542016806722689,PVEM,98,0.10294117647058823,MAS,347,0.3644957983193277,7,0.007352941176470588,MORENA,340,0.35714285714285715,242,0.2542016806722689,PVEM,98,0.10294117647058823,24,0.025210084033613446,9,0.009453781512605041,13,0.01365546218487395,98,0.10294117647058823,63,0.0661764705882353,19,0.01995798319327731,340,0.35714285714285715,347,0.3644957983193277,10,0.01050420168067227,11,0.011554621848739496,4,0.004201680672268907,2,0.0021008403361344537,0,0.0,0,0.0,0,0.0,0,0.0,0,0.0,0,0.0,1,0.0010504201680672268,0,0.0,0,0.0,0,0.0,0,0.0,0,0.0,0,0.0,0,0.0,11,0.011554621848739496,952,1.0,ORIGEN,SECCION,COMPLETO,CATALOGO_INE_2026
622,23,QUINTANA ROO,JOSE MARIA MORELOS,,13,276,1236,921,0.7451456310679612,0.25485436893203883,MAS,368,0.3995656894679696,120,0.13029315960912052,MORENA,248,0.2692725298588491,90,0.09771986970684039,PVEM,158,0.17155266015200868,MAS,368,0.3995656894679696,120,0.13029315960912052,MORENA,248,0.2692725298588491,90,0.09771986970684039,PVEM,158,0.17155266015200868,16,0.01737242128121607,3,0.003257328990228013,21,0.02280130293159609,158,0.17155266015200868,53,0.05754614549402823,19,0.02062975027144408,248,0.2692725298588491,368,0.3995656894679696,7,0.00760043431053203,8,0.008686210640608035,0,0.0,2,0.002171552660152009,0,0.0,0,0.0,0,0.0,0,0.0,0,0.0,0,0.0,0,0.0,1,0.0010857763300760044,1,0.0010857763300760044,0,0.0,4,0.004343105320304018,0,0.0,1,0.0010857763300760044,0,0.0,11,0.011943539630836048,921,1.0,ORIGEN,SECCION,COMPLETO,CATALOGO_INE_2026
623,23,QUINTANA ROO,JOSE MARIA MORELOS,,13,278,874,658,0.7528604118993135,0.24713958810068648,MAS,206,0.3130699088145897,48,0.0729483282674772,MORENA,158,0.24012158054711247,1,0.001519756838905775,PVEM,157,0.23860182370820668,MAS,206,0.3130699088145897,48,0.0729483282674772,MORENA,158,0.24012158054711247,1,0.001519756838905775,PVEM,157,0.23860182370820668,18,0.02735562310030395,4,0.0060790273556231,28,0.0425531914893617,157,0.23860182370820668,18,0.02735562310030395,19,0.028875379939209727,158,0.24012158054711247,206,0.3130699088145897,7,0.010638297872340425,7,0.010638297872340425,0,0.0,0,0.0,0,0.0,0,0.0,0,0.0,1,0.001519756838905775,0,0.0,0,0.0,0,0.0,1,0.001519756838905775,1,0.001519756838905775,0,0.0,0,0.0,0,0.0,0,0.0,0,0.0,33,0.05015197568389058,658,1.0,ORIGEN,SECCION,COMPLETO,CATALOGO_INE_2026
624,23,QUINTANA ROO,JOSE MARIA MORELOS,,13,279,688,494,0.7180232558139535,0.28197674418604646,MORENA,182,0.3684210526315789,60,0.1214574898785425,PVEM,122,0.24696356275303644,30,0.06072874493927125,MAS,92,0.1862348178137652,MORENA,182,0.3684210526315789,60,0.1214574898785425,PVEM,122,0.24696356275303644,30,0.06072874493927125,MAS,92,0.1862348178137652,13,0.02631578947368421,5,0.010121457489878543,8,0.016194331983805668,122,0.24696356275303644,28,0.05668016194331984,3,0.006072874493927126,182,0.3684210526315789,92,0.1862348178137652,3,0.006072874493927126,6,0.012145748987854251,0,0.0,3,0.006072874493927126,0,0.0,0,0.0,0,0.0,0,0.0,0,0.0,0,0.0,0,0.0,0,0.0,8,0.016194331983805668,0,0.0,0,0.0,0,0.0,0,0.0,0,0.0,21,0.04251012145748988,494,1.0,ORIGEN,SECCION,COMPLETO,CATALOGO_INE_2026
625,23,QUINTANA ROO,JOSE MARIA MORELOS,,13,280,658,489,0.743161094224924,0.25683890577507595,MORENA,210,0.4294478527607362,94,0.19222903885480572,MAS,116,0.23721881390593047,55,0.11247443762781185,PVEM,61,0.12474437627811862,MORENA,210,0.4294478527607362,94,0.19222903885480572,MAS,116,0.23721881390593047,55,0.11247443762781185,PVEM,61,0.12474437627811862,19,0.03885480572597137,1,0.002044989775051125,17,0.034764826175869123,61,0.12474437627811862,33,0.06748466257668712,6,0.012269938650306749,210,0.4294478527607362,116,0.23721881390593047,2,0.00408997955010225,5,0.010224948875255624,0,0.0,0,0.0,0,0.0,0,0.0,0,0.0,3,0.006134969325153374,0,0.0,0,0.0,0,0.0,0,0.0,0,0.0,0,0.0,0,0.0,0,0.0,0,0.0,0,0.0,16,0.032719836400818,489,1.0,ORIGEN,SECCION,COMPLETO,CATALOGO_INE_2026
626,23,QUINTANA ROO,JOSE MARIA MORELOS,,13,281,257,208,0.8093385214007782,0.19066147859922178,MAS,75,0.3605769230769231,16,0.07692307692307693,PVEM,59,0.28365384615384615,7,0.03365384615384615,MORENA,52,0.25,MAS,75,0.3605769230769231,16,0.07692307692307693,PVEM,59,0.28365384615384615,7,0.03365384615384615,MORENA,52,0.25,1,0.004807692307692308,2,0.009615384615384616,1,0.004807692307692308,59,0.28365384615384615,1,0.004807692307692308,2,0.009615384615384616,52,0.25,75,0.3605769230769231,0,0.0,0,0.0,0,0.0,0,0.0,0,0.0,0,0.0,0,0.0,0,0.0,0,0.0,0,0.0,0,0.0,0,0.0,4,0.019230769230769232,0,0.0,0,0.0,0,0.0,0,0.0,0,0.0,11,0.052884615384615384,208,1.0,ORIGEN,SECCION,COMPLETO,CATALOGO_INE_2026
627,23,QUINTANA ROO,JOSE MARIA MORELOS,,13,282,800,570,0.7125,0.2875,MAS,235,0.41228070175438597,39,0.06842105263157895,MORENA,196,0.34385964912280703,141,0.24736842105263157,PVEM,55,0.09649122807017543,MAS,235,0.41228070175438597,39,0.06842105263157895,MORENA,196,0.34385964912280703,141,0.24736842105263157,PVEM,55,0.09649122807017543,12,0.021052631578947368,11,0.01929824561403509,4,0.007017543859649123,55,0.09649122807017543,16,0.028070175438596492,15,0.02631578947368421,196,0.34385964912280703,235,0.41228070175438597,6,0.010526315789473684,6,0.010526315789473684,0,0.0,0,0.0,0,0.0,0,0.0,0,0.0,0,0.0,0,0.0,0,0.0,0,0.0,1,0.0017543859649122807,0,0.0,0,0.0,0,0.0,0,0.0,0,0.0,0,0.0,13,0.02280701754385965,570,1.0,ORIGEN,SECCION,COMPLETO,CATALOGO_INE_2026
628,23,QUINTANA ROO,JOSE MARIA MORELOS,,13,283,756,451,0.5965608465608465,0.4034391534391535,MORENA,199,0.44124168514412415,101,0.22394678492239467,MAS,98,0.21729490022172948,15,0.03325942350332594,PVEM,83,0.18403547671840353,MORENA,199,0.44124168514412415,101,0.22394678492239467,MAS,98,0.21729490022172948,15,0.03325942350332594,PVEM,83,0.18403547671840353,7,0.015521064301552107,3,0.0066518847006651885,3,0.0066518847006651885,83,0.18403547671840353,24,0.05321507760532151,9,0.019955654101995565,199,0.44124168514412415,98,0.21729490022172948,7,0.015521064301552107,8,0.017738359201773836,0,0.0,1,0.0022172949002217295,0,0.0,0,0.0,0,0.0,0,0.0,0,0.0,0,0.0,0,0.0,0,0.0,0,0.0,0,0.0,0,0.0,0,0.0,0,0.0,0,0.0,9,0.019955654101995565,451,1.0,ORIGEN,SECCION,COMPLETO,CATALOGO_INE_2026
629,23,QUINTANA ROO,LAZARO CARDENAS,,1,284,1735,1130,0.6512968299711815,0.34870317002881845,MORENA,453,0.4008849557522124,148,0.13097345132743363,MAS,305,0.26991150442477874,139,0.12300884955752213,PVEM,166,0.14690265486725665,MORENA,453,0.4008849557522124,148,0.13097345132743363,MAS,305,0.26991150442477874,139,0.12300884955752213,PVEM,166,0.14690265486725665,38,0.033628318584070796,11,0.009734513274336283,4,0.0035398230088495575,166,0.14690265486725665,36,0.03185840707964602,38,0.033628318584070796,453,0.4008849557522124,305,0.26991150442477874,3,0.002654867256637168,29,0.02566371681415929,0,0.0,0,0.0,0,0.0,0,0.0,1,0.0008849557522123894,0,0.0,0,0.0,0,0.0,0,0.0,1,0.0008849557522123894,1,0.0008849557522123894,2,0.0017699115044247787,2,0.0017699115044247787,1,0.0008849557522123894,0,0.0,0,0.0,39,0.034513274336283185,1130,1.0,ORIGEN,SECCION,COMPLETO,CATALOGO_INE_2026
630,23,QUINTANA ROO,LAZARO CARDENAS,,1,285,1641,1078,0.6569165143205362,0.3430834856794638,MORENA,469,0.43506493506493504,196,0.18181818181818182,MAS,273,0.2532467532467532,163,0.15120593692022263,PVEM,110,0.10204081632653061,MORENA,469,0.43506493506493504,196,0.18181818181818182,MAS,273,0.2532467532467532,163,0.15120593692022263,PVEM,110,0.10204081632653061,46,0.04267161410018553,3,0.0027829313543599257,4,0.0037105751391465678,110,0.10204081632653061,28,0.025974025974025976,45,0.041743970315398886,469,0.43506493506493504,273,0.2532467532467532,3,0.0027829313543599257,46,0.04267161410018553,0,0.0,0,0.0,0,0.0,0,0.0,0,0.0,0,0.0,0,0.0,0,0.0,0,0.0,0,0.0,3,0.0027829313543599257,0,0.0,4,0.0037105751391465678,0,0.0,1,0.0009276437847866419,0,0.0,43,0.039888682745825604,1078,1.0,ORIGEN,SECCION,COMPLETO,CATALOGO_INE_2026
631,23,QUINTANA ROO,LAZARO CARDENAS,,1,286,2944,1918,0.6514945652173914,0.34850543478260865,MORENA,742,0.38686131386861317,186,0.09697601668404589,MAS,556,0.28988529718456724,262,0.13660062565172054,PVEM,294,0.15328467153284672,MORENA,742,0.38686131386861317,186,0.09697601668404589,MAS,556,0.28988529718456724,262,0.13660062565172054,PVEM,294,0.15328467153284672,57,0.029718456725755994,14,0.0072992700729927005,8,0.004171011470281543,294,0.15328467153284672,48,0.02502606882168926,60,0.03128258602711158,742,0.38686131386861317,556,0.28988529718456724,3,0.0015641293013555788,57,0.029718456725755994,0,0.0,1,0.0005213764337851929,0,0.0,0,0.0,1,0.0005213764337851929,1,0.0005213764337851929,1,0.0005213764337851929,0,0.0,0,0.0,2,0.0010427528675703858,5,0.0026068821689259644,1,0.0005213764337851929,3,0.0015641293013555788,0,0.0,3,0.0015641293013555788,0,0.0,61,0.03180396246089677,1918,1.0,ORIGEN,SECCION,COMPLETO,CATALOGO_INE_2026
632,23,QUINTANA ROO,LAZARO CARDENAS,,1,287,2084,950,0.45585412667946257,0.5441458733205374,MAS,447,0.4705263157894737,209,0.22,MORENA,238,0.2505263157894737,127,0.1336842105263158,PVEM,111,0.1168421052631579,MAS,447,0.4705263157894737,209,0.22,MORENA,238,0.2505263157894737,127,0.1336842105263158,PVEM,111,0.1168421052631579,53,0.05578947368421053,4,0.004210526315789474,1,0.0010526315789473684,111,0.1168421052631579,22,0.023157894736842106,17,0.017894736842105262,238,0.2505263157894737,447,0.4705263157894737,4,0.004210526315789474,18,0.018947368421052633,1,0.0010526315789473684,2,0.002105263157894737,0,0.0,0,0.0,2,0.002105263157894737,1,0.0010526315789473684,2,0.002105263157894737,0,0.0,1,0.0010526315789473684,0,0.0,4,0.004210526315789474,0,0.0,2,0.002105263157894737,1,0.0010526315789473684,0,0.0,0,0.0,19,0.02,950,1.0,ORIGEN,SECCION,COMPLETO,CATALOGO_INE_2026
633,23,QUINTANA ROO,LAZARO CARDENAS,,1,288,2444,1540,0.630114566284779,0.369885433715221,MAS,534,0.34675324675324676,102,0.06623376623376623,PVEM,432,0.2805194805194805,112,0.07272727272727272,MORENA,320,0.2077922077922078,MAS,534,0.34675324675324676,102,0.06623376623376623,PVEM,432,0.2805194805194805,112,0.07272727272727272,MORENA,320,0.2077922077922078,33,0.02142857142857143,11,0.007142857142857143,4,0.0025974025974025974,432,0.2805194805194805,87,0.05649350649350649,24,0.015584415584415584,320,0.2077922077922078,534,0.34675324675324676,4,0.0025974025974025974,8,0.005194805194805195,1,0.0006493506493506494,1,0.0006493506493506494,0,0.0,0,0.0,1,0.0006493506493506494,0,0.0,1,0.0006493506493506494,0,0.0,0,0.0,3,0.001948051948051948,5,0.003246753246753247,0,0.0,7,0.004545454545454545,0,0.0,0,0.0,0,0.0,64,0.04155844155844156,1540,1.0,ORIGEN,SECCION,COMPLETO,CATALOGO_INE_2026
634,23,QUINTANA ROO,LAZARO CARDENAS,,1,289,916,540,0.5895196506550219,0.4104803493449781,MORENA,171,0.31666666666666665,18,0.03333333333333333,PVEM,153,0.2833333333333333,38,0.07037037037037037,MAS,115,0.21296296296296297,MORENA,171,0.31666666666666665,18,0.03333333333333333,PVEM,153,0.2833333333333333,38,0.07037037037037037,MAS,115,0.21296296296296297,16,0.02962962962962963,9,0.016666666666666666,4,0.007407407407407408,153,0.2833333333333333,16,0.02962962962962963,17,0.03148148148148148,171,0.31666666666666665,115,0.21296296296296297,3,0.005555555555555556,8,0.014814814814814815,0,0.0,0,0.0,0,0.0,0,0.0,0,0.0,1,0.001851851851851852,1,0.001851851851851852,0,0.0,0,0.0,2,0.003703703703703704,0,0.0,0,0.0,0,0.0,0,0.0,0,0.0,0,0.0,24,0.044444444444444446,540,1.0,ORIGEN,SECCION,COMPLETO,CATALOGO_INE_2026
635,23,QUINTANA ROO,LAZARO CARDENAS,,1,290,2165,1277,0.589838337182448,0.41016166281755195,MORENA,432,0.33829287392325763,99,0.07752545027407988,MAS,333,0.26076742364917777,120,0.09397024275646046,PVEM,213,0.1667971808927173,MORENA,432,0.33829287392325763,99,0.07752545027407988,MAS,333,0.26076742364917777,120,0.09397024275646046,PVEM,213,0.1667971808927173,54,0.042286609240407204,16,0.012529365700861394,11,0.008613938919342208,213,0.1667971808927173,57,0.04463586530931871,33,0.025841816758026624,432,0.33829287392325763,333,0.26076742364917777,9,0.007047768206734534,54,0.042286609240407204,0,0.0,0,0.0,0,0.0,0,0.0,2,0.0015661707126076742,5,0.003915426781519186,3,0.0023492560689115116,1,0.0007830853563038371,0,0.0,1,0.0007830853563038371,5,0.003915426781519186,2,0.0015661707126076742,0,0.0,0,0.0,0,0.0,0,0.0,46,0.036021926389976505,1277,1.0,ORIGEN,SECCION,COMPLETO,CATALOGO_INE_2026
636,23,QUINTANA ROO,LAZARO CARDENAS,,1,291,1041,695,0.6676272814601345,0.3323727185398655,MORENA,277,0.3985611510791367,134,0.19280575539568345,MAS,143,0.20575539568345325,11,0.015827338129496403,PVEM,132,0.18992805755395684,MORENA,277,0.3985611510791367,134,0.19280575539568345,MAS,143,0.20575539568345325,11,0.015827338129496403,PVEM,132,0.18992805755395684,18,0.025899280575539568,8,0.011510791366906475,3,0.004316546762589928,132,0.18992805755395684,31,0.04460431654676259,25,0.03597122302158273,277,0.3985611510791367,143,0.20575539568345325,2,0.0028776978417266188,27,0.03884892086330935,0,0.0,1,0.0014388489208633094,0,0.0,0,0.0,0,0.0,0,0.0,0,0.0,0,0.0,0,0.0,0,0.0,1,0.0014388489208633094,0,0.0,1,0.0014388489208633094,0,0.0,1,0.0014388489208633094,0,0.0,25,0.03597122302158273,695,1.0,ORIGEN,SECCION,COMPLETO,CATALOGO_INE_2026
637,23,QUINTANA ROO,LAZARO CARDENAS,,1,292,1496,1020,0.6818181818181818,0.31818181818181823,MORENA,312,0.3058823529411765,21,0.020588235294117647,MAS,291,0.2852941176470588,93,0.09117647058823529,PVEM,198,0.19411764705882353,MORENA,312,0.3058823529411765,21,0.020588235294117647,MAS,291,0.2852941176470588,93,0.09117647058823529,PVEM,198,0.19411764705882353,51,0.05,12,0.011764705882352941,6,0.0058823529411764705,198,0.19411764705882353,25,0.024509803921568627,15,0.014705882352941176,312,0.3058823529411765,291,0.2852941176470588,9,0.008823529411764706,40,0.0392156862745098,0,0.0,0,0.0,0,0.0,0,0.0,2,0.00196078431372549,2,0.00196078431372549,0,0.0,0,0.0,0,0.0,0,0.0,3,0.0029411764705882353,1,0.000980392156862745,1,0.000980392156862745,0,0.0,5,0.004901960784313725,0,0.0,47,0.04607843137254902,1020,1.0,ORIGEN,SECCION,COMPLETO,CATALOGO_INE_2026
638,23,QUINTANA ROO,LAZARO CARDENAS,,1,293,1810,984,0.543646408839779,0.456353591160221,MORENA,388,0.3943089430894309,155,0.15752032520325204,MAS,233,0.23678861788617886,29,0.029471544715447155,PVEM,204,0.2073170731707317,MORENA,388,0.3943089430894309,155,0.15752032520325204,MAS,233,0.23678861788617886,29,0.029471544715447155,PVEM,204,0.2073170731707317,35,0.03556910569105691,9,0.009146341463414634,5,0.00508130081300813,204,0.2073170731707317,23,0.023373983739837397,26,0.026422764227642278,388,0.3943089430894309,233,0.23678861788617886,6,0.006097560975609756,17,0.017276422764227643,2,0.0020325203252032522,4,0.0040650406504065045,0,0.0,0,0.0,1,0.0010162601626016261,0,0.0,1,0.0010162601626016261,0,0.0,0,0.0,1,0.0010162601626016261,2,0.0020325203252032522,0,0.0,3,0.003048780487804878,1,0.0010162601626016261,0,0.0,0,0.0,23,0.023373983739837397,984,1.0,ORIGEN,SECCION,COMPLETO,CATALOGO_INE_2026
639,23,QUINTANA ROO,LAZARO CARDENAS,,1,294,1031,599,0.5809893307468477,0.41901066925315233,MORENA,269,0.44908180300500833,168,0.28046744574290483,MAS,101,0.1686143572621035,19,0.03171953255425709,PVEM,82,0.13689482470784642,MORENA,269,0.44908180300500833,168,0.28046744574290483,MAS,101,0.1686143572621035,19,0.03171953255425709,PVEM,82,0.13689482470784642,20,0.0333889816360601,5,0.008347245409015025,3,0.005008347245409015,82,0.13689482470784642,35,0.05843071786310518,20,0.0333889816360601,269,0.44908180300500833,101,0.1686143572621035,1,0.001669449081803005,29,0.048414023372287146,0,0.0,0,0.0,0,0.0,0,0.0,0,0.0,2,0.00333889816360601,0,0.0,0,0.0,0,0.0,1,0.001669449081803005,2,0.00333889816360601,0,0.0,0,0.0,1,0.001669449081803005,1,0.001669449081803005,0,0.0,27,0.045075125208681135,599,1.0,ORIGEN,SECCION,COMPLETO,CATALOGO_INE_2026
640,23,QUINTANA ROO,LAZARO CARDENAS,,1,295,1129,751,0.6651904340124003,0.3348095659875997,MORENA,175,0.23302263648468707,18,0.023968042609853527,PVEM,157,0.20905459387483355,39,0.05193075898801598,FXMQROO,118,0.15712383488681758,MORENA,175,0.23302263648468707,18,0.023968042609853527,PVEM,157,0.20905459387483355,39,0.05193075898801598,FXMQROO,118,0.15712383488681758,40,0.05326231691078562,20,0.02663115845539281,10,0.013315579227696404,157,0.20905459387483355,54,0.07190412782956059,21,0.02796271637816245,175,0.23302263648468707,107,0.14247669773635152,7,0.009320905459387484,118,0.15712383488681758,1,0.0013315579227696406,2,0.002663115845539281,0,0.0,0,0.0,1,0.0013315579227696406,0,0.0,0,0.0,0,0.0,1,0.0013315579227696406,0,0.0,4,0.005326231691078562,2,0.002663115845539281,1,0.0013315579227696406,0,0.0,1,0.0013315579227696406,1,0.0013315579227696406,28,0.037283621837549935,751,1.0,ORIGEN,SECCION,COMPLETO,CATALOGO_INE_2026
641,23,QUINTANA ROO,LAZARO CARDENAS,,1,296,1266,856,0.6761453396524486,0.3238546603475514,MAS,268,0.3130841121495327,28,0.03271028037383177,MORENA,240,0.2803738317757009,55,0.06425233644859812,PVEM,185,0.2161214953271028,MAS,268,0.3130841121495327,28,0.03271028037383177,MORENA,240,0.2803738317757009,55,0.06425233644859812,PVEM,185,0.2161214953271028,31,0.036214953271028034,10,0.011682242990654205,6,0.007009345794392523,185,0.2161214953271028,16,0.018691588785046728,28,0.03271028037383177,240,0.2803738317757009,268,0.3130841121495327,5,0.005841121495327103,21,0.02453271028037383,2,0.002336448598130841,1,0.0011682242990654205,1,0.0011682242990654205,0,0.0,1,0.0011682242990654205,1,0.0011682242990654205,0,0.0,0,0.0,0,0.0,1,0.0011682242990654205,3,0.0035046728971962616,1,0.0011682242990654205,3,0.0035046728971962616,2,0.002336448598130841,2,0.002336448598130841,0,0.0,28,0.03271028037383177,856,1.0,ORIGEN,SECCION,COMPLETO,CATALOGO_INE_2026
642,23,QUINTANA ROO,LAZARO CARDENAS,,1,297,603,439,0.7280265339966833,0.27197346600331673,MORENA,220,0.5011389521640092,129,0.2938496583143508,MAS,91,0.2072892938496583,45,0.10250569476082004,PVEM,46,0.10478359908883828,MORENA,220,0.5011389521640092,129,0.2938496583143508,MAS,91,0.2072892938496583,45,0.10250569476082004,PVEM,46,0.10478359908883828,10,0.022779043280182234,2,0.004555808656036446,5,0.011389521640091117,46,0.10478359908883828,19,0.04328018223234624,17,0.0387243735763098,220,0.5011389521640092,91,0.2072892938496583,4,0.009111617312072893,5,0.011389521640091117,0,0.0,0,0.0,0,0.0,0,0.0,0,0.0,0,0.0,0,0.0,0,0.0,0,0.0,0,0.0,1,0.002277904328018223,0,0.0,2,0.004555808656036446,1,0.002277904328018223,0,0.0,0,0.0,16,0.03644646924829157,439,1.0,ORIGEN,SECCION,COMPLETO,CATALOGO_INE_2026
643,23,QUINTANA ROO,OTHON P. BLANCO,,13,414,1057,509,0.4815515610217597,0.5184484389782402,MORENA,172,0.3379174852652259,96,0.18860510805500982,PVEM,76,0.14931237721021612,25,0.04911591355599214,PAN,51,0.10019646365422397,MORENA,172,0.3379174852652259,96,0.18860510805500982,PVEM,76,0.14931237721021612,25,0.04911591355599214,PAN,51,0.10019646365422397,51,0.10019646365422397,4,0.007858546168958742,16,0.03143418467583497,76,0.14931237721021612,43,0.08447937131630648,35,0.068762278978389,172,0.3379174852652259,20,0.03929273084479371,1,0.0019646365422396855,26,0.05108055009823183,3,0.005893909626719057,2,0.003929273084479371,0,0.0,0,0.0,3,0.005893909626719057,1,0.0019646365422396855,1,0.0019646365422396855,0,0.0,0,0.0,0,0.0,27,0.05304518664047151,0,0.0,3,0.005893909626719057,0,0.0,1,0.0019646365422396855,0,0.0,24,0.047151277013752456,509,1.0,ORIGEN,SECCION,COMPLETO,CATALOGO_INE_2026
644,23,QUINTANA ROO,OTHON P. BLANCO,,13,415,1852,984,0.531317494600432,0.468682505399568,MORENA,302,0.30691056910569103,41,0.041666666666666664,PVEM,261,0.2652439024390244,170,0.17276422764227642,MAS,91,0.09247967479674797,MORENA,302,0.30691056910569103,41,0.041666666666666664,PVEM,261,0.2652439024390244,170,0.17276422764227642,MAS,91,0.09247967479674797,77,0.0782520325203252,22,0.022357723577235773,23,0.023373983739837397,261,0.2652439024390244,32,0.032520325203252036,39,0.039634146341463415,302,0.30691056910569103,91,0.09247967479674797,11,0.011178861788617886,18,0.018292682926829267,1,0.0010162601626016261,2,0.0020325203252032522,0,0.0,1,0.0010162601626016261,1,0.0010162601626016261,1,0.0010162601626016261,0,0.0,0,0.0,2,0.0020325203252032522,24,0.024390243902439025,40,0.04065040650406504,5,0.00508130081300813,7,0.007113821138211382,1,0.0010162601626016261,0,0.0,0,0.0,23,0.023373983739837397,984,1.0,ORIGEN,SECCION,COMPLETO,CATALOGO_INE_2026
645,23,QUINTANA ROO,OTHON P. BLANCO,,13,416,931,585,0.6283566058002148,0.3716433941997852,PVEM,186,0.31794871794871793,58,0.09914529914529914,MORENA,128,0.2188034188034188,48,0.08205128205128205,MAS,80,0.13675213675213677,PVEM,186,0.31794871794871793,58,0.09914529914529914,MORENA,128,0.2188034188034188,48,0.08205128205128205,MAS,80,0.13675213675213677,57,0.09743589743589744,17,0.02905982905982906,15,0.02564102564102564,186,0.31794871794871793,15,0.02564102564102564,8,0.013675213675213675,128,0.2188034188034188,80,0.13675213675213677,6,0.010256410256410256,8,0.013675213675213675,7,0.011965811965811967,1,0.0017094017094017094,0,0.0,0,0.0,24,0.041025641025641026,0,0.0,0,0.0,0,0.0,0,0.0,1,0.0017094017094017094,13,0.022222222222222223,0,0.0,0,0.0,0,0.0,0,0.0,0,0.0,19,0.03247863247863248,585,1.0,ORIGEN,SECCION,COMPLETO,CATALOGO_INE_2026
646,23,QUINTANA ROO,OTHON P. BLANCO,,13,417,1270,609,0.4795275590551181,0.5204724409448819,MORENA,187,0.3070607553366174,62,0.10180623973727422,PAN,125,0.20525451559934318,56,0.09195402298850575,PVEM,69,0.11330049261083744,MORENA,187,0.3070607553366174,62,0.10180623973727422,PAN,125,0.20525451559934318,56,0.09195402298850575,PVEM,69,0.11330049261083744,125,0.20525451559934318,21,0.034482758620689655,50,0.08210180623973727,69,0.11330049261083744,12,0.019704433497536946,25,0.041050903119868636,187,0.3070607553366174,40,0.06568144499178982,14,0.022988505747126436,11,0.0180623973727422,0,0.0,9,0.014778325123152709,1,0.0016420361247947454,0,0.0,2,0.003284072249589491,1,0.0016420361247947454,0,0.0,1,0.0016420361247947454,0,0.0,0,0.0,9,0.014778325123152709,0,0.0,5,0.008210180623973728,0,0.0,1,0.0016420361247947454,0,0.0,26,0.042692939244663386,609,1.0,ORIGEN,SECCION,COMPLETO,CATALOGO_INE_2026
647,23,QUINTANA ROO,OTHON P. BLANCO,,13,418,1487,699,0.47007397444519167,0.5299260255548084,MORENA,191,0.2732474964234621,29,0.04148783977110158,PVEM,162,0.2317596566523605,77,0.11015736766809728,MC,85,0.12160228898426323,MORENA,191,0.2732474964234621,29,0.04148783977110158,PVEM,162,0.2317596566523605,77,0.11015736766809728,MC,85,0.12160228898426323,73,0.1044349070100143,11,0.015736766809728183,42,0.060085836909871244,162,0.2317596566523605,20,0.02861230329041488,85,0.12160228898426323,191,0.2732474964234621,35,0.05007153075822604,7,0.010014306151645207,5,0.00715307582260372,2,0.002861230329041488,6,0.008583690987124463,1,0.001430615164520744,1,0.001430615164520744,1,0.001430615164520744,3,0.004291845493562232,0,0.0,0,0.0,0,0.0,5,0.00715307582260372,24,0.034334763948497854,0,0.0,3,0.004291845493562232,0,0.0,1,0.001430615164520744,0,0.0,21,0.030042918454935622,699,1.0,ORIGEN,SECCION,COMPLETO,CATALOGO_INE_2026
648,23,QUINTANA ROO,OTHON P. BLANCO,,13,419,1897,909,0.47917764891934633,0.5208223510806537,MORENA,257,0.28272827282728275,28,0.030803080308030802,PVEM,229,0.25192519251925194,109,0.11991199119911991,MC,120,0.132013201320132,MORENA,257,0.28272827282728275,28,0.030803080308030802,PVEM,229,0.25192519251925194,109,0.11991199119911991,MC,120,0.132013201320132,80,0.08800880088008801,23,0.025302530253025302,50,0.05500550055005501,229,0.25192519251925194,38,0.041804180418041806,120,0.132013201320132,257,0.28272827282728275,54,0.0594059405940594,11,0.0121012101210121,5,0.005500550055005501,3,0.0033003300330033004,5,0.005500550055005501,0,0.0,0,0.0,0,0.0,0,0.0,0,0.0,0,0.0,0,0.0,0,0.0,12,0.013201320132013201,0,0.0,1,0.0011001100110011,0,0.0,0,0.0,0,0.0,21,0.0231023102310231,909,1.0,ORIGEN,SECCION,COMPLETO,CATALOGO_INE_2026
649,23,QUINTANA ROO,OTHON P. BLANCO,,13,420,2031,1044,0.5140324963072378,0.4859675036927622,MORENA,347,0.33237547892720304,169,0.16187739463601533,PVEM,178,0.17049808429118773,50,0.04789272030651341,PAN,128,0.12260536398467432,MORENA,347,0.33237547892720304,169,0.16187739463601533,PVEM,178,0.17049808429118773,50,0.04789272030651341,PAN,128,0.12260536398467432,128,0.12260536398467432,26,0.02490421455938697,67,0.06417624521072797,178,0.17049808429118773,37,0.035440613026819924,56,0.05363984674329502,347,0.33237547892720304,42,0.040229885057471264,4,0.0038314176245210726,12,0.011494252873563218,3,0.0028735632183908046,6,0.005747126436781609,1,0.0009578544061302681,1,0.0009578544061302681,1,0.0009578544061302681,0,0.0,0,0.0,0,0.0,0,0.0,1,0.0009578544061302681,81,0.07758620689655173,0,0.0,3,0.0028735632183908046,0,0.0,0,0.0,0,0.0,50,0.04789272030651341,1044,1.0,ORIGEN,SECCION,COMPLETO,CATALOGO_INE_2026
650,23,QUINTANA ROO,OTHON P. BLANCO,,13,430,719,411,0.5716272600834492,0.4283727399165508,MORENA,164,0.39902676399026765,109,0.26520681265206814,PAN,55,0.13381995133819952,8,0.019464720194647202,PRD,47,0.11435523114355231,MORENA,164,0.39902676399026765,109,0.26520681265206814,PAN,55,0.13381995133819952,8,0.019464720194647202,PRD,47,0.11435523114355231,55,0.13381995133819952,2,0.004866180048661801,47,0.11435523114355231,33,0.08029197080291971,7,0.0170316301703163,33,0.08029197080291971,164,0.39902676399026765,15,0.0364963503649635,7,0.0170316301703163,3,0.0072992700729927005,5,0.012165450121654502,6,0.014598540145985401,0,0.0,0,0.0,1,0.0024330900243309003,1,0.0024330900243309003,0,0.0,0,0.0,1,0.0024330900243309003,0,0.0,18,0.043795620437956206,0,0.0,1,0.0024330900243309003,0,0.0,1,0.0024330900243309003,0,0.0,11,0.0267639902676399,411,1.0,ORIGEN,SECCION,COMPLETO,CATALOGO_INE_2026
651,23,QUINTANA ROO,OTHON P. BLANCO,,13,431,1120,575,0.5133928571428571,0.4866071428571429,MORENA,261,0.4539130434782609,195,0.3391304347826087,PRD,66,0.11478260869565217,18,0.03130434782608696,PAN,48,0.08347826086956522,MORENA,261,0.4539130434782609,195,0.3391304347826087,PRD,66,0.11478260869565217,18,0.03130434782608696,PAN,48,0.08347826086956522,48,0.08347826086956522,8,0.01391304347826087,66,0.11478260869565217,34,0.059130434782608696,16,0.02782608695652174,45,0.0782608695652174,261,0.4539130434782609,29,0.050434782608695654,10,0.017391304347826087,3,0.0052173913043478265,5,0.008695652173913044,8,0.01391304347826087,0,0.0,0,0.0,0,0.0,3,0.0052173913043478265,0,0.0,0,0.0,0,0.0,0,0.0,13,0.022608695652173914,0,0.0,5,0.008695652173913044,0,0.0,0,0.0,0,0.0,21,0.036521739130434785,575,1.0,ORIGEN,SECCION,COMPLETO,CATALOGO_INE_2026
652,23,QUINTANA ROO,OTHON P. BLANCO,,13,432,712,399,0.5603932584269663,0.4396067415730337,MORENA,154,0.38596491228070173,96,0.24060150375939848,PRD,58,0.14536340852130325,14,0.03508771929824561,MC,44,0.11027568922305764,MORENA,154,0.38596491228070173,96,0.24060150375939848,PRD,58,0.14536340852130325,14,0.03508771929824561,MC,44,0.11027568922305764,26,0.06516290726817042,19,0.047619047619047616,58,0.14536340852130325,24,0.06015037593984962,9,0.022556390977443608,44,0.11027568922305764,154,0.38596491228070173,29,0.07268170426065163,2,0.005012531328320802,4,0.010025062656641603,2,0.005012531328320802,2,0.005012531328320802,0,0.0,1,0.002506265664160401,1,0.002506265664160401,1,0.002506265664160401,0,0.0,0,0.0,0,0.0,1,0.002506265664160401,8,0.020050125313283207,0,0.0,2,0.005012531328320802,0,0.0,0,0.0,0,0.0,12,0.03007518796992481,399,1.0,ORIGEN,SECCION,COMPLETO,CATALOGO_INE_2026
653,23,QUINTANA ROO,OTHON P. BLANCO,,13,433,1575,844,0.5358730158730158,0.46412698412698417,MORENA,253,0.29976303317535546,88,0.10426540284360189,PRD,165,0.19549763033175355,68,0.08056872037914692,MC,97,0.11492890995260663,MORENA,253,0.29976303317535546,88,0.10426540284360189,PRD,165,0.19549763033175355,68,0.08056872037914692,MC,97,0.11492890995260663,94,0.11137440758293839,18,0.02132701421800948,165,0.19549763033175355,64,0.07582938388625593,45,0.0533175355450237,97,0.11492890995260663,253,0.29976303317535546,38,0.045023696682464455,8,0.009478672985781991,8,0.009478672985781991,3,0.0035545023696682463,4,0.004739336492890996,0,0.0,0,0.0,0,0.0,1,0.001184834123222749,1,0.001184834123222749,0,0.0,0,0.0,0,0.0,10,0.011848341232227487,0,0.0,4,0.004739336492890996,0,0.0,0,0.0,0,0.0,31,0.03672985781990521,844,1.0,ORIGEN,SECCION,COMPLETO,CATALOGO_INE_2026
654,23,QUINTANA ROO,OTHON P. BLANCO,,13,434,132,56,0.42424242424242425,0.5757575757575757,MORENA,17,0.30357142857142855,9,0.16071428571428573,MC,8,0.14285714285714285,0,0.0,MAS,8,0.14285714285714285,MORENA,17,0.30357142857142855,9,0.16071428571428573,MC,8,0.14285714285714285,0,0.0,MAS,8,0.14285714285714285,5,0.08928571428571429,0,0.0,5,0.08928571428571429,4,0.07142857142857142,1,0.017857142857142856,8,0.14285714285714285,17,0.30357142857142855,8,0.14285714285714285,3,0.05357142857142857,0,0.0,0,0.0,0,0.0,0,0.0,0,0.0,0,0.0,0,0.0,0,0.0,0,0.0,0,0.0,0,0.0,0,0.0,0,0.0,1,0.017857142857142856,0,0.0,0,0.0,0,0.0,4,0.07142857142857142,56,1.0,ORIGEN,SECCION,COMPLETO,CATALOGO_INE_2026
655,23,QUINTANA ROO,OTHON P. BLANCO,,13,435,629,305,0.4848966613672496,0.5151033386327504,MORENA,125,0.4098360655737705,65,0.21311475409836064,MC,60,0.19672131147540983,35,0.11475409836065574,PVEM,25,0.08196721311475409,MORENA,125,0.4098360655737705,65,0.21311475409836064,MC,60,0.19672131147540983,35,0.11475409836065574,PVEM,25,0.08196721311475409,16,0.05245901639344262,1,0.003278688524590164,20,0.06557377049180328,25,0.08196721311475409,3,0.009836065573770493,60,0.19672131147540983,125,0.4098360655737705,20,0.06557377049180328,1,0.003278688524590164,4,0.013114754098360656,2,0.006557377049180328,0,0.0,0,0.0,0,0.0,0,0.0,1,0.003278688524590164,0,0.0,0,0.0,0,0.0,0,0.0,8,0.02622950819672131,0,0.0,1,0.003278688524590164,0,0.0,0,0.0,0,0.0,18,0.05901639344262295,305,1.0,ORIGEN,SECCION,COMPLETO,CATALOGO_INE_2026
656,23,QUINTANA ROO,OTHON P. BLANCO,,13,436,969,434,0.44788441692466463,0.5521155830753354,MORENA,168,0.3870967741935484,110,0.2534562211981567,PRD,58,0.1336405529953917,17,0.03917050691244239,MC,41,0.0944700460829493,MORENA,168,0.3870967741935484,110,0.2534562211981567,PRD,58,0.1336405529953917,17,0.03917050691244239,MC,41,0.0944700460829493,27,0.06221198156682028,3,0.0069124423963133645,58,0.1336405529953917,22,0.05069124423963134,17,0.03917050691244239,41,0.0944700460829493,168,0.3870967741935484,27,0.06221198156682028,3,0.0069124423963133645,3,0.0069124423963133645,2,0.004608294930875576,5,0.01152073732718894,0,0.0,0,0.0,0,0.0,1,0.002304147465437788,0,0.0,0,0.0,0,0.0,1,0.002304147465437788,20,0.04608294930875576,0,0.0,9,0.020737327188940093,0,0.0,1,0.002304147465437788,0,0.0,26,0.059907834101382486,434,1.0,ORIGEN,SECCION,COMPLETO,CATALOGO_INE_2026
657,23,QUINTANA ROO,OTHON P. BLANCO,,13,437,1361,644,0.47318148420279205,0.526818515797208,MORENA,251,0.38975155279503104,154,0.2391304347826087,MC,97,0.15062111801242237,38,0.059006211180124224,PRD,59,0.09161490683229814,MORENA,251,0.38975155279503104,154,0.2391304347826087,MC,97,0.15062111801242237,38,0.059006211180124224,PRD,59,0.09161490683229814,54,0.08385093167701864,9,0.013975155279503106,59,0.09161490683229814,23,0.03571428571428571,11,0.017080745341614908,97,0.15062111801242237,251,0.38975155279503104,35,0.05434782608695652,9,0.013975155279503106,3,0.004658385093167702,6,0.009316770186335404,8,0.012422360248447204,0,0.0,0,0.0,0,0.0,3,0.004658385093167702,0,0.0,0,0.0,0,0.0,1,0.0015527950310559005,48,0.07453416149068323,0,0.0,6,0.009316770186335404,0,0.0,2,0.003105590062111801,0,0.0,19,0.029503105590062112,644,1.0,ORIGEN,SECCION,COMPLETO,CATALOGO_INE_2026
658,23,QUINTANA ROO,OTHON P. BLANCO,,13,438,1392,711,0.5107758620689655,0.4892241379310345,MORENA,267,0.3755274261603376,135,0.189873417721519,PRD,132,0.18565400843881857,48,0.06751054852320675,MC,84,0.11814345991561181,MORENA,267,0.3755274261603376,135,0.189873417721519,PRD,132,0.18565400843881857,48,0.06751054852320675,MC,84,0.11814345991561181,57,0.08016877637130802,3,0.004219409282700422,132,0.18565400843881857,47,0.06610407876230662,2,0.0028129395218002813,84,0.11814345991561181,267,0.3755274261603376,24,0.03375527426160337,8,0.011251758087201125,4,0.005625879043600563,3,0.004219409282700422,4,0.005625879043600563,0,0.0,0,0.0,28,0.03938115330520394,1,0.0014064697609001407,0,0.0,0,0.0,1,0.0014064697609001407,1,0.0014064697609001407,15,0.02109704641350211,0,0.0,0,0.0,1,0.0014064697609001407,0,0.0,0,0.0,29,0.040787623066104076,711,1.0,ORIGEN,SECCION,COMPLETO,CATALOGO_INE_2026
659,23,QUINTANA ROO,OTHON P. BLANCO,,13,439,1619,790,0.48795552810376774,0.5120444718962323,MORENA,318,0.40253164556962023,195,0.2468354430379747,PRD,123,0.15569620253164557,62,0.07848101265822785,PAN,61,0.07721518987341772,MORENA,318,0.40253164556962023,195,0.2468354430379747,PRD,123,0.15569620253164557,62,0.07848101265822785,PAN,61,0.07721518987341772,61,0.07721518987341772,8,0.010126582278481013,123,0.15569620253164557,37,0.04683544303797468,36,0.04556962025316456,37,0.04683544303797468,318,0.40253164556962023,36,0.04556962025316456,7,0.008860759493670886,11,0.013924050632911392,3,0.0037974683544303796,6,0.007594936708860759,0,0.0,0,0.0,1,0.0012658227848101266,14,0.017721518987341773,0,0.0,0,0.0,0,0.0,2,0.002531645569620253,13,0.016455696202531647,0,0.0,0,0.0,0,0.0,0,0.0,1,0.0012658227848101266,76,0.09620253164556962,790,1.0,ORIGEN,SECCION,COMPLETO,CATALOGO_INE_2026
660,23,QUINTANA ROO,OTHON P. BLANCO,,13,440,753,428,0.5683930942895087,0.4316069057104913,MORENA,133,0.3107476635514019,55,0.12850467289719625,PRD,78,0.1822429906542056,16,0.037383177570093455,PVEM,62,0.14485981308411214,MORENA,133,0.3107476635514019,55,0.12850467289719625,PRD,78,0.1822429906542056,16,0.037383177570093455,PVEM,62,0.14485981308411214,45,0.10514018691588785,13,0.030373831775700934,78,0.1822429906542056,62,0.14485981308411214,9,0.02102803738317757,12,0.028037383177570093,133,0.3107476635514019,34,0.0794392523364486,2,0.004672897196261682,5,0.011682242990654205,2,0.004672897196261682,4,0.009345794392523364,0,0.0,0,0.0,0,0.0,2,0.004672897196261682,0,0.0,0,0.0,0,0.0,0,0.0,10,0.02336448598130841,0,0.0,0,0.0,0,0.0,0,0.0,0,0.0,17,0.0397196261682243,428,1.0,ORIGEN,SECCION,COMPLETO,CATALOGO_INE_2026
661,23,QUINTANA ROO,OTHON P. BLANCO,,13,441,1343,783,0.5830230826507818,0.41697691734921816,MORENA,334,0.42656449553001274,243,0.3103448275862069,PVEM,91,0.11621966794380588,4,0.005108556832694764,PVEM_MORENA,87,0.1111111111111111,MORENA,334,0.42656449553001274,243,0.3103448275862069,PVEM,91,0.11621966794380588,4,0.005108556832694764,PVEM_MORENA,87,0.1111111111111111,40,0.05108556832694764,11,0.0140485312899106,49,0.06257982120051085,91,0.11621966794380588,33,0.0421455938697318,73,0.09323116219667944,334,0.42656449553001274,21,0.02681992337164751,6,0.007662835249042145,7,0.008939974457215836,4,0.005108556832694764,1,0.001277139208173691,1,0.001277139208173691,0,0.0,0,0.0,0,0.0,0,0.0,0,0.0,0,0.0,0,0.0,87,0.1111111111111111,1,0.001277139208173691,1,0.001277139208173691,1,0.001277139208173691,0,0.0,0,0.0,22,0.0280970625798212,783,1.0,ORIGEN,SECCION,COMPLETO,CATALOGO_INE_2026
662,23,QUINTANA ROO,OTHON P. BLANCO,,13,442,266,152,0.5714285714285714,0.4285714285714286,MORENA,44,0.2894736842105263,4,0.02631578947368421,PAN,40,0.2631578947368421,22,0.14473684210526316,PRD,18,0.11842105263157894,MORENA,44,0.2894736842105263,4,0.02631578947368421,PAN,40,0.2631578947368421,22,0.14473684210526316,PRD,18,0.11842105263157894,40,0.2631578947368421,2,0.013157894736842105,18,0.11842105263157894,18,0.11842105263157894,1,0.006578947368421052,11,0.07236842105263158,44,0.2894736842105263,9,0.05921052631578947,1,0.006578947368421052,1,0.006578947368421052,0,0.0,1,0.006578947368421052,0,0.0,0,0.0,0,0.0,1,0.006578947368421052,0,0.0,0,0.0,0,0.0,0,0.0,1,0.006578947368421052,0,0.0,1,0.006578947368421052,0,0.0,0,0.0,0,0.0,3,0.019736842105263157,152,1.0,ORIGEN,SECCION,COMPLETO,CATALOGO_INE_2026
663,23,QUINTANA ROO,OTHON P. BLANCO,,13,443,649,347,0.5346687211093991,0.4653312788906009,MORENA,118,0.3400576368876081,24,0.069164265129683,PVEM,94,0.27089337175792505,68,0.19596541786743515,PAN,26,0.07492795389048991,MORENA,118,0.3400576368876081,24,0.069164265129683,PVEM,94,0.27089337175792505,68,0.19596541786743515,PAN,26,0.07492795389048991,26,0.07492795389048991,7,0.020172910662824207,17,0.04899135446685879,94,0.27089337175792505,22,0.06340057636887608,17,0.04899135446685879,118,0.3400576368876081,9,0.025936599423631124,1,0.002881844380403458,1,0.002881844380403458,1,0.002881844380403458,4,0.011527377521613832,1,0.002881844380403458,0,0.0,0,0.0,2,0.005763688760806916,0,0.0,0,0.0,0,0.0,2,0.005763688760806916,16,0.04610951008645533,1,0.002881844380403458,1,0.002881844380403458,0,0.0,2,0.005763688760806916,0,0.0,5,0.01440922190201729,347,1.0,ORIGEN,SECCION,COMPLETO,CATALOGO_INE_2026
664,23,QUINTANA ROO,OTHON P. BLANCO,,13,444,567,246,0.43386243386243384,0.5661375661375662,MORENA,104,0.42276422764227645,79,0.32113821138211385,PVEM,25,0.1016260162601626,1,0.0040650406504065045,PAN,24,0.0975609756097561,MORENA,104,0.42276422764227645,79,0.32113821138211385,PVEM,25,0.1016260162601626,1,0.0040650406504065045,PAN,24,0.0975609756097561,24,0.0975609756097561,11,0.044715447154471545,14,0.056910569105691054,25,0.1016260162601626,4,0.016260162601626018,24,0.0975609756097561,104,0.42276422764227645,12,0.04878048780487805,2,0.008130081300813009,1,0.0040650406504065045,0,0.0,0,0.0,0,0.0,0,0.0,0,0.0,0,0.0,0,0.0,0,0.0,0,0.0,0,0.0,12,0.04878048780487805,0,0.0,2,0.008130081300813009,0,0.0,0,0.0,0,0.0,11,0.044715447154471545,246,1.0,ORIGEN,SECCION,COMPLETO,CATALOGO_INE_2026
665,23,QUINTANA ROO,OTHON P. BLANCO,,13,445,226,157,0.6946902654867256,0.30530973451327437,MORENA,68,0.43312101910828027,32,0.20382165605095542,PVEM_MORENA,36,0.22929936305732485,23,0.1464968152866242,PT,13,0.08280254777070063,MORENA,68,0.43312101910828027,32,0.20382165605095542,PVEM_MORENA,36,0.22929936305732485,23,0.1464968152866242,PT,13,0.08280254777070063,7,0.044585987261146494,1,0.006369426751592357,1,0.006369426751592357,10,0.06369426751592357,13,0.08280254777070063,1,0.006369426751592357,68,0.43312101910828027,3,0.01910828025477707,3,0.01910828025477707,2,0.012738853503184714,0,0.0,0,0.0,0,0.0,0,0.0,1,0.006369426751592357,0,0.0,0,0.0,0,0.0,0,0.0,2,0.012738853503184714,36,0.22929936305732485,0,0.0,3,0.01910828025477707,0,0.0,0,0.0,0,0.0,6,0.03821656050955414,157,1.0,ORIGEN,SECCION,COMPLETO,CATALOGO_INE_2026
666,23,QUINTANA ROO,OTHON P. BLANCO,,13,446,891,470,0.5274971941638609,0.47250280583613913,MORENA,215,0.4574468085106383,133,0.28297872340425534,PRD,82,0.17446808510638298,32,0.06808510638297872,PVEM,50,0.10638297872340426,MORENA,215,0.4574468085106383,133,0.28297872340425534,PRD,82,0.17446808510638298,32,0.06808510638297872,PVEM,50,0.10638297872340426,34,0.07234042553191489,18,0.03829787234042553,82,0.17446808510638298,50,0.10638297872340426,5,0.010638297872340425,12,0.02553191489361702,215,0.4574468085106383,13,0.027659574468085105,6,0.01276595744680851,6,0.01276595744680851,4,0.00851063829787234,0,0.0,0,0.0,0,0.0,0,0.0,4,0.00851063829787234,0,0.0,0,0.0,0,0.0,0,0.0,5,0.010638297872340425,0,0.0,1,0.002127659574468085,0,0.0,0,0.0,0,0.0,15,0.031914893617021274,470,1.0,ORIGEN,SECCION,COMPLETO,CATALOGO_INE_2026
667,23,QUINTANA ROO,OTHON P. BLANCO,,13,447,372,166,0.44623655913978494,0.553763440860215,MORENA,89,0.536144578313253,66,0.39759036144578314,PVEM,23,0.13855421686746988,11,0.06626506024096386,MAS,12,0.07228915662650602,MORENA,89,0.536144578313253,66,0.39759036144578314,PVEM,23,0.13855421686746988,11,0.06626506024096386,MAS,12,0.07228915662650602,4,0.024096385542168676,10,0.060240963855421686,0,0.0,23,0.13855421686746988,5,0.030120481927710843,9,0.05421686746987952,89,0.536144578313253,12,0.07228915662650602,0,0.0,2,0.012048192771084338,0,0.0,1,0.006024096385542169,0,0.0,0,0.0,0,0.0,0,0.0,0,0.0,0,0.0,0,0.0,0,0.0,7,0.04216867469879518,0,0.0,1,0.006024096385542169,0,0.0,0,0.0,0,0.0,3,0.018072289156626505,166,1.0,ORIGEN,SECCION,COMPLETO,CATALOGO_INE_2026
668,23,QUINTANA ROO,OTHON P. BLANCO,,13,450,233,105,0.45064377682403434,0.5493562231759657,MORENA,48,0.45714285714285713,32,0.3047619047619048,PVEM,16,0.1523809523809524,6,0.05714285714285714,PRI,10,0.09523809523809523,MORENA,48,0.45714285714285713,32,0.3047619047619048,PVEM,16,0.1523809523809524,6,0.05714285714285714,PRI,10,0.09523809523809523,9,0.08571428571428572,10,0.09523809523809523,2,0.01904761904761905,16,0.1523809523809524,4,0.0380952380952381,5,0.047619047619047616,48,0.45714285714285713,2,0.01904761904761905,0,0.0,1,0.009523809523809525,0,0.0,0,0.0,0,0.0,0,0.0,0,0.0,0,0.0,0,0.0,0,0.0,0,0.0,0,0.0,1,0.009523809523809525,0,0.0,0,0.0,0,0.0,0,0.0,1,0.009523809523809525,6,0.05714285714285714,105,1.0,ORIGEN,SECCION,COMPLETO,CATALOGO_INE_2026
669,23,QUINTANA ROO,OTHON P. BLANCO,,14,298,1273,581,0.45640219952867245,0.5435978004713276,MORENA,180,0.3098106712564544,31,0.05335628227194492,MC,149,0.25645438898450945,80,0.13769363166953527,PVEM,69,0.11876075731497418,MORENA,180,0.3098106712564544,31,0.05335628227194492,MC,149,0.25645438898450945,80,0.13769363166953527,PVEM,69,0.11876075731497418,56,0.0963855421686747,17,0.029259896729776247,6,0.010327022375215147,69,0.11876075731497418,7,0.012048192771084338,149,0.25645438898450945,180,0.3098106712564544,34,0.058519793459552494,2,0.0034423407917383822,4,0.0068846815834767644,3,0.0051635111876075735,1,0.0017211703958691911,0,0.0,0,0.0,0,0.0,3,0.0051635111876075735,0,0.0,0,0.0,0,0.0,3,0.0051635111876075735,16,0.027538726333907058,0,0.0,1,0.0017211703958691911,0,0.0,4,0.0068846815834767644,0,0.0,26,0.04475043029259897,581,1.0,ORIGEN,SECCION,COMPLETO,CATALOGO_INE_2026
670,23,QUINTANA ROO,OTHON P. BLANCO,,14,299,1289,582,0.45151280062063615,0.5484871993793639,MORENA,165,0.28350515463917525,51,0.08762886597938144,PVEM,114,0.1958762886597938,2,0.003436426116838488,MC,112,0.19243986254295534,MORENA,165,0.28350515463917525,51,0.08762886597938144,PVEM,114,0.1958762886597938,2,0.003436426116838488,MC,112,0.19243986254295534,49,0.08419243986254296,12,0.020618556701030927,18,0.030927835051546393,114,0.1958762886597938,8,0.013745704467353952,112,0.19243986254295534,165,0.28350515463917525,59,0.1013745704467354,4,0.006872852233676976,4,0.006872852233676976,3,0.005154639175257732,1,0.001718213058419244,0,0.0,0,0.0,0,0.0,1,0.001718213058419244,0,0.0,0,0.0,0,0.0,1,0.001718213058419244,7,0.012027491408934709,0,0.0,0,0.0,0,0.0,0,0.0,0,0.0,24,0.041237113402061855,582,1.0,ORIGEN,SECCION,COMPLETO,CATALOGO_INE_2026
671,23,QUINTANA ROO,OTHON P. BLANCO,,14,303,1084,584,0.5387453874538746,0.46125461254612543,MORENA,146,0.25,15,0.025684931506849314,MC,131,0.2243150684931507,19,0.032534246575342464,PVEM,112,0.1917808219178082,MORENA,146,0.25,15,0.025684931506849314,MC,131,0.2243150684931507,19,0.032534246575342464,PVEM,112,0.1917808219178082,54,0.09246575342465753,10,0.017123287671232876,30,0.05136986301369863,112,0.1917808219178082,2,0.003424657534246575,131,0.2243150684931507,146,0.25,42,0.07191780821917808,6,0.010273972602739725,0,0.0,0,0.0,2,0.003424657534246575,0,0.0,0,0.0,1,0.0017123287671232876,2,0.003424657534246575,0,0.0,0,0.0,0,0.0,1,0.0017123287671232876,29,0.04965753424657534,0,0.0,1,0.0017123287671232876,0,0.0,0,0.0,0,0.0,15,0.025684931506849314,584,1.0,ORIGEN,SECCION,COMPLETO,CATALOGO_INE_2026
672,23,QUINTANA ROO,OTHON P. BLANCO,,14,304,1056,558,0.5284090909090909,0.47159090909090906,MORENA,154,0.27598566308243727,28,0.05017921146953405,MC,126,0.22580645161290322,55,0.0985663082437276,PVEM,71,0.12724014336917563,MORENA,154,0.27598566308243727,28,0.05017921146953405,MC,126,0.22580645161290322,55,0.0985663082437276,PVEM,71,0.12724014336917563,52,0.0931899641577061,15,0.026881720430107527,14,0.025089605734767026,71,0.12724014336917563,12,0.021505376344086023,126,0.22580645161290322,154,0.27598566308243727,46,0.08243727598566308,5,0.008960573476702509,3,0.005376344086021506,1,0.0017921146953405018,2,0.0035842293906810036,1,0.0017921146953405018,0,0.0,0,0.0,1,0.0017921146953405018,0,0.0,0,0.0,0,0.0,1,0.0017921146953405018,26,0.04659498207885305,0,0.0,3,0.005376344086021506,0,0.0,1,0.0017921146953405018,0,0.0,24,0.043010752688172046,558,1.0,ORIGEN,SECCION,COMPLETO,CATALOGO_INE_2026
673,23,QUINTANA ROO,OTHON P. BLANCO,,14,305,1151,629,0.5464813205907906,0.4535186794092094,MORENA,185,0.29411764705882354,8,0.012718600953895072,MC,177,0.28139904610492844,99,0.1573926868044515,PVEM,78,0.12400635930047695,MORENA,185,0.29411764705882354,8,0.012718600953895072,MC,177,0.28139904610492844,99,0.1573926868044515,PVEM,78,0.12400635930047695,63,0.10015898251192369,17,0.02702702702702703,16,0.025437201907790145,78,0.12400635930047695,5,0.00794912559618442,177,0.28139904610492844,185,0.29411764705882354,29,0.046104928457869634,5,0.00794912559618442,5,0.00794912559618442,2,0.003179650238473768,0,0.0,0,0.0,0,0.0,1,0.001589825119236884,1,0.001589825119236884,0,0.0,0,0.0,0,0.0,0,0.0,17,0.02702702702702703,0,0.0,2,0.003179650238473768,0,0.0,0,0.0,1,0.001589825119236884,25,0.0397456279809221,629,1.0,ORIGEN,SECCION,COMPLETO,CATALOGO_INE_2026
674,23,QUINTANA ROO,OTHON P. BLANCO,,14,306,978,601,0.614519427402863,0.385480572597137,MORENA,208,0.34608985024958405,37,0.06156405990016639,MC,171,0.28452579034941766,104,0.17304492512479203,PVEM,67,0.11148086522462562,MORENA,208,0.34608985024958405,37,0.06156405990016639,MC,171,0.28452579034941766,104,0.17304492512479203,PVEM,67,0.11148086522462562,64,0.1064891846921797,19,0.03161397670549085,8,0.013311148086522463,67,0.11148086522462562,5,0.008319467554076539,171,0.28452579034941766,208,0.34608985024958405,16,0.026622296173044926,6,0.009983361064891847,3,0.004991680532445923,0,0.0,1,0.0016638935108153079,1,0.0016638935108153079,0,0.0,1,0.0016638935108153079,0,0.0,1,0.0016638935108153079,0,0.0,0,0.0,0,0.0,11,0.018302828618968387,0,0.0,0,0.0,0,0.0,0,0.0,0,0.0,19,0.03161397670549085,601,1.0,ORIGEN,SECCION,COMPLETO,CATALOGO_INE_2026
675,23,QUINTANA ROO,OTHON P. BLANCO,,14,307,6197,2939,0.47426173955139583,0.5257382604486042,MORENA,827,0.28138822728819324,112,0.03810820006805036,MC,715,0.2432800272201429,329,0.11194283769989792,PVEM,386,0.13133718952024498,MORENA,827,0.28138822728819324,112,0.03810820006805036,MC,715,0.2432800272201429,329,0.11194283769989792,PVEM,386,0.13133718952024498,311,0.10581830554610412,69,0.023477373256209595,63,0.021435862538278325,386,0.13133718952024498,42,0.014290575025518884,715,0.2432800272201429,827,0.28138822728819324,161,0.054780537597822386,44,0.01497107859816264,18,0.006124532153793808,20,0.006805035726437564,8,0.0027220142905750254,2,0.0006805035726437564,0,0.0,3,0.0010207553589656345,26,0.008846546444368834,1,0.0003402517863218782,0,0.0,1,0.0003402517863218782,2,0.0006805035726437564,85,0.028921401837359646,0,0.0,7,0.0023817625042531474,1,0.0003402517863218782,0,0.0,0,0.0,147,0.050017012589316096,2939,1.0,ORIGEN,SECCION,COMPLETO,INFERIDA_SECCION_VECINA
676,23,QUINTANA ROO,OTHON P. BLANCO,,14,315,1131,678,0.5994694960212201,0.4005305039787799,MC,226,0.3333333333333333,19,0.028023598820058997,MORENA,207,0.3053097345132743,135,0.19911504424778761,PAN,72,0.10619469026548672,MC,226,0.3333333333333333,19,0.028023598820058997,MORENA,207,0.3053097345132743,135,0.19911504424778761,PAN,72,0.10619469026548672,72,0.10619469026548672,26,0.038348082595870206,7,0.01032448377581121,53,0.07817109144542773,12,0.017699115044247787,226,0.3333333333333333,207,0.3053097345132743,22,0.032448377581120944,2,0.0029498525073746312,12,0.017699115044247787,2,0.0029498525073746312,1,0.0014749262536873156,1,0.0014749262536873156,0,0.0,2,0.0029498525073746312,2,0.0029498525073746312,0,0.0,0,0.0,0,0.0,0,0.0,13,0.019174041297935103,0,0.0,4,0.0058997050147492625,0,0.0,0,0.0,1,0.0014749262536873156,13,0.019174041297935103,678,1.0,ORIGEN,SECCION,COMPLETO,CATALOGO_INE_2026
677,23,QUINTANA ROO,OTHON P. BLANCO,,14,317,1729,1024,0.5922498554077501,0.4077501445922499,MC,325,0.3173828125,23,0.0224609375,MORENA,302,0.294921875,199,0.1943359375,PVEM,103,0.1005859375,MC,325,0.3173828125,23,0.0224609375,MORENA,302,0.294921875,199,0.1943359375,PVEM,103,0.1005859375,98,0.095703125,47,0.0458984375,13,0.0126953125,103,0.1005859375,9,0.0087890625,325,0.3173828125,302,0.294921875,35,0.0341796875,14,0.013671875,8,0.0078125,0,0.0,1,0.0009765625,0,0.0,0,0.0,2,0.001953125,1,0.0009765625,0,0.0,1,0.0009765625,0,0.0,0,0.0,30,0.029296875,0,0.0,2,0.001953125,0,0.0,0,0.0,1,0.0009765625,32,0.03125,1024,1.0,ORIGEN,SECCION,COMPLETO,CATALOGO_INE_2026
678,23,QUINTANA ROO,OTHON P. BLANCO,,14,318,1143,699,0.6115485564304461,0.38845144356955386,MC,207,0.296137339055794,9,0.012875536480686695,MORENA,198,0.2832618025751073,116,0.1659513590844063,PVEM,82,0.11731044349070101,MC,207,0.296137339055794,9,0.012875536480686695,MORENA,198,0.2832618025751073,116,0.1659513590844063,PVEM,82,0.11731044349070101,65,0.09298998569384835,16,0.022889842632331903,11,0.015736766809728183,82,0.11731044349070101,7,0.010014306151645207,207,0.296137339055794,198,0.2832618025751073,32,0.045779685264663805,3,0.004291845493562232,13,0.01859799713876967,2,0.002861230329041488,2,0.002861230329041488,0,0.0,0,0.0,1,0.001430615164520744,1,0.001430615164520744,0,0.0,0,0.0,0,0.0,1,0.001430615164520744,27,0.03862660944206009,2,0.002861230329041488,4,0.005722460658082976,0,0.0,1,0.001430615164520744,0,0.0,24,0.034334763948497854,699,1.0,ORIGEN,SECCION,COMPLETO,CATALOGO_INE_2026
679,23,QUINTANA ROO,OTHON P. BLANCO,,14,319,1242,748,0.6022544283413849,0.3977455716586151,MC,214,0.28609625668449196,5,0.0066844919786096255,MORENA,209,0.27941176470588236,96,0.12834224598930483,PVEM,113,0.15106951871657753,MC,214,0.28609625668449196,5,0.0066844919786096255,MORENA,209,0.27941176470588236,96,0.12834224598930483,PVEM,113,0.15106951871657753,100,0.13368983957219252,21,0.02807486631016043,8,0.0106951871657754,113,0.15106951871657753,17,0.022727272727272728,214,0.28609625668449196,209,0.27941176470588236,14,0.01871657754010695,5,0.0066844919786096255,4,0.0053475935828877,4,0.0053475935828877,1,0.001336898395721925,0,0.0,0,0.0,0,0.0,0,0.0,0,0.0,1,0.001336898395721925,0,0.0,0,0.0,22,0.029411764705882353,1,0.001336898395721925,2,0.00267379679144385,0,0.0,0,0.0,1,0.001336898395721925,11,0.014705882352941176,748,1.0,ORIGEN,SECCION,COMPLETO,CATALOGO_INE_2026
680,23,QUINTANA ROO,OTHON P. BLANCO,,14,320,1063,616,0.5794920037629351,0.4205079962370649,MORENA,192,0.3116883116883117,17,0.027597402597402596,MC,175,0.2840909090909091,104,0.16883116883116883,PVEM,71,0.11525974025974026,MORENA,192,0.3116883116883117,17,0.027597402597402596,MC,175,0.2840909090909091,104,0.16883116883116883,PVEM,71,0.11525974025974026,67,0.10876623376623376,11,0.017857142857142856,6,0.00974025974025974,71,0.11525974025974026,10,0.016233766233766232,175,0.2840909090909091,192,0.3116883116883117,18,0.02922077922077922,4,0.006493506493506494,3,0.00487012987012987,3,0.00487012987012987,0,0.0,0,0.0,0,0.0,0,0.0,0,0.0,0,0.0,1,0.0016233766233766235,0,0.0,0,0.0,24,0.03896103896103896,0,0.0,2,0.003246753246753247,0,0.0,0,0.0,1,0.0016233766233766235,28,0.045454545454545456,616,1.0,ORIGEN,SECCION,COMPLETO,CATALOGO_INE_2026
681,23,QUINTANA ROO,OTHON P. BLANCO,,14,321,770,400,0.5194805194805194,0.48051948051948057,MORENA,114,0.285,9,0.0225,MC,105,0.2625,58,0.145,PAN,47,0.1175,MORENA,114,0.285,9,0.0225,MC,105,0.2625,58,0.145,PAN,47,0.1175,47,0.1175,14,0.035,8,0.02,36,0.09,6,0.015,105,0.2625,114,0.285,17,0.0425,2,0.005,4,0.01,0,0.0,0,0.0,1,0.0025,0,0.0,1,0.0025,1,0.0025,0,0.0,0,0.0,3,0.0075,0,0.0,24,0.06,0,0.0,0,0.0,0,0.0,0,0.0,1,0.0025,16,0.04,400,1.0,ORIGEN,SECCION,COMPLETO,CATALOGO_INE_2026
682,23,QUINTANA ROO,OTHON P. BLANCO,,14,322,1527,748,0.48984937786509497,0.510150622134905,MORENA,212,0.28342245989304815,9,0.012032085561497326,MC,203,0.2713903743315508,97,0.12967914438502673,PVEM,106,0.14171122994652408,MORENA,212,0.28342245989304815,9,0.012032085561497326,MC,203,0.2713903743315508,97,0.12967914438502673,PVEM,106,0.14171122994652408,88,0.11764705882352941,22,0.029411764705882353,12,0.016042780748663103,106,0.14171122994652408,13,0.017379679144385027,203,0.2713903743315508,212,0.28342245989304815,27,0.03609625668449198,4,0.0053475935828877,9,0.012032085561497326,0,0.0,3,0.004010695187165776,0,0.0,0,0.0,0,0.0,1,0.001336898395721925,0,0.0,0,0.0,0,0.0,1,0.001336898395721925,8,0.0106951871657754,0,0.0,4,0.0053475935828877,0,0.0,0,0.0,0,0.0,35,0.04679144385026738,748,1.0,ORIGEN,SECCION,COMPLETO,CATALOGO_INE_2026
683,23,QUINTANA ROO,OTHON P. BLANCO,,14,323,785,503,0.640764331210191,0.35923566878980895,MC,133,0.2644135188866799,0,0.0,MORENA,133,0.2644135188866799,49,0.09741550695825049,PVEM,84,0.16699801192842942,MC,133,0.2644135188866799,0,0.0,MORENA,133,0.2644135188866799,49,0.09741550695825049,PVEM,84,0.16699801192842942,48,0.09542743538767395,11,0.02186878727634195,7,0.013916500994035786,84,0.16699801192842942,9,0.017892644135188866,133,0.2644135188866799,133,0.2644135188866799,17,0.033797216699801194,4,0.007952286282306162,4,0.007952286282306162,0,0.0,2,0.003976143141153081,0,0.0,0,0.0,0,0.0,2,0.003976143141153081,0,0.0,1,0.0019880715705765406,0,0.0,1,0.0019880715705765406,22,0.0437375745526839,0,0.0,2,0.003976143141153081,0,0.0,1,0.0019880715705765406,0,0.0,22,0.0437375745526839,503,1.0,ORIGEN,SECCION,COMPLETO,CATALOGO_INE_2026
684,23,QUINTANA ROO,OTHON P. BLANCO,,14,329,792,474,0.5984848484848485,0.4015151515151515,MC,127,0.2679324894514768,3,0.006329113924050633,MORENA,124,0.2616033755274262,38,0.08016877637130802,PAN,86,0.18143459915611815,MC,127,0.2679324894514768,3,0.006329113924050633,MORENA,124,0.2616033755274262,38,0.08016877637130802,PAN,86,0.18143459915611815,86,0.18143459915611815,15,0.03164556962025317,15,0.03164556962025317,49,0.10337552742616034,5,0.010548523206751054,127,0.2679324894514768,124,0.2616033755274262,19,0.04008438818565401,3,0.006329113924050633,1,0.002109704641350211,2,0.004219409282700422,2,0.004219409282700422,0,0.0,0,0.0,0,0.0,0,0.0,0,0.0,0,0.0,0,0.0,0,0.0,11,0.023206751054852322,0,0.0,1,0.002109704641350211,0,0.0,0,0.0,0,0.0,14,0.029535864978902954,474,1.0,ORIGEN,SECCION,COMPLETO,CATALOGO_INE_2026
685,23,QUINTANA ROO,OTHON P. BLANCO,,14,330,1099,621,0.565059144676979,0.43494085532302096,MC,182,0.29307568438003223,25,0.040257648953301126,MORENA,157,0.2528180354267311,80,0.1288244766505636,PAN,77,0.12399355877616747,MC,182,0.29307568438003223,25,0.040257648953301126,MORENA,157,0.2528180354267311,80,0.1288244766505636,PAN,77,0.12399355877616747,77,0.12399355877616747,18,0.028985507246376812,23,0.037037037037037035,66,0.10628019323671498,5,0.008051529790660225,182,0.29307568438003223,157,0.2528180354267311,43,0.06924315619967794,5,0.008051529790660225,1,0.001610305958132045,3,0.004830917874396135,1,0.001610305958132045,0,0.0,0,0.0,1,0.001610305958132045,0,0.0,0,0.0,0,0.0,0,0.0,0,0.0,18,0.028985507246376812,0,0.0,0,0.0,0,0.0,1,0.001610305958132045,1,0.001610305958132045,19,0.030595813204508857,621,1.0,ORIGEN,SECCION,COMPLETO,CATALOGO_INE_2026
686,23,QUINTANA ROO,OTHON P. BLANCO,,14,331,754,1427,1.8925729442970822,-0.8925729442970822,MORENA,467,0.32725998598458306,196,0.1373510861948143,MC,271,0.18990889978976874,61,0.042747021723896286,PVEM,210,0.14716187806587247,MORENA,467,0.32725998598458306,196,0.1373510861948143,MC,271,0.18990889978976874,61,0.042747021723896286,PVEM,210,0.14716187806587247,151,0.10581639803784162,47,0.032936229852838124,54,0.0378416257883672,210,0.14716187806587247,23,0.0161177295024527,271,0.18990889978976874,467,0.32725998598458306,62,0.043447792571829014,11,0.007708479327259986,17,0.011913104414856343,3,0.002102312543798178,6,0.004204625087596356,0,0.0,0,0.0,0,0.0,1,0.000700770847932726,4,0.002803083391730904,1,0.000700770847932726,0,0.0,2,0.001401541695865452,46,0.0322354590049054,1,0.000700770847932726,0,0.0,0,0.0,1,0.000700770847932726,0,0.0,49,0.03433777154870357,1427,1.0,ORIGEN,SECCION,COMPLETO,CATALOGO_INE_2026
687,23,QUINTANA ROO,OTHON P. BLANCO,,14,332,976,626,0.6413934426229508,0.35860655737704916,MC,192,0.30670926517571884,33,0.052715654952076675,MORENA,159,0.2539936102236422,54,0.08626198083067092,PAN,105,0.16773162939297126,MC,192,0.30670926517571884,33,0.052715654952076675,MORENA,159,0.2539936102236422,54,0.08626198083067092,PAN,105,0.16773162939297126,105,0.16773162939297126,37,0.05910543130990415,8,0.012779552715654952,56,0.08945686900958466,7,0.011182108626198083,192,0.30670926517571884,159,0.2539936102236422,10,0.01597444089456869,5,0.007987220447284345,3,0.004792332268370607,0,0.0,0,0.0,0,0.0,0,0.0,0,0.0,1,0.001597444089456869,0,0.0,0,0.0,0,0.0,0,0.0,26,0.04153354632587859,0,0.0,0,0.0,0,0.0,1,0.001597444089456869,4,0.006389776357827476,12,0.019169329073482427,626,1.0,ORIGEN,SECCION,COMPLETO,CATALOGO_INE_2026
688,23,QUINTANA ROO,OTHON P. BLANCO,,14,333,1093,722,0.6605672461116194,0.33943275388838057,MC,218,0.30193905817174516,14,0.019390581717451522,MORENA,204,0.28254847645429365,115,0.1592797783933518,PVEM,89,0.12326869806094183,MC,218,0.30193905817174516,14,0.019390581717451522,MORENA,204,0.28254847645429365,115,0.1592797783933518,PVEM,89,0.12326869806094183,86,0.11911357340720222,28,0.038781163434903045,7,0.009695290858725761,89,0.12326869806094183,7,0.009695290858725761,218,0.30193905817174516,204,0.28254847645429365,24,0.0332409972299169,5,0.006925207756232687,5,0.006925207756232687,2,0.002770083102493075,4,0.00554016620498615,0,0.0,0,0.0,1,0.0013850415512465374,2,0.002770083102493075,0,0.0,0,0.0,0,0.0,0,0.0,21,0.029085872576177285,0,0.0,0,0.0,0,0.0,0,0.0,1,0.0013850415512465374,18,0.024930747922437674,722,1.0,ORIGEN,SECCION,COMPLETO,CATALOGO_INE_2026
689,23,QUINTANA ROO,OTHON P. BLANCO,,14,334,2702,1441,0.5333086602516655,0.46669133974833454,MORENA,416,0.2886884108258154,4,0.002775850104094379,MC,412,0.28591256072172105,215,0.14920194309507287,PAN,197,0.13671061762664816,MORENA,416,0.2886884108258154,4,0.002775850104094379,MC,412,0.28591256072172105,215,0.14920194309507287,PAN,197,0.13671061762664816,197,0.13671061762664816,37,0.025676613462873005,27,0.018736988202637056,178,0.12352532963219987,16,0.011103400416377515,412,0.28591256072172105,416,0.2886884108258154,40,0.027758501040943788,8,0.005551700208188758,8,0.005551700208188758,6,0.004163775156141568,6,0.004163775156141568,1,0.0006939625260235947,0,0.0,2,0.0013879250520471894,5,0.0034698126301179735,0,0.0,0,0.0,0,0.0,0,0.0,44,0.030534351145038167,0,0.0,4,0.002775850104094379,0,0.0,0,0.0,0,0.0,34,0.02359472588480222,1441,1.0,ORIGEN,SECCION,COMPLETO,CATALOGO_INE_2026
690,23,QUINTANA ROO,OTHON P. BLANCO,,14,335,1124,631,0.5613879003558719,0.43861209964412806,MORENA,169,0.26782884310618066,7,0.011093502377179081,MC,162,0.25673534072900156,62,0.098256735340729,PVEM,100,0.15847860538827258,MORENA,169,0.26782884310618066,7,0.011093502377179081,MC,162,0.25673534072900156,62,0.098256735340729,PVEM,100,0.15847860538827258,94,0.14896988906497624,19,0.030110935023771792,13,0.020602218700475437,100,0.15847860538827258,4,0.006339144215530904,162,0.25673534072900156,169,0.26782884310618066,17,0.02694136291600634,14,0.022187004754358162,8,0.012678288431061807,0,0.0,0,0.0,1,0.001584786053882726,0,0.0,1,0.001584786053882726,1,0.001584786053882726,0,0.0,0,0.0,0,0.0,0,0.0,8,0.012678288431061807,0,0.0,0,0.0,0,0.0,0,0.0,0,0.0,20,0.03169572107765452,631,1.0,ORIGEN,SECCION,COMPLETO,CATALOGO_INE_2026
691,23,QUINTANA ROO,OTHON P. BLANCO,,14,336,679,345,0.508100147275405,0.491899852724595,MC,92,0.26666666666666666,6,0.017391304347826087,MORENA,86,0.2492753623188406,22,0.06376811594202898,PVEM,64,0.1855072463768116,MC,92,0.26666666666666666,6,0.017391304347826087,MORENA,86,0.2492753623188406,22,0.06376811594202898,PVEM,64,0.1855072463768116,34,0.09855072463768116,10,0.028985507246376812,5,0.014492753623188406,64,0.1855072463768116,7,0.020289855072463767,92,0.26666666666666666,86,0.2492753623188406,14,0.04057971014492753,5,0.014492753623188406,1,0.002898550724637681,2,0.005797101449275362,0,0.0,0,0.0,1,0.002898550724637681,0,0.0,0,0.0,0,0.0,0,0.0,0,0.0,0,0.0,7,0.020289855072463767,0,0.0,0,0.0,0,0.0,0,0.0,0,0.0,17,0.04927536231884058,345,1.0,ORIGEN,SECCION,COMPLETO,CATALOGO_INE_2026
692,23,QUINTANA ROO,OTHON P. BLANCO,,14,337,3086,1546,0.5009721322099806,0.4990278677900194,MORENA,411,0.26584734799482534,21,0.013583441138421734,MC,390,0.2522639068564036,181,0.11707632600258733,PVEM,209,0.1351875808538163,MORENA,411,0.26584734799482534,21,0.013583441138421734,MC,390,0.2522639068564036,181,0.11707632600258733,PVEM,209,0.1351875808538163,201,0.13001293661060803,41,0.02652005174644243,23,0.014877102199223804,209,0.1351875808538163,22,0.014230271668822769,390,0.2522639068564036,411,0.26584734799482534,61,0.03945666235446313,16,0.01034928848641656,15,0.009702457956015523,4,0.00258732212160414,3,0.0019404915912031048,2,0.00129366106080207,2,0.00129366106080207,2,0.00129366106080207,6,0.0038809831824062097,0,0.0,0,0.0,1,0.000646830530401035,0,0.0,77,0.04980595084087969,2,0.00129366106080207,2,0.00129366106080207,0,0.0,2,0.00129366106080207,0,0.0,54,0.03492884864165589,1546,1.0,ORIGEN,SECCION,COMPLETO,CATALOGO_INE_2026
693,23,QUINTANA ROO,OTHON P. BLANCO,,14,338,947,507,0.5353748680042238,0.46462513199577615,MORENA,144,0.28402366863905326,28,0.055226824457593686,MC,116,0.22879684418145957,43,0.08481262327416174,PVEM,73,0.14398422090729784,MORENA,144,0.28402366863905326,28,0.055226824457593686,MC,116,0.22879684418145957,43,0.08481262327416174,PVEM,73,0.14398422090729784,53,0.10453648915187377,17,0.03353057199211045,15,0.029585798816568046,73,0.14398422090729784,7,0.013806706114398421,116,0.22879684418145957,144,0.28402366863905326,18,0.03550295857988166,8,0.015779092702169626,4,0.007889546351084813,1,0.0019723865877712033,2,0.0039447731755424065,2,0.0039447731755424065,0,0.0,0,0.0,0,0.0,0,0.0,0,0.0,0,0.0,0,0.0,18,0.03550295857988166,0,0.0,0,0.0,0,0.0,0,0.0,1,0.0019723865877712033,28,0.055226824457593686,507,1.0,ORIGEN,SECCION,COMPLETO,CATALOGO_INE_2026
694,23,QUINTANA ROO,OTHON P. BLANCO,,14,339,859,516,0.6006984866123399,0.39930151338766007,MORENA,134,0.2596899224806202,22,0.04263565891472868,MC,112,0.21705426356589147,23,0.044573643410852716,PVEM,89,0.17248062015503876,MORENA,134,0.2596899224806202,22,0.04263565891472868,MC,112,0.21705426356589147,23,0.044573643410852716,PVEM,89,0.17248062015503876,79,0.15310077519379844,21,0.040697674418604654,18,0.03488372093023256,89,0.17248062015503876,5,0.009689922480620155,112,0.21705426356589147,134,0.2596899224806202,14,0.027131782945736434,7,0.013565891472868217,9,0.01744186046511628,2,0.003875968992248062,1,0.001937984496124031,3,0.005813953488372093,0,0.0,0,0.0,1,0.001937984496124031,0,0.0,0,0.0,0,0.0,0,0.0,10,0.01937984496124031,0,0.0,0,0.0,0,0.0,0,0.0,0,0.0,11,0.02131782945736434,516,1.0,ORIGEN,SECCION,COMPLETO,CATALOGO_INE_2026
695,23,QUINTANA ROO,OTHON P. BLANCO,,14,340,396,273,0.6893939393939394,0.31060606060606055,MC,87,0.31868131868131866,5,0.018315018315018316,MORENA,82,0.30036630036630035,55,0.20146520146520147,PAN,27,0.0989010989010989,MC,87,0.31868131868131866,5,0.018315018315018316,MORENA,82,0.30036630036630035,55,0.20146520146520147,PAN,27,0.0989010989010989,27,0.0989010989010989,17,0.06227106227106227,5,0.018315018315018316,19,0.0695970695970696,3,0.01098901098901099,87,0.31868131868131866,82,0.30036630036630035,10,0.03663003663003663,4,0.014652014652014652,5,0.018315018315018316,3,0.01098901098901099,1,0.003663003663003663,0,0.0,0,0.0,0,0.0,0,0.0,0,0.0,0,0.0,0,0.0,0,0.0,0,0.0,0,0.0,0,0.0,0,0.0,0,0.0,0,0.0,10,0.03663003663003663,273,1.0,ORIGEN,SECCION,COMPLETO,CATALOGO_INE_2026
696,23,QUINTANA ROO,OTHON P. BLANCO,,14,341,652,377,0.5782208588957055,0.4217791411042945,MORENA,116,0.3076923076923077,23,0.0610079575596817,MC,93,0.246684350132626,45,0.11936339522546419,PAN,48,0.1273209549071618,MORENA,116,0.3076923076923077,23,0.0610079575596817,MC,93,0.246684350132626,45,0.11936339522546419,PAN,48,0.1273209549071618,48,0.1273209549071618,9,0.023872679045092837,6,0.015915119363395226,44,0.11671087533156499,4,0.010610079575596816,93,0.246684350132626,116,0.3076923076923077,12,0.03183023872679045,1,0.002652519893899204,6,0.015915119363395226,0,0.0,4,0.010610079575596816,0,0.0,0,0.0,2,0.005305039787798408,0,0.0,0,0.0,0,0.0,0,0.0,0,0.0,17,0.04509283819628647,0,0.0,1,0.002652519893899204,0,0.0,1,0.002652519893899204,0,0.0,13,0.034482758620689655,377,1.0,ORIGEN,SECCION,COMPLETO,CATALOGO_INE_2026
697,23,QUINTANA ROO,OTHON P. BLANCO,,14,342,1281,739,0.5768930523028883,0.42310694769711166,MORENA,242,0.3274695534506089,51,0.06901217861975643,MC,191,0.2584573748308525,109,0.14749661705006767,PVEM,82,0.11096075778078485,MORENA,242,0.3274695534506089,51,0.06901217861975643,MC,191,0.2584573748308525,109,0.14749661705006767,PVEM,82,0.11096075778078485,77,0.10419485791610285,18,0.02435723951285521,7,0.009472259810554804,82,0.11096075778078485,5,0.006765899864682003,191,0.2584573748308525,242,0.3274695534506089,43,0.058186738836265225,2,0.0027063599458728013,9,0.012178619756427604,3,0.0040595399188092015,0,0.0,0,0.0,0,0.0,2,0.0027063599458728013,2,0.0027063599458728013,0,0.0,1,0.0013531799729364006,0,0.0,0,0.0,29,0.03924221921515562,1,0.0013531799729364006,3,0.0040595399188092015,0,0.0,0,0.0,1,0.0013531799729364006,21,0.028416779431664412,739,1.0,ORIGEN,SECCION,COMPLETO,CATALOGO_INE_2026
698,23,QUINTANA ROO,OTHON P. BLANCO,,14,343,1028,621,0.6040856031128404,0.39591439688715957,MORENA,181,0.2914653784219002,11,0.017713365539452495,MC,170,0.27375201288244766,103,0.16586151368760063,PAN,67,0.10789049919484701,MORENA,181,0.2914653784219002,11,0.017713365539452495,MC,170,0.27375201288244766,103,0.16586151368760063,PAN,67,0.10789049919484701,67,0.10789049919484701,22,0.03542673107890499,7,0.011272141706924315,67,0.10789049919484701,7,0.011272141706924315,170,0.27375201288244766,181,0.2914653784219002,40,0.0644122383252818,7,0.011272141706924315,7,0.011272141706924315,2,0.00322061191626409,1,0.001610305958132045,1,0.001610305958132045,1,0.001610305958132045,1,0.001610305958132045,1,0.001610305958132045,0,0.0,0,0.0,0,0.0,1,0.001610305958132045,18,0.028985507246376812,0,0.0,0,0.0,0,0.0,0,0.0,0,0.0,20,0.0322061191626409,621,1.0,ORIGEN,SECCION,COMPLETO,CATALOGO_INE_2026
699,23,QUINTANA ROO,OTHON P. BLANCO,,14,344,1090,591,0.5422018348623853,0.45779816513761473,MORENA,178,0.3011844331641286,11,0.018612521150592216,MC,167,0.2825719120135364,94,0.15905245346869712,PAN,73,0.12351945854483926,MORENA,178,0.3011844331641286,11,0.018612521150592216,MC,167,0.2825719120135364,94,0.15905245346869712,PAN,73,0.12351945854483926,73,0.12351945854483926,12,0.02030456852791878,11,0.018612521150592216,65,0.10998307952622674,12,0.02030456852791878,167,0.2825719120135364,178,0.3011844331641286,26,0.043993231810490696,3,0.005076142131979695,6,0.01015228426395939,2,0.00338409475465313,0,0.0,0,0.0,0,0.0,1,0.001692047377326565,0,0.0,0,0.0,0,0.0,0,0.0,0,0.0,11,0.018612521150592216,0,0.0,0,0.0,0,0.0,1,0.001692047377326565,1,0.001692047377326565,22,0.03722504230118443,591,1.0,ORIGEN,SECCION,COMPLETO,CATALOGO_INE_2026
700,23,QUINTANA ROO,OTHON P. BLANCO,,14,357,990,580,0.5858585858585859,0.41414141414141414,MORENA,179,0.3086206896551724,33,0.056896551724137934,MC,146,0.2517241379310345,76,0.1310344827586207,PAN,70,0.1206896551724138,MORENA,179,0.3086206896551724,33,0.056896551724137934,MC,146,0.2517241379310345,76,0.1310344827586207,PAN,70,0.1206896551724138,70,0.1206896551724138,13,0.022413793103448276,10,0.017241379310344827,51,0.08793103448275862,9,0.015517241379310345,146,0.2517241379310345,179,0.3086206896551724,31,0.05344827586206897,8,0.013793103448275862,4,0.006896551724137931,4,0.006896551724137931,2,0.0034482758620689655,1,0.0017241379310344827,0,0.0,0,0.0,1,0.0017241379310344827,0,0.0,0,0.0,1,0.0017241379310344827,1,0.0017241379310344827,20,0.034482758620689655,1,0.0017241379310344827,3,0.005172413793103448,0,0.0,0,0.0,2,0.0034482758620689655,23,0.039655172413793106,580,1.0,ORIGEN,SECCION,COMPLETO,CATALOGO_INE_2026
701,23,QUINTANA ROO,OTHON P. BLANCO,,14,358,883,530,0.6002265005662514,0.3997734994337486,MC,148,0.2792452830188679,5,0.009433962264150943,MORENA,143,0.269811320754717,76,0.14339622641509434,PVEM,67,0.12641509433962264,MC,148,0.2792452830188679,5,0.009433962264150943,MORENA,143,0.269811320754717,76,0.14339622641509434,PVEM,67,0.12641509433962264,49,0.09245283018867924,17,0.03207547169811321,9,0.016981132075471698,67,0.12641509433962264,4,0.007547169811320755,148,0.2792452830188679,143,0.269811320754717,24,0.045283018867924525,11,0.020754716981132074,7,0.013207547169811321,1,0.0018867924528301887,0,0.0,0,0.0,0,0.0,0,0.0,0,0.0,0,0.0,0,0.0,0,0.0,0,0.0,9,0.016981132075471698,0,0.0,2,0.0037735849056603774,0,0.0,1,0.0018867924528301887,0,0.0,38,0.07169811320754717,530,1.0,ORIGEN,SECCION,COMPLETO,CATALOGO_INE_2026
702,23,QUINTANA ROO,OTHON P. BLANCO,,14,359,1057,632,0.597918637653737,0.402081362346263,MORENA,210,0.3322784810126582,47,0.07436708860759493,MC,163,0.2579113924050633,80,0.12658227848101267,PVEM,83,0.13132911392405064,MORENA,210,0.3322784810126582,47,0.07436708860759493,MC,163,0.2579113924050633,80,0.12658227848101267,PVEM,83,0.13132911392405064,45,0.07120253164556962,26,0.04113924050632911,13,0.020569620253164556,83,0.13132911392405064,5,0.007911392405063292,163,0.2579113924050633,210,0.3322784810126582,28,0.04430379746835443,5,0.007911392405063292,2,0.0031645569620253164,3,0.004746835443037975,3,0.004746835443037975,0,0.0,0,0.0,2,0.0031645569620253164,2,0.0031645569620253164,0,0.0,1,0.0015822784810126582,0,0.0,0,0.0,15,0.023734177215189875,0,0.0,1,0.0015822784810126582,1,0.0015822784810126582,0,0.0,0,0.0,24,0.0379746835443038,632,1.0,ORIGEN,SECCION,COMPLETO,CATALOGO_INE_2026
703,23,QUINTANA ROO,OTHON P. BLANCO,,14,360,671,372,0.5543964232488823,0.4456035767511177,MC,108,0.2903225806451613,4,0.010752688172043012,MORENA,104,0.27956989247311825,46,0.12365591397849462,PVEM,58,0.15591397849462366,MC,108,0.2903225806451613,4,0.010752688172043012,MORENA,104,0.27956989247311825,46,0.12365591397849462,PVEM,58,0.15591397849462366,31,0.08333333333333333,8,0.021505376344086023,4,0.010752688172043012,58,0.15591397849462366,2,0.005376344086021506,108,0.2903225806451613,104,0.27956989247311825,19,0.051075268817204304,3,0.008064516129032258,5,0.013440860215053764,0,0.0,0,0.0,0,0.0,0,0.0,1,0.002688172043010753,0,0.0,0,0.0,0,0.0,0,0.0,0,0.0,15,0.04032258064516129,0,0.0,1,0.002688172043010753,0,0.0,0,0.0,1,0.002688172043010753,12,0.03225806451612903,372,1.0,ORIGEN,SECCION,COMPLETO,CATALOGO_INE_2026
704,23,QUINTANA ROO,OTHON P. BLANCO,,14,361,1097,591,0.5387420237010028,0.46125797629899723,MORENA,183,0.3096446700507614,34,0.05752961082910321,MC,149,0.2521150592216582,73,0.12351945854483926,PAN,76,0.12859560067681894,MORENA,183,0.3096446700507614,34,0.05752961082910321,MC,149,0.2521150592216582,73,0.12351945854483926,PAN,76,0.12859560067681894,76,0.12859560067681894,12,0.02030456852791878,8,0.01353637901861252,67,0.11336717428087986,9,0.015228426395939087,149,0.2521150592216582,183,0.3096446700507614,30,0.050761421319796954,4,0.00676818950930626,5,0.008460236886632826,4,0.00676818950930626,5,0.008460236886632826,2,0.00338409475465313,0,0.0,1,0.001692047377326565,1,0.001692047377326565,0,0.0,1,0.001692047377326565,0,0.0,2,0.00338409475465313,14,0.023688663282571912,0,0.0,4,0.00676818950930626,0,0.0,2,0.00338409475465313,0,0.0,12,0.02030456852791878,591,1.0,ORIGEN,SECCION,COMPLETO,CATALOGO_INE_2026
705,23,QUINTANA ROO,OTHON P. BLANCO,,14,362,913,501,0.5487404162102957,0.4512595837897043,MORENA,162,0.32335329341317365,29,0.05788423153692615,MC,133,0.2654690618762475,54,0.10778443113772455,PVEM,79,0.15768463073852296,MORENA,162,0.32335329341317365,29,0.05788423153692615,MC,133,0.2654690618762475,54,0.10778443113772455,PVEM,79,0.15768463073852296,56,0.11177644710578842,8,0.015968063872255488,5,0.00998003992015968,79,0.15768463073852296,2,0.003992015968063872,133,0.2654690618762475,162,0.32335329341317365,22,0.043912175648702596,3,0.005988023952095809,1,0.001996007984031936,0,0.0,2,0.003992015968063872,0,0.0,0,0.0,0,0.0,7,0.013972055888223553,0,0.0,0,0.0,0,0.0,1,0.001996007984031936,0,0.0,0,0.0,0,0.0,0,0.0,0,0.0,0,0.0,20,0.03992015968063872,501,1.0,ORIGEN,SECCION,COMPLETO,CATALOGO_INE_2026
706,23,QUINTANA ROO,OTHON P. BLANCO,,14,363,1138,615,0.5404217926186292,0.4595782073813708,MORENA,189,0.3073170731707317,50,0.08130081300813008,MC,139,0.22601626016260162,53,0.08617886178861789,PVEM,86,0.13983739837398373,MORENA,189,0.3073170731707317,50,0.08130081300813008,MC,139,0.22601626016260162,53,0.08617886178861789,PVEM,86,0.13983739837398373,60,0.0975609756097561,21,0.03414634146341464,9,0.014634146341463415,86,0.13983739837398373,7,0.011382113821138212,139,0.22601626016260162,189,0.3073170731707317,27,0.04390243902439024,4,0.0065040650406504065,5,0.008130081300813009,1,0.0016260162601626016,0,0.0,0,0.0,0,0.0,2,0.0032520325203252032,2,0.0032520325203252032,0,0.0,0,0.0,0,0.0,1,0.0016260162601626016,22,0.03577235772357724,0,0.0,3,0.004878048780487805,0,0.0,1,0.0016260162601626016,0,0.0,36,0.05853658536585366,615,1.0,ORIGEN,SECCION,COMPLETO,CATALOGO_INE_2026
707,23,QUINTANA ROO,OTHON P. BLANCO,,14,364,744,473,0.635752688172043,0.364247311827957,MC,151,0.3192389006342495,34,0.07188160676532769,MORENA,117,0.24735729386892177,41,0.08668076109936575,PAN,76,0.160676532769556,MC,151,0.3192389006342495,34,0.07188160676532769,MORENA,117,0.24735729386892177,41,0.08668076109936575,PAN,76,0.160676532769556,76,0.160676532769556,22,0.046511627906976744,5,0.010570824524312896,55,0.11627906976744186,5,0.010570824524312896,151,0.3192389006342495,117,0.24735729386892177,14,0.02959830866807611,4,0.008456659619450317,3,0.006342494714587738,0,0.0,0,0.0,0,0.0,0,0.0,1,0.0021141649048625794,0,0.0,0,0.0,0,0.0,0,0.0,0,0.0,10,0.021141649048625793,0,0.0,0,0.0,0,0.0,0,0.0,0,0.0,10,0.021141649048625793,473,1.0,ORIGEN,SECCION,COMPLETO,CATALOGO_INE_2026
708,23,QUINTANA ROO,OTHON P. BLANCO,,14,365,1067,648,0.6073102155576382,0.3926897844423618,MORENA,198,0.3055555555555556,7,0.010802469135802469,MC,191,0.29475308641975306,120,0.18518518518518517,PVEM,71,0.1095679012345679,MORENA,198,0.3055555555555556,7,0.010802469135802469,MC,191,0.29475308641975306,120,0.18518518518518517,PVEM,71,0.1095679012345679,61,0.0941358024691358,41,0.06327160493827161,11,0.016975308641975308,71,0.1095679012345679,5,0.007716049382716049,191,0.29475308641975306,198,0.3055555555555556,25,0.038580246913580245,3,0.004629629629629629,6,0.009259259259259259,0,0.0,2,0.0030864197530864196,0,0.0,0,0.0,3,0.004629629629629629,1,0.0015432098765432098,0,0.0,1,0.0015432098765432098,0,0.0,0,0.0,13,0.020061728395061727,0,0.0,0,0.0,0,0.0,1,0.0015432098765432098,1,0.0015432098765432098,14,0.021604938271604937,648,1.0,ORIGEN,SECCION,COMPLETO,CATALOGO_INE_2026
709,23,QUINTANA ROO,OTHON P. BLANCO,,14,377,1296,727,0.5609567901234568,0.4390432098765432,MC,224,0.3081155433287483,66,0.0907840440165062,MORENA,158,0.2173314993122421,44,0.06052269601100413,PAN,114,0.15680880330123798,MC,224,0.3081155433287483,66,0.0907840440165062,MORENA,158,0.2173314993122421,44,0.06052269601100413,PAN,114,0.15680880330123798,114,0.15680880330123798,68,0.09353507565337002,8,0.011004126547455296,76,0.10453920220082531,9,0.012379642365887207,224,0.3081155433287483,158,0.2173314993122421,14,0.01925722145804677,3,0.0041265474552957355,5,0.0068775790921595595,1,0.001375515818431912,6,0.008253094910591471,0,0.0,0,0.0,1,0.001375515818431912,1,0.001375515818431912,0,0.0,1,0.001375515818431912,0,0.0,0,0.0,19,0.026134800550206328,0,0.0,2,0.002751031636863824,0,0.0,0,0.0,0,0.0,17,0.023383768913342505,727,1.0,ORIGEN,SECCION,COMPLETO,CATALOGO_INE_2026
710,23,QUINTANA ROO,OTHON P. BLANCO,,14,378,1787,1006,0.5629546726357023,0.4370453273642977,MORENA,262,0.26043737574552683,3,0.002982107355864811,MC,259,0.25745526838966204,94,0.09343936381709742,PVEM,165,0.16401590457256462,MORENA,262,0.26043737574552683,3,0.002982107355864811,MC,259,0.25745526838966204,94,0.09343936381709742,PVEM,165,0.16401590457256462,145,0.1441351888667992,31,0.030815109343936383,19,0.018886679920477135,165,0.16401590457256462,3,0.002982107355864811,259,0.25745526838966204,262,0.26043737574552683,39,0.03876739562624255,5,0.004970178926441352,3,0.002982107355864811,4,0.003976143141153081,4,0.003976143141153081,0,0.0,0,0.0,1,0.0009940357852882703,2,0.0019880715705765406,0,0.0,0,0.0,1,0.0009940357852882703,2,0.0019880715705765406,28,0.027833001988071572,0,0.0,0,0.0,0,0.0,0,0.0,0,0.0,33,0.032803180914512925,1006,1.0,ORIGEN,SECCION,COMPLETO,CATALOGO_INE_2026
711,23,QUINTANA ROO,OTHON P. BLANCO,,14,413,1950,812,0.4164102564102564,0.5835897435897436,MORENA,344,0.4236453201970443,251,0.3091133004926108,MC,93,0.1145320197044335,11,0.013546798029556651,MAS,82,0.10098522167487685,MORENA,344,0.4236453201970443,251,0.3091133004926108,MC,93,0.1145320197044335,11,0.013546798029556651,MAS,82,0.10098522167487685,79,0.09729064039408868,17,0.020935960591133004,27,0.0332512315270936,67,0.08251231527093596,12,0.014778325123152709,93,0.1145320197044335,344,0.4236453201970443,82,0.10098522167487685,10,0.012315270935960592,9,0.011083743842364532,2,0.0024630541871921183,4,0.0049261083743842365,1,0.0012315270935960591,0,0.0,1,0.0012315270935960591,1,0.0012315270935960591,0,0.0,0,0.0,0,0.0,0,0.0,31,0.038177339901477834,0,0.0,3,0.003694581280788177,0,0.0,0,0.0,0,0.0,29,0.03571428571428571,812,1.0,ORIGEN,SECCION,COMPLETO,CATALOGO_INE_2026
712,23,QUINTANA ROO,OTHON P. BLANCO,,14,421,879,440,0.5005688282138794,0.4994311717861206,MORENA,167,0.3795454545454545,78,0.17727272727272728,PAN,89,0.20227272727272727,43,0.09772727272727273,PVEM,46,0.10454545454545454,MORENA,167,0.3795454545454545,78,0.17727272727272728,PAN,89,0.20227272727272727,43,0.09772727272727273,PVEM,46,0.10454545454545454,89,0.20227272727272727,6,0.013636363636363636,42,0.09545454545454546,46,0.10454545454545454,9,0.020454545454545454,22,0.05,167,0.3795454545454545,11,0.025,8,0.01818181818181818,1,0.0022727272727272726,1,0.0022727272727272726,1,0.0022727272727272726,0,0.0,0,0.0,0,0.0,0,0.0,0,0.0,0,0.0,0,0.0,0,0.0,11,0.025,0,0.0,1,0.0022727272727272726,0,0.0,1,0.0022727272727272726,0,0.0,24,0.05454545454545454,440,1.0,ORIGEN,SECCION,COMPLETO,CATALOGO_INE_2026
713,23,QUINTANA ROO,OTHON P. BLANCO,,14,422,1517,784,0.5168094924192486,0.48319050758075144,MORENA,280,0.35714285714285715,165,0.21045918367346939,PRD,115,0.14668367346938777,20,0.025510204081632654,PAN,95,0.1211734693877551,MORENA,280,0.35714285714285715,165,0.21045918367346939,PRD,115,0.14668367346938777,20,0.025510204081632654,PAN,95,0.1211734693877551,95,0.1211734693877551,4,0.00510204081632653,115,0.14668367346938777,54,0.06887755102040816,5,0.006377551020408163,55,0.07015306122448979,280,0.35714285714285715,63,0.08035714285714286,10,0.012755102040816327,9,0.011479591836734694,7,0.008928571428571428,13,0.016581632653061226,0,0.0,0,0.0,0,0.0,0,0.0,0,0.0,0,0.0,0,0.0,1,0.0012755102040816326,33,0.042091836734693876,0,0.0,1,0.0012755102040816326,0,0.0,1,0.0012755102040816326,0,0.0,38,0.04846938775510204,784,1.0,ORIGEN,SECCION,COMPLETO,CATALOGO_INE_2026
714,23,QUINTANA ROO,OTHON P. BLANCO,,14,423,2176,995,0.4572610294117647,0.5427389705882353,MORENA,339,0.3407035175879397,198,0.19899497487437187,PAN,141,0.14170854271356784,1,0.0010050251256281408,PRD,140,0.1407035175879397,MORENA,339,0.3407035175879397,198,0.19899497487437187,PAN,141,0.14170854271356784,1,0.0010050251256281408,PRD,140,0.1407035175879397,141,0.14170854271356784,10,0.010050251256281407,140,0.1407035175879397,90,0.09045226130653267,16,0.016080402010050253,78,0.07839195979899498,339,0.3407035175879397,76,0.0763819095477387,6,0.006030150753768844,10,0.010050251256281407,3,0.003015075376884422,8,0.008040201005025126,1,0.0010050251256281408,0,0.0,13,0.01306532663316583,1,0.0010050251256281408,0,0.0,0,0.0,0,0.0,0,0.0,17,0.017085427135678392,0,0.0,0,0.0,0,0.0,0,0.0,0,0.0,46,0.04623115577889447,995,1.0,ORIGEN,SECCION,COMPLETO,CATALOGO_INE_2026
715,23,QUINTANA ROO,OTHON P. BLANCO,,14,424,1453,497,0.3420509291121817,0.6579490708878183,PAN,111,0.22334004024144868,17,0.03420523138832998,MORENA,94,0.1891348088531187,11,0.022132796780684104,MC,83,0.16700201207243462,PAN,111,0.22334004024144868,17,0.03420523138832998,MORENA,94,0.1891348088531187,11,0.022132796780684104,MC,83,0.16700201207243462,111,0.22334004024144868,14,0.028169014084507043,33,0.06639839034205232,59,0.11871227364185111,13,0.026156941649899398,83,0.16700201207243462,94,0.1891348088531187,17,0.03420523138832998,11,0.022132796780684104,3,0.006036217303822937,1,0.002012072434607646,3,0.006036217303822937,0,0.0,1,0.002012072434607646,0,0.0,1,0.002012072434607646,0,0.0,0,0.0,0,0.0,1,0.002012072434607646,29,0.05835010060362173,0,0.0,1,0.002012072434607646,0,0.0,0,0.0,0,0.0,22,0.04426559356136821,497,1.0,ORIGEN,SECCION,COMPLETO,CATALOGO_INE_2026
716,23,QUINTANA ROO,OTHON P. BLANCO,,14,425,1916,734,0.38308977035490605,0.6169102296450939,MORENA,254,0.3460490463215259,24,0.0326975476839237,MC,230,0.3133514986376022,151,0.20572207084468666,PVEM,79,0.10762942779291552,MORENA,254,0.3460490463215259,24,0.0326975476839237,MC,230,0.3133514986376022,151,0.20572207084468666,PVEM,79,0.10762942779291552,52,0.07084468664850137,7,0.009536784741144414,24,0.0326975476839237,79,0.10762942779291552,8,0.010899182561307902,230,0.3133514986376022,254,0.3460490463215259,16,0.021798365122615803,4,0.005449591280653951,6,0.008174386920980926,3,0.004087193460490463,2,0.0027247956403269754,1,0.0013623978201634877,0,0.0,10,0.013623978201634877,0,0.0,0,0.0,1,0.0013623978201634877,0,0.0,0,0.0,21,0.02861035422343324,0,0.0,2,0.0027247956403269754,0,0.0,0,0.0,0,0.0,14,0.01907356948228883,734,1.0,ORIGEN,SECCION,COMPLETO,CATALOGO_INE_2026
717,23,QUINTANA ROO,OTHON P. BLANCO,,14,429,2378,1375,0.5782169890664424,0.42178301093355763,MORENA,403,0.29309090909090907,182,0.13236363636363635,PRD,221,0.16072727272727272,36,0.02618181818181818,PVEM,185,0.13454545454545455,MORENA,403,0.29309090909090907,182,0.13236363636363635,PRD,221,0.16072727272727272,36,0.02618181818181818,PVEM,185,0.13454545454545455,153,0.11127272727272727,20,0.014545454545454545,221,0.16072727272727272,185,0.13454545454545455,25,0.01818181818181818,88,0.064,403,0.29309090909090907,68,0.04945454545454545,10,0.007272727272727273,20,0.014545454545454545,9,0.006545454545454545,5,0.0036363636363636364,2,0.0014545454545454545,0,0.0,0,0.0,3,0.002181818181818182,1,0.0007272727272727272,0,0.0,1,0.0007272727272727272,3,0.002181818181818182,43,0.03127272727272727,4,0.002909090909090909,1,0.0007272727272727272,0,0.0,2,0.0014545454545454545,0,0.0,108,0.07854545454545454,1375,1.0,ORIGEN,SECCION,COMPLETO,CATALOGO_INE_2026
718,23,QUINTANA ROO,OTHON P. BLANCO,,14,448,912,447,0.4901315789473684,0.5098684210526316,MORENA,191,0.4272930648769575,118,0.2639821029082774,PRD,73,0.16331096196868009,3,0.006711409395973154,PAN,70,0.15659955257270694,MORENA,191,0.4272930648769575,118,0.2639821029082774,PRD,73,0.16331096196868009,3,0.006711409395973154,PAN,70,0.15659955257270694,70,0.15659955257270694,9,0.020134228187919462,73,0.16331096196868009,26,0.058165548098434,14,0.03131991051454139,28,0.06263982102908278,191,0.4272930648769575,10,0.02237136465324385,5,0.011185682326621925,1,0.0022371364653243847,5,0.011185682326621925,0,0.0,0,0.0,0,0.0,0,0.0,7,0.015659955257270694,0,0.0,0,0.0,0,0.0,0,0.0,2,0.0044742729306487695,0,0.0,0,0.0,0,0.0,0,0.0,0,0.0,6,0.013422818791946308,447,1.0,ORIGEN,SECCION,COMPLETO,CATALOGO_INE_2026
719,23,QUINTANA ROO,OTHON P. BLANCO,,14,785,848,509,0.6002358490566038,0.39976415094339623,MC,147,0.2888015717092338,2,0.003929273084479371,MORENA,145,0.28487229862475444,73,0.14341846758349705,PVEM,72,0.14145383104125736,MC,147,0.2888015717092338,2,0.003929273084479371,MORENA,145,0.28487229862475444,73,0.14341846758349705,PVEM,72,0.14145383104125736,56,0.1100196463654224,12,0.023575638506876228,10,0.019646365422396856,72,0.14145383104125736,6,0.011787819253438114,147,0.2888015717092338,145,0.28487229862475444,24,0.047151277013752456,5,0.009823182711198428,3,0.005893909626719057,1,0.0019646365422396855,1,0.0019646365422396855,0,0.0,0,0.0,1,0.0019646365422396855,0,0.0,0,0.0,0,0.0,0,0.0,0,0.0,14,0.0275049115913556,0,0.0,0,0.0,0,0.0,0,0.0,2,0.003929273084479371,10,0.019646365422396856,509,1.0,ORIGEN,SECCION,COMPLETO,CATALOGO_INE_2026
720,23,QUINTANA ROO,OTHON P. BLANCO,,14,786,854,438,0.5128805620608899,0.48711943793911006,MORENA,108,0.2465753424657534,6,0.0136986301369863,MC,102,0.2328767123287671,40,0.091324200913242,PVEM,62,0.1415525114155251,MORENA,108,0.2465753424657534,6,0.0136986301369863,MC,102,0.2328767123287671,40,0.091324200913242,PVEM,62,0.1415525114155251,50,0.1141552511415525,12,0.0273972602739726,18,0.0410958904109589,62,0.1415525114155251,13,0.02968036529680365,102,0.2328767123287671,108,0.2465753424657534,22,0.0502283105022831,1,0.00228310502283105,6,0.0136986301369863,0,0.0,0,0.0,1,0.00228310502283105,1,0.00228310502283105,2,0.0045662100456621,1,0.00228310502283105,0,0.0,0,0.0,0,0.0,0,0.0,16,0.0365296803652968,0,0.0,0,0.0,0,0.0,3,0.00684931506849315,0,0.0,20,0.045662100456621,438,1.0,ORIGEN,SECCION,COMPLETO,CATALOGO_INE_2026
721,23,QUINTANA ROO,OTHON P. BLANCO,,14,807,936,491,0.5245726495726496,0.4754273504273504,MORENA,141,0.28716904276985744,31,0.06313645621181263,MC,110,0.2240325865580448,28,0.05702647657841141,PAN,82,0.1670061099796334,MORENA,141,0.28716904276985744,31,0.06313645621181263,MC,110,0.2240325865580448,28,0.05702647657841141,PAN,82,0.1670061099796334,82,0.1670061099796334,12,0.024439918533604887,14,0.028513238289205704,73,0.14867617107942974,8,0.016293279022403257,110,0.2240325865580448,141,0.28716904276985744,21,0.04276985743380855,3,0.006109979633401222,4,0.008146639511201629,4,0.008146639511201629,0,0.0,0,0.0,0,0.0,0,0.0,1,0.002036659877800407,1,0.002036659877800407,1,0.002036659877800407,0,0.0,0,0.0,2,0.004073319755600814,0,0.0,0,0.0,0,0.0,2,0.004073319755600814,0,0.0,12,0.024439918533604887,491,1.0,ORIGEN,SECCION,COMPLETO,CATALOGO_INE_2026
722,23,QUINTANA ROO,OTHON P. BLANCO,,14,808,631,320,0.5071315372424723,0.4928684627575277,MORENA,88,0.275,12,0.0375,MC,76,0.2375,24,0.075,PVEM,52,0.1625,MORENA,88,0.275,12,0.0375,MC,76,0.2375,24,0.075,PVEM,52,0.1625,31,0.096875,9,0.028125,14,0.04375,52,0.1625,0,0.0,76,0.2375,88,0.275,24,0.075,5,0.015625,1,0.003125,0,0.0,0,0.0,0,0.0,0,0.0,1,0.003125,0,0.0,0,0.0,0,0.0,0,0.0,1,0.003125,8,0.025,0,0.0,0,0.0,0,0.0,0,0.0,0,0.0,10,0.03125,320,1.0,ORIGEN,SECCION,COMPLETO,CATALOGO_INE_2026
723,23,QUINTANA ROO,OTHON P. BLANCO,,14,809,672,344,0.5119047619047619,0.48809523809523814,MORENA,106,0.3081395348837209,10,0.029069767441860465,MC,96,0.27906976744186046,43,0.125,PVEM,53,0.15406976744186046,MORENA,106,0.3081395348837209,10,0.029069767441860465,MC,96,0.27906976744186046,43,0.125,PVEM,53,0.15406976744186046,26,0.0755813953488372,8,0.023255813953488372,11,0.03197674418604651,53,0.15406976744186046,3,0.00872093023255814,96,0.27906976744186046,106,0.3081395348837209,13,0.0377906976744186,2,0.005813953488372093,6,0.01744186046511628,2,0.005813953488372093,1,0.0029069767441860465,0,0.0,0,0.0,0,0.0,0,0.0,0,0.0,0,0.0,0,0.0,0,0.0,4,0.011627906976744186,1,0.0029069767441860465,0,0.0,0,0.0,0,0.0,0,0.0,12,0.03488372093023256,344,1.0,ORIGEN,SECCION,COMPLETO,CATALOGO_INE_2026
724,23,QUINTANA ROO,OTHON P. BLANCO,,14,810,354,219,0.6186440677966102,0.3813559322033898,MC,76,0.3470319634703196,10,0.045662100456621,MORENA,66,0.3013698630136986,45,0.2054794520547945,PAN,21,0.0958904109589041,MC,76,0.3470319634703196,10,0.045662100456621,MORENA,66,0.3013698630136986,45,0.2054794520547945,PAN,21,0.0958904109589041,21,0.0958904109589041,8,0.0365296803652968,3,0.0136986301369863,19,0.0867579908675799,0,0.0,76,0.3470319634703196,66,0.3013698630136986,4,0.0182648401826484,3,0.0136986301369863,2,0.0091324200913242,0,0.0,0,0.0,0,0.0,0,0.0,0,0.0,0,0.0,0,0.0,0,0.0,0,0.0,0,0.0,15,0.0684931506849315,0,0.0,0,0.0,0,0.0,0,0.0,0,0.0,2,0.0091324200913242,219,1.0,ORIGEN,SECCION,COMPLETO,CATALOGO_INE_2026
725,23,QUINTANA ROO,OTHON P. BLANCO,,15,300,2810,1544,0.5494661921708185,0.4505338078291815,MC,472,0.30569948186528495,78,0.050518134715025906,MORENA,394,0.2551813471502591,217,0.1405440414507772,PVEM,177,0.11463730569948187,MC,472,0.30569948186528495,78,0.050518134715025906,MORENA,394,0.2551813471502591,217,0.1405440414507772,PVEM,177,0.11463730569948187,174,0.11269430051813471,57,0.036917098445595854,40,0.025906735751295335,177,0.11463730569948187,15,0.009715025906735751,472,0.30569948186528495,394,0.2551813471502591,63,0.040803108808290155,15,0.009715025906735751,24,0.015544041450777202,5,0.003238341968911917,1,0.0006476683937823834,0,0.0,0,0.0,0,0.0,4,0.0025906735751295338,0,0.0,2,0.0012953367875647669,0,0.0,1,0.0006476683937823834,35,0.02266839378238342,0,0.0,4,0.0025906735751295338,0,0.0,2,0.0012953367875647669,0,0.0,59,0.03821243523316062,1544,1.0,ORIGEN,SECCION,COMPLETO,CATALOGO_INE_2026
726,23,QUINTANA ROO,OTHON P. BLANCO,,15,301,453,236,0.5209713024282561,0.47902869757174393,MORENA,66,0.2796610169491525,4,0.01694915254237288,MC,62,0.2627118644067797,33,0.13983050847457626,PVEM,29,0.1228813559322034,MORENA,66,0.2796610169491525,4,0.01694915254237288,MC,62,0.2627118644067797,33,0.13983050847457626,PVEM,29,0.1228813559322034,27,0.11440677966101695,10,0.0423728813559322,4,0.01694915254237288,29,0.1228813559322034,2,0.00847457627118644,62,0.2627118644067797,66,0.2796610169491525,7,0.029661016949152543,4,0.01694915254237288,5,0.0211864406779661,0,0.0,2,0.00847457627118644,0,0.0,0,0.0,2,0.00847457627118644,1,0.00423728813559322,0,0.0,0,0.0,0,0.0,0,0.0,4,0.01694915254237288,0,0.0,1,0.00423728813559322,0,0.0,0,0.0,0,0.0,10,0.0423728813559322,236,1.0,ORIGEN,SECCION,COMPLETO,CATALOGO_INE_2026
727,23,QUINTANA ROO,OTHON P. BLANCO,,15,302,1802,989,0.548834628190899,0.451165371809101,MC,305,0.3083923154701719,41,0.041456016177957536,MORENA,264,0.26693629929221435,146,0.14762386248736098,PAN,118,0.11931243680485339,MC,305,0.3083923154701719,41,0.041456016177957536,MORENA,264,0.26693629929221435,146,0.14762386248736098,PAN,118,0.11931243680485339,118,0.11931243680485339,22,0.022244691607684528,28,0.028311425682507583,112,0.11324570273003033,14,0.014155712841253791,305,0.3083923154701719,264,0.26693629929221435,34,0.034378159757330634,3,0.003033367037411527,8,0.008088978766430738,5,0.005055611729019211,4,0.004044489383215369,1,0.0010111223458038423,0,0.0,0,0.0,1,0.0010111223458038423,0,0.0,0,0.0,0,0.0,0,0.0,17,0.017189079878665317,0,0.0,0,0.0,1,0.0010111223458038423,1,0.0010111223458038423,2,0.0020222446916076846,49,0.04954499494438827,989,1.0,ORIGEN,SECCION,COMPLETO,CATALOGO_INE_2026
728,23,QUINTANA ROO,OTHON P. BLANCO,,15,308,1127,565,0.5013309671694764,0.49866903283052355,MORENA,173,0.30619469026548674,12,0.021238938053097345,MC,161,0.2849557522123894,85,0.1504424778761062,PVEM,76,0.13451327433628318,MORENA,173,0.30619469026548674,12,0.021238938053097345,MC,161,0.2849557522123894,85,0.1504424778761062,PVEM,76,0.13451327433628318,56,0.09911504424778761,7,0.012389380530973451,7,0.012389380530973451,76,0.13451327433628318,10,0.017699115044247787,161,0.2849557522123894,173,0.30619469026548674,25,0.04424778761061947,5,0.008849557522123894,5,0.008849557522123894,2,0.0035398230088495575,2,0.0035398230088495575,0,0.0,0,0.0,3,0.005309734513274336,1,0.0017699115044247787,0,0.0,0,0.0,0,0.0,0,0.0,13,0.023008849557522124,0,0.0,1,0.0017699115044247787,0,0.0,1,0.0017699115044247787,1,0.0017699115044247787,16,0.02831858407079646,565,1.0,ORIGEN,SECCION,COMPLETO,CATALOGO_INE_2026
729,23,QUINTANA ROO,OTHON P. BLANCO,,15,309,1403,743,0.5295794725588026,0.47042052744119744,MORENA,244,0.3283983849259758,78,0.10497981157469717,MC,166,0.2234185733512786,82,0.11036339165545088,PVEM,84,0.11305518169582772,MORENA,244,0.3283983849259758,78,0.10497981157469717,MC,166,0.2234185733512786,82,0.11036339165545088,PVEM,84,0.11305518169582772,66,0.08882907133243607,17,0.02288021534320323,26,0.034993270524899055,84,0.11305518169582772,7,0.009421265141318977,166,0.2234185733512786,244,0.3283983849259758,28,0.03768506056527591,6,0.008075370121130552,21,0.02826379542395693,3,0.004037685060565276,0,0.0,1,0.0013458950201884253,0,0.0,2,0.0026917900403768506,2,0.0026917900403768506,0,0.0,0,0.0,0,0.0,1,0.0013458950201884253,16,0.021534320323014805,1,0.0013458950201884253,3,0.004037685060565276,0,0.0,2,0.0026917900403768506,0,0.0,47,0.063257065948856,743,1.0,ORIGEN,SECCION,COMPLETO,CATALOGO_INE_2026
730,23,QUINTANA ROO,OTHON P. BLANCO,,15,310,1152,576,0.5,0.5,MORENA,166,0.2881944444444444,14,0.024305555555555556,MC,152,0.2638888888888889,78,0.13541666666666666,PVEM,74,0.1284722222222222,MORENA,166,0.2881944444444444,14,0.024305555555555556,MC,152,0.2638888888888889,78,0.13541666666666666,PVEM,74,0.1284722222222222,48,0.08333333333333333,22,0.03819444444444445,24,0.041666666666666664,74,0.1284722222222222,7,0.012152777777777778,152,0.2638888888888889,166,0.2881944444444444,23,0.03993055555555555,4,0.006944444444444444,7,0.012152777777777778,0,0.0,1,0.001736111111111111,1,0.001736111111111111,0,0.0,0,0.0,2,0.003472222222222222,0,0.0,0,0.0,0,0.0,1,0.001736111111111111,18,0.03125,0,0.0,2,0.003472222222222222,0,0.0,0,0.0,0,0.0,24,0.041666666666666664,576,1.0,ORIGEN,SECCION,COMPLETO,CATALOGO_INE_2026
731,23,QUINTANA ROO,OTHON P. BLANCO,,15,311,1091,583,0.534372135655362,0.465627864344638,MORENA,178,0.3053173241852487,22,0.03773584905660377,MC,156,0.26758147512864494,91,0.15608919382504288,PVEM,65,0.11149228130360206,MORENA,178,0.3053173241852487,22,0.03773584905660377,MC,156,0.26758147512864494,91,0.15608919382504288,PVEM,65,0.11149228130360206,62,0.10634648370497427,7,0.012006861063464836,14,0.024013722126929673,65,0.11149228130360206,15,0.025728987993138937,156,0.26758147512864494,178,0.3053173241852487,42,0.07204116638078903,6,0.010291595197255575,4,0.00686106346483705,0,0.0,2,0.003430531732418525,0,0.0,0,0.0,0,0.0,1,0.0017152658662092624,0,0.0,0,0.0,0,0.0,0,0.0,12,0.02058319039451115,0,0.0,0,0.0,0,0.0,1,0.0017152658662092624,0,0.0,18,0.030874785591766724,583,1.0,ORIGEN,SECCION,COMPLETO,CATALOGO_INE_2026
732,23,QUINTANA ROO,OTHON P. BLANCO,,15,312,1047,574,0.5482330468003821,0.4517669531996179,MORENA,164,0.2857142857142857,1,0.0017421602787456446,MC,163,0.28397212543554007,84,0.14634146341463414,PVEM,79,0.13763066202090593,MORENA,164,0.2857142857142857,1,0.0017421602787456446,MC,163,0.28397212543554007,84,0.14634146341463414,PVEM,79,0.13763066202090593,53,0.09233449477351917,17,0.029616724738675958,19,0.033101045296167246,79,0.13763066202090593,11,0.01916376306620209,163,0.28397212543554007,164,0.2857142857142857,33,0.05749128919860627,3,0.005226480836236934,2,0.003484320557491289,0,0.0,0,0.0,0,0.0,0,0.0,0,0.0,0,0.0,0,0.0,1,0.0017421602787456446,0,0.0,1,0.0017421602787456446,14,0.024390243902439025,0,0.0,0,0.0,0,0.0,0,0.0,0,0.0,14,0.024390243902439025,574,1.0,ORIGEN,SECCION,COMPLETO,CATALOGO_INE_2026
733,23,QUINTANA ROO,OTHON P. BLANCO,,15,313,622,313,0.5032154340836013,0.49678456591639875,MC,103,0.329073482428115,19,0.06070287539936102,MORENA,84,0.268370607028754,47,0.1501597444089457,PVEM,37,0.1182108626198083,MC,103,0.329073482428115,19,0.06070287539936102,MORENA,84,0.268370607028754,47,0.1501597444089457,PVEM,37,0.1182108626198083,31,0.09904153354632587,7,0.022364217252396165,9,0.02875399361022364,37,0.1182108626198083,6,0.019169329073482427,103,0.329073482428115,84,0.268370607028754,11,0.03514376996805112,3,0.009584664536741214,3,0.009584664536741214,0,0.0,0,0.0,0,0.0,0,0.0,0,0.0,0,0.0,0,0.0,0,0.0,0,0.0,5,0.01597444089456869,1,0.003194888178913738,0,0.0,0,0.0,0,0.0,0,0.0,0,0.0,13,0.04153354632587859,313,1.0,ORIGEN,SECCION,COMPLETO,CATALOGO_INE_2026
734,23,QUINTANA ROO,OTHON P. BLANCO,,15,314,491,240,0.48879837067209775,0.5112016293279023,MC,75,0.3125,4,0.016666666666666666,MORENA,71,0.29583333333333334,48,0.2,PAN,23,0.09583333333333334,MC,75,0.3125,4,0.016666666666666666,MORENA,71,0.29583333333333334,48,0.2,PAN,23,0.09583333333333334,23,0.09583333333333334,5,0.020833333333333332,8,0.03333333333333333,23,0.09583333333333334,2,0.008333333333333333,75,0.3125,71,0.29583333333333334,13,0.05416666666666667,1,0.004166666666666667,0,0.0,0,0.0,4,0.016666666666666666,0,0.0,0,0.0,0,0.0,2,0.008333333333333333,0,0.0,0,0.0,0,0.0,1,0.004166666666666667,4,0.016666666666666666,0,0.0,0,0.0,0,0.0,0,0.0,1,0.004166666666666667,7,0.029166666666666667,240,1.0,ORIGEN,SECCION,COMPLETO,CATALOGO_INE_2026
735,23,QUINTANA ROO,OTHON P. BLANCO,,15,324,292,144,0.4931506849315068,0.5068493150684932,MORENA,45,0.3125,12,0.08333333333333333,MC,33,0.22916666666666666,17,0.11805555555555555,PVEM,16,0.1111111111111111,MORENA,45,0.3125,12,0.08333333333333333,MC,33,0.22916666666666666,17,0.11805555555555555,PVEM,16,0.1111111111111111,13,0.09027777777777778,5,0.034722222222222224,6,0.041666666666666664,16,0.1111111111111111,1,0.006944444444444444,33,0.22916666666666666,45,0.3125,8,0.05555555555555555,3,0.020833333333333332,1,0.006944444444444444,0,0.0,0,0.0,0,0.0,0,0.0,0,0.0,0,0.0,0,0.0,0,0.0,0,0.0,0,0.0,0,0.0,0,0.0,2,0.013888888888888888,0,0.0,0,0.0,0,0.0,11,0.0763888888888889,144,1.0,ORIGEN,SECCION,COMPLETO,CATALOGO_INE_2026
736,23,QUINTANA ROO,OTHON P. BLANCO,,15,325,775,1185,1.5290322580645161,-0.5290322580645161,MORENA,358,0.30210970464135023,71,0.059915611814345994,MC,287,0.24219409282700421,143,0.12067510548523207,PAN,144,0.12151898734177215,MORENA,358,0.30210970464135023,71,0.059915611814345994,MC,287,0.24219409282700421,143,0.12067510548523207,PAN,144,0.12151898734177215,144,0.12151898734177215,31,0.026160337552742614,23,0.019409282700421943,140,0.11814345991561181,18,0.015189873417721518,287,0.24219409282700421,358,0.30210970464135023,67,0.056540084388185655,12,0.010126582278481013,8,0.006751054852320675,4,0.0033755274261603376,4,0.0033755274261603376,1,0.0008438818565400844,0,0.0,0,0.0,1,0.0008438818565400844,1,0.0008438818565400844,1,0.0008438818565400844,1,0.0008438818565400844,1,0.0008438818565400844,23,0.019409282700421943,0,0.0,5,0.004219409282700422,0,0.0,1,0.0008438818565400844,0,0.0,54,0.04556962025316456,1185,1.0,ORIGEN,SECCION,COMPLETO,CATALOGO_INE_2026
737,23,QUINTANA ROO,OTHON P. BLANCO,,15,326,961,567,0.5900104058272633,0.4099895941727367,MC,173,0.30511463844797176,4,0.007054673721340388,MORENA,169,0.2980599647266314,106,0.18694885361552027,PVEM,63,0.1111111111111111,MC,173,0.30511463844797176,4,0.007054673721340388,MORENA,169,0.2980599647266314,106,0.18694885361552027,PVEM,63,0.1111111111111111,52,0.09171075837742504,14,0.024691358024691357,10,0.01763668430335097,63,0.1111111111111111,8,0.014109347442680775,173,0.30511463844797176,169,0.2980599647266314,36,0.06349206349206349,5,0.008818342151675485,1,0.001763668430335097,2,0.003527336860670194,3,0.005291005291005291,0,0.0,0,0.0,1,0.001763668430335097,0,0.0,0,0.0,0,0.0,0,0.0,2,0.003527336860670194,12,0.021164021164021163,0,0.0,1,0.001763668430335097,0,0.0,3,0.005291005291005291,1,0.001763668430335097,11,0.019400352733686066,567,1.0,ORIGEN,SECCION,COMPLETO,CATALOGO_INE_2026
738,23,QUINTANA ROO,OTHON P. BLANCO,,15,327,613,345,0.5628058727569332,0.43719412724306683,MC,121,0.3507246376811594,35,0.10144927536231885,MORENA,86,0.2492753623188406,32,0.0927536231884058,PVEM,54,0.1565217391304348,MC,121,0.3507246376811594,35,0.10144927536231885,MORENA,86,0.2492753623188406,32,0.0927536231884058,PVEM,54,0.1565217391304348,21,0.06086956521739131,7,0.020289855072463767,14,0.04057971014492753,54,0.1565217391304348,2,0.005797101449275362,121,0.3507246376811594,86,0.2492753623188406,16,0.0463768115942029,2,0.005797101449275362,5,0.014492753623188406,0,0.0,1,0.002898550724637681,0,0.0,0,0.0,0,0.0,0,0.0,0,0.0,0,0.0,0,0.0,0,0.0,7,0.020289855072463767,0,0.0,0,0.0,0,0.0,0,0.0,0,0.0,9,0.02608695652173913,345,1.0,ORIGEN,SECCION,COMPLETO,CATALOGO_INE_2026
739,23,QUINTANA ROO,OTHON P. BLANCO,,15,328,808,443,0.5482673267326733,0.4517326732673267,MC,138,0.3115124153498871,9,0.020316027088036117,MORENA,129,0.291196388261851,59,0.13318284424379231,PAN,70,0.1580135440180587,MC,138,0.3115124153498871,9,0.020316027088036117,MORENA,129,0.291196388261851,59,0.13318284424379231,PAN,70,0.1580135440180587,70,0.1580135440180587,12,0.02708803611738149,9,0.020316027088036117,37,0.0835214446952596,4,0.009029345372460496,138,0.3115124153498871,129,0.291196388261851,9,0.020316027088036117,3,0.006772009029345372,5,0.011286681715575621,0,0.0,1,0.002257336343115124,0,0.0,0,0.0,0,0.0,3,0.006772009029345372,0,0.0,0,0.0,0,0.0,0,0.0,6,0.013544018058690745,0,0.0,0,0.0,0,0.0,0,0.0,1,0.002257336343115124,16,0.03611738148984198,443,1.0,ORIGEN,SECCION,COMPLETO,CATALOGO_INE_2026
740,23,QUINTANA ROO,OTHON P. BLANCO,,15,345,460,262,0.5695652173913044,0.4304347826086956,MC,91,0.3473282442748092,9,0.03435114503816794,MORENA,82,0.31297709923664124,54,0.20610687022900764,PAN,28,0.10687022900763359,MC,91,0.3473282442748092,9,0.03435114503816794,MORENA,82,0.31297709923664124,54,0.20610687022900764,PAN,28,0.10687022900763359,28,0.10687022900763359,5,0.019083969465648856,2,0.007633587786259542,26,0.09923664122137404,6,0.022900763358778626,91,0.3473282442748092,82,0.31297709923664124,4,0.015267175572519083,0,0.0,0,0.0,0,0.0,0,0.0,1,0.003816793893129771,0,0.0,0,0.0,0,0.0,0,0.0,0,0.0,0,0.0,0,0.0,9,0.03435114503816794,0,0.0,0,0.0,0,0.0,0,0.0,2,0.007633587786259542,6,0.022900763358778626,262,1.0,ORIGEN,SECCION,COMPLETO,CATALOGO_INE_2026
741,23,QUINTANA ROO,OTHON P. BLANCO,,15,346,709,396,0.5585331452750353,0.4414668547249647,MC,126,0.3181818181818182,12,0.030303030303030304,MORENA,114,0.2878787878787879,79,0.1994949494949495,PVEM,35,0.08838383838383838,MC,126,0.3181818181818182,12,0.030303030303030304,MORENA,114,0.2878787878787879,79,0.1994949494949495,PVEM,35,0.08838383838383838,29,0.07323232323232323,11,0.027777777777777776,5,0.012626262626262626,35,0.08838383838383838,6,0.015151515151515152,126,0.3181818181818182,114,0.2878787878787879,20,0.050505050505050504,8,0.020202020202020204,5,0.012626262626262626,1,0.0025252525252525255,0,0.0,0,0.0,0,0.0,0,0.0,1,0.0025252525252525255,0,0.0,0,0.0,0,0.0,0,0.0,11,0.027777777777777776,1,0.0025252525252525255,1,0.0025252525252525255,0,0.0,0,0.0,1,0.0025252525252525255,21,0.05303030303030303,396,1.0,ORIGEN,SECCION,COMPLETO,CATALOGO_INE_2026
742,23,QUINTANA ROO,OTHON P. BLANCO,,15,347,944,557,0.590042372881356,0.40995762711864403,MC,165,0.296229802513465,12,0.02154398563734291,MORENA,153,0.2746858168761221,85,0.1526032315978456,PAN,68,0.12208258527827648,MC,165,0.296229802513465,12,0.02154398563734291,MORENA,153,0.2746858168761221,85,0.1526032315978456,PAN,68,0.12208258527827648,68,0.12208258527827648,28,0.05026929982046679,10,0.017953321364452424,37,0.06642728904847396,6,0.010771992818671455,165,0.296229802513465,153,0.2746858168761221,38,0.06822262118491922,5,0.008976660682226212,1,0.0017953321364452424,2,0.003590664272890485,5,0.008976660682226212,0,0.0,1,0.0017953321364452424,0,0.0,0,0.0,0,0.0,0,0.0,0,0.0,1,0.0017953321364452424,16,0.02872531418312388,0,0.0,0,0.0,0,0.0,0,0.0,0,0.0,21,0.03770197486535009,557,1.0,ORIGEN,SECCION,COMPLETO,CATALOGO_INE_2026
743,23,QUINTANA ROO,OTHON P. BLANCO,,15,348,586,331,0.5648464163822525,0.4351535836177475,MORENA,111,0.33534743202416917,30,0.09063444108761329,MC,81,0.24471299093655588,40,0.12084592145015106,PVEM,41,0.12386706948640483,MORENA,111,0.33534743202416917,30,0.09063444108761329,MC,81,0.24471299093655588,40,0.12084592145015106,PVEM,41,0.12386706948640483,33,0.09969788519637462,14,0.04229607250755287,9,0.027190332326283987,41,0.12386706948640483,2,0.006042296072507553,81,0.24471299093655588,111,0.33534743202416917,6,0.01812688821752266,3,0.00906344410876133,4,0.012084592145015106,1,0.0030211480362537764,2,0.006042296072507553,0,0.0,0,0.0,0,0.0,0,0.0,0,0.0,0,0.0,0,0.0,0,0.0,11,0.03323262839879154,0,0.0,0,0.0,0,0.0,0,0.0,1,0.0030211480362537764,12,0.03625377643504532,331,1.0,ORIGEN,SECCION,COMPLETO,CATALOGO_INE_2026
744,23,QUINTANA ROO,OTHON P. BLANCO,,15,349,668,368,0.5508982035928144,0.4491017964071856,MC,99,0.26902173913043476,0,0.0,MORENA,99,0.26902173913043476,40,0.10869565217391304,PVEM,59,0.16032608695652173,MC,99,0.26902173913043476,0,0.0,MORENA,99,0.26902173913043476,40,0.10869565217391304,PVEM,59,0.16032608695652173,27,0.07336956521739131,16,0.043478260869565216,9,0.024456521739130436,59,0.16032608695652173,11,0.029891304347826088,99,0.26902173913043476,99,0.26902173913043476,18,0.04891304347826087,3,0.008152173913043478,2,0.005434782608695652,2,0.005434782608695652,1,0.002717391304347826,0,0.0,0,0.0,0,0.0,0,0.0,0,0.0,0,0.0,1,0.002717391304347826,0,0.0,0,0.0,5,0.01358695652173913,1,0.002717391304347826,0,0.0,0,0.0,0,0.0,15,0.04076086956521739,368,1.0,ORIGEN,SECCION,COMPLETO,CATALOGO_INE_2026
745,23,QUINTANA ROO,OTHON P. BLANCO,,15,350,611,341,0.55810147299509,0.44189852700490995,MC,114,0.3343108504398827,23,0.06744868035190615,MORENA,91,0.2668621700879765,54,0.15835777126099707,PAN,37,0.10850439882697947,MC,114,0.3343108504398827,23,0.06744868035190615,MORENA,91,0.2668621700879765,54,0.15835777126099707,PAN,37,0.10850439882697947,37,0.10850439882697947,17,0.04985337243401759,5,0.01466275659824047,33,0.0967741935483871,4,0.011730205278592375,114,0.3343108504398827,91,0.2668621700879765,12,0.03519061583577713,4,0.011730205278592375,2,0.005865102639296188,0,0.0,1,0.002932551319648094,0,0.0,0,0.0,1,0.002932551319648094,0,0.0,0,0.0,0,0.0,0,0.0,1,0.002932551319648094,5,0.01466275659824047,0,0.0,0,0.0,0,0.0,0,0.0,0,0.0,14,0.04105571847507331,341,1.0,ORIGEN,SECCION,COMPLETO,CATALOGO_INE_2026
746,23,QUINTANA ROO,OTHON P. BLANCO,,15,351,596,340,0.5704697986577181,0.4295302013422819,MC,126,0.37058823529411766,34,0.1,MORENA,92,0.27058823529411763,48,0.1411764705882353,PAN,44,0.12941176470588237,MC,126,0.37058823529411766,34,0.1,MORENA,92,0.27058823529411763,48,0.1411764705882353,PAN,44,0.12941176470588237,44,0.12941176470588237,8,0.023529411764705882,4,0.011764705882352941,32,0.09411764705882353,4,0.011764705882352941,126,0.37058823529411766,92,0.27058823529411763,11,0.03235294117647059,6,0.01764705882352941,2,0.0058823529411764705,2,0.0058823529411764705,0,0.0,0,0.0,0,0.0,0,0.0,1,0.0029411764705882353,0,0.0,0,0.0,0,0.0,0,0.0,5,0.014705882352941176,0,0.0,0,0.0,0,0.0,0,0.0,0,0.0,3,0.008823529411764706,340,1.0,ORIGEN,SECCION,COMPLETO,CATALOGO_INE_2026
747,23,QUINTANA ROO,OTHON P. BLANCO,,15,352,1120,661,0.5901785714285714,0.40982142857142856,MC,231,0.3494704992435703,67,0.10136157337367625,MORENA,164,0.2481089258698941,74,0.11195158850226929,PVEM,90,0.1361573373676248,MC,231,0.3494704992435703,67,0.10136157337367625,MORENA,164,0.2481089258698941,74,0.11195158850226929,PVEM,90,0.1361573373676248,60,0.0907715582450832,24,0.036308623298033284,13,0.019667170953101363,90,0.1361573373676248,6,0.009077155824508321,231,0.3494704992435703,164,0.2481089258698941,24,0.036308623298033284,3,0.0045385779122541605,3,0.0045385779122541605,1,0.0015128593040847202,1,0.0015128593040847202,1,0.0015128593040847202,0,0.0,1,0.0015128593040847202,0,0.0,0,0.0,1,0.0015128593040847202,0,0.0,14,0.02118003025718608,7,0.01059001512859304,0,0.0,0,0.0,0,0.0,1,0.0015128593040847202,0,0.0,16,0.024205748865355523,661,1.0,ORIGEN,SECCION,COMPLETO,CATALOGO_INE_2026
748,23,QUINTANA ROO,OTHON P. BLANCO,,15,353,746,392,0.5254691689008043,0.4745308310991957,MORENA,122,0.3112244897959184,13,0.03316326530612245,MC,109,0.2780612244897959,61,0.1556122448979592,PAN,48,0.12244897959183673,MORENA,122,0.3112244897959184,13,0.03316326530612245,MC,109,0.2780612244897959,61,0.1556122448979592,PAN,48,0.12244897959183673,48,0.12244897959183673,9,0.02295918367346939,7,0.017857142857142856,42,0.10714285714285714,2,0.00510204081632653,109,0.2780612244897959,122,0.3112244897959184,21,0.05357142857142857,2,0.00510204081632653,4,0.01020408163265306,1,0.002551020408163265,1,0.002551020408163265,0,0.0,0,0.0,0,0.0,0,0.0,2,0.00510204081632653,0,0.0,0,0.0,0,0.0,9,0.02295918367346939,0,0.0,0,0.0,0,0.0,0,0.0,0,0.0,13,0.03316326530612245,392,1.0,ORIGEN,SECCION,COMPLETO,CATALOGO_INE_2026
749,23,QUINTANA ROO,OTHON P. BLANCO,,15,354,718,411,0.5724233983286908,0.4275766016713092,MC,167,0.40632603406326034,66,0.16058394160583941,MORENA,101,0.24574209245742093,51,0.12408759124087591,PAN,50,0.12165450121654502,MC,167,0.40632603406326034,66,0.16058394160583941,MORENA,101,0.24574209245742093,51,0.12408759124087591,PAN,50,0.12165450121654502,50,0.12165450121654502,11,0.0267639902676399,6,0.014598540145985401,29,0.0705596107055961,2,0.004866180048661801,167,0.40632603406326034,101,0.24574209245742093,15,0.0364963503649635,1,0.0024330900243309003,2,0.004866180048661801,1,0.0024330900243309003,0,0.0,0,0.0,0,0.0,1,0.0024330900243309003,0,0.0,0,0.0,0,0.0,0,0.0,0,0.0,7,0.0170316301703163,0,0.0,0,0.0,2,0.004866180048661801,1,0.0024330900243309003,0,0.0,15,0.0364963503649635,411,1.0,ORIGEN,SECCION,COMPLETO,CATALOGO_INE_2026
750,23,QUINTANA ROO,OTHON P. BLANCO,,15,355,534,315,0.5898876404494382,0.4101123595505618,MORENA,107,0.3396825396825397,33,0.10476190476190476,MC,74,0.23492063492063492,30,0.09523809523809523,PVEM,44,0.13968253968253969,MORENA,107,0.3396825396825397,33,0.10476190476190476,MC,74,0.23492063492063492,30,0.09523809523809523,PVEM,44,0.13968253968253969,28,0.08888888888888889,12,0.0380952380952381,4,0.012698412698412698,44,0.13968253968253969,3,0.009523809523809525,74,0.23492063492063492,107,0.3396825396825397,11,0.03492063492063492,3,0.009523809523809525,2,0.006349206349206349,1,0.0031746031746031746,0,0.0,0,0.0,0,0.0,1,0.0031746031746031746,0,0.0,0,0.0,0,0.0,0,0.0,0,0.0,14,0.044444444444444446,0,0.0,0,0.0,0,0.0,0,0.0,0,0.0,11,0.03492063492063492,315,1.0,ORIGEN,SECCION,COMPLETO,CATALOGO_INE_2026
751,23,QUINTANA ROO,OTHON P. BLANCO,,15,356,651,375,0.576036866359447,0.42396313364055305,MORENA,131,0.34933333333333333,45,0.12,MC,86,0.22933333333333333,46,0.12266666666666666,PAN,40,0.10666666666666667,MORENA,131,0.34933333333333333,45,0.12,MC,86,0.22933333333333333,46,0.12266666666666666,PAN,40,0.10666666666666667,40,0.10666666666666667,12,0.032,6,0.016,40,0.10666666666666667,5,0.013333333333333334,86,0.22933333333333333,131,0.34933333333333333,14,0.037333333333333336,4,0.010666666666666666,4,0.010666666666666666,1,0.0026666666666666666,0,0.0,0,0.0,0,0.0,0,0.0,1,0.0026666666666666666,0,0.0,0,0.0,1,0.0026666666666666666,0,0.0,12,0.032,0,0.0,0,0.0,0,0.0,1,0.0026666666666666666,0,0.0,17,0.04533333333333334,375,1.0,ORIGEN,SECCION,COMPLETO,CATALOGO_INE_2026
752,23,QUINTANA ROO,OTHON P. BLANCO,,15,366,552,252,0.45652173913043476,0.5434782608695652,MORENA,90,0.35714285714285715,39,0.15476190476190477,PAN,51,0.20238095238095238,11,0.04365079365079365,PVEM,40,0.15873015873015872,MORENA,90,0.35714285714285715,39,0.15476190476190477,PAN,51,0.20238095238095238,11,0.04365079365079365,PVEM,40,0.15873015873015872,51,0.20238095238095238,8,0.031746031746031744,3,0.011904761904761904,40,0.15873015873015872,3,0.011904761904761904,23,0.09126984126984126,90,0.35714285714285715,7,0.027777777777777776,3,0.011904761904761904,1,0.003968253968253968,1,0.003968253968253968,1,0.003968253968253968,0,0.0,0,0.0,1,0.003968253968253968,0,0.0,0,0.0,0,0.0,0,0.0,1,0.003968253968253968,9,0.03571428571428571,0,0.0,2,0.007936507936507936,0,0.0,1,0.003968253968253968,0,0.0,7,0.027777777777777776,252,1.0,ORIGEN,SECCION,COMPLETO,CATALOGO_INE_2026
753,23,QUINTANA ROO,OTHON P. BLANCO,,15,367,606,347,0.5726072607260726,0.4273927392739274,MC,111,0.31988472622478387,3,0.008645533141210375,MORENA,108,0.3112391930835735,69,0.1988472622478386,PAN,39,0.11239193083573487,MC,111,0.31988472622478387,3,0.008645533141210375,MORENA,108,0.3112391930835735,69,0.1988472622478386,PAN,39,0.11239193083573487,39,0.11239193083573487,13,0.037463976945244955,7,0.020172910662824207,26,0.07492795389048991,3,0.008645533141210375,111,0.31988472622478387,108,0.3112391930835735,13,0.037463976945244955,4,0.011527377521613832,2,0.005763688760806916,0,0.0,1,0.002881844380403458,0,0.0,0,0.0,2,0.005763688760806916,0,0.0,0,0.0,0,0.0,0,0.0,1,0.002881844380403458,6,0.01729106628242075,0,0.0,0,0.0,0,0.0,0,0.0,3,0.008645533141210375,8,0.023054755043227664,347,1.0,ORIGEN,SECCION,COMPLETO,CATALOGO_INE_2026
754,23,QUINTANA ROO,OTHON P. BLANCO,,15,368,793,410,0.5170239596469105,0.4829760403530895,MC,145,0.35365853658536583,50,0.12195121951219512,MORENA,95,0.23170731707317074,45,0.10975609756097561,PVEM,50,0.12195121951219512,MC,145,0.35365853658536583,50,0.12195121951219512,MORENA,95,0.23170731707317074,45,0.10975609756097561,PVEM,50,0.12195121951219512,49,0.11951219512195121,18,0.04390243902439024,11,0.026829268292682926,50,0.12195121951219512,5,0.012195121951219513,145,0.35365853658536583,95,0.23170731707317074,9,0.02195121951219512,3,0.007317073170731708,2,0.004878048780487805,0,0.0,2,0.004878048780487805,0,0.0,0,0.0,0,0.0,2,0.004878048780487805,0,0.0,0,0.0,0,0.0,0,0.0,6,0.014634146341463415,0,0.0,0,0.0,0,0.0,0,0.0,0,0.0,13,0.03170731707317073,410,1.0,ORIGEN,SECCION,COMPLETO,CATALOGO_INE_2026
755,23,QUINTANA ROO,OTHON P. BLANCO,,15,369,422,239,0.566350710900474,0.43364928909952605,MC,84,0.3514644351464435,20,0.08368200836820083,MORENA,64,0.26778242677824265,39,0.16317991631799164,PVEM,25,0.10460251046025104,MC,84,0.3514644351464435,20,0.08368200836820083,MORENA,64,0.26778242677824265,39,0.16317991631799164,PVEM,25,0.10460251046025104,22,0.09205020920502092,8,0.03347280334728033,2,0.008368200836820083,25,0.10460251046025104,1,0.0041841004184100415,84,0.3514644351464435,64,0.26778242677824265,11,0.04602510460251046,2,0.008368200836820083,4,0.016736401673640166,1,0.0041841004184100415,1,0.0041841004184100415,0,0.0,0,0.0,0,0.0,0,0.0,0,0.0,0,0.0,0,0.0,0,0.0,5,0.02092050209205021,0,0.0,0,0.0,0,0.0,1,0.0041841004184100415,1,0.0041841004184100415,7,0.029288702928870293,239,1.0,ORIGEN,SECCION,COMPLETO,CATALOGO_INE_2026
756,23,QUINTANA ROO,OTHON P. BLANCO,,15,370,668,341,0.5104790419161677,0.48952095808383234,MORENA,94,0.2756598240469208,9,0.026392961876832845,MC,85,0.24926686217008798,35,0.10263929618768329,PVEM,50,0.1466275659824047,MORENA,94,0.2756598240469208,9,0.026392961876832845,MC,85,0.24926686217008798,35,0.10263929618768329,PVEM,50,0.1466275659824047,40,0.11730205278592376,9,0.026392961876832845,11,0.03225806451612903,50,0.1466275659824047,5,0.01466275659824047,85,0.24926686217008798,94,0.2756598240469208,8,0.02346041055718475,4,0.011730205278592375,0,0.0,0,0.0,3,0.008797653958944282,0,0.0,0,0.0,0,0.0,1,0.002932551319648094,0,0.0,0,0.0,0,0.0,0,0.0,12,0.03519061583577713,1,0.002932551319648094,0,0.0,0,0.0,0,0.0,0,0.0,18,0.05278592375366569,341,1.0,ORIGEN,SECCION,COMPLETO,CATALOGO_INE_2026
757,23,QUINTANA ROO,OTHON P. BLANCO,,15,371,1240,636,0.5129032258064516,0.48709677419354835,MORENA,193,0.30345911949685533,11,0.01729559748427673,MC,182,0.2861635220125786,99,0.15566037735849056,PVEM,83,0.13050314465408805,MORENA,193,0.30345911949685533,11,0.01729559748427673,MC,182,0.2861635220125786,99,0.15566037735849056,PVEM,83,0.13050314465408805,67,0.10534591194968554,17,0.026729559748427674,10,0.015723270440251572,83,0.13050314465408805,5,0.007861635220125786,182,0.2861635220125786,193,0.30345911949685533,26,0.040880503144654086,1,0.0015723270440251573,3,0.0047169811320754715,1,0.0015723270440251573,1,0.0015723270440251573,2,0.0031446540880503146,0,0.0,3,0.0047169811320754715,1,0.0015723270440251573,0,0.0,0,0.0,0,0.0,0,0.0,15,0.02358490566037736,0,0.0,4,0.006289308176100629,0,0.0,0,0.0,0,0.0,22,0.03459119496855346,636,1.0,ORIGEN,SECCION,COMPLETO,CATALOGO_INE_2026
758,23,QUINTANA ROO,OTHON P. BLANCO,,15,372,331,165,0.4984894259818731,0.5015105740181269,MORENA,50,0.30303030303030304,10,0.06060606060606061,MC,40,0.24242424242424243,14,0.08484848484848485,PAN,26,0.15757575757575756,MORENA,50,0.30303030303030304,10,0.06060606060606061,MC,40,0.24242424242424243,14,0.08484848484848485,PAN,26,0.15757575757575756,26,0.15757575757575756,3,0.01818181818181818,1,0.006060606060606061,22,0.13333333333333333,2,0.012121212121212121,40,0.24242424242424243,50,0.30303030303030304,13,0.07878787878787878,0,0.0,2,0.012121212121212121,0,0.0,0,0.0,0,0.0,0,0.0,0,0.0,1,0.006060606060606061,0,0.0,0,0.0,0,0.0,0,0.0,1,0.006060606060606061,0,0.0,1,0.006060606060606061,0,0.0,0,0.0,0,0.0,3,0.01818181818181818,165,1.0,ORIGEN,SECCION,COMPLETO,CATALOGO_INE_2026
759,23,QUINTANA ROO,OTHON P. BLANCO,,15,374,618,334,0.540453074433657,0.459546925566343,MC,110,0.32934131736526945,18,0.05389221556886228,MORENA,92,0.2754491017964072,59,0.17664670658682635,PVEM,33,0.09880239520958084,MC,110,0.32934131736526945,18,0.05389221556886228,MORENA,92,0.2754491017964072,59,0.17664670658682635,PVEM,33,0.09880239520958084,32,0.09580838323353294,12,0.03592814371257485,13,0.038922155688622756,33,0.09880239520958084,1,0.0029940119760479044,110,0.32934131736526945,92,0.2754491017964072,5,0.014970059880239521,6,0.017964071856287425,7,0.020958083832335328,2,0.005988023952095809,1,0.0029940119760479044,0,0.0,0,0.0,0,0.0,0,0.0,0,0.0,0,0.0,0,0.0,0,0.0,9,0.02694610778443114,0,0.0,1,0.0029940119760479044,0,0.0,0,0.0,0,0.0,10,0.029940119760479042,334,1.0,ORIGEN,SECCION,COMPLETO,CATALOGO_INE_2026
760,23,QUINTANA ROO,OTHON P. BLANCO,,15,375,890,509,0.5719101123595506,0.4280898876404494,MORENA,154,0.3025540275049116,21,0.0412573673870334,MC,133,0.26129666011787817,71,0.13948919449901767,PVEM,62,0.12180746561886051,MORENA,154,0.3025540275049116,21,0.0412573673870334,MC,133,0.26129666011787817,71,0.13948919449901767,PVEM,62,0.12180746561886051,46,0.09037328094302555,23,0.04518664047151277,18,0.03536345776031434,62,0.12180746561886051,7,0.0137524557956778,133,0.26129666011787817,154,0.3025540275049116,19,0.03732809430255403,6,0.011787819253438114,7,0.0137524557956778,2,0.003929273084479371,1,0.0019646365422396855,0,0.0,0,0.0,3,0.005893909626719057,0,0.0,0,0.0,0,0.0,1,0.0019646365422396855,0,0.0,14,0.0275049115913556,0,0.0,2,0.003929273084479371,0,0.0,0,0.0,0,0.0,11,0.021611001964636542,509,1.0,ORIGEN,SECCION,COMPLETO,CATALOGO_INE_2026
761,23,QUINTANA ROO,OTHON P. BLANCO,,15,379,612,302,0.4934640522875817,0.5065359477124183,MORENA,101,0.3344370860927152,12,0.039735099337748346,MC,89,0.2947019867549669,51,0.16887417218543047,PVEM,38,0.12582781456953643,MORENA,101,0.3344370860927152,12,0.039735099337748346,MC,89,0.2947019867549669,51,0.16887417218543047,PVEM,38,0.12582781456953643,37,0.12251655629139073,5,0.016556291390728478,4,0.013245033112582781,38,0.12582781456953643,6,0.019867549668874173,89,0.2947019867549669,101,0.3344370860927152,3,0.009933774834437087,4,0.013245033112582781,2,0.006622516556291391,0,0.0,0,0.0,0,0.0,0,0.0,1,0.0033112582781456954,0,0.0,0,0.0,1,0.0033112582781456954,0,0.0,0,0.0,3,0.009933774834437087,1,0.0033112582781456954,0,0.0,0,0.0,1,0.0033112582781456954,0,0.0,6,0.019867549668874173,302,1.0,ORIGEN,SECCION,COMPLETO,CATALOGO_INE_2026
762,23,QUINTANA ROO,OTHON P. BLANCO,,15,380,676,366,0.5414201183431953,0.45857988165680474,MC,114,0.3114754098360656,13,0.03551912568306011,MORENA,101,0.27595628415300544,52,0.14207650273224043,PVEM,49,0.13387978142076504,MC,114,0.3114754098360656,13,0.03551912568306011,MORENA,101,0.27595628415300544,52,0.14207650273224043,PVEM,49,0.13387978142076504,41,0.11202185792349727,5,0.01366120218579235,7,0.01912568306010929,49,0.13387978142076504,2,0.00546448087431694,114,0.3114754098360656,101,0.27595628415300544,17,0.04644808743169399,3,0.00819672131147541,4,0.01092896174863388,0,0.0,1,0.00273224043715847,0,0.0,0,0.0,2,0.00546448087431694,0,0.0,1,0.00273224043715847,0,0.0,0,0.0,0,0.0,7,0.01912568306010929,0,0.0,1,0.00273224043715847,0,0.0,1,0.00273224043715847,0,0.0,10,0.0273224043715847,366,1.0,ORIGEN,SECCION,COMPLETO,CATALOGO_INE_2026
763,23,QUINTANA ROO,OTHON P. BLANCO,,15,381,379,202,0.5329815303430079,0.4670184696569921,MC,53,0.2623762376237624,5,0.024752475247524754,MORENA,48,0.2376237623762376,4,0.019801980198019802,PAN,44,0.21782178217821782,MC,53,0.2623762376237624,5,0.024752475247524754,MORENA,48,0.2376237623762376,4,0.019801980198019802,PAN,44,0.21782178217821782,44,0.21782178217821782,9,0.04455445544554455,4,0.019801980198019802,15,0.07425742574257425,4,0.019801980198019802,53,0.2623762376237624,48,0.2376237623762376,4,0.019801980198019802,2,0.009900990099009901,2,0.009900990099009901,1,0.0049504950495049506,2,0.009900990099009901,1,0.0049504950495049506,0,0.0,0,0.0,0,0.0,0,0.0,0,0.0,0,0.0,0,0.0,2,0.009900990099009901,0,0.0,0,0.0,0,0.0,0,0.0,0,0.0,11,0.054455445544554455,202,1.0,ORIGEN,SECCION,COMPLETO,CATALOGO_INE_2026
764,23,QUINTANA ROO,OTHON P. BLANCO,,15,382,716,350,0.4888268156424581,0.5111731843575419,MC,106,0.3028571428571429,1,0.002857142857142857,MORENA,105,0.3,58,0.1657142857142857,PVEM,47,0.13428571428571429,MC,106,0.3028571428571429,1,0.002857142857142857,MORENA,105,0.3,58,0.1657142857142857,PVEM,47,0.13428571428571429,25,0.07142857142857142,14,0.04,9,0.025714285714285714,47,0.13428571428571429,10,0.02857142857142857,106,0.3028571428571429,105,0.3,15,0.04285714285714286,3,0.008571428571428572,4,0.011428571428571429,0,0.0,0,0.0,0,0.0,0,0.0,0,0.0,0,0.0,0,0.0,0,0.0,0,0.0,0,0.0,12,0.03428571428571429,0,0.0,0,0.0,0,0.0,0,0.0,0,0.0,0,0.0,350,1.0,ORIGEN,SECCION,COMPLETO,CATALOGO_INE_2026
765,23,QUINTANA ROO,OTHON P. BLANCO,,15,383,490,276,0.563265306122449,0.43673469387755104,MC,107,0.38768115942028986,50,0.18115942028985507,MORENA,57,0.20652173913043478,22,0.07971014492753623,PVEM,35,0.12681159420289856,MC,107,0.38768115942028986,50,0.18115942028985507,MORENA,57,0.20652173913043478,22,0.07971014492753623,PVEM,35,0.12681159420289856,29,0.10507246376811594,16,0.057971014492753624,5,0.018115942028985508,35,0.12681159420289856,0,0.0,107,0.38768115942028986,57,0.20652173913043478,9,0.03260869565217391,2,0.007246376811594203,1,0.0036231884057971015,0,0.0,0,0.0,0,0.0,0,0.0,0,0.0,0,0.0,0,0.0,0,0.0,0,0.0,0,0.0,2,0.007246376811594203,0,0.0,2,0.007246376811594203,0,0.0,0,0.0,0,0.0,11,0.03985507246376811,276,1.0,ORIGEN,SECCION,COMPLETO,CATALOGO_INE_2026
766,23,QUINTANA ROO,OTHON P. BLANCO,,15,393,961,244,0.25390218522372526,0.7460978147762747,MORENA,124,0.5081967213114754,100,0.4098360655737705,MC,24,0.09836065573770492,2,0.00819672131147541,PVEM,22,0.09016393442622951,MORENA,124,0.5081967213114754,100,0.4098360655737705,MC,24,0.09836065573770492,2,0.00819672131147541,PVEM,22,0.09016393442622951,16,0.06557377049180328,9,0.036885245901639344,13,0.05327868852459016,22,0.09016393442622951,1,0.004098360655737705,24,0.09836065573770492,124,0.5081967213114754,15,0.06147540983606557,0,0.0,10,0.040983606557377046,0,0.0,0,0.0,0,0.0,0,0.0,0,0.0,2,0.00819672131147541,0,0.0,0,0.0,0,0.0,0,0.0,2,0.00819672131147541,0,0.0,0,0.0,2,0.00819672131147541,0,0.0,0,0.0,4,0.01639344262295082,244,1.0,ORIGEN,SECCION,COMPLETO,CATALOGO_INE_2026
767,23,QUINTANA ROO,OTHON P. BLANCO,,15,410,1689,395,0.23386619301361752,0.7661338069863824,MORENA,183,0.46329113924050636,114,0.28860759493670884,MC,69,0.17468354430379746,33,0.08354430379746836,PAN,36,0.09113924050632911,MORENA,183,0.46329113924050636,114,0.28860759493670884,MC,69,0.17468354430379746,33,0.08354430379746836,PAN,36,0.09113924050632911,36,0.09113924050632911,16,0.04050632911392405,15,0.0379746835443038,21,0.053164556962025315,8,0.020253164556962026,69,0.17468354430379746,183,0.46329113924050636,14,0.035443037974683546,5,0.012658227848101266,25,0.06329113924050633,0,0.0,0,0.0,0,0.0,0,0.0,0,0.0,1,0.002531645569620253,0,0.0,0,0.0,0,0.0,0,0.0,1,0.002531645569620253,0,0.0,0,0.0,0,0.0,0,0.0,0,0.0,1,0.002531645569620253,395,1.0,ORIGEN,SECCION,COMPLETO,CATALOGO_INE_2026
768,23,QUINTANA ROO,OTHON P. BLANCO,,15,411,732,422,0.5765027322404371,0.42349726775956287,MORENA,145,0.34360189573459715,43,0.1018957345971564,MC,102,0.24170616113744076,59,0.13981042654028436,MAS,43,0.1018957345971564,MORENA,145,0.34360189573459715,43,0.1018957345971564,MC,102,0.24170616113744076,59,0.13981042654028436,MAS,43,0.1018957345971564,20,0.04739336492890995,3,0.0071090047393364926,14,0.03317535545023697,41,0.0971563981042654,8,0.018957345971563982,102,0.24170616113744076,145,0.34360189573459715,43,0.1018957345971564,0,0.0,5,0.011848341232227487,0,0.0,0,0.0,0,0.0,0,0.0,0,0.0,0,0.0,0,0.0,0,0.0,0,0.0,1,0.002369668246445498,18,0.04265402843601896,0,0.0,0,0.0,0,0.0,0,0.0,0,0.0,22,0.052132701421800945,422,1.0,ORIGEN,SECCION,COMPLETO,CATALOGO_INE_2026
769,23,QUINTANA ROO,OTHON P. BLANCO,,15,412,876,472,0.5388127853881278,0.4611872146118722,MORENA,167,0.3538135593220339,109,0.2309322033898305,MC,58,0.1228813559322034,8,0.01694915254237288,MAS,50,0.1059322033898305,MORENA,167,0.3538135593220339,109,0.2309322033898305,MC,58,0.1228813559322034,8,0.01694915254237288,MAS,50,0.1059322033898305,32,0.06779661016949153,13,0.02754237288135593,37,0.07838983050847458,46,0.09745762711864407,12,0.025423728813559324,58,0.1228813559322034,167,0.3538135593220339,50,0.1059322033898305,4,0.00847457627118644,10,0.0211864406779661,6,0.012711864406779662,2,0.00423728813559322,1,0.00211864406779661,0,0.0,0,0.0,0,0.0,0,0.0,0,0.0,0,0.0,1,0.00211864406779661,11,0.023305084745762712,0,0.0,1,0.00211864406779661,1,0.00211864406779661,1,0.00211864406779661,0,0.0,19,0.04025423728813559,472,1.0,ORIGEN,SECCION,COMPLETO,CATALOGO_INE_2026
770,23,QUINTANA ROO,OTHON P. BLANCO,,15,426,1446,724,0.5006915629322268,0.49930843706777317,MC,180,0.24861878453038674,26,0.03591160220994475,MORENA,154,0.212707182320442,7,0.009668508287292817,PVEM,147,0.20303867403314918,MC,180,0.24861878453038674,26,0.03591160220994475,MORENA,154,0.212707182320442,7,0.009668508287292817,PVEM,147,0.20303867403314918,58,0.08011049723756906,16,0.022099447513812154,46,0.06353591160220995,147,0.20303867403314918,0,0.0,180,0.24861878453038674,154,0.212707182320442,50,0.06906077348066299,4,0.0055248618784530384,3,0.004143646408839779,2,0.0027624309392265192,3,0.004143646408839779,1,0.0013812154696132596,0,0.0,1,0.0013812154696132596,1,0.0013812154696132596,0,0.0,0,0.0,0,0.0,0,0.0,9,0.012430939226519336,0,0.0,2,0.0027624309392265192,2,0.0027624309392265192,0,0.0,0,0.0,45,0.062154696132596686,724,1.0,ORIGEN,SECCION,COMPLETO,CATALOGO_INE_2026
771,23,QUINTANA ROO,OTHON P. BLANCO,,15,427,1496,840,0.5614973262032086,0.4385026737967914,MORENA,222,0.2642857142857143,45,0.05357142857142857,MC,177,0.21071428571428572,74,0.0880952380952381,PVEM,103,0.12261904761904761,MORENA,222,0.2642857142857143,45,0.05357142857142857,MC,177,0.21071428571428572,74,0.0880952380952381,PVEM,103,0.12261904761904761,72,0.08571428571428572,20,0.023809523809523808,83,0.0988095238095238,103,0.12261904761904761,9,0.010714285714285714,177,0.21071428571428572,222,0.2642857142857143,70,0.08333333333333333,15,0.017857142857142856,5,0.005952380952380952,3,0.0035714285714285713,0,0.0,1,0.0011904761904761906,0,0.0,0,0.0,2,0.002380952380952381,0,0.0,0,0.0,0,0.0,6,0.007142857142857143,23,0.02738095238095238,0,0.0,0,0.0,0,0.0,0,0.0,1,0.0011904761904761906,28,0.03333333333333333,840,1.0,ORIGEN,SECCION,COMPLETO,CATALOGO_INE_2026
772,23,QUINTANA ROO,OTHON P. BLANCO,,15,428,5214,2228,0.42731108553893365,0.5726889144610663,MORENA,592,0.26570915619389585,106,0.04757630161579892,MC,486,0.21813285457809695,68,0.03052064631956912,PVEM,418,0.18761220825852784,MORENA,592,0.26570915619389585,106,0.04757630161579892,MC,486,0.21813285457809695,68,0.03052064631956912,PVEM,418,0.18761220825852784,210,0.09425493716337523,49,0.02199281867145422,67,0.03007181328545781,418,0.18761220825852784,23,0.010323159784560144,486,0.21813285457809695,592,0.26570915619389585,145,0.06508078994614004,24,0.010771992818671455,16,0.00718132854578097,5,0.002244165170556553,7,0.0031418312387791743,2,0.0008976660682226212,0,0.0,3,0.0013464991023339318,2,0.0008976660682226212,2,0.0008976660682226212,0,0.0,0,0.0,0,0.0,72,0.03231597845601436,0,0.0,13,0.0058348294434470375,0,0.0,1,0.0004488330341113106,0,0.0,91,0.040843806104129264,2228,1.0,ORIGEN,SECCION,COMPLETO,INFERIDA_SECCION_VECINA
773,23,QUINTANA ROO,OTHON P. BLANCO,,15,775,4527,2023,0.44687430969737135,0.5531256903026287,MORENA,544,0.2689075630252101,29,0.014335145823035097,MC,515,0.254572417202175,214,0.10578348986653485,PVEM,301,0.14878892733564014,MORENA,544,0.2689075630252101,29,0.014335145823035097,MC,515,0.254572417202175,214,0.10578348986653485,PVEM,301,0.14878892733564014,220,0.10874938210578348,52,0.02570439940682155,50,0.024715768660405337,301,0.14878892733564014,37,0.01828966880869995,515,0.254572417202175,544,0.2689075630252101,114,0.05635195254572417,19,0.009391992090954029,18,0.008897676717745922,3,0.0014829461196243204,12,0.005931784478497282,2,0.0009886307464162135,0,0.0,5,0.002471576866040534,4,0.001977261492832427,1,0.0004943153732081067,0,0.0,0,0.0,1,0.0004943153732081067,48,0.023727137913989126,3,0.0014829461196243204,1,0.0004943153732081067,0,0.0,2,0.0009886307464162135,3,0.0014829461196243204,68,0.03361344537815126,2023,1.0,ORIGEN,SECCION,COMPLETO,INFERIDA_SECCION_VECINA
774,23,QUINTANA ROO,OTHON P. BLANCO,,15,776,576,247,0.4288194444444444,0.5711805555555556,MORENA,70,0.2834008097165992,9,0.03643724696356275,MC,61,0.24696356275303644,8,0.032388663967611336,PVEM,53,0.2145748987854251,MORENA,70,0.2834008097165992,9,0.03643724696356275,MC,61,0.24696356275303644,8,0.032388663967611336,PVEM,53,0.2145748987854251,25,0.10121457489878542,3,0.012145748987854251,8,0.032388663967611336,53,0.2145748987854251,5,0.020242914979757085,61,0.24696356275303644,70,0.2834008097165992,7,0.02834008097165992,3,0.012145748987854251,1,0.004048582995951417,1,0.004048582995951417,2,0.008097165991902834,0,0.0,0,0.0,0,0.0,0,0.0,0,0.0,0,0.0,0,0.0,0,0.0,3,0.012145748987854251,0,0.0,0,0.0,0,0.0,0,0.0,0,0.0,5,0.020242914979757085,247,1.0,ORIGEN,SECCION,COMPLETO,CATALOGO_INE_2026
775,23,QUINTANA ROO,OTHON P. BLANCO,,15,777,827,395,0.47762998790810157,0.5223700120918984,MC,117,0.29620253164556964,24,0.060759493670886074,MORENA,93,0.23544303797468355,14,0.035443037974683546,PVEM,79,0.2,MC,117,0.29620253164556964,24,0.060759493670886074,MORENA,93,0.23544303797468355,14,0.035443037974683546,PVEM,79,0.2,26,0.06582278481012659,11,0.027848101265822784,13,0.03291139240506329,79,0.2,7,0.017721518987341773,117,0.29620253164556964,93,0.23544303797468355,21,0.053164556962025315,2,0.005063291139240506,2,0.005063291139240506,1,0.002531645569620253,1,0.002531645569620253,0,0.0,0,0.0,0,0.0,1,0.002531645569620253,0,0.0,0,0.0,0,0.0,0,0.0,11,0.027848101265822784,0,0.0,1,0.002531645569620253,0,0.0,0,0.0,0,0.0,9,0.02278481012658228,395,1.0,ORIGEN,SECCION,COMPLETO,CATALOGO_INE_2026
776,23,QUINTANA ROO,OTHON P. BLANCO,,15,778,657,336,0.5114155251141552,0.4885844748858448,PVEM,88,0.2619047619047619,9,0.026785714285714284,MC,79,0.23511904761904762,20,0.05952380952380952,MORENA,59,0.17559523809523808,PVEM,88,0.2619047619047619,9,0.026785714285714284,MC,79,0.23511904761904762,20,0.05952380952380952,MORENA,59,0.17559523809523808,43,0.12797619047619047,13,0.03869047619047619,14,0.041666666666666664,88,0.2619047619047619,5,0.01488095238095238,79,0.23511904761904762,59,0.17559523809523808,15,0.044642857142857144,3,0.008928571428571428,1,0.002976190476190476,2,0.005952380952380952,3,0.008928571428571428,0,0.0,0,0.0,1,0.002976190476190476,0,0.0,0,0.0,0,0.0,0,0.0,0,0.0,5,0.01488095238095238,0,0.0,0,0.0,0,0.0,0,0.0,1,0.002976190476190476,4,0.011904761904761904,336,1.0,ORIGEN,SECCION,COMPLETO,CATALOGO_INE_2026
777,23,QUINTANA ROO,OTHON P. BLANCO,,15,779,582,273,0.4690721649484536,0.5309278350515464,MORENA,87,0.31868131868131866,25,0.09157509157509157,MC,62,0.2271062271062271,27,0.0989010989010989,PVEM,35,0.1282051282051282,MORENA,87,0.31868131868131866,25,0.09157509157509157,MC,62,0.2271062271062271,27,0.0989010989010989,PVEM,35,0.1282051282051282,32,0.11721611721611722,2,0.007326007326007326,11,0.040293040293040296,35,0.1282051282051282,1,0.003663003663003663,62,0.2271062271062271,87,0.31868131868131866,12,0.04395604395604396,4,0.014652014652014652,2,0.007326007326007326,0,0.0,2,0.007326007326007326,0,0.0,0,0.0,1,0.003663003663003663,0,0.0,0,0.0,0,0.0,0,0.0,0,0.0,9,0.03296703296703297,0,0.0,0,0.0,0,0.0,0,0.0,0,0.0,13,0.047619047619047616,273,1.0,ORIGEN,SECCION,COMPLETO,CATALOGO_INE_2026
778,23,QUINTANA ROO,OTHON P. BLANCO,,15,780,734,340,0.46321525885558584,0.5367847411444142,MORENA,114,0.3352941176470588,25,0.07352941176470588,MC,89,0.26176470588235295,42,0.12352941176470589,PVEM,47,0.13823529411764707,MORENA,114,0.3352941176470588,25,0.07352941176470588,MC,89,0.26176470588235295,42,0.12352941176470589,PVEM,47,0.13823529411764707,23,0.06764705882352941,4,0.011764705882352941,10,0.029411764705882353,47,0.13823529411764707,3,0.008823529411764706,89,0.26176470588235295,114,0.3352941176470588,15,0.04411764705882353,1,0.0029411764705882353,9,0.026470588235294117,1,0.0029411764705882353,1,0.0029411764705882353,1,0.0029411764705882353,0,0.0,0,0.0,0,0.0,0,0.0,0,0.0,1,0.0029411764705882353,0,0.0,7,0.020588235294117647,0,0.0,1,0.0029411764705882353,0,0.0,0,0.0,0,0.0,13,0.03823529411764706,340,1.0,ORIGEN,SECCION,COMPLETO,CATALOGO_INE_2026
779,23,QUINTANA ROO,OTHON P. BLANCO,,15,781,860,447,0.5197674418604651,0.4802325581395349,MORENA,151,0.3378076062639821,37,0.08277404921700224,MC,114,0.2550335570469799,46,0.1029082774049217,PVEM,68,0.15212527964205816,MORENA,151,0.3378076062639821,37,0.08277404921700224,MC,114,0.2550335570469799,46,0.1029082774049217,PVEM,68,0.15212527964205816,43,0.09619686800894854,6,0.013422818791946308,18,0.040268456375838924,68,0.15212527964205816,7,0.015659955257270694,114,0.2550335570469799,151,0.3378076062639821,22,0.049217002237136466,0,0.0,3,0.006711409395973154,4,0.008948545861297539,0,0.0,0,0.0,0,0.0,0,0.0,0,0.0,0,0.0,0,0.0,0,0.0,0,0.0,3,0.006711409395973154,0,0.0,0,0.0,0,0.0,0,0.0,0,0.0,8,0.017897091722595078,447,1.0,ORIGEN,SECCION,COMPLETO,CATALOGO_INE_2026
780,23,QUINTANA ROO,OTHON P. BLANCO,,15,782,752,376,0.5,0.5,MORENA,109,0.2898936170212766,12,0.031914893617021274,MC,97,0.2579787234042553,36,0.09574468085106383,PVEM,61,0.1622340425531915,MORENA,109,0.2898936170212766,12,0.031914893617021274,MC,97,0.2579787234042553,36,0.09574468085106383,PVEM,61,0.1622340425531915,29,0.07712765957446809,11,0.02925531914893617,11,0.02925531914893617,61,0.1622340425531915,8,0.02127659574468085,97,0.2579787234042553,109,0.2898936170212766,23,0.061170212765957445,6,0.015957446808510637,4,0.010638297872340425,1,0.0026595744680851063,0,0.0,0,0.0,0,0.0,1,0.0026595744680851063,0,0.0,0,0.0,0,0.0,0,0.0,0,0.0,2,0.005319148936170213,0,0.0,0,0.0,0,0.0,0,0.0,0,0.0,13,0.034574468085106384,376,1.0,ORIGEN,SECCION,COMPLETO,CATALOGO_INE_2026
781,23,QUINTANA ROO,OTHON P. BLANCO,,15,783,1337,737,0.5512341062079282,0.44876589379207177,MC,201,0.2727272727272727,18,0.024423337856173677,MORENA,183,0.24830393487109906,57,0.0773405698778833,PVEM,126,0.17096336499321574,MC,201,0.2727272727272727,18,0.024423337856173677,MORENA,183,0.24830393487109906,57,0.0773405698778833,PVEM,126,0.17096336499321574,85,0.11533242876526459,24,0.032564450474898234,18,0.024423337856173677,126,0.17096336499321574,6,0.008141112618724558,201,0.2727272727272727,183,0.24830393487109906,46,0.06241519674355495,3,0.004070556309362279,12,0.016282225237449117,3,0.004070556309362279,5,0.0067842605156037995,0,0.0,0,0.0,1,0.0013568521031207597,2,0.0027137042062415195,0,0.0,0,0.0,0,0.0,0,0.0,7,0.009497964721845319,4,0.005427408412483039,1,0.0013568521031207597,2,0.0027137042062415195,0,0.0,0,0.0,8,0.010854816824966078,737,1.0,ORIGEN,SECCION,COMPLETO,CATALOGO_INE_2026
782,23,QUINTANA ROO,OTHON P. BLANCO,,15,784,747,352,0.47121820615796517,0.5287817938420348,MC,103,0.29261363636363635,8,0.022727272727272728,MORENA,95,0.26988636363636365,37,0.10511363636363637,PVEM,58,0.16477272727272727,MC,103,0.29261363636363635,8,0.022727272727272728,MORENA,95,0.26988636363636365,37,0.10511363636363637,PVEM,58,0.16477272727272727,29,0.08238636363636363,10,0.028409090909090908,8,0.022727272727272728,58,0.16477272727272727,9,0.02556818181818182,103,0.29261363636363635,95,0.26988636363636365,15,0.04261363636363636,4,0.011363636363636364,1,0.002840909090909091,0,0.0,1,0.002840909090909091,0,0.0,0,0.0,1,0.002840909090909091,2,0.005681818181818182,0,0.0,0,0.0,1,0.002840909090909091,1,0.002840909090909091,3,0.008522727272727272,1,0.002840909090909091,1,0.002840909090909091,0,0.0,0,0.0,0,0.0,9,0.02556818181818182,352,1.0,ORIGEN,SECCION,COMPLETO,CATALOGO_INE_2026
783,23,QUINTANA ROO,OTHON P. BLANCO,,15,787,926,430,0.46436285097192226,0.5356371490280778,MC,122,0.2837209302325581,13,0.030232558139534883,MORENA,109,0.2534883720930233,50,0.11627906976744186,PVEM,59,0.1372093023255814,MC,122,0.2837209302325581,13,0.030232558139534883,MORENA,109,0.2534883720930233,50,0.11627906976744186,PVEM,59,0.1372093023255814,47,0.10930232558139535,14,0.03255813953488372,11,0.02558139534883721,59,0.1372093023255814,10,0.023255813953488372,122,0.2837209302325581,109,0.2534883720930233,20,0.046511627906976744,3,0.0069767441860465115,2,0.004651162790697674,0,0.0,0,0.0,0,0.0,0,0.0,1,0.002325581395348837,0,0.0,0,0.0,1,0.002325581395348837,0,0.0,0,0.0,8,0.018604651162790697,0,0.0,1,0.002325581395348837,0,0.0,1,0.002325581395348837,1,0.002325581395348837,20,0.046511627906976744,430,1.0,ORIGEN,SECCION,COMPLETO,CATALOGO_INE_2026
784,23,QUINTANA ROO,OTHON P. BLANCO,,15,788,662,319,0.4818731117824773,0.5181268882175227,MC,93,0.29153605015673983,0,0.0,MORENA,93,0.29153605015673983,54,0.16927899686520376,PVEM,39,0.12225705329153605,MC,93,0.29153605015673983,0,0.0,MORENA,93,0.29153605015673983,54,0.16927899686520376,PVEM,39,0.12225705329153605,24,0.07523510971786834,5,0.01567398119122257,8,0.025078369905956112,39,0.12225705329153605,3,0.009404388714733543,93,0.29153605015673983,93,0.29153605015673983,15,0.047021943573667714,3,0.009404388714733543,0,0.0,0,0.0,2,0.006269592476489028,0,0.0,0,0.0,0,0.0,0,0.0,0,0.0,0,0.0,0,0.0,0,0.0,13,0.04075235109717868,0,0.0,0,0.0,0,0.0,0,0.0,0,0.0,21,0.06583072100313479,319,1.0,ORIGEN,SECCION,COMPLETO,CATALOGO_INE_2026
785,23,QUINTANA ROO,OTHON P. BLANCO,,15,789,665,306,0.46015037593984964,0.5398496240601504,MORENA,88,0.2875816993464052,1,0.0032679738562091504,MC,87,0.28431372549019607,45,0.14705882352941177,PVEM,42,0.13725490196078433,MORENA,88,0.2875816993464052,1,0.0032679738562091504,MC,87,0.28431372549019607,45,0.14705882352941177,PVEM,42,0.13725490196078433,28,0.0915032679738562,7,0.02287581699346405,13,0.042483660130718956,42,0.13725490196078433,3,0.00980392156862745,87,0.28431372549019607,88,0.2875816993464052,13,0.042483660130718956,2,0.006535947712418301,1,0.0032679738562091504,0,0.0,0,0.0,0,0.0,0,0.0,0,0.0,0,0.0,0,0.0,0,0.0,0,0.0,0,0.0,12,0.0392156862745098,0,0.0,0,0.0,0,0.0,0,0.0,0,0.0,10,0.032679738562091505,306,1.0,ORIGEN,SECCION,COMPLETO,CATALOGO_INE_2026
786,23,QUINTANA ROO,OTHON P. BLANCO,,15,790,947,484,0.5110876451953538,0.48891235480464623,MC,162,0.3347107438016529,32,0.06611570247933884,MORENA,130,0.26859504132231404,74,0.15289256198347106,PVEM,56,0.11570247933884298,MC,162,0.3347107438016529,32,0.06611570247933884,MORENA,130,0.26859504132231404,74,0.15289256198347106,PVEM,56,0.11570247933884298,49,0.1012396694214876,8,0.01652892561983471,17,0.03512396694214876,56,0.11570247933884298,12,0.024793388429752067,162,0.3347107438016529,130,0.26859504132231404,11,0.022727272727272728,3,0.006198347107438017,6,0.012396694214876033,5,0.010330578512396695,1,0.002066115702479339,0,0.0,0,0.0,1,0.002066115702479339,1,0.002066115702479339,0,0.0,0,0.0,0,0.0,1,0.002066115702479339,4,0.008264462809917356,0,0.0,1,0.002066115702479339,0,0.0,0,0.0,0,0.0,16,0.03305785123966942,484,1.0,ORIGEN,SECCION,COMPLETO,CATALOGO_INE_2026
787,23,QUINTANA ROO,OTHON P. BLANCO,,15,791,666,354,0.5315315315315315,0.46846846846846846,MC,115,0.3248587570621469,29,0.08192090395480225,MORENA,86,0.24293785310734464,44,0.12429378531073447,PVEM,42,0.11864406779661017,MC,115,0.3248587570621469,29,0.08192090395480225,MORENA,86,0.24293785310734464,44,0.12429378531073447,PVEM,42,0.11864406779661017,41,0.11581920903954802,8,0.022598870056497175,12,0.03389830508474576,42,0.11864406779661017,2,0.005649717514124294,115,0.3248587570621469,86,0.24293785310734464,21,0.059322033898305086,1,0.002824858757062147,3,0.00847457627118644,0,0.0,2,0.005649717514124294,0,0.0,0,0.0,0,0.0,0,0.0,0,0.0,0,0.0,0,0.0,1,0.002824858757062147,11,0.031073446327683617,0,0.0,0,0.0,0,0.0,1,0.002824858757062147,0,0.0,8,0.022598870056497175,354,1.0,ORIGEN,SECCION,COMPLETO,CATALOGO_INE_2026
788,23,QUINTANA ROO,OTHON P. BLANCO,,15,792,1016,476,0.468503937007874,0.5314960629921259,MORENA,153,0.32142857142857145,17,0.03571428571428571,MC,136,0.2857142857142857,85,0.17857142857142858,PVEM,51,0.10714285714285714,MORENA,153,0.32142857142857145,17,0.03571428571428571,MC,136,0.2857142857142857,85,0.17857142857142858,PVEM,51,0.10714285714285714,36,0.07563025210084033,7,0.014705882352941176,12,0.025210084033613446,51,0.10714285714285714,10,0.02100840336134454,136,0.2857142857142857,153,0.32142857142857145,27,0.05672268907563025,4,0.008403361344537815,4,0.008403361344537815,0,0.0,2,0.004201680672268907,0,0.0,0,0.0,0,0.0,0,0.0,0,0.0,0,0.0,0,0.0,1,0.0021008403361344537,15,0.031512605042016806,0,0.0,0,0.0,0,0.0,0,0.0,0,0.0,18,0.037815126050420166,476,1.0,ORIGEN,SECCION,COMPLETO,CATALOGO_INE_2026
789,23,QUINTANA ROO,OTHON P. BLANCO,,15,793,1544,624,0.40414507772020725,0.5958549222797928,MORENA,185,0.296474358974359,13,0.020833333333333332,MC,172,0.27564102564102566,101,0.16185897435897437,PVEM,71,0.11378205128205128,MORENA,185,0.296474358974359,13,0.020833333333333332,MC,172,0.27564102564102566,101,0.16185897435897437,PVEM,71,0.11378205128205128,68,0.10897435897435898,14,0.022435897435897436,15,0.02403846153846154,71,0.11378205128205128,12,0.019230769230769232,172,0.27564102564102566,185,0.296474358974359,28,0.04487179487179487,5,0.008012820512820512,7,0.011217948717948718,1,0.0016025641025641025,5,0.008012820512820512,0,0.0,0,0.0,1,0.0016025641025641025,1,0.0016025641025641025,0,0.0,0,0.0,0,0.0,0,0.0,10,0.016025641025641024,0,0.0,2,0.003205128205128205,0,0.0,1,0.0016025641025641025,0,0.0,26,0.041666666666666664,624,1.0,ORIGEN,SECCION,COMPLETO,CATALOGO_INE_2026
790,23,QUINTANA ROO,OTHON P. BLANCO,,15,794,5624,2664,0.47368421052631576,0.5263157894736843,MC,721,0.27064564564564564,3,0.0011261261261261261,MORENA,718,0.2695195195195195,301,0.11298798798798798,PVEM,417,0.15653153153153154,MC,721,0.27064564564564564,3,0.0011261261261261261,MORENA,718,0.2695195195195195,301,0.11298798798798798,PVEM,417,0.15653153153153154,279,0.10472972972972973,57,0.021396396396396396,82,0.03078078078078078,417,0.15653153153153154,34,0.012762762762762763,721,0.27064564564564564,718,0.2695195195195195,126,0.0472972972972973,31,0.011636636636636636,21,0.007882882882882882,6,0.0022522522522522522,6,0.0022522522522522522,0,0.0,1,0.00037537537537537537,1,0.00037537537537537537,4,0.0015015015015015015,0,0.0,1,0.00037537537537537537,1,0.00037537537537537537,1,0.00037537537537537537,53,0.019894894894894894,0,0.0,7,0.002627627627627628,0,0.0,2,0.0007507507507507507,0,0.0,95,0.03566066066066066,2664,1.0,ORIGEN,SECCION,COMPLETO,INFERIDA_SECCION_VECINA
791,23,QUINTANA ROO,OTHON P. BLANCO,,15,795,782,422,0.5396419437340153,0.4603580562659847,MC,128,0.3033175355450237,37,0.08767772511848342,MORENA,91,0.2156398104265403,21,0.04976303317535545,PVEM,70,0.16587677725118483,MC,128,0.3033175355450237,37,0.08767772511848342,MORENA,91,0.2156398104265403,21,0.04976303317535545,PVEM,70,0.16587677725118483,36,0.08530805687203792,13,0.030805687203791468,10,0.023696682464454975,70,0.16587677725118483,5,0.011848341232227487,128,0.3033175355450237,91,0.2156398104265403,19,0.045023696682464455,3,0.0071090047393364926,4,0.009478672985781991,0,0.0,0,0.0,1,0.002369668246445498,0,0.0,1,0.002369668246445498,0,0.0,0,0.0,2,0.004739336492890996,0,0.0,0,0.0,18,0.04265402843601896,1,0.002369668246445498,0,0.0,0,0.0,0,0.0,0,0.0,20,0.04739336492890995,422,1.0,ORIGEN,SECCION,COMPLETO,CATALOGO_INE_2026
792,23,QUINTANA ROO,OTHON P. BLANCO,,15,796,634,277,0.43690851735015773,0.5630914826498423,MORENA,111,0.4007220216606498,67,0.24187725631768953,PVEM,44,0.1588447653429603,16,0.05776173285198556,PAN,28,0.10108303249097472,MORENA,111,0.4007220216606498,67,0.24187725631768953,PVEM,44,0.1588447653429603,16,0.05776173285198556,PAN,28,0.10108303249097472,28,0.10108303249097472,9,0.032490974729241874,6,0.021660649819494584,44,0.1588447653429603,1,0.0036101083032490976,24,0.08664259927797834,111,0.4007220216606498,21,0.07581227436823104,2,0.007220216606498195,1,0.0036101083032490976,1,0.0036101083032490976,0,0.0,0,0.0,0,0.0,0,0.0,1,0.0036101083032490976,0,0.0,0,0.0,0,0.0,0,0.0,14,0.05054151624548736,0,0.0,0,0.0,0,0.0,0,0.0,0,0.0,14,0.05054151624548736,277,1.0,ORIGEN,SECCION,COMPLETO,CATALOGO_INE_2026
793,23,QUINTANA ROO,OTHON P. BLANCO,,15,797,921,516,0.5602605863192183,0.43973941368078173,MC,157,0.30426356589147285,25,0.04844961240310078,MORENA,132,0.2558139534883721,64,0.12403100775193798,PAN,68,0.13178294573643412,MC,157,0.30426356589147285,25,0.04844961240310078,MORENA,132,0.2558139534883721,64,0.12403100775193798,PAN,68,0.13178294573643412,68,0.13178294573643412,14,0.027131782945736434,8,0.015503875968992248,57,0.11046511627906977,2,0.003875968992248062,157,0.30426356589147285,132,0.2558139534883721,29,0.0562015503875969,3,0.005813953488372093,3,0.005813953488372093,3,0.005813953488372093,2,0.003875968992248062,1,0.001937984496124031,0,0.0,0,0.0,3,0.005813953488372093,0,0.0,0,0.0,0,0.0,0,0.0,20,0.03875968992248062,1,0.001937984496124031,1,0.001937984496124031,0,0.0,0,0.0,0,0.0,12,0.023255813953488372,516,1.0,ORIGEN,SECCION,COMPLETO,CATALOGO_INE_2026
794,23,QUINTANA ROO,OTHON P. BLANCO,,15,798,726,404,0.5564738292011019,0.4435261707988981,MORENA,131,0.32425742574257427,46,0.11386138613861387,MC,85,0.2103960396039604,11,0.027227722772277228,PVEM,74,0.18316831683168316,MORENA,131,0.32425742574257427,46,0.11386138613861387,MC,85,0.2103960396039604,11,0.027227722772277228,PVEM,74,0.18316831683168316,45,0.11138613861386139,7,0.017326732673267328,11,0.027227722772277228,74,0.18316831683168316,8,0.019801980198019802,85,0.2103960396039604,131,0.32425742574257427,14,0.034653465346534656,2,0.0049504950495049506,2,0.0049504950495049506,2,0.0049504950495049506,1,0.0024752475247524753,0,0.0,0,0.0,0,0.0,0,0.0,0,0.0,0,0.0,0,0.0,0,0.0,12,0.0297029702970297,0,0.0,1,0.0024752475247524753,0,0.0,1,0.0024752475247524753,0,0.0,8,0.019801980198019802,404,1.0,ORIGEN,SECCION,COMPLETO,CATALOGO_INE_2026
795,23,QUINTANA ROO,OTHON P. BLANCO,,15,799,720,402,0.5583333333333333,0.44166666666666665,MC,116,0.2885572139303483,7,0.017412935323383085,MORENA,109,0.27114427860696516,47,0.11691542288557213,PVEM,62,0.15422885572139303,MC,116,0.2885572139303483,7,0.017412935323383085,MORENA,109,0.27114427860696516,47,0.11691542288557213,PVEM,62,0.15422885572139303,47,0.11691542288557213,8,0.01990049751243781,11,0.02736318407960199,62,0.15422885572139303,5,0.012437810945273632,116,0.2885572139303483,109,0.27114427860696516,14,0.03482587064676617,5,0.012437810945273632,6,0.014925373134328358,2,0.004975124378109453,0,0.0,0,0.0,0,0.0,0,0.0,1,0.0024875621890547263,0,0.0,0,0.0,0,0.0,0,0.0,12,0.029850746268656716,0,0.0,0,0.0,0,0.0,1,0.0024875621890547263,2,0.004975124378109453,1,0.0024875621890547263,402,1.0,ORIGEN,SECCION,COMPLETO,CATALOGO_INE_2026
796,23,QUINTANA ROO,OTHON P. BLANCO,,15,800,847,384,0.45336481700118064,0.5466351829988194,MC,93,0.2421875,2,0.005208333333333333,MORENA,91,0.23697916666666666,31,0.08072916666666667,PAN,60,0.15625,MC,93,0.2421875,2,0.005208333333333333,MORENA,91,0.23697916666666666,31,0.08072916666666667,PAN,60,0.15625,60,0.15625,11,0.028645833333333332,11,0.028645833333333332,59,0.15364583333333334,1,0.0026041666666666665,93,0.2421875,91,0.23697916666666666,23,0.059895833333333336,0,0.0,2,0.005208333333333333,0,0.0,1,0.0026041666666666665,0,0.0,0,0.0,0,0.0,1,0.0026041666666666665,0,0.0,0,0.0,0,0.0,0,0.0,15,0.0390625,0,0.0,0,0.0,0,0.0,1,0.0026041666666666665,0,0.0,15,0.0390625,384,1.0,ORIGEN,SECCION,COMPLETO,CATALOGO_INE_2026
797,23,QUINTANA ROO,OTHON P. BLANCO,,15,801,849,399,0.46996466431095407,0.5300353356890459,MORENA,94,0.23558897243107768,12,0.03007518796992481,MC,82,0.20551378446115287,13,0.03258145363408521,PVEM,69,0.17293233082706766,MORENA,94,0.23558897243107768,12,0.03007518796992481,MC,82,0.20551378446115287,13,0.03258145363408521,PVEM,69,0.17293233082706766,51,0.12781954887218044,10,0.02506265664160401,6,0.015037593984962405,69,0.17293233082706766,6,0.015037593984962405,82,0.20551378446115287,94,0.23558897243107768,34,0.08521303258145363,2,0.005012531328320802,2,0.005012531328320802,1,0.002506265664160401,1,0.002506265664160401,1,0.002506265664160401,1,0.002506265664160401,1,0.002506265664160401,0,0.0,0,0.0,1,0.002506265664160401,0,0.0,7,0.017543859649122806,8,0.020050125313283207,1,0.002506265664160401,1,0.002506265664160401,0,0.0,1,0.002506265664160401,1,0.002506265664160401,18,0.045112781954887216,399,1.0,ORIGEN,SECCION,COMPLETO,CATALOGO_INE_2026
798,23,QUINTANA ROO,OTHON P. BLANCO,,15,802,1139,583,0.5118525021949079,0.48814749780509215,MORENA,166,0.2847341337907376,17,0.029159519725557463,MC,149,0.2555746140651801,68,0.11663807890222985,PVEM,81,0.13893653516295026,MORENA,166,0.2847341337907376,17,0.029159519725557463,MC,149,0.2555746140651801,68,0.11663807890222985,PVEM,81,0.13893653516295026,51,0.08747855917667238,8,0.0137221269296741,30,0.051457975986277875,81,0.13893653516295026,9,0.015437392795883362,149,0.2555746140651801,166,0.2847341337907376,28,0.048027444253859346,3,0.005145797598627788,6,0.010291595197255575,1,0.0017152658662092624,2,0.003430531732418525,0,0.0,0,0.0,0,0.0,0,0.0,0,0.0,0,0.0,0,0.0,0,0.0,17,0.029159519725557463,1,0.0017152658662092624,0,0.0,0,0.0,3,0.005145797598627788,0,0.0,28,0.048027444253859346,583,1.0,ORIGEN,SECCION,COMPLETO,CATALOGO_INE_2026
799,23,QUINTANA ROO,OTHON P. BLANCO,,15,803,462,213,0.461038961038961,0.538961038961039,MC,60,0.28169014084507044,9,0.04225352112676056,MORENA,51,0.23943661971830985,29,0.13615023474178403,PVEM,22,0.10328638497652583,MC,60,0.28169014084507044,9,0.04225352112676056,MORENA,51,0.23943661971830985,29,0.13615023474178403,PVEM,22,0.10328638497652583,17,0.07981220657276995,4,0.018779342723004695,6,0.028169014084507043,22,0.10328638497652583,1,0.004694835680751174,60,0.28169014084507044,51,0.23943661971830985,15,0.07042253521126761,5,0.023474178403755867,2,0.009389671361502348,1,0.004694835680751174,1,0.004694835680751174,0,0.0,0,0.0,0,0.0,1,0.004694835680751174,0,0.0,1,0.004694835680751174,1,0.004694835680751174,2,0.009389671361502348,6,0.028169014084507043,1,0.004694835680751174,2,0.009389671361502348,0,0.0,0,0.0,1,0.004694835680751174,13,0.06103286384976526,213,1.0,ORIGEN,SECCION,COMPLETO,CATALOGO_INE_2026
800,23,QUINTANA ROO,OTHON P. BLANCO,,15,804,1183,572,0.4835164835164835,0.5164835164835164,MORENA,170,0.2972027972027972,42,0.07342657342657342,MC,128,0.22377622377622378,42,0.07342657342657342,PVEM,86,0.15034965034965034,MORENA,170,0.2972027972027972,42,0.07342657342657342,MC,128,0.22377622377622378,42,0.07342657342657342,PVEM,86,0.15034965034965034,54,0.0944055944055944,15,0.026223776223776224,12,0.02097902097902098,86,0.15034965034965034,5,0.008741258741258742,128,0.22377622377622378,170,0.2972027972027972,42,0.07342657342657342,2,0.0034965034965034965,2,0.0034965034965034965,6,0.01048951048951049,1,0.0017482517482517483,1,0.0017482517482517483,0,0.0,0,0.0,1,0.0017482517482517483,1,0.0017482517482517483,0,0.0,0,0.0,0,0.0,12,0.02097902097902098,0,0.0,3,0.005244755244755245,0,0.0,1,0.0017482517482517483,0,0.0,30,0.05244755244755245,572,1.0,ORIGEN,SECCION,COMPLETO,CATALOGO_INE_2026
801,23,QUINTANA ROO,OTHON P. BLANCO,,15,805,1033,513,0.49661181026137463,0.5033881897386254,MC,169,0.32943469785575047,32,0.06237816764132553,MORENA,137,0.26705653021442494,82,0.15984405458089668,PAN,55,0.10721247563352826,MC,169,0.32943469785575047,32,0.06237816764132553,MORENA,137,0.26705653021442494,82,0.15984405458089668,PAN,55,0.10721247563352826,55,0.10721247563352826,11,0.021442495126705652,9,0.017543859649122806,55,0.10721247563352826,4,0.007797270955165692,169,0.32943469785575047,137,0.26705653021442494,22,0.042884990253411304,1,0.001949317738791423,7,0.01364522417153996,2,0.003898635477582846,0,0.0,1,0.001949317738791423,0,0.0,0,0.0,2,0.003898635477582846,0,0.0,0,0.0,0,0.0,0,0.0,10,0.01949317738791423,0,0.0,2,0.003898635477582846,0,0.0,1,0.001949317738791423,0,0.0,25,0.04873294346978557,513,1.0,ORIGEN,SECCION,COMPLETO,CATALOGO_INE_2026
802,23,QUINTANA ROO,OTHON P. BLANCO,,15,806,723,376,0.5200553250345782,0.4799446749654218,MORENA,106,0.28191489361702127,1,0.0026595744680851063,MC,105,0.27925531914893614,54,0.14361702127659576,PVEM,51,0.1356382978723404,MORENA,106,0.28191489361702127,1,0.0026595744680851063,MC,105,0.27925531914893614,54,0.14361702127659576,PVEM,51,0.1356382978723404,42,0.11170212765957446,6,0.015957446808510637,7,0.018617021276595744,51,0.1356382978723404,7,0.018617021276595744,105,0.27925531914893614,106,0.28191489361702127,26,0.06914893617021277,3,0.007978723404255319,3,0.007978723404255319,1,0.0026595744680851063,1,0.0026595744680851063,0,0.0,0,0.0,0,0.0,1,0.0026595744680851063,0,0.0,0,0.0,0,0.0,0,0.0,7,0.018617021276595744,0,0.0,1,0.0026595744680851063,0,0.0,0,0.0,0,0.0,9,0.023936170212765957,376,1.0,ORIGEN,SECCION,COMPLETO,CATALOGO_INE_2026
803,23,QUINTANA ROO,PUERTO MORELOS,,1,177,3716,2020,0.5435952637244349,0.4564047362755651,PVEM,825,0.4084158415841584,261,0.1292079207920792,MORENA,564,0.27920792079207923,372,0.18415841584158416,PAN,192,0.09504950495049505,PVEM,825,0.4084158415841584,261,0.1292079207920792,MORENA,564,0.27920792079207923,372,0.18415841584158416,PAN,192,0.09504950495049505,192,0.09504950495049505,19,0.009405940594059406,24,0.011881188118811881,825,0.4084158415841584,57,0.02821782178217822,43,0.02128712871287129,564,0.27920792079207923,103,0.05099009900990099,8,0.0039603960396039604,19,0.009405940594059406,1,0.0004950495049504951,4,0.0019801980198019802,0,0.0,0,0.0,2,0.0009900990099009901,1,0.0004950495049504951,0,0.0,1,0.0004950495049504951,1,0.0004950495049504951,4,0.0019801980198019802,33,0.016336633663366337,2,0.0009900990099009901,7,0.0034653465346534654,1,0.0004950495049504951,1,0.0004950495049504951,1,0.0004950495049504951,107,0.05297029702970297,2020,1.0,ORIGEN,SECCION,COMPLETO,CATALOGO_INE_2026
804,23,QUINTANA ROO,PUERTO MORELOS,,1,178,2245,1108,0.4935412026726058,0.5064587973273942,PVEM,478,0.4314079422382672,248,0.22382671480144403,MORENA,230,0.2075812274368231,94,0.08483754512635379,PAN,136,0.12274368231046931,PVEM,478,0.4314079422382672,248,0.22382671480144403,MORENA,230,0.2075812274368231,94,0.08483754512635379,PAN,136,0.12274368231046931,136,0.12274368231046931,9,0.008122743682310469,13,0.011732851985559567,478,0.4314079422382672,53,0.04783393501805054,37,0.033393501805054154,230,0.2075812274368231,53,0.04783393501805054,6,0.005415162454873646,3,0.002707581227436823,0,0.0,0,0.0,0,0.0,0,0.0,2,0.0018050541516245488,1,0.0009025270758122744,1,0.0009025270758122744,0,0.0,0,0.0,3,0.002707581227436823,25,0.02256317689530686,0,0.0,5,0.004512635379061372,0,0.0,0,0.0,1,0.0009025270758122744,52,0.04693140794223827,1108,1.0,ORIGEN,SECCION,COMPLETO,CATALOGO_INE_2026
805,23,QUINTANA ROO,PUERTO MORELOS,,1,179,15530,6144,0.39562137797810687,0.6043786220218932,PVEM,2406,0.3916015625,622,0.10123697916666667,MORENA,1784,0.2903645833333333,1403,0.22835286458333334,MC,381,0.06201171875,PVEM,2406,0.3916015625,622,0.10123697916666667,MORENA,1784,0.2903645833333333,1403,0.22835286458333334,MC,381,0.06201171875,360,0.05859375,118,0.019205729166666668,151,0.024576822916666668,2406,0.3916015625,105,0.01708984375,381,0.06201171875,1784,0.2903645833333333,213,0.03466796875,13,0.0021158854166666665,100,0.016276041666666668,20,0.0032552083333333335,23,0.0037434895833333335,11,0.0017903645833333333,0,0.0,7,0.0011393229166666667,10,0.0016276041666666667,3,0.00048828125,8,0.0013020833333333333,9,0.00146484375,17,0.0027669270833333335,80,0.013020833333333334,15,0.00244140625,17,0.0027669270833333335,3,0.00048828125,9,0.00146484375,5,0.0008138020833333334,276,0.044921875,6144,1.0,ORIGEN,SECCION,COMPLETO,INFERIDA_SECCION_VECINA
806,23,QUINTANA ROO,PUERTO MORELOS,,8,964,1122,803,0.7156862745098039,0.28431372549019607,PVEM,261,0.32503113325031135,9,0.0112079701120797,MORENA,252,0.3138231631382316,175,0.21793275217932753,MC,77,0.0958904109589041,PVEM,261,0.32503113325031135,9,0.0112079701120797,MORENA,252,0.3138231631382316,175,0.21793275217932753,MC,77,0.0958904109589041,69,0.0859277708592777,31,0.038605230386052306,15,0.0186799501867995,261,0.32503113325031135,23,0.028642590286425903,77,0.0958904109589041,252,0.3138231631382316,26,0.0323785803237858,4,0.0049813200498132005,8,0.009962640099626401,1,0.0012453300124533001,1,0.0012453300124533001,0,0.0,0,0.0,0,0.0,1,0.0012453300124533001,0,0.0,0,0.0,0,0.0,0,0.0,9,0.0112079701120797,0,0.0,1,0.0012453300124533001,1,0.0012453300124533001,0,0.0,1,0.0012453300124533001,22,0.0273972602739726,803,1.0,ORIGEN,SECCION,COMPLETO,CATALOGO_INE_2026
807,23,QUINTANA ROO,SOLIDARIDAD,,9,733,1140,411,0.3605263157894737,0.6394736842105263,MORENA,131,0.31873479318734793,50,0.12165450121654502,PVEM,81,0.19708029197080293,17,0.0413625304136253,PAN,64,0.15571776155717762,MORENA,131,0.31873479318734793,50,0.12165450121654502,PVEM,81,0.19708029197080293,17,0.0413625304136253,PAN,64,0.15571776155717762,64,0.15571776155717762,3,0.0072992700729927005,1,0.0024330900243309003,81,0.19708029197080293,4,0.009732360097323601,36,0.08759124087591241,131,0.31873479318734793,34,0.0827250608272506,30,0.072992700729927,4,0.009732360097323601,1,0.0024330900243309003,0,0.0,0,0.0,0,0.0,3,0.0072992700729927005,1,0.0024330900243309003,0,0.0,0,0.0,0,0.0,1,0.0024330900243309003,4,0.009732360097323601,1,0.0024330900243309003,2,0.004866180048661801,0,0.0,1,0.0024330900243309003,1,0.0024330900243309003,8,0.019464720194647202,411,1.0,ORIGEN,SECCION,COMPLETO,CATALOGO_INE_2026
808,23,QUINTANA ROO,SOLIDARIDAD,,9,734,1034,240,0.23210831721470018,0.7678916827852998,PAN,82,0.3416666666666667,19,0.07916666666666666,MORENA,63,0.2625,33,0.1375,PVEM,30,0.125,PAN,82,0.3416666666666667,19,0.07916666666666666,MORENA,63,0.2625,33,0.1375,PVEM,30,0.125,82,0.3416666666666667,3,0.0125,0,0.0,30,0.125,3,0.0125,29,0.12083333333333333,63,0.2625,9,0.0375,0,0.0,3,0.0125,0,0.0,2,0.008333333333333333,0,0.0,0,0.0,0,0.0,2,0.008333333333333333,0,0.0,0,0.0,0,0.0,0,0.0,6,0.025,0,0.0,0,0.0,0,0.0,2,0.008333333333333333,1,0.004166666666666667,5,0.020833333333333332,240,1.0,ORIGEN,SECCION,COMPLETO,CATALOGO_INE_2026
809,23,QUINTANA ROO,SOLIDARIDAD,,9,735,557,176,0.31597845601436264,0.6840215439856374,PVEM,60,0.3409090909090909,0,0.0,MORENA,60,0.3409090909090909,48,0.2727272727272727,PAN,12,0.06818181818181818,PVEM,60,0.3409090909090909,0,0.0,MORENA,60,0.3409090909090909,48,0.2727272727272727,PAN,12,0.06818181818181818,12,0.06818181818181818,2,0.011363636363636364,1,0.005681818181818182,60,0.3409090909090909,2,0.011363636363636364,12,0.06818181818181818,60,0.3409090909090909,7,0.03977272727272727,2,0.011363636363636364,1,0.005681818181818182,0,0.0,0,0.0,0,0.0,0,0.0,0,0.0,0,0.0,0,0.0,0,0.0,0,0.0,2,0.011363636363636364,3,0.017045454545454544,0,0.0,1,0.005681818181818182,0,0.0,0,0.0,0,0.0,11,0.0625,176,1.0,ORIGEN,SECCION,COMPLETO,CATALOGO_INE_2026
810,23,QUINTANA ROO,SOLIDARIDAD,,9,736,1131,307,0.27144120247568526,0.7285587975243147,PVEM,68,0.22149837133550487,2,0.006514657980456026,MORENA,66,0.21498371335504887,6,0.019543973941368076,PAN,60,0.19543973941368079,PVEM,68,0.22149837133550487,2,0.006514657980456026,MORENA,66,0.21498371335504887,6,0.019543973941368076,PAN,60,0.19543973941368079,60,0.19543973941368079,8,0.026058631921824105,3,0.009771986970684038,68,0.22149837133550487,14,0.04560260586319218,24,0.0781758957654723,66,0.21498371335504887,29,0.09446254071661238,9,0.029315960912052116,4,0.013029315960912053,2,0.006514657980456026,1,0.003257328990228013,1,0.003257328990228013,0,0.0,0,0.0,0,0.0,0,0.0,0,0.0,0,0.0,1,0.003257328990228013,3,0.009771986970684038,0,0.0,1,0.003257328990228013,0,0.0,0,0.0,0,0.0,13,0.04234527687296417,307,1.0,ORIGEN,SECCION,COMPLETO,CATALOGO_INE_2026
811,23,QUINTANA ROO,SOLIDARIDAD,,9,738,868,190,0.21889400921658986,0.7811059907834101,MORENA,57,0.3,13,0.06842105263157895,PAN,44,0.23157894736842105,13,0.06842105263157895,PVEM,31,0.1631578947368421,MORENA,57,0.3,13,0.06842105263157895,PAN,44,0.23157894736842105,13,0.06842105263157895,PVEM,31,0.1631578947368421,44,0.23157894736842105,5,0.02631578947368421,1,0.005263157894736842,31,0.1631578947368421,7,0.03684210526315789,16,0.08421052631578947,57,0.3,12,0.06315789473684211,12,0.06315789473684211,1,0.005263157894736842,1,0.005263157894736842,0,0.0,0,0.0,0,0.0,0,0.0,1,0.005263157894736842,0,0.0,0,0.0,0,0.0,0,0.0,1,0.005263157894736842,0,0.0,0,0.0,0,0.0,0,0.0,1,0.005263157894736842,0,0.0,190,1.0,ORIGEN,SECCION,COMPLETO,CATALOGO_INE_2026
812,23,QUINTANA ROO,SOLIDARIDAD,,9,739,661,170,0.25718608169440244,0.7428139183055975,PAN,40,0.23529411764705882,0,0.0,MORENA,40,0.23529411764705882,8,0.047058823529411764,PVEM,32,0.18823529411764706,PAN,40,0.23529411764705882,0,0.0,MORENA,40,0.23529411764705882,8,0.047058823529411764,PVEM,32,0.18823529411764706,40,0.23529411764705882,1,0.0058823529411764705,1,0.0058823529411764705,32,0.18823529411764706,3,0.01764705882352941,19,0.11176470588235295,40,0.23529411764705882,8,0.047058823529411764,1,0.0058823529411764705,3,0.01764705882352941,0,0.0,0,0.0,0,0.0,0,0.0,1,0.0058823529411764705,1,0.0058823529411764705,0,0.0,0,0.0,0,0.0,0,0.0,6,0.03529411764705882,1,0.0058823529411764705,1,0.0058823529411764705,0,0.0,1,0.0058823529411764705,0,0.0,11,0.06470588235294118,170,1.0,ORIGEN,SECCION,COMPLETO,CATALOGO_INE_2026
813,23,QUINTANA ROO,SOLIDARIDAD,,9,740,1161,290,0.24978466838931956,0.7502153316106804,MORENA,73,0.2517241379310345,12,0.041379310344827586,PVEM,61,0.2103448275862069,17,0.05862068965517241,MC,44,0.15172413793103448,MORENA,73,0.2517241379310345,12,0.041379310344827586,PVEM,61,0.2103448275862069,17,0.05862068965517241,MC,44,0.15172413793103448,41,0.1413793103448276,14,0.04827586206896552,2,0.006896551724137931,61,0.2103448275862069,6,0.020689655172413793,44,0.15172413793103448,73,0.2517241379310345,17,0.05862068965517241,3,0.010344827586206896,4,0.013793103448275862,0,0.0,1,0.0034482758620689655,0,0.0,0,0.0,4,0.013793103448275862,2,0.006896551724137931,1,0.0034482758620689655,0,0.0,0,0.0,0,0.0,1,0.0034482758620689655,1,0.0034482758620689655,4,0.013793103448275862,0,0.0,0,0.0,0,0.0,11,0.03793103448275862,290,1.0,ORIGEN,SECCION,COMPLETO,CATALOGO_INE_2026
814,23,QUINTANA ROO,SOLIDARIDAD,,9,741,805,166,0.2062111801242236,0.7937888198757764,MORENA,50,0.30120481927710846,16,0.0963855421686747,PVEM,34,0.20481927710843373,9,0.05421686746987952,PAN,25,0.15060240963855423,MORENA,50,0.30120481927710846,16,0.0963855421686747,PVEM,34,0.20481927710843373,9,0.05421686746987952,PAN,25,0.15060240963855423,25,0.15060240963855423,7,0.04216867469879518,1,0.006024096385542169,34,0.20481927710843373,1,0.006024096385542169,20,0.12048192771084337,50,0.30120481927710846,12,0.07228915662650602,3,0.018072289156626505,1,0.006024096385542169,1,0.006024096385542169,1,0.006024096385542169,0,0.0,0,0.0,0,0.0,3,0.018072289156626505,0,0.0,0,0.0,0,0.0,0,0.0,0,0.0,0,0.0,0,0.0,0,0.0,0,0.0,0,0.0,7,0.04216867469879518,166,1.0,ORIGEN,SECCION,COMPLETO,CATALOGO_INE_2026
815,23,QUINTANA ROO,SOLIDARIDAD,,9,742,672,217,0.3229166666666667,0.6770833333333333,MORENA,63,0.2903225806451613,16,0.07373271889400922,PVEM,47,0.21658986175115208,19,0.08755760368663594,PAN,28,0.12903225806451613,MORENA,63,0.2903225806451613,16,0.07373271889400922,PVEM,47,0.21658986175115208,19,0.08755760368663594,PAN,28,0.12903225806451613,28,0.12903225806451613,8,0.03686635944700461,3,0.013824884792626729,47,0.21658986175115208,7,0.03225806451612903,14,0.06451612903225806,63,0.2903225806451613,26,0.11981566820276497,6,0.027649769585253458,0,0.0,0,0.0,0,0.0,0,0.0,0,0.0,0,0.0,1,0.004608294930875576,0,0.0,0,0.0,0,0.0,0,0.0,2,0.009216589861751152,0,0.0,0,0.0,0,0.0,0,0.0,1,0.004608294930875576,11,0.05069124423963134,217,1.0,ORIGEN,SECCION,COMPLETO,CATALOGO_INE_2026
816,23,QUINTANA ROO,SOLIDARIDAD,,9,743,485,158,0.32577319587628867,0.6742268041237114,MORENA,39,0.2468354430379747,13,0.08227848101265822,PAN,26,0.16455696202531644,0,0.0,PVEM,26,0.16455696202531644,MORENA,39,0.2468354430379747,13,0.08227848101265822,PAN,26,0.16455696202531644,0,0.0,PVEM,26,0.16455696202531644,26,0.16455696202531644,5,0.03164556962025317,4,0.02531645569620253,26,0.16455696202531644,6,0.0379746835443038,25,0.15822784810126583,39,0.2468354430379747,7,0.04430379746835443,1,0.006329113924050633,2,0.012658227848101266,0,0.0,0,0.0,1,0.006329113924050633,0,0.0,0,0.0,1,0.006329113924050633,0,0.0,0,0.0,0,0.0,0,0.0,1,0.006329113924050633,0,0.0,1,0.006329113924050633,1,0.006329113924050633,1,0.006329113924050633,0,0.0,11,0.06962025316455696,158,1.0,ORIGEN,SECCION,COMPLETO,CATALOGO_INE_2026
817,23,QUINTANA ROO,SOLIDARIDAD,,9,744,789,252,0.3193916349809886,0.6806083650190113,PVEM,79,0.3134920634920635,21,0.08333333333333333,MORENA,58,0.23015873015873015,22,0.0873015873015873,PAN,36,0.14285714285714285,PVEM,79,0.3134920634920635,21,0.08333333333333333,MORENA,58,0.23015873015873015,22,0.0873015873015873,PAN,36,0.14285714285714285,36,0.14285714285714285,4,0.015873015873015872,1,0.003968253968253968,79,0.3134920634920635,5,0.01984126984126984,27,0.10714285714285714,58,0.23015873015873015,16,0.06349206349206349,2,0.007936507936507936,1,0.003968253968253968,0,0.0,0,0.0,0,0.0,0,0.0,1,0.003968253968253968,0,0.0,0,0.0,1,0.003968253968253968,0,0.0,3,0.011904761904761904,2,0.007936507936507936,1,0.003968253968253968,1,0.003968253968253968,0,0.0,0,0.0,0,0.0,14,0.05555555555555555,252,1.0,ORIGEN,SECCION,COMPLETO,CATALOGO_INE_2026
818,23,QUINTANA ROO,SOLIDARIDAD,,9,745,795,235,0.29559748427672955,0.7044025157232705,MORENA,94,0.4,23,0.09787234042553192,PVEM,71,0.3021276595744681,50,0.2127659574468085,PAN,21,0.08936170212765958,MORENA,94,0.4,23,0.09787234042553192,PVEM,71,0.3021276595744681,50,0.2127659574468085,PAN,21,0.08936170212765958,21,0.08936170212765958,0,0.0,2,0.00851063829787234,71,0.3021276595744681,8,0.03404255319148936,21,0.08936170212765958,94,0.4,6,0.02553191489361702,0,0.0,0,0.0,0,0.0,1,0.00425531914893617,0,0.0,0,0.0,1,0.00425531914893617,0,0.0,0,0.0,0,0.0,0,0.0,0,0.0,1,0.00425531914893617,0,0.0,0,0.0,0,0.0,0,0.0,0,0.0,9,0.03829787234042553,235,1.0,ORIGEN,SECCION,COMPLETO,CATALOGO_INE_2026
819,23,QUINTANA ROO,SOLIDARIDAD,,9,746,1133,328,0.28949691085613416,0.7105030891438658,PVEM,111,0.3384146341463415,20,0.06097560975609756,MORENA,91,0.2774390243902439,61,0.18597560975609756,PAN,30,0.09146341463414634,PVEM,111,0.3384146341463415,20,0.06097560975609756,MORENA,91,0.2774390243902439,61,0.18597560975609756,PAN,30,0.09146341463414634,30,0.09146341463414634,4,0.012195121951219513,6,0.018292682926829267,111,0.3384146341463415,10,0.03048780487804878,28,0.08536585365853659,91,0.2774390243902439,12,0.036585365853658534,1,0.003048780487804878,1,0.003048780487804878,0,0.0,0,0.0,0,0.0,0,0.0,2,0.006097560975609756,0,0.0,0,0.0,0,0.0,2,0.006097560975609756,3,0.009146341463414634,3,0.009146341463414634,7,0.021341463414634148,1,0.003048780487804878,3,0.009146341463414634,0,0.0,1,0.003048780487804878,12,0.036585365853658534,328,1.0,ORIGEN,SECCION,COMPLETO,CATALOGO_INE_2026
820,23,QUINTANA ROO,SOLIDARIDAD,,9,747,556,148,0.26618705035971224,0.7338129496402878,MORENA,54,0.36486486486486486,9,0.060810810810810814,PVEM,45,0.30405405405405406,26,0.17567567567567569,MC,19,0.12837837837837837,MORENA,54,0.36486486486486486,9,0.060810810810810814,PVEM,45,0.30405405405405406,26,0.17567567567567569,MC,19,0.12837837837837837,2,0.013513513513513514,3,0.02027027027027027,0,0.0,45,0.30405405405405406,2,0.013513513513513514,19,0.12837837837837837,54,0.36486486486486486,6,0.04054054054054054,1,0.006756756756756757,3,0.02027027027027027,1,0.006756756756756757,1,0.006756756756756757,0,0.0,0,0.0,0,0.0,1,0.006756756756756757,0,0.0,0,0.0,0,0.0,1,0.006756756756756757,0,0.0,0,0.0,2,0.013513513513513514,0,0.0,1,0.006756756756756757,0,0.0,6,0.04054054054054054,148,1.0,ORIGEN,SECCION,COMPLETO,CATALOGO_INE_2026
821,23,QUINTANA ROO,SOLIDARIDAD,,9,748,994,279,0.2806841046277666,0.7193158953722334,MORENA,81,0.2903225806451613,23,0.08243727598566308,PVEM,58,0.2078853046594982,13,0.04659498207885305,PAN,45,0.16129032258064516,MORENA,81,0.2903225806451613,23,0.08243727598566308,PVEM,58,0.2078853046594982,13,0.04659498207885305,PAN,45,0.16129032258064516,45,0.16129032258064516,8,0.02867383512544803,2,0.007168458781362007,58,0.2078853046594982,3,0.010752688172043012,27,0.0967741935483871,81,0.2903225806451613,14,0.05017921146953405,6,0.021505376344086023,6,0.021505376344086023,1,0.0035842293906810036,0,0.0,0,0.0,0,0.0,0,0.0,0,0.0,0,0.0,0,0.0,0,0.0,0,0.0,1,0.0035842293906810036,0,0.0,0,0.0,0,0.0,0,0.0,0,0.0,27,0.0967741935483871,279,1.0,ORIGEN,SECCION,COMPLETO,CATALOGO_INE_2026
822,23,QUINTANA ROO,SOLIDARIDAD,,9,749,314,98,0.31210191082802546,0.6878980891719746,MORENA,33,0.336734693877551,14,0.14285714285714285,PVEM,19,0.19387755102040816,3,0.030612244897959183,MC,16,0.16326530612244897,MORENA,33,0.336734693877551,14,0.14285714285714285,PVEM,19,0.19387755102040816,3,0.030612244897959183,MC,16,0.16326530612244897,12,0.12244897959183673,2,0.02040816326530612,0,0.0,19,0.19387755102040816,2,0.02040816326530612,16,0.16326530612244897,33,0.336734693877551,6,0.061224489795918366,3,0.030612244897959183,0,0.0,0,0.0,1,0.01020408163265306,0,0.0,0,0.0,0,0.0,0,0.0,0,0.0,0,0.0,0,0.0,0,0.0,0,0.0,0,0.0,0,0.0,0,0.0,0,0.0,0,0.0,4,0.04081632653061224,98,1.0,ORIGEN,SECCION,COMPLETO,CATALOGO_INE_2026
823,23,QUINTANA ROO,SOLIDARIDAD,,9,750,507,157,0.3096646942800789,0.6903353057199211,MORENA,54,0.34394904458598724,24,0.15286624203821655,PAN,30,0.1910828025477707,6,0.03821656050955414,PVEM,24,0.15286624203821655,MORENA,54,0.34394904458598724,24,0.15286624203821655,PAN,30,0.1910828025477707,6,0.03821656050955414,PVEM,24,0.15286624203821655,30,0.1910828025477707,3,0.01910828025477707,0,0.0,24,0.15286624203821655,4,0.025477707006369428,16,0.10191082802547771,54,0.34394904458598724,7,0.044585987261146494,3,0.01910828025477707,2,0.012738853503184714,2,0.012738853503184714,0,0.0,1,0.006369426751592357,1,0.006369426751592357,0,0.0,0,0.0,0,0.0,0,0.0,0,0.0,0,0.0,0,0.0,0,0.0,2,0.012738853503184714,0,0.0,0,0.0,0,0.0,8,0.050955414012738856,157,1.0,ORIGEN,SECCION,COMPLETO,CATALOGO_INE_2026
824,23,QUINTANA ROO,SOLIDARIDAD,,9,751,396,106,0.2676767676767677,0.7323232323232323,MORENA,40,0.37735849056603776,22,0.20754716981132076,PAN,18,0.16981132075471697,4,0.03773584905660377,PVEM,14,0.1320754716981132,MORENA,40,0.37735849056603776,22,0.20754716981132076,PAN,18,0.16981132075471697,4,0.03773584905660377,PVEM,14,0.1320754716981132,18,0.16981132075471697,4,0.03773584905660377,2,0.018867924528301886,14,0.1320754716981132,2,0.018867924528301886,12,0.11320754716981132,40,0.37735849056603776,3,0.02830188679245283,5,0.04716981132075472,0,0.0,1,0.009433962264150943,0,0.0,0,0.0,0,0.0,0,0.0,0,0.0,0,0.0,0,0.0,0,0.0,0,0.0,0,0.0,0,0.0,0,0.0,0,0.0,0,0.0,1,0.009433962264150943,4,0.03773584905660377,106,1.0,ORIGEN,SECCION,COMPLETO,CATALOGO_INE_2026
825,23,QUINTANA ROO,SOLIDARIDAD,,9,752,650,188,0.28923076923076924,0.7107692307692308,MORENA,61,0.324468085106383,17,0.09042553191489362,PVEM,44,0.23404255319148937,23,0.12234042553191489,PAN,21,0.11170212765957446,MORENA,61,0.324468085106383,17,0.09042553191489362,PVEM,44,0.23404255319148937,23,0.12234042553191489,PAN,21,0.11170212765957446,21,0.11170212765957446,5,0.026595744680851064,3,0.015957446808510637,44,0.23404255319148937,3,0.015957446808510637,17,0.09042553191489362,61,0.324468085106383,8,0.0425531914893617,1,0.005319148936170213,1,0.005319148936170213,1,0.005319148936170213,0,0.0,0,0.0,0,0.0,2,0.010638297872340425,0,0.0,0,0.0,9,0.047872340425531915,0,0.0,0,0.0,0,0.0,0,0.0,0,0.0,0,0.0,0,0.0,1,0.005319148936170213,11,0.05851063829787234,188,1.0,ORIGEN,SECCION,COMPLETO,CATALOGO_INE_2026
826,23,QUINTANA ROO,SOLIDARIDAD,,9,753,817,274,0.3353733170134639,0.6646266829865362,MORENA,91,0.33211678832116787,28,0.10218978102189781,PVEM,63,0.22992700729927007,29,0.10583941605839416,PAN,34,0.12408759124087591,MORENA,91,0.33211678832116787,28,0.10218978102189781,PVEM,63,0.22992700729927007,29,0.10583941605839416,PAN,34,0.12408759124087591,34,0.12408759124087591,9,0.032846715328467155,0,0.0,63,0.22992700729927007,10,0.0364963503649635,28,0.10218978102189781,91,0.33211678832116787,11,0.040145985401459854,0,0.0,10,0.0364963503649635,2,0.0072992700729927005,0,0.0,0,0.0,0,0.0,3,0.010948905109489052,1,0.0036496350364963502,0,0.0,0,0.0,0,0.0,1,0.0036496350364963502,0,0.0,1,0.0036496350364963502,0,0.0,0,0.0,0,0.0,1,0.0036496350364963502,9,0.032846715328467155,274,1.0,ORIGEN,SECCION,COMPLETO,CATALOGO_INE_2026
827,23,QUINTANA ROO,SOLIDARIDAD,,9,754,419,124,0.29594272076372313,0.7040572792362769,MORENA,48,0.3870967741935484,27,0.21774193548387097,PVEM,21,0.1693548387096774,1,0.008064516129032258,MC,20,0.16129032258064516,MORENA,48,0.3870967741935484,27,0.21774193548387097,PVEM,21,0.1693548387096774,1,0.008064516129032258,MC,20,0.16129032258064516,17,0.13709677419354838,1,0.008064516129032258,0,0.0,21,0.1693548387096774,1,0.008064516129032258,20,0.16129032258064516,48,0.3870967741935484,6,0.04838709677419355,0,0.0,4,0.03225806451612903,0,0.0,0,0.0,0,0.0,0,0.0,0,0.0,1,0.008064516129032258,0,0.0,0,0.0,0,0.0,0,0.0,1,0.008064516129032258,0,0.0,0,0.0,0,0.0,0,0.0,0,0.0,4,0.03225806451612903,124,1.0,ORIGEN,SECCION,COMPLETO,CATALOGO_INE_2026
828,23,QUINTANA ROO,SOLIDARIDAD,,9,755,328,115,0.35060975609756095,0.649390243902439,PAN,29,0.25217391304347825,0,0.0,MORENA,29,0.25217391304347825,10,0.08695652173913043,PVEM,19,0.16521739130434782,PAN,29,0.25217391304347825,0,0.0,MORENA,29,0.25217391304347825,10,0.08695652173913043,PVEM,19,0.16521739130434782,29,0.25217391304347825,4,0.034782608695652174,0,0.0,19,0.16521739130434782,2,0.017391304347826087,14,0.12173913043478261,29,0.25217391304347825,10,0.08695652173913043,0,0.0,0,0.0,0,0.0,1,0.008695652173913044,0,0.0,0,0.0,0,0.0,0,0.0,0,0.0,0,0.0,0,0.0,0,0.0,0,0.0,1,0.008695652173913044,0,0.0,0,0.0,0,0.0,0,0.0,6,0.05217391304347826,115,1.0,ORIGEN,SECCION,COMPLETO,CATALOGO_INE_2026
829,23,QUINTANA ROO,SOLIDARIDAD,,9,756,533,103,0.19324577861163228,0.8067542213883677,MORENA,34,0.3300970873786408,9,0.08737864077669903,PAN,25,0.24271844660194175,9,0.08737864077669903,PVEM,16,0.1553398058252427,MORENA,34,0.3300970873786408,9,0.08737864077669903,PAN,25,0.24271844660194175,9,0.08737864077669903,PVEM,16,0.1553398058252427,25,0.24271844660194175,4,0.038834951456310676,1,0.009708737864077669,16,0.1553398058252427,6,0.05825242718446602,6,0.05825242718446602,34,0.3300970873786408,4,0.038834951456310676,1,0.009708737864077669,1,0.009708737864077669,0,0.0,0,0.0,0,0.0,0,0.0,0,0.0,1,0.009708737864077669,0,0.0,0,0.0,0,0.0,0,0.0,0,0.0,0,0.0,0,0.0,0,0.0,0,0.0,0,0.0,4,0.038834951456310676,103,1.0,ORIGEN,SECCION,COMPLETO,CATALOGO_INE_2026
830,23,QUINTANA ROO,SOLIDARIDAD,,9,757,678,146,0.2153392330383481,0.7846607669616519,MORENA,55,0.3767123287671233,25,0.17123287671232876,PAN,30,0.2054794520547945,11,0.07534246575342465,PVEM,19,0.13013698630136986,MORENA,55,0.3767123287671233,25,0.17123287671232876,PAN,30,0.2054794520547945,11,0.07534246575342465,PVEM,19,0.13013698630136986,30,0.2054794520547945,4,0.0273972602739726,2,0.0136986301369863,19,0.13013698630136986,3,0.02054794520547945,19,0.13013698630136986,55,0.3767123287671233,6,0.0410958904109589,1,0.00684931506849315,2,0.0136986301369863,0,0.0,0,0.0,0,0.0,0,0.0,0,0.0,0,0.0,0,0.0,0,0.0,0,0.0,0,0.0,0,0.0,0,0.0,0,0.0,0,0.0,0,0.0,0,0.0,5,0.03424657534246575,146,1.0,ORIGEN,SECCION,COMPLETO,CATALOGO_INE_2026
831,23,QUINTANA ROO,SOLIDARIDAD,,9,758,468,73,0.15598290598290598,0.844017094017094,MORENA,29,0.3972602739726027,16,0.2191780821917808,PAN,13,0.1780821917808219,1,0.0136986301369863,MC,12,0.1643835616438356,MORENA,29,0.3972602739726027,16,0.2191780821917808,PAN,13,0.1780821917808219,1,0.0136986301369863,MC,12,0.1643835616438356,13,0.1780821917808219,2,0.0273972602739726,2,0.0273972602739726,8,0.1095890410958904,0,0.0,12,0.1643835616438356,29,0.3972602739726027,2,0.0273972602739726,1,0.0136986301369863,0,0.0,0,0.0,0,0.0,0,0.0,0,0.0,0,0.0,0,0.0,0,0.0,0,0.0,0,0.0,0,0.0,0,0.0,0,0.0,0,0.0,0,0.0,0,0.0,0,0.0,4,0.0547945205479452,73,1.0,ORIGEN,SECCION,COMPLETO,CATALOGO_INE_2026
832,23,QUINTANA ROO,SOLIDARIDAD,,9,759,920,266,0.2891304347826087,0.7108695652173913,PAN,78,0.2932330827067669,14,0.05263157894736842,MORENA,64,0.24060150375939848,30,0.11278195488721804,PVEM,34,0.12781954887218044,PAN,78,0.2932330827067669,14,0.05263157894736842,MORENA,64,0.24060150375939848,30,0.11278195488721804,PVEM,34,0.12781954887218044,78,0.2932330827067669,14,0.05263157894736842,5,0.018796992481203006,34,0.12781954887218044,2,0.007518796992481203,34,0.12781954887218044,64,0.24060150375939848,4,0.015037593984962405,9,0.03383458646616541,3,0.011278195488721804,1,0.0037593984962406013,2,0.007518796992481203,0,0.0,0,0.0,1,0.0037593984962406013,0,0.0,0,0.0,0,0.0,0,0.0,0,0.0,3,0.011278195488721804,0,0.0,0,0.0,1,0.0037593984962406013,0,0.0,0,0.0,11,0.041353383458646614,266,1.0,ORIGEN,SECCION,COMPLETO,CATALOGO_INE_2026
833,23,QUINTANA ROO,SOLIDARIDAD,,9,760,528,105,0.19886363636363635,0.8011363636363636,MORENA,30,0.2857142857142857,8,0.0761904761904762,PAN,22,0.20952380952380953,6,0.05714285714285714,MC,16,0.1523809523809524,MORENA,30,0.2857142857142857,8,0.0761904761904762,PAN,22,0.20952380952380953,6,0.05714285714285714,MC,16,0.1523809523809524,22,0.20952380952380953,3,0.02857142857142857,0,0.0,11,0.10476190476190476,4,0.0380952380952381,16,0.1523809523809524,30,0.2857142857142857,7,0.06666666666666667,1,0.009523809523809525,4,0.0380952380952381,0,0.0,0,0.0,0,0.0,0,0.0,0,0.0,0,0.0,0,0.0,0,0.0,0,0.0,0,0.0,0,0.0,2,0.01904761904761905,0,0.0,0,0.0,0,0.0,0,0.0,5,0.047619047619047616,105,1.0,ORIGEN,SECCION,COMPLETO,CATALOGO_INE_2026
834,23,QUINTANA ROO,SOLIDARIDAD,,9,761,529,106,0.2003780718336484,0.7996219281663516,MORENA,34,0.32075471698113206,12,0.11320754716981132,PVEM,22,0.20754716981132076,4,0.03773584905660377,PAN,18,0.16981132075471697,MORENA,34,0.32075471698113206,12,0.11320754716981132,PVEM,22,0.20754716981132076,4,0.03773584905660377,PAN,18,0.16981132075471697,18,0.16981132075471697,3,0.02830188679245283,3,0.02830188679245283,22,0.20754716981132076,3,0.02830188679245283,10,0.09433962264150944,34,0.32075471698113206,2,0.018867924528301886,2,0.018867924528301886,2,0.018867924528301886,0,0.0,1,0.009433962264150943,0,0.0,0,0.0,0,0.0,0,0.0,0,0.0,0,0.0,0,0.0,1,0.009433962264150943,0,0.0,0,0.0,0,0.0,0,0.0,1,0.009433962264150943,0,0.0,4,0.03773584905660377,106,1.0,ORIGEN,SECCION,COMPLETO,CATALOGO_INE_2026
835,23,QUINTANA ROO,SOLIDARIDAD,,9,762,812,96,0.11822660098522167,0.8817733990147784,MORENA,27,0.28125,2,0.020833333333333332,PAN,25,0.2604166666666667,13,0.13541666666666666,PVEM,12,0.125,MORENA,27,0.28125,2,0.020833333333333332,PAN,25,0.2604166666666667,13,0.13541666666666666,PVEM,12,0.125,25,0.2604166666666667,1,0.010416666666666666,3,0.03125,12,0.125,0,0.0,12,0.125,27,0.28125,9,0.09375,2,0.020833333333333332,0,0.0,0,0.0,1,0.010416666666666666,0,0.0,0,0.0,0,0.0,0,0.0,0,0.0,0,0.0,0,0.0,0,0.0,2,0.020833333333333332,0,0.0,0,0.0,0,0.0,0,0.0,0,0.0,2,0.020833333333333332,96,1.0,ORIGEN,SECCION,COMPLETO,CATALOGO_INE_2026
836,23,QUINTANA ROO,SOLIDARIDAD,,9,763,488,105,0.2151639344262295,0.7848360655737705,PAN,41,0.3904761904761905,14,0.13333333333333333,MORENA,27,0.2571428571428571,18,0.17142857142857143,MC,9,0.08571428571428572,PAN,41,0.3904761904761905,14,0.13333333333333333,MORENA,27,0.2571428571428571,18,0.17142857142857143,MC,9,0.08571428571428572,41,0.3904761904761905,6,0.05714285714285714,0,0.0,8,0.0761904761904762,1,0.009523809523809525,9,0.08571428571428572,27,0.2571428571428571,6,0.05714285714285714,1,0.009523809523809525,3,0.02857142857142857,1,0.009523809523809525,0,0.0,0,0.0,0,0.0,0,0.0,0,0.0,0,0.0,0,0.0,0,0.0,0,0.0,0,0.0,0,0.0,0,0.0,0,0.0,0,0.0,0,0.0,2,0.01904761904761905,105,1.0,ORIGEN,SECCION,COMPLETO,CATALOGO_INE_2026
837,23,QUINTANA ROO,SOLIDARIDAD,,9,764,907,242,0.26681367144432194,0.7331863285556781,PAN,139,0.5743801652892562,97,0.40082644628099173,MC,42,0.17355371900826447,14,0.05785123966942149,MORENA,28,0.11570247933884298,PAN,139,0.5743801652892562,97,0.40082644628099173,MC,42,0.17355371900826447,14,0.05785123966942149,MORENA,28,0.11570247933884298,139,0.5743801652892562,8,0.03305785123966942,2,0.008264462809917356,5,0.02066115702479339,6,0.024793388429752067,42,0.17355371900826447,28,0.11570247933884298,2,0.008264462809917356,2,0.008264462809917356,2,0.008264462809917356,2,0.008264462809917356,0,0.0,0,0.0,0,0.0,0,0.0,0,0.0,0,0.0,0,0.0,0,0.0,0,0.0,1,0.004132231404958678,0,0.0,0,0.0,0,0.0,0,0.0,0,0.0,3,0.012396694214876033,242,1.0,ORIGEN,SECCION,COMPLETO,CATALOGO_INE_2026
838,23,QUINTANA ROO,SOLIDARIDAD,,9,765,1274,252,0.1978021978021978,0.8021978021978022,PAN,134,0.5317460317460317,91,0.3611111111111111,MC,43,0.17063492063492064,8,0.031746031746031744,MORENA,35,0.1388888888888889,PAN,134,0.5317460317460317,91,0.3611111111111111,MC,43,0.17063492063492064,8,0.031746031746031744,MORENA,35,0.1388888888888889,134,0.5317460317460317,11,0.04365079365079365,1,0.003968253968253968,7,0.027777777777777776,4,0.015873015873015872,43,0.17063492063492064,35,0.1388888888888889,2,0.007936507936507936,5,0.01984126984126984,1,0.003968253968253968,2,0.007936507936507936,3,0.011904761904761904,0,0.0,0,0.0,0,0.0,0,0.0,0,0.0,0,0.0,0,0.0,0,0.0,0,0.0,0,0.0,0,0.0,0,0.0,0,0.0,1,0.003968253968253968,3,0.011904761904761904,252,1.0,ORIGEN,SECCION,COMPLETO,CATALOGO_INE_2026
839,23,QUINTANA ROO,SOLIDARIDAD,,9,766,2101,637,0.30318895763921944,0.6968110423607805,PAN,284,0.44583987441130296,175,0.27472527472527475,MORENA,109,0.17111459968602827,34,0.05337519623233909,MC,75,0.11773940345368916,PAN,284,0.44583987441130296,175,0.27472527472527475,MORENA,109,0.17111459968602827,34,0.05337519623233909,MC,75,0.11773940345368916,284,0.44583987441130296,29,0.04552590266875981,5,0.007849293563579277,55,0.08634222919937205,7,0.01098901098901099,75,0.11773940345368916,109,0.17111459968602827,39,0.061224489795918366,7,0.01098901098901099,4,0.006279434850863423,2,0.0031397174254317113,3,0.004709576138147566,0,0.0,0,0.0,1,0.0015698587127158557,2,0.0031397174254317113,0,0.0,0,0.0,0,0.0,0,0.0,0,0.0,0,0.0,1,0.0015698587127158557,0,0.0,0,0.0,0,0.0,14,0.02197802197802198,637,1.0,ORIGEN,SECCION,COMPLETO,CATALOGO_INE_2026
840,23,QUINTANA ROO,SOLIDARIDAD,,9,767,1481,454,0.3065496286293045,0.6934503713706954,MORENA,156,0.3436123348017621,54,0.11894273127753303,PVEM,102,0.22466960352422907,36,0.07929515418502203,PAN,66,0.14537444933920704,MORENA,156,0.3436123348017621,54,0.11894273127753303,PVEM,102,0.22466960352422907,36,0.07929515418502203,PAN,66,0.14537444933920704,66,0.14537444933920704,7,0.015418502202643172,6,0.013215859030837005,102,0.22466960352422907,14,0.030837004405286344,31,0.06828193832599119,156,0.3436123348017621,23,0.05066079295154185,4,0.00881057268722467,4,0.00881057268722467,1,0.0022026431718061676,0,0.0,0,0.0,0,0.0,3,0.006607929515418502,0,0.0,0,0.0,3,0.006607929515418502,0,0.0,0,0.0,2,0.004405286343612335,1,0.0022026431718061676,1,0.0022026431718061676,0,0.0,1,0.0022026431718061676,4,0.00881057268722467,25,0.05506607929515418,454,1.0,ORIGEN,SECCION,COMPLETO,CATALOGO_INE_2026
841,23,QUINTANA ROO,SOLIDARIDAD,,9,768,6023,1456,0.24173999667939566,0.7582600033206044,MORENA,660,0.4532967032967033,421,0.2891483516483517,PVEM,239,0.16414835164835165,71,0.048763736263736264,PAN,168,0.11538461538461539,MORENA,660,0.4532967032967033,421,0.2891483516483517,PVEM,239,0.16414835164835165,71,0.048763736263736264,PAN,168,0.11538461538461539,168,0.11538461538461539,18,0.012362637362637362,6,0.004120879120879121,239,0.16414835164835165,34,0.023351648351648352,134,0.09203296703296704,660,0.4532967032967033,76,0.0521978021978022,11,0.007554945054945055,13,0.008928571428571428,6,0.004120879120879121,5,0.003434065934065934,1,0.0006868131868131869,1,0.0006868131868131869,6,0.004120879120879121,4,0.0027472527472527475,1,0.0006868131868131869,1,0.0006868131868131869,1,0.0006868131868131869,1,0.0006868131868131869,12,0.008241758241758242,0,0.0,1,0.0006868131868131869,2,0.0013736263736263737,1,0.0006868131868131869,0,0.0,54,0.03708791208791209,1456,1.0,ORIGEN,SECCION,COMPLETO,INFERIDA_SECCION_VECINA
842,23,QUINTANA ROO,SOLIDARIDAD,,9,769,1534,380,0.24771838331160365,0.7522816166883963,MORENA,161,0.4236842105263158,88,0.23157894736842105,PVEM,73,0.19210526315789472,33,0.0868421052631579,PAN,40,0.10526315789473684,MORENA,161,0.4236842105263158,88,0.23157894736842105,PVEM,73,0.19210526315789472,33,0.0868421052631579,PAN,40,0.10526315789473684,40,0.10526315789473684,7,0.018421052631578946,2,0.005263157894736842,73,0.19210526315789472,15,0.039473684210526314,33,0.0868421052631579,161,0.4236842105263158,18,0.04736842105263158,10,0.02631578947368421,2,0.005263157894736842,0,0.0,0,0.0,0,0.0,0,0.0,0,0.0,0,0.0,0,0.0,0,0.0,0,0.0,0,0.0,3,0.007894736842105263,1,0.002631578947368421,1,0.002631578947368421,0,0.0,0,0.0,0,0.0,14,0.03684210526315789,380,1.0,ORIGEN,SECCION,COMPLETO,CATALOGO_INE_2026
843,23,QUINTANA ROO,SOLIDARIDAD,,9,770,1010,316,0.31287128712871287,0.6871287128712871,MORENA,116,0.3670886075949367,66,0.2088607594936709,PVEM,50,0.15822784810126583,2,0.006329113924050633,PAN,48,0.1518987341772152,MORENA,116,0.3670886075949367,66,0.2088607594936709,PVEM,50,0.15822784810126583,2,0.006329113924050633,PAN,48,0.1518987341772152,48,0.1518987341772152,8,0.02531645569620253,3,0.00949367088607595,50,0.15822784810126583,19,0.060126582278481014,16,0.05063291139240506,116,0.3670886075949367,18,0.056962025316455694,13,0.04113924050632911,2,0.006329113924050633,3,0.00949367088607595,0,0.0,1,0.0031645569620253164,0,0.0,1,0.0031645569620253164,0,0.0,0,0.0,0,0.0,0,0.0,0,0.0,1,0.0031645569620253164,0,0.0,3,0.00949367088607595,0,0.0,1,0.0031645569620253164,0,0.0,13,0.04113924050632911,316,1.0,ORIGEN,SECCION,COMPLETO,CATALOGO_INE_2026
844,23,QUINTANA ROO,SOLIDARIDAD,,9,771,1121,310,0.27653880463871544,0.7234611953612846,MORENA,99,0.3193548387096774,40,0.12903225806451613,PAN,59,0.19032258064516128,5,0.016129032258064516,PVEM,54,0.17419354838709677,MORENA,99,0.3193548387096774,40,0.12903225806451613,PAN,59,0.19032258064516128,5,0.016129032258064516,PVEM,54,0.17419354838709677,59,0.19032258064516128,5,0.016129032258064516,5,0.016129032258064516,54,0.17419354838709677,3,0.00967741935483871,28,0.09032258064516129,99,0.3193548387096774,29,0.0935483870967742,5,0.016129032258064516,2,0.0064516129032258064,0,0.0,3,0.00967741935483871,1,0.0032258064516129032,0,0.0,1,0.0032258064516129032,2,0.0064516129032258064,0,0.0,0,0.0,0,0.0,1,0.0032258064516129032,1,0.0032258064516129032,0,0.0,3,0.00967741935483871,0,0.0,0,0.0,0,0.0,9,0.02903225806451613,310,1.0,ORIGEN,SECCION,COMPLETO,CATALOGO_INE_2026
845,23,QUINTANA ROO,SOLIDARIDAD,,9,772,460,132,0.28695652173913044,0.7130434782608696,MORENA,57,0.4318181818181818,33,0.25,PVEM,24,0.18181818181818182,8,0.06060606060606061,PAN,16,0.12121212121212122,MORENA,57,0.4318181818181818,33,0.25,PVEM,24,0.18181818181818182,8,0.06060606060606061,PAN,16,0.12121212121212122,16,0.12121212121212122,2,0.015151515151515152,1,0.007575757575757576,24,0.18181818181818182,7,0.05303030303030303,4,0.030303030303030304,57,0.4318181818181818,6,0.045454545454545456,4,0.030303030303030304,1,0.007575757575757576,0,0.0,0,0.0,0,0.0,0,0.0,0,0.0,0,0.0,0,0.0,0,0.0,0,0.0,0,0.0,2,0.015151515151515152,0,0.0,1,0.007575757575757576,0,0.0,0,0.0,0,0.0,7,0.05303030303030303,132,1.0,ORIGEN,SECCION,COMPLETO,CATALOGO_INE_2026
846,23,QUINTANA ROO,SOLIDARIDAD,,9,773,947,239,0.25237592397043296,0.747624076029567,PAN,127,0.5313807531380753,91,0.3807531380753138,MC,36,0.1506276150627615,11,0.04602510460251046,MORENA,25,0.10460251046025104,PAN,127,0.5313807531380753,91,0.3807531380753138,MC,36,0.1506276150627615,11,0.04602510460251046,MORENA,25,0.10460251046025104,127,0.5313807531380753,19,0.0794979079497908,2,0.008368200836820083,11,0.04602510460251046,3,0.012552301255230125,36,0.1506276150627615,25,0.10460251046025104,6,0.02510460251046025,2,0.008368200836820083,3,0.012552301255230125,1,0.0041841004184100415,0,0.0,0,0.0,0,0.0,0,0.0,1,0.0041841004184100415,0,0.0,0,0.0,0,0.0,0,0.0,0,0.0,0,0.0,0,0.0,0,0.0,0,0.0,0,0.0,3,0.012552301255230125,239,1.0,ORIGEN,SECCION,COMPLETO,CATALOGO_INE_2026
847,23,QUINTANA ROO,SOLIDARIDAD,,9,774,419,92,0.21957040572792363,0.7804295942720764,MORENA,37,0.40217391304347827,16,0.17391304347826086,PAN,21,0.22826086956521738,5,0.05434782608695652,MC,16,0.17391304347826086,MORENA,37,0.40217391304347827,16,0.17391304347826086,PAN,21,0.22826086956521738,5,0.05434782608695652,MC,16,0.17391304347826086,21,0.22826086956521738,4,0.043478260869565216,0,0.0,2,0.021739130434782608,3,0.03260869565217391,16,0.17391304347826086,37,0.40217391304347827,1,0.010869565217391304,1,0.010869565217391304,2,0.021739130434782608,0,0.0,0,0.0,0,0.0,0,0.0,0,0.0,1,0.010869565217391304,0,0.0,0,0.0,0,0.0,0,0.0,0,0.0,0,0.0,1,0.010869565217391304,0,0.0,0,0.0,1,0.010869565217391304,2,0.021739130434782608,92,1.0,ORIGEN,SECCION,COMPLETO,CATALOGO_INE_2026
848,23,QUINTANA ROO,SOLIDARIDAD,,9,874,18723,3767,0.20119638946749988,0.7988036105325002,MORENA,1164,0.3089992036103,377,0.10007963897000266,PAN,787,0.20891956464029732,134,0.0355720732678524,PVEM,653,0.17334749137244493,MORENA,1164,0.3089992036103,377,0.10007963897000266,PAN,787,0.20891956464029732,134,0.0355720732678524,PVEM,653,0.17334749137244493,787,0.20891956464029732,93,0.024688080700822936,25,0.006636580833554553,653,0.17334749137244493,89,0.023626227767454207,477,0.12662596230422088,1164,0.3089992036103,161,0.042739580568091316,70,0.018582426333952747,31,0.008229360233607645,9,0.002389169100079639,6,0.0015927794000530925,12,0.003185558800106185,1,0.0002654632333421821,18,0.004778338200159278,8,0.002123705866737457,1,0.0002654632333421821,2,0.0005309264666843643,2,0.0005309264666843643,10,0.002654632333421821,14,0.0037164852667905496,8,0.002123705866737457,9,0.002389169100079639,0,0.0,3,0.0007963897000265463,4,0.0010618529333687285,110,0.02920095566764003,3767,1.0,ORIGEN,SECCION,COMPLETO,INFERIDA_SECCION_VECINA
849,23,QUINTANA ROO,SOLIDARIDAD,,9,876,4844,1411,0.2912881915772089,0.708711808422791,MORENA,486,0.34443656980864634,147,0.1041814316087881,PVEM,339,0.24025513819985825,162,0.11481218993621545,MC,177,0.1254429482636428,MORENA,486,0.34443656980864634,147,0.1041814316087881,PVEM,339,0.24025513819985825,162,0.11481218993621545,MC,177,0.1254429482636428,112,0.07937632884479093,19,0.013465627214741318,10,0.007087172218284904,339,0.24025513819985825,46,0.03260099220411056,177,0.1254429482636428,486,0.34443656980864634,94,0.0666194188518781,14,0.009922041105598866,9,0.0063784549964564135,0,0.0,1,0.0007087172218284905,0,0.0,0,0.0,8,0.005669737774627924,2,0.001417434443656981,1,0.0007087172218284905,0,0.0,0,0.0,1,0.0007087172218284905,5,0.003543586109142452,1,0.0007087172218284905,5,0.003543586109142452,0,0.0,0,0.0,1,0.0007087172218284905,80,0.05669737774627923,1411,1.0,ORIGEN,SECCION,COMPLETO,CATALOGO_INE_2026
850,23,QUINTANA ROO,SOLIDARIDAD,,9,877,1235,407,0.32955465587044536,0.6704453441295546,MORENA,133,0.32678132678132676,46,0.11302211302211303,PVEM,87,0.21375921375921375,22,0.05405405405405406,MC,65,0.1597051597051597,MORENA,133,0.32678132678132676,46,0.11302211302211303,PVEM,87,0.21375921375921375,22,0.05405405405405406,MC,65,0.1597051597051597,45,0.11056511056511056,14,0.0343980343980344,4,0.009828009828009828,87,0.21375921375921375,13,0.03194103194103194,65,0.1597051597051597,133,0.32678132678132676,9,0.022113022113022112,8,0.019656019656019656,3,0.007371007371007371,1,0.002457002457002457,0,0.0,1,0.002457002457002457,0,0.0,0,0.0,0,0.0,0,0.0,0,0.0,0,0.0,1,0.002457002457002457,3,0.007371007371007371,0,0.0,1,0.002457002457002457,0,0.0,0,0.0,0,0.0,19,0.04668304668304668,407,1.0,ORIGEN,SECCION,COMPLETO,CATALOGO_INE_2026
851,23,QUINTANA ROO,SOLIDARIDAD,,9,878,1131,383,0.33863837312113176,0.6613616268788682,MORENA,144,0.37597911227154046,76,0.19843342036553524,PVEM,68,0.17754569190600522,17,0.044386422976501305,MC,51,0.13315926892950392,MORENA,144,0.37597911227154046,76,0.19843342036553524,PVEM,68,0.17754569190600522,17,0.044386422976501305,MC,51,0.13315926892950392,39,0.10182767624020887,3,0.007832898172323759,1,0.0026109660574412533,68,0.17754569190600522,9,0.02349869451697128,51,0.13315926892950392,144,0.37597911227154046,26,0.06788511749347259,2,0.005221932114882507,5,0.013054830287206266,0,0.0,0,0.0,1,0.0026109660574412533,0,0.0,0,0.0,1,0.0026109660574412533,0,0.0,0,0.0,0,0.0,1,0.0026109660574412533,6,0.015665796344647518,0,0.0,2,0.005221932114882507,0,0.0,0,0.0,10,0.02610966057441253,14,0.03655352480417755,383,1.0,ORIGEN,SECCION,COMPLETO,CATALOGO_INE_2026
852,23,QUINTANA ROO,SOLIDARIDAD,,9,879,1212,409,0.33745874587458746,0.6625412541254125,MORENA,129,0.3154034229828851,23,0.05623471882640587,PVEM,106,0.2591687041564792,62,0.15158924205378974,PAN,44,0.10757946210268948,MORENA,129,0.3154034229828851,23,0.05623471882640587,PVEM,106,0.2591687041564792,62,0.15158924205378974,PAN,44,0.10757946210268948,44,0.10757946210268948,3,0.007334963325183374,1,0.0024449877750611247,106,0.2591687041564792,8,0.019559902200488997,36,0.08801955990220049,129,0.3154034229828851,39,0.09535452322738386,9,0.022004889975550123,4,0.009779951100244499,1,0.0024449877750611247,0,0.0,0,0.0,0,0.0,0,0.0,4,0.009779951100244499,0,0.0,0,0.0,0,0.0,0,0.0,6,0.014669926650366748,0,0.0,0,0.0,0,0.0,0,0.0,1,0.0024449877750611247,18,0.044009779951100246,409,1.0,ORIGEN,SECCION,COMPLETO,CATALOGO_INE_2026
853,23,QUINTANA ROO,SOLIDARIDAD,,9,880,1114,381,0.34201077199281865,0.6579892280071813,MORENA,142,0.37270341207349084,61,0.16010498687664043,PVEM,81,0.2125984251968504,33,0.08661417322834646,MC,48,0.12598425196850394,MORENA,142,0.37270341207349084,61,0.16010498687664043,PVEM,81,0.2125984251968504,33,0.08661417322834646,MC,48,0.12598425196850394,46,0.12073490813648294,9,0.023622047244094488,4,0.010498687664041995,81,0.2125984251968504,3,0.007874015748031496,48,0.12598425196850394,142,0.37270341207349084,14,0.03674540682414698,7,0.01837270341207349,3,0.007874015748031496,1,0.0026246719160104987,0,0.0,0,0.0,0,0.0,1,0.0026246719160104987,1,0.0026246719160104987,0,0.0,0,0.0,1,0.0026246719160104987,4,0.010498687664041995,0,0.0,0,0.0,0,0.0,0,0.0,0,0.0,0,0.0,16,0.04199475065616798,381,1.0,ORIGEN,SECCION,COMPLETO,CATALOGO_INE_2026
854,23,QUINTANA ROO,SOLIDARIDAD,,9,881,2289,453,0.19790301441677588,0.8020969855832241,MORENA,143,0.31567328918322296,45,0.09933774834437085,PAN,98,0.2163355408388521,22,0.04856512141280353,MC,76,0.16777041942604856,MORENA,143,0.31567328918322296,45,0.09933774834437085,PAN,98,0.2163355408388521,22,0.04856512141280353,MC,76,0.16777041942604856,98,0.2163355408388521,22,0.04856512141280353,2,0.004415011037527594,59,0.13024282560706402,7,0.01545253863134658,76,0.16777041942604856,143,0.31567328918322296,24,0.052980132450331126,4,0.008830022075055188,7,0.01545253863134658,0,0.0,1,0.002207505518763797,0,0.0,0,0.0,0,0.0,0,0.0,0,0.0,0,0.0,0,0.0,0,0.0,2,0.004415011037527594,0,0.0,1,0.002207505518763797,0,0.0,0,0.0,1,0.002207505518763797,6,0.013245033112582781,453,1.0,ORIGEN,SECCION,COMPLETO,CATALOGO_INE_2026
855,23,QUINTANA ROO,SOLIDARIDAD,,9,882,882,297,0.336734693877551,0.6632653061224489,MORENA,101,0.3400673400673401,24,0.08080808080808081,PVEM,77,0.25925925925925924,46,0.15488215488215487,MC,31,0.10437710437710437,MORENA,101,0.3400673400673401,24,0.08080808080808081,PVEM,77,0.25925925925925924,46,0.15488215488215487,MC,31,0.10437710437710437,22,0.07407407407407407,7,0.02356902356902357,3,0.010101010101010102,77,0.25925925925925924,9,0.030303030303030304,31,0.10437710437710437,101,0.3400673400673401,10,0.03367003367003367,6,0.020202020202020204,6,0.020202020202020204,0,0.0,1,0.003367003367003367,1,0.003367003367003367,0,0.0,1,0.003367003367003367,1,0.003367003367003367,0,0.0,0,0.0,1,0.003367003367003367,0,0.0,8,0.026936026936026935,0,0.0,0,0.0,1,0.003367003367003367,0,0.0,0,0.0,11,0.037037037037037035,297,1.0,ORIGEN,SECCION,COMPLETO,CATALOGO_INE_2026
856,23,QUINTANA ROO,SOLIDARIDAD,,9,883,1540,450,0.2922077922077922,0.7077922077922079,MORENA,164,0.36444444444444446,68,0.1511111111111111,PVEM,96,0.21333333333333335,26,0.057777777777777775,MC,70,0.15555555555555556,MORENA,164,0.36444444444444446,68,0.1511111111111111,PVEM,96,0.21333333333333335,26,0.057777777777777775,MC,70,0.15555555555555556,50,0.1111111111111111,2,0.0044444444444444444,2,0.0044444444444444444,96,0.21333333333333335,13,0.028888888888888888,70,0.15555555555555556,164,0.36444444444444446,20,0.044444444444444446,4,0.008888888888888889,2,0.0044444444444444444,0,0.0,0,0.0,0,0.0,0,0.0,2,0.0044444444444444444,0,0.0,0,0.0,1,0.0022222222222222222,1,0.0022222222222222222,0,0.0,3,0.006666666666666667,0,0.0,1,0.0022222222222222222,0,0.0,1,0.0022222222222222222,2,0.0044444444444444444,16,0.035555555555555556,450,1.0,ORIGEN,SECCION,COMPLETO,CATALOGO_INE_2026
857,23,QUINTANA ROO,SOLIDARIDAD,,9,884,1056,304,0.2878787878787879,0.7121212121212122,MORENA,120,0.39473684210526316,50,0.16447368421052633,PVEM,70,0.23026315789473684,39,0.12828947368421054,MC,31,0.10197368421052631,MORENA,120,0.39473684210526316,50,0.16447368421052633,PVEM,70,0.23026315789473684,39,0.12828947368421054,MC,31,0.10197368421052631,30,0.09868421052631579,2,0.006578947368421052,1,0.003289473684210526,70,0.23026315789473684,11,0.03618421052631579,31,0.10197368421052631,120,0.39473684210526316,13,0.04276315789473684,4,0.013157894736842105,3,0.009868421052631578,0,0.0,0,0.0,0,0.0,0,0.0,1,0.003289473684210526,1,0.003289473684210526,1,0.003289473684210526,0,0.0,0,0.0,0,0.0,2,0.006578947368421052,0,0.0,0,0.0,0,0.0,1,0.003289473684210526,0,0.0,13,0.04276315789473684,304,1.0,ORIGEN,SECCION,COMPLETO,CATALOGO_INE_2026
858,23,QUINTANA ROO,SOLIDARIDAD,,9,885,852,283,0.33215962441314556,0.6678403755868545,PVEM,75,0.26501766784452296,5,0.0176678445229682,MORENA,70,0.24734982332155478,21,0.07420494699646643,PAN,49,0.17314487632508835,PVEM,75,0.26501766784452296,5,0.0176678445229682,MORENA,70,0.24734982332155478,21,0.07420494699646643,PAN,49,0.17314487632508835,49,0.17314487632508835,4,0.014134275618374558,5,0.0176678445229682,75,0.26501766784452296,8,0.028268551236749116,33,0.1166077738515901,70,0.24734982332155478,16,0.05653710247349823,7,0.024734982332155476,5,0.0176678445229682,1,0.0035335689045936395,0,0.0,0,0.0,1,0.0035335689045936395,0,0.0,0,0.0,0,0.0,1,0.0035335689045936395,0,0.0,0,0.0,1,0.0035335689045936395,0,0.0,1,0.0035335689045936395,0,0.0,0,0.0,0,0.0,6,0.02120141342756184,283,1.0,ORIGEN,SECCION,COMPLETO,CATALOGO_INE_2026
859,23,QUINTANA ROO,SOLIDARIDAD,,9,886,832,317,0.38100961538461536,0.6189903846153846,MORENA,124,0.3911671924290221,37,0.1167192429022082,PVEM,87,0.2744479495268139,53,0.167192429022082,PAN,34,0.10725552050473186,MORENA,124,0.3911671924290221,37,0.1167192429022082,PVEM,87,0.2744479495268139,53,0.167192429022082,PAN,34,0.10725552050473186,34,0.10725552050473186,1,0.0031545741324921135,0,0.0,87,0.2744479495268139,5,0.015772870662460567,31,0.09779179810725552,124,0.3911671924290221,9,0.028391167192429023,3,0.00946372239747634,2,0.006309148264984227,0,0.0,0,0.0,1,0.0031545741324921135,0,0.0,1,0.0031545741324921135,0,0.0,0,0.0,2,0.006309148264984227,1,0.0031545741324921135,0,0.0,1,0.0031545741324921135,0,0.0,2,0.006309148264984227,0,0.0,1,0.0031545741324921135,0,0.0,12,0.03785488958990536,317,1.0,ORIGEN,SECCION,COMPLETO,CATALOGO_INE_2026
860,23,QUINTANA ROO,SOLIDARIDAD,,9,887,672,209,0.31101190476190477,0.6889880952380952,MORENA,66,0.3157894736842105,17,0.08133971291866028,PVEM,49,0.23444976076555024,21,0.10047846889952153,MC,28,0.1339712918660287,MORENA,66,0.3157894736842105,17,0.08133971291866028,PVEM,49,0.23444976076555024,21,0.10047846889952153,MC,28,0.1339712918660287,25,0.11961722488038277,4,0.019138755980861243,1,0.004784688995215311,49,0.23444976076555024,3,0.014354066985645933,28,0.1339712918660287,66,0.3157894736842105,13,0.06220095693779904,3,0.014354066985645933,1,0.004784688995215311,0,0.0,0,0.0,0,0.0,0,0.0,1,0.004784688995215311,0,0.0,0,0.0,0,0.0,0,0.0,1,0.004784688995215311,1,0.004784688995215311,0,0.0,0,0.0,0,0.0,0,0.0,0,0.0,13,0.06220095693779904,209,1.0,ORIGEN,SECCION,COMPLETO,CATALOGO_INE_2026
861,23,QUINTANA ROO,SOLIDARIDAD,,9,888,3107,632,0.20341165111039589,0.7965883488896042,MORENA,185,0.2927215189873418,9,0.014240506329113924,PAN,176,0.27848101265822783,76,0.12025316455696203,MC,100,0.15822784810126583,MORENA,185,0.2927215189873418,9,0.014240506329113924,PAN,176,0.27848101265822783,76,0.12025316455696203,MC,100,0.15822784810126583,176,0.27848101265822783,16,0.02531645569620253,3,0.004746835443037975,83,0.13132911392405064,7,0.011075949367088608,100,0.15822784810126583,185,0.2927215189873418,16,0.02531645569620253,10,0.015822784810126583,9,0.014240506329113924,1,0.0015822784810126582,1,0.0015822784810126582,0,0.0,1,0.0015822784810126582,2,0.0031645569620253164,0,0.0,0,0.0,0,0.0,0,0.0,2,0.0031645569620253164,2,0.0031645569620253164,0,0.0,1,0.0015822784810126582,0,0.0,0,0.0,1,0.0015822784810126582,16,0.02531645569620253,632,1.0,ORIGEN,SECCION,COMPLETO,CATALOGO_INE_2026
862,23,QUINTANA ROO,SOLIDARIDAD,,9,889,1159,362,0.31233822260569455,0.6876617773943055,MORENA,107,0.2955801104972376,30,0.08287292817679558,PVEM,77,0.212707182320442,16,0.04419889502762431,MC,61,0.1685082872928177,MORENA,107,0.2955801104972376,30,0.08287292817679558,PVEM,77,0.212707182320442,16,0.04419889502762431,MC,61,0.1685082872928177,56,0.15469613259668508,4,0.011049723756906077,3,0.008287292817679558,77,0.212707182320442,18,0.049723756906077346,61,0.1685082872928177,107,0.2955801104972376,18,0.049723756906077346,4,0.011049723756906077,4,0.011049723756906077,0,0.0,1,0.0027624309392265192,0,0.0,0,0.0,1,0.0027624309392265192,0,0.0,0,0.0,0,0.0,0,0.0,0,0.0,2,0.0055248618784530384,0,0.0,0,0.0,0,0.0,0,0.0,0,0.0,6,0.016574585635359115,362,1.0,ORIGEN,SECCION,COMPLETO,CATALOGO_INE_2026
863,23,QUINTANA ROO,SOLIDARIDAD,,9,890,1030,320,0.3106796116504854,0.6893203883495146,MORENA,112,0.35,50,0.15625,PVEM,62,0.19375,6,0.01875,PAN,56,0.175,MORENA,112,0.35,50,0.15625,PVEM,62,0.19375,6,0.01875,PAN,56,0.175,56,0.175,8,0.025,3,0.009375,62,0.19375,10,0.03125,43,0.134375,112,0.35,9,0.028125,4,0.0125,3,0.009375,0,0.0,0,0.0,2,0.00625,0,0.0,0,0.0,0,0.0,0,0.0,0,0.0,0,0.0,1,0.003125,1,0.003125,1,0.003125,1,0.003125,0,0.0,0,0.0,0,0.0,4,0.0125,320,1.0,ORIGEN,SECCION,COMPLETO,CATALOGO_INE_2026
864,23,QUINTANA ROO,SOLIDARIDAD,,9,891,1122,236,0.2103386809269162,0.7896613190730838,MORENA,72,0.3050847457627119,25,0.1059322033898305,PVEM,47,0.19915254237288135,14,0.059322033898305086,PAN,33,0.13983050847457626,MORENA,72,0.3050847457627119,25,0.1059322033898305,PVEM,47,0.19915254237288135,14,0.059322033898305086,PAN,33,0.13983050847457626,33,0.13983050847457626,5,0.0211864406779661,2,0.00847457627118644,47,0.19915254237288135,7,0.029661016949152543,26,0.11016949152542373,72,0.3050847457627119,18,0.07627118644067797,5,0.0211864406779661,4,0.01694915254237288,1,0.00423728813559322,0,0.0,0,0.0,1,0.00423728813559322,0,0.0,1,0.00423728813559322,0,0.0,1,0.00423728813559322,0,0.0,0,0.0,0,0.0,0,0.0,0,0.0,0,0.0,0,0.0,1,0.00423728813559322,12,0.05084745762711865,236,1.0,ORIGEN,SECCION,COMPLETO,CATALOGO_INE_2026
865,23,QUINTANA ROO,SOLIDARIDAD,,9,892,1921,454,0.23633524206142634,0.7636647579385737,MORENA,153,0.3370044052863436,70,0.15418502202643172,PAN,83,0.1828193832599119,0,0.0,MC,83,0.1828193832599119,MORENA,153,0.3370044052863436,70,0.15418502202643172,PAN,83,0.1828193832599119,0,0.0,MC,83,0.1828193832599119,83,0.1828193832599119,11,0.024229074889867842,4,0.00881057268722467,69,0.15198237885462554,8,0.01762114537444934,83,0.1828193832599119,153,0.3370044052863436,24,0.05286343612334802,7,0.015418502202643172,3,0.006607929515418502,0,0.0,1,0.0022026431718061676,0,0.0,0,0.0,1,0.0022026431718061676,0,0.0,0,0.0,0,0.0,0,0.0,0,0.0,0,0.0,0,0.0,0,0.0,0,0.0,0,0.0,0,0.0,7,0.015418502202643172,454,1.0,ORIGEN,SECCION,COMPLETO,CATALOGO_INE_2026
866,23,QUINTANA ROO,SOLIDARIDAD,,9,893,738,168,0.22764227642276422,0.7723577235772358,MORENA,46,0.27380952380952384,5,0.02976190476190476,PAN,41,0.24404761904761904,7,0.041666666666666664,PVEM,34,0.20238095238095238,MORENA,46,0.27380952380952384,5,0.02976190476190476,PAN,41,0.24404761904761904,7,0.041666666666666664,PVEM,34,0.20238095238095238,41,0.24404761904761904,1,0.005952380952380952,1,0.005952380952380952,34,0.20238095238095238,5,0.02976190476190476,23,0.13690476190476192,46,0.27380952380952384,2,0.011904761904761904,4,0.023809523809523808,1,0.005952380952380952,1,0.005952380952380952,0,0.0,0,0.0,0,0.0,0,0.0,0,0.0,0,0.0,0,0.0,0,0.0,0,0.0,2,0.011904761904761904,0,0.0,0,0.0,0,0.0,0,0.0,0,0.0,7,0.041666666666666664,168,1.0,ORIGEN,SECCION,COMPLETO,CATALOGO_INE_2026
867,23,QUINTANA ROO,SOLIDARIDAD,,9,894,486,153,0.3148148148148148,0.6851851851851851,MORENA,56,0.3660130718954248,15,0.09803921568627451,PVEM,41,0.2679738562091503,23,0.1503267973856209,MC,18,0.11764705882352941,MORENA,56,0.3660130718954248,15,0.09803921568627451,PVEM,41,0.2679738562091503,23,0.1503267973856209,MC,18,0.11764705882352941,15,0.09803921568627451,0,0.0,2,0.013071895424836602,41,0.2679738562091503,6,0.0392156862745098,18,0.11764705882352941,56,0.3660130718954248,6,0.0392156862745098,1,0.006535947712418301,2,0.013071895424836602,0,0.0,0,0.0,1,0.006535947712418301,0,0.0,0,0.0,0,0.0,0,0.0,0,0.0,0,0.0,0,0.0,0,0.0,0,0.0,0,0.0,0,0.0,0,0.0,0,0.0,5,0.032679738562091505,153,1.0,ORIGEN,SECCION,COMPLETO,CATALOGO_INE_2026
868,23,QUINTANA ROO,SOLIDARIDAD,,9,895,538,136,0.2527881040892193,0.7472118959107807,MORENA,47,0.34558823529411764,18,0.1323529411764706,PVEM,29,0.21323529411764705,7,0.051470588235294115,MC,22,0.16176470588235295,MORENA,47,0.34558823529411764,18,0.1323529411764706,PVEM,29,0.21323529411764705,7,0.051470588235294115,MC,22,0.16176470588235295,20,0.14705882352941177,8,0.058823529411764705,2,0.014705882352941176,29,0.21323529411764705,0,0.0,22,0.16176470588235295,47,0.34558823529411764,4,0.029411764705882353,0,0.0,2,0.014705882352941176,0,0.0,0,0.0,0,0.0,0,0.0,1,0.007352941176470588,0,0.0,0,0.0,0,0.0,0,0.0,0,0.0,0,0.0,0,0.0,0,0.0,0,0.0,1,0.007352941176470588,0,0.0,0,0.0,136,1.0,ORIGEN,SECCION,COMPLETO,CATALOGO_INE_2026
869,23,QUINTANA ROO,SOLIDARIDAD,,9,896,610,193,0.3163934426229508,0.6836065573770491,MORENA,55,0.2849740932642487,5,0.025906735751295335,PVEM,50,0.25906735751295334,31,0.16062176165803108,PAN,19,0.09844559585492228,MORENA,55,0.2849740932642487,5,0.025906735751295335,PVEM,50,0.25906735751295334,31,0.16062176165803108,PAN,19,0.09844559585492228,19,0.09844559585492228,6,0.031088082901554404,1,0.0051813471502590676,50,0.25906735751295334,6,0.031088082901554404,17,0.08808290155440414,55,0.2849740932642487,6,0.031088082901554404,7,0.03626943005181347,7,0.03626943005181347,0,0.0,1,0.0051813471502590676,0,0.0,0,0.0,2,0.010362694300518135,0,0.0,0,0.0,0,0.0,0,0.0,0,0.0,1,0.0051813471502590676,1,0.0051813471502590676,0,0.0,0,0.0,0,0.0,0,0.0,14,0.07253886010362694,193,1.0,ORIGEN,SECCION,COMPLETO,CATALOGO_INE_2026
870,23,QUINTANA ROO,SOLIDARIDAD,,9,897,746,203,0.27211796246648795,0.727882037533512,MORENA,53,0.26108374384236455,7,0.034482758620689655,PVEM,46,0.22660098522167488,1,0.0049261083743842365,PAN,45,0.22167487684729065,MORENA,53,0.26108374384236455,7,0.034482758620689655,PVEM,46,0.22660098522167488,1,0.0049261083743842365,PAN,45,0.22167487684729065,45,0.22167487684729065,6,0.029556650246305417,8,0.03940886699507389,46,0.22660098522167488,7,0.034482758620689655,12,0.059113300492610835,53,0.26108374384236455,11,0.054187192118226604,5,0.024630541871921183,2,0.009852216748768473,0,0.0,0,0.0,0,0.0,0,0.0,0,0.0,0,0.0,0,0.0,0,0.0,0,0.0,0,0.0,1,0.0049261083743842365,0,0.0,0,0.0,0,0.0,1,0.0049261083743842365,0,0.0,6,0.029556650246305417,203,1.0,ORIGEN,SECCION,COMPLETO,CATALOGO_INE_2026
871,23,QUINTANA ROO,SOLIDARIDAD,,9,898,524,137,0.26145038167938933,0.7385496183206106,MORENA,37,0.27007299270072993,2,0.014598540145985401,PVEM,35,0.25547445255474455,14,0.10218978102189781,PAN,21,0.15328467153284672,MORENA,37,0.27007299270072993,2,0.014598540145985401,PVEM,35,0.25547445255474455,14,0.10218978102189781,PAN,21,0.15328467153284672,21,0.15328467153284672,3,0.021897810218978103,1,0.0072992700729927005,35,0.25547445255474455,1,0.0072992700729927005,15,0.10948905109489052,37,0.27007299270072993,9,0.06569343065693431,6,0.043795620437956206,1,0.0072992700729927005,0,0.0,0,0.0,0,0.0,0,0.0,0,0.0,0,0.0,1,0.0072992700729927005,0,0.0,0,0.0,0,0.0,0,0.0,0,0.0,0,0.0,0,0.0,0,0.0,0,0.0,7,0.051094890510948905,137,1.0,ORIGEN,SECCION,COMPLETO,CATALOGO_INE_2026
872,23,QUINTANA ROO,SOLIDARIDAD,,9,899,468,152,0.3247863247863248,0.6752136752136753,MORENA,45,0.29605263157894735,19,0.125,PVEM,26,0.17105263157894737,0,0.0,MC,26,0.17105263157894737,MORENA,45,0.29605263157894735,19,0.125,PVEM,26,0.17105263157894737,0,0.0,MC,26,0.17105263157894737,15,0.09868421052631579,2,0.013157894736842105,0,0.0,26,0.17105263157894737,12,0.07894736842105263,26,0.17105263157894737,45,0.29605263157894735,11,0.07236842105263158,4,0.02631578947368421,1,0.006578947368421052,1,0.006578947368421052,0,0.0,0,0.0,0,0.0,0,0.0,1,0.006578947368421052,0,0.0,0,0.0,0,0.0,1,0.006578947368421052,2,0.013157894736842105,0,0.0,0,0.0,0,0.0,0,0.0,0,0.0,5,0.03289473684210526,152,1.0,ORIGEN,SECCION,COMPLETO,CATALOGO_INE_2026
873,23,QUINTANA ROO,SOLIDARIDAD,,9,901,436,165,0.37844036697247707,0.6215596330275229,MORENA,51,0.3090909090909091,9,0.05454545454545454,PVEM,42,0.2545454545454545,15,0.09090909090909091,MC,27,0.16363636363636364,MORENA,51,0.3090909090909091,9,0.05454545454545454,PVEM,42,0.2545454545454545,15,0.09090909090909091,MC,27,0.16363636363636364,26,0.15757575757575756,0,0.0,0,0.0,42,0.2545454545454545,3,0.01818181818181818,27,0.16363636363636364,51,0.3090909090909091,5,0.030303030303030304,2,0.012121212121212121,0,0.0,0,0.0,0,0.0,0,0.0,0,0.0,0,0.0,0,0.0,0,0.0,1,0.006060606060606061,0,0.0,0,0.0,1,0.006060606060606061,0,0.0,0,0.0,0,0.0,0,0.0,1,0.006060606060606061,6,0.03636363636363636,165,1.0,ORIGEN,SECCION,COMPLETO,CATALOGO_INE_2026
874,23,QUINTANA ROO,SOLIDARIDAD,,9,902,612,140,0.22875816993464052,0.7712418300653595,PVEM,39,0.2785714285714286,12,0.08571428571428572,MORENA,27,0.19285714285714287,5,0.03571428571428571,MC,22,0.15714285714285714,PVEM,39,0.2785714285714286,12,0.08571428571428572,MORENA,27,0.19285714285714287,5,0.03571428571428571,MC,22,0.15714285714285714,16,0.11428571428571428,0,0.0,7,0.05,39,0.2785714285714286,6,0.04285714285714286,22,0.15714285714285714,27,0.19285714285714287,10,0.07142857142857142,2,0.014285714285714285,0,0.0,1,0.007142857142857143,0,0.0,0,0.0,0,0.0,0,0.0,0,0.0,0,0.0,0,0.0,0,0.0,0,0.0,1,0.007142857142857143,0,0.0,1,0.007142857142857143,0,0.0,0,0.0,0,0.0,8,0.05714285714285714,140,1.0,ORIGEN,SECCION,COMPLETO,CATALOGO_INE_2026
875,23,QUINTANA ROO,SOLIDARIDAD,,9,904,451,120,0.2660753880266075,0.7339246119733924,MORENA,34,0.2833333333333333,4,0.03333333333333333,PVEM,30,0.25,10,0.08333333333333333,PAN,20,0.16666666666666666,MORENA,34,0.2833333333333333,4,0.03333333333333333,PVEM,30,0.25,10,0.08333333333333333,PAN,20,0.16666666666666666,20,0.16666666666666666,3,0.025,3,0.025,30,0.25,0,0.0,12,0.1,34,0.2833333333333333,3,0.025,2,0.016666666666666666,1,0.008333333333333333,0,0.0,0,0.0,0,0.0,0,0.0,0,0.0,1,0.008333333333333333,0,0.0,0,0.0,0,0.0,1,0.008333333333333333,0,0.0,0,0.0,0,0.0,0,0.0,0,0.0,2,0.016666666666666666,8,0.06666666666666667,120,1.0,ORIGEN,SECCION,COMPLETO,CATALOGO_INE_2026
876,23,QUINTANA ROO,SOLIDARIDAD,,9,906,397,131,0.32997481108312343,0.6700251889168766,PVEM,39,0.29770992366412213,3,0.022900763358778626,MORENA,36,0.2748091603053435,21,0.16030534351145037,PAN,15,0.11450381679389313,PVEM,39,0.29770992366412213,3,0.022900763358778626,MORENA,36,0.2748091603053435,21,0.16030534351145037,PAN,15,0.11450381679389313,15,0.11450381679389313,4,0.030534351145038167,0,0.0,39,0.29770992366412213,4,0.030534351145038167,10,0.07633587786259542,36,0.2748091603053435,12,0.0916030534351145,0,0.0,1,0.007633587786259542,1,0.007633587786259542,0,0.0,0,0.0,0,0.0,1,0.007633587786259542,0,0.0,0,0.0,1,0.007633587786259542,0,0.0,0,0.0,2,0.015267175572519083,0,0.0,2,0.015267175572519083,0,0.0,0,0.0,0,0.0,3,0.022900763358778626,131,1.0,ORIGEN,SECCION,COMPLETO,CATALOGO_INE_2026
877,23,QUINTANA ROO,SOLIDARIDAD,,9,907,425,130,0.3058823529411765,0.6941176470588235,MORENA,37,0.2846153846153846,1,0.007692307692307693,PVEM,36,0.27692307692307694,5,0.038461538461538464,PAN,31,0.23846153846153847,MORENA,37,0.2846153846153846,1,0.007692307692307693,PVEM,36,0.27692307692307694,5,0.038461538461538464,PAN,31,0.23846153846153847,31,0.23846153846153847,1,0.007692307692307693,1,0.007692307692307693,36,0.27692307692307694,3,0.023076923076923078,11,0.08461538461538462,37,0.2846153846153846,1,0.007692307692307693,2,0.015384615384615385,1,0.007692307692307693,0,0.0,0,0.0,0,0.0,0,0.0,0,0.0,0,0.0,0,0.0,0,0.0,0,0.0,0,0.0,0,0.0,0,0.0,0,0.0,0,0.0,0,0.0,0,0.0,6,0.046153846153846156,130,1.0,ORIGEN,SECCION,COMPLETO,CATALOGO_INE_2026
878,23,QUINTANA ROO,SOLIDARIDAD,,9,909,481,144,0.2993762993762994,0.7006237006237006,MORENA,60,0.4166666666666667,36,0.25,PVEM,24,0.16666666666666666,2,0.013888888888888888,PAN,22,0.1527777777777778,MORENA,60,0.4166666666666667,36,0.25,PVEM,24,0.16666666666666666,2,0.013888888888888888,PAN,22,0.1527777777777778,22,0.1527777777777778,3,0.020833333333333332,0,0.0,24,0.16666666666666666,4,0.027777777777777776,13,0.09027777777777778,60,0.4166666666666667,3,0.020833333333333332,5,0.034722222222222224,0,0.0,2,0.013888888888888888,0,0.0,0,0.0,0,0.0,2,0.013888888888888888,0,0.0,0,0.0,0,0.0,0,0.0,1,0.006944444444444444,0,0.0,0,0.0,1,0.006944444444444444,0,0.0,0,0.0,0,0.0,4,0.027777777777777776,144,1.0,ORIGEN,SECCION,COMPLETO,CATALOGO_INE_2026
879,23,QUINTANA ROO,SOLIDARIDAD,,9,910,413,98,0.23728813559322035,0.7627118644067796,PAN,39,0.3979591836734694,14,0.14285714285714285,MORENA,25,0.25510204081632654,12,0.12244897959183673,MC,13,0.1326530612244898,PAN,39,0.3979591836734694,14,0.14285714285714285,MORENA,25,0.25510204081632654,12,0.12244897959183673,MC,13,0.1326530612244898,39,0.3979591836734694,2,0.02040816326530612,2,0.02040816326530612,9,0.09183673469387756,1,0.01020408163265306,13,0.1326530612244898,25,0.25510204081632654,2,0.02040816326530612,0,0.0,3,0.030612244897959183,0,0.0,0,0.0,0,0.0,0,0.0,0,0.0,0,0.0,0,0.0,0,0.0,0,0.0,0,0.0,0,0.0,0,0.0,1,0.01020408163265306,0,0.0,0,0.0,0,0.0,1,0.01020408163265306,98,1.0,ORIGEN,SECCION,COMPLETO,CATALOGO_INE_2026
880,23,QUINTANA ROO,SOLIDARIDAD,,9,912,458,156,0.3406113537117904,0.6593886462882096,MORENA,54,0.34615384615384615,11,0.07051282051282051,PVEM,43,0.27564102564102566,26,0.16666666666666666,MC,17,0.10897435897435898,MORENA,54,0.34615384615384615,11,0.07051282051282051,PVEM,43,0.27564102564102566,26,0.16666666666666666,MC,17,0.10897435897435898,7,0.04487179487179487,2,0.01282051282051282,1,0.00641025641025641,43,0.27564102564102566,3,0.019230769230769232,17,0.10897435897435898,54,0.34615384615384615,17,0.10897435897435898,1,0.00641025641025641,3,0.019230769230769232,0,0.0,1,0.00641025641025641,0,0.0,0,0.0,0,0.0,0,0.0,0,0.0,1,0.00641025641025641,0,0.0,0,0.0,1,0.00641025641025641,0,0.0,0,0.0,0,0.0,0,0.0,0,0.0,5,0.03205128205128205,156,1.0,ORIGEN,SECCION,COMPLETO,CATALOGO_INE_2026
881,23,QUINTANA ROO,SOLIDARIDAD,,9,913,416,107,0.25721153846153844,0.7427884615384616,MORENA,29,0.27102803738317754,4,0.037383177570093455,PVEM,25,0.2336448598130841,6,0.056074766355140186,PAN,19,0.17757009345794392,MORENA,29,0.27102803738317754,4,0.037383177570093455,PVEM,25,0.2336448598130841,6,0.056074766355140186,PAN,19,0.17757009345794392,19,0.17757009345794392,0,0.0,1,0.009345794392523364,25,0.2336448598130841,1,0.009345794392523364,12,0.11214953271028037,29,0.27102803738317754,8,0.07476635514018691,0,0.0,2,0.018691588785046728,0,0.0,0,0.0,0,0.0,0,0.0,0,0.0,1,0.009345794392523364,0,0.0,0,0.0,0,0.0,1,0.009345794392523364,0,0.0,0,0.0,1,0.009345794392523364,0,0.0,0,0.0,0,0.0,7,0.06542056074766354,107,1.0,ORIGEN,SECCION,COMPLETO,CATALOGO_INE_2026
882,23,QUINTANA ROO,SOLIDARIDAD,,9,914,685,133,0.19416058394160585,0.8058394160583942,PAN,44,0.3308270676691729,13,0.09774436090225563,MC,31,0.23308270676691728,3,0.022556390977443608,MORENA,28,0.21052631578947367,PAN,44,0.3308270676691729,13,0.09774436090225563,MC,31,0.23308270676691728,3,0.022556390977443608,MORENA,28,0.21052631578947367,44,0.3308270676691729,6,0.045112781954887216,2,0.015037593984962405,15,0.11278195488721804,1,0.007518796992481203,31,0.23308270676691728,28,0.21052631578947367,3,0.022556390977443608,0,0.0,1,0.007518796992481203,0,0.0,0,0.0,0,0.0,0,0.0,0,0.0,0,0.0,0,0.0,0,0.0,0,0.0,0,0.0,0,0.0,0,0.0,0,0.0,0,0.0,0,0.0,0,0.0,2,0.015037593984962405,133,1.0,ORIGEN,SECCION,COMPLETO,CATALOGO_INE_2026
883,23,QUINTANA ROO,SOLIDARIDAD,,9,915,599,104,0.17362270450751252,0.8263772954924875,PAN,38,0.36538461538461536,2,0.019230769230769232,MORENA,36,0.34615384615384615,27,0.25961538461538464,MC,9,0.08653846153846154,PAN,38,0.36538461538461536,2,0.019230769230769232,MORENA,36,0.34615384615384615,27,0.25961538461538464,MC,9,0.08653846153846154,38,0.36538461538461536,6,0.057692307692307696,0,0.0,3,0.028846153846153848,0,0.0,9,0.08653846153846154,36,0.34615384615384615,0,0.0,1,0.009615384615384616,3,0.028846153846153848,2,0.019230769230769232,0,0.0,0,0.0,0,0.0,0,0.0,1,0.009615384615384616,0,0.0,0,0.0,0,0.0,0,0.0,0,0.0,0,0.0,0,0.0,0,0.0,0,0.0,1,0.009615384615384616,4,0.038461538461538464,104,1.0,ORIGEN,SECCION,COMPLETO,CATALOGO_INE_2026
884,23,QUINTANA ROO,SOLIDARIDAD,,9,916,433,120,0.27713625866050806,0.7228637413394919,MORENA,40,0.3333333333333333,5,0.041666666666666664,PVEM,35,0.2916666666666667,17,0.14166666666666666,PAN,18,0.15,MORENA,40,0.3333333333333333,5,0.041666666666666664,PVEM,35,0.2916666666666667,17,0.14166666666666666,PAN,18,0.15,18,0.15,2,0.016666666666666666,2,0.016666666666666666,35,0.2916666666666667,2,0.016666666666666666,8,0.06666666666666667,40,0.3333333333333333,3,0.025,4,0.03333333333333333,0,0.0,1,0.008333333333333333,0,0.0,0,0.0,0,0.0,1,0.008333333333333333,0,0.0,0,0.0,1,0.008333333333333333,0,0.0,0,0.0,0,0.0,0,0.0,1,0.008333333333333333,0,0.0,0,0.0,0,0.0,2,0.016666666666666666,120,1.0,ORIGEN,SECCION,COMPLETO,CATALOGO_INE_2026
885,23,QUINTANA ROO,SOLIDARIDAD,,9,917,556,164,0.2949640287769784,0.7050359712230216,MORENA,49,0.29878048780487804,18,0.10975609756097561,PVEM,31,0.18902439024390244,2,0.012195121951219513,PAN,29,0.17682926829268292,MORENA,49,0.29878048780487804,18,0.10975609756097561,PVEM,31,0.18902439024390244,2,0.012195121951219513,PAN,29,0.17682926829268292,29,0.17682926829268292,22,0.13414634146341464,7,0.042682926829268296,31,0.18902439024390244,1,0.006097560975609756,11,0.06707317073170732,49,0.29878048780487804,5,0.03048780487804878,2,0.012195121951219513,3,0.018292682926829267,0,0.0,0,0.0,1,0.006097560975609756,0,0.0,0,0.0,0,0.0,0,0.0,0,0.0,0,0.0,0,0.0,1,0.006097560975609756,0,0.0,0,0.0,0,0.0,0,0.0,0,0.0,2,0.012195121951219513,164,1.0,ORIGEN,SECCION,COMPLETO,CATALOGO_INE_2026
886,23,QUINTANA ROO,SOLIDARIDAD,,9,918,341,76,0.22287390029325513,0.7771260997067448,MORENA,29,0.3815789473684211,12,0.15789473684210525,PVEM,17,0.2236842105263158,1,0.013157894736842105,PAN,16,0.21052631578947367,MORENA,29,0.3815789473684211,12,0.15789473684210525,PVEM,17,0.2236842105263158,1,0.013157894736842105,PAN,16,0.21052631578947367,16,0.21052631578947367,3,0.039473684210526314,1,0.013157894736842105,17,0.2236842105263158,2,0.02631578947368421,3,0.039473684210526314,29,0.3815789473684211,4,0.05263157894736842,0,0.0,0,0.0,0,0.0,0,0.0,0,0.0,0,0.0,0,0.0,0,0.0,0,0.0,0,0.0,0,0.0,0,0.0,0,0.0,0,0.0,0,0.0,0,0.0,0,0.0,0,0.0,1,0.013157894736842105,76,1.0,ORIGEN,SECCION,COMPLETO,CATALOGO_INE_2026
887,23,QUINTANA ROO,SOLIDARIDAD,,9,919,583,108,0.18524871355060035,0.8147512864493996,PAN,35,0.32407407407407407,5,0.046296296296296294,MORENA,30,0.2777777777777778,16,0.14814814814814814,MC,14,0.12962962962962962,PAN,35,0.32407407407407407,5,0.046296296296296294,MORENA,30,0.2777777777777778,16,0.14814814814814814,MC,14,0.12962962962962962,35,0.32407407407407407,3,0.027777777777777776,0,0.0,11,0.10185185185185185,7,0.06481481481481481,14,0.12962962962962962,30,0.2777777777777778,1,0.009259259259259259,2,0.018518518518518517,0,0.0,1,0.009259259259259259,0,0.0,0,0.0,0,0.0,0,0.0,0,0.0,0,0.0,0,0.0,0,0.0,0,0.0,0,0.0,0,0.0,2,0.018518518518518517,0,0.0,0,0.0,0,0.0,2,0.018518518518518517,108,1.0,ORIGEN,SECCION,COMPLETO,CATALOGO_INE_2026
888,23,QUINTANA ROO,SOLIDARIDAD,,9,920,695,1117,1.6071942446043166,-0.6071942446043166,MORENA,363,0.3249776186213071,174,0.1557743957027753,PAN,189,0.1692032229185318,2,0.0017905102954341987,PVEM,187,0.1674127126230976,MORENA,363,0.3249776186213071,174,0.1557743957027753,PAN,189,0.1692032229185318,2,0.0017905102954341987,PVEM,187,0.1674127126230976,189,0.1692032229185318,17,0.01521933751119069,17,0.01521933751119069,187,0.1674127126230976,32,0.02864816472694718,144,0.12891674127126232,363,0.3249776186213071,79,0.07072515666965085,16,0.01432408236347359,4,0.0035810205908683975,3,0.0026857654431512983,4,0.0035810205908683975,2,0.0017905102954341987,0,0.0,0,0.0,4,0.0035810205908683975,0,0.0,0,0.0,2,0.0017905102954341987,1,0.0008952551477170994,9,0.008057296329453895,0,0.0,8,0.007162041181736795,0,0.0,0,0.0,0,0.0,36,0.03222918531781558,1117,1.0,ORIGEN,SECCION,COMPLETO,CATALOGO_INE_2026
889,23,QUINTANA ROO,SOLIDARIDAD,,9,921,373,116,0.3109919571045576,0.6890080428954424,MORENA,28,0.2413793103448276,1,0.008620689655172414,PAN,27,0.23275862068965517,6,0.05172413793103448,MC,21,0.1810344827586207,MORENA,28,0.2413793103448276,1,0.008620689655172414,PAN,27,0.23275862068965517,6,0.05172413793103448,MC,21,0.1810344827586207,27,0.23275862068965517,3,0.02586206896551724,1,0.008620689655172414,16,0.13793103448275862,1,0.008620689655172414,21,0.1810344827586207,28,0.2413793103448276,5,0.04310344827586207,1,0.008620689655172414,0,0.0,2,0.017241379310344827,0,0.0,0,0.0,0,0.0,0,0.0,0,0.0,0,0.0,0,0.0,0,0.0,0,0.0,0,0.0,0,0.0,0,0.0,0,0.0,0,0.0,0,0.0,11,0.09482758620689655,116,1.0,ORIGEN,SECCION,COMPLETO,CATALOGO_INE_2026
890,23,QUINTANA ROO,SOLIDARIDAD,,9,922,308,48,0.15584415584415584,0.8441558441558441,PAN,19,0.3958333333333333,10,0.20833333333333334,MORENA,9,0.1875,2,0.041666666666666664,MC,7,0.14583333333333334,PAN,19,0.3958333333333333,10,0.20833333333333334,MORENA,9,0.1875,2,0.041666666666666664,MC,7,0.14583333333333334,19,0.3958333333333333,2,0.041666666666666664,0,0.0,1,0.020833333333333332,2,0.041666666666666664,7,0.14583333333333334,9,0.1875,1,0.020833333333333332,1,0.020833333333333332,1,0.020833333333333332,0,0.0,0,0.0,0,0.0,0,0.0,0,0.0,1,0.020833333333333332,0,0.0,0,0.0,0,0.0,0,0.0,0,0.0,0,0.0,0,0.0,0,0.0,0,0.0,0,0.0,4,0.08333333333333333,48,1.0,ORIGEN,SECCION,COMPLETO,CATALOGO_INE_2026
891,23,QUINTANA ROO,SOLIDARIDAD,,9,975,541,130,0.24029574861367836,0.7597042513863217,PAN,42,0.3230769230769231,2,0.015384615384615385,MORENA,40,0.3076923076923077,17,0.13076923076923078,MC,23,0.17692307692307693,PAN,42,0.3230769230769231,2,0.015384615384615385,MORENA,40,0.3076923076923077,17,0.13076923076923078,MC,23,0.17692307692307693,42,0.3230769230769231,6,0.046153846153846156,0,0.0,7,0.05384615384615385,1,0.007692307692307693,23,0.17692307692307693,40,0.3076923076923077,3,0.023076923076923078,2,0.015384615384615385,2,0.015384615384615385,0,0.0,0,0.0,0,0.0,0,0.0,0,0.0,0,0.0,0,0.0,0,0.0,0,0.0,0,0.0,2,0.015384615384615385,0,0.0,0,0.0,1,0.007692307692307693,0,0.0,0,0.0,1,0.007692307692307693,130,1.0,ORIGEN,SECCION,COMPLETO,CATALOGO_INE_2026
892,23,QUINTANA ROO,SOLIDARIDAD,,9,976,1344,392,0.2916666666666667,0.7083333333333333,MORENA,128,0.32653061224489793,27,0.06887755102040816,PVEM,101,0.2576530612244898,58,0.14795918367346939,MAS,43,0.1096938775510204,MORENA,128,0.32653061224489793,27,0.06887755102040816,PVEM,101,0.2576530612244898,58,0.14795918367346939,MAS,43,0.1096938775510204,31,0.07908163265306123,3,0.007653061224489796,4,0.01020408163265306,101,0.2576530612244898,7,0.017857142857142856,29,0.07397959183673469,128,0.32653061224489793,43,0.1096938775510204,5,0.012755102040816327,8,0.02040816326530612,0,0.0,0,0.0,0,0.0,0,0.0,1,0.002551020408163265,3,0.007653061224489796,0,0.0,0,0.0,0,0.0,0,0.0,4,0.01020408163265306,0,0.0,5,0.012755102040816327,0,0.0,3,0.007653061224489796,0,0.0,17,0.04336734693877551,392,1.0,ORIGEN,SECCION,COMPLETO,CATALOGO_INE_2026
893,23,QUINTANA ROO,SOLIDARIDAD,,9,977,1293,255,0.19721577726218098,0.802784222737819,MORENA,85,0.3333333333333333,25,0.09803921568627451,PVEM,60,0.23529411764705882,31,0.12156862745098039,MC,29,0.11372549019607843,MORENA,85,0.3333333333333333,25,0.09803921568627451,PVEM,60,0.23529411764705882,31,0.12156862745098039,MC,29,0.11372549019607843,28,0.10980392156862745,0,0.0,2,0.00784313725490196,60,0.23529411764705882,10,0.0392156862745098,29,0.11372549019607843,85,0.3333333333333333,19,0.07450980392156863,2,0.00784313725490196,5,0.0196078431372549,2,0.00784313725490196,0,0.0,1,0.00392156862745098,0,0.0,0,0.0,1,0.00392156862745098,0,0.0,0,0.0,0,0.0,0,0.0,5,0.0196078431372549,0,0.0,0,0.0,0,0.0,0,0.0,0,0.0,6,0.023529411764705882,255,1.0,ORIGEN,SECCION,COMPLETO,CATALOGO_INE_2026
894,23,QUINTANA ROO,SOLIDARIDAD,,9,978,1862,399,0.21428571428571427,0.7857142857142857,MORENA,142,0.3558897243107769,56,0.14035087719298245,PVEM,86,0.21553884711779447,31,0.07769423558897243,MC,55,0.13784461152882205,MORENA,142,0.3558897243107769,56,0.14035087719298245,PVEM,86,0.21553884711779447,31,0.07769423558897243,MC,55,0.13784461152882205,36,0.09022556390977443,2,0.005012531328320802,4,0.010025062656641603,86,0.21553884711779447,14,0.03508771929824561,55,0.13784461152882205,142,0.3558897243107769,20,0.05012531328320802,4,0.010025062656641603,5,0.012531328320802004,2,0.005012531328320802,1,0.002506265664160401,0,0.0,0,0.0,1,0.002506265664160401,1,0.002506265664160401,0,0.0,0,0.0,0,0.0,1,0.002506265664160401,6,0.015037593984962405,0,0.0,2,0.005012531328320802,0,0.0,1,0.002506265664160401,1,0.002506265664160401,15,0.03759398496240601,399,1.0,ORIGEN,SECCION,COMPLETO,CATALOGO_INE_2026
895,23,QUINTANA ROO,SOLIDARIDAD,,9,979,1583,391,0.24699936828806066,0.7530006317119393,PVEM,129,0.329923273657289,4,0.010230179028132993,MORENA,125,0.319693094629156,87,0.22250639386189258,MC,38,0.09718670076726342,PVEM,129,0.329923273657289,4,0.010230179028132993,MORENA,125,0.319693094629156,87,0.22250639386189258,MC,38,0.09718670076726342,35,0.08951406649616368,2,0.005115089514066497,4,0.010230179028132993,129,0.329923273657289,3,0.0076726342710997444,38,0.09718670076726342,125,0.319693094629156,24,0.061381074168797956,6,0.015345268542199489,4,0.010230179028132993,2,0.005115089514066497,0,0.0,0,0.0,0,0.0,4,0.010230179028132993,1,0.0025575447570332483,0,0.0,0,0.0,0,0.0,0,0.0,3,0.0076726342710997444,0,0.0,0,0.0,0,0.0,0,0.0,0,0.0,11,0.028132992327365727,391,1.0,ORIGEN,SECCION,COMPLETO,CATALOGO_INE_2026
896,23,QUINTANA ROO,SOLIDARIDAD,,9,980,2815,522,0.18543516873889876,0.8145648312611012,MORENA,168,0.3218390804597701,32,0.06130268199233716,PVEM,136,0.26053639846743293,75,0.14367816091954022,MC,61,0.11685823754789272,MORENA,168,0.3218390804597701,32,0.06130268199233716,PVEM,136,0.26053639846743293,75,0.14367816091954022,MC,61,0.11685823754789272,50,0.09578544061302682,10,0.019157088122605363,9,0.017241379310344827,136,0.26053639846743293,17,0.032567049808429116,61,0.11685823754789272,168,0.3218390804597701,23,0.044061302681992334,7,0.013409961685823755,6,0.011494252873563218,1,0.0019157088122605363,0,0.0,0,0.0,0,0.0,0,0.0,2,0.0038314176245210726,0,0.0,0,0.0,0,0.0,3,0.005747126436781609,3,0.005747126436781609,0,0.0,1,0.0019157088122605363,0,0.0,0,0.0,0,0.0,25,0.04789272030651341,522,1.0,ORIGEN,SECCION,COMPLETO,INFERIDA_SECCION_VECINA
897,23,QUINTANA ROO,SOLIDARIDAD,,9,981,2011,422,0.20984584783689705,0.7901541521631029,MORENA,132,0.3127962085308057,13,0.030805687203791468,PVEM,119,0.28199052132701424,86,0.2037914691943128,MAS,33,0.07819905213270142,MORENA,132,0.3127962085308057,13,0.030805687203791468,PVEM,119,0.28199052132701424,86,0.2037914691943128,MAS,33,0.07819905213270142,32,0.07582938388625593,8,0.018957345971563982,2,0.004739336492890996,119,0.28199052132701424,14,0.03317535545023697,31,0.07345971563981042,132,0.3127962085308057,33,0.07819905213270142,5,0.011848341232227487,6,0.014218009478672985,0,0.0,0,0.0,1,0.002369668246445498,0,0.0,2,0.004739336492890996,3,0.0071090047393364926,1,0.002369668246445498,0,0.0,0,0.0,1,0.002369668246445498,5,0.011848341232227487,0,0.0,0,0.0,0,0.0,0,0.0,3,0.0071090047393364926,24,0.05687203791469194,422,1.0,ORIGEN,SECCION,COMPLETO,CATALOGO_INE_2026
898,23,QUINTANA ROO,SOLIDARIDAD,,9,982,1235,325,0.2631578947368421,0.736842105263158,MORENA,105,0.3230769230769231,31,0.09538461538461539,PVEM,74,0.2276923076923077,39,0.12,PAN,35,0.1076923076923077,MORENA,105,0.3230769230769231,31,0.09538461538461539,PVEM,74,0.2276923076923077,39,0.12,PAN,35,0.1076923076923077,35,0.1076923076923077,3,0.009230769230769232,2,0.006153846153846154,74,0.2276923076923077,8,0.024615384615384615,32,0.09846153846153846,105,0.3230769230769231,34,0.10461538461538461,2,0.006153846153846154,5,0.015384615384615385,0,0.0,1,0.003076923076923077,0,0.0,0,0.0,0,0.0,1,0.003076923076923077,0,0.0,0,0.0,0,0.0,0,0.0,4,0.012307692307692308,0,0.0,0,0.0,0,0.0,1,0.003076923076923077,0,0.0,18,0.055384615384615386,325,1.0,ORIGEN,SECCION,COMPLETO,CATALOGO_INE_2026
899,23,QUINTANA ROO,SOLIDARIDAD,,9,983,2002,448,0.22377622377622378,0.7762237762237763,MORENA,147,0.328125,1,0.002232142857142857,PVEM,146,0.32589285714285715,99,0.22098214285714285,MC,47,0.10491071428571429,MORENA,147,0.328125,1,0.002232142857142857,PVEM,146,0.32589285714285715,99,0.22098214285714285,MC,47,0.10491071428571429,26,0.05803571428571429,3,0.006696428571428571,3,0.006696428571428571,146,0.32589285714285715,14,0.03125,47,0.10491071428571429,147,0.328125,13,0.029017857142857144,4,0.008928571428571428,4,0.008928571428571428,2,0.004464285714285714,0,0.0,0,0.0,0,0.0,0,0.0,1,0.002232142857142857,0,0.0,0,0.0,0,0.0,2,0.004464285714285714,4,0.008928571428571428,1,0.002232142857142857,0,0.0,0,0.0,1,0.002232142857142857,0,0.0,30,0.06696428571428571,448,1.0,ORIGEN,SECCION,COMPLETO,CATALOGO_INE_2026
900,23,QUINTANA ROO,SOLIDARIDAD,,9,984,549,115,0.20947176684881602,0.790528233151184,MORENA,38,0.33043478260869563,16,0.1391304347826087,PVEM,22,0.19130434782608696,0,0.0,MC,22,0.19130434782608696,MORENA,38,0.33043478260869563,16,0.1391304347826087,PVEM,22,0.19130434782608696,0,0.0,MC,22,0.19130434782608696,8,0.06956521739130435,4,0.034782608695652174,3,0.02608695652173913,22,0.19130434782608696,3,0.02608695652173913,22,0.19130434782608696,38,0.33043478260869563,7,0.06086956521739131,0,0.0,2,0.017391304347826087,0,0.0,0,0.0,0,0.0,0,0.0,0,0.0,0,0.0,0,0.0,0,0.0,0,0.0,0,0.0,0,0.0,0,0.0,0,0.0,1,0.008695652173913044,0,0.0,0,0.0,5,0.043478260869565216,115,1.0,ORIGEN,SECCION,COMPLETO,CATALOGO_INE_2026
901,23,QUINTANA ROO,SOLIDARIDAD,,9,985,1564,300,0.1918158567774936,0.8081841432225064,MORENA,99,0.33,28,0.09333333333333334,PVEM,71,0.23666666666666666,16,0.05333333333333334,PAN,55,0.18333333333333332,MORENA,99,0.33,28,0.09333333333333334,PVEM,71,0.23666666666666666,16,0.05333333333333334,PAN,55,0.18333333333333332,55,0.18333333333333332,6,0.02,3,0.01,71,0.23666666666666666,6,0.02,33,0.11,99,0.33,10,0.03333333333333333,2,0.006666666666666667,3,0.01,2,0.006666666666666667,1,0.0033333333333333335,0,0.0,0,0.0,0,0.0,0,0.0,1,0.0033333333333333335,0,0.0,0,0.0,0,0.0,3,0.01,0,0.0,1,0.0033333333333333335,0,0.0,0,0.0,0,0.0,4,0.013333333333333334,300,1.0,ORIGEN,SECCION,COMPLETO,CATALOGO_INE_2026
902,23,QUINTANA ROO,SOLIDARIDAD,,9,986,1159,237,0.20448662640207074,0.7955133735979293,MORENA,78,0.3291139240506329,24,0.10126582278481013,PVEM,54,0.22784810126582278,17,0.07172995780590717,MC,37,0.15611814345991562,MORENA,78,0.3291139240506329,24,0.10126582278481013,PVEM,54,0.22784810126582278,17,0.07172995780590717,MC,37,0.15611814345991562,28,0.11814345991561181,5,0.02109704641350211,0,0.0,54,0.22784810126582278,6,0.02531645569620253,37,0.15611814345991562,78,0.3291139240506329,16,0.06751054852320675,1,0.004219409282700422,1,0.004219409282700422,0,0.0,0,0.0,1,0.004219409282700422,0,0.0,0,0.0,0,0.0,0,0.0,0,0.0,0,0.0,0,0.0,1,0.004219409282700422,0,0.0,0,0.0,0,0.0,0,0.0,0,0.0,9,0.0379746835443038,237,1.0,ORIGEN,SECCION,COMPLETO,CATALOGO_INE_2026
903,23,QUINTANA ROO,SOLIDARIDAD,,9,987,483,115,0.23809523809523808,0.7619047619047619,MORENA,44,0.3826086956521739,5,0.043478260869565216,PVEM,39,0.3391304347826087,31,0.26956521739130435,PAN,8,0.06956521739130435,MORENA,44,0.3826086956521739,5,0.043478260869565216,PVEM,39,0.3391304347826087,31,0.26956521739130435,PAN,8,0.06956521739130435,8,0.06956521739130435,1,0.008695652173913044,0,0.0,39,0.3391304347826087,2,0.017391304347826087,5,0.043478260869565216,44,0.3826086956521739,7,0.06086956521739131,2,0.017391304347826087,0,0.0,0,0.0,0,0.0,0,0.0,0,0.0,0,0.0,1,0.008695652173913044,0,0.0,0,0.0,1,0.008695652173913044,1,0.008695652173913044,2,0.017391304347826087,0,0.0,0,0.0,0,0.0,0,0.0,0,0.0,2,0.017391304347826087,115,1.0,ORIGEN,SECCION,COMPLETO,CATALOGO_INE_2026
904,23,QUINTANA ROO,SOLIDARIDAD,,9,988,1765,434,0.24589235127478754,0.7541076487252125,MORENA,153,0.35253456221198154,48,0.11059907834101383,PVEM,105,0.24193548387096775,57,0.1313364055299539,PAN,48,0.11059907834101383,MORENA,153,0.35253456221198154,48,0.11059907834101383,PVEM,105,0.24193548387096775,57,0.1313364055299539,PAN,48,0.11059907834101383,48,0.11059907834101383,5,0.01152073732718894,2,0.004608294930875576,105,0.24193548387096775,11,0.02534562211981567,37,0.08525345622119816,153,0.35253456221198154,31,0.07142857142857142,4,0.009216589861751152,4,0.009216589861751152,1,0.002304147465437788,0,0.0,2,0.004608294930875576,0,0.0,0,0.0,0,0.0,0,0.0,0,0.0,0,0.0,0,0.0,4,0.009216589861751152,0,0.0,1,0.002304147465437788,1,0.002304147465437788,0,0.0,0,0.0,25,0.0576036866359447,434,1.0,ORIGEN,SECCION,COMPLETO,CATALOGO_INE_2026
905,23,QUINTANA ROO,SOLIDARIDAD,,9,989,448,104,0.23214285714285715,0.7678571428571428,MORENA,39,0.375,17,0.16346153846153846,PVEM,22,0.21153846153846154,12,0.11538461538461539,PAN,10,0.09615384615384616,MORENA,39,0.375,17,0.16346153846153846,PVEM,22,0.21153846153846154,12,0.11538461538461539,PAN,10,0.09615384615384616,10,0.09615384615384616,1,0.009615384615384616,1,0.009615384615384616,22,0.21153846153846154,6,0.057692307692307696,10,0.09615384615384616,39,0.375,6,0.057692307692307696,1,0.009615384615384616,2,0.019230769230769232,1,0.009615384615384616,0,0.0,0,0.0,0,0.0,0,0.0,0,0.0,1,0.009615384615384616,0,0.0,0,0.0,0,0.0,1,0.009615384615384616,0,0.0,0,0.0,0,0.0,0,0.0,0,0.0,3,0.028846153846153848,104,1.0,ORIGEN,SECCION,COMPLETO,CATALOGO_INE_2026
906,23,QUINTANA ROO,SOLIDARIDAD,,9,990,1353,279,0.20620842572062084,0.7937915742793792,MORENA,109,0.3906810035842294,48,0.17204301075268819,PVEM,61,0.21863799283154123,26,0.0931899641577061,MC,35,0.12544802867383512,MORENA,109,0.3906810035842294,48,0.17204301075268819,PVEM,61,0.21863799283154123,26,0.0931899641577061,MC,35,0.12544802867383512,11,0.03942652329749104,9,0.03225806451612903,3,0.010752688172043012,61,0.21863799283154123,10,0.035842293906810034,35,0.12544802867383512,109,0.3906810035842294,19,0.06810035842293907,5,0.017921146953405017,6,0.021505376344086023,0,0.0,0,0.0,0,0.0,0,0.0,0,0.0,0,0.0,0,0.0,0,0.0,0,0.0,0,0.0,0,0.0,0,0.0,0,0.0,0,0.0,0,0.0,0,0.0,11,0.03942652329749104,279,1.0,ORIGEN,SECCION,COMPLETO,CATALOGO_INE_2026
907,23,QUINTANA ROO,SOLIDARIDAD,,9,991,1262,310,0.24564183835182252,0.7543581616481775,MORENA,131,0.42258064516129035,32,0.1032258064516129,PVEM,99,0.3193548387096774,80,0.25806451612903225,MAS,19,0.06129032258064516,MORENA,131,0.42258064516129035,32,0.1032258064516129,PVEM,99,0.3193548387096774,80,0.25806451612903225,MAS,19,0.06129032258064516,18,0.05806451612903226,6,0.01935483870967742,0,0.0,99,0.3193548387096774,7,0.02258064516129032,10,0.03225806451612903,131,0.42258064516129035,19,0.06129032258064516,1,0.0032258064516129032,4,0.012903225806451613,0,0.0,0,0.0,0,0.0,0,0.0,2,0.0064516129032258064,0,0.0,0,0.0,0,0.0,0,0.0,0,0.0,1,0.0032258064516129032,0,0.0,0,0.0,0,0.0,0,0.0,0,0.0,12,0.03870967741935484,310,1.0,ORIGEN,SECCION,COMPLETO,CATALOGO_INE_2026
908,23,QUINTANA ROO,SOLIDARIDAD,,9,992,515,105,0.20388349514563106,0.7961165048543689,MORENA,35,0.3333333333333333,2,0.01904761904761905,PVEM,33,0.3142857142857143,19,0.18095238095238095,MC,14,0.13333333333333333,MORENA,35,0.3333333333333333,2,0.01904761904761905,PVEM,33,0.3142857142857143,19,0.18095238095238095,MC,14,0.13333333333333333,10,0.09523809523809523,2,0.01904761904761905,0,0.0,33,0.3142857142857143,3,0.02857142857142857,14,0.13333333333333333,35,0.3333333333333333,5,0.047619047619047616,1,0.009523809523809525,2,0.01904761904761905,0,0.0,0,0.0,0,0.0,0,0.0,0,0.0,0,0.0,0,0.0,0,0.0,0,0.0,0,0.0,0,0.0,0,0.0,0,0.0,0,0.0,0,0.0,0,0.0,0,0.0,105,1.0,ORIGEN,SECCION,COMPLETO,CATALOGO_INE_2026
909,23,QUINTANA ROO,SOLIDARIDAD,,9,993,1201,294,0.24479600333055787,0.7552039966694422,MORENA,93,0.3163265306122449,34,0.11564625850340136,PVEM,59,0.20068027210884354,18,0.061224489795918366,MC,41,0.13945578231292516,MORENA,93,0.3163265306122449,34,0.11564625850340136,PVEM,59,0.20068027210884354,18,0.061224489795918366,MC,41,0.13945578231292516,23,0.0782312925170068,3,0.01020408163265306,5,0.017006802721088437,59,0.20068027210884354,12,0.04081632653061224,41,0.13945578231292516,93,0.3163265306122449,21,0.07142857142857142,3,0.01020408163265306,3,0.01020408163265306,3,0.01020408163265306,0,0.0,0,0.0,0,0.0,0,0.0,6,0.02040816326530612,0,0.0,0,0.0,0,0.0,0,0.0,1,0.003401360544217687,0,0.0,0,0.0,0,0.0,0,0.0,0,0.0,21,0.07142857142857142,294,1.0,ORIGEN,SECCION,COMPLETO,CATALOGO_INE_2026
910,23,QUINTANA ROO,SOLIDARIDAD,,9,994,2832,682,0.240819209039548,0.759180790960452,MORENA,236,0.3460410557184751,27,0.039589442815249266,PVEM,209,0.3064516129032258,141,0.20674486803519063,MC,68,0.09970674486803519,MORENA,236,0.3460410557184751,27,0.039589442815249266,PVEM,209,0.3064516129032258,141,0.20674486803519063,MC,68,0.09970674486803519,53,0.07771260997067449,9,0.013196480938416423,4,0.005865102639296188,209,0.3064516129032258,17,0.024926686217008796,68,0.09970674486803519,236,0.3460410557184751,50,0.07331378299120235,4,0.005865102639296188,3,0.004398826979472141,0,0.0,0,0.0,0,0.0,0,0.0,0,0.0,0,0.0,0,0.0,0,0.0,0,0.0,1,0.001466275659824047,7,0.010263929618768328,4,0.005865102639296188,2,0.002932551319648094,1,0.001466275659824047,0,0.0,0,0.0,14,0.020527859237536656,682,1.0,ORIGEN,SECCION,COMPLETO,CATALOGO_INE_2026
911,23,QUINTANA ROO,SOLIDARIDAD,,9,995,1042,235,0.2255278310940499,0.7744721689059502,MORENA,61,0.25957446808510637,1,0.00425531914893617,PVEM,60,0.2553191489361702,33,0.14042553191489363,PT,27,0.1148936170212766,MORENA,61,0.25957446808510637,1,0.00425531914893617,PVEM,60,0.2553191489361702,33,0.14042553191489363,PT,27,0.1148936170212766,24,0.10212765957446808,1,0.00425531914893617,1,0.00425531914893617,60,0.2553191489361702,27,0.1148936170212766,22,0.09361702127659574,61,0.25957446808510637,13,0.05531914893617021,1,0.00425531914893617,3,0.01276595744680851,1,0.00425531914893617,0,0.0,1,0.00425531914893617,0,0.0,4,0.01702127659574468,0,0.0,1,0.00425531914893617,0,0.0,0,0.0,1,0.00425531914893617,4,0.01702127659574468,0,0.0,0,0.0,0,0.0,0,0.0,0,0.0,10,0.0425531914893617,235,1.0,ORIGEN,SECCION,COMPLETO,CATALOGO_INE_2026
912,23,QUINTANA ROO,SOLIDARIDAD,,9,996,1200,297,0.2475,0.7525,MORENA,122,0.4107744107744108,68,0.22895622895622897,PVEM,54,0.18181818181818182,17,0.05723905723905724,MC,37,0.12457912457912458,MORENA,122,0.4107744107744108,68,0.22895622895622897,PVEM,54,0.18181818181818182,17,0.05723905723905724,MC,37,0.12457912457912458,33,0.1111111111111111,3,0.010101010101010102,3,0.010101010101010102,54,0.18181818181818182,6,0.020202020202020204,37,0.12457912457912458,122,0.4107744107744108,14,0.04713804713804714,5,0.016835016835016835,4,0.013468013468013467,0,0.0,0,0.0,0,0.0,0,0.0,1,0.003367003367003367,1,0.003367003367003367,0,0.0,0,0.0,0,0.0,1,0.003367003367003367,0,0.0,0,0.0,0,0.0,0,0.0,0,0.0,0,0.0,13,0.04377104377104377,297,1.0,ORIGEN,SECCION,COMPLETO,CATALOGO_INE_2026
913,23,QUINTANA ROO,SOLIDARIDAD,,9,997,1356,343,0.2529498525073746,0.7470501474926254,MORENA,117,0.34110787172011664,56,0.16326530612244897,PVEM,61,0.17784256559766765,6,0.01749271137026239,MC,55,0.16034985422740525,MORENA,117,0.34110787172011664,56,0.16326530612244897,PVEM,61,0.17784256559766765,6,0.01749271137026239,MC,55,0.16034985422740525,48,0.13994169096209913,1,0.0029154518950437317,2,0.0058309037900874635,61,0.17784256559766765,3,0.008746355685131196,55,0.16034985422740525,117,0.34110787172011664,24,0.06997084548104957,2,0.0058309037900874635,2,0.0058309037900874635,1,0.0029154518950437317,1,0.0029154518950437317,0,0.0,0,0.0,0,0.0,1,0.0029154518950437317,0,0.0,0,0.0,1,0.0029154518950437317,0,0.0,2,0.0058309037900874635,0,0.0,1,0.0029154518950437317,0,0.0,0,0.0,0,0.0,21,0.061224489795918366,343,1.0,ORIGEN,SECCION,COMPLETO,CATALOGO_INE_2026
914,23,QUINTANA ROO,SOLIDARIDAD,,9,998,735,211,0.2870748299319728,0.7129251700680272,MORENA,86,0.4075829383886256,39,0.1848341232227488,PVEM,47,0.22274881516587677,13,0.061611374407582936,MC,34,0.16113744075829384,MORENA,86,0.4075829383886256,39,0.1848341232227488,PVEM,47,0.22274881516587677,13,0.061611374407582936,MC,34,0.16113744075829384,20,0.0947867298578199,1,0.004739336492890996,3,0.014218009478672985,47,0.22274881516587677,1,0.004739336492890996,34,0.16113744075829384,86,0.4075829383886256,9,0.04265402843601896,0,0.0,1,0.004739336492890996,0,0.0,0,0.0,1,0.004739336492890996,0,0.0,0,0.0,0,0.0,0,0.0,0,0.0,0,0.0,0,0.0,0,0.0,0,0.0,0,0.0,0,0.0,0,0.0,0,0.0,8,0.037914691943127965,211,1.0,ORIGEN,SECCION,COMPLETO,CATALOGO_INE_2026
915,23,QUINTANA ROO,SOLIDARIDAD,,9,999,1196,242,0.20234113712374582,0.7976588628762542,MORENA,87,0.359504132231405,33,0.13636363636363635,MC,54,0.2231404958677686,9,0.0371900826446281,PAN,45,0.1859504132231405,MORENA,87,0.359504132231405,33,0.13636363636363635,MC,54,0.2231404958677686,9,0.0371900826446281,PAN,45,0.1859504132231405,45,0.1859504132231405,3,0.012396694214876033,1,0.004132231404958678,24,0.09917355371900827,0,0.0,54,0.2231404958677686,87,0.359504132231405,5,0.02066115702479339,6,0.024793388429752067,5,0.02066115702479339,0,0.0,0,0.0,0,0.0,0,0.0,0,0.0,1,0.004132231404958678,0,0.0,0,0.0,0,0.0,0,0.0,0,0.0,0,0.0,0,0.0,0,0.0,0,0.0,0,0.0,11,0.045454545454545456,242,1.0,ORIGEN,SECCION,COMPLETO,CATALOGO_INE_2026
916,23,QUINTANA ROO,SOLIDARIDAD,,9,1000,1265,227,0.17944664031620552,0.8205533596837945,MORENA,72,0.31718061674008813,22,0.09691629955947137,PAN,50,0.22026431718061673,18,0.07929515418502203,PVEM,32,0.14096916299559473,MORENA,72,0.31718061674008813,22,0.09691629955947137,PAN,50,0.22026431718061673,18,0.07929515418502203,PVEM,32,0.14096916299559473,50,0.22026431718061673,3,0.013215859030837005,4,0.01762114537444934,32,0.14096916299559473,7,0.030837004405286344,32,0.14096916299559473,72,0.31718061674008813,11,0.048458149779735685,2,0.00881057268722467,4,0.01762114537444934,0,0.0,0,0.0,0,0.0,0,0.0,0,0.0,0,0.0,0,0.0,1,0.004405286343612335,0,0.0,0,0.0,1,0.004405286343612335,0,0.0,0,0.0,0,0.0,0,0.0,0,0.0,8,0.03524229074889868,227,1.0,ORIGEN,SECCION,COMPLETO,CATALOGO_INE_2026
917,23,QUINTANA ROO,SOLIDARIDAD,,9,1001,317,93,0.29337539432176657,0.7066246056782335,MORENA,31,0.3333333333333333,1,0.010752688172043012,PVEM,30,0.3225806451612903,17,0.1827956989247312,PAN,13,0.13978494623655913,MORENA,31,0.3333333333333333,1,0.010752688172043012,PVEM,30,0.3225806451612903,17,0.1827956989247312,PAN,13,0.13978494623655913,13,0.13978494623655913,2,0.021505376344086023,2,0.021505376344086023,30,0.3225806451612903,2,0.021505376344086023,10,0.10752688172043011,31,0.3333333333333333,1,0.010752688172043012,1,0.010752688172043012,0,0.0,1,0.010752688172043012,0,0.0,0,0.0,0,0.0,0,0.0,0,0.0,0,0.0,0,0.0,0,0.0,0,0.0,0,0.0,0,0.0,0,0.0,0,0.0,0,0.0,0,0.0,0,0.0,93,1.0,ORIGEN,SECCION,COMPLETO,CATALOGO_INE_2026
918,23,QUINTANA ROO,SOLIDARIDAD,,9,1002,902,229,0.25388026607538805,0.746119733924612,MORENA,92,0.4017467248908297,37,0.1615720524017467,PVEM,55,0.24017467248908297,34,0.14847161572052403,PAN,21,0.09170305676855896,MORENA,92,0.4017467248908297,37,0.1615720524017467,PVEM,55,0.24017467248908297,34,0.14847161572052403,PAN,21,0.09170305676855896,21,0.09170305676855896,5,0.021834061135371178,1,0.004366812227074236,55,0.24017467248908297,10,0.043668122270742356,18,0.07860262008733625,92,0.4017467248908297,8,0.034934497816593885,7,0.03056768558951965,3,0.013100436681222707,1,0.004366812227074236,0,0.0,1,0.004366812227074236,0,0.0,1,0.004366812227074236,0,0.0,0,0.0,0,0.0,0,0.0,0,0.0,1,0.004366812227074236,0,0.0,0,0.0,0,0.0,1,0.004366812227074236,0,0.0,4,0.017467248908296942,229,1.0,ORIGEN,SECCION,COMPLETO,CATALOGO_INE_2026
919,23,QUINTANA ROO,SOLIDARIDAD,,9,1003,441,156,0.35374149659863946,0.6462585034013606,PVEM,67,0.42948717948717946,24,0.15384615384615385,MORENA,43,0.27564102564102566,31,0.1987179487179487,MC,12,0.07692307692307693,PVEM,67,0.42948717948717946,24,0.15384615384615385,MORENA,43,0.27564102564102566,31,0.1987179487179487,MC,12,0.07692307692307693,10,0.0641025641025641,0,0.0,1,0.00641025641025641,67,0.42948717948717946,5,0.03205128205128205,12,0.07692307692307693,43,0.27564102564102566,3,0.019230769230769232,2,0.01282051282051282,1,0.00641025641025641,0,0.0,0,0.0,0,0.0,0,0.0,0,0.0,0,0.0,0,0.0,0,0.0,0,0.0,0,0.0,3,0.019230769230769232,0,0.0,1,0.00641025641025641,1,0.00641025641025641,0,0.0,0,0.0,7,0.04487179487179487,156,1.0,ORIGEN,SECCION,COMPLETO,CATALOGO_INE_2026
920,23,QUINTANA ROO,SOLIDARIDAD,,10,668,1218,422,0.3464696223316913,0.6535303776683087,MORENA,120,0.2843601895734597,24,0.05687203791469194,PAN,96,0.22748815165876776,24,0.05687203791469194,PVEM,72,0.17061611374407584,MORENA,120,0.2843601895734597,24,0.05687203791469194,PAN,96,0.22748815165876776,24,0.05687203791469194,PVEM,72,0.17061611374407584,96,0.22748815165876776,3,0.0071090047393364926,2,0.004739336492890996,72,0.17061611374407584,10,0.023696682464454975,54,0.12796208530805686,120,0.2843601895734597,20,0.04739336492890995,12,0.02843601895734597,4,0.009478672985781991,5,0.011848341232227487,1,0.002369668246445498,1,0.002369668246445498,1,0.002369668246445498,0,0.0,0,0.0,0,0.0,0,0.0,0,0.0,1,0.002369668246445498,2,0.004739336492890996,0,0.0,2,0.004739336492890996,0,0.0,0,0.0,0,0.0,16,0.037914691943127965,422,1.0,ORIGEN,SECCION,COMPLETO,CATALOGO_INE_2026
921,23,QUINTANA ROO,SOLIDARIDAD,,10,669,1145,474,0.41397379912663756,0.5860262008733624,MORENA,154,0.32489451476793246,55,0.1160337552742616,PVEM,99,0.2088607594936709,42,0.08860759493670886,PAN,57,0.12025316455696203,MORENA,154,0.32489451476793246,55,0.1160337552742616,PVEM,99,0.2088607594936709,42,0.08860759493670886,PAN,57,0.12025316455696203,57,0.12025316455696203,6,0.012658227848101266,3,0.006329113924050633,99,0.2088607594936709,10,0.02109704641350211,46,0.0970464135021097,154,0.32489451476793246,30,0.06329113924050633,17,0.035864978902953586,4,0.008438818565400843,2,0.004219409282700422,0,0.0,1,0.002109704641350211,0,0.0,1,0.002109704641350211,1,0.002109704641350211,0,0.0,0,0.0,0,0.0,2,0.004219409282700422,7,0.014767932489451477,0,0.0,1,0.002109704641350211,0,0.0,1,0.002109704641350211,0,0.0,32,0.06751054852320675,474,1.0,ORIGEN,SECCION,COMPLETO,CATALOGO_INE_2026
922,23,QUINTANA ROO,SOLIDARIDAD,,10,670,718,278,0.3871866295264624,0.6128133704735377,MORENA,82,0.2949640287769784,8,0.02877697841726619,PVEM,74,0.26618705035971224,25,0.08992805755395683,PAN,49,0.17625899280575538,MORENA,82,0.2949640287769784,8,0.02877697841726619,PVEM,74,0.26618705035971224,25,0.08992805755395683,PAN,49,0.17625899280575538,49,0.17625899280575538,2,0.007194244604316547,1,0.0035971223021582736,74,0.26618705035971224,7,0.025179856115107913,21,0.07553956834532374,82,0.2949640287769784,25,0.08992805755395683,6,0.02158273381294964,1,0.0035971223021582736,0,0.0,0,0.0,0,0.0,0,0.0,0,0.0,0,0.0,0,0.0,0,0.0,0,0.0,0,0.0,0,0.0,0,0.0,0,0.0,0,0.0,0,0.0,0,0.0,10,0.03597122302158273,278,1.0,ORIGEN,SECCION,COMPLETO,CATALOGO_INE_2026
923,23,QUINTANA ROO,SOLIDARIDAD,,10,671,768,318,0.4140625,0.5859375,MORENA,96,0.3018867924528302,16,0.050314465408805034,PVEM,80,0.25157232704402516,29,0.09119496855345911,PAN,51,0.16037735849056603,MORENA,96,0.3018867924528302,16,0.050314465408805034,PVEM,80,0.25157232704402516,29,0.09119496855345911,PAN,51,0.16037735849056603,51,0.16037735849056603,1,0.0031446540880503146,3,0.009433962264150943,80,0.25157232704402516,6,0.018867924528301886,39,0.12264150943396226,96,0.3018867924528302,13,0.040880503144654086,11,0.03459119496855346,2,0.006289308176100629,3,0.009433962264150943,1,0.0031446540880503146,1,0.0031446540880503146,0,0.0,0,0.0,2,0.006289308176100629,0,0.0,0,0.0,0,0.0,0,0.0,1,0.0031446540880503146,0,0.0,1,0.0031446540880503146,0,0.0,0,0.0,0,0.0,7,0.0220125786163522,318,1.0,ORIGEN,SECCION,COMPLETO,CATALOGO_INE_2026
924,23,QUINTANA ROO,SOLIDARIDAD,,10,672,1230,462,0.375609756097561,0.624390243902439,MORENA,137,0.29653679653679654,27,0.05844155844155844,PVEM,110,0.23809523809523808,48,0.1038961038961039,MC,62,0.1341991341991342,MORENA,137,0.29653679653679654,27,0.05844155844155844,PVEM,110,0.23809523809523808,48,0.1038961038961039,MC,62,0.1341991341991342,60,0.12987012987012986,6,0.012987012987012988,4,0.008658008658008658,110,0.23809523809523808,7,0.015151515151515152,62,0.1341991341991342,137,0.29653679653679654,25,0.05411255411255411,13,0.02813852813852814,3,0.006493506493506494,1,0.0021645021645021645,2,0.004329004329004329,2,0.004329004329004329,0,0.0,0,0.0,0,0.0,0,0.0,0,0.0,0,0.0,0,0.0,7,0.015151515151515152,0,0.0,0,0.0,0,0.0,0,0.0,0,0.0,23,0.049783549783549784,462,1.0,ORIGEN,SECCION,COMPLETO,CATALOGO_INE_2026
925,23,QUINTANA ROO,SOLIDARIDAD,,10,673,1562,426,0.2727272727272727,0.7272727272727273,PAN,150,0.352112676056338,42,0.09859154929577464,MORENA,108,0.2535211267605634,49,0.11502347417840375,MC,59,0.13849765258215962,PAN,150,0.352112676056338,42,0.09859154929577464,MORENA,108,0.2535211267605634,49,0.11502347417840375,MC,59,0.13849765258215962,150,0.352112676056338,21,0.04929577464788732,9,0.02112676056338028,39,0.09154929577464789,7,0.01643192488262911,59,0.13849765258215962,108,0.2535211267605634,5,0.011737089201877934,9,0.02112676056338028,5,0.011737089201877934,2,0.004694835680751174,3,0.007042253521126761,0,0.0,0,0.0,2,0.004694835680751174,0,0.0,0,0.0,0,0.0,0,0.0,0,0.0,2,0.004694835680751174,0,0.0,1,0.002347417840375587,0,0.0,0,0.0,2,0.004694835680751174,2,0.004694835680751174,426,1.0,ORIGEN,SECCION,COMPLETO,CATALOGO_INE_2026
926,23,QUINTANA ROO,SOLIDARIDAD,,10,674,2335,699,0.2993576017130621,0.7006423982869379,PAN,296,0.4234620886981402,116,0.1659513590844063,MORENA,180,0.2575107296137339,99,0.14163090128755365,MC,81,0.11587982832618025,PAN,296,0.4234620886981402,116,0.1659513590844063,MORENA,180,0.2575107296137339,99,0.14163090128755365,MC,81,0.11587982832618025,296,0.4234620886981402,35,0.05007153075822604,8,0.011444921316165951,36,0.05150214592274678,18,0.02575107296137339,81,0.11587982832618025,180,0.2575107296137339,11,0.015736766809728183,6,0.008583690987124463,5,0.00715307582260372,4,0.005722460658082976,2,0.002861230329041488,0,0.0,0,0.0,2,0.002861230329041488,0,0.0,0,0.0,0,0.0,0,0.0,0,0.0,1,0.001430615164520744,0,0.0,1,0.001430615164520744,0,0.0,0,0.0,1,0.001430615164520744,12,0.017167381974248927,699,1.0,ORIGEN,SECCION,COMPLETO,CATALOGO_INE_2026
927,23,QUINTANA ROO,SOLIDARIDAD,,10,675,2722,832,0.3056576047024247,0.6943423952975754,PAN,244,0.2932692307692308,3,0.003605769230769231,MORENA,241,0.28966346153846156,135,0.1622596153846154,PVEM,106,0.12740384615384615,PAN,244,0.2932692307692308,3,0.003605769230769231,MORENA,241,0.28966346153846156,135,0.1622596153846154,PVEM,106,0.12740384615384615,244,0.2932692307692308,18,0.021634615384615384,13,0.015625,106,0.12740384615384615,20,0.02403846153846154,96,0.11538461538461539,241,0.28966346153846156,14,0.016826923076923076,22,0.026442307692307692,4,0.004807692307692308,7,0.008413461538461538,2,0.002403846153846154,2,0.002403846153846154,0,0.0,2,0.002403846153846154,2,0.002403846153846154,0,0.0,0,0.0,0,0.0,1,0.001201923076923077,3,0.003605769230769231,1,0.001201923076923077,1,0.001201923076923077,0,0.0,0,0.0,3,0.003605769230769231,30,0.036057692307692304,832,1.0,ORIGEN,SECCION,COMPLETO,CATALOGO_INE_2026
928,23,QUINTANA ROO,SOLIDARIDAD,,10,676,959,358,0.3733055265901981,0.6266944734098019,MORENA,122,0.3407821229050279,45,0.12569832402234637,PVEM,77,0.21508379888268156,24,0.0670391061452514,PAN,53,0.14804469273743018,MORENA,122,0.3407821229050279,45,0.12569832402234637,PVEM,77,0.21508379888268156,24,0.0670391061452514,PAN,53,0.14804469273743018,53,0.14804469273743018,3,0.008379888268156424,4,0.0111731843575419,77,0.21508379888268156,5,0.013966480446927373,38,0.10614525139664804,122,0.3407821229050279,8,0.0223463687150838,8,0.0223463687150838,3,0.008379888268156424,8,0.0223463687150838,1,0.002793296089385475,1,0.002793296089385475,0,0.0,2,0.00558659217877095,0,0.0,0,0.0,0,0.0,1,0.002793296089385475,0,0.0,2,0.00558659217877095,0,0.0,4,0.0111731843575419,0,0.0,1,0.002793296089385475,0,0.0,17,0.04748603351955307,358,1.0,ORIGEN,SECCION,COMPLETO,CATALOGO_INE_2026
929,23,QUINTANA ROO,SOLIDARIDAD,,10,677,633,243,0.38388625592417064,0.6161137440758293,MORENA,74,0.3045267489711934,16,0.06584362139917696,PVEM,58,0.23868312757201646,26,0.10699588477366255,MC,32,0.13168724279835392,MORENA,74,0.3045267489711934,16,0.06584362139917696,PVEM,58,0.23868312757201646,26,0.10699588477366255,MC,32,0.13168724279835392,27,0.1111111111111111,5,0.0205761316872428,0,0.0,58,0.23868312757201646,3,0.012345679012345678,32,0.13168724279835392,74,0.3045267489711934,16,0.06584362139917696,8,0.03292181069958848,1,0.00411522633744856,1,0.00411522633744856,0,0.0,1,0.00411522633744856,0,0.0,0,0.0,0,0.0,0,0.0,0,0.0,0,0.0,1,0.00411522633744856,2,0.00823045267489712,0,0.0,1,0.00411522633744856,0,0.0,0,0.0,0,0.0,13,0.053497942386831275,243,1.0,ORIGEN,SECCION,COMPLETO,CATALOGO_INE_2026
930,23,QUINTANA ROO,SOLIDARIDAD,,10,678,988,408,0.41295546558704455,0.5870445344129555,MORENA,123,0.3014705882352941,24,0.058823529411764705,PVEM,99,0.2426470588235294,47,0.11519607843137254,PAN,52,0.12745098039215685,MORENA,123,0.3014705882352941,24,0.058823529411764705,PVEM,99,0.2426470588235294,47,0.11519607843137254,PAN,52,0.12745098039215685,52,0.12745098039215685,1,0.0024509803921568627,4,0.00980392156862745,99,0.2426470588235294,10,0.024509803921568627,38,0.09313725490196079,123,0.3014705882352941,32,0.0784313725490196,9,0.022058823529411766,3,0.007352941176470588,2,0.004901960784313725,2,0.004901960784313725,0,0.0,0,0.0,4,0.00980392156862745,2,0.004901960784313725,0,0.0,1,0.0024509803921568627,1,0.0024509803921568627,0,0.0,6,0.014705882352941176,0,0.0,1,0.0024509803921568627,0,0.0,0,0.0,0,0.0,18,0.04411764705882353,408,1.0,ORIGEN,SECCION,COMPLETO,CATALOGO_INE_2026
931,23,QUINTANA ROO,SOLIDARIDAD,,10,679,967,392,0.40537745604963804,0.594622543950362,MORENA,147,0.375,81,0.2066326530612245,PVEM,66,0.1683673469387755,1,0.002551020408163265,PAN,65,0.16581632653061223,MORENA,147,0.375,81,0.2066326530612245,PVEM,66,0.1683673469387755,1,0.002551020408163265,PAN,65,0.16581632653061223,65,0.16581632653061223,7,0.017857142857142856,6,0.015306122448979591,66,0.1683673469387755,4,0.01020408163265306,33,0.08418367346938775,147,0.375,30,0.07653061224489796,5,0.012755102040816327,1,0.002551020408163265,3,0.007653061224489796,3,0.007653061224489796,0,0.0,0,0.0,0,0.0,1,0.002551020408163265,0,0.0,0,0.0,0,0.0,0,0.0,2,0.00510204081632653,0,0.0,2,0.00510204081632653,0,0.0,1,0.002551020408163265,3,0.007653061224489796,13,0.03316326530612245,392,1.0,ORIGEN,SECCION,COMPLETO,CATALOGO_INE_2026
932,23,QUINTANA ROO,SOLIDARIDAD,,10,680,4074,1330,0.32646048109965636,0.6735395189003437,MORENA,376,0.28270676691729324,94,0.07067669172932331,PVEM,282,0.21203007518796993,25,0.018796992481203006,PAN,257,0.19323308270676692,MORENA,376,0.28270676691729324,94,0.07067669172932331,PVEM,282,0.21203007518796993,25,0.018796992481203006,PAN,257,0.19323308270676692,257,0.19323308270676692,27,0.02030075187969925,13,0.009774436090225564,282,0.21203007518796993,31,0.02330827067669173,132,0.09924812030075188,376,0.28270676691729324,68,0.05112781954887218,31,0.02330827067669173,6,0.004511278195488722,9,0.006766917293233083,3,0.002255639097744361,7,0.005263157894736842,0,0.0,4,0.0030075187969924814,4,0.0030075187969924814,0,0.0,2,0.0015037593984962407,1,0.0007518796992481203,2,0.0015037593984962407,11,0.008270676691729323,0,0.0,1,0.0007518796992481203,0,0.0,0,0.0,1,0.0007518796992481203,62,0.04661654135338346,1330,1.0,ORIGEN,SECCION,COMPLETO,CATALOGO_INE_2026
933,23,QUINTANA ROO,SOLIDARIDAD,,10,681,5908,2000,0.33852403520649965,0.6614759647935003,MORENA,598,0.299,189,0.0945,PAN,409,0.2045,74,0.037,PVEM,335,0.1675,MORENA,598,0.299,189,0.0945,PAN,409,0.2045,74,0.037,PVEM,335,0.1675,409,0.2045,40,0.02,17,0.0085,335,0.1675,36,0.018,259,0.1295,598,0.299,87,0.0435,70,0.035,18,0.009,12,0.006,1,0.0005,2,0.001,0,0.0,3,0.0015,4,0.002,1,0.0005,1,0.0005,2,0.001,1,0.0005,5,0.0025,0,0.0,5,0.0025,0,0.0,0,0.0,4,0.002,90,0.045,2000,1.0,ORIGEN,SECCION,COMPLETO,INFERIDA_SECCION_VECINA
934,23,QUINTANA ROO,SOLIDARIDAD,,10,682,1423,530,0.3724525650035137,0.6275474349964862,MORENA,152,0.28679245283018867,8,0.01509433962264151,PAN,144,0.27169811320754716,40,0.07547169811320754,PVEM,104,0.19622641509433963,MORENA,152,0.28679245283018867,8,0.01509433962264151,PAN,144,0.27169811320754716,40,0.07547169811320754,PVEM,104,0.19622641509433963,144,0.27169811320754716,13,0.024528301886792454,7,0.013207547169811321,104,0.19622641509433963,6,0.011320754716981131,28,0.052830188679245285,152,0.28679245283018867,27,0.0509433962264151,13,0.024528301886792454,1,0.0018867924528301887,8,0.01509433962264151,5,0.009433962264150943,1,0.0018867924528301887,0,0.0,0,0.0,0,0.0,0,0.0,0,0.0,0,0.0,2,0.0037735849056603774,2,0.0037735849056603774,1,0.0018867924528301887,0,0.0,0,0.0,0,0.0,0,0.0,16,0.03018867924528302,530,1.0,ORIGEN,SECCION,COMPLETO,CATALOGO_INE_2026
935,23,QUINTANA ROO,SOLIDARIDAD,,10,683,1323,528,0.39909297052154197,0.600907029478458,MORENA,170,0.32196969696969696,72,0.13636363636363635,PVEM,98,0.1856060606060606,7,0.013257575757575758,PAN,91,0.17234848484848486,MORENA,170,0.32196969696969696,72,0.13636363636363635,PVEM,98,0.1856060606060606,7,0.013257575757575758,PAN,91,0.17234848484848486,91,0.17234848484848486,3,0.005681818181818182,8,0.015151515151515152,98,0.1856060606060606,10,0.01893939393939394,53,0.10037878787878787,170,0.32196969696969696,18,0.03409090909090909,20,0.03787878787878788,2,0.003787878787878788,7,0.013257575757575758,3,0.005681818181818182,4,0.007575757575757576,0,0.0,0,0.0,2,0.003787878787878788,0,0.0,0,0.0,0,0.0,0,0.0,4,0.007575757575757576,1,0.001893939393939394,4,0.007575757575757576,0,0.0,0,0.0,0,0.0,30,0.056818181818181816,528,1.0,ORIGEN,SECCION,COMPLETO,CATALOGO_INE_2026
936,23,QUINTANA ROO,SOLIDARIDAD,,10,684,616,248,0.4025974025974026,0.5974025974025974,MORENA,70,0.28225806451612906,3,0.012096774193548387,PAN,67,0.2701612903225806,16,0.06451612903225806,PVEM,51,0.2056451612903226,MORENA,70,0.28225806451612906,3,0.012096774193548387,PAN,67,0.2701612903225806,16,0.06451612903225806,PVEM,51,0.2056451612903226,67,0.2701612903225806,2,0.008064516129032258,3,0.012096774193548387,51,0.2056451612903226,3,0.012096774193548387,20,0.08064516129032258,70,0.28225806451612906,13,0.05241935483870968,3,0.012096774193548387,0,0.0,0,0.0,3,0.012096774193548387,2,0.008064516129032258,0,0.0,0,0.0,0,0.0,0,0.0,0,0.0,0,0.0,0,0.0,1,0.004032258064516129,0,0.0,1,0.004032258064516129,0,0.0,0,0.0,0,0.0,9,0.036290322580645164,248,1.0,ORIGEN,SECCION,COMPLETO,CATALOGO_INE_2026
937,23,QUINTANA ROO,SOLIDARIDAD,,10,685,1377,405,0.29411764705882354,0.7058823529411764,MORENA,142,0.3506172839506173,54,0.13333333333333333,PVEM,88,0.21728395061728395,25,0.06172839506172839,PAN,63,0.15555555555555556,MORENA,142,0.3506172839506173,54,0.13333333333333333,PVEM,88,0.21728395061728395,25,0.06172839506172839,PAN,63,0.15555555555555556,63,0.15555555555555556,6,0.014814814814814815,2,0.0049382716049382715,88,0.21728395061728395,8,0.019753086419753086,37,0.09135802469135802,142,0.3506172839506173,20,0.04938271604938271,8,0.019753086419753086,2,0.0049382716049382715,3,0.007407407407407408,0,0.0,2,0.0049382716049382715,0,0.0,1,0.0024691358024691358,1,0.0024691358024691358,0,0.0,0,0.0,1,0.0024691358024691358,1,0.0024691358024691358,4,0.009876543209876543,0,0.0,2,0.0049382716049382715,0,0.0,0,0.0,0,0.0,14,0.0345679012345679,405,1.0,ORIGEN,SECCION,COMPLETO,CATALOGO_INE_2026
938,23,QUINTANA ROO,SOLIDARIDAD,,10,686,1208,402,0.33278145695364236,0.6672185430463576,MORENA,127,0.31592039800995025,14,0.03482587064676617,PVEM,113,0.2810945273631841,50,0.12437810945273632,PAN,63,0.15671641791044777,MORENA,127,0.31592039800995025,14,0.03482587064676617,PVEM,113,0.2810945273631841,50,0.12437810945273632,PAN,63,0.15671641791044777,63,0.15671641791044777,3,0.007462686567164179,6,0.014925373134328358,113,0.2810945273631841,5,0.012437810945273632,27,0.06716417910447761,127,0.31592039800995025,19,0.0472636815920398,5,0.012437810945273632,5,0.012437810945273632,4,0.009950248756218905,0,0.0,0,0.0,0,0.0,2,0.004975124378109453,1,0.0024875621890547263,0,0.0,0,0.0,0,0.0,1,0.0024875621890547263,3,0.007462686567164179,0,0.0,3,0.007462686567164179,0,0.0,0,0.0,1,0.0024875621890547263,14,0.03482587064676617,402,1.0,ORIGEN,SECCION,COMPLETO,CATALOGO_INE_2026
939,23,QUINTANA ROO,SOLIDARIDAD,,10,687,1088,342,0.31433823529411764,0.6856617647058824,MORENA,104,0.30409356725146197,15,0.043859649122807015,PVEM,89,0.260233918128655,34,0.09941520467836257,PAN,55,0.1608187134502924,MORENA,104,0.30409356725146197,15,0.043859649122807015,PVEM,89,0.260233918128655,34,0.09941520467836257,PAN,55,0.1608187134502924,55,0.1608187134502924,2,0.005847953216374269,8,0.023391812865497075,89,0.260233918128655,6,0.017543859649122806,19,0.05555555555555555,104,0.30409356725146197,19,0.05555555555555555,6,0.017543859649122806,0,0.0,0,0.0,1,0.0029239766081871343,0,0.0,0,0.0,0,0.0,0,0.0,0,0.0,1,0.0029239766081871343,0,0.0,1,0.0029239766081871343,13,0.038011695906432746,0,0.0,2,0.005847953216374269,0,0.0,0,0.0,0,0.0,16,0.04678362573099415,342,1.0,ORIGEN,SECCION,COMPLETO,CATALOGO_INE_2026
940,23,QUINTANA ROO,SOLIDARIDAD,,10,688,1000,308,0.308,0.692,PVEM,95,0.30844155844155846,24,0.07792207792207792,MORENA,71,0.2305194805194805,16,0.05194805194805195,PAN,55,0.17857142857142858,PVEM,95,0.30844155844155846,24,0.07792207792207792,MORENA,71,0.2305194805194805,16,0.05194805194805195,PAN,55,0.17857142857142858,55,0.17857142857142858,2,0.006493506493506494,3,0.00974025974025974,95,0.30844155844155846,4,0.012987012987012988,20,0.06493506493506493,71,0.2305194805194805,18,0.05844155844155844,6,0.01948051948051948,2,0.006493506493506494,3,0.00974025974025974,2,0.006493506493506494,1,0.003246753246753247,0,0.0,1,0.003246753246753247,1,0.003246753246753247,0,0.0,0,0.0,1,0.003246753246753247,1,0.003246753246753247,4,0.012987012987012988,0,0.0,0,0.0,0,0.0,0,0.0,0,0.0,18,0.05844155844155844,308,1.0,ORIGEN,SECCION,COMPLETO,CATALOGO_INE_2026
941,23,QUINTANA ROO,SOLIDARIDAD,,10,689,1053,329,0.3124406457739791,0.6875593542260209,MORENA,111,0.3373860182370821,49,0.14893617021276595,PVEM,62,0.1884498480243161,8,0.0243161094224924,PAN,54,0.1641337386018237,MORENA,111,0.3373860182370821,49,0.14893617021276595,PVEM,62,0.1884498480243161,8,0.0243161094224924,PAN,54,0.1641337386018237,54,0.1641337386018237,0,0.0,3,0.00911854103343465,62,0.1884498480243161,10,0.030395136778115502,36,0.1094224924012158,111,0.3373860182370821,11,0.03343465045592705,6,0.0182370820668693,2,0.0060790273556231,4,0.0121580547112462,2,0.0060790273556231,2,0.0060790273556231,0,0.0,1,0.00303951367781155,0,0.0,0,0.0,0,0.0,0,0.0,2,0.0060790273556231,4,0.0121580547112462,2,0.0060790273556231,2,0.0060790273556231,1,0.00303951367781155,0,0.0,0,0.0,14,0.0425531914893617,329,1.0,ORIGEN,SECCION,COMPLETO,CATALOGO_INE_2026
942,23,QUINTANA ROO,SOLIDARIDAD,,10,690,557,184,0.3303411131059246,0.6696588868940754,MORENA,62,0.33695652173913043,18,0.09782608695652174,PVEM,44,0.2391304347826087,25,0.1358695652173913,PAN,19,0.10326086956521739,MORENA,62,0.33695652173913043,18,0.09782608695652174,PVEM,44,0.2391304347826087,25,0.1358695652173913,PAN,19,0.10326086956521739,19,0.10326086956521739,1,0.005434782608695652,1,0.005434782608695652,44,0.2391304347826087,8,0.043478260869565216,17,0.09239130434782608,62,0.33695652173913043,6,0.03260869565217391,3,0.016304347826086956,1,0.005434782608695652,4,0.021739130434782608,0,0.0,0,0.0,0,0.0,1,0.005434782608695652,2,0.010869565217391304,0,0.0,0,0.0,0,0.0,0,0.0,3,0.016304347826086956,0,0.0,1,0.005434782608695652,0,0.0,1,0.005434782608695652,0,0.0,10,0.05434782608695652,184,1.0,ORIGEN,SECCION,COMPLETO,CATALOGO_INE_2026
943,23,QUINTANA ROO,SOLIDARIDAD,,10,691,803,230,0.286425902864259,0.7135740971357409,MORENA,70,0.30434782608695654,7,0.030434782608695653,PVEM,63,0.27391304347826084,23,0.1,PAN,40,0.17391304347826086,MORENA,70,0.30434782608695654,7,0.030434782608695653,PVEM,63,0.27391304347826084,23,0.1,PAN,40,0.17391304347826086,40,0.17391304347826086,3,0.013043478260869565,2,0.008695652173913044,63,0.27391304347826084,2,0.008695652173913044,13,0.05652173913043478,70,0.30434782608695654,11,0.04782608695652174,4,0.017391304347826087,1,0.004347826086956522,0,0.0,0,0.0,1,0.004347826086956522,0,0.0,0,0.0,0,0.0,0,0.0,1,0.004347826086956522,0,0.0,1,0.004347826086956522,3,0.013043478260869565,0,0.0,1,0.004347826086956522,0,0.0,0,0.0,0,0.0,14,0.06086956521739131,230,1.0,ORIGEN,SECCION,COMPLETO,CATALOGO_INE_2026
944,23,QUINTANA ROO,SOLIDARIDAD,,10,692,1008,300,0.2976190476190476,0.7023809523809523,PVEM,97,0.3233333333333333,15,0.05,MORENA,82,0.2733333333333333,44,0.14666666666666667,PAN,38,0.12666666666666668,PVEM,97,0.3233333333333333,15,0.05,MORENA,82,0.2733333333333333,44,0.14666666666666667,PAN,38,0.12666666666666668,38,0.12666666666666668,3,0.01,1,0.0033333333333333335,97,0.3233333333333333,5,0.016666666666666666,27,0.09,82,0.2733333333333333,9,0.03,9,0.03,3,0.01,2,0.006666666666666667,0,0.0,1,0.0033333333333333335,0,0.0,0,0.0,1,0.0033333333333333335,0,0.0,1,0.0033333333333333335,0,0.0,1,0.0033333333333333335,6,0.02,0,0.0,2,0.006666666666666667,0,0.0,0,0.0,0,0.0,12,0.04,300,1.0,ORIGEN,SECCION,COMPLETO,CATALOGO_INE_2026
945,23,QUINTANA ROO,SOLIDARIDAD,,10,693,960,302,0.3145833333333333,0.6854166666666667,MORENA,102,0.33774834437086093,13,0.04304635761589404,PVEM,89,0.2947019867549669,58,0.19205298013245034,PAN,31,0.10264900662251655,MORENA,102,0.33774834437086093,13,0.04304635761589404,PVEM,89,0.2947019867549669,58,0.19205298013245034,PAN,31,0.10264900662251655,31,0.10264900662251655,5,0.016556291390728478,3,0.009933774834437087,89,0.2947019867549669,6,0.019867549668874173,27,0.08940397350993377,102,0.33774834437086093,8,0.026490066225165563,6,0.019867549668874173,2,0.006622516556291391,0,0.0,3,0.009933774834437087,0,0.0,0,0.0,0,0.0,0,0.0,0,0.0,0,0.0,0,0.0,0,0.0,5,0.016556291390728478,0,0.0,4,0.013245033112582781,0,0.0,0,0.0,0,0.0,11,0.03642384105960265,302,1.0,ORIGEN,SECCION,COMPLETO,CATALOGO_INE_2026
946,23,QUINTANA ROO,SOLIDARIDAD,,10,694,4223,1402,0.33199147525455835,0.6680085247454417,MORENA,422,0.30099857346647646,75,0.05349500713266762,PAN,347,0.24750356633380885,131,0.09343794579172611,MC,216,0.15406562054208273,MORENA,422,0.30099857346647646,75,0.05349500713266762,PAN,347,0.24750356633380885,131,0.09343794579172611,MC,216,0.15406562054208273,347,0.24750356633380885,42,0.029957203994293864,11,0.007845934379457917,165,0.11768901569186876,31,0.02211126961483595,216,0.15406562054208273,422,0.30099857346647646,45,0.03209700427960057,38,0.02710413694721826,18,0.012838801711840228,2,0.0014265335235378032,2,0.0014265335235378032,3,0.0021398002853067048,0,0.0,0,0.0,3,0.0021398002853067048,0,0.0,0,0.0,1,0.0007132667617689016,1,0.0007132667617689016,9,0.006419400855920114,0,0.0,0,0.0,0,0.0,1,0.0007132667617689016,1,0.0007132667617689016,44,0.03138373751783167,1402,1.0,ORIGEN,SECCION,COMPLETO,INFERIDA_SECCION_VECINA
947,23,QUINTANA ROO,SOLIDARIDAD,,10,695,1197,467,0.39014202172096907,0.609857978279031,MORENA,131,0.28051391862955033,18,0.03854389721627409,PVEM,113,0.24197002141327623,32,0.06852248394004283,PAN,81,0.1734475374732334,MORENA,131,0.28051391862955033,18,0.03854389721627409,PVEM,113,0.24197002141327623,32,0.06852248394004283,PAN,81,0.1734475374732334,81,0.1734475374732334,1,0.0021413276231263384,1,0.0021413276231263384,113,0.24197002141327623,24,0.05139186295503212,52,0.11134903640256959,131,0.28051391862955033,22,0.047109207708779445,13,0.027837259100642397,3,0.006423982869379015,3,0.006423982869379015,2,0.004282655246252677,0,0.0,0,0.0,0,0.0,0,0.0,0,0.0,0,0.0,0,0.0,1,0.0021413276231263384,3,0.006423982869379015,0,0.0,1,0.0021413276231263384,0,0.0,0,0.0,0,0.0,16,0.034261241970021415,467,1.0,ORIGEN,SECCION,COMPLETO,CATALOGO_INE_2026
948,23,QUINTANA ROO,SOLIDARIDAD,,10,696,1042,400,0.3838771593090211,0.6161228406909789,PVEM,122,0.305,6,0.015,MORENA,116,0.29,56,0.14,PAN,60,0.15,PVEM,122,0.305,6,0.015,MORENA,116,0.29,56,0.14,PAN,60,0.15,60,0.15,8,0.02,1,0.0025,122,0.305,8,0.02,21,0.0525,116,0.29,23,0.0575,12,0.03,2,0.005,0,0.0,1,0.0025,0,0.0,0,0.0,0,0.0,1,0.0025,0,0.0,0,0.0,0,0.0,1,0.0025,5,0.0125,0,0.0,2,0.005,0,0.0,0,0.0,0,0.0,17,0.0425,400,1.0,ORIGEN,SECCION,COMPLETO,CATALOGO_INE_2026
949,23,QUINTANA ROO,SOLIDARIDAD,,10,697,950,339,0.3568421052631579,0.6431578947368422,PVEM,103,0.30383480825958703,25,0.07374631268436578,MORENA,78,0.23008849557522124,28,0.08259587020648967,PAN,50,0.14749262536873156,PVEM,103,0.30383480825958703,25,0.07374631268436578,MORENA,78,0.23008849557522124,28,0.08259587020648967,PAN,50,0.14749262536873156,50,0.14749262536873156,5,0.014749262536873156,3,0.008849557522123894,103,0.30383480825958703,10,0.029498525073746312,27,0.07964601769911504,78,0.23008849557522124,15,0.04424778761061947,13,0.038348082595870206,2,0.0058997050147492625,0,0.0,0,0.0,1,0.0029498525073746312,0,0.0,2,0.0058997050147492625,0,0.0,0,0.0,0,0.0,0,0.0,1,0.0029498525073746312,4,0.011799410029498525,0,0.0,1,0.0029498525073746312,0,0.0,0,0.0,0,0.0,24,0.07079646017699115,339,1.0,ORIGEN,SECCION,COMPLETO,CATALOGO_INE_2026
950,23,QUINTANA ROO,SOLIDARIDAD,,10,698,1307,477,0.36495791889824025,0.6350420811017597,MORENA,139,0.2914046121593291,15,0.031446540880503145,PVEM,124,0.259958071278826,39,0.08176100628930817,PAN,85,0.17819706498951782,MORENA,139,0.2914046121593291,15,0.031446540880503145,PVEM,124,0.259958071278826,39,0.08176100628930817,PAN,85,0.17819706498951782,85,0.17819706498951782,4,0.008385744234800839,1,0.0020964360587002098,124,0.259958071278826,6,0.012578616352201259,45,0.09433962264150944,139,0.2914046121593291,31,0.0649895178197065,8,0.016771488469601678,5,0.010482180293501049,0,0.0,1,0.0020964360587002098,2,0.0041928721174004195,0,0.0,0,0.0,1,0.0020964360587002098,0,0.0,0,0.0,0,0.0,0,0.0,1,0.0020964360587002098,0,0.0,1,0.0020964360587002098,0,0.0,0,0.0,0,0.0,23,0.04821802935010482,477,1.0,ORIGEN,SECCION,COMPLETO,CATALOGO_INE_2026
951,23,QUINTANA ROO,SOLIDARIDAD,,10,699,570,242,0.4245614035087719,0.5754385964912281,PVEM,69,0.28512396694214875,0,0.0,MORENA,69,0.28512396694214875,44,0.18181818181818182,MC,25,0.10330578512396695,PVEM,69,0.28512396694214875,0,0.0,MORENA,69,0.28512396694214875,44,0.18181818181818182,MC,25,0.10330578512396695,23,0.09504132231404959,5,0.02066115702479339,2,0.008264462809917356,69,0.28512396694214875,3,0.012396694214876033,25,0.10330578512396695,69,0.28512396694214875,12,0.049586776859504134,8,0.03305785123966942,0,0.0,2,0.008264462809917356,0,0.0,0,0.0,0,0.0,1,0.004132231404958678,0,0.0,0,0.0,0,0.0,0,0.0,0,0.0,6,0.024793388429752067,0,0.0,0,0.0,0,0.0,0,0.0,0,0.0,17,0.07024793388429752,242,1.0,ORIGEN,SECCION,COMPLETO,CATALOGO_INE_2026
952,23,QUINTANA ROO,SOLIDARIDAD,,10,700,1066,412,0.38649155722326456,0.6135084427767354,MORENA,139,0.33737864077669905,25,0.06067961165048544,PVEM,114,0.2766990291262136,61,0.14805825242718446,MC,53,0.12864077669902912,MORENA,139,0.33737864077669905,25,0.06067961165048544,PVEM,114,0.2766990291262136,61,0.14805825242718446,MC,53,0.12864077669902912,48,0.11650485436893204,2,0.0048543689320388345,2,0.0048543689320388345,114,0.2766990291262136,8,0.019417475728155338,53,0.12864077669902912,139,0.33737864077669905,16,0.038834951456310676,7,0.01699029126213592,1,0.0024271844660194173,4,0.009708737864077669,1,0.0024271844660194173,0,0.0,0,0.0,0,0.0,1,0.0024271844660194173,0,0.0,0,0.0,0,0.0,0,0.0,5,0.012135922330097087,0,0.0,0,0.0,0,0.0,0,0.0,0,0.0,11,0.02669902912621359,412,1.0,ORIGEN,SECCION,COMPLETO,CATALOGO_INE_2026
953,23,QUINTANA ROO,SOLIDARIDAD,,10,701,1230,499,0.4056910569105691,0.5943089430894308,MORENA,154,0.30861723446893785,33,0.06613226452905811,PVEM,121,0.24248496993987975,32,0.06412825651302605,PAN,89,0.17835671342685372,MORENA,154,0.30861723446893785,33,0.06613226452905811,PVEM,121,0.24248496993987975,32,0.06412825651302605,PAN,89,0.17835671342685372,89,0.17835671342685372,6,0.012024048096192385,5,0.01002004008016032,121,0.24248496993987975,6,0.012024048096192385,42,0.0841683366733467,154,0.30861723446893785,23,0.04609218436873747,11,0.022044088176352707,2,0.004008016032064128,6,0.012024048096192385,2,0.004008016032064128,1,0.002004008016032064,0,0.0,1,0.002004008016032064,0,0.0,0,0.0,0,0.0,0,0.0,1,0.002004008016032064,4,0.008016032064128256,0,0.0,5,0.01002004008016032,0,0.0,0,0.0,0,0.0,20,0.04008016032064128,499,1.0,ORIGEN,SECCION,COMPLETO,CATALOGO_INE_2026
954,23,QUINTANA ROO,SOLIDARIDAD,,10,702,3798,1095,0.2883096366508689,0.7116903633491312,PAN,332,0.30319634703196346,25,0.0228310502283105,MORENA,307,0.28036529680365296,153,0.13972602739726028,MC,154,0.14063926940639268,PAN,332,0.30319634703196346,25,0.0228310502283105,MORENA,307,0.28036529680365296,153,0.13972602739726028,MC,154,0.14063926940639268,332,0.30319634703196346,29,0.026484018264840183,8,0.0073059360730593605,144,0.13150684931506848,21,0.019178082191780823,154,0.14063926940639268,307,0.28036529680365296,33,0.030136986301369864,14,0.012785388127853882,7,0.006392694063926941,3,0.0027397260273972603,0,0.0,1,0.0009132420091324201,3,0.0027397260273972603,3,0.0027397260273972603,1,0.0009132420091324201,0,0.0,0,0.0,0,0.0,0,0.0,4,0.0036529680365296802,0,0.0,3,0.0027397260273972603,0,0.0,0,0.0,1,0.0009132420091324201,27,0.024657534246575342,1095,1.0,ORIGEN,SECCION,COMPLETO,CATALOGO_INE_2026
955,23,QUINTANA ROO,SOLIDARIDAD,,10,703,1234,468,0.37925445705024313,0.6207455429497568,MORENA,135,0.28846153846153844,29,0.06196581196581197,PVEM,106,0.2264957264957265,9,0.019230769230769232,PAN,97,0.20726495726495728,MORENA,135,0.28846153846153844,29,0.06196581196581197,PVEM,106,0.2264957264957265,9,0.019230769230769232,PAN,97,0.20726495726495728,97,0.20726495726495728,12,0.02564102564102564,1,0.002136752136752137,106,0.2264957264957265,12,0.02564102564102564,54,0.11538461538461539,135,0.28846153846153844,10,0.021367521367521368,9,0.019230769230769232,2,0.004273504273504274,4,0.008547008547008548,2,0.004273504273504274,0,0.0,0,0.0,1,0.002136752136752137,1,0.002136752136752137,0,0.0,0,0.0,0,0.0,0,0.0,5,0.010683760683760684,0,0.0,0,0.0,0,0.0,0,0.0,0,0.0,17,0.03632478632478633,468,1.0,ORIGEN,SECCION,COMPLETO,CATALOGO_INE_2026
956,23,QUINTANA ROO,SOLIDARIDAD,,10,704,1246,394,0.3162118780096308,0.6837881219903692,MORENA,145,0.3680203045685279,62,0.15736040609137056,PAN,83,0.21065989847715735,21,0.0532994923857868,PVEM,62,0.15736040609137056,MORENA,145,0.3680203045685279,62,0.15736040609137056,PAN,83,0.21065989847715735,21,0.0532994923857868,PVEM,62,0.15736040609137056,83,0.21065989847715735,7,0.017766497461928935,0,0.0,62,0.15736040609137056,6,0.015228426395939087,43,0.10913705583756345,145,0.3680203045685279,13,0.03299492385786802,6,0.015228426395939087,3,0.007614213197969543,0,0.0,0,0.0,1,0.0025380710659898475,0,0.0,0,0.0,0,0.0,0,0.0,0,0.0,0,0.0,0,0.0,2,0.005076142131979695,0,0.0,0,0.0,0,0.0,0,0.0,5,0.012690355329949238,18,0.04568527918781726,394,1.0,ORIGEN,SECCION,COMPLETO,CATALOGO_INE_2026
957,23,QUINTANA ROO,SOLIDARIDAD,,10,705,969,328,0.3384932920536636,0.6615067079463364,MORENA,105,0.3201219512195122,44,0.13414634146341464,PAN,61,0.18597560975609756,4,0.012195121951219513,PVEM,57,0.17378048780487804,MORENA,105,0.3201219512195122,44,0.13414634146341464,PAN,61,0.18597560975609756,4,0.012195121951219513,PVEM,57,0.17378048780487804,61,0.18597560975609756,8,0.024390243902439025,5,0.01524390243902439,57,0.17378048780487804,3,0.009146341463414634,43,0.13109756097560976,105,0.3201219512195122,17,0.051829268292682924,8,0.024390243902439025,1,0.003048780487804878,2,0.006097560975609756,0,0.0,0,0.0,0,0.0,0,0.0,1,0.003048780487804878,0,0.0,0,0.0,0,0.0,0,0.0,0,0.0,0,0.0,4,0.012195121951219513,0,0.0,0,0.0,0,0.0,13,0.039634146341463415,328,1.0,ORIGEN,SECCION,COMPLETO,CATALOGO_INE_2026
958,23,QUINTANA ROO,SOLIDARIDAD,,10,706,615,222,0.36097560975609755,0.6390243902439025,MORENA,59,0.26576576576576577,9,0.04054054054054054,PAN,50,0.22522522522522523,2,0.009009009009009009,PVEM,48,0.21621621621621623,MORENA,59,0.26576576576576577,9,0.04054054054054054,PAN,50,0.22522522522522523,2,0.009009009009009009,PVEM,48,0.21621621621621623,50,0.22522522522522523,2,0.009009009009009009,1,0.0045045045045045045,48,0.21621621621621623,3,0.013513513513513514,27,0.12162162162162163,59,0.26576576576576577,7,0.03153153153153153,1,0.0045045045045045045,2,0.009009009009009009,1,0.0045045045045045045,0,0.0,0,0.0,0,0.0,0,0.0,0,0.0,0,0.0,0,0.0,0,0.0,0,0.0,4,0.018018018018018018,0,0.0,1,0.0045045045045045045,0,0.0,0,0.0,1,0.0045045045045045045,15,0.06756756756756757,222,1.0,ORIGEN,SECCION,COMPLETO,CATALOGO_INE_2026
959,23,QUINTANA ROO,SOLIDARIDAD,,10,707,934,295,0.3158458244111349,0.6841541755888652,MORENA,87,0.29491525423728815,30,0.1016949152542373,PVEM,57,0.19322033898305085,5,0.01694915254237288,PAN,52,0.17627118644067796,MORENA,87,0.29491525423728815,30,0.1016949152542373,PVEM,57,0.19322033898305085,5,0.01694915254237288,PAN,52,0.17627118644067796,52,0.17627118644067796,4,0.013559322033898305,2,0.006779661016949152,57,0.19322033898305085,6,0.020338983050847456,43,0.14576271186440679,87,0.29491525423728815,15,0.05084745762711865,10,0.03389830508474576,2,0.006779661016949152,2,0.006779661016949152,1,0.003389830508474576,1,0.003389830508474576,0,0.0,0,0.0,0,0.0,0,0.0,0,0.0,0,0.0,1,0.003389830508474576,0,0.0,0,0.0,0,0.0,0,0.0,0,0.0,2,0.006779661016949152,10,0.03389830508474576,295,1.0,ORIGEN,SECCION,COMPLETO,CATALOGO_INE_2026
960,23,QUINTANA ROO,SOLIDARIDAD,,10,708,1107,385,0.34778681120144533,0.6522131887985547,MORENA,122,0.3168831168831169,36,0.09350649350649351,PAN,86,0.22337662337662337,28,0.07272727272727272,PVEM,58,0.15064935064935064,MORENA,122,0.3168831168831169,36,0.09350649350649351,PAN,86,0.22337662337662337,28,0.07272727272727272,PVEM,58,0.15064935064935064,86,0.22337662337662337,13,0.033766233766233764,2,0.005194805194805195,58,0.15064935064935064,12,0.03116883116883117,44,0.11428571428571428,122,0.3168831168831169,13,0.033766233766233764,14,0.03636363636363636,0,0.0,2,0.005194805194805195,0,0.0,0,0.0,0,0.0,1,0.0025974025974025974,6,0.015584415584415584,0,0.0,0,0.0,0,0.0,0,0.0,0,0.0,0,0.0,0,0.0,0,0.0,0,0.0,0,0.0,12,0.03116883116883117,385,1.0,ORIGEN,SECCION,COMPLETO,CATALOGO_INE_2026
961,23,QUINTANA ROO,SOLIDARIDAD,,10,709,2351,822,0.3496384517226712,0.6503615482773288,MORENA,264,0.32116788321167883,56,0.0681265206812652,PAN,208,0.25304136253041365,106,0.12895377128953772,PVEM,102,0.12408759124087591,MORENA,264,0.32116788321167883,56,0.0681265206812652,PAN,208,0.25304136253041365,106,0.12895377128953772,PVEM,102,0.12408759124087591,208,0.25304136253041365,16,0.019464720194647202,12,0.014598540145985401,102,0.12408759124087591,17,0.02068126520681265,92,0.11192214111922141,264,0.32116788321167883,32,0.038929440389294405,24,0.029197080291970802,7,0.00851581508515815,3,0.0036496350364963502,2,0.0024330900243309003,1,0.0012165450121654502,0,0.0,2,0.0024330900243309003,2,0.0024330900243309003,0,0.0,0,0.0,0,0.0,0,0.0,7,0.00851581508515815,0,0.0,2,0.0024330900243309003,0,0.0,0,0.0,3,0.0036496350364963502,26,0.031630170316301706,822,1.0,ORIGEN,SECCION,COMPLETO,CATALOGO_INE_2026
962,23,QUINTANA ROO,SOLIDARIDAD,,10,710,1038,331,0.31888246628131023,0.6811175337186898,MORENA,106,0.3202416918429003,20,0.06042296072507553,PVEM,86,0.2598187311178248,42,0.1268882175226586,PAN,44,0.13293051359516617,MORENA,106,0.3202416918429003,20,0.06042296072507553,PVEM,86,0.2598187311178248,42,0.1268882175226586,PAN,44,0.13293051359516617,44,0.13293051359516617,3,0.00906344410876133,5,0.015105740181268883,86,0.2598187311178248,3,0.00906344410876133,29,0.08761329305135952,106,0.3202416918429003,13,0.03927492447129909,7,0.021148036253776436,5,0.015105740181268883,1,0.0030211480362537764,2,0.006042296072507553,2,0.006042296072507553,0,0.0,0,0.0,2,0.006042296072507553,0,0.0,0,0.0,0,0.0,1,0.0030211480362537764,1,0.0030211480362537764,0,0.0,0,0.0,0,0.0,0,0.0,0,0.0,21,0.0634441087613293,331,1.0,ORIGEN,SECCION,COMPLETO,CATALOGO_INE_2026
963,23,QUINTANA ROO,SOLIDARIDAD,,10,711,1106,343,0.310126582278481,0.689873417721519,PVEM,118,0.34402332361516036,16,0.04664723032069971,MORENA,102,0.29737609329446063,67,0.19533527696793002,PAN,35,0.10204081632653061,PVEM,118,0.34402332361516036,16,0.04664723032069971,MORENA,102,0.29737609329446063,67,0.19533527696793002,PAN,35,0.10204081632653061,35,0.10204081632653061,2,0.0058309037900874635,1,0.0029154518950437317,118,0.34402332361516036,8,0.023323615160349854,25,0.0728862973760933,102,0.29737609329446063,11,0.03206997084548105,5,0.014577259475218658,2,0.0058309037900874635,4,0.011661807580174927,0,0.0,0,0.0,0,0.0,1,0.0029154518950437317,0,0.0,0,0.0,0,0.0,0,0.0,0,0.0,10,0.029154518950437316,0,0.0,3,0.008746355685131196,0,0.0,0,0.0,0,0.0,16,0.04664723032069971,343,1.0,ORIGEN,SECCION,COMPLETO,CATALOGO_INE_2026
964,23,QUINTANA ROO,SOLIDARIDAD,,10,712,645,200,0.31007751937984496,0.689922480620155,MORENA,73,0.365,36,0.18,PVEM,37,0.185,8,0.04,PAN,29,0.145,MORENA,73,0.365,36,0.18,PVEM,37,0.185,8,0.04,PAN,29,0.145,29,0.145,1,0.005,4,0.02,37,0.185,4,0.02,24,0.12,73,0.365,9,0.045,2,0.01,0,0.0,1,0.005,0,0.0,0,0.0,0,0.0,0,0.0,2,0.01,0,0.0,0,0.0,0,0.0,0,0.0,3,0.015,0,0.0,1,0.005,0,0.0,0,0.0,0,0.0,10,0.05,200,1.0,ORIGEN,SECCION,COMPLETO,CATALOGO_INE_2026
965,23,QUINTANA ROO,SOLIDARIDAD,,10,713,994,316,0.317907444668008,0.682092555331992,MORENA,100,0.31645569620253167,24,0.0759493670886076,PVEM,76,0.24050632911392406,31,0.0981012658227848,PAN,45,0.14240506329113925,MORENA,100,0.31645569620253167,24,0.0759493670886076,PVEM,76,0.24050632911392406,31,0.0981012658227848,PAN,45,0.14240506329113925,45,0.14240506329113925,5,0.015822784810126583,5,0.015822784810126583,76,0.24050632911392406,5,0.015822784810126583,32,0.10126582278481013,100,0.31645569620253167,16,0.05063291139240506,4,0.012658227848101266,1,0.0031645569620253164,2,0.006329113924050633,1,0.0031645569620253164,0,0.0,0,0.0,0,0.0,1,0.0031645569620253164,0,0.0,0,0.0,0,0.0,0,0.0,5,0.015822784810126583,0,0.0,0,0.0,0,0.0,0,0.0,0,0.0,18,0.056962025316455694,316,1.0,ORIGEN,SECCION,COMPLETO,CATALOGO_INE_2026
966,23,QUINTANA ROO,SOLIDARIDAD,,10,714,987,275,0.2786220871327254,0.7213779128672746,MORENA,70,0.2545454545454545,4,0.014545454545454545,PVEM,66,0.24,9,0.03272727272727273,PAN,57,0.20727272727272728,MORENA,70,0.2545454545454545,4,0.014545454545454545,PVEM,66,0.24,9,0.03272727272727273,PAN,57,0.20727272727272728,57,0.20727272727272728,4,0.014545454545454545,2,0.007272727272727273,66,0.24,10,0.03636363636363636,30,0.10909090909090909,70,0.2545454545454545,10,0.03636363636363636,3,0.01090909090909091,2,0.007272727272727273,3,0.01090909090909091,1,0.0036363636363636364,1,0.0036363636363636364,0,0.0,0,0.0,1,0.0036363636363636364,0,0.0,0,0.0,0,0.0,0,0.0,3,0.01090909090909091,0,0.0,0,0.0,0,0.0,0,0.0,0,0.0,12,0.04363636363636364,275,1.0,ORIGEN,SECCION,COMPLETO,CATALOGO_INE_2026
967,23,QUINTANA ROO,SOLIDARIDAD,,10,715,1053,306,0.2905982905982906,0.7094017094017093,MORENA,101,0.3300653594771242,31,0.10130718954248366,PVEM,70,0.22875816993464052,28,0.0915032679738562,PAN,42,0.13725490196078433,MORENA,101,0.3300653594771242,31,0.10130718954248366,PVEM,70,0.22875816993464052,28,0.0915032679738562,PAN,42,0.13725490196078433,42,0.13725490196078433,1,0.0032679738562091504,1,0.0032679738562091504,70,0.22875816993464052,8,0.026143790849673203,20,0.06535947712418301,101,0.3300653594771242,28,0.0915032679738562,2,0.006535947712418301,6,0.0196078431372549,0,0.0,0,0.0,0,0.0,0,0.0,1,0.0032679738562091504,2,0.006535947712418301,0,0.0,0,0.0,1,0.0032679738562091504,0,0.0,8,0.026143790849673203,0,0.0,1,0.0032679738562091504,0,0.0,0,0.0,1,0.0032679738562091504,13,0.042483660130718956,306,1.0,ORIGEN,SECCION,COMPLETO,CATALOGO_INE_2026
968,23,QUINTANA ROO,SOLIDARIDAD,,10,716,543,161,0.2965009208103131,0.7034990791896869,MORENA,53,0.32919254658385094,20,0.12422360248447205,PVEM,33,0.20496894409937888,17,0.10559006211180125,PAN,16,0.09937888198757763,MORENA,53,0.32919254658385094,20,0.12422360248447205,PVEM,33,0.20496894409937888,17,0.10559006211180125,PAN,16,0.09937888198757763,16,0.09937888198757763,3,0.018633540372670808,0,0.0,33,0.20496894409937888,4,0.024844720496894408,12,0.07453416149068323,53,0.32919254658385094,10,0.062111801242236024,2,0.012422360248447204,1,0.006211180124223602,2,0.012422360248447204,1,0.006211180124223602,0,0.0,0,0.0,0,0.0,0,0.0,0,0.0,0,0.0,0,0.0,0,0.0,2,0.012422360248447204,0,0.0,0,0.0,0,0.0,0,0.0,0,0.0,22,0.13664596273291926,161,1.0,ORIGEN,SECCION,COMPLETO,CATALOGO_INE_2026
969,23,QUINTANA ROO,SOLIDARIDAD,,10,717,1049,275,0.2621544327931363,0.7378455672068637,MORENA,92,0.33454545454545453,42,0.15272727272727274,PVEM,50,0.18181818181818182,8,0.02909090909090909,PAN,42,0.15272727272727274,MORENA,92,0.33454545454545453,42,0.15272727272727274,PVEM,50,0.18181818181818182,8,0.02909090909090909,PAN,42,0.15272727272727274,42,0.15272727272727274,0,0.0,2,0.007272727272727273,50,0.18181818181818182,3,0.01090909090909091,24,0.08727272727272728,92,0.33454545454545453,40,0.14545454545454545,4,0.014545454545454545,2,0.007272727272727273,1,0.0036363636363636364,0,0.0,1,0.0036363636363636364,0,0.0,1,0.0036363636363636364,0,0.0,0,0.0,0,0.0,0,0.0,0,0.0,2,0.007272727272727273,0,0.0,2,0.007272727272727273,0,0.0,0,0.0,0,0.0,9,0.03272727272727273,275,1.0,ORIGEN,SECCION,COMPLETO,CATALOGO_INE_2026
970,23,QUINTANA ROO,SOLIDARIDAD,,10,718,1456,405,0.27815934065934067,0.7218406593406593,MORENA,130,0.32098765432098764,28,0.0691358024691358,PVEM,102,0.2518518518518518,53,0.1308641975308642,PAN,49,0.12098765432098765,MORENA,130,0.32098765432098764,28,0.0691358024691358,PVEM,102,0.2518518518518518,53,0.1308641975308642,PAN,49,0.12098765432098765,49,0.12098765432098765,11,0.027160493827160494,6,0.014814814814814815,102,0.2518518518518518,5,0.012345679012345678,37,0.09135802469135802,130,0.32098765432098764,28,0.0691358024691358,9,0.022222222222222223,0,0.0,4,0.009876543209876543,0,0.0,1,0.0024691358024691358,0,0.0,0,0.0,2,0.0049382716049382715,0,0.0,0,0.0,0,0.0,0,0.0,2,0.0049382716049382715,1,0.0024691358024691358,0,0.0,0,0.0,0,0.0,0,0.0,18,0.044444444444444446,405,1.0,ORIGEN,SECCION,COMPLETO,CATALOGO_INE_2026
971,23,QUINTANA ROO,SOLIDARIDAD,,10,719,1076,352,0.3271375464684015,0.6728624535315986,MORENA,125,0.35511363636363635,34,0.09659090909090909,PVEM,91,0.2585227272727273,51,0.14488636363636365,PAN,40,0.11363636363636363,MORENA,125,0.35511363636363635,34,0.09659090909090909,PVEM,91,0.2585227272727273,51,0.14488636363636365,PAN,40,0.11363636363636363,40,0.11363636363636363,8,0.022727272727272728,11,0.03125,91,0.2585227272727273,8,0.022727272727272728,28,0.07954545454545454,125,0.35511363636363635,15,0.04261363636363636,3,0.008522727272727272,0,0.0,1,0.002840909090909091,1,0.002840909090909091,0,0.0,0,0.0,1,0.002840909090909091,1,0.002840909090909091,0,0.0,0,0.0,0,0.0,1,0.002840909090909091,1,0.002840909090909091,0,0.0,2,0.005681818181818182,0,0.0,0,0.0,0,0.0,15,0.04261363636363636,352,1.0,ORIGEN,SECCION,COMPLETO,CATALOGO_INE_2026
972,23,QUINTANA ROO,SOLIDARIDAD,,10,720,1360,392,0.28823529411764703,0.711764705882353,MORENA,113,0.288265306122449,3,0.007653061224489796,PVEM,110,0.28061224489795916,50,0.12755102040816327,PAN,60,0.15306122448979592,MORENA,113,0.288265306122449,3,0.007653061224489796,PVEM,110,0.28061224489795916,50,0.12755102040816327,PAN,60,0.15306122448979592,60,0.15306122448979592,3,0.007653061224489796,5,0.012755102040816327,110,0.28061224489795916,8,0.02040816326530612,32,0.08163265306122448,113,0.288265306122449,10,0.025510204081632654,9,0.02295918367346939,4,0.01020408163265306,5,0.012755102040816327,2,0.00510204081632653,2,0.00510204081632653,0,0.0,0,0.0,1,0.002551020408163265,0,0.0,1,0.002551020408163265,1,0.002551020408163265,0,0.0,2,0.00510204081632653,1,0.002551020408163265,0,0.0,0,0.0,0,0.0,1,0.002551020408163265,22,0.05612244897959184,392,1.0,ORIGEN,SECCION,COMPLETO,CATALOGO_INE_2026
973,23,QUINTANA ROO,SOLIDARIDAD,,10,721,1172,313,0.26706484641638223,0.7329351535836177,MORENA,114,0.36421725239616615,46,0.14696485623003194,PVEM,68,0.21725239616613418,23,0.07348242811501597,PAN,45,0.14376996805111822,MORENA,114,0.36421725239616615,46,0.14696485623003194,PVEM,68,0.21725239616613418,23,0.07348242811501597,PAN,45,0.14376996805111822,45,0.14376996805111822,1,0.003194888178913738,3,0.009584664536741214,68,0.21725239616613418,9,0.02875399361022364,38,0.12140575079872204,114,0.36421725239616615,15,0.04792332268370607,3,0.009584664536741214,1,0.003194888178913738,2,0.006389776357827476,1,0.003194888178913738,1,0.003194888178913738,0,0.0,0,0.0,0,0.0,0,0.0,0,0.0,0,0.0,0,0.0,2,0.006389776357827476,0,0.0,0,0.0,0,0.0,0,0.0,1,0.003194888178913738,9,0.02875399361022364,313,1.0,ORIGEN,SECCION,COMPLETO,CATALOGO_INE_2026
974,23,QUINTANA ROO,SOLIDARIDAD,,10,722,1212,327,0.2698019801980198,0.7301980198019802,MORENA,102,0.3119266055045872,39,0.11926605504587157,PVEM,63,0.1926605504587156,22,0.0672782874617737,PAN,41,0.12538226299694188,MORENA,102,0.3119266055045872,39,0.11926605504587157,PVEM,63,0.1926605504587156,22,0.0672782874617737,PAN,41,0.12538226299694188,41,0.12538226299694188,5,0.01529051987767584,5,0.01529051987767584,63,0.1926605504587156,5,0.01529051987767584,34,0.10397553516819572,102,0.3119266055045872,21,0.06422018348623854,5,0.01529051987767584,5,0.01529051987767584,3,0.009174311926605505,2,0.0061162079510703364,0,0.0,0,0.0,6,0.01834862385321101,2,0.0061162079510703364,0,0.0,0,0.0,0,0.0,1,0.0030581039755351682,5,0.01529051987767584,0,0.0,3,0.009174311926605505,0,0.0,0,0.0,0,0.0,19,0.0581039755351682,327,1.0,ORIGEN,SECCION,COMPLETO,CATALOGO_INE_2026
975,23,QUINTANA ROO,SOLIDARIDAD,,10,723,406,121,0.29802955665024633,0.7019704433497537,MORENA,42,0.34710743801652894,8,0.06611570247933884,PVEM,34,0.2809917355371901,15,0.12396694214876033,PAN,19,0.15702479338842976,MORENA,42,0.34710743801652894,8,0.06611570247933884,PVEM,34,0.2809917355371901,15,0.12396694214876033,PAN,19,0.15702479338842976,19,0.15702479338842976,2,0.01652892561983471,2,0.01652892561983471,34,0.2809917355371901,0,0.0,10,0.08264462809917356,42,0.34710743801652894,4,0.03305785123966942,1,0.008264462809917356,1,0.008264462809917356,0,0.0,0,0.0,0,0.0,0,0.0,1,0.008264462809917356,0,0.0,0,0.0,0,0.0,0,0.0,0,0.0,0,0.0,0,0.0,0,0.0,0,0.0,0,0.0,0,0.0,5,0.04132231404958678,121,1.0,ORIGEN,SECCION,COMPLETO,CATALOGO_INE_2026
976,23,QUINTANA ROO,SOLIDARIDAD,,10,724,754,199,0.2639257294429708,0.7360742705570291,PVEM,58,0.2914572864321608,4,0.020100502512562814,MORENA,54,0.271356783919598,25,0.12562814070351758,PAN,29,0.1457286432160804,PVEM,58,0.2914572864321608,4,0.020100502512562814,MORENA,54,0.271356783919598,25,0.12562814070351758,PAN,29,0.1457286432160804,29,0.1457286432160804,2,0.010050251256281407,0,0.0,58,0.2914572864321608,4,0.020100502512562814,22,0.11055276381909548,54,0.271356783919598,10,0.05025125628140704,2,0.010050251256281407,1,0.005025125628140704,2,0.010050251256281407,0,0.0,0,0.0,0,0.0,1,0.005025125628140704,1,0.005025125628140704,0,0.0,0,0.0,0,0.0,0,0.0,2,0.010050251256281407,0,0.0,1,0.005025125628140704,0,0.0,0,0.0,0,0.0,10,0.05025125628140704,199,1.0,ORIGEN,SECCION,COMPLETO,CATALOGO_INE_2026
977,23,QUINTANA ROO,SOLIDARIDAD,,10,725,1444,412,0.2853185595567867,0.7146814404432134,PVEM,132,0.32038834951456313,30,0.07281553398058252,MORENA,102,0.24757281553398058,26,0.06310679611650485,PAN,76,0.18446601941747573,PVEM,132,0.32038834951456313,30,0.07281553398058252,MORENA,102,0.24757281553398058,26,0.06310679611650485,PAN,76,0.18446601941747573,76,0.18446601941747573,3,0.007281553398058253,7,0.01699029126213592,132,0.32038834951456313,7,0.01699029126213592,20,0.04854368932038835,102,0.24757281553398058,26,0.06310679611650485,10,0.024271844660194174,2,0.0048543689320388345,1,0.0024271844660194173,5,0.012135922330097087,1,0.0024271844660194173,0,0.0,0,0.0,0,0.0,0,0.0,2,0.0048543689320388345,0,0.0,0,0.0,3,0.007281553398058253,0,0.0,1,0.0024271844660194173,0,0.0,0,0.0,0,0.0,14,0.03398058252427184,412,1.0,ORIGEN,SECCION,COMPLETO,CATALOGO_INE_2026
978,23,QUINTANA ROO,SOLIDARIDAD,,10,726,1133,347,0.3062665489849956,0.6937334510150044,PVEM,88,0.25360230547550433,2,0.005763688760806916,MORENA,86,0.2478386167146974,15,0.043227665706051875,PAN,71,0.20461095100864554,PVEM,88,0.25360230547550433,2,0.005763688760806916,MORENA,86,0.2478386167146974,15,0.043227665706051875,PAN,71,0.20461095100864554,71,0.20461095100864554,3,0.008645533141210375,5,0.01440922190201729,88,0.25360230547550433,9,0.025936599423631124,31,0.0893371757925072,86,0.2478386167146974,13,0.037463976945244955,11,0.03170028818443804,0,0.0,2,0.005763688760806916,1,0.002881844380403458,0,0.0,0,0.0,2,0.005763688760806916,2,0.005763688760806916,0,0.0,0,0.0,0,0.0,0,0.0,4,0.011527377521613832,0,0.0,1,0.002881844380403458,0,0.0,0,0.0,0,0.0,18,0.05187319884726225,347,1.0,ORIGEN,SECCION,COMPLETO,CATALOGO_INE_2026
979,23,QUINTANA ROO,SOLIDARIDAD,,10,727,1000,286,0.286,0.714,PVEM,81,0.28321678321678323,2,0.006993006993006993,MORENA,79,0.2762237762237762,47,0.16433566433566432,PAN,32,0.11188811188811189,PVEM,81,0.28321678321678323,2,0.006993006993006993,MORENA,79,0.2762237762237762,47,0.16433566433566432,PAN,32,0.11188811188811189,32,0.11188811188811189,7,0.024475524475524476,3,0.01048951048951049,81,0.28321678321678323,9,0.03146853146853147,27,0.0944055944055944,79,0.2762237762237762,15,0.05244755244755245,4,0.013986013986013986,0,0.0,3,0.01048951048951049,3,0.01048951048951049,1,0.0034965034965034965,1,0.0034965034965034965,0,0.0,0,0.0,0,0.0,1,0.0034965034965034965,0,0.0,0,0.0,7,0.024475524475524476,0,0.0,0,0.0,0,0.0,0,0.0,0,0.0,13,0.045454545454545456,286,1.0,ORIGEN,SECCION,COMPLETO,CATALOGO_INE_2026
980,23,QUINTANA ROO,SOLIDARIDAD,,10,728,405,122,0.3012345679012346,0.6987654320987654,MORENA,37,0.30327868852459017,17,0.13934426229508196,PAN,20,0.16393442622950818,0,0.0,PVEM,20,0.16393442622950818,MORENA,37,0.30327868852459017,17,0.13934426229508196,PAN,20,0.16393442622950818,0,0.0,PVEM,20,0.16393442622950818,20,0.16393442622950818,1,0.00819672131147541,2,0.01639344262295082,20,0.16393442622950818,4,0.03278688524590164,19,0.1557377049180328,37,0.30327868852459017,6,0.04918032786885246,4,0.03278688524590164,0,0.0,0,0.0,0,0.0,0,0.0,0,0.0,1,0.00819672131147541,0,0.0,0,0.0,0,0.0,0,0.0,1,0.00819672131147541,3,0.02459016393442623,0,0.0,0,0.0,1,0.00819672131147541,1,0.00819672131147541,0,0.0,2,0.01639344262295082,122,1.0,ORIGEN,SECCION,COMPLETO,CATALOGO_INE_2026
981,23,QUINTANA ROO,SOLIDARIDAD,,10,729,1811,611,0.33738266151297625,0.6626173384870238,PAN,194,0.31751227495908346,35,0.057283142389525366,MORENA,159,0.2602291325695581,61,0.09983633387888707,MC,98,0.16039279869067102,PAN,194,0.31751227495908346,35,0.057283142389525366,MORENA,159,0.2602291325695581,61,0.09983633387888707,MC,98,0.16039279869067102,194,0.31751227495908346,26,0.0425531914893617,7,0.011456628477905073,56,0.09165302782324058,10,0.016366612111292964,98,0.16039279869067102,159,0.2602291325695581,13,0.02127659574468085,15,0.024549918166939442,7,0.011456628477905073,2,0.0032733224222585926,0,0.0,0,0.0,0,0.0,1,0.0016366612111292963,0,0.0,0,0.0,0,0.0,0,0.0,0,0.0,2,0.0032733224222585926,0,0.0,3,0.004909983633387889,0,0.0,0,0.0,1,0.0016366612111292963,17,0.027823240589198037,611,1.0,ORIGEN,SECCION,COMPLETO,CATALOGO_INE_2026
982,23,QUINTANA ROO,SOLIDARIDAD,,10,730,568,227,0.3996478873239437,0.6003521126760563,MORENA,75,0.3303964757709251,34,0.14977973568281938,PAN,41,0.18061674008810572,1,0.004405286343612335,PVEM,40,0.1762114537444934,MORENA,75,0.3303964757709251,34,0.14977973568281938,PAN,41,0.18061674008810572,1,0.004405286343612335,PVEM,40,0.1762114537444934,41,0.18061674008810572,5,0.022026431718061675,1,0.004405286343612335,40,0.1762114537444934,4,0.01762114537444934,27,0.11894273127753303,75,0.3303964757709251,10,0.04405286343612335,5,0.022026431718061675,0,0.0,0,0.0,0,0.0,1,0.004405286343612335,0,0.0,0,0.0,1,0.004405286343612335,0,0.0,0,0.0,0,0.0,1,0.004405286343612335,5,0.022026431718061675,0,0.0,0,0.0,0,0.0,0,0.0,0,0.0,11,0.048458149779735685,227,1.0,ORIGEN,SECCION,COMPLETO,CATALOGO_INE_2026
983,23,QUINTANA ROO,SOLIDARIDAD,,10,731,759,298,0.3926218708827404,0.6073781291172595,MORENA,84,0.28187919463087246,9,0.030201342281879196,PVEM,75,0.2516778523489933,25,0.08389261744966443,PAN,50,0.16778523489932887,MORENA,84,0.28187919463087246,9,0.030201342281879196,PVEM,75,0.2516778523489933,25,0.08389261744966443,PAN,50,0.16778523489932887,50,0.16778523489932887,2,0.006711409395973154,1,0.003355704697986577,75,0.2516778523489933,3,0.010067114093959731,15,0.050335570469798654,84,0.28187919463087246,40,0.1342281879194631,5,0.016778523489932886,1,0.003355704697986577,2,0.006711409395973154,0,0.0,1,0.003355704697986577,0,0.0,1,0.003355704697986577,0,0.0,0,0.0,0,0.0,0,0.0,0,0.0,3,0.010067114093959731,0,0.0,0,0.0,0,0.0,0,0.0,0,0.0,15,0.050335570469798654,298,1.0,ORIGEN,SECCION,COMPLETO,CATALOGO_INE_2026
984,23,QUINTANA ROO,SOLIDARIDAD,,10,732,1131,401,0.35455349248452694,0.6454465075154731,MORENA,127,0.3167082294264339,55,0.1371571072319202,PVEM,72,0.17955112219451372,3,0.007481296758104738,PAN,69,0.17206982543640897,MORENA,127,0.3167082294264339,55,0.1371571072319202,PVEM,72,0.17955112219451372,3,0.007481296758104738,PAN,69,0.17206982543640897,69,0.17206982543640897,2,0.004987531172069825,2,0.004987531172069825,72,0.17955112219451372,5,0.012468827930174564,54,0.13466334164588528,127,0.3167082294264339,16,0.0399002493765586,24,0.059850374064837904,1,0.0024937655860349127,2,0.004987531172069825,0,0.0,0,0.0,0,0.0,1,0.0024937655860349127,1,0.0024937655860349127,0,0.0,1,0.0024937655860349127,0,0.0,0,0.0,3,0.007481296758104738,0,0.0,1,0.0024937655860349127,0,0.0,0,0.0,0,0.0,20,0.04987531172069826,401,1.0,ORIGEN,SECCION,COMPLETO,CATALOGO_INE_2026
985,23,QUINTANA ROO,SOLIDARIDAD,,10,737,849,203,0.23910482921083628,0.7608951707891637,MORENA,56,0.27586206896551724,13,0.06403940886699508,PVEM,43,0.21182266009852216,17,0.08374384236453201,PAN,26,0.12807881773399016,MORENA,56,0.27586206896551724,13,0.06403940886699508,PVEM,43,0.21182266009852216,17,0.08374384236453201,PAN,26,0.12807881773399016,26,0.12807881773399016,2,0.009852216748768473,3,0.014778325123152709,43,0.21182266009852216,3,0.014778325123152709,25,0.12315270935960591,56,0.27586206896551724,18,0.08866995073891626,11,0.054187192118226604,3,0.014778325123152709,3,0.014778325123152709,1,0.0049261083743842365,0,0.0,0,0.0,1,0.0049261083743842365,2,0.009852216748768473,0,0.0,0,0.0,0,0.0,0,0.0,0,0.0,0,0.0,1,0.0049261083743842365,0,0.0,0,0.0,0,0.0,5,0.024630541871921183,203,1.0,ORIGEN,SECCION,COMPLETO,CATALOGO_INE_2026
986,23,QUINTANA ROO,SOLIDARIDAD,,10,900,278,77,0.27697841726618705,0.7230215827338129,MORENA,26,0.33766233766233766,6,0.07792207792207792,PVEM,20,0.2597402597402597,9,0.11688311688311688,MC,11,0.14285714285714285,MORENA,26,0.33766233766233766,6,0.07792207792207792,PVEM,20,0.2597402597402597,9,0.11688311688311688,MC,11,0.14285714285714285,5,0.06493506493506493,0,0.0,0,0.0,20,0.2597402597402597,3,0.03896103896103896,11,0.14285714285714285,26,0.33766233766233766,2,0.025974025974025976,4,0.05194805194805195,0,0.0,0,0.0,0,0.0,0,0.0,0,0.0,0,0.0,0,0.0,0,0.0,0,0.0,1,0.012987012987012988,1,0.012987012987012988,0,0.0,0,0.0,0,0.0,0,0.0,0,0.0,0,0.0,4,0.05194805194805195,77,1.0,ORIGEN,SECCION,COMPLETO,CATALOGO_INE_2026
987,23,QUINTANA ROO,SOLIDARIDAD,,10,903,430,137,0.3186046511627907,0.6813953488372093,MORENA,36,0.26277372262773724,6,0.043795620437956206,PAN,30,0.21897810218978103,0,0.0,PVEM,30,0.21897810218978103,MORENA,36,0.26277372262773724,6,0.043795620437956206,PAN,30,0.21897810218978103,0,0.0,PVEM,30,0.21897810218978103,30,0.21897810218978103,3,0.021897810218978103,3,0.021897810218978103,30,0.21897810218978103,0,0.0,14,0.10218978102189781,36,0.26277372262773724,6,0.043795620437956206,2,0.014598540145985401,1,0.0072992700729927005,0,0.0,3,0.021897810218978103,0,0.0,0,0.0,1,0.0072992700729927005,0,0.0,0,0.0,0,0.0,0,0.0,0,0.0,0,0.0,0,0.0,1,0.0072992700729927005,0,0.0,0,0.0,0,0.0,7,0.051094890510948905,137,1.0,ORIGEN,SECCION,COMPLETO,CATALOGO_INE_2026
988,23,QUINTANA ROO,SOLIDARIDAD,,10,905,282,87,0.30851063829787234,0.6914893617021276,MORENA,23,0.26436781609195403,6,0.06896551724137931,PAN,17,0.19540229885057472,3,0.034482758620689655,MC,14,0.16091954022988506,MORENA,23,0.26436781609195403,6,0.06896551724137931,PAN,17,0.19540229885057472,3,0.034482758620689655,MC,14,0.16091954022988506,17,0.19540229885057472,0,0.0,1,0.011494252873563218,11,0.12643678160919541,2,0.022988505747126436,14,0.16091954022988506,23,0.26436781609195403,8,0.09195402298850575,1,0.011494252873563218,1,0.011494252873563218,1,0.011494252873563218,0,0.0,0,0.0,0,0.0,0,0.0,0,0.0,0,0.0,0,0.0,0,0.0,0,0.0,3,0.034482758620689655,0,0.0,0,0.0,0,0.0,0,0.0,0,0.0,5,0.05747126436781609,87,1.0,ORIGEN,SECCION,COMPLETO,CATALOGO_INE_2026
989,23,QUINTANA ROO,SOLIDARIDAD,,10,908,426,135,0.31690140845070425,0.6830985915492958,MORENA,40,0.2962962962962963,9,0.06666666666666667,PVEM,31,0.22962962962962963,6,0.044444444444444446,PAN,25,0.18518518518518517,MORENA,40,0.2962962962962963,9,0.06666666666666667,PVEM,31,0.22962962962962963,6,0.044444444444444446,PAN,25,0.18518518518518517,25,0.18518518518518517,0,0.0,0,0.0,31,0.22962962962962963,2,0.014814814814814815,18,0.13333333333333333,40,0.2962962962962963,6,0.044444444444444446,1,0.007407407407407408,2,0.014814814814814815,1,0.007407407407407408,0,0.0,0,0.0,0,0.0,0,0.0,0,0.0,0,0.0,0,0.0,0,0.0,0,0.0,2,0.014814814814814815,0,0.0,2,0.014814814814814815,0,0.0,0,0.0,0,0.0,5,0.037037037037037035,135,1.0,ORIGEN,SECCION,COMPLETO,CATALOGO_INE_2026
990,23,QUINTANA ROO,SOLIDARIDAD,,10,911,415,99,0.2385542168674699,0.7614457831325301,PAN,26,0.26262626262626265,2,0.020202020202020204,MORENA,24,0.24242424242424243,13,0.13131313131313133,PVEM,11,0.1111111111111111,PAN,26,0.26262626262626265,2,0.020202020202020204,MORENA,24,0.24242424242424243,13,0.13131313131313133,PVEM,11,0.1111111111111111,26,0.26262626262626265,9,0.09090909090909091,2,0.020202020202020204,11,0.1111111111111111,3,0.030303030303030304,10,0.10101010101010101,24,0.24242424242424243,1,0.010101010101010102,1,0.010101010101010102,2,0.020202020202020204,1,0.010101010101010102,0,0.0,0,0.0,0,0.0,0,0.0,0,0.0,0,0.0,0,0.0,1,0.010101010101010102,1,0.010101010101010102,0,0.0,0,0.0,0,0.0,0,0.0,0,0.0,0,0.0,7,0.0707070707070707,99,1.0,ORIGEN,SECCION,COMPLETO,CATALOGO_INE_2026
991,23,QUINTANA ROO,TULUM,,9,206,10156,2259,0.2224300905868452,0.7775699094131547,MORENA,708,0.31341301460823373,182,0.08056662239929172,PVEM,526,0.23284639220894202,138,0.06108897742363878,PAN,388,0.17175741478530324,MORENA,708,0.31341301460823373,182,0.08056662239929172,PVEM,526,0.23284639220894202,138,0.06108897742363878,PAN,388,0.17175741478530324,388,0.17175741478530324,49,0.021691013722886232,17,0.007525453740593183,526,0.23284639220894202,56,0.02478972996901284,229,0.10137228862328464,708,0.31341301460823373,111,0.049136786188579015,32,0.01416555998229305,14,0.00619743249225321,5,0.002213368747233289,6,0.0026560424966799467,3,0.0013280212483399733,1,0.0004426737494466578,4,0.0017706949977866313,2,0.0008853474988933156,0,0.0,2,0.0008853474988933156,6,0.0026560424966799467,2,0.0008853474988933156,13,0.005754758742806552,6,0.0026560424966799467,3,0.0013280212483399733,0,0.0,0,0.0,2,0.0008853474988933156,74,0.03275785745905268,2259,1.0,ORIGEN,SECCION,COMPLETO,INFERIDA_SECCION_VECINA
992,23,QUINTANA ROO,TULUM,,9,210,4010,2198,0.5481296758104738,0.4518703241895262,MORENA,1101,0.5009099181073703,683,0.31073703366697,PVEM,418,0.19017288444040037,238,0.10828025477707007,MAS,180,0.0818926296633303,MORENA,1101,0.5009099181073703,683,0.31073703366697,PVEM,418,0.19017288444040037,238,0.10828025477707007,MAS,180,0.0818926296633303,83,0.03776160145586897,85,0.03867151956323931,26,0.011828935395814377,418,0.19017288444040037,86,0.039126478616924476,69,0.03139217470427662,1101,0.5009099181073703,180,0.0818926296633303,13,0.005914467697907188,28,0.012738853503184714,0,0.0,2,0.0009099181073703367,2,0.0009099181073703367,0,0.0,4,0.0018198362147406734,2,0.0009099181073703367,1,0.00045495905368516835,1,0.00045495905368516835,1,0.00045495905368516835,2,0.0009099181073703367,14,0.006369426751592357,2,0.0009099181073703367,4,0.0018198362147406734,0,0.0,1,0.00045495905368516835,1,0.00045495905368516835,72,0.03275705186533212,2198,1.0,ORIGEN,SECCION,COMPLETO,INFERIDA_SECCION_VECINA
993,23,QUINTANA ROO,TULUM,,9,211,2220,1871,0.8427927927927928,0.15720720720720716,MORENA,806,0.4307856761090326,497,0.2656333511491181,PVEM,309,0.16515232495991447,134,0.07161945483698556,MC,175,0.09353287012292892,MORENA,806,0.4307856761090326,497,0.2656333511491181,PVEM,309,0.16515232495991447,134,0.07161945483698556,MC,175,0.09353287012292892,38,0.020309994655264563,62,0.03313735970069481,63,0.03367183324425441,309,0.16515232495991447,147,0.07856761090326028,175,0.09353287012292892,806,0.4307856761090326,129,0.0689470871191876,7,0.0037413148049171567,33,0.017637626937466594,2,0.0010689470871191875,3,0.0016034206306787815,1,0.0005344735435595938,0,0.0,1,0.0005344735435595938,0,0.0,0,0.0,0,0.0,1,0.0005344735435595938,3,0.0016034206306787815,2,0.0010689470871191875,0,0.0,4,0.002137894174238375,2,0.0010689470871191875,2,0.0010689470871191875,1,0.0005344735435595938,80,0.04275788348476751,1871,1.0,ORIGEN,SECCION,COMPLETO,CATALOGO_INE_2026
994,23,QUINTANA ROO,TULUM,,9,214,328,107,0.32621951219512196,0.6737804878048781,MORENA,73,0.6822429906542056,62,0.5794392523364486,MC,11,0.102803738317757,5,0.04672897196261682,PVEM,6,0.056074766355140186,MORENA,73,0.6822429906542056,62,0.5794392523364486,MC,11,0.102803738317757,5,0.04672897196261682,PVEM,6,0.056074766355140186,2,0.018691588785046728,3,0.028037383177570093,0,0.0,6,0.056074766355140186,1,0.009345794392523364,11,0.102803738317757,73,0.6822429906542056,0,0.0,0,0.0,3,0.028037383177570093,1,0.009345794392523364,0,0.0,0,0.0,0,0.0,1,0.009345794392523364,0,0.0,0,0.0,0,0.0,0,0.0,0,0.0,0,0.0,0,0.0,3,0.028037383177570093,0,0.0,0,0.0,0,0.0,3,0.028037383177570093,107,1.0,ORIGEN,SECCION,COMPLETO,CATALOGO_INE_2026
995,23,QUINTANA ROO,TULUM,,9,923,1237,453,0.36620856911883587,0.6337914308811641,MORENA,181,0.3995584988962472,39,0.08609271523178808,PVEM,142,0.31346578366445915,109,0.24061810154525387,MC,33,0.0728476821192053,MORENA,181,0.3995584988962472,39,0.08609271523178808,PVEM,142,0.31346578366445915,109,0.24061810154525387,MC,33,0.0728476821192053,31,0.0684326710816777,12,0.026490066225165563,4,0.008830022075055188,142,0.31346578366445915,24,0.052980132450331126,33,0.0728476821192053,181,0.3995584988962472,10,0.02207505518763797,2,0.004415011037527594,2,0.004415011037527594,0,0.0,0,0.0,0,0.0,0,0.0,0,0.0,0,0.0,0,0.0,0,0.0,0,0.0,0,0.0,3,0.006622516556291391,0,0.0,1,0.002207505518763797,0,0.0,0,0.0,1,0.002207505518763797,7,0.01545253863134658,453,1.0,ORIGEN,SECCION,COMPLETO,CATALOGO_INE_2026
996,23,QUINTANA ROO,TULUM,,9,924,4936,2001,0.40538897893030795,0.594611021069692,MORENA,1013,0.5062468765617192,501,0.25037481259370314,PVEM,512,0.255872063968016,422,0.2108945527236382,MC,90,0.044977511244377814,MORENA,1013,0.5062468765617192,501,0.25037481259370314,PVEM,512,0.255872063968016,422,0.2108945527236382,MC,90,0.044977511244377814,76,0.03798100949525238,31,0.015492253873063468,15,0.0074962518740629685,512,0.255872063968016,74,0.03698150924537731,90,0.044977511244377814,1013,0.5062468765617192,29,0.014492753623188406,6,0.0029985007496251873,12,0.005997001499250375,3,0.0014992503748125937,1,0.0004997501249375312,0,0.0,0,0.0,4,0.001999000499750125,4,0.001999000499750125,2,0.0009995002498750624,0,0.0,1,0.0004997501249375312,5,0.0024987506246876563,21,0.010494752623688156,6,0.0029985007496251873,6,0.0029985007496251873,0,0.0,4,0.001999000499750125,2,0.0009995002498750624,84,0.041979010494752625,2001,1.0,ORIGEN,SECCION,COMPLETO,INFERIDA_SECCION_VECINA
997,23,QUINTANA ROO,TULUM,,9,925,597,159,0.2663316582914573,0.7336683417085428,MORENA,68,0.4276729559748428,32,0.20125786163522014,PVEM,36,0.22641509433962265,25,0.15723270440251572,MC,11,0.06918238993710692,MORENA,68,0.4276729559748428,32,0.20125786163522014,PVEM,36,0.22641509433962265,25,0.15723270440251572,MC,11,0.06918238993710692,10,0.06289308176100629,6,0.03773584905660377,1,0.006289308176100629,36,0.22641509433962265,7,0.0440251572327044,11,0.06918238993710692,68,0.4276729559748428,7,0.0440251572327044,1,0.006289308176100629,1,0.006289308176100629,1,0.006289308176100629,0,0.0,0,0.0,0,0.0,0,0.0,2,0.012578616352201259,0,0.0,0,0.0,0,0.0,0,0.0,1,0.006289308176100629,0,0.0,0,0.0,0,0.0,0,0.0,0,0.0,7,0.0440251572327044,159,1.0,ORIGEN,SECCION,COMPLETO,CATALOGO_INE_2026
998,23,QUINTANA ROO,TULUM,,9,926,827,331,0.40024183796856105,0.599758162031439,MORENA,172,0.5196374622356495,108,0.32628398791540786,PVEM,64,0.1933534743202417,39,0.11782477341389729,MC,25,0.0755287009063444,MORENA,172,0.5196374622356495,108,0.32628398791540786,PVEM,64,0.1933534743202417,39,0.11782477341389729,MC,25,0.0755287009063444,12,0.03625377643504532,6,0.01812688821752266,5,0.015105740181268883,64,0.1933534743202417,17,0.0513595166163142,25,0.0755287009063444,172,0.5196374622356495,10,0.030211480362537766,2,0.006042296072507553,1,0.0030211480362537764,0,0.0,0,0.0,0,0.0,0,0.0,1,0.0030211480362537764,0,0.0,0,0.0,0,0.0,0,0.0,1,0.0030211480362537764,3,0.00906344410876133,0,0.0,4,0.012084592145015106,0,0.0,0,0.0,0,0.0,8,0.02416918429003021,331,1.0,ORIGEN,SECCION,COMPLETO,CATALOGO_INE_2026
999,23,QUINTANA ROO,TULUM,,9,927,414,136,0.3285024154589372,0.6714975845410628,MORENA,61,0.4485294117647059,38,0.27941176470588236,PVEM,23,0.16911764705882354,7,0.051470588235294115,PAN,16,0.11764705882352941,MORENA,61,0.4485294117647059,38,0.27941176470588236,PVEM,23,0.16911764705882354,7,0.051470588235294115,PAN,16,0.11764705882352941,16,0.11764705882352941,9,0.0661764705882353,1,0.007352941176470588,23,0.16911764705882354,3,0.022058823529411766,13,0.09558823529411764,61,0.4485294117647059,4,0.029411764705882353,1,0.007352941176470588,0,0.0,0,0.0,0,0.0,0,0.0,0,0.0,0,0.0,0,0.0,0,0.0,0,0.0,0,0.0,1,0.007352941176470588,1,0.007352941176470588,0,0.0,0,0.0,0,0.0,0,0.0,0,0.0,3,0.022058823529411766,136,1.0,ORIGEN,SECCION,COMPLETO,CATALOGO_INE_2026
1000,23,QUINTANA ROO,TULUM,,9,928,826,318,0.38498789346246975,0.6150121065375302,MORENA,141,0.44339622641509435,34,0.1069182389937107,PVEM,107,0.33647798742138363,82,0.2578616352201258,MC,25,0.07861635220125786,MORENA,141,0.44339622641509435,34,0.1069182389937107,PVEM,107,0.33647798742138363,82,0.2578616352201258,MC,25,0.07861635220125786,8,0.025157232704402517,4,0.012578616352201259,4,0.012578616352201259,107,0.33647798742138363,10,0.031446540880503145,25,0.07861635220125786,141,0.44339622641509435,3,0.009433962264150943,0,0.0,0,0.0,0,0.0,0,0.0,0,0.0,0,0.0,1,0.0031446540880503146,0,0.0,0,0.0,0,0.0,0,0.0,4,0.012578616352201259,3,0.009433962264150943,0,0.0,0,0.0,0,0.0,0,0.0,0,0.0,8,0.025157232704402517,318,1.0,ORIGEN,SECCION,COMPLETO,CATALOGO_INE_2026
1001,23,QUINTANA ROO,TULUM,,9,929,953,366,0.38405036726128017,0.6159496327387198,MORENA,196,0.5355191256830601,135,0.36885245901639346,PVEM,61,0.16666666666666666,29,0.07923497267759563,MC,32,0.08743169398907104,MORENA,196,0.5355191256830601,135,0.36885245901639346,PVEM,61,0.16666666666666666,29,0.07923497267759563,MC,32,0.08743169398907104,15,0.040983606557377046,5,0.01366120218579235,7,0.01912568306010929,61,0.16666666666666666,15,0.040983606557377046,32,0.08743169398907104,196,0.5355191256830601,14,0.03825136612021858,2,0.00546448087431694,2,0.00546448087431694,1,0.00273224043715847,0,0.0,0,0.0,0,0.0,1,0.00273224043715847,1,0.00273224043715847,0,0.0,0,0.0,0,0.0,0,0.0,4,0.01092896174863388,0,0.0,1,0.00273224043715847,0,0.0,0,0.0,2,0.00546448087431694,7,0.01912568306010929,366,1.0,ORIGEN,SECCION,COMPLETO,CATALOGO_INE_2026
1002,23,QUINTANA ROO,TULUM,,9,930,480,205,0.4270833333333333,0.5729166666666667,MORENA,97,0.47317073170731705,53,0.25853658536585367,PVEM,44,0.2146341463414634,28,0.13658536585365855,PT,16,0.07804878048780488,MORENA,97,0.47317073170731705,53,0.25853658536585367,PVEM,44,0.2146341463414634,28,0.13658536585365855,PT,16,0.07804878048780488,9,0.04390243902439024,4,0.01951219512195122,2,0.00975609756097561,44,0.2146341463414634,16,0.07804878048780488,14,0.06829268292682927,97,0.47317073170731705,7,0.03414634146341464,0,0.0,4,0.01951219512195122,0,0.0,0,0.0,0,0.0,0,0.0,1,0.004878048780487805,0,0.0,0,0.0,0,0.0,1,0.004878048780487805,0,0.0,0,0.0,0,0.0,1,0.004878048780487805,0,0.0,0,0.0,0,0.0,5,0.024390243902439025,205,1.0,ORIGEN,SECCION,COMPLETO,CATALOGO_INE_2026
1003,23,QUINTANA ROO,TULUM,,9,931,612,278,0.4542483660130719,0.5457516339869282,MORENA,135,0.4856115107913669,70,0.2517985611510791,PVEM,65,0.23381294964028776,43,0.15467625899280577,MC,22,0.07913669064748201,MORENA,135,0.4856115107913669,70,0.2517985611510791,PVEM,65,0.23381294964028776,43,0.15467625899280577,MC,22,0.07913669064748201,5,0.017985611510791366,4,0.014388489208633094,2,0.007194244604316547,65,0.23381294964028776,16,0.05755395683453238,22,0.07913669064748201,135,0.4856115107913669,5,0.017985611510791366,0,0.0,1,0.0035971223021582736,0,0.0,0,0.0,0,0.0,0,0.0,2,0.007194244604316547,1,0.0035971223021582736,0,0.0,0,0.0,0,0.0,2,0.007194244604316547,5,0.017985611510791366,0,0.0,0,0.0,0,0.0,0,0.0,0,0.0,13,0.046762589928057555,278,1.0,ORIGEN,SECCION,COMPLETO,CATALOGO_INE_2026
1004,23,QUINTANA ROO,TULUM,,9,932,469,189,0.40298507462686567,0.5970149253731343,MORENA,89,0.4708994708994709,50,0.26455026455026454,PVEM,39,0.20634920634920634,23,0.12169312169312169,PAN,16,0.08465608465608465,MORENA,89,0.4708994708994709,50,0.26455026455026454,PVEM,39,0.20634920634920634,23,0.12169312169312169,PAN,16,0.08465608465608465,16,0.08465608465608465,3,0.015873015873015872,1,0.005291005291005291,39,0.20634920634920634,9,0.047619047619047616,8,0.042328042328042326,89,0.4708994708994709,4,0.021164021164021163,0,0.0,0,0.0,0,0.0,0,0.0,0,0.0,0,0.0,0,0.0,0,0.0,0,0.0,0,0.0,0,0.0,1,0.005291005291005291,4,0.021164021164021163,0,0.0,1,0.005291005291005291,0,0.0,0,0.0,0,0.0,14,0.07407407407407407,189,1.0,ORIGEN,SECCION,COMPLETO,CATALOGO_INE_2026
1005,23,QUINTANA ROO,TULUM,,9,933,592,230,0.3885135135135135,0.6114864864864865,MORENA,113,0.49130434782608695,64,0.2782608695652174,PVEM,49,0.21304347826086956,37,0.1608695652173913,PT,12,0.05217391304347826,MORENA,113,0.49130434782608695,64,0.2782608695652174,PVEM,49,0.21304347826086956,37,0.1608695652173913,PT,12,0.05217391304347826,11,0.04782608695652174,2,0.008695652173913044,2,0.008695652173913044,49,0.21304347826086956,12,0.05217391304347826,9,0.0391304347826087,113,0.49130434782608695,7,0.030434782608695653,0,0.0,1,0.004347826086956522,1,0.004347826086956522,0,0.0,0,0.0,0,0.0,2,0.008695652173913044,0,0.0,0,0.0,0,0.0,0,0.0,0,0.0,2,0.008695652173913044,0,0.0,3,0.013043478260869565,0,0.0,0,0.0,0,0.0,16,0.06956521739130435,230,1.0,ORIGEN,SECCION,COMPLETO,CATALOGO_INE_2026
1006,23,QUINTANA ROO,TULUM,,9,934,577,223,0.38648180242634317,0.6135181975736568,MORENA,97,0.4349775784753363,29,0.13004484304932734,PVEM,68,0.30493273542600896,48,0.21524663677130046,MC,20,0.08968609865470852,MORENA,97,0.4349775784753363,29,0.13004484304932734,PVEM,68,0.30493273542600896,48,0.21524663677130046,MC,20,0.08968609865470852,10,0.04484304932735426,7,0.03139013452914798,4,0.017937219730941704,68,0.30493273542600896,4,0.017937219730941704,20,0.08968609865470852,97,0.4349775784753363,5,0.02242152466367713,1,0.004484304932735426,3,0.013452914798206279,0,0.0,0,0.0,0,0.0,0,0.0,0,0.0,0,0.0,0,0.0,0,0.0,0,0.0,0,0.0,1,0.004484304932735426,1,0.004484304932735426,1,0.004484304932735426,1,0.004484304932735426,0,0.0,0,0.0,0,0.0,223,1.0,ORIGEN,SECCION,COMPLETO,CATALOGO_INE_2026
1007,23,QUINTANA ROO,TULUM,,9,935,561,216,0.3850267379679144,0.6149732620320856,MORENA,93,0.4305555555555556,19,0.08796296296296297,PVEM,74,0.3425925925925926,62,0.28703703703703703,MC,12,0.05555555555555555,MORENA,93,0.4305555555555556,19,0.08796296296296297,PVEM,74,0.3425925925925926,62,0.28703703703703703,MC,12,0.05555555555555555,10,0.046296296296296294,4,0.018518518518518517,1,0.004629629629629629,74,0.3425925925925926,8,0.037037037037037035,12,0.05555555555555555,93,0.4305555555555556,1,0.004629629629629629,1,0.004629629629629629,0,0.0,0,0.0,0,0.0,0,0.0,0,0.0,0,0.0,0,0.0,0,0.0,0,0.0,0,0.0,0,0.0,3,0.013888888888888888,0,0.0,1,0.004629629629629629,0,0.0,1,0.004629629629629629,0,0.0,7,0.032407407407407406,216,1.0,ORIGEN,SECCION,COMPLETO,CATALOGO_INE_2026
1008,23,QUINTANA ROO,TULUM,,9,936,714,287,0.4019607843137255,0.5980392156862745,MORENA,139,0.4843205574912892,63,0.21951219512195122,PVEM,76,0.26480836236933797,60,0.20905923344947736,PT,16,0.05574912891986063,MORENA,139,0.4843205574912892,63,0.21951219512195122,PVEM,76,0.26480836236933797,60,0.20905923344947736,PT,16,0.05574912891986063,6,0.020905923344947737,11,0.03832752613240418,5,0.017421602787456445,76,0.26480836236933797,16,0.05574912891986063,7,0.024390243902439025,139,0.4843205574912892,3,0.010452961672473868,2,0.006968641114982578,1,0.003484320557491289,0,0.0,0,0.0,0,0.0,0,0.0,1,0.003484320557491289,0,0.0,0,0.0,0,0.0,0,0.0,4,0.013937282229965157,0,0.0,0,0.0,1,0.003484320557491289,0,0.0,3,0.010452961672473868,0,0.0,12,0.041811846689895474,287,1.0,ORIGEN,SECCION,COMPLETO,CATALOGO_INE_2026
1009,23,QUINTANA ROO,TULUM,,9,937,563,257,0.4564831261101243,0.5435168738898757,MORENA,128,0.4980544747081712,52,0.20233463035019456,PVEM,76,0.29571984435797666,60,0.23346303501945526,MC,16,0.0622568093385214,MORENA,128,0.4980544747081712,52,0.20233463035019456,PVEM,76,0.29571984435797666,60,0.23346303501945526,MC,16,0.0622568093385214,8,0.0311284046692607,3,0.011673151750972763,3,0.011673151750972763,76,0.29571984435797666,8,0.0311284046692607,16,0.0622568093385214,128,0.4980544747081712,6,0.023346303501945526,1,0.0038910505836575876,0,0.0,0,0.0,0,0.0,0,0.0,0,0.0,0,0.0,0,0.0,0,0.0,0,0.0,0,0.0,0,0.0,0,0.0,0,0.0,2,0.007782101167315175,0,0.0,0,0.0,0,0.0,6,0.023346303501945526,257,1.0,ORIGEN,SECCION,COMPLETO,CATALOGO_INE_2026
1010,23,QUINTANA ROO,TULUM,,9,938,478,201,0.4205020920502092,0.5794979079497908,MORENA,104,0.5174129353233831,60,0.29850746268656714,PVEM,44,0.21890547263681592,28,0.13930348258706468,MC,16,0.07960199004975124,MORENA,104,0.5174129353233831,60,0.29850746268656714,PVEM,44,0.21890547263681592,28,0.13930348258706468,MC,16,0.07960199004975124,3,0.014925373134328358,3,0.014925373134328358,1,0.004975124378109453,44,0.21890547263681592,10,0.04975124378109453,16,0.07960199004975124,104,0.5174129353233831,3,0.014925373134328358,1,0.004975124378109453,0,0.0,1,0.004975124378109453,0,0.0,0,0.0,0,0.0,1,0.004975124378109453,0,0.0,0,0.0,0,0.0,0,0.0,0,0.0,5,0.024875621890547265,0,0.0,0,0.0,0,0.0,0,0.0,0,0.0,9,0.04477611940298507,201,1.0,ORIGEN,SECCION,COMPLETO,CATALOGO_INE_2026
1011,23,QUINTANA ROO,TULUM,,9,939,401,179,0.4463840399002494,0.5536159600997506,MORENA,106,0.5921787709497207,74,0.4134078212290503,PVEM,32,0.1787709497206704,22,0.12290502793296089,PAN,10,0.055865921787709494,MORENA,106,0.5921787709497207,74,0.4134078212290503,PVEM,32,0.1787709497206704,22,0.12290502793296089,PAN,10,0.055865921787709494,10,0.055865921787709494,2,0.0111731843575419,0,0.0,32,0.1787709497206704,7,0.03910614525139665,3,0.01675977653631285,106,0.5921787709497207,1,0.00558659217877095,2,0.0111731843575419,3,0.01675977653631285,0,0.0,0,0.0,0,0.0,0,0.0,0,0.0,1,0.00558659217877095,0,0.0,0,0.0,0,0.0,1,0.00558659217877095,3,0.01675977653631285,0,0.0,2,0.0111731843575419,0,0.0,0,0.0,0,0.0,6,0.0335195530726257,179,1.0,ORIGEN,SECCION,COMPLETO,CATALOGO_INE_2026
1012,23,QUINTANA ROO,TULUM,,9,940,457,192,0.4201312910284464,0.5798687089715536,MORENA,85,0.4427083333333333,38,0.19791666666666666,PVEM,47,0.24479166666666666,32,0.16666666666666666,MC,15,0.078125,MORENA,85,0.4427083333333333,38,0.19791666666666666,PVEM,47,0.24479166666666666,32,0.16666666666666666,MC,15,0.078125,7,0.036458333333333336,4,0.020833333333333332,1,0.005208333333333333,47,0.24479166666666666,9,0.046875,15,0.078125,85,0.4427083333333333,11,0.057291666666666664,2,0.010416666666666666,0,0.0,0,0.0,0,0.0,0,0.0,0,0.0,0,0.0,0,0.0,0,0.0,0,0.0,0,0.0,1,0.005208333333333333,4,0.020833333333333332,0,0.0,1,0.005208333333333333,0,0.0,0,0.0,0,0.0,5,0.026041666666666668,192,1.0,ORIGEN,SECCION,COMPLETO,CATALOGO_INE_2026
1013,23,QUINTANA ROO,TULUM,,9,941,300,103,0.3433333333333333,0.6566666666666667,MORENA,54,0.5242718446601942,33,0.32038834951456313,PVEM,21,0.20388349514563106,12,0.11650485436893204,MC,9,0.08737864077669903,MORENA,54,0.5242718446601942,33,0.32038834951456313,PVEM,21,0.20388349514563106,12,0.11650485436893204,MC,9,0.08737864077669903,8,0.07766990291262135,0,0.0,0,0.0,21,0.20388349514563106,4,0.038834951456310676,9,0.08737864077669903,54,0.5242718446601942,2,0.019417475728155338,0,0.0,0,0.0,0,0.0,0,0.0,0,0.0,0,0.0,0,0.0,0,0.0,0,0.0,0,0.0,0,0.0,1,0.009708737864077669,0,0.0,0,0.0,1,0.009708737864077669,0,0.0,1,0.009708737864077669,0,0.0,2,0.019417475728155338,103,1.0,ORIGEN,SECCION,COMPLETO,CATALOGO_INE_2026
1014,23,QUINTANA ROO,TULUM,,9,942,378,144,0.38095238095238093,0.6190476190476191,MORENA,78,0.5416666666666666,51,0.3541666666666667,PVEM,27,0.1875,15,0.10416666666666667,PAN,12,0.08333333333333333,MORENA,78,0.5416666666666666,51,0.3541666666666667,PVEM,27,0.1875,15,0.10416666666666667,PAN,12,0.08333333333333333,12,0.08333333333333333,5,0.034722222222222224,0,0.0,27,0.1875,6,0.041666666666666664,8,0.05555555555555555,78,0.5416666666666666,0,0.0,1,0.006944444444444444,1,0.006944444444444444,0,0.0,2,0.013888888888888888,0,0.0,0,0.0,2,0.013888888888888888,1,0.006944444444444444,0,0.0,0,0.0,0,0.0,0,0.0,0,0.0,0,0.0,1,0.006944444444444444,0,0.0,0,0.0,0,0.0,0,0.0,144,1.0,ORIGEN,SECCION,COMPLETO,CATALOGO_INE_2026
1015,23,QUINTANA ROO,TULUM,,9,943,546,233,0.4267399267399267,0.5732600732600732,MORENA,121,0.51931330472103,74,0.31759656652360513,PVEM,47,0.2017167381974249,32,0.13733905579399142,PAN,15,0.06437768240343347,MORENA,121,0.51931330472103,74,0.31759656652360513,PVEM,47,0.2017167381974249,32,0.13733905579399142,PAN,15,0.06437768240343347,15,0.06437768240343347,5,0.02145922746781116,4,0.017167381974248927,47,0.2017167381974249,8,0.034334763948497854,13,0.055793991416309016,121,0.51931330472103,7,0.030042918454935622,1,0.004291845493562232,0,0.0,0,0.0,0,0.0,0,0.0,0,0.0,1,0.004291845493562232,2,0.008583690987124463,0,0.0,0,0.0,0,0.0,0,0.0,0,0.0,0,0.0,0,0.0,0,0.0,0,0.0,0,0.0,9,0.03862660944206009,233,1.0,ORIGEN,SECCION,COMPLETO,CATALOGO_INE_2026
1016,23,QUINTANA ROO,TULUM,,9,944,416,179,0.43028846153846156,0.5697115384615384,MORENA,103,0.5754189944134078,78,0.43575418994413406,PVEM,25,0.13966480446927373,13,0.07262569832402235,MC,12,0.0670391061452514,MORENA,103,0.5754189944134078,78,0.43575418994413406,PVEM,25,0.13966480446927373,13,0.07262569832402235,MC,12,0.0670391061452514,5,0.027932960893854747,2,0.0111731843575419,4,0.0223463687150838,25,0.13966480446927373,10,0.055865921787709494,12,0.0670391061452514,103,0.5754189944134078,11,0.061452513966480445,0,0.0,0,0.0,0,0.0,0,0.0,0,0.0,0,0.0,0,0.0,0,0.0,0,0.0,0,0.0,0,0.0,0,0.0,1,0.00558659217877095,0,0.0,2,0.0111731843575419,0,0.0,0,0.0,0,0.0,4,0.0223463687150838,179,1.0,ORIGEN,SECCION,COMPLETO,CATALOGO_INE_2026
1017,23,QUINTANA ROO,TULUM,,9,945,397,159,0.4005037783375315,0.5994962216624685,MORENA,84,0.5283018867924528,45,0.2830188679245283,PVEM,39,0.24528301886792453,26,0.16352201257861634,MC,13,0.08176100628930817,MORENA,84,0.5283018867924528,45,0.2830188679245283,PVEM,39,0.24528301886792453,26,0.16352201257861634,MC,13,0.08176100628930817,2,0.012578616352201259,1,0.006289308176100629,1,0.006289308176100629,39,0.24528301886792453,4,0.025157232704402517,13,0.08176100628930817,84,0.5283018867924528,3,0.018867924528301886,1,0.006289308176100629,1,0.006289308176100629,0,0.0,0,0.0,0,0.0,0,0.0,1,0.006289308176100629,2,0.012578616352201259,0,0.0,0,0.0,0,0.0,1,0.006289308176100629,0,0.0,1,0.006289308176100629,2,0.012578616352201259,0,0.0,0,0.0,0,0.0,3,0.018867924528301886,159,1.0,ORIGEN,SECCION,COMPLETO,CATALOGO_INE_2026
1018,23,QUINTANA ROO,TULUM,,9,946,478,194,0.40585774058577406,0.5941422594142259,MORENA,111,0.5721649484536082,83,0.42783505154639173,PVEM,28,0.14432989690721648,12,0.061855670103092786,MC,16,0.08247422680412371,MORENA,111,0.5721649484536082,83,0.42783505154639173,PVEM,28,0.14432989690721648,12,0.061855670103092786,MC,16,0.08247422680412371,7,0.03608247422680412,1,0.005154639175257732,1,0.005154639175257732,28,0.14432989690721648,7,0.03608247422680412,16,0.08247422680412371,111,0.5721649484536082,6,0.030927835051546393,0,0.0,0,0.0,0,0.0,0,0.0,1,0.005154639175257732,0,0.0,0,0.0,0,0.0,0,0.0,1,0.005154639175257732,0,0.0,0,0.0,5,0.02577319587628866,0,0.0,0,0.0,0,0.0,0,0.0,0,0.0,10,0.05154639175257732,194,1.0,ORIGEN,SECCION,COMPLETO,CATALOGO_INE_2026
1019,23,QUINTANA ROO,TULUM,,9,947,541,155,0.28650646950092423,0.7134935304990757,MORENA,82,0.5290322580645161,45,0.2903225806451613,PVEM,37,0.23870967741935484,31,0.2,PAN,6,0.03870967741935484,MORENA,82,0.5290322580645161,45,0.2903225806451613,PVEM,37,0.23870967741935484,31,0.2,PAN,6,0.03870967741935484,6,0.03870967741935484,5,0.03225806451612903,3,0.01935483870967742,37,0.23870967741935484,6,0.03870967741935484,5,0.03225806451612903,82,0.5290322580645161,1,0.0064516129032258064,1,0.0064516129032258064,1,0.0064516129032258064,0,0.0,0,0.0,0,0.0,0,0.0,2,0.012903225806451613,0,0.0,0,0.0,0,0.0,0,0.0,0,0.0,1,0.0064516129032258064,0,0.0,1,0.0064516129032258064,0,0.0,0,0.0,0,0.0,4,0.025806451612903226,155,1.0,ORIGEN,SECCION,COMPLETO,CATALOGO_INE_2026
1020,23,QUINTANA ROO,TULUM,,9,948,1527,542,0.35494433529796987,0.6450556647020301,MORENA,293,0.540590405904059,186,0.34317343173431736,PVEM,107,0.1974169741697417,80,0.14760147601476015,PT,27,0.04981549815498155,MORENA,293,0.540590405904059,186,0.34317343173431736,PVEM,107,0.1974169741697417,80,0.14760147601476015,PT,27,0.04981549815498155,24,0.04428044280442804,6,0.01107011070110701,7,0.012915129151291513,107,0.1974169741697417,27,0.04981549815498155,26,0.04797047970479705,293,0.540590405904059,10,0.01845018450184502,2,0.0036900369003690036,4,0.007380073800738007,0,0.0,0,0.0,0,0.0,0,0.0,0,0.0,0,0.0,0,0.0,1,0.0018450184501845018,1,0.0018450184501845018,0,0.0,2,0.0036900369003690036,2,0.0036900369003690036,1,0.0018450184501845018,0,0.0,2,0.0036900369003690036,0,0.0,27,0.04981549815498155,542,1.0,ORIGEN,SECCION,COMPLETO,CATALOGO_INE_2026
1021,23,QUINTANA ROO,TULUM,,9,949,679,247,0.3637702503681885,0.6362297496318114,MORENA,140,0.5668016194331984,80,0.32388663967611336,PVEM,60,0.242914979757085,48,0.19433198380566802,MC,12,0.048582995951417005,MORENA,140,0.5668016194331984,80,0.32388663967611336,PVEM,60,0.242914979757085,48,0.19433198380566802,MC,12,0.048582995951417005,9,0.03643724696356275,4,0.016194331983805668,0,0.0,60,0.242914979757085,9,0.03643724696356275,12,0.048582995951417005,140,0.5668016194331984,2,0.008097165991902834,0,0.0,0,0.0,0,0.0,0,0.0,0,0.0,0,0.0,2,0.008097165991902834,0,0.0,0,0.0,0,0.0,0,0.0,0,0.0,1,0.004048582995951417,0,0.0,0,0.0,0,0.0,2,0.008097165991902834,0,0.0,6,0.024291497975708502,247,1.0,ORIGEN,SECCION,COMPLETO,CATALOGO_INE_2026
1022,23,QUINTANA ROO,TULUM,,9,950,547,210,0.38391224862888484,0.6160877513711152,MORENA,98,0.4666666666666667,48,0.22857142857142856,PVEM,50,0.23809523809523808,31,0.14761904761904762,PAN,19,0.09047619047619047,MORENA,98,0.4666666666666667,48,0.22857142857142856,PVEM,50,0.23809523809523808,31,0.14761904761904762,PAN,19,0.09047619047619047,19,0.09047619047619047,7,0.03333333333333333,4,0.01904761904761905,50,0.23809523809523808,4,0.01904761904761905,11,0.05238095238095238,98,0.4666666666666667,4,0.01904761904761905,0,0.0,1,0.004761904761904762,0,0.0,0,0.0,0,0.0,0,0.0,0,0.0,1,0.004761904761904762,0,0.0,0,0.0,0,0.0,1,0.004761904761904762,5,0.023809523809523808,0,0.0,2,0.009523809523809525,0,0.0,0,0.0,0,0.0,3,0.014285714285714285,210,1.0,ORIGEN,SECCION,COMPLETO,CATALOGO_INE_2026
1023,23,QUINTANA ROO,TULUM,,9,951,549,221,0.40255009107468126,0.5974499089253187,MORENA,125,0.5656108597285068,84,0.38009049773755654,PVEM,41,0.18552036199095023,29,0.13122171945701358,MC,12,0.05429864253393665,MORENA,125,0.5656108597285068,84,0.38009049773755654,PVEM,41,0.18552036199095023,29,0.13122171945701358,MC,12,0.05429864253393665,4,0.01809954751131222,6,0.027149321266968326,1,0.004524886877828055,41,0.18552036199095023,5,0.02262443438914027,12,0.05429864253393665,125,0.5656108597285068,4,0.01809954751131222,2,0.00904977375565611,2,0.00904977375565611,0,0.0,0,0.0,0,0.0,0,0.0,0,0.0,0,0.0,0,0.0,0,0.0,0,0.0,0,0.0,2,0.00904977375565611,0,0.0,1,0.004524886877828055,0,0.0,0,0.0,0,0.0,16,0.07239819004524888,221,1.0,ORIGEN,SECCION,COMPLETO,CATALOGO_INE_2026
1024,23,QUINTANA ROO,TULUM,,9,952,612,207,0.3382352941176471,0.6617647058823529,MORENA,100,0.4830917874396135,52,0.25120772946859904,PVEM,48,0.2318840579710145,34,0.1642512077294686,MC,14,0.06763285024154589,MORENA,100,0.4830917874396135,52,0.25120772946859904,PVEM,48,0.2318840579710145,34,0.1642512077294686,MC,14,0.06763285024154589,8,0.03864734299516908,4,0.01932367149758454,1,0.004830917874396135,48,0.2318840579710145,10,0.04830917874396135,14,0.06763285024154589,100,0.4830917874396135,9,0.043478260869565216,2,0.00966183574879227,0,0.0,0,0.0,0,0.0,0,0.0,0,0.0,0,0.0,0,0.0,0,0.0,1,0.004830917874396135,0,0.0,0,0.0,1,0.004830917874396135,0,0.0,3,0.014492753623188406,0,0.0,0,0.0,0,0.0,6,0.028985507246376812,207,1.0,ORIGEN,SECCION,COMPLETO,CATALOGO_INE_2026
1025,23,QUINTANA ROO,TULUM,,9,953,496,164,0.33064516129032256,0.6693548387096775,MORENA,88,0.5365853658536586,51,0.31097560975609756,PVEM,37,0.22560975609756098,26,0.15853658536585366,MC,11,0.06707317073170732,MORENA,88,0.5365853658536586,51,0.31097560975609756,PVEM,37,0.22560975609756098,26,0.15853658536585366,MC,11,0.06707317073170732,5,0.03048780487804878,1,0.006097560975609756,1,0.006097560975609756,37,0.22560975609756098,7,0.042682926829268296,11,0.06707317073170732,88,0.5365853658536586,2,0.012195121951219513,0,0.0,0,0.0,0,0.0,0,0.0,0,0.0,0,0.0,0,0.0,1,0.006097560975609756,0,0.0,0,0.0,0,0.0,1,0.006097560975609756,0,0.0,0,0.0,0,0.0,0,0.0,0,0.0,0,0.0,10,0.06097560975609756,164,1.0,ORIGEN,SECCION,COMPLETO,CATALOGO_INE_2026
1026,23,QUINTANA ROO,TULUM,,9,954,524,230,0.4389312977099237,0.5610687022900763,MORENA,125,0.5434782608695652,76,0.33043478260869563,PVEM,49,0.21304347826086956,30,0.13043478260869565,MC,19,0.08260869565217391,MORENA,125,0.5434782608695652,76,0.33043478260869563,PVEM,49,0.21304347826086956,30,0.13043478260869565,MC,19,0.08260869565217391,5,0.021739130434782608,5,0.021739130434782608,1,0.004347826086956522,49,0.21304347826086956,10,0.043478260869565216,19,0.08260869565217391,125,0.5434782608695652,5,0.021739130434782608,1,0.004347826086956522,0,0.0,0,0.0,1,0.004347826086956522,0,0.0,0,0.0,1,0.004347826086956522,0,0.0,0,0.0,0,0.0,0,0.0,0,0.0,1,0.004347826086956522,0,0.0,0,0.0,0,0.0,0,0.0,0,0.0,7,0.030434782608695653,230,1.0,ORIGEN,SECCION,COMPLETO,CATALOGO_INE_2026
1027,23,QUINTANA ROO,TULUM,,9,955,581,236,0.40619621342512907,0.5938037865748709,MORENA,111,0.4703389830508475,68,0.288135593220339,PVEM,43,0.18220338983050846,19,0.08050847457627118,PT,24,0.1016949152542373,MORENA,111,0.4703389830508475,68,0.288135593220339,PVEM,43,0.18220338983050846,19,0.08050847457627118,PT,24,0.1016949152542373,7,0.029661016949152543,3,0.012711864406779662,1,0.00423728813559322,43,0.18220338983050846,24,0.1016949152542373,15,0.0635593220338983,111,0.4703389830508475,7,0.029661016949152543,0,0.0,1,0.00423728813559322,0,0.0,0,0.0,0,0.0,0,0.0,0,0.0,0,0.0,0,0.0,0,0.0,1,0.00423728813559322,0,0.0,6,0.025423728813559324,0,0.0,1,0.00423728813559322,0,0.0,0,0.0,0,0.0,16,0.06779661016949153,236,1.0,ORIGEN,SECCION,COMPLETO,CATALOGO_INE_2026
1028,23,QUINTANA ROO,TULUM,,9,956,533,215,0.40337711069418386,0.5966228893058161,MORENA,102,0.4744186046511628,52,0.24186046511627907,PVEM,50,0.23255813953488372,34,0.15813953488372093,MC,16,0.07441860465116279,MORENA,102,0.4744186046511628,52,0.24186046511627907,PVEM,50,0.23255813953488372,34,0.15813953488372093,MC,16,0.07441860465116279,9,0.04186046511627907,4,0.018604651162790697,2,0.009302325581395349,50,0.23255813953488372,11,0.05116279069767442,16,0.07441860465116279,102,0.4744186046511628,3,0.013953488372093023,0,0.0,0,0.0,0,0.0,1,0.004651162790697674,0,0.0,0,0.0,0,0.0,1,0.004651162790697674,0,0.0,1,0.004651162790697674,0,0.0,0,0.0,5,0.023255813953488372,0,0.0,0,0.0,0,0.0,0,0.0,0,0.0,10,0.046511627906976744,215,1.0,ORIGEN,SECCION,COMPLETO,CATALOGO_INE_2026
1029,23,QUINTANA ROO,TULUM,,9,957,581,249,0.42857142857142855,0.5714285714285714,MORENA,158,0.6345381526104418,115,0.46184738955823296,PVEM,43,0.17269076305220885,29,0.11646586345381527,PT,14,0.05622489959839357,MORENA,158,0.6345381526104418,115,0.46184738955823296,PVEM,43,0.17269076305220885,29,0.11646586345381527,PT,14,0.05622489959839357,6,0.024096385542168676,2,0.008032128514056224,0,0.0,43,0.17269076305220885,14,0.05622489959839357,3,0.012048192771084338,158,0.6345381526104418,3,0.012048192771084338,0,0.0,0,0.0,0,0.0,0,0.0,0,0.0,0,0.0,1,0.004016064257028112,1,0.004016064257028112,0,0.0,0,0.0,0,0.0,1,0.004016064257028112,3,0.012048192771084338,0,0.0,2,0.008032128514056224,0,0.0,0,0.0,0,0.0,12,0.04819277108433735,249,1.0,ORIGEN,SECCION,COMPLETO,CATALOGO_INE_2026
1030,23,QUINTANA ROO,TULUM,,9,958,640,244,0.38125,0.61875,MORENA,118,0.48360655737704916,85,0.3483606557377049,PVEM,33,0.13524590163934427,9,0.036885245901639344,MC,24,0.09836065573770492,MORENA,118,0.48360655737704916,85,0.3483606557377049,PVEM,33,0.13524590163934427,9,0.036885245901639344,MC,24,0.09836065573770492,16,0.06557377049180328,2,0.00819672131147541,1,0.004098360655737705,33,0.13524590163934427,14,0.05737704918032787,24,0.09836065573770492,118,0.48360655737704916,7,0.028688524590163935,2,0.00819672131147541,2,0.00819672131147541,1,0.004098360655737705,0,0.0,0,0.0,0,0.0,1,0.004098360655737705,0,0.0,0,0.0,0,0.0,0,0.0,1,0.004098360655737705,5,0.020491803278688523,0,0.0,1,0.004098360655737705,1,0.004098360655737705,0,0.0,0,0.0,15,0.06147540983606557,244,1.0,ORIGEN,SECCION,COMPLETO,CATALOGO_INE_2026
1031,23,QUINTANA ROO,TULUM,,9,959,1385,418,0.30180505415162456,0.6981949458483754,MORENA,194,0.46411483253588515,99,0.23684210526315788,PVEM,95,0.22727272727272727,58,0.13875598086124402,PAN,37,0.08851674641148326,MORENA,194,0.46411483253588515,99,0.23684210526315788,PVEM,95,0.22727272727272727,58,0.13875598086124402,PAN,37,0.08851674641148326,37,0.08851674641148326,10,0.023923444976076555,2,0.004784688995215311,95,0.22727272727272727,19,0.045454545454545456,25,0.05980861244019139,194,0.46411483253588515,5,0.011961722488038277,0,0.0,2,0.004784688995215311,0,0.0,0,0.0,0,0.0,0,0.0,0,0.0,0,0.0,1,0.0023923444976076554,0,0.0,1,0.0023923444976076554,0,0.0,4,0.009569377990430622,0,0.0,2,0.004784688995215311,0,0.0,1,0.0023923444976076554,0,0.0,20,0.04784688995215311,418,1.0,ORIGEN,SECCION,COMPLETO,CATALOGO_INE_2026
1032,23,QUINTANA ROO,TULUM,,9,1069,2314,892,0.38547968885047534,0.6145203111495247,MORENA,349,0.39125560538116594,106,0.11883408071748879,PVEM,243,0.27242152466367714,168,0.18834080717488788,MC,75,0.08408071748878924,MORENA,349,0.39125560538116594,106,0.11883408071748879,PVEM,243,0.27242152466367714,168,0.18834080717488788,MC,75,0.08408071748878924,43,0.04820627802690583,23,0.0257847533632287,10,0.011210762331838564,243,0.27242152466367714,36,0.04035874439461883,75,0.08408071748878924,349,0.39125560538116594,34,0.03811659192825112,8,0.008968609865470852,9,0.010089686098654708,0,0.0,0,0.0,0,0.0,0,0.0,0,0.0,4,0.004484304932735426,1,0.0011210762331838565,0,0.0,0,0.0,4,0.004484304932735426,7,0.007847533632286996,3,0.0033632286995515697,2,0.002242152466367713,0,0.0,2,0.002242152466367713,0,0.0,39,0.043721973094170405,892,1.0,ORIGEN,SECCION,COMPLETO,CATALOGO_INE_2026
1033,23,QUINTANA ROO,TULUM,,9,1070,1583,733,0.46304485154769426,0.5369551484523057,MORENA,415,0.5661664392905866,321,0.4379263301500682,MC,94,0.12824010914051842,6,0.008185538881309686,PVEM,88,0.12005457025920874,MORENA,415,0.5661664392905866,321,0.4379263301500682,MC,94,0.12824010914051842,6,0.008185538881309686,PVEM,88,0.12005457025920874,39,0.05320600272851296,17,0.023192360163710776,10,0.013642564802182811,88,0.12005457025920874,25,0.034106412005457026,94,0.12824010914051842,415,0.5661664392905866,16,0.021828103683492497,2,0.002728512960436562,3,0.004092769440654843,0,0.0,2,0.002728512960436562,0,0.0,0,0.0,1,0.001364256480218281,0,0.0,1,0.001364256480218281,0,0.0,0,0.0,0,0.0,2,0.002728512960436562,0,0.0,1,0.001364256480218281,0,0.0,1,0.001364256480218281,0,0.0,16,0.021828103683492497,733,1.0,ORIGEN,SECCION,COMPLETO,CATALOGO_INE_2026
