#,CVE_ENTIDAD,ENTIDAD,MUNICIPIO,DF,DL,SECCION,LISTA_NOMINAL,VOTOS_EMITIDOS,PARTICIPACION,ABSTENCION,1ER_LUGAR,1ERO_VOTOS,PCN,DIF_VOTOS_2DO,DIF_PCN_2DO,2DO_LUGAR,2DO_VOTOS,PCN,DIF_VOTOS_3RO,DIF_PCN_3RO,3ER_LUGAR,3RO_VOTOS,PCN,1PP_MV,VOTOS,PCN,DIF_2DO,PCN,2PP_MV,VOTOS,PCN,DIF_3RO,PCN,3PP_MV,VOTOS,PCN,PAN,PCN,PRI,PCN,PRD,PCN,PVEM,PCN,PT,PCN,MC,PCN,MORENA,PCN,PANAL,PCN,PES,PCN,RSP,PCN,FxM,PCN,PRI_PRD,PCN,PVEM_PT_MORENA_PANAL,PCN,PVEM_PT_MORENA,PCN,PVEM_PT_PANAL,PCN,PVEM_MORENA_PANAL,PCN,PT_MORENA_PANAL,PCN,PVEM_PT,PCN,PVEM_MORENA,PCN,PVEM_PANAL,PCN,PT_MORENA,PCN,PT_PANAL,PCN,MORENA_PANAL,PCN,CNR,PCN,NULOS,PCN,TOT_VOTOS,VALIDACION,LN_FUENTE,NIVEL,DESGLOSE_PARTIDOS
1,19,NUEVO LEON,ABASOLO,,20,0,2407,2014,0.8367262152056502,0.16327378479434984,MC,763,0.3788480635551142,280,0.13902681231380337,PAN,483,0.23982125124131082,228,0.11320754716981132,PRI,255,0.1266137040714995,MC,763,0.3788480635551142,280,0.13902681231380337,PAN,483,0.23982125124131082,228,0.11320754716981132,PRI,255,0.1266137040714995,483,0.23982125124131082,255,0.1266137040714995,18,0.00893743793445879,232,0.11519364448857994,71,0.035253227408143,763,0.3788480635551142,102,0.0506454816285998,20,0.009930486593843098,20,0.009930486593843098,9,0.004468718967229395,17,0.008440913604766634,1,0.0004965243296921549,1,0.0004965243296921549,0,0.0,0,0.0,0,0.0,0,0.0,1,0.0004965243296921549,0,0.0,0,0.0,0,0.0,0,0.0,0,0.0,1,0.0004965243296921549,20,0.009930486593843098,2014,1.0,SRC_MUNICIPAL_PRORRATEADA,SECCION,COMPLETO
2,19,NUEVO LEON,AGUALEGUAS,,21,0,3141,2221,0.7070996497930595,0.2929003502069405,PAN,1193,0.5371454299864926,646,0.2908599729851418,MC,547,0.24628545700135074,248,0.11166141377757767,PRI,299,0.13462404322377308,PAN,1193,0.5371454299864926,646,0.2908599729851418,MC,547,0.24628545700135074,248,0.11166141377757767,PRI,299,0.13462404322377308,1193,0.5371454299864926,299,0.13462404322377308,3,0.0013507429085997298,6,0.0027014858171994596,4,0.0018009905447996398,547,0.24628545700135074,102,0.04592525889239082,6,0.0027014858171994596,0,0.0,1,0.00045024763619990995,0,0.0,3,0.0013507429085997298,21,0.00945520036019811,0,0.0,0,0.0,0,0.0,0,0.0,0,0.0,0,0.0,0,0.0,0,0.0,0,0.0,0,0.0,0,0.0,36,0.01620891490319676,2221,1.0,SRC_MUNICIPAL_PRORRATEADA,SECCION,COMPLETO
3,19,NUEVO LEON,AGUALEGUAS,,21,7,194,137,0.7061855670103093,0.2938144329896907,MC,64,0.46715328467153283,21,0.15328467153284672,PAN,43,0.31386861313868614,31,0.22627737226277372,PRI,12,0.08759124087591241,MC,64,0.46715328467153283,21,0.15328467153284672,PAN,43,0.31386861313868614,31,0.22627737226277372,PRI,12,0.08759124087591241,43,0.31386861313868614,12,0.08759124087591241,1,0.0072992700729927005,2,0.014598540145985401,0,0.0,64,0.46715328467153283,12,0.08759124087591241,1,0.0072992700729927005,0,0.0,0,0.0,0,0.0,0,0.0,0,0.0,0,0.0,0,0.0,0,0.0,0,0.0,0,0.0,0,0.0,0,0.0,0,0.0,0,0.0,0,0.0,0,0.0,2,0.014598540145985401,137,1.0,SRC_MUNICIPAL_PRORRATEADA,SECCION,COMPLETO
4,19,NUEVO LEON,AGUALEGUAS,,21,8,429,303,0.7062937062937062,0.29370629370629375,PAN,135,0.44554455445544555,48,0.15841584158415842,MC,87,0.2871287128712871,48,0.15841584158415842,MORENA,39,0.12871287128712872,PAN,135,0.44554455445544555,48,0.15841584158415842,MC,87,0.2871287128712871,48,0.15841584158415842,MORENA,39,0.12871287128712872,135,0.44554455445544555,25,0.08250825082508251,0,0.0,0,0.0,0,0.0,87,0.2871287128712871,39,0.12871287128712872,0,0.0,0,0.0,0,0.0,0,0.0,0,0.0,3,0.009900990099009901,0,0.0,0,0.0,0,0.0,0,0.0,0,0.0,0,0.0,0,0.0,0,0.0,0,0.0,0,0.0,0,0.0,14,0.0462046204620462,303,1.0,SRC_MUNICIPAL_PRORRATEADA,SECCION,COMPLETO
5,19,NUEVO LEON,AGUALEGUAS,,21,9,335,237,0.7074626865671642,0.29253731343283584,PAN,144,0.6075949367088608,64,0.270042194092827,MC,80,0.33755274261603374,72,0.3037974683544304,MORENA,8,0.03375527426160337,PAN,144,0.6075949367088608,64,0.270042194092827,MC,80,0.33755274261603374,72,0.3037974683544304,MORENA,8,0.03375527426160337,144,0.6075949367088608,4,0.016877637130801686,0,0.0,1,0.004219409282700422,0,0.0,80,0.33755274261603374,8,0.03375527426160337,0,0.0,0,0.0,0,0.0,0,0.0,0,0.0,0,0.0,0,0.0,0,0.0,0,0.0,0,0.0,0,0.0,0,0.0,0,0.0,0,0.0,0,0.0,0,0.0,0,0.0,0,0.0,237,1.0,SRC_MUNICIPAL_PRORRATEADA,SECCION,COMPLETO
6,19,NUEVO LEON,ALLENDE,,26,0,25322,11665,0.4606666140115315,0.5393333859884686,PRI,4341,0.37213887698242604,701,0.060094299185597944,MC,3640,0.3120445777968281,1549,0.1327903986283755,PAN,2091,0.17925417916845263,PRI,4341,0.37213887698242604,701,0.060094299185597944,MC,3640,0.3120445777968281,1549,0.1327903986283755,PAN,2091,0.17925417916845263,2091,0.17925417916845263,4341,0.37213887698242604,46,0.003943420488641235,117,0.010030004286326617,128,0.010972996142306044,3640,0.3120445777968281,741,0.06352336048006858,112,0.009601371624517789,26,0.002228889841405915,183,0.01568795542220317,26,0.002228889841405915,11,0.0009429918559794256,11,0.0009429918559794256,4,0.0003429061294470639,0,0.0,0,0.0,0,0.0,0,0.0,0,0.0,0,0.0,0,0.0,0,0.0,2,0.00017145306472353194,0,0.0,186,0.01594513501928847,11665,1.0,SRC_MUNICIPAL_PRORRATEADA,SECCION,COMPLETO
7,19,NUEVO LEON,ALLENDE,,26,20,603,278,0.46102819237147596,0.538971807628524,MC,83,0.29856115107913667,1,0.0035971223021582736,PRI,82,0.2949640287769784,21,0.07553956834532374,PAN,61,0.21942446043165467,MC,83,0.29856115107913667,1,0.0035971223021582736,PRI,82,0.2949640287769784,21,0.07553956834532374,PAN,61,0.21942446043165467,61,0.21942446043165467,82,0.2949640287769784,0,0.0,2,0.007194244604316547,5,0.017985611510791366,83,0.29856115107913667,19,0.0683453237410072,6,0.02158273381294964,0,0.0,7,0.025179856115107913,1,0.0035971223021582736,0,0.0,0,0.0,0,0.0,0,0.0,0,0.0,0,0.0,0,0.0,0,0.0,0,0.0,0,0.0,0,0.0,0,0.0,0,0.0,12,0.04316546762589928,278,1.0,SRC_MUNICIPAL_PRORRATEADA,SECCION,COMPLETO
8,19,NUEVO LEON,ALLENDE,,26,21,677,312,0.4608567208271787,0.5391432791728212,PRI,94,0.30128205128205127,3,0.009615384615384616,MC,91,0.2916666666666667,24,0.07692307692307693,PAN,67,0.21474358974358973,PRI,94,0.30128205128205127,3,0.009615384615384616,MC,91,0.2916666666666667,24,0.07692307692307693,PAN,67,0.21474358974358973,67,0.21474358974358973,94,0.30128205128205127,2,0.00641025641025641,7,0.022435897435897436,3,0.009615384615384616,91,0.2916666666666667,22,0.07051282051282051,11,0.035256410256410256,0,0.0,2,0.00641025641025641,1,0.003205128205128205,0,0.0,0,0.0,0,0.0,0,0.0,0,0.0,0,0.0,0,0.0,1,0.003205128205128205,0,0.0,0,0.0,1,0.003205128205128205,0,0.0,0,0.0,10,0.03205128205128205,312,1.0,SRC_MUNICIPAL_PRORRATEADA,SECCION,COMPLETO
9,19,NUEVO LEON,ALLENDE,,26,30,554,255,0.4602888086642599,0.5397111913357401,MC,93,0.36470588235294116,3,0.011764705882352941,PRI,90,0.35294117647058826,53,0.20784313725490197,PAN,37,0.1450980392156863,MC,93,0.36470588235294116,3,0.011764705882352941,PRI,90,0.35294117647058826,53,0.20784313725490197,PAN,37,0.1450980392156863,37,0.1450980392156863,90,0.35294117647058826,0,0.0,3,0.011764705882352941,4,0.01568627450980392,93,0.36470588235294116,10,0.0392156862745098,3,0.011764705882352941,0,0.0,1,0.00392156862745098,1,0.00392156862745098,1,0.00392156862745098,0,0.0,0,0.0,0,0.0,0,0.0,0,0.0,0,0.0,0,0.0,0,0.0,1,0.00392156862745098,1,0.00392156862745098,0,0.0,0,0.0,10,0.0392156862745098,255,1.0,SRC_MUNICIPAL_PRORRATEADA,SECCION,COMPLETO
10,19,NUEVO LEON,ALLENDE,,26,34,795,366,0.46037735849056605,0.539622641509434,PRI,118,0.3224043715846995,6,0.01639344262295082,MC,112,0.30601092896174864,72,0.19672131147540983,PAN,40,0.1092896174863388,PRI,118,0.3224043715846995,6,0.01639344262295082,MC,112,0.30601092896174864,72,0.19672131147540983,PAN,40,0.1092896174863388,40,0.1092896174863388,118,0.3224043715846995,2,0.00546448087431694,6,0.01639344262295082,13,0.03551912568306011,112,0.30601092896174864,39,0.10655737704918032,7,0.01912568306010929,0,0.0,5,0.01366120218579235,1,0.00273224043715847,0,0.0,0,0.0,0,0.0,0,0.0,1,0.00273224043715847,0,0.0,0,0.0,0,0.0,0,0.0,0,0.0,0,0.0,1,0.00273224043715847,0,0.0,21,0.05737704918032787,366,1.0,SRC_MUNICIPAL_PRORRATEADA,SECCION,COMPLETO
11,19,NUEVO LEON,ALLENDE,,26,37,627,289,0.4609250398724083,0.5390749601275917,MC,87,0.30103806228373703,2,0.006920415224913495,PRI,85,0.29411764705882354,41,0.14186851211072665,PAN,44,0.1522491349480969,MC,87,0.30103806228373703,2,0.006920415224913495,PRI,85,0.29411764705882354,41,0.14186851211072665,PAN,44,0.1522491349480969,44,0.1522491349480969,85,0.29411764705882354,1,0.0034602076124567475,6,0.020761245674740483,3,0.010380622837370242,87,0.30103806228373703,29,0.10034602076124567,6,0.020761245674740483,0,0.0,8,0.02768166089965398,3,0.010380622837370242,0,0.0,0,0.0,0,0.0,0,0.0,0,0.0,1,0.0034602076124567475,0,0.0,0,0.0,0,0.0,1,0.0034602076124567475,0,0.0,1,0.0034602076124567475,0,0.0,14,0.04844290657439446,289,1.0,SRC_MUNICIPAL_PRORRATEADA,SECCION,COMPLETO
12,19,NUEVO LEON,ANAHUAC,,21,0,13639,8503,0.6234328029914217,0.3765671970085783,PRI,3842,0.4518405268728684,2008,0.23615194637186876,MC,1834,0.21568858050099965,573,0.06738798071268964,PAN,1261,0.14830059978831,PRI,3842,0.4518405268728684,2008,0.23615194637186876,MC,1834,0.21568858050099965,573,0.06738798071268964,PAN,1261,0.14830059978831,1261,0.14830059978831,3842,0.4518405268728684,27,0.0031753498765141716,96,0.01129013289427261,75,0.008820416323650476,1834,0.21568858050099965,990,0.11642949547218628,48,0.005645066447136305,69,0.008114783017758437,17,0.001999294366694108,24,0.0028225332235681526,8,0.0009408444078560508,5,0.0005880277549100317,1,0.00011760555098200635,1,0.00011760555098200635,1,0.00011760555098200635,2,0.0002352111019640127,1,0.00011760555098200635,2,0.0002352111019640127,2,0.0002352111019640127,1,0.00011760555098200635,0,0.0,2,0.0002352111019640127,0,0.0,194,0.022815476890509234,8503,1.0,SRC_MUNICIPAL_PRORRATEADA,SECCION,COMPLETO
13,19,NUEVO LEON,ANAHUAC,,21,39,573,357,0.6230366492146597,0.37696335078534027,PRI,137,0.38375350140056025,71,0.19887955182072828,MC,66,0.18487394957983194,2,0.0056022408963585435,PAN,64,0.1792717086834734,PRI,137,0.38375350140056025,71,0.19887955182072828,MC,66,0.18487394957983194,2,0.0056022408963585435,PAN,64,0.1792717086834734,64,0.1792717086834734,137,0.38375350140056025,2,0.0056022408963585435,3,0.008403361344537815,2,0.0056022408963585435,66,0.18487394957983194,56,0.1568627450980392,2,0.0056022408963585435,1,0.0028011204481792717,1,0.0028011204481792717,2,0.0056022408963585435,0,0.0,1,0.0028011204481792717,0,0.0,0,0.0,0,0.0,0,0.0,0,0.0,0,0.0,0,0.0,0,0.0,0,0.0,0,0.0,0,0.0,20,0.056022408963585436,357,1.0,SRC_MUNICIPAL_PRORRATEADA,SECCION,COMPLETO
14,19,NUEVO LEON,APODACA,,5,0,377558,193471,0.5124272297236451,0.4875727702763549,MC,76036,0.3930098050870673,25141,0.12994712385835602,PRI,50895,0.2630626812287113,15641,0.08084415752231601,PAN,35254,0.18221852370639527,MC,76036,0.3930098050870673,25141,0.12994712385835602,PRI,50895,0.2630626812287113,15641,0.08084415752231601,PAN,35254,0.18221852370639527,35254,0.18221852370639527,50895,0.2630626812287113,801,0.0041401553721229535,1536,0.007939174346542894,1681,0.00868864067482982,76036,0.3930098050870673,20083,0.10380367083438861,837,0.004326229770870053,751,0.0038817187071964274,521,0.002692910048534406,1329,0.006869246553747073,378,0.00195378118684454,237,0.0012249897917517355,113,0.0005840668627339498,33,0.00017056819885150746,37,0.00019124313204562957,32,0.00016539946555297694,36,0.00018607439874709905,75,0.0003876549973897897,15,7.753099947795794e-05,126,0.0006512603956148466,12,6.202479958236636e-05,36,0.00018607439874709905,63,0.0003256301978074233,2554,0.013200944844446972,193471,1.0,SRC_MUNICIPAL_PRORRATEADA,SECCION,COMPLETO
15,19,NUEVO LEON,APODACA,,5,63,422,216,0.5118483412322274,0.48815165876777256,MC,83,0.38425925925925924,27,0.125,PRI,56,0.25925925925925924,25,0.11574074074074074,MORENA,31,0.14351851851851852,MC,83,0.38425925925925924,27,0.125,PRI,56,0.25925925925925924,25,0.11574074074074074,MORENA,31,0.14351851851851852,23,0.10648148148148148,56,0.25925925925925924,0,0.0,4,0.018518518518518517,2,0.009259259259259259,83,0.38425925925925924,31,0.14351851851851852,0,0.0,0,0.0,0,0.0,5,0.023148148148148147,0,0.0,0,0.0,0,0.0,0,0.0,0,0.0,0,0.0,0,0.0,0,0.0,0,0.0,1,0.004629629629629629,0,0.0,0,0.0,0,0.0,11,0.05092592592592592,216,1.0,SRC_MUNICIPAL_PRORRATEADA,SECCION,COMPLETO
16,19,NUEVO LEON,APODACA,,5,103,701,359,0.5121255349500713,0.4878744650499287,MC,118,0.3286908077994429,15,0.04178272980501393,PRI,103,0.28690807799442897,44,0.12256267409470752,MORENA,59,0.16434540389972144,MC,118,0.3286908077994429,15,0.04178272980501393,PRI,103,0.28690807799442897,44,0.12256267409470752,MORENA,59,0.16434540389972144,44,0.12256267409470752,103,0.28690807799442897,0,0.0,4,0.011142061281337047,3,0.008356545961002786,118,0.3286908077994429,59,0.16434540389972144,2,0.005571030640668524,3,0.008356545961002786,2,0.005571030640668524,1,0.002785515320334262,1,0.002785515320334262,0,0.0,1,0.002785515320334262,0,0.0,0,0.0,0,0.0,0,0.0,1,0.002785515320334262,0,0.0,1,0.002785515320334262,0,0.0,1,0.002785515320334262,0,0.0,15,0.04178272980501393,359,1.0,SRC_MUNICIPAL_PRORRATEADA,SECCION,COMPLETO
17,19,NUEVO LEON,APODACA,,5,108,790,405,0.5126582278481012,0.4873417721518988,MC,155,0.38271604938271603,42,0.1037037037037037,PRI,113,0.27901234567901234,22,0.05432098765432099,PAN,91,0.22469135802469137,MC,155,0.38271604938271603,42,0.1037037037037037,PRI,113,0.27901234567901234,22,0.05432098765432099,PAN,91,0.22469135802469137,91,0.22469135802469137,113,0.27901234567901234,2,0.0049382716049382715,0,0.0,1,0.0024691358024691358,155,0.38271604938271603,27,0.06666666666666667,2,0.0049382716049382715,1,0.0024691358024691358,1,0.0024691358024691358,2,0.0049382716049382715,3,0.007407407407407408,0,0.0,1,0.0024691358024691358,0,0.0,0,0.0,0,0.0,0,0.0,0,0.0,0,0.0,0,0.0,0,0.0,0,0.0,2,0.0049382716049382715,4,0.009876543209876543,405,1.0,SRC_MUNICIPAL_PRORRATEADA,SECCION,COMPLETO
18,19,NUEVO LEON,APODACA,,5,111,603,309,0.5124378109452736,0.48756218905472637,PRI,101,0.3268608414239482,2,0.006472491909385114,MC,99,0.32038834951456313,41,0.13268608414239483,PAN,58,0.18770226537216828,PRI,101,0.3268608414239482,2,0.006472491909385114,MC,99,0.32038834951456313,41,0.13268608414239483,PAN,58,0.18770226537216828,58,0.18770226537216828,101,0.3268608414239482,0,0.0,1,0.003236245954692557,0,0.0,99,0.32038834951456313,34,0.11003236245954692,1,0.003236245954692557,0,0.0,0,0.0,5,0.016181229773462782,2,0.006472491909385114,0,0.0,0,0.0,0,0.0,0,0.0,0,0.0,1,0.003236245954692557,0,0.0,0,0.0,0,0.0,0,0.0,0,0.0,0,0.0,7,0.022653721682847898,309,1.0,SRC_MUNICIPAL_PRORRATEADA,SECCION,COMPLETO
19,19,NUEVO LEON,APODACA,,5,112,673,345,0.512630014858841,0.48736998514115903,PRI,141,0.40869565217391307,38,0.11014492753623188,MC,103,0.2985507246376812,51,0.14782608695652175,PAN,52,0.15072463768115943,PRI,141,0.40869565217391307,38,0.11014492753623188,MC,103,0.2985507246376812,51,0.14782608695652175,PAN,52,0.15072463768115943,52,0.15072463768115943,141,0.40869565217391307,2,0.005797101449275362,0,0.0,1,0.002898550724637681,103,0.2985507246376812,33,0.09565217391304348,2,0.005797101449275362,0,0.0,1,0.002898550724637681,1,0.002898550724637681,2,0.005797101449275362,0,0.0,0,0.0,0,0.0,0,0.0,0,0.0,0,0.0,1,0.002898550724637681,0,0.0,0,0.0,0,0.0,0,0.0,0,0.0,6,0.017391304347826087,345,1.0,SRC_MUNICIPAL_PRORRATEADA,SECCION,COMPLETO
20,19,NUEVO LEON,APODACA,,5,116,478,245,0.5125523012552301,0.4874476987447699,PRI,129,0.5265306122448979,70,0.2857142857142857,MC,59,0.24081632653061225,31,0.12653061224489795,MORENA,28,0.11428571428571428,PRI,129,0.5265306122448979,70,0.2857142857142857,MC,59,0.24081632653061225,31,0.12653061224489795,MORENA,28,0.11428571428571428,16,0.0653061224489796,129,0.5265306122448979,1,0.004081632653061225,3,0.012244897959183673,2,0.00816326530612245,59,0.24081632653061225,28,0.11428571428571428,1,0.004081632653061225,0,0.0,0,0.0,1,0.004081632653061225,2,0.00816326530612245,1,0.004081632653061225,0,0.0,0,0.0,1,0.004081632653061225,0,0.0,0,0.0,0,0.0,0,0.0,0,0.0,0,0.0,1,0.004081632653061225,0,0.0,0,0.0,245,1.0,SRC_MUNICIPAL_PRORRATEADA,SECCION,COMPLETO
21,19,NUEVO LEON,APODACA,,5,122,455,233,0.512087912087912,0.48791208791208796,PRI,78,0.33476394849785407,5,0.02145922746781116,MC,73,0.3133047210300429,42,0.18025751072961374,PAN,31,0.13304721030042918,PRI,78,0.33476394849785407,5,0.02145922746781116,MC,73,0.3133047210300429,42,0.18025751072961374,PAN,31,0.13304721030042918,31,0.13304721030042918,78,0.33476394849785407,0,0.0,2,0.008583690987124463,2,0.008583690987124463,73,0.3133047210300429,27,0.11587982832618025,1,0.004291845493562232,1,0.004291845493562232,0,0.0,3,0.012875536480686695,3,0.012875536480686695,0,0.0,0,0.0,1,0.004291845493562232,0,0.0,0,0.0,0,0.0,0,0.0,0,0.0,0,0.0,0,0.0,0,0.0,1,0.004291845493562232,10,0.04291845493562232,233,1.0,SRC_MUNICIPAL_PRORRATEADA,SECCION,COMPLETO
22,19,NUEVO LEON,APODACA,,5,126,421,216,0.5130641330166271,0.4869358669833729,MC,73,0.33796296296296297,5,0.023148148148148147,PRI,68,0.3148148148148148,40,0.18518518518518517,PAN,28,0.12962962962962962,MC,73,0.33796296296296297,5,0.023148148148148147,PRI,68,0.3148148148148148,40,0.18518518518518517,PAN,28,0.12962962962962962,28,0.12962962962962962,68,0.3148148148148148,0,0.0,5,0.023148148148148147,1,0.004629629629629629,73,0.33796296296296297,27,0.125,0,0.0,4,0.018518518518518517,0,0.0,1,0.004629629629629629,1,0.004629629629629629,0,0.0,0,0.0,0,0.0,0,0.0,0,0.0,0,0.0,1,0.004629629629629629,0,0.0,0,0.0,0,0.0,0,0.0,0,0.0,7,0.032407407407407406,216,1.0,SRC_MUNICIPAL_PRORRATEADA,SECCION,COMPLETO
23,19,NUEVO LEON,APODACA,,5,138,609,312,0.5123152709359606,0.48768472906403937,PRI,107,0.34294871794871795,0,0.0,MC,107,0.34294871794871795,65,0.20833333333333334,PAN,42,0.1346153846153846,PRI,107,0.34294871794871795,0,0.0,MC,107,0.34294871794871795,65,0.20833333333333334,PAN,42,0.1346153846153846,42,0.1346153846153846,107,0.34294871794871795,4,0.01282051282051282,2,0.00641025641025641,7,0.022435897435897436,107,0.34294871794871795,23,0.07371794871794872,3,0.009615384615384616,2,0.00641025641025641,0,0.0,3,0.009615384615384616,1,0.003205128205128205,0,0.0,0,0.0,0,0.0,0,0.0,0,0.0,0,0.0,0,0.0,0,0.0,0,0.0,0,0.0,0,0.0,0,0.0,11,0.035256410256410256,312,1.0,SRC_MUNICIPAL_PRORRATEADA,SECCION,COMPLETO
24,19,NUEVO LEON,APODACA,,5,150,863,442,0.5121668597914253,0.4878331402085747,MC,138,0.31221719457013575,1,0.0022624434389140274,PRI,137,0.30995475113122173,60,0.13574660633484162,MORENA,77,0.17420814479638008,MC,138,0.31221719457013575,1,0.0022624434389140274,PRI,137,0.30995475113122173,60,0.13574660633484162,MORENA,77,0.17420814479638008,51,0.11538461538461539,137,0.30995475113122173,1,0.0022624434389140274,2,0.004524886877828055,13,0.029411764705882353,138,0.31221719457013575,77,0.17420814479638008,2,0.004524886877828055,3,0.006787330316742082,1,0.0022624434389140274,1,0.0022624434389140274,3,0.006787330316742082,1,0.0022624434389140274,1,0.0022624434389140274,0,0.0,0,0.0,0,0.0,0,0.0,0,0.0,0,0.0,0,0.0,0,0.0,0,0.0,0,0.0,11,0.024886877828054297,442,1.0,SRC_MUNICIPAL_PRORRATEADA,SECCION,COMPLETO
25,19,NUEVO LEON,APODACA,,5,2167,773,396,0.5122897800776197,0.4877102199223803,MC,159,0.4015151515151515,53,0.13383838383838384,PAN,106,0.2676767676767677,40,0.10101010101010101,PRI,66,0.16666666666666666,MC,159,0.4015151515151515,53,0.13383838383838384,PAN,106,0.2676767676767677,40,0.10101010101010101,PRI,66,0.16666666666666666,106,0.2676767676767677,66,0.16666666666666666,1,0.0025252525252525255,3,0.007575757575757576,3,0.007575757575757576,159,0.4015151515151515,42,0.10606060606060606,1,0.0025252525252525255,0,0.0,2,0.005050505050505051,2,0.005050505050505051,0,0.0,0,0.0,0,0.0,0,0.0,0,0.0,0,0.0,1,0.0025252525252525255,0,0.0,0,0.0,0,0.0,0,0.0,0,0.0,1,0.0025252525252525255,9,0.022727272727272728,396,1.0,SRC_MUNICIPAL_PRORRATEADA,SECCION,COMPLETO
26,19,NUEVO LEON,APODACA,,5,2198,872,447,0.5126146788990825,0.4873853211009175,MC,170,0.38031319910514544,36,0.08053691275167785,PRI,134,0.29977628635346754,68,0.15212527964205816,MORENA,66,0.1476510067114094,MC,170,0.38031319910514544,36,0.08053691275167785,PRI,134,0.29977628635346754,68,0.15212527964205816,MORENA,66,0.1476510067114094,44,0.09843400447427293,134,0.29977628635346754,0,0.0,7,0.015659955257270694,8,0.017897091722595078,170,0.38031319910514544,66,0.1476510067114094,2,0.0044742729306487695,1,0.0022371364653243847,2,0.0044742729306487695,1,0.0022371364653243847,0,0.0,0,0.0,0,0.0,0,0.0,0,0.0,0,0.0,0,0.0,4,0.008948545861297539,0,0.0,1,0.0022371364653243847,0,0.0,0,0.0,0,0.0,7,0.015659955257270694,447,1.0,SRC_MUNICIPAL_PRORRATEADA,SECCION,COMPLETO
27,19,NUEVO LEON,APODACA,,5,2420,1202,616,0.5124792013311148,0.4875207986688852,PRI,188,0.3051948051948052,55,0.08928571428571429,PAN,133,0.2159090909090909,23,0.037337662337662336,MC,110,0.17857142857142858,PRI,188,0.3051948051948052,55,0.08928571428571429,PAN,133,0.2159090909090909,23,0.037337662337662336,MC,110,0.17857142857142858,133,0.2159090909090909,188,0.3051948051948052,3,0.00487012987012987,8,0.012987012987012988,105,0.17045454545454544,110,0.17857142857142858,41,0.06655844155844155,0,0.0,1,0.0016233766233766235,6,0.00974025974025974,8,0.012987012987012988,2,0.003246753246753247,1,0.0016233766233766235,2,0.003246753246753247,0,0.0,0,0.0,0,0.0,0,0.0,0,0.0,0,0.0,0,0.0,0,0.0,0,0.0,0,0.0,8,0.012987012987012988,616,1.0,SRC_MUNICIPAL_PRORRATEADA,SECCION,COMPLETO
28,19,NUEVO LEON,APODACA,,5,2479,353,181,0.5127478753541076,0.4872521246458924,PRI,64,0.35359116022099446,2,0.011049723756906077,MC,62,0.3425414364640884,40,0.22099447513812154,PAN,22,0.12154696132596685,PRI,64,0.35359116022099446,2,0.011049723756906077,MC,62,0.3425414364640884,40,0.22099447513812154,PAN,22,0.12154696132596685,22,0.12154696132596685,64,0.35359116022099446,0,0.0,1,0.0055248618784530384,3,0.016574585635359115,62,0.3425414364640884,20,0.11049723756906077,2,0.011049723756906077,1,0.0055248618784530384,0,0.0,1,0.0055248618784530384,0,0.0,0,0.0,0,0.0,0,0.0,0,0.0,0,0.0,0,0.0,0,0.0,0,0.0,1,0.0055248618784530384,0,0.0,0,0.0,0,0.0,4,0.022099447513812154,181,1.0,SRC_MUNICIPAL_PRORRATEADA,SECCION,COMPLETO
29,19,NUEVO LEON,APODACA,,5,2483,523,268,0.5124282982791587,0.4875717017208413,MC,94,0.35074626865671643,4,0.014925373134328358,PRI,90,0.3358208955223881,50,0.1865671641791045,MORENA,40,0.14925373134328357,MC,94,0.35074626865671643,4,0.014925373134328358,PRI,90,0.3358208955223881,50,0.1865671641791045,MORENA,40,0.14925373134328357,25,0.09328358208955224,90,0.3358208955223881,0,0.0,3,0.011194029850746268,1,0.0037313432835820895,94,0.35074626865671643,40,0.14925373134328357,2,0.007462686567164179,2,0.007462686567164179,0,0.0,1,0.0037313432835820895,0,0.0,0,0.0,0,0.0,0,0.0,1,0.0037313432835820895,0,0.0,0,0.0,0,0.0,0,0.0,0,0.0,0,0.0,0,0.0,0,0.0,9,0.033582089552238806,268,1.0,SRC_MUNICIPAL_PRORRATEADA,SECCION,COMPLETO
30,19,NUEVO LEON,APODACA,,5,2495,492,252,0.5121951219512195,0.4878048780487805,MC,94,0.373015873015873,20,0.07936507936507936,PRI,74,0.29365079365079366,20,0.07936507936507936,PAN,54,0.21428571428571427,MC,94,0.373015873015873,20,0.07936507936507936,PRI,74,0.29365079365079366,20,0.07936507936507936,PAN,54,0.21428571428571427,54,0.21428571428571427,74,0.29365079365079366,1,0.003968253968253968,4,0.015873015873015872,3,0.011904761904761904,94,0.373015873015873,16,0.06349206349206349,0,0.0,0,0.0,0,0.0,2,0.007936507936507936,1,0.003968253968253968,0,0.0,0,0.0,0,0.0,0,0.0,0,0.0,0,0.0,0,0.0,0,0.0,0,0.0,0,0.0,0,0.0,0,0.0,3,0.011904761904761904,252,1.0,SRC_MUNICIPAL_PRORRATEADA,SECCION,COMPLETO
31,19,NUEVO LEON,APODACA,,5,2502,0,0,0.0,0.0,PAN,0,0.0,0,0.0,PRI,0,0.0,0,0.0,PRD,0,0.0,PAN,0,0.0,0,0.0,PRI,0,0.0,0,0.0,PRD,0,0.0,0,0.0,0,0.0,0,0.0,0,0.0,0,0.0,0,0.0,0,0.0,0,0.0,0,0.0,0,0.0,0,0.0,0,0.0,0,0.0,0,0.0,0,0.0,0,0.0,0,0.0,0,0.0,0,0.0,0,0.0,0,0.0,0,0.0,0,0.0,0,0.0,0,0.0,0,0.0,SRC_MUNICIPAL_PRORRATEADA,SECCION,COMPLETO
32,19,NUEVO LEON,APODACA,,5,2506,574,294,0.5121951219512195,0.4878048780487805,PRI,120,0.40816326530612246,53,0.18027210884353742,MC,67,0.22789115646258504,23,0.0782312925170068,PAN,44,0.14965986394557823,PRI,120,0.40816326530612246,53,0.18027210884353742,MC,67,0.22789115646258504,23,0.0782312925170068,PAN,44,0.14965986394557823,44,0.14965986394557823,120,0.40816326530612246,1,0.003401360544217687,7,0.023809523809523808,4,0.013605442176870748,67,0.22789115646258504,30,0.10204081632653061,2,0.006802721088435374,4,0.013605442176870748,0,0.0,3,0.01020408163265306,1,0.003401360544217687,0,0.0,0,0.0,0,0.0,0,0.0,0,0.0,0,0.0,0,0.0,0,0.0,0,0.0,1,0.003401360544217687,0,0.0,0,0.0,10,0.034013605442176874,294,1.0,SRC_MUNICIPAL_PRORRATEADA,SECCION,COMPLETO
33,19,NUEVO LEON,APODACA,,5,2507,0,0,0.0,0.0,PAN,0,0.0,0,0.0,PRI,0,0.0,0,0.0,PRD,0,0.0,PAN,0,0.0,0,0.0,PRI,0,0.0,0,0.0,PRD,0,0.0,0,0.0,0,0.0,0,0.0,0,0.0,0,0.0,0,0.0,0,0.0,0,0.0,0,0.0,0,0.0,0,0.0,0,0.0,0,0.0,0,0.0,0,0.0,0,0.0,0,0.0,0,0.0,0,0.0,0,0.0,0,0.0,0,0.0,0,0.0,0,0.0,0,0.0,0,0.0,SRC_MUNICIPAL_PRORRATEADA,SECCION,COMPLETO
34,19,NUEVO LEON,APODACA,,5,2511,406,208,0.5123152709359606,0.48768472906403937,MC,84,0.40384615384615385,33,0.15865384615384615,PRI,51,0.24519230769230768,14,0.0673076923076923,PAN,37,0.1778846153846154,MC,84,0.40384615384615385,33,0.15865384615384615,PRI,51,0.24519230769230768,14,0.0673076923076923,PAN,37,0.1778846153846154,37,0.1778846153846154,51,0.24519230769230768,2,0.009615384615384616,3,0.014423076923076924,1,0.004807692307692308,84,0.40384615384615385,24,0.11538461538461539,0,0.0,2,0.009615384615384616,0,0.0,0,0.0,0,0.0,0,0.0,0,0.0,0,0.0,0,0.0,0,0.0,0,0.0,0,0.0,0,0.0,0,0.0,0,0.0,1,0.004807692307692308,0,0.0,3,0.014423076923076924,208,1.0,SRC_MUNICIPAL_PRORRATEADA,SECCION,COMPLETO
35,19,NUEVO LEON,APODACA,,5,2513,494,253,0.5121457489878543,0.48785425101214575,MC,94,0.3715415019762846,18,0.07114624505928854,PRI,76,0.30039525691699603,27,0.1067193675889328,PAN,49,0.19367588932806323,MC,94,0.3715415019762846,18,0.07114624505928854,PRI,76,0.30039525691699603,27,0.1067193675889328,PAN,49,0.19367588932806323,49,0.19367588932806323,76,0.30039525691699603,0,0.0,3,0.011857707509881422,2,0.007905138339920948,94,0.3715415019762846,21,0.08300395256916997,0,0.0,0,0.0,0,0.0,2,0.007905138339920948,0,0.0,0,0.0,0,0.0,0,0.0,0,0.0,0,0.0,0,0.0,0,0.0,0,0.0,0,0.0,0,0.0,0,0.0,0,0.0,6,0.023715415019762844,253,1.0,SRC_MUNICIPAL_PRORRATEADA,SECCION,COMPLETO
36,19,NUEVO LEON,APODACA,,5,2514,623,319,0.5120385232744783,0.4879614767255217,MC,97,0.30407523510971785,9,0.02821316614420063,PRI,88,0.27586206896551724,43,0.13479623824451412,PAN,45,0.14106583072100312,MC,97,0.30407523510971785,9,0.02821316614420063,PRI,88,0.27586206896551724,43,0.13479623824451412,PAN,45,0.14106583072100312,45,0.14106583072100312,88,0.27586206896551724,1,0.003134796238244514,4,0.012539184952978056,11,0.034482758620689655,97,0.30407523510971785,45,0.14106583072100312,4,0.012539184952978056,1,0.003134796238244514,1,0.003134796238244514,0,0.0,2,0.006269592476489028,0,0.0,1,0.003134796238244514,0,0.0,0,0.0,0,0.0,0,0.0,2,0.006269592476489028,0,0.0,1,0.003134796238244514,0,0.0,0,0.0,0,0.0,16,0.050156739811912224,319,1.0,SRC_MUNICIPAL_PRORRATEADA,SECCION,COMPLETO
37,19,NUEVO LEON,APODACA,,7,128,492,252,0.5121951219512195,0.4878048780487805,PRI,108,0.42857142857142855,39,0.15476190476190477,MC,69,0.27380952380952384,38,0.15079365079365079,MORENA,31,0.12301587301587301,PRI,108,0.42857142857142855,39,0.15476190476190477,MC,69,0.27380952380952384,38,0.15079365079365079,MORENA,31,0.12301587301587301,28,0.1111111111111111,108,0.42857142857142855,0,0.0,6,0.023809523809523808,2,0.007936507936507936,69,0.27380952380952384,31,0.12301587301587301,2,0.007936507936507936,1,0.003968253968253968,0,0.0,1,0.003968253968253968,0,0.0,0,0.0,0,0.0,0,0.0,0,0.0,0,0.0,0,0.0,0,0.0,0,0.0,0,0.0,0,0.0,0,0.0,0,0.0,4,0.015873015873015872,252,1.0,SRC_MUNICIPAL_PRORRATEADA,SECCION,COMPLETO
38,19,NUEVO LEON,APODACA,,7,130,1657,849,0.512371756185878,0.48762824381412195,MC,334,0.3934040047114252,115,0.1354534746760895,PRI,219,0.2579505300353357,41,0.048292108362779744,PAN,178,0.20965842167255594,MC,334,0.3934040047114252,115,0.1354534746760895,PRI,219,0.2579505300353357,41,0.048292108362779744,PAN,178,0.20965842167255594,178,0.20965842167255594,219,0.2579505300353357,3,0.0035335689045936395,6,0.007067137809187279,4,0.004711425206124852,334,0.3934040047114252,70,0.08244994110718493,9,0.01060070671378092,7,0.008244994110718492,4,0.004711425206124852,9,0.01060070671378092,2,0.002355712603062426,0,0.0,1,0.001177856301531213,0,0.0,0,0.0,0,0.0,0,0.0,0,0.0,0,0.0,1,0.001177856301531213,0,0.0,0,0.0,1,0.001177856301531213,1,0.001177856301531213,849,1.0,SRC_MUNICIPAL_PRORRATEADA,SECCION,COMPLETO
39,19,NUEVO LEON,APODACA,,7,136,634,325,0.5126182965299685,0.4873817034700315,PRI,139,0.4276923076923077,32,0.09846153846153846,MC,107,0.3292307692307692,79,0.24307692307692308,PAN,28,0.08615384615384615,PRI,139,0.4276923076923077,32,0.09846153846153846,MC,107,0.3292307692307692,79,0.24307692307692308,PAN,28,0.08615384615384615,28,0.08615384615384615,139,0.4276923076923077,0,0.0,4,0.012307692307692308,1,0.003076923076923077,107,0.3292307692307692,27,0.08307692307692308,0,0.0,1,0.003076923076923077,1,0.003076923076923077,1,0.003076923076923077,1,0.003076923076923077,1,0.003076923076923077,0,0.0,0,0.0,0,0.0,0,0.0,0,0.0,0,0.0,0,0.0,0,0.0,0,0.0,0,0.0,0,0.0,14,0.043076923076923075,325,1.0,SRC_MUNICIPAL_PRORRATEADA,SECCION,COMPLETO
40,19,NUEVO LEON,APODACA,,7,137,550,282,0.5127272727272727,0.4872727272727273,PRI,106,0.375886524822695,25,0.08865248226950355,MC,81,0.2872340425531915,34,0.12056737588652482,MORENA,47,0.16666666666666666,PRI,106,0.375886524822695,25,0.08865248226950355,MC,81,0.2872340425531915,34,0.12056737588652482,MORENA,47,0.16666666666666666,25,0.08865248226950355,106,0.375886524822695,1,0.0035460992907801418,3,0.010638297872340425,3,0.010638297872340425,81,0.2872340425531915,47,0.16666666666666666,2,0.0070921985815602835,3,0.010638297872340425,2,0.0070921985815602835,1,0.0035460992907801418,1,0.0035460992907801418,0,0.0,0,0.0,0,0.0,0,0.0,0,0.0,0,0.0,1,0.0035460992907801418,0,0.0,1,0.0035460992907801418,0,0.0,0,0.0,0,0.0,5,0.01773049645390071,282,1.0,SRC_MUNICIPAL_PRORRATEADA,SECCION,COMPLETO
41,19,NUEVO LEON,APODACA,,7,142,1850,948,0.5124324324324324,0.4875675675675676,MC,344,0.3628691983122363,9,0.00949367088607595,PRI,335,0.35337552742616035,196,0.20675105485232068,PAN,139,0.14662447257383968,MC,344,0.3628691983122363,9,0.00949367088607595,PRI,335,0.35337552742616035,196,0.20675105485232068,PAN,139,0.14662447257383968,139,0.14662447257383968,335,0.35337552742616035,0,0.0,12,0.012658227848101266,8,0.008438818565400843,344,0.3628691983122363,82,0.08649789029535865,7,0.007383966244725738,4,0.004219409282700422,0,0.0,5,0.005274261603375527,2,0.002109704641350211,2,0.002109704641350211,0,0.0,0,0.0,0,0.0,0,0.0,1,0.0010548523206751054,0,0.0,0,0.0,1,0.0010548523206751054,0,0.0,0,0.0,0,0.0,6,0.006329113924050633,948,1.0,SRC_MUNICIPAL_PRORRATEADA,SECCION,COMPLETO
42,19,NUEVO LEON,APODACA,,7,144,704,361,0.5127840909090909,0.48721590909090906,MC,147,0.407202216066482,42,0.11634349030470914,PRI,105,0.29085872576177285,51,0.14127423822714683,PAN,54,0.14958448753462603,MC,147,0.407202216066482,42,0.11634349030470914,PRI,105,0.29085872576177285,51,0.14127423822714683,PAN,54,0.14958448753462603,54,0.14958448753462603,105,0.29085872576177285,3,0.008310249307479225,2,0.00554016620498615,9,0.024930747922437674,147,0.407202216066482,32,0.0886426592797784,1,0.002770083102493075,3,0.008310249307479225,0,0.0,0,0.0,0,0.0,0,0.0,0,0.0,0,0.0,0,0.0,0,0.0,0,0.0,0,0.0,0,0.0,0,0.0,0,0.0,0,0.0,0,0.0,5,0.013850415512465374,361,1.0,SRC_MUNICIPAL_PRORRATEADA,SECCION,COMPLETO
43,19,NUEVO LEON,APODACA,,7,146,544,279,0.5128676470588235,0.4871323529411765,MC,100,0.35842293906810035,11,0.03942652329749104,PRI,89,0.31899641577060933,53,0.18996415770609318,PAN,36,0.12903225806451613,MC,100,0.35842293906810035,11,0.03942652329749104,PRI,89,0.31899641577060933,53,0.18996415770609318,PAN,36,0.12903225806451613,36,0.12903225806451613,89,0.31899641577060933,1,0.0035842293906810036,5,0.017921146953405017,4,0.014336917562724014,100,0.35842293906810035,28,0.1003584229390681,3,0.010752688172043012,2,0.007168458781362007,1,0.0035842293906810036,3,0.010752688172043012,1,0.0035842293906810036,2,0.007168458781362007,0,0.0,0,0.0,0,0.0,0,0.0,0,0.0,0,0.0,0,0.0,0,0.0,0,0.0,0,0.0,0,0.0,4,0.014336917562724014,279,1.0,SRC_MUNICIPAL_PRORRATEADA,SECCION,COMPLETO
44,19,NUEVO LEON,APODACA,,7,147,500,256,0.512,0.488,MC,91,0.35546875,22,0.0859375,PRI,69,0.26953125,22,0.0859375,MORENA,47,0.18359375,MC,91,0.35546875,22,0.0859375,PRI,69,0.26953125,22,0.0859375,MORENA,47,0.18359375,23,0.08984375,69,0.26953125,1,0.00390625,4,0.015625,4,0.015625,91,0.35546875,47,0.18359375,2,0.0078125,2,0.0078125,0,0.0,0,0.0,0,0.0,0,0.0,0,0.0,0,0.0,0,0.0,0,0.0,0,0.0,0,0.0,0,0.0,0,0.0,0,0.0,0,0.0,0,0.0,13,0.05078125,256,1.0,SRC_MUNICIPAL_PRORRATEADA,SECCION,COMPLETO
45,19,NUEVO LEON,APODACA,,7,2199,619,317,0.5121163166397416,0.48788368336025845,MC,146,0.4605678233438486,78,0.24605678233438485,PAN,68,0.21451104100946372,9,0.028391167192429023,PRI,59,0.1861198738170347,MC,146,0.4605678233438486,78,0.24605678233438485,PAN,68,0.21451104100946372,9,0.028391167192429023,PRI,59,0.1861198738170347,68,0.21451104100946372,59,0.1861198738170347,0,0.0,1,0.0031545741324921135,1,0.0031545741324921135,146,0.4605678233438486,32,0.10094637223974763,0,0.0,0,0.0,1,0.0031545741324921135,4,0.012618296529968454,0,0.0,0,0.0,0,0.0,0,0.0,0,0.0,0,0.0,0,0.0,0,0.0,0,0.0,0,0.0,0,0.0,0,0.0,0,0.0,5,0.015772870662460567,317,1.0,SRC_MUNICIPAL_PRORRATEADA,SECCION,COMPLETO
46,19,NUEVO LEON,APODACA,,7,2213,1485,761,0.5124579124579125,0.4875420875420875,MC,298,0.3915900131406045,97,0.12746386333771353,PRI,201,0.26412614980289095,61,0.08015768725361366,PAN,140,0.18396846254927726,MC,298,0.3915900131406045,97,0.12746386333771353,PRI,201,0.26412614980289095,61,0.08015768725361366,PAN,140,0.18396846254927726,140,0.18396846254927726,201,0.26412614980289095,4,0.005256241787122208,5,0.006570302233902759,5,0.006570302233902759,298,0.3915900131406045,76,0.09986859395532194,1,0.001314060446780552,2,0.002628120893561104,1,0.001314060446780552,8,0.010512483574244415,1,0.001314060446780552,0,0.0,1,0.001314060446780552,0,0.0,0,0.0,0,0.0,0,0.0,0,0.0,0,0.0,5,0.006570302233902759,0,0.0,0,0.0,0,0.0,13,0.017082785808147174,761,1.0,SRC_MUNICIPAL_PRORRATEADA,SECCION,COMPLETO
47,19,NUEVO LEON,APODACA,,7,2214,589,302,0.5127334465195246,0.48726655348047543,MC,114,0.37748344370860926,42,0.1390728476821192,PAN,72,0.23841059602649006,1,0.0033112582781456954,PRI,71,0.23509933774834438,MC,114,0.37748344370860926,42,0.1390728476821192,PAN,72,0.23841059602649006,1,0.0033112582781456954,PRI,71,0.23509933774834438,72,0.23841059602649006,71,0.23509933774834438,1,0.0033112582781456954,2,0.006622516556291391,2,0.006622516556291391,114,0.37748344370860926,30,0.09933774834437085,3,0.009933774834437087,0,0.0,1,0.0033112582781456954,0,0.0,0,0.0,0,0.0,0,0.0,0,0.0,0,0.0,0,0.0,0,0.0,1,0.0033112582781456954,0,0.0,0,0.0,0,0.0,0,0.0,0,0.0,5,0.016556291390728478,302,1.0,SRC_MUNICIPAL_PRORRATEADA,SECCION,COMPLETO
48,19,NUEVO LEON,APODACA,,7,2223,591,303,0.5126903553299492,0.4873096446700508,MC,140,0.46204620462046203,71,0.23432343234323433,PRI,69,0.22772277227722773,19,0.0627062706270627,PAN,50,0.16501650165016502,MC,140,0.46204620462046203,71,0.23432343234323433,PRI,69,0.22772277227722773,19,0.0627062706270627,PAN,50,0.16501650165016502,50,0.16501650165016502,69,0.22772277227722773,0,0.0,3,0.009900990099009901,2,0.006600660066006601,140,0.46204620462046203,29,0.09570957095709572,1,0.0033003300330033004,2,0.006600660066006601,2,0.006600660066006601,2,0.006600660066006601,0,0.0,0,0.0,0,0.0,0,0.0,0,0.0,0,0.0,0,0.0,0,0.0,0,0.0,1,0.0033003300330033004,0,0.0,0,0.0,0,0.0,2,0.006600660066006601,303,1.0,SRC_MUNICIPAL_PRORRATEADA,SECCION,COMPLETO
49,19,NUEVO LEON,APODACA,,7,2233,890,456,0.5123595505617977,0.4876404494382023,PRI,120,0.2631578947368421,3,0.006578947368421052,MC,117,0.2565789473684211,13,0.02850877192982456,PT,104,0.22807017543859648,PRI,120,0.2631578947368421,3,0.006578947368421052,MC,117,0.2565789473684211,13,0.02850877192982456,PT,104,0.22807017543859648,80,0.17543859649122806,120,0.2631578947368421,4,0.008771929824561403,2,0.0043859649122807015,104,0.22807017543859648,117,0.2565789473684211,17,0.03728070175438596,3,0.006578947368421052,1,0.0021929824561403508,1,0.0021929824561403508,3,0.006578947368421052,0,0.0,0,0.0,0,0.0,0,0.0,0,0.0,0,0.0,0,0.0,0,0.0,0,0.0,0,0.0,0,0.0,0,0.0,0,0.0,4,0.008771929824561403,456,1.0,SRC_MUNICIPAL_PRORRATEADA,SECCION,COMPLETO
50,19,NUEVO LEON,APODACA,,7,2235,464,238,0.5129310344827587,0.4870689655172413,MC,109,0.4579831932773109,53,0.22268907563025211,PAN,56,0.23529411764705882,9,0.037815126050420166,PRI,47,0.19747899159663865,MC,109,0.4579831932773109,53,0.22268907563025211,PAN,56,0.23529411764705882,9,0.037815126050420166,PRI,47,0.19747899159663865,56,0.23529411764705882,47,0.19747899159663865,0,0.0,1,0.004201680672268907,0,0.0,109,0.4579831932773109,22,0.09243697478991597,0,0.0,0,0.0,0,0.0,1,0.004201680672268907,0,0.0,0,0.0,0,0.0,0,0.0,0,0.0,0,0.0,0,0.0,0,0.0,0,0.0,0,0.0,0,0.0,0,0.0,1,0.004201680672268907,1,0.004201680672268907,238,1.0,SRC_MUNICIPAL_PRORRATEADA,SECCION,COMPLETO
51,19,NUEVO LEON,APODACA,,7,2236,650,333,0.5123076923076924,0.48769230769230765,MC,155,0.46546546546546547,89,0.2672672672672673,PRI,66,0.1981981981981982,10,0.03003003003003003,PAN,56,0.16816816816816818,MC,155,0.46546546546546547,89,0.2672672672672673,PRI,66,0.1981981981981982,10,0.03003003003003003,PAN,56,0.16816816816816818,56,0.16816816816816818,66,0.1981981981981982,0,0.0,3,0.009009009009009009,5,0.015015015015015015,155,0.46546546546546547,33,0.0990990990990991,4,0.012012012012012012,0,0.0,3,0.009009009009009009,1,0.003003003003003003,0,0.0,1,0.003003003003003003,0,0.0,0,0.0,0,0.0,0,0.0,0,0.0,1,0.003003003003003003,0,0.0,1,0.003003003003003003,0,0.0,0,0.0,0,0.0,4,0.012012012012012012,333,1.0,SRC_MUNICIPAL_PRORRATEADA,SECCION,COMPLETO
52,19,NUEVO LEON,APODACA,,7,2237,617,316,0.5121555915721232,0.4878444084278768,MC,146,0.4620253164556962,79,0.25,PRI,67,0.2120253164556962,5,0.015822784810126583,PAN,62,0.1962025316455696,MC,146,0.4620253164556962,79,0.25,PRI,67,0.2120253164556962,5,0.015822784810126583,PAN,62,0.1962025316455696,62,0.1962025316455696,67,0.2120253164556962,0,0.0,0,0.0,1,0.0031645569620253164,146,0.4620253164556962,33,0.10443037974683544,0,0.0,1,0.0031645569620253164,0,0.0,3,0.00949367088607595,0,0.0,0,0.0,0,0.0,0,0.0,0,0.0,0,0.0,0,0.0,0,0.0,0,0.0,0,0.0,0,0.0,0,0.0,0,0.0,3,0.00949367088607595,316,1.0,SRC_MUNICIPAL_PRORRATEADA,SECCION,COMPLETO
53,19,NUEVO LEON,APODACA,,7,2262,517,265,0.5125725338491296,0.4874274661508704,PRI,88,0.3320754716981132,0,0.0,MC,88,0.3320754716981132,27,0.1018867924528302,PAN,61,0.23018867924528302,PRI,88,0.3320754716981132,0,0.0,MC,88,0.3320754716981132,27,0.1018867924528302,PAN,61,0.23018867924528302,61,0.23018867924528302,88,0.3320754716981132,1,0.0037735849056603774,2,0.007547169811320755,1,0.0037735849056603774,88,0.3320754716981132,16,0.06037735849056604,0,0.0,1,0.0037735849056603774,0,0.0,1,0.0037735849056603774,0,0.0,1,0.0037735849056603774,0,0.0,0,0.0,0,0.0,0,0.0,0,0.0,0,0.0,1,0.0037735849056603774,0,0.0,0,0.0,0,0.0,0,0.0,4,0.01509433962264151,265,1.0,SRC_MUNICIPAL_PRORRATEADA,SECCION,COMPLETO
54,19,NUEVO LEON,APODACA,,7,2263,566,290,0.5123674911660777,0.4876325088339223,MC,146,0.503448275862069,91,0.3137931034482759,PRI,55,0.1896551724137931,1,0.0034482758620689655,PAN,54,0.18620689655172415,MC,146,0.503448275862069,91,0.3137931034482759,PRI,55,0.1896551724137931,1,0.0034482758620689655,PAN,54,0.18620689655172415,54,0.18620689655172415,55,0.1896551724137931,0,0.0,2,0.006896551724137931,2,0.006896551724137931,146,0.503448275862069,22,0.07586206896551724,0,0.0,1,0.0034482758620689655,1,0.0034482758620689655,5,0.017241379310344827,1,0.0034482758620689655,0,0.0,0,0.0,0,0.0,0,0.0,0,0.0,0,0.0,0,0.0,0,0.0,0,0.0,0,0.0,0,0.0,0,0.0,1,0.0034482758620689655,290,1.0,SRC_MUNICIPAL_PRORRATEADA,SECCION,COMPLETO
55,19,NUEVO LEON,APODACA,,7,2264,582,298,0.5120274914089347,0.48797250859106533,MC,138,0.46308724832214765,77,0.25838926174496646,PAN,61,0.20469798657718122,10,0.03355704697986577,PRI,51,0.17114093959731544,MC,138,0.46308724832214765,77,0.25838926174496646,PAN,61,0.20469798657718122,10,0.03355704697986577,PRI,51,0.17114093959731544,61,0.20469798657718122,51,0.17114093959731544,0,0.0,3,0.010067114093959731,0,0.0,138,0.46308724832214765,42,0.14093959731543623,0,0.0,2,0.006711409395973154,0,0.0,1,0.003355704697986577,0,0.0,0,0.0,0,0.0,0,0.0,0,0.0,0,0.0,0,0.0,0,0.0,0,0.0,0,0.0,0,0.0,0,0.0,0,0.0,0,0.0,298,1.0,SRC_MUNICIPAL_PRORRATEADA,SECCION,COMPLETO
56,19,NUEVO LEON,APODACA,,7,2266,583,299,0.5128644939965694,0.4871355060034306,MC,132,0.4414715719063545,67,0.22408026755852842,PAN,65,0.21739130434782608,5,0.016722408026755852,PRI,60,0.20066889632107024,MC,132,0.4414715719063545,67,0.22408026755852842,PAN,65,0.21739130434782608,5,0.016722408026755852,PRI,60,0.20066889632107024,65,0.21739130434782608,60,0.20066889632107024,1,0.0033444816053511705,1,0.0033444816053511705,1,0.0033444816053511705,132,0.4414715719063545,23,0.07692307692307693,1,0.0033444816053511705,1,0.0033444816053511705,2,0.006688963210702341,3,0.010033444816053512,0,0.0,0,0.0,1,0.0033444816053511705,0,0.0,1,0.0033444816053511705,0,0.0,0,0.0,0,0.0,0,0.0,0,0.0,0,0.0,0,0.0,0,0.0,7,0.023411371237458192,299,1.0,SRC_MUNICIPAL_PRORRATEADA,SECCION,COMPLETO
57,19,NUEVO LEON,APODACA,,7,2268,349,179,0.5128939828080229,0.4871060171919771,MC,69,0.3854748603351955,16,0.0893854748603352,PRI,53,0.29608938547486036,31,0.17318435754189945,MORENA,22,0.12290502793296089,MC,69,0.3854748603351955,16,0.0893854748603352,PRI,53,0.29608938547486036,31,0.17318435754189945,MORENA,22,0.12290502793296089,16,0.0893854748603352,53,0.29608938547486036,1,0.00558659217877095,3,0.01675977653631285,3,0.01675977653631285,69,0.3854748603351955,22,0.12290502793296089,2,0.0111731843575419,1,0.00558659217877095,1,0.00558659217877095,1,0.00558659217877095,1,0.00558659217877095,0,0.0,0,0.0,0,0.0,0,0.0,0,0.0,0,0.0,0,0.0,0,0.0,0,0.0,0,0.0,0,0.0,0,0.0,6,0.0335195530726257,179,1.0,SRC_MUNICIPAL_PRORRATEADA,SECCION,COMPLETO
58,19,NUEVO LEON,APODACA,,16,68,3682,1887,0.5124932102118414,0.48750678978815865,MC,763,0.40434552199258084,349,0.18494965553789083,PRI,414,0.21939586645468998,54,0.028616852146263912,PAN,360,0.1907790143084261,MC,763,0.40434552199258084,349,0.18494965553789083,PRI,414,0.21939586645468998,54,0.028616852146263912,PAN,360,0.1907790143084261,360,0.1907790143084261,414,0.21939586645468998,6,0.003179650238473768,16,0.008479067302596715,14,0.007419183889772125,763,0.40434552199258084,235,0.12453630100688924,10,0.005299417064122946,7,0.0037095919448860626,4,0.0021197668256491787,17,0.009009009009009009,4,0.0021197668256491787,1,0.0005299417064122947,3,0.001589825119236884,0,0.0,0,0.0,2,0.0010598834128245894,0,0.0,1,0.0005299417064122947,1,0.0005299417064122947,3,0.001589825119236884,0,0.0,0,0.0,1,0.0005299417064122947,25,0.013248542660307366,1887,1.0,SRC_MUNICIPAL_PRORRATEADA,SECCION,COMPLETO
59,19,NUEVO LEON,APODACA,,16,69,1969,1009,0.5124428643981717,0.48755713560182834,MC,397,0.39345887016848363,130,0.1288404360753221,PRI,267,0.26461843409316155,99,0.0981169474727453,PAN,168,0.16650148662041625,MC,397,0.39345887016848363,130,0.1288404360753221,PRI,267,0.26461843409316155,99,0.0981169474727453,PAN,168,0.16650148662041625,168,0.16650148662041625,267,0.26461843409316155,2,0.0019821605550049554,9,0.008919722497522299,10,0.009910802775024777,397,0.39345887016848363,121,0.1199207135777998,5,0.004955401387512388,4,0.003964321110009911,2,0.0019821605550049554,8,0.007928642220019821,0,0.0,1,0.0009910802775024777,2,0.0019821605550049554,0,0.0,0,0.0,0,0.0,0,0.0,0,0.0,0,0.0,0,0.0,0,0.0,0,0.0,3,0.002973240832507433,10,0.009910802775024777,1009,1.0,SRC_MUNICIPAL_PRORRATEADA,SECCION,COMPLETO
60,19,NUEVO LEON,APODACA,,16,70,1469,753,0.5125936010891763,0.4874063989108237,MC,319,0.42363877822045154,134,0.17795484727755645,PRI,185,0.2456839309428951,50,0.06640106241699867,PAN,135,0.17928286852589642,MC,319,0.42363877822045154,134,0.17795484727755645,PRI,185,0.2456839309428951,50,0.06640106241699867,PAN,135,0.17928286852589642,135,0.17928286852589642,185,0.2456839309428951,2,0.0026560424966799467,3,0.00398406374501992,13,0.017264276228419653,319,0.42363877822045154,67,0.08897742363877822,3,0.00398406374501992,3,0.00398406374501992,2,0.0026560424966799467,7,0.009296148738379814,0,0.0,0,0.0,0,0.0,0,0.0,0,0.0,0,0.0,0,0.0,0,0.0,0,0.0,1,0.0013280212483399733,0,0.0,0,0.0,0,0.0,13,0.017264276228419653,753,1.0,SRC_MUNICIPAL_PRORRATEADA,SECCION,COMPLETO
61,19,NUEVO LEON,APODACA,,16,73,1905,976,0.5123359580052493,0.48766404199475066,MC,422,0.4323770491803279,200,0.20491803278688525,PRI,222,0.22745901639344263,56,0.05737704918032787,PAN,166,0.17008196721311475,MC,422,0.4323770491803279,200,0.20491803278688525,PRI,222,0.22745901639344263,56,0.05737704918032787,PAN,166,0.17008196721311475,166,0.17008196721311475,222,0.22745901639344263,3,0.0030737704918032786,4,0.004098360655737705,6,0.006147540983606557,422,0.4323770491803279,123,0.1260245901639344,4,0.004098360655737705,4,0.004098360655737705,0,0.0,4,0.004098360655737705,3,0.0030737704918032786,2,0.0020491803278688526,0,0.0,0,0.0,1,0.0010245901639344263,0,0.0,0,0.0,0,0.0,0,0.0,0,0.0,0,0.0,0,0.0,0,0.0,12,0.012295081967213115,976,1.0,SRC_MUNICIPAL_PRORRATEADA,SECCION,COMPLETO
62,19,NUEVO LEON,APODACA,,16,74,511,262,0.512720156555773,0.48727984344422703,MC,113,0.4312977099236641,33,0.12595419847328243,PRI,80,0.3053435114503817,47,0.17938931297709923,PAN,33,0.12595419847328243,MC,113,0.4312977099236641,33,0.12595419847328243,PRI,80,0.3053435114503817,47,0.17938931297709923,PAN,33,0.12595419847328243,33,0.12595419847328243,80,0.3053435114503817,1,0.003816793893129771,1,0.003816793893129771,0,0.0,113,0.4312977099236641,23,0.08778625954198473,1,0.003816793893129771,1,0.003816793893129771,0,0.0,2,0.007633587786259542,1,0.003816793893129771,0,0.0,0,0.0,0,0.0,0,0.0,0,0.0,1,0.003816793893129771,0,0.0,0,0.0,0,0.0,0,0.0,0,0.0,0,0.0,5,0.019083969465648856,262,1.0,SRC_MUNICIPAL_PRORRATEADA,SECCION,COMPLETO
63,19,NUEVO LEON,APODACA,,16,76,535,274,0.5121495327102804,0.4878504672897196,PRI,92,0.3357664233576642,1,0.0036496350364963502,MC,91,0.33211678832116787,49,0.17883211678832117,PAN,42,0.15328467153284672,PRI,92,0.3357664233576642,1,0.0036496350364963502,MC,91,0.33211678832116787,49,0.17883211678832117,PAN,42,0.15328467153284672,42,0.15328467153284672,92,0.3357664233576642,1,0.0036496350364963502,2,0.0072992700729927005,2,0.0072992700729927005,91,0.33211678832116787,29,0.10583941605839416,2,0.0072992700729927005,0,0.0,2,0.0072992700729927005,0,0.0,0,0.0,0,0.0,1,0.0036496350364963502,0,0.0,0,0.0,0,0.0,0,0.0,0,0.0,0,0.0,1,0.0036496350364963502,0,0.0,0,0.0,0,0.0,9,0.032846715328467155,274,1.0,SRC_MUNICIPAL_PRORRATEADA,SECCION,COMPLETO
64,19,NUEVO LEON,APODACA,,16,78,453,232,0.5121412803532008,0.48785871964679917,MC,84,0.3620689655172414,3,0.01293103448275862,PRI,81,0.34913793103448276,54,0.23275862068965517,MORENA,27,0.11637931034482758,MC,84,0.3620689655172414,3,0.01293103448275862,PRI,81,0.34913793103448276,54,0.23275862068965517,MORENA,27,0.11637931034482758,19,0.08189655172413793,81,0.34913793103448276,2,0.008620689655172414,2,0.008620689655172414,3,0.01293103448275862,84,0.3620689655172414,27,0.11637931034482758,2,0.008620689655172414,0,0.0,0,0.0,2,0.008620689655172414,0,0.0,0,0.0,0,0.0,0,0.0,1,0.004310344827586207,0,0.0,0,0.0,0,0.0,0,0.0,0,0.0,0,0.0,0,0.0,0,0.0,9,0.03879310344827586,232,1.0,SRC_MUNICIPAL_PRORRATEADA,SECCION,COMPLETO
65,19,NUEVO LEON,APODACA,,16,79,1091,559,0.5123739688359303,0.48762603116406966,MC,193,0.34525939177101966,28,0.05008944543828265,PRI,165,0.295169946332737,79,0.1413237924865832,PAN,86,0.15384615384615385,MC,193,0.34525939177101966,28,0.05008944543828265,PRI,165,0.295169946332737,79,0.1413237924865832,PAN,86,0.15384615384615385,86,0.15384615384615385,165,0.295169946332737,3,0.005366726296958855,10,0.017889087656529516,4,0.007155635062611807,193,0.34525939177101966,61,0.10912343470483005,2,0.0035778175313059034,2,0.0035778175313059034,1,0.0017889087656529517,6,0.01073345259391771,1,0.0017889087656529517,2,0.0035778175313059034,2,0.0035778175313059034,0,0.0,0,0.0,0,0.0,0,0.0,0,0.0,0,0.0,1,0.0017889087656529517,0,0.0,0,0.0,0,0.0,20,0.03577817531305903,559,1.0,SRC_MUNICIPAL_PRORRATEADA,SECCION,COMPLETO
66,19,NUEVO LEON,APODACA,,16,80,486,249,0.5123456790123457,0.48765432098765427,MC,102,0.40963855421686746,21,0.08433734939759036,PRI,81,0.3253012048192771,56,0.2248995983935743,MORENA,25,0.10040160642570281,MC,102,0.40963855421686746,21,0.08433734939759036,PRI,81,0.3253012048192771,56,0.2248995983935743,MORENA,25,0.10040160642570281,23,0.09236947791164658,81,0.3253012048192771,4,0.01606425702811245,0,0.0,0,0.0,102,0.40963855421686746,25,0.10040160642570281,2,0.008032128514056224,0,0.0,0,0.0,1,0.004016064257028112,2,0.008032128514056224,2,0.008032128514056224,1,0.004016064257028112,0,0.0,0,0.0,0,0.0,0,0.0,0,0.0,0,0.0,0,0.0,0,0.0,0,0.0,0,0.0,6,0.024096385542168676,249,1.0,SRC_MUNICIPAL_PRORRATEADA,SECCION,COMPLETO
67,19,NUEVO LEON,APODACA,,16,81,781,400,0.5121638924455826,0.4878361075544174,MC,170,0.425,80,0.2,PAN,90,0.225,9,0.0225,PRI,81,0.2025,MC,170,0.425,80,0.2,PAN,90,0.225,9,0.0225,PRI,81,0.2025,90,0.225,81,0.2025,0,0.0,0,0.0,0,0.0,170,0.425,42,0.105,3,0.0075,2,0.005,3,0.0075,2,0.005,3,0.0075,1,0.0025,0,0.0,0,0.0,0,0.0,0,0.0,0,0.0,0,0.0,0,0.0,0,0.0,0,0.0,0,0.0,0,0.0,3,0.0075,400,1.0,SRC_MUNICIPAL_PRORRATEADA,SECCION,COMPLETO
68,19,NUEVO LEON,APODACA,,16,82,1171,600,0.5123825789923142,0.4876174210076858,MC,216,0.36,77,0.12833333333333333,PRI,139,0.23166666666666666,5,0.008333333333333333,PAN,134,0.22333333333333333,MC,216,0.36,77,0.12833333333333333,PRI,139,0.23166666666666666,5,0.008333333333333333,PAN,134,0.22333333333333333,134,0.22333333333333333,139,0.23166666666666666,2,0.0033333333333333335,2,0.0033333333333333335,4,0.006666666666666667,216,0.36,72,0.12,8,0.013333333333333334,1,0.0016666666666666668,1,0.0016666666666666668,3,0.005,1,0.0016666666666666668,7,0.011666666666666667,1,0.0016666666666666668,0,0.0,0,0.0,0,0.0,0,0.0,3,0.005,0,0.0,1,0.0016666666666666668,0,0.0,0,0.0,0,0.0,5,0.008333333333333333,600,1.0,SRC_MUNICIPAL_PRORRATEADA,SECCION,COMPLETO
69,19,NUEVO LEON,APODACA,,16,84,1341,687,0.5123042505592841,0.4876957494407159,MC,286,0.4163027656477438,140,0.20378457059679767,PRI,146,0.21251819505094613,10,0.01455604075691412,PAN,136,0.19796215429403202,MC,286,0.4163027656477438,140,0.20378457059679767,PRI,146,0.21251819505094613,10,0.01455604075691412,PAN,136,0.19796215429403202,136,0.19796215429403202,146,0.21251819505094613,2,0.002911208151382824,3,0.004366812227074236,5,0.00727802037845706,286,0.4163027656477438,72,0.10480349344978165,9,0.013100436681222707,4,0.005822416302765648,1,0.001455604075691412,9,0.013100436681222707,2,0.002911208151382824,1,0.001455604075691412,3,0.004366812227074236,0,0.0,0,0.0,0,0.0,0,0.0,1,0.001455604075691412,0,0.0,0,0.0,0,0.0,0,0.0,0,0.0,7,0.010189228529839884,687,1.0,SRC_MUNICIPAL_PRORRATEADA,SECCION,COMPLETO
70,19,NUEVO LEON,APODACA,,16,85,562,288,0.5124555160142349,0.4875444839857651,MC,89,0.3090277777777778,1,0.003472222222222222,PRI,88,0.3055555555555556,48,0.16666666666666666,MORENA,40,0.1388888888888889,MC,89,0.3090277777777778,1,0.003472222222222222,PRI,88,0.3055555555555556,48,0.16666666666666666,MORENA,40,0.1388888888888889,38,0.13194444444444445,88,0.3055555555555556,2,0.006944444444444444,3,0.010416666666666666,8,0.027777777777777776,89,0.3090277777777778,40,0.1388888888888889,0,0.0,2,0.006944444444444444,3,0.010416666666666666,5,0.017361111111111112,0,0.0,1,0.003472222222222222,0,0.0,0,0.0,0,0.0,0,0.0,0,0.0,0,0.0,0,0.0,0,0.0,0,0.0,0,0.0,0,0.0,9,0.03125,288,1.0,SRC_MUNICIPAL_PRORRATEADA,SECCION,COMPLETO
71,19,NUEVO LEON,APODACA,,16,86,599,307,0.5125208681135225,0.4874791318864775,MC,109,0.3550488599348534,24,0.0781758957654723,PRI,85,0.2768729641693811,41,0.13355048859934854,PAN,44,0.14332247557003258,MC,109,0.3550488599348534,24,0.0781758957654723,PRI,85,0.2768729641693811,41,0.13355048859934854,PAN,44,0.14332247557003258,44,0.14332247557003258,85,0.2768729641693811,1,0.003257328990228013,4,0.013029315960912053,2,0.006514657980456026,109,0.3550488599348534,42,0.13680781758957655,4,0.013029315960912053,3,0.009771986970684038,0,0.0,0,0.0,2,0.006514657980456026,0,0.0,0,0.0,0,0.0,0,0.0,0,0.0,0,0.0,2,0.006514657980456026,0,0.0,2,0.006514657980456026,0,0.0,0,0.0,0,0.0,7,0.02280130293159609,307,1.0,SRC_MUNICIPAL_PRORRATEADA,SECCION,COMPLETO
72,19,NUEVO LEON,APODACA,,16,89,654,335,0.5122324159021406,0.48776758409785936,MC,126,0.3761194029850746,30,0.08955223880597014,PRI,96,0.2865671641791045,41,0.12238805970149254,PAN,55,0.16417910447761194,MC,126,0.3761194029850746,30,0.08955223880597014,PRI,96,0.2865671641791045,41,0.12238805970149254,PAN,55,0.16417910447761194,55,0.16417910447761194,96,0.2865671641791045,0,0.0,2,0.005970149253731343,3,0.008955223880597015,126,0.3761194029850746,39,0.11641791044776119,1,0.0029850746268656717,1,0.0029850746268656717,0,0.0,6,0.01791044776119403,1,0.0029850746268656717,1,0.0029850746268656717,0,0.0,0,0.0,0,0.0,0,0.0,0,0.0,1,0.0029850746268656717,0,0.0,0,0.0,0,0.0,0,0.0,0,0.0,3,0.008955223880597015,335,1.0,SRC_MUNICIPAL_PRORRATEADA,SECCION,COMPLETO
73,19,NUEVO LEON,APODACA,,16,90,757,388,0.512549537648613,0.487450462351387,MC,175,0.45103092783505155,92,0.23711340206185566,PRI,83,0.21391752577319587,10,0.02577319587628866,PAN,73,0.18814432989690721,MC,175,0.45103092783505155,92,0.23711340206185566,PRI,83,0.21391752577319587,10,0.02577319587628866,PAN,73,0.18814432989690721,73,0.18814432989690721,83,0.21391752577319587,0,0.0,4,0.010309278350515464,2,0.005154639175257732,175,0.45103092783505155,36,0.09278350515463918,3,0.007731958762886598,2,0.005154639175257732,1,0.002577319587628866,1,0.002577319587628866,1,0.002577319587628866,0,0.0,0,0.0,0,0.0,0,0.0,0,0.0,0,0.0,1,0.002577319587628866,0,0.0,0,0.0,0,0.0,0,0.0,0,0.0,6,0.015463917525773196,388,1.0,SRC_MUNICIPAL_PRORRATEADA,SECCION,COMPLETO
74,19,NUEVO LEON,APODACA,,16,91,595,305,0.5126050420168067,0.4873949579831933,MC,114,0.3737704918032787,31,0.10163934426229508,PRI,83,0.2721311475409836,28,0.09180327868852459,PAN,55,0.18032786885245902,MC,114,0.3737704918032787,31,0.10163934426229508,PRI,83,0.2721311475409836,28,0.09180327868852459,PAN,55,0.18032786885245902,55,0.18032786885245902,83,0.2721311475409836,2,0.006557377049180328,4,0.013114754098360656,3,0.009836065573770493,114,0.3737704918032787,34,0.11147540983606558,0,0.0,2,0.006557377049180328,0,0.0,1,0.003278688524590164,0,0.0,0,0.0,0,0.0,0,0.0,0,0.0,0,0.0,0,0.0,0,0.0,0,0.0,0,0.0,0,0.0,0,0.0,0,0.0,7,0.022950819672131147,305,1.0,SRC_MUNICIPAL_PRORRATEADA,SECCION,COMPLETO
75,19,NUEVO LEON,APODACA,,16,94,459,235,0.5119825708061002,0.4880174291938998,PRI,88,0.37446808510638296,17,0.07234042553191489,MC,71,0.3021276595744681,32,0.13617021276595745,PAN,39,0.16595744680851063,PRI,88,0.37446808510638296,17,0.07234042553191489,MC,71,0.3021276595744681,32,0.13617021276595745,PAN,39,0.16595744680851063,39,0.16595744680851063,88,0.37446808510638296,2,0.00851063829787234,1,0.00425531914893617,0,0.0,71,0.3021276595744681,23,0.09787234042553192,3,0.01276595744680851,0,0.0,0,0.0,1,0.00425531914893617,1,0.00425531914893617,1,0.00425531914893617,0,0.0,1,0.00425531914893617,1,0.00425531914893617,0,0.0,0,0.0,0,0.0,0,0.0,0,0.0,0,0.0,0,0.0,0,0.0,3,0.01276595744680851,235,1.0,SRC_MUNICIPAL_PRORRATEADA,SECCION,COMPLETO
76,19,NUEVO LEON,APODACA,,16,96,1362,698,0.5124816446402349,0.48751835535976507,PRI,224,0.3209169054441261,6,0.008595988538681949,MC,218,0.3123209169054441,108,0.15472779369627507,MORENA,110,0.15759312320916904,PRI,224,0.3209169054441261,6,0.008595988538681949,MC,218,0.3123209169054441,108,0.15472779369627507,MORENA,110,0.15759312320916904,91,0.1303724928366762,224,0.3209169054441261,2,0.0028653295128939827,3,0.004297994269340974,12,0.017191977077363897,218,0.3123209169054441,110,0.15759312320916904,7,0.01002865329512894,2,0.0028653295128939827,1,0.0014326647564469914,6,0.008595988538681949,1,0.0014326647564469914,4,0.0057306590257879654,0,0.0,0,0.0,0,0.0,0,0.0,0,0.0,1,0.0014326647564469914,0,0.0,0,0.0,0,0.0,0,0.0,0,0.0,16,0.022922636103151862,698,1.0,SRC_MUNICIPAL_PRORRATEADA,SECCION,COMPLETO
77,19,NUEVO LEON,APODACA,,16,97,621,318,0.5120772946859904,0.4879227053140096,MC,122,0.3836477987421384,56,0.1761006289308176,PRI,66,0.20754716981132076,9,0.02830188679245283,PAN,57,0.1792452830188679,MC,122,0.3836477987421384,56,0.1761006289308176,PRI,66,0.20754716981132076,9,0.02830188679245283,PAN,57,0.1792452830188679,57,0.1792452830188679,66,0.20754716981132076,2,0.006289308176100629,8,0.025157232704402517,5,0.015723270440251572,122,0.3836477987421384,40,0.12578616352201258,1,0.0031446540880503146,2,0.006289308176100629,0,0.0,4,0.012578616352201259,1,0.0031446540880503146,0,0.0,0,0.0,0,0.0,0,0.0,0,0.0,0,0.0,0,0.0,0,0.0,0,0.0,0,0.0,1,0.0031446540880503146,0,0.0,9,0.02830188679245283,318,1.0,SRC_MUNICIPAL_PRORRATEADA,SECCION,COMPLETO
78,19,NUEVO LEON,APODACA,,16,98,1307,670,0.5126243305279266,0.48737566947207345,PRI,213,0.31791044776119404,10,0.014925373134328358,MC,203,0.3029850746268657,103,0.1537313432835821,MORENA,100,0.14925373134328357,PRI,213,0.31791044776119404,10,0.014925373134328358,MC,203,0.3029850746268657,103,0.1537313432835821,MORENA,100,0.14925373134328357,92,0.1373134328358209,213,0.31791044776119404,2,0.0029850746268656717,7,0.010447761194029851,7,0.010447761194029851,203,0.3029850746268657,100,0.14925373134328357,8,0.011940298507462687,2,0.0029850746268656717,1,0.0014925373134328358,1,0.0014925373134328358,3,0.004477611940298508,1,0.0014925373134328358,3,0.004477611940298508,0,0.0,0,0.0,0,0.0,1,0.0014925373134328358,2,0.0029850746268656717,0,0.0,2,0.0029850746268656717,0,0.0,1,0.0014925373134328358,0,0.0,21,0.03134328358208955,670,1.0,SRC_MUNICIPAL_PRORRATEADA,SECCION,COMPLETO
79,19,NUEVO LEON,APODACA,,16,101,2209,1132,0.5124490719782707,0.4875509280217293,MC,469,0.41431095406360424,207,0.18286219081272084,PRI,262,0.2314487632508834,34,0.030035335689045935,PAN,228,0.20141342756183744,MC,469,0.41431095406360424,207,0.18286219081272084,PRI,262,0.2314487632508834,34,0.030035335689045935,PAN,228,0.20141342756183744,228,0.20141342756183744,262,0.2314487632508834,2,0.0017667844522968198,11,0.009717314487632508,8,0.007067137809187279,469,0.41431095406360424,112,0.0989399293286219,3,0.00265017667844523,8,0.007067137809187279,1,0.0008833922261484099,5,0.00441696113074205,6,0.00530035335689046,5,0.00441696113074205,1,0.0008833922261484099,0,0.0,0,0.0,0,0.0,0,0.0,0,0.0,0,0.0,1,0.0008833922261484099,0,0.0,0,0.0,1,0.0008833922261484099,9,0.007950530035335688,1132,1.0,SRC_MUNICIPAL_PRORRATEADA,SECCION,COMPLETO
80,19,NUEVO LEON,APODACA,,16,102,761,390,0.5124835742444153,0.48751642575558474,MC,163,0.41794871794871796,80,0.20512820512820512,PAN,83,0.2128205128205128,5,0.01282051282051282,PRI,78,0.2,MC,163,0.41794871794871796,80,0.20512820512820512,PAN,83,0.2128205128205128,5,0.01282051282051282,PRI,78,0.2,83,0.2128205128205128,78,0.2,3,0.007692307692307693,1,0.002564102564102564,6,0.015384615384615385,163,0.41794871794871796,41,0.10512820512820513,4,0.010256410256410256,2,0.005128205128205128,1,0.002564102564102564,1,0.002564102564102564,1,0.002564102564102564,1,0.002564102564102564,1,0.002564102564102564,0,0.0,0,0.0,0,0.0,0,0.0,0,0.0,0,0.0,0,0.0,0,0.0,0,0.0,0,0.0,4,0.010256410256410256,390,1.0,SRC_MUNICIPAL_PRORRATEADA,SECCION,COMPLETO
81,19,NUEVO LEON,APODACA,,16,2177,853,437,0.5123094958968347,0.4876905041031653,MC,189,0.43249427917620137,65,0.14874141876430205,PAN,124,0.2837528604118993,41,0.09382151029748284,PRI,83,0.18993135011441648,MC,189,0.43249427917620137,65,0.14874141876430205,PAN,124,0.2837528604118993,41,0.09382151029748284,PRI,83,0.18993135011441648,124,0.2837528604118993,83,0.18993135011441648,2,0.004576659038901602,2,0.004576659038901602,3,0.006864988558352402,189,0.43249427917620137,20,0.04576659038901602,1,0.002288329519450801,0,0.0,0,0.0,6,0.013729977116704805,0,0.0,0,0.0,1,0.002288329519450801,0,0.0,0,0.0,0,0.0,0,0.0,0,0.0,0,0.0,0,0.0,0,0.0,0,0.0,0,0.0,6,0.013729977116704805,437,1.0,SRC_MUNICIPAL_PRORRATEADA,SECCION,COMPLETO
82,19,NUEVO LEON,APODACA,,16,2181,759,389,0.5125164690382081,0.48748353096179187,MC,133,0.34190231362467866,6,0.015424164524421594,PRI,127,0.3264781491002571,76,0.1953727506426735,MORENA,51,0.13110539845758354,MC,133,0.34190231362467866,6,0.015424164524421594,PRI,127,0.3264781491002571,76,0.1953727506426735,MORENA,51,0.13110539845758354,49,0.12596401028277635,127,0.3264781491002571,2,0.005141388174807198,7,0.017994858611825194,2,0.005141388174807198,133,0.34190231362467866,51,0.13110539845758354,3,0.007712082262210797,1,0.002570694087403599,0,0.0,3,0.007712082262210797,1,0.002570694087403599,0,0.0,1,0.002570694087403599,0,0.0,0,0.0,0,0.0,1,0.002570694087403599,0,0.0,0,0.0,0,0.0,0,0.0,0,0.0,0,0.0,8,0.02056555269922879,389,1.0,SRC_MUNICIPAL_PRORRATEADA,SECCION,COMPLETO
83,19,NUEVO LEON,APODACA,,16,2182,708,363,0.5127118644067796,0.4872881355932204,MC,139,0.38292011019283745,34,0.09366391184573003,PRI,105,0.2892561983471074,53,0.14600550964187328,PAN,52,0.14325068870523416,MC,139,0.38292011019283745,34,0.09366391184573003,PRI,105,0.2892561983471074,53,0.14600550964187328,PAN,52,0.14325068870523416,52,0.14325068870523416,105,0.2892561983471074,1,0.0027548209366391185,6,0.01652892561983471,2,0.005509641873278237,139,0.38292011019283745,44,0.12121212121212122,3,0.008264462809917356,1,0.0027548209366391185,0,0.0,2,0.005509641873278237,3,0.008264462809917356,0,0.0,2,0.005509641873278237,0,0.0,0,0.0,0,0.0,0,0.0,0,0.0,0,0.0,0,0.0,0,0.0,0,0.0,0,0.0,3,0.008264462809917356,363,1.0,SRC_MUNICIPAL_PRORRATEADA,SECCION,COMPLETO
84,19,NUEVO LEON,APODACA,,16,2183,566,290,0.5123674911660777,0.4876325088339223,MC,124,0.42758620689655175,59,0.20344827586206896,PAN,65,0.22413793103448276,3,0.010344827586206896,PRI,62,0.21379310344827587,MC,124,0.42758620689655175,59,0.20344827586206896,PAN,65,0.22413793103448276,3,0.010344827586206896,PRI,62,0.21379310344827587,65,0.22413793103448276,62,0.21379310344827587,1,0.0034482758620689655,4,0.013793103448275862,1,0.0034482758620689655,124,0.42758620689655175,24,0.08275862068965517,0,0.0,0,0.0,1,0.0034482758620689655,1,0.0034482758620689655,1,0.0034482758620689655,0,0.0,1,0.0034482758620689655,0,0.0,0,0.0,0,0.0,0,0.0,0,0.0,0,0.0,0,0.0,0,0.0,0,0.0,0,0.0,5,0.017241379310344827,290,1.0,SRC_MUNICIPAL_PRORRATEADA,SECCION,COMPLETO
85,19,NUEVO LEON,APODACA,,16,2187,367,188,0.5122615803814714,0.4877384196185286,MC,68,0.3617021276595745,13,0.06914893617021277,PRI,55,0.2925531914893617,18,0.09574468085106383,PAN,37,0.19680851063829788,MC,68,0.3617021276595745,13,0.06914893617021277,PRI,55,0.2925531914893617,18,0.09574468085106383,PAN,37,0.19680851063829788,37,0.19680851063829788,55,0.2925531914893617,2,0.010638297872340425,4,0.02127659574468085,2,0.010638297872340425,68,0.3617021276595745,14,0.07446808510638298,1,0.005319148936170213,0,0.0,0,0.0,3,0.015957446808510637,0,0.0,0,0.0,0,0.0,0,0.0,0,0.0,0,0.0,0,0.0,0,0.0,0,0.0,0,0.0,0,0.0,0,0.0,0,0.0,2,0.010638297872340425,188,1.0,SRC_MUNICIPAL_PRORRATEADA,SECCION,COMPLETO
86,19,NUEVO LEON,APODACA,,16,2193,336,172,0.5119047619047619,0.48809523809523814,PRI,56,0.32558139534883723,9,0.05232558139534884,MC,47,0.27325581395348836,13,0.0755813953488372,PAN,34,0.19767441860465115,PRI,56,0.32558139534883723,9,0.05232558139534884,MC,47,0.27325581395348836,13,0.0755813953488372,PAN,34,0.19767441860465115,34,0.19767441860465115,56,0.32558139534883723,0,0.0,2,0.011627906976744186,1,0.005813953488372093,47,0.27325581395348836,23,0.13372093023255813,2,0.011627906976744186,0,0.0,3,0.01744186046511628,1,0.005813953488372093,0,0.0,0,0.0,0,0.0,0,0.0,0,0.0,0,0.0,0,0.0,0,0.0,0,0.0,0,0.0,0,0.0,0,0.0,0,0.0,3,0.01744186046511628,172,1.0,SRC_MUNICIPAL_PRORRATEADA,SECCION,COMPLETO
87,19,NUEVO LEON,APODACA,,16,2194,375,192,0.512,0.488,MC,78,0.40625,26,0.13541666666666666,PRI,52,0.2708333333333333,21,0.109375,PAN,31,0.16145833333333334,MC,78,0.40625,26,0.13541666666666666,PRI,52,0.2708333333333333,21,0.109375,PAN,31,0.16145833333333334,31,0.16145833333333334,52,0.2708333333333333,0,0.0,1,0.005208333333333333,2,0.010416666666666666,78,0.40625,23,0.11979166666666667,1,0.005208333333333333,0,0.0,2,0.010416666666666666,0,0.0,1,0.005208333333333333,0,0.0,0,0.0,0,0.0,0,0.0,0,0.0,0,0.0,0,0.0,0,0.0,0,0.0,0,0.0,0,0.0,0,0.0,1,0.005208333333333333,192,1.0,SRC_MUNICIPAL_PRORRATEADA,SECCION,COMPLETO
88,19,NUEVO LEON,APODACA,,16,2421,550,282,0.5127272727272727,0.4872727272727273,MC,128,0.45390070921985815,59,0.20921985815602837,PRI,69,0.24468085106382978,35,0.12411347517730496,PAN,34,0.12056737588652482,MC,128,0.45390070921985815,59,0.20921985815602837,PRI,69,0.24468085106382978,35,0.12411347517730496,PAN,34,0.12056737588652482,34,0.12056737588652482,69,0.24468085106382978,2,0.0070921985815602835,6,0.02127659574468085,1,0.0035460992907801418,128,0.45390070921985815,24,0.0851063829787234,2,0.0070921985815602835,2,0.0070921985815602835,2,0.0070921985815602835,5,0.01773049645390071,3,0.010638297872340425,0,0.0,0,0.0,0,0.0,0,0.0,0,0.0,0,0.0,0,0.0,0,0.0,0,0.0,0,0.0,0,0.0,0,0.0,4,0.014184397163120567,282,1.0,SRC_MUNICIPAL_PRORRATEADA,SECCION,COMPLETO
89,19,NUEVO LEON,APODACA,,16,2422,447,229,0.5123042505592841,0.4876957494407159,MC,83,0.3624454148471616,27,0.11790393013100436,PRI,56,0.2445414847161572,12,0.05240174672489083,PAN,44,0.19213973799126638,MC,83,0.3624454148471616,27,0.11790393013100436,PRI,56,0.2445414847161572,12,0.05240174672489083,PAN,44,0.19213973799126638,44,0.19213973799126638,56,0.2445414847161572,0,0.0,4,0.017467248908296942,3,0.013100436681222707,83,0.3624454148471616,23,0.10043668122270742,2,0.008733624454148471,0,0.0,1,0.004366812227074236,6,0.026200873362445413,2,0.008733624454148471,1,0.004366812227074236,0,0.0,0,0.0,0,0.0,0,0.0,0,0.0,1,0.004366812227074236,0,0.0,1,0.004366812227074236,0,0.0,0,0.0,0,0.0,2,0.008733624454148471,229,1.0,SRC_MUNICIPAL_PRORRATEADA,SECCION,COMPLETO
90,19,NUEVO LEON,APODACA,,16,2423,570,292,0.512280701754386,0.487719298245614,MC,117,0.4006849315068493,50,0.17123287671232876,PRI,67,0.22945205479452055,21,0.07191780821917808,PAN,46,0.15753424657534246,MC,117,0.4006849315068493,50,0.17123287671232876,PRI,67,0.22945205479452055,21,0.07191780821917808,PAN,46,0.15753424657534246,46,0.15753424657534246,67,0.22945205479452055,1,0.003424657534246575,2,0.00684931506849315,3,0.010273972602739725,117,0.4006849315068493,36,0.1232876712328767,4,0.0136986301369863,3,0.010273972602739725,1,0.003424657534246575,2,0.00684931506849315,0,0.0,1,0.003424657534246575,0,0.0,0,0.0,0,0.0,0,0.0,1,0.003424657534246575,0,0.0,0,0.0,1,0.003424657534246575,0,0.0,0,0.0,0,0.0,7,0.023972602739726026,292,1.0,SRC_MUNICIPAL_PRORRATEADA,SECCION,COMPLETO
91,19,NUEVO LEON,APODACA,,16,2424,611,313,0.5122749590834698,0.48772504091653024,MC,129,0.41214057507987223,46,0.14696485623003194,PRI,83,0.26517571884984026,28,0.08945686900958466,PAN,55,0.1757188498402556,MC,129,0.41214057507987223,46,0.14696485623003194,PRI,83,0.26517571884984026,28,0.08945686900958466,PAN,55,0.1757188498402556,55,0.1757188498402556,83,0.26517571884984026,0,0.0,2,0.006389776357827476,5,0.01597444089456869,129,0.41214057507987223,28,0.08945686900958466,1,0.003194888178913738,4,0.012779552715654952,1,0.003194888178913738,1,0.003194888178913738,1,0.003194888178913738,0,0.0,0,0.0,0,0.0,0,0.0,0,0.0,1,0.003194888178913738,0,0.0,0,0.0,0,0.0,0,0.0,0,0.0,0,0.0,2,0.006389776357827476,313,1.0,SRC_MUNICIPAL_PRORRATEADA,SECCION,COMPLETO
92,19,NUEVO LEON,APODACA,,16,2425,570,292,0.512280701754386,0.487719298245614,MC,129,0.4417808219178082,55,0.18835616438356165,PRI,74,0.2534246575342466,19,0.06506849315068493,PAN,55,0.18835616438356165,MC,129,0.4417808219178082,55,0.18835616438356165,PRI,74,0.2534246575342466,19,0.06506849315068493,PAN,55,0.18835616438356165,55,0.18835616438356165,74,0.2534246575342466,1,0.003424657534246575,1,0.003424657534246575,3,0.010273972602739725,129,0.4417808219178082,19,0.06506849315068493,2,0.00684931506849315,0,0.0,0,0.0,2,0.00684931506849315,0,0.0,1,0.003424657534246575,0,0.0,0,0.0,0,0.0,0,0.0,0,0.0,0,0.0,0,0.0,0,0.0,0,0.0,0,0.0,0,0.0,5,0.017123287671232876,292,1.0,SRC_MUNICIPAL_PRORRATEADA,SECCION,COMPLETO
93,19,NUEVO LEON,APODACA,,16,2426,1512,775,0.5125661375661376,0.48743386243386244,MC,362,0.4670967741935484,195,0.25161290322580643,PRI,167,0.21548387096774194,36,0.04645161290322581,PAN,131,0.16903225806451613,MC,362,0.4670967741935484,195,0.25161290322580643,PRI,167,0.21548387096774194,36,0.04645161290322581,PAN,131,0.16903225806451613,131,0.16903225806451613,167,0.21548387096774194,0,0.0,6,0.007741935483870968,9,0.011612903225806452,362,0.4670967741935484,76,0.09806451612903226,4,0.005161290322580645,1,0.0012903225806451613,4,0.005161290322580645,4,0.005161290322580645,0,0.0,0,0.0,0,0.0,0,0.0,0,0.0,0,0.0,0,0.0,0,0.0,0,0.0,0,0.0,0,0.0,0,0.0,0,0.0,11,0.014193548387096775,775,1.0,SRC_MUNICIPAL_PRORRATEADA,SECCION,COMPLETO
94,19,NUEVO LEON,APODACA,,16,2433,802,411,0.5124688279301746,0.48753117206982544,MC,178,0.43309002433090027,76,0.18491484184914841,PRI,102,0.24817518248175183,37,0.09002433090024331,PAN,65,0.15815085158150852,MC,178,0.43309002433090027,76,0.18491484184914841,PRI,102,0.24817518248175183,37,0.09002433090024331,PAN,65,0.15815085158150852,65,0.15815085158150852,102,0.24817518248175183,0,0.0,3,0.0072992700729927005,4,0.009732360097323601,178,0.43309002433090027,42,0.10218978102189781,2,0.004866180048661801,1,0.0024330900243309003,3,0.0072992700729927005,1,0.0024330900243309003,1,0.0024330900243309003,0,0.0,1,0.0024330900243309003,0,0.0,0,0.0,0,0.0,0,0.0,2,0.004866180048661801,0,0.0,2,0.004866180048661801,0,0.0,0,0.0,0,0.0,4,0.009732360097323601,411,1.0,SRC_MUNICIPAL_PRORRATEADA,SECCION,COMPLETO
95,19,NUEVO LEON,APODACA,,16,2434,683,350,0.5124450951683748,0.4875549048316252,MC,165,0.4714285714285714,86,0.24571428571428572,PAN,79,0.2257142857142857,1,0.002857142857142857,PRI,78,0.22285714285714286,MC,165,0.4714285714285714,86,0.24571428571428572,PAN,79,0.2257142857142857,1,0.002857142857142857,PRI,78,0.22285714285714286,79,0.2257142857142857,78,0.22285714285714286,1,0.002857142857142857,1,0.002857142857142857,0,0.0,165,0.4714285714285714,19,0.054285714285714284,2,0.005714285714285714,0,0.0,0,0.0,1,0.002857142857142857,1,0.002857142857142857,1,0.002857142857142857,0,0.0,0,0.0,0,0.0,0,0.0,0,0.0,1,0.002857142857142857,0,0.0,0,0.0,0,0.0,0,0.0,0,0.0,1,0.002857142857142857,350,1.0,SRC_MUNICIPAL_PRORRATEADA,SECCION,COMPLETO
96,19,NUEVO LEON,APODACA,,16,2493,708,363,0.5127118644067796,0.4872881355932204,MC,144,0.39669421487603307,47,0.12947658402203857,PAN,97,0.26721763085399447,33,0.09090909090909091,PRI,64,0.1763085399449036,MC,144,0.39669421487603307,47,0.12947658402203857,PAN,97,0.26721763085399447,33,0.09090909090909091,PRI,64,0.1763085399449036,97,0.26721763085399447,64,0.1763085399449036,2,0.005509641873278237,2,0.005509641873278237,2,0.005509641873278237,144,0.39669421487603307,37,0.10192837465564739,0,0.0,5,0.013774104683195593,2,0.005509641873278237,2,0.005509641873278237,0,0.0,0,0.0,0,0.0,0,0.0,0,0.0,0,0.0,0,0.0,1,0.0027548209366391185,0,0.0,0,0.0,0,0.0,0,0.0,0,0.0,5,0.013774104683195593,363,1.0,SRC_MUNICIPAL_PRORRATEADA,SECCION,COMPLETO
97,19,NUEVO LEON,ARAMBERRI,,26,0,10924,8779,0.8036433540827536,0.19635664591724644,PRI,4290,0.48866613509511336,1887,0.21494475452785056,PAN,2403,0.2737213805672628,1523,0.17348217336826519,PT,880,0.1002392071989976,PRI,4290,0.48866613509511336,1887,0.21494475452785056,PAN,2403,0.2737213805672628,1523,0.17348217336826519,PT,880,0.1002392071989976,2403,0.2737213805672628,4290,0.48866613509511336,12,0.001366898279986331,49,0.005581501309944185,880,0.1002392071989976,532,0.060599157079394006,339,0.03861487640961385,32,0.0036450620799635494,7,0.0007973573299920264,3,0.00034172456999658277,9,0.0010251737099897483,24,0.002733796559972662,5,0.0005695409499943046,1,0.00011390818999886092,0,0.0,0,0.0,0,0.0,4,0.00045563275999544367,0,0.0,0,0.0,5,0.0005695409499943046,1,0.00011390818999886092,0,0.0,0,0.0,183,0.02084519876979155,8779,1.0,SRC_MUNICIPAL_PRORRATEADA,SECCION,COMPLETO
98,19,NUEVO LEON,ARAMBERRI,,26,151,600,482,0.8033333333333333,0.19666666666666666,PRI,232,0.48132780082987553,79,0.16390041493775934,PAN,153,0.31742738589211617,111,0.23029045643153526,MC,42,0.08713692946058091,PRI,232,0.48132780082987553,79,0.16390041493775934,PAN,153,0.31742738589211617,111,0.23029045643153526,MC,42,0.08713692946058091,153,0.31742738589211617,232,0.48132780082987553,1,0.002074688796680498,0,0.0,16,0.03319502074688797,42,0.08713692946058091,27,0.056016597510373446,1,0.002074688796680498,0,0.0,0,0.0,1,0.002074688796680498,0,0.0,0,0.0,0,0.0,0,0.0,0,0.0,0,0.0,0,0.0,0,0.0,0,0.0,0,0.0,0,0.0,0,0.0,0,0.0,9,0.01867219917012448,482,1.0,SRC_MUNICIPAL_PRORRATEADA,SECCION,COMPLETO
99,19,NUEVO LEON,ARAMBERRI,,26,158,448,360,0.8035714285714286,0.1964285714285714,PRI,141,0.39166666666666666,5,0.013888888888888888,PAN,136,0.37777777777777777,112,0.3111111111111111,MC,24,0.06666666666666667,PRI,141,0.39166666666666666,5,0.013888888888888888,PAN,136,0.37777777777777777,112,0.3111111111111111,MC,24,0.06666666666666667,136,0.37777777777777777,141,0.39166666666666666,0,0.0,1,0.002777777777777778,22,0.06111111111111111,24,0.06666666666666667,20,0.05555555555555555,0,0.0,0,0.0,0,0.0,0,0.0,0,0.0,1,0.002777777777777778,0,0.0,0,0.0,0,0.0,0,0.0,0,0.0,0,0.0,0,0.0,2,0.005555555555555556,0,0.0,0,0.0,0,0.0,13,0.03611111111111111,360,1.0,SRC_MUNICIPAL_PRORRATEADA,SECCION,COMPLETO
100,19,NUEVO LEON,ARAMBERRI,,26,161,496,399,0.8044354838709677,0.19556451612903225,PAN,155,0.38847117794486213,9,0.022556390977443608,PRI,146,0.3659147869674185,118,0.2957393483709273,MORENA,28,0.07017543859649122,PAN,155,0.38847117794486213,9,0.022556390977443608,PRI,146,0.3659147869674185,118,0.2957393483709273,MORENA,28,0.07017543859649122,155,0.38847117794486213,146,0.3659147869674185,1,0.002506265664160401,3,0.007518796992481203,20,0.05012531328320802,26,0.06516290726817042,28,0.07017543859649122,2,0.005012531328320802,0,0.0,0,0.0,0,0.0,2,0.005012531328320802,0,0.0,0,0.0,1,0.002506265664160401,0,0.0,0,0.0,0,0.0,0,0.0,0,0.0,0,0.0,0,0.0,0,0.0,0,0.0,15,0.03759398496240601,399,1.0,SRC_MUNICIPAL_PRORRATEADA,SECCION,COMPLETO
101,19,NUEVO LEON,BUSTAMANTE,,21,0,3222,2639,0.819056486654252,0.18094351334574799,PAN,765,0.2898825312618416,139,0.05267146646456991,MC,626,0.2372110647972717,24,0.00909435392194013,PRI,602,0.22811671087533156,PAN,765,0.2898825312618416,139,0.05267146646456991,MC,626,0.2372110647972717,24,0.00909435392194013,PRI,602,0.22811671087533156,765,0.2898825312618416,602,0.22811671087533156,5,0.0018946570670708603,94,0.03561955286093217,31,0.011746873815839333,626,0.2372110647972717,211,0.0799545282303903,55,0.020841227737779463,8,0.0030314513073133762,165,0.06252368321333839,39,0.014778325123152709,0,0.0,2,0.0007578628268283441,1,0.00037893141341417203,0,0.0,0,0.0,0,0.0,0,0.0,2,0.0007578628268283441,2,0.0007578628268283441,0,0.0,0,0.0,0,0.0,2,0.0007578628268283441,29,0.01098901098901099,2639,1.0,SRC_MUNICIPAL_PRORRATEADA,SECCION,COMPLETO
102,19,NUEVO LEON,CADEREYTA JIMENEZ,,23,0,66358,29662,0.44699960818590073,0.5530003918140993,MC,8376,0.2823814982132021,1287,0.043388847683905336,PRI,7089,0.23899265052929675,1215,0.040961499561728815,PAN,5874,0.19803115096756793,MC,8376,0.2823814982132021,1287,0.043388847683905336,PRI,7089,0.23899265052929675,1215,0.040961499561728815,PAN,5874,0.19803115096756793,5874,0.19803115096756793,7089,0.23899265052929675,209,0.007046052187984627,1904,0.06418987256422358,605,0.020396466859955498,8376,0.2823814982132021,3798,0.12804261344481155,231,0.007787741891983008,163,0.005495246443260738,164,0.005528959611624301,478,0.016114894477783023,37,0.0012473872294518238,53,0.0017867979232688287,32,0.00107882138763401,8,0.0002697053469085025,12,0.0004045580203627537,3,0.00010113950509068843,6,0.00020227901018137685,38,0.0012811003978153866,7,0.00023599217854493966,12,0.0004045580203627537,2,6.742633672712562e-05,4,0.00013485267345425124,4,0.00013485267345425124,553,0.018643382105050232,29662,1.0,SRC_MUNICIPAL_PRORRATEADA,SECCION,COMPLETO
103,19,NUEVO LEON,CADEREYTA JIMENEZ,,23,176,1508,674,0.4469496021220159,0.5530503978779842,PRI,162,0.2403560830860534,3,0.004451038575667656,MC,159,0.23590504451038577,23,0.03412462908011869,PAN,136,0.20178041543026706,PRI,162,0.2403560830860534,3,0.004451038575667656,MC,159,0.23590504451038577,23,0.03412462908011869,PAN,136,0.20178041543026706,136,0.20178041543026706,162,0.2403560830860534,4,0.005934718100890208,44,0.06528189910979229,12,0.017804154302670624,159,0.23590504451038577,105,0.15578635014836795,4,0.005934718100890208,5,0.00741839762611276,4,0.005934718100890208,10,0.01483679525222552,2,0.002967359050445104,3,0.004451038575667656,1,0.001483679525222552,0,0.0,1,0.001483679525222552,0,0.0,0,0.0,1,0.001483679525222552,0,0.0,0,0.0,0,0.0,2,0.002967359050445104,0,0.0,19,0.028189910979228485,674,1.0,SRC_MUNICIPAL_PRORRATEADA,SECCION,COMPLETO
104,19,NUEVO LEON,CADEREYTA JIMENEZ,,23,177,756,338,0.4470899470899471,0.5529100529100529,MC,85,0.2514792899408284,4,0.011834319526627219,PRI,81,0.23964497041420119,15,0.04437869822485207,PAN,66,0.1952662721893491,MC,85,0.2514792899408284,4,0.011834319526627219,PRI,81,0.23964497041420119,15,0.04437869822485207,PAN,66,0.1952662721893491,66,0.1952662721893491,81,0.23964497041420119,0,0.0,15,0.04437869822485207,1,0.0029585798816568047,85,0.2514792899408284,61,0.1804733727810651,1,0.0029585798816568047,3,0.008875739644970414,0,0.0,5,0.014792899408284023,0,0.0,1,0.0029585798816568047,0,0.0,0,0.0,0,0.0,0,0.0,0,0.0,0,0.0,0,0.0,0,0.0,0,0.0,0,0.0,0,0.0,19,0.05621301775147929,338,1.0,SRC_MUNICIPAL_PRORRATEADA,SECCION,COMPLETO
105,19,NUEVO LEON,CADEREYTA JIMENEZ,,23,178,662,296,0.4471299093655589,0.552870090634441,MC,84,0.28378378378378377,30,0.10135135135135136,PAN,54,0.18243243243243243,1,0.0033783783783783786,PRI,53,0.17905405405405406,MC,84,0.28378378378378377,30,0.10135135135135136,PAN,54,0.18243243243243243,1,0.0033783783783783786,PRI,53,0.17905405405405406,54,0.18243243243243243,53,0.17905405405405406,2,0.006756756756756757,19,0.06418918918918919,2,0.006756756756756757,84,0.28378378378378377,48,0.16216216216216217,4,0.013513513513513514,3,0.010135135135135136,2,0.006756756756756757,8,0.02702702702702703,1,0.0033783783783783786,0,0.0,0,0.0,0,0.0,0,0.0,0,0.0,0,0.0,2,0.006756756756756757,1,0.0033783783783783786,1,0.0033783783783783786,0,0.0,0,0.0,0,0.0,12,0.04054054054054054,296,1.0,SRC_MUNICIPAL_PRORRATEADA,SECCION,COMPLETO
106,19,NUEVO LEON,CADEREYTA JIMENEZ,,23,179,1221,546,0.44717444717444715,0.5528255528255528,MC,143,0.2619047619047619,15,0.027472527472527472,PRI,128,0.23443223443223443,9,0.016483516483516484,PAN,119,0.21794871794871795,MC,143,0.2619047619047619,15,0.027472527472527472,PRI,128,0.23443223443223443,9,0.016483516483516484,PAN,119,0.21794871794871795,119,0.21794871794871795,128,0.23443223443223443,5,0.009157509157509158,27,0.04945054945054945,13,0.023809523809523808,143,0.2619047619047619,64,0.11721611721611722,9,0.016483516483516484,1,0.0018315018315018315,13,0.023809523809523808,7,0.01282051282051282,1,0.0018315018315018315,2,0.003663003663003663,0,0.0,0,0.0,0,0.0,0,0.0,0,0.0,1,0.0018315018315018315,0,0.0,1,0.0018315018315018315,0,0.0,1,0.0018315018315018315,0,0.0,11,0.020146520146520148,546,1.0,SRC_MUNICIPAL_PRORRATEADA,SECCION,COMPLETO
107,19,NUEVO LEON,CADEREYTA JIMENEZ,,23,180,642,287,0.4470404984423676,0.5529595015576324,MC,79,0.27526132404181186,19,0.06620209059233449,PAN,60,0.20905923344947736,1,0.003484320557491289,PRI,59,0.20557491289198607,MC,79,0.27526132404181186,19,0.06620209059233449,PAN,60,0.20905923344947736,1,0.003484320557491289,PRI,59,0.20557491289198607,60,0.20905923344947736,59,0.20557491289198607,0,0.0,17,0.059233449477351915,6,0.020905923344947737,79,0.27526132404181186,42,0.14634146341463414,2,0.006968641114982578,0,0.0,5,0.017421602787456445,3,0.010452961672473868,1,0.003484320557491289,0,0.0,0,0.0,0,0.0,0,0.0,0,0.0,0,0.0,0,0.0,1,0.003484320557491289,0,0.0,0,0.0,0,0.0,1,0.003484320557491289,11,0.03832752613240418,287,1.0,SRC_MUNICIPAL_PRORRATEADA,SECCION,COMPLETO
108,19,NUEVO LEON,CADEREYTA JIMENEZ,,23,181,510,228,0.4470588235294118,0.5529411764705883,MC,57,0.25,7,0.03070175438596491,PRI,50,0.21929824561403508,6,0.02631578947368421,PAN,44,0.19298245614035087,MC,57,0.25,7,0.03070175438596491,PRI,50,0.21929824561403508,6,0.02631578947368421,PAN,44,0.19298245614035087,44,0.19298245614035087,50,0.21929824561403508,1,0.0043859649122807015,18,0.07894736842105263,3,0.013157894736842105,57,0.25,28,0.12280701754385964,3,0.013157894736842105,2,0.008771929824561403,2,0.008771929824561403,10,0.043859649122807015,0,0.0,0,0.0,0,0.0,0,0.0,0,0.0,0,0.0,0,0.0,0,0.0,0,0.0,0,0.0,0,0.0,1,0.0043859649122807015,0,0.0,9,0.039473684210526314,228,1.0,SRC_MUNICIPAL_PRORRATEADA,SECCION,COMPLETO
109,19,NUEVO LEON,CADEREYTA JIMENEZ,,23,182,1459,652,0.4468814256339959,0.5531185743660041,PAN,161,0.2469325153374233,2,0.003067484662576687,MC,159,0.24386503067484663,12,0.018404907975460124,PRI,147,0.2254601226993865,PAN,161,0.2469325153374233,2,0.003067484662576687,MC,159,0.24386503067484663,12,0.018404907975460124,PRI,147,0.2254601226993865,161,0.2469325153374233,147,0.2254601226993865,4,0.006134969325153374,50,0.07668711656441718,10,0.015337423312883436,159,0.24386503067484663,62,0.0950920245398773,7,0.010736196319018405,3,0.004601226993865031,7,0.010736196319018405,14,0.02147239263803681,0,0.0,0,0.0,0,0.0,0,0.0,0,0.0,0,0.0,0,0.0,0,0.0,0,0.0,1,0.0015337423312883436,0,0.0,0,0.0,0,0.0,27,0.04141104294478527,652,1.0,SRC_MUNICIPAL_PRORRATEADA,SECCION,COMPLETO
110,19,NUEVO LEON,CADEREYTA JIMENEZ,,23,187,685,306,0.4467153284671533,0.5532846715328468,MC,85,0.2777777777777778,2,0.006535947712418301,PRI,83,0.27124183006535946,31,0.10130718954248366,PAN,52,0.16993464052287582,MC,85,0.2777777777777778,2,0.006535947712418301,PRI,83,0.27124183006535946,31,0.10130718954248366,PAN,52,0.16993464052287582,52,0.16993464052287582,83,0.27124183006535946,0,0.0,26,0.08496732026143791,4,0.013071895424836602,85,0.2777777777777778,41,0.13398692810457516,2,0.006535947712418301,0,0.0,1,0.0032679738562091504,4,0.013071895424836602,0,0.0,1,0.0032679738562091504,0,0.0,0,0.0,0,0.0,0,0.0,0,0.0,0,0.0,0,0.0,0,0.0,0,0.0,0,0.0,0,0.0,7,0.02287581699346405,306,1.0,SRC_MUNICIPAL_PRORRATEADA,SECCION,COMPLETO
111,19,NUEVO LEON,CADEREYTA JIMENEZ,,23,190,803,359,0.44707347447073476,0.5529265255292652,MC,100,0.2785515320334262,1,0.002785515320334262,PRI,99,0.2757660167130919,22,0.06128133704735376,MORENA,77,0.21448467966573817,MC,100,0.2785515320334262,1,0.002785515320334262,PRI,99,0.2757660167130919,22,0.06128133704735376,MORENA,77,0.21448467966573817,47,0.1309192200557103,99,0.2757660167130919,1,0.002785515320334262,14,0.03899721448467967,3,0.008356545961002786,100,0.2785515320334262,77,0.21448467966573817,2,0.005571030640668524,0,0.0,2,0.005571030640668524,7,0.019498607242339833,0,0.0,0,0.0,1,0.002785515320334262,0,0.0,0,0.0,0,0.0,0,0.0,1,0.002785515320334262,0,0.0,0,0.0,0,0.0,0,0.0,0,0.0,5,0.013927576601671309,359,1.0,SRC_MUNICIPAL_PRORRATEADA,SECCION,COMPLETO
112,19,NUEVO LEON,CADEREYTA JIMENEZ,,23,192,376,168,0.44680851063829785,0.5531914893617021,PRI,44,0.2619047619047619,0,0.0,MC,44,0.2619047619047619,7,0.041666666666666664,PAN,37,0.22023809523809523,PRI,44,0.2619047619047619,0,0.0,MC,44,0.2619047619047619,7,0.041666666666666664,PAN,37,0.22023809523809523,37,0.22023809523809523,44,0.2619047619047619,0,0.0,9,0.05357142857142857,3,0.017857142857142856,44,0.2619047619047619,19,0.1130952380952381,1,0.005952380952380952,0,0.0,2,0.011904761904761904,2,0.011904761904761904,0,0.0,1,0.005952380952380952,0,0.0,0,0.0,0,0.0,0,0.0,0,0.0,0,0.0,0,0.0,0,0.0,0,0.0,0,0.0,0,0.0,6,0.03571428571428571,168,1.0,SRC_MUNICIPAL_PRORRATEADA,SECCION,COMPLETO
113,19,NUEVO LEON,CADEREYTA JIMENEZ,,23,193,492,220,0.44715447154471544,0.5528455284552846,PRI,65,0.29545454545454547,9,0.04090909090909091,PAN,56,0.2545454545454545,11,0.05,MC,45,0.20454545454545456,PRI,65,0.29545454545454547,9,0.04090909090909091,PAN,56,0.2545454545454545,11,0.05,MC,45,0.20454545454545456,56,0.2545454545454545,65,0.29545454545454547,1,0.004545454545454545,7,0.031818181818181815,2,0.00909090909090909,45,0.20454545454545456,20,0.09090909090909091,3,0.013636363636363636,2,0.00909090909090909,2,0.00909090909090909,6,0.02727272727272727,1,0.004545454545454545,0,0.0,1,0.004545454545454545,1,0.004545454545454545,0,0.0,0,0.0,1,0.004545454545454545,1,0.004545454545454545,0,0.0,0,0.0,0,0.0,0,0.0,0,0.0,6,0.02727272727272727,220,1.0,SRC_MUNICIPAL_PRORRATEADA,SECCION,COMPLETO
114,19,NUEVO LEON,CADEREYTA JIMENEZ,,23,194,872,390,0.44724770642201833,0.5527522935779816,PRI,101,0.258974358974359,3,0.007692307692307693,MC,98,0.2512820512820513,18,0.046153846153846156,PAN,80,0.20512820512820512,PRI,101,0.258974358974359,3,0.007692307692307693,MC,98,0.2512820512820513,18,0.046153846153846156,PAN,80,0.20512820512820512,80,0.20512820512820512,101,0.258974358974359,4,0.010256410256410256,26,0.06666666666666667,4,0.010256410256410256,98,0.2512820512820513,38,0.09743589743589744,3,0.007692307692307693,2,0.005128205128205128,2,0.005128205128205128,7,0.017948717948717947,1,0.002564102564102564,2,0.005128205128205128,0,0.0,0,0.0,0,0.0,0,0.0,0,0.0,0,0.0,0,0.0,0,0.0,0,0.0,0,0.0,0,0.0,22,0.05641025641025641,390,1.0,SRC_MUNICIPAL_PRORRATEADA,SECCION,COMPLETO
115,19,NUEVO LEON,CADEREYTA JIMENEZ,,23,195,221,99,0.4479638009049774,0.5520361990950227,PAN,23,0.23232323232323232,3,0.030303030303030304,PRI,20,0.20202020202020202,5,0.050505050505050504,PVEM,15,0.15151515151515152,PAN,23,0.23232323232323232,3,0.030303030303030304,PRI,20,0.20202020202020202,5,0.050505050505050504,PVEM,15,0.15151515151515152,23,0.23232323232323232,20,0.20202020202020202,0,0.0,15,0.15151515151515152,1,0.010101010101010102,12,0.12121212121212122,12,0.12121212121212122,6,0.06060606060606061,0,0.0,0,0.0,0,0.0,0,0.0,1,0.010101010101010102,0,0.0,0,0.0,0,0.0,0,0.0,0,0.0,1,0.010101010101010102,0,0.0,0,0.0,0,0.0,1,0.010101010101010102,0,0.0,7,0.0707070707070707,99,1.0,SRC_MUNICIPAL_PRORRATEADA,SECCION,COMPLETO
116,19,NUEVO LEON,CADEREYTA JIMENEZ,,23,197,383,171,0.4464751958224543,0.5535248041775457,PRI,52,0.30409356725146197,5,0.029239766081871343,MC,47,0.27485380116959063,14,0.08187134502923976,PAN,33,0.19298245614035087,PRI,52,0.30409356725146197,5,0.029239766081871343,MC,47,0.27485380116959063,14,0.08187134502923976,PAN,33,0.19298245614035087,33,0.19298245614035087,52,0.30409356725146197,0,0.0,10,0.05847953216374269,3,0.017543859649122806,47,0.27485380116959063,8,0.04678362573099415,1,0.005847953216374269,1,0.005847953216374269,1,0.005847953216374269,3,0.017543859649122806,1,0.005847953216374269,1,0.005847953216374269,0,0.0,0,0.0,1,0.005847953216374269,0,0.0,1,0.005847953216374269,0,0.0,1,0.005847953216374269,0,0.0,0,0.0,0,0.0,0,0.0,7,0.04093567251461988,171,1.0,SRC_MUNICIPAL_PRORRATEADA,SECCION,COMPLETO
117,19,NUEVO LEON,CADEREYTA JIMENEZ,,23,206,412,184,0.44660194174757284,0.5533980582524272,PRI,42,0.22826086956521738,6,0.03260869565217391,PAN,36,0.1956521739130435,4,0.021739130434782608,MC,32,0.17391304347826086,PRI,42,0.22826086956521738,6,0.03260869565217391,PAN,36,0.1956521739130435,4,0.021739130434782608,MC,32,0.17391304347826086,36,0.1956521739130435,42,0.22826086956521738,1,0.005434782608695652,24,0.13043478260869565,5,0.02717391304347826,32,0.17391304347826086,25,0.1358695652173913,5,0.02717391304347826,0,0.0,2,0.010869565217391304,2,0.010869565217391304,0,0.0,0,0.0,0,0.0,0,0.0,0,0.0,0,0.0,0,0.0,0,0.0,0,0.0,0,0.0,0,0.0,0,0.0,0,0.0,10,0.05434782608695652,184,1.0,SRC_MUNICIPAL_PRORRATEADA,SECCION,COMPLETO
118,19,NUEVO LEON,CADEREYTA JIMENEZ,,23,207,387,173,0.4470284237726098,0.5529715762273901,PAN,50,0.28901734104046245,9,0.05202312138728324,MC,41,0.23699421965317918,12,0.06936416184971098,PRI,29,0.1676300578034682,PAN,50,0.28901734104046245,9,0.05202312138728324,MC,41,0.23699421965317918,12,0.06936416184971098,PRI,29,0.1676300578034682,50,0.28901734104046245,29,0.1676300578034682,2,0.011560693641618497,22,0.12716763005780346,3,0.017341040462427744,41,0.23699421965317918,8,0.046242774566473986,2,0.011560693641618497,0,0.0,0,0.0,0,0.0,0,0.0,0,0.0,0,0.0,0,0.0,0,0.0,0,0.0,0,0.0,3,0.017341040462427744,2,0.011560693641618497,0,0.0,0,0.0,0,0.0,0,0.0,11,0.06358381502890173,173,1.0,SRC_MUNICIPAL_PRORRATEADA,SECCION,COMPLETO
119,19,NUEVO LEON,CADEREYTA JIMENEZ,,23,208,161,72,0.4472049689440994,0.5527950310559007,PRI,28,0.3888888888888889,14,0.19444444444444445,PAN,14,0.19444444444444445,3,0.041666666666666664,MC,11,0.1527777777777778,PRI,28,0.3888888888888889,14,0.19444444444444445,PAN,14,0.19444444444444445,3,0.041666666666666664,MC,11,0.1527777777777778,14,0.19444444444444445,28,0.3888888888888889,0,0.0,8,0.1111111111111111,1,0.013888888888888888,11,0.1527777777777778,6,0.08333333333333333,2,0.027777777777777776,0,0.0,0,0.0,0,0.0,0,0.0,0,0.0,0,0.0,0,0.0,0,0.0,0,0.0,0,0.0,0,0.0,0,0.0,0,0.0,0,0.0,0,0.0,0,0.0,2,0.027777777777777776,72,1.0,SRC_MUNICIPAL_PRORRATEADA,SECCION,COMPLETO
120,19,NUEVO LEON,CADEREYTA JIMENEZ,,23,210,1148,513,0.44686411149825783,0.5531358885017421,MC,140,0.2729044834307992,1,0.001949317738791423,PRI,139,0.2709551656920078,36,0.07017543859649122,PAN,103,0.20077972709551656,MC,140,0.2729044834307992,1,0.001949317738791423,PRI,139,0.2709551656920078,36,0.07017543859649122,PAN,103,0.20077972709551656,103,0.20077972709551656,139,0.2709551656920078,0,0.0,57,0.1111111111111111,5,0.009746588693957114,140,0.2729044834307992,41,0.07992202729044834,6,0.011695906432748537,1,0.001949317738791423,1,0.001949317738791423,6,0.011695906432748537,0,0.0,0,0.0,0,0.0,0,0.0,0,0.0,0,0.0,0,0.0,1,0.001949317738791423,0,0.0,0,0.0,0,0.0,0,0.0,0,0.0,13,0.025341130604288498,513,1.0,SRC_MUNICIPAL_PRORRATEADA,SECCION,COMPLETO
121,19,NUEVO LEON,CADEREYTA JIMENEZ,,23,214,550,246,0.44727272727272727,0.5527272727272727,PAN,64,0.2601626016260163,3,0.012195121951219513,MC,61,0.24796747967479674,16,0.06504065040650407,PRI,45,0.18292682926829268,PAN,64,0.2601626016260163,3,0.012195121951219513,MC,61,0.24796747967479674,16,0.06504065040650407,PRI,45,0.18292682926829268,64,0.2601626016260163,45,0.18292682926829268,3,0.012195121951219513,36,0.14634146341463414,4,0.016260162601626018,61,0.24796747967479674,20,0.08130081300813008,3,0.012195121951219513,1,0.0040650406504065045,1,0.0040650406504065045,2,0.008130081300813009,0,0.0,1,0.0040650406504065045,0,0.0,0,0.0,0,0.0,0,0.0,0,0.0,1,0.0040650406504065045,0,0.0,0,0.0,0,0.0,0,0.0,0,0.0,4,0.016260162601626018,246,1.0,SRC_MUNICIPAL_PRORRATEADA,SECCION,COMPLETO
122,19,NUEVO LEON,CADEREYTA JIMENEZ,,23,215,233,104,0.44635193133047213,0.5536480686695279,PRI,37,0.3557692307692308,13,0.125,PAN,24,0.23076923076923078,4,0.038461538461538464,MC,20,0.19230769230769232,PRI,37,0.3557692307692308,13,0.125,PAN,24,0.23076923076923078,4,0.038461538461538464,MC,20,0.19230769230769232,24,0.23076923076923078,37,0.3557692307692308,2,0.019230769230769232,9,0.08653846153846154,1,0.009615384615384616,20,0.19230769230769232,6,0.057692307692307696,2,0.019230769230769232,1,0.009615384615384616,0,0.0,1,0.009615384615384616,0,0.0,0,0.0,0,0.0,0,0.0,0,0.0,0,0.0,0,0.0,0,0.0,0,0.0,0,0.0,0,0.0,0,0.0,0,0.0,1,0.009615384615384616,104,1.0,SRC_MUNICIPAL_PRORRATEADA,SECCION,COMPLETO
123,19,NUEVO LEON,CADEREYTA JIMENEZ,,23,2727,338,151,0.4467455621301775,0.5532544378698225,MC,47,0.31125827814569534,12,0.07947019867549669,PAN,35,0.23178807947019867,12,0.07947019867549669,PRI,23,0.152317880794702,MC,47,0.31125827814569534,12,0.07947019867549669,PAN,35,0.23178807947019867,12,0.07947019867549669,PRI,23,0.152317880794702,35,0.23178807947019867,23,0.152317880794702,1,0.006622516556291391,10,0.06622516556291391,2,0.013245033112582781,47,0.31125827814569534,17,0.11258278145695365,2,0.013245033112582781,1,0.006622516556291391,4,0.026490066225165563,3,0.019867549668874173,0,0.0,0,0.0,0,0.0,0,0.0,0,0.0,0,0.0,0,0.0,0,0.0,0,0.0,0,0.0,0,0.0,0,0.0,0,0.0,6,0.039735099337748346,151,1.0,SRC_MUNICIPAL_PRORRATEADA,SECCION,COMPLETO
124,19,NUEVO LEON,CADEREYTA JIMENEZ,,23,2738,499,223,0.4468937875751503,0.5531062124248497,PAN,71,0.3183856502242152,19,0.08520179372197309,MC,52,0.23318385650224216,7,0.03139013452914798,PRI,45,0.20179372197309417,PAN,71,0.3183856502242152,19,0.08520179372197309,MC,52,0.23318385650224216,7,0.03139013452914798,PRI,45,0.20179372197309417,71,0.3183856502242152,45,0.20179372197309417,1,0.004484304932735426,15,0.06726457399103139,1,0.004484304932735426,52,0.23318385650224216,27,0.1210762331838565,0,0.0,1,0.004484304932735426,0,0.0,1,0.004484304932735426,2,0.008968609865470852,3,0.013452914798206279,0,0.0,0,0.0,0,0.0,0,0.0,0,0.0,0,0.0,0,0.0,0,0.0,0,0.0,0,0.0,0,0.0,4,0.017937219730941704,223,1.0,SRC_MUNICIPAL_PRORRATEADA,SECCION,COMPLETO
125,19,NUEVO LEON,CADEREYTA JIMENEZ,,23,2740,870,389,0.4471264367816092,0.5528735632183908,MC,100,0.2570694087403599,7,0.017994858611825194,PRI,93,0.2390745501285347,1,0.002570694087403599,PAN,92,0.2365038560411311,MC,100,0.2570694087403599,7,0.017994858611825194,PRI,93,0.2390745501285347,1,0.002570694087403599,PAN,92,0.2365038560411311,92,0.2365038560411311,93,0.2390745501285347,3,0.007712082262210797,18,0.04627249357326478,1,0.002570694087403599,100,0.2570694087403599,53,0.13624678663239073,5,0.012853470437017995,3,0.007712082262210797,4,0.010282776349614395,8,0.02056555269922879,2,0.005141388174807198,0,0.0,0,0.0,0,0.0,0,0.0,0,0.0,1,0.002570694087403599,0,0.0,0,0.0,1,0.002570694087403599,0,0.0,0,0.0,0,0.0,5,0.012853470437017995,389,1.0,SRC_MUNICIPAL_PRORRATEADA,SECCION,COMPLETO
126,19,NUEVO LEON,CADEREYTA JIMENEZ,,23,2741,499,223,0.4468937875751503,0.5531062124248497,MC,60,0.26905829596412556,3,0.013452914798206279,PRI,57,0.2556053811659193,21,0.09417040358744394,MORENA,36,0.16143497757847533,MC,60,0.26905829596412556,3,0.013452914798206279,PRI,57,0.2556053811659193,21,0.09417040358744394,MORENA,36,0.16143497757847533,30,0.13452914798206278,57,0.2556053811659193,1,0.004484304932735426,15,0.06726457399103139,3,0.013452914798206279,60,0.26905829596412556,36,0.16143497757847533,3,0.013452914798206279,2,0.008968609865470852,2,0.008968609865470852,5,0.02242152466367713,0,0.0,1,0.004484304932735426,1,0.004484304932735426,0,0.0,0,0.0,0,0.0,0,0.0,1,0.004484304932735426,0,0.0,1,0.004484304932735426,0,0.0,0,0.0,0,0.0,5,0.02242152466367713,223,1.0,SRC_MUNICIPAL_PRORRATEADA,SECCION,COMPLETO
127,19,NUEVO LEON,CADEREYTA JIMENEZ,,23,2743,579,259,0.4473229706390328,0.5526770293609672,MC,64,0.2471042471042471,3,0.011583011583011582,PRI,61,0.23552123552123552,13,0.05019305019305019,PAN,48,0.18532818532818532,MC,64,0.2471042471042471,3,0.011583011583011582,PRI,61,0.23552123552123552,13,0.05019305019305019,PAN,48,0.18532818532818532,48,0.18532818532818532,61,0.23552123552123552,1,0.003861003861003861,12,0.04633204633204633,3,0.011583011583011582,64,0.2471042471042471,42,0.16216216216216217,2,0.007722007722007722,2,0.007722007722007722,5,0.019305019305019305,9,0.03474903474903475,1,0.003861003861003861,0,0.0,1,0.003861003861003861,1,0.003861003861003861,1,0.003861003861003861,0,0.0,0,0.0,0,0.0,0,0.0,0,0.0,0,0.0,0,0.0,0,0.0,6,0.023166023166023165,259,1.0,SRC_MUNICIPAL_PRORRATEADA,SECCION,COMPLETO
128,19,NUEVO LEON,CADEREYTA JIMENEZ,,23,2745,2063,922,0.4469219583131362,0.5530780416868638,MC,278,0.30151843817787416,46,0.049891540130151846,PRI,232,0.25162689804772237,79,0.08568329718004339,MORENA,153,0.16594360086767895,MC,278,0.30151843817787416,46,0.049891540130151846,PRI,232,0.25162689804772237,79,0.08568329718004339,MORENA,153,0.16594360086767895,144,0.1561822125813449,232,0.25162689804772237,6,0.006507592190889371,44,0.04772234273318872,8,0.008676789587852495,278,0.30151843817787416,153,0.16594360086767895,7,0.007592190889370932,6,0.006507592190889371,9,0.009761388286334056,21,0.0227765726681128,1,0.0010845986984815619,2,0.0021691973969631237,1,0.0010845986984815619,0,0.0,1,0.0010845986984815619,0,0.0,0,0.0,1,0.0010845986984815619,0,0.0,2,0.0021691973969631237,0,0.0,0,0.0,0,0.0,6,0.006507592190889371,922,1.0,SRC_MUNICIPAL_PRORRATEADA,SECCION,COMPLETO
129,19,NUEVO LEON,CADEREYTA JIMENEZ,,23,2906,508,227,0.4468503937007874,0.5531496062992126,MC,61,0.2687224669603524,1,0.004405286343612335,PAN,60,0.2643171806167401,20,0.0881057268722467,PRI,40,0.1762114537444934,MC,61,0.2687224669603524,1,0.004405286343612335,PAN,60,0.2643171806167401,20,0.0881057268722467,PRI,40,0.1762114537444934,60,0.2643171806167401,40,0.1762114537444934,1,0.004405286343612335,21,0.09251101321585903,1,0.004405286343612335,61,0.2687224669603524,23,0.1013215859030837,6,0.02643171806167401,2,0.00881057268722467,0,0.0,4,0.01762114537444934,0,0.0,3,0.013215859030837005,0,0.0,0,0.0,0,0.0,0,0.0,0,0.0,0,0.0,0,0.0,0,0.0,0,0.0,0,0.0,0,0.0,5,0.022026431718061675,227,1.0,SRC_MUNICIPAL_PRORRATEADA,SECCION,COMPLETO
130,19,NUEVO LEON,CERRALVO,,24,0,3921,2516,0.6416730425911757,0.35832695740882425,PAN,1075,0.42726550079491254,469,0.18640699523052465,MORENA,606,0.24085850556438793,229,0.0910174880763116,PRI,377,0.14984101748807632,PAN,1075,0.42726550079491254,469,0.18640699523052465,MORENA,606,0.24085850556438793,229,0.0910174880763116,PRI,377,0.14984101748807632,1075,0.42726550079491254,377,0.14984101748807632,8,0.003179650238473768,11,0.0043720190779014305,18,0.007154213036565978,329,0.1307631160572337,606,0.24085850556438793,9,0.003577106518282989,5,0.001987281399046105,11,0.0043720190779014305,6,0.0023847376788553257,1,0.000397456279809221,1,0.000397456279809221,0,0.0,0,0.0,0,0.0,0,0.0,0,0.0,1,0.000397456279809221,0,0.0,1,0.000397456279809221,1,0.000397456279809221,1,0.000397456279809221,0,0.0,55,0.021860095389507155,2516,1.0,SRC_MUNICIPAL_PRORRATEADA,SECCION,COMPLETO
131,19,NUEVO LEON,CERRALVO,,24,221,678,435,0.6415929203539823,0.3584070796460177,PAN,209,0.4804597701149425,111,0.25517241379310346,MORENA,98,0.22528735632183908,41,0.09425287356321839,PRI,57,0.1310344827586207,PAN,209,0.4804597701149425,111,0.25517241379310346,MORENA,98,0.22528735632183908,41,0.09425287356321839,PRI,57,0.1310344827586207,209,0.4804597701149425,57,0.1310344827586207,1,0.0022988505747126436,2,0.004597701149425287,4,0.009195402298850575,43,0.09885057471264368,98,0.22528735632183908,3,0.006896551724137931,2,0.004597701149425287,2,0.004597701149425287,1,0.0022988505747126436,0,0.0,0,0.0,0,0.0,0,0.0,0,0.0,0,0.0,0,0.0,0,0.0,0,0.0,0,0.0,0,0.0,0,0.0,0,0.0,13,0.029885057471264367,435,1.0,SRC_MUNICIPAL_PRORRATEADA,SECCION,COMPLETO
132,19,NUEVO LEON,CERRALVO,,24,222,656,421,0.6417682926829268,0.3582317073170732,PAN,184,0.43705463182897863,85,0.20190023752969122,MORENA,99,0.23515439429928742,36,0.0855106888361045,PRI,63,0.1496437054631829,PAN,184,0.43705463182897863,85,0.20190023752969122,MORENA,99,0.23515439429928742,36,0.0855106888361045,PRI,63,0.1496437054631829,184,0.43705463182897863,63,0.1496437054631829,0,0.0,1,0.0023752969121140144,0,0.0,59,0.14014251781472684,99,0.23515439429928742,3,0.007125890736342043,2,0.004750593824228029,1,0.0023752969121140144,1,0.0023752969121140144,0,0.0,0,0.0,0,0.0,0,0.0,0,0.0,0,0.0,0,0.0,0,0.0,0,0.0,0,0.0,0,0.0,0,0.0,0,0.0,8,0.019002375296912115,421,1.0,SRC_MUNICIPAL_PRORRATEADA,SECCION,COMPLETO
133,19,NUEVO LEON,CERRALVO,,24,224,379,243,0.6411609498680739,0.3588390501319261,PAN,101,0.4156378600823045,40,0.1646090534979424,MORENA,61,0.25102880658436216,29,0.11934156378600823,PRI,32,0.13168724279835392,PAN,101,0.4156378600823045,40,0.1646090534979424,MORENA,61,0.25102880658436216,29,0.11934156378600823,PRI,32,0.13168724279835392,101,0.4156378600823045,32,0.13168724279835392,0,0.0,4,0.01646090534979424,1,0.00411522633744856,30,0.12345679012345678,61,0.25102880658436216,1,0.00411522633744856,0,0.0,1,0.00411522633744856,1,0.00411522633744856,1,0.00411522633744856,3,0.012345679012345678,0,0.0,0,0.0,0,0.0,0,0.0,0,0.0,0,0.0,0,0.0,0,0.0,0,0.0,0,0.0,0,0.0,7,0.02880658436213992,243,1.0,SRC_MUNICIPAL_PRORRATEADA,SECCION,COMPLETO
134,19,NUEVO LEON,CERRALVO,,24,225,469,301,0.6417910447761194,0.35820895522388063,PAN,155,0.5149501661129569,106,0.3521594684385382,PRI,49,0.16279069767441862,0,0.0,MORENA,49,0.16279069767441862,PAN,155,0.5149501661129569,106,0.3521594684385382,PRI,49,0.16279069767441862,0,0.0,MORENA,49,0.16279069767441862,155,0.5149501661129569,49,0.16279069767441862,1,0.0033222591362126247,0,0.0,2,0.006644518272425249,36,0.11960132890365449,49,0.16279069767441862,2,0.006644518272425249,0,0.0,1,0.0033222591362126247,0,0.0,0,0.0,0,0.0,0,0.0,0,0.0,0,0.0,0,0.0,0,0.0,1,0.0033222591362126247,0,0.0,0,0.0,0,0.0,0,0.0,0,0.0,5,0.016611295681063124,301,1.0,SRC_MUNICIPAL_PRORRATEADA,SECCION,COMPLETO
135,19,NUEVO LEON,CERRALVO,,24,226,636,408,0.6415094339622641,0.3584905660377359,PAN,186,0.45588235294117646,110,0.2696078431372549,MORENA,76,0.18627450980392157,13,0.031862745098039214,PRI,63,0.15441176470588236,PAN,186,0.45588235294117646,110,0.2696078431372549,MORENA,76,0.18627450980392157,13,0.031862745098039214,PRI,63,0.15441176470588236,186,0.45588235294117646,63,0.15441176470588236,0,0.0,2,0.004901960784313725,5,0.012254901960784314,51,0.125,76,0.18627450980392157,4,0.00980392156862745,2,0.004901960784313725,0,0.0,2,0.004901960784313725,0,0.0,0,0.0,0,0.0,0,0.0,0,0.0,0,0.0,0,0.0,1,0.0024509803921568627,0,0.0,0,0.0,0,0.0,1,0.0024509803921568627,0,0.0,15,0.03676470588235294,408,1.0,SRC_MUNICIPAL_PRORRATEADA,SECCION,COMPLETO
136,19,NUEVO LEON,CHINA,,24,0,5316,3608,0.6787057938299473,0.32129420617005267,PRI,1134,0.3143015521064302,466,0.12915742793791574,MC,668,0.18514412416851442,59,0.016352549889135256,PANAL,609,0.16879157427937916,PRI,1134,0.3143015521064302,466,0.12915742793791574,MC,668,0.18514412416851442,59,0.016352549889135256,PANAL,609,0.16879157427937916,526,0.1457871396895787,1134,0.3143015521064302,20,0.005543237250554324,64,0.017738359201773836,40,0.011086474501108648,668,0.18514412416851442,289,0.08009977827050997,609,0.16879157427937916,51,0.014135254988913526,5,0.001385809312638581,10,0.002771618625277162,109,0.030210643015521066,1,0.0002771618625277162,9,0.0024944567627494456,6,0.0016629711751662971,11,0.003048780487804878,3,0.0008314855875831486,1,0.0002771618625277162,8,0.0022172949002217295,4,0.0011086474501108647,6,0.0016629711751662971,6,0.0016629711751662971,28,0.007760532150776054,0,0.0,0,0.0,3608,1.0,SRC_MUNICIPAL_PRORRATEADA,SECCION,COMPLETO
137,19,NUEVO LEON,CHINA,,24,239,380,258,0.6789473684210526,0.32105263157894737,PRI,71,0.2751937984496124,5,0.01937984496124031,MC,66,0.2558139534883721,26,0.10077519379844961,PAN,40,0.15503875968992248,PRI,71,0.2751937984496124,5,0.01937984496124031,MC,66,0.2558139534883721,26,0.10077519379844961,PAN,40,0.15503875968992248,40,0.15503875968992248,71,0.2751937984496124,1,0.003875968992248062,7,0.027131782945736434,3,0.011627906976744186,66,0.2558139534883721,16,0.06201550387596899,37,0.1434108527131783,3,0.011627906976744186,0,0.0,0,0.0,0,0.0,3,0.011627906976744186,0,0.0,0,0.0,1,0.003875968992248062,0,0.0,1,0.003875968992248062,0,0.0,0,0.0,0,0.0,0,0.0,0,0.0,0,0.0,9,0.03488372093023256,258,1.0,SRC_MUNICIPAL_PRORRATEADA,SECCION,COMPLETO
138,19,NUEVO LEON,CHINA,,24,240,924,627,0.6785714285714286,0.3214285714285714,PRI,164,0.26156299840510366,9,0.014354066985645933,MC,155,0.24720893141945774,51,0.08133971291866028,PANAL,104,0.16586921850079744,PRI,164,0.26156299840510366,9,0.014354066985645933,MC,155,0.24720893141945774,51,0.08133971291866028,PANAL,104,0.16586921850079744,97,0.1547049441786284,164,0.26156299840510366,2,0.003189792663476874,14,0.022328548644338118,4,0.006379585326953748,155,0.24720893141945774,40,0.06379585326953748,104,0.16586921850079744,10,0.01594896331738437,0,0.0,0,0.0,1,0.001594896331738437,1,0.001594896331738437,0,0.0,0,0.0,2,0.003189792663476874,0,0.0,0,0.0,0,0.0,0,0.0,2,0.003189792663476874,0,0.0,3,0.004784688995215311,0,0.0,28,0.044657097288676235,627,1.0,SRC_MUNICIPAL_PRORRATEADA,SECCION,COMPLETO
139,19,NUEVO LEON,CHINA,,24,241,418,284,0.6794258373205742,0.32057416267942584,MC,69,0.24295774647887325,2,0.007042253521126761,PRI,67,0.23591549295774647,12,0.04225352112676056,PANAL,55,0.1936619718309859,MC,69,0.24295774647887325,2,0.007042253521126761,PRI,67,0.23591549295774647,12,0.04225352112676056,PANAL,55,0.1936619718309859,38,0.13380281690140844,67,0.23591549295774647,3,0.01056338028169014,3,0.01056338028169014,7,0.02464788732394366,69,0.24295774647887325,24,0.08450704225352113,55,0.1936619718309859,3,0.01056338028169014,0,0.0,1,0.0035211267605633804,5,0.017605633802816902,1,0.0035211267605633804,0,0.0,0,0.0,0,0.0,0,0.0,0,0.0,0,0.0,0,0.0,1,0.0035211267605633804,0,0.0,2,0.007042253521126761,0,0.0,5,0.017605633802816902,284,1.0,SRC_MUNICIPAL_PRORRATEADA,SECCION,COMPLETO
140,19,NUEVO LEON,CHINA,,24,242,488,331,0.6782786885245902,0.32172131147540983,MC,97,0.2930513595166163,21,0.0634441087613293,PRI,76,0.229607250755287,29,0.08761329305135952,PANAL,47,0.1419939577039275,MC,97,0.2930513595166163,21,0.0634441087613293,PRI,76,0.229607250755287,29,0.08761329305135952,PANAL,47,0.1419939577039275,42,0.1268882175226586,76,0.229607250755287,2,0.006042296072507553,5,0.015105740181268883,3,0.00906344410876133,97,0.2930513595166163,25,0.0755287009063444,47,0.1419939577039275,5,0.015105740181268883,1,0.0030211480362537764,0,0.0,0,0.0,6,0.01812688821752266,2,0.006042296072507553,0,0.0,1,0.0030211480362537764,0,0.0,3,0.00906344410876133,0,0.0,0,0.0,0,0.0,0,0.0,3,0.00906344410876133,0,0.0,13,0.03927492447129909,331,1.0,SRC_MUNICIPAL_PRORRATEADA,SECCION,COMPLETO
141,19,NUEVO LEON,CHINA,,24,243,949,644,0.678609062170706,0.32139093782929395,PANAL,162,0.2515527950310559,12,0.018633540372670808,PRI,150,0.2329192546583851,22,0.034161490683229816,MC,128,0.19875776397515527,PANAL,162,0.2515527950310559,12,0.018633540372670808,PRI,150,0.2329192546583851,22,0.034161490683229816,MC,128,0.19875776397515527,87,0.13509316770186336,150,0.2329192546583851,4,0.006211180124223602,7,0.010869565217391304,4,0.006211180124223602,128,0.19875776397515527,43,0.06677018633540373,162,0.2515527950310559,5,0.007763975155279503,0,0.0,1,0.0015527950310559005,3,0.004658385093167702,2,0.003105590062111801,0,0.0,2,0.003105590062111801,0,0.0,4,0.006211180124223602,1,0.0015527950310559005,0,0.0,2,0.003105590062111801,0,0.0,0,0.0,6,0.009316770186335404,0,0.0,33,0.05124223602484472,644,1.0,SRC_MUNICIPAL_PRORRATEADA,SECCION,COMPLETO
142,19,NUEVO LEON,CHINA,,24,244,701,476,0.6790299572039943,0.3209700427960057,PRI,121,0.2542016806722689,11,0.023109243697478993,MC,110,0.23109243697478993,22,0.046218487394957986,PANAL,88,0.18487394957983194,PRI,121,0.2542016806722689,11,0.023109243697478993,MC,110,0.23109243697478993,22,0.046218487394957986,PANAL,88,0.18487394957983194,71,0.14915966386554622,121,0.2542016806722689,5,0.01050420168067227,8,0.01680672268907563,5,0.01050420168067227,110,0.23109243697478993,33,0.06932773109243698,88,0.18487394957983194,8,0.01680672268907563,1,0.0021008403361344537,1,0.0021008403361344537,1,0.0021008403361344537,1,0.0021008403361344537,0,0.0,4,0.008403361344537815,0,0.0,0,0.0,0,0.0,0,0.0,2,0.004201680672268907,0,0.0,0,0.0,3,0.0063025210084033615,0,0.0,14,0.029411764705882353,476,1.0,SRC_MUNICIPAL_PRORRATEADA,SECCION,COMPLETO
143,19,NUEVO LEON,CHINA,,24,245,529,359,0.6786389413988658,0.3213610586011342,PRI,98,0.27298050139275765,11,0.03064066852367688,MC,87,0.24233983286908078,31,0.08635097493036212,PANAL,56,0.15598885793871867,PRI,98,0.27298050139275765,11,0.03064066852367688,MC,87,0.24233983286908078,31,0.08635097493036212,PANAL,56,0.15598885793871867,54,0.15041782729805014,98,0.27298050139275765,3,0.008356545961002786,7,0.019498607242339833,3,0.008356545961002786,87,0.24233983286908078,20,0.055710306406685235,56,0.15598885793871867,5,0.013927576601671309,1,0.002785515320334262,2,0.005571030640668524,0,0.0,1,0.002785515320334262,1,0.002785515320334262,1,0.002785515320334262,0,0.0,0,0.0,1,0.002785515320334262,0,0.0,0,0.0,2,0.005571030640668524,3,0.008356545961002786,0,0.0,0,0.0,14,0.03899721448467967,359,1.0,SRC_MUNICIPAL_PRORRATEADA,SECCION,COMPLETO
144,19,NUEVO LEON,CIENEGA DE FLORES,,21,0,28717,10816,0.3766410140334993,0.6233589859665007,MC,3494,0.32303994082840237,710,0.06564349112426035,PAN,2784,0.257396449704142,1395,0.12897559171597633,PRI,1389,0.1284208579881657,MC,3494,0.32303994082840237,710,0.06564349112426035,PAN,2784,0.257396449704142,1395,0.12897559171597633,PRI,1389,0.1284208579881657,2784,0.257396449704142,1389,0.1284208579881657,84,0.007766272189349112,992,0.09171597633136094,130,0.01201923076923077,3494,0.32303994082840237,1346,0.12444526627218935,75,0.006934171597633136,46,0.004252958579881657,18,0.0016642011834319527,177,0.0163646449704142,11,0.0010170118343195266,21,0.001941568047337278,2,0.0001849112426035503,2,0.0001849112426035503,2,0.0001849112426035503,0,0.0,1,9.245562130177515e-05,13,0.001201923076923077,3,0.00027736686390532545,6,0.0005547337278106509,0,0.0,4,0.0003698224852071006,1,9.245562130177515e-05,215,0.019877958579881658,10816,1.0,SRC_MUNICIPAL_PRORRATEADA,SECCION,COMPLETO
145,19,NUEVO LEON,CIENEGA DE FLORES,,21,232,6638,2500,0.3766194636938837,0.6233805363061162,MC,750,0.3,25,0.01,PAN,725,0.29,422,0.1688,PVEM,303,0.1212,MC,750,0.3,25,0.01,PAN,725,0.29,422,0.1688,PVEM,303,0.1212,725,0.29,240,0.096,19,0.0076,303,0.1212,44,0.0176,750,0.3,234,0.0936,22,0.0088,3,0.0012,3,0.0012,54,0.0216,9,0.0036,7,0.0028,2,0.0008,0,0.0,2,0.0008,1,0.0004,0,0.0,8,0.0032,1,0.0004,1,0.0004,0,0.0,0,0.0,0,0.0,72,0.0288,2500,1.0,SRC_MUNICIPAL_PRORRATEADA,SECCION,COMPLETO
146,19,NUEVO LEON,CIENEGA DE FLORES,,21,233,828,312,0.37681159420289856,0.6231884057971014,PAN,104,0.3333333333333333,3,0.009615384615384616,MC,101,0.32371794871794873,69,0.22115384615384615,PRI,32,0.10256410256410256,PAN,104,0.3333333333333333,3,0.009615384615384616,MC,101,0.32371794871794873,69,0.22115384615384615,PRI,32,0.10256410256410256,104,0.3333333333333333,32,0.10256410256410256,1,0.003205128205128205,28,0.08974358974358974,2,0.00641025641025641,101,0.32371794871794873,25,0.08012820512820513,5,0.016025641025641024,1,0.003205128205128205,0,0.0,1,0.003205128205128205,0,0.0,1,0.003205128205128205,1,0.003205128205128205,0,0.0,0,0.0,0,0.0,1,0.003205128205128205,1,0.003205128205128205,0,0.0,0,0.0,0,0.0,1,0.003205128205128205,1,0.003205128205128205,6,0.019230769230769232,312,1.0,SRC_MUNICIPAL_PRORRATEADA,SECCION,COMPLETO
147,19,NUEVO LEON,CIENEGA DE FLORES,,21,236,388,146,0.37628865979381443,0.6237113402061856,MC,47,0.3219178082191781,10,0.0684931506849315,PAN,37,0.2534246575342466,14,0.0958904109589041,MORENA,23,0.15753424657534246,MC,47,0.3219178082191781,10,0.0684931506849315,PAN,37,0.2534246575342466,14,0.0958904109589041,MORENA,23,0.15753424657534246,37,0.2534246575342466,21,0.14383561643835616,1,0.00684931506849315,4,0.0273972602739726,1,0.00684931506849315,47,0.3219178082191781,23,0.15753424657534246,3,0.02054794520547945,0,0.0,0,0.0,5,0.03424657534246575,2,0.0136986301369863,0,0.0,0,0.0,0,0.0,1,0.00684931506849315,0,0.0,0,0.0,0,0.0,0,0.0,0,0.0,0,0.0,0,0.0,0,0.0,1,0.00684931506849315,146,1.0,SRC_MUNICIPAL_PRORRATEADA,SECCION,COMPLETO
148,19,NUEVO LEON,CIENEGA DE FLORES,,21,2846,645,243,0.3767441860465116,0.6232558139534884,MC,80,0.3292181069958848,5,0.0205761316872428,PAN,75,0.30864197530864196,45,0.18518518518518517,PRI,30,0.12345679012345678,MC,80,0.3292181069958848,5,0.0205761316872428,PAN,75,0.30864197530864196,45,0.18518518518518517,PRI,30,0.12345679012345678,75,0.30864197530864196,30,0.12345679012345678,1,0.00411522633744856,19,0.07818930041152264,2,0.00823045267489712,80,0.3292181069958848,24,0.09876543209876543,1,0.00411522633744856,0,0.0,1,0.00411522633744856,1,0.00411522633744856,0,0.0,1,0.00411522633744856,0,0.0,0,0.0,1,0.00411522633744856,0,0.0,1,0.00411522633744856,0,0.0,0,0.0,0,0.0,0,0.0,0,0.0,0,0.0,6,0.024691358024691357,243,1.0,SRC_MUNICIPAL_PRORRATEADA,SECCION,COMPLETO
149,19,NUEVO LEON,CIENEGA DE FLORES,,21,2849,430,162,0.3767441860465116,0.6232558139534884,MC,62,0.38271604938271603,32,0.19753086419753085,PAN,30,0.18518518518518517,7,0.043209876543209874,MORENA,23,0.1419753086419753,MC,62,0.38271604938271603,32,0.19753086419753085,PAN,30,0.18518518518518517,7,0.043209876543209874,MORENA,23,0.1419753086419753,30,0.18518518518518517,17,0.10493827160493827,1,0.006172839506172839,12,0.07407407407407407,3,0.018518518518518517,62,0.38271604938271603,23,0.1419753086419753,1,0.006172839506172839,0,0.0,0,0.0,2,0.012345679012345678,2,0.012345679012345678,2,0.012345679012345678,2,0.012345679012345678,0,0.0,1,0.006172839506172839,0,0.0,0,0.0,1,0.006172839506172839,1,0.006172839506172839,0,0.0,0,0.0,0,0.0,0,0.0,2,0.012345679012345678,162,1.0,SRC_MUNICIPAL_PRORRATEADA,SECCION,COMPLETO
150,19,NUEVO LEON,CIENEGA DE FLORES,,21,2850,565,213,0.3769911504424779,0.6230088495575221,MC,74,0.3474178403755869,20,0.09389671361502347,PAN,54,0.2535211267605634,19,0.0892018779342723,PRI,35,0.1643192488262911,MC,74,0.3474178403755869,20,0.09389671361502347,PAN,54,0.2535211267605634,19,0.0892018779342723,PRI,35,0.1643192488262911,54,0.2535211267605634,35,0.1643192488262911,2,0.009389671361502348,14,0.06572769953051644,3,0.014084507042253521,74,0.3474178403755869,25,0.11737089201877934,2,0.009389671361502348,1,0.004694835680751174,1,0.004694835680751174,2,0.009389671361502348,0,0.0,0,0.0,0,0.0,0,0.0,0,0.0,0,0.0,0,0.0,0,0.0,0,0.0,0,0.0,0,0.0,0,0.0,0,0.0,0,0.0,213,1.0,SRC_MUNICIPAL_PRORRATEADA,SECCION,COMPLETO
151,19,NUEVO LEON,CIENEGA DE FLORES,,21,2851,733,276,0.3765347885402456,0.6234652114597544,PAN,83,0.3007246376811594,3,0.010869565217391304,MC,80,0.2898550724637681,41,0.14855072463768115,PRI,39,0.14130434782608695,PAN,83,0.3007246376811594,3,0.010869565217391304,MC,80,0.2898550724637681,41,0.14855072463768115,PRI,39,0.14130434782608695,83,0.3007246376811594,39,0.14130434782608695,1,0.0036231884057971015,19,0.06884057971014493,7,0.025362318840579712,80,0.2898550724637681,32,0.11594202898550725,2,0.007246376811594203,1,0.0036231884057971015,0,0.0,2,0.007246376811594203,1,0.0036231884057971015,1,0.0036231884057971015,0,0.0,0,0.0,0,0.0,0,0.0,0,0.0,1,0.0036231884057971015,1,0.0036231884057971015,3,0.010869565217391304,0,0.0,0,0.0,0,0.0,3,0.010869565217391304,276,1.0,SRC_MUNICIPAL_PRORRATEADA,SECCION,COMPLETO
152,19,NUEVO LEON,CIENEGA DE FLORES,,21,2859,762,287,0.3766404199475066,0.6233595800524934,MC,101,0.3519163763066202,38,0.13240418118466898,PAN,63,0.21951219512195122,18,0.0627177700348432,MORENA,45,0.156794425087108,MC,101,0.3519163763066202,38,0.13240418118466898,PAN,63,0.21951219512195122,18,0.0627177700348432,MORENA,45,0.156794425087108,63,0.21951219512195122,36,0.1254355400696864,1,0.003484320557491289,26,0.09059233449477352,4,0.013937282229965157,101,0.3519163763066202,45,0.156794425087108,0,0.0,1,0.003484320557491289,0,0.0,5,0.017421602787456445,0,0.0,1,0.003484320557491289,0,0.0,0,0.0,0,0.0,0,0.0,0,0.0,1,0.003484320557491289,0,0.0,1,0.003484320557491289,0,0.0,0,0.0,0,0.0,2,0.006968641114982578,287,1.0,SRC_MUNICIPAL_PRORRATEADA,SECCION,COMPLETO
153,19,NUEVO LEON,CIENEGA DE FLORES,,21,2860,595,224,0.3764705882352941,0.6235294117647059,MC,69,0.3080357142857143,16,0.07142857142857142,PAN,53,0.23660714285714285,7,0.03125,PRI,46,0.20535714285714285,MC,69,0.3080357142857143,16,0.07142857142857142,PAN,53,0.23660714285714285,7,0.03125,PRI,46,0.20535714285714285,53,0.23660714285714285,46,0.20535714285714285,5,0.022321428571428572,8,0.03571428571428571,3,0.013392857142857142,69,0.3080357142857143,26,0.11607142857142858,0,0.0,2,0.008928571428571428,1,0.004464285714285714,0,0.0,5,0.022321428571428572,1,0.004464285714285714,0,0.0,0,0.0,0,0.0,0,0.0,0,0.0,0,0.0,0,0.0,0,0.0,0,0.0,0,0.0,0,0.0,5,0.022321428571428572,224,1.0,SRC_MUNICIPAL_PRORRATEADA,SECCION,COMPLETO
154,19,NUEVO LEON,DOCTOR ARROYO,,26,0,27450,20331,0.740655737704918,0.259344262295082,PRI,11521,0.5666715852638827,7296,0.3588608528847573,MORENA,4225,0.20781073237912548,2515,0.1237027199842605,MC,1710,0.08410801239486498,PRI,11521,0.5666715852638827,7296,0.3588608528847573,MORENA,4225,0.20781073237912548,2515,0.1237027199842605,MC,1710,0.08410801239486498,1659,0.08159952781466726,11521,0.5666715852638827,23,0.0011312773596970143,117,0.005754758742806552,174,0.008558359155968717,1710,0.08410801239486498,4225,0.20781073237912548,142,0.006984408046825046,39,0.0019182529142688506,126,0.00619743249225321,65,0.0031970881904480842,21,0.001032905415375535,5,0.0002459298608036988,3,0.00014755791648221928,3,0.00014755791648221928,4,0.00019674388864295903,0,0.0,4,0.00019674388864295903,10,0.0004918597216073976,2,9.837194432147952e-05,8,0.00039348777728591807,0,0.0,8,0.00039348777728591807,0,0.0,462,0.02272391913826177,20331,1.0,SRC_MUNICIPAL_PRORRATEADA,SECCION,COMPLETO
155,19,NUEVO LEON,DOCTOR ARROYO,,26,258,570,422,0.7403508771929824,0.2596491228070176,PRI,198,0.46919431279620855,109,0.25829383886255924,MORENA,89,0.2109004739336493,29,0.06872037914691943,MC,60,0.14218009478672985,PRI,198,0.46919431279620855,109,0.25829383886255924,MORENA,89,0.2109004739336493,29,0.06872037914691943,MC,60,0.14218009478672985,55,0.13033175355450238,198,0.46919431279620855,0,0.0,2,0.004739336492890996,3,0.0071090047393364926,60,0.14218009478672985,89,0.2109004739336493,1,0.002369668246445498,0,0.0,3,0.0071090047393364926,1,0.002369668246445498,0,0.0,0,0.0,0,0.0,1,0.002369668246445498,0,0.0,0,0.0,0,0.0,0,0.0,0,0.0,0,0.0,0,0.0,0,0.0,0,0.0,9,0.02132701421800948,422,1.0,SRC_MUNICIPAL_PRORRATEADA,SECCION,COMPLETO
156,19,NUEVO LEON,DOCTOR ARROYO,,26,264,127,94,0.7401574803149606,0.25984251968503935,PRI,59,0.6276595744680851,42,0.44680851063829785,MORENA,17,0.18085106382978725,7,0.07446808510638298,PAN,10,0.10638297872340426,PRI,59,0.6276595744680851,42,0.44680851063829785,MORENA,17,0.18085106382978725,7,0.07446808510638298,PAN,10,0.10638297872340426,10,0.10638297872340426,59,0.6276595744680851,0,0.0,0,0.0,1,0.010638297872340425,1,0.010638297872340425,17,0.18085106382978725,2,0.02127659574468085,0,0.0,0,0.0,1,0.010638297872340425,0,0.0,0,0.0,0,0.0,0,0.0,0,0.0,0,0.0,0,0.0,0,0.0,0,0.0,1,0.010638297872340425,0,0.0,0,0.0,0,0.0,2,0.02127659574468085,94,1.0,SRC_MUNICIPAL_PRORRATEADA,SECCION,COMPLETO
157,19,NUEVO LEON,DOCTOR ARROYO,,26,274,593,439,0.7403035413153457,0.2596964586846543,PRI,296,0.6742596810933941,206,0.46924829157175396,MORENA,90,0.20501138952164008,64,0.14578587699316628,MC,26,0.05922551252847381,PRI,296,0.6742596810933941,206,0.46924829157175396,MORENA,90,0.20501138952164008,64,0.14578587699316628,MC,26,0.05922551252847381,12,0.02733485193621868,296,0.6742596810933941,1,0.002277904328018223,2,0.004555808656036446,2,0.004555808656036446,26,0.05922551252847381,90,0.20501138952164008,4,0.009111617312072893,3,0.00683371298405467,2,0.004555808656036446,1,0.002277904328018223,0,0.0,0,0.0,0,0.0,0,0.0,0,0.0,0,0.0,0,0.0,0,0.0,0,0.0,0,0.0,0,0.0,0,0.0,0,0.0,0,0.0,439,1.0,SRC_MUNICIPAL_PRORRATEADA,SECCION,COMPLETO
158,19,NUEVO LEON,DOCTOR ARROYO,,26,287,467,346,0.7408993576017131,0.2591006423982869,PRI,246,0.7109826589595376,191,0.5520231213872833,MORENA,55,0.15895953757225434,40,0.11560693641618497,PAN,15,0.04335260115606936,PRI,246,0.7109826589595376,191,0.5520231213872833,MORENA,55,0.15895953757225434,40,0.11560693641618497,PAN,15,0.04335260115606936,15,0.04335260115606936,246,0.7109826589595376,1,0.002890173410404624,1,0.002890173410404624,4,0.011560693641618497,9,0.02601156069364162,55,0.15895953757225434,3,0.008670520231213872,2,0.005780346820809248,1,0.002890173410404624,0,0.0,0,0.0,0,0.0,0,0.0,0,0.0,0,0.0,0,0.0,1,0.002890173410404624,0,0.0,0,0.0,0,0.0,0,0.0,0,0.0,0,0.0,8,0.023121387283236993,346,1.0,SRC_MUNICIPAL_PRORRATEADA,SECCION,COMPLETO
159,19,NUEVO LEON,DOCTOR COSS,,24,0,2606,1785,0.6849577897160399,0.31504221028396007,PRI,710,0.39775910364145656,249,0.13949579831932774,PANAL,461,0.2582633053221289,242,0.13557422969187674,MC,219,0.1226890756302521,PRI,710,0.39775910364145656,249,0.13949579831932774,PANAL,461,0.2582633053221289,242,0.13557422969187674,MC,219,0.1226890756302521,172,0.09635854341736695,710,0.39775910364145656,5,0.0028011204481792717,22,0.012324929971988795,7,0.00392156862745098,219,0.1226890756302521,61,0.03417366946778711,461,0.2582633053221289,2,0.0011204481792717086,17,0.009523809523809525,0,0.0,1,0.0005602240896358543,68,0.0380952380952381,0,0.0,1,0.0005602240896358543,0,0.0,0,0.0,0,0.0,0,0.0,0,0.0,0,0.0,0,0.0,4,0.002240896358543417,0,0.0,35,0.0196078431372549,1785,1.0,SRC_MUNICIPAL_PRORRATEADA,SECCION,COMPLETO
160,19,NUEVO LEON,DOCTOR GONZALEZ,,23,0,2330,1944,0.8343347639484978,0.16566523605150218,PRI,609,0.3132716049382716,131,0.06738683127572016,MC,478,0.24588477366255143,190,0.09773662551440329,PAN,288,0.14814814814814814,PRI,609,0.3132716049382716,131,0.06738683127572016,MC,478,0.24588477366255143,190,0.09773662551440329,PAN,288,0.14814814814814814,288,0.14814814814814814,609,0.3132716049382716,7,0.00360082304526749,25,0.01286008230452675,265,0.13631687242798354,478,0.24588477366255143,78,0.040123456790123455,142,0.07304526748971193,1,0.00051440329218107,7,0.00360082304526749,5,0.00257201646090535,0,0.0,3,0.0015432098765432098,0,0.0,1,0.00051440329218107,0,0.0,0,0.0,0,0.0,1,0.00051440329218107,0,0.0,2,0.00102880658436214,1,0.00051440329218107,1,0.00051440329218107,1,0.00051440329218107,29,0.014917695473251029,1944,1.0,SRC_MUNICIPAL_PRORRATEADA,SECCION,COMPLETO
161,19,NUEVO LEON,DOCTOR GONZALEZ,,23,306,479,400,0.8350730688935282,0.16492693110647183,PRI,143,0.3575,69,0.1725,MC,74,0.185,20,0.05,PAN,54,0.135,PRI,143,0.3575,69,0.1725,MC,74,0.185,20,0.05,PAN,54,0.135,54,0.135,143,0.3575,3,0.0075,8,0.02,46,0.115,74,0.185,10,0.025,43,0.1075,0,0.0,1,0.0025,0,0.0,0,0.0,0,0.0,0,0.0,0,0.0,0,0.0,0,0.0,0,0.0,0,0.0,0,0.0,0,0.0,0,0.0,0,0.0,0,0.0,18,0.045,400,1.0,SRC_MUNICIPAL_PRORRATEADA,SECCION,COMPLETO
162,19,NUEVO LEON,DOCTOR GONZALEZ,,23,307,330,275,0.8333333333333334,0.16666666666666663,PRI,100,0.36363636363636365,37,0.13454545454545455,PAN,63,0.2290909090909091,18,0.06545454545454546,MC,45,0.16363636363636364,PRI,100,0.36363636363636365,37,0.13454545454545455,PAN,63,0.2290909090909091,18,0.06545454545454546,MC,45,0.16363636363636364,63,0.2290909090909091,100,0.36363636363636365,1,0.0036363636363636364,2,0.007272727272727273,28,0.10181818181818182,45,0.16363636363636364,14,0.05090909090909091,16,0.05818181818181818,1,0.0036363636363636364,0,0.0,1,0.0036363636363636364,0,0.0,0,0.0,0,0.0,0,0.0,0,0.0,0,0.0,0,0.0,0,0.0,0,0.0,0,0.0,0,0.0,0,0.0,0,0.0,4,0.014545454545454545,275,1.0,SRC_MUNICIPAL_PRORRATEADA,SECCION,COMPLETO
163,19,NUEVO LEON,EL CARMEN,,20,0,30443,10728,0.3523962815754032,0.6476037184245969,MC,3482,0.3245712155108128,1001,0.09330723340790455,PAN,2481,0.23126398210290827,794,0.07401193139448173,PRI,1687,0.15725205070842654,MC,3482,0.3245712155108128,1001,0.09330723340790455,PAN,2481,0.23126398210290827,794,0.07401193139448173,PRI,1687,0.15725205070842654,2481,0.23126398210290827,1687,0.15725205070842654,59,0.005499627143922446,833,0.07764727815063385,371,0.03458240119313945,3482,0.3245712155108128,1032,0.09619686800894854,83,0.007736763609246831,31,0.002889634601043997,26,0.002423564504101417,79,0.0073639075316927665,69,0.006431767337807606,204,0.01901565995525727,15,0.0013982102908277406,6,0.0005592841163310962,6,0.0005592841163310962,3,0.0002796420581655481,12,0.0011185682326621924,10,0.0009321401938851603,0,0.0,7,0.0006524981357196123,3,0.0002796420581655481,1,9.321401938851603e-05,2,0.00018642803877703205,226,0.021066368381804625,10728,1.0,SRC_MUNICIPAL_PRORRATEADA,SECCION,COMPLETO
164,19,NUEVO LEON,EL CARMEN,,20,220,2619,923,0.3524245895379916,0.6475754104620084,MC,270,0.29252437703141926,77,0.08342361863488625,PAN,193,0.20910075839653305,14,0.015167930660888408,PRI,179,0.19393282773564463,MC,270,0.29252437703141926,77,0.08342361863488625,PAN,193,0.20910075839653305,14,0.015167930660888408,PRI,179,0.19393282773564463,193,0.20910075839653305,179,0.19393282773564463,5,0.005417118093174431,81,0.08775731310942579,18,0.01950162513542795,270,0.29252437703141926,126,0.13651137594799567,7,0.007583965330444204,4,0.004333694474539545,0,0.0,7,0.007583965330444204,3,0.0032502708559046588,8,0.00866738894907909,1,0.0010834236186348862,0,0.0,1,0.0010834236186348862,0,0.0,3,0.0032502708559046588,0,0.0,2,0.0021668472372697724,1,0.0010834236186348862,0,0.0,0,0.0,0,0.0,14,0.015167930660888408,923,1.0,SRC_MUNICIPAL_PRORRATEADA,SECCION,COMPLETO
165,19,NUEVO LEON,EL CARMEN,,20,2437,1552,547,0.35244845360824745,0.6475515463917525,PAN,152,0.27787934186471663,18,0.03290676416819013,MC,134,0.2449725776965265,7,0.012797074954296161,PRI,127,0.23217550274223034,PAN,152,0.27787934186471663,18,0.03290676416819013,MC,134,0.2449725776965265,7,0.012797074954296161,PRI,127,0.23217550274223034,152,0.27787934186471663,127,0.23217550274223034,4,0.007312614259597806,28,0.051188299817184646,16,0.029250457038391225,134,0.2449725776965265,49,0.08957952468007313,4,0.007312614259597806,1,0.0018281535648994515,0,0.0,6,0.010968921389396709,4,0.007312614259597806,2,0.003656307129798903,2,0.003656307129798903,1,0.0018281535648994515,1,0.0018281535648994515,0,0.0,1,0.0018281535648994515,2,0.003656307129798903,0,0.0,2,0.003656307129798903,0,0.0,0,0.0,0,0.0,11,0.02010968921389397,547,1.0,SRC_MUNICIPAL_PRORRATEADA,SECCION,COMPLETO
166,19,NUEVO LEON,GALEANA,,26,0,18605,12180,0.6546627250739049,0.3453372749260951,PRI,5521,0.4532840722495895,3121,0.25623973727422006,PVEM,2400,0.19704433497536947,585,0.0480295566502463,PAN,1815,0.14901477832512317,PRI,5521,0.4532840722495895,3121,0.25623973727422006,PVEM,2400,0.19704433497536947,585,0.0480295566502463,PAN,1815,0.14901477832512317,1815,0.14901477832512317,5521,0.4532840722495895,27,0.0022167487684729066,2400,0.19704433497536947,265,0.02175697865353038,1097,0.09006568144499179,437,0.03587848932676519,103,0.008456486042692939,12,0.0009852216748768472,5,0.00041050903119868636,15,0.0012315270935960591,28,0.0022988505747126436,12,0.0009852216748768472,4,0.0003284072249589491,4,0.0003284072249589491,2,0.00016420361247947455,4,0.0003284072249589491,8,0.0006568144499178982,17,0.0013957307060755337,4,0.0003284072249589491,4,0.0003284072249589491,2,0.00016420361247947455,0,0.0,4,0.0003284072249589491,390,0.03201970443349754,12180,1.0,SRC_MUNICIPAL_PRORRATEADA,SECCION,COMPLETO
167,19,NUEVO LEON,GALEANA,,26,309,516,338,0.6550387596899225,0.34496124031007747,PRI,108,0.31952662721893493,42,0.1242603550295858,MC,66,0.1952662721893491,3,0.008875739644970414,PAN,63,0.1863905325443787,PRI,108,0.31952662721893493,42,0.1242603550295858,MC,66,0.1952662721893491,3,0.008875739644970414,PAN,63,0.1863905325443787,63,0.1863905325443787,108,0.31952662721893493,2,0.005917159763313609,46,0.13609467455621302,6,0.01775147928994083,66,0.1952662721893491,27,0.07988165680473373,0,0.0,0,0.0,0,0.0,5,0.014792899408284023,0,0.0,0,0.0,0,0.0,0,0.0,0,0.0,0,0.0,0,0.0,0,0.0,0,0.0,0,0.0,0,0.0,0,0.0,0,0.0,15,0.04437869822485207,338,1.0,SRC_MUNICIPAL_PRORRATEADA,SECCION,COMPLETO
168,19,NUEVO LEON,GALEANA,,26,310,628,411,0.6544585987261147,0.34554140127388533,PRI,133,0.3236009732360097,41,0.09975669099756691,MC,92,0.22384428223844283,23,0.05596107055961071,PAN,69,0.1678832116788321,PRI,133,0.3236009732360097,41,0.09975669099756691,MC,92,0.22384428223844283,23,0.05596107055961071,PAN,69,0.1678832116788321,69,0.1678832116788321,133,0.3236009732360097,0,0.0,49,0.1192214111922141,10,0.024330900243309004,92,0.22384428223844283,37,0.09002433090024331,4,0.009732360097323601,1,0.0024330900243309003,0,0.0,2,0.004866180048661801,0,0.0,1,0.0024330900243309003,0,0.0,0,0.0,0,0.0,0,0.0,0,0.0,0,0.0,1,0.0024330900243309003,0,0.0,0,0.0,0,0.0,0,0.0,12,0.029197080291970802,411,1.0,SRC_MUNICIPAL_PRORRATEADA,SECCION,COMPLETO
169,19,NUEVO LEON,GALEANA,,26,311,646,423,0.6547987616099071,0.34520123839009287,PRI,151,0.35697399527186763,41,0.09692671394799054,MC,110,0.26004728132387706,55,0.13002364066193853,PAN,55,0.13002364066193853,PRI,151,0.35697399527186763,41,0.09692671394799054,MC,110,0.26004728132387706,55,0.13002364066193853,PAN,55,0.13002364066193853,55,0.13002364066193853,151,0.35697399527186763,3,0.0070921985815602835,47,0.1111111111111111,10,0.02364066193853428,110,0.26004728132387706,30,0.07092198581560284,6,0.014184397163120567,1,0.002364066193853428,3,0.0070921985815602835,2,0.004728132387706856,1,0.002364066193853428,1,0.002364066193853428,0,0.0,0,0.0,0,0.0,0,0.0,0,0.0,2,0.004728132387706856,1,0.002364066193853428,0,0.0,0,0.0,0,0.0,0,0.0,0,0.0,423,1.0,SRC_MUNICIPAL_PRORRATEADA,SECCION,COMPLETO
170,19,NUEVO LEON,GALEANA,,26,312,1520,995,0.6546052631578947,0.3453947368421053,PRI,506,0.5085427135678392,234,0.23517587939698492,PAN,272,0.2733668341708543,144,0.14472361809045226,PVEM,128,0.12864321608040202,PRI,506,0.5085427135678392,234,0.23517587939698492,PAN,272,0.2733668341708543,144,0.14472361809045226,PVEM,128,0.12864321608040202,272,0.2733668341708543,506,0.5085427135678392,0,0.0,128,0.12864321608040202,17,0.017085427135678392,26,0.02613065326633166,22,0.022110552763819097,4,0.004020100502512563,1,0.0010050251256281408,1,0.0010050251256281408,0,0.0,0,0.0,3,0.003015075376884422,0,0.0,0,0.0,0,0.0,0,0.0,0,0.0,0,0.0,0,0.0,0,0.0,0,0.0,0,0.0,0,0.0,15,0.01507537688442211,995,1.0,SRC_MUNICIPAL_PRORRATEADA,SECCION,COMPLETO
171,19,NUEVO LEON,GALEANA,,26,318,584,382,0.6541095890410958,0.34589041095890416,PRI,173,0.45287958115183247,76,0.19895287958115182,PVEM,97,0.25392670157068065,44,0.11518324607329843,PAN,53,0.1387434554973822,PRI,173,0.45287958115183247,76,0.19895287958115182,PVEM,97,0.25392670157068065,44,0.11518324607329843,PAN,53,0.1387434554973822,53,0.1387434554973822,173,0.45287958115183247,0,0.0,97,0.25392670157068065,8,0.020942408376963352,22,0.05759162303664921,20,0.05235602094240838,3,0.007853403141361256,0,0.0,0,0.0,0,0.0,0,0.0,0,0.0,0,0.0,0,0.0,0,0.0,0,0.0,0,0.0,0,0.0,0,0.0,0,0.0,0,0.0,0,0.0,0,0.0,6,0.015706806282722512,382,1.0,SRC_MUNICIPAL_PRORRATEADA,SECCION,COMPLETO
172,19,NUEVO LEON,GALEANA,,26,321,802,525,0.6546134663341646,0.3453865336658354,PRI,203,0.38666666666666666,21,0.04,PVEM,182,0.3466666666666667,103,0.1961904761904762,PAN,79,0.15047619047619049,PRI,203,0.38666666666666666,21,0.04,PVEM,182,0.3466666666666667,103,0.1961904761904762,PAN,79,0.15047619047619049,79,0.15047619047619049,203,0.38666666666666666,1,0.0019047619047619048,182,0.3466666666666667,6,0.011428571428571429,14,0.02666666666666667,15,0.02857142857142857,4,0.007619047619047619,0,0.0,0,0.0,1,0.0019047619047619048,0,0.0,0,0.0,0,0.0,0,0.0,0,0.0,0,0.0,0,0.0,3,0.005714285714285714,0,0.0,0,0.0,0,0.0,0,0.0,0,0.0,17,0.03238095238095238,525,1.0,SRC_MUNICIPAL_PRORRATEADA,SECCION,COMPLETO
173,19,NUEVO LEON,GALEANA,,26,322,1387,908,0.65465032444124,0.34534967555875995,PRI,396,0.43612334801762115,193,0.21255506607929514,PVEM,203,0.22356828193832598,95,0.10462555066079295,PAN,108,0.11894273127753303,PRI,396,0.43612334801762115,193,0.21255506607929514,PVEM,203,0.22356828193832598,95,0.10462555066079295,PAN,108,0.11894273127753303,108,0.11894273127753303,396,0.43612334801762115,0,0.0,203,0.22356828193832598,13,0.014317180616740088,107,0.11784140969162996,49,0.053964757709251104,1,0.0011013215859030838,0,0.0,3,0.003303964757709251,2,0.0022026431718061676,0,0.0,0,0.0,0,0.0,0,0.0,0,0.0,0,0.0,0,0.0,0,0.0,0,0.0,0,0.0,0,0.0,0,0.0,0,0.0,26,0.028634361233480177,908,1.0,SRC_MUNICIPAL_PRORRATEADA,SECCION,COMPLETO
174,19,NUEVO LEON,GALEANA,,26,323,451,295,0.6541019955654102,0.34589800443458985,PRI,108,0.36610169491525424,19,0.06440677966101695,PAN,89,0.3016949152542373,19,0.06440677966101695,PVEM,70,0.23728813559322035,PRI,108,0.36610169491525424,19,0.06440677966101695,PAN,89,0.3016949152542373,19,0.06440677966101695,PVEM,70,0.23728813559322035,89,0.3016949152542373,108,0.36610169491525424,0,0.0,70,0.23728813559322035,6,0.020338983050847456,9,0.030508474576271188,8,0.02711864406779661,1,0.003389830508474576,0,0.0,0,0.0,1,0.003389830508474576,0,0.0,0,0.0,0,0.0,0,0.0,0,0.0,0,0.0,0,0.0,0,0.0,0,0.0,1,0.003389830508474576,1,0.003389830508474576,0,0.0,0,0.0,1,0.003389830508474576,295,1.0,SRC_MUNICIPAL_PRORRATEADA,SECCION,COMPLETO
175,19,NUEVO LEON,GALEANA,,26,325,442,289,0.6538461538461539,0.34615384615384615,PRI,151,0.5224913494809689,101,0.3494809688581315,PVEM,50,0.17301038062283736,29,0.10034602076124567,PAN,21,0.0726643598615917,PRI,151,0.5224913494809689,101,0.3494809688581315,PVEM,50,0.17301038062283736,29,0.10034602076124567,PAN,21,0.0726643598615917,21,0.0726643598615917,151,0.5224913494809689,2,0.006920415224913495,50,0.17301038062283736,8,0.02768166089965398,21,0.0726643598615917,17,0.058823529411764705,2,0.006920415224913495,0,0.0,2,0.006920415224913495,0,0.0,0,0.0,0,0.0,0,0.0,0,0.0,0,0.0,0,0.0,0,0.0,0,0.0,0,0.0,0,0.0,0,0.0,0,0.0,0,0.0,15,0.05190311418685121,289,1.0,SRC_MUNICIPAL_PRORRATEADA,SECCION,COMPLETO
176,19,NUEVO LEON,GALEANA,,26,328,576,377,0.6545138888888888,0.34548611111111116,PAN,136,0.36074270557029176,29,0.07692307692307693,PRI,107,0.2838196286472148,49,0.129973474801061,PVEM,58,0.15384615384615385,PAN,136,0.36074270557029176,29,0.07692307692307693,PRI,107,0.2838196286472148,49,0.129973474801061,PVEM,58,0.15384615384615385,136,0.36074270557029176,107,0.2838196286472148,0,0.0,58,0.15384615384615385,5,0.013262599469496022,25,0.06631299734748011,18,0.04774535809018567,10,0.026525198938992044,0,0.0,0,0.0,0,0.0,0,0.0,0,0.0,0,0.0,0,0.0,0,0.0,0,0.0,7,0.01856763925729443,0,0.0,0,0.0,0,0.0,0,0.0,0,0.0,0,0.0,11,0.029177718832891247,377,1.0,SRC_MUNICIPAL_PRORRATEADA,SECCION,COMPLETO
177,19,NUEVO LEON,GALEANA,,26,329,1512,990,0.6547619047619048,0.34523809523809523,PRI,330,0.3333333333333333,62,0.06262626262626263,PAN,268,0.27070707070707073,58,0.05858585858585859,PVEM,210,0.21212121212121213,PRI,330,0.3333333333333333,62,0.06262626262626263,PAN,268,0.27070707070707073,58,0.05858585858585859,PVEM,210,0.21212121212121213,268,0.27070707070707073,330,0.3333333333333333,2,0.00202020202020202,210,0.21212121212121213,11,0.011111111111111112,81,0.08181818181818182,36,0.03636363636363636,14,0.014141414141414142,1,0.00101010101010101,0,0.0,0,0.0,1,0.00101010101010101,1,0.00101010101010101,1,0.00101010101010101,0,0.0,0,0.0,0,0.0,0,0.0,6,0.006060606060606061,1,0.00101010101010101,1,0.00101010101010101,0,0.0,0,0.0,0,0.0,26,0.026262626262626262,990,1.0,SRC_MUNICIPAL_PRORRATEADA,SECCION,COMPLETO
178,19,NUEVO LEON,GALEANA,,26,334,435,285,0.6551724137931034,0.3448275862068966,PRI,133,0.4666666666666667,75,0.2631578947368421,PVEM,58,0.20350877192982456,31,0.10877192982456141,PAN,27,0.09473684210526316,PRI,133,0.4666666666666667,75,0.2631578947368421,PVEM,58,0.20350877192982456,31,0.10877192982456141,PAN,27,0.09473684210526316,27,0.09473684210526316,133,0.4666666666666667,0,0.0,58,0.20350877192982456,17,0.05964912280701754,21,0.07368421052631578,10,0.03508771929824561,1,0.0035087719298245615,0,0.0,0,0.0,0,0.0,0,0.0,0,0.0,0,0.0,0,0.0,0,0.0,0,0.0,0,0.0,0,0.0,0,0.0,0,0.0,0,0.0,0,0.0,0,0.0,18,0.06315789473684211,285,1.0,SRC_MUNICIPAL_PRORRATEADA,SECCION,COMPLETO
179,19,NUEVO LEON,GALEANA,,26,335,394,258,0.6548223350253807,0.3451776649746193,PRI,139,0.5387596899224806,65,0.25193798449612403,PVEM,74,0.2868217054263566,66,0.2558139534883721,PAN,8,0.031007751937984496,PRI,139,0.5387596899224806,65,0.25193798449612403,PVEM,74,0.2868217054263566,66,0.2558139534883721,PAN,8,0.031007751937984496,8,0.031007751937984496,139,0.5387596899224806,2,0.007751937984496124,74,0.2868217054263566,2,0.007751937984496124,6,0.023255813953488372,2,0.007751937984496124,3,0.011627906976744186,0,0.0,0,0.0,0,0.0,2,0.007751937984496124,0,0.0,0,0.0,0,0.0,0,0.0,0,0.0,0,0.0,3,0.011627906976744186,5,0.01937984496124031,0,0.0,0,0.0,0,0.0,0,0.0,12,0.046511627906976744,258,1.0,SRC_MUNICIPAL_PRORRATEADA,SECCION,COMPLETO
180,19,NUEVO LEON,GALEANA,,26,336,597,391,0.6549413735343383,0.34505862646566166,PRI,168,0.4296675191815857,80,0.20460358056265984,PVEM,88,0.22506393861892582,33,0.08439897698209718,MC,55,0.14066496163682865,PRI,168,0.4296675191815857,80,0.20460358056265984,PVEM,88,0.22506393861892582,33,0.08439897698209718,MC,55,0.14066496163682865,28,0.07161125319693094,168,0.4296675191815857,1,0.0025575447570332483,88,0.22506393861892582,9,0.023017902813299233,55,0.14066496163682865,27,0.06905370843989769,3,0.0076726342710997444,0,0.0,0,0.0,0,0.0,0,0.0,0,0.0,0,0.0,0,0.0,0,0.0,0,0.0,0,0.0,0,0.0,0,0.0,0,0.0,0,0.0,0,0.0,0,0.0,12,0.030690537084398978,391,1.0,SRC_MUNICIPAL_PRORRATEADA,SECCION,COMPLETO
181,19,NUEVO LEON,GALEANA,,26,337,223,146,0.6547085201793722,0.3452914798206278,PRI,72,0.4931506849315068,52,0.3561643835616438,PVEM,20,0.136986301369863,1,0.00684931506849315,PAN,19,0.13013698630136986,PRI,72,0.4931506849315068,52,0.3561643835616438,PVEM,20,0.136986301369863,1,0.00684931506849315,PAN,19,0.13013698630136986,19,0.13013698630136986,72,0.4931506849315068,1,0.00684931506849315,20,0.136986301369863,3,0.02054794520547945,16,0.1095890410958904,4,0.0273972602739726,0,0.0,0,0.0,0,0.0,1,0.00684931506849315,0,0.0,0,0.0,0,0.0,0,0.0,0,0.0,0,0.0,0,0.0,0,0.0,0,0.0,0,0.0,0,0.0,0,0.0,0,0.0,10,0.0684931506849315,146,1.0,SRC_MUNICIPAL_PRORRATEADA,SECCION,COMPLETO
182,19,NUEVO LEON,GALEANA,,26,341,244,160,0.6557377049180327,0.34426229508196726,PRI,78,0.4875,22,0.1375,PVEM,56,0.35,44,0.275,PAN,12,0.075,PRI,78,0.4875,22,0.1375,PVEM,56,0.35,44,0.275,PAN,12,0.075,12,0.075,78,0.4875,0,0.0,56,0.35,1,0.00625,4,0.025,0,0.0,0,0.0,0,0.0,0,0.0,0,0.0,1,0.00625,0,0.0,0,0.0,0,0.0,0,0.0,0,0.0,0,0.0,0,0.0,0,0.0,0,0.0,0,0.0,0,0.0,0,0.0,8,0.05,160,1.0,SRC_MUNICIPAL_PRORRATEADA,SECCION,COMPLETO
183,19,NUEVO LEON,GALEANA,,26,345,391,256,0.6547314578005116,0.34526854219948844,PRI,86,0.3359375,13,0.05078125,PAN,73,0.28515625,7,0.02734375,PVEM,66,0.2578125,PRI,86,0.3359375,13,0.05078125,PAN,73,0.28515625,7,0.02734375,PVEM,66,0.2578125,73,0.28515625,86,0.3359375,0,0.0,66,0.2578125,0,0.0,17,0.06640625,0,0.0,0,0.0,0,0.0,1,0.00390625,0,0.0,1,0.00390625,0,0.0,0,0.0,0,0.0,0,0.0,0,0.0,0,0.0,0,0.0,0,0.0,0,0.0,0,0.0,0,0.0,0,0.0,12,0.046875,256,1.0,SRC_MUNICIPAL_PRORRATEADA,SECCION,COMPLETO
184,19,NUEVO LEON,GARCIA,,20,0,166451,58575,0.35190536554301266,0.6480946344569873,MC,24088,0.41123346137430644,12840,0.21920614596670934,PRI,11248,0.1920273154075971,1037,0.01770379854886897,PAN,10211,0.17432351685872813,MC,24088,0.41123346137430644,12840,0.21920614596670934,PRI,11248,0.1920273154075971,1037,0.01770379854886897,PAN,10211,0.17432351685872813,10211,0.17432351685872813,11248,0.1920273154075971,418,0.007136150234741784,913,0.015586854460093896,797,0.013606487409304311,24088,0.41123346137430644,7742,0.13217242851045669,411,0.007016645326504482,520,0.008877507469056765,260,0.004438753734528383,567,0.009679897567221511,138,0.00235595390524968,72,0.0012291933418693982,32,0.0005463081519419548,6,0.00010243277848911651,8,0.0001365770379854887,9,0.00015364916773367477,12,0.00020486555697823302,12,0.00020486555697823302,9,0.00015364916773367477,34,0.000580452411438327,6,0.00010243277848911651,19,0.0003243704652155356,22,0.0003755868544600939,1021,0.017430644472897994,58575,1.0,SRC_MUNICIPAL_PRORRATEADA,SECCION,COMPLETO
185,19,NUEVO LEON,GARCIA,,20,346,5402,1901,0.3519067012217697,0.6480932987782303,MC,580,0.3051025775907417,155,0.08153603366649131,PRI,425,0.2235665439242504,119,0.0625986322987901,MORENA,306,0.16096791162546029,MC,580,0.3051025775907417,155,0.08153603366649131,PRI,425,0.2235665439242504,119,0.0625986322987901,MORENA,306,0.16096791162546029,283,0.14886901630720673,425,0.2235665439242504,33,0.017359284587059442,46,0.0241977906365071,25,0.013150973172014729,580,0.3051025775907417,306,0.16096791162546029,27,0.014203051025775907,29,0.015255128879537085,15,0.007890583903208837,20,0.010520778537611783,2,0.0010520778537611783,3,0.0015781167806417674,2,0.0010520778537611783,0,0.0,0,0.0,0,0.0,0,0.0,1,0.0005260389268805891,0,0.0,2,0.0010520778537611783,1,0.0005260389268805891,0,0.0,2,0.0010520778537611783,99,0.05207785376117833,1901,1.0,SRC_MUNICIPAL_PRORRATEADA,SECCION,COMPLETO
186,19,NUEVO LEON,GARCIA,,20,350,753,265,0.351925630810093,0.648074369189907,MC,86,0.32452830188679244,6,0.022641509433962263,PAN,80,0.3018867924528302,36,0.13584905660377358,PRI,44,0.1660377358490566,MC,86,0.32452830188679244,6,0.022641509433962263,PAN,80,0.3018867924528302,36,0.13584905660377358,PRI,44,0.1660377358490566,80,0.3018867924528302,44,0.1660377358490566,0,0.0,5,0.018867924528301886,3,0.011320754716981131,86,0.32452830188679244,29,0.10943396226415095,4,0.01509433962264151,3,0.011320754716981131,2,0.007547169811320755,2,0.007547169811320755,0,0.0,0,0.0,0,0.0,0,0.0,0,0.0,0,0.0,0,0.0,0,0.0,0,0.0,0,0.0,0,0.0,0,0.0,2,0.007547169811320755,5,0.018867924528301886,265,1.0,SRC_MUNICIPAL_PRORRATEADA,SECCION,COMPLETO
187,19,NUEVO LEON,GARCIA,,20,352,494,174,0.3522267206477733,0.6477732793522267,PRI,51,0.29310344827586204,18,0.10344827586206896,PAN,33,0.1896551724137931,7,0.040229885057471264,MC,26,0.14942528735632185,PRI,51,0.29310344827586204,18,0.10344827586206896,PAN,33,0.1896551724137931,7,0.040229885057471264,MC,26,0.14942528735632185,33,0.1896551724137931,51,0.29310344827586204,2,0.011494252873563218,7,0.040229885057471264,3,0.017241379310344827,26,0.14942528735632185,17,0.09770114942528736,3,0.017241379310344827,4,0.022988505747126436,0,0.0,2,0.011494252873563218,4,0.022988505747126436,0,0.0,2,0.011494252873563218,1,0.005747126436781609,0,0.0,0,0.0,0,0.0,0,0.0,0,0.0,0,0.0,0,0.0,0,0.0,0,0.0,19,0.10919540229885058,174,1.0,SRC_MUNICIPAL_PRORRATEADA,SECCION,COMPLETO
188,19,NUEVO LEON,GARCIA,,20,354,554,195,0.351985559566787,0.648014440433213,MC,48,0.24615384615384617,1,0.005128205128205128,PRI,47,0.24102564102564103,14,0.07179487179487179,MORENA,33,0.16923076923076924,MC,48,0.24615384615384617,1,0.005128205128205128,PRI,47,0.24102564102564103,14,0.07179487179487179,MORENA,33,0.16923076923076924,22,0.11282051282051282,47,0.24102564102564103,5,0.02564102564102564,5,0.02564102564102564,6,0.03076923076923077,48,0.24615384615384617,33,0.16923076923076924,6,0.03076923076923077,11,0.05641025641025641,2,0.010256410256410256,1,0.005128205128205128,2,0.010256410256410256,0,0.0,0,0.0,0,0.0,0,0.0,0,0.0,0,0.0,1,0.005128205128205128,0,0.0,0,0.0,0,0.0,0,0.0,0,0.0,6,0.03076923076923077,195,1.0,SRC_MUNICIPAL_PRORRATEADA,SECCION,COMPLETO
189,19,NUEVO LEON,GARCIA,,20,355,1586,558,0.35182849936948296,0.6481715006305171,PAN,128,0.22939068100358423,8,0.014336917562724014,PRI,120,0.21505376344086022,20,0.035842293906810034,MORENA,100,0.17921146953405018,PAN,128,0.22939068100358423,8,0.014336917562724014,PRI,120,0.21505376344086022,20,0.035842293906810034,MORENA,100,0.17921146953405018,128,0.22939068100358423,120,0.21505376344086022,11,0.01971326164874552,23,0.04121863799283154,19,0.034050179211469536,92,0.16487455197132617,100,0.17921146953405018,11,0.01971326164874552,18,0.03225806451612903,3,0.005376344086021506,2,0.0035842293906810036,2,0.0035842293906810036,0,0.0,0,0.0,0,0.0,1,0.0017921146953405018,0,0.0,0,0.0,0,0.0,0,0.0,0,0.0,0,0.0,0,0.0,0,0.0,28,0.05017921146953405,558,1.0,SRC_MUNICIPAL_PRORRATEADA,SECCION,COMPLETO
190,19,NUEVO LEON,GARCIA,,20,2274,1293,455,0.3518948182521268,0.6481051817478731,MC,164,0.36043956043956044,65,0.14285714285714285,PRI,99,0.2175824175824176,21,0.046153846153846156,MORENA,78,0.17142857142857143,MC,164,0.36043956043956044,65,0.14285714285714285,PRI,99,0.2175824175824176,21,0.046153846153846156,MORENA,78,0.17142857142857143,71,0.15604395604395604,99,0.2175824175824176,1,0.002197802197802198,10,0.02197802197802198,5,0.01098901098901099,164,0.36043956043956044,78,0.17142857142857143,8,0.017582417582417582,6,0.013186813186813187,2,0.004395604395604396,8,0.017582417582417582,0,0.0,1,0.002197802197802198,0,0.0,0,0.0,0,0.0,0,0.0,0,0.0,0,0.0,0,0.0,0,0.0,0,0.0,0,0.0,0,0.0,2,0.004395604395604396,455,1.0,SRC_MUNICIPAL_PRORRATEADA,SECCION,COMPLETO
191,19,NUEVO LEON,GARCIA,,20,2275,560,197,0.3517857142857143,0.6482142857142856,MC,70,0.3553299492385787,28,0.14213197969543148,PRI,42,0.2131979695431472,2,0.01015228426395939,MORENA,40,0.20304568527918782,MC,70,0.3553299492385787,28,0.14213197969543148,PRI,42,0.2131979695431472,2,0.01015228426395939,MORENA,40,0.20304568527918782,25,0.12690355329949238,42,0.2131979695431472,3,0.015228426395939087,4,0.02030456852791878,1,0.005076142131979695,70,0.3553299492385787,40,0.20304568527918782,1,0.005076142131979695,3,0.015228426395939087,1,0.005076142131979695,4,0.02030456852791878,0,0.0,0,0.0,0,0.0,0,0.0,0,0.0,1,0.005076142131979695,0,0.0,0,0.0,0,0.0,1,0.005076142131979695,0,0.0,1,0.005076142131979695,0,0.0,0,0.0,197,1.0,SRC_MUNICIPAL_PRORRATEADA,SECCION,COMPLETO
192,19,NUEVO LEON,GARCIA,,20,2276,0,0,0.0,0.0,PAN,0,0.0,0,0.0,PRI,0,0.0,0,0.0,PRD,0,0.0,PAN,0,0.0,0,0.0,PRI,0,0.0,0,0.0,PRD,0,0.0,0,0.0,0,0.0,0,0.0,0,0.0,0,0.0,0,0.0,0,0.0,0,0.0,0,0.0,0,0.0,0,0.0,0,0.0,0,0.0,0,0.0,0,0.0,0,0.0,0,0.0,0,0.0,0,0.0,0,0.0,0,0.0,0,0.0,0,0.0,0,0.0,0,0.0,0,0.0,SRC_MUNICIPAL_PRORRATEADA,SECCION,COMPLETO
193,19,NUEVO LEON,GARCIA,,20,2281,736,259,0.35190217391304346,0.6480978260869565,MC,109,0.42084942084942084,58,0.22393822393822393,PAN,51,0.1969111969111969,9,0.03474903474903475,PRI,42,0.16216216216216217,MC,109,0.42084942084942084,58,0.22393822393822393,PAN,51,0.1969111969111969,9,0.03474903474903475,PRI,42,0.16216216216216217,51,0.1969111969111969,42,0.16216216216216217,1,0.003861003861003861,3,0.011583011583011582,2,0.007722007722007722,109,0.42084942084942084,38,0.14671814671814673,2,0.007722007722007722,0,0.0,1,0.003861003861003861,1,0.003861003861003861,1,0.003861003861003861,1,0.003861003861003861,0,0.0,0,0.0,0,0.0,0,0.0,0,0.0,0,0.0,0,0.0,0,0.0,0,0.0,0,0.0,0,0.0,7,0.02702702702702703,259,1.0,SRC_MUNICIPAL_PRORRATEADA,SECCION,COMPLETO
194,19,NUEVO LEON,GARCIA,,20,2287,668,235,0.35179640718562877,0.6482035928143712,MC,98,0.41702127659574467,56,0.23829787234042554,MORENA,42,0.17872340425531916,1,0.00425531914893617,PRI,41,0.17446808510638298,MC,98,0.41702127659574467,56,0.23829787234042554,MORENA,42,0.17872340425531916,1,0.00425531914893617,PRI,41,0.17446808510638298,35,0.14893617021276595,41,0.17446808510638298,0,0.0,1,0.00425531914893617,4,0.01702127659574468,98,0.41702127659574467,42,0.17872340425531916,5,0.02127659574468085,5,0.02127659574468085,0,0.0,2,0.00851063829787234,0,0.0,0,0.0,1,0.00425531914893617,0,0.0,0,0.0,0,0.0,0,0.0,0,0.0,0,0.0,0,0.0,0,0.0,0,0.0,0,0.0,1,0.00425531914893617,235,1.0,SRC_MUNICIPAL_PRORRATEADA,SECCION,COMPLETO
195,19,NUEVO LEON,GARCIA,,20,2288,372,131,0.3521505376344086,0.6478494623655914,MC,50,0.3816793893129771,23,0.17557251908396945,MORENA,27,0.20610687022900764,4,0.030534351145038167,PAN,23,0.17557251908396945,MC,50,0.3816793893129771,23,0.17557251908396945,MORENA,27,0.20610687022900764,4,0.030534351145038167,PAN,23,0.17557251908396945,23,0.17557251908396945,17,0.1297709923664122,0,0.0,4,0.030534351145038167,1,0.007633587786259542,50,0.3816793893129771,27,0.20610687022900764,0,0.0,1,0.007633587786259542,1,0.007633587786259542,2,0.015267175572519083,0,0.0,1,0.007633587786259542,0,0.0,0,0.0,0,0.0,0,0.0,0,0.0,0,0.0,0,0.0,1,0.007633587786259542,0,0.0,0,0.0,0,0.0,3,0.022900763358778626,131,1.0,SRC_MUNICIPAL_PRORRATEADA,SECCION,COMPLETO
196,19,NUEVO LEON,GARCIA,,20,2290,597,210,0.35175879396984927,0.6482412060301508,MC,74,0.3523809523809524,32,0.1523809523809524,PAN,42,0.2,5,0.023809523809523808,PRI,37,0.1761904761904762,MC,74,0.3523809523809524,32,0.1523809523809524,PAN,42,0.2,5,0.023809523809523808,PRI,37,0.1761904761904762,42,0.2,37,0.1761904761904762,2,0.009523809523809525,3,0.014285714285714285,4,0.01904761904761905,74,0.3523809523809524,31,0.14761904761904762,2,0.009523809523809525,2,0.009523809523809525,3,0.014285714285714285,2,0.009523809523809525,0,0.0,0,0.0,0,0.0,0,0.0,0,0.0,0,0.0,0,0.0,0,0.0,0,0.0,0,0.0,0,0.0,0,0.0,0,0.0,8,0.0380952380952381,210,1.0,SRC_MUNICIPAL_PRORRATEADA,SECCION,COMPLETO
197,19,NUEVO LEON,GARCIA,,20,2294,810,285,0.35185185185185186,0.6481481481481481,MC,112,0.3929824561403509,54,0.18947368421052632,MORENA,58,0.20350877192982456,14,0.04912280701754386,PAN,44,0.1543859649122807,MC,112,0.3929824561403509,54,0.18947368421052632,MORENA,58,0.20350877192982456,14,0.04912280701754386,PAN,44,0.1543859649122807,44,0.1543859649122807,39,0.1368421052631579,4,0.014035087719298246,11,0.03859649122807018,4,0.014035087719298246,112,0.3929824561403509,58,0.20350877192982456,4,0.014035087719298246,2,0.007017543859649123,1,0.0035087719298245615,5,0.017543859649122806,0,0.0,0,0.0,0,0.0,0,0.0,0,0.0,0,0.0,0,0.0,0,0.0,0,0.0,0,0.0,0,0.0,0,0.0,0,0.0,1,0.0035087719298245615,285,1.0,SRC_MUNICIPAL_PRORRATEADA,SECCION,COMPLETO
198,19,NUEVO LEON,GARCIA,,20,2295,818,288,0.35207823960880197,0.647921760391198,MC,113,0.3923611111111111,54,0.1875,PRI,59,0.2048611111111111,6,0.020833333333333332,PAN,53,0.1840277777777778,MC,113,0.3923611111111111,54,0.1875,PRI,59,0.2048611111111111,6,0.020833333333333332,PAN,53,0.1840277777777778,53,0.1840277777777778,59,0.2048611111111111,1,0.003472222222222222,2,0.006944444444444444,6,0.020833333333333332,113,0.3923611111111111,39,0.13541666666666666,3,0.010416666666666666,4,0.013888888888888888,1,0.003472222222222222,4,0.013888888888888888,1,0.003472222222222222,0,0.0,0,0.0,0,0.0,0,0.0,0,0.0,0,0.0,0,0.0,0,0.0,0,0.0,0,0.0,0,0.0,0,0.0,2,0.006944444444444444,288,1.0,SRC_MUNICIPAL_PRORRATEADA,SECCION,COMPLETO
199,19,NUEVO LEON,GARCIA,,20,2300,1034,364,0.3520309477756286,0.6479690522243714,MC,174,0.47802197802197804,115,0.3159340659340659,PRI,59,0.1620879120879121,2,0.005494505494505495,PAN,57,0.1565934065934066,MC,174,0.47802197802197804,115,0.3159340659340659,PRI,59,0.1620879120879121,2,0.005494505494505495,PAN,57,0.1565934065934066,57,0.1565934065934066,59,0.1620879120879121,1,0.0027472527472527475,5,0.013736263736263736,2,0.005494505494505495,174,0.47802197802197804,51,0.1401098901098901,0,0.0,3,0.008241758241758242,0,0.0,4,0.01098901098901099,1,0.0027472527472527475,0,0.0,0,0.0,0,0.0,0,0.0,0,0.0,0,0.0,0,0.0,0,0.0,0,0.0,0,0.0,0,0.0,0,0.0,7,0.019230769230769232,364,1.0,SRC_MUNICIPAL_PRORRATEADA,SECCION,COMPLETO
200,19,NUEVO LEON,GARCIA,,20,2307,2407,847,0.3518903199002908,0.6481096800997093,MC,374,0.44155844155844154,229,0.27036599763872493,MORENA,145,0.17119244391971664,8,0.009445100354191263,PAN,137,0.1617473435655254,MC,374,0.44155844155844154,229,0.27036599763872493,MORENA,145,0.17119244391971664,8,0.009445100354191263,PAN,137,0.1617473435655254,137,0.1617473435655254,117,0.1381345926800472,5,0.0059031877213695395,11,0.012987012987012988,8,0.009445100354191263,374,0.44155844155844154,145,0.17119244391971664,4,0.004722550177095631,14,0.01652892561983471,6,0.0070838252656434475,11,0.012987012987012988,0,0.0,0,0.0,1,0.0011806375442739079,0,0.0,0,0.0,0,0.0,0,0.0,1,0.0011806375442739079,0,0.0,0,0.0,0,0.0,0,0.0,0,0.0,13,0.015348288075560802,847,1.0,SRC_MUNICIPAL_PRORRATEADA,SECCION,COMPLETO
201,19,NUEVO LEON,GARCIA,,20,2549,3660,1288,0.3519125683060109,0.6480874316939891,MC,535,0.41537267080745344,303,0.23524844720496896,PRI,232,0.18012422360248448,18,0.013975155279503106,PAN,214,0.16614906832298137,MC,535,0.41537267080745344,303,0.23524844720496896,PRI,232,0.18012422360248448,18,0.013975155279503106,PAN,214,0.16614906832298137,214,0.16614906832298137,232,0.18012422360248448,6,0.004658385093167702,14,0.010869565217391304,12,0.009316770186335404,535,0.41537267080745344,205,0.15916149068322982,5,0.0038819875776397515,10,0.007763975155279503,10,0.007763975155279503,11,0.008540372670807454,0,0.0,1,0.0007763975155279503,0,0.0,0,0.0,0,0.0,0,0.0,0,0.0,1,0.0007763975155279503,0,0.0,1,0.0007763975155279503,0,0.0,0,0.0,0,0.0,31,0.02406832298136646,1288,1.0,SRC_MUNICIPAL_PRORRATEADA,SECCION,COMPLETO
202,19,NUEVO LEON,GARCIA,,20,2556,546,192,0.3516483516483517,0.6483516483516483,PRI,72,0.375,8,0.041666666666666664,MC,64,0.3333333333333333,37,0.19270833333333334,PAN,27,0.140625,PRI,72,0.375,8,0.041666666666666664,MC,64,0.3333333333333333,37,0.19270833333333334,PAN,27,0.140625,27,0.140625,72,0.375,0,0.0,3,0.015625,5,0.026041666666666668,64,0.3333333333333333,14,0.07291666666666667,0,0.0,2,0.010416666666666666,0,0.0,2,0.010416666666666666,1,0.005208333333333333,0,0.0,0,0.0,0,0.0,0,0.0,0,0.0,0,0.0,0,0.0,0,0.0,0,0.0,0,0.0,0,0.0,0,0.0,2,0.010416666666666666,192,1.0,SRC_MUNICIPAL_PRORRATEADA,SECCION,COMPLETO
203,19,NUEVO LEON,GARCIA,,20,2557,608,214,0.3519736842105263,0.6480263157894737,MC,99,0.46261682242990654,56,0.2616822429906542,PRI,43,0.20093457943925233,14,0.06542056074766354,PAN,29,0.13551401869158877,MC,99,0.46261682242990654,56,0.2616822429906542,PRI,43,0.20093457943925233,14,0.06542056074766354,PAN,29,0.13551401869158877,29,0.13551401869158877,43,0.20093457943925233,2,0.009345794392523364,2,0.009345794392523364,6,0.028037383177570093,99,0.46261682242990654,24,0.11214953271028037,1,0.004672897196261682,3,0.014018691588785047,0,0.0,2,0.009345794392523364,0,0.0,0,0.0,0,0.0,0,0.0,0,0.0,1,0.004672897196261682,0,0.0,0,0.0,0,0.0,0,0.0,2,0.009345794392523364,0,0.0,0,0.0,0,0.0,214,1.0,SRC_MUNICIPAL_PRORRATEADA,SECCION,COMPLETO
204,19,NUEVO LEON,GARCIA,,20,2561,432,152,0.35185185185185186,0.6481481481481481,MC,53,0.34868421052631576,16,0.10526315789473684,PRI,37,0.24342105263157895,16,0.10526315789473684,MORENA,21,0.13815789473684212,MC,53,0.34868421052631576,16,0.10526315789473684,PRI,37,0.24342105263157895,16,0.10526315789473684,MORENA,21,0.13815789473684212,7,0.046052631578947366,37,0.24342105263157895,3,0.019736842105263157,2,0.013157894736842105,7,0.046052631578947366,53,0.34868421052631576,21,0.13815789473684212,3,0.019736842105263157,1,0.006578947368421052,4,0.02631578947368421,0,0.0,2,0.013157894736842105,3,0.019736842105263157,0,0.0,0,0.0,0,0.0,0,0.0,0,0.0,0,0.0,0,0.0,0,0.0,0,0.0,0,0.0,0,0.0,9,0.05921052631578947,152,1.0,SRC_MUNICIPAL_PRORRATEADA,SECCION,COMPLETO
205,19,NUEVO LEON,GARCIA,,20,2570,287,101,0.3519163763066202,0.6480836236933798,MORENA,39,0.38613861386138615,14,0.13861386138613863,PRI,25,0.24752475247524752,9,0.0891089108910891,PANAL,16,0.15841584158415842,MORENA,39,0.38613861386138615,14,0.13861386138613863,PRI,25,0.24752475247524752,9,0.0891089108910891,PANAL,16,0.15841584158415842,12,0.1188118811881188,25,0.24752475247524752,0,0.0,1,0.009900990099009901,0,0.0,2,0.019801980198019802,39,0.38613861386138615,16,0.15841584158415842,0,0.0,1,0.009900990099009901,0,0.0,0,0.0,0,0.0,0,0.0,0,0.0,0,0.0,0,0.0,0,0.0,0,0.0,0,0.0,0,0.0,0,0.0,0,0.0,0,0.0,5,0.04950495049504951,101,1.0,SRC_MUNICIPAL_PRORRATEADA,SECCION,COMPLETO
206,19,NUEVO LEON,GARCIA,,20,2571,443,156,0.35214446952595935,0.6478555304740407,MC,69,0.4423076923076923,36,0.23076923076923078,PRI,33,0.21153846153846154,12,0.07692307692307693,MORENA,21,0.1346153846153846,MC,69,0.4423076923076923,36,0.23076923076923078,PRI,33,0.21153846153846154,12,0.07692307692307693,MORENA,21,0.1346153846153846,13,0.08333333333333333,33,0.21153846153846154,1,0.00641025641025641,3,0.019230769230769232,2,0.01282051282051282,69,0.4423076923076923,21,0.1346153846153846,2,0.01282051282051282,0,0.0,1,0.00641025641025641,1,0.00641025641025641,0,0.0,0,0.0,0,0.0,0,0.0,0,0.0,0,0.0,0,0.0,0,0.0,0,0.0,1,0.00641025641025641,0,0.0,0,0.0,2,0.01282051282051282,7,0.04487179487179487,156,1.0,SRC_MUNICIPAL_PRORRATEADA,SECCION,COMPLETO
207,19,NUEVO LEON,GARCIA,,20,2573,762,268,0.35170603674540685,0.6482939632545932,MC,111,0.4141791044776119,49,0.1828358208955224,PRI,62,0.23134328358208955,27,0.10074626865671642,MORENA,35,0.13059701492537312,MC,111,0.4141791044776119,49,0.1828358208955224,PRI,62,0.23134328358208955,27,0.10074626865671642,MORENA,35,0.13059701492537312,31,0.11567164179104478,62,0.23134328358208955,0,0.0,4,0.014925373134328358,8,0.029850746268656716,111,0.4141791044776119,35,0.13059701492537312,2,0.007462686567164179,2,0.007462686567164179,0,0.0,5,0.018656716417910446,3,0.011194029850746268,0,0.0,1,0.0037313432835820895,1,0.0037313432835820895,0,0.0,0,0.0,0,0.0,0,0.0,0,0.0,1,0.0037313432835820895,0,0.0,0,0.0,0,0.0,2,0.007462686567164179,268,1.0,SRC_MUNICIPAL_PRORRATEADA,SECCION,COMPLETO
208,19,NUEVO LEON,GARCIA,,20,2577,406,143,0.3522167487684729,0.6477832512315271,MC,56,0.3916083916083916,20,0.13986013986013987,PRI,36,0.2517482517482518,14,0.0979020979020979,PAN,22,0.15384615384615385,MC,56,0.3916083916083916,20,0.13986013986013987,PRI,36,0.2517482517482518,14,0.0979020979020979,PAN,22,0.15384615384615385,22,0.15384615384615385,36,0.2517482517482518,2,0.013986013986013986,3,0.02097902097902098,3,0.02097902097902098,56,0.3916083916083916,14,0.0979020979020979,3,0.02097902097902098,1,0.006993006993006993,0,0.0,2,0.013986013986013986,0,0.0,0,0.0,0,0.0,0,0.0,0,0.0,0,0.0,0,0.0,0,0.0,0,0.0,0,0.0,0,0.0,0,0.0,0,0.0,1,0.006993006993006993,143,1.0,SRC_MUNICIPAL_PRORRATEADA,SECCION,COMPLETO
209,19,NUEVO LEON,GARCIA,,20,2583,625,220,0.352,0.648,MC,96,0.43636363636363634,54,0.24545454545454545,PAN,42,0.19090909090909092,2,0.00909090909090909,PRI,40,0.18181818181818182,MC,96,0.43636363636363634,54,0.24545454545454545,PAN,42,0.19090909090909092,2,0.00909090909090909,PRI,40,0.18181818181818182,42,0.19090909090909092,40,0.18181818181818182,0,0.0,3,0.013636363636363636,4,0.01818181818181818,96,0.43636363636363634,26,0.11818181818181818,3,0.013636363636363636,1,0.004545454545454545,0,0.0,2,0.00909090909090909,0,0.0,0,0.0,0,0.0,0,0.0,0,0.0,0,0.0,0,0.0,0,0.0,0,0.0,0,0.0,0,0.0,0,0.0,0,0.0,3,0.013636363636363636,220,1.0,SRC_MUNICIPAL_PRORRATEADA,SECCION,COMPLETO
210,19,NUEVO LEON,GARCIA,,20,2586,330,116,0.3515151515151515,0.6484848484848484,MC,47,0.4051724137931034,20,0.1724137931034483,PRI,27,0.23275862068965517,11,0.09482758620689655,MORENA,16,0.13793103448275862,MC,47,0.4051724137931034,20,0.1724137931034483,PRI,27,0.23275862068965517,11,0.09482758620689655,MORENA,16,0.13793103448275862,15,0.12931034482758622,27,0.23275862068965517,2,0.017241379310344827,3,0.02586206896551724,4,0.034482758620689655,47,0.4051724137931034,16,0.13793103448275862,0,0.0,0,0.0,0,0.0,0,0.0,1,0.008620689655172414,0,0.0,0,0.0,0,0.0,0,0.0,0,0.0,0,0.0,0,0.0,0,0.0,0,0.0,0,0.0,0,0.0,0,0.0,1,0.008620689655172414,116,1.0,SRC_MUNICIPAL_PRORRATEADA,SECCION,COMPLETO
211,19,NUEVO LEON,GARCIA,,20,2588,568,200,0.352112676056338,0.647887323943662,MC,74,0.37,36,0.18,PAN,38,0.19,0,0.0,PRI,38,0.19,MC,74,0.37,36,0.18,PAN,38,0.19,0,0.0,PRI,38,0.19,38,0.19,38,0.19,1,0.005,1,0.005,7,0.035,74,0.37,34,0.17,3,0.015,0,0.0,0,0.0,1,0.005,0,0.0,0,0.0,0,0.0,0,0.0,0,0.0,0,0.0,0,0.0,0,0.0,0,0.0,0,0.0,0,0.0,0,0.0,0,0.0,3,0.015,200,1.0,SRC_MUNICIPAL_PRORRATEADA,SECCION,COMPLETO
212,19,NUEVO LEON,GARCIA,,20,2597,841,296,0.351961950059453,0.6480380499405469,MC,131,0.44256756756756754,59,0.19932432432432431,PRI,72,0.24324324324324326,14,0.0472972972972973,PAN,58,0.19594594594594594,MC,131,0.44256756756756754,59,0.19932432432432431,PRI,72,0.24324324324324326,14,0.0472972972972973,PAN,58,0.19594594594594594,58,0.19594594594594594,72,0.24324324324324326,0,0.0,1,0.0033783783783783786,3,0.010135135135135136,131,0.44256756756756754,19,0.06418918918918919,1,0.0033783783783783786,0,0.0,2,0.006756756756756757,8,0.02702702702702703,0,0.0,0,0.0,0,0.0,0,0.0,0,0.0,0,0.0,0,0.0,0,0.0,0,0.0,0,0.0,0,0.0,0,0.0,0,0.0,1,0.0033783783783783786,296,1.0,SRC_MUNICIPAL_PRORRATEADA,SECCION,COMPLETO
213,19,NUEVO LEON,GARCIA,,20,2598,2199,774,0.3519781718963165,0.6480218281036835,MC,368,0.4754521963824289,214,0.27648578811369506,PRI,154,0.19896640826873385,3,0.003875968992248062,PAN,151,0.19509043927648578,MC,368,0.4754521963824289,214,0.27648578811369506,PRI,154,0.19896640826873385,3,0.003875968992248062,PAN,151,0.19509043927648578,151,0.19509043927648578,154,0.19896640826873385,2,0.002583979328165375,2,0.002583979328165375,4,0.00516795865633075,368,0.4754521963824289,70,0.09043927648578812,5,0.006459948320413436,1,0.0012919896640826874,0,0.0,3,0.003875968992248062,1,0.0012919896640826874,0,0.0,1,0.0012919896640826874,1,0.0012919896640826874,0,0.0,0,0.0,0,0.0,0,0.0,0,0.0,0,0.0,0,0.0,0,0.0,0,0.0,11,0.014211886304909561,774,1.0,SRC_MUNICIPAL_PRORRATEADA,SECCION,COMPLETO
214,19,NUEVO LEON,GARCIA,,20,2599,733,258,0.3519781718963165,0.6480218281036835,MC,129,0.5,80,0.31007751937984496,PRI,49,0.18992248062015504,6,0.023255813953488372,PAN,43,0.16666666666666666,MC,129,0.5,80,0.31007751937984496,PRI,49,0.18992248062015504,6,0.023255813953488372,PAN,43,0.16666666666666666,43,0.16666666666666666,49,0.18992248062015504,1,0.003875968992248062,3,0.011627906976744186,3,0.011627906976744186,129,0.5,21,0.08139534883720931,0,0.0,0,0.0,0,0.0,7,0.027131782945736434,0,0.0,0,0.0,0,0.0,0,0.0,0,0.0,0,0.0,0,0.0,0,0.0,0,0.0,1,0.003875968992248062,0,0.0,0,0.0,0,0.0,1,0.003875968992248062,258,1.0,SRC_MUNICIPAL_PRORRATEADA,SECCION,COMPLETO
215,19,NUEVO LEON,GARCIA,,20,2603,952,335,0.35189075630252103,0.6481092436974789,MC,161,0.48059701492537316,97,0.28955223880597014,PRI,64,0.191044776119403,3,0.008955223880597015,PAN,61,0.18208955223880596,MC,161,0.48059701492537316,97,0.28955223880597014,PRI,64,0.191044776119403,3,0.008955223880597015,PAN,61,0.18208955223880596,61,0.18208955223880596,64,0.191044776119403,2,0.005970149253731343,9,0.026865671641791045,1,0.0029850746268656717,161,0.48059701492537316,27,0.08059701492537313,1,0.0029850746268656717,4,0.011940298507462687,0,0.0,2,0.005970149253731343,0,0.0,1,0.0029850746268656717,0,0.0,0,0.0,0,0.0,0,0.0,0,0.0,0,0.0,0,0.0,0,0.0,0,0.0,0,0.0,0,0.0,2,0.005970149253731343,335,1.0,SRC_MUNICIPAL_PRORRATEADA,SECCION,COMPLETO
216,19,NUEVO LEON,GARCIA,,20,2614,2515,885,0.3518886679920477,0.6481113320079523,MC,385,0.4350282485875706,135,0.15254237288135594,PRI,250,0.2824858757062147,80,0.0903954802259887,PAN,170,0.192090395480226,MC,385,0.4350282485875706,135,0.15254237288135594,PRI,250,0.2824858757062147,80,0.0903954802259887,PAN,170,0.192090395480226,170,0.192090395480226,250,0.2824858757062147,4,0.004519774011299435,3,0.003389830508474576,6,0.006779661016949152,385,0.4350282485875706,50,0.05649717514124294,1,0.0011299435028248588,2,0.0022598870056497176,2,0.0022598870056497176,5,0.005649717514124294,0,0.0,1,0.0011299435028248588,0,0.0,0,0.0,0,0.0,0,0.0,0,0.0,0,0.0,0,0.0,0,0.0,0,0.0,0,0.0,0,0.0,6,0.006779661016949152,885,1.0,SRC_MUNICIPAL_PRORRATEADA,SECCION,COMPLETO
217,19,NUEVO LEON,GARCIA,,20,2615,958,337,0.35177453027139877,0.6482254697286012,MC,153,0.4540059347181009,76,0.22551928783382788,PRI,77,0.228486646884273,2,0.005934718100890208,PAN,75,0.22255192878338279,MC,153,0.4540059347181009,76,0.22551928783382788,PRI,77,0.228486646884273,2,0.005934718100890208,PAN,75,0.22255192878338279,75,0.22255192878338279,77,0.228486646884273,2,0.005934718100890208,1,0.002967359050445104,1,0.002967359050445104,153,0.4540059347181009,21,0.06231454005934718,1,0.002967359050445104,1,0.002967359050445104,0,0.0,1,0.002967359050445104,2,0.005934718100890208,0,0.0,0,0.0,0,0.0,0,0.0,0,0.0,0,0.0,0,0.0,0,0.0,0,0.0,0,0.0,0,0.0,1,0.002967359050445104,1,0.002967359050445104,337,1.0,SRC_MUNICIPAL_PRORRATEADA,SECCION,COMPLETO
218,19,NUEVO LEON,GARCIA,,20,2823,961,338,0.3517169614984391,0.6482830385015609,MC,138,0.40828402366863903,71,0.21005917159763313,MORENA,67,0.19822485207100593,12,0.03550295857988166,PRI,55,0.16272189349112426,MC,138,0.40828402366863903,71,0.21005917159763313,MORENA,67,0.19822485207100593,12,0.03550295857988166,PRI,55,0.16272189349112426,52,0.15384615384615385,55,0.16272189349112426,1,0.0029585798816568047,6,0.01775147928994083,3,0.008875739644970414,138,0.40828402366863903,67,0.19822485207100593,2,0.005917159763313609,0,0.0,0,0.0,1,0.0029585798816568047,0,0.0,4,0.011834319526627219,0,0.0,0,0.0,0,0.0,0,0.0,0,0.0,0,0.0,0,0.0,0,0.0,0,0.0,0,0.0,0,0.0,9,0.026627218934911243,338,1.0,SRC_MUNICIPAL_PRORRATEADA,SECCION,COMPLETO
219,19,NUEVO LEON,GARCIA,,20,2827,412,145,0.35194174757281554,0.6480582524271845,MC,46,0.31724137931034485,13,0.0896551724137931,PRI,33,0.22758620689655173,2,0.013793103448275862,PAN,31,0.21379310344827587,MC,46,0.31724137931034485,13,0.0896551724137931,PRI,33,0.22758620689655173,2,0.013793103448275862,PAN,31,0.21379310344827587,31,0.21379310344827587,33,0.22758620689655173,0,0.0,4,0.027586206896551724,4,0.027586206896551724,46,0.31724137931034485,19,0.1310344827586207,0,0.0,1,0.006896551724137931,0,0.0,1,0.006896551724137931,0,0.0,0,0.0,0,0.0,0,0.0,0,0.0,0,0.0,0,0.0,0,0.0,0,0.0,0,0.0,0,0.0,0,0.0,0,0.0,6,0.041379310344827586,145,1.0,SRC_MUNICIPAL_PRORRATEADA,SECCION,COMPLETO
220,19,NUEVO LEON,GARCIA,,20,2832,438,154,0.3515981735159817,0.6484018264840183,MC,52,0.33766233766233766,13,0.08441558441558442,PRI,39,0.2532467532467532,9,0.05844155844155844,PAN,30,0.19480519480519481,MC,52,0.33766233766233766,13,0.08441558441558442,PRI,39,0.2532467532467532,9,0.05844155844155844,PAN,30,0.19480519480519481,30,0.19480519480519481,39,0.2532467532467532,0,0.0,0,0.0,0,0.0,52,0.33766233766233766,23,0.14935064935064934,0,0.0,2,0.012987012987012988,2,0.012987012987012988,2,0.012987012987012988,0,0.0,0,0.0,0,0.0,0,0.0,0,0.0,0,0.0,0,0.0,0,0.0,0,0.0,0,0.0,0,0.0,0,0.0,0,0.0,4,0.025974025974025976,154,1.0,SRC_MUNICIPAL_PRORRATEADA,SECCION,COMPLETO
221,19,NUEVO LEON,GARCIA,,20,2834,472,166,0.3516949152542373,0.6483050847457628,MC,79,0.4759036144578313,50,0.30120481927710846,MORENA,29,0.1746987951807229,6,0.03614457831325301,PAN,23,0.13855421686746988,MC,79,0.4759036144578313,50,0.30120481927710846,MORENA,29,0.1746987951807229,6,0.03614457831325301,PAN,23,0.13855421686746988,23,0.13855421686746988,22,0.13253012048192772,1,0.006024096385542169,3,0.018072289156626505,1,0.006024096385542169,79,0.4759036144578313,29,0.1746987951807229,0,0.0,1,0.006024096385542169,0,0.0,1,0.006024096385542169,0,0.0,1,0.006024096385542169,0,0.0,0,0.0,0,0.0,0,0.0,0,0.0,0,0.0,0,0.0,1,0.006024096385542169,0,0.0,0,0.0,0,0.0,4,0.024096385542168676,166,1.0,SRC_MUNICIPAL_PRORRATEADA,SECCION,COMPLETO
222,19,NUEVO LEON,GARCIA,,20,2837,1014,357,0.3520710059171598,0.6479289940828402,MC,166,0.4649859943977591,105,0.29411764705882354,MORENA,61,0.17086834733893558,1,0.0028011204481792717,PRI,60,0.16806722689075632,MC,166,0.4649859943977591,105,0.29411764705882354,MORENA,61,0.17086834733893558,1,0.0028011204481792717,PRI,60,0.16806722689075632,35,0.09803921568627451,60,0.16806722689075632,1,0.0028011204481792717,10,0.028011204481792718,8,0.022408963585434174,166,0.4649859943977591,61,0.17086834733893558,3,0.008403361344537815,3,0.008403361344537815,2,0.0056022408963585435,0,0.0,0,0.0,2,0.0056022408963585435,0,0.0,0,0.0,0,0.0,0,0.0,0,0.0,0,0.0,0,0.0,0,0.0,0,0.0,0,0.0,0,0.0,6,0.01680672268907563,357,1.0,SRC_MUNICIPAL_PRORRATEADA,SECCION,COMPLETO
223,19,NUEVO LEON,GARCIA,,20,2839,415,146,0.35180722891566263,0.6481927710843374,MC,56,0.3835616438356164,25,0.17123287671232876,MORENA,31,0.21232876712328766,12,0.0821917808219178,PAN,19,0.13013698630136986,MC,56,0.3835616438356164,25,0.17123287671232876,MORENA,31,0.21232876712328766,12,0.0821917808219178,PAN,19,0.13013698630136986,19,0.13013698630136986,14,0.0958904109589041,0,0.0,5,0.03424657534246575,1,0.00684931506849315,56,0.3835616438356164,31,0.21232876712328766,3,0.02054794520547945,5,0.03424657534246575,3,0.02054794520547945,2,0.0136986301369863,0,0.0,0,0.0,0,0.0,0,0.0,0,0.0,0,0.0,0,0.0,0,0.0,0,0.0,0,0.0,0,0.0,2,0.0136986301369863,0,0.0,5,0.03424657534246575,146,1.0,SRC_MUNICIPAL_PRORRATEADA,SECCION,COMPLETO
224,19,NUEVO LEON,GARCIA,,20,2843,327,115,0.3516819571865443,0.6483180428134556,MC,47,0.40869565217391307,28,0.24347826086956523,PAN,19,0.16521739130434782,0,0.0,PRI,19,0.16521739130434782,MC,47,0.40869565217391307,28,0.24347826086956523,PAN,19,0.16521739130434782,0,0.0,PRI,19,0.16521739130434782,19,0.16521739130434782,19,0.16521739130434782,3,0.02608695652173913,3,0.02608695652173913,2,0.017391304347826087,47,0.40869565217391307,17,0.14782608695652175,1,0.008695652173913044,0,0.0,0,0.0,0,0.0,0,0.0,0,0.0,0,0.0,0,0.0,0,0.0,0,0.0,0,0.0,0,0.0,0,0.0,0,0.0,0,0.0,0,0.0,0,0.0,4,0.034782608695652174,115,1.0,SRC_MUNICIPAL_PRORRATEADA,SECCION,COMPLETO
225,19,NUEVO LEON,GARCIA,,20,2844,554,195,0.351985559566787,0.648014440433213,MC,85,0.4358974358974359,49,0.2512820512820513,PRI,36,0.18461538461538463,6,0.03076923076923077,MORENA,30,0.15384615384615385,MC,85,0.4358974358974359,49,0.2512820512820513,PRI,36,0.18461538461538463,6,0.03076923076923077,MORENA,30,0.15384615384615385,25,0.1282051282051282,36,0.18461538461538463,1,0.005128205128205128,1,0.005128205128205128,3,0.015384615384615385,85,0.4358974358974359,30,0.15384615384615385,3,0.015384615384615385,1,0.005128205128205128,1,0.005128205128205128,4,0.020512820512820513,1,0.005128205128205128,0,0.0,0,0.0,0,0.0,1,0.005128205128205128,0,0.0,0,0.0,0,0.0,0,0.0,0,0.0,0,0.0,0,0.0,0,0.0,3,0.015384615384615385,195,1.0,SRC_MUNICIPAL_PRORRATEADA,SECCION,COMPLETO
226,19,NUEVO LEON,GENERAL BRAVO,,24,0,3817,2598,0.6806392454807441,0.31936075451925594,PRI,955,0.36759045419553504,37,0.01424172440338722,PAN,918,0.3533487297921478,512,0.19707467282525018,MC,406,0.1562740569668976,PRI,955,0.36759045419553504,37,0.01424172440338722,PAN,918,0.3533487297921478,512,0.19707467282525018,MC,406,0.1562740569668976,918,0.3533487297921478,955,0.36759045419553504,3,0.0011547344110854503,42,0.016166281755196306,15,0.005773672055427252,406,0.1562740569668976,153,0.05889145496535797,13,0.0050038491147036184,1,0.00038491147036181676,0,0.0,0,0.0,7,0.0026943802925327174,0,0.0,0,0.0,0,0.0,0,0.0,0,0.0,0,0.0,0,0.0,0,0.0,0,0.0,0,0.0,0,0.0,0,0.0,85,0.032717474980754425,2598,1.0,SRC_MUNICIPAL_PRORRATEADA,SECCION,COMPLETO
227,19,NUEVO LEON,GENERAL BRAVO,,24,421,1340,912,0.6805970149253732,0.31940298507462683,PAN,358,0.3925438596491228,71,0.07785087719298246,PRI,287,0.31469298245614036,132,0.14473684210526316,MC,155,0.1699561403508772,PAN,358,0.3925438596491228,71,0.07785087719298246,PRI,287,0.31469298245614036,132,0.14473684210526316,MC,155,0.1699561403508772,358,0.3925438596491228,287,0.31469298245614036,3,0.003289473684210526,10,0.010964912280701754,7,0.007675438596491228,155,0.1699561403508772,51,0.05592105263157895,11,0.01206140350877193,1,0.0010964912280701754,0,0.0,0,0.0,1,0.0010964912280701754,0,0.0,0,0.0,1,0.0010964912280701754,0,0.0,1,0.0010964912280701754,0,0.0,0,0.0,0,0.0,1,0.0010964912280701754,0,0.0,0,0.0,0,0.0,25,0.027412280701754384,912,1.0,SRC_MUNICIPAL_PRORRATEADA,SECCION,COMPLETO
228,19,NUEVO LEON,GENERAL BRAVO,,24,422,560,381,0.6803571428571429,0.3196428571428571,PAN,135,0.3543307086614173,22,0.05774278215223097,PRI,113,0.29658792650918636,52,0.13648293963254593,MC,61,0.16010498687664043,PAN,135,0.3543307086614173,22,0.05774278215223097,PRI,113,0.29658792650918636,52,0.13648293963254593,MC,61,0.16010498687664043,135,0.3543307086614173,113,0.29658792650918636,3,0.007874015748031496,4,0.010498687664041995,5,0.013123359580052493,61,0.16010498687664043,34,0.08923884514435695,7,0.01837270341207349,0,0.0,0,0.0,0,0.0,1,0.0026246719160104987,0,0.0,0,0.0,0,0.0,0,0.0,1,0.0026246719160104987,0,0.0,0,0.0,0,0.0,2,0.005249343832020997,0,0.0,2,0.005249343832020997,0,0.0,13,0.03412073490813648,381,1.0,SRC_MUNICIPAL_PRORRATEADA,SECCION,COMPLETO
229,19,NUEVO LEON,GENERAL ESCOBEDO,,5,2737,28,12,0.42857142857142855,0.5714285714285714,PRI,4,0.3333333333333333,1,0.08333333333333333,PAN,3,0.25,0,0.0,MC,3,0.25,PRI,4,0.3333333333333333,1,0.08333333333333333,PAN,3,0.25,0,0.0,MC,3,0.25,3,0.25,4,0.3333333333333333,0,0.0,0,0.0,0,0.0,3,0.25,0,0.0,2,0.16666666666666666,0,0.0,0,0.0,0,0.0,0,0.0,0,0.0,0,0.0,0,0.0,0,0.0,0,0.0,0,0.0,0,0.0,0,0.0,0,0.0,0,0.0,0,0.0,0,0.0,0,0.0,12,1.0,SRC_MUNICIPAL_PRORRATEADA,SECCION,COMPLETO
230,19,NUEVO LEON,GENERAL ESCOBEDO,,17,0,240092,103309,0.43028922246472184,0.5697107775352781,MC,41132,0.39814536971609443,22594,0.2187031139590936,PRI,18538,0.17944225575700085,721,0.006979062811565304,PAN,17817,0.17246319294543555,MC,41132,0.39814536971609443,22594,0.2187031139590936,PRI,18538,0.17944225575700085,721,0.006979062811565304,PAN,17817,0.17246319294543555,17817,0.17246319294543555,18538,0.17944225575700085,540,0.005227037334598147,2158,0.02088878994085704,1737,0.01681363675962404,41132,0.39814536971609443,16203,0.15684015913424773,829,0.008024470278484934,358,0.003465332158863216,286,0.002768393847583463,768,0.0074340086536506984,285,0.0027587141488156887,435,0.004210668963981841,114,0.0011034856595262756,31,0.0003000706618010048,71,0.0006872586125119786,25,0.00024199246919435867,46,0.00044526614331761997,125,0.0012099623459717933,16,0.00015487518028438956,132,0.0012777202373462138,13,0.0001258360839810665,73,0.0007066180100475274,48,0.00046462554085316865,1529,0.014800259415926977,103309,1.0,SRC_MUNICIPAL_PRORRATEADA,SECCION,COMPLETO
231,19,NUEVO LEON,GENERAL ESCOBEDO,,17,433,3542,1524,0.4302653867871259,0.5697346132128741,MC,468,0.30708661417322836,61,0.04002624671916011,PRI,407,0.26706036745406825,157,0.10301837270341208,MORENA,250,0.16404199475065617,MC,468,0.30708661417322836,61,0.04002624671916011,PRI,407,0.26706036745406825,157,0.10301837270341208,MORENA,250,0.16404199475065617,176,0.11548556430446194,407,0.26706036745406825,16,0.010498687664041995,43,0.02821522309711286,65,0.04265091863517061,468,0.30708661417322836,250,0.16404199475065617,13,0.00853018372703412,7,0.004593175853018373,5,0.0032808398950131233,9,0.005905511811023622,6,0.003937007874015748,7,0.004593175853018373,2,0.0013123359580052493,1,0.0006561679790026247,2,0.0013123359580052493,1,0.0006561679790026247,3,0.001968503937007874,4,0.0026246719160104987,1,0.0006561679790026247,0,0.0,0,0.0,0,0.0,0,0.0,38,0.024934383202099737,1524,1.0,SRC_MUNICIPAL_PRORRATEADA,SECCION,COMPLETO
232,19,NUEVO LEON,GENERAL ESCOBEDO,,17,434,1181,508,0.43014394580863674,0.5698560541913633,MC,195,0.3838582677165354,93,0.1830708661417323,PRI,102,0.20078740157480315,17,0.03346456692913386,MORENA,85,0.1673228346456693,MC,195,0.3838582677165354,93,0.1830708661417323,PRI,102,0.20078740157480315,17,0.03346456692913386,MORENA,85,0.1673228346456693,57,0.11220472440944881,102,0.20078740157480315,4,0.007874015748031496,15,0.02952755905511811,7,0.013779527559055118,195,0.3838582677165354,85,0.1673228346456693,6,0.011811023622047244,2,0.003937007874015748,1,0.001968503937007874,1,0.001968503937007874,2,0.003937007874015748,9,0.017716535433070866,0,0.0,0,0.0,3,0.005905511811023622,0,0.0,0,0.0,2,0.003937007874015748,0,0.0,1,0.001968503937007874,0,0.0,1,0.001968503937007874,0,0.0,15,0.02952755905511811,508,1.0,SRC_MUNICIPAL_PRORRATEADA,SECCION,COMPLETO
233,19,NUEVO LEON,GENERAL ESCOBEDO,,17,436,869,374,0.43037974683544306,0.5696202531645569,MC,113,0.30213903743315507,7,0.01871657754010695,PRI,106,0.28342245989304815,40,0.10695187165775401,MORENA,66,0.17647058823529413,MC,113,0.30213903743315507,7,0.01871657754010695,PRI,106,0.28342245989304815,40,0.10695187165775401,MORENA,66,0.17647058823529413,38,0.10160427807486631,106,0.28342245989304815,5,0.013368983957219251,7,0.01871657754010695,15,0.040106951871657755,113,0.30213903743315507,66,0.17647058823529413,2,0.0053475935828877,1,0.00267379679144385,2,0.0053475935828877,5,0.013368983957219251,2,0.0053475935828877,0,0.0,0,0.0,0,0.0,0,0.0,0,0.0,1,0.00267379679144385,1,0.00267379679144385,0,0.0,0,0.0,0,0.0,0,0.0,0,0.0,10,0.026737967914438502,374,1.0,SRC_MUNICIPAL_PRORRATEADA,SECCION,COMPLETO
234,19,NUEVO LEON,GENERAL ESCOBEDO,,17,437,774,333,0.43023255813953487,0.5697674418604651,MC,96,0.2882882882882883,1,0.003003003003003003,PRI,95,0.2852852852852853,40,0.12012012012012012,MORENA,55,0.16516516516516516,MC,96,0.2882882882882883,1,0.003003003003003003,PRI,95,0.2852852852852853,40,0.12012012012012012,MORENA,55,0.16516516516516516,49,0.14714714714714713,95,0.2852852852852853,3,0.009009009009009009,5,0.015015015015015015,6,0.018018018018018018,96,0.2882882882882883,55,0.16516516516516516,0,0.0,1,0.003003003003003003,1,0.003003003003003003,1,0.003003003003003003,0,0.0,1,0.003003003003003003,1,0.003003003003003003,0,0.0,0,0.0,0,0.0,0,0.0,1,0.003003003003003003,0,0.0,0,0.0,0,0.0,0,0.0,0,0.0,18,0.05405405405405406,333,1.0,SRC_MUNICIPAL_PRORRATEADA,SECCION,COMPLETO
235,19,NUEVO LEON,GENERAL ESCOBEDO,,17,438,858,369,0.43006993006993005,0.56993006993007,MC,108,0.2926829268292683,19,0.051490514905149054,PRI,89,0.24119241192411925,25,0.06775067750677506,MORENA,64,0.17344173441734417,MC,108,0.2926829268292683,19,0.051490514905149054,PRI,89,0.24119241192411925,25,0.06775067750677506,MORENA,64,0.17344173441734417,49,0.13279132791327913,89,0.24119241192411925,4,0.01084010840108401,15,0.04065040650406504,12,0.032520325203252036,108,0.2926829268292683,64,0.17344173441734417,3,0.008130081300813009,1,0.0027100271002710027,1,0.0027100271002710027,0,0.0,2,0.005420054200542005,1,0.0027100271002710027,0,0.0,0,0.0,0,0.0,0,0.0,1,0.0027100271002710027,1,0.0027100271002710027,0,0.0,1,0.0027100271002710027,0,0.0,0,0.0,0,0.0,17,0.04607046070460705,369,1.0,SRC_MUNICIPAL_PRORRATEADA,SECCION,COMPLETO
236,19,NUEVO LEON,GENERAL ESCOBEDO,,17,440,5041,2169,0.43027177147391393,0.5697282285260861,MC,927,0.42738589211618255,537,0.2475795297372061,PAN,390,0.1798063623789765,17,0.007837713231904103,PRI,373,0.17196864914707238,MC,927,0.42738589211618255,537,0.2475795297372061,PAN,390,0.1798063623789765,17,0.007837713231904103,PRI,373,0.17196864914707238,390,0.1798063623789765,373,0.17196864914707238,5,0.002305209774089442,43,0.0198248040571692,20,0.009220839096357769,927,0.42738589211618255,320,0.1475334255417243,16,0.007376671277086215,5,0.002305209774089442,6,0.0027662517289073307,12,0.005532503457814661,5,0.002305209774089442,7,0.003227293683725219,2,0.0009220839096357768,0,0.0,2,0.0009220839096357768,3,0.0013831258644536654,0,0.0,0,0.0,0,0.0,0,0.0,0,0.0,0,0.0,2,0.0009220839096357768,31,0.01429230059935454,2169,1.0,SRC_MUNICIPAL_PRORRATEADA,SECCION,COMPLETO
237,19,NUEVO LEON,GENERAL ESCOBEDO,,17,447,941,405,0.4303931987247609,0.5696068012752391,MC,179,0.4419753086419753,102,0.2518518518518518,PRI,77,0.19012345679012346,5,0.012345679012345678,PAN,72,0.17777777777777778,MC,179,0.4419753086419753,102,0.2518518518518518,PRI,77,0.19012345679012346,5,0.012345679012345678,PAN,72,0.17777777777777778,72,0.17777777777777778,77,0.19012345679012346,0,0.0,3,0.007407407407407408,0,0.0,179,0.4419753086419753,60,0.14814814814814814,2,0.0049382716049382715,2,0.0049382716049382715,1,0.0024691358024691358,2,0.0049382716049382715,0,0.0,0,0.0,0,0.0,0,0.0,0,0.0,0,0.0,0,0.0,0,0.0,0,0.0,0,0.0,0,0.0,0,0.0,0,0.0,7,0.01728395061728395,405,1.0,SRC_MUNICIPAL_PRORRATEADA,SECCION,COMPLETO
238,19,NUEVO LEON,GENERAL ESCOBEDO,,17,449,1820,783,0.43021978021978025,0.5697802197802198,MC,302,0.38569604086845466,147,0.18773946360153257,PAN,155,0.1979565772669221,22,0.0280970625798212,MORENA,133,0.1698595146871009,MC,302,0.38569604086845466,147,0.18773946360153257,PAN,155,0.1979565772669221,22,0.0280970625798212,MORENA,133,0.1698595146871009,155,0.1979565772669221,119,0.15197956577266922,2,0.002554278416347382,19,0.024265644955300127,19,0.024265644955300127,302,0.38569604086845466,133,0.1698595146871009,5,0.006385696040868455,3,0.0038314176245210726,3,0.0038314176245210726,6,0.007662835249042145,0,0.0,5,0.006385696040868455,0,0.0,0,0.0,0,0.0,0,0.0,0,0.0,1,0.001277139208173691,0,0.0,1,0.001277139208173691,0,0.0,0,0.0,0,0.0,10,0.01277139208173691,783,1.0,SRC_MUNICIPAL_PRORRATEADA,SECCION,COMPLETO
239,19,NUEVO LEON,GENERAL ESCOBEDO,,17,451,748,322,0.4304812834224599,0.5695187165775402,MC,119,0.3695652173913043,41,0.12732919254658384,MORENA,78,0.2422360248447205,25,0.07763975155279502,PAN,53,0.16459627329192547,MC,119,0.3695652173913043,41,0.12732919254658384,MORENA,78,0.2422360248447205,25,0.07763975155279502,PAN,53,0.16459627329192547,53,0.16459627329192547,36,0.11180124223602485,1,0.003105590062111801,7,0.021739130434782608,3,0.009316770186335404,119,0.3695652173913043,78,0.2422360248447205,2,0.006211180124223602,4,0.012422360248447204,2,0.006211180124223602,3,0.009316770186335404,0,0.0,4,0.012422360248447204,1,0.003105590062111801,0,0.0,1,0.003105590062111801,0,0.0,0,0.0,0,0.0,0,0.0,2,0.006211180124223602,0,0.0,0,0.0,0,0.0,6,0.018633540372670808,322,1.0,SRC_MUNICIPAL_PRORRATEADA,SECCION,COMPLETO
240,19,NUEVO LEON,GENERAL ESCOBEDO,,17,459,925,398,0.43027027027027026,0.5697297297297297,MC,150,0.3768844221105528,52,0.1306532663316583,PAN,98,0.24623115577889448,35,0.08793969849246232,PRI,63,0.15829145728643215,MC,150,0.3768844221105528,52,0.1306532663316583,PAN,98,0.24623115577889448,35,0.08793969849246232,PRI,63,0.15829145728643215,98,0.24623115577889448,63,0.15829145728643215,0,0.0,6,0.01507537688442211,4,0.010050251256281407,150,0.3768844221105528,58,0.1457286432160804,6,0.01507537688442211,3,0.007537688442211055,0,0.0,1,0.002512562814070352,2,0.005025125628140704,0,0.0,0,0.0,0,0.0,0,0.0,0,0.0,1,0.002512562814070352,1,0.002512562814070352,0,0.0,1,0.002512562814070352,1,0.002512562814070352,0,0.0,0,0.0,3,0.007537688442211055,398,1.0,SRC_MUNICIPAL_PRORRATEADA,SECCION,COMPLETO
241,19,NUEVO LEON,GENERAL ESCOBEDO,,17,462,1922,827,0.4302809573361082,0.5697190426638918,MC,389,0.4703748488512696,225,0.2720677146311971,PAN,164,0.19830713422007254,50,0.060459492140266025,PRI,114,0.13784764207980654,MC,389,0.4703748488512696,225,0.2720677146311971,PAN,164,0.19830713422007254,50,0.060459492140266025,PRI,114,0.13784764207980654,164,0.19830713422007254,114,0.13784764207980654,1,0.0012091898428053204,16,0.019347037484885126,9,0.010882708585247884,389,0.4703748488512696,98,0.1185006045949214,6,0.007255139056831923,3,0.0036275695284159614,1,0.0012091898428053204,7,0.008464328899637243,2,0.0024183796856106408,5,0.006045949214026602,1,0.0012091898428053204,0,0.0,1,0.0012091898428053204,0,0.0,0,0.0,1,0.0012091898428053204,0,0.0,1,0.0012091898428053204,0,0.0,2,0.0024183796856106408,2,0.0024183796856106408,4,0.0048367593712212815,827,1.0,SRC_MUNICIPAL_PRORRATEADA,SECCION,COMPLETO
242,19,NUEVO LEON,GENERAL ESCOBEDO,,17,463,832,358,0.43028846153846156,0.5697115384615384,MC,128,0.3575418994413408,54,0.15083798882681565,MORENA,74,0.20670391061452514,12,0.0335195530726257,PAN,62,0.17318435754189945,MC,128,0.3575418994413408,54,0.15083798882681565,MORENA,74,0.20670391061452514,12,0.0335195530726257,PAN,62,0.17318435754189945,62,0.17318435754189945,45,0.12569832402234637,2,0.00558659217877095,13,0.036312849162011177,14,0.03910614525139665,128,0.3575418994413408,74,0.20670391061452514,0,0.0,5,0.013966480446927373,1,0.002793296089385475,2,0.00558659217877095,2,0.00558659217877095,0,0.0,0,0.0,0,0.0,1,0.002793296089385475,0,0.0,1,0.002793296089385475,0,0.0,0,0.0,0,0.0,0,0.0,0,0.0,0,0.0,8,0.0223463687150838,358,1.0,SRC_MUNICIPAL_PRORRATEADA,SECCION,COMPLETO
243,19,NUEVO LEON,GENERAL ESCOBEDO,,17,466,758,326,0.43007915567282323,0.5699208443271768,MC,135,0.41411042944785276,77,0.2361963190184049,MORENA,58,0.17791411042944785,11,0.03374233128834356,PAN,47,0.1441717791411043,MC,135,0.41411042944785276,77,0.2361963190184049,MORENA,58,0.17791411042944785,11,0.03374233128834356,PAN,47,0.1441717791411043,47,0.1441717791411043,43,0.13190184049079753,2,0.006134969325153374,9,0.027607361963190184,10,0.03067484662576687,135,0.41411042944785276,58,0.17791411042944785,3,0.009202453987730062,1,0.003067484662576687,1,0.003067484662576687,2,0.006134969325153374,0,0.0,3,0.009202453987730062,1,0.003067484662576687,0,0.0,1,0.003067484662576687,0,0.0,1,0.003067484662576687,3,0.009202453987730062,0,0.0,2,0.006134969325153374,0,0.0,0,0.0,0,0.0,4,0.012269938650306749,326,1.0,SRC_MUNICIPAL_PRORRATEADA,SECCION,COMPLETO
244,19,NUEVO LEON,GENERAL ESCOBEDO,,17,470,683,294,0.43045387994143486,0.5695461200585652,MC,104,0.35374149659863946,48,0.16326530612244897,MORENA,56,0.19047619047619047,2,0.006802721088435374,PAN,54,0.1836734693877551,MC,104,0.35374149659863946,48,0.16326530612244897,MORENA,56,0.19047619047619047,2,0.006802721088435374,PAN,54,0.1836734693877551,54,0.1836734693877551,35,0.11904761904761904,2,0.006802721088435374,9,0.030612244897959183,3,0.01020408163265306,104,0.35374149659863946,56,0.19047619047619047,1,0.003401360544217687,2,0.006802721088435374,2,0.006802721088435374,5,0.017006802721088437,2,0.006802721088435374,4,0.013605442176870748,0,0.0,0,0.0,0,0.0,0,0.0,0,0.0,1,0.003401360544217687,0,0.0,2,0.006802721088435374,0,0.0,2,0.006802721088435374,0,0.0,10,0.034013605442176874,294,1.0,SRC_MUNICIPAL_PRORRATEADA,SECCION,COMPLETO
245,19,NUEVO LEON,GENERAL ESCOBEDO,,17,472,2031,874,0.43032988675529293,0.5696701132447071,MC,348,0.39816933638443935,175,0.20022883295194507,PAN,173,0.19794050343249428,4,0.004576659038901602,MORENA,169,0.19336384439359267,MC,348,0.39816933638443935,175,0.20022883295194507,PAN,173,0.19794050343249428,4,0.004576659038901602,MORENA,169,0.19336384439359267,173,0.19794050343249428,99,0.11327231121281464,3,0.003432494279176201,23,0.02631578947368421,20,0.02288329519450801,348,0.39816933638443935,169,0.19336384439359267,8,0.009153318077803204,3,0.003432494279176201,3,0.003432494279176201,9,0.010297482837528604,0,0.0,5,0.005720823798627002,1,0.0011441647597254005,2,0.002288329519450801,1,0.0011441647597254005,0,0.0,0,0.0,1,0.0011441647597254005,0,0.0,1,0.0011441647597254005,0,0.0,0,0.0,1,0.0011441647597254005,4,0.004576659038901602,874,1.0,SRC_MUNICIPAL_PRORRATEADA,SECCION,COMPLETO
246,19,NUEVO LEON,GENERAL ESCOBEDO,,17,474,2008,864,0.4302788844621514,0.5697211155378485,MC,387,0.4479166666666667,239,0.27662037037037035,MORENA,148,0.1712962962962963,10,0.011574074074074073,PAN,138,0.1597222222222222,MC,387,0.4479166666666667,239,0.27662037037037035,MORENA,148,0.1712962962962963,10,0.011574074074074073,PAN,138,0.1597222222222222,138,0.1597222222222222,103,0.11921296296296297,3,0.003472222222222222,20,0.023148148148148147,14,0.016203703703703703,387,0.4479166666666667,148,0.1712962962962963,9,0.010416666666666666,2,0.0023148148148148147,7,0.008101851851851851,5,0.005787037037037037,4,0.004629629629629629,4,0.004629629629629629,2,0.0023148148148148147,1,0.0011574074074074073,0,0.0,0,0.0,0,0.0,0,0.0,0,0.0,1,0.0011574074074074073,0,0.0,0,0.0,0,0.0,16,0.018518518518518517,864,1.0,SRC_MUNICIPAL_PRORRATEADA,SECCION,COMPLETO
247,19,NUEVO LEON,GENERAL ESCOBEDO,,17,475,681,293,0.4302496328928047,0.5697503671071953,MC,123,0.4197952218430034,69,0.2354948805460751,PAN,54,0.18430034129692832,1,0.0034129692832764505,MORENA,53,0.18088737201365188,MC,123,0.4197952218430034,69,0.2354948805460751,PAN,54,0.18430034129692832,1,0.0034129692832764505,MORENA,53,0.18088737201365188,54,0.18430034129692832,38,0.1296928327645051,1,0.0034129692832764505,5,0.017064846416382253,4,0.013651877133105802,123,0.4197952218430034,53,0.18088737201365188,3,0.010238907849829351,1,0.0034129692832764505,0,0.0,2,0.006825938566552901,1,0.0034129692832764505,0,0.0,0,0.0,0,0.0,1,0.0034129692832764505,1,0.0034129692832764505,0,0.0,3,0.010238907849829351,1,0.0034129692832764505,1,0.0034129692832764505,0,0.0,0,0.0,1,0.0034129692832764505,0,0.0,293,1.0,SRC_MUNICIPAL_PRORRATEADA,SECCION,COMPLETO
248,19,NUEVO LEON,GENERAL ESCOBEDO,,17,476,962,414,0.4303534303534304,0.5696465696465696,MC,139,0.3357487922705314,23,0.05555555555555555,MORENA,116,0.28019323671497587,56,0.13526570048309178,PAN,60,0.14492753623188406,MC,139,0.3357487922705314,23,0.05555555555555555,MORENA,116,0.28019323671497587,56,0.13526570048309178,PAN,60,0.14492753623188406,60,0.14492753623188406,46,0.1111111111111111,2,0.004830917874396135,19,0.04589371980676329,7,0.016908212560386472,139,0.3357487922705314,116,0.28019323671497587,2,0.004830917874396135,3,0.007246376811594203,1,0.0024154589371980675,0,0.0,0,0.0,0,0.0,0,0.0,1,0.0024154589371980675,0,0.0,0,0.0,1,0.0024154589371980675,0,0.0,0,0.0,0,0.0,0,0.0,0,0.0,0,0.0,17,0.04106280193236715,414,1.0,SRC_MUNICIPAL_PRORRATEADA,SECCION,COMPLETO
249,19,NUEVO LEON,GENERAL ESCOBEDO,,17,477,618,266,0.43042071197411,0.56957928802589,MC,81,0.30451127819548873,10,0.03759398496240601,MORENA,71,0.2669172932330827,28,0.10526315789473684,PRI,43,0.16165413533834586,MC,81,0.30451127819548873,10,0.03759398496240601,MORENA,71,0.2669172932330827,28,0.10526315789473684,PRI,43,0.16165413533834586,25,0.09398496240601503,43,0.16165413533834586,2,0.007518796992481203,4,0.015037593984962405,7,0.02631578947368421,81,0.30451127819548873,71,0.2669172932330827,4,0.015037593984962405,0,0.0,3,0.011278195488721804,4,0.015037593984962405,0,0.0,3,0.011278195488721804,4,0.015037593984962405,0,0.0,1,0.0037593984962406013,0,0.0,0,0.0,2,0.007518796992481203,0,0.0,1,0.0037593984962406013,0,0.0,1,0.0037593984962406013,1,0.0037593984962406013,9,0.03383458646616541,266,1.0,SRC_MUNICIPAL_PRORRATEADA,SECCION,COMPLETO
250,19,NUEVO LEON,GENERAL ESCOBEDO,,17,478,518,223,0.4305019305019305,0.5694980694980696,MC,69,0.3094170403587444,11,0.04932735426008968,MORENA,58,0.2600896860986547,11,0.04932735426008968,PRI,47,0.21076233183856502,MC,69,0.3094170403587444,11,0.04932735426008968,MORENA,58,0.2600896860986547,11,0.04932735426008968,PRI,47,0.21076233183856502,30,0.13452914798206278,47,0.21076233183856502,1,0.004484304932735426,3,0.013452914798206279,6,0.026905829596412557,69,0.3094170403587444,58,0.2600896860986547,0,0.0,0,0.0,1,0.004484304932735426,1,0.004484304932735426,1,0.004484304932735426,1,0.004484304932735426,0,0.0,0,0.0,0,0.0,0,0.0,1,0.004484304932735426,0,0.0,0,0.0,0,0.0,0,0.0,0,0.0,0,0.0,4,0.017937219730941704,223,1.0,SRC_MUNICIPAL_PRORRATEADA,SECCION,COMPLETO
251,19,NUEVO LEON,GENERAL ESCOBEDO,,17,479,711,306,0.43037974683544306,0.5696202531645569,MC,109,0.3562091503267974,47,0.15359477124183007,MORENA,62,0.20261437908496732,4,0.013071895424836602,PAN,58,0.1895424836601307,MC,109,0.3562091503267974,47,0.15359477124183007,MORENA,62,0.20261437908496732,4,0.013071895424836602,PAN,58,0.1895424836601307,58,0.1895424836601307,41,0.13398692810457516,2,0.006535947712418301,7,0.02287581699346405,4,0.013071895424836602,109,0.3562091503267974,62,0.20261437908496732,1,0.0032679738562091504,1,0.0032679738562091504,3,0.00980392156862745,2,0.006535947712418301,0,0.0,4,0.013071895424836602,1,0.0032679738562091504,0,0.0,0,0.0,1,0.0032679738562091504,0,0.0,2,0.006535947712418301,1,0.0032679738562091504,0,0.0,0,0.0,0,0.0,0,0.0,7,0.02287581699346405,306,1.0,SRC_MUNICIPAL_PRORRATEADA,SECCION,COMPLETO
252,19,NUEVO LEON,GENERAL ESCOBEDO,,17,483,3244,1396,0.43033292231812575,0.5696670776818742,MC,595,0.4262177650429799,356,0.25501432664756446,PAN,239,0.17120343839541546,26,0.01862464183381089,PRI,213,0.15257879656160458,MC,595,0.4262177650429799,356,0.25501432664756446,PAN,239,0.17120343839541546,26,0.01862464183381089,PRI,213,0.15257879656160458,239,0.17120343839541546,213,0.15257879656160458,7,0.00501432664756447,34,0.024355300859598854,23,0.0164756446991404,595,0.4262177650429799,209,0.1497134670487106,8,0.0057306590257879654,4,0.0028653295128939827,9,0.0064469914040114614,13,0.009312320916905445,3,0.002148997134670487,4,0.0028653295128939827,1,0.0007163323782234957,0,0.0,0,0.0,0,0.0,2,0.0014326647564469914,2,0.0014326647564469914,0,0.0,3,0.002148997134670487,0,0.0,0,0.0,1,0.0007163323782234957,26,0.01862464183381089,1396,1.0,SRC_MUNICIPAL_PRORRATEADA,SECCION,COMPLETO
253,19,NUEVO LEON,GENERAL ESCOBEDO,,17,484,1292,556,0.43034055727554177,0.5696594427244582,MC,217,0.3902877697841727,112,0.2014388489208633,PAN,105,0.18884892086330934,10,0.017985611510791366,MORENA,95,0.17086330935251798,MC,217,0.3902877697841727,112,0.2014388489208633,PAN,105,0.18884892086330934,10,0.017985611510791366,MORENA,95,0.17086330935251798,105,0.18884892086330934,78,0.14028776978417265,3,0.00539568345323741,23,0.04136690647482014,5,0.008992805755395683,217,0.3902877697841727,95,0.17086330935251798,7,0.012589928057553957,0,0.0,3,0.00539568345323741,2,0.0035971223021582736,1,0.0017985611510791368,2,0.0035971223021582736,0,0.0,0,0.0,1,0.0017985611510791368,0,0.0,1,0.0017985611510791368,1,0.0017985611510791368,0,0.0,1,0.0017985611510791368,0,0.0,0,0.0,0,0.0,11,0.019784172661870502,556,1.0,SRC_MUNICIPAL_PRORRATEADA,SECCION,COMPLETO
254,19,NUEVO LEON,GENERAL ESCOBEDO,,17,486,839,361,0.4302741358760429,0.5697258641239571,MC,134,0.37119113573407203,46,0.12742382271468145,MORENA,88,0.24376731301939059,23,0.06371191135734072,PRI,65,0.18005540166204986,MC,134,0.37119113573407203,46,0.12742382271468145,MORENA,88,0.24376731301939059,23,0.06371191135734072,PRI,65,0.18005540166204986,53,0.14681440443213298,65,0.18005540166204986,0,0.0,2,0.00554016620498615,2,0.00554016620498615,134,0.37119113573407203,88,0.24376731301939059,0,0.0,1,0.002770083102493075,2,0.00554016620498615,5,0.013850415512465374,0,0.0,3,0.008310249307479225,1,0.002770083102493075,0,0.0,1,0.002770083102493075,0,0.0,0,0.0,0,0.0,0,0.0,0,0.0,0,0.0,0,0.0,0,0.0,4,0.0110803324099723,361,1.0,SRC_MUNICIPAL_PRORRATEADA,SECCION,COMPLETO
255,19,NUEVO LEON,GENERAL ESCOBEDO,,17,487,753,324,0.4302788844621514,0.5697211155378485,MC,101,0.3117283950617284,26,0.08024691358024691,MORENA,75,0.23148148148148148,14,0.043209876543209874,PAN,61,0.1882716049382716,MC,101,0.3117283950617284,26,0.08024691358024691,MORENA,75,0.23148148148148148,14,0.043209876543209874,PAN,61,0.1882716049382716,61,0.1882716049382716,49,0.15123456790123457,0,0.0,9,0.027777777777777776,3,0.009259259259259259,101,0.3117283950617284,75,0.23148148148148148,5,0.015432098765432098,3,0.009259259259259259,1,0.0030864197530864196,2,0.006172839506172839,0,0.0,2,0.006172839506172839,0,0.0,1,0.0030864197530864196,0,0.0,0,0.0,0,0.0,1,0.0030864197530864196,0,0.0,1,0.0030864197530864196,0,0.0,0,0.0,0,0.0,10,0.030864197530864196,324,1.0,SRC_MUNICIPAL_PRORRATEADA,SECCION,COMPLETO
256,19,NUEVO LEON,GENERAL ESCOBEDO,,17,491,4534,1951,0.43030436700485225,0.5696956329951477,MC,833,0.4269605330599692,416,0.21322398769861609,PAN,417,0.21373654536135314,105,0.053818554587391085,PRI,312,0.15991799077396207,MC,833,0.4269605330599692,416,0.21322398769861609,PAN,417,0.21373654536135314,105,0.053818554587391085,PRI,312,0.15991799077396207,417,0.21373654536135314,312,0.15991799077396207,5,0.0025627883136852894,29,0.01486417221937468,18,0.009226037929267043,833,0.4269605330599692,255,0.13070220399794977,12,0.006150691952844695,3,0.0015376729882111738,4,0.0020502306509482316,13,0.006663249615581753,5,0.0025627883136852894,10,0.005125576627370579,6,0.0030753459764223477,0,0.0,0,0.0,0,0.0,1,0.0005125576627370579,3,0.0015376729882111738,2,0.0010251153254741158,1,0.0005125576627370579,0,0.0,0,0.0,0,0.0,22,0.011276268580215274,1951,1.0,SRC_MUNICIPAL_PRORRATEADA,SECCION,COMPLETO
257,19,NUEVO LEON,GENERAL ESCOBEDO,,17,2759,1822,784,0.43029637760702527,0.5697036223929748,MC,277,0.35331632653061223,106,0.13520408163265307,PAN,171,0.2181122448979592,25,0.03188775510204082,MORENA,146,0.18622448979591838,MC,277,0.35331632653061223,106,0.13520408163265307,PAN,171,0.2181122448979592,25,0.03188775510204082,MORENA,146,0.18622448979591838,171,0.2181122448979592,118,0.15051020408163265,0,0.0,14,0.017857142857142856,18,0.02295918367346939,277,0.35331632653061223,146,0.18622448979591838,6,0.007653061224489796,2,0.002551020408163265,6,0.007653061224489796,8,0.01020408163265306,1,0.0012755102040816326,4,0.00510204081632653,4,0.00510204081632653,1,0.0012755102040816326,1,0.0012755102040816326,0,0.0,0,0.0,0,0.0,0,0.0,0,0.0,1,0.0012755102040816326,1,0.0012755102040816326,0,0.0,5,0.006377551020408163,784,1.0,SRC_MUNICIPAL_PRORRATEADA,SECCION,COMPLETO
258,19,NUEVO LEON,GENERAL ESCOBEDO,,17,2760,776,334,0.43041237113402064,0.5695876288659794,MC,166,0.49700598802395207,109,0.3263473053892216,PAN,57,0.17065868263473055,7,0.020958083832335328,PRI,50,0.1497005988023952,MC,166,0.49700598802395207,109,0.3263473053892216,PAN,57,0.17065868263473055,7,0.020958083832335328,PRI,50,0.1497005988023952,57,0.17065868263473055,50,0.1497005988023952,1,0.0029940119760479044,3,0.008982035928143712,2,0.005988023952095809,166,0.49700598802395207,46,0.1377245508982036,2,0.005988023952095809,1,0.0029940119760479044,2,0.005988023952095809,0,0.0,0,0.0,1,0.0029940119760479044,0,0.0,0,0.0,0,0.0,0,0.0,0,0.0,0,0.0,0,0.0,0,0.0,0,0.0,0,0.0,1,0.0029940119760479044,2,0.005988023952095809,334,1.0,SRC_MUNICIPAL_PRORRATEADA,SECCION,COMPLETO
259,19,NUEVO LEON,GENERAL ESCOBEDO,,17,2761,902,388,0.43015521064301554,0.5698447893569845,MC,185,0.47680412371134023,122,0.31443298969072164,PAN,63,0.16237113402061856,1,0.002577319587628866,MORENA,62,0.15979381443298968,MC,185,0.47680412371134023,122,0.31443298969072164,PAN,63,0.16237113402061856,1,0.002577319587628866,MORENA,62,0.15979381443298968,63,0.16237113402061856,46,0.11855670103092783,1,0.002577319587628866,7,0.01804123711340206,9,0.023195876288659795,185,0.47680412371134023,62,0.15979381443298968,4,0.010309278350515464,0,0.0,1,0.002577319587628866,2,0.005154639175257732,1,0.002577319587628866,2,0.005154639175257732,0,0.0,0,0.0,0,0.0,0,0.0,0,0.0,0,0.0,0,0.0,0,0.0,0,0.0,0,0.0,0,0.0,5,0.01288659793814433,388,1.0,SRC_MUNICIPAL_PRORRATEADA,SECCION,COMPLETO
260,19,NUEVO LEON,GENERAL ESCOBEDO,,17,2764,774,333,0.43023255813953487,0.5697674418604651,MC,150,0.45045045045045046,81,0.24324324324324326,PAN,69,0.2072072072072072,25,0.07507507507507508,MORENA,44,0.13213213213213212,MC,150,0.45045045045045046,81,0.24324324324324326,PAN,69,0.2072072072072072,25,0.07507507507507508,MORENA,44,0.13213213213213212,69,0.2072072072072072,38,0.11411411411411411,1,0.003003003003003003,10,0.03003003003003003,5,0.015015015015015015,150,0.45045045045045046,44,0.13213213213213212,2,0.006006006006006006,2,0.006006006006006006,3,0.009009009009009009,3,0.009009009009009009,0,0.0,0,0.0,0,0.0,0,0.0,0,0.0,0,0.0,0,0.0,0,0.0,0,0.0,0,0.0,0,0.0,0,0.0,0,0.0,6,0.018018018018018018,333,1.0,SRC_MUNICIPAL_PRORRATEADA,SECCION,COMPLETO
261,19,NUEVO LEON,GENERAL ESCOBEDO,,17,2765,2710,1166,0.43025830258302583,0.5697416974169742,MC,493,0.4228130360205832,263,0.225557461406518,PAN,230,0.19725557461406518,33,0.02830188679245283,MORENA,197,0.16895368782161235,MC,493,0.4228130360205832,263,0.225557461406518,PAN,230,0.19725557461406518,33,0.02830188679245283,MORENA,197,0.16895368782161235,230,0.19725557461406518,173,0.1483704974271012,3,0.002572898799313894,23,0.01972555746140652,14,0.012006861063464836,493,0.4228130360205832,197,0.16895368782161235,3,0.002572898799313894,2,0.0017152658662092624,3,0.002572898799313894,9,0.007718696397941681,0,0.0,5,0.004288164665523156,1,0.0008576329331046312,1,0.0008576329331046312,0,0.0,0,0.0,1,0.0008576329331046312,0,0.0,0,0.0,0,0.0,0,0.0,0,0.0,0,0.0,8,0.00686106346483705,1166,1.0,SRC_MUNICIPAL_PRORRATEADA,SECCION,COMPLETO
262,19,NUEVO LEON,GENERAL ESCOBEDO,,25,430,1734,746,0.4302191464821223,0.5697808535178777,PRI,286,0.38337801608579086,95,0.12734584450402145,MC,191,0.25603217158176944,90,0.12064343163538874,MORENA,101,0.1353887399463807,PRI,286,0.38337801608579086,95,0.12734584450402145,MC,191,0.25603217158176944,90,0.12064343163538874,MORENA,101,0.1353887399463807,63,0.08445040214477212,286,0.38337801608579086,10,0.013404825737265416,14,0.01876675603217158,28,0.03753351206434316,191,0.25603217158176944,101,0.1353887399463807,6,0.00804289544235925,1,0.0013404825737265416,1,0.0013404825737265416,5,0.006702412868632708,4,0.005361930294906166,3,0.004021447721179625,0,0.0,0,0.0,0,0.0,0,0.0,0,0.0,1,0.0013404825737265416,1,0.0013404825737265416,3,0.004021447721179625,0,0.0,2,0.002680965147453083,0,0.0,26,0.03485254691689008,746,1.0,SRC_MUNICIPAL_PRORRATEADA,SECCION,COMPLETO
263,19,NUEVO LEON,GENERAL ESCOBEDO,,25,431,628,270,0.4299363057324841,0.5700636942675159,MC,80,0.2962962962962963,3,0.011111111111111112,PRI,77,0.2851851851851852,37,0.13703703703703704,MORENA,40,0.14814814814814814,MC,80,0.2962962962962963,3,0.011111111111111112,PRI,77,0.2851851851851852,37,0.13703703703703704,MORENA,40,0.14814814814814814,36,0.13333333333333333,77,0.2851851851851852,1,0.003703703703703704,6,0.022222222222222223,12,0.044444444444444446,80,0.2962962962962963,40,0.14814814814814814,4,0.014814814814814815,0,0.0,0,0.0,0,0.0,2,0.007407407407407408,1,0.003703703703703704,0,0.0,0,0.0,0,0.0,0,0.0,0,0.0,0,0.0,2,0.007407407407407408,1,0.003703703703703704,0,0.0,0,0.0,0,0.0,8,0.02962962962962963,270,1.0,SRC_MUNICIPAL_PRORRATEADA,SECCION,COMPLETO
264,19,NUEVO LEON,GENERAL ESCOBEDO,,25,432,1631,702,0.43041079092581236,0.5695892090741876,PRI,197,0.28062678062678065,5,0.007122507122507123,MC,192,0.27350427350427353,64,0.09116809116809117,MORENA,128,0.18233618233618235,PRI,197,0.28062678062678065,5,0.007122507122507123,MC,192,0.27350427350427353,64,0.09116809116809117,MORENA,128,0.18233618233618235,76,0.10826210826210826,197,0.28062678062678065,4,0.005698005698005698,23,0.03276353276353276,19,0.027065527065527065,192,0.27350427350427353,128,0.18233618233618235,11,0.01566951566951567,1,0.0014245014245014246,4,0.005698005698005698,5,0.007122507122507123,4,0.005698005698005698,3,0.004273504273504274,0,0.0,0,0.0,0,0.0,1,0.0014245014245014246,1,0.0014245014245014246,0,0.0,0,0.0,4,0.005698005698005698,0,0.0,0,0.0,0,0.0,29,0.04131054131054131,702,1.0,SRC_MUNICIPAL_PRORRATEADA,SECCION,COMPLETO
265,19,NUEVO LEON,GENERAL ESCOBEDO,,25,443,621,267,0.42995169082125606,0.5700483091787439,MC,95,0.35580524344569286,45,0.16853932584269662,PRI,50,0.18726591760299627,0,0.0,MORENA,50,0.18726591760299627,MC,95,0.35580524344569286,45,0.16853932584269662,PRI,50,0.18726591760299627,0,0.0,MORENA,50,0.18726591760299627,37,0.13857677902621723,50,0.18726591760299627,3,0.011235955056179775,6,0.02247191011235955,5,0.018726591760299626,95,0.35580524344569286,50,0.18726591760299627,2,0.00749063670411985,1,0.003745318352059925,1,0.003745318352059925,3,0.011235955056179775,4,0.0149812734082397,2,0.00749063670411985,0,0.0,0,0.0,1,0.003745318352059925,0,0.0,0,0.0,0,0.0,0,0.0,0,0.0,0,0.0,0,0.0,0,0.0,7,0.026217228464419477,267,1.0,SRC_MUNICIPAL_PRORRATEADA,SECCION,COMPLETO
266,19,NUEVO LEON,GENERAL ESCOBEDO,,25,444,1511,650,0.4301786896095301,0.5698213103904699,MC,268,0.4123076923076923,135,0.2076923076923077,PAN,133,0.20461538461538462,42,0.06461538461538462,PRI,91,0.14,MC,268,0.4123076923076923,135,0.2076923076923077,PAN,133,0.20461538461538462,42,0.06461538461538462,PRI,91,0.14,133,0.20461538461538462,91,0.14,1,0.0015384615384615385,13,0.02,9,0.013846153846153847,268,0.4123076923076923,89,0.13692307692307693,4,0.006153846153846154,4,0.006153846153846154,2,0.003076923076923077,4,0.006153846153846154,2,0.003076923076923077,5,0.007692307692307693,2,0.003076923076923077,0,0.0,0,0.0,0,0.0,0,0.0,1,0.0015384615384615385,0,0.0,0,0.0,0,0.0,0,0.0,1,0.0015384615384615385,21,0.03230769230769231,650,1.0,SRC_MUNICIPAL_PRORRATEADA,SECCION,COMPLETO
267,19,NUEVO LEON,GENERAL ESCOBEDO,,25,445,783,337,0.43039591315453385,0.5696040868454662,MC,149,0.4421364985163205,85,0.2522255192878338,PRI,64,0.18991097922848665,4,0.011869436201780416,PAN,60,0.17804154302670624,MC,149,0.4421364985163205,85,0.2522255192878338,PRI,64,0.18991097922848665,4,0.011869436201780416,PAN,60,0.17804154302670624,60,0.17804154302670624,64,0.18991097922848665,0,0.0,2,0.005934718100890208,2,0.005934718100890208,149,0.4421364985163205,45,0.13353115727002968,1,0.002967359050445104,0,0.0,0,0.0,6,0.017804154302670624,0,0.0,1,0.002967359050445104,1,0.002967359050445104,1,0.002967359050445104,0,0.0,0,0.0,0,0.0,1,0.002967359050445104,0,0.0,0,0.0,1,0.002967359050445104,0,0.0,0,0.0,3,0.008902077151335312,337,1.0,SRC_MUNICIPAL_PRORRATEADA,SECCION,COMPLETO
268,19,NUEVO LEON,GENERAL ESCOBEDO,,25,446,576,248,0.4305555555555556,0.5694444444444444,MC,101,0.40725806451612906,60,0.24193548387096775,PAN,41,0.16532258064516128,1,0.004032258064516129,MORENA,40,0.16129032258064516,MC,101,0.40725806451612906,60,0.24193548387096775,PAN,41,0.16532258064516128,1,0.004032258064516129,MORENA,40,0.16129032258064516,41,0.16532258064516128,35,0.14112903225806453,1,0.004032258064516129,15,0.06048387096774194,4,0.016129032258064516,101,0.40725806451612906,40,0.16129032258064516,3,0.012096774193548387,0,0.0,0,0.0,1,0.004032258064516129,1,0.004032258064516129,3,0.012096774193548387,0,0.0,0,0.0,0,0.0,0,0.0,0,0.0,0,0.0,0,0.0,0,0.0,0,0.0,1,0.004032258064516129,0,0.0,2,0.008064516129032258,248,1.0,SRC_MUNICIPAL_PRORRATEADA,SECCION,COMPLETO
269,19,NUEVO LEON,GENERAL ESCOBEDO,,25,452,511,220,0.43052837573385516,0.5694716242661448,MC,77,0.35,31,0.1409090909090909,MORENA,46,0.20909090909090908,11,0.05,PRI,35,0.1590909090909091,MC,77,0.35,31,0.1409090909090909,MORENA,46,0.20909090909090908,11,0.05,PRI,35,0.1590909090909091,30,0.13636363636363635,35,0.1590909090909091,1,0.004545454545454545,6,0.02727272727272727,7,0.031818181818181815,77,0.35,46,0.20909090909090908,0,0.0,0,0.0,4,0.01818181818181818,1,0.004545454545454545,0,0.0,2,0.00909090909090909,0,0.0,0,0.0,0,0.0,0,0.0,0,0.0,1,0.004545454545454545,0,0.0,1,0.004545454545454545,0,0.0,0,0.0,0,0.0,9,0.04090909090909091,220,1.0,SRC_MUNICIPAL_PRORRATEADA,SECCION,COMPLETO
270,19,NUEVO LEON,GENERAL ESCOBEDO,,25,453,797,343,0.43036386449184444,0.5696361355081556,MC,136,0.3965014577259475,57,0.1661807580174927,PAN,79,0.2303206997084548,25,0.0728862973760933,MORENA,54,0.15743440233236153,MC,136,0.3965014577259475,57,0.1661807580174927,PAN,79,0.2303206997084548,25,0.0728862973760933,MORENA,54,0.15743440233236153,79,0.2303206997084548,49,0.14285714285714285,1,0.0029154518950437317,5,0.014577259475218658,4,0.011661807580174927,136,0.3965014577259475,54,0.15743440233236153,3,0.008746355685131196,0,0.0,1,0.0029154518950437317,4,0.011661807580174927,0,0.0,0,0.0,0,0.0,0,0.0,0,0.0,0,0.0,0,0.0,0,0.0,0,0.0,0,0.0,0,0.0,0,0.0,1,0.0029154518950437317,6,0.01749271137026239,343,1.0,SRC_MUNICIPAL_PRORRATEADA,SECCION,COMPLETO
271,19,NUEVO LEON,GENERAL ESCOBEDO,,25,456,720,310,0.4305555555555556,0.5694444444444444,MC,132,0.4258064516129032,69,0.22258064516129034,PRI,63,0.2032258064516129,7,0.02258064516129032,PAN,56,0.18064516129032257,MC,132,0.4258064516129032,69,0.22258064516129034,PRI,63,0.2032258064516129,7,0.02258064516129032,PAN,56,0.18064516129032257,56,0.18064516129032257,63,0.2032258064516129,0,0.0,5,0.016129032258064516,2,0.0064516129032258064,132,0.4258064516129032,37,0.11935483870967742,2,0.0064516129032258064,1,0.0032258064516129032,0,0.0,4,0.012903225806451613,0,0.0,0,0.0,0,0.0,0,0.0,0,0.0,0,0.0,0,0.0,0,0.0,0,0.0,2,0.0064516129032258064,0,0.0,1,0.0032258064516129032,0,0.0,5,0.016129032258064516,310,1.0,SRC_MUNICIPAL_PRORRATEADA,SECCION,COMPLETO
272,19,NUEVO LEON,GENERAL ESCOBEDO,,25,492,965,415,0.43005181347150256,0.5699481865284974,MC,176,0.42409638554216866,101,0.2433734939759036,PRI,75,0.18072289156626506,2,0.004819277108433735,PAN,73,0.17590361445783131,MC,176,0.42409638554216866,101,0.2433734939759036,PRI,75,0.18072289156626506,2,0.004819277108433735,PAN,73,0.17590361445783131,73,0.17590361445783131,75,0.18072289156626506,2,0.004819277108433735,9,0.021686746987951807,1,0.0024096385542168677,176,0.42409638554216866,63,0.15180722891566265,2,0.004819277108433735,0,0.0,0,0.0,2,0.004819277108433735,0,0.0,3,0.007228915662650603,1,0.0024096385542168677,0,0.0,1,0.0024096385542168677,0,0.0,0,0.0,0,0.0,0,0.0,1,0.0024096385542168677,1,0.0024096385542168677,0,0.0,0,0.0,5,0.012048192771084338,415,1.0,SRC_MUNICIPAL_PRORRATEADA,SECCION,COMPLETO
273,19,NUEVO LEON,GENERAL ESCOBEDO,,25,2137,469,202,0.43070362473347545,0.5692963752665245,PRI,59,0.29207920792079206,1,0.0049504950495049506,MC,58,0.2871287128712871,29,0.14356435643564355,MORENA,29,0.14356435643564355,PRI,59,0.29207920792079206,1,0.0049504950495049506,MC,58,0.2871287128712871,29,0.14356435643564355,MORENA,29,0.14356435643564355,21,0.10396039603960396,59,0.29207920792079206,0,0.0,9,0.04455445544554455,8,0.039603960396039604,58,0.2871287128712871,29,0.14356435643564355,3,0.01485148514851485,0,0.0,1,0.0049504950495049506,4,0.019801980198019802,1,0.0049504950495049506,1,0.0049504950495049506,0,0.0,0,0.0,0,0.0,1,0.0049504950495049506,0,0.0,1,0.0049504950495049506,0,0.0,1,0.0049504950495049506,0,0.0,1,0.0049504950495049506,0,0.0,4,0.019801980198019802,202,1.0,SRC_MUNICIPAL_PRORRATEADA,SECCION,COMPLETO
274,19,NUEVO LEON,GENERAL ESCOBEDO,,25,2139,490,211,0.4306122448979592,0.5693877551020408,MC,88,0.41706161137440756,48,0.22748815165876776,PRI,40,0.1895734597156398,7,0.03317535545023697,MORENA,33,0.15639810426540285,MC,88,0.41706161137440756,48,0.22748815165876776,PRI,40,0.1895734597156398,7,0.03317535545023697,MORENA,33,0.15639810426540285,31,0.14691943127962084,40,0.1895734597156398,0,0.0,5,0.023696682464454975,5,0.023696682464454975,88,0.41706161137440756,33,0.15639810426540285,1,0.004739336492890996,2,0.009478672985781991,0,0.0,0,0.0,2,0.009478672985781991,1,0.004739336492890996,0,0.0,0,0.0,0,0.0,0,0.0,0,0.0,0,0.0,0,0.0,0,0.0,0,0.0,0,0.0,0,0.0,3,0.014218009478672985,211,1.0,SRC_MUNICIPAL_PRORRATEADA,SECCION,COMPLETO
275,19,NUEVO LEON,GENERAL ESCOBEDO,,25,2140,558,240,0.43010752688172044,0.5698924731182795,MC,89,0.37083333333333335,38,0.15833333333333333,PRI,51,0.2125,13,0.05416666666666667,MORENA,38,0.15833333333333333,MC,89,0.37083333333333335,38,0.15833333333333333,PRI,51,0.2125,13,0.05416666666666667,MORENA,38,0.15833333333333333,34,0.14166666666666666,51,0.2125,2,0.008333333333333333,4,0.016666666666666666,5,0.020833333333333332,89,0.37083333333333335,38,0.15833333333333333,3,0.0125,1,0.004166666666666667,1,0.004166666666666667,4,0.016666666666666666,1,0.004166666666666667,2,0.008333333333333333,0,0.0,0,0.0,0,0.0,0,0.0,1,0.004166666666666667,0,0.0,0,0.0,0,0.0,0,0.0,0,0.0,0,0.0,4,0.016666666666666666,240,1.0,SRC_MUNICIPAL_PRORRATEADA,SECCION,COMPLETO
276,19,NUEVO LEON,GENERAL ESCOBEDO,,25,2141,590,254,0.43050847457627117,0.5694915254237288,MC,92,0.36220472440944884,39,0.15354330708661418,MORENA,53,0.20866141732283464,6,0.023622047244094488,PRI,47,0.18503937007874016,MC,92,0.36220472440944884,39,0.15354330708661418,MORENA,53,0.20866141732283464,6,0.023622047244094488,PRI,47,0.18503937007874016,29,0.1141732283464567,47,0.18503937007874016,1,0.003937007874015748,8,0.031496062992125984,12,0.047244094488188976,92,0.36220472440944884,53,0.20866141732283464,5,0.01968503937007874,0,0.0,0,0.0,2,0.007874015748031496,0,0.0,0,0.0,0,0.0,0,0.0,0,0.0,0,0.0,0,0.0,0,0.0,0,0.0,0,0.0,0,0.0,0,0.0,0,0.0,5,0.01968503937007874,254,1.0,SRC_MUNICIPAL_PRORRATEADA,SECCION,COMPLETO
277,19,NUEVO LEON,GENERAL ESCOBEDO,,25,2142,200,86,0.43,0.5700000000000001,PRI,22,0.2558139534883721,2,0.023255813953488372,MORENA,20,0.23255813953488372,10,0.11627906976744186,PVEM,10,0.11627906976744186,PRI,22,0.2558139534883721,2,0.023255813953488372,MORENA,20,0.23255813953488372,10,0.11627906976744186,PVEM,10,0.11627906976744186,7,0.08139534883720931,22,0.2558139534883721,1,0.011627906976744186,10,0.11627906976744186,2,0.023255813953488372,8,0.09302325581395349,20,0.23255813953488372,5,0.05813953488372093,0,0.0,1,0.011627906976744186,0,0.0,0,0.0,0,0.0,0,0.0,0,0.0,0,0.0,0,0.0,0,0.0,1,0.011627906976744186,1,0.011627906976744186,2,0.023255813953488372,0,0.0,0,0.0,0,0.0,6,0.06976744186046512,86,1.0,SRC_MUNICIPAL_PRORRATEADA,SECCION,COMPLETO
278,19,NUEVO LEON,GENERAL ESCOBEDO,,25,2143,1367,588,0.4301389904901244,0.5698610095098756,MC,222,0.37755102040816324,102,0.17346938775510204,PRI,120,0.20408163265306123,13,0.022108843537414966,MORENA,107,0.18197278911564627,MC,222,0.37755102040816324,102,0.17346938775510204,PRI,120,0.20408163265306123,13,0.022108843537414966,MORENA,107,0.18197278911564627,86,0.14625850340136054,120,0.20408163265306123,0,0.0,4,0.006802721088435374,30,0.05102040816326531,222,0.37755102040816324,107,0.18197278911564627,0,0.0,0,0.0,0,0.0,8,0.013605442176870748,1,0.0017006802721088435,0,0.0,0,0.0,0,0.0,1,0.0017006802721088435,0,0.0,1,0.0017006802721088435,0,0.0,0,0.0,1,0.0017006802721088435,0,0.0,0,0.0,0,0.0,7,0.011904761904761904,588,1.0,SRC_MUNICIPAL_PRORRATEADA,SECCION,COMPLETO
279,19,NUEVO LEON,GENERAL ESCOBEDO,,25,2146,593,255,0.4300168634064081,0.5699831365935919,MC,71,0.2784313725490196,6,0.023529411764705882,PRI,65,0.2549019607843137,18,0.07058823529411765,PAN,47,0.1843137254901961,MC,71,0.2784313725490196,6,0.023529411764705882,PRI,65,0.2549019607843137,18,0.07058823529411765,PAN,47,0.1843137254901961,47,0.1843137254901961,65,0.2549019607843137,0,0.0,12,0.047058823529411764,3,0.011764705882352941,71,0.2784313725490196,42,0.16470588235294117,1,0.00392156862745098,0,0.0,3,0.011764705882352941,2,0.00784313725490196,0,0.0,0,0.0,1,0.00392156862745098,0,0.0,0,0.0,0,0.0,0,0.0,0,0.0,0,0.0,1,0.00392156862745098,0,0.0,1,0.00392156862745098,0,0.0,6,0.023529411764705882,255,1.0,SRC_MUNICIPAL_PRORRATEADA,SECCION,COMPLETO
280,19,NUEVO LEON,GENERAL ESCOBEDO,,25,2147,1288,554,0.4301242236024845,0.5698757763975155,MC,196,0.35379061371841153,83,0.14981949458483754,PRI,113,0.20397111913357402,17,0.030685920577617327,MORENA,96,0.17328519855595667,MC,196,0.35379061371841153,83,0.14981949458483754,PRI,113,0.20397111913357402,17,0.030685920577617327,MORENA,96,0.17328519855595667,70,0.1263537906137184,113,0.20397111913357402,5,0.009025270758122744,16,0.02888086642599278,12,0.021660649819494584,196,0.35379061371841153,96,0.17328519855595667,9,0.016245487364620937,6,0.010830324909747292,3,0.005415162454873646,3,0.005415162454873646,1,0.0018050541516245488,0,0.0,2,0.0036101083032490976,0,0.0,2,0.0036101083032490976,0,0.0,1,0.0018050541516245488,3,0.005415162454873646,0,0.0,5,0.009025270758122744,0,0.0,0,0.0,0,0.0,11,0.019855595667870037,554,1.0,SRC_MUNICIPAL_PRORRATEADA,SECCION,COMPLETO
281,19,NUEVO LEON,GENERAL ESCOBEDO,,25,2148,386,166,0.43005181347150256,0.5699481865284974,MC,71,0.42771084337349397,37,0.22289156626506024,MORENA,34,0.20481927710843373,2,0.012048192771084338,PRI,32,0.1927710843373494,MC,71,0.42771084337349397,37,0.22289156626506024,MORENA,34,0.20481927710843373,2,0.012048192771084338,PRI,32,0.1927710843373494,20,0.12048192771084337,32,0.1927710843373494,0,0.0,3,0.018072289156626505,4,0.024096385542168676,71,0.42771084337349397,34,0.20481927710843373,1,0.006024096385542169,0,0.0,0,0.0,0,0.0,0,0.0,0,0.0,0,0.0,0,0.0,1,0.006024096385542169,0,0.0,0,0.0,0,0.0,0,0.0,0,0.0,0,0.0,0,0.0,0,0.0,0,0.0,166,1.0,SRC_MUNICIPAL_PRORRATEADA,SECCION,COMPLETO
282,19,NUEVO LEON,GENERAL ESCOBEDO,,25,2150,449,193,0.4298440979955457,0.5701559020044543,MC,65,0.33678756476683935,25,0.12953367875647667,PRI,40,0.20725388601036268,9,0.046632124352331605,PAN,31,0.16062176165803108,MC,65,0.33678756476683935,25,0.12953367875647667,PRI,40,0.20725388601036268,9,0.046632124352331605,PAN,31,0.16062176165803108,31,0.16062176165803108,40,0.20725388601036268,2,0.010362694300518135,8,0.04145077720207254,9,0.046632124352331605,65,0.33678756476683935,30,0.15544041450777202,3,0.015544041450777202,1,0.0051813471502590676,2,0.010362694300518135,0,0.0,0,0.0,0,0.0,0,0.0,0,0.0,0,0.0,0,0.0,0,0.0,0,0.0,0,0.0,0,0.0,0,0.0,0,0.0,0,0.0,2,0.010362694300518135,193,1.0,SRC_MUNICIPAL_PRORRATEADA,SECCION,COMPLETO
283,19,NUEVO LEON,GENERAL ESCOBEDO,,25,2153,397,171,0.43073047858942065,0.5692695214105794,PRI,49,0.28654970760233917,0,0.0,MC,49,0.28654970760233917,14,0.08187134502923976,MORENA,35,0.2046783625730994,PRI,49,0.28654970760233917,0,0.0,MC,49,0.28654970760233917,14,0.08187134502923976,MORENA,35,0.2046783625730994,18,0.10526315789473684,49,0.28654970760233917,2,0.011695906432748537,0,0.0,5,0.029239766081871343,49,0.28654970760233917,35,0.2046783625730994,3,0.017543859649122806,2,0.011695906432748537,0,0.0,0,0.0,0,0.0,2,0.011695906432748537,0,0.0,0,0.0,0,0.0,0,0.0,0,0.0,0,0.0,0,0.0,0,0.0,0,0.0,0,0.0,0,0.0,6,0.03508771929824561,171,1.0,SRC_MUNICIPAL_PRORRATEADA,SECCION,COMPLETO
284,19,NUEVO LEON,GENERAL ESCOBEDO,,25,2154,456,196,0.4298245614035088,0.5701754385964912,MC,63,0.32142857142857145,2,0.01020408163265306,PRI,61,0.3112244897959184,40,0.20408163265306123,PAN,21,0.10714285714285714,MC,63,0.32142857142857145,2,0.01020408163265306,PRI,61,0.3112244897959184,40,0.20408163265306123,PAN,21,0.10714285714285714,21,0.10714285714285714,61,0.3112244897959184,3,0.015306122448979591,4,0.02040816326530612,8,0.04081632653061224,63,0.32142857142857145,21,0.10714285714285714,2,0.01020408163265306,0,0.0,0,0.0,0,0.0,0,0.0,3,0.015306122448979591,0,0.0,0,0.0,0,0.0,0,0.0,0,0.0,1,0.00510204081632653,0,0.0,1,0.00510204081632653,0,0.0,0,0.0,0,0.0,8,0.04081632653061224,196,1.0,SRC_MUNICIPAL_PRORRATEADA,SECCION,COMPLETO
285,19,NUEVO LEON,GENERAL ESCOBEDO,,25,2157,511,220,0.43052837573385516,0.5694716242661448,MC,62,0.2818181818181818,3,0.013636363636363636,PRI,59,0.2681818181818182,20,0.09090909090909091,MORENA,39,0.17727272727272728,MC,62,0.2818181818181818,3,0.013636363636363636,PRI,59,0.2681818181818182,20,0.09090909090909091,MORENA,39,0.17727272727272728,17,0.07727272727272727,59,0.2681818181818182,1,0.004545454545454545,11,0.05,10,0.045454545454545456,62,0.2818181818181818,39,0.17727272727272728,4,0.01818181818181818,3,0.013636363636363636,0,0.0,0,0.0,1,0.004545454545454545,2,0.00909090909090909,1,0.004545454545454545,0,0.0,1,0.004545454545454545,0,0.0,0,0.0,1,0.004545454545454545,0,0.0,0,0.0,0,0.0,0,0.0,0,0.0,8,0.03636363636363636,220,1.0,SRC_MUNICIPAL_PRORRATEADA,SECCION,COMPLETO
286,19,NUEVO LEON,GENERAL ESCOBEDO,,25,2159,549,236,0.42987249544626593,0.5701275045537341,MC,66,0.2796610169491525,10,0.0423728813559322,MORENA,56,0.23728813559322035,5,0.0211864406779661,PRI,51,0.21610169491525424,MC,66,0.2796610169491525,10,0.0423728813559322,MORENA,56,0.23728813559322035,5,0.0211864406779661,PRI,51,0.21610169491525424,25,0.1059322033898305,51,0.21610169491525424,1,0.00423728813559322,3,0.012711864406779662,10,0.0423728813559322,66,0.2796610169491525,56,0.23728813559322035,5,0.0211864406779661,2,0.00847457627118644,1,0.00423728813559322,1,0.00423728813559322,2,0.00847457627118644,1,0.00423728813559322,0,0.0,0,0.0,0,0.0,0,0.0,0,0.0,2,0.00847457627118644,2,0.00847457627118644,0,0.0,0,0.0,0,0.0,0,0.0,8,0.03389830508474576,236,1.0,SRC_MUNICIPAL_PRORRATEADA,SECCION,COMPLETO
287,19,NUEVO LEON,GENERAL ESCOBEDO,,25,2161,404,174,0.4306930693069307,0.5693069306930694,MC,59,0.3390804597701149,14,0.08045977011494253,PRI,45,0.25862068965517243,19,0.10919540229885058,MORENA,26,0.14942528735632185,MC,59,0.3390804597701149,14,0.08045977011494253,PRI,45,0.25862068965517243,19,0.10919540229885058,MORENA,26,0.14942528735632185,17,0.09770114942528736,45,0.25862068965517243,1,0.005747126436781609,3,0.017241379310344827,4,0.022988505747126436,59,0.3390804597701149,26,0.14942528735632185,1,0.005747126436781609,0,0.0,0,0.0,6,0.034482758620689655,1,0.005747126436781609,1,0.005747126436781609,0,0.0,0,0.0,1,0.005747126436781609,0,0.0,1,0.005747126436781609,0,0.0,0,0.0,0,0.0,0,0.0,0,0.0,0,0.0,8,0.04597701149425287,174,1.0,SRC_MUNICIPAL_PRORRATEADA,SECCION,COMPLETO
288,19,NUEVO LEON,GENERAL ESCOBEDO,,25,2517,449,193,0.4298440979955457,0.5701559020044543,MC,72,0.37305699481865284,32,0.16580310880829016,PAN,40,0.20725388601036268,7,0.03626943005181347,MORENA,33,0.17098445595854922,MC,72,0.37305699481865284,32,0.16580310880829016,PAN,40,0.20725388601036268,7,0.03626943005181347,MORENA,33,0.17098445595854922,40,0.20725388601036268,29,0.15025906735751296,1,0.0051813471502590676,4,0.02072538860103627,6,0.031088082901554404,72,0.37305699481865284,33,0.17098445595854922,0,0.0,1,0.0051813471502590676,1,0.0051813471502590676,1,0.0051813471502590676,0,0.0,0,0.0,0,0.0,0,0.0,0,0.0,1,0.0051813471502590676,0,0.0,0,0.0,0,0.0,0,0.0,0,0.0,0,0.0,1,0.0051813471502590676,3,0.015544041450777202,193,1.0,SRC_MUNICIPAL_PRORRATEADA,SECCION,COMPLETO
289,19,NUEVO LEON,GENERAL ESCOBEDO,,25,2520,583,251,0.4305317324185249,0.5694682675814751,MC,87,0.3466135458167331,31,0.12350597609561753,MORENA,56,0.22310756972111553,2,0.00796812749003984,PRI,54,0.2151394422310757,MC,87,0.3466135458167331,31,0.12350597609561753,MORENA,56,0.22310756972111553,2,0.00796812749003984,PRI,54,0.2151394422310757,36,0.14342629482071714,54,0.2151394422310757,1,0.00398406374501992,1,0.00398406374501992,13,0.05179282868525897,87,0.3466135458167331,56,0.22310756972111553,0,0.0,0,0.0,0,0.0,0,0.0,0,0.0,0,0.0,1,0.00398406374501992,0,0.0,0,0.0,0,0.0,1,0.00398406374501992,0,0.0,0,0.0,1,0.00398406374501992,0,0.0,0,0.0,0,0.0,0,0.0,251,1.0,SRC_MUNICIPAL_PRORRATEADA,SECCION,COMPLETO
290,19,NUEVO LEON,GENERAL ESCOBEDO,,25,2521,469,202,0.43070362473347545,0.5692963752665245,MC,66,0.32673267326732675,3,0.01485148514851485,PRI,63,0.3118811881188119,28,0.13861386138613863,PAN,35,0.17326732673267325,MC,66,0.32673267326732675,3,0.01485148514851485,PRI,63,0.3118811881188119,28,0.13861386138613863,PAN,35,0.17326732673267325,35,0.17326732673267325,63,0.3118811881188119,1,0.0049504950495049506,9,0.04455445544554455,4,0.019801980198019802,66,0.32673267326732675,0,0.0,1,0.0049504950495049506,0,0.0,0,0.0,4,0.019801980198019802,0,0.0,2,0.009900990099009901,2,0.009900990099009901,1,0.0049504950495049506,0,0.0,0,0.0,0,0.0,0,0.0,0,0.0,1,0.0049504950495049506,0,0.0,0,0.0,0,0.0,13,0.06435643564356436,202,1.0,SRC_MUNICIPAL_PRORRATEADA,SECCION,COMPLETO
291,19,NUEVO LEON,GENERAL ESCOBEDO,,25,2523,667,287,0.4302848575712144,0.5697151424287856,MC,115,0.40069686411149824,56,0.1951219512195122,MORENA,59,0.20557491289198607,5,0.017421602787456445,PRI,54,0.18815331010452963,MC,115,0.40069686411149824,56,0.1951219512195122,MORENA,59,0.20557491289198607,5,0.017421602787456445,PRI,54,0.18815331010452963,35,0.12195121951219512,54,0.18815331010452963,0,0.0,6,0.020905923344947737,6,0.020905923344947737,115,0.40069686411149824,59,0.20557491289198607,2,0.006968641114982578,0,0.0,1,0.003484320557491289,0,0.0,0,0.0,3,0.010452961672473868,0,0.0,0,0.0,1,0.003484320557491289,0,0.0,0,0.0,0,0.0,0,0.0,0,0.0,0,0.0,0,0.0,0,0.0,5,0.017421602787456445,287,1.0,SRC_MUNICIPAL_PRORRATEADA,SECCION,COMPLETO
292,19,NUEVO LEON,GENERAL ESCOBEDO,,25,2524,569,245,0.4305799648506151,0.5694200351493849,MC,78,0.3183673469387755,27,0.11020408163265306,PAN,51,0.20816326530612245,6,0.024489795918367346,MORENA,45,0.1836734693877551,MC,78,0.3183673469387755,27,0.11020408163265306,PAN,51,0.20816326530612245,6,0.024489795918367346,MORENA,45,0.1836734693877551,51,0.20816326530612245,43,0.17551020408163265,1,0.004081632653061225,8,0.0326530612244898,0,0.0,78,0.3183673469387755,45,0.1836734693877551,3,0.012244897959183673,1,0.004081632653061225,5,0.02040816326530612,6,0.024489795918367346,0,0.0,0,0.0,0,0.0,0,0.0,0,0.0,0,0.0,0,0.0,0,0.0,0,0.0,0,0.0,0,0.0,0,0.0,0,0.0,4,0.0163265306122449,245,1.0,SRC_MUNICIPAL_PRORRATEADA,SECCION,COMPLETO
293,19,NUEVO LEON,GENERAL ESCOBEDO,,25,2528,393,169,0.4300254452926209,0.5699745547073791,MC,78,0.46153846153846156,46,0.27218934911242604,PAN,32,0.1893491124260355,5,0.029585798816568046,PRI,27,0.15976331360946747,MC,78,0.46153846153846156,46,0.27218934911242604,PAN,32,0.1893491124260355,5,0.029585798816568046,PRI,27,0.15976331360946747,32,0.1893491124260355,27,0.15976331360946747,1,0.005917159763313609,3,0.01775147928994083,1,0.005917159763313609,78,0.46153846153846156,16,0.09467455621301775,1,0.005917159763313609,0,0.0,0,0.0,3,0.01775147928994083,0,0.0,0,0.0,1,0.005917159763313609,0,0.0,0,0.0,0,0.0,0,0.0,0,0.0,0,0.0,1,0.005917159763313609,0,0.0,0,0.0,0,0.0,5,0.029585798816568046,169,1.0,SRC_MUNICIPAL_PRORRATEADA,SECCION,COMPLETO
294,19,NUEVO LEON,GENERAL ESCOBEDO,,25,2529,237,102,0.43037974683544306,0.5696202531645569,MC,38,0.37254901960784315,13,0.12745098039215685,PRI,25,0.24509803921568626,10,0.09803921568627451,MORENA,15,0.14705882352941177,MC,38,0.37254901960784315,13,0.12745098039215685,PRI,25,0.24509803921568626,10,0.09803921568627451,MORENA,15,0.14705882352941177,8,0.0784313725490196,25,0.24509803921568626,0,0.0,2,0.0196078431372549,1,0.00980392156862745,38,0.37254901960784315,15,0.14705882352941177,1,0.00980392156862745,2,0.0196078431372549,0,0.0,1,0.00980392156862745,0,0.0,2,0.0196078431372549,1,0.00980392156862745,0,0.0,0,0.0,0,0.0,0,0.0,0,0.0,0,0.0,0,0.0,0,0.0,0,0.0,0,0.0,6,0.058823529411764705,102,1.0,SRC_MUNICIPAL_PRORRATEADA,SECCION,COMPLETO
295,19,NUEVO LEON,GENERAL ESCOBEDO,,25,2532,2285,983,0.4301969365426696,0.5698030634573303,MC,447,0.4547304170905392,223,0.2268565615462869,PAN,224,0.2278738555442523,11,0.011190233977619531,PRI,213,0.21668362156663276,MC,447,0.4547304170905392,223,0.2268565615462869,PAN,224,0.2278738555442523,11,0.011190233977619531,PRI,213,0.21668362156663276,224,0.2278738555442523,213,0.21668362156663276,1,0.001017293997965412,6,0.006103763987792472,1,0.001017293997965412,447,0.4547304170905392,73,0.07426246185147507,4,0.004069175991861648,3,0.003051881993896236,0,0.0,3,0.003051881993896236,4,0.004069175991861648,0,0.0,0,0.0,0,0.0,0,0.0,0,0.0,0,0.0,0,0.0,0,0.0,0,0.0,0,0.0,0,0.0,0,0.0,4,0.004069175991861648,983,1.0,SRC_MUNICIPAL_PRORRATEADA,SECCION,COMPLETO
296,19,NUEVO LEON,GENERAL ESCOBEDO,,25,2536,1120,482,0.4303571428571429,0.5696428571428571,MC,207,0.42946058091286304,88,0.1825726141078838,PAN,119,0.24688796680497926,30,0.06224066390041494,PRI,89,0.18464730290456433,MC,207,0.42946058091286304,88,0.1825726141078838,PAN,119,0.24688796680497926,30,0.06224066390041494,PRI,89,0.18464730290456433,119,0.24688796680497926,89,0.18464730290456433,0,0.0,2,0.004149377593360996,1,0.002074688796680498,207,0.42946058091286304,49,0.1016597510373444,3,0.006224066390041493,2,0.004149377593360996,0,0.0,6,0.012448132780082987,0,0.0,1,0.002074688796680498,0,0.0,0,0.0,0,0.0,0,0.0,0,0.0,0,0.0,0,0.0,0,0.0,0,0.0,0,0.0,0,0.0,3,0.006224066390041493,482,1.0,SRC_MUNICIPAL_PRORRATEADA,SECCION,COMPLETO
297,19,NUEVO LEON,GENERAL ESCOBEDO,,25,2539,669,288,0.4304932735426009,0.5695067264573991,MC,139,0.4826388888888889,77,0.2673611111111111,PRI,62,0.2152777777777778,6,0.020833333333333332,PAN,56,0.19444444444444445,MC,139,0.4826388888888889,77,0.2673611111111111,PRI,62,0.2152777777777778,6,0.020833333333333332,PAN,56,0.19444444444444445,56,0.19444444444444445,62,0.2152777777777778,2,0.006944444444444444,3,0.010416666666666666,1,0.003472222222222222,139,0.4826388888888889,17,0.059027777777777776,0,0.0,0,0.0,1,0.003472222222222222,2,0.006944444444444444,0,0.0,0,0.0,0,0.0,0,0.0,0,0.0,0,0.0,0,0.0,0,0.0,0,0.0,0,0.0,0,0.0,0,0.0,1,0.003472222222222222,4,0.013888888888888888,288,1.0,SRC_MUNICIPAL_PRORRATEADA,SECCION,COMPLETO
298,19,NUEVO LEON,GENERAL ESCOBEDO,,25,2546,693,298,0.43001443001443,0.56998556998557,MC,130,0.436241610738255,46,0.15436241610738255,PAN,84,0.28187919463087246,26,0.087248322147651,PRI,58,0.19463087248322147,MC,130,0.436241610738255,46,0.15436241610738255,PAN,84,0.28187919463087246,26,0.087248322147651,PRI,58,0.19463087248322147,84,0.28187919463087246,58,0.19463087248322147,1,0.003355704697986577,2,0.006711409395973154,2,0.006711409395973154,130,0.436241610738255,16,0.053691275167785234,0,0.0,0,0.0,0,0.0,0,0.0,1,0.003355704697986577,0,0.0,0,0.0,0,0.0,0,0.0,0,0.0,0,0.0,0,0.0,0,0.0,0,0.0,0,0.0,0,0.0,0,0.0,4,0.013422818791946308,298,1.0,SRC_MUNICIPAL_PRORRATEADA,SECCION,COMPLETO
299,19,NUEVO LEON,GENERAL ESCOBEDO,,25,2747,411,177,0.4306569343065693,0.5693430656934306,MC,57,0.3220338983050847,12,0.06779661016949153,PRI,45,0.2542372881355932,19,0.10734463276836158,MORENA,26,0.14689265536723164,MC,57,0.3220338983050847,12,0.06779661016949153,PRI,45,0.2542372881355932,19,0.10734463276836158,MORENA,26,0.14689265536723164,20,0.11299435028248588,45,0.2542372881355932,2,0.011299435028248588,8,0.04519774011299435,5,0.02824858757062147,57,0.3220338983050847,26,0.14689265536723164,1,0.005649717514124294,0,0.0,3,0.01694915254237288,1,0.005649717514124294,1,0.005649717514124294,0,0.0,0,0.0,0,0.0,0,0.0,0,0.0,0,0.0,0,0.0,0,0.0,1,0.005649717514124294,0,0.0,0,0.0,0,0.0,7,0.03954802259887006,177,1.0,SRC_MUNICIPAL_PRORRATEADA,SECCION,COMPLETO
300,19,NUEVO LEON,GENERAL ESCOBEDO,,25,2748,365,157,0.4301369863013699,0.5698630136986301,MC,66,0.42038216560509556,33,0.21019108280254778,MORENA,33,0.21019108280254778,3,0.01910828025477707,PRI,30,0.1910828025477707,MC,66,0.42038216560509556,33,0.21019108280254778,MORENA,33,0.21019108280254778,3,0.01910828025477707,PRI,30,0.1910828025477707,14,0.08917197452229299,30,0.1910828025477707,3,0.01910828025477707,2,0.012738853503184714,2,0.012738853503184714,66,0.42038216560509556,33,0.21019108280254778,0,0.0,0,0.0,1,0.006369426751592357,2,0.012738853503184714,0,0.0,1,0.006369426751592357,0,0.0,0,0.0,0,0.0,1,0.006369426751592357,0,0.0,0,0.0,0,0.0,0,0.0,0,0.0,0,0.0,0,0.0,2,0.012738853503184714,157,1.0,SRC_MUNICIPAL_PRORRATEADA,SECCION,COMPLETO
301,19,NUEVO LEON,GENERAL ESCOBEDO,,25,2753,0,0,0.0,0.0,PAN,0,0.0,0,0.0,PRI,0,0.0,0,0.0,PRD,0,0.0,PAN,0,0.0,0,0.0,PRI,0,0.0,0,0.0,PRD,0,0.0,0,0.0,0,0.0,0,0.0,0,0.0,0,0.0,0,0.0,0,0.0,0,0.0,0,0.0,0,0.0,0,0.0,0,0.0,0,0.0,0,0.0,0,0.0,0,0.0,0,0.0,0,0.0,0,0.0,0,0.0,0,0.0,0,0.0,0,0.0,0,0.0,0,0.0,0,0.0,SRC_MUNICIPAL_PRORRATEADA,SECCION,COMPLETO
302,19,NUEVO LEON,GENERAL ESCOBEDO,,25,2754,1250,538,0.4304,0.5696,MC,199,0.36988847583643125,80,0.14869888475836432,MORENA,119,0.2211895910780669,29,0.05390334572490706,PRI,90,0.16728624535315986,MC,199,0.36988847583643125,80,0.14869888475836432,MORENA,119,0.2211895910780669,29,0.05390334572490706,PRI,90,0.16728624535315986,80,0.14869888475836432,90,0.16728624535315986,9,0.016728624535315983,12,0.022304832713754646,7,0.013011152416356878,199,0.36988847583643125,119,0.2211895910780669,4,0.007434944237918215,2,0.0037174721189591076,2,0.0037174721189591076,4,0.007434944237918215,5,0.00929368029739777,0,0.0,0,0.0,0,0.0,1,0.0018587360594795538,1,0.0018587360594795538,0,0.0,1,0.0018587360594795538,0,0.0,1,0.0018587360594795538,0,0.0,0,0.0,0,0.0,1,0.0018587360594795538,538,1.0,SRC_MUNICIPAL_PRORRATEADA,SECCION,COMPLETO
303,19,NUEVO LEON,GENERAL ESCOBEDO,,25,2810,330,142,0.4303030303030303,0.5696969696969697,MC,47,0.33098591549295775,6,0.04225352112676056,PRI,41,0.2887323943661972,10,0.07042253521126761,MORENA,31,0.21830985915492956,MC,47,0.33098591549295775,6,0.04225352112676056,PRI,41,0.2887323943661972,10,0.07042253521126761,MORENA,31,0.21830985915492956,8,0.056338028169014086,41,0.2887323943661972,0,0.0,4,0.028169014084507043,4,0.028169014084507043,47,0.33098591549295775,31,0.21830985915492956,2,0.014084507042253521,1,0.007042253521126761,1,0.007042253521126761,0,0.0,1,0.007042253521126761,0,0.0,0,0.0,0,0.0,0,0.0,0,0.0,0,0.0,0,0.0,0,0.0,0,0.0,0,0.0,1,0.007042253521126761,0,0.0,1,0.007042253521126761,142,1.0,SRC_MUNICIPAL_PRORRATEADA,SECCION,COMPLETO
304,19,NUEVO LEON,GENERAL ESCOBEDO,,25,2812,497,214,0.4305835010060362,0.5694164989939638,PRI,73,0.3411214953271028,31,0.14485981308411214,MC,42,0.19626168224299065,1,0.004672897196261682,MORENA,41,0.19158878504672897,PRI,73,0.3411214953271028,31,0.14485981308411214,MC,42,0.19626168224299065,1,0.004672897196261682,MORENA,41,0.19158878504672897,23,0.10747663551401869,73,0.3411214953271028,3,0.014018691588785047,6,0.028037383177570093,10,0.04672897196261682,42,0.19626168224299065,41,0.19158878504672897,3,0.014018691588785047,0,0.0,1,0.004672897196261682,2,0.009345794392523364,0,0.0,2,0.009345794392523364,0,0.0,0,0.0,0,0.0,0,0.0,0,0.0,0,0.0,0,0.0,0,0.0,0,0.0,0,0.0,1,0.004672897196261682,7,0.03271028037383177,214,1.0,SRC_MUNICIPAL_PRORRATEADA,SECCION,COMPLETO
305,19,NUEVO LEON,GENERAL ESCOBEDO,,25,2813,1136,489,0.43045774647887325,0.5695422535211268,PRI,208,0.42535787321063395,119,0.24335378323108384,MC,89,0.18200408997955012,18,0.03680981595092025,MORENA,71,0.14519427402862986,PRI,208,0.42535787321063395,119,0.24335378323108384,MC,89,0.18200408997955012,18,0.03680981595092025,MORENA,71,0.14519427402862986,42,0.08588957055214724,208,0.42535787321063395,14,0.028629856850715747,16,0.032719836400818,17,0.034764826175869123,89,0.18200408997955012,71,0.14519427402862986,4,0.0081799591002045,3,0.006134969325153374,1,0.002044989775051125,1,0.002044989775051125,2,0.00408997955010225,2,0.00408997955010225,1,0.002044989775051125,0,0.0,0,0.0,0,0.0,1,0.002044989775051125,2,0.00408997955010225,0,0.0,1,0.002044989775051125,0,0.0,0,0.0,0,0.0,14,0.028629856850715747,489,1.0,SRC_MUNICIPAL_PRORRATEADA,SECCION,COMPLETO
306,19,NUEVO LEON,GENERAL ESCOBEDO,,25,2815,430,185,0.43023255813953487,0.5697674418604651,PRI,53,0.2864864864864865,2,0.010810810810810811,MC,51,0.2756756756756757,16,0.08648648648648649,MORENA,35,0.1891891891891892,PRI,53,0.2864864864864865,2,0.010810810810810811,MC,51,0.2756756756756757,16,0.08648648648648649,MORENA,35,0.1891891891891892,13,0.07027027027027027,53,0.2864864864864865,1,0.005405405405405406,11,0.05945945945945946,6,0.032432432432432434,51,0.2756756756756757,35,0.1891891891891892,4,0.021621621621621623,1,0.005405405405405406,0,0.0,3,0.016216216216216217,0,0.0,0,0.0,0,0.0,0,0.0,0,0.0,0,0.0,0,0.0,0,0.0,0,0.0,0,0.0,0,0.0,0,0.0,0,0.0,7,0.03783783783783784,185,1.0,SRC_MUNICIPAL_PRORRATEADA,SECCION,COMPLETO
307,19,NUEVO LEON,GENERAL ESCOBEDO,,25,2816,414,178,0.42995169082125606,0.5700483091787439,PRI,47,0.2640449438202247,1,0.0056179775280898875,MC,46,0.25842696629213485,17,0.09550561797752809,MORENA,29,0.16292134831460675,PRI,47,0.2640449438202247,1,0.0056179775280898875,MC,46,0.25842696629213485,17,0.09550561797752809,MORENA,29,0.16292134831460675,18,0.10112359550561797,47,0.2640449438202247,1,0.0056179775280898875,2,0.011235955056179775,14,0.07865168539325842,46,0.25842696629213485,29,0.16292134831460675,4,0.02247191011235955,0,0.0,0,0.0,1,0.0056179775280898875,0,0.0,4,0.02247191011235955,1,0.0056179775280898875,0,0.0,0,0.0,0,0.0,0,0.0,0,0.0,0,0.0,3,0.016853932584269662,0,0.0,0,0.0,0,0.0,8,0.0449438202247191,178,1.0,SRC_MUNICIPAL_PRORRATEADA,SECCION,COMPLETO
308,19,NUEVO LEON,GENERAL ESCOBEDO,,25,2818,295,127,0.43050847457627117,0.5694915254237288,PRI,42,0.33070866141732286,2,0.015748031496062992,MC,40,0.31496062992125984,22,0.1732283464566929,MORENA,18,0.14173228346456693,PRI,42,0.33070866141732286,2,0.015748031496062992,MC,40,0.31496062992125984,22,0.1732283464566929,MORENA,18,0.14173228346456693,14,0.11023622047244094,42,0.33070866141732286,0,0.0,2,0.015748031496062992,4,0.031496062992125984,40,0.31496062992125984,18,0.14173228346456693,2,0.015748031496062992,1,0.007874015748031496,0,0.0,1,0.007874015748031496,0,0.0,0,0.0,0,0.0,0,0.0,0,0.0,0,0.0,0,0.0,0,0.0,0,0.0,0,0.0,0,0.0,1,0.007874015748031496,0,0.0,2,0.015748031496062992,127,1.0,SRC_MUNICIPAL_PRORRATEADA,SECCION,COMPLETO
309,19,NUEVO LEON,GENERAL ESCOBEDO,,25,2820,453,195,0.4304635761589404,0.5695364238410596,PRI,69,0.35384615384615387,3,0.015384615384615385,MC,66,0.3384615384615385,41,0.21025641025641026,MORENA,25,0.1282051282051282,PRI,69,0.35384615384615387,3,0.015384615384615385,MC,66,0.3384615384615385,41,0.21025641025641026,MORENA,25,0.1282051282051282,17,0.08717948717948718,69,0.35384615384615387,1,0.005128205128205128,5,0.02564102564102564,2,0.010256410256410256,66,0.3384615384615385,25,0.1282051282051282,3,0.015384615384615385,0,0.0,0,0.0,1,0.005128205128205128,1,0.005128205128205128,0,0.0,0,0.0,0,0.0,0,0.0,0,0.0,0,0.0,0,0.0,0,0.0,0,0.0,0,0.0,0,0.0,0,0.0,5,0.02564102564102564,195,1.0,SRC_MUNICIPAL_PRORRATEADA,SECCION,COMPLETO
310,19,NUEVO LEON,GENERAL TERAN,,24,0,6616,3823,0.5778415961305925,0.4221584038694075,MC,1562,0.40857964948992936,167,0.04368297148835993,PRI,1395,0.36489667800156944,1114,0.2913941930421135,PAN,281,0.07350248495945592,MC,1562,0.40857964948992936,167,0.04368297148835993,PRI,1395,0.36489667800156944,1114,0.2913941930421135,PAN,281,0.07350248495945592,281,0.07350248495945592,1395,0.36489667800156944,13,0.0034004708344232276,48,0.012555584619408842,18,0.004708344232278315,1562,0.40857964948992936,178,0.04656029296364112,60,0.01569448077426105,17,0.004446769552707298,125,0.03269683494637719,17,0.004446769552707298,8,0.00209259743656814,4,0.00104629871828407,1,0.0002615746795710175,0,0.0,1,0.0002615746795710175,1,0.0002615746795710175,0,0.0,0,0.0,1,0.0002615746795710175,1,0.0002615746795710175,0,0.0,2,0.000523149359142035,0,0.0,90,0.02354172116139158,3823,1.0,SRC_MUNICIPAL_PRORRATEADA,SECCION,COMPLETO
311,19,NUEVO LEON,GENERAL TERAN,,24,495,604,349,0.5778145695364238,0.42218543046357615,MC,159,0.45558739255014324,69,0.1977077363896848,PRI,90,0.25787965616045844,47,0.1346704871060172,PAN,43,0.12320916905444126,MC,159,0.45558739255014324,69,0.1977077363896848,PRI,90,0.25787965616045844,47,0.1346704871060172,PAN,43,0.12320916905444126,43,0.12320916905444126,90,0.25787965616045844,2,0.0057306590257879654,3,0.008595988538681949,1,0.0028653295128939827,159,0.45558739255014324,20,0.05730659025787966,4,0.011461318051575931,1,0.0028653295128939827,15,0.04297994269340974,0,0.0,0,0.0,1,0.0028653295128939827,0,0.0,0,0.0,0,0.0,0,0.0,0,0.0,0,0.0,0,0.0,0,0.0,0,0.0,0,0.0,0,0.0,10,0.02865329512893983,349,1.0,SRC_MUNICIPAL_PRORRATEADA,SECCION,COMPLETO
312,19,NUEVO LEON,GENERAL TERAN,,24,496,561,324,0.5775401069518716,0.42245989304812837,MC,123,0.37962962962962965,1,0.0030864197530864196,PRI,122,0.3765432098765432,83,0.25617283950617287,PAN,39,0.12037037037037036,MC,123,0.37962962962962965,1,0.0030864197530864196,PRI,122,0.3765432098765432,83,0.25617283950617287,PAN,39,0.12037037037037036,39,0.12037037037037036,122,0.3765432098765432,1,0.0030864197530864196,1,0.0030864197530864196,0,0.0,123,0.37962962962962965,14,0.043209876543209874,7,0.021604938271604937,0,0.0,7,0.021604938271604937,2,0.006172839506172839,0,0.0,1,0.0030864197530864196,0,0.0,0,0.0,0,0.0,0,0.0,0,0.0,0,0.0,0,0.0,0,0.0,0,0.0,0,0.0,0,0.0,7,0.021604938271604937,324,1.0,SRC_MUNICIPAL_PRORRATEADA,SECCION,COMPLETO
313,19,NUEVO LEON,GENERAL TERAN,,24,502,812,469,0.5775862068965517,0.4224137931034483,PRI,200,0.42643923240938164,7,0.014925373134328358,MC,193,0.4115138592750533,168,0.3582089552238806,MORENA,25,0.053304904051172705,PRI,200,0.42643923240938164,7,0.014925373134328358,MC,193,0.4115138592750533,168,0.3582089552238806,MORENA,25,0.053304904051172705,5,0.010660980810234541,200,0.42643923240938164,1,0.0021321961620469083,5,0.010660980810234541,1,0.0021321961620469083,193,0.4115138592750533,25,0.053304904051172705,2,0.0042643923240938165,3,0.006396588486140725,13,0.02771855010660981,0,0.0,2,0.0042643923240938165,0,0.0,0,0.0,0,0.0,0,0.0,0,0.0,0,0.0,0,0.0,0,0.0,0,0.0,0,0.0,0,0.0,0,0.0,19,0.04051172707889126,469,1.0,SRC_MUNICIPAL_PRORRATEADA,SECCION,COMPLETO
314,19,NUEVO LEON,GENERAL TERAN,,24,503,754,436,0.5782493368700266,0.42175066312997345,MC,181,0.4151376146788991,2,0.0045871559633027525,PRI,179,0.4105504587155963,162,0.37155963302752293,MORENA,17,0.0389908256880734,MC,181,0.4151376146788991,2,0.0045871559633027525,PRI,179,0.4105504587155963,162,0.37155963302752293,MORENA,17,0.0389908256880734,16,0.03669724770642202,179,0.4105504587155963,0,0.0,5,0.011467889908256881,1,0.0022935779816513763,181,0.4151376146788991,17,0.0389908256880734,7,0.016055045871559634,0,0.0,15,0.034403669724770644,2,0.0045871559633027525,0,0.0,1,0.0022935779816513763,0,0.0,0,0.0,0,0.0,0,0.0,1,0.0022935779816513763,0,0.0,0,0.0,0,0.0,0,0.0,0,0.0,0,0.0,11,0.02522935779816514,436,1.0,SRC_MUNICIPAL_PRORRATEADA,SECCION,COMPLETO
315,19,NUEVO LEON,GENERAL TERAN,,24,505,1298,750,0.5778120184899846,0.42218798151001535,MC,347,0.46266666666666667,80,0.10666666666666667,PRI,267,0.356,220,0.29333333333333333,PAN,47,0.06266666666666666,MC,347,0.46266666666666667,80,0.10666666666666667,PRI,267,0.356,220,0.29333333333333333,PAN,47,0.06266666666666666,47,0.06266666666666666,267,0.356,1,0.0013333333333333333,6,0.008,5,0.006666666666666667,347,0.46266666666666667,22,0.029333333333333333,5,0.006666666666666667,1,0.0013333333333333333,20,0.02666666666666667,3,0.004,2,0.0026666666666666666,1,0.0013333333333333333,0,0.0,0,0.0,0,0.0,0,0.0,1,0.0013333333333333333,0,0.0,0,0.0,0,0.0,0,0.0,0,0.0,0,0.0,22,0.029333333333333333,750,1.0,SRC_MUNICIPAL_PRORRATEADA,SECCION,COMPLETO
316,19,NUEVO LEON,GENERAL TERAN,,24,506,587,339,0.5775127768313458,0.42248722316865417,MC,147,0.4336283185840708,17,0.05014749262536873,PRI,130,0.3834808259587021,106,0.31268436578171094,MORENA,24,0.07079646017699115,MC,147,0.4336283185840708,17,0.05014749262536873,PRI,130,0.3834808259587021,106,0.31268436578171094,MORENA,24,0.07079646017699115,12,0.035398230088495575,130,0.3834808259587021,1,0.0029498525073746312,4,0.011799410029498525,5,0.014749262536873156,147,0.4336283185840708,24,0.07079646017699115,5,0.014749262536873156,0,0.0,3,0.008849557522123894,1,0.0029498525073746312,0,0.0,0,0.0,0,0.0,0,0.0,0,0.0,0,0.0,0,0.0,0,0.0,0,0.0,0,0.0,0,0.0,0,0.0,0,0.0,7,0.02064896755162242,339,1.0,SRC_MUNICIPAL_PRORRATEADA,SECCION,COMPLETO
317,19,NUEVO LEON,GENERAL TERAN,,24,508,1306,755,0.5781010719754976,0.42189892802450235,MC,319,0.42251655629139073,55,0.0728476821192053,PRI,264,0.34966887417218545,221,0.29271523178807946,PAN,43,0.05695364238410596,MC,319,0.42251655629139073,55,0.0728476821192053,PRI,264,0.34966887417218545,221,0.29271523178807946,PAN,43,0.05695364238410596,43,0.05695364238410596,264,0.34966887417218545,2,0.0026490066225165563,7,0.009271523178807948,7,0.009271523178807948,319,0.42251655629139073,43,0.05695364238410596,11,0.01456953642384106,2,0.0026490066225165563,26,0.03443708609271523,4,0.005298013245033113,1,0.0013245033112582781,2,0.0026490066225165563,0,0.0,0,0.0,0,0.0,1,0.0013245033112582781,0,0.0,1,0.0013245033112582781,1,0.0013245033112582781,0,0.0,0,0.0,0,0.0,0,0.0,21,0.02781456953642384,755,1.0,SRC_MUNICIPAL_PRORRATEADA,SECCION,COMPLETO
318,19,NUEVO LEON,GENERAL TERAN,,24,514,490,283,0.5775510204081633,0.4224489795918367,PRI,130,0.45936395759717313,59,0.20848056537102475,MC,71,0.2508833922261484,49,0.17314487632508835,MORENA,22,0.07773851590106007,PRI,130,0.45936395759717313,59,0.20848056537102475,MC,71,0.2508833922261484,49,0.17314487632508835,MORENA,22,0.07773851590106007,11,0.038869257950530034,130,0.45936395759717313,2,0.007067137809187279,5,0.0176678445229682,2,0.007067137809187279,71,0.2508833922261484,22,0.07773851590106007,4,0.014134275618374558,0,0.0,18,0.0636042402826855,4,0.014134275618374558,1,0.0035335689045936395,0,0.0,1,0.0035335689045936395,0,0.0,0,0.0,0,0.0,0,0.0,0,0.0,0,0.0,0,0.0,1,0.0035335689045936395,1,0.0035335689045936395,0,0.0,10,0.0353356890459364,283,1.0,SRC_MUNICIPAL_PRORRATEADA,SECCION,COMPLETO
319,19,NUEVO LEON,GENERAL TREVINO,,24,0,2052,1498,0.7300194931773879,0.2699805068226121,PAN,742,0.4953271028037383,201,0.1341789052069426,PRI,541,0.36114819759679573,418,0.27903871829105475,MC,123,0.08210947930574099,PAN,742,0.4953271028037383,201,0.1341789052069426,PRI,541,0.36114819759679573,418,0.27903871829105475,MC,123,0.08210947930574099,742,0.4953271028037383,541,0.36114819759679573,0,0.0,7,0.004672897196261682,1,0.0006675567423230974,123,0.08210947930574099,66,0.044058744993324434,11,0.007343124165554072,1,0.0006675567423230974,0,0.0,0,0.0,0,0.0,0,0.0,0,0.0,0,0.0,0,0.0,0,0.0,0,0.0,0,0.0,0,0.0,0,0.0,0,0.0,0,0.0,0,0.0,6,0.004005340453938585,1498,1.0,SRC_MUNICIPAL_PRORRATEADA,SECCION,COMPLETO
320,19,NUEVO LEON,GENERAL ZARAGOZA,,26,0,3479,2731,0.7849956884162116,0.2150043115837884,PRI,1090,0.3991212010252655,112,0.04101061882094471,PT,978,0.35811058220432074,653,0.23910655437568656,PAN,325,0.1190040278286342,PRI,1090,0.3991212010252655,112,0.04101061882094471,PT,978,0.35811058220432074,653,0.23910655437568656,PAN,325,0.1190040278286342,325,0.1190040278286342,1090,0.3991212010252655,6,0.0021969974368363236,10,0.003661662394727206,978,0.35811058220432074,167,0.06114976199194434,40,0.014646649578908825,4,0.0014646649578908824,3,0.0010984987184181618,5,0.001830831197363603,0,0.0,15,0.005492493592090809,22,0.008055657268399853,0,0.0,4,0.0014646649578908824,0,0.0,2,0.0007323324789454412,15,0.005492493592090809,0,0.0,0,0.0,2,0.0007323324789454412,0,0.0,0,0.0,0,0.0,43,0.015745148297326986,2731,1.0,SRC_MUNICIPAL_PRORRATEADA,SECCION,COMPLETO
321,19,NUEVO LEON,GENERAL ZARAGOZA,,26,519,1370,1075,0.7846715328467153,0.21532846715328469,PRI,412,0.38325581395348834,25,0.023255813953488372,PT,387,0.36,281,0.26139534883720933,PAN,106,0.0986046511627907,PRI,412,0.38325581395348834,25,0.023255813953488372,PT,387,0.36,281,0.26139534883720933,PAN,106,0.0986046511627907,106,0.0986046511627907,412,0.38325581395348834,3,0.0027906976744186047,6,0.005581395348837209,387,0.36,83,0.07720930232558139,20,0.018604651162790697,4,0.0037209302325581397,0,0.0,3,0.0027906976744186047,2,0.0018604651162790699,8,0.0074418604651162795,2,0.0018604651162790699,1,0.0009302325581395349,1,0.0009302325581395349,0,0.0,0,0.0,4,0.0037209302325581397,0,0.0,0,0.0,3,0.0027906976744186047,0,0.0,0,0.0,0,0.0,30,0.027906976744186046,1075,1.0,SRC_MUNICIPAL_PRORRATEADA,SECCION,COMPLETO
322,19,NUEVO LEON,GENERAL ZARAGOZA,,26,522,465,365,0.7849462365591398,0.21505376344086025,PRI,166,0.4547945205479452,12,0.03287671232876712,PT,154,0.42191780821917807,141,0.3863013698630137,PAN,13,0.03561643835616438,PRI,166,0.4547945205479452,12,0.03287671232876712,PT,154,0.42191780821917807,141,0.3863013698630137,PAN,13,0.03561643835616438,13,0.03561643835616438,166,0.4547945205479452,0,0.0,1,0.0027397260273972603,154,0.42191780821917807,7,0.019178082191780823,7,0.019178082191780823,4,0.010958904109589041,0,0.0,1,0.0027397260273972603,0,0.0,0,0.0,1,0.0027397260273972603,0,0.0,0,0.0,0,0.0,0,0.0,5,0.0136986301369863,0,0.0,0,0.0,1,0.0027397260273972603,0,0.0,0,0.0,0,0.0,5,0.0136986301369863,365,1.0,SRC_MUNICIPAL_PRORRATEADA,SECCION,COMPLETO
323,19,NUEVO LEON,GENERAL ZUAZUA,,5,2721,444,176,0.3963963963963964,0.6036036036036037,MC,65,0.3693181818181818,33,0.1875,MORENA,32,0.18181818181818182,7,0.03977272727272727,PRI,25,0.14204545454545456,MC,65,0.3693181818181818,33,0.1875,MORENA,32,0.18181818181818182,7,0.03977272727272727,PRI,25,0.14204545454545456,21,0.11931818181818182,25,0.14204545454545456,3,0.017045454545454544,5,0.028409090909090908,12,0.06818181818181818,65,0.3693181818181818,32,0.18181818181818182,2,0.011363636363636364,0,0.0,4,0.022727272727272728,3,0.017045454545454544,0,0.0,1,0.005681818181818182,0,0.0,0,0.0,0,0.0,0,0.0,0,0.0,0,0.0,0,0.0,1,0.005681818181818182,0,0.0,0,0.0,0,0.0,2,0.011363636363636364,176,1.0,SRC_MUNICIPAL_PRORRATEADA,SECCION,COMPLETO
324,19,NUEVO LEON,GENERAL ZUAZUA,,21,0,32661,12944,0.39631364624475673,0.6036863537552433,MC,5037,0.38913782447466005,3023,0.23354449938195304,PAN,2014,0.15559332509270704,78,0.006025957972805933,PRI,1936,0.14956736711990112,MC,5037,0.38913782447466005,3023,0.23354449938195304,PAN,2014,0.15559332509270704,78,0.006025957972805933,PRI,1936,0.14956736711990112,2014,0.15559332509270704,1936,0.14956736711990112,84,0.0064894932014833125,242,0.01869592088998764,715,0.05523794808405439,5037,0.38913782447466005,1843,0.14238257107540173,88,0.006798516687268232,162,0.012515451174289247,361,0.027889369592089,111,0.00857540173053152,39,0.0030129789864029666,39,0.0030129789864029666,11,0.000849814585908529,19,0.0014678615574783684,2,0.00015451174289245981,2,0.00015451174289245981,3,0.00023176761433868975,5,0.00038627935723114956,1,7.725587144622991e-05,28,0.0021631644004944375,2,0.00015451174289245981,1,7.725587144622991e-05,11,0.000849814585908529,188,0.014524103831891224,12944,1.0,SRC_MUNICIPAL_PRORRATEADA,SECCION,COMPLETO
325,19,NUEVO LEON,GENERAL ZUAZUA,,21,524,5072,2010,0.39629337539432175,0.6037066246056783,PRI,596,0.2965174129353234,25,0.012437810945273632,MC,571,0.2840796019900497,304,0.15124378109452735,PAN,267,0.1328358208955224,PRI,596,0.2965174129353234,25,0.012437810945273632,MC,571,0.2840796019900497,304,0.15124378109452735,PAN,267,0.1328358208955224,267,0.1328358208955224,596,0.2965174129353234,17,0.00845771144278607,36,0.01791044776119403,141,0.07014925373134329,571,0.2840796019900497,157,0.0781094527363184,12,0.005970149253731343,16,0.007960199004975124,89,0.044278606965174126,13,0.006467661691542288,19,0.00945273631840796,3,0.0014925373134328358,0,0.0,0,0.0,1,0.0004975124378109452,1,0.0004975124378109452,1,0.0004975124378109452,0,0.0,0,0.0,8,0.003980099502487562,0,0.0,0,0.0,0,0.0,62,0.030845771144278607,2010,1.0,SRC_MUNICIPAL_PRORRATEADA,SECCION,COMPLETO
326,19,NUEVO LEON,GENERAL ZUAZUA,,21,2619,646,256,0.39628482972136225,0.6037151702786377,MC,95,0.37109375,54,0.2109375,MORENA,41,0.16015625,5,0.01953125,PAN,36,0.140625,MC,95,0.37109375,54,0.2109375,MORENA,41,0.16015625,5,0.01953125,PAN,36,0.140625,36,0.140625,31,0.12109375,3,0.01171875,7,0.02734375,16,0.0625,95,0.37109375,41,0.16015625,1,0.00390625,1,0.00390625,8,0.03125,5,0.01953125,1,0.00390625,3,0.01171875,0,0.0,0,0.0,1,0.00390625,1,0.00390625,0,0.0,0,0.0,0,0.0,1,0.00390625,0,0.0,0,0.0,0,0.0,5,0.01953125,256,1.0,SRC_MUNICIPAL_PRORRATEADA,SECCION,COMPLETO
327,19,NUEVO LEON,GENERAL ZUAZUA,,21,2621,623,247,0.39646869983948635,0.6035313001605136,MC,109,0.44129554655870445,67,0.27125506072874495,PAN,42,0.1700404858299595,13,0.05263157894736842,PRI,29,0.11740890688259109,MC,109,0.44129554655870445,67,0.27125506072874495,PAN,42,0.1700404858299595,13,0.05263157894736842,PRI,29,0.11740890688259109,42,0.1700404858299595,29,0.11740890688259109,4,0.016194331983805668,0,0.0,11,0.044534412955465584,109,0.44129554655870445,23,0.0931174089068826,2,0.008097165991902834,6,0.024291497975708502,12,0.048582995951417005,8,0.032388663967611336,0,0.0,1,0.004048582995951417,0,0.0,0,0.0,0,0.0,0,0.0,0,0.0,0,0.0,0,0.0,0,0.0,0,0.0,0,0.0,0,0.0,0,0.0,247,1.0,SRC_MUNICIPAL_PRORRATEADA,SECCION,COMPLETO
328,19,NUEVO LEON,GENERAL ZUAZUA,,21,2623,563,223,0.3960923623445826,0.6039076376554173,MC,73,0.3273542600896861,24,0.10762331838565023,PAN,49,0.21973094170403587,9,0.04035874439461883,PRI,40,0.17937219730941703,MC,73,0.3273542600896861,24,0.10762331838565023,PAN,49,0.21973094170403587,9,0.04035874439461883,PRI,40,0.17937219730941703,49,0.21973094170403587,40,0.17937219730941703,0,0.0,10,0.04484304932735426,11,0.04932735426008968,73,0.3273542600896861,25,0.11210762331838565,0,0.0,2,0.008968609865470852,4,0.017937219730941704,0,0.0,0,0.0,2,0.008968609865470852,0,0.0,1,0.004484304932735426,1,0.004484304932735426,1,0.004484304932735426,0,0.0,0,0.0,1,0.004484304932735426,0,0.0,0,0.0,0,0.0,0,0.0,3,0.013452914798206279,223,1.0,SRC_MUNICIPAL_PRORRATEADA,SECCION,COMPLETO
329,19,NUEVO LEON,GENERAL ZUAZUA,,21,2625,558,221,0.3960573476702509,0.6039426523297491,MC,95,0.4298642533936652,58,0.26244343891402716,PRI,37,0.167420814479638,7,0.03167420814479638,PAN,30,0.13574660633484162,MC,95,0.4298642533936652,58,0.26244343891402716,PRI,37,0.167420814479638,7,0.03167420814479638,PAN,30,0.13574660633484162,30,0.13574660633484162,37,0.167420814479638,0,0.0,4,0.01809954751131222,9,0.04072398190045249,95,0.4298642533936652,28,0.12669683257918551,1,0.004524886877828055,1,0.004524886877828055,8,0.03619909502262444,1,0.004524886877828055,1,0.004524886877828055,1,0.004524886877828055,0,0.0,0,0.0,0,0.0,0,0.0,0,0.0,0,0.0,0,0.0,1,0.004524886877828055,0,0.0,0,0.0,0,0.0,4,0.01809954751131222,221,1.0,SRC_MUNICIPAL_PRORRATEADA,SECCION,COMPLETO
330,19,NUEVO LEON,GENERAL ZUAZUA,,21,2627,459,182,0.39651416122004357,0.6034858387799564,MC,68,0.37362637362637363,24,0.13186813186813187,PAN,44,0.24175824175824176,18,0.0989010989010989,MORENA,26,0.14285714285714285,MC,68,0.37362637362637363,24,0.13186813186813187,PAN,44,0.24175824175824176,18,0.0989010989010989,MORENA,26,0.14285714285714285,44,0.24175824175824176,14,0.07692307692307693,0,0.0,3,0.016483516483516484,14,0.07692307692307693,68,0.37362637362637363,26,0.14285714285714285,0,0.0,6,0.03296703296703297,6,0.03296703296703297,1,0.005494505494505495,0,0.0,0,0.0,0,0.0,0,0.0,0,0.0,0,0.0,0,0.0,0,0.0,0,0.0,0,0.0,0,0.0,0,0.0,0,0.0,0,0.0,182,1.0,SRC_MUNICIPAL_PRORRATEADA,SECCION,COMPLETO
331,19,NUEVO LEON,GENERAL ZUAZUA,,21,2632,580,230,0.39655172413793105,0.603448275862069,MC,95,0.41304347826086957,53,0.23043478260869565,MORENA,42,0.1826086956521739,12,0.05217391304347826,PRI,30,0.13043478260869565,MC,95,0.41304347826086957,53,0.23043478260869565,MORENA,42,0.1826086956521739,12,0.05217391304347826,PRI,30,0.13043478260869565,26,0.11304347826086956,30,0.13043478260869565,0,0.0,6,0.02608695652173913,9,0.0391304347826087,95,0.41304347826086957,42,0.1826086956521739,1,0.004347826086956522,1,0.004347826086956522,16,0.06956521739130435,2,0.008695652173913044,1,0.004347826086956522,0,0.0,0,0.0,0,0.0,0,0.0,0,0.0,0,0.0,0,0.0,0,0.0,1,0.004347826086956522,0,0.0,0,0.0,0,0.0,0,0.0,230,1.0,SRC_MUNICIPAL_PRORRATEADA,SECCION,COMPLETO
332,19,NUEVO LEON,GENERAL ZUAZUA,,21,2635,517,205,0.3965183752417795,0.6034816247582204,MC,75,0.36585365853658536,42,0.2048780487804878,MORENA,33,0.16097560975609757,1,0.004878048780487805,PAN,32,0.15609756097560976,MC,75,0.36585365853658536,42,0.2048780487804878,MORENA,33,0.16097560975609757,1,0.004878048780487805,PAN,32,0.15609756097560976,32,0.15609756097560976,23,0.11219512195121951,0,0.0,3,0.014634146341463415,20,0.0975609756097561,75,0.36585365853658536,33,0.16097560975609757,3,0.014634146341463415,2,0.00975609756097561,3,0.014634146341463415,5,0.024390243902439025,0,0.0,0,0.0,0,0.0,0,0.0,0,0.0,0,0.0,0,0.0,0,0.0,0,0.0,0,0.0,0,0.0,0,0.0,0,0.0,6,0.02926829268292683,205,1.0,SRC_MUNICIPAL_PRORRATEADA,SECCION,COMPLETO
333,19,NUEVO LEON,GENERAL ZUAZUA,,21,2639,760,301,0.3960526315789474,0.6039473684210526,MC,111,0.3687707641196013,55,0.18272425249169436,MORENA,56,0.18604651162790697,25,0.08305647840531562,PAN,31,0.10299003322259136,MC,111,0.3687707641196013,55,0.18272425249169436,MORENA,56,0.18604651162790697,25,0.08305647840531562,PAN,31,0.10299003322259136,31,0.10299003322259136,29,0.09634551495016612,2,0.006644518272425249,12,0.03986710963455149,17,0.05647840531561462,111,0.3687707641196013,56,0.18604651162790697,4,0.013289036544850499,5,0.016611295681063124,10,0.03322259136212625,7,0.023255813953488372,0,0.0,4,0.013289036544850499,0,0.0,1,0.0033222591362126247,0,0.0,0,0.0,0,0.0,0,0.0,0,0.0,1,0.0033222591362126247,0,0.0,0,0.0,0,0.0,11,0.036544850498338874,301,1.0,SRC_MUNICIPAL_PRORRATEADA,SECCION,COMPLETO
334,19,NUEVO LEON,GENERAL ZUAZUA,,21,2641,722,286,0.3961218836565097,0.6038781163434903,MC,114,0.3986013986013986,70,0.24475524475524477,MORENA,44,0.15384615384615385,5,0.017482517482517484,PRI,39,0.13636363636363635,MC,114,0.3986013986013986,70,0.24475524475524477,MORENA,44,0.15384615384615385,5,0.017482517482517484,PRI,39,0.13636363636363635,38,0.13286713286713286,39,0.13636363636363635,2,0.006993006993006993,6,0.02097902097902098,19,0.06643356643356643,114,0.3986013986013986,44,0.15384615384615385,4,0.013986013986013986,5,0.017482517482517484,11,0.038461538461538464,2,0.006993006993006993,0,0.0,1,0.0034965034965034965,0,0.0,0,0.0,0,0.0,0,0.0,0,0.0,0,0.0,0,0.0,0,0.0,0,0.0,1,0.0034965034965034965,0,0.0,0,0.0,286,1.0,SRC_MUNICIPAL_PRORRATEADA,SECCION,COMPLETO
335,19,NUEVO LEON,GENERAL ZUAZUA,,21,2649,1009,400,0.39643211100099107,0.6035678889990089,PRI,102,0.255,1,0.0025,MC,101,0.2525,20,0.05,PAN,81,0.2025,PRI,102,0.255,1,0.0025,MC,101,0.2525,20,0.05,PAN,81,0.2025,81,0.2025,102,0.255,6,0.015,13,0.0325,21,0.0525,101,0.2525,26,0.065,3,0.0075,4,0.01,19,0.0475,5,0.0125,4,0.01,1,0.0025,1,0.0025,0,0.0,0,0.0,0,0.0,1,0.0025,0,0.0,0,0.0,0,0.0,0,0.0,0,0.0,0,0.0,12,0.03,400,1.0,SRC_MUNICIPAL_PRORRATEADA,SECCION,COMPLETO
336,19,NUEVO LEON,GENERAL ZUAZUA,,21,2653,527,209,0.396584440227704,0.603415559772296,MC,63,0.3014354066985646,17,0.08133971291866028,PRI,46,0.22009569377990432,13,0.06220095693779904,PAN,33,0.15789473684210525,MC,63,0.3014354066985646,17,0.08133971291866028,PRI,46,0.22009569377990432,13,0.06220095693779904,PAN,33,0.15789473684210525,33,0.15789473684210525,46,0.22009569377990432,0,0.0,4,0.019138755980861243,18,0.0861244019138756,63,0.3014354066985646,21,0.10047846889952153,2,0.009569377990430622,1,0.004784688995215311,9,0.0430622009569378,5,0.023923444976076555,0,0.0,1,0.004784688995215311,0,0.0,0,0.0,0,0.0,0,0.0,0,0.0,1,0.004784688995215311,0,0.0,0,0.0,0,0.0,0,0.0,0,0.0,5,0.023923444976076555,209,1.0,SRC_MUNICIPAL_PRORRATEADA,SECCION,COMPLETO
337,19,NUEVO LEON,GENERAL ZUAZUA,,21,2654,530,210,0.39622641509433965,0.6037735849056604,MC,62,0.29523809523809524,13,0.06190476190476191,PRI,49,0.23333333333333334,15,0.07142857142857142,MORENA,34,0.1619047619047619,MC,62,0.29523809523809524,13,0.06190476190476191,PRI,49,0.23333333333333334,15,0.07142857142857142,MORENA,34,0.1619047619047619,29,0.1380952380952381,49,0.23333333333333334,2,0.009523809523809525,6,0.02857142857142857,14,0.06666666666666667,62,0.29523809523809524,34,0.1619047619047619,1,0.004761904761904762,1,0.004761904761904762,3,0.014285714285714285,2,0.009523809523809525,0,0.0,2,0.009523809523809525,0,0.0,1,0.004761904761904762,0,0.0,0,0.0,0,0.0,1,0.004761904761904762,0,0.0,0,0.0,0,0.0,0,0.0,0,0.0,3,0.014285714285714285,210,1.0,SRC_MUNICIPAL_PRORRATEADA,SECCION,COMPLETO
338,19,NUEVO LEON,GENERAL ZUAZUA,,21,2655,578,229,0.3961937716262976,0.6038062283737025,MC,95,0.4148471615720524,59,0.2576419213973799,PAN,36,0.1572052401746725,6,0.026200873362445413,PRI,30,0.13100436681222707,MC,95,0.4148471615720524,59,0.2576419213973799,PAN,36,0.1572052401746725,6,0.026200873362445413,PRI,30,0.13100436681222707,36,0.1572052401746725,30,0.13100436681222707,2,0.008733624454148471,7,0.03056768558951965,14,0.0611353711790393,95,0.4148471615720524,28,0.1222707423580786,1,0.004366812227074236,0,0.0,6,0.026200873362445413,1,0.004366812227074236,1,0.004366812227074236,0,0.0,0,0.0,0,0.0,0,0.0,0,0.0,0,0.0,0,0.0,0,0.0,3,0.013100436681222707,0,0.0,0,0.0,0,0.0,5,0.021834061135371178,229,1.0,SRC_MUNICIPAL_PRORRATEADA,SECCION,COMPLETO
339,19,NUEVO LEON,GENERAL ZUAZUA,,21,2659,823,326,0.39611178614823817,0.6038882138517618,MC,91,0.2791411042944785,10,0.03067484662576687,PRI,81,0.24846625766871167,34,0.10429447852760736,PAN,47,0.1441717791411043,MC,91,0.2791411042944785,10,0.03067484662576687,PRI,81,0.24846625766871167,34,0.10429447852760736,PAN,47,0.1441717791411043,47,0.1441717791411043,81,0.24846625766871167,3,0.009202453987730062,7,0.02147239263803681,28,0.08588957055214724,91,0.2791411042944785,32,0.09815950920245399,2,0.006134969325153374,2,0.006134969325153374,17,0.05214723926380368,1,0.003067484662576687,0,0.0,0,0.0,0,0.0,0,0.0,0,0.0,0,0.0,1,0.003067484662576687,0,0.0,0,0.0,0,0.0,0,0.0,0,0.0,0,0.0,14,0.04294478527607362,326,1.0,SRC_MUNICIPAL_PRORRATEADA,SECCION,COMPLETO
340,19,NUEVO LEON,GUADALUPE,,12,0,444661,238556,0.5364895954446196,0.4635104045553804,MC,94822,0.39748319052968695,37542,0.1573718539881621,PRI,57280,0.24011133654152483,13194,0.05530776840657959,PAN,44086,0.18480356813494525,MC,94822,0.39748319052968695,37542,0.1573718539881621,PRI,57280,0.24011133654152483,13194,0.05530776840657959,PAN,44086,0.18480356813494525,44086,0.18480356813494525,57280,0.24011133654152483,909,0.0038104260634819497,2190,0.009180234410369054,2192,0.009188618186086286,94822,0.39748319052968695,26621,0.1115922466842167,1264,0.005298546253290632,991,0.004154160867888462,615,0.002578011033048844,1644,0.006891463639564714,605,0.0025360921544626837,350,0.0014671607505156023,160,0.000670702057378561,42,0.00017605929006187226,83,0.0003479266922651285,44,0.0001844430657791043,56,0.00023474572008249636,143,0.0005994399637820889,32,0.0001341404114757122,179,0.0007503479266922651,18,7.545398145508811e-05,84,0.0003521185801237445,108,0.00045272388873052866,4038,0.016926843173091434,238556,1.0,SRC_MUNICIPAL_PRORRATEADA,SECCION,COMPLETO
341,19,NUEVO LEON,GUADALUPE,,12,527,583,313,0.5368782161234992,0.4631217838765008,MC,101,0.3226837060702875,2,0.006389776357827476,PRI,99,0.31629392971246006,45,0.14376996805111822,PAN,54,0.17252396166134185,MC,101,0.3226837060702875,2,0.006389776357827476,PRI,99,0.31629392971246006,45,0.14376996805111822,PAN,54,0.17252396166134185,54,0.17252396166134185,99,0.31629392971246006,1,0.003194888178913738,2,0.006389776357827476,3,0.009584664536741214,101,0.3226837060702875,33,0.10543130990415335,2,0.006389776357827476,3,0.009584664536741214,0,0.0,4,0.012779552715654952,2,0.006389776357827476,0,0.0,0,0.0,1,0.003194888178913738,0,0.0,0,0.0,0,0.0,1,0.003194888178913738,0,0.0,0,0.0,0,0.0,0,0.0,0,0.0,7,0.022364217252396165,313,1.0,SRC_MUNICIPAL_PRORRATEADA,SECCION,COMPLETO
342,19,NUEVO LEON,GUADALUPE,,12,528,747,401,0.536813922356091,0.46318607764390896,MC,157,0.3915211970074813,60,0.14962593516209477,PRI,97,0.24189526184538654,38,0.09476309226932668,MORENA,59,0.14713216957605985,MC,157,0.3915211970074813,60,0.14962593516209477,PRI,97,0.24189526184538654,38,0.09476309226932668,MORENA,59,0.14713216957605985,54,0.13466334164588528,97,0.24189526184538654,1,0.0024937655860349127,5,0.012468827930174564,5,0.012468827930174564,157,0.3915211970074813,59,0.14713216957605985,2,0.004987531172069825,1,0.0024937655860349127,2,0.004987531172069825,5,0.012468827930174564,0,0.0,1,0.0024937655860349127,0,0.0,0,0.0,0,0.0,0,0.0,0,0.0,2,0.004987531172069825,0,0.0,1,0.0024937655860349127,0,0.0,0,0.0,0,0.0,9,0.022443890274314215,401,1.0,SRC_MUNICIPAL_PRORRATEADA,SECCION,COMPLETO
343,19,NUEVO LEON,GUADALUPE,,12,559,475,255,0.5368421052631579,0.4631578947368421,MC,89,0.34901960784313724,27,0.10588235294117647,PRI,62,0.24313725490196078,6,0.023529411764705882,PAN,56,0.2196078431372549,MC,89,0.34901960784313724,27,0.10588235294117647,PRI,62,0.24313725490196078,6,0.023529411764705882,PAN,56,0.2196078431372549,56,0.2196078431372549,62,0.24313725490196078,1,0.00392156862745098,3,0.011764705882352941,1,0.00392156862745098,89,0.34901960784313724,30,0.11764705882352941,3,0.011764705882352941,1,0.00392156862745098,0,0.0,2,0.00784313725490196,1,0.00392156862745098,0,0.0,1,0.00392156862745098,0,0.0,0,0.0,0,0.0,0,0.0,0,0.0,0,0.0,0,0.0,0,0.0,0,0.0,0,0.0,5,0.0196078431372549,255,1.0,SRC_MUNICIPAL_PRORRATEADA,SECCION,COMPLETO
344,19,NUEVO LEON,GUADALUPE,,12,568,898,482,0.5367483296213809,0.46325167037861914,MC,197,0.4087136929460581,103,0.21369294605809128,PRI,94,0.1950207468879668,7,0.014522821576763486,PAN,87,0.18049792531120332,MC,197,0.4087136929460581,103,0.21369294605809128,PRI,94,0.1950207468879668,7,0.014522821576763486,PAN,87,0.18049792531120332,87,0.18049792531120332,94,0.1950207468879668,3,0.006224066390041493,9,0.01867219917012448,6,0.012448132780082987,197,0.4087136929460581,64,0.13278008298755187,1,0.002074688796680498,2,0.004149377593360996,0,0.0,3,0.006224066390041493,3,0.006224066390041493,2,0.004149377593360996,1,0.002074688796680498,1,0.002074688796680498,0,0.0,0,0.0,0,0.0,0,0.0,1,0.002074688796680498,2,0.004149377593360996,0,0.0,0,0.0,0,0.0,6,0.012448132780082987,482,1.0,SRC_MUNICIPAL_PRORRATEADA,SECCION,COMPLETO
345,19,NUEVO LEON,GUADALUPE,,12,569,511,274,0.5362035225048923,0.46379647749510766,MC,96,0.35036496350364965,25,0.09124087591240876,PRI,71,0.2591240875912409,23,0.08394160583941605,MORENA,48,0.17518248175182483,MC,96,0.35036496350364965,25,0.09124087591240876,PRI,71,0.2591240875912409,23,0.08394160583941605,MORENA,48,0.17518248175182483,37,0.13503649635036497,71,0.2591240875912409,1,0.0036496350364963502,1,0.0036496350364963502,4,0.014598540145985401,96,0.35036496350364965,48,0.17518248175182483,3,0.010948905109489052,1,0.0036496350364963502,0,0.0,5,0.01824817518248175,1,0.0036496350364963502,0,0.0,0,0.0,1,0.0036496350364963502,0,0.0,0,0.0,0,0.0,0,0.0,0,0.0,0,0.0,0,0.0,0,0.0,0,0.0,5,0.01824817518248175,274,1.0,SRC_MUNICIPAL_PRORRATEADA,SECCION,COMPLETO
346,19,NUEVO LEON,GUADALUPE,,12,575,544,292,0.5367647058823529,0.4632352941176471,MC,103,0.3527397260273973,18,0.06164383561643835,PRI,85,0.2910958904109589,31,0.10616438356164383,PAN,54,0.18493150684931506,MC,103,0.3527397260273973,18,0.06164383561643835,PRI,85,0.2910958904109589,31,0.10616438356164383,PAN,54,0.18493150684931506,54,0.18493150684931506,85,0.2910958904109589,1,0.003424657534246575,2,0.00684931506849315,1,0.003424657534246575,103,0.3527397260273973,34,0.11643835616438356,1,0.003424657534246575,1,0.003424657534246575,0,0.0,2,0.00684931506849315,0,0.0,0,0.0,1,0.003424657534246575,0,0.0,0,0.0,0,0.0,0,0.0,0,0.0,0,0.0,0,0.0,0,0.0,1,0.003424657534246575,0,0.0,6,0.02054794520547945,292,1.0,SRC_MUNICIPAL_PRORRATEADA,SECCION,COMPLETO
347,19,NUEVO LEON,GUADALUPE,,12,583,692,371,0.5361271676300579,0.46387283236994215,MC,137,0.3692722371967655,29,0.07816711590296496,PRI,108,0.29110512129380056,49,0.1320754716981132,PAN,59,0.15902964959568733,MC,137,0.3692722371967655,29,0.07816711590296496,PRI,108,0.29110512129380056,49,0.1320754716981132,PAN,59,0.15902964959568733,59,0.15902964959568733,108,0.29110512129380056,1,0.0026954177897574125,2,0.005390835579514825,9,0.02425876010781671,137,0.3692722371967655,38,0.10242587601078167,1,0.0026954177897574125,0,0.0,2,0.005390835579514825,5,0.013477088948787063,0,0.0,0,0.0,0,0.0,0,0.0,0,0.0,0,0.0,0,0.0,1,0.0026954177897574125,0,0.0,1,0.0026954177897574125,0,0.0,0,0.0,1,0.0026954177897574125,6,0.016172506738544475,371,1.0,SRC_MUNICIPAL_PRORRATEADA,SECCION,COMPLETO
348,19,NUEVO LEON,GUADALUPE,,12,584,662,355,0.5362537764350453,0.46374622356495465,MC,142,0.4,52,0.14647887323943662,PRI,90,0.2535211267605634,25,0.07042253521126761,PAN,65,0.18309859154929578,MC,142,0.4,52,0.14647887323943662,PRI,90,0.2535211267605634,25,0.07042253521126761,PAN,65,0.18309859154929578,65,0.18309859154929578,90,0.2535211267605634,0,0.0,5,0.014084507042253521,5,0.014084507042253521,142,0.4,35,0.09859154929577464,2,0.005633802816901409,2,0.005633802816901409,1,0.0028169014084507044,1,0.0028169014084507044,1,0.0028169014084507044,0,0.0,1,0.0028169014084507044,0,0.0,0,0.0,0,0.0,0,0.0,1,0.0028169014084507044,0,0.0,1,0.0028169014084507044,0,0.0,0,0.0,0,0.0,3,0.008450704225352112,355,1.0,SRC_MUNICIPAL_PRORRATEADA,SECCION,COMPLETO
349,19,NUEVO LEON,GUADALUPE,,12,586,390,209,0.5358974358974359,0.4641025641025641,PRI,77,0.3684210526315789,26,0.12440191387559808,PAN,51,0.24401913875598086,2,0.009569377990430622,MORENA,49,0.23444976076555024,PRI,77,0.3684210526315789,26,0.12440191387559808,PAN,51,0.24401913875598086,2,0.009569377990430622,MORENA,49,0.23444976076555024,51,0.24401913875598086,77,0.3684210526315789,3,0.014354066985645933,3,0.014354066985645933,5,0.023923444976076555,3,0.014354066985645933,49,0.23444976076555024,2,0.009569377990430622,1,0.004784688995215311,0,0.0,6,0.028708133971291867,1,0.004784688995215311,2,0.009569377990430622,1,0.004784688995215311,0,0.0,0,0.0,0,0.0,0,0.0,0,0.0,0,0.0,0,0.0,0,0.0,0,0.0,2,0.009569377990430622,3,0.014354066985645933,209,1.0,SRC_MUNICIPAL_PRORRATEADA,SECCION,COMPLETO
350,19,NUEVO LEON,GUADALUPE,,12,587,539,289,0.536178107606679,0.46382189239332094,MC,100,0.3460207612456747,31,0.10726643598615918,PRI,69,0.23875432525951557,6,0.020761245674740483,PAN,63,0.2179930795847751,MC,100,0.3460207612456747,31,0.10726643598615918,PRI,69,0.23875432525951557,6,0.020761245674740483,PAN,63,0.2179930795847751,63,0.2179930795847751,69,0.23875432525951557,1,0.0034602076124567475,2,0.006920415224913495,3,0.010380622837370242,100,0.3460207612456747,43,0.14878892733564014,1,0.0034602076124567475,0,0.0,0,0.0,0,0.0,1,0.0034602076124567475,0,0.0,0,0.0,0,0.0,0,0.0,0,0.0,0,0.0,0,0.0,0,0.0,0,0.0,0,0.0,0,0.0,0,0.0,6,0.020761245674740483,289,1.0,SRC_MUNICIPAL_PRORRATEADA,SECCION,COMPLETO
351,19,NUEVO LEON,GUADALUPE,,12,724,667,358,0.5367316341829086,0.4632683658170914,MC,169,0.4720670391061452,91,0.2541899441340782,PRI,78,0.21787709497206703,18,0.05027932960893855,PAN,60,0.16759776536312848,MC,169,0.4720670391061452,91,0.2541899441340782,PRI,78,0.21787709497206703,18,0.05027932960893855,PAN,60,0.16759776536312848,60,0.16759776536312848,78,0.21787709497206703,0,0.0,6,0.01675977653631285,4,0.0111731843575419,169,0.4720670391061452,30,0.08379888268156424,0,0.0,0,0.0,1,0.002793296089385475,1,0.002793296089385475,1,0.002793296089385475,1,0.002793296089385475,2,0.00558659217877095,0,0.0,0,0.0,0,0.0,0,0.0,0,0.0,0,0.0,0,0.0,0,0.0,1,0.002793296089385475,1,0.002793296089385475,3,0.008379888268156424,358,1.0,SRC_MUNICIPAL_PRORRATEADA,SECCION,COMPLETO
352,19,NUEVO LEON,GUADALUPE,,12,726,576,309,0.5364583333333334,0.46354166666666663,MC,126,0.4077669902912621,69,0.22330097087378642,PRI,57,0.18446601941747573,2,0.006472491909385114,MORENA,55,0.1779935275080906,MC,126,0.4077669902912621,69,0.22330097087378642,PRI,57,0.18446601941747573,2,0.006472491909385114,MORENA,55,0.1779935275080906,50,0.16181229773462782,57,0.18446601941747573,2,0.006472491909385114,0,0.0,4,0.012944983818770227,126,0.4077669902912621,55,0.1779935275080906,2,0.006472491909385114,0,0.0,0,0.0,2,0.006472491909385114,0,0.0,1,0.003236245954692557,0,0.0,0,0.0,0,0.0,0,0.0,0,0.0,1,0.003236245954692557,1,0.003236245954692557,0,0.0,0,0.0,0,0.0,0,0.0,8,0.025889967637540454,309,1.0,SRC_MUNICIPAL_PRORRATEADA,SECCION,COMPLETO
353,19,NUEVO LEON,GUADALUPE,,12,730,481,258,0.5363825363825364,0.4636174636174636,MC,100,0.3875968992248062,49,0.18992248062015504,PRI,51,0.19767441860465115,5,0.01937984496124031,MORENA,46,0.17829457364341086,MC,100,0.3875968992248062,49,0.18992248062015504,PRI,51,0.19767441860465115,5,0.01937984496124031,MORENA,46,0.17829457364341086,40,0.15503875968992248,51,0.19767441860465115,3,0.011627906976744186,1,0.003875968992248062,2,0.007751937984496124,100,0.3875968992248062,46,0.17829457364341086,1,0.003875968992248062,4,0.015503875968992248,0,0.0,1,0.003875968992248062,0,0.0,1,0.003875968992248062,1,0.003875968992248062,1,0.003875968992248062,0,0.0,0,0.0,0,0.0,0,0.0,0,0.0,1,0.003875968992248062,0,0.0,0,0.0,0,0.0,5,0.01937984496124031,258,1.0,SRC_MUNICIPAL_PRORRATEADA,SECCION,COMPLETO
354,19,NUEVO LEON,GUADALUPE,,12,758,675,362,0.5362962962962963,0.46370370370370373,MC,137,0.3784530386740331,51,0.1408839779005525,PRI,86,0.23756906077348067,19,0.052486187845303865,MORENA,67,0.1850828729281768,MC,137,0.3784530386740331,51,0.1408839779005525,PRI,86,0.23756906077348067,19,0.052486187845303865,MORENA,67,0.1850828729281768,47,0.1298342541436464,86,0.23756906077348067,3,0.008287292817679558,0,0.0,5,0.013812154696132596,137,0.3784530386740331,67,0.1850828729281768,2,0.0055248618784530384,1,0.0027624309392265192,1,0.0027624309392265192,1,0.0027624309392265192,2,0.0055248618784530384,0,0.0,2,0.0055248618784530384,0,0.0,0,0.0,0,0.0,0,0.0,1,0.0027624309392265192,0,0.0,0,0.0,0,0.0,0,0.0,0,0.0,7,0.019337016574585635,362,1.0,SRC_MUNICIPAL_PRORRATEADA,SECCION,COMPLETO
355,19,NUEVO LEON,GUADALUPE,,12,760,608,326,0.5361842105263158,0.4638157894736842,MC,140,0.4294478527607362,60,0.18404907975460122,PRI,80,0.24539877300613497,19,0.05828220858895705,PAN,61,0.18711656441717792,MC,140,0.4294478527607362,60,0.18404907975460122,PRI,80,0.24539877300613497,19,0.05828220858895705,PAN,61,0.18711656441717792,61,0.18711656441717792,80,0.24539877300613497,2,0.006134969325153374,0,0.0,2,0.006134969325153374,140,0.4294478527607362,24,0.0736196319018405,4,0.012269938650306749,0,0.0,0,0.0,2,0.006134969325153374,0,0.0,2,0.006134969325153374,0,0.0,0,0.0,0,0.0,0,0.0,0,0.0,0,0.0,0,0.0,0,0.0,0,0.0,1,0.003067484662576687,0,0.0,8,0.024539877300613498,326,1.0,SRC_MUNICIPAL_PRORRATEADA,SECCION,COMPLETO
356,19,NUEVO LEON,GUADALUPE,,12,761,466,250,0.5364806866952789,0.46351931330472107,MC,85,0.34,4,0.016,PRI,81,0.324,50,0.2,PAN,31,0.124,MC,85,0.34,4,0.016,PRI,81,0.324,50,0.2,PAN,31,0.124,31,0.124,81,0.324,0,0.0,0,0.0,3,0.012,85,0.34,30,0.12,1,0.004,4,0.016,1,0.004,2,0.008,0,0.0,1,0.004,0,0.0,0,0.0,0,0.0,0,0.0,0,0.0,0,0.0,0,0.0,1,0.004,0,0.0,0,0.0,0,0.0,10,0.04,250,1.0,SRC_MUNICIPAL_PRORRATEADA,SECCION,COMPLETO
357,19,NUEVO LEON,GUADALUPE,,12,762,490,263,0.536734693877551,0.463265306122449,MC,97,0.3688212927756654,44,0.16730038022813687,MORENA,53,0.20152091254752852,6,0.022813688212927757,PRI,47,0.17870722433460076,MC,97,0.3688212927756654,44,0.16730038022813687,MORENA,53,0.20152091254752852,6,0.022813688212927757,PRI,47,0.17870722433460076,35,0.13307984790874525,47,0.17870722433460076,1,0.0038022813688212928,2,0.0076045627376425855,6,0.022813688212927757,97,0.3688212927756654,53,0.20152091254752852,2,0.0076045627376425855,3,0.011406844106463879,0,0.0,4,0.015209125475285171,1,0.0038022813688212928,1,0.0038022813688212928,0,0.0,0,0.0,1,0.0038022813688212928,0,0.0,0,0.0,0,0.0,0,0.0,0,0.0,0,0.0,1,0.0038022813688212928,0,0.0,9,0.034220532319391636,263,1.0,SRC_MUNICIPAL_PRORRATEADA,SECCION,COMPLETO
358,19,NUEVO LEON,GUADALUPE,,12,767,1182,634,0.5363790186125211,0.46362098138747887,PRI,225,0.3548895899053628,39,0.061514195583596214,MC,186,0.29337539432176657,97,0.1529968454258675,PAN,89,0.14037854889589904,PRI,225,0.3548895899053628,39,0.061514195583596214,MC,186,0.29337539432176657,97,0.1529968454258675,PAN,89,0.14037854889589904,89,0.14037854889589904,225,0.3548895899053628,3,0.00473186119873817,4,0.006309148264984227,10,0.015772870662460567,186,0.29337539432176657,79,0.12460567823343849,6,0.00946372239747634,3,0.00473186119873817,0,0.0,3,0.00473186119873817,2,0.0031545741324921135,1,0.0015772870662460567,1,0.0015772870662460567,0,0.0,0,0.0,0,0.0,0,0.0,1,0.0015772870662460567,0,0.0,1,0.0015772870662460567,0,0.0,0,0.0,0,0.0,20,0.031545741324921134,634,1.0,SRC_MUNICIPAL_PRORRATEADA,SECCION,COMPLETO
359,19,NUEVO LEON,GUADALUPE,,12,770,475,255,0.5368421052631579,0.4631578947368421,PRI,90,0.35294117647058826,7,0.027450980392156862,MC,83,0.3254901960784314,53,0.20784313725490197,MORENA,30,0.11764705882352941,PRI,90,0.35294117647058826,7,0.027450980392156862,MC,83,0.3254901960784314,53,0.20784313725490197,MORENA,30,0.11764705882352941,26,0.10196078431372549,90,0.35294117647058826,0,0.0,2,0.00784313725490196,3,0.011764705882352941,83,0.3254901960784314,30,0.11764705882352941,0,0.0,3,0.011764705882352941,1,0.00392156862745098,1,0.00392156862745098,2,0.00784313725490196,1,0.00392156862745098,0,0.0,0,0.0,0,0.0,0,0.0,0,0.0,0,0.0,0,0.0,1,0.00392156862745098,0,0.0,0,0.0,0,0.0,12,0.047058823529411764,255,1.0,SRC_MUNICIPAL_PRORRATEADA,SECCION,COMPLETO
360,19,NUEVO LEON,GUADALUPE,,12,780,520,279,0.5365384615384615,0.4634615384615385,PRI,89,0.31899641577060933,5,0.017921146953405017,MC,84,0.3010752688172043,41,0.14695340501792115,PAN,43,0.15412186379928317,PRI,89,0.31899641577060933,5,0.017921146953405017,MC,84,0.3010752688172043,41,0.14695340501792115,PAN,43,0.15412186379928317,43,0.15412186379928317,89,0.31899641577060933,4,0.014336917562724014,8,0.02867383512544803,3,0.010752688172043012,84,0.3010752688172043,32,0.11469534050179211,3,0.010752688172043012,2,0.007168458781362007,1,0.0035842293906810036,0,0.0,0,0.0,0,0.0,0,0.0,0,0.0,0,0.0,0,0.0,0,0.0,0,0.0,0,0.0,2,0.007168458781362007,0,0.0,0,0.0,1,0.0035842293906810036,7,0.025089605734767026,279,1.0,SRC_MUNICIPAL_PRORRATEADA,SECCION,COMPLETO
361,19,NUEVO LEON,GUADALUPE,,12,783,509,273,0.5363457760314342,0.4636542239685658,MC,82,0.30036630036630035,6,0.02197802197802198,PRI,76,0.2783882783882784,32,0.11721611721611722,PAN,44,0.16117216117216118,MC,82,0.30036630036630035,6,0.02197802197802198,PRI,76,0.2783882783882784,32,0.11721611721611722,PAN,44,0.16117216117216118,44,0.16117216117216118,76,0.2783882783882784,3,0.01098901098901099,1,0.003663003663003663,6,0.02197802197802198,82,0.30036630036630035,38,0.1391941391941392,1,0.003663003663003663,2,0.007326007326007326,2,0.007326007326007326,1,0.003663003663003663,2,0.007326007326007326,1,0.003663003663003663,2,0.007326007326007326,0,0.0,1,0.003663003663003663,0,0.0,0,0.0,0,0.0,0,0.0,1,0.003663003663003663,0,0.0,0,0.0,0,0.0,10,0.03663003663003663,273,1.0,SRC_MUNICIPAL_PRORRATEADA,SECCION,COMPLETO
362,19,NUEVO LEON,GUADALUPE,,12,785,470,252,0.5361702127659574,0.46382978723404256,MC,115,0.45634920634920634,69,0.27380952380952384,PAN,46,0.18253968253968253,4,0.015873015873015872,PRI,42,0.16666666666666666,MC,115,0.45634920634920634,69,0.27380952380952384,PAN,46,0.18253968253968253,4,0.015873015873015872,PRI,42,0.16666666666666666,46,0.18253968253968253,42,0.16666666666666666,0,0.0,0,0.0,6,0.023809523809523808,115,0.45634920634920634,27,0.10714285714285714,3,0.011904761904761904,1,0.003968253968253968,3,0.011904761904761904,2,0.007936507936507936,0,0.0,0,0.0,0,0.0,0,0.0,0,0.0,0,0.0,1,0.003968253968253968,0,0.0,1,0.003968253968253968,0,0.0,0,0.0,0,0.0,0,0.0,5,0.01984126984126984,252,1.0,SRC_MUNICIPAL_PRORRATEADA,SECCION,COMPLETO
363,19,NUEVO LEON,GUADALUPE,,12,786,611,328,0.5368248772504092,0.46317512274959083,PRI,111,0.3384146341463415,2,0.006097560975609756,MC,109,0.3323170731707317,63,0.19207317073170732,PAN,46,0.1402439024390244,PRI,111,0.3384146341463415,2,0.006097560975609756,MC,109,0.3323170731707317,63,0.19207317073170732,PAN,46,0.1402439024390244,46,0.1402439024390244,111,0.3384146341463415,3,0.009146341463414634,6,0.018292682926829267,5,0.01524390243902439,109,0.3323170731707317,33,0.10060975609756098,0,0.0,1,0.003048780487804878,2,0.006097560975609756,2,0.006097560975609756,1,0.003048780487804878,0,0.0,0,0.0,0,0.0,0,0.0,0,0.0,0,0.0,0,0.0,0,0.0,1,0.003048780487804878,0,0.0,0,0.0,1,0.003048780487804878,7,0.021341463414634148,328,1.0,SRC_MUNICIPAL_PRORRATEADA,SECCION,COMPLETO
364,19,NUEVO LEON,GUADALUPE,,12,789,455,244,0.5362637362637362,0.46373626373626375,PRI,112,0.45901639344262296,53,0.21721311475409835,MC,59,0.24180327868852458,37,0.15163934426229508,MORENA,22,0.09016393442622951,PRI,112,0.45901639344262296,53,0.21721311475409835,MC,59,0.24180327868852458,37,0.15163934426229508,MORENA,22,0.09016393442622951,21,0.0860655737704918,112,0.45901639344262296,3,0.012295081967213115,4,0.01639344262295082,6,0.02459016393442623,59,0.24180327868852458,22,0.09016393442622951,3,0.012295081967213115,2,0.00819672131147541,0,0.0,1,0.004098360655737705,0,0.0,0,0.0,0,0.0,0,0.0,0,0.0,0,0.0,0,0.0,0,0.0,0,0.0,1,0.004098360655737705,0,0.0,0,0.0,0,0.0,10,0.040983606557377046,244,1.0,SRC_MUNICIPAL_PRORRATEADA,SECCION,COMPLETO
365,19,NUEVO LEON,GUADALUPE,,12,790,925,496,0.5362162162162162,0.4637837837837838,PRI,192,0.3870967741935484,35,0.07056451612903226,MC,157,0.3165322580645161,93,0.1875,MORENA,64,0.12903225806451613,PRI,192,0.3870967741935484,35,0.07056451612903226,MC,157,0.3165322580645161,93,0.1875,MORENA,64,0.12903225806451613,42,0.0846774193548387,192,0.3870967741935484,2,0.004032258064516129,5,0.010080645161290322,6,0.012096774193548387,157,0.3165322580645161,64,0.12903225806451613,2,0.004032258064516129,2,0.004032258064516129,0,0.0,3,0.006048387096774193,2,0.004032258064516129,2,0.004032258064516129,0,0.0,0,0.0,0,0.0,0,0.0,0,0.0,0,0.0,0,0.0,0,0.0,0,0.0,1,0.0020161290322580645,1,0.0020161290322580645,15,0.03024193548387097,496,1.0,SRC_MUNICIPAL_PRORRATEADA,SECCION,COMPLETO
366,19,NUEVO LEON,GUADALUPE,,12,791,1717,921,0.5364006988934188,0.4635993011065812,PRI,309,0.3355048859934853,8,0.008686210640608035,MC,301,0.3268186753528773,188,0.20412595005428882,MORENA,113,0.12269272529858849,PRI,309,0.3355048859934853,8,0.008686210640608035,MC,301,0.3268186753528773,188,0.20412595005428882,MORENA,113,0.12269272529858849,103,0.11183496199782844,309,0.3355048859934853,4,0.004343105320304018,17,0.018458197611292075,17,0.018458197611292075,301,0.3268186753528773,113,0.12269272529858849,6,0.006514657980456026,1,0.0010857763300760044,2,0.002171552660152009,5,0.0054288816503800215,4,0.004343105320304018,1,0.0010857763300760044,0,0.0,0,0.0,2,0.002171552660152009,0,0.0,0,0.0,1,0.0010857763300760044,0,0.0,2,0.002171552660152009,0,0.0,2,0.002171552660152009,0,0.0,31,0.033659066232356136,921,1.0,SRC_MUNICIPAL_PRORRATEADA,SECCION,COMPLETO
367,19,NUEVO LEON,GUADALUPE,,13,707,501,269,0.5369261477045908,0.4630738522954092,MC,82,0.3048327137546468,1,0.0037174721189591076,PRI,81,0.30111524163568776,33,0.12267657992565056,MORENA,48,0.17843866171003717,MC,82,0.3048327137546468,1,0.0037174721189591076,PRI,81,0.30111524163568776,33,0.12267657992565056,MORENA,48,0.17843866171003717,32,0.11895910780669144,81,0.30111524163568776,2,0.007434944237918215,5,0.01858736059479554,3,0.011152416356877323,82,0.3048327137546468,48,0.17843866171003717,4,0.01486988847583643,1,0.0037174721189591076,3,0.011152416356877323,0,0.0,1,0.0037174721189591076,1,0.0037174721189591076,0,0.0,0,0.0,0,0.0,0,0.0,0,0.0,0,0.0,0,0.0,0,0.0,0,0.0,0,0.0,0,0.0,6,0.022304832713754646,269,1.0,SRC_MUNICIPAL_PRORRATEADA,SECCION,COMPLETO
368,19,NUEVO LEON,GUADALUPE,,13,708,490,263,0.536734693877551,0.463265306122449,MC,103,0.3916349809885932,41,0.155893536121673,PRI,62,0.23574144486692014,19,0.07224334600760456,MORENA,43,0.1634980988593156,MC,103,0.3916349809885932,41,0.155893536121673,PRI,62,0.23574144486692014,19,0.07224334600760456,MORENA,43,0.1634980988593156,40,0.1520912547528517,62,0.23574144486692014,0,0.0,3,0.011406844106463879,1,0.0038022813688212928,103,0.3916349809885932,43,0.1634980988593156,4,0.015209125475285171,1,0.0038022813688212928,0,0.0,0,0.0,0,0.0,0,0.0,0,0.0,0,0.0,0,0.0,0,0.0,0,0.0,0,0.0,0,0.0,0,0.0,0,0.0,0,0.0,0,0.0,6,0.022813688212927757,263,1.0,SRC_MUNICIPAL_PRORRATEADA,SECCION,COMPLETO
369,19,NUEVO LEON,GUADALUPE,,13,709,472,253,0.5360169491525424,0.4639830508474576,MC,84,0.33201581027667987,1,0.003952569169960474,PRI,83,0.32806324110671936,50,0.1976284584980237,PAN,33,0.13043478260869565,MC,84,0.33201581027667987,1,0.003952569169960474,PRI,83,0.32806324110671936,50,0.1976284584980237,PAN,33,0.13043478260869565,33,0.13043478260869565,83,0.32806324110671936,1,0.003952569169960474,3,0.011857707509881422,3,0.011857707509881422,84,0.33201581027667987,31,0.1225296442687747,1,0.003952569169960474,1,0.003952569169960474,0,0.0,1,0.003952569169960474,0,0.0,1,0.003952569169960474,0,0.0,1,0.003952569169960474,0,0.0,0,0.0,0,0.0,0,0.0,0,0.0,0,0.0,0,0.0,0,0.0,0,0.0,10,0.039525691699604744,253,1.0,SRC_MUNICIPAL_PRORRATEADA,SECCION,COMPLETO
370,19,NUEVO LEON,GUADALUPE,,13,710,1158,621,0.5362694300518135,0.4637305699481865,MC,252,0.4057971014492754,107,0.1723027375201288,PRI,145,0.23349436392914655,19,0.030595813204508857,PAN,126,0.2028985507246377,MC,252,0.4057971014492754,107,0.1723027375201288,PRI,145,0.23349436392914655,19,0.030595813204508857,PAN,126,0.2028985507246377,126,0.2028985507246377,145,0.23349436392914655,2,0.00322061191626409,4,0.00644122383252818,9,0.014492753623188406,252,0.4057971014492754,69,0.1111111111111111,1,0.001610305958132045,0,0.0,1,0.001610305958132045,4,0.00644122383252818,0,0.0,0,0.0,0,0.0,0,0.0,0,0.0,0,0.0,0,0.0,0,0.0,0,0.0,0,0.0,0,0.0,0,0.0,0,0.0,8,0.01288244766505636,621,1.0,SRC_MUNICIPAL_PRORRATEADA,SECCION,COMPLETO
371,19,NUEVO LEON,GUADALUPE,,13,713,505,271,0.5366336633663367,0.46336633663366333,MC,76,0.28044280442804426,5,0.01845018450184502,PRI,71,0.26199261992619927,15,0.055350553505535055,PAN,56,0.2066420664206642,MC,76,0.28044280442804426,5,0.01845018450184502,PRI,71,0.26199261992619927,15,0.055350553505535055,PAN,56,0.2066420664206642,56,0.2066420664206642,71,0.26199261992619927,1,0.0036900369003690036,4,0.014760147601476014,5,0.01845018450184502,76,0.28044280442804426,35,0.12915129151291513,2,0.007380073800738007,0,0.0,1,0.0036900369003690036,4,0.014760147601476014,2,0.007380073800738007,0,0.0,0,0.0,0,0.0,0,0.0,0,0.0,1,0.0036900369003690036,0,0.0,0,0.0,0,0.0,0,0.0,2,0.007380073800738007,0,0.0,11,0.04059040590405904,271,1.0,SRC_MUNICIPAL_PRORRATEADA,SECCION,COMPLETO
372,19,NUEVO LEON,GUADALUPE,,13,717,473,254,0.5369978858350951,0.4630021141649049,MC,105,0.41338582677165353,51,0.20078740157480315,PAN,54,0.2125984251968504,16,0.06299212598425197,PRI,38,0.14960629921259844,MC,105,0.41338582677165353,51,0.20078740157480315,PAN,54,0.2125984251968504,16,0.06299212598425197,PRI,38,0.14960629921259844,54,0.2125984251968504,38,0.14960629921259844,0,0.0,4,0.015748031496062992,5,0.01968503937007874,105,0.41338582677165353,35,0.1377952755905512,2,0.007874015748031496,2,0.007874015748031496,2,0.007874015748031496,4,0.015748031496062992,1,0.003937007874015748,2,0.007874015748031496,0,0.0,0,0.0,0,0.0,0,0.0,0,0.0,0,0.0,0,0.0,0,0.0,0,0.0,0,0.0,0,0.0,0,0.0,254,1.0,SRC_MUNICIPAL_PRORRATEADA,SECCION,COMPLETO
373,19,NUEVO LEON,GUADALUPE,,13,733,438,235,0.5365296803652968,0.4634703196347032,MC,81,0.3446808510638298,16,0.06808510638297872,PRI,65,0.2765957446808511,28,0.11914893617021277,PAN,37,0.1574468085106383,MC,81,0.3446808510638298,16,0.06808510638297872,PRI,65,0.2765957446808511,28,0.11914893617021277,PAN,37,0.1574468085106383,37,0.1574468085106383,65,0.2765957446808511,0,0.0,4,0.01702127659574468,5,0.02127659574468085,81,0.3446808510638298,28,0.11914893617021277,1,0.00425531914893617,3,0.01276595744680851,1,0.00425531914893617,2,0.00851063829787234,0,0.0,0,0.0,0,0.0,0,0.0,0,0.0,0,0.0,0,0.0,0,0.0,0,0.0,0,0.0,0,0.0,0,0.0,0,0.0,8,0.03404255319148936,235,1.0,SRC_MUNICIPAL_PRORRATEADA,SECCION,COMPLETO
374,19,NUEVO LEON,GUADALUPE,,13,737,563,302,0.5364120781527532,0.46358792184724684,MC,116,0.3841059602649007,45,0.1490066225165563,PRI,71,0.23509933774834438,24,0.07947019867549669,PAN,47,0.15562913907284767,MC,116,0.3841059602649007,45,0.1490066225165563,PRI,71,0.23509933774834438,24,0.07947019867549669,PAN,47,0.15562913907284767,47,0.15562913907284767,71,0.23509933774834438,2,0.006622516556291391,2,0.006622516556291391,2,0.006622516556291391,116,0.3841059602649007,40,0.13245033112582782,3,0.009933774834437087,2,0.006622516556291391,2,0.006622516556291391,2,0.006622516556291391,1,0.0033112582781456954,3,0.009933774834437087,0,0.0,0,0.0,0,0.0,0,0.0,0,0.0,0,0.0,0,0.0,0,0.0,0,0.0,0,0.0,0,0.0,9,0.029801324503311258,302,1.0,SRC_MUNICIPAL_PRORRATEADA,SECCION,COMPLETO
375,19,NUEVO LEON,GUADALUPE,,13,739,2116,1135,0.5363894139886578,0.4636105860113422,MC,508,0.44757709251101324,293,0.2581497797356828,PAN,215,0.1894273127753304,2,0.001762114537444934,PRI,213,0.18766519823788547,MC,508,0.44757709251101324,293,0.2581497797356828,PAN,215,0.1894273127753304,2,0.001762114537444934,PRI,213,0.18766519823788547,215,0.1894273127753304,213,0.18766519823788547,3,0.0026431718061674008,8,0.007048458149779736,4,0.003524229074889868,508,0.44757709251101324,145,0.1277533039647577,3,0.0026431718061674008,9,0.007929515418502203,4,0.003524229074889868,6,0.0052863436123348016,1,0.000881057268722467,1,0.000881057268722467,1,0.000881057268722467,0,0.0,0,0.0,0,0.0,0,0.0,0,0.0,0,0.0,0,0.0,0,0.0,0,0.0,2,0.001762114537444934,12,0.010572687224669603,1135,1.0,SRC_MUNICIPAL_PRORRATEADA,SECCION,COMPLETO
376,19,NUEVO LEON,GUADALUPE,,13,742,1998,1072,0.5365365365365365,0.46346346346346345,MC,433,0.4039179104477612,158,0.14738805970149255,PRI,275,0.25652985074626866,117,0.10914179104477612,PAN,158,0.14738805970149255,MC,433,0.4039179104477612,158,0.14738805970149255,PRI,275,0.25652985074626866,117,0.10914179104477612,PAN,158,0.14738805970149255,158,0.14738805970149255,275,0.25652985074626866,10,0.009328358208955223,13,0.012126865671641791,18,0.016791044776119403,433,0.4039179104477612,130,0.12126865671641791,10,0.009328358208955223,4,0.0037313432835820895,4,0.0037313432835820895,8,0.007462686567164179,2,0.0018656716417910447,1,0.0009328358208955224,0,0.0,0,0.0,1,0.0009328358208955224,0,0.0,0,0.0,0,0.0,0,0.0,0,0.0,0,0.0,0,0.0,0,0.0,5,0.0046641791044776115,1072,1.0,SRC_MUNICIPAL_PRORRATEADA,SECCION,COMPLETO
377,19,NUEVO LEON,GUADALUPE,,13,743,537,288,0.5363128491620112,0.46368715083798884,MC,121,0.4201388888888889,45,0.15625,PRI,76,0.2638888888888889,34,0.11805555555555555,PAN,42,0.14583333333333334,MC,121,0.4201388888888889,45,0.15625,PRI,76,0.2638888888888889,34,0.11805555555555555,PAN,42,0.14583333333333334,42,0.14583333333333334,76,0.2638888888888889,1,0.003472222222222222,3,0.010416666666666666,2,0.006944444444444444,121,0.4201388888888889,32,0.1111111111111111,0,0.0,1,0.003472222222222222,0,0.0,3,0.010416666666666666,1,0.003472222222222222,2,0.006944444444444444,0,0.0,0,0.0,0,0.0,0,0.0,0,0.0,0,0.0,0,0.0,0,0.0,0,0.0,0,0.0,0,0.0,4,0.013888888888888888,288,1.0,SRC_MUNICIPAL_PRORRATEADA,SECCION,COMPLETO
378,19,NUEVO LEON,GUADALUPE,,13,744,1366,733,0.5366032210834554,0.4633967789165446,MC,269,0.3669849931787176,66,0.09004092769440655,PRI,203,0.27694406548431105,52,0.07094133697135062,PAN,151,0.20600272851296045,MC,269,0.3669849931787176,66,0.09004092769440655,PRI,203,0.27694406548431105,52,0.07094133697135062,PAN,151,0.20600272851296045,151,0.20600272851296045,203,0.27694406548431105,3,0.004092769440654843,10,0.013642564802182811,6,0.008185538881309686,269,0.3669849931787176,72,0.09822646657571624,2,0.002728512960436562,2,0.002728512960436562,1,0.001364256480218281,4,0.005457025920873124,2,0.002728512960436562,1,0.001364256480218281,0,0.0,0,0.0,0,0.0,0,0.0,0,0.0,1,0.001364256480218281,0,0.0,1,0.001364256480218281,0,0.0,0,0.0,0,0.0,5,0.0068212824010914054,733,1.0,SRC_MUNICIPAL_PRORRATEADA,SECCION,COMPLETO
379,19,NUEVO LEON,GUADALUPE,,13,747,639,343,0.5367762128325508,0.46322378716744916,MC,135,0.3935860058309038,47,0.13702623906705538,PRI,88,0.2565597667638484,32,0.09329446064139942,PAN,56,0.16326530612244897,MC,135,0.3935860058309038,47,0.13702623906705538,PRI,88,0.2565597667638484,32,0.09329446064139942,PAN,56,0.16326530612244897,56,0.16326530612244897,88,0.2565597667638484,0,0.0,1,0.0029154518950437317,3,0.008746355685131196,135,0.3935860058309038,40,0.11661807580174927,3,0.008746355685131196,4,0.011661807580174927,0,0.0,4,0.011661807580174927,1,0.0029154518950437317,1,0.0029154518950437317,0,0.0,0,0.0,0,0.0,0,0.0,0,0.0,0,0.0,0,0.0,2,0.0058309037900874635,0,0.0,0,0.0,0,0.0,5,0.014577259475218658,343,1.0,SRC_MUNICIPAL_PRORRATEADA,SECCION,COMPLETO
380,19,NUEVO LEON,GUADALUPE,,13,748,589,316,0.5365025466893039,0.46349745331069614,MC,143,0.4525316455696203,72,0.22784810126582278,PRI,71,0.22468354430379747,23,0.07278481012658228,PAN,48,0.1518987341772152,MC,143,0.4525316455696203,72,0.22784810126582278,PRI,71,0.22468354430379747,23,0.07278481012658228,PAN,48,0.1518987341772152,48,0.1518987341772152,71,0.22468354430379747,2,0.006329113924050633,2,0.006329113924050633,2,0.006329113924050633,143,0.4525316455696203,35,0.11075949367088607,1,0.0031645569620253164,3,0.00949367088607595,2,0.006329113924050633,2,0.006329113924050633,0,0.0,0,0.0,0,0.0,0,0.0,0,0.0,0,0.0,0,0.0,0,0.0,0,0.0,0,0.0,0,0.0,0,0.0,0,0.0,5,0.015822784810126583,316,1.0,SRC_MUNICIPAL_PRORRATEADA,SECCION,COMPLETO
381,19,NUEVO LEON,GUADALUPE,,13,750,706,379,0.5368271954674221,0.4631728045325779,MC,160,0.42216358839050133,72,0.18997361477572558,PRI,88,0.23218997361477572,13,0.03430079155672823,PAN,75,0.19788918205804748,MC,160,0.42216358839050133,72,0.18997361477572558,PRI,88,0.23218997361477572,13,0.03430079155672823,PAN,75,0.19788918205804748,75,0.19788918205804748,88,0.23218997361477572,1,0.002638522427440633,0,0.0,1,0.002638522427440633,160,0.42216358839050133,36,0.09498680738786279,3,0.0079155672823219,0,0.0,2,0.005277044854881266,3,0.0079155672823219,1,0.002638522427440633,0,0.0,1,0.002638522427440633,0,0.0,0,0.0,0,0.0,0,0.0,0,0.0,0,0.0,1,0.002638522427440633,0,0.0,0,0.0,0,0.0,7,0.018469656992084433,379,1.0,SRC_MUNICIPAL_PRORRATEADA,SECCION,COMPLETO
382,19,NUEVO LEON,GUADALUPE,,13,751,524,281,0.5362595419847328,0.4637404580152672,MC,116,0.4128113879003559,32,0.11387900355871886,PRI,84,0.298932384341637,39,0.1387900355871886,PAN,45,0.1601423487544484,MC,116,0.4128113879003559,32,0.11387900355871886,PRI,84,0.298932384341637,39,0.1387900355871886,PAN,45,0.1601423487544484,45,0.1601423487544484,84,0.298932384341637,1,0.0035587188612099642,5,0.017793594306049824,3,0.010676156583629894,116,0.4128113879003559,23,0.08185053380782918,3,0.010676156583629894,0,0.0,0,0.0,0,0.0,0,0.0,0,0.0,0,0.0,0,0.0,0,0.0,0,0.0,0,0.0,0,0.0,0,0.0,1,0.0035587188612099642,0,0.0,0,0.0,0,0.0,0,0.0,281,1.0,SRC_MUNICIPAL_PRORRATEADA,SECCION,COMPLETO
383,19,NUEVO LEON,GUADALUPE,,13,752,1202,645,0.5366056572379367,0.46339434276206326,MC,200,0.31007751937984496,13,0.020155038759689922,PRI,187,0.289922480620155,75,0.11627906976744186,MORENA,112,0.17364341085271318,MC,200,0.31007751937984496,13,0.020155038759689922,PRI,187,0.289922480620155,75,0.11627906976744186,MORENA,112,0.17364341085271318,87,0.13488372093023257,187,0.289922480620155,3,0.004651162790697674,7,0.010852713178294573,9,0.013953488372093023,200,0.31007751937984496,112,0.17364341085271318,3,0.004651162790697674,4,0.006201550387596899,5,0.007751937984496124,2,0.0031007751937984496,3,0.004651162790697674,0,0.0,0,0.0,0,0.0,0,0.0,0,0.0,0,0.0,0,0.0,0,0.0,0,0.0,1,0.0015503875968992248,2,0.0031007751937984496,0,0.0,20,0.031007751937984496,645,1.0,SRC_MUNICIPAL_PRORRATEADA,SECCION,COMPLETO
384,19,NUEVO LEON,GUADALUPE,,13,753,473,254,0.5369978858350951,0.4630021141649049,MC,91,0.35826771653543305,3,0.011811023622047244,PRI,88,0.3464566929133858,57,0.22440944881889763,MORENA,31,0.1220472440944882,MC,91,0.35826771653543305,3,0.011811023622047244,PRI,88,0.3464566929133858,57,0.22440944881889763,MORENA,31,0.1220472440944882,25,0.0984251968503937,88,0.3464566929133858,1,0.003937007874015748,1,0.003937007874015748,2,0.007874015748031496,91,0.35826771653543305,31,0.1220472440944882,1,0.003937007874015748,1,0.003937007874015748,0,0.0,0,0.0,2,0.007874015748031496,0,0.0,0,0.0,0,0.0,0,0.0,0,0.0,0,0.0,1,0.003937007874015748,0,0.0,2,0.007874015748031496,0,0.0,0,0.0,0,0.0,8,0.031496062992125984,254,1.0,SRC_MUNICIPAL_PRORRATEADA,SECCION,COMPLETO
385,19,NUEVO LEON,GUADALUPE,,13,754,445,239,0.5370786516853933,0.46292134831460674,MC,95,0.39748953974895396,20,0.08368200836820083,PRI,75,0.3138075313807531,44,0.18410041841004185,MORENA,31,0.1297071129707113,MC,95,0.39748953974895396,20,0.08368200836820083,PRI,75,0.3138075313807531,44,0.18410041841004185,MORENA,31,0.1297071129707113,18,0.07531380753138076,75,0.3138075313807531,3,0.012552301255230125,4,0.016736401673640166,4,0.016736401673640166,95,0.39748953974895396,31,0.1297071129707113,3,0.012552301255230125,0,0.0,1,0.0041841004184100415,2,0.008368200836820083,0,0.0,0,0.0,0,0.0,0,0.0,0,0.0,0,0.0,0,0.0,0,0.0,0,0.0,0,0.0,0,0.0,0,0.0,0,0.0,3,0.012552301255230125,239,1.0,SRC_MUNICIPAL_PRORRATEADA,SECCION,COMPLETO
386,19,NUEVO LEON,GUADALUPE,,13,771,514,276,0.5369649805447471,0.46303501945525294,MC,89,0.322463768115942,2,0.007246376811594203,PRI,87,0.31521739130434784,50,0.18115942028985507,PAN,37,0.13405797101449277,MC,89,0.322463768115942,2,0.007246376811594203,PRI,87,0.31521739130434784,50,0.18115942028985507,PAN,37,0.13405797101449277,37,0.13405797101449277,87,0.31521739130434784,1,0.0036231884057971015,5,0.018115942028985508,3,0.010869565217391304,89,0.322463768115942,35,0.12681159420289856,0,0.0,0,0.0,2,0.007246376811594203,1,0.0036231884057971015,2,0.007246376811594203,0,0.0,0,0.0,1,0.0036231884057971015,1,0.0036231884057971015,0,0.0,0,0.0,0,0.0,0,0.0,0,0.0,1,0.0036231884057971015,0,0.0,0,0.0,11,0.03985507246376811,276,1.0,SRC_MUNICIPAL_PRORRATEADA,SECCION,COMPLETO
387,19,NUEVO LEON,GUADALUPE,,13,773,481,258,0.5363825363825364,0.4636174636174636,MC,90,0.3488372093023256,6,0.023255813953488372,PRI,84,0.32558139534883723,51,0.19767441860465115,MORENA,33,0.12790697674418605,MC,90,0.3488372093023256,6,0.023255813953488372,PRI,84,0.32558139534883723,51,0.19767441860465115,MORENA,33,0.12790697674418605,19,0.07364341085271318,84,0.32558139534883723,1,0.003875968992248062,5,0.01937984496124031,7,0.027131782945736434,90,0.3488372093023256,33,0.12790697674418605,0,0.0,0,0.0,1,0.003875968992248062,0,0.0,2,0.007751937984496124,0,0.0,1,0.003875968992248062,0,0.0,0,0.0,0,0.0,0,0.0,0,0.0,0,0.0,0,0.0,0,0.0,0,0.0,0,0.0,15,0.05813953488372093,258,1.0,SRC_MUNICIPAL_PRORRATEADA,SECCION,COMPLETO
388,19,NUEVO LEON,GUADALUPE,,13,776,580,311,0.5362068965517242,0.46379310344827585,MC,96,0.3086816720257235,4,0.012861736334405145,PRI,92,0.2958199356913183,49,0.15755627009646303,MORENA,43,0.1382636655948553,MC,96,0.3086816720257235,4,0.012861736334405145,PRI,92,0.2958199356913183,49,0.15755627009646303,MORENA,43,0.1382636655948553,40,0.12861736334405144,92,0.2958199356913183,4,0.012861736334405145,3,0.00964630225080386,3,0.00964630225080386,96,0.3086816720257235,43,0.1382636655948553,3,0.00964630225080386,1,0.003215434083601286,2,0.006430868167202572,2,0.006430868167202572,1,0.003215434083601286,0,0.0,1,0.003215434083601286,0,0.0,0,0.0,0,0.0,0,0.0,1,0.003215434083601286,0,0.0,0,0.0,0,0.0,1,0.003215434083601286,0,0.0,18,0.05787781350482315,311,1.0,SRC_MUNICIPAL_PRORRATEADA,SECCION,COMPLETO
389,19,NUEVO LEON,GUADALUPE,,13,792,544,292,0.5367647058823529,0.4632352941176471,MC,97,0.3321917808219178,14,0.04794520547945205,PRI,83,0.2842465753424658,41,0.1404109589041096,MORENA,42,0.14383561643835616,MC,97,0.3321917808219178,14,0.04794520547945205,PRI,83,0.2842465753424658,41,0.1404109589041096,MORENA,42,0.14383561643835616,35,0.11986301369863013,83,0.2842465753424658,1,0.003424657534246575,1,0.003424657534246575,4,0.0136986301369863,97,0.3321917808219178,42,0.14383561643835616,3,0.010273972602739725,1,0.003424657534246575,3,0.010273972602739725,2,0.00684931506849315,4,0.0136986301369863,0,0.0,1,0.003424657534246575,0,0.0,1,0.003424657534246575,0,0.0,0,0.0,0,0.0,0,0.0,1,0.003424657534246575,0,0.0,1,0.003424657534246575,0,0.0,12,0.0410958904109589,292,1.0,SRC_MUNICIPAL_PRORRATEADA,SECCION,COMPLETO
390,19,NUEVO LEON,GUADALUPE,,13,793,1070,574,0.5364485981308411,0.4635514018691589,PRI,173,0.30139372822299654,28,0.04878048780487805,MC,145,0.25261324041811845,6,0.010452961672473868,PAN,139,0.2421602787456446,PRI,173,0.30139372822299654,28,0.04878048780487805,MC,145,0.25261324041811845,6,0.010452961672473868,PAN,139,0.2421602787456446,139,0.2421602787456446,173,0.30139372822299654,1,0.0017421602787456446,7,0.012195121951219513,3,0.005226480836236934,145,0.25261324041811845,67,0.11672473867595819,7,0.012195121951219513,4,0.006968641114982578,0,0.0,2,0.003484320557491289,3,0.005226480836236934,0,0.0,0,0.0,1,0.0017421602787456446,0,0.0,0,0.0,0,0.0,0,0.0,1,0.0017421602787456446,0,0.0,0,0.0,0,0.0,0,0.0,21,0.036585365853658534,574,1.0,SRC_MUNICIPAL_PRORRATEADA,SECCION,COMPLETO
391,19,NUEVO LEON,GUADALUPE,,13,794,1349,724,0.536693847294292,0.46330615270570796,MC,327,0.4516574585635359,176,0.2430939226519337,PAN,151,0.2085635359116022,14,0.019337016574585635,PRI,137,0.18922651933701656,MC,327,0.4516574585635359,176,0.2430939226519337,PAN,151,0.2085635359116022,14,0.019337016574585635,PRI,137,0.18922651933701656,151,0.2085635359116022,137,0.18922651933701656,4,0.0055248618784530384,2,0.0027624309392265192,7,0.009668508287292817,327,0.4516574585635359,71,0.09806629834254144,2,0.0027624309392265192,2,0.0027624309392265192,2,0.0027624309392265192,9,0.012430939226519336,0,0.0,3,0.004143646408839779,0,0.0,0,0.0,0,0.0,0,0.0,0,0.0,0,0.0,0,0.0,0,0.0,0,0.0,0,0.0,1,0.0013812154696132596,6,0.008287292817679558,724,1.0,SRC_MUNICIPAL_PRORRATEADA,SECCION,COMPLETO
392,19,NUEVO LEON,GUADALUPE,,13,799,1217,653,0.5365653245686114,0.4634346754313886,MC,278,0.42572741194486985,125,0.19142419601837674,PRI,153,0.2343032159264931,33,0.05053598774885146,PAN,120,0.18376722817764166,MC,278,0.42572741194486985,125,0.19142419601837674,PRI,153,0.2343032159264931,33,0.05053598774885146,PAN,120,0.18376722817764166,120,0.18376722817764166,153,0.2343032159264931,0,0.0,6,0.009188361408882083,3,0.004594180704441042,278,0.42572741194486985,71,0.10872894333843798,2,0.0030627871362940277,2,0.0030627871362940277,1,0.0015313935681470138,5,0.007656967840735069,1,0.0015313935681470138,4,0.006125574272588055,0,0.0,0,0.0,0,0.0,0,0.0,0,0.0,0,0.0,0,0.0,0,0.0,0,0.0,0,0.0,1,0.0015313935681470138,6,0.009188361408882083,653,1.0,SRC_MUNICIPAL_PRORRATEADA,SECCION,COMPLETO
393,19,NUEVO LEON,GUADALUPE,,13,800,449,241,0.5367483296213809,0.46325167037861914,PRI,84,0.34854771784232363,6,0.024896265560165973,MC,78,0.3236514522821577,51,0.21161825726141079,PAN,27,0.11203319502074689,PRI,84,0.34854771784232363,6,0.024896265560165973,MC,78,0.3236514522821577,51,0.21161825726141079,PAN,27,0.11203319502074689,27,0.11203319502074689,84,0.34854771784232363,1,0.004149377593360996,3,0.012448132780082987,2,0.008298755186721992,78,0.3236514522821577,27,0.11203319502074689,4,0.016597510373443983,0,0.0,0,0.0,4,0.016597510373443983,0,0.0,1,0.004149377593360996,0,0.0,0,0.0,0,0.0,0,0.0,0,0.0,0,0.0,0,0.0,0,0.0,0,0.0,0,0.0,0,0.0,10,0.04149377593360996,241,1.0,SRC_MUNICIPAL_PRORRATEADA,SECCION,COMPLETO
394,19,NUEVO LEON,GUADALUPE,,13,801,999,536,0.5365365365365365,0.46346346346346345,MC,215,0.40111940298507465,80,0.14925373134328357,PRI,135,0.251865671641791,66,0.12313432835820895,PAN,69,0.1287313432835821,MC,215,0.40111940298507465,80,0.14925373134328357,PRI,135,0.251865671641791,66,0.12313432835820895,PAN,69,0.1287313432835821,69,0.1287313432835821,135,0.251865671641791,5,0.009328358208955223,9,0.016791044776119403,12,0.022388059701492536,215,0.40111940298507465,47,0.08768656716417911,4,0.007462686567164179,1,0.0018656716417910447,0,0.0,7,0.013059701492537313,9,0.016791044776119403,0,0.0,1,0.0018656716417910447,0,0.0,0,0.0,0,0.0,0,0.0,0,0.0,0,0.0,0,0.0,0,0.0,0,0.0,0,0.0,22,0.041044776119402986,536,1.0,SRC_MUNICIPAL_PRORRATEADA,SECCION,COMPLETO
395,19,NUEVO LEON,GUADALUPE,,13,802,498,267,0.536144578313253,0.463855421686747,MC,117,0.43820224719101125,64,0.2397003745318352,PRI,53,0.19850187265917604,7,0.026217228464419477,MORENA,46,0.17228464419475656,MC,117,0.43820224719101125,64,0.2397003745318352,PRI,53,0.19850187265917604,7,0.026217228464419477,MORENA,46,0.17228464419475656,36,0.1348314606741573,53,0.19850187265917604,1,0.003745318352059925,4,0.0149812734082397,3,0.011235955056179775,117,0.43820224719101125,46,0.17228464419475656,0,0.0,2,0.00749063670411985,1,0.003745318352059925,0,0.0,1,0.003745318352059925,0,0.0,0,0.0,0,0.0,0,0.0,0,0.0,0,0.0,1,0.003745318352059925,0,0.0,0,0.0,0,0.0,0,0.0,0,0.0,2,0.00749063670411985,267,1.0,SRC_MUNICIPAL_PRORRATEADA,SECCION,COMPLETO
396,19,NUEVO LEON,GUADALUPE,,13,803,587,315,0.5366269165247018,0.46337308347529815,MC,114,0.3619047619047619,26,0.08253968253968254,PRI,88,0.27936507936507937,37,0.11746031746031746,PAN,51,0.1619047619047619,MC,114,0.3619047619047619,26,0.08253968253968254,PRI,88,0.27936507936507937,37,0.11746031746031746,PAN,51,0.1619047619047619,51,0.1619047619047619,88,0.27936507936507937,0,0.0,3,0.009523809523809525,1,0.0031746031746031746,114,0.3619047619047619,44,0.13968253968253969,3,0.009523809523809525,1,0.0031746031746031746,2,0.006349206349206349,0,0.0,0,0.0,0,0.0,0,0.0,0,0.0,0,0.0,0,0.0,0,0.0,0,0.0,0,0.0,1,0.0031746031746031746,1,0.0031746031746031746,1,0.0031746031746031746,0,0.0,5,0.015873015873015872,315,1.0,SRC_MUNICIPAL_PRORRATEADA,SECCION,COMPLETO
397,19,NUEVO LEON,GUADALUPE,,13,804,587,315,0.5366269165247018,0.46337308347529815,MC,137,0.43492063492063493,58,0.18412698412698414,PRI,79,0.2507936507936508,23,0.07301587301587302,PAN,56,0.17777777777777778,MC,137,0.43492063492063493,58,0.18412698412698414,PRI,79,0.2507936507936508,23,0.07301587301587302,PAN,56,0.17777777777777778,56,0.17777777777777778,79,0.2507936507936508,1,0.0031746031746031746,1,0.0031746031746031746,3,0.009523809523809525,137,0.43492063492063493,21,0.06666666666666667,1,0.0031746031746031746,1,0.0031746031746031746,1,0.0031746031746031746,0,0.0,3,0.009523809523809525,0,0.0,0,0.0,0,0.0,0,0.0,0,0.0,0,0.0,1,0.0031746031746031746,1,0.0031746031746031746,0,0.0,0,0.0,0,0.0,0,0.0,9,0.02857142857142857,315,1.0,SRC_MUNICIPAL_PRORRATEADA,SECCION,COMPLETO
398,19,NUEVO LEON,GUADALUPE,,14,604,3076,1650,0.5364109232769831,0.46358907672301686,MC,660,0.4,202,0.12242424242424242,PAN,458,0.2775757575757576,149,0.0903030303030303,PRI,309,0.18727272727272729,MC,660,0.4,202,0.12242424242424242,PAN,458,0.2775757575757576,149,0.0903030303030303,PRI,309,0.18727272727272729,458,0.2775757575757576,309,0.18727272727272729,5,0.0030303030303030303,18,0.01090909090909091,14,0.008484848484848486,660,0.4,123,0.07454545454545454,7,0.004242424242424243,2,0.0012121212121212121,2,0.0012121212121212121,17,0.010303030303030303,4,0.0024242424242424242,1,0.0006060606060606061,1,0.0006060606060606061,0,0.0,0,0.0,0,0.0,0,0.0,0,0.0,1,0.0006060606060606061,2,0.0012121212121212121,0,0.0,1,0.0006060606060606061,0,0.0,25,0.015151515151515152,1650,1.0,SRC_MUNICIPAL_PRORRATEADA,SECCION,COMPLETO
399,19,NUEVO LEON,GUADALUPE,,14,606,593,318,0.5362563237774031,0.46374367622259693,MC,123,0.3867924528301887,56,0.1761006289308176,PAN,67,0.21069182389937108,0,0.0,PRI,67,0.21069182389937108,MC,123,0.3867924528301887,56,0.1761006289308176,PAN,67,0.21069182389937108,0,0.0,PRI,67,0.21069182389937108,67,0.21069182389937108,67,0.21069182389937108,2,0.006289308176100629,2,0.006289308176100629,2,0.006289308176100629,123,0.3867924528301887,38,0.11949685534591195,2,0.006289308176100629,2,0.006289308176100629,2,0.006289308176100629,1,0.0031446540880503146,0,0.0,0,0.0,0,0.0,0,0.0,0,0.0,0,0.0,0,0.0,0,0.0,0,0.0,0,0.0,0,0.0,0,0.0,0,0.0,10,0.031446540880503145,318,1.0,SRC_MUNICIPAL_PRORRATEADA,SECCION,COMPLETO
400,19,NUEVO LEON,GUADALUPE,,14,607,1223,656,0.5363859362224039,0.46361406377759606,MC,297,0.4527439024390244,167,0.2545731707317073,PAN,130,0.19817073170731708,0,0.0,PRI,130,0.19817073170731708,MC,297,0.4527439024390244,167,0.2545731707317073,PAN,130,0.19817073170731708,0,0.0,PRI,130,0.19817073170731708,130,0.19817073170731708,130,0.19817073170731708,1,0.001524390243902439,7,0.010670731707317074,2,0.003048780487804878,297,0.4527439024390244,66,0.10060975609756098,2,0.003048780487804878,1,0.001524390243902439,5,0.007621951219512195,3,0.004573170731707317,1,0.001524390243902439,1,0.001524390243902439,1,0.001524390243902439,0,0.0,1,0.001524390243902439,0,0.0,0,0.0,1,0.001524390243902439,0,0.0,2,0.003048780487804878,0,0.0,0,0.0,0,0.0,5,0.007621951219512195,656,1.0,SRC_MUNICIPAL_PRORRATEADA,SECCION,COMPLETO
401,19,NUEVO LEON,GUADALUPE,,14,609,587,315,0.5366269165247018,0.46337308347529815,MC,89,0.28253968253968254,8,0.025396825396825397,PRI,81,0.2571428571428571,22,0.06984126984126984,PAN,59,0.1873015873015873,MC,89,0.28253968253968254,8,0.025396825396825397,PRI,81,0.2571428571428571,22,0.06984126984126984,PAN,59,0.1873015873015873,59,0.1873015873015873,81,0.2571428571428571,3,0.009523809523809525,9,0.02857142857142857,4,0.012698412698412698,89,0.28253968253968254,38,0.12063492063492064,1,0.0031746031746031746,1,0.0031746031746031746,0,0.0,2,0.006349206349206349,5,0.015873015873015872,1,0.0031746031746031746,2,0.006349206349206349,0,0.0,1,0.0031746031746031746,1,0.0031746031746031746,0,0.0,0,0.0,0,0.0,0,0.0,0,0.0,0,0.0,0,0.0,18,0.05714285714285714,315,1.0,SRC_MUNICIPAL_PRORRATEADA,SECCION,COMPLETO
402,19,NUEVO LEON,GUADALUPE,,14,610,1282,688,0.5366614664586583,0.4633385335413417,MC,240,0.3488372093023256,36,0.05232558139534884,PRI,204,0.29651162790697677,97,0.14098837209302326,PAN,107,0.1555232558139535,MC,240,0.3488372093023256,36,0.05232558139534884,PRI,204,0.29651162790697677,97,0.14098837209302326,PAN,107,0.1555232558139535,107,0.1555232558139535,204,0.29651162790697677,3,0.00436046511627907,11,0.015988372093023256,1,0.0014534883720930232,240,0.3488372093023256,81,0.11773255813953488,0,0.0,3,0.00436046511627907,2,0.0029069767441860465,8,0.011627906976744186,0,0.0,2,0.0029069767441860465,4,0.005813953488372093,0,0.0,0,0.0,3,0.00436046511627907,0,0.0,0,0.0,0,0.0,0,0.0,0,0.0,0,0.0,1,0.0014534883720930232,18,0.02616279069767442,688,1.0,SRC_MUNICIPAL_PRORRATEADA,SECCION,COMPLETO
403,19,NUEVO LEON,GUADALUPE,,14,611,483,259,0.5362318840579711,0.46376811594202894,MC,89,0.3436293436293436,7,0.02702702702702703,PRI,82,0.3166023166023166,50,0.19305019305019305,MORENA,32,0.12355212355212356,MC,89,0.3436293436293436,7,0.02702702702702703,PRI,82,0.3166023166023166,50,0.19305019305019305,MORENA,32,0.12355212355212356,29,0.11196911196911197,82,0.3166023166023166,0,0.0,3,0.011583011583011582,4,0.015444015444015444,89,0.3436293436293436,32,0.12355212355212356,3,0.011583011583011582,2,0.007722007722007722,0,0.0,0,0.0,2,0.007722007722007722,0,0.0,0,0.0,0,0.0,0,0.0,0,0.0,0,0.0,0,0.0,0,0.0,0,0.0,0,0.0,0,0.0,0,0.0,13,0.05019305019305019,259,1.0,SRC_MUNICIPAL_PRORRATEADA,SECCION,COMPLETO
404,19,NUEVO LEON,GUADALUPE,,14,612,1111,596,0.5364536453645364,0.46354635463546356,PRI,174,0.29194630872483224,29,0.04865771812080537,MC,145,0.24328859060402686,24,0.040268456375838924,MORENA,121,0.20302013422818793,PRI,174,0.29194630872483224,29,0.04865771812080537,MC,145,0.24328859060402686,24,0.040268456375838924,MORENA,121,0.20302013422818793,83,0.13926174496644295,174,0.29194630872483224,4,0.006711409395973154,7,0.01174496644295302,10,0.016778523489932886,145,0.24328859060402686,121,0.20302013422818793,12,0.020134228187919462,2,0.003355704697986577,3,0.0050335570469798654,3,0.0050335570469798654,5,0.008389261744966443,3,0.0050335570469798654,1,0.0016778523489932886,1,0.0016778523489932886,0,0.0,0,0.0,1,0.0016778523489932886,0,0.0,0,0.0,0,0.0,0,0.0,0,0.0,0,0.0,21,0.03523489932885906,596,1.0,SRC_MUNICIPAL_PRORRATEADA,SECCION,COMPLETO
405,19,NUEVO LEON,GUADALUPE,,14,613,427,229,0.5362997658079626,0.46370023419203743,MC,79,0.34497816593886466,8,0.034934497816593885,PRI,71,0.31004366812227074,44,0.19213973799126638,PAN,27,0.11790393013100436,MC,79,0.34497816593886466,8,0.034934497816593885,PRI,71,0.31004366812227074,44,0.19213973799126638,PAN,27,0.11790393013100436,27,0.11790393013100436,71,0.31004366812227074,1,0.004366812227074236,5,0.021834061135371178,1,0.004366812227074236,79,0.34497816593886466,26,0.11353711790393013,2,0.008733624454148471,1,0.004366812227074236,0,0.0,2,0.008733624454148471,2,0.008733624454148471,0,0.0,0,0.0,2,0.008733624454148471,0,0.0,0,0.0,0,0.0,0,0.0,0,0.0,2,0.008733624454148471,0,0.0,0,0.0,0,0.0,8,0.034934497816593885,229,1.0,SRC_MUNICIPAL_PRORRATEADA,SECCION,COMPLETO
406,19,NUEVO LEON,GUADALUPE,,14,614,550,295,0.5363636363636364,0.4636363636363636,PRI,92,0.31186440677966104,7,0.023728813559322035,MC,85,0.288135593220339,38,0.1288135593220339,MORENA,47,0.15932203389830507,PRI,92,0.31186440677966104,7,0.023728813559322035,MC,85,0.288135593220339,38,0.1288135593220339,MORENA,47,0.15932203389830507,34,0.1152542372881356,92,0.31186440677966104,4,0.013559322033898305,4,0.013559322033898305,4,0.013559322033898305,85,0.288135593220339,47,0.15932203389830507,1,0.003389830508474576,0,0.0,2,0.006779661016949152,2,0.006779661016949152,0,0.0,1,0.003389830508474576,4,0.013559322033898305,0,0.0,0,0.0,0,0.0,0,0.0,1,0.003389830508474576,0,0.0,0,0.0,0,0.0,0,0.0,1,0.003389830508474576,13,0.04406779661016949,295,1.0,SRC_MUNICIPAL_PRORRATEADA,SECCION,COMPLETO
407,19,NUEVO LEON,GUADALUPE,,14,615,606,325,0.5363036303630363,0.4636963696369637,PRI,105,0.3230769230769231,16,0.04923076923076923,MC,89,0.27384615384615385,37,0.11384615384615385,MORENA,52,0.16,PRI,105,0.3230769230769231,16,0.04923076923076923,MC,89,0.27384615384615385,37,0.11384615384615385,MORENA,52,0.16,36,0.11076923076923077,105,0.3230769230769231,2,0.006153846153846154,5,0.015384615384615385,3,0.009230769230769232,89,0.27384615384615385,52,0.16,5,0.015384615384615385,3,0.009230769230769232,1,0.003076923076923077,2,0.006153846153846154,3,0.009230769230769232,1,0.003076923076923077,1,0.003076923076923077,0,0.0,0,0.0,0,0.0,0,0.0,1,0.003076923076923077,0,0.0,1,0.003076923076923077,0,0.0,1,0.003076923076923077,0,0.0,14,0.043076923076923075,325,1.0,SRC_MUNICIPAL_PRORRATEADA,SECCION,COMPLETO
408,19,NUEVO LEON,GUADALUPE,,14,618,1377,739,0.5366739288307916,0.46332607116920843,MC,293,0.39648173207036536,134,0.18132611637347767,PAN,159,0.21515561569688768,10,0.013531799729364006,PRI,149,0.20162381596752368,MC,293,0.39648173207036536,134,0.18132611637347767,PAN,159,0.21515561569688768,10,0.013531799729364006,PRI,149,0.20162381596752368,159,0.21515561569688768,149,0.20162381596752368,2,0.0027063599458728013,5,0.006765899864682003,3,0.0040595399188092015,293,0.39648173207036536,86,0.11637347767253045,6,0.008119079837618403,6,0.008119079837618403,4,0.005412719891745603,8,0.010825439783491205,2,0.0027063599458728013,1,0.0013531799729364006,0,0.0,0,0.0,0,0.0,0,0.0,0,0.0,0,0.0,0,0.0,0,0.0,0,0.0,0,0.0,0,0.0,15,0.02029769959404601,739,1.0,SRC_MUNICIPAL_PRORRATEADA,SECCION,COMPLETO
409,19,NUEVO LEON,GUADALUPE,,14,619,719,386,0.5368567454798331,0.4631432545201669,MC,160,0.41450777202072536,63,0.16321243523316062,PAN,97,0.25129533678756477,23,0.05958549222797927,PRI,74,0.19170984455958548,MC,160,0.41450777202072536,63,0.16321243523316062,PAN,97,0.25129533678756477,23,0.05958549222797927,PRI,74,0.19170984455958548,97,0.25129533678756477,74,0.19170984455958548,1,0.0025906735751295338,4,0.010362694300518135,2,0.0051813471502590676,160,0.41450777202072536,34,0.08808290155440414,2,0.0051813471502590676,1,0.0025906735751295338,0,0.0,3,0.007772020725388601,0,0.0,1,0.0025906735751295338,0,0.0,0,0.0,0,0.0,0,0.0,0,0.0,0,0.0,0,0.0,0,0.0,0,0.0,0,0.0,0,0.0,7,0.018134715025906734,386,1.0,SRC_MUNICIPAL_PRORRATEADA,SECCION,COMPLETO
410,19,NUEVO LEON,GUADALUPE,,14,620,1172,629,0.5366894197952219,0.4633105802047781,MC,236,0.3751987281399046,83,0.13195548489666137,PRI,153,0.24324324324324326,38,0.06041335453100159,PAN,115,0.18282988871224165,MC,236,0.3751987281399046,83,0.13195548489666137,PRI,153,0.24324324324324326,38,0.06041335453100159,PAN,115,0.18282988871224165,115,0.18282988871224165,153,0.24324324324324326,0,0.0,8,0.012718600953895072,6,0.009538950715421303,236,0.3751987281399046,78,0.12400635930047695,6,0.009538950715421303,1,0.001589825119236884,0,0.0,2,0.003179650238473768,0,0.0,0,0.0,1,0.001589825119236884,1,0.001589825119236884,0,0.0,0,0.0,0,0.0,0,0.0,0,0.0,0,0.0,0,0.0,0,0.0,0,0.0,22,0.034976152623211444,629,1.0,SRC_MUNICIPAL_PRORRATEADA,SECCION,COMPLETO
411,19,NUEVO LEON,GUADALUPE,,14,621,550,295,0.5363636363636364,0.4636363636363636,MC,90,0.3050847457627119,13,0.04406779661016949,PRI,77,0.26101694915254237,23,0.07796610169491526,PAN,54,0.18305084745762712,MC,90,0.3050847457627119,13,0.04406779661016949,PRI,77,0.26101694915254237,23,0.07796610169491526,PAN,54,0.18305084745762712,54,0.18305084745762712,77,0.26101694915254237,0,0.0,4,0.013559322033898305,4,0.013559322033898305,90,0.3050847457627119,47,0.15932203389830507,1,0.003389830508474576,1,0.003389830508474576,1,0.003389830508474576,4,0.013559322033898305,0,0.0,0,0.0,3,0.010169491525423728,1,0.003389830508474576,1,0.003389830508474576,0,0.0,0,0.0,0,0.0,0,0.0,0,0.0,0,0.0,0,0.0,0,0.0,7,0.023728813559322035,295,1.0,SRC_MUNICIPAL_PRORRATEADA,SECCION,COMPLETO
412,19,NUEVO LEON,GUADALUPE,,14,622,699,375,0.5364806866952789,0.46351931330472107,MC,119,0.31733333333333336,19,0.050666666666666665,PRI,100,0.26666666666666666,3,0.008,PAN,97,0.25866666666666666,MC,119,0.31733333333333336,19,0.050666666666666665,PRI,100,0.26666666666666666,3,0.008,PAN,97,0.25866666666666666,97,0.25866666666666666,100,0.26666666666666666,3,0.008,3,0.008,0,0.0,119,0.31733333333333336,32,0.08533333333333333,4,0.010666666666666666,3,0.008,1,0.0026666666666666666,3,0.008,1,0.0026666666666666666,1,0.0026666666666666666,0,0.0,0,0.0,0,0.0,0,0.0,0,0.0,0,0.0,0,0.0,0,0.0,0,0.0,0,0.0,0,0.0,8,0.021333333333333333,375,1.0,SRC_MUNICIPAL_PRORRATEADA,SECCION,COMPLETO
413,19,NUEVO LEON,GUADALUPE,,14,644,923,495,0.5362946912242686,0.46370530877573135,PRI,183,0.3696969696969697,32,0.06464646464646465,MC,151,0.30505050505050507,89,0.1797979797979798,PAN,62,0.12525252525252525,PRI,183,0.3696969696969697,32,0.06464646464646465,MC,151,0.30505050505050507,89,0.1797979797979798,PAN,62,0.12525252525252525,62,0.12525252525252525,183,0.3696969696969697,2,0.00404040404040404,13,0.026262626262626262,8,0.01616161616161616,151,0.30505050505050507,51,0.10303030303030303,5,0.010101010101010102,0,0.0,0,0.0,0,0.0,1,0.00202020202020202,0,0.0,1,0.00202020202020202,0,0.0,0,0.0,0,0.0,1,0.00202020202020202,0,0.0,0,0.0,0,0.0,0,0.0,1,0.00202020202020202,0,0.0,16,0.03232323232323232,495,1.0,SRC_MUNICIPAL_PRORRATEADA,SECCION,COMPLETO
414,19,NUEVO LEON,GUADALUPE,,14,645,505,271,0.5366336633663367,0.46336633663366333,PRI,92,0.33948339483394835,5,0.01845018450184502,MC,87,0.3210332103321033,49,0.18081180811808117,PAN,38,0.14022140221402213,PRI,92,0.33948339483394835,5,0.01845018450184502,MC,87,0.3210332103321033,49,0.18081180811808117,PAN,38,0.14022140221402213,38,0.14022140221402213,92,0.33948339483394835,3,0.01107011070110701,5,0.01845018450184502,2,0.007380073800738007,87,0.3210332103321033,26,0.0959409594095941,3,0.01107011070110701,0,0.0,2,0.007380073800738007,0,0.0,4,0.014760147601476014,1,0.0036900369003690036,0,0.0,0,0.0,0,0.0,0,0.0,0,0.0,0,0.0,0,0.0,0,0.0,0,0.0,0,0.0,0,0.0,8,0.02952029520295203,271,1.0,SRC_MUNICIPAL_PRORRATEADA,SECCION,COMPLETO
415,19,NUEVO LEON,GUADALUPE,,14,646,468,251,0.5363247863247863,0.4636752136752137,PRI,89,0.3545816733067729,17,0.06772908366533864,MC,72,0.2868525896414343,37,0.14741035856573706,MORENA,35,0.1394422310756972,PRI,89,0.3545816733067729,17,0.06772908366533864,MC,72,0.2868525896414343,37,0.14741035856573706,MORENA,35,0.1394422310756972,28,0.11155378486055777,89,0.3545816733067729,2,0.00796812749003984,4,0.01593625498007968,3,0.01195219123505976,72,0.2868525896414343,35,0.1394422310756972,1,0.00398406374501992,1,0.00398406374501992,0,0.0,1,0.00398406374501992,0,0.0,0,0.0,0,0.0,0,0.0,0,0.0,0,0.0,0,0.0,0,0.0,0,0.0,0,0.0,0,0.0,1,0.00398406374501992,0,0.0,14,0.055776892430278883,251,1.0,SRC_MUNICIPAL_PRORRATEADA,SECCION,COMPLETO
416,19,NUEVO LEON,GUADALUPE,,14,647,1297,696,0.5366229760986893,0.46337702390131075,PRI,217,0.3117816091954023,15,0.021551724137931036,MC,202,0.29022988505747127,103,0.14798850574712644,MORENA,99,0.14224137931034483,PRI,217,0.3117816091954023,15,0.021551724137931036,MC,202,0.29022988505747127,103,0.14798850574712644,MORENA,99,0.14224137931034483,89,0.1278735632183908,217,0.3117816091954023,2,0.0028735632183908046,32,0.04597701149425287,6,0.008620689655172414,202,0.29022988505747127,99,0.14224137931034483,5,0.007183908045977011,4,0.005747126436781609,2,0.0028735632183908046,4,0.005747126436781609,0,0.0,2,0.0028735632183908046,1,0.0014367816091954023,0,0.0,0,0.0,0,0.0,0,0.0,0,0.0,0,0.0,1,0.0014367816091954023,0,0.0,0,0.0,0,0.0,30,0.04310344827586207,696,1.0,SRC_MUNICIPAL_PRORRATEADA,SECCION,COMPLETO
417,19,NUEVO LEON,GUADALUPE,,14,649,1184,635,0.5363175675675675,0.46368243243243246,MC,222,0.34960629921259845,52,0.08188976377952756,PRI,170,0.2677165354330709,35,0.05511811023622047,PAN,135,0.2125984251968504,MC,222,0.34960629921259845,52,0.08188976377952756,PRI,170,0.2677165354330709,35,0.05511811023622047,PAN,135,0.2125984251968504,135,0.2125984251968504,170,0.2677165354330709,4,0.006299212598425197,10,0.015748031496062992,10,0.015748031496062992,222,0.34960629921259845,53,0.08346456692913386,4,0.006299212598425197,4,0.006299212598425197,0,0.0,3,0.004724409448818898,2,0.0031496062992125984,0,0.0,0,0.0,0,0.0,1,0.0015748031496062992,0,0.0,0,0.0,1,0.0015748031496062992,0,0.0,0,0.0,0,0.0,0,0.0,0,0.0,16,0.025196850393700787,635,1.0,SRC_MUNICIPAL_PRORRATEADA,SECCION,COMPLETO
418,19,NUEVO LEON,GUADALUPE,,14,650,610,327,0.5360655737704918,0.4639344262295082,MC,126,0.3853211009174312,50,0.1529051987767584,PRI,76,0.2324159021406728,22,0.0672782874617737,MORENA,54,0.1651376146788991,MC,126,0.3853211009174312,50,0.1529051987767584,PRI,76,0.2324159021406728,22,0.0672782874617737,MORENA,54,0.1651376146788991,46,0.14067278287461774,76,0.2324159021406728,1,0.0030581039755351682,7,0.021406727828746176,4,0.012232415902140673,126,0.3853211009174312,54,0.1651376146788991,0,0.0,3,0.009174311926605505,0,0.0,1,0.0030581039755351682,0,0.0,0,0.0,0,0.0,0,0.0,0,0.0,0,0.0,0,0.0,0,0.0,0,0.0,0,0.0,0,0.0,0,0.0,0,0.0,9,0.027522935779816515,327,1.0,SRC_MUNICIPAL_PRORRATEADA,SECCION,COMPLETO
419,19,NUEVO LEON,GUADALUPE,,14,675,1007,540,0.5362462760675273,0.4637537239324727,PRI,172,0.31851851851851853,8,0.014814814814814815,MC,164,0.3037037037037037,86,0.15925925925925927,MORENA,78,0.14444444444444443,PRI,172,0.31851851851851853,8,0.014814814814814815,MC,164,0.3037037037037037,86,0.15925925925925927,MORENA,78,0.14444444444444443,71,0.13148148148148148,172,0.31851851851851853,2,0.003703703703703704,4,0.007407407407407408,9,0.016666666666666666,164,0.3037037037037037,78,0.14444444444444443,3,0.005555555555555556,4,0.007407407407407408,0,0.0,0,0.0,8,0.014814814814814815,0,0.0,1,0.001851851851851852,1,0.001851851851851852,1,0.001851851851851852,0,0.0,0,0.0,1,0.001851851851851852,0,0.0,1,0.001851851851851852,0,0.0,0,0.0,0,0.0,20,0.037037037037037035,540,1.0,SRC_MUNICIPAL_PRORRATEADA,SECCION,COMPLETO
420,19,NUEVO LEON,GUADALUPE,,14,694,1933,1037,0.5364718054837041,0.4635281945162959,MC,436,0.420443587270974,210,0.20250723240115717,PRI,226,0.21793635486981677,18,0.017357762777242044,PAN,208,0.20057859209257473,MC,436,0.420443587270974,210,0.20250723240115717,PRI,226,0.21793635486981677,18,0.017357762777242044,PAN,208,0.20057859209257473,208,0.20057859209257473,226,0.21793635486981677,5,0.0048216007714561235,17,0.01639344262295082,10,0.009643201542912247,436,0.420443587270974,87,0.08389585342333655,6,0.0057859209257473485,7,0.006750241080038573,8,0.007714561234329798,5,0.0048216007714561235,2,0.0019286403085824494,0,0.0,0,0.0,2,0.0019286403085824494,0,0.0,0,0.0,0,0.0,0,0.0,0,0.0,0,0.0,0,0.0,0,0.0,0,0.0,18,0.017357762777242044,1037,1.0,SRC_MUNICIPAL_PRORRATEADA,SECCION,COMPLETO
421,19,NUEVO LEON,GUADALUPE,,14,699,623,334,0.536115569823435,0.463884430176565,MC,130,0.38922155688622756,53,0.15868263473053892,PRI,77,0.23053892215568864,10,0.029940119760479042,PAN,67,0.20059880239520958,MC,130,0.38922155688622756,53,0.15868263473053892,PRI,77,0.23053892215568864,10,0.029940119760479042,PAN,67,0.20059880239520958,67,0.20059880239520958,77,0.23053892215568864,2,0.005988023952095809,6,0.017964071856287425,1,0.0029940119760479044,130,0.38922155688622756,34,0.10179640718562874,1,0.0029940119760479044,2,0.005988023952095809,2,0.005988023952095809,0,0.0,0,0.0,0,0.0,0,0.0,0,0.0,0,0.0,0,0.0,0,0.0,0,0.0,0,0.0,0,0.0,0,0.0,0,0.0,0,0.0,12,0.03592814371257485,334,1.0,SRC_MUNICIPAL_PRORRATEADA,SECCION,COMPLETO
422,19,NUEVO LEON,GUADALUPE,,14,701,514,276,0.5369649805447471,0.46303501945525294,MC,99,0.358695652173913,21,0.07608695652173914,PRI,78,0.2826086956521739,32,0.11594202898550725,PAN,46,0.16666666666666666,MC,99,0.358695652173913,21,0.07608695652173914,PRI,78,0.2826086956521739,32,0.11594202898550725,PAN,46,0.16666666666666666,46,0.16666666666666666,78,0.2826086956521739,1,0.0036231884057971015,4,0.014492753623188406,4,0.014492753623188406,99,0.358695652173913,31,0.11231884057971014,2,0.007246376811594203,1,0.0036231884057971015,1,0.0036231884057971015,2,0.007246376811594203,3,0.010869565217391304,0,0.0,0,0.0,0,0.0,0,0.0,0,0.0,0,0.0,0,0.0,1,0.0036231884057971015,0,0.0,0,0.0,0,0.0,0,0.0,3,0.010869565217391304,276,1.0,SRC_MUNICIPAL_PRORRATEADA,SECCION,COMPLETO
423,19,NUEVO LEON,GUADALUPE,,14,702,606,325,0.5363036303630363,0.4636963696369637,MC,126,0.38769230769230767,57,0.1753846153846154,PRI,69,0.2123076923076923,4,0.012307692307692308,PAN,65,0.2,MC,126,0.38769230769230767,57,0.1753846153846154,PRI,69,0.2123076923076923,4,0.012307692307692308,PAN,65,0.2,65,0.2,69,0.2123076923076923,0,0.0,1,0.003076923076923077,2,0.006153846153846154,126,0.38769230769230767,52,0.16,2,0.006153846153846154,0,0.0,0,0.0,2,0.006153846153846154,1,0.003076923076923077,0,0.0,0,0.0,0,0.0,0,0.0,0,0.0,0,0.0,0,0.0,0,0.0,0,0.0,0,0.0,0,0.0,1,0.003076923076923077,4,0.012307692307692308,325,1.0,SRC_MUNICIPAL_PRORRATEADA,SECCION,COMPLETO
424,19,NUEVO LEON,GUADALUPE,,14,703,2591,1390,0.5364724044770359,0.4635275955229641,MC,555,0.39928057553956836,242,0.17410071942446043,PRI,313,0.2251798561151079,87,0.06258992805755395,PAN,226,0.16258992805755396,MC,555,0.39928057553956836,242,0.17410071942446043,PRI,313,0.2251798561151079,87,0.06258992805755395,PAN,226,0.16258992805755396,226,0.16258992805755396,313,0.2251798561151079,7,0.005035971223021582,25,0.017985611510791366,40,0.02877697841726619,555,0.39928057553956836,153,0.11007194244604317,9,0.006474820143884892,8,0.0057553956834532375,1,0.0007194244604316547,12,0.008633093525179856,0,0.0,2,0.0014388489208633094,2,0.0014388489208633094,0,0.0,1,0.0007194244604316547,1,0.0007194244604316547,0,0.0,1,0.0007194244604316547,0,0.0,3,0.002158273381294964,0,0.0,0,0.0,0,0.0,31,0.022302158273381296,1390,1.0,SRC_MUNICIPAL_PRORRATEADA,SECCION,COMPLETO
425,19,NUEVO LEON,GUADALUPE,,14,706,490,263,0.536734693877551,0.463265306122449,MC,90,0.34220532319391633,14,0.053231939163498096,PRI,76,0.2889733840304182,37,0.14068441064638784,MORENA,39,0.1482889733840304,MC,90,0.34220532319391633,14,0.053231939163498096,PRI,76,0.2889733840304182,37,0.14068441064638784,MORENA,39,0.1482889733840304,33,0.12547528517110265,76,0.2889733840304182,1,0.0038022813688212928,5,0.019011406844106463,4,0.015209125475285171,90,0.34220532319391633,39,0.1482889733840304,1,0.0038022813688212928,1,0.0038022813688212928,0,0.0,4,0.015209125475285171,0,0.0,0,0.0,0,0.0,0,0.0,0,0.0,0,0.0,0,0.0,0,0.0,0,0.0,1,0.0038022813688212928,0,0.0,0,0.0,0,0.0,8,0.030418250950570342,263,1.0,SRC_MUNICIPAL_PRORRATEADA,SECCION,COMPLETO
426,19,NUEVO LEON,GUADALUPE,,14,2696,628,337,0.5366242038216561,0.4633757961783439,MC,126,0.37388724035608306,29,0.08605341246290801,PRI,97,0.2878338278931751,48,0.142433234421365,MORENA,49,0.14540059347181009,MC,126,0.37388724035608306,29,0.08605341246290801,PRI,97,0.2878338278931751,48,0.142433234421365,MORENA,49,0.14540059347181009,33,0.09792284866468842,97,0.2878338278931751,4,0.011869436201780416,7,0.020771513353115726,3,0.008902077151335312,126,0.37388724035608306,49,0.14540059347181009,5,0.01483679525222552,2,0.005934718100890208,0,0.0,2,0.005934718100890208,3,0.008902077151335312,1,0.002967359050445104,0,0.0,0,0.0,0,0.0,0,0.0,0,0.0,0,0.0,0,0.0,0,0.0,0,0.0,0,0.0,0,0.0,5,0.01483679525222552,337,1.0,SRC_MUNICIPAL_PRORRATEADA,SECCION,COMPLETO
427,19,NUEVO LEON,GUADALUPE,,14,2701,503,270,0.536779324055666,0.463220675944334,MC,94,0.34814814814814815,32,0.11851851851851852,PAN,62,0.22962962962962963,6,0.022222222222222223,PRI,56,0.2074074074074074,MC,94,0.34814814814814815,32,0.11851851851851852,PAN,62,0.22962962962962963,6,0.022222222222222223,PRI,56,0.2074074074074074,62,0.22962962962962963,56,0.2074074074074074,1,0.003703703703703704,3,0.011111111111111112,0,0.0,94,0.34814814814814815,25,0.09259259259259259,8,0.02962962962962963,2,0.007407407407407408,1,0.003703703703703704,3,0.011111111111111112,9,0.03333333333333333,0,0.0,0,0.0,0,0.0,0,0.0,1,0.003703703703703704,0,0.0,0,0.0,0,0.0,0,0.0,0,0.0,0,0.0,0,0.0,5,0.018518518518518517,270,1.0,SRC_MUNICIPAL_PRORRATEADA,SECCION,COMPLETO
428,19,NUEVO LEON,GUADALUPE,,14,2703,539,289,0.536178107606679,0.46382189239332094,MC,125,0.43252595155709345,72,0.2491349480968858,PAN,53,0.18339100346020762,0,0.0,PRI,53,0.18339100346020762,MC,125,0.43252595155709345,72,0.2491349480968858,PAN,53,0.18339100346020762,0,0.0,PRI,53,0.18339100346020762,53,0.18339100346020762,53,0.18339100346020762,3,0.010380622837370242,2,0.006920415224913495,8,0.02768166089965398,125,0.43252595155709345,38,0.1314878892733564,1,0.0034602076124567475,3,0.010380622837370242,1,0.0034602076124567475,2,0.006920415224913495,0,0.0,0,0.0,0,0.0,0,0.0,0,0.0,0,0.0,0,0.0,0,0.0,0,0.0,0,0.0,0,0.0,0,0.0,0,0.0,0,0.0,289,1.0,SRC_MUNICIPAL_PRORRATEADA,SECCION,COMPLETO
429,19,NUEVO LEON,GUADALUPE,,14,2704,580,311,0.5362068965517242,0.46379310344827585,MC,130,0.4180064308681672,61,0.19614147909967847,PAN,69,0.22186495176848875,17,0.05466237942122187,PRI,52,0.16720257234726688,MC,130,0.4180064308681672,61,0.19614147909967847,PAN,69,0.22186495176848875,17,0.05466237942122187,PRI,52,0.16720257234726688,69,0.22186495176848875,52,0.16720257234726688,0,0.0,2,0.006430868167202572,2,0.006430868167202572,130,0.4180064308681672,47,0.15112540192926044,1,0.003215434083601286,2,0.006430868167202572,0,0.0,2,0.006430868167202572,3,0.00964630225080386,0,0.0,0,0.0,0,0.0,0,0.0,0,0.0,0,0.0,0,0.0,0,0.0,0,0.0,0,0.0,0,0.0,0,0.0,1,0.003215434083601286,311,1.0,SRC_MUNICIPAL_PRORRATEADA,SECCION,COMPLETO
430,19,NUEVO LEON,GUADALUPE,,14,2706,578,310,0.5363321799307958,0.46366782006920415,MC,133,0.4290322580645161,65,0.20967741935483872,PRI,68,0.21935483870967742,15,0.04838709677419355,PAN,53,0.17096774193548386,MC,133,0.4290322580645161,65,0.20967741935483872,PRI,68,0.21935483870967742,15,0.04838709677419355,PAN,53,0.17096774193548386,53,0.17096774193548386,68,0.21935483870967742,1,0.0032258064516129032,4,0.012903225806451613,1,0.0032258064516129032,133,0.4290322580645161,35,0.11290322580645161,2,0.0064516129032258064,1,0.0032258064516129032,5,0.016129032258064516,4,0.012903225806451613,0,0.0,2,0.0064516129032258064,0,0.0,0,0.0,0,0.0,0,0.0,0,0.0,0,0.0,0,0.0,0,0.0,0,0.0,0,0.0,0,0.0,1,0.0032258064516129032,310,1.0,SRC_MUNICIPAL_PRORRATEADA,SECCION,COMPLETO
431,19,NUEVO LEON,GUADALUPE,,14,2707,546,293,0.5366300366300366,0.4633699633699634,MC,126,0.4300341296928328,64,0.21843003412969283,PAN,62,0.21160409556313994,16,0.05460750853242321,PRI,46,0.15699658703071673,MC,126,0.4300341296928328,64,0.21843003412969283,PAN,62,0.21160409556313994,16,0.05460750853242321,PRI,46,0.15699658703071673,62,0.21160409556313994,46,0.15699658703071673,2,0.006825938566552901,2,0.006825938566552901,1,0.0034129692832764505,126,0.4300341296928328,33,0.11262798634812286,1,0.0034129692832764505,2,0.006825938566552901,2,0.006825938566552901,3,0.010238907849829351,4,0.013651877133105802,0,0.0,0,0.0,0,0.0,0,0.0,0,0.0,0,0.0,0,0.0,0,0.0,0,0.0,0,0.0,0,0.0,1,0.0034129692832764505,8,0.027303754266211604,293,1.0,SRC_MUNICIPAL_PRORRATEADA,SECCION,COMPLETO
432,19,NUEVO LEON,GUADALUPE,,14,2708,591,317,0.5363790186125211,0.46362098138747887,MC,106,0.334384858044164,25,0.07886435331230283,PRI,81,0.2555205047318612,9,0.028391167192429023,PAN,72,0.22712933753943218,MC,106,0.334384858044164,25,0.07886435331230283,PRI,81,0.2555205047318612,9,0.028391167192429023,PAN,72,0.22712933753943218,72,0.22712933753943218,81,0.2555205047318612,2,0.006309148264984227,2,0.006309148264984227,3,0.00946372239747634,106,0.334384858044164,34,0.10725552050473186,2,0.006309148264984227,1,0.0031545741324921135,1,0.0031545741324921135,7,0.022082018927444796,0,0.0,0,0.0,0,0.0,0,0.0,0,0.0,0,0.0,0,0.0,0,0.0,0,0.0,0,0.0,0,0.0,0,0.0,0,0.0,6,0.01892744479495268,317,1.0,SRC_MUNICIPAL_PRORRATEADA,SECCION,COMPLETO
433,19,NUEVO LEON,GUADALUPE,,14,2899,869,466,0.5362485615650172,0.4637514384349828,MC,213,0.4570815450643777,105,0.22532188841201717,PAN,108,0.2317596566523605,10,0.02145922746781116,PRI,98,0.21030042918454936,MC,213,0.4570815450643777,105,0.22532188841201717,PAN,108,0.2317596566523605,10,0.02145922746781116,PRI,98,0.21030042918454936,108,0.2317596566523605,98,0.21030042918454936,1,0.002145922746781116,3,0.006437768240343348,2,0.004291845493562232,213,0.4570815450643777,31,0.06652360515021459,1,0.002145922746781116,1,0.002145922746781116,1,0.002145922746781116,5,0.01072961373390558,0,0.0,0,0.0,0,0.0,0,0.0,0,0.0,0,0.0,0,0.0,0,0.0,0,0.0,0,0.0,0,0.0,0,0.0,0,0.0,2,0.004291845493562232,466,1.0,SRC_MUNICIPAL_PRORRATEADA,SECCION,COMPLETO
434,19,NUEVO LEON,GUADALUPE,,15,531,608,326,0.5361842105263158,0.4638157894736842,MC,121,0.37116564417177916,15,0.046012269938650305,PRI,106,0.32515337423312884,63,0.19325153374233128,PAN,43,0.13190184049079753,MC,121,0.37116564417177916,15,0.046012269938650305,PRI,106,0.32515337423312884,63,0.19325153374233128,PAN,43,0.13190184049079753,43,0.13190184049079753,106,0.32515337423312884,1,0.003067484662576687,4,0.012269938650306749,5,0.015337423312883436,121,0.37116564417177916,39,0.1196319018404908,1,0.003067484662576687,1,0.003067484662576687,0,0.0,2,0.006134969325153374,0,0.0,0,0.0,0,0.0,0,0.0,0,0.0,0,0.0,0,0.0,0,0.0,0,0.0,0,0.0,0,0.0,0,0.0,0,0.0,3,0.009202453987730062,326,1.0,SRC_MUNICIPAL_PRORRATEADA,SECCION,COMPLETO
435,19,NUEVO LEON,GUADALUPE,,15,535,617,331,0.5364667747163695,0.4635332252836305,MC,139,0.4199395770392749,67,0.20241691842900303,PRI,72,0.2175226586102719,1,0.0030211480362537764,PAN,71,0.21450151057401812,MC,139,0.4199395770392749,67,0.20241691842900303,PRI,72,0.2175226586102719,1,0.0030211480362537764,PAN,71,0.21450151057401812,71,0.21450151057401812,72,0.2175226586102719,1,0.0030211480362537764,2,0.006042296072507553,2,0.006042296072507553,139,0.4199395770392749,33,0.09969788519637462,1,0.0030211480362537764,1,0.0030211480362537764,1,0.0030211480362537764,1,0.0030211480362537764,1,0.0030211480362537764,0,0.0,0,0.0,1,0.0030211480362537764,0,0.0,0,0.0,0,0.0,0,0.0,0,0.0,0,0.0,0,0.0,1,0.0030211480362537764,1,0.0030211480362537764,3,0.00906344410876133,331,1.0,SRC_MUNICIPAL_PRORRATEADA,SECCION,COMPLETO
436,19,NUEVO LEON,GUADALUPE,,15,536,580,311,0.5362068965517242,0.46379310344827585,MC,109,0.3504823151125402,30,0.09646302250803858,PRI,79,0.2540192926045016,7,0.022508038585209004,PAN,72,0.2315112540192926,MC,109,0.3504823151125402,30,0.09646302250803858,PRI,79,0.2540192926045016,7,0.022508038585209004,PAN,72,0.2315112540192926,72,0.2315112540192926,79,0.2540192926045016,2,0.006430868167202572,3,0.00964630225080386,2,0.006430868167202572,109,0.3504823151125402,30,0.09646302250803858,1,0.003215434083601286,1,0.003215434083601286,1,0.003215434083601286,1,0.003215434083601286,2,0.006430868167202572,1,0.003215434083601286,0,0.0,0,0.0,1,0.003215434083601286,0,0.0,0,0.0,1,0.003215434083601286,0,0.0,0,0.0,0,0.0,0,0.0,1,0.003215434083601286,4,0.012861736334405145,311,1.0,SRC_MUNICIPAL_PRORRATEADA,SECCION,COMPLETO
437,19,NUEVO LEON,GUADALUPE,,15,540,557,299,0.5368043087971275,0.4631956912028725,MC,109,0.36454849498327757,38,0.12709030100334448,PAN,71,0.23745819397993312,18,0.06020066889632107,PRI,53,0.17725752508361203,MC,109,0.36454849498327757,38,0.12709030100334448,PAN,71,0.23745819397993312,18,0.06020066889632107,PRI,53,0.17725752508361203,71,0.23745819397993312,53,0.17725752508361203,0,0.0,4,0.013377926421404682,4,0.013377926421404682,109,0.36454849498327757,42,0.14046822742474915,5,0.016722408026755852,3,0.010033444816053512,2,0.006688963210702341,5,0.016722408026755852,0,0.0,0,0.0,0,0.0,0,0.0,0,0.0,0,0.0,0,0.0,0,0.0,0,0.0,0,0.0,0,0.0,0,0.0,0,0.0,1,0.0033444816053511705,299,1.0,SRC_MUNICIPAL_PRORRATEADA,SECCION,COMPLETO
438,19,NUEVO LEON,GUADALUPE,,15,541,544,292,0.5367647058823529,0.4632352941176471,MC,101,0.3458904109589041,22,0.07534246575342465,PRI,79,0.2705479452054795,28,0.0958904109589041,MORENA,51,0.17465753424657535,MC,101,0.3458904109589041,22,0.07534246575342465,PRI,79,0.2705479452054795,28,0.0958904109589041,MORENA,51,0.17465753424657535,43,0.14726027397260275,79,0.2705479452054795,2,0.00684931506849315,6,0.02054794520547945,1,0.003424657534246575,101,0.3458904109589041,51,0.17465753424657535,2,0.00684931506849315,1,0.003424657534246575,1,0.003424657534246575,0,0.0,0,0.0,0,0.0,0,0.0,0,0.0,0,0.0,0,0.0,0,0.0,0,0.0,0,0.0,0,0.0,0,0.0,0,0.0,0,0.0,5,0.017123287671232876,292,1.0,SRC_MUNICIPAL_PRORRATEADA,SECCION,COMPLETO
439,19,NUEVO LEON,GUADALUPE,,15,543,432,232,0.5370370370370371,0.4629629629629629,MC,86,0.3706896551724138,43,0.1853448275862069,PAN,43,0.1853448275862069,0,0.0,PRI,43,0.1853448275862069,MC,86,0.3706896551724138,43,0.1853448275862069,PAN,43,0.1853448275862069,0,0.0,PRI,43,0.1853448275862069,43,0.1853448275862069,43,0.1853448275862069,2,0.008620689655172414,0,0.0,3,0.01293103448275862,86,0.3706896551724138,38,0.16379310344827586,0,0.0,0,0.0,1,0.004310344827586207,1,0.004310344827586207,1,0.004310344827586207,3,0.01293103448275862,0,0.0,0,0.0,0,0.0,0,0.0,0,0.0,0,0.0,0,0.0,0,0.0,0,0.0,0,0.0,0,0.0,11,0.04741379310344827,232,1.0,SRC_MUNICIPAL_PRORRATEADA,SECCION,COMPLETO
440,19,NUEVO LEON,GUADALUPE,,15,546,1437,771,0.5365344467640919,0.4634655532359081,MC,287,0.3722438391699092,117,0.1517509727626459,PRI,170,0.2204928664072633,23,0.029831387808041506,PAN,147,0.19066147859922178,MC,287,0.3722438391699092,117,0.1517509727626459,PRI,170,0.2204928664072633,23,0.029831387808041506,PAN,147,0.19066147859922178,147,0.19066147859922178,170,0.2204928664072633,3,0.0038910505836575876,5,0.00648508430609598,6,0.007782101167315175,287,0.3722438391699092,109,0.14137483787289234,10,0.01297016861219196,0,0.0,1,0.0012970168612191958,6,0.007782101167315175,0,0.0,2,0.0025940337224383916,0,0.0,0,0.0,1,0.0012970168612191958,2,0.0025940337224383916,0,0.0,0,0.0,0,0.0,1,0.0012970168612191958,0,0.0,0,0.0,0,0.0,21,0.027237354085603113,771,1.0,SRC_MUNICIPAL_PRORRATEADA,SECCION,COMPLETO
441,19,NUEVO LEON,GUADALUPE,,15,554,527,283,0.5370018975332068,0.4629981024667932,MC,98,0.3462897526501767,26,0.09187279151943463,PRI,72,0.254416961130742,15,0.053003533568904596,PAN,57,0.20141342756183744,MC,98,0.3462897526501767,26,0.09187279151943463,PRI,72,0.254416961130742,15,0.053003533568904596,PAN,57,0.20141342756183744,57,0.20141342756183744,72,0.254416961130742,0,0.0,3,0.01060070671378092,1,0.0035335689045936395,98,0.3462897526501767,34,0.12014134275618374,1,0.0035335689045936395,2,0.007067137809187279,2,0.007067137809187279,3,0.01060070671378092,1,0.0035335689045936395,2,0.007067137809187279,0,0.0,0,0.0,0,0.0,0,0.0,0,0.0,2,0.007067137809187279,0,0.0,0,0.0,0,0.0,0,0.0,0,0.0,5,0.0176678445229682,283,1.0,SRC_MUNICIPAL_PRORRATEADA,SECCION,COMPLETO
442,19,NUEVO LEON,GUADALUPE,,15,631,852,457,0.5363849765258216,0.4636150234741784,MC,162,0.3544857768052516,61,0.13347921225382933,PAN,101,0.2210065645514223,22,0.04814004376367615,PRI,79,0.17286652078774617,MC,162,0.3544857768052516,61,0.13347921225382933,PAN,101,0.2210065645514223,22,0.04814004376367615,PRI,79,0.17286652078774617,101,0.2210065645514223,79,0.17286652078774617,1,0.002188183807439825,4,0.0087527352297593,4,0.0087527352297593,162,0.3544857768052516,78,0.17067833698030635,2,0.00437636761487965,1,0.002188183807439825,1,0.002188183807439825,4,0.0087527352297593,1,0.002188183807439825,2,0.00437636761487965,1,0.002188183807439825,1,0.002188183807439825,0,0.0,2,0.00437636761487965,1,0.002188183807439825,0,0.0,0,0.0,0,0.0,0,0.0,1,0.002188183807439825,0,0.0,11,0.024070021881838075,457,1.0,SRC_MUNICIPAL_PRORRATEADA,SECCION,COMPLETO
443,19,NUEVO LEON,GUADALUPE,,15,638,1549,831,0.5364751452550033,0.4635248547449967,MC,354,0.4259927797833935,160,0.19253910950661854,PRI,194,0.23345367027677497,12,0.01444043321299639,PAN,182,0.2190132370637786,MC,354,0.4259927797833935,160,0.19253910950661854,PRI,194,0.23345367027677497,12,0.01444043321299639,PAN,182,0.2190132370637786,182,0.2190132370637786,194,0.23345367027677497,4,0.0048134777376654635,3,0.0036101083032490976,3,0.0036101083032490976,354,0.4259927797833935,72,0.08664259927797834,5,0.006016847172081829,3,0.0036101083032490976,0,0.0,4,0.0048134777376654635,0,0.0,0,0.0,0,0.0,0,0.0,0,0.0,0,0.0,0,0.0,1,0.0012033694344163659,0,0.0,0,0.0,0,0.0,0,0.0,0,0.0,6,0.007220216606498195,831,1.0,SRC_MUNICIPAL_PRORRATEADA,SECCION,COMPLETO
444,19,NUEVO LEON,GUADALUPE,,15,641,781,419,0.5364916773367477,0.46350832266325226,MC,155,0.36992840095465396,67,0.15990453460620524,PAN,88,0.2100238663484487,3,0.007159904534606206,PRI,85,0.20286396181384247,MC,155,0.36992840095465396,67,0.15990453460620524,PAN,88,0.2100238663484487,3,0.007159904534606206,PRI,85,0.20286396181384247,88,0.2100238663484487,85,0.20286396181384247,0,0.0,3,0.007159904534606206,3,0.007159904534606206,155,0.36992840095465396,69,0.16467780429594273,2,0.00477326968973747,0,0.0,2,0.00477326968973747,4,0.00954653937947494,0,0.0,2,0.00477326968973747,0,0.0,0,0.0,0,0.0,1,0.002386634844868735,0,0.0,0,0.0,1,0.002386634844868735,1,0.002386634844868735,0,0.0,0,0.0,0,0.0,3,0.007159904534606206,419,1.0,SRC_MUNICIPAL_PRORRATEADA,SECCION,COMPLETO
445,19,NUEVO LEON,GUADALUPE,,15,642,770,413,0.5363636363636364,0.4636363636363636,MC,195,0.4721549636803874,114,0.27602905569007263,PAN,81,0.19612590799031476,18,0.043583535108958835,PRI,63,0.15254237288135594,MC,195,0.4721549636803874,114,0.27602905569007263,PAN,81,0.19612590799031476,18,0.043583535108958835,PRI,63,0.15254237288135594,81,0.19612590799031476,63,0.15254237288135594,2,0.004842615012106538,6,0.014527845036319613,2,0.004842615012106538,195,0.4721549636803874,44,0.10653753026634383,1,0.002421307506053269,1,0.002421307506053269,0,0.0,6,0.014527845036319613,0,0.0,0,0.0,1,0.002421307506053269,0,0.0,0,0.0,0,0.0,0,0.0,0,0.0,0,0.0,0,0.0,0,0.0,0,0.0,0,0.0,11,0.026634382566585957,413,1.0,SRC_MUNICIPAL_PRORRATEADA,SECCION,COMPLETO
446,19,NUEVO LEON,GUADALUPE,,15,658,884,474,0.5361990950226244,0.4638009049773756,MC,211,0.4451476793248945,100,0.2109704641350211,PRI,111,0.23417721518987342,10,0.02109704641350211,PAN,101,0.21308016877637131,MC,211,0.4451476793248945,100,0.2109704641350211,PRI,111,0.23417721518987342,10,0.02109704641350211,PAN,101,0.21308016877637131,101,0.21308016877637131,111,0.23417721518987342,1,0.002109704641350211,1,0.002109704641350211,1,0.002109704641350211,211,0.4451476793248945,33,0.06962025316455696,0,0.0,1,0.002109704641350211,0,0.0,2,0.004219409282700422,2,0.004219409282700422,0,0.0,0,0.0,0,0.0,0,0.0,0,0.0,0,0.0,0,0.0,0,0.0,1,0.002109704641350211,0,0.0,0,0.0,0,0.0,9,0.0189873417721519,474,1.0,SRC_MUNICIPAL_PRORRATEADA,SECCION,COMPLETO
447,19,NUEVO LEON,GUADALUPE,,15,672,1588,852,0.5365239294710328,0.4634760705289672,MC,278,0.32629107981220656,3,0.0035211267605633804,PRI,275,0.3227699530516432,192,0.22535211267605634,MORENA,83,0.09741784037558686,MC,278,0.32629107981220656,3,0.0035211267605633804,PRI,275,0.3227699530516432,192,0.22535211267605634,MORENA,83,0.09741784037558686,74,0.08685446009389672,275,0.3227699530516432,5,0.005868544600938967,53,0.062206572769953054,6,0.007042253521126761,278,0.32629107981220656,83,0.09741784037558686,5,0.005868544600938967,0,0.0,1,0.0011737089201877935,9,0.01056338028169014,2,0.002347417840375587,0,0.0,1,0.0011737089201877935,2,0.002347417840375587,0,0.0,0,0.0,1,0.0011737089201877935,3,0.0035211267605633804,0,0.0,1,0.0011737089201877935,0,0.0,0,0.0,0,0.0,53,0.062206572769953054,852,1.0,SRC_MUNICIPAL_PRORRATEADA,SECCION,COMPLETO
448,19,NUEVO LEON,GUADALUPE,,15,673,865,464,0.5364161849710982,0.4635838150289018,PRI,153,0.3297413793103448,6,0.01293103448275862,MC,147,0.3168103448275862,91,0.1961206896551724,MORENA,56,0.1206896551724138,PRI,153,0.3297413793103448,6,0.01293103448275862,MC,147,0.3168103448275862,91,0.1961206896551724,MORENA,56,0.1206896551724138,52,0.11206896551724138,153,0.3297413793103448,4,0.008620689655172414,19,0.040948275862068964,4,0.008620689655172414,147,0.3168103448275862,56,0.1206896551724138,5,0.010775862068965518,0,0.0,0,0.0,1,0.0021551724137931034,3,0.00646551724137931,1,0.0021551724137931034,1,0.0021551724137931034,0,0.0,0,0.0,1,0.0021551724137931034,0,0.0,0,0.0,0,0.0,2,0.004310344827586207,0,0.0,0,0.0,0,0.0,15,0.032327586206896554,464,1.0,SRC_MUNICIPAL_PRORRATEADA,SECCION,COMPLETO
449,19,NUEVO LEON,GUADALUPE,,15,674,984,528,0.5365853658536586,0.46341463414634143,PRI,184,0.3484848484848485,5,0.00946969696969697,MC,179,0.3390151515151515,109,0.20643939393939395,MORENA,70,0.13257575757575757,PRI,184,0.3484848484848485,5,0.00946969696969697,MC,179,0.3390151515151515,109,0.20643939393939395,MORENA,70,0.13257575757575757,45,0.08522727272727272,184,0.3484848484848485,1,0.001893939393939394,7,0.013257575757575758,9,0.017045454545454544,179,0.3390151515151515,70,0.13257575757575757,1,0.001893939393939394,2,0.003787878787878788,4,0.007575757575757576,2,0.003787878787878788,6,0.011363636363636364,0,0.0,0,0.0,0,0.0,0,0.0,0,0.0,0,0.0,0,0.0,0,0.0,0,0.0,0,0.0,0,0.0,0,0.0,18,0.03409090909090909,528,1.0,SRC_MUNICIPAL_PRORRATEADA,SECCION,COMPLETO
450,19,NUEVO LEON,GUADALUPE,,15,676,587,315,0.5366269165247018,0.46337308347529815,MC,124,0.39365079365079364,61,0.19365079365079366,PRI,63,0.2,7,0.022222222222222223,PAN,56,0.17777777777777778,MC,124,0.39365079365079364,61,0.19365079365079366,PRI,63,0.2,7,0.022222222222222223,PAN,56,0.17777777777777778,56,0.17777777777777778,63,0.2,2,0.006349206349206349,2,0.006349206349206349,1,0.0031746031746031746,124,0.39365079365079364,42,0.13333333333333333,2,0.006349206349206349,3,0.009523809523809525,1,0.0031746031746031746,2,0.006349206349206349,1,0.0031746031746031746,1,0.0031746031746031746,0,0.0,0,0.0,0,0.0,0,0.0,0,0.0,0,0.0,0,0.0,1,0.0031746031746031746,1,0.0031746031746031746,0,0.0,0,0.0,13,0.04126984126984127,315,1.0,SRC_MUNICIPAL_PRORRATEADA,SECCION,COMPLETO
451,19,NUEVO LEON,GUADALUPE,,15,678,526,282,0.5361216730038023,0.4638783269961977,MC,80,0.28368794326241137,5,0.01773049645390071,PRI,75,0.26595744680851063,24,0.0851063829787234,PAN,51,0.18085106382978725,MC,80,0.28368794326241137,5,0.01773049645390071,PRI,75,0.26595744680851063,24,0.0851063829787234,PAN,51,0.18085106382978725,51,0.18085106382978725,75,0.26595744680851063,1,0.0035460992907801418,4,0.014184397163120567,5,0.01773049645390071,80,0.28368794326241137,44,0.15602836879432624,0,0.0,2,0.0070921985815602835,0,0.0,2,0.0070921985815602835,4,0.014184397163120567,4,0.014184397163120567,0,0.0,0,0.0,0,0.0,0,0.0,0,0.0,0,0.0,0,0.0,0,0.0,2,0.0070921985815602835,0,0.0,0,0.0,8,0.028368794326241134,282,1.0,SRC_MUNICIPAL_PRORRATEADA,SECCION,COMPLETO
452,19,NUEVO LEON,GUADALUPE,,15,679,1219,654,0.5365053322395406,0.46349466776045944,MC,233,0.3562691131498471,61,0.09327217125382263,PRI,172,0.26299694189602446,88,0.1345565749235474,MORENA,84,0.12844036697247707,MC,233,0.3562691131498471,61,0.09327217125382263,PRI,172,0.26299694189602446,88,0.1345565749235474,MORENA,84,0.12844036697247707,51,0.0779816513761468,172,0.26299694189602446,1,0.0015290519877675841,59,0.09021406727828746,4,0.0061162079510703364,233,0.3562691131498471,84,0.12844036697247707,3,0.0045871559633027525,5,0.00764525993883792,1,0.0015290519877675841,7,0.010703363914373088,2,0.0030581039755351682,1,0.0015290519877675841,3,0.0045871559633027525,0,0.0,1,0.0015290519877675841,0,0.0,0,0.0,3,0.0045871559633027525,0,0.0,0,0.0,0,0.0,0,0.0,1,0.0015290519877675841,23,0.035168195718654434,654,1.0,SRC_MUNICIPAL_PRORRATEADA,SECCION,COMPLETO
453,19,NUEVO LEON,GUADALUPE,,15,680,0,0,0.0,0.0,PAN,0,0.0,0,0.0,PRI,0,0.0,0,0.0,PRD,0,0.0,PAN,0,0.0,0,0.0,PRI,0,0.0,0,0.0,PRD,0,0.0,0,0.0,0,0.0,0,0.0,0,0.0,0,0.0,0,0.0,0,0.0,0,0.0,0,0.0,0,0.0,0,0.0,0,0.0,0,0.0,0,0.0,0,0.0,0,0.0,0,0.0,0,0.0,0,0.0,0,0.0,0,0.0,0,0.0,0,0.0,0,0.0,0,0.0,0,0.0,SRC_MUNICIPAL_PRORRATEADA,SECCION,COMPLETO
454,19,NUEVO LEON,GUADALUPE,,15,682,982,527,0.5366598778004074,0.46334012219959264,MC,182,0.34535104364326374,70,0.13282732447817835,PAN,112,0.2125237191650854,12,0.022770398481973434,PRI,100,0.18975332068311196,MC,182,0.34535104364326374,70,0.13282732447817835,PAN,112,0.2125237191650854,12,0.022770398481973434,PRI,100,0.18975332068311196,112,0.2125237191650854,100,0.18975332068311196,2,0.003795066413662239,6,0.011385199240986717,7,0.013282732447817837,182,0.34535104364326374,78,0.14800759013282733,4,0.007590132827324478,3,0.0056925996204933585,2,0.003795066413662239,5,0.009487666034155597,2,0.003795066413662239,1,0.0018975332068311196,0,0.0,0,0.0,0,0.0,0,0.0,0,0.0,2,0.003795066413662239,0,0.0,1,0.0018975332068311196,3,0.0056925996204933585,0,0.0,0,0.0,17,0.03225806451612903,527,1.0,SRC_MUNICIPAL_PRORRATEADA,SECCION,COMPLETO
455,19,NUEVO LEON,GUADALUPE,,15,687,623,334,0.536115569823435,0.463884430176565,MC,147,0.44011976047904194,74,0.2215568862275449,PRI,73,0.218562874251497,5,0.014970059880239521,PAN,68,0.20359281437125748,MC,147,0.44011976047904194,74,0.2215568862275449,PRI,73,0.218562874251497,5,0.014970059880239521,PAN,68,0.20359281437125748,68,0.20359281437125748,73,0.218562874251497,1,0.0029940119760479044,3,0.008982035928143712,2,0.005988023952095809,147,0.44011976047904194,26,0.07784431137724551,1,0.0029940119760479044,2,0.005988023952095809,3,0.008982035928143712,4,0.011976047904191617,1,0.0029940119760479044,0,0.0,0,0.0,0,0.0,0,0.0,0,0.0,0,0.0,0,0.0,0,0.0,0,0.0,0,0.0,0,0.0,0,0.0,3,0.008982035928143712,334,1.0,SRC_MUNICIPAL_PRORRATEADA,SECCION,COMPLETO
456,19,NUEVO LEON,GUADALUPE,,15,689,522,280,0.5363984674329502,0.46360153256704983,MC,138,0.4928571428571429,94,0.3357142857142857,PAN,44,0.15714285714285714,2,0.007142857142857143,PRI,42,0.15,MC,138,0.4928571428571429,94,0.3357142857142857,PAN,44,0.15714285714285714,2,0.007142857142857143,PRI,42,0.15,44,0.15714285714285714,42,0.15,0,0.0,3,0.010714285714285714,3,0.010714285714285714,138,0.4928571428571429,31,0.11071428571428571,1,0.0035714285714285713,0,0.0,3,0.010714285714285714,2,0.007142857142857143,1,0.0035714285714285713,1,0.0035714285714285713,0,0.0,0,0.0,1,0.0035714285714285713,0,0.0,1,0.0035714285714285713,3,0.010714285714285714,0,0.0,0,0.0,0,0.0,0,0.0,0,0.0,6,0.02142857142857143,280,1.0,SRC_MUNICIPAL_PRORRATEADA,SECCION,COMPLETO
457,19,NUEVO LEON,GUADALUPE,,15,691,701,376,0.536376604850214,0.463623395149786,MC,151,0.4015957446808511,78,0.2074468085106383,PRI,73,0.19414893617021275,13,0.034574468085106384,PAN,60,0.1595744680851064,MC,151,0.4015957446808511,78,0.2074468085106383,PRI,73,0.19414893617021275,13,0.034574468085106384,PAN,60,0.1595744680851064,60,0.1595744680851064,73,0.19414893617021275,3,0.007978723404255319,2,0.005319148936170213,5,0.013297872340425532,151,0.4015957446808511,58,0.15425531914893617,1,0.0026595744680851063,4,0.010638297872340425,4,0.010638297872340425,6,0.015957446808510637,0,0.0,0,0.0,1,0.0026595744680851063,0,0.0,0,0.0,0,0.0,0,0.0,0,0.0,0,0.0,0,0.0,0,0.0,1,0.0026595744680851063,1,0.0026595744680851063,6,0.015957446808510637,376,1.0,SRC_MUNICIPAL_PRORRATEADA,SECCION,COMPLETO
458,19,NUEVO LEON,GUADALUPE,,15,693,1292,693,0.5363777089783281,0.46362229102167185,MC,249,0.3593073593073593,90,0.12987012987012986,PRI,159,0.22943722943722944,40,0.05772005772005772,PAN,119,0.1717171717171717,MC,249,0.3593073593073593,90,0.12987012987012986,PRI,159,0.22943722943722944,40,0.05772005772005772,PAN,119,0.1717171717171717,119,0.1717171717171717,159,0.22943722943722944,2,0.002886002886002886,11,0.015873015873015872,11,0.015873015873015872,249,0.3593073593073593,103,0.14862914862914864,7,0.010101010101010102,3,0.004329004329004329,5,0.007215007215007215,7,0.010101010101010102,0,0.0,1,0.001443001443001443,1,0.001443001443001443,0,0.0,0,0.0,0,0.0,1,0.001443001443001443,0,0.0,1,0.001443001443001443,1,0.001443001443001443,0,0.0,0,0.0,0,0.0,12,0.017316017316017316,693,1.0,SRC_MUNICIPAL_PRORRATEADA,SECCION,COMPLETO
459,19,NUEVO LEON,GUADALUPE,,15,720,511,274,0.5362035225048923,0.46379647749510766,MC,85,0.3102189781021898,8,0.029197080291970802,PRI,77,0.28102189781021897,32,0.11678832116788321,MORENA,45,0.16423357664233576,MC,85,0.3102189781021898,8,0.029197080291970802,PRI,77,0.28102189781021897,32,0.11678832116788321,MORENA,45,0.16423357664233576,34,0.12408759124087591,77,0.28102189781021897,4,0.014598540145985401,2,0.0072992700729927005,4,0.014598540145985401,85,0.3102189781021898,45,0.16423357664233576,4,0.014598540145985401,3,0.010948905109489052,0,0.0,1,0.0036496350364963502,1,0.0036496350364963502,2,0.0072992700729927005,1,0.0036496350364963502,0,0.0,0,0.0,0,0.0,0,0.0,0,0.0,0,0.0,0,0.0,0,0.0,0,0.0,0,0.0,11,0.040145985401459854,274,1.0,SRC_MUNICIPAL_PRORRATEADA,SECCION,COMPLETO
460,19,NUEVO LEON,GUADALUPE,,15,2902,1344,721,0.5364583333333334,0.46354166666666663,MC,298,0.4133148404993065,138,0.1914008321775312,PRI,160,0.22191400832177532,26,0.036061026352288486,PAN,134,0.18585298196948682,MC,298,0.4133148404993065,138,0.1914008321775312,PRI,160,0.22191400832177532,26,0.036061026352288486,PAN,134,0.18585298196948682,134,0.18585298196948682,160,0.22191400832177532,1,0.0013869625520110957,19,0.026352288488210817,0,0.0,298,0.4133148404993065,74,0.10263522884882108,9,0.012482662968099861,1,0.0013869625520110957,4,0.005547850208044383,5,0.006934812760055479,4,0.005547850208044383,1,0.0013869625520110957,1,0.0013869625520110957,1,0.0013869625520110957,0,0.0,0,0.0,1,0.0013869625520110957,0,0.0,0,0.0,0,0.0,0,0.0,0,0.0,0,0.0,8,0.011095700416088766,721,1.0,SRC_MUNICIPAL_PRORRATEADA,SECCION,COMPLETO
461,19,NUEVO LEON,GUADALUPE,,15,2903,609,327,0.5369458128078818,0.4630541871921182,MC,135,0.41284403669724773,62,0.18960244648318042,PAN,73,0.22324159021406728,9,0.027522935779816515,PRI,64,0.19571865443425077,MC,135,0.41284403669724773,62,0.18960244648318042,PAN,73,0.22324159021406728,9,0.027522935779816515,PRI,64,0.19571865443425077,73,0.22324159021406728,64,0.19571865443425077,1,0.0030581039755351682,2,0.0061162079510703364,1,0.0030581039755351682,135,0.41284403669724773,38,0.1162079510703364,2,0.0061162079510703364,0,0.0,0,0.0,3,0.009174311926605505,0,0.0,3,0.009174311926605505,2,0.0061162079510703364,1,0.0030581039755351682,0,0.0,0,0.0,0,0.0,0,0.0,0,0.0,0,0.0,0,0.0,0,0.0,0,0.0,2,0.0061162079510703364,327,1.0,SRC_MUNICIPAL_PRORRATEADA,SECCION,COMPLETO
462,19,NUEVO LEON,HIDALGO,,20,0,6991,4357,0.6232298669718209,0.3767701330281791,MC,1615,0.3706678907505164,594,0.13633233876520542,PAN,1021,0.234335551985311,501,0.11498737663529952,PRI,520,0.11934817535001148,MC,1615,0.3706678907505164,594,0.13633233876520542,PAN,1021,0.234335551985311,501,0.11498737663529952,PRI,520,0.11934817535001148,1021,0.234335551985311,520,0.11934817535001148,138,0.03167316961211843,275,0.06311682350240992,58,0.013311911865962818,1615,0.3706678907505164,305,0.07000229515721827,140,0.03213220105577232,45,0.010328207482212531,55,0.012623364700481983,76,0.017443194858847832,3,0.0006885471654808355,6,0.001377094330961671,2,0.0004590314436538903,1,0.00022951572182694515,0,0.0,0,0.0,1,0.00022951572182694515,1,0.00022951572182694515,0,0.0,0,0.0,0,0.0,1,0.00022951572182694515,1,0.00022951572182694515,93,0.021344962129905897,4357,1.0,SRC_MUNICIPAL_PRORRATEADA,SECCION,COMPLETO
463,19,NUEVO LEON,HIDALGO,,20,813,839,523,0.6233611442193087,0.37663885578069134,MC,171,0.32695984703632885,45,0.08604206500956023,PAN,126,0.24091778202676864,72,0.13766730401529637,MORENA,54,0.10325047801147227,MC,171,0.32695984703632885,45,0.08604206500956023,PAN,126,0.24091778202676864,72,0.13766730401529637,MORENA,54,0.10325047801147227,126,0.24091778202676864,53,0.10133843212237094,12,0.022944550669216062,46,0.08795411089866156,5,0.009560229445506692,171,0.32695984703632885,54,0.10325047801147227,18,0.03441682600382409,2,0.0038240917782026767,7,0.01338432122370937,11,0.021032504780114723,0,0.0,0,0.0,0,0.0,0,0.0,0,0.0,0,0.0,0,0.0,1,0.0019120458891013384,0,0.0,0,0.0,0,0.0,0,0.0,1,0.0019120458891013384,16,0.030592734225621414,523,1.0,SRC_MUNICIPAL_PRORRATEADA,SECCION,COMPLETO
464,19,NUEVO LEON,HIDALGO,,20,815,586,365,0.6228668941979523,0.37713310580204773,MC,114,0.31232876712328766,20,0.0547945205479452,PAN,94,0.25753424657534246,54,0.14794520547945206,PRI,40,0.1095890410958904,MC,114,0.31232876712328766,20,0.0547945205479452,PAN,94,0.25753424657534246,54,0.14794520547945206,PRI,40,0.1095890410958904,94,0.25753424657534246,40,0.1095890410958904,17,0.04657534246575343,21,0.057534246575342465,5,0.0136986301369863,114,0.31232876712328766,34,0.09315068493150686,23,0.06301369863013699,4,0.010958904109589041,1,0.0027397260273972603,3,0.00821917808219178,1,0.0027397260273972603,0,0.0,0,0.0,0,0.0,0,0.0,0,0.0,0,0.0,0,0.0,0,0.0,0,0.0,0,0.0,0,0.0,0,0.0,8,0.021917808219178082,365,1.0,SRC_MUNICIPAL_PRORRATEADA,SECCION,COMPLETO
465,19,NUEVO LEON,HIDALGO,,20,816,3193,1990,0.6232383338553085,0.37676166614469153,MC,778,0.39095477386934674,386,0.19396984924623115,PAN,392,0.19698492462311556,171,0.08592964824120602,PRI,221,0.11105527638190955,MC,778,0.39095477386934674,386,0.19396984924623115,PAN,392,0.19698492462311556,171,0.08592964824120602,PRI,221,0.11105527638190955,392,0.19698492462311556,221,0.11105527638190955,76,0.03819095477386935,104,0.05226130653266332,20,0.010050251256281407,778,0.39095477386934674,170,0.08542713567839195,86,0.04321608040201005,24,0.012060301507537688,21,0.010552763819095477,51,0.02562814070351759,2,0.0010050251256281408,0,0.0,0,0.0,0,0.0,0,0.0,0,0.0,0,0.0,2,0.0010050251256281408,2,0.0010050251256281408,0,0.0,0,0.0,2,0.0010050251256281408,0,0.0,39,0.019597989949748745,1990,1.0,SRC_MUNICIPAL_PRORRATEADA,SECCION,COMPLETO
466,19,NUEVO LEON,HIDALGO,,20,817,622,388,0.6237942122186495,0.3762057877813505,MC,154,0.39690721649484534,82,0.211340206185567,PAN,72,0.18556701030927836,14,0.03608247422680412,PRI,58,0.14948453608247422,MC,154,0.39690721649484534,82,0.211340206185567,PAN,72,0.18556701030927836,14,0.03608247422680412,PRI,58,0.14948453608247422,72,0.18556701030927836,58,0.14948453608247422,10,0.02577319587628866,13,0.03350515463917526,6,0.015463917525773196,154,0.39690721649484534,26,0.06701030927835051,20,0.05154639175257732,4,0.010309278350515464,5,0.01288659793814433,7,0.01804123711340206,0,0.0,0,0.0,0,0.0,0,0.0,0,0.0,0,0.0,0,0.0,0,0.0,1,0.002577319587628866,0,0.0,0,0.0,0,0.0,1,0.002577319587628866,11,0.028350515463917526,388,1.0,SRC_MUNICIPAL_PRORRATEADA,SECCION,COMPLETO
467,19,NUEVO LEON,HIDALGO,,20,818,478,298,0.6234309623430963,0.37656903765690375,MC,103,0.34563758389261745,39,0.13087248322147652,PAN,64,0.21476510067114093,26,0.087248322147651,PRI,38,0.12751677852348994,MC,103,0.34563758389261745,39,0.13087248322147652,PAN,64,0.21476510067114093,26,0.087248322147651,PRI,38,0.12751677852348994,64,0.21476510067114093,38,0.12751677852348994,12,0.040268456375838924,10,0.03355704697986577,4,0.013422818791946308,103,0.34563758389261745,31,0.1040268456375839,16,0.053691275167785234,1,0.003355704697986577,4,0.013422818791946308,3,0.010067114093959731,0,0.0,0,0.0,0,0.0,0,0.0,0,0.0,0,0.0,0,0.0,0,0.0,0,0.0,0,0.0,0,0.0,0,0.0,0,0.0,12,0.040268456375838924,298,1.0,SRC_MUNICIPAL_PRORRATEADA,SECCION,COMPLETO
468,19,NUEVO LEON,HIGUERAS,,24,0,1432,1236,0.8631284916201117,0.13687150837988826,PAN,505,0.4085760517799353,155,0.12540453074433658,MC,350,0.28317152103559873,239,0.19336569579288027,PRD,111,0.08980582524271845,PAN,505,0.4085760517799353,155,0.12540453074433658,MC,350,0.28317152103559873,239,0.19336569579288027,PRD,111,0.08980582524271845,505,0.4085760517799353,70,0.05663430420711974,111,0.08980582524271845,5,0.0040453074433656954,11,0.00889967637540453,350,0.28317152103559873,25,0.020226537216828478,2,0.0016181229773462784,0,0.0,0,0.0,2,0.0016181229773462784,110,0.0889967637540453,25,0.020226537216828478,0,0.0,0,0.0,0,0.0,0,0.0,0,0.0,0,0.0,0,0.0,0,0.0,0,0.0,0,0.0,0,0.0,20,0.016181229773462782,1236,1.0,SRC_MUNICIPAL_PRORRATEADA,SECCION,COMPLETO
469,19,NUEVO LEON,HUALAHUISES,,24,0,6244,4291,0.6872197309417041,0.3127802690582959,PRI,2017,0.47005360055931017,1029,0.2398042414355628,MC,988,0.2302493591237474,301,0.0701468189233279,PAN,687,0.16010254020041947,PRI,2017,0.47005360055931017,1029,0.2398042414355628,MC,988,0.2302493591237474,301,0.0701468189233279,PAN,687,0.16010254020041947,687,0.16010254020041947,2017,0.47005360055931017,18,0.004194826380797017,35,0.008156606851549755,69,0.016080167793055232,988,0.2302493591237474,253,0.05896061524120252,51,0.011885341412258214,16,0.0037287345607084597,9,0.0020974131903985084,9,0.0020974131903985084,11,0.002563505010487066,2,0.00046609182008855747,1,0.00023304591004427873,0,0.0,0,0.0,0,0.0,0,0.0,0,0.0,0,0.0,0,0.0,0,0.0,0,0.0,0,0.0,125,0.02913073875553484,4291,1.0,SRC_MUNICIPAL_PRORRATEADA,SECCION,COMPLETO
470,19,NUEVO LEON,ITURBIDE,,26,0,3205,2857,0.8914196567862714,0.10858034321372856,PRI,1340,0.4690234511725586,427,0.1494574728736437,PAN,913,0.3195659782989149,597,0.20896044802240113,MC,316,0.11060553027651382,PRI,1340,0.4690234511725586,427,0.1494574728736437,PAN,913,0.3195659782989149,597,0.20896044802240113,MC,316,0.11060553027651382,913,0.3195659782989149,1340,0.4690234511725586,2,0.0007000350017500875,27,0.009450472523626182,42,0.014700735036751837,316,0.11060553027651382,146,0.05110255512775639,6,0.0021001050052502626,0,0.0,1,0.00035001750087504374,1,0.00035001750087504374,5,0.0017500875043752187,4,0.001400070003500175,2,0.0007000350017500875,0,0.0,0,0.0,0,0.0,0,0.0,0,0.0,0,0.0,0,0.0,0,0.0,0,0.0,0,0.0,52,0.018200910045502276,2857,1.0,SRC_MUNICIPAL_PRORRATEADA,SECCION,COMPLETO
471,19,NUEVO LEON,JUAREZ,,22,0,203025,79745,0.3927841398842507,0.6072158601157494,MC,31224,0.3915480594394633,9031,0.11324847952849708,PRI,22193,0.2782995799109662,10177,0.1276192864756411,PAN,12016,0.1506802934353251,MC,31224,0.3915480594394633,9031,0.11324847952849708,PRI,22193,0.2782995799109662,10177,0.1276192864756411,PAN,12016,0.1506802934353251,12016,0.1506802934353251,22193,0.2782995799109662,292,0.0036616715781553704,967,0.012126152109850147,711,0.008915919493385166,31224,0.3915480594394633,8817,0.11056492570067089,482,0.006044266098187974,264,0.003310552385729513,204,0.0025581541162455327,563,0.007060003761991347,452,0.005668066963445984,178,0.002232114866135808,31,0.00038873910590005644,4,5.015988463226535e-05,13,0.00016301962505486237,11,0.0001379396827387297,11,0.0001379396827387297,44,0.0005517587309549188,5,6.269985579033168e-05,63,0.0007900181829581792,1,1.2539971158066337e-05,18,0.00022571948084519405,13,0.00016301962505486237,1168,0.014646686312621482,79745,1.0,SRC_MUNICIPAL_PRORRATEADA,SECCION,COMPLETO
472,19,NUEVO LEON,JUAREZ,,22,841,1909,750,0.392875851231011,0.607124148768989,MC,261,0.348,9,0.012,PRI,252,0.336,123,0.164,PAN,129,0.172,MC,261,0.348,9,0.012,PRI,252,0.336,123,0.164,PAN,129,0.172,129,0.172,252,0.336,1,0.0013333333333333333,6,0.008,2,0.0026666666666666666,261,0.348,64,0.08533333333333333,7,0.009333333333333334,2,0.0026666666666666666,3,0.004,5,0.006666666666666667,6,0.008,0,0.0,1,0.0013333333333333333,0,0.0,1,0.0013333333333333333,0,0.0,0,0.0,0,0.0,0,0.0,0,0.0,0,0.0,1,0.0013333333333333333,0,0.0,9,0.012,750,1.0,SRC_MUNICIPAL_PRORRATEADA,SECCION,COMPLETO
473,19,NUEVO LEON,JUAREZ,,22,842,1525,599,0.39278688524590166,0.6072131147540983,MC,219,0.3656093489148581,36,0.06010016694490818,PRI,183,0.3055091819699499,87,0.14524207011686144,PAN,96,0.16026711185308848,MC,219,0.3656093489148581,36,0.06010016694490818,PRI,183,0.3055091819699499,87,0.14524207011686144,PAN,96,0.16026711185308848,96,0.16026711185308848,183,0.3055091819699499,1,0.001669449081803005,11,0.018363939899833055,4,0.00667779632721202,219,0.3656093489148581,59,0.09849749582637729,3,0.005008347245409015,2,0.00333889816360601,1,0.001669449081803005,4,0.00667779632721202,1,0.001669449081803005,0,0.0,0,0.0,0,0.0,0,0.0,0,0.0,0,0.0,1,0.001669449081803005,0,0.0,0,0.0,0,0.0,0,0.0,0,0.0,14,0.02337228714524207,599,1.0,SRC_MUNICIPAL_PRORRATEADA,SECCION,COMPLETO
474,19,NUEVO LEON,JUAREZ,,22,846,634,249,0.39274447949526814,0.6072555205047319,PRI,83,0.3333333333333333,1,0.004016064257028112,MC,82,0.3293172690763052,51,0.20481927710843373,PAN,31,0.12449799196787148,PRI,83,0.3333333333333333,1,0.004016064257028112,MC,82,0.3293172690763052,51,0.20481927710843373,PAN,31,0.12449799196787148,31,0.12449799196787148,83,0.3333333333333333,2,0.008032128514056224,5,0.020080321285140562,3,0.012048192771084338,82,0.3293172690763052,25,0.10040160642570281,2,0.008032128514056224,2,0.008032128514056224,1,0.004016064257028112,1,0.004016064257028112,0,0.0,1,0.004016064257028112,1,0.004016064257028112,0,0.0,0,0.0,0,0.0,0,0.0,0,0.0,0,0.0,0,0.0,0,0.0,0,0.0,0,0.0,10,0.040160642570281124,249,1.0,SRC_MUNICIPAL_PRORRATEADA,SECCION,COMPLETO
475,19,NUEVO LEON,JUAREZ,,22,2335,532,209,0.39285714285714285,0.6071428571428572,MC,78,0.37320574162679426,24,0.11483253588516747,PRI,54,0.2583732057416268,23,0.11004784688995216,MORENA,31,0.14832535885167464,MC,78,0.37320574162679426,24,0.11483253588516747,PRI,54,0.2583732057416268,23,0.11004784688995216,MORENA,31,0.14832535885167464,29,0.13875598086124402,54,0.2583732057416268,0,0.0,3,0.014354066985645933,4,0.019138755980861243,78,0.37320574162679426,31,0.14832535885167464,2,0.009569377990430622,1,0.004784688995215311,0,0.0,1,0.004784688995215311,2,0.009569377990430622,0,0.0,0,0.0,0,0.0,0,0.0,0,0.0,0,0.0,0,0.0,0,0.0,0,0.0,0,0.0,0,0.0,0,0.0,4,0.019138755980861243,209,1.0,SRC_MUNICIPAL_PRORRATEADA,SECCION,COMPLETO
476,19,NUEVO LEON,JUAREZ,,22,2336,456,179,0.3925438596491228,0.6074561403508771,MC,55,0.30726256983240224,1,0.00558659217877095,PRI,54,0.3016759776536313,27,0.15083798882681565,MORENA,27,0.15083798882681565,MC,55,0.30726256983240224,1,0.00558659217877095,PRI,54,0.3016759776536313,27,0.15083798882681565,MORENA,27,0.15083798882681565,25,0.13966480446927373,54,0.3016759776536313,1,0.00558659217877095,0,0.0,3,0.01675977653631285,55,0.30726256983240224,27,0.15083798882681565,1,0.00558659217877095,0,0.0,0,0.0,5,0.027932960893854747,2,0.0111731843575419,0,0.0,0,0.0,0,0.0,0,0.0,0,0.0,0,0.0,0,0.0,0,0.0,0,0.0,0,0.0,0,0.0,0,0.0,6,0.0335195530726257,179,1.0,SRC_MUNICIPAL_PRORRATEADA,SECCION,COMPLETO
477,19,NUEVO LEON,JUAREZ,,22,2337,1456,572,0.39285714285714285,0.6071428571428572,MC,229,0.40034965034965037,59,0.10314685314685315,PRI,170,0.2972027972027972,81,0.14160839160839161,PAN,89,0.1555944055944056,MC,229,0.40034965034965037,59,0.10314685314685315,PRI,170,0.2972027972027972,81,0.14160839160839161,PAN,89,0.1555944055944056,89,0.1555944055944056,170,0.2972027972027972,2,0.0034965034965034965,4,0.006993006993006993,3,0.005244755244755245,229,0.40034965034965037,56,0.0979020979020979,5,0.008741258741258742,1,0.0017482517482517483,1,0.0017482517482517483,3,0.005244755244755245,2,0.0034965034965034965,1,0.0017482517482517483,0,0.0,1,0.0017482517482517483,0,0.0,0,0.0,0,0.0,0,0.0,0,0.0,0,0.0,0,0.0,0,0.0,0,0.0,5,0.008741258741258742,572,1.0,SRC_MUNICIPAL_PRORRATEADA,SECCION,COMPLETO
478,19,NUEVO LEON,JUAREZ,,22,2340,524,206,0.3931297709923664,0.6068702290076335,MC,64,0.3106796116504854,2,0.009708737864077669,PRI,62,0.30097087378640774,28,0.13592233009708737,PAN,34,0.1650485436893204,MC,64,0.3106796116504854,2,0.009708737864077669,PRI,62,0.30097087378640774,28,0.13592233009708737,PAN,34,0.1650485436893204,34,0.1650485436893204,62,0.30097087378640774,3,0.014563106796116505,3,0.014563106796116505,3,0.014563106796116505,64,0.3106796116504854,26,0.1262135922330097,0,0.0,0,0.0,2,0.009708737864077669,2,0.009708737864077669,0,0.0,0,0.0,0,0.0,0,0.0,0,0.0,0,0.0,0,0.0,0,0.0,1,0.0048543689320388345,0,0.0,1,0.0048543689320388345,0,0.0,0,0.0,5,0.024271844660194174,206,1.0,SRC_MUNICIPAL_PRORRATEADA,SECCION,COMPLETO
479,19,NUEVO LEON,JUAREZ,,22,2341,581,228,0.3924268502581756,0.6075731497418244,MC,80,0.3508771929824561,12,0.05263157894736842,PRI,68,0.2982456140350877,25,0.10964912280701754,PAN,43,0.18859649122807018,MC,80,0.3508771929824561,12,0.05263157894736842,PRI,68,0.2982456140350877,25,0.10964912280701754,PAN,43,0.18859649122807018,43,0.18859649122807018,68,0.2982456140350877,1,0.0043859649122807015,4,0.017543859649122806,0,0.0,80,0.3508771929824561,24,0.10526315789473684,0,0.0,0,0.0,1,0.0043859649122807015,1,0.0043859649122807015,1,0.0043859649122807015,0,0.0,0,0.0,0,0.0,0,0.0,0,0.0,0,0.0,0,0.0,0,0.0,0,0.0,0,0.0,0,0.0,0,0.0,5,0.021929824561403508,228,1.0,SRC_MUNICIPAL_PRORRATEADA,SECCION,COMPLETO
480,19,NUEVO LEON,JUAREZ,,22,2342,560,220,0.39285714285714285,0.6071428571428572,PRI,90,0.4090909090909091,27,0.12272727272727273,MC,63,0.2863636363636364,35,0.1590909090909091,PAN,28,0.12727272727272726,PRI,90,0.4090909090909091,27,0.12272727272727273,MC,63,0.2863636363636364,35,0.1590909090909091,PAN,28,0.12727272727272726,28,0.12727272727272726,90,0.4090909090909091,4,0.01818181818181818,1,0.004545454545454545,2,0.00909090909090909,63,0.2863636363636364,19,0.08636363636363636,2,0.00909090909090909,0,0.0,0,0.0,2,0.00909090909090909,2,0.00909090909090909,2,0.00909090909090909,0,0.0,0,0.0,0,0.0,0,0.0,0,0.0,0,0.0,0,0.0,0,0.0,0,0.0,0,0.0,0,0.0,5,0.022727272727272728,220,1.0,SRC_MUNICIPAL_PRORRATEADA,SECCION,COMPLETO
481,19,NUEVO LEON,JUAREZ,,22,2343,1940,762,0.39278350515463917,0.6072164948453609,MC,264,0.3464566929133858,30,0.03937007874015748,PRI,234,0.30708661417322836,127,0.16666666666666666,PAN,107,0.14041994750656167,MC,264,0.3464566929133858,30,0.03937007874015748,PRI,234,0.30708661417322836,127,0.16666666666666666,PAN,107,0.14041994750656167,107,0.14041994750656167,234,0.30708661417322836,2,0.0026246719160104987,12,0.015748031496062992,9,0.011811023622047244,264,0.3464566929133858,101,0.1325459317585302,1,0.0013123359580052493,4,0.005249343832020997,1,0.0013123359580052493,4,0.005249343832020997,3,0.003937007874015748,1,0.0013123359580052493,1,0.0013123359580052493,0,0.0,0,0.0,0,0.0,0,0.0,0,0.0,0,0.0,0,0.0,0,0.0,0,0.0,0,0.0,18,0.023622047244094488,762,1.0,SRC_MUNICIPAL_PRORRATEADA,SECCION,COMPLETO
482,19,NUEVO LEON,JUAREZ,,22,2349,726,285,0.3925619834710744,0.6074380165289256,MC,132,0.4631578947368421,69,0.24210526315789474,PRI,63,0.22105263157894736,20,0.07017543859649122,PAN,43,0.15087719298245614,MC,132,0.4631578947368421,69,0.24210526315789474,PRI,63,0.22105263157894736,20,0.07017543859649122,PAN,43,0.15087719298245614,43,0.15087719298245614,63,0.22105263157894736,2,0.007017543859649123,5,0.017543859649122806,0,0.0,132,0.4631578947368421,31,0.10877192982456141,0,0.0,5,0.017543859649122806,1,0.0035087719298245615,0,0.0,0,0.0,0,0.0,0,0.0,0,0.0,0,0.0,0,0.0,0,0.0,0,0.0,0,0.0,0,0.0,0,0.0,0,0.0,0,0.0,3,0.010526315789473684,285,1.0,SRC_MUNICIPAL_PRORRATEADA,SECCION,COMPLETO
483,19,NUEVO LEON,JUAREZ,,22,2350,685,269,0.3927007299270073,0.6072992700729927,MC,105,0.3903345724907063,30,0.11152416356877323,PRI,75,0.2788104089219331,29,0.10780669144981413,PAN,46,0.17100371747211895,MC,105,0.3903345724907063,30,0.11152416356877323,PRI,75,0.2788104089219331,29,0.10780669144981413,PAN,46,0.17100371747211895,46,0.17100371747211895,75,0.2788104089219331,1,0.0037174721189591076,3,0.011152416356877323,1,0.0037174721189591076,105,0.3903345724907063,25,0.09293680297397769,2,0.007434944237918215,0,0.0,0,0.0,2,0.007434944237918215,3,0.011152416356877323,0,0.0,0,0.0,0,0.0,0,0.0,0,0.0,0,0.0,0,0.0,0,0.0,0,0.0,0,0.0,0,0.0,0,0.0,6,0.022304832713754646,269,1.0,SRC_MUNICIPAL_PRORRATEADA,SECCION,COMPLETO
484,19,NUEVO LEON,JUAREZ,,22,2351,713,280,0.39270687237026647,0.6072931276297335,PRI,104,0.37142857142857144,25,0.08928571428571429,MC,79,0.28214285714285714,21,0.075,PAN,58,0.20714285714285716,PRI,104,0.37142857142857144,25,0.08928571428571429,MC,79,0.28214285714285714,21,0.075,PAN,58,0.20714285714285716,58,0.20714285714285716,104,0.37142857142857144,0,0.0,2,0.007142857142857143,2,0.007142857142857143,79,0.28214285714285714,27,0.09642857142857143,1,0.0035714285714285713,1,0.0035714285714285713,1,0.0035714285714285713,1,0.0035714285714285713,1,0.0035714285714285713,0,0.0,0,0.0,0,0.0,0,0.0,0,0.0,0,0.0,1,0.0035714285714285713,0,0.0,0,0.0,0,0.0,0,0.0,0,0.0,2,0.007142857142857143,280,1.0,SRC_MUNICIPAL_PRORRATEADA,SECCION,COMPLETO
485,19,NUEVO LEON,JUAREZ,,22,2352,1894,744,0.3928194297782471,0.607180570221753,PRI,286,0.3844086021505376,12,0.016129032258064516,MC,274,0.3682795698924731,197,0.2647849462365591,MORENA,77,0.10349462365591398,PRI,286,0.3844086021505376,12,0.016129032258064516,MC,274,0.3682795698924731,197,0.2647849462365591,MORENA,77,0.10349462365591398,75,0.10080645161290322,286,0.3844086021505376,1,0.0013440860215053765,4,0.005376344086021506,3,0.004032258064516129,274,0.3682795698924731,77,0.10349462365591398,1,0.0013440860215053765,0,0.0,0,0.0,5,0.006720430107526882,2,0.002688172043010753,0,0.0,2,0.002688172043010753,1,0.0013440860215053765,0,0.0,0,0.0,0,0.0,1,0.0013440860215053765,0,0.0,1,0.0013440860215053765,0,0.0,1,0.0013440860215053765,0,0.0,10,0.013440860215053764,744,1.0,SRC_MUNICIPAL_PRORRATEADA,SECCION,COMPLETO
486,19,NUEVO LEON,JUAREZ,,22,2354,682,268,0.39296187683284456,0.6070381231671554,MC,106,0.39552238805970147,7,0.026119402985074626,PRI,99,0.3694029850746269,71,0.26492537313432835,PAN,28,0.1044776119402985,MC,106,0.39552238805970147,7,0.026119402985074626,PRI,99,0.3694029850746269,71,0.26492537313432835,PAN,28,0.1044776119402985,28,0.1044776119402985,99,0.3694029850746269,0,0.0,2,0.007462686567164179,0,0.0,106,0.39552238805970147,25,0.09328358208955224,0,0.0,1,0.0037313432835820895,0,0.0,2,0.007462686567164179,0,0.0,0,0.0,0,0.0,0,0.0,0,0.0,0,0.0,0,0.0,0,0.0,0,0.0,1,0.0037313432835820895,0,0.0,0,0.0,0,0.0,4,0.014925373134328358,268,1.0,SRC_MUNICIPAL_PRORRATEADA,SECCION,COMPLETO
487,19,NUEVO LEON,JUAREZ,,22,2359,532,209,0.39285714285714285,0.6071428571428572,PRI,81,0.3875598086124402,13,0.06220095693779904,MC,68,0.3253588516746411,49,0.23444976076555024,MORENA,19,0.09090909090909091,PRI,81,0.3875598086124402,13,0.06220095693779904,MC,68,0.3253588516746411,49,0.23444976076555024,MORENA,19,0.09090909090909091,15,0.07177033492822966,81,0.3875598086124402,1,0.004784688995215311,1,0.004784688995215311,4,0.019138755980861243,68,0.3253588516746411,19,0.09090909090909091,1,0.004784688995215311,2,0.009569377990430622,0,0.0,1,0.004784688995215311,0,0.0,1,0.004784688995215311,0,0.0,0,0.0,0,0.0,0,0.0,0,0.0,10,0.04784688995215311,0,0.0,0,0.0,0,0.0,0,0.0,0,0.0,5,0.023923444976076555,209,1.0,SRC_MUNICIPAL_PRORRATEADA,SECCION,COMPLETO
488,19,NUEVO LEON,JUAREZ,,22,2364,481,189,0.39293139293139295,0.6070686070686071,PRI,69,0.36507936507936506,2,0.010582010582010581,MC,67,0.3544973544973545,43,0.2275132275132275,PAN,24,0.12698412698412698,PRI,69,0.36507936507936506,2,0.010582010582010581,MC,67,0.3544973544973545,43,0.2275132275132275,PAN,24,0.12698412698412698,24,0.12698412698412698,69,0.36507936507936506,2,0.010582010582010581,1,0.005291005291005291,1,0.005291005291005291,67,0.3544973544973545,15,0.07936507936507936,1,0.005291005291005291,1,0.005291005291005291,0,0.0,1,0.005291005291005291,1,0.005291005291005291,0,0.0,0,0.0,0,0.0,0,0.0,0,0.0,1,0.005291005291005291,1,0.005291005291005291,0,0.0,0,0.0,0,0.0,0,0.0,0,0.0,4,0.021164021164021163,189,1.0,SRC_MUNICIPAL_PRORRATEADA,SECCION,COMPLETO
489,19,NUEVO LEON,JUAREZ,,22,2366,820,322,0.3926829268292683,0.6073170731707317,MC,162,0.5031055900621118,98,0.30434782608695654,PRI,64,0.19875776397515527,19,0.059006211180124224,PAN,45,0.13975155279503104,MC,162,0.5031055900621118,98,0.30434782608695654,PRI,64,0.19875776397515527,19,0.059006211180124224,PAN,45,0.13975155279503104,45,0.13975155279503104,64,0.19875776397515527,2,0.006211180124223602,4,0.012422360248447204,1,0.003105590062111801,162,0.5031055900621118,32,0.09937888198757763,0,0.0,2,0.006211180124223602,2,0.006211180124223602,1,0.003105590062111801,1,0.003105590062111801,2,0.006211180124223602,0,0.0,0,0.0,0,0.0,0,0.0,0,0.0,0,0.0,0,0.0,1,0.003105590062111801,0,0.0,0,0.0,0,0.0,3,0.009316770186335404,322,1.0,SRC_MUNICIPAL_PRORRATEADA,SECCION,COMPLETO
490,19,NUEVO LEON,JUAREZ,,22,2369,835,328,0.39281437125748503,0.607185628742515,PRI,181,0.551829268292683,113,0.3445121951219512,MC,68,0.2073170731707317,43,0.13109756097560976,PAN,25,0.07621951219512195,PRI,181,0.551829268292683,113,0.3445121951219512,MC,68,0.2073170731707317,43,0.13109756097560976,PAN,25,0.07621951219512195,25,0.07621951219512195,181,0.551829268292683,1,0.003048780487804878,7,0.021341463414634148,5,0.01524390243902439,68,0.2073170731707317,21,0.06402439024390244,0,0.0,1,0.003048780487804878,0,0.0,1,0.003048780487804878,0,0.0,0,0.0,0,0.0,0,0.0,0,0.0,0,0.0,0,0.0,1,0.003048780487804878,0,0.0,1,0.003048780487804878,0,0.0,0,0.0,0,0.0,16,0.04878048780487805,328,1.0,SRC_MUNICIPAL_PRORRATEADA,SECCION,COMPLETO
491,19,NUEVO LEON,JUAREZ,,22,2370,530,208,0.39245283018867927,0.6075471698113207,MC,71,0.34134615384615385,9,0.04326923076923077,PRI,62,0.2980769230769231,28,0.1346153846153846,MORENA,34,0.16346153846153846,MC,71,0.34134615384615385,9,0.04326923076923077,PRI,62,0.2980769230769231,28,0.1346153846153846,MORENA,34,0.16346153846153846,33,0.15865384615384615,62,0.2980769230769231,0,0.0,0,0.0,0,0.0,71,0.34134615384615385,34,0.16346153846153846,0,0.0,0,0.0,0,0.0,1,0.004807692307692308,0,0.0,0,0.0,0,0.0,0,0.0,0,0.0,0,0.0,0,0.0,0,0.0,0,0.0,0,0.0,0,0.0,0,0.0,0,0.0,7,0.03365384615384615,208,1.0,SRC_MUNICIPAL_PRORRATEADA,SECCION,COMPLETO
492,19,NUEVO LEON,JUAREZ,,22,2372,491,193,0.39307535641547864,0.6069246435845214,PRI,74,0.38341968911917096,8,0.04145077720207254,MC,66,0.34196891191709844,47,0.24352331606217617,MORENA,19,0.09844559585492228,PRI,74,0.38341968911917096,8,0.04145077720207254,MC,66,0.34196891191709844,47,0.24352331606217617,MORENA,19,0.09844559585492228,18,0.09326424870466321,74,0.38341968911917096,1,0.0051813471502590676,4,0.02072538860103627,0,0.0,66,0.34196891191709844,19,0.09844559585492228,0,0.0,1,0.0051813471502590676,1,0.0051813471502590676,1,0.0051813471502590676,0,0.0,2,0.010362694300518135,0,0.0,0,0.0,0,0.0,0,0.0,0,0.0,0,0.0,0,0.0,0,0.0,0,0.0,0,0.0,0,0.0,6,0.031088082901554404,193,1.0,SRC_MUNICIPAL_PRORRATEADA,SECCION,COMPLETO
493,19,NUEVO LEON,JUAREZ,,22,2373,1174,461,0.39267461669505965,0.6073253833049403,PRI,152,0.3297180043383948,6,0.013015184381778741,MC,146,0.31670281995661603,52,0.11279826464208242,PAN,94,0.2039045553145336,PRI,152,0.3297180043383948,6,0.013015184381778741,MC,146,0.31670281995661603,52,0.11279826464208242,PAN,94,0.2039045553145336,94,0.2039045553145336,152,0.3297180043383948,1,0.0021691973969631237,2,0.004338394793926247,1,0.0021691973969631237,146,0.31670281995661603,54,0.11713665943600868,0,0.0,1,0.0021691973969631237,0,0.0,3,0.006507592190889371,0,0.0,0,0.0,0,0.0,0,0.0,0,0.0,0,0.0,0,0.0,0,0.0,0,0.0,0,0.0,0,0.0,0,0.0,0,0.0,7,0.015184381778741865,461,1.0,SRC_MUNICIPAL_PRORRATEADA,SECCION,COMPLETO
494,19,NUEVO LEON,JUAREZ,,22,2375,512,201,0.392578125,0.607421875,MC,88,0.43781094527363185,42,0.208955223880597,PRI,46,0.22885572139303484,12,0.05970149253731343,MORENA,34,0.1691542288557214,MC,88,0.43781094527363185,42,0.208955223880597,PRI,46,0.22885572139303484,12,0.05970149253731343,MORENA,34,0.1691542288557214,18,0.08955223880597014,46,0.22885572139303484,0,0.0,2,0.009950248756218905,4,0.01990049751243781,88,0.43781094527363185,34,0.1691542288557214,0,0.0,0,0.0,0,0.0,3,0.014925373134328358,3,0.014925373134328358,0,0.0,0,0.0,0,0.0,1,0.004975124378109453,0,0.0,0,0.0,0,0.0,0,0.0,0,0.0,0,0.0,0,0.0,0,0.0,2,0.009950248756218905,201,1.0,SRC_MUNICIPAL_PRORRATEADA,SECCION,COMPLETO
495,19,NUEVO LEON,JUAREZ,,22,2376,626,246,0.3929712460063898,0.6070287539936102,MC,80,0.3252032520325203,3,0.012195121951219513,PRI,77,0.3130081300813008,35,0.14227642276422764,PAN,42,0.17073170731707318,MC,80,0.3252032520325203,3,0.012195121951219513,PRI,77,0.3130081300813008,35,0.14227642276422764,PAN,42,0.17073170731707318,42,0.17073170731707318,77,0.3130081300813008,0,0.0,2,0.008130081300813009,1,0.0040650406504065045,80,0.3252032520325203,29,0.11788617886178862,1,0.0040650406504065045,0,0.0,1,0.0040650406504065045,5,0.02032520325203252,1,0.0040650406504065045,0,0.0,1,0.0040650406504065045,0,0.0,0,0.0,0,0.0,0,0.0,0,0.0,0,0.0,0,0.0,0,0.0,0,0.0,0,0.0,6,0.024390243902439025,246,1.0,SRC_MUNICIPAL_PRORRATEADA,SECCION,COMPLETO
496,19,NUEVO LEON,JUAREZ,,22,2378,812,319,0.39285714285714285,0.6071428571428572,MC,111,0.34796238244514105,2,0.006269592476489028,PRI,109,0.34169278996865204,62,0.19435736677115986,PAN,47,0.14733542319749215,MC,111,0.34796238244514105,2,0.006269592476489028,PRI,109,0.34169278996865204,62,0.19435736677115986,PAN,47,0.14733542319749215,47,0.14733542319749215,109,0.34169278996865204,0,0.0,1,0.003134796238244514,3,0.009404388714733543,111,0.34796238244514105,30,0.09404388714733543,2,0.006269592476489028,1,0.003134796238244514,0,0.0,1,0.003134796238244514,2,0.006269592476489028,1,0.003134796238244514,1,0.003134796238244514,0,0.0,0,0.0,0,0.0,0,0.0,0,0.0,0,0.0,0,0.0,0,0.0,0,0.0,0,0.0,10,0.03134796238244514,319,1.0,SRC_MUNICIPAL_PRORRATEADA,SECCION,COMPLETO
497,19,NUEVO LEON,JUAREZ,,22,2380,1008,396,0.39285714285714285,0.6071428571428572,MC,143,0.3611111111111111,7,0.017676767676767676,PRI,136,0.3434343434343434,89,0.22474747474747475,PAN,47,0.11868686868686869,MC,143,0.3611111111111111,7,0.017676767676767676,PRI,136,0.3434343434343434,89,0.22474747474747475,PAN,47,0.11868686868686869,47,0.11868686868686869,136,0.3434343434343434,0,0.0,6,0.015151515151515152,3,0.007575757575757576,143,0.3611111111111111,38,0.09595959595959595,4,0.010101010101010102,1,0.0025252525252525255,0,0.0,6,0.015151515151515152,3,0.007575757575757576,2,0.005050505050505051,0,0.0,0,0.0,0,0.0,0,0.0,0,0.0,0,0.0,0,0.0,0,0.0,0,0.0,0,0.0,0,0.0,7,0.017676767676767676,396,1.0,SRC_MUNICIPAL_PRORRATEADA,SECCION,COMPLETO
498,19,NUEVO LEON,JUAREZ,,22,2382,535,210,0.3925233644859813,0.6074766355140186,PRI,106,0.5047619047619047,45,0.21428571428571427,MC,61,0.2904761904761905,37,0.1761904761904762,MORENA,24,0.11428571428571428,PRI,106,0.5047619047619047,45,0.21428571428571427,MC,61,0.2904761904761905,37,0.1761904761904762,MORENA,24,0.11428571428571428,15,0.07142857142857142,106,0.5047619047619047,0,0.0,0,0.0,0,0.0,61,0.2904761904761905,24,0.11428571428571428,0,0.0,0,0.0,0,0.0,0,0.0,0,0.0,0,0.0,0,0.0,0,0.0,0,0.0,0,0.0,0,0.0,0,0.0,0,0.0,0,0.0,0,0.0,0,0.0,0,0.0,4,0.01904761904761905,210,1.0,SRC_MUNICIPAL_PRORRATEADA,SECCION,COMPLETO
499,19,NUEVO LEON,JUAREZ,,22,2383,570,224,0.3929824561403509,0.6070175438596491,PRI,76,0.3392857142857143,12,0.05357142857142857,MC,64,0.2857142857142857,25,0.11160714285714286,MORENA,39,0.17410714285714285,PRI,76,0.3392857142857143,12,0.05357142857142857,MC,64,0.2857142857142857,25,0.11160714285714286,MORENA,39,0.17410714285714285,22,0.09821428571428571,76,0.3392857142857143,0,0.0,6,0.026785714285714284,5,0.022321428571428572,64,0.2857142857142857,39,0.17410714285714285,2,0.008928571428571428,0,0.0,1,0.004464285714285714,0,0.0,0,0.0,0,0.0,0,0.0,0,0.0,0,0.0,0,0.0,0,0.0,0,0.0,0,0.0,0,0.0,0,0.0,0,0.0,0,0.0,9,0.04017857142857143,224,1.0,SRC_MUNICIPAL_PRORRATEADA,SECCION,COMPLETO
500,19,NUEVO LEON,JUAREZ,,22,2387,486,191,0.39300411522633744,0.6069958847736625,PRI,66,0.34554973821989526,0,0.0,MC,66,0.34554973821989526,45,0.2356020942408377,PAN,21,0.1099476439790576,PRI,66,0.34554973821989526,0,0.0,MC,66,0.34554973821989526,45,0.2356020942408377,PAN,21,0.1099476439790576,21,0.1099476439790576,66,0.34554973821989526,0,0.0,3,0.015706806282722512,3,0.015706806282722512,66,0.34554973821989526,18,0.09424083769633508,2,0.010471204188481676,0,0.0,0,0.0,1,0.005235602094240838,1,0.005235602094240838,0,0.0,1,0.005235602094240838,0,0.0,0,0.0,0,0.0,0,0.0,0,0.0,1,0.005235602094240838,0,0.0,0,0.0,0,0.0,0,0.0,8,0.041884816753926704,191,1.0,SRC_MUNICIPAL_PRORRATEADA,SECCION,COMPLETO
501,19,NUEVO LEON,JUAREZ,,22,2392,2080,817,0.39278846153846153,0.6072115384615384,MC,344,0.42105263157894735,140,0.17135862913096694,PRI,204,0.24969400244798043,89,0.10893512851897184,PAN,115,0.14075887392900857,MC,344,0.42105263157894735,140,0.17135862913096694,PRI,204,0.24969400244798043,89,0.10893512851897184,PAN,115,0.14075887392900857,115,0.14075887392900857,204,0.24969400244798043,2,0.0024479804161566705,11,0.01346389228886169,5,0.006119951040391677,344,0.42105263157894735,110,0.1346389228886169,1,0.0012239902080783353,4,0.004895960832313341,3,0.0036719706242350062,2,0.0024479804161566705,0,0.0,0,0.0,1,0.0012239902080783353,1,0.0012239902080783353,0,0.0,0,0.0,0,0.0,2,0.0024479804161566705,0,0.0,1,0.0012239902080783353,0,0.0,0,0.0,0,0.0,11,0.01346389228886169,817,1.0,SRC_MUNICIPAL_PRORRATEADA,SECCION,COMPLETO
502,19,NUEVO LEON,JUAREZ,,22,2393,614,241,0.3925081433224756,0.6074918566775245,PRI,111,0.4605809128630705,48,0.1991701244813278,MC,63,0.26141078838174275,25,0.1037344398340249,PAN,38,0.15767634854771784,PRI,111,0.4605809128630705,48,0.1991701244813278,MC,63,0.26141078838174275,25,0.1037344398340249,PAN,38,0.15767634854771784,38,0.15767634854771784,111,0.4605809128630705,0,0.0,3,0.012448132780082987,4,0.016597510373443983,63,0.26141078838174275,19,0.07883817427385892,0,0.0,0,0.0,0,0.0,0,0.0,0,0.0,0,0.0,0,0.0,0,0.0,0,0.0,0,0.0,0,0.0,0,0.0,0,0.0,0,0.0,0,0.0,0,0.0,0,0.0,3,0.012448132780082987,241,1.0,SRC_MUNICIPAL_PRORRATEADA,SECCION,COMPLETO
503,19,NUEVO LEON,JUAREZ,,22,2395,598,235,0.39297658862876256,0.6070234113712374,MC,109,0.46382978723404256,51,0.2170212765957447,PRI,58,0.24680851063829787,24,0.10212765957446808,PAN,34,0.14468085106382977,MC,109,0.46382978723404256,51,0.2170212765957447,PRI,58,0.24680851063829787,24,0.10212765957446808,PAN,34,0.14468085106382977,34,0.14468085106382977,58,0.24680851063829787,0,0.0,4,0.01702127659574468,0,0.0,109,0.46382978723404256,26,0.11063829787234042,1,0.00425531914893617,1,0.00425531914893617,0,0.0,0,0.0,0,0.0,0,0.0,0,0.0,1,0.00425531914893617,0,0.0,0,0.0,0,0.0,0,0.0,0,0.0,0,0.0,0,0.0,0,0.0,0,0.0,1,0.00425531914893617,235,1.0,SRC_MUNICIPAL_PRORRATEADA,SECCION,COMPLETO
504,19,NUEVO LEON,JUAREZ,,22,2399,1130,444,0.3929203539823009,0.607079646017699,MC,175,0.39414414414414417,51,0.11486486486486487,PRI,124,0.27927927927927926,50,0.11261261261261261,PAN,74,0.16666666666666666,MC,175,0.39414414414414417,51,0.11486486486486487,PRI,124,0.27927927927927926,50,0.11261261261261261,PAN,74,0.16666666666666666,74,0.16666666666666666,124,0.27927927927927926,2,0.0045045045045045045,3,0.006756756756756757,4,0.009009009009009009,175,0.39414414414414417,44,0.0990990990990991,3,0.006756756756756757,2,0.0045045045045045045,0,0.0,2,0.0045045045045045045,3,0.006756756756756757,1,0.0022522522522522522,0,0.0,0,0.0,0,0.0,0,0.0,0,0.0,0,0.0,0,0.0,1,0.0022522522522522522,0,0.0,0,0.0,0,0.0,6,0.013513513513513514,444,1.0,SRC_MUNICIPAL_PRORRATEADA,SECCION,COMPLETO
505,19,NUEVO LEON,JUAREZ,,22,2403,588,231,0.39285714285714285,0.6071428571428572,MC,95,0.41125541125541126,37,0.16017316017316016,PRI,58,0.2510822510822511,28,0.12121212121212122,PAN,30,0.12987012987012986,MC,95,0.41125541125541126,37,0.16017316017316016,PRI,58,0.2510822510822511,28,0.12121212121212122,PAN,30,0.12987012987012986,30,0.12987012987012986,58,0.2510822510822511,2,0.008658008658008658,5,0.021645021645021644,4,0.017316017316017316,95,0.41125541125541126,26,0.11255411255411256,5,0.021645021645021644,2,0.008658008658008658,0,0.0,1,0.004329004329004329,0,0.0,0,0.0,0,0.0,0,0.0,0,0.0,0,0.0,0,0.0,0,0.0,0,0.0,0,0.0,0,0.0,0,0.0,0,0.0,3,0.012987012987012988,231,1.0,SRC_MUNICIPAL_PRORRATEADA,SECCION,COMPLETO
506,19,NUEVO LEON,JUAREZ,,22,2407,374,147,0.393048128342246,0.606951871657754,PRI,54,0.3673469387755102,10,0.06802721088435375,MC,44,0.29931972789115646,28,0.19047619047619047,PAN,16,0.10884353741496598,PRI,54,0.3673469387755102,10,0.06802721088435375,MC,44,0.29931972789115646,28,0.19047619047619047,PAN,16,0.10884353741496598,16,0.10884353741496598,54,0.3673469387755102,0,0.0,3,0.02040816326530612,2,0.013605442176870748,44,0.29931972789115646,16,0.10884353741496598,2,0.013605442176870748,0,0.0,0,0.0,0,0.0,0,0.0,0,0.0,0,0.0,0,0.0,0,0.0,0,0.0,0,0.0,0,0.0,0,0.0,0,0.0,0,0.0,0,0.0,0,0.0,10,0.06802721088435375,147,1.0,SRC_MUNICIPAL_PRORRATEADA,SECCION,COMPLETO
507,19,NUEVO LEON,JUAREZ,,22,2687,713,280,0.39270687237026647,0.6072931276297335,MC,124,0.44285714285714284,62,0.22142857142857142,PRI,62,0.22142857142857142,19,0.06785714285714285,PAN,43,0.15357142857142858,MC,124,0.44285714285714284,62,0.22142857142857142,PRI,62,0.22142857142857142,19,0.06785714285714285,PAN,43,0.15357142857142858,43,0.15357142857142858,62,0.22142857142857142,1,0.0035714285714285713,5,0.017857142857142856,2,0.007142857142857143,124,0.44285714285714284,31,0.11071428571428571,2,0.007142857142857143,1,0.0035714285714285713,0,0.0,1,0.0035714285714285713,0,0.0,4,0.014285714285714285,0,0.0,0,0.0,0,0.0,0,0.0,0,0.0,2,0.007142857142857143,0,0.0,0,0.0,0,0.0,0,0.0,0,0.0,2,0.007142857142857143,280,1.0,SRC_MUNICIPAL_PRORRATEADA,SECCION,COMPLETO
508,19,NUEVO LEON,JUAREZ,,22,2690,563,221,0.3925399644760213,0.6074600355239788,MC,98,0.4434389140271493,47,0.21266968325791855,PRI,51,0.23076923076923078,1,0.004524886877828055,PAN,50,0.22624434389140272,MC,98,0.4434389140271493,47,0.21266968325791855,PRI,51,0.23076923076923078,1,0.004524886877828055,PAN,50,0.22624434389140272,50,0.22624434389140272,51,0.23076923076923078,0,0.0,1,0.004524886877828055,0,0.0,98,0.4434389140271493,15,0.06787330316742081,0,0.0,0,0.0,0,0.0,1,0.004524886877828055,0,0.0,0,0.0,0,0.0,0,0.0,0,0.0,0,0.0,0,0.0,0,0.0,0,0.0,0,0.0,0,0.0,0,0.0,0,0.0,5,0.02262443438914027,221,1.0,SRC_MUNICIPAL_PRORRATEADA,SECCION,COMPLETO
509,19,NUEVO LEON,JUAREZ,,22,2863,904,355,0.3926991150442478,0.6073008849557522,MC,134,0.37746478873239436,39,0.10985915492957747,PRI,95,0.2676056338028169,32,0.09014084507042254,PAN,63,0.17746478873239438,MC,134,0.37746478873239436,39,0.10985915492957747,PRI,95,0.2676056338028169,32,0.09014084507042254,PAN,63,0.17746478873239438,63,0.17746478873239438,95,0.2676056338028169,0,0.0,3,0.008450704225352112,1,0.0028169014084507044,134,0.37746478873239436,42,0.11830985915492957,3,0.008450704225352112,1,0.0028169014084507044,0,0.0,5,0.014084507042253521,1,0.0028169014084507044,0,0.0,0,0.0,0,0.0,0,0.0,0,0.0,0,0.0,0,0.0,0,0.0,2,0.005633802816901409,0,0.0,0,0.0,0,0.0,5,0.014084507042253521,355,1.0,SRC_MUNICIPAL_PRORRATEADA,SECCION,COMPLETO
510,19,NUEVO LEON,JUAREZ,,22,2865,771,303,0.39299610894941633,0.6070038910505837,MC,124,0.40924092409240925,35,0.11551155115511551,PRI,89,0.29372937293729373,41,0.1353135313531353,PAN,48,0.15841584158415842,MC,124,0.40924092409240925,35,0.11551155115511551,PRI,89,0.29372937293729373,41,0.1353135313531353,PAN,48,0.15841584158415842,48,0.15841584158415842,89,0.29372937293729373,1,0.0033003300330033004,3,0.009900990099009901,1,0.0033003300330033004,124,0.40924092409240925,21,0.06930693069306931,0,0.0,3,0.009900990099009901,2,0.006600660066006601,3,0.009900990099009901,1,0.0033003300330033004,1,0.0033003300330033004,0,0.0,0,0.0,0,0.0,0,0.0,0,0.0,1,0.0033003300330033004,0,0.0,0,0.0,0,0.0,0,0.0,0,0.0,5,0.0165016501650165,303,1.0,SRC_MUNICIPAL_PRORRATEADA,SECCION,COMPLETO
511,19,NUEVO LEON,JUAREZ,,22,2867,575,226,0.39304347826086955,0.6069565217391304,MC,97,0.42920353982300885,42,0.18584070796460178,PRI,55,0.24336283185840707,20,0.08849557522123894,PAN,35,0.15486725663716813,MC,97,0.42920353982300885,42,0.18584070796460178,PRI,55,0.24336283185840707,20,0.08849557522123894,PAN,35,0.15486725663716813,35,0.15486725663716813,55,0.24336283185840707,1,0.004424778761061947,2,0.008849557522123894,3,0.01327433628318584,97,0.42920353982300885,22,0.09734513274336283,1,0.004424778761061947,0,0.0,2,0.008849557522123894,0,0.0,0,0.0,0,0.0,0,0.0,0,0.0,0,0.0,0,0.0,0,0.0,0,0.0,0,0.0,1,0.004424778761061947,0,0.0,0,0.0,0,0.0,7,0.030973451327433628,226,1.0,SRC_MUNICIPAL_PRORRATEADA,SECCION,COMPLETO
512,19,NUEVO LEON,JUAREZ,,22,2869,1382,543,0.39290882778581765,0.6070911722141823,PRI,208,0.3830570902394107,26,0.04788213627992634,MC,182,0.3351749539594843,119,0.21915285451197053,PAN,63,0.11602209944751381,PRI,208,0.3830570902394107,26,0.04788213627992634,MC,182,0.3351749539594843,119,0.21915285451197053,PAN,63,0.11602209944751381,63,0.11602209944751381,208,0.3830570902394107,2,0.003683241252302026,11,0.020257826887661142,8,0.014732965009208104,182,0.3351749539594843,50,0.09208103130755065,2,0.003683241252302026,1,0.001841620626151013,2,0.003683241252302026,3,0.0055248618784530384,2,0.003683241252302026,1,0.001841620626151013,1,0.001841620626151013,0,0.0,0,0.0,0,0.0,0,0.0,1,0.001841620626151013,0,0.0,0,0.0,0,0.0,0,0.0,0,0.0,6,0.011049723756906077,543,1.0,SRC_MUNICIPAL_PRORRATEADA,SECCION,COMPLETO
513,19,NUEVO LEON,JUAREZ,,22,2872,2004,787,0.39271457085828343,0.6072854291417166,PRI,323,0.4104193138500635,100,0.12706480304955528,MC,223,0.2833545108005083,128,0.16264294790343076,MORENA,95,0.1207115628970775,PRI,323,0.4104193138500635,100,0.12706480304955528,MC,223,0.2833545108005083,128,0.16264294790343076,MORENA,95,0.1207115628970775,83,0.10546378653113088,323,0.4104193138500635,2,0.0025412960609911056,8,0.010165184243964422,7,0.008894536213468869,223,0.2833545108005083,95,0.1207115628970775,4,0.005082592121982211,7,0.008894536213468869,2,0.0025412960609911056,8,0.010165184243964422,7,0.008894536213468869,1,0.0012706480304955528,0,0.0,0,0.0,0,0.0,0,0.0,0,0.0,0,0.0,0,0.0,0,0.0,0,0.0,0,0.0,3,0.0038119440914866584,14,0.017789072426937738,787,1.0,SRC_MUNICIPAL_PRORRATEADA,SECCION,COMPLETO
514,19,NUEVO LEON,JUAREZ,,22,2873,647,254,0.39258114374034003,0.60741885625966,PRI,99,0.38976377952755903,28,0.11023622047244094,MC,71,0.2795275590551181,31,0.1220472440944882,MORENA,40,0.15748031496062992,PRI,99,0.38976377952755903,28,0.11023622047244094,MC,71,0.2795275590551181,31,0.1220472440944882,MORENA,40,0.15748031496062992,28,0.11023622047244094,99,0.38976377952755903,1,0.003937007874015748,2,0.007874015748031496,5,0.01968503937007874,71,0.2795275590551181,40,0.15748031496062992,3,0.011811023622047244,0,0.0,0,0.0,0,0.0,0,0.0,0,0.0,0,0.0,0,0.0,0,0.0,0,0.0,0,0.0,0,0.0,0,0.0,0,0.0,0,0.0,0,0.0,0,0.0,5,0.01968503937007874,254,1.0,SRC_MUNICIPAL_PRORRATEADA,SECCION,COMPLETO
515,19,NUEVO LEON,JUAREZ,,22,2876,2162,849,0.3926919518963922,0.6073080481036077,MC,330,0.38869257950530034,79,0.09305064782096584,PRI,251,0.2956419316843345,131,0.15429917550058891,PAN,120,0.1413427561837456,MC,330,0.38869257950530034,79,0.09305064782096584,PRI,251,0.2956419316843345,131,0.15429917550058891,PAN,120,0.1413427561837456,120,0.1413427561837456,251,0.2956419316843345,2,0.002355712603062426,24,0.028268551236749116,6,0.007067137809187279,330,0.38869257950530034,87,0.10247349823321555,2,0.002355712603062426,3,0.0035335689045936395,6,0.007067137809187279,8,0.009422850412249705,2,0.002355712603062426,0,0.0,0,0.0,0,0.0,0,0.0,0,0.0,0,0.0,1,0.001177856301531213,0,0.0,0,0.0,0,0.0,0,0.0,0,0.0,7,0.008244994110718492,849,1.0,SRC_MUNICIPAL_PRORRATEADA,SECCION,COMPLETO
516,19,NUEVO LEON,JUAREZ,,22,2877,1204,473,0.39285714285714285,0.6071428571428572,PRI,199,0.42071881606765327,48,0.1014799154334038,MC,151,0.3192389006342495,94,0.19873150105708245,PAN,57,0.12050739957716702,PRI,199,0.42071881606765327,48,0.1014799154334038,MC,151,0.3192389006342495,94,0.19873150105708245,PAN,57,0.12050739957716702,57,0.12050739957716702,199,0.42071881606765327,1,0.0021141649048625794,4,0.008456659619450317,2,0.004228329809725159,151,0.3192389006342495,34,0.07188160676532769,3,0.006342494714587738,2,0.004228329809725159,1,0.0021141649048625794,3,0.006342494714587738,2,0.004228329809725159,1,0.0021141649048625794,0,0.0,0,0.0,0,0.0,0,0.0,0,0.0,0,0.0,0,0.0,1,0.0021141649048625794,0,0.0,0,0.0,0,0.0,12,0.02536997885835095,473,1.0,SRC_MUNICIPAL_PRORRATEADA,SECCION,COMPLETO
517,19,NUEVO LEON,JUAREZ,,23,839,522,205,0.39272030651340994,0.60727969348659,MC,72,0.35121951219512193,5,0.024390243902439025,PRI,67,0.32682926829268294,31,0.15121951219512195,PAN,36,0.17560975609756097,MC,72,0.35121951219512193,5,0.024390243902439025,PRI,67,0.32682926829268294,31,0.15121951219512195,PAN,36,0.17560975609756097,36,0.17560975609756097,67,0.32682926829268294,1,0.004878048780487805,3,0.014634146341463415,2,0.00975609756097561,72,0.35121951219512193,16,0.07804878048780488,3,0.014634146341463415,0,0.0,0,0.0,4,0.01951219512195122,1,0.004878048780487805,0,0.0,0,0.0,0,0.0,0,0.0,0,0.0,0,0.0,0,0.0,0,0.0,0,0.0,0,0.0,0,0.0,0,0.0,0,0.0,205,1.0,SRC_MUNICIPAL_PRORRATEADA,SECCION,COMPLETO
518,19,NUEVO LEON,JUAREZ,,23,2308,494,194,0.39271255060728744,0.6072874493927125,MC,74,0.38144329896907214,11,0.05670103092783505,PRI,63,0.3247422680412371,39,0.20103092783505155,MORENA,24,0.12371134020618557,MC,74,0.38144329896907214,11,0.05670103092783505,PRI,63,0.3247422680412371,39,0.20103092783505155,MORENA,24,0.12371134020618557,13,0.06701030927835051,63,0.3247422680412371,0,0.0,5,0.02577319587628866,3,0.015463917525773196,74,0.38144329896907214,24,0.12371134020618557,2,0.010309278350515464,2,0.010309278350515464,0,0.0,2,0.010309278350515464,2,0.010309278350515464,1,0.005154639175257732,0,0.0,0,0.0,0,0.0,0,0.0,0,0.0,0,0.0,0,0.0,0,0.0,0,0.0,1,0.005154639175257732,0,0.0,2,0.010309278350515464,194,1.0,SRC_MUNICIPAL_PRORRATEADA,SECCION,COMPLETO
519,19,NUEVO LEON,JUAREZ,,23,2310,568,223,0.3926056338028169,0.6073943661971831,MC,101,0.452914798206278,59,0.2645739910313901,PRI,42,0.18834080717488788,5,0.02242152466367713,PAN,37,0.16591928251121077,MC,101,0.452914798206278,59,0.2645739910313901,PRI,42,0.18834080717488788,5,0.02242152466367713,PAN,37,0.16591928251121077,37,0.16591928251121077,42,0.18834080717488788,1,0.004484304932735426,7,0.03139013452914798,0,0.0,101,0.452914798206278,25,0.11210762331838565,3,0.013452914798206279,0,0.0,1,0.004484304932735426,3,0.013452914798206279,0,0.0,0,0.0,0,0.0,0,0.0,0,0.0,0,0.0,0,0.0,0,0.0,0,0.0,0,0.0,0,0.0,0,0.0,0,0.0,3,0.013452914798206279,223,1.0,SRC_MUNICIPAL_PRORRATEADA,SECCION,COMPLETO
520,19,NUEVO LEON,JUAREZ,,23,2312,489,192,0.39263803680981596,0.6073619631901841,MC,63,0.328125,12,0.0625,PRI,51,0.265625,7,0.036458333333333336,PAN,44,0.22916666666666666,MC,63,0.328125,12,0.0625,PRI,51,0.265625,7,0.036458333333333336,PAN,44,0.22916666666666666,44,0.22916666666666666,51,0.265625,1,0.005208333333333333,3,0.015625,2,0.010416666666666666,63,0.328125,19,0.09895833333333333,1,0.005208333333333333,1,0.005208333333333333,1,0.005208333333333333,0,0.0,0,0.0,0,0.0,0,0.0,0,0.0,0,0.0,0,0.0,0,0.0,0,0.0,0,0.0,0,0.0,0,0.0,0,0.0,0,0.0,6,0.03125,192,1.0,SRC_MUNICIPAL_PRORRATEADA,SECCION,COMPLETO
521,19,NUEVO LEON,JUAREZ,,23,2313,586,230,0.3924914675767918,0.6075085324232081,PRI,86,0.3739130434782609,11,0.04782608695652174,MC,75,0.32608695652173914,43,0.18695652173913044,PAN,32,0.1391304347826087,PRI,86,0.3739130434782609,11,0.04782608695652174,MC,75,0.32608695652173914,43,0.18695652173913044,PAN,32,0.1391304347826087,32,0.1391304347826087,86,0.3739130434782609,0,0.0,5,0.021739130434782608,2,0.008695652173913044,75,0.32608695652173914,20,0.08695652173913043,0,0.0,0,0.0,0,0.0,2,0.008695652173913044,2,0.008695652173913044,0,0.0,0,0.0,0,0.0,0,0.0,0,0.0,0,0.0,0,0.0,0,0.0,0,0.0,0,0.0,0,0.0,0,0.0,6,0.02608695652173913,230,1.0,SRC_MUNICIPAL_PRORRATEADA,SECCION,COMPLETO
522,19,NUEVO LEON,JUAREZ,,23,2314,690,271,0.3927536231884058,0.6072463768115942,MC,99,0.36531365313653136,12,0.04428044280442804,PRI,87,0.3210332103321033,53,0.19557195571955718,PAN,34,0.12546125461254612,MC,99,0.36531365313653136,12,0.04428044280442804,PRI,87,0.3210332103321033,53,0.19557195571955718,PAN,34,0.12546125461254612,34,0.12546125461254612,87,0.3210332103321033,1,0.0036900369003690036,1,0.0036900369003690036,2,0.007380073800738007,99,0.36531365313653136,24,0.08856088560885608,5,0.01845018450184502,2,0.007380073800738007,2,0.007380073800738007,0,0.0,1,0.0036900369003690036,0,0.0,0,0.0,0,0.0,0,0.0,0,0.0,0,0.0,0,0.0,0,0.0,0,0.0,0,0.0,0,0.0,0,0.0,13,0.04797047970479705,271,1.0,SRC_MUNICIPAL_PRORRATEADA,SECCION,COMPLETO
523,19,NUEVO LEON,JUAREZ,,23,2320,530,208,0.39245283018867927,0.6075471698113207,MC,81,0.3894230769230769,9,0.04326923076923077,PRI,72,0.34615384615384615,38,0.18269230769230768,PAN,34,0.16346153846153846,MC,81,0.3894230769230769,9,0.04326923076923077,PRI,72,0.34615384615384615,38,0.18269230769230768,PAN,34,0.16346153846153846,34,0.16346153846153846,72,0.34615384615384615,0,0.0,1,0.004807692307692308,1,0.004807692307692308,81,0.3894230769230769,18,0.08653846153846154,0,0.0,0,0.0,0,0.0,1,0.004807692307692308,0,0.0,0,0.0,0,0.0,0,0.0,0,0.0,0,0.0,0,0.0,0,0.0,0,0.0,0,0.0,0,0.0,0,0.0,0,0.0,0,0.0,208,1.0,SRC_MUNICIPAL_PRORRATEADA,SECCION,COMPLETO
524,19,NUEVO LEON,JUAREZ,,23,2321,392,154,0.39285714285714285,0.6071428571428572,MC,65,0.42207792207792205,37,0.24025974025974026,PRI,28,0.18181818181818182,3,0.01948051948051948,PAN,25,0.16233766233766234,MC,65,0.42207792207792205,37,0.24025974025974026,PRI,28,0.18181818181818182,3,0.01948051948051948,PAN,25,0.16233766233766234,25,0.16233766233766234,28,0.18181818181818182,0,0.0,6,0.03896103896103896,4,0.025974025974025976,65,0.42207792207792205,23,0.14935064935064934,2,0.012987012987012988,0,0.0,0,0.0,1,0.006493506493506494,0,0.0,0,0.0,0,0.0,0,0.0,0,0.0,0,0.0,0,0.0,0,0.0,0,0.0,0,0.0,0,0.0,0,0.0,0,0.0,0,0.0,154,1.0,SRC_MUNICIPAL_PRORRATEADA,SECCION,COMPLETO
525,19,NUEVO LEON,JUAREZ,,23,2328,1148,451,0.39285714285714285,0.6071428571428572,PRI,149,0.3303769401330377,14,0.031042128603104215,MC,135,0.29933481152993346,74,0.164079822616408,MORENA,61,0.1352549889135255,PRI,149,0.3303769401330377,14,0.031042128603104215,MC,135,0.29933481152993346,74,0.164079822616408,MORENA,61,0.1352549889135255,59,0.13082039911308205,149,0.3303769401330377,5,0.011086474501108648,6,0.013303769401330377,2,0.004434589800443459,135,0.29933481152993346,61,0.1352549889135255,3,0.0066518847006651885,3,0.0066518847006651885,0,0.0,6,0.013303769401330377,1,0.0022172949002217295,0,0.0,0,0.0,0,0.0,0,0.0,0,0.0,0,0.0,1,0.0022172949002217295,0,0.0,0,0.0,0,0.0,0,0.0,0,0.0,20,0.04434589800443459,451,1.0,SRC_MUNICIPAL_PRORRATEADA,SECCION,COMPLETO
526,19,NUEVO LEON,JUAREZ,,23,2329,1535,603,0.39283387622149835,0.6071661237785017,PRI,217,0.3598673300165838,10,0.01658374792703151,MC,207,0.34328358208955223,126,0.208955223880597,MORENA,81,0.13432835820895522,PRI,217,0.3598673300165838,10,0.01658374792703151,MC,207,0.34328358208955223,126,0.208955223880597,MORENA,81,0.13432835820895522,58,0.09618573797678276,217,0.3598673300165838,3,0.004975124378109453,13,0.02155887230514096,2,0.003316749585406302,207,0.34328358208955223,81,0.13432835820895522,2,0.003316749585406302,2,0.003316749585406302,1,0.001658374792703151,4,0.006633499170812604,3,0.004975124378109453,0,0.0,0,0.0,0,0.0,0,0.0,1,0.001658374792703151,1,0.001658374792703151,1,0.001658374792703151,0,0.0,0,0.0,0,0.0,0,0.0,0,0.0,7,0.011608623548922056,603,1.0,SRC_MUNICIPAL_PRORRATEADA,SECCION,COMPLETO
527,19,NUEVO LEON,JUAREZ,,23,2330,552,217,0.39311594202898553,0.6068840579710144,MC,74,0.34101382488479265,2,0.009216589861751152,PRI,72,0.3317972350230415,47,0.21658986175115208,PAN,25,0.1152073732718894,MC,74,0.34101382488479265,2,0.009216589861751152,PRI,72,0.3317972350230415,47,0.21658986175115208,PAN,25,0.1152073732718894,25,0.1152073732718894,72,0.3317972350230415,4,0.018433179723502304,3,0.013824884792626729,2,0.009216589861751152,74,0.34101382488479265,20,0.09216589861751152,1,0.004608294930875576,1,0.004608294930875576,3,0.013824884792626729,2,0.009216589861751152,1,0.004608294930875576,1,0.004608294930875576,4,0.018433179723502304,0,0.0,0,0.0,0,0.0,0,0.0,0,0.0,0,0.0,0,0.0,0,0.0,0,0.0,0,0.0,4,0.018433179723502304,217,1.0,SRC_MUNICIPAL_PRORRATEADA,SECCION,COMPLETO
528,19,NUEVO LEON,JUAREZ,,23,2331,514,202,0.39299610894941633,0.6070038910505837,PRI,64,0.31683168316831684,10,0.04950495049504951,MC,54,0.26732673267326734,17,0.08415841584158416,PAN,37,0.18316831683168316,PRI,64,0.31683168316831684,10,0.04950495049504951,MC,54,0.26732673267326734,17,0.08415841584158416,PAN,37,0.18316831683168316,37,0.18316831683168316,64,0.31683168316831684,11,0.054455445544554455,3,0.01485148514851485,1,0.0049504950495049506,54,0.26732673267326734,16,0.07920792079207921,0,0.0,1,0.0049504950495049506,0,0.0,2,0.009900990099009901,10,0.04950495049504951,0,0.0,0,0.0,0,0.0,0,0.0,0,0.0,0,0.0,0,0.0,0,0.0,1,0.0049504950495049506,0,0.0,0,0.0,0,0.0,2,0.009900990099009901,202,1.0,SRC_MUNICIPAL_PRORRATEADA,SECCION,COMPLETO
529,19,NUEVO LEON,JUAREZ,,23,2332,507,199,0.39250493096646943,0.6074950690335306,PRI,85,0.4271356783919598,29,0.1457286432160804,MC,56,0.2814070351758794,34,0.1708542713567839,PAN,22,0.11055276381909548,PRI,85,0.4271356783919598,29,0.1457286432160804,MC,56,0.2814070351758794,34,0.1708542713567839,PAN,22,0.11055276381909548,22,0.11055276381909548,85,0.4271356783919598,2,0.010050251256281407,1,0.005025125628140704,0,0.0,56,0.2814070351758794,21,0.10552763819095477,0,0.0,0,0.0,3,0.01507537688442211,1,0.005025125628140704,3,0.01507537688442211,1,0.005025125628140704,0,0.0,0,0.0,0,0.0,0,0.0,0,0.0,1,0.005025125628140704,0,0.0,0,0.0,0,0.0,0,0.0,0,0.0,3,0.01507537688442211,199,1.0,SRC_MUNICIPAL_PRORRATEADA,SECCION,COMPLETO
530,19,NUEVO LEON,JUAREZ,,23,2661,1021,401,0.39275220372184133,0.6072477962781586,MC,155,0.3865336658354115,77,0.19201995012468828,PRI,78,0.19451371571072318,10,0.02493765586034913,MORENA,68,0.16957605985037408,MC,155,0.3865336658354115,77,0.19201995012468828,PRI,78,0.19451371571072318,10,0.02493765586034913,MORENA,68,0.16957605985037408,65,0.16209476309226933,78,0.19451371571072318,5,0.012468827930174564,6,0.014962593516209476,6,0.014962593516209476,155,0.3865336658354115,68,0.16957605985037408,0,0.0,1,0.0024937655860349127,1,0.0024937655860349127,4,0.00997506234413965,2,0.004987531172069825,1,0.0024937655860349127,0,0.0,0,0.0,0,0.0,0,0.0,0,0.0,0,0.0,0,0.0,0,0.0,0,0.0,0,0.0,0,0.0,9,0.022443890274314215,401,1.0,SRC_MUNICIPAL_PRORRATEADA,SECCION,COMPLETO
531,19,NUEVO LEON,JUAREZ,,23,2663,789,310,0.3929024081115336,0.6070975918884665,MC,107,0.34516129032258064,7,0.02258064516129032,PRI,100,0.3225806451612903,60,0.1935483870967742,MORENA,40,0.12903225806451613,MC,107,0.34516129032258064,7,0.02258064516129032,PRI,100,0.3225806451612903,60,0.1935483870967742,MORENA,40,0.12903225806451613,27,0.08709677419354839,100,0.3225806451612903,4,0.012903225806451613,5,0.016129032258064516,4,0.012903225806451613,107,0.34516129032258064,40,0.12903225806451613,2,0.0064516129032258064,1,0.0032258064516129032,2,0.0064516129032258064,3,0.00967741935483871,2,0.0064516129032258064,0,0.0,0,0.0,0,0.0,0,0.0,0,0.0,0,0.0,2,0.0064516129032258064,0,0.0,0,0.0,0,0.0,0,0.0,0,0.0,11,0.035483870967741936,310,1.0,SRC_MUNICIPAL_PRORRATEADA,SECCION,COMPLETO
532,19,NUEVO LEON,JUAREZ,,23,2667,425,167,0.39294117647058824,0.6070588235294118,PRI,58,0.3473053892215569,11,0.0658682634730539,MC,47,0.281437125748503,17,0.10179640718562874,PAN,30,0.17964071856287425,PRI,58,0.3473053892215569,11,0.0658682634730539,MC,47,0.281437125748503,17,0.10179640718562874,PAN,30,0.17964071856287425,30,0.17964071856287425,58,0.3473053892215569,0,0.0,3,0.017964071856287425,1,0.005988023952095809,47,0.281437125748503,18,0.10778443113772455,1,0.005988023952095809,1,0.005988023952095809,0,0.0,4,0.023952095808383235,3,0.017964071856287425,0,0.0,0,0.0,0,0.0,0,0.0,0,0.0,0,0.0,0,0.0,0,0.0,0,0.0,0,0.0,0,0.0,0,0.0,1,0.005988023952095809,167,1.0,SRC_MUNICIPAL_PRORRATEADA,SECCION,COMPLETO
533,19,NUEVO LEON,JUAREZ,,23,2675,715,281,0.393006993006993,0.606993006993007,MC,95,0.33807829181494664,2,0.0071174377224199285,PRI,93,0.3309608540925267,49,0.17437722419928825,PAN,44,0.15658362989323843,MC,95,0.33807829181494664,2,0.0071174377224199285,PRI,93,0.3309608540925267,49,0.17437722419928825,PAN,44,0.15658362989323843,44,0.15658362989323843,93,0.3309608540925267,2,0.0071174377224199285,2,0.0071174377224199285,2,0.0071174377224199285,95,0.33807829181494664,31,0.1103202846975089,2,0.0071174377224199285,3,0.010676156583629894,0,0.0,3,0.010676156583629894,1,0.0035587188612099642,0,0.0,0,0.0,0,0.0,0,0.0,0,0.0,0,0.0,0,0.0,0,0.0,0,0.0,0,0.0,0,0.0,0,0.0,3,0.010676156583629894,281,1.0,SRC_MUNICIPAL_PRORRATEADA,SECCION,COMPLETO
534,19,NUEVO LEON,JUAREZ,,23,2680,1650,648,0.3927272727272727,0.6072727272727273,MC,233,0.3595679012345679,35,0.05401234567901234,PRI,198,0.3055555555555556,105,0.16203703703703703,MORENA,93,0.14351851851851852,MC,233,0.3595679012345679,35,0.05401234567901234,PRI,198,0.3055555555555556,105,0.16203703703703703,MORENA,93,0.14351851851851852,78,0.12037037037037036,198,0.3055555555555556,3,0.004629629629629629,8,0.012345679012345678,6,0.009259259259259259,233,0.3595679012345679,93,0.14351851851851852,3,0.004629629629629629,3,0.004629629629629629,1,0.0015432098765432098,2,0.0030864197530864196,4,0.006172839506172839,3,0.004629629629629629,1,0.0015432098765432098,0,0.0,1,0.0015432098765432098,0,0.0,0,0.0,0,0.0,0,0.0,1,0.0015432098765432098,0,0.0,0,0.0,0,0.0,10,0.015432098765432098,648,1.0,SRC_MUNICIPAL_PRORRATEADA,SECCION,COMPLETO
535,19,NUEVO LEON,JUAREZ,,23,2693,637,250,0.3924646781789639,0.6075353218210361,MC,116,0.464,63,0.252,PRI,53,0.212,11,0.044,PAN,42,0.168,MC,116,0.464,63,0.252,PRI,53,0.212,11,0.044,PAN,42,0.168,42,0.168,53,0.212,1,0.004,1,0.004,1,0.004,116,0.464,28,0.112,1,0.004,0,0.0,1,0.004,2,0.008,0,0.0,0,0.0,0,0.0,0,0.0,0,0.0,0,0.0,0,0.0,0,0.0,0,0.0,0,0.0,0,0.0,0,0.0,0,0.0,4,0.016,250,1.0,SRC_MUNICIPAL_PRORRATEADA,SECCION,COMPLETO
536,19,NUEVO LEON,LAMPAZOS DE NARANJO,,21,0,3162,2314,0.7318153067678684,0.26818469323213157,PAN,1362,0.5885911840968021,1044,0.4511668107173725,MC,318,0.13742437337942956,37,0.01598962834917891,MORENA,281,0.12143474503025065,PAN,1362,0.5885911840968021,1044,0.4511668107173725,MC,318,0.13742437337942956,37,0.01598962834917891,MORENA,281,0.12143474503025065,1362,0.5885911840968021,280,0.12100259291270528,3,0.0012964563526361278,18,0.007778738115816767,4,0.001728608470181504,318,0.13742437337942956,281,0.12143474503025065,3,0.0012964563526361278,0,0.0,6,0.0025929127052722557,4,0.001728608470181504,1,0.000432152117545376,0,0.0,0,0.0,0,0.0,0,0.0,0,0.0,0,0.0,0,0.0,0,0.0,0,0.0,0,0.0,0,0.0,0,0.0,34,0.014693171996542784,2314,1.0,SRC_MUNICIPAL_PRORRATEADA,SECCION,COMPLETO
537,19,NUEVO LEON,LAMPAZOS DE NARANJO,,21,856,1218,891,0.7315270935960592,0.26847290640394084,PAN,555,0.622895622895623,429,0.48148148148148145,MORENA,126,0.1414141414141414,21,0.02356902356902357,MC,105,0.11784511784511785,PAN,555,0.622895622895623,429,0.48148148148148145,MORENA,126,0.1414141414141414,21,0.02356902356902357,MC,105,0.11784511784511785,555,0.622895622895623,69,0.07744107744107744,0,0.0,8,0.008978675645342313,3,0.003367003367003367,105,0.11784511784511785,126,0.1414141414141414,3,0.003367003367003367,0,0.0,0,0.0,3,0.003367003367003367,1,0.001122334455667789,0,0.0,0,0.0,0,0.0,0,0.0,0,0.0,0,0.0,0,0.0,0,0.0,1,0.001122334455667789,0,0.0,1,0.001122334455667789,0,0.0,16,0.017957351290684626,891,1.0,SRC_MUNICIPAL_PRORRATEADA,SECCION,COMPLETO
538,19,NUEVO LEON,LAMPAZOS DE NARANJO,,21,857,556,407,0.7320143884892086,0.26798561151079137,PAN,207,0.5085995085995086,138,0.33906633906633904,PRI,69,0.16953316953316952,3,0.007371007371007371,MC,66,0.16216216216216217,PAN,207,0.5085995085995086,138,0.33906633906633904,PRI,69,0.16953316953316952,3,0.007371007371007371,MC,66,0.16216216216216217,207,0.5085995085995086,69,0.16953316953316952,0,0.0,0,0.0,0,0.0,66,0.16216216216216217,53,0.13022113022113022,0,0.0,0,0.0,2,0.004914004914004914,2,0.004914004914004914,0,0.0,0,0.0,0,0.0,0,0.0,0,0.0,0,0.0,0,0.0,0,0.0,0,0.0,0,0.0,0,0.0,0,0.0,0,0.0,8,0.019656019656019656,407,1.0,SRC_MUNICIPAL_PRORRATEADA,SECCION,COMPLETO
539,19,NUEVO LEON,LINARES,,24,0,24746,12040,0.48654327972197525,0.5134567202780247,MC,3194,0.26528239202657805,12,0.0009966777408637873,PRI,3182,0.2642857142857143,147,0.012209302325581395,PAN,3035,0.2520764119601329,MC,3194,0.26528239202657805,12,0.0009966777408637873,PRI,3182,0.2642857142857143,147,0.012209302325581395,PAN,3035,0.2520764119601329,3035,0.2520764119601329,3182,0.2642857142857143,81,0.0067275747508305644,138,0.011461794019933556,184,0.015282392026578074,3194,0.26528239202657805,1443,0.11985049833887043,203,0.01686046511627907,35,0.0029069767441860465,58,0.0048172757475083055,60,0.0049833887043189366,13,0.001079734219269103,11,0.0009136212624584717,6,0.0004983388704318936,6,0.0004983388704318936,2,0.00016611295681063124,1,8.305647840531562e-05,4,0.0003322259136212625,9,0.0007475083056478405,2,0.00016611295681063124,6,0.0004983388704318936,5,0.0004152823920265781,4,0.0003322259136212625,4,0.0003322259136212625,354,0.02940199335548173,12040,1.0,SRC_MUNICIPAL_PRORRATEADA,SECCION,COMPLETO
540,19,NUEVO LEON,LINARES,,24,860,1303,634,0.48656945510360705,0.513430544896393,PRI,180,0.28391167192429023,17,0.026813880126182965,MC,163,0.25709779179810727,33,0.052050473186119876,PAN,130,0.20504731861198738,PRI,180,0.28391167192429023,17,0.026813880126182965,MC,163,0.25709779179810727,33,0.052050473186119876,PAN,130,0.20504731861198738,130,0.20504731861198738,180,0.28391167192429023,12,0.01892744479495268,7,0.011041009463722398,14,0.022082018927444796,163,0.25709779179810727,82,0.12933753943217666,5,0.007886435331230283,4,0.006309148264984227,3,0.00473186119873817,3,0.00473186119873817,3,0.00473186119873817,1,0.0015772870662460567,1,0.0015772870662460567,0,0.0,0,0.0,3,0.00473186119873817,1,0.0015772870662460567,1,0.0015772870662460567,0,0.0,0,0.0,0,0.0,2,0.0031545741324921135,0,0.0,19,0.02996845425867508,634,1.0,SRC_MUNICIPAL_PRORRATEADA,SECCION,COMPLETO
541,19,NUEVO LEON,LINARES,,24,861,1034,503,0.4864603481624758,0.5135396518375241,PRI,144,0.28628230616302186,14,0.027833001988071572,MC,130,0.2584493041749503,20,0.039761431411530816,PAN,110,0.21868787276341947,PRI,144,0.28628230616302186,14,0.027833001988071572,MC,130,0.2584493041749503,20,0.039761431411530816,PAN,110,0.21868787276341947,110,0.21868787276341947,144,0.28628230616302186,1,0.0019880715705765406,5,0.009940357852882704,9,0.017892644135188866,130,0.2584493041749503,69,0.13717693836978131,9,0.017892644135188866,0,0.0,0,0.0,3,0.005964214711729622,3,0.005964214711729622,1,0.0019880715705765406,1,0.0019880715705765406,0,0.0,0,0.0,0,0.0,1,0.0019880715705765406,0,0.0,0,0.0,1,0.0019880715705765406,0,0.0,0,0.0,0,0.0,16,0.03180914512922465,503,1.0,SRC_MUNICIPAL_PRORRATEADA,SECCION,COMPLETO
542,19,NUEVO LEON,LINARES,,24,862,1135,552,0.4863436123348018,0.5136563876651983,MC,154,0.27898550724637683,2,0.0036231884057971015,PAN,152,0.2753623188405797,14,0.025362318840579712,PRI,138,0.25,MC,154,0.27898550724637683,2,0.0036231884057971015,PAN,152,0.2753623188405797,14,0.025362318840579712,PRI,138,0.25,152,0.2753623188405797,138,0.25,4,0.007246376811594203,7,0.012681159420289856,8,0.014492753623188406,154,0.27898550724637683,66,0.11956521739130435,8,0.014492753623188406,1,0.0018115942028985507,0,0.0,1,0.0018115942028985507,0,0.0,0,0.0,0,0.0,0,0.0,0,0.0,0,0.0,0,0.0,0,0.0,1,0.0018115942028985507,0,0.0,0,0.0,0,0.0,0,0.0,12,0.021739130434782608,552,1.0,SRC_MUNICIPAL_PRORRATEADA,SECCION,COMPLETO
543,19,NUEVO LEON,LINARES,,24,863,3650,1776,0.4865753424657534,0.5134246575342466,PAN,479,0.2697072072072072,0,0.0,MC,479,0.2697072072072072,104,0.05855855855855856,PRI,375,0.21114864864864866,PAN,479,0.2697072072072072,0,0.0,MC,479,0.2697072072072072,104,0.05855855855855856,PRI,375,0.21114864864864866,479,0.2697072072072072,375,0.21114864864864866,4,0.0022522522522522522,16,0.009009009009009009,32,0.018018018018018018,479,0.2697072072072072,270,0.15202702702702703,25,0.014076576576576577,9,0.005067567567567568,6,0.0033783783783783786,5,0.002815315315315315,2,0.0011261261261261261,3,0.0016891891891891893,0,0.0,2,0.0011261261261261261,0,0.0,0,0.0,1,0.0005630630630630631,1,0.0005630630630630631,1,0.0005630630630630631,1,0.0005630630630630631,1,0.0005630630630630631,0,0.0,0,0.0,64,0.036036036036036036,1776,1.0,SRC_MUNICIPAL_PRORRATEADA,SECCION,COMPLETO
544,19,NUEVO LEON,LINARES,,24,864,1174,571,0.48637137989778534,0.5136286201022147,PAN,162,0.28371278458844135,2,0.0035026269702276708,MC,160,0.28021015761821366,39,0.06830122591943957,PRI,121,0.2119089316987741,PAN,162,0.28371278458844135,2,0.0035026269702276708,MC,160,0.28021015761821366,39,0.06830122591943957,PRI,121,0.2119089316987741,162,0.28371278458844135,121,0.2119089316987741,4,0.0070052539404553416,5,0.008756567425569177,9,0.01576182136602452,160,0.28021015761821366,77,0.13485113835376533,11,0.01926444833625219,2,0.0035026269702276708,2,0.0035026269702276708,1,0.0017513134851138354,0,0.0,3,0.005253940455341506,0,0.0,0,0.0,0,0.0,0,0.0,0,0.0,1,0.0017513134851138354,1,0.0017513134851138354,0,0.0,1,0.0017513134851138354,0,0.0,0,0.0,11,0.01926444833625219,571,1.0,SRC_MUNICIPAL_PRORRATEADA,SECCION,COMPLETO
545,19,NUEVO LEON,LINARES,,24,865,3397,1653,0.48660582867235797,0.513394171327642,MC,481,0.2909860859044162,25,0.015124016938898971,PAN,456,0.27586206896551724,90,0.0544464609800363,PRI,366,0.22141560798548093,MC,481,0.2909860859044162,25,0.015124016938898971,PAN,456,0.27586206896551724,90,0.0544464609800363,PRI,366,0.22141560798548093,456,0.27586206896551724,366,0.22141560798548093,7,0.004234724742891712,16,0.009679370840895343,28,0.01693889897156685,481,0.2909860859044162,199,0.12038717483363581,24,0.014519056261343012,4,0.0024198427102238356,7,0.004234724742891712,5,0.0030248033877797943,0,0.0,3,0.0018148820326678765,0,0.0,0,0.0,0,0.0,0,0.0,1,0.0006049606775559589,1,0.0006049606775559589,0,0.0,1,0.0006049606775559589,0,0.0,2,0.0012099213551119178,0,0.0,52,0.03145795523290986,1653,1.0,SRC_MUNICIPAL_PRORRATEADA,SECCION,COMPLETO
546,19,NUEVO LEON,LINARES,,24,866,2986,1453,0.48660415271265905,0.513395847287341,MC,423,0.29112181693048866,34,0.02339986235375086,PAN,389,0.2677219545767378,16,0.011011699931176875,PRI,373,0.2567102546455609,MC,423,0.29112181693048866,34,0.02339986235375086,PAN,389,0.2677219545767378,16,0.011011699931176875,PRI,373,0.2567102546455609,389,0.2677219545767378,373,0.2567102546455609,5,0.0034411562284927736,14,0.009635237439779766,12,0.008258774948382657,423,0.29112181693048866,171,0.11768754301445286,27,0.018582243633860976,1,0.0006882312456985547,3,0.0020646937370956643,6,0.0041293874741913286,0,0.0,1,0.0006882312456985547,0,0.0,0,0.0,1,0.0006882312456985547,2,0.0013764624913971094,0,0.0,0,0.0,0,0.0,1,0.0006882312456985547,0,0.0,2,0.0013764624913971094,1,0.0006882312456985547,21,0.014452856159669649,1453,1.0,SRC_MUNICIPAL_PRORRATEADA,SECCION,COMPLETO
547,19,NUEVO LEON,LINARES,,24,867,450,219,0.4866666666666667,0.5133333333333333,PAN,62,0.2831050228310502,9,0.0410958904109589,PRI,53,0.2420091324200913,9,0.0410958904109589,MC,44,0.2009132420091324,PAN,62,0.2831050228310502,9,0.0410958904109589,PRI,53,0.2420091324200913,9,0.0410958904109589,MC,44,0.2009132420091324,62,0.2831050228310502,53,0.2420091324200913,1,0.0045662100456621,2,0.0091324200913242,5,0.0228310502283105,44,0.2009132420091324,34,0.1552511415525114,7,0.0319634703196347,0,0.0,0,0.0,1,0.0045662100456621,1,0.0045662100456621,0,0.0,0,0.0,1,0.0045662100456621,0,0.0,0,0.0,0,0.0,0,0.0,0,0.0,2,0.0091324200913242,0,0.0,0,0.0,0,0.0,6,0.0273972602739726,219,1.0,SRC_MUNICIPAL_PRORRATEADA,SECCION,COMPLETO
548,19,NUEVO LEON,LINARES,,24,868,637,310,0.48665620094191525,0.5133437990580847,MC,101,0.3258064516129032,23,0.07419354838709677,PRI,78,0.25161290322580643,7,0.02258064516129032,PAN,71,0.22903225806451613,MC,101,0.3258064516129032,23,0.07419354838709677,PRI,78,0.25161290322580643,7,0.02258064516129032,PAN,71,0.22903225806451613,71,0.22903225806451613,78,0.25161290322580643,0,0.0,3,0.00967741935483871,6,0.01935483870967742,101,0.3258064516129032,27,0.08709677419354839,7,0.02258064516129032,1,0.0032258064516129032,2,0.0064516129032258064,0,0.0,0,0.0,1,0.0032258064516129032,1,0.0032258064516129032,0,0.0,0,0.0,1,0.0032258064516129032,0,0.0,0,0.0,0,0.0,1,0.0032258064516129032,0,0.0,0,0.0,0,0.0,10,0.03225806451612903,310,1.0,SRC_MUNICIPAL_PRORRATEADA,SECCION,COMPLETO
549,19,NUEVO LEON,LINARES,,24,869,2294,1116,0.4864864864864865,0.5135135135135135,MC,366,0.3279569892473118,71,0.06362007168458782,PRI,295,0.26433691756272404,33,0.02956989247311828,PAN,262,0.23476702508960573,MC,366,0.3279569892473118,71,0.06362007168458782,PRI,295,0.26433691756272404,33,0.02956989247311828,PAN,262,0.23476702508960573,262,0.23476702508960573,295,0.26433691756272404,8,0.007168458781362007,15,0.013440860215053764,12,0.010752688172043012,366,0.3279569892473118,108,0.0967741935483871,10,0.008960573476702509,2,0.0017921146953405018,5,0.004480286738351254,10,0.008960573476702509,1,0.0008960573476702509,2,0.0017921146953405018,0,0.0,0,0.0,0,0.0,0,0.0,0,0.0,0,0.0,0,0.0,4,0.0035842293906810036,0,0.0,1,0.0008960573476702509,0,0.0,15,0.013440860215053764,1116,1.0,SRC_MUNICIPAL_PRORRATEADA,SECCION,COMPLETO
550,19,NUEVO LEON,LINARES,,24,870,987,480,0.48632218844984804,0.5136778115501519,MC,143,0.29791666666666666,9,0.01875,PRI,134,0.2791666666666667,27,0.05625,PAN,107,0.22291666666666668,MC,143,0.29791666666666666,9,0.01875,PRI,134,0.2791666666666667,27,0.05625,PAN,107,0.22291666666666668,107,0.22291666666666668,134,0.2791666666666667,1,0.0020833333333333333,3,0.00625,2,0.004166666666666667,143,0.29791666666666666,60,0.125,8,0.016666666666666666,2,0.004166666666666667,2,0.004166666666666667,3,0.00625,0,0.0,0,0.0,1,0.0020833333333333333,0,0.0,0,0.0,1,0.0020833333333333333,0,0.0,0,0.0,0,0.0,0,0.0,0,0.0,0,0.0,0,0.0,13,0.027083333333333334,480,1.0,SRC_MUNICIPAL_PRORRATEADA,SECCION,COMPLETO
551,19,NUEVO LEON,LINARES,,24,871,553,269,0.4864376130198915,0.5135623869801085,PAN,95,0.35315985130111527,21,0.07806691449814127,MC,74,0.275092936802974,7,0.026022304832713755,PRI,67,0.24907063197026022,PAN,95,0.35315985130111527,21,0.07806691449814127,MC,74,0.275092936802974,7,0.026022304832713755,PRI,67,0.24907063197026022,95,0.35315985130111527,67,0.24907063197026022,2,0.007434944237918215,1,0.0037174721189591076,6,0.022304832713754646,74,0.275092936802974,15,0.055762081784386616,3,0.011152416356877323,1,0.0037174721189591076,1,0.0037174721189591076,0,0.0,0,0.0,0,0.0,0,0.0,0,0.0,0,0.0,0,0.0,0,0.0,0,0.0,0,0.0,0,0.0,0,0.0,0,0.0,0,0.0,4,0.01486988847583643,269,1.0,SRC_MUNICIPAL_PRORRATEADA,SECCION,COMPLETO
552,19,NUEVO LEON,LINARES,,24,872,1268,617,0.4865930599369085,0.5134069400630915,MC,174,0.2820097244732577,5,0.008103727714748784,PAN,169,0.2739059967585089,14,0.022690437601296597,PRI,155,0.25121555915721233,MC,174,0.2820097244732577,5,0.008103727714748784,PAN,169,0.2739059967585089,14,0.022690437601296597,PRI,155,0.25121555915721233,169,0.2739059967585089,155,0.25121555915721233,6,0.009724473257698542,10,0.01620745542949757,6,0.009724473257698542,174,0.2820097244732577,79,0.1280388978930308,9,0.014586709886547812,0,0.0,0,0.0,4,0.006482982171799027,1,0.0016207455429497568,0,0.0,0,0.0,0,0.0,0,0.0,0,0.0,0,0.0,0,0.0,0,0.0,0,0.0,0,0.0,0,0.0,1,0.0016207455429497568,3,0.004862236628849271,617,1.0,SRC_MUNICIPAL_PRORRATEADA,SECCION,COMPLETO
553,19,NUEVO LEON,LINARES,,24,876,1418,690,0.48660084626234135,0.5133991537376587,PRI,204,0.2956521739130435,13,0.01884057971014493,MC,191,0.2768115942028985,17,0.02463768115942029,PAN,174,0.25217391304347825,PRI,204,0.2956521739130435,13,0.01884057971014493,MC,191,0.2768115942028985,17,0.02463768115942029,PAN,174,0.25217391304347825,174,0.25217391304347825,204,0.2956521739130435,2,0.002898550724637681,4,0.005797101449275362,5,0.007246376811594203,191,0.2768115942028985,59,0.08550724637681159,14,0.020289855072463767,1,0.0014492753623188406,2,0.002898550724637681,4,0.005797101449275362,0,0.0,2,0.002898550724637681,0,0.0,0,0.0,0,0.0,0,0.0,0,0.0,0,0.0,0,0.0,1,0.0014492753623188406,0,0.0,1,0.0014492753623188406,0,0.0,26,0.03768115942028986,690,1.0,SRC_MUNICIPAL_PRORRATEADA,SECCION,COMPLETO
554,19,NUEVO LEON,LINARES,,24,877,553,269,0.4864376130198915,0.5135623869801085,MC,82,0.3048327137546468,7,0.026022304832713755,PRI,75,0.2788104089219331,8,0.02973977695167286,PAN,67,0.24907063197026022,MC,82,0.3048327137546468,7,0.026022304832713755,PRI,75,0.2788104089219331,8,0.02973977695167286,PAN,67,0.24907063197026022,67,0.24907063197026022,75,0.2788104089219331,0,0.0,1,0.0037174721189591076,3,0.011152416356877323,82,0.3048327137546468,25,0.09293680297397769,7,0.026022304832713755,0,0.0,0,0.0,0,0.0,1,0.0037174721189591076,0,0.0,0,0.0,0,0.0,0,0.0,0,0.0,0,0.0,0,0.0,0,0.0,1,0.0037174721189591076,0,0.0,0,0.0,0,0.0,7,0.026022304832713755,269,1.0,SRC_MUNICIPAL_PRORRATEADA,SECCION,COMPLETO
555,19,NUEVO LEON,LINARES,,24,879,1192,580,0.4865771812080537,0.5134228187919463,PRI,161,0.2775862068965517,0,0.0,MC,161,0.2775862068965517,12,0.020689655172413793,PAN,149,0.25689655172413794,PRI,161,0.2775862068965517,0,0.0,MC,161,0.2775862068965517,12,0.020689655172413793,PAN,149,0.25689655172413794,149,0.25689655172413794,161,0.2775862068965517,4,0.006896551724137931,5,0.008620689655172414,11,0.01896551724137931,161,0.2775862068965517,53,0.09137931034482759,7,0.01206896551724138,0,0.0,4,0.006896551724137931,3,0.005172413793103448,0,0.0,1,0.0017241379310344827,0,0.0,0,0.0,0,0.0,0,0.0,0,0.0,1,0.0017241379310344827,0,0.0,0,0.0,0,0.0,0,0.0,0,0.0,20,0.034482758620689655,580,1.0,SRC_MUNICIPAL_PRORRATEADA,SECCION,COMPLETO
556,19,NUEVO LEON,LINARES,,24,880,935,455,0.48663101604278075,0.5133689839572193,MC,134,0.2945054945054945,5,0.01098901098901099,PRI,129,0.2835164835164835,27,0.05934065934065934,PAN,102,0.22417582417582418,MC,134,0.2945054945054945,5,0.01098901098901099,PRI,129,0.2835164835164835,27,0.05934065934065934,PAN,102,0.22417582417582418,102,0.22417582417582418,129,0.2835164835164835,3,0.006593406593406593,0,0.0,5,0.01098901098901099,134,0.2945054945054945,58,0.12747252747252746,4,0.008791208791208791,0,0.0,1,0.002197802197802198,0,0.0,0,0.0,0,0.0,0,0.0,0,0.0,1,0.002197802197802198,0,0.0,0,0.0,1,0.002197802197802198,0,0.0,1,0.002197802197802198,0,0.0,0,0.0,0,0.0,16,0.035164835164835165,455,1.0,SRC_MUNICIPAL_PRORRATEADA,SECCION,COMPLETO
557,19,NUEVO LEON,LINARES,,24,881,1876,913,0.48667377398720685,0.5133262260127931,MC,253,0.27710843373493976,1,0.001095290251916758,PAN,252,0.276013143483023,50,0.054764512595837894,PRI,202,0.2212486308871851,MC,253,0.27710843373493976,1,0.001095290251916758,PAN,252,0.276013143483023,50,0.054764512595837894,PRI,202,0.2212486308871851,252,0.276013143483023,202,0.2212486308871851,5,0.00547645125958379,13,0.014238773274917854,14,0.01533406352683461,253,0.27710843373493976,107,0.1171960569550931,20,0.02190580503833516,3,0.0032858707557502738,5,0.00547645125958379,4,0.004381161007667032,2,0.002190580503833516,1,0.001095290251916758,0,0.0,1,0.001095290251916758,0,0.0,0,0.0,0,0.0,0,0.0,1,0.001095290251916758,0,0.0,0,0.0,0,0.0,0,0.0,30,0.03285870755750274,913,1.0,SRC_MUNICIPAL_PRORRATEADA,SECCION,COMPLETO
558,19,NUEVO LEON,LINARES,,24,882,2322,1130,0.48664944013781225,0.5133505598621877,MC,339,0.3,30,0.02654867256637168,PAN,309,0.2734513274336283,76,0.06725663716814159,PRI,233,0.20619469026548673,MC,339,0.3,30,0.02654867256637168,PAN,309,0.2734513274336283,76,0.06725663716814159,PRI,233,0.20619469026548673,309,0.2734513274336283,233,0.20619469026548673,4,0.0035398230088495575,10,0.008849557522123894,23,0.020353982300884955,339,0.3,140,0.12389380530973451,25,0.022123893805309734,2,0.0017699115044247787,6,0.005309734513274336,3,0.002654867256637168,9,0.007964601769911504,1,0.0008849557522123894,0,0.0,0,0.0,0,0.0,0,0.0,0,0.0,0,0.0,0,0.0,0,0.0,0,0.0,0,0.0,2,0.0017699115044247787,24,0.021238938053097345,1130,1.0,SRC_MUNICIPAL_PRORRATEADA,SECCION,COMPLETO
559,19,NUEVO LEON,LINARES,,24,883,1147,558,0.4864864864864865,0.5135135135135135,MC,170,0.3046594982078853,35,0.06272401433691756,PRI,135,0.24193548387096775,1,0.0017921146953405018,PAN,134,0.24014336917562723,MC,170,0.3046594982078853,35,0.06272401433691756,PRI,135,0.24193548387096775,1,0.0017921146953405018,PAN,134,0.24014336917562723,134,0.24014336917562723,135,0.24193548387096775,3,0.005376344086021506,4,0.007168458781362007,6,0.010752688172043012,170,0.3046594982078853,82,0.14695340501792115,7,0.012544802867383513,2,0.0035842293906810036,0,0.0,1,0.0017921146953405018,1,0.0017921146953405018,0,0.0,0,0.0,0,0.0,0,0.0,0,0.0,1,0.0017921146953405018,0,0.0,0,0.0,0,0.0,1,0.0017921146953405018,1,0.0017921146953405018,1,0.0017921146953405018,9,0.016129032258064516,558,1.0,SRC_MUNICIPAL_PRORRATEADA,SECCION,COMPLETO
560,19,NUEVO LEON,LINARES,,24,884,551,268,0.4863883847549909,0.5136116152450091,MC,80,0.29850746268656714,5,0.018656716417910446,PAN,75,0.2798507462686567,15,0.055970149253731345,PRI,60,0.22388059701492538,MC,80,0.29850746268656714,5,0.018656716417910446,PAN,75,0.2798507462686567,15,0.055970149253731345,PRI,60,0.22388059701492538,75,0.2798507462686567,60,0.22388059701492538,0,0.0,3,0.011194029850746268,3,0.011194029850746268,80,0.29850746268656714,28,0.1044776119402985,6,0.022388059701492536,0,0.0,1,0.0037313432835820895,1,0.0037313432835820895,1,0.0037313432835820895,1,0.0037313432835820895,0,0.0,0,0.0,0,0.0,0,0.0,0,0.0,1,0.0037313432835820895,1,0.0037313432835820895,0,0.0,0,0.0,0,0.0,0,0.0,7,0.026119402985074626,268,1.0,SRC_MUNICIPAL_PRORRATEADA,SECCION,COMPLETO
561,19,NUEVO LEON,LINARES,,24,885,1015,494,0.48669950738916257,0.5133004926108374,MC,144,0.291497975708502,8,0.016194331983805668,PAN,136,0.27530364372469635,51,0.10323886639676114,PRI,85,0.1720647773279352,MC,144,0.291497975708502,8,0.016194331983805668,PAN,136,0.27530364372469635,51,0.10323886639676114,PRI,85,0.1720647773279352,136,0.27530364372469635,85,0.1720647773279352,3,0.006072874493927126,5,0.010121457489878543,8,0.016194331983805668,144,0.291497975708502,72,0.145748987854251,19,0.038461538461538464,1,0.0020242914979757085,2,0.004048582995951417,1,0.0020242914979757085,1,0.0020242914979757085,0,0.0,0,0.0,0,0.0,0,0.0,1,0.0020242914979757085,0,0.0,0,0.0,0,0.0,1,0.0020242914979757085,0,0.0,0,0.0,0,0.0,15,0.030364372469635626,494,1.0,SRC_MUNICIPAL_PRORRATEADA,SECCION,COMPLETO
562,19,NUEVO LEON,LINARES,,24,886,1989,968,0.4866767219708396,0.5133232780291603,MC,254,0.26239669421487605,22,0.022727272727272728,PAN,232,0.2396694214876033,8,0.008264462809917356,PRI,224,0.23140495867768596,MC,254,0.26239669421487605,22,0.022727272727272728,PAN,232,0.2396694214876033,8,0.008264462809917356,PRI,224,0.23140495867768596,232,0.2396694214876033,224,0.23140495867768596,1,0.0010330578512396695,15,0.015495867768595042,15,0.015495867768595042,254,0.26239669421487605,124,0.128099173553719,20,0.02066115702479339,10,0.010330578512396695,8,0.008264462809917356,7,0.007231404958677686,0,0.0,4,0.004132231404958678,0,0.0,1,0.0010330578512396695,0,0.0,2,0.002066115702479339,1,0.0010330578512396695,1,0.0010330578512396695,0,0.0,3,0.0030991735537190084,1,0.0010330578512396695,0,0.0,0,0.0,45,0.04648760330578512,968,1.0,SRC_MUNICIPAL_PRORRATEADA,SECCION,COMPLETO
563,19,NUEVO LEON,LINARES,,24,887,660,321,0.4863636363636364,0.5136363636363637,PAN,90,0.2803738317757009,10,0.03115264797507788,PRI,80,0.24922118380062305,2,0.006230529595015576,MC,78,0.24299065420560748,PAN,90,0.2803738317757009,10,0.03115264797507788,PRI,80,0.24922118380062305,2,0.006230529595015576,MC,78,0.24299065420560748,90,0.2803738317757009,80,0.24922118380062305,1,0.003115264797507788,6,0.018691588785046728,4,0.012461059190031152,78,0.24299065420560748,40,0.12461059190031153,7,0.021806853582554516,0,0.0,2,0.006230529595015576,1,0.003115264797507788,1,0.003115264797507788,0,0.0,0,0.0,0,0.0,0,0.0,0,0.0,0,0.0,0,0.0,0,0.0,2,0.006230529595015576,0,0.0,1,0.003115264797507788,0,0.0,8,0.024922118380062305,321,1.0,SRC_MUNICIPAL_PRORRATEADA,SECCION,COMPLETO
564,19,NUEVO LEON,LINARES,,24,888,1161,565,0.48664944013781225,0.5133505598621877,PRI,165,0.2920353982300885,44,0.07787610619469026,MC,121,0.21415929203539824,23,0.04070796460176991,MORENA,98,0.17345132743362832,PRI,165,0.2920353982300885,44,0.07787610619469026,MC,121,0.21415929203539824,23,0.04070796460176991,MORENA,98,0.17345132743362832,77,0.13628318584070798,165,0.2920353982300885,4,0.007079646017699115,12,0.021238938053097345,15,0.02654867256637168,121,0.21415929203539824,98,0.17345132743362832,19,0.033628318584070796,4,0.007079646017699115,4,0.007079646017699115,1,0.0017699115044247787,3,0.005309734513274336,7,0.012389380530973451,0,0.0,2,0.0035398230088495575,0,0.0,0,0.0,3,0.005309734513274336,0,0.0,0,0.0,1,0.0017699115044247787,0,0.0,1,0.0017699115044247787,0,0.0,28,0.049557522123893805,565,1.0,SRC_MUNICIPAL_PRORRATEADA,SECCION,COMPLETO
565,19,NUEVO LEON,LINARES,,24,891,261,127,0.48659003831417624,0.5134099616858238,PRI,40,0.31496062992125984,8,0.06299212598425197,MORENA,32,0.25196850393700787,7,0.05511811023622047,MC,25,0.1968503937007874,PRI,40,0.31496062992125984,8,0.06299212598425197,MORENA,32,0.25196850393700787,7,0.05511811023622047,MC,25,0.1968503937007874,12,0.09448818897637795,40,0.31496062992125984,0,0.0,2,0.015748031496062992,2,0.015748031496062992,25,0.1968503937007874,32,0.25196850393700787,1,0.007874015748031496,0,0.0,1,0.007874015748031496,0,0.0,0,0.0,0,0.0,0,0.0,0,0.0,0,0.0,0,0.0,0,0.0,0,0.0,0,0.0,0,0.0,0,0.0,0,0.0,0,0.0,12,0.09448818897637795,127,1.0,SRC_MUNICIPAL_PRORRATEADA,SECCION,COMPLETO
566,19,NUEVO LEON,LINARES,,24,893,321,156,0.48598130841121495,0.514018691588785,PRI,57,0.36538461538461536,24,0.15384615384615385,PAN,33,0.21153846153846154,3,0.019230769230769232,MORENA,30,0.19230769230769232,PRI,57,0.36538461538461536,24,0.15384615384615385,PAN,33,0.21153846153846154,3,0.019230769230769232,MORENA,30,0.19230769230769232,33,0.21153846153846154,57,0.36538461538461536,2,0.01282051282051282,3,0.019230769230769232,2,0.01282051282051282,16,0.10256410256410256,30,0.19230769230769232,3,0.019230769230769232,0,0.0,1,0.00641025641025641,1,0.00641025641025641,0,0.0,1,0.00641025641025641,0,0.0,0,0.0,0,0.0,0,0.0,0,0.0,0,0.0,0,0.0,0,0.0,0,0.0,0,0.0,0,0.0,7,0.04487179487179487,156,1.0,SRC_MUNICIPAL_PRORRATEADA,SECCION,COMPLETO
567,19,NUEVO LEON,LINARES,,24,896,467,227,0.4860813704496788,0.5139186295503212,PRI,105,0.46255506607929514,56,0.24669603524229075,PAN,49,0.21585903083700442,22,0.09691629955947137,MC,27,0.11894273127753303,PRI,105,0.46255506607929514,56,0.24669603524229075,PAN,49,0.21585903083700442,22,0.09691629955947137,MC,27,0.11894273127753303,49,0.21585903083700442,105,0.46255506607929514,3,0.013215859030837005,1,0.004405286343612335,5,0.022026431718061675,27,0.11894273127753303,17,0.07488986784140969,4,0.01762114537444934,1,0.004405286343612335,2,0.00881057268722467,1,0.004405286343612335,1,0.004405286343612335,0,0.0,0,0.0,0,0.0,0,0.0,0,0.0,0,0.0,0,0.0,0,0.0,0,0.0,0,0.0,1,0.004405286343612335,0,0.0,10,0.04405286343612335,227,1.0,SRC_MUNICIPAL_PRORRATEADA,SECCION,COMPLETO
568,19,NUEVO LEON,LINARES,,24,897,1369,666,0.4864864864864865,0.5135135135135135,PAN,161,0.24174174174174173,3,0.0045045045045045045,PRI,158,0.23723723723723725,27,0.04054054054054054,MC,131,0.1966966966966967,PAN,161,0.24174174174174173,3,0.0045045045045045045,PRI,158,0.23723723723723725,27,0.04054054054054054,MC,131,0.1966966966966967,161,0.24174174174174173,158,0.23723723723723725,4,0.006006006006006006,10,0.015015015015015015,14,0.021021021021021023,131,0.1966966966966967,102,0.15315315315315314,31,0.046546546546546545,4,0.006006006006006006,9,0.013513513513513514,2,0.003003003003003003,0,0.0,1,0.0015015015015015015,0,0.0,1,0.0015015015015015015,0,0.0,0,0.0,0,0.0,1,0.0015015015015015015,0,0.0,2,0.003003003003003003,0,0.0,2,0.003003003003003003,0,0.0,33,0.04954954954954955,666,1.0,SRC_MUNICIPAL_PRORRATEADA,SECCION,COMPLETO
569,19,NUEVO LEON,LINARES,,24,898,980,477,0.48673469387755103,0.513265306122449,PRI,184,0.3857442348008386,88,0.18448637316561844,MC,96,0.20125786163522014,25,0.05241090146750524,PAN,71,0.1488469601677149,PRI,184,0.3857442348008386,88,0.18448637316561844,MC,96,0.20125786163522014,25,0.05241090146750524,PAN,71,0.1488469601677149,71,0.1488469601677149,184,0.3857442348008386,4,0.008385744234800839,8,0.016771488469601678,14,0.029350104821802937,96,0.20125786163522014,50,0.10482180293501048,15,0.031446540880503145,1,0.0020964360587002098,7,0.014675052410901468,0,0.0,1,0.0020964360587002098,0,0.0,0,0.0,0,0.0,0,0.0,0,0.0,0,0.0,0,0.0,0,0.0,0,0.0,0,0.0,0,0.0,1,0.0020964360587002098,25,0.05241090146750524,477,1.0,SRC_MUNICIPAL_PRORRATEADA,SECCION,COMPLETO
570,19,NUEVO LEON,LINARES,,24,901,442,215,0.48642533936651583,0.5135746606334841,PRI,56,0.26046511627906976,6,0.027906976744186046,MC,50,0.23255813953488372,10,0.046511627906976744,PAN,40,0.18604651162790697,PRI,56,0.26046511627906976,6,0.027906976744186046,MC,50,0.23255813953488372,10,0.046511627906976744,PAN,40,0.18604651162790697,40,0.18604651162790697,56,0.26046511627906976,3,0.013953488372093023,4,0.018604651162790697,7,0.03255813953488372,50,0.23255813953488372,22,0.10232558139534884,3,0.013953488372093023,0,0.0,5,0.023255813953488372,0,0.0,0,0.0,1,0.004651162790697674,0,0.0,0,0.0,0,0.0,0,0.0,0,0.0,0,0.0,0,0.0,0,0.0,0,0.0,0,0.0,0,0.0,24,0.11162790697674418,215,1.0,SRC_MUNICIPAL_PRORRATEADA,SECCION,COMPLETO
571,19,NUEVO LEON,LINARES,,24,902,612,298,0.4869281045751634,0.5130718954248366,PRI,138,0.46308724832214765,89,0.2986577181208054,MC,49,0.1644295302013423,1,0.003355704697986577,PAN,48,0.1610738255033557,PRI,138,0.46308724832214765,89,0.2986577181208054,MC,49,0.1644295302013423,1,0.003355704697986577,PAN,48,0.1610738255033557,48,0.1610738255033557,138,0.46308724832214765,1,0.003355704697986577,5,0.016778523489932886,7,0.02348993288590604,49,0.1644295302013423,24,0.08053691275167785,4,0.013422818791946308,4,0.013422818791946308,1,0.003355704697986577,0,0.0,1,0.003355704697986577,0,0.0,0,0.0,0,0.0,0,0.0,0,0.0,0,0.0,0,0.0,1,0.003355704697986577,0,0.0,0,0.0,0,0.0,0,0.0,15,0.050335570469798654,298,1.0,SRC_MUNICIPAL_PRORRATEADA,SECCION,COMPLETO
572,19,NUEVO LEON,LINARES,,24,907,477,232,0.4863731656184486,0.5136268343815513,PRI,100,0.43103448275862066,67,0.28879310344827586,MC,33,0.14224137931034483,3,0.01293103448275862,MORENA,30,0.12931034482758622,PRI,100,0.43103448275862066,67,0.28879310344827586,MC,33,0.14224137931034483,3,0.01293103448275862,MORENA,30,0.12931034482758622,28,0.1206896551724138,100,0.43103448275862066,2,0.008620689655172414,6,0.02586206896551724,8,0.034482758620689655,33,0.14224137931034483,30,0.12931034482758622,8,0.034482758620689655,0,0.0,1,0.004310344827586207,2,0.008620689655172414,0,0.0,0,0.0,0,0.0,0,0.0,0,0.0,0,0.0,0,0.0,0,0.0,0,0.0,0,0.0,0,0.0,0,0.0,0,0.0,14,0.0603448275862069,232,1.0,SRC_MUNICIPAL_PRORRATEADA,SECCION,COMPLETO
573,19,NUEVO LEON,LOS ALDAMAS,,24,0,1096,753,0.6870437956204379,0.31295620437956206,MC,337,0.44754316069057104,41,0.05444887118193891,PRI,296,0.3930942895086321,260,0.3452855245683931,PAN,36,0.04780876494023904,MC,337,0.44754316069057104,41,0.05444887118193891,PRI,296,0.3930942895086321,260,0.3452855245683931,PAN,36,0.04780876494023904,36,0.04780876494023904,296,0.3930942895086321,6,0.00796812749003984,3,0.00398406374501992,3,0.00398406374501992,337,0.44754316069057104,17,0.02257636122177955,32,0.04249667994687915,0,0.0,0,0.0,2,0.0026560424966799467,0,0.0,2,0.0026560424966799467,0,0.0,0,0.0,0,0.0,0,0.0,0,0.0,0,0.0,1,0.0013280212483399733,0,0.0,0,0.0,0,0.0,0,0.0,18,0.02390438247011952,753,1.0,SRC_MUNICIPAL_PRORRATEADA,SECCION,COMPLETO
574,19,NUEVO LEON,LOS ALDAMAS,,24,13,515,354,0.6873786407766991,0.3126213592233009,PRI,157,0.4435028248587571,16,0.04519774011299435,MC,141,0.3983050847457627,121,0.3418079096045198,PAN,20,0.05649717514124294,PRI,157,0.4435028248587571,16,0.04519774011299435,MC,141,0.3983050847457627,121,0.3418079096045198,PAN,20,0.05649717514124294,20,0.05649717514124294,157,0.4435028248587571,0,0.0,3,0.00847457627118644,0,0.0,141,0.3983050847457627,7,0.01977401129943503,14,0.03954802259887006,0,0.0,0,0.0,0,0.0,0,0.0,0,0.0,0,0.0,0,0.0,0,0.0,0,0.0,0,0.0,0,0.0,0,0.0,0,0.0,0,0.0,0,0.0,0,0.0,12,0.03389830508474576,354,1.0,SRC_MUNICIPAL_PRORRATEADA,SECCION,COMPLETO
575,19,NUEVO LEON,LOS ALDAMAS,,24,16,376,258,0.6861702127659575,0.31382978723404253,MC,105,0.4069767441860465,5,0.01937984496124031,PRI,100,0.3875968992248062,86,0.3333333333333333,PANAL,14,0.05426356589147287,MC,105,0.4069767441860465,5,0.01937984496124031,PRI,100,0.3875968992248062,86,0.3333333333333333,PANAL,14,0.05426356589147287,11,0.04263565891472868,100,0.3875968992248062,2,0.007751937984496124,1,0.003875968992248062,3,0.011627906976744186,105,0.4069767441860465,10,0.03875968992248062,14,0.05426356589147287,0,0.0,1,0.003875968992248062,0,0.0,0,0.0,1,0.003875968992248062,0,0.0,0,0.0,0,0.0,0,0.0,0,0.0,0,0.0,0,0.0,0,0.0,0,0.0,0,0.0,0,0.0,10,0.03875968992248062,258,1.0,SRC_MUNICIPAL_PRORRATEADA,SECCION,COMPLETO
576,19,NUEVO LEON,LOS HERRERAS,,24,0,963,522,0.5420560747663551,0.4579439252336449,PRI,196,0.37547892720306514,86,0.16475095785440613,PVEM,110,0.210727969348659,31,0.05938697318007663,MC,79,0.15134099616858238,PRI,196,0.37547892720306514,86,0.16475095785440613,PVEM,110,0.210727969348659,31,0.05938697318007663,MC,79,0.15134099616858238,61,0.11685823754789272,196,0.37547892720306514,2,0.0038314176245210726,110,0.210727969348659,1,0.0019157088122605363,79,0.15134099616858238,28,0.05363984674329502,30,0.05747126436781609,0,0.0,0,0.0,0,0.0,1,0.0019157088122605363,0,0.0,0,0.0,0,0.0,0,0.0,0,0.0,0,0.0,2,0.0038314176245210726,0,0.0,0,0.0,0,0.0,0,0.0,0,0.0,12,0.022988505747126436,522,1.0,SRC_MUNICIPAL_PRORRATEADA,SECCION,COMPLETO
577,19,NUEVO LEON,LOS HERRERAS,,24,806,0,0,0.0,0.0,PAN,0,0.0,0,0.0,PRI,0,0.0,0,0.0,PRD,0,0.0,PAN,0,0.0,0,0.0,PRI,0,0.0,0,0.0,PRD,0,0.0,0,0.0,0,0.0,0,0.0,0,0.0,0,0.0,0,0.0,0,0.0,0,0.0,0,0.0,0,0.0,0,0.0,0,0.0,0,0.0,0,0.0,0,0.0,0,0.0,0,0.0,0,0.0,0,0.0,0,0.0,0,0.0,0,0.0,0,0.0,0,0.0,0,0.0,0,0.0,SRC_MUNICIPAL_PRORRATEADA,SECCION,COMPLETO
578,19,NUEVO LEON,LOS HERRERAS,,24,807,618,335,0.5420711974110033,0.4579288025889967,PRI,135,0.40298507462686567,21,0.0626865671641791,PVEM,114,0.3402985074626866,79,0.23582089552238805,PAN,35,0.1044776119402985,PRI,135,0.40298507462686567,21,0.0626865671641791,PVEM,114,0.3402985074626866,79,0.23582089552238805,PAN,35,0.1044776119402985,35,0.1044776119402985,135,0.40298507462686567,3,0.008955223880597015,114,0.3402985074626866,0,0.0,2,0.005970149253731343,0,0.0,34,0.10149253731343283,0,0.0,0,0.0,1,0.0029850746268656717,0,0.0,0,0.0,0,0.0,0,0.0,0,0.0,0,0.0,0,0.0,0,0.0,0,0.0,0,0.0,0,0.0,0,0.0,0,0.0,11,0.03283582089552239,335,1.0,SRC_MUNICIPAL_PRORRATEADA,SECCION,COMPLETO
579,19,NUEVO LEON,LOS HERRERAS,,24,808,903,489,0.5415282392026578,0.4584717607973422,PRI,137,0.28016359918200406,38,0.07770961145194274,MC,99,0.20245398773006135,5,0.010224948875255624,PAN,94,0.19222903885480572,PRI,137,0.28016359918200406,38,0.07770961145194274,MC,99,0.20245398773006135,5,0.010224948875255624,PAN,94,0.19222903885480572,94,0.19222903885480572,137,0.28016359918200406,3,0.006134969325153374,92,0.18813905930470348,1,0.002044989775051125,99,0.20245398773006135,22,0.044989775051124746,26,0.053169734151329244,0,0.0,1,0.002044989775051125,1,0.002044989775051125,0,0.0,0,0.0,0,0.0,0,0.0,0,0.0,0,0.0,0,0.0,0,0.0,0,0.0,0,0.0,0,0.0,0,0.0,0,0.0,13,0.026584867075664622,489,1.0,SRC_MUNICIPAL_PRORRATEADA,SECCION,COMPLETO
580,19,NUEVO LEON,LOS HERRERAS,,24,810,404,219,0.5420792079207921,0.4579207920792079,PRI,61,0.2785388127853881,13,0.0593607305936073,PVEM,48,0.2191780821917808,13,0.0593607305936073,MC,35,0.1598173515981735,PRI,61,0.2785388127853881,13,0.0593607305936073,PVEM,48,0.2191780821917808,13,0.0593607305936073,MC,35,0.1598173515981735,33,0.1506849315068493,61,0.2785388127853881,1,0.0045662100456621,48,0.2191780821917808,3,0.0136986301369863,35,0.1598173515981735,11,0.0502283105022831,10,0.045662100456621,0,0.0,0,0.0,0,0.0,0,0.0,0,0.0,0,0.0,0,0.0,0,0.0,0,0.0,0,0.0,1,0.0045662100456621,2,0.0091324200913242,0,0.0,1,0.0045662100456621,0,0.0,0,0.0,13,0.0593607305936073,219,1.0,SRC_MUNICIPAL_PRORRATEADA,SECCION,COMPLETO
581,19,NUEVO LEON,LOS RAMONES,,23,0,2617,1473,0.5628582346197937,0.4371417653802063,PAN,562,0.38153428377460963,237,0.16089613034623218,PANAL,325,0.22063815342837745,69,0.04684317718940937,PRI,256,0.17379497623896809,PAN,562,0.38153428377460963,237,0.16089613034623218,PANAL,325,0.22063815342837745,69,0.04684317718940937,PRI,256,0.17379497623896809,562,0.38153428377460963,256,0.17379497623896809,3,0.002036659877800407,19,0.012898845892735914,1,0.0006788866259334691,209,0.14188730482009504,43,0.029192124915139173,325,0.22063815342837745,6,0.004073319755600814,11,0.00746775288526816,3,0.002036659877800407,0,0.0,1,0.0006788866259334691,0,0.0,0,0.0,0,0.0,0,0.0,0,0.0,0,0.0,3,0.002036659877800407,0,0.0,1,0.0006788866259334691,1,0.0006788866259334691,0,0.0,29,0.019687712152070606,1473,1.0,SRC_MUNICIPAL_PRORRATEADA,SECCION,COMPLETO
582,19,NUEVO LEON,LOS RAMONES,,23,1714,250,141,0.564,0.43600000000000005,PAN,52,0.36879432624113473,9,0.06382978723404255,PANAL,43,0.3049645390070922,35,0.24822695035460993,PRI,8,0.05673758865248227,PAN,52,0.36879432624113473,9,0.06382978723404255,PANAL,43,0.3049645390070922,35,0.24822695035460993,PRI,8,0.05673758865248227,52,0.36879432624113473,8,0.05673758865248227,0,0.0,4,0.028368794326241134,1,0.0070921985815602835,6,0.0425531914893617,6,0.0425531914893617,43,0.3049645390070922,0,0.0,7,0.04964539007092199,0,0.0,0,0.0,1,0.0070921985815602835,0,0.0,0,0.0,0,0.0,0,0.0,0,0.0,0,0.0,2,0.014184397163120567,1,0.0070921985815602835,0,0.0,2,0.014184397163120567,0,0.0,8,0.05673758865248227,141,1.0,SRC_MUNICIPAL_PRORRATEADA,SECCION,COMPLETO
583,19,NUEVO LEON,LOS RAMONES,,23,1715,258,145,0.562015503875969,0.437984496124031,PAN,54,0.3724137931034483,21,0.14482758620689656,PANAL,33,0.22758620689655173,9,0.06206896551724138,MC,24,0.16551724137931034,PAN,54,0.3724137931034483,21,0.14482758620689656,PANAL,33,0.22758620689655173,9,0.06206896551724138,MC,24,0.16551724137931034,54,0.3724137931034483,13,0.0896551724137931,0,0.0,2,0.013793103448275862,0,0.0,24,0.16551724137931034,8,0.05517241379310345,33,0.22758620689655173,0,0.0,2,0.013793103448275862,0,0.0,0,0.0,0,0.0,0,0.0,0,0.0,0,0.0,0,0.0,0,0.0,0,0.0,0,0.0,0,0.0,0,0.0,2,0.013793103448275862,0,0.0,7,0.04827586206896552,145,1.0,SRC_MUNICIPAL_PRORRATEADA,SECCION,COMPLETO
584,19,NUEVO LEON,LOS RAMONES,,23,1716,265,149,0.5622641509433962,0.4377358490566038,PAN,69,0.46308724832214765,47,0.31543624161073824,PANAL,22,0.1476510067114094,0,0.0,RSP,22,0.1476510067114094,PAN,69,0.46308724832214765,47,0.31543624161073824,PANAL,22,0.1476510067114094,0,0.0,RSP,22,0.1476510067114094,69,0.46308724832214765,14,0.09395973154362416,0,0.0,2,0.013422818791946308,0,0.0,12,0.08053691275167785,4,0.026845637583892617,22,0.1476510067114094,0,0.0,22,0.1476510067114094,0,0.0,0,0.0,0,0.0,0,0.0,0,0.0,0,0.0,0,0.0,1,0.006711409395973154,0,0.0,0,0.0,0,0.0,0,0.0,0,0.0,0,0.0,3,0.020134228187919462,149,1.0,SRC_MUNICIPAL_PRORRATEADA,SECCION,COMPLETO
585,19,NUEVO LEON,LOS RAMONES,,23,1717,231,130,0.5627705627705628,0.4372294372294372,PANAL,37,0.2846153846153846,6,0.046153846153846156,PAN,31,0.23846153846153847,15,0.11538461538461539,PRI,16,0.12307692307692308,PANAL,37,0.2846153846153846,6,0.046153846153846156,PAN,31,0.23846153846153847,15,0.11538461538461539,PRI,16,0.12307692307692308,31,0.23846153846153847,16,0.12307692307692308,0,0.0,5,0.038461538461538464,4,0.03076923076923077,16,0.12307692307692308,10,0.07692307692307693,37,0.2846153846153846,0,0.0,6,0.046153846153846156,2,0.015384615384615385,0,0.0,0,0.0,0,0.0,0,0.0,0,0.0,0,0.0,0,0.0,0,0.0,0,0.0,0,0.0,0,0.0,0,0.0,0,0.0,3,0.023076923076923078,130,1.0,SRC_MUNICIPAL_PRORRATEADA,SECCION,COMPLETO
586,19,NUEVO LEON,LOS RAMONES,,23,1720,425,239,0.5623529411764706,0.4376470588235294,PAN,84,0.3514644351464435,15,0.06276150627615062,PRI,69,0.28870292887029286,19,0.0794979079497908,PANAL,50,0.20920502092050208,PAN,84,0.3514644351464435,15,0.06276150627615062,PRI,69,0.28870292887029286,19,0.0794979079497908,PANAL,50,0.20920502092050208,84,0.3514644351464435,69,0.28870292887029286,0,0.0,0,0.0,0,0.0,36,0.1506276150627615,0,0.0,50,0.20920502092050208,0,0.0,0,0.0,0,0.0,0,0.0,0,0.0,0,0.0,0,0.0,0,0.0,0,0.0,0,0.0,0,0.0,0,0.0,0,0.0,0,0.0,0,0.0,0,0.0,0,0.0,239,1.0,SRC_MUNICIPAL_PRORRATEADA,SECCION,COMPLETO
587,19,NUEVO LEON,LOS RAMONES,,23,1721,579,326,0.5630397236614854,0.43696027633851464,PRI,91,0.2791411042944785,2,0.006134969325153374,PAN,89,0.27300613496932513,31,0.0950920245398773,PANAL,58,0.17791411042944785,PRI,91,0.2791411042944785,2,0.006134969325153374,PAN,89,0.27300613496932513,31,0.0950920245398773,PANAL,58,0.17791411042944785,89,0.27300613496932513,91,0.2791411042944785,0,0.0,9,0.027607361963190184,2,0.006134969325153374,39,0.1196319018404908,13,0.03987730061349693,58,0.17791411042944785,1,0.003067484662576687,3,0.009202453987730062,0,0.0,1,0.003067484662576687,0,0.0,1,0.003067484662576687,0,0.0,0,0.0,0,0.0,0,0.0,0,0.0,3,0.009202453987730062,0,0.0,0,0.0,1,0.003067484662576687,0,0.0,15,0.046012269938650305,326,1.0,SRC_MUNICIPAL_PRORRATEADA,SECCION,COMPLETO
588,19,NUEVO LEON,LOS RAMONES,,23,1722,306,172,0.5620915032679739,0.43790849673202614,PAN,60,0.3488372093023256,6,0.03488372093023256,PANAL,54,0.313953488372093,30,0.1744186046511628,PRI,24,0.13953488372093023,PAN,60,0.3488372093023256,6,0.03488372093023256,PANAL,54,0.313953488372093,30,0.1744186046511628,PRI,24,0.13953488372093023,60,0.3488372093023256,24,0.13953488372093023,0,0.0,7,0.040697674418604654,3,0.01744186046511628,11,0.06395348837209303,7,0.040697674418604654,54,0.313953488372093,0,0.0,2,0.011627906976744186,0,0.0,0,0.0,0,0.0,0,0.0,0,0.0,0,0.0,0,0.0,0,0.0,0,0.0,2,0.011627906976744186,0,0.0,0,0.0,1,0.005813953488372093,0,0.0,1,0.005813953488372093,172,1.0,SRC_MUNICIPAL_PRORRATEADA,SECCION,COMPLETO
589,19,NUEVO LEON,LOS RAMONES,,23,1723,336,189,0.5625,0.4375,PANAL,64,0.3386243386243386,1,0.005291005291005291,PAN,63,0.3333333333333333,29,0.15343915343915343,PRI,34,0.17989417989417988,PANAL,64,0.3386243386243386,1,0.005291005291005291,PAN,63,0.3333333333333333,29,0.15343915343915343,PRI,34,0.17989417989417988,63,0.3333333333333333,34,0.17989417989417988,0,0.0,2,0.010582010582010581,0,0.0,12,0.06349206349206349,10,0.05291005291005291,64,0.3386243386243386,0,0.0,0,0.0,0,0.0,1,0.005291005291005291,0,0.0,0,0.0,0,0.0,0,0.0,0,0.0,0,0.0,0,0.0,0,0.0,0,0.0,0,0.0,0,0.0,0,0.0,3,0.015873015873015872,189,1.0,SRC_MUNICIPAL_PRORRATEADA,SECCION,COMPLETO
590,19,NUEVO LEON,MARIN,,23,0,1210,793,0.6553719008264463,0.34462809917355375,MC,275,0.3467843631778058,122,0.15384615384615385,PVEM,153,0.19293820933165196,7,0.008827238335435058,PRI,146,0.1841109709962169,MC,275,0.3467843631778058,122,0.15384615384615385,PVEM,153,0.19293820933165196,7,0.008827238335435058,PRI,146,0.1841109709962169,139,0.17528373266078184,146,0.1841109709962169,4,0.005044136191677175,153,0.19293820933165196,7,0.008827238335435058,275,0.3467843631778058,41,0.05170239596469105,6,0.007566204287515763,1,0.0012610340479192938,0,0.0,1,0.0012610340479192938,1,0.0012610340479192938,1,0.0012610340479192938,0,0.0,0,0.0,0,0.0,0,0.0,1,0.0012610340479192938,1,0.0012610340479192938,2,0.0025220680958385876,0,0.0,0,0.0,0,0.0,0,0.0,14,0.017654476670870115,793,1.0,SRC_MUNICIPAL_PRORRATEADA,SECCION,COMPLETO
591,19,NUEVO LEON,MARIN,,23,908,1172,768,0.6552901023890785,0.3447098976109215,MC,232,0.3020833333333333,23,0.029947916666666668,PVEM,209,0.2721354166666667,71,0.09244791666666667,PAN,138,0.1796875,MC,232,0.3020833333333333,23,0.029947916666666668,PVEM,209,0.2721354166666667,71,0.09244791666666667,PAN,138,0.1796875,138,0.1796875,82,0.10677083333333333,4,0.005208333333333333,209,0.2721354166666667,8,0.010416666666666666,232,0.3020833333333333,44,0.057291666666666664,13,0.016927083333333332,0,0.0,1,0.0013020833333333333,4,0.005208333333333333,2,0.0026041666666666665,0,0.0,0,0.0,0,0.0,0,0.0,0,0.0,0,0.0,2,0.0026041666666666665,1,0.0013020833333333333,1,0.0013020833333333333,0,0.0,0,0.0,0,0.0,27,0.03515625,768,1.0,SRC_MUNICIPAL_PRORRATEADA,SECCION,COMPLETO
592,19,NUEVO LEON,MARIN,,23,909,780,511,0.6551282051282051,0.34487179487179487,MC,181,0.3542074363992172,65,0.12720156555772993,PAN,116,0.22700587084148727,36,0.07045009784735812,PRI,80,0.15655577299412915,MC,181,0.3542074363992172,65,0.12720156555772993,PAN,116,0.22700587084148727,36,0.07045009784735812,PRI,80,0.15655577299412915,116,0.22700587084148727,80,0.15655577299412915,2,0.003913894324853229,70,0.136986301369863,6,0.011741682974559686,181,0.3542074363992172,40,0.07827788649706457,6,0.011741682974559686,1,0.0019569471624266144,0,0.0,1,0.0019569471624266144,0,0.0,0,0.0,0,0.0,0,0.0,0,0.0,0,0.0,0,0.0,1,0.0019569471624266144,1,0.0019569471624266144,0,0.0,0,0.0,0,0.0,0,0.0,6,0.011741682974559686,511,1.0,SRC_MUNICIPAL_PRORRATEADA,SECCION,COMPLETO
593,19,NUEVO LEON,MARIN,,23,910,1733,1135,0.654933641084824,0.345066358915176,MC,366,0.3224669603524229,137,0.12070484581497798,PVEM,229,0.20176211453744494,8,0.007048458149779736,PAN,221,0.1947136563876652,MC,366,0.3224669603524229,137,0.12070484581497798,PVEM,229,0.20176211453744494,8,0.007048458149779736,PAN,221,0.1947136563876652,221,0.1947136563876652,190,0.16740088105726872,11,0.009691629955947136,229,0.20176211453744494,7,0.006167400881057269,366,0.3224669603524229,54,0.04757709251101322,14,0.012334801762114538,0,0.0,1,0.000881057268722467,6,0.0052863436123348016,2,0.001762114537444934,0,0.0,0,0.0,0,0.0,0,0.0,0,0.0,1,0.000881057268722467,2,0.001762114537444934,1,0.000881057268722467,1,0.000881057268722467,0,0.0,0,0.0,0,0.0,29,0.02555066079295154,1135,1.0,SRC_MUNICIPAL_PRORRATEADA,SECCION,COMPLETO
594,19,NUEVO LEON,MELCHOR OCAMPO,,24,0,1897,1458,0.7685819715340011,0.2314180284659989,PANAL,424,0.2908093278463649,39,0.026748971193415638,PAN,385,0.26406035665294925,92,0.06310013717421124,MC,293,0.200960219478738,PANAL,424,0.2908093278463649,39,0.026748971193415638,PAN,385,0.26406035665294925,92,0.06310013717421124,MC,293,0.200960219478738,385,0.26406035665294925,127,0.08710562414266118,4,0.0027434842249657062,23,0.01577503429355281,17,0.011659807956104253,293,0.200960219478738,98,0.06721536351165981,424,0.2908093278463649,1,0.0006858710562414266,1,0.0006858710562414266,4,0.0027434842249657062,4,0.0027434842249657062,4,0.0027434842249657062,0,0.0,4,0.0027434842249657062,0,0.0,3,0.00205761316872428,1,0.0006858710562414266,2,0.0013717421124828531,6,0.00411522633744856,0,0.0,4,0.0027434842249657062,9,0.006172839506172839,0,0.0,44,0.03017832647462277,1458,1.0,SRC_MUNICIPAL_PRORRATEADA,SECCION,COMPLETO
595,19,NUEVO LEON,MIER Y NORIEGA,,26,0,5724,4424,0.7728860936408106,0.22711390635918938,PAN,1091,0.24660940325497288,240,0.054249547920433995,MORENA,851,0.19235985533453887,40,0.009041591320072333,PVEM,811,0.18331826401446655,PAN,1091,0.24660940325497288,240,0.054249547920433995,MORENA,851,0.19235985533453887,40,0.009041591320072333,PVEM,811,0.18331826401446655,1091,0.24660940325497288,537,0.12138336347197107,9,0.002034358047016275,811,0.18331826401446655,12,0.0027124773960217,768,0.1735985533453888,851,0.19235985533453887,13,0.002938517179023508,6,0.00135623869801085,8,0.0018083182640144665,8,0.0018083182640144665,94,0.021247739602169982,94,0.021247739602169982,0,0.0,0,0.0,3,0.000678119349005425,0,0.0,0,0.0,3,0.000678119349005425,3,0.000678119349005425,0,0.0,0,0.0,1,0.0002260397830018083,1,0.0002260397830018083,111,0.025090415913200725,4424,1.0,SRC_MUNICIPAL_PRORRATEADA,SECCION,COMPLETO
596,19,NUEVO LEON,MIER Y NORIEGA,,26,920,571,441,0.7723292469352014,0.22767075306479856,PAN,251,0.5691609977324263,117,0.2653061224489796,MC,134,0.30385487528344673,105,0.23809523809523808,MORENA,29,0.06575963718820861,PAN,251,0.5691609977324263,117,0.2653061224489796,MC,134,0.30385487528344673,105,0.23809523809523808,MORENA,29,0.06575963718820861,251,0.5691609977324263,8,0.018140589569160998,0,0.0,11,0.024943310657596373,1,0.0022675736961451248,134,0.30385487528344673,29,0.06575963718820861,1,0.0022675736961451248,0,0.0,1,0.0022675736961451248,2,0.0045351473922902496,0,0.0,0,0.0,0,0.0,0,0.0,0,0.0,0,0.0,0,0.0,0,0.0,0,0.0,0,0.0,0,0.0,0,0.0,0,0.0,3,0.006802721088435374,441,1.0,SRC_MUNICIPAL_PRORRATEADA,SECCION,COMPLETO
597,19,NUEVO LEON,MINA,,20,0,4052,2938,0.7250740375123396,0.27492596248766044,PRI,1159,0.3944860449285228,558,0.18992511912865895,MC,601,0.20456092579986385,53,0.018039482641252554,PVEM,548,0.1865214431586113,PRI,1159,0.3944860449285228,558,0.18992511912865895,MC,601,0.20456092579986385,53,0.018039482641252554,PVEM,548,0.1865214431586113,442,0.1504424778761062,1159,0.3944860449285228,8,0.002722940776038121,548,0.1865214431586113,8,0.002722940776038121,601,0.20456092579986385,71,0.024166099387338325,19,0.006466984343090538,7,0.002382573179033356,4,0.0013614703880190605,8,0.002722940776038121,4,0.0013614703880190605,1,0.0003403675970047651,0,0.0,0,0.0,0,0.0,0,0.0,0,0.0,2,0.0006807351940095302,0,0.0,0,0.0,0,0.0,0,0.0,0,0.0,56,0.01906058543226685,2938,1.0,SRC_MUNICIPAL_PRORRATEADA,SECCION,COMPLETO
598,19,NUEVO LEON,MINA,,20,928,217,157,0.7235023041474654,0.2764976958525346,PRI,81,0.5159235668789809,42,0.267515923566879,PVEM,39,0.2484076433121019,19,0.12101910828025478,MC,20,0.12738853503184713,PRI,81,0.5159235668789809,42,0.267515923566879,PVEM,39,0.2484076433121019,19,0.12101910828025478,MC,20,0.12738853503184713,8,0.050955414012738856,81,0.5159235668789809,0,0.0,39,0.2484076433121019,2,0.012738853503184714,20,0.12738853503184713,4,0.025477707006369428,1,0.006369426751592357,0,0.0,0,0.0,0,0.0,0,0.0,0,0.0,0,0.0,0,0.0,0,0.0,0,0.0,0,0.0,0,0.0,0,0.0,0,0.0,0,0.0,0,0.0,0,0.0,2,0.012738853503184714,157,1.0,SRC_MUNICIPAL_PRORRATEADA,SECCION,COMPLETO
599,19,NUEVO LEON,MINA,,20,2408,550,399,0.7254545454545455,0.27454545454545454,PRI,148,0.37092731829573933,50,0.12531328320802004,MC,98,0.24561403508771928,29,0.07268170426065163,PVEM,69,0.17293233082706766,PRI,148,0.37092731829573933,50,0.12531328320802004,MC,98,0.24561403508771928,29,0.07268170426065163,PVEM,69,0.17293233082706766,58,0.14536340852130325,148,0.37092731829573933,1,0.002506265664160401,69,0.17293233082706766,0,0.0,98,0.24561403508771928,8,0.020050125313283207,1,0.002506265664160401,0,0.0,1,0.002506265664160401,1,0.002506265664160401,2,0.005012531328320802,0,0.0,0,0.0,0,0.0,0,0.0,0,0.0,0,0.0,0,0.0,0,0.0,0,0.0,0,0.0,0,0.0,0,0.0,12,0.03007518796992481,399,1.0,SRC_MUNICIPAL_PRORRATEADA,SECCION,COMPLETO
600,19,NUEVO LEON,MONTEMORELOS,,24,0,33087,15174,0.4586091214071992,0.5413908785928008,PRI,5383,0.35475154870172665,1223,0.08059839198629234,MC,4160,0.2741531567154343,2033,0.1339791749044418,MORENA,2127,0.1401739818109925,PRI,5383,0.35475154870172665,1223,0.08059839198629234,MC,4160,0.2741531567154343,2033,0.1339791749044418,MORENA,2127,0.1401739818109925,1928,0.12705944378542244,5383,0.35475154870172665,69,0.004547251878212732,150,0.009885330170027679,456,0.030051403716884143,4160,0.2741531567154343,2127,0.1401739818109925,185,0.012191907209700804,32,0.0021088704362725716,61,0.004020034269144589,150,0.009885330170027679,23,0.0015157506260709108,39,0.0025701858442071963,9,0.0005931198102016608,5,0.0003295110056675893,3,0.00019770660340055358,2,0.00013180440226703572,7,0.000461315407934625,6,0.00039541320680110717,2,0.00013180440226703572,18,0.0011862396204033216,1,6.590220113351786e-05,5,0.0003295110056675893,2,0.00013180440226703572,351,0.023131672597864767,15174,1.0,SRC_MUNICIPAL_PRORRATEADA,SECCION,COMPLETO
601,19,NUEVO LEON,MONTEMORELOS,,24,931,698,320,0.4584527220630373,0.5415472779369628,MC,110,0.34375,35,0.109375,MORENA,75,0.234375,4,0.0125,PRI,71,0.221875,MC,110,0.34375,35,0.109375,MORENA,75,0.234375,4,0.0125,PRI,71,0.221875,34,0.10625,71,0.221875,2,0.00625,3,0.009375,8,0.025,110,0.34375,75,0.234375,4,0.0125,2,0.00625,1,0.003125,2,0.00625,0,0.0,2,0.00625,0,0.0,0,0.0,1,0.003125,0,0.0,0,0.0,1,0.003125,0,0.0,1,0.003125,0,0.0,0,0.0,0,0.0,3,0.009375,320,1.0,SRC_MUNICIPAL_PRORRATEADA,SECCION,COMPLETO
602,19,NUEVO LEON,MONTEMORELOS,,24,932,525,241,0.45904761904761904,0.540952380952381,PRI,73,0.3029045643153527,3,0.012448132780082987,MC,70,0.29045643153526973,13,0.05394190871369295,MORENA,57,0.23651452282157676,PRI,73,0.3029045643153527,3,0.012448132780082987,MC,70,0.29045643153526973,13,0.05394190871369295,MORENA,57,0.23651452282157676,22,0.0912863070539419,73,0.3029045643153527,1,0.004149377593360996,5,0.02074688796680498,6,0.024896265560165973,70,0.29045643153526973,57,0.23651452282157676,2,0.008298755186721992,0,0.0,0,0.0,0,0.0,0,0.0,1,0.004149377593360996,0,0.0,0,0.0,0,0.0,0,0.0,0,0.0,0,0.0,0,0.0,0,0.0,0,0.0,0,0.0,0,0.0,4,0.016597510373443983,241,1.0,SRC_MUNICIPAL_PRORRATEADA,SECCION,COMPLETO
603,19,NUEVO LEON,MONTEMORELOS,,24,933,890,408,0.4584269662921348,0.5415730337078652,PRI,157,0.38480392156862747,61,0.14950980392156862,MC,96,0.23529411764705882,22,0.05392156862745098,PAN,74,0.18137254901960784,PRI,157,0.38480392156862747,61,0.14950980392156862,MC,96,0.23529411764705882,22,0.05392156862745098,PAN,74,0.18137254901960784,74,0.18137254901960784,157,0.38480392156862747,1,0.0024509803921568627,4,0.00980392156862745,6,0.014705882352941176,96,0.23529411764705882,50,0.12254901960784313,3,0.007352941176470588,1,0.0024509803921568627,0,0.0,9,0.022058823529411766,1,0.0024509803921568627,0,0.0,0,0.0,0,0.0,0,0.0,0,0.0,0,0.0,1,0.0024509803921568627,0,0.0,0,0.0,0,0.0,0,0.0,0,0.0,5,0.012254901960784314,408,1.0,SRC_MUNICIPAL_PRORRATEADA,SECCION,COMPLETO
604,19,NUEVO LEON,MONTEMORELOS,,24,934,1385,635,0.4584837545126354,0.5415162454873645,PRI,225,0.3543307086614173,26,0.04094488188976378,MC,199,0.31338582677165355,100,0.15748031496062992,PAN,99,0.15590551181102363,PRI,225,0.3543307086614173,26,0.04094488188976378,MC,199,0.31338582677165355,100,0.15748031496062992,PAN,99,0.15590551181102363,99,0.15590551181102363,225,0.3543307086614173,5,0.007874015748031496,1,0.0015748031496062992,12,0.01889763779527559,199,0.31338582677165355,60,0.09448818897637795,11,0.01732283464566929,0,0.0,4,0.006299212598425197,2,0.0031496062992125984,3,0.004724409448818898,1,0.0015748031496062992,0,0.0,0,0.0,0,0.0,1,0.0015748031496062992,0,0.0,0,0.0,0,0.0,1,0.0015748031496062992,0,0.0,1,0.0015748031496062992,0,0.0,10,0.015748031496062992,635,1.0,SRC_MUNICIPAL_PRORRATEADA,SECCION,COMPLETO
605,19,NUEVO LEON,MONTEMORELOS,,24,935,3192,1464,0.45864661654135336,0.5413533834586466,MC,453,0.3094262295081967,28,0.01912568306010929,PRI,425,0.29030054644808745,163,0.11133879781420765,PAN,262,0.17896174863387979,MC,453,0.3094262295081967,28,0.01912568306010929,PRI,425,0.29030054644808745,163,0.11133879781420765,PAN,262,0.17896174863387979,262,0.17896174863387979,425,0.29030054644808745,10,0.006830601092896175,16,0.01092896174863388,37,0.025273224043715847,453,0.3094262295081967,173,0.11816939890710383,22,0.015027322404371584,1,0.0006830601092896175,7,0.0047814207650273225,15,0.010245901639344262,2,0.001366120218579235,1,0.0006830601092896175,1,0.0006830601092896175,0,0.0,1,0.0006830601092896175,1,0.0006830601092896175,0,0.0,1,0.0006830601092896175,1,0.0006830601092896175,1,0.0006830601092896175,0,0.0,3,0.0020491803278688526,0,0.0,31,0.02117486338797814,1464,1.0,SRC_MUNICIPAL_PRORRATEADA,SECCION,COMPLETO
606,19,NUEVO LEON,MONTEMORELOS,,24,936,584,268,0.4589041095890411,0.5410958904109588,PRI,93,0.34701492537313433,0,0.0,MC,93,0.34701492537313433,46,0.17164179104477612,PAN,47,0.17537313432835822,PRI,93,0.34701492537313433,0,0.0,MC,93,0.34701492537313433,46,0.17164179104477612,PAN,47,0.17537313432835822,47,0.17537313432835822,93,0.34701492537313433,0,0.0,0,0.0,3,0.011194029850746268,93,0.34701492537313433,16,0.05970149253731343,1,0.0037313432835820895,1,0.0037313432835820895,1,0.0037313432835820895,1,0.0037313432835820895,2,0.007462686567164179,0,0.0,0,0.0,0,0.0,3,0.011194029850746268,0,0.0,0,0.0,0,0.0,0,0.0,1,0.0037313432835820895,0,0.0,0,0.0,0,0.0,6,0.022388059701492536,268,1.0,SRC_MUNICIPAL_PRORRATEADA,SECCION,COMPLETO
607,19,NUEVO LEON,MONTEMORELOS,,24,937,870,399,0.4586206896551724,0.5413793103448277,PRI,157,0.39348370927318294,31,0.07769423558897243,MC,126,0.3157894736842105,72,0.18045112781954886,PAN,54,0.13533834586466165,PRI,157,0.39348370927318294,31,0.07769423558897243,MC,126,0.3157894736842105,72,0.18045112781954886,PAN,54,0.13533834586466165,54,0.13533834586466165,157,0.39348370927318294,0,0.0,0,0.0,0,0.0,126,0.3157894736842105,51,0.12781954887218044,0,0.0,1,0.002506265664160401,1,0.002506265664160401,1,0.002506265664160401,0,0.0,0,0.0,0,0.0,0,0.0,0,0.0,0,0.0,0,0.0,0,0.0,0,0.0,0,0.0,0,0.0,0,0.0,0,0.0,8,0.020050125313283207,399,1.0,SRC_MUNICIPAL_PRORRATEADA,SECCION,COMPLETO
608,19,NUEVO LEON,MONTEMORELOS,,24,938,1099,504,0.4585987261146497,0.5414012738853503,PRI,200,0.3968253968253968,77,0.1527777777777778,MC,123,0.24404761904761904,60,0.11904761904761904,PAN,63,0.125,PRI,200,0.3968253968253968,77,0.1527777777777778,MC,123,0.24404761904761904,60,0.11904761904761904,PAN,63,0.125,63,0.125,200,0.3968253968253968,1,0.001984126984126984,10,0.01984126984126984,23,0.04563492063492063,123,0.24404761904761904,54,0.10714285714285714,9,0.017857142857142856,2,0.003968253968253968,0,0.0,3,0.005952380952380952,1,0.001984126984126984,1,0.001984126984126984,1,0.001984126984126984,0,0.0,0,0.0,0,0.0,0,0.0,0,0.0,0,0.0,0,0.0,0,0.0,0,0.0,1,0.001984126984126984,12,0.023809523809523808,504,1.0,SRC_MUNICIPAL_PRORRATEADA,SECCION,COMPLETO
609,19,NUEVO LEON,MONTEMORELOS,,24,939,1175,539,0.45872340425531916,0.5412765957446808,PRI,177,0.32838589981447125,8,0.014842300556586271,MC,169,0.313543599257885,104,0.19294990723562153,MORENA,65,0.12059369202226346,PRI,177,0.32838589981447125,8,0.014842300556586271,MC,169,0.313543599257885,104,0.19294990723562153,MORENA,65,0.12059369202226346,53,0.09833024118738404,177,0.32838589981447125,2,0.0037105751391465678,5,0.00927643784786642,33,0.061224489795918366,169,0.313543599257885,65,0.12059369202226346,6,0.011131725417439703,0,0.0,3,0.0055658627087198514,2,0.0037105751391465678,1,0.0018552875695732839,0,0.0,0,0.0,0,0.0,1,0.0018552875695732839,0,0.0,0,0.0,0,0.0,0,0.0,1,0.0018552875695732839,0,0.0,0,0.0,0,0.0,21,0.03896103896103896,539,1.0,SRC_MUNICIPAL_PRORRATEADA,SECCION,COMPLETO
610,19,NUEVO LEON,MONTEMORELOS,,24,940,600,275,0.4583333333333333,0.5416666666666667,PRI,104,0.3781818181818182,26,0.09454545454545454,MC,78,0.28363636363636363,51,0.18545454545454546,PAN,27,0.09818181818181818,PRI,104,0.3781818181818182,26,0.09454545454545454,MC,78,0.28363636363636363,51,0.18545454545454546,PAN,27,0.09818181818181818,27,0.09818181818181818,104,0.3781818181818182,3,0.01090909090909091,4,0.014545454545454545,10,0.03636363636363636,78,0.28363636363636363,24,0.08727272727272728,2,0.007272727272727273,0,0.0,6,0.02181818181818182,2,0.007272727272727273,0,0.0,0,0.0,0,0.0,0,0.0,0,0.0,0,0.0,0,0.0,0,0.0,0,0.0,2,0.007272727272727273,0,0.0,0,0.0,0,0.0,13,0.04727272727272727,275,1.0,SRC_MUNICIPAL_PRORRATEADA,SECCION,COMPLETO
611,19,NUEVO LEON,MONTEMORELOS,,24,942,576,264,0.4583333333333333,0.5416666666666667,PRI,89,0.3371212121212121,10,0.03787878787878788,MC,79,0.29924242424242425,43,0.16287878787878787,PAN,36,0.13636363636363635,PRI,89,0.3371212121212121,10,0.03787878787878788,MC,79,0.29924242424242425,43,0.16287878787878787,PAN,36,0.13636363636363635,36,0.13636363636363635,89,0.3371212121212121,2,0.007575757575757576,1,0.003787878787878788,9,0.03409090909090909,79,0.29924242424242425,26,0.09848484848484848,5,0.01893939393939394,1,0.003787878787878788,0,0.0,1,0.003787878787878788,0,0.0,0,0.0,0,0.0,0,0.0,1,0.003787878787878788,0,0.0,0,0.0,0,0.0,1,0.003787878787878788,1,0.003787878787878788,0,0.0,0,0.0,0,0.0,12,0.045454545454545456,264,1.0,SRC_MUNICIPAL_PRORRATEADA,SECCION,COMPLETO
612,19,NUEVO LEON,MONTEMORELOS,,24,943,325,149,0.4584615384615385,0.5415384615384615,PRI,71,0.47651006711409394,32,0.21476510067114093,MC,39,0.26174496644295303,19,0.12751677852348994,PAN,20,0.1342281879194631,PRI,71,0.47651006711409394,32,0.21476510067114093,MC,39,0.26174496644295303,19,0.12751677852348994,PAN,20,0.1342281879194631,20,0.1342281879194631,71,0.47651006711409394,0,0.0,1,0.006711409395973154,6,0.040268456375838924,39,0.26174496644295303,7,0.04697986577181208,1,0.006711409395973154,1,0.006711409395973154,0,0.0,1,0.006711409395973154,0,0.0,1,0.006711409395973154,0,0.0,0,0.0,0,0.0,0,0.0,0,0.0,0,0.0,0,0.0,0,0.0,0,0.0,0,0.0,0,0.0,1,0.006711409395973154,149,1.0,SRC_MUNICIPAL_PRORRATEADA,SECCION,COMPLETO
613,19,NUEVO LEON,MONTEMORELOS,,24,944,1328,609,0.4585843373493976,0.5414156626506024,MC,221,0.36288998357963875,19,0.031198686371100164,PRI,202,0.33169129720853857,135,0.22167487684729065,PAN,67,0.11001642036124795,MC,221,0.36288998357963875,19,0.031198686371100164,PRI,202,0.33169129720853857,135,0.22167487684729065,PAN,67,0.11001642036124795,67,0.11001642036124795,202,0.33169129720853857,4,0.006568144499178982,6,0.009852216748768473,18,0.029556650246305417,221,0.36288998357963875,53,0.08702791461412152,4,0.006568144499178982,1,0.0016420361247947454,3,0.0049261083743842365,4,0.006568144499178982,2,0.003284072249589491,1,0.0016420361247947454,0,0.0,0,0.0,1,0.0016420361247947454,1,0.0016420361247947454,0,0.0,0,0.0,0,0.0,0,0.0,0,0.0,0,0.0,0,0.0,21,0.034482758620689655,609,1.0,SRC_MUNICIPAL_PRORRATEADA,SECCION,COMPLETO
614,19,NUEVO LEON,MONTEMORELOS,,24,945,1145,525,0.4585152838427948,0.5414847161572052,PRI,183,0.3485714285714286,1,0.0019047619047619048,MC,182,0.3466666666666667,101,0.19238095238095237,PAN,81,0.15428571428571428,PRI,183,0.3485714285714286,1,0.0019047619047619048,MC,182,0.3466666666666667,101,0.19238095238095237,PAN,81,0.15428571428571428,81,0.15428571428571428,183,0.3485714285714286,2,0.0038095238095238095,6,0.011428571428571429,5,0.009523809523809525,182,0.3466666666666667,43,0.08190476190476191,8,0.015238095238095238,0,0.0,0,0.0,3,0.005714285714285714,3,0.005714285714285714,2,0.0038095238095238095,0,0.0,0,0.0,0,0.0,0,0.0,1,0.0019047619047619048,0,0.0,0,0.0,0,0.0,0,0.0,0,0.0,1,0.0019047619047619048,5,0.009523809523809525,525,1.0,SRC_MUNICIPAL_PRORRATEADA,SECCION,COMPLETO
615,19,NUEVO LEON,MONTEMORELOS,,24,946,778,357,0.4588688946015424,0.5411311053984575,PRI,126,0.35294117647058826,3,0.008403361344537815,MC,123,0.3445378151260504,79,0.22128851540616246,PAN,44,0.12324929971988796,PRI,126,0.35294117647058826,3,0.008403361344537815,MC,123,0.3445378151260504,79,0.22128851540616246,PAN,44,0.12324929971988796,44,0.12324929971988796,126,0.35294117647058826,0,0.0,1,0.0028011204481792717,3,0.008403361344537815,123,0.3445378151260504,44,0.12324929971988796,4,0.011204481792717087,1,0.0028011204481792717,2,0.0056022408963585435,1,0.0028011204481792717,0,0.0,0,0.0,0,0.0,0,0.0,0,0.0,0,0.0,0,0.0,0,0.0,0,0.0,0,0.0,0,0.0,0,0.0,1,0.0028011204481792717,7,0.0196078431372549,357,1.0,SRC_MUNICIPAL_PRORRATEADA,SECCION,COMPLETO
616,19,NUEVO LEON,MONTEMORELOS,,24,947,672,308,0.4583333333333333,0.5416666666666667,PRI,88,0.2857142857142857,3,0.00974025974025974,MC,85,0.275974025974026,26,0.08441558441558442,PAN,59,0.19155844155844157,PRI,88,0.2857142857142857,3,0.00974025974025974,MC,85,0.275974025974026,26,0.08441558441558442,PAN,59,0.19155844155844157,59,0.19155844155844157,88,0.2857142857142857,1,0.003246753246753247,4,0.012987012987012988,7,0.022727272727272728,85,0.275974025974026,58,0.18831168831168832,1,0.003246753246753247,0,0.0,1,0.003246753246753247,1,0.003246753246753247,1,0.003246753246753247,2,0.006493506493506494,0,0.0,0,0.0,0,0.0,0,0.0,0,0.0,0,0.0,0,0.0,0,0.0,0,0.0,0,0.0,0,0.0,0,0.0,308,1.0,SRC_MUNICIPAL_PRORRATEADA,SECCION,COMPLETO
617,19,NUEVO LEON,MONTEMORELOS,,24,948,1184,543,0.45861486486486486,0.5413851351351351,PRI,181,0.3333333333333333,38,0.06998158379373849,MC,143,0.26335174953959484,73,0.13443830570902393,MORENA,70,0.1289134438305709,PRI,181,0.3333333333333333,38,0.06998158379373849,MC,143,0.26335174953959484,73,0.13443830570902393,MORENA,70,0.1289134438305709,50,0.09208103130755065,181,0.3333333333333333,4,0.007366482504604052,13,0.02394106813996317,32,0.058931860036832415,143,0.26335174953959484,70,0.1289134438305709,12,0.022099447513812154,1,0.001841620626151013,3,0.0055248618784530384,7,0.01289134438305709,3,0.0055248618784530384,1,0.001841620626151013,5,0.009208103130755065,0,0.0,0,0.0,0,0.0,0,0.0,1,0.001841620626151013,0,0.0,2,0.003683241252302026,0,0.0,0,0.0,0,0.0,15,0.027624309392265192,543,1.0,SRC_MUNICIPAL_PRORRATEADA,SECCION,COMPLETO
618,19,NUEVO LEON,MONTEMORELOS,,24,949,480,220,0.4583333333333333,0.5416666666666667,PRI,98,0.44545454545454544,42,0.19090909090909092,MC,56,0.2545454545454545,36,0.16363636363636364,MORENA,20,0.09090909090909091,PRI,98,0.44545454545454544,42,0.19090909090909092,MC,56,0.2545454545454545,36,0.16363636363636364,MORENA,20,0.09090909090909091,16,0.07272727272727272,98,0.44545454545454544,2,0.00909090909090909,2,0.00909090909090909,6,0.02727272727272727,56,0.2545454545454545,20,0.09090909090909091,2,0.00909090909090909,1,0.004545454545454545,0,0.0,4,0.01818181818181818,3,0.013636363636363636,0,0.0,0,0.0,0,0.0,0,0.0,0,0.0,0,0.0,0,0.0,0,0.0,4,0.01818181818181818,0,0.0,0,0.0,0,0.0,6,0.02727272727272727,220,1.0,SRC_MUNICIPAL_PRORRATEADA,SECCION,COMPLETO
619,19,NUEVO LEON,MONTEMORELOS,,24,950,519,238,0.45857418111753373,0.5414258188824663,PRI,101,0.42436974789915966,47,0.19747899159663865,MC,54,0.226890756302521,29,0.12184873949579832,MORENA,25,0.10504201680672269,PRI,101,0.42436974789915966,47,0.19747899159663865,MC,54,0.226890756302521,29,0.12184873949579832,MORENA,25,0.10504201680672269,10,0.04201680672268908,101,0.42436974789915966,1,0.004201680672268907,2,0.008403361344537815,16,0.06722689075630252,54,0.226890756302521,25,0.10504201680672269,5,0.02100840336134454,0,0.0,2,0.008403361344537815,2,0.008403361344537815,2,0.008403361344537815,1,0.004201680672268907,1,0.004201680672268907,0,0.0,0,0.0,0,0.0,0,0.0,0,0.0,1,0.004201680672268907,1,0.004201680672268907,0,0.0,1,0.004201680672268907,0,0.0,13,0.0546218487394958,238,1.0,SRC_MUNICIPAL_PRORRATEADA,SECCION,COMPLETO
620,19,NUEVO LEON,MONTEMORELOS,,24,951,464,213,0.45905172413793105,0.540948275862069,MC,57,0.2676056338028169,5,0.023474178403755867,PRI,52,0.24413145539906103,15,0.07042253521126761,MORENA,37,0.17370892018779344,MC,57,0.2676056338028169,5,0.023474178403755867,PRI,52,0.24413145539906103,15,0.07042253521126761,MORENA,37,0.17370892018779344,29,0.13615023474178403,52,0.24413145539906103,1,0.004694835680751174,6,0.028169014084507043,12,0.056338028169014086,57,0.2676056338028169,37,0.17370892018779344,7,0.03286384976525822,0,0.0,1,0.004694835680751174,2,0.009389671361502348,2,0.009389671361502348,0,0.0,0,0.0,0,0.0,0,0.0,0,0.0,0,0.0,0,0.0,0,0.0,0,0.0,0,0.0,0,0.0,0,0.0,7,0.03286384976525822,213,1.0,SRC_MUNICIPAL_PRORRATEADA,SECCION,COMPLETO
621,19,NUEVO LEON,MONTEMORELOS,,24,952,695,319,0.4589928057553957,0.5410071942446043,PRI,144,0.45141065830721006,88,0.27586206896551724,MC,56,0.1755485893416928,14,0.0438871473354232,PAN,42,0.13166144200626959,PRI,144,0.45141065830721006,88,0.27586206896551724,MC,56,0.1755485893416928,14,0.0438871473354232,PAN,42,0.13166144200626959,42,0.13166144200626959,144,0.45141065830721006,3,0.009404388714733543,8,0.025078369905956112,17,0.05329153605015674,56,0.1755485893416928,31,0.09717868338557993,2,0.006269592476489028,1,0.003134796238244514,1,0.003134796238244514,5,0.01567398119122257,0,0.0,0,0.0,1,0.003134796238244514,0,0.0,0,0.0,0,0.0,0,0.0,0,0.0,0,0.0,0,0.0,0,0.0,0,0.0,0,0.0,8,0.025078369905956112,319,1.0,SRC_MUNICIPAL_PRORRATEADA,SECCION,COMPLETO
622,19,NUEVO LEON,MONTEMORELOS,,24,958,338,155,0.45857988165680474,0.5414201183431953,PRI,60,0.3870967741935484,28,0.18064516129032257,PAN,32,0.2064516129032258,1,0.0064516129032258064,MC,31,0.2,PRI,60,0.3870967741935484,28,0.18064516129032257,PAN,32,0.2064516129032258,1,0.0064516129032258064,MC,31,0.2,32,0.2064516129032258,60,0.3870967741935484,0,0.0,1,0.0064516129032258064,5,0.03225806451612903,31,0.2,11,0.07096774193548387,6,0.03870967741935484,0,0.0,2,0.012903225806451613,2,0.012903225806451613,0,0.0,0,0.0,0,0.0,0,0.0,0,0.0,0,0.0,0,0.0,0,0.0,0,0.0,0,0.0,0,0.0,0,0.0,0,0.0,5,0.03225806451612903,155,1.0,SRC_MUNICIPAL_PRORRATEADA,SECCION,COMPLETO
623,19,NUEVO LEON,MONTEMORELOS,,24,961,600,275,0.4583333333333333,0.5416666666666667,MC,99,0.36,15,0.05454545454545454,PRI,84,0.3054545454545455,48,0.17454545454545456,MORENA,36,0.13090909090909092,MC,99,0.36,15,0.05454545454545454,PRI,84,0.3054545454545455,48,0.17454545454545456,MORENA,36,0.13090909090909092,34,0.12363636363636364,84,0.3054545454545455,0,0.0,4,0.014545454545454545,6,0.02181818181818182,99,0.36,36,0.13090909090909092,6,0.02181818181818182,0,0.0,0,0.0,0,0.0,0,0.0,0,0.0,0,0.0,0,0.0,0,0.0,0,0.0,0,0.0,0,0.0,0,0.0,0,0.0,0,0.0,0,0.0,0,0.0,6,0.02181818181818182,275,1.0,SRC_MUNICIPAL_PRORRATEADA,SECCION,COMPLETO
624,19,NUEVO LEON,MONTEMORELOS,,24,963,473,217,0.4587737843551797,0.5412262156448203,PRI,88,0.4055299539170507,37,0.17050691244239632,MC,51,0.2350230414746544,22,0.10138248847926268,PAN,29,0.1336405529953917,PRI,88,0.4055299539170507,37,0.17050691244239632,MC,51,0.2350230414746544,22,0.10138248847926268,PAN,29,0.1336405529953917,29,0.1336405529953917,88,0.4055299539170507,1,0.004608294930875576,5,0.02304147465437788,6,0.027649769585253458,51,0.2350230414746544,17,0.07834101382488479,3,0.013824884792626729,1,0.004608294930875576,1,0.004608294930875576,0,0.0,0,0.0,1,0.004608294930875576,0,0.0,0,0.0,0,0.0,1,0.004608294930875576,0,0.0,0,0.0,0,0.0,0,0.0,0,0.0,2,0.009216589861751152,0,0.0,11,0.05069124423963134,217,1.0,SRC_MUNICIPAL_PRORRATEADA,SECCION,COMPLETO
625,19,NUEVO LEON,MONTEMORELOS,,24,964,621,285,0.45893719806763283,0.5410628019323671,PRI,102,0.35789473684210527,10,0.03508771929824561,MC,92,0.32280701754385965,51,0.17894736842105263,PAN,41,0.14385964912280702,PRI,102,0.35789473684210527,10,0.03508771929824561,MC,92,0.32280701754385965,51,0.17894736842105263,PAN,41,0.14385964912280702,41,0.14385964912280702,102,0.35789473684210527,2,0.007017543859649123,2,0.007017543859649123,4,0.014035087719298246,92,0.32280701754385965,24,0.08421052631578947,4,0.014035087719298246,1,0.0035087719298245615,2,0.007017543859649123,3,0.010526315789473684,0,0.0,0,0.0,0,0.0,1,0.0035087719298245615,0,0.0,0,0.0,0,0.0,0,0.0,0,0.0,1,0.0035087719298245615,0,0.0,0,0.0,0,0.0,6,0.021052631578947368,285,1.0,SRC_MUNICIPAL_PRORRATEADA,SECCION,COMPLETO
626,19,NUEVO LEON,MONTEMORELOS,,24,967,220,101,0.4590909090909091,0.5409090909090909,PRI,45,0.44554455445544555,20,0.19801980198019803,MC,25,0.24752475247524752,14,0.13861386138613863,PAN,11,0.10891089108910891,PRI,45,0.44554455445544555,20,0.19801980198019803,MC,25,0.24752475247524752,14,0.13861386138613863,PAN,11,0.10891089108910891,11,0.10891089108910891,45,0.44554455445544555,0,0.0,1,0.009900990099009901,1,0.009900990099009901,25,0.24752475247524752,11,0.10891089108910891,0,0.0,0,0.0,1,0.009900990099009901,1,0.009900990099009901,0,0.0,0,0.0,0,0.0,0,0.0,0,0.0,0,0.0,1,0.009900990099009901,0,0.0,0,0.0,0,0.0,0,0.0,0,0.0,0,0.0,4,0.039603960396039604,101,1.0,SRC_MUNICIPAL_PRORRATEADA,SECCION,COMPLETO
627,19,NUEVO LEON,MONTEMORELOS,,24,971,216,99,0.4583333333333333,0.5416666666666667,PRI,42,0.42424242424242425,22,0.2222222222222222,MC,20,0.20202020202020202,6,0.06060606060606061,PAN,14,0.1414141414141414,PRI,42,0.42424242424242425,22,0.2222222222222222,MC,20,0.20202020202020202,6,0.06060606060606061,PAN,14,0.1414141414141414,14,0.1414141414141414,42,0.42424242424242425,0,0.0,3,0.030303030303030304,4,0.04040404040404041,20,0.20202020202020202,8,0.08080808080808081,1,0.010101010101010102,0,0.0,0,0.0,0,0.0,0,0.0,0,0.0,1,0.010101010101010102,0,0.0,0,0.0,0,0.0,0,0.0,0,0.0,0,0.0,0,0.0,0,0.0,0,0.0,0,0.0,6,0.06060606060606061,99,1.0,SRC_MUNICIPAL_PRORRATEADA,SECCION,COMPLETO
628,19,NUEVO LEON,MONTERREY,,1,0,651869,358895,0.550563073255516,0.449436926744484,MC,135924,0.3787291547667145,2531,0.00705220189749091,PRI,133393,0.3716769528692236,88334,0.24612769751598657,PAN,45059,0.12554925535323702,MC,135924,0.3787291547667145,2531,0.00705220189749091,PRI,133393,0.3716769528692236,88334,0.24612769751598657,PAN,45059,0.12554925535323702,45059,0.12554925535323702,133393,0.3716769528692236,1251,0.0034856991599214256,2043,0.005692472728792544,3844,0.010710653533763357,135924,0.3787291547667145,25107,0.06995639393137268,1188,0.0033101603533066772,805,0.0022429958622995584,520,0.001448891737137603,1752,0.004881650622048231,1223,0.003407681912537093,379,0.0010560191699522145,210,0.0005851293553824935,40,0.00011145321054904638,48,0.00013374385265885565,56,0.00015603449476866494,58,0.00016160715529611725,98,0.0002730603658451636,34,9.473522896668942e-05,264,0.0007355911896237061,25,6.965825659315398e-05,65,0.00018111146714220038,170,0.0004736761448334471,5339,0.014876217278033965,358895,1.0,SRC_MUNICIPAL_PRORRATEADA,SECCION,COMPLETO
629,19,NUEVO LEON,MONTERREY,,1,1432,474,261,0.5506329113924051,0.4493670886075949,PRI,146,0.5593869731800766,91,0.3486590038314176,MC,55,0.210727969348659,33,0.12643678160919541,PAN,22,0.0842911877394636,PRI,146,0.5593869731800766,91,0.3486590038314176,MC,55,0.210727969348659,33,0.12643678160919541,PAN,22,0.0842911877394636,22,0.0842911877394636,146,0.5593869731800766,0,0.0,4,0.01532567049808429,3,0.011494252873563218,55,0.210727969348659,16,0.06130268199233716,6,0.022988505747126436,0,0.0,0,0.0,3,0.011494252873563218,0,0.0,0,0.0,3,0.011494252873563218,0,0.0,0,0.0,0,0.0,0,0.0,0,0.0,0,0.0,0,0.0,0,0.0,0,0.0,0,0.0,3,0.011494252873563218,261,1.0,SRC_MUNICIPAL_PRORRATEADA,SECCION,COMPLETO
630,19,NUEVO LEON,MONTERREY,,1,1435,507,279,0.5502958579881657,0.4497041420118343,PRI,130,0.4659498207885305,66,0.23655913978494625,MC,64,0.22939068100358423,29,0.1039426523297491,PAN,35,0.12544802867383512,PRI,130,0.4659498207885305,66,0.23655913978494625,MC,64,0.22939068100358423,29,0.1039426523297491,PAN,35,0.12544802867383512,35,0.12544802867383512,130,0.4659498207885305,2,0.007168458781362007,1,0.0035842293906810036,7,0.025089605734767026,64,0.22939068100358423,25,0.08960573476702509,1,0.0035842293906810036,1,0.0035842293906810036,0,0.0,0,0.0,1,0.0035842293906810036,1,0.0035842293906810036,0,0.0,0,0.0,0,0.0,0,0.0,0,0.0,0,0.0,0,0.0,0,0.0,0,0.0,0,0.0,0,0.0,11,0.03942652329749104,279,1.0,SRC_MUNICIPAL_PRORRATEADA,SECCION,COMPLETO
631,19,NUEVO LEON,MONTERREY,,1,1436,559,308,0.5509838998211091,0.44901610017889093,PRI,153,0.4967532467532468,65,0.21103896103896103,MC,88,0.2857142857142857,64,0.2077922077922078,MORENA,24,0.07792207792207792,PRI,153,0.4967532467532468,65,0.21103896103896103,MC,88,0.2857142857142857,64,0.2077922077922078,MORENA,24,0.07792207792207792,22,0.07142857142857142,153,0.4967532467532468,3,0.00974025974025974,2,0.006493506493506494,5,0.016233766233766232,88,0.2857142857142857,24,0.07792207792207792,3,0.00974025974025974,0,0.0,0,0.0,0,0.0,2,0.006493506493506494,0,0.0,1,0.003246753246753247,0,0.0,0,0.0,0,0.0,0,0.0,0,0.0,0,0.0,1,0.003246753246753247,1,0.003246753246753247,0,0.0,0,0.0,3,0.00974025974025974,308,1.0,SRC_MUNICIPAL_PRORRATEADA,SECCION,COMPLETO
632,19,NUEVO LEON,MONTERREY,,1,1437,499,275,0.5511022044088176,0.44889779559118237,PRI,116,0.4218181818181818,39,0.14181818181818182,MC,77,0.28,44,0.16,MORENA,33,0.12,PRI,116,0.4218181818181818,39,0.14181818181818182,MC,77,0.28,44,0.16,MORENA,33,0.12,29,0.10545454545454545,116,0.4218181818181818,1,0.0036363636363636364,1,0.0036363636363636364,7,0.025454545454545455,77,0.28,33,0.12,1,0.0036363636363636364,1,0.0036363636363636364,0,0.0,0,0.0,2,0.007272727272727273,0,0.0,0,0.0,0,0.0,0,0.0,0,0.0,0,0.0,0,0.0,0,0.0,1,0.0036363636363636364,0,0.0,0,0.0,0,0.0,6,0.02181818181818182,275,1.0,SRC_MUNICIPAL_PRORRATEADA,SECCION,COMPLETO
633,19,NUEVO LEON,MONTERREY,,1,1441,1157,637,0.550561797752809,0.449438202247191,PRI,360,0.565149136577708,228,0.3579277864992151,MC,132,0.20722135007849293,80,0.12558869701726844,PAN,52,0.08163265306122448,PRI,360,0.565149136577708,228,0.3579277864992151,MC,132,0.20722135007849293,80,0.12558869701726844,PAN,52,0.08163265306122448,52,0.08163265306122448,360,0.565149136577708,4,0.006279434850863423,2,0.0031397174254317113,19,0.029827315541601257,132,0.20722135007849293,39,0.061224489795918366,3,0.004709576138147566,5,0.007849293563579277,2,0.0031397174254317113,2,0.0031397174254317113,3,0.004709576138147566,0,0.0,2,0.0031397174254317113,0,0.0,0,0.0,0,0.0,0,0.0,0,0.0,0,0.0,0,0.0,0,0.0,0,0.0,0,0.0,12,0.018838304552590265,637,1.0,SRC_MUNICIPAL_PRORRATEADA,SECCION,COMPLETO
634,19,NUEVO LEON,MONTERREY,,1,1446,574,316,0.5505226480836237,0.4494773519163763,PRI,154,0.4873417721518987,66,0.2088607594936709,MC,88,0.27848101265822783,63,0.19936708860759494,PAN,25,0.07911392405063292,PRI,154,0.4873417721518987,66,0.2088607594936709,MC,88,0.27848101265822783,63,0.19936708860759494,PAN,25,0.07911392405063292,25,0.07911392405063292,154,0.4873417721518987,4,0.012658227848101266,0,0.0,8,0.02531645569620253,88,0.27848101265822783,22,0.06962025316455696,1,0.0031645569620253164,0,0.0,0,0.0,0,0.0,1,0.0031645569620253164,1,0.0031645569620253164,0,0.0,1,0.0031645569620253164,0,0.0,1,0.0031645569620253164,0,0.0,1,0.0031645569620253164,0,0.0,0,0.0,0,0.0,0,0.0,0,0.0,9,0.028481012658227847,316,1.0,SRC_MUNICIPAL_PRORRATEADA,SECCION,COMPLETO
635,19,NUEVO LEON,MONTERREY,,1,1448,1844,1015,0.5504338394793926,0.4495661605206074,PRI,350,0.3448275862068966,4,0.003940886699507389,MC,346,0.34088669950738915,171,0.1684729064039409,PAN,175,0.1724137931034483,PRI,350,0.3448275862068966,4,0.003940886699507389,MC,346,0.34088669950738915,171,0.1684729064039409,PAN,175,0.1724137931034483,175,0.1724137931034483,350,0.3448275862068966,7,0.006896551724137931,7,0.006896551724137931,16,0.015763546798029555,346,0.34088669950738915,71,0.06995073891625615,6,0.005911330049261084,2,0.0019704433497536944,1,0.0009852216748768472,3,0.002955665024630542,3,0.002955665024630542,2,0.0019704433497536944,1,0.0009852216748768472,0,0.0,0,0.0,0,0.0,1,0.0009852216748768472,0,0.0,0,0.0,0,0.0,0,0.0,1,0.0009852216748768472,0,0.0,23,0.022660098522167486,1015,1.0,SRC_MUNICIPAL_PRORRATEADA,SECCION,COMPLETO
636,19,NUEVO LEON,MONTERREY,,1,1449,523,288,0.5506692160611855,0.44933078393881454,PRI,114,0.3958333333333333,27,0.09375,MC,87,0.3020833333333333,59,0.2048611111111111,PAN,28,0.09722222222222222,PRI,114,0.3958333333333333,27,0.09375,MC,87,0.3020833333333333,59,0.2048611111111111,PAN,28,0.09722222222222222,28,0.09722222222222222,114,0.3958333333333333,2,0.006944444444444444,5,0.017361111111111112,5,0.017361111111111112,87,0.3020833333333333,24,0.08333333333333333,1,0.003472222222222222,0,0.0,0,0.0,3,0.010416666666666666,0,0.0,2,0.006944444444444444,0,0.0,0,0.0,0,0.0,1,0.003472222222222222,0,0.0,2,0.006944444444444444,0,0.0,4,0.013888888888888888,0,0.0,0,0.0,0,0.0,10,0.034722222222222224,288,1.0,SRC_MUNICIPAL_PRORRATEADA,SECCION,COMPLETO
637,19,NUEVO LEON,MONTERREY,,1,1460,476,262,0.5504201680672269,0.44957983193277307,PRI,125,0.4770992366412214,55,0.2099236641221374,MC,70,0.26717557251908397,49,0.18702290076335878,PAN,21,0.08015267175572519,PRI,125,0.4770992366412214,55,0.2099236641221374,MC,70,0.26717557251908397,49,0.18702290076335878,PAN,21,0.08015267175572519,21,0.08015267175572519,125,0.4770992366412214,0,0.0,7,0.026717557251908396,3,0.011450381679389313,70,0.26717557251908397,18,0.06870229007633588,4,0.015267175572519083,1,0.003816793893129771,0,0.0,2,0.007633587786259542,1,0.003816793893129771,1,0.003816793893129771,0,0.0,0,0.0,0,0.0,0,0.0,1,0.003816793893129771,0,0.0,0,0.0,1,0.003816793893129771,0,0.0,0,0.0,0,0.0,7,0.026717557251908396,262,1.0,SRC_MUNICIPAL_PRORRATEADA,SECCION,COMPLETO
638,19,NUEVO LEON,MONTERREY,,1,1463,487,268,0.5503080082135524,0.4496919917864476,PRI,98,0.3656716417910448,4,0.014925373134328358,MC,94,0.35074626865671643,55,0.20522388059701493,PAN,39,0.1455223880597015,PRI,98,0.3656716417910448,4,0.014925373134328358,MC,94,0.35074626865671643,55,0.20522388059701493,PAN,39,0.1455223880597015,39,0.1455223880597015,98,0.3656716417910448,1,0.0037313432835820895,3,0.011194029850746268,2,0.007462686567164179,94,0.35074626865671643,20,0.07462686567164178,0,0.0,1,0.0037313432835820895,0,0.0,1,0.0037313432835820895,0,0.0,0,0.0,0,0.0,0,0.0,0,0.0,0,0.0,0,0.0,0,0.0,0,0.0,1,0.0037313432835820895,0,0.0,0,0.0,0,0.0,8,0.029850746268656716,268,1.0,SRC_MUNICIPAL_PRORRATEADA,SECCION,COMPLETO
639,19,NUEVO LEON,MONTERREY,,1,2124,4386,2415,0.5506155950752394,0.4493844049247606,PRI,1292,0.5349896480331263,756,0.3130434782608696,MC,536,0.22194616977225673,304,0.125879917184265,PAN,232,0.09606625258799172,PRI,1292,0.5349896480331263,756,0.3130434782608696,MC,536,0.22194616977225673,304,0.125879917184265,PAN,232,0.09606625258799172,232,0.09606625258799172,1292,0.5349896480331263,9,0.0037267080745341614,13,0.005383022774327122,46,0.01904761904761905,536,0.22194616977225673,184,0.0761904761904762,4,0.0016563146997929607,2,0.0008281573498964803,7,0.002898550724637681,13,0.005383022774327122,12,0.004968944099378882,2,0.0008281573498964803,1,0.00041407867494824016,0,0.0,0,0.0,0,0.0,0,0.0,0,0.0,0,0.0,3,0.0012422360248447205,0,0.0,0,0.0,0,0.0,59,0.02443064182194617,2415,1.0,SRC_MUNICIPAL_PRORRATEADA,SECCION,COMPLETO
640,19,NUEVO LEON,MONTERREY,,1,2125,543,299,0.5506445672191529,0.4493554327808471,PRI,109,0.36454849498327757,0,0.0,MC,109,0.36454849498327757,69,0.23076923076923078,PAN,40,0.13377926421404682,PRI,109,0.36454849498327757,0,0.0,MC,109,0.36454849498327757,69,0.23076923076923078,PAN,40,0.13377926421404682,40,0.13377926421404682,109,0.36454849498327757,0,0.0,0,0.0,5,0.016722408026755852,109,0.36454849498327757,26,0.08695652173913043,0,0.0,2,0.006688963210702341,0,0.0,5,0.016722408026755852,1,0.0033444816053511705,0,0.0,0,0.0,0,0.0,0,0.0,0,0.0,0,0.0,0,0.0,0,0.0,0,0.0,0,0.0,0,0.0,0,0.0,2,0.006688963210702341,299,1.0,SRC_MUNICIPAL_PRORRATEADA,SECCION,COMPLETO
641,19,NUEVO LEON,MONTERREY,,1,2126,2020,1112,0.5504950495049505,0.44950495049504946,MC,411,0.36960431654676257,6,0.00539568345323741,PRI,405,0.3642086330935252,269,0.24190647482014388,PAN,136,0.1223021582733813,MC,411,0.36960431654676257,6,0.00539568345323741,PRI,405,0.3642086330935252,269,0.24190647482014388,PAN,136,0.1223021582733813,136,0.1223021582733813,405,0.3642086330935252,4,0.0035971223021582736,12,0.01079136690647482,22,0.019784172661870502,411,0.36960431654676257,81,0.07284172661870504,3,0.002697841726618705,3,0.002697841726618705,1,0.0008992805755395684,8,0.007194244604316547,4,0.0035971223021582736,2,0.0017985611510791368,1,0.0008992805755395684,0,0.0,0,0.0,1,0.0008992805755395684,0,0.0,1,0.0008992805755395684,0,0.0,1,0.0008992805755395684,0,0.0,1,0.0008992805755395684,0,0.0,15,0.013489208633093525,1112,1.0,SRC_MUNICIPAL_PRORRATEADA,SECCION,COMPLETO
642,19,NUEVO LEON,MONTERREY,,1,2128,581,320,0.5507745266781411,0.4492254733218589,MC,117,0.365625,19,0.059375,PRI,98,0.30625,47,0.146875,PAN,51,0.159375,MC,117,0.365625,19,0.059375,PRI,98,0.30625,47,0.146875,PAN,51,0.159375,51,0.159375,98,0.30625,1,0.003125,2,0.00625,3,0.009375,117,0.365625,32,0.1,3,0.009375,2,0.00625,2,0.00625,0,0.0,0,0.0,2,0.00625,0,0.0,0,0.0,0,0.0,0,0.0,0,0.0,0,0.0,0,0.0,0,0.0,0,0.0,0,0.0,0,0.0,7,0.021875,320,1.0,SRC_MUNICIPAL_PRORRATEADA,SECCION,COMPLETO
643,19,NUEVO LEON,MONTERREY,,1,2130,596,328,0.5503355704697986,0.44966442953020136,PRI,113,0.3445121951219512,1,0.003048780487804878,MC,112,0.34146341463414637,44,0.13414634146341464,PAN,68,0.2073170731707317,PRI,113,0.3445121951219512,1,0.003048780487804878,MC,112,0.34146341463414637,44,0.13414634146341464,PAN,68,0.2073170731707317,68,0.2073170731707317,113,0.3445121951219512,0,0.0,3,0.009146341463414634,5,0.01524390243902439,112,0.34146341463414637,21,0.06402439024390244,1,0.003048780487804878,0,0.0,0,0.0,2,0.006097560975609756,0,0.0,0,0.0,0,0.0,0,0.0,0,0.0,0,0.0,0,0.0,0,0.0,0,0.0,0,0.0,0,0.0,0,0.0,0,0.0,3,0.009146341463414634,328,1.0,SRC_MUNICIPAL_PRORRATEADA,SECCION,COMPLETO
644,19,NUEVO LEON,MONTERREY,,1,2131,1086,598,0.5506445672191529,0.4493554327808471,PRI,243,0.40635451505016723,54,0.0903010033444816,MC,189,0.31605351170568563,104,0.17391304347826086,PAN,85,0.14214046822742474,PRI,243,0.40635451505016723,54,0.0903010033444816,MC,189,0.31605351170568563,104,0.17391304347826086,PAN,85,0.14214046822742474,85,0.14214046822742474,243,0.40635451505016723,3,0.005016722408026756,5,0.008361204013377926,4,0.006688963210702341,189,0.31605351170568563,40,0.06688963210702341,5,0.008361204013377926,2,0.0033444816053511705,1,0.0016722408026755853,2,0.0033444816053511705,9,0.015050167224080268,0,0.0,1,0.0016722408026755853,0,0.0,0,0.0,1,0.0016722408026755853,0,0.0,0,0.0,0,0.0,1,0.0016722408026755853,0,0.0,0,0.0,0,0.0,7,0.011705685618729096,598,1.0,SRC_MUNICIPAL_PRORRATEADA,SECCION,COMPLETO
645,19,NUEVO LEON,MONTERREY,,1,2133,2098,1155,0.5505243088655862,0.44947569113441377,PRI,414,0.35844155844155845,10,0.008658008658008658,MC,404,0.3497835497835498,251,0.21731601731601732,PAN,153,0.13246753246753246,PRI,414,0.35844155844155845,10,0.008658008658008658,MC,404,0.3497835497835498,251,0.21731601731601732,PAN,153,0.13246753246753246,153,0.13246753246753246,414,0.35844155844155845,6,0.005194805194805195,2,0.0017316017316017316,28,0.024242424242424242,404,0.3497835497835498,107,0.09264069264069263,6,0.005194805194805195,5,0.004329004329004329,0,0.0,3,0.0025974025974025974,7,0.006060606060606061,1,0.0008658008658008658,0,0.0,0,0.0,0,0.0,0,0.0,0,0.0,0,0.0,0,0.0,2,0.0017316017316017316,0,0.0,1,0.0008658008658008658,0,0.0,16,0.013852813852813853,1155,1.0,SRC_MUNICIPAL_PRORRATEADA,SECCION,COMPLETO
646,19,NUEVO LEON,MONTERREY,,1,2134,1755,966,0.5504273504273505,0.44957264957264953,MC,435,0.4503105590062112,187,0.19358178053830227,PRI,248,0.2567287784679089,87,0.09006211180124224,PAN,161,0.16666666666666666,MC,435,0.4503105590062112,187,0.19358178053830227,PRI,248,0.2567287784679089,87,0.09006211180124224,PAN,161,0.16666666666666666,161,0.16666666666666666,248,0.2567287784679089,4,0.004140786749482402,5,0.005175983436853002,6,0.006211180124223602,435,0.4503105590062112,70,0.07246376811594203,13,0.013457556935817806,1,0.0010351966873706005,3,0.003105590062111801,4,0.004140786749482402,5,0.005175983436853002,1,0.0010351966873706005,0,0.0,0,0.0,0,0.0,0,0.0,0,0.0,0,0.0,0,0.0,1,0.0010351966873706005,0,0.0,0,0.0,0,0.0,9,0.009316770186335404,966,1.0,SRC_MUNICIPAL_PRORRATEADA,SECCION,COMPLETO
647,19,NUEVO LEON,MONTERREY,,2,1456,445,245,0.550561797752809,0.449438202247191,PRI,153,0.6244897959183674,106,0.4326530612244898,MC,47,0.19183673469387755,32,0.1306122448979592,MORENA,15,0.061224489795918366,PRI,153,0.6244897959183674,106,0.4326530612244898,MC,47,0.19183673469387755,32,0.1306122448979592,MORENA,15,0.061224489795918366,13,0.053061224489795916,153,0.6244897959183674,1,0.004081632653061225,3,0.012244897959183673,5,0.02040816326530612,47,0.19183673469387755,15,0.061224489795918366,0,0.0,0,0.0,0,0.0,1,0.004081632653061225,0,0.0,0,0.0,0,0.0,0,0.0,0,0.0,0,0.0,0,0.0,0,0.0,0,0.0,1,0.004081632653061225,1,0.004081632653061225,0,0.0,0,0.0,5,0.02040816326530612,245,1.0,SRC_MUNICIPAL_PRORRATEADA,SECCION,COMPLETO
648,19,NUEVO LEON,MONTERREY,,2,1457,890,490,0.550561797752809,0.449438202247191,PRI,250,0.5102040816326531,124,0.2530612244897959,MC,126,0.2571428571428571,91,0.18571428571428572,MORENA,35,0.07142857142857142,PRI,250,0.5102040816326531,124,0.2530612244897959,MC,126,0.2571428571428571,91,0.18571428571428572,MORENA,35,0.07142857142857142,34,0.06938775510204082,250,0.5102040816326531,0,0.0,3,0.006122448979591836,17,0.03469387755102041,126,0.2571428571428571,35,0.07142857142857142,1,0.0020408163265306124,1,0.0020408163265306124,0,0.0,2,0.004081632653061225,5,0.01020408163265306,0,0.0,0,0.0,0,0.0,0,0.0,0,0.0,0,0.0,0,0.0,0,0.0,0,0.0,0,0.0,0,0.0,0,0.0,16,0.0326530612244898,490,1.0,SRC_MUNICIPAL_PRORRATEADA,SECCION,COMPLETO
649,19,NUEVO LEON,MONTERREY,,2,1467,612,337,0.5506535947712419,0.44934640522875813,PRI,123,0.3649851632047478,21,0.06231454005934718,MC,102,0.3026706231454006,52,0.1543026706231454,PAN,50,0.14836795252225518,PRI,123,0.3649851632047478,21,0.06231454005934718,MC,102,0.3026706231454006,52,0.1543026706231454,PAN,50,0.14836795252225518,50,0.14836795252225518,123,0.3649851632047478,1,0.002967359050445104,1,0.002967359050445104,3,0.008902077151335312,102,0.3026706231454006,45,0.13353115727002968,1,0.002967359050445104,1,0.002967359050445104,0,0.0,2,0.005934718100890208,1,0.002967359050445104,1,0.002967359050445104,0,0.0,0,0.0,0,0.0,0,0.0,0,0.0,0,0.0,0,0.0,1,0.002967359050445104,0,0.0,0,0.0,0,0.0,5,0.01483679525222552,337,1.0,SRC_MUNICIPAL_PRORRATEADA,SECCION,COMPLETO
650,19,NUEVO LEON,MONTERREY,,2,1469,621,342,0.5507246376811594,0.4492753623188406,PRI,148,0.4327485380116959,43,0.12573099415204678,MC,105,0.30701754385964913,51,0.14912280701754385,PAN,54,0.15789473684210525,PRI,148,0.4327485380116959,43,0.12573099415204678,MC,105,0.30701754385964913,51,0.14912280701754385,PAN,54,0.15789473684210525,54,0.15789473684210525,148,0.4327485380116959,0,0.0,1,0.0029239766081871343,1,0.0029239766081871343,105,0.30701754385964913,23,0.06725146198830409,2,0.005847953216374269,1,0.0029239766081871343,0,0.0,2,0.005847953216374269,0,0.0,0,0.0,0,0.0,0,0.0,0,0.0,0,0.0,0,0.0,0,0.0,0,0.0,0,0.0,0,0.0,0,0.0,0,0.0,5,0.014619883040935672,342,1.0,SRC_MUNICIPAL_PRORRATEADA,SECCION,COMPLETO
651,19,NUEVO LEON,MONTERREY,,2,1470,476,262,0.5504201680672269,0.44957983193277307,PRI,100,0.3816793893129771,22,0.08396946564885496,MC,78,0.29770992366412213,32,0.12213740458015267,PAN,46,0.17557251908396945,PRI,100,0.3816793893129771,22,0.08396946564885496,MC,78,0.29770992366412213,32,0.12213740458015267,PAN,46,0.17557251908396945,46,0.17557251908396945,100,0.3816793893129771,0,0.0,1,0.003816793893129771,5,0.019083969465648856,78,0.29770992366412213,18,0.06870229007633588,2,0.007633587786259542,1,0.003816793893129771,0,0.0,1,0.003816793893129771,2,0.007633587786259542,0,0.0,0,0.0,0,0.0,0,0.0,0,0.0,0,0.0,0,0.0,0,0.0,2,0.007633587786259542,0,0.0,0,0.0,0,0.0,6,0.022900763358778626,262,1.0,SRC_MUNICIPAL_PRORRATEADA,SECCION,COMPLETO
652,19,NUEVO LEON,MONTERREY,,2,1471,1266,697,0.5505529225908373,0.4494470774091627,MC,265,0.3802008608321377,53,0.07604017216642754,PRI,212,0.30416068866571017,108,0.15494978479196556,PAN,104,0.1492109038737446,MC,265,0.3802008608321377,53,0.07604017216642754,PRI,212,0.30416068866571017,108,0.15494978479196556,PAN,104,0.1492109038737446,104,0.1492109038737446,212,0.30416068866571017,2,0.0028694404591104736,2,0.0028694404591104736,13,0.018651362984218076,265,0.3802008608321377,63,0.09038737446197992,8,0.011477761836441894,1,0.0014347202295552368,4,0.005738880918220947,8,0.011477761836441894,0,0.0,1,0.0014347202295552368,0,0.0,0,0.0,1,0.0014347202295552368,0,0.0,0,0.0,1,0.0014347202295552368,0,0.0,0,0.0,0,0.0,0,0.0,0,0.0,12,0.01721664275466284,697,1.0,SRC_MUNICIPAL_PRORRATEADA,SECCION,COMPLETO
653,19,NUEVO LEON,MONTERREY,,2,1473,879,484,0.5506257110352674,0.44937428896473264,PRI,269,0.5557851239669421,167,0.3450413223140496,MC,102,0.21074380165289255,63,0.13016528925619836,MORENA,39,0.08057851239669421,PRI,269,0.5557851239669421,167,0.3450413223140496,MC,102,0.21074380165289255,63,0.13016528925619836,MORENA,39,0.08057851239669421,26,0.05371900826446281,269,0.5557851239669421,0,0.0,2,0.004132231404958678,16,0.03305785123966942,102,0.21074380165289255,39,0.08057851239669421,1,0.002066115702479339,3,0.006198347107438017,0,0.0,1,0.002066115702479339,2,0.004132231404958678,0,0.0,1,0.002066115702479339,0,0.0,0,0.0,0,0.0,1,0.002066115702479339,0,0.0,0,0.0,3,0.006198347107438017,0,0.0,0,0.0,0,0.0,18,0.0371900826446281,484,1.0,SRC_MUNICIPAL_PRORRATEADA,SECCION,COMPLETO
654,19,NUEVO LEON,MONTERREY,,2,1475,425,234,0.5505882352941176,0.4494117647058824,PRI,117,0.5,56,0.23931623931623933,MC,61,0.2606837606837607,37,0.1581196581196581,MORENA,24,0.10256410256410256,PRI,117,0.5,56,0.23931623931623933,MC,61,0.2606837606837607,37,0.1581196581196581,MORENA,24,0.10256410256410256,16,0.06837606837606838,117,0.5,0,0.0,2,0.008547008547008548,4,0.017094017094017096,61,0.2606837606837607,24,0.10256410256410256,2,0.008547008547008548,0,0.0,0,0.0,6,0.02564102564102564,0,0.0,0,0.0,0,0.0,0,0.0,0,0.0,0,0.0,0,0.0,0,0.0,0,0.0,0,0.0,0,0.0,0,0.0,0,0.0,2,0.008547008547008548,234,1.0,SRC_MUNICIPAL_PRORRATEADA,SECCION,COMPLETO
655,19,NUEVO LEON,MONTERREY,,2,1477,485,267,0.5505154639175258,0.4494845360824742,PRI,110,0.41198501872659177,32,0.1198501872659176,MC,78,0.29213483146067415,52,0.1947565543071161,PAN,26,0.09737827715355805,PRI,110,0.41198501872659177,32,0.1198501872659176,MC,78,0.29213483146067415,52,0.1947565543071161,PAN,26,0.09737827715355805,26,0.09737827715355805,110,0.41198501872659177,0,0.0,3,0.011235955056179775,8,0.0299625468164794,78,0.29213483146067415,26,0.09737827715355805,2,0.00749063670411985,1,0.003745318352059925,0,0.0,0,0.0,1,0.003745318352059925,1,0.003745318352059925,0,0.0,0,0.0,0,0.0,0,0.0,1,0.003745318352059925,0,0.0,0,0.0,1,0.003745318352059925,0,0.0,1,0.003745318352059925,0,0.0,8,0.0299625468164794,267,1.0,SRC_MUNICIPAL_PRORRATEADA,SECCION,COMPLETO
656,19,NUEVO LEON,MONTERREY,,2,1479,630,347,0.5507936507936508,0.44920634920634916,MC,135,0.38904899135446686,1,0.002881844380403458,PRI,134,0.3861671469740634,105,0.3025936599423631,PAN,29,0.08357348703170028,MC,135,0.38904899135446686,1,0.002881844380403458,PRI,134,0.3861671469740634,105,0.3025936599423631,PAN,29,0.08357348703170028,29,0.08357348703170028,134,0.3861671469740634,2,0.005763688760806916,0,0.0,10,0.02881844380403458,135,0.38904899135446686,22,0.06340057636887608,3,0.008645533141210375,1,0.002881844380403458,0,0.0,3,0.008645533141210375,0,0.0,0,0.0,1,0.002881844380403458,0,0.0,0,0.0,0,0.0,0,0.0,1,0.002881844380403458,0,0.0,1,0.002881844380403458,0,0.0,0,0.0,0,0.0,5,0.01440922190201729,347,1.0,SRC_MUNICIPAL_PRORRATEADA,SECCION,COMPLETO
657,19,NUEVO LEON,MONTERREY,,2,1480,610,336,0.5508196721311476,0.4491803278688524,PRI,121,0.3601190476190476,0,0.0,MC,121,0.3601190476190476,82,0.24404761904761904,PAN,39,0.11607142857142858,PRI,121,0.3601190476190476,0,0.0,MC,121,0.3601190476190476,82,0.24404761904761904,PAN,39,0.11607142857142858,39,0.11607142857142858,121,0.3601190476190476,0,0.0,2,0.005952380952380952,5,0.01488095238095238,121,0.3601190476190476,38,0.1130952380952381,0,0.0,1,0.002976190476190476,0,0.0,3,0.008928571428571428,2,0.005952380952380952,0,0.0,0,0.0,0,0.0,0,0.0,0,0.0,0,0.0,0,0.0,0,0.0,0,0.0,0,0.0,0,0.0,0,0.0,4,0.011904761904761904,336,1.0,SRC_MUNICIPAL_PRORRATEADA,SECCION,COMPLETO
658,19,NUEVO LEON,MONTERREY,,2,1495,1328,731,0.5504518072289156,0.4495481927710844,PRI,350,0.478796169630643,137,0.18741450068399454,MC,213,0.2913816689466484,151,0.20656634746922026,MORENA,62,0.08481532147742818,PRI,350,0.478796169630643,137,0.18741450068399454,MC,213,0.2913816689466484,151,0.20656634746922026,MORENA,62,0.08481532147742818,60,0.08207934336525308,350,0.478796169630643,2,0.0027359781121751026,7,0.009575923392612859,12,0.016415868673050615,213,0.2913816689466484,62,0.08481532147742818,1,0.0013679890560875513,3,0.004103967168262654,1,0.0013679890560875513,4,0.005471956224350205,0,0.0,0,0.0,0,0.0,0,0.0,0,0.0,0,0.0,0,0.0,0,0.0,0,0.0,0,0.0,0,0.0,0,0.0,0,0.0,16,0.02188782489740082,731,1.0,SRC_MUNICIPAL_PRORRATEADA,SECCION,COMPLETO
659,19,NUEVO LEON,MONTERREY,,2,1496,868,478,0.5506912442396313,0.44930875576036866,PRI,172,0.3598326359832636,23,0.04811715481171548,MC,149,0.3117154811715481,81,0.1694560669456067,PAN,68,0.14225941422594143,PRI,172,0.3598326359832636,23,0.04811715481171548,MC,149,0.3117154811715481,81,0.1694560669456067,PAN,68,0.14225941422594143,68,0.14225941422594143,172,0.3598326359832636,2,0.0041841004184100415,5,0.010460251046025104,9,0.01882845188284519,149,0.3117154811715481,50,0.10460251046025104,3,0.006276150627615063,0,0.0,0,0.0,2,0.0041841004184100415,4,0.008368200836820083,0,0.0,1,0.0020920502092050207,0,0.0,0,0.0,0,0.0,0,0.0,1,0.0020920502092050207,0,0.0,0,0.0,0,0.0,2,0.0041841004184100415,0,0.0,10,0.02092050209205021,478,1.0,SRC_MUNICIPAL_PRORRATEADA,SECCION,COMPLETO
660,19,NUEVO LEON,MONTERREY,,2,1497,1110,611,0.5504504504504505,0.4495495495495495,PRI,254,0.4157119476268412,80,0.1309328968903437,MC,174,0.28477905073649756,105,0.1718494271685761,PAN,69,0.11292962356792144,PRI,254,0.4157119476268412,80,0.1309328968903437,MC,174,0.28477905073649756,105,0.1718494271685761,PAN,69,0.11292962356792144,69,0.11292962356792144,254,0.4157119476268412,0,0.0,2,0.0032733224222585926,21,0.03436988543371522,174,0.28477905073649756,39,0.06382978723404255,6,0.009819967266775777,1,0.0016366612111292963,2,0.0032733224222585926,2,0.0032733224222585926,6,0.009819967266775777,2,0.0032733224222585926,0,0.0,0,0.0,0,0.0,0,0.0,2,0.0032733224222585926,0,0.0,0,0.0,5,0.008183306055646482,0,0.0,0,0.0,0,0.0,26,0.0425531914893617,611,1.0,SRC_MUNICIPAL_PRORRATEADA,SECCION,COMPLETO
661,19,NUEVO LEON,MONTERREY,,2,1499,1259,693,0.5504368546465449,0.4495631453534551,PRI,387,0.5584415584415584,232,0.3347763347763348,MC,155,0.22366522366522368,97,0.13997113997113997,PAN,58,0.0836940836940837,PRI,387,0.5584415584415584,232,0.3347763347763348,MC,155,0.22366522366522368,97,0.13997113997113997,PAN,58,0.0836940836940837,58,0.0836940836940837,387,0.5584415584415584,2,0.002886002886002886,3,0.004329004329004329,14,0.020202020202020204,155,0.22366522366522368,56,0.08080808080808081,1,0.001443001443001443,2,0.002886002886002886,0,0.0,6,0.008658008658008658,0,0.0,0,0.0,0,0.0,0,0.0,0,0.0,0,0.0,0,0.0,0,0.0,0,0.0,0,0.0,0,0.0,0,0.0,0,0.0,9,0.012987012987012988,693,1.0,SRC_MUNICIPAL_PRORRATEADA,SECCION,COMPLETO
662,19,NUEVO LEON,MONTERREY,,2,1500,476,262,0.5504201680672269,0.44957983193277307,MC,95,0.36259541984732824,2,0.007633587786259542,PRI,93,0.3549618320610687,68,0.2595419847328244,MORENA,25,0.09541984732824428,MC,95,0.36259541984732824,2,0.007633587786259542,PRI,93,0.3549618320610687,68,0.2595419847328244,MORENA,25,0.09541984732824428,21,0.08015267175572519,93,0.3549618320610687,3,0.011450381679389313,2,0.007633587786259542,8,0.030534351145038167,95,0.36259541984732824,25,0.09541984732824428,5,0.019083969465648856,0,0.0,0,0.0,0,0.0,1,0.003816793893129771,0,0.0,0,0.0,1,0.003816793893129771,0,0.0,0,0.0,0,0.0,0,0.0,0,0.0,0,0.0,0,0.0,0,0.0,0,0.0,8,0.030534351145038167,262,1.0,SRC_MUNICIPAL_PRORRATEADA,SECCION,COMPLETO
663,19,NUEVO LEON,MONTERREY,,2,1513,1676,923,0.5507159904534606,0.44928400954653935,MC,334,0.361863488624052,26,0.028169014084507043,PRI,308,0.333694474539545,139,0.15059588299024917,PAN,169,0.18309859154929578,MC,334,0.361863488624052,26,0.028169014084507043,PRI,308,0.333694474539545,139,0.15059588299024917,PAN,169,0.18309859154929578,169,0.18309859154929578,308,0.333694474539545,2,0.0021668472372697724,6,0.0065005417118093175,14,0.015167930660888408,334,0.361863488624052,77,0.08342361863488625,2,0.0021668472372697724,1,0.0010834236186348862,1,0.0010834236186348862,1,0.0010834236186348862,3,0.0032502708559046588,0,0.0,0,0.0,0,0.0,0,0.0,0,0.0,0,0.0,0,0.0,0,0.0,1,0.0010834236186348862,0,0.0,0,0.0,0,0.0,4,0.004333694474539545,923,1.0,SRC_MUNICIPAL_PRORRATEADA,SECCION,COMPLETO
664,19,NUEVO LEON,MONTERREY,,2,1516,794,437,0.5503778337531486,0.44962216624685136,MC,143,0.32723112128146453,1,0.002288329519450801,PRI,142,0.32494279176201374,68,0.15560640732265446,PAN,74,0.16933638443935928,MC,143,0.32723112128146453,1,0.002288329519450801,PRI,142,0.32494279176201374,68,0.15560640732265446,PAN,74,0.16933638443935928,74,0.16933638443935928,142,0.32494279176201374,2,0.004576659038901602,5,0.011441647597254004,3,0.006864988558352402,143,0.32723112128146453,51,0.11670480549199085,2,0.004576659038901602,1,0.002288329519450801,0,0.0,7,0.016018306636155607,2,0.004576659038901602,0,0.0,0,0.0,0,0.0,0,0.0,0,0.0,0,0.0,0,0.0,0,0.0,0,0.0,0,0.0,0,0.0,0,0.0,5,0.011441647597254004,437,1.0,SRC_MUNICIPAL_PRORRATEADA,SECCION,COMPLETO
665,19,NUEVO LEON,MONTERREY,,2,1521,1141,628,0.5503943908851884,0.4496056091148116,PRI,302,0.48089171974522293,148,0.2356687898089172,MC,154,0.24522292993630573,105,0.16719745222929935,PAN,49,0.07802547770700637,PRI,302,0.48089171974522293,148,0.2356687898089172,MC,154,0.24522292993630573,105,0.16719745222929935,PAN,49,0.07802547770700637,49,0.07802547770700637,302,0.48089171974522293,4,0.006369426751592357,5,0.007961783439490446,40,0.06369426751592357,154,0.24522292993630573,41,0.06528662420382166,0,0.0,1,0.0015923566878980893,1,0.0015923566878980893,4,0.006369426751592357,5,0.007961783439490446,1,0.0015923566878980893,1,0.0015923566878980893,0,0.0,0,0.0,0,0.0,0,0.0,0,0.0,0,0.0,4,0.006369426751592357,0,0.0,0,0.0,0,0.0,16,0.025477707006369428,628,1.0,SRC_MUNICIPAL_PRORRATEADA,SECCION,COMPLETO
666,19,NUEVO LEON,MONTERREY,,2,1522,641,353,0.5507020280811232,0.44929797191887677,PRI,192,0.5439093484419264,110,0.311614730878187,MC,82,0.23229461756373937,51,0.14447592067988668,PT,31,0.08781869688385269,PRI,192,0.5439093484419264,110,0.311614730878187,MC,82,0.23229461756373937,51,0.14447592067988668,PT,31,0.08781869688385269,19,0.053824362606232294,192,0.5439093484419264,2,0.0056657223796034,1,0.0028328611898017,31,0.08781869688385269,82,0.23229461756373937,20,0.056657223796033995,0,0.0,0,0.0,0,0.0,0,0.0,0,0.0,0,0.0,0,0.0,0,0.0,0,0.0,1,0.0028328611898017,0,0.0,0,0.0,1,0.0028328611898017,0,0.0,0,0.0,0,0.0,0,0.0,4,0.0113314447592068,353,1.0,SRC_MUNICIPAL_PRORRATEADA,SECCION,COMPLETO
667,19,NUEVO LEON,MONTERREY,,2,1523,1028,566,0.5505836575875487,0.4494163424124513,MC,191,0.3374558303886926,71,0.1254416961130742,PRI,120,0.21201413427561838,34,0.06007067137809187,PAN,86,0.1519434628975265,MC,191,0.3374558303886926,71,0.1254416961130742,PRI,120,0.21201413427561838,34,0.06007067137809187,PAN,86,0.1519434628975265,86,0.1519434628975265,120,0.21201413427561838,21,0.037102473498233215,7,0.012367491166077738,19,0.03356890459363958,191,0.3374558303886926,68,0.12014134275618374,5,0.0088339222614841,3,0.00530035335689046,3,0.00530035335689046,11,0.019434628975265017,3,0.00530035335689046,0,0.0,0,0.0,0,0.0,0,0.0,1,0.0017667844522968198,1,0.0017667844522968198,1,0.0017667844522968198,0,0.0,2,0.0035335689045936395,0,0.0,0,0.0,0,0.0,24,0.04240282685512368,566,1.0,SRC_MUNICIPAL_PRORRATEADA,SECCION,COMPLETO
668,19,NUEVO LEON,MONTERREY,,2,1525,547,301,0.5502742230347349,0.44972577696526506,MC,112,0.37209302325581395,20,0.0664451827242525,PRI,92,0.30564784053156147,57,0.1893687707641196,MORENA,35,0.11627906976744186,MC,112,0.37209302325581395,20,0.0664451827242525,PRI,92,0.30564784053156147,57,0.1893687707641196,MORENA,35,0.11627906976744186,34,0.11295681063122924,92,0.30564784053156147,1,0.0033222591362126247,6,0.019933554817275746,4,0.013289036544850499,112,0.37209302325581395,35,0.11627906976744186,3,0.009966777408637873,1,0.0033222591362126247,1,0.0033222591362126247,2,0.006644518272425249,0,0.0,0,0.0,0,0.0,0,0.0,0,0.0,0,0.0,0,0.0,0,0.0,0,0.0,0,0.0,0,0.0,0,0.0,0,0.0,10,0.03322259136212625,301,1.0,SRC_MUNICIPAL_PRORRATEADA,SECCION,COMPLETO
669,19,NUEVO LEON,MONTERREY,,2,1527,670,369,0.5507462686567164,0.4492537313432836,MC,122,0.33062330623306235,24,0.06504065040650407,PRI,98,0.26558265582655827,27,0.07317073170731707,PAN,71,0.19241192411924118,MC,122,0.33062330623306235,24,0.06504065040650407,PRI,98,0.26558265582655827,27,0.07317073170731707,PAN,71,0.19241192411924118,71,0.19241192411924118,98,0.26558265582655827,1,0.0027100271002710027,3,0.008130081300813009,10,0.02710027100271003,122,0.33062330623306235,43,0.11653116531165311,2,0.005420054200542005,1,0.0027100271002710027,0,0.0,4,0.01084010840108401,0,0.0,1,0.0027100271002710027,1,0.0027100271002710027,0,0.0,0,0.0,0,0.0,0,0.0,0,0.0,0,0.0,4,0.01084010840108401,0,0.0,0,0.0,1,0.0027100271002710027,7,0.018970189701897018,369,1.0,SRC_MUNICIPAL_PRORRATEADA,SECCION,COMPLETO
670,19,NUEVO LEON,MONTERREY,,2,1541,897,494,0.5507246376811594,0.4492753623188406,MC,164,0.3319838056680162,2,0.004048582995951417,PRI,162,0.32793522267206476,97,0.19635627530364372,PAN,65,0.13157894736842105,MC,164,0.3319838056680162,2,0.004048582995951417,PRI,162,0.32793522267206476,97,0.19635627530364372,PAN,65,0.13157894736842105,65,0.13157894736842105,162,0.32793522267206476,0,0.0,3,0.006072874493927126,13,0.02631578947368421,164,0.3319838056680162,60,0.1214574898785425,3,0.006072874493927126,5,0.010121457489878543,1,0.0020242914979757085,1,0.0020242914979757085,1,0.0020242914979757085,2,0.004048582995951417,1,0.0020242914979757085,0,0.0,0,0.0,0,0.0,0,0.0,0,0.0,0,0.0,1,0.0020242914979757085,0,0.0,1,0.0020242914979757085,0,0.0,11,0.022267206477732792,494,1.0,SRC_MUNICIPAL_PRORRATEADA,SECCION,COMPLETO
671,19,NUEVO LEON,MONTERREY,,2,1542,579,319,0.5509499136442142,0.4490500863557858,MC,120,0.3761755485893417,30,0.09404388714733543,PRI,90,0.28213166144200624,26,0.08150470219435736,PAN,64,0.2006269592476489,MC,120,0.3761755485893417,30,0.09404388714733543,PRI,90,0.28213166144200624,26,0.08150470219435736,PAN,64,0.2006269592476489,64,0.2006269592476489,90,0.28213166144200624,1,0.003134796238244514,3,0.009404388714733543,6,0.018808777429467086,120,0.3761755485893417,27,0.08463949843260188,4,0.012539184952978056,0,0.0,1,0.003134796238244514,1,0.003134796238244514,0,0.0,0,0.0,0,0.0,0,0.0,0,0.0,0,0.0,0,0.0,0,0.0,0,0.0,0,0.0,0,0.0,0,0.0,0,0.0,2,0.006269592476489028,319,1.0,SRC_MUNICIPAL_PRORRATEADA,SECCION,COMPLETO
672,19,NUEVO LEON,MONTERREY,,2,1547,554,305,0.5505415162454874,0.4494584837545126,PRI,121,0.39672131147540984,41,0.13442622950819672,MC,80,0.26229508196721313,50,0.16393442622950818,PAN,30,0.09836065573770492,PRI,121,0.39672131147540984,41,0.13442622950819672,MC,80,0.26229508196721313,50,0.16393442622950818,PAN,30,0.09836065573770492,30,0.09836065573770492,121,0.39672131147540984,2,0.006557377049180328,1,0.003278688524590164,19,0.06229508196721312,80,0.26229508196721313,30,0.09836065573770492,0,0.0,0,0.0,0,0.0,2,0.006557377049180328,1,0.003278688524590164,6,0.019672131147540985,0,0.0,0,0.0,0,0.0,0,0.0,0,0.0,0,0.0,0,0.0,0,0.0,0,0.0,0,0.0,0,0.0,13,0.04262295081967213,305,1.0,SRC_MUNICIPAL_PRORRATEADA,SECCION,COMPLETO
673,19,NUEVO LEON,MONTERREY,,2,1548,563,310,0.5506216696269982,0.4493783303730018,PRI,179,0.5774193548387097,114,0.36774193548387096,MC,65,0.20967741935483872,46,0.14838709677419354,PAN,19,0.06129032258064516,PRI,179,0.5774193548387097,114,0.36774193548387096,MC,65,0.20967741935483872,46,0.14838709677419354,PAN,19,0.06129032258064516,19,0.06129032258064516,179,0.5774193548387097,1,0.0032258064516129032,2,0.0064516129032258064,7,0.02258064516129032,65,0.20967741935483872,15,0.04838709677419355,0,0.0,2,0.0064516129032258064,1,0.0032258064516129032,5,0.016129032258064516,1,0.0032258064516129032,0,0.0,0,0.0,0,0.0,0,0.0,0,0.0,0,0.0,0,0.0,2,0.0064516129032258064,0,0.0,0,0.0,0,0.0,0,0.0,11,0.035483870967741936,310,1.0,SRC_MUNICIPAL_PRORRATEADA,SECCION,COMPLETO
674,19,NUEVO LEON,MONTERREY,,2,1553,489,269,0.5501022494887525,0.4498977505112475,PRI,101,0.3754646840148699,11,0.040892193308550186,MC,90,0.3345724907063197,57,0.21189591078066913,PAN,33,0.12267657992565056,PRI,101,0.3754646840148699,11,0.040892193308550186,MC,90,0.3345724907063197,57,0.21189591078066913,PAN,33,0.12267657992565056,33,0.12267657992565056,101,0.3754646840148699,0,0.0,4,0.01486988847583643,8,0.02973977695167286,90,0.3345724907063197,17,0.06319702602230483,0,0.0,0,0.0,0,0.0,3,0.011152416356877323,2,0.007434944237918215,0,0.0,0,0.0,1,0.0037174721189591076,0,0.0,1,0.0037174721189591076,0,0.0,0,0.0,0,0.0,2,0.007434944237918215,0,0.0,1,0.0037174721189591076,0,0.0,6,0.022304832713754646,269,1.0,SRC_MUNICIPAL_PRORRATEADA,SECCION,COMPLETO
675,19,NUEVO LEON,MONTERREY,,2,1554,1319,726,0.5504169825625473,0.44958301743745266,PRI,301,0.41460055096418735,88,0.12121212121212122,MC,213,0.29338842975206614,128,0.1763085399449036,MORENA,85,0.11707988980716254,PRI,301,0.41460055096418735,88,0.12121212121212122,MC,213,0.29338842975206614,128,0.1763085399449036,MORENA,85,0.11707988980716254,58,0.07988980716253444,301,0.41460055096418735,6,0.008264462809917356,7,0.009641873278236915,22,0.030303030303030304,213,0.29338842975206614,85,0.11707988980716254,7,0.009641873278236915,2,0.0027548209366391185,0,0.0,3,0.004132231404958678,7,0.009641873278236915,0,0.0,1,0.0013774104683195593,1,0.0013774104683195593,1,0.0013774104683195593,0,0.0,2,0.0027548209366391185,1,0.0013774104683195593,0,0.0,1,0.0013774104683195593,0,0.0,0,0.0,0,0.0,8,0.011019283746556474,726,1.0,SRC_MUNICIPAL_PRORRATEADA,SECCION,COMPLETO
676,19,NUEVO LEON,MONTERREY,,2,1555,567,312,0.5502645502645502,0.44973544973544977,PRI,131,0.4198717948717949,55,0.1762820512820513,MC,76,0.24358974358974358,35,0.11217948717948718,PAN,41,0.13141025641025642,PRI,131,0.4198717948717949,55,0.1762820512820513,MC,76,0.24358974358974358,35,0.11217948717948718,PAN,41,0.13141025641025642,41,0.13141025641025642,131,0.4198717948717949,0,0.0,2,0.00641025641025641,12,0.038461538461538464,76,0.24358974358974358,31,0.09935897435897435,1,0.003205128205128205,0,0.0,0,0.0,2,0.00641025641025641,1,0.003205128205128205,0,0.0,1,0.003205128205128205,0,0.0,0,0.0,0,0.0,0,0.0,0,0.0,0,0.0,0,0.0,0,0.0,0,0.0,0,0.0,14,0.04487179487179487,312,1.0,SRC_MUNICIPAL_PRORRATEADA,SECCION,COMPLETO
677,19,NUEVO LEON,MONTERREY,,2,1557,757,417,0.5508586525759577,0.4491413474240423,PRI,136,0.3261390887290168,2,0.004796163069544364,MC,134,0.3213429256594724,54,0.12949640287769784,PAN,80,0.19184652278177458,PRI,136,0.3261390887290168,2,0.004796163069544364,MC,134,0.3213429256594724,54,0.12949640287769784,PAN,80,0.19184652278177458,80,0.19184652278177458,136,0.3261390887290168,1,0.002398081534772182,6,0.014388489208633094,1,0.002398081534772182,134,0.3213429256594724,43,0.10311750599520383,1,0.002398081534772182,1,0.002398081534772182,0,0.0,1,0.002398081534772182,0,0.0,1,0.002398081534772182,1,0.002398081534772182,1,0.002398081534772182,0,0.0,0,0.0,0,0.0,1,0.002398081534772182,0,0.0,2,0.004796163069544364,0,0.0,0,0.0,0,0.0,7,0.016786570743405275,417,1.0,SRC_MUNICIPAL_PRORRATEADA,SECCION,COMPLETO
678,19,NUEVO LEON,MONTERREY,,2,1558,727,400,0.5502063273727648,0.44979367262723524,PRI,135,0.3375,0,0.0,MC,135,0.3375,58,0.145,PAN,77,0.1925,PRI,135,0.3375,0,0.0,MC,135,0.3375,58,0.145,PAN,77,0.1925,77,0.1925,135,0.3375,1,0.0025,2,0.005,1,0.0025,135,0.3375,32,0.08,1,0.0025,2,0.005,1,0.0025,1,0.0025,3,0.0075,1,0.0025,1,0.0025,0,0.0,0,0.0,0,0.0,0,0.0,0,0.0,0,0.0,0,0.0,0,0.0,0,0.0,0,0.0,7,0.0175,400,1.0,SRC_MUNICIPAL_PRORRATEADA,SECCION,COMPLETO
679,19,NUEVO LEON,MONTERREY,,2,1559,752,414,0.550531914893617,0.44946808510638303,MC,152,0.3671497584541063,40,0.0966183574879227,PRI,112,0.27053140096618356,34,0.0821256038647343,PAN,78,0.18840579710144928,MC,152,0.3671497584541063,40,0.0966183574879227,PRI,112,0.27053140096618356,34,0.0821256038647343,PAN,78,0.18840579710144928,78,0.18840579710144928,112,0.27053140096618356,1,0.0024154589371980675,7,0.016908212560386472,1,0.0024154589371980675,152,0.3671497584541063,43,0.10386473429951691,1,0.0024154589371980675,0,0.0,0,0.0,8,0.01932367149758454,0,0.0,0,0.0,1,0.0024154589371980675,0,0.0,1,0.0024154589371980675,0,0.0,0,0.0,1,0.0024154589371980675,0,0.0,0,0.0,0,0.0,0,0.0,0,0.0,8,0.01932367149758454,414,1.0,SRC_MUNICIPAL_PRORRATEADA,SECCION,COMPLETO
680,19,NUEVO LEON,MONTERREY,,2,1561,819,451,0.5506715506715507,0.4493284493284493,PRI,264,0.5853658536585366,175,0.38802660753880264,MC,89,0.1973392461197339,53,0.11751662971175167,PT,36,0.07982261640798226,PRI,264,0.5853658536585366,175,0.38802660753880264,MC,89,0.1973392461197339,53,0.11751662971175167,PT,36,0.07982261640798226,23,0.050997782705099776,264,0.5853658536585366,1,0.0022172949002217295,1,0.0022172949002217295,36,0.07982261640798226,89,0.1973392461197339,20,0.04434589800443459,0,0.0,0,0.0,0,0.0,1,0.0022172949002217295,6,0.013303769401330377,0,0.0,0,0.0,0,0.0,0,0.0,0,0.0,2,0.004434589800443459,0,0.0,0,0.0,1,0.0022172949002217295,0,0.0,0,0.0,0,0.0,7,0.015521064301552107,451,1.0,SRC_MUNICIPAL_PRORRATEADA,SECCION,COMPLETO
681,19,NUEVO LEON,MONTERREY,,2,1562,467,257,0.550321199143469,0.449678800856531,MC,85,0.33073929961089493,5,0.019455252918287938,PRI,80,0.311284046692607,45,0.17509727626459143,PAN,35,0.13618677042801555,MC,85,0.33073929961089493,5,0.019455252918287938,PRI,80,0.311284046692607,45,0.17509727626459143,PAN,35,0.13618677042801555,35,0.13618677042801555,80,0.311284046692607,4,0.01556420233463035,2,0.007782101167315175,16,0.0622568093385214,85,0.33073929961089493,17,0.06614785992217899,2,0.007782101167315175,0,0.0,0,0.0,3,0.011673151750972763,1,0.0038910505836575876,0,0.0,0,0.0,0,0.0,1,0.0038910505836575876,0,0.0,1,0.0038910505836575876,1,0.0038910505836575876,0,0.0,1,0.0038910505836575876,0,0.0,0,0.0,0,0.0,8,0.0311284046692607,257,1.0,SRC_MUNICIPAL_PRORRATEADA,SECCION,COMPLETO
682,19,NUEVO LEON,MONTERREY,,2,1563,565,311,0.5504424778761062,0.44955752212389377,MC,99,0.3183279742765273,6,0.01929260450160772,PRI,93,0.2990353697749196,40,0.12861736334405144,PAN,53,0.17041800643086816,MC,99,0.3183279742765273,6,0.01929260450160772,PRI,93,0.2990353697749196,40,0.12861736334405144,PAN,53,0.17041800643086816,53,0.17041800643086816,93,0.2990353697749196,1,0.003215434083601286,8,0.02572347266881029,7,0.022508038585209004,99,0.3183279742765273,33,0.10610932475884244,2,0.006430868167202572,0,0.0,0,0.0,3,0.00964630225080386,2,0.006430868167202572,0,0.0,1,0.003215434083601286,0,0.0,0,0.0,0,0.0,0,0.0,0,0.0,0,0.0,0,0.0,0,0.0,1,0.003215434083601286,0,0.0,8,0.02572347266881029,311,1.0,SRC_MUNICIPAL_PRORRATEADA,SECCION,COMPLETO
683,19,NUEVO LEON,MONTERREY,,2,1564,481,265,0.5509355509355509,0.4490644490644491,PRI,90,0.33962264150943394,2,0.007547169811320755,MC,88,0.3320754716981132,52,0.19622641509433963,PAN,36,0.13584905660377358,PRI,90,0.33962264150943394,2,0.007547169811320755,MC,88,0.3320754716981132,52,0.19622641509433963,PAN,36,0.13584905660377358,36,0.13584905660377358,90,0.33962264150943394,1,0.0037735849056603774,3,0.011320754716981131,7,0.026415094339622643,88,0.3320754716981132,22,0.0830188679245283,1,0.0037735849056603774,0,0.0,1,0.0037735849056603774,2,0.007547169811320755,2,0.007547169811320755,0,0.0,0,0.0,0,0.0,0,0.0,0,0.0,0,0.0,0,0.0,0,0.0,0,0.0,0,0.0,0,0.0,0,0.0,12,0.045283018867924525,265,1.0,SRC_MUNICIPAL_PRORRATEADA,SECCION,COMPLETO
684,19,NUEVO LEON,MONTERREY,,2,1566,730,402,0.5506849315068493,0.4493150684931507,MC,155,0.3855721393034826,46,0.11442786069651742,PRI,109,0.27114427860696516,55,0.13681592039800994,PAN,54,0.13432835820895522,MC,155,0.3855721393034826,46,0.11442786069651742,PRI,109,0.27114427860696516,55,0.13681592039800994,PAN,54,0.13432835820895522,54,0.13432835820895522,109,0.27114427860696516,0,0.0,5,0.012437810945273632,11,0.02736318407960199,155,0.3855721393034826,45,0.11194029850746269,1,0.0024875621890547263,4,0.009950248756218905,1,0.0024875621890547263,2,0.004975124378109453,0,0.0,3,0.007462686567164179,0,0.0,0,0.0,0,0.0,0,0.0,0,0.0,0,0.0,0,0.0,1,0.0024875621890547263,2,0.004975124378109453,1,0.0024875621890547263,0,0.0,8,0.01990049751243781,402,1.0,SRC_MUNICIPAL_PRORRATEADA,SECCION,COMPLETO
685,19,NUEVO LEON,MONTERREY,,2,1583,1706,939,0.5504103165298945,0.44958968347010553,MC,356,0.37912673056443025,56,0.059637912673056445,PRI,300,0.3194888178913738,130,0.13844515441959532,PAN,170,0.1810436634717785,MC,356,0.37912673056443025,56,0.059637912673056445,PRI,300,0.3194888178913738,130,0.13844515441959532,PAN,170,0.1810436634717785,170,0.1810436634717785,300,0.3194888178913738,2,0.002129925452609159,4,0.004259850905218318,6,0.006389776357827476,356,0.37912673056443025,78,0.08306709265175719,2,0.002129925452609159,3,0.003194888178913738,1,0.0010649627263045794,2,0.002129925452609159,2,0.002129925452609159,1,0.0010649627263045794,1,0.0010649627263045794,0,0.0,0,0.0,0,0.0,0,0.0,0,0.0,0,0.0,2,0.002129925452609159,0,0.0,0,0.0,0,0.0,9,0.009584664536741214,939,1.0,SRC_MUNICIPAL_PRORRATEADA,SECCION,COMPLETO
686,19,NUEVO LEON,MONTERREY,,2,1584,1233,679,0.5506893755068938,0.4493106244931062,MC,257,0.3784977908689249,42,0.061855670103092786,PRI,215,0.3166421207658321,98,0.14432989690721648,PAN,117,0.1723122238586156,MC,257,0.3784977908689249,42,0.061855670103092786,PRI,215,0.3166421207658321,98,0.14432989690721648,PAN,117,0.1723122238586156,117,0.1723122238586156,215,0.3166421207658321,0,0.0,6,0.008836524300441826,9,0.013254786450662739,257,0.3784977908689249,52,0.07658321060382917,3,0.004418262150220913,0,0.0,2,0.0029455081001472753,4,0.005891016200294551,2,0.0029455081001472753,0,0.0,1,0.0014727540500736377,0,0.0,1,0.0014727540500736377,0,0.0,0,0.0,0,0.0,0,0.0,4,0.005891016200294551,0,0.0,0,0.0,0,0.0,6,0.008836524300441826,679,1.0,SRC_MUNICIPAL_PRORRATEADA,SECCION,COMPLETO
687,19,NUEVO LEON,MONTERREY,,2,1585,1284,707,0.5506230529595015,0.44937694704049846,PRI,295,0.41725601131541723,66,0.09335219236209336,MC,229,0.32390381895332393,147,0.2079207920792079,PAN,82,0.11598302687411598,PRI,295,0.41725601131541723,66,0.09335219236209336,MC,229,0.32390381895332393,147,0.2079207920792079,PAN,82,0.11598302687411598,82,0.11598302687411598,295,0.41725601131541723,0,0.0,2,0.002828854314002829,34,0.04809052333804809,229,0.32390381895332393,42,0.0594059405940594,3,0.004243281471004243,2,0.002828854314002829,2,0.002828854314002829,6,0.008486562942008486,3,0.004243281471004243,0,0.0,0,0.0,0,0.0,0,0.0,0,0.0,0,0.0,0,0.0,0,0.0,0,0.0,0,0.0,0,0.0,0,0.0,7,0.009900990099009901,707,1.0,SRC_MUNICIPAL_PRORRATEADA,SECCION,COMPLETO
688,19,NUEVO LEON,MONTERREY,,2,1586,1744,960,0.5504587155963303,0.4495412844036697,MC,359,0.37395833333333334,62,0.06458333333333334,PRI,297,0.309375,147,0.153125,PAN,150,0.15625,MC,359,0.37395833333333334,62,0.06458333333333334,PRI,297,0.309375,147,0.153125,PAN,150,0.15625,150,0.15625,297,0.309375,2,0.0020833333333333333,9,0.009375,13,0.013541666666666667,359,0.37395833333333334,86,0.08958333333333333,10,0.010416666666666666,2,0.0020833333333333333,3,0.003125,2,0.0020833333333333333,5,0.005208333333333333,5,0.005208333333333333,1,0.0010416666666666667,0,0.0,2,0.0020833333333333333,0,0.0,0,0.0,0,0.0,1,0.0010416666666666667,1,0.0010416666666666667,0,0.0,0,0.0,1,0.0010416666666666667,11,0.011458333333333333,960,1.0,SRC_MUNICIPAL_PRORRATEADA,SECCION,COMPLETO
689,19,NUEVO LEON,MONTERREY,,2,1588,1686,928,0.5504151838671412,0.44958481613285883,MC,305,0.3286637931034483,3,0.003232758620689655,PRI,302,0.3254310344827586,161,0.17349137931034483,PAN,141,0.15193965517241378,MC,305,0.3286637931034483,3,0.003232758620689655,PRI,302,0.3254310344827586,161,0.17349137931034483,PAN,141,0.15193965517241378,141,0.15193965517241378,302,0.3254310344827586,2,0.0021551724137931034,10,0.010775862068965518,21,0.022629310344827586,305,0.3286637931034483,100,0.10775862068965517,4,0.004310344827586207,3,0.003232758620689655,1,0.0010775862068965517,7,0.007543103448275862,3,0.003232758620689655,1,0.0010775862068965517,1,0.0010775862068965517,0,0.0,0,0.0,0,0.0,0,0.0,0,0.0,1,0.0010775862068965517,0,0.0,0,0.0,1,0.0010775862068965517,1,0.0010775862068965517,24,0.02586206896551724,928,1.0,SRC_MUNICIPAL_PRORRATEADA,SECCION,COMPLETO
690,19,NUEVO LEON,MONTERREY,,2,1593,618,340,0.5501618122977346,0.44983818770226536,MC,113,0.3323529411764706,8,0.023529411764705882,PRI,105,0.3088235294117647,50,0.14705882352941177,PAN,55,0.16176470588235295,MC,113,0.3323529411764706,8,0.023529411764705882,PRI,105,0.3088235294117647,50,0.14705882352941177,PAN,55,0.16176470588235295,55,0.16176470588235295,105,0.3088235294117647,3,0.008823529411764706,3,0.008823529411764706,3,0.008823529411764706,113,0.3323529411764706,36,0.10588235294117647,2,0.0058823529411764705,0,0.0,2,0.0058823529411764705,5,0.014705882352941176,4,0.011764705882352941,0,0.0,1,0.0029411764705882353,0,0.0,0,0.0,0,0.0,0,0.0,0,0.0,0,0.0,1,0.0029411764705882353,0,0.0,0,0.0,0,0.0,7,0.020588235294117647,340,1.0,SRC_MUNICIPAL_PRORRATEADA,SECCION,COMPLETO
691,19,NUEVO LEON,MONTERREY,,2,1594,467,257,0.550321199143469,0.449678800856531,PRI,84,0.32684824902723736,4,0.01556420233463035,MC,80,0.311284046692607,35,0.13618677042801555,PAN,45,0.17509727626459143,PRI,84,0.32684824902723736,4,0.01556420233463035,MC,80,0.311284046692607,35,0.13618677042801555,PAN,45,0.17509727626459143,45,0.17509727626459143,84,0.32684824902723736,1,0.0038910505836575876,2,0.007782101167315175,1,0.0038910505836575876,80,0.311284046692607,32,0.1245136186770428,0,0.0,1,0.0038910505836575876,0,0.0,0,0.0,0,0.0,1,0.0038910505836575876,1,0.0038910505836575876,0,0.0,0,0.0,0,0.0,0,0.0,0,0.0,0,0.0,0,0.0,0,0.0,1,0.0038910505836575876,0,0.0,8,0.0311284046692607,257,1.0,SRC_MUNICIPAL_PRORRATEADA,SECCION,COMPLETO
692,19,NUEVO LEON,MONTERREY,,2,1595,628,346,0.5509554140127388,0.44904458598726116,MC,139,0.40173410404624277,50,0.14450867052023122,PRI,89,0.25722543352601157,24,0.06936416184971098,PAN,65,0.18786127167630057,MC,139,0.40173410404624277,50,0.14450867052023122,PRI,89,0.25722543352601157,24,0.06936416184971098,PAN,65,0.18786127167630057,65,0.18786127167630057,89,0.25722543352601157,2,0.005780346820809248,4,0.011560693641618497,6,0.017341040462427744,139,0.40173410404624277,32,0.09248554913294797,0,0.0,0,0.0,0,0.0,2,0.005780346820809248,0,0.0,0,0.0,1,0.002890173410404624,0,0.0,0,0.0,0,0.0,0,0.0,0,0.0,1,0.002890173410404624,0,0.0,0,0.0,0,0.0,0,0.0,5,0.014450867052023121,346,1.0,SRC_MUNICIPAL_PRORRATEADA,SECCION,COMPLETO
693,19,NUEVO LEON,MONTERREY,,2,1596,518,285,0.5501930501930502,0.4498069498069498,MC,113,0.39649122807017545,27,0.09473684210526316,PRI,86,0.3017543859649123,31,0.10877192982456141,PAN,55,0.19298245614035087,MC,113,0.39649122807017545,27,0.09473684210526316,PRI,86,0.3017543859649123,31,0.10877192982456141,PAN,55,0.19298245614035087,55,0.19298245614035087,86,0.3017543859649123,1,0.0035087719298245615,1,0.0035087719298245615,4,0.014035087719298246,113,0.39649122807017545,16,0.056140350877192984,0,0.0,0,0.0,0,0.0,1,0.0035087719298245615,1,0.0035087719298245615,0,0.0,0,0.0,0,0.0,0,0.0,0,0.0,0,0.0,0,0.0,0,0.0,1,0.0035087719298245615,0,0.0,0,0.0,0,0.0,6,0.021052631578947368,285,1.0,SRC_MUNICIPAL_PRORRATEADA,SECCION,COMPLETO
694,19,NUEVO LEON,MONTERREY,,2,1607,681,375,0.5506607929515418,0.4493392070484582,MC,151,0.4026666666666667,52,0.13866666666666666,PRI,99,0.264,47,0.12533333333333332,PAN,52,0.13866666666666666,MC,151,0.4026666666666667,52,0.13866666666666666,PRI,99,0.264,47,0.12533333333333332,PAN,52,0.13866666666666666,52,0.13866666666666666,99,0.264,0,0.0,3,0.008,8,0.021333333333333333,151,0.4026666666666667,44,0.11733333333333333,2,0.005333333333333333,4,0.010666666666666666,0,0.0,0,0.0,1,0.0026666666666666666,0,0.0,0,0.0,0,0.0,0,0.0,0,0.0,0,0.0,1,0.0026666666666666666,0,0.0,1,0.0026666666666666666,0,0.0,0,0.0,0,0.0,9,0.024,375,1.0,SRC_MUNICIPAL_PRORRATEADA,SECCION,COMPLETO
695,19,NUEVO LEON,MONTERREY,,3,1466,570,314,0.5508771929824562,0.4491228070175438,PRI,127,0.40445859872611467,35,0.11146496815286625,MC,92,0.2929936305732484,54,0.17197452229299362,MORENA,38,0.12101910828025478,PRI,127,0.40445859872611467,35,0.11146496815286625,MC,92,0.2929936305732484,54,0.17197452229299362,MORENA,38,0.12101910828025478,32,0.10191082802547771,127,0.40445859872611467,1,0.0031847133757961785,5,0.01592356687898089,6,0.01910828025477707,92,0.2929936305732484,38,0.12101910828025478,1,0.0031847133757961785,2,0.006369426751592357,1,0.0031847133757961785,1,0.0031847133757961785,1,0.0031847133757961785,0,0.0,0,0.0,0,0.0,1,0.0031847133757961785,0,0.0,0,0.0,0,0.0,0,0.0,0,0.0,0,0.0,0,0.0,0,0.0,6,0.01910828025477707,314,1.0,SRC_MUNICIPAL_PRORRATEADA,SECCION,COMPLETO
696,19,NUEVO LEON,MONTERREY,,3,1481,536,295,0.5503731343283582,0.4496268656716418,PRI,119,0.4033898305084746,38,0.1288135593220339,MC,81,0.2745762711864407,43,0.14576271186440679,PAN,38,0.1288135593220339,PRI,119,0.4033898305084746,38,0.1288135593220339,MC,81,0.2745762711864407,43,0.14576271186440679,PAN,38,0.1288135593220339,38,0.1288135593220339,119,0.4033898305084746,0,0.0,3,0.010169491525423728,4,0.013559322033898305,81,0.2745762711864407,32,0.10847457627118644,2,0.006779661016949152,1,0.003389830508474576,0,0.0,1,0.003389830508474576,4,0.013559322033898305,1,0.003389830508474576,0,0.0,0,0.0,0,0.0,0,0.0,0,0.0,1,0.003389830508474576,0,0.0,2,0.006779661016949152,0,0.0,0,0.0,0,0.0,6,0.020338983050847456,295,1.0,SRC_MUNICIPAL_PRORRATEADA,SECCION,COMPLETO
697,19,NUEVO LEON,MONTERREY,,3,1482,512,282,0.55078125,0.44921875,PRI,104,0.36879432624113473,9,0.031914893617021274,MC,95,0.33687943262411346,67,0.2375886524822695,PAN,28,0.09929078014184398,PRI,104,0.36879432624113473,9,0.031914893617021274,MC,95,0.33687943262411346,67,0.2375886524822695,PAN,28,0.09929078014184398,28,0.09929078014184398,104,0.36879432624113473,0,0.0,1,0.0035460992907801418,1,0.0035460992907801418,95,0.33687943262411346,26,0.09219858156028368,3,0.010638297872340425,1,0.0035460992907801418,2,0.0070921985815602835,5,0.01773049645390071,2,0.0070921985815602835,1,0.0035460992907801418,0,0.0,0,0.0,0,0.0,0,0.0,0,0.0,0,0.0,0,0.0,0,0.0,1,0.0035460992907801418,0,0.0,0,0.0,12,0.0425531914893617,282,1.0,SRC_MUNICIPAL_PRORRATEADA,SECCION,COMPLETO
698,19,NUEVO LEON,MONTERREY,,3,1485,398,219,0.550251256281407,0.44974874371859297,MC,74,0.3378995433789954,6,0.0273972602739726,PRI,68,0.3105022831050228,35,0.1598173515981735,PAN,33,0.1506849315068493,MC,74,0.3378995433789954,6,0.0273972602739726,PRI,68,0.3105022831050228,35,0.1598173515981735,PAN,33,0.1506849315068493,33,0.1506849315068493,68,0.3105022831050228,0,0.0,4,0.0182648401826484,3,0.0136986301369863,74,0.3378995433789954,21,0.0958904109589041,1,0.0045662100456621,2,0.0091324200913242,0,0.0,3,0.0136986301369863,1,0.0045662100456621,0,0.0,0,0.0,0,0.0,0,0.0,0,0.0,0,0.0,1,0.0045662100456621,0,0.0,0,0.0,0,0.0,0,0.0,0,0.0,8,0.0365296803652968,219,1.0,SRC_MUNICIPAL_PRORRATEADA,SECCION,COMPLETO
699,19,NUEVO LEON,MONTERREY,,3,1487,2323,1279,0.5505811450710288,0.44941885492897116,PRI,488,0.3815480844409695,60,0.04691164972634871,MC,428,0.3346364347146208,252,0.1970289288506646,PAN,176,0.1376075058639562,PRI,488,0.3815480844409695,60,0.04691164972634871,MC,428,0.3346364347146208,252,0.1970289288506646,PAN,176,0.1376075058639562,176,0.1376075058639562,488,0.3815480844409695,6,0.004691164972634871,8,0.006254886630179828,10,0.007818608287724784,428,0.3346364347146208,106,0.08287724784988272,8,0.006254886630179828,2,0.001563721657544957,4,0.003127443315089914,8,0.006254886630179828,5,0.003909304143862392,2,0.001563721657544957,1,0.0007818608287724785,0,0.0,0,0.0,0,0.0,0,0.0,0,0.0,1,0.0007818608287724785,2,0.001563721657544957,0,0.0,2,0.001563721657544957,0,0.0,22,0.017200938232994525,1279,1.0,SRC_MUNICIPAL_PRORRATEADA,SECCION,COMPLETO
700,19,NUEVO LEON,MONTERREY,,3,1488,659,363,0.5508345978755691,0.4491654021244309,PRI,136,0.3746556473829201,17,0.046831955922865015,MC,119,0.3278236914600551,55,0.15151515151515152,PAN,64,0.1763085399449036,PRI,136,0.3746556473829201,17,0.046831955922865015,MC,119,0.3278236914600551,55,0.15151515151515152,PAN,64,0.1763085399449036,64,0.1763085399449036,136,0.3746556473829201,1,0.0027548209366391185,0,0.0,2,0.005509641873278237,119,0.3278236914600551,32,0.0881542699724518,0,0.0,1,0.0027548209366391185,0,0.0,4,0.011019283746556474,0,0.0,1,0.0027548209366391185,0,0.0,0,0.0,0,0.0,0,0.0,0,0.0,0,0.0,0,0.0,0,0.0,0,0.0,0,0.0,0,0.0,3,0.008264462809917356,363,1.0,SRC_MUNICIPAL_PRORRATEADA,SECCION,COMPLETO
701,19,NUEVO LEON,MONTERREY,,3,1489,1221,672,0.5503685503685504,0.44963144963144963,MC,270,0.4017857142857143,49,0.07291666666666667,PRI,221,0.3288690476190476,125,0.18601190476190477,PAN,96,0.14285714285714285,MC,270,0.4017857142857143,49,0.07291666666666667,PRI,221,0.3288690476190476,125,0.18601190476190477,PAN,96,0.14285714285714285,96,0.14285714285714285,221,0.3288690476190476,1,0.001488095238095238,4,0.005952380952380952,3,0.004464285714285714,270,0.4017857142857143,64,0.09523809523809523,1,0.001488095238095238,1,0.001488095238095238,1,0.001488095238095238,1,0.001488095238095238,0,0.0,0,0.0,0,0.0,0,0.0,0,0.0,0,0.0,0,0.0,0,0.0,0,0.0,0,0.0,0,0.0,0,0.0,0,0.0,9,0.013392857142857142,672,1.0,SRC_MUNICIPAL_PRORRATEADA,SECCION,COMPLETO
702,19,NUEVO LEON,MONTERREY,,3,1491,627,345,0.5502392344497608,0.44976076555023925,PRI,195,0.5652173913043478,109,0.3159420289855073,MC,86,0.2492753623188406,56,0.16231884057971013,MORENA,30,0.08695652173913043,PRI,195,0.5652173913043478,109,0.3159420289855073,MC,86,0.2492753623188406,56,0.16231884057971013,MORENA,30,0.08695652173913043,21,0.06086956521739131,195,0.5652173913043478,3,0.008695652173913044,2,0.005797101449275362,4,0.011594202898550725,86,0.2492753623188406,30,0.08695652173913043,0,0.0,0,0.0,0,0.0,2,0.005797101449275362,2,0.005797101449275362,0,0.0,0,0.0,0,0.0,0,0.0,0,0.0,0,0.0,0,0.0,0,0.0,0,0.0,0,0.0,0,0.0,0,0.0,0,0.0,345,1.0,SRC_MUNICIPAL_PRORRATEADA,SECCION,COMPLETO
703,19,NUEVO LEON,MONTERREY,,3,1502,648,357,0.5509259259259259,0.44907407407407407,MC,106,0.2969187675070028,8,0.022408963585434174,PRI,98,0.27450980392156865,24,0.06722689075630252,PAN,74,0.20728291316526612,MC,106,0.2969187675070028,8,0.022408963585434174,PRI,98,0.27450980392156865,24,0.06722689075630252,PAN,74,0.20728291316526612,74,0.20728291316526612,98,0.27450980392156865,1,0.0028011204481792717,4,0.011204481792717087,2,0.0056022408963585435,106,0.2969187675070028,49,0.13725490196078433,2,0.0056022408963585435,1,0.0028011204481792717,0,0.0,4,0.011204481792717087,0,0.0,2,0.0056022408963585435,1,0.0028011204481792717,1,0.0028011204481792717,0,0.0,1,0.0028011204481792717,0,0.0,1,0.0028011204481792717,0,0.0,0,0.0,0,0.0,0,0.0,0,0.0,10,0.028011204481792718,357,1.0,SRC_MUNICIPAL_PRORRATEADA,SECCION,COMPLETO
704,19,NUEVO LEON,MONTERREY,,3,1503,627,345,0.5502392344497608,0.44976076555023925,MC,111,0.3217391304347826,5,0.014492753623188406,PRI,106,0.3072463768115942,46,0.13333333333333333,PAN,60,0.17391304347826086,MC,111,0.3217391304347826,5,0.014492753623188406,PRI,106,0.3072463768115942,46,0.13333333333333333,PAN,60,0.17391304347826086,60,0.17391304347826086,106,0.3072463768115942,0,0.0,2,0.005797101449275362,5,0.014492753623188406,111,0.3217391304347826,43,0.1246376811594203,2,0.005797101449275362,0,0.0,0,0.0,2,0.005797101449275362,6,0.017391304347826087,2,0.005797101449275362,0,0.0,0,0.0,0,0.0,0,0.0,0,0.0,0,0.0,0,0.0,0,0.0,1,0.002898550724637681,0,0.0,1,0.002898550724637681,4,0.011594202898550725,345,1.0,SRC_MUNICIPAL_PRORRATEADA,SECCION,COMPLETO
705,19,NUEVO LEON,MONTERREY,,3,1504,741,408,0.5506072874493927,0.4493927125506073,MC,195,0.47794117647058826,86,0.2107843137254902,PRI,109,0.26715686274509803,44,0.10784313725490197,PAN,65,0.15931372549019607,MC,195,0.47794117647058826,86,0.2107843137254902,PRI,109,0.26715686274509803,44,0.10784313725490197,PAN,65,0.15931372549019607,65,0.15931372549019607,109,0.26715686274509803,1,0.0024509803921568627,3,0.007352941176470588,1,0.0024509803921568627,195,0.47794117647058826,25,0.061274509803921566,0,0.0,0,0.0,0,0.0,2,0.004901960784313725,0,0.0,0,0.0,0,0.0,0,0.0,0,0.0,0,0.0,0,0.0,0,0.0,0,0.0,0,0.0,0,0.0,0,0.0,0,0.0,7,0.01715686274509804,408,1.0,SRC_MUNICIPAL_PRORRATEADA,SECCION,COMPLETO
706,19,NUEVO LEON,MONTERREY,,3,1505,650,358,0.5507692307692308,0.4492307692307692,MC,123,0.3435754189944134,8,0.0223463687150838,PRI,115,0.32122905027932963,62,0.17318435754189945,PAN,53,0.14804469273743018,MC,123,0.3435754189944134,8,0.0223463687150838,PRI,115,0.32122905027932963,62,0.17318435754189945,PAN,53,0.14804469273743018,53,0.14804469273743018,115,0.32122905027932963,2,0.00558659217877095,4,0.0111731843575419,6,0.01675977653631285,123,0.3435754189944134,31,0.08659217877094973,0,0.0,0,0.0,0,0.0,1,0.002793296089385475,5,0.013966480446927373,0,0.0,1,0.002793296089385475,0,0.0,0,0.0,0,0.0,1,0.002793296089385475,1,0.002793296089385475,0,0.0,0,0.0,0,0.0,1,0.002793296089385475,0,0.0,14,0.03910614525139665,358,1.0,SRC_MUNICIPAL_PRORRATEADA,SECCION,COMPLETO
707,19,NUEVO LEON,MONTERREY,,3,1506,2603,1433,0.5505186323472916,0.4494813676527084,MC,564,0.3935799023028611,68,0.04745289602233078,PRI,496,0.34612700628053034,272,0.1898115840893231,PAN,224,0.15631542219120725,MC,564,0.3935799023028611,68,0.04745289602233078,PRI,496,0.34612700628053034,272,0.1898115840893231,PAN,224,0.15631542219120725,224,0.15631542219120725,496,0.34612700628053034,3,0.00209351011863224,2,0.0013956734124214933,5,0.0034891835310537334,564,0.3935799023028611,89,0.062107466852756456,10,0.006978367062107467,3,0.00209351011863224,4,0.0027913468248429866,12,0.00837404047452896,2,0.0013956734124214933,1,0.0006978367062107466,0,0.0,0,0.0,0,0.0,1,0.0006978367062107466,0,0.0,1,0.0006978367062107466,0,0.0,0,0.0,0,0.0,0,0.0,0,0.0,16,0.011165387299371946,1433,1.0,SRC_MUNICIPAL_PRORRATEADA,SECCION,COMPLETO
708,19,NUEVO LEON,MONTERREY,,3,1508,541,298,0.5508317929759704,0.4491682070240296,PRI,137,0.4597315436241611,51,0.17114093959731544,MC,86,0.28859060402684567,52,0.174496644295302,PAN,34,0.11409395973154363,PRI,137,0.4597315436241611,51,0.17114093959731544,MC,86,0.28859060402684567,52,0.174496644295302,PAN,34,0.11409395973154363,34,0.11409395973154363,137,0.4597315436241611,1,0.003355704697986577,3,0.010067114093959731,0,0.0,86,0.28859060402684567,23,0.07718120805369127,0,0.0,0,0.0,1,0.003355704697986577,2,0.006711409395973154,0,0.0,1,0.003355704697986577,0,0.0,0,0.0,0,0.0,0,0.0,0,0.0,1,0.003355704697986577,0,0.0,0,0.0,0,0.0,0,0.0,0,0.0,9,0.030201342281879196,298,1.0,SRC_MUNICIPAL_PRORRATEADA,SECCION,COMPLETO
709,19,NUEVO LEON,MONTERREY,,3,1509,1033,569,0.5508228460793805,0.4491771539206195,PRI,243,0.4270650263620387,72,0.1265377855887522,MC,171,0.30052724077328646,111,0.19507908611599298,PAN,60,0.1054481546572935,PRI,243,0.4270650263620387,72,0.1265377855887522,MC,171,0.30052724077328646,111,0.19507908611599298,PAN,60,0.1054481546572935,60,0.1054481546572935,243,0.4270650263620387,2,0.0035149384885764497,4,0.007029876977152899,5,0.008787346221441126,171,0.30052724077328646,56,0.0984182776801406,4,0.007029876977152899,3,0.005272407732864675,0,0.0,3,0.005272407732864675,2,0.0035149384885764497,2,0.0035149384885764497,0,0.0,0,0.0,0,0.0,0,0.0,0,0.0,1,0.0017574692442882249,0,0.0,0,0.0,1,0.0017574692442882249,1,0.0017574692442882249,0,0.0,11,0.019332161687170474,569,1.0,SRC_MUNICIPAL_PRORRATEADA,SECCION,COMPLETO
710,19,NUEVO LEON,MONTERREY,,3,1510,1208,665,0.5504966887417219,0.44950331125827814,MC,245,0.3684210526315789,45,0.06766917293233082,PRI,200,0.3007518796992481,97,0.14586466165413534,PAN,103,0.1548872180451128,MC,245,0.3684210526315789,45,0.06766917293233082,PRI,200,0.3007518796992481,97,0.14586466165413534,PAN,103,0.1548872180451128,103,0.1548872180451128,200,0.3007518796992481,2,0.0030075187969924814,6,0.009022556390977444,5,0.007518796992481203,245,0.3684210526315789,68,0.10225563909774436,5,0.007518796992481203,0,0.0,3,0.004511278195488722,5,0.007518796992481203,3,0.004511278195488722,2,0.0030075187969924814,2,0.0030075187969924814,0,0.0,1,0.0015037593984962407,0,0.0,1,0.0015037593984962407,0,0.0,0,0.0,1,0.0015037593984962407,0,0.0,0,0.0,0,0.0,13,0.019548872180451128,665,1.0,SRC_MUNICIPAL_PRORRATEADA,SECCION,COMPLETO
711,19,NUEVO LEON,MONTERREY,,3,1511,788,434,0.550761421319797,0.449238578680203,MC,145,0.33410138248847926,4,0.009216589861751152,PRI,141,0.3248847926267281,69,0.15898617511520738,PAN,72,0.16589861751152074,MC,145,0.33410138248847926,4,0.009216589861751152,PRI,141,0.3248847926267281,69,0.15898617511520738,PAN,72,0.16589861751152074,72,0.16589861751152074,141,0.3248847926267281,4,0.009216589861751152,4,0.009216589861751152,1,0.002304147465437788,145,0.33410138248847926,47,0.10829493087557604,1,0.002304147465437788,1,0.002304147465437788,0,0.0,3,0.0069124423963133645,2,0.004608294930875576,0,0.0,0,0.0,1,0.002304147465437788,0,0.0,0,0.0,0,0.0,0,0.0,0,0.0,1,0.002304147465437788,0,0.0,0,0.0,0,0.0,11,0.02534562211981567,434,1.0,SRC_MUNICIPAL_PRORRATEADA,SECCION,COMPLETO
712,19,NUEVO LEON,MONTERREY,,3,1512,654,360,0.5504587155963303,0.4495412844036697,MC,138,0.38333333333333336,37,0.10277777777777777,PRI,101,0.28055555555555556,31,0.08611111111111111,PAN,70,0.19444444444444445,MC,138,0.38333333333333336,37,0.10277777777777777,PRI,101,0.28055555555555556,31,0.08611111111111111,PAN,70,0.19444444444444445,70,0.19444444444444445,101,0.28055555555555556,3,0.008333333333333333,1,0.002777777777777778,3,0.008333333333333333,138,0.38333333333333336,31,0.08611111111111111,3,0.008333333333333333,2,0.005555555555555556,0,0.0,0,0.0,1,0.002777777777777778,0,0.0,0,0.0,0,0.0,0,0.0,0,0.0,0,0.0,1,0.002777777777777778,0,0.0,0,0.0,0,0.0,0,0.0,0,0.0,6,0.016666666666666666,360,1.0,SRC_MUNICIPAL_PRORRATEADA,SECCION,COMPLETO
713,19,NUEVO LEON,MONTERREY,,3,1528,536,295,0.5503731343283582,0.4496268656716418,MC,118,0.4,36,0.12203389830508475,PRI,82,0.27796610169491526,37,0.12542372881355932,PAN,45,0.15254237288135594,MC,118,0.4,36,0.12203389830508475,PRI,82,0.27796610169491526,37,0.12542372881355932,PAN,45,0.15254237288135594,45,0.15254237288135594,82,0.27796610169491526,1,0.003389830508474576,1,0.003389830508474576,9,0.030508474576271188,118,0.4,30,0.1016949152542373,0,0.0,0,0.0,1,0.003389830508474576,1,0.003389830508474576,0,0.0,0,0.0,0,0.0,0,0.0,0,0.0,0,0.0,0,0.0,0,0.0,0,0.0,0,0.0,0,0.0,0,0.0,0,0.0,7,0.023728813559322035,295,1.0,SRC_MUNICIPAL_PRORRATEADA,SECCION,COMPLETO
714,19,NUEVO LEON,MONTERREY,,3,1529,1246,686,0.550561797752809,0.449438202247191,PRI,298,0.43440233236151604,106,0.15451895043731778,MC,192,0.27988338192419826,108,0.15743440233236153,MORENA,84,0.12244897959183673,PRI,298,0.43440233236151604,106,0.15451895043731778,MC,192,0.27988338192419826,108,0.15743440233236153,MORENA,84,0.12244897959183673,73,0.10641399416909621,298,0.43440233236151604,6,0.008746355685131196,7,0.01020408163265306,5,0.007288629737609329,192,0.27988338192419826,84,0.12244897959183673,6,0.008746355685131196,0,0.0,1,0.0014577259475218659,1,0.0014577259475218659,0,0.0,0,0.0,0,0.0,0,0.0,0,0.0,0,0.0,0,0.0,0,0.0,0,0.0,1,0.0014577259475218659,0,0.0,0,0.0,0,0.0,12,0.01749271137026239,686,1.0,SRC_MUNICIPAL_PRORRATEADA,SECCION,COMPLETO
715,19,NUEVO LEON,MONTERREY,,3,1531,1201,661,0.5503746877601998,0.4496253122398002,PRI,247,0.37367624810892586,32,0.048411497730711045,MC,215,0.32526475037821484,130,0.19667170953101362,PAN,85,0.12859304084720122,PRI,247,0.37367624810892586,32,0.048411497730711045,MC,215,0.32526475037821484,130,0.19667170953101362,PAN,85,0.12859304084720122,85,0.12859304084720122,247,0.37367624810892586,6,0.009077155824508321,7,0.01059001512859304,10,0.015128593040847202,215,0.32526475037821484,61,0.09228441754916793,2,0.0030257186081694403,1,0.0015128593040847202,0,0.0,2,0.0030257186081694403,4,0.006051437216338881,1,0.0015128593040847202,1,0.0015128593040847202,0,0.0,1,0.0015128593040847202,0,0.0,0,0.0,2,0.0030257186081694403,0,0.0,3,0.0045385779122541605,0,0.0,0,0.0,0,0.0,13,0.019667170953101363,661,1.0,SRC_MUNICIPAL_PRORRATEADA,SECCION,COMPLETO
716,19,NUEVO LEON,MONTERREY,,3,1532,866,477,0.5508083140877598,0.44919168591224024,MC,205,0.429769392033543,65,0.13626834381551362,PRI,140,0.29350104821802936,61,0.1278825995807128,PAN,79,0.16561844863731656,MC,205,0.429769392033543,65,0.13626834381551362,PRI,140,0.29350104821802936,61,0.1278825995807128,PAN,79,0.16561844863731656,79,0.16561844863731656,140,0.29350104821802936,0,0.0,0,0.0,1,0.0020964360587002098,205,0.429769392033543,36,0.07547169811320754,3,0.006289308176100629,0,0.0,0,0.0,4,0.008385744234800839,0,0.0,0,0.0,0,0.0,0,0.0,0,0.0,0,0.0,0,0.0,0,0.0,0,0.0,0,0.0,0,0.0,0,0.0,0,0.0,9,0.018867924528301886,477,1.0,SRC_MUNICIPAL_PRORRATEADA,SECCION,COMPLETO
717,19,NUEVO LEON,MONTERREY,,3,1533,2294,1263,0.550566695727986,0.449433304272014,MC,483,0.3824228028503563,95,0.07521773555027712,PRI,388,0.3072050673000792,196,0.15518606492478226,PAN,192,0.15201900237529692,MC,483,0.3824228028503563,95,0.07521773555027712,PRI,388,0.3072050673000792,196,0.15518606492478226,PAN,192,0.15201900237529692,192,0.15201900237529692,388,0.3072050673000792,6,0.004750593824228029,8,0.006334125098970704,9,0.007125890736342043,483,0.3824228028503563,117,0.09263657957244656,1,0.000791765637371338,1,0.000791765637371338,1,0.000791765637371338,2,0.001583531274742676,3,0.0023752969121140144,3,0.0023752969121140144,1,0.000791765637371338,0,0.0,0,0.0,0,0.0,0,0.0,0,0.0,0,0.0,0,0.0,0,0.0,0,0.0,2,0.001583531274742676,46,0.03642121931908155,1263,1.0,SRC_MUNICIPAL_PRORRATEADA,SECCION,COMPLETO
718,19,NUEVO LEON,MONTERREY,,3,1534,578,318,0.5501730103806228,0.44982698961937717,MC,139,0.4371069182389937,57,0.1792452830188679,PRI,82,0.2578616352201258,33,0.10377358490566038,PAN,49,0.1540880503144654,MC,139,0.4371069182389937,57,0.1792452830188679,PRI,82,0.2578616352201258,33,0.10377358490566038,PAN,49,0.1540880503144654,49,0.1540880503144654,82,0.2578616352201258,2,0.006289308176100629,1,0.0031446540880503146,6,0.018867924528301886,139,0.4371069182389937,28,0.0880503144654088,3,0.009433962264150943,2,0.006289308176100629,0,0.0,1,0.0031446540880503146,1,0.0031446540880503146,1,0.0031446540880503146,0,0.0,0,0.0,0,0.0,0,0.0,0,0.0,0,0.0,0,0.0,0,0.0,0,0.0,0,0.0,0,0.0,3,0.009433962264150943,318,1.0,SRC_MUNICIPAL_PRORRATEADA,SECCION,COMPLETO
719,19,NUEVO LEON,MONTERREY,,3,1535,1391,766,0.5506829618979152,0.4493170381020848,MC,339,0.4425587467362924,140,0.18276762402088773,PRI,199,0.2597911227154047,87,0.11357702349869452,PAN,112,0.1462140992167102,MC,339,0.4425587467362924,140,0.18276762402088773,PRI,199,0.2597911227154047,87,0.11357702349869452,PAN,112,0.1462140992167102,112,0.1462140992167102,199,0.2597911227154047,3,0.0039164490861618795,9,0.01174934725848564,7,0.009138381201044387,339,0.4425587467362924,74,0.09660574412532637,0,0.0,5,0.006527415143603133,0,0.0,6,0.007832898172323759,0,0.0,3,0.0039164490861618795,0,0.0,0,0.0,1,0.0013054830287206266,0,0.0,0,0.0,0,0.0,0,0.0,2,0.0026109660574412533,0,0.0,0,0.0,0,0.0,6,0.007832898172323759,766,1.0,SRC_MUNICIPAL_PRORRATEADA,SECCION,COMPLETO
720,19,NUEVO LEON,MONTERREY,,3,1536,579,319,0.5509499136442142,0.4490500863557858,PRI,117,0.3667711598746082,9,0.02821316614420063,MC,108,0.3385579937304075,69,0.21630094043887146,MORENA,39,0.12225705329153605,PRI,117,0.3667711598746082,9,0.02821316614420063,MC,108,0.3385579937304075,69,0.21630094043887146,MORENA,39,0.12225705329153605,32,0.10031347962382445,117,0.3667711598746082,1,0.003134796238244514,0,0.0,4,0.012539184952978056,108,0.3385579937304075,39,0.12225705329153605,2,0.006269592476489028,0,0.0,1,0.003134796238244514,4,0.012539184952978056,3,0.009404388714733543,0,0.0,0,0.0,0,0.0,0,0.0,0,0.0,0,0.0,0,0.0,0,0.0,1,0.003134796238244514,0,0.0,0,0.0,0,0.0,7,0.0219435736677116,319,1.0,SRC_MUNICIPAL_PRORRATEADA,SECCION,COMPLETO
721,19,NUEVO LEON,MONTERREY,,3,1537,554,305,0.5505415162454874,0.4494584837545126,PRI,123,0.40327868852459015,27,0.08852459016393442,MC,96,0.31475409836065577,63,0.20655737704918034,PAN,33,0.10819672131147541,PRI,123,0.40327868852459015,27,0.08852459016393442,MC,96,0.31475409836065577,63,0.20655737704918034,PAN,33,0.10819672131147541,33,0.10819672131147541,123,0.40327868852459015,0,0.0,5,0.01639344262295082,5,0.01639344262295082,96,0.31475409836065577,28,0.09180327868852459,0,0.0,1,0.003278688524590164,0,0.0,1,0.003278688524590164,3,0.009836065573770493,1,0.003278688524590164,0,0.0,0,0.0,0,0.0,0,0.0,0,0.0,0,0.0,0,0.0,0,0.0,0,0.0,0,0.0,0,0.0,9,0.029508196721311476,305,1.0,SRC_MUNICIPAL_PRORRATEADA,SECCION,COMPLETO
722,19,NUEVO LEON,MONTERREY,,3,1538,743,409,0.550471063257066,0.44952893674293404,MC,148,0.36185819070904646,38,0.09290953545232274,PRI,110,0.26894865525672373,21,0.05134474327628362,PAN,89,0.2176039119804401,MC,148,0.36185819070904646,38,0.09290953545232274,PRI,110,0.26894865525672373,21,0.05134474327628362,PAN,89,0.2176039119804401,89,0.2176039119804401,110,0.26894865525672373,0,0.0,2,0.004889975550122249,5,0.012224938875305624,148,0.36185819070904646,43,0.10513447432762836,1,0.0024449877750611247,0,0.0,1,0.0024449877750611247,0,0.0,0,0.0,2,0.004889975550122249,0,0.0,0,0.0,0,0.0,0,0.0,0,0.0,0,0.0,0,0.0,1,0.0024449877750611247,0,0.0,0,0.0,0,0.0,7,0.017114914425427872,409,1.0,SRC_MUNICIPAL_PRORRATEADA,SECCION,COMPLETO
723,19,NUEVO LEON,MONTERREY,,3,1567,712,392,0.550561797752809,0.449438202247191,MC,158,0.4030612244897959,57,0.14540816326530612,PRI,101,0.2576530612244898,38,0.09693877551020408,PAN,63,0.16071428571428573,MC,158,0.4030612244897959,57,0.14540816326530612,PRI,101,0.2576530612244898,38,0.09693877551020408,PAN,63,0.16071428571428573,63,0.16071428571428573,101,0.2576530612244898,2,0.00510204081632653,4,0.01020408163265306,4,0.01020408163265306,158,0.4030612244897959,41,0.10459183673469388,2,0.00510204081632653,1,0.002551020408163265,1,0.002551020408163265,4,0.01020408163265306,1,0.002551020408163265,1,0.002551020408163265,2,0.00510204081632653,0,0.0,0,0.0,0,0.0,0,0.0,2,0.00510204081632653,0,0.0,2,0.00510204081632653,0,0.0,0,0.0,0,0.0,3,0.007653061224489796,392,1.0,SRC_MUNICIPAL_PRORRATEADA,SECCION,COMPLETO
724,19,NUEVO LEON,MONTERREY,,3,1570,1241,683,0.5503626107977437,0.44963738920225627,PRI,256,0.37481698389458273,13,0.01903367496339678,MC,243,0.3557833089311859,163,0.23865300146412885,PAN,80,0.1171303074670571,PRI,256,0.37481698389458273,13,0.01903367496339678,MC,243,0.3557833089311859,163,0.23865300146412885,PAN,80,0.1171303074670571,80,0.1171303074670571,256,0.37481698389458273,5,0.007320644216691069,4,0.005856515373352855,5,0.007320644216691069,243,0.3557833089311859,71,0.10395314787701318,1,0.0014641288433382138,0,0.0,1,0.0014641288433382138,2,0.0029282576866764276,2,0.0029282576866764276,3,0.004392386530014641,1,0.0014641288433382138,0,0.0,0,0.0,1,0.0014641288433382138,0,0.0,1,0.0014641288433382138,0,0.0,0,0.0,0,0.0,1,0.0014641288433382138,0,0.0,6,0.008784773060029283,683,1.0,SRC_MUNICIPAL_PRORRATEADA,SECCION,COMPLETO
725,19,NUEVO LEON,MONTERREY,,3,1571,1903,1048,0.5507094062007357,0.4492905937992643,MC,371,0.35400763358778625,19,0.01812977099236641,PRI,352,0.33587786259541985,198,0.18893129770992367,PAN,154,0.14694656488549618,MC,371,0.35400763358778625,19,0.01812977099236641,PRI,352,0.33587786259541985,198,0.18893129770992367,PAN,154,0.14694656488549618,154,0.14694656488549618,352,0.33587786259541985,3,0.0028625954198473282,11,0.01049618320610687,7,0.006679389312977099,371,0.35400763358778625,99,0.09446564885496184,5,0.004770992366412214,1,0.0009541984732824427,4,0.003816793893129771,8,0.007633587786259542,5,0.004770992366412214,2,0.0019083969465648854,1,0.0009541984732824427,0,0.0,0,0.0,0,0.0,0,0.0,0,0.0,0,0.0,2,0.0019083969465648854,0,0.0,3,0.0028625954198473282,0,0.0,20,0.019083969465648856,1048,1.0,SRC_MUNICIPAL_PRORRATEADA,SECCION,COMPLETO
726,19,NUEVO LEON,MONTERREY,,3,1572,814,448,0.5503685503685504,0.44963144963144963,PRI,161,0.359375,6,0.013392857142857142,MC,155,0.34598214285714285,94,0.20982142857142858,PAN,61,0.13616071428571427,PRI,161,0.359375,6,0.013392857142857142,MC,155,0.34598214285714285,94,0.20982142857142858,PAN,61,0.13616071428571427,61,0.13616071428571427,161,0.359375,1,0.002232142857142857,4,0.008928571428571428,4,0.008928571428571428,155,0.34598214285714285,44,0.09821428571428571,3,0.006696428571428571,1,0.002232142857142857,3,0.006696428571428571,2,0.004464285714285714,0,0.0,0,0.0,0,0.0,0,0.0,0,0.0,0,0.0,0,0.0,0,0.0,0,0.0,0,0.0,0,0.0,0,0.0,0,0.0,9,0.020089285714285716,448,1.0,SRC_MUNICIPAL_PRORRATEADA,SECCION,COMPLETO
727,19,NUEVO LEON,MONTERREY,,3,1573,1720,947,0.5505813953488372,0.4494186046511628,MC,377,0.39809926082365366,65,0.06863780359028511,PRI,312,0.32946145723336856,184,0.19429778247096094,PAN,128,0.1351636747624076,MC,377,0.39809926082365366,65,0.06863780359028511,PRI,312,0.32946145723336856,184,0.19429778247096094,PAN,128,0.1351636747624076,128,0.1351636747624076,312,0.32946145723336856,6,0.006335797254487857,5,0.005279831045406547,7,0.007391763463569166,377,0.39809926082365366,74,0.0781414994720169,2,0.0021119324181626186,1,0.0010559662090813093,2,0.0021119324181626186,7,0.007391763463569166,0,0.0,1,0.0010559662090813093,0,0.0,0,0.0,3,0.0031678986272439284,0,0.0,0,0.0,0,0.0,1,0.0010559662090813093,1,0.0010559662090813093,0,0.0,0,0.0,0,0.0,20,0.021119324181626188,947,1.0,SRC_MUNICIPAL_PRORRATEADA,SECCION,COMPLETO
728,19,NUEVO LEON,MONTERREY,,3,1575,2563,1411,0.5505267264923918,0.44947327350760824,MC,630,0.446491849751949,69,0.04890148830616584,PRI,561,0.39759036144578314,409,0.2898653437278526,PAN,152,0.10772501771793054,MC,630,0.446491849751949,69,0.04890148830616584,PRI,561,0.39759036144578314,409,0.2898653437278526,PAN,152,0.10772501771793054,152,0.10772501771793054,561,0.39759036144578314,3,0.002126151665485471,3,0.002126151665485471,1,0.0007087172218284905,630,0.446491849751949,39,0.027639971651311126,1,0.0007087172218284905,0,0.0,1,0.0007087172218284905,3,0.002126151665485471,6,0.004252303330970942,1,0.0007087172218284905,1,0.0007087172218284905,0,0.0,0,0.0,0,0.0,0,0.0,0,0.0,0,0.0,0,0.0,0,0.0,0,0.0,1,0.0007087172218284905,8,0.005669737774627924,1411,1.0,SRC_MUNICIPAL_PRORRATEADA,SECCION,COMPLETO
729,19,NUEVO LEON,MONTERREY,,3,1576,912,502,0.5504385964912281,0.44956140350877194,PRI,213,0.4243027888446215,3,0.00597609561752988,MC,210,0.41832669322709165,162,0.32270916334661354,PAN,48,0.09561752988047809,PRI,213,0.4243027888446215,3,0.00597609561752988,MC,210,0.41832669322709165,162,0.32270916334661354,PAN,48,0.09561752988047809,48,0.09561752988047809,213,0.4243027888446215,1,0.00199203187250996,4,0.00796812749003984,2,0.00398406374501992,210,0.41832669322709165,18,0.035856573705179286,1,0.00199203187250996,0,0.0,0,0.0,1,0.00199203187250996,0,0.0,0,0.0,0,0.0,0,0.0,0,0.0,0,0.0,0,0.0,0,0.0,0,0.0,0,0.0,0,0.0,0,0.0,0,0.0,4,0.00796812749003984,502,1.0,SRC_MUNICIPAL_PRORRATEADA,SECCION,COMPLETO
730,19,NUEVO LEON,MONTERREY,,3,1577,690,380,0.5507246376811594,0.4492753623188406,MC,166,0.4368421052631579,1,0.002631578947368421,PRI,165,0.4342105263157895,131,0.3447368421052632,PAN,34,0.08947368421052632,MC,166,0.4368421052631579,1,0.002631578947368421,PRI,165,0.4342105263157895,131,0.3447368421052632,PAN,34,0.08947368421052632,34,0.08947368421052632,165,0.4342105263157895,3,0.007894736842105263,0,0.0,0,0.0,166,0.4368421052631579,7,0.018421052631578946,0,0.0,1,0.002631578947368421,1,0.002631578947368421,0,0.0,0,0.0,1,0.002631578947368421,0,0.0,0,0.0,0,0.0,0,0.0,0,0.0,0,0.0,0,0.0,0,0.0,0,0.0,0,0.0,0,0.0,2,0.005263157894736842,380,1.0,SRC_MUNICIPAL_PRORRATEADA,SECCION,COMPLETO
731,19,NUEVO LEON,MONTERREY,,3,1578,866,477,0.5508083140877598,0.44919168591224024,MC,189,0.39622641509433965,2,0.0041928721174004195,PRI,187,0.3920335429769392,118,0.24737945492662475,PAN,69,0.14465408805031446,MC,189,0.39622641509433965,2,0.0041928721174004195,PRI,187,0.3920335429769392,118,0.24737945492662475,PAN,69,0.14465408805031446,69,0.14465408805031446,187,0.3920335429769392,0,0.0,0,0.0,0,0.0,189,0.39622641509433965,21,0.0440251572327044,0,0.0,0,0.0,0,0.0,5,0.010482180293501049,0,0.0,1,0.0020964360587002098,0,0.0,0,0.0,0,0.0,0,0.0,0,0.0,0,0.0,0,0.0,0,0.0,0,0.0,0,0.0,0,0.0,5,0.010482180293501049,477,1.0,SRC_MUNICIPAL_PRORRATEADA,SECCION,COMPLETO
732,19,NUEVO LEON,MONTERREY,,3,1579,886,488,0.5507900677200903,0.4492099322799097,PRI,179,0.3668032786885246,3,0.006147540983606557,MC,176,0.36065573770491804,113,0.23155737704918034,PAN,63,0.1290983606557377,PRI,179,0.3668032786885246,3,0.006147540983606557,MC,176,0.36065573770491804,113,0.23155737704918034,PAN,63,0.1290983606557377,63,0.1290983606557377,179,0.3668032786885246,2,0.004098360655737705,3,0.006147540983606557,2,0.004098360655737705,176,0.36065573770491804,42,0.0860655737704918,0,0.0,0,0.0,3,0.006147540983606557,3,0.006147540983606557,1,0.0020491803278688526,1,0.0020491803278688526,1,0.0020491803278688526,0,0.0,2,0.004098360655737705,0,0.0,0,0.0,0,0.0,0,0.0,0,0.0,0,0.0,0,0.0,0,0.0,10,0.020491803278688523,488,1.0,SRC_MUNICIPAL_PRORRATEADA,SECCION,COMPLETO
733,19,NUEVO LEON,MONTERREY,,3,1581,621,342,0.5507246376811594,0.4492753623188406,MC,107,0.3128654970760234,1,0.0029239766081871343,PRI,106,0.30994152046783624,31,0.09064327485380116,PAN,75,0.21929824561403508,MC,107,0.3128654970760234,1,0.0029239766081871343,PRI,106,0.30994152046783624,31,0.09064327485380116,PAN,75,0.21929824561403508,75,0.21929824561403508,106,0.30994152046783624,2,0.005847953216374269,3,0.008771929824561403,4,0.011695906432748537,107,0.3128654970760234,29,0.0847953216374269,0,0.0,2,0.005847953216374269,0,0.0,1,0.0029239766081871343,1,0.0029239766081871343,0,0.0,0,0.0,0,0.0,0,0.0,0,0.0,0,0.0,0,0.0,0,0.0,2,0.005847953216374269,0,0.0,0,0.0,4,0.011695906432748537,6,0.017543859649122806,342,1.0,SRC_MUNICIPAL_PRORRATEADA,SECCION,COMPLETO
734,19,NUEVO LEON,MONTERREY,,3,1597,645,355,0.5503875968992248,0.4496124031007752,MC,125,0.352112676056338,6,0.016901408450704224,PRI,119,0.3352112676056338,66,0.18591549295774648,PAN,53,0.14929577464788732,MC,125,0.352112676056338,6,0.016901408450704224,PRI,119,0.3352112676056338,66,0.18591549295774648,PAN,53,0.14929577464788732,53,0.14929577464788732,119,0.3352112676056338,2,0.005633802816901409,1,0.0028169014084507044,1,0.0028169014084507044,125,0.352112676056338,36,0.10140845070422536,1,0.0028169014084507044,1,0.0028169014084507044,0,0.0,3,0.008450704225352112,0,0.0,2,0.005633802816901409,0,0.0,0,0.0,1,0.0028169014084507044,1,0.0028169014084507044,0,0.0,1,0.0028169014084507044,0,0.0,2,0.005633802816901409,0,0.0,0,0.0,0,0.0,6,0.016901408450704224,355,1.0,SRC_MUNICIPAL_PRORRATEADA,SECCION,COMPLETO
735,19,NUEVO LEON,MONTERREY,,3,1599,723,398,0.5504840940525588,0.4495159059474412,MC,149,0.3743718592964824,2,0.005025125628140704,PRI,147,0.3693467336683417,101,0.2537688442211055,PAN,46,0.11557788944723618,MC,149,0.3743718592964824,2,0.005025125628140704,PRI,147,0.3693467336683417,101,0.2537688442211055,PAN,46,0.11557788944723618,46,0.11557788944723618,147,0.3693467336683417,1,0.002512562814070352,0,0.0,2,0.005025125628140704,149,0.3743718592964824,37,0.09296482412060302,2,0.005025125628140704,2,0.005025125628140704,0,0.0,2,0.005025125628140704,1,0.002512562814070352,1,0.002512562814070352,1,0.002512562814070352,0,0.0,0,0.0,0,0.0,0,0.0,0,0.0,0,0.0,1,0.002512562814070352,0,0.0,0,0.0,0,0.0,6,0.01507537688442211,398,1.0,SRC_MUNICIPAL_PRORRATEADA,SECCION,COMPLETO
736,19,NUEVO LEON,MONTERREY,,3,1600,608,335,0.5509868421052632,0.44901315789473684,MC,124,0.3701492537313433,9,0.026865671641791045,PRI,115,0.34328358208955223,70,0.208955223880597,PAN,45,0.13432835820895522,MC,124,0.3701492537313433,9,0.026865671641791045,PRI,115,0.34328358208955223,70,0.208955223880597,PAN,45,0.13432835820895522,45,0.13432835820895522,115,0.34328358208955223,0,0.0,2,0.005970149253731343,5,0.014925373134328358,124,0.3701492537313433,27,0.08059701492537313,0,0.0,0,0.0,0,0.0,1,0.0029850746268656717,0,0.0,0,0.0,3,0.008955223880597015,4,0.011940298507462687,0,0.0,0,0.0,0,0.0,0,0.0,0,0.0,0,0.0,0,0.0,0,0.0,0,0.0,9,0.026865671641791045,335,1.0,SRC_MUNICIPAL_PRORRATEADA,SECCION,COMPLETO
737,19,NUEVO LEON,MONTERREY,,3,1601,1874,1032,0.5506937033084311,0.44930629669156885,MC,444,0.43023255813953487,49,0.04748062015503876,PRI,395,0.38275193798449614,275,0.26647286821705424,PAN,120,0.11627906976744186,MC,444,0.43023255813953487,49,0.04748062015503876,PRI,395,0.38275193798449614,275,0.26647286821705424,PAN,120,0.11627906976744186,120,0.11627906976744186,395,0.38275193798449614,1,0.0009689922480620155,0,0.0,5,0.0048449612403100775,444,0.43023255813953487,49,0.04748062015503876,2,0.001937984496124031,3,0.0029069767441860465,1,0.0009689922480620155,0,0.0,1,0.0009689922480620155,3,0.0029069767441860465,0,0.0,0,0.0,0,0.0,0,0.0,0,0.0,0,0.0,0,0.0,0,0.0,0,0.0,0,0.0,0,0.0,8,0.007751937984496124,1032,1.0,SRC_MUNICIPAL_PRORRATEADA,SECCION,COMPLETO
738,19,NUEVO LEON,MONTERREY,,3,2799,877,483,0.5507411630558723,0.4492588369441277,MC,220,0.4554865424430642,61,0.12629399585921325,PRI,159,0.32919254658385094,86,0.17805383022774326,PAN,73,0.15113871635610765,MC,220,0.4554865424430642,61,0.12629399585921325,PRI,159,0.32919254658385094,86,0.17805383022774326,PAN,73,0.15113871635610765,73,0.15113871635610765,159,0.32919254658385094,1,0.002070393374741201,0,0.0,4,0.008281573498964804,220,0.4554865424430642,21,0.043478260869565216,1,0.002070393374741201,1,0.002070393374741201,0,0.0,1,0.002070393374741201,1,0.002070393374741201,0,0.0,0,0.0,0,0.0,0,0.0,0,0.0,0,0.0,0,0.0,0,0.0,0,0.0,0,0.0,0,0.0,0,0.0,1,0.002070393374741201,483,1.0,SRC_MUNICIPAL_PRORRATEADA,SECCION,COMPLETO
739,19,NUEVO LEON,MONTERREY,,3,2801,912,502,0.5504385964912281,0.44956140350877194,MC,234,0.46613545816733065,81,0.16135458167330677,PRI,153,0.3047808764940239,81,0.16135458167330677,PAN,72,0.14342629482071714,MC,234,0.46613545816733065,81,0.16135458167330677,PRI,153,0.3047808764940239,81,0.16135458167330677,PAN,72,0.14342629482071714,72,0.14342629482071714,153,0.3047808764940239,2,0.00398406374501992,3,0.00597609561752988,3,0.00597609561752988,234,0.46613545816733065,25,0.049800796812749,1,0.00199203187250996,0,0.0,0,0.0,0,0.0,0,0.0,2,0.00398406374501992,0,0.0,0,0.0,1,0.00199203187250996,0,0.0,0,0.0,0,0.0,0,0.0,1,0.00199203187250996,0,0.0,0,0.0,0,0.0,5,0.0099601593625498,502,1.0,SRC_MUNICIPAL_PRORRATEADA,SECCION,COMPLETO
740,19,NUEVO LEON,MONTERREY,,3,2808,1927,1061,0.5505967825635704,0.44940321743642964,MC,513,0.48350612629594725,108,0.10179076343072573,PRI,405,0.3817153628652215,305,0.2874646559849199,PAN,100,0.0942507068803016,MC,513,0.48350612629594725,108,0.10179076343072573,PRI,405,0.3817153628652215,305,0.2874646559849199,PAN,100,0.0942507068803016,100,0.0942507068803016,405,0.3817153628652215,5,0.00471253534401508,0,0.0,2,0.001885014137606032,513,0.48350612629594725,27,0.02544769085768143,1,0.000942507068803016,0,0.0,1,0.000942507068803016,0,0.0,0,0.0,0,0.0,0,0.0,0,0.0,0,0.0,0,0.0,0,0.0,0,0.0,0,0.0,0,0.0,0,0.0,0,0.0,2,0.001885014137606032,5,0.00471253534401508,1061,1.0,SRC_MUNICIPAL_PRORRATEADA,SECCION,COMPLETO
741,19,NUEVO LEON,MONTERREY,,4,986,427,235,0.550351288056206,0.44964871194379397,MC,93,0.39574468085106385,13,0.05531914893617021,PRI,80,0.3404255319148936,47,0.2,PAN,33,0.14042553191489363,MC,93,0.39574468085106385,13,0.05531914893617021,PRI,80,0.3404255319148936,47,0.2,PAN,33,0.14042553191489363,33,0.14042553191489363,80,0.3404255319148936,1,0.00425531914893617,2,0.00851063829787234,4,0.01702127659574468,93,0.39574468085106385,14,0.059574468085106386,1,0.00425531914893617,0,0.0,0,0.0,2,0.00851063829787234,0,0.0,0,0.0,0,0.0,0,0.0,0,0.0,0,0.0,0,0.0,0,0.0,0,0.0,0,0.0,0,0.0,0,0.0,0,0.0,5,0.02127659574468085,235,1.0,SRC_MUNICIPAL_PRORRATEADA,SECCION,COMPLETO
742,19,NUEVO LEON,MONTERREY,,4,990,532,293,0.5507518796992481,0.4492481203007519,MC,99,0.3378839590443686,2,0.006825938566552901,PRI,97,0.3310580204778157,46,0.15699658703071673,PAN,51,0.17406143344709898,MC,99,0.3378839590443686,2,0.006825938566552901,PRI,97,0.3310580204778157,46,0.15699658703071673,PAN,51,0.17406143344709898,51,0.17406143344709898,97,0.3310580204778157,0,0.0,4,0.013651877133105802,3,0.010238907849829351,99,0.3378839590443686,25,0.08532423208191127,1,0.0034129692832764505,0,0.0,1,0.0034129692832764505,4,0.013651877133105802,1,0.0034129692832764505,0,0.0,0,0.0,0,0.0,0,0.0,0,0.0,0,0.0,1,0.0034129692832764505,0,0.0,0,0.0,0,0.0,0,0.0,0,0.0,6,0.020477815699658702,293,1.0,SRC_MUNICIPAL_PRORRATEADA,SECCION,COMPLETO
743,19,NUEVO LEON,MONTERREY,,4,991,567,312,0.5502645502645502,0.44973544973544977,MC,119,0.3814102564102564,23,0.07371794871794872,PRI,96,0.3076923076923077,36,0.11538461538461539,PAN,60,0.19230769230769232,MC,119,0.3814102564102564,23,0.07371794871794872,PRI,96,0.3076923076923077,36,0.11538461538461539,PAN,60,0.19230769230769232,60,0.19230769230769232,96,0.3076923076923077,0,0.0,0,0.0,2,0.00641025641025641,119,0.3814102564102564,24,0.07692307692307693,1,0.003205128205128205,0,0.0,0,0.0,2,0.00641025641025641,0,0.0,1,0.003205128205128205,0,0.0,0,0.0,1,0.003205128205128205,0,0.0,0,0.0,0,0.0,0,0.0,1,0.003205128205128205,0,0.0,0,0.0,0,0.0,5,0.016025641025641024,312,1.0,SRC_MUNICIPAL_PRORRATEADA,SECCION,COMPLETO
744,19,NUEVO LEON,MONTERREY,,4,994,434,239,0.5506912442396313,0.44930875576036866,MC,95,0.39748953974895396,26,0.1087866108786611,PRI,69,0.28870292887029286,33,0.13807531380753138,PAN,36,0.1506276150627615,MC,95,0.39748953974895396,26,0.1087866108786611,PRI,69,0.28870292887029286,33,0.13807531380753138,PAN,36,0.1506276150627615,36,0.1506276150627615,69,0.28870292887029286,2,0.008368200836820083,2,0.008368200836820083,1,0.0041841004184100415,95,0.39748953974895396,26,0.1087866108786611,0,0.0,1,0.0041841004184100415,0,0.0,0,0.0,0,0.0,2,0.008368200836820083,0,0.0,0,0.0,2,0.008368200836820083,0,0.0,0,0.0,0,0.0,0,0.0,0,0.0,0,0.0,0,0.0,0,0.0,3,0.012552301255230125,239,1.0,SRC_MUNICIPAL_PRORRATEADA,SECCION,COMPLETO
745,19,NUEVO LEON,MONTERREY,,4,995,774,426,0.5503875968992248,0.4496124031007752,PRI,133,0.31220657276995306,4,0.009389671361502348,MC,129,0.3028169014084507,55,0.12910798122065728,PAN,74,0.17370892018779344,PRI,133,0.31220657276995306,4,0.009389671361502348,MC,129,0.3028169014084507,55,0.12910798122065728,PAN,74,0.17370892018779344,74,0.17370892018779344,133,0.31220657276995306,2,0.004694835680751174,7,0.01643192488262911,5,0.011737089201877934,129,0.3028169014084507,55,0.12910798122065728,1,0.002347417840375587,1,0.002347417840375587,0,0.0,0,0.0,2,0.004694835680751174,1,0.002347417840375587,1,0.002347417840375587,0,0.0,0,0.0,0,0.0,0,0.0,0,0.0,0,0.0,1,0.002347417840375587,0,0.0,0,0.0,0,0.0,14,0.03286384976525822,426,1.0,SRC_MUNICIPAL_PRORRATEADA,SECCION,COMPLETO
746,19,NUEVO LEON,MONTERREY,,4,998,730,402,0.5506849315068493,0.4493150684931507,MC,127,0.31592039800995025,10,0.024875621890547265,PRI,117,0.291044776119403,35,0.08706467661691543,PAN,82,0.20398009950248755,MC,127,0.31592039800995025,10,0.024875621890547265,PRI,117,0.291044776119403,35,0.08706467661691543,PAN,82,0.20398009950248755,82,0.20398009950248755,117,0.291044776119403,1,0.0024875621890547263,5,0.012437810945273632,4,0.009950248756218905,127,0.31592039800995025,44,0.10945273631840796,2,0.004975124378109453,2,0.004975124378109453,0,0.0,3,0.007462686567164179,0,0.0,1,0.0024875621890547263,1,0.0024875621890547263,0,0.0,0,0.0,0,0.0,0,0.0,0,0.0,0,0.0,1,0.0024875621890547263,0,0.0,2,0.004975124378109453,0,0.0,10,0.024875621890547265,402,1.0,SRC_MUNICIPAL_PRORRATEADA,SECCION,COMPLETO
747,19,NUEVO LEON,MONTERREY,,4,1000,483,266,0.5507246376811594,0.4492753623188406,MC,103,0.38721804511278196,22,0.08270676691729323,PRI,81,0.30451127819548873,37,0.13909774436090225,PAN,44,0.16541353383458646,MC,103,0.38721804511278196,22,0.08270676691729323,PRI,81,0.30451127819548873,37,0.13909774436090225,PAN,44,0.16541353383458646,44,0.16541353383458646,81,0.30451127819548873,3,0.011278195488721804,2,0.007518796992481203,4,0.015037593984962405,103,0.38721804511278196,24,0.09022556390977443,1,0.0037593984962406013,0,0.0,0,0.0,0,0.0,1,0.0037593984962406013,0,0.0,0,0.0,0,0.0,0,0.0,0,0.0,0,0.0,1,0.0037593984962406013,0,0.0,0,0.0,0,0.0,0,0.0,0,0.0,2,0.007518796992481203,266,1.0,SRC_MUNICIPAL_PRORRATEADA,SECCION,COMPLETO
748,19,NUEVO LEON,MONTERREY,,4,1001,948,522,0.5506329113924051,0.4493670886075949,MC,234,0.4482758620689655,102,0.19540229885057472,PRI,132,0.25287356321839083,47,0.09003831417624521,PAN,85,0.16283524904214558,MC,234,0.4482758620689655,102,0.19540229885057472,PRI,132,0.25287356321839083,47,0.09003831417624521,PAN,85,0.16283524904214558,85,0.16283524904214558,132,0.25287356321839083,0,0.0,0,0.0,13,0.02490421455938697,234,0.4482758620689655,46,0.08812260536398467,0,0.0,0,0.0,0,0.0,3,0.005747126436781609,0,0.0,0,0.0,0,0.0,0,0.0,0,0.0,0,0.0,0,0.0,0,0.0,0,0.0,0,0.0,0,0.0,0,0.0,0,0.0,9,0.017241379310344827,522,1.0,SRC_MUNICIPAL_PRORRATEADA,SECCION,COMPLETO
749,19,NUEVO LEON,MONTERREY,,4,1006,549,302,0.5500910746812386,0.44990892531876137,PRI,118,0.39072847682119205,8,0.026490066225165563,MC,110,0.36423841059602646,78,0.2582781456953642,MORENA,32,0.10596026490066225,PRI,118,0.39072847682119205,8,0.026490066225165563,MC,110,0.36423841059602646,78,0.2582781456953642,MORENA,32,0.10596026490066225,26,0.08609271523178808,118,0.39072847682119205,1,0.0033112582781456954,1,0.0033112582781456954,3,0.009933774834437087,110,0.36423841059602646,32,0.10596026490066225,1,0.0033112582781456954,0,0.0,1,0.0033112582781456954,0,0.0,0,0.0,0,0.0,0,0.0,0,0.0,0,0.0,0,0.0,0,0.0,0,0.0,0,0.0,0,0.0,0,0.0,0,0.0,0,0.0,9,0.029801324503311258,302,1.0,SRC_MUNICIPAL_PRORRATEADA,SECCION,COMPLETO
750,19,NUEVO LEON,MONTERREY,,4,1007,554,305,0.5505415162454874,0.4494584837545126,PRI,127,0.4163934426229508,26,0.08524590163934426,MC,101,0.33114754098360655,67,0.21967213114754097,MORENA,34,0.11147540983606558,PRI,127,0.4163934426229508,26,0.08524590163934426,MC,101,0.33114754098360655,67,0.21967213114754097,MORENA,34,0.11147540983606558,27,0.08852459016393442,127,0.4163934426229508,1,0.003278688524590164,3,0.009836065573770493,3,0.009836065573770493,101,0.33114754098360655,34,0.11147540983606558,1,0.003278688524590164,0,0.0,2,0.006557377049180328,1,0.003278688524590164,0,0.0,1,0.003278688524590164,0,0.0,0,0.0,0,0.0,0,0.0,0,0.0,0,0.0,0,0.0,0,0.0,0,0.0,0,0.0,0,0.0,4,0.013114754098360656,305,1.0,SRC_MUNICIPAL_PRORRATEADA,SECCION,COMPLETO
751,19,NUEVO LEON,MONTERREY,,4,1012,786,433,0.5508905852417303,0.4491094147582697,MC,191,0.44110854503464203,68,0.15704387990762125,PRI,123,0.2840646651270208,62,0.14318706697459585,PAN,61,0.14087759815242495,MC,191,0.44110854503464203,68,0.15704387990762125,PRI,123,0.2840646651270208,62,0.14318706697459585,PAN,61,0.14087759815242495,61,0.14087759815242495,123,0.2840646651270208,0,0.0,5,0.011547344110854504,3,0.006928406466512702,191,0.44110854503464203,36,0.08314087759815242,2,0.004618937644341801,0,0.0,1,0.0023094688221709007,4,0.009237875288683603,1,0.0023094688221709007,1,0.0023094688221709007,0,0.0,0,0.0,0,0.0,0,0.0,0,0.0,0,0.0,0,0.0,0,0.0,0,0.0,0,0.0,0,0.0,5,0.011547344110854504,433,1.0,SRC_MUNICIPAL_PRORRATEADA,SECCION,COMPLETO
752,19,NUEVO LEON,MONTERREY,,4,1013,657,362,0.5509893455098934,0.4490106544901066,MC,148,0.4088397790055249,40,0.11049723756906077,PRI,108,0.2983425414364641,45,0.12430939226519337,PAN,63,0.17403314917127072,MC,148,0.4088397790055249,40,0.11049723756906077,PRI,108,0.2983425414364641,45,0.12430939226519337,PAN,63,0.17403314917127072,63,0.17403314917127072,108,0.2983425414364641,0,0.0,5,0.013812154696132596,0,0.0,148,0.4088397790055249,22,0.06077348066298342,0,0.0,0,0.0,0,0.0,6,0.016574585635359115,1,0.0027624309392265192,0,0.0,1,0.0027624309392265192,0,0.0,0,0.0,0,0.0,0,0.0,0,0.0,0,0.0,0,0.0,0,0.0,0,0.0,0,0.0,8,0.022099447513812154,362,1.0,SRC_MUNICIPAL_PRORRATEADA,SECCION,COMPLETO
753,19,NUEVO LEON,MONTERREY,,4,1015,1277,703,0.5505090054815975,0.44949099451840246,MC,266,0.3783783783783784,41,0.05832147937411095,PRI,225,0.3200568990042674,114,0.16216216216216217,PAN,111,0.15789473684210525,MC,266,0.3783783783783784,41,0.05832147937411095,PRI,225,0.3200568990042674,114,0.16216216216216217,PAN,111,0.15789473684210525,111,0.15789473684210525,225,0.3200568990042674,1,0.001422475106685633,6,0.008534850640113799,4,0.005689900426742532,266,0.3783783783783784,58,0.08250355618776671,6,0.008534850640113799,3,0.004267425320056899,1,0.001422475106685633,6,0.008534850640113799,2,0.002844950213371266,0,0.0,0,0.0,0,0.0,0,0.0,0,0.0,0,0.0,0,0.0,0,0.0,1,0.001422475106685633,0,0.0,0,0.0,0,0.0,13,0.01849217638691323,703,1.0,SRC_MUNICIPAL_PRORRATEADA,SECCION,COMPLETO
754,19,NUEVO LEON,MONTERREY,,4,1018,721,397,0.550624133148405,0.44937586685159503,MC,158,0.3979848866498741,29,0.07304785894206549,PRI,129,0.3249370277078086,64,0.16120906801007556,PAN,65,0.163727959697733,MC,158,0.3979848866498741,29,0.07304785894206549,PRI,129,0.3249370277078086,64,0.16120906801007556,PAN,65,0.163727959697733,65,0.163727959697733,129,0.3249370277078086,4,0.010075566750629723,1,0.0025188916876574307,1,0.0025188916876574307,158,0.3979848866498741,29,0.07304785894206549,0,0.0,0,0.0,0,0.0,4,0.010075566750629723,0,0.0,0,0.0,0,0.0,0,0.0,0,0.0,0,0.0,0,0.0,0,0.0,0,0.0,0,0.0,0,0.0,0,0.0,0,0.0,6,0.015113350125944584,397,1.0,SRC_MUNICIPAL_PRORRATEADA,SECCION,COMPLETO
755,19,NUEVO LEON,MONTERREY,,4,1019,799,440,0.5506883604505632,0.44931163954943676,MC,191,0.4340909090909091,61,0.13863636363636364,PRI,130,0.29545454545454547,59,0.1340909090909091,PAN,71,0.16136363636363638,MC,191,0.4340909090909091,61,0.13863636363636364,PRI,130,0.29545454545454547,59,0.1340909090909091,PAN,71,0.16136363636363638,71,0.16136363636363638,130,0.29545454545454547,2,0.004545454545454545,3,0.006818181818181818,2,0.004545454545454545,191,0.4340909090909091,29,0.0659090909090909,2,0.004545454545454545,0,0.0,0,0.0,0,0.0,2,0.004545454545454545,0,0.0,0,0.0,0,0.0,0,0.0,0,0.0,0,0.0,0,0.0,0,0.0,1,0.0022727272727272726,0,0.0,0,0.0,0,0.0,7,0.015909090909090907,440,1.0,SRC_MUNICIPAL_PRORRATEADA,SECCION,COMPLETO
756,19,NUEVO LEON,MONTERREY,,4,1021,619,341,0.5508885298869144,0.4491114701130856,MC,137,0.40175953079178883,52,0.15249266862170088,PRI,85,0.24926686217008798,20,0.05865102639296188,PAN,65,0.1906158357771261,MC,137,0.40175953079178883,52,0.15249266862170088,PRI,85,0.24926686217008798,20,0.05865102639296188,PAN,65,0.1906158357771261,65,0.1906158357771261,85,0.24926686217008798,0,0.0,2,0.005865102639296188,2,0.005865102639296188,137,0.40175953079178883,30,0.08797653958944282,3,0.008797653958944282,1,0.002932551319648094,0,0.0,4,0.011730205278592375,5,0.01466275659824047,0,0.0,0,0.0,1,0.002932551319648094,0,0.0,0,0.0,0,0.0,0,0.0,0,0.0,0,0.0,0,0.0,0,0.0,0,0.0,6,0.017595307917888565,341,1.0,SRC_MUNICIPAL_PRORRATEADA,SECCION,COMPLETO
757,19,NUEVO LEON,MONTERREY,,4,1024,608,335,0.5509868421052632,0.44901315789473684,PRI,145,0.43283582089552236,60,0.1791044776119403,MC,85,0.2537313432835821,38,0.11343283582089553,MORENA,47,0.14029850746268657,PRI,145,0.43283582089552236,60,0.1791044776119403,MC,85,0.2537313432835821,38,0.11343283582089553,MORENA,47,0.14029850746268657,33,0.09850746268656717,145,0.43283582089552236,0,0.0,3,0.008955223880597015,7,0.020895522388059702,85,0.2537313432835821,47,0.14029850746268657,0,0.0,0,0.0,0,0.0,0,0.0,0,0.0,2,0.005970149253731343,1,0.0029850746268656717,0,0.0,0,0.0,0,0.0,0,0.0,1,0.0029850746268656717,0,0.0,0,0.0,0,0.0,0,0.0,0,0.0,11,0.03283582089552239,335,1.0,SRC_MUNICIPAL_PRORRATEADA,SECCION,COMPLETO
758,19,NUEVO LEON,MONTERREY,,4,1025,390,215,0.5512820512820513,0.4487179487179487,PRI,93,0.4325581395348837,26,0.12093023255813953,MC,67,0.3116279069767442,46,0.21395348837209302,MORENA,21,0.09767441860465116,PRI,93,0.4325581395348837,26,0.12093023255813953,MC,67,0.3116279069767442,46,0.21395348837209302,MORENA,21,0.09767441860465116,20,0.09302325581395349,93,0.4325581395348837,1,0.004651162790697674,0,0.0,6,0.027906976744186046,67,0.3116279069767442,21,0.09767441860465116,1,0.004651162790697674,0,0.0,0,0.0,1,0.004651162790697674,0,0.0,0,0.0,0,0.0,0,0.0,0,0.0,0,0.0,0,0.0,0,0.0,0,0.0,0,0.0,0,0.0,0,0.0,0,0.0,5,0.023255813953488372,215,1.0,SRC_MUNICIPAL_PRORRATEADA,SECCION,COMPLETO
759,19,NUEVO LEON,MONTERREY,,4,1029,1026,565,0.550682261208577,0.449317738791423,PRI,212,0.3752212389380531,5,0.008849557522123894,MC,207,0.3663716814159292,142,0.2513274336283186,PAN,65,0.11504424778761062,PRI,212,0.3752212389380531,5,0.008849557522123894,MC,207,0.3663716814159292,142,0.2513274336283186,PAN,65,0.11504424778761062,65,0.11504424778761062,212,0.3752212389380531,0,0.0,3,0.005309734513274336,8,0.01415929203539823,207,0.3663716814159292,57,0.10088495575221239,3,0.005309734513274336,0,0.0,1,0.0017699115044247787,2,0.0035398230088495575,2,0.0035398230088495575,1,0.0017699115044247787,0,0.0,0,0.0,0,0.0,0,0.0,1,0.0017699115044247787,0,0.0,0,0.0,0,0.0,0,0.0,0,0.0,0,0.0,3,0.005309734513274336,565,1.0,SRC_MUNICIPAL_PRORRATEADA,SECCION,COMPLETO
760,19,NUEVO LEON,MONTERREY,,4,1031,736,405,0.5502717391304348,0.4497282608695652,MC,159,0.3925925925925926,48,0.11851851851851852,PRI,111,0.2740740740740741,32,0.07901234567901234,PAN,79,0.19506172839506172,MC,159,0.3925925925925926,48,0.11851851851851852,PRI,111,0.2740740740740741,32,0.07901234567901234,PAN,79,0.19506172839506172,79,0.19506172839506172,111,0.2740740740740741,0,0.0,2,0.0049382716049382715,4,0.009876543209876543,159,0.3925925925925926,32,0.07901234567901234,1,0.0024691358024691358,1,0.0024691358024691358,0,0.0,4,0.009876543209876543,4,0.009876543209876543,0,0.0,0,0.0,0,0.0,0,0.0,0,0.0,0,0.0,2,0.0049382716049382715,0,0.0,0,0.0,0,0.0,0,0.0,0,0.0,6,0.014814814814814815,405,1.0,SRC_MUNICIPAL_PRORRATEADA,SECCION,COMPLETO
761,19,NUEVO LEON,MONTERREY,,4,1032,449,247,0.5501113585746102,0.44988864142538976,PRI,82,0.3319838056680162,0,0.0,MC,82,0.3319838056680162,44,0.17813765182186234,PAN,38,0.15384615384615385,PRI,82,0.3319838056680162,0,0.0,MC,82,0.3319838056680162,44,0.17813765182186234,PAN,38,0.15384615384615385,38,0.15384615384615385,82,0.3319838056680162,0,0.0,3,0.012145748987854251,1,0.004048582995951417,82,0.3319838056680162,33,0.13360323886639677,0,0.0,0,0.0,1,0.004048582995951417,2,0.008097165991902834,0,0.0,0,0.0,0,0.0,0,0.0,0,0.0,0,0.0,0,0.0,0,0.0,0,0.0,0,0.0,0,0.0,0,0.0,0,0.0,5,0.020242914979757085,247,1.0,SRC_MUNICIPAL_PRORRATEADA,SECCION,COMPLETO
762,19,NUEVO LEON,MONTERREY,,4,1035,556,306,0.5503597122302158,0.44964028776978415,MC,126,0.4117647058823529,22,0.0718954248366013,PRI,104,0.33986928104575165,55,0.17973856209150327,PAN,49,0.16013071895424835,MC,126,0.4117647058823529,22,0.0718954248366013,PRI,104,0.33986928104575165,55,0.17973856209150327,PAN,49,0.16013071895424835,49,0.16013071895424835,104,0.33986928104575165,0,0.0,0,0.0,1,0.0032679738562091504,126,0.4117647058823529,22,0.0718954248366013,0,0.0,0,0.0,0,0.0,1,0.0032679738562091504,0,0.0,0,0.0,0,0.0,0,0.0,0,0.0,0,0.0,0,0.0,0,0.0,0,0.0,0,0.0,0,0.0,0,0.0,0,0.0,3,0.00980392156862745,306,1.0,SRC_MUNICIPAL_PRORRATEADA,SECCION,COMPLETO
763,19,NUEVO LEON,MONTERREY,,4,1039,405,223,0.5506172839506173,0.44938271604938274,MC,86,0.38565022421524664,18,0.08071748878923767,PRI,68,0.30493273542600896,43,0.19282511210762332,PAN,25,0.11210762331838565,MC,86,0.38565022421524664,18,0.08071748878923767,PRI,68,0.30493273542600896,43,0.19282511210762332,PAN,25,0.11210762331838565,25,0.11210762331838565,68,0.30493273542600896,1,0.004484304932735426,6,0.026905829596412557,1,0.004484304932735426,86,0.38565022421524664,22,0.09865470852017937,0,0.0,2,0.008968609865470852,1,0.004484304932735426,1,0.004484304932735426,0,0.0,1,0.004484304932735426,0,0.0,0,0.0,0,0.0,0,0.0,0,0.0,1,0.004484304932735426,0,0.0,1,0.004484304932735426,0,0.0,0,0.0,0,0.0,7,0.03139013452914798,223,1.0,SRC_MUNICIPAL_PRORRATEADA,SECCION,COMPLETO
764,19,NUEVO LEON,MONTERREY,,4,1047,810,446,0.5506172839506173,0.44938271604938274,PRI,255,0.5717488789237668,142,0.3183856502242152,MC,113,0.2533632286995516,74,0.16591928251121077,PAN,39,0.08744394618834081,PRI,255,0.5717488789237668,142,0.3183856502242152,MC,113,0.2533632286995516,74,0.16591928251121077,PAN,39,0.08744394618834081,39,0.08744394618834081,255,0.5717488789237668,2,0.004484304932735426,3,0.006726457399103139,1,0.002242152466367713,113,0.2533632286995516,23,0.0515695067264574,2,0.004484304932735426,0,0.0,1,0.002242152466367713,2,0.004484304932735426,1,0.002242152466367713,2,0.004484304932735426,0,0.0,0,0.0,0,0.0,0,0.0,0,0.0,1,0.002242152466367713,0,0.0,0,0.0,0,0.0,0,0.0,0,0.0,1,0.002242152466367713,446,1.0,SRC_MUNICIPAL_PRORRATEADA,SECCION,COMPLETO
765,19,NUEVO LEON,MONTERREY,,4,1052,527,290,0.5502846299810247,0.4497153700189753,PRI,111,0.38275862068965516,5,0.017241379310344827,MC,106,0.36551724137931035,59,0.20344827586206896,PAN,47,0.16206896551724137,PRI,111,0.38275862068965516,5,0.017241379310344827,MC,106,0.36551724137931035,59,0.20344827586206896,PAN,47,0.16206896551724137,47,0.16206896551724137,111,0.38275862068965516,2,0.006896551724137931,0,0.0,1,0.0034482758620689655,106,0.36551724137931035,15,0.05172413793103448,1,0.0034482758620689655,1,0.0034482758620689655,1,0.0034482758620689655,0,0.0,1,0.0034482758620689655,2,0.006896551724137931,0,0.0,0,0.0,0,0.0,0,0.0,0,0.0,0,0.0,0,0.0,0,0.0,0,0.0,0,0.0,0,0.0,2,0.006896551724137931,290,1.0,SRC_MUNICIPAL_PRORRATEADA,SECCION,COMPLETO
766,19,NUEVO LEON,MONTERREY,,4,1055,507,279,0.5502958579881657,0.4497041420118343,MC,107,0.3835125448028674,21,0.07526881720430108,PRI,86,0.30824372759856633,39,0.13978494623655913,PAN,47,0.16845878136200718,MC,107,0.3835125448028674,21,0.07526881720430108,PRI,86,0.30824372759856633,39,0.13978494623655913,PAN,47,0.16845878136200718,47,0.16845878136200718,86,0.30824372759856633,0,0.0,1,0.0035842293906810036,0,0.0,107,0.3835125448028674,30,0.10752688172043011,2,0.007168458781362007,1,0.0035842293906810036,0,0.0,2,0.007168458781362007,0,0.0,0,0.0,0,0.0,0,0.0,0,0.0,0,0.0,0,0.0,0,0.0,0,0.0,1,0.0035842293906810036,0,0.0,0,0.0,0,0.0,2,0.007168458781362007,279,1.0,SRC_MUNICIPAL_PRORRATEADA,SECCION,COMPLETO
767,19,NUEVO LEON,MONTERREY,,4,1057,369,203,0.5501355013550135,0.44986449864498645,PRI,97,0.47783251231527096,39,0.1921182266009852,MC,58,0.2857142857142857,36,0.17733990147783252,PAN,22,0.10837438423645321,PRI,97,0.47783251231527096,39,0.1921182266009852,MC,58,0.2857142857142857,36,0.17733990147783252,PAN,22,0.10837438423645321,22,0.10837438423645321,97,0.47783251231527096,0,0.0,1,0.0049261083743842365,2,0.009852216748768473,58,0.2857142857142857,14,0.06896551724137931,2,0.009852216748768473,0,0.0,0,0.0,1,0.0049261083743842365,2,0.009852216748768473,0,0.0,0,0.0,0,0.0,0,0.0,0,0.0,0,0.0,0,0.0,0,0.0,0,0.0,0,0.0,0,0.0,0,0.0,4,0.019704433497536946,203,1.0,SRC_MUNICIPAL_PRORRATEADA,SECCION,COMPLETO
768,19,NUEVO LEON,MONTERREY,,4,1059,521,287,0.5508637236084453,0.44913627639155473,PRI,110,0.3832752613240418,11,0.03832752613240418,MC,99,0.34494773519163763,70,0.24390243902439024,MORENA,29,0.10104529616724739,PRI,110,0.3832752613240418,11,0.03832752613240418,MC,99,0.34494773519163763,70,0.24390243902439024,MORENA,29,0.10104529616724739,25,0.08710801393728224,110,0.3832752613240418,1,0.003484320557491289,8,0.027874564459930314,5,0.017421602787456445,99,0.34494773519163763,29,0.10104529616724739,3,0.010452961672473868,0,0.0,0,0.0,1,0.003484320557491289,0,0.0,0,0.0,1,0.003484320557491289,0,0.0,0,0.0,0,0.0,0,0.0,0,0.0,0,0.0,0,0.0,0,0.0,0,0.0,0,0.0,5,0.017421602787456445,287,1.0,SRC_MUNICIPAL_PRORRATEADA,SECCION,COMPLETO
769,19,NUEVO LEON,MONTERREY,,4,1063,572,315,0.5506993006993007,0.44930069930069927,MC,114,0.3619047619047619,6,0.01904761904761905,PRI,108,0.34285714285714286,66,0.20952380952380953,PAN,42,0.13333333333333333,MC,114,0.3619047619047619,6,0.01904761904761905,PRI,108,0.34285714285714286,66,0.20952380952380953,PAN,42,0.13333333333333333,42,0.13333333333333333,108,0.34285714285714286,2,0.006349206349206349,3,0.009523809523809525,2,0.006349206349206349,114,0.3619047619047619,31,0.09841269841269841,0,0.0,0,0.0,1,0.0031746031746031746,1,0.0031746031746031746,1,0.0031746031746031746,0,0.0,0,0.0,0,0.0,0,0.0,0,0.0,0,0.0,0,0.0,0,0.0,2,0.006349206349206349,0,0.0,0,0.0,1,0.0031746031746031746,7,0.022222222222222223,315,1.0,SRC_MUNICIPAL_PRORRATEADA,SECCION,COMPLETO
770,19,NUEVO LEON,MONTERREY,,4,1064,545,300,0.5504587155963303,0.4495412844036697,PRI,113,0.37666666666666665,4,0.013333333333333334,MC,109,0.36333333333333334,77,0.25666666666666665,PAN,32,0.10666666666666667,PRI,113,0.37666666666666665,4,0.013333333333333334,MC,109,0.36333333333333334,77,0.25666666666666665,PAN,32,0.10666666666666667,32,0.10666666666666667,113,0.37666666666666665,1,0.0033333333333333335,4,0.013333333333333334,2,0.006666666666666667,109,0.36333333333333334,27,0.09,0,0.0,1,0.0033333333333333335,1,0.0033333333333333335,1,0.0033333333333333335,0,0.0,0,0.0,0,0.0,0,0.0,0,0.0,0,0.0,0,0.0,0,0.0,0,0.0,0,0.0,0,0.0,0,0.0,0,0.0,9,0.03,300,1.0,SRC_MUNICIPAL_PRORRATEADA,SECCION,COMPLETO
771,19,NUEVO LEON,MONTERREY,,4,1065,1602,882,0.550561797752809,0.449438202247191,PRI,337,0.3820861678004535,40,0.045351473922902494,MC,297,0.336734693877551,191,0.2165532879818594,MORENA,106,0.12018140589569161,PRI,337,0.3820861678004535,40,0.045351473922902494,MC,297,0.336734693877551,191,0.2165532879818594,MORENA,106,0.12018140589569161,81,0.09183673469387756,337,0.3820861678004535,2,0.0022675736961451248,6,0.006802721088435374,15,0.017006802721088437,297,0.336734693877551,106,0.12018140589569161,2,0.0022675736961451248,1,0.0011337868480725624,3,0.003401360544217687,4,0.0045351473922902496,3,0.003401360544217687,0,0.0,0,0.0,0,0.0,0,0.0,0,0.0,0,0.0,0,0.0,0,0.0,0,0.0,0,0.0,0,0.0,0,0.0,25,0.02834467120181406,882,1.0,SRC_MUNICIPAL_PRORRATEADA,SECCION,COMPLETO
772,19,NUEVO LEON,MONTERREY,,4,1066,574,316,0.5505226480836237,0.4494773519163763,MC,141,0.4462025316455696,55,0.17405063291139242,PRI,86,0.2721518987341772,52,0.16455696202531644,PAN,34,0.10759493670886076,MC,141,0.4462025316455696,55,0.17405063291139242,PRI,86,0.2721518987341772,52,0.16455696202531644,PAN,34,0.10759493670886076,34,0.10759493670886076,86,0.2721518987341772,5,0.015822784810126583,3,0.00949367088607595,4,0.012658227848101266,141,0.4462025316455696,30,0.0949367088607595,1,0.0031645569620253164,1,0.0031645569620253164,0,0.0,3,0.00949367088607595,0,0.0,0,0.0,0,0.0,0,0.0,0,0.0,1,0.0031645569620253164,0,0.0,0,0.0,0,0.0,0,0.0,0,0.0,0,0.0,0,0.0,7,0.022151898734177215,316,1.0,SRC_MUNICIPAL_PRORRATEADA,SECCION,COMPLETO
773,19,NUEVO LEON,MONTERREY,,4,1068,638,351,0.5501567398119123,0.44984326018808773,MC,119,0.33903133903133903,11,0.03133903133903134,PRI,108,0.3076923076923077,47,0.1339031339031339,PAN,61,0.1737891737891738,MC,119,0.33903133903133903,11,0.03133903133903134,PRI,108,0.3076923076923077,47,0.1339031339031339,PAN,61,0.1737891737891738,61,0.1737891737891738,108,0.3076923076923077,2,0.005698005698005698,2,0.005698005698005698,3,0.008547008547008548,119,0.33903133903133903,37,0.10541310541310542,2,0.005698005698005698,0,0.0,0,0.0,4,0.011396011396011397,0,0.0,0,0.0,0,0.0,0,0.0,0,0.0,0,0.0,0,0.0,2,0.005698005698005698,0,0.0,1,0.002849002849002849,0,0.0,0,0.0,0,0.0,10,0.02849002849002849,351,1.0,SRC_MUNICIPAL_PRORRATEADA,SECCION,COMPLETO
774,19,NUEVO LEON,MONTERREY,,4,1069,454,250,0.5506607929515418,0.4493392070484582,PRI,95,0.38,10,0.04,MC,85,0.34,50,0.2,PAN,35,0.14,PRI,95,0.38,10,0.04,MC,85,0.34,50,0.2,PAN,35,0.14,35,0.14,95,0.38,1,0.004,1,0.004,3,0.012,85,0.34,19,0.076,0,0.0,1,0.004,1,0.004,0,0.0,1,0.004,1,0.004,0,0.0,0,0.0,0,0.0,0,0.0,0,0.0,0,0.0,0,0.0,0,0.0,0,0.0,0,0.0,0,0.0,7,0.028,250,1.0,SRC_MUNICIPAL_PRORRATEADA,SECCION,COMPLETO
775,19,NUEVO LEON,MONTERREY,,4,1073,663,365,0.55052790346908,0.44947209653092,MC,158,0.4328767123287671,50,0.136986301369863,PRI,108,0.2958904109589041,50,0.136986301369863,PAN,58,0.1589041095890411,MC,158,0.4328767123287671,50,0.136986301369863,PRI,108,0.2958904109589041,50,0.136986301369863,PAN,58,0.1589041095890411,58,0.1589041095890411,108,0.2958904109589041,1,0.0027397260273972603,2,0.005479452054794521,3,0.00821917808219178,158,0.4328767123287671,23,0.06301369863013699,1,0.0027397260273972603,2,0.005479452054794521,1,0.0027397260273972603,2,0.005479452054794521,0,0.0,0,0.0,0,0.0,0,0.0,0,0.0,0,0.0,0,0.0,0,0.0,0,0.0,1,0.0027397260273972603,0,0.0,1,0.0027397260273972603,1,0.0027397260273972603,3,0.00821917808219178,365,1.0,SRC_MUNICIPAL_PRORRATEADA,SECCION,COMPLETO
776,19,NUEVO LEON,MONTERREY,,4,1074,656,361,0.5503048780487805,0.4496951219512195,MC,128,0.3545706371191136,2,0.00554016620498615,PRI,126,0.3490304709141274,70,0.19390581717451524,PAN,56,0.15512465373961218,MC,128,0.3545706371191136,2,0.00554016620498615,PRI,126,0.3490304709141274,70,0.19390581717451524,PAN,56,0.15512465373961218,56,0.15512465373961218,126,0.3490304709141274,1,0.002770083102493075,2,0.00554016620498615,2,0.00554016620498615,128,0.3545706371191136,32,0.0886426592797784,0,0.0,1,0.002770083102493075,1,0.002770083102493075,2,0.00554016620498615,1,0.002770083102493075,0,0.0,0,0.0,0,0.0,0,0.0,0,0.0,0,0.0,0,0.0,0,0.0,1,0.002770083102493075,0,0.0,1,0.002770083102493075,1,0.002770083102493075,6,0.01662049861495845,361,1.0,SRC_MUNICIPAL_PRORRATEADA,SECCION,COMPLETO
777,19,NUEVO LEON,MONTERREY,,4,1084,776,427,0.5502577319587629,0.44974226804123707,PRI,208,0.48711943793911006,49,0.11475409836065574,MC,159,0.37236533957845436,123,0.28805620608899296,PAN,36,0.08430913348946135,PRI,208,0.48711943793911006,49,0.11475409836065574,MC,159,0.37236533957845436,123,0.28805620608899296,PAN,36,0.08430913348946135,36,0.08430913348946135,208,0.48711943793911006,0,0.0,0,0.0,0,0.0,159,0.37236533957845436,13,0.03044496487119438,0,0.0,0,0.0,1,0.00234192037470726,3,0.00702576112412178,1,0.00234192037470726,0,0.0,1,0.00234192037470726,0,0.0,0,0.0,0,0.0,0,0.0,0,0.0,0,0.0,0,0.0,0,0.0,0,0.0,1,0.00234192037470726,4,0.00936768149882904,427,1.0,SRC_MUNICIPAL_PRORRATEADA,SECCION,COMPLETO
778,19,NUEVO LEON,MONTERREY,,4,1087,848,467,0.5507075471698113,0.4492924528301887,PRI,193,0.4132762312633833,5,0.010706638115631691,MC,188,0.4025695931477516,138,0.2955032119914347,PAN,50,0.10706638115631692,PRI,193,0.4132762312633833,5,0.010706638115631691,MC,188,0.4025695931477516,138,0.2955032119914347,PAN,50,0.10706638115631692,50,0.10706638115631692,193,0.4132762312633833,2,0.004282655246252677,1,0.0021413276231263384,1,0.0021413276231263384,188,0.4025695931477516,19,0.04068522483940043,1,0.0021413276231263384,0,0.0,1,0.0021413276231263384,2,0.004282655246252677,1,0.0021413276231263384,0,0.0,0,0.0,0,0.0,0,0.0,0,0.0,0,0.0,0,0.0,0,0.0,0,0.0,0,0.0,0,0.0,1,0.0021413276231263384,7,0.014989293361884369,467,1.0,SRC_MUNICIPAL_PRORRATEADA,SECCION,COMPLETO
779,19,NUEVO LEON,MONTERREY,,4,1090,1006,554,0.5506958250497018,0.4493041749502982,MC,266,0.48014440433212996,48,0.08664259927797834,PRI,218,0.3935018050541516,168,0.30324909747292417,PAN,50,0.09025270758122744,MC,266,0.48014440433212996,48,0.08664259927797834,PRI,218,0.3935018050541516,168,0.30324909747292417,PAN,50,0.09025270758122744,50,0.09025270758122744,218,0.3935018050541516,2,0.0036101083032490976,2,0.0036101083032490976,0,0.0,266,0.48014440433212996,12,0.021660649819494584,0,0.0,0,0.0,0,0.0,2,0.0036101083032490976,1,0.0018050541516245488,0,0.0,0,0.0,0,0.0,0,0.0,0,0.0,0,0.0,0,0.0,0,0.0,0,0.0,0,0.0,0,0.0,1,0.0018050541516245488,0,0.0,554,1.0,SRC_MUNICIPAL_PRORRATEADA,SECCION,COMPLETO
780,19,NUEVO LEON,MONTERREY,,4,1091,1965,1082,0.5506361323155217,0.44936386768447834,MC,514,0.47504621072088726,85,0.07855822550831792,PRI,429,0.39648798521256934,328,0.3031423290203327,PAN,101,0.0933456561922366,MC,514,0.47504621072088726,85,0.07855822550831792,PRI,429,0.39648798521256934,328,0.3031423290203327,PAN,101,0.0933456561922366,101,0.0933456561922366,429,0.39648798521256934,2,0.0018484288354898336,3,0.0027726432532347504,0,0.0,514,0.47504621072088726,22,0.02033271719038817,1,0.0009242144177449168,1,0.0009242144177449168,0,0.0,3,0.0027726432532347504,2,0.0018484288354898336,0,0.0,0,0.0,0,0.0,0,0.0,0,0.0,0,0.0,0,0.0,0,0.0,0,0.0,0,0.0,0,0.0,0,0.0,4,0.0036968576709796672,1082,1.0,SRC_MUNICIPAL_PRORRATEADA,SECCION,COMPLETO
781,19,NUEVO LEON,MONTERREY,,4,1092,2176,1198,0.5505514705882353,0.4494485294117647,MC,595,0.496661101836394,161,0.1343906510851419,PRI,434,0.3622704507512521,306,0.25542570951585974,PAN,128,0.10684474123539232,MC,595,0.496661101836394,161,0.1343906510851419,PRI,434,0.3622704507512521,306,0.25542570951585974,PAN,128,0.10684474123539232,128,0.10684474123539232,434,0.3622704507512521,3,0.0025041736227045075,2,0.001669449081803005,0,0.0,595,0.496661101836394,22,0.018363939899833055,0,0.0,0,0.0,1,0.0008347245409015025,1,0.0008347245409015025,5,0.004173622704507512,0,0.0,0,0.0,0,0.0,0,0.0,0,0.0,0,0.0,0,0.0,0,0.0,1,0.0008347245409015025,0,0.0,0,0.0,0,0.0,6,0.005008347245409015,1198,1.0,SRC_MUNICIPAL_PRORRATEADA,SECCION,COMPLETO
782,19,NUEVO LEON,MONTERREY,,4,1093,728,401,0.5508241758241759,0.44917582417582413,MC,185,0.4613466334164589,35,0.08728179551122195,PRI,150,0.3740648379052369,100,0.24937655860349128,PAN,50,0.12468827930174564,MC,185,0.4613466334164589,35,0.08728179551122195,PRI,150,0.3740648379052369,100,0.24937655860349128,PAN,50,0.12468827930174564,50,0.12468827930174564,150,0.3740648379052369,0,0.0,1,0.0024937655860349127,0,0.0,185,0.4613466334164589,14,0.034912718204488775,0,0.0,0,0.0,0,0.0,0,0.0,0,0.0,0,0.0,0,0.0,0,0.0,0,0.0,0,0.0,0,0.0,0,0.0,0,0.0,0,0.0,0,0.0,0,0.0,0,0.0,1,0.0024937655860349127,401,1.0,SRC_MUNICIPAL_PRORRATEADA,SECCION,COMPLETO
783,19,NUEVO LEON,MONTERREY,,4,1096,797,439,0.5508155583437893,0.44918444165621074,MC,187,0.42596810933940776,6,0.01366742596810934,PRI,181,0.4123006833712984,142,0.3234624145785877,PAN,39,0.0888382687927107,MC,187,0.42596810933940776,6,0.01366742596810934,PRI,181,0.4123006833712984,142,0.3234624145785877,PAN,39,0.0888382687927107,39,0.0888382687927107,181,0.4123006833712984,1,0.002277904328018223,2,0.004555808656036446,0,0.0,187,0.42596810933940776,18,0.04100227790432802,0,0.0,0,0.0,0,0.0,2,0.004555808656036446,2,0.004555808656036446,0,0.0,0,0.0,0,0.0,0,0.0,0,0.0,0,0.0,0,0.0,0,0.0,0,0.0,0,0.0,0,0.0,0,0.0,7,0.015945330296127564,439,1.0,SRC_MUNICIPAL_PRORRATEADA,SECCION,COMPLETO
784,19,NUEVO LEON,MONTERREY,,4,1097,699,385,0.5507868383404864,0.44921316165951364,PRI,177,0.4597402597402597,6,0.015584415584415584,MC,171,0.44415584415584414,150,0.38961038961038963,PAN,21,0.05454545454545454,PRI,177,0.4597402597402597,6,0.015584415584415584,MC,171,0.44415584415584414,150,0.38961038961038963,PAN,21,0.05454545454545454,21,0.05454545454545454,177,0.4597402597402597,2,0.005194805194805195,0,0.0,1,0.0025974025974025974,171,0.44415584415584414,4,0.01038961038961039,0,0.0,1,0.0025974025974025974,0,0.0,1,0.0025974025974025974,3,0.007792207792207792,0,0.0,0,0.0,0,0.0,0,0.0,0,0.0,0,0.0,0,0.0,0,0.0,0,0.0,0,0.0,0,0.0,1,0.0025974025974025974,3,0.007792207792207792,385,1.0,SRC_MUNICIPAL_PRORRATEADA,SECCION,COMPLETO
785,19,NUEVO LEON,MONTERREY,,4,1098,1511,832,0.5506287227001986,0.4493712772998014,MC,401,0.48197115384615385,99,0.11899038461538461,PRI,302,0.3629807692307692,228,0.27403846153846156,PAN,74,0.0889423076923077,MC,401,0.48197115384615385,99,0.11899038461538461,PRI,302,0.3629807692307692,228,0.27403846153846156,PAN,74,0.0889423076923077,74,0.0889423076923077,302,0.3629807692307692,3,0.003605769230769231,4,0.004807692307692308,1,0.001201923076923077,401,0.48197115384615385,26,0.03125,1,0.001201923076923077,5,0.006009615384615385,0,0.0,2,0.002403846153846154,1,0.001201923076923077,1,0.001201923076923077,2,0.002403846153846154,0,0.0,0,0.0,1,0.001201923076923077,0,0.0,0,0.0,0,0.0,1,0.001201923076923077,0,0.0,0,0.0,0,0.0,7,0.008413461538461538,832,1.0,SRC_MUNICIPAL_PRORRATEADA,SECCION,COMPLETO
786,19,NUEVO LEON,MONTERREY,,4,1100,539,297,0.5510204081632653,0.44897959183673475,MC,140,0.4713804713804714,35,0.11784511784511785,PRI,105,0.35353535353535354,71,0.23905723905723905,PAN,34,0.11447811447811448,MC,140,0.4713804713804714,35,0.11784511784511785,PRI,105,0.35353535353535354,71,0.23905723905723905,PAN,34,0.11447811447811448,34,0.11447811447811448,105,0.35353535353535354,0,0.0,0,0.0,0,0.0,140,0.4713804713804714,10,0.03367003367003367,1,0.003367003367003367,0,0.0,1,0.003367003367003367,0,0.0,0,0.0,0,0.0,0,0.0,0,0.0,0,0.0,0,0.0,0,0.0,0,0.0,0,0.0,0,0.0,0,0.0,0,0.0,0,0.0,6,0.020202020202020204,297,1.0,SRC_MUNICIPAL_PRORRATEADA,SECCION,COMPLETO
787,19,NUEVO LEON,MONTERREY,,4,1102,525,289,0.5504761904761905,0.44952380952380955,PRI,104,0.35986159169550175,4,0.01384083044982699,MC,100,0.3460207612456747,63,0.2179930795847751,PAN,37,0.12802768166089964,PRI,104,0.35986159169550175,4,0.01384083044982699,MC,100,0.3460207612456747,63,0.2179930795847751,PAN,37,0.12802768166089964,37,0.12802768166089964,104,0.35986159169550175,1,0.0034602076124567475,0,0.0,1,0.0034602076124567475,100,0.3460207612456747,35,0.12110726643598616,2,0.006920415224913495,0,0.0,1,0.0034602076124567475,2,0.006920415224913495,1,0.0034602076124567475,0,0.0,0,0.0,0,0.0,0,0.0,0,0.0,0,0.0,0,0.0,0,0.0,0,0.0,0,0.0,0,0.0,1,0.0034602076124567475,4,0.01384083044982699,289,1.0,SRC_MUNICIPAL_PRORRATEADA,SECCION,COMPLETO
788,19,NUEVO LEON,MONTERREY,,4,1103,699,385,0.5507868383404864,0.44921316165951364,PRI,176,0.45714285714285713,75,0.19480519480519481,MC,101,0.2623376623376623,52,0.13506493506493505,PAN,49,0.12727272727272726,PRI,176,0.45714285714285713,75,0.19480519480519481,MC,101,0.2623376623376623,52,0.13506493506493505,PAN,49,0.12727272727272726,49,0.12727272727272726,176,0.45714285714285713,1,0.0025974025974025974,5,0.012987012987012988,4,0.01038961038961039,101,0.2623376623376623,41,0.10649350649350649,0,0.0,0,0.0,0,0.0,2,0.005194805194805195,0,0.0,0,0.0,0,0.0,0,0.0,0,0.0,0,0.0,0,0.0,0,0.0,0,0.0,1,0.0025974025974025974,0,0.0,0,0.0,0,0.0,5,0.012987012987012988,385,1.0,SRC_MUNICIPAL_PRORRATEADA,SECCION,COMPLETO
789,19,NUEVO LEON,MONTERREY,,4,1104,311,171,0.5498392282958199,0.4501607717041801,MC,67,0.391812865497076,1,0.005847953216374269,PRI,66,0.38596491228070173,47,0.27485380116959063,PAN,19,0.1111111111111111,MC,67,0.391812865497076,1,0.005847953216374269,PRI,66,0.38596491228070173,47,0.27485380116959063,PAN,19,0.1111111111111111,19,0.1111111111111111,66,0.38596491228070173,2,0.011695906432748537,0,0.0,0,0.0,67,0.391812865497076,12,0.07017543859649122,0,0.0,0,0.0,0,0.0,3,0.017543859649122806,0,0.0,0,0.0,0,0.0,0,0.0,0,0.0,0,0.0,0,0.0,0,0.0,0,0.0,0,0.0,0,0.0,0,0.0,0,0.0,2,0.011695906432748537,171,1.0,SRC_MUNICIPAL_PRORRATEADA,SECCION,COMPLETO
790,19,NUEVO LEON,MONTERREY,,4,1108,567,312,0.5502645502645502,0.44973544973544977,PRI,124,0.3974358974358974,19,0.060897435897435896,MC,105,0.33653846153846156,70,0.22435897435897437,PAN,35,0.11217948717948718,PRI,124,0.3974358974358974,19,0.060897435897435896,MC,105,0.33653846153846156,70,0.22435897435897437,PAN,35,0.11217948717948718,35,0.11217948717948718,124,0.3974358974358974,0,0.0,1,0.003205128205128205,1,0.003205128205128205,105,0.33653846153846156,31,0.09935897435897435,3,0.009615384615384616,0,0.0,1,0.003205128205128205,3,0.009615384615384616,0,0.0,0,0.0,0,0.0,0,0.0,0,0.0,0,0.0,0,0.0,0,0.0,0,0.0,2,0.00641025641025641,0,0.0,0,0.0,0,0.0,6,0.019230769230769232,312,1.0,SRC_MUNICIPAL_PRORRATEADA,SECCION,COMPLETO
791,19,NUEVO LEON,MONTERREY,,4,1113,418,230,0.5502392344497608,0.44976076555023925,MC,86,0.3739130434782609,10,0.043478260869565216,PRI,76,0.33043478260869563,40,0.17391304347826086,PAN,36,0.1565217391304348,MC,86,0.3739130434782609,10,0.043478260869565216,PRI,76,0.33043478260869563,40,0.17391304347826086,PAN,36,0.1565217391304348,36,0.1565217391304348,76,0.33043478260869563,2,0.008695652173913044,1,0.004347826086956522,1,0.004347826086956522,86,0.3739130434782609,20,0.08695652173913043,1,0.004347826086956522,0,0.0,0,0.0,1,0.004347826086956522,1,0.004347826086956522,2,0.008695652173913044,0,0.0,0,0.0,0,0.0,0,0.0,0,0.0,0,0.0,0,0.0,0,0.0,0,0.0,0,0.0,0,0.0,3,0.013043478260869565,230,1.0,SRC_MUNICIPAL_PRORRATEADA,SECCION,COMPLETO
792,19,NUEVO LEON,MONTERREY,,4,1119,142,78,0.5492957746478874,0.45070422535211263,PRI,35,0.44871794871794873,19,0.24358974358974358,PAN,16,0.20512820512820512,0,0.0,MC,16,0.20512820512820512,PRI,35,0.44871794871794873,19,0.24358974358974358,PAN,16,0.20512820512820512,0,0.0,MC,16,0.20512820512820512,16,0.20512820512820512,35,0.44871794871794873,0,0.0,0,0.0,0,0.0,16,0.20512820512820512,4,0.05128205128205128,2,0.02564102564102564,2,0.02564102564102564,0,0.0,2,0.02564102564102564,0,0.0,0,0.0,0,0.0,0,0.0,0,0.0,0,0.0,0,0.0,0,0.0,0,0.0,0,0.0,0,0.0,0,0.0,0,0.0,1,0.01282051282051282,78,1.0,SRC_MUNICIPAL_PRORRATEADA,SECCION,COMPLETO
793,19,NUEVO LEON,MONTERREY,,4,1120,443,244,0.5507900677200903,0.4492099322799097,MC,98,0.4016393442622951,22,0.09016393442622951,PRI,76,0.3114754098360656,34,0.13934426229508196,PAN,42,0.1721311475409836,MC,98,0.4016393442622951,22,0.09016393442622951,PRI,76,0.3114754098360656,34,0.13934426229508196,PAN,42,0.1721311475409836,42,0.1721311475409836,76,0.3114754098360656,0,0.0,0,0.0,1,0.004098360655737705,98,0.4016393442622951,20,0.08196721311475409,1,0.004098360655737705,2,0.00819672131147541,0,0.0,2,0.00819672131147541,0,0.0,1,0.004098360655737705,0,0.0,0,0.0,0,0.0,0,0.0,0,0.0,0,0.0,0,0.0,0,0.0,0,0.0,0,0.0,1,0.004098360655737705,0,0.0,244,1.0,SRC_MUNICIPAL_PRORRATEADA,SECCION,COMPLETO
794,19,NUEVO LEON,MONTERREY,,4,1121,661,364,0.5506807866868382,0.4493192133131618,PRI,138,0.3791208791208791,11,0.03021978021978022,MC,127,0.3489010989010989,73,0.20054945054945056,PAN,54,0.14835164835164835,PRI,138,0.3791208791208791,11,0.03021978021978022,MC,127,0.3489010989010989,73,0.20054945054945056,PAN,54,0.14835164835164835,54,0.14835164835164835,138,0.3791208791208791,5,0.013736263736263736,1,0.0027472527472527475,1,0.0027472527472527475,127,0.3489010989010989,20,0.054945054945054944,0,0.0,4,0.01098901098901099,0,0.0,2,0.005494505494505495,1,0.0027472527472527475,1,0.0027472527472527475,0,0.0,0,0.0,0,0.0,0,0.0,0,0.0,0,0.0,0,0.0,0,0.0,0,0.0,0,0.0,0,0.0,10,0.027472527472527472,364,1.0,SRC_MUNICIPAL_PRORRATEADA,SECCION,COMPLETO
795,19,NUEVO LEON,MONTERREY,,4,1122,743,409,0.550471063257066,0.44952893674293404,PRI,160,0.39119804400978,20,0.0488997555012225,MC,140,0.3422982885085575,83,0.20293398533007334,PAN,57,0.1393643031784841,PRI,160,0.39119804400978,20,0.0488997555012225,MC,140,0.3422982885085575,83,0.20293398533007334,PAN,57,0.1393643031784841,57,0.1393643031784841,160,0.39119804400978,2,0.004889975550122249,0,0.0,3,0.007334963325183374,140,0.3422982885085575,21,0.05134474327628362,1,0.0024449877750611247,2,0.004889975550122249,0,0.0,6,0.014669926650366748,2,0.004889975550122249,1,0.0024449877750611247,0,0.0,0,0.0,0,0.0,0,0.0,0,0.0,0,0.0,0,0.0,0,0.0,0,0.0,0,0.0,1,0.0024449877750611247,13,0.03178484107579462,409,1.0,SRC_MUNICIPAL_PRORRATEADA,SECCION,COMPLETO
796,19,NUEVO LEON,MONTERREY,,4,1126,1075,592,0.5506976744186046,0.4493023255813954,MC,229,0.38682432432432434,44,0.07432432432432433,PRI,185,0.3125,89,0.15033783783783783,PAN,96,0.16216216216216217,MC,229,0.38682432432432434,44,0.07432432432432433,PRI,185,0.3125,89,0.15033783783783783,PAN,96,0.16216216216216217,96,0.16216216216216217,185,0.3125,2,0.0033783783783783786,5,0.008445945945945946,7,0.011824324324324325,229,0.38682432432432434,44,0.07432432432432433,4,0.006756756756756757,4,0.006756756756756757,2,0.0033783783783783786,2,0.0033783783783783786,1,0.0016891891891891893,0,0.0,0,0.0,0,0.0,0,0.0,0,0.0,0,0.0,0,0.0,0,0.0,0,0.0,0,0.0,0,0.0,0,0.0,11,0.018581081081081082,592,1.0,SRC_MUNICIPAL_PRORRATEADA,SECCION,COMPLETO
797,19,NUEVO LEON,MONTERREY,,4,1128,572,315,0.5506993006993007,0.44930069930069927,MC,135,0.42857142857142855,12,0.0380952380952381,PRI,123,0.3904761904761905,95,0.30158730158730157,PAN,28,0.08888888888888889,MC,135,0.42857142857142855,12,0.0380952380952381,PRI,123,0.3904761904761905,95,0.30158730158730157,PAN,28,0.08888888888888889,28,0.08888888888888889,123,0.3904761904761905,1,0.0031746031746031746,0,0.0,1,0.0031746031746031746,135,0.42857142857142855,18,0.05714285714285714,1,0.0031746031746031746,1,0.0031746031746031746,0,0.0,3,0.009523809523809525,1,0.0031746031746031746,1,0.0031746031746031746,0,0.0,0,0.0,0,0.0,0,0.0,0,0.0,0,0.0,0,0.0,0,0.0,0,0.0,0,0.0,0,0.0,2,0.006349206349206349,315,1.0,SRC_MUNICIPAL_PRORRATEADA,SECCION,COMPLETO
798,19,NUEVO LEON,MONTERREY,,4,1129,618,340,0.5501618122977346,0.44983818770226536,MC,163,0.47941176470588237,54,0.1588235294117647,PRI,109,0.3205882352941177,68,0.2,PAN,41,0.12058823529411765,MC,163,0.47941176470588237,54,0.1588235294117647,PRI,109,0.3205882352941177,68,0.2,PAN,41,0.12058823529411765,41,0.12058823529411765,109,0.3205882352941177,1,0.0029411764705882353,0,0.0,2,0.0058823529411764705,163,0.47941176470588237,19,0.05588235294117647,0,0.0,0,0.0,0,0.0,1,0.0029411764705882353,0,0.0,0,0.0,0,0.0,0,0.0,0,0.0,0,0.0,0,0.0,0,0.0,0,0.0,0,0.0,0,0.0,0,0.0,0,0.0,4,0.011764705882352941,340,1.0,SRC_MUNICIPAL_PRORRATEADA,SECCION,COMPLETO
799,19,NUEVO LEON,MONTERREY,,4,1130,721,397,0.550624133148405,0.44937586685159503,PRI,170,0.4282115869017632,3,0.007556675062972292,MC,167,0.42065491183879095,138,0.34760705289672544,PAN,29,0.07304785894206549,PRI,170,0.4282115869017632,3,0.007556675062972292,MC,167,0.42065491183879095,138,0.34760705289672544,PAN,29,0.07304785894206549,29,0.07304785894206549,170,0.4282115869017632,2,0.005037783375314861,4,0.010075566750629723,1,0.0025188916876574307,167,0.42065491183879095,13,0.0327455919395466,1,0.0025188916876574307,0,0.0,0,0.0,3,0.007556675062972292,3,0.007556675062972292,0,0.0,0,0.0,0,0.0,0,0.0,0,0.0,0,0.0,0,0.0,0,0.0,0,0.0,0,0.0,0,0.0,1,0.0025188916876574307,3,0.007556675062972292,397,1.0,SRC_MUNICIPAL_PRORRATEADA,SECCION,COMPLETO
800,19,NUEVO LEON,MONTERREY,,4,1205,501,276,0.5508982035928144,0.4491017964071856,PRI,115,0.4166666666666667,34,0.12318840579710146,MC,81,0.29347826086956524,45,0.16304347826086957,MORENA,36,0.13043478260869565,PRI,115,0.4166666666666667,34,0.12318840579710146,MC,81,0.29347826086956524,45,0.16304347826086957,MORENA,36,0.13043478260869565,35,0.12681159420289856,115,0.4166666666666667,0,0.0,1,0.0036231884057971015,0,0.0,81,0.29347826086956524,36,0.13043478260869565,1,0.0036231884057971015,1,0.0036231884057971015,1,0.0036231884057971015,1,0.0036231884057971015,0,0.0,0,0.0,0,0.0,0,0.0,0,0.0,0,0.0,0,0.0,0,0.0,0,0.0,0,0.0,0,0.0,0,0.0,0,0.0,4,0.014492753623188406,276,1.0,SRC_MUNICIPAL_PRORRATEADA,SECCION,COMPLETO
801,19,NUEVO LEON,MONTERREY,,4,1206,390,215,0.5512820512820513,0.4487179487179487,PRI,85,0.3953488372093023,30,0.13953488372093023,MC,55,0.2558139534883721,24,0.11162790697674418,PAN,31,0.14418604651162792,PRI,85,0.3953488372093023,30,0.13953488372093023,MC,55,0.2558139534883721,24,0.11162790697674418,PAN,31,0.14418604651162792,31,0.14418604651162792,85,0.3953488372093023,0,0.0,2,0.009302325581395349,2,0.009302325581395349,55,0.2558139534883721,25,0.11627906976744186,0,0.0,4,0.018604651162790697,1,0.004651162790697674,3,0.013953488372093023,1,0.004651162790697674,0,0.0,0,0.0,0,0.0,0,0.0,0,0.0,0,0.0,0,0.0,1,0.004651162790697674,2,0.009302325581395349,0,0.0,0,0.0,0,0.0,3,0.013953488372093023,215,1.0,SRC_MUNICIPAL_PRORRATEADA,SECCION,COMPLETO
802,19,NUEVO LEON,MONTERREY,,4,1207,360,198,0.55,0.44999999999999996,PRI,109,0.5505050505050505,56,0.2828282828282828,MC,53,0.2676767676767677,36,0.18181818181818182,PAN,17,0.08585858585858586,PRI,109,0.5505050505050505,56,0.2828282828282828,MC,53,0.2676767676767677,36,0.18181818181818182,PAN,17,0.08585858585858586,17,0.08585858585858586,109,0.5505050505050505,2,0.010101010101010102,0,0.0,0,0.0,53,0.2676767676767677,13,0.06565656565656566,1,0.005050505050505051,0,0.0,0,0.0,1,0.005050505050505051,0,0.0,0,0.0,0,0.0,0,0.0,0,0.0,0,0.0,0,0.0,0,0.0,0,0.0,1,0.005050505050505051,0,0.0,1,0.005050505050505051,0,0.0,0,0.0,198,1.0,SRC_MUNICIPAL_PRORRATEADA,SECCION,COMPLETO
803,19,NUEVO LEON,MONTERREY,,4,1208,416,229,0.5504807692307693,0.4495192307692307,PRI,112,0.4890829694323144,43,0.18777292576419213,MC,69,0.30131004366812225,48,0.2096069868995633,PAN,21,0.09170305676855896,PRI,112,0.4890829694323144,43,0.18777292576419213,MC,69,0.30131004366812225,48,0.2096069868995633,PAN,21,0.09170305676855896,21,0.09170305676855896,112,0.4890829694323144,1,0.004366812227074236,0,0.0,4,0.017467248908296942,69,0.30131004366812225,19,0.08296943231441048,0,0.0,0,0.0,0,0.0,0,0.0,0,0.0,0,0.0,0,0.0,0,0.0,0,0.0,0,0.0,0,0.0,0,0.0,0,0.0,0,0.0,0,0.0,0,0.0,1,0.004366812227074236,2,0.008733624454148471,229,1.0,SRC_MUNICIPAL_PRORRATEADA,SECCION,COMPLETO
804,19,NUEVO LEON,MONTERREY,,4,1220,421,232,0.5510688836104513,0.44893111638954875,MC,90,0.3879310344827586,13,0.05603448275862069,PRI,77,0.33189655172413796,52,0.22413793103448276,PAN,25,0.10775862068965517,MC,90,0.3879310344827586,13,0.05603448275862069,PRI,77,0.33189655172413796,52,0.22413793103448276,PAN,25,0.10775862068965517,25,0.10775862068965517,77,0.33189655172413796,1,0.004310344827586207,2,0.008620689655172414,1,0.004310344827586207,90,0.3879310344827586,25,0.10775862068965517,0,0.0,1,0.004310344827586207,1,0.004310344827586207,1,0.004310344827586207,0,0.0,0,0.0,1,0.004310344827586207,0,0.0,0,0.0,0,0.0,0,0.0,0,0.0,0,0.0,0,0.0,0,0.0,0,0.0,0,0.0,7,0.03017241379310345,232,1.0,SRC_MUNICIPAL_PRORRATEADA,SECCION,COMPLETO
805,19,NUEVO LEON,MONTERREY,,4,1221,654,360,0.5504587155963303,0.4495412844036697,MC,145,0.4027777777777778,14,0.03888888888888889,PRI,131,0.3638888888888889,92,0.25555555555555554,PAN,39,0.10833333333333334,MC,145,0.4027777777777778,14,0.03888888888888889,PRI,131,0.3638888888888889,92,0.25555555555555554,PAN,39,0.10833333333333334,39,0.10833333333333334,131,0.3638888888888889,1,0.002777777777777778,1,0.002777777777777778,8,0.022222222222222223,145,0.4027777777777778,24,0.06666666666666667,1,0.002777777777777778,1,0.002777777777777778,0,0.0,3,0.008333333333333333,0,0.0,0,0.0,0,0.0,0,0.0,0,0.0,0,0.0,0,0.0,0,0.0,0,0.0,0,0.0,0,0.0,0,0.0,0,0.0,6,0.016666666666666666,360,1.0,SRC_MUNICIPAL_PRORRATEADA,SECCION,COMPLETO
806,19,NUEVO LEON,MONTERREY,,4,1225,950,523,0.5505263157894736,0.44947368421052636,PRI,249,0.47609942638623326,92,0.17590822179732313,MC,157,0.30019120458891013,113,0.21606118546845124,PAN,44,0.0841300191204589,PRI,249,0.47609942638623326,92,0.17590822179732313,MC,157,0.30019120458891013,113,0.21606118546845124,PAN,44,0.0841300191204589,44,0.0841300191204589,249,0.47609942638623326,1,0.0019120458891013384,8,0.015296367112810707,5,0.009560229445506692,157,0.30019120458891013,37,0.07074569789674952,1,0.0019120458891013384,3,0.0057361376673040155,2,0.0038240917782026767,1,0.0019120458891013384,2,0.0038240917782026767,0,0.0,0,0.0,0,0.0,0,0.0,0,0.0,0,0.0,0,0.0,0,0.0,3,0.0057361376673040155,0,0.0,0,0.0,0,0.0,10,0.019120458891013385,523,1.0,SRC_MUNICIPAL_PRORRATEADA,SECCION,COMPLETO
807,19,NUEVO LEON,MONTERREY,,4,1226,416,229,0.5504807692307693,0.4495192307692307,PRI,104,0.45414847161572053,51,0.22270742358078602,MC,53,0.2314410480349345,11,0.048034934497816595,PAN,42,0.18340611353711792,PRI,104,0.45414847161572053,51,0.22270742358078602,MC,53,0.2314410480349345,11,0.048034934497816595,PAN,42,0.18340611353711792,42,0.18340611353711792,104,0.45414847161572053,1,0.004366812227074236,2,0.008733624454148471,2,0.008733624454148471,53,0.2314410480349345,16,0.06986899563318777,0,0.0,0,0.0,0,0.0,4,0.017467248908296942,0,0.0,0,0.0,0,0.0,0,0.0,0,0.0,0,0.0,0,0.0,0,0.0,0,0.0,0,0.0,0,0.0,0,0.0,0,0.0,5,0.021834061135371178,229,1.0,SRC_MUNICIPAL_PRORRATEADA,SECCION,COMPLETO
808,19,NUEVO LEON,MONTERREY,,4,1228,423,233,0.5508274231678487,0.4491725768321513,PRI,116,0.4978540772532189,51,0.21888412017167383,MC,65,0.27896995708154504,46,0.19742489270386265,MORENA,19,0.0815450643776824,PRI,116,0.4978540772532189,51,0.21888412017167383,MC,65,0.27896995708154504,46,0.19742489270386265,MORENA,19,0.0815450643776824,14,0.060085836909871244,116,0.4978540772532189,1,0.004291845493562232,2,0.008583690987124463,7,0.030042918454935622,65,0.27896995708154504,19,0.0815450643776824,1,0.004291845493562232,0,0.0,0,0.0,1,0.004291845493562232,0,0.0,0,0.0,0,0.0,0,0.0,1,0.004291845493562232,0,0.0,0,0.0,0,0.0,0,0.0,0,0.0,0,0.0,0,0.0,0,0.0,6,0.02575107296137339,233,1.0,SRC_MUNICIPAL_PRORRATEADA,SECCION,COMPLETO
809,19,NUEVO LEON,MONTERREY,,4,1232,454,250,0.5506607929515418,0.4493392070484582,PRI,97,0.388,20,0.08,MC,77,0.308,42,0.168,MORENA,35,0.14,PRI,97,0.388,20,0.08,MC,77,0.308,42,0.168,MORENA,35,0.14,29,0.116,97,0.388,0,0.0,1,0.004,0,0.0,77,0.308,35,0.14,3,0.012,0,0.0,0,0.0,3,0.012,1,0.004,0,0.0,0,0.0,0,0.0,0,0.0,1,0.004,0,0.0,0,0.0,0,0.0,0,0.0,0,0.0,0,0.0,0,0.0,3,0.012,250,1.0,SRC_MUNICIPAL_PRORRATEADA,SECCION,COMPLETO
810,19,NUEVO LEON,MONTERREY,,4,1239,536,295,0.5503731343283582,0.4496268656716418,PRI,145,0.4915254237288136,67,0.2271186440677966,MC,78,0.26440677966101694,49,0.16610169491525423,PAN,29,0.09830508474576272,PRI,145,0.4915254237288136,67,0.2271186440677966,MC,78,0.26440677966101694,49,0.16610169491525423,PAN,29,0.09830508474576272,29,0.09830508474576272,145,0.4915254237288136,1,0.003389830508474576,0,0.0,5,0.01694915254237288,78,0.26440677966101694,18,0.061016949152542375,0,0.0,0,0.0,1,0.003389830508474576,2,0.006779661016949152,2,0.006779661016949152,1,0.003389830508474576,1,0.003389830508474576,0,0.0,0,0.0,0,0.0,0,0.0,0,0.0,0,0.0,0,0.0,0,0.0,0,0.0,0,0.0,12,0.04067796610169491,295,1.0,SRC_MUNICIPAL_PRORRATEADA,SECCION,COMPLETO
811,19,NUEVO LEON,MONTERREY,,4,1240,341,188,0.5513196480938416,0.4486803519061584,PRI,126,0.6702127659574468,81,0.4308510638297872,MC,45,0.2393617021276596,37,0.19680851063829788,MORENA,8,0.0425531914893617,PRI,126,0.6702127659574468,81,0.4308510638297872,MC,45,0.2393617021276596,37,0.19680851063829788,MORENA,8,0.0425531914893617,6,0.031914893617021274,126,0.6702127659574468,0,0.0,1,0.005319148936170213,2,0.010638297872340425,45,0.2393617021276596,8,0.0425531914893617,0,0.0,0,0.0,0,0.0,0,0.0,0,0.0,0,0.0,0,0.0,0,0.0,0,0.0,0,0.0,0,0.0,0,0.0,0,0.0,0,0.0,0,0.0,0,0.0,0,0.0,0,0.0,188,1.0,SRC_MUNICIPAL_PRORRATEADA,SECCION,COMPLETO
812,19,NUEVO LEON,MONTERREY,,4,1603,638,351,0.5501567398119123,0.44984326018808773,PRI,144,0.41025641025641024,19,0.05413105413105413,MC,125,0.3561253561253561,93,0.26495726495726496,MORENA,32,0.09116809116809117,PRI,144,0.41025641025641024,19,0.05413105413105413,MC,125,0.3561253561253561,93,0.26495726495726496,MORENA,32,0.09116809116809117,27,0.07692307692307693,144,0.41025641025641024,0,0.0,1,0.002849002849002849,3,0.008547008547008548,125,0.3561253561253561,32,0.09116809116809117,1,0.002849002849002849,0,0.0,0,0.0,1,0.002849002849002849,1,0.002849002849002849,1,0.002849002849002849,0,0.0,0,0.0,0,0.0,0,0.0,0,0.0,1,0.002849002849002849,0,0.0,0,0.0,0,0.0,1,0.002849002849002849,0,0.0,13,0.037037037037037035,351,1.0,SRC_MUNICIPAL_PRORRATEADA,SECCION,COMPLETO
813,19,NUEVO LEON,MONTERREY,,4,1604,732,403,0.5505464480874317,0.4494535519125683,PRI,151,0.3746898263027295,3,0.007444168734491315,MC,148,0.36724565756823824,92,0.228287841191067,PAN,56,0.13895781637717122,PRI,151,0.3746898263027295,3,0.007444168734491315,MC,148,0.36724565756823824,92,0.228287841191067,PAN,56,0.13895781637717122,56,0.13895781637717122,151,0.3746898263027295,0,0.0,2,0.004962779156327543,3,0.007444168734491315,148,0.36724565756823824,29,0.07196029776674938,0,0.0,0,0.0,0,0.0,3,0.007444168734491315,2,0.004962779156327543,0,0.0,0,0.0,0,0.0,0,0.0,0,0.0,0,0.0,0,0.0,0,0.0,1,0.0024813895781637717,0,0.0,1,0.0024813895781637717,0,0.0,7,0.017369727047146403,403,1.0,SRC_MUNICIPAL_PRORRATEADA,SECCION,COMPLETO
814,19,NUEVO LEON,MONTERREY,,4,1605,1206,664,0.5505804311774462,0.44941956882255385,MC,274,0.4126506024096386,67,0.10090361445783133,PRI,207,0.3117469879518072,109,0.16415662650602408,PAN,98,0.14759036144578314,MC,274,0.4126506024096386,67,0.10090361445783133,PRI,207,0.3117469879518072,109,0.16415662650602408,PAN,98,0.14759036144578314,98,0.14759036144578314,207,0.3117469879518072,0,0.0,5,0.007530120481927711,5,0.007530120481927711,274,0.4126506024096386,56,0.08433734939759036,3,0.004518072289156626,1,0.0015060240963855422,0,0.0,3,0.004518072289156626,0,0.0,1,0.0015060240963855422,0,0.0,0,0.0,0,0.0,0,0.0,0,0.0,0,0.0,0,0.0,1,0.0015060240963855422,0,0.0,0,0.0,1,0.0015060240963855422,9,0.01355421686746988,664,1.0,SRC_MUNICIPAL_PRORRATEADA,SECCION,COMPLETO
815,19,NUEVO LEON,MONTERREY,,4,1610,1141,628,0.5503943908851884,0.4496056091148116,MC,251,0.3996815286624204,58,0.09235668789808917,PRI,193,0.3073248407643312,104,0.16560509554140126,PAN,89,0.14171974522292993,MC,251,0.3996815286624204,58,0.09235668789808917,PRI,193,0.3073248407643312,104,0.16560509554140126,PAN,89,0.14171974522292993,89,0.14171974522292993,193,0.3073248407643312,1,0.0015923566878980893,3,0.004777070063694267,8,0.012738853503184714,251,0.3996815286624204,56,0.08917197452229299,2,0.0031847133757961785,1,0.0015923566878980893,1,0.0015923566878980893,2,0.0031847133757961785,2,0.0031847133757961785,0,0.0,0,0.0,0,0.0,1,0.0015923566878980893,0,0.0,0,0.0,0,0.0,0,0.0,0,0.0,1,0.0015923566878980893,0,0.0,0,0.0,17,0.027070063694267517,628,1.0,SRC_MUNICIPAL_PRORRATEADA,SECCION,COMPLETO
816,19,NUEVO LEON,MONTERREY,,6,1131,89,49,0.550561797752809,0.449438202247191,PRI,18,0.3673469387755102,0,0.0,MC,18,0.3673469387755102,11,0.22448979591836735,PAN,7,0.14285714285714285,PRI,18,0.3673469387755102,0,0.0,MC,18,0.3673469387755102,11,0.22448979591836735,PAN,7,0.14285714285714285,7,0.14285714285714285,18,0.3673469387755102,0,0.0,0,0.0,0,0.0,18,0.3673469387755102,3,0.061224489795918366,1,0.02040816326530612,0,0.0,0,0.0,1,0.02040816326530612,0,0.0,0,0.0,0,0.0,0,0.0,0,0.0,0,0.0,0,0.0,0,0.0,0,0.0,0,0.0,0,0.0,0,0.0,0,0.0,1,0.02040816326530612,49,1.0,SRC_MUNICIPAL_PRORRATEADA,SECCION,COMPLETO
817,19,NUEVO LEON,MONTERREY,,6,1133,389,214,0.5501285347043702,0.4498714652956298,MC,74,0.34579439252336447,4,0.018691588785046728,PRI,70,0.32710280373831774,33,0.1542056074766355,PAN,37,0.17289719626168223,MC,74,0.34579439252336447,4,0.018691588785046728,PRI,70,0.32710280373831774,33,0.1542056074766355,PAN,37,0.17289719626168223,37,0.17289719626168223,70,0.32710280373831774,2,0.009345794392523364,1,0.004672897196261682,0,0.0,74,0.34579439252336447,19,0.08878504672897196,0,0.0,0,0.0,0,0.0,2,0.009345794392523364,1,0.004672897196261682,1,0.004672897196261682,1,0.004672897196261682,0,0.0,1,0.004672897196261682,0,0.0,0,0.0,0,0.0,0,0.0,0,0.0,0,0.0,0,0.0,0,0.0,5,0.02336448598130841,214,1.0,SRC_MUNICIPAL_PRORRATEADA,SECCION,COMPLETO
818,19,NUEVO LEON,MONTERREY,,6,1135,440,242,0.55,0.44999999999999996,PRI,101,0.41735537190082644,23,0.09504132231404959,MC,78,0.32231404958677684,46,0.19008264462809918,PAN,32,0.1322314049586777,PRI,101,0.41735537190082644,23,0.09504132231404959,MC,78,0.32231404958677684,46,0.19008264462809918,PAN,32,0.1322314049586777,32,0.1322314049586777,101,0.41735537190082644,2,0.008264462809917356,2,0.008264462809917356,2,0.008264462809917356,78,0.32231404958677684,15,0.06198347107438017,1,0.004132231404958678,0,0.0,1,0.004132231404958678,1,0.004132231404958678,0,0.0,0,0.0,0,0.0,0,0.0,0,0.0,0,0.0,0,0.0,0,0.0,0,0.0,1,0.004132231404958678,2,0.008264462809917356,0,0.0,0,0.0,4,0.01652892561983471,242,1.0,SRC_MUNICIPAL_PRORRATEADA,SECCION,COMPLETO
819,19,NUEVO LEON,MONTERREY,,6,1147,416,229,0.5504807692307693,0.4495192307692307,PRI,88,0.38427947598253276,20,0.08733624454148471,MC,68,0.29694323144104806,36,0.1572052401746725,PAN,32,0.13973799126637554,PRI,88,0.38427947598253276,20,0.08733624454148471,MC,68,0.29694323144104806,36,0.1572052401746725,PAN,32,0.13973799126637554,32,0.13973799126637554,88,0.38427947598253276,0,0.0,1,0.004366812227074236,3,0.013100436681222707,68,0.29694323144104806,24,0.10480349344978165,0,0.0,1,0.004366812227074236,5,0.021834061135371178,0,0.0,2,0.008733624454148471,1,0.004366812227074236,0,0.0,0,0.0,0,0.0,0,0.0,0,0.0,0,0.0,0,0.0,0,0.0,0,0.0,0,0.0,0,0.0,4,0.017467248908296942,229,1.0,SRC_MUNICIPAL_PRORRATEADA,SECCION,COMPLETO
820,19,NUEVO LEON,MONTERREY,,6,1149,374,206,0.5508021390374331,0.44919786096256686,PRI,73,0.35436893203883496,11,0.05339805825242718,MC,62,0.30097087378640774,25,0.12135922330097088,PAN,37,0.1796116504854369,PRI,73,0.35436893203883496,11,0.05339805825242718,MC,62,0.30097087378640774,25,0.12135922330097088,PAN,37,0.1796116504854369,37,0.1796116504854369,73,0.35436893203883496,0,0.0,0,0.0,4,0.019417475728155338,62,0.30097087378640774,15,0.07281553398058252,0,0.0,2,0.009708737864077669,0,0.0,0,0.0,8,0.038834951456310676,0,0.0,0,0.0,0,0.0,0,0.0,0,0.0,0,0.0,0,0.0,0,0.0,0,0.0,0,0.0,0,0.0,0,0.0,5,0.024271844660194174,206,1.0,SRC_MUNICIPAL_PRORRATEADA,SECCION,COMPLETO
821,19,NUEVO LEON,MONTERREY,,6,1150,568,313,0.551056338028169,0.448943661971831,MC,116,0.3706070287539936,29,0.0926517571884984,PRI,87,0.2779552715654952,39,0.12460063897763578,MORENA,48,0.15335463258785942,MC,116,0.3706070287539936,29,0.0926517571884984,PRI,87,0.2779552715654952,39,0.12460063897763578,MORENA,48,0.15335463258785942,46,0.14696485623003194,87,0.2779552715654952,1,0.003194888178913738,2,0.006389776357827476,2,0.006389776357827476,116,0.3706070287539936,48,0.15335463258785942,0,0.0,0,0.0,0,0.0,1,0.003194888178913738,1,0.003194888178913738,1,0.003194888178913738,0,0.0,0,0.0,0,0.0,0,0.0,0,0.0,0,0.0,0,0.0,0,0.0,0,0.0,0,0.0,0,0.0,8,0.025559105431309903,313,1.0,SRC_MUNICIPAL_PRORRATEADA,SECCION,COMPLETO
822,19,NUEVO LEON,MONTERREY,,6,1151,260,143,0.55,0.44999999999999996,MC,54,0.3776223776223776,16,0.11188811188811189,PRI,38,0.26573426573426573,16,0.11188811188811189,PAN,22,0.15384615384615385,MC,54,0.3776223776223776,16,0.11188811188811189,PRI,38,0.26573426573426573,16,0.11188811188811189,PAN,22,0.15384615384615385,22,0.15384615384615385,38,0.26573426573426573,0,0.0,2,0.013986013986013986,4,0.027972027972027972,54,0.3776223776223776,17,0.11888111888111888,1,0.006993006993006993,0,0.0,0,0.0,0,0.0,0,0.0,1,0.006993006993006993,0,0.0,0,0.0,0,0.0,1,0.006993006993006993,0,0.0,0,0.0,0,0.0,0,0.0,0,0.0,0,0.0,0,0.0,3,0.02097902097902098,143,1.0,SRC_MUNICIPAL_PRORRATEADA,SECCION,COMPLETO
823,19,NUEVO LEON,MONTERREY,,6,1154,816,449,0.5502450980392157,0.44975490196078427,PRI,199,0.44320712694877507,59,0.13140311804008908,MC,140,0.311804008908686,90,0.20044543429844097,PAN,50,0.111358574610245,PRI,199,0.44320712694877507,59,0.13140311804008908,MC,140,0.311804008908686,90,0.20044543429844097,PAN,50,0.111358574610245,50,0.111358574610245,199,0.44320712694877507,1,0.0022271714922048997,1,0.0022271714922048997,2,0.004454342984409799,140,0.311804008908686,34,0.0757238307349666,6,0.013363028953229399,1,0.0022271714922048997,1,0.0022271714922048997,4,0.008908685968819599,2,0.004454342984409799,1,0.0022271714922048997,1,0.0022271714922048997,0,0.0,0,0.0,0,0.0,0,0.0,0,0.0,0,0.0,0,0.0,0,0.0,0,0.0,0,0.0,6,0.013363028953229399,449,1.0,SRC_MUNICIPAL_PRORRATEADA,SECCION,COMPLETO
824,19,NUEVO LEON,MONTERREY,,6,1155,318,175,0.550314465408805,0.449685534591195,PRI,65,0.37142857142857144,19,0.10857142857142857,MC,46,0.26285714285714284,17,0.09714285714285714,MORENA,29,0.1657142857142857,PRI,65,0.37142857142857144,19,0.10857142857142857,MC,46,0.26285714285714284,17,0.09714285714285714,MORENA,29,0.1657142857142857,16,0.09142857142857143,65,0.37142857142857144,2,0.011428571428571429,1,0.005714285714285714,3,0.017142857142857144,46,0.26285714285714284,29,0.1657142857142857,3,0.017142857142857144,0,0.0,1,0.005714285714285714,3,0.017142857142857144,1,0.005714285714285714,1,0.005714285714285714,0,0.0,0,0.0,0,0.0,0,0.0,0,0.0,0,0.0,0,0.0,0,0.0,0,0.0,0,0.0,0,0.0,4,0.022857142857142857,175,1.0,SRC_MUNICIPAL_PRORRATEADA,SECCION,COMPLETO
825,19,NUEVO LEON,MONTERREY,,6,1158,381,210,0.5511811023622047,0.44881889763779526,PRI,115,0.5476190476190477,68,0.3238095238095238,MC,47,0.22380952380952382,26,0.12380952380952381,MORENA,21,0.1,PRI,115,0.5476190476190477,68,0.3238095238095238,MC,47,0.22380952380952382,26,0.12380952380952381,MORENA,21,0.1,19,0.09047619047619047,115,0.5476190476190477,0,0.0,0,0.0,3,0.014285714285714285,47,0.22380952380952382,21,0.1,1,0.004761904761904762,0,0.0,0,0.0,1,0.004761904761904762,1,0.004761904761904762,0,0.0,0,0.0,0,0.0,0,0.0,0,0.0,0,0.0,1,0.004761904761904762,0,0.0,0,0.0,0,0.0,0,0.0,0,0.0,1,0.004761904761904762,210,1.0,SRC_MUNICIPAL_PRORRATEADA,SECCION,COMPLETO
826,19,NUEVO LEON,MONTERREY,,6,1161,1043,574,0.5503355704697986,0.44966442953020136,MC,230,0.40069686411149824,72,0.1254355400696864,PRI,158,0.27526132404181186,87,0.15156794425087108,MORENA,71,0.12369337979094076,MC,230,0.40069686411149824,72,0.1254355400696864,PRI,158,0.27526132404181186,87,0.15156794425087108,MORENA,71,0.12369337979094076,66,0.11498257839721254,158,0.27526132404181186,3,0.005226480836236934,6,0.010452961672473868,7,0.012195121951219513,230,0.40069686411149824,71,0.12369337979094076,2,0.003484320557491289,1,0.0017421602787456446,0,0.0,5,0.008710801393728223,4,0.006968641114982578,1,0.0017421602787456446,0,0.0,2,0.003484320557491289,0,0.0,0,0.0,0,0.0,2,0.003484320557491289,0,0.0,2,0.003484320557491289,0,0.0,1,0.0017421602787456446,0,0.0,13,0.02264808362369338,574,1.0,SRC_MUNICIPAL_PRORRATEADA,SECCION,COMPLETO
827,19,NUEVO LEON,MONTERREY,,6,1162,312,172,0.5512820512820513,0.4487179487179487,PRI,59,0.3430232558139535,1,0.005813953488372093,MC,58,0.3372093023255814,33,0.19186046511627908,MORENA,25,0.14534883720930233,PRI,59,0.3430232558139535,1,0.005813953488372093,MC,58,0.3372093023255814,33,0.19186046511627908,MORENA,25,0.14534883720930233,23,0.13372093023255813,59,0.3430232558139535,1,0.005813953488372093,0,0.0,0,0.0,58,0.3372093023255814,25,0.14534883720930233,0,0.0,0,0.0,1,0.005813953488372093,0,0.0,0,0.0,0,0.0,0,0.0,0,0.0,0,0.0,0,0.0,0,0.0,0,0.0,0,0.0,0,0.0,0,0.0,0,0.0,0,0.0,5,0.029069767441860465,172,1.0,SRC_MUNICIPAL_PRORRATEADA,SECCION,COMPLETO
828,19,NUEVO LEON,MONTERREY,,6,1166,427,235,0.550351288056206,0.44964871194379397,MC,78,0.33191489361702126,5,0.02127659574468085,PRI,73,0.31063829787234043,30,0.1276595744680851,PAN,43,0.1829787234042553,MC,78,0.33191489361702126,5,0.02127659574468085,PRI,73,0.31063829787234043,30,0.1276595744680851,PAN,43,0.1829787234042553,43,0.1829787234042553,73,0.31063829787234043,0,0.0,0,0.0,3,0.01276595744680851,78,0.33191489361702126,33,0.14042553191489363,0,0.0,0,0.0,0,0.0,1,0.00425531914893617,0,0.0,0,0.0,0,0.0,0,0.0,0,0.0,0,0.0,0,0.0,0,0.0,0,0.0,0,0.0,0,0.0,0,0.0,0,0.0,4,0.01702127659574468,235,1.0,SRC_MUNICIPAL_PRORRATEADA,SECCION,COMPLETO
829,19,NUEVO LEON,MONTERREY,,6,1167,305,168,0.5508196721311476,0.4491803278688524,PRI,58,0.34523809523809523,0,0.0,MC,58,0.34523809523809523,32,0.19047619047619047,PAN,26,0.15476190476190477,PRI,58,0.34523809523809523,0,0.0,MC,58,0.34523809523809523,32,0.19047619047619047,PAN,26,0.15476190476190477,26,0.15476190476190477,58,0.34523809523809523,0,0.0,0,0.0,1,0.005952380952380952,58,0.34523809523809523,17,0.10119047619047619,0,0.0,0,0.0,1,0.005952380952380952,0,0.0,2,0.011904761904761904,0,0.0,0,0.0,0,0.0,0,0.0,0,0.0,0,0.0,0,0.0,0,0.0,0,0.0,0,0.0,0,0.0,0,0.0,5,0.02976190476190476,168,1.0,SRC_MUNICIPAL_PRORRATEADA,SECCION,COMPLETO
830,19,NUEVO LEON,MONTERREY,,6,1178,212,117,0.5518867924528302,0.44811320754716977,MC,47,0.4017094017094017,9,0.07692307692307693,PRI,38,0.3247863247863248,26,0.2222222222222222,PAN,12,0.10256410256410256,MC,47,0.4017094017094017,9,0.07692307692307693,PRI,38,0.3247863247863248,26,0.2222222222222222,PAN,12,0.10256410256410256,12,0.10256410256410256,38,0.3247863247863248,0,0.0,0,0.0,2,0.017094017094017096,47,0.4017094017094017,12,0.10256410256410256,2,0.017094017094017096,0,0.0,0,0.0,2,0.017094017094017096,1,0.008547008547008548,0,0.0,0,0.0,0,0.0,0,0.0,0,0.0,0,0.0,0,0.0,0,0.0,0,0.0,0,0.0,0,0.0,0,0.0,1,0.008547008547008548,117,1.0,SRC_MUNICIPAL_PRORRATEADA,SECCION,COMPLETO
831,19,NUEVO LEON,MONTERREY,,6,1182,311,171,0.5498392282958199,0.4501607717041801,MC,57,0.3333333333333333,3,0.017543859649122806,PRI,54,0.3157894736842105,22,0.1286549707602339,PAN,32,0.1871345029239766,MC,57,0.3333333333333333,3,0.017543859649122806,PRI,54,0.3157894736842105,22,0.1286549707602339,PAN,32,0.1871345029239766,32,0.1871345029239766,54,0.3157894736842105,2,0.011695906432748537,0,0.0,1,0.005847953216374269,57,0.3333333333333333,14,0.08187134502923976,1,0.005847953216374269,1,0.005847953216374269,1,0.005847953216374269,2,0.011695906432748537,0,0.0,0,0.0,0,0.0,0,0.0,0,0.0,0,0.0,0,0.0,0,0.0,0,0.0,0,0.0,0,0.0,0,0.0,0,0.0,6,0.03508771929824561,171,1.0,SRC_MUNICIPAL_PRORRATEADA,SECCION,COMPLETO
832,19,NUEVO LEON,MONTERREY,,6,1186,450,248,0.5511111111111111,0.4488888888888889,PRI,88,0.3548387096774194,4,0.016129032258064516,MC,84,0.3387096774193548,53,0.21370967741935484,PAN,31,0.125,PRI,88,0.3548387096774194,4,0.016129032258064516,MC,84,0.3387096774193548,53,0.21370967741935484,PAN,31,0.125,31,0.125,88,0.3548387096774194,2,0.008064516129032258,1,0.004032258064516129,1,0.004032258064516129,84,0.3387096774193548,26,0.10483870967741936,0,0.0,1,0.004032258064516129,0,0.0,2,0.008064516129032258,1,0.004032258064516129,0,0.0,3,0.012096774193548387,0,0.0,0,0.0,0,0.0,0,0.0,1,0.004032258064516129,0,0.0,0,0.0,0,0.0,0,0.0,0,0.0,7,0.028225806451612902,248,1.0,SRC_MUNICIPAL_PRORRATEADA,SECCION,COMPLETO
833,19,NUEVO LEON,MONTERREY,,6,1212,365,201,0.5506849315068493,0.4493150684931507,MC,73,0.36318407960199006,13,0.06467661691542288,PRI,60,0.29850746268656714,21,0.1044776119402985,PAN,39,0.19402985074626866,MC,73,0.36318407960199006,13,0.06467661691542288,PRI,60,0.29850746268656714,21,0.1044776119402985,PAN,39,0.19402985074626866,39,0.19402985074626866,60,0.29850746268656714,1,0.004975124378109453,0,0.0,1,0.004975124378109453,73,0.36318407960199006,18,0.08955223880597014,1,0.004975124378109453,1,0.004975124378109453,0,0.0,2,0.009950248756218905,2,0.009950248756218905,0,0.0,0,0.0,0,0.0,0,0.0,1,0.004975124378109453,0,0.0,0,0.0,0,0.0,0,0.0,0,0.0,0,0.0,0,0.0,2,0.009950248756218905,201,1.0,SRC_MUNICIPAL_PRORRATEADA,SECCION,COMPLETO
834,19,NUEVO LEON,MONTERREY,,6,1213,372,205,0.5510752688172043,0.44892473118279574,MC,82,0.4,7,0.03414634146341464,PRI,75,0.36585365853658536,48,0.23414634146341465,PAN,27,0.13170731707317074,MC,82,0.4,7,0.03414634146341464,PRI,75,0.36585365853658536,48,0.23414634146341465,PAN,27,0.13170731707317074,27,0.13170731707317074,75,0.36585365853658536,3,0.014634146341463415,1,0.004878048780487805,0,0.0,82,0.4,12,0.05853658536585366,0,0.0,0,0.0,0,0.0,1,0.004878048780487805,1,0.004878048780487805,0,0.0,1,0.004878048780487805,0,0.0,0,0.0,1,0.004878048780487805,0,0.0,0,0.0,0,0.0,0,0.0,0,0.0,0,0.0,0,0.0,1,0.004878048780487805,205,1.0,SRC_MUNICIPAL_PRORRATEADA,SECCION,COMPLETO
835,19,NUEVO LEON,MONTERREY,,6,1214,320,176,0.55,0.44999999999999996,PRI,57,0.32386363636363635,3,0.017045454545454544,MC,54,0.3068181818181818,23,0.13068181818181818,PAN,31,0.17613636363636365,PRI,57,0.32386363636363635,3,0.017045454545454544,MC,54,0.3068181818181818,23,0.13068181818181818,PAN,31,0.17613636363636365,31,0.17613636363636365,57,0.32386363636363635,0,0.0,3,0.017045454545454544,2,0.011363636363636364,54,0.3068181818181818,22,0.125,0,0.0,0,0.0,0,0.0,1,0.005681818181818182,1,0.005681818181818182,0,0.0,0,0.0,0,0.0,0,0.0,0,0.0,0,0.0,0,0.0,0,0.0,0,0.0,0,0.0,0,0.0,0,0.0,5,0.028409090909090908,176,1.0,SRC_MUNICIPAL_PRORRATEADA,SECCION,COMPLETO
836,19,NUEVO LEON,MONTERREY,,6,1219,625,344,0.5504,0.4496,MC,145,0.42151162790697677,43,0.125,PRI,102,0.29651162790697677,54,0.1569767441860465,PAN,48,0.13953488372093023,MC,145,0.42151162790697677,43,0.125,PRI,102,0.29651162790697677,54,0.1569767441860465,PAN,48,0.13953488372093023,48,0.13953488372093023,102,0.29651162790697677,1,0.0029069767441860465,1,0.0029069767441860465,4,0.011627906976744186,145,0.42151162790697677,33,0.09593023255813954,2,0.005813953488372093,0,0.0,1,0.0029069767441860465,0,0.0,1,0.0029069767441860465,0,0.0,0,0.0,0,0.0,0,0.0,0,0.0,0,0.0,0,0.0,0,0.0,0,0.0,0,0.0,0,0.0,0,0.0,6,0.01744186046511628,344,1.0,SRC_MUNICIPAL_PRORRATEADA,SECCION,COMPLETO
837,19,NUEVO LEON,MONTERREY,,6,1233,478,263,0.5502092050209205,0.4497907949790795,MC,106,0.40304182509505704,2,0.0076045627376425855,PRI,104,0.39543726235741444,81,0.30798479087452474,PAN,23,0.08745247148288973,MC,106,0.40304182509505704,2,0.0076045627376425855,PRI,104,0.39543726235741444,81,0.30798479087452474,PAN,23,0.08745247148288973,23,0.08745247148288973,104,0.39543726235741444,1,0.0038022813688212928,1,0.0038022813688212928,3,0.011406844106463879,106,0.40304182509505704,17,0.06463878326996197,0,0.0,1,0.0038022813688212928,1,0.0038022813688212928,0,0.0,0,0.0,0,0.0,0,0.0,0,0.0,1,0.0038022813688212928,0,0.0,0,0.0,0,0.0,0,0.0,0,0.0,0,0.0,0,0.0,0,0.0,5,0.019011406844106463,263,1.0,SRC_MUNICIPAL_PRORRATEADA,SECCION,COMPLETO
838,19,NUEVO LEON,MONTERREY,,6,1235,599,330,0.5509181969949917,0.44908180300500833,PRI,171,0.5181818181818182,68,0.20606060606060606,PT,103,0.31212121212121213,81,0.24545454545454545,MC,22,0.06666666666666667,PRI,171,0.5181818181818182,68,0.20606060606060606,PT,103,0.31212121212121213,81,0.24545454545454545,MC,22,0.06666666666666667,15,0.045454545454545456,171,0.5181818181818182,3,0.00909090909090909,2,0.006060606060606061,103,0.31212121212121213,22,0.06666666666666667,2,0.006060606060606061,2,0.006060606060606061,0,0.0,3,0.00909090909090909,2,0.006060606060606061,0,0.0,0,0.0,0,0.0,0,0.0,0,0.0,0,0.0,0,0.0,0,0.0,0,0.0,0,0.0,0,0.0,0,0.0,0,0.0,5,0.015151515151515152,330,1.0,SRC_MUNICIPAL_PRORRATEADA,SECCION,COMPLETO
839,19,NUEVO LEON,MONTERREY,,6,1236,496,273,0.5504032258064516,0.4495967741935484,PRI,137,0.5018315018315018,63,0.23076923076923078,MC,74,0.27106227106227104,43,0.1575091575091575,PAN,31,0.11355311355311355,PRI,137,0.5018315018315018,63,0.23076923076923078,MC,74,0.27106227106227104,43,0.1575091575091575,PAN,31,0.11355311355311355,31,0.11355311355311355,137,0.5018315018315018,1,0.003663003663003663,1,0.003663003663003663,2,0.007326007326007326,74,0.27106227106227104,15,0.054945054945054944,5,0.018315018315018316,0,0.0,2,0.007326007326007326,1,0.003663003663003663,2,0.007326007326007326,0,0.0,0,0.0,0,0.0,0,0.0,0,0.0,0,0.0,0,0.0,0,0.0,0,0.0,0,0.0,0,0.0,0,0.0,2,0.007326007326007326,273,1.0,SRC_MUNICIPAL_PRORRATEADA,SECCION,COMPLETO
840,19,NUEVO LEON,MONTERREY,,6,1237,469,258,0.5501066098081023,0.44989339019189767,MC,96,0.37209302325581395,24,0.09302325581395349,PRI,72,0.27906976744186046,22,0.08527131782945736,PAN,50,0.1937984496124031,MC,96,0.37209302325581395,24,0.09302325581395349,PRI,72,0.27906976744186046,22,0.08527131782945736,PAN,50,0.1937984496124031,50,0.1937984496124031,72,0.27906976744186046,0,0.0,2,0.007751937984496124,1,0.003875968992248062,96,0.37209302325581395,20,0.07751937984496124,0,0.0,0,0.0,0,0.0,0,0.0,2,0.007751937984496124,0,0.0,0,0.0,0,0.0,0,0.0,0,0.0,0,0.0,2,0.007751937984496124,0,0.0,0,0.0,0,0.0,1,0.003875968992248062,0,0.0,12,0.046511627906976744,258,1.0,SRC_MUNICIPAL_PRORRATEADA,SECCION,COMPLETO
841,19,NUEVO LEON,MONTERREY,,6,1243,461,254,0.5509761388286334,0.4490238611713666,PRI,100,0.3937007874015748,18,0.07086614173228346,MC,82,0.3228346456692913,44,0.1732283464566929,PAN,38,0.14960629921259844,PRI,100,0.3937007874015748,18,0.07086614173228346,MC,82,0.3228346456692913,44,0.1732283464566929,PAN,38,0.14960629921259844,38,0.14960629921259844,100,0.3937007874015748,1,0.003937007874015748,2,0.007874015748031496,3,0.011811023622047244,82,0.3228346456692913,17,0.06692913385826772,1,0.003937007874015748,2,0.007874015748031496,0,0.0,3,0.011811023622047244,2,0.007874015748031496,0,0.0,0,0.0,0,0.0,0,0.0,0,0.0,0,0.0,0,0.0,0,0.0,0,0.0,0,0.0,0,0.0,0,0.0,3,0.011811023622047244,254,1.0,SRC_MUNICIPAL_PRORRATEADA,SECCION,COMPLETO
842,19,NUEVO LEON,MONTERREY,,6,1247,705,388,0.550354609929078,0.44964539007092197,PRI,142,0.36597938144329895,8,0.020618556701030927,MC,134,0.34536082474226804,75,0.19329896907216496,PAN,59,0.15206185567010308,PRI,142,0.36597938144329895,8,0.020618556701030927,MC,134,0.34536082474226804,75,0.19329896907216496,PAN,59,0.15206185567010308,59,0.15206185567010308,142,0.36597938144329895,1,0.002577319587628866,2,0.005154639175257732,0,0.0,134,0.34536082474226804,31,0.07989690721649484,3,0.007731958762886598,1,0.002577319587628866,1,0.002577319587628866,1,0.002577319587628866,2,0.005154639175257732,0,0.0,0,0.0,0,0.0,1,0.002577319587628866,0,0.0,0,0.0,0,0.0,0,0.0,0,0.0,0,0.0,0,0.0,0,0.0,10,0.02577319587628866,388,1.0,SRC_MUNICIPAL_PRORRATEADA,SECCION,COMPLETO
843,19,NUEVO LEON,MONTERREY,,6,1248,677,373,0.55096011816839,0.44903988183161003,MC,133,0.35656836461126007,21,0.05630026809651475,PRI,112,0.3002680965147453,63,0.16890080428954424,PAN,49,0.13136729222520108,MC,133,0.35656836461126007,21,0.05630026809651475,PRI,112,0.3002680965147453,63,0.16890080428954424,PAN,49,0.13136729222520108,49,0.13136729222520108,112,0.3002680965147453,2,0.005361930294906166,5,0.013404825737265416,9,0.024128686327077747,133,0.35656836461126007,43,0.11528150134048257,1,0.002680965147453083,2,0.005361930294906166,0,0.0,3,0.00804289544235925,7,0.01876675603217158,0,0.0,0,0.0,0,0.0,0,0.0,0,0.0,0,0.0,0,0.0,0,0.0,0,0.0,0,0.0,0,0.0,0,0.0,7,0.01876675603217158,373,1.0,SRC_MUNICIPAL_PRORRATEADA,SECCION,COMPLETO
844,19,NUEVO LEON,MONTERREY,,6,1249,434,239,0.5506912442396313,0.44930875576036866,MC,87,0.36401673640167365,13,0.05439330543933055,PRI,74,0.30962343096234307,32,0.13389121338912133,PAN,42,0.17573221757322174,MC,87,0.36401673640167365,13,0.05439330543933055,PRI,74,0.30962343096234307,32,0.13389121338912133,PAN,42,0.17573221757322174,42,0.17573221757322174,74,0.30962343096234307,0,0.0,3,0.012552301255230125,3,0.012552301255230125,87,0.36401673640167365,19,0.0794979079497908,4,0.016736401673640166,0,0.0,0,0.0,1,0.0041841004184100415,0,0.0,1,0.0041841004184100415,0,0.0,0,0.0,0,0.0,0,0.0,0,0.0,0,0.0,0,0.0,0,0.0,0,0.0,0,0.0,0,0.0,5,0.02092050209205021,239,1.0,SRC_MUNICIPAL_PRORRATEADA,SECCION,COMPLETO
845,19,NUEVO LEON,MONTERREY,,6,1250,721,397,0.550624133148405,0.44937586685159503,PRI,145,0.36523929471032746,16,0.04030226700251889,MC,129,0.3249370277078086,61,0.15365239294710328,PAN,68,0.1712846347607053,PRI,145,0.36523929471032746,16,0.04030226700251889,MC,129,0.3249370277078086,61,0.15365239294710328,PAN,68,0.1712846347607053,68,0.1712846347607053,145,0.36523929471032746,3,0.007556675062972292,1,0.0025188916876574307,1,0.0025188916876574307,129,0.3249370277078086,37,0.09319899244332494,0,0.0,0,0.0,0,0.0,5,0.012594458438287154,0,0.0,0,0.0,0,0.0,0,0.0,0,0.0,0,0.0,0,0.0,0,0.0,0,0.0,0,0.0,0,0.0,0,0.0,0,0.0,8,0.020151133501259445,397,1.0,SRC_MUNICIPAL_PRORRATEADA,SECCION,COMPLETO
846,19,NUEVO LEON,MONTERREY,,6,1251,556,306,0.5503597122302158,0.44964028776978415,PRI,119,0.3888888888888889,23,0.07516339869281045,MC,96,0.3137254901960784,58,0.1895424836601307,MORENA,38,0.12418300653594772,PRI,119,0.3888888888888889,23,0.07516339869281045,MC,96,0.3137254901960784,58,0.1895424836601307,MORENA,38,0.12418300653594772,37,0.12091503267973856,119,0.3888888888888889,1,0.0032679738562091504,3,0.00980392156862745,3,0.00980392156862745,96,0.3137254901960784,38,0.12418300653594772,0,0.0,0,0.0,0,0.0,3,0.00980392156862745,0,0.0,1,0.0032679738562091504,1,0.0032679738562091504,0,0.0,1,0.0032679738562091504,0,0.0,0,0.0,1,0.0032679738562091504,0,0.0,0,0.0,0,0.0,1,0.0032679738562091504,0,0.0,1,0.0032679738562091504,306,1.0,SRC_MUNICIPAL_PRORRATEADA,SECCION,COMPLETO
847,19,NUEVO LEON,MONTERREY,,6,1254,360,198,0.55,0.44999999999999996,PRI,75,0.3787878787878788,12,0.06060606060606061,MC,63,0.3181818181818182,38,0.1919191919191919,MORENA,25,0.12626262626262627,PRI,75,0.3787878787878788,12,0.06060606060606061,MC,63,0.3181818181818182,38,0.1919191919191919,MORENA,25,0.12626262626262627,23,0.11616161616161616,75,0.3787878787878788,0,0.0,3,0.015151515151515152,2,0.010101010101010102,63,0.3181818181818182,25,0.12626262626262627,1,0.005050505050505051,0,0.0,1,0.005050505050505051,0,0.0,0,0.0,0,0.0,2,0.010101010101010102,0,0.0,0,0.0,0,0.0,0,0.0,0,0.0,0,0.0,1,0.005050505050505051,0,0.0,0,0.0,0,0.0,2,0.010101010101010102,198,1.0,SRC_MUNICIPAL_PRORRATEADA,SECCION,COMPLETO
848,19,NUEVO LEON,MONTERREY,,6,1255,539,297,0.5510204081632653,0.44897959183673475,MC,101,0.3400673400673401,13,0.04377104377104377,PRI,88,0.2962962962962963,34,0.11447811447811448,PAN,54,0.18181818181818182,MC,101,0.3400673400673401,13,0.04377104377104377,PRI,88,0.2962962962962963,34,0.11447811447811448,PAN,54,0.18181818181818182,54,0.18181818181818182,88,0.2962962962962963,1,0.003367003367003367,2,0.006734006734006734,2,0.006734006734006734,101,0.3400673400673401,34,0.11447811447811448,0,0.0,1,0.003367003367003367,0,0.0,1,0.003367003367003367,2,0.006734006734006734,3,0.010101010101010102,0,0.0,0,0.0,0,0.0,0,0.0,0,0.0,0,0.0,0,0.0,0,0.0,0,0.0,0,0.0,0,0.0,8,0.026936026936026935,297,1.0,SRC_MUNICIPAL_PRORRATEADA,SECCION,COMPLETO
849,19,NUEVO LEON,MONTERREY,,6,1258,572,315,0.5506993006993007,0.44930069930069927,MC,107,0.3396825396825397,12,0.0380952380952381,PRI,95,0.30158730158730157,47,0.1492063492063492,PAN,48,0.1523809523809524,MC,107,0.3396825396825397,12,0.0380952380952381,PRI,95,0.30158730158730157,47,0.1492063492063492,PAN,48,0.1523809523809524,48,0.1523809523809524,95,0.30158730158730157,0,0.0,0,0.0,3,0.009523809523809525,107,0.3396825396825397,47,0.1492063492063492,2,0.006349206349206349,1,0.0031746031746031746,2,0.006349206349206349,5,0.015873015873015872,1,0.0031746031746031746,0,0.0,0,0.0,0,0.0,0,0.0,0,0.0,0,0.0,0,0.0,0,0.0,0,0.0,0,0.0,1,0.0031746031746031746,1,0.0031746031746031746,2,0.006349206349206349,315,1.0,SRC_MUNICIPAL_PRORRATEADA,SECCION,COMPLETO
850,19,NUEVO LEON,MONTERREY,,6,1259,423,233,0.5508274231678487,0.4491725768321513,MC,96,0.41201716738197425,32,0.13733905579399142,PRI,64,0.27467811158798283,33,0.14163090128755365,PAN,31,0.13304721030042918,MC,96,0.41201716738197425,32,0.13733905579399142,PRI,64,0.27467811158798283,33,0.14163090128755365,PAN,31,0.13304721030042918,31,0.13304721030042918,64,0.27467811158798283,0,0.0,2,0.008583690987124463,3,0.012875536480686695,96,0.41201716738197425,25,0.1072961373390558,3,0.012875536480686695,0,0.0,0,0.0,3,0.012875536480686695,1,0.004291845493562232,0,0.0,0,0.0,1,0.004291845493562232,0,0.0,0,0.0,0,0.0,0,0.0,0,0.0,1,0.004291845493562232,0,0.0,0,0.0,0,0.0,3,0.012875536480686695,233,1.0,SRC_MUNICIPAL_PRORRATEADA,SECCION,COMPLETO
851,19,NUEVO LEON,MONTERREY,,6,1260,356,196,0.550561797752809,0.449438202247191,MC,72,0.3673469387755102,19,0.09693877551020408,PRI,53,0.27040816326530615,18,0.09183673469387756,PAN,35,0.17857142857142858,MC,72,0.3673469387755102,19,0.09693877551020408,PRI,53,0.27040816326530615,18,0.09183673469387756,PAN,35,0.17857142857142858,35,0.17857142857142858,53,0.27040816326530615,0,0.0,2,0.01020408163265306,3,0.015306122448979591,72,0.3673469387755102,29,0.14795918367346939,0,0.0,0,0.0,0,0.0,2,0.01020408163265306,0,0.0,0,0.0,0,0.0,0,0.0,0,0.0,0,0.0,0,0.0,0,0.0,0,0.0,0,0.0,0,0.0,0,0.0,0,0.0,0,0.0,196,1.0,SRC_MUNICIPAL_PRORRATEADA,SECCION,COMPLETO
852,19,NUEVO LEON,MONTERREY,,6,1262,220,121,0.55,0.44999999999999996,MC,46,0.38016528925619836,13,0.10743801652892562,PRI,33,0.2727272727272727,15,0.12396694214876033,PAN,18,0.1487603305785124,MC,46,0.38016528925619836,13,0.10743801652892562,PRI,33,0.2727272727272727,15,0.12396694214876033,PAN,18,0.1487603305785124,18,0.1487603305785124,33,0.2727272727272727,0,0.0,1,0.008264462809917356,2,0.01652892561983471,46,0.38016528925619836,17,0.14049586776859505,0,0.0,0,0.0,0,0.0,1,0.008264462809917356,0,0.0,0,0.0,1,0.008264462809917356,0,0.0,1,0.008264462809917356,0,0.0,0,0.0,0,0.0,0,0.0,0,0.0,0,0.0,0,0.0,0,0.0,1,0.008264462809917356,121,1.0,SRC_MUNICIPAL_PRORRATEADA,SECCION,COMPLETO
853,19,NUEVO LEON,MONTERREY,,6,1263,383,211,0.5509138381201044,0.4490861618798956,PRI,77,0.36492890995260663,0,0.0,MC,77,0.36492890995260663,54,0.2559241706161137,MORENA,23,0.10900473933649289,PRI,77,0.36492890995260663,0,0.0,MC,77,0.36492890995260663,54,0.2559241706161137,MORENA,23,0.10900473933649289,21,0.0995260663507109,77,0.36492890995260663,0,0.0,1,0.004739336492890996,4,0.018957345971563982,77,0.36492890995260663,23,0.10900473933649289,0,0.0,0,0.0,0,0.0,2,0.009478672985781991,2,0.009478672985781991,0,0.0,0,0.0,0,0.0,0,0.0,1,0.004739336492890996,0,0.0,0,0.0,0,0.0,0,0.0,0,0.0,0,0.0,0,0.0,3,0.014218009478672985,211,1.0,SRC_MUNICIPAL_PRORRATEADA,SECCION,COMPLETO
854,19,NUEVO LEON,MONTERREY,,6,1264,447,246,0.5503355704697986,0.44966442953020136,MC,87,0.35365853658536583,2,0.008130081300813009,PRI,85,0.34552845528455284,40,0.16260162601626016,PAN,45,0.18292682926829268,MC,87,0.35365853658536583,2,0.008130081300813009,PRI,85,0.34552845528455284,40,0.16260162601626016,PAN,45,0.18292682926829268,45,0.18292682926829268,85,0.34552845528455284,0,0.0,2,0.008130081300813009,2,0.008130081300813009,87,0.35365853658536583,18,0.07317073170731707,1,0.0040650406504065045,0,0.0,0,0.0,2,0.008130081300813009,2,0.008130081300813009,0,0.0,0,0.0,0,0.0,0,0.0,0,0.0,0,0.0,0,0.0,0,0.0,0,0.0,0,0.0,0,0.0,0,0.0,2,0.008130081300813009,246,1.0,SRC_MUNICIPAL_PRORRATEADA,SECCION,COMPLETO
855,19,NUEVO LEON,MONTERREY,,6,1266,371,204,0.5498652291105122,0.45013477088948783,PRI,78,0.38235294117647056,7,0.03431372549019608,MC,71,0.3480392156862745,41,0.20098039215686275,PAN,30,0.14705882352941177,PRI,78,0.38235294117647056,7,0.03431372549019608,MC,71,0.3480392156862745,41,0.20098039215686275,PAN,30,0.14705882352941177,30,0.14705882352941177,78,0.38235294117647056,1,0.004901960784313725,1,0.004901960784313725,0,0.0,71,0.3480392156862745,16,0.0784313725490196,1,0.004901960784313725,0,0.0,2,0.00980392156862745,0,0.0,1,0.004901960784313725,0,0.0,0,0.0,0,0.0,0,0.0,0,0.0,0,0.0,0,0.0,0,0.0,0,0.0,0,0.0,0,0.0,0,0.0,3,0.014705882352941176,204,1.0,SRC_MUNICIPAL_PRORRATEADA,SECCION,COMPLETO
856,19,NUEVO LEON,MONTERREY,,6,1267,639,352,0.5508607198748043,0.44913928012519566,PRI,134,0.3806818181818182,20,0.056818181818181816,MC,114,0.32386363636363635,64,0.18181818181818182,PAN,50,0.14204545454545456,PRI,134,0.3806818181818182,20,0.056818181818181816,MC,114,0.32386363636363635,64,0.18181818181818182,PAN,50,0.14204545454545456,50,0.14204545454545456,134,0.3806818181818182,3,0.008522727272727272,0,0.0,3,0.008522727272727272,114,0.32386363636363635,36,0.10227272727272728,0,0.0,0,0.0,0,0.0,1,0.002840909090909091,5,0.014204545454545454,1,0.002840909090909091,0,0.0,0,0.0,0,0.0,0,0.0,0,0.0,0,0.0,0,0.0,1,0.002840909090909091,0,0.0,0,0.0,1,0.002840909090909091,3,0.008522727272727272,352,1.0,SRC_MUNICIPAL_PRORRATEADA,SECCION,COMPLETO
857,19,NUEVO LEON,MONTERREY,,6,1272,325,179,0.5507692307692308,0.4492307692307692,MC,61,0.3407821229050279,1,0.00558659217877095,PRI,60,0.33519553072625696,34,0.18994413407821228,PAN,26,0.1452513966480447,MC,61,0.3407821229050279,1,0.00558659217877095,PRI,60,0.33519553072625696,34,0.18994413407821228,PAN,26,0.1452513966480447,26,0.1452513966480447,60,0.33519553072625696,0,0.0,3,0.01675977653631285,0,0.0,61,0.3407821229050279,21,0.11731843575418995,1,0.00558659217877095,0,0.0,0,0.0,1,0.00558659217877095,1,0.00558659217877095,0,0.0,0,0.0,0,0.0,2,0.0111731843575419,0,0.0,0,0.0,0,0.0,0,0.0,0,0.0,0,0.0,0,0.0,0,0.0,3,0.01675977653631285,179,1.0,SRC_MUNICIPAL_PRORRATEADA,SECCION,COMPLETO
858,19,NUEVO LEON,MONTERREY,,6,1273,298,164,0.5503355704697986,0.44966442953020136,MC,60,0.36585365853658536,5,0.03048780487804878,PRI,55,0.3353658536585366,31,0.18902439024390244,PAN,24,0.14634146341463414,MC,60,0.36585365853658536,5,0.03048780487804878,PRI,55,0.3353658536585366,31,0.18902439024390244,PAN,24,0.14634146341463414,24,0.14634146341463414,55,0.3353658536585366,1,0.006097560975609756,5,0.03048780487804878,0,0.0,60,0.36585365853658536,17,0.10365853658536585,0,0.0,0,0.0,0,0.0,0,0.0,0,0.0,0,0.0,0,0.0,0,0.0,0,0.0,0,0.0,0,0.0,0,0.0,0,0.0,0,0.0,0,0.0,0,0.0,1,0.006097560975609756,1,0.006097560975609756,164,1.0,SRC_MUNICIPAL_PRORRATEADA,SECCION,COMPLETO
859,19,NUEVO LEON,MONTERREY,,6,1275,647,356,0.5502318392581144,0.44976816074188564,MC,120,0.33707865168539325,7,0.019662921348314606,PRI,113,0.31741573033707865,47,0.13202247191011235,PAN,66,0.1853932584269663,MC,120,0.33707865168539325,7,0.019662921348314606,PRI,113,0.31741573033707865,47,0.13202247191011235,PAN,66,0.1853932584269663,66,0.1853932584269663,113,0.31741573033707865,2,0.0056179775280898875,1,0.0028089887640449437,4,0.011235955056179775,120,0.33707865168539325,37,0.10393258426966293,1,0.0028089887640449437,0,0.0,2,0.0056179775280898875,5,0.014044943820224719,2,0.0056179775280898875,0,0.0,0,0.0,0,0.0,0,0.0,0,0.0,0,0.0,0,0.0,0,0.0,0,0.0,0,0.0,0,0.0,0,0.0,3,0.008426966292134831,356,1.0,SRC_MUNICIPAL_PRORRATEADA,SECCION,COMPLETO
860,19,NUEVO LEON,MONTERREY,,6,1276,318,175,0.550314465408805,0.449685534591195,MC,67,0.38285714285714284,20,0.11428571428571428,PRI,47,0.26857142857142857,20,0.11428571428571428,MORENA,27,0.15428571428571428,MC,67,0.38285714285714284,20,0.11428571428571428,PRI,47,0.26857142857142857,20,0.11428571428571428,MORENA,27,0.15428571428571428,22,0.12571428571428572,47,0.26857142857142857,0,0.0,0,0.0,0,0.0,67,0.38285714285714284,27,0.15428571428571428,0,0.0,0,0.0,0,0.0,3,0.017142857142857144,1,0.005714285714285714,1,0.005714285714285714,0,0.0,0,0.0,0,0.0,0,0.0,0,0.0,0,0.0,0,0.0,0,0.0,0,0.0,0,0.0,0,0.0,7,0.04,175,1.0,SRC_MUNICIPAL_PRORRATEADA,SECCION,COMPLETO
861,19,NUEVO LEON,MONTERREY,,6,1277,401,221,0.5511221945137157,0.4488778054862843,MC,89,0.40271493212669685,32,0.14479638009049775,PRI,57,0.2579185520361991,24,0.1085972850678733,MORENA,33,0.1493212669683258,MC,89,0.40271493212669685,32,0.14479638009049775,PRI,57,0.2579185520361991,24,0.1085972850678733,MORENA,33,0.1493212669683258,32,0.14479638009049775,57,0.2579185520361991,0,0.0,0,0.0,2,0.00904977375565611,89,0.40271493212669685,33,0.1493212669683258,0,0.0,0,0.0,2,0.00904977375565611,1,0.004524886877828055,0,0.0,0,0.0,1,0.004524886877828055,0,0.0,0,0.0,0,0.0,0,0.0,0,0.0,0,0.0,0,0.0,0,0.0,1,0.004524886877828055,1,0.004524886877828055,2,0.00904977375565611,221,1.0,SRC_MUNICIPAL_PRORRATEADA,SECCION,COMPLETO
862,19,NUEVO LEON,MONTERREY,,6,1282,512,282,0.55078125,0.44921875,MC,97,0.34397163120567376,2,0.0070921985815602835,PRI,95,0.33687943262411346,58,0.20567375886524822,PAN,37,0.13120567375886524,MC,97,0.34397163120567376,2,0.0070921985815602835,PRI,95,0.33687943262411346,58,0.20567375886524822,PAN,37,0.13120567375886524,37,0.13120567375886524,95,0.33687943262411346,1,0.0035460992907801418,0,0.0,4,0.014184397163120567,97,0.34397163120567376,30,0.10638297872340426,0,0.0,5,0.01773049645390071,1,0.0035460992907801418,2,0.0070921985815602835,0,0.0,1,0.0035460992907801418,0,0.0,0,0.0,0,0.0,0,0.0,0,0.0,0,0.0,0,0.0,1,0.0035460992907801418,0,0.0,0,0.0,0,0.0,8,0.028368794326241134,282,1.0,SRC_MUNICIPAL_PRORRATEADA,SECCION,COMPLETO
863,19,NUEVO LEON,MONTERREY,,6,1283,193,106,0.5492227979274611,0.4507772020725389,PRI,37,0.3490566037735849,1,0.009433962264150943,MC,36,0.33962264150943394,20,0.18867924528301888,PAN,16,0.1509433962264151,PRI,37,0.3490566037735849,1,0.009433962264150943,MC,36,0.33962264150943394,20,0.18867924528301888,PAN,16,0.1509433962264151,16,0.1509433962264151,37,0.3490566037735849,0,0.0,2,0.018867924528301886,1,0.009433962264150943,36,0.33962264150943394,8,0.07547169811320754,0,0.0,0,0.0,0,0.0,2,0.018867924528301886,0,0.0,0,0.0,0,0.0,1,0.009433962264150943,0,0.0,0,0.0,0,0.0,0,0.0,0,0.0,0,0.0,0,0.0,0,0.0,0,0.0,3,0.02830188679245283,106,1.0,SRC_MUNICIPAL_PRORRATEADA,SECCION,COMPLETO
864,19,NUEVO LEON,MONTERREY,,6,1284,505,278,0.5504950495049505,0.44950495049504946,MC,99,0.35611510791366907,18,0.06474820143884892,PRI,81,0.29136690647482016,38,0.1366906474820144,PAN,43,0.15467625899280577,MC,99,0.35611510791366907,18,0.06474820143884892,PRI,81,0.29136690647482016,38,0.1366906474820144,PAN,43,0.15467625899280577,43,0.15467625899280577,81,0.29136690647482016,0,0.0,1,0.0035971223021582736,0,0.0,99,0.35611510791366907,43,0.15467625899280577,0,0.0,0,0.0,0,0.0,0,0.0,2,0.007194244604316547,0,0.0,1,0.0035971223021582736,0,0.0,0,0.0,0,0.0,0,0.0,0,0.0,0,0.0,0,0.0,0,0.0,0,0.0,0,0.0,8,0.02877697841726619,278,1.0,SRC_MUNICIPAL_PRORRATEADA,SECCION,COMPLETO
865,19,NUEVO LEON,MONTERREY,,6,1286,449,247,0.5501113585746102,0.44988864142538976,MC,84,0.340080971659919,2,0.008097165991902834,PRI,82,0.3319838056680162,40,0.16194331983805668,PAN,42,0.1700404858299595,MC,84,0.340080971659919,2,0.008097165991902834,PRI,82,0.3319838056680162,40,0.16194331983805668,PAN,42,0.1700404858299595,42,0.1700404858299595,82,0.3319838056680162,3,0.012145748987854251,0,0.0,1,0.004048582995951417,84,0.340080971659919,23,0.0931174089068826,1,0.004048582995951417,1,0.004048582995951417,0,0.0,0,0.0,2,0.008097165991902834,1,0.004048582995951417,0,0.0,0,0.0,0,0.0,0,0.0,0,0.0,0,0.0,0,0.0,0,0.0,0,0.0,1,0.004048582995951417,0,0.0,6,0.024291497975708502,247,1.0,SRC_MUNICIPAL_PRORRATEADA,SECCION,COMPLETO
866,19,NUEVO LEON,MONTERREY,,6,1288,412,227,0.5509708737864077,0.44902912621359226,MC,90,0.3964757709251101,23,0.1013215859030837,PRI,67,0.29515418502202645,36,0.15859030837004406,PAN,31,0.13656387665198239,MC,90,0.3964757709251101,23,0.1013215859030837,PRI,67,0.29515418502202645,36,0.15859030837004406,PAN,31,0.13656387665198239,31,0.13656387665198239,67,0.29515418502202645,0,0.0,1,0.004405286343612335,1,0.004405286343612335,90,0.3964757709251101,24,0.10572687224669604,1,0.004405286343612335,3,0.013215859030837005,0,0.0,2,0.00881057268722467,0,0.0,2,0.00881057268722467,0,0.0,0,0.0,0,0.0,1,0.004405286343612335,0,0.0,1,0.004405286343612335,0,0.0,0,0.0,0,0.0,0,0.0,0,0.0,3,0.013215859030837005,227,1.0,SRC_MUNICIPAL_PRORRATEADA,SECCION,COMPLETO
867,19,NUEVO LEON,MONTERREY,,6,1289,683,376,0.5505124450951684,0.4494875549048316,MC,141,0.375,31,0.08244680851063829,PRI,110,0.2925531914893617,43,0.11436170212765957,PAN,67,0.17819148936170212,MC,141,0.375,31,0.08244680851063829,PRI,110,0.2925531914893617,43,0.11436170212765957,PAN,67,0.17819148936170212,67,0.17819148936170212,110,0.2925531914893617,3,0.007978723404255319,2,0.005319148936170213,4,0.010638297872340425,141,0.375,35,0.09308510638297872,1,0.0026595744680851063,0,0.0,3,0.007978723404255319,1,0.0026595744680851063,0,0.0,0,0.0,0,0.0,0,0.0,0,0.0,0,0.0,0,0.0,0,0.0,0,0.0,1,0.0026595744680851063,0,0.0,0,0.0,0,0.0,8,0.02127659574468085,376,1.0,SRC_MUNICIPAL_PRORRATEADA,SECCION,COMPLETO
868,19,NUEVO LEON,MONTERREY,,6,1291,378,208,0.5502645502645502,0.44973544973544977,MC,90,0.4326923076923077,35,0.16826923076923078,PRI,55,0.2644230769230769,23,0.11057692307692307,PAN,32,0.15384615384615385,MC,90,0.4326923076923077,35,0.16826923076923078,PRI,55,0.2644230769230769,23,0.11057692307692307,PAN,32,0.15384615384615385,32,0.15384615384615385,55,0.2644230769230769,0,0.0,3,0.014423076923076924,2,0.009615384615384616,90,0.4326923076923077,16,0.07692307692307693,1,0.004807692307692308,1,0.004807692307692308,0,0.0,1,0.004807692307692308,0,0.0,0,0.0,2,0.009615384615384616,0,0.0,0,0.0,0,0.0,0,0.0,0,0.0,1,0.004807692307692308,0,0.0,0,0.0,0,0.0,0,0.0,4,0.019230769230769232,208,1.0,SRC_MUNICIPAL_PRORRATEADA,SECCION,COMPLETO
869,19,NUEVO LEON,MONTERREY,,6,1292,490,270,0.5510204081632653,0.44897959183673475,MC,111,0.4111111111111111,27,0.1,PRI,84,0.3111111111111111,46,0.17037037037037037,MORENA,38,0.14074074074074075,MC,111,0.4111111111111111,27,0.1,PRI,84,0.3111111111111111,46,0.17037037037037037,MORENA,38,0.14074074074074075,23,0.08518518518518518,84,0.3111111111111111,2,0.007407407407407408,2,0.007407407407407408,1,0.003703703703703704,111,0.4111111111111111,38,0.14074074074074075,1,0.003703703703703704,1,0.003703703703703704,1,0.003703703703703704,1,0.003703703703703704,0,0.0,0,0.0,0,0.0,0,0.0,0,0.0,0,0.0,0,0.0,0,0.0,0,0.0,0,0.0,0,0.0,0,0.0,0,0.0,5,0.018518518518518517,270,1.0,SRC_MUNICIPAL_PRORRATEADA,SECCION,COMPLETO
870,19,NUEVO LEON,MONTERREY,,6,1294,476,262,0.5504201680672269,0.44957983193277307,MC,93,0.3549618320610687,27,0.10305343511450382,PAN,66,0.25190839694656486,9,0.03435114503816794,PRI,57,0.21755725190839695,MC,93,0.3549618320610687,27,0.10305343511450382,PAN,66,0.25190839694656486,9,0.03435114503816794,PRI,57,0.21755725190839695,66,0.25190839694656486,57,0.21755725190839695,1,0.003816793893129771,2,0.007633587786259542,2,0.007633587786259542,93,0.3549618320610687,36,0.13740458015267176,1,0.003816793893129771,0,0.0,1,0.003816793893129771,1,0.003816793893129771,1,0.003816793893129771,0,0.0,0,0.0,0,0.0,0,0.0,0,0.0,0,0.0,0,0.0,0,0.0,0,0.0,0,0.0,0,0.0,0,0.0,1,0.003816793893129771,262,1.0,SRC_MUNICIPAL_PRORRATEADA,SECCION,COMPLETO
871,19,NUEVO LEON,MONTERREY,,6,1295,510,281,0.5509803921568628,0.4490196078431372,MC,121,0.4306049822064057,64,0.2277580071174377,PRI,57,0.20284697508896798,11,0.03914590747330961,PAN,46,0.16370106761565836,MC,121,0.4306049822064057,64,0.2277580071174377,PRI,57,0.20284697508896798,11,0.03914590747330961,PAN,46,0.16370106761565836,46,0.16370106761565836,57,0.20284697508896798,2,0.0071174377224199285,1,0.0035587188612099642,0,0.0,121,0.4306049822064057,42,0.1494661921708185,2,0.0071174377224199285,1,0.0035587188612099642,1,0.0035587188612099642,2,0.0071174377224199285,1,0.0035587188612099642,0,0.0,0,0.0,0,0.0,0,0.0,1,0.0035587188612099642,0,0.0,0,0.0,0,0.0,0,0.0,0,0.0,0,0.0,0,0.0,4,0.014234875444839857,281,1.0,SRC_MUNICIPAL_PRORRATEADA,SECCION,COMPLETO
872,19,NUEVO LEON,MONTERREY,,6,1296,401,221,0.5511221945137157,0.4488778054862843,MC,99,0.4479638009049774,50,0.22624434389140272,PAN,49,0.22171945701357465,7,0.03167420814479638,PRI,42,0.19004524886877827,MC,99,0.4479638009049774,50,0.22624434389140272,PAN,49,0.22171945701357465,7,0.03167420814479638,PRI,42,0.19004524886877827,49,0.22171945701357465,42,0.19004524886877827,0,0.0,1,0.004524886877828055,2,0.00904977375565611,99,0.4479638009049774,21,0.09502262443438914,2,0.00904977375565611,0,0.0,1,0.004524886877828055,3,0.013574660633484163,0,0.0,0,0.0,0,0.0,0,0.0,0,0.0,0,0.0,0,0.0,0,0.0,0,0.0,0,0.0,0,0.0,0,0.0,0,0.0,1,0.004524886877828055,221,1.0,SRC_MUNICIPAL_PRORRATEADA,SECCION,COMPLETO
873,19,NUEVO LEON,MONTERREY,,6,1297,619,341,0.5508885298869144,0.4491114701130856,MC,154,0.45161290322580644,86,0.25219941348973607,PRI,68,0.19941348973607037,5,0.01466275659824047,PAN,63,0.18475073313782991,MC,154,0.45161290322580644,86,0.25219941348973607,PRI,68,0.19941348973607037,5,0.01466275659824047,PAN,63,0.18475073313782991,63,0.18475073313782991,68,0.19941348973607037,1,0.002932551319648094,1,0.002932551319648094,4,0.011730205278592375,154,0.45161290322580644,34,0.09970674486803519,2,0.005865102639296188,1,0.002932551319648094,1,0.002932551319648094,4,0.011730205278592375,0,0.0,1,0.002932551319648094,1,0.002932551319648094,0,0.0,0,0.0,0,0.0,0,0.0,0,0.0,0,0.0,0,0.0,0,0.0,0,0.0,0,0.0,6,0.017595307917888565,341,1.0,SRC_MUNICIPAL_PRORRATEADA,SECCION,COMPLETO
874,19,NUEVO LEON,MONTERREY,,6,1299,1422,783,0.5506329113924051,0.4493670886075949,MC,343,0.438058748403576,147,0.18773946360153257,PRI,196,0.2503192848020434,62,0.07918263090676884,PAN,134,0.17113665389527458,MC,343,0.438058748403576,147,0.18773946360153257,PRI,196,0.2503192848020434,62,0.07918263090676884,PAN,134,0.17113665389527458,134,0.17113665389527458,196,0.2503192848020434,2,0.002554278416347382,4,0.005108556832694764,8,0.010217113665389528,343,0.438058748403576,80,0.10217113665389528,0,0.0,1,0.001277139208173691,0,0.0,3,0.0038314176245210726,1,0.001277139208173691,5,0.006385696040868455,0,0.0,0,0.0,0,0.0,0,0.0,0,0.0,0,0.0,0,0.0,0,0.0,0,0.0,1,0.001277139208173691,0,0.0,5,0.006385696040868455,783,1.0,SRC_MUNICIPAL_PRORRATEADA,SECCION,COMPLETO
875,19,NUEVO LEON,MONTERREY,,6,1303,381,210,0.5511811023622047,0.44881889763779526,PRI,81,0.38571428571428573,14,0.06666666666666667,MC,67,0.319047619047619,40,0.19047619047619047,PAN,27,0.12857142857142856,PRI,81,0.38571428571428573,14,0.06666666666666667,MC,67,0.319047619047619,40,0.19047619047619047,PAN,27,0.12857142857142856,27,0.12857142857142856,81,0.38571428571428573,1,0.004761904761904762,1,0.004761904761904762,0,0.0,67,0.319047619047619,24,0.11428571428571428,0,0.0,0,0.0,0,0.0,2,0.009523809523809525,1,0.004761904761904762,0,0.0,0,0.0,0,0.0,0,0.0,0,0.0,0,0.0,0,0.0,0,0.0,1,0.004761904761904762,0,0.0,0,0.0,0,0.0,5,0.023809523809523808,210,1.0,SRC_MUNICIPAL_PRORRATEADA,SECCION,COMPLETO
876,19,NUEVO LEON,MONTERREY,,6,1304,534,294,0.550561797752809,0.449438202247191,PRI,102,0.3469387755102041,0,0.0,MC,102,0.3469387755102041,48,0.16326530612244897,PAN,54,0.1836734693877551,PRI,102,0.3469387755102041,0,0.0,MC,102,0.3469387755102041,48,0.16326530612244897,PAN,54,0.1836734693877551,54,0.1836734693877551,102,0.3469387755102041,1,0.003401360544217687,1,0.003401360544217687,0,0.0,102,0.3469387755102041,18,0.061224489795918366,2,0.006802721088435374,0,0.0,1,0.003401360544217687,1,0.003401360544217687,1,0.003401360544217687,2,0.006802721088435374,0,0.0,0,0.0,1,0.003401360544217687,0,0.0,0,0.0,0,0.0,0,0.0,1,0.003401360544217687,0,0.0,0,0.0,0,0.0,7,0.023809523809523808,294,1.0,SRC_MUNICIPAL_PRORRATEADA,SECCION,COMPLETO
877,19,NUEVO LEON,MONTERREY,,6,1305,485,267,0.5505154639175258,0.4494845360824742,MC,111,0.4157303370786517,20,0.0749063670411985,PRI,91,0.3408239700374532,57,0.21348314606741572,PAN,34,0.12734082397003746,MC,111,0.4157303370786517,20,0.0749063670411985,PRI,91,0.3408239700374532,57,0.21348314606741572,PAN,34,0.12734082397003746,34,0.12734082397003746,91,0.3408239700374532,2,0.00749063670411985,1,0.003745318352059925,1,0.003745318352059925,111,0.4157303370786517,22,0.08239700374531835,2,0.00749063670411985,1,0.003745318352059925,0,0.0,1,0.003745318352059925,0,0.0,0,0.0,1,0.003745318352059925,0,0.0,0,0.0,0,0.0,0,0.0,0,0.0,0,0.0,0,0.0,0,0.0,0,0.0,0,0.0,0,0.0,267,1.0,SRC_MUNICIPAL_PRORRATEADA,SECCION,COMPLETO
878,19,NUEVO LEON,MONTERREY,,6,1307,1448,797,0.550414364640884,0.449585635359116,MC,332,0.41656210790464243,127,0.15934755332496864,PRI,205,0.2572145545796738,67,0.08406524466750313,PAN,138,0.17314930991217065,MC,332,0.41656210790464243,127,0.15934755332496864,PRI,205,0.2572145545796738,67,0.08406524466750313,PAN,138,0.17314930991217065,138,0.17314930991217065,205,0.2572145545796738,4,0.005018820577164366,4,0.005018820577164366,15,0.018820577164366373,332,0.41656210790464243,73,0.09159347553324969,1,0.0012547051442910915,3,0.0037641154328732747,1,0.0012547051442910915,7,0.00878293601003764,2,0.002509410288582183,4,0.005018820577164366,0,0.0,0,0.0,0,0.0,0,0.0,0,0.0,0,0.0,1,0.0012547051442910915,1,0.0012547051442910915,0,0.0,0,0.0,2,0.002509410288582183,4,0.005018820577164366,797,1.0,SRC_MUNICIPAL_PRORRATEADA,SECCION,COMPLETO
879,19,NUEVO LEON,MONTERREY,,6,1309,736,405,0.5502717391304348,0.4497282608695652,MC,181,0.4469135802469136,70,0.1728395061728395,PRI,111,0.2740740740740741,39,0.0962962962962963,PAN,72,0.17777777777777778,MC,181,0.4469135802469136,70,0.1728395061728395,PRI,111,0.2740740740740741,39,0.0962962962962963,PAN,72,0.17777777777777778,72,0.17777777777777778,111,0.2740740740740741,2,0.0049382716049382715,2,0.0049382716049382715,6,0.014814814814814815,181,0.4469135802469136,19,0.04691358024691358,1,0.0024691358024691358,1,0.0024691358024691358,4,0.009876543209876543,1,0.0024691358024691358,1,0.0024691358024691358,0,0.0,0,0.0,0,0.0,2,0.0049382716049382715,0,0.0,0,0.0,0,0.0,0,0.0,1,0.0024691358024691358,0,0.0,0,0.0,0,0.0,1,0.0024691358024691358,405,1.0,SRC_MUNICIPAL_PRORRATEADA,SECCION,COMPLETO
880,19,NUEVO LEON,MONTERREY,,6,1310,879,484,0.5506257110352674,0.44937428896473264,MC,203,0.4194214876033058,90,0.1859504132231405,PRI,113,0.2334710743801653,15,0.030991735537190084,PAN,98,0.2024793388429752,MC,203,0.4194214876033058,90,0.1859504132231405,PRI,113,0.2334710743801653,15,0.030991735537190084,PAN,98,0.2024793388429752,98,0.2024793388429752,113,0.2334710743801653,2,0.004132231404958678,2,0.004132231404958678,2,0.004132231404958678,203,0.4194214876033058,40,0.08264462809917356,3,0.006198347107438017,3,0.006198347107438017,2,0.004132231404958678,6,0.012396694214876033,1,0.002066115702479339,1,0.002066115702479339,0,0.0,0,0.0,0,0.0,0,0.0,0,0.0,0,0.0,0,0.0,0,0.0,0,0.0,0,0.0,0,0.0,8,0.01652892561983471,484,1.0,SRC_MUNICIPAL_PRORRATEADA,SECCION,COMPLETO
881,19,NUEVO LEON,MONTERREY,,6,1311,732,403,0.5505464480874317,0.4494535519125683,MC,190,0.47146401985111663,89,0.22084367245657568,PRI,101,0.2506203473945409,30,0.07444168734491315,PAN,71,0.1761786600496278,MC,190,0.47146401985111663,89,0.22084367245657568,PRI,101,0.2506203473945409,30,0.07444168734491315,PAN,71,0.1761786600496278,71,0.1761786600496278,101,0.2506203473945409,4,0.009925558312655087,3,0.007444168734491315,3,0.007444168734491315,190,0.47146401985111663,20,0.04962779156327544,1,0.0024813895781637717,1,0.0024813895781637717,3,0.007444168734491315,1,0.0024813895781637717,0,0.0,0,0.0,0,0.0,0,0.0,0,0.0,0,0.0,0,0.0,0,0.0,0,0.0,0,0.0,0,0.0,0,0.0,0,0.0,5,0.01240694789081886,403,1.0,SRC_MUNICIPAL_PRORRATEADA,SECCION,COMPLETO
882,19,NUEVO LEON,MONTERREY,,6,1312,1829,1007,0.5505740841990159,0.4494259158009841,MC,416,0.4131082423038729,145,0.14399205561072492,PRI,271,0.26911618669314796,80,0.07944389275074479,PAN,191,0.18967229394240318,MC,416,0.4131082423038729,145,0.14399205561072492,PRI,271,0.26911618669314796,80,0.07944389275074479,PAN,191,0.18967229394240318,191,0.18967229394240318,271,0.26911618669314796,2,0.0019860973187686196,5,0.004965243296921549,4,0.003972194637537239,416,0.4131082423038729,91,0.0903674280039722,1,0.0009930486593843098,0,0.0,0,0.0,8,0.007944389275074478,4,0.003972194637537239,0,0.0,1,0.0009930486593843098,0,0.0,0,0.0,2,0.0019860973187686196,0,0.0,1,0.0009930486593843098,0,0.0,1,0.0009930486593843098,0,0.0,0,0.0,0,0.0,9,0.00893743793445879,1007,1.0,SRC_MUNICIPAL_PRORRATEADA,SECCION,COMPLETO
883,19,NUEVO LEON,MONTERREY,,6,1313,623,343,0.550561797752809,0.449438202247191,MC,148,0.4314868804664723,46,0.13411078717201166,PRI,102,0.29737609329446063,53,0.15451895043731778,PAN,49,0.14285714285714285,MC,148,0.4314868804664723,46,0.13411078717201166,PRI,102,0.29737609329446063,53,0.15451895043731778,PAN,49,0.14285714285714285,49,0.14285714285714285,102,0.29737609329446063,3,0.008746355685131196,3,0.008746355685131196,2,0.0058309037900874635,148,0.4314868804664723,24,0.06997084548104957,1,0.0029154518950437317,1,0.0029154518950437317,1,0.0029154518950437317,0,0.0,1,0.0029154518950437317,1,0.0029154518950437317,1,0.0029154518950437317,0,0.0,0,0.0,0,0.0,0,0.0,0,0.0,0,0.0,0,0.0,0,0.0,0,0.0,0,0.0,6,0.01749271137026239,343,1.0,SRC_MUNICIPAL_PRORRATEADA,SECCION,COMPLETO
884,19,NUEVO LEON,MONTERREY,,6,1314,638,351,0.5501567398119123,0.44984326018808773,MC,104,0.2962962962962963,3,0.008547008547008548,PRI,101,0.28774928774928776,16,0.045584045584045586,PAN,85,0.24216524216524216,MC,104,0.2962962962962963,3,0.008547008547008548,PRI,101,0.28774928774928776,16,0.045584045584045586,PAN,85,0.24216524216524216,85,0.24216524216524216,101,0.28774928774928776,1,0.002849002849002849,3,0.008547008547008548,2,0.005698005698005698,104,0.2962962962962963,38,0.10826210826210826,4,0.011396011396011397,2,0.005698005698005698,1,0.002849002849002849,2,0.005698005698005698,0,0.0,0,0.0,0,0.0,0,0.0,0,0.0,0,0.0,0,0.0,0,0.0,0,0.0,1,0.002849002849002849,0,0.0,0,0.0,0,0.0,7,0.019943019943019943,351,1.0,SRC_MUNICIPAL_PRORRATEADA,SECCION,COMPLETO
885,19,NUEVO LEON,MONTERREY,,6,1315,1771,975,0.5505364201016375,0.4494635798983625,MC,422,0.4328205128205128,199,0.2041025641025641,PRI,223,0.2287179487179487,24,0.024615384615384615,PAN,199,0.2041025641025641,MC,422,0.4328205128205128,199,0.2041025641025641,PRI,223,0.2287179487179487,24,0.024615384615384615,PAN,199,0.2041025641025641,199,0.2041025641025641,223,0.2287179487179487,2,0.0020512820512820513,1,0.0010256410256410256,5,0.005128205128205128,422,0.4328205128205128,92,0.09435897435897436,5,0.005128205128205128,0,0.0,9,0.009230769230769232,3,0.003076923076923077,4,0.0041025641025641026,0,0.0,0,0.0,1,0.0010256410256410256,0,0.0,0,0.0,1,0.0010256410256410256,0,0.0,0,0.0,0,0.0,0,0.0,1,0.0010256410256410256,1,0.0010256410256410256,6,0.006153846153846154,975,1.0,SRC_MUNICIPAL_PRORRATEADA,SECCION,COMPLETO
886,19,NUEVO LEON,MONTERREY,,6,1319,663,365,0.55052790346908,0.44947209653092,MC,119,0.32602739726027397,3,0.00821917808219178,PRI,116,0.3178082191780822,37,0.10136986301369863,PAN,79,0.21643835616438356,MC,119,0.32602739726027397,3,0.00821917808219178,PRI,116,0.3178082191780822,37,0.10136986301369863,PAN,79,0.21643835616438356,79,0.21643835616438356,116,0.3178082191780822,1,0.0027397260273972603,1,0.0027397260273972603,0,0.0,119,0.32602739726027397,33,0.09041095890410959,0,0.0,1,0.0027397260273972603,1,0.0027397260273972603,2,0.005479452054794521,4,0.010958904109589041,5,0.0136986301369863,0,0.0,0,0.0,0,0.0,0,0.0,0,0.0,0,0.0,0,0.0,0,0.0,0,0.0,0,0.0,0,0.0,3,0.00821917808219178,365,1.0,SRC_MUNICIPAL_PRORRATEADA,SECCION,COMPLETO
887,19,NUEVO LEON,MONTERREY,,6,1320,579,319,0.5509499136442142,0.4490500863557858,MC,107,0.335423197492163,10,0.03134796238244514,PRI,97,0.30407523510971785,29,0.09090909090909091,PAN,68,0.21316614420062696,MC,107,0.335423197492163,10,0.03134796238244514,PRI,97,0.30407523510971785,29,0.09090909090909091,PAN,68,0.21316614420062696,68,0.21316614420062696,97,0.30407523510971785,1,0.003134796238244514,2,0.006269592476489028,2,0.006269592476489028,107,0.335423197492163,26,0.08150470219435736,1,0.003134796238244514,1,0.003134796238244514,3,0.009404388714733543,2,0.006269592476489028,1,0.003134796238244514,0,0.0,2,0.006269592476489028,0,0.0,0,0.0,0,0.0,0,0.0,0,0.0,0,0.0,1,0.003134796238244514,0,0.0,1,0.003134796238244514,0,0.0,4,0.012539184952978056,319,1.0,SRC_MUNICIPAL_PRORRATEADA,SECCION,COMPLETO
888,19,NUEVO LEON,MONTERREY,,6,1322,4,2,0.5,0.5,PAN,0,0.0,0,0.0,PRI,0,0.0,0,0.0,PRD,0,0.0,PAN,0,0.0,0,0.0,PRI,0,0.0,0,0.0,PRD,0,0.0,0,0.0,0,0.0,0,0.0,0,0.0,0,0.0,0,0.0,0,0.0,0,0.0,0,0.0,0,0.0,0,0.0,0,0.0,0,0.0,0,0.0,0,0.0,0,0.0,0,0.0,0,0.0,0,0.0,0,0.0,0,0.0,0,0.0,0,0.0,0,0.0,2,1.0,2,1.0,SRC_MUNICIPAL_PRORRATEADA,SECCION,COMPLETO
889,19,NUEVO LEON,MONTERREY,,6,1323,334,184,0.5508982035928144,0.4491017964071856,PRI,77,0.41847826086956524,15,0.08152173913043478,MC,62,0.33695652173913043,43,0.23369565217391305,PAN,19,0.10326086956521739,PRI,77,0.41847826086956524,15,0.08152173913043478,MC,62,0.33695652173913043,43,0.23369565217391305,PAN,19,0.10326086956521739,19,0.10326086956521739,77,0.41847826086956524,0,0.0,4,0.021739130434782608,2,0.010869565217391304,62,0.33695652173913043,13,0.07065217391304347,1,0.005434782608695652,0,0.0,1,0.005434782608695652,4,0.021739130434782608,0,0.0,0,0.0,0,0.0,0,0.0,0,0.0,0,0.0,0,0.0,0,0.0,0,0.0,0,0.0,0,0.0,0,0.0,0,0.0,1,0.005434782608695652,184,1.0,SRC_MUNICIPAL_PRORRATEADA,SECCION,COMPLETO
890,19,NUEVO LEON,MONTERREY,,6,1326,638,351,0.5501567398119123,0.44984326018808773,MC,157,0.4472934472934473,60,0.17094017094017094,PRI,97,0.27635327635327633,31,0.08831908831908832,PAN,66,0.18803418803418803,MC,157,0.4472934472934473,60,0.17094017094017094,PRI,97,0.27635327635327633,31,0.08831908831908832,PAN,66,0.18803418803418803,66,0.18803418803418803,97,0.27635327635327633,1,0.002849002849002849,1,0.002849002849002849,1,0.002849002849002849,157,0.4472934472934473,16,0.045584045584045586,1,0.002849002849002849,0,0.0,1,0.002849002849002849,6,0.017094017094017096,1,0.002849002849002849,1,0.002849002849002849,0,0.0,0,0.0,1,0.002849002849002849,0,0.0,0,0.0,0,0.0,0,0.0,0,0.0,0,0.0,0,0.0,0,0.0,1,0.002849002849002849,351,1.0,SRC_MUNICIPAL_PRORRATEADA,SECCION,COMPLETO
891,19,NUEVO LEON,MONTERREY,,6,1327,714,393,0.5504201680672269,0.44957983193277307,MC,195,0.4961832061068702,112,0.28498727735368956,PRI,83,0.21119592875318066,13,0.03307888040712468,PAN,70,0.178117048346056,MC,195,0.4961832061068702,112,0.28498727735368956,PRI,83,0.21119592875318066,13,0.03307888040712468,PAN,70,0.178117048346056,70,0.178117048346056,83,0.21119592875318066,1,0.002544529262086514,3,0.007633587786259542,3,0.007633587786259542,195,0.4961832061068702,27,0.06870229007633588,0,0.0,1,0.002544529262086514,0,0.0,2,0.005089058524173028,1,0.002544529262086514,1,0.002544529262086514,0,0.0,0,0.0,0,0.0,0,0.0,0,0.0,0,0.0,0,0.0,1,0.002544529262086514,0,0.0,0,0.0,0,0.0,5,0.01272264631043257,393,1.0,SRC_MUNICIPAL_PRORRATEADA,SECCION,COMPLETO
892,19,NUEVO LEON,MONTERREY,,6,1329,1446,796,0.5504840940525588,0.4495159059474412,MC,340,0.4271356783919598,126,0.15829145728643215,PRI,214,0.26884422110552764,71,0.08919597989949749,PAN,143,0.17964824120603015,MC,340,0.4271356783919598,126,0.15829145728643215,PRI,214,0.26884422110552764,71,0.08919597989949749,PAN,143,0.17964824120603015,143,0.17964824120603015,214,0.26884422110552764,6,0.007537688442211055,3,0.0037688442211055275,8,0.010050251256281407,340,0.4271356783919598,55,0.06909547738693467,2,0.002512562814070352,0,0.0,1,0.001256281407035176,6,0.007537688442211055,2,0.002512562814070352,1,0.001256281407035176,0,0.0,0,0.0,0,0.0,0,0.0,0,0.0,0,0.0,0,0.0,1,0.001256281407035176,0,0.0,0,0.0,0,0.0,14,0.017587939698492462,796,1.0,SRC_MUNICIPAL_PRORRATEADA,SECCION,COMPLETO
893,19,NUEVO LEON,MONTERREY,,6,1330,797,439,0.5508155583437893,0.44918444165621074,MC,208,0.47380410022779046,78,0.1776765375854214,PRI,130,0.296127562642369,71,0.16173120728929385,PAN,59,0.13439635535307518,MC,208,0.47380410022779046,78,0.1776765375854214,PRI,130,0.296127562642369,71,0.16173120728929385,PAN,59,0.13439635535307518,59,0.13439635535307518,130,0.296127562642369,1,0.002277904328018223,0,0.0,1,0.002277904328018223,208,0.47380410022779046,28,0.06378132118451026,2,0.004555808656036446,0,0.0,2,0.004555808656036446,2,0.004555808656036446,4,0.009111617312072893,0,0.0,0,0.0,0,0.0,0,0.0,0,0.0,0,0.0,0,0.0,0,0.0,0,0.0,0,0.0,0,0.0,0,0.0,2,0.004555808656036446,439,1.0,SRC_MUNICIPAL_PRORRATEADA,SECCION,COMPLETO
894,19,NUEVO LEON,MONTERREY,,6,1336,634,349,0.5504731861198738,0.44952681388012616,MC,154,0.44126074498567336,47,0.1346704871060172,PRI,107,0.30659025787965616,55,0.15759312320916904,PAN,52,0.1489971346704871,MC,154,0.44126074498567336,47,0.1346704871060172,PRI,107,0.30659025787965616,55,0.15759312320916904,PAN,52,0.1489971346704871,52,0.1489971346704871,107,0.30659025787965616,2,0.0057306590257879654,1,0.0028653295128939827,4,0.011461318051575931,154,0.44126074498567336,16,0.045845272206303724,2,0.0057306590257879654,2,0.0057306590257879654,3,0.008595988538681949,1,0.0028653295128939827,0,0.0,0,0.0,1,0.0028653295128939827,1,0.0028653295128939827,0,0.0,0,0.0,0,0.0,0,0.0,0,0.0,0,0.0,0,0.0,0,0.0,0,0.0,3,0.008595988538681949,349,1.0,SRC_MUNICIPAL_PRORRATEADA,SECCION,COMPLETO
895,19,NUEVO LEON,MONTERREY,,6,1338,636,350,0.550314465408805,0.449685534591195,MC,179,0.5114285714285715,99,0.28285714285714286,PRI,80,0.22857142857142856,18,0.05142857142857143,PAN,62,0.17714285714285713,MC,179,0.5114285714285715,99,0.28285714285714286,PRI,80,0.22857142857142856,18,0.05142857142857143,PAN,62,0.17714285714285713,62,0.17714285714285713,80,0.22857142857142856,2,0.005714285714285714,0,0.0,0,0.0,179,0.5114285714285715,15,0.04285714285714286,2,0.005714285714285714,1,0.002857142857142857,0,0.0,0,0.0,1,0.002857142857142857,1,0.002857142857142857,0,0.0,0,0.0,1,0.002857142857142857,0,0.0,0,0.0,0,0.0,0,0.0,0,0.0,0,0.0,0,0.0,1,0.002857142857142857,5,0.014285714285714285,350,1.0,SRC_MUNICIPAL_PRORRATEADA,SECCION,COMPLETO
896,19,NUEVO LEON,MONTERREY,,6,1339,412,227,0.5509708737864077,0.44902912621359226,PRI,83,0.3656387665198238,3,0.013215859030837005,MC,80,0.3524229074889868,47,0.20704845814977973,PAN,33,0.14537444933920704,PRI,83,0.3656387665198238,3,0.013215859030837005,MC,80,0.3524229074889868,47,0.20704845814977973,PAN,33,0.14537444933920704,33,0.14537444933920704,83,0.3656387665198238,1,0.004405286343612335,2,0.00881057268722467,1,0.004405286343612335,80,0.3524229074889868,20,0.0881057268722467,0,0.0,1,0.004405286343612335,0,0.0,0,0.0,1,0.004405286343612335,0,0.0,0,0.0,0,0.0,0,0.0,0,0.0,0,0.0,0,0.0,0,0.0,0,0.0,0,0.0,0,0.0,0,0.0,5,0.022026431718061675,227,1.0,SRC_MUNICIPAL_PRORRATEADA,SECCION,COMPLETO
897,19,NUEVO LEON,MONTERREY,,6,1341,554,305,0.5505415162454874,0.4494584837545126,MC,120,0.39344262295081966,32,0.10491803278688525,PRI,88,0.28852459016393445,35,0.11475409836065574,PAN,53,0.1737704918032787,MC,120,0.39344262295081966,32,0.10491803278688525,PRI,88,0.28852459016393445,35,0.11475409836065574,PAN,53,0.1737704918032787,53,0.1737704918032787,88,0.28852459016393445,0,0.0,1,0.003278688524590164,3,0.009836065573770493,120,0.39344262295081966,21,0.06885245901639345,1,0.003278688524590164,1,0.003278688524590164,0,0.0,2,0.006557377049180328,2,0.006557377049180328,1,0.003278688524590164,1,0.003278688524590164,0,0.0,0,0.0,0,0.0,0,0.0,0,0.0,0,0.0,0,0.0,0,0.0,0,0.0,0,0.0,11,0.036065573770491806,305,1.0,SRC_MUNICIPAL_PRORRATEADA,SECCION,COMPLETO
898,19,NUEVO LEON,MONTERREY,,6,1343,458,252,0.5502183406113537,0.44978165938864634,MC,89,0.3531746031746032,2,0.007936507936507936,PRI,87,0.34523809523809523,53,0.21031746031746032,PAN,34,0.1349206349206349,MC,89,0.3531746031746032,2,0.007936507936507936,PRI,87,0.34523809523809523,53,0.21031746031746032,PAN,34,0.1349206349206349,34,0.1349206349206349,87,0.34523809523809523,0,0.0,2,0.007936507936507936,4,0.015873015873015872,89,0.3531746031746032,19,0.07539682539682539,3,0.011904761904761904,3,0.011904761904761904,0,0.0,1,0.003968253968253968,1,0.003968253968253968,0,0.0,2,0.007936507936507936,0,0.0,1,0.003968253968253968,0,0.0,0,0.0,0,0.0,1,0.003968253968253968,0,0.0,0,0.0,1,0.003968253968253968,0,0.0,4,0.015873015873015872,252,1.0,SRC_MUNICIPAL_PRORRATEADA,SECCION,COMPLETO
899,19,NUEVO LEON,MONTERREY,,6,1346,728,401,0.5508241758241759,0.44917582417582413,MC,199,0.49625935162094764,102,0.2543640897755611,PRI,97,0.24189526184538654,38,0.09476309226932668,PAN,59,0.14713216957605985,MC,199,0.49625935162094764,102,0.2543640897755611,PRI,97,0.24189526184538654,38,0.09476309226932668,PAN,59,0.14713216957605985,59,0.14713216957605985,97,0.24189526184538654,1,0.0024937655860349127,1,0.0024937655860349127,4,0.00997506234413965,199,0.49625935162094764,30,0.07481296758104738,1,0.0024937655860349127,1,0.0024937655860349127,1,0.0024937655860349127,2,0.004987531172069825,1,0.0024937655860349127,0,0.0,0,0.0,0,0.0,0,0.0,0,0.0,0,0.0,0,0.0,0,0.0,2,0.004987531172069825,0,0.0,0,0.0,0,0.0,2,0.004987531172069825,401,1.0,SRC_MUNICIPAL_PRORRATEADA,SECCION,COMPLETO
900,19,NUEVO LEON,MONTERREY,,6,1364,719,396,0.5507649513212796,0.44923504867872044,MC,161,0.4065656565656566,34,0.08585858585858586,PRI,127,0.3207070707070707,67,0.1691919191919192,PAN,60,0.15151515151515152,MC,161,0.4065656565656566,34,0.08585858585858586,PRI,127,0.3207070707070707,67,0.1691919191919192,PAN,60,0.15151515151515152,60,0.15151515151515152,127,0.3207070707070707,0,0.0,3,0.007575757575757576,1,0.0025252525252525255,161,0.4065656565656566,29,0.07323232323232323,4,0.010101010101010102,3,0.007575757575757576,1,0.0025252525252525255,0,0.0,1,0.0025252525252525255,1,0.0025252525252525255,0,0.0,0,0.0,0,0.0,0,0.0,0,0.0,0,0.0,0,0.0,1,0.0025252525252525255,0,0.0,0,0.0,0,0.0,4,0.010101010101010102,396,1.0,SRC_MUNICIPAL_PRORRATEADA,SECCION,COMPLETO
901,19,NUEVO LEON,MONTERREY,,6,1367,565,311,0.5504424778761062,0.44955752212389377,PRI,111,0.35691318327974275,7,0.022508038585209004,MC,104,0.33440514469453375,46,0.14790996784565916,PAN,58,0.1864951768488746,PRI,111,0.35691318327974275,7,0.022508038585209004,MC,104,0.33440514469453375,46,0.14790996784565916,PAN,58,0.1864951768488746,58,0.1864951768488746,111,0.35691318327974275,0,0.0,3,0.00964630225080386,1,0.003215434083601286,104,0.33440514469453375,22,0.0707395498392283,0,0.0,0,0.0,0,0.0,3,0.00964630225080386,2,0.006430868167202572,1,0.003215434083601286,0,0.0,0,0.0,1,0.003215434083601286,0,0.0,0,0.0,0,0.0,1,0.003215434083601286,0,0.0,0,0.0,0,0.0,0,0.0,4,0.012861736334405145,311,1.0,SRC_MUNICIPAL_PRORRATEADA,SECCION,COMPLETO
902,19,NUEVO LEON,MONTERREY,,6,1368,1248,687,0.5504807692307693,0.4495192307692307,PRI,277,0.4032023289665211,57,0.08296943231441048,MC,220,0.32023289665211063,115,0.16739446870451238,PAN,105,0.15283842794759825,PRI,277,0.4032023289665211,57,0.08296943231441048,MC,220,0.32023289665211063,115,0.16739446870451238,PAN,105,0.15283842794759825,105,0.15283842794759825,277,0.4032023289665211,1,0.001455604075691412,7,0.010189228529839884,5,0.00727802037845706,220,0.32023289665211063,48,0.06986899563318777,2,0.002911208151382824,3,0.004366812227074236,0,0.0,3,0.004366812227074236,2,0.002911208151382824,0,0.0,0,0.0,0,0.0,0,0.0,0,0.0,0,0.0,1,0.001455604075691412,1,0.001455604075691412,0,0.0,0,0.0,0,0.0,0,0.0,12,0.017467248908296942,687,1.0,SRC_MUNICIPAL_PRORRATEADA,SECCION,COMPLETO
903,19,NUEVO LEON,MONTERREY,,6,1369,458,252,0.5502183406113537,0.44978165938864634,PRI,119,0.4722222222222222,46,0.18253968253968253,MC,73,0.2896825396825397,43,0.17063492063492064,PAN,30,0.11904761904761904,PRI,119,0.4722222222222222,46,0.18253968253968253,MC,73,0.2896825396825397,43,0.17063492063492064,PAN,30,0.11904761904761904,30,0.11904761904761904,119,0.4722222222222222,0,0.0,1,0.003968253968253968,2,0.007936507936507936,73,0.2896825396825397,14,0.05555555555555555,2,0.007936507936507936,0,0.0,1,0.003968253968253968,1,0.003968253968253968,4,0.015873015873015872,0,0.0,0,0.0,0,0.0,0,0.0,0,0.0,0,0.0,1,0.003968253968253968,0,0.0,0,0.0,0,0.0,0,0.0,0,0.0,4,0.015873015873015872,252,1.0,SRC_MUNICIPAL_PRORRATEADA,SECCION,COMPLETO
904,19,NUEVO LEON,MONTERREY,,6,1370,421,232,0.5510688836104513,0.44893111638954875,PRI,154,0.6637931034482759,116,0.5,MC,38,0.16379310344827586,24,0.10344827586206896,MORENA,14,0.0603448275862069,PRI,154,0.6637931034482759,116,0.5,MC,38,0.16379310344827586,24,0.10344827586206896,MORENA,14,0.0603448275862069,11,0.04741379310344827,154,0.6637931034482759,2,0.008620689655172414,1,0.004310344827586207,1,0.004310344827586207,38,0.16379310344827586,14,0.0603448275862069,3,0.01293103448275862,0,0.0,1,0.004310344827586207,1,0.004310344827586207,1,0.004310344827586207,1,0.004310344827586207,0,0.0,0,0.0,0,0.0,0,0.0,0,0.0,0,0.0,0,0.0,0,0.0,0,0.0,0,0.0,0,0.0,4,0.017241379310344827,232,1.0,SRC_MUNICIPAL_PRORRATEADA,SECCION,COMPLETO
905,19,NUEVO LEON,MONTERREY,,6,1371,432,238,0.5509259259259259,0.44907407407407407,PRI,145,0.6092436974789915,99,0.41596638655462187,MC,46,0.19327731092436976,28,0.11764705882352941,PAN,18,0.07563025210084033,PRI,145,0.6092436974789915,99,0.41596638655462187,MC,46,0.19327731092436976,28,0.11764705882352941,PAN,18,0.07563025210084033,18,0.07563025210084033,145,0.6092436974789915,0,0.0,2,0.008403361344537815,2,0.008403361344537815,46,0.19327731092436976,16,0.06722689075630252,1,0.004201680672268907,0,0.0,0,0.0,1,0.004201680672268907,2,0.008403361344537815,0,0.0,0,0.0,0,0.0,0,0.0,0,0.0,0,0.0,0,0.0,0,0.0,0,0.0,0,0.0,0,0.0,0,0.0,5,0.02100840336134454,238,1.0,SRC_MUNICIPAL_PRORRATEADA,SECCION,COMPLETO
906,19,NUEVO LEON,MONTERREY,,6,1372,1144,630,0.5506993006993007,0.44930069930069927,PRI,259,0.4111111111111111,61,0.09682539682539683,MC,198,0.3142857142857143,109,0.173015873015873,PAN,89,0.14126984126984127,PRI,259,0.4111111111111111,61,0.09682539682539683,MC,198,0.3142857142857143,109,0.173015873015873,PAN,89,0.14126984126984127,89,0.14126984126984127,259,0.4111111111111111,3,0.004761904761904762,7,0.011111111111111112,4,0.006349206349206349,198,0.3142857142857143,44,0.06984126984126984,3,0.004761904761904762,3,0.004761904761904762,1,0.0015873015873015873,0,0.0,6,0.009523809523809525,1,0.0015873015873015873,0,0.0,0,0.0,0,0.0,0,0.0,0,0.0,0,0.0,0,0.0,2,0.0031746031746031746,0,0.0,0,0.0,0,0.0,10,0.015873015873015872,630,1.0,SRC_MUNICIPAL_PRORRATEADA,SECCION,COMPLETO
907,19,NUEVO LEON,MONTERREY,,6,1399,1609,886,0.550652579241765,0.44934742075823497,PRI,445,0.5022573363431151,193,0.2178329571106095,MC,252,0.28442437923250563,177,0.19977426636568849,MORENA,75,0.08465011286681716,PRI,445,0.5022573363431151,193,0.2178329571106095,MC,252,0.28442437923250563,177,0.19977426636568849,MORENA,75,0.08465011286681716,65,0.07336343115124154,445,0.5022573363431151,2,0.002257336343115124,7,0.007900677200902935,2,0.002257336343115124,252,0.28442437923250563,75,0.08465011286681716,2,0.002257336343115124,2,0.002257336343115124,1,0.001128668171557562,3,0.003386004514672686,3,0.003386004514672686,2,0.002257336343115124,1,0.001128668171557562,0,0.0,0,0.0,1,0.001128668171557562,0,0.0,0,0.0,0,0.0,1,0.001128668171557562,0,0.0,0,0.0,0,0.0,22,0.024830699774266364,886,1.0,SRC_MUNICIPAL_PRORRATEADA,SECCION,COMPLETO
908,19,NUEVO LEON,MONTERREY,,6,1400,1893,1042,0.5504490227152667,0.44955097728473326,PRI,480,0.46065259117082535,220,0.21113243761996162,MC,260,0.2495201535508637,160,0.15355086372360843,PAN,100,0.09596928982725528,PRI,480,0.46065259117082535,220,0.21113243761996162,MC,260,0.2495201535508637,160,0.15355086372360843,PAN,100,0.09596928982725528,100,0.09596928982725528,480,0.46065259117082535,2,0.0019193857965451055,5,0.0047984644913627635,68,0.06525911708253358,260,0.2495201535508637,80,0.07677543186180422,7,0.0067178502879078695,1,0.0009596928982725527,2,0.0019193857965451055,3,0.0028790786948176585,8,0.007677543186180422,2,0.0019193857965451055,0,0.0,0,0.0,0,0.0,0,0.0,0,0.0,0,0.0,0,0.0,2,0.0019193857965451055,0,0.0,0,0.0,0,0.0,22,0.02111324376199616,1042,1.0,SRC_MUNICIPAL_PRORRATEADA,SECCION,COMPLETO
909,19,NUEVO LEON,MONTERREY,,6,1651,425,234,0.5505882352941176,0.4494117647058824,MC,82,0.3504273504273504,13,0.05555555555555555,PRI,69,0.2948717948717949,26,0.1111111111111111,PAN,43,0.18376068376068377,MC,82,0.3504273504273504,13,0.05555555555555555,PRI,69,0.2948717948717949,26,0.1111111111111111,PAN,43,0.18376068376068377,43,0.18376068376068377,69,0.2948717948717949,3,0.01282051282051282,1,0.004273504273504274,2,0.008547008547008548,82,0.3504273504273504,23,0.09829059829059829,1,0.004273504273504274,2,0.008547008547008548,0,0.0,0,0.0,3,0.01282051282051282,0,0.0,0,0.0,0,0.0,0,0.0,0,0.0,0,0.0,0,0.0,0,0.0,0,0.0,0,0.0,1,0.004273504273504274,0,0.0,4,0.017094017094017096,234,1.0,SRC_MUNICIPAL_PRORRATEADA,SECCION,COMPLETO
910,19,NUEVO LEON,MONTERREY,,6,1653,946,521,0.5507399577167019,0.4492600422832981,PRI,182,0.3493282149712092,21,0.04030710172744722,MC,161,0.30902111324376197,58,0.11132437619961612,PAN,103,0.19769673704414586,PRI,182,0.3493282149712092,21,0.04030710172744722,MC,161,0.30902111324376197,58,0.11132437619961612,PAN,103,0.19769673704414586,103,0.19769673704414586,182,0.3493282149712092,0,0.0,5,0.009596928982725527,8,0.015355086372360844,161,0.30902111324376197,35,0.0671785028790787,3,0.005758157389635317,0,0.0,2,0.003838771593090211,6,0.011516314779270634,3,0.005758157389635317,1,0.0019193857965451055,0,0.0,0,0.0,1,0.0019193857965451055,1,0.0019193857965451055,0,0.0,0,0.0,0,0.0,0,0.0,0,0.0,0,0.0,0,0.0,10,0.019193857965451054,521,1.0,SRC_MUNICIPAL_PRORRATEADA,SECCION,COMPLETO
911,19,NUEVO LEON,MONTERREY,,6,1657,714,393,0.5504201680672269,0.44957983193277307,MC,143,0.3638676844783715,31,0.07888040712468193,PRI,112,0.28498727735368956,19,0.04834605597964377,PAN,93,0.2366412213740458,MC,143,0.3638676844783715,31,0.07888040712468193,PRI,112,0.28498727735368956,19,0.04834605597964377,PAN,93,0.2366412213740458,93,0.2366412213740458,112,0.28498727735368956,3,0.007633587786259542,4,0.010178117048346057,2,0.005089058524173028,143,0.3638676844783715,21,0.05343511450381679,2,0.005089058524173028,1,0.002544529262086514,1,0.002544529262086514,2,0.005089058524173028,2,0.005089058524173028,1,0.002544529262086514,0,0.0,0,0.0,0,0.0,0,0.0,0,0.0,1,0.002544529262086514,0,0.0,0,0.0,0,0.0,0,0.0,0,0.0,5,0.01272264631043257,393,1.0,SRC_MUNICIPAL_PRORRATEADA,SECCION,COMPLETO
912,19,NUEVO LEON,MONTERREY,,6,1658,545,300,0.5504587155963303,0.4495412844036697,PRI,109,0.36333333333333334,17,0.056666666666666664,MC,92,0.30666666666666664,41,0.13666666666666666,PAN,51,0.17,PRI,109,0.36333333333333334,17,0.056666666666666664,MC,92,0.30666666666666664,41,0.13666666666666666,PAN,51,0.17,51,0.17,109,0.36333333333333334,2,0.006666666666666667,2,0.006666666666666667,3,0.01,92,0.30666666666666664,24,0.08,0,0.0,0,0.0,1,0.0033333333333333335,4,0.013333333333333334,1,0.0033333333333333335,0,0.0,0,0.0,0,0.0,0,0.0,0,0.0,0,0.0,0,0.0,0,0.0,2,0.006666666666666667,0,0.0,0,0.0,0,0.0,9,0.03,300,1.0,SRC_MUNICIPAL_PRORRATEADA,SECCION,COMPLETO
913,19,NUEVO LEON,MONTERREY,,6,1659,578,318,0.5501730103806228,0.44982698961937717,MC,111,0.3490566037735849,20,0.06289308176100629,PRI,91,0.2861635220125786,35,0.11006289308176101,PAN,56,0.1761006289308176,MC,111,0.3490566037735849,20,0.06289308176100629,PRI,91,0.2861635220125786,35,0.11006289308176101,PAN,56,0.1761006289308176,56,0.1761006289308176,91,0.2861635220125786,3,0.009433962264150943,4,0.012578616352201259,2,0.006289308176100629,111,0.3490566037735849,38,0.11949685534591195,1,0.0031446540880503146,2,0.006289308176100629,0,0.0,1,0.0031446540880503146,2,0.006289308176100629,0,0.0,0,0.0,0,0.0,0,0.0,0,0.0,1,0.0031446540880503146,0,0.0,0,0.0,1,0.0031446540880503146,1,0.0031446540880503146,0,0.0,0,0.0,4,0.012578616352201259,318,1.0,SRC_MUNICIPAL_PRORRATEADA,SECCION,COMPLETO
914,19,NUEVO LEON,MONTERREY,,6,1660,405,223,0.5506172839506173,0.44938271604938274,MC,69,0.3094170403587444,3,0.013452914798206279,PRI,66,0.29596412556053814,21,0.09417040358744394,PAN,45,0.20179372197309417,MC,69,0.3094170403587444,3,0.013452914798206279,PRI,66,0.29596412556053814,21,0.09417040358744394,PAN,45,0.20179372197309417,45,0.20179372197309417,66,0.29596412556053814,0,0.0,1,0.004484304932735426,4,0.017937219730941704,69,0.3094170403587444,24,0.10762331838565023,2,0.008968609865470852,1,0.004484304932735426,1,0.004484304932735426,1,0.004484304932735426,0,0.0,0,0.0,0,0.0,0,0.0,0,0.0,0,0.0,0,0.0,1,0.004484304932735426,0,0.0,0,0.0,0,0.0,0,0.0,0,0.0,8,0.03587443946188341,223,1.0,SRC_MUNICIPAL_PRORRATEADA,SECCION,COMPLETO
915,19,NUEVO LEON,MONTERREY,,6,1661,823,453,0.5504252733900364,0.44957472660996356,MC,175,0.38631346578366443,58,0.1280353200883002,PRI,117,0.2582781456953642,34,0.07505518763796909,PAN,83,0.18322295805739514,MC,175,0.38631346578366443,58,0.1280353200883002,PRI,117,0.2582781456953642,34,0.07505518763796909,PAN,83,0.18322295805739514,83,0.18322295805739514,117,0.2582781456953642,0,0.0,5,0.011037527593818985,5,0.011037527593818985,175,0.38631346578366443,51,0.11258278145695365,3,0.006622516556291391,0,0.0,0,0.0,1,0.002207505518763797,0,0.0,0,0.0,2,0.004415011037527594,0,0.0,0,0.0,0,0.0,0,0.0,1,0.002207505518763797,0,0.0,1,0.002207505518763797,0,0.0,0,0.0,0,0.0,9,0.019867549668874173,453,1.0,SRC_MUNICIPAL_PRORRATEADA,SECCION,COMPLETO
916,19,NUEVO LEON,MONTERREY,,6,1662,643,354,0.5505443234836703,0.44945567651632967,MC,151,0.4265536723163842,63,0.17796610169491525,PRI,88,0.24858757062146894,34,0.096045197740113,PAN,54,0.15254237288135594,MC,151,0.4265536723163842,63,0.17796610169491525,PRI,88,0.24858757062146894,34,0.096045197740113,PAN,54,0.15254237288135594,54,0.15254237288135594,88,0.24858757062146894,0,0.0,3,0.00847457627118644,0,0.0,151,0.4265536723163842,40,0.11299435028248588,0,0.0,0,0.0,0,0.0,2,0.005649717514124294,0,0.0,1,0.002824858757062147,1,0.002824858757062147,0,0.0,1,0.002824858757062147,0,0.0,0,0.0,0,0.0,0,0.0,0,0.0,0,0.0,0,0.0,0,0.0,13,0.03672316384180791,354,1.0,SRC_MUNICIPAL_PRORRATEADA,SECCION,COMPLETO
917,19,NUEVO LEON,MONTERREY,,6,1663,696,383,0.5502873563218391,0.4497126436781609,MC,131,0.34203655352480417,3,0.007832898172323759,PRI,128,0.3342036553524804,60,0.1566579634464752,PAN,68,0.17754569190600522,MC,131,0.34203655352480417,3,0.007832898172323759,PRI,128,0.3342036553524804,60,0.1566579634464752,PAN,68,0.17754569190600522,68,0.17754569190600522,128,0.3342036553524804,3,0.007832898172323759,2,0.005221932114882507,0,0.0,131,0.34203655352480417,39,0.10182767624020887,1,0.0026109660574412533,2,0.005221932114882507,1,0.0026109660574412533,2,0.005221932114882507,0,0.0,1,0.0026109660574412533,0,0.0,0,0.0,1,0.0026109660574412533,0,0.0,0,0.0,0,0.0,0,0.0,0,0.0,0,0.0,1,0.0026109660574412533,0,0.0,3,0.007832898172323759,383,1.0,SRC_MUNICIPAL_PRORRATEADA,SECCION,COMPLETO
918,19,NUEVO LEON,MONTERREY,,6,1664,499,275,0.5511022044088176,0.44889779559118237,PRI,112,0.4072727272727273,26,0.09454545454545454,MC,86,0.31272727272727274,54,0.19636363636363635,PAN,32,0.11636363636363636,PRI,112,0.4072727272727273,26,0.09454545454545454,MC,86,0.31272727272727274,54,0.19636363636363635,PAN,32,0.11636363636363636,32,0.11636363636363636,112,0.4072727272727273,1,0.0036363636363636364,2,0.007272727272727273,1,0.0036363636363636364,86,0.31272727272727274,28,0.10181818181818182,1,0.0036363636363636364,1,0.0036363636363636364,3,0.01090909090909091,2,0.007272727272727273,0,0.0,0,0.0,0,0.0,0,0.0,0,0.0,0,0.0,0,0.0,0,0.0,1,0.0036363636363636364,0,0.0,0,0.0,0,0.0,0,0.0,5,0.01818181818181818,275,1.0,SRC_MUNICIPAL_PRORRATEADA,SECCION,COMPLETO
919,19,NUEVO LEON,MONTERREY,,6,1665,351,193,0.5498575498575499,0.45014245014245013,PRI,97,0.5025906735751295,45,0.23316062176165803,MC,52,0.2694300518134715,28,0.14507772020725387,MORENA,24,0.12435233160621761,PRI,97,0.5025906735751295,45,0.23316062176165803,MC,52,0.2694300518134715,28,0.14507772020725387,MORENA,24,0.12435233160621761,16,0.08290155440414508,97,0.5025906735751295,0,0.0,0,0.0,0,0.0,52,0.2694300518134715,24,0.12435233160621761,0,0.0,2,0.010362694300518135,1,0.0051813471502590676,1,0.0051813471502590676,0,0.0,0,0.0,0,0.0,0,0.0,0,0.0,0,0.0,0,0.0,0,0.0,0,0.0,0,0.0,0,0.0,0,0.0,0,0.0,0,0.0,193,1.0,SRC_MUNICIPAL_PRORRATEADA,SECCION,COMPLETO
920,19,NUEVO LEON,MONTERREY,,6,1668,545,300,0.5504587155963303,0.4495412844036697,MC,107,0.3566666666666667,1,0.0033333333333333335,PRI,106,0.35333333333333333,58,0.19333333333333333,PAN,48,0.16,MC,107,0.3566666666666667,1,0.0033333333333333335,PRI,106,0.35333333333333333,58,0.19333333333333333,PAN,48,0.16,48,0.16,106,0.35333333333333333,2,0.006666666666666667,2,0.006666666666666667,7,0.023333333333333334,107,0.3566666666666667,25,0.08333333333333333,1,0.0033333333333333335,0,0.0,0,0.0,1,0.0033333333333333335,0,0.0,1,0.0033333333333333335,0,0.0,0,0.0,0,0.0,0,0.0,0,0.0,0,0.0,0,0.0,0,0.0,0,0.0,0,0.0,0,0.0,0,0.0,300,1.0,SRC_MUNICIPAL_PRORRATEADA,SECCION,COMPLETO
921,19,NUEVO LEON,MONTERREY,,6,1669,369,203,0.5501355013550135,0.44986449864498645,PRI,76,0.37438423645320196,15,0.07389162561576355,MC,61,0.30049261083743845,32,0.15763546798029557,MORENA,29,0.14285714285714285,PRI,76,0.37438423645320196,15,0.07389162561576355,MC,61,0.30049261083743845,32,0.15763546798029557,MORENA,29,0.14285714285714285,20,0.09852216748768473,76,0.37438423645320196,0,0.0,4,0.019704433497536946,1,0.0049261083743842365,61,0.30049261083743845,29,0.14285714285714285,3,0.014778325123152709,0,0.0,1,0.0049261083743842365,2,0.009852216748768473,0,0.0,2,0.009852216748768473,0,0.0,0,0.0,0,0.0,0,0.0,0,0.0,0,0.0,0,0.0,0,0.0,0,0.0,0,0.0,0,0.0,4,0.019704433497536946,203,1.0,SRC_MUNICIPAL_PRORRATEADA,SECCION,COMPLETO
922,19,NUEVO LEON,MONTERREY,,6,1670,592,326,0.5506756756756757,0.44932432432432434,PRI,114,0.3496932515337423,0,0.0,MC,114,0.3496932515337423,64,0.19631901840490798,PAN,50,0.15337423312883436,PRI,114,0.3496932515337423,0,0.0,MC,114,0.3496932515337423,64,0.19631901840490798,PAN,50,0.15337423312883436,50,0.15337423312883436,114,0.3496932515337423,3,0.009202453987730062,2,0.006134969325153374,3,0.009202453987730062,114,0.3496932515337423,27,0.08282208588957055,2,0.006134969325153374,0,0.0,1,0.003067484662576687,2,0.006134969325153374,1,0.003067484662576687,0,0.0,0,0.0,0,0.0,0,0.0,0,0.0,0,0.0,0,0.0,0,0.0,1,0.003067484662576687,0,0.0,1,0.003067484662576687,0,0.0,5,0.015337423312883436,326,1.0,SRC_MUNICIPAL_PRORRATEADA,SECCION,COMPLETO
923,19,NUEVO LEON,MONTERREY,,6,1671,331,182,0.5498489425981873,0.4501510574018127,MC,71,0.3901098901098901,19,0.1043956043956044,PRI,52,0.2857142857142857,25,0.13736263736263737,PAN,27,0.14835164835164835,MC,71,0.3901098901098901,19,0.1043956043956044,PRI,52,0.2857142857142857,25,0.13736263736263737,PAN,27,0.14835164835164835,27,0.14835164835164835,52,0.2857142857142857,3,0.016483516483516484,1,0.005494505494505495,0,0.0,71,0.3901098901098901,17,0.09340659340659341,0,0.0,1,0.005494505494505495,0,0.0,2,0.01098901098901099,0,0.0,0,0.0,0,0.0,0,0.0,0,0.0,0,0.0,0,0.0,0,0.0,0,0.0,0,0.0,0,0.0,1,0.005494505494505495,0,0.0,7,0.038461538461538464,182,1.0,SRC_MUNICIPAL_PRORRATEADA,SECCION,COMPLETO
924,19,NUEVO LEON,MONTERREY,,6,1672,774,426,0.5503875968992248,0.4496124031007752,PRI,164,0.38497652582159625,21,0.04929577464788732,MC,143,0.33568075117370894,94,0.22065727699530516,PAN,49,0.11502347417840375,PRI,164,0.38497652582159625,21,0.04929577464788732,MC,143,0.33568075117370894,94,0.22065727699530516,PAN,49,0.11502347417840375,49,0.11502347417840375,164,0.38497652582159625,1,0.002347417840375587,4,0.009389671361502348,4,0.009389671361502348,143,0.33568075117370894,47,0.11032863849765258,0,0.0,2,0.004694835680751174,0,0.0,1,0.002347417840375587,0,0.0,2,0.004694835680751174,0,0.0,0,0.0,0,0.0,0,0.0,0,0.0,0,0.0,0,0.0,0,0.0,0,0.0,0,0.0,0,0.0,9,0.02112676056338028,426,1.0,SRC_MUNICIPAL_PRORRATEADA,SECCION,COMPLETO
925,19,NUEVO LEON,MONTERREY,,6,1673,1210,666,0.5504132231404959,0.4495867768595041,PRI,216,0.32432432432432434,7,0.010510510510510511,MC,209,0.3138138138138138,100,0.15015015015015015,PAN,109,0.16366366366366367,PRI,216,0.32432432432432434,7,0.010510510510510511,MC,209,0.3138138138138138,100,0.15015015015015015,PAN,109,0.16366366366366367,109,0.16366366366366367,216,0.32432432432432434,2,0.003003003003003003,6,0.009009009009009009,6,0.009009009009009009,209,0.3138138138138138,86,0.12912912912912913,3,0.0045045045045045045,0,0.0,3,0.0045045045045045045,3,0.0045045045045045045,1,0.0015015015015015015,1,0.0015015015015015015,1,0.0015015015015015015,0,0.0,0,0.0,0,0.0,0,0.0,0,0.0,0,0.0,0,0.0,0,0.0,1,0.0015015015015015015,0,0.0,19,0.028528528528528527,666,1.0,SRC_MUNICIPAL_PRORRATEADA,SECCION,COMPLETO
926,19,NUEVO LEON,MONTERREY,,6,1674,498,274,0.5502008032128514,0.44979919678714864,PRI,99,0.3613138686131387,10,0.0364963503649635,MC,89,0.3248175182481752,42,0.15328467153284672,PAN,47,0.17153284671532848,PRI,99,0.3613138686131387,10,0.0364963503649635,MC,89,0.3248175182481752,42,0.15328467153284672,PAN,47,0.17153284671532848,47,0.17153284671532848,99,0.3613138686131387,0,0.0,2,0.0072992700729927005,3,0.010948905109489052,89,0.3248175182481752,24,0.08759124087591241,1,0.0036496350364963502,0,0.0,1,0.0036496350364963502,2,0.0072992700729927005,1,0.0036496350364963502,0,0.0,0,0.0,0,0.0,0,0.0,0,0.0,0,0.0,0,0.0,0,0.0,0,0.0,0,0.0,0,0.0,0,0.0,5,0.01824817518248175,274,1.0,SRC_MUNICIPAL_PRORRATEADA,SECCION,COMPLETO
927,19,NUEVO LEON,MONTERREY,,6,1675,1010,556,0.5504950495049505,0.44950495049504946,PRI,201,0.36151079136690645,1,0.0017985611510791368,MC,200,0.3597122302158273,138,0.24820143884892087,PAN,62,0.11151079136690648,PRI,201,0.36151079136690645,1,0.0017985611510791368,MC,200,0.3597122302158273,138,0.24820143884892087,PAN,62,0.11151079136690648,62,0.11151079136690648,201,0.36151079136690645,1,0.0017985611510791368,3,0.00539568345323741,6,0.01079136690647482,200,0.3597122302158273,52,0.09352517985611511,5,0.008992805755395683,1,0.0017985611510791368,2,0.0035971223021582736,3,0.00539568345323741,2,0.0035971223021582736,0,0.0,2,0.0035971223021582736,0,0.0,1,0.0017985611510791368,0,0.0,0,0.0,1,0.0017985611510791368,0,0.0,1,0.0017985611510791368,0,0.0,0,0.0,0,0.0,13,0.023381294964028777,556,1.0,SRC_MUNICIPAL_PRORRATEADA,SECCION,COMPLETO
928,19,NUEVO LEON,MONTERREY,,6,1676,928,511,0.5506465517241379,0.4493534482758621,MC,188,0.3679060665362035,23,0.04500978473581213,PRI,165,0.32289628180039137,102,0.19960861056751467,MORENA,63,0.1232876712328767,MC,188,0.3679060665362035,23,0.04500978473581213,PRI,165,0.32289628180039137,102,0.19960861056751467,MORENA,63,0.1232876712328767,60,0.11741682974559686,165,0.32289628180039137,1,0.0019569471624266144,7,0.0136986301369863,4,0.007827788649706457,188,0.3679060665362035,63,0.1232876712328767,5,0.009784735812133072,0,0.0,2,0.003913894324853229,4,0.007827788649706457,0,0.0,1,0.0019569471624266144,0,0.0,0,0.0,0,0.0,0,0.0,0,0.0,0,0.0,0,0.0,1,0.0019569471624266144,0,0.0,0,0.0,0,0.0,10,0.019569471624266144,511,1.0,SRC_MUNICIPAL_PRORRATEADA,SECCION,COMPLETO
929,19,NUEVO LEON,MONTERREY,,6,1677,282,155,0.549645390070922,0.45035460992907805,PRI,75,0.4838709677419355,38,0.24516129032258063,MC,37,0.23870967741935484,13,0.08387096774193549,PAN,24,0.15483870967741936,PRI,75,0.4838709677419355,38,0.24516129032258063,MC,37,0.23870967741935484,13,0.08387096774193549,PAN,24,0.15483870967741936,24,0.15483870967741936,75,0.4838709677419355,0,0.0,2,0.012903225806451613,0,0.0,37,0.23870967741935484,13,0.08387096774193549,1,0.0064516129032258064,0,0.0,0,0.0,0,0.0,0,0.0,0,0.0,0,0.0,0,0.0,0,0.0,0,0.0,0,0.0,0,0.0,0,0.0,1,0.0064516129032258064,0,0.0,0,0.0,0,0.0,2,0.012903225806451613,155,1.0,SRC_MUNICIPAL_PRORRATEADA,SECCION,COMPLETO
930,19,NUEVO LEON,MONTERREY,,6,1678,556,306,0.5503597122302158,0.44964028776978415,PRI,134,0.43790849673202614,34,0.1111111111111111,MC,100,0.32679738562091504,64,0.20915032679738563,MORENA,36,0.11764705882352941,PRI,134,0.43790849673202614,34,0.1111111111111111,MC,100,0.32679738562091504,64,0.20915032679738563,MORENA,36,0.11764705882352941,23,0.07516339869281045,134,0.43790849673202614,0,0.0,3,0.00980392156862745,6,0.0196078431372549,100,0.32679738562091504,36,0.11764705882352941,2,0.006535947712418301,0,0.0,1,0.0032679738562091504,0,0.0,0,0.0,0,0.0,0,0.0,0,0.0,0,0.0,0,0.0,0,0.0,0,0.0,0,0.0,0,0.0,0,0.0,0,0.0,0,0.0,1,0.0032679738562091504,306,1.0,SRC_MUNICIPAL_PRORRATEADA,SECCION,COMPLETO
931,19,NUEVO LEON,MONTERREY,,6,1680,1153,635,0.5507372072853426,0.4492627927146574,PRI,248,0.3905511811023622,43,0.06771653543307087,MC,205,0.3228346456692913,128,0.2015748031496063,MORENA,77,0.12125984251968504,PRI,248,0.3905511811023622,43,0.06771653543307087,MC,205,0.3228346456692913,128,0.2015748031496063,MORENA,77,0.12125984251968504,59,0.09291338582677165,248,0.3905511811023622,1,0.0015748031496062992,7,0.011023622047244094,4,0.006299212598425197,205,0.3228346456692913,77,0.12125984251968504,4,0.006299212598425197,3,0.004724409448818898,3,0.004724409448818898,4,0.006299212598425197,1,0.0015748031496062992,2,0.0031496062992125984,1,0.0015748031496062992,0,0.0,0,0.0,0,0.0,0,0.0,1,0.0015748031496062992,1,0.0015748031496062992,1,0.0015748031496062992,0,0.0,0,0.0,0,0.0,13,0.02047244094488189,635,1.0,SRC_MUNICIPAL_PRORRATEADA,SECCION,COMPLETO
932,19,NUEVO LEON,MONTERREY,,6,1681,507,279,0.5502958579881657,0.4497041420118343,PRI,91,0.32616487455197135,2,0.007168458781362007,MC,89,0.31899641577060933,43,0.15412186379928317,PAN,46,0.16487455197132617,PRI,91,0.32616487455197135,2,0.007168458781362007,MC,89,0.31899641577060933,43,0.15412186379928317,PAN,46,0.16487455197132617,46,0.16487455197132617,91,0.32616487455197135,2,0.007168458781362007,0,0.0,2,0.007168458781362007,89,0.31899641577060933,39,0.13978494623655913,2,0.007168458781362007,0,0.0,0,0.0,2,0.007168458781362007,0,0.0,0,0.0,0,0.0,1,0.0035842293906810036,0,0.0,0,0.0,0,0.0,0,0.0,0,0.0,0,0.0,0,0.0,0,0.0,0,0.0,5,0.017921146953405017,279,1.0,SRC_MUNICIPAL_PRORRATEADA,SECCION,COMPLETO
933,19,NUEVO LEON,MONTERREY,,6,1682,1235,680,0.5506072874493927,0.4493927125506073,PRI,203,0.2985294117647059,39,0.057352941176470586,MC,164,0.2411764705882353,44,0.06470588235294118,PT,120,0.17647058823529413,PRI,203,0.2985294117647059,39,0.057352941176470586,MC,164,0.2411764705882353,44,0.06470588235294118,PT,120,0.17647058823529413,108,0.1588235294117647,203,0.2985294117647059,9,0.013235294117647059,10,0.014705882352941176,120,0.17647058823529413,164,0.2411764705882353,47,0.06911764705882353,1,0.0014705882352941176,1,0.0014705882352941176,0,0.0,4,0.0058823529411764705,0,0.0,6,0.008823529411764706,0,0.0,0,0.0,0,0.0,0,0.0,0,0.0,0,0.0,0,0.0,0,0.0,0,0.0,0,0.0,1,0.0014705882352941176,6,0.008823529411764706,680,1.0,SRC_MUNICIPAL_PRORRATEADA,SECCION,COMPLETO
934,19,NUEVO LEON,MONTERREY,,6,1684,619,341,0.5508885298869144,0.4491114701130856,MC,112,0.3284457478005865,5,0.01466275659824047,PRI,107,0.31378299120234604,45,0.13196480938416422,PAN,62,0.18181818181818182,MC,112,0.3284457478005865,5,0.01466275659824047,PRI,107,0.31378299120234604,45,0.13196480938416422,PAN,62,0.18181818181818182,62,0.18181818181818182,107,0.31378299120234604,2,0.005865102639296188,0,0.0,3,0.008797653958944282,112,0.3284457478005865,38,0.11143695014662756,2,0.005865102639296188,0,0.0,0,0.0,1,0.002932551319648094,1,0.002932551319648094,0,0.0,2,0.005865102639296188,0,0.0,0,0.0,0,0.0,1,0.002932551319648094,1,0.002932551319648094,1,0.002932551319648094,0,0.0,0,0.0,1,0.002932551319648094,0,0.0,7,0.020527859237536656,341,1.0,SRC_MUNICIPAL_PRORRATEADA,SECCION,COMPLETO
935,19,NUEVO LEON,MONTERREY,,6,1685,997,549,0.5506519558676028,0.44934804413239715,PRI,190,0.3460837887067395,21,0.03825136612021858,MC,169,0.30783242258652094,85,0.15482695810564662,MORENA,84,0.15300546448087432,PRI,190,0.3460837887067395,21,0.03825136612021858,MC,169,0.30783242258652094,85,0.15482695810564662,MORENA,84,0.15300546448087432,67,0.122040072859745,190,0.3460837887067395,3,0.00546448087431694,5,0.009107468123861567,4,0.007285974499089253,169,0.30783242258652094,84,0.15300546448087432,8,0.014571948998178506,2,0.0036429872495446266,2,0.0036429872495446266,1,0.0018214936247723133,0,0.0,0,0.0,0,0.0,0,0.0,0,0.0,0,0.0,0,0.0,2,0.0036429872495446266,0,0.0,0,0.0,0,0.0,0,0.0,0,0.0,12,0.02185792349726776,549,1.0,SRC_MUNICIPAL_PRORRATEADA,SECCION,COMPLETO
936,19,NUEVO LEON,MONTERREY,,6,1686,1259,693,0.5504368546465449,0.4495631453534551,MC,267,0.3852813852813853,89,0.12842712842712842,PRI,178,0.25685425685425683,27,0.03896103896103896,PAN,151,0.2178932178932179,MC,267,0.3852813852813853,89,0.12842712842712842,PRI,178,0.25685425685425683,27,0.03896103896103896,PAN,151,0.2178932178932179,151,0.2178932178932179,178,0.25685425685425683,2,0.002886002886002886,4,0.005772005772005772,5,0.007215007215007215,267,0.3852813852813853,58,0.0836940836940837,4,0.005772005772005772,2,0.002886002886002886,0,0.0,6,0.008658008658008658,2,0.002886002886002886,1,0.001443001443001443,1,0.001443001443001443,0,0.0,0,0.0,0,0.0,1,0.001443001443001443,0,0.0,0,0.0,0,0.0,0,0.0,0,0.0,0,0.0,11,0.015873015873015872,693,1.0,SRC_MUNICIPAL_PRORRATEADA,SECCION,COMPLETO
937,19,NUEVO LEON,MONTERREY,,6,1687,2120,1167,0.5504716981132075,0.4495283018867925,MC,447,0.38303341902313626,89,0.07626392459297343,PRI,358,0.3067694944301628,135,0.11568123393316196,PAN,223,0.19108826049700087,MC,447,0.38303341902313626,89,0.07626392459297343,PRI,358,0.3067694944301628,135,0.11568123393316196,PAN,223,0.19108826049700087,223,0.19108826049700087,358,0.3067694944301628,6,0.005141388174807198,9,0.007712082262210797,4,0.003427592116538132,447,0.38303341902313626,97,0.0831191088260497,2,0.001713796058269066,3,0.002570694087403599,2,0.001713796058269066,4,0.003427592116538132,5,0.004284490145672665,0,0.0,0,0.0,0,0.0,0,0.0,0,0.0,0,0.0,0,0.0,0,0.0,1,0.000856898029134533,0,0.0,2,0.001713796058269066,0,0.0,4,0.003427592116538132,1167,1.0,SRC_MUNICIPAL_PRORRATEADA,SECCION,COMPLETO
938,19,NUEVO LEON,MONTERREY,,6,1689,441,243,0.5510204081632653,0.44897959183673475,PRI,81,0.3333333333333333,9,0.037037037037037035,MC,72,0.2962962962962963,31,0.12757201646090535,PAN,41,0.16872427983539096,PRI,81,0.3333333333333333,9,0.037037037037037035,MC,72,0.2962962962962963,31,0.12757201646090535,PAN,41,0.16872427983539096,41,0.16872427983539096,81,0.3333333333333333,0,0.0,2,0.00823045267489712,0,0.0,72,0.2962962962962963,38,0.15637860082304528,0,0.0,1,0.00411522633744856,0,0.0,2,0.00823045267489712,0,0.0,0,0.0,0,0.0,0,0.0,0,0.0,0,0.0,0,0.0,0,0.0,0,0.0,2,0.00823045267489712,0,0.0,0,0.0,0,0.0,4,0.01646090534979424,243,1.0,SRC_MUNICIPAL_PRORRATEADA,SECCION,COMPLETO
939,19,NUEVO LEON,MONTERREY,,6,1690,819,451,0.5506715506715507,0.4493284493284493,PRI,170,0.376940133037694,10,0.022172949002217297,MC,160,0.35476718403547675,101,0.22394678492239467,PAN,59,0.13082039911308205,PRI,170,0.376940133037694,10,0.022172949002217297,MC,160,0.35476718403547675,101,0.22394678492239467,PAN,59,0.13082039911308205,59,0.13082039911308205,170,0.376940133037694,1,0.0022172949002217295,3,0.0066518847006651885,4,0.008869179600886918,160,0.35476718403547675,42,0.09312638580931264,1,0.0022172949002217295,0,0.0,1,0.0022172949002217295,2,0.004434589800443459,1,0.0022172949002217295,0,0.0,0,0.0,0,0.0,0,0.0,0,0.0,0,0.0,0,0.0,0,0.0,0,0.0,0,0.0,0,0.0,0,0.0,7,0.015521064301552107,451,1.0,SRC_MUNICIPAL_PRORRATEADA,SECCION,COMPLETO
940,19,NUEVO LEON,MONTERREY,,6,1691,986,543,0.550709939148073,0.449290060851927,MC,196,0.36095764272559855,12,0.022099447513812154,PRI,184,0.3388581952117864,109,0.2007366482504604,MORENA,75,0.13812154696132597,MC,196,0.36095764272559855,12,0.022099447513812154,PRI,184,0.3388581952117864,109,0.2007366482504604,MORENA,75,0.13812154696132597,63,0.11602209944751381,184,0.3388581952117864,1,0.001841620626151013,2,0.003683241252302026,4,0.007366482504604052,196,0.36095764272559855,75,0.13812154696132597,2,0.003683241252302026,1,0.001841620626151013,2,0.003683241252302026,4,0.007366482504604052,0,0.0,0,0.0,0,0.0,0,0.0,0,0.0,1,0.001841620626151013,0,0.0,0,0.0,0,0.0,1,0.001841620626151013,0,0.0,0,0.0,0,0.0,7,0.01289134438305709,543,1.0,SRC_MUNICIPAL_PRORRATEADA,SECCION,COMPLETO
941,19,NUEVO LEON,MONTERREY,,6,1694,614,338,0.5504885993485342,0.4495114006514658,PRI,121,0.35798816568047337,19,0.05621301775147929,MC,102,0.30177514792899407,53,0.15680473372781065,MORENA,49,0.14497041420118342,PRI,121,0.35798816568047337,19,0.05621301775147929,MC,102,0.30177514792899407,53,0.15680473372781065,MORENA,49,0.14497041420118342,43,0.12721893491124261,121,0.35798816568047337,1,0.0029585798816568047,5,0.014792899408284023,2,0.005917159763313609,102,0.30177514792899407,49,0.14497041420118342,2,0.005917159763313609,0,0.0,0,0.0,1,0.0029585798816568047,1,0.0029585798816568047,1,0.0029585798816568047,0,0.0,1,0.0029585798816568047,0,0.0,0,0.0,1,0.0029585798816568047,0,0.0,0,0.0,1,0.0029585798816568047,0,0.0,1,0.0029585798816568047,0,0.0,6,0.01775147928994083,338,1.0,SRC_MUNICIPAL_PRORRATEADA,SECCION,COMPLETO
942,19,NUEVO LEON,MONTERREY,,6,1695,518,285,0.5501930501930502,0.4498069498069498,MC,108,0.37894736842105264,11,0.03859649122807018,PRI,97,0.34035087719298246,65,0.22807017543859648,PAN,32,0.11228070175438597,MC,108,0.37894736842105264,11,0.03859649122807018,PRI,97,0.34035087719298246,65,0.22807017543859648,PAN,32,0.11228070175438597,32,0.11228070175438597,97,0.34035087719298246,1,0.0035087719298245615,1,0.0035087719298245615,0,0.0,108,0.37894736842105264,27,0.09473684210526316,4,0.014035087719298246,2,0.007017543859649123,1,0.0035087719298245615,1,0.0035087719298245615,3,0.010526315789473684,0,0.0,0,0.0,0,0.0,0,0.0,1,0.0035087719298245615,0,0.0,0,0.0,0,0.0,1,0.0035087719298245615,0,0.0,0,0.0,0,0.0,6,0.021052631578947368,285,1.0,SRC_MUNICIPAL_PRORRATEADA,SECCION,COMPLETO
943,19,NUEVO LEON,MONTERREY,,6,1697,1197,659,0.5505430242272348,0.4494569757727652,MC,264,0.4006069802731411,80,0.12139605462822459,PRI,184,0.27921092564491656,83,0.125948406676783,PAN,101,0.15326251896813353,MC,264,0.4006069802731411,80,0.12139605462822459,PRI,184,0.27921092564491656,83,0.125948406676783,PAN,101,0.15326251896813353,101,0.15326251896813353,184,0.27921092564491656,2,0.0030349013657056147,3,0.004552352048558422,3,0.004552352048558422,264,0.4006069802731411,74,0.11229135053110774,3,0.004552352048558422,1,0.0015174506828528073,1,0.0015174506828528073,2,0.0030349013657056147,5,0.007587253414264037,3,0.004552352048558422,0,0.0,0,0.0,1,0.0015174506828528073,0,0.0,0,0.0,1,0.0015174506828528073,0,0.0,3,0.004552352048558422,0,0.0,0,0.0,0,0.0,8,0.012139605462822459,659,1.0,SRC_MUNICIPAL_PRORRATEADA,SECCION,COMPLETO
944,19,NUEVO LEON,MONTERREY,,6,1698,581,320,0.5507745266781411,0.4492254733218589,MC,140,0.4375,76,0.2375,PRI,64,0.2,18,0.05625,PAN,46,0.14375,MC,140,0.4375,76,0.2375,PRI,64,0.2,18,0.05625,PAN,46,0.14375,46,0.14375,64,0.2,1,0.003125,2,0.00625,2,0.00625,140,0.4375,42,0.13125,4,0.0125,1,0.003125,0,0.0,4,0.0125,1,0.003125,3,0.009375,1,0.003125,0,0.0,1,0.003125,0,0.0,0,0.0,0,0.0,0,0.0,4,0.0125,0,0.0,0,0.0,0,0.0,4,0.0125,320,1.0,SRC_MUNICIPAL_PRORRATEADA,SECCION,COMPLETO
945,19,NUEVO LEON,MONTERREY,,6,1699,185,102,0.5513513513513514,0.4486486486486486,MC,43,0.4215686274509804,11,0.10784313725490197,PRI,32,0.3137254901960784,19,0.18627450980392157,MORENA,13,0.12745098039215685,MC,43,0.4215686274509804,11,0.10784313725490197,PRI,32,0.3137254901960784,19,0.18627450980392157,MORENA,13,0.12745098039215685,7,0.06862745098039216,32,0.3137254901960784,3,0.029411764705882353,0,0.0,3,0.029411764705882353,43,0.4215686274509804,13,0.12745098039215685,0,0.0,0,0.0,0,0.0,0,0.0,0,0.0,1,0.00980392156862745,0,0.0,0,0.0,0,0.0,0,0.0,0,0.0,0,0.0,0,0.0,0,0.0,0,0.0,0,0.0,0,0.0,0,0.0,102,1.0,SRC_MUNICIPAL_PRORRATEADA,SECCION,COMPLETO
946,19,NUEVO LEON,MONTERREY,,8,1334,743,409,0.550471063257066,0.44952893674293404,MC,193,0.4718826405867971,43,0.10513447432762836,PRI,150,0.36674816625916873,108,0.26405867970660146,PAN,42,0.10268948655256724,MC,193,0.4718826405867971,43,0.10513447432762836,PRI,150,0.36674816625916873,108,0.26405867970660146,PAN,42,0.10268948655256724,42,0.10268948655256724,150,0.36674816625916873,0,0.0,1,0.0024449877750611247,1,0.0024449877750611247,193,0.4718826405867971,14,0.034229828850855744,3,0.007334963325183374,0,0.0,1,0.0024449877750611247,1,0.0024449877750611247,3,0.007334963325183374,0,0.0,0,0.0,0,0.0,0,0.0,0,0.0,0,0.0,0,0.0,0,0.0,0,0.0,0,0.0,0,0.0,0,0.0,0,0.0,409,1.0,SRC_MUNICIPAL_PRORRATEADA,SECCION,COMPLETO
947,19,NUEVO LEON,MONTERREY,,8,1357,494,272,0.5506072874493927,0.4493927125506073,PRI,118,0.4338235294117647,40,0.14705882352941177,MC,78,0.2867647058823529,45,0.16544117647058823,PAN,33,0.1213235294117647,PRI,118,0.4338235294117647,40,0.14705882352941177,MC,78,0.2867647058823529,45,0.16544117647058823,PAN,33,0.1213235294117647,33,0.1213235294117647,118,0.4338235294117647,0,0.0,3,0.011029411764705883,2,0.007352941176470588,78,0.2867647058823529,28,0.10294117647058823,0,0.0,0,0.0,0,0.0,0,0.0,1,0.003676470588235294,0,0.0,0,0.0,0,0.0,0,0.0,0,0.0,0,0.0,0,0.0,0,0.0,0,0.0,0,0.0,0,0.0,0,0.0,9,0.03308823529411765,272,1.0,SRC_MUNICIPAL_PRORRATEADA,SECCION,COMPLETO
948,19,NUEVO LEON,MONTERREY,,8,1358,536,295,0.5503731343283582,0.4496268656716418,PRI,157,0.5322033898305085,82,0.27796610169491526,MC,75,0.2542372881355932,50,0.1694915254237288,MORENA,25,0.0847457627118644,PRI,157,0.5322033898305085,82,0.27796610169491526,MC,75,0.2542372881355932,50,0.1694915254237288,MORENA,25,0.0847457627118644,16,0.05423728813559322,157,0.5322033898305085,1,0.003389830508474576,1,0.003389830508474576,1,0.003389830508474576,75,0.2542372881355932,25,0.0847457627118644,0,0.0,0,0.0,0,0.0,2,0.006779661016949152,0,0.0,0,0.0,0,0.0,0,0.0,0,0.0,0,0.0,0,0.0,1,0.003389830508474576,0,0.0,0,0.0,0,0.0,0,0.0,0,0.0,16,0.05423728813559322,295,1.0,SRC_MUNICIPAL_PRORRATEADA,SECCION,COMPLETO
949,19,NUEVO LEON,MONTERREY,,8,1359,1133,624,0.5507502206531333,0.4492497793468667,PRI,285,0.4567307692307692,106,0.16987179487179488,MC,179,0.28685897435897434,123,0.1971153846153846,PAN,56,0.08974358974358974,PRI,285,0.4567307692307692,106,0.16987179487179488,MC,179,0.28685897435897434,123,0.1971153846153846,PAN,56,0.08974358974358974,56,0.08974358974358974,285,0.4567307692307692,5,0.008012820512820512,7,0.011217948717948718,11,0.017628205128205128,179,0.28685897435897434,44,0.07051282051282051,5,0.008012820512820512,3,0.004807692307692308,0,0.0,2,0.003205128205128205,8,0.01282051282051282,2,0.003205128205128205,1,0.0016025641025641025,0,0.0,0,0.0,0,0.0,0,0.0,0,0.0,0,0.0,1,0.0016025641025641025,0,0.0,0,0.0,0,0.0,15,0.02403846153846154,624,1.0,SRC_MUNICIPAL_PRORRATEADA,SECCION,COMPLETO
950,19,NUEVO LEON,MONTERREY,,8,1362,478,263,0.5502092050209205,0.4497907949790795,PRI,131,0.49809885931558934,49,0.18631178707224336,MC,82,0.311787072243346,66,0.2509505703422053,PAN,16,0.060836501901140684,PRI,131,0.49809885931558934,49,0.18631178707224336,MC,82,0.311787072243346,66,0.2509505703422053,PAN,16,0.060836501901140684,16,0.060836501901140684,131,0.49809885931558934,0,0.0,2,0.0076045627376425855,4,0.015209125475285171,82,0.311787072243346,16,0.060836501901140684,0,0.0,0,0.0,0,0.0,1,0.0038022813688212928,0,0.0,3,0.011406844106463879,0,0.0,0,0.0,0,0.0,0,0.0,0,0.0,0,0.0,0,0.0,0,0.0,0,0.0,0,0.0,1,0.0038022813688212928,7,0.026615969581749048,263,1.0,SRC_MUNICIPAL_PRORRATEADA,SECCION,COMPLETO
951,19,NUEVO LEON,MONTERREY,,8,1363,418,230,0.5502392344497608,0.44976076555023925,PRI,110,0.4782608695652174,39,0.16956521739130434,MC,71,0.30869565217391304,51,0.2217391304347826,MORENA,20,0.08695652173913043,PRI,110,0.4782608695652174,39,0.16956521739130434,MC,71,0.30869565217391304,51,0.2217391304347826,MORENA,20,0.08695652173913043,18,0.0782608695652174,110,0.4782608695652174,0,0.0,2,0.008695652173913044,1,0.004347826086956522,71,0.30869565217391304,20,0.08695652173913043,1,0.004347826086956522,0,0.0,0,0.0,3,0.013043478260869565,0,0.0,0,0.0,0,0.0,0,0.0,0,0.0,0,0.0,0,0.0,0,0.0,0,0.0,0,0.0,0,0.0,0,0.0,0,0.0,4,0.017391304347826087,230,1.0,SRC_MUNICIPAL_PRORRATEADA,SECCION,COMPLETO
952,19,NUEVO LEON,MONTERREY,,8,1374,1133,624,0.5507502206531333,0.4492497793468667,PRI,371,0.594551282051282,226,0.36217948717948717,MC,145,0.23237179487179488,112,0.1794871794871795,MORENA,33,0.052884615384615384,PRI,371,0.594551282051282,226,0.36217948717948717,MC,145,0.23237179487179488,112,0.1794871794871795,MORENA,33,0.052884615384615384,28,0.04487179487179487,371,0.594551282051282,3,0.004807692307692308,5,0.008012820512820512,3,0.004807692307692308,145,0.23237179487179488,33,0.052884615384615384,2,0.003205128205128205,1,0.0016025641025641025,0,0.0,4,0.00641025641025641,3,0.004807692307692308,0,0.0,2,0.003205128205128205,0,0.0,0,0.0,0,0.0,0,0.0,0,0.0,0,0.0,0,0.0,0,0.0,0,0.0,0,0.0,24,0.038461538461538464,624,1.0,SRC_MUNICIPAL_PRORRATEADA,SECCION,COMPLETO
953,19,NUEVO LEON,MONTERREY,,8,1375,458,252,0.5502183406113537,0.44978165938864634,PRI,120,0.47619047619047616,37,0.14682539682539683,MC,83,0.32936507936507936,60,0.23809523809523808,MORENA,23,0.09126984126984126,PRI,120,0.47619047619047616,37,0.14682539682539683,MC,83,0.32936507936507936,60,0.23809523809523808,MORENA,23,0.09126984126984126,12,0.047619047619047616,120,0.47619047619047616,2,0.007936507936507936,6,0.023809523809523808,2,0.007936507936507936,83,0.32936507936507936,23,0.09126984126984126,0,0.0,0,0.0,0,0.0,0,0.0,1,0.003968253968253968,0,0.0,0,0.0,0,0.0,0,0.0,0,0.0,0,0.0,0,0.0,0,0.0,1,0.003968253968253968,0,0.0,0,0.0,0,0.0,2,0.007936507936507936,252,1.0,SRC_MUNICIPAL_PRORRATEADA,SECCION,COMPLETO
954,19,NUEVO LEON,MONTERREY,,8,1378,861,474,0.5505226480836237,0.4494773519163763,PRI,221,0.46624472573839665,73,0.1540084388185654,MC,148,0.31223628691983124,118,0.2489451476793249,PAN,30,0.06329113924050633,PRI,221,0.46624472573839665,73,0.1540084388185654,MC,148,0.31223628691983124,118,0.2489451476793249,PAN,30,0.06329113924050633,30,0.06329113924050633,221,0.46624472573839665,2,0.004219409282700422,4,0.008438818565400843,6,0.012658227848101266,148,0.31223628691983124,30,0.06329113924050633,2,0.004219409282700422,1,0.002109704641350211,1,0.002109704641350211,2,0.004219409282700422,1,0.002109704641350211,0,0.0,0,0.0,0,0.0,0,0.0,1,0.002109704641350211,0,0.0,0,0.0,0,0.0,2,0.004219409282700422,0,0.0,0,0.0,0,0.0,23,0.04852320675105485,474,1.0,SRC_MUNICIPAL_PRORRATEADA,SECCION,COMPLETO
955,19,NUEVO LEON,MONTERREY,,8,1394,1678,924,0.5506555423122765,0.44934445768772346,PRI,365,0.395021645021645,71,0.07683982683982683,MC,294,0.3181818181818182,162,0.17532467532467533,PAN,132,0.14285714285714285,PRI,365,0.395021645021645,71,0.07683982683982683,MC,294,0.3181818181818182,162,0.17532467532467533,PAN,132,0.14285714285714285,132,0.14285714285714285,365,0.395021645021645,5,0.005411255411255411,3,0.003246753246753247,4,0.004329004329004329,294,0.3181818181818182,73,0.07900432900432901,3,0.003246753246753247,0,0.0,4,0.004329004329004329,6,0.006493506493506494,2,0.0021645021645021645,1,0.0010822510822510823,0,0.0,0,0.0,0,0.0,0,0.0,0,0.0,0,0.0,0,0.0,0,0.0,0,0.0,1,0.0010822510822510823,1,0.0010822510822510823,30,0.032467532467532464,924,1.0,SRC_MUNICIPAL_PRORRATEADA,SECCION,COMPLETO
956,19,NUEVO LEON,MONTERREY,,8,1395,367,202,0.5504087193460491,0.44959128065395093,PRI,98,0.48514851485148514,35,0.17326732673267325,MC,63,0.3118811881188119,45,0.22277227722772278,PAN,18,0.0891089108910891,PRI,98,0.48514851485148514,35,0.17326732673267325,MC,63,0.3118811881188119,45,0.22277227722772278,PAN,18,0.0891089108910891,18,0.0891089108910891,98,0.48514851485148514,4,0.019801980198019802,2,0.009900990099009901,1,0.0049504950495049506,63,0.3118811881188119,0,0.0,3,0.01485148514851485,1,0.0049504950495049506,0,0.0,2,0.009900990099009901,1,0.0049504950495049506,0,0.0,0,0.0,0,0.0,0,0.0,0,0.0,0,0.0,1,0.0049504950495049506,0,0.0,0,0.0,0,0.0,0,0.0,0,0.0,8,0.039603960396039604,202,1.0,SRC_MUNICIPAL_PRORRATEADA,SECCION,COMPLETO
957,19,NUEVO LEON,MONTERREY,,8,1396,472,260,0.5508474576271186,0.4491525423728814,PRI,120,0.46153846153846156,39,0.15,MC,81,0.31153846153846154,47,0.18076923076923077,PAN,34,0.13076923076923078,PRI,120,0.46153846153846156,39,0.15,MC,81,0.31153846153846154,47,0.18076923076923077,PAN,34,0.13076923076923078,34,0.13076923076923078,120,0.46153846153846156,1,0.0038461538461538464,0,0.0,0,0.0,81,0.31153846153846154,12,0.046153846153846156,0,0.0,1,0.0038461538461538464,0,0.0,2,0.007692307692307693,1,0.0038461538461538464,0,0.0,0,0.0,0,0.0,0,0.0,0,0.0,0,0.0,0,0.0,0,0.0,0,0.0,0,0.0,0,0.0,0,0.0,8,0.03076923076923077,260,1.0,SRC_MUNICIPAL_PRORRATEADA,SECCION,COMPLETO
958,19,NUEVO LEON,MONTERREY,,8,1397,481,265,0.5509355509355509,0.4490644490644491,PRI,143,0.539622641509434,63,0.23773584905660378,MC,80,0.3018867924528302,67,0.2528301886792453,PAN,13,0.04905660377358491,PRI,143,0.539622641509434,63,0.23773584905660378,MC,80,0.3018867924528302,67,0.2528301886792453,PAN,13,0.04905660377358491,13,0.04905660377358491,143,0.539622641509434,1,0.0037735849056603774,3,0.011320754716981131,1,0.0037735849056603774,80,0.3018867924528302,11,0.04150943396226415,0,0.0,1,0.0037735849056603774,1,0.0037735849056603774,3,0.011320754716981131,2,0.007547169811320755,0,0.0,0,0.0,0,0.0,0,0.0,0,0.0,0,0.0,0,0.0,0,0.0,0,0.0,0,0.0,0,0.0,0,0.0,6,0.022641509433962263,265,1.0,SRC_MUNICIPAL_PRORRATEADA,SECCION,COMPLETO
959,19,NUEVO LEON,MONTERREY,,8,1398,1627,896,0.5507068223724647,0.4492931776275353,PRI,409,0.4564732142857143,148,0.16517857142857142,MC,261,0.29129464285714285,152,0.16964285714285715,PAN,109,0.12165178571428571,PRI,409,0.4564732142857143,148,0.16517857142857142,MC,261,0.29129464285714285,152,0.16964285714285715,PAN,109,0.12165178571428571,109,0.12165178571428571,409,0.4564732142857143,3,0.0033482142857142855,2,0.002232142857142857,4,0.004464285714285714,261,0.29129464285714285,71,0.07924107142857142,3,0.0033482142857142855,5,0.005580357142857143,3,0.0033482142857142855,5,0.005580357142857143,2,0.002232142857142857,0,0.0,0,0.0,0,0.0,0,0.0,0,0.0,0,0.0,0,0.0,0,0.0,1,0.0011160714285714285,0,0.0,0,0.0,0,0.0,18,0.020089285714285716,896,1.0,SRC_MUNICIPAL_PRORRATEADA,SECCION,COMPLETO
960,19,NUEVO LEON,MONTERREY,,8,1401,1618,891,0.5506798516687268,0.4493201483312732,PRI,368,0.41301907968574636,75,0.08417508417508418,MC,293,0.3288439955106622,174,0.19528619528619529,PAN,119,0.1335578002244669,PRI,368,0.41301907968574636,75,0.08417508417508418,MC,293,0.3288439955106622,174,0.19528619528619529,PAN,119,0.1335578002244669,119,0.1335578002244669,368,0.41301907968574636,7,0.007856341189674524,5,0.005611672278338945,15,0.016835016835016835,293,0.3288439955106622,65,0.07295173961840629,2,0.002244668911335578,0,0.0,1,0.001122334455667789,3,0.003367003367003367,2,0.002244668911335578,0,0.0,0,0.0,0,0.0,0,0.0,0,0.0,0,0.0,0,0.0,0,0.0,1,0.001122334455667789,0,0.0,0,0.0,0,0.0,10,0.01122334455667789,891,1.0,SRC_MUNICIPAL_PRORRATEADA,SECCION,COMPLETO
961,19,NUEVO LEON,MONTERREY,,8,1402,768,423,0.55078125,0.44921875,PRI,152,0.35933806146572106,5,0.01182033096926714,MC,147,0.3475177304964539,80,0.18912529550827423,PAN,67,0.15839243498817968,PRI,152,0.35933806146572106,5,0.01182033096926714,MC,147,0.3475177304964539,80,0.18912529550827423,PAN,67,0.15839243498817968,67,0.15839243498817968,152,0.35933806146572106,2,0.004728132387706856,5,0.01182033096926714,3,0.0070921985815602835,147,0.3475177304964539,33,0.07801418439716312,0,0.0,0,0.0,0,0.0,5,0.01182033096926714,0,0.0,1,0.002364066193853428,0,0.0,1,0.002364066193853428,0,0.0,0,0.0,0,0.0,0,0.0,0,0.0,0,0.0,0,0.0,0,0.0,0,0.0,7,0.016548463356973995,423,1.0,SRC_MUNICIPAL_PRORRATEADA,SECCION,COMPLETO
962,19,NUEVO LEON,MONTERREY,,8,1404,1271,700,0.5507474429583006,0.4492525570416994,PRI,284,0.4057142857142857,38,0.054285714285714284,MC,246,0.3514285714285714,188,0.26857142857142857,MORENA,58,0.08285714285714285,PRI,284,0.4057142857142857,38,0.054285714285714284,MC,246,0.3514285714285714,188,0.26857142857142857,MORENA,58,0.08285714285714285,53,0.07571428571428572,284,0.4057142857142857,3,0.004285714285714286,9,0.012857142857142857,12,0.017142857142857144,246,0.3514285714285714,58,0.08285714285714285,5,0.007142857142857143,3,0.004285714285714286,2,0.002857142857142857,2,0.002857142857142857,4,0.005714285714285714,2,0.002857142857142857,0,0.0,0,0.0,0,0.0,0,0.0,1,0.0014285714285714286,0,0.0,0,0.0,1,0.0014285714285714286,0,0.0,1,0.0014285714285714286,1,0.0014285714285714286,13,0.018571428571428572,700,1.0,SRC_MUNICIPAL_PRORRATEADA,SECCION,COMPLETO
963,19,NUEVO LEON,MONTERREY,,8,1405,2031,1118,0.5504677498769079,0.44953225012309206,MC,614,0.5491949910554562,266,0.23792486583184258,PRI,348,0.3112701252236136,240,0.2146690518783542,PAN,108,0.09660107334525939,MC,614,0.5491949910554562,266,0.23792486583184258,PRI,348,0.3112701252236136,240,0.2146690518783542,PAN,108,0.09660107334525939,108,0.09660107334525939,348,0.3112701252236136,1,0.0008944543828264759,1,0.0008944543828264759,0,0.0,614,0.5491949910554562,34,0.03041144901610018,0,0.0,0,0.0,2,0.0017889087656529517,1,0.0008944543828264759,4,0.0035778175313059034,2,0.0017889087656529517,0,0.0,0,0.0,0,0.0,0,0.0,0,0.0,0,0.0,0,0.0,0,0.0,0,0.0,0,0.0,0,0.0,3,0.0026833631484794273,1118,1.0,SRC_MUNICIPAL_PRORRATEADA,SECCION,COMPLETO
964,19,NUEVO LEON,MONTERREY,,8,1407,567,312,0.5502645502645502,0.44973544973544977,MC,126,0.40384615384615385,16,0.05128205128205128,PRI,110,0.3525641025641026,71,0.22756410256410256,PAN,39,0.125,MC,126,0.40384615384615385,16,0.05128205128205128,PRI,110,0.3525641025641026,71,0.22756410256410256,PAN,39,0.125,39,0.125,110,0.3525641025641026,0,0.0,0,0.0,0,0.0,126,0.40384615384615385,26,0.08333333333333333,0,0.0,0,0.0,0,0.0,5,0.016025641025641024,0,0.0,0,0.0,0,0.0,0,0.0,0,0.0,0,0.0,0,0.0,0,0.0,0,0.0,0,0.0,0,0.0,0,0.0,0,0.0,6,0.019230769230769232,312,1.0,SRC_MUNICIPAL_PRORRATEADA,SECCION,COMPLETO
965,19,NUEVO LEON,MONTERREY,,8,1408,1337,736,0.550486163051608,0.449513836948392,MC,292,0.3967391304347826,23,0.03125,PRI,269,0.3654891304347826,164,0.22282608695652173,PAN,105,0.14266304347826086,MC,292,0.3967391304347826,23,0.03125,PRI,269,0.3654891304347826,164,0.22282608695652173,PAN,105,0.14266304347826086,105,0.14266304347826086,269,0.3654891304347826,1,0.001358695652173913,2,0.002717391304347826,7,0.009510869565217392,292,0.3967391304347826,51,0.06929347826086957,0,0.0,0,0.0,3,0.004076086956521739,0,0.0,1,0.001358695652173913,1,0.001358695652173913,0,0.0,0,0.0,0,0.0,0,0.0,0,0.0,0,0.0,0,0.0,0,0.0,0,0.0,0,0.0,0,0.0,4,0.005434782608695652,736,1.0,SRC_MUNICIPAL_PRORRATEADA,SECCION,COMPLETO
966,19,NUEVO LEON,MONTERREY,,8,1414,890,490,0.550561797752809,0.449438202247191,MC,221,0.45102040816326533,64,0.1306122448979592,PRI,157,0.32040816326530613,95,0.19387755102040816,PAN,62,0.12653061224489795,MC,221,0.45102040816326533,64,0.1306122448979592,PRI,157,0.32040816326530613,95,0.19387755102040816,PAN,62,0.12653061224489795,62,0.12653061224489795,157,0.32040816326530613,1,0.0020408163265306124,3,0.006122448979591836,2,0.004081632653061225,221,0.45102040816326533,31,0.06326530612244897,1,0.0020408163265306124,2,0.004081632653061225,0,0.0,3,0.006122448979591836,2,0.004081632653061225,0,0.0,0,0.0,0,0.0,0,0.0,0,0.0,0,0.0,0,0.0,0,0.0,1,0.0020408163265306124,0,0.0,0,0.0,1,0.0020408163265306124,3,0.006122448979591836,490,1.0,SRC_MUNICIPAL_PRORRATEADA,SECCION,COMPLETO
967,19,NUEVO LEON,MONTERREY,,8,1415,814,448,0.5503685503685504,0.44963144963144963,MC,214,0.47767857142857145,79,0.17633928571428573,PRI,135,0.3013392857142857,76,0.16964285714285715,PAN,59,0.13169642857142858,MC,214,0.47767857142857145,79,0.17633928571428573,PRI,135,0.3013392857142857,76,0.16964285714285715,PAN,59,0.13169642857142858,59,0.13169642857142858,135,0.3013392857142857,3,0.006696428571428571,0,0.0,2,0.004464285714285714,214,0.47767857142857145,19,0.04241071428571429,0,0.0,1,0.002232142857142857,2,0.004464285714285714,0,0.0,0,0.0,0,0.0,0,0.0,0,0.0,1,0.002232142857142857,0,0.0,0,0.0,0,0.0,0,0.0,0,0.0,0,0.0,0,0.0,3,0.006696428571428571,9,0.020089285714285716,448,1.0,SRC_MUNICIPAL_PRORRATEADA,SECCION,COMPLETO
968,19,NUEVO LEON,MONTERREY,,8,1418,817,450,0.5507955936352509,0.4492044063647491,MC,228,0.5066666666666667,99,0.22,PRI,129,0.2866666666666667,71,0.15777777777777777,PAN,58,0.1288888888888889,MC,228,0.5066666666666667,99,0.22,PRI,129,0.2866666666666667,71,0.15777777777777777,PAN,58,0.1288888888888889,58,0.1288888888888889,129,0.2866666666666667,1,0.0022222222222222222,0,0.0,2,0.0044444444444444444,228,0.5066666666666667,24,0.05333333333333334,1,0.0022222222222222222,0,0.0,0,0.0,2,0.0044444444444444444,2,0.0044444444444444444,0,0.0,0,0.0,0,0.0,0,0.0,0,0.0,0,0.0,0,0.0,0,0.0,0,0.0,0,0.0,0,0.0,0,0.0,3,0.006666666666666667,450,1.0,SRC_MUNICIPAL_PRORRATEADA,SECCION,COMPLETO
969,19,NUEVO LEON,MONTERREY,,8,1419,765,421,0.550326797385621,0.44967320261437904,MC,180,0.42755344418052255,36,0.0855106888361045,PRI,144,0.342042755344418,79,0.1876484560570071,PAN,65,0.1543942992874109,MC,180,0.42755344418052255,36,0.0855106888361045,PRI,144,0.342042755344418,79,0.1876484560570071,PAN,65,0.1543942992874109,65,0.1543942992874109,144,0.342042755344418,1,0.0023752969121140144,2,0.004750593824228029,1,0.0023752969121140144,180,0.42755344418052255,19,0.04513064133016627,1,0.0023752969121140144,1,0.0023752969121140144,0,0.0,3,0.007125890736342043,2,0.004750593824228029,0,0.0,0,0.0,0,0.0,0,0.0,0,0.0,0,0.0,0,0.0,0,0.0,0,0.0,0,0.0,0,0.0,0,0.0,2,0.004750593824228029,421,1.0,SRC_MUNICIPAL_PRORRATEADA,SECCION,COMPLETO
970,19,NUEVO LEON,MONTERREY,,8,1421,638,351,0.5501567398119123,0.44984326018808773,PRI,153,0.4358974358974359,14,0.039886039886039885,MC,139,0.396011396011396,104,0.2962962962962963,PAN,35,0.09971509971509972,PRI,153,0.4358974358974359,14,0.039886039886039885,MC,139,0.396011396011396,104,0.2962962962962963,PAN,35,0.09971509971509972,35,0.09971509971509972,153,0.4358974358974359,0,0.0,1,0.002849002849002849,2,0.005698005698005698,139,0.396011396011396,12,0.03418803418803419,0,0.0,0,0.0,0,0.0,0,0.0,2,0.005698005698005698,0,0.0,0,0.0,0,0.0,1,0.002849002849002849,0,0.0,0,0.0,0,0.0,0,0.0,0,0.0,0,0.0,0,0.0,0,0.0,6,0.017094017094017096,351,1.0,SRC_MUNICIPAL_PRORRATEADA,SECCION,COMPLETO
971,19,NUEVO LEON,MONTERREY,,8,1422,2739,1508,0.5505658999634904,0.44943410003650963,MC,804,0.53315649867374,343,0.22745358090185677,PRI,461,0.3057029177718833,305,0.20225464190981432,PAN,156,0.10344827586206896,MC,804,0.53315649867374,343,0.22745358090185677,PRI,461,0.3057029177718833,305,0.20225464190981432,PAN,156,0.10344827586206896,156,0.10344827586206896,461,0.3057029177718833,3,0.001989389920424403,4,0.002652519893899204,1,0.000663129973474801,804,0.53315649867374,54,0.03580901856763926,1,0.000663129973474801,1,0.000663129973474801,1,0.000663129973474801,4,0.002652519893899204,5,0.0033156498673740055,2,0.001326259946949602,0,0.0,0,0.0,0,0.0,1,0.000663129973474801,0,0.0,0,0.0,0,0.0,1,0.000663129973474801,0,0.0,0,0.0,0,0.0,9,0.005968169761273209,1508,1.0,SRC_MUNICIPAL_PRORRATEADA,SECCION,COMPLETO
972,19,NUEVO LEON,MONTERREY,,8,1424,1291,711,0.5507358636715725,0.44926413632842754,PRI,328,0.4613220815752461,102,0.14345991561181434,MC,226,0.3178621659634318,157,0.22081575246132207,PAN,69,0.0970464135021097,PRI,328,0.4613220815752461,102,0.14345991561181434,MC,226,0.3178621659634318,157,0.22081575246132207,PAN,69,0.0970464135021097,69,0.0970464135021097,328,0.4613220815752461,2,0.0028129395218002813,12,0.016877637130801686,7,0.009845288326300985,226,0.3178621659634318,47,0.06610407876230662,1,0.0014064697609001407,0,0.0,1,0.0014064697609001407,1,0.0014064697609001407,1,0.0014064697609001407,0,0.0,0,0.0,2,0.0028129395218002813,1,0.0014064697609001407,0,0.0,0,0.0,0,0.0,0,0.0,0,0.0,0,0.0,0,0.0,0,0.0,13,0.01828410689170183,711,1.0,SRC_MUNICIPAL_PRORRATEADA,SECCION,COMPLETO
973,19,NUEVO LEON,MONTERREY,,8,1425,1182,651,0.550761421319797,0.449238578680203,PRI,256,0.3932411674347158,1,0.0015360983102918587,MC,255,0.391705069124424,182,0.27956989247311825,PAN,73,0.11213517665130568,PRI,256,0.3932411674347158,1,0.0015360983102918587,MC,255,0.391705069124424,182,0.27956989247311825,PAN,73,0.11213517665130568,73,0.11213517665130568,256,0.3932411674347158,4,0.006144393241167435,2,0.0030721966205837174,5,0.007680491551459293,255,0.391705069124424,33,0.05069124423963134,0,0.0,1,0.0015360983102918587,0,0.0,0,0.0,2,0.0030721966205837174,0,0.0,0,0.0,0,0.0,0,0.0,0,0.0,0,0.0,0,0.0,0,0.0,0,0.0,0,0.0,1,0.0015360983102918587,0,0.0,19,0.029185867895545316,651,1.0,SRC_MUNICIPAL_PRORRATEADA,SECCION,COMPLETO
974,19,NUEVO LEON,MONTERREY,,8,1427,894,492,0.5503355704697986,0.44966442953020136,PRI,191,0.3882113821138211,7,0.014227642276422764,MC,184,0.37398373983739835,142,0.2886178861788618,PAN,42,0.08536585365853659,PRI,191,0.3882113821138211,7,0.014227642276422764,MC,184,0.37398373983739835,142,0.2886178861788618,PAN,42,0.08536585365853659,42,0.08536585365853659,191,0.3882113821138211,4,0.008130081300813009,4,0.008130081300813009,5,0.01016260162601626,184,0.37398373983739835,35,0.07113821138211382,1,0.0020325203252032522,0,0.0,1,0.0020325203252032522,5,0.01016260162601626,2,0.0040650406504065045,0,0.0,0,0.0,0,0.0,0,0.0,0,0.0,0,0.0,0,0.0,0,0.0,0,0.0,0,0.0,0,0.0,0,0.0,18,0.036585365853658534,492,1.0,SRC_MUNICIPAL_PRORRATEADA,SECCION,COMPLETO
975,19,NUEVO LEON,MONTERREY,,8,1428,846,466,0.5508274231678487,0.4491725768321513,MC,219,0.4699570815450644,51,0.10944206008583691,PRI,168,0.3605150214592275,116,0.24892703862660945,PAN,52,0.11158798283261803,MC,219,0.4699570815450644,51,0.10944206008583691,PRI,168,0.3605150214592275,116,0.24892703862660945,PAN,52,0.11158798283261803,52,0.11158798283261803,168,0.3605150214592275,1,0.002145922746781116,1,0.002145922746781116,1,0.002145922746781116,219,0.4699570815450644,17,0.03648068669527897,1,0.002145922746781116,1,0.002145922746781116,0,0.0,1,0.002145922746781116,1,0.002145922746781116,0,0.0,1,0.002145922746781116,0,0.0,0,0.0,0,0.0,0,0.0,0,0.0,0,0.0,0,0.0,0,0.0,0,0.0,0,0.0,2,0.004291845493562232,466,1.0,SRC_MUNICIPAL_PRORRATEADA,SECCION,COMPLETO
976,19,NUEVO LEON,MONTERREY,,8,1431,623,343,0.550561797752809,0.449438202247191,PRI,133,0.3877551020408163,4,0.011661807580174927,MC,129,0.3760932944606414,85,0.2478134110787172,PAN,44,0.1282798833819242,PRI,133,0.3877551020408163,4,0.011661807580174927,MC,129,0.3760932944606414,85,0.2478134110787172,PAN,44,0.1282798833819242,44,0.1282798833819242,133,0.3877551020408163,1,0.0029154518950437317,3,0.008746355685131196,5,0.014577259475218658,129,0.3760932944606414,13,0.037900874635568516,1,0.0029154518950437317,1,0.0029154518950437317,0,0.0,2,0.0058309037900874635,0,0.0,1,0.0029154518950437317,0,0.0,0,0.0,1,0.0029154518950437317,0,0.0,0,0.0,0,0.0,0,0.0,2,0.0058309037900874635,0,0.0,0,0.0,0,0.0,7,0.02040816326530612,343,1.0,SRC_MUNICIPAL_PRORRATEADA,SECCION,COMPLETO
977,19,NUEVO LEON,MONTERREY,,11,979,538,296,0.550185873605948,0.44981412639405205,PRI,122,0.41216216216216217,25,0.08445945945945946,MC,97,0.3277027027027027,58,0.19594594594594594,PAN,39,0.13175675675675674,PRI,122,0.41216216216216217,25,0.08445945945945946,MC,97,0.3277027027027027,58,0.19594594594594594,PAN,39,0.13175675675675674,39,0.13175675675675674,122,0.41216216216216217,1,0.0033783783783783786,2,0.006756756756756757,5,0.016891891891891893,97,0.3277027027027027,27,0.09121621621621621,0,0.0,0,0.0,0,0.0,3,0.010135135135135136,0,0.0,0,0.0,0,0.0,0,0.0,0,0.0,0,0.0,0,0.0,0,0.0,0,0.0,0,0.0,0,0.0,0,0.0,0,0.0,0,0.0,296,1.0,SRC_MUNICIPAL_PRORRATEADA,SECCION,COMPLETO
978,19,NUEVO LEON,MONTERREY,,11,981,568,313,0.551056338028169,0.448943661971831,PRI,128,0.40894568690095845,40,0.12779552715654952,MC,88,0.28115015974440893,49,0.15654952076677317,PAN,39,0.12460063897763578,PRI,128,0.40894568690095845,40,0.12779552715654952,MC,88,0.28115015974440893,49,0.15654952076677317,PAN,39,0.12460063897763578,39,0.12460063897763578,128,0.40894568690095845,1,0.003194888178913738,2,0.006389776357827476,3,0.009584664536741214,88,0.28115015974440893,33,0.10543130990415335,4,0.012779552715654952,1,0.003194888178913738,2,0.006389776357827476,3,0.009584664536741214,1,0.003194888178913738,0,0.0,0,0.0,1,0.003194888178913738,0,0.0,0,0.0,0,0.0,0,0.0,1,0.003194888178913738,0,0.0,0,0.0,0,0.0,0,0.0,6,0.019169329073482427,313,1.0,SRC_MUNICIPAL_PRORRATEADA,SECCION,COMPLETO
979,19,NUEVO LEON,MONTERREY,,11,984,596,328,0.5503355704697986,0.44966442953020136,PRI,114,0.3475609756097561,7,0.021341463414634148,MC,107,0.32621951219512196,64,0.1951219512195122,PAN,43,0.13109756097560976,PRI,114,0.3475609756097561,7,0.021341463414634148,MC,107,0.32621951219512196,64,0.1951219512195122,PAN,43,0.13109756097560976,43,0.13109756097560976,114,0.3475609756097561,2,0.006097560975609756,2,0.006097560975609756,3,0.009146341463414634,107,0.32621951219512196,40,0.12195121951219512,3,0.009146341463414634,0,0.0,0,0.0,1,0.003048780487804878,1,0.003048780487804878,1,0.003048780487804878,0,0.0,0,0.0,1,0.003048780487804878,0,0.0,0,0.0,0,0.0,0,0.0,2,0.006097560975609756,0,0.0,0,0.0,1,0.003048780487804878,7,0.021341463414634148,328,1.0,SRC_MUNICIPAL_PRORRATEADA,SECCION,COMPLETO
980,19,NUEVO LEON,MONTERREY,,11,987,1177,648,0.550552251486831,0.44944774851316904,MC,225,0.3472222222222222,3,0.004629629629629629,PRI,222,0.3425925925925926,131,0.2021604938271605,PAN,91,0.1404320987654321,MC,225,0.3472222222222222,3,0.004629629629629629,PRI,222,0.3425925925925926,131,0.2021604938271605,PAN,91,0.1404320987654321,91,0.1404320987654321,222,0.3425925925925926,1,0.0015432098765432098,2,0.0030864197530864196,14,0.021604938271604937,225,0.3472222222222222,68,0.10493827160493827,1,0.0015432098765432098,0,0.0,2,0.0030864197530864196,2,0.0030864197530864196,1,0.0015432098765432098,0,0.0,3,0.004629629629629629,0,0.0,0,0.0,0,0.0,0,0.0,0,0.0,0,0.0,1,0.0015432098765432098,0,0.0,0,0.0,0,0.0,15,0.023148148148148147,648,1.0,SRC_MUNICIPAL_PRORRATEADA,SECCION,COMPLETO
981,19,NUEVO LEON,MONTERREY,,11,1550,441,243,0.5510204081632653,0.44897959183673475,PRI,106,0.43621399176954734,48,0.19753086419753085,PT,58,0.23868312757201646,18,0.07407407407407407,MC,40,0.1646090534979424,PRI,106,0.43621399176954734,48,0.19753086419753085,PT,58,0.23868312757201646,18,0.07407407407407407,MC,40,0.1646090534979424,14,0.05761316872427984,106,0.43621399176954734,0,0.0,2,0.00823045267489712,58,0.23868312757201646,40,0.1646090534979424,16,0.06584362139917696,2,0.00823045267489712,1,0.00411522633744856,0,0.0,1,0.00411522633744856,0,0.0,1,0.00411522633744856,0,0.0,0,0.0,0,0.0,0,0.0,0,0.0,0,0.0,0,0.0,1,0.00411522633744856,1,0.00411522633744856,0,0.0,0,0.0,0,0.0,243,1.0,SRC_MUNICIPAL_PRORRATEADA,SECCION,COMPLETO
982,19,NUEVO LEON,MONTERREY,,11,1590,514,283,0.5505836575875487,0.4494163424124513,PRI,117,0.4134275618374558,51,0.18021201413427562,MC,66,0.2332155477031802,41,0.14487632508833923,PT,25,0.08833922261484099,PRI,117,0.4134275618374558,51,0.18021201413427562,MC,66,0.2332155477031802,41,0.14487632508833923,PT,25,0.08833922261484099,24,0.08480565371024736,117,0.4134275618374558,3,0.01060070671378092,2,0.007067137809187279,25,0.08833922261484099,66,0.2332155477031802,25,0.08833922261484099,0,0.0,1,0.0035335689045936395,0,0.0,1,0.0035335689045936395,3,0.01060070671378092,1,0.0035335689045936395,0,0.0,0,0.0,0,0.0,0,0.0,2,0.007067137809187279,0,0.0,1,0.0035335689045936395,1,0.0035335689045936395,0,0.0,0,0.0,1,0.0035335689045936395,10,0.0353356890459364,283,1.0,SRC_MUNICIPAL_PRORRATEADA,SECCION,COMPLETO
983,19,NUEVO LEON,MONTERREY,,11,1591,628,346,0.5509554140127388,0.44904458598726116,PRI,116,0.3352601156069364,9,0.02601156069364162,PT,107,0.3092485549132948,51,0.14739884393063585,MC,56,0.16184971098265896,PRI,116,0.3352601156069364,9,0.02601156069364162,PT,107,0.3092485549132948,51,0.14739884393063585,MC,56,0.16184971098265896,25,0.07225433526011561,116,0.3352601156069364,3,0.008670520231213872,2,0.005780346820809248,107,0.3092485549132948,56,0.16184971098265896,20,0.057803468208092484,0,0.0,3,0.008670520231213872,1,0.002890173410404624,0,0.0,2,0.005780346820809248,0,0.0,0,0.0,0,0.0,0,0.0,1,0.002890173410404624,1,0.002890173410404624,0,0.0,0,0.0,0,0.0,0,0.0,0,0.0,0,0.0,9,0.02601156069364162,346,1.0,SRC_MUNICIPAL_PRORRATEADA,SECCION,COMPLETO
984,19,NUEVO LEON,MONTERREY,,11,1612,470,259,0.551063829787234,0.448936170212766,PRI,142,0.5482625482625483,90,0.3474903474903475,MC,52,0.20077220077220076,25,0.09652509652509653,PAN,27,0.10424710424710425,PRI,142,0.5482625482625483,90,0.3474903474903475,MC,52,0.20077220077220076,25,0.09652509652509653,PAN,27,0.10424710424710425,27,0.10424710424710425,142,0.5482625482625483,5,0.019305019305019305,3,0.011583011583011582,9,0.03474903474903475,52,0.20077220077220076,10,0.03861003861003861,0,0.0,0,0.0,0,0.0,2,0.007722007722007722,0,0.0,0,0.0,0,0.0,0,0.0,0,0.0,0,0.0,0,0.0,0,0.0,0,0.0,0,0.0,0,0.0,0,0.0,0,0.0,9,0.03474903474903475,259,1.0,SRC_MUNICIPAL_PRORRATEADA,SECCION,COMPLETO
985,19,NUEVO LEON,MONTERREY,,11,1613,492,271,0.5508130081300813,0.44918699186991873,MC,90,0.33210332103321033,4,0.014760147601476014,PRI,86,0.3173431734317343,50,0.18450184501845018,PAN,36,0.13284132841328414,MC,90,0.33210332103321033,4,0.014760147601476014,PRI,86,0.3173431734317343,50,0.18450184501845018,PAN,36,0.13284132841328414,36,0.13284132841328414,86,0.3173431734317343,1,0.0036900369003690036,4,0.014760147601476014,16,0.05904059040590406,90,0.33210332103321033,27,0.0996309963099631,2,0.007380073800738007,0,0.0,0,0.0,1,0.0036900369003690036,0,0.0,0,0.0,0,0.0,0,0.0,0,0.0,0,0.0,0,0.0,0,0.0,0,0.0,1,0.0036900369003690036,0,0.0,0,0.0,0,0.0,7,0.025830258302583026,271,1.0,SRC_MUNICIPAL_PRORRATEADA,SECCION,COMPLETO
986,19,NUEVO LEON,MONTERREY,,11,1614,730,402,0.5506849315068493,0.4493150684931507,MC,141,0.35074626865671643,2,0.004975124378109453,PRI,139,0.34577114427860695,93,0.23134328358208955,PAN,46,0.11442786069651742,MC,141,0.35074626865671643,2,0.004975124378109453,PRI,139,0.34577114427860695,93,0.23134328358208955,PAN,46,0.11442786069651742,46,0.11442786069651742,139,0.34577114427860695,1,0.0024875621890547263,8,0.01990049751243781,11,0.02736318407960199,141,0.35074626865671643,28,0.06965174129353234,2,0.004975124378109453,3,0.007462686567164179,1,0.0024875621890547263,0,0.0,0,0.0,0,0.0,0,0.0,0,0.0,0,0.0,0,0.0,0,0.0,0,0.0,1,0.0024875621890547263,2,0.004975124378109453,0,0.0,1,0.0024875621890547263,0,0.0,18,0.04477611940298507,402,1.0,SRC_MUNICIPAL_PRORRATEADA,SECCION,COMPLETO
987,19,NUEVO LEON,MONTERREY,,11,1615,432,238,0.5509259259259259,0.44907407407407407,PRI,107,0.4495798319327731,63,0.2647058823529412,MC,44,0.18487394957983194,19,0.07983193277310924,PAN,25,0.10504201680672269,PRI,107,0.4495798319327731,63,0.2647058823529412,MC,44,0.18487394957983194,19,0.07983193277310924,PAN,25,0.10504201680672269,25,0.10504201680672269,107,0.4495798319327731,1,0.004201680672268907,3,0.012605042016806723,24,0.10084033613445378,44,0.18487394957983194,21,0.08823529411764706,1,0.004201680672268907,0,0.0,1,0.004201680672268907,2,0.008403361344537815,1,0.004201680672268907,1,0.004201680672268907,0,0.0,0,0.0,0,0.0,0,0.0,2,0.008403361344537815,0,0.0,0,0.0,1,0.004201680672268907,0,0.0,0,0.0,0,0.0,4,0.01680672268907563,238,1.0,SRC_MUNICIPAL_PRORRATEADA,SECCION,COMPLETO
988,19,NUEVO LEON,MONTERREY,,11,1616,496,273,0.5504032258064516,0.4495967741935484,PRI,120,0.43956043956043955,42,0.15384615384615385,MC,78,0.2857142857142857,54,0.1978021978021978,PAN,24,0.08791208791208792,PRI,120,0.43956043956043955,42,0.15384615384615385,MC,78,0.2857142857142857,54,0.1978021978021978,PAN,24,0.08791208791208792,24,0.08791208791208792,120,0.43956043956043955,4,0.014652014652014652,2,0.007326007326007326,11,0.040293040293040296,78,0.2857142857142857,13,0.047619047619047616,4,0.014652014652014652,0,0.0,1,0.003663003663003663,3,0.01098901098901099,2,0.007326007326007326,0,0.0,0,0.0,0,0.0,0,0.0,0,0.0,0,0.0,1,0.003663003663003663,0,0.0,2,0.007326007326007326,0,0.0,0,0.0,0,0.0,8,0.029304029304029304,273,1.0,SRC_MUNICIPAL_PRORRATEADA,SECCION,COMPLETO
989,19,NUEVO LEON,MONTERREY,,11,1617,494,272,0.5506072874493927,0.4493927125506073,PRI,144,0.5294117647058824,93,0.34191176470588236,MC,51,0.1875,26,0.09558823529411764,PT,25,0.09191176470588236,PRI,144,0.5294117647058824,93,0.34191176470588236,MC,51,0.1875,26,0.09558823529411764,PT,25,0.09191176470588236,15,0.05514705882352941,144,0.5294117647058824,1,0.003676470588235294,4,0.014705882352941176,25,0.09191176470588236,51,0.1875,19,0.06985294117647059,1,0.003676470588235294,0,0.0,0,0.0,0,0.0,3,0.011029411764705883,0,0.0,0,0.0,0,0.0,0,0.0,0,0.0,0,0.0,0,0.0,0,0.0,3,0.011029411764705883,0,0.0,0,0.0,0,0.0,6,0.022058823529411766,272,1.0,SRC_MUNICIPAL_PRORRATEADA,SECCION,COMPLETO
990,19,NUEVO LEON,MONTERREY,,11,1620,1052,579,0.5503802281368821,0.44961977186311786,MC,215,0.37132987910189985,18,0.031088082901554404,PRI,197,0.34024179620034545,131,0.22625215889464595,PAN,66,0.11398963730569948,MC,215,0.37132987910189985,18,0.031088082901554404,PRI,197,0.34024179620034545,131,0.22625215889464595,PAN,66,0.11398963730569948,66,0.11398963730569948,197,0.34024179620034545,0,0.0,4,0.0069084628670120895,16,0.027633851468048358,215,0.37132987910189985,64,0.11053540587219343,4,0.0069084628670120895,2,0.0034542314335060447,0,0.0,0,0.0,1,0.0017271157167530224,0,0.0,0,0.0,0,0.0,0,0.0,0,0.0,0,0.0,0,0.0,1,0.0017271157167530224,1,0.0017271157167530224,0,0.0,1,0.0017271157167530224,0,0.0,7,0.012089810017271158,579,1.0,SRC_MUNICIPAL_PRORRATEADA,SECCION,COMPLETO
991,19,NUEVO LEON,MONTERREY,,11,1621,452,249,0.5508849557522124,0.4491150442477876,MC,86,0.3453815261044177,11,0.04417670682730924,PRI,75,0.30120481927710846,33,0.13253012048192772,PAN,42,0.1686746987951807,MC,86,0.3453815261044177,11,0.04417670682730924,PRI,75,0.30120481927710846,33,0.13253012048192772,PAN,42,0.1686746987951807,42,0.1686746987951807,75,0.30120481927710846,1,0.004016064257028112,2,0.008032128514056224,6,0.024096385542168676,86,0.3453815261044177,29,0.11646586345381527,2,0.008032128514056224,1,0.004016064257028112,0,0.0,1,0.004016064257028112,0,0.0,0,0.0,0,0.0,0,0.0,0,0.0,0,0.0,0,0.0,0,0.0,0,0.0,0,0.0,0,0.0,0,0.0,0,0.0,4,0.01606425702811245,249,1.0,SRC_MUNICIPAL_PRORRATEADA,SECCION,COMPLETO
992,19,NUEVO LEON,MONTERREY,,11,1622,527,290,0.5502846299810247,0.4497153700189753,PRI,91,0.3137931034482759,4,0.013793103448275862,MC,87,0.3,40,0.13793103448275862,MORENA,47,0.16206896551724137,PRI,91,0.3137931034482759,4,0.013793103448275862,MC,87,0.3,40,0.13793103448275862,MORENA,47,0.16206896551724137,37,0.12758620689655173,91,0.3137931034482759,0,0.0,3,0.010344827586206896,5,0.017241379310344827,87,0.3,47,0.16206896551724137,1,0.0034482758620689655,1,0.0034482758620689655,0,0.0,4,0.013793103448275862,1,0.0034482758620689655,0,0.0,0,0.0,1,0.0034482758620689655,0,0.0,0,0.0,1,0.0034482758620689655,1,0.0034482758620689655,0,0.0,1,0.0034482758620689655,0,0.0,0,0.0,0,0.0,9,0.03103448275862069,290,1.0,SRC_MUNICIPAL_PRORRATEADA,SECCION,COMPLETO
993,19,NUEVO LEON,MONTERREY,,11,1623,616,339,0.5503246753246753,0.4496753246753247,PRI,123,0.36283185840707965,18,0.05309734513274336,MC,105,0.30973451327433627,52,0.15339233038348082,PAN,53,0.15634218289085547,PRI,123,0.36283185840707965,18,0.05309734513274336,MC,105,0.30973451327433627,52,0.15339233038348082,PAN,53,0.15634218289085547,53,0.15634218289085547,123,0.36283185840707965,0,0.0,2,0.0058997050147492625,13,0.038348082595870206,105,0.30973451327433627,31,0.09144542772861357,1,0.0029498525073746312,0,0.0,1,0.0029498525073746312,0,0.0,3,0.008849557522123894,0,0.0,0,0.0,0,0.0,0,0.0,0,0.0,0,0.0,0,0.0,1,0.0029498525073746312,1,0.0029498525073746312,0,0.0,0,0.0,0,0.0,5,0.014749262536873156,339,1.0,SRC_MUNICIPAL_PRORRATEADA,SECCION,COMPLETO
994,19,NUEVO LEON,MONTERREY,,11,1625,509,280,0.550098231827112,0.44990176817288796,PRI,125,0.44642857142857145,50,0.17857142857142858,MC,75,0.26785714285714285,52,0.18571428571428572,MORENA,23,0.08214285714285714,PRI,125,0.44642857142857145,50,0.17857142857142858,MC,75,0.26785714285714285,52,0.18571428571428572,MORENA,23,0.08214285714285714,20,0.07142857142857142,125,0.44642857142857145,0,0.0,3,0.010714285714285714,20,0.07142857142857142,75,0.26785714285714285,23,0.08214285714285714,0,0.0,0,0.0,1,0.0035714285714285713,2,0.007142857142857143,0,0.0,0,0.0,0,0.0,0,0.0,0,0.0,0,0.0,0,0.0,0,0.0,0,0.0,0,0.0,0,0.0,0,0.0,0,0.0,11,0.039285714285714285,280,1.0,SRC_MUNICIPAL_PRORRATEADA,SECCION,COMPLETO
995,19,NUEVO LEON,MONTERREY,,11,1627,627,345,0.5502392344497608,0.44976076555023925,PRI,112,0.32463768115942027,0,0.0,MC,112,0.32463768115942027,63,0.1826086956521739,PAN,49,0.14202898550724638,PRI,112,0.32463768115942027,0,0.0,MC,112,0.32463768115942027,63,0.1826086956521739,PAN,49,0.14202898550724638,49,0.14202898550724638,112,0.32463768115942027,1,0.002898550724637681,4,0.011594202898550725,27,0.0782608695652174,112,0.32463768115942027,38,0.11014492753623188,0,0.0,0,0.0,0,0.0,2,0.005797101449275362,0,0.0,0,0.0,0,0.0,0,0.0,0,0.0,0,0.0,0,0.0,0,0.0,0,0.0,0,0.0,0,0.0,0,0.0,0,0.0,0,0.0,345,1.0,SRC_MUNICIPAL_PRORRATEADA,SECCION,COMPLETO
996,19,NUEVO LEON,MONTERREY,,11,1632,632,348,0.5506329113924051,0.4493670886075949,MC,120,0.3448275862068966,3,0.008620689655172414,PRI,117,0.33620689655172414,68,0.19540229885057472,PAN,49,0.14080459770114942,MC,120,0.3448275862068966,3,0.008620689655172414,PRI,117,0.33620689655172414,68,0.19540229885057472,PAN,49,0.14080459770114942,49,0.14080459770114942,117,0.33620689655172414,0,0.0,5,0.014367816091954023,5,0.014367816091954023,120,0.3448275862068966,33,0.09482758620689655,2,0.005747126436781609,0,0.0,2,0.005747126436781609,3,0.008620689655172414,2,0.005747126436781609,0,0.0,1,0.0028735632183908046,0,0.0,0,0.0,0,0.0,0,0.0,0,0.0,0,0.0,1,0.0028735632183908046,0,0.0,0,0.0,0,0.0,8,0.022988505747126436,348,1.0,SRC_MUNICIPAL_PRORRATEADA,SECCION,COMPLETO
997,19,NUEVO LEON,MONTERREY,,11,1633,536,295,0.5503731343283582,0.4496268656716418,MC,104,0.3525423728813559,27,0.09152542372881356,PRI,77,0.26101694915254237,24,0.08135593220338982,PAN,53,0.17966101694915254,MC,104,0.3525423728813559,27,0.09152542372881356,PRI,77,0.26101694915254237,24,0.08135593220338982,PAN,53,0.17966101694915254,53,0.17966101694915254,77,0.26101694915254237,1,0.003389830508474576,0,0.0,5,0.01694915254237288,104,0.3525423728813559,30,0.1016949152542373,2,0.006779661016949152,2,0.006779661016949152,1,0.003389830508474576,0,0.0,1,0.003389830508474576,0,0.0,1,0.003389830508474576,0,0.0,0,0.0,1,0.003389830508474576,0,0.0,1,0.003389830508474576,0,0.0,0,0.0,1,0.003389830508474576,0,0.0,0,0.0,15,0.05084745762711865,295,1.0,SRC_MUNICIPAL_PRORRATEADA,SECCION,COMPLETO
998,19,NUEVO LEON,MONTERREY,,11,1634,262,144,0.549618320610687,0.45038167938931295,MC,49,0.3402777777777778,2,0.013888888888888888,PRI,47,0.3263888888888889,30,0.20833333333333334,PAN,17,0.11805555555555555,MC,49,0.3402777777777778,2,0.013888888888888888,PRI,47,0.3263888888888889,30,0.20833333333333334,PAN,17,0.11805555555555555,17,0.11805555555555555,47,0.3263888888888889,1,0.006944444444444444,0,0.0,2,0.013888888888888888,49,0.3402777777777778,16,0.1111111111111111,2,0.013888888888888888,0,0.0,0,0.0,1,0.006944444444444444,0,0.0,1,0.006944444444444444,0,0.0,0,0.0,0,0.0,0,0.0,1,0.006944444444444444,1,0.006944444444444444,0,0.0,0,0.0,0,0.0,0,0.0,0,0.0,6,0.041666666666666664,144,1.0,SRC_MUNICIPAL_PRORRATEADA,SECCION,COMPLETO
999,19,NUEVO LEON,MONTERREY,,11,1636,394,217,0.550761421319797,0.449238578680203,MC,70,0.3225806451612903,1,0.004608294930875576,PRI,69,0.31797235023041476,39,0.17972350230414746,PAN,30,0.1382488479262673,MC,70,0.3225806451612903,1,0.004608294930875576,PRI,69,0.31797235023041476,39,0.17972350230414746,PAN,30,0.1382488479262673,30,0.1382488479262673,69,0.31797235023041476,1,0.004608294930875576,5,0.02304147465437788,2,0.009216589861751152,70,0.3225806451612903,29,0.1336405529953917,0,0.0,2,0.009216589861751152,0,0.0,3,0.013824884792626729,0,0.0,0,0.0,0,0.0,0,0.0,0,0.0,0,0.0,0,0.0,0,0.0,0,0.0,0,0.0,0,0.0,0,0.0,0,0.0,6,0.027649769585253458,217,1.0,SRC_MUNICIPAL_PRORRATEADA,SECCION,COMPLETO
1000,19,NUEVO LEON,MONTERREY,,11,1639,634,349,0.5504731861198738,0.44952681388012616,MC,132,0.37822349570200575,44,0.12607449856733524,PRI,88,0.2521489971346705,23,0.0659025787965616,PAN,65,0.18624641833810887,MC,132,0.37822349570200575,44,0.12607449856733524,PRI,88,0.2521489971346705,23,0.0659025787965616,PAN,65,0.18624641833810887,65,0.18624641833810887,88,0.2521489971346705,2,0.0057306590257879654,4,0.011461318051575931,4,0.011461318051575931,132,0.37822349570200575,36,0.10315186246418338,0,0.0,3,0.008595988538681949,3,0.008595988538681949,1,0.0028653295128939827,2,0.0057306590257879654,0,0.0,1,0.0028653295128939827,0,0.0,0,0.0,0,0.0,0,0.0,0,0.0,0,0.0,0,0.0,0,0.0,0,0.0,0,0.0,8,0.022922636103151862,349,1.0,SRC_MUNICIPAL_PRORRATEADA,SECCION,COMPLETO
1001,19,NUEVO LEON,MONTERREY,,11,1641,116,64,0.5517241379310345,0.4482758620689655,MC,23,0.359375,6,0.09375,PRI,17,0.265625,3,0.046875,MORENA,14,0.21875,MC,23,0.359375,6,0.09375,PRI,17,0.265625,3,0.046875,MORENA,14,0.21875,7,0.109375,17,0.265625,0,0.0,1,0.015625,0,0.0,23,0.359375,14,0.21875,0,0.0,0,0.0,0,0.0,0,0.0,0,0.0,0,0.0,1,0.015625,0,0.0,0,0.0,0,0.0,0,0.0,0,0.0,0,0.0,1,0.015625,0,0.0,0,0.0,0,0.0,0,0.0,64,1.0,SRC_MUNICIPAL_PRORRATEADA,SECCION,COMPLETO
1002,19,NUEVO LEON,MONTERREY,,11,1646,238,131,0.5504201680672269,0.44957983193277307,MC,47,0.35877862595419846,7,0.05343511450381679,PRI,40,0.3053435114503817,19,0.1450381679389313,PAN,21,0.16030534351145037,MC,47,0.35877862595419846,7,0.05343511450381679,PRI,40,0.3053435114503817,19,0.1450381679389313,PAN,21,0.16030534351145037,21,0.16030534351145037,40,0.3053435114503817,0,0.0,1,0.007633587786259542,3,0.022900763358778626,47,0.35877862595419846,11,0.08396946564885496,0,0.0,0,0.0,0,0.0,1,0.007633587786259542,0,0.0,0,0.0,0,0.0,1,0.007633587786259542,0,0.0,0,0.0,1,0.007633587786259542,0,0.0,0,0.0,0,0.0,0,0.0,0,0.0,0,0.0,5,0.03816793893129771,131,1.0,SRC_MUNICIPAL_PRORRATEADA,SECCION,COMPLETO
1003,19,NUEVO LEON,MONTERREY,,11,1649,458,252,0.5502183406113537,0.44978165938864634,PRI,86,0.3412698412698413,2,0.007936507936507936,MC,84,0.3333333333333333,41,0.1626984126984127,PAN,43,0.17063492063492064,PRI,86,0.3412698412698413,2,0.007936507936507936,MC,84,0.3333333333333333,41,0.1626984126984127,PAN,43,0.17063492063492064,43,0.17063492063492064,86,0.3412698412698413,0,0.0,3,0.011904761904761904,4,0.015873015873015872,84,0.3333333333333333,25,0.0992063492063492,0,0.0,1,0.003968253968253968,0,0.0,0,0.0,1,0.003968253968253968,0,0.0,0,0.0,0,0.0,0,0.0,0,0.0,0,0.0,0,0.0,0,0.0,1,0.003968253968253968,0,0.0,0,0.0,0,0.0,4,0.015873015873015872,252,1.0,SRC_MUNICIPAL_PRORRATEADA,SECCION,COMPLETO
1004,19,NUEVO LEON,MONTERREY,,20,2717,1130,622,0.5504424778761062,0.44955752212389377,MC,267,0.4292604501607717,82,0.13183279742765272,PRI,185,0.297427652733119,82,0.13183279742765272,PAN,103,0.16559485530546625,MC,267,0.4292604501607717,82,0.13183279742765272,PRI,185,0.297427652733119,82,0.13183279742765272,PAN,103,0.16559485530546625,103,0.16559485530546625,185,0.297427652733119,3,0.00482315112540193,1,0.001607717041800643,2,0.003215434083601286,267,0.4292604501607717,51,0.0819935691318328,2,0.003215434083601286,2,0.003215434083601286,0,0.0,2,0.003215434083601286,2,0.003215434083601286,0,0.0,0,0.0,0,0.0,0,0.0,0,0.0,0,0.0,0,0.0,0,0.0,0,0.0,0,0.0,0,0.0,0,0.0,2,0.003215434083601286,622,1.0,SRC_MUNICIPAL_PRORRATEADA,SECCION,COMPLETO
1005,19,NUEVO LEON,PARAS,,21,0,1951,1666,0.8539210661199385,0.14607893388006155,PAN,764,0.45858343337334934,346,0.20768307322929172,PRI,418,0.25090036014405764,79,0.047418967587034816,MC,339,0.2034813925570228,PAN,764,0.45858343337334934,346,0.20768307322929172,PRI,418,0.25090036014405764,79,0.047418967587034816,MC,339,0.2034813925570228,764,0.45858343337334934,418,0.25090036014405764,6,0.003601440576230492,12,0.007202881152460984,8,0.004801920768307323,339,0.2034813925570228,70,0.04201680672268908,10,0.006002400960384154,2,0.0012004801920768306,2,0.0012004801920768306,3,0.001800720288115246,0,0.0,0,0.0,0,0.0,0,0.0,0,0.0,0,0.0,0,0.0,0,0.0,0,0.0,0,0.0,0,0.0,0,0.0,0,0.0,32,0.01920768307322929,1666,1.0,SRC_MUNICIPAL_PRORRATEADA,SECCION,COMPLETO
1006,19,NUEVO LEON,PESQUERIA,,5,2711,654,173,0.26452599388379205,0.735474006116208,MC,63,0.36416184971098264,6,0.03468208092485549,PAN,57,0.32947976878612717,35,0.2023121387283237,MORENA,22,0.12716763005780346,MC,63,0.36416184971098264,6,0.03468208092485549,PAN,57,0.32947976878612717,35,0.2023121387283237,MORENA,22,0.12716763005780346,57,0.32947976878612717,21,0.12138728323699421,0,0.0,3,0.017341040462427744,1,0.005780346820809248,63,0.36416184971098264,22,0.12716763005780346,0,0.0,1,0.005780346820809248,0,0.0,2,0.011560693641618497,0,0.0,0,0.0,0,0.0,0,0.0,0,0.0,0,0.0,0,0.0,0,0.0,0,0.0,0,0.0,0,0.0,0,0.0,0,0.0,3,0.017341040462427744,173,1.0,SRC_MUNICIPAL_PRORRATEADA,SECCION,COMPLETO
1007,19,NUEVO LEON,PESQUERIA,,7,2715,839,222,0.26460071513706795,0.735399284862932,MC,94,0.42342342342342343,38,0.17117117117117117,PAN,56,0.25225225225225223,25,0.11261261261261261,PRI,31,0.13963963963963963,MC,94,0.42342342342342343,38,0.17117117117117117,PAN,56,0.25225225225225223,25,0.11261261261261261,PRI,31,0.13963963963963963,56,0.25225225225225223,31,0.13963963963963963,1,0.0045045045045045045,3,0.013513513513513514,2,0.009009009009009009,94,0.42342342342342343,28,0.12612612612612611,1,0.0045045045045045045,1,0.0045045045045045045,0,0.0,0,0.0,1,0.0045045045045045045,0,0.0,0,0.0,0,0.0,0,0.0,0,0.0,0,0.0,0,0.0,0,0.0,0,0.0,0,0.0,0,0.0,0,0.0,4,0.018018018018018018,222,1.0,SRC_MUNICIPAL_PRORRATEADA,SECCION,COMPLETO
1008,19,NUEVO LEON,PESQUERIA,,23,0,65645,17369,0.2645898392870744,0.7354101607129255,PAN,5990,0.3448672923023778,1201,0.06914617997581898,MC,4789,0.2757211123265588,2289,0.13178651620703552,MORENA,2500,0.14393459611952328,PAN,5990,0.3448672923023778,1201,0.06914617997581898,MC,4789,0.2757211123265588,2289,0.13178651620703552,MORENA,2500,0.14393459611952328,5990,0.3448672923023778,2209,0.12718060913121076,83,0.0047786285911681735,450,0.02590822730151419,489,0.028153607000978756,4789,0.2757211123265588,2500,0.14393459611952328,113,0.0065058437446024525,55,0.0031665611146295125,61,0.0035120041453163683,77,0.004433185560481318,53,0.0030514134377338936,97,0.005584662329437504,17,0.0009787552536127584,5,0.00028786919223904657,5,0.00028786919223904657,3,0.00017272151534342795,11,0.0006333122229259025,11,0.0006333122229259025,1,5.7573838447809316e-05,16,0.000921181415164949,1,5.7573838447809316e-05,5,0.00028786919223904657,4,0.00023029535379123726,324,0.01865392365709022,17369,1.0,SRC_MUNICIPAL_PRORRATEADA,SECCION,COMPLETO
1009,19,NUEVO LEON,PESQUERIA,,23,1707,1028,272,0.26459143968871596,0.7354085603112841,PAN,93,0.34191176470588236,2,0.007352941176470588,MC,91,0.33455882352941174,57,0.20955882352941177,MORENA,34,0.125,PAN,93,0.34191176470588236,2,0.007352941176470588,MC,91,0.33455882352941174,57,0.20955882352941177,MORENA,34,0.125,93,0.34191176470588236,22,0.08088235294117647,1,0.003676470588235294,12,0.04411764705882353,8,0.029411764705882353,91,0.33455882352941174,34,0.125,1,0.003676470588235294,1,0.003676470588235294,0,0.0,2,0.007352941176470588,1,0.003676470588235294,0,0.0,1,0.003676470588235294,0,0.0,0,0.0,0,0.0,0,0.0,0,0.0,0,0.0,0,0.0,0,0.0,0,0.0,0,0.0,5,0.01838235294117647,272,1.0,SRC_MUNICIPAL_PRORRATEADA,SECCION,COMPLETO
1010,19,NUEVO LEON,PESQUERIA,,23,1708,2124,562,0.2645951035781544,0.7354048964218456,MC,171,0.304270462633452,1,0.0017793594306049821,PAN,170,0.302491103202847,83,0.14768683274021352,MORENA,87,0.15480427046263345,MC,171,0.304270462633452,1,0.0017793594306049821,PAN,170,0.302491103202847,83,0.14768683274021352,MORENA,87,0.15480427046263345,170,0.302491103202847,85,0.1512455516014235,3,0.005338078291814947,16,0.028469750889679714,17,0.030249110320284697,171,0.304270462633452,87,0.15480427046263345,0,0.0,0,0.0,2,0.0035587188612099642,0,0.0,1,0.0017793594306049821,0,0.0,0,0.0,1,0.0017793594306049821,0,0.0,0,0.0,0,0.0,0,0.0,0,0.0,1,0.0017793594306049821,0,0.0,0,0.0,0,0.0,8,0.014234875444839857,562,1.0,SRC_MUNICIPAL_PRORRATEADA,SECCION,COMPLETO
1011,19,NUEVO LEON,PESQUERIA,,23,1710,1024,271,0.2646484375,0.7353515625,PAN,73,0.2693726937269373,6,0.02214022140221402,PRI,67,0.24723247232472326,12,0.04428044280442804,MORENA,55,0.2029520295202952,PAN,73,0.2693726937269373,6,0.02214022140221402,PRI,67,0.24723247232472326,12,0.04428044280442804,MORENA,55,0.2029520295202952,73,0.2693726937269373,67,0.24723247232472326,4,0.014760147601476014,5,0.01845018450184502,4,0.014760147601476014,52,0.1918819188191882,55,0.2029520295202952,1,0.0036900369003690036,0,0.0,0,0.0,1,0.0036900369003690036,0,0.0,0,0.0,0,0.0,0,0.0,0,0.0,0,0.0,1,0.0036900369003690036,1,0.0036900369003690036,0,0.0,0,0.0,0,0.0,0,0.0,0,0.0,7,0.025830258302583026,271,1.0,SRC_MUNICIPAL_PRORRATEADA,SECCION,COMPLETO
1012,19,NUEVO LEON,PESQUERIA,,23,2883,624,165,0.2644230769230769,0.7355769230769231,PAN,53,0.3212121212121212,0,0.0,MC,53,0.3212121212121212,30,0.18181818181818182,MORENA,23,0.1393939393939394,PAN,53,0.3212121212121212,0,0.0,MC,53,0.3212121212121212,30,0.18181818181818182,MORENA,23,0.1393939393939394,53,0.3212121212121212,18,0.10909090909090909,0,0.0,6,0.03636363636363636,7,0.04242424242424243,53,0.3212121212121212,23,0.1393939393939394,1,0.006060606060606061,1,0.006060606060606061,0,0.0,2,0.012121212121212121,0,0.0,0,0.0,0,0.0,0,0.0,0,0.0,0,0.0,0,0.0,0,0.0,0,0.0,0,0.0,0,0.0,0,0.0,0,0.0,1,0.006060606060606061,165,1.0,SRC_MUNICIPAL_PRORRATEADA,SECCION,COMPLETO
1013,19,NUEVO LEON,PESQUERIA,,23,2893,809,214,0.26452410383189123,0.7354758961681087,PAN,85,0.397196261682243,39,0.1822429906542056,MC,46,0.21495327102803738,11,0.0514018691588785,MORENA,35,0.16355140186915887,PAN,85,0.397196261682243,39,0.1822429906542056,MC,46,0.21495327102803738,11,0.0514018691588785,MORENA,35,0.16355140186915887,85,0.397196261682243,28,0.1308411214953271,2,0.009345794392523364,8,0.037383177570093455,3,0.014018691588785047,46,0.21495327102803738,35,0.16355140186915887,0,0.0,1,0.004672897196261682,0,0.0,1,0.004672897196261682,0,0.0,0,0.0,0,0.0,0,0.0,0,0.0,0,0.0,0,0.0,1,0.004672897196261682,0,0.0,0,0.0,0,0.0,0,0.0,0,0.0,4,0.018691588785046728,214,1.0,SRC_MUNICIPAL_PRORRATEADA,SECCION,COMPLETO
1014,19,NUEVO LEON,PESQUERIA,,23,2896,1905,504,0.26456692913385826,0.7354330708661417,PAN,181,0.35912698412698413,36,0.07142857142857142,MC,145,0.2876984126984127,72,0.14285714285714285,MORENA,73,0.14484126984126985,PAN,181,0.35912698412698413,36,0.07142857142857142,MC,145,0.2876984126984127,72,0.14285714285714285,MORENA,73,0.14484126984126985,181,0.35912698412698413,55,0.10912698412698413,2,0.003968253968253968,15,0.02976190476190476,10,0.01984126984126984,145,0.2876984126984127,73,0.14484126984126985,4,0.007936507936507936,2,0.003968253968253968,2,0.003968253968253968,2,0.003968253968253968,1,0.001984126984126984,2,0.003968253968253968,0,0.0,0,0.0,0,0.0,0,0.0,0,0.0,0,0.0,0,0.0,2,0.003968253968253968,0,0.0,0,0.0,0,0.0,8,0.015873015873015872,504,1.0,SRC_MUNICIPAL_PRORRATEADA,SECCION,COMPLETO
1015,19,NUEVO LEON,RAYONES,,26,0,3015,2434,0.8072968490878939,0.1927031509121061,PAN,1329,0.5460147904683649,981,0.40304026294165984,MC,348,0.142974527526705,24,0.009860312243221035,PRI,324,0.13311421528348397,PAN,1329,0.5460147904683649,981,0.40304026294165984,MC,348,0.142974527526705,24,0.009860312243221035,PRI,324,0.13311421528348397,1329,0.5460147904683649,324,0.13311421528348397,1,0.0004108463434675431,25,0.010271158586688579,25,0.010271158586688579,348,0.142974527526705,273,0.11216105176663928,26,0.010682004930156122,5,0.002054231717337716,6,0.0024650780608052587,4,0.0016433853738701725,2,0.0008216926869350862,2,0.0008216926869350862,0,0.0,1,0.0004108463434675431,0,0.0,0,0.0,0,0.0,0,0.0,1,0.0004108463434675431,0,0.0,0,0.0,0,0.0,0,0.0,62,0.025472473294987676,2434,1.0,SRC_MUNICIPAL_PRORRATEADA,SECCION,COMPLETO
1016,19,NUEVO LEON,SABINAS HIDALGO,,21,0,20797,12094,0.5815261816608165,0.4184738183391835,MC,4687,0.38754754423681165,876,0.07243261121217133,PAN,3811,0.31511493302464033,2156,0.1782702166363486,PRI,1655,0.1368447163882917,MC,4687,0.38754754423681165,876,0.07243261121217133,PAN,3811,0.31511493302464033,2156,0.1782702166363486,PRI,1655,0.1368447163882917,3811,0.31511493302464033,1655,0.1368447163882917,34,0.002811311394079709,551,0.04555978170993881,90,0.007441706631387465,4687,0.38754754423681165,746,0.06168347941127832,69,0.005705308417397056,16,0.001322970067802216,112,0.009260790474615511,62,0.005126509012733587,6,0.000496113775425831,7,0.0005787994046634695,4,0.000330742516950554,1,8.26856292376385e-05,5,0.0004134281461881925,1,8.26856292376385e-05,5,0.0004134281461881925,11,0.0009095419216140235,3,0.0002480568877129155,1,8.26856292376385e-05,0,0.0,2,0.000165371258475277,0,0.0,215,0.01777741028609228,12094,1.0,SRC_MUNICIPAL_PRORRATEADA,SECCION,COMPLETO
1017,19,NUEVO LEON,SABINAS HIDALGO,,21,1733,619,360,0.5815831987075929,0.4184168012924071,MC,121,0.33611111111111114,9,0.025,PAN,112,0.3111111111111111,53,0.14722222222222223,PRI,59,0.1638888888888889,MC,121,0.33611111111111114,9,0.025,PAN,112,0.3111111111111111,53,0.14722222222222223,PRI,59,0.1638888888888889,112,0.3111111111111111,59,0.1638888888888889,1,0.002777777777777778,17,0.04722222222222222,2,0.005555555555555556,121,0.33611111111111114,21,0.058333333333333334,4,0.011111111111111112,0,0.0,6,0.016666666666666666,3,0.008333333333333333,2,0.005555555555555556,0,0.0,0,0.0,0,0.0,0,0.0,0,0.0,0,0.0,1,0.002777777777777778,0,0.0,0,0.0,0,0.0,0,0.0,0,0.0,11,0.030555555555555555,360,1.0,SRC_MUNICIPAL_PRORRATEADA,SECCION,COMPLETO
1018,19,NUEVO LEON,SABINAS HIDALGO,,21,1734,576,335,0.5815972222222222,0.4184027777777778,MC,138,0.41194029850746267,46,0.1373134328358209,PAN,92,0.2746268656716418,37,0.11044776119402985,PRI,55,0.16417910447761194,MC,138,0.41194029850746267,46,0.1373134328358209,PAN,92,0.2746268656716418,37,0.11044776119402985,PRI,55,0.16417910447761194,92,0.2746268656716418,55,0.16417910447761194,1,0.0029850746268656717,18,0.05373134328358209,1,0.0029850746268656717,138,0.41194029850746267,22,0.06567164179104477,0,0.0,0,0.0,1,0.0029850746268656717,0,0.0,1,0.0029850746268656717,0,0.0,1,0.0029850746268656717,0,0.0,0,0.0,0,0.0,0,0.0,0,0.0,0,0.0,0,0.0,0,0.0,0,0.0,0,0.0,5,0.014925373134328358,335,1.0,SRC_MUNICIPAL_PRORRATEADA,SECCION,COMPLETO
1019,19,NUEVO LEON,SABINAS HIDALGO,,21,1738,1322,769,0.5816944024205749,0.4183055975794251,MC,291,0.3784135240572172,31,0.04031209362808843,PAN,260,0.3381014304291287,165,0.21456436931079323,PRI,95,0.1235370611183355,MC,291,0.3784135240572172,31,0.04031209362808843,PAN,260,0.3381014304291287,165,0.21456436931079323,PRI,95,0.1235370611183355,260,0.3381014304291287,95,0.1235370611183355,3,0.0039011703511053317,53,0.06892067620286085,9,0.011703511053315995,291,0.3784135240572172,28,0.036410923276983094,5,0.006501950585175552,0,0.0,10,0.013003901170351105,8,0.010403120936280884,0,0.0,0,0.0,1,0.0013003901170351106,0,0.0,1,0.0013003901170351106,0,0.0,0,0.0,0,0.0,0,0.0,1,0.0013003901170351106,0,0.0,0,0.0,0,0.0,4,0.005201560468140442,769,1.0,SRC_MUNICIPAL_PRORRATEADA,SECCION,COMPLETO
1020,19,NUEVO LEON,SABINAS HIDALGO,,21,1739,576,335,0.5815972222222222,0.4184027777777778,MC,127,0.37910447761194027,29,0.08656716417910448,PAN,98,0.29253731343283584,46,0.1373134328358209,PRI,52,0.15522388059701492,MC,127,0.37910447761194027,29,0.08656716417910448,PAN,98,0.29253731343283584,46,0.1373134328358209,PRI,52,0.15522388059701492,98,0.29253731343283584,52,0.15522388059701492,2,0.005970149253731343,19,0.056716417910447764,4,0.011940298507462687,127,0.37910447761194027,22,0.06567164179104477,2,0.005970149253731343,0,0.0,0,0.0,3,0.008955223880597015,0,0.0,0,0.0,0,0.0,0,0.0,0,0.0,0,0.0,0,0.0,1,0.0029850746268656717,0,0.0,0,0.0,0,0.0,0,0.0,0,0.0,5,0.014925373134328358,335,1.0,SRC_MUNICIPAL_PRORRATEADA,SECCION,COMPLETO
1021,19,NUEVO LEON,SABINAS HIDALGO,,21,1741,287,167,0.5818815331010453,0.4181184668989547,PAN,59,0.3532934131736527,1,0.005988023952095809,MC,58,0.3473053892215569,29,0.17365269461077845,PRI,29,0.17365269461077845,PAN,59,0.3532934131736527,1,0.005988023952095809,MC,58,0.3473053892215569,29,0.17365269461077845,PRI,29,0.17365269461077845,59,0.3532934131736527,29,0.17365269461077845,0,0.0,5,0.029940119760479042,0,0.0,58,0.3473053892215569,8,0.04790419161676647,1,0.005988023952095809,1,0.005988023952095809,1,0.005988023952095809,0,0.0,0,0.0,1,0.005988023952095809,0,0.0,0,0.0,0,0.0,0,0.0,0,0.0,0,0.0,0,0.0,0,0.0,0,0.0,0,0.0,0,0.0,4,0.023952095808383235,167,1.0,SRC_MUNICIPAL_PRORRATEADA,SECCION,COMPLETO
1022,19,NUEVO LEON,SABINAS HIDALGO,,21,1742,421,245,0.5819477434679335,0.41805225653206646,MC,96,0.39183673469387753,24,0.09795918367346938,PAN,72,0.2938775510204082,28,0.11428571428571428,PRI,44,0.17959183673469387,MC,96,0.39183673469387753,24,0.09795918367346938,PAN,72,0.2938775510204082,28,0.11428571428571428,PRI,44,0.17959183673469387,72,0.2938775510204082,44,0.17959183673469387,0,0.0,4,0.0163265306122449,2,0.00816326530612245,96,0.39183673469387753,20,0.08163265306122448,2,0.00816326530612245,0,0.0,1,0.004081632653061225,3,0.012244897959183673,0,0.0,0,0.0,0,0.0,0,0.0,0,0.0,0,0.0,0,0.0,1,0.004081632653061225,0,0.0,0,0.0,0,0.0,0,0.0,0,0.0,0,0.0,245,1.0,SRC_MUNICIPAL_PRORRATEADA,SECCION,COMPLETO
1023,19,NUEVO LEON,SABINAS HIDALGO,,21,1743,597,347,0.5812395309882747,0.41876046901172526,PAN,118,0.3400576368876081,5,0.01440922190201729,MC,113,0.3256484149855908,60,0.1729106628242075,PRI,53,0.15273775216138327,PAN,118,0.3400576368876081,5,0.01440922190201729,MC,113,0.3256484149855908,60,0.1729106628242075,PRI,53,0.15273775216138327,118,0.3400576368876081,53,0.15273775216138327,1,0.002881844380403458,19,0.05475504322766571,2,0.005763688760806916,113,0.3256484149855908,18,0.05187319884726225,1,0.002881844380403458,2,0.005763688760806916,2,0.005763688760806916,2,0.005763688760806916,0,0.0,2,0.005763688760806916,1,0.002881844380403458,1,0.002881844380403458,0,0.0,0,0.0,0,0.0,0,0.0,0,0.0,1,0.002881844380403458,0,0.0,0,0.0,0,0.0,11,0.03170028818443804,347,1.0,SRC_MUNICIPAL_PRORRATEADA,SECCION,COMPLETO
1024,19,NUEVO LEON,SABINAS HIDALGO,,21,1744,495,288,0.5818181818181818,0.4181818181818182,MC,99,0.34375,1,0.003472222222222222,PAN,98,0.3402777777777778,64,0.2222222222222222,PRI,34,0.11805555555555555,MC,99,0.34375,1,0.003472222222222222,PAN,98,0.3402777777777778,64,0.2222222222222222,PRI,34,0.11805555555555555,98,0.3402777777777778,34,0.11805555555555555,0,0.0,17,0.059027777777777776,4,0.013888888888888888,99,0.34375,17,0.059027777777777776,3,0.010416666666666666,4,0.013888888888888888,2,0.006944444444444444,0,0.0,1,0.003472222222222222,0,0.0,0,0.0,1,0.003472222222222222,0,0.0,0,0.0,0,0.0,2,0.006944444444444444,0,0.0,0,0.0,0,0.0,0,0.0,0,0.0,6,0.020833333333333332,288,1.0,SRC_MUNICIPAL_PRORRATEADA,SECCION,COMPLETO
1025,19,NUEVO LEON,SABINAS HIDALGO,,21,1745,616,358,0.5811688311688312,0.4188311688311688,PAN,137,0.38268156424581007,17,0.04748603351955307,MC,120,0.33519553072625696,86,0.24022346368715083,PRI,34,0.09497206703910614,PAN,137,0.38268156424581007,17,0.04748603351955307,MC,120,0.33519553072625696,86,0.24022346368715083,PRI,34,0.09497206703910614,137,0.38268156424581007,34,0.09497206703910614,2,0.00558659217877095,13,0.036312849162011177,2,0.00558659217877095,120,0.33519553072625696,29,0.08100558659217877,2,0.00558659217877095,1,0.002793296089385475,6,0.01675977653631285,2,0.00558659217877095,1,0.002793296089385475,0,0.0,1,0.002793296089385475,0,0.0,0,0.0,0,0.0,0,0.0,0,0.0,0,0.0,0,0.0,0,0.0,0,0.0,0,0.0,8,0.0223463687150838,358,1.0,SRC_MUNICIPAL_PRORRATEADA,SECCION,COMPLETO
1026,19,NUEVO LEON,SABINAS HIDALGO,,21,1746,427,248,0.5807962529274004,0.41920374707259955,MC,113,0.45564516129032256,44,0.1774193548387097,PAN,69,0.2782258064516129,46,0.18548387096774194,PRI,23,0.09274193548387097,MC,113,0.45564516129032256,44,0.1774193548387097,PAN,69,0.2782258064516129,46,0.18548387096774194,PRI,23,0.09274193548387097,69,0.2782258064516129,23,0.09274193548387097,0,0.0,4,0.016129032258064516,3,0.012096774193548387,113,0.45564516129032256,23,0.09274193548387097,1,0.004032258064516129,0,0.0,4,0.016129032258064516,0,0.0,0,0.0,0,0.0,0,0.0,0,0.0,0,0.0,0,0.0,0,0.0,1,0.004032258064516129,1,0.004032258064516129,0,0.0,0,0.0,0,0.0,0,0.0,6,0.024193548387096774,248,1.0,SRC_MUNICIPAL_PRORRATEADA,SECCION,COMPLETO
1027,19,NUEVO LEON,SABINAS HIDALGO,,21,2411,1073,624,0.581547064305685,0.41845293569431496,PAN,270,0.4326923076923077,52,0.08333333333333333,MC,218,0.34935897435897434,165,0.2644230769230769,PRI,53,0.08493589743589744,PAN,270,0.4326923076923077,52,0.08333333333333333,MC,218,0.34935897435897434,165,0.2644230769230769,PRI,53,0.08493589743589744,270,0.4326923076923077,53,0.08493589743589744,2,0.003205128205128205,23,0.03685897435897436,4,0.00641025641025641,218,0.34935897435897434,16,0.02564102564102564,2,0.003205128205128205,0,0.0,10,0.016025641025641024,4,0.00641025641025641,0,0.0,1,0.0016025641025641025,0,0.0,0,0.0,0,0.0,1,0.0016025641025641025,0,0.0,2,0.003205128205128205,0,0.0,0,0.0,0,0.0,0,0.0,0,0.0,18,0.028846153846153848,624,1.0,SRC_MUNICIPAL_PRORRATEADA,SECCION,COMPLETO
1028,19,NUEVO LEON,SABINAS HIDALGO,,21,2413,480,279,0.58125,0.41874999999999996,PAN,113,0.4050179211469534,5,0.017921146953405017,MC,108,0.3870967741935484,92,0.32974910394265233,PRI,16,0.05734767025089606,PAN,113,0.4050179211469534,5,0.017921146953405017,MC,108,0.3870967741935484,92,0.32974910394265233,PRI,16,0.05734767025089606,113,0.4050179211469534,16,0.05734767025089606,0,0.0,13,0.04659498207885305,5,0.017921146953405017,108,0.3870967741935484,9,0.03225806451612903,0,0.0,0,0.0,5,0.017921146953405017,0,0.0,1,0.0035842293906810036,0,0.0,0,0.0,0,0.0,0,0.0,0,0.0,0,0.0,1,0.0035842293906810036,0,0.0,1,0.0035842293906810036,0,0.0,0,0.0,0,0.0,7,0.025089605734767026,279,1.0,SRC_MUNICIPAL_PRORRATEADA,SECCION,COMPLETO
1029,19,NUEVO LEON,SABINAS HIDALGO,,21,2414,574,334,0.5818815331010453,0.4181184668989547,MC,135,0.4041916167664671,26,0.07784431137724551,PAN,109,0.3263473053892216,69,0.20658682634730538,PRI,40,0.11976047904191617,MC,135,0.4041916167664671,26,0.07784431137724551,PAN,109,0.3263473053892216,69,0.20658682634730538,PRI,40,0.11976047904191617,109,0.3263473053892216,40,0.11976047904191617,2,0.005988023952095809,13,0.038922155688622756,4,0.011976047904191617,135,0.4041916167664671,15,0.04491017964071856,0,0.0,1,0.0029940119760479044,7,0.020958083832335328,0,0.0,0,0.0,0,0.0,0,0.0,0,0.0,0,0.0,0,0.0,0,0.0,0,0.0,0,0.0,0,0.0,0,0.0,0,0.0,0,0.0,8,0.023952095808383235,334,1.0,SRC_MUNICIPAL_PRORRATEADA,SECCION,COMPLETO
1030,19,NUEVO LEON,SALINAS VICTORIA,,21,0,34179,15608,0.4566546709968109,0.5433453290031891,MC,6305,0.40395950794464375,2791,0.17881855458739107,PAN,3514,0.2251409533572527,691,0.04427216811891338,PRI,2823,0.18086878523833932,MC,6305,0.40395950794464375,2791,0.17881855458739107,PAN,3514,0.2251409533572527,691,0.04427216811891338,PRI,2823,0.18086878523833932,3514,0.2251409533572527,2823,0.18086878523833932,71,0.004548949256791389,165,0.01057150179395182,178,0.011404407995899538,6305,0.40395950794464375,1709,0.109495130702204,95,0.006086622245002562,37,0.002370579190158893,45,0.0028831368528959506,227,0.014543823680164018,76,0.004869297796002051,59,0.003780112762685802,12,0.0007688364941055869,0,0.0,5,0.0003203485392106612,0,0.0,3,0.00019220912352639673,6,0.00038441824705279346,0,0.0,6,0.00038441824705279346,1,6.406970784213224e-05,1,6.406970784213224e-05,5,0.0003203485392106612,265,0.016978472578165045,15608,1.0,SRC_MUNICIPAL_PRORRATEADA,SECCION,COMPLETO
1031,19,NUEVO LEON,SALINAS VICTORIA,,21,1752,2952,1348,0.45663956639566394,0.5433604336043361,MC,396,0.29376854599406527,34,0.025222551928783383,PRI,362,0.2685459940652819,24,0.017804154302670624,PAN,338,0.2507418397626113,MC,396,0.29376854599406527,34,0.025222551928783383,PRI,362,0.2685459940652819,24,0.017804154302670624,PAN,338,0.2507418397626113,338,0.2507418397626113,362,0.2685459940652819,12,0.008902077151335312,24,0.017804154302670624,11,0.008160237388724036,396,0.29376854599406527,117,0.08679525222551929,13,0.009643916913946587,2,0.001483679525222552,6,0.004451038575667656,12,0.008902077151335312,4,0.002967359050445104,1,0.000741839762611276,1,0.000741839762611276,0,0.0,1,0.000741839762611276,0,0.0,0,0.0,2,0.001483679525222552,0,0.0,0,0.0,0,0.0,1,0.000741839762611276,0,0.0,45,0.03338278931750742,1348,1.0,SRC_MUNICIPAL_PRORRATEADA,SECCION,COMPLETO
1032,19,NUEVO LEON,SALINAS VICTORIA,,21,1754,1957,894,0.456821665815023,0.543178334184977,PAN,283,0.31655480984340045,13,0.0145413870246085,MC,270,0.30201342281879195,25,0.02796420581655481,PRI,245,0.2740492170022371,PAN,283,0.31655480984340045,13,0.0145413870246085,MC,270,0.30201342281879195,25,0.02796420581655481,PRI,245,0.2740492170022371,283,0.31655480984340045,245,0.2740492170022371,0,0.0,9,0.010067114093959731,6,0.006711409395973154,270,0.30201342281879195,42,0.04697986577181208,7,0.007829977628635347,3,0.003355704697986577,4,0.0044742729306487695,5,0.005592841163310962,1,0.0011185682326621924,1,0.0011185682326621924,0,0.0,0,0.0,0,0.0,0,0.0,0,0.0,0,0.0,1,0.0011185682326621924,0,0.0,0,0.0,0,0.0,0,0.0,17,0.01901565995525727,894,1.0,SRC_MUNICIPAL_PRORRATEADA,SECCION,COMPLETO
1033,19,NUEVO LEON,SALINAS VICTORIA,,21,1755,1789,817,0.45667970933482394,0.5433202906651761,MC,292,0.3574051407588739,56,0.06854345165238677,PAN,236,0.28886168910648713,66,0.08078335373317014,PRI,170,0.20807833537331702,MC,292,0.3574051407588739,56,0.06854345165238677,PAN,236,0.28886168910648713,66,0.08078335373317014,PRI,170,0.20807833537331702,236,0.28886168910648713,170,0.20807833537331702,1,0.0012239902080783353,10,0.012239902080783354,4,0.004895960832313341,292,0.3574051407588739,73,0.08935128518971848,5,0.006119951040391677,0,0.0,6,0.0073439412484700125,5,0.006119951040391677,3,0.0036719706242350062,0,0.0,0,0.0,0,0.0,0,0.0,0,0.0,0,0.0,0,0.0,0,0.0,0,0.0,0,0.0,0,0.0,0,0.0,12,0.014687882496940025,817,1.0,SRC_MUNICIPAL_PRORRATEADA,SECCION,COMPLETO
1034,19,NUEVO LEON,SALINAS VICTORIA,,21,1758,784,358,0.45663265306122447,0.5433673469387755,PRI,109,0.30446927374301674,2,0.00558659217877095,PAN,107,0.2988826815642458,5,0.013966480446927373,MC,102,0.2849162011173184,PRI,109,0.30446927374301674,2,0.00558659217877095,PAN,107,0.2988826815642458,5,0.013966480446927373,MC,102,0.2849162011173184,107,0.2988826815642458,109,0.30446927374301674,2,0.00558659217877095,2,0.00558659217877095,4,0.0111731843575419,102,0.2849162011173184,22,0.061452513966480445,2,0.00558659217877095,1,0.002793296089385475,0,0.0,1,0.002793296089385475,0,0.0,0,0.0,0,0.0,0,0.0,0,0.0,0,0.0,0,0.0,0,0.0,0,0.0,0,0.0,0,0.0,0,0.0,0,0.0,6,0.01675977653631285,358,1.0,SRC_MUNICIPAL_PRORRATEADA,SECCION,COMPLETO
1035,19,NUEVO LEON,SALINAS VICTORIA,,21,1759,1984,906,0.4566532258064516,0.5433467741935484,MC,298,0.32891832229580575,6,0.006622516556291391,PAN,292,0.32229580573951433,52,0.05739514348785872,PRI,240,0.26490066225165565,MC,298,0.32891832229580575,6,0.006622516556291391,PAN,292,0.32229580573951433,52,0.05739514348785872,PRI,240,0.26490066225165565,292,0.32229580573951433,240,0.26490066225165565,5,0.005518763796909493,6,0.006622516556291391,7,0.00772626931567329,298,0.32891832229580575,34,0.037527593818984545,3,0.0033112582781456954,0,0.0,0,0.0,4,0.004415011037527594,0,0.0,2,0.002207505518763797,0,0.0,1,0.0011037527593818985,0,0.0,0,0.0,0,0.0,0,0.0,0,0.0,0,0.0,0,0.0,0,0.0,0,0.0,14,0.01545253863134658,906,1.0,SRC_MUNICIPAL_PRORRATEADA,SECCION,COMPLETO
1036,19,NUEVO LEON,SALINAS VICTORIA,,21,2769,1393,636,0.45656855707106964,0.5434314429289304,MC,285,0.4481132075471698,171,0.2688679245283019,PAN,114,0.1792452830188679,1,0.0015723270440251573,MORENA,113,0.17767295597484276,MC,285,0.4481132075471698,171,0.2688679245283019,PAN,114,0.1792452830188679,1,0.0015723270440251573,MORENA,113,0.17767295597484276,114,0.1792452830188679,76,0.11949685534591195,5,0.007861635220125786,8,0.012578616352201259,11,0.01729559748427673,285,0.4481132075471698,113,0.17767295597484276,5,0.007861635220125786,1,0.0015723270440251573,3,0.0047169811320754715,8,0.012578616352201259,0,0.0,0,0.0,1,0.0015723270440251573,0,0.0,0,0.0,0,0.0,0,0.0,1,0.0015723270440251573,0,0.0,0,0.0,0,0.0,0,0.0,0,0.0,5,0.007861635220125786,636,1.0,SRC_MUNICIPAL_PRORRATEADA,SECCION,COMPLETO
1037,19,NUEVO LEON,SALINAS VICTORIA,,21,2770,633,289,0.4565560821484992,0.5434439178515008,MC,131,0.4532871972318339,75,0.25951557093425603,PAN,56,0.19377162629757785,11,0.03806228373702422,MORENA,45,0.15570934256055363,MC,131,0.4532871972318339,75,0.25951557093425603,PAN,56,0.19377162629757785,11,0.03806228373702422,MORENA,45,0.15570934256055363,56,0.19377162629757785,32,0.11072664359861592,4,0.01384083044982699,4,0.01384083044982699,2,0.006920415224913495,131,0.4532871972318339,45,0.15570934256055363,3,0.010380622837370242,0,0.0,0,0.0,6,0.020761245674740483,1,0.0034602076124567475,0,0.0,0,0.0,0,0.0,0,0.0,0,0.0,0,0.0,0,0.0,0,0.0,0,0.0,0,0.0,0,0.0,0,0.0,5,0.01730103806228374,289,1.0,SRC_MUNICIPAL_PRORRATEADA,SECCION,COMPLETO
1038,19,NUEVO LEON,SALINAS VICTORIA,,21,2771,482,220,0.45643153526970953,0.5435684647302905,MC,104,0.4727272727272727,50,0.22727272727272727,PAN,54,0.24545454545454545,31,0.1409090909090909,PRI,23,0.10454545454545454,MC,104,0.4727272727272727,50,0.22727272727272727,PAN,54,0.24545454545454545,31,0.1409090909090909,PRI,23,0.10454545454545454,54,0.24545454545454545,23,0.10454545454545454,0,0.0,3,0.013636363636363636,4,0.01818181818181818,104,0.4727272727272727,22,0.1,0,0.0,0,0.0,1,0.004545454545454545,5,0.022727272727272728,0,0.0,0,0.0,0,0.0,0,0.0,0,0.0,0,0.0,0,0.0,0,0.0,0,0.0,1,0.004545454545454545,0,0.0,0,0.0,0,0.0,3,0.013636363636363636,220,1.0,SRC_MUNICIPAL_PRORRATEADA,SECCION,COMPLETO
1039,19,NUEVO LEON,SALINAS VICTORIA,,21,2772,782,357,0.45652173913043476,0.5434782608695652,MC,186,0.5210084033613446,140,0.39215686274509803,PRI,46,0.12885154061624648,3,0.008403361344537815,PAN,43,0.12044817927170869,MC,186,0.5210084033613446,140,0.39215686274509803,PRI,46,0.12885154061624648,3,0.008403361344537815,PAN,43,0.12044817927170869,43,0.12044817927170869,46,0.12885154061624648,0,0.0,2,0.0056022408963585435,0,0.0,186,0.5210084033613446,28,0.0784313725490196,1,0.0028011204481792717,0,0.0,1,0.0028011204481792717,11,0.03081232492997199,0,0.0,37,0.10364145658263306,0,0.0,0,0.0,0,0.0,0,0.0,0,0.0,0,0.0,0,0.0,0,0.0,0,0.0,0,0.0,1,0.0028011204481792717,1,0.0028011204481792717,357,1.0,SRC_MUNICIPAL_PRORRATEADA,SECCION,COMPLETO
1040,19,NUEVO LEON,SALINAS VICTORIA,,21,2773,674,308,0.456973293768546,0.543026706231454,MC,125,0.40584415584415584,52,0.16883116883116883,PAN,73,0.237012987012987,20,0.06493506493506493,PRI,53,0.17207792207792208,MC,125,0.40584415584415584,52,0.16883116883116883,PAN,73,0.237012987012987,20,0.06493506493506493,PRI,53,0.17207792207792208,73,0.237012987012987,53,0.17207792207792208,2,0.006493506493506494,4,0.012987012987012988,4,0.012987012987012988,125,0.40584415584415584,27,0.08766233766233766,5,0.016233766233766232,0,0.0,0,0.0,5,0.016233766233766232,0,0.0,3,0.00974025974025974,1,0.003246753246753247,0,0.0,0,0.0,0,0.0,0,0.0,0,0.0,0,0.0,1,0.003246753246753247,0,0.0,0,0.0,0,0.0,5,0.016233766233766232,308,1.0,SRC_MUNICIPAL_PRORRATEADA,SECCION,COMPLETO
1041,19,NUEVO LEON,SALINAS VICTORIA,,21,2776,1373,627,0.45666423889293517,0.5433357611070648,MC,260,0.41467304625199364,83,0.13237639553429026,PAN,177,0.2822966507177033,90,0.14354066985645933,MORENA,87,0.13875598086124402,MC,260,0.41467304625199364,83,0.13237639553429026,PAN,177,0.2822966507177033,90,0.14354066985645933,MORENA,87,0.13875598086124402,177,0.2822966507177033,57,0.09090909090909091,3,0.004784688995215311,8,0.012759170653907496,13,0.02073365231259968,260,0.41467304625199364,87,0.13875598086124402,1,0.001594896331738437,2,0.003189792663476874,1,0.001594896331738437,6,0.009569377990430622,0,0.0,0,0.0,0,0.0,0,0.0,0,0.0,0,0.0,0,0.0,0,0.0,0,0.0,0,0.0,0,0.0,0,0.0,0,0.0,12,0.019138755980861243,627,1.0,SRC_MUNICIPAL_PRORRATEADA,SECCION,COMPLETO
1042,19,NUEVO LEON,SALINAS VICTORIA,,21,2777,668,305,0.4565868263473054,0.5434131736526946,MC,130,0.4262295081967213,68,0.22295081967213115,PAN,62,0.20327868852459016,6,0.019672131147540985,PRI,56,0.18360655737704917,MC,130,0.4262295081967213,68,0.22295081967213115,PAN,62,0.20327868852459016,6,0.019672131147540985,PRI,56,0.18360655737704917,62,0.20327868852459016,56,0.18360655737704917,1,0.003278688524590164,1,0.003278688524590164,2,0.006557377049180328,130,0.4262295081967213,26,0.08524590163934426,1,0.003278688524590164,1,0.003278688524590164,1,0.003278688524590164,10,0.03278688524590164,0,0.0,1,0.003278688524590164,0,0.0,0,0.0,0,0.0,1,0.003278688524590164,1,0.003278688524590164,0,0.0,0,0.0,0,0.0,0,0.0,0,0.0,0,0.0,11,0.036065573770491806,305,1.0,SRC_MUNICIPAL_PRORRATEADA,SECCION,COMPLETO
1043,19,NUEVO LEON,SAN NICOLAS DE LOS GARZA,,9,0,272841,179330,0.6572692520552263,0.34273074794477365,MC,65768,0.36674287626164054,16744,0.09336976523727207,PAN,49024,0.2733731110243685,12918,0.0720347961858027,PRI,36106,0.20133831483856576,MC,65768,0.36674287626164054,16744,0.09336976523727207,PAN,49024,0.2733731110243685,12918,0.0720347961858027,PRI,36106,0.20133831483856576,49024,0.2733731110243685,36106,0.20133831483856576,568,0.003167345117938995,1245,0.0069425082250599455,2699,0.015050465622037584,65768,0.36674287626164054,17303,0.09648692354876484,614,0.003423855461997435,443,0.002470306139519322,320,0.0017844197847543635,1077,0.006005687838063905,577,0.0032175319243852116,371,0.0020688116879495904,93,0.0005185969999442369,31,0.00017286566664807896,31,0.00017286566664807896,31,0.00017286566664807896,33,0.00018401829030279373,60,0.00033457870964144314,18,0.00010037361289243294,129,0.0007193442257291027,17,9.479730106507556e-05,32,0.00017844197847543636,71,0.0003959181397423744,2669,0.014883176267216863,179330,1.0,SRC_MUNICIPAL_PRORRATEADA,SECCION,COMPLETO
1044,19,NUEVO LEON,SAN NICOLAS DE LOS GARZA,,9,1902,425,279,0.6564705882352941,0.34352941176470586,MC,81,0.2903225806451613,6,0.021505376344086023,PRI,75,0.26881720430107525,9,0.03225806451612903,PAN,66,0.23655913978494625,MC,81,0.2903225806451613,6,0.021505376344086023,PRI,75,0.26881720430107525,9,0.03225806451612903,PAN,66,0.23655913978494625,66,0.23655913978494625,75,0.26881720430107525,1,0.0035842293906810036,2,0.007168458781362007,2,0.007168458781362007,81,0.2903225806451613,35,0.12544802867383512,1,0.0035842293906810036,0,0.0,1,0.0035842293906810036,1,0.0035842293906810036,0,0.0,0,0.0,0,0.0,0,0.0,0,0.0,0,0.0,0,0.0,1,0.0035842293906810036,0,0.0,1,0.0035842293906810036,0,0.0,0,0.0,1,0.0035842293906810036,11,0.03942652329749104,279,1.0,SRC_MUNICIPAL_PRORRATEADA,SECCION,COMPLETO
1045,19,NUEVO LEON,SAN NICOLAS DE LOS GARZA,,9,1903,377,248,0.6578249336870027,0.3421750663129973,MC,102,0.4112903225806452,53,0.21370967741935484,PAN,49,0.1975806451612903,6,0.024193548387096774,PRI,43,0.17338709677419356,MC,102,0.4112903225806452,53,0.21370967741935484,PAN,49,0.1975806451612903,6,0.024193548387096774,PRI,43,0.17338709677419356,49,0.1975806451612903,43,0.17338709677419356,1,0.004032258064516129,6,0.024193548387096774,2,0.008064516129032258,102,0.4112903225806452,33,0.13306451612903225,1,0.004032258064516129,0,0.0,1,0.004032258064516129,0,0.0,0,0.0,0,0.0,0,0.0,0,0.0,0,0.0,0,0.0,1,0.004032258064516129,0,0.0,0,0.0,1,0.004032258064516129,0,0.0,0,0.0,0,0.0,8,0.03225806451612903,248,1.0,SRC_MUNICIPAL_PRORRATEADA,SECCION,COMPLETO
1046,19,NUEVO LEON,SAN NICOLAS DE LOS GARZA,,9,1907,399,262,0.656641604010025,0.343358395989975,MC,86,0.3282442748091603,26,0.09923664122137404,PAN,60,0.22900763358778625,1,0.003816793893129771,PRI,59,0.22519083969465647,MC,86,0.3282442748091603,26,0.09923664122137404,PAN,60,0.22900763358778625,1,0.003816793893129771,PRI,59,0.22519083969465647,60,0.22900763358778625,59,0.22519083969465647,2,0.007633587786259542,5,0.019083969465648856,4,0.015267175572519083,86,0.3282442748091603,30,0.11450381679389313,5,0.019083969465648856,0,0.0,0,0.0,0,0.0,0,0.0,0,0.0,0,0.0,0,0.0,0,0.0,0,0.0,0,0.0,0,0.0,0,0.0,0,0.0,0,0.0,0,0.0,0,0.0,11,0.04198473282442748,262,1.0,SRC_MUNICIPAL_PRORRATEADA,SECCION,COMPLETO
1047,19,NUEVO LEON,SAN NICOLAS DE LOS GARZA,,9,1908,350,230,0.6571428571428571,0.34285714285714286,MC,78,0.3391304347826087,25,0.10869565217391304,PAN,53,0.23043478260869565,10,0.043478260869565216,PRI,43,0.18695652173913044,MC,78,0.3391304347826087,25,0.10869565217391304,PAN,53,0.23043478260869565,10,0.043478260869565216,PRI,43,0.18695652173913044,53,0.23043478260869565,43,0.18695652173913044,1,0.004347826086956522,4,0.017391304347826087,2,0.008695652173913044,78,0.3391304347826087,32,0.1391304347826087,3,0.013043478260869565,2,0.008695652173913044,0,0.0,0,0.0,1,0.004347826086956522,0,0.0,0,0.0,1,0.004347826086956522,0,0.0,0,0.0,0,0.0,1,0.004347826086956522,0,0.0,0,0.0,0,0.0,1,0.004347826086956522,0,0.0,8,0.034782608695652174,230,1.0,SRC_MUNICIPAL_PRORRATEADA,SECCION,COMPLETO
1048,19,NUEVO LEON,SAN NICOLAS DE LOS GARZA,,9,1909,633,416,0.6571879936808847,0.34281200631911535,MC,133,0.31971153846153844,24,0.057692307692307696,PRI,109,0.2620192307692308,34,0.08173076923076923,MORENA,75,0.18028846153846154,MC,133,0.31971153846153844,24,0.057692307692307696,PRI,109,0.2620192307692308,34,0.08173076923076923,MORENA,75,0.18028846153846154,60,0.14423076923076922,109,0.2620192307692308,1,0.002403846153846154,9,0.021634615384615384,8,0.019230769230769232,133,0.31971153846153844,75,0.18028846153846154,3,0.007211538461538462,1,0.002403846153846154,1,0.002403846153846154,1,0.002403846153846154,0,0.0,0,0.0,0,0.0,0,0.0,0,0.0,0,0.0,0,0.0,0,0.0,0,0.0,0,0.0,0,0.0,0,0.0,0,0.0,15,0.036057692307692304,416,1.0,SRC_MUNICIPAL_PRORRATEADA,SECCION,COMPLETO
1049,19,NUEVO LEON,SAN NICOLAS DE LOS GARZA,,9,1910,272,179,0.6580882352941176,0.34191176470588236,MC,47,0.26256983240223464,2,0.0111731843575419,PRI,45,0.25139664804469275,5,0.027932960893854747,PAN,40,0.22346368715083798,MC,47,0.26256983240223464,2,0.0111731843575419,PRI,45,0.25139664804469275,5,0.027932960893854747,PAN,40,0.22346368715083798,40,0.22346368715083798,45,0.25139664804469275,1,0.00558659217877095,2,0.0111731843575419,5,0.027932960893854747,47,0.26256983240223464,25,0.13966480446927373,1,0.00558659217877095,0,0.0,0,0.0,0,0.0,2,0.0111731843575419,1,0.00558659217877095,0,0.0,0,0.0,1,0.00558659217877095,0,0.0,1,0.00558659217877095,0,0.0,0,0.0,0,0.0,0,0.0,0,0.0,0,0.0,8,0.0446927374301676,179,1.0,SRC_MUNICIPAL_PRORRATEADA,SECCION,COMPLETO
1050,19,NUEVO LEON,SAN NICOLAS DE LOS GARZA,,9,1911,691,454,0.6570188133140377,0.34298118668596234,MC,173,0.381057268722467,43,0.0947136563876652,PAN,130,0.28634361233480177,35,0.07709251101321586,PRI,95,0.2092511013215859,MC,173,0.381057268722467,43,0.0947136563876652,PAN,130,0.28634361233480177,35,0.07709251101321586,PRI,95,0.2092511013215859,130,0.28634361233480177,95,0.2092511013215859,0,0.0,3,0.006607929515418502,2,0.004405286343612335,173,0.381057268722467,33,0.07268722466960352,3,0.006607929515418502,1,0.0022026431718061676,1,0.0022026431718061676,4,0.00881057268722467,0,0.0,0,0.0,0,0.0,0,0.0,0,0.0,0,0.0,0,0.0,0,0.0,0,0.0,2,0.004405286343612335,0,0.0,0,0.0,1,0.0022026431718061676,6,0.013215859030837005,454,1.0,SRC_MUNICIPAL_PRORRATEADA,SECCION,COMPLETO
1051,19,NUEVO LEON,SAN NICOLAS DE LOS GARZA,,9,1916,351,231,0.6581196581196581,0.3418803418803419,MC,88,0.38095238095238093,14,0.06060606060606061,PAN,74,0.3203463203463203,40,0.17316017316017315,PRI,34,0.1471861471861472,MC,88,0.38095238095238093,14,0.06060606060606061,PAN,74,0.3203463203463203,40,0.17316017316017315,PRI,34,0.1471861471861472,74,0.3203463203463203,34,0.1471861471861472,0,0.0,1,0.004329004329004329,0,0.0,88,0.38095238095238093,26,0.11255411255411256,0,0.0,0,0.0,2,0.008658008658008658,3,0.012987012987012988,0,0.0,1,0.004329004329004329,0,0.0,0,0.0,0,0.0,0,0.0,0,0.0,0,0.0,0,0.0,0,0.0,0,0.0,0,0.0,0,0.0,2,0.008658008658008658,231,1.0,SRC_MUNICIPAL_PRORRATEADA,SECCION,COMPLETO
1052,19,NUEVO LEON,SAN NICOLAS DE LOS GARZA,,9,1917,911,599,0.6575192096597146,0.34248079034028545,MC,205,0.34223706176961605,22,0.03672787979966611,PAN,183,0.3055091819699499,56,0.09348914858096828,PRI,127,0.21202003338898165,MC,205,0.34223706176961605,22,0.03672787979966611,PAN,183,0.3055091819699499,56,0.09348914858096828,PRI,127,0.21202003338898165,183,0.3055091819699499,127,0.21202003338898165,1,0.001669449081803005,4,0.00667779632721202,3,0.005008347245409015,205,0.34223706176961605,52,0.08681135225375626,1,0.001669449081803005,2,0.00333889816360601,5,0.008347245409015025,3,0.005008347245409015,0,0.0,0,0.0,0,0.0,0,0.0,0,0.0,0,0.0,0,0.0,0,0.0,0,0.0,0,0.0,0,0.0,0,0.0,0,0.0,13,0.021702838063439065,599,1.0,SRC_MUNICIPAL_PRORRATEADA,SECCION,COMPLETO
1053,19,NUEVO LEON,SAN NICOLAS DE LOS GARZA,,9,1919,603,396,0.6567164179104478,0.34328358208955223,MC,125,0.31565656565656564,26,0.06565656565656566,PRI,99,0.25,21,0.05303030303030303,PAN,78,0.19696969696969696,MC,125,0.31565656565656564,26,0.06565656565656566,PRI,99,0.25,21,0.05303030303030303,PAN,78,0.19696969696969696,78,0.19696969696969696,99,0.25,3,0.007575757575757576,3,0.007575757575757576,6,0.015151515151515152,125,0.31565656565656564,54,0.13636363636363635,3,0.007575757575757576,0,0.0,3,0.007575757575757576,1,0.0025252525252525255,1,0.0025252525252525255,1,0.0025252525252525255,0,0.0,0,0.0,0,0.0,0,0.0,0,0.0,2,0.005050505050505051,0,0.0,2,0.005050505050505051,0,0.0,0,0.0,0,0.0,15,0.03787878787878788,396,1.0,SRC_MUNICIPAL_PRORRATEADA,SECCION,COMPLETO
1054,19,NUEVO LEON,SAN NICOLAS DE LOS GARZA,,9,1920,421,277,0.6579572446555819,0.3420427553444181,MC,91,0.3285198555956679,30,0.10830324909747292,MORENA,61,0.22021660649819494,2,0.007220216606498195,PAN,59,0.21299638989169675,MC,91,0.3285198555956679,30,0.10830324909747292,MORENA,61,0.22021660649819494,2,0.007220216606498195,PAN,59,0.21299638989169675,59,0.21299638989169675,57,0.20577617328519857,0,0.0,0,0.0,0,0.0,91,0.3285198555956679,61,0.22021660649819494,0,0.0,3,0.010830324909747292,0,0.0,0,0.0,0,0.0,0,0.0,0,0.0,0,0.0,0,0.0,0,0.0,0,0.0,0,0.0,0,0.0,0,0.0,0,0.0,0,0.0,0,0.0,6,0.021660649819494584,277,1.0,SRC_MUNICIPAL_PRORRATEADA,SECCION,COMPLETO
1055,19,NUEVO LEON,SAN NICOLAS DE LOS GARZA,,9,1921,495,325,0.6565656565656566,0.3434343434343434,MC,97,0.29846153846153844,7,0.021538461538461538,PAN,90,0.27692307692307694,31,0.09538461538461539,PRI,59,0.18153846153846154,MC,97,0.29846153846153844,7,0.021538461538461538,PAN,90,0.27692307692307694,31,0.09538461538461539,PRI,59,0.18153846153846154,90,0.27692307692307694,59,0.18153846153846154,4,0.012307692307692308,5,0.015384615384615385,1,0.003076923076923077,97,0.29846153846153844,51,0.15692307692307692,1,0.003076923076923077,2,0.006153846153846154,1,0.003076923076923077,1,0.003076923076923077,1,0.003076923076923077,0,0.0,0,0.0,0,0.0,0,0.0,0,0.0,0,0.0,1,0.003076923076923077,0,0.0,1,0.003076923076923077,0,0.0,0,0.0,0,0.0,10,0.03076923076923077,325,1.0,SRC_MUNICIPAL_PRORRATEADA,SECCION,COMPLETO
1056,19,NUEVO LEON,SAN NICOLAS DE LOS GARZA,,9,1922,729,479,0.6570644718792867,0.34293552812071326,MC,173,0.36116910229645094,37,0.07724425887265135,PAN,136,0.2839248434237996,53,0.11064718162839249,MORENA,83,0.1732776617954071,MC,173,0.36116910229645094,37,0.07724425887265135,PAN,136,0.2839248434237996,53,0.11064718162839249,MORENA,83,0.1732776617954071,136,0.2839248434237996,49,0.1022964509394572,4,0.008350730688935281,5,0.010438413361169102,5,0.010438413361169102,173,0.36116910229645094,83,0.1732776617954071,2,0.0041753653444676405,3,0.006263048016701462,1,0.0020876826722338203,1,0.0020876826722338203,1,0.0020876826722338203,1,0.0020876826722338203,1,0.0020876826722338203,0,0.0,0,0.0,0,0.0,1,0.0020876826722338203,0,0.0,0,0.0,0,0.0,0,0.0,0,0.0,0,0.0,13,0.027139874739039668,479,1.0,SRC_MUNICIPAL_PRORRATEADA,SECCION,COMPLETO
1057,19,NUEVO LEON,SAN NICOLAS DE LOS GARZA,,9,1923,315,207,0.6571428571428571,0.34285714285714286,MC,64,0.30917874396135264,7,0.033816425120772944,PAN,57,0.2753623188405797,7,0.033816425120772944,PRI,50,0.24154589371980675,MC,64,0.30917874396135264,7,0.033816425120772944,PAN,57,0.2753623188405797,7,0.033816425120772944,PRI,50,0.24154589371980675,57,0.2753623188405797,50,0.24154589371980675,0,0.0,1,0.004830917874396135,3,0.014492753623188406,64,0.30917874396135264,25,0.12077294685990338,3,0.014492753623188406,0,0.0,1,0.004830917874396135,1,0.004830917874396135,0,0.0,0,0.0,0,0.0,0,0.0,0,0.0,0,0.0,0,0.0,0,0.0,0,0.0,0,0.0,0,0.0,0,0.0,0,0.0,2,0.00966183574879227,207,1.0,SRC_MUNICIPAL_PRORRATEADA,SECCION,COMPLETO
1058,19,NUEVO LEON,SAN NICOLAS DE LOS GARZA,,9,1924,351,231,0.6581196581196581,0.3418803418803419,MC,88,0.38095238095238093,14,0.06060606060606061,PAN,74,0.3203463203463203,40,0.17316017316017315,PRI,34,0.1471861471861472,MC,88,0.38095238095238093,14,0.06060606060606061,PAN,74,0.3203463203463203,40,0.17316017316017315,PRI,34,0.1471861471861472,74,0.3203463203463203,34,0.1471861471861472,0,0.0,1,0.004329004329004329,0,0.0,88,0.38095238095238093,26,0.11255411255411256,0,0.0,0,0.0,2,0.008658008658008658,3,0.012987012987012988,0,0.0,1,0.004329004329004329,0,0.0,0,0.0,0,0.0,0,0.0,0,0.0,0,0.0,0,0.0,0,0.0,0,0.0,0,0.0,0,0.0,2,0.008658008658008658,231,1.0,SRC_MUNICIPAL_PRORRATEADA,SECCION,COMPLETO
1059,19,NUEVO LEON,SAN NICOLAS DE LOS GARZA,,9,1925,645,424,0.6573643410852713,0.3426356589147287,PAN,140,0.330188679245283,51,0.12028301886792453,MC,89,0.2099056603773585,12,0.02830188679245283,MORENA,77,0.18160377358490565,PAN,140,0.330188679245283,51,0.12028301886792453,MC,89,0.2099056603773585,12,0.02830188679245283,MORENA,77,0.18160377358490565,140,0.330188679245283,67,0.1580188679245283,0,0.0,1,0.0023584905660377358,10,0.02358490566037736,89,0.2099056603773585,77,0.18160377358490565,5,0.01179245283018868,0,0.0,0,0.0,2,0.0047169811320754715,2,0.0047169811320754715,1,0.0023584905660377358,0,0.0,0,0.0,0,0.0,0,0.0,1,0.0023584905660377358,3,0.007075471698113208,0,0.0,6,0.014150943396226415,0,0.0,0,0.0,0,0.0,20,0.04716981132075472,424,1.0,SRC_MUNICIPAL_PRORRATEADA,SECCION,COMPLETO
1060,19,NUEVO LEON,SAN NICOLAS DE LOS GARZA,,9,1926,391,257,0.6572890025575447,0.34271099744245526,MC,90,0.35019455252918286,26,0.10116731517509728,PAN,64,0.2490272373540856,23,0.08949416342412451,PRI,41,0.15953307392996108,MC,90,0.35019455252918286,26,0.10116731517509728,PAN,64,0.2490272373540856,23,0.08949416342412451,PRI,41,0.15953307392996108,64,0.2490272373540856,41,0.15953307392996108,0,0.0,0,0.0,4,0.01556420233463035,90,0.35019455252918286,40,0.1556420233463035,0,0.0,0,0.0,0,0.0,1,0.0038910505836575876,1,0.0038910505836575876,0,0.0,1,0.0038910505836575876,0,0.0,0,0.0,1,0.0038910505836575876,1,0.0038910505836575876,1,0.0038910505836575876,0,0.0,1,0.0038910505836575876,0,0.0,1,0.0038910505836575876,0,0.0,10,0.038910505836575876,257,1.0,SRC_MUNICIPAL_PRORRATEADA,SECCION,COMPLETO
1061,19,NUEVO LEON,SAN NICOLAS DE LOS GARZA,,9,1932,493,324,0.6572008113590264,0.3427991886409736,MC,122,0.3765432098765432,16,0.04938271604938271,PAN,106,0.3271604938271605,63,0.19444444444444445,MORENA,43,0.13271604938271606,MC,122,0.3765432098765432,16,0.04938271604938271,PAN,106,0.3271604938271605,63,0.19444444444444445,MORENA,43,0.13271604938271606,106,0.3271604938271605,31,0.09567901234567901,0,0.0,1,0.0030864197530864196,1,0.0030864197530864196,122,0.3765432098765432,43,0.13271604938271606,2,0.006172839506172839,1,0.0030864197530864196,0,0.0,2,0.006172839506172839,1,0.0030864197530864196,1,0.0030864197530864196,0,0.0,1,0.0030864197530864196,0,0.0,0,0.0,0,0.0,1,0.0030864197530864196,0,0.0,0,0.0,0,0.0,0,0.0,0,0.0,11,0.033950617283950615,324,1.0,SRC_MUNICIPAL_PRORRATEADA,SECCION,COMPLETO
1062,19,NUEVO LEON,SAN NICOLAS DE LOS GARZA,,9,1935,473,311,0.6575052854122622,0.34249471458773784,MC,107,0.3440514469453376,12,0.03858520900321544,PAN,95,0.3054662379421222,39,0.12540192926045016,MORENA,56,0.18006430868167203,MC,107,0.3440514469453376,12,0.03858520900321544,PAN,95,0.3054662379421222,39,0.12540192926045016,MORENA,56,0.18006430868167203,95,0.3054662379421222,30,0.09646302250803858,2,0.006430868167202572,3,0.00964630225080386,2,0.006430868167202572,107,0.3440514469453376,56,0.18006430868167203,1,0.003215434083601286,2,0.006430868167202572,1,0.003215434083601286,2,0.006430868167202572,0,0.0,0,0.0,1,0.003215434083601286,1,0.003215434083601286,1,0.003215434083601286,0,0.0,0,0.0,0,0.0,0,0.0,0,0.0,1,0.003215434083601286,1,0.003215434083601286,0,0.0,5,0.01607717041800643,311,1.0,SRC_MUNICIPAL_PRORRATEADA,SECCION,COMPLETO
1063,19,NUEVO LEON,SAN NICOLAS DE LOS GARZA,,9,1937,362,238,0.6574585635359116,0.3425414364640884,MC,73,0.3067226890756303,5,0.02100840336134454,PAN,68,0.2857142857142857,28,0.11764705882352941,MORENA,40,0.16806722689075632,MC,73,0.3067226890756303,5,0.02100840336134454,PAN,68,0.2857142857142857,28,0.11764705882352941,MORENA,40,0.16806722689075632,68,0.2857142857142857,27,0.1134453781512605,1,0.004201680672268907,2,0.008403361344537815,5,0.02100840336134454,73,0.3067226890756303,40,0.16806722689075632,1,0.004201680672268907,1,0.004201680672268907,2,0.008403361344537815,4,0.01680672268907563,0,0.0,1,0.004201680672268907,2,0.008403361344537815,0,0.0,0,0.0,0,0.0,0,0.0,0,0.0,1,0.004201680672268907,2,0.008403361344537815,0,0.0,0,0.0,2,0.008403361344537815,6,0.025210084033613446,238,1.0,SRC_MUNICIPAL_PRORRATEADA,SECCION,COMPLETO
1064,19,NUEVO LEON,SAN NICOLAS DE LOS GARZA,,9,1940,283,186,0.657243816254417,0.34275618374558303,MC,64,0.34408602150537637,4,0.021505376344086023,PAN,60,0.3225806451612903,30,0.16129032258064516,MORENA,30,0.16129032258064516,MC,64,0.34408602150537637,4,0.021505376344086023,PAN,60,0.3225806451612903,30,0.16129032258064516,MORENA,30,0.16129032258064516,60,0.3225806451612903,12,0.06451612903225806,1,0.005376344086021506,6,0.03225806451612903,2,0.010752688172043012,64,0.34408602150537637,30,0.16129032258064516,1,0.005376344086021506,2,0.010752688172043012,0,0.0,0,0.0,0,0.0,0,0.0,1,0.005376344086021506,0,0.0,0,0.0,0,0.0,0,0.0,0,0.0,0,0.0,2,0.010752688172043012,0,0.0,0,0.0,0,0.0,5,0.026881720430107527,186,1.0,SRC_MUNICIPAL_PRORRATEADA,SECCION,COMPLETO
1065,19,NUEVO LEON,SAN NICOLAS DE LOS GARZA,,9,1941,456,300,0.6578947368421053,0.3421052631578947,MC,96,0.32,9,0.03,PAN,87,0.29,39,0.13,PRI,48,0.16,MC,96,0.32,9,0.03,PAN,87,0.29,39,0.13,PRI,48,0.16,87,0.29,48,0.16,2,0.006666666666666667,3,0.01,5,0.016666666666666666,96,0.32,43,0.14333333333333334,0,0.0,2,0.006666666666666667,0,0.0,0,0.0,0,0.0,0,0.0,0,0.0,0,0.0,0,0.0,1,0.0033333333333333335,0,0.0,2,0.006666666666666667,0,0.0,0,0.0,0,0.0,0,0.0,0,0.0,11,0.03666666666666667,300,1.0,SRC_MUNICIPAL_PRORRATEADA,SECCION,COMPLETO
1066,19,NUEVO LEON,SAN NICOLAS DE LOS GARZA,,9,1942,292,192,0.6575342465753424,0.34246575342465757,MC,65,0.3385416666666667,9,0.046875,PAN,56,0.2916666666666667,20,0.10416666666666667,MORENA,36,0.1875,MC,65,0.3385416666666667,9,0.046875,PAN,56,0.2916666666666667,20,0.10416666666666667,MORENA,36,0.1875,56,0.2916666666666667,23,0.11979166666666667,0,0.0,2,0.010416666666666666,3,0.015625,65,0.3385416666666667,36,0.1875,1,0.005208333333333333,1,0.005208333333333333,1,0.005208333333333333,1,0.005208333333333333,0,0.0,0,0.0,0,0.0,0,0.0,0,0.0,0,0.0,0,0.0,0,0.0,0,0.0,0,0.0,0,0.0,0,0.0,0,0.0,3,0.015625,192,1.0,SRC_MUNICIPAL_PRORRATEADA,SECCION,COMPLETO
1067,19,NUEVO LEON,SAN NICOLAS DE LOS GARZA,,9,1943,388,255,0.6572164948453608,0.3427835051546392,MC,105,0.4117647058823529,48,0.18823529411764706,PAN,57,0.2235294117647059,13,0.050980392156862744,MORENA,44,0.17254901960784313,MC,105,0.4117647058823529,48,0.18823529411764706,PAN,57,0.2235294117647059,13,0.050980392156862744,MORENA,44,0.17254901960784313,57,0.2235294117647059,33,0.12941176470588237,0,0.0,4,0.01568627450980392,1,0.00392156862745098,105,0.4117647058823529,44,0.17254901960784313,3,0.011764705882352941,0,0.0,0,0.0,0,0.0,0,0.0,0,0.0,0,0.0,0,0.0,1,0.00392156862745098,0,0.0,0,0.0,0,0.0,0,0.0,1,0.00392156862745098,0,0.0,0,0.0,0,0.0,6,0.023529411764705882,255,1.0,SRC_MUNICIPAL_PRORRATEADA,SECCION,COMPLETO
1068,19,NUEVO LEON,SAN NICOLAS DE LOS GARZA,,9,1944,450,296,0.6577777777777778,0.3422222222222222,MC,113,0.38175675675675674,22,0.07432432432432433,PAN,91,0.30743243243243246,44,0.14864864864864866,PRI,47,0.15878378378378377,MC,113,0.38175675675675674,22,0.07432432432432433,PAN,91,0.30743243243243246,44,0.14864864864864866,PRI,47,0.15878378378378377,91,0.30743243243243246,47,0.15878378378378377,1,0.0033783783783783786,6,0.02027027027027027,4,0.013513513513513514,113,0.38175675675675674,31,0.10472972972972973,2,0.006756756756756757,0,0.0,0,0.0,1,0.0033783783783783786,0,0.0,0,0.0,0,0.0,0,0.0,0,0.0,0,0.0,0,0.0,0,0.0,0,0.0,0,0.0,0,0.0,0,0.0,0,0.0,0,0.0,296,1.0,SRC_MUNICIPAL_PRORRATEADA,SECCION,COMPLETO
1069,19,NUEVO LEON,SAN NICOLAS DE LOS GARZA,,9,1945,568,373,0.6566901408450704,0.3433098591549296,MC,124,0.3324396782841823,3,0.00804289544235925,PAN,121,0.32439678284182305,62,0.16621983914209115,MORENA,59,0.1581769436997319,MC,124,0.3324396782841823,3,0.00804289544235925,PAN,121,0.32439678284182305,62,0.16621983914209115,MORENA,59,0.1581769436997319,121,0.32439678284182305,48,0.128686327077748,0,0.0,2,0.005361930294906166,3,0.00804289544235925,124,0.3324396782841823,59,0.1581769436997319,3,0.00804289544235925,1,0.002680965147453083,0,0.0,4,0.010723860589812333,1,0.002680965147453083,0,0.0,1,0.002680965147453083,0,0.0,0,0.0,0,0.0,0,0.0,0,0.0,0,0.0,0,0.0,0,0.0,0,0.0,0,0.0,6,0.0160857908847185,373,1.0,SRC_MUNICIPAL_PRORRATEADA,SECCION,COMPLETO
1070,19,NUEVO LEON,SAN NICOLAS DE LOS GARZA,,9,1950,523,344,0.6577437858508605,0.34225621414913954,MC,137,0.39825581395348836,33,0.09593023255813954,PAN,104,0.3023255813953488,55,0.15988372093023256,PRI,49,0.14244186046511628,MC,137,0.39825581395348836,33,0.09593023255813954,PAN,104,0.3023255813953488,55,0.15988372093023256,PRI,49,0.14244186046511628,104,0.3023255813953488,49,0.14244186046511628,1,0.0029069767441860465,3,0.00872093023255814,3,0.00872093023255814,137,0.39825581395348836,36,0.10465116279069768,2,0.005813953488372093,1,0.0029069767441860465,0,0.0,1,0.0029069767441860465,1,0.0029069767441860465,1,0.0029069767441860465,0,0.0,0,0.0,0,0.0,0,0.0,0,0.0,0,0.0,0,0.0,0,0.0,0,0.0,0,0.0,0,0.0,5,0.014534883720930232,344,1.0,SRC_MUNICIPAL_PRORRATEADA,SECCION,COMPLETO
1071,19,NUEVO LEON,SAN NICOLAS DE LOS GARZA,,9,1954,1418,932,0.6572637517630465,0.3427362482369535,MC,327,0.35085836909871243,36,0.03862660944206009,PAN,291,0.31223175965665234,129,0.13841201716738197,PRI,162,0.17381974248927037,MC,327,0.35085836909871243,36,0.03862660944206009,PAN,291,0.31223175965665234,129,0.13841201716738197,PRI,162,0.17381974248927037,291,0.31223175965665234,162,0.17381974248927037,1,0.001072961373390558,9,0.009656652360515022,8,0.008583690987124463,327,0.35085836909871243,92,0.09871244635193133,3,0.003218884120171674,1,0.001072961373390558,4,0.004291845493562232,2,0.002145922746781116,2,0.002145922746781116,4,0.004291845493562232,2,0.002145922746781116,1,0.001072961373390558,0,0.0,0,0.0,1,0.001072961373390558,0,0.0,0,0.0,0,0.0,0,0.0,0,0.0,0,0.0,22,0.023605150214592276,932,1.0,SRC_MUNICIPAL_PRORRATEADA,SECCION,COMPLETO
1072,19,NUEVO LEON,SAN NICOLAS DE LOS GARZA,,9,1957,613,403,0.6574225122349103,0.34257748776508967,PAN,152,0.3771712158808933,2,0.004962779156327543,MC,150,0.37220843672456577,97,0.24069478908188585,PRI,53,0.1315136476426799,PAN,152,0.3771712158808933,2,0.004962779156327543,MC,150,0.37220843672456577,97,0.24069478908188585,PRI,53,0.1315136476426799,152,0.3771712158808933,53,0.1315136476426799,1,0.0024813895781637717,0,0.0,4,0.009925558312655087,150,0.37220843672456577,28,0.06947890818858561,0,0.0,0,0.0,3,0.007444168734491315,4,0.009925558312655087,1,0.0024813895781637717,2,0.004962779156327543,1,0.0024813895781637717,0,0.0,0,0.0,0,0.0,0,0.0,0,0.0,0,0.0,0,0.0,0,0.0,0,0.0,1,0.0024813895781637717,3,0.007444168734491315,403,1.0,SRC_MUNICIPAL_PRORRATEADA,SECCION,COMPLETO
1073,19,NUEVO LEON,SAN NICOLAS DE LOS GARZA,,9,1958,549,361,0.6575591985428051,0.3424408014571949,MC,128,0.3545706371191136,4,0.0110803324099723,PAN,124,0.34349030470914127,77,0.21329639889196675,PRI,47,0.13019390581717452,MC,128,0.3545706371191136,4,0.0110803324099723,PAN,124,0.34349030470914127,77,0.21329639889196675,PRI,47,0.13019390581717452,124,0.34349030470914127,47,0.13019390581717452,1,0.002770083102493075,3,0.008310249307479225,8,0.0221606648199446,128,0.3545706371191136,38,0.10526315789473684,3,0.008310249307479225,0,0.0,0,0.0,1,0.002770083102493075,2,0.00554016620498615,0,0.0,0,0.0,0,0.0,0,0.0,0,0.0,0,0.0,1,0.002770083102493075,0,0.0,0,0.0,0,0.0,0,0.0,0,0.0,5,0.013850415512465374,361,1.0,SRC_MUNICIPAL_PRORRATEADA,SECCION,COMPLETO
1074,19,NUEVO LEON,SAN NICOLAS DE LOS GARZA,,9,1959,530,348,0.6566037735849056,0.3433962264150944,PAN,128,0.367816091954023,11,0.031609195402298854,MC,117,0.33620689655172414,62,0.1781609195402299,MORENA,55,0.15804597701149425,PAN,128,0.367816091954023,11,0.031609195402298854,MC,117,0.33620689655172414,62,0.1781609195402299,MORENA,55,0.15804597701149425,128,0.367816091954023,37,0.10632183908045977,1,0.0028735632183908046,2,0.005747126436781609,0,0.0,117,0.33620689655172414,55,0.15804597701149425,1,0.0028735632183908046,2,0.005747126436781609,1,0.0028735632183908046,0,0.0,0,0.0,0,0.0,0,0.0,0,0.0,0,0.0,0,0.0,0,0.0,0,0.0,0,0.0,0,0.0,0,0.0,0,0.0,0,0.0,4,0.011494252873563218,348,1.0,SRC_MUNICIPAL_PRORRATEADA,SECCION,COMPLETO
1075,19,NUEVO LEON,SAN NICOLAS DE LOS GARZA,,9,1961,651,428,0.6574500768049155,0.3425499231950845,MC,176,0.411214953271028,26,0.06074766355140187,PAN,150,0.35046728971962615,90,0.2102803738317757,PRI,60,0.14018691588785046,MC,176,0.411214953271028,26,0.06074766355140187,PAN,150,0.35046728971962615,90,0.2102803738317757,PRI,60,0.14018691588785046,150,0.35046728971962615,60,0.14018691588785046,1,0.002336448598130841,3,0.007009345794392523,0,0.0,176,0.411214953271028,28,0.06542056074766354,1,0.002336448598130841,0,0.0,0,0.0,2,0.004672897196261682,1,0.002336448598130841,0,0.0,3,0.007009345794392523,0,0.0,0,0.0,0,0.0,0,0.0,0,0.0,0,0.0,0,0.0,0,0.0,0,0.0,0,0.0,3,0.007009345794392523,428,1.0,SRC_MUNICIPAL_PRORRATEADA,SECCION,COMPLETO
1076,19,NUEVO LEON,SAN NICOLAS DE LOS GARZA,,9,1962,1211,796,0.6573080099091659,0.34269199009083406,MC,309,0.38819095477386933,11,0.013819095477386936,PAN,298,0.3743718592964824,206,0.25879396984924624,PRI,92,0.11557788944723618,MC,309,0.38819095477386933,11,0.013819095477386936,PAN,298,0.3743718592964824,206,0.25879396984924624,PRI,92,0.11557788944723618,298,0.3743718592964824,92,0.11557788944723618,4,0.005025125628140704,2,0.002512562814070352,10,0.01256281407035176,309,0.38819095477386933,57,0.07160804020100503,4,0.005025125628140704,1,0.001256281407035176,0,0.0,5,0.00628140703517588,1,0.001256281407035176,0,0.0,0,0.0,0,0.0,0,0.0,3,0.0037688442211055275,0,0.0,0,0.0,0,0.0,0,0.0,0,0.0,0,0.0,0,0.0,10,0.01256281407035176,796,1.0,SRC_MUNICIPAL_PRORRATEADA,SECCION,COMPLETO
1077,19,NUEVO LEON,SAN NICOLAS DE LOS GARZA,,9,1965,440,289,0.6568181818181819,0.34318181818181814,MC,113,0.39100346020761245,9,0.031141868512110725,PAN,104,0.35986159169550175,72,0.2491349480968858,PRI,32,0.11072664359861592,MC,113,0.39100346020761245,9,0.031141868512110725,PAN,104,0.35986159169550175,72,0.2491349480968858,PRI,32,0.11072664359861592,104,0.35986159169550175,32,0.11072664359861592,0,0.0,1,0.0034602076124567475,4,0.01384083044982699,113,0.39100346020761245,27,0.09342560553633218,1,0.0034602076124567475,2,0.006920415224913495,0,0.0,1,0.0034602076124567475,0,0.0,0,0.0,0,0.0,0,0.0,0,0.0,0,0.0,0,0.0,0,0.0,0,0.0,0,0.0,0,0.0,0,0.0,0,0.0,4,0.01384083044982699,289,1.0,SRC_MUNICIPAL_PRORRATEADA,SECCION,COMPLETO
1078,19,NUEVO LEON,SAN NICOLAS DE LOS GARZA,,9,1966,1490,979,0.6570469798657718,0.34295302013422824,MC,375,0.3830439223697651,40,0.04085801838610827,PAN,335,0.3421859039836568,189,0.1930541368743616,PRI,146,0.1491317671092952,MC,375,0.3830439223697651,40,0.04085801838610827,PAN,335,0.3421859039836568,189,0.1930541368743616,PRI,146,0.1491317671092952,335,0.3421859039836568,146,0.1491317671092952,4,0.0040858018386108275,9,0.009193054136874362,5,0.005107252298263534,375,0.3830439223697651,76,0.07763023493360573,0,0.0,1,0.0010214504596527069,1,0.0010214504596527069,6,0.006128702757916241,0,0.0,1,0.0010214504596527069,1,0.0010214504596527069,0,0.0,1,0.0010214504596527069,0,0.0,0,0.0,0,0.0,0,0.0,1,0.0010214504596527069,0,0.0,0,0.0,1,0.0010214504596527069,16,0.01634320735444331,979,1.0,SRC_MUNICIPAL_PRORRATEADA,SECCION,COMPLETO
1079,19,NUEVO LEON,SAN NICOLAS DE LOS GARZA,,9,1967,654,430,0.6574923547400612,0.3425076452599388,MC,154,0.3581395348837209,4,0.009302325581395349,PAN,150,0.3488372093023256,88,0.20465116279069767,MORENA,62,0.14418604651162792,MC,154,0.3581395348837209,4,0.009302325581395349,PAN,150,0.3488372093023256,88,0.20465116279069767,MORENA,62,0.14418604651162792,150,0.3488372093023256,42,0.09767441860465116,3,0.0069767441860465115,3,0.0069767441860465115,0,0.0,154,0.3581395348837209,62,0.14418604651162792,4,0.009302325581395349,1,0.002325581395348837,1,0.002325581395348837,4,0.009302325581395349,1,0.002325581395348837,0,0.0,0,0.0,0,0.0,0,0.0,0,0.0,0,0.0,1,0.002325581395348837,0,0.0,0,0.0,0,0.0,0,0.0,0,0.0,4,0.009302325581395349,430,1.0,SRC_MUNICIPAL_PRORRATEADA,SECCION,COMPLETO
1080,19,NUEVO LEON,SAN NICOLAS DE LOS GARZA,,9,1968,589,387,0.6570458404074703,0.34295415959252973,MC,160,0.4134366925064599,49,0.12661498708010335,PAN,111,0.2868217054263566,62,0.16020671834625322,MORENA,49,0.12661498708010335,MC,160,0.4134366925064599,49,0.12661498708010335,PAN,111,0.2868217054263566,62,0.16020671834625322,MORENA,49,0.12661498708010335,111,0.2868217054263566,45,0.11627906976744186,0,0.0,5,0.012919896640826873,3,0.007751937984496124,160,0.4134366925064599,49,0.12661498708010335,0,0.0,1,0.002583979328165375,0,0.0,1,0.002583979328165375,1,0.002583979328165375,0,0.0,0,0.0,0,0.0,1,0.002583979328165375,0,0.0,0,0.0,0,0.0,0,0.0,1,0.002583979328165375,1,0.002583979328165375,0,0.0,0,0.0,8,0.020671834625323,387,1.0,SRC_MUNICIPAL_PRORRATEADA,SECCION,COMPLETO
1081,19,NUEVO LEON,SAN NICOLAS DE LOS GARZA,,9,1969,1016,668,0.65748031496063,0.34251968503937,PAN,292,0.437125748502994,134,0.20059880239520958,MC,158,0.23652694610778444,64,0.09580838323353294,MORENA,94,0.1407185628742515,PAN,292,0.437125748502994,134,0.20059880239520958,MC,158,0.23652694610778444,64,0.09580838323353294,MORENA,94,0.1407185628742515,292,0.437125748502994,80,0.11976047904191617,2,0.0029940119760479044,8,0.011976047904191617,6,0.008982035928143712,158,0.23652694610778444,94,0.1407185628742515,7,0.010479041916167664,0,0.0,1,0.0014970059880239522,3,0.004491017964071856,0,0.0,0,0.0,0,0.0,0,0.0,0,0.0,0,0.0,0,0.0,0,0.0,0,0.0,0,0.0,0,0.0,0,0.0,0,0.0,17,0.025449101796407185,668,1.0,SRC_MUNICIPAL_PRORRATEADA,SECCION,COMPLETO
1082,19,NUEVO LEON,SAN NICOLAS DE LOS GARZA,,9,1971,0,0,0.0,0.0,PAN,0,0.0,0,0.0,PRI,0,0.0,0,0.0,PRD,0,0.0,PAN,0,0.0,0,0.0,PRI,0,0.0,0,0.0,PRD,0,0.0,0,0.0,0,0.0,0,0.0,0,0.0,0,0.0,0,0.0,0,0.0,0,0.0,0,0.0,0,0.0,0,0.0,0,0.0,0,0.0,0,0.0,0,0.0,0,0.0,0,0.0,0,0.0,0,0.0,0,0.0,0,0.0,0,0.0,0,0.0,0,0.0,0,0.0,0,0.0,SRC_MUNICIPAL_PRORRATEADA,SECCION,COMPLETO
1083,19,NUEVO LEON,SAN NICOLAS DE LOS GARZA,,9,1973,899,591,0.657397107897664,0.34260289210233597,MC,203,0.34348561759729274,3,0.005076142131979695,PAN,200,0.338409475465313,114,0.19289340101522842,MORENA,86,0.1455160744500846,MC,203,0.34348561759729274,3,0.005076142131979695,PAN,200,0.338409475465313,114,0.19289340101522842,MORENA,86,0.1455160744500846,200,0.338409475465313,77,0.13028764805414553,3,0.005076142131979695,4,0.00676818950930626,3,0.005076142131979695,203,0.34348561759729274,86,0.1455160744500846,4,0.00676818950930626,0,0.0,2,0.00338409475465313,4,0.00676818950930626,0,0.0,0,0.0,0,0.0,0,0.0,0,0.0,0,0.0,0,0.0,1,0.001692047377326565,0,0.0,1,0.001692047377326565,0,0.0,0,0.0,0,0.0,3,0.005076142131979695,591,1.0,SRC_MUNICIPAL_PRORRATEADA,SECCION,COMPLETO
1084,19,NUEVO LEON,SAN NICOLAS DE LOS GARZA,,9,1974,701,461,0.6576319543509273,0.34236804564907275,MC,193,0.41865509761388287,56,0.12147505422993492,PAN,137,0.29718004338394793,51,0.11062906724511931,PRI,86,0.18655097613882862,MC,193,0.41865509761388287,56,0.12147505422993492,PAN,137,0.29718004338394793,51,0.11062906724511931,PRI,86,0.18655097613882862,137,0.29718004338394793,86,0.18655097613882862,0,0.0,4,0.008676789587852495,3,0.006507592190889371,193,0.41865509761388287,31,0.06724511930585683,0,0.0,1,0.0021691973969631237,0,0.0,5,0.010845986984815618,0,0.0,0,0.0,0,0.0,0,0.0,0,0.0,0,0.0,0,0.0,0,0.0,0,0.0,1,0.0021691973969631237,0,0.0,0,0.0,0,0.0,0,0.0,461,1.0,SRC_MUNICIPAL_PRORRATEADA,SECCION,COMPLETO
1085,19,NUEVO LEON,SAN NICOLAS DE LOS GARZA,,9,1975,980,644,0.6571428571428571,0.34285714285714286,PAN,243,0.37732919254658387,19,0.029503105590062112,MC,224,0.34782608695652173,150,0.2329192546583851,PRI,74,0.11490683229813664,PAN,243,0.37732919254658387,19,0.029503105590062112,MC,224,0.34782608695652173,150,0.2329192546583851,PRI,74,0.11490683229813664,243,0.37732919254658387,74,0.11490683229813664,0,0.0,7,0.010869565217391304,3,0.004658385093167702,224,0.34782608695652173,73,0.11335403726708075,1,0.0015527950310559005,3,0.004658385093167702,0,0.0,4,0.006211180124223602,0,0.0,1,0.0015527950310559005,0,0.0,0,0.0,0,0.0,0,0.0,0,0.0,0,0.0,0,0.0,0,0.0,0,0.0,1,0.0015527950310559005,0,0.0,10,0.015527950310559006,644,1.0,SRC_MUNICIPAL_PRORRATEADA,SECCION,COMPLETO
1086,19,NUEVO LEON,SAN NICOLAS DE LOS GARZA,,9,1976,484,318,0.6570247933884298,0.3429752066115702,MC,128,0.4025157232704403,44,0.13836477987421383,PAN,84,0.2641509433962264,23,0.07232704402515723,PRI,61,0.1918238993710692,MC,128,0.4025157232704403,44,0.13836477987421383,PAN,84,0.2641509433962264,23,0.07232704402515723,PRI,61,0.1918238993710692,84,0.2641509433962264,61,0.1918238993710692,3,0.009433962264150943,0,0.0,1,0.0031446540880503146,128,0.4025157232704403,31,0.09748427672955975,1,0.0031446540880503146,0,0.0,2,0.006289308176100629,2,0.006289308176100629,0,0.0,0,0.0,0,0.0,0,0.0,0,0.0,0,0.0,0,0.0,0,0.0,0,0.0,0,0.0,0,0.0,0,0.0,0,0.0,5,0.015723270440251572,318,1.0,SRC_MUNICIPAL_PRORRATEADA,SECCION,COMPLETO
1087,19,NUEVO LEON,SAN NICOLAS DE LOS GARZA,,9,1977,555,365,0.6576576576576577,0.3423423423423423,MC,139,0.38082191780821917,7,0.019178082191780823,PAN,132,0.36164383561643837,84,0.23013698630136986,PRI,48,0.13150684931506848,MC,139,0.38082191780821917,7,0.019178082191780823,PAN,132,0.36164383561643837,84,0.23013698630136986,PRI,48,0.13150684931506848,132,0.36164383561643837,48,0.13150684931506848,1,0.0027397260273972603,1,0.0027397260273972603,3,0.00821917808219178,139,0.38082191780821917,33,0.09041095890410959,1,0.0027397260273972603,0,0.0,1,0.0027397260273972603,2,0.005479452054794521,0,0.0,0,0.0,0,0.0,0,0.0,0,0.0,0,0.0,0,0.0,0,0.0,0,0.0,0,0.0,0,0.0,0,0.0,0,0.0,4,0.010958904109589041,365,1.0,SRC_MUNICIPAL_PRORRATEADA,SECCION,COMPLETO
1088,19,NUEVO LEON,SAN NICOLAS DE LOS GARZA,,9,1980,545,358,0.6568807339449542,0.34311926605504584,MC,121,0.33798882681564246,29,0.08100558659217877,PAN,92,0.2569832402234637,16,0.0446927374301676,PRI,76,0.2122905027932961,MC,121,0.33798882681564246,29,0.08100558659217877,PAN,92,0.2569832402234637,16,0.0446927374301676,PRI,76,0.2122905027932961,92,0.2569832402234637,76,0.2122905027932961,1,0.002793296089385475,4,0.0111731843575419,3,0.008379888268156424,121,0.33798882681564246,45,0.12569832402234637,5,0.013966480446927373,0,0.0,2,0.00558659217877095,3,0.008379888268156424,0,0.0,0,0.0,0,0.0,0,0.0,0,0.0,0,0.0,0,0.0,0,0.0,0,0.0,0,0.0,0,0.0,0,0.0,0,0.0,6,0.01675977653631285,358,1.0,SRC_MUNICIPAL_PRORRATEADA,SECCION,COMPLETO
1089,19,NUEVO LEON,SAN NICOLAS DE LOS GARZA,,9,1984,539,354,0.6567717996289425,0.3432282003710575,MC,136,0.384180790960452,4,0.011299435028248588,PAN,132,0.3728813559322034,80,0.22598870056497175,PRI,52,0.14689265536723164,MC,136,0.384180790960452,4,0.011299435028248588,PAN,132,0.3728813559322034,80,0.22598870056497175,PRI,52,0.14689265536723164,132,0.3728813559322034,52,0.14689265536723164,0,0.0,3,0.00847457627118644,2,0.005649717514124294,136,0.384180790960452,22,0.062146892655367235,1,0.002824858757062147,1,0.002824858757062147,0,0.0,0,0.0,0,0.0,3,0.00847457627118644,0,0.0,0,0.0,0,0.0,0,0.0,0,0.0,0,0.0,0,0.0,0,0.0,0,0.0,0,0.0,0,0.0,2,0.005649717514124294,354,1.0,SRC_MUNICIPAL_PRORRATEADA,SECCION,COMPLETO
1090,19,NUEVO LEON,SAN NICOLAS DE LOS GARZA,,9,1985,473,311,0.6575052854122622,0.34249471458773784,MC,122,0.39228295819935693,16,0.05144694533762058,PAN,106,0.3408360128617363,60,0.19292604501607716,PRI,46,0.14790996784565916,MC,122,0.39228295819935693,16,0.05144694533762058,PAN,106,0.3408360128617363,60,0.19292604501607716,PRI,46,0.14790996784565916,106,0.3408360128617363,46,0.14790996784565916,1,0.003215434083601286,2,0.006430868167202572,2,0.006430868167202572,122,0.39228295819935693,20,0.06430868167202572,1,0.003215434083601286,0,0.0,1,0.003215434083601286,3,0.00964630225080386,0,0.0,0,0.0,0,0.0,1,0.003215434083601286,0,0.0,0,0.0,0,0.0,0,0.0,0,0.0,0,0.0,0,0.0,0,0.0,0,0.0,6,0.01929260450160772,311,1.0,SRC_MUNICIPAL_PRORRATEADA,SECCION,COMPLETO
1091,19,NUEVO LEON,SAN NICOLAS DE LOS GARZA,,9,1987,549,361,0.6575591985428051,0.3424408014571949,MC,125,0.3462603878116344,13,0.036011080332409975,PAN,112,0.31024930747922436,63,0.1745152354570637,PRI,49,0.13573407202216067,MC,125,0.3462603878116344,13,0.036011080332409975,PAN,112,0.31024930747922436,63,0.1745152354570637,PRI,49,0.13573407202216067,112,0.31024930747922436,49,0.13573407202216067,0,0.0,3,0.008310249307479225,4,0.0110803324099723,125,0.3462603878116344,43,0.11911357340720222,0,0.0,3,0.008310249307479225,2,0.00554016620498615,3,0.008310249307479225,0,0.0,1,0.002770083102493075,0,0.0,0,0.0,0,0.0,0,0.0,0,0.0,0,0.0,0,0.0,1,0.002770083102493075,0,0.0,0,0.0,0,0.0,15,0.04155124653739612,361,1.0,SRC_MUNICIPAL_PRORRATEADA,SECCION,COMPLETO
1092,19,NUEVO LEON,SAN NICOLAS DE LOS GARZA,,9,1989,706,464,0.6572237960339944,0.3427762039660056,MC,155,0.33405172413793105,6,0.01293103448275862,PAN,149,0.32112068965517243,55,0.11853448275862069,PRI,94,0.2025862068965517,MC,155,0.33405172413793105,6,0.01293103448275862,PAN,149,0.32112068965517243,55,0.11853448275862069,PRI,94,0.2025862068965517,149,0.32112068965517243,94,0.2025862068965517,1,0.0021551724137931034,4,0.008620689655172414,4,0.008620689655172414,155,0.33405172413793105,41,0.08836206896551724,1,0.0021551724137931034,0,0.0,1,0.0021551724137931034,5,0.010775862068965518,1,0.0021551724137931034,1,0.0021551724137931034,0,0.0,0,0.0,1,0.0021551724137931034,0,0.0,1,0.0021551724137931034,0,0.0,0,0.0,0,0.0,0,0.0,0,0.0,0,0.0,5,0.010775862068965518,464,1.0,SRC_MUNICIPAL_PRORRATEADA,SECCION,COMPLETO
1093,19,NUEVO LEON,SAN NICOLAS DE LOS GARZA,,9,1991,519,341,0.6570327552986512,0.34296724470134876,MC,137,0.40175953079178883,44,0.12903225806451613,PAN,93,0.2727272727272727,37,0.10850439882697947,PRI,56,0.16422287390029325,MC,137,0.40175953079178883,44,0.12903225806451613,PAN,93,0.2727272727272727,37,0.10850439882697947,PRI,56,0.16422287390029325,93,0.2727272727272727,56,0.16422287390029325,2,0.005865102639296188,3,0.008797653958944282,2,0.005865102639296188,137,0.40175953079178883,34,0.09970674486803519,2,0.005865102639296188,2,0.005865102639296188,1,0.002932551319648094,2,0.005865102639296188,1,0.002932551319648094,0,0.0,0,0.0,0,0.0,0,0.0,0,0.0,0,0.0,0,0.0,0,0.0,1,0.002932551319648094,0,0.0,0,0.0,0,0.0,5,0.01466275659824047,341,1.0,SRC_MUNICIPAL_PRORRATEADA,SECCION,COMPLETO
1094,19,NUEVO LEON,SAN NICOLAS DE LOS GARZA,,9,1993,475,312,0.6568421052631579,0.3431578947368421,MC,135,0.4326923076923077,42,0.1346153846153846,PAN,93,0.2980769230769231,48,0.15384615384615385,PRI,45,0.14423076923076922,MC,135,0.4326923076923077,42,0.1346153846153846,PAN,93,0.2980769230769231,48,0.15384615384615385,PRI,45,0.14423076923076922,93,0.2980769230769231,45,0.14423076923076922,0,0.0,1,0.003205128205128205,0,0.0,135,0.4326923076923077,29,0.09294871794871795,3,0.009615384615384616,0,0.0,0,0.0,0,0.0,0,0.0,0,0.0,0,0.0,0,0.0,0,0.0,0,0.0,0,0.0,0,0.0,1,0.003205128205128205,1,0.003205128205128205,0,0.0,0,0.0,0,0.0,4,0.01282051282051282,312,1.0,SRC_MUNICIPAL_PRORRATEADA,SECCION,COMPLETO
1095,19,NUEVO LEON,SAN NICOLAS DE LOS GARZA,,9,1997,826,543,0.6573849878934624,0.34261501210653755,MC,209,0.3848987108655617,69,0.1270718232044199,PAN,140,0.2578268876611418,45,0.08287292817679558,PRI,95,0.17495395948434622,MC,209,0.3848987108655617,69,0.1270718232044199,PAN,140,0.2578268876611418,45,0.08287292817679558,PRI,95,0.17495395948434622,140,0.2578268876611418,95,0.17495395948434622,1,0.001841620626151013,3,0.0055248618784530384,3,0.0055248618784530384,209,0.3848987108655617,72,0.13259668508287292,2,0.003683241252302026,1,0.001841620626151013,0,0.0,1,0.001841620626151013,0,0.0,1,0.001841620626151013,0,0.0,0,0.0,0,0.0,0,0.0,0,0.0,1,0.001841620626151013,0,0.0,0,0.0,0,0.0,0,0.0,0,0.0,14,0.02578268876611418,543,1.0,SRC_MUNICIPAL_PRORRATEADA,SECCION,COMPLETO
1096,19,NUEVO LEON,SAN NICOLAS DE LOS GARZA,,9,1998,373,245,0.6568364611260054,0.34316353887399464,MC,79,0.3224489795918367,7,0.02857142857142857,PAN,72,0.2938775510204082,37,0.1510204081632653,PRI,35,0.14285714285714285,MC,79,0.3224489795918367,7,0.02857142857142857,PAN,72,0.2938775510204082,37,0.1510204081632653,PRI,35,0.14285714285714285,72,0.2938775510204082,35,0.14285714285714285,0,0.0,4,0.0163265306122449,4,0.0163265306122449,79,0.3224489795918367,35,0.14285714285714285,2,0.00816326530612245,1,0.004081632653061225,2,0.00816326530612245,1,0.004081632653061225,0,0.0,0,0.0,1,0.004081632653061225,0,0.0,0,0.0,0,0.0,0,0.0,1,0.004081632653061225,0,0.0,1,0.004081632653061225,0,0.0,0,0.0,0,0.0,7,0.02857142857142857,245,1.0,SRC_MUNICIPAL_PRORRATEADA,SECCION,COMPLETO
1097,19,NUEVO LEON,SAN NICOLAS DE LOS GARZA,,10,1768,1461,960,0.6570841889117043,0.3429158110882957,PAN,344,0.35833333333333334,2,0.0020833333333333333,MC,342,0.35625,200,0.20833333333333334,PRI,142,0.14791666666666667,PAN,344,0.35833333333333334,2,0.0020833333333333333,MC,342,0.35625,200,0.20833333333333334,PRI,142,0.14791666666666667,344,0.35833333333333334,142,0.14791666666666667,0,0.0,2,0.0020833333333333333,4,0.004166666666666667,342,0.35625,101,0.10520833333333333,2,0.0020833333333333333,0,0.0,1,0.0010416666666666667,5,0.005208333333333333,2,0.0020833333333333333,1,0.0010416666666666667,0,0.0,0,0.0,0,0.0,0,0.0,0,0.0,1,0.0010416666666666667,0,0.0,0,0.0,0,0.0,1,0.0010416666666666667,0,0.0,12,0.0125,960,1.0,SRC_MUNICIPAL_PRORRATEADA,SECCION,COMPLETO
1098,19,NUEVO LEON,SAN NICOLAS DE LOS GARZA,,10,1770,604,397,0.6572847682119205,0.3427152317880795,PAN,142,0.35768261964735515,0,0.0,MC,142,0.35768261964735515,80,0.20151133501259447,PRI,62,0.1561712846347607,PAN,142,0.35768261964735515,0,0.0,MC,142,0.35768261964735515,80,0.20151133501259447,PRI,62,0.1561712846347607,142,0.35768261964735515,62,0.1561712846347607,2,0.005037783375314861,1,0.0025188916876574307,2,0.005037783375314861,142,0.35768261964735515,33,0.08312342569269521,2,0.005037783375314861,0,0.0,1,0.0025188916876574307,2,0.005037783375314861,1,0.0025188916876574307,1,0.0025188916876574307,0,0.0,0,0.0,0,0.0,0,0.0,0,0.0,0,0.0,0,0.0,0,0.0,0,0.0,0,0.0,0,0.0,6,0.015113350125944584,397,1.0,SRC_MUNICIPAL_PRORRATEADA,SECCION,COMPLETO
1099,19,NUEVO LEON,SAN NICOLAS DE LOS GARZA,,10,1771,373,245,0.6568364611260054,0.34316353887399464,MC,107,0.43673469387755104,35,0.14285714285714285,PAN,72,0.2938775510204082,42,0.17142857142857143,PRI,30,0.12244897959183673,MC,107,0.43673469387755104,35,0.14285714285714285,PAN,72,0.2938775510204082,42,0.17142857142857143,PRI,30,0.12244897959183673,72,0.2938775510204082,30,0.12244897959183673,0,0.0,2,0.00816326530612245,5,0.02040816326530612,107,0.43673469387755104,16,0.0653061224489796,0,0.0,0,0.0,0,0.0,3,0.012244897959183673,1,0.004081632653061225,0,0.0,0,0.0,1,0.004081632653061225,0,0.0,0,0.0,0,0.0,0,0.0,0,0.0,1,0.004081632653061225,0,0.0,0,0.0,1,0.004081632653061225,6,0.024489795918367346,245,1.0,SRC_MUNICIPAL_PRORRATEADA,SECCION,COMPLETO
1100,19,NUEVO LEON,SAN NICOLAS DE LOS GARZA,,10,1773,963,633,0.6573208722741433,0.34267912772585674,MC,198,0.3127962085308057,20,0.0315955766192733,PAN,178,0.2812006319115324,56,0.08846761453396525,PRI,122,0.19273301737756715,MC,198,0.3127962085308057,20,0.0315955766192733,PAN,178,0.2812006319115324,56,0.08846761453396525,PRI,122,0.19273301737756715,178,0.2812006319115324,122,0.19273301737756715,2,0.00315955766192733,9,0.014218009478672985,11,0.017377567140600316,198,0.3127962085308057,88,0.13902053712480253,1,0.001579778830963665,1,0.001579778830963665,2,0.00315955766192733,5,0.007898894154818325,0,0.0,0,0.0,1,0.001579778830963665,0,0.0,0,0.0,0,0.0,0,0.0,0,0.0,0,0.0,1,0.001579778830963665,0,0.0,0,0.0,1,0.001579778830963665,13,0.020537124802527645,633,1.0,SRC_MUNICIPAL_PRORRATEADA,SECCION,COMPLETO
1101,19,NUEVO LEON,SAN NICOLAS DE LOS GARZA,,10,1774,473,311,0.6575052854122622,0.34249471458773784,PAN,100,0.3215434083601286,0,0.0,MC,100,0.3215434083601286,47,0.15112540192926044,PRI,53,0.17041800643086816,PAN,100,0.3215434083601286,0,0.0,MC,100,0.3215434083601286,47,0.15112540192926044,PRI,53,0.17041800643086816,100,0.3215434083601286,53,0.17041800643086816,1,0.003215434083601286,2,0.006430868167202572,3,0.00964630225080386,100,0.3215434083601286,38,0.12218649517684887,1,0.003215434083601286,0,0.0,2,0.006430868167202572,3,0.00964630225080386,1,0.003215434083601286,0,0.0,0,0.0,0,0.0,0,0.0,0,0.0,0,0.0,0,0.0,0,0.0,1,0.003215434083601286,0,0.0,0,0.0,0,0.0,6,0.01929260450160772,311,1.0,SRC_MUNICIPAL_PRORRATEADA,SECCION,COMPLETO
1102,19,NUEVO LEON,SAN NICOLAS DE LOS GARZA,,10,1775,572,376,0.6573426573426573,0.3426573426573427,MC,141,0.375,46,0.12234042553191489,PAN,95,0.2526595744680851,17,0.04521276595744681,PRI,78,0.2074468085106383,MC,141,0.375,46,0.12234042553191489,PAN,95,0.2526595744680851,17,0.04521276595744681,PRI,78,0.2074468085106383,95,0.2526595744680851,78,0.2074468085106383,0,0.0,2,0.005319148936170213,2,0.005319148936170213,141,0.375,40,0.10638297872340426,2,0.005319148936170213,0,0.0,0,0.0,3,0.007978723404255319,0,0.0,0,0.0,0,0.0,0,0.0,0,0.0,0,0.0,0,0.0,0,0.0,0,0.0,1,0.0026595744680851063,0,0.0,0,0.0,0,0.0,12,0.031914893617021274,376,1.0,SRC_MUNICIPAL_PRORRATEADA,SECCION,COMPLETO
1103,19,NUEVO LEON,SAN NICOLAS DE LOS GARZA,,10,1776,1287,846,0.6573426573426573,0.3426573426573427,MC,324,0.3829787234042553,77,0.09101654846335698,PAN,247,0.2919621749408983,101,0.11938534278959811,PRI,146,0.17257683215130024,MC,324,0.3829787234042553,77,0.09101654846335698,PAN,247,0.2919621749408983,101,0.11938534278959811,PRI,146,0.17257683215130024,247,0.2919621749408983,146,0.17257683215130024,2,0.002364066193853428,5,0.00591016548463357,10,0.01182033096926714,324,0.3829787234042553,81,0.09574468085106383,5,0.00591016548463357,2,0.002364066193853428,4,0.004728132387706856,8,0.009456264775413711,1,0.001182033096926714,1,0.001182033096926714,0,0.0,0,0.0,0,0.0,0,0.0,0,0.0,0,0.0,0,0.0,0,0.0,0,0.0,0,0.0,0,0.0,10,0.01182033096926714,846,1.0,SRC_MUNICIPAL_PRORRATEADA,SECCION,COMPLETO
1104,19,NUEVO LEON,SAN NICOLAS DE LOS GARZA,,10,1777,1060,697,0.6575471698113208,0.3424528301886792,MC,261,0.3744619799139168,40,0.05738880918220947,PAN,221,0.3170731707317073,117,0.1678622668579627,PRI,104,0.1492109038737446,MC,261,0.3744619799139168,40,0.05738880918220947,PAN,221,0.3170731707317073,117,0.1678622668579627,PRI,104,0.1492109038737446,221,0.3170731707317073,104,0.1492109038737446,5,0.007173601147776184,5,0.007173601147776184,3,0.00430416068866571,261,0.3744619799139168,73,0.10473457675753228,3,0.00430416068866571,4,0.005738880918220947,1,0.0014347202295552368,13,0.018651362984218076,1,0.0014347202295552368,1,0.0014347202295552368,0,0.0,0,0.0,0,0.0,0,0.0,0,0.0,0,0.0,0,0.0,1,0.0014347202295552368,0,0.0,0,0.0,0,0.0,1,0.0014347202295552368,697,1.0,SRC_MUNICIPAL_PRORRATEADA,SECCION,COMPLETO
1105,19,NUEVO LEON,SAN NICOLAS DE LOS GARZA,,10,1778,966,635,0.6573498964803313,0.34265010351966874,MC,242,0.38110236220472443,41,0.06456692913385827,PAN,201,0.3165354330708661,100,0.15748031496062992,PRI,101,0.15905511811023623,MC,242,0.38110236220472443,41,0.06456692913385827,PAN,201,0.3165354330708661,100,0.15748031496062992,PRI,101,0.15905511811023623,201,0.3165354330708661,101,0.15905511811023623,3,0.004724409448818898,7,0.011023622047244094,4,0.006299212598425197,242,0.38110236220472443,57,0.08976377952755905,1,0.0015748031496062992,6,0.009448818897637795,1,0.0015748031496062992,4,0.006299212598425197,2,0.0031496062992125984,0,0.0,0,0.0,0,0.0,0,0.0,0,0.0,0,0.0,0,0.0,0,0.0,1,0.0015748031496062992,0,0.0,0,0.0,1,0.0015748031496062992,4,0.006299212598425197,635,1.0,SRC_MUNICIPAL_PRORRATEADA,SECCION,COMPLETO
1106,19,NUEVO LEON,SAN NICOLAS DE LOS GARZA,,10,1779,733,482,0.6575716234652115,0.3424283765347885,PAN,195,0.4045643153526971,26,0.05394190871369295,MC,169,0.3506224066390041,93,0.19294605809128632,PRI,76,0.15767634854771784,PAN,195,0.4045643153526971,26,0.05394190871369295,MC,169,0.3506224066390041,93,0.19294605809128632,PRI,76,0.15767634854771784,195,0.4045643153526971,76,0.15767634854771784,0,0.0,2,0.004149377593360996,0,0.0,169,0.3506224066390041,26,0.05394190871369295,3,0.006224066390041493,0,0.0,2,0.004149377593360996,4,0.008298755186721992,0,0.0,2,0.004149377593360996,0,0.0,0,0.0,0,0.0,0,0.0,0,0.0,0,0.0,0,0.0,0,0.0,0,0.0,0,0.0,0,0.0,3,0.006224066390041493,482,1.0,SRC_MUNICIPAL_PRORRATEADA,SECCION,COMPLETO
1107,19,NUEVO LEON,SAN NICOLAS DE LOS GARZA,,10,1780,446,293,0.6569506726457399,0.3430493273542601,MC,116,0.39590443686006827,13,0.04436860068259386,PAN,103,0.3515358361774744,73,0.24914675767918087,PRI,30,0.10238907849829351,MC,116,0.39590443686006827,13,0.04436860068259386,PAN,103,0.3515358361774744,73,0.24914675767918087,PRI,30,0.10238907849829351,103,0.3515358361774744,30,0.10238907849829351,1,0.0034129692832764505,1,0.0034129692832764505,4,0.013651877133105802,116,0.39590443686006827,24,0.08191126279863481,4,0.013651877133105802,1,0.0034129692832764505,1,0.0034129692832764505,2,0.006825938566552901,1,0.0034129692832764505,1,0.0034129692832764505,0,0.0,0,0.0,0,0.0,0,0.0,0,0.0,0,0.0,0,0.0,0,0.0,0,0.0,1,0.0034129692832764505,0,0.0,3,0.010238907849829351,293,1.0,SRC_MUNICIPAL_PRORRATEADA,SECCION,COMPLETO
1108,19,NUEVO LEON,SAN NICOLAS DE LOS GARZA,,10,1784,383,252,0.6579634464751958,0.3420365535248042,MC,100,0.3968253968253968,23,0.09126984126984126,PAN,77,0.3055555555555556,46,0.18253968253968253,PRI,31,0.12301587301587301,MC,100,0.3968253968253968,23,0.09126984126984126,PAN,77,0.3055555555555556,46,0.18253968253968253,PRI,31,0.12301587301587301,77,0.3055555555555556,31,0.12301587301587301,0,0.0,1,0.003968253968253968,4,0.015873015873015872,100,0.3968253968253968,26,0.10317460317460317,1,0.003968253968253968,1,0.003968253968253968,1,0.003968253968253968,4,0.015873015873015872,1,0.003968253968253968,0,0.0,0,0.0,0,0.0,0,0.0,0,0.0,0,0.0,0,0.0,0,0.0,1,0.003968253968253968,0,0.0,0,0.0,0,0.0,4,0.015873015873015872,252,1.0,SRC_MUNICIPAL_PRORRATEADA,SECCION,COMPLETO
1109,19,NUEVO LEON,SAN NICOLAS DE LOS GARZA,,10,1797,905,595,0.6574585635359116,0.3425414364640884,MC,213,0.35798319327731093,22,0.03697478991596639,PAN,191,0.32100840336134456,97,0.16302521008403362,PRI,94,0.15798319327731092,MC,213,0.35798319327731093,22,0.03697478991596639,PAN,191,0.32100840336134456,97,0.16302521008403362,PRI,94,0.15798319327731092,191,0.32100840336134456,94,0.15798319327731092,0,0.0,4,0.0067226890756302525,8,0.013445378151260505,213,0.35798319327731093,67,0.11260504201680673,1,0.0016806722689075631,1,0.0016806722689075631,2,0.0033613445378151263,2,0.0033613445378151263,2,0.0033613445378151263,2,0.0033613445378151263,0,0.0,0,0.0,0,0.0,0,0.0,0,0.0,0,0.0,0,0.0,0,0.0,0,0.0,0,0.0,0,0.0,8,0.013445378151260505,595,1.0,SRC_MUNICIPAL_PRORRATEADA,SECCION,COMPLETO
1110,19,NUEVO LEON,SAN NICOLAS DE LOS GARZA,,10,1798,218,143,0.6559633027522935,0.34403669724770647,MC,47,0.32867132867132864,12,0.08391608391608392,PAN,35,0.24475524475524477,3,0.02097902097902098,PRI,32,0.22377622377622378,MC,47,0.32867132867132864,12,0.08391608391608392,PAN,35,0.24475524475524477,3,0.02097902097902098,PRI,32,0.22377622377622378,35,0.24475524475524477,32,0.22377622377622378,1,0.006993006993006993,2,0.013986013986013986,4,0.027972027972027972,47,0.32867132867132864,12,0.08391608391608392,1,0.006993006993006993,2,0.013986013986013986,1,0.006993006993006993,2,0.013986013986013986,0,0.0,0,0.0,0,0.0,0,0.0,0,0.0,0,0.0,0,0.0,0,0.0,0,0.0,0,0.0,0,0.0,0,0.0,0,0.0,4,0.027972027972027972,143,1.0,SRC_MUNICIPAL_PRORRATEADA,SECCION,COMPLETO
1111,19,NUEVO LEON,SAN NICOLAS DE LOS GARZA,,10,1804,412,271,0.6577669902912622,0.3422330097087378,PAN,84,0.30996309963099633,1,0.0036900369003690036,MC,83,0.3062730627306273,39,0.14391143911439114,MORENA,44,0.16236162361623616,PAN,84,0.30996309963099633,1,0.0036900369003690036,MC,83,0.3062730627306273,39,0.14391143911439114,MORENA,44,0.16236162361623616,84,0.30996309963099633,34,0.12546125461254612,1,0.0036900369003690036,3,0.01107011070110701,1,0.0036900369003690036,83,0.3062730627306273,44,0.16236162361623616,5,0.01845018450184502,2,0.007380073800738007,0,0.0,4,0.014760147601476014,0,0.0,2,0.007380073800738007,1,0.0036900369003690036,0,0.0,0,0.0,0,0.0,0,0.0,0,0.0,0,0.0,0,0.0,0,0.0,0,0.0,0,0.0,7,0.025830258302583026,271,1.0,SRC_MUNICIPAL_PRORRATEADA,SECCION,COMPLETO
1112,19,NUEVO LEON,SAN NICOLAS DE LOS GARZA,,10,1806,464,305,0.6573275862068966,0.3426724137931034,PAN,106,0.3475409836065574,13,0.04262295081967213,MC,93,0.30491803278688523,45,0.14754098360655737,PRI,48,0.15737704918032788,PAN,106,0.3475409836065574,13,0.04262295081967213,MC,93,0.30491803278688523,45,0.14754098360655737,PRI,48,0.15737704918032788,106,0.3475409836065574,48,0.15737704918032788,3,0.009836065573770493,1,0.003278688524590164,4,0.013114754098360656,93,0.30491803278688523,40,0.13114754098360656,1,0.003278688524590164,1,0.003278688524590164,0,0.0,2,0.006557377049180328,0,0.0,0,0.0,1,0.003278688524590164,0,0.0,0,0.0,0,0.0,0,0.0,0,0.0,0,0.0,0,0.0,0,0.0,0,0.0,0,0.0,5,0.01639344262295082,305,1.0,SRC_MUNICIPAL_PRORRATEADA,SECCION,COMPLETO
1113,19,NUEVO LEON,SAN NICOLAS DE LOS GARZA,,10,1807,1134,745,0.6569664902998237,0.3430335097001763,MC,261,0.3503355704697987,17,0.022818791946308724,PAN,244,0.3275167785234899,131,0.17583892617449665,PRI,113,0.15167785234899328,MC,261,0.3503355704697987,17,0.022818791946308724,PAN,244,0.3275167785234899,131,0.17583892617449665,PRI,113,0.15167785234899328,244,0.3275167785234899,113,0.15167785234899328,3,0.004026845637583893,4,0.005369127516778523,2,0.0026845637583892616,261,0.3503355704697987,85,0.11409395973154363,3,0.004026845637583893,1,0.0013422818791946308,2,0.0026845637583892616,3,0.004026845637583893,4,0.005369127516778523,1,0.0013422818791946308,3,0.004026845637583893,0,0.0,0,0.0,0,0.0,0,0.0,2,0.0026845637583892616,0,0.0,0,0.0,0,0.0,1,0.0013422818791946308,1,0.0013422818791946308,12,0.016107382550335572,745,1.0,SRC_MUNICIPAL_PRORRATEADA,SECCION,COMPLETO
1114,19,NUEVO LEON,SAN NICOLAS DE LOS GARZA,,10,1809,421,277,0.6579572446555819,0.3420427553444181,PAN,96,0.34657039711191334,5,0.018050541516245487,MC,91,0.3285198555956679,52,0.18772563176895307,PRI,39,0.1407942238267148,PAN,96,0.34657039711191334,5,0.018050541516245487,MC,91,0.3285198555956679,52,0.18772563176895307,PRI,39,0.1407942238267148,96,0.34657039711191334,39,0.1407942238267148,0,0.0,2,0.007220216606498195,4,0.01444043321299639,91,0.3285198555956679,37,0.13357400722021662,0,0.0,2,0.007220216606498195,0,0.0,5,0.018050541516245487,0,0.0,0,0.0,0,0.0,0,0.0,0,0.0,0,0.0,0,0.0,0,0.0,0,0.0,0,0.0,0,0.0,0,0.0,0,0.0,1,0.0036101083032490976,277,1.0,SRC_MUNICIPAL_PRORRATEADA,SECCION,COMPLETO
1115,19,NUEVO LEON,SAN NICOLAS DE LOS GARZA,,10,1810,659,433,0.6570561456752656,0.3429438543247344,MC,148,0.3418013856812933,44,0.10161662817551963,PRI,104,0.24018475750577367,20,0.046189376443418015,PAN,84,0.19399538106235567,MC,148,0.3418013856812933,44,0.10161662817551963,PRI,104,0.24018475750577367,20,0.046189376443418015,PAN,84,0.19399538106235567,84,0.19399538106235567,104,0.24018475750577367,2,0.004618937644341801,6,0.013856812933025405,3,0.006928406466512702,148,0.3418013856812933,61,0.14087759815242495,5,0.011547344110854504,1,0.0023094688221709007,2,0.004618937644341801,7,0.016166281755196306,0,0.0,0,0.0,0,0.0,0,0.0,0,0.0,0,0.0,0,0.0,0,0.0,0,0.0,0,0.0,0,0.0,0,0.0,0,0.0,10,0.023094688221709007,433,1.0,SRC_MUNICIPAL_PRORRATEADA,SECCION,COMPLETO
1116,19,NUEVO LEON,SAN NICOLAS DE LOS GARZA,,10,1811,633,416,0.6571879936808847,0.34281200631911535,MC,131,0.31490384615384615,40,0.09615384615384616,PRI,91,0.21875,3,0.007211538461538462,PAN,88,0.21153846153846154,MC,131,0.31490384615384615,40,0.09615384615384616,PRI,91,0.21875,3,0.007211538461538462,PAN,88,0.21153846153846154,88,0.21153846153846154,91,0.21875,2,0.004807692307692308,12,0.028846153846153848,10,0.02403846153846154,131,0.31490384615384615,54,0.12980769230769232,3,0.007211538461538462,1,0.002403846153846154,3,0.007211538461538462,1,0.002403846153846154,0,0.0,0,0.0,0,0.0,0,0.0,0,0.0,0,0.0,0,0.0,1,0.002403846153846154,0,0.0,0,0.0,0,0.0,0,0.0,0,0.0,19,0.04567307692307692,416,1.0,SRC_MUNICIPAL_PRORRATEADA,SECCION,COMPLETO
1117,19,NUEVO LEON,SAN NICOLAS DE LOS GARZA,,10,1812,876,576,0.6575342465753424,0.34246575342465757,MC,213,0.3697916666666667,67,0.11631944444444445,PAN,146,0.2534722222222222,53,0.0920138888888889,PRI,93,0.16145833333333334,MC,213,0.3697916666666667,67,0.11631944444444445,PAN,146,0.2534722222222222,53,0.0920138888888889,PRI,93,0.16145833333333334,146,0.2534722222222222,93,0.16145833333333334,2,0.003472222222222222,8,0.013888888888888888,6,0.010416666666666666,213,0.3697916666666667,79,0.1371527777777778,2,0.003472222222222222,1,0.001736111111111111,1,0.001736111111111111,5,0.008680555555555556,2,0.003472222222222222,0,0.0,0,0.0,0,0.0,0,0.0,0,0.0,0,0.0,0,0.0,0,0.0,3,0.005208333333333333,0,0.0,0,0.0,0,0.0,15,0.026041666666666668,576,1.0,SRC_MUNICIPAL_PRORRATEADA,SECCION,COMPLETO
1118,19,NUEVO LEON,SAN NICOLAS DE LOS GARZA,,10,1814,624,410,0.657051282051282,0.34294871794871795,MC,145,0.35365853658536583,1,0.0024390243902439024,PAN,144,0.35121951219512193,82,0.2,PRI,62,0.15121951219512195,MC,145,0.35365853658536583,1,0.0024390243902439024,PAN,144,0.35121951219512193,82,0.2,PRI,62,0.15121951219512195,144,0.35121951219512193,62,0.15121951219512195,0,0.0,2,0.004878048780487805,0,0.0,145,0.35365853658536583,40,0.0975609756097561,3,0.007317073170731708,1,0.0024390243902439024,1,0.0024390243902439024,2,0.004878048780487805,3,0.007317073170731708,1,0.0024390243902439024,0,0.0,0,0.0,0,0.0,0,0.0,0,0.0,0,0.0,0,0.0,0,0.0,0,0.0,0,0.0,1,0.0024390243902439024,5,0.012195121951219513,410,1.0,SRC_MUNICIPAL_PRORRATEADA,SECCION,COMPLETO
1119,19,NUEVO LEON,SAN NICOLAS DE LOS GARZA,,10,1815,948,623,0.6571729957805907,0.34282700421940926,MC,201,0.32263242375601925,23,0.03691813804173355,PAN,178,0.2857142857142857,73,0.11717495987158909,PRI,105,0.16853932584269662,MC,201,0.32263242375601925,23,0.03691813804173355,PAN,178,0.2857142857142857,73,0.11717495987158909,PRI,105,0.16853932584269662,178,0.2857142857142857,105,0.16853932584269662,1,0.0016051364365971107,9,0.014446227929373997,8,0.012841091492776886,201,0.32263242375601925,91,0.14606741573033707,0,0.0,0,0.0,1,0.0016051364365971107,10,0.016051364365971106,0,0.0,0,0.0,0,0.0,0,0.0,0,0.0,0,0.0,0,0.0,3,0.004815409309791332,1,0.0016051364365971107,1,0.0016051364365971107,0,0.0,1,0.0016051364365971107,0,0.0,13,0.02086677367576244,623,1.0,SRC_MUNICIPAL_PRORRATEADA,SECCION,COMPLETO
1120,19,NUEVO LEON,SAN NICOLAS DE LOS GARZA,,10,1819,558,367,0.6577060931899642,0.3422939068100358,MC,121,0.329700272479564,12,0.0326975476839237,PAN,109,0.2970027247956403,47,0.12806539509536785,PRI,62,0.16893732970027248,MC,121,0.329700272479564,12,0.0326975476839237,PAN,109,0.2970027247956403,47,0.12806539509536785,PRI,62,0.16893732970027248,109,0.2970027247956403,62,0.16893732970027248,0,0.0,5,0.013623978201634877,6,0.01634877384196185,121,0.329700272479564,42,0.11444141689373297,3,0.008174386920980926,0,0.0,0,0.0,1,0.0027247956403269754,2,0.005449591280653951,0,0.0,1,0.0027247956403269754,0,0.0,0,0.0,0,0.0,0,0.0,1,0.0027247956403269754,0,0.0,0,0.0,0,0.0,0,0.0,0,0.0,14,0.03814713896457766,367,1.0,SRC_MUNICIPAL_PRORRATEADA,SECCION,COMPLETO
1121,19,NUEVO LEON,SAN NICOLAS DE LOS GARZA,,10,1844,1290,848,0.6573643410852713,0.3426356589147287,PAN,319,0.3761792452830189,4,0.0047169811320754715,MC,315,0.3714622641509434,186,0.21933962264150944,PRI,129,0.15212264150943397,PAN,319,0.3761792452830189,4,0.0047169811320754715,MC,315,0.3714622641509434,186,0.21933962264150944,PRI,129,0.15212264150943397,319,0.3761792452830189,129,0.15212264150943397,0,0.0,4,0.0047169811320754715,4,0.0047169811320754715,315,0.3714622641509434,60,0.07075471698113207,0,0.0,1,0.0011792452830188679,4,0.0047169811320754715,4,0.0047169811320754715,0,0.0,0,0.0,0,0.0,0,0.0,0,0.0,0,0.0,0,0.0,0,0.0,0,0.0,0,0.0,0,0.0,0,0.0,0,0.0,8,0.009433962264150943,848,1.0,SRC_MUNICIPAL_PRORRATEADA,SECCION,COMPLETO
1122,19,NUEVO LEON,SAN NICOLAS DE LOS GARZA,,10,1845,1450,953,0.6572413793103449,0.3427586206896551,MC,345,0.3620146904512067,21,0.022035676810073453,PAN,324,0.33997901364113325,174,0.1825813221406086,PRI,150,0.15739769150052466,MC,345,0.3620146904512067,21,0.022035676810073453,PAN,324,0.33997901364113325,174,0.1825813221406086,PRI,150,0.15739769150052466,324,0.33997901364113325,150,0.15739769150052466,3,0.0031479538300104933,6,0.0062959076600209865,13,0.013641133263378805,345,0.3620146904512067,77,0.080797481636936,5,0.005246589716684155,1,0.001049317943336831,3,0.0031479538300104933,10,0.01049317943336831,2,0.002098635886673662,2,0.002098635886673662,1,0.001049317943336831,0,0.0,0,0.0,0,0.0,0,0.0,2,0.002098635886673662,0,0.0,0,0.0,0,0.0,1,0.001049317943336831,0,0.0,8,0.008394543546694649,953,1.0,SRC_MUNICIPAL_PRORRATEADA,SECCION,COMPLETO
1123,19,NUEVO LEON,SAN NICOLAS DE LOS GARZA,,10,1846,323,212,0.6563467492260062,0.3436532507739938,MC,71,0.33490566037735847,2,0.009433962264150943,PAN,69,0.32547169811320753,37,0.17452830188679244,PRI,32,0.1509433962264151,MC,71,0.33490566037735847,2,0.009433962264150943,PAN,69,0.32547169811320753,37,0.17452830188679244,PRI,32,0.1509433962264151,69,0.32547169811320753,32,0.1509433962264151,2,0.009433962264150943,4,0.018867924528301886,3,0.014150943396226415,71,0.33490566037735847,23,0.10849056603773585,3,0.014150943396226415,0,0.0,0,0.0,0,0.0,0,0.0,0,0.0,0,0.0,0,0.0,0,0.0,0,0.0,0,0.0,0,0.0,0,0.0,0,0.0,0,0.0,0,0.0,0,0.0,5,0.02358490566037736,212,1.0,SRC_MUNICIPAL_PRORRATEADA,SECCION,COMPLETO
1124,19,NUEVO LEON,SAN NICOLAS DE LOS GARZA,,10,1847,507,333,0.6568047337278107,0.3431952662721893,PAN,119,0.35735735735735735,3,0.009009009009009009,MC,116,0.3483483483483483,51,0.15315315315315314,PRI,65,0.19519519519519518,PAN,119,0.35735735735735735,3,0.009009009009009009,MC,116,0.3483483483483483,51,0.15315315315315314,PRI,65,0.19519519519519518,119,0.35735735735735735,65,0.19519519519519518,1,0.003003003003003003,1,0.003003003003003003,0,0.0,116,0.3483483483483483,16,0.04804804804804805,0,0.0,1,0.003003003003003003,3,0.009009009009009009,2,0.006006006006006006,1,0.003003003003003003,0,0.0,0,0.0,0,0.0,0,0.0,0,0.0,1,0.003003003003003003,0,0.0,0,0.0,1,0.003003003003003003,0,0.0,0,0.0,0,0.0,6,0.018018018018018018,333,1.0,SRC_MUNICIPAL_PRORRATEADA,SECCION,COMPLETO
1125,19,NUEVO LEON,SAN NICOLAS DE LOS GARZA,,10,1851,1286,845,0.6570762052877138,0.3429237947122862,MC,301,0.3562130177514793,30,0.03550295857988166,PAN,271,0.3207100591715976,133,0.15739644970414202,PRI,138,0.16331360946745563,MC,301,0.3562130177514793,30,0.03550295857988166,PAN,271,0.3207100591715976,133,0.15739644970414202,PRI,138,0.16331360946745563,271,0.3207100591715976,138,0.16331360946745563,1,0.001183431952662722,7,0.008284023668639054,9,0.010650887573964497,301,0.3562130177514793,87,0.10295857988165681,7,0.008284023668639054,2,0.002366863905325444,0,0.0,8,0.009467455621301775,0,0.0,0,0.0,0,0.0,0,0.0,0,0.0,0,0.0,0,0.0,0,0.0,0,0.0,0,0.0,0,0.0,1,0.001183431952662722,0,0.0,13,0.015384615384615385,845,1.0,SRC_MUNICIPAL_PRORRATEADA,SECCION,COMPLETO
1126,19,NUEVO LEON,SAN NICOLAS DE LOS GARZA,,10,1853,309,203,0.656957928802589,0.34304207119741104,MC,82,0.4039408866995074,39,0.1921182266009852,PRI,43,0.21182266009852216,11,0.054187192118226604,PAN,32,0.15763546798029557,MC,82,0.4039408866995074,39,0.1921182266009852,PRI,43,0.21182266009852216,11,0.054187192118226604,PAN,32,0.15763546798029557,32,0.15763546798029557,43,0.21182266009852216,2,0.009852216748768473,2,0.009852216748768473,2,0.009852216748768473,82,0.4039408866995074,28,0.13793103448275862,2,0.009852216748768473,2,0.009852216748768473,0,0.0,2,0.009852216748768473,0,0.0,0,0.0,0,0.0,0,0.0,0,0.0,0,0.0,0,0.0,0,0.0,0,0.0,0,0.0,0,0.0,0,0.0,0,0.0,6,0.029556650246305417,203,1.0,SRC_MUNICIPAL_PRORRATEADA,SECCION,COMPLETO
1127,19,NUEVO LEON,SAN NICOLAS DE LOS GARZA,,10,1854,318,209,0.6572327044025157,0.3427672955974843,PAN,58,0.27751196172248804,1,0.004784688995215311,MC,57,0.2727272727272727,9,0.0430622009569378,PRI,48,0.22966507177033493,PAN,58,0.27751196172248804,1,0.004784688995215311,MC,57,0.2727272727272727,9,0.0430622009569378,PRI,48,0.22966507177033493,58,0.27751196172248804,48,0.22966507177033493,0,0.0,5,0.023923444976076555,5,0.023923444976076555,57,0.2727272727272727,21,0.10047846889952153,2,0.009569377990430622,3,0.014354066985645933,0,0.0,2,0.009569377990430622,1,0.004784688995215311,0,0.0,0,0.0,0,0.0,0,0.0,0,0.0,0,0.0,0,0.0,0,0.0,0,0.0,0,0.0,0,0.0,0,0.0,7,0.03349282296650718,209,1.0,SRC_MUNICIPAL_PRORRATEADA,SECCION,COMPLETO
1128,19,NUEVO LEON,SAN NICOLAS DE LOS GARZA,,10,1855,470,309,0.6574468085106383,0.3425531914893617,MC,122,0.3948220064724919,46,0.1488673139158576,PAN,76,0.2459546925566343,32,0.10355987055016182,MORENA,44,0.1423948220064725,MC,122,0.3948220064724919,46,0.1488673139158576,PAN,76,0.2459546925566343,32,0.10355987055016182,MORENA,44,0.1423948220064725,76,0.2459546925566343,41,0.13268608414239483,0,0.0,5,0.016181229773462782,1,0.003236245954692557,122,0.3948220064724919,44,0.1423948220064725,2,0.006472491909385114,1,0.003236245954692557,2,0.006472491909385114,2,0.006472491909385114,2,0.006472491909385114,1,0.003236245954692557,0,0.0,0,0.0,0,0.0,0,0.0,0,0.0,1,0.003236245954692557,0,0.0,1,0.003236245954692557,0,0.0,0,0.0,0,0.0,8,0.025889967637540454,309,1.0,SRC_MUNICIPAL_PRORRATEADA,SECCION,COMPLETO
1129,19,NUEVO LEON,SAN NICOLAS DE LOS GARZA,,10,1856,426,280,0.6572769953051644,0.34272300469483563,MC,108,0.38571428571428573,12,0.04285714285714286,PAN,96,0.34285714285714286,56,0.2,PRI,40,0.14285714285714285,MC,108,0.38571428571428573,12,0.04285714285714286,PAN,96,0.34285714285714286,56,0.2,PRI,40,0.14285714285714285,96,0.34285714285714286,40,0.14285714285714285,1,0.0035714285714285713,1,0.0035714285714285713,3,0.010714285714285714,108,0.38571428571428573,21,0.075,2,0.007142857142857143,1,0.0035714285714285713,0,0.0,2,0.007142857142857143,0,0.0,0,0.0,1,0.0035714285714285713,0,0.0,0,0.0,0,0.0,0,0.0,0,0.0,1,0.0035714285714285713,0,0.0,0,0.0,0,0.0,0,0.0,3,0.010714285714285714,280,1.0,SRC_MUNICIPAL_PRORRATEADA,SECCION,COMPLETO
1130,19,NUEVO LEON,SAN NICOLAS DE LOS GARZA,,10,1857,584,384,0.6575342465753424,0.34246575342465757,MC,187,0.4869791666666667,88,0.22916666666666666,PAN,99,0.2578125,40,0.10416666666666667,PRI,59,0.15364583333333334,MC,187,0.4869791666666667,88,0.22916666666666666,PAN,99,0.2578125,40,0.10416666666666667,PRI,59,0.15364583333333334,99,0.2578125,59,0.15364583333333334,3,0.0078125,3,0.0078125,2,0.005208333333333333,187,0.4869791666666667,23,0.059895833333333336,0,0.0,0,0.0,0,0.0,3,0.0078125,0,0.0,0,0.0,0,0.0,0,0.0,0,0.0,0,0.0,0,0.0,0,0.0,0,0.0,0,0.0,0,0.0,0,0.0,0,0.0,5,0.013020833333333334,384,1.0,SRC_MUNICIPAL_PRORRATEADA,SECCION,COMPLETO
1131,19,NUEVO LEON,SAN NICOLAS DE LOS GARZA,,10,1859,793,521,0.6569987389659521,0.34300126103404793,MC,174,0.33397312859884837,29,0.05566218809980806,PAN,145,0.2783109404990403,49,0.09404990403071017,PRI,96,0.18426103646833014,MC,174,0.33397312859884837,29,0.05566218809980806,PAN,145,0.2783109404990403,49,0.09404990403071017,PRI,96,0.18426103646833014,145,0.2783109404990403,96,0.18426103646833014,2,0.003838771593090211,10,0.019193857965451054,9,0.01727447216890595,174,0.33397312859884837,54,0.1036468330134357,4,0.007677543186180422,0,0.0,1,0.0019193857965451055,5,0.009596928982725527,2,0.003838771593090211,1,0.0019193857965451055,1,0.0019193857965451055,0,0.0,0,0.0,0,0.0,0,0.0,0,0.0,1,0.0019193857965451055,4,0.007677543186180422,0,0.0,1,0.0019193857965451055,0,0.0,11,0.02111324376199616,521,1.0,SRC_MUNICIPAL_PRORRATEADA,SECCION,COMPLETO
1132,19,NUEVO LEON,SAN NICOLAS DE LOS GARZA,,10,1860,580,381,0.656896551724138,0.34310344827586203,MC,142,0.37270341207349084,3,0.007874015748031496,PAN,139,0.3648293963254593,97,0.2545931758530184,PRI,42,0.11023622047244094,MC,142,0.37270341207349084,3,0.007874015748031496,PAN,139,0.3648293963254593,97,0.2545931758530184,PRI,42,0.11023622047244094,139,0.3648293963254593,42,0.11023622047244094,1,0.0026246719160104987,5,0.013123359580052493,6,0.015748031496062992,142,0.37270341207349084,33,0.08661417322834646,1,0.0026246719160104987,0,0.0,0,0.0,4,0.010498687664041995,0,0.0,4,0.010498687664041995,0,0.0,0,0.0,0,0.0,0,0.0,0,0.0,0,0.0,0,0.0,0,0.0,0,0.0,0,0.0,0,0.0,4,0.010498687664041995,381,1.0,SRC_MUNICIPAL_PRORRATEADA,SECCION,COMPLETO
1133,19,NUEVO LEON,SAN NICOLAS DE LOS GARZA,,10,1861,481,316,0.656964656964657,0.343035343035343,PAN,103,0.3259493670886076,1,0.0031645569620253164,MC,102,0.3227848101265823,42,0.13291139240506328,PRI,60,0.189873417721519,PAN,103,0.3259493670886076,1,0.0031645569620253164,MC,102,0.3227848101265823,42,0.13291139240506328,PRI,60,0.189873417721519,103,0.3259493670886076,60,0.189873417721519,0,0.0,2,0.006329113924050633,4,0.012658227848101266,102,0.3227848101265823,30,0.0949367088607595,1,0.0031645569620253164,1,0.0031645569620253164,0,0.0,3,0.00949367088607595,0,0.0,1,0.0031645569620253164,0,0.0,0,0.0,0,0.0,0,0.0,0,0.0,0,0.0,0,0.0,1,0.0031645569620253164,0,0.0,0,0.0,0,0.0,8,0.02531645569620253,316,1.0,SRC_MUNICIPAL_PRORRATEADA,SECCION,COMPLETO
1134,19,NUEVO LEON,SAN NICOLAS DE LOS GARZA,,10,1862,545,358,0.6568807339449542,0.34311926605504584,PAN,144,0.4022346368715084,13,0.036312849162011177,MC,131,0.3659217877094972,85,0.23743016759776536,PRI,46,0.12849162011173185,PAN,144,0.4022346368715084,13,0.036312849162011177,MC,131,0.3659217877094972,85,0.23743016759776536,PRI,46,0.12849162011173185,144,0.4022346368715084,46,0.12849162011173185,1,0.002793296089385475,3,0.008379888268156424,5,0.013966480446927373,131,0.3659217877094972,19,0.05307262569832402,0,0.0,0,0.0,0,0.0,5,0.013966480446927373,0,0.0,0,0.0,0,0.0,0,0.0,0,0.0,0,0.0,0,0.0,0,0.0,0,0.0,0,0.0,0,0.0,0,0.0,0,0.0,4,0.0111731843575419,358,1.0,SRC_MUNICIPAL_PRORRATEADA,SECCION,COMPLETO
1135,19,NUEVO LEON,SAN NICOLAS DE LOS GARZA,,10,1864,533,350,0.6566604127579737,0.3433395872420263,MC,140,0.4,16,0.045714285714285714,PAN,124,0.35428571428571426,80,0.22857142857142856,PRI,44,0.12571428571428572,MC,140,0.4,16,0.045714285714285714,PAN,124,0.35428571428571426,80,0.22857142857142856,PRI,44,0.12571428571428572,124,0.35428571428571426,44,0.12571428571428572,0,0.0,2,0.005714285714285714,1,0.002857142857142857,140,0.4,33,0.09428571428571429,0,0.0,2,0.005714285714285714,0,0.0,1,0.002857142857142857,0,0.0,0,0.0,0,0.0,0,0.0,0,0.0,0,0.0,0,0.0,0,0.0,0,0.0,0,0.0,0,0.0,0,0.0,0,0.0,3,0.008571428571428572,350,1.0,SRC_MUNICIPAL_PRORRATEADA,SECCION,COMPLETO
1136,19,NUEVO LEON,SAN NICOLAS DE LOS GARZA,,10,1879,1082,711,0.6571164510166358,0.34288354898336415,MC,254,0.35724331926863573,39,0.05485232067510549,PAN,215,0.30239099859353025,70,0.09845288326300984,PRI,145,0.2039381153305204,MC,254,0.35724331926863573,39,0.05485232067510549,PAN,215,0.30239099859353025,70,0.09845288326300984,PRI,145,0.2039381153305204,215,0.30239099859353025,145,0.2039381153305204,2,0.0028129395218002813,2,0.0028129395218002813,8,0.011251758087201125,254,0.35724331926863573,66,0.09282700421940929,1,0.0014064697609001407,1,0.0014064697609001407,0,0.0,5,0.007032348804500703,0,0.0,2,0.0028129395218002813,0,0.0,0,0.0,0,0.0,0,0.0,0,0.0,0,0.0,0,0.0,0,0.0,0,0.0,0,0.0,0,0.0,10,0.014064697609001406,711,1.0,SRC_MUNICIPAL_PRORRATEADA,SECCION,COMPLETO
1137,19,NUEVO LEON,SAN NICOLAS DE LOS GARZA,,10,1881,539,354,0.6567717996289425,0.3432282003710575,MC,125,0.3531073446327684,1,0.002824858757062147,PAN,124,0.3502824858757062,72,0.2033898305084746,PRI,52,0.14689265536723164,MC,125,0.3531073446327684,1,0.002824858757062147,PAN,124,0.3502824858757062,72,0.2033898305084746,PRI,52,0.14689265536723164,124,0.3502824858757062,52,0.14689265536723164,3,0.00847457627118644,2,0.005649717514124294,3,0.00847457627118644,125,0.3531073446327684,34,0.096045197740113,2,0.005649717514124294,0,0.0,0,0.0,2,0.005649717514124294,0,0.0,0,0.0,0,0.0,0,0.0,0,0.0,0,0.0,0,0.0,0,0.0,0,0.0,0,0.0,0,0.0,0,0.0,0,0.0,7,0.01977401129943503,354,1.0,SRC_MUNICIPAL_PRORRATEADA,SECCION,COMPLETO
1138,19,NUEVO LEON,SAN NICOLAS DE LOS GARZA,,10,1884,514,338,0.6575875486381323,0.3424124513618677,MC,115,0.34023668639053256,38,0.11242603550295859,PAN,77,0.22781065088757396,13,0.038461538461538464,PRI,64,0.1893491124260355,MC,115,0.34023668639053256,38,0.11242603550295859,PAN,77,0.22781065088757396,13,0.038461538461538464,PRI,64,0.1893491124260355,77,0.22781065088757396,64,0.1893491124260355,0,0.0,4,0.011834319526627219,5,0.014792899408284023,115,0.34023668639053256,54,0.15976331360946747,3,0.008875739644970414,1,0.0029585798816568047,0,0.0,2,0.005917159763313609,1,0.0029585798816568047,3,0.008875739644970414,0,0.0,0,0.0,0,0.0,0,0.0,0,0.0,1,0.0029585798816568047,0,0.0,0,0.0,0,0.0,4,0.011834319526627219,0,0.0,4,0.011834319526627219,338,1.0,SRC_MUNICIPAL_PRORRATEADA,SECCION,COMPLETO
1139,19,NUEVO LEON,SAN NICOLAS DE LOS GARZA,,10,1885,351,231,0.6581196581196581,0.3418803418803419,MC,89,0.3852813852813853,33,0.14285714285714285,PRI,56,0.24242424242424243,21,0.09090909090909091,PAN,35,0.15151515151515152,MC,89,0.3852813852813853,33,0.14285714285714285,PRI,56,0.24242424242424243,21,0.09090909090909091,PAN,35,0.15151515151515152,35,0.15151515151515152,56,0.24242424242424243,0,0.0,6,0.025974025974025976,4,0.017316017316017316,89,0.3852813852813853,30,0.12987012987012986,2,0.008658008658008658,1,0.004329004329004329,0,0.0,1,0.004329004329004329,0,0.0,0,0.0,0,0.0,0,0.0,0,0.0,0,0.0,0,0.0,0,0.0,0,0.0,0,0.0,0,0.0,0,0.0,0,0.0,7,0.030303030303030304,231,1.0,SRC_MUNICIPAL_PRORRATEADA,SECCION,COMPLETO
1140,19,NUEVO LEON,SAN NICOLAS DE LOS GARZA,,10,1886,625,411,0.6576,0.34240000000000004,MC,131,0.31873479318734793,12,0.029197080291970802,PRI,119,0.2895377128953771,47,0.11435523114355231,PAN,72,0.17518248175182483,MC,131,0.31873479318734793,12,0.029197080291970802,PRI,119,0.2895377128953771,47,0.11435523114355231,PAN,72,0.17518248175182483,72,0.17518248175182483,119,0.2895377128953771,4,0.009732360097323601,3,0.0072992700729927005,1,0.0024330900243309003,131,0.31873479318734793,53,0.12895377128953772,1,0.0024330900243309003,2,0.004866180048661801,0,0.0,4,0.009732360097323601,1,0.0024330900243309003,0,0.0,0,0.0,0,0.0,0,0.0,0,0.0,0,0.0,0,0.0,0,0.0,0,0.0,0,0.0,0,0.0,0,0.0,20,0.04866180048661801,411,1.0,SRC_MUNICIPAL_PRORRATEADA,SECCION,COMPLETO
1141,19,NUEVO LEON,SAN NICOLAS DE LOS GARZA,,10,1888,420,276,0.6571428571428571,0.34285714285714286,MC,92,0.3333333333333333,2,0.007246376811594203,PAN,90,0.32608695652173914,43,0.15579710144927536,PRI,47,0.17028985507246377,MC,92,0.3333333333333333,2,0.007246376811594203,PAN,90,0.32608695652173914,43,0.15579710144927536,PRI,47,0.17028985507246377,90,0.32608695652173914,47,0.17028985507246377,2,0.007246376811594203,1,0.0036231884057971015,4,0.014492753623188406,92,0.3333333333333333,30,0.10869565217391304,0,0.0,1,0.0036231884057971015,0,0.0,1,0.0036231884057971015,1,0.0036231884057971015,0,0.0,0,0.0,1,0.0036231884057971015,0,0.0,0,0.0,0,0.0,0,0.0,0,0.0,2,0.007246376811594203,0,0.0,0,0.0,0,0.0,4,0.014492753623188406,276,1.0,SRC_MUNICIPAL_PRORRATEADA,SECCION,COMPLETO
1142,19,NUEVO LEON,SAN NICOLAS DE LOS GARZA,,10,1891,530,348,0.6566037735849056,0.3433962264150944,MC,131,0.3764367816091954,41,0.11781609195402298,PAN,90,0.25862068965517243,24,0.06896551724137931,PRI,66,0.1896551724137931,MC,131,0.3764367816091954,41,0.11781609195402298,PAN,90,0.25862068965517243,24,0.06896551724137931,PRI,66,0.1896551724137931,90,0.25862068965517243,66,0.1896551724137931,0,0.0,7,0.020114942528735632,7,0.020114942528735632,131,0.3764367816091954,31,0.08908045977011494,3,0.008620689655172414,1,0.0028735632183908046,0,0.0,0,0.0,0,0.0,0,0.0,1,0.0028735632183908046,0,0.0,0,0.0,0,0.0,0,0.0,2,0.005747126436781609,0,0.0,0,0.0,0,0.0,0,0.0,0,0.0,9,0.02586206896551724,348,1.0,SRC_MUNICIPAL_PRORRATEADA,SECCION,COMPLETO
1143,19,NUEVO LEON,SAN NICOLAS DE LOS GARZA,,10,1894,417,274,0.657074340527578,0.34292565947242204,PAN,92,0.3357664233576642,0,0.0,MC,92,0.3357664233576642,42,0.15328467153284672,PRI,50,0.18248175182481752,PAN,92,0.3357664233576642,0,0.0,MC,92,0.3357664233576642,42,0.15328467153284672,PRI,50,0.18248175182481752,92,0.3357664233576642,50,0.18248175182481752,1,0.0036496350364963502,3,0.010948905109489052,3,0.010948905109489052,92,0.3357664233576642,18,0.06569343065693431,2,0.0072992700729927005,0,0.0,2,0.0072992700729927005,5,0.01824817518248175,0,0.0,1,0.0036496350364963502,0,0.0,0,0.0,0,0.0,0,0.0,0,0.0,0,0.0,0,0.0,0,0.0,0,0.0,0,0.0,0,0.0,5,0.01824817518248175,274,1.0,SRC_MUNICIPAL_PRORRATEADA,SECCION,COMPLETO
1144,19,NUEVO LEON,SAN NICOLAS DE LOS GARZA,,10,1895,1114,732,0.6570915619389587,0.3429084380610413,MC,260,0.3551912568306011,36,0.04918032786885246,PAN,224,0.30601092896174864,115,0.15710382513661203,PRI,109,0.1489071038251366,MC,260,0.3551912568306011,36,0.04918032786885246,PAN,224,0.30601092896174864,115,0.15710382513661203,PRI,109,0.1489071038251366,224,0.30601092896174864,109,0.1489071038251366,5,0.006830601092896175,5,0.006830601092896175,6,0.00819672131147541,260,0.3551912568306011,89,0.12158469945355191,2,0.00273224043715847,1,0.001366120218579235,2,0.00273224043715847,8,0.01092896174863388,1,0.001366120218579235,2,0.00273224043715847,2,0.00273224043715847,0,0.0,1,0.001366120218579235,0,0.0,0,0.0,0,0.0,0,0.0,0,0.0,0,0.0,0,0.0,1,0.001366120218579235,14,0.01912568306010929,732,1.0,SRC_MUNICIPAL_PRORRATEADA,SECCION,COMPLETO
1145,19,NUEVO LEON,SAN NICOLAS DE LOS GARZA,,10,1896,1952,1283,0.6572745901639344,0.3427254098360656,MC,456,0.35541699142634453,40,0.03117692907248636,PAN,416,0.32424006235385816,162,0.12626656274356976,PRI,254,0.1979734996102884,MC,456,0.35541699142634453,40,0.03117692907248636,PAN,416,0.32424006235385816,162,0.12626656274356976,PRI,254,0.1979734996102884,416,0.32424006235385816,254,0.1979734996102884,2,0.001558846453624318,7,0.005455962587685113,13,0.010132501948558068,456,0.35541699142634453,105,0.0818394388152767,4,0.003117692907248636,1,0.000779423226812159,2,0.001558846453624318,4,0.003117692907248636,4,0.003117692907248636,0,0.0,0,0.0,0,0.0,1,0.000779423226812159,0,0.0,0,0.0,0,0.0,1,0.000779423226812159,0,0.0,0,0.0,0,0.0,0,0.0,13,0.010132501948558068,1283,1.0,SRC_MUNICIPAL_PRORRATEADA,SECCION,COMPLETO
1146,19,NUEVO LEON,SAN NICOLAS DE LOS GARZA,,10,1897,701,461,0.6576319543509273,0.34236804564907275,MC,164,0.3557483731019523,2,0.004338394793926247,PAN,162,0.351409978308026,86,0.18655097613882862,PRI,76,0.1648590021691974,MC,164,0.3557483731019523,2,0.004338394793926247,PAN,162,0.351409978308026,86,0.18655097613882862,PRI,76,0.1648590021691974,162,0.351409978308026,76,0.1648590021691974,1,0.0021691973969631237,4,0.008676789587852495,4,0.008676789587852495,164,0.3557483731019523,37,0.08026030368763558,2,0.004338394793926247,0,0.0,0,0.0,4,0.008676789587852495,1,0.0021691973969631237,0,0.0,0,0.0,0,0.0,0,0.0,0,0.0,0,0.0,0,0.0,0,0.0,0,0.0,0,0.0,0,0.0,0,0.0,6,0.013015184381778741,461,1.0,SRC_MUNICIPAL_PRORRATEADA,SECCION,COMPLETO
1147,19,NUEVO LEON,SAN NICOLAS DE LOS GARZA,,10,1898,596,392,0.6577181208053692,0.3422818791946308,MC,150,0.3826530612244898,28,0.07142857142857142,PAN,122,0.3112244897959184,53,0.13520408163265307,PRI,69,0.1760204081632653,MC,150,0.3826530612244898,28,0.07142857142857142,PAN,122,0.3112244897959184,53,0.13520408163265307,PRI,69,0.1760204081632653,122,0.3112244897959184,69,0.1760204081632653,0,0.0,0,0.0,1,0.002551020408163265,150,0.3826530612244898,40,0.10204081632653061,3,0.007653061224489796,1,0.002551020408163265,0,0.0,0,0.0,0,0.0,3,0.007653061224489796,0,0.0,0,0.0,0,0.0,0,0.0,0,0.0,0,0.0,0,0.0,0,0.0,0,0.0,0,0.0,0,0.0,3,0.007653061224489796,392,1.0,SRC_MUNICIPAL_PRORRATEADA,SECCION,COMPLETO
1148,19,NUEVO LEON,SAN NICOLAS DE LOS GARZA,,10,1899,1024,673,0.6572265625,0.3427734375,MC,263,0.39078751857355126,28,0.041604754829123326,PAN,235,0.3491827637444279,128,0.1901931649331352,PRI,107,0.1589895988112927,MC,263,0.39078751857355126,28,0.041604754829123326,PAN,235,0.3491827637444279,128,0.1901931649331352,PRI,107,0.1589895988112927,235,0.3491827637444279,107,0.1589895988112927,3,0.004457652303120356,2,0.0029717682020802376,3,0.004457652303120356,263,0.39078751857355126,43,0.0638930163447251,2,0.0029717682020802376,0,0.0,0,0.0,2,0.0029717682020802376,1,0.0014858841010401188,0,0.0,0,0.0,0,0.0,0,0.0,0,0.0,0,0.0,0,0.0,0,0.0,0,0.0,1,0.0014858841010401188,1,0.0014858841010401188,0,0.0,10,0.014858841010401188,673,1.0,SRC_MUNICIPAL_PRORRATEADA,SECCION,COMPLETO
1149,19,NUEVO LEON,SAN NICOLAS DE LOS GARZA,,10,1905,749,492,0.6568758344459279,0.3431241655540721,MC,158,0.32113821138211385,30,0.06097560975609756,PRI,128,0.2601626016260163,4,0.008130081300813009,PAN,124,0.25203252032520324,MC,158,0.32113821138211385,30,0.06097560975609756,PRI,128,0.2601626016260163,4,0.008130081300813009,PAN,124,0.25203252032520324,124,0.25203252032520324,128,0.2601626016260163,2,0.0040650406504065045,4,0.008130081300813009,5,0.01016260162601626,158,0.32113821138211385,60,0.12195121951219512,1,0.0020325203252032522,3,0.006097560975609756,1,0.0020325203252032522,2,0.0040650406504065045,1,0.0020325203252032522,1,0.0020325203252032522,0,0.0,0,0.0,0,0.0,0,0.0,0,0.0,0,0.0,0,0.0,0,0.0,1,0.0020325203252032522,0,0.0,0,0.0,1,0.0020325203252032522,492,1.0,SRC_MUNICIPAL_PRORRATEADA,SECCION,COMPLETO
1150,19,NUEVO LEON,SAN NICOLAS DE LOS GARZA,,11,1761,957,629,0.6572622779519331,0.34273772204806685,MC,230,0.3656597774244833,77,0.12241653418124006,PAN,153,0.24324324324324326,37,0.058823529411764705,PRI,116,0.18441971383147854,MC,230,0.3656597774244833,77,0.12241653418124006,PAN,153,0.24324324324324326,37,0.058823529411764705,PRI,116,0.18441971383147854,153,0.24324324324324326,116,0.18441971383147854,1,0.001589825119236884,5,0.00794912559618442,10,0.01589825119236884,230,0.3656597774244833,88,0.13990461049284578,3,0.0047694753577106515,2,0.003179650238473768,1,0.001589825119236884,5,0.00794912559618442,1,0.001589825119236884,2,0.003179650238473768,2,0.003179650238473768,0,0.0,1,0.001589825119236884,0,0.0,0,0.0,0,0.0,0,0.0,0,0.0,0,0.0,0,0.0,0,0.0,9,0.014308426073131956,629,1.0,SRC_MUNICIPAL_PRORRATEADA,SECCION,COMPLETO
1151,19,NUEVO LEON,SAN NICOLAS DE LOS GARZA,,11,1764,974,640,0.6570841889117043,0.3429158110882957,MC,258,0.403125,75,0.1171875,PAN,183,0.2859375,58,0.090625,PRI,125,0.1953125,MC,258,0.403125,75,0.1171875,PAN,183,0.2859375,58,0.090625,PRI,125,0.1953125,183,0.2859375,125,0.1953125,0,0.0,4,0.00625,4,0.00625,258,0.403125,45,0.0703125,4,0.00625,2,0.003125,2,0.003125,6,0.009375,1,0.0015625,0,0.0,0,0.0,0,0.0,0,0.0,0,0.0,0,0.0,0,0.0,0,0.0,0,0.0,0,0.0,0,0.0,0,0.0,6,0.009375,640,1.0,SRC_MUNICIPAL_PRORRATEADA,SECCION,COMPLETO
1152,19,NUEVO LEON,SAN NICOLAS DE LOS GARZA,,11,1786,669,440,0.6576980568011959,0.34230194319880414,MC,156,0.35454545454545455,10,0.022727272727272728,PAN,146,0.33181818181818185,78,0.17727272727272728,PRI,68,0.15454545454545454,MC,156,0.35454545454545455,10,0.022727272727272728,PAN,146,0.33181818181818185,78,0.17727272727272728,PRI,68,0.15454545454545454,146,0.33181818181818185,68,0.15454545454545454,1,0.0022727272727272726,9,0.020454545454545454,3,0.006818181818181818,156,0.35454545454545455,45,0.10227272727272728,1,0.0022727272727272726,1,0.0022727272727272726,0,0.0,0,0.0,1,0.0022727272727272726,1,0.0022727272727272726,0,0.0,0,0.0,0,0.0,0,0.0,0,0.0,1,0.0022727272727272726,0,0.0,1,0.0022727272727272726,0,0.0,0,0.0,0,0.0,6,0.013636363636363636,440,1.0,SRC_MUNICIPAL_PRORRATEADA,SECCION,COMPLETO
1153,19,NUEVO LEON,SAN NICOLAS DE LOS GARZA,,11,1787,1182,777,0.6573604060913706,0.3426395939086294,MC,288,0.37065637065637064,50,0.06435006435006435,PAN,238,0.3063063063063063,110,0.14157014157014158,PRI,128,0.16473616473616473,MC,288,0.37065637065637064,50,0.06435006435006435,PAN,238,0.3063063063063063,110,0.14157014157014158,PRI,128,0.16473616473616473,238,0.3063063063063063,128,0.16473616473616473,3,0.003861003861003861,3,0.003861003861003861,11,0.014157014157014158,288,0.37065637065637064,80,0.10296010296010295,2,0.002574002574002574,1,0.001287001287001287,3,0.003861003861003861,7,0.009009009009009009,4,0.005148005148005148,2,0.002574002574002574,0,0.0,0,0.0,0,0.0,0,0.0,0,0.0,0,0.0,0,0.0,0,0.0,0,0.0,0,0.0,0,0.0,7,0.009009009009009009,777,1.0,SRC_MUNICIPAL_PRORRATEADA,SECCION,COMPLETO
1154,19,NUEVO LEON,SAN NICOLAS DE LOS GARZA,,11,1789,779,512,0.6572528883183568,0.3427471116816432,MC,225,0.439453125,98,0.19140625,PAN,127,0.248046875,16,0.03125,PRI,111,0.216796875,MC,225,0.439453125,98,0.19140625,PAN,127,0.248046875,16,0.03125,PRI,111,0.216796875,127,0.248046875,111,0.216796875,0,0.0,1,0.001953125,3,0.005859375,225,0.439453125,33,0.064453125,0,0.0,0,0.0,1,0.001953125,3,0.005859375,1,0.001953125,3,0.005859375,0,0.0,0,0.0,0,0.0,1,0.001953125,0,0.0,0,0.0,0,0.0,0,0.0,0,0.0,0,0.0,0,0.0,3,0.005859375,512,1.0,SRC_MUNICIPAL_PRORRATEADA,SECCION,COMPLETO
1155,19,NUEVO LEON,SAN NICOLAS DE LOS GARZA,,11,1790,698,459,0.6575931232091691,0.3424068767908309,MC,178,0.3877995642701525,80,0.17429193899782136,PAN,98,0.21350762527233116,7,0.015250544662309368,PRI,91,0.19825708061002179,MC,178,0.3877995642701525,80,0.17429193899782136,PAN,98,0.21350762527233116,7,0.015250544662309368,PRI,91,0.19825708061002179,98,0.21350762527233116,91,0.19825708061002179,1,0.002178649237472767,9,0.0196078431372549,14,0.030501089324618737,178,0.3877995642701525,50,0.10893246187363835,2,0.004357298474945534,1,0.002178649237472767,1,0.002178649237472767,2,0.004357298474945534,1,0.002178649237472767,0,0.0,1,0.002178649237472767,0,0.0,0,0.0,0,0.0,1,0.002178649237472767,1,0.002178649237472767,0,0.0,0,0.0,0,0.0,0,0.0,0,0.0,8,0.017429193899782137,459,1.0,SRC_MUNICIPAL_PRORRATEADA,SECCION,COMPLETO
1156,19,NUEVO LEON,SAN NICOLAS DE LOS GARZA,,11,1791,806,530,0.6575682382133995,0.3424317617866005,MC,256,0.4830188679245283,139,0.2622641509433962,PAN,117,0.22075471698113208,6,0.011320754716981131,PRI,111,0.20943396226415095,MC,256,0.4830188679245283,139,0.2622641509433962,PAN,117,0.22075471698113208,6,0.011320754716981131,PRI,111,0.20943396226415095,117,0.22075471698113208,111,0.20943396226415095,2,0.0037735849056603774,1,0.0018867924528301887,1,0.0018867924528301887,256,0.4830188679245283,29,0.05471698113207547,3,0.005660377358490566,0,0.0,1,0.0018867924528301887,4,0.007547169811320755,0,0.0,0,0.0,0,0.0,0,0.0,0,0.0,0,0.0,0,0.0,0,0.0,0,0.0,0,0.0,0,0.0,1,0.0018867924528301887,0,0.0,4,0.007547169811320755,530,1.0,SRC_MUNICIPAL_PRORRATEADA,SECCION,COMPLETO
1157,19,NUEVO LEON,SAN NICOLAS DE LOS GARZA,,11,1794,622,409,0.657556270096463,0.342443729903537,MC,163,0.39853300733496333,51,0.12469437652811736,PAN,112,0.27383863080684595,27,0.06601466992665037,PRI,85,0.2078239608801956,MC,163,0.39853300733496333,51,0.12469437652811736,PAN,112,0.27383863080684595,27,0.06601466992665037,PRI,85,0.2078239608801956,112,0.27383863080684595,85,0.2078239608801956,0,0.0,1,0.0024449877750611247,1,0.0024449877750611247,163,0.39853300733496333,25,0.061124694376528114,3,0.007334963325183374,2,0.004889975550122249,2,0.004889975550122249,4,0.009779951100244499,2,0.004889975550122249,3,0.007334963325183374,0,0.0,0,0.0,0,0.0,0,0.0,1,0.0024449877750611247,0,0.0,0,0.0,0,0.0,0,0.0,0,0.0,2,0.004889975550122249,3,0.007334963325183374,409,1.0,SRC_MUNICIPAL_PRORRATEADA,SECCION,COMPLETO
1158,19,NUEVO LEON,SAN NICOLAS DE LOS GARZA,,11,1826,475,312,0.6568421052631579,0.3431578947368421,MC,114,0.36538461538461536,3,0.009615384615384616,PAN,111,0.3557692307692308,64,0.20512820512820512,PRI,47,0.15064102564102563,MC,114,0.36538461538461536,3,0.009615384615384616,PAN,111,0.3557692307692308,64,0.20512820512820512,PRI,47,0.15064102564102563,111,0.3557692307692308,47,0.15064102564102563,3,0.009615384615384616,3,0.009615384615384616,1,0.003205128205128205,114,0.36538461538461536,17,0.05448717948717949,3,0.009615384615384616,1,0.003205128205128205,0,0.0,0,0.0,2,0.00641025641025641,1,0.003205128205128205,0,0.0,0,0.0,0,0.0,0,0.0,1,0.003205128205128205,1,0.003205128205128205,0,0.0,0,0.0,0,0.0,0,0.0,0,0.0,7,0.022435897435897436,312,1.0,SRC_MUNICIPAL_PRORRATEADA,SECCION,COMPLETO
1159,19,NUEVO LEON,SAN NICOLAS DE LOS GARZA,,11,1837,595,391,0.6571428571428571,0.34285714285714286,MC,185,0.4731457800511509,83,0.21227621483375958,PRI,102,0.2608695652173913,18,0.04603580562659847,PAN,84,0.21483375959079284,MC,185,0.4731457800511509,83,0.21227621483375958,PRI,102,0.2608695652173913,18,0.04603580562659847,PAN,84,0.21483375959079284,84,0.21483375959079284,102,0.2608695652173913,1,0.0025575447570332483,2,0.005115089514066497,0,0.0,185,0.4731457800511509,11,0.028132992327365727,0,0.0,1,0.0025575447570332483,1,0.0025575447570332483,3,0.0076726342710997444,0,0.0,0,0.0,1,0.0025575447570332483,0,0.0,0,0.0,0,0.0,0,0.0,0,0.0,0,0.0,0,0.0,0,0.0,0,0.0,0,0.0,0,0.0,391,1.0,SRC_MUNICIPAL_PRORRATEADA,SECCION,COMPLETO
1160,19,NUEVO LEON,SAN NICOLAS DE LOS GARZA,,11,1866,1067,701,0.6569821930646673,0.3430178069353327,PAN,251,0.35805991440798857,3,0.0042796005706134095,MC,248,0.3537803138373752,137,0.19543509272467904,PRI,111,0.15834522111269614,PAN,251,0.35805991440798857,3,0.0042796005706134095,MC,248,0.3537803138373752,137,0.19543509272467904,PRI,111,0.15834522111269614,251,0.35805991440798857,111,0.15834522111269614,0,0.0,5,0.007132667617689016,3,0.0042796005706134095,248,0.3537803138373752,54,0.07703281027104136,3,0.0042796005706134095,1,0.0014265335235378032,3,0.0042796005706134095,8,0.011412268188302425,0,0.0,1,0.0014265335235378032,1,0.0014265335235378032,0,0.0,0,0.0,1,0.0014265335235378032,0,0.0,0,0.0,0,0.0,0,0.0,0,0.0,1,0.0014265335235378032,0,0.0,10,0.014265335235378032,701,1.0,SRC_MUNICIPAL_PRORRATEADA,SECCION,COMPLETO
1161,19,NUEVO LEON,SAN NICOLAS DE LOS GARZA,,11,1867,907,596,0.6571113561190739,0.3428886438809261,MC,226,0.37919463087248323,9,0.015100671140939598,PAN,217,0.3640939597315436,126,0.21140939597315436,PRI,91,0.15268456375838926,MC,226,0.37919463087248323,9,0.015100671140939598,PAN,217,0.3640939597315436,126,0.21140939597315436,PRI,91,0.15268456375838926,217,0.3640939597315436,91,0.15268456375838926,0,0.0,3,0.0050335570469798654,1,0.0016778523489932886,226,0.37919463087248323,43,0.07214765100671142,1,0.0016778523489932886,0,0.0,1,0.0016778523489932886,1,0.0016778523489932886,0,0.0,0,0.0,0,0.0,0,0.0,0,0.0,0,0.0,0,0.0,0,0.0,0,0.0,1,0.0016778523489932886,0,0.0,0,0.0,0,0.0,11,0.018456375838926176,596,1.0,SRC_MUNICIPAL_PRORRATEADA,SECCION,COMPLETO
1162,19,NUEVO LEON,SAN NICOLAS DE LOS GARZA,,11,1868,520,342,0.6576923076923077,0.3423076923076923,MC,120,0.3508771929824561,1,0.0029239766081871343,PAN,119,0.347953216374269,63,0.18421052631578946,PRI,56,0.16374269005847952,MC,120,0.3508771929824561,1,0.0029239766081871343,PAN,119,0.347953216374269,63,0.18421052631578946,PRI,56,0.16374269005847952,119,0.347953216374269,56,0.16374269005847952,1,0.0029239766081871343,3,0.008771929824561403,1,0.0029239766081871343,120,0.3508771929824561,30,0.08771929824561403,0,0.0,1,0.0029239766081871343,0,0.0,0,0.0,4,0.011695906432748537,0,0.0,0,0.0,0,0.0,0,0.0,0,0.0,0,0.0,0,0.0,0,0.0,0,0.0,0,0.0,0,0.0,0,0.0,7,0.02046783625730994,342,1.0,SRC_MUNICIPAL_PRORRATEADA,SECCION,COMPLETO
1163,19,NUEVO LEON,SAN NICOLAS DE LOS GARZA,,11,1869,1448,952,0.6574585635359116,0.3425414364640884,MC,411,0.4317226890756303,157,0.16491596638655462,PAN,254,0.2668067226890756,43,0.045168067226890755,PRI,211,0.22163865546218486,MC,411,0.4317226890756303,157,0.16491596638655462,PAN,254,0.2668067226890756,43,0.045168067226890755,PRI,211,0.22163865546218486,254,0.2668067226890756,211,0.22163865546218486,2,0.0021008403361344537,3,0.0031512605042016808,2,0.0021008403361344537,411,0.4317226890756303,45,0.04726890756302521,0,0.0,4,0.004201680672268907,0,0.0,8,0.008403361344537815,2,0.0021008403361344537,0,0.0,0,0.0,0,0.0,0,0.0,0,0.0,0,0.0,0,0.0,0,0.0,0,0.0,0,0.0,0,0.0,1,0.0010504201680672268,9,0.009453781512605041,952,1.0,SRC_MUNICIPAL_PRORRATEADA,SECCION,COMPLETO
1164,19,NUEVO LEON,SAN NICOLAS DE LOS GARZA,,11,1875,1999,1314,0.6573286643321661,0.3426713356678339,MC,501,0.3812785388127854,45,0.03424657534246575,PAN,456,0.3470319634703196,226,0.1719939117199391,PRI,230,0.1750380517503805,MC,501,0.3812785388127854,45,0.03424657534246575,PAN,456,0.3470319634703196,226,0.1719939117199391,PRI,230,0.1750380517503805,456,0.3470319634703196,230,0.1750380517503805,1,0.00076103500761035,11,0.00837138508371385,5,0.00380517503805175,501,0.3812785388127854,77,0.05859969558599695,5,0.00380517503805175,3,0.00228310502283105,2,0.0015220700152207,6,0.0045662100456621,5,0.00380517503805175,0,0.0,0,0.0,0,0.0,0,0.0,0,0.0,0,0.0,0,0.0,0,0.0,0,0.0,0,0.0,0,0.0,1,0.00076103500761035,11,0.00837138508371385,1314,1.0,SRC_MUNICIPAL_PRORRATEADA,SECCION,COMPLETO
1165,19,NUEVO LEON,SAN NICOLAS DE LOS GARZA,,11,1876,622,409,0.657556270096463,0.342443729903537,MC,157,0.38386308068459657,23,0.05623471882640587,PAN,134,0.3276283618581907,70,0.17114914425427874,PRI,64,0.15647921760391198,MC,157,0.38386308068459657,23,0.05623471882640587,PAN,134,0.3276283618581907,70,0.17114914425427874,PRI,64,0.15647921760391198,134,0.3276283618581907,64,0.15647921760391198,0,0.0,2,0.004889975550122249,4,0.009779951100244499,157,0.38386308068459657,32,0.07823960880195599,1,0.0024449877750611247,3,0.007334963325183374,2,0.004889975550122249,4,0.009779951100244499,1,0.0024449877750611247,1,0.0024449877750611247,0,0.0,0,0.0,0,0.0,0,0.0,0,0.0,1,0.0024449877750611247,0,0.0,0,0.0,0,0.0,0,0.0,0,0.0,3,0.007334963325183374,409,1.0,SRC_MUNICIPAL_PRORRATEADA,SECCION,COMPLETO
1166,19,NUEVO LEON,SAN NICOLAS DE LOS GARZA,,11,1877,528,347,0.6571969696969697,0.3428030303030303,PAN,128,0.3688760806916426,5,0.01440922190201729,MC,123,0.35446685878962536,83,0.23919308357348704,PRI,40,0.11527377521613832,PAN,128,0.3688760806916426,5,0.01440922190201729,MC,123,0.35446685878962536,83,0.23919308357348704,PRI,40,0.11527377521613832,128,0.3688760806916426,40,0.11527377521613832,0,0.0,3,0.008645533141210375,1,0.002881844380403458,123,0.35446685878962536,38,0.10951008645533142,1,0.002881844380403458,1,0.002881844380403458,2,0.005763688760806916,0,0.0,0,0.0,0,0.0,0,0.0,0,0.0,0,0.0,0,0.0,1,0.002881844380403458,1,0.002881844380403458,0,0.0,0,0.0,0,0.0,0,0.0,0,0.0,8,0.023054755043227664,347,1.0,SRC_MUNICIPAL_PRORRATEADA,SECCION,COMPLETO
1167,19,NUEVO LEON,SAN NICOLAS DE LOS GARZA,,11,1912,103,68,0.6601941747572816,0.3398058252427184,PAN,31,0.45588235294117646,10,0.14705882352941177,MC,21,0.3088235294117647,14,0.20588235294117646,PRI,7,0.10294117647058823,PAN,31,0.45588235294117646,10,0.14705882352941177,MC,21,0.3088235294117647,14,0.20588235294117646,PRI,7,0.10294117647058823,31,0.45588235294117646,7,0.10294117647058823,1,0.014705882352941176,2,0.029411764705882353,0,0.0,21,0.3088235294117647,5,0.07352941176470588,0,0.0,0,0.0,0,0.0,0,0.0,0,0.0,0,0.0,0,0.0,0,0.0,0,0.0,0,0.0,0,0.0,0,0.0,0,0.0,0,0.0,0,0.0,0,0.0,0,0.0,1,0.014705882352941176,68,1.0,SRC_MUNICIPAL_PRORRATEADA,SECCION,COMPLETO
1168,19,NUEVO LEON,SAN PEDRO GARZA GARCIA,,18,0,98182,85725,0.873123383104846,0.12687661689515395,MC,41936,0.48919218431029454,18018,0.21018372703412075,PRI,23918,0.2790084572761738,12066,0.14075240594925634,PAN,11852,0.13825605132691746,MC,41936,0.48919218431029454,18018,0.21018372703412075,PRI,23918,0.2790084572761738,12066,0.14075240594925634,PAN,11852,0.13825605132691746,11852,0.13825605132691746,23918,0.2790084572761738,342,0.003989501312335958,487,0.005680956547098279,353,0.004117818606007582,41936,0.48919218431029454,4356,0.05081364829396325,275,0.0032079323417906094,186,0.0021697287839020124,137,0.0015981335666375037,430,0.005016039661708953,137,0.0015981335666375037,42,0.0004899387576552931,24,0.0002799650043744532,5,5.832604257801108e-05,8,9.332166812481773e-05,4,4.6660834062408864e-05,11,0.00012831729367162437,18,0.0002099737532808399,10,0.00011665208515602216,17,0.00019830854476523768,2,2.3330417031204432e-05,17,0.00019830854476523768,2,2.3330417031204432e-05,1156,0.013484981044036162,85725,1.0,SRC_MUNICIPAL_PRORRATEADA,SECCION,COMPLETO
1169,19,NUEVO LEON,SAN PEDRO GARZA GARCIA,,18,356,660,576,0.8727272727272727,0.12727272727272732,MC,205,0.3559027777777778,46,0.0798611111111111,PRI,159,0.2760416666666667,28,0.04861111111111111,PAN,131,0.22743055555555555,MC,205,0.3559027777777778,46,0.0798611111111111,PRI,159,0.2760416666666667,28,0.04861111111111111,PAN,131,0.22743055555555555,131,0.22743055555555555,159,0.2760416666666667,2,0.003472222222222222,6,0.010416666666666666,3,0.005208333333333333,205,0.3559027777777778,40,0.06944444444444445,4,0.006944444444444444,0,0.0,0,0.0,5,0.008680555555555556,0,0.0,0,0.0,0,0.0,0,0.0,0,0.0,0,0.0,0,0.0,0,0.0,0,0.0,0,0.0,0,0.0,0,0.0,0,0.0,21,0.036458333333333336,576,1.0,SRC_MUNICIPAL_PRORRATEADA,SECCION,COMPLETO
1170,19,NUEVO LEON,SAN PEDRO GARZA GARCIA,,18,357,577,504,0.8734835355285961,0.12651646447140386,MC,167,0.33134920634920634,46,0.09126984126984126,PRI,121,0.2400793650793651,7,0.013888888888888888,PAN,114,0.2261904761904762,MC,167,0.33134920634920634,46,0.09126984126984126,PRI,121,0.2400793650793651,7,0.013888888888888888,PAN,114,0.2261904761904762,114,0.2261904761904762,121,0.2400793650793651,5,0.00992063492063492,6,0.011904761904761904,7,0.013888888888888888,167,0.33134920634920634,42,0.08333333333333333,4,0.007936507936507936,3,0.005952380952380952,0,0.0,3,0.005952380952380952,4,0.007936507936507936,1,0.001984126984126984,2,0.003968253968253968,0,0.0,1,0.001984126984126984,0,0.0,1,0.001984126984126984,0,0.0,0,0.0,1,0.001984126984126984,0,0.0,0,0.0,0,0.0,22,0.04365079365079365,504,1.0,SRC_MUNICIPAL_PRORRATEADA,SECCION,COMPLETO
1171,19,NUEVO LEON,SAN PEDRO GARZA GARCIA,,18,360,485,423,0.8721649484536083,0.12783505154639174,MC,177,0.41843971631205673,61,0.14420803782505912,PAN,116,0.27423167848699764,41,0.09692671394799054,PRI,75,0.1773049645390071,MC,177,0.41843971631205673,61,0.14420803782505912,PAN,116,0.27423167848699764,41,0.09692671394799054,PRI,75,0.1773049645390071,116,0.27423167848699764,75,0.1773049645390071,1,0.002364066193853428,2,0.004728132387706856,3,0.0070921985815602835,177,0.41843971631205673,22,0.05200945626477541,3,0.0070921985815602835,1,0.002364066193853428,3,0.0070921985815602835,5,0.01182033096926714,3,0.0070921985815602835,0,0.0,0,0.0,0,0.0,0,0.0,0,0.0,0,0.0,0,0.0,0,0.0,0,0.0,0,0.0,0,0.0,0,0.0,12,0.028368794326241134,423,1.0,SRC_MUNICIPAL_PRORRATEADA,SECCION,COMPLETO
1172,19,NUEVO LEON,SAN PEDRO GARZA GARCIA,,18,361,741,647,0.873144399460189,0.12685560053981104,MC,222,0.34312210200927357,55,0.08500772797527048,PAN,167,0.2581143740340031,14,0.021638330757341576,PRI,153,0.23647604327666152,MC,222,0.34312210200927357,55,0.08500772797527048,PAN,167,0.2581143740340031,14,0.021638330757341576,PRI,153,0.23647604327666152,167,0.2581143740340031,153,0.23647604327666152,4,0.0061823802163833074,4,0.0061823802163833074,7,0.010819165378670788,222,0.34312210200927357,55,0.08500772797527048,6,0.00927357032457496,4,0.0061823802163833074,0,0.0,6,0.00927357032457496,0,0.0,0,0.0,0,0.0,0,0.0,0,0.0,0,0.0,0,0.0,2,0.0030911901081916537,0,0.0,0,0.0,0,0.0,0,0.0,2,0.0030911901081916537,15,0.023183925811437404,647,1.0,SRC_MUNICIPAL_PRORRATEADA,SECCION,COMPLETO
1173,19,NUEVO LEON,SAN PEDRO GARZA GARCIA,,18,365,380,332,0.8736842105263158,0.12631578947368416,MC,140,0.42168674698795183,66,0.19879518072289157,PRI,74,0.22289156626506024,4,0.012048192771084338,PAN,70,0.21084337349397592,MC,140,0.42168674698795183,66,0.19879518072289157,PRI,74,0.22289156626506024,4,0.012048192771084338,PAN,70,0.21084337349397592,70,0.21084337349397592,74,0.22289156626506024,1,0.0030120481927710845,11,0.03313253012048193,1,0.0030120481927710845,140,0.42168674698795183,22,0.06626506024096386,4,0.012048192771084338,1,0.0030120481927710845,1,0.0030120481927710845,3,0.009036144578313253,0,0.0,0,0.0,0,0.0,0,0.0,0,0.0,0,0.0,0,0.0,1,0.0030120481927710845,0,0.0,0,0.0,0,0.0,0,0.0,0,0.0,3,0.009036144578313253,332,1.0,SRC_MUNICIPAL_PRORRATEADA,SECCION,COMPLETO
1174,19,NUEVO LEON,SAN PEDRO GARZA GARCIA,,18,366,350,306,0.8742857142857143,0.12571428571428567,PRI,102,0.3333333333333333,1,0.0032679738562091504,MC,101,0.3300653594771242,49,0.16013071895424835,PAN,52,0.16993464052287582,PRI,102,0.3333333333333333,1,0.0032679738562091504,MC,101,0.3300653594771242,49,0.16013071895424835,PAN,52,0.16993464052287582,52,0.16993464052287582,102,0.3333333333333333,1,0.0032679738562091504,5,0.016339869281045753,0,0.0,101,0.3300653594771242,25,0.08169934640522876,4,0.013071895424836602,0,0.0,0,0.0,3,0.00980392156862745,0,0.0,0,0.0,0,0.0,0,0.0,0,0.0,0,0.0,0,0.0,0,0.0,0,0.0,0,0.0,0,0.0,0,0.0,0,0.0,13,0.042483660130718956,306,1.0,SRC_MUNICIPAL_PRORRATEADA,SECCION,COMPLETO
1175,19,NUEVO LEON,SAN PEDRO GARZA GARCIA,,18,367,316,276,0.8734177215189873,0.12658227848101267,MC,92,0.3333333333333333,14,0.050724637681159424,PRI,78,0.2826086956521739,20,0.07246376811594203,PAN,58,0.21014492753623187,MC,92,0.3333333333333333,14,0.050724637681159424,PRI,78,0.2826086956521739,20,0.07246376811594203,PAN,58,0.21014492753623187,58,0.21014492753623187,78,0.2826086956521739,2,0.007246376811594203,3,0.010869565217391304,0,0.0,92,0.3333333333333333,27,0.09782608695652174,3,0.010869565217391304,0,0.0,2,0.007246376811594203,1,0.0036231884057971015,0,0.0,1,0.0036231884057971015,0,0.0,0,0.0,0,0.0,0,0.0,0,0.0,0,0.0,0,0.0,2,0.007246376811594203,0,0.0,0,0.0,0,0.0,7,0.025362318840579712,276,1.0,SRC_MUNICIPAL_PRORRATEADA,SECCION,COMPLETO
1176,19,NUEVO LEON,SAN PEDRO GARZA GARCIA,,18,369,415,362,0.8722891566265061,0.12771084337349392,MC,126,0.34806629834254144,28,0.07734806629834254,PRI,98,0.27071823204419887,7,0.019337016574585635,PAN,91,0.2513812154696133,MC,126,0.34806629834254144,28,0.07734806629834254,PRI,98,0.27071823204419887,7,0.019337016574585635,PAN,91,0.2513812154696133,91,0.2513812154696133,98,0.27071823204419887,3,0.008287292817679558,3,0.008287292817679558,5,0.013812154696132596,126,0.34806629834254144,8,0.022099447513812154,3,0.008287292817679558,1,0.0027624309392265192,0,0.0,2,0.0055248618784530384,0,0.0,0,0.0,0,0.0,0,0.0,0,0.0,0,0.0,0,0.0,0,0.0,0,0.0,0,0.0,0,0.0,0,0.0,0,0.0,22,0.06077348066298342,362,1.0,SRC_MUNICIPAL_PRORRATEADA,SECCION,COMPLETO
1177,19,NUEVO LEON,SAN PEDRO GARZA GARCIA,,18,371,509,444,0.8722986247544204,0.12770137524557956,MC,196,0.44144144144144143,76,0.17117117117117117,PRI,120,0.2702702702702703,35,0.07882882882882883,PAN,85,0.19144144144144143,MC,196,0.44144144144144143,76,0.17117117117117117,PRI,120,0.2702702702702703,35,0.07882882882882883,PAN,85,0.19144144144144143,85,0.19144144144144143,120,0.2702702702702703,2,0.0045045045045045045,4,0.009009009009009009,0,0.0,196,0.44144144144144143,23,0.0518018018018018,1,0.0022522522522522522,2,0.0045045045045045045,1,0.0022522522522522522,0,0.0,2,0.0045045045045045045,0,0.0,0,0.0,0,0.0,0,0.0,0,0.0,0,0.0,0,0.0,0,0.0,0,0.0,0,0.0,0,0.0,0,0.0,8,0.018018018018018018,444,1.0,SRC_MUNICIPAL_PRORRATEADA,SECCION,COMPLETO
1178,19,NUEVO LEON,SAN PEDRO GARZA GARCIA,,18,373,402,351,0.8731343283582089,0.12686567164179108,MC,153,0.4358974358974359,59,0.16809116809116809,PRI,94,0.2678062678062678,29,0.08262108262108261,PAN,65,0.18518518518518517,MC,153,0.4358974358974359,59,0.16809116809116809,PRI,94,0.2678062678062678,29,0.08262108262108261,PAN,65,0.18518518518518517,65,0.18518518518518517,94,0.2678062678062678,1,0.002849002849002849,4,0.011396011396011397,1,0.002849002849002849,153,0.4358974358974359,24,0.06837606837606838,2,0.005698005698005698,3,0.008547008547008548,0,0.0,4,0.011396011396011397,0,0.0,0,0.0,0,0.0,0,0.0,0,0.0,0,0.0,0,0.0,0,0.0,0,0.0,0,0.0,0,0.0,0,0.0,0,0.0,0,0.0,351,1.0,SRC_MUNICIPAL_PRORRATEADA,SECCION,COMPLETO
1179,19,NUEVO LEON,SAN PEDRO GARZA GARCIA,,18,375,389,340,0.8740359897172236,0.12596401028277637,MC,136,0.4,40,0.11764705882352941,PRI,96,0.2823529411764706,33,0.09705882352941177,PAN,63,0.18529411764705883,MC,136,0.4,40,0.11764705882352941,PRI,96,0.2823529411764706,33,0.09705882352941177,PAN,63,0.18529411764705883,63,0.18529411764705883,96,0.2823529411764706,7,0.020588235294117647,3,0.008823529411764706,2,0.0058823529411764705,136,0.4,22,0.06470588235294118,2,0.0058823529411764705,0,0.0,0,0.0,0,0.0,0,0.0,0,0.0,0,0.0,0,0.0,0,0.0,0,0.0,0,0.0,0,0.0,0,0.0,0,0.0,0,0.0,0,0.0,0,0.0,9,0.026470588235294117,340,1.0,SRC_MUNICIPAL_PRORRATEADA,SECCION,COMPLETO
1180,19,NUEVO LEON,SAN PEDRO GARZA GARCIA,,18,376,349,305,0.8739255014326648,0.1260744985673352,MC,120,0.39344262295081966,41,0.13442622950819672,PRI,79,0.25901639344262295,14,0.04590163934426229,PAN,65,0.21311475409836064,MC,120,0.39344262295081966,41,0.13442622950819672,PRI,79,0.25901639344262295,14,0.04590163934426229,PAN,65,0.21311475409836064,65,0.21311475409836064,79,0.25901639344262295,1,0.003278688524590164,1,0.003278688524590164,1,0.003278688524590164,120,0.39344262295081966,21,0.06885245901639345,1,0.003278688524590164,0,0.0,1,0.003278688524590164,2,0.006557377049180328,2,0.006557377049180328,0,0.0,0,0.0,0,0.0,0,0.0,0,0.0,0,0.0,0,0.0,0,0.0,1,0.003278688524590164,0,0.0,0,0.0,1,0.003278688524590164,9,0.029508196721311476,305,1.0,SRC_MUNICIPAL_PRORRATEADA,SECCION,COMPLETO
1181,19,NUEVO LEON,SAN PEDRO GARZA GARCIA,,18,388,962,840,0.8731808731808732,0.12681912681912677,MC,383,0.45595238095238094,136,0.1619047619047619,PRI,247,0.29404761904761906,122,0.14523809523809525,PAN,125,0.1488095238095238,MC,383,0.45595238095238094,136,0.1619047619047619,PRI,247,0.29404761904761906,122,0.14523809523809525,PAN,125,0.1488095238095238,125,0.1488095238095238,247,0.29404761904761906,6,0.007142857142857143,6,0.007142857142857143,5,0.005952380952380952,383,0.45595238095238094,42,0.05,4,0.004761904761904762,0,0.0,0,0.0,7,0.008333333333333333,1,0.0011904761904761906,0,0.0,0,0.0,0,0.0,1,0.0011904761904761906,0,0.0,0,0.0,1,0.0011904761904761906,0,0.0,0,0.0,0,0.0,0,0.0,0,0.0,12,0.014285714285714285,840,1.0,SRC_MUNICIPAL_PRORRATEADA,SECCION,COMPLETO
1182,19,NUEVO LEON,SAN PEDRO GARZA GARCIA,,18,395,573,500,0.8726003490401396,0.1273996509598604,MC,247,0.494,73,0.146,PRI,174,0.348,116,0.232,PAN,58,0.116,MC,247,0.494,73,0.146,PRI,174,0.348,116,0.232,PAN,58,0.116,58,0.116,174,0.348,1,0.002,0,0.0,1,0.002,247,0.494,11,0.022,0,0.0,1,0.002,0,0.0,2,0.004,1,0.002,1,0.002,0,0.0,0,0.0,0,0.0,0,0.0,0,0.0,0,0.0,0,0.0,0,0.0,0,0.0,0,0.0,0,0.0,3,0.006,500,1.0,SRC_MUNICIPAL_PRORRATEADA,SECCION,COMPLETO
1183,19,NUEVO LEON,SAN PEDRO GARZA GARCIA,,18,404,573,500,0.8726003490401396,0.1273996509598604,MC,285,0.57,125,0.25,PRI,160,0.32,121,0.242,PAN,39,0.078,MC,285,0.57,125,0.25,PRI,160,0.32,121,0.242,PAN,39,0.078,39,0.078,160,0.32,1,0.002,0,0.0,0,0.0,285,0.57,5,0.01,0,0.0,1,0.002,0,0.0,4,0.008,2,0.004,0,0.0,0,0.0,0,0.0,0,0.0,0,0.0,0,0.0,0,0.0,0,0.0,0,0.0,0,0.0,0,0.0,1,0.002,2,0.004,500,1.0,SRC_MUNICIPAL_PRORRATEADA,SECCION,COMPLETO
1184,19,NUEVO LEON,SAN PEDRO GARZA GARCIA,,18,409,561,490,0.8734402852049911,0.12655971479500894,MC,273,0.5571428571428572,119,0.24285714285714285,PRI,154,0.3142857142857143,102,0.20816326530612245,PAN,52,0.10612244897959183,MC,273,0.5571428571428572,119,0.24285714285714285,PRI,154,0.3142857142857143,102,0.20816326530612245,PAN,52,0.10612244897959183,52,0.10612244897959183,154,0.3142857142857143,2,0.004081632653061225,0,0.0,0,0.0,273,0.5571428571428572,5,0.01020408163265306,0,0.0,0,0.0,0,0.0,4,0.00816326530612245,0,0.0,0,0.0,0,0.0,0,0.0,0,0.0,0,0.0,0,0.0,0,0.0,0,0.0,0,0.0,0,0.0,0,0.0,0,0.0,0,0.0,490,1.0,SRC_MUNICIPAL_PRORRATEADA,SECCION,COMPLETO
1185,19,NUEVO LEON,SAN PEDRO GARZA GARCIA,,18,413,420,367,0.8738095238095238,0.1261904761904762,MC,205,0.55858310626703,109,0.2970027247956403,PRI,96,0.2615803814713896,56,0.15258855585831063,PAN,40,0.10899182561307902,MC,205,0.55858310626703,109,0.2970027247956403,PRI,96,0.2615803814713896,56,0.15258855585831063,PAN,40,0.10899182561307902,40,0.10899182561307902,96,0.2615803814713896,0,0.0,3,0.008174386920980926,0,0.0,205,0.55858310626703,15,0.04087193460490463,1,0.0027247956403269754,0,0.0,1,0.0027247956403269754,1,0.0027247956403269754,0,0.0,0,0.0,0,0.0,0,0.0,0,0.0,0,0.0,0,0.0,0,0.0,0,0.0,0,0.0,0,0.0,0,0.0,0,0.0,5,0.013623978201634877,367,1.0,SRC_MUNICIPAL_PRORRATEADA,SECCION,COMPLETO
1186,19,NUEVO LEON,SAN PEDRO GARZA GARCIA,,18,416,597,521,0.8726968174204355,0.12730318257956452,MC,318,0.6103646833013435,185,0.3550863723608445,PRI,133,0.255278310940499,86,0.16506717850287908,PAN,47,0.09021113243761997,MC,318,0.6103646833013435,185,0.3550863723608445,PRI,133,0.255278310940499,86,0.16506717850287908,PAN,47,0.09021113243761997,47,0.09021113243761997,133,0.255278310940499,2,0.003838771593090211,4,0.007677543186180422,1,0.0019193857965451055,318,0.6103646833013435,12,0.023032629558541268,0,0.0,1,0.0019193857965451055,0,0.0,1,0.0019193857965451055,1,0.0019193857965451055,0,0.0,0,0.0,0,0.0,0,0.0,0,0.0,0,0.0,0,0.0,0,0.0,1,0.0019193857965451055,0,0.0,0,0.0,0,0.0,0,0.0,521,1.0,SRC_MUNICIPAL_PRORRATEADA,SECCION,COMPLETO
1187,19,NUEVO LEON,SANTA CATARINA,,18,2003,808,308,0.3811881188118812,0.6188118811881188,MC,142,0.461038961038961,67,0.21753246753246752,PAN,75,0.2435064935064935,18,0.05844155844155844,PRI,57,0.18506493506493507,MC,142,0.461038961038961,67,0.21753246753246752,PAN,75,0.2435064935064935,18,0.05844155844155844,PRI,57,0.18506493506493507,75,0.2435064935064935,57,0.18506493506493507,1,0.003246753246753247,1,0.003246753246753247,2,0.006493506493506494,142,0.461038961038961,24,0.07792207792207792,0,0.0,1,0.003246753246753247,1,0.003246753246753247,2,0.006493506493506494,0,0.0,0,0.0,0,0.0,0,0.0,0,0.0,0,0.0,0,0.0,0,0.0,0,0.0,0,0.0,0,0.0,0,0.0,0,0.0,2,0.006493506493506494,308,1.0,SRC_MUNICIPAL_PRORRATEADA,SECCION,COMPLETO
1188,19,NUEVO LEON,SANTA CATARINA,,18,2006,1636,624,0.38141809290953543,0.6185819070904646,MC,269,0.4310897435897436,145,0.23237179487179488,PRI,124,0.1987179487179487,4,0.00641025641025641,PAN,120,0.19230769230769232,MC,269,0.4310897435897436,145,0.23237179487179488,PRI,124,0.1987179487179487,4,0.00641025641025641,PAN,120,0.19230769230769232,120,0.19230769230769232,124,0.1987179487179487,7,0.011217948717948718,2,0.003205128205128205,7,0.011217948717948718,269,0.4310897435897436,69,0.11057692307692307,2,0.003205128205128205,3,0.004807692307692308,4,0.00641025641025641,6,0.009615384615384616,1,0.0016025641025641025,0,0.0,0,0.0,0,0.0,1,0.0016025641025641025,0,0.0,0,0.0,0,0.0,0,0.0,0,0.0,2,0.003205128205128205,0,0.0,0,0.0,7,0.011217948717948718,624,1.0,SRC_MUNICIPAL_PRORRATEADA,SECCION,COMPLETO
1189,19,NUEVO LEON,SANTA CATARINA,,18,2007,496,189,0.3810483870967742,0.6189516129032258,MC,77,0.4074074074074074,38,0.20105820105820105,PRI,39,0.20634920634920634,13,0.06878306878306878,PAN,26,0.13756613756613756,MC,77,0.4074074074074074,38,0.20105820105820105,PRI,39,0.20634920634920634,13,0.06878306878306878,PAN,26,0.13756613756613756,26,0.13756613756613756,39,0.20634920634920634,2,0.010582010582010581,1,0.005291005291005291,3,0.015873015873015872,77,0.4074074074074074,24,0.12698412698412698,1,0.005291005291005291,0,0.0,1,0.005291005291005291,1,0.005291005291005291,1,0.005291005291005291,1,0.005291005291005291,0,0.0,0,0.0,0,0.0,0,0.0,0,0.0,1,0.005291005291005291,0,0.0,0,0.0,0,0.0,1,0.005291005291005291,0,0.0,10,0.05291005291005291,189,1.0,SRC_MUNICIPAL_PRORRATEADA,SECCION,COMPLETO
1190,19,NUEVO LEON,SANTA CATARINA,,18,2008,527,201,0.38140417457305503,0.618595825426945,MC,69,0.34328358208955223,16,0.07960199004975124,PRI,53,0.263681592039801,18,0.08955223880597014,PAN,35,0.17412935323383086,MC,69,0.34328358208955223,16,0.07960199004975124,PRI,53,0.263681592039801,18,0.08955223880597014,PAN,35,0.17412935323383086,35,0.17412935323383086,53,0.263681592039801,2,0.009950248756218905,3,0.014925373134328358,2,0.009950248756218905,69,0.34328358208955223,20,0.09950248756218906,1,0.004975124378109453,1,0.004975124378109453,1,0.004975124378109453,2,0.009950248756218905,0,0.0,0,0.0,0,0.0,0,0.0,0,0.0,0,0.0,0,0.0,0,0.0,0,0.0,0,0.0,0,0.0,0,0.0,0,0.0,12,0.05970149253731343,201,1.0,SRC_MUNICIPAL_PRORRATEADA,SECCION,COMPLETO
1191,19,NUEVO LEON,SANTA CATARINA,,18,2009,1738,663,0.3814729574223245,0.6185270425776754,MC,280,0.42232277526395173,148,0.22322775263951736,PRI,132,0.19909502262443438,1,0.0015082956259426848,PAN,131,0.1975867269984917,MC,280,0.42232277526395173,148,0.22322775263951736,PRI,132,0.19909502262443438,1,0.0015082956259426848,PAN,131,0.1975867269984917,131,0.1975867269984917,132,0.19909502262443438,1,0.0015082956259426848,19,0.02865761689291101,6,0.00904977375565611,280,0.42232277526395173,66,0.09954751131221719,4,0.006033182503770739,3,0.004524886877828055,2,0.0030165912518853697,1,0.0015082956259426848,0,0.0,0,0.0,0,0.0,0,0.0,0,0.0,0,0.0,0,0.0,0,0.0,0,0.0,0,0.0,0,0.0,0,0.0,0,0.0,18,0.027149321266968326,663,1.0,SRC_MUNICIPAL_PRORRATEADA,SECCION,COMPLETO
1192,19,NUEVO LEON,SANTA CATARINA,,18,2010,653,249,0.38131699846860645,0.6186830015313936,MC,105,0.42168674698795183,41,0.1646586345381526,PRI,64,0.2570281124497992,27,0.10843373493975904,PAN,37,0.14859437751004015,MC,105,0.42168674698795183,41,0.1646586345381526,PRI,64,0.2570281124497992,27,0.10843373493975904,PAN,37,0.14859437751004015,37,0.14859437751004015,64,0.2570281124497992,0,0.0,1,0.004016064257028112,2,0.008032128514056224,105,0.42168674698795183,28,0.11244979919678715,1,0.004016064257028112,1,0.004016064257028112,2,0.008032128514056224,0,0.0,0,0.0,0,0.0,0,0.0,0,0.0,0,0.0,0,0.0,0,0.0,0,0.0,0,0.0,0,0.0,0,0.0,0,0.0,0,0.0,8,0.0321285140562249,249,1.0,SRC_MUNICIPAL_PRORRATEADA,SECCION,COMPLETO
1193,19,NUEVO LEON,SANTA CATARINA,,18,2011,590,225,0.3813559322033898,0.6186440677966102,MC,79,0.3511111111111111,12,0.05333333333333334,PRI,67,0.29777777777777775,31,0.13777777777777778,PAN,36,0.16,MC,79,0.3511111111111111,12,0.05333333333333334,PRI,67,0.29777777777777775,31,0.13777777777777778,PAN,36,0.16,36,0.16,67,0.29777777777777775,1,0.0044444444444444444,3,0.013333333333333334,4,0.017777777777777778,79,0.3511111111111111,20,0.08888888888888889,1,0.0044444444444444444,1,0.0044444444444444444,0,0.0,0,0.0,0,0.0,0,0.0,0,0.0,0,0.0,0,0.0,0,0.0,0,0.0,0,0.0,0,0.0,0,0.0,0,0.0,1,0.0044444444444444444,0,0.0,12,0.05333333333333334,225,1.0,SRC_MUNICIPAL_PRORRATEADA,SECCION,COMPLETO
1194,19,NUEVO LEON,SANTA CATARINA,,18,2012,742,283,0.38140161725067384,0.6185983827493262,MC,126,0.4452296819787986,65,0.22968197879858657,PAN,61,0.21554770318021202,11,0.038869257950530034,PRI,50,0.17667844522968199,MC,126,0.4452296819787986,65,0.22968197879858657,PAN,61,0.21554770318021202,11,0.038869257950530034,PRI,50,0.17667844522968199,61,0.21554770318021202,50,0.17667844522968199,2,0.007067137809187279,2,0.007067137809187279,0,0.0,126,0.4452296819787986,27,0.09540636042402827,2,0.007067137809187279,3,0.01060070671378092,0,0.0,3,0.01060070671378092,0,0.0,0,0.0,0,0.0,0,0.0,0,0.0,0,0.0,0,0.0,0,0.0,0,0.0,0,0.0,0,0.0,0,0.0,0,0.0,7,0.024734982332155476,283,1.0,SRC_MUNICIPAL_PRORRATEADA,SECCION,COMPLETO
1195,19,NUEVO LEON,SANTA CATARINA,,18,2014,2169,827,0.3812816966343937,0.6187183033656063,MC,293,0.3542926239419589,72,0.08706166868198308,PRI,221,0.2672309552599758,77,0.09310761789600967,PAN,144,0.17412333736396615,MC,293,0.3542926239419589,72,0.08706166868198308,PRI,221,0.2672309552599758,77,0.09310761789600967,PAN,144,0.17412333736396615,144,0.17412333736396615,221,0.2672309552599758,2,0.0024183796856106408,11,0.013301088270858524,8,0.009673518742442563,293,0.3542926239419589,94,0.11366384522370013,6,0.007255139056831923,3,0.0036275695284159614,2,0.0024183796856106408,11,0.013301088270858524,0,0.0,0,0.0,0,0.0,0,0.0,0,0.0,0,0.0,0,0.0,0,0.0,0,0.0,0,0.0,0,0.0,0,0.0,0,0.0,32,0.03869407496977025,827,1.0,SRC_MUNICIPAL_PRORRATEADA,SECCION,COMPLETO
1196,19,NUEVO LEON,SANTA CATARINA,,18,2015,1101,420,0.3814713896457766,0.6185286103542234,MC,145,0.34523809523809523,49,0.11666666666666667,PAN,96,0.22857142857142856,18,0.04285714285714286,PRI,78,0.18571428571428572,MC,145,0.34523809523809523,49,0.11666666666666667,PAN,96,0.22857142857142856,18,0.04285714285714286,PRI,78,0.18571428571428572,96,0.22857142857142856,78,0.18571428571428572,5,0.011904761904761904,4,0.009523809523809525,5,0.011904761904761904,145,0.34523809523809523,57,0.1357142857142857,1,0.002380952380952381,0,0.0,4,0.009523809523809525,4,0.009523809523809525,1,0.002380952380952381,4,0.009523809523809525,0,0.0,0,0.0,0,0.0,0,0.0,0,0.0,0,0.0,0,0.0,0,0.0,0,0.0,0,0.0,0,0.0,16,0.0380952380952381,420,1.0,SRC_MUNICIPAL_PRORRATEADA,SECCION,COMPLETO
1197,19,NUEVO LEON,SANTA CATARINA,,18,2018,527,201,0.38140417457305503,0.618595825426945,MC,80,0.39800995024875624,44,0.21890547263681592,PAN,36,0.1791044776119403,3,0.014925373134328358,PRI,33,0.16417910447761194,MC,80,0.39800995024875624,44,0.21890547263681592,PAN,36,0.1791044776119403,3,0.014925373134328358,PRI,33,0.16417910447761194,36,0.1791044776119403,33,0.16417910447761194,2,0.009950248756218905,2,0.009950248756218905,4,0.01990049751243781,80,0.39800995024875624,31,0.15422885572139303,5,0.024875621890547265,2,0.009950248756218905,0,0.0,0,0.0,0,0.0,0,0.0,0,0.0,0,0.0,0,0.0,0,0.0,0,0.0,0,0.0,0,0.0,0,0.0,0,0.0,0,0.0,0,0.0,6,0.029850746268656716,201,1.0,SRC_MUNICIPAL_PRORRATEADA,SECCION,COMPLETO
1198,19,NUEVO LEON,SANTA CATARINA,,18,2019,1065,406,0.3812206572769953,0.6187793427230047,MC,189,0.46551724137931033,93,0.229064039408867,PAN,96,0.23645320197044334,31,0.07635467980295567,PRI,65,0.16009852216748768,MC,189,0.46551724137931033,93,0.229064039408867,PAN,96,0.23645320197044334,31,0.07635467980295567,PRI,65,0.16009852216748768,96,0.23645320197044334,65,0.16009852216748768,4,0.009852216748768473,1,0.0024630541871921183,0,0.0,189,0.46551724137931033,46,0.11330049261083744,0,0.0,2,0.0049261083743842365,2,0.0049261083743842365,1,0.0024630541871921183,0,0.0,0,0.0,0,0.0,0,0.0,0,0.0,0,0.0,0,0.0,0,0.0,0,0.0,0,0.0,0,0.0,0,0.0,0,0.0,0,0.0,406,1.0,SRC_MUNICIPAL_PRORRATEADA,SECCION,COMPLETO
1199,19,NUEVO LEON,SANTA CATARINA,,18,2058,724,276,0.3812154696132597,0.6187845303867403,MC,110,0.39855072463768115,51,0.18478260869565216,PAN,59,0.213768115942029,11,0.03985507246376811,PRI,48,0.17391304347826086,MC,110,0.39855072463768115,51,0.18478260869565216,PAN,59,0.213768115942029,11,0.03985507246376811,PRI,48,0.17391304347826086,59,0.213768115942029,48,0.17391304347826086,1,0.0036231884057971015,2,0.007246376811594203,2,0.007246376811594203,110,0.39855072463768115,45,0.16304347826086957,0,0.0,0,0.0,0,0.0,3,0.010869565217391304,0,0.0,0,0.0,0,0.0,0,0.0,2,0.007246376811594203,0,0.0,0,0.0,0,0.0,1,0.0036231884057971015,1,0.0036231884057971015,0,0.0,0,0.0,0,0.0,2,0.007246376811594203,276,1.0,SRC_MUNICIPAL_PRORRATEADA,SECCION,COMPLETO
1200,19,NUEVO LEON,SANTA CATARINA,,18,2060,745,284,0.3812080536912752,0.6187919463087248,MC,115,0.40492957746478875,47,0.16549295774647887,PAN,68,0.23943661971830985,17,0.05985915492957746,PRI,51,0.1795774647887324,MC,115,0.40492957746478875,47,0.16549295774647887,PAN,68,0.23943661971830985,17,0.05985915492957746,PRI,51,0.1795774647887324,68,0.23943661971830985,51,0.1795774647887324,0,0.0,4,0.014084507042253521,3,0.01056338028169014,115,0.40492957746478875,27,0.09507042253521127,2,0.007042253521126761,2,0.007042253521126761,0,0.0,1,0.0035211267605633804,0,0.0,0,0.0,0,0.0,0,0.0,0,0.0,0,0.0,0,0.0,0,0.0,0,0.0,0,0.0,0,0.0,0,0.0,0,0.0,11,0.03873239436619718,284,1.0,SRC_MUNICIPAL_PRORRATEADA,SECCION,COMPLETO
1201,19,NUEVO LEON,SANTA CATARINA,,18,2083,566,216,0.38162544169611307,0.6183745583038869,MC,79,0.36574074074074076,28,0.12962962962962962,PRI,51,0.2361111111111111,22,0.10185185185185185,PAN,29,0.13425925925925927,MC,79,0.36574074074074076,28,0.12962962962962962,PRI,51,0.2361111111111111,22,0.10185185185185185,PAN,29,0.13425925925925927,29,0.13425925925925927,51,0.2361111111111111,2,0.009259259259259259,4,0.018518518518518517,5,0.023148148148148147,79,0.36574074074074076,29,0.13425925925925927,1,0.004629629629629629,0,0.0,1,0.004629629629629629,3,0.013888888888888888,0,0.0,2,0.009259259259259259,0,0.0,1,0.004629629629629629,0,0.0,0,0.0,0,0.0,3,0.013888888888888888,0,0.0,0,0.0,0,0.0,0,0.0,1,0.004629629629629629,5,0.023148148148148147,216,1.0,SRC_MUNICIPAL_PRORRATEADA,SECCION,COMPLETO
1202,19,NUEVO LEON,SANTA CATARINA,,19,0,109700,41835,0.38135824977210575,0.6186417502278942,MC,18451,0.44104218955420105,9275,0.22170431456914066,PAN,9176,0.21933787498506035,1980,0.04732879168160631,PRI,7196,0.17200908330345405,MC,18451,0.44104218955420105,9275,0.22170431456914066,PAN,9176,0.21933787498506035,1980,0.04732879168160631,PRI,7196,0.17200908330345405,9176,0.21933787498506035,7196,0.17200908330345405,135,0.0032269630692004303,352,0.008414007410063344,280,0.006692960439823115,18451,0.44104218955420105,4209,0.10060953746862675,216,0.005163140910720688,122,0.0029162184773515,180,0.004302617425600574,389,0.009298434325325684,90,0.002151308712800287,71,0.001697143540098004,38,0.0009083303454045656,9,0.00021513087128002868,28,0.0006692960439823115,27,0.000645392613840086,13,0.00031074459184893033,35,0.0008366200549778894,5,0.00011951715071112705,47,0.0011234612166845942,9,0.00021513087128002868,32,0.0007649097645512131,14,0.00033464802199115575,711,0.016995338831122267,41835,1.0,SRC_MUNICIPAL_PRORRATEADA,SECCION,COMPLETO
1203,19,NUEVO LEON,SANTA CATARINA,,19,1999,1762,672,0.3813847900113507,0.6186152099886493,MC,330,0.49107142857142855,202,0.3005952380952381,PAN,128,0.19047619047619047,19,0.028273809523809524,PRI,109,0.16220238095238096,MC,330,0.49107142857142855,202,0.3005952380952381,PAN,128,0.19047619047619047,19,0.028273809523809524,PRI,109,0.16220238095238096,128,0.19047619047619047,109,0.16220238095238096,0,0.0,5,0.00744047619047619,2,0.002976190476190476,330,0.49107142857142855,68,0.10119047619047619,2,0.002976190476190476,1,0.001488095238095238,5,0.00744047619047619,4,0.005952380952380952,0,0.0,0,0.0,0,0.0,0,0.0,0,0.0,1,0.001488095238095238,0,0.0,0,0.0,0,0.0,2,0.002976190476190476,0,0.0,0,0.0,2,0.002976190476190476,13,0.019345238095238096,672,1.0,SRC_MUNICIPAL_PRORRATEADA,SECCION,COMPLETO
1204,19,NUEVO LEON,SANTA CATARINA,,19,2000,2155,822,0.3814385150812065,0.6185614849187935,MC,376,0.45742092457420924,211,0.25669099756691,PRI,165,0.20072992700729927,11,0.01338199513381995,PAN,154,0.1873479318734793,MC,376,0.45742092457420924,211,0.25669099756691,PRI,165,0.20072992700729927,11,0.01338199513381995,PAN,154,0.1873479318734793,154,0.1873479318734793,165,0.20072992700729927,5,0.006082725060827251,9,0.010948905109489052,7,0.00851581508515815,376,0.45742092457420924,77,0.09367396593673966,3,0.0036496350364963502,2,0.0024330900243309003,3,0.0036496350364963502,3,0.0036496350364963502,2,0.0024330900243309003,1,0.0012165450121654502,1,0.0012165450121654502,0,0.0,0,0.0,0,0.0,0,0.0,0,0.0,0,0.0,0,0.0,0,0.0,0,0.0,0,0.0,14,0.0170316301703163,822,1.0,SRC_MUNICIPAL_PRORRATEADA,SECCION,COMPLETO
1205,19,NUEVO LEON,SANTA CATARINA,,19,2001,1652,630,0.3813559322033898,0.6186440677966102,MC,222,0.3523809523809524,84,0.13333333333333333,PAN,138,0.21904761904761905,22,0.03492063492063492,PRI,116,0.18412698412698414,MC,222,0.3523809523809524,84,0.13333333333333333,PAN,138,0.21904761904761905,22,0.03492063492063492,PRI,116,0.18412698412698414,138,0.21904761904761905,116,0.18412698412698414,4,0.006349206349206349,7,0.011111111111111112,8,0.012698412698412698,222,0.3523809523809524,91,0.14444444444444443,1,0.0015873015873015873,3,0.004761904761904762,5,0.007936507936507936,4,0.006349206349206349,3,0.004761904761904762,2,0.0031746031746031746,0,0.0,0,0.0,1,0.0015873015873015873,0,0.0,2,0.0031746031746031746,0,0.0,0,0.0,2,0.0031746031746031746,0,0.0,0,0.0,0,0.0,21,0.03333333333333333,630,1.0,SRC_MUNICIPAL_PRORRATEADA,SECCION,COMPLETO
1206,19,NUEVO LEON,SANTA CATARINA,,19,2002,2564,978,0.38143525741029644,0.6185647425897036,MC,477,0.48773006134969327,247,0.25255623721881393,PAN,230,0.23517382413087934,60,0.06134969325153374,PRI,170,0.1738241308793456,MC,477,0.48773006134969327,247,0.25255623721881393,PAN,230,0.23517382413087934,60,0.06134969325153374,PRI,170,0.1738241308793456,230,0.23517382413087934,170,0.1738241308793456,2,0.002044989775051125,5,0.005112474437627812,1,0.0010224948875255625,477,0.48773006134969327,63,0.06441717791411043,3,0.003067484662576687,4,0.00408997955010225,3,0.003067484662576687,4,0.00408997955010225,2,0.002044989775051125,1,0.0010224948875255625,0,0.0,0,0.0,0,0.0,0,0.0,0,0.0,0,0.0,0,0.0,0,0.0,0,0.0,0,0.0,2,0.002044989775051125,11,0.011247443762781187,978,1.0,SRC_MUNICIPAL_PRORRATEADA,SECCION,COMPLETO
1207,19,NUEVO LEON,SANTA CATARINA,,19,2021,810,309,0.3814814814814815,0.6185185185185185,MC,110,0.3559870550161812,42,0.13592233009708737,PAN,68,0.22006472491909385,4,0.012944983818770227,PRI,64,0.20711974110032363,MC,110,0.3559870550161812,42,0.13592233009708737,PAN,68,0.22006472491909385,4,0.012944983818770227,PRI,64,0.20711974110032363,68,0.22006472491909385,64,0.20711974110032363,0,0.0,7,0.022653721682847898,2,0.006472491909385114,110,0.3559870550161812,46,0.1488673139158576,2,0.006472491909385114,1,0.003236245954692557,3,0.009708737864077669,2,0.006472491909385114,0,0.0,1,0.003236245954692557,0,0.0,0,0.0,0,0.0,0,0.0,0,0.0,0,0.0,0,0.0,0,0.0,0,0.0,0,0.0,0,0.0,3,0.009708737864077669,309,1.0,SRC_MUNICIPAL_PRORRATEADA,SECCION,COMPLETO
1208,19,NUEVO LEON,SANTA CATARINA,,19,2023,1426,544,0.3814866760168303,0.6185133239831697,MC,194,0.35661764705882354,57,0.10477941176470588,PAN,137,0.25183823529411764,12,0.022058823529411766,PRI,125,0.22977941176470587,MC,194,0.35661764705882354,57,0.10477941176470588,PAN,137,0.25183823529411764,12,0.022058823529411766,PRI,125,0.22977941176470587,137,0.25183823529411764,125,0.22977941176470587,0,0.0,1,0.001838235294117647,2,0.003676470588235294,194,0.35661764705882354,44,0.08088235294117647,4,0.007352941176470588,3,0.0055147058823529415,8,0.014705882352941176,10,0.01838235294117647,2,0.003676470588235294,0,0.0,1,0.001838235294117647,0,0.0,0,0.0,0,0.0,0,0.0,2,0.003676470588235294,0,0.0,2,0.003676470588235294,1,0.001838235294117647,0,0.0,0,0.0,8,0.014705882352941176,544,1.0,SRC_MUNICIPAL_PRORRATEADA,SECCION,COMPLETO
1209,19,NUEVO LEON,SANTA CATARINA,,19,2027,787,300,0.3811944091486658,0.6188055908513341,MC,142,0.47333333333333333,72,0.24,PAN,70,0.23333333333333334,31,0.10333333333333333,PRI,39,0.13,MC,142,0.47333333333333333,72,0.24,PAN,70,0.23333333333333334,31,0.10333333333333333,PRI,39,0.13,70,0.23333333333333334,39,0.13,1,0.0033333333333333335,2,0.006666666666666667,4,0.013333333333333334,142,0.47333333333333333,30,0.1,1,0.0033333333333333335,0,0.0,2,0.006666666666666667,2,0.006666666666666667,0,0.0,0,0.0,0,0.0,0,0.0,0,0.0,0,0.0,0,0.0,0,0.0,0,0.0,0,0.0,0,0.0,0,0.0,0,0.0,7,0.023333333333333334,300,1.0,SRC_MUNICIPAL_PRORRATEADA,SECCION,COMPLETO
1210,19,NUEVO LEON,SANTA CATARINA,,19,2028,1395,532,0.3813620071684588,0.6186379928315412,MC,231,0.4342105263157895,109,0.20488721804511278,PAN,122,0.22932330827067668,43,0.08082706766917293,PRI,79,0.14849624060150377,MC,231,0.4342105263157895,109,0.20488721804511278,PAN,122,0.22932330827067668,43,0.08082706766917293,PRI,79,0.14849624060150377,122,0.22932330827067668,79,0.14849624060150377,4,0.007518796992481203,7,0.013157894736842105,5,0.009398496240601503,231,0.4342105263157895,55,0.10338345864661654,3,0.005639097744360902,0,0.0,4,0.007518796992481203,4,0.007518796992481203,0,0.0,0,0.0,0,0.0,0,0.0,0,0.0,0,0.0,0,0.0,0,0.0,0,0.0,1,0.0018796992481203006,0,0.0,0,0.0,1,0.0018796992481203006,16,0.03007518796992481,532,1.0,SRC_MUNICIPAL_PRORRATEADA,SECCION,COMPLETO
1211,19,NUEVO LEON,SANTA CATARINA,,19,2030,1012,386,0.3814229249011858,0.6185770750988142,MC,124,0.32124352331606215,4,0.010362694300518135,PAN,120,0.31088082901554404,60,0.15544041450777202,MORENA,60,0.15544041450777202,MC,124,0.32124352331606215,4,0.010362694300518135,PAN,120,0.31088082901554404,60,0.15544041450777202,MORENA,60,0.15544041450777202,120,0.31088082901554404,58,0.15025906735751296,1,0.0025906735751295338,10,0.025906735751295335,2,0.0051813471502590676,124,0.32124352331606215,60,0.15544041450777202,0,0.0,0,0.0,0,0.0,1,0.0025906735751295338,0,0.0,1,0.0025906735751295338,0,0.0,0,0.0,0,0.0,0,0.0,0,0.0,2,0.0051813471502590676,0,0.0,1,0.0025906735751295338,0,0.0,0,0.0,0,0.0,6,0.015544041450777202,386,1.0,SRC_MUNICIPAL_PRORRATEADA,SECCION,COMPLETO
1212,19,NUEVO LEON,SANTA CATARINA,,19,2031,1471,561,0.3813732154996601,0.6186267845003399,MC,237,0.42245989304812837,92,0.16399286987522282,PAN,145,0.25846702317290554,70,0.12477718360071301,MORENA,75,0.13368983957219252,MC,237,0.42245989304812837,92,0.16399286987522282,PAN,145,0.25846702317290554,70,0.12477718360071301,MORENA,75,0.13368983957219252,145,0.25846702317290554,72,0.12834224598930483,0,0.0,5,0.008912655971479501,3,0.0053475935828877,237,0.42245989304812837,75,0.13368983957219252,3,0.0053475935828877,0,0.0,1,0.0017825311942959,3,0.0053475935828877,0,0.0,0,0.0,0,0.0,0,0.0,0,0.0,0,0.0,0,0.0,1,0.0017825311942959,0,0.0,0,0.0,0,0.0,0,0.0,0,0.0,16,0.0285204991087344,561,1.0,SRC_MUNICIPAL_PRORRATEADA,SECCION,COMPLETO
1213,19,NUEVO LEON,SANTA CATARINA,,19,2032,572,218,0.3811188811188811,0.618881118881119,MC,88,0.4036697247706422,39,0.17889908256880735,PAN,49,0.22477064220183487,15,0.06880733944954129,PRI,34,0.1559633027522936,MC,88,0.4036697247706422,39,0.17889908256880735,PAN,49,0.22477064220183487,15,0.06880733944954129,PRI,34,0.1559633027522936,49,0.22477064220183487,34,0.1559633027522936,0,0.0,3,0.013761467889908258,5,0.022935779816513763,88,0.4036697247706422,28,0.12844036697247707,3,0.013761467889908258,2,0.009174311926605505,1,0.0045871559633027525,0,0.0,0,0.0,0,0.0,0,0.0,0,0.0,0,0.0,0,0.0,0,0.0,0,0.0,0,0.0,0,0.0,0,0.0,0,0.0,0,0.0,5,0.022935779816513763,218,1.0,SRC_MUNICIPAL_PRORRATEADA,SECCION,COMPLETO
1214,19,NUEVO LEON,SANTA CATARINA,,19,2033,0,0,0.0,0.0,PAN,0,0.0,0,0.0,PRI,0,0.0,0,0.0,PRD,0,0.0,PAN,0,0.0,0,0.0,PRI,0,0.0,0,0.0,PRD,0,0.0,0,0.0,0,0.0,0,0.0,0,0.0,0,0.0,0,0.0,0,0.0,0,0.0,0,0.0,0,0.0,0,0.0,0,0.0,0,0.0,0,0.0,0,0.0,0,0.0,0,0.0,0,0.0,0,0.0,0,0.0,0,0.0,0,0.0,0,0.0,0,0.0,0,0.0,0,0.0,SRC_MUNICIPAL_PRORRATEADA,SECCION,COMPLETO
1215,19,NUEVO LEON,SANTA CATARINA,,19,2034,666,254,0.3813813813813814,0.6186186186186187,MC,99,0.38976377952755903,49,0.19291338582677164,PRI,50,0.1968503937007874,1,0.003937007874015748,PAN,49,0.19291338582677164,MC,99,0.38976377952755903,49,0.19291338582677164,PRI,50,0.1968503937007874,1,0.003937007874015748,PAN,49,0.19291338582677164,49,0.19291338582677164,50,0.1968503937007874,1,0.003937007874015748,7,0.027559055118110236,1,0.003937007874015748,99,0.38976377952755903,28,0.11023622047244094,2,0.007874015748031496,0,0.0,0,0.0,2,0.007874015748031496,2,0.007874015748031496,0,0.0,1,0.003937007874015748,0,0.0,0,0.0,0,0.0,0,0.0,1,0.003937007874015748,0,0.0,0,0.0,0,0.0,0,0.0,0,0.0,11,0.04330708661417323,254,1.0,SRC_MUNICIPAL_PRORRATEADA,SECCION,COMPLETO
1216,19,NUEVO LEON,SANTA CATARINA,,19,2035,1096,418,0.3813868613138686,0.6186131386861313,MC,157,0.37559808612440193,61,0.145933014354067,PRI,96,0.22966507177033493,21,0.050239234449760764,PAN,75,0.17942583732057416,MC,157,0.37559808612440193,61,0.145933014354067,PRI,96,0.22966507177033493,21,0.050239234449760764,PAN,75,0.17942583732057416,75,0.17942583732057416,96,0.22966507177033493,4,0.009569377990430622,6,0.014354066985645933,1,0.0023923444976076554,157,0.37559808612440193,54,0.1291866028708134,2,0.004784688995215311,2,0.004784688995215311,0,0.0,4,0.009569377990430622,0,0.0,0,0.0,0,0.0,0,0.0,1,0.0023923444976076554,0,0.0,0,0.0,2,0.004784688995215311,0,0.0,0,0.0,0,0.0,0,0.0,0,0.0,14,0.03349282296650718,418,1.0,SRC_MUNICIPAL_PRORRATEADA,SECCION,COMPLETO
1217,19,NUEVO LEON,SANTA CATARINA,,19,2036,1851,706,0.38141545110750946,0.6185845488924906,MC,267,0.3781869688385269,107,0.15155807365439095,PAN,160,0.22662889518413598,12,0.0169971671388102,PRI,148,0.2096317280453258,MC,267,0.3781869688385269,107,0.15155807365439095,PAN,160,0.22662889518413598,12,0.0169971671388102,PRI,148,0.2096317280453258,160,0.22662889518413598,148,0.2096317280453258,2,0.0028328611898017,4,0.0056657223796034,7,0.009915014164305949,267,0.3781869688385269,68,0.09631728045325778,3,0.00424929178470255,1,0.00141643059490085,3,0.00424929178470255,19,0.026912181303116147,0,0.0,0,0.0,0,0.0,0,0.0,0,0.0,0,0.0,0,0.0,0,0.0,0,0.0,2,0.0028328611898017,0,0.0,0,0.0,0,0.0,22,0.031161473087818695,706,1.0,SRC_MUNICIPAL_PRORRATEADA,SECCION,COMPLETO
1218,19,NUEVO LEON,SANTA CATARINA,,19,2037,1668,636,0.381294964028777,0.618705035971223,MC,248,0.389937106918239,115,0.18081761006289307,PRI,133,0.20911949685534592,1,0.0015723270440251573,PAN,132,0.20754716981132076,MC,248,0.389937106918239,115,0.18081761006289307,PRI,133,0.20911949685534592,1,0.0015723270440251573,PAN,132,0.20754716981132076,132,0.20754716981132076,133,0.20911949685534592,2,0.0031446540880503146,2,0.0031446540880503146,9,0.014150943396226415,248,0.389937106918239,73,0.11477987421383648,5,0.007861635220125786,2,0.0031446540880503146,3,0.0047169811320754715,11,0.01729559748427673,0,0.0,0,0.0,1,0.0015723270440251573,0,0.0,0,0.0,0,0.0,0,0.0,0,0.0,0,0.0,0,0.0,0,0.0,1,0.0015723270440251573,0,0.0,14,0.0220125786163522,636,1.0,SRC_MUNICIPAL_PRORRATEADA,SECCION,COMPLETO
1219,19,NUEVO LEON,SANTA CATARINA,,19,2038,524,200,0.3816793893129771,0.6183206106870229,MC,62,0.31,10,0.05,PRI,52,0.26,20,0.1,PAN,32,0.16,MC,62,0.31,10,0.05,PRI,52,0.26,20,0.1,PAN,32,0.16,32,0.16,52,0.26,2,0.01,3,0.015,3,0.015,62,0.31,30,0.15,3,0.015,1,0.005,1,0.005,2,0.01,0,0.0,0,0.0,0,0.0,0,0.0,0,0.0,0,0.0,0,0.0,0,0.0,0,0.0,0,0.0,0,0.0,0,0.0,0,0.0,9,0.045,200,1.0,SRC_MUNICIPAL_PRORRATEADA,SECCION,COMPLETO
1220,19,NUEVO LEON,SANTA CATARINA,,19,2039,3089,1178,0.3813531887342182,0.6186468112657818,MC,481,0.4083191850594228,190,0.16129032258064516,PAN,291,0.2470288624787776,112,0.09507640067911714,PRI,179,0.15195246179966043,MC,481,0.4083191850594228,190,0.16129032258064516,PAN,291,0.2470288624787776,112,0.09507640067911714,PRI,179,0.15195246179966043,291,0.2470288624787776,179,0.15195246179966043,4,0.003395585738539898,9,0.007640067911714771,18,0.015280135823429542,481,0.4083191850594228,134,0.11375212224108659,8,0.006791171477079796,3,0.0025466893039049238,8,0.006791171477079796,9,0.007640067911714771,1,0.0008488964346349745,3,0.0025466893039049238,0,0.0,0,0.0,1,0.0008488964346349745,0,0.0,0,0.0,3,0.0025466893039049238,1,0.0008488964346349745,0,0.0,0,0.0,1,0.0008488964346349745,0,0.0,24,0.02037351443123939,1178,1.0,SRC_MUNICIPAL_PRORRATEADA,SECCION,COMPLETO
1221,19,NUEVO LEON,SANTA CATARINA,,19,2041,2127,811,0.381288199341796,0.618711800658204,MC,355,0.43773119605425403,168,0.20715166461159062,PAN,187,0.23057953144266338,30,0.036991368680641186,PRI,157,0.1935881627620222,MC,355,0.43773119605425403,168,0.20715166461159062,PAN,187,0.23057953144266338,30,0.036991368680641186,PRI,157,0.1935881627620222,187,0.23057953144266338,157,0.1935881627620222,4,0.004932182490752158,6,0.007398273736128237,5,0.006165228113440197,355,0.43773119605425403,66,0.08138101109741061,2,0.002466091245376079,4,0.004932182490752158,2,0.002466091245376079,8,0.009864364981504316,4,0.004932182490752158,2,0.002466091245376079,1,0.0012330456226880395,0,0.0,0,0.0,0,0.0,0,0.0,0,0.0,0,0.0,0,0.0,0,0.0,0,0.0,0,0.0,8,0.009864364981504316,811,1.0,SRC_MUNICIPAL_PRORRATEADA,SECCION,COMPLETO
1222,19,NUEVO LEON,SANTA CATARINA,,19,2042,2441,931,0.3814010651372388,0.6185989348627612,MC,440,0.47261009667024706,180,0.1933404940923738,PRI,260,0.27926960257787325,106,0.11385606874328678,PAN,154,0.16541353383458646,MC,440,0.47261009667024706,180,0.1933404940923738,PRI,260,0.27926960257787325,106,0.11385606874328678,PAN,154,0.16541353383458646,154,0.16541353383458646,260,0.27926960257787325,3,0.00322234156820623,6,0.00644468313641246,1,0.0010741138560687433,440,0.47261009667024706,51,0.05477980665950591,2,0.0021482277121374865,1,0.0010741138560687433,1,0.0010741138560687433,3,0.00322234156820623,2,0.0021482277121374865,0,0.0,0,0.0,0,0.0,0,0.0,0,0.0,0,0.0,0,0.0,0,0.0,0,0.0,0,0.0,0,0.0,0,0.0,7,0.007518796992481203,931,1.0,SRC_MUNICIPAL_PRORRATEADA,SECCION,COMPLETO
1223,19,NUEVO LEON,SANTA CATARINA,,19,2043,674,257,0.38130563798219586,0.6186943620178041,MC,107,0.4163424124513619,29,0.11284046692607004,PAN,78,0.3035019455252918,41,0.15953307392996108,PRI,37,0.14396887159533073,MC,107,0.4163424124513619,29,0.11284046692607004,PAN,78,0.3035019455252918,41,0.15953307392996108,PRI,37,0.14396887159533073,78,0.3035019455252918,37,0.14396887159533073,0,0.0,6,0.023346303501945526,1,0.0038910505836575876,107,0.4163424124513619,26,0.10116731517509728,0,0.0,0,0.0,2,0.007782101167315175,0,0.0,0,0.0,0,0.0,0,0.0,0,0.0,0,0.0,0,0.0,0,0.0,0,0.0,0,0.0,0,0.0,0,0.0,0,0.0,0,0.0,0,0.0,257,1.0,SRC_MUNICIPAL_PRORRATEADA,SECCION,COMPLETO
1224,19,NUEVO LEON,SANTA CATARINA,,19,2045,5244,2000,0.38138825324180015,0.6186117467581999,MC,878,0.439,422,0.211,PAN,456,0.228,101,0.0505,PRI,355,0.1775,MC,878,0.439,422,0.211,PAN,456,0.228,101,0.0505,PRI,355,0.1775,456,0.228,355,0.1775,3,0.0015,20,0.01,17,0.0085,878,0.439,199,0.0995,14,0.007,7,0.0035,10,0.005,20,0.01,1,0.0005,1,0.0005,1,0.0005,0,0.0,1,0.0005,0,0.0,0,0.0,0,0.0,0,0.0,0,0.0,0,0.0,0,0.0,0,0.0,17,0.0085,2000,1.0,SRC_MUNICIPAL_PRORRATEADA,SECCION,COMPLETO
1225,19,NUEVO LEON,SANTA CATARINA,,19,2046,2158,823,0.381371640407785,0.6186283595922151,MC,329,0.3997569866342649,157,0.19076549210206561,PRI,172,0.20899149453219928,22,0.026731470230862697,PAN,150,0.1822600243013366,MC,329,0.3997569866342649,157,0.19076549210206561,PRI,172,0.20899149453219928,22,0.026731470230862697,PAN,150,0.1822600243013366,150,0.1822600243013366,172,0.20899149453219928,2,0.002430133657351154,6,0.007290400972053463,9,0.010935601458080195,329,0.3997569866342649,93,0.11300121506682867,5,0.006075334143377886,3,0.0036452004860267314,3,0.0036452004860267314,14,0.01701093560145808,2,0.002430133657351154,0,0.0,0,0.0,0,0.0,0,0.0,0,0.0,0,0.0,0,0.0,1,0.001215066828675577,0,0.0,0,0.0,0,0.0,0,0.0,34,0.041312272174969626,823,1.0,SRC_MUNICIPAL_PRORRATEADA,SECCION,COMPLETO
1226,19,NUEVO LEON,SANTA CATARINA,,19,2047,5882,2243,0.38133287997279836,0.6186671200272016,MC,1034,0.46098974587605884,535,0.23851983950066874,PAN,499,0.2224699063753901,178,0.07935800267498885,PRI,321,0.14311190370040125,MC,1034,0.46098974587605884,535,0.23851983950066874,PAN,499,0.2224699063753901,178,0.07935800267498885,PRI,321,0.14311190370040125,499,0.2224699063753901,321,0.14311190370040125,9,0.004012483281319661,25,0.011145786892554615,14,0.006241640659830584,1034,0.46098974587605884,227,0.1012037449843959,12,0.005349977708426215,12,0.005349977708426215,27,0.012037449843958983,13,0.0057958091841284,1,0.00044583147570218456,1,0.00044583147570218456,1,0.00044583147570218456,0,0.0,1,0.00044583147570218456,0,0.0,0,0.0,0,0.0,0,0.0,1,0.00044583147570218456,1,0.00044583147570218456,0,0.0,0,0.0,44,0.01961658493089612,2243,1.0,SRC_MUNICIPAL_PRORRATEADA,SECCION,COMPLETO
1227,19,NUEVO LEON,SANTA CATARINA,,19,2048,2714,1035,0.3813559322033898,0.6186440677966102,MC,460,0.4444444444444444,216,0.20869565217391303,PAN,244,0.2357487922705314,99,0.09565217391304348,PRI,145,0.14009661835748793,MC,460,0.4444444444444444,216,0.20869565217391303,PAN,244,0.2357487922705314,99,0.09565217391304348,PRI,145,0.14009661835748793,244,0.2357487922705314,145,0.14009661835748793,4,0.003864734299516908,15,0.014492753623188406,11,0.010628019323671498,460,0.4444444444444444,101,0.09758454106280193,5,0.004830917874396135,6,0.005797101449275362,5,0.004830917874396135,7,0.00676328502415459,2,0.001932367149758454,3,0.002898550724637681,0,0.0,0,0.0,0,0.0,0,0.0,1,0.000966183574879227,1,0.000966183574879227,0,0.0,1,0.000966183574879227,0,0.0,0,0.0,0,0.0,24,0.02318840579710145,1035,1.0,SRC_MUNICIPAL_PRORRATEADA,SECCION,COMPLETO
1228,19,NUEVO LEON,SANTA CATARINA,,19,2049,2512,958,0.38136942675159236,0.6186305732484076,MC,423,0.44154488517745305,208,0.21711899791231734,PAN,215,0.2244258872651357,45,0.04697286012526096,PRI,170,0.17745302713987474,MC,423,0.44154488517745305,208,0.21711899791231734,PAN,215,0.2244258872651357,45,0.04697286012526096,PRI,170,0.17745302713987474,215,0.2244258872651357,170,0.17745302713987474,4,0.0041753653444676405,7,0.007306889352818371,3,0.003131524008350731,423,0.44154488517745305,95,0.09916492693110647,4,0.0041753653444676405,5,0.005219206680584551,4,0.0041753653444676405,12,0.012526096033402923,2,0.0020876826722338203,0,0.0,0,0.0,0,0.0,0,0.0,0,0.0,0,0.0,0,0.0,0,0.0,0,0.0,0,0.0,0,0.0,1,0.0010438413361169101,13,0.013569937369519834,958,1.0,SRC_MUNICIPAL_PRORRATEADA,SECCION,COMPLETO
1229,19,NUEVO LEON,SANTA CATARINA,,19,2050,677,258,0.3810930576070901,0.6189069423929099,MC,95,0.3682170542635659,31,0.12015503875968993,PRI,64,0.24806201550387597,5,0.01937984496124031,PAN,59,0.22868217054263565,MC,95,0.3682170542635659,31,0.12015503875968993,PRI,64,0.24806201550387597,5,0.01937984496124031,PAN,59,0.22868217054263565,59,0.22868217054263565,64,0.24806201550387597,0,0.0,2,0.007751937984496124,2,0.007751937984496124,95,0.3682170542635659,17,0.06589147286821706,2,0.007751937984496124,0,0.0,2,0.007751937984496124,3,0.011627906976744186,0,0.0,0,0.0,0,0.0,0,0.0,0,0.0,0,0.0,0,0.0,0,0.0,0,0.0,0,0.0,0,0.0,0,0.0,0,0.0,12,0.046511627906976744,258,1.0,SRC_MUNICIPAL_PRORRATEADA,SECCION,COMPLETO
1230,19,NUEVO LEON,SANTA CATARINA,,19,2051,1196,456,0.38127090301003347,0.6187290969899666,MC,183,0.40131578947368424,92,0.20175438596491227,PAN,91,0.19956140350877194,11,0.02412280701754386,PRI,80,0.17543859649122806,MC,183,0.40131578947368424,92,0.20175438596491227,PAN,91,0.19956140350877194,11,0.02412280701754386,PRI,80,0.17543859649122806,91,0.19956140350877194,80,0.17543859649122806,6,0.013157894736842105,4,0.008771929824561403,9,0.019736842105263157,183,0.40131578947368424,56,0.12280701754385964,2,0.0043859649122807015,2,0.0043859649122807015,1,0.0021929824561403508,3,0.006578947368421052,1,0.0021929824561403508,0,0.0,2,0.0043859649122807015,0,0.0,0,0.0,0,0.0,0,0.0,0,0.0,0,0.0,0,0.0,0,0.0,0,0.0,0,0.0,16,0.03508771929824561,456,1.0,SRC_MUNICIPAL_PRORRATEADA,SECCION,COMPLETO
1231,19,NUEVO LEON,SANTA CATARINA,,19,2052,1883,718,0.3813064259160913,0.6186935740839087,MC,260,0.362116991643454,119,0.16573816155988857,MORENA,141,0.19637883008356546,7,0.009749303621169917,PRI,134,0.18662952646239556,MC,260,0.362116991643454,119,0.16573816155988857,MORENA,141,0.19637883008356546,7,0.009749303621169917,PRI,134,0.18662952646239556,124,0.17270194986072424,134,0.18662952646239556,2,0.002785515320334262,8,0.011142061281337047,5,0.006963788300835654,260,0.362116991643454,141,0.19637883008356546,6,0.008356545961002786,4,0.005571030640668524,7,0.009749303621169917,5,0.006963788300835654,1,0.001392757660167131,0,0.0,0,0.0,0,0.0,0,0.0,0,0.0,0,0.0,0,0.0,0,0.0,1,0.001392757660167131,1,0.001392757660167131,0,0.0,0,0.0,19,0.026462395543175487,718,1.0,SRC_MUNICIPAL_PRORRATEADA,SECCION,COMPLETO
1232,19,NUEVO LEON,SANTA CATARINA,,19,2053,6521,2487,0.38138322343198894,0.6186167765680111,MC,1103,0.4435062324085243,540,0.21712907117008443,PAN,563,0.2263771612384399,81,0.032569360675512665,PRI,482,0.19380780056292723,MC,1103,0.4435062324085243,540,0.21712907117008443,PAN,563,0.2263771612384399,81,0.032569360675512665,PRI,482,0.19380780056292723,563,0.2263771612384399,482,0.19380780056292723,8,0.003216726980297547,14,0.0056292722155207075,6,0.0024125452352231603,1103,0.4435062324085243,225,0.09047044632086852,6,0.0024125452352231603,3,0.0012062726176115801,7,0.0028146361077603537,25,0.010052271813429835,1,0.0004020908725371934,1,0.0004020908725371934,2,0.0008041817450743868,0,0.0,0,0.0,1,0.0004020908725371934,0,0.0,0,0.0,0,0.0,1,0.0004020908725371934,0,0.0,1,0.0004020908725371934,0,0.0,38,0.01527945315641335,2487,1.0,SRC_MUNICIPAL_PRORRATEADA,SECCION,COMPLETO
1233,19,NUEVO LEON,SANTA CATARINA,,19,2054,1620,618,0.3814814814814815,0.6185185185185185,MC,221,0.35760517799352753,75,0.12135922330097088,PRI,146,0.23624595469255663,12,0.019417475728155338,PAN,134,0.2168284789644013,MC,221,0.35760517799352753,75,0.12135922330097088,PRI,146,0.23624595469255663,12,0.019417475728155338,PAN,134,0.2168284789644013,134,0.2168284789644013,146,0.23624595469255663,2,0.003236245954692557,4,0.006472491909385114,3,0.0048543689320388345,221,0.35760517799352753,79,0.127831715210356,3,0.0048543689320388345,0,0.0,3,0.0048543689320388345,2,0.003236245954692557,0,0.0,1,0.0016181229773462784,1,0.0016181229773462784,0,0.0,0,0.0,0,0.0,0,0.0,1,0.0016181229773462784,0,0.0,3,0.0048543689320388345,0,0.0,3,0.0048543689320388345,0,0.0,12,0.019417475728155338,618,1.0,SRC_MUNICIPAL_PRORRATEADA,SECCION,COMPLETO
1234,19,NUEVO LEON,SANTA CATARINA,,19,2055,881,336,0.3813847900113507,0.6186152099886493,MC,143,0.4255952380952381,64,0.19047619047619047,PAN,79,0.23511904761904762,10,0.02976190476190476,PRI,69,0.20535714285714285,MC,143,0.4255952380952381,64,0.19047619047619047,PAN,79,0.23511904761904762,10,0.02976190476190476,PRI,69,0.20535714285714285,79,0.23511904761904762,69,0.20535714285714285,0,0.0,2,0.005952380952380952,2,0.005952380952380952,143,0.4255952380952381,31,0.09226190476190477,0,0.0,1,0.002976190476190476,1,0.002976190476190476,2,0.005952380952380952,0,0.0,0,0.0,0,0.0,0,0.0,0,0.0,0,0.0,0,0.0,0,0.0,0,0.0,0,0.0,0,0.0,0,0.0,0,0.0,6,0.017857142857142856,336,1.0,SRC_MUNICIPAL_PRORRATEADA,SECCION,COMPLETO
1235,19,NUEVO LEON,SANTA CATARINA,,19,2057,1117,426,0.38137869292748433,0.6186213070725157,MC,211,0.4953051643192488,109,0.25586854460093894,PRI,102,0.23943661971830985,32,0.07511737089201878,PAN,70,0.1643192488262911,MC,211,0.4953051643192488,109,0.25586854460093894,PRI,102,0.23943661971830985,32,0.07511737089201878,PAN,70,0.1643192488262911,70,0.1643192488262911,102,0.23943661971830985,2,0.004694835680751174,2,0.004694835680751174,4,0.009389671361502348,211,0.4953051643192488,23,0.0539906103286385,0,0.0,0,0.0,1,0.002347417840375587,0,0.0,2,0.004694835680751174,1,0.002347417840375587,0,0.0,0,0.0,0,0.0,0,0.0,1,0.002347417840375587,1,0.002347417840375587,0,0.0,1,0.002347417840375587,0,0.0,1,0.002347417840375587,0,0.0,4,0.009389671361502348,426,1.0,SRC_MUNICIPAL_PRORRATEADA,SECCION,COMPLETO
1236,19,NUEVO LEON,SANTA CATARINA,,19,2063,1552,592,0.38144329896907214,0.6185567010309279,MC,233,0.3935810810810811,97,0.16385135135135134,PAN,136,0.22972972972972974,12,0.02027027027027027,PRI,124,0.20945945945945946,MC,233,0.3935810810810811,97,0.16385135135135134,PAN,136,0.22972972972972974,12,0.02027027027027027,PRI,124,0.20945945945945946,136,0.22972972972972974,124,0.20945945945945946,2,0.0033783783783783786,5,0.008445945945945946,2,0.0033783783783783786,233,0.3935810810810811,57,0.09628378378378379,6,0.010135135135135136,4,0.006756756756756757,2,0.0033783783783783786,7,0.011824324324324325,1,0.0016891891891891893,2,0.0033783783783783786,0,0.0,0,0.0,0,0.0,0,0.0,0,0.0,0,0.0,0,0.0,0,0.0,0,0.0,1,0.0016891891891891893,1,0.0016891891891891893,9,0.015202702702702704,592,1.0,SRC_MUNICIPAL_PRORRATEADA,SECCION,COMPLETO
1237,19,NUEVO LEON,SANTA CATARINA,,19,2064,677,258,0.3810930576070901,0.6189069423929099,MC,107,0.41472868217054265,54,0.20930232558139536,PRI,53,0.2054263565891473,9,0.03488372093023256,PAN,44,0.17054263565891473,MC,107,0.41472868217054265,54,0.20930232558139536,PRI,53,0.2054263565891473,9,0.03488372093023256,PAN,44,0.17054263565891473,44,0.17054263565891473,53,0.2054263565891473,0,0.0,3,0.011627906976744186,0,0.0,107,0.41472868217054265,36,0.13953488372093023,1,0.003875968992248062,0,0.0,1,0.003875968992248062,2,0.007751937984496124,0,0.0,1,0.003875968992248062,1,0.003875968992248062,0,0.0,0,0.0,0,0.0,0,0.0,1,0.003875968992248062,0,0.0,1,0.003875968992248062,0,0.0,0,0.0,1,0.003875968992248062,6,0.023255813953488372,258,1.0,SRC_MUNICIPAL_PRORRATEADA,SECCION,COMPLETO
1238,19,NUEVO LEON,SANTA CATARINA,,19,2065,2680,1022,0.3813432835820896,0.6186567164179104,MC,419,0.40998043052837574,153,0.149706457925636,PAN,266,0.2602739726027397,89,0.08708414872798434,PRI,177,0.17318982387475537,MC,419,0.40998043052837574,153,0.149706457925636,PAN,266,0.2602739726027397,89,0.08708414872798434,PRI,177,0.17318982387475537,266,0.2602739726027397,177,0.17318982387475537,5,0.004892367906066536,16,0.015655577299412915,5,0.004892367906066536,419,0.40998043052837574,93,0.09099804305283757,6,0.005870841487279843,2,0.0019569471624266144,4,0.003913894324853229,4,0.003913894324853229,1,0.0009784735812133072,2,0.0019569471624266144,0,0.0,0,0.0,0,0.0,1,0.0009784735812133072,0,0.0,0,0.0,0,0.0,0,0.0,0,0.0,0,0.0,2,0.0019569471624266144,19,0.018590998043052837,1022,1.0,SRC_MUNICIPAL_PRORRATEADA,SECCION,COMPLETO
1239,19,NUEVO LEON,SANTA CATARINA,,19,2066,1694,646,0.38134592680047225,0.6186540731995278,MC,244,0.37770897832817335,77,0.11919504643962849,PAN,167,0.2585139318885449,32,0.04953560371517028,PRI,135,0.2089783281733746,MC,244,0.37770897832817335,77,0.11919504643962849,PAN,167,0.2585139318885449,32,0.04953560371517028,PRI,135,0.2089783281733746,167,0.2585139318885449,135,0.2089783281733746,2,0.0030959752321981426,5,0.007739938080495356,3,0.0046439628482972135,244,0.37770897832817335,59,0.0913312693498452,1,0.0015479876160990713,1,0.0015479876160990713,2,0.0030959752321981426,8,0.01238390092879257,1,0.0015479876160990713,1,0.0015479876160990713,0,0.0,0,0.0,0,0.0,0,0.0,0,0.0,1,0.0015479876160990713,0,0.0,2,0.0030959752321981426,0,0.0,0,0.0,0,0.0,14,0.021671826625386997,646,1.0,SRC_MUNICIPAL_PRORRATEADA,SECCION,COMPLETO
1240,19,NUEVO LEON,SANTA CATARINA,,19,2067,1057,403,0.3812677388836329,0.618732261116367,MC,173,0.4292803970223325,76,0.18858560794044665,PAN,97,0.24069478908188585,33,0.08188585607940446,PRI,64,0.1588089330024814,MC,173,0.4292803970223325,76,0.18858560794044665,PAN,97,0.24069478908188585,33,0.08188585607940446,PRI,64,0.1588089330024814,97,0.24069478908188585,64,0.1588089330024814,1,0.0024813895781637717,2,0.004962779156327543,4,0.009925558312655087,173,0.4292803970223325,45,0.11166253101736973,3,0.007444168734491315,0,0.0,6,0.01488833746898263,1,0.0024813895781637717,1,0.0024813895781637717,0,0.0,0,0.0,0,0.0,0,0.0,0,0.0,0,0.0,0,0.0,0,0.0,0,0.0,0,0.0,0,0.0,0,0.0,6,0.01488833746898263,403,1.0,SRC_MUNICIPAL_PRORRATEADA,SECCION,COMPLETO
1241,19,NUEVO LEON,SANTA CATARINA,,19,2068,2263,863,0.38135218736190896,0.618647812638091,MC,339,0.3928157589803013,134,0.1552723059096176,PAN,205,0.23754345307068367,24,0.027809965237543453,PRI,181,0.20973348783314022,MC,339,0.3928157589803013,134,0.1552723059096176,PAN,205,0.23754345307068367,24,0.027809965237543453,PRI,181,0.20973348783314022,205,0.23754345307068367,181,0.20973348783314022,2,0.002317497103128621,7,0.008111239860950173,4,0.004634994206257242,339,0.3928157589803013,97,0.11239860950173812,3,0.0034762456546929316,4,0.004634994206257242,0,0.0,4,0.004634994206257242,0,0.0,0,0.0,1,0.0011587485515643105,0,0.0,0,0.0,0,0.0,0,0.0,1,0.0011587485515643105,1,0.0011587485515643105,0,0.0,0,0.0,3,0.0034762456546929316,0,0.0,11,0.012746234067207415,863,1.0,SRC_MUNICIPAL_PRORRATEADA,SECCION,COMPLETO
1242,19,NUEVO LEON,SANTA CATARINA,,19,2069,2234,852,0.38137869292748433,0.6186213070725157,MC,341,0.40023474178403756,168,0.19718309859154928,PAN,173,0.20305164319248825,2,0.002347417840375587,PRI,171,0.2007042253521127,MC,341,0.40023474178403756,168,0.19718309859154928,PAN,173,0.20305164319248825,2,0.002347417840375587,PRI,171,0.2007042253521127,173,0.20305164319248825,171,0.2007042253521127,0,0.0,3,0.0035211267605633804,6,0.007042253521126761,341,0.40023474178403756,117,0.13732394366197184,4,0.004694835680751174,1,0.0011737089201877935,0,0.0,6,0.007042253521126761,0,0.0,0,0.0,0,0.0,0,0.0,0,0.0,0,0.0,0,0.0,0,0.0,1,0.0011737089201877935,1,0.0011737089201877935,0,0.0,1,0.0011737089201877935,0,0.0,27,0.03169014084507042,852,1.0,SRC_MUNICIPAL_PRORRATEADA,SECCION,COMPLETO
1243,19,NUEVO LEON,SANTA CATARINA,,19,2070,530,202,0.38113207547169814,0.6188679245283019,MC,74,0.36633663366336633,33,0.16336633663366337,PRI,41,0.20297029702970298,4,0.019801980198019802,PAN,37,0.18316831683168316,MC,74,0.36633663366336633,33,0.16336633663366337,PRI,41,0.20297029702970298,4,0.019801980198019802,PAN,37,0.18316831683168316,37,0.18316831683168316,41,0.20297029702970298,2,0.009900990099009901,5,0.024752475247524754,3,0.01485148514851485,74,0.36633663366336633,25,0.12376237623762376,2,0.009900990099009901,0,0.0,1,0.0049504950495049506,2,0.009900990099009901,0,0.0,0,0.0,0,0.0,0,0.0,0,0.0,0,0.0,0,0.0,0,0.0,0,0.0,0,0.0,0,0.0,0,0.0,0,0.0,10,0.04950495049504951,202,1.0,SRC_MUNICIPAL_PRORRATEADA,SECCION,COMPLETO
1244,19,NUEVO LEON,SANTA CATARINA,,19,2072,700,267,0.38142857142857145,0.6185714285714285,MC,111,0.4157303370786517,54,0.20224719101123595,PAN,57,0.21348314606741572,16,0.0599250936329588,PRI,41,0.15355805243445692,MC,111,0.4157303370786517,54,0.20224719101123595,PAN,57,0.21348314606741572,16,0.0599250936329588,PRI,41,0.15355805243445692,57,0.21348314606741572,41,0.15355805243445692,1,0.003745318352059925,5,0.018726591760299626,2,0.00749063670411985,111,0.4157303370786517,33,0.12359550561797752,1,0.003745318352059925,1,0.003745318352059925,0,0.0,3,0.011235955056179775,1,0.003745318352059925,1,0.003745318352059925,0,0.0,0,0.0,0,0.0,0,0.0,0,0.0,0,0.0,0,0.0,0,0.0,0,0.0,0,0.0,0,0.0,10,0.03745318352059925,267,1.0,SRC_MUNICIPAL_PRORRATEADA,SECCION,COMPLETO
1245,19,NUEVO LEON,SANTA CATARINA,,19,2073,3044,1161,0.38140604467805517,0.6185939553219448,MC,485,0.4177433247200689,227,0.19552110249784668,PAN,258,0.2222222222222222,5,0.004306632213608958,PRI,253,0.21791559000861327,MC,485,0.4177433247200689,227,0.19552110249784668,PAN,258,0.2222222222222222,5,0.004306632213608958,PRI,253,0.21791559000861327,258,0.2222222222222222,253,0.21791559000861327,2,0.0017226528854435831,8,0.0068906115417743325,6,0.00516795865633075,485,0.4177433247200689,96,0.082687338501292,2,0.0017226528854435831,5,0.004306632213608958,4,0.0034453057708871662,17,0.014642549526270457,5,0.004306632213608958,0,0.0,2,0.0017226528854435831,0,0.0,0,0.0,0,0.0,1,0.0008613264427217916,0,0.0,0,0.0,0,0.0,0,0.0,0,0.0,0,0.0,17,0.014642549526270457,1161,1.0,SRC_MUNICIPAL_PRORRATEADA,SECCION,COMPLETO
1246,19,NUEVO LEON,SANTA CATARINA,,19,2075,892,340,0.3811659192825112,0.6188340807174888,MC,138,0.40588235294117647,63,0.18529411764705883,PRI,75,0.22058823529411764,1,0.0029411764705882353,PAN,74,0.21764705882352942,MC,138,0.40588235294117647,63,0.18529411764705883,PRI,75,0.22058823529411764,1,0.0029411764705882353,PAN,74,0.21764705882352942,74,0.21764705882352942,75,0.22058823529411764,1,0.0029411764705882353,2,0.0058823529411764705,2,0.0058823529411764705,138,0.40588235294117647,37,0.10882352941176471,1,0.0029411764705882353,1,0.0029411764705882353,0,0.0,2,0.0058823529411764705,1,0.0029411764705882353,0,0.0,3,0.008823529411764706,0,0.0,0,0.0,0,0.0,0,0.0,0,0.0,1,0.0029411764705882353,0,0.0,0,0.0,0,0.0,0,0.0,2,0.0058823529411764705,340,1.0,SRC_MUNICIPAL_PRORRATEADA,SECCION,COMPLETO
1247,19,NUEVO LEON,SANTA CATARINA,,19,2077,1676,639,0.38126491646778043,0.6187350835322196,MC,277,0.433489827856025,156,0.24413145539906103,PAN,121,0.18935837245696402,3,0.004694835680751174,PRI,118,0.18466353677621283,MC,277,0.433489827856025,156,0.24413145539906103,PAN,121,0.18935837245696402,3,0.004694835680751174,PRI,118,0.18466353677621283,121,0.18935837245696402,118,0.18466353677621283,1,0.001564945226917058,6,0.009389671361502348,6,0.009389671361502348,277,0.433489827856025,80,0.12519561815336464,3,0.004694835680751174,2,0.003129890453834116,2,0.003129890453834116,4,0.006259780907668232,1,0.001564945226917058,2,0.003129890453834116,2,0.003129890453834116,1,0.001564945226917058,0,0.0,1,0.001564945226917058,1,0.001564945226917058,0,0.0,0,0.0,0,0.0,0,0.0,0,0.0,0,0.0,11,0.017214397496087636,639,1.0,SRC_MUNICIPAL_PRORRATEADA,SECCION,COMPLETO
1248,19,NUEVO LEON,SANTA CATARINA,,19,2078,913,348,0.38116100766703176,0.6188389923329682,MC,138,0.39655172413793105,54,0.15517241379310345,PAN,84,0.2413793103448276,34,0.09770114942528736,PRI,50,0.14367816091954022,MC,138,0.39655172413793105,54,0.15517241379310345,PAN,84,0.2413793103448276,34,0.09770114942528736,PRI,50,0.14367816091954022,84,0.2413793103448276,50,0.14367816091954022,0,0.0,3,0.008620689655172414,5,0.014367816091954023,138,0.39655172413793105,48,0.13793103448275862,1,0.0028735632183908046,0,0.0,3,0.008620689655172414,2,0.005747126436781609,0,0.0,3,0.008620689655172414,1,0.0028735632183908046,0,0.0,1,0.0028735632183908046,0,0.0,0,0.0,0,0.0,0,0.0,1,0.0028735632183908046,0,0.0,0,0.0,0,0.0,8,0.022988505747126436,348,1.0,SRC_MUNICIPAL_PRORRATEADA,SECCION,COMPLETO
1249,19,NUEVO LEON,SANTA CATARINA,,19,2079,1946,742,0.381294964028777,0.618705035971223,MC,370,0.49865229110512127,174,0.23450134770889489,PRI,196,0.2641509433962264,94,0.12668463611859837,PAN,102,0.13746630727762804,MC,370,0.49865229110512127,174,0.23450134770889489,PRI,196,0.2641509433962264,94,0.12668463611859837,PAN,102,0.13746630727762804,102,0.13746630727762804,196,0.2641509433962264,4,0.005390835579514825,3,0.004043126684636119,2,0.0026954177897574125,370,0.49865229110512127,41,0.05525606469002695,1,0.0013477088948787063,1,0.0013477088948787063,0,0.0,5,0.006738544474393531,3,0.004043126684636119,2,0.0026954177897574125,0,0.0,0,0.0,0,0.0,0,0.0,0,0.0,0,0.0,1,0.0013477088948787063,2,0.0026954177897574125,0,0.0,0,0.0,2,0.0026954177897574125,7,0.009433962264150943,742,1.0,SRC_MUNICIPAL_PRORRATEADA,SECCION,COMPLETO
1250,19,NUEVO LEON,SANTA CATARINA,,19,2080,1862,710,0.38131041890440387,0.6186895810955961,MC,287,0.4042253521126761,116,0.16338028169014085,PRI,171,0.24084507042253522,63,0.08873239436619719,PAN,108,0.15211267605633802,MC,287,0.4042253521126761,116,0.16338028169014085,PRI,171,0.24084507042253522,63,0.08873239436619719,PAN,108,0.15211267605633802,108,0.15211267605633802,171,0.24084507042253522,5,0.007042253521126761,11,0.015492957746478873,5,0.007042253521126761,287,0.4042253521126761,84,0.11830985915492957,3,0.004225352112676056,4,0.005633802816901409,5,0.007042253521126761,6,0.008450704225352112,2,0.0028169014084507044,2,0.0028169014084507044,1,0.0014084507042253522,0,0.0,0,0.0,0,0.0,0,0.0,1,0.0014084507042253522,0,0.0,1,0.0014084507042253522,1,0.0014084507042253522,1,0.0014084507042253522,0,0.0,12,0.016901408450704224,710,1.0,SRC_MUNICIPAL_PRORRATEADA,SECCION,COMPLETO
1251,19,NUEVO LEON,SANTA CATARINA,,19,2084,362,138,0.3812154696132597,0.6187845303867403,MC,50,0.36231884057971014,13,0.09420289855072464,PRI,37,0.26811594202898553,10,0.07246376811594203,PAN,27,0.1956521739130435,MC,50,0.36231884057971014,13,0.09420289855072464,PRI,37,0.26811594202898553,10,0.07246376811594203,PAN,27,0.1956521739130435,27,0.1956521739130435,37,0.26811594202898553,2,0.014492753623188406,2,0.014492753623188406,0,0.0,50,0.36231884057971014,13,0.09420289855072464,0,0.0,1,0.007246376811594203,0,0.0,1,0.007246376811594203,0,0.0,0,0.0,0,0.0,0,0.0,0,0.0,0,0.0,0,0.0,0,0.0,0,0.0,0,0.0,0,0.0,0,0.0,0,0.0,5,0.036231884057971016,138,1.0,SRC_MUNICIPAL_PRORRATEADA,SECCION,COMPLETO
1252,19,NUEVO LEON,SANTA CATARINA,,19,2085,76,29,0.3815789473684211,0.618421052631579,PRI,14,0.4827586206896552,9,0.3103448275862069,MC,5,0.1724137931034483,1,0.034482758620689655,PAN,4,0.13793103448275862,PRI,14,0.4827586206896552,9,0.3103448275862069,MC,5,0.1724137931034483,1,0.034482758620689655,PAN,4,0.13793103448275862,4,0.13793103448275862,14,0.4827586206896552,0,0.0,2,0.06896551724137931,0,0.0,5,0.1724137931034483,0,0.0,1,0.034482758620689655,0,0.0,0,0.0,0,0.0,0,0.0,0,0.0,0,0.0,0,0.0,0,0.0,0,0.0,0,0.0,0,0.0,0,0.0,0,0.0,0,0.0,0,0.0,0,0.0,3,0.10344827586206896,29,1.0,SRC_MUNICIPAL_PRORRATEADA,SECCION,COMPLETO
1253,19,NUEVO LEON,SANTA CATARINA,,19,2786,1537,586,0.38126219908913467,0.6187378009108653,MC,295,0.5034129692832765,199,0.3395904436860068,PAN,96,0.16382252559726962,14,0.023890784982935155,MORENA,82,0.13993174061433447,MC,295,0.5034129692832765,199,0.3395904436860068,PAN,96,0.16382252559726962,14,0.023890784982935155,MORENA,82,0.13993174061433447,96,0.16382252559726962,64,0.10921501706484642,1,0.0017064846416382253,5,0.008532423208191127,3,0.005119453924914676,295,0.5034129692832765,82,0.13993174061433447,5,0.008532423208191127,4,0.006825938566552901,5,0.008532423208191127,9,0.015358361774744027,3,0.005119453924914676,0,0.0,0,0.0,0,0.0,0,0.0,0,0.0,0,0.0,0,0.0,1,0.0017064846416382253,1,0.0017064846416382253,0,0.0,0,0.0,0,0.0,12,0.020477815699658702,586,1.0,SRC_MUNICIPAL_PRORRATEADA,SECCION,COMPLETO
1254,19,NUEVO LEON,SANTA CATARINA,,19,2787,975,372,0.38153846153846155,0.6184615384615384,MC,176,0.4731182795698925,98,0.26344086021505375,PAN,78,0.20967741935483872,26,0.06989247311827956,PRI,52,0.13978494623655913,MC,176,0.4731182795698925,98,0.26344086021505375,PAN,78,0.20967741935483872,26,0.06989247311827956,PRI,52,0.13978494623655913,78,0.20967741935483872,52,0.13978494623655913,1,0.002688172043010753,1,0.002688172043010753,1,0.002688172043010753,176,0.4731182795698925,44,0.11827956989247312,3,0.008064516129032258,4,0.010752688172043012,2,0.005376344086021506,4,0.010752688172043012,2,0.005376344086021506,0,0.0,0,0.0,0,0.0,0,0.0,0,0.0,0,0.0,0,0.0,0,0.0,0,0.0,0,0.0,0,0.0,1,0.002688172043010753,3,0.008064516129032258,372,1.0,SRC_MUNICIPAL_PRORRATEADA,SECCION,COMPLETO
1255,19,NUEVO LEON,SANTA CATARINA,,19,2788,632,241,0.3813291139240506,0.6186708860759493,MC,121,0.5020746887966805,72,0.2987551867219917,PAN,49,0.2033195020746888,10,0.04149377593360996,PRI,39,0.16182572614107885,MC,121,0.5020746887966805,72,0.2987551867219917,PAN,49,0.2033195020746888,10,0.04149377593360996,PRI,39,0.16182572614107885,49,0.2033195020746888,39,0.16182572614107885,2,0.008298755186721992,0,0.0,1,0.004149377593360996,121,0.5020746887966805,24,0.0995850622406639,1,0.004149377593360996,1,0.004149377593360996,1,0.004149377593360996,1,0.004149377593360996,0,0.0,0,0.0,1,0.004149377593360996,0,0.0,0,0.0,0,0.0,0,0.0,0,0.0,0,0.0,0,0.0,0,0.0,0,0.0,0,0.0,0,0.0,241,1.0,SRC_MUNICIPAL_PRORRATEADA,SECCION,COMPLETO
1256,19,NUEVO LEON,SANTA CATARINA,,19,2789,784,299,0.38137755102040816,0.6186224489795918,MC,149,0.4983277591973244,77,0.25752508361204013,PAN,72,0.2408026755852843,32,0.10702341137123746,PRI,40,0.13377926421404682,MC,149,0.4983277591973244,77,0.25752508361204013,PAN,72,0.2408026755852843,32,0.10702341137123746,PRI,40,0.13377926421404682,72,0.2408026755852843,40,0.13377926421404682,1,0.0033444816053511705,1,0.0033444816053511705,0,0.0,149,0.4983277591973244,22,0.07357859531772576,3,0.010033444816053512,4,0.013377926421404682,1,0.0033444816053511705,6,0.020066889632107024,0,0.0,0,0.0,0,0.0,0,0.0,0,0.0,0,0.0,0,0.0,0,0.0,0,0.0,0,0.0,0,0.0,0,0.0,0,0.0,0,0.0,299,1.0,SRC_MUNICIPAL_PRORRATEADA,SECCION,COMPLETO
1257,19,NUEVO LEON,SANTA CATARINA,,19,2790,813,310,0.3813038130381304,0.6186961869618697,MC,164,0.5290322580645161,97,0.31290322580645163,PAN,67,0.2161290322580645,25,0.08064516129032258,PRI,42,0.13548387096774195,MC,164,0.5290322580645161,97,0.31290322580645163,PAN,67,0.2161290322580645,25,0.08064516129032258,PRI,42,0.13548387096774195,67,0.2161290322580645,42,0.13548387096774195,0,0.0,1,0.0032258064516129032,0,0.0,164,0.5290322580645161,26,0.08387096774193549,1,0.0032258064516129032,1,0.0032258064516129032,1,0.0032258064516129032,3,0.00967741935483871,0,0.0,0,0.0,0,0.0,0,0.0,0,0.0,0,0.0,0,0.0,0,0.0,0,0.0,0,0.0,0,0.0,2,0.0064516129032258064,0,0.0,2,0.0064516129032258064,310,1.0,SRC_MUNICIPAL_PRORRATEADA,SECCION,COMPLETO
1258,19,NUEVO LEON,SANTA CATARINA,,19,2791,1830,698,0.3814207650273224,0.6185792349726775,MC,353,0.505730659025788,181,0.2593123209169054,PAN,172,0.24641833810888253,92,0.1318051575931232,PRI,80,0.11461318051575932,MC,353,0.505730659025788,181,0.2593123209169054,PAN,172,0.24641833810888253,92,0.1318051575931232,PRI,80,0.11461318051575932,172,0.24641833810888253,80,0.11461318051575932,2,0.0028653295128939827,5,0.0071633237822349575,4,0.0057306590257879654,353,0.505730659025788,59,0.08452722063037249,1,0.0014326647564469914,2,0.0028653295128939827,1,0.0014326647564469914,6,0.008595988538681949,1,0.0014326647564469914,1,0.0014326647564469914,0,0.0,0,0.0,0,0.0,0,0.0,0,0.0,0,0.0,0,0.0,0,0.0,0,0.0,0,0.0,0,0.0,11,0.015759312320916905,698,1.0,SRC_MUNICIPAL_PRORRATEADA,SECCION,COMPLETO
1259,19,NUEVO LEON,SANTA CATARINA,,19,2793,2347,895,0.38133787814230935,0.6186621218576907,MC,446,0.4983240223463687,266,0.29720670391061454,PAN,180,0.2011173184357542,39,0.04357541899441341,PRI,141,0.15754189944134078,MC,446,0.4983240223463687,266,0.29720670391061454,PAN,180,0.2011173184357542,39,0.04357541899441341,PRI,141,0.15754189944134078,180,0.2011173184357542,141,0.15754189944134078,2,0.0022346368715083797,6,0.0067039106145251395,8,0.008938547486033519,446,0.4983240223463687,84,0.09385474860335195,4,0.004469273743016759,0,0.0,4,0.004469273743016759,8,0.008938547486033519,0,0.0,1,0.0011173184357541898,0,0.0,0,0.0,0,0.0,0,0.0,0,0.0,0,0.0,0,0.0,0,0.0,0,0.0,1,0.0011173184357541898,0,0.0,10,0.0111731843575419,895,1.0,SRC_MUNICIPAL_PRORRATEADA,SECCION,COMPLETO
1260,19,NUEVO LEON,SANTA CATARINA,,19,2795,836,319,0.3815789473684211,0.618421052631579,MC,150,0.4702194357366771,64,0.2006269592476489,PAN,86,0.26959247648902823,43,0.13479623824451412,PRI,43,0.13479623824451412,MC,150,0.4702194357366771,64,0.2006269592476489,PAN,86,0.26959247648902823,43,0.13479623824451412,PRI,43,0.13479623824451412,86,0.26959247648902823,43,0.13479623824451412,2,0.006269592476489028,1,0.003134796238244514,3,0.009404388714733543,150,0.4702194357366771,24,0.07523510971786834,0,0.0,0,0.0,0,0.0,1,0.003134796238244514,1,0.003134796238244514,0,0.0,0,0.0,0,0.0,0,0.0,0,0.0,0,0.0,0,0.0,0,0.0,0,0.0,0,0.0,0,0.0,0,0.0,8,0.025078369905956112,319,1.0,SRC_MUNICIPAL_PRORRATEADA,SECCION,COMPLETO
1261,19,NUEVO LEON,SANTA CATARINA,,19,2796,2229,850,0.3813369223867205,0.6186630776132795,MC,396,0.46588235294117647,173,0.20352941176470588,PAN,223,0.26235294117647057,109,0.12823529411764706,PRI,114,0.13411764705882354,MC,396,0.46588235294117647,173,0.20352941176470588,PAN,223,0.26235294117647057,109,0.12823529411764706,PRI,114,0.13411764705882354,223,0.26235294117647057,114,0.13411764705882354,3,0.0035294117647058825,5,0.0058823529411764705,6,0.007058823529411765,396,0.46588235294117647,71,0.08352941176470588,3,0.0035294117647058825,1,0.001176470588235294,10,0.011764705882352941,6,0.007058823529411765,0,0.0,0,0.0,1,0.001176470588235294,0,0.0,0,0.0,0,0.0,0,0.0,0,0.0,0,0.0,1,0.001176470588235294,0,0.0,0,0.0,0,0.0,10,0.011764705882352941,850,1.0,SRC_MUNICIPAL_PRORRATEADA,SECCION,COMPLETO
1262,19,NUEVO LEON,SANTA CATARINA,,19,2797,1046,399,0.381453154875717,0.618546845124283,MC,182,0.45614035087719296,75,0.18796992481203006,PAN,107,0.2681704260651629,57,0.14285714285714285,PRI,50,0.12531328320802004,MC,182,0.45614035087719296,75,0.18796992481203006,PAN,107,0.2681704260651629,57,0.14285714285714285,PRI,50,0.12531328320802004,107,0.2681704260651629,50,0.12531328320802004,1,0.002506265664160401,2,0.005012531328320802,2,0.005012531328320802,182,0.45614035087719296,44,0.11027568922305764,1,0.002506265664160401,3,0.007518796992481203,0,0.0,5,0.012531328320802004,0,0.0,0,0.0,0,0.0,0,0.0,0,0.0,0,0.0,0,0.0,0,0.0,0,0.0,0,0.0,0,0.0,0,0.0,0,0.0,2,0.005012531328320802,399,1.0,SRC_MUNICIPAL_PRORRATEADA,SECCION,COMPLETO
1263,19,NUEVO LEON,SANTA CATARINA,,19,2798,1426,544,0.3814866760168303,0.6185133239831697,MC,223,0.4099264705882353,102,0.1875,PAN,121,0.22242647058823528,17,0.03125,PRI,104,0.19117647058823528,MC,223,0.4099264705882353,102,0.1875,PAN,121,0.22242647058823528,17,0.03125,PRI,104,0.19117647058823528,121,0.22242647058823528,104,0.19117647058823528,3,0.0055147058823529415,7,0.012867647058823529,1,0.001838235294117647,223,0.4099264705882353,50,0.09191176470588236,5,0.009191176470588236,4,0.007352941176470588,2,0.003676470588235294,7,0.012867647058823529,1,0.001838235294117647,2,0.003676470588235294,0,0.0,1,0.001838235294117647,1,0.001838235294117647,0,0.0,0,0.0,0,0.0,0,0.0,1,0.001838235294117647,0,0.0,0,0.0,0,0.0,11,0.02022058823529412,544,1.0,SRC_MUNICIPAL_PRORRATEADA,SECCION,COMPLETO
1264,19,NUEVO LEON,SANTIAGO,,26,0,30859,19393,0.6284390291325059,0.37156097086749407,MC,6735,0.3472902593719383,111,0.005723714742432837,PRI,6624,0.3415665446295055,3386,0.1745990821430413,PAN,3238,0.16696746248646419,MC,6735,0.3472902593719383,111,0.005723714742432837,PRI,6624,0.3415665446295055,3386,0.1745990821430413,PAN,3238,0.16696746248646419,3238,0.16696746248646419,6624,0.3415665446295055,102,0.005259629763316661,267,0.013767854380446552,478,0.0246480688908369,6735,0.3472902593719383,1214,0.06259990718300418,140,0.007219099675140514,48,0.002475119888619605,30,0.001546949930387253,100,0.00515649976795751,38,0.001959469911823854,15,0.0007734749651936265,6,0.0003093899860774506,2,0.00010312999535915021,4,0.00020625999071830043,0,0.0,6,0.0003093899860774506,4,0.00020625999071830043,0,0.0,13,0.0006703449698344763,1,5.1564997679575106e-05,1,5.1564997679575106e-05,2,0.00010312999535915021,325,0.01675862424586191,19393,1.0,SRC_MUNICIPAL_PRORRATEADA,SECCION,COMPLETO
1265,19,NUEVO LEON,SANTIAGO,,26,2086,618,388,0.627831715210356,0.37216828478964403,MC,151,0.38917525773195877,30,0.07731958762886598,PRI,121,0.3118556701030928,40,0.10309278350515463,PAN,81,0.20876288659793815,MC,151,0.38917525773195877,30,0.07731958762886598,PRI,121,0.3118556701030928,40,0.10309278350515463,PAN,81,0.20876288659793815,81,0.20876288659793815,121,0.3118556701030928,0,0.0,6,0.015463917525773196,3,0.007731958762886598,151,0.38917525773195877,20,0.05154639175257732,1,0.002577319587628866,1,0.002577319587628866,0,0.0,2,0.005154639175257732,0,0.0,0,0.0,0,0.0,0,0.0,0,0.0,0,0.0,0,0.0,0,0.0,0,0.0,0,0.0,0,0.0,0,0.0,0,0.0,2,0.005154639175257732,388,1.0,SRC_MUNICIPAL_PRORRATEADA,SECCION,COMPLETO
1266,19,NUEVO LEON,SANTIAGO,,26,2088,617,388,0.6288492706645057,0.3711507293354943,PRI,140,0.36082474226804123,3,0.007731958762886598,MC,137,0.35309278350515466,72,0.18556701030927836,PAN,65,0.16752577319587628,PRI,140,0.36082474226804123,3,0.007731958762886598,MC,137,0.35309278350515466,72,0.18556701030927836,PAN,65,0.16752577319587628,65,0.16752577319587628,140,0.36082474226804123,2,0.005154639175257732,1,0.002577319587628866,7,0.01804123711340206,137,0.35309278350515466,27,0.06958762886597938,2,0.005154639175257732,0,0.0,0,0.0,1,0.002577319587628866,0,0.0,0,0.0,0,0.0,0,0.0,0,0.0,0,0.0,0,0.0,0,0.0,0,0.0,0,0.0,0,0.0,0,0.0,0,0.0,6,0.015463917525773196,388,1.0,SRC_MUNICIPAL_PRORRATEADA,SECCION,COMPLETO
1267,19,NUEVO LEON,SANTIAGO,,26,2089,695,437,0.6287769784172662,0.3712230215827338,PRI,164,0.37528604118993136,9,0.020594965675057208,MC,155,0.35469107551487417,97,0.2219679633867277,PAN,58,0.13272311212814644,PRI,164,0.37528604118993136,9,0.020594965675057208,MC,155,0.35469107551487417,97,0.2219679633867277,PAN,58,0.13272311212814644,58,0.13272311212814644,164,0.37528604118993136,2,0.004576659038901602,3,0.006864988558352402,10,0.02288329519450801,155,0.35469107551487417,29,0.06636155606407322,3,0.006864988558352402,1,0.002288329519450801,0,0.0,0,0.0,2,0.004576659038901602,1,0.002288329519450801,0,0.0,0,0.0,0,0.0,0,0.0,0,0.0,1,0.002288329519450801,0,0.0,1,0.002288329519450801,0,0.0,0,0.0,0,0.0,7,0.016018306636155607,437,1.0,SRC_MUNICIPAL_PRORRATEADA,SECCION,COMPLETO
1268,19,NUEVO LEON,SANTIAGO,,26,2090,407,256,0.628992628992629,0.371007371007371,PRI,93,0.36328125,6,0.0234375,MC,87,0.33984375,48,0.1875,PAN,39,0.15234375,PRI,93,0.36328125,6,0.0234375,MC,87,0.33984375,48,0.1875,PAN,39,0.15234375,39,0.15234375,93,0.36328125,1,0.00390625,1,0.00390625,11,0.04296875,87,0.33984375,17,0.06640625,0,0.0,0,0.0,1,0.00390625,2,0.0078125,2,0.0078125,0,0.0,1,0.00390625,0,0.0,0,0.0,0,0.0,0,0.0,0,0.0,0,0.0,0,0.0,0,0.0,0,0.0,0,0.0,1,0.00390625,256,1.0,SRC_MUNICIPAL_PRORRATEADA,SECCION,COMPLETO
1269,19,NUEVO LEON,SANTIAGO,,26,2091,616,387,0.6282467532467533,0.3717532467532467,PRI,141,0.3643410852713178,0,0.0,MC,141,0.3643410852713178,86,0.2222222222222222,PAN,55,0.1421188630490956,PRI,141,0.3643410852713178,0,0.0,MC,141,0.3643410852713178,86,0.2222222222222222,PAN,55,0.1421188630490956,55,0.1421188630490956,141,0.3643410852713178,2,0.00516795865633075,3,0.007751937984496124,3,0.007751937984496124,141,0.3643410852713178,26,0.06718346253229975,1,0.002583979328165375,0,0.0,0,0.0,4,0.0103359173126615,2,0.00516795865633075,0,0.0,1,0.002583979328165375,0,0.0,1,0.002583979328165375,0,0.0,0,0.0,0,0.0,0,0.0,0,0.0,0,0.0,0,0.0,0,0.0,7,0.01808785529715762,387,1.0,SRC_MUNICIPAL_PRORRATEADA,SECCION,COMPLETO
1270,19,NUEVO LEON,SANTIAGO,,26,2096,1200,754,0.6283333333333333,0.3716666666666667,MC,264,0.35013262599469497,14,0.01856763925729443,PRI,250,0.33156498673740054,137,0.1816976127320955,PAN,113,0.14986737400530503,MC,264,0.35013262599469497,14,0.01856763925729443,PRI,250,0.33156498673740054,137,0.1816976127320955,PAN,113,0.14986737400530503,113,0.14986737400530503,250,0.33156498673740054,12,0.015915119363395226,5,0.006631299734748011,23,0.03050397877984085,264,0.35013262599469497,44,0.058355437665782495,11,0.014588859416445624,2,0.002652519893899204,1,0.001326259946949602,2,0.002652519893899204,4,0.005305039787798408,1,0.001326259946949602,0,0.0,0,0.0,2,0.002652519893899204,0,0.0,0,0.0,0,0.0,0,0.0,0,0.0,1,0.001326259946949602,0,0.0,0,0.0,19,0.025198938992042442,754,1.0,SRC_MUNICIPAL_PRORRATEADA,SECCION,COMPLETO
1271,19,NUEVO LEON,SANTIAGO,,26,2097,1790,1125,0.6284916201117319,0.3715083798882681,MC,380,0.3377777777777778,14,0.012444444444444444,PRI,366,0.3253333333333333,132,0.11733333333333333,PAN,234,0.208,MC,380,0.3377777777777778,14,0.012444444444444444,PRI,366,0.3253333333333333,132,0.11733333333333333,PAN,234,0.208,234,0.208,366,0.3253333333333333,5,0.0044444444444444444,17,0.015111111111111112,19,0.016888888888888887,380,0.3377777777777778,66,0.058666666666666666,4,0.0035555555555555557,2,0.0017777777777777779,0,0.0,2,0.0017777777777777779,3,0.0026666666666666666,2,0.0017777777777777779,1,0.0008888888888888889,0,0.0,0,0.0,0,0.0,1,0.0008888888888888889,1,0.0008888888888888889,0,0.0,2,0.0017777777777777779,0,0.0,2,0.0017777777777777779,0,0.0,18,0.016,1125,1.0,SRC_MUNICIPAL_PRORRATEADA,SECCION,COMPLETO
1272,19,NUEVO LEON,SANTIAGO,,26,2101,688,432,0.627906976744186,0.37209302325581395,MC,190,0.4398148148148148,29,0.06712962962962964,PRI,161,0.3726851851851852,121,0.2800925925925926,PAN,40,0.09259259259259259,MC,190,0.4398148148148148,29,0.06712962962962964,PRI,161,0.3726851851851852,121,0.2800925925925926,PAN,40,0.09259259259259259,40,0.09259259259259259,161,0.3726851851851852,4,0.009259259259259259,3,0.006944444444444444,4,0.009259259259259259,190,0.4398148148148148,16,0.037037037037037035,0,0.0,0,0.0,0,0.0,2,0.004629629629629629,1,0.0023148148148148147,1,0.0023148148148148147,0,0.0,0,0.0,0,0.0,0,0.0,0,0.0,0,0.0,0,0.0,0,0.0,0,0.0,0,0.0,0,0.0,10,0.023148148148148147,432,1.0,SRC_MUNICIPAL_PRORRATEADA,SECCION,COMPLETO
1273,19,NUEVO LEON,SANTIAGO,,26,2103,1155,726,0.6285714285714286,0.37142857142857144,MC,280,0.3856749311294766,16,0.02203856749311295,PRI,264,0.36363636363636365,155,0.21349862258953167,PAN,109,0.15013774104683195,MC,280,0.3856749311294766,16,0.02203856749311295,PRI,264,0.36363636363636365,155,0.21349862258953167,PAN,109,0.15013774104683195,109,0.15013774104683195,264,0.36363636363636365,5,0.006887052341597796,4,0.005509641873278237,10,0.013774104683195593,280,0.3856749311294766,31,0.04269972451790634,3,0.004132231404958678,0,0.0,2,0.0027548209366391185,3,0.004132231404958678,1,0.0013774104683195593,0,0.0,1,0.0013774104683195593,0,0.0,0,0.0,0,0.0,0,0.0,1,0.0013774104683195593,0,0.0,0,0.0,0,0.0,0,0.0,0,0.0,12,0.01652892561983471,726,1.0,SRC_MUNICIPAL_PRORRATEADA,SECCION,COMPLETO
1274,19,NUEVO LEON,SANTIAGO,,26,2104,686,431,0.6282798833819242,0.3717201166180758,MC,171,0.39675174013921116,9,0.02088167053364269,PRI,162,0.37587006960556846,105,0.24361948955916474,PAN,57,0.13225058004640372,MC,171,0.39675174013921116,9,0.02088167053364269,PRI,162,0.37587006960556846,105,0.24361948955916474,PAN,57,0.13225058004640372,57,0.13225058004640372,162,0.37587006960556846,4,0.009280742459396751,0,0.0,7,0.016241299303944315,171,0.39675174013921116,13,0.030162412993039442,2,0.004640371229698376,1,0.002320185614849188,0,0.0,5,0.01160092807424594,0,0.0,0,0.0,0,0.0,0,0.0,0,0.0,0,0.0,0,0.0,0,0.0,0,0.0,0,0.0,0,0.0,0,0.0,0,0.0,9,0.02088167053364269,431,1.0,SRC_MUNICIPAL_PRORRATEADA,SECCION,COMPLETO
1275,19,NUEVO LEON,SANTIAGO,,26,2105,621,390,0.6280193236714976,0.3719806763285024,PRI,142,0.3641025641025641,33,0.08461538461538462,MC,109,0.2794871794871795,43,0.11025641025641025,PAN,66,0.16923076923076924,PRI,142,0.3641025641025641,33,0.08461538461538462,MC,109,0.2794871794871795,43,0.11025641025641025,PAN,66,0.16923076923076924,66,0.16923076923076924,142,0.3641025641025641,5,0.01282051282051282,12,0.03076923076923077,14,0.035897435897435895,109,0.2794871794871795,24,0.06153846153846154,2,0.005128205128205128,2,0.005128205128205128,0,0.0,3,0.007692307692307693,1,0.002564102564102564,1,0.002564102564102564,0,0.0,0,0.0,0,0.0,0,0.0,0,0.0,1,0.002564102564102564,0,0.0,1,0.002564102564102564,0,0.0,0,0.0,0,0.0,7,0.017948717948717947,390,1.0,SRC_MUNICIPAL_PRORRATEADA,SECCION,COMPLETO
1276,19,NUEVO LEON,SANTIAGO,,26,2106,291,183,0.6288659793814433,0.3711340206185567,PRI,53,0.2896174863387978,12,0.06557377049180328,PAN,41,0.22404371584699453,1,0.00546448087431694,MC,40,0.2185792349726776,PRI,53,0.2896174863387978,12,0.06557377049180328,PAN,41,0.22404371584699453,1,0.00546448087431694,MC,40,0.2185792349726776,41,0.22404371584699453,53,0.2896174863387978,1,0.00546448087431694,6,0.03278688524590164,13,0.07103825136612021,40,0.2185792349726776,10,0.0546448087431694,5,0.0273224043715847,0,0.0,1,0.00546448087431694,0,0.0,0,0.0,0,0.0,0,0.0,0,0.0,0,0.0,0,0.0,0,0.0,1,0.00546448087431694,0,0.0,0,0.0,0,0.0,0,0.0,0,0.0,12,0.06557377049180328,183,1.0,SRC_MUNICIPAL_PRORRATEADA,SECCION,COMPLETO
1277,19,NUEVO LEON,SANTIAGO,,26,2107,97,61,0.6288659793814433,0.3711340206185567,PRI,26,0.4262295081967213,11,0.18032786885245902,MC,15,0.2459016393442623,5,0.08196721311475409,PAN,10,0.16393442622950818,PRI,26,0.4262295081967213,11,0.18032786885245902,MC,15,0.2459016393442623,5,0.08196721311475409,PAN,10,0.16393442622950818,10,0.16393442622950818,26,0.4262295081967213,0,0.0,1,0.01639344262295082,3,0.04918032786885246,15,0.2459016393442623,6,0.09836065573770492,0,0.0,0,0.0,0,0.0,0,0.0,0,0.0,0,0.0,0,0.0,0,0.0,0,0.0,0,0.0,0,0.0,0,0.0,0,0.0,0,0.0,0,0.0,0,0.0,0,0.0,0,0.0,61,1.0,SRC_MUNICIPAL_PRORRATEADA,SECCION,COMPLETO
1278,19,NUEVO LEON,SANTIAGO,,26,2109,310,195,0.6290322580645161,0.3709677419354839,PRI,59,0.30256410256410254,12,0.06153846153846154,PAN,47,0.24102564102564103,21,0.1076923076923077,MC,26,0.13333333333333333,PRI,59,0.30256410256410254,12,0.06153846153846154,PAN,47,0.24102564102564103,21,0.1076923076923077,MC,26,0.13333333333333333,47,0.24102564102564103,59,0.30256410256410254,8,0.041025641025641026,10,0.05128205128205128,9,0.046153846153846156,26,0.13333333333333333,12,0.06153846153846154,4,0.020512820512820513,1,0.005128205128205128,3,0.015384615384615385,4,0.020512820512820513,1,0.005128205128205128,0,0.0,0,0.0,0,0.0,0,0.0,0,0.0,0,0.0,0,0.0,0,0.0,0,0.0,0,0.0,0,0.0,0,0.0,11,0.05641025641025641,195,1.0,SRC_MUNICIPAL_PRORRATEADA,SECCION,COMPLETO
1279,19,NUEVO LEON,VALLECILLO,,21,0,2273,1682,0.7399912010558733,0.26000879894412665,PT,582,0.3460166468489893,40,0.023781212841854936,PRI,542,0.3222354340071344,303,0.18014268727705113,MC,239,0.14209274673008324,PT,582,0.3460166468489893,40,0.023781212841854936,PRI,542,0.3222354340071344,303,0.18014268727705113,MC,239,0.14209274673008324,179,0.10642092746730084,542,0.3222354340071344,14,0.008323424494649227,19,0.011296076099881093,582,0.3460166468489893,239,0.14209274673008324,39,0.02318668252080856,4,0.0023781212841854932,4,0.0023781212841854932,2,0.0011890606420927466,5,0.002972651605231867,4,0.0023781212841854932,2,0.0011890606420927466,0,0.0,2,0.0011890606420927466,0,0.0,0,0.0,5,0.002972651605231867,0,0.0,0,0.0,3,0.0017835909631391202,2,0.0011890606420927466,0,0.0,0,0.0,35,0.020808561236623068,1682,1.0,SRC_MUNICIPAL_PRORRATEADA,SECCION,COMPLETO
1280,19,NUEVO LEON,VILLALDAMA,,21,0,2624,2179,0.8304115853658537,0.1695884146341463,MC,826,0.37907296925195044,232,0.10647085819183112,PAN,594,0.27260211106011933,180,0.08260670032124828,PVEM,414,0.18999541073887105,MC,826,0.37907296925195044,232,0.10647085819183112,PAN,594,0.27260211106011933,180,0.08260670032124828,PVEM,414,0.18999541073887105,594,0.27260211106011933,198,0.09086737035337311,3,0.0013767783386874712,414,0.18999541073887105,13,0.005966039467645709,826,0.37907296925195044,85,0.03900871959614502,8,0.0036714089031665903,1,0.0004589261128958238,5,0.002294630564479119,3,0.0013767783386874712,1,0.0004589261128958238,2,0.0009178522257916476,0,0.0,0,0.0,0,0.0,0,0.0,0,0.0,0,0.0,1,0.0004589261128958238,0,0.0,0,0.0,0,0.0,0,0.0,25,0.011473152822395595,2179,1.0,SRC_MUNICIPAL_PRORRATEADA,SECCION,COMPLETO
1281,19,NUEVO LEON,VILLALDAMA,,21,2118,532,442,0.8308270676691729,0.16917293233082709,MC,178,0.40271493212669685,74,0.167420814479638,PAN,104,0.23529411764705882,9,0.020361990950226245,PVEM,95,0.2149321266968326,MC,178,0.40271493212669685,74,0.167420814479638,PAN,104,0.23529411764705882,9,0.020361990950226245,PVEM,95,0.2149321266968326,104,0.23529411764705882,45,0.10180995475113122,0,0.0,95,0.2149321266968326,0,0.0,178,0.40271493212669685,9,0.020361990950226245,1,0.0022624434389140274,0,0.0,1,0.0022624434389140274,0,0.0,0,0.0,1,0.0022624434389140274,1,0.0022624434389140274,1,0.0022624434389140274,0,0.0,0,0.0,0,0.0,0,0.0,0,0.0,0,0.0,0,0.0,0,0.0,0,0.0,6,0.013574660633484163,442,1.0,SRC_MUNICIPAL_PRORRATEADA,SECCION,COMPLETO
1282,19,NUEVO LEON,VILLALDAMA,,21,2123,592,492,0.831081081081081,0.16891891891891897,PAN,155,0.3150406504065041,12,0.024390243902439025,PVEM,143,0.29065040650406504,38,0.07723577235772358,MC,105,0.21341463414634146,PAN,155,0.3150406504065041,12,0.024390243902439025,PVEM,143,0.29065040650406504,38,0.07723577235772358,MC,105,0.21341463414634146,155,0.3150406504065041,50,0.1016260162601626,0,0.0,143,0.29065040650406504,2,0.0040650406504065045,105,0.21341463414634146,18,0.036585365853658534,1,0.0020325203252032522,0,0.0,1,0.0020325203252032522,0,0.0,0,0.0,0,0.0,0,0.0,2,0.0040650406504065045,0,0.0,0,0.0,1,0.0020325203252032522,2,0.0040650406504065045,1,0.0020325203252032522,0,0.0,0,0.0,0,0.0,0,0.0,11,0.022357723577235773,492,1.0,SRC_MUNICIPAL_PRORRATEADA,SECCION,COMPLETO
