#,CVE_ENTIDAD,ENTIDAD,MUNICIPIO,DF,DL,SECCION,LISTA_NOMINAL,VOTOS_EMITIDOS,PARTICIPACION,ABSTENCION,1ER_LUGAR,1ERO_VOTOS,PCN,DIF_VOTOS_2DO,DIF_PCN_2DO,2DO_LUGAR,2DO_VOTOS,PCN,DIF_VOTOS_3RO,DIF_PCN_3RO,3ER_LUGAR,3RO_VOTOS,PCN,1PP_MV,VOTOS,PCN,DIF_2DO,PCN,2PP_MV,VOTOS,PCN,DIF_3RO,PCN,3PP_MV,VOTOS,PCN,PAN_PRI_PRD,PCN,PT_PVEM_MORENA_NAS,PCN,MC,PCN,PES,PCN,RSP,PCN,FxM,PCN,CNR,PCN,NULOS,PCN,TOT_VOTOS,VALIDACION,LN_FUENTE,NIVEL,DESGLOSE_PARTIDOS
1,26,SONORA,ACONCHI,,18,1,1660,1269,0.7644578313253012,0.2355421686746988,PT_PVEM_MORENA_NAS,580,0.4570527974783294,208,0.16390858944050432,PAN_PRI_PRD,372,0.29314420803782504,171,0.1347517730496454,MC,201,0.15839243498817968,PT_PVEM_MORENA_NAS,580,0.4570527974783294,208,0.16390858944050432,PAN_PRI_PRD,372,0.29314420803782504,171,0.1347517730496454,MC,201,0.15839243498817968,372,0.29314420803782504,580,0.4570527974783294,201,0.15839243498817968,16,0.01260835303388495,7,0.005516154452324665,9,0.0070921985815602835,0,0.0,84,0.06619385342789598,1269,1.0,ORIGEN,SECCION,SOLO_COALICIONES
2,26,SONORA,ACONCHI,,18,2,830,304,0.36626506024096384,0.6337349397590362,PT_PVEM_MORENA_NAS,126,0.4144736842105263,46,0.1513157894736842,PAN_PRI_PRD,80,0.2631578947368421,10,0.03289473684210526,MC,70,0.23026315789473684,PT_PVEM_MORENA_NAS,126,0.4144736842105263,46,0.1513157894736842,PAN_PRI_PRD,80,0.2631578947368421,10,0.03289473684210526,MC,70,0.23026315789473684,80,0.2631578947368421,126,0.4144736842105263,70,0.23026315789473684,1,0.003289473684210526,3,0.009868421052631578,3,0.009868421052631578,0,0.0,21,0.06907894736842106,304,1.0,ORIGEN,SECCION,SOLO_COALICIONES
3,26,SONORA,AGUA PRIETA,,7,3,1295,534,0.41235521235521233,0.5876447876447877,PT_PVEM_MORENA_NAS,291,0.5449438202247191,193,0.36142322097378277,PAN_PRI_PRD,98,0.18352059925093633,13,0.024344569288389514,PES,85,0.15917602996254682,PT_PVEM_MORENA_NAS,291,0.5449438202247191,193,0.36142322097378277,PAN_PRI_PRD,98,0.18352059925093633,13,0.024344569288389514,PES,85,0.15917602996254682,98,0.18352059925093633,291,0.5449438202247191,23,0.04307116104868914,85,0.15917602996254682,7,0.013108614232209739,10,0.018726591760299626,0,0.0,20,0.03745318352059925,534,1.0,ORIGEN,SECCION,SOLO_COALICIONES
4,26,SONORA,AGUA PRIETA,,7,4,356,164,0.4606741573033708,0.5393258426966292,PT_PVEM_MORENA_NAS,86,0.524390243902439,32,0.1951219512195122,PAN_PRI_PRD,54,0.32926829268292684,38,0.23170731707317074,PES,16,0.0975609756097561,PT_PVEM_MORENA_NAS,86,0.524390243902439,32,0.1951219512195122,PAN_PRI_PRD,54,0.32926829268292684,38,0.23170731707317074,PES,16,0.0975609756097561,54,0.32926829268292684,86,0.524390243902439,4,0.024390243902439025,16,0.0975609756097561,1,0.006097560975609756,0,0.0,0,0.0,3,0.018292682926829267,164,1.0,ORIGEN,SECCION,SOLO_COALICIONES
5,26,SONORA,AGUA PRIETA,,7,5,628,290,0.46178343949044587,0.5382165605095541,PAN_PRI_PRD,128,0.4413793103448276,13,0.04482758620689655,PT_PVEM_MORENA_NAS,115,0.39655172413793105,92,0.31724137931034485,PES,23,0.07931034482758621,PAN_PRI_PRD,128,0.4413793103448276,13,0.04482758620689655,PT_PVEM_MORENA_NAS,115,0.39655172413793105,92,0.31724137931034485,PES,23,0.07931034482758621,128,0.4413793103448276,115,0.39655172413793105,8,0.027586206896551724,23,0.07931034482758621,6,0.020689655172413793,2,0.006896551724137931,0,0.0,8,0.027586206896551724,290,1.0,ORIGEN,SECCION,SOLO_COALICIONES
6,26,SONORA,AGUA PRIETA,,7,6,1259,526,0.4177918983320095,0.5822081016679905,PT_PVEM_MORENA_NAS,229,0.435361216730038,16,0.030418250950570342,PAN_PRI_PRD,213,0.4049429657794677,172,0.3269961977186312,PES,41,0.0779467680608365,PT_PVEM_MORENA_NAS,229,0.435361216730038,16,0.030418250950570342,PAN_PRI_PRD,213,0.4049429657794677,172,0.3269961977186312,PES,41,0.0779467680608365,213,0.4049429657794677,229,0.435361216730038,19,0.03612167300380228,41,0.0779467680608365,5,0.009505703422053232,7,0.013307984790874524,0,0.0,12,0.022813688212927757,526,1.0,ORIGEN,SECCION,SOLO_COALICIONES
7,26,SONORA,AGUA PRIETA,,7,7,1413,602,0.42604387827317763,0.5739561217268223,PT_PVEM_MORENA_NAS,288,0.47840531561461797,72,0.11960132890365449,PAN_PRI_PRD,216,0.3588039867109635,166,0.2757475083056478,PES,50,0.08305647840531562,PT_PVEM_MORENA_NAS,288,0.47840531561461797,72,0.11960132890365449,PAN_PRI_PRD,216,0.3588039867109635,166,0.2757475083056478,PES,50,0.08305647840531562,216,0.3588039867109635,288,0.47840531561461797,24,0.03986710963455149,50,0.08305647840531562,4,0.006644518272425249,8,0.013289036544850499,0,0.0,12,0.019933554817275746,602,1.0,ORIGEN,SECCION,SOLO_COALICIONES
8,26,SONORA,AGUA PRIETA,,7,8,2670,1238,0.46367041198501874,0.5363295880149812,PT_PVEM_MORENA_NAS,617,0.4983844911147011,223,0.1801292407108239,PAN_PRI_PRD,394,0.3182552504038772,280,0.22617124394184168,PES,114,0.09208400646203554,PT_PVEM_MORENA_NAS,617,0.4983844911147011,223,0.1801292407108239,PAN_PRI_PRD,394,0.3182552504038772,280,0.22617124394184168,PES,114,0.09208400646203554,394,0.3182552504038772,617,0.4983844911147011,44,0.035541195476575124,114,0.09208400646203554,29,0.023424878836833602,19,0.015347334410339256,0,0.0,21,0.016962843295638127,1238,1.0,ORIGEN,SECCION,SOLO_COALICIONES
9,26,SONORA,AGUA PRIETA,,7,9,2736,1260,0.4605263157894737,0.5394736842105263,PT_PVEM_MORENA_NAS,656,0.5206349206349207,319,0.25317460317460316,PAN_PRI_PRD,337,0.26746031746031745,223,0.176984126984127,PES,114,0.09047619047619047,PT_PVEM_MORENA_NAS,656,0.5206349206349207,319,0.25317460317460316,PAN_PRI_PRD,337,0.26746031746031745,223,0.176984126984127,PES,114,0.09047619047619047,337,0.26746031746031745,656,0.5206349206349207,35,0.027777777777777776,114,0.09047619047619047,23,0.018253968253968255,30,0.023809523809523808,1,0.0007936507936507937,64,0.050793650793650794,1260,1.0,ORIGEN,SECCION,SOLO_COALICIONES
10,26,SONORA,AGUA PRIETA,,7,10,2497,1145,0.45855026031237484,0.5414497396876252,PT_PVEM_MORENA_NAS,626,0.5467248908296943,286,0.2497816593886463,PAN_PRI_PRD,340,0.29694323144104806,253,0.22096069868995633,PES,87,0.07598253275109171,PT_PVEM_MORENA_NAS,626,0.5467248908296943,286,0.2497816593886463,PAN_PRI_PRD,340,0.29694323144104806,253,0.22096069868995633,PES,87,0.07598253275109171,340,0.29694323144104806,626,0.5467248908296943,30,0.026200873362445413,87,0.07598253275109171,21,0.01834061135371179,14,0.01222707423580786,0,0.0,27,0.023580786026200874,1145,1.0,ORIGEN,SECCION,SOLO_COALICIONES
11,26,SONORA,AGUA PRIETA,,7,11,1359,566,0.41648270787343633,0.5835172921265637,PT_PVEM_MORENA_NAS,272,0.48056537102473496,109,0.19257950530035337,PAN_PRI_PRD,163,0.2879858657243816,88,0.15547703180212014,PES,75,0.13250883392226148,PT_PVEM_MORENA_NAS,272,0.48056537102473496,109,0.19257950530035337,PAN_PRI_PRD,163,0.2879858657243816,88,0.15547703180212014,PES,75,0.13250883392226148,163,0.2879858657243816,272,0.48056537102473496,19,0.03356890459363958,75,0.13250883392226148,10,0.0176678445229682,10,0.0176678445229682,0,0.0,17,0.030035335689045935,566,1.0,ORIGEN,SECCION,SOLO_COALICIONES
12,26,SONORA,AGUA PRIETA,,7,12,1158,510,0.44041450777202074,0.5595854922279793,PT_PVEM_MORENA_NAS,282,0.5529411764705883,167,0.32745098039215687,PAN_PRI_PRD,115,0.22549019607843138,49,0.09607843137254903,PES,66,0.12941176470588237,PT_PVEM_MORENA_NAS,282,0.5529411764705883,167,0.32745098039215687,PAN_PRI_PRD,115,0.22549019607843138,49,0.09607843137254903,PES,66,0.12941176470588237,115,0.22549019607843138,282,0.5529411764705883,18,0.03529411764705882,66,0.12941176470588237,11,0.021568627450980392,8,0.01568627450980392,0,0.0,10,0.0196078431372549,510,1.0,ORIGEN,SECCION,SOLO_COALICIONES
13,26,SONORA,AGUA PRIETA,,7,13,1094,477,0.4360146252285192,0.5639853747714808,PT_PVEM_MORENA_NAS,244,0.5115303983228512,141,0.29559748427672955,PAN_PRI_PRD,103,0.21593291404612158,28,0.05870020964360587,PES,75,0.15723270440251572,PT_PVEM_MORENA_NAS,244,0.5115303983228512,141,0.29559748427672955,PAN_PRI_PRD,103,0.21593291404612158,28,0.05870020964360587,PES,75,0.15723270440251572,103,0.21593291404612158,244,0.5115303983228512,21,0.0440251572327044,75,0.15723270440251572,8,0.016771488469601678,8,0.016771488469601678,0,0.0,18,0.03773584905660377,477,1.0,ORIGEN,SECCION,SOLO_COALICIONES
14,26,SONORA,AGUA PRIETA,,7,14,1717,1101,0.6412347117064647,0.35876528829353527,PT_PVEM_MORENA_NAS,540,0.4904632152588556,280,0.254314259763851,PAN_PRI_PRD,260,0.23614895549500453,70,0.06357856494096276,PES,190,0.17257039055404177,PT_PVEM_MORENA_NAS,540,0.4904632152588556,280,0.254314259763851,PAN_PRI_PRD,260,0.23614895549500453,70,0.06357856494096276,PES,190,0.17257039055404177,260,0.23614895549500453,540,0.4904632152588556,41,0.03723887375113533,190,0.17257039055404177,18,0.01634877384196185,19,0.01725703905540418,0,0.0,33,0.02997275204359673,1101,1.0,ORIGEN,SECCION,SOLO_COALICIONES
15,26,SONORA,AGUA PRIETA,,7,15,1081,480,0.4440333024976873,0.5559666975023128,PT_PVEM_MORENA_NAS,203,0.42291666666666666,77,0.16041666666666668,PES,126,0.2625,28,0.058333333333333334,PAN_PRI_PRD,98,0.20416666666666666,PT_PVEM_MORENA_NAS,203,0.42291666666666666,77,0.16041666666666668,PES,126,0.2625,28,0.058333333333333334,PAN_PRI_PRD,98,0.20416666666666666,98,0.20416666666666666,203,0.42291666666666666,12,0.025,126,0.2625,12,0.025,6,0.0125,0,0.0,23,0.04791666666666667,480,1.0,ORIGEN,SECCION,SOLO_COALICIONES
16,26,SONORA,AGUA PRIETA,,7,16,627,268,0.4274322169059011,0.572567783094099,PAN_PRI_PRD,150,0.5597014925373134,58,0.21641791044776118,PT_PVEM_MORENA_NAS,92,0.34328358208955223,77,0.2873134328358209,MC,15,0.055970149253731345,PAN_PRI_PRD,150,0.5597014925373134,58,0.21641791044776118,PT_PVEM_MORENA_NAS,92,0.34328358208955223,77,0.2873134328358209,MC,15,0.055970149253731345,150,0.5597014925373134,92,0.34328358208955223,15,0.055970149253731345,5,0.018656716417910446,6,0.022388059701492536,0,0.0,0,0.0,0,0.0,268,1.0,ORIGEN,SECCION,SOLO_COALICIONES
17,26,SONORA,AGUA PRIETA,,7,17,6099,2277,0.3733398917855386,0.6266601082144614,PT_PVEM_MORENA_NAS,1284,0.5638998682476943,870,0.3820816864295125,PES,414,0.18181818181818182,55,0.024154589371980676,PAN_PRI_PRD,359,0.15766359244620115,PT_PVEM_MORENA_NAS,1284,0.5638998682476943,870,0.3820816864295125,PES,414,0.18181818181818182,55,0.024154589371980676,PAN_PRI_PRD,359,0.15766359244620115,359,0.15766359244620115,1284,0.5638998682476943,82,0.036012296881862096,414,0.18181818181818182,50,0.021958717610891524,43,0.018884497145366712,0,0.0,45,0.019762845849802372,2277,1.0,ORIGEN,SECCION,SOLO_COALICIONES
18,26,SONORA,AGUA PRIETA,,7,18,1712,769,0.4491822429906542,0.5508177570093458,PT_PVEM_MORENA_NAS,338,0.43953185955786733,120,0.15604681404421328,PES,218,0.2834850455136541,64,0.08322496749024708,PAN_PRI_PRD,154,0.20026007802340703,PT_PVEM_MORENA_NAS,338,0.43953185955786733,120,0.15604681404421328,PES,218,0.2834850455136541,64,0.08322496749024708,PAN_PRI_PRD,154,0.20026007802340703,154,0.20026007802340703,338,0.43953185955786733,24,0.031209362808842653,218,0.2834850455136541,12,0.015604681404421327,8,0.010403120936280884,0,0.0,15,0.01950585175552666,769,1.0,ORIGEN,SECCION,SOLO_COALICIONES
19,26,SONORA,AGUA PRIETA,,7,19,3097,1233,0.3981272198902163,0.6018727801097836,PT_PVEM_MORENA_NAS,637,0.5166261151662611,349,0.28304947283049475,PAN_PRI_PRD,288,0.23357664233576642,114,0.09245742092457421,PES,174,0.1411192214111922,PT_PVEM_MORENA_NAS,637,0.5166261151662611,349,0.28304947283049475,PAN_PRI_PRD,288,0.23357664233576642,114,0.09245742092457421,PES,174,0.1411192214111922,288,0.23357664233576642,637,0.5166261151662611,61,0.0494728304947283,174,0.1411192214111922,24,0.019464720194647202,18,0.014598540145985401,3,0.0024330900243309003,28,0.0227088402270884,1233,1.0,ORIGEN,SECCION,SOLO_COALICIONES
20,26,SONORA,AGUA PRIETA,,7,20,4952,2050,0.4139741518578352,0.5860258481421647,PT_PVEM_MORENA_NAS,1160,0.5658536585365853,793,0.38682926829268294,PAN_PRI_PRD,367,0.17902439024390243,48,0.023414634146341463,PES,319,0.15560975609756098,PT_PVEM_MORENA_NAS,1160,0.5658536585365853,793,0.38682926829268294,PAN_PRI_PRD,367,0.17902439024390243,48,0.023414634146341463,PES,319,0.15560975609756098,367,0.17902439024390243,1160,0.5658536585365853,64,0.03121951219512195,319,0.15560975609756098,41,0.02,46,0.0224390243902439,0,0.0,53,0.025853658536585365,2050,1.0,ORIGEN,SECCION,SOLO_COALICIONES
21,26,SONORA,AGUA PRIETA,,7,21,1847,798,0.4320519761775853,0.5679480238224147,PT_PVEM_MORENA_NAS,426,0.5338345864661654,255,0.31954887218045114,PAN_PRI_PRD,171,0.21428571428571427,37,0.046365914786967416,PES,134,0.16791979949874686,PT_PVEM_MORENA_NAS,426,0.5338345864661654,255,0.31954887218045114,PAN_PRI_PRD,171,0.21428571428571427,37,0.046365914786967416,PES,134,0.16791979949874686,171,0.21428571428571427,426,0.5338345864661654,0,0.0,134,0.16791979949874686,7,0.008771929824561403,20,0.02506265664160401,0,0.0,40,0.05012531328320802,798,1.0,ORIGEN,SECCION,SOLO_COALICIONES
22,26,SONORA,AGUA PRIETA,,7,22,6700,2729,0.4073134328358209,0.5926865671641791,PT_PVEM_MORENA_NAS,1385,0.5075119091242213,875,0.32063026749725176,PAN_PRI_PRD,510,0.18688164162696957,149,0.054598754122389154,PES,361,0.13228288750458042,PT_PVEM_MORENA_NAS,1385,0.5075119091242213,875,0.32063026749725176,PAN_PRI_PRD,510,0.18688164162696957,149,0.054598754122389154,PES,361,0.13228288750458042,510,0.18688164162696957,1385,0.5075119091242213,85,0.031146940271161598,361,0.13228288750458042,108,0.0395749358739465,212,0.07768413338219128,1,0.00036643459142543056,67,0.024551117625503847,2729,1.0,ORIGEN,SECCION,SOLO_COALICIONES
23,26,SONORA,AGUA PRIETA,,7,23,4159,1636,0.3933637893724453,0.6066362106275547,PT_PVEM_MORENA_NAS,922,0.5635696821515892,605,0.3698044009779951,PES,317,0.19376528117359412,60,0.03667481662591687,PAN_PRI_PRD,257,0.15709046454767725,PT_PVEM_MORENA_NAS,922,0.5635696821515892,605,0.3698044009779951,PES,317,0.19376528117359412,60,0.03667481662591687,PAN_PRI_PRD,257,0.15709046454767725,257,0.15709046454767725,922,0.5635696821515892,39,0.023838630806845965,317,0.19376528117359412,37,0.022616136919315404,27,0.01650366748166259,0,0.0,37,0.022616136919315404,1636,1.0,ORIGEN,SECCION,SOLO_COALICIONES
24,26,SONORA,AGUA PRIETA,,7,24,8026,2861,0.35646648392723645,0.6435335160727635,PT_PVEM_MORENA_NAS,1650,0.576721426074799,1183,0.4134917860887801,PAN_PRI_PRD,467,0.1632296399860189,17,0.005941978329255505,PES,450,0.15728766165676336,PT_PVEM_MORENA_NAS,1650,0.576721426074799,1183,0.4134917860887801,PAN_PRI_PRD,467,0.1632296399860189,17,0.005941978329255505,PES,450,0.15728766165676336,467,0.1632296399860189,1650,0.576721426074799,88,0.030758476057322615,450,0.15728766165676336,69,0.02411744145403705,52,0.018175463124781546,2,0.0006990562740300594,83,0.029010835372247464,2861,1.0,ORIGEN,SECCION,SOLO_COALICIONES
25,26,SONORA,AGUA PRIETA,,7,25,2255,988,0.4381374722838137,0.5618625277161863,PT_PVEM_MORENA_NAS,508,0.5141700404858299,277,0.28036437246963564,PES,231,0.23380566801619435,86,0.08704453441295547,PAN_PRI_PRD,145,0.14676113360323886,PT_PVEM_MORENA_NAS,508,0.5141700404858299,277,0.28036437246963564,PES,231,0.23380566801619435,86,0.08704453441295547,PAN_PRI_PRD,145,0.14676113360323886,145,0.14676113360323886,508,0.5141700404858299,37,0.03744939271255061,231,0.23380566801619435,12,0.012145748987854251,14,0.01417004048582996,1,0.0010121457489878543,40,0.04048582995951417,988,1.0,ORIGEN,SECCION,SOLO_COALICIONES
26,26,SONORA,AGUA PRIETA,,7,26,4622,2097,0.45369969710082214,0.5463003028991779,PT_PVEM_MORENA_NAS,912,0.43490701001430615,468,0.22317596566523606,PES,444,0.2117310443490701,96,0.045779685264663805,PAN_PRI_PRD,348,0.1659513590844063,PT_PVEM_MORENA_NAS,912,0.43490701001430615,468,0.22317596566523606,PES,444,0.2117310443490701,96,0.045779685264663805,PAN_PRI_PRD,348,0.1659513590844063,348,0.1659513590844063,912,0.43490701001430615,110,0.05245588936576061,444,0.2117310443490701,92,0.043872198378636144,145,0.06914639961850262,1,0.0004768717215069146,45,0.02145922746781116,2097,1.0,ORIGEN,SECCION,SOLO_COALICIONES
27,26,SONORA,AGUA PRIETA,,7,27,134,98,0.7313432835820896,0.26865671641791045,PT_PVEM_MORENA_NAS,67,0.6836734693877551,49,0.5,PAN_PRI_PRD,18,0.1836734693877551,12,0.12244897959183673,PES,6,0.061224489795918366,PT_PVEM_MORENA_NAS,67,0.6836734693877551,49,0.5,PAN_PRI_PRD,18,0.1836734693877551,12,0.12244897959183673,PES,6,0.061224489795918366,18,0.1836734693877551,67,0.6836734693877551,3,0.030612244897959183,6,0.061224489795918366,1,0.01020408163265306,1,0.01020408163265306,0,0.0,2,0.02040816326530612,98,1.0,ORIGEN,SECCION,SOLO_COALICIONES
28,26,SONORA,AGUA PRIETA,,7,28,126,70,0.5555555555555556,0.4444444444444444,PT_PVEM_MORENA_NAS,51,0.7285714285714285,39,0.5571428571428572,PES,12,0.17142857142857143,9,0.12857142857142856,MC,3,0.04285714285714286,PT_PVEM_MORENA_NAS,51,0.7285714285714285,39,0.5571428571428572,PES,12,0.17142857142857143,9,0.12857142857142856,MC,3,0.04285714285714286,1,0.014285714285714285,51,0.7285714285714285,3,0.04285714285714286,12,0.17142857142857143,0,0.0,1,0.014285714285714285,0,0.0,2,0.02857142857142857,70,1.0,ORIGEN,SECCION,SOLO_COALICIONES
29,26,SONORA,AGUA PRIETA,,7,30,290,132,0.45517241379310347,0.5448275862068965,PT_PVEM_MORENA_NAS,79,0.5984848484848485,53,0.4015151515151515,PES,26,0.19696969696969696,17,0.12878787878787878,FxM,9,0.06818181818181818,PT_PVEM_MORENA_NAS,79,0.5984848484848485,53,0.4015151515151515,PES,26,0.19696969696969696,17,0.12878787878787878,FxM,9,0.06818181818181818,6,0.045454545454545456,79,0.5984848484848485,4,0.030303030303030304,26,0.19696969696969696,5,0.03787878787878788,9,0.06818181818181818,0,0.0,3,0.022727272727272728,132,1.0,ORIGEN,SECCION,SOLO_COALICIONES
30,26,SONORA,AGUA PRIETA,,7,31,4053,1788,0.4411547002220577,0.5588452997779423,PT_PVEM_MORENA_NAS,991,0.5542505592841164,635,0.35514541387024606,PAN_PRI_PRD,356,0.19910514541387025,71,0.03970917225950783,PES,285,0.1593959731543624,PT_PVEM_MORENA_NAS,991,0.5542505592841164,635,0.35514541387024606,PAN_PRI_PRD,356,0.19910514541387025,71,0.03970917225950783,PES,285,0.1593959731543624,356,0.19910514541387025,991,0.5542505592841164,50,0.02796420581655481,285,0.1593959731543624,33,0.018456375838926176,35,0.019574944071588368,0,0.0,38,0.021252796420581657,1788,1.0,ORIGEN,SECCION,SOLO_COALICIONES
31,26,SONORA,AGUA PRIETA,,7,32,324,141,0.4351851851851852,0.5648148148148149,PT_PVEM_MORENA_NAS,71,0.5035460992907801,40,0.28368794326241137,PES,31,0.2198581560283688,9,0.06382978723404255,PAN_PRI_PRD,22,0.15602836879432624,PT_PVEM_MORENA_NAS,71,0.5035460992907801,40,0.28368794326241137,PES,31,0.2198581560283688,9,0.06382978723404255,PAN_PRI_PRD,22,0.15602836879432624,22,0.15602836879432624,71,0.5035460992907801,4,0.028368794326241134,31,0.2198581560283688,1,0.0070921985815602835,2,0.014184397163120567,0,0.0,10,0.07092198581560284,141,1.0,ORIGEN,SECCION,SOLO_COALICIONES
32,26,SONORA,ALAMOS,,21,1109,4198,2317,0.5519294902334445,0.4480705097665555,PT_PVEM_MORENA_NAS,1039,0.44842468709538197,195,0.08416055243849806,PAN_PRI_PRD,844,0.3642641346568839,571,0.24643936124298663,MC,273,0.11782477341389729,PT_PVEM_MORENA_NAS,1039,0.44842468709538197,195,0.08416055243849806,PAN_PRI_PRD,844,0.3642641346568839,571,0.24643936124298663,MC,273,0.11782477341389729,844,0.3642641346568839,1039,0.44842468709538197,273,0.11782477341389729,20,0.008631851532153647,36,0.015537332757876565,15,0.006473888649115235,0,0.0,90,0.03884333189469141,2317,1.0,ORIGEN,SECCION,SOLO_COALICIONES
33,26,SONORA,ALAMOS,,21,1110,1718,1035,0.6024447031431898,0.39755529685681024,PT_PVEM_MORENA_NAS,518,0.5004830917874397,175,0.16908212560386474,PAN_PRI_PRD,343,0.3314009661835749,233,0.2251207729468599,MC,110,0.10628019323671498,PT_PVEM_MORENA_NAS,518,0.5004830917874397,175,0.16908212560386474,PAN_PRI_PRD,343,0.3314009661835749,233,0.2251207729468599,MC,110,0.10628019323671498,343,0.3314009661835749,518,0.5004830917874397,110,0.10628019323671498,11,0.010628019323671498,19,0.018357487922705314,5,0.004830917874396135,0,0.0,29,0.028019323671497585,1035,1.0,ORIGEN,SECCION,SOLO_COALICIONES
34,26,SONORA,ALAMOS,,21,1111,1206,763,0.632669983416252,0.367330016583748,PT_PVEM_MORENA_NAS,442,0.5792922673656619,231,0.30275229357798167,PAN_PRI_PRD,211,0.2765399737876802,151,0.19790301441677588,MC,60,0.07863695937090433,PT_PVEM_MORENA_NAS,442,0.5792922673656619,231,0.30275229357798167,PAN_PRI_PRD,211,0.2765399737876802,151,0.19790301441677588,MC,60,0.07863695937090433,211,0.2765399737876802,442,0.5792922673656619,60,0.07863695937090433,9,0.011795543905635648,15,0.019659239842726082,6,0.007863695937090432,0,0.0,20,0.02621231979030144,763,1.0,ORIGEN,SECCION,SOLO_COALICIONES
35,26,SONORA,ALAMOS,,21,1112,1159,714,0.6160483175150993,0.38395168248490075,PAN_PRI_PRD,347,0.48599439775910364,85,0.11904761904761904,PT_PVEM_MORENA_NAS,262,0.36694677871148457,195,0.27310924369747897,MC,67,0.0938375350140056,PAN_PRI_PRD,347,0.48599439775910364,85,0.11904761904761904,PT_PVEM_MORENA_NAS,262,0.36694677871148457,195,0.27310924369747897,MC,67,0.0938375350140056,347,0.48599439775910364,262,0.36694677871148457,67,0.0938375350140056,7,0.00980392156862745,12,0.01680672268907563,0,0.0,0,0.0,19,0.02661064425770308,714,1.0,ORIGEN,SECCION,SOLO_COALICIONES
36,26,SONORA,ALAMOS,,21,1113,857,461,0.5379229871645275,0.46207701283547253,PT_PVEM_MORENA_NAS,243,0.527114967462039,164,0.3557483731019523,PAN_PRI_PRD,79,0.17136659436008678,45,0.09761388286334056,RSP,34,0.0737527114967462,PT_PVEM_MORENA_NAS,243,0.527114967462039,164,0.3557483731019523,PAN_PRI_PRD,79,0.17136659436008678,45,0.09761388286334056,RSP,34,0.0737527114967462,79,0.17136659436008678,243,0.527114967462039,18,0.039045553145336226,17,0.0368763557483731,34,0.0737527114967462,8,0.01735357917570499,0,0.0,62,0.13449023861171366,461,1.0,ORIGEN,SECCION,SOLO_COALICIONES
37,26,SONORA,ALAMOS,,21,1114,378,243,0.6428571428571429,0.3571428571428571,PT_PVEM_MORENA_NAS,147,0.6049382716049383,76,0.31275720164609055,PAN_PRI_PRD,71,0.29218106995884774,59,0.24279835390946503,MC,12,0.04938271604938271,PT_PVEM_MORENA_NAS,147,0.6049382716049383,76,0.31275720164609055,PAN_PRI_PRD,71,0.29218106995884774,59,0.24279835390946503,MC,12,0.04938271604938271,71,0.29218106995884774,147,0.6049382716049383,12,0.04938271604938271,2,0.00823045267489712,2,0.00823045267489712,5,0.0205761316872428,0,0.0,4,0.01646090534979424,243,1.0,ORIGEN,SECCION,SOLO_COALICIONES
38,26,SONORA,ALAMOS,,21,1115,831,482,0.5800240673886883,0.4199759326113117,PT_PVEM_MORENA_NAS,241,0.5,96,0.1991701244813278,PAN_PRI_PRD,145,0.3008298755186722,114,0.23651452282157676,MC,31,0.06431535269709543,PT_PVEM_MORENA_NAS,241,0.5,96,0.1991701244813278,PAN_PRI_PRD,145,0.3008298755186722,114,0.23651452282157676,MC,31,0.06431535269709543,145,0.3008298755186722,241,0.5,31,0.06431535269709543,11,0.022821576763485476,16,0.03319502074688797,4,0.008298755186721992,0,0.0,34,0.07053941908713693,482,1.0,ORIGEN,SECCION,SOLO_COALICIONES
39,26,SONORA,ALAMOS,,21,1116,160,100,0.625,0.375,PT_PVEM_MORENA_NAS,59,0.59,31,0.31,PAN_PRI_PRD,28,0.28,24,0.24,PES,4,0.04,PT_PVEM_MORENA_NAS,59,0.59,31,0.31,PAN_PRI_PRD,28,0.28,24,0.24,PES,4,0.04,28,0.28,59,0.59,2,0.02,4,0.04,3,0.03,1,0.01,0,0.0,3,0.03,100,1.0,ORIGEN,SECCION,SOLO_COALICIONES
40,26,SONORA,ALAMOS,,21,1117,302,173,0.5728476821192053,0.42715231788079466,PT_PVEM_MORENA_NAS,84,0.48554913294797686,28,0.16184971098265896,PAN_PRI_PRD,56,0.3236994219653179,48,0.2774566473988439,MC,8,0.046242774566473986,PT_PVEM_MORENA_NAS,84,0.48554913294797686,28,0.16184971098265896,PAN_PRI_PRD,56,0.3236994219653179,48,0.2774566473988439,MC,8,0.046242774566473986,56,0.3236994219653179,84,0.48554913294797686,8,0.046242774566473986,4,0.023121387283236993,5,0.028901734104046242,4,0.023121387283236993,0,0.0,12,0.06936416184971098,173,1.0,ORIGEN,SECCION,SOLO_COALICIONES
41,26,SONORA,ALAMOS,,21,1118,352,227,0.6448863636363636,0.35511363636363635,PT_PVEM_MORENA_NAS,126,0.5550660792951542,70,0.30837004405286345,PAN_PRI_PRD,56,0.24669603524229075,48,0.21145374449339208,MC,8,0.03524229074889868,PT_PVEM_MORENA_NAS,126,0.5550660792951542,70,0.30837004405286345,PAN_PRI_PRD,56,0.24669603524229075,48,0.21145374449339208,MC,8,0.03524229074889868,56,0.24669603524229075,126,0.5550660792951542,8,0.03524229074889868,8,0.03524229074889868,7,0.030837004405286344,4,0.01762114537444934,0,0.0,18,0.07929515418502203,227,1.0,ORIGEN,SECCION,SOLO_COALICIONES
42,26,SONORA,ALAMOS,,21,1120,235,145,0.6170212765957447,0.3829787234042553,PT_PVEM_MORENA_NAS,91,0.6275862068965518,55,0.3793103448275862,PAN_PRI_PRD,36,0.2482758620689655,33,0.22758620689655173,RSP,3,0.020689655172413793,PT_PVEM_MORENA_NAS,91,0.6275862068965518,55,0.3793103448275862,PAN_PRI_PRD,36,0.2482758620689655,33,0.22758620689655173,RSP,3,0.020689655172413793,36,0.2482758620689655,91,0.6275862068965518,2,0.013793103448275862,0,0.0,3,0.020689655172413793,0,0.0,0,0.0,13,0.0896551724137931,145,1.0,ORIGEN,SECCION,SOLO_COALICIONES
43,26,SONORA,ALAMOS,,21,1121,294,167,0.5680272108843537,0.4319727891156463,PT_PVEM_MORENA_NAS,108,0.6467065868263473,80,0.47904191616766467,PAN_PRI_PRD,28,0.16766467065868262,21,0.12574850299401197,MC,7,0.041916167664670656,PT_PVEM_MORENA_NAS,108,0.6467065868263473,80,0.47904191616766467,PAN_PRI_PRD,28,0.16766467065868262,21,0.12574850299401197,MC,7,0.041916167664670656,28,0.16766467065868262,108,0.6467065868263473,7,0.041916167664670656,3,0.017964071856287425,4,0.023952095808383235,4,0.023952095808383235,0,0.0,13,0.07784431137724551,167,1.0,ORIGEN,SECCION,SOLO_COALICIONES
44,26,SONORA,ALAMOS,,21,1122,496,305,0.6149193548387096,0.38508064516129037,PT_PVEM_MORENA_NAS,145,0.47540983606557374,54,0.17704918032786884,PAN_PRI_PRD,91,0.2983606557377049,72,0.2360655737704918,MC,19,0.06229508196721312,PT_PVEM_MORENA_NAS,145,0.47540983606557374,54,0.17704918032786884,PAN_PRI_PRD,91,0.2983606557377049,72,0.2360655737704918,MC,19,0.06229508196721312,91,0.2983606557377049,145,0.47540983606557374,19,0.06229508196721312,3,0.009836065573770493,9,0.029508196721311476,2,0.006557377049180328,0,0.0,36,0.1180327868852459,305,1.0,ORIGEN,SECCION,SOLO_COALICIONES
45,26,SONORA,ALAMOS,,21,1123,599,354,0.5909849749582637,0.40901502504173626,PT_PVEM_MORENA_NAS,144,0.4067796610169492,68,0.192090395480226,RSP,76,0.21468926553672316,13,0.03672316384180791,PAN_PRI_PRD,63,0.17796610169491525,PT_PVEM_MORENA_NAS,144,0.4067796610169492,68,0.192090395480226,RSP,76,0.21468926553672316,13,0.03672316384180791,PAN_PRI_PRD,63,0.17796610169491525,63,0.17796610169491525,144,0.4067796610169492,27,0.07627118644067797,16,0.04519774011299435,76,0.21468926553672316,3,0.00847457627118644,0,0.0,25,0.07062146892655367,354,1.0,ORIGEN,SECCION,SOLO_COALICIONES
46,26,SONORA,ALAMOS,,21,1124,1200,588,0.49,0.51,PT_PVEM_MORENA_NAS,273,0.4642857142857143,159,0.27040816326530615,MC,114,0.19387755102040816,7,0.011904761904761904,PAN_PRI_PRD,107,0.18197278911564627,PT_PVEM_MORENA_NAS,273,0.4642857142857143,159,0.27040816326530615,MC,114,0.19387755102040816,7,0.011904761904761904,PAN_PRI_PRD,107,0.18197278911564627,107,0.18197278911564627,273,0.4642857142857143,114,0.19387755102040816,13,0.022108843537414966,53,0.09013605442176871,9,0.015306122448979591,0,0.0,19,0.03231292517006803,588,1.0,ORIGEN,SECCION,SOLO_COALICIONES
47,26,SONORA,ALAMOS,,21,1125,568,303,0.5334507042253521,0.4665492957746479,PT_PVEM_MORENA_NAS,155,0.5115511551155115,100,0.33003300330033003,RSP,55,0.18151815181518152,15,0.04950495049504951,PAN_PRI_PRD,40,0.132013201320132,PT_PVEM_MORENA_NAS,155,0.5115511551155115,100,0.33003300330033003,RSP,55,0.18151815181518152,15,0.04950495049504951,PAN_PRI_PRD,40,0.132013201320132,40,0.132013201320132,155,0.5115511551155115,23,0.07590759075907591,9,0.0297029702970297,55,0.18151815181518152,5,0.0165016501650165,0,0.0,16,0.052805280528052806,303,1.0,ORIGEN,SECCION,SOLO_COALICIONES
48,26,SONORA,ALAMOS,,21,1126,135,99,0.7333333333333333,0.2666666666666667,PAN_PRI_PRD,43,0.43434343434343436,1,0.010101010101010102,PT_PVEM_MORENA_NAS,42,0.42424242424242425,35,0.35353535353535354,MC,7,0.0707070707070707,PAN_PRI_PRD,43,0.43434343434343436,1,0.010101010101010102,PT_PVEM_MORENA_NAS,42,0.42424242424242425,35,0.35353535353535354,MC,7,0.0707070707070707,43,0.43434343434343436,42,0.42424242424242425,7,0.0707070707070707,1,0.010101010101010102,1,0.010101010101010102,0,0.0,0,0.0,5,0.050505050505050504,99,1.0,ORIGEN,SECCION,SOLO_COALICIONES
49,26,SONORA,ALAMOS,,21,1127,168,82,0.4880952380952381,0.5119047619047619,PAN_PRI_PRD,31,0.3780487804878049,5,0.06097560975609756,PT_PVEM_MORENA_NAS,26,0.3170731707317073,22,0.2682926829268293,FxM,4,0.04878048780487805,PAN_PRI_PRD,31,0.3780487804878049,5,0.06097560975609756,PT_PVEM_MORENA_NAS,26,0.3170731707317073,22,0.2682926829268293,FxM,4,0.04878048780487805,31,0.3780487804878049,26,0.3170731707317073,3,0.036585365853658534,2,0.024390243902439025,3,0.036585365853658534,4,0.04878048780487805,0,0.0,13,0.15853658536585366,82,1.0,ORIGEN,SECCION,SOLO_COALICIONES
50,26,SONORA,ALAMOS,,21,1128,295,151,0.511864406779661,0.48813559322033895,PT_PVEM_MORENA_NAS,64,0.423841059602649,15,0.09933774834437085,PAN_PRI_PRD,49,0.32450331125827814,34,0.2251655629139073,RSP,15,0.09933774834437085,PT_PVEM_MORENA_NAS,64,0.423841059602649,15,0.09933774834437085,PAN_PRI_PRD,49,0.32450331125827814,34,0.2251655629139073,RSP,15,0.09933774834437085,49,0.32450331125827814,64,0.423841059602649,6,0.039735099337748346,4,0.026490066225165563,15,0.09933774834437085,4,0.026490066225165563,0,0.0,9,0.059602649006622516,151,1.0,ORIGEN,SECCION,SOLO_COALICIONES
51,26,SONORA,ALAMOS,,21,1129,150,105,0.7,0.30000000000000004,PT_PVEM_MORENA_NAS,64,0.6095238095238096,50,0.47619047619047616,PAN_PRI_PRD,14,0.13333333333333333,7,0.06666666666666667,MC,7,0.06666666666666667,PT_PVEM_MORENA_NAS,64,0.6095238095238096,50,0.47619047619047616,PAN_PRI_PRD,14,0.13333333333333333,7,0.06666666666666667,MC,7,0.06666666666666667,14,0.13333333333333333,64,0.6095238095238096,7,0.06666666666666667,5,0.047619047619047616,6,0.05714285714285714,3,0.02857142857142857,0,0.0,6,0.05714285714285714,105,1.0,ORIGEN,SECCION,SOLO_COALICIONES
52,26,SONORA,ALAMOS,,21,1130,867,543,0.6262975778546713,0.37370242214532867,PT_PVEM_MORENA_NAS,291,0.5359116022099447,153,0.281767955801105,PAN_PRI_PRD,138,0.2541436464088398,90,0.16574585635359115,MC,48,0.08839779005524862,PT_PVEM_MORENA_NAS,291,0.5359116022099447,153,0.281767955801105,PAN_PRI_PRD,138,0.2541436464088398,90,0.16574585635359115,MC,48,0.08839779005524862,138,0.2541436464088398,291,0.5359116022099447,48,0.08839779005524862,8,0.014732965009208104,13,0.02394106813996317,7,0.01289134438305709,0,0.0,38,0.06998158379373849,543,1.0,ORIGEN,SECCION,SOLO_COALICIONES
53,26,SONORA,ALAMOS,,21,1131,749,268,0.35781041388518026,0.6421895861148197,PT_PVEM_MORENA_NAS,131,0.48880597014925375,61,0.22761194029850745,PAN_PRI_PRD,70,0.26119402985074625,56,0.208955223880597,RSP,14,0.05223880597014925,PT_PVEM_MORENA_NAS,131,0.48880597014925375,61,0.22761194029850745,PAN_PRI_PRD,70,0.26119402985074625,56,0.208955223880597,RSP,14,0.05223880597014925,70,0.26119402985074625,131,0.48880597014925375,9,0.033582089552238806,12,0.04477611940298507,14,0.05223880597014925,3,0.011194029850746268,0,0.0,29,0.10820895522388059,268,1.0,ORIGEN,SECCION,SOLO_COALICIONES
54,26,SONORA,ALAMOS,,21,1132,333,235,0.7057057057057057,0.2942942942942943,PT_PVEM_MORENA_NAS,148,0.6297872340425532,87,0.3702127659574468,PAN_PRI_PRD,61,0.25957446808510637,55,0.23404255319148937,MC,6,0.02553191489361702,PT_PVEM_MORENA_NAS,148,0.6297872340425532,87,0.3702127659574468,PAN_PRI_PRD,61,0.25957446808510637,55,0.23404255319148937,MC,6,0.02553191489361702,61,0.25957446808510637,148,0.6297872340425532,6,0.02553191489361702,3,0.01276595744680851,5,0.02127659574468085,3,0.01276595744680851,0,0.0,9,0.03829787234042553,235,1.0,ORIGEN,SECCION,SOLO_COALICIONES
55,26,SONORA,ALAMOS,,21,1133,507,275,0.5424063116370809,0.45759368836291914,PT_PVEM_MORENA_NAS,143,0.52,62,0.22545454545454546,PAN_PRI_PRD,81,0.29454545454545455,73,0.26545454545454544,RSP,8,0.02909090909090909,PT_PVEM_MORENA_NAS,143,0.52,62,0.22545454545454546,PAN_PRI_PRD,81,0.29454545454545455,73,0.26545454545454544,RSP,8,0.02909090909090909,81,0.29454545454545455,143,0.52,5,0.01818181818181818,4,0.014545454545454545,8,0.02909090909090909,3,0.01090909090909091,0,0.0,31,0.11272727272727273,275,1.0,ORIGEN,SECCION,SOLO_COALICIONES
56,26,SONORA,ALAMOS,,21,1134,483,295,0.6107660455486542,0.3892339544513458,PT_PVEM_MORENA_NAS,161,0.5457627118644067,84,0.2847457627118644,PAN_PRI_PRD,77,0.26101694915254237,62,0.21016949152542372,MC,15,0.05084745762711865,PT_PVEM_MORENA_NAS,161,0.5457627118644067,84,0.2847457627118644,PAN_PRI_PRD,77,0.26101694915254237,62,0.21016949152542372,MC,15,0.05084745762711865,77,0.26101694915254237,161,0.5457627118644067,15,0.05084745762711865,10,0.03389830508474576,9,0.030508474576271188,6,0.020338983050847456,0,0.0,17,0.0576271186440678,295,1.0,ORIGEN,SECCION,SOLO_COALICIONES
57,26,SONORA,ALAMOS,,21,1135,485,294,0.6061855670103092,0.39381443298969077,PT_PVEM_MORENA_NAS,172,0.5850340136054422,119,0.40476190476190477,PAN_PRI_PRD,53,0.18027210884353742,33,0.11224489795918367,MC,20,0.06802721088435375,PT_PVEM_MORENA_NAS,172,0.5850340136054422,119,0.40476190476190477,PAN_PRI_PRD,53,0.18027210884353742,33,0.11224489795918367,MC,20,0.06802721088435375,53,0.18027210884353742,172,0.5850340136054422,20,0.06802721088435375,3,0.01020408163265306,14,0.047619047619047616,3,0.01020408163265306,0,0.0,29,0.09863945578231292,294,1.0,ORIGEN,SECCION,SOLO_COALICIONES
58,26,SONORA,ALAMOS,,21,1136,265,132,0.4981132075471698,0.5018867924528302,PT_PVEM_MORENA_NAS,77,0.5833333333333334,45,0.3409090909090909,PAN_PRI_PRD,32,0.24242424242424243,25,0.1893939393939394,MC,7,0.05303030303030303,PT_PVEM_MORENA_NAS,77,0.5833333333333334,45,0.3409090909090909,PAN_PRI_PRD,32,0.24242424242424243,25,0.1893939393939394,MC,7,0.05303030303030303,32,0.24242424242424243,77,0.5833333333333334,7,0.05303030303030303,3,0.022727272727272728,2,0.015151515151515152,2,0.015151515151515152,0,0.0,9,0.06818181818181818,132,1.0,ORIGEN,SECCION,SOLO_COALICIONES
59,26,SONORA,ALAMOS,,21,1137,570,280,0.49122807017543857,0.5087719298245614,PT_PVEM_MORENA_NAS,156,0.5571428571428572,79,0.28214285714285714,PAN_PRI_PRD,77,0.275,67,0.2392857142857143,MC,10,0.03571428571428571,PT_PVEM_MORENA_NAS,156,0.5571428571428572,79,0.28214285714285714,PAN_PRI_PRD,77,0.275,67,0.2392857142857143,MC,10,0.03571428571428571,77,0.275,156,0.5571428571428572,10,0.03571428571428571,7,0.025,5,0.017857142857142856,3,0.010714285714285714,0,0.0,22,0.07857142857142857,280,1.0,ORIGEN,SECCION,SOLO_COALICIONES
60,26,SONORA,ALTAR,,3,34,1369,820,0.5989773557341125,0.4010226442658875,PT_PVEM_MORENA_NAS,516,0.6292682926829268,258,0.3146341463414634,PAN_PRI_PRD,258,0.3146341463414634,248,0.3024390243902439,MC,10,0.012195121951219513,PT_PVEM_MORENA_NAS,516,0.6292682926829268,258,0.3146341463414634,PAN_PRI_PRD,258,0.3146341463414634,248,0.3024390243902439,MC,10,0.012195121951219513,258,0.3146341463414634,516,0.6292682926829268,10,0.012195121951219513,6,0.007317073170731708,4,0.004878048780487805,1,0.0012195121951219512,0,0.0,25,0.03048780487804878,820,1.0,ORIGEN,SECCION,SOLO_COALICIONES
61,26,SONORA,ALTAR,,3,35,2313,1346,0.5819282317336792,0.41807176826632075,PT_PVEM_MORENA_NAS,718,0.5334323922734027,193,0.14338781575037146,PAN_PRI_PRD,525,0.3900445765230312,503,0.3736998514115899,MC,22,0.01634472511144131,PT_PVEM_MORENA_NAS,718,0.5334323922734027,193,0.14338781575037146,PAN_PRI_PRD,525,0.3900445765230312,503,0.3736998514115899,MC,22,0.01634472511144131,525,0.3900445765230312,718,0.5334323922734027,22,0.01634472511144131,10,0.007429420505200594,8,0.005943536404160475,7,0.005200594353640416,0,0.0,56,0.041604754829123326,1346,1.0,ORIGEN,SECCION,SOLO_COALICIONES
62,26,SONORA,ALTAR,,3,37,281,163,0.5800711743772242,0.4199288256227758,PT_PVEM_MORENA_NAS,97,0.5950920245398773,58,0.3558282208588957,PAN_PRI_PRD,39,0.2392638036809816,32,0.19631901840490798,MC,7,0.04294478527607362,PT_PVEM_MORENA_NAS,97,0.5950920245398773,58,0.3558282208588957,PAN_PRI_PRD,39,0.2392638036809816,32,0.19631901840490798,MC,7,0.04294478527607362,39,0.2392638036809816,97,0.5950920245398773,7,0.04294478527607362,1,0.006134969325153374,4,0.024539877300613498,3,0.018404907975460124,0,0.0,12,0.0736196319018405,163,1.0,ORIGEN,SECCION,SOLO_COALICIONES
63,26,SONORA,ALTAR,,3,1362,505,288,0.5702970297029702,0.42970297029702975,PT_PVEM_MORENA_NAS,179,0.6215277777777778,95,0.3298611111111111,PAN_PRI_PRD,84,0.2916666666666667,78,0.2708333333333333,MC,6,0.020833333333333332,PT_PVEM_MORENA_NAS,179,0.6215277777777778,95,0.3298611111111111,PAN_PRI_PRD,84,0.2916666666666667,78,0.2708333333333333,MC,6,0.020833333333333332,84,0.2916666666666667,179,0.6215277777777778,6,0.020833333333333332,1,0.003472222222222222,3,0.010416666666666666,2,0.006944444444444444,0,0.0,13,0.04513888888888889,288,1.0,ORIGEN,SECCION,SOLO_COALICIONES
64,26,SONORA,ALTAR,,3,1363,847,511,0.6033057851239669,0.39669421487603307,PT_PVEM_MORENA_NAS,292,0.5714285714285714,109,0.21330724070450097,PAN_PRI_PRD,183,0.35812133072407043,174,0.3405088062622309,MC,9,0.01761252446183953,PT_PVEM_MORENA_NAS,292,0.5714285714285714,109,0.21330724070450097,PAN_PRI_PRD,183,0.35812133072407043,174,0.3405088062622309,MC,9,0.01761252446183953,183,0.35812133072407043,292,0.5714285714285714,9,0.01761252446183953,4,0.007827788649706457,6,0.011741682974559686,2,0.003913894324853229,0,0.0,15,0.029354207436399216,511,1.0,ORIGEN,SECCION,SOLO_COALICIONES
65,26,SONORA,ALTAR,,3,1364,809,449,0.5550061804697157,0.4449938195302843,PT_PVEM_MORENA_NAS,260,0.579064587973274,106,0.23608017817371937,PAN_PRI_PRD,154,0.3429844097995546,147,0.3273942093541203,MC,7,0.015590200445434299,PT_PVEM_MORENA_NAS,260,0.579064587973274,106,0.23608017817371937,PAN_PRI_PRD,154,0.3429844097995546,147,0.3273942093541203,MC,7,0.015590200445434299,154,0.3429844097995546,260,0.579064587973274,7,0.015590200445434299,7,0.015590200445434299,2,0.004454342984409799,4,0.008908685968819599,0,0.0,15,0.0334075723830735,449,1.0,ORIGEN,SECCION,SOLO_COALICIONES
66,26,SONORA,ALTAR,,3,1365,711,400,0.5625879043600562,0.43741209563994377,PT_PVEM_MORENA_NAS,234,0.585,97,0.2425,PAN_PRI_PRD,137,0.3425,133,0.3325,MC,4,0.01,PT_PVEM_MORENA_NAS,234,0.585,97,0.2425,PAN_PRI_PRD,137,0.3425,133,0.3325,MC,4,0.01,137,0.3425,234,0.585,4,0.01,1,0.0025,2,0.005,4,0.01,0,0.0,18,0.045,400,1.0,ORIGEN,SECCION,SOLO_COALICIONES
67,26,SONORA,ARIVECHI,,18,38,784,584,0.7448979591836735,0.2551020408163265,PT_PVEM_MORENA_NAS,239,0.4092465753424658,48,0.0821917808219178,PAN_PRI_PRD,191,0.3270547945205479,131,0.2243150684931507,PES,60,0.10273972602739725,PT_PVEM_MORENA_NAS,239,0.4092465753424658,48,0.0821917808219178,PAN_PRI_PRD,191,0.3270547945205479,131,0.2243150684931507,PES,60,0.10273972602739725,191,0.3270547945205479,239,0.4092465753424658,40,0.0684931506849315,60,0.10273972602739725,2,0.003424657534246575,4,0.00684931506849315,0,0.0,48,0.0821917808219178,584,1.0,ORIGEN,SECCION,SOLO_COALICIONES
68,26,SONORA,ARIVECHI,,18,39,213,172,0.8075117370892019,0.19248826291079812,PT_PVEM_MORENA_NAS,97,0.563953488372093,66,0.38372093023255816,PES,31,0.18023255813953487,14,0.08139534883720931,PAN_PRI_PRD,17,0.09883720930232558,PT_PVEM_MORENA_NAS,97,0.563953488372093,66,0.38372093023255816,PES,31,0.18023255813953487,14,0.08139534883720931,PAN_PRI_PRD,17,0.09883720930232558,17,0.09883720930232558,97,0.563953488372093,14,0.08139534883720931,31,0.18023255813953487,3,0.01744186046511628,1,0.005813953488372093,0,0.0,9,0.05232558139534884,172,1.0,ORIGEN,SECCION,SOLO_COALICIONES
69,26,SONORA,ARIVECHI,,18,40,104,88,0.8461538461538461,0.15384615384615385,PT_PVEM_MORENA_NAS,45,0.5113636363636364,10,0.11363636363636363,PAN_PRI_PRD,35,0.3977272727272727,31,0.3522727272727273,PES,4,0.045454545454545456,PT_PVEM_MORENA_NAS,45,0.5113636363636364,10,0.11363636363636363,PAN_PRI_PRD,35,0.3977272727272727,31,0.3522727272727273,PES,4,0.045454545454545456,35,0.3977272727272727,45,0.5113636363636364,1,0.011363636363636364,4,0.045454545454545456,1,0.011363636363636364,0,0.0,0,0.0,2,0.022727272727272728,88,1.0,ORIGEN,SECCION,SOLO_COALICIONES
70,26,SONORA,ARIZPE,,18,41,804,606,0.753731343283582,0.24626865671641796,PT_PVEM_MORENA_NAS,315,0.5198019801980198,74,0.12211221122112212,PAN_PRI_PRD,241,0.3976897689768977,233,0.3844884488448845,RSP,8,0.013201320132013201,PT_PVEM_MORENA_NAS,315,0.5198019801980198,74,0.12211221122112212,PAN_PRI_PRD,241,0.3976897689768977,233,0.3844884488448845,RSP,8,0.013201320132013201,241,0.3976897689768977,315,0.5198019801980198,6,0.009900990099009901,3,0.0049504950495049506,8,0.013201320132013201,2,0.0033003300330033004,0,0.0,31,0.05115511551155116,606,1.0,ORIGEN,SECCION,SOLO_COALICIONES
71,26,SONORA,ARIZPE,,18,42,1039,817,0.7863330125120308,0.2136669874879692,PAN_PRI_PRD,412,0.5042839657282742,56,0.06854345165238677,PT_PVEM_MORENA_NAS,356,0.4357405140758874,349,0.42717258261933905,RSP,7,0.008567931456548347,PAN_PRI_PRD,412,0.5042839657282742,56,0.06854345165238677,PT_PVEM_MORENA_NAS,356,0.4357405140758874,349,0.42717258261933905,RSP,7,0.008567931456548347,412,0.5042839657282742,356,0.4357405140758874,5,0.006119951040391677,3,0.0036719706242350062,7,0.008567931456548347,1,0.0012239902080783353,0,0.0,33,0.04039167686658507,817,1.0,ORIGEN,SECCION,SOLO_COALICIONES
72,26,SONORA,ARIZPE,,18,43,485,369,0.7608247422680412,0.2391752577319588,PAN_PRI_PRD,182,0.4932249322493225,17,0.04607046070460705,PT_PVEM_MORENA_NAS,165,0.44715447154471544,161,0.4363143631436314,MC,4,0.01084010840108401,PAN_PRI_PRD,182,0.4932249322493225,17,0.04607046070460705,PT_PVEM_MORENA_NAS,165,0.44715447154471544,161,0.4363143631436314,MC,4,0.01084010840108401,182,0.4932249322493225,165,0.44715447154471544,4,0.01084010840108401,1,0.0027100271002710027,1,0.0027100271002710027,1,0.0027100271002710027,0,0.0,15,0.04065040650406504,369,1.0,ORIGEN,SECCION,SOLO_COALICIONES
73,26,SONORA,ARIZPE,,18,44,334,237,0.7095808383233533,0.2904191616766467,PT_PVEM_MORENA_NAS,137,0.5780590717299579,55,0.2320675105485232,PAN_PRI_PRD,82,0.3459915611814346,79,0.3333333333333333,RSP,3,0.012658227848101266,PT_PVEM_MORENA_NAS,137,0.5780590717299579,55,0.2320675105485232,PAN_PRI_PRD,82,0.3459915611814346,79,0.3333333333333333,RSP,3,0.012658227848101266,82,0.3459915611814346,137,0.5780590717299579,1,0.004219409282700422,2,0.008438818565400843,3,0.012658227848101266,1,0.004219409282700422,0,0.0,11,0.046413502109704644,237,1.0,ORIGEN,SECCION,SOLO_COALICIONES
74,26,SONORA,ARIZPE,,18,45,280,177,0.6321428571428571,0.3678571428571429,PT_PVEM_MORENA_NAS,107,0.6045197740112994,54,0.3050847457627119,PAN_PRI_PRD,53,0.2994350282485876,50,0.2824858757062147,PES,3,0.01694915254237288,PT_PVEM_MORENA_NAS,107,0.6045197740112994,54,0.3050847457627119,PAN_PRI_PRD,53,0.2994350282485876,50,0.2824858757062147,PES,3,0.01694915254237288,53,0.2994350282485876,107,0.6045197740112994,1,0.005649717514124294,3,0.01694915254237288,3,0.01694915254237288,2,0.011299435028248588,0,0.0,8,0.04519774011299435,177,1.0,ORIGEN,SECCION,SOLO_COALICIONES
75,26,SONORA,ATIL,,3,46,776,325,0.41881443298969073,0.5811855670103092,PAN_PRI_PRD,173,0.5323076923076923,53,0.16307692307692306,PT_PVEM_MORENA_NAS,120,0.36923076923076925,115,0.35384615384615387,RSP,5,0.015384615384615385,PAN_PRI_PRD,173,0.5323076923076923,53,0.16307692307692306,PT_PVEM_MORENA_NAS,120,0.36923076923076925,115,0.35384615384615387,RSP,5,0.015384615384615385,173,0.5323076923076923,120,0.36923076923076925,1,0.003076923076923077,1,0.003076923076923077,5,0.015384615384615385,2,0.006153846153846154,0,0.0,23,0.07076923076923076,325,1.0,ORIGEN,SECCION,SOLO_COALICIONES
76,26,SONORA,BACADEHUACHI,,18,47,1148,952,0.8292682926829268,0.1707317073170732,PT_PVEM_MORENA_NAS,550,0.5777310924369747,208,0.2184873949579832,PAN_PRI_PRD,342,0.3592436974789916,332,0.3487394957983193,MC,10,0.01050420168067227,PT_PVEM_MORENA_NAS,550,0.5777310924369747,208,0.2184873949579832,PAN_PRI_PRD,342,0.3592436974789916,332,0.3487394957983193,MC,10,0.01050420168067227,342,0.3592436974789916,550,0.5777310924369747,10,0.01050420168067227,6,0.0063025210084033615,3,0.0031512605042016808,3,0.0031512605042016808,1,0.0010504201680672268,37,0.038865546218487396,952,1.0,ORIGEN,SECCION,SOLO_COALICIONES
77,26,SONORA,BACANORA,,18,48,801,598,0.7465667915106118,0.2534332084893882,PAN_PRI_PRD,324,0.5418060200668896,77,0.12876254180602006,PT_PVEM_MORENA_NAS,247,0.41304347826086957,244,0.4080267558528428,FxM,3,0.005016722408026756,PAN_PRI_PRD,324,0.5418060200668896,77,0.12876254180602006,PT_PVEM_MORENA_NAS,247,0.41304347826086957,244,0.4080267558528428,FxM,3,0.005016722408026756,324,0.5418060200668896,247,0.41304347826086957,2,0.0033444816053511705,1,0.0016722408026755853,2,0.0033444816053511705,3,0.005016722408026756,0,0.0,19,0.03177257525083612,598,1.0,ORIGEN,SECCION,SOLO_COALICIONES
78,26,SONORA,BACANORA,,18,49,150,125,0.8333333333333334,0.16666666666666663,PT_PVEM_MORENA_NAS,76,0.608,32,0.256,PAN_PRI_PRD,44,0.352,42,0.336,MC,2,0.016,PT_PVEM_MORENA_NAS,76,0.608,32,0.256,PAN_PRI_PRD,44,0.352,42,0.336,MC,2,0.016,44,0.352,76,0.608,2,0.016,1,0.008,0,0.0,0,0.0,0,0.0,2,0.016,125,1.0,ORIGEN,SECCION,SOLO_COALICIONES
79,26,SONORA,BACANORA,,18,51,155,101,0.6516129032258065,0.34838709677419355,PT_PVEM_MORENA_NAS,78,0.7722772277227723,60,0.594059405940594,PAN_PRI_PRD,18,0.1782178217821782,14,0.13861386138613863,RSP,4,0.039603960396039604,PT_PVEM_MORENA_NAS,78,0.7722772277227723,60,0.594059405940594,PAN_PRI_PRD,18,0.1782178217821782,14,0.13861386138613863,RSP,4,0.039603960396039604,18,0.1782178217821782,78,0.7722772277227723,0,0.0,1,0.009900990099009901,4,0.039603960396039604,0,0.0,0,0.0,0,0.0,101,1.0,ORIGEN,SECCION,SOLO_COALICIONES
80,26,SONORA,BACERAC,,18,52,1159,956,0.8248490077653149,0.1751509922346851,PT_PVEM_MORENA_NAS,579,0.6056485355648535,244,0.25523012552301255,PAN_PRI_PRD,335,0.350418410041841,323,0.3378661087866109,MC,12,0.012552301255230125,PT_PVEM_MORENA_NAS,579,0.6056485355648535,244,0.25523012552301255,PAN_PRI_PRD,335,0.350418410041841,323,0.3378661087866109,MC,12,0.012552301255230125,335,0.350418410041841,579,0.6056485355648535,12,0.012552301255230125,0,0.0,3,0.0031380753138075313,4,0.0041841004184100415,0,0.0,23,0.02405857740585774,956,1.0,ORIGEN,SECCION,SOLO_COALICIONES
81,26,SONORA,BACOACHI,,7,54,1119,711,0.6353887399463807,0.3646112600536193,PT_PVEM_MORENA_NAS,265,0.3727144866385373,7,0.009845288326300985,PAN_PRI_PRD,258,0.3628691983122363,159,0.22362869198312235,MC,99,0.13924050632911392,PT_PVEM_MORENA_NAS,265,0.3727144866385373,7,0.009845288326300985,PAN_PRI_PRD,258,0.3628691983122363,159,0.22362869198312235,MC,99,0.13924050632911392,258,0.3628691983122363,265,0.3727144866385373,99,0.13924050632911392,12,0.016877637130801686,5,0.007032348804500703,9,0.012658227848101266,0,0.0,63,0.08860759493670886,711,1.0,ORIGEN,SECCION,SOLO_COALICIONES
82,26,SONORA,BACOACHI,,7,55,343,217,0.6326530612244898,0.36734693877551017,PAN_PRI_PRD,81,0.37327188940092165,8,0.03686635944700461,PT_PVEM_MORENA_NAS,73,0.33640552995391704,40,0.18433179723502305,MC,33,0.15207373271889402,PAN_PRI_PRD,81,0.37327188940092165,8,0.03686635944700461,PT_PVEM_MORENA_NAS,73,0.33640552995391704,40,0.18433179723502305,MC,33,0.15207373271889402,81,0.37327188940092165,73,0.33640552995391704,33,0.15207373271889402,1,0.004608294930875576,1,0.004608294930875576,2,0.009216589861751152,0,0.0,26,0.11981566820276497,217,1.0,ORIGEN,SECCION,SOLO_COALICIONES
83,26,SONORA,BACUM,,14,760,1564,820,0.5242966751918159,0.4757033248081841,PT_PVEM_MORENA_NAS,383,0.46707317073170734,196,0.23902439024390243,PAN_PRI_PRD,187,0.2280487804878049,87,0.10609756097560975,FxM,100,0.12195121951219512,PT_PVEM_MORENA_NAS,383,0.46707317073170734,196,0.23902439024390243,PAN_PRI_PRD,187,0.2280487804878049,87,0.10609756097560975,FxM,100,0.12195121951219512,187,0.2280487804878049,383,0.46707317073170734,90,0.10975609756097561,13,0.015853658536585366,35,0.042682926829268296,100,0.12195121951219512,0,0.0,12,0.014634146341463415,820,1.0,ORIGEN,SECCION,SOLO_COALICIONES
84,26,SONORA,BACUM,,14,761,1985,1096,0.5521410579345088,0.44785894206549115,PT_PVEM_MORENA_NAS,466,0.4251824817518248,173,0.15784671532846714,PAN_PRI_PRD,293,0.26733576642335766,169,0.1541970802919708,MC,124,0.11313868613138686,PT_PVEM_MORENA_NAS,466,0.4251824817518248,173,0.15784671532846714,PAN_PRI_PRD,293,0.26733576642335766,169,0.1541970802919708,MC,124,0.11313868613138686,293,0.26733576642335766,466,0.4251824817518248,124,0.11313868613138686,17,0.01551094890510949,57,0.05200729927007299,94,0.08576642335766424,0,0.0,45,0.04105839416058394,1096,1.0,ORIGEN,SECCION,SOLO_COALICIONES
85,26,SONORA,BACUM,,14,762,1805,493,0.27313019390581716,0.7268698060941828,PT_PVEM_MORENA_NAS,274,0.5557809330628803,188,0.3813387423935091,RSP,86,0.1744421906693712,47,0.09533468559837728,MC,39,0.07910750507099391,PT_PVEM_MORENA_NAS,274,0.5557809330628803,188,0.3813387423935091,RSP,86,0.1744421906693712,47,0.09533468559837728,MC,39,0.07910750507099391,33,0.06693711967545639,274,0.5557809330628803,39,0.07910750507099391,14,0.028397565922920892,86,0.1744421906693712,32,0.06490872210953347,0,0.0,15,0.030425963488843813,493,1.0,ORIGEN,SECCION,SOLO_COALICIONES
86,26,SONORA,BACUM,,14,763,383,208,0.5430809399477807,0.4569190600522193,PT_PVEM_MORENA_NAS,105,0.5048076923076923,62,0.2980769230769231,FxM,43,0.20673076923076922,5,0.02403846153846154,PAN_PRI_PRD,38,0.18269230769230768,PT_PVEM_MORENA_NAS,105,0.5048076923076923,62,0.2980769230769231,FxM,43,0.20673076923076922,5,0.02403846153846154,PAN_PRI_PRD,38,0.18269230769230768,38,0.18269230769230768,105,0.5048076923076923,8,0.038461538461538464,3,0.014423076923076924,6,0.028846153846153848,43,0.20673076923076922,0,0.0,5,0.02403846153846154,208,1.0,ORIGEN,SECCION,SOLO_COALICIONES
87,26,SONORA,BACUM,,14,764,669,394,0.5889387144992526,0.4110612855007474,PT_PVEM_MORENA_NAS,160,0.40609137055837563,35,0.08883248730964467,PAN_PRI_PRD,125,0.31725888324873097,70,0.17766497461928935,RSP,55,0.13959390862944163,PT_PVEM_MORENA_NAS,160,0.40609137055837563,35,0.08883248730964467,PAN_PRI_PRD,125,0.31725888324873097,70,0.17766497461928935,RSP,55,0.13959390862944163,125,0.31725888324873097,160,0.40609137055837563,15,0.03807106598984772,3,0.007614213197969543,55,0.13959390862944163,23,0.0583756345177665,0,0.0,13,0.03299492385786802,394,1.0,ORIGEN,SECCION,SOLO_COALICIONES
88,26,SONORA,BACUM,,14,765,2239,1101,0.49173738276016077,0.5082626172398392,PT_PVEM_MORENA_NAS,505,0.4586739327883742,215,0.1952770208900999,PAN_PRI_PRD,290,0.2633969118982743,189,0.17166212534059946,MC,101,0.09173478655767484,PT_PVEM_MORENA_NAS,505,0.4586739327883742,215,0.1952770208900999,PAN_PRI_PRD,290,0.2633969118982743,189,0.17166212534059946,MC,101,0.09173478655767484,290,0.2633969118982743,505,0.4586739327883742,101,0.09173478655767484,14,0.012715712988192553,81,0.07356948228882834,80,0.07266121707538602,0,0.0,30,0.027247956403269755,1101,1.0,ORIGEN,SECCION,SOLO_COALICIONES
89,26,SONORA,BACUM,,14,766,1435,747,0.5205574912891986,0.4794425087108014,PT_PVEM_MORENA_NAS,281,0.37617135207496655,27,0.03614457831325301,PAN_PRI_PRD,254,0.34002677376171353,155,0.2074966532797858,MC,99,0.13253012048192772,PT_PVEM_MORENA_NAS,281,0.37617135207496655,27,0.03614457831325301,PAN_PRI_PRD,254,0.34002677376171353,155,0.2074966532797858,MC,99,0.13253012048192772,254,0.34002677376171353,281,0.37617135207496655,99,0.13253012048192772,10,0.013386880856760375,40,0.0535475234270415,44,0.058902275769745646,0,0.0,19,0.025435073627844713,747,1.0,ORIGEN,SECCION,SOLO_COALICIONES
90,26,SONORA,BACUM,,14,767,1398,788,0.5636623748211731,0.4363376251788269,PT_PVEM_MORENA_NAS,417,0.5291878172588832,278,0.35279187817258884,PAN_PRI_PRD,139,0.17639593908629442,34,0.04314720812182741,FxM,105,0.13324873096446702,PT_PVEM_MORENA_NAS,417,0.5291878172588832,278,0.35279187817258884,PAN_PRI_PRD,139,0.17639593908629442,34,0.04314720812182741,FxM,105,0.13324873096446702,139,0.17639593908629442,417,0.5291878172588832,25,0.031725888324873094,3,0.0038071065989847717,84,0.1065989847715736,105,0.13324873096446702,0,0.0,15,0.01903553299492386,788,1.0,ORIGEN,SECCION,SOLO_COALICIONES
91,26,SONORA,BACUM,,14,768,2168,1142,0.5267527675276753,0.4732472324723247,PT_PVEM_MORENA_NAS,448,0.3922942206654991,216,0.18914185639229422,FxM,232,0.2031523642732049,26,0.02276707530647986,PAN_PRI_PRD,206,0.18038528896672504,PT_PVEM_MORENA_NAS,448,0.3922942206654991,216,0.18914185639229422,FxM,232,0.2031523642732049,26,0.02276707530647986,PAN_PRI_PRD,206,0.18038528896672504,206,0.18038528896672504,448,0.3922942206654991,46,0.040280210157618214,7,0.006129597197898424,159,0.13922942206654992,232,0.2031523642732049,0,0.0,44,0.03852889667250438,1142,1.0,ORIGEN,SECCION,SOLO_COALICIONES
92,26,SONORA,BACUM,,14,769,1206,691,0.5729684908789386,0.42703150912106136,PT_PVEM_MORENA_NAS,351,0.507959479015919,205,0.29667149059334297,PAN_PRI_PRD,146,0.21128798842257598,51,0.07380607814761216,RSP,95,0.13748191027496381,PT_PVEM_MORENA_NAS,351,0.507959479015919,205,0.29667149059334297,PAN_PRI_PRD,146,0.21128798842257598,51,0.07380607814761216,RSP,95,0.13748191027496381,146,0.21128798842257598,351,0.507959479015919,34,0.049204052098408106,0,0.0,95,0.13748191027496381,62,0.08972503617945007,0,0.0,3,0.004341534008683068,691,1.0,ORIGEN,SECCION,SOLO_COALICIONES
93,26,SONORA,BACUM,,14,770,665,401,0.6030075187969924,0.39699248120300756,PT_PVEM_MORENA_NAS,110,0.2743142144638404,1,0.0024937655860349127,FxM,109,0.2718204488778055,50,0.12468827930174564,RSP,59,0.14713216957605985,PT_PVEM_MORENA_NAS,110,0.2743142144638404,1,0.0024937655860349127,FxM,109,0.2718204488778055,50,0.12468827930174564,RSP,59,0.14713216957605985,39,0.09725685785536159,110,0.2743142144638404,51,0.12718204488778054,18,0.04488778054862843,59,0.14713216957605985,109,0.2718204488778055,0,0.0,15,0.03740648379052369,401,1.0,ORIGEN,SECCION,SOLO_COALICIONES
94,26,SONORA,BACUM,,14,771,1355,751,0.5542435424354244,0.4457564575645756,PT_PVEM_MORENA_NAS,432,0.5752330226364847,280,0.37283621837549935,PAN_PRI_PRD,152,0.20239680426098536,93,0.12383488681757657,FxM,59,0.07856191744340879,PT_PVEM_MORENA_NAS,432,0.5752330226364847,280,0.37283621837549935,PAN_PRI_PRD,152,0.20239680426098536,93,0.12383488681757657,FxM,59,0.07856191744340879,152,0.20239680426098536,432,0.5752330226364847,30,0.03994673768308921,7,0.009320905459387484,52,0.0692410119840213,59,0.07856191744340879,0,0.0,19,0.02529960053262317,751,1.0,ORIGEN,SECCION,SOLO_COALICIONES
95,26,SONORA,BACUM,,14,772,740,379,0.5121621621621621,0.48783783783783785,PT_PVEM_MORENA_NAS,190,0.5013192612137203,130,0.34300791556728233,RSP,60,0.158311345646438,9,0.023746701846965697,FxM,51,0.1345646437994723,PT_PVEM_MORENA_NAS,190,0.5013192612137203,130,0.34300791556728233,RSP,60,0.158311345646438,9,0.023746701846965697,FxM,51,0.1345646437994723,31,0.08179419525065963,190,0.5013192612137203,24,0.0633245382585752,8,0.021108179419525065,60,0.158311345646438,51,0.1345646437994723,0,0.0,15,0.0395778364116095,379,1.0,ORIGEN,SECCION,SOLO_COALICIONES
96,26,SONORA,BANAMICHI,,18,56,1062,822,0.7740112994350282,0.22598870056497178,PT_PVEM_MORENA_NAS,307,0.3734793187347932,24,0.029197080291970802,PAN_PRI_PRD,283,0.3442822384428224,150,0.18248175182481752,MC,133,0.16180048661800486,PT_PVEM_MORENA_NAS,307,0.3734793187347932,24,0.029197080291970802,PAN_PRI_PRD,283,0.3442822384428224,150,0.18248175182481752,MC,133,0.16180048661800486,283,0.3442822384428224,307,0.3734793187347932,133,0.16180048661800486,13,0.015815085158150853,20,0.024330900243309004,5,0.006082725060827251,0,0.0,61,0.07420924574209246,822,1.0,ORIGEN,SECCION,SOLO_COALICIONES
97,26,SONORA,BANAMICHI,,18,57,529,406,0.7674858223062382,0.23251417769376181,PT_PVEM_MORENA_NAS,164,0.4039408866995074,18,0.04433497536945813,PAN_PRI_PRD,146,0.35960591133004927,96,0.23645320197044334,MC,50,0.12315270935960591,PT_PVEM_MORENA_NAS,164,0.4039408866995074,18,0.04433497536945813,PAN_PRI_PRD,146,0.35960591133004927,96,0.23645320197044334,MC,50,0.12315270935960591,146,0.35960591133004927,164,0.4039408866995074,50,0.12315270935960591,5,0.012315270935960592,21,0.05172413793103448,2,0.0049261083743842365,0,0.0,18,0.04433497536945813,406,1.0,ORIGEN,SECCION,SOLO_COALICIONES
98,26,SONORA,BAVIACORA,,18,58,1017,651,0.640117994100295,0.359882005899705,PT_PVEM_MORENA_NAS,288,0.4423963133640553,4,0.006144393241167435,PAN_PRI_PRD,284,0.4362519201228879,253,0.38863287250384027,PES,31,0.047619047619047616,PT_PVEM_MORENA_NAS,288,0.4423963133640553,4,0.006144393241167435,PAN_PRI_PRD,284,0.4362519201228879,253,0.38863287250384027,PES,31,0.047619047619047616,284,0.4362519201228879,288,0.4423963133640553,14,0.021505376344086023,31,0.047619047619047616,16,0.02457757296466974,3,0.004608294930875576,0,0.0,15,0.02304147465437788,651,1.0,ORIGEN,SECCION,SOLO_COALICIONES
99,26,SONORA,BAVIACORA,,18,59,926,674,0.7278617710583153,0.2721382289416847,PT_PVEM_MORENA_NAS,336,0.49851632047477745,43,0.06379821958456973,PAN_PRI_PRD,293,0.43471810089020774,283,0.4198813056379822,MC,10,0.01483679525222552,PT_PVEM_MORENA_NAS,336,0.49851632047477745,43,0.06379821958456973,PAN_PRI_PRD,293,0.43471810089020774,283,0.4198813056379822,MC,10,0.01483679525222552,293,0.43471810089020774,336,0.49851632047477745,10,0.01483679525222552,7,0.010385756676557863,5,0.00741839762611276,2,0.002967359050445104,0,0.0,21,0.03115727002967359,674,1.0,ORIGEN,SECCION,SOLO_COALICIONES
100,26,SONORA,BAVIACORA,,18,60,332,238,0.7168674698795181,0.2831325301204819,PT_PVEM_MORENA_NAS,116,0.48739495798319327,37,0.15546218487394958,PAN_PRI_PRD,79,0.3319327731092437,63,0.2647058823529412,PES,16,0.06722689075630252,PT_PVEM_MORENA_NAS,116,0.48739495798319327,37,0.15546218487394958,PAN_PRI_PRD,79,0.3319327731092437,63,0.2647058823529412,PES,16,0.06722689075630252,79,0.3319327731092437,116,0.48739495798319327,3,0.012605042016806723,16,0.06722689075630252,5,0.02100840336134454,3,0.012605042016806723,0,0.0,16,0.06722689075630252,238,1.0,ORIGEN,SECCION,SOLO_COALICIONES
101,26,SONORA,BAVIACORA,,18,61,139,103,0.7410071942446043,0.25899280575539574,PT_PVEM_MORENA_NAS,53,0.5145631067961165,12,0.11650485436893204,PAN_PRI_PRD,41,0.39805825242718446,35,0.33980582524271846,PES,6,0.05825242718446602,PT_PVEM_MORENA_NAS,53,0.5145631067961165,12,0.11650485436893204,PAN_PRI_PRD,41,0.39805825242718446,35,0.33980582524271846,PES,6,0.05825242718446602,41,0.39805825242718446,53,0.5145631067961165,1,0.009708737864077669,6,0.05825242718446602,0,0.0,0,0.0,0,0.0,2,0.019417475728155338,103,1.0,ORIGEN,SECCION,SOLO_COALICIONES
102,26,SONORA,BAVIACORA,,18,62,270,199,0.737037037037037,0.26296296296296295,PT_PVEM_MORENA_NAS,96,0.4824120603015075,21,0.10552763819095477,PAN_PRI_PRD,75,0.3768844221105528,65,0.32663316582914576,PES,10,0.05025125628140704,PT_PVEM_MORENA_NAS,96,0.4824120603015075,21,0.10552763819095477,PAN_PRI_PRD,75,0.3768844221105528,65,0.32663316582914576,PES,10,0.05025125628140704,75,0.3768844221105528,96,0.4824120603015075,3,0.01507537688442211,10,0.05025125628140704,2,0.010050251256281407,1,0.005025125628140704,0,0.0,12,0.06030150753768844,199,1.0,ORIGEN,SECCION,SOLO_COALICIONES
103,26,SONORA,BAVIACORA,,18,63,762,571,0.7493438320209974,0.2506561679790026,PT_PVEM_MORENA_NAS,312,0.5464098073555166,132,0.23117338003502627,PAN_PRI_PRD,180,0.31523642732049034,152,0.266199649737303,PES,28,0.04903677758318739,PT_PVEM_MORENA_NAS,312,0.5464098073555166,132,0.23117338003502627,PAN_PRI_PRD,180,0.31523642732049034,152,0.266199649737303,PES,28,0.04903677758318739,180,0.31523642732049034,312,0.5464098073555166,12,0.021015761821366025,28,0.04903677758318739,1,0.0017513134851138354,5,0.008756567425569177,0,0.0,33,0.05779334500875657,571,1.0,ORIGEN,SECCION,SOLO_COALICIONES
104,26,SONORA,BAVISPE,,18,64,725,600,0.8275862068965517,0.1724137931034483,PT_PVEM_MORENA_NAS,315,0.525,52,0.08666666666666667,PAN_PRI_PRD,263,0.43833333333333335,261,0.435,PES,2,0.0033333333333333335,PT_PVEM_MORENA_NAS,315,0.525,52,0.08666666666666667,PAN_PRI_PRD,263,0.43833333333333335,261,0.435,PES,2,0.0033333333333333335,263,0.43833333333333335,315,0.525,1,0.0016666666666666668,2,0.0033333333333333335,0,0.0,2,0.0033333333333333335,0,0.0,17,0.028333333333333332,600,1.0,ORIGEN,SECCION,SOLO_COALICIONES
105,26,SONORA,BAVISPE,,18,65,544,399,0.7334558823529411,0.2665441176470589,PAN_PRI_PRD,205,0.5137844611528822,61,0.15288220551378445,PT_PVEM_MORENA_NAS,144,0.3609022556390977,134,0.3358395989974937,PES,10,0.02506265664160401,PAN_PRI_PRD,205,0.5137844611528822,61,0.15288220551378445,PT_PVEM_MORENA_NAS,144,0.3609022556390977,134,0.3358395989974937,PES,10,0.02506265664160401,205,0.5137844611528822,144,0.3609022556390977,4,0.010025062656641603,10,0.02506265664160401,3,0.007518796992481203,0,0.0,0,0.0,33,0.08270676691729323,399,1.0,ORIGEN,SECCION,SOLO_COALICIONES
106,26,SONORA,BENITO JUAREZ,,20,1142,1261,623,0.4940523394131642,0.5059476605868358,PT_PVEM_MORENA_NAS,380,0.6099518459069021,179,0.28731942215088285,PAN_PRI_PRD,201,0.32263242375601925,183,0.29373996789727125,PES,18,0.028892455858747994,PT_PVEM_MORENA_NAS,380,0.6099518459069021,179,0.28731942215088285,PAN_PRI_PRD,201,0.32263242375601925,183,0.29373996789727125,PES,18,0.028892455858747994,201,0.32263242375601925,380,0.6099518459069021,6,0.009630818619582664,18,0.028892455858747994,2,0.0032102728731942215,5,0.008025682182985553,0,0.0,11,0.01765650080256822,623,1.0,ORIGEN,SECCION,SOLO_COALICIONES
107,26,SONORA,BENITO JUAREZ,,20,1146,887,451,0.5084554678692221,0.49154453213077787,PT_PVEM_MORENA_NAS,246,0.5454545454545454,103,0.22838137472283815,PAN_PRI_PRD,143,0.3170731707317073,120,0.2660753880266075,PES,23,0.050997782705099776,PT_PVEM_MORENA_NAS,246,0.5454545454545454,103,0.22838137472283815,PAN_PRI_PRD,143,0.3170731707317073,120,0.2660753880266075,PES,23,0.050997782705099776,143,0.3170731707317073,246,0.5454545454545454,16,0.03547671840354767,23,0.050997782705099776,5,0.011086474501108648,1,0.0022172949002217295,0,0.0,17,0.037694013303769404,451,1.0,ORIGEN,SECCION,SOLO_COALICIONES
108,26,SONORA,BENITO JUAREZ,,20,1147,1889,913,0.4833245103229222,0.5166754896770778,PT_PVEM_MORENA_NAS,504,0.552026286966046,183,0.2004381161007667,PAN_PRI_PRD,321,0.3515881708652793,295,0.3231106243154436,PES,26,0.028477546549835708,PT_PVEM_MORENA_NAS,504,0.552026286966046,183,0.2004381161007667,PAN_PRI_PRD,321,0.3515881708652793,295,0.3231106243154436,PES,26,0.028477546549835708,321,0.3515881708652793,504,0.552026286966046,17,0.018619934282584884,26,0.028477546549835708,8,0.008762322015334063,8,0.008762322015334063,0,0.0,29,0.03176341730558598,913,1.0,ORIGEN,SECCION,SOLO_COALICIONES
109,26,SONORA,BENITO JUAREZ,,20,1148,1470,647,0.44013605442176873,0.5598639455782313,PT_PVEM_MORENA_NAS,388,0.5996908809891809,184,0.28438948995363217,PAN_PRI_PRD,204,0.31530139103554866,185,0.28593508500772796,PES,19,0.02936630602782071,PT_PVEM_MORENA_NAS,388,0.5996908809891809,184,0.28438948995363217,PAN_PRI_PRD,204,0.31530139103554866,185,0.28593508500772796,PES,19,0.02936630602782071,204,0.31530139103554866,388,0.5996908809891809,8,0.012364760432766615,19,0.02936630602782071,7,0.010819165378670788,3,0.00463678516228748,0,0.0,18,0.027820710973724884,647,1.0,ORIGEN,SECCION,SOLO_COALICIONES
110,26,SONORA,BENITO JUAREZ,,20,1149,1045,590,0.5645933014354066,0.43540669856459335,PT_PVEM_MORENA_NAS,321,0.5440677966101695,94,0.15932203389830507,PAN_PRI_PRD,227,0.3847457627118644,213,0.3610169491525424,PES,14,0.023728813559322035,PT_PVEM_MORENA_NAS,321,0.5440677966101695,94,0.15932203389830507,PAN_PRI_PRD,227,0.3847457627118644,213,0.3610169491525424,PES,14,0.023728813559322035,227,0.3847457627118644,321,0.5440677966101695,8,0.013559322033898305,14,0.023728813559322035,2,0.003389830508474576,3,0.005084745762711864,0,0.0,15,0.025423728813559324,590,1.0,ORIGEN,SECCION,SOLO_COALICIONES
111,26,SONORA,BENITO JUAREZ,,20,1150,1634,813,0.4975520195838433,0.5024479804161567,PT_PVEM_MORENA_NAS,491,0.6039360393603936,235,0.2890528905289053,PAN_PRI_PRD,256,0.3148831488314883,232,0.2853628536285363,PES,24,0.02952029520295203,PT_PVEM_MORENA_NAS,491,0.6039360393603936,235,0.2890528905289053,PAN_PRI_PRD,256,0.3148831488314883,232,0.2853628536285363,PES,24,0.02952029520295203,256,0.3148831488314883,491,0.6039360393603936,11,0.013530135301353014,24,0.02952029520295203,4,0.004920049200492005,4,0.004920049200492005,0,0.0,23,0.028290282902829027,813,1.0,ORIGEN,SECCION,SOLO_COALICIONES
112,26,SONORA,BENITO JUAREZ,,20,1151,1457,725,0.49759780370624573,0.5024021962937543,PT_PVEM_MORENA_NAS,418,0.576551724137931,162,0.22344827586206897,PAN_PRI_PRD,256,0.35310344827586204,238,0.32827586206896553,PES,18,0.02482758620689655,PT_PVEM_MORENA_NAS,418,0.576551724137931,162,0.22344827586206897,PAN_PRI_PRD,256,0.35310344827586204,238,0.32827586206896553,PES,18,0.02482758620689655,256,0.35310344827586204,418,0.576551724137931,11,0.015172413793103448,18,0.02482758620689655,4,0.005517241379310344,7,0.009655172413793104,0,0.0,11,0.015172413793103448,725,1.0,ORIGEN,SECCION,SOLO_COALICIONES
113,26,SONORA,BENITO JUAREZ,,20,1152,1441,656,0.45523941707147814,0.5447605829285218,PT_PVEM_MORENA_NAS,414,0.6310975609756098,210,0.3201219512195122,PAN_PRI_PRD,204,0.31097560975609756,186,0.28353658536585363,PES,18,0.027439024390243903,PT_PVEM_MORENA_NAS,414,0.6310975609756098,210,0.3201219512195122,PAN_PRI_PRD,204,0.31097560975609756,186,0.28353658536585363,PES,18,0.027439024390243903,204,0.31097560975609756,414,0.6310975609756098,7,0.010670731707317074,18,0.027439024390243903,1,0.001524390243902439,6,0.009146341463414634,0,0.0,6,0.009146341463414634,656,1.0,ORIGEN,SECCION,SOLO_COALICIONES
114,26,SONORA,BENITO JUAREZ,,20,1155,1568,1098,0.7002551020408163,0.2997448979591837,PT_PVEM_MORENA_NAS,564,0.5136612021857924,269,0.24499089253187614,PAN_PRI_PRD,295,0.2686703096539162,102,0.09289617486338798,PES,193,0.17577413479052822,PT_PVEM_MORENA_NAS,564,0.5136612021857924,269,0.24499089253187614,PAN_PRI_PRD,295,0.2686703096539162,102,0.09289617486338798,PES,193,0.17577413479052822,295,0.2686703096539162,564,0.5136612021857924,10,0.009107468123861567,193,0.17577413479052822,4,0.0036429872495446266,3,0.00273224043715847,0,0.0,29,0.026411657559198543,1098,1.0,ORIGEN,SECCION,SOLO_COALICIONES
115,26,SONORA,BENITO JUAREZ,,20,1156,2453,1578,0.6432939258051366,0.35670607419486344,PT_PVEM_MORENA_NAS,909,0.5760456273764258,435,0.27566539923954375,PAN_PRI_PRD,474,0.30038022813688214,331,0.20975918884664133,PES,143,0.09062103929024082,PT_PVEM_MORENA_NAS,909,0.5760456273764258,435,0.27566539923954375,PAN_PRI_PRD,474,0.30038022813688214,331,0.20975918884664133,PES,143,0.09062103929024082,474,0.30038022813688214,909,0.5760456273764258,10,0.0063371356147021544,143,0.09062103929024082,9,0.005703422053231939,5,0.0031685678073510772,0,0.0,28,0.017743979721166033,1578,1.0,ORIGEN,SECCION,SOLO_COALICIONES
116,26,SONORA,BENITO JUAREZ,,20,1157,351,219,0.6239316239316239,0.37606837606837606,PT_PVEM_MORENA_NAS,134,0.6118721461187214,66,0.3013698630136986,PAN_PRI_PRD,68,0.3105022831050228,58,0.2648401826484018,PES,10,0.045662100456621,PT_PVEM_MORENA_NAS,134,0.6118721461187214,66,0.3013698630136986,PAN_PRI_PRD,68,0.3105022831050228,58,0.2648401826484018,PES,10,0.045662100456621,68,0.3105022831050228,134,0.6118721461187214,1,0.0045662100456621,10,0.045662100456621,1,0.0045662100456621,0,0.0,0,0.0,5,0.0228310502283105,219,1.0,ORIGEN,SECCION,SOLO_COALICIONES
117,26,SONORA,BENITO JUAREZ,,20,1331,636,478,0.7515723270440252,0.2484276729559748,PT_PVEM_MORENA_NAS,304,0.6359832635983264,165,0.34518828451882844,PAN_PRI_PRD,139,0.2907949790794979,129,0.2698744769874477,PES,10,0.02092050209205021,PT_PVEM_MORENA_NAS,304,0.6359832635983264,165,0.34518828451882844,PAN_PRI_PRD,139,0.2907949790794979,129,0.2698744769874477,PES,10,0.02092050209205021,139,0.2907949790794979,304,0.6359832635983264,6,0.012552301255230125,10,0.02092050209205021,3,0.006276150627615063,1,0.0020920502092050207,0,0.0,15,0.03138075313807531,478,1.0,ORIGEN,SECCION,SOLO_COALICIONES
118,26,SONORA,BENJAMIN HILL,,18,66,940,557,0.5925531914893617,0.4074468085106383,PT_PVEM_MORENA_NAS,246,0.44165170556552963,25,0.04488330341113106,PAN_PRI_PRD,221,0.39676840215439857,176,0.31597845601436264,MC,45,0.0807899461400359,PT_PVEM_MORENA_NAS,246,0.44165170556552963,25,0.04488330341113106,PAN_PRI_PRD,221,0.39676840215439857,176,0.31597845601436264,MC,45,0.0807899461400359,221,0.39676840215439857,246,0.44165170556552963,45,0.0807899461400359,5,0.008976660682226212,1,0.0017953321364452424,12,0.02154398563734291,0,0.0,27,0.04847396768402154,557,1.0,ORIGEN,SECCION,SOLO_COALICIONES
119,26,SONORA,BENJAMIN HILL,,18,67,883,504,0.5707814269535674,0.4292185730464326,PT_PVEM_MORENA_NAS,245,0.4861111111111111,58,0.11507936507936507,PAN_PRI_PRD,187,0.37103174603174605,152,0.30158730158730157,MC,35,0.06944444444444445,PT_PVEM_MORENA_NAS,245,0.4861111111111111,58,0.11507936507936507,PAN_PRI_PRD,187,0.37103174603174605,152,0.30158730158730157,MC,35,0.06944444444444445,187,0.37103174603174605,245,0.4861111111111111,35,0.06944444444444445,5,0.00992063492063492,3,0.005952380952380952,17,0.03373015873015873,0,0.0,12,0.023809523809523808,504,1.0,ORIGEN,SECCION,SOLO_COALICIONES
120,26,SONORA,BENJAMIN HILL,,18,68,1106,641,0.5795660036166366,0.42043399638336343,PT_PVEM_MORENA_NAS,291,0.4539781591263651,16,0.0249609984399376,PAN_PRI_PRD,275,0.4290171606864275,243,0.3790951638065523,MC,32,0.0499219968798752,PT_PVEM_MORENA_NAS,291,0.4539781591263651,16,0.0249609984399376,PAN_PRI_PRD,275,0.4290171606864275,243,0.3790951638065523,MC,32,0.0499219968798752,275,0.4290171606864275,291,0.4539781591263651,32,0.0499219968798752,2,0.0031201248049922,4,0.0062402496099844,19,0.029641185647425898,0,0.0,18,0.028081123244929798,641,1.0,ORIGEN,SECCION,SOLO_COALICIONES
121,26,SONORA,BENJAMIN HILL,,18,69,782,452,0.578005115089514,0.421994884910486,PT_PVEM_MORENA_NAS,218,0.4823008849557522,54,0.11946902654867257,PAN_PRI_PRD,164,0.36283185840707965,123,0.2721238938053097,MC,41,0.09070796460176991,PT_PVEM_MORENA_NAS,218,0.4823008849557522,54,0.11946902654867257,PAN_PRI_PRD,164,0.36283185840707965,123,0.2721238938053097,MC,41,0.09070796460176991,164,0.36283185840707965,218,0.4823008849557522,41,0.09070796460176991,4,0.008849557522123894,2,0.004424778761061947,9,0.01991150442477876,0,0.0,14,0.030973451327433628,452,1.0,ORIGEN,SECCION,SOLO_COALICIONES
122,26,SONORA,CABORCA,,3,292,1785,687,0.38487394957983195,0.6151260504201681,PT_PVEM_MORENA_NAS,369,0.537117903930131,157,0.22852983988355166,PAN_PRI_PRD,212,0.30858806404657935,179,0.26055312954876275,MC,33,0.048034934497816595,PT_PVEM_MORENA_NAS,369,0.537117903930131,157,0.22852983988355166,PAN_PRI_PRD,212,0.30858806404657935,179,0.26055312954876275,MC,33,0.048034934497816595,212,0.30858806404657935,369,0.537117903930131,33,0.048034934497816595,9,0.013100436681222707,14,0.020378457059679767,25,0.036390101892285295,0,0.0,25,0.036390101892285295,687,1.0,ORIGEN,SECCION,SOLO_COALICIONES
123,26,SONORA,CABORCA,,3,293,2292,946,0.41273996509598604,0.587260034904014,PT_PVEM_MORENA_NAS,488,0.5158562367864693,200,0.21141649048625794,PAN_PRI_PRD,288,0.3044397463002114,233,0.2463002114164905,MC,55,0.05813953488372093,PT_PVEM_MORENA_NAS,488,0.5158562367864693,200,0.21141649048625794,PAN_PRI_PRD,288,0.3044397463002114,233,0.2463002114164905,MC,55,0.05813953488372093,288,0.3044397463002114,488,0.5158562367864693,55,0.05813953488372093,13,0.013742071881606765,18,0.019027484143763214,40,0.042283298097251586,0,0.0,44,0.046511627906976744,946,1.0,ORIGEN,SECCION,SOLO_COALICIONES
124,26,SONORA,CABORCA,,3,294,1741,844,0.48477886272257326,0.5152211372774267,PT_PVEM_MORENA_NAS,393,0.4656398104265403,36,0.04265402843601896,PAN_PRI_PRD,357,0.42298578199052134,324,0.38388625592417064,MC,33,0.03909952606635071,PT_PVEM_MORENA_NAS,393,0.4656398104265403,36,0.04265402843601896,PAN_PRI_PRD,357,0.42298578199052134,324,0.38388625592417064,MC,33,0.03909952606635071,357,0.42298578199052134,393,0.4656398104265403,33,0.03909952606635071,9,0.01066350710900474,16,0.018957345971563982,18,0.02132701421800948,1,0.001184834123222749,17,0.02014218009478673,844,1.0,ORIGEN,SECCION,SOLO_COALICIONES
125,26,SONORA,CABORCA,,3,295,5283,2368,0.4482301722506152,0.5517698277493848,PT_PVEM_MORENA_NAS,1247,0.5266047297297297,505,0.21326013513513514,PAN_PRI_PRD,742,0.31334459459459457,630,0.2660472972972973,MC,112,0.0472972972972973,PT_PVEM_MORENA_NAS,1247,0.5266047297297297,505,0.21326013513513514,PAN_PRI_PRD,742,0.31334459459459457,630,0.2660472972972973,MC,112,0.0472972972972973,742,0.31334459459459457,1247,0.5266047297297297,112,0.0472972972972973,28,0.011824324324324325,47,0.01984797297297297,87,0.036739864864864864,1,0.0004222972972972973,104,0.04391891891891892,2368,1.0,ORIGEN,SECCION,SOLO_COALICIONES
126,26,SONORA,CABORCA,,3,296,3556,1440,0.4049493813273341,0.5950506186726658,PT_PVEM_MORENA_NAS,748,0.5194444444444445,296,0.20555555555555555,PAN_PRI_PRD,452,0.3138888888888889,381,0.26458333333333334,FxM,71,0.049305555555555554,PT_PVEM_MORENA_NAS,748,0.5194444444444445,296,0.20555555555555555,PAN_PRI_PRD,452,0.3138888888888889,381,0.26458333333333334,FxM,71,0.049305555555555554,452,0.3138888888888889,748,0.5194444444444445,66,0.04583333333333333,32,0.022222222222222223,21,0.014583333333333334,71,0.049305555555555554,1,0.0006944444444444445,49,0.034027777777777775,1440,1.0,ORIGEN,SECCION,SOLO_COALICIONES
127,26,SONORA,CABORCA,,3,297,5643,1932,0.3423710792131845,0.6576289207868156,PT_PVEM_MORENA_NAS,1020,0.5279503105590062,437,0.2261904761904762,PAN_PRI_PRD,583,0.30175983436853004,467,0.2417184265010352,MC,116,0.060041407867494824,PT_PVEM_MORENA_NAS,1020,0.5279503105590062,437,0.2261904761904762,PAN_PRI_PRD,583,0.30175983436853004,467,0.2417184265010352,MC,116,0.060041407867494824,583,0.30175983436853004,1020,0.5279503105590062,116,0.060041407867494824,44,0.022774327122153208,31,0.016045548654244308,82,0.042443064182194616,1,0.0005175983436853002,55,0.028467908902691512,1932,1.0,ORIGEN,SECCION,SOLO_COALICIONES
128,26,SONORA,CABORCA,,3,298,2242,1022,0.455842997323818,0.544157002676182,PT_PVEM_MORENA_NAS,532,0.5205479452054794,191,0.18688845401174167,PAN_PRI_PRD,341,0.3336594911937378,277,0.2710371819960861,MC,64,0.06262230919765166,PT_PVEM_MORENA_NAS,532,0.5205479452054794,191,0.18688845401174167,PAN_PRI_PRD,341,0.3336594911937378,277,0.2710371819960861,MC,64,0.06262230919765166,341,0.3336594911937378,532,0.5205479452054794,64,0.06262230919765166,16,0.015655577299412915,11,0.010763209393346379,30,0.029354207436399216,0,0.0,28,0.0273972602739726,1022,1.0,ORIGEN,SECCION,SOLO_COALICIONES
129,26,SONORA,CABORCA,,3,299,1040,437,0.4201923076923077,0.5798076923076922,PT_PVEM_MORENA_NAS,225,0.5148741418764302,78,0.17848970251716248,PAN_PRI_PRD,147,0.33638443935926776,119,0.2723112128146453,MC,28,0.06407322654462243,PT_PVEM_MORENA_NAS,225,0.5148741418764302,78,0.17848970251716248,PAN_PRI_PRD,147,0.33638443935926776,119,0.2723112128146453,MC,28,0.06407322654462243,147,0.33638443935926776,225,0.5148741418764302,28,0.06407322654462243,2,0.004576659038901602,4,0.009153318077803204,10,0.02288329519450801,5,0.011441647597254004,16,0.036613272311212815,437,1.0,ORIGEN,SECCION,SOLO_COALICIONES
130,26,SONORA,CABORCA,,3,300,633,301,0.4755134281200632,0.5244865718799367,PAN_PRI_PRD,168,0.5581395348837209,57,0.1893687707641196,PT_PVEM_MORENA_NAS,111,0.3687707641196013,106,0.3521594684385382,MC,5,0.016611295681063124,PAN_PRI_PRD,168,0.5581395348837209,57,0.1893687707641196,PT_PVEM_MORENA_NAS,111,0.3687707641196013,106,0.3521594684385382,MC,5,0.016611295681063124,168,0.5581395348837209,111,0.3687707641196013,5,0.016611295681063124,2,0.006644518272425249,3,0.009966777408637873,2,0.006644518272425249,0,0.0,10,0.03322259136212625,301,1.0,ORIGEN,SECCION,SOLO_COALICIONES
131,26,SONORA,CABORCA,,3,301,819,439,0.536019536019536,0.463980463980464,PAN_PRI_PRD,242,0.55125284738041,69,0.1571753986332574,PT_PVEM_MORENA_NAS,173,0.3940774487471526,163,0.3712984054669704,MC,10,0.022779043280182234,PAN_PRI_PRD,242,0.55125284738041,69,0.1571753986332574,PT_PVEM_MORENA_NAS,173,0.3940774487471526,163,0.3712984054669704,MC,10,0.022779043280182234,242,0.55125284738041,173,0.3940774487471526,10,0.022779043280182234,0,0.0,4,0.009111617312072893,5,0.011389521640091117,0,0.0,5,0.011389521640091117,439,1.0,ORIGEN,SECCION,SOLO_COALICIONES
132,26,SONORA,CABORCA,,3,302,968,496,0.512396694214876,0.487603305785124,PAN_PRI_PRD,283,0.5705645161290323,111,0.22379032258064516,PT_PVEM_MORENA_NAS,172,0.3467741935483871,156,0.31451612903225806,MC,16,0.03225806451612903,PAN_PRI_PRD,283,0.5705645161290323,111,0.22379032258064516,PT_PVEM_MORENA_NAS,172,0.3467741935483871,156,0.31451612903225806,MC,16,0.03225806451612903,283,0.5705645161290323,172,0.3467741935483871,16,0.03225806451612903,3,0.006048387096774193,3,0.006048387096774193,6,0.012096774193548387,0,0.0,13,0.02620967741935484,496,1.0,ORIGEN,SECCION,SOLO_COALICIONES
133,26,SONORA,CABORCA,,3,303,942,493,0.5233545647558386,0.47664543524416136,PAN_PRI_PRD,274,0.5557809330628803,104,0.21095334685598377,PT_PVEM_MORENA_NAS,170,0.3448275862068966,153,0.3103448275862069,MC,17,0.034482758620689655,PAN_PRI_PRD,274,0.5557809330628803,104,0.21095334685598377,PT_PVEM_MORENA_NAS,170,0.3448275862068966,153,0.3103448275862069,MC,17,0.034482758620689655,274,0.5557809330628803,170,0.3448275862068966,17,0.034482758620689655,3,0.006085192697768763,7,0.014198782961460446,12,0.02434077079107505,0,0.0,10,0.02028397565922921,493,1.0,ORIGEN,SECCION,SOLO_COALICIONES
134,26,SONORA,CABORCA,,3,304,2842,1045,0.3676988036593948,0.6323011963406052,PT_PVEM_MORENA_NAS,539,0.5157894736842106,224,0.21435406698564594,PAN_PRI_PRD,315,0.3014354066985646,266,0.2545454545454545,MC,49,0.04688995215311005,PT_PVEM_MORENA_NAS,539,0.5157894736842106,224,0.21435406698564594,PAN_PRI_PRD,315,0.3014354066985646,266,0.2545454545454545,MC,49,0.04688995215311005,315,0.3014354066985646,539,0.5157894736842106,49,0.04688995215311005,19,0.01818181818181818,22,0.021052631578947368,48,0.045933014354066985,0,0.0,53,0.05071770334928229,1045,1.0,ORIGEN,SECCION,SOLO_COALICIONES
135,26,SONORA,CABORCA,,3,305,1363,637,0.4673514306676449,0.532648569332355,PT_PVEM_MORENA_NAS,310,0.48665620094191525,69,0.10832025117739404,PAN_PRI_PRD,241,0.3783359497645212,216,0.3390894819466248,MC,25,0.03924646781789639,PT_PVEM_MORENA_NAS,310,0.48665620094191525,69,0.10832025117739404,PAN_PRI_PRD,241,0.3783359497645212,216,0.3390894819466248,MC,25,0.03924646781789639,241,0.3783359497645212,310,0.48665620094191525,25,0.03924646781789639,10,0.015698587127158554,11,0.01726844583987441,17,0.026687598116169546,0,0.0,23,0.03610675039246468,637,1.0,ORIGEN,SECCION,SOLO_COALICIONES
136,26,SONORA,CABORCA,,3,306,1994,929,0.46589769307923773,0.5341023069207622,PT_PVEM_MORENA_NAS,430,0.4628632938643703,61,0.06566200215285253,PAN_PRI_PRD,369,0.39720129171151775,324,0.348762109795479,MC,45,0.04843918191603875,PT_PVEM_MORENA_NAS,430,0.4628632938643703,61,0.06566200215285253,PAN_PRI_PRD,369,0.39720129171151775,324,0.348762109795479,MC,45,0.04843918191603875,369,0.39720129171151775,430,0.4628632938643703,45,0.04843918191603875,10,0.010764262648008612,12,0.012917115177610334,34,0.03659849300322928,1,0.001076426264800861,28,0.030139935414424113,929,1.0,ORIGEN,SECCION,SOLO_COALICIONES
137,26,SONORA,CABORCA,,3,307,656,306,0.46646341463414637,0.5335365853658536,PT_PVEM_MORENA_NAS,149,0.4869281045751634,32,0.10457516339869281,PAN_PRI_PRD,117,0.38235294117647056,104,0.33986928104575165,MC,13,0.042483660130718956,PT_PVEM_MORENA_NAS,149,0.4869281045751634,32,0.10457516339869281,PAN_PRI_PRD,117,0.38235294117647056,104,0.33986928104575165,MC,13,0.042483660130718956,117,0.38235294117647056,149,0.4869281045751634,13,0.042483660130718956,9,0.029411764705882353,1,0.0032679738562091504,8,0.026143790849673203,0,0.0,9,0.029411764705882353,306,1.0,ORIGEN,SECCION,SOLO_COALICIONES
138,26,SONORA,CABORCA,,3,308,2134,814,0.38144329896907214,0.6185567010309279,PT_PVEM_MORENA_NAS,393,0.4828009828009828,95,0.1167076167076167,PAN_PRI_PRD,298,0.36609336609336607,254,0.31203931203931207,MC,44,0.05405405405405406,PT_PVEM_MORENA_NAS,393,0.4828009828009828,95,0.1167076167076167,PAN_PRI_PRD,298,0.36609336609336607,254,0.31203931203931207,MC,44,0.05405405405405406,298,0.36609336609336607,393,0.4828009828009828,44,0.05405405405405406,16,0.019656019656019656,9,0.011056511056511056,23,0.028255528255528257,0,0.0,31,0.038083538083538086,814,1.0,ORIGEN,SECCION,SOLO_COALICIONES
139,26,SONORA,CABORCA,,3,309,789,407,0.5158428390367554,0.48415716096324457,PAN_PRI_PRD,193,0.4742014742014742,22,0.05405405405405406,PT_PVEM_MORENA_NAS,171,0.4201474201474201,154,0.3783783783783784,MC,17,0.04176904176904177,PAN_PRI_PRD,193,0.4742014742014742,22,0.05405405405405406,PT_PVEM_MORENA_NAS,171,0.4201474201474201,154,0.3783783783783784,MC,17,0.04176904176904177,193,0.4742014742014742,171,0.4201474201474201,17,0.04176904176904177,7,0.0171990171990172,2,0.004914004914004914,5,0.012285012285012284,0,0.0,12,0.029484029484029485,407,1.0,ORIGEN,SECCION,SOLO_COALICIONES
140,26,SONORA,CABORCA,,3,310,1345,784,0.5828996282527881,0.41710037174721193,PAN_PRI_PRD,472,0.6020408163265306,208,0.2653061224489796,PT_PVEM_MORENA_NAS,264,0.336734693877551,245,0.3125,MC,19,0.02423469387755102,PAN_PRI_PRD,472,0.6020408163265306,208,0.2653061224489796,PT_PVEM_MORENA_NAS,264,0.336734693877551,245,0.3125,MC,19,0.02423469387755102,472,0.6020408163265306,264,0.336734693877551,19,0.02423469387755102,1,0.0012755102040816326,5,0.006377551020408163,11,0.01403061224489796,0,0.0,12,0.015306122448979591,784,1.0,ORIGEN,SECCION,SOLO_COALICIONES
141,26,SONORA,CABORCA,,3,311,2241,850,0.37929495760821064,0.6207050423917894,PAN_PRI_PRD,382,0.44941176470588234,7,0.00823529411764706,PT_PVEM_MORENA_NAS,375,0.4411764705882353,340,0.4,MC,35,0.041176470588235294,PAN_PRI_PRD,382,0.44941176470588234,7,0.00823529411764706,PT_PVEM_MORENA_NAS,375,0.4411764705882353,340,0.4,MC,35,0.041176470588235294,382,0.44941176470588234,375,0.4411764705882353,35,0.041176470588235294,9,0.010588235294117647,7,0.00823529411764706,24,0.02823529411764706,3,0.0035294117647058825,15,0.01764705882352941,850,1.0,ORIGEN,SECCION,SOLO_COALICIONES
142,26,SONORA,CABORCA,,3,312,1209,641,0.5301902398676592,0.46980976013234077,PAN_PRI_PRD,315,0.4914196567862715,48,0.0748829953198128,PT_PVEM_MORENA_NAS,267,0.4165366614664587,251,0.3915756630265211,MC,16,0.0249609984399376,PAN_PRI_PRD,315,0.4914196567862715,48,0.0748829953198128,PT_PVEM_MORENA_NAS,267,0.4165366614664587,251,0.3915756630265211,MC,16,0.0249609984399376,315,0.4914196567862715,267,0.4165366614664587,16,0.0249609984399376,7,0.0109204368174727,10,0.015600624024960999,16,0.0249609984399376,0,0.0,10,0.015600624024960999,641,1.0,ORIGEN,SECCION,SOLO_COALICIONES
143,26,SONORA,CABORCA,,3,313,1399,611,0.4367405289492495,0.5632594710507506,PT_PVEM_MORENA_NAS,293,0.4795417348608838,62,0.10147299509001637,PAN_PRI_PRD,231,0.3780687397708674,203,0.3322422258592471,FxM,28,0.04582651391162029,PT_PVEM_MORENA_NAS,293,0.4795417348608838,62,0.10147299509001637,PAN_PRI_PRD,231,0.3780687397708674,203,0.3322422258592471,FxM,28,0.04582651391162029,231,0.3780687397708674,293,0.4795417348608838,26,0.0425531914893617,12,0.019639934533551555,6,0.009819967266775777,28,0.04582651391162029,0,0.0,15,0.024549918166939442,611,1.0,ORIGEN,SECCION,SOLO_COALICIONES
144,26,SONORA,CABORCA,,3,314,2269,1201,0.5293080652269723,0.47069193477302773,PAN_PRI_PRD,599,0.4987510407993339,149,0.12406328059950042,PT_PVEM_MORENA_NAS,450,0.37468776019983346,391,0.32556203164029973,MC,59,0.049125728559533725,PAN_PRI_PRD,599,0.4987510407993339,149,0.12406328059950042,PT_PVEM_MORENA_NAS,450,0.37468776019983346,391,0.32556203164029973,MC,59,0.049125728559533725,599,0.4987510407993339,450,0.37468776019983346,59,0.049125728559533725,9,0.00749375520399667,13,0.010824313072439634,37,0.030807660283097418,2,0.0016652789342214821,32,0.026644462947543714,1201,1.0,ORIGEN,SECCION,SOLO_COALICIONES
145,26,SONORA,CABORCA,,3,315,742,367,0.4946091644204852,0.5053908355795148,PAN_PRI_PRD,179,0.4877384196185286,35,0.09536784741144415,PT_PVEM_MORENA_NAS,144,0.3923705722070845,129,0.35149863760217986,MC,15,0.04087193460490463,PAN_PRI_PRD,179,0.4877384196185286,35,0.09536784741144415,PT_PVEM_MORENA_NAS,144,0.3923705722070845,129,0.35149863760217986,MC,15,0.04087193460490463,179,0.4877384196185286,144,0.3923705722070845,15,0.04087193460490463,4,0.010899182561307902,7,0.01907356948228883,6,0.01634877384196185,1,0.0027247956403269754,11,0.02997275204359673,367,1.0,ORIGEN,SECCION,SOLO_COALICIONES
146,26,SONORA,CABORCA,,3,316,4065,1451,0.35694956949569495,0.643050430504305,PT_PVEM_MORENA_NAS,720,0.4962095106822881,257,0.17711922811853895,PAN_PRI_PRD,463,0.31909028256374916,384,0.26464507236388696,FxM,79,0.05444521019986216,PT_PVEM_MORENA_NAS,720,0.4962095106822881,257,0.17711922811853895,PAN_PRI_PRD,463,0.31909028256374916,384,0.26464507236388696,FxM,79,0.05444521019986216,463,0.31909028256374916,720,0.4962095106822881,77,0.05306685044796692,24,0.016540317022742935,29,0.019986216402481046,79,0.05444521019986216,2,0.0013783597518952446,57,0.039283252929014474,1451,1.0,ORIGEN,SECCION,SOLO_COALICIONES
147,26,SONORA,CABORCA,,3,317,1443,713,0.4941094941094941,0.5058905058905059,PT_PVEM_MORENA_NAS,318,0.44600280504908835,11,0.015427769985974754,PAN_PRI_PRD,307,0.4305750350631136,276,0.3870967741935484,MC,31,0.043478260869565216,PT_PVEM_MORENA_NAS,318,0.44600280504908835,11,0.015427769985974754,PAN_PRI_PRD,307,0.4305750350631136,276,0.3870967741935484,MC,31,0.043478260869565216,307,0.4305750350631136,318,0.44600280504908835,31,0.043478260869565216,7,0.009817671809256662,6,0.008415147265077139,27,0.037868162692847124,1,0.001402524544179523,16,0.02244039270687237,713,1.0,ORIGEN,SECCION,SOLO_COALICIONES
148,26,SONORA,CABORCA,,3,319,4455,1594,0.35780022446689114,0.6421997755331088,PT_PVEM_MORENA_NAS,732,0.4592220828105395,558,0.35006273525721454,PAN_PRI_PRD,174,0.10915934755332497,124,0.07779171894604768,MC,50,0.03136762860727729,PT_PVEM_MORENA_NAS,732,0.4592220828105395,558,0.35006273525721454,PAN_PRI_PRD,174,0.10915934755332497,124,0.07779171894604768,MC,50,0.03136762860727729,174,0.10915934755332497,732,0.4592220828105395,50,0.03136762860727729,16,0.010037641154328732,23,0.014429109159347553,21,0.013174404015056462,0,0.0,578,0.36260978670012545,1594,1.0,ORIGEN,SECCION,SOLO_COALICIONES
149,26,SONORA,CABORCA,,3,320,2047,653,0.3190034196384954,0.6809965803615046,PT_PVEM_MORENA_NAS,461,0.7059724349157733,405,0.6202143950995406,PAN_PRI_PRD,56,0.08575803981623277,16,0.02450229709035222,MC,40,0.06125574272588055,PT_PVEM_MORENA_NAS,461,0.7059724349157733,405,0.6202143950995406,PAN_PRI_PRD,56,0.08575803981623277,16,0.02450229709035222,MC,40,0.06125574272588055,56,0.08575803981623277,461,0.7059724349157733,40,0.06125574272588055,15,0.022970903522205207,19,0.02909647779479326,11,0.016845329249617153,11,0.016845329249617153,40,0.06125574272588055,653,1.0,ORIGEN,SECCION,SOLO_COALICIONES
150,26,SONORA,CABORCA,,3,321,789,306,0.38783269961977185,0.6121673003802282,PT_PVEM_MORENA_NAS,264,0.8627450980392157,249,0.8137254901960784,PAN_PRI_PRD,15,0.049019607843137254,8,0.026143790849673203,MC,7,0.02287581699346405,PT_PVEM_MORENA_NAS,264,0.8627450980392157,249,0.8137254901960784,PAN_PRI_PRD,15,0.049019607843137254,8,0.026143790849673203,MC,7,0.02287581699346405,15,0.049019607843137254,264,0.8627450980392157,7,0.02287581699346405,3,0.00980392156862745,6,0.0196078431372549,5,0.016339869281045753,0,0.0,6,0.0196078431372549,306,1.0,ORIGEN,SECCION,SOLO_COALICIONES
151,26,SONORA,CABORCA,,3,322,1155,395,0.341991341991342,0.6580086580086579,PT_PVEM_MORENA_NAS,256,0.6481012658227848,200,0.5063291139240507,PAN_PRI_PRD,56,0.14177215189873418,34,0.08607594936708861,MC,22,0.05569620253164557,PT_PVEM_MORENA_NAS,256,0.6481012658227848,200,0.5063291139240507,PAN_PRI_PRD,56,0.14177215189873418,34,0.08607594936708861,MC,22,0.05569620253164557,56,0.14177215189873418,256,0.6481012658227848,22,0.05569620253164557,14,0.035443037974683546,7,0.017721518987341773,11,0.027848101265822784,0,0.0,29,0.07341772151898734,395,1.0,ORIGEN,SECCION,SOLO_COALICIONES
152,26,SONORA,CABORCA,,3,323,862,290,0.33642691415313225,0.6635730858468678,PT_PVEM_MORENA_NAS,214,0.7379310344827587,189,0.6517241379310345,PAN_PRI_PRD,25,0.08620689655172414,11,0.03793103448275862,MC,14,0.04827586206896552,PT_PVEM_MORENA_NAS,214,0.7379310344827587,189,0.6517241379310345,PAN_PRI_PRD,25,0.08620689655172414,11,0.03793103448275862,MC,14,0.04827586206896552,25,0.08620689655172414,214,0.7379310344827587,14,0.04827586206896552,6,0.020689655172413793,8,0.027586206896551724,6,0.020689655172413793,0,0.0,17,0.05862068965517241,290,1.0,ORIGEN,SECCION,SOLO_COALICIONES
153,26,SONORA,CABORCA,,3,324,1326,291,0.21945701357466063,0.7805429864253394,PT_PVEM_MORENA_NAS,218,0.7491408934707904,196,0.6735395189003437,PAN_PRI_PRD,22,0.07560137457044673,11,0.037800687285223365,MC,11,0.037800687285223365,PT_PVEM_MORENA_NAS,218,0.7491408934707904,196,0.6735395189003437,PAN_PRI_PRD,22,0.07560137457044673,11,0.037800687285223365,MC,11,0.037800687285223365,22,0.07560137457044673,218,0.7491408934707904,11,0.037800687285223365,3,0.010309278350515464,11,0.037800687285223365,9,0.030927835051546393,0,0.0,17,0.058419243986254296,291,1.0,ORIGEN,SECCION,SOLO_COALICIONES
154,26,SONORA,CABORCA,,3,325,439,137,0.3120728929384966,0.6879271070615034,PT_PVEM_MORENA_NAS,109,0.7956204379562044,97,0.708029197080292,PAN_PRI_PRD,12,0.08759124087591241,7,0.051094890510948905,MC,5,0.0364963503649635,PT_PVEM_MORENA_NAS,109,0.7956204379562044,97,0.708029197080292,PAN_PRI_PRD,12,0.08759124087591241,7,0.051094890510948905,MC,5,0.0364963503649635,12,0.08759124087591241,109,0.7956204379562044,5,0.0364963503649635,5,0.0364963503649635,1,0.0072992700729927005,0,0.0,0,0.0,5,0.0364963503649635,137,1.0,ORIGEN,SECCION,SOLO_COALICIONES
155,26,SONORA,CABORCA,,3,326,1450,368,0.2537931034482759,0.7462068965517241,PT_PVEM_MORENA_NAS,250,0.6793478260869565,217,0.5896739130434783,MC,33,0.08967391304347826,2,0.005434782608695652,PAN_PRI_PRD,31,0.08423913043478261,PT_PVEM_MORENA_NAS,250,0.6793478260869565,217,0.5896739130434783,MC,33,0.08967391304347826,2,0.005434782608695652,PAN_PRI_PRD,31,0.08423913043478261,31,0.08423913043478261,250,0.6793478260869565,33,0.08967391304347826,9,0.024456521739130436,10,0.02717391304347826,10,0.02717391304347826,0,0.0,25,0.06793478260869565,368,1.0,ORIGEN,SECCION,SOLO_COALICIONES
156,26,SONORA,CABORCA,,3,327,961,322,0.3350676378772112,0.6649323621227887,PT_PVEM_MORENA_NAS,180,0.5590062111801242,78,0.2422360248447205,PAN_PRI_PRD,102,0.3167701863354037,92,0.2857142857142857,MC,10,0.031055900621118012,PT_PVEM_MORENA_NAS,180,0.5590062111801242,78,0.2422360248447205,PAN_PRI_PRD,102,0.3167701863354037,92,0.2857142857142857,MC,10,0.031055900621118012,102,0.3167701863354037,180,0.5590062111801242,10,0.031055900621118012,7,0.021739130434782608,8,0.024844720496894408,8,0.024844720496894408,1,0.003105590062111801,6,0.018633540372670808,322,1.0,ORIGEN,SECCION,SOLO_COALICIONES
157,26,SONORA,CABORCA,,3,328,442,82,0.18552036199095023,0.8144796380090498,PT_PVEM_MORENA_NAS,42,0.5121951219512195,25,0.3048780487804878,PAN_PRI_PRD,17,0.2073170731707317,13,0.15853658536585366,MC,4,0.04878048780487805,PT_PVEM_MORENA_NAS,42,0.5121951219512195,25,0.3048780487804878,PAN_PRI_PRD,17,0.2073170731707317,13,0.15853658536585366,MC,4,0.04878048780487805,17,0.2073170731707317,42,0.5121951219512195,4,0.04878048780487805,1,0.012195121951219513,1,0.012195121951219513,2,0.024390243902439025,0,0.0,15,0.18292682926829268,82,1.0,ORIGEN,SECCION,SOLO_COALICIONES
158,26,SONORA,CAJEME,,15,820,701,343,0.4893009985734665,0.5106990014265336,PT_PVEM_MORENA_NAS,193,0.5626822157434402,102,0.29737609329446063,PAN_PRI_PRD,91,0.2653061224489796,56,0.16326530612244897,MC,35,0.10204081632653061,PT_PVEM_MORENA_NAS,193,0.5626822157434402,102,0.29737609329446063,PAN_PRI_PRD,91,0.2653061224489796,56,0.16326530612244897,MC,35,0.10204081632653061,91,0.2653061224489796,193,0.5626822157434402,35,0.10204081632653061,3,0.008746355685131196,4,0.011661807580174927,8,0.023323615160349854,0,0.0,9,0.026239067055393587,343,1.0,ORIGEN,SECCION,SOLO_COALICIONES
159,26,SONORA,CAJEME,,15,830,1942,859,0.4423274974253347,0.5576725025746653,PT_PVEM_MORENA_NAS,454,0.5285215366705471,195,0.2270081490104773,PAN_PRI_PRD,259,0.30151338766006985,185,0.21536670547147846,MC,74,0.08614668218859138,PT_PVEM_MORENA_NAS,454,0.5285215366705471,195,0.2270081490104773,PAN_PRI_PRD,259,0.30151338766006985,185,0.21536670547147846,MC,74,0.08614668218859138,259,0.30151338766006985,454,0.5285215366705471,74,0.08614668218859138,13,0.015133876600698487,8,0.009313154831199068,12,0.013969732246798603,0,0.0,39,0.04540162980209546,859,1.0,ORIGEN,SECCION,SOLO_COALICIONES
160,26,SONORA,CAJEME,,15,836,345,156,0.45217391304347826,0.5478260869565217,PT_PVEM_MORENA_NAS,103,0.6602564102564102,69,0.4423076923076923,PAN_PRI_PRD,34,0.21794871794871795,26,0.16666666666666666,MC,8,0.05128205128205128,PT_PVEM_MORENA_NAS,103,0.6602564102564102,69,0.4423076923076923,PAN_PRI_PRD,34,0.21794871794871795,26,0.16666666666666666,MC,8,0.05128205128205128,34,0.21794871794871795,103,0.6602564102564102,8,0.05128205128205128,2,0.01282051282051282,3,0.019230769230769232,0,0.0,0,0.0,6,0.038461538461538464,156,1.0,ORIGEN,SECCION,SOLO_COALICIONES
161,26,SONORA,CAJEME,,15,837,686,267,0.3892128279883382,0.6107871720116618,PT_PVEM_MORENA_NAS,167,0.6254681647940075,101,0.3782771535580524,PAN_PRI_PRD,66,0.24719101123595505,39,0.14606741573033707,MC,27,0.10112359550561797,PT_PVEM_MORENA_NAS,167,0.6254681647940075,101,0.3782771535580524,PAN_PRI_PRD,66,0.24719101123595505,39,0.14606741573033707,MC,27,0.10112359550561797,66,0.24719101123595505,167,0.6254681647940075,27,0.10112359550561797,0,0.0,1,0.003745318352059925,3,0.011235955056179775,0,0.0,3,0.011235955056179775,267,1.0,ORIGEN,SECCION,SOLO_COALICIONES
162,26,SONORA,CAJEME,,15,838,867,341,0.3933102652825836,0.6066897347174164,PT_PVEM_MORENA_NAS,220,0.6451612903225806,149,0.436950146627566,PAN_PRI_PRD,71,0.20821114369501467,36,0.10557184750733138,MC,35,0.10263929618768329,PT_PVEM_MORENA_NAS,220,0.6451612903225806,149,0.436950146627566,PAN_PRI_PRD,71,0.20821114369501467,36,0.10557184750733138,MC,35,0.10263929618768329,71,0.20821114369501467,220,0.6451612903225806,35,0.10263929618768329,4,0.011730205278592375,5,0.01466275659824047,3,0.008797653958944282,0,0.0,3,0.008797653958944282,341,1.0,ORIGEN,SECCION,SOLO_COALICIONES
163,26,SONORA,CAJEME,,15,848,859,395,0.459837019790454,0.540162980209546,PT_PVEM_MORENA_NAS,197,0.49873417721518987,61,0.15443037974683543,PAN_PRI_PRD,136,0.34430379746835443,91,0.23037974683544304,MC,45,0.11392405063291139,PT_PVEM_MORENA_NAS,197,0.49873417721518987,61,0.15443037974683543,PAN_PRI_PRD,136,0.34430379746835443,91,0.23037974683544304,MC,45,0.11392405063291139,136,0.34430379746835443,197,0.49873417721518987,45,0.11392405063291139,5,0.012658227848101266,1,0.002531645569620253,5,0.012658227848101266,0,0.0,6,0.015189873417721518,395,1.0,ORIGEN,SECCION,SOLO_COALICIONES
164,26,SONORA,CAJEME,,15,849,1047,523,0.4995224450811843,0.5004775549188156,PT_PVEM_MORENA_NAS,294,0.5621414913957935,148,0.2829827915869981,PAN_PRI_PRD,146,0.27915869980879543,87,0.16634799235181644,MC,59,0.11281070745697896,PT_PVEM_MORENA_NAS,294,0.5621414913957935,148,0.2829827915869981,PAN_PRI_PRD,146,0.27915869980879543,87,0.16634799235181644,MC,59,0.11281070745697896,146,0.27915869980879543,294,0.5621414913957935,59,0.11281070745697896,2,0.0038240917782026767,4,0.0076481835564053535,9,0.017208413001912046,0,0.0,9,0.017208413001912046,523,1.0,ORIGEN,SECCION,SOLO_COALICIONES
165,26,SONORA,CAJEME,,15,850,543,283,0.5211786372007366,0.47882136279926335,PT_PVEM_MORENA_NAS,159,0.5618374558303887,81,0.2862190812720848,PAN_PRI_PRD,78,0.2756183745583039,45,0.15901060070671377,MC,33,0.1166077738515901,PT_PVEM_MORENA_NAS,159,0.5618374558303887,81,0.2862190812720848,PAN_PRI_PRD,78,0.2756183745583039,45,0.15901060070671377,MC,33,0.1166077738515901,78,0.2756183745583039,159,0.5618374558303887,33,0.1166077738515901,4,0.014134275618374558,4,0.014134275618374558,1,0.0035335689045936395,0,0.0,4,0.014134275618374558,283,1.0,ORIGEN,SECCION,SOLO_COALICIONES
166,26,SONORA,CAJEME,,15,853,816,452,0.553921568627451,0.446078431372549,PT_PVEM_MORENA_NAS,223,0.49336283185840707,55,0.12168141592920353,PAN_PRI_PRD,168,0.37168141592920356,119,0.26327433628318586,MC,49,0.1084070796460177,PT_PVEM_MORENA_NAS,223,0.49336283185840707,55,0.12168141592920353,PAN_PRI_PRD,168,0.37168141592920356,119,0.26327433628318586,MC,49,0.1084070796460177,168,0.37168141592920356,223,0.49336283185840707,49,0.1084070796460177,2,0.004424778761061947,1,0.0022123893805309734,4,0.008849557522123894,0,0.0,5,0.011061946902654867,452,1.0,ORIGEN,SECCION,SOLO_COALICIONES
167,26,SONORA,CAJEME,,15,854,688,425,0.6177325581395349,0.38226744186046513,PAN_PRI_PRD,195,0.4588235294117647,33,0.07764705882352942,PT_PVEM_MORENA_NAS,162,0.3811764705882353,120,0.2823529411764706,MC,42,0.0988235294117647,PAN_PRI_PRD,195,0.4588235294117647,33,0.07764705882352942,PT_PVEM_MORENA_NAS,162,0.3811764705882353,120,0.2823529411764706,MC,42,0.0988235294117647,195,0.4588235294117647,162,0.3811764705882353,42,0.0988235294117647,5,0.011764705882352941,3,0.007058823529411765,10,0.023529411764705882,0,0.0,8,0.018823529411764704,425,1.0,ORIGEN,SECCION,SOLO_COALICIONES
168,26,SONORA,CAJEME,,15,859,737,355,0.4816824966078697,0.5183175033921303,PT_PVEM_MORENA_NAS,189,0.532394366197183,81,0.22816901408450704,PAN_PRI_PRD,108,0.30422535211267604,63,0.17746478873239438,MC,45,0.1267605633802817,PT_PVEM_MORENA_NAS,189,0.532394366197183,81,0.22816901408450704,PAN_PRI_PRD,108,0.30422535211267604,63,0.17746478873239438,MC,45,0.1267605633802817,108,0.30422535211267604,189,0.532394366197183,45,0.1267605633802817,3,0.008450704225352112,1,0.0028169014084507044,5,0.014084507042253521,1,0.0028169014084507044,3,0.008450704225352112,355,1.0,ORIGEN,SECCION,SOLO_COALICIONES
169,26,SONORA,CAJEME,,15,861,1020,528,0.5176470588235295,0.48235294117647054,PT_PVEM_MORENA_NAS,299,0.5662878787878788,157,0.29734848484848486,PAN_PRI_PRD,142,0.2689393939393939,87,0.16477272727272727,MC,55,0.10416666666666667,PT_PVEM_MORENA_NAS,299,0.5662878787878788,157,0.29734848484848486,PAN_PRI_PRD,142,0.2689393939393939,87,0.16477272727272727,MC,55,0.10416666666666667,142,0.2689393939393939,299,0.5662878787878788,55,0.10416666666666667,5,0.00946969696969697,1,0.001893939393939394,10,0.01893939393939394,1,0.001893939393939394,15,0.028409090909090908,528,1.0,ORIGEN,SECCION,SOLO_COALICIONES
170,26,SONORA,CAJEME,,15,862,989,492,0.4974721941354904,0.5025278058645096,PT_PVEM_MORENA_NAS,267,0.5426829268292683,129,0.2621951219512195,PAN_PRI_PRD,138,0.2804878048780488,89,0.18089430894308944,MC,49,0.09959349593495935,PT_PVEM_MORENA_NAS,267,0.5426829268292683,129,0.2621951219512195,PAN_PRI_PRD,138,0.2804878048780488,89,0.18089430894308944,MC,49,0.09959349593495935,138,0.2804878048780488,267,0.5426829268292683,49,0.09959349593495935,7,0.014227642276422764,3,0.006097560975609756,14,0.028455284552845527,0,0.0,14,0.028455284552845527,492,1.0,ORIGEN,SECCION,SOLO_COALICIONES
171,26,SONORA,CAJEME,,15,863,868,430,0.49539170506912444,0.5046082949308756,PT_PVEM_MORENA_NAS,269,0.6255813953488372,162,0.3767441860465116,PAN_PRI_PRD,107,0.24883720930232558,76,0.17674418604651163,MC,31,0.07209302325581396,PT_PVEM_MORENA_NAS,269,0.6255813953488372,162,0.3767441860465116,PAN_PRI_PRD,107,0.24883720930232558,76,0.17674418604651163,MC,31,0.07209302325581396,107,0.24883720930232558,269,0.6255813953488372,31,0.07209302325581396,5,0.011627906976744186,1,0.002325581395348837,7,0.01627906976744186,0,0.0,10,0.023255813953488372,430,1.0,ORIGEN,SECCION,SOLO_COALICIONES
172,26,SONORA,CAJEME,,15,864,858,425,0.49533799533799533,0.5046620046620047,PT_PVEM_MORENA_NAS,227,0.5341176470588235,93,0.2188235294117647,PAN_PRI_PRD,134,0.31529411764705884,87,0.20470588235294118,MC,47,0.11058823529411765,PT_PVEM_MORENA_NAS,227,0.5341176470588235,93,0.2188235294117647,PAN_PRI_PRD,134,0.31529411764705884,87,0.20470588235294118,MC,47,0.11058823529411765,134,0.31529411764705884,227,0.5341176470588235,47,0.11058823529411765,1,0.002352941176470588,4,0.009411764705882352,5,0.011764705882352941,0,0.0,7,0.01647058823529412,425,1.0,ORIGEN,SECCION,SOLO_COALICIONES
173,26,SONORA,CAJEME,,15,865,870,459,0.5275862068965518,0.4724137931034482,PT_PVEM_MORENA_NAS,204,0.4444444444444444,18,0.0392156862745098,PAN_PRI_PRD,186,0.40522875816993464,142,0.3093681917211329,MC,44,0.09586056644880174,PT_PVEM_MORENA_NAS,204,0.4444444444444444,18,0.0392156862745098,PAN_PRI_PRD,186,0.40522875816993464,142,0.3093681917211329,MC,44,0.09586056644880174,186,0.40522875816993464,204,0.4444444444444444,44,0.09586056644880174,4,0.008714596949891068,5,0.010893246187363835,2,0.004357298474945534,0,0.0,14,0.030501089324618737,459,1.0,ORIGEN,SECCION,SOLO_COALICIONES
174,26,SONORA,CAJEME,,15,869,779,383,0.49165596919127086,0.5083440308087291,PT_PVEM_MORENA_NAS,214,0.5587467362924282,104,0.27154046997389036,PAN_PRI_PRD,110,0.28720626631853785,78,0.20365535248041775,MC,32,0.0835509138381201,PT_PVEM_MORENA_NAS,214,0.5587467362924282,104,0.27154046997389036,PAN_PRI_PRD,110,0.28720626631853785,78,0.20365535248041775,MC,32,0.0835509138381201,110,0.28720626631853785,214,0.5587467362924282,32,0.0835509138381201,3,0.007832898172323759,5,0.013054830287206266,10,0.02610966057441253,0,0.0,9,0.02349869451697128,383,1.0,ORIGEN,SECCION,SOLO_COALICIONES
175,26,SONORA,CAJEME,,15,870,724,396,0.5469613259668509,0.4530386740331491,PT_PVEM_MORENA_NAS,212,0.5353535353535354,95,0.2398989898989899,PAN_PRI_PRD,117,0.29545454545454547,77,0.19444444444444445,MC,40,0.10101010101010101,PT_PVEM_MORENA_NAS,212,0.5353535353535354,95,0.2398989898989899,PAN_PRI_PRD,117,0.29545454545454547,77,0.19444444444444445,MC,40,0.10101010101010101,117,0.29545454545454547,212,0.5353535353535354,40,0.10101010101010101,7,0.017676767676767676,3,0.007575757575757576,8,0.020202020202020204,0,0.0,9,0.022727272727272728,396,1.0,ORIGEN,SECCION,SOLO_COALICIONES
176,26,SONORA,CAJEME,,15,871,1020,434,0.42549019607843136,0.5745098039215686,PT_PVEM_MORENA_NAS,301,0.6935483870967742,235,0.5414746543778802,PAN_PRI_PRD,66,0.15207373271889402,19,0.04377880184331797,MC,47,0.10829493087557604,PT_PVEM_MORENA_NAS,301,0.6935483870967742,235,0.5414746543778802,PAN_PRI_PRD,66,0.15207373271889402,19,0.04377880184331797,MC,47,0.10829493087557604,66,0.15207373271889402,301,0.6935483870967742,47,0.10829493087557604,6,0.013824884792626729,3,0.0069124423963133645,7,0.016129032258064516,0,0.0,4,0.009216589861751152,434,1.0,ORIGEN,SECCION,SOLO_COALICIONES
177,26,SONORA,CAJEME,,15,872,867,448,0.5167243367935409,0.4832756632064591,PT_PVEM_MORENA_NAS,253,0.5647321428571429,104,0.23214285714285715,PAN_PRI_PRD,149,0.3325892857142857,109,0.24330357142857142,MC,40,0.08928571428571429,PT_PVEM_MORENA_NAS,253,0.5647321428571429,104,0.23214285714285715,PAN_PRI_PRD,149,0.3325892857142857,109,0.24330357142857142,MC,40,0.08928571428571429,149,0.3325892857142857,253,0.5647321428571429,40,0.08928571428571429,0,0.0,0,0.0,4,0.008928571428571428,0,0.0,2,0.004464285714285714,448,1.0,ORIGEN,SECCION,SOLO_COALICIONES
178,26,SONORA,CAJEME,,15,873,823,392,0.47630619684082626,0.5236938031591738,PT_PVEM_MORENA_NAS,211,0.5382653061224489,93,0.2372448979591837,PAN_PRI_PRD,118,0.3010204081632653,76,0.19387755102040816,MC,42,0.10714285714285714,PT_PVEM_MORENA_NAS,211,0.5382653061224489,93,0.2372448979591837,PAN_PRI_PRD,118,0.3010204081632653,76,0.19387755102040816,MC,42,0.10714285714285714,118,0.3010204081632653,211,0.5382653061224489,42,0.10714285714285714,9,0.02295918367346939,1,0.002551020408163265,1,0.002551020408163265,0,0.0,10,0.025510204081632654,392,1.0,ORIGEN,SECCION,SOLO_COALICIONES
179,26,SONORA,CAJEME,,15,880,902,406,0.4501108647450111,0.5498891352549888,PT_PVEM_MORENA_NAS,224,0.5517241379310345,112,0.27586206896551724,PAN_PRI_PRD,112,0.27586206896551724,65,0.16009852216748768,MC,47,0.11576354679802955,PT_PVEM_MORENA_NAS,224,0.5517241379310345,112,0.27586206896551724,PAN_PRI_PRD,112,0.27586206896551724,65,0.16009852216748768,MC,47,0.11576354679802955,112,0.27586206896551724,224,0.5517241379310345,47,0.11576354679802955,11,0.027093596059113302,2,0.0049261083743842365,4,0.009852216748768473,1,0.0024630541871921183,5,0.012315270935960592,406,1.0,ORIGEN,SECCION,SOLO_COALICIONES
180,26,SONORA,CAJEME,,15,881,1141,563,0.4934268185801928,0.5065731814198071,PT_PVEM_MORENA_NAS,309,0.5488454706927176,139,0.2468916518650089,PAN_PRI_PRD,170,0.3019538188277087,112,0.1989342806394316,MC,58,0.10301953818827708,PT_PVEM_MORENA_NAS,309,0.5488454706927176,139,0.2468916518650089,PAN_PRI_PRD,170,0.3019538188277087,112,0.1989342806394316,MC,58,0.10301953818827708,170,0.3019538188277087,309,0.5488454706927176,58,0.10301953818827708,8,0.014209591474245116,2,0.003552397868561279,5,0.008880994671403197,0,0.0,11,0.019538188277087035,563,1.0,ORIGEN,SECCION,SOLO_COALICIONES
181,26,SONORA,CAJEME,,15,882,1168,567,0.4854452054794521,0.514554794520548,PT_PVEM_MORENA_NAS,336,0.5925925925925926,177,0.31216931216931215,PAN_PRI_PRD,159,0.2804232804232804,111,0.19576719576719576,MC,48,0.08465608465608465,PT_PVEM_MORENA_NAS,336,0.5925925925925926,177,0.31216931216931215,PAN_PRI_PRD,159,0.2804232804232804,111,0.19576719576719576,MC,48,0.08465608465608465,159,0.2804232804232804,336,0.5925925925925926,48,0.08465608465608465,7,0.012345679012345678,2,0.003527336860670194,10,0.01763668430335097,0,0.0,5,0.008818342151675485,567,1.0,ORIGEN,SECCION,SOLO_COALICIONES
182,26,SONORA,CAJEME,,15,883,1555,705,0.4533762057877814,0.5466237942122186,PT_PVEM_MORENA_NAS,383,0.5432624113475177,183,0.25957446808510637,PAN_PRI_PRD,200,0.28368794326241137,116,0.16453900709219857,MC,84,0.11914893617021277,PT_PVEM_MORENA_NAS,383,0.5432624113475177,183,0.25957446808510637,PAN_PRI_PRD,200,0.28368794326241137,116,0.16453900709219857,MC,84,0.11914893617021277,200,0.28368794326241137,383,0.5432624113475177,84,0.11914893617021277,7,0.009929078014184398,2,0.0028368794326241137,12,0.01702127659574468,1,0.0014184397163120568,16,0.02269503546099291,705,1.0,ORIGEN,SECCION,SOLO_COALICIONES
183,26,SONORA,CAJEME,,15,884,1629,730,0.4481276856967465,0.5518723143032536,PT_PVEM_MORENA_NAS,399,0.5465753424657535,196,0.2684931506849315,PAN_PRI_PRD,203,0.27808219178082194,116,0.1589041095890411,MC,87,0.11917808219178082,PT_PVEM_MORENA_NAS,399,0.5465753424657535,196,0.2684931506849315,PAN_PRI_PRD,203,0.27808219178082194,116,0.1589041095890411,MC,87,0.11917808219178082,203,0.27808219178082194,399,0.5465753424657535,87,0.11917808219178082,15,0.02054794520547945,6,0.00821917808219178,7,0.009589041095890411,1,0.0013698630136986301,12,0.01643835616438356,730,1.0,ORIGEN,SECCION,SOLO_COALICIONES
184,26,SONORA,CAJEME,,15,894,1138,473,0.4156414762741652,0.5843585237258349,PT_PVEM_MORENA_NAS,256,0.5412262156448203,115,0.24312896405919662,PAN_PRI_PRD,141,0.29809725158562367,99,0.20930232558139536,MC,42,0.08879492600422834,PT_PVEM_MORENA_NAS,256,0.5412262156448203,115,0.24312896405919662,PAN_PRI_PRD,141,0.29809725158562367,99,0.20930232558139536,MC,42,0.08879492600422834,141,0.29809725158562367,256,0.5412262156448203,42,0.08879492600422834,5,0.010570824524312896,2,0.004228329809725159,12,0.02536997885835095,0,0.0,15,0.03171247357293869,473,1.0,ORIGEN,SECCION,SOLO_COALICIONES
185,26,SONORA,CAJEME,,15,895,789,344,0.43599493029150826,0.5640050697084917,PT_PVEM_MORENA_NAS,186,0.5406976744186046,91,0.26453488372093026,PAN_PRI_PRD,95,0.2761627906976744,56,0.16279069767441862,MC,39,0.11337209302325581,PT_PVEM_MORENA_NAS,186,0.5406976744186046,91,0.26453488372093026,PAN_PRI_PRD,95,0.2761627906976744,56,0.16279069767441862,MC,39,0.11337209302325581,95,0.2761627906976744,186,0.5406976744186046,39,0.11337209302325581,3,0.00872093023255814,2,0.005813953488372093,10,0.029069767441860465,0,0.0,9,0.02616279069767442,344,1.0,ORIGEN,SECCION,SOLO_COALICIONES
186,26,SONORA,CAJEME,,15,896,1251,542,0.43325339728217427,0.5667466027178257,PT_PVEM_MORENA_NAS,314,0.5793357933579336,187,0.34501845018450183,PAN_PRI_PRD,127,0.23431734317343172,59,0.1088560885608856,MC,68,0.12546125461254612,PT_PVEM_MORENA_NAS,314,0.5793357933579336,187,0.34501845018450183,PAN_PRI_PRD,127,0.23431734317343172,59,0.1088560885608856,MC,68,0.12546125461254612,127,0.23431734317343172,314,0.5793357933579336,68,0.12546125461254612,11,0.02029520295202952,6,0.01107011070110701,6,0.01107011070110701,0,0.0,10,0.01845018450184502,542,1.0,ORIGEN,SECCION,SOLO_COALICIONES
187,26,SONORA,CAJEME,,15,897,1098,452,0.4116575591985428,0.5883424408014573,PT_PVEM_MORENA_NAS,233,0.5154867256637168,104,0.23008849557522124,PAN_PRI_PRD,129,0.2853982300884956,65,0.14380530973451328,MC,64,0.1415929203539823,PT_PVEM_MORENA_NAS,233,0.5154867256637168,104,0.23008849557522124,PAN_PRI_PRD,129,0.2853982300884956,65,0.14380530973451328,MC,64,0.1415929203539823,129,0.2853982300884956,233,0.5154867256637168,64,0.1415929203539823,5,0.011061946902654867,3,0.00663716814159292,7,0.015486725663716814,0,0.0,11,0.024336283185840708,452,1.0,ORIGEN,SECCION,SOLO_COALICIONES
188,26,SONORA,CAJEME,,15,898,844,395,0.46800947867298576,0.5319905213270142,PT_PVEM_MORENA_NAS,226,0.5721518987341773,112,0.28354430379746837,PAN_PRI_PRD,114,0.28860759493670884,77,0.1949367088607595,MC,37,0.09367088607594937,PT_PVEM_MORENA_NAS,226,0.5721518987341773,112,0.28354430379746837,PAN_PRI_PRD,114,0.28860759493670884,77,0.1949367088607595,MC,37,0.09367088607594937,114,0.28860759493670884,226,0.5721518987341773,37,0.09367088607594937,5,0.012658227848101266,1,0.002531645569620253,3,0.007594936708860759,0,0.0,9,0.02278481012658228,395,1.0,ORIGEN,SECCION,SOLO_COALICIONES
189,26,SONORA,CAJEME,,15,899,984,423,0.4298780487804878,0.5701219512195121,PT_PVEM_MORENA_NAS,231,0.5460992907801419,108,0.2553191489361702,PAN_PRI_PRD,123,0.2907801418439716,79,0.1867612293144208,MC,44,0.10401891252955082,PT_PVEM_MORENA_NAS,231,0.5460992907801419,108,0.2553191489361702,PAN_PRI_PRD,123,0.2907801418439716,79,0.1867612293144208,MC,44,0.10401891252955082,123,0.2907801418439716,231,0.5460992907801419,44,0.10401891252955082,1,0.002364066193853428,4,0.009456264775413711,11,0.026004728132387706,0,0.0,9,0.02127659574468085,423,1.0,ORIGEN,SECCION,SOLO_COALICIONES
190,26,SONORA,CAJEME,,15,902,879,354,0.40273037542662116,0.5972696245733788,PT_PVEM_MORENA_NAS,236,0.6666666666666666,175,0.4943502824858757,PAN_PRI_PRD,61,0.17231638418079095,37,0.10451977401129943,MC,24,0.06779661016949153,PT_PVEM_MORENA_NAS,236,0.6666666666666666,175,0.4943502824858757,PAN_PRI_PRD,61,0.17231638418079095,37,0.10451977401129943,MC,24,0.06779661016949153,61,0.17231638418079095,236,0.6666666666666666,24,0.06779661016949153,3,0.00847457627118644,2,0.005649717514124294,7,0.01977401129943503,1,0.002824858757062147,20,0.05649717514124294,354,1.0,ORIGEN,SECCION,SOLO_COALICIONES
191,26,SONORA,CAJEME,,15,903,1559,494,0.3168697883258499,0.6831302116741501,PT_PVEM_MORENA_NAS,279,0.5647773279352226,165,0.3340080971659919,PAN_PRI_PRD,114,0.23076923076923078,56,0.11336032388663968,MC,58,0.11740890688259109,PT_PVEM_MORENA_NAS,279,0.5647773279352226,165,0.3340080971659919,PAN_PRI_PRD,114,0.23076923076923078,56,0.11336032388663968,MC,58,0.11740890688259109,114,0.23076923076923078,279,0.5647773279352226,58,0.11740890688259109,12,0.024291497975708502,6,0.012145748987854251,11,0.022267206477732792,0,0.0,14,0.02834008097165992,494,1.0,ORIGEN,SECCION,SOLO_COALICIONES
192,26,SONORA,CAJEME,,15,904,2204,688,0.3121597096188748,0.6878402903811252,PT_PVEM_MORENA_NAS,416,0.6046511627906976,252,0.36627906976744184,PAN_PRI_PRD,164,0.23837209302325582,95,0.1380813953488372,MC,69,0.1002906976744186,PT_PVEM_MORENA_NAS,416,0.6046511627906976,252,0.36627906976744184,PAN_PRI_PRD,164,0.23837209302325582,95,0.1380813953488372,MC,69,0.1002906976744186,164,0.23837209302325582,416,0.6046511627906976,69,0.1002906976744186,8,0.011627906976744186,5,0.007267441860465116,13,0.0188953488372093,1,0.0014534883720930232,12,0.01744186046511628,688,1.0,ORIGEN,SECCION,SOLO_COALICIONES
193,26,SONORA,CAJEME,,15,905,813,327,0.4022140221402214,0.5977859778597786,PT_PVEM_MORENA_NAS,204,0.6238532110091743,142,0.43425076452599387,PAN_PRI_PRD,62,0.18960244648318042,31,0.09480122324159021,MC,31,0.09480122324159021,PT_PVEM_MORENA_NAS,204,0.6238532110091743,142,0.43425076452599387,PAN_PRI_PRD,62,0.18960244648318042,31,0.09480122324159021,MC,31,0.09480122324159021,62,0.18960244648318042,204,0.6238532110091743,31,0.09480122324159021,3,0.009174311926605505,2,0.0061162079510703364,12,0.03669724770642202,0,0.0,13,0.039755351681957186,327,1.0,ORIGEN,SECCION,SOLO_COALICIONES
194,26,SONORA,CAJEME,,15,911,4878,1440,0.2952029520295203,0.7047970479704797,PT_PVEM_MORENA_NAS,855,0.59375,498,0.3458333333333333,PAN_PRI_PRD,357,0.24791666666666667,220,0.1527777777777778,MC,137,0.09513888888888888,PT_PVEM_MORENA_NAS,855,0.59375,498,0.3458333333333333,PAN_PRI_PRD,357,0.24791666666666667,220,0.1527777777777778,MC,137,0.09513888888888888,357,0.24791666666666667,855,0.59375,137,0.09513888888888888,15,0.010416666666666666,15,0.010416666666666666,36,0.025,0,0.0,25,0.017361111111111112,1440,1.0,ORIGEN,SECCION,SOLO_COALICIONES
195,26,SONORA,CAJEME,,15,912,4333,1540,0.3554119547657512,0.6445880452342487,PT_PVEM_MORENA_NAS,845,0.5487012987012987,464,0.3012987012987013,PAN_PRI_PRD,381,0.2474025974025974,223,0.1448051948051948,MC,158,0.1025974025974026,PT_PVEM_MORENA_NAS,845,0.5487012987012987,464,0.3012987012987013,PAN_PRI_PRD,381,0.2474025974025974,223,0.1448051948051948,MC,158,0.1025974025974026,381,0.2474025974025974,845,0.5487012987012987,158,0.1025974025974026,23,0.014935064935064935,8,0.005194805194805195,91,0.05909090909090909,0,0.0,34,0.02207792207792208,1540,1.0,ORIGEN,SECCION,SOLO_COALICIONES
196,26,SONORA,CAJEME,,15,915,2776,891,0.32096541786743515,0.6790345821325648,PT_PVEM_MORENA_NAS,532,0.5970819304152637,305,0.34231200897867564,PAN_PRI_PRD,227,0.2547699214365881,156,0.1750841750841751,MC,71,0.07968574635241302,PT_PVEM_MORENA_NAS,532,0.5970819304152637,305,0.34231200897867564,PAN_PRI_PRD,227,0.2547699214365881,156,0.1750841750841751,MC,71,0.07968574635241302,227,0.2547699214365881,532,0.5970819304152637,71,0.07968574635241302,13,0.014590347923681257,8,0.008978675645342313,22,0.024691358024691357,1,0.001122334455667789,17,0.019079685746352413,891,1.0,ORIGEN,SECCION,SOLO_COALICIONES
197,26,SONORA,CAJEME,,15,916,3905,1474,0.37746478873239436,0.6225352112676057,PT_PVEM_MORENA_NAS,813,0.5515603799185889,371,0.25169606512890097,PAN_PRI_PRD,442,0.29986431478968795,298,0.2021709633649932,MC,144,0.09769335142469471,PT_PVEM_MORENA_NAS,813,0.5515603799185889,371,0.25169606512890097,PAN_PRI_PRD,442,0.29986431478968795,298,0.2021709633649932,MC,144,0.09769335142469471,442,0.29986431478968795,813,0.5515603799185889,144,0.09769335142469471,23,0.015603799185888738,6,0.004070556309362279,25,0.016960651289009497,0,0.0,21,0.014246947082767978,1474,1.0,ORIGEN,SECCION,SOLO_COALICIONES
198,26,SONORA,CAJEME,,15,917,794,382,0.4811083123425693,0.5188916876574308,PT_PVEM_MORENA_NAS,184,0.4816753926701571,52,0.13612565445026178,PAN_PRI_PRD,132,0.34554973821989526,81,0.21204188481675393,MC,51,0.13350785340314136,PT_PVEM_MORENA_NAS,184,0.4816753926701571,52,0.13612565445026178,PAN_PRI_PRD,132,0.34554973821989526,81,0.21204188481675393,MC,51,0.13350785340314136,132,0.34554973821989526,184,0.4816753926701571,51,0.13350785340314136,6,0.015706806282722512,0,0.0,3,0.007853403141361256,0,0.0,6,0.015706806282722512,382,1.0,ORIGEN,SECCION,SOLO_COALICIONES
199,26,SONORA,CAJEME,,15,923,911,428,0.4698133918770582,0.5301866081229418,PT_PVEM_MORENA_NAS,216,0.5046728971962616,76,0.17757009345794392,PAN_PRI_PRD,140,0.32710280373831774,90,0.2102803738317757,MC,50,0.11682242990654206,PT_PVEM_MORENA_NAS,216,0.5046728971962616,76,0.17757009345794392,PAN_PRI_PRD,140,0.32710280373831774,90,0.2102803738317757,MC,50,0.11682242990654206,140,0.32710280373831774,216,0.5046728971962616,50,0.11682242990654206,2,0.004672897196261682,1,0.002336448598130841,12,0.028037383177570093,0,0.0,7,0.016355140186915886,428,1.0,ORIGEN,SECCION,SOLO_COALICIONES
200,26,SONORA,CAJEME,,15,924,1296,522,0.4027777777777778,0.5972222222222222,PT_PVEM_MORENA_NAS,298,0.5708812260536399,165,0.3160919540229885,PAN_PRI_PRD,133,0.2547892720306513,66,0.12643678160919541,MC,67,0.12835249042145594,PT_PVEM_MORENA_NAS,298,0.5708812260536399,165,0.3160919540229885,PAN_PRI_PRD,133,0.2547892720306513,66,0.12643678160919541,MC,67,0.12835249042145594,133,0.2547892720306513,298,0.5708812260536399,67,0.12835249042145594,7,0.013409961685823755,2,0.0038314176245210726,12,0.022988505747126436,0,0.0,3,0.005747126436781609,522,1.0,ORIGEN,SECCION,SOLO_COALICIONES
201,26,SONORA,CAJEME,,15,925,945,475,0.5026455026455027,0.4973544973544973,PT_PVEM_MORENA_NAS,291,0.6126315789473684,174,0.3663157894736842,PAN_PRI_PRD,117,0.2463157894736842,81,0.1705263157894737,MC,36,0.07578947368421053,PT_PVEM_MORENA_NAS,291,0.6126315789473684,174,0.3663157894736842,PAN_PRI_PRD,117,0.2463157894736842,81,0.1705263157894737,MC,36,0.07578947368421053,117,0.2463157894736842,291,0.6126315789473684,36,0.07578947368421053,2,0.004210526315789474,5,0.010526315789473684,7,0.014736842105263158,1,0.002105263157894737,16,0.03368421052631579,475,1.0,ORIGEN,SECCION,SOLO_COALICIONES
202,26,SONORA,CAJEME,,15,929,1059,514,0.48536355051935787,0.5146364494806421,PT_PVEM_MORENA_NAS,302,0.5875486381322957,168,0.32684824902723736,PAN_PRI_PRD,134,0.2607003891050584,82,0.15953307392996108,MC,52,0.10116731517509728,PT_PVEM_MORENA_NAS,302,0.5875486381322957,168,0.32684824902723736,PAN_PRI_PRD,134,0.2607003891050584,82,0.15953307392996108,MC,52,0.10116731517509728,134,0.2607003891050584,302,0.5875486381322957,52,0.10116731517509728,5,0.009727626459143969,2,0.0038910505836575876,10,0.019455252918287938,0,0.0,9,0.017509727626459144,514,1.0,ORIGEN,SECCION,SOLO_COALICIONES
203,26,SONORA,CAJEME,,15,930,1229,529,0.4304312449145647,0.5695687550854354,PT_PVEM_MORENA_NAS,290,0.5482041587901701,139,0.2627599243856333,PAN_PRI_PRD,151,0.28544423440453687,96,0.18147448015122875,MC,55,0.10396975425330812,PT_PVEM_MORENA_NAS,290,0.5482041587901701,139,0.2627599243856333,PAN_PRI_PRD,151,0.28544423440453687,96,0.18147448015122875,MC,55,0.10396975425330812,151,0.28544423440453687,290,0.5482041587901701,55,0.10396975425330812,5,0.00945179584120983,6,0.011342155009451797,11,0.020793950850661626,0,0.0,11,0.020793950850661626,529,1.0,ORIGEN,SECCION,SOLO_COALICIONES
204,26,SONORA,CAJEME,,15,931,931,437,0.46938775510204084,0.5306122448979591,PT_PVEM_MORENA_NAS,249,0.5697940503432495,134,0.30663615560640733,PAN_PRI_PRD,115,0.2631578947368421,63,0.14416475972540047,MC,52,0.11899313501144165,PT_PVEM_MORENA_NAS,249,0.5697940503432495,134,0.30663615560640733,PAN_PRI_PRD,115,0.2631578947368421,63,0.14416475972540047,MC,52,0.11899313501144165,115,0.2631578947368421,249,0.5697940503432495,52,0.11899313501144165,3,0.006864988558352402,2,0.004576659038901602,5,0.011441647597254004,0,0.0,11,0.02517162471395881,437,1.0,ORIGEN,SECCION,SOLO_COALICIONES
205,26,SONORA,CAJEME,,15,932,958,408,0.42588726513569936,0.5741127348643007,PT_PVEM_MORENA_NAS,239,0.5857843137254902,137,0.33578431372549017,PAN_PRI_PRD,102,0.25,50,0.12254901960784313,MC,52,0.12745098039215685,PT_PVEM_MORENA_NAS,239,0.5857843137254902,137,0.33578431372549017,PAN_PRI_PRD,102,0.25,50,0.12254901960784313,MC,52,0.12745098039215685,102,0.25,239,0.5857843137254902,52,0.12745098039215685,1,0.0024509803921568627,0,0.0,4,0.00980392156862745,0,0.0,10,0.024509803921568627,408,1.0,ORIGEN,SECCION,SOLO_COALICIONES
206,26,SONORA,CAJEME,,15,955,873,215,0.24627720504009165,0.7537227949599083,PT_PVEM_MORENA_NAS,105,0.4883720930232558,66,0.30697674418604654,PAN_PRI_PRD,39,0.1813953488372093,12,0.05581395348837209,MC,27,0.12558139534883722,PT_PVEM_MORENA_NAS,105,0.4883720930232558,66,0.30697674418604654,PAN_PRI_PRD,39,0.1813953488372093,12,0.05581395348837209,MC,27,0.12558139534883722,39,0.1813953488372093,105,0.4883720930232558,27,0.12558139534883722,5,0.023255813953488372,1,0.004651162790697674,22,0.10232558139534884,0,0.0,16,0.07441860465116279,215,1.0,ORIGEN,SECCION,SOLO_COALICIONES
207,26,SONORA,CAJEME,,15,962,1068,439,0.4110486891385768,0.5889513108614233,PT_PVEM_MORENA_NAS,239,0.5444191343963554,100,0.22779043280182232,PAN_PRI_PRD,139,0.31662870159453305,121,0.275626423690205,MC,18,0.04100227790432802,PT_PVEM_MORENA_NAS,239,0.5444191343963554,100,0.22779043280182232,PAN_PRI_PRD,139,0.31662870159453305,121,0.275626423690205,MC,18,0.04100227790432802,139,0.31662870159453305,239,0.5444191343963554,18,0.04100227790432802,10,0.022779043280182234,6,0.01366742596810934,5,0.011389521640091117,0,0.0,22,0.05011389521640091,439,1.0,ORIGEN,SECCION,SOLO_COALICIONES
208,26,SONORA,CAJEME,,15,966,2671,921,0.3448146761512542,0.6551853238487457,PT_PVEM_MORENA_NAS,650,0.7057546145494028,473,0.5135722041259501,PAN_PRI_PRD,177,0.19218241042345277,122,0.13246471226927253,MC,55,0.05971769815418024,PT_PVEM_MORENA_NAS,650,0.7057546145494028,473,0.5135722041259501,PAN_PRI_PRD,177,0.19218241042345277,122,0.13246471226927253,MC,55,0.05971769815418024,177,0.19218241042345277,650,0.7057546145494028,55,0.05971769815418024,7,0.00760043431053203,4,0.004343105320304018,8,0.008686210640608035,0,0.0,20,0.021715526601520086,921,1.0,ORIGEN,SECCION,SOLO_COALICIONES
209,26,SONORA,CAJEME,,15,967,1287,216,0.16783216783216784,0.8321678321678322,PT_PVEM_MORENA_NAS,147,0.6805555555555556,106,0.49074074074074076,PAN_PRI_PRD,41,0.18981481481481483,24,0.1111111111111111,MC,17,0.0787037037037037,PT_PVEM_MORENA_NAS,147,0.6805555555555556,106,0.49074074074074076,PAN_PRI_PRD,41,0.18981481481481483,24,0.1111111111111111,MC,17,0.0787037037037037,41,0.18981481481481483,147,0.6805555555555556,17,0.0787037037037037,2,0.009259259259259259,1,0.004629629629629629,5,0.023148148148148147,0,0.0,3,0.013888888888888888,216,1.0,ORIGEN,SECCION,SOLO_COALICIONES
210,26,SONORA,CAJEME,,15,968,1015,397,0.39113300492610836,0.6088669950738916,PT_PVEM_MORENA_NAS,257,0.6473551637279596,162,0.4080604534005038,PAN_PRI_PRD,95,0.23929471032745592,83,0.20906801007556675,MC,12,0.030226700251889168,PT_PVEM_MORENA_NAS,257,0.6473551637279596,162,0.4080604534005038,PAN_PRI_PRD,95,0.23929471032745592,83,0.20906801007556675,MC,12,0.030226700251889168,95,0.23929471032745592,257,0.6473551637279596,12,0.030226700251889168,5,0.012594458438287154,7,0.017632241813602016,4,0.010075566750629723,1,0.0025188916876574307,16,0.04030226700251889,397,1.0,ORIGEN,SECCION,SOLO_COALICIONES
211,26,SONORA,CAJEME,,15,969,948,401,0.4229957805907173,0.5770042194092827,PT_PVEM_MORENA_NAS,260,0.6483790523690773,173,0.4314214463840399,PAN_PRI_PRD,87,0.2169576059850374,61,0.15211970074812967,MC,26,0.06483790523690773,PT_PVEM_MORENA_NAS,260,0.6483790523690773,173,0.4314214463840399,PAN_PRI_PRD,87,0.2169576059850374,61,0.15211970074812967,MC,26,0.06483790523690773,87,0.2169576059850374,260,0.6483790523690773,26,0.06483790523690773,6,0.014962593516209476,4,0.00997506234413965,5,0.012468827930174564,0,0.0,13,0.032418952618453865,401,1.0,ORIGEN,SECCION,SOLO_COALICIONES
212,26,SONORA,CAJEME,,15,970,852,357,0.41901408450704225,0.5809859154929577,PT_PVEM_MORENA_NAS,258,0.7226890756302521,199,0.5574229691876751,PAN_PRI_PRD,59,0.16526610644257703,38,0.10644257703081232,MC,21,0.058823529411764705,PT_PVEM_MORENA_NAS,258,0.7226890756302521,199,0.5574229691876751,PAN_PRI_PRD,59,0.16526610644257703,38,0.10644257703081232,MC,21,0.058823529411764705,59,0.16526610644257703,258,0.7226890756302521,21,0.058823529411764705,2,0.0056022408963585435,4,0.011204481792717087,4,0.011204481792717087,0,0.0,9,0.025210084033613446,357,1.0,ORIGEN,SECCION,SOLO_COALICIONES
213,26,SONORA,CAJEME,,15,971,1421,520,0.36593947923997183,0.6340605207600282,PT_PVEM_MORENA_NAS,336,0.6461538461538462,221,0.425,PAN_PRI_PRD,115,0.22115384615384615,90,0.17307692307692307,MC,25,0.04807692307692308,PT_PVEM_MORENA_NAS,336,0.6461538461538462,221,0.425,PAN_PRI_PRD,115,0.22115384615384615,90,0.17307692307692307,MC,25,0.04807692307692308,115,0.22115384615384615,336,0.6461538461538462,25,0.04807692307692308,6,0.011538461538461539,10,0.019230769230769232,5,0.009615384615384616,0,0.0,23,0.04423076923076923,520,1.0,ORIGEN,SECCION,SOLO_COALICIONES
214,26,SONORA,CAJEME,,15,972,875,333,0.38057142857142856,0.6194285714285714,PT_PVEM_MORENA_NAS,234,0.7027027027027027,170,0.5105105105105106,PAN_PRI_PRD,64,0.1921921921921922,44,0.13213213213213212,MC,20,0.06006006006006006,PT_PVEM_MORENA_NAS,234,0.7027027027027027,170,0.5105105105105106,PAN_PRI_PRD,64,0.1921921921921922,44,0.13213213213213212,MC,20,0.06006006006006006,64,0.1921921921921922,234,0.7027027027027027,20,0.06006006006006006,3,0.009009009009009009,2,0.006006006006006006,6,0.018018018018018018,0,0.0,4,0.012012012012012012,333,1.0,ORIGEN,SECCION,SOLO_COALICIONES
215,26,SONORA,CAJEME,,15,973,1235,412,0.33360323886639676,0.6663967611336032,PT_PVEM_MORENA_NAS,256,0.6213592233009708,156,0.3786407766990291,PAN_PRI_PRD,100,0.24271844660194175,69,0.16747572815533981,MC,31,0.07524271844660194,PT_PVEM_MORENA_NAS,256,0.6213592233009708,156,0.3786407766990291,PAN_PRI_PRD,100,0.24271844660194175,69,0.16747572815533981,MC,31,0.07524271844660194,100,0.24271844660194175,256,0.6213592233009708,31,0.07524271844660194,7,0.01699029126213592,4,0.009708737864077669,4,0.009708737864077669,0,0.0,10,0.024271844660194174,412,1.0,ORIGEN,SECCION,SOLO_COALICIONES
216,26,SONORA,CAJEME,,15,974,1837,606,0.32988568317909633,0.6701143168209036,PT_PVEM_MORENA_NAS,444,0.7326732673267327,351,0.5792079207920792,PAN_PRI_PRD,93,0.15346534653465346,60,0.09900990099009901,MC,33,0.054455445544554455,PT_PVEM_MORENA_NAS,444,0.7326732673267327,351,0.5792079207920792,PAN_PRI_PRD,93,0.15346534653465346,60,0.09900990099009901,MC,33,0.054455445544554455,93,0.15346534653465346,444,0.7326732673267327,33,0.054455445544554455,4,0.006600660066006601,2,0.0033003300330033004,7,0.01155115511551155,0,0.0,23,0.037953795379537955,606,1.0,ORIGEN,SECCION,SOLO_COALICIONES
217,26,SONORA,CAJEME,,15,975,1364,498,0.3651026392961877,0.6348973607038123,PT_PVEM_MORENA_NAS,329,0.6606425702811245,226,0.4538152610441767,PAN_PRI_PRD,103,0.20682730923694778,61,0.12248995983935743,MC,42,0.08433734939759036,PT_PVEM_MORENA_NAS,329,0.6606425702811245,226,0.4538152610441767,PAN_PRI_PRD,103,0.20682730923694778,61,0.12248995983935743,MC,42,0.08433734939759036,103,0.20682730923694778,329,0.6606425702811245,42,0.08433734939759036,8,0.01606425702811245,1,0.002008032128514056,8,0.01606425702811245,0,0.0,7,0.014056224899598393,498,1.0,ORIGEN,SECCION,SOLO_COALICIONES
218,26,SONORA,CAJEME,,15,976,1740,419,0.24080459770114943,0.7591954022988505,PT_PVEM_MORENA_NAS,229,0.5465393794749404,133,0.31742243436754175,PAN_PRI_PRD,96,0.22911694510739858,60,0.1431980906921241,RSP,36,0.08591885441527446,PT_PVEM_MORENA_NAS,229,0.5465393794749404,133,0.31742243436754175,PAN_PRI_PRD,96,0.22911694510739858,60,0.1431980906921241,RSP,36,0.08591885441527446,96,0.22911694510739858,229,0.5465393794749404,22,0.05250596658711217,10,0.02386634844868735,36,0.08591885441527446,18,0.04295942720763723,0,0.0,8,0.01909307875894988,419,1.0,ORIGEN,SECCION,SOLO_COALICIONES
219,26,SONORA,CAJEME,,15,977,1556,666,0.42802056555269924,0.5719794344473008,PT_PVEM_MORENA_NAS,428,0.6426426426426426,284,0.4264264264264264,PAN_PRI_PRD,144,0.21621621621621623,105,0.15765765765765766,MC,39,0.05855855855855856,PT_PVEM_MORENA_NAS,428,0.6426426426426426,284,0.4264264264264264,PAN_PRI_PRD,144,0.21621621621621623,105,0.15765765765765766,MC,39,0.05855855855855856,144,0.21621621621621623,428,0.6426426426426426,39,0.05855855855855856,10,0.015015015015015015,26,0.03903903903903904,7,0.010510510510510511,1,0.0015015015015015015,11,0.016516516516516516,666,1.0,ORIGEN,SECCION,SOLO_COALICIONES
220,26,SONORA,CAJEME,,15,978,1357,484,0.35666912306558585,0.6433308769344142,PT_PVEM_MORENA_NAS,315,0.6508264462809917,199,0.41115702479338845,PAN_PRI_PRD,116,0.2396694214876033,84,0.17355371900826447,MC,32,0.06611570247933884,PT_PVEM_MORENA_NAS,315,0.6508264462809917,199,0.41115702479338845,PAN_PRI_PRD,116,0.2396694214876033,84,0.17355371900826447,MC,32,0.06611570247933884,116,0.2396694214876033,315,0.6508264462809917,32,0.06611570247933884,4,0.008264462809917356,2,0.004132231404958678,7,0.014462809917355372,0,0.0,8,0.01652892561983471,484,1.0,ORIGEN,SECCION,SOLO_COALICIONES
221,26,SONORA,CAJEME,,15,979,826,369,0.4467312348668281,0.5532687651331719,PT_PVEM_MORENA_NAS,214,0.5799457994579946,115,0.3116531165311653,PAN_PRI_PRD,99,0.2682926829268293,78,0.21138211382113822,MC,21,0.056910569105691054,PT_PVEM_MORENA_NAS,214,0.5799457994579946,115,0.3116531165311653,PAN_PRI_PRD,99,0.2682926829268293,78,0.21138211382113822,MC,21,0.056910569105691054,99,0.2682926829268293,214,0.5799457994579946,21,0.056910569105691054,14,0.037940379403794036,5,0.013550135501355014,4,0.01084010840108401,0,0.0,12,0.032520325203252036,369,1.0,ORIGEN,SECCION,SOLO_COALICIONES
222,26,SONORA,CAJEME,,15,980,975,374,0.38358974358974357,0.6164102564102565,PT_PVEM_MORENA_NAS,257,0.6871657754010695,183,0.4893048128342246,PAN_PRI_PRD,74,0.19786096256684493,42,0.11229946524064172,MC,32,0.0855614973262032,PT_PVEM_MORENA_NAS,257,0.6871657754010695,183,0.4893048128342246,PAN_PRI_PRD,74,0.19786096256684493,42,0.11229946524064172,MC,32,0.0855614973262032,74,0.19786096256684493,257,0.6871657754010695,32,0.0855614973262032,5,0.013368983957219251,1,0.00267379679144385,1,0.00267379679144385,0,0.0,4,0.0106951871657754,374,1.0,ORIGEN,SECCION,SOLO_COALICIONES
223,26,SONORA,CAJEME,,15,981,800,317,0.39625,0.60375,PT_PVEM_MORENA_NAS,252,0.7949526813880127,215,0.6782334384858044,PAN_PRI_PRD,37,0.1167192429022082,30,0.0946372239747634,FxM,7,0.022082018927444796,PT_PVEM_MORENA_NAS,252,0.7949526813880127,215,0.6782334384858044,PAN_PRI_PRD,37,0.1167192429022082,30,0.0946372239747634,FxM,7,0.022082018927444796,37,0.1167192429022082,252,0.7949526813880127,5,0.015772870662460567,4,0.012618296529968454,1,0.0031545741324921135,7,0.022082018927444796,0,0.0,11,0.03470031545741325,317,1.0,ORIGEN,SECCION,SOLO_COALICIONES
224,26,SONORA,CAJEME,,15,982,720,296,0.4111111111111111,0.5888888888888889,PT_PVEM_MORENA_NAS,219,0.7398648648648649,184,0.6216216216216216,PAN_PRI_PRD,35,0.11824324324324324,22,0.07432432432432433,MC,13,0.04391891891891892,PT_PVEM_MORENA_NAS,219,0.7398648648648649,184,0.6216216216216216,PAN_PRI_PRD,35,0.11824324324324324,22,0.07432432432432433,MC,13,0.04391891891891892,35,0.11824324324324324,219,0.7398648648648649,13,0.04391891891891892,8,0.02702702702702703,2,0.006756756756756757,3,0.010135135135135136,0,0.0,16,0.05405405405405406,296,1.0,ORIGEN,SECCION,SOLO_COALICIONES
225,26,SONORA,CAJEME,,15,983,1060,404,0.38113207547169814,0.6188679245283019,PT_PVEM_MORENA_NAS,267,0.6608910891089109,177,0.4381188118811881,PAN_PRI_PRD,90,0.22277227722772278,69,0.1707920792079208,MC,21,0.05198019801980198,PT_PVEM_MORENA_NAS,267,0.6608910891089109,177,0.4381188118811881,PAN_PRI_PRD,90,0.22277227722772278,69,0.1707920792079208,MC,21,0.05198019801980198,90,0.22277227722772278,267,0.6608910891089109,21,0.05198019801980198,8,0.019801980198019802,3,0.007425742574257425,2,0.0049504950495049506,0,0.0,13,0.03217821782178218,404,1.0,ORIGEN,SECCION,SOLO_COALICIONES
226,26,SONORA,CAJEME,,15,984,615,322,0.5235772357723577,0.4764227642276423,PT_PVEM_MORENA_NAS,204,0.6335403726708074,129,0.40062111801242234,PAN_PRI_PRD,75,0.2329192546583851,63,0.1956521739130435,MC,12,0.037267080745341616,PT_PVEM_MORENA_NAS,204,0.6335403726708074,129,0.40062111801242234,PAN_PRI_PRD,75,0.2329192546583851,63,0.1956521739130435,MC,12,0.037267080745341616,75,0.2329192546583851,204,0.6335403726708074,12,0.037267080745341616,1,0.003105590062111801,7,0.021739130434782608,1,0.003105590062111801,0,0.0,22,0.06832298136645963,322,1.0,ORIGEN,SECCION,SOLO_COALICIONES
227,26,SONORA,CAJEME,,15,985,520,205,0.3942307692307692,0.6057692307692308,PT_PVEM_MORENA_NAS,136,0.6634146341463415,86,0.4195121951219512,PAN_PRI_PRD,50,0.24390243902439024,40,0.1951219512195122,MC,10,0.04878048780487805,PT_PVEM_MORENA_NAS,136,0.6634146341463415,86,0.4195121951219512,PAN_PRI_PRD,50,0.24390243902439024,40,0.1951219512195122,MC,10,0.04878048780487805,50,0.24390243902439024,136,0.6634146341463415,10,0.04878048780487805,2,0.00975609756097561,2,0.00975609756097561,1,0.004878048780487805,0,0.0,4,0.01951219512195122,205,1.0,ORIGEN,SECCION,SOLO_COALICIONES
228,26,SONORA,CAJEME,,15,986,1059,374,0.35316336166194523,0.6468366383380548,PT_PVEM_MORENA_NAS,261,0.6978609625668449,192,0.5133689839572193,PAN_PRI_PRD,69,0.18449197860962566,43,0.11497326203208556,MC,26,0.06951871657754011,PT_PVEM_MORENA_NAS,261,0.6978609625668449,192,0.5133689839572193,PAN_PRI_PRD,69,0.18449197860962566,43,0.11497326203208556,MC,26,0.06951871657754011,69,0.18449197860962566,261,0.6978609625668449,26,0.06951871657754011,8,0.0213903743315508,5,0.013368983957219251,3,0.008021390374331552,0,0.0,2,0.0053475935828877,374,1.0,ORIGEN,SECCION,SOLO_COALICIONES
229,26,SONORA,CAJEME,,15,987,885,385,0.4350282485875706,0.5649717514124294,PT_PVEM_MORENA_NAS,268,0.6961038961038961,198,0.5142857142857142,PAN_PRI_PRD,70,0.18181818181818182,51,0.13246753246753246,MC,19,0.04935064935064935,PT_PVEM_MORENA_NAS,268,0.6961038961038961,198,0.5142857142857142,PAN_PRI_PRD,70,0.18181818181818182,51,0.13246753246753246,MC,19,0.04935064935064935,70,0.18181818181818182,268,0.6961038961038961,19,0.04935064935064935,5,0.012987012987012988,1,0.0025974025974025974,7,0.01818181818181818,0,0.0,15,0.03896103896103896,385,1.0,ORIGEN,SECCION,SOLO_COALICIONES
230,26,SONORA,CAJEME,,15,988,346,111,0.3208092485549133,0.6791907514450868,PT_PVEM_MORENA_NAS,83,0.7477477477477478,64,0.5765765765765766,PAN_PRI_PRD,19,0.17117117117117117,18,0.16216216216216217,MC,1,0.009009009009009009,PT_PVEM_MORENA_NAS,83,0.7477477477477478,64,0.5765765765765766,PAN_PRI_PRD,19,0.17117117117117117,18,0.16216216216216217,MC,1,0.009009009009009009,19,0.17117117117117117,83,0.7477477477477478,1,0.009009009009009009,1,0.009009009009009009,1,0.009009009009009009,0,0.0,0,0.0,6,0.05405405405405406,111,1.0,ORIGEN,SECCION,SOLO_COALICIONES
231,26,SONORA,CAJEME,,15,989,275,114,0.41454545454545455,0.5854545454545454,PT_PVEM_MORENA_NAS,89,0.7807017543859649,83,0.7280701754385965,FxM,6,0.05263157894736842,1,0.008771929824561403,MC,5,0.043859649122807015,PT_PVEM_MORENA_NAS,89,0.7807017543859649,83,0.7280701754385965,FxM,6,0.05263157894736842,1,0.008771929824561403,MC,5,0.043859649122807015,3,0.02631578947368421,89,0.7807017543859649,5,0.043859649122807015,2,0.017543859649122806,4,0.03508771929824561,6,0.05263157894736842,0,0.0,5,0.043859649122807015,114,1.0,ORIGEN,SECCION,SOLO_COALICIONES
232,26,SONORA,CAJEME,,15,990,347,160,0.4610951008645533,0.5389048991354467,PT_PVEM_MORENA_NAS,118,0.7375,93,0.58125,PAN_PRI_PRD,25,0.15625,17,0.10625,MC,8,0.05,PT_PVEM_MORENA_NAS,118,0.7375,93,0.58125,PAN_PRI_PRD,25,0.15625,17,0.10625,MC,8,0.05,25,0.15625,118,0.7375,8,0.05,0,0.0,2,0.0125,2,0.0125,0,0.0,5,0.03125,160,1.0,ORIGEN,SECCION,SOLO_COALICIONES
233,26,SONORA,CAJEME,,15,991,2126,850,0.39981185324553153,0.6001881467544685,PT_PVEM_MORENA_NAS,592,0.6964705882352941,442,0.52,PAN_PRI_PRD,150,0.17647058823529413,104,0.1223529411764706,MC,46,0.05411764705882353,PT_PVEM_MORENA_NAS,592,0.6964705882352941,442,0.52,PAN_PRI_PRD,150,0.17647058823529413,104,0.1223529411764706,MC,46,0.05411764705882353,150,0.17647058823529413,592,0.6964705882352941,46,0.05411764705882353,14,0.01647058823529412,7,0.00823529411764706,12,0.01411764705882353,0,0.0,29,0.03411764705882353,850,1.0,ORIGEN,SECCION,SOLO_COALICIONES
234,26,SONORA,CAJEME,,15,1557,2718,887,0.3263428991905813,0.6736571008094188,PT_PVEM_MORENA_NAS,495,0.5580608793686584,283,0.31905298759864714,PAN_PRI_PRD,212,0.23900789177001128,100,0.11273957158962795,MC,112,0.1262683201803833,PT_PVEM_MORENA_NAS,495,0.5580608793686584,283,0.31905298759864714,PAN_PRI_PRD,212,0.23900789177001128,100,0.11273957158962795,MC,112,0.1262683201803833,212,0.23900789177001128,495,0.5580608793686584,112,0.1262683201803833,15,0.016910935738444193,10,0.011273957158962795,21,0.02367531003382187,1,0.0011273957158962795,21,0.02367531003382187,887,1.0,ORIGEN,SECCION,SOLO_COALICIONES
235,26,SONORA,CAJEME,,15,1558,1808,768,0.4247787610619469,0.5752212389380531,PT_PVEM_MORENA_NAS,361,0.4700520833333333,80,0.10416666666666667,PAN_PRI_PRD,281,0.3658854166666667,197,0.2565104166666667,MC,84,0.109375,PT_PVEM_MORENA_NAS,361,0.4700520833333333,80,0.10416666666666667,PAN_PRI_PRD,281,0.3658854166666667,197,0.2565104166666667,MC,84,0.109375,281,0.3658854166666667,361,0.4700520833333333,84,0.109375,9,0.01171875,7,0.009114583333333334,16,0.020833333333333332,1,0.0013020833333333333,9,0.01171875,768,1.0,ORIGEN,SECCION,SOLO_COALICIONES
236,26,SONORA,CAJEME,,15,1559,415,117,0.2819277108433735,0.7180722891566265,PT_PVEM_MORENA_NAS,57,0.48717948717948717,30,0.2564102564102564,PAN_PRI_PRD,27,0.23076923076923078,0,0.0,MC,27,0.23076923076923078,PT_PVEM_MORENA_NAS,57,0.48717948717948717,30,0.2564102564102564,PAN_PRI_PRD,27,0.23076923076923078,0,0.0,MC,27,0.23076923076923078,27,0.23076923076923078,57,0.48717948717948717,27,0.23076923076923078,0,0.0,2,0.017094017094017096,4,0.03418803418803419,0,0.0,0,0.0,117,1.0,ORIGEN,SECCION,SOLO_COALICIONES
237,26,SONORA,CAJEME,,15,1560,2640,670,0.2537878787878788,0.7462121212121212,PT_PVEM_MORENA_NAS,369,0.5507462686567164,219,0.32686567164179103,PAN_PRI_PRD,150,0.22388059701492538,74,0.11044776119402985,MC,76,0.11343283582089553,PT_PVEM_MORENA_NAS,369,0.5507462686567164,219,0.32686567164179103,PAN_PRI_PRD,150,0.22388059701492538,74,0.11044776119402985,MC,76,0.11343283582089553,150,0.22388059701492538,369,0.5507462686567164,76,0.11343283582089553,8,0.011940298507462687,2,0.0029850746268656717,16,0.023880597014925373,36,0.05373134328358209,13,0.019402985074626865,670,1.0,ORIGEN,SECCION,SOLO_COALICIONES
238,26,SONORA,CAJEME,,15,1561,2774,1015,0.3658976207642394,0.6341023792357606,PT_PVEM_MORENA_NAS,551,0.5428571428571428,244,0.24039408866995074,PAN_PRI_PRD,307,0.3024630541871921,200,0.19704433497536947,MC,107,0.10541871921182266,PT_PVEM_MORENA_NAS,551,0.5428571428571428,244,0.24039408866995074,PAN_PRI_PRD,307,0.3024630541871921,200,0.19704433497536947,MC,107,0.10541871921182266,307,0.3024630541871921,551,0.5428571428571428,107,0.10541871921182266,11,0.01083743842364532,6,0.005911330049261084,16,0.015763546798029555,0,0.0,17,0.016748768472906402,1015,1.0,ORIGEN,SECCION,SOLO_COALICIONES
239,26,SONORA,CAJEME,,15,1562,2798,658,0.23516797712651893,0.7648320228734811,PT_PVEM_MORENA_NAS,423,0.6428571428571429,274,0.41641337386018235,PAN_PRI_PRD,149,0.22644376899696048,96,0.1458966565349544,MC,53,0.08054711246200608,PT_PVEM_MORENA_NAS,423,0.6428571428571429,274,0.41641337386018235,PAN_PRI_PRD,149,0.22644376899696048,96,0.1458966565349544,MC,53,0.08054711246200608,149,0.22644376899696048,423,0.6428571428571429,53,0.08054711246200608,6,0.00911854103343465,0,0.0,16,0.0243161094224924,0,0.0,11,0.016717325227963525,658,1.0,ORIGEN,SECCION,SOLO_COALICIONES
240,26,SONORA,CAJEME,,15,1563,553,225,0.40687160940325495,0.593128390596745,PT_PVEM_MORENA_NAS,95,0.4222222222222222,4,0.017777777777777778,PAN_PRI_PRD,91,0.40444444444444444,62,0.27555555555555555,MC,29,0.1288888888888889,PT_PVEM_MORENA_NAS,95,0.4222222222222222,4,0.017777777777777778,PAN_PRI_PRD,91,0.40444444444444444,62,0.27555555555555555,MC,29,0.1288888888888889,91,0.40444444444444444,95,0.4222222222222222,29,0.1288888888888889,4,0.017777777777777778,0,0.0,3,0.013333333333333334,0,0.0,3,0.013333333333333334,225,1.0,ORIGEN,SECCION,SOLO_COALICIONES
241,26,SONORA,CAJEME,,15,1564,579,144,0.24870466321243523,0.7512953367875648,PT_PVEM_MORENA_NAS,95,0.6597222222222222,67,0.4652777777777778,PAN_PRI_PRD,28,0.19444444444444445,14,0.09722222222222222,MC,14,0.09722222222222222,PT_PVEM_MORENA_NAS,95,0.6597222222222222,67,0.4652777777777778,PAN_PRI_PRD,28,0.19444444444444445,14,0.09722222222222222,MC,14,0.09722222222222222,28,0.19444444444444445,95,0.6597222222222222,14,0.09722222222222222,2,0.013888888888888888,2,0.013888888888888888,1,0.006944444444444444,0,0.0,2,0.013888888888888888,144,1.0,ORIGEN,SECCION,SOLO_COALICIONES
242,26,SONORA,CAJEME,,15,1565,367,163,0.444141689373297,0.555858310626703,PT_PVEM_MORENA_NAS,84,0.5153374233128835,34,0.2085889570552147,PAN_PRI_PRD,50,0.3067484662576687,36,0.22085889570552147,MC,14,0.08588957055214724,PT_PVEM_MORENA_NAS,84,0.5153374233128835,34,0.2085889570552147,PAN_PRI_PRD,50,0.3067484662576687,36,0.22085889570552147,MC,14,0.08588957055214724,50,0.3067484662576687,84,0.5153374233128835,14,0.08588957055214724,0,0.0,3,0.018404907975460124,9,0.05521472392638037,0,0.0,3,0.018404907975460124,163,1.0,ORIGEN,SECCION,SOLO_COALICIONES
243,26,SONORA,CAJEME,,15,1566,1713,613,0.35785172212492705,0.6421482778750729,PT_PVEM_MORENA_NAS,337,0.5497553017944535,174,0.2838499184339315,PAN_PRI_PRD,163,0.265905383360522,93,0.15171288743882544,MC,70,0.11419249592169657,PT_PVEM_MORENA_NAS,337,0.5497553017944535,174,0.2838499184339315,PAN_PRI_PRD,163,0.265905383360522,93,0.15171288743882544,MC,70,0.11419249592169657,163,0.265905383360522,337,0.5497553017944535,70,0.11419249592169657,7,0.011419249592169658,3,0.004893964110929853,24,0.03915171288743882,0,0.0,9,0.01468189233278956,613,1.0,ORIGEN,SECCION,SOLO_COALICIONES
244,26,SONORA,CAJEME,,15,1567,375,205,0.5466666666666666,0.45333333333333337,PT_PVEM_MORENA_NAS,106,0.5170731707317073,42,0.2048780487804878,PAN_PRI_PRD,64,0.3121951219512195,41,0.2,MC,23,0.11219512195121951,PT_PVEM_MORENA_NAS,106,0.5170731707317073,42,0.2048780487804878,PAN_PRI_PRD,64,0.3121951219512195,41,0.2,MC,23,0.11219512195121951,64,0.3121951219512195,106,0.5170731707317073,23,0.11219512195121951,1,0.004878048780487805,4,0.01951219512195122,2,0.00975609756097561,0,0.0,5,0.024390243902439025,205,1.0,ORIGEN,SECCION,SOLO_COALICIONES
245,26,SONORA,CAJEME,,15,1568,1203,436,0.3624272651704073,0.6375727348295928,PT_PVEM_MORENA_NAS,249,0.5711009174311926,126,0.2889908256880734,PAN_PRI_PRD,123,0.28211009174311924,81,0.18577981651376146,MC,42,0.0963302752293578,PT_PVEM_MORENA_NAS,249,0.5711009174311926,126,0.2889908256880734,PAN_PRI_PRD,123,0.28211009174311924,81,0.18577981651376146,MC,42,0.0963302752293578,123,0.28211009174311924,249,0.5711009174311926,42,0.0963302752293578,8,0.01834862385321101,1,0.0022935779816513763,5,0.011467889908256881,0,0.0,8,0.01834862385321101,436,1.0,ORIGEN,SECCION,SOLO_COALICIONES
246,26,SONORA,CAJEME,,15,1569,1344,426,0.3169642857142857,0.6830357142857143,PT_PVEM_MORENA_NAS,216,0.5070422535211268,88,0.20657276995305165,PAN_PRI_PRD,128,0.3004694835680751,70,0.1643192488262911,MC,58,0.13615023474178403,PT_PVEM_MORENA_NAS,216,0.5070422535211268,88,0.20657276995305165,PAN_PRI_PRD,128,0.3004694835680751,70,0.1643192488262911,MC,58,0.13615023474178403,128,0.3004694835680751,216,0.5070422535211268,58,0.13615023474178403,4,0.009389671361502348,4,0.009389671361502348,10,0.023474178403755867,0,0.0,6,0.014084507042253521,426,1.0,ORIGEN,SECCION,SOLO_COALICIONES
247,26,SONORA,CAJEME,,16,773,1851,1097,0.5926526202052944,0.4073473797947056,PAN_PRI_PRD,656,0.5979945305378305,337,0.3072014585232452,PT_PVEM_MORENA_NAS,319,0.2907930720145852,233,0.2123974475843209,MC,86,0.07839562443026436,PAN_PRI_PRD,656,0.5979945305378305,337,0.3072014585232452,PT_PVEM_MORENA_NAS,319,0.2907930720145852,233,0.2123974475843209,MC,86,0.07839562443026436,656,0.5979945305378305,319,0.2907930720145852,86,0.07839562443026436,2,0.0018231540565177757,4,0.0036463081130355514,15,0.013673655423883319,0,0.0,15,0.013673655423883319,1097,1.0,ORIGEN,SECCION,SOLO_COALICIONES
248,26,SONORA,CAJEME,,16,774,575,360,0.6260869565217392,0.3739130434782608,PAN_PRI_PRD,179,0.49722222222222223,43,0.11944444444444445,PT_PVEM_MORENA_NAS,136,0.37777777777777777,101,0.28055555555555556,MC,35,0.09722222222222222,PAN_PRI_PRD,179,0.49722222222222223,43,0.11944444444444445,PT_PVEM_MORENA_NAS,136,0.37777777777777777,101,0.28055555555555556,MC,35,0.09722222222222222,179,0.49722222222222223,136,0.37777777777777777,35,0.09722222222222222,2,0.005555555555555556,3,0.008333333333333333,3,0.008333333333333333,0,0.0,2,0.005555555555555556,360,1.0,ORIGEN,SECCION,SOLO_COALICIONES
249,26,SONORA,CAJEME,,16,775,1019,779,0.7644749754661433,0.2355250245338567,PAN_PRI_PRD,638,0.8189987163029525,546,0.7008985879332478,PT_PVEM_MORENA_NAS,92,0.11810012836970475,54,0.0693196405648267,MC,38,0.04878048780487805,PAN_PRI_PRD,638,0.8189987163029525,546,0.7008985879332478,PT_PVEM_MORENA_NAS,92,0.11810012836970475,54,0.0693196405648267,MC,38,0.04878048780487805,638,0.8189987163029525,92,0.11810012836970475,38,0.04878048780487805,1,0.0012836970474967907,2,0.0025673940949935813,3,0.0038510911424903724,0,0.0,5,0.006418485237483954,779,1.0,ORIGEN,SECCION,SOLO_COALICIONES
250,26,SONORA,CAJEME,,16,776,1345,998,0.7420074349442379,0.25799256505576207,PAN_PRI_PRD,874,0.875751503006012,792,0.7935871743486974,PT_PVEM_MORENA_NAS,82,0.08216432865731463,53,0.0531062124248497,MC,29,0.02905811623246493,PAN_PRI_PRD,874,0.875751503006012,792,0.7935871743486974,PT_PVEM_MORENA_NAS,82,0.08216432865731463,53,0.0531062124248497,MC,29,0.02905811623246493,874,0.875751503006012,82,0.08216432865731463,29,0.02905811623246493,2,0.002004008016032064,1,0.001002004008016032,2,0.002004008016032064,0,0.0,8,0.008016032064128256,998,1.0,ORIGEN,SECCION,SOLO_COALICIONES
251,26,SONORA,CAJEME,,16,777,1872,1751,0.9353632478632479,0.06463675213675213,PAN_PRI_PRD,1215,0.6938892061679041,810,0.46259280411193604,PT_PVEM_MORENA_NAS,405,0.23129640205596802,310,0.1770416904625928,MC,95,0.054254711593375214,PAN_PRI_PRD,1215,0.6938892061679041,810,0.46259280411193604,PT_PVEM_MORENA_NAS,405,0.23129640205596802,310,0.1770416904625928,MC,95,0.054254711593375214,1215,0.6938892061679041,405,0.23129640205596802,95,0.054254711593375214,12,0.006853226727584237,3,0.0017133066818960593,12,0.006853226727584237,0,0.0,9,0.005139920045688178,1751,1.0,ORIGEN,SECCION,SOLO_COALICIONES
252,26,SONORA,CAJEME,,16,778,1087,417,0.38362465501379944,0.6163753449862006,PT_PVEM_MORENA_NAS,243,0.5827338129496403,151,0.36211031175059955,PAN_PRI_PRD,92,0.22062350119904076,47,0.11270983213429256,MC,45,0.1079136690647482,PT_PVEM_MORENA_NAS,243,0.5827338129496403,151,0.36211031175059955,PAN_PRI_PRD,92,0.22062350119904076,47,0.11270983213429256,MC,45,0.1079136690647482,92,0.22062350119904076,243,0.5827338129496403,45,0.1079136690647482,11,0.026378896882494004,3,0.007194244604316547,5,0.011990407673860911,0,0.0,18,0.04316546762589928,417,1.0,ORIGEN,SECCION,SOLO_COALICIONES
253,26,SONORA,CAJEME,,16,779,1136,369,0.3248239436619718,0.6751760563380282,PT_PVEM_MORENA_NAS,233,0.6314363143631436,158,0.4281842818428184,PAN_PRI_PRD,75,0.2032520325203252,45,0.12195121951219512,MC,30,0.08130081300813008,PT_PVEM_MORENA_NAS,233,0.6314363143631436,158,0.4281842818428184,PAN_PRI_PRD,75,0.2032520325203252,45,0.12195121951219512,MC,30,0.08130081300813008,75,0.2032520325203252,233,0.6314363143631436,30,0.08130081300813008,7,0.018970189701897018,0,0.0,8,0.02168021680216802,2,0.005420054200542005,14,0.037940379403794036,369,1.0,ORIGEN,SECCION,SOLO_COALICIONES
254,26,SONORA,CAJEME,,16,780,5846,1547,0.2646253848785494,0.7353746151214506,PT_PVEM_MORENA_NAS,927,0.599224305106658,543,0.35100193923723333,PAN_PRI_PRD,384,0.2482223658694247,264,0.17065287653522948,MC,120,0.07756948933419522,PT_PVEM_MORENA_NAS,927,0.599224305106658,543,0.35100193923723333,PAN_PRI_PRD,384,0.2482223658694247,264,0.17065287653522948,MC,120,0.07756948933419522,384,0.2482223658694247,927,0.599224305106658,120,0.07756948933419522,28,0.01809954751131222,13,0.008403361344537815,22,0.014221073044602456,0,0.0,53,0.03425985778926956,1547,1.0,ORIGEN,SECCION,SOLO_COALICIONES
255,26,SONORA,CAJEME,,16,781,857,595,0.6942823803967327,0.30571761960326727,PAN_PRI_PRD,422,0.7092436974789916,289,0.4857142857142857,PT_PVEM_MORENA_NAS,133,0.2235294117647059,104,0.17478991596638654,MC,29,0.04873949579831933,PAN_PRI_PRD,422,0.7092436974789916,289,0.4857142857142857,PT_PVEM_MORENA_NAS,133,0.2235294117647059,104,0.17478991596638654,MC,29,0.04873949579831933,422,0.7092436974789916,133,0.2235294117647059,29,0.04873949579831933,4,0.0067226890756302525,0,0.0,1,0.0016806722689075631,0,0.0,6,0.010084033613445379,595,1.0,ORIGEN,SECCION,SOLO_COALICIONES
256,26,SONORA,CAJEME,,16,782,1026,270,0.2631578947368421,0.736842105263158,PT_PVEM_MORENA_NAS,157,0.5814814814814815,100,0.37037037037037035,PAN_PRI_PRD,57,0.2111111111111111,21,0.07777777777777778,MC,36,0.13333333333333333,PT_PVEM_MORENA_NAS,157,0.5814814814814815,100,0.37037037037037035,PAN_PRI_PRD,57,0.2111111111111111,21,0.07777777777777778,MC,36,0.13333333333333333,57,0.2111111111111111,157,0.5814814814814815,36,0.13333333333333333,6,0.022222222222222223,1,0.003703703703703704,2,0.007407407407407408,0,0.0,11,0.040740740740740744,270,1.0,ORIGEN,SECCION,SOLO_COALICIONES
257,26,SONORA,CAJEME,,16,783,1380,447,0.3239130434782609,0.6760869565217391,PT_PVEM_MORENA_NAS,249,0.5570469798657718,133,0.2975391498881432,PAN_PRI_PRD,116,0.2595078299776286,69,0.15436241610738255,MC,47,0.10514541387024609,PT_PVEM_MORENA_NAS,249,0.5570469798657718,133,0.2975391498881432,PAN_PRI_PRD,116,0.2595078299776286,69,0.15436241610738255,MC,47,0.10514541387024609,116,0.2595078299776286,249,0.5570469798657718,47,0.10514541387024609,10,0.02237136465324385,3,0.006711409395973154,6,0.013422818791946308,0,0.0,16,0.035794183445190156,447,1.0,ORIGEN,SECCION,SOLO_COALICIONES
258,26,SONORA,CAJEME,,16,784,856,332,0.3878504672897196,0.6121495327102804,PT_PVEM_MORENA_NAS,163,0.49096385542168675,65,0.19578313253012047,PAN_PRI_PRD,98,0.29518072289156627,61,0.18373493975903615,MC,37,0.11144578313253012,PT_PVEM_MORENA_NAS,163,0.49096385542168675,65,0.19578313253012047,PAN_PRI_PRD,98,0.29518072289156627,61,0.18373493975903615,MC,37,0.11144578313253012,98,0.29518072289156627,163,0.49096385542168675,37,0.11144578313253012,15,0.045180722891566265,4,0.012048192771084338,4,0.012048192771084338,4,0.012048192771084338,7,0.02108433734939759,332,1.0,ORIGEN,SECCION,SOLO_COALICIONES
259,26,SONORA,CAJEME,,16,785,1276,349,0.27351097178683387,0.7264890282131662,PT_PVEM_MORENA_NAS,219,0.6275071633237822,122,0.3495702005730659,PAN_PRI_PRD,97,0.27793696275071633,72,0.20630372492836677,MC,25,0.07163323782234957,PT_PVEM_MORENA_NAS,219,0.6275071633237822,122,0.3495702005730659,PAN_PRI_PRD,97,0.27793696275071633,72,0.20630372492836677,MC,25,0.07163323782234957,97,0.27793696275071633,219,0.6275071633237822,25,0.07163323782234957,1,0.0028653295128939827,1,0.0028653295128939827,5,0.014326647564469915,0,0.0,1,0.0028653295128939827,349,1.0,ORIGEN,SECCION,SOLO_COALICIONES
260,26,SONORA,CAJEME,,16,786,4468,1440,0.3222918531781558,0.6777081468218442,PT_PVEM_MORENA_NAS,819,0.56875,431,0.29930555555555555,PAN_PRI_PRD,388,0.26944444444444443,239,0.16597222222222222,MC,149,0.10347222222222222,PT_PVEM_MORENA_NAS,819,0.56875,431,0.29930555555555555,PAN_PRI_PRD,388,0.26944444444444443,239,0.16597222222222222,MC,149,0.10347222222222222,388,0.26944444444444443,819,0.56875,149,0.10347222222222222,20,0.013888888888888888,14,0.009722222222222222,11,0.007638888888888889,0,0.0,39,0.027083333333333334,1440,1.0,ORIGEN,SECCION,SOLO_COALICIONES
261,26,SONORA,CAJEME,,16,787,1118,497,0.4445438282647585,0.5554561717352415,PAN_PRI_PRD,223,0.448692152917505,26,0.052313883299798795,PT_PVEM_MORENA_NAS,197,0.3963782696177062,149,0.29979879275653926,MC,48,0.096579476861167,PAN_PRI_PRD,223,0.448692152917505,26,0.052313883299798795,PT_PVEM_MORENA_NAS,197,0.3963782696177062,149,0.29979879275653926,MC,48,0.096579476861167,223,0.448692152917505,197,0.3963782696177062,48,0.096579476861167,7,0.014084507042253521,0,0.0,7,0.014084507042253521,1,0.002012072434607646,14,0.028169014084507043,497,1.0,ORIGEN,SECCION,SOLO_COALICIONES
262,26,SONORA,CAJEME,,16,788,919,629,0.6844396082698585,0.3155603917301415,PAN_PRI_PRD,475,0.7551669316375199,367,0.5834658187599364,PT_PVEM_MORENA_NAS,108,0.17170111287758347,75,0.1192368839427663,MC,33,0.05246422893481717,PAN_PRI_PRD,475,0.7551669316375199,367,0.5834658187599364,PT_PVEM_MORENA_NAS,108,0.17170111287758347,75,0.1192368839427663,MC,33,0.05246422893481717,475,0.7551669316375199,108,0.17170111287758347,33,0.05246422893481717,0,0.0,0,0.0,7,0.011128775834658187,0,0.0,6,0.009538950715421303,629,1.0,ORIGEN,SECCION,SOLO_COALICIONES
263,26,SONORA,CAJEME,,16,789,1181,512,0.43353090601185434,0.5664690939881456,PT_PVEM_MORENA_NAS,280,0.546875,127,0.248046875,PAN_PRI_PRD,153,0.298828125,105,0.205078125,MC,48,0.09375,PT_PVEM_MORENA_NAS,280,0.546875,127,0.248046875,PAN_PRI_PRD,153,0.298828125,105,0.205078125,MC,48,0.09375,153,0.298828125,280,0.546875,48,0.09375,3,0.005859375,11,0.021484375,7,0.013671875,0,0.0,10,0.01953125,512,1.0,ORIGEN,SECCION,SOLO_COALICIONES
264,26,SONORA,CAJEME,,16,792,1038,594,0.5722543352601156,0.4277456647398844,PAN_PRI_PRD,300,0.5050505050505051,79,0.132996632996633,PT_PVEM_MORENA_NAS,221,0.3720538720538721,168,0.2828282828282828,MC,53,0.08922558922558922,PAN_PRI_PRD,300,0.5050505050505051,79,0.132996632996633,PT_PVEM_MORENA_NAS,221,0.3720538720538721,168,0.2828282828282828,MC,53,0.08922558922558922,300,0.5050505050505051,221,0.3720538720538721,53,0.08922558922558922,5,0.008417508417508417,4,0.006734006734006734,4,0.006734006734006734,0,0.0,7,0.011784511784511785,594,1.0,ORIGEN,SECCION,SOLO_COALICIONES
265,26,SONORA,CAJEME,,16,793,884,604,0.6832579185520362,0.3167420814479638,PAN_PRI_PRD,391,0.6473509933774835,246,0.40728476821192056,PT_PVEM_MORENA_NAS,145,0.24006622516556292,89,0.14735099337748345,MC,56,0.09271523178807947,PAN_PRI_PRD,391,0.6473509933774835,246,0.40728476821192056,PT_PVEM_MORENA_NAS,145,0.24006622516556292,89,0.14735099337748345,MC,56,0.09271523178807947,391,0.6473509933774835,145,0.24006622516556292,56,0.09271523178807947,2,0.0033112582781456954,0,0.0,5,0.008278145695364239,0,0.0,5,0.008278145695364239,604,1.0,ORIGEN,SECCION,SOLO_COALICIONES
266,26,SONORA,CAJEME,,16,794,4276,1472,0.34424695977549113,0.6557530402245089,PAN_PRI_PRD,686,0.46603260869565216,69,0.046875,PT_PVEM_MORENA_NAS,617,0.41915760869565216,519,0.35258152173913043,MC,98,0.06657608695652174,PAN_PRI_PRD,686,0.46603260869565216,69,0.046875,PT_PVEM_MORENA_NAS,617,0.41915760869565216,519,0.35258152173913043,MC,98,0.06657608695652174,686,0.46603260869565216,617,0.41915760869565216,98,0.06657608695652174,23,0.015625,4,0.002717391304347826,18,0.012228260869565218,1,0.0006793478260869565,25,0.016983695652173912,1472,1.0,ORIGEN,SECCION,SOLO_COALICIONES
267,26,SONORA,CAJEME,,16,795,1398,883,0.6316165951359084,0.3683834048640916,PAN_PRI_PRD,548,0.6206115515288788,294,0.332955832389581,PT_PVEM_MORENA_NAS,254,0.2876557191392978,195,0.22083805209513024,MC,59,0.06681766704416761,PAN_PRI_PRD,548,0.6206115515288788,294,0.332955832389581,PT_PVEM_MORENA_NAS,254,0.2876557191392978,195,0.22083805209513024,MC,59,0.06681766704416761,548,0.6206115515288788,254,0.2876557191392978,59,0.06681766704416761,1,0.0011325028312570782,3,0.0033975084937712344,4,0.004530011325028313,2,0.0022650056625141564,12,0.013590033975084938,883,1.0,ORIGEN,SECCION,SOLO_COALICIONES
268,26,SONORA,CAJEME,,16,798,1062,367,0.3455743879472693,0.6544256120527308,PT_PVEM_MORENA_NAS,206,0.5613079019073569,100,0.2724795640326976,PAN_PRI_PRD,106,0.2888283378746594,77,0.2098092643051771,MC,29,0.07901907356948229,PT_PVEM_MORENA_NAS,206,0.5613079019073569,100,0.2724795640326976,PAN_PRI_PRD,106,0.2888283378746594,77,0.2098092643051771,MC,29,0.07901907356948229,106,0.2888283378746594,206,0.5613079019073569,29,0.07901907356948229,8,0.021798365122615803,1,0.0027247956403269754,9,0.02452316076294278,1,0.0027247956403269754,7,0.01907356948228883,367,1.0,ORIGEN,SECCION,SOLO_COALICIONES
269,26,SONORA,CAJEME,,16,799,573,268,0.4677137870855148,0.5322862129144852,PT_PVEM_MORENA_NAS,140,0.5223880597014925,59,0.22014925373134328,PAN_PRI_PRD,81,0.30223880597014924,50,0.1865671641791045,MC,31,0.11567164179104478,PT_PVEM_MORENA_NAS,140,0.5223880597014925,59,0.22014925373134328,PAN_PRI_PRD,81,0.30223880597014924,50,0.1865671641791045,MC,31,0.11567164179104478,81,0.30223880597014924,140,0.5223880597014925,31,0.11567164179104478,6,0.022388059701492536,1,0.0037313432835820895,7,0.026119402985074626,0,0.0,2,0.007462686567164179,268,1.0,ORIGEN,SECCION,SOLO_COALICIONES
270,26,SONORA,CAJEME,,16,800,676,354,0.5236686390532544,0.47633136094674555,PT_PVEM_MORENA_NAS,195,0.5508474576271186,79,0.2231638418079096,PAN_PRI_PRD,116,0.327683615819209,93,0.2627118644067797,MC,23,0.06497175141242938,PT_PVEM_MORENA_NAS,195,0.5508474576271186,79,0.2231638418079096,PAN_PRI_PRD,116,0.327683615819209,93,0.2627118644067797,MC,23,0.06497175141242938,116,0.327683615819209,195,0.5508474576271186,23,0.06497175141242938,5,0.014124293785310734,2,0.005649717514124294,3,0.00847457627118644,0,0.0,10,0.02824858757062147,354,1.0,ORIGEN,SECCION,SOLO_COALICIONES
271,26,SONORA,CAJEME,,16,801,435,223,0.5126436781609195,0.4873563218390805,PAN_PRI_PRD,151,0.6771300448430493,98,0.43946188340807174,PT_PVEM_MORENA_NAS,53,0.23766816143497757,43,0.19282511210762332,MC,10,0.04484304932735426,PAN_PRI_PRD,151,0.6771300448430493,98,0.43946188340807174,PT_PVEM_MORENA_NAS,53,0.23766816143497757,43,0.19282511210762332,MC,10,0.04484304932735426,151,0.6771300448430493,53,0.23766816143497757,10,0.04484304932735426,4,0.017937219730941704,1,0.004484304932735426,1,0.004484304932735426,0,0.0,3,0.013452914798206279,223,1.0,ORIGEN,SECCION,SOLO_COALICIONES
272,26,SONORA,CAJEME,,16,802,738,479,0.6490514905149052,0.3509485094850948,PAN_PRI_PRD,337,0.7035490605427975,237,0.49478079331941544,PT_PVEM_MORENA_NAS,100,0.20876826722338204,69,0.1440501043841336,MC,31,0.06471816283924843,PAN_PRI_PRD,337,0.7035490605427975,237,0.49478079331941544,PT_PVEM_MORENA_NAS,100,0.20876826722338204,69,0.1440501043841336,MC,31,0.06471816283924843,337,0.7035490605427975,100,0.20876826722338204,31,0.06471816283924843,0,0.0,2,0.0041753653444676405,5,0.010438413361169102,0,0.0,4,0.008350730688935281,479,1.0,ORIGEN,SECCION,SOLO_COALICIONES
273,26,SONORA,CAJEME,,16,803,784,360,0.45918367346938777,0.5408163265306123,PAN_PRI_PRD,238,0.6611111111111111,156,0.43333333333333335,PT_PVEM_MORENA_NAS,82,0.22777777777777777,62,0.17222222222222222,MC,20,0.05555555555555555,PAN_PRI_PRD,238,0.6611111111111111,156,0.43333333333333335,PT_PVEM_MORENA_NAS,82,0.22777777777777777,62,0.17222222222222222,MC,20,0.05555555555555555,238,0.6611111111111111,82,0.22777777777777777,20,0.05555555555555555,5,0.013888888888888888,3,0.008333333333333333,3,0.008333333333333333,0,0.0,9,0.025,360,1.0,ORIGEN,SECCION,SOLO_COALICIONES
274,26,SONORA,CAJEME,,16,804,867,481,0.5547866205305652,0.44521337946943484,PAN_PRI_PRD,308,0.6403326403326404,193,0.40124740124740127,PT_PVEM_MORENA_NAS,115,0.2390852390852391,77,0.1600831600831601,MC,38,0.079002079002079,PAN_PRI_PRD,308,0.6403326403326404,193,0.40124740124740127,PT_PVEM_MORENA_NAS,115,0.2390852390852391,77,0.1600831600831601,MC,38,0.079002079002079,308,0.6403326403326404,115,0.2390852390852391,38,0.079002079002079,6,0.012474012474012475,3,0.006237006237006237,4,0.008316008316008316,1,0.002079002079002079,6,0.012474012474012475,481,1.0,ORIGEN,SECCION,SOLO_COALICIONES
275,26,SONORA,CAJEME,,16,805,553,312,0.5641952983725136,0.4358047016274864,PAN_PRI_PRD,173,0.5544871794871795,71,0.22756410256410256,PT_PVEM_MORENA_NAS,102,0.3269230769230769,78,0.25,MC,24,0.07692307692307693,PAN_PRI_PRD,173,0.5544871794871795,71,0.22756410256410256,PT_PVEM_MORENA_NAS,102,0.3269230769230769,78,0.25,MC,24,0.07692307692307693,173,0.5544871794871795,102,0.3269230769230769,24,0.07692307692307693,2,0.00641025641025641,0,0.0,5,0.016025641025641024,0,0.0,6,0.019230769230769232,312,1.0,ORIGEN,SECCION,SOLO_COALICIONES
276,26,SONORA,CAJEME,,16,809,695,309,0.4446043165467626,0.5553956834532374,PT_PVEM_MORENA_NAS,177,0.5728155339805825,86,0.2783171521035599,PAN_PRI_PRD,91,0.29449838187702265,72,0.23300970873786409,MC,19,0.061488673139158574,PT_PVEM_MORENA_NAS,177,0.5728155339805825,86,0.2783171521035599,PAN_PRI_PRD,91,0.29449838187702265,72,0.23300970873786409,MC,19,0.061488673139158574,91,0.29449838187702265,177,0.5728155339805825,19,0.061488673139158574,2,0.006472491909385114,2,0.006472491909385114,6,0.019417475728155338,0,0.0,12,0.038834951456310676,309,1.0,ORIGEN,SECCION,SOLO_COALICIONES
277,26,SONORA,CAJEME,,16,810,1121,780,0.695807314897413,0.304192685102587,PAN_PRI_PRD,579,0.7423076923076923,440,0.5641025641025641,PT_PVEM_MORENA_NAS,139,0.1782051282051282,91,0.11666666666666667,MC,48,0.06153846153846154,PAN_PRI_PRD,579,0.7423076923076923,440,0.5641025641025641,PT_PVEM_MORENA_NAS,139,0.1782051282051282,91,0.11666666666666667,MC,48,0.06153846153846154,579,0.7423076923076923,139,0.1782051282051282,48,0.06153846153846154,2,0.002564102564102564,1,0.001282051282051282,3,0.0038461538461538464,0,0.0,8,0.010256410256410256,780,1.0,ORIGEN,SECCION,SOLO_COALICIONES
278,26,SONORA,CAJEME,,16,811,841,500,0.5945303210463734,0.4054696789536266,PAN_PRI_PRD,241,0.482,34,0.068,PT_PVEM_MORENA_NAS,207,0.414,175,0.35,MC,32,0.064,PAN_PRI_PRD,241,0.482,34,0.068,PT_PVEM_MORENA_NAS,207,0.414,175,0.35,MC,32,0.064,241,0.482,207,0.414,32,0.064,6,0.012,2,0.004,4,0.008,0,0.0,8,0.016,500,1.0,ORIGEN,SECCION,SOLO_COALICIONES
279,26,SONORA,CAJEME,,16,812,1181,602,0.5097375105842507,0.49026248941574935,PT_PVEM_MORENA_NAS,329,0.5465116279069767,129,0.21428571428571427,PAN_PRI_PRD,200,0.33222591362126247,160,0.26578073089701,MC,40,0.0664451827242525,PT_PVEM_MORENA_NAS,329,0.5465116279069767,129,0.21428571428571427,PAN_PRI_PRD,200,0.33222591362126247,160,0.26578073089701,MC,40,0.0664451827242525,200,0.33222591362126247,329,0.5465116279069767,40,0.0664451827242525,9,0.014950166112956811,3,0.0049833887043189366,14,0.023255813953488372,0,0.0,7,0.011627906976744186,602,1.0,ORIGEN,SECCION,SOLO_COALICIONES
280,26,SONORA,CAJEME,,16,813,649,307,0.47303543913713403,0.5269645608628659,PT_PVEM_MORENA_NAS,196,0.6384364820846905,132,0.42996742671009774,PAN_PRI_PRD,64,0.20846905537459284,41,0.13355048859934854,MC,23,0.0749185667752443,PT_PVEM_MORENA_NAS,196,0.6384364820846905,132,0.42996742671009774,PAN_PRI_PRD,64,0.20846905537459284,41,0.13355048859934854,MC,23,0.0749185667752443,64,0.20846905537459284,196,0.6384364820846905,23,0.0749185667752443,8,0.026058631921824105,1,0.003257328990228013,4,0.013029315960912053,0,0.0,11,0.035830618892508145,307,1.0,ORIGEN,SECCION,SOLO_COALICIONES
281,26,SONORA,CAJEME,,16,814,1094,578,0.5283363802559415,0.47166361974405846,PT_PVEM_MORENA_NAS,362,0.6262975778546713,213,0.3685121107266436,PAN_PRI_PRD,149,0.2577854671280277,120,0.20761245674740483,MC,29,0.050173010380622836,PT_PVEM_MORENA_NAS,362,0.6262975778546713,213,0.3685121107266436,PAN_PRI_PRD,149,0.2577854671280277,120,0.20761245674740483,MC,29,0.050173010380622836,149,0.2577854671280277,362,0.6262975778546713,29,0.050173010380622836,6,0.010380622837370242,3,0.005190311418685121,8,0.01384083044982699,3,0.005190311418685121,18,0.031141868512110725,578,1.0,ORIGEN,SECCION,SOLO_COALICIONES
282,26,SONORA,CAJEME,,16,815,641,336,0.5241809672386896,0.47581903276131043,PAN_PRI_PRD,148,0.44047619047619047,8,0.023809523809523808,PT_PVEM_MORENA_NAS,140,0.4166666666666667,104,0.30952380952380953,MC,36,0.10714285714285714,PAN_PRI_PRD,148,0.44047619047619047,8,0.023809523809523808,PT_PVEM_MORENA_NAS,140,0.4166666666666667,104,0.30952380952380953,MC,36,0.10714285714285714,148,0.44047619047619047,140,0.4166666666666667,36,0.10714285714285714,0,0.0,2,0.005952380952380952,4,0.011904761904761904,0,0.0,6,0.017857142857142856,336,1.0,ORIGEN,SECCION,SOLO_COALICIONES
283,26,SONORA,CAJEME,,16,816,591,315,0.5329949238578681,0.46700507614213194,PT_PVEM_MORENA_NAS,147,0.4666666666666667,18,0.05714285714285714,PAN_PRI_PRD,129,0.4095238095238095,103,0.326984126984127,MC,26,0.08253968253968254,PT_PVEM_MORENA_NAS,147,0.4666666666666667,18,0.05714285714285714,PAN_PRI_PRD,129,0.4095238095238095,103,0.326984126984127,MC,26,0.08253968253968254,129,0.4095238095238095,147,0.4666666666666667,26,0.08253968253968254,1,0.0031746031746031746,1,0.0031746031746031746,5,0.015873015873015872,0,0.0,6,0.01904761904761905,315,1.0,ORIGEN,SECCION,SOLO_COALICIONES
284,26,SONORA,CAJEME,,16,817,541,290,0.5360443622920518,0.46395563770794823,PAN_PRI_PRD,123,0.4241379310344828,10,0.034482758620689655,PT_PVEM_MORENA_NAS,113,0.3896551724137931,75,0.25862068965517243,MC,38,0.1310344827586207,PAN_PRI_PRD,123,0.4241379310344828,10,0.034482758620689655,PT_PVEM_MORENA_NAS,113,0.3896551724137931,75,0.25862068965517243,MC,38,0.1310344827586207,123,0.4241379310344828,113,0.3896551724137931,38,0.1310344827586207,2,0.006896551724137931,0,0.0,1,0.0034482758620689655,0,0.0,13,0.04482758620689655,290,1.0,ORIGEN,SECCION,SOLO_COALICIONES
285,26,SONORA,CAJEME,,16,818,315,196,0.6222222222222222,0.37777777777777777,PT_PVEM_MORENA_NAS,84,0.42857142857142855,1,0.00510204081632653,PAN_PRI_PRD,83,0.42346938775510207,67,0.34183673469387754,MC,16,0.08163265306122448,PT_PVEM_MORENA_NAS,84,0.42857142857142855,1,0.00510204081632653,PAN_PRI_PRD,83,0.42346938775510207,67,0.34183673469387754,MC,16,0.08163265306122448,83,0.42346938775510207,84,0.42857142857142855,16,0.08163265306122448,3,0.015306122448979591,1,0.00510204081632653,1,0.00510204081632653,0,0.0,8,0.04081632653061224,196,1.0,ORIGEN,SECCION,SOLO_COALICIONES
286,26,SONORA,CAJEME,,16,819,209,114,0.5454545454545454,0.4545454545454546,PAN_PRI_PRD,50,0.43859649122807015,0,0.0,PT_PVEM_MORENA_NAS,50,0.43859649122807015,40,0.3508771929824561,MC,10,0.08771929824561403,PAN_PRI_PRD,50,0.43859649122807015,0,0.0,PT_PVEM_MORENA_NAS,50,0.43859649122807015,40,0.3508771929824561,MC,10,0.08771929824561403,50,0.43859649122807015,50,0.43859649122807015,10,0.08771929824561403,2,0.017543859649122806,0,0.0,1,0.008771929824561403,0,0.0,1,0.008771929824561403,114,1.0,ORIGEN,SECCION,SOLO_COALICIONES
287,26,SONORA,CAJEME,,16,821,214,102,0.4766355140186916,0.5233644859813085,PT_PVEM_MORENA_NAS,51,0.5,22,0.21568627450980393,PAN_PRI_PRD,29,0.28431372549019607,15,0.14705882352941177,MC,14,0.13725490196078433,PT_PVEM_MORENA_NAS,51,0.5,22,0.21568627450980393,PAN_PRI_PRD,29,0.28431372549019607,15,0.14705882352941177,MC,14,0.13725490196078433,29,0.28431372549019607,51,0.5,14,0.13725490196078433,2,0.0196078431372549,0,0.0,3,0.029411764705882353,0,0.0,3,0.029411764705882353,102,1.0,ORIGEN,SECCION,SOLO_COALICIONES
288,26,SONORA,CAJEME,,16,822,2595,1351,0.520616570327553,0.47938342967244696,PT_PVEM_MORENA_NAS,611,0.45225758697261287,41,0.030347890451517395,PAN_PRI_PRD,570,0.4219096965210955,452,0.33456698741672836,MC,118,0.08734270910436713,PT_PVEM_MORENA_NAS,611,0.45225758697261287,41,0.030347890451517395,PAN_PRI_PRD,570,0.4219096965210955,452,0.33456698741672836,MC,118,0.08734270910436713,570,0.4219096965210955,611,0.45225758697261287,118,0.08734270910436713,8,0.005921539600296077,7,0.0051813471502590676,22,0.01628423390081421,0,0.0,15,0.011102886750555145,1351,1.0,ORIGEN,SECCION,SOLO_COALICIONES
289,26,SONORA,CAJEME,,16,824,461,233,0.5054229934924078,0.4945770065075922,PT_PVEM_MORENA_NAS,113,0.48497854077253216,17,0.07296137339055794,PAN_PRI_PRD,96,0.41201716738197425,79,0.33905579399141633,MC,17,0.07296137339055794,PT_PVEM_MORENA_NAS,113,0.48497854077253216,17,0.07296137339055794,PAN_PRI_PRD,96,0.41201716738197425,79,0.33905579399141633,MC,17,0.07296137339055794,96,0.41201716738197425,113,0.48497854077253216,17,0.07296137339055794,1,0.004291845493562232,0,0.0,5,0.02145922746781116,0,0.0,1,0.004291845493562232,233,1.0,ORIGEN,SECCION,SOLO_COALICIONES
290,26,SONORA,CAJEME,,16,825,347,172,0.4956772334293948,0.5043227665706052,PT_PVEM_MORENA_NAS,75,0.436046511627907,3,0.01744186046511628,PAN_PRI_PRD,72,0.4186046511627907,55,0.31976744186046513,MC,17,0.09883720930232558,PT_PVEM_MORENA_NAS,75,0.436046511627907,3,0.01744186046511628,PAN_PRI_PRD,72,0.4186046511627907,55,0.31976744186046513,MC,17,0.09883720930232558,72,0.4186046511627907,75,0.436046511627907,17,0.09883720930232558,1,0.005813953488372093,1,0.005813953488372093,3,0.01744186046511628,2,0.011627906976744186,1,0.005813953488372093,172,1.0,ORIGEN,SECCION,SOLO_COALICIONES
291,26,SONORA,CAJEME,,16,826,631,337,0.5340729001584786,0.46592709984152136,PT_PVEM_MORENA_NAS,180,0.5341246290801187,68,0.20178041543026706,PAN_PRI_PRD,112,0.3323442136498516,78,0.2314540059347181,MC,34,0.10089020771513353,PT_PVEM_MORENA_NAS,180,0.5341246290801187,68,0.20178041543026706,PAN_PRI_PRD,112,0.3323442136498516,78,0.2314540059347181,MC,34,0.10089020771513353,112,0.3323442136498516,180,0.5341246290801187,34,0.10089020771513353,2,0.005934718100890208,1,0.002967359050445104,2,0.005934718100890208,0,0.0,6,0.017804154302670624,337,1.0,ORIGEN,SECCION,SOLO_COALICIONES
292,26,SONORA,CAJEME,,16,827,558,317,0.568100358422939,0.43189964157706096,PT_PVEM_MORENA_NAS,149,0.47003154574132494,34,0.10725552050473186,PAN_PRI_PRD,115,0.3627760252365931,84,0.26498422712933756,MC,31,0.09779179810725552,PT_PVEM_MORENA_NAS,149,0.47003154574132494,34,0.10725552050473186,PAN_PRI_PRD,115,0.3627760252365931,84,0.26498422712933756,MC,31,0.09779179810725552,115,0.3627760252365931,149,0.47003154574132494,31,0.09779179810725552,6,0.01892744479495268,2,0.006309148264984227,6,0.01892744479495268,0,0.0,8,0.025236593059936908,317,1.0,ORIGEN,SECCION,SOLO_COALICIONES
293,26,SONORA,CAJEME,,16,828,412,197,0.47815533980582525,0.5218446601941747,PAN_PRI_PRD,96,0.4873096446700508,20,0.10152284263959391,PT_PVEM_MORENA_NAS,76,0.38578680203045684,61,0.3096446700507614,MC,15,0.07614213197969544,PAN_PRI_PRD,96,0.4873096446700508,20,0.10152284263959391,PT_PVEM_MORENA_NAS,76,0.38578680203045684,61,0.3096446700507614,MC,15,0.07614213197969544,96,0.4873096446700508,76,0.38578680203045684,15,0.07614213197969544,2,0.01015228426395939,2,0.01015228426395939,2,0.01015228426395939,0,0.0,4,0.02030456852791878,197,1.0,ORIGEN,SECCION,SOLO_COALICIONES
294,26,SONORA,CAJEME,,16,829,190,114,0.6,0.4,PAN_PRI_PRD,60,0.5263157894736842,21,0.18421052631578946,PT_PVEM_MORENA_NAS,39,0.34210526315789475,29,0.2543859649122807,MC,10,0.08771929824561403,PAN_PRI_PRD,60,0.5263157894736842,21,0.18421052631578946,PT_PVEM_MORENA_NAS,39,0.34210526315789475,29,0.2543859649122807,MC,10,0.08771929824561403,60,0.5263157894736842,39,0.34210526315789475,10,0.08771929824561403,1,0.008771929824561403,1,0.008771929824561403,2,0.017543859649122806,0,0.0,1,0.008771929824561403,114,1.0,ORIGEN,SECCION,SOLO_COALICIONES
295,26,SONORA,CAJEME,,16,832,658,301,0.4574468085106383,0.5425531914893618,PT_PVEM_MORENA_NAS,138,0.4584717607973422,29,0.09634551495016612,PAN_PRI_PRD,109,0.36212624584717606,79,0.26245847176079734,MC,30,0.09966777408637874,PT_PVEM_MORENA_NAS,138,0.4584717607973422,29,0.09634551495016612,PAN_PRI_PRD,109,0.36212624584717606,79,0.26245847176079734,MC,30,0.09966777408637874,109,0.36212624584717606,138,0.4584717607973422,30,0.09966777408637874,4,0.013289036544850499,3,0.009966777408637873,7,0.023255813953488372,0,0.0,10,0.03322259136212625,301,1.0,ORIGEN,SECCION,SOLO_COALICIONES
296,26,SONORA,CAJEME,,16,833,851,422,0.49588719153936545,0.5041128084606346,PT_PVEM_MORENA_NAS,188,0.44549763033175355,20,0.04739336492890995,PAN_PRI_PRD,168,0.3981042654028436,128,0.3033175355450237,MC,40,0.0947867298578199,PT_PVEM_MORENA_NAS,188,0.44549763033175355,20,0.04739336492890995,PAN_PRI_PRD,168,0.3981042654028436,128,0.3033175355450237,MC,40,0.0947867298578199,168,0.3981042654028436,188,0.44549763033175355,40,0.0947867298578199,8,0.018957345971563982,1,0.002369668246445498,10,0.023696682464454975,1,0.002369668246445498,6,0.014218009478672985,422,1.0,ORIGEN,SECCION,SOLO_COALICIONES
297,26,SONORA,CAJEME,,16,834,452,201,0.4446902654867257,0.5553097345132743,PT_PVEM_MORENA_NAS,111,0.5522388059701493,55,0.2736318407960199,PAN_PRI_PRD,56,0.27860696517412936,32,0.15920398009950248,MC,24,0.11940298507462686,PT_PVEM_MORENA_NAS,111,0.5522388059701493,55,0.2736318407960199,PAN_PRI_PRD,56,0.27860696517412936,32,0.15920398009950248,MC,24,0.11940298507462686,56,0.27860696517412936,111,0.5522388059701493,24,0.11940298507462686,1,0.004975124378109453,0,0.0,4,0.01990049751243781,0,0.0,5,0.024875621890547265,201,1.0,ORIGEN,SECCION,SOLO_COALICIONES
298,26,SONORA,CAJEME,,16,835,436,220,0.5045871559633027,0.4954128440366973,PT_PVEM_MORENA_NAS,131,0.5954545454545455,76,0.34545454545454546,PAN_PRI_PRD,55,0.25,41,0.18636363636363637,MC,14,0.06363636363636363,PT_PVEM_MORENA_NAS,131,0.5954545454545455,76,0.34545454545454546,PAN_PRI_PRD,55,0.25,41,0.18636363636363637,MC,14,0.06363636363636363,55,0.25,131,0.5954545454545455,14,0.06363636363636363,4,0.01818181818181818,1,0.004545454545454545,5,0.022727272727272728,0,0.0,10,0.045454545454545456,220,1.0,ORIGEN,SECCION,SOLO_COALICIONES
299,26,SONORA,CAJEME,,16,839,537,278,0.5176908752327747,0.4823091247672253,PAN_PRI_PRD,121,0.4352517985611511,6,0.02158273381294964,PT_PVEM_MORENA_NAS,115,0.4136690647482014,82,0.2949640287769784,MC,33,0.11870503597122302,PAN_PRI_PRD,121,0.4352517985611511,6,0.02158273381294964,PT_PVEM_MORENA_NAS,115,0.4136690647482014,82,0.2949640287769784,MC,33,0.11870503597122302,121,0.4352517985611511,115,0.4136690647482014,33,0.11870503597122302,1,0.0035971223021582736,2,0.007194244604316547,3,0.01079136690647482,0,0.0,3,0.01079136690647482,278,1.0,ORIGEN,SECCION,SOLO_COALICIONES
300,26,SONORA,CAJEME,,16,840,330,172,0.5212121212121212,0.47878787878787876,PT_PVEM_MORENA_NAS,98,0.5697674418604651,46,0.26744186046511625,PAN_PRI_PRD,52,0.3023255813953488,37,0.21511627906976744,MC,15,0.0872093023255814,PT_PVEM_MORENA_NAS,98,0.5697674418604651,46,0.26744186046511625,PAN_PRI_PRD,52,0.3023255813953488,37,0.21511627906976744,MC,15,0.0872093023255814,52,0.3023255813953488,98,0.5697674418604651,15,0.0872093023255814,1,0.005813953488372093,1,0.005813953488372093,4,0.023255813953488372,0,0.0,1,0.005813953488372093,172,1.0,ORIGEN,SECCION,SOLO_COALICIONES
301,26,SONORA,CAJEME,,16,844,1048,1155,1.1020992366412214,-0.10209923664122145,PT_PVEM_MORENA_NAS,575,0.49783549783549785,132,0.11428571428571428,PAN_PRI_PRD,443,0.38354978354978353,357,0.3090909090909091,MC,86,0.07445887445887446,PT_PVEM_MORENA_NAS,575,0.49783549783549785,132,0.11428571428571428,PAN_PRI_PRD,443,0.38354978354978353,357,0.3090909090909091,MC,86,0.07445887445887446,443,0.38354978354978353,575,0.49783549783549785,86,0.07445887445887446,5,0.004329004329004329,4,0.003463203463203463,18,0.015584415584415584,2,0.0017316017316017316,22,0.01904761904761905,1155,1.0,ORIGEN,SECCION,SOLO_COALICIONES
302,26,SONORA,CAJEME,,16,845,793,455,0.5737704918032787,0.42622950819672134,PT_PVEM_MORENA_NAS,205,0.45054945054945056,20,0.04395604395604396,PAN_PRI_PRD,185,0.4065934065934066,140,0.3076923076923077,MC,45,0.0989010989010989,PT_PVEM_MORENA_NAS,205,0.45054945054945056,20,0.04395604395604396,PAN_PRI_PRD,185,0.4065934065934066,140,0.3076923076923077,MC,45,0.0989010989010989,185,0.4065934065934066,205,0.45054945054945056,45,0.0989010989010989,5,0.01098901098901099,1,0.002197802197802198,8,0.017582417582417582,0,0.0,6,0.013186813186813187,455,1.0,ORIGEN,SECCION,SOLO_COALICIONES
303,26,SONORA,CAJEME,,16,846,870,518,0.5954022988505747,0.4045977011494253,PT_PVEM_MORENA_NAS,246,0.4749034749034749,33,0.0637065637065637,PAN_PRI_PRD,213,0.4111969111969112,168,0.32432432432432434,MC,45,0.08687258687258688,PT_PVEM_MORENA_NAS,246,0.4749034749034749,33,0.0637065637065637,PAN_PRI_PRD,213,0.4111969111969112,168,0.32432432432432434,MC,45,0.08687258687258688,213,0.4111969111969112,246,0.4749034749034749,45,0.08687258687258688,3,0.005791505791505791,3,0.005791505791505791,5,0.009652509652509652,0,0.0,3,0.005791505791505791,518,1.0,ORIGEN,SECCION,SOLO_COALICIONES
304,26,SONORA,CAJEME,,16,847,624,381,0.6105769230769231,0.38942307692307687,PAN_PRI_PRD,176,0.46194225721784776,32,0.08398950131233596,PT_PVEM_MORENA_NAS,144,0.3779527559055118,95,0.24934383202099739,MC,49,0.12860892388451445,PAN_PRI_PRD,176,0.46194225721784776,32,0.08398950131233596,PT_PVEM_MORENA_NAS,144,0.3779527559055118,95,0.24934383202099739,MC,49,0.12860892388451445,176,0.46194225721784776,144,0.3779527559055118,49,0.12860892388451445,3,0.007874015748031496,1,0.0026246719160104987,5,0.013123359580052493,0,0.0,3,0.007874015748031496,381,1.0,ORIGEN,SECCION,SOLO_COALICIONES
305,26,SONORA,CAJEME,,16,851,669,352,0.5261584454409567,0.4738415545590433,PT_PVEM_MORENA_NAS,151,0.4289772727272727,4,0.011363636363636364,PAN_PRI_PRD,147,0.41761363636363635,113,0.3210227272727273,MC,34,0.09659090909090909,PT_PVEM_MORENA_NAS,151,0.4289772727272727,4,0.011363636363636364,PAN_PRI_PRD,147,0.41761363636363635,113,0.3210227272727273,MC,34,0.09659090909090909,147,0.41761363636363635,151,0.4289772727272727,34,0.09659090909090909,3,0.008522727272727272,0,0.0,7,0.019886363636363636,0,0.0,10,0.028409090909090908,352,1.0,ORIGEN,SECCION,SOLO_COALICIONES
306,26,SONORA,CAJEME,,16,852,659,367,0.5569044006069803,0.4430955993930197,PT_PVEM_MORENA_NAS,184,0.5013623978201635,26,0.07084468664850137,PAN_PRI_PRD,158,0.4305177111716621,149,0.40599455040871935,MC,9,0.02452316076294278,PT_PVEM_MORENA_NAS,184,0.5013623978201635,26,0.07084468664850137,PAN_PRI_PRD,158,0.4305177111716621,149,0.40599455040871935,MC,9,0.02452316076294278,158,0.4305177111716621,184,0.5013623978201635,9,0.02452316076294278,2,0.005449591280653951,4,0.010899182561307902,2,0.005449591280653951,0,0.0,8,0.021798365122615803,367,1.0,ORIGEN,SECCION,SOLO_COALICIONES
307,26,SONORA,CAJEME,,16,933,345,126,0.3652173913043478,0.6347826086956522,PT_PVEM_MORENA_NAS,70,0.5555555555555556,40,0.31746031746031744,PAN_PRI_PRD,30,0.23809523809523808,18,0.14285714285714285,MC,12,0.09523809523809523,PT_PVEM_MORENA_NAS,70,0.5555555555555556,40,0.31746031746031744,PAN_PRI_PRD,30,0.23809523809523808,18,0.14285714285714285,MC,12,0.09523809523809523,30,0.23809523809523808,70,0.5555555555555556,12,0.09523809523809523,0,0.0,0,0.0,5,0.03968253968253968,1,0.007936507936507936,8,0.06349206349206349,126,1.0,ORIGEN,SECCION,SOLO_COALICIONES
308,26,SONORA,CAJEME,,16,934,463,269,0.5809935205183585,0.4190064794816415,PT_PVEM_MORENA_NAS,167,0.620817843866171,102,0.379182156133829,PAN_PRI_PRD,65,0.241635687732342,48,0.17843866171003717,MC,17,0.06319702602230483,PT_PVEM_MORENA_NAS,167,0.620817843866171,102,0.379182156133829,PAN_PRI_PRD,65,0.241635687732342,48,0.17843866171003717,MC,17,0.06319702602230483,65,0.241635687732342,167,0.620817843866171,17,0.06319702602230483,5,0.01858736059479554,6,0.022304832713754646,6,0.022304832713754646,0,0.0,3,0.011152416356877323,269,1.0,ORIGEN,SECCION,SOLO_COALICIONES
309,26,SONORA,CAJEME,,16,935,700,279,0.3985714285714286,0.6014285714285714,PT_PVEM_MORENA_NAS,213,0.7634408602150538,176,0.6308243727598566,PAN_PRI_PRD,37,0.13261648745519714,23,0.08243727598566308,MC,14,0.05017921146953405,PT_PVEM_MORENA_NAS,213,0.7634408602150538,176,0.6308243727598566,PAN_PRI_PRD,37,0.13261648745519714,23,0.08243727598566308,MC,14,0.05017921146953405,37,0.13261648745519714,213,0.7634408602150538,14,0.05017921146953405,3,0.010752688172043012,1,0.0035842293906810036,1,0.0035842293906810036,0,0.0,10,0.035842293906810034,279,1.0,ORIGEN,SECCION,SOLO_COALICIONES
310,26,SONORA,CAJEME,,16,936,2173,792,0.36447307869305107,0.635526921306949,PT_PVEM_MORENA_NAS,600,0.7575757575757576,512,0.6464646464646465,PAN_PRI_PRD,88,0.1111111111111111,43,0.054292929292929296,MC,45,0.056818181818181816,PT_PVEM_MORENA_NAS,600,0.7575757575757576,512,0.6464646464646465,PAN_PRI_PRD,88,0.1111111111111111,43,0.054292929292929296,MC,45,0.056818181818181816,88,0.1111111111111111,600,0.7575757575757576,45,0.056818181818181816,15,0.01893939393939394,11,0.013888888888888888,8,0.010101010101010102,1,0.0012626262626262627,24,0.030303030303030304,792,1.0,ORIGEN,SECCION,SOLO_COALICIONES
311,26,SONORA,CAJEME,,16,937,1594,612,0.383939774153074,0.616060225846926,PT_PVEM_MORENA_NAS,365,0.5964052287581699,203,0.33169934640522875,PAN_PRI_PRD,162,0.2647058823529412,113,0.184640522875817,MC,49,0.08006535947712418,PT_PVEM_MORENA_NAS,365,0.5964052287581699,203,0.33169934640522875,PAN_PRI_PRD,162,0.2647058823529412,113,0.184640522875817,MC,49,0.08006535947712418,162,0.2647058823529412,365,0.5964052287581699,49,0.08006535947712418,7,0.011437908496732025,7,0.011437908496732025,5,0.008169934640522876,0,0.0,17,0.027777777777777776,612,1.0,ORIGEN,SECCION,SOLO_COALICIONES
312,26,SONORA,CAJEME,,16,938,770,252,0.32727272727272727,0.6727272727272727,PT_PVEM_MORENA_NAS,188,0.746031746031746,158,0.626984126984127,PAN_PRI_PRD,30,0.11904761904761904,14,0.05555555555555555,MC,16,0.06349206349206349,PT_PVEM_MORENA_NAS,188,0.746031746031746,158,0.626984126984127,PAN_PRI_PRD,30,0.11904761904761904,14,0.05555555555555555,MC,16,0.06349206349206349,30,0.11904761904761904,188,0.746031746031746,16,0.06349206349206349,2,0.007936507936507936,3,0.011904761904761904,2,0.007936507936507936,0,0.0,11,0.04365079365079365,252,1.0,ORIGEN,SECCION,SOLO_COALICIONES
313,26,SONORA,CAJEME,,16,939,1231,422,0.3428107229894395,0.6571892770105605,PT_PVEM_MORENA_NAS,244,0.5781990521327014,156,0.3696682464454976,PAN_PRI_PRD,88,0.20853080568720378,40,0.0947867298578199,MC,48,0.11374407582938388,PT_PVEM_MORENA_NAS,244,0.5781990521327014,156,0.3696682464454976,PAN_PRI_PRD,88,0.20853080568720378,40,0.0947867298578199,MC,48,0.11374407582938388,88,0.20853080568720378,244,0.5781990521327014,48,0.11374407582938388,8,0.018957345971563982,8,0.018957345971563982,2,0.004739336492890996,6,0.014218009478672985,18,0.04265402843601896,422,1.0,ORIGEN,SECCION,SOLO_COALICIONES
314,26,SONORA,CAJEME,,16,940,1331,558,0.4192336589030804,0.5807663410969196,PT_PVEM_MORENA_NAS,345,0.6182795698924731,208,0.3727598566308244,PAN_PRI_PRD,137,0.24551971326164876,94,0.16845878136200718,MC,43,0.07706093189964158,PT_PVEM_MORENA_NAS,345,0.6182795698924731,208,0.3727598566308244,PAN_PRI_PRD,137,0.24551971326164876,94,0.16845878136200718,MC,43,0.07706093189964158,137,0.24551971326164876,345,0.6182795698924731,43,0.07706093189964158,5,0.008960573476702509,5,0.008960573476702509,6,0.010752688172043012,1,0.0017921146953405018,16,0.02867383512544803,558,1.0,ORIGEN,SECCION,SOLO_COALICIONES
315,26,SONORA,CAJEME,,16,941,821,304,0.3702801461632156,0.6297198538367844,PT_PVEM_MORENA_NAS,183,0.6019736842105263,106,0.34868421052631576,PAN_PRI_PRD,77,0.2532894736842105,52,0.17105263157894737,MC,25,0.08223684210526316,PT_PVEM_MORENA_NAS,183,0.6019736842105263,106,0.34868421052631576,PAN_PRI_PRD,77,0.2532894736842105,52,0.17105263157894737,MC,25,0.08223684210526316,77,0.2532894736842105,183,0.6019736842105263,25,0.08223684210526316,8,0.02631578947368421,4,0.013157894736842105,6,0.019736842105263157,0,0.0,1,0.003289473684210526,304,1.0,ORIGEN,SECCION,SOLO_COALICIONES
316,26,SONORA,CAJEME,,16,942,1475,476,0.3227118644067797,0.6772881355932203,PT_PVEM_MORENA_NAS,260,0.5462184873949579,136,0.2857142857142857,PAN_PRI_PRD,124,0.2605042016806723,83,0.17436974789915966,MC,41,0.0861344537815126,PT_PVEM_MORENA_NAS,260,0.5462184873949579,136,0.2857142857142857,PAN_PRI_PRD,124,0.2605042016806723,83,0.17436974789915966,MC,41,0.0861344537815126,124,0.2605042016806723,260,0.5462184873949579,41,0.0861344537815126,12,0.025210084033613446,6,0.012605042016806723,19,0.03991596638655462,0,0.0,14,0.029411764705882353,476,1.0,ORIGEN,SECCION,SOLO_COALICIONES
317,26,SONORA,CAJEME,,16,943,1176,428,0.36394557823129253,0.6360544217687074,PT_PVEM_MORENA_NAS,254,0.5934579439252337,149,0.34813084112149534,PAN_PRI_PRD,105,0.24532710280373832,63,0.14719626168224298,MC,42,0.09813084112149532,PT_PVEM_MORENA_NAS,254,0.5934579439252337,149,0.34813084112149534,PAN_PRI_PRD,105,0.24532710280373832,63,0.14719626168224298,MC,42,0.09813084112149532,105,0.24532710280373832,254,0.5934579439252337,42,0.09813084112149532,2,0.004672897196261682,0,0.0,6,0.014018691588785047,0,0.0,19,0.04439252336448598,428,1.0,ORIGEN,SECCION,SOLO_COALICIONES
318,26,SONORA,CAJEME,,16,944,802,316,0.3940149625935162,0.6059850374064838,PT_PVEM_MORENA_NAS,193,0.6107594936708861,116,0.3670886075949367,PAN_PRI_PRD,77,0.24367088607594936,49,0.1550632911392405,MC,28,0.08860759493670886,PT_PVEM_MORENA_NAS,193,0.6107594936708861,116,0.3670886075949367,PAN_PRI_PRD,77,0.24367088607594936,49,0.1550632911392405,MC,28,0.08860759493670886,77,0.24367088607594936,193,0.6107594936708861,28,0.08860759493670886,2,0.006329113924050633,4,0.012658227848101266,1,0.0031645569620253164,1,0.0031645569620253164,10,0.03164556962025317,316,1.0,ORIGEN,SECCION,SOLO_COALICIONES
319,26,SONORA,CAJEME,,16,945,3063,948,0.3095004897159647,0.6904995102840352,PT_PVEM_MORENA_NAS,557,0.5875527426160337,326,0.3438818565400844,PAN_PRI_PRD,231,0.24367088607594936,148,0.15611814345991562,MC,83,0.08755274261603375,PT_PVEM_MORENA_NAS,557,0.5875527426160337,326,0.3438818565400844,PAN_PRI_PRD,231,0.24367088607594936,148,0.15611814345991562,MC,83,0.08755274261603375,231,0.24367088607594936,557,0.5875527426160337,83,0.08755274261603375,17,0.017932489451476793,10,0.010548523206751054,12,0.012658227848101266,0,0.0,38,0.04008438818565401,948,1.0,ORIGEN,SECCION,SOLO_COALICIONES
320,26,SONORA,CAJEME,,16,946,806,315,0.39081885856079407,0.6091811414392059,PT_PVEM_MORENA_NAS,190,0.6031746031746031,107,0.3396825396825397,PAN_PRI_PRD,83,0.2634920634920635,62,0.19682539682539682,MC,21,0.06666666666666667,PT_PVEM_MORENA_NAS,190,0.6031746031746031,107,0.3396825396825397,PAN_PRI_PRD,83,0.2634920634920635,62,0.19682539682539682,MC,21,0.06666666666666667,83,0.2634920634920635,190,0.6031746031746031,21,0.06666666666666667,4,0.012698412698412698,2,0.006349206349206349,6,0.01904761904761905,1,0.0031746031746031746,8,0.025396825396825397,315,1.0,ORIGEN,SECCION,SOLO_COALICIONES
321,26,SONORA,CAJEME,,16,947,1259,522,0.414614773629865,0.585385226370135,PT_PVEM_MORENA_NAS,305,0.5842911877394636,152,0.29118773946360155,PAN_PRI_PRD,153,0.29310344827586204,110,0.210727969348659,MC,43,0.08237547892720307,PT_PVEM_MORENA_NAS,305,0.5842911877394636,152,0.29118773946360155,PAN_PRI_PRD,153,0.29310344827586204,110,0.210727969348659,MC,43,0.08237547892720307,153,0.29310344827586204,305,0.5842911877394636,43,0.08237547892720307,6,0.011494252873563218,2,0.0038314176245210726,7,0.013409961685823755,0,0.0,6,0.011494252873563218,522,1.0,ORIGEN,SECCION,SOLO_COALICIONES
322,26,SONORA,CAJEME,,16,948,1193,409,0.34283319362950543,0.6571668063704945,PT_PVEM_MORENA_NAS,217,0.530562347188264,109,0.2665036674816626,PAN_PRI_PRD,108,0.26405867970660146,47,0.11491442542787286,MC,61,0.1491442542787286,PT_PVEM_MORENA_NAS,217,0.530562347188264,109,0.2665036674816626,PAN_PRI_PRD,108,0.26405867970660146,47,0.11491442542787286,MC,61,0.1491442542787286,108,0.26405867970660146,217,0.530562347188264,61,0.1491442542787286,4,0.009779951100244499,3,0.007334963325183374,5,0.012224938875305624,0,0.0,11,0.02689486552567237,409,1.0,ORIGEN,SECCION,SOLO_COALICIONES
323,26,SONORA,CAJEME,,16,949,5536,2036,0.36777456647398843,0.6322254335260116,PT_PVEM_MORENA_NAS,1081,0.5309430255402751,448,0.2200392927308448,PAN_PRI_PRD,633,0.31090373280943023,412,0.20235756385068762,MC,221,0.10854616895874264,PT_PVEM_MORENA_NAS,1081,0.5309430255402751,448,0.2200392927308448,PAN_PRI_PRD,633,0.31090373280943023,412,0.20235756385068762,MC,221,0.10854616895874264,633,0.31090373280943023,1081,0.5309430255402751,221,0.10854616895874264,26,0.012770137524557957,12,0.005893909626719057,27,0.013261296660117878,0,0.0,36,0.01768172888015717,2036,1.0,ORIGEN,SECCION,SOLO_COALICIONES
324,26,SONORA,CAJEME,,16,950,907,415,0.45755237045203967,0.5424476295479603,PT_PVEM_MORENA_NAS,234,0.563855421686747,120,0.2891566265060241,PAN_PRI_PRD,114,0.2746987951807229,66,0.15903614457831325,MC,48,0.11566265060240964,PT_PVEM_MORENA_NAS,234,0.563855421686747,120,0.2891566265060241,PAN_PRI_PRD,114,0.2746987951807229,66,0.15903614457831325,MC,48,0.11566265060240964,114,0.2746987951807229,234,0.563855421686747,48,0.11566265060240964,3,0.007228915662650603,2,0.004819277108433735,2,0.004819277108433735,0,0.0,12,0.02891566265060241,415,1.0,ORIGEN,SECCION,SOLO_COALICIONES
325,26,SONORA,CAJEME,,16,951,13819,4466,0.32317823286779074,0.6768217671322092,PT_PVEM_MORENA_NAS,2358,0.5279892521271832,988,0.22122704881325572,PAN_PRI_PRD,1370,0.30676220331392745,865,0.19368562472010747,MC,505,0.11307657859381998,PT_PVEM_MORENA_NAS,2358,0.5279892521271832,988,0.22122704881325572,PAN_PRI_PRD,1370,0.30676220331392745,865,0.19368562472010747,MC,505,0.11307657859381998,1370,0.30676220331392745,2358,0.5279892521271832,505,0.11307657859381998,46,0.010300044782803403,27,0.006045678459471563,73,0.016345723242274967,3,0.0006717420510523958,84,0.018808777429467086,4466,1.0,ORIGEN,SECCION,SOLO_COALICIONES
326,26,SONORA,CAJEME,,16,952,1635,712,0.43547400611620796,0.5645259938837921,PAN_PRI_PRD,330,0.46348314606741575,51,0.07162921348314606,PT_PVEM_MORENA_NAS,279,0.39185393258426965,200,0.2808988764044944,MC,79,0.11095505617977527,PAN_PRI_PRD,330,0.46348314606741575,51,0.07162921348314606,PT_PVEM_MORENA_NAS,279,0.39185393258426965,200,0.2808988764044944,MC,79,0.11095505617977527,330,0.46348314606741575,279,0.39185393258426965,79,0.11095505617977527,3,0.004213483146067416,3,0.004213483146067416,9,0.012640449438202247,0,0.0,9,0.012640449438202247,712,1.0,ORIGEN,SECCION,SOLO_COALICIONES
327,26,SONORA,CAJEME,,16,953,481,200,0.4158004158004158,0.5841995841995842,PT_PVEM_MORENA_NAS,133,0.665,93,0.465,PAN_PRI_PRD,40,0.2,29,0.145,MC,11,0.055,PT_PVEM_MORENA_NAS,133,0.665,93,0.465,PAN_PRI_PRD,40,0.2,29,0.145,MC,11,0.055,40,0.2,133,0.665,11,0.055,3,0.015,3,0.015,2,0.01,0,0.0,8,0.04,200,1.0,ORIGEN,SECCION,SOLO_COALICIONES
328,26,SONORA,CAJEME,,16,954,1205,559,0.46390041493775935,0.5360995850622406,PT_PVEM_MORENA_NAS,349,0.6243291592128801,209,0.3738819320214669,PAN_PRI_PRD,140,0.2504472271914132,100,0.17889087656529518,MC,40,0.07155635062611806,PT_PVEM_MORENA_NAS,349,0.6243291592128801,209,0.3738819320214669,PAN_PRI_PRD,140,0.2504472271914132,100,0.17889087656529518,MC,40,0.07155635062611806,140,0.2504472271914132,349,0.6243291592128801,40,0.07155635062611806,5,0.008944543828264758,1,0.0017889087656529517,9,0.016100178890876567,0,0.0,15,0.026833631484794274,559,1.0,ORIGEN,SECCION,SOLO_COALICIONES
329,26,SONORA,CAJEME,,17,790,1186,519,0.4376053962900506,0.5623946037099494,PT_PVEM_MORENA_NAS,344,0.6628131021194605,252,0.48554913294797686,PAN_PRI_PRD,92,0.17726396917148363,43,0.08285163776493257,MC,49,0.09441233140655106,PT_PVEM_MORENA_NAS,344,0.6628131021194605,252,0.48554913294797686,PAN_PRI_PRD,92,0.17726396917148363,43,0.08285163776493257,MC,49,0.09441233140655106,92,0.17726396917148363,344,0.6628131021194605,49,0.09441233140655106,10,0.019267822736030827,3,0.005780346820809248,6,0.011560693641618497,0,0.0,15,0.028901734104046242,519,1.0,ORIGEN,SECCION,SOLO_COALICIONES
330,26,SONORA,CAJEME,,17,791,665,265,0.39849624060150374,0.6015037593984962,PT_PVEM_MORENA_NAS,165,0.6226415094339622,102,0.3849056603773585,PAN_PRI_PRD,63,0.23773584905660378,42,0.15849056603773584,MC,21,0.07924528301886792,PT_PVEM_MORENA_NAS,165,0.6226415094339622,102,0.3849056603773585,PAN_PRI_PRD,63,0.23773584905660378,42,0.15849056603773584,MC,21,0.07924528301886792,63,0.23773584905660378,165,0.6226415094339622,21,0.07924528301886792,7,0.026415094339622643,4,0.01509433962264151,2,0.007547169811320755,0,0.0,3,0.011320754716981131,265,1.0,ORIGEN,SECCION,SOLO_COALICIONES
331,26,SONORA,CAJEME,,17,796,1101,513,0.4659400544959128,0.5340599455040872,PT_PVEM_MORENA_NAS,330,0.6432748538011696,217,0.42300194931773877,PAN_PRI_PRD,113,0.2202729044834308,64,0.12475633528265107,MC,49,0.09551656920077972,PT_PVEM_MORENA_NAS,330,0.6432748538011696,217,0.42300194931773877,PAN_PRI_PRD,113,0.2202729044834308,64,0.12475633528265107,MC,49,0.09551656920077972,113,0.2202729044834308,330,0.6432748538011696,49,0.09551656920077972,7,0.01364522417153996,2,0.003898635477582846,7,0.01364522417153996,0,0.0,5,0.009746588693957114,513,1.0,ORIGEN,SECCION,SOLO_COALICIONES
332,26,SONORA,CAJEME,,17,797,671,355,0.5290611028315947,0.4709388971684053,PT_PVEM_MORENA_NAS,164,0.4619718309859155,26,0.07323943661971831,PAN_PRI_PRD,138,0.38873239436619716,105,0.29577464788732394,MC,33,0.09295774647887324,PT_PVEM_MORENA_NAS,164,0.4619718309859155,26,0.07323943661971831,PAN_PRI_PRD,138,0.38873239436619716,105,0.29577464788732394,MC,33,0.09295774647887324,138,0.38873239436619716,164,0.4619718309859155,33,0.09295774647887324,4,0.011267605633802818,1,0.0028169014084507044,5,0.014084507042253521,0,0.0,10,0.028169014084507043,355,1.0,ORIGEN,SECCION,SOLO_COALICIONES
333,26,SONORA,CAJEME,,17,806,1068,1121,1.049625468164794,-0.04962546816479407,PAN_PRI_PRD,570,0.5084745762711864,155,0.13826940231935772,PT_PVEM_MORENA_NAS,415,0.3702051739518287,324,0.28902765388046386,MC,91,0.08117752007136485,PAN_PRI_PRD,570,0.5084745762711864,155,0.13826940231935772,PT_PVEM_MORENA_NAS,415,0.3702051739518287,324,0.28902765388046386,MC,91,0.08117752007136485,570,0.5084745762711864,415,0.3702051739518287,91,0.08117752007136485,5,0.0044603033006244425,12,0.010704727921498661,11,0.009812667261373774,0,0.0,17,0.015165031222123104,1121,1.0,ORIGEN,SECCION,SOLO_COALICIONES
334,26,SONORA,CAJEME,,17,807,12406,6016,0.48492664839593747,0.5150733516040625,PAN_PRI_PRD,2659,0.4419880319148936,79,0.013131648936170214,PT_PVEM_MORENA_NAS,2580,0.4288563829787234,2054,0.3414228723404255,MC,526,0.08743351063829788,PAN_PRI_PRD,2659,0.4419880319148936,79,0.013131648936170214,PT_PVEM_MORENA_NAS,2580,0.4288563829787234,2054,0.3414228723404255,MC,526,0.08743351063829788,2659,0.4419880319148936,2580,0.4288563829787234,526,0.08743351063829788,53,0.008809840425531915,30,0.004986702127659575,96,0.015957446808510637,1,0.00016622340425531914,71,0.01180186170212766,6016,1.0,ORIGEN,SECCION,SOLO_COALICIONES
335,26,SONORA,CAJEME,,17,823,815,567,0.6957055214723926,0.3042944785276074,PAN_PRI_PRD,375,0.6613756613756614,230,0.4056437389770723,PT_PVEM_MORENA_NAS,145,0.25573192239858905,112,0.19753086419753085,MC,33,0.0582010582010582,PAN_PRI_PRD,375,0.6613756613756614,230,0.4056437389770723,PT_PVEM_MORENA_NAS,145,0.25573192239858905,112,0.19753086419753085,MC,33,0.0582010582010582,375,0.6613756613756614,145,0.25573192239858905,33,0.0582010582010582,3,0.005291005291005291,1,0.001763668430335097,5,0.008818342151675485,0,0.0,5,0.008818342151675485,567,1.0,ORIGEN,SECCION,SOLO_COALICIONES
336,26,SONORA,CAJEME,,17,831,932,639,0.6856223175965666,0.31437768240343344,PAN_PRI_PRD,352,0.5508607198748043,159,0.24882629107981222,PT_PVEM_MORENA_NAS,193,0.30203442879499215,123,0.19248826291079812,MC,70,0.10954616588419405,PAN_PRI_PRD,352,0.5508607198748043,159,0.24882629107981222,PT_PVEM_MORENA_NAS,193,0.30203442879499215,123,0.19248826291079812,MC,70,0.10954616588419405,352,0.5508607198748043,193,0.30203442879499215,70,0.10954616588419405,3,0.004694835680751174,2,0.003129890453834116,8,0.012519561815336464,1,0.001564945226917058,10,0.01564945226917058,639,1.0,ORIGEN,SECCION,SOLO_COALICIONES
337,26,SONORA,CAJEME,,17,841,517,284,0.5493230174081238,0.45067698259187616,PT_PVEM_MORENA_NAS,151,0.5316901408450704,58,0.20422535211267606,PAN_PRI_PRD,93,0.3274647887323944,67,0.23591549295774647,MC,26,0.09154929577464789,PT_PVEM_MORENA_NAS,151,0.5316901408450704,58,0.20422535211267606,PAN_PRI_PRD,93,0.3274647887323944,67,0.23591549295774647,MC,26,0.09154929577464789,93,0.3274647887323944,151,0.5316901408450704,26,0.09154929577464789,3,0.01056338028169014,0,0.0,6,0.02112676056338028,0,0.0,5,0.017605633802816902,284,1.0,ORIGEN,SECCION,SOLO_COALICIONES
338,26,SONORA,CAJEME,,17,842,1703,989,0.5807398708162067,0.4192601291837933,PT_PVEM_MORENA_NAS,459,0.4641051567239636,38,0.03842264914054601,PAN_PRI_PRD,421,0.4256825075834176,354,0.3579373104145602,MC,67,0.06774519716885744,PT_PVEM_MORENA_NAS,459,0.4641051567239636,38,0.03842264914054601,PAN_PRI_PRD,421,0.4256825075834176,354,0.3579373104145602,MC,67,0.06774519716885744,421,0.4256825075834176,459,0.4641051567239636,67,0.06774519716885744,12,0.012133468149646108,4,0.004044489383215369,13,0.01314459049544995,0,0.0,13,0.01314459049544995,989,1.0,ORIGEN,SECCION,SOLO_COALICIONES
339,26,SONORA,CAJEME,,17,843,1117,633,0.5666965085049239,0.4333034914950761,PT_PVEM_MORENA_NAS,299,0.47235387045813587,31,0.04897314375987362,PAN_PRI_PRD,268,0.42338072669826227,229,0.3617693522906793,MC,39,0.061611374407582936,PT_PVEM_MORENA_NAS,299,0.47235387045813587,31,0.04897314375987362,PAN_PRI_PRD,268,0.42338072669826227,229,0.3617693522906793,MC,39,0.061611374407582936,268,0.42338072669826227,299,0.47235387045813587,39,0.061611374407582936,5,0.007898894154818325,3,0.004739336492890996,9,0.014218009478672985,0,0.0,10,0.01579778830963665,633,1.0,ORIGEN,SECCION,SOLO_COALICIONES
340,26,SONORA,CAJEME,,17,855,944,478,0.5063559322033898,0.4936440677966102,PT_PVEM_MORENA_NAS,231,0.48326359832635984,69,0.14435146443514643,PAN_PRI_PRD,162,0.3389121338912134,107,0.22384937238493724,MC,55,0.11506276150627615,PT_PVEM_MORENA_NAS,231,0.48326359832635984,69,0.14435146443514643,PAN_PRI_PRD,162,0.3389121338912134,107,0.22384937238493724,MC,55,0.11506276150627615,162,0.3389121338912134,231,0.48326359832635984,55,0.11506276150627615,7,0.014644351464435146,1,0.0020920502092050207,8,0.016736401673640166,0,0.0,14,0.029288702928870293,478,1.0,ORIGEN,SECCION,SOLO_COALICIONES
341,26,SONORA,CAJEME,,17,856,975,514,0.5271794871794871,0.47282051282051285,PT_PVEM_MORENA_NAS,281,0.546692607003891,116,0.22568093385214008,PAN_PRI_PRD,165,0.321011673151751,118,0.22957198443579765,MC,47,0.0914396887159533,PT_PVEM_MORENA_NAS,281,0.546692607003891,116,0.22568093385214008,PAN_PRI_PRD,165,0.321011673151751,118,0.22957198443579765,MC,47,0.0914396887159533,165,0.321011673151751,281,0.546692607003891,47,0.0914396887159533,3,0.005836575875486381,4,0.007782101167315175,4,0.007782101167315175,0,0.0,10,0.019455252918287938,514,1.0,ORIGEN,SECCION,SOLO_COALICIONES
342,26,SONORA,CAJEME,,17,857,5541,2643,0.47698971304818627,0.5230102869518137,PT_PVEM_MORENA_NAS,1327,0.5020809685962921,438,0.16572077185017026,PAN_PRI_PRD,889,0.33636019674612183,610,0.23079833522512297,MC,279,0.10556186152099886,PT_PVEM_MORENA_NAS,1327,0.5020809685962921,438,0.16572077185017026,PAN_PRI_PRD,889,0.33636019674612183,610,0.23079833522512297,MC,279,0.10556186152099886,889,0.33636019674612183,1327,0.5020809685962921,279,0.10556186152099886,31,0.01172909572455543,10,0.0037835792659856224,61,0.0230798335225123,2,0.0007567158531971245,44,0.01664774877033674,2643,1.0,ORIGEN,SECCION,SOLO_COALICIONES
343,26,SONORA,CAJEME,,17,858,3456,1301,0.37644675925925924,0.6235532407407407,PT_PVEM_MORENA_NAS,753,0.5787855495772483,416,0.31975403535741737,PAN_PRI_PRD,337,0.2590315142198309,203,0.15603382013835512,MC,134,0.10299769408147579,PT_PVEM_MORENA_NAS,753,0.5787855495772483,416,0.31975403535741737,PAN_PRI_PRD,337,0.2590315142198309,203,0.15603382013835512,MC,134,0.10299769408147579,337,0.2590315142198309,753,0.5787855495772483,134,0.10299769408147579,18,0.013835511145272867,8,0.006149116064565719,31,0.02382782475019216,0,0.0,20,0.015372790161414296,1301,1.0,ORIGEN,SECCION,SOLO_COALICIONES
344,26,SONORA,CAJEME,,17,860,607,319,0.5255354200988468,0.4744645799011532,PT_PVEM_MORENA_NAS,160,0.5015673981191222,42,0.13166144200626959,PAN_PRI_PRD,118,0.36990595611285265,89,0.27899686520376177,MC,29,0.09090909090909091,PT_PVEM_MORENA_NAS,160,0.5015673981191222,42,0.13166144200626959,PAN_PRI_PRD,118,0.36990595611285265,89,0.27899686520376177,MC,29,0.09090909090909091,118,0.36990595611285265,160,0.5015673981191222,29,0.09090909090909091,3,0.009404388714733543,0,0.0,2,0.006269592476489028,0,0.0,7,0.0219435736677116,319,1.0,ORIGEN,SECCION,SOLO_COALICIONES
345,26,SONORA,CAJEME,,17,866,1281,492,0.3840749414519906,0.6159250585480094,PT_PVEM_MORENA_NAS,291,0.5914634146341463,164,0.3333333333333333,PAN_PRI_PRD,127,0.258130081300813,86,0.17479674796747968,MC,41,0.08333333333333333,PT_PVEM_MORENA_NAS,291,0.5914634146341463,164,0.3333333333333333,PAN_PRI_PRD,127,0.258130081300813,86,0.17479674796747968,MC,41,0.08333333333333333,127,0.258130081300813,291,0.5914634146341463,41,0.08333333333333333,6,0.012195121951219513,11,0.022357723577235773,7,0.014227642276422764,0,0.0,9,0.018292682926829267,492,1.0,ORIGEN,SECCION,SOLO_COALICIONES
346,26,SONORA,CAJEME,,17,867,987,489,0.49544072948328266,0.5045592705167173,PT_PVEM_MORENA_NAS,281,0.5746421267893661,129,0.26380368098159507,PAN_PRI_PRD,152,0.310838445807771,111,0.22699386503067484,MC,41,0.08384458077709611,PT_PVEM_MORENA_NAS,281,0.5746421267893661,129,0.26380368098159507,PAN_PRI_PRD,152,0.310838445807771,111,0.22699386503067484,MC,41,0.08384458077709611,152,0.310838445807771,281,0.5746421267893661,41,0.08384458077709611,5,0.010224948875255624,3,0.006134969325153374,3,0.006134969325153374,0,0.0,4,0.0081799591002045,489,1.0,ORIGEN,SECCION,SOLO_COALICIONES
347,26,SONORA,CAJEME,,17,868,644,319,0.4953416149068323,0.5046583850931676,PT_PVEM_MORENA_NAS,141,0.44200626959247646,17,0.05329153605015674,PAN_PRI_PRD,124,0.3887147335423197,88,0.27586206896551724,MC,36,0.11285266457680251,PT_PVEM_MORENA_NAS,141,0.44200626959247646,17,0.05329153605015674,PAN_PRI_PRD,124,0.3887147335423197,88,0.27586206896551724,MC,36,0.11285266457680251,124,0.3887147335423197,141,0.44200626959247646,36,0.11285266457680251,4,0.012539184952978056,3,0.009404388714733543,3,0.009404388714733543,1,0.003134796238244514,7,0.0219435736677116,319,1.0,ORIGEN,SECCION,SOLO_COALICIONES
348,26,SONORA,CAJEME,,17,874,584,321,0.5496575342465754,0.4503424657534246,PT_PVEM_MORENA_NAS,156,0.48598130841121495,51,0.1588785046728972,PAN_PRI_PRD,105,0.32710280373831774,68,0.2118380062305296,MC,37,0.11526479750778816,PT_PVEM_MORENA_NAS,156,0.48598130841121495,51,0.1588785046728972,PAN_PRI_PRD,105,0.32710280373831774,68,0.2118380062305296,MC,37,0.11526479750778816,105,0.32710280373831774,156,0.48598130841121495,37,0.11526479750778816,6,0.018691588785046728,0,0.0,10,0.03115264797507788,0,0.0,7,0.021806853582554516,321,1.0,ORIGEN,SECCION,SOLO_COALICIONES
349,26,SONORA,CAJEME,,17,875,1024,521,0.5087890625,0.4912109375,PT_PVEM_MORENA_NAS,325,0.6238003838771593,194,0.3723608445297505,PAN_PRI_PRD,131,0.2514395393474088,89,0.1708253358925144,MC,42,0.08061420345489444,PT_PVEM_MORENA_NAS,325,0.6238003838771593,194,0.3723608445297505,PAN_PRI_PRD,131,0.2514395393474088,89,0.1708253358925144,MC,42,0.08061420345489444,131,0.2514395393474088,325,0.6238003838771593,42,0.08061420345489444,6,0.011516314779270634,1,0.0019193857965451055,5,0.009596928982725527,1,0.0019193857965451055,10,0.019193857965451054,521,1.0,ORIGEN,SECCION,SOLO_COALICIONES
350,26,SONORA,CAJEME,,17,876,684,259,0.3786549707602339,0.6213450292397661,PT_PVEM_MORENA_NAS,161,0.6216216216216216,108,0.416988416988417,PAN_PRI_PRD,53,0.20463320463320464,17,0.06563706563706563,MC,36,0.138996138996139,PT_PVEM_MORENA_NAS,161,0.6216216216216216,108,0.416988416988417,PAN_PRI_PRD,53,0.20463320463320464,17,0.06563706563706563,MC,36,0.138996138996139,53,0.20463320463320464,161,0.6216216216216216,36,0.138996138996139,4,0.015444015444015444,2,0.007722007722007722,1,0.003861003861003861,0,0.0,2,0.007722007722007722,259,1.0,ORIGEN,SECCION,SOLO_COALICIONES
351,26,SONORA,CAJEME,,17,877,859,311,0.3620488940628638,0.6379511059371362,PT_PVEM_MORENA_NAS,199,0.639871382636656,140,0.45016077170418006,PAN_PRI_PRD,59,0.18971061093247588,23,0.07395498392282958,MC,36,0.1157556270096463,PT_PVEM_MORENA_NAS,199,0.639871382636656,140,0.45016077170418006,PAN_PRI_PRD,59,0.18971061093247588,23,0.07395498392282958,MC,36,0.1157556270096463,59,0.18971061093247588,199,0.639871382636656,36,0.1157556270096463,5,0.01607717041800643,1,0.003215434083601286,4,0.012861736334405145,0,0.0,7,0.022508038585209004,311,1.0,ORIGEN,SECCION,SOLO_COALICIONES
352,26,SONORA,CAJEME,,17,878,640,302,0.471875,0.528125,PT_PVEM_MORENA_NAS,172,0.5695364238410596,88,0.2913907284768212,PAN_PRI_PRD,84,0.2781456953642384,65,0.2152317880794702,MC,19,0.06291390728476821,PT_PVEM_MORENA_NAS,172,0.5695364238410596,88,0.2913907284768212,PAN_PRI_PRD,84,0.2781456953642384,65,0.2152317880794702,MC,19,0.06291390728476821,84,0.2781456953642384,172,0.5695364238410596,19,0.06291390728476821,6,0.019867549668874173,3,0.009933774834437087,2,0.006622516556291391,0,0.0,16,0.052980132450331126,302,1.0,ORIGEN,SECCION,SOLO_COALICIONES
353,26,SONORA,CAJEME,,17,879,697,338,0.48493543758967,0.51506456241033,PT_PVEM_MORENA_NAS,201,0.5946745562130178,97,0.2869822485207101,PAN_PRI_PRD,104,0.3076923076923077,77,0.22781065088757396,MC,27,0.07988165680473373,PT_PVEM_MORENA_NAS,201,0.5946745562130178,97,0.2869822485207101,PAN_PRI_PRD,104,0.3076923076923077,77,0.22781065088757396,MC,27,0.07988165680473373,104,0.3076923076923077,201,0.5946745562130178,27,0.07988165680473373,2,0.005917159763313609,0,0.0,0,0.0,0,0.0,4,0.011834319526627219,338,1.0,ORIGEN,SECCION,SOLO_COALICIONES
354,26,SONORA,CAJEME,,17,885,963,417,0.43302180685358255,0.5669781931464175,PT_PVEM_MORENA_NAS,233,0.5587529976019184,129,0.30935251798561153,PAN_PRI_PRD,104,0.24940047961630696,64,0.15347721822541965,MC,40,0.09592326139088729,PT_PVEM_MORENA_NAS,233,0.5587529976019184,129,0.30935251798561153,PAN_PRI_PRD,104,0.24940047961630696,64,0.15347721822541965,MC,40,0.09592326139088729,104,0.24940047961630696,233,0.5587529976019184,40,0.09592326139088729,7,0.016786570743405275,5,0.011990407673860911,10,0.023980815347721823,1,0.002398081534772182,17,0.0407673860911271,417,1.0,ORIGEN,SECCION,SOLO_COALICIONES
355,26,SONORA,CAJEME,,17,886,770,339,0.44025974025974024,0.5597402597402598,PT_PVEM_MORENA_NAS,217,0.640117994100295,136,0.40117994100294985,PAN_PRI_PRD,81,0.23893805309734514,55,0.16224188790560473,MC,26,0.07669616519174041,PT_PVEM_MORENA_NAS,217,0.640117994100295,136,0.40117994100294985,PAN_PRI_PRD,81,0.23893805309734514,55,0.16224188790560473,MC,26,0.07669616519174041,81,0.23893805309734514,217,0.640117994100295,26,0.07669616519174041,4,0.011799410029498525,2,0.0058997050147492625,5,0.014749262536873156,0,0.0,4,0.011799410029498525,339,1.0,ORIGEN,SECCION,SOLO_COALICIONES
356,26,SONORA,CAJEME,,17,887,7569,2529,0.3341260404280618,0.6658739595719382,PT_PVEM_MORENA_NAS,1450,0.5733491498616053,773,0.3056544088572558,PAN_PRI_PRD,677,0.26769474100434953,407,0.1609331751680506,MC,270,0.10676156583629894,PT_PVEM_MORENA_NAS,1450,0.5733491498616053,773,0.3056544088572558,PAN_PRI_PRD,677,0.26769474100434953,407,0.1609331751680506,MC,270,0.10676156583629894,677,0.26769474100434953,1450,0.5733491498616053,270,0.10676156583629894,31,0.012257809410834321,10,0.0039541320680110716,51,0.020166073546856466,0,0.0,40,0.015816528272044286,2529,1.0,ORIGEN,SECCION,SOLO_COALICIONES
357,26,SONORA,CAJEME,,17,888,2033,746,0.36694540088539107,0.6330545991146089,PT_PVEM_MORENA_NAS,503,0.6742627345844504,349,0.467828418230563,PAN_PRI_PRD,154,0.2064343163538874,105,0.14075067024128687,MC,49,0.06568364611260054,PT_PVEM_MORENA_NAS,503,0.6742627345844504,349,0.467828418230563,PAN_PRI_PRD,154,0.2064343163538874,105,0.14075067024128687,MC,49,0.06568364611260054,154,0.2064343163538874,503,0.6742627345844504,49,0.06568364611260054,12,0.0160857908847185,1,0.0013404825737265416,7,0.00938337801608579,0,0.0,20,0.02680965147453083,746,1.0,ORIGEN,SECCION,SOLO_COALICIONES
358,26,SONORA,CAJEME,,17,889,1261,501,0.3973037272006344,0.6026962727993657,PT_PVEM_MORENA_NAS,321,0.6407185628742516,213,0.4251497005988024,PAN_PRI_PRD,108,0.2155688622754491,70,0.13972055888223553,MC,38,0.07584830339321358,PT_PVEM_MORENA_NAS,321,0.6407185628742516,213,0.4251497005988024,PAN_PRI_PRD,108,0.2155688622754491,70,0.13972055888223553,MC,38,0.07584830339321358,108,0.2155688622754491,321,0.6407185628742516,38,0.07584830339321358,4,0.007984031936127744,0,0.0,8,0.015968063872255488,0,0.0,22,0.043912175648702596,501,1.0,ORIGEN,SECCION,SOLO_COALICIONES
359,26,SONORA,CAJEME,,17,890,1075,437,0.40651162790697676,0.5934883720930233,PT_PVEM_MORENA_NAS,255,0.5835240274599542,146,0.3340961098398169,PAN_PRI_PRD,109,0.2494279176201373,58,0.13272311212814644,MC,51,0.11670480549199085,PT_PVEM_MORENA_NAS,255,0.5835240274599542,146,0.3340961098398169,PAN_PRI_PRD,109,0.2494279176201373,58,0.13272311212814644,MC,51,0.11670480549199085,109,0.2494279176201373,255,0.5835240274599542,51,0.11670480549199085,6,0.013729977116704805,2,0.004576659038901602,6,0.013729977116704805,0,0.0,8,0.018306636155606407,437,1.0,ORIGEN,SECCION,SOLO_COALICIONES
360,26,SONORA,CAJEME,,17,891,698,322,0.46131805157593125,0.5386819484240688,PT_PVEM_MORENA_NAS,193,0.5993788819875776,127,0.3944099378881988,PAN_PRI_PRD,66,0.20496894409937888,39,0.12111801242236025,MC,27,0.08385093167701864,PT_PVEM_MORENA_NAS,193,0.5993788819875776,127,0.3944099378881988,PAN_PRI_PRD,66,0.20496894409937888,39,0.12111801242236025,MC,27,0.08385093167701864,66,0.20496894409937888,193,0.5993788819875776,27,0.08385093167701864,9,0.027950310559006212,1,0.003105590062111801,8,0.024844720496894408,0,0.0,18,0.055900621118012424,322,1.0,ORIGEN,SECCION,SOLO_COALICIONES
361,26,SONORA,CAJEME,,17,892,776,353,0.45489690721649484,0.5451030927835052,PT_PVEM_MORENA_NAS,253,0.71671388101983,200,0.56657223796034,PAN_PRI_PRD,53,0.1501416430594901,23,0.06515580736543909,MC,30,0.08498583569405099,PT_PVEM_MORENA_NAS,253,0.71671388101983,200,0.56657223796034,PAN_PRI_PRD,53,0.1501416430594901,23,0.06515580736543909,MC,30,0.08498583569405099,53,0.1501416430594901,253,0.71671388101983,30,0.08498583569405099,3,0.0084985835694051,2,0.0056657223796034,9,0.025495750708215296,0,0.0,3,0.0084985835694051,353,1.0,ORIGEN,SECCION,SOLO_COALICIONES
362,26,SONORA,CAJEME,,17,893,688,249,0.36191860465116277,0.6380813953488372,PT_PVEM_MORENA_NAS,147,0.5903614457831325,78,0.3132530120481928,PAN_PRI_PRD,69,0.27710843373493976,51,0.20481927710843373,MC,18,0.07228915662650602,PT_PVEM_MORENA_NAS,147,0.5903614457831325,78,0.3132530120481928,PAN_PRI_PRD,69,0.27710843373493976,51,0.20481927710843373,MC,18,0.07228915662650602,69,0.27710843373493976,147,0.5903614457831325,18,0.07228915662650602,4,0.01606425702811245,2,0.008032128514056224,2,0.008032128514056224,0,0.0,7,0.028112449799196786,249,1.0,ORIGEN,SECCION,SOLO_COALICIONES
363,26,SONORA,CAJEME,,17,900,699,329,0.47067238912732473,0.5293276108726752,PT_PVEM_MORENA_NAS,215,0.6534954407294833,140,0.425531914893617,PAN_PRI_PRD,75,0.22796352583586627,60,0.182370820668693,MC,15,0.04559270516717325,PT_PVEM_MORENA_NAS,215,0.6534954407294833,140,0.425531914893617,PAN_PRI_PRD,75,0.22796352583586627,60,0.182370820668693,MC,15,0.04559270516717325,75,0.22796352583586627,215,0.6534954407294833,15,0.04559270516717325,5,0.015197568389057751,1,0.00303951367781155,11,0.03343465045592705,0,0.0,7,0.02127659574468085,329,1.0,ORIGEN,SECCION,SOLO_COALICIONES
364,26,SONORA,CAJEME,,17,901,5449,2332,0.4279684345751514,0.5720315654248487,PT_PVEM_MORENA_NAS,1112,0.47684391080617494,702,0.30102915951972553,PAN_PRI_PRD,410,0.1758147512864494,225,0.09648370497427101,MC,185,0.07933104631217838,PT_PVEM_MORENA_NAS,1112,0.47684391080617494,702,0.30102915951972553,PAN_PRI_PRD,410,0.1758147512864494,225,0.09648370497427101,MC,185,0.07933104631217838,410,0.1758147512864494,1112,0.47684391080617494,185,0.07933104631217838,25,0.01072041166380789,9,0.0038593481989708405,40,0.017152658662092625,4,0.0017152658662092624,547,0.23456260720411665,2332,1.0,ORIGEN,SECCION,SOLO_COALICIONES
365,26,SONORA,CAJEME,,17,906,1647,596,0.3618700667880996,0.6381299332119004,PT_PVEM_MORENA_NAS,387,0.6493288590604027,281,0.4714765100671141,PAN_PRI_PRD,106,0.17785234899328858,44,0.0738255033557047,MC,62,0.1040268456375839,PT_PVEM_MORENA_NAS,387,0.6493288590604027,281,0.4714765100671141,PAN_PRI_PRD,106,0.17785234899328858,44,0.0738255033557047,MC,62,0.1040268456375839,106,0.17785234899328858,387,0.6493288590604027,62,0.1040268456375839,7,0.01174496644295302,5,0.008389261744966443,13,0.02181208053691275,1,0.0016778523489932886,15,0.025167785234899327,596,1.0,ORIGEN,SECCION,SOLO_COALICIONES
366,26,SONORA,CAJEME,,17,907,2471,1193,0.4828004856333468,0.5171995143666532,PT_PVEM_MORENA_NAS,584,0.4895222129086337,130,0.10896898575020955,PAN_PRI_PRD,454,0.38055322715842416,376,0.31517183570829843,MC,78,0.06538139145012574,PT_PVEM_MORENA_NAS,584,0.4895222129086337,130,0.10896898575020955,PAN_PRI_PRD,454,0.38055322715842416,376,0.31517183570829843,MC,78,0.06538139145012574,454,0.38055322715842416,584,0.4895222129086337,78,0.06538139145012574,13,0.010896898575020955,2,0.0016764459346186086,27,0.022632020117351215,0,0.0,35,0.02933780385582565,1193,1.0,ORIGEN,SECCION,SOLO_COALICIONES
367,26,SONORA,CAJEME,,17,908,1999,712,0.35617808904452225,0.6438219109554777,PT_PVEM_MORENA_NAS,436,0.6123595505617978,262,0.36797752808988765,PAN_PRI_PRD,174,0.2443820224719101,111,0.15589887640449437,MC,63,0.08848314606741572,PT_PVEM_MORENA_NAS,436,0.6123595505617978,262,0.36797752808988765,PAN_PRI_PRD,174,0.2443820224719101,111,0.15589887640449437,MC,63,0.08848314606741572,174,0.2443820224719101,436,0.6123595505617978,63,0.08848314606741572,7,0.009831460674157303,3,0.004213483146067416,15,0.021067415730337078,0,0.0,14,0.019662921348314606,712,1.0,ORIGEN,SECCION,SOLO_COALICIONES
368,26,SONORA,CAJEME,,17,909,1942,800,0.411946446961895,0.588053553038105,PT_PVEM_MORENA_NAS,462,0.5775,253,0.31625,PAN_PRI_PRD,209,0.26125,131,0.16375,MC,78,0.0975,PT_PVEM_MORENA_NAS,462,0.5775,253,0.31625,PAN_PRI_PRD,209,0.26125,131,0.16375,MC,78,0.0975,209,0.26125,462,0.5775,78,0.0975,6,0.0075,3,0.00375,23,0.02875,0,0.0,19,0.02375,800,1.0,ORIGEN,SECCION,SOLO_COALICIONES
369,26,SONORA,CAJEME,,17,910,4269,1384,0.32419770438041695,0.675802295619583,PT_PVEM_MORENA_NAS,825,0.5960982658959537,495,0.35765895953757226,PAN_PRI_PRD,330,0.2384393063583815,193,0.13945086705202311,MC,137,0.09898843930635838,PT_PVEM_MORENA_NAS,825,0.5960982658959537,495,0.35765895953757226,PAN_PRI_PRD,330,0.2384393063583815,193,0.13945086705202311,MC,137,0.09898843930635838,330,0.2384393063583815,825,0.5960982658959537,137,0.09898843930635838,22,0.015895953757225433,9,0.006502890173410405,39,0.028179190751445087,0,0.0,22,0.015895953757225433,1384,1.0,ORIGEN,SECCION,SOLO_COALICIONES
370,26,SONORA,CAJEME,,17,913,1054,416,0.3946869070208729,0.605313092979127,PT_PVEM_MORENA_NAS,277,0.6658653846153846,182,0.4375,PAN_PRI_PRD,95,0.2283653846153846,70,0.16826923076923078,MC,25,0.06009615384615385,PT_PVEM_MORENA_NAS,277,0.6658653846153846,182,0.4375,PAN_PRI_PRD,95,0.2283653846153846,70,0.16826923076923078,MC,25,0.06009615384615385,95,0.2283653846153846,277,0.6658653846153846,25,0.06009615384615385,2,0.004807692307692308,0,0.0,8,0.019230769230769232,1,0.002403846153846154,8,0.019230769230769232,416,1.0,ORIGEN,SECCION,SOLO_COALICIONES
371,26,SONORA,CAJEME,,17,914,935,332,0.35508021390374334,0.6449197860962567,PT_PVEM_MORENA_NAS,213,0.641566265060241,147,0.4427710843373494,PAN_PRI_PRD,66,0.19879518072289157,40,0.12048192771084337,MC,26,0.0783132530120482,PT_PVEM_MORENA_NAS,213,0.641566265060241,147,0.4427710843373494,PAN_PRI_PRD,66,0.19879518072289157,40,0.12048192771084337,MC,26,0.0783132530120482,66,0.19879518072289157,213,0.641566265060241,26,0.0783132530120482,2,0.006024096385542169,3,0.009036144578313253,14,0.04216867469879518,0,0.0,8,0.024096385542168676,332,1.0,ORIGEN,SECCION,SOLO_COALICIONES
372,26,SONORA,CAJEME,,17,918,693,254,0.3665223665223665,0.6334776334776335,PT_PVEM_MORENA_NAS,150,0.5905511811023622,85,0.3346456692913386,PAN_PRI_PRD,65,0.2559055118110236,40,0.15748031496062992,MC,25,0.0984251968503937,PT_PVEM_MORENA_NAS,150,0.5905511811023622,85,0.3346456692913386,PAN_PRI_PRD,65,0.2559055118110236,40,0.15748031496062992,MC,25,0.0984251968503937,65,0.2559055118110236,150,0.5905511811023622,25,0.0984251968503937,4,0.015748031496062992,3,0.011811023622047244,4,0.015748031496062992,0,0.0,3,0.011811023622047244,254,1.0,ORIGEN,SECCION,SOLO_COALICIONES
373,26,SONORA,CAJEME,,17,919,2469,797,0.32280275415147835,0.6771972458485216,PT_PVEM_MORENA_NAS,496,0.6223337515683814,347,0.4353826850690088,PAN_PRI_PRD,149,0.18695106649937265,59,0.0740276035131744,MC,90,0.11292346298619825,PT_PVEM_MORENA_NAS,496,0.6223337515683814,347,0.4353826850690088,PAN_PRI_PRD,149,0.18695106649937265,59,0.0740276035131744,MC,90,0.11292346298619825,149,0.18695106649937265,496,0.6223337515683814,90,0.11292346298619825,10,0.012547051442910916,6,0.0075282308657465494,17,0.02132998745294856,5,0.006273525721455458,24,0.030112923462986198,797,1.0,ORIGEN,SECCION,SOLO_COALICIONES
374,26,SONORA,CAJEME,,17,920,2334,645,0.2763496143958869,0.7236503856041131,PT_PVEM_MORENA_NAS,412,0.6387596899224807,282,0.4372093023255814,PAN_PRI_PRD,130,0.20155038759689922,84,0.13023255813953488,MC,46,0.07131782945736434,PT_PVEM_MORENA_NAS,412,0.6387596899224807,282,0.4372093023255814,PAN_PRI_PRD,130,0.20155038759689922,84,0.13023255813953488,MC,46,0.07131782945736434,130,0.20155038759689922,412,0.6387596899224807,46,0.07131782945736434,7,0.010852713178294573,11,0.017054263565891473,15,0.023255813953488372,0,0.0,24,0.037209302325581395,645,1.0,ORIGEN,SECCION,SOLO_COALICIONES
375,26,SONORA,CAJEME,,17,921,1036,345,0.333011583011583,0.666988416988417,PT_PVEM_MORENA_NAS,225,0.6521739130434783,172,0.4985507246376812,PAN_PRI_PRD,53,0.1536231884057971,23,0.06666666666666667,MC,30,0.08695652173913043,PT_PVEM_MORENA_NAS,225,0.6521739130434783,172,0.4985507246376812,PAN_PRI_PRD,53,0.1536231884057971,23,0.06666666666666667,MC,30,0.08695652173913043,53,0.1536231884057971,225,0.6521739130434783,30,0.08695652173913043,8,0.02318840579710145,6,0.017391304347826087,12,0.034782608695652174,0,0.0,11,0.03188405797101449,345,1.0,ORIGEN,SECCION,SOLO_COALICIONES
376,26,SONORA,CAJEME,,17,922,1166,557,0.4777015437392796,0.5222984562607205,PT_PVEM_MORENA_NAS,306,0.5493716337522442,141,0.25314183123877915,PAN_PRI_PRD,165,0.296229802513465,110,0.19748653500897667,MC,55,0.09874326750448834,PT_PVEM_MORENA_NAS,306,0.5493716337522442,141,0.25314183123877915,PAN_PRI_PRD,165,0.296229802513465,110,0.19748653500897667,MC,55,0.09874326750448834,165,0.296229802513465,306,0.5493716337522442,55,0.09874326750448834,8,0.01436265709156194,3,0.005385996409335727,10,0.017953321364452424,2,0.003590664272890485,8,0.01436265709156194,557,1.0,ORIGEN,SECCION,SOLO_COALICIONES
377,26,SONORA,CAJEME,,17,926,900,405,0.45,0.55,PT_PVEM_MORENA_NAS,256,0.6320987654320988,173,0.4271604938271605,PAN_PRI_PRD,83,0.20493827160493827,43,0.10617283950617284,MC,40,0.09876543209876543,PT_PVEM_MORENA_NAS,256,0.6320987654320988,173,0.4271604938271605,PAN_PRI_PRD,83,0.20493827160493827,43,0.10617283950617284,MC,40,0.09876543209876543,83,0.20493827160493827,256,0.6320987654320988,40,0.09876543209876543,6,0.014814814814814815,2,0.0049382716049382715,7,0.01728395061728395,0,0.0,11,0.027160493827160494,405,1.0,ORIGEN,SECCION,SOLO_COALICIONES
378,26,SONORA,CAJEME,,17,927,861,330,0.3832752613240418,0.6167247386759582,PT_PVEM_MORENA_NAS,219,0.6636363636363637,167,0.5060606060606061,PAN_PRI_PRD,52,0.15757575757575756,23,0.0696969696969697,MC,29,0.08787878787878788,PT_PVEM_MORENA_NAS,219,0.6636363636363637,167,0.5060606060606061,PAN_PRI_PRD,52,0.15757575757575756,23,0.0696969696969697,MC,29,0.08787878787878788,52,0.15757575757575756,219,0.6636363636363637,29,0.08787878787878788,10,0.030303030303030304,2,0.006060606060606061,8,0.024242424242424242,0,0.0,10,0.030303030303030304,330,1.0,ORIGEN,SECCION,SOLO_COALICIONES
379,26,SONORA,CAJEME,,17,928,1517,475,0.3131179960448253,0.6868820039551746,PT_PVEM_MORENA_NAS,322,0.6778947368421052,240,0.5052631578947369,PAN_PRI_PRD,82,0.1726315789473684,47,0.09894736842105263,MC,35,0.07368421052631578,PT_PVEM_MORENA_NAS,322,0.6778947368421052,240,0.5052631578947369,PAN_PRI_PRD,82,0.1726315789473684,47,0.09894736842105263,MC,35,0.07368421052631578,82,0.1726315789473684,322,0.6778947368421052,35,0.07368421052631578,7,0.014736842105263158,3,0.00631578947368421,13,0.02736842105263158,0,0.0,13,0.02736842105263158,475,1.0,ORIGEN,SECCION,SOLO_COALICIONES
380,26,SONORA,CAJEME,,17,956,11908,4581,0.3846993617735976,0.6153006382264024,PT_PVEM_MORENA_NAS,2201,0.480462781052172,422,0.09211962453612749,PAN_PRI_PRD,1779,0.3883431565160445,1413,0.30844793713163066,MC,366,0.07989521938441388,PT_PVEM_MORENA_NAS,2201,0.480462781052172,422,0.09211962453612749,PAN_PRI_PRD,1779,0.3883431565160445,1413,0.30844793713163066,MC,366,0.07989521938441388,1779,0.3883431565160445,2201,0.480462781052172,366,0.07989521938441388,42,0.0091683038637852,27,0.005893909626719057,89,0.019428072473259114,5,0.0010914647456887142,72,0.015717092337917484,4581,1.0,ORIGEN,SECCION,SOLO_COALICIONES
381,26,SONORA,CAJEME,,17,957,1181,468,0.39627434377646065,0.6037256562235394,PT_PVEM_MORENA_NAS,305,0.6517094017094017,201,0.42948717948717946,PAN_PRI_PRD,104,0.2222222222222222,73,0.15598290598290598,MC,31,0.06623931623931624,PT_PVEM_MORENA_NAS,305,0.6517094017094017,201,0.42948717948717946,PAN_PRI_PRD,104,0.2222222222222222,73,0.15598290598290598,MC,31,0.06623931623931624,104,0.2222222222222222,305,0.6517094017094017,31,0.06623931623931624,5,0.010683760683760684,0,0.0,9,0.019230769230769232,0,0.0,14,0.029914529914529916,468,1.0,ORIGEN,SECCION,SOLO_COALICIONES
382,26,SONORA,CAJEME,,17,958,1367,520,0.38039502560351135,0.6196049743964887,PT_PVEM_MORENA_NAS,302,0.5807692307692308,137,0.26346153846153847,PAN_PRI_PRD,165,0.3173076923076923,129,0.24807692307692308,MC,36,0.06923076923076923,PT_PVEM_MORENA_NAS,302,0.5807692307692308,137,0.26346153846153847,PAN_PRI_PRD,165,0.3173076923076923,129,0.24807692307692308,MC,36,0.06923076923076923,165,0.3173076923076923,302,0.5807692307692308,36,0.06923076923076923,4,0.007692307692307693,4,0.007692307692307693,2,0.0038461538461538464,0,0.0,7,0.013461538461538462,520,1.0,ORIGEN,SECCION,SOLO_COALICIONES
383,26,SONORA,CAJEME,,17,959,1091,489,0.44821264894592117,0.5517873510540788,PT_PVEM_MORENA_NAS,283,0.5787321063394683,132,0.26993865030674846,PAN_PRI_PRD,151,0.30879345603271985,126,0.25766871165644173,MC,25,0.05112474437627812,PT_PVEM_MORENA_NAS,283,0.5787321063394683,132,0.26993865030674846,PAN_PRI_PRD,151,0.30879345603271985,126,0.25766871165644173,MC,25,0.05112474437627812,151,0.30879345603271985,283,0.5787321063394683,25,0.05112474437627812,5,0.010224948875255624,3,0.006134969325153374,12,0.024539877300613498,0,0.0,10,0.02044989775051125,489,1.0,ORIGEN,SECCION,SOLO_COALICIONES
384,26,SONORA,CAJEME,,17,960,1154,527,0.45667244367417675,0.5433275563258233,PT_PVEM_MORENA_NAS,337,0.6394686907020873,228,0.43263757115749524,PAN_PRI_PRD,109,0.20683111954459202,75,0.14231499051233396,MC,34,0.06451612903225806,PT_PVEM_MORENA_NAS,337,0.6394686907020873,228,0.43263757115749524,PAN_PRI_PRD,109,0.20683111954459202,75,0.14231499051233396,MC,34,0.06451612903225806,109,0.20683111954459202,337,0.6394686907020873,34,0.06451612903225806,13,0.024667931688804556,5,0.009487666034155597,11,0.020872865275142316,0,0.0,18,0.03415559772296015,527,1.0,ORIGEN,SECCION,SOLO_COALICIONES
385,26,SONORA,CAJEME,,17,961,1122,488,0.43493761140819964,0.5650623885918004,PT_PVEM_MORENA_NAS,344,0.7049180327868853,253,0.5184426229508197,PAN_PRI_PRD,91,0.1864754098360656,69,0.1413934426229508,MC,22,0.045081967213114756,PT_PVEM_MORENA_NAS,344,0.7049180327868853,253,0.5184426229508197,PAN_PRI_PRD,91,0.1864754098360656,69,0.1413934426229508,MC,22,0.045081967213114756,91,0.1864754098360656,344,0.7049180327868853,22,0.045081967213114756,7,0.014344262295081968,3,0.006147540983606557,5,0.010245901639344262,0,0.0,16,0.03278688524590164,488,1.0,ORIGEN,SECCION,SOLO_COALICIONES
386,26,SONORA,CAJEME,,17,963,1072,414,0.38619402985074625,0.6138059701492538,PT_PVEM_MORENA_NAS,285,0.6884057971014492,211,0.5096618357487923,PAN_PRI_PRD,74,0.178743961352657,48,0.11594202898550725,MC,26,0.06280193236714976,PT_PVEM_MORENA_NAS,285,0.6884057971014492,211,0.5096618357487923,PAN_PRI_PRD,74,0.178743961352657,48,0.11594202898550725,MC,26,0.06280193236714976,74,0.178743961352657,285,0.6884057971014492,26,0.06280193236714976,4,0.00966183574879227,6,0.014492753623188406,7,0.016908212560386472,0,0.0,12,0.028985507246376812,414,1.0,ORIGEN,SECCION,SOLO_COALICIONES
387,26,SONORA,CAJEME,,17,964,1609,700,0.435052827843381,0.564947172156619,PT_PVEM_MORENA_NAS,404,0.5771428571428572,153,0.21857142857142858,PAN_PRI_PRD,251,0.3585714285714286,230,0.32857142857142857,MC,21,0.03,PT_PVEM_MORENA_NAS,404,0.5771428571428572,153,0.21857142857142858,PAN_PRI_PRD,251,0.3585714285714286,230,0.32857142857142857,MC,21,0.03,251,0.3585714285714286,404,0.5771428571428572,21,0.03,3,0.004285714285714286,2,0.002857142857142857,7,0.01,0,0.0,12,0.017142857142857144,700,1.0,ORIGEN,SECCION,SOLO_COALICIONES
388,26,SONORA,CAJEME,,17,965,880,404,0.4590909090909091,0.5409090909090909,PT_PVEM_MORENA_NAS,281,0.6955445544554455,194,0.4801980198019802,PAN_PRI_PRD,87,0.21534653465346534,63,0.15594059405940594,MC,24,0.0594059405940594,PT_PVEM_MORENA_NAS,281,0.6955445544554455,194,0.4801980198019802,PAN_PRI_PRD,87,0.21534653465346534,63,0.15594059405940594,MC,24,0.0594059405940594,87,0.21534653465346534,281,0.6955445544554455,24,0.0594059405940594,1,0.0024752475247524753,0,0.0,2,0.0049504950495049506,0,0.0,9,0.022277227722772276,404,1.0,ORIGEN,SECCION,SOLO_COALICIONES
389,26,SONORA,CANANEA,,7,70,1258,517,0.4109697933227345,0.5890302066772655,PT_PVEM_MORENA_NAS,258,0.4990328820116054,70,0.13539651837524178,PAN_PRI_PRD,188,0.36363636363636365,171,0.3307543520309478,MC,17,0.03288201160541586,PT_PVEM_MORENA_NAS,258,0.4990328820116054,70,0.13539651837524178,PAN_PRI_PRD,188,0.36363636363636365,171,0.3307543520309478,MC,17,0.03288201160541586,188,0.36363636363636365,258,0.4990328820116054,17,0.03288201160541586,13,0.025145067698259187,1,0.0019342359767891683,10,0.019342359767891684,1,0.0019342359767891683,29,0.05609284332688588,517,1.0,ORIGEN,SECCION,SOLO_COALICIONES
390,26,SONORA,CANANEA,,7,71,1398,579,0.41416309012875535,0.5858369098712446,PT_PVEM_MORENA_NAS,285,0.49222797927461137,53,0.09153713298791019,PAN_PRI_PRD,232,0.4006908462867012,212,0.36614853195164077,MC,20,0.03454231433506045,PT_PVEM_MORENA_NAS,285,0.49222797927461137,53,0.09153713298791019,PAN_PRI_PRD,232,0.4006908462867012,212,0.36614853195164077,MC,20,0.03454231433506045,232,0.4006908462867012,285,0.49222797927461137,20,0.03454231433506045,14,0.024179620034542316,1,0.0017271157167530224,7,0.012089810017271158,0,0.0,20,0.03454231433506045,579,1.0,ORIGEN,SECCION,SOLO_COALICIONES
391,26,SONORA,CANANEA,,7,72,1538,623,0.40507152145643693,0.5949284785435631,PT_PVEM_MORENA_NAS,276,0.44301765650080255,7,0.011235955056179775,PAN_PRI_PRD,269,0.4317817014446228,238,0.38202247191011235,MC,31,0.04975922953451043,PT_PVEM_MORENA_NAS,276,0.44301765650080255,7,0.011235955056179775,PAN_PRI_PRD,269,0.4317817014446228,238,0.38202247191011235,MC,31,0.04975922953451043,269,0.4317817014446228,276,0.44301765650080255,31,0.04975922953451043,22,0.03531300160513644,4,0.006420545746388443,7,0.011235955056179775,1,0.0016051364365971107,13,0.02086677367576244,623,1.0,ORIGEN,SECCION,SOLO_COALICIONES
392,26,SONORA,CANANEA,,7,73,2533,1032,0.4074220292143703,0.5925779707856297,PT_PVEM_MORENA_NAS,509,0.4932170542635659,117,0.11337209302325581,PAN_PRI_PRD,392,0.3798449612403101,345,0.33430232558139533,MC,47,0.045542635658914726,PT_PVEM_MORENA_NAS,509,0.4932170542635659,117,0.11337209302325581,PAN_PRI_PRD,392,0.3798449612403101,345,0.33430232558139533,MC,47,0.045542635658914726,392,0.3798449612403101,509,0.4932170542635659,47,0.045542635658914726,32,0.031007751937984496,7,0.006782945736434108,15,0.014534883720930232,0,0.0,30,0.029069767441860465,1032,1.0,ORIGEN,SECCION,SOLO_COALICIONES
393,26,SONORA,CANANEA,,7,74,1928,799,0.4144190871369295,0.5855809128630705,PT_PVEM_MORENA_NAS,405,0.5068836045056321,111,0.13892365456821026,PAN_PRI_PRD,294,0.36795994993742176,265,0.3316645807259074,MC,29,0.03629536921151439,PT_PVEM_MORENA_NAS,405,0.5068836045056321,111,0.13892365456821026,PAN_PRI_PRD,294,0.36795994993742176,265,0.3316645807259074,MC,29,0.03629536921151439,294,0.36795994993742176,405,0.5068836045056321,29,0.03629536921151439,29,0.03629536921151439,5,0.006257822277847309,13,0.016270337922403004,0,0.0,24,0.030037546933667083,799,1.0,ORIGEN,SECCION,SOLO_COALICIONES
394,26,SONORA,CANANEA,,7,75,7775,2896,0.372475884244373,0.627524115755627,PT_PVEM_MORENA_NAS,1314,0.4537292817679558,27,0.009323204419889503,PAN_PRI_PRD,1287,0.4444060773480663,1185,0.40918508287292815,MC,102,0.03522099447513812,PT_PVEM_MORENA_NAS,1314,0.4537292817679558,27,0.009323204419889503,PAN_PRI_PRD,1287,0.4444060773480663,1185,0.40918508287292815,MC,102,0.03522099447513812,1287,0.4444060773480663,1314,0.4537292817679558,102,0.03522099447513812,56,0.019337016574585635,23,0.007941988950276244,37,0.012776243093922652,0,0.0,77,0.02658839779005525,2896,1.0,ORIGEN,SECCION,SOLO_COALICIONES
395,26,SONORA,CANANEA,,7,76,915,453,0.49508196721311476,0.5049180327868852,PAN_PRI_PRD,227,0.5011037527593819,36,0.07947019867549669,PT_PVEM_MORENA_NAS,191,0.4216335540838852,175,0.38631346578366443,MC,16,0.03532008830022075,PAN_PRI_PRD,227,0.5011037527593819,36,0.07947019867549669,PT_PVEM_MORENA_NAS,191,0.4216335540838852,175,0.38631346578366443,MC,16,0.03532008830022075,227,0.5011037527593819,191,0.4216335540838852,16,0.03532008830022075,7,0.01545253863134658,0,0.0,4,0.008830022075055188,0,0.0,8,0.017660044150110375,453,1.0,ORIGEN,SECCION,SOLO_COALICIONES
396,26,SONORA,CANANEA,,7,77,836,342,0.4090909090909091,0.5909090909090908,PT_PVEM_MORENA_NAS,170,0.49707602339181284,25,0.07309941520467836,PAN_PRI_PRD,145,0.4239766081871345,130,0.38011695906432746,MC,15,0.043859649122807015,PT_PVEM_MORENA_NAS,170,0.49707602339181284,25,0.07309941520467836,PAN_PRI_PRD,145,0.4239766081871345,130,0.38011695906432746,MC,15,0.043859649122807015,145,0.4239766081871345,170,0.49707602339181284,15,0.043859649122807015,4,0.011695906432748537,3,0.008771929824561403,3,0.008771929824561403,0,0.0,2,0.005847953216374269,342,1.0,ORIGEN,SECCION,SOLO_COALICIONES
397,26,SONORA,CANANEA,,7,78,900,398,0.44222222222222224,0.5577777777777777,PT_PVEM_MORENA_NAS,220,0.5527638190954773,85,0.2135678391959799,PAN_PRI_PRD,135,0.3391959798994975,120,0.3015075376884422,MC,15,0.03768844221105527,PT_PVEM_MORENA_NAS,220,0.5527638190954773,85,0.2135678391959799,PAN_PRI_PRD,135,0.3391959798994975,120,0.3015075376884422,MC,15,0.03768844221105527,135,0.3391959798994975,220,0.5527638190954773,15,0.03768844221105527,5,0.01256281407035176,6,0.01507537688442211,3,0.007537688442211055,0,0.0,14,0.035175879396984924,398,1.0,ORIGEN,SECCION,SOLO_COALICIONES
398,26,SONORA,CANANEA,,7,79,803,403,0.50186799501868,0.49813200498132004,PT_PVEM_MORENA_NAS,214,0.5310173697270472,69,0.17121588089330025,PAN_PRI_PRD,145,0.3598014888337469,132,0.32754342431761785,MC,13,0.03225806451612903,PT_PVEM_MORENA_NAS,214,0.5310173697270472,69,0.17121588089330025,PAN_PRI_PRD,145,0.3598014888337469,132,0.32754342431761785,MC,13,0.03225806451612903,145,0.3598014888337469,214,0.5310173697270472,13,0.03225806451612903,7,0.017369727047146403,5,0.01240694789081886,6,0.01488833746898263,0,0.0,13,0.03225806451612903,403,1.0,ORIGEN,SECCION,SOLO_COALICIONES
399,26,SONORA,CANANEA,,7,80,744,318,0.4274193548387097,0.5725806451612903,PT_PVEM_MORENA_NAS,159,0.5,27,0.08490566037735849,PAN_PRI_PRD,132,0.41509433962264153,123,0.3867924528301887,MC,9,0.02830188679245283,PT_PVEM_MORENA_NAS,159,0.5,27,0.08490566037735849,PAN_PRI_PRD,132,0.41509433962264153,123,0.3867924528301887,MC,9,0.02830188679245283,132,0.41509433962264153,159,0.5,9,0.02830188679245283,5,0.015723270440251572,1,0.0031446540880503146,3,0.009433962264150943,0,0.0,9,0.02830188679245283,318,1.0,ORIGEN,SECCION,SOLO_COALICIONES
400,26,SONORA,CANANEA,,7,81,702,355,0.5056980056980057,0.4943019943019943,PAN_PRI_PRD,185,0.5211267605633803,43,0.12112676056338029,PT_PVEM_MORENA_NAS,142,0.4,132,0.37183098591549296,MC,10,0.028169014084507043,PAN_PRI_PRD,185,0.5211267605633803,43,0.12112676056338029,PT_PVEM_MORENA_NAS,142,0.4,132,0.37183098591549296,MC,10,0.028169014084507043,185,0.5211267605633803,142,0.4,10,0.028169014084507043,2,0.005633802816901409,0,0.0,9,0.02535211267605634,0,0.0,7,0.01971830985915493,355,1.0,ORIGEN,SECCION,SOLO_COALICIONES
401,26,SONORA,CANANEA,,7,82,1534,695,0.4530638852672751,0.546936114732725,PAN_PRI_PRD,323,0.46474820143884893,22,0.031654676258992806,PT_PVEM_MORENA_NAS,301,0.4330935251798561,279,0.4014388489208633,MC,22,0.031654676258992806,PAN_PRI_PRD,323,0.46474820143884893,22,0.031654676258992806,PT_PVEM_MORENA_NAS,301,0.4330935251798561,279,0.4014388489208633,MC,22,0.031654676258992806,323,0.46474820143884893,301,0.4330935251798561,22,0.031654676258992806,10,0.014388489208633094,8,0.011510791366906475,7,0.010071942446043165,0,0.0,24,0.034532374100719423,695,1.0,ORIGEN,SECCION,SOLO_COALICIONES
402,26,SONORA,CANANEA,,7,83,3321,1449,0.4363143631436314,0.5636856368563685,PT_PVEM_MORENA_NAS,659,0.45479641131815046,21,0.014492753623188406,PAN_PRI_PRD,638,0.44030365769496205,579,0.3995859213250518,MC,59,0.04071773636991028,PT_PVEM_MORENA_NAS,659,0.45479641131815046,21,0.014492753623188406,PAN_PRI_PRD,638,0.44030365769496205,579,0.3995859213250518,MC,59,0.04071773636991028,638,0.44030365769496205,659,0.45479641131815046,59,0.04071773636991028,25,0.01725327812284334,12,0.008281573498964804,27,0.018633540372670808,1,0.0006901311249137336,28,0.01932367149758454,1449,1.0,ORIGEN,SECCION,SOLO_COALICIONES
403,26,SONORA,CANANEA,,7,84,1525,613,0.4019672131147541,0.598032786885246,PT_PVEM_MORENA_NAS,284,0.4632952691680261,22,0.03588907014681892,PAN_PRI_PRD,262,0.4274061990212072,243,0.3964110929853181,PES,19,0.03099510603588907,PT_PVEM_MORENA_NAS,284,0.4632952691680261,22,0.03588907014681892,PAN_PRI_PRD,262,0.4274061990212072,243,0.3964110929853181,PES,19,0.03099510603588907,262,0.4274061990212072,284,0.4632952691680261,15,0.024469820554649267,19,0.03099510603588907,3,0.004893964110929853,10,0.01631321370309951,0,0.0,20,0.03262642740619902,613,1.0,ORIGEN,SECCION,SOLO_COALICIONES
404,26,SONORA,CANANEA,,7,85,627,322,0.5135566188197768,0.48644338118022323,PT_PVEM_MORENA_NAS,150,0.4658385093167702,5,0.015527950310559006,PAN_PRI_PRD,145,0.4503105590062112,136,0.422360248447205,MC,9,0.027950310559006212,PT_PVEM_MORENA_NAS,150,0.4658385093167702,5,0.015527950310559006,PAN_PRI_PRD,145,0.4503105590062112,136,0.422360248447205,MC,9,0.027950310559006212,145,0.4503105590062112,150,0.4658385093167702,9,0.027950310559006212,6,0.018633540372670808,4,0.012422360248447204,1,0.003105590062111801,0,0.0,7,0.021739130434782608,322,1.0,ORIGEN,SECCION,SOLO_COALICIONES
405,26,SONORA,CANANEA,,7,86,323,143,0.44272445820433437,0.5572755417956656,PT_PVEM_MORENA_NAS,81,0.5664335664335665,33,0.23076923076923078,PAN_PRI_PRD,48,0.3356643356643357,44,0.3076923076923077,PES,4,0.027972027972027972,PT_PVEM_MORENA_NAS,81,0.5664335664335665,33,0.23076923076923078,PAN_PRI_PRD,48,0.3356643356643357,44,0.3076923076923077,PES,4,0.027972027972027972,48,0.3356643356643357,81,0.5664335664335665,1,0.006993006993006993,4,0.027972027972027972,2,0.013986013986013986,3,0.02097902097902098,0,0.0,4,0.027972027972027972,143,1.0,ORIGEN,SECCION,SOLO_COALICIONES
406,26,SONORA,CANANEA,,7,87,214,128,0.5981308411214953,0.4018691588785047,PAN_PRI_PRD,60,0.46875,11,0.0859375,PT_PVEM_MORENA_NAS,49,0.3828125,43,0.3359375,MC,6,0.046875,PAN_PRI_PRD,60,0.46875,11,0.0859375,PT_PVEM_MORENA_NAS,49,0.3828125,43,0.3359375,MC,6,0.046875,60,0.46875,49,0.3828125,6,0.046875,3,0.0234375,0,0.0,4,0.03125,0,0.0,6,0.046875,128,1.0,ORIGEN,SECCION,SOLO_COALICIONES
407,26,SONORA,CANANEA,,7,88,552,217,0.39311594202898553,0.6068840579710144,PT_PVEM_MORENA_NAS,113,0.5207373271889401,47,0.21658986175115208,PAN_PRI_PRD,66,0.30414746543778803,52,0.23963133640552994,MC,14,0.06451612903225806,PT_PVEM_MORENA_NAS,113,0.5207373271889401,47,0.21658986175115208,PAN_PRI_PRD,66,0.30414746543778803,52,0.23963133640552994,MC,14,0.06451612903225806,66,0.30414746543778803,113,0.5207373271889401,14,0.06451612903225806,9,0.041474654377880185,1,0.004608294930875576,2,0.009216589861751152,0,0.0,12,0.055299539170506916,217,1.0,ORIGEN,SECCION,SOLO_COALICIONES
408,26,SONORA,CARBO,,18,329,2603,1493,0.5735689588935843,0.4264310411064157,PT_PVEM_MORENA_NAS,945,0.6329537843268587,573,0.38379102478231747,PAN_PRI_PRD,372,0.2491627595445412,337,0.22572002679169456,MC,35,0.02344273275284662,PT_PVEM_MORENA_NAS,945,0.6329537843268587,573,0.38379102478231747,PAN_PRI_PRD,372,0.2491627595445412,337,0.22572002679169456,MC,35,0.02344273275284662,372,0.2491627595445412,945,0.6329537843268587,35,0.02344273275284662,26,0.017414601473543203,17,0.011386470194239785,8,0.0053583389149363695,0,0.0,90,0.06028131279303416,1493,1.0,ORIGEN,SECCION,SOLO_COALICIONES
409,26,SONORA,CARBO,,18,330,1056,648,0.6136363636363636,0.38636363636363635,PT_PVEM_MORENA_NAS,391,0.6033950617283951,214,0.33024691358024694,PAN_PRI_PRD,177,0.27314814814814814,164,0.25308641975308643,PES,13,0.020061728395061727,PT_PVEM_MORENA_NAS,391,0.6033950617283951,214,0.33024691358024694,PAN_PRI_PRD,177,0.27314814814814814,164,0.25308641975308643,PES,13,0.020061728395061727,177,0.27314814814814814,391,0.6033950617283951,11,0.016975308641975308,13,0.020061728395061727,3,0.004629629629629629,5,0.007716049382716049,1,0.0015432098765432098,47,0.07253086419753087,648,1.0,ORIGEN,SECCION,SOLO_COALICIONES
410,26,SONORA,CUCURPE,,18,89,1014,661,0.6518737672583826,0.34812623274161736,PAN_PRI_PRD,265,0.4009077155824508,79,0.11951588502269289,PT_PVEM_MORENA_NAS,186,0.2813918305597579,161,0.24357034795763993,MC,25,0.037821482602118005,PAN_PRI_PRD,265,0.4009077155824508,79,0.11951588502269289,PT_PVEM_MORENA_NAS,186,0.2813918305597579,161,0.24357034795763993,MC,25,0.037821482602118005,265,0.4009077155824508,186,0.2813918305597579,25,0.037821482602118005,13,0.019667170953101363,17,0.025718608169440244,7,0.01059001512859304,25,0.037821482602118005,123,0.18608169440242056,661,1.0,ORIGEN,SECCION,SOLO_COALICIONES
411,26,SONORA,CUMPAS,,18,92,549,407,0.7413479052823315,0.2586520947176685,PT_PVEM_MORENA_NAS,186,0.457002457002457,13,0.03194103194103194,PAN_PRI_PRD,173,0.4250614250614251,155,0.3808353808353808,MC,18,0.044226044226044224,PT_PVEM_MORENA_NAS,186,0.457002457002457,13,0.03194103194103194,PAN_PRI_PRD,173,0.4250614250614251,155,0.3808353808353808,MC,18,0.044226044226044224,173,0.4250614250614251,186,0.457002457002457,18,0.044226044226044224,8,0.019656019656019656,1,0.002457002457002457,5,0.012285012285012284,0,0.0,16,0.03931203931203931,407,1.0,ORIGEN,SECCION,SOLO_COALICIONES
412,26,SONORA,CUMPAS,,18,93,983,707,0.7192268565615463,0.2807731434384537,PAN_PRI_PRD,328,0.4639321074964639,9,0.01272984441301273,PT_PVEM_MORENA_NAS,319,0.4512022630834512,295,0.41725601131541723,MC,24,0.033946251768033946,PAN_PRI_PRD,328,0.4639321074964639,9,0.01272984441301273,PT_PVEM_MORENA_NAS,319,0.4512022630834512,295,0.41725601131541723,MC,24,0.033946251768033946,328,0.4639321074964639,319,0.4512022630834512,24,0.033946251768033946,5,0.007072135785007072,6,0.008486562942008486,8,0.011315417256011316,0,0.0,17,0.024045261669024046,707,1.0,ORIGEN,SECCION,SOLO_COALICIONES
413,26,SONORA,CUMPAS,,18,94,1288,957,0.7430124223602484,0.25698757763975155,PT_PVEM_MORENA_NAS,482,0.5036572622779519,108,0.11285266457680251,PAN_PRI_PRD,374,0.39080459770114945,341,0.3563218390804598,MC,33,0.034482758620689655,PT_PVEM_MORENA_NAS,482,0.5036572622779519,108,0.11285266457680251,PAN_PRI_PRD,374,0.39080459770114945,341,0.3563218390804598,MC,33,0.034482758620689655,374,0.39080459770114945,482,0.5036572622779519,33,0.034482758620689655,21,0.0219435736677116,3,0.003134796238244514,9,0.009404388714733543,0,0.0,35,0.03657262277951933,957,1.0,ORIGEN,SECCION,SOLO_COALICIONES
414,26,SONORA,CUMPAS,,18,95,146,103,0.7054794520547946,0.29452054794520544,PT_PVEM_MORENA_NAS,59,0.5728155339805825,34,0.3300970873786408,PAN_PRI_PRD,25,0.24271844660194175,22,0.21359223300970873,PES,3,0.02912621359223301,PT_PVEM_MORENA_NAS,59,0.5728155339805825,34,0.3300970873786408,PAN_PRI_PRD,25,0.24271844660194175,22,0.21359223300970873,PES,3,0.02912621359223301,25,0.24271844660194175,59,0.5728155339805825,1,0.009708737864077669,3,0.02912621359223301,3,0.02912621359223301,0,0.0,0,0.0,12,0.11650485436893204,103,1.0,ORIGEN,SECCION,SOLO_COALICIONES
415,26,SONORA,CUMPAS,,18,96,930,626,0.6731182795698925,0.32688172043010755,PT_PVEM_MORENA_NAS,367,0.5862619808306709,207,0.3306709265175719,PAN_PRI_PRD,160,0.25559105431309903,127,0.20287539936102236,MC,33,0.052715654952076675,PT_PVEM_MORENA_NAS,367,0.5862619808306709,207,0.3306709265175719,PAN_PRI_PRD,160,0.25559105431309903,127,0.20287539936102236,MC,33,0.052715654952076675,160,0.25559105431309903,367,0.5862619808306709,33,0.052715654952076675,5,0.007987220447284345,2,0.003194888178913738,10,0.01597444089456869,0,0.0,49,0.07827476038338659,626,1.0,ORIGEN,SECCION,SOLO_COALICIONES
416,26,SONORA,CUMPAS,,18,97,602,460,0.7641196013289037,0.23588039867109634,PT_PVEM_MORENA_NAS,218,0.47391304347826085,50,0.10869565217391304,PAN_PRI_PRD,168,0.3652173913043478,160,0.34782608695652173,MC,8,0.017391304347826087,PT_PVEM_MORENA_NAS,218,0.47391304347826085,50,0.10869565217391304,PAN_PRI_PRD,168,0.3652173913043478,160,0.34782608695652173,MC,8,0.017391304347826087,168,0.3652173913043478,218,0.47391304347826085,8,0.017391304347826087,7,0.015217391304347827,6,0.013043478260869565,4,0.008695652173913044,0,0.0,49,0.10652173913043478,460,1.0,ORIGEN,SECCION,SOLO_COALICIONES
417,26,SONORA,CUMPAS,,18,98,375,252,0.672,0.32799999999999996,PT_PVEM_MORENA_NAS,149,0.5912698412698413,80,0.31746031746031744,PAN_PRI_PRD,69,0.27380952380952384,60,0.23809523809523808,MC,9,0.03571428571428571,PT_PVEM_MORENA_NAS,149,0.5912698412698413,80,0.31746031746031744,PAN_PRI_PRD,69,0.27380952380952384,60,0.23809523809523808,MC,9,0.03571428571428571,69,0.27380952380952384,149,0.5912698412698413,9,0.03571428571428571,4,0.015873015873015872,1,0.003968253968253968,3,0.011904761904761904,0,0.0,17,0.06746031746031746,252,1.0,ORIGEN,SECCION,SOLO_COALICIONES
418,26,SONORA,CUMPAS,,18,99,493,327,0.6632860040567952,0.33671399594320484,PT_PVEM_MORENA_NAS,193,0.5902140672782875,125,0.382262996941896,PAN_PRI_PRD,68,0.20795107033639143,48,0.14678899082568808,MC,20,0.06116207951070336,PT_PVEM_MORENA_NAS,193,0.5902140672782875,125,0.382262996941896,PAN_PRI_PRD,68,0.20795107033639143,48,0.14678899082568808,MC,20,0.06116207951070336,68,0.20795107033639143,193,0.5902140672782875,20,0.06116207951070336,8,0.024464831804281346,2,0.0061162079510703364,4,0.012232415902140673,0,0.0,32,0.09785932721712538,327,1.0,ORIGEN,SECCION,SOLO_COALICIONES
419,26,SONORA,DIVISADEROS,,18,100,1147,925,0.8064516129032258,0.19354838709677424,PAN_PRI_PRD,430,0.4648648648648649,70,0.07567567567567568,PT_PVEM_MORENA_NAS,360,0.3891891891891892,262,0.28324324324324324,MC,98,0.10594594594594595,PAN_PRI_PRD,430,0.4648648648648649,70,0.07567567567567568,PT_PVEM_MORENA_NAS,360,0.3891891891891892,262,0.28324324324324324,MC,98,0.10594594594594595,430,0.4648648648648649,360,0.3891891891891892,98,0.10594594594594595,6,0.006486486486486486,1,0.001081081081081081,0,0.0,0,0.0,30,0.032432432432432434,925,1.0,ORIGEN,SECCION,SOLO_COALICIONES
420,26,SONORA,EMPALME,,14,992,1329,684,0.5146726862302483,0.4853273137697517,PT_PVEM_MORENA_NAS,369,0.5394736842105263,178,0.260233918128655,PAN_PRI_PRD,191,0.27923976608187134,108,0.15789473684210525,MC,83,0.12134502923976608,PT_PVEM_MORENA_NAS,369,0.5394736842105263,178,0.260233918128655,PAN_PRI_PRD,191,0.27923976608187134,108,0.15789473684210525,MC,83,0.12134502923976608,191,0.27923976608187134,369,0.5394736842105263,83,0.12134502923976608,4,0.005847953216374269,8,0.011695906432748537,12,0.017543859649122806,0,0.0,17,0.024853801169590642,684,1.0,ORIGEN,SECCION,SOLO_COALICIONES
421,26,SONORA,EMPALME,,14,993,998,367,0.36773547094188375,0.6322645290581163,PT_PVEM_MORENA_NAS,241,0.6566757493188011,140,0.3814713896457766,PAN_PRI_PRD,101,0.27520435967302453,87,0.23705722070844687,FxM,14,0.03814713896457766,PT_PVEM_MORENA_NAS,241,0.6566757493188011,140,0.3814713896457766,PAN_PRI_PRD,101,0.27520435967302453,87,0.23705722070844687,FxM,14,0.03814713896457766,101,0.27520435967302453,241,0.6566757493188011,2,0.005449591280653951,2,0.005449591280653951,5,0.013623978201634877,14,0.03814713896457766,0,0.0,2,0.005449591280653951,367,1.0,ORIGEN,SECCION,SOLO_COALICIONES
422,26,SONORA,EMPALME,,14,994,1351,503,0.37231680236861586,0.6276831976313841,PT_PVEM_MORENA_NAS,321,0.6381709741550696,203,0.40357852882703776,PAN_PRI_PRD,118,0.2345924453280318,97,0.19284294234592445,MC,21,0.041749502982107355,PT_PVEM_MORENA_NAS,321,0.6381709741550696,203,0.40357852882703776,PAN_PRI_PRD,118,0.2345924453280318,97,0.19284294234592445,MC,21,0.041749502982107355,118,0.2345924453280318,321,0.6381709741550696,21,0.041749502982107355,7,0.013916500994035786,3,0.005964214711729622,21,0.041749502982107355,0,0.0,12,0.02385685884691849,503,1.0,ORIGEN,SECCION,SOLO_COALICIONES
423,26,SONORA,EMPALME,,14,995,1248,435,0.3485576923076923,0.6514423076923077,PT_PVEM_MORENA_NAS,307,0.7057471264367816,226,0.5195402298850574,PAN_PRI_PRD,81,0.18620689655172415,61,0.14022988505747128,FxM,20,0.04597701149425287,PT_PVEM_MORENA_NAS,307,0.7057471264367816,226,0.5195402298850574,PAN_PRI_PRD,81,0.18620689655172415,61,0.14022988505747128,FxM,20,0.04597701149425287,81,0.18620689655172415,307,0.7057471264367816,11,0.02528735632183908,4,0.009195402298850575,1,0.0022988505747126436,20,0.04597701149425287,0,0.0,11,0.02528735632183908,435,1.0,ORIGEN,SECCION,SOLO_COALICIONES
424,26,SONORA,EMPALME,,14,996,1422,531,0.37341772151898733,0.6265822784810127,PT_PVEM_MORENA_NAS,391,0.736346516007533,293,0.551789077212806,PAN_PRI_PRD,98,0.18455743879472694,81,0.15254237288135594,MC,17,0.032015065913371,PT_PVEM_MORENA_NAS,391,0.736346516007533,293,0.551789077212806,PAN_PRI_PRD,98,0.18455743879472694,81,0.15254237288135594,MC,17,0.032015065913371,98,0.18455743879472694,391,0.736346516007533,17,0.032015065913371,3,0.005649717514124294,5,0.009416195856873822,10,0.018832391713747645,0,0.0,7,0.013182674199623353,531,1.0,ORIGEN,SECCION,SOLO_COALICIONES
425,26,SONORA,EMPALME,,14,997,1047,397,0.37917860553963706,0.6208213944603629,PT_PVEM_MORENA_NAS,262,0.6599496221662469,185,0.4659949622166247,PAN_PRI_PRD,77,0.19395465994962216,60,0.15113350125944586,FxM,17,0.042821158690176324,PT_PVEM_MORENA_NAS,262,0.6599496221662469,185,0.4659949622166247,PAN_PRI_PRD,77,0.19395465994962216,60,0.15113350125944586,FxM,17,0.042821158690176324,77,0.19395465994962216,262,0.6599496221662469,15,0.037783375314861464,6,0.015113350125944584,14,0.03526448362720403,17,0.042821158690176324,1,0.0025188916876574307,5,0.012594458438287154,397,1.0,ORIGEN,SECCION,SOLO_COALICIONES
426,26,SONORA,EMPALME,,14,998,5229,1521,0.2908777969018933,0.7091222030981067,PT_PVEM_MORENA_NAS,1083,0.7120315581854043,826,0.5430637738330046,PAN_PRI_PRD,257,0.16896778435239973,172,0.11308349769888232,FxM,85,0.055884286653517426,PT_PVEM_MORENA_NAS,1083,0.7120315581854043,826,0.5430637738330046,PAN_PRI_PRD,257,0.16896778435239973,172,0.11308349769888232,FxM,85,0.055884286653517426,257,0.16896778435239973,1083,0.7120315581854043,45,0.029585798816568046,5,0.003287310979618672,16,0.01051939513477975,85,0.055884286653517426,1,0.0006574621959237344,29,0.0190664036817883,1521,1.0,ORIGEN,SECCION,SOLO_COALICIONES
427,26,SONORA,EMPALME,,14,999,3979,907,0.22794672028147775,0.7720532797185222,PT_PVEM_MORENA_NAS,635,0.7001102535832414,472,0.5203969128996693,PAN_PRI_PRD,163,0.17971334068357223,128,0.14112458654906285,FxM,35,0.03858875413450937,PT_PVEM_MORENA_NAS,635,0.7001102535832414,472,0.5203969128996693,PAN_PRI_PRD,163,0.17971334068357223,128,0.14112458654906285,FxM,35,0.03858875413450937,163,0.17971334068357223,635,0.7001102535832414,33,0.03638368246968027,14,0.015435501653803748,13,0.014332965821389196,35,0.03858875413450937,1,0.0011025358324145535,13,0.014332965821389196,907,1.0,ORIGEN,SECCION,SOLO_COALICIONES
428,26,SONORA,EMPALME,,14,1000,1740,855,0.49137931034482757,0.5086206896551724,PT_PVEM_MORENA_NAS,547,0.639766081871345,314,0.3672514619883041,PAN_PRI_PRD,233,0.27251461988304093,200,0.23391812865497075,MC,33,0.03859649122807018,PT_PVEM_MORENA_NAS,547,0.639766081871345,314,0.3672514619883041,PAN_PRI_PRD,233,0.27251461988304093,200,0.23391812865497075,MC,33,0.03859649122807018,233,0.27251461988304093,547,0.639766081871345,33,0.03859649122807018,5,0.005847953216374269,6,0.007017543859649123,20,0.023391812865497075,0,0.0,11,0.012865497076023392,855,1.0,ORIGEN,SECCION,SOLO_COALICIONES
429,26,SONORA,EMPALME,,14,1001,1138,531,0.46660808435852374,0.5333919156414763,PT_PVEM_MORENA_NAS,356,0.6704331450094162,234,0.4406779661016949,PAN_PRI_PRD,122,0.2297551789077213,99,0.1864406779661017,FxM,23,0.04331450094161959,PT_PVEM_MORENA_NAS,356,0.6704331450094162,234,0.4406779661016949,PAN_PRI_PRD,122,0.2297551789077213,99,0.1864406779661017,FxM,23,0.04331450094161959,122,0.2297551789077213,356,0.6704331450094162,12,0.022598870056497175,5,0.009416195856873822,4,0.007532956685499058,23,0.04331450094161959,0,0.0,9,0.01694915254237288,531,1.0,ORIGEN,SECCION,SOLO_COALICIONES
430,26,SONORA,EMPALME,,14,1002,835,396,0.474251497005988,0.525748502994012,PT_PVEM_MORENA_NAS,267,0.6742424242424242,176,0.4444444444444444,PAN_PRI_PRD,91,0.2297979797979798,74,0.18686868686868688,MC,17,0.04292929292929293,PT_PVEM_MORENA_NAS,267,0.6742424242424242,176,0.4444444444444444,PAN_PRI_PRD,91,0.2297979797979798,74,0.18686868686868688,MC,17,0.04292929292929293,91,0.2297979797979798,267,0.6742424242424242,17,0.04292929292929293,4,0.010101010101010102,2,0.005050505050505051,6,0.015151515151515152,0,0.0,9,0.022727272727272728,396,1.0,ORIGEN,SECCION,SOLO_COALICIONES
431,26,SONORA,EMPALME,,14,1003,1019,507,0.4975466143277723,0.5024533856722277,PT_PVEM_MORENA_NAS,329,0.6489151873767258,191,0.3767258382642998,PAN_PRI_PRD,138,0.27218934911242604,119,0.23471400394477318,FxM,19,0.03747534516765286,PT_PVEM_MORENA_NAS,329,0.6489151873767258,191,0.3767258382642998,PAN_PRI_PRD,138,0.27218934911242604,119,0.23471400394477318,FxM,19,0.03747534516765286,138,0.27218934911242604,329,0.6489151873767258,11,0.021696252465483234,1,0.0019723865877712033,5,0.009861932938856016,19,0.03747534516765286,0,0.0,4,0.007889546351084813,507,1.0,ORIGEN,SECCION,SOLO_COALICIONES
432,26,SONORA,EMPALME,,14,1004,1306,569,0.43568147013782543,0.5643185298621746,PT_PVEM_MORENA_NAS,369,0.648506151142355,245,0.4305799648506151,PAN_PRI_PRD,124,0.2179261862917399,92,0.1616871704745167,FxM,32,0.056239015817223195,PT_PVEM_MORENA_NAS,369,0.648506151142355,245,0.4305799648506151,PAN_PRI_PRD,124,0.2179261862917399,92,0.1616871704745167,FxM,32,0.056239015817223195,124,0.2179261862917399,369,0.648506151142355,19,0.033391915641476276,4,0.007029876977152899,5,0.008787346221441126,32,0.056239015817223195,0,0.0,16,0.028119507908611598,569,1.0,ORIGEN,SECCION,SOLO_COALICIONES
433,26,SONORA,EMPALME,,14,1005,573,152,0.26527050610820246,0.7347294938917975,PT_PVEM_MORENA_NAS,88,0.5789473684210527,60,0.39473684210526316,PAN_PRI_PRD,28,0.18421052631578946,20,0.13157894736842105,MC,8,0.05263157894736842,PT_PVEM_MORENA_NAS,88,0.5789473684210527,60,0.39473684210526316,PAN_PRI_PRD,28,0.18421052631578946,20,0.13157894736842105,MC,8,0.05263157894736842,28,0.18421052631578946,88,0.5789473684210527,8,0.05263157894736842,2,0.013157894736842105,5,0.03289473684210526,7,0.046052631578947366,0,0.0,14,0.09210526315789473,152,1.0,ORIGEN,SECCION,SOLO_COALICIONES
434,26,SONORA,EMPALME,,14,1006,1317,385,0.29233105542900534,0.7076689445709947,PT_PVEM_MORENA_NAS,251,0.6519480519480519,185,0.4805194805194805,PAN_PRI_PRD,66,0.17142857142857143,43,0.11168831168831168,FxM,23,0.05974025974025974,PT_PVEM_MORENA_NAS,251,0.6519480519480519,185,0.4805194805194805,PAN_PRI_PRD,66,0.17142857142857143,43,0.11168831168831168,FxM,23,0.05974025974025974,66,0.17142857142857143,251,0.6519480519480519,19,0.04935064935064935,6,0.015584415584415584,8,0.02077922077922078,23,0.05974025974025974,0,0.0,12,0.03116883116883117,385,1.0,ORIGEN,SECCION,SOLO_COALICIONES
435,26,SONORA,EMPALME,,14,1007,1117,517,0.4628469113697404,0.5371530886302596,PT_PVEM_MORENA_NAS,330,0.6382978723404256,194,0.37524177949709864,PAN_PRI_PRD,136,0.26305609284332687,108,0.20889748549323017,FxM,28,0.05415860735009671,PT_PVEM_MORENA_NAS,330,0.6382978723404256,194,0.37524177949709864,PAN_PRI_PRD,136,0.26305609284332687,108,0.20889748549323017,FxM,28,0.05415860735009671,136,0.26305609284332687,330,0.6382978723404256,10,0.019342359767891684,2,0.0038684719535783366,7,0.013539651837524178,28,0.05415860735009671,0,0.0,4,0.007736943907156673,517,1.0,ORIGEN,SECCION,SOLO_COALICIONES
436,26,SONORA,EMPALME,,14,1008,769,398,0.517555266579974,0.48244473342002603,PT_PVEM_MORENA_NAS,251,0.6306532663316583,132,0.3316582914572864,PAN_PRI_PRD,119,0.2989949748743719,105,0.2638190954773869,MC,14,0.035175879396984924,PT_PVEM_MORENA_NAS,251,0.6306532663316583,132,0.3316582914572864,PAN_PRI_PRD,119,0.2989949748743719,105,0.2638190954773869,MC,14,0.035175879396984924,119,0.2989949748743719,251,0.6306532663316583,14,0.035175879396984924,1,0.002512562814070352,3,0.007537688442211055,7,0.017587939698492462,0,0.0,3,0.007537688442211055,398,1.0,ORIGEN,SECCION,SOLO_COALICIONES
437,26,SONORA,EMPALME,,14,1009,852,427,0.5011737089201878,0.49882629107981225,PT_PVEM_MORENA_NAS,324,0.7587822014051522,257,0.6018735362997658,PAN_PRI_PRD,67,0.15690866510538642,53,0.12412177985948478,FxM,14,0.03278688524590164,PT_PVEM_MORENA_NAS,324,0.7587822014051522,257,0.6018735362997658,PAN_PRI_PRD,67,0.15690866510538642,53,0.12412177985948478,FxM,14,0.03278688524590164,67,0.15690866510538642,324,0.7587822014051522,13,0.03044496487119438,2,0.00468384074941452,2,0.00468384074941452,14,0.03278688524590164,0,0.0,5,0.0117096018735363,427,1.0,ORIGEN,SECCION,SOLO_COALICIONES
438,26,SONORA,EMPALME,,14,1010,992,502,0.5060483870967742,0.49395161290322576,PT_PVEM_MORENA_NAS,304,0.6055776892430279,170,0.3386454183266932,PAN_PRI_PRD,134,0.26693227091633465,112,0.22310756972111553,FxM,22,0.043824701195219126,PT_PVEM_MORENA_NAS,304,0.6055776892430279,170,0.3386454183266932,PAN_PRI_PRD,134,0.26693227091633465,112,0.22310756972111553,FxM,22,0.043824701195219126,134,0.26693227091633465,304,0.6055776892430279,17,0.03386454183266932,11,0.021912350597609563,2,0.00398406374501992,22,0.043824701195219126,0,0.0,12,0.02390438247011952,502,1.0,ORIGEN,SECCION,SOLO_COALICIONES
439,26,SONORA,EMPALME,,14,1011,991,494,0.49848637739656915,0.5015136226034309,PT_PVEM_MORENA_NAS,248,0.5020242914979757,46,0.0931174089068826,PAN_PRI_PRD,202,0.4089068825910931,183,0.37044534412955465,MC,19,0.038461538461538464,PT_PVEM_MORENA_NAS,248,0.5020242914979757,46,0.0931174089068826,PAN_PRI_PRD,202,0.4089068825910931,183,0.37044534412955465,MC,19,0.038461538461538464,202,0.4089068825910931,248,0.5020242914979757,19,0.038461538461538464,1,0.0020242914979757085,2,0.004048582995951417,14,0.02834008097165992,1,0.0020242914979757085,7,0.01417004048582996,494,1.0,ORIGEN,SECCION,SOLO_COALICIONES
440,26,SONORA,EMPALME,,14,1012,741,334,0.4507422402159244,0.5492577597840755,PT_PVEM_MORENA_NAS,219,0.655688622754491,131,0.39221556886227543,PAN_PRI_PRD,88,0.2634730538922156,79,0.23652694610778444,MC,9,0.02694610778443114,PT_PVEM_MORENA_NAS,219,0.655688622754491,131,0.39221556886227543,PAN_PRI_PRD,88,0.2634730538922156,79,0.23652694610778444,MC,9,0.02694610778443114,88,0.2634730538922156,219,0.655688622754491,9,0.02694610778443114,2,0.005988023952095809,0,0.0,6,0.017964071856287425,0,0.0,10,0.029940119760479042,334,1.0,ORIGEN,SECCION,SOLO_COALICIONES
441,26,SONORA,EMPALME,,14,1013,1272,999,0.785377358490566,0.214622641509434,PT_PVEM_MORENA_NAS,555,0.5555555555555556,212,0.2122122122122122,PAN_PRI_PRD,343,0.3433433433433433,305,0.3053053053053053,FxM,38,0.03803803803803804,PT_PVEM_MORENA_NAS,555,0.5555555555555556,212,0.2122122122122122,PAN_PRI_PRD,343,0.3433433433433433,305,0.3053053053053053,FxM,38,0.03803803803803804,343,0.3433433433433433,555,0.5555555555555556,33,0.03303303303303303,6,0.006006006006006006,5,0.005005005005005005,38,0.03803803803803804,0,0.0,19,0.01901901901901902,999,1.0,ORIGEN,SECCION,SOLO_COALICIONES
442,26,SONORA,EMPALME,,14,1014,1294,539,0.41653786707882534,0.5834621329211747,PT_PVEM_MORENA_NAS,376,0.6975881261595547,262,0.48608534322820035,PAN_PRI_PRD,114,0.21150278293135436,100,0.18552875695732837,MC,14,0.025974025974025976,PT_PVEM_MORENA_NAS,376,0.6975881261595547,262,0.48608534322820035,PAN_PRI_PRD,114,0.21150278293135436,100,0.18552875695732837,MC,14,0.025974025974025976,114,0.21150278293135436,376,0.6975881261595547,14,0.025974025974025976,6,0.011131725417439703,7,0.012987012987012988,14,0.025974025974025976,0,0.0,8,0.014842300556586271,539,1.0,ORIGEN,SECCION,SOLO_COALICIONES
443,26,SONORA,EMPALME,,14,1015,2343,972,0.4148527528809219,0.5851472471190782,PT_PVEM_MORENA_NAS,727,0.7479423868312757,624,0.6419753086419753,PAN_PRI_PRD,103,0.10596707818930041,51,0.05246913580246913,MC,52,0.053497942386831275,PT_PVEM_MORENA_NAS,727,0.7479423868312757,624,0.6419753086419753,PAN_PRI_PRD,103,0.10596707818930041,51,0.05246913580246913,MC,52,0.053497942386831275,103,0.10596707818930041,727,0.7479423868312757,52,0.053497942386831275,7,0.00720164609053498,8,0.00823045267489712,45,0.046296296296296294,0,0.0,30,0.030864197530864196,972,1.0,ORIGEN,SECCION,SOLO_COALICIONES
444,26,SONORA,EMPALME,,14,1016,1080,446,0.412962962962963,0.587037037037037,PT_PVEM_MORENA_NAS,303,0.679372197309417,246,0.5515695067264574,FxM,57,0.12780269058295965,21,0.04708520179372197,PAN_PRI_PRD,36,0.08071748878923767,PT_PVEM_MORENA_NAS,303,0.679372197309417,246,0.5515695067264574,FxM,57,0.12780269058295965,21,0.04708520179372197,PAN_PRI_PRD,36,0.08071748878923767,36,0.08071748878923767,303,0.679372197309417,12,0.026905829596412557,5,0.011210762331838564,22,0.04932735426008968,57,0.12780269058295965,0,0.0,11,0.02466367713004484,446,1.0,ORIGEN,SECCION,SOLO_COALICIONES
445,26,SONORA,EMPALME,,14,1017,1933,688,0.35592343507501295,0.6440765649249871,PT_PVEM_MORENA_NAS,534,0.7761627906976745,480,0.6976744186046512,PAN_PRI_PRD,54,0.07848837209302326,27,0.03924418604651163,FxM,27,0.03924418604651163,PT_PVEM_MORENA_NAS,534,0.7761627906976745,480,0.6976744186046512,PAN_PRI_PRD,54,0.07848837209302326,27,0.03924418604651163,FxM,27,0.03924418604651163,54,0.07848837209302326,534,0.7761627906976745,14,0.020348837209302327,17,0.024709302325581394,11,0.015988372093023256,27,0.03924418604651163,8,0.011627906976744186,23,0.03343023255813953,688,1.0,ORIGEN,SECCION,SOLO_COALICIONES
446,26,SONORA,EMPALME,,14,1018,551,186,0.33756805807622503,0.662431941923775,PT_PVEM_MORENA_NAS,147,0.7903225806451613,128,0.6881720430107527,PAN_PRI_PRD,19,0.10215053763440861,13,0.06989247311827956,MC,6,0.03225806451612903,PT_PVEM_MORENA_NAS,147,0.7903225806451613,128,0.6881720430107527,PAN_PRI_PRD,19,0.10215053763440861,13,0.06989247311827956,MC,6,0.03225806451612903,19,0.10215053763440861,147,0.7903225806451613,6,0.03225806451612903,4,0.021505376344086023,4,0.021505376344086023,2,0.010752688172043012,0,0.0,4,0.021505376344086023,186,1.0,ORIGEN,SECCION,SOLO_COALICIONES
447,26,SONORA,EMPALME,,14,1019,368,179,0.48641304347826086,0.5135869565217391,PT_PVEM_MORENA_NAS,132,0.7374301675977654,110,0.6145251396648045,FxM,22,0.12290502793296089,16,0.0893854748603352,MC,6,0.0335195530726257,PT_PVEM_MORENA_NAS,132,0.7374301675977654,110,0.6145251396648045,FxM,22,0.12290502793296089,16,0.0893854748603352,MC,6,0.0335195530726257,5,0.027932960893854747,132,0.7374301675977654,6,0.0335195530726257,4,0.0223463687150838,2,0.0111731843575419,22,0.12290502793296089,0,0.0,8,0.0446927374301676,179,1.0,ORIGEN,SECCION,SOLO_COALICIONES
448,26,SONORA,EMPALME,,14,1020,1303,521,0.39984650805832694,0.6001534919416731,PT_PVEM_MORENA_NAS,389,0.746641074856046,325,0.6238003838771593,PAN_PRI_PRD,64,0.12284069097888675,42,0.08061420345489444,FxM,22,0.04222648752399232,PT_PVEM_MORENA_NAS,389,0.746641074856046,325,0.6238003838771593,PAN_PRI_PRD,64,0.12284069097888675,42,0.08061420345489444,FxM,22,0.04222648752399232,64,0.12284069097888675,389,0.746641074856046,21,0.04030710172744722,8,0.015355086372360844,5,0.009596928982725527,22,0.04222648752399232,0,0.0,12,0.023032629558541268,521,1.0,ORIGEN,SECCION,SOLO_COALICIONES
449,26,SONORA,EMPALME,,14,1021,1262,395,0.31299524564183834,0.6870047543581617,PT_PVEM_MORENA_NAS,303,0.7670886075949367,269,0.6810126582278481,PAN_PRI_PRD,34,0.08607594936708861,10,0.02531645569620253,MC,24,0.060759493670886074,PT_PVEM_MORENA_NAS,303,0.7670886075949367,269,0.6810126582278481,PAN_PRI_PRD,34,0.08607594936708861,10,0.02531645569620253,MC,24,0.060759493670886074,34,0.08607594936708861,303,0.7670886075949367,24,0.060759493670886074,8,0.020253164556962026,2,0.005063291139240506,9,0.02278481012658228,0,0.0,15,0.0379746835443038,395,1.0,ORIGEN,SECCION,SOLO_COALICIONES
450,26,SONORA,ETCHOJOA,,20,1138,1818,927,0.5099009900990099,0.4900990099009901,PT_PVEM_MORENA_NAS,332,0.3581445523193096,71,0.07659115426105717,PAN_PRI_PRD,261,0.2815533980582524,105,0.11326860841423948,FxM,156,0.16828478964401294,PT_PVEM_MORENA_NAS,332,0.3581445523193096,71,0.07659115426105717,PAN_PRI_PRD,261,0.2815533980582524,105,0.11326860841423948,FxM,156,0.16828478964401294,261,0.2815533980582524,332,0.3581445523193096,18,0.019417475728155338,11,0.011866235167206042,112,0.12081984897518878,156,0.16828478964401294,10,0.010787486515641856,27,0.02912621359223301,927,1.0,ORIGEN,SECCION,SOLO_COALICIONES
451,26,SONORA,ETCHOJOA,,20,1139,683,392,0.5739385065885798,0.4260614934114202,PT_PVEM_MORENA_NAS,219,0.5586734693877551,70,0.17857142857142858,PAN_PRI_PRD,149,0.38010204081632654,141,0.3596938775510204,PES,8,0.02040816326530612,PT_PVEM_MORENA_NAS,219,0.5586734693877551,70,0.17857142857142858,PAN_PRI_PRD,149,0.38010204081632654,141,0.3596938775510204,PES,8,0.02040816326530612,149,0.38010204081632654,219,0.5586734693877551,6,0.015306122448979591,8,0.02040816326530612,1,0.002551020408163265,0,0.0,1,0.002551020408163265,8,0.02040816326530612,392,1.0,ORIGEN,SECCION,SOLO_COALICIONES
452,26,SONORA,ETCHOJOA,,20,1140,1568,883,0.5631377551020408,0.4368622448979592,PT_PVEM_MORENA_NAS,455,0.5152887882219706,83,0.09399773499433749,PAN_PRI_PRD,372,0.42129105322763305,354,0.40090600226500567,PES,18,0.020385050962627407,PT_PVEM_MORENA_NAS,455,0.5152887882219706,83,0.09399773499433749,PAN_PRI_PRD,372,0.42129105322763305,354,0.40090600226500567,PES,18,0.020385050962627407,372,0.42129105322763305,455,0.5152887882219706,10,0.011325028312570781,18,0.020385050962627407,3,0.0033975084937712344,3,0.0033975084937712344,1,0.0011325028312570782,21,0.02378255945639864,883,1.0,ORIGEN,SECCION,SOLO_COALICIONES
453,26,SONORA,ETCHOJOA,,20,1141,1898,921,0.48524762908324554,0.5147523709167545,PT_PVEM_MORENA_NAS,459,0.498371335504886,74,0.08034744842562432,PAN_PRI_PRD,385,0.4180238870792617,370,0.4017372421281216,MC,15,0.016286644951140065,PT_PVEM_MORENA_NAS,459,0.498371335504886,74,0.08034744842562432,PAN_PRI_PRD,385,0.4180238870792617,370,0.4017372421281216,MC,15,0.016286644951140065,385,0.4180238870792617,459,0.498371335504886,15,0.016286644951140065,15,0.016286644951140065,8,0.008686210640608035,7,0.00760043431053203,6,0.006514657980456026,26,0.02823018458197611,921,1.0,ORIGEN,SECCION,SOLO_COALICIONES
454,26,SONORA,ETCHOJOA,,20,1143,261,142,0.5440613026819924,0.4559386973180076,PT_PVEM_MORENA_NAS,113,0.795774647887324,97,0.6830985915492958,PAN_PRI_PRD,16,0.11267605633802817,10,0.07042253521126761,MC,6,0.04225352112676056,PT_PVEM_MORENA_NAS,113,0.795774647887324,97,0.6830985915492958,PAN_PRI_PRD,16,0.11267605633802817,10,0.07042253521126761,MC,6,0.04225352112676056,16,0.11267605633802817,113,0.795774647887324,6,0.04225352112676056,1,0.007042253521126761,0,0.0,3,0.02112676056338028,0,0.0,3,0.02112676056338028,142,1.0,ORIGEN,SECCION,SOLO_COALICIONES
455,26,SONORA,ETCHOJOA,,20,1144,192,97,0.5052083333333334,0.49479166666666663,PT_PVEM_MORENA_NAS,51,0.5257731958762887,11,0.1134020618556701,PAN_PRI_PRD,40,0.41237113402061853,37,0.38144329896907214,MC,3,0.030927835051546393,PT_PVEM_MORENA_NAS,51,0.5257731958762887,11,0.1134020618556701,PAN_PRI_PRD,40,0.41237113402061853,37,0.38144329896907214,MC,3,0.030927835051546393,40,0.41237113402061853,51,0.5257731958762887,3,0.030927835051546393,2,0.020618556701030927,1,0.010309278350515464,0,0.0,0,0.0,0,0.0,97,1.0,ORIGEN,SECCION,SOLO_COALICIONES
456,26,SONORA,ETCHOJOA,,20,1145,1106,471,0.4258589511754069,0.574141048824593,PT_PVEM_MORENA_NAS,331,0.70276008492569,245,0.5201698513800425,PAN_PRI_PRD,86,0.18259023354564755,63,0.1337579617834395,MC,23,0.04883227176220807,PT_PVEM_MORENA_NAS,331,0.70276008492569,245,0.5201698513800425,PAN_PRI_PRD,86,0.18259023354564755,63,0.1337579617834395,MC,23,0.04883227176220807,86,0.18259023354564755,331,0.70276008492569,23,0.04883227176220807,10,0.021231422505307854,3,0.006369426751592357,6,0.012738853503184714,0,0.0,12,0.025477707006369428,471,1.0,ORIGEN,SECCION,SOLO_COALICIONES
457,26,SONORA,ETCHOJOA,,20,1153,1070,573,0.5355140186915888,0.46448598130841123,PT_PVEM_MORENA_NAS,368,0.6422338568935427,240,0.418848167539267,PAN_PRI_PRD,128,0.22338568935427575,111,0.193717277486911,MC,17,0.029668411867364748,PT_PVEM_MORENA_NAS,368,0.6422338568935427,240,0.418848167539267,PAN_PRI_PRD,128,0.22338568935427575,111,0.193717277486911,MC,17,0.029668411867364748,128,0.22338568935427575,368,0.6422338568935427,17,0.029668411867364748,12,0.020942408376963352,8,0.013961605584642234,6,0.010471204188481676,2,0.0034904013961605585,32,0.055846422338568937,573,1.0,ORIGEN,SECCION,SOLO_COALICIONES
458,26,SONORA,ETCHOJOA,,20,1154,205,103,0.5024390243902439,0.4975609756097561,PT_PVEM_MORENA_NAS,72,0.6990291262135923,57,0.5533980582524272,PAN_PRI_PRD,15,0.14563106796116504,11,0.10679611650485436,FxM,4,0.038834951456310676,PT_PVEM_MORENA_NAS,72,0.6990291262135923,57,0.5533980582524272,PAN_PRI_PRD,15,0.14563106796116504,11,0.10679611650485436,FxM,4,0.038834951456310676,15,0.14563106796116504,72,0.6990291262135923,2,0.019417475728155338,2,0.019417475728155338,3,0.02912621359223301,4,0.038834951456310676,0,0.0,5,0.04854368932038835,103,1.0,ORIGEN,SECCION,SOLO_COALICIONES
459,26,SONORA,ETCHOJOA,,20,1158,970,473,0.48762886597938143,0.5123711340206185,PT_PVEM_MORENA_NAS,308,0.6511627906976745,194,0.41014799154334036,PAN_PRI_PRD,114,0.24101479915433405,101,0.2135306553911205,RSP,13,0.02748414376321353,PT_PVEM_MORENA_NAS,308,0.6511627906976745,194,0.41014799154334036,PAN_PRI_PRD,114,0.24101479915433405,101,0.2135306553911205,RSP,13,0.02748414376321353,114,0.24101479915433405,308,0.6511627906976745,9,0.019027484143763214,2,0.004228329809725159,13,0.02748414376321353,4,0.008456659619450317,0,0.0,23,0.048625792811839326,473,1.0,ORIGEN,SECCION,SOLO_COALICIONES
460,26,SONORA,ETCHOJOA,,20,1159,1427,652,0.45690259285213736,0.5430974071478627,PT_PVEM_MORENA_NAS,355,0.5444785276073619,120,0.18404907975460122,PAN_PRI_PRD,235,0.3604294478527607,214,0.3282208588957055,MC,21,0.032208588957055216,PT_PVEM_MORENA_NAS,355,0.5444785276073619,120,0.18404907975460122,PAN_PRI_PRD,235,0.3604294478527607,214,0.3282208588957055,MC,21,0.032208588957055216,235,0.3604294478527607,355,0.5444785276073619,21,0.032208588957055216,6,0.009202453987730062,8,0.012269938650306749,6,0.009202453987730062,0,0.0,21,0.032208588957055216,652,1.0,ORIGEN,SECCION,SOLO_COALICIONES
461,26,SONORA,ETCHOJOA,,20,1160,954,524,0.549266247379455,0.45073375262054505,PT_PVEM_MORENA_NAS,324,0.6183206106870229,171,0.32633587786259544,PAN_PRI_PRD,153,0.2919847328244275,143,0.2729007633587786,RSP,10,0.019083969465648856,PT_PVEM_MORENA_NAS,324,0.6183206106870229,171,0.32633587786259544,PAN_PRI_PRD,153,0.2919847328244275,143,0.2729007633587786,RSP,10,0.019083969465648856,153,0.2919847328244275,324,0.6183206106870229,8,0.015267175572519083,7,0.013358778625954198,10,0.019083969465648856,6,0.011450381679389313,2,0.003816793893129771,14,0.026717557251908396,524,1.0,ORIGEN,SECCION,SOLO_COALICIONES
462,26,SONORA,ETCHOJOA,,20,1161,1256,666,0.5302547770700637,0.46974522292993626,PT_PVEM_MORENA_NAS,407,0.6111111111111112,215,0.3228228228228228,PAN_PRI_PRD,192,0.2882882882882883,180,0.2702702702702703,PES,12,0.018018018018018018,PT_PVEM_MORENA_NAS,407,0.6111111111111112,215,0.3228228228228228,PAN_PRI_PRD,192,0.2882882882882883,180,0.2702702702702703,PES,12,0.018018018018018018,192,0.2882882882882883,407,0.6111111111111112,7,0.010510510510510511,12,0.018018018018018018,11,0.016516516516516516,3,0.0045045045045045045,0,0.0,34,0.05105105105105105,666,1.0,ORIGEN,SECCION,SOLO_COALICIONES
463,26,SONORA,ETCHOJOA,,20,1162,1011,529,0.52324431256182,0.47675568743818,PT_PVEM_MORENA_NAS,362,0.6843100189035917,267,0.504725897920605,PAN_PRI_PRD,95,0.17958412098298676,75,0.14177693761814744,RSP,20,0.03780718336483932,PT_PVEM_MORENA_NAS,362,0.6843100189035917,267,0.504725897920605,PAN_PRI_PRD,95,0.17958412098298676,75,0.14177693761814744,RSP,20,0.03780718336483932,95,0.17958412098298676,362,0.6843100189035917,7,0.013232514177693762,9,0.017013232514177693,20,0.03780718336483932,15,0.02835538752362949,0,0.0,21,0.03969754253308128,529,1.0,ORIGEN,SECCION,SOLO_COALICIONES
464,26,SONORA,ETCHOJOA,,20,1163,1130,583,0.515929203539823,0.48407079646017703,PT_PVEM_MORENA_NAS,403,0.6912521440823327,288,0.4939965694682676,PAN_PRI_PRD,115,0.19725557461406518,102,0.17495711835334476,RSP,13,0.022298456260720412,PT_PVEM_MORENA_NAS,403,0.6912521440823327,288,0.4939965694682676,PAN_PRI_PRD,115,0.19725557461406518,102,0.17495711835334476,RSP,13,0.022298456260720412,115,0.19725557461406518,403,0.6912521440823327,12,0.02058319039451115,2,0.003430531732418525,13,0.022298456260720412,4,0.00686106346483705,1,0.0017152658662092624,33,0.05660377358490566,583,1.0,ORIGEN,SECCION,SOLO_COALICIONES
465,26,SONORA,ETCHOJOA,,20,1164,609,363,0.5960591133004927,0.40394088669950734,PT_PVEM_MORENA_NAS,215,0.5922865013774105,137,0.3774104683195592,PAN_PRI_PRD,78,0.21487603305785125,58,0.15977961432506887,RSP,20,0.05509641873278237,PT_PVEM_MORENA_NAS,215,0.5922865013774105,137,0.3774104683195592,PAN_PRI_PRD,78,0.21487603305785125,58,0.15977961432506887,RSP,20,0.05509641873278237,78,0.21487603305785125,215,0.5922865013774105,15,0.04132231404958678,7,0.01928374655647383,20,0.05509641873278237,8,0.02203856749311295,0,0.0,20,0.05509641873278237,363,1.0,ORIGEN,SECCION,SOLO_COALICIONES
466,26,SONORA,ETCHOJOA,,20,1165,1202,683,0.5682196339434277,0.43178036605657233,PT_PVEM_MORENA_NAS,479,0.7013177159590044,332,0.486090775988287,PAN_PRI_PRD,147,0.21522693997071743,136,0.19912152269399708,MC,11,0.016105417276720352,PT_PVEM_MORENA_NAS,479,0.7013177159590044,332,0.486090775988287,PAN_PRI_PRD,147,0.21522693997071743,136,0.19912152269399708,MC,11,0.016105417276720352,147,0.21522693997071743,479,0.7013177159590044,11,0.016105417276720352,10,0.014641288433382138,5,0.007320644216691069,10,0.014641288433382138,0,0.0,21,0.03074670571010249,683,1.0,ORIGEN,SECCION,SOLO_COALICIONES
467,26,SONORA,ETCHOJOA,,20,1166,1236,639,0.5169902912621359,0.4830097087378641,PT_PVEM_MORENA_NAS,462,0.7230046948356808,326,0.5101721439749609,PAN_PRI_PRD,136,0.21283255086071987,126,0.19718309859154928,MC,10,0.01564945226917058,PT_PVEM_MORENA_NAS,462,0.7230046948356808,326,0.5101721439749609,PAN_PRI_PRD,136,0.21283255086071987,126,0.19718309859154928,MC,10,0.01564945226917058,136,0.21283255086071987,462,0.7230046948356808,10,0.01564945226917058,7,0.010954616588419406,7,0.010954616588419406,2,0.003129890453834116,2,0.003129890453834116,13,0.02034428794992175,639,1.0,ORIGEN,SECCION,SOLO_COALICIONES
468,26,SONORA,ETCHOJOA,,20,1167,967,440,0.4550155118924509,0.5449844881075492,PT_PVEM_MORENA_NAS,295,0.6704545454545454,210,0.4772727272727273,PAN_PRI_PRD,85,0.19318181818181818,72,0.16363636363636364,MC,13,0.029545454545454545,PT_PVEM_MORENA_NAS,295,0.6704545454545454,210,0.4772727272727273,PAN_PRI_PRD,85,0.19318181818181818,72,0.16363636363636364,MC,13,0.029545454545454545,85,0.19318181818181818,295,0.6704545454545454,13,0.029545454545454545,11,0.025,3,0.006818181818181818,8,0.01818181818181818,0,0.0,25,0.056818181818181816,440,1.0,ORIGEN,SECCION,SOLO_COALICIONES
469,26,SONORA,ETCHOJOA,,20,1168,1386,708,0.5108225108225108,0.48917748917748916,PT_PVEM_MORENA_NAS,530,0.748587570621469,415,0.5861581920903954,PAN_PRI_PRD,115,0.16242937853107345,98,0.1384180790960452,RSP,17,0.02401129943502825,PT_PVEM_MORENA_NAS,530,0.748587570621469,415,0.5861581920903954,PAN_PRI_PRD,115,0.16242937853107345,98,0.1384180790960452,RSP,17,0.02401129943502825,115,0.16242937853107345,530,0.748587570621469,6,0.00847457627118644,7,0.009887005649717515,17,0.02401129943502825,11,0.015536723163841809,3,0.00423728813559322,19,0.026836158192090395,708,1.0,ORIGEN,SECCION,SOLO_COALICIONES
470,26,SONORA,ETCHOJOA,,20,1169,590,306,0.5186440677966102,0.4813559322033898,PT_PVEM_MORENA_NAS,177,0.5784313725490197,75,0.24509803921568626,PAN_PRI_PRD,102,0.3333333333333333,95,0.3104575163398693,FxM,7,0.02287581699346405,PT_PVEM_MORENA_NAS,177,0.5784313725490197,75,0.24509803921568626,PAN_PRI_PRD,102,0.3333333333333333,95,0.3104575163398693,FxM,7,0.02287581699346405,102,0.3333333333333333,177,0.5784313725490197,6,0.0196078431372549,2,0.006535947712418301,4,0.013071895424836602,7,0.02287581699346405,0,0.0,8,0.026143790849673203,306,1.0,ORIGEN,SECCION,SOLO_COALICIONES
471,26,SONORA,ETCHOJOA,,20,1170,1104,636,0.5760869565217391,0.42391304347826086,PT_PVEM_MORENA_NAS,422,0.6635220125786163,247,0.38836477987421386,PAN_PRI_PRD,175,0.2751572327044025,167,0.26257861635220126,RSP,8,0.012578616352201259,PT_PVEM_MORENA_NAS,422,0.6635220125786163,247,0.38836477987421386,PAN_PRI_PRD,175,0.2751572327044025,167,0.26257861635220126,RSP,8,0.012578616352201259,175,0.2751572327044025,422,0.6635220125786163,1,0.0015723270440251573,5,0.007861635220125786,8,0.012578616352201259,4,0.006289308176100629,0,0.0,21,0.0330188679245283,636,1.0,ORIGEN,SECCION,SOLO_COALICIONES
472,26,SONORA,ETCHOJOA,,20,1171,1399,729,0.5210864903502502,0.47891350964974977,PT_PVEM_MORENA_NAS,553,0.7585733882030178,397,0.5445816186556928,PAN_PRI_PRD,156,0.2139917695473251,146,0.20027434842249658,MC,10,0.013717421124828532,PT_PVEM_MORENA_NAS,553,0.7585733882030178,397,0.5445816186556928,PAN_PRI_PRD,156,0.2139917695473251,146,0.20027434842249658,MC,10,0.013717421124828532,156,0.2139917695473251,553,0.7585733882030178,10,0.013717421124828532,7,0.009602194787379973,1,0.0013717421124828531,1,0.0013717421124828531,0,0.0,1,0.0013717421124828531,729,1.0,ORIGEN,SECCION,SOLO_COALICIONES
473,26,SONORA,ETCHOJOA,,20,1172,533,314,0.5891181988742964,0.4108818011257036,PT_PVEM_MORENA_NAS,214,0.6815286624203821,132,0.42038216560509556,PAN_PRI_PRD,82,0.2611464968152866,76,0.24203821656050956,MC,6,0.01910828025477707,PT_PVEM_MORENA_NAS,214,0.6815286624203821,132,0.42038216560509556,PAN_PRI_PRD,82,0.2611464968152866,76,0.24203821656050956,MC,6,0.01910828025477707,82,0.2611464968152866,214,0.6815286624203821,6,0.01910828025477707,3,0.009554140127388535,5,0.01592356687898089,0,0.0,0,0.0,4,0.012738853503184714,314,1.0,ORIGEN,SECCION,SOLO_COALICIONES
474,26,SONORA,ETCHOJOA,,20,1173,296,182,0.6148648648648649,0.3851351351351351,PT_PVEM_MORENA_NAS,125,0.6868131868131868,77,0.4230769230769231,PAN_PRI_PRD,48,0.26373626373626374,46,0.25274725274725274,MC,2,0.01098901098901099,PT_PVEM_MORENA_NAS,125,0.6868131868131868,77,0.4230769230769231,PAN_PRI_PRD,48,0.26373626373626374,46,0.25274725274725274,MC,2,0.01098901098901099,48,0.26373626373626374,125,0.6868131868131868,2,0.01098901098901099,1,0.005494505494505495,1,0.005494505494505495,1,0.005494505494505495,0,0.0,4,0.02197802197802198,182,1.0,ORIGEN,SECCION,SOLO_COALICIONES
475,26,SONORA,ETCHOJOA,,20,1174,1831,931,0.5084653194975424,0.49153468050245763,PT_PVEM_MORENA_NAS,633,0.6799140708915145,425,0.4564983888292159,PAN_PRI_PRD,208,0.22341568206229862,179,0.19226638023630505,PES,29,0.031149301825993556,PT_PVEM_MORENA_NAS,633,0.6799140708915145,425,0.4564983888292159,PAN_PRI_PRD,208,0.22341568206229862,179,0.19226638023630505,PES,29,0.031149301825993556,208,0.22341568206229862,633,0.6799140708915145,19,0.02040816326530612,29,0.031149301825993556,13,0.013963480128893663,5,0.0053705692803437165,2,0.0021482277121374865,22,0.023630504833512353,931,1.0,ORIGEN,SECCION,SOLO_COALICIONES
476,26,SONORA,ETCHOJOA,,20,1175,595,333,0.5596638655462185,0.4403361344537815,PT_PVEM_MORENA_NAS,254,0.7627627627627628,206,0.6186186186186187,PAN_PRI_PRD,48,0.14414414414414414,43,0.12912912912912913,PES,5,0.015015015015015015,PT_PVEM_MORENA_NAS,254,0.7627627627627628,206,0.6186186186186187,PAN_PRI_PRD,48,0.14414414414414414,43,0.12912912912912913,PES,5,0.015015015015015015,48,0.14414414414414414,254,0.7627627627627628,4,0.012012012012012012,5,0.015015015015015015,3,0.009009009009009009,3,0.009009009009009009,0,0.0,16,0.04804804804804805,333,1.0,ORIGEN,SECCION,SOLO_COALICIONES
477,26,SONORA,ETCHOJOA,,20,1176,889,452,0.5084364454443194,0.49156355455568057,PT_PVEM_MORENA_NAS,282,0.6238938053097345,153,0.33849557522123896,PAN_PRI_PRD,129,0.2853982300884956,121,0.2676991150442478,MC,8,0.017699115044247787,PT_PVEM_MORENA_NAS,282,0.6238938053097345,153,0.33849557522123896,PAN_PRI_PRD,129,0.2853982300884956,121,0.2676991150442478,MC,8,0.017699115044247787,129,0.2853982300884956,282,0.6238938053097345,8,0.017699115044247787,6,0.01327433628318584,4,0.008849557522123894,5,0.011061946902654867,2,0.004424778761061947,16,0.035398230088495575,452,1.0,ORIGEN,SECCION,SOLO_COALICIONES
478,26,SONORA,ETCHOJOA,,20,1177,1421,779,0.5482054890921886,0.4517945109078114,PT_PVEM_MORENA_NAS,553,0.7098844672657253,391,0.5019255455712451,PAN_PRI_PRD,162,0.2079589216944801,146,0.18741976893453144,MC,16,0.02053915275994865,PT_PVEM_MORENA_NAS,553,0.7098844672657253,391,0.5019255455712451,PAN_PRI_PRD,162,0.2079589216944801,146,0.18741976893453144,MC,16,0.02053915275994865,162,0.2079589216944801,553,0.7098844672657253,16,0.02053915275994865,5,0.006418485237483954,15,0.019255455712451863,6,0.007702182284980745,0,0.0,22,0.028241335044929396,779,1.0,ORIGEN,SECCION,SOLO_COALICIONES
479,26,SONORA,ETCHOJOA,,20,1178,830,490,0.5903614457831325,0.40963855421686746,PT_PVEM_MORENA_NAS,285,0.5816326530612245,115,0.23469387755102042,PAN_PRI_PRD,170,0.3469387755102041,161,0.32857142857142857,RSP,9,0.018367346938775512,PT_PVEM_MORENA_NAS,285,0.5816326530612245,115,0.23469387755102042,PAN_PRI_PRD,170,0.3469387755102041,161,0.32857142857142857,RSP,9,0.018367346938775512,170,0.3469387755102041,285,0.5816326530612245,6,0.012244897959183673,2,0.004081632653061225,9,0.018367346938775512,2,0.004081632653061225,0,0.0,16,0.0326530612244898,490,1.0,ORIGEN,SECCION,SOLO_COALICIONES
480,26,SONORA,ETCHOJOA,,20,1179,630,337,0.5349206349206349,0.4650793650793651,PT_PVEM_MORENA_NAS,210,0.6231454005934718,130,0.3857566765578635,PAN_PRI_PRD,80,0.23738872403560832,70,0.20771513353115728,PES,10,0.02967359050445104,PT_PVEM_MORENA_NAS,210,0.6231454005934718,130,0.3857566765578635,PAN_PRI_PRD,80,0.23738872403560832,70,0.20771513353115728,PES,10,0.02967359050445104,80,0.23738872403560832,210,0.6231454005934718,9,0.026706231454005934,10,0.02967359050445104,5,0.01483679525222552,5,0.01483679525222552,1,0.002967359050445104,17,0.050445103857566766,337,1.0,ORIGEN,SECCION,SOLO_COALICIONES
481,26,SONORA,ETCHOJOA,,20,1180,1401,594,0.42398286937901497,0.576017130620985,PT_PVEM_MORENA_NAS,380,0.6397306397306397,223,0.37542087542087543,PAN_PRI_PRD,157,0.26430976430976433,145,0.2441077441077441,RSP,12,0.020202020202020204,PT_PVEM_MORENA_NAS,380,0.6397306397306397,223,0.37542087542087543,PAN_PRI_PRD,157,0.26430976430976433,145,0.2441077441077441,RSP,12,0.020202020202020204,157,0.26430976430976433,380,0.6397306397306397,9,0.015151515151515152,7,0.011784511784511785,12,0.020202020202020204,10,0.016835016835016835,3,0.005050505050505051,16,0.026936026936026935,594,1.0,ORIGEN,SECCION,SOLO_COALICIONES
482,26,SONORA,ETCHOJOA,,20,1181,2151,1149,0.5341701534170153,0.46582984658298465,PT_PVEM_MORENA_NAS,723,0.6292428198433421,412,0.35857267188859876,PAN_PRI_PRD,311,0.27067014795474326,283,0.2463011314186249,MC,28,0.024369016536118365,PT_PVEM_MORENA_NAS,723,0.6292428198433421,412,0.35857267188859876,PAN_PRI_PRD,311,0.27067014795474326,283,0.2463011314186249,MC,28,0.024369016536118365,311,0.27067014795474326,723,0.6292428198433421,28,0.024369016536118365,21,0.018276762402088774,14,0.012184508268059183,13,0.011314186248912098,7,0.006092254134029591,32,0.0278503046127067,1149,1.0,ORIGEN,SECCION,SOLO_COALICIONES
483,26,SONORA,ETCHOJOA,,20,1182,1389,843,0.6069114470842333,0.3930885529157667,PT_PVEM_MORENA_NAS,434,0.5148279952550415,224,0.265717674970344,PAN_PRI_PRD,210,0.2491103202846975,184,0.21826809015421114,MC,26,0.03084223013048636,PT_PVEM_MORENA_NAS,434,0.5148279952550415,224,0.265717674970344,PAN_PRI_PRD,210,0.2491103202846975,184,0.21826809015421114,MC,26,0.03084223013048636,210,0.2491103202846975,434,0.5148279952550415,26,0.03084223013048636,15,0.017793594306049824,16,0.018979833926453145,7,0.00830367734282325,0,0.0,135,0.1601423487544484,843,1.0,ORIGEN,SECCION,SOLO_COALICIONES
484,26,SONORA,ETCHOJOA,,20,1183,1830,977,0.533879781420765,0.466120218579235,PT_PVEM_MORENA_NAS,570,0.5834186284544524,297,0.3039918116683726,PAN_PRI_PRD,273,0.27942681678607983,236,0.24155578300921188,PES,37,0.037871033776867964,PT_PVEM_MORENA_NAS,570,0.5834186284544524,297,0.3039918116683726,PAN_PRI_PRD,273,0.27942681678607983,236,0.24155578300921188,PES,37,0.037871033776867964,273,0.27942681678607983,570,0.5834186284544524,31,0.03172978505629478,37,0.037871033776867964,14,0.014329580348004094,24,0.02456499488229273,0,0.0,28,0.028659160696008188,977,1.0,ORIGEN,SECCION,SOLO_COALICIONES
485,26,SONORA,ETCHOJOA,,20,1184,2217,1188,0.5358592692828146,0.4641407307171854,PT_PVEM_MORENA_NAS,751,0.6321548821548821,444,0.37373737373737376,PAN_PRI_PRD,307,0.25841750841750843,262,0.22053872053872053,MC,45,0.03787878787878788,PT_PVEM_MORENA_NAS,751,0.6321548821548821,444,0.37373737373737376,PAN_PRI_PRD,307,0.25841750841750843,262,0.22053872053872053,MC,45,0.03787878787878788,307,0.25841750841750843,751,0.6321548821548821,45,0.03787878787878788,21,0.017676767676767676,14,0.011784511784511785,10,0.008417508417508417,1,0.0008417508417508417,39,0.03282828282828283,1188,1.0,ORIGEN,SECCION,SOLO_COALICIONES
486,26,SONORA,ETCHOJOA,,20,1185,938,510,0.5437100213219617,0.45628997867803833,PT_PVEM_MORENA_NAS,324,0.6352941176470588,177,0.34705882352941175,PAN_PRI_PRD,147,0.28823529411764703,129,0.2529411764705882,RSP,18,0.03529411764705882,PT_PVEM_MORENA_NAS,324,0.6352941176470588,177,0.34705882352941175,PAN_PRI_PRD,147,0.28823529411764703,129,0.2529411764705882,RSP,18,0.03529411764705882,147,0.28823529411764703,324,0.6352941176470588,3,0.0058823529411764705,5,0.00980392156862745,18,0.03529411764705882,5,0.00980392156862745,3,0.0058823529411764705,5,0.00980392156862745,510,1.0,ORIGEN,SECCION,SOLO_COALICIONES
487,26,SONORA,ETCHOJOA,,20,1186,1447,681,0.47062888735314445,0.5293711126468555,PT_PVEM_MORENA_NAS,380,0.5580029368575624,142,0.20851688693098386,PAN_PRI_PRD,238,0.34948604992657856,217,0.3186490455212922,MC,21,0.030837004405286344,PT_PVEM_MORENA_NAS,380,0.5580029368575624,142,0.20851688693098386,PAN_PRI_PRD,238,0.34948604992657856,217,0.3186490455212922,MC,21,0.030837004405286344,238,0.34948604992657856,380,0.5580029368575624,21,0.030837004405286344,7,0.010279001468428781,6,0.00881057268722467,5,0.007342143906020558,1,0.0014684287812041115,23,0.033773861967694566,681,1.0,ORIGEN,SECCION,SOLO_COALICIONES
488,26,SONORA,ETCHOJOA,,20,1187,1520,682,0.4486842105263158,0.5513157894736842,PT_PVEM_MORENA_NAS,422,0.6187683284457478,244,0.35777126099706746,PAN_PRI_PRD,178,0.26099706744868034,150,0.21994134897360704,PES,28,0.04105571847507331,PT_PVEM_MORENA_NAS,422,0.6187683284457478,244,0.35777126099706746,PAN_PRI_PRD,178,0.26099706744868034,150,0.21994134897360704,PES,28,0.04105571847507331,178,0.26099706744868034,422,0.6187683284457478,19,0.02785923753665689,28,0.04105571847507331,5,0.007331378299120235,1,0.001466275659824047,0,0.0,29,0.04252199413489736,682,1.0,ORIGEN,SECCION,SOLO_COALICIONES
489,26,SONORA,ETCHOJOA,,20,1188,1741,735,0.4221711659965537,0.5778288340034463,PT_PVEM_MORENA_NAS,351,0.4775510204081633,199,0.2707482993197279,FxM,152,0.20680272108843537,50,0.06802721088435375,PAN_PRI_PRD,102,0.13877551020408163,PT_PVEM_MORENA_NAS,351,0.4775510204081633,199,0.2707482993197279,FxM,152,0.20680272108843537,50,0.06802721088435375,PAN_PRI_PRD,102,0.13877551020408163,102,0.13877551020408163,351,0.4775510204081633,16,0.021768707482993196,13,0.017687074829931974,67,0.09115646258503401,152,0.20680272108843537,0,0.0,34,0.04625850340136054,735,1.0,ORIGEN,SECCION,SOLO_COALICIONES
490,26,SONORA,FRONTERAS,,7,101,1003,593,0.5912263210368893,0.4087736789631107,PT_PVEM_MORENA_NAS,279,0.47048903878583476,79,0.13322091062394603,PAN_PRI_PRD,200,0.3372681281618887,124,0.209106239460371,MC,76,0.1281618887015177,PT_PVEM_MORENA_NAS,279,0.47048903878583476,79,0.13322091062394603,PAN_PRI_PRD,200,0.3372681281618887,124,0.209106239460371,MC,76,0.1281618887015177,200,0.3372681281618887,279,0.47048903878583476,76,0.1281618887015177,8,0.013490725126475547,1,0.0016863406408094434,14,0.023608768971332208,0,0.0,15,0.025295109612141653,593,1.0,ORIGEN,SECCION,SOLO_COALICIONES
491,26,SONORA,FRONTERAS,,7,102,191,127,0.6649214659685864,0.33507853403141363,PAN_PRI_PRD,44,0.3464566929133858,1,0.007874015748031496,PT_PVEM_MORENA_NAS,43,0.33858267716535434,17,0.13385826771653545,MC,26,0.2047244094488189,PAN_PRI_PRD,44,0.3464566929133858,1,0.007874015748031496,PT_PVEM_MORENA_NAS,43,0.33858267716535434,17,0.13385826771653545,MC,26,0.2047244094488189,44,0.3464566929133858,43,0.33858267716535434,26,0.2047244094488189,11,0.08661417322834646,0,0.0,0,0.0,0,0.0,3,0.023622047244094488,127,1.0,ORIGEN,SECCION,SOLO_COALICIONES
492,26,SONORA,FRONTERAS,,7,103,2097,1296,0.6180257510729614,0.3819742489270386,PT_PVEM_MORENA_NAS,543,0.41898148148148145,127,0.09799382716049383,PAN_PRI_PRD,416,0.32098765432098764,161,0.12422839506172839,MC,255,0.19675925925925927,PT_PVEM_MORENA_NAS,543,0.41898148148148145,127,0.09799382716049383,PAN_PRI_PRD,416,0.32098765432098764,161,0.12422839506172839,MC,255,0.19675925925925927,416,0.32098765432098764,543,0.41898148148148145,255,0.19675925925925927,38,0.029320987654320986,4,0.0030864197530864196,12,0.009259259259259259,0,0.0,28,0.021604938271604937,1296,1.0,ORIGEN,SECCION,SOLO_COALICIONES
493,26,SONORA,FRONTERAS,,7,104,1570,982,0.6254777070063694,0.3745222929936306,PT_PVEM_MORENA_NAS,425,0.43279022403258655,104,0.10590631364562118,PAN_PRI_PRD,321,0.3268839103869654,157,0.159877800407332,MC,164,0.1670061099796334,PT_PVEM_MORENA_NAS,425,0.43279022403258655,104,0.10590631364562118,PAN_PRI_PRD,321,0.3268839103869654,157,0.159877800407332,MC,164,0.1670061099796334,321,0.3268839103869654,425,0.43279022403258655,164,0.1670061099796334,22,0.02240325865580448,5,0.0050916496945010185,9,0.009164969450101833,0,0.0,36,0.03665987780040733,982,1.0,ORIGEN,SECCION,SOLO_COALICIONES
494,26,SONORA,FRONTERAS,,7,105,1646,962,0.5844471445929527,0.41555285540704734,PT_PVEM_MORENA_NAS,484,0.5031185031185031,165,0.17151767151767153,PAN_PRI_PRD,319,0.3316008316008316,212,0.2203742203742204,MC,107,0.11122661122661123,PT_PVEM_MORENA_NAS,484,0.5031185031185031,165,0.17151767151767153,PAN_PRI_PRD,319,0.3316008316008316,212,0.2203742203742204,MC,107,0.11122661122661123,319,0.3316008316008316,484,0.5031185031185031,107,0.11122661122661123,23,0.02390852390852391,5,0.005197505197505198,6,0.006237006237006237,0,0.0,18,0.018711018711018712,962,1.0,ORIGEN,SECCION,SOLO_COALICIONES
495,26,SONORA,GENERAL PLUTARCO ELIAS CALLES,,3,1323,1912,906,0.47384937238493724,0.5261506276150627,PT_PVEM_MORENA_NAS,459,0.5066225165562914,137,0.15121412803532008,PAN_PRI_PRD,322,0.3554083885209713,268,0.2958057395143488,MC,54,0.059602649006622516,PT_PVEM_MORENA_NAS,459,0.5066225165562914,137,0.15121412803532008,PAN_PRI_PRD,322,0.3554083885209713,268,0.2958057395143488,MC,54,0.059602649006622516,322,0.3554083885209713,459,0.5066225165562914,54,0.059602649006622516,11,0.012141280353200883,3,0.0033112582781456954,4,0.004415011037527594,0,0.0,53,0.05849889624724062,906,1.0,ORIGEN,SECCION,SOLO_COALICIONES
496,26,SONORA,GENERAL PLUTARCO ELIAS CALLES,,3,1324,1912,927,0.4848326359832636,0.5151673640167365,PT_PVEM_MORENA_NAS,541,0.5836030204962244,328,0.35382955771305286,PAN_PRI_PRD,213,0.2297734627831715,154,0.16612729234088458,MC,59,0.06364617044228695,PT_PVEM_MORENA_NAS,541,0.5836030204962244,328,0.35382955771305286,PAN_PRI_PRD,213,0.2297734627831715,154,0.16612729234088458,MC,59,0.06364617044228695,213,0.2297734627831715,541,0.5836030204962244,59,0.06364617044228695,24,0.025889967637540454,12,0.012944983818770227,15,0.016181229773462782,3,0.003236245954692557,60,0.06472491909385113,927,1.0,ORIGEN,SECCION,SOLO_COALICIONES
497,26,SONORA,GENERAL PLUTARCO ELIAS CALLES,,3,1325,1451,576,0.39696760854583046,0.6030323914541695,PAN_PRI_PRD,283,0.4913194444444444,62,0.1076388888888889,PT_PVEM_MORENA_NAS,221,0.3836805555555556,185,0.3211805555555556,MC,36,0.0625,PAN_PRI_PRD,283,0.4913194444444444,62,0.1076388888888889,PT_PVEM_MORENA_NAS,221,0.3836805555555556,185,0.3211805555555556,MC,36,0.0625,283,0.4913194444444444,221,0.3836805555555556,36,0.0625,12,0.020833333333333332,3,0.005208333333333333,4,0.006944444444444444,0,0.0,17,0.029513888888888888,576,1.0,ORIGEN,SECCION,SOLO_COALICIONES
498,26,SONORA,GENERAL PLUTARCO ELIAS CALLES,,3,1326,1983,998,0.5032778618255169,0.4967221381744831,PT_PVEM_MORENA_NAS,616,0.6172344689378757,385,0.38577154308617234,PAN_PRI_PRD,231,0.23146292585170342,180,0.18036072144288579,PES,51,0.05110220440881764,PT_PVEM_MORENA_NAS,616,0.6172344689378757,385,0.38577154308617234,PAN_PRI_PRD,231,0.23146292585170342,180,0.18036072144288579,PES,51,0.05110220440881764,231,0.23146292585170342,616,0.6172344689378757,41,0.041082164328657314,51,0.05110220440881764,4,0.004008016032064128,9,0.009018036072144289,0,0.0,46,0.04609218436873747,998,1.0,ORIGEN,SECCION,SOLO_COALICIONES
499,26,SONORA,GENERAL PLUTARCO ELIAS CALLES,,3,1327,773,429,0.5549805950840879,0.4450194049159121,PT_PVEM_MORENA_NAS,248,0.578088578088578,113,0.2634032634032634,PAN_PRI_PRD,135,0.3146853146853147,116,0.2703962703962704,MC,19,0.04428904428904429,PT_PVEM_MORENA_NAS,248,0.578088578088578,113,0.2634032634032634,PAN_PRI_PRD,135,0.3146853146853147,116,0.2703962703962704,MC,19,0.04428904428904429,135,0.3146853146853147,248,0.578088578088578,19,0.04428904428904429,5,0.011655011655011656,4,0.009324009324009324,2,0.004662004662004662,3,0.006993006993006993,13,0.030303030303030304,429,1.0,ORIGEN,SECCION,SOLO_COALICIONES
500,26,SONORA,GENERAL PLUTARCO ELIAS CALLES,,3,1328,361,534,1.479224376731302,-0.479224376731302,PT_PVEM_MORENA_NAS,296,0.5543071161048689,110,0.20599250936329588,PAN_PRI_PRD,186,0.34831460674157305,168,0.3146067415730337,MC,18,0.033707865168539325,PT_PVEM_MORENA_NAS,296,0.5543071161048689,110,0.20599250936329588,PAN_PRI_PRD,186,0.34831460674157305,168,0.3146067415730337,MC,18,0.033707865168539325,186,0.34831460674157305,296,0.5543071161048689,18,0.033707865168539325,6,0.011235955056179775,1,0.0018726591760299626,11,0.020599250936329586,3,0.0056179775280898875,13,0.024344569288389514,534,1.0,ORIGEN,SECCION,SOLO_COALICIONES
501,26,SONORA,GENERAL PLUTARCO ELIAS CALLES,,3,1329,1171,589,0.5029888983774552,0.4970111016225448,PT_PVEM_MORENA_NAS,342,0.5806451612903226,167,0.2835314091680815,PAN_PRI_PRD,175,0.29711375212224106,147,0.2495755517826825,MC,28,0.04753820033955857,PT_PVEM_MORENA_NAS,342,0.5806451612903226,167,0.2835314091680815,PAN_PRI_PRD,175,0.29711375212224106,147,0.2495755517826825,MC,28,0.04753820033955857,175,0.29711375212224106,342,0.5806451612903226,28,0.04753820033955857,11,0.01867572156196944,3,0.0050933786078098476,2,0.003395585738539898,1,0.001697792869269949,27,0.04584040747028863,589,1.0,ORIGEN,SECCION,SOLO_COALICIONES
502,26,SONORA,GENERAL PLUTARCO ELIAS CALLES,,3,1330,611,327,0.5351882160392799,0.4648117839607201,PT_PVEM_MORENA_NAS,176,0.5382262996941896,73,0.22324159021406728,PAN_PRI_PRD,103,0.3149847094801223,80,0.24464831804281345,MC,23,0.07033639143730887,PT_PVEM_MORENA_NAS,176,0.5382262996941896,73,0.22324159021406728,PAN_PRI_PRD,103,0.3149847094801223,80,0.24464831804281345,MC,23,0.07033639143730887,103,0.3149847094801223,176,0.5382262996941896,23,0.07033639143730887,6,0.01834862385321101,0,0.0,2,0.0061162079510703364,0,0.0,17,0.05198776758409786,327,1.0,ORIGEN,SECCION,SOLO_COALICIONES
503,26,SONORA,GRANADOS,,18,106,1133,911,0.8040600176522507,0.19593998234774934,PAN_PRI_PRD,400,0.43907793633369924,63,0.06915477497255763,PT_PVEM_MORENA_NAS,337,0.3699231613611416,205,0.22502744237102085,MC,132,0.14489571899012074,PAN_PRI_PRD,400,0.43907793633369924,63,0.06915477497255763,PT_PVEM_MORENA_NAS,337,0.3699231613611416,205,0.22502744237102085,MC,132,0.14489571899012074,400,0.43907793633369924,337,0.3699231613611416,132,0.14489571899012074,1,0.0010976948408342481,1,0.0010976948408342481,6,0.006586169045005488,0,0.0,34,0.03732162458836443,911,1.0,ORIGEN,SECCION,SOLO_COALICIONES
504,26,SONORA,GUAYMAS,,13,1024,1028,586,0.5700389105058365,0.42996108949416345,PAN_PRI_PRD,365,0.6228668941979523,192,0.32764505119453924,PT_PVEM_MORENA_NAS,173,0.295221843003413,153,0.26109215017064846,MC,20,0.034129692832764506,PAN_PRI_PRD,365,0.6228668941979523,192,0.32764505119453924,PT_PVEM_MORENA_NAS,173,0.295221843003413,153,0.26109215017064846,MC,20,0.034129692832764506,365,0.6228668941979523,173,0.295221843003413,20,0.034129692832764506,11,0.01877133105802048,5,0.008532423208191127,6,0.010238907849829351,0,0.0,6,0.010238907849829351,586,1.0,ORIGEN,SECCION,SOLO_COALICIONES
505,26,SONORA,GUAYMAS,,13,1025,638,337,0.5282131661442007,0.47178683385579934,PAN_PRI_PRD,168,0.49851632047477745,35,0.10385756676557864,PT_PVEM_MORENA_NAS,133,0.39465875370919884,121,0.3590504451038576,MC,12,0.03560830860534125,PAN_PRI_PRD,168,0.49851632047477745,35,0.10385756676557864,PT_PVEM_MORENA_NAS,133,0.39465875370919884,121,0.3590504451038576,MC,12,0.03560830860534125,168,0.49851632047477745,133,0.39465875370919884,12,0.03560830860534125,12,0.03560830860534125,4,0.011869436201780416,5,0.01483679525222552,0,0.0,3,0.008902077151335312,337,1.0,ORIGEN,SECCION,SOLO_COALICIONES
506,26,SONORA,GUAYMAS,,13,1026,759,316,0.4163372859025033,0.5836627140974967,PT_PVEM_MORENA_NAS,172,0.5443037974683544,66,0.2088607594936709,PAN_PRI_PRD,106,0.33544303797468356,93,0.29430379746835444,MC,13,0.04113924050632911,PT_PVEM_MORENA_NAS,172,0.5443037974683544,66,0.2088607594936709,PAN_PRI_PRD,106,0.33544303797468356,93,0.29430379746835444,MC,13,0.04113924050632911,106,0.33544303797468356,172,0.5443037974683544,13,0.04113924050632911,12,0.0379746835443038,0,0.0,4,0.012658227848101266,0,0.0,9,0.028481012658227847,316,1.0,ORIGEN,SECCION,SOLO_COALICIONES
507,26,SONORA,GUAYMAS,,13,1027,814,384,0.47174447174447176,0.5282555282555282,PT_PVEM_MORENA_NAS,169,0.4401041666666667,3,0.0078125,PAN_PRI_PRD,166,0.4322916666666667,145,0.3776041666666667,MC,21,0.0546875,PT_PVEM_MORENA_NAS,169,0.4401041666666667,3,0.0078125,PAN_PRI_PRD,166,0.4322916666666667,145,0.3776041666666667,MC,21,0.0546875,166,0.4322916666666667,169,0.4401041666666667,21,0.0546875,14,0.036458333333333336,4,0.010416666666666666,3,0.0078125,0,0.0,7,0.018229166666666668,384,1.0,ORIGEN,SECCION,SOLO_COALICIONES
508,26,SONORA,GUAYMAS,,13,1028,1201,557,0.46378018318068276,0.5362198168193173,PT_PVEM_MORENA_NAS,326,0.585278276481149,158,0.2836624775583483,PAN_PRI_PRD,168,0.3016157989228007,145,0.26032315978456017,MC,23,0.04129263913824058,PT_PVEM_MORENA_NAS,326,0.585278276481149,158,0.2836624775583483,PAN_PRI_PRD,168,0.3016157989228007,145,0.26032315978456017,MC,23,0.04129263913824058,168,0.3016157989228007,326,0.585278276481149,23,0.04129263913824058,10,0.017953321364452424,6,0.010771992818671455,13,0.02333931777378815,0,0.0,11,0.019748653500897665,557,1.0,ORIGEN,SECCION,SOLO_COALICIONES
509,26,SONORA,GUAYMAS,,13,1029,901,438,0.48612652608213097,0.513873473917869,PT_PVEM_MORENA_NAS,272,0.6210045662100456,140,0.319634703196347,PAN_PRI_PRD,132,0.3013698630136986,120,0.273972602739726,FxM,12,0.0273972602739726,PT_PVEM_MORENA_NAS,272,0.6210045662100456,140,0.319634703196347,PAN_PRI_PRD,132,0.3013698630136986,120,0.273972602739726,FxM,12,0.0273972602739726,132,0.3013698630136986,272,0.6210045662100456,10,0.0228310502283105,8,0.0182648401826484,4,0.0091324200913242,12,0.0273972602739726,0,0.0,0,0.0,438,1.0,ORIGEN,SECCION,SOLO_COALICIONES
510,26,SONORA,GUAYMAS,,13,1030,261,116,0.4444444444444444,0.5555555555555556,PT_PVEM_MORENA_NAS,67,0.5775862068965517,30,0.25862068965517243,PAN_PRI_PRD,37,0.31896551724137934,32,0.27586206896551724,MC,5,0.04310344827586207,PT_PVEM_MORENA_NAS,67,0.5775862068965517,30,0.25862068965517243,PAN_PRI_PRD,37,0.31896551724137934,32,0.27586206896551724,MC,5,0.04310344827586207,37,0.31896551724137934,67,0.5775862068965517,5,0.04310344827586207,4,0.034482758620689655,0,0.0,2,0.017241379310344827,0,0.0,1,0.008620689655172414,116,1.0,ORIGEN,SECCION,SOLO_COALICIONES
511,26,SONORA,GUAYMAS,,13,1031,623,244,0.391653290529695,0.608346709470305,PT_PVEM_MORENA_NAS,146,0.5983606557377049,83,0.3401639344262295,PAN_PRI_PRD,63,0.2581967213114754,54,0.22131147540983606,MC,9,0.036885245901639344,PT_PVEM_MORENA_NAS,146,0.5983606557377049,83,0.3401639344262295,PAN_PRI_PRD,63,0.2581967213114754,54,0.22131147540983606,MC,9,0.036885245901639344,63,0.2581967213114754,146,0.5983606557377049,9,0.036885245901639344,7,0.028688524590163935,4,0.01639344262295082,6,0.02459016393442623,0,0.0,9,0.036885245901639344,244,1.0,ORIGEN,SECCION,SOLO_COALICIONES
512,26,SONORA,GUAYMAS,,13,1032,1224,437,0.3570261437908497,0.6429738562091503,PT_PVEM_MORENA_NAS,328,0.7505720823798627,279,0.6384439359267735,PAN_PRI_PRD,49,0.11212814645308924,28,0.06407322654462243,MC,21,0.04805491990846682,PT_PVEM_MORENA_NAS,328,0.7505720823798627,279,0.6384439359267735,PAN_PRI_PRD,49,0.11212814645308924,28,0.06407322654462243,MC,21,0.04805491990846682,49,0.11212814645308924,328,0.7505720823798627,21,0.04805491990846682,10,0.02288329519450801,6,0.013729977116704805,11,0.02517162471395881,0,0.0,12,0.02745995423340961,437,1.0,ORIGEN,SECCION,SOLO_COALICIONES
513,26,SONORA,GUAYMAS,,13,1033,651,200,0.30721966205837176,0.6927803379416282,PT_PVEM_MORENA_NAS,139,0.695,100,0.5,PAN_PRI_PRD,39,0.195,28,0.14,MC,11,0.055,PT_PVEM_MORENA_NAS,139,0.695,100,0.5,PAN_PRI_PRD,39,0.195,28,0.14,MC,11,0.055,39,0.195,139,0.695,11,0.055,2,0.01,4,0.02,2,0.01,0,0.0,3,0.015,200,1.0,ORIGEN,SECCION,SOLO_COALICIONES
514,26,SONORA,GUAYMAS,,13,1034,1146,476,0.41535776614310643,0.5846422338568935,PT_PVEM_MORENA_NAS,325,0.6827731092436975,229,0.4810924369747899,PAN_PRI_PRD,96,0.20168067226890757,78,0.1638655462184874,PES,18,0.037815126050420166,PT_PVEM_MORENA_NAS,325,0.6827731092436975,229,0.4810924369747899,PAN_PRI_PRD,96,0.20168067226890757,78,0.1638655462184874,PES,18,0.037815126050420166,96,0.20168067226890757,325,0.6827731092436975,16,0.03361344537815126,18,0.037815126050420166,3,0.0063025210084033615,4,0.008403361344537815,5,0.01050420168067227,9,0.018907563025210083,476,1.0,ORIGEN,SECCION,SOLO_COALICIONES
515,26,SONORA,GUAYMAS,,13,1035,794,359,0.4521410579345088,0.5478589420654911,PT_PVEM_MORENA_NAS,241,0.6713091922005571,169,0.47075208913649025,PAN_PRI_PRD,72,0.20055710306406685,57,0.15877437325905291,PES,15,0.04178272980501393,PT_PVEM_MORENA_NAS,241,0.6713091922005571,169,0.47075208913649025,PAN_PRI_PRD,72,0.20055710306406685,57,0.15877437325905291,PES,15,0.04178272980501393,72,0.20055710306406685,241,0.6713091922005571,10,0.027855153203342618,15,0.04178272980501393,4,0.011142061281337047,8,0.022284122562674095,0,0.0,9,0.025069637883008356,359,1.0,ORIGEN,SECCION,SOLO_COALICIONES
516,26,SONORA,GUAYMAS,,13,1036,1015,445,0.43842364532019706,0.5615763546798029,PT_PVEM_MORENA_NAS,244,0.5483146067415731,163,0.36629213483146067,PAN_PRI_PRD,81,0.18202247191011237,61,0.13707865168539327,MC,20,0.0449438202247191,PT_PVEM_MORENA_NAS,244,0.5483146067415731,163,0.36629213483146067,PAN_PRI_PRD,81,0.18202247191011237,61,0.13707865168539327,MC,20,0.0449438202247191,81,0.18202247191011237,244,0.5483146067415731,20,0.0449438202247191,14,0.03146067415730337,6,0.01348314606741573,8,0.017977528089887642,0,0.0,72,0.16179775280898875,445,1.0,ORIGEN,SECCION,SOLO_COALICIONES
517,26,SONORA,GUAYMAS,,13,1037,809,326,0.40296662546353523,0.5970333745364648,PT_PVEM_MORENA_NAS,224,0.6871165644171779,157,0.4815950920245399,PAN_PRI_PRD,67,0.20552147239263804,54,0.1656441717791411,MC,13,0.03987730061349693,PT_PVEM_MORENA_NAS,224,0.6871165644171779,157,0.4815950920245399,PAN_PRI_PRD,67,0.20552147239263804,54,0.1656441717791411,MC,13,0.03987730061349693,67,0.20552147239263804,224,0.6871165644171779,13,0.03987730061349693,9,0.027607361963190184,3,0.009202453987730062,5,0.015337423312883436,0,0.0,5,0.015337423312883436,326,1.0,ORIGEN,SECCION,SOLO_COALICIONES
518,26,SONORA,GUAYMAS,,13,1038,729,310,0.4252400548696845,0.5747599451303155,PT_PVEM_MORENA_NAS,188,0.6064516129032258,102,0.32903225806451614,PAN_PRI_PRD,86,0.27741935483870966,66,0.2129032258064516,MC,20,0.06451612903225806,PT_PVEM_MORENA_NAS,188,0.6064516129032258,102,0.32903225806451614,PAN_PRI_PRD,86,0.27741935483870966,66,0.2129032258064516,MC,20,0.06451612903225806,86,0.27741935483870966,188,0.6064516129032258,20,0.06451612903225806,1,0.0032258064516129032,4,0.012903225806451613,5,0.016129032258064516,0,0.0,6,0.01935483870967742,310,1.0,ORIGEN,SECCION,SOLO_COALICIONES
519,26,SONORA,GUAYMAS,,13,1039,876,431,0.4920091324200913,0.5079908675799087,PT_PVEM_MORENA_NAS,246,0.5707656612529002,114,0.26450116009280744,PAN_PRI_PRD,132,0.3062645011600928,115,0.2668213457076566,MC,17,0.03944315545243619,PT_PVEM_MORENA_NAS,246,0.5707656612529002,114,0.26450116009280744,PAN_PRI_PRD,132,0.3062645011600928,115,0.2668213457076566,MC,17,0.03944315545243619,132,0.3062645011600928,246,0.5707656612529002,17,0.03944315545243619,12,0.027842227378190254,9,0.02088167053364269,1,0.002320185614849188,3,0.0069605568445475635,11,0.025522041763341066,431,1.0,ORIGEN,SECCION,SOLO_COALICIONES
520,26,SONORA,GUAYMAS,,13,1040,991,496,0.5005045408678103,0.49949545913218973,PAN_PRI_PRD,227,0.4576612903225806,10,0.020161290322580645,PT_PVEM_MORENA_NAS,217,0.4375,191,0.3850806451612903,PES,26,0.05241935483870968,PAN_PRI_PRD,227,0.4576612903225806,10,0.020161290322580645,PT_PVEM_MORENA_NAS,217,0.4375,191,0.3850806451612903,PES,26,0.05241935483870968,227,0.4576612903225806,217,0.4375,11,0.02217741935483871,26,0.05241935483870968,1,0.0020161290322580645,7,0.014112903225806451,0,0.0,7,0.014112903225806451,496,1.0,ORIGEN,SECCION,SOLO_COALICIONES
521,26,SONORA,GUAYMAS,,13,1041,2543,1446,0.5686197404640189,0.43138025953598114,PAN_PRI_PRD,877,0.6065006915629322,420,0.29045643153526973,PT_PVEM_MORENA_NAS,457,0.3160442600276625,415,0.2869986168741355,PES,42,0.029045643153526972,PAN_PRI_PRD,877,0.6065006915629322,420,0.29045643153526973,PT_PVEM_MORENA_NAS,457,0.3160442600276625,415,0.2869986168741355,PES,42,0.029045643153526972,877,0.6065006915629322,457,0.3160442600276625,31,0.021438450899031812,42,0.029045643153526972,9,0.006224066390041493,16,0.011065006915629323,3,0.002074688796680498,11,0.007607192254495159,1446,1.0,ORIGEN,SECCION,SOLO_COALICIONES
522,26,SONORA,GUAYMAS,,13,1042,1378,675,0.4898403483309144,0.5101596516690856,PT_PVEM_MORENA_NAS,358,0.5303703703703704,112,0.16592592592592592,PAN_PRI_PRD,246,0.36444444444444446,221,0.3274074074074074,MC,25,0.037037037037037035,PT_PVEM_MORENA_NAS,358,0.5303703703703704,112,0.16592592592592592,PAN_PRI_PRD,246,0.36444444444444446,221,0.3274074074074074,MC,25,0.037037037037037035,246,0.36444444444444446,358,0.5303703703703704,25,0.037037037037037035,21,0.03111111111111111,4,0.005925925925925926,8,0.011851851851851851,1,0.0014814814814814814,12,0.017777777777777778,675,1.0,ORIGEN,SECCION,SOLO_COALICIONES
523,26,SONORA,GUAYMAS,,13,1043,1881,886,0.4710260499734184,0.5289739500265815,PT_PVEM_MORENA_NAS,491,0.554176072234763,177,0.19977426636568849,PAN_PRI_PRD,314,0.3544018058690745,281,0.31715575620767494,MC,33,0.03724604966139955,PT_PVEM_MORENA_NAS,491,0.554176072234763,177,0.19977426636568849,PAN_PRI_PRD,314,0.3544018058690745,281,0.31715575620767494,MC,33,0.03724604966139955,314,0.3544018058690745,491,0.554176072234763,33,0.03724604966139955,26,0.029345372460496615,6,0.006772009029345372,10,0.011286681715575621,1,0.001128668171557562,5,0.0056433408577878106,886,1.0,ORIGEN,SECCION,SOLO_COALICIONES
524,26,SONORA,GUAYMAS,,13,1044,2163,965,0.44613962089690246,0.5538603791030976,PT_PVEM_MORENA_NAS,522,0.5409326424870466,189,0.19585492227979276,PAN_PRI_PRD,333,0.3450777202072539,294,0.30466321243523314,PES,39,0.04041450777202073,PT_PVEM_MORENA_NAS,522,0.5409326424870466,189,0.19585492227979276,PAN_PRI_PRD,333,0.3450777202072539,294,0.30466321243523314,PES,39,0.04041450777202073,333,0.3450777202072539,522,0.5409326424870466,35,0.03626943005181347,39,0.04041450777202073,13,0.013471502590673576,8,0.008290155440414507,0,0.0,15,0.015544041450777202,965,1.0,ORIGEN,SECCION,SOLO_COALICIONES
525,26,SONORA,GUAYMAS,,13,1045,2755,1191,0.4323049001814882,0.5676950998185117,PT_PVEM_MORENA_NAS,588,0.49370277078085645,121,0.1015952980688497,PAN_PRI_PRD,467,0.39210747271200674,419,0.3518052057094878,PES,48,0.04030226700251889,PT_PVEM_MORENA_NAS,588,0.49370277078085645,121,0.1015952980688497,PAN_PRI_PRD,467,0.39210747271200674,419,0.3518052057094878,PES,48,0.04030226700251889,467,0.39210747271200674,588,0.49370277078085645,46,0.038623005877413935,48,0.04030226700251889,9,0.007556675062972292,24,0.020151133501259445,0,0.0,9,0.007556675062972292,1191,1.0,ORIGEN,SECCION,SOLO_COALICIONES
526,26,SONORA,GUAYMAS,,13,1046,968,398,0.41115702479338845,0.5888429752066116,PT_PVEM_MORENA_NAS,230,0.5778894472361809,108,0.271356783919598,PAN_PRI_PRD,122,0.3065326633165829,105,0.2638190954773869,PES,17,0.04271356783919598,PT_PVEM_MORENA_NAS,230,0.5778894472361809,108,0.271356783919598,PAN_PRI_PRD,122,0.3065326633165829,105,0.2638190954773869,PES,17,0.04271356783919598,122,0.3065326633165829,230,0.5778894472361809,12,0.03015075376884422,17,0.04271356783919598,3,0.007537688442211055,6,0.01507537688442211,1,0.002512562814070352,7,0.017587939698492462,398,1.0,ORIGEN,SECCION,SOLO_COALICIONES
527,26,SONORA,GUAYMAS,,13,1047,1045,992,0.9492822966507177,0.05071770334928227,PAN_PRI_PRD,486,0.4899193548387097,59,0.059475806451612906,PT_PVEM_MORENA_NAS,427,0.43044354838709675,405,0.40826612903225806,MC,22,0.02217741935483871,PAN_PRI_PRD,486,0.4899193548387097,59,0.059475806451612906,PT_PVEM_MORENA_NAS,427,0.43044354838709675,405,0.40826612903225806,MC,22,0.02217741935483871,486,0.4899193548387097,427,0.43044354838709675,22,0.02217741935483871,18,0.018145161290322582,12,0.012096774193548387,12,0.012096774193548387,2,0.0020161290322580645,13,0.01310483870967742,992,1.0,ORIGEN,SECCION,SOLO_COALICIONES
528,26,SONORA,GUAYMAS,,13,1048,1169,898,0.7681779298545766,0.23182207014542344,PT_PVEM_MORENA_NAS,425,0.4732739420935412,43,0.04788418708240535,PAN_PRI_PRD,382,0.42538975501113585,355,0.39532293986636974,PES,27,0.030066815144766147,PT_PVEM_MORENA_NAS,425,0.4732739420935412,43,0.04788418708240535,PAN_PRI_PRD,382,0.42538975501113585,355,0.39532293986636974,PES,27,0.030066815144766147,382,0.42538975501113585,425,0.4732739420935412,24,0.026726057906458798,27,0.030066815144766147,12,0.013363028953229399,9,0.01002227171492205,0,0.0,19,0.021158129175946547,898,1.0,ORIGEN,SECCION,SOLO_COALICIONES
529,26,SONORA,GUAYMAS,,13,1049,702,328,0.4672364672364672,0.5327635327635327,PT_PVEM_MORENA_NAS,159,0.4847560975609756,42,0.12804878048780488,PAN_PRI_PRD,117,0.3567073170731707,94,0.2865853658536585,PES,23,0.0701219512195122,PT_PVEM_MORENA_NAS,159,0.4847560975609756,42,0.12804878048780488,PAN_PRI_PRD,117,0.3567073170731707,94,0.2865853658536585,PES,23,0.0701219512195122,117,0.3567073170731707,159,0.4847560975609756,12,0.036585365853658534,23,0.0701219512195122,3,0.009146341463414634,5,0.01524390243902439,0,0.0,9,0.027439024390243903,328,1.0,ORIGEN,SECCION,SOLO_COALICIONES
530,26,SONORA,GUAYMAS,,13,1050,631,296,0.46909667194928684,0.5309033280507132,PT_PVEM_MORENA_NAS,151,0.5101351351351351,34,0.11486486486486487,PAN_PRI_PRD,117,0.3952702702702703,103,0.34797297297297297,PES,14,0.0472972972972973,PT_PVEM_MORENA_NAS,151,0.5101351351351351,34,0.11486486486486487,PAN_PRI_PRD,117,0.3952702702702703,103,0.34797297297297297,PES,14,0.0472972972972973,117,0.3952702702702703,151,0.5101351351351351,5,0.016891891891891893,14,0.0472972972972973,1,0.0033783783783783786,4,0.013513513513513514,0,0.0,4,0.013513513513513514,296,1.0,ORIGEN,SECCION,SOLO_COALICIONES
531,26,SONORA,GUAYMAS,,13,1051,1082,463,0.42791127541589646,0.5720887245841035,PT_PVEM_MORENA_NAS,297,0.6414686825053996,184,0.39740820734341253,PAN_PRI_PRD,113,0.24406047516198703,92,0.19870410367170627,MC,21,0.04535637149028078,PT_PVEM_MORENA_NAS,297,0.6414686825053996,184,0.39740820734341253,PAN_PRI_PRD,113,0.24406047516198703,92,0.19870410367170627,MC,21,0.04535637149028078,113,0.24406047516198703,297,0.6414686825053996,21,0.04535637149028078,12,0.02591792656587473,3,0.0064794816414686825,6,0.012958963282937365,0,0.0,11,0.023758099352051837,463,1.0,ORIGEN,SECCION,SOLO_COALICIONES
532,26,SONORA,GUAYMAS,,13,1052,392,204,0.5204081632653061,0.47959183673469385,PT_PVEM_MORENA_NAS,114,0.5588235294117647,36,0.17647058823529413,PAN_PRI_PRD,78,0.38235294117647056,74,0.3627450980392157,FxM,4,0.0196078431372549,PT_PVEM_MORENA_NAS,114,0.5588235294117647,36,0.17647058823529413,PAN_PRI_PRD,78,0.38235294117647056,74,0.3627450980392157,FxM,4,0.0196078431372549,78,0.38235294117647056,114,0.5588235294117647,3,0.014705882352941176,2,0.00980392156862745,0,0.0,4,0.0196078431372549,0,0.0,3,0.014705882352941176,204,1.0,ORIGEN,SECCION,SOLO_COALICIONES
533,26,SONORA,GUAYMAS,,13,1053,648,249,0.38425925925925924,0.6157407407407407,PT_PVEM_MORENA_NAS,148,0.5943775100401606,86,0.3453815261044177,PAN_PRI_PRD,62,0.24899598393574296,52,0.20883534136546184,PES,10,0.040160642570281124,PT_PVEM_MORENA_NAS,148,0.5943775100401606,86,0.3453815261044177,PAN_PRI_PRD,62,0.24899598393574296,52,0.20883534136546184,PES,10,0.040160642570281124,62,0.24899598393574296,148,0.5943775100401606,9,0.03614457831325301,10,0.040160642570281124,3,0.012048192771084338,2,0.008032128514056224,0,0.0,15,0.060240963855421686,249,1.0,ORIGEN,SECCION,SOLO_COALICIONES
534,26,SONORA,GUAYMAS,,13,1054,883,400,0.45300113250283125,0.5469988674971688,PT_PVEM_MORENA_NAS,243,0.6075,132,0.33,PAN_PRI_PRD,111,0.2775,94,0.235,MC,17,0.0425,PT_PVEM_MORENA_NAS,243,0.6075,132,0.33,PAN_PRI_PRD,111,0.2775,94,0.235,MC,17,0.0425,111,0.2775,243,0.6075,17,0.0425,16,0.04,1,0.0025,6,0.015,0,0.0,6,0.015,400,1.0,ORIGEN,SECCION,SOLO_COALICIONES
535,26,SONORA,GUAYMAS,,13,1055,595,269,0.45210084033613446,0.5478991596638656,PT_PVEM_MORENA_NAS,148,0.550185873605948,66,0.24535315985130113,PAN_PRI_PRD,82,0.3048327137546468,65,0.241635687732342,PES,17,0.06319702602230483,PT_PVEM_MORENA_NAS,148,0.550185873605948,66,0.24535315985130113,PAN_PRI_PRD,82,0.3048327137546468,65,0.241635687732342,PES,17,0.06319702602230483,82,0.3048327137546468,148,0.550185873605948,0,0.0,17,0.06319702602230483,1,0.0037174721189591076,9,0.03345724907063197,0,0.0,12,0.04460966542750929,269,1.0,ORIGEN,SECCION,SOLO_COALICIONES
536,26,SONORA,GUAYMAS,,13,1056,980,359,0.3663265306122449,0.633673469387755,PT_PVEM_MORENA_NAS,231,0.6434540389972145,145,0.403899721448468,PAN_PRI_PRD,86,0.2395543175487465,70,0.19498607242339833,PES,16,0.04456824512534819,PT_PVEM_MORENA_NAS,231,0.6434540389972145,145,0.403899721448468,PAN_PRI_PRD,86,0.2395543175487465,70,0.19498607242339833,PES,16,0.04456824512534819,86,0.2395543175487465,231,0.6434540389972145,9,0.025069637883008356,16,0.04456824512534819,2,0.005571030640668524,5,0.013927576601671309,0,0.0,10,0.027855153203342618,359,1.0,ORIGEN,SECCION,SOLO_COALICIONES
537,26,SONORA,GUAYMAS,,13,1057,547,206,0.376599634369287,0.623400365630713,PT_PVEM_MORENA_NAS,137,0.6650485436893204,101,0.49029126213592233,PAN_PRI_PRD,36,0.17475728155339806,24,0.11650485436893204,MC,12,0.05825242718446602,PT_PVEM_MORENA_NAS,137,0.6650485436893204,101,0.49029126213592233,PAN_PRI_PRD,36,0.17475728155339806,24,0.11650485436893204,MC,12,0.05825242718446602,36,0.17475728155339806,137,0.6650485436893204,12,0.05825242718446602,6,0.02912621359223301,4,0.019417475728155338,5,0.024271844660194174,0,0.0,6,0.02912621359223301,206,1.0,ORIGEN,SECCION,SOLO_COALICIONES
538,26,SONORA,GUAYMAS,,13,1058,1760,1082,0.6147727272727272,0.38522727272727275,PAN_PRI_PRD,691,0.6386321626617375,378,0.34935304990757854,PT_PVEM_MORENA_NAS,313,0.28927911275415896,279,0.2578558225508318,MC,34,0.031423290203327174,PAN_PRI_PRD,691,0.6386321626617375,378,0.34935304990757854,PT_PVEM_MORENA_NAS,313,0.28927911275415896,279,0.2578558225508318,MC,34,0.031423290203327174,691,0.6386321626617375,313,0.28927911275415896,34,0.031423290203327174,26,0.024029574861367836,2,0.0018484288354898336,5,0.0046210720887245845,3,0.0027726432532347504,8,0.0073937153419593345,1082,1.0,ORIGEN,SECCION,SOLO_COALICIONES
539,26,SONORA,GUAYMAS,,13,1059,2375,997,0.41978947368421055,0.5802105263157895,PT_PVEM_MORENA_NAS,580,0.5817452357071213,294,0.2948846539618857,PAN_PRI_PRD,286,0.2868605817452357,252,0.25275827482447344,MC,34,0.034102306920762285,PT_PVEM_MORENA_NAS,580,0.5817452357071213,294,0.2948846539618857,PAN_PRI_PRD,286,0.2868605817452357,252,0.25275827482447344,MC,34,0.034102306920762285,286,0.2868605817452357,580,0.5817452357071213,34,0.034102306920762285,33,0.033099297893681046,15,0.015045135406218655,18,0.01805416248746239,0,0.0,31,0.031093279839518557,997,1.0,ORIGEN,SECCION,SOLO_COALICIONES
540,26,SONORA,GUAYMAS,,13,1060,1101,452,0.410535876475931,0.589464123524069,PT_PVEM_MORENA_NAS,280,0.6194690265486725,158,0.3495575221238938,PAN_PRI_PRD,122,0.26991150442477874,108,0.23893805309734514,PES,14,0.030973451327433628,PT_PVEM_MORENA_NAS,280,0.6194690265486725,158,0.3495575221238938,PAN_PRI_PRD,122,0.26991150442477874,108,0.23893805309734514,PES,14,0.030973451327433628,122,0.26991150442477874,280,0.6194690265486725,9,0.01991150442477876,14,0.030973451327433628,7,0.015486725663716814,14,0.030973451327433628,0,0.0,6,0.01327433628318584,452,1.0,ORIGEN,SECCION,SOLO_COALICIONES
541,26,SONORA,GUAYMAS,,13,1061,682,293,0.42961876832844575,0.5703812316715542,PT_PVEM_MORENA_NAS,160,0.5460750853242321,65,0.22184300341296928,PAN_PRI_PRD,95,0.3242320819112628,78,0.26621160409556316,MC,17,0.05802047781569966,PT_PVEM_MORENA_NAS,160,0.5460750853242321,65,0.22184300341296928,PAN_PRI_PRD,95,0.3242320819112628,78,0.26621160409556316,MC,17,0.05802047781569966,95,0.3242320819112628,160,0.5460750853242321,17,0.05802047781569966,10,0.034129692832764506,3,0.010238907849829351,3,0.010238907849829351,0,0.0,5,0.017064846416382253,293,1.0,ORIGEN,SECCION,SOLO_COALICIONES
542,26,SONORA,GUAYMAS,,13,1062,862,437,0.5069605568445475,0.49303944315545245,PT_PVEM_MORENA_NAS,255,0.5835240274599542,110,0.2517162471395881,PAN_PRI_PRD,145,0.3318077803203661,122,0.2791762013729977,PES,23,0.05263157894736842,PT_PVEM_MORENA_NAS,255,0.5835240274599542,110,0.2517162471395881,PAN_PRI_PRD,145,0.3318077803203661,122,0.2791762013729977,PES,23,0.05263157894736842,145,0.3318077803203661,255,0.5835240274599542,6,0.013729977116704805,23,0.05263157894736842,2,0.004576659038901602,3,0.006864988558352402,0,0.0,3,0.006864988558352402,437,1.0,ORIGEN,SECCION,SOLO_COALICIONES
543,26,SONORA,GUAYMAS,,13,1063,550,294,0.5345454545454545,0.46545454545454545,PT_PVEM_MORENA_NAS,165,0.5612244897959183,72,0.24489795918367346,PAN_PRI_PRD,93,0.3163265306122449,76,0.2585034013605442,PES,17,0.05782312925170068,PT_PVEM_MORENA_NAS,165,0.5612244897959183,72,0.24489795918367346,PAN_PRI_PRD,93,0.3163265306122449,76,0.2585034013605442,PES,17,0.05782312925170068,93,0.3163265306122449,165,0.5612244897959183,10,0.034013605442176874,17,0.05782312925170068,2,0.006802721088435374,7,0.023809523809523808,0,0.0,0,0.0,294,1.0,ORIGEN,SECCION,SOLO_COALICIONES
544,26,SONORA,GUAYMAS,,13,1064,1032,697,0.6753875968992248,0.3246124031007752,PT_PVEM_MORENA_NAS,257,0.36872309899569583,158,0.2266857962697274,PAN_PRI_PRD,99,0.14203730272596843,83,0.11908177905308465,PES,16,0.02295552367288379,PT_PVEM_MORENA_NAS,257,0.36872309899569583,158,0.2266857962697274,PAN_PRI_PRD,99,0.14203730272596843,83,0.11908177905308465,PES,16,0.02295552367288379,99,0.14203730272596843,257,0.36872309899569583,7,0.010043041606886656,16,0.02295552367288379,3,0.00430416068866571,7,0.010043041606886656,0,0.0,308,0.4418938307030129,697,1.0,ORIGEN,SECCION,SOLO_COALICIONES
545,26,SONORA,GUAYMAS,,13,1065,836,362,0.43301435406698563,0.5669856459330144,PT_PVEM_MORENA_NAS,242,0.6685082872928176,150,0.4143646408839779,PAN_PRI_PRD,92,0.2541436464088398,84,0.23204419889502761,MC,8,0.022099447513812154,PT_PVEM_MORENA_NAS,242,0.6685082872928176,150,0.4143646408839779,PAN_PRI_PRD,92,0.2541436464088398,84,0.23204419889502761,MC,8,0.022099447513812154,92,0.2541436464088398,242,0.6685082872928176,8,0.022099447513812154,1,0.0027624309392265192,2,0.0055248618784530384,4,0.011049723756906077,0,0.0,13,0.03591160220994475,362,1.0,ORIGEN,SECCION,SOLO_COALICIONES
546,26,SONORA,GUAYMAS,,13,1066,1269,525,0.41371158392434987,0.5862884160756501,PT_PVEM_MORENA_NAS,313,0.5961904761904762,184,0.3504761904761905,PAN_PRI_PRD,129,0.24571428571428572,109,0.20761904761904762,FxM,20,0.0380952380952381,PT_PVEM_MORENA_NAS,313,0.5961904761904762,184,0.3504761904761905,PAN_PRI_PRD,129,0.24571428571428572,109,0.20761904761904762,FxM,20,0.0380952380952381,129,0.24571428571428572,313,0.5961904761904762,12,0.022857142857142857,15,0.02857142857142857,4,0.007619047619047619,20,0.0380952380952381,0,0.0,32,0.06095238095238095,525,1.0,ORIGEN,SECCION,SOLO_COALICIONES
547,26,SONORA,GUAYMAS,,13,1067,988,471,0.4767206477732793,0.5232793522267207,PT_PVEM_MORENA_NAS,265,0.5626326963906582,121,0.25690021231422505,PAN_PRI_PRD,144,0.3057324840764331,121,0.25690021231422505,PES,23,0.04883227176220807,PT_PVEM_MORENA_NAS,265,0.5626326963906582,121,0.25690021231422505,PAN_PRI_PRD,144,0.3057324840764331,121,0.25690021231422505,PES,23,0.04883227176220807,144,0.3057324840764331,265,0.5626326963906582,19,0.040339702760084924,23,0.04883227176220807,2,0.004246284501061571,5,0.010615711252653927,0,0.0,13,0.027600849256900213,471,1.0,ORIGEN,SECCION,SOLO_COALICIONES
548,26,SONORA,GUAYMAS,,13,1068,1173,498,0.42455242966751916,0.5754475703324808,PT_PVEM_MORENA_NAS,330,0.6626506024096386,208,0.41767068273092367,PAN_PRI_PRD,122,0.24497991967871485,110,0.22088353413654618,FxM,12,0.024096385542168676,PT_PVEM_MORENA_NAS,330,0.6626506024096386,208,0.41767068273092367,PAN_PRI_PRD,122,0.24497991967871485,110,0.22088353413654618,FxM,12,0.024096385542168676,122,0.24497991967871485,330,0.6626506024096386,9,0.018072289156626505,9,0.018072289156626505,5,0.010040160642570281,12,0.024096385542168676,0,0.0,11,0.02208835341365462,498,1.0,ORIGEN,SECCION,SOLO_COALICIONES
549,26,SONORA,GUAYMAS,,13,1069,3394,1160,0.3417796110783736,0.6582203889216264,PT_PVEM_MORENA_NAS,693,0.5974137931034482,390,0.33620689655172414,PAN_PRI_PRD,303,0.26120689655172413,251,0.21637931034482757,PES,52,0.04482758620689655,PT_PVEM_MORENA_NAS,693,0.5974137931034482,390,0.33620689655172414,PAN_PRI_PRD,303,0.26120689655172413,251,0.21637931034482757,PES,52,0.04482758620689655,303,0.26120689655172413,693,0.5974137931034482,44,0.03793103448275862,52,0.04482758620689655,18,0.015517241379310345,26,0.022413793103448276,3,0.002586206896551724,21,0.01810344827586207,1160,1.0,ORIGEN,SECCION,SOLO_COALICIONES
550,26,SONORA,GUAYMAS,,13,1070,1029,504,0.4897959183673469,0.5102040816326531,PT_PVEM_MORENA_NAS,306,0.6071428571428571,161,0.3194444444444444,PAN_PRI_PRD,145,0.2876984126984127,130,0.25793650793650796,PES,15,0.02976190476190476,PT_PVEM_MORENA_NAS,306,0.6071428571428571,161,0.3194444444444444,PAN_PRI_PRD,145,0.2876984126984127,130,0.25793650793650796,PES,15,0.02976190476190476,145,0.2876984126984127,306,0.6071428571428571,14,0.027777777777777776,15,0.02976190476190476,4,0.007936507936507936,12,0.023809523809523808,0,0.0,8,0.015873015873015872,504,1.0,ORIGEN,SECCION,SOLO_COALICIONES
551,26,SONORA,GUAYMAS,,13,1071,992,151,0.15221774193548387,0.8477822580645161,PT_PVEM_MORENA_NAS,101,0.6688741721854304,61,0.40397350993377484,PAN_PRI_PRD,40,0.26490066225165565,37,0.24503311258278146,MC,3,0.019867549668874173,PT_PVEM_MORENA_NAS,101,0.6688741721854304,61,0.40397350993377484,PAN_PRI_PRD,40,0.26490066225165565,37,0.24503311258278146,MC,3,0.019867549668874173,40,0.26490066225165565,101,0.6688741721854304,3,0.019867549668874173,2,0.013245033112582781,3,0.019867549668874173,2,0.013245033112582781,0,0.0,0,0.0,151,1.0,ORIGEN,SECCION,SOLO_COALICIONES
552,26,SONORA,GUAYMAS,,13,1072,1050,469,0.44666666666666666,0.5533333333333333,PT_PVEM_MORENA_NAS,265,0.5650319829424307,108,0.2302771855010661,PAN_PRI_PRD,157,0.3347547974413646,141,0.3006396588486141,FxM,16,0.03411513859275053,PT_PVEM_MORENA_NAS,265,0.5650319829424307,108,0.2302771855010661,PAN_PRI_PRD,157,0.3347547974413646,141,0.3006396588486141,FxM,16,0.03411513859275053,157,0.3347547974413646,265,0.5650319829424307,10,0.021321961620469083,10,0.021321961620469083,5,0.010660980810234541,16,0.03411513859275053,0,0.0,6,0.01279317697228145,469,1.0,ORIGEN,SECCION,SOLO_COALICIONES
553,26,SONORA,GUAYMAS,,13,1073,1358,675,0.49705449189985274,0.5029455081001473,PT_PVEM_MORENA_NAS,418,0.6192592592592593,232,0.3437037037037037,PAN_PRI_PRD,186,0.27555555555555555,159,0.23555555555555555,MC,27,0.04,PT_PVEM_MORENA_NAS,418,0.6192592592592593,232,0.3437037037037037,PAN_PRI_PRD,186,0.27555555555555555,159,0.23555555555555555,MC,27,0.04,186,0.27555555555555555,418,0.6192592592592593,27,0.04,24,0.035555555555555556,4,0.005925925925925926,6,0.008888888888888889,1,0.0014814814814814814,9,0.013333333333333334,675,1.0,ORIGEN,SECCION,SOLO_COALICIONES
554,26,SONORA,GUAYMAS,,13,1074,659,311,0.47192716236722304,0.528072837632777,PT_PVEM_MORENA_NAS,173,0.5562700964630225,96,0.3086816720257235,PAN_PRI_PRD,77,0.24758842443729903,61,0.19614147909967847,MC,16,0.05144694533762058,PT_PVEM_MORENA_NAS,173,0.5562700964630225,96,0.3086816720257235,PAN_PRI_PRD,77,0.24758842443729903,61,0.19614147909967847,MC,16,0.05144694533762058,77,0.24758842443729903,173,0.5562700964630225,16,0.05144694533762058,16,0.05144694533762058,2,0.006430868167202572,12,0.03858520900321544,0,0.0,15,0.04823151125401929,311,1.0,ORIGEN,SECCION,SOLO_COALICIONES
555,26,SONORA,GUAYMAS,,13,1075,1450,641,0.4420689655172414,0.5579310344827586,PT_PVEM_MORENA_NAS,376,0.5865834633385335,208,0.3244929797191888,PAN_PRI_PRD,168,0.2620904836193448,132,0.2059282371294852,MC,36,0.056162246489859596,PT_PVEM_MORENA_NAS,376,0.5865834633385335,208,0.3244929797191888,PAN_PRI_PRD,168,0.2620904836193448,132,0.2059282371294852,MC,36,0.056162246489859596,168,0.2620904836193448,376,0.5865834633385335,36,0.056162246489859596,28,0.0436817472698908,10,0.015600624024960999,11,0.0171606864274571,0,0.0,12,0.0187207488299532,641,1.0,ORIGEN,SECCION,SOLO_COALICIONES
556,26,SONORA,GUAYMAS,,13,1076,2384,878,0.36828859060402686,0.6317114093959731,PT_PVEM_MORENA_NAS,587,0.6685649202733486,391,0.44533029612756264,PAN_PRI_PRD,196,0.22323462414578588,172,0.1958997722095672,MC,24,0.02733485193621868,PT_PVEM_MORENA_NAS,587,0.6685649202733486,391,0.44533029612756264,PAN_PRI_PRD,196,0.22323462414578588,172,0.1958997722095672,MC,24,0.02733485193621868,196,0.22323462414578588,587,0.6685649202733486,24,0.02733485193621868,23,0.02619589977220957,13,0.014806378132118452,21,0.023917995444191344,0,0.0,14,0.015945330296127564,878,1.0,ORIGEN,SECCION,SOLO_COALICIONES
557,26,SONORA,GUAYMAS,,13,1078,1118,450,0.40250447227191416,0.5974955277280858,PT_PVEM_MORENA_NAS,278,0.6177777777777778,178,0.39555555555555555,PAN_PRI_PRD,100,0.2222222222222222,79,0.17555555555555555,PES,21,0.04666666666666667,PT_PVEM_MORENA_NAS,278,0.6177777777777778,178,0.39555555555555555,PAN_PRI_PRD,100,0.2222222222222222,79,0.17555555555555555,PES,21,0.04666666666666667,100,0.2222222222222222,278,0.6177777777777778,17,0.03777777777777778,21,0.04666666666666667,17,0.03777777777777778,10,0.022222222222222223,0,0.0,7,0.015555555555555555,450,1.0,ORIGEN,SECCION,SOLO_COALICIONES
558,26,SONORA,GUAYMAS,,13,1079,3209,1293,0.4029292614521658,0.5970707385478342,PT_PVEM_MORENA_NAS,721,0.5576179427687549,356,0.27532869296210366,PAN_PRI_PRD,365,0.2822892498066512,278,0.21500386697602475,FxM,87,0.06728538283062645,PT_PVEM_MORENA_NAS,721,0.5576179427687549,356,0.27532869296210366,PAN_PRI_PRD,365,0.2822892498066512,278,0.21500386697602475,FxM,87,0.06728538283062645,365,0.2822892498066512,721,0.5576179427687549,58,0.0448569218870843,23,0.017788089713843776,18,0.013921113689095127,87,0.06728538283062645,0,0.0,21,0.016241299303944315,1293,1.0,ORIGEN,SECCION,SOLO_COALICIONES
559,26,SONORA,GUAYMAS,,13,1080,813,357,0.43911439114391143,0.5608856088560885,PT_PVEM_MORENA_NAS,238,0.6666666666666666,145,0.4061624649859944,PAN_PRI_PRD,93,0.2605042016806723,81,0.226890756302521,FxM,12,0.03361344537815126,PT_PVEM_MORENA_NAS,238,0.6666666666666666,145,0.4061624649859944,PAN_PRI_PRD,93,0.2605042016806723,81,0.226890756302521,FxM,12,0.03361344537815126,93,0.2605042016806723,238,0.6666666666666666,4,0.011204481792717087,8,0.022408963585434174,2,0.0056022408963585435,12,0.03361344537815126,0,0.0,0,0.0,357,1.0,ORIGEN,SECCION,SOLO_COALICIONES
560,26,SONORA,GUAYMAS,,13,1081,991,826,0.8335015136226034,0.16649848637739662,MC,416,0.5036319612590799,242,0.2929782082324455,PES,174,0.2106537530266344,6,0.007263922518159807,PAN_PRI_PRD,168,0.2033898305084746,MC,416,0.5036319612590799,242,0.2929782082324455,PES,174,0.2106537530266344,6,0.007263922518159807,PAN_PRI_PRD,168,0.2033898305084746,168,0.2033898305084746,4,0.004842615012106538,416,0.5036319612590799,174,0.2106537530266344,2,0.002421307506053269,4,0.004842615012106538,28,0.03389830508474576,30,0.03631961259079903,826,1.0,ORIGEN,SECCION,SOLO_COALICIONES
561,26,SONORA,GUAYMAS,,13,1082,2571,1046,0.4068455853753403,0.5931544146246597,PAN_PRI_PRD,501,0.4789674952198853,64,0.06118546845124283,PT_PVEM_MORENA_NAS,437,0.41778202676864246,403,0.3852772466539197,MC,34,0.032504780114722756,PAN_PRI_PRD,501,0.4789674952198853,64,0.06118546845124283,PT_PVEM_MORENA_NAS,437,0.41778202676864246,403,0.3852772466539197,MC,34,0.032504780114722756,501,0.4789674952198853,437,0.41778202676864246,34,0.032504780114722756,27,0.02581261950286807,10,0.009560229445506692,21,0.020076481835564052,1,0.0009560229445506692,15,0.014340344168260038,1046,1.0,ORIGEN,SECCION,SOLO_COALICIONES
562,26,SONORA,GUAYMAS,,13,1083,1601,533,0.3329169269206746,0.6670830730793254,PT_PVEM_MORENA_NAS,310,0.5816135084427767,187,0.350844277673546,PAN_PRI_PRD,123,0.23076923076923078,87,0.16322701688555347,PES,36,0.0675422138836773,PT_PVEM_MORENA_NAS,310,0.5816135084427767,187,0.350844277673546,PAN_PRI_PRD,123,0.23076923076923078,87,0.16322701688555347,PES,36,0.0675422138836773,123,0.23076923076923078,310,0.5816135084427767,20,0.0375234521575985,36,0.0675422138836773,11,0.020637898686679174,6,0.01125703564727955,1,0.001876172607879925,26,0.04878048780487805,533,1.0,ORIGEN,SECCION,SOLO_COALICIONES
563,26,SONORA,GUAYMAS,,13,1084,1016,328,0.3228346456692913,0.6771653543307087,PT_PVEM_MORENA_NAS,206,0.6280487804878049,145,0.4420731707317073,PAN_PRI_PRD,61,0.18597560975609756,44,0.13414634146341464,MC,17,0.051829268292682924,PT_PVEM_MORENA_NAS,206,0.6280487804878049,145,0.4420731707317073,PAN_PRI_PRD,61,0.18597560975609756,44,0.13414634146341464,MC,17,0.051829268292682924,61,0.18597560975609756,206,0.6280487804878049,17,0.051829268292682924,16,0.04878048780487805,5,0.01524390243902439,10,0.03048780487804878,0,0.0,13,0.039634146341463415,328,1.0,ORIGEN,SECCION,SOLO_COALICIONES
564,26,SONORA,GUAYMAS,,13,1090,2339,711,0.3039760581445062,0.6960239418554939,PT_PVEM_MORENA_NAS,392,0.5513361462728551,206,0.28973277074542897,PAN_PRI_PRD,186,0.2616033755274262,115,0.1617440225035162,PES,71,0.09985935302390998,PT_PVEM_MORENA_NAS,392,0.5513361462728551,206,0.28973277074542897,PAN_PRI_PRD,186,0.2616033755274262,115,0.1617440225035162,PES,71,0.09985935302390998,186,0.2616033755274262,392,0.5513361462728551,20,0.02812939521800281,71,0.09985935302390998,5,0.007032348804500703,14,0.01969057665260197,1,0.0014064697609001407,22,0.030942334739803096,711,1.0,ORIGEN,SECCION,SOLO_COALICIONES
565,26,SONORA,GUAYMAS,,13,1515,1734,716,0.4129181084198385,0.5870818915801614,PT_PVEM_MORENA_NAS,326,0.4553072625698324,176,0.24581005586592178,PAN_PRI_PRD,150,0.20949720670391062,131,0.1829608938547486,MC,19,0.02653631284916201,PT_PVEM_MORENA_NAS,326,0.4553072625698324,176,0.24581005586592178,PAN_PRI_PRD,150,0.20949720670391062,131,0.1829608938547486,MC,19,0.02653631284916201,150,0.20949720670391062,326,0.4553072625698324,19,0.02653631284916201,10,0.013966480446927373,8,0.0111731843575419,18,0.025139664804469275,0,0.0,185,0.25837988826815644,716,1.0,ORIGEN,SECCION,SOLO_COALICIONES
566,26,SONORA,GUAYMAS,,13,1516,1504,405,0.269281914893617,0.730718085106383,PT_PVEM_MORENA_NAS,238,0.5876543209876544,132,0.32592592592592595,PAN_PRI_PRD,106,0.2617283950617284,90,0.2222222222222222,PES,16,0.03950617283950617,PT_PVEM_MORENA_NAS,238,0.5876543209876544,132,0.32592592592592595,PAN_PRI_PRD,106,0.2617283950617284,90,0.2222222222222222,PES,16,0.03950617283950617,106,0.2617283950617284,238,0.5876543209876544,14,0.0345679012345679,16,0.03950617283950617,7,0.01728395061728395,12,0.02962962962962963,0,0.0,12,0.02962962962962963,405,1.0,ORIGEN,SECCION,SOLO_COALICIONES
567,26,SONORA,GUAYMAS,,13,1517,1018,523,0.5137524557956779,0.48624754420432215,PT_PVEM_MORENA_NAS,285,0.5449330783938815,108,0.20650095602294455,PAN_PRI_PRD,177,0.3384321223709369,156,0.2982791586998088,PES,21,0.040152963671128104,PT_PVEM_MORENA_NAS,285,0.5449330783938815,108,0.20650095602294455,PAN_PRI_PRD,177,0.3384321223709369,156,0.2982791586998088,PES,21,0.040152963671128104,177,0.3384321223709369,285,0.5449330783938815,16,0.030592734225621414,21,0.040152963671128104,6,0.011472275334608031,5,0.009560229445506692,6,0.011472275334608031,7,0.01338432122370937,523,1.0,ORIGEN,SECCION,SOLO_COALICIONES
568,26,SONORA,GUAYMAS,,13,1518,1615,518,0.32074303405572757,0.6792569659442724,PT_PVEM_MORENA_NAS,297,0.5733590733590733,140,0.2702702702702703,PAN_PRI_PRD,157,0.3030888030888031,132,0.2548262548262548,PES,25,0.04826254826254826,PT_PVEM_MORENA_NAS,297,0.5733590733590733,140,0.2702702702702703,PAN_PRI_PRD,157,0.3030888030888031,132,0.2548262548262548,PES,25,0.04826254826254826,157,0.3030888030888031,297,0.5733590733590733,11,0.021235521235521235,25,0.04826254826254826,5,0.009652509652509652,12,0.023166023166023165,1,0.0019305019305019305,10,0.019305019305019305,518,1.0,ORIGEN,SECCION,SOLO_COALICIONES
569,26,SONORA,GUAYMAS,,13,1519,1525,659,0.4321311475409836,0.5678688524590164,PT_PVEM_MORENA_NAS,375,0.5690440060698028,170,0.25796661608497723,PAN_PRI_PRD,205,0.3110773899848255,179,0.2716236722306525,MC,26,0.03945371775417299,PT_PVEM_MORENA_NAS,375,0.5690440060698028,170,0.25796661608497723,PAN_PRI_PRD,205,0.3110773899848255,179,0.2716236722306525,MC,26,0.03945371775417299,205,0.3110773899848255,375,0.5690440060698028,26,0.03945371775417299,21,0.03186646433990895,7,0.010622154779969651,3,0.004552352048558422,0,0.0,22,0.03338391502276176,659,1.0,ORIGEN,SECCION,SOLO_COALICIONES
570,26,SONORA,GUAYMAS,,13,1520,887,307,0.3461104847801578,0.6538895152198422,PT_PVEM_MORENA_NAS,183,0.5960912052117264,89,0.2899022801302932,PAN_PRI_PRD,94,0.30618892508143325,90,0.2931596091205212,MC,4,0.013029315960912053,PT_PVEM_MORENA_NAS,183,0.5960912052117264,89,0.2899022801302932,PAN_PRI_PRD,94,0.30618892508143325,90,0.2931596091205212,MC,4,0.013029315960912053,94,0.30618892508143325,183,0.5960912052117264,4,0.013029315960912053,4,0.013029315960912053,3,0.009771986970684038,3,0.009771986970684038,0,0.0,16,0.05211726384364821,307,1.0,ORIGEN,SECCION,SOLO_COALICIONES
571,26,SONORA,GUAYMAS,,13,1521,2030,598,0.29458128078817736,0.7054187192118226,PT_PVEM_MORENA_NAS,374,0.6254180602006689,239,0.3996655518394649,PAN_PRI_PRD,135,0.225752508361204,105,0.17558528428093645,MC,30,0.05016722408026756,PT_PVEM_MORENA_NAS,374,0.6254180602006689,239,0.3996655518394649,PAN_PRI_PRD,135,0.225752508361204,105,0.17558528428093645,MC,30,0.05016722408026756,135,0.225752508361204,374,0.6254180602006689,30,0.05016722408026756,24,0.04013377926421405,11,0.01839464882943144,15,0.02508361204013378,0,0.0,9,0.015050167224080268,598,1.0,ORIGEN,SECCION,SOLO_COALICIONES
572,26,SONORA,GUAYMAS,,13,1522,1147,379,0.3304272013949433,0.6695727986050567,PT_PVEM_MORENA_NAS,230,0.6068601583113457,122,0.32189973614775724,PAN_PRI_PRD,108,0.2849604221635884,93,0.24538258575197888,MC,15,0.0395778364116095,PT_PVEM_MORENA_NAS,230,0.6068601583113457,122,0.32189973614775724,PAN_PRI_PRD,108,0.2849604221635884,93,0.24538258575197888,MC,15,0.0395778364116095,108,0.2849604221635884,230,0.6068601583113457,15,0.0395778364116095,10,0.026385224274406333,4,0.010554089709762533,9,0.023746701846965697,0,0.0,3,0.0079155672823219,379,1.0,ORIGEN,SECCION,SOLO_COALICIONES
573,26,SONORA,GUAYMAS,,13,1523,2365,624,0.2638477801268499,0.73615221987315,PT_PVEM_MORENA_NAS,415,0.6650641025641025,289,0.46314102564102566,PAN_PRI_PRD,126,0.20192307692307693,98,0.15705128205128205,MC,28,0.04487179487179487,PT_PVEM_MORENA_NAS,415,0.6650641025641025,289,0.46314102564102566,PAN_PRI_PRD,126,0.20192307692307693,98,0.15705128205128205,MC,28,0.04487179487179487,126,0.20192307692307693,415,0.6650641025641025,28,0.04487179487179487,22,0.035256410256410256,11,0.017628205128205128,14,0.022435897435897436,1,0.0016025641025641025,7,0.011217948717948718,624,1.0,ORIGEN,SECCION,SOLO_COALICIONES
574,26,SONORA,GUAYMAS,,13,1524,1352,533,0.3942307692307692,0.6057692307692308,PT_PVEM_MORENA_NAS,319,0.5984990619136961,174,0.32645403377110693,PAN_PRI_PRD,145,0.27204502814258913,122,0.22889305816135083,MC,23,0.043151969981238276,PT_PVEM_MORENA_NAS,319,0.5984990619136961,174,0.32645403377110693,PAN_PRI_PRD,145,0.27204502814258913,122,0.22889305816135083,MC,23,0.043151969981238276,145,0.27204502814258913,319,0.5984990619136961,23,0.043151969981238276,21,0.039399624765478425,6,0.01125703564727955,12,0.0225140712945591,0,0.0,7,0.013133208255159476,533,1.0,ORIGEN,SECCION,SOLO_COALICIONES
575,26,SONORA,GUAYMAS,,13,1525,1234,470,0.38087520259319285,0.6191247974068071,PT_PVEM_MORENA_NAS,261,0.5553191489361702,110,0.23404255319148937,PAN_PRI_PRD,151,0.32127659574468087,133,0.28297872340425534,PES,18,0.03829787234042553,PT_PVEM_MORENA_NAS,261,0.5553191489361702,110,0.23404255319148937,PAN_PRI_PRD,151,0.32127659574468087,133,0.28297872340425534,PES,18,0.03829787234042553,151,0.32127659574468087,261,0.5553191489361702,14,0.029787234042553193,18,0.03829787234042553,5,0.010638297872340425,10,0.02127659574468085,0,0.0,11,0.023404255319148935,470,1.0,ORIGEN,SECCION,SOLO_COALICIONES
576,26,SONORA,GUAYMAS,,13,1526,1290,421,0.3263565891472868,0.6736434108527132,PT_PVEM_MORENA_NAS,248,0.5890736342042755,120,0.2850356294536817,PAN_PRI_PRD,128,0.30403800475059384,104,0.24703087885985747,MC,24,0.057007125890736345,PT_PVEM_MORENA_NAS,248,0.5890736342042755,120,0.2850356294536817,PAN_PRI_PRD,128,0.30403800475059384,104,0.24703087885985747,MC,24,0.057007125890736345,128,0.30403800475059384,248,0.5890736342042755,24,0.057007125890736345,10,0.023752969121140142,3,0.007125890736342043,4,0.009501187648456057,0,0.0,4,0.009501187648456057,421,1.0,ORIGEN,SECCION,SOLO_COALICIONES
577,26,SONORA,GUAYMAS,,13,1527,934,388,0.41541755888650966,0.5845824411134903,PT_PVEM_MORENA_NAS,247,0.6365979381443299,149,0.38402061855670105,PAN_PRI_PRD,98,0.25257731958762886,84,0.21649484536082475,MC,14,0.03608247422680412,PT_PVEM_MORENA_NAS,247,0.6365979381443299,149,0.38402061855670105,PAN_PRI_PRD,98,0.25257731958762886,84,0.21649484536082475,MC,14,0.03608247422680412,98,0.25257731958762886,247,0.6365979381443299,14,0.03608247422680412,11,0.028350515463917526,0,0.0,12,0.030927835051546393,0,0.0,6,0.015463917525773196,388,1.0,ORIGEN,SECCION,SOLO_COALICIONES
578,26,SONORA,GUAYMAS,,13,1528,1143,545,0.4768153980752406,0.5231846019247595,PT_PVEM_MORENA_NAS,307,0.563302752293578,140,0.25688073394495414,PAN_PRI_PRD,167,0.30642201834862387,138,0.25321100917431194,PES,29,0.05321100917431193,PT_PVEM_MORENA_NAS,307,0.563302752293578,140,0.25688073394495414,PAN_PRI_PRD,167,0.30642201834862387,138,0.25321100917431194,PES,29,0.05321100917431193,167,0.30642201834862387,307,0.563302752293578,21,0.03853211009174312,29,0.05321100917431193,6,0.011009174311926606,4,0.007339449541284404,0,0.0,11,0.02018348623853211,545,1.0,ORIGEN,SECCION,SOLO_COALICIONES
579,26,SONORA,GUAYMAS,,13,1570,2965,1443,0.4866779089376054,0.5133220910623946,PT_PVEM_MORENA_NAS,729,0.5051975051975052,162,0.11226611226611227,PAN_PRI_PRD,567,0.39293139293139295,516,0.3575883575883576,PES,51,0.035343035343035345,PT_PVEM_MORENA_NAS,729,0.5051975051975052,162,0.11226611226611227,PAN_PRI_PRD,567,0.39293139293139295,516,0.3575883575883576,PES,51,0.035343035343035345,567,0.39293139293139295,729,0.5051975051975052,42,0.029106029106029108,51,0.035343035343035345,12,0.008316008316008316,21,0.014553014553014554,0,0.0,21,0.014553014553014554,1443,1.0,ORIGEN,SECCION,SOLO_COALICIONES
580,26,SONORA,GUAYMAS,,13,1571,2531,911,0.35993678387988937,0.6400632161201106,PT_PVEM_MORENA_NAS,479,0.5257958287596048,155,0.17014270032930845,PAN_PRI_PRD,324,0.3556531284302964,282,0.30954994511525796,MC,42,0.04610318331503842,PT_PVEM_MORENA_NAS,479,0.5257958287596048,155,0.17014270032930845,PAN_PRI_PRD,324,0.3556531284302964,282,0.30954994511525796,MC,42,0.04610318331503842,324,0.3556531284302964,479,0.5257958287596048,42,0.04610318331503842,25,0.027442371020856202,11,0.012074643249176729,15,0.01646542261251372,1,0.0010976948408342481,14,0.015367727771679473,911,1.0,ORIGEN,SECCION,SOLO_COALICIONES
581,26,SONORA,GUAYMAS,,14,1085,512,200,0.390625,0.609375,PT_PVEM_MORENA_NAS,128,0.64,70,0.35,PAN_PRI_PRD,58,0.29,52,0.26,PES,6,0.03,PT_PVEM_MORENA_NAS,128,0.64,70,0.35,PAN_PRI_PRD,58,0.29,52,0.26,PES,6,0.03,58,0.29,128,0.64,4,0.02,6,0.03,3,0.015,0,0.0,0,0.0,1,0.005,200,1.0,ORIGEN,SECCION,SOLO_COALICIONES
582,26,SONORA,GUAYMAS,,14,1087,504,107,0.2123015873015873,0.7876984126984127,PT_PVEM_MORENA_NAS,67,0.6261682242990654,40,0.37383177570093457,PAN_PRI_PRD,27,0.2523364485981308,21,0.19626168224299065,FxM,6,0.056074766355140186,PT_PVEM_MORENA_NAS,67,0.6261682242990654,40,0.37383177570093457,PAN_PRI_PRD,27,0.2523364485981308,21,0.19626168224299065,FxM,6,0.056074766355140186,27,0.2523364485981308,67,0.6261682242990654,1,0.009345794392523364,0,0.0,1,0.009345794392523364,6,0.056074766355140186,0,0.0,5,0.04672897196261682,107,1.0,ORIGEN,SECCION,SOLO_COALICIONES
583,26,SONORA,GUAYMAS,,14,1088,584,178,0.3047945205479452,0.6952054794520548,PT_PVEM_MORENA_NAS,131,0.7359550561797753,113,0.6348314606741573,PAN_PRI_PRD,18,0.10112359550561797,7,0.03932584269662921,FxM,11,0.06179775280898876,PT_PVEM_MORENA_NAS,131,0.7359550561797753,113,0.6348314606741573,PAN_PRI_PRD,18,0.10112359550561797,7,0.03932584269662921,FxM,11,0.06179775280898876,18,0.10112359550561797,131,0.7359550561797753,7,0.03932584269662921,3,0.016853932584269662,1,0.0056179775280898875,11,0.06179775280898876,0,0.0,7,0.03932584269662921,178,1.0,ORIGEN,SECCION,SOLO_COALICIONES
584,26,SONORA,GUAYMAS,,14,1089,1437,468,0.325678496868476,0.674321503131524,PT_PVEM_MORENA_NAS,346,0.7393162393162394,273,0.5833333333333334,PAN_PRI_PRD,73,0.15598290598290598,59,0.12606837606837606,FxM,14,0.029914529914529916,PT_PVEM_MORENA_NAS,346,0.7393162393162394,273,0.5833333333333334,PAN_PRI_PRD,73,0.15598290598290598,59,0.12606837606837606,FxM,14,0.029914529914529916,73,0.15598290598290598,346,0.7393162393162394,12,0.02564102564102564,2,0.004273504273504274,1,0.002136752136752137,14,0.029914529914529916,0,0.0,20,0.042735042735042736,468,1.0,ORIGEN,SECCION,SOLO_COALICIONES
585,26,SONORA,GUAYMAS,,14,1091,1640,827,0.5042682926829268,0.49573170731707317,PT_PVEM_MORENA_NAS,738,0.8923821039903265,709,0.8573155985489722,MC,29,0.03506650544135429,12,0.014510278113663845,PAN_PRI_PRD,17,0.020556227327690448,PT_PVEM_MORENA_NAS,738,0.8923821039903265,709,0.8573155985489722,MC,29,0.03506650544135429,12,0.014510278113663845,PAN_PRI_PRD,17,0.020556227327690448,17,0.020556227327690448,738,0.8923821039903265,29,0.03506650544135429,14,0.016928657799274487,6,0.007255139056831923,9,0.010882708585247884,0,0.0,14,0.016928657799274487,827,1.0,ORIGEN,SECCION,SOLO_COALICIONES
586,26,SONORA,GUAYMAS,,14,1092,1419,481,0.3389711064129669,0.6610288935870331,PT_PVEM_MORENA_NAS,384,0.7983367983367984,334,0.6943866943866944,PAN_PRI_PRD,50,0.10395010395010396,36,0.07484407484407485,MC,14,0.029106029106029108,PT_PVEM_MORENA_NAS,384,0.7983367983367984,334,0.6943866943866944,PAN_PRI_PRD,50,0.10395010395010396,36,0.07484407484407485,MC,14,0.029106029106029108,50,0.10395010395010396,384,0.7983367983367984,14,0.029106029106029108,1,0.002079002079002079,4,0.008316008316008316,13,0.02702702702702703,0,0.0,15,0.031185031185031187,481,1.0,ORIGEN,SECCION,SOLO_COALICIONES
587,26,SONORA,GUAYMAS,,14,1093,1834,750,0.4089422028353326,0.5910577971646673,PT_PVEM_MORENA_NAS,514,0.6853333333333333,368,0.49066666666666664,PAN_PRI_PRD,146,0.19466666666666665,122,0.16266666666666665,MC,24,0.032,PT_PVEM_MORENA_NAS,514,0.6853333333333333,368,0.49066666666666664,PAN_PRI_PRD,146,0.19466666666666665,122,0.16266666666666665,MC,24,0.032,146,0.19466666666666665,514,0.6853333333333333,24,0.032,6,0.008,9,0.012,18,0.024,0,0.0,33,0.044,750,1.0,ORIGEN,SECCION,SOLO_COALICIONES
588,26,SONORA,GUAYMAS,,14,1094,1340,505,0.376865671641791,0.6231343283582089,PT_PVEM_MORENA_NAS,420,0.8316831683168316,369,0.7306930693069307,PAN_PRI_PRD,51,0.100990099009901,37,0.07326732673267326,MC,14,0.027722772277227723,PT_PVEM_MORENA_NAS,420,0.8316831683168316,369,0.7306930693069307,PAN_PRI_PRD,51,0.100990099009901,37,0.07326732673267326,MC,14,0.027722772277227723,51,0.100990099009901,420,0.8316831683168316,14,0.027722772277227723,0,0.0,3,0.005940594059405941,4,0.007920792079207921,0,0.0,13,0.02574257425742574,505,1.0,ORIGEN,SECCION,SOLO_COALICIONES
589,26,SONORA,GUAYMAS,,14,1095,1864,659,0.35354077253218885,0.6464592274678111,PT_PVEM_MORENA_NAS,547,0.8300455235204856,511,0.7754172989377845,PAN_PRI_PRD,36,0.054628224582701064,17,0.025796661608497723,MC,19,0.028831562974203338,PT_PVEM_MORENA_NAS,547,0.8300455235204856,511,0.7754172989377845,PAN_PRI_PRD,36,0.054628224582701064,17,0.025796661608497723,MC,19,0.028831562974203338,36,0.054628224582701064,547,0.8300455235204856,19,0.028831562974203338,13,0.019726858877086494,6,0.009104704097116844,15,0.02276176024279211,0,0.0,23,0.03490136570561457,659,1.0,ORIGEN,SECCION,SOLO_COALICIONES
590,26,SONORA,GUAYMAS,,14,1096,1045,460,0.44019138755980863,0.5598086124401913,PT_PVEM_MORENA_NAS,377,0.8195652173913044,328,0.7130434782608696,PAN_PRI_PRD,49,0.10652173913043478,34,0.07391304347826087,FxM,15,0.03260869565217391,PT_PVEM_MORENA_NAS,377,0.8195652173913044,328,0.7130434782608696,PAN_PRI_PRD,49,0.10652173913043478,34,0.07391304347826087,FxM,15,0.03260869565217391,49,0.10652173913043478,377,0.8195652173913044,11,0.02391304347826087,4,0.008695652173913044,3,0.006521739130434782,15,0.03260869565217391,0,0.0,1,0.002173913043478261,460,1.0,ORIGEN,SECCION,SOLO_COALICIONES
591,26,SONORA,GUAYMAS,,14,1097,2652,814,0.30693815987933637,0.6930618401206636,PT_PVEM_MORENA_NAS,591,0.726044226044226,509,0.6253071253071253,PAN_PRI_PRD,82,0.10073710073710074,44,0.05405405405405406,MC,38,0.04668304668304668,PT_PVEM_MORENA_NAS,591,0.726044226044226,509,0.6253071253071253,PAN_PRI_PRD,82,0.10073710073710074,44,0.05405405405405406,MC,38,0.04668304668304668,82,0.10073710073710074,591,0.726044226044226,38,0.04668304668304668,22,0.02702702702702703,15,0.018427518427518427,16,0.019656019656019656,0,0.0,50,0.06142506142506143,814,1.0,ORIGEN,SECCION,SOLO_COALICIONES
592,26,SONORA,GUAYMAS,,14,1098,3004,886,0.29494007989347537,0.7050599201065246,PT_PVEM_MORENA_NAS,723,0.8160270880361173,657,0.7415349887133182,PAN_PRI_PRD,66,0.0744920993227991,40,0.045146726862302484,MC,26,0.029345372460496615,PT_PVEM_MORENA_NAS,723,0.8160270880361173,657,0.7415349887133182,PAN_PRI_PRD,66,0.0744920993227991,40,0.045146726862302484,MC,26,0.029345372460496615,66,0.0744920993227991,723,0.8160270880361173,26,0.029345372460496615,21,0.023702031602708805,14,0.01580135440180587,13,0.014672686230248307,1,0.001128668171557562,22,0.024830699774266364,886,1.0,ORIGEN,SECCION,SOLO_COALICIONES
593,26,SONORA,GUAYMAS,,14,1099,1068,394,0.36891385767790263,0.6310861423220974,PT_PVEM_MORENA_NAS,297,0.7538071065989848,264,0.6700507614213198,MC,33,0.08375634517766498,14,0.03553299492385787,PAN_PRI_PRD,19,0.048223350253807105,PT_PVEM_MORENA_NAS,297,0.7538071065989848,264,0.6700507614213198,MC,33,0.08375634517766498,14,0.03553299492385787,PAN_PRI_PRD,19,0.048223350253807105,19,0.048223350253807105,297,0.7538071065989848,33,0.08375634517766498,9,0.02284263959390863,12,0.030456852791878174,9,0.02284263959390863,0,0.0,15,0.03807106598984772,394,1.0,ORIGEN,SECCION,SOLO_COALICIONES
594,26,SONORA,GUAYMAS,,14,1100,1218,428,0.35139573070607555,0.6486042692939245,PT_PVEM_MORENA_NAS,358,0.8364485981308412,338,0.7897196261682243,PAN_PRI_PRD,20,0.04672897196261682,7,0.016355140186915886,MC,13,0.030373831775700934,PT_PVEM_MORENA_NAS,358,0.8364485981308412,338,0.7897196261682243,PAN_PRI_PRD,20,0.04672897196261682,7,0.016355140186915886,MC,13,0.030373831775700934,20,0.04672897196261682,358,0.8364485981308412,13,0.030373831775700934,2,0.004672897196261682,6,0.014018691588785047,13,0.030373831775700934,0,0.0,16,0.037383177570093455,428,1.0,ORIGEN,SECCION,SOLO_COALICIONES
595,26,SONORA,HERMOSILLO,,6,499,1787,1277,0.7146054840514829,0.28539451594851706,PAN_PRI_PRD,894,0.7000783085356304,553,0.4330462020360219,PT_PVEM_MORENA_NAS,341,0.26703210649960846,327,0.25606891151135475,MC,14,0.01096319498825372,PAN_PRI_PRD,894,0.7000783085356304,553,0.4330462020360219,PT_PVEM_MORENA_NAS,341,0.26703210649960846,327,0.25606891151135475,MC,14,0.01096319498825372,894,0.7000783085356304,341,0.26703210649960846,14,0.01096319498825372,2,0.0015661707126076742,6,0.004698512137823023,7,0.00548159749412686,1,0.0007830853563038371,12,0.009397024275646046,1277,1.0,ORIGEN,SECCION,SOLO_COALICIONES
596,26,SONORA,HERMOSILLO,,6,500,823,538,0.6537059538274606,0.34629404617253945,PAN_PRI_PRD,323,0.6003717472118959,137,0.25464684014869887,PT_PVEM_MORENA_NAS,186,0.34572490706319703,179,0.33271375464684017,MC,7,0.013011152416356878,PAN_PRI_PRD,323,0.6003717472118959,137,0.25464684014869887,PT_PVEM_MORENA_NAS,186,0.34572490706319703,179,0.33271375464684017,MC,7,0.013011152416356878,323,0.6003717472118959,186,0.34572490706319703,7,0.013011152416356878,5,0.00929368029739777,1,0.0018587360594795538,7,0.013011152416356878,2,0.0037174721189591076,7,0.013011152416356878,538,1.0,ORIGEN,SECCION,SOLO_COALICIONES
597,26,SONORA,HERMOSILLO,,6,501,1804,1180,0.6541019955654102,0.34589800443458985,PAN_PRI_PRD,742,0.6288135593220339,370,0.3135593220338983,PT_PVEM_MORENA_NAS,372,0.3152542372881356,347,0.2940677966101695,MC,25,0.0211864406779661,PAN_PRI_PRD,742,0.6288135593220339,370,0.3135593220338983,PT_PVEM_MORENA_NAS,372,0.3152542372881356,347,0.2940677966101695,MC,25,0.0211864406779661,742,0.6288135593220339,372,0.3152542372881356,25,0.0211864406779661,5,0.00423728813559322,3,0.002542372881355932,17,0.01440677966101695,2,0.001694915254237288,14,0.011864406779661017,1180,1.0,ORIGEN,SECCION,SOLO_COALICIONES
598,26,SONORA,HERMOSILLO,,6,502,867,607,0.7001153402537486,0.29988465974625145,PAN_PRI_PRD,389,0.6408566721581549,198,0.3261943986820428,PT_PVEM_MORENA_NAS,191,0.31466227347611203,182,0.29983525535420097,MC,9,0.014827018121911038,PAN_PRI_PRD,389,0.6408566721581549,198,0.3261943986820428,PT_PVEM_MORENA_NAS,191,0.31466227347611203,182,0.29983525535420097,MC,9,0.014827018121911038,389,0.6408566721581549,191,0.31466227347611203,9,0.014827018121911038,6,0.009884678747940691,1,0.0016474464579901153,9,0.014827018121911038,0,0.0,2,0.0032948929159802307,607,1.0,ORIGEN,SECCION,SOLO_COALICIONES
599,26,SONORA,HERMOSILLO,,6,503,1136,760,0.6690140845070423,0.33098591549295775,PAN_PRI_PRD,531,0.6986842105263158,331,0.4355263157894737,PT_PVEM_MORENA_NAS,200,0.2631578947368421,190,0.25,MC,10,0.013157894736842105,PAN_PRI_PRD,531,0.6986842105263158,331,0.4355263157894737,PT_PVEM_MORENA_NAS,200,0.2631578947368421,190,0.25,MC,10,0.013157894736842105,531,0.6986842105263158,200,0.2631578947368421,10,0.013157894736842105,4,0.005263157894736842,0,0.0,4,0.005263157894736842,1,0.0013157894736842105,10,0.013157894736842105,760,1.0,ORIGEN,SECCION,SOLO_COALICIONES
600,26,SONORA,HERMOSILLO,,6,504,1111,786,0.7074707470747075,0.2925292529252925,PAN_PRI_PRD,506,0.6437659033078881,256,0.3256997455470738,PT_PVEM_MORENA_NAS,250,0.31806615776081426,238,0.30279898218829515,MC,12,0.015267175572519083,PAN_PRI_PRD,506,0.6437659033078881,256,0.3256997455470738,PT_PVEM_MORENA_NAS,250,0.31806615776081426,238,0.30279898218829515,MC,12,0.015267175572519083,506,0.6437659033078881,250,0.31806615776081426,12,0.015267175572519083,1,0.001272264631043257,3,0.003816793893129771,5,0.006361323155216285,0,0.0,9,0.011450381679389313,786,1.0,ORIGEN,SECCION,SOLO_COALICIONES
601,26,SONORA,HERMOSILLO,,6,505,1266,847,0.6690363349131122,0.3309636650868878,PAN_PRI_PRD,568,0.6706021251475797,312,0.36835891381345925,PT_PVEM_MORENA_NAS,256,0.3022432113341204,247,0.29161747343565525,FxM,9,0.010625737898465172,PAN_PRI_PRD,568,0.6706021251475797,312,0.36835891381345925,PT_PVEM_MORENA_NAS,256,0.3022432113341204,247,0.29161747343565525,FxM,9,0.010625737898465172,568,0.6706021251475797,256,0.3022432113341204,5,0.0059031877213695395,2,0.0023612750885478157,1,0.0011806375442739079,9,0.010625737898465172,0,0.0,6,0.0070838252656434475,847,1.0,ORIGEN,SECCION,SOLO_COALICIONES
602,26,SONORA,HERMOSILLO,,6,506,1140,809,0.7096491228070175,0.29035087719298247,PAN_PRI_PRD,649,0.8022249690976514,510,0.630407911001236,PT_PVEM_MORENA_NAS,139,0.17181705809641531,134,0.16563658838071693,MC,5,0.006180469715698393,PAN_PRI_PRD,649,0.8022249690976514,510,0.630407911001236,PT_PVEM_MORENA_NAS,139,0.17181705809641531,134,0.16563658838071693,MC,5,0.006180469715698393,649,0.8022249690976514,139,0.17181705809641531,5,0.006180469715698393,4,0.004944375772558714,1,0.0012360939431396785,2,0.002472187886279357,1,0.0012360939431396785,8,0.009888751545117428,809,1.0,ORIGEN,SECCION,SOLO_COALICIONES
603,26,SONORA,HERMOSILLO,,6,517,816,487,0.5968137254901961,0.40318627450980393,PAN_PRI_PRD,314,0.6447638603696099,163,0.3347022587268994,PT_PVEM_MORENA_NAS,151,0.31006160164271046,147,0.30184804928131415,MC,4,0.008213552361396304,PAN_PRI_PRD,314,0.6447638603696099,163,0.3347022587268994,PT_PVEM_MORENA_NAS,151,0.31006160164271046,147,0.30184804928131415,MC,4,0.008213552361396304,314,0.6447638603696099,151,0.31006160164271046,4,0.008213552361396304,1,0.002053388090349076,3,0.006160164271047228,4,0.008213552361396304,0,0.0,10,0.02053388090349076,487,1.0,ORIGEN,SECCION,SOLO_COALICIONES
604,26,SONORA,HERMOSILLO,,6,518,701,497,0.7089871611982882,0.2910128388017118,PAN_PRI_PRD,377,0.7585513078470825,271,0.545271629778672,PT_PVEM_MORENA_NAS,106,0.21327967806841047,100,0.2012072434607646,MC,6,0.012072434607645875,PAN_PRI_PRD,377,0.7585513078470825,271,0.545271629778672,PT_PVEM_MORENA_NAS,106,0.21327967806841047,100,0.2012072434607646,MC,6,0.012072434607645875,377,0.7585513078470825,106,0.21327967806841047,6,0.012072434607645875,1,0.002012072434607646,1,0.002012072434607646,5,0.01006036217303823,0,0.0,1,0.002012072434607646,497,1.0,ORIGEN,SECCION,SOLO_COALICIONES
605,26,SONORA,HERMOSILLO,,6,519,728,414,0.5686813186813187,0.43131868131868134,PT_PVEM_MORENA_NAS,211,0.5096618357487923,20,0.04830917874396135,PAN_PRI_PRD,191,0.4613526570048309,189,0.45652173913043476,MC,2,0.004830917874396135,PT_PVEM_MORENA_NAS,211,0.5096618357487923,20,0.04830917874396135,PAN_PRI_PRD,191,0.4613526570048309,189,0.45652173913043476,MC,2,0.004830917874396135,191,0.4613526570048309,211,0.5096618357487923,2,0.004830917874396135,0,0.0,2,0.004830917874396135,2,0.004830917874396135,1,0.0024154589371980675,5,0.012077294685990338,414,1.0,ORIGEN,SECCION,SOLO_COALICIONES
606,26,SONORA,HERMOSILLO,,6,520,863,463,0.5365005793742758,0.46349942062572425,PT_PVEM_MORENA_NAS,227,0.490280777537797,16,0.03455723542116631,PAN_PRI_PRD,211,0.4557235421166307,198,0.42764578833693306,MC,13,0.028077753779697623,PT_PVEM_MORENA_NAS,227,0.490280777537797,16,0.03455723542116631,PAN_PRI_PRD,211,0.4557235421166307,198,0.42764578833693306,MC,13,0.028077753779697623,211,0.4557235421166307,227,0.490280777537797,13,0.028077753779697623,2,0.004319654427645789,1,0.0021598272138228943,6,0.012958963282937365,0,0.0,3,0.0064794816414686825,463,1.0,ORIGEN,SECCION,SOLO_COALICIONES
607,26,SONORA,HERMOSILLO,,6,521,717,312,0.4351464435146444,0.5648535564853556,PAN_PRI_PRD,171,0.5480769230769231,55,0.1762820512820513,PT_PVEM_MORENA_NAS,116,0.3717948717948718,107,0.34294871794871795,RSP,9,0.028846153846153848,PAN_PRI_PRD,171,0.5480769230769231,55,0.1762820512820513,PT_PVEM_MORENA_NAS,116,0.3717948717948718,107,0.34294871794871795,RSP,9,0.028846153846153848,171,0.5480769230769231,116,0.3717948717948718,2,0.00641025641025641,0,0.0,9,0.028846153846153848,4,0.01282051282051282,0,0.0,10,0.03205128205128205,312,1.0,ORIGEN,SECCION,SOLO_COALICIONES
608,26,SONORA,HERMOSILLO,,6,522,1055,686,0.6502369668246446,0.3497630331753554,PAN_PRI_PRD,371,0.5408163265306123,87,0.12682215743440234,PT_PVEM_MORENA_NAS,284,0.4139941690962099,273,0.3979591836734694,MC,11,0.016034985422740525,PAN_PRI_PRD,371,0.5408163265306123,87,0.12682215743440234,PT_PVEM_MORENA_NAS,284,0.4139941690962099,273,0.3979591836734694,MC,11,0.016034985422740525,371,0.5408163265306123,284,0.4139941690962099,11,0.016034985422740525,2,0.0029154518950437317,2,0.0029154518950437317,6,0.008746355685131196,1,0.0014577259475218659,9,0.013119533527696793,686,1.0,ORIGEN,SECCION,SOLO_COALICIONES
609,26,SONORA,HERMOSILLO,,6,523,521,281,0.5393474088291746,0.46065259117082535,PT_PVEM_MORENA_NAS,183,0.6512455516014235,102,0.36298932384341637,PAN_PRI_PRD,81,0.28825622775800713,76,0.2704626334519573,MC,5,0.017793594306049824,PT_PVEM_MORENA_NAS,183,0.6512455516014235,102,0.36298932384341637,PAN_PRI_PRD,81,0.28825622775800713,76,0.2704626334519573,MC,5,0.017793594306049824,81,0.28825622775800713,183,0.6512455516014235,5,0.017793594306049824,3,0.010676156583629894,2,0.0071174377224199285,0,0.0,0,0.0,7,0.02491103202846975,281,1.0,ORIGEN,SECCION,SOLO_COALICIONES
610,26,SONORA,HERMOSILLO,,6,524,4678,3264,0.6977340743907653,0.3022659256092347,PAN_PRI_PRD,2340,0.7169117647058824,1551,0.47518382352941174,PT_PVEM_MORENA_NAS,789,0.2417279411764706,743,0.22763480392156862,MC,46,0.014093137254901961,PAN_PRI_PRD,2340,0.7169117647058824,1551,0.47518382352941174,PT_PVEM_MORENA_NAS,789,0.2417279411764706,743,0.22763480392156862,MC,46,0.014093137254901961,2340,0.7169117647058824,789,0.2417279411764706,46,0.014093137254901961,17,0.005208333333333333,8,0.0024509803921568627,33,0.01011029411764706,2,0.0006127450980392157,29,0.008884803921568627,3264,1.0,ORIGEN,SECCION,SOLO_COALICIONES
611,26,SONORA,HERMOSILLO,,6,525,912,605,0.6633771929824561,0.3366228070175439,PAN_PRI_PRD,357,0.5900826446280992,149,0.2462809917355372,PT_PVEM_MORENA_NAS,208,0.343801652892562,191,0.315702479338843,MC,17,0.02809917355371901,PAN_PRI_PRD,357,0.5900826446280992,149,0.2462809917355372,PT_PVEM_MORENA_NAS,208,0.343801652892562,191,0.315702479338843,MC,17,0.02809917355371901,357,0.5900826446280992,208,0.343801652892562,17,0.02809917355371901,3,0.0049586776859504135,2,0.003305785123966942,12,0.019834710743801654,0,0.0,6,0.009917355371900827,605,1.0,ORIGEN,SECCION,SOLO_COALICIONES
612,26,SONORA,HERMOSILLO,,6,526,582,393,0.6752577319587629,0.32474226804123707,PAN_PRI_PRD,242,0.6157760814249363,110,0.27989821882951654,PT_PVEM_MORENA_NAS,132,0.33587786259541985,126,0.32061068702290074,FxM,6,0.015267175572519083,PAN_PRI_PRD,242,0.6157760814249363,110,0.27989821882951654,PT_PVEM_MORENA_NAS,132,0.33587786259541985,126,0.32061068702290074,FxM,6,0.015267175572519083,242,0.6157760814249363,132,0.33587786259541985,5,0.01272264631043257,3,0.007633587786259542,3,0.007633587786259542,6,0.015267175572519083,0,0.0,2,0.005089058524173028,393,1.0,ORIGEN,SECCION,SOLO_COALICIONES
613,26,SONORA,HERMOSILLO,,6,527,815,457,0.5607361963190184,0.4392638036809816,PAN_PRI_PRD,222,0.48577680525164113,17,0.037199124726477024,PT_PVEM_MORENA_NAS,205,0.4485776805251641,192,0.4201312910284464,MC,13,0.028446389496717725,PAN_PRI_PRD,222,0.48577680525164113,17,0.037199124726477024,PT_PVEM_MORENA_NAS,205,0.4485776805251641,192,0.4201312910284464,MC,13,0.028446389496717725,222,0.48577680525164113,205,0.4485776805251641,13,0.028446389496717725,2,0.00437636761487965,4,0.0087527352297593,4,0.0087527352297593,1,0.002188183807439825,6,0.01312910284463895,457,1.0,ORIGEN,SECCION,SOLO_COALICIONES
614,26,SONORA,HERMOSILLO,,6,528,928,529,0.5700431034482759,0.4299568965517241,PT_PVEM_MORENA_NAS,276,0.5217391304347826,55,0.10396975425330812,PAN_PRI_PRD,221,0.41776937618147447,211,0.3988657844990548,FxM,10,0.01890359168241966,PT_PVEM_MORENA_NAS,276,0.5217391304347826,55,0.10396975425330812,PAN_PRI_PRD,221,0.41776937618147447,211,0.3988657844990548,FxM,10,0.01890359168241966,221,0.41776937618147447,276,0.5217391304347826,5,0.00945179584120983,3,0.005671077504725898,1,0.001890359168241966,10,0.01890359168241966,3,0.005671077504725898,10,0.01890359168241966,529,1.0,ORIGEN,SECCION,SOLO_COALICIONES
615,26,SONORA,HERMOSILLO,,6,531,1018,544,0.5343811394891945,0.4656188605108055,PT_PVEM_MORENA_NAS,268,0.49264705882352944,49,0.0900735294117647,PAN_PRI_PRD,219,0.4025735294117647,202,0.3713235294117647,MC,17,0.03125,PT_PVEM_MORENA_NAS,268,0.49264705882352944,49,0.0900735294117647,PAN_PRI_PRD,219,0.4025735294117647,202,0.3713235294117647,MC,17,0.03125,219,0.4025735294117647,268,0.49264705882352944,17,0.03125,9,0.016544117647058824,2,0.003676470588235294,17,0.03125,0,0.0,12,0.022058823529411766,544,1.0,ORIGEN,SECCION,SOLO_COALICIONES
616,26,SONORA,HERMOSILLO,,6,532,15956,9006,0.5644271747305089,0.43557282526949115,PAN_PRI_PRD,5386,0.5980457472795914,2263,0.2512769264934488,PT_PVEM_MORENA_NAS,3123,0.3467688207861426,2949,0.3274483677548301,MC,174,0.019320453031312457,PAN_PRI_PRD,5386,0.5980457472795914,2263,0.2512769264934488,PT_PVEM_MORENA_NAS,3123,0.3467688207861426,2949,0.3274483677548301,MC,174,0.019320453031312457,5386,0.5980457472795914,3123,0.3467688207861426,174,0.019320453031312457,42,0.004663557628247834,50,0.00555185431934266,138,0.015323117921385743,6,0.0006662225183211193,87,0.009660226515656229,9006,1.0,ORIGEN,SECCION,SOLO_COALICIONES
617,26,SONORA,HERMOSILLO,,6,533,7887,2488,0.31545581336376316,0.6845441866362368,PT_PVEM_MORENA_NAS,1354,0.5442122186495176,396,0.15916398713826366,PAN_PRI_PRD,958,0.385048231511254,898,0.3609324758842444,MC,60,0.024115755627009645,PT_PVEM_MORENA_NAS,1354,0.5442122186495176,396,0.15916398713826366,PAN_PRI_PRD,958,0.385048231511254,898,0.3609324758842444,MC,60,0.024115755627009645,958,0.385048231511254,1354,0.5442122186495176,60,0.024115755627009645,18,0.007234726688102894,9,0.003617363344051447,34,0.013665594855305467,0,0.0,55,0.022106109324758844,2488,1.0,ORIGEN,SECCION,SOLO_COALICIONES
618,26,SONORA,HERMOSILLO,,6,534,1322,460,0.34795763993948564,0.6520423600605143,PT_PVEM_MORENA_NAS,316,0.6869565217391305,213,0.46304347826086956,PAN_PRI_PRD,103,0.22391304347826088,89,0.1934782608695652,FxM,14,0.030434782608695653,PT_PVEM_MORENA_NAS,316,0.6869565217391305,213,0.46304347826086956,PAN_PRI_PRD,103,0.22391304347826088,89,0.1934782608695652,FxM,14,0.030434782608695653,103,0.22391304347826088,316,0.6869565217391305,7,0.015217391304347827,4,0.008695652173913044,5,0.010869565217391304,14,0.030434782608695653,0,0.0,11,0.02391304347826087,460,1.0,ORIGEN,SECCION,SOLO_COALICIONES
619,26,SONORA,HERMOSILLO,,6,535,879,347,0.39476678043230945,0.6052332195676906,PT_PVEM_MORENA_NAS,200,0.5763688760806917,86,0.2478386167146974,PAN_PRI_PRD,114,0.3285302593659942,107,0.30835734870317005,MC,7,0.020172910662824207,PT_PVEM_MORENA_NAS,200,0.5763688760806917,86,0.2478386167146974,PAN_PRI_PRD,114,0.3285302593659942,107,0.30835734870317005,MC,7,0.020172910662824207,114,0.3285302593659942,200,0.5763688760806917,7,0.020172910662824207,4,0.011527377521613832,5,0.01440922190201729,7,0.020172910662824207,0,0.0,10,0.02881844380403458,347,1.0,ORIGEN,SECCION,SOLO_COALICIONES
620,26,SONORA,HERMOSILLO,,6,536,1834,773,0.42148309705561615,0.5785169029443838,PT_PVEM_MORENA_NAS,479,0.6196636481241915,252,0.3260025873221216,PAN_PRI_PRD,227,0.2936610608020699,207,0.2677878395860285,MC,20,0.0258732212160414,PT_PVEM_MORENA_NAS,479,0.6196636481241915,252,0.3260025873221216,PAN_PRI_PRD,227,0.2936610608020699,207,0.2677878395860285,MC,20,0.0258732212160414,227,0.2936610608020699,479,0.6196636481241915,20,0.0258732212160414,9,0.01164294954721863,0,0.0,16,0.02069857697283312,1,0.00129366106080207,21,0.027166882276843468,773,1.0,ORIGEN,SECCION,SOLO_COALICIONES
621,26,SONORA,HERMOSILLO,,6,537,2249,1405,0.624722098710538,0.37527790128946203,PAN_PRI_PRD,714,0.5081850533807829,115,0.08185053380782918,PT_PVEM_MORENA_NAS,599,0.42633451957295376,571,0.40640569395017795,FxM,28,0.0199288256227758,PAN_PRI_PRD,714,0.5081850533807829,115,0.08185053380782918,PT_PVEM_MORENA_NAS,599,0.42633451957295376,571,0.40640569395017795,FxM,28,0.0199288256227758,714,0.5081850533807829,599,0.42633451957295376,24,0.01708185053380783,7,0.00498220640569395,7,0.00498220640569395,28,0.0199288256227758,0,0.0,26,0.018505338078291814,1405,1.0,ORIGEN,SECCION,SOLO_COALICIONES
622,26,SONORA,HERMOSILLO,,6,538,1344,790,0.5877976190476191,0.41220238095238093,PAN_PRI_PRD,368,0.46582278481012657,11,0.013924050632911392,PT_PVEM_MORENA_NAS,357,0.4518987341772152,338,0.4278481012658228,MC,19,0.024050632911392405,PAN_PRI_PRD,368,0.46582278481012657,11,0.013924050632911392,PT_PVEM_MORENA_NAS,357,0.4518987341772152,338,0.4278481012658228,MC,19,0.024050632911392405,368,0.46582278481012657,357,0.4518987341772152,19,0.024050632911392405,5,0.006329113924050633,3,0.0037974683544303796,18,0.02278481012658228,1,0.0012658227848101266,19,0.024050632911392405,790,1.0,ORIGEN,SECCION,SOLO_COALICIONES
623,26,SONORA,HERMOSILLO,,6,539,1157,653,0.564390665514261,0.435609334485739,PT_PVEM_MORENA_NAS,315,0.48238897396630936,23,0.03522205206738132,PAN_PRI_PRD,292,0.44716692189892804,276,0.4226646248085758,MC,16,0.02450229709035222,PT_PVEM_MORENA_NAS,315,0.48238897396630936,23,0.03522205206738132,PAN_PRI_PRD,292,0.44716692189892804,276,0.4226646248085758,MC,16,0.02450229709035222,292,0.44716692189892804,315,0.48238897396630936,16,0.02450229709035222,2,0.0030627871362940277,4,0.006125574272588055,11,0.016845329249617153,0,0.0,13,0.019908116385911178,653,1.0,ORIGEN,SECCION,SOLO_COALICIONES
624,26,SONORA,HERMOSILLO,,6,540,626,368,0.5878594249201278,0.41214057507987223,PAN_PRI_PRD,191,0.5190217391304348,26,0.07065217391304347,PT_PVEM_MORENA_NAS,165,0.4483695652173913,160,0.43478260869565216,MC,5,0.01358695652173913,PAN_PRI_PRD,191,0.5190217391304348,26,0.07065217391304347,PT_PVEM_MORENA_NAS,165,0.4483695652173913,160,0.43478260869565216,MC,5,0.01358695652173913,191,0.5190217391304348,165,0.4483695652173913,5,0.01358695652173913,1,0.002717391304347826,1,0.002717391304347826,1,0.002717391304347826,0,0.0,4,0.010869565217391304,368,1.0,ORIGEN,SECCION,SOLO_COALICIONES
625,26,SONORA,HERMOSILLO,,6,542,666,407,0.6111111111111112,0.38888888888888884,PT_PVEM_MORENA_NAS,192,0.47174447174447176,3,0.007371007371007371,PAN_PRI_PRD,189,0.4643734643734644,180,0.44226044226044225,MC,9,0.022113022113022112,PT_PVEM_MORENA_NAS,192,0.47174447174447176,3,0.007371007371007371,PAN_PRI_PRD,189,0.4643734643734644,180,0.44226044226044225,MC,9,0.022113022113022112,189,0.4643734643734644,192,0.47174447174447176,9,0.022113022113022112,2,0.004914004914004914,1,0.002457002457002457,8,0.019656019656019656,0,0.0,6,0.014742014742014743,407,1.0,ORIGEN,SECCION,SOLO_COALICIONES
626,26,SONORA,HERMOSILLO,,6,543,1005,448,0.445771144278607,0.554228855721393,PT_PVEM_MORENA_NAS,270,0.6026785714285714,127,0.28348214285714285,PAN_PRI_PRD,143,0.31919642857142855,135,0.3013392857142857,MC,8,0.017857142857142856,PT_PVEM_MORENA_NAS,270,0.6026785714285714,127,0.28348214285714285,PAN_PRI_PRD,143,0.31919642857142855,135,0.3013392857142857,MC,8,0.017857142857142856,143,0.31919642857142855,270,0.6026785714285714,8,0.017857142857142856,7,0.015625,5,0.011160714285714286,3,0.006696428571428571,0,0.0,12,0.026785714285714284,448,1.0,ORIGEN,SECCION,SOLO_COALICIONES
627,26,SONORA,HERMOSILLO,,6,544,1656,860,0.5193236714975845,0.4806763285024155,PT_PVEM_MORENA_NAS,455,0.5290697674418605,106,0.12325581395348838,PAN_PRI_PRD,349,0.40581395348837207,326,0.37906976744186044,MC,23,0.026744186046511628,PT_PVEM_MORENA_NAS,455,0.5290697674418605,106,0.12325581395348838,PAN_PRI_PRD,349,0.40581395348837207,326,0.37906976744186044,MC,23,0.026744186046511628,349,0.40581395348837207,455,0.5290697674418605,23,0.026744186046511628,4,0.004651162790697674,8,0.009302325581395349,10,0.011627906976744186,0,0.0,11,0.012790697674418604,860,1.0,ORIGEN,SECCION,SOLO_COALICIONES
628,26,SONORA,HERMOSILLO,,6,545,1159,537,0.4633304572907679,0.5366695427092321,PT_PVEM_MORENA_NAS,353,0.6573556797020484,204,0.37988826815642457,PAN_PRI_PRD,149,0.2774674115456238,138,0.2569832402234637,MC,11,0.020484171322160148,PT_PVEM_MORENA_NAS,353,0.6573556797020484,204,0.37988826815642457,PAN_PRI_PRD,149,0.2774674115456238,138,0.2569832402234637,MC,11,0.020484171322160148,149,0.2774674115456238,353,0.6573556797020484,11,0.020484171322160148,1,0.00186219739292365,3,0.00558659217877095,6,0.0111731843575419,2,0.0037243947858473,12,0.0223463687150838,537,1.0,ORIGEN,SECCION,SOLO_COALICIONES
629,26,SONORA,HERMOSILLO,,6,546,683,343,0.5021961932650073,0.4978038067349927,PT_PVEM_MORENA_NAS,192,0.5597667638483965,62,0.18075801749271136,PAN_PRI_PRD,130,0.37900874635568516,125,0.36443148688046645,MC,5,0.014577259475218658,PT_PVEM_MORENA_NAS,192,0.5597667638483965,62,0.18075801749271136,PAN_PRI_PRD,130,0.37900874635568516,125,0.36443148688046645,MC,5,0.014577259475218658,130,0.37900874635568516,192,0.5597667638483965,5,0.014577259475218658,2,0.0058309037900874635,1,0.0029154518950437317,4,0.011661807580174927,0,0.0,9,0.026239067055393587,343,1.0,ORIGEN,SECCION,SOLO_COALICIONES
630,26,SONORA,HERMOSILLO,,6,549,753,359,0.4767596281540505,0.5232403718459495,PT_PVEM_MORENA_NAS,208,0.5793871866295265,82,0.22841225626740946,PAN_PRI_PRD,126,0.35097493036211697,115,0.3203342618384401,MC,11,0.03064066852367688,PT_PVEM_MORENA_NAS,208,0.5793871866295265,82,0.22841225626740946,PAN_PRI_PRD,126,0.35097493036211697,115,0.3203342618384401,MC,11,0.03064066852367688,126,0.35097493036211697,208,0.5793871866295265,11,0.03064066852367688,2,0.005571030640668524,1,0.002785515320334262,6,0.016713091922005572,0,0.0,5,0.013927576601671309,359,1.0,ORIGEN,SECCION,SOLO_COALICIONES
631,26,SONORA,HERMOSILLO,,6,550,807,424,0.5254027261462205,0.4745972738537795,PT_PVEM_MORENA_NAS,234,0.5518867924528302,73,0.1721698113207547,PAN_PRI_PRD,161,0.37971698113207547,150,0.35377358490566035,MC,11,0.025943396226415096,PT_PVEM_MORENA_NAS,234,0.5518867924528302,73,0.1721698113207547,PAN_PRI_PRD,161,0.37971698113207547,150,0.35377358490566035,MC,11,0.025943396226415096,161,0.37971698113207547,234,0.5518867924528302,11,0.025943396226415096,1,0.0023584905660377358,6,0.014150943396226415,5,0.01179245283018868,0,0.0,6,0.014150943396226415,424,1.0,ORIGEN,SECCION,SOLO_COALICIONES
632,26,SONORA,HERMOSILLO,,6,551,856,334,0.3901869158878505,0.6098130841121495,PAN_PRI_PRD,162,0.48502994011976047,26,0.07784431137724551,PT_PVEM_MORENA_NAS,136,0.40718562874251496,124,0.3712574850299401,MC,12,0.03592814371257485,PAN_PRI_PRD,162,0.48502994011976047,26,0.07784431137724551,PT_PVEM_MORENA_NAS,136,0.40718562874251496,124,0.3712574850299401,MC,12,0.03592814371257485,162,0.48502994011976047,136,0.40718562874251496,12,0.03592814371257485,4,0.011976047904191617,3,0.008982035928143712,8,0.023952095808383235,0,0.0,9,0.02694610778443114,334,1.0,ORIGEN,SECCION,SOLO_COALICIONES
633,26,SONORA,HERMOSILLO,,6,552,960,520,0.5416666666666666,0.45833333333333337,PT_PVEM_MORENA_NAS,310,0.5961538461538461,131,0.2519230769230769,PAN_PRI_PRD,179,0.34423076923076923,166,0.3192307692307692,MC,13,0.025,PT_PVEM_MORENA_NAS,310,0.5961538461538461,131,0.2519230769230769,PAN_PRI_PRD,179,0.34423076923076923,166,0.3192307692307692,MC,13,0.025,179,0.34423076923076923,310,0.5961538461538461,13,0.025,4,0.007692307692307693,2,0.0038461538461538464,6,0.011538461538461539,0,0.0,6,0.011538461538461539,520,1.0,ORIGEN,SECCION,SOLO_COALICIONES
634,26,SONORA,HERMOSILLO,,6,553,821,397,0.4835566382460414,0.5164433617539586,PT_PVEM_MORENA_NAS,244,0.6146095717884131,114,0.2871536523929471,PAN_PRI_PRD,130,0.327455919395466,120,0.3022670025188917,MC,10,0.02518891687657431,PT_PVEM_MORENA_NAS,244,0.6146095717884131,114,0.2871536523929471,PAN_PRI_PRD,130,0.327455919395466,120,0.3022670025188917,MC,10,0.02518891687657431,130,0.327455919395466,244,0.6146095717884131,10,0.02518891687657431,0,0.0,1,0.0025188916876574307,5,0.012594458438287154,0,0.0,7,0.017632241813602016,397,1.0,ORIGEN,SECCION,SOLO_COALICIONES
635,26,SONORA,HERMOSILLO,,6,554,2297,856,0.3726599912929909,0.6273400087070091,PT_PVEM_MORENA_NAS,573,0.669392523364486,362,0.42289719626168226,PAN_PRI_PRD,211,0.24649532710280375,190,0.2219626168224299,MC,21,0.02453271028037383,PT_PVEM_MORENA_NAS,573,0.669392523364486,362,0.42289719626168226,PAN_PRI_PRD,211,0.24649532710280375,190,0.2219626168224299,MC,21,0.02453271028037383,211,0.24649532710280375,573,0.669392523364486,21,0.02453271028037383,4,0.004672897196261682,6,0.007009345794392523,11,0.012850467289719626,0,0.0,30,0.035046728971962614,856,1.0,ORIGEN,SECCION,SOLO_COALICIONES
636,26,SONORA,HERMOSILLO,,6,555,1318,596,0.45220030349013657,0.5477996965098635,PT_PVEM_MORENA_NAS,350,0.587248322147651,146,0.24496644295302014,PAN_PRI_PRD,204,0.3422818791946309,189,0.31711409395973156,MC,15,0.025167785234899327,PT_PVEM_MORENA_NAS,350,0.587248322147651,146,0.24496644295302014,PAN_PRI_PRD,204,0.3422818791946309,189,0.31711409395973156,MC,15,0.025167785234899327,204,0.3422818791946309,350,0.587248322147651,15,0.025167785234899327,3,0.0050335570469798654,5,0.008389261744966443,4,0.006711409395973154,2,0.003355704697986577,13,0.02181208053691275,596,1.0,ORIGEN,SECCION,SOLO_COALICIONES
637,26,SONORA,HERMOSILLO,,6,556,1273,602,0.47289866457187746,0.5271013354281225,PT_PVEM_MORENA_NAS,357,0.5930232558139535,162,0.2691029900332226,PAN_PRI_PRD,195,0.3239202657807309,178,0.2956810631229236,MC,17,0.02823920265780731,PT_PVEM_MORENA_NAS,357,0.5930232558139535,162,0.2691029900332226,PAN_PRI_PRD,195,0.3239202657807309,178,0.2956810631229236,MC,17,0.02823920265780731,195,0.3239202657807309,357,0.5930232558139535,17,0.02823920265780731,8,0.013289036544850499,4,0.006644518272425249,6,0.009966777408637873,4,0.006644518272425249,11,0.018272425249169437,602,1.0,ORIGEN,SECCION,SOLO_COALICIONES
638,26,SONORA,HERMOSILLO,,6,557,784,392,0.5,0.5,PT_PVEM_MORENA_NAS,228,0.5816326530612245,82,0.20918367346938777,PAN_PRI_PRD,146,0.37244897959183676,143,0.3647959183673469,MC,3,0.007653061224489796,PT_PVEM_MORENA_NAS,228,0.5816326530612245,82,0.20918367346938777,PAN_PRI_PRD,146,0.37244897959183676,143,0.3647959183673469,MC,3,0.007653061224489796,146,0.37244897959183676,228,0.5816326530612245,3,0.007653061224489796,3,0.007653061224489796,0,0.0,2,0.00510204081632653,1,0.002551020408163265,9,0.02295918367346939,392,1.0,ORIGEN,SECCION,SOLO_COALICIONES
639,26,SONORA,HERMOSILLO,,6,559,1381,661,0.4786386676321506,0.5213613323678494,PT_PVEM_MORENA_NAS,351,0.5310136157337367,80,0.12102874432677761,PAN_PRI_PRD,271,0.40998487140695916,256,0.38729198184568836,MC,15,0.0226928895612708,PT_PVEM_MORENA_NAS,351,0.5310136157337367,80,0.12102874432677761,PAN_PRI_PRD,271,0.40998487140695916,256,0.38729198184568836,MC,15,0.0226928895612708,271,0.40998487140695916,351,0.5310136157337367,15,0.0226928895612708,2,0.0030257186081694403,2,0.0030257186081694403,6,0.009077155824508321,0,0.0,14,0.02118003025718608,661,1.0,ORIGEN,SECCION,SOLO_COALICIONES
640,26,SONORA,HERMOSILLO,,6,560,923,440,0.47670639219934996,0.52329360780065,PT_PVEM_MORENA_NAS,288,0.6545454545454545,180,0.4090909090909091,PAN_PRI_PRD,108,0.24545454545454545,98,0.22272727272727272,FxM,10,0.022727272727272728,PT_PVEM_MORENA_NAS,288,0.6545454545454545,180,0.4090909090909091,PAN_PRI_PRD,108,0.24545454545454545,98,0.22272727272727272,FxM,10,0.022727272727272728,108,0.24545454545454545,288,0.6545454545454545,8,0.01818181818181818,8,0.01818181818181818,6,0.013636363636363636,10,0.022727272727272728,0,0.0,12,0.02727272727272727,440,1.0,ORIGEN,SECCION,SOLO_COALICIONES
641,26,SONORA,HERMOSILLO,,6,561,902,414,0.458980044345898,0.541019955654102,PT_PVEM_MORENA_NAS,266,0.642512077294686,157,0.37922705314009664,PAN_PRI_PRD,109,0.2632850241545894,103,0.24879227053140096,PES,6,0.014492753623188406,PT_PVEM_MORENA_NAS,266,0.642512077294686,157,0.37922705314009664,PAN_PRI_PRD,109,0.2632850241545894,103,0.24879227053140096,PES,6,0.014492753623188406,109,0.2632850241545894,266,0.642512077294686,5,0.012077294685990338,6,0.014492753623188406,4,0.00966183574879227,6,0.014492753623188406,0,0.0,18,0.043478260869565216,414,1.0,ORIGEN,SECCION,SOLO_COALICIONES
642,26,SONORA,HERMOSILLO,,6,562,1296,535,0.41280864197530864,0.5871913580246914,PT_PVEM_MORENA_NAS,284,0.5308411214953271,81,0.15140186915887852,PAN_PRI_PRD,203,0.3794392523364486,191,0.35700934579439253,MC,12,0.022429906542056073,PT_PVEM_MORENA_NAS,284,0.5308411214953271,81,0.15140186915887852,PAN_PRI_PRD,203,0.3794392523364486,191,0.35700934579439253,MC,12,0.022429906542056073,203,0.3794392523364486,284,0.5308411214953271,12,0.022429906542056073,6,0.011214953271028037,3,0.005607476635514018,11,0.020560747663551402,0,0.0,16,0.029906542056074768,535,1.0,ORIGEN,SECCION,SOLO_COALICIONES
643,26,SONORA,HERMOSILLO,,6,566,842,352,0.4180522565320665,0.5819477434679334,PT_PVEM_MORENA_NAS,207,0.5880681818181818,90,0.2556818181818182,PAN_PRI_PRD,117,0.33238636363636365,108,0.3068181818181818,MC,9,0.02556818181818182,PT_PVEM_MORENA_NAS,207,0.5880681818181818,90,0.2556818181818182,PAN_PRI_PRD,117,0.33238636363636365,108,0.3068181818181818,MC,9,0.02556818181818182,117,0.33238636363636365,207,0.5880681818181818,9,0.02556818181818182,4,0.011363636363636364,3,0.008522727272727272,3,0.008522727272727272,0,0.0,9,0.02556818181818182,352,1.0,ORIGEN,SECCION,SOLO_COALICIONES
644,26,SONORA,HERMOSILLO,,6,567,1443,582,0.40332640332640335,0.5966735966735967,PT_PVEM_MORENA_NAS,369,0.634020618556701,208,0.35738831615120276,PAN_PRI_PRD,161,0.2766323024054983,145,0.24914089347079038,MC,16,0.027491408934707903,PT_PVEM_MORENA_NAS,369,0.634020618556701,208,0.35738831615120276,PAN_PRI_PRD,161,0.2766323024054983,145,0.24914089347079038,MC,16,0.027491408934707903,161,0.2766323024054983,369,0.634020618556701,16,0.027491408934707903,8,0.013745704467353952,4,0.006872852233676976,9,0.015463917525773196,0,0.0,15,0.02577319587628866,582,1.0,ORIGEN,SECCION,SOLO_COALICIONES
645,26,SONORA,HERMOSILLO,,6,568,2403,805,0.3349979192675822,0.6650020807324177,PT_PVEM_MORENA_NAS,512,0.6360248447204969,282,0.35031055900621116,PAN_PRI_PRD,230,0.2857142857142857,211,0.26211180124223604,MC,19,0.02360248447204969,PT_PVEM_MORENA_NAS,512,0.6360248447204969,282,0.35031055900621116,PAN_PRI_PRD,230,0.2857142857142857,211,0.26211180124223604,MC,19,0.02360248447204969,230,0.2857142857142857,512,0.6360248447204969,19,0.02360248447204969,5,0.006211180124223602,8,0.009937888198757764,14,0.017391304347826087,0,0.0,17,0.02111801242236025,805,1.0,ORIGEN,SECCION,SOLO_COALICIONES
646,26,SONORA,HERMOSILLO,,6,569,8824,2798,0.3170897552130553,0.6829102447869446,PT_PVEM_MORENA_NAS,1718,0.6140100071479628,903,0.32273052180128664,PAN_PRI_PRD,815,0.2912794853466762,716,0.2558970693352395,MC,99,0.03538241601143674,PT_PVEM_MORENA_NAS,1718,0.6140100071479628,903,0.32273052180128664,PAN_PRI_PRD,815,0.2912794853466762,716,0.2558970693352395,MC,99,0.03538241601143674,815,0.2912794853466762,1718,0.6140100071479628,99,0.03538241601143674,35,0.01250893495353824,18,0.006433166547533953,48,0.017155110793423873,2,0.0007147962830593281,63,0.022516082916368835,2798,1.0,ORIGEN,SECCION,SOLO_COALICIONES
647,26,SONORA,HERMOSILLO,,6,570,1976,599,0.30313765182186236,0.6968623481781376,PT_PVEM_MORENA_NAS,392,0.654424040066778,231,0.38564273789649417,PAN_PRI_PRD,161,0.2687813021702838,141,0.2353923205342237,MC,20,0.0333889816360601,PT_PVEM_MORENA_NAS,392,0.654424040066778,231,0.38564273789649417,PAN_PRI_PRD,161,0.2687813021702838,141,0.2353923205342237,MC,20,0.0333889816360601,161,0.2687813021702838,392,0.654424040066778,20,0.0333889816360601,3,0.005008347245409015,2,0.00333889816360601,2,0.00333889816360601,0,0.0,19,0.03171953255425709,599,1.0,ORIGEN,SECCION,SOLO_COALICIONES
648,26,SONORA,HERMOSILLO,,6,572,953,388,0.40713536201469047,0.5928646379853095,PT_PVEM_MORENA_NAS,264,0.6804123711340206,161,0.41494845360824745,PAN_PRI_PRD,103,0.2654639175257732,95,0.24484536082474226,MC,8,0.020618556701030927,PT_PVEM_MORENA_NAS,264,0.6804123711340206,161,0.41494845360824745,PAN_PRI_PRD,103,0.2654639175257732,95,0.24484536082474226,MC,8,0.020618556701030927,103,0.2654639175257732,264,0.6804123711340206,8,0.020618556701030927,3,0.007731958762886598,1,0.002577319587628866,6,0.015463917525773196,0,0.0,3,0.007731958762886598,388,1.0,ORIGEN,SECCION,SOLO_COALICIONES
649,26,SONORA,HERMOSILLO,,6,1396,569,373,0.655536028119508,0.34446397188049205,PAN_PRI_PRD,190,0.5093833780160858,36,0.09651474530831099,PT_PVEM_MORENA_NAS,154,0.4128686327077748,142,0.3806970509383378,MC,12,0.032171581769437,PAN_PRI_PRD,190,0.5093833780160858,36,0.09651474530831099,PT_PVEM_MORENA_NAS,154,0.4128686327077748,142,0.3806970509383378,MC,12,0.032171581769437,190,0.5093833780160858,154,0.4128686327077748,12,0.032171581769437,2,0.005361930294906166,1,0.002680965147453083,6,0.0160857908847185,0,0.0,8,0.021447721179624665,373,1.0,ORIGEN,SECCION,SOLO_COALICIONES
650,26,SONORA,HERMOSILLO,,6,1397,796,544,0.6834170854271356,0.31658291457286436,PAN_PRI_PRD,264,0.4852941176470588,21,0.03860294117647059,PT_PVEM_MORENA_NAS,243,0.44669117647058826,230,0.4227941176470588,MC,13,0.02389705882352941,PAN_PRI_PRD,264,0.4852941176470588,21,0.03860294117647059,PT_PVEM_MORENA_NAS,243,0.44669117647058826,230,0.4227941176470588,MC,13,0.02389705882352941,264,0.4852941176470588,243,0.44669117647058826,13,0.02389705882352941,2,0.003676470588235294,7,0.012867647058823529,10,0.01838235294117647,0,0.0,5,0.009191176470588236,544,1.0,ORIGEN,SECCION,SOLO_COALICIONES
651,26,SONORA,HERMOSILLO,,6,1398,1543,938,0.6079066753078418,0.3920933246921582,PAN_PRI_PRD,459,0.48933901918976547,43,0.04584221748400853,PT_PVEM_MORENA_NAS,416,0.44349680170575695,395,0.4211087420042644,MC,21,0.022388059701492536,PAN_PRI_PRD,459,0.48933901918976547,43,0.04584221748400853,PT_PVEM_MORENA_NAS,416,0.44349680170575695,395,0.4211087420042644,MC,21,0.022388059701492536,459,0.48933901918976547,416,0.44349680170575695,21,0.022388059701492536,6,0.006396588486140725,5,0.005330490405117271,15,0.015991471215351813,0,0.0,16,0.017057569296375266,938,1.0,ORIGEN,SECCION,SOLO_COALICIONES
652,26,SONORA,HERMOSILLO,,6,1399,619,392,0.6332794830371568,0.36672051696284325,PAN_PRI_PRD,198,0.5051020408163265,36,0.09183673469387756,PT_PVEM_MORENA_NAS,162,0.413265306122449,151,0.3852040816326531,MC,11,0.02806122448979592,PAN_PRI_PRD,198,0.5051020408163265,36,0.09183673469387756,PT_PVEM_MORENA_NAS,162,0.413265306122449,151,0.3852040816326531,MC,11,0.02806122448979592,198,0.5051020408163265,162,0.413265306122449,11,0.02806122448979592,2,0.00510204081632653,4,0.01020408163265306,11,0.02806122448979592,0,0.0,4,0.01020408163265306,392,1.0,ORIGEN,SECCION,SOLO_COALICIONES
653,26,SONORA,HERMOSILLO,,6,1400,1780,1022,0.5741573033707865,0.4258426966292135,PAN_PRI_PRD,565,0.5528375733855186,175,0.17123287671232876,PT_PVEM_MORENA_NAS,390,0.3816046966731898,366,0.35812133072407043,MC,24,0.023483365949119372,PAN_PRI_PRD,565,0.5528375733855186,175,0.17123287671232876,PT_PVEM_MORENA_NAS,390,0.3816046966731898,366,0.35812133072407043,MC,24,0.023483365949119372,565,0.5528375733855186,390,0.3816046966731898,24,0.023483365949119372,5,0.004892367906066536,4,0.003913894324853229,24,0.023483365949119372,0,0.0,10,0.009784735812133072,1022,1.0,ORIGEN,SECCION,SOLO_COALICIONES
654,26,SONORA,HERMOSILLO,,6,1401,585,281,0.48034188034188036,0.5196581196581196,PT_PVEM_MORENA_NAS,146,0.5195729537366548,31,0.1103202846975089,PAN_PRI_PRD,115,0.4092526690391459,107,0.3807829181494662,MC,8,0.028469750889679714,PT_PVEM_MORENA_NAS,146,0.5195729537366548,31,0.1103202846975089,PAN_PRI_PRD,115,0.4092526690391459,107,0.3807829181494662,MC,8,0.028469750889679714,115,0.4092526690391459,146,0.5195729537366548,8,0.028469750889679714,0,0.0,1,0.0035587188612099642,4,0.014234875444839857,0,0.0,7,0.02491103202846975,281,1.0,ORIGEN,SECCION,SOLO_COALICIONES
655,26,SONORA,HERMOSILLO,,6,1402,944,387,0.4099576271186441,0.590042372881356,PT_PVEM_MORENA_NAS,226,0.5839793281653747,90,0.23255813953488372,PAN_PRI_PRD,136,0.35142118863049093,127,0.3281653746770026,MC,9,0.023255813953488372,PT_PVEM_MORENA_NAS,226,0.5839793281653747,90,0.23255813953488372,PAN_PRI_PRD,136,0.35142118863049093,127,0.3281653746770026,MC,9,0.023255813953488372,136,0.35142118863049093,226,0.5839793281653747,9,0.023255813953488372,2,0.00516795865633075,3,0.007751937984496124,7,0.01808785529715762,0,0.0,4,0.0103359173126615,387,1.0,ORIGEN,SECCION,SOLO_COALICIONES
656,26,SONORA,HERMOSILLO,,6,1403,1864,679,0.3642703862660944,0.6357296137339056,PT_PVEM_MORENA_NAS,404,0.5949926362297496,173,0.2547864506627393,PAN_PRI_PRD,231,0.3402061855670103,214,0.31516936671575846,MC,17,0.025036818851251842,PT_PVEM_MORENA_NAS,404,0.5949926362297496,173,0.2547864506627393,PAN_PRI_PRD,231,0.3402061855670103,214,0.31516936671575846,MC,17,0.025036818851251842,231,0.3402061855670103,404,0.5949926362297496,17,0.025036818851251842,7,0.010309278350515464,4,0.005891016200294551,11,0.016200294550810016,1,0.0014727540500736377,4,0.005891016200294551,679,1.0,ORIGEN,SECCION,SOLO_COALICIONES
657,26,SONORA,HERMOSILLO,,6,1404,1610,626,0.38881987577639754,0.6111801242236025,PT_PVEM_MORENA_NAS,355,0.5670926517571885,124,0.19808306709265175,PAN_PRI_PRD,231,0.36900958466453676,219,0.3498402555910543,MC,12,0.019169329073482427,PT_PVEM_MORENA_NAS,355,0.5670926517571885,124,0.19808306709265175,PAN_PRI_PRD,231,0.36900958466453676,219,0.3498402555910543,MC,12,0.019169329073482427,231,0.36900958466453676,355,0.5670926517571885,12,0.019169329073482427,3,0.004792332268370607,6,0.009584664536741214,9,0.01437699680511182,0,0.0,10,0.01597444089456869,626,1.0,ORIGEN,SECCION,SOLO_COALICIONES
658,26,SONORA,HERMOSILLO,,6,1405,1982,538,0.2714429868819374,0.7285570131180625,PT_PVEM_MORENA_NAS,260,0.483271375464684,44,0.08178438661710037,PAN_PRI_PRD,216,0.40148698884758366,199,0.36988847583643125,MC,17,0.031598513011152414,PT_PVEM_MORENA_NAS,260,0.483271375464684,44,0.08178438661710037,PAN_PRI_PRD,216,0.40148698884758366,199,0.36988847583643125,MC,17,0.031598513011152414,216,0.40148698884758366,260,0.483271375464684,17,0.031598513011152414,10,0.01858736059479554,5,0.00929368029739777,8,0.01486988847583643,0,0.0,22,0.040892193308550186,538,1.0,ORIGEN,SECCION,SOLO_COALICIONES
659,26,SONORA,HERMOSILLO,,6,1512,364,279,0.7664835164835165,0.23351648351648346,PAN_PRI_PRD,228,0.8172043010752689,184,0.6594982078853047,PT_PVEM_MORENA_NAS,44,0.15770609318996415,41,0.14695340501792115,FxM,3,0.010752688172043012,PAN_PRI_PRD,228,0.8172043010752689,184,0.6594982078853047,PT_PVEM_MORENA_NAS,44,0.15770609318996415,41,0.14695340501792115,FxM,3,0.010752688172043012,228,0.8172043010752689,44,0.15770609318996415,1,0.0035842293906810036,1,0.0035842293906810036,0,0.0,3,0.010752688172043012,0,0.0,2,0.007168458781362007,279,1.0,ORIGEN,SECCION,SOLO_COALICIONES
660,26,SONORA,HERMOSILLO,,8,336,6763,2307,0.3411208043767559,0.658879195623244,PT_PVEM_MORENA_NAS,1376,0.5964456003467707,673,0.2917208495882098,PAN_PRI_PRD,703,0.3047247507585609,632,0.27394885132206326,MC,71,0.030775899436497615,PT_PVEM_MORENA_NAS,1376,0.5964456003467707,673,0.2917208495882098,PAN_PRI_PRD,703,0.3047247507585609,632,0.27394885132206326,MC,71,0.030775899436497615,703,0.3047247507585609,1376,0.5964456003467707,71,0.030775899436497615,27,0.011703511053315995,20,0.008669267446900737,37,0.016038144776766364,4,0.0017338534893801473,69,0.02990897269180754,2307,1.0,ORIGEN,SECCION,SOLO_COALICIONES
661,26,SONORA,HERMOSILLO,,8,351,2353,765,0.32511687207819806,0.6748831279218019,PT_PVEM_MORENA_NAS,474,0.6196078431372549,262,0.34248366013071896,PAN_PRI_PRD,212,0.27712418300653596,183,0.23921568627450981,MC,29,0.03790849673202614,PT_PVEM_MORENA_NAS,474,0.6196078431372549,262,0.34248366013071896,PAN_PRI_PRD,212,0.27712418300653596,183,0.23921568627450981,MC,29,0.03790849673202614,212,0.27712418300653596,474,0.6196078431372549,29,0.03790849673202614,6,0.00784313725490196,11,0.01437908496732026,9,0.011764705882352941,3,0.00392156862745098,21,0.027450980392156862,765,1.0,ORIGEN,SECCION,SOLO_COALICIONES
662,26,SONORA,HERMOSILLO,,8,353,1056,404,0.38257575757575757,0.6174242424242424,PT_PVEM_MORENA_NAS,260,0.6435643564356436,158,0.3910891089108911,PAN_PRI_PRD,102,0.2524752475247525,81,0.2004950495049505,MC,21,0.05198019801980198,PT_PVEM_MORENA_NAS,260,0.6435643564356436,158,0.3910891089108911,PAN_PRI_PRD,102,0.2524752475247525,81,0.2004950495049505,MC,21,0.05198019801980198,102,0.2524752475247525,260,0.6435643564356436,21,0.05198019801980198,2,0.0049504950495049506,3,0.007425742574257425,5,0.012376237623762377,3,0.007425742574257425,8,0.019801980198019802,404,1.0,ORIGEN,SECCION,SOLO_COALICIONES
663,26,SONORA,HERMOSILLO,,8,366,1472,549,0.37296195652173914,0.6270380434782609,PT_PVEM_MORENA_NAS,335,0.6102003642987249,189,0.3442622950819672,PAN_PRI_PRD,146,0.2659380692167577,118,0.21493624772313297,MC,28,0.051001821493624776,PT_PVEM_MORENA_NAS,335,0.6102003642987249,189,0.3442622950819672,PAN_PRI_PRD,146,0.2659380692167577,118,0.21493624772313297,MC,28,0.051001821493624776,146,0.2659380692167577,335,0.6102003642987249,28,0.051001821493624776,6,0.01092896174863388,7,0.012750455373406194,9,0.01639344262295082,2,0.0036429872495446266,16,0.029143897996357013,549,1.0,ORIGEN,SECCION,SOLO_COALICIONES
664,26,SONORA,HERMOSILLO,,8,367,1974,810,0.41033434650455924,0.5896656534954408,PT_PVEM_MORENA_NAS,434,0.5358024691358024,145,0.17901234567901234,PAN_PRI_PRD,289,0.3567901234567901,257,0.3172839506172839,MC,32,0.03950617283950617,PT_PVEM_MORENA_NAS,434,0.5358024691358024,145,0.17901234567901234,PAN_PRI_PRD,289,0.3567901234567901,257,0.3172839506172839,MC,32,0.03950617283950617,289,0.3567901234567901,434,0.5358024691358024,32,0.03950617283950617,8,0.009876543209876543,7,0.008641975308641974,19,0.02345679012345679,0,0.0,21,0.025925925925925925,810,1.0,ORIGEN,SECCION,SOLO_COALICIONES
665,26,SONORA,HERMOSILLO,,8,374,10473,3264,0.3116585505585792,0.6883414494414208,PT_PVEM_MORENA_NAS,2023,0.6197916666666666,1097,0.33609068627450983,PAN_PRI_PRD,926,0.28370098039215685,794,0.24325980392156862,MC,132,0.04044117647058824,PT_PVEM_MORENA_NAS,2023,0.6197916666666666,1097,0.33609068627450983,PAN_PRI_PRD,926,0.28370098039215685,794,0.24325980392156862,MC,132,0.04044117647058824,926,0.28370098039215685,2023,0.6197916666666666,132,0.04044117647058824,28,0.00857843137254902,30,0.009191176470588236,68,0.020833333333333332,5,0.0015318627450980392,52,0.015931372549019607,3264,1.0,ORIGEN,SECCION,SOLO_COALICIONES
666,26,SONORA,HERMOSILLO,,8,375,2598,1167,0.4491916859122402,0.5508083140877598,PT_PVEM_MORENA_NAS,609,0.5218508997429306,168,0.14395886889460155,PAN_PRI_PRD,441,0.37789203084832906,399,0.34190231362467866,MC,42,0.03598971722365039,PT_PVEM_MORENA_NAS,609,0.5218508997429306,168,0.14395886889460155,PAN_PRI_PRD,441,0.37789203084832906,399,0.34190231362467866,MC,42,0.03598971722365039,441,0.37789203084832906,609,0.5218508997429306,42,0.03598971722365039,7,0.005998286203941731,11,0.009425878320479864,28,0.023993144815766924,2,0.001713796058269066,27,0.02313624678663239,1167,1.0,ORIGEN,SECCION,SOLO_COALICIONES
667,26,SONORA,HERMOSILLO,,8,384,1837,825,0.4491017964071856,0.5508982035928144,PT_PVEM_MORENA_NAS,454,0.5503030303030303,158,0.19151515151515153,PAN_PRI_PRD,296,0.35878787878787877,272,0.3296969696969697,MC,24,0.02909090909090909,PT_PVEM_MORENA_NAS,454,0.5503030303030303,158,0.19151515151515153,PAN_PRI_PRD,296,0.35878787878787877,272,0.3296969696969697,MC,24,0.02909090909090909,296,0.35878787878787877,454,0.5503030303030303,24,0.02909090909090909,8,0.009696969696969697,6,0.007272727272727273,13,0.01575757575757576,2,0.0024242424242424242,22,0.02666666666666667,825,1.0,ORIGEN,SECCION,SOLO_COALICIONES
668,26,SONORA,HERMOSILLO,,8,400,2108,766,0.3633776091081594,0.6366223908918406,PT_PVEM_MORENA_NAS,516,0.6736292428198434,330,0.4308093994778068,PAN_PRI_PRD,186,0.24281984334203655,163,0.21279373368146215,MC,23,0.030026109660574413,PT_PVEM_MORENA_NAS,516,0.6736292428198434,330,0.4308093994778068,PAN_PRI_PRD,186,0.24281984334203655,163,0.21279373368146215,MC,23,0.030026109660574413,186,0.24281984334203655,516,0.6736292428198434,23,0.030026109660574413,8,0.010443864229765013,5,0.006527415143603133,11,0.014360313315926894,0,0.0,17,0.022193211488250653,766,1.0,ORIGEN,SECCION,SOLO_COALICIONES
669,26,SONORA,HERMOSILLO,,8,1332,18740,3937,0.21008537886873,0.78991462113127,PT_PVEM_MORENA_NAS,2407,0.6113792227584455,1186,0.301244602489205,PAN_PRI_PRD,1221,0.31013462026924055,1088,0.2763525527051054,MC,133,0.033782067564135126,PT_PVEM_MORENA_NAS,2407,0.6113792227584455,1186,0.301244602489205,PAN_PRI_PRD,1221,0.31013462026924055,1088,0.2763525527051054,MC,133,0.033782067564135126,1221,0.31013462026924055,2407,0.6113792227584455,133,0.033782067564135126,41,0.010414020828041656,22,0.0055880111760223524,40,0.01016002032004064,4,0.001016002032004064,69,0.017526035052070104,3937,1.0,ORIGEN,SECCION,SOLO_COALICIONES
670,26,SONORA,HERMOSILLO,,8,1333,2280,1405,0.6162280701754386,0.38377192982456143,PAN_PRI_PRD,855,0.608540925266904,381,0.2711743772241993,PT_PVEM_MORENA_NAS,474,0.3373665480427046,447,0.3181494661921708,MC,27,0.019217081850533807,PAN_PRI_PRD,855,0.608540925266904,381,0.2711743772241993,PT_PVEM_MORENA_NAS,474,0.3373665480427046,447,0.3181494661921708,MC,27,0.019217081850533807,855,0.608540925266904,474,0.3373665480427046,27,0.019217081850533807,11,0.007829181494661922,10,0.0071174377224199285,16,0.011387900355871887,0,0.0,12,0.008540925266903915,1405,1.0,ORIGEN,SECCION,SOLO_COALICIONES
671,26,SONORA,HERMOSILLO,,8,1334,1413,594,0.42038216560509556,0.5796178343949044,PT_PVEM_MORENA_NAS,314,0.5286195286195287,109,0.1835016835016835,PAN_PRI_PRD,205,0.3451178451178451,178,0.2996632996632997,MC,27,0.045454545454545456,PT_PVEM_MORENA_NAS,314,0.5286195286195287,109,0.1835016835016835,PAN_PRI_PRD,205,0.3451178451178451,178,0.2996632996632997,MC,27,0.045454545454545456,205,0.3451178451178451,314,0.5286195286195287,27,0.045454545454545456,8,0.013468013468013467,5,0.008417508417508417,17,0.02861952861952862,0,0.0,18,0.030303030303030304,594,1.0,ORIGEN,SECCION,SOLO_COALICIONES
672,26,SONORA,HERMOSILLO,,8,1335,1628,663,0.40724815724815727,0.5927518427518428,PT_PVEM_MORENA_NAS,355,0.5354449472096531,115,0.17345399698340874,PAN_PRI_PRD,240,0.36199095022624433,213,0.3212669683257919,MC,27,0.04072398190045249,PT_PVEM_MORENA_NAS,355,0.5354449472096531,115,0.17345399698340874,PAN_PRI_PRD,240,0.36199095022624433,213,0.3212669683257919,MC,27,0.04072398190045249,240,0.36199095022624433,355,0.5354449472096531,27,0.04072398190045249,5,0.007541478129713424,8,0.012066365007541479,13,0.0196078431372549,0,0.0,15,0.02262443438914027,663,1.0,ORIGEN,SECCION,SOLO_COALICIONES
673,26,SONORA,HERMOSILLO,,8,1336,1573,617,0.3922441195168468,0.6077558804831532,PT_PVEM_MORENA_NAS,333,0.539708265802269,109,0.1766612641815235,PAN_PRI_PRD,224,0.36304700162074555,201,0.32576985413290116,MC,23,0.03727714748784441,PT_PVEM_MORENA_NAS,333,0.539708265802269,109,0.1766612641815235,PAN_PRI_PRD,224,0.36304700162074555,201,0.32576985413290116,MC,23,0.03727714748784441,224,0.36304700162074555,333,0.539708265802269,23,0.03727714748784441,5,0.008103727714748784,6,0.009724473257698542,14,0.022690437601296597,1,0.0016207455429497568,11,0.017828200972447326,617,1.0,ORIGEN,SECCION,SOLO_COALICIONES
674,26,SONORA,HERMOSILLO,,8,1337,1267,344,0.27150749802683505,0.728492501973165,PT_PVEM_MORENA_NAS,218,0.6337209302325582,133,0.3866279069767442,PAN_PRI_PRD,85,0.24709302325581395,70,0.20348837209302326,MC,15,0.0436046511627907,PT_PVEM_MORENA_NAS,218,0.6337209302325582,133,0.3866279069767442,PAN_PRI_PRD,85,0.24709302325581395,70,0.20348837209302326,MC,15,0.0436046511627907,85,0.24709302325581395,218,0.6337209302325582,15,0.0436046511627907,6,0.01744186046511628,5,0.014534883720930232,2,0.005813953488372093,0,0.0,13,0.0377906976744186,344,1.0,ORIGEN,SECCION,SOLO_COALICIONES
675,26,SONORA,HERMOSILLO,,8,1338,1655,524,0.3166163141993958,0.6833836858006042,PT_PVEM_MORENA_NAS,320,0.6106870229007634,168,0.32061068702290074,PAN_PRI_PRD,152,0.2900763358778626,132,0.25190839694656486,MC,20,0.03816793893129771,PT_PVEM_MORENA_NAS,320,0.6106870229007634,168,0.32061068702290074,PAN_PRI_PRD,152,0.2900763358778626,132,0.25190839694656486,MC,20,0.03816793893129771,152,0.2900763358778626,320,0.6106870229007634,20,0.03816793893129771,7,0.013358778625954198,6,0.011450381679389313,7,0.013358778625954198,2,0.003816793893129771,10,0.019083969465648856,524,1.0,ORIGEN,SECCION,SOLO_COALICIONES
676,26,SONORA,HERMOSILLO,,8,1339,1631,535,0.3280196198651134,0.6719803801348866,PT_PVEM_MORENA_NAS,352,0.6579439252336449,213,0.3981308411214953,PAN_PRI_PRD,139,0.25981308411214954,117,0.21869158878504674,MC,22,0.041121495327102804,PT_PVEM_MORENA_NAS,352,0.6579439252336449,213,0.3981308411214953,PAN_PRI_PRD,139,0.25981308411214954,117,0.21869158878504674,MC,22,0.041121495327102804,139,0.25981308411214954,352,0.6579439252336449,22,0.041121495327102804,2,0.003738317757009346,1,0.001869158878504673,7,0.013084112149532711,0,0.0,12,0.022429906542056073,535,1.0,ORIGEN,SECCION,SOLO_COALICIONES
677,26,SONORA,HERMOSILLO,,8,1340,1482,462,0.3117408906882591,0.688259109311741,PT_PVEM_MORENA_NAS,296,0.6406926406926406,162,0.35064935064935066,PAN_PRI_PRD,134,0.29004329004329005,122,0.26406926406926406,FxM,12,0.025974025974025976,PT_PVEM_MORENA_NAS,296,0.6406926406926406,162,0.35064935064935066,PAN_PRI_PRD,134,0.29004329004329005,122,0.26406926406926406,FxM,12,0.025974025974025976,134,0.29004329004329005,296,0.6406926406926406,9,0.01948051948051948,1,0.0021645021645021645,1,0.0021645021645021645,12,0.025974025974025976,1,0.0021645021645021645,8,0.017316017316017316,462,1.0,ORIGEN,SECCION,SOLO_COALICIONES
678,26,SONORA,HERMOSILLO,,8,1341,1209,474,0.3920595533498759,0.6079404466501241,PT_PVEM_MORENA_NAS,269,0.5675105485232067,114,0.24050632911392406,PAN_PRI_PRD,155,0.3270042194092827,137,0.2890295358649789,MC,18,0.0379746835443038,PT_PVEM_MORENA_NAS,269,0.5675105485232067,114,0.24050632911392406,PAN_PRI_PRD,155,0.3270042194092827,137,0.2890295358649789,MC,18,0.0379746835443038,155,0.3270042194092827,269,0.5675105485232067,18,0.0379746835443038,2,0.004219409282700422,7,0.014767932489451477,17,0.035864978902953586,0,0.0,6,0.012658227848101266,474,1.0,ORIGEN,SECCION,SOLO_COALICIONES
679,26,SONORA,HERMOSILLO,,8,1342,1244,540,0.4340836012861736,0.5659163987138264,PT_PVEM_MORENA_NAS,282,0.5222222222222223,82,0.15185185185185185,PAN_PRI_PRD,200,0.37037037037037035,176,0.32592592592592595,MC,24,0.044444444444444446,PT_PVEM_MORENA_NAS,282,0.5222222222222223,82,0.15185185185185185,PAN_PRI_PRD,200,0.37037037037037035,176,0.32592592592592595,MC,24,0.044444444444444446,200,0.37037037037037035,282,0.5222222222222223,24,0.044444444444444446,4,0.007407407407407408,6,0.011111111111111112,11,0.020370370370370372,0,0.0,13,0.024074074074074074,540,1.0,ORIGEN,SECCION,SOLO_COALICIONES
680,26,SONORA,HERMOSILLO,,8,1343,2496,1028,0.41185897435897434,0.5881410256410257,PT_PVEM_MORENA_NAS,581,0.5651750972762646,224,0.2178988326848249,PAN_PRI_PRD,357,0.3472762645914397,321,0.3122568093385214,MC,36,0.03501945525291829,PT_PVEM_MORENA_NAS,581,0.5651750972762646,224,0.2178988326848249,PAN_PRI_PRD,357,0.3472762645914397,321,0.3122568093385214,MC,36,0.03501945525291829,357,0.3472762645914397,581,0.5651750972762646,36,0.03501945525291829,10,0.009727626459143969,8,0.007782101167315175,19,0.01848249027237354,1,0.0009727626459143969,16,0.01556420233463035,1028,1.0,ORIGEN,SECCION,SOLO_COALICIONES
681,26,SONORA,HERMOSILLO,,8,1344,1274,559,0.4387755102040816,0.5612244897959184,PT_PVEM_MORENA_NAS,266,0.47584973166368516,35,0.0626118067978533,PAN_PRI_PRD,231,0.41323792486583183,213,0.3810375670840787,MC,18,0.03220035778175313,PT_PVEM_MORENA_NAS,266,0.47584973166368516,35,0.0626118067978533,PAN_PRI_PRD,231,0.41323792486583183,213,0.3810375670840787,MC,18,0.03220035778175313,231,0.41323792486583183,266,0.47584973166368516,18,0.03220035778175313,4,0.007155635062611807,8,0.014311270125223614,18,0.03220035778175313,0,0.0,14,0.025044722719141325,559,1.0,ORIGEN,SECCION,SOLO_COALICIONES
682,26,SONORA,HERMOSILLO,,8,1345,1080,414,0.38333333333333336,0.6166666666666667,PT_PVEM_MORENA_NAS,243,0.5869565217391305,108,0.2608695652173913,PAN_PRI_PRD,135,0.32608695652173914,121,0.2922705314009662,MC,14,0.033816425120772944,PT_PVEM_MORENA_NAS,243,0.5869565217391305,108,0.2608695652173913,PAN_PRI_PRD,135,0.32608695652173914,121,0.2922705314009662,MC,14,0.033816425120772944,135,0.32608695652173914,243,0.5869565217391305,14,0.033816425120772944,2,0.004830917874396135,4,0.00966183574879227,5,0.012077294685990338,2,0.004830917874396135,9,0.021739130434782608,414,1.0,ORIGEN,SECCION,SOLO_COALICIONES
683,26,SONORA,HERMOSILLO,,8,1346,1912,745,0.38964435146443516,0.6103556485355648,PT_PVEM_MORENA_NAS,348,0.4671140939597315,8,0.010738255033557046,PAN_PRI_PRD,340,0.4563758389261745,317,0.425503355704698,MC,23,0.03087248322147651,PT_PVEM_MORENA_NAS,348,0.4671140939597315,8,0.010738255033557046,PAN_PRI_PRD,340,0.4563758389261745,317,0.425503355704698,MC,23,0.03087248322147651,340,0.4563758389261745,348,0.4671140939597315,23,0.03087248322147651,4,0.005369127516778523,9,0.012080536912751677,12,0.016107382550335572,0,0.0,9,0.012080536912751677,745,1.0,ORIGEN,SECCION,SOLO_COALICIONES
684,26,SONORA,HERMOSILLO,,8,1347,1008,383,0.37996031746031744,0.6200396825396826,PT_PVEM_MORENA_NAS,230,0.6005221932114883,120,0.3133159268929504,PAN_PRI_PRD,110,0.28720626631853785,96,0.2506527415143603,MC,14,0.03655352480417755,PT_PVEM_MORENA_NAS,230,0.6005221932114883,120,0.3133159268929504,PAN_PRI_PRD,110,0.28720626631853785,96,0.2506527415143603,MC,14,0.03655352480417755,110,0.28720626631853785,230,0.6005221932114883,14,0.03655352480417755,6,0.015665796344647518,4,0.010443864229765013,3,0.007832898172323759,6,0.015665796344647518,10,0.02610966057441253,383,1.0,ORIGEN,SECCION,SOLO_COALICIONES
685,26,SONORA,HERMOSILLO,,8,1348,1226,379,0.3091353996737357,0.6908646003262643,PT_PVEM_MORENA_NAS,225,0.5936675461741425,113,0.29815303430079154,PAN_PRI_PRD,112,0.2955145118733509,101,0.26649076517150394,MC,11,0.029023746701846966,PT_PVEM_MORENA_NAS,225,0.5936675461741425,113,0.29815303430079154,PAN_PRI_PRD,112,0.2955145118733509,101,0.26649076517150394,MC,11,0.029023746701846966,112,0.2955145118733509,225,0.5936675461741425,11,0.029023746701846966,5,0.013192612137203167,0,0.0,5,0.013192612137203167,0,0.0,21,0.055408970976253295,379,1.0,ORIGEN,SECCION,SOLO_COALICIONES
686,26,SONORA,HERMOSILLO,,8,1349,1126,391,0.347246891651865,0.652753108348135,PT_PVEM_MORENA_NAS,230,0.5882352941176471,99,0.2531969309462916,PAN_PRI_PRD,131,0.3350383631713555,121,0.309462915601023,FxM,10,0.02557544757033248,PT_PVEM_MORENA_NAS,230,0.5882352941176471,99,0.2531969309462916,PAN_PRI_PRD,131,0.3350383631713555,121,0.309462915601023,FxM,10,0.02557544757033248,131,0.3350383631713555,230,0.5882352941176471,7,0.017902813299232736,2,0.005115089514066497,4,0.010230179028132993,10,0.02557544757033248,0,0.0,7,0.017902813299232736,391,1.0,ORIGEN,SECCION,SOLO_COALICIONES
687,26,SONORA,HERMOSILLO,,8,1350,1253,388,0.30965682362330404,0.690343176376696,PT_PVEM_MORENA_NAS,251,0.6469072164948454,154,0.39690721649484534,PAN_PRI_PRD,97,0.25,83,0.21391752577319587,MC,14,0.03608247422680412,PT_PVEM_MORENA_NAS,251,0.6469072164948454,154,0.39690721649484534,PAN_PRI_PRD,97,0.25,83,0.21391752577319587,MC,14,0.03608247422680412,97,0.25,251,0.6469072164948454,14,0.03608247422680412,7,0.01804123711340206,4,0.010309278350515464,12,0.030927835051546393,0,0.0,3,0.007731958762886598,388,1.0,ORIGEN,SECCION,SOLO_COALICIONES
688,26,SONORA,HERMOSILLO,,8,1351,1181,425,0.3598645215918713,0.6401354784081287,FxM,255,0.6,149,0.35058823529411764,RSP,106,0.24941176470588236,78,0.18352941176470589,PAN_PRI_PRD,28,0.06588235294117648,FxM,255,0.6,149,0.35058823529411764,RSP,106,0.24941176470588236,78,0.18352941176470589,PAN_PRI_PRD,28,0.06588235294117648,28,0.06588235294117648,12,0.02823529411764706,7,0.01647058823529412,6,0.01411764705882353,106,0.24941176470588236,255,0.6,0,0.0,11,0.02588235294117647,425,1.0,ORIGEN,SECCION,SOLO_COALICIONES
689,26,SONORA,HERMOSILLO,,8,1352,1398,719,0.5143061516452074,0.48569384835479257,PT_PVEM_MORENA_NAS,544,0.7566063977746871,413,0.5744089012517385,PAN_PRI_PRD,131,0.18219749652294853,108,0.1502086230876217,MC,23,0.031988873435326845,PT_PVEM_MORENA_NAS,544,0.7566063977746871,413,0.5744089012517385,PAN_PRI_PRD,131,0.18219749652294853,108,0.1502086230876217,MC,23,0.031988873435326845,131,0.18219749652294853,544,0.7566063977746871,23,0.031988873435326845,2,0.0027816411682892906,3,0.004172461752433936,6,0.008344923504867872,0,0.0,10,0.013908205841446454,719,1.0,ORIGEN,SECCION,SOLO_COALICIONES
690,26,SONORA,HERMOSILLO,,8,1353,1304,436,0.3343558282208589,0.665644171779141,PT_PVEM_MORENA_NAS,265,0.6077981651376146,146,0.3348623853211009,PAN_PRI_PRD,119,0.27293577981651373,105,0.2408256880733945,MC,14,0.03211009174311927,PT_PVEM_MORENA_NAS,265,0.6077981651376146,146,0.3348623853211009,PAN_PRI_PRD,119,0.27293577981651373,105,0.2408256880733945,MC,14,0.03211009174311927,119,0.27293577981651373,265,0.6077981651376146,14,0.03211009174311927,7,0.016055045871559634,9,0.020642201834862386,11,0.02522935779816514,0,0.0,11,0.02522935779816514,436,1.0,ORIGEN,SECCION,SOLO_COALICIONES
691,26,SONORA,HERMOSILLO,,8,1354,1377,422,0.3064633260711692,0.6935366739288308,PT_PVEM_MORENA_NAS,272,0.6445497630331753,168,0.3981042654028436,PAN_PRI_PRD,104,0.24644549763033174,87,0.20616113744075829,MC,17,0.04028436018957346,PT_PVEM_MORENA_NAS,272,0.6445497630331753,168,0.3981042654028436,PAN_PRI_PRD,104,0.24644549763033174,87,0.20616113744075829,MC,17,0.04028436018957346,104,0.24644549763033174,272,0.6445497630331753,17,0.04028436018957346,4,0.009478672985781991,9,0.02132701421800948,2,0.004739336492890996,1,0.002369668246445498,13,0.030805687203791468,422,1.0,ORIGEN,SECCION,SOLO_COALICIONES
692,26,SONORA,HERMOSILLO,,8,1355,1540,403,0.2616883116883117,0.7383116883116883,PT_PVEM_MORENA_NAS,224,0.5558312655086849,90,0.22332506203473945,PAN_PRI_PRD,134,0.3325062034739454,115,0.2853598014888337,MC,19,0.04714640198511166,PT_PVEM_MORENA_NAS,224,0.5558312655086849,90,0.22332506203473945,PAN_PRI_PRD,134,0.3325062034739454,115,0.2853598014888337,MC,19,0.04714640198511166,134,0.3325062034739454,224,0.5558312655086849,19,0.04714640198511166,1,0.0024813895781637717,9,0.022332506203473945,9,0.022332506203473945,1,0.0024813895781637717,6,0.01488833746898263,403,1.0,ORIGEN,SECCION,SOLO_COALICIONES
693,26,SONORA,HERMOSILLO,,8,1356,1343,404,0.30081906180193596,0.699180938198064,PT_PVEM_MORENA_NAS,263,0.650990099009901,166,0.41089108910891087,PAN_PRI_PRD,97,0.2400990099009901,86,0.21287128712871287,MC,11,0.027227722772277228,PT_PVEM_MORENA_NAS,263,0.650990099009901,166,0.41089108910891087,PAN_PRI_PRD,97,0.2400990099009901,86,0.21287128712871287,MC,11,0.027227722772277228,97,0.2400990099009901,263,0.650990099009901,11,0.027227722772277228,4,0.009900990099009901,7,0.017326732673267328,4,0.009900990099009901,0,0.0,18,0.04455445544554455,404,1.0,ORIGEN,SECCION,SOLO_COALICIONES
694,26,SONORA,HERMOSILLO,,8,1357,1302,389,0.29877112135176653,0.7012288786482335,PT_PVEM_MORENA_NAS,252,0.6478149100257069,150,0.3856041131105398,PAN_PRI_PRD,102,0.2622107969151671,86,0.2210796915167095,MC,16,0.04113110539845758,PT_PVEM_MORENA_NAS,252,0.6478149100257069,150,0.3856041131105398,PAN_PRI_PRD,102,0.2622107969151671,86,0.2210796915167095,MC,16,0.04113110539845758,102,0.2622107969151671,252,0.6478149100257069,16,0.04113110539845758,6,0.015424164524421594,2,0.005141388174807198,3,0.007712082262210797,0,0.0,8,0.02056555269922879,389,1.0,ORIGEN,SECCION,SOLO_COALICIONES
695,26,SONORA,HERMOSILLO,,8,1358,1167,361,0.3093401885175664,0.6906598114824336,PT_PVEM_MORENA_NAS,236,0.6537396121883656,141,0.39058171745152354,PAN_PRI_PRD,95,0.2631578947368421,81,0.22437673130193905,MC,14,0.038781163434903045,PT_PVEM_MORENA_NAS,236,0.6537396121883656,141,0.39058171745152354,PAN_PRI_PRD,95,0.2631578947368421,81,0.22437673130193905,MC,14,0.038781163434903045,95,0.2631578947368421,236,0.6537396121883656,14,0.038781163434903045,2,0.00554016620498615,5,0.013850415512465374,5,0.013850415512465374,0,0.0,4,0.0110803324099723,361,1.0,ORIGEN,SECCION,SOLO_COALICIONES
696,26,SONORA,HERMOSILLO,,8,1359,1290,583,0.45193798449612405,0.548062015503876,PT_PVEM_MORENA_NAS,304,0.5214408233276158,97,0.16638078902229847,PAN_PRI_PRD,207,0.35506003430531735,178,0.3053173241852487,MC,29,0.04974271012006861,PT_PVEM_MORENA_NAS,304,0.5214408233276158,97,0.16638078902229847,PAN_PRI_PRD,207,0.35506003430531735,178,0.3053173241852487,MC,29,0.04974271012006861,207,0.35506003430531735,304,0.5214408233276158,29,0.04974271012006861,5,0.008576329331046312,11,0.018867924528301886,15,0.025728987993138937,2,0.003430531732418525,10,0.017152658662092625,583,1.0,ORIGEN,SECCION,SOLO_COALICIONES
697,26,SONORA,HERMOSILLO,,8,1360,1041,485,0.4658981748318924,0.5341018251681076,PT_PVEM_MORENA_NAS,270,0.5567010309278351,100,0.20618556701030927,PAN_PRI_PRD,170,0.35051546391752575,158,0.32577319587628867,MC,12,0.024742268041237112,PT_PVEM_MORENA_NAS,270,0.5567010309278351,100,0.20618556701030927,PAN_PRI_PRD,170,0.35051546391752575,158,0.32577319587628867,MC,12,0.024742268041237112,170,0.35051546391752575,270,0.5567010309278351,12,0.024742268041237112,6,0.012371134020618556,10,0.020618556701030927,10,0.020618556701030927,0,0.0,7,0.01443298969072165,485,1.0,ORIGEN,SECCION,SOLO_COALICIONES
698,26,SONORA,HERMOSILLO,,8,1444,2635,531,0.2015180265654649,0.7984819734345351,PT_PVEM_MORENA_NAS,370,0.696798493408663,269,0.5065913370998116,PAN_PRI_PRD,101,0.1902071563088512,80,0.15065913370998116,MC,21,0.03954802259887006,PT_PVEM_MORENA_NAS,370,0.696798493408663,269,0.5065913370998116,PAN_PRI_PRD,101,0.1902071563088512,80,0.15065913370998116,MC,21,0.03954802259887006,101,0.1902071563088512,370,0.696798493408663,21,0.03954802259887006,7,0.013182674199623353,6,0.011299435028248588,9,0.01694915254237288,1,0.0018832391713747645,16,0.030131826741996232,531,1.0,ORIGEN,SECCION,SOLO_COALICIONES
699,26,SONORA,HERMOSILLO,,8,1445,419,129,0.30787589498806683,0.6921241050119331,PT_PVEM_MORENA_NAS,72,0.5581395348837209,29,0.2248062015503876,PAN_PRI_PRD,43,0.3333333333333333,39,0.3023255813953488,MC,4,0.031007751937984496,PT_PVEM_MORENA_NAS,72,0.5581395348837209,29,0.2248062015503876,PAN_PRI_PRD,43,0.3333333333333333,39,0.3023255813953488,MC,4,0.031007751937984496,43,0.3333333333333333,72,0.5581395348837209,4,0.031007751937984496,1,0.007751937984496124,2,0.015503875968992248,0,0.0,0,0.0,7,0.05426356589147287,129,1.0,ORIGEN,SECCION,SOLO_COALICIONES
700,26,SONORA,HERMOSILLO,,8,1446,528,131,0.2481060606060606,0.7518939393939394,PT_PVEM_MORENA_NAS,88,0.6717557251908397,62,0.4732824427480916,PAN_PRI_PRD,26,0.1984732824427481,22,0.16793893129770993,MC,4,0.030534351145038167,PT_PVEM_MORENA_NAS,88,0.6717557251908397,62,0.4732824427480916,PAN_PRI_PRD,26,0.1984732824427481,22,0.16793893129770993,MC,4,0.030534351145038167,26,0.1984732824427481,88,0.6717557251908397,4,0.030534351145038167,1,0.007633587786259542,0,0.0,1,0.007633587786259542,0,0.0,11,0.08396946564885496,131,1.0,ORIGEN,SECCION,SOLO_COALICIONES
701,26,SONORA,HERMOSILLO,,8,1447,439,126,0.2870159453302961,0.7129840546697039,PT_PVEM_MORENA_NAS,84,0.6666666666666666,57,0.4523809523809524,PAN_PRI_PRD,27,0.21428571428571427,23,0.18253968253968253,MC,4,0.031746031746031744,PT_PVEM_MORENA_NAS,84,0.6666666666666666,57,0.4523809523809524,PAN_PRI_PRD,27,0.21428571428571427,23,0.18253968253968253,MC,4,0.031746031746031744,27,0.21428571428571427,84,0.6666666666666666,4,0.031746031746031744,0,0.0,2,0.015873015873015872,4,0.031746031746031744,0,0.0,5,0.03968253968253968,126,1.0,ORIGEN,SECCION,SOLO_COALICIONES
702,26,SONORA,HERMOSILLO,,8,1448,489,166,0.3394683026584867,0.6605316973415133,PT_PVEM_MORENA_NAS,106,0.6385542168674698,69,0.41566265060240964,PAN_PRI_PRD,37,0.22289156626506024,31,0.18674698795180722,MC,6,0.03614457831325301,PT_PVEM_MORENA_NAS,106,0.6385542168674698,69,0.41566265060240964,PAN_PRI_PRD,37,0.22289156626506024,31,0.18674698795180722,MC,6,0.03614457831325301,37,0.22289156626506024,106,0.6385542168674698,6,0.03614457831325301,5,0.030120481927710843,5,0.030120481927710843,4,0.024096385542168676,0,0.0,3,0.018072289156626505,166,1.0,ORIGEN,SECCION,SOLO_COALICIONES
703,26,SONORA,HERMOSILLO,,8,1449,354,139,0.3926553672316384,0.6073446327683616,PT_PVEM_MORENA_NAS,96,0.6906474820143885,71,0.5107913669064749,PAN_PRI_PRD,25,0.17985611510791366,19,0.1366906474820144,FxM,6,0.04316546762589928,PT_PVEM_MORENA_NAS,96,0.6906474820143885,71,0.5107913669064749,PAN_PRI_PRD,25,0.17985611510791366,19,0.1366906474820144,FxM,6,0.04316546762589928,25,0.17985611510791366,96,0.6906474820143885,4,0.02877697841726619,3,0.02158273381294964,2,0.014388489208633094,6,0.04316546762589928,0,0.0,3,0.02158273381294964,139,1.0,ORIGEN,SECCION,SOLO_COALICIONES
704,26,SONORA,HERMOSILLO,,8,1450,194,71,0.36597938144329895,0.634020618556701,PT_PVEM_MORENA_NAS,50,0.704225352112676,33,0.4647887323943662,PAN_PRI_PRD,17,0.23943661971830985,15,0.2112676056338028,RSP,2,0.028169014084507043,PT_PVEM_MORENA_NAS,50,0.704225352112676,33,0.4647887323943662,PAN_PRI_PRD,17,0.23943661971830985,15,0.2112676056338028,RSP,2,0.028169014084507043,17,0.23943661971830985,50,0.704225352112676,1,0.014084507042253521,0,0.0,2,0.028169014084507043,1,0.014084507042253521,0,0.0,0,0.0,71,1.0,ORIGEN,SECCION,SOLO_COALICIONES
705,26,SONORA,HERMOSILLO,,8,1451,388,160,0.41237113402061853,0.5876288659793815,PT_PVEM_MORENA_NAS,87,0.54375,27,0.16875,PAN_PRI_PRD,60,0.375,57,0.35625,MC,3,0.01875,PT_PVEM_MORENA_NAS,87,0.54375,27,0.16875,PAN_PRI_PRD,60,0.375,57,0.35625,MC,3,0.01875,60,0.375,87,0.54375,3,0.01875,1,0.00625,3,0.01875,2,0.0125,0,0.0,4,0.025,160,1.0,ORIGEN,SECCION,SOLO_COALICIONES
706,26,SONORA,HERMOSILLO,,8,1452,421,251,0.5961995249406176,0.40380047505938244,PT_PVEM_MORENA_NAS,121,0.4820717131474104,22,0.08764940239043825,PAN_PRI_PRD,99,0.3944223107569721,87,0.3466135458167331,FxM,12,0.04780876494023904,PT_PVEM_MORENA_NAS,121,0.4820717131474104,22,0.08764940239043825,PAN_PRI_PRD,99,0.3944223107569721,87,0.3466135458167331,FxM,12,0.04780876494023904,99,0.3944223107569721,121,0.4820717131474104,7,0.027888446215139442,4,0.01593625498007968,4,0.01593625498007968,12,0.04780876494023904,0,0.0,4,0.01593625498007968,251,1.0,ORIGEN,SECCION,SOLO_COALICIONES
707,26,SONORA,HERMOSILLO,,8,1453,329,103,0.3130699088145897,0.6869300911854104,PT_PVEM_MORENA_NAS,45,0.4368932038834951,19,0.18446601941747573,PAN_PRI_PRD,26,0.2524271844660194,9,0.08737864077669903,MC,17,0.1650485436893204,PT_PVEM_MORENA_NAS,45,0.4368932038834951,19,0.18446601941747573,PAN_PRI_PRD,26,0.2524271844660194,9,0.08737864077669903,MC,17,0.1650485436893204,26,0.2524271844660194,45,0.4368932038834951,17,0.1650485436893204,5,0.04854368932038835,3,0.02912621359223301,7,0.06796116504854369,0,0.0,0,0.0,103,1.0,ORIGEN,SECCION,SOLO_COALICIONES
708,26,SONORA,HERMOSILLO,,8,1454,430,157,0.36511627906976746,0.6348837209302325,PT_PVEM_MORENA_NAS,102,0.6496815286624203,65,0.4140127388535032,PAN_PRI_PRD,37,0.2356687898089172,34,0.21656050955414013,MC,3,0.01910828025477707,PT_PVEM_MORENA_NAS,102,0.6496815286624203,65,0.4140127388535032,PAN_PRI_PRD,37,0.2356687898089172,34,0.21656050955414013,MC,3,0.01910828025477707,37,0.2356687898089172,102,0.6496815286624203,3,0.01910828025477707,0,0.0,2,0.012738853503184714,3,0.01910828025477707,0,0.0,10,0.06369426751592357,157,1.0,ORIGEN,SECCION,SOLO_COALICIONES
709,26,SONORA,HERMOSILLO,,8,1455,485,169,0.34845360824742266,0.6515463917525773,PT_PVEM_MORENA_NAS,92,0.5443786982248521,32,0.1893491124260355,PAN_PRI_PRD,60,0.35502958579881655,51,0.30177514792899407,MC,9,0.05325443786982249,PT_PVEM_MORENA_NAS,92,0.5443786982248521,32,0.1893491124260355,PAN_PRI_PRD,60,0.35502958579881655,51,0.30177514792899407,MC,9,0.05325443786982249,60,0.35502958579881655,92,0.5443786982248521,9,0.05325443786982249,4,0.023668639053254437,0,0.0,0,0.0,2,0.011834319526627219,2,0.011834319526627219,169,1.0,ORIGEN,SECCION,SOLO_COALICIONES
710,26,SONORA,HERMOSILLO,,8,1456,1507,921,0.6111479761114798,0.38885202388852025,PT_PVEM_MORENA_NAS,431,0.46796959826275786,18,0.019543973941368076,PAN_PRI_PRD,413,0.44842562432138977,383,0.4158523344191097,MC,30,0.03257328990228013,PT_PVEM_MORENA_NAS,431,0.46796959826275786,18,0.019543973941368076,PAN_PRI_PRD,413,0.44842562432138977,383,0.4158523344191097,MC,30,0.03257328990228013,413,0.44842562432138977,431,0.46796959826275786,30,0.03257328990228013,4,0.004343105320304018,14,0.01520086862106406,21,0.02280130293159609,0,0.0,8,0.008686210640608035,921,1.0,ORIGEN,SECCION,SOLO_COALICIONES
711,26,SONORA,HERMOSILLO,,8,1457,1058,282,0.2665406427221172,0.7334593572778828,PT_PVEM_MORENA_NAS,178,0.6312056737588653,109,0.38652482269503546,PAN_PRI_PRD,69,0.24468085106382978,59,0.20921985815602837,MC,10,0.03546099290780142,PT_PVEM_MORENA_NAS,178,0.6312056737588653,109,0.38652482269503546,PAN_PRI_PRD,69,0.24468085106382978,59,0.20921985815602837,MC,10,0.03546099290780142,69,0.24468085106382978,178,0.6312056737588653,10,0.03546099290780142,1,0.0035460992907801418,6,0.02127659574468085,3,0.010638297872340425,0,0.0,15,0.05319148936170213,282,1.0,ORIGEN,SECCION,SOLO_COALICIONES
712,26,SONORA,HERMOSILLO,,8,1458,533,202,0.3789868667917448,0.6210131332082551,PT_PVEM_MORENA_NAS,134,0.6633663366336634,78,0.38613861386138615,PAN_PRI_PRD,56,0.27722772277227725,49,0.24257425742574257,MC,7,0.034653465346534656,PT_PVEM_MORENA_NAS,134,0.6633663366336634,78,0.38613861386138615,PAN_PRI_PRD,56,0.27722772277227725,49,0.24257425742574257,MC,7,0.034653465346534656,56,0.27722772277227725,134,0.6633663366336634,7,0.034653465346534656,2,0.009900990099009901,1,0.0049504950495049506,0,0.0,0,0.0,2,0.009900990099009901,202,1.0,ORIGEN,SECCION,SOLO_COALICIONES
713,26,SONORA,HERMOSILLO,,8,1459,383,97,0.25326370757180156,0.7467362924281984,PT_PVEM_MORENA_NAS,58,0.5979381443298969,28,0.28865979381443296,PAN_PRI_PRD,30,0.30927835051546393,25,0.25773195876288657,MC,5,0.05154639175257732,PT_PVEM_MORENA_NAS,58,0.5979381443298969,28,0.28865979381443296,PAN_PRI_PRD,30,0.30927835051546393,25,0.25773195876288657,MC,5,0.05154639175257732,30,0.30927835051546393,58,0.5979381443298969,5,0.05154639175257732,0,0.0,0,0.0,1,0.010309278350515464,1,0.010309278350515464,2,0.020618556701030927,97,1.0,ORIGEN,SECCION,SOLO_COALICIONES
714,26,SONORA,HERMOSILLO,,8,1460,409,146,0.3569682151589242,0.6430317848410758,PT_PVEM_MORENA_NAS,78,0.5342465753424658,21,0.14383561643835616,PAN_PRI_PRD,57,0.3904109589041096,52,0.3561643835616438,MC,5,0.03424657534246575,PT_PVEM_MORENA_NAS,78,0.5342465753424658,21,0.14383561643835616,PAN_PRI_PRD,57,0.3904109589041096,52,0.3561643835616438,MC,5,0.03424657534246575,57,0.3904109589041096,78,0.5342465753424658,5,0.03424657534246575,0,0.0,2,0.0136986301369863,2,0.0136986301369863,0,0.0,2,0.0136986301369863,146,1.0,ORIGEN,SECCION,SOLO_COALICIONES
715,26,SONORA,HERMOSILLO,,8,1461,480,271,0.5645833333333333,0.4354166666666667,PAN_PRI_PRD,125,0.4612546125461255,3,0.01107011070110701,PT_PVEM_MORENA_NAS,122,0.45018450184501846,112,0.4132841328413284,MC,10,0.03690036900369004,PAN_PRI_PRD,125,0.4612546125461255,3,0.01107011070110701,PT_PVEM_MORENA_NAS,122,0.45018450184501846,112,0.4132841328413284,MC,10,0.03690036900369004,125,0.4612546125461255,122,0.45018450184501846,10,0.03690036900369004,4,0.014760147601476014,0,0.0,5,0.01845018450184502,0,0.0,5,0.01845018450184502,271,1.0,ORIGEN,SECCION,SOLO_COALICIONES
716,26,SONORA,HERMOSILLO,,8,1462,383,199,0.5195822454308094,0.48041775456919056,PT_PVEM_MORENA_NAS,128,0.6432160804020101,79,0.3969849246231156,PAN_PRI_PRD,49,0.24623115577889448,41,0.20603015075376885,FxM,8,0.04020100502512563,PT_PVEM_MORENA_NAS,128,0.6432160804020101,79,0.3969849246231156,PAN_PRI_PRD,49,0.24623115577889448,41,0.20603015075376885,FxM,8,0.04020100502512563,49,0.24623115577889448,128,0.6432160804020101,5,0.02512562814070352,4,0.020100502512562814,1,0.005025125628140704,8,0.04020100502512563,1,0.005025125628140704,3,0.01507537688442211,199,1.0,ORIGEN,SECCION,SOLO_COALICIONES
717,26,SONORA,HERMOSILLO,,8,1463,392,165,0.42091836734693877,0.5790816326530612,PT_PVEM_MORENA_NAS,96,0.5818181818181818,45,0.2727272727272727,PAN_PRI_PRD,51,0.3090909090909091,44,0.26666666666666666,MC,7,0.04242424242424243,PT_PVEM_MORENA_NAS,96,0.5818181818181818,45,0.2727272727272727,PAN_PRI_PRD,51,0.3090909090909091,44,0.26666666666666666,MC,7,0.04242424242424243,51,0.3090909090909091,96,0.5818181818181818,7,0.04242424242424243,5,0.030303030303030304,1,0.006060606060606061,0,0.0,1,0.006060606060606061,4,0.024242424242424242,165,1.0,ORIGEN,SECCION,SOLO_COALICIONES
718,26,SONORA,HERMOSILLO,,8,1464,424,154,0.3632075471698113,0.6367924528301887,PT_PVEM_MORENA_NAS,78,0.5064935064935064,12,0.07792207792207792,PAN_PRI_PRD,66,0.42857142857142855,63,0.4090909090909091,MC,3,0.01948051948051948,PT_PVEM_MORENA_NAS,78,0.5064935064935064,12,0.07792207792207792,PAN_PRI_PRD,66,0.42857142857142855,63,0.4090909090909091,MC,3,0.01948051948051948,66,0.42857142857142855,78,0.5064935064935064,3,0.01948051948051948,3,0.01948051948051948,2,0.012987012987012988,0,0.0,0,0.0,2,0.012987012987012988,154,1.0,ORIGEN,SECCION,SOLO_COALICIONES
719,26,SONORA,HERMOSILLO,,8,1465,298,123,0.412751677852349,0.587248322147651,PT_PVEM_MORENA_NAS,87,0.7073170731707317,65,0.5284552845528455,PAN_PRI_PRD,22,0.17886178861788618,16,0.13008130081300814,MC,6,0.04878048780487805,PT_PVEM_MORENA_NAS,87,0.7073170731707317,65,0.5284552845528455,PAN_PRI_PRD,22,0.17886178861788618,16,0.13008130081300814,MC,6,0.04878048780487805,22,0.17886178861788618,87,0.7073170731707317,6,0.04878048780487805,2,0.016260162601626018,2,0.016260162601626018,3,0.024390243902439025,0,0.0,1,0.008130081300813009,123,1.0,ORIGEN,SECCION,SOLO_COALICIONES
720,26,SONORA,HERMOSILLO,,8,1466,442,192,0.4343891402714932,0.5656108597285068,PT_PVEM_MORENA_NAS,102,0.53125,28,0.14583333333333334,PAN_PRI_PRD,74,0.3854166666666667,66,0.34375,FxM,8,0.041666666666666664,PT_PVEM_MORENA_NAS,102,0.53125,28,0.14583333333333334,PAN_PRI_PRD,74,0.3854166666666667,66,0.34375,FxM,8,0.041666666666666664,74,0.3854166666666667,102,0.53125,2,0.010416666666666666,3,0.015625,2,0.010416666666666666,8,0.041666666666666664,0,0.0,1,0.005208333333333333,192,1.0,ORIGEN,SECCION,SOLO_COALICIONES
721,26,SONORA,HERMOSILLO,,8,1467,392,235,0.5994897959183674,0.4005102040816326,PT_PVEM_MORENA_NAS,106,0.451063829787234,4,0.01702127659574468,PAN_PRI_PRD,102,0.4340425531914894,91,0.3872340425531915,MC,11,0.04680851063829787,PT_PVEM_MORENA_NAS,106,0.451063829787234,4,0.01702127659574468,PAN_PRI_PRD,102,0.4340425531914894,91,0.3872340425531915,MC,11,0.04680851063829787,102,0.4340425531914894,106,0.451063829787234,11,0.04680851063829787,2,0.00851063829787234,1,0.00425531914893617,5,0.02127659574468085,3,0.01276595744680851,5,0.02127659574468085,235,1.0,ORIGEN,SECCION,SOLO_COALICIONES
722,26,SONORA,HERMOSILLO,,8,1468,549,292,0.5318761384335154,0.46812386156648456,PT_PVEM_MORENA_NAS,144,0.4931506849315068,28,0.0958904109589041,PAN_PRI_PRD,116,0.3972602739726027,102,0.3493150684931507,FxM,14,0.04794520547945205,PT_PVEM_MORENA_NAS,144,0.4931506849315068,28,0.0958904109589041,PAN_PRI_PRD,116,0.3972602739726027,102,0.3493150684931507,FxM,14,0.04794520547945205,116,0.3972602739726027,144,0.4931506849315068,7,0.023972602739726026,3,0.010273972602739725,3,0.010273972602739725,14,0.04794520547945205,1,0.003424657534246575,4,0.0136986301369863,292,1.0,ORIGEN,SECCION,SOLO_COALICIONES
723,26,SONORA,HERMOSILLO,,8,1469,599,338,0.5642737896494157,0.43572621035058434,PAN_PRI_PRD,156,0.46153846153846156,9,0.026627218934911243,PT_PVEM_MORENA_NAS,147,0.4349112426035503,133,0.39349112426035504,FxM,14,0.04142011834319527,PAN_PRI_PRD,156,0.46153846153846156,9,0.026627218934911243,PT_PVEM_MORENA_NAS,147,0.4349112426035503,133,0.39349112426035504,FxM,14,0.04142011834319527,156,0.46153846153846156,147,0.4349112426035503,12,0.03550295857988166,2,0.005917159763313609,2,0.005917159763313609,14,0.04142011834319527,0,0.0,5,0.014792899408284023,338,1.0,ORIGEN,SECCION,SOLO_COALICIONES
724,26,SONORA,HERMOSILLO,,8,1470,828,420,0.5072463768115942,0.49275362318840576,PT_PVEM_MORENA_NAS,186,0.44285714285714284,2,0.004761904761904762,PAN_PRI_PRD,184,0.4380952380952381,165,0.39285714285714285,MC,19,0.04523809523809524,PT_PVEM_MORENA_NAS,186,0.44285714285714284,2,0.004761904761904762,PAN_PRI_PRD,184,0.4380952380952381,165,0.39285714285714285,MC,19,0.04523809523809524,184,0.4380952380952381,186,0.44285714285714284,19,0.04523809523809524,7,0.016666666666666666,3,0.007142857142857143,7,0.016666666666666666,5,0.011904761904761904,9,0.02142857142857143,420,1.0,ORIGEN,SECCION,SOLO_COALICIONES
725,26,SONORA,HERMOSILLO,,8,1471,464,241,0.5193965517241379,0.4806034482758621,PT_PVEM_MORENA_NAS,131,0.5435684647302904,34,0.14107883817427386,PAN_PRI_PRD,97,0.4024896265560166,93,0.38589211618257263,MC,4,0.016597510373443983,PT_PVEM_MORENA_NAS,131,0.5435684647302904,34,0.14107883817427386,PAN_PRI_PRD,97,0.4024896265560166,93,0.38589211618257263,MC,4,0.016597510373443983,97,0.4024896265560166,131,0.5435684647302904,4,0.016597510373443983,2,0.008298755186721992,1,0.004149377593360996,3,0.012448132780082987,0,0.0,3,0.012448132780082987,241,1.0,ORIGEN,SECCION,SOLO_COALICIONES
726,26,SONORA,HERMOSILLO,,8,1472,475,119,0.2505263157894737,0.7494736842105263,PT_PVEM_MORENA_NAS,83,0.6974789915966386,57,0.4789915966386555,PAN_PRI_PRD,26,0.2184873949579832,21,0.17647058823529413,MC,5,0.04201680672268908,PT_PVEM_MORENA_NAS,83,0.6974789915966386,57,0.4789915966386555,PAN_PRI_PRD,26,0.2184873949579832,21,0.17647058823529413,MC,5,0.04201680672268908,26,0.2184873949579832,83,0.6974789915966386,5,0.04201680672268908,0,0.0,1,0.008403361344537815,3,0.025210084033613446,0,0.0,1,0.008403361344537815,119,1.0,ORIGEN,SECCION,SOLO_COALICIONES
727,26,SONORA,HERMOSILLO,,8,1473,519,166,0.3198458574181118,0.6801541425818882,PT_PVEM_MORENA_NAS,113,0.6807228915662651,72,0.43373493975903615,PAN_PRI_PRD,41,0.2469879518072289,35,0.21084337349397592,MC,6,0.03614457831325301,PT_PVEM_MORENA_NAS,113,0.6807228915662651,72,0.43373493975903615,PAN_PRI_PRD,41,0.2469879518072289,35,0.21084337349397592,MC,6,0.03614457831325301,41,0.2469879518072289,113,0.6807228915662651,6,0.03614457831325301,2,0.012048192771084338,0,0.0,1,0.006024096385542169,0,0.0,3,0.018072289156626505,166,1.0,ORIGEN,SECCION,SOLO_COALICIONES
728,26,SONORA,HERMOSILLO,,8,1474,593,309,0.521079258010118,0.478920741989882,PAN_PRI_PRD,143,0.4627831715210356,2,0.006472491909385114,PT_PVEM_MORENA_NAS,141,0.4563106796116505,130,0.42071197411003236,MC,11,0.03559870550161812,PAN_PRI_PRD,143,0.4627831715210356,2,0.006472491909385114,PT_PVEM_MORENA_NAS,141,0.4563106796116505,130,0.42071197411003236,MC,11,0.03559870550161812,143,0.4627831715210356,141,0.4563106796116505,11,0.03559870550161812,2,0.006472491909385114,3,0.009708737864077669,6,0.019417475728155338,0,0.0,3,0.009708737864077669,309,1.0,ORIGEN,SECCION,SOLO_COALICIONES
729,26,SONORA,HERMOSILLO,,8,1475,221,106,0.4796380090497738,0.5203619909502262,PT_PVEM_MORENA_NAS,48,0.4528301886792453,3,0.02830188679245283,PAN_PRI_PRD,45,0.42452830188679247,40,0.37735849056603776,MC,5,0.04716981132075472,PT_PVEM_MORENA_NAS,48,0.4528301886792453,3,0.02830188679245283,PAN_PRI_PRD,45,0.42452830188679247,40,0.37735849056603776,MC,5,0.04716981132075472,45,0.42452830188679247,48,0.4528301886792453,5,0.04716981132075472,1,0.009433962264150943,2,0.018867924528301886,3,0.02830188679245283,0,0.0,2,0.018867924528301886,106,1.0,ORIGEN,SECCION,SOLO_COALICIONES
730,26,SONORA,HERMOSILLO,,8,1476,291,170,0.584192439862543,0.415807560137457,PT_PVEM_MORENA_NAS,76,0.4470588235294118,3,0.01764705882352941,PAN_PRI_PRD,73,0.4294117647058823,63,0.37058823529411766,MC,10,0.058823529411764705,PT_PVEM_MORENA_NAS,76,0.4470588235294118,3,0.01764705882352941,PAN_PRI_PRD,73,0.4294117647058823,63,0.37058823529411766,MC,10,0.058823529411764705,73,0.4294117647058823,76,0.4470588235294118,10,0.058823529411764705,1,0.0058823529411764705,1,0.0058823529411764705,4,0.023529411764705882,1,0.0058823529411764705,4,0.023529411764705882,170,1.0,ORIGEN,SECCION,SOLO_COALICIONES
731,26,SONORA,HERMOSILLO,,8,1477,416,226,0.5432692307692307,0.4567307692307693,PT_PVEM_MORENA_NAS,109,0.4823008849557522,8,0.035398230088495575,PAN_PRI_PRD,101,0.4469026548672566,94,0.415929203539823,MC,7,0.030973451327433628,PT_PVEM_MORENA_NAS,109,0.4823008849557522,8,0.035398230088495575,PAN_PRI_PRD,101,0.4469026548672566,94,0.415929203539823,MC,7,0.030973451327433628,101,0.4469026548672566,109,0.4823008849557522,7,0.030973451327433628,1,0.004424778761061947,1,0.004424778761061947,4,0.017699115044247787,0,0.0,3,0.01327433628318584,226,1.0,ORIGEN,SECCION,SOLO_COALICIONES
732,26,SONORA,HERMOSILLO,,8,1478,485,260,0.5360824742268041,0.4639175257731959,PAN_PRI_PRD,139,0.5346153846153846,40,0.15384615384615385,PT_PVEM_MORENA_NAS,99,0.38076923076923075,90,0.34615384615384615,MC,9,0.03461538461538462,PAN_PRI_PRD,139,0.5346153846153846,40,0.15384615384615385,PT_PVEM_MORENA_NAS,99,0.38076923076923075,90,0.34615384615384615,MC,9,0.03461538461538462,139,0.5346153846153846,99,0.38076923076923075,9,0.03461538461538462,2,0.007692307692307693,0,0.0,8,0.03076923076923077,0,0.0,3,0.011538461538461539,260,1.0,ORIGEN,SECCION,SOLO_COALICIONES
733,26,SONORA,HERMOSILLO,,8,1480,437,257,0.5881006864988558,0.41189931350114417,PAN_PRI_PRD,124,0.48249027237354086,17,0.06614785992217899,PT_PVEM_MORENA_NAS,107,0.4163424124513619,98,0.38132295719844356,MC,9,0.03501945525291829,PAN_PRI_PRD,124,0.48249027237354086,17,0.06614785992217899,PT_PVEM_MORENA_NAS,107,0.4163424124513619,98,0.38132295719844356,MC,9,0.03501945525291829,124,0.48249027237354086,107,0.4163424124513619,9,0.03501945525291829,0,0.0,1,0.0038910505836575876,8,0.0311284046692607,0,0.0,8,0.0311284046692607,257,1.0,ORIGEN,SECCION,SOLO_COALICIONES
734,26,SONORA,HERMOSILLO,,8,1482,444,225,0.5067567567567568,0.4932432432432432,PAN_PRI_PRD,116,0.5155555555555555,26,0.11555555555555555,PT_PVEM_MORENA_NAS,90,0.4,81,0.36,MC,9,0.04,PAN_PRI_PRD,116,0.5155555555555555,26,0.11555555555555555,PT_PVEM_MORENA_NAS,90,0.4,81,0.36,MC,9,0.04,116,0.5155555555555555,90,0.4,9,0.04,2,0.008888888888888889,0,0.0,4,0.017777777777777778,1,0.0044444444444444444,3,0.013333333333333334,225,1.0,ORIGEN,SECCION,SOLO_COALICIONES
735,26,SONORA,HERMOSILLO,,9,376,2383,1174,0.492656315568611,0.507343684431389,PT_PVEM_MORENA_NAS,608,0.5178875638841567,163,0.13884156729131175,PAN_PRI_PRD,445,0.379045996592845,408,0.3475298126064736,MC,37,0.03151618398637138,PT_PVEM_MORENA_NAS,608,0.5178875638841567,163,0.13884156729131175,PAN_PRI_PRD,445,0.379045996592845,408,0.3475298126064736,MC,37,0.03151618398637138,445,0.379045996592845,608,0.5178875638841567,37,0.03151618398637138,18,0.015332197614991482,1,0.0008517887563884157,32,0.027257240204429302,0,0.0,33,0.028109028960817718,1174,1.0,ORIGEN,SECCION,SOLO_COALICIONES
736,26,SONORA,HERMOSILLO,,9,377,1341,616,0.459358687546607,0.540641312453393,PT_PVEM_MORENA_NAS,350,0.5681818181818182,136,0.22077922077922077,PAN_PRI_PRD,214,0.3474025974025974,193,0.3133116883116883,MC,21,0.03409090909090909,PT_PVEM_MORENA_NAS,350,0.5681818181818182,136,0.22077922077922077,PAN_PRI_PRD,214,0.3474025974025974,193,0.3133116883116883,MC,21,0.03409090909090909,214,0.3474025974025974,350,0.5681818181818182,21,0.03409090909090909,2,0.003246753246753247,3,0.00487012987012987,12,0.01948051948051948,1,0.0016233766233766235,13,0.021103896103896104,616,1.0,ORIGEN,SECCION,SOLO_COALICIONES
737,26,SONORA,HERMOSILLO,,9,385,1414,777,0.5495049504950495,0.45049504950495045,PT_PVEM_MORENA_NAS,402,0.5173745173745173,79,0.10167310167310167,PAN_PRI_PRD,323,0.4157014157014157,306,0.3938223938223938,FxM,17,0.021879021879021878,PT_PVEM_MORENA_NAS,402,0.5173745173745173,79,0.10167310167310167,PAN_PRI_PRD,323,0.4157014157014157,306,0.3938223938223938,FxM,17,0.021879021879021878,323,0.4157014157014157,402,0.5173745173745173,16,0.02059202059202059,2,0.002574002574002574,2,0.002574002574002574,17,0.021879021879021878,3,0.003861003861003861,12,0.015444015444015444,777,1.0,ORIGEN,SECCION,SOLO_COALICIONES
738,26,SONORA,HERMOSILLO,,9,386,1590,885,0.5566037735849056,0.44339622641509435,PAN_PRI_PRD,416,0.47005649717514125,18,0.020338983050847456,PT_PVEM_MORENA_NAS,398,0.4497175141242938,375,0.423728813559322,MC,23,0.02598870056497175,PAN_PRI_PRD,416,0.47005649717514125,18,0.020338983050847456,PT_PVEM_MORENA_NAS,398,0.4497175141242938,375,0.423728813559322,MC,23,0.02598870056497175,416,0.47005649717514125,398,0.4497175141242938,23,0.02598870056497175,9,0.010169491525423728,5,0.005649717514124294,21,0.023728813559322035,0,0.0,13,0.014689265536723164,885,1.0,ORIGEN,SECCION,SOLO_COALICIONES
739,26,SONORA,HERMOSILLO,,9,387,1837,1053,0.5732172019597169,0.4267827980402831,PT_PVEM_MORENA_NAS,510,0.4843304843304843,45,0.042735042735042736,PAN_PRI_PRD,465,0.4415954415954416,437,0.41500474833808165,MC,28,0.026590693257359924,PT_PVEM_MORENA_NAS,510,0.4843304843304843,45,0.042735042735042736,PAN_PRI_PRD,465,0.4415954415954416,437,0.41500474833808165,MC,28,0.026590693257359924,465,0.4415954415954416,510,0.4843304843304843,28,0.026590693257359924,7,0.006647673314339981,8,0.007597340930674264,12,0.011396011396011397,2,0.001899335232668566,21,0.019943019943019943,1053,1.0,ORIGEN,SECCION,SOLO_COALICIONES
740,26,SONORA,HERMOSILLO,,9,388,970,565,0.5824742268041238,0.41752577319587625,PT_PVEM_MORENA_NAS,278,0.4920353982300885,39,0.06902654867256637,PAN_PRI_PRD,239,0.4230088495575221,222,0.3929203539823009,MC,17,0.03008849557522124,PT_PVEM_MORENA_NAS,278,0.4920353982300885,39,0.06902654867256637,PAN_PRI_PRD,239,0.4230088495575221,222,0.3929203539823009,MC,17,0.03008849557522124,239,0.4230088495575221,278,0.4920353982300885,17,0.03008849557522124,9,0.01592920353982301,6,0.010619469026548672,9,0.01592920353982301,0,0.0,7,0.012389380530973451,565,1.0,ORIGEN,SECCION,SOLO_COALICIONES
741,26,SONORA,HERMOSILLO,,9,392,1697,1185,0.6982911019446081,0.3017088980553919,PAN_PRI_PRD,688,0.580590717299578,242,0.2042194092827004,PT_PVEM_MORENA_NAS,446,0.3763713080168776,429,0.3620253164556962,FxM,17,0.014345991561181435,PAN_PRI_PRD,688,0.580590717299578,242,0.2042194092827004,PT_PVEM_MORENA_NAS,446,0.3763713080168776,429,0.3620253164556962,FxM,17,0.014345991561181435,688,0.580590717299578,446,0.3763713080168776,16,0.01350210970464135,4,0.0033755274261603376,2,0.0016877637130801688,17,0.014345991561181435,0,0.0,12,0.010126582278481013,1185,1.0,ORIGEN,SECCION,SOLO_COALICIONES
742,26,SONORA,HERMOSILLO,,9,393,1867,1222,0.6545259775040171,0.3454740224959829,PAN_PRI_PRD,704,0.5761047463175123,271,0.22176759410801963,PT_PVEM_MORENA_NAS,433,0.35433715220949263,400,0.32733224222585927,MC,33,0.027004909983633387,PAN_PRI_PRD,704,0.5761047463175123,271,0.22176759410801963,PT_PVEM_MORENA_NAS,433,0.35433715220949263,400,0.32733224222585927,MC,33,0.027004909983633387,704,0.5761047463175123,433,0.35433715220949263,33,0.027004909983633387,6,0.004909983633387889,15,0.012274959083469721,18,0.014729950900163666,0,0.0,13,0.010638297872340425,1222,1.0,ORIGEN,SECCION,SOLO_COALICIONES
743,26,SONORA,HERMOSILLO,,9,394,1486,814,0.5477792732166891,0.45222072678331093,PAN_PRI_PRD,417,0.5122850122850123,68,0.08353808353808354,PT_PVEM_MORENA_NAS,349,0.42874692874692877,330,0.40540540540540543,MC,19,0.02334152334152334,PAN_PRI_PRD,417,0.5122850122850123,68,0.08353808353808354,PT_PVEM_MORENA_NAS,349,0.42874692874692877,330,0.40540540540540543,MC,19,0.02334152334152334,417,0.5122850122850123,349,0.42874692874692877,19,0.02334152334152334,4,0.004914004914004914,6,0.007371007371007371,10,0.012285012285012284,0,0.0,9,0.011056511056511056,814,1.0,ORIGEN,SECCION,SOLO_COALICIONES
744,26,SONORA,HERMOSILLO,,9,395,889,457,0.5140607424071991,0.4859392575928009,PT_PVEM_MORENA_NAS,230,0.5032822757111597,50,0.10940919037199125,PAN_PRI_PRD,180,0.3938730853391685,157,0.3435448577680525,MC,23,0.05032822757111598,PT_PVEM_MORENA_NAS,230,0.5032822757111597,50,0.10940919037199125,PAN_PRI_PRD,180,0.3938730853391685,157,0.3435448577680525,MC,23,0.05032822757111598,180,0.3938730853391685,230,0.5032822757111597,23,0.05032822757111598,3,0.006564551422319475,3,0.006564551422319475,5,0.010940919037199124,1,0.002188183807439825,12,0.0262582056892779,457,1.0,ORIGEN,SECCION,SOLO_COALICIONES
745,26,SONORA,HERMOSILLO,,9,396,1227,553,0.45069274653626734,0.5493072534637327,PT_PVEM_MORENA_NAS,321,0.5804701627486437,133,0.24050632911392406,PAN_PRI_PRD,188,0.3399638336347197,176,0.3182640144665461,MC,12,0.0216998191681736,PT_PVEM_MORENA_NAS,321,0.5804701627486437,133,0.24050632911392406,PAN_PRI_PRD,188,0.3399638336347197,176,0.3182640144665461,MC,12,0.0216998191681736,188,0.3399638336347197,321,0.5804701627486437,12,0.0216998191681736,0,0.0,4,0.007233273056057866,9,0.0162748643761302,0,0.0,19,0.034358047016274866,553,1.0,ORIGEN,SECCION,SOLO_COALICIONES
746,26,SONORA,HERMOSILLO,,9,397,1262,655,0.5190174326465927,0.4809825673534073,PT_PVEM_MORENA_NAS,311,0.47480916030534354,24,0.0366412213740458,PAN_PRI_PRD,287,0.4381679389312977,266,0.40610687022900765,MC,21,0.03206106870229008,PT_PVEM_MORENA_NAS,311,0.47480916030534354,24,0.0366412213740458,PAN_PRI_PRD,287,0.4381679389312977,266,0.40610687022900765,MC,21,0.03206106870229008,287,0.4381679389312977,311,0.47480916030534354,21,0.03206106870229008,4,0.0061068702290076335,4,0.0061068702290076335,14,0.021374045801526718,1,0.0015267175572519084,13,0.01984732824427481,655,1.0,ORIGEN,SECCION,SOLO_COALICIONES
747,26,SONORA,HERMOSILLO,,9,398,1304,603,0.4624233128834356,0.5375766871165644,PT_PVEM_MORENA_NAS,336,0.5572139303482587,113,0.18739635157545606,PAN_PRI_PRD,223,0.36981757877280264,211,0.34991708126036486,MC,12,0.01990049751243781,PT_PVEM_MORENA_NAS,336,0.5572139303482587,113,0.18739635157545606,PAN_PRI_PRD,223,0.36981757877280264,211,0.34991708126036486,MC,12,0.01990049751243781,223,0.36981757877280264,336,0.5572139303482587,12,0.01990049751243781,4,0.006633499170812604,4,0.006633499170812604,11,0.01824212271973466,0,0.0,13,0.02155887230514096,603,1.0,ORIGEN,SECCION,SOLO_COALICIONES
748,26,SONORA,HERMOSILLO,,9,399,1129,594,0.5261293179805138,0.47387068201948623,PAN_PRI_PRD,279,0.4696969696969697,7,0.011784511784511785,PT_PVEM_MORENA_NAS,272,0.45791245791245794,254,0.4276094276094276,MC,18,0.030303030303030304,PAN_PRI_PRD,279,0.4696969696969697,7,0.011784511784511785,PT_PVEM_MORENA_NAS,272,0.45791245791245794,254,0.4276094276094276,MC,18,0.030303030303030304,279,0.4696969696969697,272,0.45791245791245794,18,0.030303030303030304,3,0.005050505050505051,4,0.006734006734006734,15,0.025252525252525252,0,0.0,3,0.005050505050505051,594,1.0,ORIGEN,SECCION,SOLO_COALICIONES
749,26,SONORA,HERMOSILLO,,9,401,2126,848,0.3988711194731891,0.6011288805268109,PT_PVEM_MORENA_NAS,519,0.6120283018867925,257,0.30306603773584906,PAN_PRI_PRD,262,0.3089622641509434,229,0.27004716981132076,MC,33,0.03891509433962264,PT_PVEM_MORENA_NAS,519,0.6120283018867925,257,0.30306603773584906,PAN_PRI_PRD,262,0.3089622641509434,229,0.27004716981132076,MC,33,0.03891509433962264,262,0.3089622641509434,519,0.6120283018867925,33,0.03891509433962264,7,0.008254716981132075,3,0.003537735849056604,9,0.01061320754716981,0,0.0,15,0.01768867924528302,848,1.0,ORIGEN,SECCION,SOLO_COALICIONES
750,26,SONORA,HERMOSILLO,,9,402,2803,1432,0.5108811987156618,0.48911880128433816,PT_PVEM_MORENA_NAS,700,0.4888268156424581,78,0.05446927374301676,PAN_PRI_PRD,622,0.43435754189944137,582,0.4064245810055866,MC,40,0.027932960893854747,PT_PVEM_MORENA_NAS,700,0.4888268156424581,78,0.05446927374301676,PAN_PRI_PRD,622,0.43435754189944137,582,0.4064245810055866,MC,40,0.027932960893854747,622,0.43435754189944137,700,0.4888268156424581,40,0.027932960893854747,6,0.004189944134078212,9,0.006284916201117319,31,0.02164804469273743,3,0.002094972067039106,21,0.014664804469273743,1432,1.0,ORIGEN,SECCION,SOLO_COALICIONES
751,26,SONORA,HERMOSILLO,,9,403,1475,854,0.5789830508474576,0.4210169491525424,PAN_PRI_PRD,454,0.531615925058548,117,0.13700234192037472,PT_PVEM_MORENA_NAS,337,0.3946135831381733,316,0.3700234192037471,MC,21,0.02459016393442623,PAN_PRI_PRD,454,0.531615925058548,117,0.13700234192037472,PT_PVEM_MORENA_NAS,337,0.3946135831381733,316,0.3700234192037471,MC,21,0.02459016393442623,454,0.531615925058548,337,0.3946135831381733,21,0.02459016393442623,4,0.00468384074941452,7,0.00819672131147541,21,0.02459016393442623,2,0.00234192037470726,8,0.00936768149882904,854,1.0,ORIGEN,SECCION,SOLO_COALICIONES
752,26,SONORA,HERMOSILLO,,9,404,1369,744,0.5434623813002192,0.4565376186997808,PAN_PRI_PRD,344,0.46236559139784944,13,0.01747311827956989,PT_PVEM_MORENA_NAS,331,0.44489247311827956,304,0.40860215053763443,MC,27,0.036290322580645164,PAN_PRI_PRD,344,0.46236559139784944,13,0.01747311827956989,PT_PVEM_MORENA_NAS,331,0.44489247311827956,304,0.40860215053763443,MC,27,0.036290322580645164,344,0.46236559139784944,331,0.44489247311827956,27,0.036290322580645164,6,0.008064516129032258,8,0.010752688172043012,12,0.016129032258064516,1,0.0013440860215053765,15,0.020161290322580645,744,1.0,ORIGEN,SECCION,SOLO_COALICIONES
753,26,SONORA,HERMOSILLO,,9,405,840,411,0.48928571428571427,0.5107142857142857,PT_PVEM_MORENA_NAS,216,0.5255474452554745,55,0.13381995133819952,PAN_PRI_PRD,161,0.39172749391727496,144,0.35036496350364965,MC,17,0.0413625304136253,PT_PVEM_MORENA_NAS,216,0.5255474452554745,55,0.13381995133819952,PAN_PRI_PRD,161,0.39172749391727496,144,0.35036496350364965,MC,17,0.0413625304136253,161,0.39172749391727496,216,0.5255474452554745,17,0.0413625304136253,2,0.004866180048661801,1,0.0024330900243309003,8,0.019464720194647202,0,0.0,6,0.014598540145985401,411,1.0,ORIGEN,SECCION,SOLO_COALICIONES
754,26,SONORA,HERMOSILLO,,9,406,1062,622,0.5856873822975518,0.4143126177024482,PT_PVEM_MORENA_NAS,290,0.4662379421221865,1,0.001607717041800643,PAN_PRI_PRD,289,0.4646302250803859,274,0.4405144694533762,MC,15,0.024115755627009645,PT_PVEM_MORENA_NAS,290,0.4662379421221865,1,0.001607717041800643,PAN_PRI_PRD,289,0.4646302250803859,274,0.4405144694533762,MC,15,0.024115755627009645,289,0.4646302250803859,290,0.4662379421221865,15,0.024115755627009645,5,0.008038585209003215,2,0.003215434083601286,11,0.017684887459807074,1,0.001607717041800643,9,0.014469453376205787,622,1.0,ORIGEN,SECCION,SOLO_COALICIONES
755,26,SONORA,HERMOSILLO,,9,407,967,470,0.4860392967942089,0.5139607032057911,PT_PVEM_MORENA_NAS,251,0.5340425531914894,59,0.125531914893617,PAN_PRI_PRD,192,0.4085106382978723,184,0.39148936170212767,MC,8,0.01702127659574468,PT_PVEM_MORENA_NAS,251,0.5340425531914894,59,0.125531914893617,PAN_PRI_PRD,192,0.4085106382978723,184,0.39148936170212767,MC,8,0.01702127659574468,192,0.4085106382978723,251,0.5340425531914894,8,0.01702127659574468,5,0.010638297872340425,4,0.00851063829787234,6,0.01276595744680851,0,0.0,4,0.00851063829787234,470,1.0,ORIGEN,SECCION,SOLO_COALICIONES
756,26,SONORA,HERMOSILLO,,9,408,1032,548,0.5310077519379846,0.46899224806201545,PAN_PRI_PRD,255,0.4653284671532847,8,0.014598540145985401,PT_PVEM_MORENA_NAS,247,0.45072992700729925,230,0.4197080291970803,MC,17,0.03102189781021898,PAN_PRI_PRD,255,0.4653284671532847,8,0.014598540145985401,PT_PVEM_MORENA_NAS,247,0.45072992700729925,230,0.4197080291970803,MC,17,0.03102189781021898,255,0.4653284671532847,247,0.45072992700729925,17,0.03102189781021898,5,0.009124087591240875,4,0.0072992700729927005,6,0.010948905109489052,0,0.0,14,0.025547445255474453,548,1.0,ORIGEN,SECCION,SOLO_COALICIONES
757,26,SONORA,HERMOSILLO,,9,409,1291,701,0.5429899302865996,0.4570100697134004,PAN_PRI_PRD,343,0.4893009985734665,45,0.06419400855920114,PT_PVEM_MORENA_NAS,298,0.42510699001426533,280,0.39942938659058486,MC,18,0.025677603423680456,PAN_PRI_PRD,343,0.4893009985734665,45,0.06419400855920114,PT_PVEM_MORENA_NAS,298,0.42510699001426533,280,0.39942938659058486,MC,18,0.025677603423680456,343,0.4893009985734665,298,0.42510699001426533,18,0.025677603423680456,6,0.008559201141226819,2,0.0028530670470756064,17,0.024251069900142655,3,0.0042796005706134095,14,0.019971469329529243,701,1.0,ORIGEN,SECCION,SOLO_COALICIONES
758,26,SONORA,HERMOSILLO,,9,410,1444,819,0.567174515235457,0.43282548476454297,PAN_PRI_PRD,420,0.5128205128205128,87,0.10622710622710622,PT_PVEM_MORENA_NAS,333,0.4065934065934066,310,0.3785103785103785,MC,23,0.028083028083028084,PAN_PRI_PRD,420,0.5128205128205128,87,0.10622710622710622,PT_PVEM_MORENA_NAS,333,0.4065934065934066,310,0.3785103785103785,MC,23,0.028083028083028084,420,0.5128205128205128,333,0.4065934065934066,23,0.028083028083028084,6,0.007326007326007326,10,0.01221001221001221,16,0.019536019536019536,0,0.0,11,0.013431013431013432,819,1.0,ORIGEN,SECCION,SOLO_COALICIONES
759,26,SONORA,HERMOSILLO,,9,411,1309,680,0.5194805194805194,0.48051948051948057,PT_PVEM_MORENA_NAS,329,0.4838235294117647,38,0.05588235294117647,PAN_PRI_PRD,291,0.4279411764705882,276,0.40588235294117647,MC,15,0.022058823529411766,PT_PVEM_MORENA_NAS,329,0.4838235294117647,38,0.05588235294117647,PAN_PRI_PRD,291,0.4279411764705882,276,0.40588235294117647,MC,15,0.022058823529411766,291,0.4279411764705882,329,0.4838235294117647,15,0.022058823529411766,8,0.011764705882352941,7,0.010294117647058823,12,0.01764705882352941,1,0.0014705882352941176,17,0.025,680,1.0,ORIGEN,SECCION,SOLO_COALICIONES
760,26,SONORA,HERMOSILLO,,9,412,1392,597,0.42887931034482757,0.5711206896551724,PAN_PRI_PRD,349,0.5845896147403685,142,0.23785594639865998,PT_PVEM_MORENA_NAS,207,0.34673366834170855,192,0.32160804020100503,MC,15,0.02512562814070352,PAN_PRI_PRD,349,0.5845896147403685,142,0.23785594639865998,PT_PVEM_MORENA_NAS,207,0.34673366834170855,192,0.32160804020100503,MC,15,0.02512562814070352,349,0.5845896147403685,207,0.34673366834170855,15,0.02512562814070352,4,0.006700167504187605,0,0.0,11,0.018425460636515914,1,0.0016750418760469012,10,0.01675041876046901,597,1.0,ORIGEN,SECCION,SOLO_COALICIONES
761,26,SONORA,HERMOSILLO,,9,419,1091,718,0.6581118240146654,0.3418881759853346,PAN_PRI_PRD,463,0.6448467966573816,242,0.3370473537604457,PT_PVEM_MORENA_NAS,221,0.30779944289693595,210,0.2924791086350975,FxM,11,0.01532033426183844,PAN_PRI_PRD,463,0.6448467966573816,242,0.3370473537604457,PT_PVEM_MORENA_NAS,221,0.30779944289693595,210,0.2924791086350975,FxM,11,0.01532033426183844,463,0.6448467966573816,221,0.30779944289693595,9,0.012534818941504178,5,0.006963788300835654,2,0.002785515320334262,11,0.01532033426183844,0,0.0,7,0.009749303621169917,718,1.0,ORIGEN,SECCION,SOLO_COALICIONES
762,26,SONORA,HERMOSILLO,,9,420,1092,677,0.61996336996337,0.38003663003663,PAN_PRI_PRD,434,0.6410635155096012,228,0.33677991137370755,PT_PVEM_MORENA_NAS,206,0.30428360413589367,192,0.28360413589364847,MC,14,0.0206794682422452,PAN_PRI_PRD,434,0.6410635155096012,228,0.33677991137370755,PT_PVEM_MORENA_NAS,206,0.30428360413589367,192,0.28360413589364847,MC,14,0.0206794682422452,434,0.6410635155096012,206,0.30428360413589367,14,0.0206794682422452,4,0.005908419497784343,1,0.0014771048744460858,4,0.005908419497784343,1,0.0014771048744460858,13,0.019202363367799114,677,1.0,ORIGEN,SECCION,SOLO_COALICIONES
763,26,SONORA,HERMOSILLO,,9,421,1093,567,0.5187557182067704,0.48124428179322964,PT_PVEM_MORENA_NAS,264,0.4656084656084656,7,0.012345679012345678,PAN_PRI_PRD,257,0.4532627865961199,243,0.42857142857142855,MC,14,0.024691358024691357,PT_PVEM_MORENA_NAS,264,0.4656084656084656,7,0.012345679012345678,PAN_PRI_PRD,257,0.4532627865961199,243,0.42857142857142855,MC,14,0.024691358024691357,257,0.4532627865961199,264,0.4656084656084656,14,0.024691358024691357,6,0.010582010582010581,3,0.005291005291005291,14,0.024691358024691357,0,0.0,9,0.015873015873015872,567,1.0,ORIGEN,SECCION,SOLO_COALICIONES
764,26,SONORA,HERMOSILLO,,9,422,615,312,0.5073170731707317,0.4926829268292683,PAN_PRI_PRD,165,0.5288461538461539,33,0.10576923076923077,PT_PVEM_MORENA_NAS,132,0.4230769230769231,128,0.41025641025641024,MC,4,0.01282051282051282,PAN_PRI_PRD,165,0.5288461538461539,33,0.10576923076923077,PT_PVEM_MORENA_NAS,132,0.4230769230769231,128,0.41025641025641024,MC,4,0.01282051282051282,165,0.5288461538461539,132,0.4230769230769231,4,0.01282051282051282,2,0.00641025641025641,2,0.00641025641025641,4,0.01282051282051282,0,0.0,3,0.009615384615384616,312,1.0,ORIGEN,SECCION,SOLO_COALICIONES
765,26,SONORA,HERMOSILLO,,9,423,952,434,0.45588235294117646,0.5441176470588236,PT_PVEM_MORENA_NAS,219,0.5046082949308756,44,0.10138248847926268,PAN_PRI_PRD,175,0.4032258064516129,158,0.3640552995391705,MC,17,0.03917050691244239,PT_PVEM_MORENA_NAS,219,0.5046082949308756,44,0.10138248847926268,PAN_PRI_PRD,175,0.4032258064516129,158,0.3640552995391705,MC,17,0.03917050691244239,175,0.4032258064516129,219,0.5046082949308756,17,0.03917050691244239,7,0.016129032258064516,4,0.009216589861751152,2,0.004608294930875576,0,0.0,10,0.02304147465437788,434,1.0,ORIGEN,SECCION,SOLO_COALICIONES
766,26,SONORA,HERMOSILLO,,9,424,1193,581,0.48700754400670576,0.5129924559932942,PT_PVEM_MORENA_NAS,319,0.5490533562822719,115,0.19793459552495696,PAN_PRI_PRD,204,0.35111876075731496,184,0.31669535283993117,MC,20,0.03442340791738382,PT_PVEM_MORENA_NAS,319,0.5490533562822719,115,0.19793459552495696,PAN_PRI_PRD,204,0.35111876075731496,184,0.31669535283993117,MC,20,0.03442340791738382,204,0.35111876075731496,319,0.5490533562822719,20,0.03442340791738382,2,0.0034423407917383822,6,0.010327022375215147,16,0.027538726333907058,2,0.0034423407917383822,12,0.020654044750430294,581,1.0,ORIGEN,SECCION,SOLO_COALICIONES
767,26,SONORA,HERMOSILLO,,9,425,1429,747,0.5227431770468859,0.4772568229531141,PT_PVEM_MORENA_NAS,379,0.5073627844712182,62,0.08299866131191433,PAN_PRI_PRD,317,0.4243641231593039,300,0.40160642570281124,MC,17,0.022757697456492636,PT_PVEM_MORENA_NAS,379,0.5073627844712182,62,0.08299866131191433,PAN_PRI_PRD,317,0.4243641231593039,300,0.40160642570281124,MC,17,0.022757697456492636,317,0.4243641231593039,379,0.5073627844712182,17,0.022757697456492636,8,0.0107095046854083,3,0.004016064257028112,11,0.014725568942436412,0,0.0,12,0.01606425702811245,747,1.0,ORIGEN,SECCION,SOLO_COALICIONES
768,26,SONORA,HERMOSILLO,,9,426,1252,609,0.48642172523961663,0.5135782747603834,PT_PVEM_MORENA_NAS,352,0.5779967159277504,151,0.24794745484400657,PAN_PRI_PRD,201,0.33004926108374383,179,0.2939244663382594,MC,22,0.0361247947454844,PT_PVEM_MORENA_NAS,352,0.5779967159277504,151,0.24794745484400657,PAN_PRI_PRD,201,0.33004926108374383,179,0.2939244663382594,MC,22,0.0361247947454844,201,0.33004926108374383,352,0.5779967159277504,22,0.0361247947454844,7,0.011494252873563218,5,0.008210180623973728,10,0.016420361247947456,2,0.003284072249589491,10,0.016420361247947456,609,1.0,ORIGEN,SECCION,SOLO_COALICIONES
769,26,SONORA,HERMOSILLO,,9,427,1815,740,0.40771349862258954,0.5922865013774105,PT_PVEM_MORENA_NAS,452,0.6108108108108108,214,0.2891891891891892,PAN_PRI_PRD,238,0.3216216216216216,216,0.2918918918918919,MC,22,0.02972972972972973,PT_PVEM_MORENA_NAS,452,0.6108108108108108,214,0.2891891891891892,PAN_PRI_PRD,238,0.3216216216216216,216,0.2918918918918919,MC,22,0.02972972972972973,238,0.3216216216216216,452,0.6108108108108108,22,0.02972972972972973,2,0.002702702702702703,2,0.002702702702702703,8,0.010810810810810811,0,0.0,16,0.021621621621621623,740,1.0,ORIGEN,SECCION,SOLO_COALICIONES
770,26,SONORA,HERMOSILLO,,9,428,2590,987,0.3810810810810811,0.6189189189189189,PT_PVEM_MORENA_NAS,597,0.6048632218844985,288,0.2917933130699088,PAN_PRI_PRD,309,0.3130699088145897,283,0.2867274569402229,MC,26,0.02634245187436677,PT_PVEM_MORENA_NAS,597,0.6048632218844985,288,0.2917933130699088,PAN_PRI_PRD,309,0.3130699088145897,283,0.2867274569402229,MC,26,0.02634245187436677,309,0.3130699088145897,597,0.6048632218844985,26,0.02634245187436677,6,0.0060790273556231,7,0.0070921985815602835,14,0.014184397163120567,0,0.0,28,0.028368794326241134,987,1.0,ORIGEN,SECCION,SOLO_COALICIONES
771,26,SONORA,HERMOSILLO,,9,429,2165,956,0.4415704387990762,0.5584295612009238,PT_PVEM_MORENA_NAS,540,0.5648535564853556,208,0.2175732217573222,PAN_PRI_PRD,332,0.3472803347280335,307,0.32112970711297073,MC,25,0.02615062761506276,PT_PVEM_MORENA_NAS,540,0.5648535564853556,208,0.2175732217573222,PAN_PRI_PRD,332,0.3472803347280335,307,0.32112970711297073,MC,25,0.02615062761506276,332,0.3472803347280335,540,0.5648535564853556,25,0.02615062761506276,8,0.008368200836820083,13,0.013598326359832637,22,0.02301255230125523,1,0.0010460251046025104,15,0.015690376569037656,956,1.0,ORIGEN,SECCION,SOLO_COALICIONES
772,26,SONORA,HERMOSILLO,,9,430,2019,830,0.4110946012877662,0.5889053987122338,PT_PVEM_MORENA_NAS,508,0.6120481927710844,281,0.3385542168674699,PAN_PRI_PRD,227,0.27349397590361446,189,0.22771084337349398,MC,38,0.04578313253012048,PT_PVEM_MORENA_NAS,508,0.6120481927710844,281,0.3385542168674699,PAN_PRI_PRD,227,0.27349397590361446,189,0.22771084337349398,MC,38,0.04578313253012048,227,0.27349397590361446,508,0.6120481927710844,38,0.04578313253012048,8,0.00963855421686747,10,0.012048192771084338,13,0.01566265060240964,1,0.0012048192771084338,25,0.030120481927710843,830,1.0,ORIGEN,SECCION,SOLO_COALICIONES
773,26,SONORA,HERMOSILLO,,9,431,2009,889,0.4425087108013937,0.5574912891986064,PT_PVEM_MORENA_NAS,506,0.5691788526434196,210,0.23622047244094488,PAN_PRI_PRD,296,0.3329583802024747,258,0.29021372328458944,MC,38,0.04274465691788527,PT_PVEM_MORENA_NAS,506,0.5691788526434196,210,0.23622047244094488,PAN_PRI_PRD,296,0.3329583802024747,258,0.29021372328458944,MC,38,0.04274465691788527,296,0.3329583802024747,506,0.5691788526434196,38,0.04274465691788527,6,0.006749156355455568,6,0.006749156355455568,10,0.01124859392575928,1,0.0011248593925759281,26,0.02924634420697413,889,1.0,ORIGEN,SECCION,SOLO_COALICIONES
774,26,SONORA,HERMOSILLO,,9,432,845,474,0.5609467455621302,0.4390532544378698,PT_PVEM_MORENA_NAS,233,0.49156118143459915,39,0.08227848101265822,PAN_PRI_PRD,194,0.4092827004219409,173,0.3649789029535865,MC,21,0.04430379746835443,PT_PVEM_MORENA_NAS,233,0.49156118143459915,39,0.08227848101265822,PAN_PRI_PRD,194,0.4092827004219409,173,0.3649789029535865,MC,21,0.04430379746835443,194,0.4092827004219409,233,0.49156118143459915,21,0.04430379746835443,5,0.010548523206751054,1,0.002109704641350211,10,0.02109704641350211,1,0.002109704641350211,9,0.0189873417721519,474,1.0,ORIGEN,SECCION,SOLO_COALICIONES
775,26,SONORA,HERMOSILLO,,9,433,1254,534,0.4258373205741627,0.5741626794258373,PT_PVEM_MORENA_NAS,293,0.548689138576779,91,0.1704119850187266,PAN_PRI_PRD,202,0.3782771535580524,190,0.35580524344569286,MC,12,0.02247191011235955,PT_PVEM_MORENA_NAS,293,0.548689138576779,91,0.1704119850187266,PAN_PRI_PRD,202,0.3782771535580524,190,0.35580524344569286,MC,12,0.02247191011235955,202,0.3782771535580524,293,0.548689138576779,12,0.02247191011235955,3,0.0056179775280898875,7,0.013108614232209739,12,0.02247191011235955,0,0.0,5,0.009363295880149813,534,1.0,ORIGEN,SECCION,SOLO_COALICIONES
776,26,SONORA,HERMOSILLO,,9,434,1286,554,0.4307931570762053,0.5692068429237946,PT_PVEM_MORENA_NAS,316,0.5703971119133574,125,0.22563176895306858,PAN_PRI_PRD,191,0.3447653429602888,171,0.30866425992779783,MC,20,0.036101083032490974,PT_PVEM_MORENA_NAS,316,0.5703971119133574,125,0.22563176895306858,PAN_PRI_PRD,191,0.3447653429602888,171,0.30866425992779783,MC,20,0.036101083032490974,191,0.3447653429602888,316,0.5703971119133574,20,0.036101083032490974,6,0.010830324909747292,4,0.007220216606498195,5,0.009025270758122744,0,0.0,12,0.021660649819494584,554,1.0,ORIGEN,SECCION,SOLO_COALICIONES
777,26,SONORA,HERMOSILLO,,9,435,769,399,0.5188556566970091,0.48114434330299094,PT_PVEM_MORENA_NAS,237,0.5939849624060151,112,0.2807017543859649,PAN_PRI_PRD,125,0.3132832080200501,108,0.2706766917293233,MC,17,0.042606516290726815,PT_PVEM_MORENA_NAS,237,0.5939849624060151,112,0.2807017543859649,PAN_PRI_PRD,125,0.3132832080200501,108,0.2706766917293233,MC,17,0.042606516290726815,125,0.3132832080200501,237,0.5939849624060151,17,0.042606516290726815,6,0.015037593984962405,4,0.010025062656641603,8,0.020050125313283207,0,0.0,2,0.005012531328320802,399,1.0,ORIGEN,SECCION,SOLO_COALICIONES
778,26,SONORA,HERMOSILLO,,9,436,635,346,0.5448818897637795,0.4551181102362205,PT_PVEM_MORENA_NAS,191,0.5520231213872833,59,0.17052023121387283,PAN_PRI_PRD,132,0.3815028901734104,121,0.34971098265895956,MC,11,0.031791907514450865,PT_PVEM_MORENA_NAS,191,0.5520231213872833,59,0.17052023121387283,PAN_PRI_PRD,132,0.3815028901734104,121,0.34971098265895956,MC,11,0.031791907514450865,132,0.3815028901734104,191,0.5520231213872833,11,0.031791907514450865,3,0.008670520231213872,0,0.0,3,0.008670520231213872,0,0.0,6,0.017341040462427744,346,1.0,ORIGEN,SECCION,SOLO_COALICIONES
779,26,SONORA,HERMOSILLO,,9,437,702,352,0.5014245014245015,0.49857549857549854,PT_PVEM_MORENA_NAS,200,0.5681818181818182,67,0.1903409090909091,PAN_PRI_PRD,133,0.3778409090909091,125,0.35511363636363635,MC,8,0.022727272727272728,PT_PVEM_MORENA_NAS,200,0.5681818181818182,67,0.1903409090909091,PAN_PRI_PRD,133,0.3778409090909091,125,0.35511363636363635,MC,8,0.022727272727272728,133,0.3778409090909091,200,0.5681818181818182,8,0.022727272727272728,1,0.002840909090909091,2,0.005681818181818182,6,0.017045454545454544,0,0.0,2,0.005681818181818182,352,1.0,ORIGEN,SECCION,SOLO_COALICIONES
780,26,SONORA,HERMOSILLO,,9,438,1151,668,0.580364900086881,0.419635099913119,PT_PVEM_MORENA_NAS,316,0.47305389221556887,19,0.02844311377245509,PAN_PRI_PRD,297,0.44461077844311375,277,0.41467065868263475,FxM,20,0.029940119760479042,PT_PVEM_MORENA_NAS,316,0.47305389221556887,19,0.02844311377245509,PAN_PRI_PRD,297,0.44461077844311375,277,0.41467065868263475,FxM,20,0.029940119760479042,297,0.44461077844311375,316,0.47305389221556887,17,0.025449101796407185,4,0.005988023952095809,7,0.010479041916167664,20,0.029940119760479042,1,0.0014970059880239522,6,0.008982035928143712,668,1.0,ORIGEN,SECCION,SOLO_COALICIONES
781,26,SONORA,HERMOSILLO,,9,440,926,636,0.6868250539956804,0.3131749460043196,PAN_PRI_PRD,460,0.7232704402515723,314,0.4937106918238994,PT_PVEM_MORENA_NAS,146,0.22955974842767296,135,0.21226415094339623,FxM,11,0.01729559748427673,PAN_PRI_PRD,460,0.7232704402515723,314,0.4937106918238994,PT_PVEM_MORENA_NAS,146,0.22955974842767296,135,0.21226415094339623,FxM,11,0.01729559748427673,460,0.7232704402515723,146,0.22955974842767296,9,0.014150943396226415,0,0.0,5,0.007861635220125786,11,0.01729559748427673,0,0.0,5,0.007861635220125786,636,1.0,ORIGEN,SECCION,SOLO_COALICIONES
782,26,SONORA,HERMOSILLO,,9,441,826,513,0.6210653753026635,0.3789346246973365,PAN_PRI_PRD,323,0.6296296296296297,155,0.30214424951267055,PT_PVEM_MORENA_NAS,168,0.32748538011695905,158,0.3079922027290448,MC,10,0.01949317738791423,PAN_PRI_PRD,323,0.6296296296296297,155,0.30214424951267055,PT_PVEM_MORENA_NAS,168,0.32748538011695905,158,0.3079922027290448,MC,10,0.01949317738791423,323,0.6296296296296297,168,0.32748538011695905,10,0.01949317738791423,1,0.001949317738791423,0,0.0,4,0.007797270955165692,0,0.0,7,0.01364522417153996,513,1.0,ORIGEN,SECCION,SOLO_COALICIONES
783,26,SONORA,HERMOSILLO,,9,442,1073,581,0.5414725069897484,0.45852749301025164,PT_PVEM_MORENA_NAS,279,0.4802065404475043,13,0.022375215146299483,PAN_PRI_PRD,266,0.4578313253012048,257,0.4423407917383821,MC,9,0.01549053356282272,PT_PVEM_MORENA_NAS,279,0.4802065404475043,13,0.022375215146299483,PAN_PRI_PRD,266,0.4578313253012048,257,0.4423407917383821,MC,9,0.01549053356282272,266,0.4578313253012048,279,0.4802065404475043,9,0.01549053356282272,1,0.0017211703958691911,6,0.010327022375215147,9,0.01549053356282272,0,0.0,11,0.0189328743545611,581,1.0,ORIGEN,SECCION,SOLO_COALICIONES
784,26,SONORA,HERMOSILLO,,9,443,973,551,0.566289825282631,0.43371017471736895,PT_PVEM_MORENA_NAS,260,0.47186932849364793,22,0.039927404718693285,PAN_PRI_PRD,238,0.4319419237749546,223,0.4047186932849365,MC,15,0.02722323049001815,PT_PVEM_MORENA_NAS,260,0.47186932849364793,22,0.039927404718693285,PAN_PRI_PRD,238,0.4319419237749546,223,0.4047186932849365,MC,15,0.02722323049001815,238,0.4319419237749546,260,0.47186932849364793,15,0.02722323049001815,5,0.009074410163339383,8,0.014519056261343012,12,0.021778584392014518,3,0.0054446460980036296,10,0.018148820326678767,551,1.0,ORIGEN,SECCION,SOLO_COALICIONES
785,26,SONORA,HERMOSILLO,,9,444,1100,584,0.5309090909090909,0.4690909090909091,PT_PVEM_MORENA_NAS,293,0.5017123287671232,46,0.07876712328767123,PAN_PRI_PRD,247,0.4229452054794521,227,0.3886986301369863,MC,20,0.03424657534246575,PT_PVEM_MORENA_NAS,293,0.5017123287671232,46,0.07876712328767123,PAN_PRI_PRD,247,0.4229452054794521,227,0.3886986301369863,MC,20,0.03424657534246575,247,0.4229452054794521,293,0.5017123287671232,20,0.03424657534246575,7,0.011986301369863013,2,0.003424657534246575,8,0.0136986301369863,0,0.0,7,0.011986301369863013,584,1.0,ORIGEN,SECCION,SOLO_COALICIONES
786,26,SONORA,HERMOSILLO,,9,445,635,316,0.49763779527559054,0.5023622047244094,PT_PVEM_MORENA_NAS,167,0.5284810126582279,41,0.12974683544303797,PAN_PRI_PRD,126,0.3987341772151899,117,0.370253164556962,MC,9,0.028481012658227847,PT_PVEM_MORENA_NAS,167,0.5284810126582279,41,0.12974683544303797,PAN_PRI_PRD,126,0.3987341772151899,117,0.370253164556962,MC,9,0.028481012658227847,126,0.3987341772151899,167,0.5284810126582279,9,0.028481012658227847,2,0.006329113924050633,3,0.00949367088607595,5,0.015822784810126583,0,0.0,4,0.012658227848101266,316,1.0,ORIGEN,SECCION,SOLO_COALICIONES
787,26,SONORA,HERMOSILLO,,9,446,672,318,0.4732142857142857,0.5267857142857143,PT_PVEM_MORENA_NAS,172,0.5408805031446541,51,0.16037735849056603,PAN_PRI_PRD,121,0.3805031446540881,116,0.36477987421383645,MC,5,0.015723270440251572,PT_PVEM_MORENA_NAS,172,0.5408805031446541,51,0.16037735849056603,PAN_PRI_PRD,121,0.3805031446540881,116,0.36477987421383645,MC,5,0.015723270440251572,121,0.3805031446540881,172,0.5408805031446541,5,0.015723270440251572,5,0.015723270440251572,3,0.009433962264150943,5,0.015723270440251572,0,0.0,7,0.0220125786163522,318,1.0,ORIGEN,SECCION,SOLO_COALICIONES
788,26,SONORA,HERMOSILLO,,9,447,872,412,0.4724770642201835,0.5275229357798166,PT_PVEM_MORENA_NAS,225,0.5461165048543689,76,0.18446601941747573,PAN_PRI_PRD,149,0.3616504854368932,138,0.33495145631067963,FxM,11,0.02669902912621359,PT_PVEM_MORENA_NAS,225,0.5461165048543689,76,0.18446601941747573,PAN_PRI_PRD,149,0.3616504854368932,138,0.33495145631067963,FxM,11,0.02669902912621359,149,0.3616504854368932,225,0.5461165048543689,9,0.021844660194174758,1,0.0024271844660194173,3,0.007281553398058253,11,0.02669902912621359,2,0.0048543689320388345,12,0.02912621359223301,412,1.0,ORIGEN,SECCION,SOLO_COALICIONES
789,26,SONORA,HERMOSILLO,,9,448,3497,1441,0.4120674864169288,0.5879325135830712,PT_PVEM_MORENA_NAS,804,0.5579458709229702,306,0.21235253296322,PAN_PRI_PRD,498,0.34559333795975017,449,0.31158917418459403,MC,49,0.034004163775156145,PT_PVEM_MORENA_NAS,804,0.5579458709229702,306,0.21235253296322,PAN_PRI_PRD,498,0.34559333795975017,449,0.31158917418459403,MC,49,0.034004163775156145,498,0.34559333795975017,804,0.5579458709229702,49,0.034004163775156145,11,0.007633587786259542,12,0.008327550312283136,34,0.02359472588480222,0,0.0,33,0.022900763358778626,1441,1.0,ORIGEN,SECCION,SOLO_COALICIONES
790,26,SONORA,HERMOSILLO,,9,449,3955,2117,0.5352718078381795,0.4647281921618205,PAN_PRI_PRD,1017,0.48039678790741613,81,0.038261691072272085,PT_PVEM_MORENA_NAS,936,0.44213509683514407,878,0.41473783656117147,MC,58,0.0273972602739726,PAN_PRI_PRD,1017,0.48039678790741613,81,0.038261691072272085,PT_PVEM_MORENA_NAS,936,0.44213509683514407,878,0.41473783656117147,MC,58,0.0273972602739726,1017,0.48039678790741613,936,0.44213509683514407,58,0.0273972602739726,16,0.007557864903164856,15,0.007085498346717053,39,0.018422295701464336,0,0.0,36,0.017005196032120924,2117,1.0,ORIGEN,SECCION,SOLO_COALICIONES
791,26,SONORA,HERMOSILLO,,9,450,1128,477,0.4228723404255319,0.5771276595744681,PT_PVEM_MORENA_NAS,281,0.589098532494759,140,0.29350104821802936,PAN_PRI_PRD,141,0.29559748427672955,110,0.23060796645702306,MC,31,0.0649895178197065,PT_PVEM_MORENA_NAS,281,0.589098532494759,140,0.29350104821802936,PAN_PRI_PRD,141,0.29559748427672955,110,0.23060796645702306,MC,31,0.0649895178197065,141,0.29559748427672955,281,0.589098532494759,31,0.0649895178197065,1,0.0020964360587002098,2,0.0041928721174004195,9,0.018867924528301886,0,0.0,12,0.025157232704402517,477,1.0,ORIGEN,SECCION,SOLO_COALICIONES
792,26,SONORA,HERMOSILLO,,9,451,1187,602,0.5071609098567817,0.49283909014321825,PT_PVEM_MORENA_NAS,304,0.5049833887043189,38,0.06312292358803986,PAN_PRI_PRD,266,0.4418604651162791,257,0.4269102990033223,MC,9,0.014950166112956811,PT_PVEM_MORENA_NAS,304,0.5049833887043189,38,0.06312292358803986,PAN_PRI_PRD,266,0.4418604651162791,257,0.4269102990033223,MC,9,0.014950166112956811,266,0.4418604651162791,304,0.5049833887043189,9,0.014950166112956811,6,0.009966777408637873,3,0.0049833887043189366,5,0.008305647840531562,0,0.0,9,0.014950166112956811,602,1.0,ORIGEN,SECCION,SOLO_COALICIONES
793,26,SONORA,HERMOSILLO,,9,452,1288,658,0.5108695652173914,0.48913043478260865,PT_PVEM_MORENA_NAS,359,0.5455927051671733,110,0.16717325227963525,PAN_PRI_PRD,249,0.378419452887538,234,0.3556231003039514,MC,15,0.022796352583586626,PT_PVEM_MORENA_NAS,359,0.5455927051671733,110,0.16717325227963525,PAN_PRI_PRD,249,0.378419452887538,234,0.3556231003039514,MC,15,0.022796352583586626,249,0.378419452887538,359,0.5455927051671733,15,0.022796352583586626,5,0.007598784194528876,8,0.0121580547112462,11,0.016717325227963525,0,0.0,11,0.016717325227963525,658,1.0,ORIGEN,SECCION,SOLO_COALICIONES
794,26,SONORA,HERMOSILLO,,9,453,723,383,0.5297372060857538,0.4702627939142462,PT_PVEM_MORENA_NAS,220,0.5744125326370757,86,0.2245430809399478,PAN_PRI_PRD,134,0.34986945169712796,116,0.3028720626631854,MC,18,0.04699738903394256,PT_PVEM_MORENA_NAS,220,0.5744125326370757,86,0.2245430809399478,PAN_PRI_PRD,134,0.34986945169712796,116,0.3028720626631854,MC,18,0.04699738903394256,134,0.34986945169712796,220,0.5744125326370757,18,0.04699738903394256,1,0.0026109660574412533,0,0.0,2,0.005221932114882507,3,0.007832898172323759,5,0.013054830287206266,383,1.0,ORIGEN,SECCION,SOLO_COALICIONES
795,26,SONORA,HERMOSILLO,,9,454,966,543,0.562111801242236,0.43788819875776397,PT_PVEM_MORENA_NAS,252,0.46408839779005523,9,0.016574585635359115,PAN_PRI_PRD,243,0.44751381215469616,223,0.4106813996316759,MC,20,0.03683241252302026,PT_PVEM_MORENA_NAS,252,0.46408839779005523,9,0.016574585635359115,PAN_PRI_PRD,243,0.44751381215469616,223,0.4106813996316759,MC,20,0.03683241252302026,243,0.44751381215469616,252,0.46408839779005523,20,0.03683241252302026,4,0.007366482504604052,3,0.0055248618784530384,9,0.016574585635359115,2,0.003683241252302026,10,0.01841620626151013,543,1.0,ORIGEN,SECCION,SOLO_COALICIONES
796,26,SONORA,HERMOSILLO,,9,455,556,309,0.5557553956834532,0.4442446043165468,PAN_PRI_PRD,159,0.5145631067961165,32,0.10355987055016182,PT_PVEM_MORENA_NAS,127,0.4110032362459547,119,0.3851132686084142,MC,8,0.025889967637540454,PAN_PRI_PRD,159,0.5145631067961165,32,0.10355987055016182,PT_PVEM_MORENA_NAS,127,0.4110032362459547,119,0.3851132686084142,MC,8,0.025889967637540454,159,0.5145631067961165,127,0.4110032362459547,8,0.025889967637540454,4,0.012944983818770227,1,0.003236245954692557,2,0.006472491909385114,0,0.0,8,0.025889967637540454,309,1.0,ORIGEN,SECCION,SOLO_COALICIONES
797,26,SONORA,HERMOSILLO,,9,458,677,394,0.5819793205317577,0.4180206794682423,PAN_PRI_PRD,225,0.5710659898477157,85,0.21573604060913706,PT_PVEM_MORENA_NAS,140,0.3553299492385787,134,0.3401015228426396,MC,6,0.015228426395939087,PAN_PRI_PRD,225,0.5710659898477157,85,0.21573604060913706,PT_PVEM_MORENA_NAS,140,0.3553299492385787,134,0.3401015228426396,MC,6,0.015228426395939087,225,0.5710659898477157,140,0.3553299492385787,6,0.015228426395939087,4,0.01015228426395939,2,0.005076142131979695,6,0.015228426395939087,0,0.0,11,0.027918781725888325,394,1.0,ORIGEN,SECCION,SOLO_COALICIONES
798,26,SONORA,HERMOSILLO,,9,459,906,547,0.6037527593818984,0.39624724061810157,PAN_PRI_PRD,294,0.5374771480804388,73,0.13345521023765997,PT_PVEM_MORENA_NAS,221,0.4040219378427788,211,0.3857404021937843,MC,10,0.018281535648994516,PAN_PRI_PRD,294,0.5374771480804388,73,0.13345521023765997,PT_PVEM_MORENA_NAS,221,0.4040219378427788,211,0.3857404021937843,MC,10,0.018281535648994516,294,0.5374771480804388,221,0.4040219378427788,10,0.018281535648994516,3,0.005484460694698354,3,0.005484460694698354,8,0.014625228519195612,0,0.0,8,0.014625228519195612,547,1.0,ORIGEN,SECCION,SOLO_COALICIONES
799,26,SONORA,HERMOSILLO,,9,460,879,525,0.5972696245733788,0.40273037542662116,PAN_PRI_PRD,256,0.4876190476190476,27,0.05142857142857143,PT_PVEM_MORENA_NAS,229,0.4361904761904762,220,0.41904761904761906,PES,9,0.017142857142857144,PAN_PRI_PRD,256,0.4876190476190476,27,0.05142857142857143,PT_PVEM_MORENA_NAS,229,0.4361904761904762,220,0.41904761904761906,PES,9,0.017142857142857144,256,0.4876190476190476,229,0.4361904761904762,3,0.005714285714285714,9,0.017142857142857144,6,0.011428571428571429,9,0.017142857142857144,0,0.0,13,0.024761904761904763,525,1.0,ORIGEN,SECCION,SOLO_COALICIONES
800,26,SONORA,HERMOSILLO,,9,461,853,517,0.6060961313012896,0.3939038686987104,PAN_PRI_PRD,243,0.4700193423597679,5,0.009671179883945842,PT_PVEM_MORENA_NAS,238,0.46034816247582205,223,0.43133462282398455,MC,15,0.029013539651837523,PAN_PRI_PRD,243,0.4700193423597679,5,0.009671179883945842,PT_PVEM_MORENA_NAS,238,0.46034816247582205,223,0.43133462282398455,MC,15,0.029013539651837523,243,0.4700193423597679,238,0.46034816247582205,15,0.029013539651837523,6,0.01160541586073501,4,0.007736943907156673,8,0.015473887814313346,0,0.0,3,0.005802707930367505,517,1.0,ORIGEN,SECCION,SOLO_COALICIONES
801,26,SONORA,HERMOSILLO,,9,462,685,389,0.5678832116788322,0.43211678832116784,PT_PVEM_MORENA_NAS,209,0.5372750642673522,60,0.15424164524421594,PAN_PRI_PRD,149,0.38303341902313626,133,0.34190231362467866,MC,16,0.04113110539845758,PT_PVEM_MORENA_NAS,209,0.5372750642673522,60,0.15424164524421594,PAN_PRI_PRD,149,0.38303341902313626,133,0.34190231362467866,MC,16,0.04113110539845758,149,0.38303341902313626,209,0.5372750642673522,16,0.04113110539845758,3,0.007712082262210797,0,0.0,8,0.02056555269922879,0,0.0,4,0.010282776349614395,389,1.0,ORIGEN,SECCION,SOLO_COALICIONES
802,26,SONORA,HERMOSILLO,,9,463,1240,582,0.4693548387096774,0.5306451612903226,PT_PVEM_MORENA_NAS,304,0.5223367697594502,80,0.13745704467353953,PAN_PRI_PRD,224,0.3848797250859107,207,0.3556701030927835,MC,17,0.029209621993127148,PT_PVEM_MORENA_NAS,304,0.5223367697594502,80,0.13745704467353953,PAN_PRI_PRD,224,0.3848797250859107,207,0.3556701030927835,MC,17,0.029209621993127148,224,0.3848797250859107,304,0.5223367697594502,17,0.029209621993127148,4,0.006872852233676976,5,0.00859106529209622,13,0.022336769759450172,0,0.0,15,0.02577319587628866,582,1.0,ORIGEN,SECCION,SOLO_COALICIONES
803,26,SONORA,HERMOSILLO,,9,464,986,479,0.48580121703853957,0.5141987829614605,PT_PVEM_MORENA_NAS,250,0.5219206680584552,67,0.13987473903966596,PAN_PRI_PRD,183,0.38204592901878914,164,0.34237995824634654,MC,19,0.03966597077244259,PT_PVEM_MORENA_NAS,250,0.5219206680584552,67,0.13987473903966596,PAN_PRI_PRD,183,0.38204592901878914,164,0.34237995824634654,MC,19,0.03966597077244259,183,0.38204592901878914,250,0.5219206680584552,19,0.03966597077244259,5,0.010438413361169102,6,0.012526096033402923,10,0.020876826722338204,0,0.0,6,0.012526096033402923,479,1.0,ORIGEN,SECCION,SOLO_COALICIONES
804,26,SONORA,HERMOSILLO,,9,465,1266,612,0.4834123222748815,0.5165876777251185,PT_PVEM_MORENA_NAS,322,0.5261437908496732,78,0.12745098039215685,PAN_PRI_PRD,244,0.39869281045751637,224,0.3660130718954248,MC,20,0.032679738562091505,PT_PVEM_MORENA_NAS,322,0.5261437908496732,78,0.12745098039215685,PAN_PRI_PRD,244,0.39869281045751637,224,0.3660130718954248,MC,20,0.032679738562091505,244,0.39869281045751637,322,0.5261437908496732,20,0.032679738562091505,8,0.013071895424836602,4,0.006535947712418301,5,0.008169934640522876,0,0.0,9,0.014705882352941176,612,1.0,ORIGEN,SECCION,SOLO_COALICIONES
805,26,SONORA,HERMOSILLO,,9,466,595,328,0.5512605042016807,0.4487394957983193,PT_PVEM_MORENA_NAS,165,0.5030487804878049,27,0.08231707317073171,PAN_PRI_PRD,138,0.42073170731707316,129,0.3932926829268293,FxM,9,0.027439024390243903,PT_PVEM_MORENA_NAS,165,0.5030487804878049,27,0.08231707317073171,PAN_PRI_PRD,138,0.42073170731707316,129,0.3932926829268293,FxM,9,0.027439024390243903,138,0.42073170731707316,165,0.5030487804878049,8,0.024390243902439025,1,0.003048780487804878,1,0.003048780487804878,9,0.027439024390243903,0,0.0,6,0.018292682926829267,328,1.0,ORIGEN,SECCION,SOLO_COALICIONES
806,26,SONORA,HERMOSILLO,,9,467,754,382,0.506631299734748,0.49336870026525204,PAN_PRI_PRD,181,0.4738219895287958,22,0.05759162303664921,PT_PVEM_MORENA_NAS,159,0.4162303664921466,146,0.38219895287958117,MC,13,0.034031413612565446,PAN_PRI_PRD,181,0.4738219895287958,22,0.05759162303664921,PT_PVEM_MORENA_NAS,159,0.4162303664921466,146,0.38219895287958117,MC,13,0.034031413612565446,181,0.4738219895287958,159,0.4162303664921466,13,0.034031413612565446,8,0.020942408376963352,4,0.010471204188481676,10,0.02617801047120419,0,0.0,7,0.01832460732984293,382,1.0,ORIGEN,SECCION,SOLO_COALICIONES
807,26,SONORA,HERMOSILLO,,9,468,1176,656,0.5578231292517006,0.44217687074829937,PAN_PRI_PRD,300,0.4573170731707317,8,0.012195121951219513,PT_PVEM_MORENA_NAS,292,0.4451219512195122,270,0.4115853658536585,MC,22,0.03353658536585366,PAN_PRI_PRD,300,0.4573170731707317,8,0.012195121951219513,PT_PVEM_MORENA_NAS,292,0.4451219512195122,270,0.4115853658536585,MC,22,0.03353658536585366,300,0.4573170731707317,292,0.4451219512195122,22,0.03353658536585366,8,0.012195121951219513,5,0.007621951219512195,14,0.021341463414634148,1,0.001524390243902439,14,0.021341463414634148,656,1.0,ORIGEN,SECCION,SOLO_COALICIONES
808,26,SONORA,HERMOSILLO,,9,469,421,223,0.5296912114014252,0.47030878859857483,PAN_PRI_PRD,126,0.5650224215246636,47,0.21076233183856502,PT_PVEM_MORENA_NAS,79,0.3542600896860987,75,0.336322869955157,FxM,4,0.017937219730941704,PAN_PRI_PRD,126,0.5650224215246636,47,0.21076233183856502,PT_PVEM_MORENA_NAS,79,0.3542600896860987,75,0.336322869955157,FxM,4,0.017937219730941704,126,0.5650224215246636,79,0.3542600896860987,3,0.013452914798206279,2,0.008968609865470852,3,0.013452914798206279,4,0.017937219730941704,0,0.0,6,0.026905829596412557,223,1.0,ORIGEN,SECCION,SOLO_COALICIONES
809,26,SONORA,HERMOSILLO,,9,470,537,295,0.5493482309124768,0.45065176908752325,PAN_PRI_PRD,164,0.5559322033898305,58,0.19661016949152543,PT_PVEM_MORENA_NAS,106,0.3593220338983051,100,0.3389830508474576,FxM,6,0.020338983050847456,PAN_PRI_PRD,164,0.5559322033898305,58,0.19661016949152543,PT_PVEM_MORENA_NAS,106,0.3593220338983051,100,0.3389830508474576,FxM,6,0.020338983050847456,164,0.5559322033898305,106,0.3593220338983051,5,0.01694915254237288,2,0.006779661016949152,2,0.006779661016949152,6,0.020338983050847456,1,0.003389830508474576,9,0.030508474576271188,295,1.0,ORIGEN,SECCION,SOLO_COALICIONES
810,26,SONORA,HERMOSILLO,,9,471,1201,769,0.6402997502081599,0.3597002497918401,PAN_PRI_PRD,483,0.6280884265279584,238,0.3094928478543563,PT_PVEM_MORENA_NAS,245,0.31859557867360205,231,0.30039011703511054,MC,14,0.018205461638491547,PAN_PRI_PRD,483,0.6280884265279584,238,0.3094928478543563,PT_PVEM_MORENA_NAS,245,0.31859557867360205,231,0.30039011703511054,MC,14,0.018205461638491547,483,0.6280884265279584,245,0.31859557867360205,14,0.018205461638491547,4,0.005201560468140442,1,0.0013003901170351106,8,0.010403120936280884,0,0.0,14,0.018205461638491547,769,1.0,ORIGEN,SECCION,SOLO_COALICIONES
811,26,SONORA,HERMOSILLO,,9,472,1083,781,0.7211449676823638,0.2788550323176362,PAN_PRI_PRD,581,0.7439180537772087,401,0.5134443021766966,PT_PVEM_MORENA_NAS,180,0.23047375160051217,173,0.22151088348271447,MC,7,0.008962868117797696,PAN_PRI_PRD,581,0.7439180537772087,401,0.5134443021766966,PT_PVEM_MORENA_NAS,180,0.23047375160051217,173,0.22151088348271447,MC,7,0.008962868117797696,581,0.7439180537772087,180,0.23047375160051217,7,0.008962868117797696,4,0.005121638924455826,1,0.0012804097311139564,4,0.005121638924455826,0,0.0,4,0.005121638924455826,781,1.0,ORIGEN,SECCION,SOLO_COALICIONES
812,26,SONORA,HERMOSILLO,,9,473,1362,947,0.6953010279001468,0.3046989720998532,PAN_PRI_PRD,672,0.7096092925026399,430,0.45406546990496305,PT_PVEM_MORENA_NAS,242,0.2555438225976769,228,0.24076029567053855,FxM,14,0.014783526927138331,PAN_PRI_PRD,672,0.7096092925026399,430,0.45406546990496305,PT_PVEM_MORENA_NAS,242,0.2555438225976769,228,0.24076029567053855,FxM,14,0.014783526927138331,672,0.7096092925026399,242,0.2555438225976769,8,0.008447729672650475,1,0.0010559662090813093,1,0.0010559662090813093,14,0.014783526927138331,1,0.0010559662090813093,8,0.008447729672650475,947,1.0,ORIGEN,SECCION,SOLO_COALICIONES
813,26,SONORA,HERMOSILLO,,9,474,4227,2793,0.6607523066004258,0.33924769339957417,PAN_PRI_PRD,1803,0.6455424274973147,942,0.3372717508055854,PT_PVEM_MORENA_NAS,861,0.3082706766917293,812,0.2907268170426065,MC,49,0.017543859649122806,PAN_PRI_PRD,1803,0.6455424274973147,942,0.3372717508055854,PT_PVEM_MORENA_NAS,861,0.3082706766917293,812,0.2907268170426065,MC,49,0.017543859649122806,1803,0.6455424274973147,861,0.3082706766917293,49,0.017543859649122806,14,0.005012531328320802,3,0.0010741138560687433,29,0.010383100608664519,5,0.0017901897601145722,29,0.010383100608664519,2793,1.0,ORIGEN,SECCION,SOLO_COALICIONES
814,26,SONORA,HERMOSILLO,,9,475,1001,754,0.7532467532467533,0.24675324675324672,PAN_PRI_PRD,548,0.726790450928382,371,0.4920424403183024,PT_PVEM_MORENA_NAS,177,0.23474801061007958,170,0.22546419098143236,FxM,7,0.009283819628647215,PAN_PRI_PRD,548,0.726790450928382,371,0.4920424403183024,PT_PVEM_MORENA_NAS,177,0.23474801061007958,170,0.22546419098143236,FxM,7,0.009283819628647215,548,0.726790450928382,177,0.23474801061007958,5,0.006631299734748011,2,0.002652519893899204,1,0.001326259946949602,7,0.009283819628647215,1,0.001326259946949602,13,0.017241379310344827,754,1.0,ORIGEN,SECCION,SOLO_COALICIONES
815,26,SONORA,HERMOSILLO,,9,476,1003,711,0.7088733798604188,0.29112662013958124,PAN_PRI_PRD,514,0.7229254571026723,342,0.4810126582278481,PT_PVEM_MORENA_NAS,172,0.2419127988748242,159,0.22362869198312235,MC,13,0.01828410689170183,PAN_PRI_PRD,514,0.7229254571026723,342,0.4810126582278481,PT_PVEM_MORENA_NAS,172,0.2419127988748242,159,0.22362869198312235,MC,13,0.01828410689170183,514,0.7229254571026723,172,0.2419127988748242,13,0.01828410689170183,1,0.0014064697609001407,2,0.0028129395218002813,4,0.005625879043600563,0,0.0,5,0.007032348804500703,711,1.0,ORIGEN,SECCION,SOLO_COALICIONES
816,26,SONORA,HERMOSILLO,,9,477,889,596,0.6704161979752531,0.3295838020247469,PAN_PRI_PRD,386,0.6476510067114094,202,0.3389261744966443,PT_PVEM_MORENA_NAS,184,0.3087248322147651,177,0.29697986577181207,FxM,7,0.01174496644295302,PAN_PRI_PRD,386,0.6476510067114094,202,0.3389261744966443,PT_PVEM_MORENA_NAS,184,0.3087248322147651,177,0.29697986577181207,FxM,7,0.01174496644295302,386,0.6476510067114094,184,0.3087248322147651,5,0.008389261744966443,5,0.008389261744966443,2,0.003355704697986577,7,0.01174496644295302,0,0.0,7,0.01174496644295302,596,1.0,ORIGEN,SECCION,SOLO_COALICIONES
817,26,SONORA,HERMOSILLO,,9,478,626,329,0.5255591054313099,0.4744408945686901,PAN_PRI_PRD,157,0.47720364741641336,12,0.0364741641337386,PT_PVEM_MORENA_NAS,145,0.44072948328267475,135,0.41033434650455924,FxM,10,0.030395136778115502,PAN_PRI_PRD,157,0.47720364741641336,12,0.0364741641337386,PT_PVEM_MORENA_NAS,145,0.44072948328267475,135,0.41033434650455924,FxM,10,0.030395136778115502,157,0.47720364741641336,145,0.44072948328267475,7,0.02127659574468085,2,0.0060790273556231,3,0.00911854103343465,10,0.030395136778115502,0,0.0,5,0.015197568389057751,329,1.0,ORIGEN,SECCION,SOLO_COALICIONES
818,26,SONORA,HERMOSILLO,,9,479,489,123,0.25153374233128833,0.7484662576687117,PAN_PRI_PRD,98,0.7967479674796748,92,0.7479674796747967,MC,6,0.04878048780487805,0,0.0,PES,6,0.04878048780487805,PAN_PRI_PRD,98,0.7967479674796748,92,0.7479674796747967,MC,6,0.04878048780487805,0,0.0,PES,6,0.04878048780487805,98,0.7967479674796748,5,0.04065040650406504,6,0.04878048780487805,6,0.04878048780487805,2,0.016260162601626018,2,0.016260162601626018,0,0.0,4,0.032520325203252036,123,1.0,ORIGEN,SECCION,SOLO_COALICIONES
819,26,SONORA,HERMOSILLO,,9,480,495,289,0.5838383838383838,0.4161616161616162,PAN_PRI_PRD,167,0.5778546712802768,64,0.22145328719723184,PT_PVEM_MORENA_NAS,103,0.356401384083045,93,0.3217993079584775,MC,10,0.03460207612456748,PAN_PRI_PRD,167,0.5778546712802768,64,0.22145328719723184,PT_PVEM_MORENA_NAS,103,0.356401384083045,93,0.3217993079584775,MC,10,0.03460207612456748,167,0.5778546712802768,103,0.356401384083045,10,0.03460207612456748,2,0.006920415224913495,1,0.0034602076124567475,3,0.010380622837370242,0,0.0,3,0.010380622837370242,289,1.0,ORIGEN,SECCION,SOLO_COALICIONES
820,26,SONORA,HERMOSILLO,,9,493,621,347,0.5587761674718197,0.4412238325281803,PAN_PRI_PRD,177,0.5100864553314121,34,0.09798270893371758,PT_PVEM_MORENA_NAS,143,0.41210374639769454,135,0.38904899135446686,MC,8,0.023054755043227664,PAN_PRI_PRD,177,0.5100864553314121,34,0.09798270893371758,PT_PVEM_MORENA_NAS,143,0.41210374639769454,135,0.38904899135446686,MC,8,0.023054755043227664,177,0.5100864553314121,143,0.41210374639769454,8,0.023054755043227664,3,0.008645533141210375,4,0.011527377521613832,5,0.01440922190201729,1,0.002881844380403458,6,0.01729106628242075,347,1.0,ORIGEN,SECCION,SOLO_COALICIONES
821,26,SONORA,HERMOSILLO,,9,1361,1081,560,0.5180388529139686,0.48196114708603144,PAN_PRI_PRD,268,0.4785714285714286,32,0.05714285714285714,PT_PVEM_MORENA_NAS,236,0.42142857142857143,215,0.38392857142857145,MC,21,0.0375,PAN_PRI_PRD,268,0.4785714285714286,32,0.05714285714285714,PT_PVEM_MORENA_NAS,236,0.42142857142857143,215,0.38392857142857145,MC,21,0.0375,268,0.4785714285714286,236,0.42142857142857143,21,0.0375,6,0.010714285714285714,4,0.007142857142857143,13,0.023214285714285715,0,0.0,12,0.02142857142857143,560,1.0,ORIGEN,SECCION,SOLO_COALICIONES
822,26,SONORA,HERMOSILLO,,9,1505,280,158,0.5642857142857143,0.4357142857142857,PAN_PRI_PRD,93,0.5886075949367089,42,0.26582278481012656,PT_PVEM_MORENA_NAS,51,0.3227848101265823,44,0.27848101265822783,MC,7,0.04430379746835443,PAN_PRI_PRD,93,0.5886075949367089,42,0.26582278481012656,PT_PVEM_MORENA_NAS,51,0.3227848101265823,44,0.27848101265822783,MC,7,0.04430379746835443,93,0.5886075949367089,51,0.3227848101265823,7,0.04430379746835443,1,0.006329113924050633,1,0.006329113924050633,3,0.0189873417721519,0,0.0,2,0.012658227848101266,158,1.0,ORIGEN,SECCION,SOLO_COALICIONES
823,26,SONORA,HERMOSILLO,,9,1506,224,99,0.4419642857142857,0.5580357142857143,PT_PVEM_MORENA_NAS,57,0.5757575757575758,23,0.23232323232323232,PAN_PRI_PRD,34,0.3434343434343434,29,0.29292929292929293,MC,5,0.050505050505050504,PT_PVEM_MORENA_NAS,57,0.5757575757575758,23,0.23232323232323232,PAN_PRI_PRD,34,0.3434343434343434,29,0.29292929292929293,MC,5,0.050505050505050504,34,0.3434343434343434,57,0.5757575757575758,5,0.050505050505050504,1,0.010101010101010102,1,0.010101010101010102,0,0.0,0,0.0,1,0.010101010101010102,99,1.0,ORIGEN,SECCION,SOLO_COALICIONES
824,26,SONORA,HERMOSILLO,,9,1507,696,505,0.7255747126436781,0.2744252873563219,PAN_PRI_PRD,345,0.6831683168316832,205,0.40594059405940597,PT_PVEM_MORENA_NAS,140,0.27722772277227725,131,0.2594059405940594,MC,9,0.01782178217821782,PAN_PRI_PRD,345,0.6831683168316832,205,0.40594059405940597,PT_PVEM_MORENA_NAS,140,0.27722772277227725,131,0.2594059405940594,MC,9,0.01782178217821782,345,0.6831683168316832,140,0.27722772277227725,9,0.01782178217821782,1,0.0019801980198019802,1,0.0019801980198019802,3,0.005940594059405941,3,0.005940594059405941,3,0.005940594059405941,505,1.0,ORIGEN,SECCION,SOLO_COALICIONES
825,26,SONORA,HERMOSILLO,,9,1508,399,322,0.8070175438596491,0.19298245614035092,PAN_PRI_PRD,235,0.7298136645962733,153,0.4751552795031056,PT_PVEM_MORENA_NAS,82,0.2546583850931677,80,0.2484472049689441,FxM,2,0.006211180124223602,PAN_PRI_PRD,235,0.7298136645962733,153,0.4751552795031056,PT_PVEM_MORENA_NAS,82,0.2546583850931677,80,0.2484472049689441,FxM,2,0.006211180124223602,235,0.7298136645962733,82,0.2546583850931677,1,0.003105590062111801,0,0.0,0,0.0,2,0.006211180124223602,0,0.0,2,0.006211180124223602,322,1.0,ORIGEN,SECCION,SOLO_COALICIONES
826,26,SONORA,HERMOSILLO,,9,1510,1144,875,0.7648601398601399,0.2351398601398601,PAN_PRI_PRD,656,0.7497142857142857,473,0.5405714285714286,PT_PVEM_MORENA_NAS,183,0.20914285714285713,166,0.18971428571428572,MC,17,0.019428571428571427,PAN_PRI_PRD,656,0.7497142857142857,473,0.5405714285714286,PT_PVEM_MORENA_NAS,183,0.20914285714285713,166,0.18971428571428572,MC,17,0.019428571428571427,656,0.7497142857142857,183,0.20914285714285713,17,0.019428571428571427,3,0.0034285714285714284,2,0.002285714285714286,9,0.010285714285714285,0,0.0,5,0.005714285714285714,875,1.0,ORIGEN,SECCION,SOLO_COALICIONES
827,26,SONORA,HERMOSILLO,,9,1511,577,431,0.7469670710571924,0.2530329289428076,PAN_PRI_PRD,321,0.7447795823665894,226,0.5243619489559165,PT_PVEM_MORENA_NAS,95,0.22041763341067286,92,0.21345707656612528,MC,3,0.0069605568445475635,PAN_PRI_PRD,321,0.7447795823665894,226,0.5243619489559165,PT_PVEM_MORENA_NAS,95,0.22041763341067286,92,0.21345707656612528,MC,3,0.0069605568445475635,321,0.7447795823665894,95,0.22041763341067286,3,0.0069605568445475635,2,0.004640371229698376,2,0.004640371229698376,3,0.0069605568445475635,1,0.002320185614849188,4,0.009280742459396751,431,1.0,ORIGEN,SECCION,SOLO_COALICIONES
828,26,SONORA,HERMOSILLO,,10,337,3790,1309,0.3453825857519789,0.6546174142480211,PT_PVEM_MORENA_NAS,822,0.6279602750190986,478,0.3651642475171887,PAN_PRI_PRD,344,0.26279602750190983,300,0.22918258212375858,MC,44,0.03361344537815126,PT_PVEM_MORENA_NAS,822,0.6279602750190986,478,0.3651642475171887,PAN_PRI_PRD,344,0.26279602750190983,300,0.22918258212375858,MC,44,0.03361344537815126,344,0.26279602750190983,822,0.6279602750190986,44,0.03361344537815126,14,0.0106951871657754,23,0.01757066462948816,20,0.015278838808250574,3,0.002291825821237586,39,0.029793735676088617,1309,1.0,ORIGEN,SECCION,SOLO_COALICIONES
829,26,SONORA,HERMOSILLO,,10,338,5786,1931,0.33373660559972346,0.6662633944002765,PT_PVEM_MORENA_NAS,1014,0.525116519937856,255,0.1320559295701709,PAN_PRI_PRD,759,0.39306059036768515,714,0.3697566027964785,MC,45,0.02330398757120663,PT_PVEM_MORENA_NAS,1014,0.525116519937856,255,0.1320559295701709,PAN_PRI_PRD,759,0.39306059036768515,714,0.3697566027964785,MC,45,0.02330398757120663,759,0.39306059036768515,1014,0.525116519937856,45,0.02330398757120663,21,0.010875194199896427,15,0.007767995857068877,42,0.021750388399792854,1,0.0005178663904712584,34,0.017607457276022784,1931,1.0,ORIGEN,SECCION,SOLO_COALICIONES
830,26,SONORA,HERMOSILLO,,10,339,3362,1351,0.40184414039262345,0.5981558596073766,PT_PVEM_MORENA_NAS,705,0.5218356772760918,192,0.14211695040710584,PAN_PRI_PRD,513,0.37971872686898595,459,0.33974833456698744,MC,54,0.03997039230199852,PT_PVEM_MORENA_NAS,705,0.5218356772760918,192,0.14211695040710584,PAN_PRI_PRD,513,0.37971872686898595,459,0.33974833456698744,MC,54,0.03997039230199852,513,0.37971872686898595,705,0.5218356772760918,54,0.03997039230199852,19,0.014063656550703183,9,0.006661732050333087,25,0.018504811250925242,0,0.0,26,0.01924500370096225,1351,1.0,ORIGEN,SECCION,SOLO_COALICIONES
831,26,SONORA,HERMOSILLO,,10,340,8924,3920,0.4392649036306589,0.5607350963693412,PT_PVEM_MORENA_NAS,2470,0.6301020408163265,1329,0.33903061224489794,PAN_PRI_PRD,1141,0.2910714285714286,1041,0.2655612244897959,MC,100,0.025510204081632654,PT_PVEM_MORENA_NAS,2470,0.6301020408163265,1329,0.33903061224489794,PAN_PRI_PRD,1141,0.2910714285714286,1041,0.2655612244897959,MC,100,0.025510204081632654,1141,0.2910714285714286,2470,0.6301020408163265,100,0.025510204081632654,22,0.005612244897959183,29,0.00739795918367347,79,0.020153061224489795,2,0.0005102040816326531,77,0.019642857142857142,3920,1.0,ORIGEN,SECCION,SOLO_COALICIONES
832,26,SONORA,HERMOSILLO,,10,341,16959,7272,0.42879886785777466,0.5712011321422253,PAN_PRI_PRD,3385,0.4654840484048405,45,0.006188118811881188,PT_PVEM_MORENA_NAS,3340,0.4592959295929593,3138,0.4315181518151815,MC,202,0.027777777777777776,PAN_PRI_PRD,3385,0.4654840484048405,45,0.006188118811881188,PT_PVEM_MORENA_NAS,3340,0.4592959295929593,3138,0.4315181518151815,MC,202,0.027777777777777776,3385,0.4654840484048405,3340,0.4592959295929593,202,0.027777777777777776,50,0.006875687568756876,42,0.005775577557755775,123,0.016914191419141914,10,0.0013751375137513752,120,0.0165016501650165,7272,1.0,ORIGEN,SECCION,SOLO_COALICIONES
833,26,SONORA,HERMOSILLO,,10,342,4811,2003,0.41633755975888587,0.5836624402411141,PT_PVEM_MORENA_NAS,977,0.48776834747878184,86,0.042935596605092365,PAN_PRI_PRD,891,0.44483275087368945,845,0.4218671992011982,MC,46,0.022965551672491265,PT_PVEM_MORENA_NAS,977,0.48776834747878184,86,0.042935596605092365,PAN_PRI_PRD,891,0.44483275087368945,845,0.4218671992011982,MC,46,0.022965551672491265,891,0.44483275087368945,977,0.48776834747878184,46,0.022965551672491265,14,0.006989515726410384,11,0.0054917623564653024,42,0.020968547179231155,2,0.000998502246630055,20,0.00998502246630055,2003,1.0,ORIGEN,SECCION,SOLO_COALICIONES
834,26,SONORA,HERMOSILLO,,10,343,5365,2444,0.45554520037278656,0.5444547996272134,PAN_PRI_PRD,1159,0.47422258592471356,65,0.026595744680851064,PT_PVEM_MORENA_NAS,1094,0.44762684124386254,1013,0.4144844517184943,MC,81,0.03314238952536825,PAN_PRI_PRD,1159,0.47422258592471356,65,0.026595744680851064,PT_PVEM_MORENA_NAS,1094,0.44762684124386254,1013,0.4144844517184943,MC,81,0.03314238952536825,1159,0.47422258592471356,1094,0.44762684124386254,81,0.03314238952536825,16,0.006546644844517185,18,0.007364975450081833,28,0.011456628477905073,0,0.0,48,0.019639934533551555,2444,1.0,ORIGEN,SECCION,SOLO_COALICIONES
835,26,SONORA,HERMOSILLO,,10,344,6924,4741,0.6847198151357596,0.31528018486424036,PAN_PRI_PRD,3510,0.7403501371018772,2458,0.5184560219363004,PT_PVEM_MORENA_NAS,1052,0.2218941151655769,988,0.20839485340645433,MC,64,0.013499261759122548,PAN_PRI_PRD,3510,0.7403501371018772,2458,0.5184560219363004,PT_PVEM_MORENA_NAS,1052,0.2218941151655769,988,0.20839485340645433,MC,64,0.013499261759122548,3510,0.7403501371018772,1052,0.2218941151655769,64,0.013499261759122548,16,0.003374815439780637,12,0.0025311115798354778,48,0.010124446319341911,3,0.0006327778949588694,36,0.007593334739506433,4741,1.0,ORIGEN,SECCION,SOLO_COALICIONES
836,26,SONORA,HERMOSILLO,,10,345,3188,1562,0.48996235884567124,0.5100376411543288,PT_PVEM_MORENA_NAS,761,0.4871959026888604,110,0.07042253521126761,PAN_PRI_PRD,651,0.4167733674775928,598,0.382842509603073,MC,53,0.03393085787451985,PT_PVEM_MORENA_NAS,761,0.4871959026888604,110,0.07042253521126761,PAN_PRI_PRD,651,0.4167733674775928,598,0.382842509603073,MC,53,0.03393085787451985,651,0.4167733674775928,761,0.4871959026888604,53,0.03393085787451985,9,0.005761843790012804,18,0.011523687580025609,34,0.02176696542893726,2,0.0012804097311139564,34,0.02176696542893726,1562,1.0,ORIGEN,SECCION,SOLO_COALICIONES
837,26,SONORA,HERMOSILLO,,10,346,1062,425,0.4001883239171375,0.5998116760828625,PT_PVEM_MORENA_NAS,292,0.6870588235294117,191,0.44941176470588234,PAN_PRI_PRD,101,0.2376470588235294,87,0.20470588235294118,MC,14,0.03294117647058824,PT_PVEM_MORENA_NAS,292,0.6870588235294117,191,0.44941176470588234,PAN_PRI_PRD,101,0.2376470588235294,87,0.20470588235294118,MC,14,0.03294117647058824,101,0.2376470588235294,292,0.6870588235294117,14,0.03294117647058824,4,0.009411764705882352,3,0.007058823529411765,3,0.007058823529411765,0,0.0,8,0.018823529411764704,425,1.0,ORIGEN,SECCION,SOLO_COALICIONES
838,26,SONORA,HERMOSILLO,,10,347,2219,855,0.38530869761153674,0.6146913023884633,PT_PVEM_MORENA_NAS,530,0.6198830409356725,272,0.31812865497076026,PAN_PRI_PRD,258,0.3017543859649123,236,0.2760233918128655,MC,22,0.025730994152046785,PT_PVEM_MORENA_NAS,530,0.6198830409356725,272,0.31812865497076026,PAN_PRI_PRD,258,0.3017543859649123,236,0.2760233918128655,MC,22,0.025730994152046785,258,0.3017543859649123,530,0.6198830409356725,22,0.025730994152046785,10,0.011695906432748537,6,0.007017543859649123,14,0.016374269005847954,0,0.0,15,0.017543859649122806,855,1.0,ORIGEN,SECCION,SOLO_COALICIONES
839,26,SONORA,HERMOSILLO,,10,348,1235,447,0.36194331983805667,0.6380566801619434,PT_PVEM_MORENA_NAS,277,0.6196868008948546,154,0.34451901565995524,PAN_PRI_PRD,123,0.2751677852348993,105,0.2348993288590604,MC,18,0.040268456375838924,PT_PVEM_MORENA_NAS,277,0.6196868008948546,154,0.34451901565995524,PAN_PRI_PRD,123,0.2751677852348993,105,0.2348993288590604,MC,18,0.040268456375838924,123,0.2751677852348993,277,0.6196868008948546,18,0.040268456375838924,2,0.0044742729306487695,5,0.011185682326621925,8,0.017897091722595078,0,0.0,14,0.03131991051454139,447,1.0,ORIGEN,SECCION,SOLO_COALICIONES
840,26,SONORA,HERMOSILLO,,10,349,972,341,0.3508230452674897,0.6491769547325104,PT_PVEM_MORENA_NAS,226,0.6627565982404692,147,0.4310850439882698,PAN_PRI_PRD,79,0.2316715542521994,65,0.1906158357771261,MC,14,0.04105571847507331,PT_PVEM_MORENA_NAS,226,0.6627565982404692,147,0.4310850439882698,PAN_PRI_PRD,79,0.2316715542521994,65,0.1906158357771261,MC,14,0.04105571847507331,79,0.2316715542521994,226,0.6627565982404692,14,0.04105571847507331,2,0.005865102639296188,4,0.011730205278592375,7,0.020527859237536656,0,0.0,9,0.026392961876832845,341,1.0,ORIGEN,SECCION,SOLO_COALICIONES
841,26,SONORA,HERMOSILLO,,10,350,2240,779,0.34776785714285713,0.6522321428571429,PT_PVEM_MORENA_NAS,443,0.5686777920410783,220,0.28241335044929394,PAN_PRI_PRD,223,0.2862644415917843,164,0.21052631578947367,MC,59,0.07573812580231065,PT_PVEM_MORENA_NAS,443,0.5686777920410783,220,0.28241335044929394,PAN_PRI_PRD,223,0.2862644415917843,164,0.21052631578947367,MC,59,0.07573812580231065,223,0.2862644415917843,443,0.5686777920410783,59,0.07573812580231065,10,0.012836970474967908,6,0.007702182284980745,12,0.01540436456996149,1,0.0012836970474967907,25,0.03209242618741977,779,1.0,ORIGEN,SECCION,SOLO_COALICIONES
842,26,SONORA,HERMOSILLO,,10,354,1243,461,0.37087691069991957,0.6291230893000804,PT_PVEM_MORENA_NAS,323,0.7006507592190889,226,0.49023861171366595,PAN_PRI_PRD,97,0.210412147505423,78,0.16919739696312364,MC,19,0.04121475054229935,PT_PVEM_MORENA_NAS,323,0.7006507592190889,226,0.49023861171366595,PAN_PRI_PRD,97,0.210412147505423,78,0.16919739696312364,MC,19,0.04121475054229935,97,0.210412147505423,323,0.7006507592190889,19,0.04121475054229935,4,0.008676789587852495,3,0.006507592190889371,4,0.008676789587852495,0,0.0,11,0.02386117136659436,461,1.0,ORIGEN,SECCION,SOLO_COALICIONES
843,26,SONORA,HERMOSILLO,,10,355,1290,634,0.49147286821705427,0.5085271317829457,PT_PVEM_MORENA_NAS,358,0.5646687697160884,147,0.23186119873817035,PAN_PRI_PRD,211,0.33280757097791797,186,0.29337539432176657,MC,25,0.03943217665615142,PT_PVEM_MORENA_NAS,358,0.5646687697160884,147,0.23186119873817035,PAN_PRI_PRD,211,0.33280757097791797,186,0.29337539432176657,MC,25,0.03943217665615142,211,0.33280757097791797,358,0.5646687697160884,25,0.03943217665615142,9,0.014195583596214511,8,0.012618296529968454,13,0.02050473186119874,0,0.0,10,0.015772870662460567,634,1.0,ORIGEN,SECCION,SOLO_COALICIONES
844,26,SONORA,HERMOSILLO,,10,356,1178,508,0.4312393887945671,0.5687606112054329,PT_PVEM_MORENA_NAS,277,0.5452755905511811,82,0.16141732283464566,PAN_PRI_PRD,195,0.3838582677165354,177,0.3484251968503937,MC,18,0.03543307086614173,PT_PVEM_MORENA_NAS,277,0.5452755905511811,82,0.16141732283464566,PAN_PRI_PRD,195,0.3838582677165354,177,0.3484251968503937,MC,18,0.03543307086614173,195,0.3838582677165354,277,0.5452755905511811,18,0.03543307086614173,1,0.001968503937007874,5,0.00984251968503937,4,0.007874015748031496,2,0.003937007874015748,6,0.011811023622047244,508,1.0,ORIGEN,SECCION,SOLO_COALICIONES
845,26,SONORA,HERMOSILLO,,10,357,1684,667,0.39608076009501186,0.6039192399049882,PT_PVEM_MORENA_NAS,382,0.5727136431784108,152,0.22788605697151423,PAN_PRI_PRD,230,0.3448275862068966,210,0.3148425787106447,MC,20,0.029985007496251874,PT_PVEM_MORENA_NAS,382,0.5727136431784108,152,0.22788605697151423,PAN_PRI_PRD,230,0.3448275862068966,210,0.3148425787106447,MC,20,0.029985007496251874,230,0.3448275862068966,382,0.5727136431784108,20,0.029985007496251874,8,0.01199400299850075,3,0.004497751124437781,6,0.008995502248875561,0,0.0,18,0.026986506746626688,667,1.0,ORIGEN,SECCION,SOLO_COALICIONES
846,26,SONORA,HERMOSILLO,,10,358,1583,652,0.4118761844598863,0.5881238155401137,PT_PVEM_MORENA_NAS,431,0.661042944785276,252,0.38650306748466257,PAN_PRI_PRD,179,0.2745398773006135,157,0.24079754601226994,MC,22,0.03374233128834356,PT_PVEM_MORENA_NAS,431,0.661042944785276,252,0.38650306748466257,PAN_PRI_PRD,179,0.2745398773006135,157,0.24079754601226994,MC,22,0.03374233128834356,179,0.2745398773006135,431,0.661042944785276,22,0.03374233128834356,3,0.004601226993865031,1,0.0015337423312883436,4,0.006134969325153374,1,0.0015337423312883436,11,0.01687116564417178,652,1.0,ORIGEN,SECCION,SOLO_COALICIONES
847,26,SONORA,HERMOSILLO,,10,359,4471,2696,0.6029970923730709,0.39700290762692914,PAN_PRI_PRD,1749,0.6487388724035609,944,0.35014836795252224,PT_PVEM_MORENA_NAS,805,0.2985905044510386,744,0.27596439169139464,MC,61,0.022626112759643918,PAN_PRI_PRD,1749,0.6487388724035609,944,0.35014836795252224,PT_PVEM_MORENA_NAS,805,0.2985905044510386,744,0.27596439169139464,MC,61,0.022626112759643918,1749,0.6487388724035609,805,0.2985905044510386,61,0.022626112759643918,13,0.004821958456973294,3,0.001112759643916914,30,0.01112759643916914,7,0.0025964391691394658,28,0.010385756676557863,2696,1.0,ORIGEN,SECCION,SOLO_COALICIONES
848,26,SONORA,HERMOSILLO,,10,360,1939,944,0.48684889118102115,0.5131511088189789,PT_PVEM_MORENA_NAS,470,0.4978813559322034,62,0.06567796610169492,PAN_PRI_PRD,408,0.4322033898305085,384,0.4067796610169492,MC,24,0.025423728813559324,PT_PVEM_MORENA_NAS,470,0.4978813559322034,62,0.06567796610169492,PAN_PRI_PRD,408,0.4322033898305085,384,0.4067796610169492,MC,24,0.025423728813559324,408,0.4322033898305085,470,0.4978813559322034,24,0.025423728813559324,6,0.006355932203389831,4,0.00423728813559322,17,0.018008474576271187,0,0.0,15,0.015889830508474576,944,1.0,ORIGEN,SECCION,SOLO_COALICIONES
849,26,SONORA,HERMOSILLO,,10,361,987,447,0.45288753799392095,0.547112462006079,PT_PVEM_MORENA_NAS,255,0.5704697986577181,103,0.23042505592841164,PAN_PRI_PRD,152,0.3400447427293065,138,0.3087248322147651,MC,14,0.03131991051454139,PT_PVEM_MORENA_NAS,255,0.5704697986577181,103,0.23042505592841164,PAN_PRI_PRD,152,0.3400447427293065,138,0.3087248322147651,MC,14,0.03131991051454139,152,0.3400447427293065,255,0.5704697986577181,14,0.03131991051454139,5,0.011185682326621925,3,0.006711409395973154,8,0.017897091722595078,1,0.0022371364653243847,9,0.020134228187919462,447,1.0,ORIGEN,SECCION,SOLO_COALICIONES
850,26,SONORA,HERMOSILLO,,10,362,1425,585,0.4105263157894737,0.5894736842105264,PT_PVEM_MORENA_NAS,353,0.6034188034188034,170,0.2905982905982906,PAN_PRI_PRD,183,0.3128205128205128,170,0.2905982905982906,MC,13,0.022222222222222223,PT_PVEM_MORENA_NAS,353,0.6034188034188034,170,0.2905982905982906,PAN_PRI_PRD,183,0.3128205128205128,170,0.2905982905982906,MC,13,0.022222222222222223,183,0.3128205128205128,353,0.6034188034188034,13,0.022222222222222223,7,0.011965811965811967,3,0.005128205128205128,9,0.015384615384615385,0,0.0,17,0.02905982905982906,585,1.0,ORIGEN,SECCION,SOLO_COALICIONES
851,26,SONORA,HERMOSILLO,,10,363,692,315,0.4552023121387283,0.5447976878612717,PT_PVEM_MORENA_NAS,166,0.526984126984127,38,0.12063492063492064,PAN_PRI_PRD,128,0.40634920634920635,119,0.37777777777777777,MC,9,0.02857142857142857,PT_PVEM_MORENA_NAS,166,0.526984126984127,38,0.12063492063492064,PAN_PRI_PRD,128,0.40634920634920635,119,0.37777777777777777,MC,9,0.02857142857142857,128,0.40634920634920635,166,0.526984126984127,9,0.02857142857142857,2,0.006349206349206349,2,0.006349206349206349,5,0.015873015873015872,1,0.0031746031746031746,2,0.006349206349206349,315,1.0,ORIGEN,SECCION,SOLO_COALICIONES
852,26,SONORA,HERMOSILLO,,10,364,1235,616,0.4987854251012146,0.5012145748987854,PT_PVEM_MORENA_NAS,347,0.5633116883116883,134,0.21753246753246752,PAN_PRI_PRD,213,0.3457792207792208,193,0.3133116883116883,MC,20,0.032467532467532464,PT_PVEM_MORENA_NAS,347,0.5633116883116883,134,0.21753246753246752,PAN_PRI_PRD,213,0.3457792207792208,193,0.3133116883116883,MC,20,0.032467532467532464,213,0.3457792207792208,347,0.5633116883116883,20,0.032467532467532464,7,0.011363636363636364,4,0.006493506493506494,13,0.021103896103896104,0,0.0,12,0.01948051948051948,616,1.0,ORIGEN,SECCION,SOLO_COALICIONES
853,26,SONORA,HERMOSILLO,,10,365,1586,651,0.4104665825977301,0.5895334174022699,PT_PVEM_MORENA_NAS,421,0.6466973886328725,253,0.38863287250384027,PAN_PRI_PRD,168,0.25806451612903225,143,0.2196620583717358,MC,25,0.03840245775729647,PT_PVEM_MORENA_NAS,421,0.6466973886328725,253,0.38863287250384027,PAN_PRI_PRD,168,0.25806451612903225,143,0.2196620583717358,MC,25,0.03840245775729647,168,0.25806451612903225,421,0.6466973886328725,25,0.03840245775729647,6,0.009216589861751152,2,0.0030721966205837174,8,0.01228878648233487,1,0.0015360983102918587,20,0.030721966205837174,651,1.0,ORIGEN,SECCION,SOLO_COALICIONES
854,26,SONORA,HERMOSILLO,,10,368,854,533,0.6241217798594848,0.3758782201405152,PT_PVEM_MORENA_NAS,263,0.49343339587242024,52,0.0975609756097561,PAN_PRI_PRD,211,0.39587242026266417,186,0.34896810506566606,MC,25,0.04690431519699812,PT_PVEM_MORENA_NAS,263,0.49343339587242024,52,0.0975609756097561,PAN_PRI_PRD,211,0.39587242026266417,186,0.34896810506566606,MC,25,0.04690431519699812,211,0.39587242026266417,263,0.49343339587242024,25,0.04690431519699812,8,0.0150093808630394,4,0.0075046904315197,9,0.016885553470919325,0,0.0,13,0.024390243902439025,533,1.0,ORIGEN,SECCION,SOLO_COALICIONES
855,26,SONORA,HERMOSILLO,,10,369,1350,641,0.4748148148148148,0.5251851851851852,PT_PVEM_MORENA_NAS,299,0.4664586583463339,41,0.06396255850234009,PAN_PRI_PRD,258,0.40249609984399376,217,0.33853354134165364,MC,41,0.06396255850234009,PT_PVEM_MORENA_NAS,299,0.4664586583463339,41,0.06396255850234009,PAN_PRI_PRD,258,0.40249609984399376,217,0.33853354134165364,MC,41,0.06396255850234009,258,0.40249609984399376,299,0.4664586583463339,41,0.06396255850234009,9,0.014040561622464899,3,0.0046801872074883,11,0.0171606864274571,1,0.0015600624024961,19,0.029641185647425898,641,1.0,ORIGEN,SECCION,SOLO_COALICIONES
856,26,SONORA,HERMOSILLO,,10,370,1332,567,0.42567567567567566,0.5743243243243243,PT_PVEM_MORENA_NAS,306,0.5396825396825397,78,0.13756613756613756,PAN_PRI_PRD,228,0.4021164021164021,219,0.3862433862433862,MC,9,0.015873015873015872,PT_PVEM_MORENA_NAS,306,0.5396825396825397,78,0.13756613756613756,PAN_PRI_PRD,228,0.4021164021164021,219,0.3862433862433862,MC,9,0.015873015873015872,228,0.4021164021164021,306,0.5396825396825397,9,0.015873015873015872,4,0.007054673721340388,1,0.001763668430335097,9,0.015873015873015872,1,0.001763668430335097,9,0.015873015873015872,567,1.0,ORIGEN,SECCION,SOLO_COALICIONES
857,26,SONORA,HERMOSILLO,,10,371,983,446,0.4537131230925738,0.5462868769074263,PT_PVEM_MORENA_NAS,263,0.5896860986547086,119,0.26681614349775784,PAN_PRI_PRD,144,0.32286995515695066,131,0.2937219730941704,FxM,13,0.02914798206278027,PT_PVEM_MORENA_NAS,263,0.5896860986547086,119,0.26681614349775784,PAN_PRI_PRD,144,0.32286995515695066,131,0.2937219730941704,FxM,13,0.02914798206278027,144,0.32286995515695066,263,0.5896860986547086,10,0.02242152466367713,1,0.002242152466367713,5,0.011210762331838564,13,0.02914798206278027,0,0.0,10,0.02242152466367713,446,1.0,ORIGEN,SECCION,SOLO_COALICIONES
858,26,SONORA,HERMOSILLO,,10,372,1177,554,0.47068819031435855,0.5293118096856415,PT_PVEM_MORENA_NAS,328,0.592057761732852,151,0.27256317689530685,PAN_PRI_PRD,177,0.3194945848375451,158,0.2851985559566787,MC,19,0.03429602888086643,PT_PVEM_MORENA_NAS,328,0.592057761732852,151,0.27256317689530685,PAN_PRI_PRD,177,0.3194945848375451,158,0.2851985559566787,MC,19,0.03429602888086643,177,0.3194945848375451,328,0.592057761732852,19,0.03429602888086643,7,0.01263537906137184,4,0.007220216606498195,7,0.01263537906137184,2,0.0036101083032490976,10,0.018050541516245487,554,1.0,ORIGEN,SECCION,SOLO_COALICIONES
859,26,SONORA,HERMOSILLO,,10,373,1452,645,0.44421487603305787,0.5557851239669421,PT_PVEM_MORENA_NAS,362,0.5612403100775194,149,0.2310077519379845,PAN_PRI_PRD,213,0.3302325581395349,183,0.2837209302325581,MC,30,0.046511627906976744,PT_PVEM_MORENA_NAS,362,0.5612403100775194,149,0.2310077519379845,PAN_PRI_PRD,213,0.3302325581395349,183,0.2837209302325581,MC,30,0.046511627906976744,213,0.3302325581395349,362,0.5612403100775194,30,0.046511627906976744,7,0.010852713178294573,4,0.006201550387596899,15,0.023255813953488372,1,0.0015503875968992248,13,0.020155038759689922,645,1.0,ORIGEN,SECCION,SOLO_COALICIONES
860,26,SONORA,HERMOSILLO,,10,378,1372,668,0.4868804664723032,0.5131195335276968,PT_PVEM_MORENA_NAS,326,0.4880239520958084,44,0.0658682634730539,PAN_PRI_PRD,282,0.4221556886227545,261,0.3907185628742515,MC,21,0.03143712574850299,PT_PVEM_MORENA_NAS,326,0.4880239520958084,44,0.0658682634730539,PAN_PRI_PRD,282,0.4221556886227545,261,0.3907185628742515,MC,21,0.03143712574850299,282,0.4221556886227545,326,0.4880239520958084,21,0.03143712574850299,4,0.005988023952095809,8,0.011976047904191617,12,0.017964071856287425,1,0.0014970059880239522,14,0.020958083832335328,668,1.0,ORIGEN,SECCION,SOLO_COALICIONES
861,26,SONORA,HERMOSILLO,,10,379,1288,480,0.37267080745341613,0.6273291925465838,PT_PVEM_MORENA_NAS,256,0.5333333333333333,91,0.18958333333333333,PAN_PRI_PRD,165,0.34375,153,0.31875,FxM,12,0.025,PT_PVEM_MORENA_NAS,256,0.5333333333333333,91,0.18958333333333333,PAN_PRI_PRD,165,0.34375,153,0.31875,FxM,12,0.025,165,0.34375,256,0.5333333333333333,4,0.008333333333333333,6,0.0125,6,0.0125,12,0.025,10,0.020833333333333332,21,0.04375,480,1.0,ORIGEN,SECCION,SOLO_COALICIONES
862,26,SONORA,HERMOSILLO,,10,380,1418,797,0.5620592383638928,0.4379407616361072,PAN_PRI_PRD,383,0.48055207026348806,31,0.03889585947302384,PT_PVEM_MORENA_NAS,352,0.44165621079046424,332,0.41656210790464243,MC,20,0.025094102885821833,PAN_PRI_PRD,383,0.48055207026348806,31,0.03889585947302384,PT_PVEM_MORENA_NAS,352,0.44165621079046424,332,0.41656210790464243,MC,20,0.025094102885821833,383,0.48055207026348806,352,0.44165621079046424,20,0.025094102885821833,5,0.006273525721455458,5,0.006273525721455458,18,0.02258469259723965,0,0.0,14,0.01756587202007528,797,1.0,ORIGEN,SECCION,SOLO_COALICIONES
863,26,SONORA,HERMOSILLO,,10,381,1125,519,0.4613333333333333,0.5386666666666666,PT_PVEM_MORENA_NAS,274,0.5279383429672447,72,0.13872832369942195,PAN_PRI_PRD,202,0.3892100192678227,185,0.35645472061657035,MC,17,0.03275529865125241,PT_PVEM_MORENA_NAS,274,0.5279383429672447,72,0.13872832369942195,PAN_PRI_PRD,202,0.3892100192678227,185,0.35645472061657035,MC,17,0.03275529865125241,202,0.3892100192678227,274,0.5279383429672447,17,0.03275529865125241,5,0.009633911368015413,4,0.007707129094412331,12,0.023121387283236993,0,0.0,5,0.009633911368015413,519,1.0,ORIGEN,SECCION,SOLO_COALICIONES
864,26,SONORA,HERMOSILLO,,10,382,1433,678,0.47313328681088623,0.5268667131891138,PT_PVEM_MORENA_NAS,384,0.5663716814159292,153,0.22566371681415928,PAN_PRI_PRD,231,0.3407079646017699,212,0.31268436578171094,MC,19,0.028023598820058997,PT_PVEM_MORENA_NAS,384,0.5663716814159292,153,0.22566371681415928,PAN_PRI_PRD,231,0.3407079646017699,212,0.31268436578171094,MC,19,0.028023598820058997,231,0.3407079646017699,384,0.5663716814159292,19,0.028023598820058997,5,0.007374631268436578,3,0.004424778761061947,14,0.02064896755162242,2,0.0029498525073746312,20,0.029498525073746312,678,1.0,ORIGEN,SECCION,SOLO_COALICIONES
865,26,SONORA,HERMOSILLO,,10,383,707,348,0.49222065063649223,0.5077793493635078,PT_PVEM_MORENA_NAS,199,0.5718390804597702,78,0.22413793103448276,PAN_PRI_PRD,121,0.34770114942528735,111,0.31896551724137934,MC,10,0.028735632183908046,PT_PVEM_MORENA_NAS,199,0.5718390804597702,78,0.22413793103448276,PAN_PRI_PRD,121,0.34770114942528735,111,0.31896551724137934,MC,10,0.028735632183908046,121,0.34770114942528735,199,0.5718390804597702,10,0.028735632183908046,5,0.014367816091954023,3,0.008620689655172414,5,0.014367816091954023,1,0.0028735632183908046,4,0.011494252873563218,348,1.0,ORIGEN,SECCION,SOLO_COALICIONES
866,26,SONORA,HERMOSILLO,,10,389,1203,626,0.5203657522859518,0.47963424771404817,PT_PVEM_MORENA_NAS,337,0.5383386581469649,93,0.1485623003194888,PAN_PRI_PRD,244,0.38977635782747605,223,0.3562300319488818,MC,21,0.03354632587859425,PT_PVEM_MORENA_NAS,337,0.5383386581469649,93,0.1485623003194888,PAN_PRI_PRD,244,0.38977635782747605,223,0.3562300319488818,MC,21,0.03354632587859425,244,0.38977635782747605,337,0.5383386581469649,21,0.03354632587859425,4,0.006389776357827476,2,0.003194888178913738,11,0.01757188498402556,1,0.001597444089456869,6,0.009584664536741214,626,1.0,ORIGEN,SECCION,SOLO_COALICIONES
867,26,SONORA,HERMOSILLO,,10,390,1761,884,0.5019875070982396,0.4980124929017604,PT_PVEM_MORENA_NAS,473,0.5350678733031674,144,0.16289592760180996,PAN_PRI_PRD,329,0.3721719457013575,304,0.3438914027149321,MC,25,0.02828054298642534,PT_PVEM_MORENA_NAS,473,0.5350678733031674,144,0.16289592760180996,PAN_PRI_PRD,329,0.3721719457013575,304,0.3438914027149321,MC,25,0.02828054298642534,329,0.3721719457013575,473,0.5350678733031674,25,0.02828054298642534,9,0.010180995475113122,6,0.006787330316742082,18,0.020361990950226245,1,0.0011312217194570137,23,0.026018099547511313,884,1.0,ORIGEN,SECCION,SOLO_COALICIONES
868,26,SONORA,HERMOSILLO,,11,571,12847,3967,0.30878804390129994,0.6912119560987,PT_PVEM_MORENA_NAS,2336,0.5888580791530124,1009,0.25434837408621125,PAN_PRI_PRD,1327,0.3345097050668011,1227,0.3093017393496345,MC,100,0.025207965717166624,PT_PVEM_MORENA_NAS,2336,0.5888580791530124,1009,0.25434837408621125,PAN_PRI_PRD,1327,0.3345097050668011,1227,0.3093017393496345,MC,100,0.025207965717166624,1327,0.3345097050668011,2336,0.5888580791530124,100,0.025207965717166624,38,0.009579026972523318,28,0.007058230400806655,64,0.01613309805898664,3,0.0007562389715149988,71,0.017897655659188303,3967,1.0,ORIGEN,SECCION,SOLO_COALICIONES
869,26,SONORA,HERMOSILLO,,11,573,798,350,0.43859649122807015,0.5614035087719298,PT_PVEM_MORENA_NAS,200,0.5714285714285714,85,0.24285714285714285,PAN_PRI_PRD,115,0.32857142857142857,103,0.29428571428571426,MC,12,0.03428571428571429,PT_PVEM_MORENA_NAS,200,0.5714285714285714,85,0.24285714285714285,PAN_PRI_PRD,115,0.32857142857142857,103,0.29428571428571426,MC,12,0.03428571428571429,115,0.32857142857142857,200,0.5714285714285714,12,0.03428571428571429,7,0.02,4,0.011428571428571429,7,0.02,0,0.0,5,0.014285714285714285,350,1.0,ORIGEN,SECCION,SOLO_COALICIONES
870,26,SONORA,HERMOSILLO,,11,574,999,511,0.5115115115115115,0.48848848848848847,PT_PVEM_MORENA_NAS,283,0.5538160469667319,76,0.1487279843444227,PAN_PRI_PRD,207,0.4050880626223092,200,0.3913894324853229,FxM,7,0.0136986301369863,PT_PVEM_MORENA_NAS,283,0.5538160469667319,76,0.1487279843444227,PAN_PRI_PRD,207,0.4050880626223092,200,0.3913894324853229,FxM,7,0.0136986301369863,207,0.4050880626223092,283,0.5538160469667319,4,0.007827788649706457,1,0.0019569471624266144,2,0.003913894324853229,7,0.0136986301369863,1,0.0019569471624266144,6,0.011741682974559686,511,1.0,ORIGEN,SECCION,SOLO_COALICIONES
871,26,SONORA,HERMOSILLO,,11,575,1570,791,0.5038216560509554,0.4961783439490446,PT_PVEM_MORENA_NAS,427,0.5398230088495575,126,0.1592920353982301,PAN_PRI_PRD,301,0.3805309734513274,282,0.35651074589127685,MC,19,0.02402022756005057,PT_PVEM_MORENA_NAS,427,0.5398230088495575,126,0.1592920353982301,PAN_PRI_PRD,301,0.3805309734513274,282,0.35651074589127685,MC,19,0.02402022756005057,301,0.3805309734513274,427,0.5398230088495575,19,0.02402022756005057,4,0.0050568900126422255,10,0.012642225031605562,13,0.01643489254108723,0,0.0,17,0.021491782553729456,791,1.0,ORIGEN,SECCION,SOLO_COALICIONES
872,26,SONORA,HERMOSILLO,,11,576,978,500,0.5112474437627812,0.4887525562372188,PT_PVEM_MORENA_NAS,240,0.48,20,0.04,PAN_PRI_PRD,220,0.44,207,0.414,MC,13,0.026,PT_PVEM_MORENA_NAS,240,0.48,20,0.04,PAN_PRI_PRD,220,0.44,207,0.414,MC,13,0.026,220,0.44,240,0.48,13,0.026,2,0.004,1,0.002,12,0.024,2,0.004,10,0.02,500,1.0,ORIGEN,SECCION,SOLO_COALICIONES
873,26,SONORA,HERMOSILLO,,11,577,3011,615,0.20425107937562273,0.7957489206243773,PT_PVEM_MORENA_NAS,385,0.6260162601626016,205,0.3333333333333333,PAN_PRI_PRD,180,0.2926829268292683,164,0.26666666666666666,MC,16,0.026016260162601626,PT_PVEM_MORENA_NAS,385,0.6260162601626016,205,0.3333333333333333,PAN_PRI_PRD,180,0.2926829268292683,164,0.26666666666666666,MC,16,0.026016260162601626,180,0.2926829268292683,385,0.6260162601626016,16,0.026016260162601626,9,0.014634146341463415,3,0.004878048780487805,5,0.008130081300813009,1,0.0016260162601626016,16,0.026016260162601626,615,1.0,ORIGEN,SECCION,SOLO_COALICIONES
874,26,SONORA,HERMOSILLO,,11,578,832,434,0.5216346153846154,0.4783653846153846,PT_PVEM_MORENA_NAS,277,0.6382488479262672,146,0.33640552995391704,PAN_PRI_PRD,131,0.30184331797235026,123,0.2834101382488479,FxM,8,0.018433179723502304,PT_PVEM_MORENA_NAS,277,0.6382488479262672,146,0.33640552995391704,PAN_PRI_PRD,131,0.30184331797235026,123,0.2834101382488479,FxM,8,0.018433179723502304,131,0.30184331797235026,277,0.6382488479262672,6,0.013824884792626729,0,0.0,2,0.004608294930875576,8,0.018433179723502304,0,0.0,10,0.02304147465437788,434,1.0,ORIGEN,SECCION,SOLO_COALICIONES
875,26,SONORA,HERMOSILLO,,11,579,1409,720,0.511000709723208,0.488999290276792,PT_PVEM_MORENA_NAS,367,0.5097222222222222,66,0.09166666666666666,PAN_PRI_PRD,301,0.41805555555555557,285,0.3958333333333333,FxM,16,0.022222222222222223,PT_PVEM_MORENA_NAS,367,0.5097222222222222,66,0.09166666666666666,PAN_PRI_PRD,301,0.41805555555555557,285,0.3958333333333333,FxM,16,0.022222222222222223,301,0.41805555555555557,367,0.5097222222222222,11,0.015277777777777777,7,0.009722222222222222,2,0.002777777777777778,16,0.022222222222222223,1,0.001388888888888889,15,0.020833333333333332,720,1.0,ORIGEN,SECCION,SOLO_COALICIONES
876,26,SONORA,HERMOSILLO,,11,588,300,153,0.51,0.49,PT_PVEM_MORENA_NAS,107,0.6993464052287581,67,0.43790849673202614,PAN_PRI_PRD,40,0.26143790849673204,38,0.24836601307189543,MC,2,0.013071895424836602,PT_PVEM_MORENA_NAS,107,0.6993464052287581,67,0.43790849673202614,PAN_PRI_PRD,40,0.26143790849673204,38,0.24836601307189543,MC,2,0.013071895424836602,40,0.26143790849673204,107,0.6993464052287581,2,0.013071895424836602,2,0.013071895424836602,0,0.0,0,0.0,0,0.0,2,0.013071895424836602,153,1.0,ORIGEN,SECCION,SOLO_COALICIONES
877,26,SONORA,HERMOSILLO,,11,590,7285,5538,0.7601921757035004,0.2398078242964996,PAN_PRI_PRD,3305,0.5967858432647165,1377,0.24864572047670638,PT_PVEM_MORENA_NAS,1928,0.3481401227880101,1804,0.3257493680028891,MC,124,0.02239075478512098,PAN_PRI_PRD,3305,0.5967858432647165,1377,0.24864572047670638,PT_PVEM_MORENA_NAS,1928,0.3481401227880101,1804,0.3257493680028891,MC,124,0.02239075478512098,3305,0.5967858432647165,1928,0.3481401227880101,124,0.02239075478512098,21,0.003791982665222102,26,0.004694835680751174,67,0.012098230408089564,6,0.0010834236186348862,61,0.011014806789454677,5538,1.0,ORIGEN,SECCION,SOLO_COALICIONES
878,26,SONORA,HERMOSILLO,,11,591,258,41,0.15891472868217055,0.8410852713178294,PT_PVEM_MORENA_NAS,26,0.6341463414634146,16,0.3902439024390244,PAN_PRI_PRD,10,0.24390243902439024,7,0.17073170731707318,MC,3,0.07317073170731707,PT_PVEM_MORENA_NAS,26,0.6341463414634146,16,0.3902439024390244,PAN_PRI_PRD,10,0.24390243902439024,7,0.17073170731707318,MC,3,0.07317073170731707,10,0.24390243902439024,26,0.6341463414634146,3,0.07317073170731707,0,0.0,0,0.0,0,0.0,0,0.0,2,0.04878048780487805,41,1.0,ORIGEN,SECCION,SOLO_COALICIONES
879,26,SONORA,HERMOSILLO,,11,597,265,53,0.2,0.8,PT_PVEM_MORENA_NAS,26,0.49056603773584906,5,0.09433962264150944,PAN_PRI_PRD,21,0.39622641509433965,19,0.3584905660377358,MC,2,0.03773584905660377,PT_PVEM_MORENA_NAS,26,0.49056603773584906,5,0.09433962264150944,PAN_PRI_PRD,21,0.39622641509433965,19,0.3584905660377358,MC,2,0.03773584905660377,21,0.39622641509433965,26,0.49056603773584906,2,0.03773584905660377,0,0.0,1,0.018867924528301886,0,0.0,0,0.0,3,0.05660377358490566,53,1.0,ORIGEN,SECCION,SOLO_COALICIONES
880,26,SONORA,HERMOSILLO,,11,598,3820,2280,0.5968586387434555,0.40314136125654454,PT_PVEM_MORENA_NAS,1563,0.6855263157894737,968,0.4245614035087719,PAN_PRI_PRD,595,0.26096491228070173,564,0.24736842105263157,MC,31,0.013596491228070176,PT_PVEM_MORENA_NAS,1563,0.6855263157894737,968,0.4245614035087719,PAN_PRI_PRD,595,0.26096491228070173,564,0.24736842105263157,MC,31,0.013596491228070176,595,0.26096491228070173,1563,0.6855263157894737,31,0.013596491228070176,16,0.007017543859649123,11,0.004824561403508772,17,0.007456140350877193,1,0.0004385964912280702,46,0.02017543859649123,2280,1.0,ORIGEN,SECCION,SOLO_COALICIONES
881,26,SONORA,HERMOSILLO,,11,599,945,233,0.24656084656084656,0.7534391534391535,PT_PVEM_MORENA_NAS,112,0.48068669527896996,42,0.18025751072961374,PAN_PRI_PRD,70,0.30042918454935624,57,0.2446351931330472,MC,13,0.055793991416309016,PT_PVEM_MORENA_NAS,112,0.48068669527896996,42,0.18025751072961374,PAN_PRI_PRD,70,0.30042918454935624,57,0.2446351931330472,MC,13,0.055793991416309016,70,0.30042918454935624,112,0.48068669527896996,13,0.055793991416309016,1,0.004291845493562232,4,0.017167381974248927,7,0.030042918454935622,1,0.004291845493562232,25,0.1072961373390558,233,1.0,ORIGEN,SECCION,SOLO_COALICIONES
882,26,SONORA,HERMOSILLO,,11,600,596,184,0.3087248322147651,0.6912751677852349,PT_PVEM_MORENA_NAS,123,0.6684782608695652,85,0.46195652173913043,PAN_PRI_PRD,38,0.20652173913043478,27,0.14673913043478262,MC,11,0.059782608695652176,PT_PVEM_MORENA_NAS,123,0.6684782608695652,85,0.46195652173913043,PAN_PRI_PRD,38,0.20652173913043478,27,0.14673913043478262,MC,11,0.059782608695652176,38,0.20652173913043478,123,0.6684782608695652,11,0.059782608695652176,1,0.005434782608695652,1,0.005434782608695652,3,0.016304347826086956,0,0.0,7,0.03804347826086957,184,1.0,ORIGEN,SECCION,SOLO_COALICIONES
883,26,SONORA,HERMOSILLO,,11,601,11319,2741,0.2421592013428748,0.7578407986571252,PT_PVEM_MORENA_NAS,1413,0.5155052900401313,470,0.17147026632615833,PAN_PRI_PRD,943,0.344035023713973,796,0.2904049616928128,MC,147,0.05363006202116016,PT_PVEM_MORENA_NAS,1413,0.5155052900401313,470,0.17147026632615833,PAN_PRI_PRD,943,0.344035023713973,796,0.2904049616928128,MC,147,0.05363006202116016,943,0.344035023713973,1413,0.5155052900401313,147,0.05363006202116016,51,0.018606348048157608,46,0.01678219627873039,23,0.008391098139365194,4,0.001459321415541773,114,0.04159066034294053,2741,1.0,ORIGEN,SECCION,SOLO_COALICIONES
884,26,SONORA,HERMOSILLO,,11,602,1715,529,0.30845481049562684,0.6915451895043732,PT_PVEM_MORENA_NAS,304,0.5746691871455577,142,0.2684310018903592,PAN_PRI_PRD,162,0.30623818525519847,136,0.2570888468809074,MC,26,0.04914933837429111,PT_PVEM_MORENA_NAS,304,0.5746691871455577,142,0.2684310018903592,PAN_PRI_PRD,162,0.30623818525519847,136,0.2570888468809074,MC,26,0.04914933837429111,162,0.30623818525519847,304,0.5746691871455577,26,0.04914933837429111,6,0.011342155009451797,6,0.011342155009451797,6,0.011342155009451797,0,0.0,19,0.035916824196597356,529,1.0,ORIGEN,SECCION,SOLO_COALICIONES
885,26,SONORA,HERMOSILLO,,11,603,2329,790,0.339201373980249,0.6607986260197509,PT_PVEM_MORENA_NAS,434,0.549367088607595,171,0.21645569620253163,PAN_PRI_PRD,263,0.3329113924050633,224,0.28354430379746837,MC,39,0.049367088607594936,PT_PVEM_MORENA_NAS,434,0.549367088607595,171,0.21645569620253163,PAN_PRI_PRD,263,0.3329113924050633,224,0.28354430379746837,MC,39,0.049367088607594936,263,0.3329113924050633,434,0.549367088607595,39,0.049367088607594936,8,0.010126582278481013,10,0.012658227848101266,5,0.006329113924050633,2,0.002531645569620253,29,0.03670886075949367,790,1.0,ORIGEN,SECCION,SOLO_COALICIONES
886,26,SONORA,HERMOSILLO,,11,604,2716,798,0.29381443298969073,0.7061855670103092,PT_PVEM_MORENA_NAS,398,0.49874686716791977,96,0.12030075187969924,PAN_PRI_PRD,302,0.37844611528822053,261,0.32706766917293234,MC,41,0.05137844611528822,PT_PVEM_MORENA_NAS,398,0.49874686716791977,96,0.12030075187969924,PAN_PRI_PRD,302,0.37844611528822053,261,0.32706766917293234,MC,41,0.05137844611528822,302,0.37844611528822053,398,0.49874686716791977,41,0.05137844611528822,8,0.010025062656641603,9,0.011278195488721804,5,0.006265664160401002,0,0.0,35,0.043859649122807015,798,1.0,ORIGEN,SECCION,SOLO_COALICIONES
887,26,SONORA,HERMOSILLO,,11,605,4884,1262,0.2583947583947584,0.7416052416052417,PT_PVEM_MORENA_NAS,736,0.5832012678288431,393,0.3114104595879556,PAN_PRI_PRD,343,0.27179080824088747,265,0.20998415213946117,MC,78,0.061806656101426306,PT_PVEM_MORENA_NAS,736,0.5832012678288431,393,0.3114104595879556,PAN_PRI_PRD,343,0.27179080824088747,265,0.20998415213946117,MC,78,0.061806656101426306,343,0.27179080824088747,736,0.5832012678288431,78,0.061806656101426306,11,0.008716323296354992,17,0.01347068145800317,15,0.011885895404120444,2,0.001584786053882726,60,0.04754358161648178,1262,1.0,ORIGEN,SECCION,SOLO_COALICIONES
888,26,SONORA,HERMOSILLO,,11,606,699,211,0.30185979971387694,0.698140200286123,PT_PVEM_MORENA_NAS,133,0.6303317535545023,86,0.4075829383886256,PAN_PRI_PRD,47,0.22274881516587677,39,0.1848341232227488,MC,8,0.037914691943127965,PT_PVEM_MORENA_NAS,133,0.6303317535545023,86,0.4075829383886256,PAN_PRI_PRD,47,0.22274881516587677,39,0.1848341232227488,MC,8,0.037914691943127965,47,0.22274881516587677,133,0.6303317535545023,8,0.037914691943127965,5,0.023696682464454975,3,0.014218009478672985,6,0.02843601895734597,0,0.0,9,0.04265402843601896,211,1.0,ORIGEN,SECCION,SOLO_COALICIONES
889,26,SONORA,HERMOSILLO,,11,609,514,186,0.36186770428015563,0.6381322957198443,PT_PVEM_MORENA_NAS,102,0.5483870967741935,51,0.27419354838709675,PAN_PRI_PRD,51,0.27419354838709675,39,0.20967741935483872,MC,12,0.06451612903225806,PT_PVEM_MORENA_NAS,102,0.5483870967741935,51,0.27419354838709675,PAN_PRI_PRD,51,0.27419354838709675,39,0.20967741935483872,MC,12,0.06451612903225806,51,0.27419354838709675,102,0.5483870967741935,12,0.06451612903225806,3,0.016129032258064516,3,0.016129032258064516,2,0.010752688172043012,0,0.0,13,0.06989247311827956,186,1.0,ORIGEN,SECCION,SOLO_COALICIONES
890,26,SONORA,HERMOSILLO,,11,610,218,43,0.19724770642201836,0.8027522935779816,PT_PVEM_MORENA_NAS,28,0.6511627906976745,18,0.4186046511627907,PAN_PRI_PRD,10,0.23255813953488372,7,0.16279069767441862,MC,3,0.06976744186046512,PT_PVEM_MORENA_NAS,28,0.6511627906976745,18,0.4186046511627907,PAN_PRI_PRD,10,0.23255813953488372,7,0.16279069767441862,MC,3,0.06976744186046512,10,0.23255813953488372,28,0.6511627906976745,3,0.06976744186046512,2,0.046511627906976744,0,0.0,0,0.0,0,0.0,0,0.0,43,1.0,ORIGEN,SECCION,SOLO_COALICIONES
891,26,SONORA,HERMOSILLO,,11,611,202,38,0.18811881188118812,0.8118811881188119,PT_PVEM_MORENA_NAS,21,0.5526315789473685,14,0.3684210526315789,PAN_PRI_PRD,7,0.18421052631578946,4,0.10526315789473684,PES,3,0.07894736842105263,PT_PVEM_MORENA_NAS,21,0.5526315789473685,14,0.3684210526315789,PAN_PRI_PRD,7,0.18421052631578946,4,0.10526315789473684,PES,3,0.07894736842105263,7,0.18421052631578946,21,0.5526315789473685,2,0.05263157894736842,3,0.07894736842105263,0,0.0,2,0.05263157894736842,0,0.0,3,0.07894736842105263,38,1.0,ORIGEN,SECCION,SOLO_COALICIONES
892,26,SONORA,HERMOSILLO,,11,614,398,142,0.35678391959798994,0.6432160804020101,PT_PVEM_MORENA_NAS,103,0.7253521126760564,82,0.5774647887323944,PAN_PRI_PRD,21,0.14788732394366197,16,0.11267605633802817,MC,5,0.035211267605633804,PT_PVEM_MORENA_NAS,103,0.7253521126760564,82,0.5774647887323944,PAN_PRI_PRD,21,0.14788732394366197,16,0.11267605633802817,MC,5,0.035211267605633804,21,0.14788732394366197,103,0.7253521126760564,5,0.035211267605633804,3,0.02112676056338028,0,0.0,1,0.007042253521126761,0,0.0,9,0.06338028169014084,142,1.0,ORIGEN,SECCION,SOLO_COALICIONES
893,26,SONORA,HERMOSILLO,,11,615,576,215,0.3732638888888889,0.6267361111111112,PT_PVEM_MORENA_NAS,145,0.6744186046511628,109,0.5069767441860465,PAN_PRI_PRD,36,0.16744186046511628,18,0.08372093023255814,PES,18,0.08372093023255814,PT_PVEM_MORENA_NAS,145,0.6744186046511628,109,0.5069767441860465,PAN_PRI_PRD,36,0.16744186046511628,18,0.08372093023255814,PES,18,0.08372093023255814,36,0.16744186046511628,145,0.6744186046511628,7,0.03255813953488372,18,0.08372093023255814,4,0.018604651162790697,1,0.004651162790697674,0,0.0,4,0.018604651162790697,215,1.0,ORIGEN,SECCION,SOLO_COALICIONES
894,26,SONORA,HERMOSILLO,,11,616,630,155,0.24603174603174602,0.753968253968254,PT_PVEM_MORENA_NAS,76,0.49032258064516127,26,0.16774193548387098,PAN_PRI_PRD,50,0.3225806451612903,41,0.2645161290322581,MC,9,0.05806451612903226,PT_PVEM_MORENA_NAS,76,0.49032258064516127,26,0.16774193548387098,PAN_PRI_PRD,50,0.3225806451612903,41,0.2645161290322581,MC,9,0.05806451612903226,50,0.3225806451612903,76,0.49032258064516127,9,0.05806451612903226,3,0.01935483870967742,2,0.012903225806451613,6,0.03870967741935484,0,0.0,9,0.05806451612903226,155,1.0,ORIGEN,SECCION,SOLO_COALICIONES
895,26,SONORA,HERMOSILLO,,11,618,561,271,0.483065953654189,0.516934046345811,PT_PVEM_MORENA_NAS,241,0.8892988929889298,216,0.7970479704797048,PAN_PRI_PRD,25,0.09225092250922509,22,0.08118081180811808,PES,3,0.01107011070110701,PT_PVEM_MORENA_NAS,241,0.8892988929889298,216,0.7970479704797048,PAN_PRI_PRD,25,0.09225092250922509,22,0.08118081180811808,PES,3,0.01107011070110701,25,0.09225092250922509,241,0.8892988929889298,2,0.007380073800738007,3,0.01107011070110701,0,0.0,0,0.0,0,0.0,0,0.0,271,1.0,ORIGEN,SECCION,SOLO_COALICIONES
896,26,SONORA,HERMOSILLO,,11,1406,1899,307,0.1616640337019484,0.8383359662980516,PT_PVEM_MORENA_NAS,167,0.5439739413680782,63,0.20521172638436483,PAN_PRI_PRD,104,0.33876221498371334,90,0.2931596091205212,MC,14,0.04560260586319218,PT_PVEM_MORENA_NAS,167,0.5439739413680782,63,0.20521172638436483,PAN_PRI_PRD,104,0.33876221498371334,90,0.2931596091205212,MC,14,0.04560260586319218,104,0.33876221498371334,167,0.5439739413680782,14,0.04560260586319218,5,0.016286644951140065,1,0.003257328990228013,9,0.029315960912052116,0,0.0,7,0.02280130293159609,307,1.0,ORIGEN,SECCION,SOLO_COALICIONES
897,26,SONORA,HERMOSILLO,,11,1407,341,109,0.3196480938416422,0.6803519061583578,PT_PVEM_MORENA_NAS,61,0.5596330275229358,20,0.1834862385321101,PAN_PRI_PRD,41,0.3761467889908257,38,0.3486238532110092,MC,3,0.027522935779816515,PT_PVEM_MORENA_NAS,61,0.5596330275229358,20,0.1834862385321101,PAN_PRI_PRD,41,0.3761467889908257,38,0.3486238532110092,MC,3,0.027522935779816515,41,0.3761467889908257,61,0.5596330275229358,3,0.027522935779816515,1,0.009174311926605505,1,0.009174311926605505,1,0.009174311926605505,0,0.0,1,0.009174311926605505,109,1.0,ORIGEN,SECCION,SOLO_COALICIONES
898,26,SONORA,HERMOSILLO,,11,1442,3346,1406,0.4202032277346085,0.5797967722653915,PT_PVEM_MORENA_NAS,690,0.4907539118065434,65,0.04623044096728307,PAN_PRI_PRD,625,0.4445234708392603,598,0.42532005689900426,FxM,27,0.019203413940256046,PT_PVEM_MORENA_NAS,690,0.4907539118065434,65,0.04623044096728307,PAN_PRI_PRD,625,0.4445234708392603,598,0.42532005689900426,FxM,27,0.019203413940256046,625,0.4445234708392603,690,0.4907539118065434,24,0.017069701280227598,13,0.009246088193456615,12,0.008534850640113799,27,0.019203413940256046,1,0.0007112375533428165,14,0.00995732574679943,1406,1.0,ORIGEN,SECCION,SOLO_COALICIONES
899,26,SONORA,HERMOSILLO,,11,1443,2600,1059,0.4073076923076923,0.5926923076923076,PT_PVEM_MORENA_NAS,536,0.506137865911237,89,0.08404154863078375,PAN_PRI_PRD,447,0.42209631728045327,420,0.39660056657223797,MC,27,0.025495750708215296,PT_PVEM_MORENA_NAS,536,0.506137865911237,89,0.08404154863078375,PAN_PRI_PRD,447,0.42209631728045327,420,0.39660056657223797,MC,27,0.025495750708215296,447,0.42209631728045327,536,0.506137865911237,27,0.025495750708215296,8,0.007554296506137866,3,0.0028328611898017,17,0.016052880075542966,2,0.0018885741265344666,19,0.01794145420207743,1059,1.0,ORIGEN,SECCION,SOLO_COALICIONES
900,26,SONORA,HERMOSILLO,,11,1479,928,365,0.3933189655172414,0.6066810344827587,PT_PVEM_MORENA_NAS,197,0.5397260273972603,64,0.17534246575342466,PAN_PRI_PRD,133,0.3643835616438356,115,0.3150684931506849,MC,18,0.049315068493150684,PT_PVEM_MORENA_NAS,197,0.5397260273972603,64,0.17534246575342466,PAN_PRI_PRD,133,0.3643835616438356,115,0.3150684931506849,MC,18,0.049315068493150684,133,0.3643835616438356,197,0.5397260273972603,18,0.049315068493150684,6,0.01643835616438356,3,0.00821917808219178,5,0.0136986301369863,0,0.0,3,0.00821917808219178,365,1.0,ORIGEN,SECCION,SOLO_COALICIONES
901,26,SONORA,HERMOSILLO,,11,1481,718,286,0.3983286908077994,0.6016713091922006,PT_PVEM_MORENA_NAS,167,0.583916083916084,63,0.2202797202797203,PAN_PRI_PRD,104,0.36363636363636365,99,0.34615384615384615,MC,5,0.017482517482517484,PT_PVEM_MORENA_NAS,167,0.583916083916084,63,0.2202797202797203,PAN_PRI_PRD,104,0.36363636363636365,99,0.34615384615384615,MC,5,0.017482517482517484,104,0.36363636363636365,167,0.583916083916084,5,0.017482517482517484,2,0.006993006993006993,1,0.0034965034965034965,2,0.006993006993006993,0,0.0,5,0.017482517482517484,286,1.0,ORIGEN,SECCION,SOLO_COALICIONES
902,26,SONORA,HERMOSILLO,,11,1483,568,218,0.38380281690140844,0.6161971830985915,PT_PVEM_MORENA_NAS,126,0.5779816513761468,55,0.25229357798165136,PAN_PRI_PRD,71,0.3256880733944954,64,0.29357798165137616,MC,7,0.03211009174311927,PT_PVEM_MORENA_NAS,126,0.5779816513761468,55,0.25229357798165136,PAN_PRI_PRD,71,0.3256880733944954,64,0.29357798165137616,MC,7,0.03211009174311927,71,0.3256880733944954,126,0.5779816513761468,7,0.03211009174311927,5,0.022935779816513763,2,0.009174311926605505,3,0.013761467889908258,0,0.0,4,0.01834862385321101,218,1.0,ORIGEN,SECCION,SOLO_COALICIONES
903,26,SONORA,HERMOSILLO,,11,1484,866,383,0.44226327944572746,0.5577367205542725,PT_PVEM_MORENA_NAS,189,0.4934725848563969,26,0.06788511749347259,PAN_PRI_PRD,163,0.4255874673629243,149,0.38903394255874674,MC,14,0.03655352480417755,PT_PVEM_MORENA_NAS,189,0.4934725848563969,26,0.06788511749347259,PAN_PRI_PRD,163,0.4255874673629243,149,0.38903394255874674,MC,14,0.03655352480417755,163,0.4255874673629243,189,0.4934725848563969,14,0.03655352480417755,3,0.007832898172323759,5,0.013054830287206266,3,0.007832898172323759,0,0.0,6,0.015665796344647518,383,1.0,ORIGEN,SECCION,SOLO_COALICIONES
904,26,SONORA,HERMOSILLO,,11,1485,353,190,0.5382436260623229,0.4617563739376771,PT_PVEM_MORENA_NAS,96,0.5052631578947369,17,0.08947368421052632,PAN_PRI_PRD,79,0.41578947368421054,72,0.37894736842105264,MC,7,0.03684210526315789,PT_PVEM_MORENA_NAS,96,0.5052631578947369,17,0.08947368421052632,PAN_PRI_PRD,79,0.41578947368421054,72,0.37894736842105264,MC,7,0.03684210526315789,79,0.41578947368421054,96,0.5052631578947369,7,0.03684210526315789,1,0.005263157894736842,0,0.0,4,0.021052631578947368,0,0.0,3,0.015789473684210527,190,1.0,ORIGEN,SECCION,SOLO_COALICIONES
905,26,SONORA,HERMOSILLO,,11,1486,394,195,0.4949238578680203,0.5050761421319797,PT_PVEM_MORENA_NAS,98,0.5025641025641026,20,0.10256410256410256,PAN_PRI_PRD,78,0.4,72,0.36923076923076925,FxM,6,0.03076923076923077,PT_PVEM_MORENA_NAS,98,0.5025641025641026,20,0.10256410256410256,PAN_PRI_PRD,78,0.4,72,0.36923076923076925,FxM,6,0.03076923076923077,78,0.4,98,0.5025641025641026,3,0.015384615384615385,2,0.010256410256410256,3,0.015384615384615385,6,0.03076923076923077,0,0.0,5,0.02564102564102564,195,1.0,ORIGEN,SECCION,SOLO_COALICIONES
906,26,SONORA,HERMOSILLO,,11,1487,509,243,0.4774066797642436,0.5225933202357564,PAN_PRI_PRD,133,0.5473251028806584,39,0.16049382716049382,PT_PVEM_MORENA_NAS,94,0.3868312757201646,89,0.3662551440329218,MC,5,0.0205761316872428,PAN_PRI_PRD,133,0.5473251028806584,39,0.16049382716049382,PT_PVEM_MORENA_NAS,94,0.3868312757201646,89,0.3662551440329218,MC,5,0.0205761316872428,133,0.5473251028806584,94,0.3868312757201646,5,0.0205761316872428,1,0.00411522633744856,2,0.00823045267489712,3,0.012345679012345678,0,0.0,5,0.0205761316872428,243,1.0,ORIGEN,SECCION,SOLO_COALICIONES
907,26,SONORA,HERMOSILLO,,11,1488,617,126,0.20421393841166938,0.7957860615883307,PT_PVEM_MORENA_NAS,80,0.6349206349206349,53,0.42063492063492064,PAN_PRI_PRD,27,0.21428571428571427,19,0.15079365079365079,MC,8,0.06349206349206349,PT_PVEM_MORENA_NAS,80,0.6349206349206349,53,0.42063492063492064,PAN_PRI_PRD,27,0.21428571428571427,19,0.15079365079365079,MC,8,0.06349206349206349,27,0.21428571428571427,80,0.6349206349206349,8,0.06349206349206349,0,0.0,1,0.007936507936507936,3,0.023809523809523808,0,0.0,7,0.05555555555555555,126,1.0,ORIGEN,SECCION,SOLO_COALICIONES
908,26,SONORA,HERMOSILLO,,11,1489,373,239,0.6407506702412868,0.35924932975871315,PAN_PRI_PRD,125,0.5230125523012552,35,0.14644351464435146,PT_PVEM_MORENA_NAS,90,0.37656903765690375,81,0.3389121338912134,MC,9,0.03765690376569038,PAN_PRI_PRD,125,0.5230125523012552,35,0.14644351464435146,PT_PVEM_MORENA_NAS,90,0.37656903765690375,81,0.3389121338912134,MC,9,0.03765690376569038,125,0.5230125523012552,90,0.37656903765690375,9,0.03765690376569038,4,0.016736401673640166,0,0.0,7,0.029288702928870293,0,0.0,4,0.016736401673640166,239,1.0,ORIGEN,SECCION,SOLO_COALICIONES
909,26,SONORA,HERMOSILLO,,11,1490,332,88,0.26506024096385544,0.7349397590361446,PT_PVEM_MORENA_NAS,52,0.5909090909090909,25,0.2840909090909091,PAN_PRI_PRD,27,0.3068181818181818,20,0.22727272727272727,MC,7,0.07954545454545454,PT_PVEM_MORENA_NAS,52,0.5909090909090909,25,0.2840909090909091,PAN_PRI_PRD,27,0.3068181818181818,20,0.22727272727272727,MC,7,0.07954545454545454,27,0.3068181818181818,52,0.5909090909090909,7,0.07954545454545454,1,0.011363636363636364,0,0.0,0,0.0,0,0.0,1,0.011363636363636364,88,1.0,ORIGEN,SECCION,SOLO_COALICIONES
910,26,SONORA,HERMOSILLO,,11,1491,497,139,0.2796780684104628,0.7203219315895373,PT_PVEM_MORENA_NAS,89,0.6402877697841727,54,0.38848920863309355,PAN_PRI_PRD,35,0.2517985611510791,28,0.2014388489208633,MC,7,0.050359712230215826,PT_PVEM_MORENA_NAS,89,0.6402877697841727,54,0.38848920863309355,PAN_PRI_PRD,35,0.2517985611510791,28,0.2014388489208633,MC,7,0.050359712230215826,35,0.2517985611510791,89,0.6402877697841727,7,0.050359712230215826,0,0.0,1,0.007194244604316547,3,0.02158273381294964,1,0.007194244604316547,3,0.02158273381294964,139,1.0,ORIGEN,SECCION,SOLO_COALICIONES
911,26,SONORA,HERMOSILLO,,11,1492,791,538,0.6801517067003793,0.3198482932996207,PAN_PRI_PRD,281,0.5223048327137546,72,0.13382899628252787,PT_PVEM_MORENA_NAS,209,0.38847583643122674,191,0.3550185873605948,MC,18,0.03345724907063197,PAN_PRI_PRD,281,0.5223048327137546,72,0.13382899628252787,PT_PVEM_MORENA_NAS,209,0.38847583643122674,191,0.3550185873605948,MC,18,0.03345724907063197,281,0.5223048327137546,209,0.38847583643122674,18,0.03345724907063197,4,0.007434944237918215,1,0.0018587360594795538,18,0.03345724907063197,1,0.0018587360594795538,6,0.011152416356877323,538,1.0,ORIGEN,SECCION,SOLO_COALICIONES
912,26,SONORA,HERMOSILLO,,11,1493,580,158,0.27241379310344827,0.7275862068965517,PT_PVEM_MORENA_NAS,97,0.6139240506329114,54,0.34177215189873417,PAN_PRI_PRD,43,0.2721518987341772,37,0.23417721518987342,MC,6,0.0379746835443038,PT_PVEM_MORENA_NAS,97,0.6139240506329114,54,0.34177215189873417,PAN_PRI_PRD,43,0.2721518987341772,37,0.23417721518987342,MC,6,0.0379746835443038,43,0.2721518987341772,97,0.6139240506329114,6,0.0379746835443038,4,0.02531645569620253,0,0.0,0,0.0,0,0.0,8,0.05063291139240506,158,1.0,ORIGEN,SECCION,SOLO_COALICIONES
913,26,SONORA,HERMOSILLO,,11,1494,541,143,0.2643253234750462,0.7356746765249538,PT_PVEM_MORENA_NAS,95,0.6643356643356644,67,0.46853146853146854,PAN_PRI_PRD,28,0.1958041958041958,15,0.1048951048951049,MC,13,0.09090909090909091,PT_PVEM_MORENA_NAS,95,0.6643356643356644,67,0.46853146853146854,PAN_PRI_PRD,28,0.1958041958041958,15,0.1048951048951049,MC,13,0.09090909090909091,28,0.1958041958041958,95,0.6643356643356644,13,0.09090909090909091,2,0.013986013986013986,2,0.013986013986013986,2,0.013986013986013986,0,0.0,1,0.006993006993006993,143,1.0,ORIGEN,SECCION,SOLO_COALICIONES
914,26,SONORA,HERMOSILLO,,11,1495,787,239,0.3036848792884371,0.6963151207115629,PT_PVEM_MORENA_NAS,147,0.6150627615062761,77,0.32217573221757323,PAN_PRI_PRD,70,0.2928870292887029,64,0.26778242677824265,MC,6,0.02510460251046025,PT_PVEM_MORENA_NAS,147,0.6150627615062761,77,0.32217573221757323,PAN_PRI_PRD,70,0.2928870292887029,64,0.26778242677824265,MC,6,0.02510460251046025,70,0.2928870292887029,147,0.6150627615062761,6,0.02510460251046025,5,0.02092050209205021,2,0.008368200836820083,3,0.012552301255230125,0,0.0,6,0.02510460251046025,239,1.0,ORIGEN,SECCION,SOLO_COALICIONES
915,26,SONORA,HERMOSILLO,,11,1496,693,151,0.2178932178932179,0.7821067821067821,PT_PVEM_MORENA_NAS,99,0.6556291390728477,64,0.423841059602649,PAN_PRI_PRD,35,0.23178807947019867,30,0.1986754966887417,MC,5,0.033112582781456956,PT_PVEM_MORENA_NAS,99,0.6556291390728477,64,0.423841059602649,PAN_PRI_PRD,35,0.23178807947019867,30,0.1986754966887417,MC,5,0.033112582781456956,35,0.23178807947019867,99,0.6556291390728477,5,0.033112582781456956,4,0.026490066225165563,1,0.006622516556291391,2,0.013245033112582781,0,0.0,5,0.033112582781456956,151,1.0,ORIGEN,SECCION,SOLO_COALICIONES
916,26,SONORA,HERMOSILLO,,11,1497,814,219,0.269041769041769,0.730958230958231,PT_PVEM_MORENA_NAS,146,0.6666666666666666,100,0.45662100456621,PAN_PRI_PRD,46,0.2100456621004566,34,0.1552511415525114,MC,12,0.0547945205479452,PT_PVEM_MORENA_NAS,146,0.6666666666666666,100,0.45662100456621,PAN_PRI_PRD,46,0.2100456621004566,34,0.1552511415525114,MC,12,0.0547945205479452,46,0.2100456621004566,146,0.6666666666666666,12,0.0547945205479452,5,0.0228310502283105,2,0.0091324200913242,5,0.0228310502283105,0,0.0,3,0.0136986301369863,219,1.0,ORIGEN,SECCION,SOLO_COALICIONES
917,26,SONORA,HERMOSILLO,,11,1498,635,298,0.4692913385826772,0.5307086614173229,PT_PVEM_MORENA_NAS,174,0.5838926174496645,75,0.2516778523489933,PAN_PRI_PRD,99,0.33221476510067116,91,0.3053691275167785,MC,8,0.026845637583892617,PT_PVEM_MORENA_NAS,174,0.5838926174496645,75,0.2516778523489933,PAN_PRI_PRD,99,0.33221476510067116,91,0.3053691275167785,MC,8,0.026845637583892617,99,0.33221476510067116,174,0.5838926174496645,8,0.026845637583892617,5,0.016778523489932886,3,0.010067114093959731,7,0.02348993288590604,0,0.0,2,0.006711409395973154,298,1.0,ORIGEN,SECCION,SOLO_COALICIONES
918,26,SONORA,HERMOSILLO,,11,1499,266,69,0.2593984962406015,0.7406015037593985,PT_PVEM_MORENA_NAS,51,0.7391304347826086,38,0.5507246376811594,PAN_PRI_PRD,13,0.18840579710144928,12,0.17391304347826086,MC,1,0.014492753623188406,PT_PVEM_MORENA_NAS,51,0.7391304347826086,38,0.5507246376811594,PAN_PRI_PRD,13,0.18840579710144928,12,0.17391304347826086,MC,1,0.014492753623188406,13,0.18840579710144928,51,0.7391304347826086,1,0.014492753623188406,0,0.0,1,0.014492753623188406,0,0.0,1,0.014492753623188406,2,0.028985507246376812,69,1.0,ORIGEN,SECCION,SOLO_COALICIONES
919,26,SONORA,HERMOSILLO,,11,1500,545,292,0.5357798165137615,0.4642201834862385,PT_PVEM_MORENA_NAS,139,0.476027397260274,13,0.04452054794520548,PAN_PRI_PRD,126,0.4315068493150685,118,0.4041095890410959,MC,8,0.0273972602739726,PT_PVEM_MORENA_NAS,139,0.476027397260274,13,0.04452054794520548,PAN_PRI_PRD,126,0.4315068493150685,118,0.4041095890410959,MC,8,0.0273972602739726,126,0.4315068493150685,139,0.476027397260274,8,0.0273972602739726,4,0.0136986301369863,2,0.00684931506849315,4,0.0136986301369863,0,0.0,9,0.030821917808219176,292,1.0,ORIGEN,SECCION,SOLO_COALICIONES
920,26,SONORA,HERMOSILLO,,11,1501,887,274,0.3089064261555806,0.6910935738444194,PT_PVEM_MORENA_NAS,181,0.6605839416058394,120,0.43795620437956206,PAN_PRI_PRD,61,0.22262773722627738,51,0.18613138686131386,MC,10,0.0364963503649635,PT_PVEM_MORENA_NAS,181,0.6605839416058394,120,0.43795620437956206,PAN_PRI_PRD,61,0.22262773722627738,51,0.18613138686131386,MC,10,0.0364963503649635,61,0.22262773722627738,181,0.6605839416058394,10,0.0364963503649635,5,0.01824817518248175,3,0.010948905109489052,6,0.021897810218978103,0,0.0,8,0.029197080291970802,274,1.0,ORIGEN,SECCION,SOLO_COALICIONES
921,26,SONORA,HERMOSILLO,,11,1502,344,160,0.46511627906976744,0.5348837209302326,PT_PVEM_MORENA_NAS,80,0.5,13,0.08125,PAN_PRI_PRD,67,0.41875,62,0.3875,MC,5,0.03125,PT_PVEM_MORENA_NAS,80,0.5,13,0.08125,PAN_PRI_PRD,67,0.41875,62,0.3875,MC,5,0.03125,67,0.41875,80,0.5,5,0.03125,1,0.00625,1,0.00625,3,0.01875,0,0.0,3,0.01875,160,1.0,ORIGEN,SECCION,SOLO_COALICIONES
922,26,SONORA,HERMOSILLO,,11,1503,382,189,0.49476439790575916,0.5052356020942408,PT_PVEM_MORENA_NAS,98,0.5185185185185185,22,0.1164021164021164,PAN_PRI_PRD,76,0.4021164021164021,70,0.37037037037037035,MC,6,0.031746031746031744,PT_PVEM_MORENA_NAS,98,0.5185185185185185,22,0.1164021164021164,PAN_PRI_PRD,76,0.4021164021164021,70,0.37037037037037035,MC,6,0.031746031746031744,76,0.4021164021164021,98,0.5185185185185185,6,0.031746031746031744,2,0.010582010582010581,1,0.005291005291005291,2,0.010582010582010581,0,0.0,4,0.021164021164021163,189,1.0,ORIGEN,SECCION,SOLO_COALICIONES
923,26,SONORA,HERMOSILLO,,11,1504,1008,686,0.6805555555555556,0.3194444444444444,PAN_PRI_PRD,461,0.6720116618075802,278,0.40524781341107874,PT_PVEM_MORENA_NAS,183,0.26676384839650147,166,0.24198250728862974,FxM,17,0.02478134110787172,PAN_PRI_PRD,461,0.6720116618075802,278,0.40524781341107874,PT_PVEM_MORENA_NAS,183,0.26676384839650147,166,0.24198250728862974,FxM,17,0.02478134110787172,461,0.6720116618075802,183,0.26676384839650147,12,0.01749271137026239,0,0.0,2,0.0029154518950437317,17,0.02478134110787172,0,0.0,11,0.016034985422740525,686,1.0,ORIGEN,SECCION,SOLO_COALICIONES
924,26,SONORA,HERMOSILLO,,11,1509,1180,873,0.7398305084745763,0.2601694915254237,PAN_PRI_PRD,618,0.7079037800687286,404,0.4627720504009164,PT_PVEM_MORENA_NAS,214,0.24513172966781213,198,0.2268041237113402,MC,16,0.018327605956471937,PAN_PRI_PRD,618,0.7079037800687286,404,0.4627720504009164,PT_PVEM_MORENA_NAS,214,0.24513172966781213,198,0.2268041237113402,MC,16,0.018327605956471937,618,0.7079037800687286,214,0.24513172966781213,16,0.018327605956471937,1,0.001145475372279496,1,0.001145475372279496,11,0.012600229095074456,1,0.001145475372279496,11,0.012600229095074456,873,1.0,ORIGEN,SECCION,SOLO_COALICIONES
925,26,SONORA,HERMOSILLO,,11,1513,950,678,0.7136842105263158,0.2863157894736842,PAN_PRI_PRD,404,0.5958702064896755,164,0.24188790560471976,PT_PVEM_MORENA_NAS,240,0.35398230088495575,225,0.33185840707964603,MC,15,0.022123893805309734,PAN_PRI_PRD,404,0.5958702064896755,164,0.24188790560471976,PT_PVEM_MORENA_NAS,240,0.35398230088495575,225,0.33185840707964603,MC,15,0.022123893805309734,404,0.5958702064896755,240,0.35398230088495575,15,0.022123893805309734,5,0.007374631268436578,0,0.0,5,0.007374631268436578,0,0.0,9,0.01327433628318584,678,1.0,ORIGEN,SECCION,SOLO_COALICIONES
926,26,SONORA,HERMOSILLO,,11,1514,1073,737,0.6868592730661697,0.3131407269338303,PAN_PRI_PRD,482,0.6540027137042063,265,0.35956580732700133,PT_PVEM_MORENA_NAS,217,0.2944369063772049,202,0.27408412483039346,MC,15,0.0203527815468114,PAN_PRI_PRD,482,0.6540027137042063,265,0.35956580732700133,PT_PVEM_MORENA_NAS,217,0.2944369063772049,202,0.27408412483039346,MC,15,0.0203527815468114,482,0.6540027137042063,217,0.2944369063772049,15,0.0203527815468114,5,0.0067842605156037995,2,0.0027137042062415195,8,0.010854816824966078,0,0.0,8,0.010854816824966078,737,1.0,ORIGEN,SECCION,SOLO_COALICIONES
927,26,SONORA,HERMOSILLO,,11,1531,773,1274,1.648124191461837,-0.648124191461837,PT_PVEM_MORENA_NAS,1097,0.8610675039246468,956,0.750392464678179,PAN_PRI_PRD,141,0.11067503924646782,127,0.09968602825745683,MC,14,0.01098901098901099,PT_PVEM_MORENA_NAS,1097,0.8610675039246468,956,0.750392464678179,PAN_PRI_PRD,141,0.11067503924646782,127,0.09968602825745683,MC,14,0.01098901098901099,141,0.11067503924646782,1097,0.8610675039246468,14,0.01098901098901099,6,0.004709576138147566,5,0.003924646781789639,4,0.0031397174254317113,1,0.0007849293563579278,6,0.004709576138147566,1274,1.0,ORIGEN,SECCION,SOLO_COALICIONES
928,26,SONORA,HERMOSILLO,,11,1533,927,404,0.43581445523193096,0.564185544768069,PT_PVEM_MORENA_NAS,257,0.6361386138613861,138,0.3415841584158416,PAN_PRI_PRD,119,0.29455445544554454,106,0.2623762376237624,MC,13,0.03217821782178218,PT_PVEM_MORENA_NAS,257,0.6361386138613861,138,0.3415841584158416,PAN_PRI_PRD,119,0.29455445544554454,106,0.2623762376237624,MC,13,0.03217821782178218,119,0.29455445544554454,257,0.6361386138613861,13,0.03217821782178218,4,0.009900990099009901,3,0.007425742574257425,3,0.007425742574257425,1,0.0024752475247524753,4,0.009900990099009901,404,1.0,ORIGEN,SECCION,SOLO_COALICIONES
929,26,SONORA,HERMOSILLO,,11,1534,1027,438,0.42648490749756574,0.5735150925024343,PT_PVEM_MORENA_NAS,274,0.6255707762557078,142,0.3242009132420091,PAN_PRI_PRD,132,0.3013698630136986,121,0.2762557077625571,MC,11,0.02511415525114155,PT_PVEM_MORENA_NAS,274,0.6255707762557078,142,0.3242009132420091,PAN_PRI_PRD,132,0.3013698630136986,121,0.2762557077625571,MC,11,0.02511415525114155,132,0.3013698630136986,274,0.6255707762557078,11,0.02511415525114155,3,0.00684931506849315,2,0.0045662100456621,7,0.01598173515981735,0,0.0,9,0.02054794520547945,438,1.0,ORIGEN,SECCION,SOLO_COALICIONES
930,26,SONORA,HERMOSILLO,,11,1535,894,362,0.40492170022371365,0.5950782997762863,PT_PVEM_MORENA_NAS,228,0.6298342541436464,121,0.3342541436464088,PAN_PRI_PRD,107,0.2955801104972376,96,0.26519337016574585,MC,11,0.03038674033149171,PT_PVEM_MORENA_NAS,228,0.6298342541436464,121,0.3342541436464088,PAN_PRI_PRD,107,0.2955801104972376,96,0.26519337016574585,MC,11,0.03038674033149171,107,0.2955801104972376,228,0.6298342541436464,11,0.03038674033149171,6,0.016574585635359115,2,0.0055248618784530384,6,0.016574585635359115,0,0.0,2,0.0055248618784530384,362,1.0,ORIGEN,SECCION,SOLO_COALICIONES
931,26,SONORA,HERMOSILLO,,11,1536,1065,440,0.4131455399061033,0.5868544600938967,PT_PVEM_MORENA_NAS,236,0.5363636363636364,62,0.1409090909090909,PAN_PRI_PRD,174,0.39545454545454545,161,0.3659090909090909,MC,13,0.029545454545454545,PT_PVEM_MORENA_NAS,236,0.5363636363636364,62,0.1409090909090909,PAN_PRI_PRD,174,0.39545454545454545,161,0.3659090909090909,MC,13,0.029545454545454545,174,0.39545454545454545,236,0.5363636363636364,13,0.029545454545454545,4,0.00909090909090909,3,0.006818181818181818,4,0.00909090909090909,0,0.0,6,0.013636363636363636,440,1.0,ORIGEN,SECCION,SOLO_COALICIONES
932,26,SONORA,HERMOSILLO,,11,1537,1196,528,0.4414715719063545,0.5585284280936456,PT_PVEM_MORENA_NAS,276,0.5227272727272727,85,0.16098484848484848,PAN_PRI_PRD,191,0.36174242424242425,162,0.3068181818181818,MC,29,0.054924242424242424,PT_PVEM_MORENA_NAS,276,0.5227272727272727,85,0.16098484848484848,PAN_PRI_PRD,191,0.36174242424242425,162,0.3068181818181818,MC,29,0.054924242424242424,191,0.36174242424242425,276,0.5227272727272727,29,0.054924242424242424,12,0.022727272727272728,1,0.001893939393939394,11,0.020833333333333332,1,0.001893939393939394,7,0.013257575757575758,528,1.0,ORIGEN,SECCION,SOLO_COALICIONES
933,26,SONORA,HERMOSILLO,,11,1538,1095,434,0.3963470319634703,0.6036529680365297,PT_PVEM_MORENA_NAS,267,0.6152073732718893,139,0.32027649769585254,PAN_PRI_PRD,128,0.29493087557603687,112,0.25806451612903225,MC,16,0.03686635944700461,PT_PVEM_MORENA_NAS,267,0.6152073732718893,139,0.32027649769585254,PAN_PRI_PRD,128,0.29493087557603687,112,0.25806451612903225,MC,16,0.03686635944700461,128,0.29493087557603687,267,0.6152073732718893,16,0.03686635944700461,6,0.013824884792626729,2,0.004608294930875576,9,0.020737327188940093,0,0.0,6,0.013824884792626729,434,1.0,ORIGEN,SECCION,SOLO_COALICIONES
934,26,SONORA,HERMOSILLO,,11,1539,1378,526,0.38171262699564584,0.6182873730043541,PT_PVEM_MORENA_NAS,316,0.6007604562737643,158,0.30038022813688214,PAN_PRI_PRD,158,0.30038022813688214,134,0.25475285171102663,MC,24,0.045627376425855515,PT_PVEM_MORENA_NAS,316,0.6007604562737643,158,0.30038022813688214,PAN_PRI_PRD,158,0.30038022813688214,134,0.25475285171102663,MC,24,0.045627376425855515,158,0.30038022813688214,316,0.6007604562737643,24,0.045627376425855515,6,0.011406844106463879,9,0.017110266159695818,5,0.009505703422053232,4,0.0076045627376425855,4,0.0076045627376425855,526,1.0,ORIGEN,SECCION,SOLO_COALICIONES
935,26,SONORA,HERMOSILLO,,11,1541,1116,466,0.4175627240143369,0.5824372759856631,PT_PVEM_MORENA_NAS,258,0.5536480686695279,132,0.2832618025751073,PAN_PRI_PRD,126,0.2703862660944206,68,0.1459227467811159,FxM,58,0.12446351931330472,PT_PVEM_MORENA_NAS,258,0.5536480686695279,132,0.2832618025751073,PAN_PRI_PRD,126,0.2703862660944206,68,0.1459227467811159,FxM,58,0.12446351931330472,126,0.2703862660944206,258,0.5536480686695279,10,0.02145922746781116,1,0.002145922746781116,3,0.006437768240343348,58,0.12446351931330472,1,0.002145922746781116,9,0.019313304721030045,466,1.0,ORIGEN,SECCION,SOLO_COALICIONES
936,26,SONORA,HERMOSILLO,,11,1542,1331,411,0.30879038317054847,0.6912096168294515,PT_PVEM_MORENA_NAS,243,0.5912408759124088,115,0.2798053527980535,PAN_PRI_PRD,128,0.31143552311435524,116,0.2822384428223844,MC,12,0.029197080291970802,PT_PVEM_MORENA_NAS,243,0.5912408759124088,115,0.2798053527980535,PAN_PRI_PRD,128,0.31143552311435524,116,0.2822384428223844,MC,12,0.029197080291970802,128,0.31143552311435524,243,0.5912408759124088,12,0.029197080291970802,2,0.004866180048661801,1,0.0024330900243309003,5,0.012165450121654502,3,0.0072992700729927005,17,0.0413625304136253,411,1.0,ORIGEN,SECCION,SOLO_COALICIONES
937,26,SONORA,HERMOSILLO,,11,1543,1169,402,0.3438836612489307,0.6561163387510693,PT_PVEM_MORENA_NAS,247,0.6144278606965174,136,0.3383084577114428,PAN_PRI_PRD,111,0.27611940298507465,96,0.23880597014925373,FxM,15,0.03731343283582089,PT_PVEM_MORENA_NAS,247,0.6144278606965174,136,0.3383084577114428,PAN_PRI_PRD,111,0.27611940298507465,96,0.23880597014925373,FxM,15,0.03731343283582089,111,0.27611940298507465,247,0.6144278606965174,10,0.024875621890547265,5,0.012437810945273632,6,0.014925373134328358,15,0.03731343283582089,0,0.0,8,0.01990049751243781,402,1.0,ORIGEN,SECCION,SOLO_COALICIONES
938,26,SONORA,HERMOSILLO,,11,1544,1028,302,0.29377431906614787,0.7062256809338521,PT_PVEM_MORENA_NAS,203,0.6721854304635762,128,0.423841059602649,PAN_PRI_PRD,75,0.24834437086092714,67,0.22185430463576158,MC,8,0.026490066225165563,PT_PVEM_MORENA_NAS,203,0.6721854304635762,128,0.423841059602649,PAN_PRI_PRD,75,0.24834437086092714,67,0.22185430463576158,MC,8,0.026490066225165563,75,0.24834437086092714,203,0.6721854304635762,8,0.026490066225165563,3,0.009933774834437087,5,0.016556291390728478,5,0.016556291390728478,0,0.0,3,0.009933774834437087,302,1.0,ORIGEN,SECCION,SOLO_COALICIONES
939,26,SONORA,HERMOSILLO,,11,1545,1352,399,0.29511834319526625,0.7048816568047338,PT_PVEM_MORENA_NAS,254,0.6365914786967418,151,0.37844611528822053,PAN_PRI_PRD,103,0.2581453634085213,92,0.23057644110275688,MC,11,0.02756892230576441,PT_PVEM_MORENA_NAS,254,0.6365914786967418,151,0.37844611528822053,PAN_PRI_PRD,103,0.2581453634085213,92,0.23057644110275688,MC,11,0.02756892230576441,103,0.2581453634085213,254,0.6365914786967418,11,0.02756892230576441,5,0.012531328320802004,2,0.005012531328320802,8,0.020050125313283207,0,0.0,16,0.040100250626566414,399,1.0,ORIGEN,SECCION,SOLO_COALICIONES
940,26,SONORA,HERMOSILLO,,11,1546,936,292,0.31196581196581197,0.688034188034188,PT_PVEM_MORENA_NAS,197,0.6746575342465754,123,0.4212328767123288,PAN_PRI_PRD,74,0.2534246575342466,67,0.22945205479452055,MC,7,0.023972602739726026,PT_PVEM_MORENA_NAS,197,0.6746575342465754,123,0.4212328767123288,PAN_PRI_PRD,74,0.2534246575342466,67,0.22945205479452055,MC,7,0.023972602739726026,74,0.2534246575342466,197,0.6746575342465754,7,0.023972602739726026,1,0.003424657534246575,3,0.010273972602739725,6,0.02054794520547945,0,0.0,4,0.0136986301369863,292,1.0,ORIGEN,SECCION,SOLO_COALICIONES
941,26,SONORA,HERMOSILLO,,11,1547,1031,329,0.31910766246362754,0.6808923375363725,PT_PVEM_MORENA_NAS,217,0.6595744680851063,128,0.3890577507598784,PAN_PRI_PRD,89,0.270516717325228,80,0.24316109422492402,FxM,9,0.02735562310030395,PT_PVEM_MORENA_NAS,217,0.6595744680851063,128,0.3890577507598784,PAN_PRI_PRD,89,0.270516717325228,80,0.24316109422492402,FxM,9,0.02735562310030395,89,0.270516717325228,217,0.6595744680851063,8,0.0243161094224924,1,0.00303951367781155,2,0.0060790273556231,9,0.02735562310030395,0,0.0,3,0.00911854103343465,329,1.0,ORIGEN,SECCION,SOLO_COALICIONES
942,26,SONORA,HERMOSILLO,,11,1552,1870,673,0.3598930481283422,0.6401069518716578,PT_PVEM_MORENA_NAS,389,0.5780089153046062,153,0.22734026745913818,PAN_PRI_PRD,236,0.35066864784546803,219,0.32540861812778604,MC,17,0.02526002971768202,PT_PVEM_MORENA_NAS,389,0.5780089153046062,153,0.22734026745913818,PAN_PRI_PRD,236,0.35066864784546803,219,0.32540861812778604,MC,17,0.02526002971768202,236,0.35066864784546803,389,0.5780089153046062,17,0.02526002971768202,3,0.004457652303120356,1,0.0014858841010401188,9,0.01337295690936107,0,0.0,18,0.02674591381872214,673,1.0,ORIGEN,SECCION,SOLO_COALICIONES
943,26,SONORA,HERMOSILLO,,11,1554,1604,525,0.3273067331670823,0.6726932668329177,PT_PVEM_MORENA_NAS,306,0.5828571428571429,158,0.30095238095238097,PAN_PRI_PRD,148,0.2819047619047619,112,0.21333333333333335,MC,36,0.06857142857142857,PT_PVEM_MORENA_NAS,306,0.5828571428571429,158,0.30095238095238097,PAN_PRI_PRD,148,0.2819047619047619,112,0.21333333333333335,MC,36,0.06857142857142857,148,0.2819047619047619,306,0.5828571428571429,36,0.06857142857142857,4,0.007619047619047619,8,0.015238095238095238,11,0.02095238095238095,0,0.0,12,0.022857142857142857,525,1.0,ORIGEN,SECCION,SOLO_COALICIONES
944,26,SONORA,HERMOSILLO,,12,413,2396,1642,0.6853088480801336,0.3146911519198664,PAN_PRI_PRD,1180,0.7186358099878197,770,0.4689403166869671,PT_PVEM_MORENA_NAS,410,0.2496954933008526,391,0.23812423873325214,MC,19,0.011571254567600487,PAN_PRI_PRD,1180,0.7186358099878197,770,0.4689403166869671,PT_PVEM_MORENA_NAS,410,0.2496954933008526,391,0.23812423873325214,MC,19,0.011571254567600487,1180,0.7186358099878197,410,0.2496954933008526,19,0.011571254567600487,2,0.001218026796589525,6,0.0036540803897685747,13,0.007917174177831911,2,0.001218026796589525,10,0.0060901339829476245,1642,1.0,ORIGEN,SECCION,SOLO_COALICIONES
945,26,SONORA,HERMOSILLO,,12,414,1788,480,0.2684563758389262,0.7315436241610738,PT_PVEM_MORENA_NAS,246,0.5125,74,0.15416666666666667,PAN_PRI_PRD,172,0.35833333333333334,152,0.31666666666666665,MC,20,0.041666666666666664,PT_PVEM_MORENA_NAS,246,0.5125,74,0.15416666666666667,PAN_PRI_PRD,172,0.35833333333333334,152,0.31666666666666665,MC,20,0.041666666666666664,172,0.35833333333333334,246,0.5125,20,0.041666666666666664,10,0.020833333333333332,2,0.004166666666666667,14,0.029166666666666667,1,0.0020833333333333333,15,0.03125,480,1.0,ORIGEN,SECCION,SOLO_COALICIONES
946,26,SONORA,HERMOSILLO,,12,415,4313,1371,0.3178761882680269,0.6821238117319731,PT_PVEM_MORENA_NAS,883,0.6440554339897885,500,0.36469730123997085,PAN_PRI_PRD,383,0.27935813274981763,354,0.25820568927789933,MC,29,0.021152443471918306,PT_PVEM_MORENA_NAS,883,0.6440554339897885,500,0.36469730123997085,PAN_PRI_PRD,383,0.27935813274981763,354,0.25820568927789933,MC,29,0.021152443471918306,383,0.27935813274981763,883,0.6440554339897885,29,0.021152443471918306,13,0.009482129832239242,8,0.005835156819839533,15,0.010940919037199124,0,0.0,40,0.029175784099197667,1371,1.0,ORIGEN,SECCION,SOLO_COALICIONES
947,26,SONORA,HERMOSILLO,,12,416,1106,474,0.42857142857142855,0.5714285714285714,PT_PVEM_MORENA_NAS,269,0.5675105485232067,114,0.24050632911392406,PAN_PRI_PRD,155,0.3270042194092827,142,0.29957805907172996,FxM,13,0.027426160337552744,PT_PVEM_MORENA_NAS,269,0.5675105485232067,114,0.24050632911392406,PAN_PRI_PRD,155,0.3270042194092827,142,0.29957805907172996,FxM,13,0.027426160337552744,155,0.3270042194092827,269,0.5675105485232067,9,0.0189873417721519,7,0.014767932489451477,3,0.006329113924050633,13,0.027426160337552744,1,0.002109704641350211,17,0.035864978902953586,474,1.0,ORIGEN,SECCION,SOLO_COALICIONES
948,26,SONORA,HERMOSILLO,,12,417,861,651,0.7560975609756098,0.24390243902439024,PAN_PRI_PRD,524,0.804915514592934,416,0.6390168970814132,PT_PVEM_MORENA_NAS,108,0.16589861751152074,99,0.15207373271889402,MC,9,0.013824884792626729,PAN_PRI_PRD,524,0.804915514592934,416,0.6390168970814132,PT_PVEM_MORENA_NAS,108,0.16589861751152074,99,0.15207373271889402,MC,9,0.013824884792626729,524,0.804915514592934,108,0.16589861751152074,9,0.013824884792626729,2,0.0030721966205837174,2,0.0030721966205837174,4,0.006144393241167435,0,0.0,2,0.0030721966205837174,651,1.0,ORIGEN,SECCION,SOLO_COALICIONES
949,26,SONORA,HERMOSILLO,,12,418,1206,861,0.7139303482587065,0.2860696517412935,PAN_PRI_PRD,655,0.7607433217189314,488,0.5667828106852497,PT_PVEM_MORENA_NAS,167,0.19396051103368175,155,0.1800232288037166,MC,12,0.013937282229965157,PAN_PRI_PRD,655,0.7607433217189314,488,0.5667828106852497,PT_PVEM_MORENA_NAS,167,0.19396051103368175,155,0.1800232288037166,MC,12,0.013937282229965157,655,0.7607433217189314,167,0.19396051103368175,12,0.013937282229965157,1,0.0011614401858304297,2,0.0023228803716608595,7,0.008130081300813009,7,0.008130081300813009,10,0.011614401858304297,861,1.0,ORIGEN,SECCION,SOLO_COALICIONES
950,26,SONORA,HERMOSILLO,,12,439,1465,2477,1.6907849829351536,-0.6907849829351536,PAN_PRI_PRD,1829,0.7383932176019379,1281,0.5171578522406136,PT_PVEM_MORENA_NAS,548,0.22123536536132418,514,0.20750908356883327,MC,34,0.013726281792490917,PAN_PRI_PRD,1829,0.7383932176019379,1281,0.5171578522406136,PT_PVEM_MORENA_NAS,548,0.22123536536132418,514,0.20750908356883327,MC,34,0.013726281792490917,1829,0.7383932176019379,548,0.22123536536132418,34,0.013726281792490917,12,0.004844570044408559,4,0.0016148566814695195,18,0.0072668550666128385,3,0.0012111425111021397,29,0.011707710940654016,2477,1.0,ORIGEN,SECCION,SOLO_COALICIONES
951,26,SONORA,HERMOSILLO,,12,456,1439,896,0.6226546212647672,0.3773453787352328,PAN_PRI_PRD,605,0.6752232142857143,334,0.37276785714285715,PT_PVEM_MORENA_NAS,271,0.30245535714285715,264,0.29464285714285715,MC,7,0.0078125,PAN_PRI_PRD,605,0.6752232142857143,334,0.37276785714285715,PT_PVEM_MORENA_NAS,271,0.30245535714285715,264,0.29464285714285715,MC,7,0.0078125,605,0.6752232142857143,271,0.30245535714285715,7,0.0078125,1,0.0011160714285714285,3,0.0033482142857142855,4,0.004464285714285714,0,0.0,5,0.005580357142857143,896,1.0,ORIGEN,SECCION,SOLO_COALICIONES
952,26,SONORA,HERMOSILLO,,12,457,539,340,0.6307977736549165,0.3692022263450835,PAN_PRI_PRD,180,0.5294117647058824,47,0.13823529411764707,PT_PVEM_MORENA_NAS,133,0.3911764705882353,121,0.3558823529411765,MC,12,0.03529411764705882,PAN_PRI_PRD,180,0.5294117647058824,47,0.13823529411764707,PT_PVEM_MORENA_NAS,133,0.3911764705882353,121,0.3558823529411765,MC,12,0.03529411764705882,180,0.5294117647058824,133,0.3911764705882353,12,0.03529411764705882,3,0.008823529411764706,3,0.008823529411764706,2,0.0058823529411764705,1,0.0029411764705882353,6,0.01764705882352941,340,1.0,ORIGEN,SECCION,SOLO_COALICIONES
953,26,SONORA,HERMOSILLO,,12,481,637,332,0.521193092621664,0.478806907378336,PAN_PRI_PRD,158,0.4759036144578313,7,0.02108433734939759,PT_PVEM_MORENA_NAS,151,0.45481927710843373,144,0.43373493975903615,MC,7,0.02108433734939759,PAN_PRI_PRD,158,0.4759036144578313,7,0.02108433734939759,PT_PVEM_MORENA_NAS,151,0.45481927710843373,144,0.43373493975903615,MC,7,0.02108433734939759,158,0.4759036144578313,151,0.45481927710843373,7,0.02108433734939759,3,0.009036144578313253,2,0.006024096385542169,5,0.015060240963855422,1,0.0030120481927710845,5,0.015060240963855422,332,1.0,ORIGEN,SECCION,SOLO_COALICIONES
954,26,SONORA,HERMOSILLO,,12,482,804,383,0.4763681592039801,0.5236318407960199,PT_PVEM_MORENA_NAS,174,0.45430809399477806,5,0.013054830287206266,PAN_PRI_PRD,169,0.4412532637075718,155,0.4046997389033943,MC,14,0.03655352480417755,PT_PVEM_MORENA_NAS,174,0.45430809399477806,5,0.013054830287206266,PAN_PRI_PRD,169,0.4412532637075718,155,0.4046997389033943,MC,14,0.03655352480417755,169,0.4412532637075718,174,0.45430809399477806,14,0.03655352480417755,7,0.018276762402088774,1,0.0026109660574412533,8,0.020887728459530026,0,0.0,10,0.02610966057441253,383,1.0,ORIGEN,SECCION,SOLO_COALICIONES
955,26,SONORA,HERMOSILLO,,12,483,630,318,0.5047619047619047,0.49523809523809526,PT_PVEM_MORENA_NAS,153,0.4811320754716981,15,0.04716981132075472,PAN_PRI_PRD,138,0.4339622641509434,129,0.4056603773584906,MC,9,0.02830188679245283,PT_PVEM_MORENA_NAS,153,0.4811320754716981,15,0.04716981132075472,PAN_PRI_PRD,138,0.4339622641509434,129,0.4056603773584906,MC,9,0.02830188679245283,138,0.4339622641509434,153,0.4811320754716981,9,0.02830188679245283,4,0.012578616352201259,3,0.009433962264150943,5,0.015723270440251572,0,0.0,6,0.018867924528301886,318,1.0,ORIGEN,SECCION,SOLO_COALICIONES
956,26,SONORA,HERMOSILLO,,12,484,1537,581,0.37800910865322057,0.6219908913467794,PT_PVEM_MORENA_NAS,316,0.5438898450946644,80,0.13769363166953527,PAN_PRI_PRD,236,0.40619621342512907,226,0.3889845094664372,MC,10,0.01721170395869191,PT_PVEM_MORENA_NAS,316,0.5438898450946644,80,0.13769363166953527,PAN_PRI_PRD,236,0.40619621342512907,226,0.3889845094664372,MC,10,0.01721170395869191,236,0.40619621342512907,316,0.5438898450946644,10,0.01721170395869191,2,0.0034423407917383822,2,0.0034423407917383822,9,0.01549053356282272,0,0.0,6,0.010327022375215147,581,1.0,ORIGEN,SECCION,SOLO_COALICIONES
957,26,SONORA,HERMOSILLO,,12,485,1091,456,0.41796516956920254,0.5820348304307974,PT_PVEM_MORENA_NAS,312,0.6842105263157895,199,0.43640350877192985,PAN_PRI_PRD,113,0.24780701754385964,95,0.20833333333333334,MC,18,0.039473684210526314,PT_PVEM_MORENA_NAS,312,0.6842105263157895,199,0.43640350877192985,PAN_PRI_PRD,113,0.24780701754385964,95,0.20833333333333334,MC,18,0.039473684210526314,113,0.24780701754385964,312,0.6842105263157895,18,0.039473684210526314,1,0.0021929824561403508,1,0.0021929824561403508,4,0.008771929824561403,1,0.0021929824561403508,6,0.013157894736842105,456,1.0,ORIGEN,SECCION,SOLO_COALICIONES
958,26,SONORA,HERMOSILLO,,12,486,1415,548,0.3872791519434629,0.6127208480565371,PT_PVEM_MORENA_NAS,362,0.6605839416058394,207,0.3777372262773723,PAN_PRI_PRD,155,0.28284671532846717,143,0.26094890510948904,FxM,12,0.021897810218978103,PT_PVEM_MORENA_NAS,362,0.6605839416058394,207,0.3777372262773723,PAN_PRI_PRD,155,0.28284671532846717,143,0.26094890510948904,FxM,12,0.021897810218978103,155,0.28284671532846717,362,0.6605839416058394,7,0.012773722627737226,1,0.0018248175182481751,4,0.0072992700729927005,12,0.021897810218978103,0,0.0,7,0.012773722627737226,548,1.0,ORIGEN,SECCION,SOLO_COALICIONES
959,26,SONORA,HERMOSILLO,,12,487,1271,434,0.34146341463414637,0.6585365853658536,PT_PVEM_MORENA_NAS,239,0.5506912442396313,102,0.2350230414746544,PAN_PRI_PRD,137,0.315668202764977,114,0.2626728110599078,MC,23,0.052995391705069124,PT_PVEM_MORENA_NAS,239,0.5506912442396313,102,0.2350230414746544,PAN_PRI_PRD,137,0.315668202764977,114,0.2626728110599078,MC,23,0.052995391705069124,137,0.315668202764977,239,0.5506912442396313,23,0.052995391705069124,7,0.016129032258064516,5,0.01152073732718894,10,0.02304147465437788,0,0.0,13,0.029953917050691243,434,1.0,ORIGEN,SECCION,SOLO_COALICIONES
960,26,SONORA,HERMOSILLO,,12,488,997,402,0.40320962888665995,0.59679037111334,PT_PVEM_MORENA_NAS,212,0.527363184079602,39,0.09701492537313433,PAN_PRI_PRD,173,0.43034825870646765,166,0.4129353233830846,MC,7,0.017412935323383085,PT_PVEM_MORENA_NAS,212,0.527363184079602,39,0.09701492537313433,PAN_PRI_PRD,173,0.43034825870646765,166,0.4129353233830846,MC,7,0.017412935323383085,173,0.43034825870646765,212,0.527363184079602,7,0.017412935323383085,3,0.007462686567164179,2,0.004975124378109453,1,0.0024875621890547263,0,0.0,4,0.009950248756218905,402,1.0,ORIGEN,SECCION,SOLO_COALICIONES
961,26,SONORA,HERMOSILLO,,12,489,692,238,0.3439306358381503,0.6560693641618497,PT_PVEM_MORENA_NAS,144,0.6050420168067226,66,0.2773109243697479,PAN_PRI_PRD,78,0.3277310924369748,71,0.29831932773109243,MC,7,0.029411764705882353,PT_PVEM_MORENA_NAS,144,0.6050420168067226,66,0.2773109243697479,PAN_PRI_PRD,78,0.3277310924369748,71,0.29831932773109243,MC,7,0.029411764705882353,78,0.3277310924369748,144,0.6050420168067226,7,0.029411764705882353,2,0.008403361344537815,1,0.004201680672268907,1,0.004201680672268907,0,0.0,5,0.02100840336134454,238,1.0,ORIGEN,SECCION,SOLO_COALICIONES
962,26,SONORA,HERMOSILLO,,12,490,1169,475,0.40633019674935844,0.5936698032506416,PT_PVEM_MORENA_NAS,268,0.5642105263157895,106,0.2231578947368421,PAN_PRI_PRD,162,0.3410526315789474,151,0.3178947368421053,MC,11,0.023157894736842106,PT_PVEM_MORENA_NAS,268,0.5642105263157895,106,0.2231578947368421,PAN_PRI_PRD,162,0.3410526315789474,151,0.3178947368421053,MC,11,0.023157894736842106,162,0.3410526315789474,268,0.5642105263157895,11,0.023157894736842106,3,0.00631578947368421,6,0.01263157894736842,9,0.018947368421052633,0,0.0,16,0.03368421052631579,475,1.0,ORIGEN,SECCION,SOLO_COALICIONES
963,26,SONORA,HERMOSILLO,,12,491,741,377,0.5087719298245614,0.49122807017543857,PT_PVEM_MORENA_NAS,187,0.4960212201591512,22,0.058355437665782495,PAN_PRI_PRD,165,0.4376657824933687,157,0.41644562334217505,MC,8,0.021220159151193633,PT_PVEM_MORENA_NAS,187,0.4960212201591512,22,0.058355437665782495,PAN_PRI_PRD,165,0.4376657824933687,157,0.41644562334217505,MC,8,0.021220159151193633,165,0.4376657824933687,187,0.4960212201591512,8,0.021220159151193633,1,0.002652519893899204,5,0.013262599469496022,6,0.015915119363395226,0,0.0,5,0.013262599469496022,377,1.0,ORIGEN,SECCION,SOLO_COALICIONES
964,26,SONORA,HERMOSILLO,,12,492,670,320,0.47761194029850745,0.5223880597014925,PAN_PRI_PRD,161,0.503125,23,0.071875,PT_PVEM_MORENA_NAS,138,0.43125,131,0.409375,MC,7,0.021875,PAN_PRI_PRD,161,0.503125,23,0.071875,PT_PVEM_MORENA_NAS,138,0.43125,131,0.409375,MC,7,0.021875,161,0.503125,138,0.43125,7,0.021875,3,0.009375,1,0.003125,4,0.0125,0,0.0,6,0.01875,320,1.0,ORIGEN,SECCION,SOLO_COALICIONES
965,26,SONORA,HERMOSILLO,,12,494,639,312,0.48826291079812206,0.511737089201878,PAN_PRI_PRD,172,0.5512820512820513,59,0.1891025641025641,PT_PVEM_MORENA_NAS,113,0.36217948717948717,103,0.3301282051282051,MC,10,0.03205128205128205,PAN_PRI_PRD,172,0.5512820512820513,59,0.1891025641025641,PT_PVEM_MORENA_NAS,113,0.36217948717948717,103,0.3301282051282051,MC,10,0.03205128205128205,172,0.5512820512820513,113,0.36217948717948717,10,0.03205128205128205,2,0.00641025641025641,1,0.003205128205128205,6,0.019230769230769232,0,0.0,8,0.02564102564102564,312,1.0,ORIGEN,SECCION,SOLO_COALICIONES
966,26,SONORA,HERMOSILLO,,12,495,1007,422,0.41906653426017876,0.5809334657398213,PT_PVEM_MORENA_NAS,208,0.4928909952606635,34,0.08056872037914692,PAN_PRI_PRD,174,0.41232227488151657,166,0.3933649289099526,MC,8,0.018957345971563982,PT_PVEM_MORENA_NAS,208,0.4928909952606635,34,0.08056872037914692,PAN_PRI_PRD,174,0.41232227488151657,166,0.3933649289099526,MC,8,0.018957345971563982,174,0.41232227488151657,208,0.4928909952606635,8,0.018957345971563982,6,0.014218009478672985,6,0.014218009478672985,8,0.018957345971563982,0,0.0,12,0.02843601895734597,422,1.0,ORIGEN,SECCION,SOLO_COALICIONES
967,26,SONORA,HERMOSILLO,,12,496,1438,507,0.3525730180806676,0.6474269819193323,PT_PVEM_MORENA_NAS,327,0.6449704142011834,189,0.3727810650887574,PAN_PRI_PRD,138,0.27218934911242604,127,0.2504930966469428,MC,11,0.021696252465483234,PT_PVEM_MORENA_NAS,327,0.6449704142011834,189,0.3727810650887574,PAN_PRI_PRD,138,0.27218934911242604,127,0.2504930966469428,MC,11,0.021696252465483234,138,0.27218934911242604,327,0.6449704142011834,11,0.021696252465483234,8,0.015779092702169626,4,0.007889546351084813,2,0.0039447731755424065,1,0.0019723865877712033,16,0.03155818540433925,507,1.0,ORIGEN,SECCION,SOLO_COALICIONES
968,26,SONORA,HERMOSILLO,,12,497,388,162,0.4175257731958763,0.5824742268041236,PT_PVEM_MORENA_NAS,94,0.5802469135802469,34,0.20987654320987653,PAN_PRI_PRD,60,0.37037037037037035,56,0.345679012345679,MC,4,0.024691358024691357,PT_PVEM_MORENA_NAS,94,0.5802469135802469,34,0.20987654320987653,PAN_PRI_PRD,60,0.37037037037037035,56,0.345679012345679,MC,4,0.024691358024691357,60,0.37037037037037035,94,0.5802469135802469,4,0.024691358024691357,1,0.006172839506172839,0,0.0,1,0.006172839506172839,0,0.0,2,0.012345679012345678,162,1.0,ORIGEN,SECCION,SOLO_COALICIONES
969,26,SONORA,HERMOSILLO,,12,498,1531,787,0.5140431090790333,0.4859568909209667,PT_PVEM_MORENA_NAS,441,0.5603557814485387,153,0.19440914866581957,PAN_PRI_PRD,288,0.36594663278271916,272,0.34561626429479037,FxM,16,0.020330368487928845,PT_PVEM_MORENA_NAS,441,0.5603557814485387,153,0.19440914866581957,PAN_PRI_PRD,288,0.36594663278271916,272,0.34561626429479037,FxM,16,0.020330368487928845,288,0.36594663278271916,441,0.5603557814485387,13,0.016518424396442185,7,0.008894536213468869,12,0.015247776365946633,16,0.020330368487928845,2,0.0025412960609911056,8,0.010165184243964422,787,1.0,ORIGEN,SECCION,SOLO_COALICIONES
970,26,SONORA,HERMOSILLO,,12,507,424,226,0.5330188679245284,0.46698113207547165,PT_PVEM_MORENA_NAS,111,0.4911504424778761,7,0.030973451327433628,PAN_PRI_PRD,104,0.46017699115044247,101,0.4469026548672566,MC,3,0.01327433628318584,PT_PVEM_MORENA_NAS,111,0.4911504424778761,7,0.030973451327433628,PAN_PRI_PRD,104,0.46017699115044247,101,0.4469026548672566,MC,3,0.01327433628318584,104,0.46017699115044247,111,0.4911504424778761,3,0.01327433628318584,0,0.0,0,0.0,1,0.004424778761061947,2,0.008849557522123894,5,0.022123893805309734,226,1.0,ORIGEN,SECCION,SOLO_COALICIONES
971,26,SONORA,HERMOSILLO,,12,508,1265,813,0.6426877470355731,0.3573122529644269,PAN_PRI_PRD,485,0.5965559655596556,202,0.24846248462484624,PT_PVEM_MORENA_NAS,283,0.34809348093480935,265,0.32595325953259535,FxM,18,0.02214022140221402,PAN_PRI_PRD,485,0.5965559655596556,202,0.24846248462484624,PT_PVEM_MORENA_NAS,283,0.34809348093480935,265,0.32595325953259535,FxM,18,0.02214022140221402,485,0.5965559655596556,283,0.34809348093480935,16,0.01968019680196802,4,0.004920049200492005,1,0.0012300123001230013,18,0.02214022140221402,0,0.0,6,0.007380073800738007,813,1.0,ORIGEN,SECCION,SOLO_COALICIONES
972,26,SONORA,HERMOSILLO,,12,509,1785,922,0.5165266106442578,0.48347338935574224,PT_PVEM_MORENA_NAS,504,0.5466377440347071,153,0.16594360086767895,PAN_PRI_PRD,351,0.3806941431670282,321,0.3481561822125813,MC,30,0.03253796095444685,PT_PVEM_MORENA_NAS,504,0.5466377440347071,153,0.16594360086767895,PAN_PRI_PRD,351,0.3806941431670282,321,0.3481561822125813,MC,30,0.03253796095444685,351,0.3806941431670282,504,0.5466377440347071,30,0.03253796095444685,6,0.006507592190889371,5,0.005422993492407809,9,0.009761388286334056,2,0.0021691973969631237,15,0.016268980477223426,922,1.0,ORIGEN,SECCION,SOLO_COALICIONES
973,26,SONORA,HERMOSILLO,,12,510,898,1280,1.4253897550111359,-0.42538975501113585,PAN_PRI_PRD,663,0.51796875,141,0.11015625,PT_PVEM_MORENA_NAS,522,0.4078125,485,0.37890625,MC,37,0.02890625,PAN_PRI_PRD,663,0.51796875,141,0.11015625,PT_PVEM_MORENA_NAS,522,0.4078125,485,0.37890625,MC,37,0.02890625,663,0.51796875,522,0.4078125,37,0.02890625,7,0.00546875,5,0.00390625,7,0.00546875,3,0.00234375,36,0.028125,1280,1.0,ORIGEN,SECCION,SOLO_COALICIONES
974,26,SONORA,HERMOSILLO,,12,511,764,369,0.4829842931937173,0.5170157068062827,PT_PVEM_MORENA_NAS,239,0.6476964769647696,131,0.35501355013550134,PAN_PRI_PRD,108,0.2926829268292683,102,0.2764227642276423,MC,6,0.016260162601626018,PT_PVEM_MORENA_NAS,239,0.6476964769647696,131,0.35501355013550134,PAN_PRI_PRD,108,0.2926829268292683,102,0.2764227642276423,MC,6,0.016260162601626018,108,0.2926829268292683,239,0.6476964769647696,6,0.016260162601626018,1,0.0027100271002710027,3,0.008130081300813009,3,0.008130081300813009,1,0.0027100271002710027,8,0.02168021680216802,369,1.0,ORIGEN,SECCION,SOLO_COALICIONES
975,26,SONORA,HERMOSILLO,,12,512,1366,631,0.46193265007320644,0.5380673499267936,PT_PVEM_MORENA_NAS,372,0.589540412044374,171,0.27099841521394613,PAN_PRI_PRD,201,0.3185419968304279,182,0.2884310618066561,MC,19,0.030110935023771792,PT_PVEM_MORENA_NAS,372,0.589540412044374,171,0.27099841521394613,PAN_PRI_PRD,201,0.3185419968304279,182,0.2884310618066561,MC,19,0.030110935023771792,201,0.3185419968304279,372,0.589540412044374,19,0.030110935023771792,6,0.009508716323296355,3,0.004754358161648178,11,0.017432646592709985,4,0.006339144215530904,15,0.02377179080824089,631,1.0,ORIGEN,SECCION,SOLO_COALICIONES
976,26,SONORA,HERMOSILLO,,12,513,1066,521,0.48874296435272047,0.5112570356472795,PT_PVEM_MORENA_NAS,296,0.5681381957773513,101,0.19385796545105566,PAN_PRI_PRD,195,0.3742802303262956,183,0.3512476007677543,FxM,12,0.023032629558541268,PT_PVEM_MORENA_NAS,296,0.5681381957773513,101,0.19385796545105566,PAN_PRI_PRD,195,0.3742802303262956,183,0.3512476007677543,FxM,12,0.023032629558541268,195,0.3742802303262956,296,0.5681381957773513,9,0.01727447216890595,0,0.0,1,0.0019193857965451055,12,0.023032629558541268,1,0.0019193857965451055,7,0.013435700575815739,521,1.0,ORIGEN,SECCION,SOLO_COALICIONES
977,26,SONORA,HERMOSILLO,,12,514,2037,967,0.47471772214040253,0.5252822778595975,PT_PVEM_MORENA_NAS,575,0.594622543950362,235,0.24301964839710444,PAN_PRI_PRD,340,0.3516028955532575,325,0.3360910031023785,MC,15,0.015511892450879007,PT_PVEM_MORENA_NAS,575,0.594622543950362,235,0.24301964839710444,PAN_PRI_PRD,340,0.3516028955532575,325,0.3360910031023785,MC,15,0.015511892450879007,340,0.3516028955532575,575,0.594622543950362,15,0.015511892450879007,5,0.005170630816959669,7,0.007238883143743537,11,0.011375387797311272,0,0.0,14,0.014477766287487074,967,1.0,ORIGEN,SECCION,SOLO_COALICIONES
978,26,SONORA,HERMOSILLO,,12,515,301,131,0.43521594684385384,0.5647840531561461,PT_PVEM_MORENA_NAS,83,0.6335877862595419,45,0.3435114503816794,PAN_PRI_PRD,38,0.2900763358778626,34,0.2595419847328244,MC,4,0.030534351145038167,PT_PVEM_MORENA_NAS,83,0.6335877862595419,45,0.3435114503816794,PAN_PRI_PRD,38,0.2900763358778626,34,0.2595419847328244,MC,4,0.030534351145038167,38,0.2900763358778626,83,0.6335877862595419,4,0.030534351145038167,3,0.022900763358778626,0,0.0,1,0.007633587786259542,1,0.007633587786259542,1,0.007633587786259542,131,1.0,ORIGEN,SECCION,SOLO_COALICIONES
979,26,SONORA,HERMOSILLO,,12,516,392,249,0.6352040816326531,0.3647959183673469,PAN_PRI_PRD,124,0.4979919678714859,9,0.03614457831325301,PT_PVEM_MORENA_NAS,115,0.46184738955823296,113,0.4538152610441767,MC,2,0.008032128514056224,PAN_PRI_PRD,124,0.4979919678714859,9,0.03614457831325301,PT_PVEM_MORENA_NAS,115,0.46184738955823296,113,0.4538152610441767,MC,2,0.008032128514056224,124,0.4979919678714859,115,0.46184738955823296,2,0.008032128514056224,1,0.004016064257028112,1,0.004016064257028112,2,0.008032128514056224,0,0.0,4,0.01606425702811245,249,1.0,ORIGEN,SECCION,SOLO_COALICIONES
980,26,SONORA,HERMOSILLO,,12,529,1023,421,0.4115347018572825,0.5884652981427174,PT_PVEM_MORENA_NAS,221,0.5249406175771971,51,0.12114014251781473,PAN_PRI_PRD,170,0.40380047505938244,161,0.3824228028503563,MC,9,0.021377672209026127,PT_PVEM_MORENA_NAS,221,0.5249406175771971,51,0.12114014251781473,PAN_PRI_PRD,170,0.40380047505938244,161,0.3824228028503563,MC,9,0.021377672209026127,170,0.40380047505938244,221,0.5249406175771971,9,0.021377672209026127,2,0.004750593824228029,0,0.0,6,0.014251781472684086,0,0.0,13,0.030878859857482184,421,1.0,ORIGEN,SECCION,SOLO_COALICIONES
981,26,SONORA,HERMOSILLO,,12,530,698,302,0.4326647564469914,0.5673352435530086,PT_PVEM_MORENA_NAS,151,0.5,28,0.09271523178807947,PAN_PRI_PRD,123,0.40728476821192056,115,0.38079470198675497,MC,8,0.026490066225165563,PT_PVEM_MORENA_NAS,151,0.5,28,0.09271523178807947,PAN_PRI_PRD,123,0.40728476821192056,115,0.38079470198675497,MC,8,0.026490066225165563,123,0.40728476821192056,151,0.5,8,0.026490066225165563,3,0.009933774834437087,2,0.006622516556291391,3,0.009933774834437087,1,0.0033112582781456954,11,0.03642384105960265,302,1.0,ORIGEN,SECCION,SOLO_COALICIONES
982,26,SONORA,HERMOSILLO,,12,541,1336,588,0.44011976047904194,0.5598802395209581,PT_PVEM_MORENA_NAS,351,0.5969387755102041,161,0.27380952380952384,PAN_PRI_PRD,190,0.3231292517006803,168,0.2857142857142857,MC,22,0.03741496598639456,PT_PVEM_MORENA_NAS,351,0.5969387755102041,161,0.27380952380952384,PAN_PRI_PRD,190,0.3231292517006803,168,0.2857142857142857,MC,22,0.03741496598639456,190,0.3231292517006803,351,0.5969387755102041,22,0.03741496598639456,3,0.00510204081632653,4,0.006802721088435374,10,0.017006802721088437,0,0.0,8,0.013605442176870748,588,1.0,ORIGEN,SECCION,SOLO_COALICIONES
983,26,SONORA,HERMOSILLO,,12,547,723,338,0.46749654218533887,0.5325034578146611,PT_PVEM_MORENA_NAS,218,0.6449704142011834,121,0.35798816568047337,PAN_PRI_PRD,97,0.2869822485207101,88,0.2603550295857988,MC,9,0.026627218934911243,PT_PVEM_MORENA_NAS,218,0.6449704142011834,121,0.35798816568047337,PAN_PRI_PRD,97,0.2869822485207101,88,0.2603550295857988,MC,9,0.026627218934911243,97,0.2869822485207101,218,0.6449704142011834,9,0.026627218934911243,3,0.008875739644970414,1,0.0029585798816568047,5,0.014792899408284023,0,0.0,5,0.014792899408284023,338,1.0,ORIGEN,SECCION,SOLO_COALICIONES
984,26,SONORA,HERMOSILLO,,12,548,934,422,0.4518201284796574,0.5481798715203425,PT_PVEM_MORENA_NAS,255,0.6042654028436019,134,0.3175355450236967,PAN_PRI_PRD,121,0.28672985781990523,104,0.24644549763033174,MC,17,0.04028436018957346,PT_PVEM_MORENA_NAS,255,0.6042654028436019,134,0.3175355450236967,PAN_PRI_PRD,121,0.28672985781990523,104,0.24644549763033174,MC,17,0.04028436018957346,121,0.28672985781990523,255,0.6042654028436019,17,0.04028436018957346,6,0.014218009478672985,7,0.016587677725118485,3,0.0071090047393364926,1,0.002369668246445498,12,0.02843601895734597,422,1.0,ORIGEN,SECCION,SOLO_COALICIONES
985,26,SONORA,HERMOSILLO,,12,558,5032,2485,0.4938394276629571,0.5061605723370429,PT_PVEM_MORENA_NAS,1302,0.523943661971831,304,0.12233400402414486,PAN_PRI_PRD,998,0.4016096579476861,942,0.3790744466800805,MC,56,0.022535211267605635,PT_PVEM_MORENA_NAS,1302,0.523943661971831,304,0.12233400402414486,PAN_PRI_PRD,998,0.4016096579476861,942,0.3790744466800805,MC,56,0.022535211267605635,998,0.4016096579476861,1302,0.523943661971831,56,0.022535211267605635,17,0.006841046277665996,18,0.007243460764587525,41,0.016498993963782696,10,0.004024144869215292,43,0.017303822937625755,2485,1.0,ORIGEN,SECCION,SOLO_COALICIONES
986,26,SONORA,HERMOSILLO,,12,563,899,359,0.39933259176863184,0.6006674082313681,PT_PVEM_MORENA_NAS,239,0.6657381615598886,142,0.3955431754874652,PAN_PRI_PRD,97,0.27019498607242337,89,0.2479108635097493,FxM,8,0.022284122562674095,PT_PVEM_MORENA_NAS,239,0.6657381615598886,142,0.3955431754874652,PAN_PRI_PRD,97,0.27019498607242337,89,0.2479108635097493,FxM,8,0.022284122562674095,97,0.27019498607242337,239,0.6657381615598886,3,0.008356545961002786,2,0.005571030640668524,6,0.016713091922005572,8,0.022284122562674095,0,0.0,4,0.011142061281337047,359,1.0,ORIGEN,SECCION,SOLO_COALICIONES
987,26,SONORA,HERMOSILLO,,12,564,10129,3962,0.39115411195577054,0.6088458880442295,PT_PVEM_MORENA_NAS,2046,0.5164058556284705,443,0.11181221605249873,PAN_PRI_PRD,1603,0.4045936395759717,1492,0.37657748611812214,MC,111,0.02801615345784957,PT_PVEM_MORENA_NAS,2046,0.5164058556284705,443,0.11181221605249873,PAN_PRI_PRD,1603,0.4045936395759717,1492,0.37657748611812214,MC,111,0.02801615345784957,1603,0.4045936395759717,2046,0.5164058556284705,111,0.02801615345784957,20,0.005047955577990914,31,0.007824331145885917,69,0.01741544674406865,7,0.0017667844522968198,75,0.018929833417465926,3962,1.0,ORIGEN,SECCION,SOLO_COALICIONES
988,26,SONORA,HERMOSILLO,,12,565,2132,987,0.4629455909943715,0.5370544090056285,PT_PVEM_MORENA_NAS,538,0.5450861195542046,168,0.1702127659574468,PAN_PRI_PRD,370,0.37487335359675783,347,0.3515704154002026,FxM,23,0.02330293819655522,PT_PVEM_MORENA_NAS,538,0.5450861195542046,168,0.1702127659574468,PAN_PRI_PRD,370,0.37487335359675783,347,0.3515704154002026,FxM,23,0.02330293819655522,370,0.37487335359675783,538,0.5450861195542046,16,0.016210739614994935,11,0.011144883485309016,2,0.002026342451874367,23,0.02330293819655522,2,0.002026342451874367,25,0.025329280648429583,987,1.0,ORIGEN,SECCION,SOLO_COALICIONES
989,26,SONORA,HERMOSILLO,,12,581,1534,644,0.4198174706649283,0.5801825293350718,PT_PVEM_MORENA_NAS,436,0.6770186335403726,271,0.42080745341614906,PAN_PRI_PRD,165,0.2562111801242236,146,0.2267080745341615,MC,19,0.029503105590062112,PT_PVEM_MORENA_NAS,436,0.6770186335403726,271,0.42080745341614906,PAN_PRI_PRD,165,0.2562111801242236,146,0.2267080745341615,MC,19,0.029503105590062112,165,0.2562111801242236,436,0.6770186335403726,19,0.029503105590062112,3,0.004658385093167702,2,0.003105590062111801,8,0.012422360248447204,1,0.0015527950310559005,10,0.015527950310559006,644,1.0,ORIGEN,SECCION,SOLO_COALICIONES
990,26,SONORA,HERMOSILLO,,12,582,1445,563,0.38961937716262973,0.6103806228373703,PT_PVEM_MORENA_NAS,376,0.6678507992895204,234,0.41563055062166965,PAN_PRI_PRD,142,0.2522202486678508,125,0.22202486678507993,MC,17,0.03019538188277087,PT_PVEM_MORENA_NAS,376,0.6678507992895204,234,0.41563055062166965,PAN_PRI_PRD,142,0.2522202486678508,125,0.22202486678507993,MC,17,0.03019538188277087,142,0.2522202486678508,376,0.6678507992895204,17,0.03019538188277087,3,0.0053285968028419185,3,0.0053285968028419185,4,0.007104795737122558,1,0.0017761989342806395,17,0.03019538188277087,563,1.0,ORIGEN,SECCION,SOLO_COALICIONES
991,26,SONORA,HERMOSILLO,,12,584,1962,840,0.42813455657492355,0.5718654434250765,PT_PVEM_MORENA_NAS,521,0.6202380952380953,290,0.34523809523809523,PAN_PRI_PRD,231,0.275,201,0.2392857142857143,MC,30,0.03571428571428571,PT_PVEM_MORENA_NAS,521,0.6202380952380953,290,0.34523809523809523,PAN_PRI_PRD,231,0.275,201,0.2392857142857143,MC,30,0.03571428571428571,231,0.275,521,0.6202380952380953,30,0.03571428571428571,9,0.010714285714285714,10,0.011904761904761904,22,0.02619047619047619,0,0.0,17,0.02023809523809524,840,1.0,ORIGEN,SECCION,SOLO_COALICIONES
992,26,SONORA,HERMOSILLO,,12,586,1404,447,0.31837606837606836,0.6816239316239316,PT_PVEM_MORENA_NAS,275,0.6152125279642058,159,0.35570469798657717,PAN_PRI_PRD,116,0.2595078299776286,97,0.21700223713646533,MC,19,0.042505592841163314,PT_PVEM_MORENA_NAS,275,0.6152125279642058,159,0.35570469798657717,PAN_PRI_PRD,116,0.2595078299776286,97,0.21700223713646533,MC,19,0.042505592841163314,116,0.2595078299776286,275,0.6152125279642058,19,0.042505592841163314,7,0.015659955257270694,6,0.013422818791946308,10,0.02237136465324385,0,0.0,14,0.03131991051454139,447,1.0,ORIGEN,SECCION,SOLO_COALICIONES
993,26,SONORA,HERMOSILLO,,12,587,1322,430,0.32526475037821484,0.6747352496217851,PT_PVEM_MORENA_NAS,306,0.7116279069767442,240,0.5581395348837209,PAN_PRI_PRD,66,0.15348837209302327,38,0.08837209302325581,MC,28,0.06511627906976744,PT_PVEM_MORENA_NAS,306,0.7116279069767442,240,0.5581395348837209,PAN_PRI_PRD,66,0.15348837209302327,38,0.08837209302325581,MC,28,0.06511627906976744,66,0.15348837209302327,306,0.7116279069767442,28,0.06511627906976744,9,0.020930232558139535,4,0.009302325581395349,1,0.002325581395348837,0,0.0,16,0.037209302325581395,430,1.0,ORIGEN,SECCION,SOLO_COALICIONES
994,26,SONORA,HERMOSILLO,,12,589,3999,1378,0.34458614653663416,0.6554138534633658,PT_PVEM_MORENA_NAS,778,0.5645863570391872,293,0.21262699564586357,PAN_PRI_PRD,485,0.3519593613933237,447,0.3243831640058055,MC,38,0.027576197387518143,PT_PVEM_MORENA_NAS,778,0.5645863570391872,293,0.21262699564586357,PAN_PRI_PRD,485,0.3519593613933237,447,0.3243831640058055,MC,38,0.027576197387518143,485,0.3519593613933237,778,0.5645863570391872,38,0.027576197387518143,10,0.00725689404934688,14,0.010159651669085631,10,0.00725689404934688,0,0.0,43,0.031204644412191583,1378,1.0,ORIGEN,SECCION,SOLO_COALICIONES
995,26,SONORA,HERMOSILLO,,12,592,4214,1852,0.4394874228761272,0.5605125771238728,PT_PVEM_MORENA_NAS,1155,0.6236501079913607,594,0.3207343412526998,PAN_PRI_PRD,561,0.3029157667386609,506,0.2732181425485961,MC,55,0.029697624190064796,PT_PVEM_MORENA_NAS,1155,0.6236501079913607,594,0.3207343412526998,PAN_PRI_PRD,561,0.3029157667386609,506,0.2732181425485961,MC,55,0.029697624190064796,561,0.3029157667386609,1155,0.6236501079913607,55,0.029697624190064796,13,0.007019438444924406,6,0.0032397408207343412,10,0.005399568034557235,1,0.0005399568034557236,51,0.0275377969762419,1852,1.0,ORIGEN,SECCION,SOLO_COALICIONES
996,26,SONORA,HERMOSILLO,,12,593,962,342,0.35550935550935553,0.6444906444906444,PT_PVEM_MORENA_NAS,255,0.7456140350877193,189,0.5526315789473685,PAN_PRI_PRD,66,0.19298245614035087,62,0.18128654970760233,MC,4,0.011695906432748537,PT_PVEM_MORENA_NAS,255,0.7456140350877193,189,0.5526315789473685,PAN_PRI_PRD,66,0.19298245614035087,62,0.18128654970760233,MC,4,0.011695906432748537,66,0.19298245614035087,255,0.7456140350877193,4,0.011695906432748537,3,0.008771929824561403,2,0.005847953216374269,2,0.005847953216374269,0,0.0,10,0.029239766081871343,342,1.0,ORIGEN,SECCION,SOLO_COALICIONES
997,26,SONORA,HERMOSILLO,,12,1529,764,308,0.4031413612565445,0.5968586387434556,PT_PVEM_MORENA_NAS,168,0.5454545454545454,59,0.19155844155844157,PAN_PRI_PRD,109,0.3538961038961039,98,0.3181818181818182,MC,11,0.03571428571428571,PT_PVEM_MORENA_NAS,168,0.5454545454545454,59,0.19155844155844157,PAN_PRI_PRD,109,0.3538961038961039,98,0.3181818181818182,MC,11,0.03571428571428571,109,0.3538961038961039,168,0.5454545454545454,11,0.03571428571428571,2,0.006493506493506494,6,0.01948051948051948,8,0.025974025974025976,0,0.0,4,0.012987012987012988,308,1.0,ORIGEN,SECCION,SOLO_COALICIONES
998,26,SONORA,HERMOSILLO,,12,1530,1085,428,0.39447004608294933,0.6055299539170507,PT_PVEM_MORENA_NAS,251,0.5864485981308412,112,0.2616822429906542,PAN_PRI_PRD,139,0.3247663551401869,125,0.29205607476635514,MC,14,0.03271028037383177,PT_PVEM_MORENA_NAS,251,0.5864485981308412,112,0.2616822429906542,PAN_PRI_PRD,139,0.3247663551401869,125,0.29205607476635514,MC,14,0.03271028037383177,139,0.3247663551401869,251,0.5864485981308412,14,0.03271028037383177,4,0.009345794392523364,4,0.009345794392523364,10,0.02336448598130841,0,0.0,6,0.014018691588785047,428,1.0,ORIGEN,SECCION,SOLO_COALICIONES
999,26,SONORA,HERMOSILLO,,12,1532,1023,442,0.43206256109481916,0.5679374389051808,PT_PVEM_MORENA_NAS,270,0.6108597285067874,133,0.3009049773755656,PAN_PRI_PRD,137,0.30995475113122173,121,0.2737556561085973,MC,16,0.03619909502262444,PT_PVEM_MORENA_NAS,270,0.6108597285067874,133,0.3009049773755656,PAN_PRI_PRD,137,0.30995475113122173,121,0.2737556561085973,MC,16,0.03619909502262444,137,0.30995475113122173,270,0.6108597285067874,16,0.03619909502262444,0,0.0,5,0.011312217194570135,9,0.020361990950226245,0,0.0,5,0.011312217194570135,442,1.0,ORIGEN,SECCION,SOLO_COALICIONES
1000,26,SONORA,HERMOSILLO,,12,1540,782,371,0.4744245524296675,0.5255754475703325,PT_PVEM_MORENA_NAS,215,0.5795148247978437,86,0.23180592991913745,PAN_PRI_PRD,129,0.3477088948787062,118,0.31805929919137466,MC,11,0.029649595687331536,PT_PVEM_MORENA_NAS,215,0.5795148247978437,86,0.23180592991913745,PAN_PRI_PRD,129,0.3477088948787062,118,0.31805929919137466,MC,11,0.029649595687331536,129,0.3477088948787062,215,0.5795148247978437,11,0.029649595687331536,3,0.008086253369272238,2,0.005390835579514825,6,0.016172506738544475,1,0.0026954177897574125,4,0.01078167115902965,371,1.0,ORIGEN,SECCION,SOLO_COALICIONES
1001,26,SONORA,HERMOSILLO,,12,1548,2090,606,0.28995215311004785,0.7100478468899522,PT_PVEM_MORENA_NAS,384,0.6336633663366337,210,0.3465346534653465,PAN_PRI_PRD,174,0.2871287128712871,159,0.2623762376237624,MC,15,0.024752475247524754,PT_PVEM_MORENA_NAS,384,0.6336633663366337,210,0.3465346534653465,PAN_PRI_PRD,174,0.2871287128712871,159,0.2623762376237624,MC,15,0.024752475247524754,174,0.2871287128712871,384,0.6336633663366337,15,0.024752475247524754,7,0.01155115511551155,7,0.01155115511551155,4,0.006600660066006601,1,0.0016501650165016502,14,0.0231023102310231,606,1.0,ORIGEN,SECCION,SOLO_COALICIONES
1002,26,SONORA,HERMOSILLO,,12,1549,1291,470,0.3640588690937258,0.6359411309062741,PT_PVEM_MORENA_NAS,249,0.5297872340425532,125,0.26595744680851063,PAN_PRI_PRD,124,0.26382978723404255,49,0.10425531914893617,MC,75,0.1595744680851064,PT_PVEM_MORENA_NAS,249,0.5297872340425532,125,0.26595744680851063,PAN_PRI_PRD,124,0.26382978723404255,49,0.10425531914893617,MC,75,0.1595744680851064,124,0.26382978723404255,249,0.5297872340425532,75,0.1595744680851064,3,0.006382978723404255,4,0.00851063829787234,9,0.019148936170212766,0,0.0,6,0.01276595744680851,470,1.0,ORIGEN,SECCION,SOLO_COALICIONES
1003,26,SONORA,HERMOSILLO,,12,1550,1927,697,0.3617021276595745,0.6382978723404256,PT_PVEM_MORENA_NAS,437,0.6269727403156384,230,0.3299856527977044,PAN_PRI_PRD,207,0.296987087517934,187,0.2682926829268293,MC,20,0.028694404591104734,PT_PVEM_MORENA_NAS,437,0.6269727403156384,230,0.3299856527977044,PAN_PRI_PRD,207,0.296987087517934,187,0.2682926829268293,MC,20,0.028694404591104734,207,0.296987087517934,437,0.6269727403156384,20,0.028694404591104734,3,0.00430416068866571,5,0.007173601147776184,8,0.011477761836441894,2,0.0028694404591104736,15,0.021520803443328552,697,1.0,ORIGEN,SECCION,SOLO_COALICIONES
1004,26,SONORA,HERMOSILLO,,12,1551,2339,617,0.26378794356562635,0.7362120564343737,PT_PVEM_MORENA_NAS,408,0.6612641815235009,241,0.3905996758508914,PAN_PRI_PRD,167,0.2706645056726094,152,0.24635332252836303,MC,15,0.024311183144246355,PT_PVEM_MORENA_NAS,408,0.6612641815235009,241,0.3905996758508914,PAN_PRI_PRD,167,0.2706645056726094,152,0.24635332252836303,MC,15,0.024311183144246355,167,0.2706645056726094,408,0.6612641815235009,15,0.024311183144246355,5,0.008103727714748784,3,0.004862236628849271,8,0.012965964343598054,0,0.0,11,0.017828200972447326,617,1.0,ORIGEN,SECCION,SOLO_COALICIONES
1005,26,SONORA,HERMOSILLO,,12,1553,1281,433,0.33801717408274784,0.6619828259172522,PT_PVEM_MORENA_NAS,263,0.6073903002309469,127,0.29330254041570436,PAN_PRI_PRD,136,0.3140877598152425,119,0.2748267898383372,MC,17,0.03926096997690531,PT_PVEM_MORENA_NAS,263,0.6073903002309469,127,0.29330254041570436,PAN_PRI_PRD,136,0.3140877598152425,119,0.2748267898383372,MC,17,0.03926096997690531,136,0.3140877598152425,263,0.6073903002309469,17,0.03926096997690531,7,0.016166281755196306,0,0.0,6,0.013856812933025405,0,0.0,4,0.009237875288683603,433,1.0,ORIGEN,SECCION,SOLO_COALICIONES
1006,26,SONORA,HERMOSILLO,,12,1555,2571,699,0.2718786464410735,0.7281213535589265,PT_PVEM_MORENA_NAS,481,0.6881258941344778,316,0.4520743919885551,PAN_PRI_PRD,165,0.23605150214592274,146,0.2088698140200286,MC,19,0.027181688125894134,PT_PVEM_MORENA_NAS,481,0.6881258941344778,316,0.4520743919885551,PAN_PRI_PRD,165,0.23605150214592274,146,0.2088698140200286,MC,19,0.027181688125894134,165,0.23605150214592274,481,0.6881258941344778,19,0.027181688125894134,7,0.010014306151645207,7,0.010014306151645207,5,0.00715307582260372,1,0.001430615164520744,14,0.020028612303290415,699,1.0,ORIGEN,SECCION,SOLO_COALICIONES
1007,26,SONORA,HERMOSILLO,,12,1556,1675,525,0.31343283582089554,0.6865671641791045,PT_PVEM_MORENA_NAS,340,0.6476190476190476,185,0.3523809523809524,PAN_PRI_PRD,155,0.29523809523809524,140,0.26666666666666666,MC,15,0.02857142857142857,PT_PVEM_MORENA_NAS,340,0.6476190476190476,185,0.3523809523809524,PAN_PRI_PRD,155,0.29523809523809524,140,0.26666666666666666,MC,15,0.02857142857142857,155,0.29523809523809524,340,0.6476190476190476,15,0.02857142857142857,2,0.0038095238095238095,2,0.0038095238095238095,2,0.0038095238095238095,0,0.0,9,0.017142857142857144,525,1.0,ORIGEN,SECCION,SOLO_COALICIONES
1008,26,SONORA,HUACHINERA,,18,107,745,608,0.8161073825503355,0.18389261744966445,PT_PVEM_MORENA_NAS,308,0.506578947368421,51,0.08388157894736842,PAN_PRI_PRD,257,0.42269736842105265,249,0.4095394736842105,MC,8,0.013157894736842105,PT_PVEM_MORENA_NAS,308,0.506578947368421,51,0.08388157894736842,PAN_PRI_PRD,257,0.42269736842105265,249,0.4095394736842105,MC,8,0.013157894736842105,257,0.42269736842105265,308,0.506578947368421,8,0.013157894736842105,8,0.013157894736842105,2,0.003289473684210526,4,0.006578947368421052,0,0.0,21,0.03453947368421053,608,1.0,ORIGEN,SECCION,SOLO_COALICIONES
1009,26,SONORA,HUACHINERA,,18,108,292,251,0.8595890410958904,0.1404109589041096,PT_PVEM_MORENA_NAS,148,0.5896414342629482,69,0.2749003984063745,PAN_PRI_PRD,79,0.3147410358565737,73,0.2908366533864542,MC,6,0.02390438247011952,PT_PVEM_MORENA_NAS,148,0.5896414342629482,69,0.2749003984063745,PAN_PRI_PRD,79,0.3147410358565737,73,0.2908366533864542,MC,6,0.02390438247011952,79,0.3147410358565737,148,0.5896414342629482,6,0.02390438247011952,3,0.01195219123505976,6,0.02390438247011952,0,0.0,0,0.0,9,0.035856573705179286,251,1.0,ORIGEN,SECCION,SOLO_COALICIONES
1010,26,SONORA,HUASABAS,,18,109,1332,921,0.6914414414414415,0.3085585585585585,PT_PVEM_MORENA_NAS,463,0.50271444082519,136,0.1476655808903366,PAN_PRI_PRD,327,0.3550488599348534,283,0.30727470141150925,MC,44,0.04777415852334419,PT_PVEM_MORENA_NAS,463,0.50271444082519,136,0.1476655808903366,PAN_PRI_PRD,327,0.3550488599348534,283,0.30727470141150925,MC,44,0.04777415852334419,327,0.3550488599348534,463,0.50271444082519,44,0.04777415852334419,11,0.011943539630836048,6,0.006514657980456026,16,0.01737242128121607,0,0.0,54,0.05863192182410423,921,1.0,ORIGEN,SECCION,SOLO_COALICIONES
1011,26,SONORA,HUATABAMPO,,21,1189,1591,791,0.497171590194846,0.502828409805154,PT_PVEM_MORENA_NAS,447,0.5651074589127687,167,0.2111251580278129,PAN_PRI_PRD,280,0.35398230088495575,239,0.30214917825537296,MC,41,0.051833122629582805,PT_PVEM_MORENA_NAS,447,0.5651074589127687,167,0.2111251580278129,PAN_PRI_PRD,280,0.35398230088495575,239,0.30214917825537296,MC,41,0.051833122629582805,280,0.35398230088495575,447,0.5651074589127687,41,0.051833122629582805,4,0.0050568900126422255,0,0.0,7,0.008849557522123894,0,0.0,12,0.015170670037926675,791,1.0,ORIGEN,SECCION,SOLO_COALICIONES
1012,26,SONORA,HUATABAMPO,,21,1190,2794,1474,0.5275590551181102,0.4724409448818898,PT_PVEM_MORENA_NAS,817,0.5542740841248304,268,0.18181818181818182,PAN_PRI_PRD,549,0.3724559023066486,484,0.3283582089552239,MC,65,0.044097693351424695,PT_PVEM_MORENA_NAS,817,0.5542740841248304,268,0.18181818181818182,PAN_PRI_PRD,549,0.3724559023066486,484,0.3283582089552239,MC,65,0.044097693351424695,549,0.3724559023066486,817,0.5542740841248304,65,0.044097693351424695,11,0.007462686567164179,1,0.0006784260515603799,8,0.005427408412483039,0,0.0,23,0.015603799185888738,1474,1.0,ORIGEN,SECCION,SOLO_COALICIONES
1013,26,SONORA,HUATABAMPO,,21,1191,925,493,0.532972972972973,0.46702702702702703,PT_PVEM_MORENA_NAS,312,0.6328600405679513,184,0.37322515212981744,PAN_PRI_PRD,128,0.25963488843813387,98,0.19878296146044624,MC,30,0.060851926977687626,PT_PVEM_MORENA_NAS,312,0.6328600405679513,184,0.37322515212981744,PAN_PRI_PRD,128,0.25963488843813387,98,0.19878296146044624,MC,30,0.060851926977687626,128,0.25963488843813387,312,0.6328600405679513,30,0.060851926977687626,6,0.012170385395537525,3,0.006085192697768763,4,0.008113590263691683,0,0.0,10,0.02028397565922921,493,1.0,ORIGEN,SECCION,SOLO_COALICIONES
1014,26,SONORA,HUATABAMPO,,21,1192,1182,673,0.5693739424703892,0.4306260575296108,PT_PVEM_MORENA_NAS,321,0.4769687964338782,47,0.06983655274888559,PAN_PRI_PRD,274,0.40713224368499257,243,0.3610698365527489,MC,31,0.04606240713224369,PT_PVEM_MORENA_NAS,321,0.4769687964338782,47,0.06983655274888559,PAN_PRI_PRD,274,0.40713224368499257,243,0.3610698365527489,MC,31,0.04606240713224369,274,0.40713224368499257,321,0.4769687964338782,31,0.04606240713224369,2,0.0029717682020802376,4,0.005943536404160475,12,0.017830609212481426,0,0.0,29,0.04309063893016345,673,1.0,ORIGEN,SECCION,SOLO_COALICIONES
1015,26,SONORA,HUATABAMPO,,21,1193,924,516,0.5584415584415584,0.4415584415584416,PAN_PRI_PRD,259,0.501937984496124,37,0.07170542635658915,PT_PVEM_MORENA_NAS,222,0.43023255813953487,200,0.3875968992248062,MC,22,0.04263565891472868,PAN_PRI_PRD,259,0.501937984496124,37,0.07170542635658915,PT_PVEM_MORENA_NAS,222,0.43023255813953487,200,0.3875968992248062,MC,22,0.04263565891472868,259,0.501937984496124,222,0.43023255813953487,22,0.04263565891472868,7,0.013565891472868217,0,0.0,2,0.003875968992248062,0,0.0,4,0.007751937984496124,516,1.0,ORIGEN,SECCION,SOLO_COALICIONES
1016,26,SONORA,HUATABAMPO,,21,1194,956,545,0.5700836820083682,0.42991631799163177,PAN_PRI_PRD,159,0.29174311926605506,32,0.05871559633027523,RSP,127,0.23302752293577983,4,0.007339449541284404,FxM,123,0.22568807339449543,PAN_PRI_PRD,159,0.29174311926605506,32,0.05871559633027523,RSP,127,0.23302752293577983,4,0.007339449541284404,FxM,123,0.22568807339449543,159,0.29174311926605506,105,0.1926605504587156,16,0.029357798165137616,2,0.003669724770642202,127,0.23302752293577983,123,0.22568807339449543,3,0.005504587155963303,10,0.01834862385321101,545,1.0,ORIGEN,SECCION,SOLO_COALICIONES
1017,26,SONORA,HUATABAMPO,,21,1195,3375,1618,0.4794074074074074,0.5205925925925926,PT_PVEM_MORENA_NAS,909,0.5618046971569839,404,0.24969097651421507,PAN_PRI_PRD,505,0.3121137206427689,394,0.24351050679851668,MC,111,0.06860321384425216,PT_PVEM_MORENA_NAS,909,0.5618046971569839,404,0.24969097651421507,PAN_PRI_PRD,505,0.3121137206427689,394,0.24351050679851668,MC,111,0.06860321384425216,505,0.3121137206427689,909,0.5618046971569839,111,0.06860321384425216,17,0.010506798516687269,16,0.009888751545117428,11,0.006798516687268232,0,0.0,49,0.030284301606922127,1618,1.0,ORIGEN,SECCION,SOLO_COALICIONES
1018,26,SONORA,HUATABAMPO,,21,1196,547,334,0.6106032906764168,0.38939670932358317,PAN_PRI_PRD,167,0.5,27,0.08083832335329341,PT_PVEM_MORENA_NAS,140,0.41916167664670656,125,0.37425149700598803,MC,15,0.04491017964071856,PAN_PRI_PRD,167,0.5,27,0.08083832335329341,PT_PVEM_MORENA_NAS,140,0.41916167664670656,125,0.37425149700598803,MC,15,0.04491017964071856,167,0.5,140,0.41916167664670656,15,0.04491017964071856,3,0.008982035928143712,2,0.005988023952095809,4,0.011976047904191617,0,0.0,3,0.008982035928143712,334,1.0,ORIGEN,SECCION,SOLO_COALICIONES
1019,26,SONORA,HUATABAMPO,,21,1197,1340,674,0.5029850746268657,0.4970149253731343,PT_PVEM_MORENA_NAS,330,0.4896142433234421,47,0.06973293768545995,PAN_PRI_PRD,283,0.4198813056379822,249,0.3694362017804154,MC,34,0.050445103857566766,PT_PVEM_MORENA_NAS,330,0.4896142433234421,47,0.06973293768545995,PAN_PRI_PRD,283,0.4198813056379822,249,0.3694362017804154,MC,34,0.050445103857566766,283,0.4198813056379822,330,0.4896142433234421,34,0.050445103857566766,7,0.010385756676557863,4,0.005934718100890208,3,0.004451038575667656,0,0.0,13,0.019287833827893175,674,1.0,ORIGEN,SECCION,SOLO_COALICIONES
1020,26,SONORA,HUATABAMPO,,21,1198,910,937,1.0296703296703296,-0.029670329670329565,PT_PVEM_MORENA_NAS,447,0.47705442902881534,7,0.007470651013874066,PAN_PRI_PRD,440,0.4695837780149413,424,0.45250800426894344,MC,16,0.017075773745997867,PT_PVEM_MORENA_NAS,447,0.47705442902881534,7,0.007470651013874066,PAN_PRI_PRD,440,0.4695837780149413,424,0.45250800426894344,MC,16,0.017075773745997867,440,0.4695837780149413,447,0.47705442902881534,16,0.017075773745997867,11,0.011739594450373533,3,0.0032017075773745998,11,0.011739594450373533,0,0.0,9,0.0096051227321238,937,1.0,ORIGEN,SECCION,SOLO_COALICIONES
1021,26,SONORA,HUATABAMPO,,21,1199,1955,1041,0.5324808184143223,0.46751918158567773,PT_PVEM_MORENA_NAS,493,0.473583093179635,26,0.024975984630163303,PAN_PRI_PRD,467,0.44860710854947167,423,0.40634005763688763,MC,44,0.04226705091258405,PT_PVEM_MORENA_NAS,493,0.473583093179635,26,0.024975984630163303,PAN_PRI_PRD,467,0.44860710854947167,423,0.40634005763688763,MC,44,0.04226705091258405,467,0.44860710854947167,493,0.473583093179635,44,0.04226705091258405,8,0.007684918347742555,2,0.0019212295869356388,7,0.0067243035542747355,1,0.0009606147934678194,19,0.01825168107588857,1041,1.0,ORIGEN,SECCION,SOLO_COALICIONES
1022,26,SONORA,HUATABAMPO,,21,1200,576,307,0.5329861111111112,0.46701388888888884,PT_PVEM_MORENA_NAS,175,0.5700325732899023,83,0.2703583061889251,PAN_PRI_PRD,92,0.2996742671009772,79,0.25732899022801303,MC,13,0.04234527687296417,PT_PVEM_MORENA_NAS,175,0.5700325732899023,83,0.2703583061889251,PAN_PRI_PRD,92,0.2996742671009772,79,0.25732899022801303,MC,13,0.04234527687296417,92,0.2996742671009772,175,0.5700325732899023,13,0.04234527687296417,9,0.029315960912052116,4,0.013029315960912053,3,0.009771986970684038,0,0.0,11,0.035830618892508145,307,1.0,ORIGEN,SECCION,SOLO_COALICIONES
1023,26,SONORA,HUATABAMPO,,21,1201,1767,852,0.48217317487266553,0.5178268251273345,PT_PVEM_MORENA_NAS,471,0.5528169014084507,173,0.20305164319248825,PAN_PRI_PRD,298,0.34976525821596244,262,0.3075117370892019,MC,36,0.04225352112676056,PT_PVEM_MORENA_NAS,471,0.5528169014084507,173,0.20305164319248825,PAN_PRI_PRD,298,0.34976525821596244,262,0.3075117370892019,MC,36,0.04225352112676056,298,0.34976525821596244,471,0.5528169014084507,36,0.04225352112676056,7,0.008215962441314555,4,0.004694835680751174,4,0.004694835680751174,1,0.0011737089201877935,31,0.036384976525821594,852,1.0,ORIGEN,SECCION,SOLO_COALICIONES
1024,26,SONORA,HUATABAMPO,,21,1202,1230,620,0.5040650406504065,0.49593495934959353,PT_PVEM_MORENA_NAS,362,0.5838709677419355,151,0.2435483870967742,PAN_PRI_PRD,211,0.3403225806451613,188,0.3032258064516129,MC,23,0.037096774193548385,PT_PVEM_MORENA_NAS,362,0.5838709677419355,151,0.2435483870967742,PAN_PRI_PRD,211,0.3403225806451613,188,0.3032258064516129,MC,23,0.037096774193548385,211,0.3403225806451613,362,0.5838709677419355,23,0.037096774193548385,9,0.014516129032258065,2,0.0032258064516129032,3,0.004838709677419355,0,0.0,10,0.016129032258064516,620,1.0,ORIGEN,SECCION,SOLO_COALICIONES
1025,26,SONORA,HUATABAMPO,,21,1203,3274,1319,0.402871105681124,0.597128894318876,PT_PVEM_MORENA_NAS,754,0.5716451857467779,314,0.23805913570887036,PAN_PRI_PRD,440,0.33358605003790753,381,0.288855193328279,MC,59,0.04473085670962851,PT_PVEM_MORENA_NAS,754,0.5716451857467779,314,0.23805913570887036,PAN_PRI_PRD,440,0.33358605003790753,381,0.288855193328279,MC,59,0.04473085670962851,440,0.33358605003790753,754,0.5716451857467779,59,0.04473085670962851,10,0.0075815011372251705,3,0.002274450341167551,11,0.008339651250947688,1,0.000758150113722517,41,0.0310841546626232,1319,1.0,ORIGEN,SECCION,SOLO_COALICIONES
1026,26,SONORA,HUATABAMPO,,21,1204,816,427,0.5232843137254902,0.4767156862745098,PT_PVEM_MORENA_NAS,259,0.6065573770491803,138,0.3231850117096019,PAN_PRI_PRD,121,0.28337236533957844,91,0.21311475409836064,MC,30,0.0702576112412178,PT_PVEM_MORENA_NAS,259,0.6065573770491803,138,0.3231850117096019,PAN_PRI_PRD,121,0.28337236533957844,91,0.21311475409836064,MC,30,0.0702576112412178,121,0.28337236533957844,259,0.6065573770491803,30,0.0702576112412178,5,0.0117096018735363,0,0.0,4,0.00936768149882904,0,0.0,8,0.01873536299765808,427,1.0,ORIGEN,SECCION,SOLO_COALICIONES
1027,26,SONORA,HUATABAMPO,,21,1205,1213,649,0.5350370981038747,0.4649629018961253,PT_PVEM_MORENA_NAS,416,0.6409861325115562,216,0.33281972265023113,PAN_PRI_PRD,200,0.3081664098613251,190,0.29275808936825887,MC,10,0.015408320493066256,PT_PVEM_MORENA_NAS,416,0.6409861325115562,216,0.33281972265023113,PAN_PRI_PRD,200,0.3081664098613251,190,0.29275808936825887,MC,10,0.015408320493066256,200,0.3081664098613251,416,0.6409861325115562,10,0.015408320493066256,7,0.01078582434514638,0,0.0,4,0.0061633281972265025,1,0.0015408320493066256,11,0.01694915254237288,649,1.0,ORIGEN,SECCION,SOLO_COALICIONES
1028,26,SONORA,HUATABAMPO,,21,1206,1302,685,0.5261136712749616,0.47388632872503844,PT_PVEM_MORENA_NAS,434,0.6335766423357664,262,0.38248175182481753,PAN_PRI_PRD,172,0.2510948905109489,138,0.20145985401459854,MC,34,0.049635036496350364,PT_PVEM_MORENA_NAS,434,0.6335766423357664,262,0.38248175182481753,PAN_PRI_PRD,172,0.2510948905109489,138,0.20145985401459854,MC,34,0.049635036496350364,172,0.2510948905109489,434,0.6335766423357664,34,0.049635036496350364,7,0.010218978102189781,7,0.010218978102189781,6,0.008759124087591242,0,0.0,25,0.0364963503649635,685,1.0,ORIGEN,SECCION,SOLO_COALICIONES
1029,26,SONORA,HUATABAMPO,,21,1207,1130,590,0.5221238938053098,0.47787610619469023,PT_PVEM_MORENA_NAS,357,0.6050847457627119,184,0.31186440677966104,PAN_PRI_PRD,173,0.29322033898305083,154,0.26101694915254237,MC,19,0.03220338983050847,PT_PVEM_MORENA_NAS,357,0.6050847457627119,184,0.31186440677966104,PAN_PRI_PRD,173,0.29322033898305083,154,0.26101694915254237,MC,19,0.03220338983050847,173,0.29322033898305083,357,0.6050847457627119,19,0.03220338983050847,9,0.015254237288135594,5,0.00847457627118644,3,0.005084745762711864,0,0.0,24,0.04067796610169491,590,1.0,ORIGEN,SECCION,SOLO_COALICIONES
1030,26,SONORA,HUATABAMPO,,21,1208,1290,704,0.5457364341085271,0.4542635658914729,PT_PVEM_MORENA_NAS,430,0.6107954545454546,242,0.34375,PAN_PRI_PRD,188,0.26704545454545453,152,0.2159090909090909,MC,36,0.05113636363636364,PT_PVEM_MORENA_NAS,430,0.6107954545454546,242,0.34375,PAN_PRI_PRD,188,0.26704545454545453,152,0.2159090909090909,MC,36,0.05113636363636364,188,0.26704545454545453,430,0.6107954545454546,36,0.05113636363636364,12,0.017045454545454544,4,0.005681818181818182,6,0.008522727272727272,0,0.0,28,0.03977272727272727,704,1.0,ORIGEN,SECCION,SOLO_COALICIONES
1031,26,SONORA,HUATABAMPO,,21,1209,1604,914,0.5698254364089775,0.43017456359102246,PT_PVEM_MORENA_NAS,615,0.6728665207877462,393,0.4299781181619256,PAN_PRI_PRD,222,0.24288840262582057,203,0.22210065645514224,MC,19,0.020787746170678335,PT_PVEM_MORENA_NAS,615,0.6728665207877462,393,0.4299781181619256,PAN_PRI_PRD,222,0.24288840262582057,203,0.22210065645514224,MC,19,0.020787746170678335,222,0.24288840262582057,615,0.6728665207877462,19,0.020787746170678335,12,0.01312910284463895,7,0.007658643326039387,6,0.006564551422319475,0,0.0,33,0.036105032822757115,914,1.0,ORIGEN,SECCION,SOLO_COALICIONES
1032,26,SONORA,HUATABAMPO,,21,1210,1215,655,0.5390946502057613,0.4609053497942387,PT_PVEM_MORENA_NAS,350,0.5343511450381679,124,0.18931297709923664,PAN_PRI_PRD,226,0.3450381679389313,177,0.27022900763358776,MC,49,0.07480916030534351,PT_PVEM_MORENA_NAS,350,0.5343511450381679,124,0.18931297709923664,PAN_PRI_PRD,226,0.3450381679389313,177,0.27022900763358776,MC,49,0.07480916030534351,226,0.3450381679389313,350,0.5343511450381679,49,0.07480916030534351,4,0.0061068702290076335,2,0.0030534351145038168,4,0.0061068702290076335,0,0.0,20,0.030534351145038167,655,1.0,ORIGEN,SECCION,SOLO_COALICIONES
1033,26,SONORA,HUATABAMPO,,21,1211,1921,1100,0.5726184279021344,0.42738157209786565,PT_PVEM_MORENA_NAS,680,0.6181818181818182,354,0.32181818181818184,PAN_PRI_PRD,326,0.2963636363636364,283,0.25727272727272726,MC,43,0.03909090909090909,PT_PVEM_MORENA_NAS,680,0.6181818181818182,354,0.32181818181818184,PAN_PRI_PRD,326,0.2963636363636364,283,0.25727272727272726,MC,43,0.03909090909090909,326,0.2963636363636364,680,0.6181818181818182,43,0.03909090909090909,8,0.007272727272727273,7,0.006363636363636364,6,0.005454545454545455,1,0.0009090909090909091,29,0.026363636363636363,1100,1.0,ORIGEN,SECCION,SOLO_COALICIONES
1034,26,SONORA,HUATABAMPO,,21,1212,1828,1040,0.5689277899343544,0.43107221006564556,PT_PVEM_MORENA_NAS,592,0.5692307692307692,232,0.2230769230769231,PAN_PRI_PRD,360,0.34615384615384615,313,0.30096153846153845,MC,47,0.04519230769230769,PT_PVEM_MORENA_NAS,592,0.5692307692307692,232,0.2230769230769231,PAN_PRI_PRD,360,0.34615384615384615,313,0.30096153846153845,MC,47,0.04519230769230769,360,0.34615384615384615,592,0.5692307692307692,47,0.04519230769230769,11,0.010576923076923078,2,0.0019230769230769232,9,0.008653846153846154,3,0.0028846153846153848,16,0.015384615384615385,1040,1.0,ORIGEN,SECCION,SOLO_COALICIONES
1035,26,SONORA,HUATABAMPO,,21,1213,1561,780,0.4996796925048046,0.5003203074951954,PT_PVEM_MORENA_NAS,488,0.6256410256410256,271,0.3474358974358974,PAN_PRI_PRD,217,0.2782051282051282,190,0.24358974358974358,MC,27,0.03461538461538462,PT_PVEM_MORENA_NAS,488,0.6256410256410256,271,0.3474358974358974,PAN_PRI_PRD,217,0.2782051282051282,190,0.24358974358974358,MC,27,0.03461538461538462,217,0.2782051282051282,488,0.6256410256410256,27,0.03461538461538462,8,0.010256410256410256,3,0.0038461538461538464,5,0.00641025641025641,2,0.002564102564102564,30,0.038461538461538464,780,1.0,ORIGEN,SECCION,SOLO_COALICIONES
1036,26,SONORA,HUATABAMPO,,21,1214,1047,575,0.5491881566380133,0.45081184336198665,PT_PVEM_MORENA_NAS,305,0.5304347826086957,128,0.22260869565217392,PAN_PRI_PRD,177,0.30782608695652175,131,0.22782608695652173,MC,46,0.08,PT_PVEM_MORENA_NAS,305,0.5304347826086957,128,0.22260869565217392,PAN_PRI_PRD,177,0.30782608695652175,131,0.22782608695652173,MC,46,0.08,177,0.30782608695652175,305,0.5304347826086957,46,0.08,12,0.020869565217391306,5,0.008695652173913044,4,0.006956521739130435,0,0.0,26,0.04521739130434783,575,1.0,ORIGEN,SECCION,SOLO_COALICIONES
1037,26,SONORA,HUATABAMPO,,21,1215,1546,902,0.5834411384217335,0.4165588615782665,PT_PVEM_MORENA_NAS,527,0.5842572062084257,227,0.2516629711751663,PAN_PRI_PRD,300,0.3325942350332594,282,0.31263858093126384,MC,18,0.019955654101995565,PT_PVEM_MORENA_NAS,527,0.5842572062084257,227,0.2516629711751663,PAN_PRI_PRD,300,0.3325942350332594,282,0.31263858093126384,MC,18,0.019955654101995565,300,0.3325942350332594,527,0.5842572062084257,18,0.019955654101995565,15,0.01662971175166297,6,0.0066518847006651885,5,0.005543237250554324,0,0.0,31,0.03436807095343681,902,1.0,ORIGEN,SECCION,SOLO_COALICIONES
1038,26,SONORA,HUATABAMPO,,21,1216,2479,1260,0.5082694634933441,0.4917305365066559,PT_PVEM_MORENA_NAS,788,0.6253968253968254,461,0.36587301587301585,PAN_PRI_PRD,327,0.25952380952380955,282,0.22380952380952382,MC,45,0.03571428571428571,PT_PVEM_MORENA_NAS,788,0.6253968253968254,461,0.36587301587301585,PAN_PRI_PRD,327,0.25952380952380955,282,0.22380952380952382,MC,45,0.03571428571428571,327,0.25952380952380955,788,0.6253968253968254,45,0.03571428571428571,24,0.01904761904761905,12,0.009523809523809525,6,0.004761904761904762,1,0.0007936507936507937,57,0.04523809523809524,1260,1.0,ORIGEN,SECCION,SOLO_COALICIONES
1039,26,SONORA,HUATABAMPO,,21,1217,2193,1262,0.5754673962608299,0.4245326037391701,PT_PVEM_MORENA_NAS,491,0.3890649762282092,216,0.17115689381933438,PAN_PRI_PRD,275,0.2179080824088748,31,0.02456418383518225,FxM,244,0.19334389857369255,PT_PVEM_MORENA_NAS,491,0.3890649762282092,216,0.17115689381933438,PAN_PRI_PRD,275,0.2179080824088748,31,0.02456418383518225,FxM,244,0.19334389857369255,275,0.2179080824088748,491,0.3890649762282092,37,0.029318541996830427,24,0.01901743264659271,148,0.11727416798732171,244,0.19334389857369255,0,0.0,43,0.03407290015847861,1262,1.0,ORIGEN,SECCION,SOLO_COALICIONES
1040,26,SONORA,HUATABAMPO,,21,1218,2425,1369,0.5645360824742268,0.4354639175257732,PT_PVEM_MORENA_NAS,947,0.6917457998539079,658,0.4806428049671293,PAN_PRI_PRD,289,0.21110299488677867,243,0.1775018261504748,MC,46,0.03360116873630387,PT_PVEM_MORENA_NAS,947,0.6917457998539079,658,0.4806428049671293,PAN_PRI_PRD,289,0.21110299488677867,243,0.1775018261504748,MC,46,0.03360116873630387,289,0.21110299488677867,947,0.6917457998539079,46,0.03360116873630387,32,0.02337472607742878,9,0.006574141709276844,12,0.008765522279035792,1,0.0007304601899196494,33,0.02410518626734843,1369,1.0,ORIGEN,SECCION,SOLO_COALICIONES
1041,26,SONORA,HUATABAMPO,,21,1219,995,629,0.6321608040201006,0.36783919597989945,PT_PVEM_MORENA_NAS,351,0.5580286168521462,165,0.26232114467408585,PAN_PRI_PRD,186,0.2957074721780604,152,0.24165341812400637,MC,34,0.05405405405405406,PT_PVEM_MORENA_NAS,351,0.5580286168521462,165,0.26232114467408585,PAN_PRI_PRD,186,0.2957074721780604,152,0.24165341812400637,MC,34,0.05405405405405406,186,0.2957074721780604,351,0.5580286168521462,34,0.05405405405405406,14,0.022257551669316374,1,0.001589825119236884,1,0.001589825119236884,1,0.001589825119236884,41,0.06518282988871224,629,1.0,ORIGEN,SECCION,SOLO_COALICIONES
1042,26,SONORA,HUATABAMPO,,21,1220,1457,756,0.5188743994509266,0.4811256005490734,PT_PVEM_MORENA_NAS,456,0.6031746031746031,217,0.28703703703703703,PAN_PRI_PRD,239,0.31613756613756616,215,0.2843915343915344,MC,24,0.031746031746031744,PT_PVEM_MORENA_NAS,456,0.6031746031746031,217,0.28703703703703703,PAN_PRI_PRD,239,0.31613756613756616,215,0.2843915343915344,MC,24,0.031746031746031744,239,0.31613756613756616,456,0.6031746031746031,24,0.031746031746031744,7,0.009259259259259259,5,0.006613756613756613,4,0.005291005291005291,1,0.0013227513227513227,20,0.026455026455026454,756,1.0,ORIGEN,SECCION,SOLO_COALICIONES
1043,26,SONORA,HUATABAMPO,,21,1221,1313,648,0.49352627570449353,0.5064737242955064,PT_PVEM_MORENA_NAS,443,0.683641975308642,278,0.42901234567901236,PAN_PRI_PRD,165,0.25462962962962965,151,0.2330246913580247,MC,14,0.021604938271604937,PT_PVEM_MORENA_NAS,443,0.683641975308642,278,0.42901234567901236,PAN_PRI_PRD,165,0.25462962962962965,151,0.2330246913580247,MC,14,0.021604938271604937,165,0.25462962962962965,443,0.683641975308642,14,0.021604938271604937,6,0.009259259259259259,1,0.0015432098765432098,2,0.0030864197530864196,7,0.010802469135802469,10,0.015432098765432098,648,1.0,ORIGEN,SECCION,SOLO_COALICIONES
1044,26,SONORA,HUATABAMPO,,21,1222,1199,618,0.5154295246038365,0.4845704753961635,PT_PVEM_MORENA_NAS,384,0.6213592233009708,254,0.4110032362459547,PAN_PRI_PRD,130,0.21035598705501618,77,0.12459546925566344,MC,53,0.08576051779935275,PT_PVEM_MORENA_NAS,384,0.6213592233009708,254,0.4110032362459547,PAN_PRI_PRD,130,0.21035598705501618,77,0.12459546925566344,MC,53,0.08576051779935275,130,0.21035598705501618,384,0.6213592233009708,53,0.08576051779935275,9,0.014563106796116505,10,0.016181229773462782,5,0.008090614886731391,1,0.0016181229773462784,26,0.042071197411003236,618,1.0,ORIGEN,SECCION,SOLO_COALICIONES
1045,26,SONORA,HUATABAMPO,,21,1223,647,354,0.5471406491499228,0.4528593508500772,PT_PVEM_MORENA_NAS,178,0.5028248587570622,62,0.1751412429378531,PAN_PRI_PRD,116,0.327683615819209,98,0.2768361581920904,MC,18,0.05084745762711865,PT_PVEM_MORENA_NAS,178,0.5028248587570622,62,0.1751412429378531,PAN_PRI_PRD,116,0.327683615819209,98,0.2768361581920904,MC,18,0.05084745762711865,116,0.327683615819209,178,0.5028248587570622,18,0.05084745762711865,6,0.01694915254237288,4,0.011299435028248588,6,0.01694915254237288,0,0.0,26,0.07344632768361582,354,1.0,ORIGEN,SECCION,SOLO_COALICIONES
1046,26,SONORA,HUATABAMPO,,21,1224,958,492,0.5135699373695198,0.48643006263048016,PT_PVEM_MORENA_NAS,288,0.5853658536585366,132,0.2682926829268293,PAN_PRI_PRD,156,0.3170731707317073,137,0.2784552845528455,MC,19,0.03861788617886179,PT_PVEM_MORENA_NAS,288,0.5853658536585366,132,0.2682926829268293,PAN_PRI_PRD,156,0.3170731707317073,137,0.2784552845528455,MC,19,0.03861788617886179,156,0.3170731707317073,288,0.5853658536585366,19,0.03861788617886179,6,0.012195121951219513,6,0.012195121951219513,3,0.006097560975609756,0,0.0,14,0.028455284552845527,492,1.0,ORIGEN,SECCION,SOLO_COALICIONES
1047,26,SONORA,HUATABAMPO,,21,1225,1243,699,0.5623491552695092,0.43765084473049076,PT_PVEM_MORENA_NAS,372,0.5321888412017167,111,0.15879828326180256,PAN_PRI_PRD,261,0.37339055793991416,232,0.3319027181688126,MC,29,0.04148783977110158,PT_PVEM_MORENA_NAS,372,0.5321888412017167,111,0.15879828326180256,PAN_PRI_PRD,261,0.37339055793991416,232,0.3319027181688126,MC,29,0.04148783977110158,261,0.37339055793991416,372,0.5321888412017167,29,0.04148783977110158,7,0.010014306151645207,6,0.008583690987124463,4,0.005722460658082976,3,0.004291845493562232,17,0.024320457796852647,699,1.0,ORIGEN,SECCION,SOLO_COALICIONES
1048,26,SONORA,HUATABAMPO,,21,1226,1271,888,0.6986624704956726,0.30133752950432735,PT_PVEM_MORENA_NAS,399,0.44932432432432434,7,0.007882882882882882,PAN_PRI_PRD,392,0.44144144144144143,339,0.38175675675675674,MC,53,0.059684684684684686,PT_PVEM_MORENA_NAS,399,0.44932432432432434,7,0.007882882882882882,PAN_PRI_PRD,392,0.44144144144144143,339,0.38175675675675674,MC,53,0.059684684684684686,392,0.44144144144144143,399,0.44932432432432434,53,0.059684684684684686,8,0.009009009009009009,6,0.006756756756756757,4,0.0045045045045045045,0,0.0,26,0.02927927927927928,888,1.0,ORIGEN,SECCION,SOLO_COALICIONES
1049,26,SONORA,HUATABAMPO,,21,1227,361,198,0.5484764542936288,0.4515235457063712,PT_PVEM_MORENA_NAS,139,0.702020202020202,93,0.4696969696969697,PAN_PRI_PRD,46,0.23232323232323232,43,0.21717171717171718,MC,3,0.015151515151515152,PT_PVEM_MORENA_NAS,139,0.702020202020202,93,0.4696969696969697,PAN_PRI_PRD,46,0.23232323232323232,43,0.21717171717171718,MC,3,0.015151515151515152,46,0.23232323232323232,139,0.702020202020202,3,0.015151515151515152,3,0.015151515151515152,1,0.005050505050505051,0,0.0,0,0.0,6,0.030303030303030304,198,1.0,ORIGEN,SECCION,SOLO_COALICIONES
1050,26,SONORA,HUATABAMPO,,21,1228,1962,1105,0.5632008154943935,0.4367991845056065,PT_PVEM_MORENA_NAS,634,0.5737556561085972,350,0.3167420814479638,PAN_PRI_PRD,284,0.25701357466063346,167,0.151131221719457,MC,117,0.10588235294117647,PT_PVEM_MORENA_NAS,634,0.5737556561085972,350,0.3167420814479638,PAN_PRI_PRD,284,0.25701357466063346,167,0.151131221719457,MC,117,0.10588235294117647,284,0.25701357466063346,634,0.5737556561085972,117,0.10588235294117647,15,0.013574660633484163,7,0.006334841628959276,9,0.008144796380090498,0,0.0,39,0.03529411764705882,1105,1.0,ORIGEN,SECCION,SOLO_COALICIONES
1051,26,SONORA,HUATABAMPO,,21,1229,1744,882,0.5057339449541285,0.4942660550458715,PT_PVEM_MORENA_NAS,466,0.528344671201814,123,0.13945578231292516,PAN_PRI_PRD,343,0.3888888888888889,302,0.3424036281179138,MC,41,0.046485260770975055,PT_PVEM_MORENA_NAS,466,0.528344671201814,123,0.13945578231292516,PAN_PRI_PRD,343,0.3888888888888889,302,0.3424036281179138,MC,41,0.046485260770975055,343,0.3888888888888889,466,0.528344671201814,41,0.046485260770975055,10,0.011337868480725623,1,0.0011337868480725624,5,0.005668934240362812,0,0.0,16,0.018140589569160998,882,1.0,ORIGEN,SECCION,SOLO_COALICIONES
1052,26,SONORA,HUEPAC,,18,110,1085,767,0.7069124423963133,0.29308755760368665,PT_PVEM_MORENA_NAS,333,0.43415906127770537,34,0.04432855280312908,PAN_PRI_PRD,299,0.3898305084745763,280,0.3650586701434159,MC,19,0.024771838331160364,PT_PVEM_MORENA_NAS,333,0.43415906127770537,34,0.04432855280312908,PAN_PRI_PRD,299,0.3898305084745763,280,0.3650586701434159,MC,19,0.024771838331160364,299,0.3898305084745763,333,0.43415906127770537,19,0.024771838331160364,16,0.020860495436766623,17,0.02216427640156454,16,0.020860495436766623,0,0.0,67,0.08735332464146023,767,1.0,ORIGEN,SECCION,SOLO_COALICIONES
1053,26,SONORA,HUEPAC,,18,111,293,212,0.7235494880546075,0.2764505119453925,PAN_PRI_PRD,107,0.5047169811320755,15,0.07075471698113207,PT_PVEM_MORENA_NAS,92,0.4339622641509434,87,0.41037735849056606,MC,5,0.02358490566037736,PAN_PRI_PRD,107,0.5047169811320755,15,0.07075471698113207,PT_PVEM_MORENA_NAS,92,0.4339622641509434,87,0.41037735849056606,MC,5,0.02358490566037736,107,0.5047169811320755,92,0.4339622641509434,5,0.02358490566037736,1,0.0047169811320754715,0,0.0,1,0.0047169811320754715,0,0.0,6,0.02830188679245283,212,1.0,ORIGEN,SECCION,SOLO_COALICIONES
1054,26,SONORA,IMURIS,,18,112,1758,812,0.46188850967007966,0.5381114903299203,PT_PVEM_MORENA_NAS,423,0.520935960591133,180,0.22167487684729065,PAN_PRI_PRD,243,0.29926108374384236,193,0.2376847290640394,MC,50,0.06157635467980296,PT_PVEM_MORENA_NAS,423,0.520935960591133,180,0.22167487684729065,PAN_PRI_PRD,243,0.29926108374384236,193,0.2376847290640394,MC,50,0.06157635467980296,243,0.29926108374384236,423,0.520935960591133,50,0.06157635467980296,10,0.012315270935960592,6,0.007389162561576354,21,0.02586206896551724,0,0.0,59,0.07266009852216748,812,1.0,ORIGEN,SECCION,SOLO_COALICIONES
1055,26,SONORA,IMURIS,,18,113,2947,1529,0.5188327112317611,0.4811672887682389,PT_PVEM_MORENA_NAS,672,0.4395029431000654,2,0.0013080444735120995,PAN_PRI_PRD,670,0.4381948986265533,596,0.3897972531066056,MC,74,0.04839764551994768,PT_PVEM_MORENA_NAS,672,0.4395029431000654,2,0.0013080444735120995,PAN_PRI_PRD,670,0.4381948986265533,596,0.3897972531066056,MC,74,0.04839764551994768,670,0.4381948986265533,672,0.4395029431000654,74,0.04839764551994768,19,0.012426422498364944,15,0.009810333551340745,22,0.014388489208633094,0,0.0,57,0.03727926749509483,1529,1.0,ORIGEN,SECCION,SOLO_COALICIONES
1056,26,SONORA,IMURIS,,18,114,687,394,0.5735080058224163,0.42649199417758366,PAN_PRI_PRD,195,0.4949238578680203,42,0.1065989847715736,PT_PVEM_MORENA_NAS,153,0.3883248730964467,135,0.3426395939086294,MC,18,0.04568527918781726,PAN_PRI_PRD,195,0.4949238578680203,42,0.1065989847715736,PT_PVEM_MORENA_NAS,153,0.3883248730964467,135,0.3426395939086294,MC,18,0.04568527918781726,195,0.4949238578680203,153,0.3883248730964467,18,0.04568527918781726,5,0.012690355329949238,6,0.015228426395939087,10,0.025380710659898477,0,0.0,7,0.017766497461928935,394,1.0,ORIGEN,SECCION,SOLO_COALICIONES
1057,26,SONORA,IMURIS,,18,115,1732,905,0.5225173210161663,0.4774826789838337,PT_PVEM_MORENA_NAS,487,0.538121546961326,204,0.225414364640884,PAN_PRI_PRD,283,0.312707182320442,228,0.25193370165745854,MC,55,0.06077348066298342,PT_PVEM_MORENA_NAS,487,0.538121546961326,204,0.225414364640884,PAN_PRI_PRD,283,0.312707182320442,228,0.25193370165745854,MC,55,0.06077348066298342,283,0.312707182320442,487,0.538121546961326,55,0.06077348066298342,11,0.012154696132596685,13,0.014364640883977901,17,0.01878453038674033,0,0.0,39,0.0430939226519337,905,1.0,ORIGEN,SECCION,SOLO_COALICIONES
1058,26,SONORA,IMURIS,,18,116,1743,697,0.3998852553069421,0.6001147446930579,PT_PVEM_MORENA_NAS,341,0.48923959827833574,92,0.13199426111908177,PAN_PRI_PRD,249,0.35724533715925394,191,0.27403156384505023,MC,58,0.08321377331420372,PT_PVEM_MORENA_NAS,341,0.48923959827833574,92,0.13199426111908177,PAN_PRI_PRD,249,0.35724533715925394,191,0.27403156384505023,MC,58,0.08321377331420372,249,0.35724533715925394,341,0.48923959827833574,58,0.08321377331420372,6,0.00860832137733142,6,0.00860832137733142,14,0.020086083213773313,0,0.0,23,0.03299856527977044,697,1.0,ORIGEN,SECCION,SOLO_COALICIONES
1059,26,SONORA,IMURIS,,18,117,268,103,0.3843283582089552,0.6156716417910448,PT_PVEM_MORENA_NAS,42,0.4077669902912621,5,0.04854368932038835,PAN_PRI_PRD,37,0.3592233009708738,27,0.2621359223300971,MC,10,0.0970873786407767,PT_PVEM_MORENA_NAS,42,0.4077669902912621,5,0.04854368932038835,PAN_PRI_PRD,37,0.3592233009708738,27,0.2621359223300971,MC,10,0.0970873786407767,37,0.3592233009708738,42,0.4077669902912621,10,0.0970873786407767,2,0.019417475728155338,2,0.019417475728155338,1,0.009708737864077669,0,0.0,9,0.08737864077669903,103,1.0,ORIGEN,SECCION,SOLO_COALICIONES
1060,26,SONORA,IMURIS,,18,121,347,193,0.5561959654178674,0.4438040345821326,PAN_PRI_PRD,91,0.47150259067357514,10,0.05181347150259067,PT_PVEM_MORENA_NAS,81,0.41968911917098445,69,0.35751295336787564,MC,12,0.06217616580310881,PAN_PRI_PRD,91,0.47150259067357514,10,0.05181347150259067,PT_PVEM_MORENA_NAS,81,0.41968911917098445,69,0.35751295336787564,MC,12,0.06217616580310881,91,0.47150259067357514,81,0.41968911917098445,12,0.06217616580310881,1,0.0051813471502590676,1,0.0051813471502590676,2,0.010362694300518135,0,0.0,5,0.025906735751295335,193,1.0,ORIGEN,SECCION,SOLO_COALICIONES
1061,26,SONORA,IMURIS,,18,122,396,226,0.5707070707070707,0.4292929292929293,PAN_PRI_PRD,112,0.49557522123893805,37,0.16371681415929204,PT_PVEM_MORENA_NAS,75,0.33185840707964603,58,0.25663716814159293,MC,17,0.0752212389380531,PAN_PRI_PRD,112,0.49557522123893805,37,0.16371681415929204,PT_PVEM_MORENA_NAS,75,0.33185840707964603,58,0.25663716814159293,MC,17,0.0752212389380531,112,0.49557522123893805,75,0.33185840707964603,17,0.0752212389380531,2,0.008849557522123894,7,0.030973451327433628,4,0.017699115044247787,0,0.0,9,0.03982300884955752,226,1.0,ORIGEN,SECCION,SOLO_COALICIONES
1062,26,SONORA,LA COLORADA,,18,331,658,533,0.8100303951367781,0.1899696048632219,PT_PVEM_MORENA_NAS,332,0.6228893058161351,165,0.30956848030018763,PAN_PRI_PRD,167,0.3133208255159475,152,0.2851782363977486,MC,15,0.028142589118198873,PT_PVEM_MORENA_NAS,332,0.6228893058161351,165,0.30956848030018763,PAN_PRI_PRD,167,0.3133208255159475,152,0.2851782363977486,MC,15,0.028142589118198873,167,0.3133208255159475,332,0.6228893058161351,15,0.028142589118198873,4,0.0075046904315197,4,0.0075046904315197,1,0.001876172607879925,1,0.001876172607879925,9,0.016885553470919325,533,1.0,ORIGEN,SECCION,SOLO_COALICIONES
1063,26,SONORA,LA COLORADA,,18,332,932,752,0.8068669527896996,0.19313304721030045,PT_PVEM_MORENA_NAS,387,0.5146276595744681,76,0.10106382978723404,PAN_PRI_PRD,311,0.41356382978723405,306,0.40691489361702127,MC,5,0.006648936170212766,PT_PVEM_MORENA_NAS,387,0.5146276595744681,76,0.10106382978723404,PAN_PRI_PRD,311,0.41356382978723405,306,0.40691489361702127,MC,5,0.006648936170212766,311,0.41356382978723405,387,0.5146276595744681,5,0.006648936170212766,4,0.005319148936170213,1,0.0013297872340425532,2,0.0026595744680851063,0,0.0,42,0.05585106382978723,752,1.0,ORIGEN,SECCION,SOLO_COALICIONES
1064,26,SONORA,LA COLORADA,,18,333,292,220,0.7534246575342466,0.2465753424657534,PT_PVEM_MORENA_NAS,121,0.55,42,0.19090909090909092,PAN_PRI_PRD,79,0.35909090909090907,73,0.33181818181818185,RSP,6,0.02727272727272727,PT_PVEM_MORENA_NAS,121,0.55,42,0.19090909090909092,PAN_PRI_PRD,79,0.35909090909090907,73,0.33181818181818185,RSP,6,0.02727272727272727,79,0.35909090909090907,121,0.55,2,0.00909090909090909,3,0.013636363636363636,6,0.02727272727272727,1,0.004545454545454545,0,0.0,8,0.03636363636363636,220,1.0,ORIGEN,SECCION,SOLO_COALICIONES
1065,26,SONORA,LA COLORADA,,18,334,537,440,0.819366852886406,0.18063314711359402,PT_PVEM_MORENA_NAS,264,0.6,115,0.26136363636363635,PAN_PRI_PRD,149,0.3386363636363636,145,0.32954545454545453,MC,4,0.00909090909090909,PT_PVEM_MORENA_NAS,264,0.6,115,0.26136363636363635,PAN_PRI_PRD,149,0.3386363636363636,145,0.32954545454545453,MC,4,0.00909090909090909,149,0.3386363636363636,264,0.6,4,0.00909090909090909,1,0.0022727272727272726,3,0.006818181818181818,3,0.006818181818181818,0,0.0,16,0.03636363636363636,440,1.0,ORIGEN,SECCION,SOLO_COALICIONES
1066,26,SONORA,LA COLORADA,,18,335,204,174,0.8529411764705882,0.1470588235294118,PT_PVEM_MORENA_NAS,92,0.5287356321839081,30,0.1724137931034483,PAN_PRI_PRD,62,0.3563218390804598,58,0.3333333333333333,MC,4,0.022988505747126436,PT_PVEM_MORENA_NAS,92,0.5287356321839081,30,0.1724137931034483,PAN_PRI_PRD,62,0.3563218390804598,58,0.3333333333333333,MC,4,0.022988505747126436,62,0.3563218390804598,92,0.5287356321839081,4,0.022988505747126436,3,0.017241379310344827,0,0.0,2,0.011494252873563218,0,0.0,11,0.06321839080459771,174,1.0,ORIGEN,SECCION,SOLO_COALICIONES
1067,26,SONORA,MAGDALENA,,4,123,2266,1029,0.45410414827890555,0.5458958517210944,PAN_PRI_PRD,501,0.4868804664723032,152,0.1477162293488824,PT_PVEM_MORENA_NAS,349,0.3391642371234208,278,0.27016520894071916,MC,71,0.06899902818270165,PAN_PRI_PRD,501,0.4868804664723032,152,0.1477162293488824,PT_PVEM_MORENA_NAS,349,0.3391642371234208,278,0.27016520894071916,MC,71,0.06899902818270165,501,0.4868804664723032,349,0.3391642371234208,71,0.06899902818270165,17,0.01652089407191448,16,0.015549076773566569,15,0.014577259475218658,1,0.0009718172983479105,59,0.057337220602526724,1029,1.0,ORIGEN,SECCION,SOLO_COALICIONES
1068,26,SONORA,MAGDALENA,,4,124,974,513,0.526694045174538,0.473305954825462,PAN_PRI_PRD,255,0.49707602339181284,77,0.15009746588693956,PT_PVEM_MORENA_NAS,178,0.3469785575048733,154,0.3001949317738791,MC,24,0.04678362573099415,PAN_PRI_PRD,255,0.49707602339181284,77,0.15009746588693956,PT_PVEM_MORENA_NAS,178,0.3469785575048733,154,0.3001949317738791,MC,24,0.04678362573099415,255,0.49707602339181284,178,0.3469785575048733,24,0.04678362573099415,4,0.007797270955165692,10,0.01949317738791423,8,0.015594541910331383,0,0.0,34,0.06627680311890838,513,1.0,ORIGEN,SECCION,SOLO_COALICIONES
1069,26,SONORA,MAGDALENA,,4,125,1380,702,0.508695652173913,0.491304347826087,PAN_PRI_PRD,398,0.5669515669515669,175,0.2492877492877493,PT_PVEM_MORENA_NAS,223,0.3176638176638177,193,0.27492877492877493,MC,30,0.042735042735042736,PAN_PRI_PRD,398,0.5669515669515669,175,0.2492877492877493,PT_PVEM_MORENA_NAS,223,0.3176638176638177,193,0.27492877492877493,MC,30,0.042735042735042736,398,0.5669515669515669,223,0.3176638176638177,30,0.042735042735042736,9,0.01282051282051282,9,0.01282051282051282,7,0.009971509971509971,0,0.0,26,0.037037037037037035,702,1.0,ORIGEN,SECCION,SOLO_COALICIONES
1070,26,SONORA,MAGDALENA,,4,126,3147,1566,0.49761677788369874,0.5023832221163013,PAN_PRI_PRD,860,0.5491698595146871,355,0.22669220945083013,PT_PVEM_MORENA_NAS,505,0.322477650063857,413,0.26372924648786716,MC,92,0.05874840357598978,PAN_PRI_PRD,860,0.5491698595146871,355,0.22669220945083013,PT_PVEM_MORENA_NAS,505,0.322477650063857,413,0.26372924648786716,MC,92,0.05874840357598978,860,0.5491698595146871,505,0.322477650063857,92,0.05874840357598978,18,0.011494252873563218,15,0.009578544061302681,23,0.014687100893997445,1,0.0006385696040868455,52,0.033205619412515965,1566,1.0,ORIGEN,SECCION,SOLO_COALICIONES
1071,26,SONORA,MAGDALENA,,4,127,1047,566,0.5405921680993314,0.4594078319006686,PAN_PRI_PRD,305,0.5388692579505301,128,0.22614840989399293,PT_PVEM_MORENA_NAS,177,0.3127208480565371,136,0.24028268551236748,MC,41,0.07243816254416961,PAN_PRI_PRD,305,0.5388692579505301,128,0.22614840989399293,PT_PVEM_MORENA_NAS,177,0.3127208480565371,136,0.24028268551236748,MC,41,0.07243816254416961,305,0.5388692579505301,177,0.3127208480565371,41,0.07243816254416961,2,0.0035335689045936395,9,0.015901060070671377,6,0.01060070671378092,0,0.0,26,0.045936395759717315,566,1.0,ORIGEN,SECCION,SOLO_COALICIONES
1072,26,SONORA,MAGDALENA,,4,128,1559,674,0.4323284156510584,0.5676715843489416,PAN_PRI_PRD,338,0.5014836795252225,106,0.1572700296735905,PT_PVEM_MORENA_NAS,232,0.34421364985163205,193,0.28635014836795253,MC,39,0.057863501483679525,PAN_PRI_PRD,338,0.5014836795252225,106,0.1572700296735905,PT_PVEM_MORENA_NAS,232,0.34421364985163205,193,0.28635014836795253,MC,39,0.057863501483679525,338,0.5014836795252225,232,0.34421364985163205,39,0.057863501483679525,4,0.005934718100890208,11,0.016320474777448073,15,0.02225519287833828,0,0.0,35,0.05192878338278932,674,1.0,ORIGEN,SECCION,SOLO_COALICIONES
1073,26,SONORA,MAGDALENA,,4,129,1997,961,0.48122183274912367,0.5187781672508763,PAN_PRI_PRD,485,0.5046826222684704,157,0.16337148803329865,PT_PVEM_MORENA_NAS,328,0.3413111342351717,279,0.2903225806451613,MC,49,0.05098855359001041,PAN_PRI_PRD,485,0.5046826222684704,157,0.16337148803329865,PT_PVEM_MORENA_NAS,328,0.3413111342351717,279,0.2903225806451613,MC,49,0.05098855359001041,485,0.5046826222684704,328,0.3413111342351717,49,0.05098855359001041,7,0.007284079084287201,15,0.015608740894901144,16,0.01664932362122789,1,0.001040582726326743,60,0.062434963579604576,961,1.0,ORIGEN,SECCION,SOLO_COALICIONES
1074,26,SONORA,MAGDALENA,,4,130,3135,1427,0.4551834130781499,0.5448165869218501,PAN_PRI_PRD,703,0.4926419060967064,174,0.12193412754029433,PT_PVEM_MORENA_NAS,529,0.37070777855641207,456,0.31955150665732307,MC,73,0.051156271899089,PAN_PRI_PRD,703,0.4926419060967064,174,0.12193412754029433,PT_PVEM_MORENA_NAS,529,0.37070777855641207,456,0.31955150665732307,MC,73,0.051156271899089,703,0.4926419060967064,529,0.37070777855641207,73,0.051156271899089,24,0.016818500350385426,13,0.009110021023125438,22,0.015416958654519973,1,0.000700770847932726,62,0.043447792571829014,1427,1.0,ORIGEN,SECCION,SOLO_COALICIONES
1075,26,SONORA,MAGDALENA,,4,131,3123,1609,0.5152097342299071,0.4847902657700929,PAN_PRI_PRD,956,0.5941578620261032,466,0.2896208825357365,PT_PVEM_MORENA_NAS,490,0.3045369794903667,430,0.26724673710379115,MC,60,0.037290242386575516,PAN_PRI_PRD,956,0.5941578620261032,466,0.2896208825357365,PT_PVEM_MORENA_NAS,490,0.3045369794903667,430,0.26724673710379115,MC,60,0.037290242386575516,956,0.5941578620261032,490,0.3045369794903667,60,0.037290242386575516,14,0.00870105655686762,19,0.011808576755748913,24,0.014916096954630205,3,0.0018645121193287756,43,0.026724673710379118,1609,1.0,ORIGEN,SECCION,SOLO_COALICIONES
1076,26,SONORA,MAGDALENA,,4,132,2032,1039,0.5113188976377953,0.48868110236220474,PAN_PRI_PRD,612,0.5890279114533205,295,0.28392685274302215,PT_PVEM_MORENA_NAS,317,0.30510105871029836,270,0.2598652550529355,MC,47,0.04523580365736285,PAN_PRI_PRD,612,0.5890279114533205,295,0.28392685274302215,PT_PVEM_MORENA_NAS,317,0.30510105871029836,270,0.2598652550529355,MC,47,0.04523580365736285,612,0.5890279114533205,317,0.30510105871029836,47,0.04523580365736285,11,0.010587102983638113,2,0.0019249278152069298,7,0.006737247353224254,0,0.0,43,0.04138594802694899,1039,1.0,ORIGEN,SECCION,SOLO_COALICIONES
1077,26,SONORA,MAGDALENA,,4,133,1986,925,0.46576032225579056,0.5342396777442094,PAN_PRI_PRD,495,0.5351351351351351,210,0.22702702702702704,PT_PVEM_MORENA_NAS,285,0.3081081081081081,240,0.2594594594594595,MC,45,0.04864864864864865,PAN_PRI_PRD,495,0.5351351351351351,210,0.22702702702702704,PT_PVEM_MORENA_NAS,285,0.3081081081081081,240,0.2594594594594595,MC,45,0.04864864864864865,495,0.5351351351351351,285,0.3081081081081081,45,0.04864864864864865,11,0.011891891891891892,13,0.014054054054054054,25,0.02702702702702703,0,0.0,51,0.055135135135135134,925,1.0,ORIGEN,SECCION,SOLO_COALICIONES
1078,26,SONORA,MAGDALENA,,4,134,392,127,0.3239795918367347,0.6760204081632653,PAN_PRI_PRD,61,0.48031496062992124,18,0.14173228346456693,PT_PVEM_MORENA_NAS,43,0.33858267716535434,35,0.2755905511811024,MC,8,0.06299212598425197,PAN_PRI_PRD,61,0.48031496062992124,18,0.14173228346456693,PT_PVEM_MORENA_NAS,43,0.33858267716535434,35,0.2755905511811024,MC,8,0.06299212598425197,61,0.48031496062992124,43,0.33858267716535434,8,0.06299212598425197,1,0.007874015748031496,1,0.007874015748031496,3,0.023622047244094488,0,0.0,10,0.07874015748031496,127,1.0,ORIGEN,SECCION,SOLO_COALICIONES
1079,26,SONORA,MAGDALENA,,4,135,308,127,0.41233766233766234,0.5876623376623377,PAN_PRI_PRD,61,0.48031496062992124,18,0.14173228346456693,PT_PVEM_MORENA_NAS,43,0.33858267716535434,35,0.2755905511811024,MC,8,0.06299212598425197,PAN_PRI_PRD,61,0.48031496062992124,18,0.14173228346456693,PT_PVEM_MORENA_NAS,43,0.33858267716535434,35,0.2755905511811024,MC,8,0.06299212598425197,61,0.48031496062992124,43,0.33858267716535434,8,0.06299212598425197,1,0.007874015748031496,1,0.007874015748031496,3,0.023622047244094488,0,0.0,10,0.07874015748031496,127,1.0,ORIGEN,SECCION,SOLO_COALICIONES
1080,26,SONORA,MAGDALENA,,4,136,1759,862,0.4900511654349062,0.5099488345650938,PAN_PRI_PRD,468,0.54292343387471,216,0.2505800464037123,PT_PVEM_MORENA_NAS,252,0.2923433874709977,202,0.23433874709976799,MC,50,0.058004640371229696,PAN_PRI_PRD,468,0.54292343387471,216,0.2505800464037123,PT_PVEM_MORENA_NAS,252,0.2923433874709977,202,0.23433874709976799,MC,50,0.058004640371229696,468,0.54292343387471,252,0.2923433874709977,50,0.058004640371229696,17,0.019721577726218097,13,0.015081206496519721,19,0.022041763341067284,0,0.0,43,0.04988399071925754,862,1.0,ORIGEN,SECCION,SOLO_COALICIONES
1081,26,SONORA,MAGDALENA,,4,137,233,125,0.5364806866952789,0.46351931330472107,PAN_PRI_PRD,61,0.488,33,0.264,PT_PVEM_MORENA_NAS,28,0.224,19,0.152,MC,9,0.072,PAN_PRI_PRD,61,0.488,33,0.264,PT_PVEM_MORENA_NAS,28,0.224,19,0.152,MC,9,0.072,61,0.488,28,0.224,9,0.072,3,0.024,2,0.016,2,0.016,1,0.008,19,0.152,125,1.0,ORIGEN,SECCION,SOLO_COALICIONES
1082,26,SONORA,MAZATAN,,18,619,1475,1262,0.855593220338983,0.144406779661017,PT_PVEM_MORENA_NAS,538,0.42630744849445323,31,0.02456418383518225,PAN_PRI_PRD,507,0.401743264659271,346,0.27416798732171155,MC,161,0.12757527733755944,PT_PVEM_MORENA_NAS,538,0.42630744849445323,31,0.02456418383518225,PAN_PRI_PRD,507,0.401743264659271,346,0.27416798732171155,MC,161,0.12757527733755944,507,0.401743264659271,538,0.42630744849445323,161,0.12757527733755944,9,0.0071315372424722665,3,0.002377179080824089,3,0.002377179080824089,0,0.0,41,0.03248811410459588,1262,1.0,ORIGEN,SECCION,SOLO_COALICIONES
1083,26,SONORA,MOCTEZUMA,,18,138,2082,1445,0.6940441882804995,0.3059558117195005,PT_PVEM_MORENA_NAS,865,0.5986159169550173,384,0.2657439446366782,PAN_PRI_PRD,481,0.3328719723183391,456,0.31557093425605537,MC,25,0.01730103806228374,PT_PVEM_MORENA_NAS,865,0.5986159169550173,384,0.2657439446366782,PAN_PRI_PRD,481,0.3328719723183391,456,0.31557093425605537,MC,25,0.01730103806228374,481,0.3328719723183391,865,0.5986159169550173,25,0.01730103806228374,13,0.008996539792387544,11,0.007612456747404845,12,0.008304498269896194,0,0.0,38,0.02629757785467128,1445,1.0,ORIGEN,SECCION,SOLO_COALICIONES
1084,26,SONORA,MOCTEZUMA,,18,139,971,594,0.611740473738414,0.388259526261586,PT_PVEM_MORENA_NAS,321,0.5404040404040404,86,0.1447811447811448,PAN_PRI_PRD,235,0.3956228956228956,224,0.3771043771043771,MC,11,0.018518518518518517,PT_PVEM_MORENA_NAS,321,0.5404040404040404,86,0.1447811447811448,PAN_PRI_PRD,235,0.3956228956228956,224,0.3771043771043771,MC,11,0.018518518518518517,235,0.3956228956228956,321,0.5404040404040404,11,0.018518518518518517,8,0.013468013468013467,3,0.005050505050505051,2,0.003367003367003367,0,0.0,14,0.02356902356902357,594,1.0,ORIGEN,SECCION,SOLO_COALICIONES
1085,26,SONORA,MOCTEZUMA,,18,140,1328,886,0.6671686746987951,0.33283132530120485,PT_PVEM_MORENA_NAS,512,0.5778781038374717,193,0.2178329571106095,PAN_PRI_PRD,319,0.3600451467268623,303,0.34198645598194133,MC,16,0.01805869074492099,PT_PVEM_MORENA_NAS,512,0.5778781038374717,193,0.2178329571106095,PAN_PRI_PRD,319,0.3600451467268623,303,0.34198645598194133,MC,16,0.01805869074492099,319,0.3600451467268623,512,0.5778781038374717,16,0.01805869074492099,5,0.0056433408577878106,7,0.007900677200902935,4,0.004514672686230248,0,0.0,23,0.025959367945823927,886,1.0,ORIGEN,SECCION,SOLO_COALICIONES
1086,26,SONORA,MOCTEZUMA,,18,141,122,105,0.860655737704918,0.139344262295082,PT_PVEM_MORENA_NAS,71,0.6761904761904762,43,0.4095238095238095,PAN_PRI_PRD,28,0.26666666666666666,25,0.23809523809523808,MC,3,0.02857142857142857,PT_PVEM_MORENA_NAS,71,0.6761904761904762,43,0.4095238095238095,PAN_PRI_PRD,28,0.26666666666666666,25,0.23809523809523808,MC,3,0.02857142857142857,28,0.26666666666666666,71,0.6761904761904762,3,0.02857142857142857,1,0.009523809523809525,0,0.0,1,0.009523809523809525,0,0.0,1,0.009523809523809525,105,1.0,ORIGEN,SECCION,SOLO_COALICIONES
1087,26,SONORA,NACO,,7,142,730,430,0.589041095890411,0.410958904109589,PT_PVEM_MORENA_NAS,213,0.49534883720930234,56,0.13023255813953488,PAN_PRI_PRD,157,0.36511627906976746,142,0.3302325581395349,MC,15,0.03488372093023256,PT_PVEM_MORENA_NAS,213,0.49534883720930234,56,0.13023255813953488,PAN_PRI_PRD,157,0.36511627906976746,142,0.3302325581395349,MC,15,0.03488372093023256,157,0.36511627906976746,213,0.49534883720930234,15,0.03488372093023256,13,0.030232558139534883,3,0.0069767441860465115,5,0.011627906976744186,0,0.0,24,0.05581395348837209,430,1.0,ORIGEN,SECCION,SOLO_COALICIONES
1088,26,SONORA,NACO,,7,143,675,406,0.6014814814814815,0.3985185185185185,PT_PVEM_MORENA_NAS,198,0.4876847290640394,52,0.12807881773399016,PAN_PRI_PRD,146,0.35960591133004927,133,0.3275862068965517,MC,13,0.03201970443349754,PT_PVEM_MORENA_NAS,198,0.4876847290640394,52,0.12807881773399016,PAN_PRI_PRD,146,0.35960591133004927,133,0.3275862068965517,MC,13,0.03201970443349754,146,0.35960591133004927,198,0.4876847290640394,13,0.03201970443349754,13,0.03201970443349754,3,0.007389162561576354,3,0.007389162561576354,1,0.0024630541871921183,29,0.07142857142857142,406,1.0,ORIGEN,SECCION,SOLO_COALICIONES
1089,26,SONORA,NACO,,7,144,1298,837,0.6448382126348228,0.35516178736517723,PT_PVEM_MORENA_NAS,427,0.5101553166069295,135,0.16129032258064516,PAN_PRI_PRD,292,0.34886499402628435,261,0.3118279569892473,PES,31,0.037037037037037035,PT_PVEM_MORENA_NAS,427,0.5101553166069295,135,0.16129032258064516,PAN_PRI_PRD,292,0.34886499402628435,261,0.3118279569892473,PES,31,0.037037037037037035,292,0.34886499402628435,427,0.5101553166069295,22,0.026284348864994027,31,0.037037037037037035,6,0.007168458781362007,11,0.013142174432497013,0,0.0,48,0.05734767025089606,837,1.0,ORIGEN,SECCION,SOLO_COALICIONES
1090,26,SONORA,NACO,,7,145,1897,1324,0.6979441222983659,0.3020558777016341,PT_PVEM_MORENA_NAS,661,0.49924471299093653,175,0.13217522658610273,PAN_PRI_PRD,486,0.36706948640483383,436,0.3293051359516616,PES,50,0.0377643504531722,PT_PVEM_MORENA_NAS,661,0.49924471299093653,175,0.13217522658610273,PAN_PRI_PRD,486,0.36706948640483383,436,0.3293051359516616,PES,50,0.0377643504531722,486,0.36706948640483383,661,0.49924471299093653,34,0.0256797583081571,50,0.0377643504531722,5,0.0037764350453172208,23,0.017371601208459216,0,0.0,65,0.04909365558912387,1324,1.0,ORIGEN,SECCION,SOLO_COALICIONES
1091,26,SONORA,NACORI CHICO,,18,146,1117,850,0.7609668755595345,0.23903312444046554,PT_PVEM_MORENA_NAS,347,0.4082352941176471,73,0.08588235294117647,PAN_PRI_PRD,274,0.32235294117647056,99,0.11647058823529412,MC,175,0.20588235294117646,PT_PVEM_MORENA_NAS,347,0.4082352941176471,73,0.08588235294117647,PAN_PRI_PRD,274,0.32235294117647056,99,0.11647058823529412,MC,175,0.20588235294117646,274,0.32235294117647056,347,0.4082352941176471,175,0.20588235294117646,2,0.002352941176470588,4,0.004705882352941176,3,0.0035294117647058825,0,0.0,45,0.052941176470588235,850,1.0,ORIGEN,SECCION,SOLO_COALICIONES
1092,26,SONORA,NACORI CHICO,,18,147,345,293,0.8492753623188406,0.1507246376811594,PT_PVEM_MORENA_NAS,108,0.36860068259385664,13,0.04436860068259386,PAN_PRI_PRD,95,0.3242320819112628,30,0.10238907849829351,MC,65,0.22184300341296928,PT_PVEM_MORENA_NAS,108,0.36860068259385664,13,0.04436860068259386,PAN_PRI_PRD,95,0.3242320819112628,30,0.10238907849829351,MC,65,0.22184300341296928,95,0.3242320819112628,108,0.36860068259385664,65,0.22184300341296928,3,0.010238907849829351,5,0.017064846416382253,2,0.006825938566552901,1,0.0034129692832764505,14,0.04778156996587031,293,1.0,ORIGEN,SECCION,SOLO_COALICIONES
1093,26,SONORA,NACOZARI DE GARCIA,,18,149,1140,645,0.5657894736842105,0.4342105263157895,PT_PVEM_MORENA_NAS,341,0.5286821705426357,119,0.18449612403100776,PAN_PRI_PRD,222,0.34418604651162793,189,0.2930232558139535,MC,33,0.05116279069767442,PT_PVEM_MORENA_NAS,341,0.5286821705426357,119,0.18449612403100776,PAN_PRI_PRD,222,0.34418604651162793,189,0.2930232558139535,MC,33,0.05116279069767442,222,0.34418604651162793,341,0.5286821705426357,33,0.05116279069767442,18,0.027906976744186046,4,0.006201550387596899,11,0.017054263565891473,0,0.0,16,0.024806201550387597,645,1.0,ORIGEN,SECCION,SOLO_COALICIONES
1094,26,SONORA,NACOZARI DE GARCIA,,18,150,873,534,0.6116838487972509,0.3883161512027491,PAN_PRI_PRD,258,0.48314606741573035,38,0.07116104868913857,PT_PVEM_MORENA_NAS,220,0.41198501872659177,200,0.37453183520599254,MC,20,0.03745318352059925,PAN_PRI_PRD,258,0.48314606741573035,38,0.07116104868913857,PT_PVEM_MORENA_NAS,220,0.41198501872659177,200,0.37453183520599254,MC,20,0.03745318352059925,258,0.48314606741573035,220,0.41198501872659177,20,0.03745318352059925,8,0.0149812734082397,3,0.0056179775280898875,7,0.013108614232209739,0,0.0,18,0.033707865168539325,534,1.0,ORIGEN,SECCION,SOLO_COALICIONES
1095,26,SONORA,NACOZARI DE GARCIA,,18,151,1441,572,0.3969465648854962,0.6030534351145038,PT_PVEM_MORENA_NAS,304,0.5314685314685315,93,0.16258741258741258,PAN_PRI_PRD,211,0.3688811188811189,191,0.3339160839160839,MC,20,0.03496503496503497,PT_PVEM_MORENA_NAS,304,0.5314685314685315,93,0.16258741258741258,PAN_PRI_PRD,211,0.3688811188811189,191,0.3339160839160839,MC,20,0.03496503496503497,211,0.3688811188811189,304,0.5314685314685315,20,0.03496503496503497,8,0.013986013986013986,7,0.012237762237762238,6,0.01048951048951049,2,0.0034965034965034965,14,0.024475524475524476,572,1.0,ORIGEN,SECCION,SOLO_COALICIONES
1096,26,SONORA,NACOZARI DE GARCIA,,18,152,908,290,0.31938325991189426,0.6806167400881058,PAN_PRI_PRD,130,0.4482758620689655,2,0.006896551724137931,PT_PVEM_MORENA_NAS,128,0.4413793103448276,114,0.3931034482758621,MC,14,0.04827586206896552,PAN_PRI_PRD,130,0.4482758620689655,2,0.006896551724137931,PT_PVEM_MORENA_NAS,128,0.4413793103448276,114,0.3931034482758621,MC,14,0.04827586206896552,130,0.4482758620689655,128,0.4413793103448276,14,0.04827586206896552,6,0.020689655172413793,0,0.0,3,0.010344827586206896,1,0.0034482758620689655,8,0.027586206896551724,290,1.0,ORIGEN,SECCION,SOLO_COALICIONES
1097,26,SONORA,NACOZARI DE GARCIA,,18,153,851,498,0.5851938895417156,0.4148061104582844,PT_PVEM_MORENA_NAS,269,0.5401606425702812,94,0.18875502008032127,PAN_PRI_PRD,175,0.3514056224899598,157,0.3152610441767068,MC,18,0.03614457831325301,PT_PVEM_MORENA_NAS,269,0.5401606425702812,94,0.18875502008032127,PAN_PRI_PRD,175,0.3514056224899598,157,0.3152610441767068,MC,18,0.03614457831325301,175,0.3514056224899598,269,0.5401606425702812,18,0.03614457831325301,10,0.020080321285140562,1,0.002008032128514056,8,0.01606425702811245,6,0.012048192771084338,11,0.02208835341365462,498,1.0,ORIGEN,SECCION,SOLO_COALICIONES
1098,26,SONORA,NACOZARI DE GARCIA,,18,154,1113,586,0.5265049415992812,0.4734950584007188,PT_PVEM_MORENA_NAS,285,0.4863481228668942,71,0.12116040955631399,PAN_PRI_PRD,214,0.3651877133105802,189,0.3225255972696246,MC,25,0.042662116040955635,PT_PVEM_MORENA_NAS,285,0.4863481228668942,71,0.12116040955631399,PAN_PRI_PRD,214,0.3651877133105802,189,0.3225255972696246,MC,25,0.042662116040955635,214,0.3651877133105802,285,0.4863481228668942,25,0.042662116040955635,19,0.032423208191126277,7,0.011945392491467578,6,0.010238907849829351,8,0.013651877133105802,22,0.03754266211604096,586,1.0,ORIGEN,SECCION,SOLO_COALICIONES
1099,26,SONORA,NACOZARI DE GARCIA,,18,155,722,453,0.6274238227146814,0.37257617728531855,PT_PVEM_MORENA_NAS,211,0.46578366445916114,35,0.0772626931567329,PAN_PRI_PRD,176,0.38852097130242824,157,0.3465783664459161,PES,19,0.04194260485651214,PT_PVEM_MORENA_NAS,211,0.46578366445916114,35,0.0772626931567329,PAN_PRI_PRD,176,0.38852097130242824,157,0.3465783664459161,PES,19,0.04194260485651214,176,0.38852097130242824,211,0.46578366445916114,18,0.039735099337748346,19,0.04194260485651214,3,0.006622516556291391,5,0.011037527593818985,0,0.0,21,0.046357615894039736,453,1.0,ORIGEN,SECCION,SOLO_COALICIONES
1100,26,SONORA,NACOZARI DE GARCIA,,18,156,2544,1391,0.5467767295597484,0.45322327044025157,PT_PVEM_MORENA_NAS,544,0.39108554996405465,195,0.14018691588785046,PAN_PRI_PRD,349,0.25089863407620416,136,0.09777138749101366,FxM,213,0.1531272465851905,PT_PVEM_MORENA_NAS,544,0.39108554996405465,195,0.14018691588785046,PAN_PRI_PRD,349,0.25089863407620416,136,0.09777138749101366,FxM,213,0.1531272465851905,349,0.25089863407620416,544,0.39108554996405465,61,0.04385334291876348,40,0.02875629043853343,130,0.09345794392523364,213,0.1531272465851905,0,0.0,54,0.038820992092020126,1391,1.0,ORIGEN,SECCION,SOLO_COALICIONES
1101,26,SONORA,NACOZARI DE GARCIA,,18,157,413,234,0.5665859564164649,0.4334140435835351,PAN_PRI_PRD,113,0.4829059829059829,24,0.10256410256410256,PT_PVEM_MORENA_NAS,89,0.3803418803418803,79,0.33760683760683763,MC,10,0.042735042735042736,PAN_PRI_PRD,113,0.4829059829059829,24,0.10256410256410256,PT_PVEM_MORENA_NAS,89,0.3803418803418803,79,0.33760683760683763,MC,10,0.042735042735042736,113,0.4829059829059829,89,0.3803418803418803,10,0.042735042735042736,8,0.03418803418803419,2,0.008547008547008548,8,0.03418803418803419,0,0.0,4,0.017094017094017096,234,1.0,ORIGEN,SECCION,SOLO_COALICIONES
1102,26,SONORA,NACOZARI DE GARCIA,,18,158,153,98,0.6405228758169934,0.3594771241830066,PT_PVEM_MORENA_NAS,64,0.6530612244897959,41,0.41836734693877553,PAN_PRI_PRD,23,0.23469387755102042,18,0.1836734693877551,PES,5,0.05102040816326531,PT_PVEM_MORENA_NAS,64,0.6530612244897959,41,0.41836734693877553,PAN_PRI_PRD,23,0.23469387755102042,18,0.1836734693877551,PES,5,0.05102040816326531,23,0.23469387755102042,64,0.6530612244897959,3,0.030612244897959183,5,0.05102040816326531,0,0.0,1,0.01020408163265306,0,0.0,2,0.02040816326530612,98,1.0,ORIGEN,SECCION,SOLO_COALICIONES
1103,26,SONORA,NAVOJOA,,19,1230,2504,1063,0.4245207667731629,0.575479233226837,PT_PVEM_MORENA_NAS,623,0.5860771401693321,325,0.3057384760112888,PAN_PRI_PRD,298,0.28033866415804326,212,0.19943555973659455,RSP,86,0.08090310442144873,PT_PVEM_MORENA_NAS,623,0.5860771401693321,325,0.3057384760112888,PAN_PRI_PRD,298,0.28033866415804326,212,0.19943555973659455,RSP,86,0.08090310442144873,298,0.28033866415804326,623,0.5860771401693321,18,0.016933207902163686,5,0.004703668861712135,86,0.08090310442144873,6,0.005644402634054563,1,0.0009407337723424271,26,0.024459078080903106,1063,1.0,ORIGEN,SECCION,SOLO_COALICIONES
1104,26,SONORA,NAVOJOA,,19,1231,824,343,0.4162621359223301,0.5837378640776699,PAN_PRI_PRD,172,0.5014577259475219,35,0.10204081632653061,PT_PVEM_MORENA_NAS,137,0.39941690962099125,123,0.358600583090379,MC,14,0.04081632653061224,PAN_PRI_PRD,172,0.5014577259475219,35,0.10204081632653061,PT_PVEM_MORENA_NAS,137,0.39941690962099125,123,0.358600583090379,MC,14,0.04081632653061224,172,0.5014577259475219,137,0.39941690962099125,14,0.04081632653061224,4,0.011661807580174927,2,0.0058309037900874635,8,0.023323615160349854,1,0.0029154518950437317,5,0.014577259475218658,343,1.0,ORIGEN,SECCION,SOLO_COALICIONES
1105,26,SONORA,NAVOJOA,,19,1232,1224,764,0.6241830065359477,0.3758169934640523,PAN_PRI_PRD,464,0.6073298429319371,201,0.2630890052356021,PT_PVEM_MORENA_NAS,263,0.34424083769633507,242,0.31675392670157065,MC,21,0.0274869109947644,PAN_PRI_PRD,464,0.6073298429319371,201,0.2630890052356021,PT_PVEM_MORENA_NAS,263,0.34424083769633507,242,0.31675392670157065,MC,21,0.0274869109947644,464,0.6073298429319371,263,0.34424083769633507,21,0.0274869109947644,2,0.002617801047120419,4,0.005235602094240838,2,0.002617801047120419,2,0.002617801047120419,6,0.007853403141361256,764,1.0,ORIGEN,SECCION,SOLO_COALICIONES
1106,26,SONORA,NAVOJOA,,19,1233,783,512,0.6538952745849298,0.3461047254150702,PAN_PRI_PRD,355,0.693359375,224,0.4375,PT_PVEM_MORENA_NAS,131,0.255859375,117,0.228515625,MC,14,0.02734375,PAN_PRI_PRD,355,0.693359375,224,0.4375,PT_PVEM_MORENA_NAS,131,0.255859375,117,0.228515625,MC,14,0.02734375,355,0.693359375,131,0.255859375,14,0.02734375,2,0.00390625,1,0.001953125,2,0.00390625,2,0.00390625,5,0.009765625,512,1.0,ORIGEN,SECCION,SOLO_COALICIONES
1107,26,SONORA,NAVOJOA,,19,1234,1286,1355,1.0536547433903578,-0.053654743390357806,PAN_PRI_PRD,715,0.5276752767527675,151,0.11143911439114391,PT_PVEM_MORENA_NAS,564,0.41623616236162364,544,0.4014760147601476,MC,20,0.014760147601476014,PAN_PRI_PRD,715,0.5276752767527675,151,0.11143911439114391,PT_PVEM_MORENA_NAS,564,0.41623616236162364,544,0.4014760147601476,MC,20,0.014760147601476014,715,0.5276752767527675,564,0.41623616236162364,20,0.014760147601476014,6,0.004428044280442804,14,0.010332103321033211,15,0.01107011070110701,0,0.0,21,0.015498154981549815,1355,1.0,ORIGEN,SECCION,SOLO_COALICIONES
1108,26,SONORA,NAVOJOA,,19,1235,1083,530,0.48938134810710987,0.5106186518928901,PT_PVEM_MORENA_NAS,326,0.6150943396226415,157,0.2962264150943396,PAN_PRI_PRD,169,0.31886792452830187,157,0.2962264150943396,MC,12,0.022641509433962263,PT_PVEM_MORENA_NAS,326,0.6150943396226415,157,0.2962264150943396,PAN_PRI_PRD,169,0.31886792452830187,157,0.2962264150943396,MC,12,0.022641509433962263,169,0.31886792452830187,326,0.6150943396226415,12,0.022641509433962263,3,0.005660377358490566,4,0.007547169811320755,5,0.009433962264150943,0,0.0,11,0.020754716981132074,530,1.0,ORIGEN,SECCION,SOLO_COALICIONES
1109,26,SONORA,NAVOJOA,,19,1236,1520,713,0.46907894736842104,0.530921052631579,PT_PVEM_MORENA_NAS,416,0.5834502103786816,177,0.2482468443197756,PAN_PRI_PRD,239,0.33520336605890605,216,0.302945301542777,MC,23,0.03225806451612903,PT_PVEM_MORENA_NAS,416,0.5834502103786816,177,0.2482468443197756,PAN_PRI_PRD,239,0.33520336605890605,216,0.302945301542777,MC,23,0.03225806451612903,239,0.33520336605890605,416,0.5834502103786816,23,0.03225806451612903,5,0.0070126227208976155,8,0.011220196353436185,8,0.011220196353436185,0,0.0,14,0.019635343618513323,713,1.0,ORIGEN,SECCION,SOLO_COALICIONES
1110,26,SONORA,NAVOJOA,,19,1237,1298,476,0.3667180277349769,0.6332819722650231,PT_PVEM_MORENA_NAS,301,0.6323529411764706,166,0.3487394957983193,PAN_PRI_PRD,135,0.28361344537815125,122,0.25630252100840334,MC,13,0.0273109243697479,PT_PVEM_MORENA_NAS,301,0.6323529411764706,166,0.3487394957983193,PAN_PRI_PRD,135,0.28361344537815125,122,0.25630252100840334,MC,13,0.0273109243697479,135,0.28361344537815125,301,0.6323529411764706,13,0.0273109243697479,12,0.025210084033613446,4,0.008403361344537815,4,0.008403361344537815,0,0.0,7,0.014705882352941176,476,1.0,ORIGEN,SECCION,SOLO_COALICIONES
1111,26,SONORA,NAVOJOA,,19,1238,1090,417,0.38256880733944953,0.6174311926605505,PT_PVEM_MORENA_NAS,270,0.6474820143884892,175,0.4196642685851319,PAN_PRI_PRD,95,0.2278177458033573,80,0.19184652278177458,MC,15,0.03597122302158273,PT_PVEM_MORENA_NAS,270,0.6474820143884892,175,0.4196642685851319,PAN_PRI_PRD,95,0.2278177458033573,80,0.19184652278177458,MC,15,0.03597122302158273,95,0.2278177458033573,270,0.6474820143884892,15,0.03597122302158273,4,0.009592326139088728,8,0.019184652278177457,3,0.007194244604316547,0,0.0,22,0.05275779376498801,417,1.0,ORIGEN,SECCION,SOLO_COALICIONES
1112,26,SONORA,NAVOJOA,,19,1239,1590,670,0.42138364779874216,0.5786163522012578,PT_PVEM_MORENA_NAS,455,0.6791044776119403,308,0.4597014925373134,PAN_PRI_PRD,147,0.21940298507462686,130,0.19402985074626866,MC,17,0.025373134328358207,PT_PVEM_MORENA_NAS,455,0.6791044776119403,308,0.4597014925373134,PAN_PRI_PRD,147,0.21940298507462686,130,0.19402985074626866,MC,17,0.025373134328358207,147,0.21940298507462686,455,0.6791044776119403,17,0.025373134328358207,17,0.025373134328358207,4,0.005970149253731343,11,0.016417910447761194,0,0.0,19,0.028358208955223882,670,1.0,ORIGEN,SECCION,SOLO_COALICIONES
1113,26,SONORA,NAVOJOA,,19,1240,289,158,0.5467128027681661,0.45328719723183386,PT_PVEM_MORENA_NAS,101,0.6392405063291139,50,0.31645569620253167,PAN_PRI_PRD,51,0.3227848101265823,49,0.310126582278481,FxM,2,0.012658227848101266,PT_PVEM_MORENA_NAS,101,0.6392405063291139,50,0.31645569620253167,PAN_PRI_PRD,51,0.3227848101265823,49,0.310126582278481,FxM,2,0.012658227848101266,51,0.3227848101265823,101,0.6392405063291139,0,0.0,0,0.0,1,0.006329113924050633,2,0.012658227848101266,0,0.0,3,0.0189873417721519,158,1.0,ORIGEN,SECCION,SOLO_COALICIONES
1114,26,SONORA,NAVOJOA,,19,1241,372,166,0.44623655913978494,0.553763440860215,PT_PVEM_MORENA_NAS,98,0.5903614457831325,34,0.20481927710843373,PAN_PRI_PRD,64,0.3855421686746988,64,0.3855421686746988,MC,0,0.0,PT_PVEM_MORENA_NAS,98,0.5903614457831325,34,0.20481927710843373,PAN_PRI_PRD,64,0.3855421686746988,64,0.3855421686746988,MC,0,0.0,64,0.3855421686746988,98,0.5903614457831325,0,0.0,0,0.0,0,0.0,0,0.0,0,0.0,4,0.024096385542168676,166,1.0,ORIGEN,SECCION,SOLO_COALICIONES
1115,26,SONORA,NAVOJOA,,19,1242,556,294,0.5287769784172662,0.47122302158273377,PT_PVEM_MORENA_NAS,172,0.5850340136054422,64,0.21768707482993196,PAN_PRI_PRD,108,0.3673469387755102,104,0.35374149659863946,MC,4,0.013605442176870748,PT_PVEM_MORENA_NAS,172,0.5850340136054422,64,0.21768707482993196,PAN_PRI_PRD,108,0.3673469387755102,104,0.35374149659863946,MC,4,0.013605442176870748,108,0.3673469387755102,172,0.5850340136054422,4,0.013605442176870748,1,0.003401360544217687,2,0.006802721088435374,2,0.006802721088435374,0,0.0,5,0.017006802721088437,294,1.0,ORIGEN,SECCION,SOLO_COALICIONES
1116,26,SONORA,NAVOJOA,,19,1243,2374,951,0.4005897219882056,0.5994102780117945,PT_PVEM_MORENA_NAS,580,0.6098843322818086,273,0.2870662460567823,PAN_PRI_PRD,307,0.3228180862250263,285,0.2996845425867508,MC,22,0.023133543638275498,PT_PVEM_MORENA_NAS,580,0.6098843322818086,273,0.2870662460567823,PAN_PRI_PRD,307,0.3228180862250263,285,0.2996845425867508,MC,22,0.023133543638275498,307,0.3228180862250263,580,0.6098843322818086,22,0.023133543638275498,10,0.010515247108307046,10,0.010515247108307046,6,0.006309148264984227,1,0.0010515247108307045,15,0.015772870662460567,951,1.0,ORIGEN,SECCION,SOLO_COALICIONES
1117,26,SONORA,NAVOJOA,,19,1244,1555,702,0.4514469453376206,0.5485530546623794,PT_PVEM_MORENA_NAS,443,0.6310541310541311,249,0.3547008547008547,PAN_PRI_PRD,194,0.27635327635327633,171,0.24358974358974358,MC,23,0.03276353276353276,PT_PVEM_MORENA_NAS,443,0.6310541310541311,249,0.3547008547008547,PAN_PRI_PRD,194,0.27635327635327633,171,0.24358974358974358,MC,23,0.03276353276353276,194,0.27635327635327633,443,0.6310541310541311,23,0.03276353276353276,11,0.01566951566951567,5,0.007122507122507123,7,0.009971509971509971,0,0.0,19,0.027065527065527065,702,1.0,ORIGEN,SECCION,SOLO_COALICIONES
1118,26,SONORA,NAVOJOA,,19,1245,888,449,0.5056306306306306,0.49436936936936937,PT_PVEM_MORENA_NAS,295,0.6570155902004454,165,0.3674832962138085,PAN_PRI_PRD,130,0.289532293986637,123,0.2739420935412027,MC,7,0.015590200445434299,PT_PVEM_MORENA_NAS,295,0.6570155902004454,165,0.3674832962138085,PAN_PRI_PRD,130,0.289532293986637,123,0.2739420935412027,MC,7,0.015590200445434299,130,0.289532293986637,295,0.6570155902004454,7,0.015590200445434299,1,0.0022271714922048997,6,0.013363028953229399,4,0.008908685968819599,0,0.0,6,0.013363028953229399,449,1.0,ORIGEN,SECCION,SOLO_COALICIONES
1119,26,SONORA,NAVOJOA,,19,1246,1132,493,0.43551236749116606,0.5644876325088339,PAN_PRI_PRD,285,0.5780933062880325,121,0.24543610547667344,PT_PVEM_MORENA_NAS,164,0.332657200811359,143,0.29006085192697767,MC,21,0.04259634888438134,PAN_PRI_PRD,285,0.5780933062880325,121,0.24543610547667344,PT_PVEM_MORENA_NAS,164,0.332657200811359,143,0.29006085192697767,MC,21,0.04259634888438134,285,0.5780933062880325,164,0.332657200811359,21,0.04259634888438134,4,0.008113590263691683,5,0.010141987829614604,7,0.014198782961460446,0,0.0,7,0.014198782961460446,493,1.0,ORIGEN,SECCION,SOLO_COALICIONES
1120,26,SONORA,NAVOJOA,,19,1247,1173,703,0.5993179880647911,0.4006820119352089,PAN_PRI_PRD,374,0.5320056899004267,83,0.11806543385490754,PT_PVEM_MORENA_NAS,291,0.4139402560455192,271,0.38549075391180654,MC,20,0.02844950213371266,PAN_PRI_PRD,374,0.5320056899004267,83,0.11806543385490754,PT_PVEM_MORENA_NAS,291,0.4139402560455192,271,0.38549075391180654,MC,20,0.02844950213371266,374,0.5320056899004267,291,0.4139402560455192,20,0.02844950213371266,2,0.002844950213371266,2,0.002844950213371266,9,0.012802275960170697,0,0.0,5,0.007112375533428165,703,1.0,ORIGEN,SECCION,SOLO_COALICIONES
1121,26,SONORA,NAVOJOA,,19,1248,524,812,1.549618320610687,-0.549618320610687,PAN_PRI_PRD,537,0.6613300492610837,296,0.3645320197044335,PT_PVEM_MORENA_NAS,241,0.29679802955665024,226,0.27832512315270935,MC,15,0.01847290640394089,PAN_PRI_PRD,537,0.6613300492610837,296,0.3645320197044335,PT_PVEM_MORENA_NAS,241,0.29679802955665024,226,0.27832512315270935,MC,15,0.01847290640394089,537,0.6613300492610837,241,0.29679802955665024,15,0.01847290640394089,0,0.0,1,0.0012315270935960591,4,0.0049261083743842365,0,0.0,14,0.017241379310344827,812,1.0,ORIGEN,SECCION,SOLO_COALICIONES
1122,26,SONORA,NAVOJOA,,19,1249,1119,537,0.47989276139410186,0.5201072386058981,PT_PVEM_MORENA_NAS,357,0.664804469273743,225,0.41899441340782123,PAN_PRI_PRD,132,0.24581005586592178,117,0.21787709497206703,MC,15,0.027932960893854747,PT_PVEM_MORENA_NAS,357,0.664804469273743,225,0.41899441340782123,PAN_PRI_PRD,132,0.24581005586592178,117,0.21787709497206703,MC,15,0.027932960893854747,132,0.24581005586592178,357,0.664804469273743,15,0.027932960893854747,1,0.00186219739292365,5,0.00931098696461825,7,0.01303538175046555,2,0.0037243947858473,18,0.0335195530726257,537,1.0,ORIGEN,SECCION,SOLO_COALICIONES
1123,26,SONORA,NAVOJOA,,19,1250,919,380,0.4134929270946681,0.5865070729053319,PT_PVEM_MORENA_NAS,236,0.6210526315789474,127,0.33421052631578946,PAN_PRI_PRD,109,0.2868421052631579,93,0.24473684210526317,MC,16,0.042105263157894736,PT_PVEM_MORENA_NAS,236,0.6210526315789474,127,0.33421052631578946,PAN_PRI_PRD,109,0.2868421052631579,93,0.24473684210526317,MC,16,0.042105263157894736,109,0.2868421052631579,236,0.6210526315789474,16,0.042105263157894736,2,0.005263157894736842,2,0.005263157894736842,5,0.013157894736842105,0,0.0,10,0.02631578947368421,380,1.0,ORIGEN,SECCION,SOLO_COALICIONES
1124,26,SONORA,NAVOJOA,,19,1251,4356,2479,0.5691000918273645,0.43089990817263546,PT_PVEM_MORENA_NAS,1812,0.7309398951189996,1271,0.5127067365873336,PAN_PRI_PRD,541,0.218233158531666,502,0.20250100847115773,MC,39,0.01573215006050827,PT_PVEM_MORENA_NAS,1812,0.7309398951189996,1271,0.5127067365873336,PAN_PRI_PRD,541,0.218233158531666,502,0.20250100847115773,MC,39,0.01573215006050827,541,0.218233158531666,1812,0.7309398951189996,39,0.01573215006050827,14,0.005647438483259379,7,0.0028237192416296895,28,0.011294876966518758,0,0.0,38,0.015328761597418314,2479,1.0,ORIGEN,SECCION,SOLO_COALICIONES
1125,26,SONORA,NAVOJOA,,19,1252,2588,1059,0.4091962905718702,0.5908037094281298,PT_PVEM_MORENA_NAS,714,0.6742209631728046,457,0.43153918791312557,PAN_PRI_PRD,257,0.24268177525967893,225,0.21246458923512748,MC,32,0.030217186024551465,PT_PVEM_MORENA_NAS,714,0.6742209631728046,457,0.43153918791312557,PAN_PRI_PRD,257,0.24268177525967893,225,0.21246458923512748,MC,32,0.030217186024551465,257,0.24268177525967893,714,0.6742209631728046,32,0.030217186024551465,9,0.0084985835694051,13,0.012275731822474031,9,0.0084985835694051,0,0.0,25,0.023607176581680833,1059,1.0,ORIGEN,SECCION,SOLO_COALICIONES
1126,26,SONORA,NAVOJOA,,19,1253,1537,737,0.47950553025374104,0.520494469746259,PT_PVEM_MORENA_NAS,474,0.6431478968792401,263,0.3568521031207598,PAN_PRI_PRD,211,0.2862957937584803,192,0.26051560379918587,MC,19,0.025780189959294438,PT_PVEM_MORENA_NAS,474,0.6431478968792401,263,0.3568521031207598,PAN_PRI_PRD,211,0.2862957937584803,192,0.26051560379918587,MC,19,0.025780189959294438,211,0.2862957937584803,474,0.6431478968792401,19,0.025780189959294438,5,0.0067842605156037995,8,0.010854816824966078,7,0.009497964721845319,0,0.0,13,0.017639077340569877,737,1.0,ORIGEN,SECCION,SOLO_COALICIONES
1127,26,SONORA,NAVOJOA,,19,1254,1343,719,0.5353685778108712,0.4646314221891288,PT_PVEM_MORENA_NAS,356,0.4951321279554937,38,0.05285118219749652,PAN_PRI_PRD,318,0.4422809457579972,301,0.41863699582753827,MC,17,0.02364394993045897,PT_PVEM_MORENA_NAS,356,0.4951321279554937,38,0.05285118219749652,PAN_PRI_PRD,318,0.4422809457579972,301,0.41863699582753827,MC,17,0.02364394993045897,318,0.4422809457579972,356,0.4951321279554937,17,0.02364394993045897,2,0.0027816411682892906,4,0.005563282336578581,11,0.015299026425591099,0,0.0,11,0.015299026425591099,719,1.0,ORIGEN,SECCION,SOLO_COALICIONES
1128,26,SONORA,NAVOJOA,,19,1255,972,643,0.661522633744856,0.338477366255144,PAN_PRI_PRD,377,0.5863141524105754,143,0.2223950233281493,PT_PVEM_MORENA_NAS,234,0.36391912908242613,214,0.3328149300155521,MC,20,0.03110419906687403,PAN_PRI_PRD,377,0.5863141524105754,143,0.2223950233281493,PT_PVEM_MORENA_NAS,234,0.36391912908242613,214,0.3328149300155521,MC,20,0.03110419906687403,377,0.5863141524105754,234,0.36391912908242613,20,0.03110419906687403,1,0.0015552099533437014,1,0.0015552099533437014,4,0.006220839813374806,0,0.0,6,0.00933125972006221,643,1.0,ORIGEN,SECCION,SOLO_COALICIONES
1129,26,SONORA,NAVOJOA,,19,1256,1412,715,0.5063739376770539,0.49362606232294615,PT_PVEM_MORENA_NAS,443,0.6195804195804195,235,0.32867132867132864,PAN_PRI_PRD,208,0.2909090909090909,182,0.2545454545454545,MC,26,0.03636363636363636,PT_PVEM_MORENA_NAS,443,0.6195804195804195,235,0.32867132867132864,PAN_PRI_PRD,208,0.2909090909090909,182,0.2545454545454545,MC,26,0.03636363636363636,208,0.2909090909090909,443,0.6195804195804195,26,0.03636363636363636,4,0.005594405594405594,10,0.013986013986013986,10,0.013986013986013986,0,0.0,14,0.019580419580419582,715,1.0,ORIGEN,SECCION,SOLO_COALICIONES
1130,26,SONORA,NAVOJOA,,19,1257,1584,709,0.4476010101010101,0.5523989898989898,PT_PVEM_MORENA_NAS,434,0.61212976022567,208,0.2933709449929478,PAN_PRI_PRD,226,0.31875881523272215,205,0.28913963328631875,MC,21,0.029619181946403384,PT_PVEM_MORENA_NAS,434,0.61212976022567,208,0.2933709449929478,PAN_PRI_PRD,226,0.31875881523272215,205,0.28913963328631875,MC,21,0.029619181946403384,226,0.31875881523272215,434,0.61212976022567,21,0.029619181946403384,2,0.0028208744710860366,5,0.007052186177715092,12,0.01692524682651622,0,0.0,9,0.012693935119887164,709,1.0,ORIGEN,SECCION,SOLO_COALICIONES
1131,26,SONORA,NAVOJOA,,19,1258,1320,606,0.4590909090909091,0.5409090909090909,PT_PVEM_MORENA_NAS,358,0.5907590759075908,179,0.2953795379537954,PAN_PRI_PRD,179,0.2953795379537954,163,0.26897689768976896,MC,16,0.026402640264026403,PT_PVEM_MORENA_NAS,358,0.5907590759075908,179,0.2953795379537954,PAN_PRI_PRD,179,0.2953795379537954,163,0.26897689768976896,MC,16,0.026402640264026403,179,0.2953795379537954,358,0.5907590759075908,16,0.026402640264026403,13,0.02145214521452145,8,0.013201320132013201,10,0.0165016501650165,13,0.02145214521452145,9,0.01485148514851485,606,1.0,ORIGEN,SECCION,SOLO_COALICIONES
1132,26,SONORA,NAVOJOA,,19,1259,2904,846,0.29132231404958675,0.7086776859504132,PT_PVEM_MORENA_NAS,565,0.6678486997635934,351,0.4148936170212766,PAN_PRI_PRD,214,0.25295508274231676,194,0.2293144208037825,MC,20,0.02364066193853428,PT_PVEM_MORENA_NAS,565,0.6678486997635934,351,0.4148936170212766,PAN_PRI_PRD,214,0.25295508274231676,194,0.2293144208037825,MC,20,0.02364066193853428,214,0.25295508274231676,565,0.6678486997635934,20,0.02364066193853428,11,0.013002364066193853,7,0.008274231678486997,12,0.014184397163120567,0,0.0,17,0.02009456264775414,846,1.0,ORIGEN,SECCION,SOLO_COALICIONES
1133,26,SONORA,NAVOJOA,,19,1260,4526,2091,0.4619973486522316,0.5380026513477685,PT_PVEM_MORENA_NAS,1339,0.640363462458154,738,0.35294117647058826,PAN_PRI_PRD,601,0.28742228598756575,555,0.2654232424677188,MC,46,0.021999043519846963,PT_PVEM_MORENA_NAS,1339,0.640363462458154,738,0.35294117647058826,PAN_PRI_PRD,601,0.28742228598756575,555,0.2654232424677188,MC,46,0.021999043519846963,601,0.28742228598756575,1339,0.640363462458154,46,0.021999043519846963,25,0.011956001912960305,18,0.00860832137733142,20,0.009564801530368245,5,0.0023912003825920613,37,0.017694882831181254,2091,1.0,ORIGEN,SECCION,SOLO_COALICIONES
1134,26,SONORA,NAVOJOA,,19,1261,6084,2668,0.43852728468113084,0.5614727153188692,PT_PVEM_MORENA_NAS,1469,0.550599700149925,449,0.16829085457271364,PAN_PRI_PRD,1020,0.3823088455772114,945,0.35419790104947524,MC,75,0.02811094452773613,PT_PVEM_MORENA_NAS,1469,0.550599700149925,449,0.16829085457271364,PAN_PRI_PRD,1020,0.3823088455772114,945,0.35419790104947524,MC,75,0.02811094452773613,1020,0.3823088455772114,1469,0.550599700149925,75,0.02811094452773613,18,0.006746626686656672,18,0.006746626686656672,37,0.013868065967016492,1,0.0003748125937031484,30,0.011244377811094454,2668,1.0,ORIGEN,SECCION,SOLO_COALICIONES
1135,26,SONORA,NAVOJOA,,19,1262,1222,722,0.5908346972176759,0.4091653027823241,PT_PVEM_MORENA_NAS,380,0.5263157894736842,100,0.13850415512465375,PAN_PRI_PRD,280,0.3878116343490305,262,0.3628808864265928,MC,18,0.024930747922437674,PT_PVEM_MORENA_NAS,380,0.5263157894736842,100,0.13850415512465375,PAN_PRI_PRD,280,0.3878116343490305,262,0.3628808864265928,MC,18,0.024930747922437674,280,0.3878116343490305,380,0.5263157894736842,18,0.024930747922437674,10,0.013850415512465374,12,0.01662049861495845,8,0.0110803324099723,4,0.00554016620498615,10,0.013850415512465374,722,1.0,ORIGEN,SECCION,SOLO_COALICIONES
1136,26,SONORA,NAVOJOA,,19,1263,2568,1201,0.4676791277258567,0.5323208722741433,PT_PVEM_MORENA_NAS,762,0.6344712739383847,406,0.33805162364696084,PAN_PRI_PRD,356,0.2964196502914238,332,0.27643630308076605,MC,24,0.019983347210657785,PT_PVEM_MORENA_NAS,762,0.6344712739383847,406,0.33805162364696084,PAN_PRI_PRD,356,0.2964196502914238,332,0.27643630308076605,MC,24,0.019983347210657785,356,0.2964196502914238,762,0.6344712739383847,24,0.019983347210657785,11,0.009159034138218152,15,0.012489592006661115,12,0.009991673605328892,0,0.0,21,0.017485428809325562,1201,1.0,ORIGEN,SECCION,SOLO_COALICIONES
1137,26,SONORA,NAVOJOA,,19,1264,3636,1319,0.3627612761276128,0.6372387238723872,PT_PVEM_MORENA_NAS,870,0.6595905989385898,545,0.4131918119787718,PAN_PRI_PRD,325,0.24639878695981804,288,0.21834723275208492,MC,37,0.028051554207733132,PT_PVEM_MORENA_NAS,870,0.6595905989385898,545,0.4131918119787718,PAN_PRI_PRD,325,0.24639878695981804,288,0.21834723275208492,MC,37,0.028051554207733132,325,0.24639878695981804,870,0.6595905989385898,37,0.028051554207733132,15,0.011372251705837756,11,0.008339651250947688,14,0.01061410159211524,0,0.0,47,0.0356330553449583,1319,1.0,ORIGEN,SECCION,SOLO_COALICIONES
1138,26,SONORA,NAVOJOA,,19,1265,2763,1103,0.39920376402461094,0.6007962359753891,PT_PVEM_MORENA_NAS,717,0.6500453309156845,415,0.37624660018132366,PAN_PRI_PRD,302,0.27379873073436084,274,0.2484134179510426,MC,28,0.025385312783318223,PT_PVEM_MORENA_NAS,717,0.6500453309156845,415,0.37624660018132366,PAN_PRI_PRD,302,0.27379873073436084,274,0.2484134179510426,MC,28,0.025385312783318223,302,0.27379873073436084,717,0.6500453309156845,28,0.025385312783318223,9,0.008159564823209429,8,0.007252946509519492,15,0.013599274705349048,0,0.0,24,0.021758839528558477,1103,1.0,ORIGEN,SECCION,SOLO_COALICIONES
1139,26,SONORA,NAVOJOA,,19,1266,1249,527,0.42193755004003203,0.578062449959968,PT_PVEM_MORENA_NAS,344,0.6527514231499051,188,0.3567362428842505,PAN_PRI_PRD,156,0.29601518026565465,145,0.27514231499051234,MC,11,0.020872865275142316,PT_PVEM_MORENA_NAS,344,0.6527514231499051,188,0.3567362428842505,PAN_PRI_PRD,156,0.29601518026565465,145,0.27514231499051234,MC,11,0.020872865275142316,156,0.29601518026565465,344,0.6527514231499051,11,0.020872865275142316,3,0.0056925996204933585,3,0.0056925996204933585,2,0.003795066413662239,0,0.0,8,0.015180265654648957,527,1.0,ORIGEN,SECCION,SOLO_COALICIONES
1140,26,SONORA,NAVOJOA,,19,1267,4701,1686,0.35864709636247605,0.641352903637524,PT_PVEM_MORENA_NAS,1133,0.6720047449584816,705,0.4181494661921708,PAN_PRI_PRD,428,0.2538552787663108,395,0.23428232502965599,MC,33,0.019572953736654804,PT_PVEM_MORENA_NAS,1133,0.6720047449584816,705,0.4181494661921708,PAN_PRI_PRD,428,0.2538552787663108,395,0.23428232502965599,MC,33,0.019572953736654804,428,0.2538552787663108,1133,0.6720047449584816,33,0.019572953736654804,14,0.00830367734282325,12,0.0071174377224199285,28,0.0166073546856465,1,0.0005931198102016608,37,0.021945432977461446,1686,1.0,ORIGEN,SECCION,SOLO_COALICIONES
1141,26,SONORA,NAVOJOA,,19,1268,1906,740,0.3882476390346275,0.6117523609653726,PT_PVEM_MORENA_NAS,468,0.6324324324324324,254,0.34324324324324323,PAN_PRI_PRD,214,0.2891891891891892,193,0.2608108108108108,MC,21,0.02837837837837838,PT_PVEM_MORENA_NAS,468,0.6324324324324324,254,0.34324324324324323,PAN_PRI_PRD,214,0.2891891891891892,193,0.2608108108108108,MC,21,0.02837837837837838,214,0.2891891891891892,468,0.6324324324324324,21,0.02837837837837838,2,0.002702702702702703,8,0.010810810810810811,7,0.00945945945945946,1,0.0013513513513513514,19,0.025675675675675677,740,1.0,ORIGEN,SECCION,SOLO_COALICIONES
1142,26,SONORA,NAVOJOA,,19,1269,1761,1041,0.5911413969335605,0.4088586030664395,PT_PVEM_MORENA_NAS,515,0.494716618635927,48,0.04610951008645533,PAN_PRI_PRD,467,0.44860710854947167,446,0.42843419788664744,MC,21,0.020172910662824207,PT_PVEM_MORENA_NAS,515,0.494716618635927,48,0.04610951008645533,PAN_PRI_PRD,467,0.44860710854947167,446,0.42843419788664744,MC,21,0.020172910662824207,467,0.44860710854947167,515,0.494716618635927,21,0.020172910662824207,2,0.0019212295869356388,8,0.007684918347742555,10,0.009606147934678195,0,0.0,18,0.01729106628242075,1041,1.0,ORIGEN,SECCION,SOLO_COALICIONES
1143,26,SONORA,NAVOJOA,,19,1273,554,257,0.463898916967509,0.536101083032491,PT_PVEM_MORENA_NAS,135,0.5252918287937743,30,0.11673151750972763,PAN_PRI_PRD,105,0.4085603112840467,99,0.3852140077821012,MC,6,0.023346303501945526,PT_PVEM_MORENA_NAS,135,0.5252918287937743,30,0.11673151750972763,PAN_PRI_PRD,105,0.4085603112840467,99,0.3852140077821012,MC,6,0.023346303501945526,105,0.4085603112840467,135,0.5252918287937743,6,0.023346303501945526,4,0.01556420233463035,2,0.007782101167315175,0,0.0,0,0.0,5,0.019455252918287938,257,1.0,ORIGEN,SECCION,SOLO_COALICIONES
1144,26,SONORA,NAVOJOA,,19,1274,335,199,0.5940298507462687,0.4059701492537313,PT_PVEM_MORENA_NAS,112,0.5628140703517588,45,0.22613065326633167,PAN_PRI_PRD,67,0.33668341708542715,62,0.31155778894472363,MC,5,0.02512562814070352,PT_PVEM_MORENA_NAS,112,0.5628140703517588,45,0.22613065326633167,PAN_PRI_PRD,67,0.33668341708542715,62,0.31155778894472363,MC,5,0.02512562814070352,67,0.33668341708542715,112,0.5628140703517588,5,0.02512562814070352,3,0.01507537688442211,3,0.01507537688442211,3,0.01507537688442211,0,0.0,6,0.03015075376884422,199,1.0,ORIGEN,SECCION,SOLO_COALICIONES
1145,26,SONORA,NAVOJOA,,19,1279,1483,565,0.38098449089683073,0.6190155091031693,PT_PVEM_MORENA_NAS,416,0.736283185840708,305,0.5398230088495575,PAN_PRI_PRD,111,0.19646017699115045,101,0.17876106194690267,PES,10,0.017699115044247787,PT_PVEM_MORENA_NAS,416,0.736283185840708,305,0.5398230088495575,PAN_PRI_PRD,111,0.19646017699115045,101,0.17876106194690267,PES,10,0.017699115044247787,111,0.19646017699115045,416,0.736283185840708,9,0.01592920353982301,10,0.017699115044247787,6,0.010619469026548672,1,0.0017699115044247787,0,0.0,12,0.021238938053097345,565,1.0,ORIGEN,SECCION,SOLO_COALICIONES
1146,26,SONORA,NAVOJOA,,19,1280,1331,683,0.5131480090157776,0.4868519909842224,PT_PVEM_MORENA_NAS,437,0.6398243045387995,254,0.3718887262079063,PAN_PRI_PRD,183,0.2679355783308931,170,0.24890190336749635,MC,13,0.01903367496339678,PT_PVEM_MORENA_NAS,437,0.6398243045387995,254,0.3718887262079063,PAN_PRI_PRD,183,0.2679355783308931,170,0.24890190336749635,MC,13,0.01903367496339678,183,0.2679355783308931,437,0.6398243045387995,13,0.01903367496339678,5,0.007320644216691069,10,0.014641288433382138,9,0.013177159590043924,0,0.0,26,0.03806734992679356,683,1.0,ORIGEN,SECCION,SOLO_COALICIONES
1147,26,SONORA,NAVOJOA,,19,1281,520,268,0.5153846153846153,0.48461538461538467,PT_PVEM_MORENA_NAS,176,0.6567164179104478,116,0.43283582089552236,PAN_PRI_PRD,60,0.22388059701492538,54,0.20149253731343283,RSP,6,0.022388059701492536,PT_PVEM_MORENA_NAS,176,0.6567164179104478,116,0.43283582089552236,PAN_PRI_PRD,60,0.22388059701492538,54,0.20149253731343283,RSP,6,0.022388059701492536,60,0.22388059701492538,176,0.6567164179104478,3,0.011194029850746268,3,0.011194029850746268,6,0.022388059701492536,3,0.011194029850746268,0,0.0,17,0.06343283582089553,268,1.0,ORIGEN,SECCION,SOLO_COALICIONES
1148,26,SONORA,NAVOJOA,,19,1282,1221,521,0.4266994266994267,0.5733005733005734,PT_PVEM_MORENA_NAS,423,0.8119001919385797,361,0.6928982725527831,PAN_PRI_PRD,62,0.11900191938579655,54,0.1036468330134357,MC,8,0.015355086372360844,PT_PVEM_MORENA_NAS,423,0.8119001919385797,361,0.6928982725527831,PAN_PRI_PRD,62,0.11900191938579655,54,0.1036468330134357,MC,8,0.015355086372360844,62,0.11900191938579655,423,0.8119001919385797,8,0.015355086372360844,4,0.007677543186180422,0,0.0,4,0.007677543186180422,0,0.0,20,0.03838771593090211,521,1.0,ORIGEN,SECCION,SOLO_COALICIONES
1149,26,SONORA,NAVOJOA,,19,1283,1141,436,0.38212094653812445,0.6178790534618755,PT_PVEM_MORENA_NAS,311,0.713302752293578,220,0.5045871559633027,PAN_PRI_PRD,91,0.20871559633027523,82,0.18807339449541285,PES,9,0.020642201834862386,PT_PVEM_MORENA_NAS,311,0.713302752293578,220,0.5045871559633027,PAN_PRI_PRD,91,0.20871559633027523,82,0.18807339449541285,PES,9,0.020642201834862386,91,0.20871559633027523,311,0.713302752293578,6,0.013761467889908258,9,0.020642201834862386,4,0.009174311926605505,5,0.011467889908256881,0,0.0,10,0.022935779816513763,436,1.0,ORIGEN,SECCION,SOLO_COALICIONES
1150,26,SONORA,NAVOJOA,,19,1284,1902,869,0.4568874868559411,0.5431125131440588,PT_PVEM_MORENA_NAS,589,0.6777905638665133,383,0.4407364787111623,PAN_PRI_PRD,206,0.23705408515535098,186,0.2140391254315305,MC,20,0.023014959723820484,PT_PVEM_MORENA_NAS,589,0.6777905638665133,383,0.4407364787111623,PAN_PRI_PRD,206,0.23705408515535098,186,0.2140391254315305,MC,20,0.023014959723820484,206,0.23705408515535098,589,0.6777905638665133,20,0.023014959723820484,7,0.00805523590333717,3,0.0034522439585730723,5,0.005753739930955121,0,0.0,39,0.04487917146144994,869,1.0,ORIGEN,SECCION,SOLO_COALICIONES
1151,26,SONORA,NAVOJOA,,19,1287,1291,589,0.4562354763749032,0.5437645236250968,PT_PVEM_MORENA_NAS,404,0.6859083191850595,281,0.4770797962648557,PAN_PRI_PRD,123,0.20882852292020374,91,0.15449915110356535,MC,32,0.05432937181663837,PT_PVEM_MORENA_NAS,404,0.6859083191850595,281,0.4770797962648557,PAN_PRI_PRD,123,0.20882852292020374,91,0.15449915110356535,MC,32,0.05432937181663837,123,0.20882852292020374,404,0.6859083191850595,32,0.05432937181663837,5,0.008488964346349746,8,0.013582342954159592,6,0.010186757215619695,0,0.0,11,0.01867572156196944,589,1.0,ORIGEN,SECCION,SOLO_COALICIONES
1152,26,SONORA,NAVOJOA,,19,1288,1543,589,0.38172391445236553,0.6182760855476345,PT_PVEM_MORENA_NAS,322,0.5466893039049237,118,0.200339558573854,PAN_PRI_PRD,204,0.3463497453310696,182,0.3089983022071307,MC,22,0.03735144312393888,PT_PVEM_MORENA_NAS,322,0.5466893039049237,118,0.200339558573854,PAN_PRI_PRD,204,0.3463497453310696,182,0.3089983022071307,MC,22,0.03735144312393888,204,0.3463497453310696,322,0.5466893039049237,22,0.03735144312393888,10,0.01697792869269949,7,0.011884550084889643,7,0.011884550084889643,0,0.0,17,0.028862478777589132,589,1.0,ORIGEN,SECCION,SOLO_COALICIONES
1153,26,SONORA,NAVOJOA,,19,1289,4069,1699,0.41754730892111086,0.5824526910788892,PT_PVEM_MORENA_NAS,926,0.5450264861683343,259,0.1524426133019423,PAN_PRI_PRD,667,0.392583872866392,623,0.36668628605061804,MC,44,0.025897586815773983,PT_PVEM_MORENA_NAS,926,0.5450264861683343,259,0.1524426133019423,PAN_PRI_PRD,667,0.392583872866392,623,0.36668628605061804,MC,44,0.025897586815773983,667,0.392583872866392,926,0.5450264861683343,44,0.025897586815773983,5,0.002942907592701589,10,0.005885815185403178,20,0.011771630370806356,4,0.002354326074161271,23,0.01353737492642731,1699,1.0,ORIGEN,SECCION,SOLO_COALICIONES
1154,26,SONORA,NAVOJOA,,19,1302,703,269,0.38264580369843526,0.6173541963015647,PT_PVEM_MORENA_NAS,171,0.6356877323420075,95,0.35315985130111527,PAN_PRI_PRD,76,0.2825278810408922,70,0.26022304832713755,MC,6,0.022304832713754646,PT_PVEM_MORENA_NAS,171,0.6356877323420075,95,0.35315985130111527,PAN_PRI_PRD,76,0.2825278810408922,70,0.26022304832713755,MC,6,0.022304832713754646,76,0.2825278810408922,171,0.6356877323420075,6,0.022304832713754646,0,0.0,3,0.011152416356877323,1,0.0037174721189591076,0,0.0,12,0.04460966542750929,269,1.0,ORIGEN,SECCION,SOLO_COALICIONES
1155,26,SONORA,NAVOJOA,,19,1303,6649,2049,0.30816664160024065,0.6918333583997593,PT_PVEM_MORENA_NAS,1322,0.6451927769643728,771,0.3762811127379209,PAN_PRI_PRD,551,0.2689116642264519,478,0.2332845290385554,MC,73,0.035627135187896536,PT_PVEM_MORENA_NAS,1322,0.6451927769643728,771,0.3762811127379209,PAN_PRI_PRD,551,0.2689116642264519,478,0.2332845290385554,MC,73,0.035627135187896536,551,0.2689116642264519,1322,0.6451927769643728,73,0.035627135187896536,15,0.007320644216691069,22,0.010736944851146901,25,0.012201073694485115,0,0.0,41,0.02000976085895559,2049,1.0,ORIGEN,SECCION,SOLO_COALICIONES
1156,26,SONORA,NAVOJOA,,19,1304,903,517,0.5725359911406424,0.42746400885935765,PT_PVEM_MORENA_NAS,247,0.47775628626692457,13,0.025145067698259187,PAN_PRI_PRD,234,0.4526112185686654,216,0.41779497098646035,MC,18,0.03481624758220503,PT_PVEM_MORENA_NAS,247,0.47775628626692457,13,0.025145067698259187,PAN_PRI_PRD,234,0.4526112185686654,216,0.41779497098646035,MC,18,0.03481624758220503,234,0.4526112185686654,247,0.47775628626692457,18,0.03481624758220503,3,0.005802707930367505,4,0.007736943907156673,4,0.007736943907156673,0,0.0,7,0.013539651837524178,517,1.0,ORIGEN,SECCION,SOLO_COALICIONES
1157,26,SONORA,NAVOJOA,,19,1305,667,398,0.5967016491754122,0.40329835082458776,PAN_PRI_PRD,194,0.48743718592964824,14,0.035175879396984924,PT_PVEM_MORENA_NAS,180,0.45226130653266333,174,0.4371859296482412,MC,6,0.01507537688442211,PAN_PRI_PRD,194,0.48743718592964824,14,0.035175879396984924,PT_PVEM_MORENA_NAS,180,0.45226130653266333,174,0.4371859296482412,MC,6,0.01507537688442211,194,0.48743718592964824,180,0.45226130653266333,6,0.01507537688442211,6,0.01507537688442211,5,0.01256281407035176,3,0.007537688442211055,0,0.0,4,0.010050251256281407,398,1.0,ORIGEN,SECCION,SOLO_COALICIONES
1158,26,SONORA,NAVOJOA,,20,1270,1655,567,0.34259818731117825,0.6574018126888217,PT_PVEM_MORENA_NAS,405,0.7142857142857143,305,0.5379188712522046,PAN_PRI_PRD,100,0.1763668430335097,82,0.14462081128747795,MC,18,0.031746031746031744,PT_PVEM_MORENA_NAS,405,0.7142857142857143,305,0.5379188712522046,PAN_PRI_PRD,100,0.1763668430335097,82,0.14462081128747795,MC,18,0.031746031746031744,100,0.1763668430335097,405,0.7142857142857143,18,0.031746031746031744,11,0.019400352733686066,6,0.010582010582010581,9,0.015873015873015872,0,0.0,18,0.031746031746031744,567,1.0,ORIGEN,SECCION,SOLO_COALICIONES
1159,26,SONORA,NAVOJOA,,20,1271,1233,463,0.37550689375506896,0.624493106244931,PT_PVEM_MORENA_NAS,267,0.5766738660907127,109,0.23542116630669546,PAN_PRI_PRD,158,0.3412526997840173,147,0.3174946004319654,MC,11,0.023758099352051837,PT_PVEM_MORENA_NAS,267,0.5766738660907127,109,0.23542116630669546,PAN_PRI_PRD,158,0.3412526997840173,147,0.3174946004319654,MC,11,0.023758099352051837,158,0.3412526997840173,267,0.5766738660907127,11,0.023758099352051837,4,0.008639308855291577,0,0.0,1,0.0021598272138228943,0,0.0,22,0.047516198704103674,463,1.0,ORIGEN,SECCION,SOLO_COALICIONES
1160,26,SONORA,NAVOJOA,,20,1272,481,215,0.446985446985447,0.5530145530145529,PT_PVEM_MORENA_NAS,131,0.6093023255813953,68,0.31627906976744186,PAN_PRI_PRD,63,0.2930232558139535,59,0.2744186046511628,MC,4,0.018604651162790697,PT_PVEM_MORENA_NAS,131,0.6093023255813953,68,0.31627906976744186,PAN_PRI_PRD,63,0.2930232558139535,59,0.2744186046511628,MC,4,0.018604651162790697,63,0.2930232558139535,131,0.6093023255813953,4,0.018604651162790697,3,0.013953488372093023,2,0.009302325581395349,1,0.004651162790697674,2,0.009302325581395349,9,0.04186046511627907,215,1.0,ORIGEN,SECCION,SOLO_COALICIONES
1161,26,SONORA,NAVOJOA,,20,1275,788,290,0.3680203045685279,0.631979695431472,PT_PVEM_MORENA_NAS,220,0.7586206896551724,174,0.6,PAN_PRI_PRD,46,0.15862068965517243,35,0.1206896551724138,MC,11,0.03793103448275862,PT_PVEM_MORENA_NAS,220,0.7586206896551724,174,0.6,PAN_PRI_PRD,46,0.15862068965517243,35,0.1206896551724138,MC,11,0.03793103448275862,46,0.15862068965517243,220,0.7586206896551724,11,0.03793103448275862,2,0.006896551724137931,2,0.006896551724137931,2,0.006896551724137931,0,0.0,7,0.02413793103448276,290,1.0,ORIGEN,SECCION,SOLO_COALICIONES
1162,26,SONORA,NAVOJOA,,20,1276,959,326,0.33993743482794575,0.6600625651720542,PT_PVEM_MORENA_NAS,195,0.598159509202454,116,0.3558282208588957,PAN_PRI_PRD,79,0.24233128834355827,60,0.18404907975460122,MC,19,0.05828220858895705,PT_PVEM_MORENA_NAS,195,0.598159509202454,116,0.3558282208588957,PAN_PRI_PRD,79,0.24233128834355827,60,0.18404907975460122,MC,19,0.05828220858895705,79,0.24233128834355827,195,0.598159509202454,19,0.05828220858895705,6,0.018404907975460124,8,0.024539877300613498,1,0.003067484662576687,0,0.0,18,0.05521472392638037,326,1.0,ORIGEN,SECCION,SOLO_COALICIONES
1163,26,SONORA,NAVOJOA,,20,1277,1614,682,0.4225526641883519,0.5774473358116481,PT_PVEM_MORENA_NAS,482,0.7067448680351907,347,0.5087976539589443,PAN_PRI_PRD,135,0.19794721407624633,113,0.1656891495601173,MC,22,0.03225806451612903,PT_PVEM_MORENA_NAS,482,0.7067448680351907,347,0.5087976539589443,PAN_PRI_PRD,135,0.19794721407624633,113,0.1656891495601173,MC,22,0.03225806451612903,135,0.19794721407624633,482,0.7067448680351907,22,0.03225806451612903,6,0.008797653958944282,4,0.005865102639296188,9,0.013196480938416423,0,0.0,24,0.03519061583577713,682,1.0,ORIGEN,SECCION,SOLO_COALICIONES
1164,26,SONORA,NAVOJOA,,20,1278,1916,672,0.35073068893528186,0.6492693110647181,PT_PVEM_MORENA_NAS,414,0.6160714285714286,226,0.33630952380952384,PAN_PRI_PRD,188,0.27976190476190477,168,0.25,MC,20,0.02976190476190476,PT_PVEM_MORENA_NAS,414,0.6160714285714286,226,0.33630952380952384,PAN_PRI_PRD,188,0.27976190476190477,168,0.25,MC,20,0.02976190476190476,188,0.27976190476190477,414,0.6160714285714286,20,0.02976190476190476,8,0.011904761904761904,5,0.00744047619047619,9,0.013392857142857142,0,0.0,28,0.041666666666666664,672,1.0,ORIGEN,SECCION,SOLO_COALICIONES
1165,26,SONORA,NAVOJOA,,20,1285,1004,403,0.40139442231075695,0.598605577689243,PT_PVEM_MORENA_NAS,301,0.7468982630272953,232,0.575682382133995,PAN_PRI_PRD,69,0.17121588089330025,62,0.15384615384615385,MC,7,0.017369727047146403,PT_PVEM_MORENA_NAS,301,0.7468982630272953,232,0.575682382133995,PAN_PRI_PRD,69,0.17121588089330025,62,0.15384615384615385,MC,7,0.017369727047146403,69,0.17121588089330025,301,0.7468982630272953,7,0.017369727047146403,4,0.009925558312655087,4,0.009925558312655087,7,0.017369727047146403,0,0.0,11,0.02729528535980149,403,1.0,ORIGEN,SECCION,SOLO_COALICIONES
1166,26,SONORA,NAVOJOA,,20,1286,1735,830,0.4783861671469741,0.521613832853026,PT_PVEM_MORENA_NAS,592,0.7132530120481928,438,0.5277108433734939,PAN_PRI_PRD,154,0.1855421686746988,140,0.1686746987951807,MC,14,0.016867469879518072,PT_PVEM_MORENA_NAS,592,0.7132530120481928,438,0.5277108433734939,PAN_PRI_PRD,154,0.1855421686746988,140,0.1686746987951807,MC,14,0.016867469879518072,154,0.1855421686746988,592,0.7132530120481928,14,0.016867469879518072,11,0.01325301204819277,3,0.0036144578313253013,3,0.0036144578313253013,2,0.0024096385542168677,51,0.06144578313253012,830,1.0,ORIGEN,SECCION,SOLO_COALICIONES
1167,26,SONORA,NAVOJOA,,20,1290,1385,615,0.44404332129963897,0.555956678700361,PT_PVEM_MORENA_NAS,347,0.5642276422764227,138,0.22439024390243903,PAN_PRI_PRD,209,0.33983739837398375,199,0.3235772357723577,MC,10,0.016260162601626018,PT_PVEM_MORENA_NAS,347,0.5642276422764227,138,0.22439024390243903,PAN_PRI_PRD,209,0.33983739837398375,199,0.3235772357723577,MC,10,0.016260162601626018,209,0.33983739837398375,347,0.5642276422764227,10,0.016260162601626018,7,0.011382113821138212,3,0.004878048780487805,7,0.011382113821138212,0,0.0,32,0.05203252032520325,615,1.0,ORIGEN,SECCION,SOLO_COALICIONES
1168,26,SONORA,NAVOJOA,,20,1291,2856,1242,0.43487394957983194,0.5651260504201681,PT_PVEM_MORENA_NAS,812,0.6537842190016103,467,0.37600644122383253,PAN_PRI_PRD,345,0.2777777777777778,313,0.25201288244766507,PES,32,0.02576489533011272,PT_PVEM_MORENA_NAS,812,0.6537842190016103,467,0.37600644122383253,PAN_PRI_PRD,345,0.2777777777777778,313,0.25201288244766507,PES,32,0.02576489533011272,345,0.2777777777777778,812,0.6537842190016103,23,0.018518518518518517,32,0.02576489533011272,3,0.0024154589371980675,8,0.00644122383252818,1,0.0008051529790660225,18,0.014492753623188406,1242,1.0,ORIGEN,SECCION,SOLO_COALICIONES
1169,26,SONORA,NAVOJOA,,20,1292,1713,820,0.47869235259778165,0.5213076474022184,PT_PVEM_MORENA_NAS,550,0.6707317073170732,324,0.3951219512195122,PAN_PRI_PRD,226,0.275609756097561,218,0.2658536585365854,RSP,8,0.00975609756097561,PT_PVEM_MORENA_NAS,550,0.6707317073170732,324,0.3951219512195122,PAN_PRI_PRD,226,0.275609756097561,218,0.2658536585365854,RSP,8,0.00975609756097561,226,0.275609756097561,550,0.6707317073170732,4,0.004878048780487805,3,0.003658536585365854,8,0.00975609756097561,3,0.003658536585365854,1,0.0012195121951219512,25,0.03048780487804878,820,1.0,ORIGEN,SECCION,SOLO_COALICIONES
1170,26,SONORA,NAVOJOA,,20,1293,1590,670,0.42138364779874216,0.5786163522012578,PT_PVEM_MORENA_NAS,442,0.6597014925373135,269,0.4014925373134328,PAN_PRI_PRD,173,0.2582089552238806,154,0.2298507462686567,MC,19,0.028358208955223882,PT_PVEM_MORENA_NAS,442,0.6597014925373135,269,0.4014925373134328,PAN_PRI_PRD,173,0.2582089552238806,154,0.2298507462686567,MC,19,0.028358208955223882,173,0.2582089552238806,442,0.6597014925373135,19,0.028358208955223882,5,0.007462686567164179,6,0.008955223880597015,8,0.011940298507462687,0,0.0,17,0.025373134328358207,670,1.0,ORIGEN,SECCION,SOLO_COALICIONES
1171,26,SONORA,NAVOJOA,,20,1294,1069,536,0.5014031805425632,0.49859681945743684,PT_PVEM_MORENA_NAS,409,0.7630597014925373,330,0.6156716417910447,PAN_PRI_PRD,79,0.14738805970149255,68,0.12686567164179105,MC,11,0.020522388059701493,PT_PVEM_MORENA_NAS,409,0.7630597014925373,330,0.6156716417910447,PAN_PRI_PRD,79,0.14738805970149255,68,0.12686567164179105,MC,11,0.020522388059701493,79,0.14738805970149255,409,0.7630597014925373,11,0.020522388059701493,5,0.009328358208955223,11,0.020522388059701493,4,0.007462686567164179,0,0.0,17,0.03171641791044776,536,1.0,ORIGEN,SECCION,SOLO_COALICIONES
1172,26,SONORA,NAVOJOA,,20,1295,1179,501,0.42493638676844786,0.5750636132315521,PT_PVEM_MORENA_NAS,382,0.7624750499001997,317,0.6327345309381237,PAN_PRI_PRD,65,0.12974051896207583,50,0.0998003992015968,MC,15,0.029940119760479042,PT_PVEM_MORENA_NAS,382,0.7624750499001997,317,0.6327345309381237,PAN_PRI_PRD,65,0.12974051896207583,50,0.0998003992015968,MC,15,0.029940119760479042,65,0.12974051896207583,382,0.7624750499001997,15,0.029940119760479042,8,0.015968063872255488,7,0.013972055888223553,8,0.015968063872255488,0,0.0,16,0.031936127744510975,501,1.0,ORIGEN,SECCION,SOLO_COALICIONES
1173,26,SONORA,NAVOJOA,,20,1296,1055,530,0.5023696682464455,0.49763033175355453,PT_PVEM_MORENA_NAS,390,0.7358490566037735,292,0.5509433962264151,PAN_PRI_PRD,98,0.18490566037735848,84,0.15849056603773584,MC,14,0.026415094339622643,PT_PVEM_MORENA_NAS,390,0.7358490566037735,292,0.5509433962264151,PAN_PRI_PRD,98,0.18490566037735848,84,0.15849056603773584,MC,14,0.026415094339622643,98,0.18490566037735848,390,0.7358490566037735,14,0.026415094339622643,5,0.009433962264150943,5,0.009433962264150943,3,0.005660377358490566,0,0.0,15,0.02830188679245283,530,1.0,ORIGEN,SECCION,SOLO_COALICIONES
1174,26,SONORA,NAVOJOA,,20,1297,1854,954,0.5145631067961165,0.4854368932038835,PT_PVEM_MORENA_NAS,719,0.7536687631027253,559,0.5859538784067087,PAN_PRI_PRD,160,0.16771488469601678,141,0.14779874213836477,MC,19,0.019916142557651992,PT_PVEM_MORENA_NAS,719,0.7536687631027253,559,0.5859538784067087,PAN_PRI_PRD,160,0.16771488469601678,141,0.14779874213836477,MC,19,0.019916142557651992,160,0.16771488469601678,719,0.7536687631027253,19,0.019916142557651992,8,0.008385744234800839,13,0.013626834381551363,7,0.007337526205450734,0,0.0,28,0.029350104821802937,954,1.0,ORIGEN,SECCION,SOLO_COALICIONES
1175,26,SONORA,NAVOJOA,,20,1298,1115,536,0.48071748878923765,0.5192825112107624,PT_PVEM_MORENA_NAS,340,0.6343283582089553,248,0.4626865671641791,PAN_PRI_PRD,92,0.17164179104477612,77,0.14365671641791045,PES,15,0.027985074626865673,PT_PVEM_MORENA_NAS,340,0.6343283582089553,248,0.4626865671641791,PAN_PRI_PRD,92,0.17164179104477612,77,0.14365671641791045,PES,15,0.027985074626865673,92,0.17164179104477612,340,0.6343283582089553,8,0.014925373134328358,15,0.027985074626865673,15,0.027985074626865673,14,0.026119402985074626,0,0.0,52,0.09701492537313433,536,1.0,ORIGEN,SECCION,SOLO_COALICIONES
1176,26,SONORA,NAVOJOA,,20,1299,492,264,0.5365853658536586,0.46341463414634143,PT_PVEM_MORENA_NAS,189,0.7159090909090909,148,0.5606060606060606,PAN_PRI_PRD,41,0.1553030303030303,33,0.125,PES,8,0.030303030303030304,PT_PVEM_MORENA_NAS,189,0.7159090909090909,148,0.5606060606060606,PAN_PRI_PRD,41,0.1553030303030303,33,0.125,PES,8,0.030303030303030304,41,0.1553030303030303,189,0.7159090909090909,5,0.01893939393939394,8,0.030303030303030304,4,0.015151515151515152,3,0.011363636363636364,0,0.0,14,0.05303030303030303,264,1.0,ORIGEN,SECCION,SOLO_COALICIONES
1177,26,SONORA,NAVOJOA,,20,1300,2040,876,0.4294117647058823,0.5705882352941176,PT_PVEM_MORENA_NAS,607,0.6929223744292238,446,0.5091324200913242,PAN_PRI_PRD,161,0.18378995433789955,132,0.1506849315068493,MC,29,0.033105022831050226,PT_PVEM_MORENA_NAS,607,0.6929223744292238,446,0.5091324200913242,PAN_PRI_PRD,161,0.18378995433789955,132,0.1506849315068493,MC,29,0.033105022831050226,161,0.18378995433789955,607,0.6929223744292238,29,0.033105022831050226,23,0.026255707762557076,9,0.010273972602739725,18,0.02054794520547945,0,0.0,29,0.033105022831050226,876,1.0,ORIGEN,SECCION,SOLO_COALICIONES
1178,26,SONORA,NAVOJOA,,20,1301,438,197,0.4497716894977169,0.5502283105022832,PT_PVEM_MORENA_NAS,113,0.5736040609137056,53,0.26903553299492383,PAN_PRI_PRD,60,0.30456852791878175,55,0.27918781725888325,PES,5,0.025380710659898477,PT_PVEM_MORENA_NAS,113,0.5736040609137056,53,0.26903553299492383,PAN_PRI_PRD,60,0.30456852791878175,55,0.27918781725888325,PES,5,0.025380710659898477,60,0.30456852791878175,113,0.5736040609137056,2,0.01015228426395939,5,0.025380710659898477,5,0.025380710659898477,3,0.015228426395939087,0,0.0,9,0.04568527918781726,197,1.0,ORIGEN,SECCION,SOLO_COALICIONES
1179,26,SONORA,NOGALES,,4,215,2407,836,0.34732031574574157,0.6526796842542584,PT_PVEM_MORENA_NAS,411,0.4916267942583732,81,0.09688995215311005,PAN_PRI_PRD,330,0.39473684210526316,296,0.35406698564593303,MC,34,0.04066985645933014,PT_PVEM_MORENA_NAS,411,0.4916267942583732,81,0.09688995215311005,PAN_PRI_PRD,330,0.39473684210526316,296,0.35406698564593303,MC,34,0.04066985645933014,330,0.39473684210526316,411,0.4916267942583732,34,0.04066985645933014,6,0.007177033492822967,19,0.022727272727272728,15,0.017942583732057416,0,0.0,21,0.025119617224880382,836,1.0,ORIGEN,SECCION,SOLO_COALICIONES
1180,26,SONORA,NOGALES,,4,216,3959,1648,0.41626673402374337,0.5837332659762566,PAN_PRI_PRD,756,0.4587378640776699,59,0.035800970873786406,PT_PVEM_MORENA_NAS,697,0.4229368932038835,609,0.3695388349514563,MC,88,0.05339805825242718,PAN_PRI_PRD,756,0.4587378640776699,59,0.035800970873786406,PT_PVEM_MORENA_NAS,697,0.4229368932038835,609,0.3695388349514563,MC,88,0.05339805825242718,756,0.4587378640776699,697,0.4229368932038835,88,0.05339805825242718,16,0.009708737864077669,40,0.024271844660194174,30,0.01820388349514563,1,0.0006067961165048543,20,0.012135922330097087,1648,1.0,ORIGEN,SECCION,SOLO_COALICIONES
1181,26,SONORA,NOGALES,,4,217,13813,4052,0.293346847172953,0.706653152827047,PT_PVEM_MORENA_NAS,2130,0.5256663376110563,658,0.16238894373149063,PAN_PRI_PRD,1472,0.36327739387956565,1291,0.31860809476801577,MC,181,0.044669299111549855,PT_PVEM_MORENA_NAS,2130,0.5256663376110563,658,0.16238894373149063,PAN_PRI_PRD,1472,0.36327739387956565,1291,0.31860809476801577,MC,181,0.044669299111549855,1472,0.36327739387956565,2130,0.5256663376110563,181,0.044669299111549855,39,0.0096248766041461,73,0.01801579466929911,70,0.017275419545903257,4,0.0009871668311944718,83,0.02048371174728529,4052,1.0,ORIGEN,SECCION,SOLO_COALICIONES
1182,26,SONORA,NOGALES,,4,222,4991,1439,0.28831897415347624,0.7116810258465238,PT_PVEM_MORENA_NAS,791,0.5496872828353023,321,0.22307157748436415,PAN_PRI_PRD,470,0.32661570535093815,404,0.2807505211952745,MC,66,0.04586518415566365,PT_PVEM_MORENA_NAS,791,0.5496872828353023,321,0.22307157748436415,PAN_PRI_PRD,470,0.32661570535093815,404,0.2807505211952745,MC,66,0.04586518415566365,470,0.32661570535093815,791,0.5496872828353023,66,0.04586518415566365,19,0.01320361362056984,13,0.009034051424600417,30,0.020847810979847115,0,0.0,50,0.03474635163307853,1439,1.0,ORIGEN,SECCION,SOLO_COALICIONES
1183,26,SONORA,NOGALES,,4,223,10615,4288,0.4039566650965615,0.5960433349034385,PT_PVEM_MORENA_NAS,2325,0.5422108208955224,862,0.20102611940298507,PAN_PRI_PRD,1463,0.3411847014925373,1236,0.28824626865671643,MC,227,0.05293843283582089,PT_PVEM_MORENA_NAS,2325,0.5422108208955224,862,0.20102611940298507,PAN_PRI_PRD,1463,0.3411847014925373,1236,0.28824626865671643,MC,227,0.05293843283582089,1463,0.3411847014925373,2325,0.5422108208955224,227,0.05293843283582089,53,0.012360074626865671,58,0.013526119402985074,95,0.022154850746268658,3,0.0006996268656716418,64,0.014925373134328358,4288,1.0,ORIGEN,SECCION,SOLO_COALICIONES
1184,26,SONORA,NOGALES,,4,225,1533,661,0.43118069145466403,0.5688193085453359,PT_PVEM_MORENA_NAS,300,0.45385779122541603,19,0.028744326777609682,PAN_PRI_PRD,281,0.42511346444780634,251,0.37972768532526474,MC,30,0.0453857791225416,PT_PVEM_MORENA_NAS,300,0.45385779122541603,19,0.028744326777609682,PAN_PRI_PRD,281,0.42511346444780634,251,0.37972768532526474,MC,30,0.0453857791225416,281,0.42511346444780634,300,0.45385779122541603,30,0.0453857791225416,3,0.0045385779122541605,11,0.01664145234493192,14,0.02118003025718608,2,0.0030257186081694403,20,0.030257186081694403,661,1.0,ORIGEN,SECCION,SOLO_COALICIONES
1185,26,SONORA,NOGALES,,4,226,1845,758,0.41084010840108404,0.589159891598916,PT_PVEM_MORENA_NAS,374,0.49340369393139843,100,0.13192612137203166,PAN_PRI_PRD,274,0.36147757255936674,229,0.3021108179419525,MC,45,0.059366754617414245,PT_PVEM_MORENA_NAS,374,0.49340369393139843,100,0.13192612137203166,PAN_PRI_PRD,274,0.36147757255936674,229,0.3021108179419525,MC,45,0.059366754617414245,274,0.36147757255936674,374,0.49340369393139843,45,0.059366754617414245,16,0.021108179419525065,16,0.021108179419525065,19,0.025065963060686015,1,0.0013192612137203166,13,0.017150395778364115,758,1.0,ORIGEN,SECCION,SOLO_COALICIONES
1186,26,SONORA,NOGALES,,4,228,626,288,0.46006389776357826,0.5399361022364217,PT_PVEM_MORENA_NAS,134,0.4652777777777778,35,0.12152777777777778,PAN_PRI_PRD,99,0.34375,85,0.2951388888888889,MC,14,0.04861111111111111,PT_PVEM_MORENA_NAS,134,0.4652777777777778,35,0.12152777777777778,PAN_PRI_PRD,99,0.34375,85,0.2951388888888889,MC,14,0.04861111111111111,99,0.34375,134,0.4652777777777778,14,0.04861111111111111,6,0.020833333333333332,4,0.013888888888888888,9,0.03125,0,0.0,22,0.0763888888888889,288,1.0,ORIGEN,SECCION,SOLO_COALICIONES
1187,26,SONORA,NOGALES,,4,229,1243,473,0.3805309734513274,0.6194690265486726,PT_PVEM_MORENA_NAS,187,0.3953488372093023,6,0.012684989429175475,PAN_PRI_PRD,181,0.38266384778012685,150,0.3171247357293869,MC,31,0.06553911205073996,PT_PVEM_MORENA_NAS,187,0.3953488372093023,6,0.012684989429175475,PAN_PRI_PRD,181,0.38266384778012685,150,0.3171247357293869,MC,31,0.06553911205073996,181,0.38266384778012685,187,0.3953488372093023,31,0.06553911205073996,20,0.042283298097251586,21,0.04439746300211417,6,0.012684989429175475,0,0.0,27,0.05708245243128964,473,1.0,ORIGEN,SECCION,SOLO_COALICIONES
1188,26,SONORA,NOGALES,,4,1378,1349,438,0.32468495181616014,0.6753150481838399,PT_PVEM_MORENA_NAS,274,0.6255707762557078,162,0.3698630136986301,PAN_PRI_PRD,112,0.2557077625570776,90,0.2054794520547945,MC,22,0.0502283105022831,PT_PVEM_MORENA_NAS,274,0.6255707762557078,162,0.3698630136986301,PAN_PRI_PRD,112,0.2557077625570776,90,0.2054794520547945,MC,22,0.0502283105022831,112,0.2557077625570776,274,0.6255707762557078,22,0.0502283105022831,5,0.01141552511415525,7,0.01598173515981735,8,0.0182648401826484,1,0.00228310502283105,9,0.02054794520547945,438,1.0,ORIGEN,SECCION,SOLO_COALICIONES
1189,26,SONORA,NOGALES,,4,1379,771,361,0.4682230869001297,0.5317769130998703,PT_PVEM_MORENA_NAS,177,0.4903047091412742,49,0.13573407202216067,PAN_PRI_PRD,128,0.3545706371191136,97,0.26869806094182824,MC,31,0.08587257617728532,PT_PVEM_MORENA_NAS,177,0.4903047091412742,49,0.13573407202216067,PAN_PRI_PRD,128,0.3545706371191136,97,0.26869806094182824,MC,31,0.08587257617728532,128,0.3545706371191136,177,0.4903047091412742,31,0.08587257617728532,4,0.0110803324099723,4,0.0110803324099723,9,0.024930747922437674,1,0.002770083102493075,7,0.019390581717451522,361,1.0,ORIGEN,SECCION,SOLO_COALICIONES
1190,26,SONORA,NOGALES,,4,1380,553,255,0.46112115732368897,0.538878842676311,PT_PVEM_MORENA_NAS,130,0.5098039215686274,38,0.14901960784313725,PAN_PRI_PRD,92,0.3607843137254902,75,0.29411764705882354,MC,17,0.06666666666666667,PT_PVEM_MORENA_NAS,130,0.5098039215686274,38,0.14901960784313725,PAN_PRI_PRD,92,0.3607843137254902,75,0.29411764705882354,MC,17,0.06666666666666667,92,0.3607843137254902,130,0.5098039215686274,17,0.06666666666666667,1,0.00392156862745098,0,0.0,4,0.01568627450980392,0,0.0,11,0.043137254901960784,255,1.0,ORIGEN,SECCION,SOLO_COALICIONES
1191,26,SONORA,NOGALES,,4,1381,595,205,0.3445378151260504,0.6554621848739496,PT_PVEM_MORENA_NAS,117,0.5707317073170731,52,0.25365853658536586,PAN_PRI_PRD,65,0.3170731707317073,58,0.28292682926829266,MC,7,0.03414634146341464,PT_PVEM_MORENA_NAS,117,0.5707317073170731,52,0.25365853658536586,PAN_PRI_PRD,65,0.3170731707317073,58,0.28292682926829266,MC,7,0.03414634146341464,65,0.3170731707317073,117,0.5707317073170731,7,0.03414634146341464,3,0.014634146341463415,1,0.004878048780487805,6,0.02926829268292683,0,0.0,6,0.02926829268292683,205,1.0,ORIGEN,SECCION,SOLO_COALICIONES
1192,26,SONORA,NOGALES,,4,1382,708,177,0.25,0.75,PT_PVEM_MORENA_NAS,102,0.576271186440678,51,0.288135593220339,PAN_PRI_PRD,51,0.288135593220339,36,0.2033898305084746,MC,15,0.0847457627118644,PT_PVEM_MORENA_NAS,102,0.576271186440678,51,0.288135593220339,PAN_PRI_PRD,51,0.288135593220339,36,0.2033898305084746,MC,15,0.0847457627118644,51,0.288135593220339,102,0.576271186440678,15,0.0847457627118644,1,0.005649717514124294,4,0.022598870056497175,3,0.01694915254237288,0,0.0,1,0.005649717514124294,177,1.0,ORIGEN,SECCION,SOLO_COALICIONES
1193,26,SONORA,NOGALES,,4,1383,531,198,0.3728813559322034,0.6271186440677966,PT_PVEM_MORENA_NAS,110,0.5555555555555556,59,0.29797979797979796,PAN_PRI_PRD,51,0.25757575757575757,39,0.19696969696969696,MC,12,0.06060606060606061,PT_PVEM_MORENA_NAS,110,0.5555555555555556,59,0.29797979797979796,PAN_PRI_PRD,51,0.25757575757575757,39,0.19696969696969696,MC,12,0.06060606060606061,51,0.25757575757575757,110,0.5555555555555556,12,0.06060606060606061,2,0.010101010101010102,4,0.020202020202020204,12,0.06060606060606061,0,0.0,7,0.03535353535353535,198,1.0,ORIGEN,SECCION,SOLO_COALICIONES
1194,26,SONORA,NOGALES,,4,1384,1059,419,0.39565627950897075,0.6043437204910292,PT_PVEM_MORENA_NAS,250,0.5966587112171837,146,0.34844868735083534,PAN_PRI_PRD,104,0.24821002386634844,74,0.1766109785202864,MC,30,0.07159904534606205,PT_PVEM_MORENA_NAS,250,0.5966587112171837,146,0.34844868735083534,PAN_PRI_PRD,104,0.24821002386634844,74,0.1766109785202864,MC,30,0.07159904534606205,104,0.24821002386634844,250,0.5966587112171837,30,0.07159904534606205,10,0.02386634844868735,3,0.007159904534606206,8,0.01909307875894988,0,0.0,14,0.03341288782816229,419,1.0,ORIGEN,SECCION,SOLO_COALICIONES
1195,26,SONORA,NOGALES,,4,1385,1716,519,0.30244755244755245,0.6975524475524475,PT_PVEM_MORENA_NAS,317,0.6107899807321773,164,0.3159922928709056,PAN_PRI_PRD,153,0.2947976878612717,129,0.24855491329479767,MC,24,0.046242774566473986,PT_PVEM_MORENA_NAS,317,0.6107899807321773,164,0.3159922928709056,PAN_PRI_PRD,153,0.2947976878612717,129,0.24855491329479767,MC,24,0.046242774566473986,153,0.2947976878612717,317,0.6107899807321773,24,0.046242774566473986,5,0.009633911368015413,8,0.015414258188824663,8,0.015414258188824663,0,0.0,4,0.007707129094412331,519,1.0,ORIGEN,SECCION,SOLO_COALICIONES
1196,26,SONORA,NOGALES,,4,1386,1544,478,0.30958549222797926,0.6904145077720207,PT_PVEM_MORENA_NAS,268,0.5606694560669456,104,0.2175732217573222,PAN_PRI_PRD,164,0.34309623430962344,143,0.29916317991631797,MC,21,0.043933054393305436,PT_PVEM_MORENA_NAS,268,0.5606694560669456,104,0.2175732217573222,PAN_PRI_PRD,164,0.34309623430962344,143,0.29916317991631797,MC,21,0.043933054393305436,164,0.34309623430962344,268,0.5606694560669456,21,0.043933054393305436,4,0.008368200836820083,4,0.008368200836820083,6,0.012552301255230125,0,0.0,11,0.02301255230125523,478,1.0,ORIGEN,SECCION,SOLO_COALICIONES
1197,26,SONORA,NOGALES,,4,1387,1257,393,0.3126491646778043,0.6873508353221958,PT_PVEM_MORENA_NAS,262,0.6666666666666666,174,0.44274809160305345,PAN_PRI_PRD,88,0.22391857506361323,70,0.178117048346056,MC,18,0.04580152671755725,PT_PVEM_MORENA_NAS,262,0.6666666666666666,174,0.44274809160305345,PAN_PRI_PRD,88,0.22391857506361323,70,0.178117048346056,MC,18,0.04580152671755725,88,0.22391857506361323,262,0.6666666666666666,18,0.04580152671755725,7,0.017811704834605598,3,0.007633587786259542,8,0.020356234096692113,0,0.0,7,0.017811704834605598,393,1.0,ORIGEN,SECCION,SOLO_COALICIONES
1198,26,SONORA,NOGALES,,4,1388,719,277,0.3852573018080668,0.6147426981919333,PT_PVEM_MORENA_NAS,151,0.5451263537906137,49,0.17689530685920576,PAN_PRI_PRD,102,0.36823104693140796,88,0.3176895306859206,MC,14,0.05054151624548736,PT_PVEM_MORENA_NAS,151,0.5451263537906137,49,0.17689530685920576,PAN_PRI_PRD,102,0.36823104693140796,88,0.3176895306859206,MC,14,0.05054151624548736,102,0.36823104693140796,151,0.5451263537906137,14,0.05054151624548736,1,0.0036101083032490976,4,0.01444043321299639,3,0.010830324909747292,0,0.0,2,0.007220216606498195,277,1.0,ORIGEN,SECCION,SOLO_COALICIONES
1199,26,SONORA,NOGALES,,4,1389,1058,402,0.3799621928166352,0.6200378071833648,PT_PVEM_MORENA_NAS,181,0.4502487562189055,32,0.07960199004975124,PAN_PRI_PRD,149,0.3706467661691542,125,0.31094527363184077,MC,24,0.05970149253731343,PT_PVEM_MORENA_NAS,181,0.4502487562189055,32,0.07960199004975124,PAN_PRI_PRD,149,0.3706467661691542,125,0.31094527363184077,MC,24,0.05970149253731343,149,0.3706467661691542,181,0.4502487562189055,24,0.05970149253731343,6,0.014925373134328358,10,0.024875621890547265,15,0.03731343283582089,0,0.0,17,0.04228855721393035,402,1.0,ORIGEN,SECCION,SOLO_COALICIONES
1200,26,SONORA,NOGALES,,4,1390,398,171,0.4296482412060301,0.5703517587939699,PT_PVEM_MORENA_NAS,100,0.5847953216374269,43,0.25146198830409355,PAN_PRI_PRD,57,0.3333333333333333,52,0.30409356725146197,FxM,5,0.029239766081871343,PT_PVEM_MORENA_NAS,100,0.5847953216374269,43,0.25146198830409355,PAN_PRI_PRD,57,0.3333333333333333,52,0.30409356725146197,FxM,5,0.029239766081871343,57,0.3333333333333333,100,0.5847953216374269,3,0.017543859649122806,2,0.011695906432748537,2,0.011695906432748537,5,0.029239766081871343,0,0.0,2,0.011695906432748537,171,1.0,ORIGEN,SECCION,SOLO_COALICIONES
1201,26,SONORA,NOGALES,,4,1391,806,330,0.4094292803970223,0.5905707196029777,PT_PVEM_MORENA_NAS,170,0.5151515151515151,54,0.16363636363636364,PAN_PRI_PRD,116,0.3515151515151515,100,0.30303030303030304,MC,16,0.048484848484848485,PT_PVEM_MORENA_NAS,170,0.5151515151515151,54,0.16363636363636364,PAN_PRI_PRD,116,0.3515151515151515,100,0.30303030303030304,MC,16,0.048484848484848485,116,0.3515151515151515,170,0.5151515151515151,16,0.048484848484848485,4,0.012121212121212121,10,0.030303030303030304,8,0.024242424242424242,0,0.0,6,0.01818181818181818,330,1.0,ORIGEN,SECCION,SOLO_COALICIONES
1202,26,SONORA,NOGALES,,4,1392,508,250,0.4921259842519685,0.5078740157480315,PT_PVEM_MORENA_NAS,117,0.468,11,0.044,PAN_PRI_PRD,106,0.424,95,0.38,MC,11,0.044,PT_PVEM_MORENA_NAS,117,0.468,11,0.044,PAN_PRI_PRD,106,0.424,95,0.38,MC,11,0.044,106,0.424,117,0.468,11,0.044,4,0.016,3,0.012,3,0.012,0,0.0,6,0.024,250,1.0,ORIGEN,SECCION,SOLO_COALICIONES
1203,26,SONORA,NOGALES,,4,1393,519,208,0.4007707129094412,0.5992292870905588,PT_PVEM_MORENA_NAS,109,0.5240384615384616,36,0.17307692307692307,PAN_PRI_PRD,73,0.35096153846153844,61,0.2932692307692308,MC,12,0.057692307692307696,PT_PVEM_MORENA_NAS,109,0.5240384615384616,36,0.17307692307692307,PAN_PRI_PRD,73,0.35096153846153844,61,0.2932692307692308,MC,12,0.057692307692307696,73,0.35096153846153844,109,0.5240384615384616,12,0.057692307692307696,6,0.028846153846153848,3,0.014423076923076924,3,0.014423076923076924,0,0.0,2,0.009615384615384616,208,1.0,ORIGEN,SECCION,SOLO_COALICIONES
1204,26,SONORA,NOGALES,,4,1394,546,230,0.42124542124542125,0.5787545787545787,PT_PVEM_MORENA_NAS,105,0.45652173913043476,7,0.030434782608695653,PAN_PRI_PRD,98,0.4260869565217391,88,0.3826086956521739,MC,10,0.043478260869565216,PT_PVEM_MORENA_NAS,105,0.45652173913043476,7,0.030434782608695653,PAN_PRI_PRD,98,0.4260869565217391,88,0.3826086956521739,MC,10,0.043478260869565216,98,0.4260869565217391,105,0.45652173913043476,10,0.043478260869565216,2,0.008695652173913044,9,0.0391304347826087,3,0.013043478260869565,0,0.0,3,0.013043478260869565,230,1.0,ORIGEN,SECCION,SOLO_COALICIONES
1205,26,SONORA,NOGALES,,4,1395,267,135,0.5056179775280899,0.4943820224719101,PT_PVEM_MORENA_NAS,63,0.4666666666666667,10,0.07407407407407407,PAN_PRI_PRD,53,0.3925925925925926,46,0.34074074074074073,MC,7,0.05185185185185185,PT_PVEM_MORENA_NAS,63,0.4666666666666667,10,0.07407407407407407,PAN_PRI_PRD,53,0.3925925925925926,46,0.34074074074074073,MC,7,0.05185185185185185,53,0.3925925925925926,63,0.4666666666666667,7,0.05185185185185185,1,0.007407407407407408,2,0.014814814814814815,5,0.037037037037037035,0,0.0,4,0.02962962962962963,135,1.0,ORIGEN,SECCION,SOLO_COALICIONES
1206,26,SONORA,NOGALES,,4,1408,1347,508,0.3771343726800297,0.6228656273199703,PAN_PRI_PRD,296,0.5826771653543307,137,0.26968503937007876,PT_PVEM_MORENA_NAS,159,0.31299212598425197,130,0.2559055118110236,MC,29,0.05708661417322835,PAN_PRI_PRD,296,0.5826771653543307,137,0.26968503937007876,PT_PVEM_MORENA_NAS,159,0.31299212598425197,130,0.2559055118110236,MC,29,0.05708661417322835,296,0.5826771653543307,159,0.31299212598425197,29,0.05708661417322835,5,0.00984251968503937,6,0.011811023622047244,8,0.015748031496062992,0,0.0,5,0.00984251968503937,508,1.0,ORIGEN,SECCION,SOLO_COALICIONES
1207,26,SONORA,NOGALES,,4,1409,4961,1468,0.2959080830477726,0.7040919169522274,PT_PVEM_MORENA_NAS,802,0.5463215258855586,324,0.22070844686648503,PAN_PRI_PRD,478,0.32561307901907355,392,0.2670299727520436,MC,86,0.05858310626702997,PT_PVEM_MORENA_NAS,802,0.5463215258855586,324,0.22070844686648503,PAN_PRI_PRD,478,0.32561307901907355,392,0.2670299727520436,MC,86,0.05858310626702997,478,0.32561307901907355,802,0.5463215258855586,86,0.05858310626702997,6,0.004087193460490463,24,0.01634877384196185,48,0.0326975476839237,2,0.0013623978201634877,22,0.014986376021798364,1468,1.0,ORIGEN,SECCION,SOLO_COALICIONES
1208,26,SONORA,NOGALES,,4,1410,6374,1310,0.20552243489174774,0.7944775651082523,PT_PVEM_MORENA_NAS,827,0.6312977099236641,467,0.3564885496183206,PAN_PRI_PRD,360,0.2748091603053435,303,0.23129770992366414,MC,57,0.04351145038167939,PT_PVEM_MORENA_NAS,827,0.6312977099236641,467,0.3564885496183206,PAN_PRI_PRD,360,0.2748091603053435,303,0.23129770992366414,MC,57,0.04351145038167939,360,0.2748091603053435,827,0.6312977099236641,57,0.04351145038167939,12,0.00916030534351145,11,0.008396946564885497,17,0.012977099236641221,0,0.0,26,0.01984732824427481,1310,1.0,ORIGEN,SECCION,SOLO_COALICIONES
1209,26,SONORA,NOGALES,,4,1411,510,148,0.2901960784313726,0.7098039215686274,PT_PVEM_MORENA_NAS,98,0.6621621621621622,67,0.4527027027027027,PAN_PRI_PRD,31,0.20945945945945946,25,0.16891891891891891,MC,6,0.04054054054054054,PT_PVEM_MORENA_NAS,98,0.6621621621621622,67,0.4527027027027027,PAN_PRI_PRD,31,0.20945945945945946,25,0.16891891891891891,MC,6,0.04054054054054054,31,0.20945945945945946,98,0.6621621621621622,6,0.04054054054054054,1,0.006756756756756757,1,0.006756756756756757,6,0.04054054054054054,0,0.0,5,0.033783783783783786,148,1.0,ORIGEN,SECCION,SOLO_COALICIONES
1210,26,SONORA,NOGALES,,4,1412,671,163,0.2429210134128167,0.7570789865871833,PT_PVEM_MORENA_NAS,106,0.6503067484662577,72,0.44171779141104295,PAN_PRI_PRD,34,0.2085889570552147,22,0.13496932515337423,MC,12,0.0736196319018405,PT_PVEM_MORENA_NAS,106,0.6503067484662577,72,0.44171779141104295,PAN_PRI_PRD,34,0.2085889570552147,22,0.13496932515337423,MC,12,0.0736196319018405,34,0.2085889570552147,106,0.6503067484662577,12,0.0736196319018405,2,0.012269938650306749,2,0.012269938650306749,2,0.012269938650306749,0,0.0,5,0.03067484662576687,163,1.0,ORIGEN,SECCION,SOLO_COALICIONES
1211,26,SONORA,NOGALES,,4,1413,554,173,0.31227436823104693,0.6877256317689531,PT_PVEM_MORENA_NAS,121,0.6994219653179191,91,0.5260115606936416,PAN_PRI_PRD,30,0.17341040462427745,23,0.1329479768786127,MC,7,0.04046242774566474,PT_PVEM_MORENA_NAS,121,0.6994219653179191,91,0.5260115606936416,PAN_PRI_PRD,30,0.17341040462427745,23,0.1329479768786127,MC,7,0.04046242774566474,30,0.17341040462427745,121,0.6994219653179191,7,0.04046242774566474,3,0.017341040462427744,2,0.011560693641618497,6,0.03468208092485549,0,0.0,4,0.023121387283236993,173,1.0,ORIGEN,SECCION,SOLO_COALICIONES
1212,26,SONORA,NOGALES,,4,1414,755,280,0.3708609271523179,0.6291390728476821,PT_PVEM_MORENA_NAS,152,0.5428571428571428,67,0.2392857142857143,PAN_PRI_PRD,85,0.30357142857142855,70,0.25,MC,15,0.05357142857142857,PT_PVEM_MORENA_NAS,152,0.5428571428571428,67,0.2392857142857143,PAN_PRI_PRD,85,0.30357142857142855,70,0.25,MC,15,0.05357142857142857,85,0.30357142857142855,152,0.5428571428571428,15,0.05357142857142857,3,0.010714285714285714,10,0.03571428571428571,5,0.017857142857142856,0,0.0,10,0.03571428571428571,280,1.0,ORIGEN,SECCION,SOLO_COALICIONES
1213,26,SONORA,NOGALES,,4,1415,793,219,0.27616645649432536,0.7238335435056746,PT_PVEM_MORENA_NAS,135,0.6164383561643836,80,0.365296803652968,PAN_PRI_PRD,55,0.2511415525114155,40,0.182648401826484,MC,15,0.0684931506849315,PT_PVEM_MORENA_NAS,135,0.6164383561643836,80,0.365296803652968,PAN_PRI_PRD,55,0.2511415525114155,40,0.182648401826484,MC,15,0.0684931506849315,55,0.2511415525114155,135,0.6164383561643836,15,0.0684931506849315,6,0.0273972602739726,1,0.0045662100456621,5,0.0228310502283105,0,0.0,2,0.0091324200913242,219,1.0,ORIGEN,SECCION,SOLO_COALICIONES
1214,26,SONORA,NOGALES,,4,1416,1347,379,0.281365998515219,0.718634001484781,PT_PVEM_MORENA_NAS,248,0.6543535620052771,172,0.45382585751978893,PAN_PRI_PRD,76,0.20052770448548812,58,0.15303430079155672,MC,18,0.047493403693931395,PT_PVEM_MORENA_NAS,248,0.6543535620052771,172,0.45382585751978893,PAN_PRI_PRD,76,0.20052770448548812,58,0.15303430079155672,MC,18,0.047493403693931395,76,0.20052770448548812,248,0.6543535620052771,18,0.047493403693931395,16,0.04221635883905013,7,0.018469656992084433,2,0.005277044854881266,0,0.0,12,0.0316622691292876,379,1.0,ORIGEN,SECCION,SOLO_COALICIONES
1215,26,SONORA,NOGALES,,4,1417,654,223,0.3409785932721712,0.6590214067278288,PT_PVEM_MORENA_NAS,125,0.5605381165919282,62,0.27802690582959644,PAN_PRI_PRD,63,0.2825112107623318,39,0.17488789237668162,MC,24,0.10762331838565023,PT_PVEM_MORENA_NAS,125,0.5605381165919282,62,0.27802690582959644,PAN_PRI_PRD,63,0.2825112107623318,39,0.17488789237668162,MC,24,0.10762331838565023,63,0.2825112107623318,125,0.5605381165919282,24,0.10762331838565023,2,0.008968609865470852,4,0.017937219730941704,1,0.004484304932735426,4,0.017937219730941704,0,0.0,223,1.0,ORIGEN,SECCION,SOLO_COALICIONES
1216,26,SONORA,NOGALES,,4,1418,686,223,0.3250728862973761,0.6749271137026239,PT_PVEM_MORENA_NAS,125,0.5605381165919282,62,0.27802690582959644,PAN_PRI_PRD,63,0.2825112107623318,39,0.17488789237668162,MC,24,0.10762331838565023,PT_PVEM_MORENA_NAS,125,0.5605381165919282,62,0.27802690582959644,PAN_PRI_PRD,63,0.2825112107623318,39,0.17488789237668162,MC,24,0.10762331838565023,63,0.2825112107623318,125,0.5605381165919282,24,0.10762331838565023,2,0.008968609865470852,4,0.017937219730941704,1,0.004484304932735426,0,0.0,4,0.017937219730941704,223,1.0,ORIGEN,SECCION,SOLO_COALICIONES
1217,26,SONORA,NOGALES,,4,1419,634,172,0.27129337539432175,0.7287066246056783,PT_PVEM_MORENA_NAS,88,0.5116279069767442,32,0.18604651162790697,PAN_PRI_PRD,56,0.32558139534883723,46,0.26744186046511625,MC,10,0.05813953488372093,PT_PVEM_MORENA_NAS,88,0.5116279069767442,32,0.18604651162790697,PAN_PRI_PRD,56,0.32558139534883723,46,0.26744186046511625,MC,10,0.05813953488372093,56,0.32558139534883723,88,0.5116279069767442,10,0.05813953488372093,5,0.029069767441860465,3,0.01744186046511628,3,0.01744186046511628,0,0.0,7,0.040697674418604654,172,1.0,ORIGEN,SECCION,SOLO_COALICIONES
1218,26,SONORA,NOGALES,,4,1420,757,225,0.29722589167767505,0.7027741083223249,PT_PVEM_MORENA_NAS,146,0.6488888888888888,100,0.4444444444444444,PAN_PRI_PRD,46,0.20444444444444446,37,0.16444444444444445,MC,9,0.04,PT_PVEM_MORENA_NAS,146,0.6488888888888888,100,0.4444444444444444,PAN_PRI_PRD,46,0.20444444444444446,37,0.16444444444444445,MC,9,0.04,46,0.20444444444444446,146,0.6488888888888888,9,0.04,4,0.017777777777777778,3,0.013333333333333334,5,0.022222222222222223,0,0.0,12,0.05333333333333334,225,1.0,ORIGEN,SECCION,SOLO_COALICIONES
1219,26,SONORA,NOGALES,,4,1421,506,137,0.2707509881422925,0.7292490118577075,PT_PVEM_MORENA_NAS,75,0.5474452554744526,39,0.2846715328467153,PAN_PRI_PRD,36,0.26277372262773724,28,0.20437956204379562,MC,8,0.058394160583941604,PT_PVEM_MORENA_NAS,75,0.5474452554744526,39,0.2846715328467153,PAN_PRI_PRD,36,0.26277372262773724,28,0.20437956204379562,MC,8,0.058394160583941604,36,0.26277372262773724,75,0.5474452554744526,8,0.058394160583941604,2,0.014598540145985401,4,0.029197080291970802,3,0.021897810218978103,0,0.0,9,0.06569343065693431,137,1.0,ORIGEN,SECCION,SOLO_COALICIONES
1220,26,SONORA,NOGALES,,4,1422,458,104,0.22707423580786026,0.7729257641921398,PT_PVEM_MORENA_NAS,77,0.7403846153846154,60,0.5769230769230769,PAN_PRI_PRD,17,0.16346153846153846,12,0.11538461538461539,MC,5,0.04807692307692308,PT_PVEM_MORENA_NAS,77,0.7403846153846154,60,0.5769230769230769,PAN_PRI_PRD,17,0.16346153846153846,12,0.11538461538461539,MC,5,0.04807692307692308,17,0.16346153846153846,77,0.7403846153846154,5,0.04807692307692308,0,0.0,4,0.038461538461538464,0,0.0,0,0.0,1,0.009615384615384616,104,1.0,ORIGEN,SECCION,SOLO_COALICIONES
1221,26,SONORA,NOGALES,,4,1423,396,124,0.31313131313131315,0.6868686868686869,PT_PVEM_MORENA_NAS,75,0.6048387096774194,41,0.33064516129032256,PAN_PRI_PRD,34,0.27419354838709675,24,0.1935483870967742,MC,10,0.08064516129032258,PT_PVEM_MORENA_NAS,75,0.6048387096774194,41,0.33064516129032256,PAN_PRI_PRD,34,0.27419354838709675,24,0.1935483870967742,MC,10,0.08064516129032258,34,0.27419354838709675,75,0.6048387096774194,10,0.08064516129032258,1,0.008064516129032258,1,0.008064516129032258,1,0.008064516129032258,0,0.0,2,0.016129032258064516,124,1.0,ORIGEN,SECCION,SOLO_COALICIONES
1222,26,SONORA,NOGALES,,4,1424,538,163,0.30297397769516726,0.6970260223048328,PT_PVEM_MORENA_NAS,111,0.6809815950920245,83,0.50920245398773,PAN_PRI_PRD,28,0.17177914110429449,18,0.11042944785276074,MC,10,0.06134969325153374,PT_PVEM_MORENA_NAS,111,0.6809815950920245,83,0.50920245398773,PAN_PRI_PRD,28,0.17177914110429449,18,0.11042944785276074,MC,10,0.06134969325153374,28,0.17177914110429449,111,0.6809815950920245,10,0.06134969325153374,2,0.012269938650306749,1,0.006134969325153374,6,0.03680981595092025,0,0.0,5,0.03067484662576687,163,1.0,ORIGEN,SECCION,SOLO_COALICIONES
1223,26,SONORA,NOGALES,,4,1425,442,162,0.3665158371040724,0.6334841628959276,PT_PVEM_MORENA_NAS,95,0.5864197530864198,46,0.2839506172839506,PAN_PRI_PRD,49,0.30246913580246915,43,0.2654320987654321,MC,6,0.037037037037037035,PT_PVEM_MORENA_NAS,95,0.5864197530864198,46,0.2839506172839506,PAN_PRI_PRD,49,0.30246913580246915,43,0.2654320987654321,MC,6,0.037037037037037035,49,0.30246913580246915,95,0.5864197530864198,6,0.037037037037037035,4,0.024691358024691357,4,0.024691358024691357,4,0.024691358024691357,0,0.0,0,0.0,162,1.0,ORIGEN,SECCION,SOLO_COALICIONES
1224,26,SONORA,NOGALES,,4,1426,296,107,0.3614864864864865,0.6385135135135135,PT_PVEM_MORENA_NAS,62,0.5794392523364486,32,0.29906542056074764,PAN_PRI_PRD,30,0.2803738317757009,25,0.2336448598130841,MC,5,0.04672897196261682,PT_PVEM_MORENA_NAS,62,0.5794392523364486,32,0.29906542056074764,PAN_PRI_PRD,30,0.2803738317757009,25,0.2336448598130841,MC,5,0.04672897196261682,30,0.2803738317757009,62,0.5794392523364486,5,0.04672897196261682,1,0.009345794392523364,1,0.009345794392523364,5,0.04672897196261682,0,0.0,3,0.028037383177570093,107,1.0,ORIGEN,SECCION,SOLO_COALICIONES
1225,26,SONORA,NOGALES,,4,1427,456,190,0.4166666666666667,0.5833333333333333,PT_PVEM_MORENA_NAS,105,0.5526315789473685,39,0.20526315789473684,PAN_PRI_PRD,66,0.3473684210526316,56,0.29473684210526313,MC,10,0.05263157894736842,PT_PVEM_MORENA_NAS,105,0.5526315789473685,39,0.20526315789473684,PAN_PRI_PRD,66,0.3473684210526316,56,0.29473684210526313,MC,10,0.05263157894736842,66,0.3473684210526316,105,0.5526315789473685,10,0.05263157894736842,0,0.0,3,0.015789473684210527,3,0.015789473684210527,0,0.0,3,0.015789473684210527,190,1.0,ORIGEN,SECCION,SOLO_COALICIONES
1226,26,SONORA,NOGALES,,4,1428,380,144,0.37894736842105264,0.6210526315789473,PT_PVEM_MORENA_NAS,63,0.4375,1,0.006944444444444444,PAN_PRI_PRD,62,0.4305555555555556,53,0.3680555555555556,MC,9,0.0625,PT_PVEM_MORENA_NAS,63,0.4375,1,0.006944444444444444,PAN_PRI_PRD,62,0.4305555555555556,53,0.3680555555555556,MC,9,0.0625,62,0.4305555555555556,63,0.4375,9,0.0625,1,0.006944444444444444,4,0.027777777777777776,2,0.013888888888888888,0,0.0,3,0.020833333333333332,144,1.0,ORIGEN,SECCION,SOLO_COALICIONES
1227,26,SONORA,NOGALES,,4,1429,715,240,0.3356643356643357,0.6643356643356644,PT_PVEM_MORENA_NAS,141,0.5875,73,0.30416666666666664,PAN_PRI_PRD,68,0.2833333333333333,54,0.225,MC,14,0.058333333333333334,PT_PVEM_MORENA_NAS,141,0.5875,73,0.30416666666666664,PAN_PRI_PRD,68,0.2833333333333333,54,0.225,MC,14,0.058333333333333334,68,0.2833333333333333,141,0.5875,14,0.058333333333333334,3,0.0125,1,0.004166666666666667,8,0.03333333333333333,0,0.0,5,0.020833333333333332,240,1.0,ORIGEN,SECCION,SOLO_COALICIONES
1228,26,SONORA,NOGALES,,4,1430,604,248,0.4105960264900662,0.5894039735099338,PT_PVEM_MORENA_NAS,125,0.5040322580645161,44,0.1774193548387097,PAN_PRI_PRD,81,0.32661290322580644,68,0.27419354838709675,MC,13,0.05241935483870968,PT_PVEM_MORENA_NAS,125,0.5040322580645161,44,0.1774193548387097,PAN_PRI_PRD,81,0.32661290322580644,68,0.27419354838709675,MC,13,0.05241935483870968,81,0.32661290322580644,125,0.5040322580645161,13,0.05241935483870968,5,0.020161290322580645,9,0.036290322580645164,5,0.020161290322580645,2,0.008064516129032258,8,0.03225806451612903,248,1.0,ORIGEN,SECCION,SOLO_COALICIONES
1229,26,SONORA,NOGALES,,4,1431,440,179,0.4068181818181818,0.5931818181818183,PT_PVEM_MORENA_NAS,88,0.49162011173184356,25,0.13966480446927373,PAN_PRI_PRD,63,0.35195530726256985,52,0.2905027932960894,MC,11,0.061452513966480445,PT_PVEM_MORENA_NAS,88,0.49162011173184356,25,0.13966480446927373,PAN_PRI_PRD,63,0.35195530726256985,52,0.2905027932960894,MC,11,0.061452513966480445,63,0.35195530726256985,88,0.49162011173184356,11,0.061452513966480445,3,0.01675977653631285,3,0.01675977653631285,3,0.01675977653631285,0,0.0,8,0.0446927374301676,179,1.0,ORIGEN,SECCION,SOLO_COALICIONES
1230,26,SONORA,NOGALES,,4,1432,736,295,0.4008152173913043,0.5991847826086957,PT_PVEM_MORENA_NAS,174,0.5898305084745763,84,0.2847457627118644,PAN_PRI_PRD,90,0.3050847457627119,79,0.2677966101694915,MC,11,0.03728813559322034,PT_PVEM_MORENA_NAS,174,0.5898305084745763,84,0.2847457627118644,PAN_PRI_PRD,90,0.3050847457627119,79,0.2677966101694915,MC,11,0.03728813559322034,90,0.3050847457627119,174,0.5898305084745763,11,0.03728813559322034,5,0.01694915254237288,4,0.013559322033898305,5,0.01694915254237288,2,0.006779661016949152,4,0.013559322033898305,295,1.0,ORIGEN,SECCION,SOLO_COALICIONES
1231,26,SONORA,NOGALES,,4,1433,426,148,0.3474178403755869,0.6525821596244131,PT_PVEM_MORENA_NAS,81,0.5472972972972973,34,0.22972972972972974,PAN_PRI_PRD,47,0.31756756756756754,38,0.25675675675675674,MC,9,0.060810810810810814,PT_PVEM_MORENA_NAS,81,0.5472972972972973,34,0.22972972972972974,PAN_PRI_PRD,47,0.31756756756756754,38,0.25675675675675674,MC,9,0.060810810810810814,47,0.31756756756756754,81,0.5472972972972973,9,0.060810810810810814,2,0.013513513513513514,2,0.013513513513513514,2,0.013513513513513514,0,0.0,5,0.033783783783783786,148,1.0,ORIGEN,SECCION,SOLO_COALICIONES
1232,26,SONORA,NOGALES,,4,1434,549,174,0.31693989071038253,0.6830601092896175,PT_PVEM_MORENA_NAS,110,0.632183908045977,65,0.3735632183908046,PAN_PRI_PRD,45,0.25862068965517243,39,0.22413793103448276,MC,6,0.034482758620689655,PT_PVEM_MORENA_NAS,110,0.632183908045977,65,0.3735632183908046,PAN_PRI_PRD,45,0.25862068965517243,39,0.22413793103448276,MC,6,0.034482758620689655,45,0.25862068965517243,110,0.632183908045977,6,0.034482758620689655,3,0.017241379310344827,3,0.017241379310344827,2,0.011494252873563218,0,0.0,5,0.028735632183908046,174,1.0,ORIGEN,SECCION,SOLO_COALICIONES
1233,26,SONORA,NOGALES,,4,1435,413,148,0.3583535108958838,0.6416464891041163,PT_PVEM_MORENA_NAS,81,0.5472972972972973,34,0.22972972972972974,PAN_PRI_PRD,47,0.31756756756756754,38,0.25675675675675674,MC,9,0.060810810810810814,PT_PVEM_MORENA_NAS,81,0.5472972972972973,34,0.22972972972972974,PAN_PRI_PRD,47,0.31756756756756754,38,0.25675675675675674,MC,9,0.060810810810810814,47,0.31756756756756754,81,0.5472972972972973,9,0.060810810810810814,2,0.013513513513513514,2,0.013513513513513514,2,0.013513513513513514,0,0.0,5,0.033783783783783786,148,1.0,ORIGEN,SECCION,SOLO_COALICIONES
1234,26,SONORA,NOGALES,,4,1436,651,153,0.2350230414746544,0.7649769585253456,PT_PVEM_MORENA_NAS,92,0.6013071895424836,48,0.3137254901960784,PAN_PRI_PRD,44,0.2875816993464052,34,0.2222222222222222,MC,10,0.06535947712418301,PT_PVEM_MORENA_NAS,92,0.6013071895424836,48,0.3137254901960784,PAN_PRI_PRD,44,0.2875816993464052,34,0.2222222222222222,MC,10,0.06535947712418301,44,0.2875816993464052,92,0.6013071895424836,10,0.06535947712418301,2,0.013071895424836602,1,0.006535947712418301,3,0.0196078431372549,0,0.0,1,0.006535947712418301,153,1.0,ORIGEN,SECCION,SOLO_COALICIONES
1235,26,SONORA,NOGALES,,4,1437,586,223,0.38054607508532423,0.6194539249146758,PT_PVEM_MORENA_NAS,151,0.6771300448430493,101,0.452914798206278,PAN_PRI_PRD,50,0.2242152466367713,43,0.19282511210762332,MC,7,0.03139013452914798,PT_PVEM_MORENA_NAS,151,0.6771300448430493,101,0.452914798206278,PAN_PRI_PRD,50,0.2242152466367713,43,0.19282511210762332,MC,7,0.03139013452914798,50,0.2242152466367713,151,0.6771300448430493,7,0.03139013452914798,6,0.026905829596412557,2,0.008968609865470852,4,0.017937219730941704,0,0.0,3,0.013452914798206279,223,1.0,ORIGEN,SECCION,SOLO_COALICIONES
1236,26,SONORA,NOGALES,,4,1438,2754,675,0.24509803921568626,0.7549019607843137,PT_PVEM_MORENA_NAS,445,0.6592592592592592,293,0.43407407407407406,PAN_PRI_PRD,152,0.22518518518518518,113,0.1674074074074074,MC,39,0.057777777777777775,PT_PVEM_MORENA_NAS,445,0.6592592592592592,293,0.43407407407407406,PAN_PRI_PRD,152,0.22518518518518518,113,0.1674074074074074,MC,39,0.057777777777777775,152,0.22518518518518518,445,0.6592592592592592,39,0.057777777777777775,6,0.008888888888888889,4,0.005925925925925926,8,0.011851851851851851,0,0.0,21,0.03111111111111111,675,1.0,ORIGEN,SECCION,SOLO_COALICIONES
1237,26,SONORA,NOGALES,,4,1439,2405,611,0.25405405405405407,0.7459459459459459,PT_PVEM_MORENA_NAS,370,0.6055646481178396,208,0.3404255319148936,PAN_PRI_PRD,162,0.265139116202946,137,0.22422258592471359,MC,25,0.04091653027823241,PT_PVEM_MORENA_NAS,370,0.6055646481178396,208,0.3404255319148936,PAN_PRI_PRD,162,0.265139116202946,137,0.22422258592471359,MC,25,0.04091653027823241,162,0.265139116202946,370,0.6055646481178396,25,0.04091653027823241,10,0.016366612111292964,7,0.011456628477905073,22,0.03600654664484452,1,0.0016366612111292963,14,0.022913256955810146,611,1.0,ORIGEN,SECCION,SOLO_COALICIONES
1238,26,SONORA,NOGALES,,4,1440,839,228,0.27175208581644816,0.7282479141835518,PT_PVEM_MORENA_NAS,156,0.6842105263157895,107,0.4692982456140351,PAN_PRI_PRD,49,0.2149122807017544,40,0.17543859649122806,MC,9,0.039473684210526314,PT_PVEM_MORENA_NAS,156,0.6842105263157895,107,0.4692982456140351,PAN_PRI_PRD,49,0.2149122807017544,40,0.17543859649122806,MC,9,0.039473684210526314,49,0.2149122807017544,156,0.6842105263157895,9,0.039473684210526314,3,0.013157894736842105,2,0.008771929824561403,4,0.017543859649122806,0,0.0,5,0.021929824561403508,228,1.0,ORIGEN,SECCION,SOLO_COALICIONES
1239,26,SONORA,NOGALES,,4,1441,1535,373,0.24299674267100976,0.7570032573289902,PT_PVEM_MORENA_NAS,259,0.6943699731903485,187,0.5013404825737265,PAN_PRI_PRD,72,0.19302949061662197,53,0.14209115281501342,MC,19,0.05093833780160858,PT_PVEM_MORENA_NAS,259,0.6943699731903485,187,0.5013404825737265,PAN_PRI_PRD,72,0.19302949061662197,53,0.14209115281501342,MC,19,0.05093833780160858,72,0.19302949061662197,259,0.6943699731903485,19,0.05093833780160858,3,0.00804289544235925,4,0.010723860589812333,6,0.0160857908847185,0,0.0,10,0.02680965147453083,373,1.0,ORIGEN,SECCION,SOLO_COALICIONES
1240,26,SONORA,NOGALES,,5,159,1055,342,0.3241706161137441,0.6758293838862559,PT_PVEM_MORENA_NAS,149,0.43567251461988304,12,0.03508771929824561,PAN_PRI_PRD,137,0.40058479532163743,107,0.3128654970760234,MC,30,0.08771929824561403,PT_PVEM_MORENA_NAS,149,0.43567251461988304,12,0.03508771929824561,PAN_PRI_PRD,137,0.40058479532163743,107,0.3128654970760234,MC,30,0.08771929824561403,137,0.40058479532163743,149,0.43567251461988304,30,0.08771929824561403,0,0.0,6,0.017543859649122806,6,0.017543859649122806,1,0.0029239766081871343,13,0.038011695906432746,342,1.0,ORIGEN,SECCION,SOLO_COALICIONES
1241,26,SONORA,NOGALES,,5,160,444,131,0.29504504504504503,0.704954954954955,PAN_PRI_PRD,73,0.5572519083969466,29,0.22137404580152673,PT_PVEM_MORENA_NAS,44,0.33587786259541985,40,0.3053435114503817,MC,4,0.030534351145038167,PAN_PRI_PRD,73,0.5572519083969466,29,0.22137404580152673,PT_PVEM_MORENA_NAS,44,0.33587786259541985,40,0.3053435114503817,MC,4,0.030534351145038167,73,0.5572519083969466,44,0.33587786259541985,4,0.030534351145038167,2,0.015267175572519083,4,0.030534351145038167,0,0.0,0,0.0,4,0.030534351145038167,131,1.0,ORIGEN,SECCION,SOLO_COALICIONES
1242,26,SONORA,NOGALES,,5,161,772,211,0.27331606217616583,0.7266839378238341,PAN_PRI_PRD,89,0.4218009478672986,2,0.009478672985781991,PT_PVEM_MORENA_NAS,87,0.41232227488151657,77,0.36492890995260663,MC,10,0.04739336492890995,PAN_PRI_PRD,89,0.4218009478672986,2,0.009478672985781991,PT_PVEM_MORENA_NAS,87,0.41232227488151657,77,0.36492890995260663,MC,10,0.04739336492890995,89,0.4218009478672986,87,0.41232227488151657,10,0.04739336492890995,6,0.02843601895734597,5,0.023696682464454975,8,0.037914691943127965,0,0.0,6,0.02843601895734597,211,1.0,ORIGEN,SECCION,SOLO_COALICIONES
1243,26,SONORA,NOGALES,,5,162,1711,602,0.35184102863822325,0.6481589713617768,PAN_PRI_PRD,286,0.4750830564784053,56,0.09302325581395349,PT_PVEM_MORENA_NAS,230,0.38205980066445183,194,0.3222591362126246,MC,36,0.059800664451827246,PAN_PRI_PRD,286,0.4750830564784053,56,0.09302325581395349,PT_PVEM_MORENA_NAS,230,0.38205980066445183,194,0.3222591362126246,MC,36,0.059800664451827246,286,0.4750830564784053,230,0.38205980066445183,36,0.059800664451827246,13,0.02159468438538206,14,0.023255813953488372,19,0.03156146179401993,0,0.0,4,0.006644518272425249,602,1.0,ORIGEN,SECCION,SOLO_COALICIONES
1244,26,SONORA,NOGALES,,5,163,1883,496,0.2634094530005311,0.7365905469994689,PT_PVEM_MORENA_NAS,227,0.4576612903225806,47,0.09475806451612903,PAN_PRI_PRD,180,0.3629032258064516,141,0.2842741935483871,MC,39,0.07862903225806452,PT_PVEM_MORENA_NAS,227,0.4576612903225806,47,0.09475806451612903,PAN_PRI_PRD,180,0.3629032258064516,141,0.2842741935483871,MC,39,0.07862903225806452,180,0.3629032258064516,227,0.4576612903225806,39,0.07862903225806452,6,0.012096774193548387,19,0.038306451612903226,9,0.018145161290322582,0,0.0,16,0.03225806451612903,496,1.0,ORIGEN,SECCION,SOLO_COALICIONES
1245,26,SONORA,NOGALES,,5,164,1993,636,0.3191169091821375,0.6808830908178625,PT_PVEM_MORENA_NAS,320,0.5031446540880503,111,0.17452830188679244,PAN_PRI_PRD,209,0.32861635220125784,169,0.26572327044025157,MC,40,0.06289308176100629,PT_PVEM_MORENA_NAS,320,0.5031446540880503,111,0.17452830188679244,PAN_PRI_PRD,209,0.32861635220125784,169,0.26572327044025157,MC,40,0.06289308176100629,209,0.32861635220125784,320,0.5031446540880503,40,0.06289308176100629,16,0.025157232704402517,13,0.020440251572327043,18,0.02830188679245283,0,0.0,20,0.031446540880503145,636,1.0,ORIGEN,SECCION,SOLO_COALICIONES
1246,26,SONORA,NOGALES,,5,165,1226,361,0.29445350734094616,0.7055464926590538,PT_PVEM_MORENA_NAS,161,0.44598337950138506,23,0.06371191135734072,PAN_PRI_PRD,138,0.38227146814404434,103,0.2853185595567867,MC,35,0.09695290858725762,PT_PVEM_MORENA_NAS,161,0.44598337950138506,23,0.06371191135734072,PAN_PRI_PRD,138,0.38227146814404434,103,0.2853185595567867,MC,35,0.09695290858725762,138,0.38227146814404434,161,0.44598337950138506,35,0.09695290858725762,1,0.002770083102493075,8,0.0221606648199446,12,0.0332409972299169,0,0.0,6,0.01662049861495845,361,1.0,ORIGEN,SECCION,SOLO_COALICIONES
1247,26,SONORA,NOGALES,,5,166,888,240,0.2702702702702703,0.7297297297297297,PT_PVEM_MORENA_NAS,111,0.4625,20,0.08333333333333333,PAN_PRI_PRD,91,0.37916666666666665,73,0.30416666666666664,MC,18,0.075,PT_PVEM_MORENA_NAS,111,0.4625,20,0.08333333333333333,PAN_PRI_PRD,91,0.37916666666666665,73,0.30416666666666664,MC,18,0.075,91,0.37916666666666665,111,0.4625,18,0.075,6,0.025,2,0.008333333333333333,0,0.0,0,0.0,12,0.05,240,1.0,ORIGEN,SECCION,SOLO_COALICIONES
1248,26,SONORA,NOGALES,,5,167,836,253,0.3026315789473684,0.6973684210526316,PT_PVEM_MORENA_NAS,113,0.44664031620553357,20,0.07905138339920949,PAN_PRI_PRD,93,0.3675889328063241,75,0.2964426877470356,MC,18,0.07114624505928854,PT_PVEM_MORENA_NAS,113,0.44664031620553357,20,0.07905138339920949,PAN_PRI_PRD,93,0.3675889328063241,75,0.2964426877470356,MC,18,0.07114624505928854,93,0.3675889328063241,113,0.44664031620553357,18,0.07114624505928854,5,0.019762845849802372,7,0.02766798418972332,8,0.03162055335968379,0,0.0,9,0.03557312252964427,253,1.0,ORIGEN,SECCION,SOLO_COALICIONES
1249,26,SONORA,NOGALES,,5,168,591,205,0.34686971235194586,0.6531302876480541,PT_PVEM_MORENA_NAS,96,0.4682926829268293,9,0.04390243902439024,PAN_PRI_PRD,87,0.424390243902439,80,0.3902439024390244,MC,7,0.03414634146341464,PT_PVEM_MORENA_NAS,96,0.4682926829268293,9,0.04390243902439024,PAN_PRI_PRD,87,0.424390243902439,80,0.3902439024390244,MC,7,0.03414634146341464,87,0.424390243902439,96,0.4682926829268293,7,0.03414634146341464,2,0.00975609756097561,6,0.02926829268292683,1,0.004878048780487805,0,0.0,6,0.02926829268292683,205,1.0,ORIGEN,SECCION,SOLO_COALICIONES
1250,26,SONORA,NOGALES,,5,169,614,211,0.34364820846905536,0.6563517915309447,PAN_PRI_PRD,109,0.5165876777251185,33,0.15639810426540285,PT_PVEM_MORENA_NAS,76,0.36018957345971564,64,0.3033175355450237,RSP,12,0.05687203791469194,PAN_PRI_PRD,109,0.5165876777251185,33,0.15639810426540285,PT_PVEM_MORENA_NAS,76,0.36018957345971564,64,0.3033175355450237,RSP,12,0.05687203791469194,109,0.5165876777251185,76,0.36018957345971564,7,0.03317535545023697,1,0.004739336492890996,12,0.05687203791469194,3,0.014218009478672985,0,0.0,3,0.014218009478672985,211,1.0,ORIGEN,SECCION,SOLO_COALICIONES
1251,26,SONORA,NOGALES,,5,170,938,336,0.3582089552238806,0.6417910447761195,PAN_PRI_PRD,155,0.46130952380952384,25,0.0744047619047619,PT_PVEM_MORENA_NAS,130,0.3869047619047619,115,0.34226190476190477,MC,15,0.044642857142857144,PAN_PRI_PRD,155,0.46130952380952384,25,0.0744047619047619,PT_PVEM_MORENA_NAS,130,0.3869047619047619,115,0.34226190476190477,MC,15,0.044642857142857144,155,0.46130952380952384,130,0.3869047619047619,15,0.044642857142857144,6,0.017857142857142856,3,0.008928571428571428,9,0.026785714285714284,0,0.0,18,0.05357142857142857,336,1.0,ORIGEN,SECCION,SOLO_COALICIONES
1252,26,SONORA,NOGALES,,5,171,1822,893,0.49012074643249176,0.5098792535675083,PAN_PRI_PRD,433,0.48488241881298993,56,0.06270996640537514,PT_PVEM_MORENA_NAS,377,0.4221724524076148,342,0.3829787234042553,MC,35,0.03919372900335946,PAN_PRI_PRD,433,0.48488241881298993,56,0.06270996640537514,PT_PVEM_MORENA_NAS,377,0.4221724524076148,342,0.3829787234042553,MC,35,0.03919372900335946,433,0.48488241881298993,377,0.4221724524076148,35,0.03919372900335946,6,0.006718924972004479,12,0.013437849944008958,16,0.01791713325867861,0,0.0,14,0.015677491601343786,893,1.0,ORIGEN,SECCION,SOLO_COALICIONES
1253,26,SONORA,NOGALES,,5,172,1045,398,0.38086124401913873,0.6191387559808612,PAN_PRI_PRD,108,0.271356783919598,16,0.04020100502512563,RSP,92,0.23115577889447236,7,0.017587939698492462,FxM,85,0.2135678391959799,PAN_PRI_PRD,108,0.271356783919598,16,0.04020100502512563,RSP,92,0.23115577889447236,7,0.017587939698492462,FxM,85,0.2135678391959799,108,0.271356783919598,80,0.20100502512562815,12,0.03015075376884422,10,0.02512562814070352,92,0.23115577889447236,85,0.2135678391959799,2,0.005025125628140704,9,0.022613065326633167,398,1.0,ORIGEN,SECCION,SOLO_COALICIONES
1254,26,SONORA,NOGALES,,5,173,727,0,0.0,1.0,PAN_PRI_PRD,0,0.0,0,0.0,PT_PVEM_MORENA_NAS,0,0.0,0,0.0,MC,0,0.0,PAN_PRI_PRD,0,0.0,0,0.0,PT_PVEM_MORENA_NAS,0,0.0,0,0.0,MC,0,0.0,0,0.0,0,0.0,0,0.0,0,0.0,0,0.0,0,0.0,0,0.0,0,0.0,0,0.0,ORIGEN,SECCION,SOLO_COALICIONES
1255,26,SONORA,NOGALES,,5,174,934,403,0.43147751605995716,0.5685224839400429,PAN_PRI_PRD,185,0.45905707196029777,21,0.052109181141439205,PT_PVEM_MORENA_NAS,164,0.40694789081885857,144,0.3573200992555831,MC,20,0.04962779156327544,PAN_PRI_PRD,185,0.45905707196029777,21,0.052109181141439205,PT_PVEM_MORENA_NAS,164,0.40694789081885857,144,0.3573200992555831,MC,20,0.04962779156327544,185,0.45905707196029777,164,0.40694789081885857,20,0.04962779156327544,3,0.007444168734491315,9,0.022332506203473945,8,0.019851116625310174,0,0.0,14,0.034739454094292806,403,1.0,ORIGEN,SECCION,SOLO_COALICIONES
1256,26,SONORA,NOGALES,,5,175,1657,696,0.420036210018105,0.579963789981895,PAN_PRI_PRD,375,0.5387931034482759,122,0.1752873563218391,PT_PVEM_MORENA_NAS,253,0.3635057471264368,223,0.3204022988505747,MC,30,0.04310344827586207,PAN_PRI_PRD,375,0.5387931034482759,122,0.1752873563218391,PT_PVEM_MORENA_NAS,253,0.3635057471264368,223,0.3204022988505747,MC,30,0.04310344827586207,375,0.5387931034482759,253,0.3635057471264368,30,0.04310344827586207,5,0.007183908045977011,8,0.011494252873563218,13,0.01867816091954023,0,0.0,12,0.017241379310344827,696,1.0,ORIGEN,SECCION,SOLO_COALICIONES
1257,26,SONORA,NOGALES,,5,176,827,324,0.39177750906892383,0.6082224909310762,PAN_PRI_PRD,152,0.4691358024691358,10,0.030864197530864196,PT_PVEM_MORENA_NAS,142,0.4382716049382716,128,0.3950617283950617,MC,14,0.043209876543209874,PAN_PRI_PRD,152,0.4691358024691358,10,0.030864197530864196,PT_PVEM_MORENA_NAS,142,0.4382716049382716,128,0.3950617283950617,MC,14,0.043209876543209874,152,0.4691358024691358,142,0.4382716049382716,14,0.043209876543209874,5,0.015432098765432098,3,0.009259259259259259,2,0.006172839506172839,0,0.0,6,0.018518518518518517,324,1.0,ORIGEN,SECCION,SOLO_COALICIONES
1258,26,SONORA,NOGALES,,5,177,447,162,0.3624161073825503,0.6375838926174497,PAN_PRI_PRD,85,0.5246913580246914,18,0.1111111111111111,PT_PVEM_MORENA_NAS,67,0.41358024691358025,63,0.3888888888888889,MC,4,0.024691358024691357,PAN_PRI_PRD,85,0.5246913580246914,18,0.1111111111111111,PT_PVEM_MORENA_NAS,67,0.41358024691358025,63,0.3888888888888889,MC,4,0.024691358024691357,85,0.5246913580246914,67,0.41358024691358025,4,0.024691358024691357,0,0.0,3,0.018518518518518517,0,0.0,0,0.0,3,0.018518518518518517,162,1.0,ORIGEN,SECCION,SOLO_COALICIONES
1259,26,SONORA,NOGALES,,5,178,1160,369,0.31810344827586207,0.681896551724138,PT_PVEM_MORENA_NAS,192,0.5203252032520326,57,0.15447154471544716,PAN_PRI_PRD,135,0.36585365853658536,110,0.2981029810298103,MC,25,0.06775067750677506,PT_PVEM_MORENA_NAS,192,0.5203252032520326,57,0.15447154471544716,PAN_PRI_PRD,135,0.36585365853658536,110,0.2981029810298103,MC,25,0.06775067750677506,135,0.36585365853658536,192,0.5203252032520326,25,0.06775067750677506,2,0.005420054200542005,3,0.008130081300813009,3,0.008130081300813009,0,0.0,9,0.024390243902439025,369,1.0,ORIGEN,SECCION,SOLO_COALICIONES
1260,26,SONORA,NOGALES,,5,179,1339,427,0.3188946975354742,0.6811053024645257,PT_PVEM_MORENA_NAS,203,0.47540983606557374,48,0.11241217798594848,PAN_PRI_PRD,155,0.3629976580796253,125,0.2927400468384075,MC,30,0.0702576112412178,PT_PVEM_MORENA_NAS,203,0.47540983606557374,48,0.11241217798594848,PAN_PRI_PRD,155,0.3629976580796253,125,0.2927400468384075,MC,30,0.0702576112412178,155,0.3629976580796253,203,0.47540983606557374,30,0.0702576112412178,5,0.0117096018735363,10,0.0234192037470726,9,0.02107728337236534,2,0.00468384074941452,13,0.03044496487119438,427,1.0,ORIGEN,SECCION,SOLO_COALICIONES
1261,26,SONORA,NOGALES,,5,180,2279,659,0.2891619131197894,0.7108380868802107,PT_PVEM_MORENA_NAS,370,0.5614567526555387,180,0.2731411229135053,PAN_PRI_PRD,190,0.2883156297420334,153,0.2321699544764795,MC,37,0.05614567526555387,PT_PVEM_MORENA_NAS,370,0.5614567526555387,180,0.2731411229135053,PAN_PRI_PRD,190,0.2883156297420334,153,0.2321699544764795,MC,37,0.05614567526555387,190,0.2883156297420334,370,0.5614567526555387,37,0.05614567526555387,12,0.018209408194233688,14,0.021244309559939303,13,0.019726858877086494,2,0.0030349013657056147,21,0.03186646433990895,659,1.0,ORIGEN,SECCION,SOLO_COALICIONES
1262,26,SONORA,NOGALES,,5,181,761,231,0.3035479632063075,0.6964520367936925,PT_PVEM_MORENA_NAS,118,0.5108225108225108,40,0.17316017316017315,PAN_PRI_PRD,78,0.33766233766233766,61,0.26406926406926406,MC,17,0.0735930735930736,PT_PVEM_MORENA_NAS,118,0.5108225108225108,40,0.17316017316017315,PAN_PRI_PRD,78,0.33766233766233766,61,0.26406926406926406,MC,17,0.0735930735930736,78,0.33766233766233766,118,0.5108225108225108,17,0.0735930735930736,0,0.0,3,0.012987012987012988,2,0.008658008658008658,0,0.0,13,0.05627705627705628,231,1.0,ORIGEN,SECCION,SOLO_COALICIONES
1263,26,SONORA,NOGALES,,5,182,1167,423,0.36246786632390743,0.6375321336760926,PT_PVEM_MORENA_NAS,203,0.4799054373522459,36,0.0851063829787234,PAN_PRI_PRD,167,0.3947990543735225,152,0.35933806146572106,FxM,15,0.03546099290780142,PT_PVEM_MORENA_NAS,203,0.4799054373522459,36,0.0851063829787234,PAN_PRI_PRD,167,0.3947990543735225,152,0.35933806146572106,FxM,15,0.03546099290780142,167,0.3947990543735225,203,0.4799054373522459,11,0.026004728132387706,5,0.01182033096926714,12,0.028368794326241134,15,0.03546099290780142,0,0.0,10,0.02364066193853428,423,1.0,ORIGEN,SECCION,SOLO_COALICIONES
1264,26,SONORA,NOGALES,,5,183,925,351,0.37945945945945947,0.6205405405405405,PAN_PRI_PRD,194,0.5527065527065527,69,0.19658119658119658,PT_PVEM_MORENA_NAS,125,0.3561253561253561,114,0.3247863247863248,MC,11,0.03133903133903134,PAN_PRI_PRD,194,0.5527065527065527,69,0.19658119658119658,PT_PVEM_MORENA_NAS,125,0.3561253561253561,114,0.3247863247863248,MC,11,0.03133903133903134,194,0.5527065527065527,125,0.3561253561253561,11,0.03133903133903134,3,0.008547008547008548,6,0.017094017094017096,5,0.014245014245014245,0,0.0,7,0.019943019943019943,351,1.0,ORIGEN,SECCION,SOLO_COALICIONES
1265,26,SONORA,NOGALES,,5,184,1247,405,0.3247794707297514,0.6752205292702487,PAN_PRI_PRD,212,0.5234567901234568,62,0.15308641975308643,PT_PVEM_MORENA_NAS,150,0.37037037037037035,131,0.3234567901234568,MC,19,0.04691358024691358,PAN_PRI_PRD,212,0.5234567901234568,62,0.15308641975308643,PT_PVEM_MORENA_NAS,150,0.37037037037037035,131,0.3234567901234568,MC,19,0.04691358024691358,212,0.5234567901234568,150,0.37037037037037035,19,0.04691358024691358,4,0.009876543209876543,6,0.014814814814814815,5,0.012345679012345678,0,0.0,9,0.022222222222222223,405,1.0,ORIGEN,SECCION,SOLO_COALICIONES
1266,26,SONORA,NOGALES,,5,185,2049,819,0.39970717423133234,0.6002928257686677,PAN_PRI_PRD,414,0.5054945054945055,114,0.1391941391941392,PT_PVEM_MORENA_NAS,300,0.3663003663003663,256,0.3125763125763126,MC,44,0.05372405372405373,PAN_PRI_PRD,414,0.5054945054945055,114,0.1391941391941392,PT_PVEM_MORENA_NAS,300,0.3663003663003663,256,0.3125763125763126,MC,44,0.05372405372405373,414,0.5054945054945055,300,0.3663003663003663,44,0.05372405372405373,4,0.004884004884004884,18,0.02197802197802198,19,0.0231990231990232,0,0.0,20,0.02442002442002442,819,1.0,ORIGEN,SECCION,SOLO_COALICIONES
1267,26,SONORA,NOGALES,,5,186,798,255,0.31954887218045114,0.6804511278195489,PT_PVEM_MORENA_NAS,124,0.48627450980392156,25,0.09803921568627451,PAN_PRI_PRD,99,0.38823529411764707,90,0.35294117647058826,MC,9,0.03529411764705882,PT_PVEM_MORENA_NAS,124,0.48627450980392156,25,0.09803921568627451,PAN_PRI_PRD,99,0.38823529411764707,90,0.35294117647058826,MC,9,0.03529411764705882,99,0.38823529411764707,124,0.48627450980392156,9,0.03529411764705882,8,0.03137254901960784,7,0.027450980392156862,3,0.011764705882352941,0,0.0,5,0.0196078431372549,255,1.0,ORIGEN,SECCION,SOLO_COALICIONES
1268,26,SONORA,NOGALES,,5,187,2484,986,0.3969404186795491,0.6030595813204509,PT_PVEM_MORENA_NAS,502,0.5091277890466531,175,0.17748478701825557,PAN_PRI_PRD,327,0.3316430020283976,264,0.26774847870182555,MC,63,0.06389452332657201,PT_PVEM_MORENA_NAS,502,0.5091277890466531,175,0.17748478701825557,PAN_PRI_PRD,327,0.3316430020283976,264,0.26774847870182555,MC,63,0.06389452332657201,327,0.3316430020283976,502,0.5091277890466531,63,0.06389452332657201,18,0.018255578093306288,30,0.030425963488843813,26,0.02636916835699797,0,0.0,20,0.02028397565922921,986,1.0,ORIGEN,SECCION,SOLO_COALICIONES
1269,26,SONORA,NOGALES,,5,188,1520,549,0.3611842105263158,0.6388157894736842,PT_PVEM_MORENA_NAS,239,0.4353369763205829,11,0.020036429872495445,PAN_PRI_PRD,228,0.41530054644808745,201,0.366120218579235,MC,27,0.04918032786885246,PT_PVEM_MORENA_NAS,239,0.4353369763205829,11,0.020036429872495445,PAN_PRI_PRD,228,0.41530054644808745,201,0.366120218579235,MC,27,0.04918032786885246,228,0.41530054644808745,239,0.4353369763205829,27,0.04918032786885246,14,0.025500910746812388,15,0.0273224043715847,8,0.014571948998178506,0,0.0,18,0.03278688524590164,549,1.0,ORIGEN,SECCION,SOLO_COALICIONES
1270,26,SONORA,NOGALES,,5,189,1026,330,0.3216374269005848,0.6783625730994152,PAN_PRI_PRD,142,0.4303030303030303,0,0.0,PT_PVEM_MORENA_NAS,142,0.4303030303030303,125,0.3787878787878788,MC,17,0.051515151515151514,PAN_PRI_PRD,142,0.4303030303030303,0,0.0,PT_PVEM_MORENA_NAS,142,0.4303030303030303,125,0.3787878787878788,MC,17,0.051515151515151514,142,0.4303030303030303,142,0.4303030303030303,17,0.051515151515151514,3,0.00909090909090909,8,0.024242424242424242,8,0.024242424242424242,1,0.0030303030303030303,9,0.02727272727272727,330,1.0,ORIGEN,SECCION,SOLO_COALICIONES
1271,26,SONORA,NOGALES,,5,190,633,258,0.4075829383886256,0.5924170616113744,PAN_PRI_PRD,148,0.5736434108527132,61,0.2364341085271318,PT_PVEM_MORENA_NAS,87,0.3372093023255814,79,0.3062015503875969,MC,8,0.031007751937984496,PAN_PRI_PRD,148,0.5736434108527132,61,0.2364341085271318,PT_PVEM_MORENA_NAS,87,0.3372093023255814,79,0.3062015503875969,MC,8,0.031007751937984496,148,0.5736434108527132,87,0.3372093023255814,8,0.031007751937984496,5,0.01937984496124031,4,0.015503875968992248,2,0.007751937984496124,0,0.0,4,0.015503875968992248,258,1.0,ORIGEN,SECCION,SOLO_COALICIONES
1272,26,SONORA,NOGALES,,5,191,1188,364,0.3063973063973064,0.6936026936026936,PT_PVEM_MORENA_NAS,178,0.489010989010989,38,0.1043956043956044,PAN_PRI_PRD,140,0.38461538461538464,129,0.3543956043956044,RSP,11,0.03021978021978022,PT_PVEM_MORENA_NAS,178,0.489010989010989,38,0.1043956043956044,PAN_PRI_PRD,140,0.38461538461538464,129,0.3543956043956044,RSP,11,0.03021978021978022,140,0.38461538461538464,178,0.489010989010989,9,0.024725274725274724,5,0.013736263736263736,11,0.03021978021978022,11,0.03021978021978022,0,0.0,10,0.027472527472527472,364,1.0,ORIGEN,SECCION,SOLO_COALICIONES
1273,26,SONORA,NOGALES,,5,192,2709,826,0.3049095607235142,0.6950904392764858,PT_PVEM_MORENA_NAS,507,0.6138014527845036,297,0.3595641646489104,PAN_PRI_PRD,210,0.2542372881355932,169,0.2046004842615012,MC,41,0.04963680387409201,PT_PVEM_MORENA_NAS,507,0.6138014527845036,297,0.3595641646489104,PAN_PRI_PRD,210,0.2542372881355932,169,0.2046004842615012,MC,41,0.04963680387409201,210,0.2542372881355932,507,0.6138014527845036,41,0.04963680387409201,15,0.018159806295399514,10,0.012106537530266344,19,0.023002421307506054,1,0.0012106537530266344,23,0.02784503631961259,826,1.0,ORIGEN,SECCION,SOLO_COALICIONES
1274,26,SONORA,NOGALES,,5,193,1868,486,0.26017130620985013,0.7398286937901499,PT_PVEM_MORENA_NAS,270,0.5555555555555556,113,0.23251028806584362,PAN_PRI_PRD,157,0.3230452674897119,134,0.2757201646090535,MC,23,0.047325102880658436,PT_PVEM_MORENA_NAS,270,0.5555555555555556,113,0.23251028806584362,PAN_PRI_PRD,157,0.3230452674897119,134,0.2757201646090535,MC,23,0.047325102880658436,157,0.3230452674897119,270,0.5555555555555556,23,0.047325102880658436,2,0.00411522633744856,7,0.01440329218106996,10,0.0205761316872428,0,0.0,17,0.03497942386831276,486,1.0,ORIGEN,SECCION,SOLO_COALICIONES
1275,26,SONORA,NOGALES,,5,194,1923,535,0.2782111284451378,0.7217888715548622,PT_PVEM_MORENA_NAS,297,0.5551401869158878,138,0.25794392523364484,PAN_PRI_PRD,159,0.297196261682243,130,0.24299065420560748,MC,29,0.05420560747663551,PT_PVEM_MORENA_NAS,297,0.5551401869158878,138,0.25794392523364484,PAN_PRI_PRD,159,0.297196261682243,130,0.24299065420560748,MC,29,0.05420560747663551,159,0.297196261682243,297,0.5551401869158878,29,0.05420560747663551,8,0.014953271028037384,10,0.018691588785046728,10,0.018691588785046728,1,0.001869158878504673,21,0.03925233644859813,535,1.0,ORIGEN,SECCION,SOLO_COALICIONES
1276,26,SONORA,NOGALES,,5,195,1045,322,0.30813397129186604,0.691866028708134,PT_PVEM_MORENA_NAS,152,0.4720496894409938,17,0.052795031055900624,PAN_PRI_PRD,135,0.4192546583850932,120,0.37267080745341613,MC,15,0.046583850931677016,PT_PVEM_MORENA_NAS,152,0.4720496894409938,17,0.052795031055900624,PAN_PRI_PRD,135,0.4192546583850932,120,0.37267080745341613,MC,15,0.046583850931677016,135,0.4192546583850932,152,0.4720496894409938,15,0.046583850931677016,2,0.006211180124223602,5,0.015527950310559006,2,0.006211180124223602,0,0.0,11,0.034161490683229816,322,1.0,ORIGEN,SECCION,SOLO_COALICIONES
1277,26,SONORA,NOGALES,,5,196,1033,296,0.28654404646660214,0.7134559535333979,PAN_PRI_PRD,150,0.5067567567567568,40,0.13513513513513514,PT_PVEM_MORENA_NAS,110,0.3716216216216216,100,0.33783783783783783,PES,10,0.033783783783783786,PAN_PRI_PRD,150,0.5067567567567568,40,0.13513513513513514,PT_PVEM_MORENA_NAS,110,0.3716216216216216,100,0.33783783783783783,PES,10,0.033783783783783786,150,0.5067567567567568,110,0.3716216216216216,6,0.02027027027027027,10,0.033783783783783786,10,0.033783783783783786,6,0.02027027027027027,0,0.0,4,0.013513513513513514,296,1.0,ORIGEN,SECCION,SOLO_COALICIONES
1278,26,SONORA,NOGALES,,5,197,350,125,0.35714285714285715,0.6428571428571428,PT_PVEM_MORENA_NAS,59,0.472,14,0.112,PAN_PRI_PRD,45,0.36,36,0.288,MC,9,0.072,PT_PVEM_MORENA_NAS,59,0.472,14,0.112,PAN_PRI_PRD,45,0.36,36,0.288,MC,9,0.072,45,0.36,59,0.472,9,0.072,1,0.008,2,0.016,4,0.032,0,0.0,5,0.04,125,1.0,ORIGEN,SECCION,SOLO_COALICIONES
1279,26,SONORA,NOGALES,,5,198,1150,351,0.30521739130434783,0.6947826086956521,PT_PVEM_MORENA_NAS,154,0.43874643874643876,12,0.03418803418803419,PAN_PRI_PRD,142,0.4045584045584046,127,0.36182336182336183,MC,15,0.042735042735042736,PT_PVEM_MORENA_NAS,154,0.43874643874643876,12,0.03418803418803419,PAN_PRI_PRD,142,0.4045584045584046,127,0.36182336182336183,MC,15,0.042735042735042736,142,0.4045584045584046,154,0.43874643874643876,15,0.042735042735042736,2,0.005698005698005698,9,0.02564102564102564,5,0.014245014245014245,2,0.005698005698005698,22,0.06267806267806268,351,1.0,ORIGEN,SECCION,SOLO_COALICIONES
1280,26,SONORA,NOGALES,,5,199,2088,524,0.2509578544061303,0.7490421455938697,PT_PVEM_MORENA_NAS,233,0.4446564885496183,45,0.08587786259541985,PAN_PRI_PRD,188,0.35877862595419846,150,0.2862595419847328,MC,38,0.07251908396946564,PT_PVEM_MORENA_NAS,233,0.4446564885496183,45,0.08587786259541985,PAN_PRI_PRD,188,0.35877862595419846,150,0.2862595419847328,MC,38,0.07251908396946564,188,0.35877862595419846,233,0.4446564885496183,38,0.07251908396946564,5,0.009541984732824428,13,0.02480916030534351,12,0.022900763358778626,0,0.0,35,0.06679389312977099,524,1.0,ORIGEN,SECCION,SOLO_COALICIONES
1281,26,SONORA,NOGALES,,5,200,1296,541,0.4174382716049383,0.5825617283950617,PAN_PRI_PRD,280,0.5175600739371534,83,0.1534195933456562,PT_PVEM_MORENA_NAS,197,0.36414048059149723,174,0.32162661737523107,MC,23,0.04251386321626617,PAN_PRI_PRD,280,0.5175600739371534,83,0.1534195933456562,PT_PVEM_MORENA_NAS,197,0.36414048059149723,174,0.32162661737523107,MC,23,0.04251386321626617,280,0.5175600739371534,197,0.36414048059149723,23,0.04251386321626617,4,0.0073937153419593345,19,0.03512014787430684,11,0.02033271719038817,0,0.0,7,0.012939001848428836,541,1.0,ORIGEN,SECCION,SOLO_COALICIONES
1282,26,SONORA,NOGALES,,5,201,1501,503,0.335109926715523,0.664890073284477,PT_PVEM_MORENA_NAS,234,0.46520874751491054,40,0.07952286282306163,PAN_PRI_PRD,194,0.3856858846918489,165,0.32803180914512925,MC,29,0.05765407554671968,PT_PVEM_MORENA_NAS,234,0.46520874751491054,40,0.07952286282306163,PAN_PRI_PRD,194,0.3856858846918489,165,0.32803180914512925,MC,29,0.05765407554671968,194,0.3856858846918489,234,0.46520874751491054,29,0.05765407554671968,9,0.017892644135188866,18,0.03578528827037773,5,0.009940357852882704,0,0.0,14,0.027833001988071572,503,1.0,ORIGEN,SECCION,SOLO_COALICIONES
1283,26,SONORA,NOGALES,,5,202,1275,501,0.39294117647058824,0.6070588235294118,PAN_PRI_PRD,235,0.469061876247505,39,0.07784431137724551,PT_PVEM_MORENA_NAS,196,0.3912175648702595,180,0.3592814371257485,RSP,16,0.031936127744510975,PAN_PRI_PRD,235,0.469061876247505,39,0.07784431137724551,PT_PVEM_MORENA_NAS,196,0.3912175648702595,180,0.3592814371257485,RSP,16,0.031936127744510975,235,0.469061876247505,196,0.3912175648702595,15,0.029940119760479042,6,0.011976047904191617,16,0.031936127744510975,15,0.029940119760479042,0,0.0,18,0.03592814371257485,501,1.0,ORIGEN,SECCION,SOLO_COALICIONES
1284,26,SONORA,NOGALES,,5,203,649,234,0.3605546995377504,0.6394453004622496,PAN_PRI_PRD,100,0.42735042735042733,1,0.004273504273504274,PT_PVEM_MORENA_NAS,99,0.4230769230769231,87,0.3717948717948718,MC,12,0.05128205128205128,PAN_PRI_PRD,100,0.42735042735042733,1,0.004273504273504274,PT_PVEM_MORENA_NAS,99,0.4230769230769231,87,0.3717948717948718,MC,12,0.05128205128205128,100,0.42735042735042733,99,0.4230769230769231,12,0.05128205128205128,2,0.008547008547008548,4,0.017094017094017096,9,0.038461538461538464,0,0.0,8,0.03418803418803419,234,1.0,ORIGEN,SECCION,SOLO_COALICIONES
1285,26,SONORA,NOGALES,,5,204,1336,470,0.35179640718562877,0.6482035928143712,PT_PVEM_MORENA_NAS,207,0.44042553191489364,16,0.03404255319148936,PAN_PRI_PRD,191,0.40638297872340423,170,0.3617021276595745,MC,21,0.04468085106382979,PT_PVEM_MORENA_NAS,207,0.44042553191489364,16,0.03404255319148936,PAN_PRI_PRD,191,0.40638297872340423,170,0.3617021276595745,MC,21,0.04468085106382979,191,0.40638297872340423,207,0.44042553191489364,21,0.04468085106382979,9,0.019148936170212766,4,0.00851063829787234,14,0.029787234042553193,0,0.0,24,0.05106382978723404,470,1.0,ORIGEN,SECCION,SOLO_COALICIONES
1286,26,SONORA,NOGALES,,5,205,4212,1196,0.2839506172839506,0.7160493827160495,PT_PVEM_MORENA_NAS,639,0.5342809364548495,259,0.2165551839464883,PAN_PRI_PRD,380,0.3177257525083612,322,0.2692307692307692,MC,58,0.048494983277591976,PT_PVEM_MORENA_NAS,639,0.5342809364548495,259,0.2165551839464883,PAN_PRI_PRD,380,0.3177257525083612,322,0.2692307692307692,MC,58,0.048494983277591976,380,0.3177257525083612,639,0.5342809364548495,58,0.048494983277591976,29,0.024247491638795988,22,0.01839464882943144,23,0.019230769230769232,1,0.0008361204013377926,44,0.03678929765886288,1196,1.0,ORIGEN,SECCION,SOLO_COALICIONES
1287,26,SONORA,NOGALES,,5,206,3951,999,0.2528473804100228,0.7471526195899771,PT_PVEM_MORENA_NAS,482,0.4824824824824825,124,0.12412412412412413,PAN_PRI_PRD,358,0.35835835835835833,304,0.30430430430430433,MC,54,0.05405405405405406,PT_PVEM_MORENA_NAS,482,0.4824824824824825,124,0.12412412412412413,PAN_PRI_PRD,358,0.35835835835835833,304,0.30430430430430433,MC,54,0.05405405405405406,358,0.35835835835835833,482,0.4824824824824825,54,0.05405405405405406,23,0.023023023023023025,23,0.023023023023023025,21,0.021021021021021023,0,0.0,38,0.03803803803803804,999,1.0,ORIGEN,SECCION,SOLO_COALICIONES
1288,26,SONORA,NOGALES,,5,207,2833,879,0.3102717966819626,0.6897282033180374,PT_PVEM_MORENA_NAS,419,0.47667804323094426,95,0.1080773606370876,PAN_PRI_PRD,324,0.36860068259385664,268,0.30489192263936293,MC,56,0.06370875995449374,PT_PVEM_MORENA_NAS,419,0.47667804323094426,95,0.1080773606370876,PAN_PRI_PRD,324,0.36860068259385664,268,0.30489192263936293,MC,56,0.06370875995449374,324,0.36860068259385664,419,0.47667804323094426,56,0.06370875995449374,21,0.023890784982935155,22,0.02502844141069397,9,0.010238907849829351,1,0.0011376564277588168,27,0.030716723549488054,879,1.0,ORIGEN,SECCION,SOLO_COALICIONES
1289,26,SONORA,NOGALES,,5,208,1295,427,0.32972972972972975,0.6702702702702703,PT_PVEM_MORENA_NAS,189,0.4426229508196721,9,0.02107728337236534,PAN_PRI_PRD,180,0.4215456674473068,161,0.3770491803278688,MC,19,0.04449648711943794,PT_PVEM_MORENA_NAS,189,0.4426229508196721,9,0.02107728337236534,PAN_PRI_PRD,180,0.4215456674473068,161,0.3770491803278688,MC,19,0.04449648711943794,180,0.4215456674473068,189,0.4426229508196721,19,0.04449648711943794,5,0.0117096018735363,7,0.01639344262295082,14,0.03278688524590164,0,0.0,13,0.03044496487119438,427,1.0,ORIGEN,SECCION,SOLO_COALICIONES
1290,26,SONORA,NOGALES,,5,209,1511,548,0.3626737260092654,0.6373262739907346,PT_PVEM_MORENA_NAS,269,0.4908759124087591,69,0.1259124087591241,PAN_PRI_PRD,200,0.36496350364963503,166,0.3029197080291971,MC,34,0.06204379562043796,PT_PVEM_MORENA_NAS,269,0.4908759124087591,69,0.1259124087591241,PAN_PRI_PRD,200,0.36496350364963503,166,0.3029197080291971,MC,34,0.06204379562043796,200,0.36496350364963503,269,0.4908759124087591,34,0.06204379562043796,9,0.016423357664233577,9,0.016423357664233577,10,0.01824817518248175,1,0.0018248175182481751,16,0.029197080291970802,548,1.0,ORIGEN,SECCION,SOLO_COALICIONES
1291,26,SONORA,NOGALES,,5,210,1906,652,0.34207764952780695,0.657922350472193,PT_PVEM_MORENA_NAS,361,0.553680981595092,160,0.24539877300613497,PAN_PRI_PRD,201,0.30828220858895705,163,0.25,MC,38,0.05828220858895705,PT_PVEM_MORENA_NAS,361,0.553680981595092,160,0.24539877300613497,PAN_PRI_PRD,201,0.30828220858895705,163,0.25,MC,38,0.05828220858895705,201,0.30828220858895705,361,0.553680981595092,38,0.05828220858895705,9,0.013803680981595092,13,0.019938650306748466,11,0.01687116564417178,0,0.0,19,0.029141104294478526,652,1.0,ORIGEN,SECCION,SOLO_COALICIONES
1292,26,SONORA,NOGALES,,5,211,1531,473,0.30894839973873284,0.6910516002612672,PAN_PRI_PRD,212,0.44820295983086683,11,0.023255813953488372,PT_PVEM_MORENA_NAS,201,0.4249471458773784,181,0.38266384778012685,MC,20,0.042283298097251586,PAN_PRI_PRD,212,0.44820295983086683,11,0.023255813953488372,PT_PVEM_MORENA_NAS,201,0.4249471458773784,181,0.38266384778012685,MC,20,0.042283298097251586,212,0.44820295983086683,201,0.4249471458773784,20,0.042283298097251586,3,0.006342494714587738,8,0.016913319238900635,9,0.019027484143763214,0,0.0,20,0.042283298097251586,473,1.0,ORIGEN,SECCION,SOLO_COALICIONES
1293,26,SONORA,NOGALES,,5,212,1365,624,0.45714285714285713,0.5428571428571429,PAN_PRI_PRD,401,0.6426282051282052,233,0.3733974358974359,PT_PVEM_MORENA_NAS,168,0.2692307692307692,139,0.22275641025641027,MC,29,0.046474358974358976,PAN_PRI_PRD,401,0.6426282051282052,233,0.3733974358974359,PT_PVEM_MORENA_NAS,168,0.2692307692307692,139,0.22275641025641027,MC,29,0.046474358974358976,401,0.6426282051282052,168,0.2692307692307692,29,0.046474358974358976,3,0.004807692307692308,15,0.02403846153846154,2,0.003205128205128205,0,0.0,6,0.009615384615384616,624,1.0,ORIGEN,SECCION,SOLO_COALICIONES
1294,26,SONORA,NOGALES,,5,213,1119,381,0.34048257372654156,0.6595174262734584,PT_PVEM_MORENA_NAS,183,0.48031496062992124,32,0.08398950131233596,PAN_PRI_PRD,151,0.3963254593175853,131,0.3438320209973753,MC,20,0.05249343832020997,PT_PVEM_MORENA_NAS,183,0.48031496062992124,32,0.08398950131233596,PAN_PRI_PRD,151,0.3963254593175853,131,0.3438320209973753,MC,20,0.05249343832020997,151,0.3963254593175853,183,0.48031496062992124,20,0.05249343832020997,5,0.013123359580052493,8,0.02099737532808399,2,0.005249343832020997,0,0.0,12,0.031496062992125984,381,1.0,ORIGEN,SECCION,SOLO_COALICIONES
1295,26,SONORA,NOGALES,,5,214,9469,2965,0.31312704615059667,0.6868729538494034,PT_PVEM_MORENA_NAS,1648,0.5558178752107926,733,0.2472175379426644,PAN_PRI_PRD,915,0.3086003372681282,768,0.2590219224283305,MC,147,0.04957841483979764,PT_PVEM_MORENA_NAS,1648,0.5558178752107926,733,0.2472175379426644,PAN_PRI_PRD,915,0.3086003372681282,768,0.2590219224283305,MC,147,0.04957841483979764,915,0.3086003372681282,1648,0.5558178752107926,147,0.04957841483979764,55,0.01854974704890388,66,0.022259696458684655,74,0.024957841483979764,2,0.0006745362563237774,58,0.019561551433389546,2965,1.0,ORIGEN,SECCION,SOLO_COALICIONES
1296,26,SONORA,NOGALES,,5,218,1918,987,0.5145985401459854,0.4854014598540146,PAN_PRI_PRD,724,0.7335359675785208,526,0.5329280648429585,PT_PVEM_MORENA_NAS,198,0.2006079027355623,162,0.1641337386018237,MC,36,0.0364741641337386,PAN_PRI_PRD,724,0.7335359675785208,526,0.5329280648429585,PT_PVEM_MORENA_NAS,198,0.2006079027355623,162,0.1641337386018237,MC,36,0.0364741641337386,724,0.7335359675785208,198,0.2006079027355623,36,0.0364741641337386,2,0.002026342451874367,12,0.0121580547112462,8,0.008105369807497468,0,0.0,7,0.0070921985815602835,987,1.0,ORIGEN,SECCION,SOLO_COALICIONES
1297,26,SONORA,NOGALES,,5,219,1213,308,0.2539159109645507,0.7460840890354493,PT_PVEM_MORENA_NAS,161,0.5227272727272727,54,0.17532467532467533,PAN_PRI_PRD,107,0.3474025974025974,87,0.2824675324675325,MC,20,0.06493506493506493,PT_PVEM_MORENA_NAS,161,0.5227272727272727,54,0.17532467532467533,PAN_PRI_PRD,107,0.3474025974025974,87,0.2824675324675325,MC,20,0.06493506493506493,107,0.3474025974025974,161,0.5227272727272727,20,0.06493506493506493,4,0.012987012987012988,4,0.012987012987012988,7,0.022727272727272728,0,0.0,5,0.016233766233766232,308,1.0,ORIGEN,SECCION,SOLO_COALICIONES
1298,26,SONORA,NOGALES,,5,220,2631,771,0.29304446978335236,0.7069555302166477,PT_PVEM_MORENA_NAS,427,0.5538261997405967,196,0.25421530479896237,PAN_PRI_PRD,231,0.29961089494163423,188,0.2438391699092088,MC,43,0.055771725032425425,PT_PVEM_MORENA_NAS,427,0.5538261997405967,196,0.25421530479896237,PAN_PRI_PRD,231,0.29961089494163423,188,0.2438391699092088,MC,43,0.055771725032425425,231,0.29961089494163423,427,0.5538261997405967,43,0.055771725032425425,18,0.023346303501945526,13,0.016861219195849545,17,0.02204928664072633,0,0.0,22,0.028534370946822308,771,1.0,ORIGEN,SECCION,SOLO_COALICIONES
1299,26,SONORA,NOGALES,,5,221,7520,2325,0.3091755319148936,0.6908244680851063,PT_PVEM_MORENA_NAS,1162,0.4997849462365591,498,0.21419354838709678,PAN_PRI_PRD,664,0.28559139784946236,505,0.2172043010752688,FxM,159,0.06838709677419355,PT_PVEM_MORENA_NAS,1162,0.4997849462365591,498,0.21419354838709678,PAN_PRI_PRD,664,0.28559139784946236,505,0.2172043010752688,FxM,159,0.06838709677419355,664,0.28559139784946236,1162,0.4997849462365591,132,0.0567741935483871,23,0.00989247311827957,97,0.04172043010752688,159,0.06838709677419355,19,0.008172043010752689,69,0.02967741935483871,2325,1.0,ORIGEN,SECCION,SOLO_COALICIONES
1300,26,SONORA,NOGALES,,5,231,1798,559,0.31090100111234703,0.689098998887653,PT_PVEM_MORENA_NAS,288,0.5152057245080501,86,0.15384615384615385,PAN_PRI_PRD,202,0.3613595706618962,170,0.3041144901610018,MC,32,0.057245080500894455,PT_PVEM_MORENA_NAS,288,0.5152057245080501,86,0.15384615384615385,PAN_PRI_PRD,202,0.3613595706618962,170,0.3041144901610018,MC,32,0.057245080500894455,202,0.3613595706618962,288,0.5152057245080501,32,0.057245080500894455,5,0.008944543828264758,10,0.017889087656529516,8,0.014311270125223614,0,0.0,14,0.025044722719141325,559,1.0,ORIGEN,SECCION,SOLO_COALICIONES
1301,26,SONORA,NOGALES,,5,1368,656,363,0.5533536585365854,0.44664634146341464,PAN_PRI_PRD,207,0.5702479338842975,91,0.25068870523415976,PT_PVEM_MORENA_NAS,116,0.31955922865013775,96,0.2644628099173554,MC,20,0.05509641873278237,PAN_PRI_PRD,207,0.5702479338842975,91,0.25068870523415976,PT_PVEM_MORENA_NAS,116,0.31955922865013775,96,0.2644628099173554,MC,20,0.05509641873278237,207,0.5702479338842975,116,0.31955922865013775,20,0.05509641873278237,4,0.011019283746556474,5,0.013774104683195593,10,0.027548209366391185,0,0.0,1,0.0027548209366391185,363,1.0,ORIGEN,SECCION,SOLO_COALICIONES
1302,26,SONORA,NOGALES,,5,1369,537,207,0.3854748603351955,0.6145251396648045,PT_PVEM_MORENA_NAS,116,0.5603864734299517,52,0.25120772946859904,PAN_PRI_PRD,64,0.30917874396135264,55,0.26570048309178745,MC,9,0.043478260869565216,PT_PVEM_MORENA_NAS,116,0.5603864734299517,52,0.25120772946859904,PAN_PRI_PRD,64,0.30917874396135264,55,0.26570048309178745,MC,9,0.043478260869565216,64,0.30917874396135264,116,0.5603864734299517,9,0.043478260869565216,3,0.014492753623188406,6,0.028985507246376812,5,0.024154589371980676,0,0.0,4,0.01932367149758454,207,1.0,ORIGEN,SECCION,SOLO_COALICIONES
1303,26,SONORA,NOGALES,,5,1370,783,301,0.384418901660281,0.615581098339719,PT_PVEM_MORENA_NAS,185,0.6146179401993356,109,0.36212624584717606,PAN_PRI_PRD,76,0.25249169435215946,55,0.18272425249169436,MC,21,0.06976744186046512,PT_PVEM_MORENA_NAS,185,0.6146179401993356,109,0.36212624584717606,PAN_PRI_PRD,76,0.25249169435215946,55,0.18272425249169436,MC,21,0.06976744186046512,76,0.25249169435215946,185,0.6146179401993356,21,0.06976744186046512,4,0.013289036544850499,5,0.016611295681063124,7,0.023255813953488372,0,0.0,3,0.009966777408637873,301,1.0,ORIGEN,SECCION,SOLO_COALICIONES
1304,26,SONORA,NOGALES,,5,1371,592,196,0.3310810810810811,0.6689189189189189,PT_PVEM_MORENA_NAS,134,0.6836734693877551,81,0.413265306122449,PAN_PRI_PRD,53,0.27040816326530615,49,0.25,RSP,4,0.02040816326530612,PT_PVEM_MORENA_NAS,134,0.6836734693877551,81,0.413265306122449,PAN_PRI_PRD,53,0.27040816326530615,49,0.25,RSP,4,0.02040816326530612,53,0.27040816326530615,134,0.6836734693877551,0,0.0,2,0.01020408163265306,4,0.02040816326530612,0,0.0,0,0.0,3,0.015306122448979591,196,1.0,ORIGEN,SECCION,SOLO_COALICIONES
1305,26,SONORA,NOGALES,,5,1372,710,256,0.36056338028169016,0.6394366197183099,PT_PVEM_MORENA_NAS,170,0.6640625,122,0.4765625,PAN_PRI_PRD,48,0.1875,36,0.140625,MC,12,0.046875,PT_PVEM_MORENA_NAS,170,0.6640625,122,0.4765625,PAN_PRI_PRD,48,0.1875,36,0.140625,MC,12,0.046875,48,0.1875,170,0.6640625,12,0.046875,4,0.015625,10,0.0390625,8,0.03125,1,0.00390625,3,0.01171875,256,1.0,ORIGEN,SECCION,SOLO_COALICIONES
1306,26,SONORA,NOGALES,,5,1373,1199,337,0.2810675562969141,0.718932443703086,PT_PVEM_MORENA_NAS,226,0.6706231454005934,162,0.4807121661721068,PAN_PRI_PRD,64,0.18991097922848665,43,0.12759643916913946,MC,21,0.06231454005934718,PT_PVEM_MORENA_NAS,226,0.6706231454005934,162,0.4807121661721068,PAN_PRI_PRD,64,0.18991097922848665,43,0.12759643916913946,MC,21,0.06231454005934718,64,0.18991097922848665,226,0.6706231454005934,21,0.06231454005934718,5,0.01483679525222552,4,0.011869436201780416,8,0.02373887240356083,0,0.0,9,0.026706231454005934,337,1.0,ORIGEN,SECCION,SOLO_COALICIONES
1307,26,SONORA,NOGALES,,5,1374,409,131,0.3202933985330073,0.6797066014669927,PT_PVEM_MORENA_NAS,79,0.6030534351145038,48,0.366412213740458,PAN_PRI_PRD,31,0.2366412213740458,24,0.183206106870229,MC,7,0.05343511450381679,PT_PVEM_MORENA_NAS,79,0.6030534351145038,48,0.366412213740458,PAN_PRI_PRD,31,0.2366412213740458,24,0.183206106870229,MC,7,0.05343511450381679,31,0.2366412213740458,79,0.6030534351145038,7,0.05343511450381679,6,0.04580152671755725,3,0.022900763358778626,0,0.0,0,0.0,5,0.03816793893129771,131,1.0,ORIGEN,SECCION,SOLO_COALICIONES
1308,26,SONORA,NOGALES,,5,1375,630,172,0.273015873015873,0.7269841269841271,PT_PVEM_MORENA_NAS,111,0.6453488372093024,62,0.36046511627906974,PAN_PRI_PRD,49,0.28488372093023256,45,0.2616279069767442,MC,4,0.023255813953488372,PT_PVEM_MORENA_NAS,111,0.6453488372093024,62,0.36046511627906974,PAN_PRI_PRD,49,0.28488372093023256,45,0.2616279069767442,MC,4,0.023255813953488372,49,0.28488372093023256,111,0.6453488372093024,4,0.023255813953488372,1,0.005813953488372093,3,0.01744186046511628,2,0.011627906976744186,0,0.0,2,0.011627906976744186,172,1.0,ORIGEN,SECCION,SOLO_COALICIONES
1309,26,SONORA,NOGALES,,5,1376,1232,379,0.30762987012987014,0.6923701298701299,PT_PVEM_MORENA_NAS,237,0.6253298153034301,145,0.38258575197889183,PAN_PRI_PRD,92,0.24274406332453827,67,0.17678100263852242,MC,25,0.06596306068601583,PT_PVEM_MORENA_NAS,237,0.6253298153034301,145,0.38258575197889183,PAN_PRI_PRD,92,0.24274406332453827,67,0.17678100263852242,MC,25,0.06596306068601583,92,0.24274406332453827,237,0.6253298153034301,25,0.06596306068601583,7,0.018469656992084433,10,0.026385224274406333,5,0.013192612137203167,0,0.0,3,0.0079155672823219,379,1.0,ORIGEN,SECCION,SOLO_COALICIONES
1310,26,SONORA,NOGALES,,5,1377,1537,451,0.2934287573194535,0.7065712426805465,PT_PVEM_MORENA_NAS,280,0.6208425720620843,161,0.35698447893569846,PAN_PRI_PRD,119,0.2638580931263858,98,0.21729490022172948,MC,21,0.04656319290465632,PT_PVEM_MORENA_NAS,280,0.6208425720620843,161,0.35698447893569846,PAN_PRI_PRD,119,0.2638580931263858,98,0.21729490022172948,MC,21,0.04656319290465632,119,0.2638580931263858,280,0.6208425720620843,21,0.04656319290465632,14,0.031042128603104215,1,0.0022172949002217295,6,0.013303769401330377,1,0.0022172949002217295,9,0.019955654101995565,451,1.0,ORIGEN,SECCION,SOLO_COALICIONES
1311,26,SONORA,ONAVAS,,21,1306,814,660,0.8108108108108109,0.18918918918918914,PT_PVEM_MORENA_NAS,292,0.44242424242424244,94,0.14242424242424243,PAN_PRI_PRD,198,0.3,64,0.09696969696969697,MC,134,0.20303030303030303,PT_PVEM_MORENA_NAS,292,0.44242424242424244,94,0.14242424242424243,PAN_PRI_PRD,198,0.3,64,0.09696969696969697,MC,134,0.20303030303030303,198,0.3,292,0.44242424242424244,134,0.20303030303030303,3,0.004545454545454545,2,0.0030303030303030303,2,0.0030303030303030303,0,0.0,29,0.04393939393939394,660,1.0,ORIGEN,SECCION,SOLO_COALICIONES
1312,26,SONORA,OPODEPE,,18,620,402,267,0.664179104477612,0.33582089552238803,PT_PVEM_MORENA_NAS,141,0.5280898876404494,52,0.1947565543071161,PAN_PRI_PRD,89,0.3333333333333333,77,0.2883895131086142,MC,12,0.0449438202247191,PT_PVEM_MORENA_NAS,141,0.5280898876404494,52,0.1947565543071161,PAN_PRI_PRD,89,0.3333333333333333,77,0.2883895131086142,MC,12,0.0449438202247191,89,0.3333333333333333,141,0.5280898876404494,12,0.0449438202247191,5,0.018726591760299626,2,0.00749063670411985,4,0.0149812734082397,0,0.0,14,0.052434456928838954,267,1.0,ORIGEN,SECCION,SOLO_COALICIONES
1313,26,SONORA,OPODEPE,,18,621,1097,744,0.6782133090246126,0.32178669097538737,PT_PVEM_MORENA_NAS,276,0.3709677419354839,45,0.06048387096774194,PAN_PRI_PRD,231,0.31048387096774194,50,0.06720430107526881,MC,181,0.24327956989247312,PT_PVEM_MORENA_NAS,276,0.3709677419354839,45,0.06048387096774194,PAN_PRI_PRD,231,0.31048387096774194,50,0.06720430107526881,MC,181,0.24327956989247312,231,0.31048387096774194,276,0.3709677419354839,181,0.24327956989247312,6,0.008064516129032258,2,0.002688172043010753,6,0.008064516129032258,0,0.0,42,0.056451612903225805,744,1.0,ORIGEN,SECCION,SOLO_COALICIONES
1314,26,SONORA,OPODEPE,,18,622,328,247,0.7530487804878049,0.24695121951219512,PT_PVEM_MORENA_NAS,88,0.3562753036437247,18,0.0728744939271255,PAN_PRI_PRD,70,0.2834008097165992,4,0.016194331983805668,MC,66,0.26720647773279355,PT_PVEM_MORENA_NAS,88,0.3562753036437247,18,0.0728744939271255,PAN_PRI_PRD,70,0.2834008097165992,4,0.016194331983805668,MC,66,0.26720647773279355,70,0.2834008097165992,88,0.3562753036437247,66,0.26720647773279355,3,0.012145748987854251,3,0.012145748987854251,2,0.008097165991902834,0,0.0,15,0.06072874493927125,247,1.0,ORIGEN,SECCION,SOLO_COALICIONES
1315,26,SONORA,OPODEPE,,18,623,130,109,0.8384615384615385,0.16153846153846152,PT_PVEM_MORENA_NAS,56,0.5137614678899083,29,0.26605504587155965,PAN_PRI_PRD,27,0.24770642201834864,14,0.12844036697247707,MC,13,0.11926605504587157,PT_PVEM_MORENA_NAS,56,0.5137614678899083,29,0.26605504587155965,PAN_PRI_PRD,27,0.24770642201834864,14,0.12844036697247707,MC,13,0.11926605504587157,27,0.24770642201834864,56,0.5137614678899083,13,0.11926605504587157,1,0.009174311926605505,1,0.009174311926605505,2,0.01834862385321101,0,0.0,9,0.08256880733944955,109,1.0,ORIGEN,SECCION,SOLO_COALICIONES
1316,26,SONORA,OPODEPE,,18,624,168,133,0.7916666666666666,0.20833333333333337,PT_PVEM_MORENA_NAS,69,0.518796992481203,35,0.2631578947368421,PAN_PRI_PRD,34,0.2556390977443609,27,0.20300751879699247,MC,7,0.05263157894736842,PT_PVEM_MORENA_NAS,69,0.518796992481203,35,0.2631578947368421,PAN_PRI_PRD,34,0.2556390977443609,27,0.20300751879699247,MC,7,0.05263157894736842,34,0.2556390977443609,69,0.518796992481203,7,0.05263157894736842,3,0.022556390977443608,2,0.015037593984962405,0,0.0,0,0.0,18,0.13533834586466165,133,1.0,ORIGEN,SECCION,SOLO_COALICIONES
1317,26,SONORA,OQUITOA,,3,232,444,384,0.8648648648648649,0.1351351351351351,PAN_PRI_PRD,187,0.4869791666666667,9,0.0234375,PT_PVEM_MORENA_NAS,178,0.4635416666666667,176,0.4583333333333333,MC,2,0.005208333333333333,PAN_PRI_PRD,187,0.4869791666666667,9,0.0234375,PT_PVEM_MORENA_NAS,178,0.4635416666666667,176,0.4583333333333333,MC,2,0.005208333333333333,187,0.4869791666666667,178,0.4635416666666667,2,0.005208333333333333,1,0.0026041666666666665,2,0.005208333333333333,1,0.0026041666666666665,0,0.0,13,0.033854166666666664,384,1.0,ORIGEN,SECCION,SOLO_COALICIONES
1318,26,SONORA,PITIQUITO,,3,625,1933,1164,0.6021727884117951,0.3978272115882049,PT_PVEM_MORENA_NAS,593,0.5094501718213058,192,0.16494845360824742,PAN_PRI_PRD,401,0.3445017182130584,329,0.28264604810996563,FxM,72,0.061855670103092786,PT_PVEM_MORENA_NAS,593,0.5094501718213058,192,0.16494845360824742,PAN_PRI_PRD,401,0.3445017182130584,329,0.28264604810996563,FxM,72,0.061855670103092786,401,0.3445017182130584,593,0.5094501718213058,47,0.040378006872852236,10,0.00859106529209622,7,0.006013745704467354,72,0.061855670103092786,1,0.000859106529209622,33,0.028350515463917526,1164,1.0,ORIGEN,SECCION,SOLO_COALICIONES
1319,26,SONORA,PITIQUITO,,3,626,963,600,0.6230529595015576,0.3769470404984424,PT_PVEM_MORENA_NAS,294,0.49,43,0.07166666666666667,PAN_PRI_PRD,251,0.41833333333333333,222,0.37,MC,29,0.04833333333333333,PT_PVEM_MORENA_NAS,294,0.49,43,0.07166666666666667,PAN_PRI_PRD,251,0.41833333333333333,222,0.37,MC,29,0.04833333333333333,251,0.41833333333333333,294,0.49,29,0.04833333333333333,1,0.0016666666666666668,3,0.005,13,0.021666666666666667,0,0.0,9,0.015,600,1.0,ORIGEN,SECCION,SOLO_COALICIONES
1320,26,SONORA,PITIQUITO,,3,629,1406,803,0.5711237553342816,0.4288762446657184,PT_PVEM_MORENA_NAS,606,0.7546699875466999,470,0.5853051058530511,PAN_PRI_PRD,136,0.16936488169364883,116,0.1444582814445828,MC,20,0.024906600249066,PT_PVEM_MORENA_NAS,606,0.7546699875466999,470,0.5853051058530511,PAN_PRI_PRD,136,0.16936488169364883,116,0.1444582814445828,MC,20,0.024906600249066,136,0.16936488169364883,606,0.7546699875466999,20,0.024906600249066,6,0.007471980074719801,8,0.009962640099626401,16,0.019925280199252802,1,0.0012453300124533001,10,0.012453300124533,803,1.0,ORIGEN,SECCION,SOLO_COALICIONES
1321,26,SONORA,PITIQUITO,,3,630,252,181,0.7182539682539683,0.28174603174603174,PT_PVEM_MORENA_NAS,127,0.7016574585635359,91,0.5027624309392266,PAN_PRI_PRD,36,0.19889502762430938,32,0.17679558011049723,MC,4,0.022099447513812154,PT_PVEM_MORENA_NAS,127,0.7016574585635359,91,0.5027624309392266,PAN_PRI_PRD,36,0.19889502762430938,32,0.17679558011049723,MC,4,0.022099447513812154,36,0.19889502762430938,127,0.7016574585635359,4,0.022099447513812154,0,0.0,3,0.016574585635359115,2,0.011049723756906077,0,0.0,9,0.049723756906077346,181,1.0,ORIGEN,SECCION,SOLO_COALICIONES
1322,26,SONORA,PITIQUITO,,3,1366,810,428,0.528395061728395,0.471604938271605,PT_PVEM_MORENA_NAS,216,0.5046728971962616,64,0.14953271028037382,PAN_PRI_PRD,152,0.35514018691588783,132,0.308411214953271,MC,20,0.04672897196261682,PT_PVEM_MORENA_NAS,216,0.5046728971962616,64,0.14953271028037382,PAN_PRI_PRD,152,0.35514018691588783,132,0.308411214953271,MC,20,0.04672897196261682,152,0.35514018691588783,216,0.5046728971962616,20,0.04672897196261682,3,0.007009345794392523,6,0.014018691588785047,16,0.037383177570093455,0,0.0,15,0.035046728971962614,428,1.0,ORIGEN,SECCION,SOLO_COALICIONES
1323,26,SONORA,PITIQUITO,,3,1367,854,523,0.6124121779859485,0.3875878220140515,PT_PVEM_MORENA_NAS,244,0.4665391969407266,17,0.032504780114722756,PAN_PRI_PRD,227,0.4340344168260038,212,0.40535372848948376,MC,15,0.028680688336520075,PT_PVEM_MORENA_NAS,244,0.4665391969407266,17,0.032504780114722756,PAN_PRI_PRD,227,0.4340344168260038,212,0.40535372848948376,MC,15,0.028680688336520075,227,0.4340344168260038,244,0.4665391969407266,15,0.028680688336520075,3,0.0057361376673040155,1,0.0019120458891013384,15,0.028680688336520075,0,0.0,18,0.03441682600382409,523,1.0,ORIGEN,SECCION,SOLO_COALICIONES
1324,26,SONORA,PUERTO PENASCO,,2,631,3463,1511,0.436326884204447,0.563673115795553,PT_PVEM_MORENA_NAS,698,0.4619457313037723,347,0.22964923891462607,PAN_PRI_PRD,351,0.23229649238914626,177,0.1171409662475182,FxM,174,0.11515552614162806,PT_PVEM_MORENA_NAS,698,0.4619457313037723,347,0.22964923891462607,PAN_PRI_PRD,351,0.23229649238914626,177,0.1171409662475182,FxM,174,0.11515552614162806,351,0.23229649238914626,698,0.4619457313037723,32,0.021178027796161483,96,0.06353408338848444,111,0.07346128391793515,174,0.11515552614162806,2,0.0013236267372600927,47,0.031105228325612178,1511,1.0,ORIGEN,SECCION,SOLO_COALICIONES
1325,26,SONORA,PUERTO PENASCO,,2,632,4150,1717,0.41373493975903614,0.5862650602409638,PT_PVEM_MORENA_NAS,900,0.52417006406523,402,0.23412929528246942,PAN_PRI_PRD,498,0.29004076878276064,335,0.19510774606872452,PES,163,0.09493302271403611,PT_PVEM_MORENA_NAS,900,0.52417006406523,402,0.23412929528246942,PAN_PRI_PRD,498,0.29004076878276064,335,0.19510774606872452,PES,163,0.09493302271403611,498,0.29004076878276064,900,0.52417006406523,38,0.0221316249271986,163,0.09493302271403611,18,0.010483401281304601,33,0.0192195690157251,1,0.0005824111822947001,66,0.0384391380314502,1717,1.0,ORIGEN,SECCION,SOLO_COALICIONES
1326,26,SONORA,PUERTO PENASCO,,2,633,1200,566,0.4716666666666667,0.5283333333333333,PT_PVEM_MORENA_NAS,270,0.47703180212014135,52,0.09187279151943463,PAN_PRI_PRD,218,0.38515901060070673,190,0.33568904593639576,PES,28,0.04946996466431095,PT_PVEM_MORENA_NAS,270,0.47703180212014135,52,0.09187279151943463,PAN_PRI_PRD,218,0.38515901060070673,190,0.33568904593639576,PES,28,0.04946996466431095,218,0.38515901060070673,270,0.47703180212014135,19,0.03356890459363958,28,0.04946996466431095,2,0.0035335689045936395,12,0.02120141342756184,5,0.0088339222614841,12,0.02120141342756184,566,1.0,ORIGEN,SECCION,SOLO_COALICIONES
1327,26,SONORA,PUERTO PENASCO,,2,634,5697,2241,0.3933649289099526,0.6066350710900474,PT_PVEM_MORENA_NAS,1181,0.5269968763944668,462,0.20615796519410978,PAN_PRI_PRD,719,0.32083891120035696,558,0.24899598393574296,PES,161,0.07184292726461401,PT_PVEM_MORENA_NAS,1181,0.5269968763944668,462,0.20615796519410978,PAN_PRI_PRD,719,0.32083891120035696,558,0.24899598393574296,PES,161,0.07184292726461401,719,0.32083891120035696,1181,0.5269968763944668,67,0.02989736724676484,161,0.07184292726461401,7,0.0031236055332440876,38,0.016956715751896476,3,0.0013386880856760374,65,0.02900490852298081,2241,1.0,ORIGEN,SECCION,SOLO_COALICIONES
1328,26,SONORA,PUERTO PENASCO,,2,635,1207,557,0.4614747307373654,0.5385252692626346,PT_PVEM_MORENA_NAS,300,0.5385996409335727,135,0.24236983842010773,PAN_PRI_PRD,165,0.296229802513465,125,0.2244165170556553,PES,40,0.0718132854578097,PT_PVEM_MORENA_NAS,300,0.5385996409335727,135,0.24236983842010773,PAN_PRI_PRD,165,0.296229802513465,125,0.2244165170556553,PES,40,0.0718132854578097,165,0.296229802513465,300,0.5385996409335727,18,0.03231597845601436,40,0.0718132854578097,4,0.00718132854578097,14,0.025134649910233394,0,0.0,16,0.02872531418312388,557,1.0,ORIGEN,SECCION,SOLO_COALICIONES
1329,26,SONORA,PUERTO PENASCO,,2,636,1579,1410,0.8929702343255225,0.10702976567447753,PT_PVEM_MORENA_NAS,628,0.4453900709219858,1,0.0007092198581560284,PAN_PRI_PRD,627,0.44468085106382976,568,0.40283687943262414,PES,59,0.04184397163120567,PT_PVEM_MORENA_NAS,628,0.4453900709219858,1,0.0007092198581560284,PAN_PRI_PRD,627,0.44468085106382976,568,0.40283687943262414,PES,59,0.04184397163120567,627,0.44468085106382976,628,0.4453900709219858,31,0.02198581560283688,59,0.04184397163120567,4,0.0028368794326241137,25,0.01773049645390071,1,0.0007092198581560284,35,0.024822695035460994,1410,1.0,ORIGEN,SECCION,SOLO_COALICIONES
1330,26,SONORA,PUERTO PENASCO,,2,637,1220,644,0.5278688524590164,0.4721311475409836,PT_PVEM_MORENA_NAS,331,0.5139751552795031,110,0.17080745341614906,PAN_PRI_PRD,221,0.34316770186335405,180,0.2795031055900621,PES,41,0.06366459627329192,PT_PVEM_MORENA_NAS,331,0.5139751552795031,110,0.17080745341614906,PAN_PRI_PRD,221,0.34316770186335405,180,0.2795031055900621,PES,41,0.06366459627329192,221,0.34316770186335405,331,0.5139751552795031,27,0.04192546583850932,41,0.06366459627329192,3,0.004658385093167702,8,0.012422360248447204,0,0.0,13,0.020186335403726708,644,1.0,ORIGEN,SECCION,SOLO_COALICIONES
1331,26,SONORA,PUERTO PENASCO,,2,638,15235,5929,0.3891696750902527,0.6108303249097473,PT_PVEM_MORENA_NAS,3097,0.5223477820880418,1322,0.22297183336144374,PAN_PRI_PRD,1775,0.29937594872659806,1386,0.23376623376623376,PES,389,0.06560971496036432,PT_PVEM_MORENA_NAS,3097,0.5223477820880418,1322,0.22297183336144374,PAN_PRI_PRD,1775,0.29937594872659806,1386,0.23376623376623376,PES,389,0.06560971496036432,1775,0.29937594872659806,3097,0.5223477820880418,127,0.021420138303255187,389,0.06560971496036432,119,0.020070838252656435,258,0.043514926631809746,3,0.0005059875189745319,161,0.02715466351829988,5929,1.0,ORIGEN,SECCION,SOLO_COALICIONES
1332,26,SONORA,PUERTO PENASCO,,2,639,1064,526,0.4943609022556391,0.5056390977443609,PT_PVEM_MORENA_NAS,258,0.49049429657794674,65,0.12357414448669202,PAN_PRI_PRD,193,0.3669201520912547,170,0.3231939163498099,PES,23,0.043726235741444866,PT_PVEM_MORENA_NAS,258,0.49049429657794674,65,0.12357414448669202,PAN_PRI_PRD,193,0.3669201520912547,170,0.3231939163498099,PES,23,0.043726235741444866,193,0.3669201520912547,258,0.49049429657794674,18,0.034220532319391636,23,0.043726235741444866,0,0.0,16,0.030418250950570342,2,0.0038022813688212928,16,0.030418250950570342,526,1.0,ORIGEN,SECCION,SOLO_COALICIONES
1333,26,SONORA,PUERTO PENASCO,,2,640,1062,517,0.4868173258003766,0.5131826741996234,PT_PVEM_MORENA_NAS,269,0.5203094777562862,87,0.16827852998065765,PAN_PRI_PRD,182,0.3520309477756286,143,0.2765957446808511,PES,39,0.07543520309477757,PT_PVEM_MORENA_NAS,269,0.5203094777562862,87,0.16827852998065765,PAN_PRI_PRD,182,0.3520309477756286,143,0.2765957446808511,PES,39,0.07543520309477757,182,0.3520309477756286,269,0.5203094777562862,11,0.02127659574468085,39,0.07543520309477757,4,0.007736943907156673,5,0.009671179883945842,0,0.0,7,0.013539651837524178,517,1.0,ORIGEN,SECCION,SOLO_COALICIONES
1334,26,SONORA,PUERTO PENASCO,,2,641,1094,557,0.5091407678244972,0.49085923217550276,PT_PVEM_MORENA_NAS,240,0.43087971274685816,8,0.01436265709156194,PAN_PRI_PRD,232,0.41651705565529623,205,0.36804308797127466,PES,27,0.04847396768402154,PT_PVEM_MORENA_NAS,240,0.43087971274685816,8,0.01436265709156194,PAN_PRI_PRD,232,0.41651705565529623,205,0.36804308797127466,PES,27,0.04847396768402154,232,0.41651705565529623,240,0.43087971274685816,18,0.03231597845601436,27,0.04847396768402154,4,0.00718132854578097,17,0.03052064631956912,2,0.003590664272890485,17,0.03052064631956912,557,1.0,ORIGEN,SECCION,SOLO_COALICIONES
1335,26,SONORA,PUERTO PENASCO,,2,642,1326,642,0.4841628959276018,0.5158371040723981,PT_PVEM_MORENA_NAS,367,0.5716510903426791,188,0.29283489096573206,PAN_PRI_PRD,179,0.278816199376947,143,0.22274143302180685,PES,36,0.056074766355140186,PT_PVEM_MORENA_NAS,367,0.5716510903426791,188,0.29283489096573206,PAN_PRI_PRD,179,0.278816199376947,143,0.22274143302180685,PES,36,0.056074766355140186,179,0.278816199376947,367,0.5716510903426791,27,0.04205607476635514,36,0.056074766355140186,4,0.006230529595015576,11,0.017133956386292833,0,0.0,18,0.028037383177570093,642,1.0,ORIGEN,SECCION,SOLO_COALICIONES
1336,26,SONORA,PUERTO PENASCO,,2,643,1495,719,0.4809364548494983,0.5190635451505017,PT_PVEM_MORENA_NAS,392,0.545201668984701,174,0.24200278164116829,PAN_PRI_PRD,218,0.3031988873435327,168,0.2336578581363004,PES,50,0.06954102920723226,PT_PVEM_MORENA_NAS,392,0.545201668984701,174,0.24200278164116829,PAN_PRI_PRD,218,0.3031988873435327,168,0.2336578581363004,PES,50,0.06954102920723226,218,0.3031988873435327,392,0.545201668984701,15,0.02086230876216968,50,0.06954102920723226,5,0.006954102920723227,11,0.015299026425591099,1,0.0013908205841446453,27,0.037552155771905425,719,1.0,ORIGEN,SECCION,SOLO_COALICIONES
1337,26,SONORA,PUERTO PENASCO,,2,644,4276,1746,0.40832553788587467,0.5916744621141253,PT_PVEM_MORENA_NAS,909,0.520618556701031,422,0.24169530355097366,PAN_PRI_PRD,487,0.2789232531500573,322,0.18442153493699887,PES,165,0.09450171821305842,PT_PVEM_MORENA_NAS,909,0.520618556701031,422,0.24169530355097366,PAN_PRI_PRD,487,0.2789232531500573,322,0.18442153493699887,PES,165,0.09450171821305842,487,0.2789232531500573,909,0.520618556701031,65,0.03722794959908362,165,0.09450171821305842,9,0.005154639175257732,36,0.020618556701030927,0,0.0,75,0.0429553264604811,1746,1.0,ORIGEN,SECCION,SOLO_COALICIONES
1338,26,SONORA,PUERTO PENASCO,,2,645,1377,715,0.5192447349310094,0.4807552650689906,PT_PVEM_MORENA_NAS,397,0.5552447552447553,194,0.27132867132867133,PAN_PRI_PRD,203,0.2839160839160839,146,0.2041958041958042,PES,57,0.07972027972027972,PT_PVEM_MORENA_NAS,397,0.5552447552447553,194,0.27132867132867133,PAN_PRI_PRD,203,0.2839160839160839,146,0.2041958041958042,PES,57,0.07972027972027972,203,0.2839160839160839,397,0.5552447552447553,17,0.023776223776223775,57,0.07972027972027972,4,0.005594405594405594,13,0.01818181818181818,0,0.0,24,0.033566433566433566,715,1.0,ORIGEN,SECCION,SOLO_COALICIONES
1339,26,SONORA,PUERTO PENASCO,,2,646,1534,817,0.5325945241199479,0.4674054758800521,PT_PVEM_MORENA_NAS,375,0.4589963280293758,36,0.044063647490820076,PAN_PRI_PRD,339,0.4149326805385557,298,0.36474908200734396,PES,41,0.05018359853121175,PT_PVEM_MORENA_NAS,375,0.4589963280293758,36,0.044063647490820076,PAN_PRI_PRD,339,0.4149326805385557,298,0.36474908200734396,PES,41,0.05018359853121175,339,0.4149326805385557,375,0.4589963280293758,24,0.02937576499388005,41,0.05018359853121175,3,0.0036719706242350062,18,0.022031823745410038,2,0.0024479804161566705,15,0.01835985312117503,817,1.0,ORIGEN,SECCION,SOLO_COALICIONES
1340,26,SONORA,PUERTO PENASCO,,2,647,276,158,0.572463768115942,0.427536231884058,PT_PVEM_MORENA_NAS,72,0.45569620253164556,4,0.02531645569620253,PAN_PRI_PRD,68,0.43037974683544306,59,0.37341772151898733,PES,9,0.056962025316455694,PT_PVEM_MORENA_NAS,72,0.45569620253164556,4,0.02531645569620253,PAN_PRI_PRD,68,0.43037974683544306,59,0.37341772151898733,PES,9,0.056962025316455694,68,0.43037974683544306,72,0.45569620253164556,2,0.012658227848101266,9,0.056962025316455694,0,0.0,0,0.0,0,0.0,7,0.04430379746835443,158,1.0,ORIGEN,SECCION,SOLO_COALICIONES
1341,26,SONORA,PUERTO PENASCO,,2,648,1987,831,0.41821841972823354,0.5817815802717665,PT_PVEM_MORENA_NAS,427,0.5138387484957883,127,0.15282791817087846,PAN_PRI_PRD,300,0.36101083032490977,256,0.30806257521058966,PES,44,0.052948255114320095,PT_PVEM_MORENA_NAS,427,0.5138387484957883,127,0.15282791817087846,PAN_PRI_PRD,300,0.36101083032490977,256,0.30806257521058966,PES,44,0.052948255114320095,300,0.36101083032490977,427,0.5138387484957883,22,0.026474127557160047,44,0.052948255114320095,4,0.0048134777376654635,15,0.018050541516245487,0,0.0,19,0.02286401925391095,831,1.0,ORIGEN,SECCION,SOLO_COALICIONES
1342,26,SONORA,QUIRIEGO,,21,1307,1777,1318,0.7416994935284187,0.2583005064715813,PT_PVEM_MORENA_NAS,664,0.503793626707132,396,0.30045523520485584,PAN_PRI_PRD,268,0.20333839150227617,6,0.004552352048558422,RSP,262,0.19878603945371776,PT_PVEM_MORENA_NAS,664,0.503793626707132,396,0.30045523520485584,PAN_PRI_PRD,268,0.20333839150227617,6,0.004552352048558422,RSP,262,0.19878603945371776,268,0.20333839150227617,664,0.503793626707132,38,0.028831562974203338,34,0.025796661608497723,262,0.19878603945371776,12,0.009104704097116844,0,0.0,40,0.030349013657056147,1318,1.0,ORIGEN,SECCION,SOLO_COALICIONES
1343,26,SONORA,QUIRIEGO,,21,1308,1100,785,0.7136363636363636,0.2863636363636364,PT_PVEM_MORENA_NAS,383,0.4878980891719745,178,0.2267515923566879,PAN_PRI_PRD,205,0.2611464968152866,123,0.15668789808917197,RSP,82,0.10445859872611465,PT_PVEM_MORENA_NAS,383,0.4878980891719745,178,0.2267515923566879,PAN_PRI_PRD,205,0.2611464968152866,123,0.15668789808917197,RSP,82,0.10445859872611465,205,0.2611464968152866,383,0.4878980891719745,20,0.025477707006369428,25,0.03184713375796178,82,0.10445859872611465,31,0.03949044585987261,0,0.0,39,0.049681528662420385,785,1.0,ORIGEN,SECCION,SOLO_COALICIONES
1344,26,SONORA,QUIRIEGO,,21,1309,484,360,0.743801652892562,0.25619834710743805,PT_PVEM_MORENA_NAS,163,0.4527777777777778,67,0.18611111111111112,RSP,96,0.26666666666666666,17,0.04722222222222222,PAN_PRI_PRD,79,0.21944444444444444,PT_PVEM_MORENA_NAS,163,0.4527777777777778,67,0.18611111111111112,RSP,96,0.26666666666666666,17,0.04722222222222222,PAN_PRI_PRD,79,0.21944444444444444,79,0.21944444444444444,163,0.4527777777777778,3,0.008333333333333333,4,0.011111111111111112,96,0.26666666666666666,6,0.016666666666666666,0,0.0,9,0.025,360,1.0,ORIGEN,SECCION,SOLO_COALICIONES
1345,26,SONORA,RAYON,,18,649,685,472,0.689051094890511,0.310948905109489,PAN_PRI_PRD,235,0.4978813559322034,39,0.0826271186440678,PT_PVEM_MORENA_NAS,196,0.4152542372881356,188,0.3983050847457627,MC,8,0.01694915254237288,PAN_PRI_PRD,235,0.4978813559322034,39,0.0826271186440678,PT_PVEM_MORENA_NAS,196,0.4152542372881356,188,0.3983050847457627,MC,8,0.01694915254237288,235,0.4978813559322034,196,0.4152542372881356,8,0.01694915254237288,4,0.00847457627118644,1,0.00211864406779661,2,0.00423728813559322,0,0.0,26,0.05508474576271186,472,1.0,ORIGEN,SECCION,SOLO_COALICIONES
1346,26,SONORA,RAYON,,18,650,1286,893,0.6944012441679627,0.3055987558320373,PT_PVEM_MORENA_NAS,460,0.5151175811870101,115,0.12877939529675253,PAN_PRI_PRD,345,0.38633818589025753,333,0.3729003359462486,MC,12,0.013437849944008958,PT_PVEM_MORENA_NAS,460,0.5151175811870101,115,0.12877939529675253,PAN_PRI_PRD,345,0.38633818589025753,333,0.3729003359462486,MC,12,0.013437849944008958,345,0.38633818589025753,460,0.5151175811870101,12,0.013437849944008958,3,0.0033594624860022394,7,0.007838745800671893,8,0.008958566629339306,0,0.0,58,0.06494960806270997,893,1.0,ORIGEN,SECCION,SOLO_COALICIONES
1347,26,SONORA,ROSARIO,,21,1310,1575,1064,0.6755555555555556,0.3244444444444444,PT_PVEM_MORENA_NAS,413,0.3881578947368421,161,0.1513157894736842,PAN_PRI_PRD,252,0.23684210526315788,43,0.040413533834586464,FxM,209,0.19642857142857142,PT_PVEM_MORENA_NAS,413,0.3881578947368421,161,0.1513157894736842,PAN_PRI_PRD,252,0.23684210526315788,43,0.040413533834586464,FxM,209,0.19642857142857142,252,0.23684210526315788,413,0.3881578947368421,20,0.018796992481203006,4,0.0037593984962406013,117,0.1099624060150376,209,0.19642857142857142,0,0.0,49,0.046052631578947366,1064,1.0,ORIGEN,SECCION,SOLO_COALICIONES
1348,26,SONORA,ROSARIO,,21,1311,1760,1067,0.60625,0.39375000000000004,PT_PVEM_MORENA_NAS,534,0.5004686035613871,112,0.1049671977507029,PAN_PRI_PRD,422,0.39550140581068416,393,0.3683223992502343,MC,29,0.02717900656044986,PT_PVEM_MORENA_NAS,534,0.5004686035613871,112,0.1049671977507029,PAN_PRI_PRD,422,0.39550140581068416,393,0.3683223992502343,MC,29,0.02717900656044986,422,0.39550140581068416,534,0.5004686035613871,29,0.02717900656044986,6,0.005623242736644799,7,0.006560449859418931,24,0.022492970946579195,0,0.0,45,0.04217432052483599,1067,1.0,ORIGEN,SECCION,SOLO_COALICIONES
1349,26,SONORA,ROSARIO,,21,1313,304,153,0.5032894736842105,0.4967105263157895,PT_PVEM_MORENA_NAS,93,0.6078431372549019,55,0.35947712418300654,PAN_PRI_PRD,38,0.24836601307189543,32,0.20915032679738563,MC,6,0.0392156862745098,PT_PVEM_MORENA_NAS,93,0.6078431372549019,55,0.35947712418300654,PAN_PRI_PRD,38,0.24836601307189543,32,0.20915032679738563,MC,6,0.0392156862745098,38,0.24836601307189543,93,0.6078431372549019,6,0.0392156862745098,3,0.0196078431372549,3,0.0196078431372549,2,0.013071895424836602,0,0.0,8,0.05228758169934641,153,1.0,ORIGEN,SECCION,SOLO_COALICIONES
1350,26,SONORA,ROSARIO,,21,1314,827,522,0.6311970979443773,0.3688029020556227,PT_PVEM_MORENA_NAS,319,0.6111111111111112,182,0.3486590038314176,PAN_PRI_PRD,137,0.2624521072796935,121,0.23180076628352492,MC,16,0.03065134099616858,PT_PVEM_MORENA_NAS,319,0.6111111111111112,182,0.3486590038314176,PAN_PRI_PRD,137,0.2624521072796935,121,0.23180076628352492,MC,16,0.03065134099616858,137,0.2624521072796935,319,0.6111111111111112,16,0.03065134099616858,4,0.007662835249042145,4,0.007662835249042145,11,0.0210727969348659,0,0.0,31,0.05938697318007663,522,1.0,ORIGEN,SECCION,SOLO_COALICIONES
1351,26,SONORA,ROSARIO,,21,1315,318,133,0.41823899371069184,0.5817610062893082,PAN_PRI_PRD,64,0.48120300751879697,35,0.2631578947368421,FxM,29,0.21804511278195488,9,0.06766917293233082,PT_PVEM_MORENA_NAS,20,0.15037593984962405,PAN_PRI_PRD,64,0.48120300751879697,35,0.2631578947368421,FxM,29,0.21804511278195488,9,0.06766917293233082,PT_PVEM_MORENA_NAS,20,0.15037593984962405,64,0.48120300751879697,20,0.15037593984962405,10,0.07518796992481203,1,0.007518796992481203,1,0.007518796992481203,29,0.21804511278195488,0,0.0,8,0.06015037593984962,133,1.0,ORIGEN,SECCION,SOLO_COALICIONES
1352,26,SONORA,SAHUARIPA,,18,233,1507,906,0.6011944260119443,0.3988055739880557,PT_PVEM_MORENA_NAS,418,0.4613686534216336,15,0.016556291390728478,PAN_PRI_PRD,403,0.4448123620309051,385,0.4249448123620309,MC,18,0.019867549668874173,PT_PVEM_MORENA_NAS,418,0.4613686534216336,15,0.016556291390728478,PAN_PRI_PRD,403,0.4448123620309051,385,0.4249448123620309,MC,18,0.019867549668874173,403,0.4448123620309051,418,0.4613686534216336,18,0.019867549668874173,9,0.009933774834437087,4,0.004415011037527594,11,0.012141280353200883,0,0.0,43,0.04746136865342163,906,1.0,ORIGEN,SECCION,SOLO_COALICIONES
1353,26,SONORA,SAHUARIPA,,18,234,655,395,0.6030534351145038,0.3969465648854962,PAN_PRI_PRD,203,0.5139240506329114,41,0.10379746835443038,PT_PVEM_MORENA_NAS,162,0.41012658227848103,156,0.3949367088607595,MC,6,0.015189873417721518,PAN_PRI_PRD,203,0.5139240506329114,41,0.10379746835443038,PT_PVEM_MORENA_NAS,162,0.41012658227848103,156,0.3949367088607595,MC,6,0.015189873417721518,203,0.5139240506329114,162,0.41012658227848103,6,0.015189873417721518,1,0.002531645569620253,5,0.012658227848101266,3,0.007594936708860759,0,0.0,15,0.0379746835443038,395,1.0,ORIGEN,SECCION,SOLO_COALICIONES
1354,26,SONORA,SAHUARIPA,,18,235,1205,749,0.6215767634854772,0.3784232365145228,PT_PVEM_MORENA_NAS,353,0.4712950600801068,35,0.04672897196261682,PAN_PRI_PRD,318,0.42456608811748997,307,0.4098798397863818,MC,11,0.014686248331108143,PT_PVEM_MORENA_NAS,353,0.4712950600801068,35,0.04672897196261682,PAN_PRI_PRD,318,0.42456608811748997,307,0.4098798397863818,MC,11,0.014686248331108143,318,0.42456608811748997,353,0.4712950600801068,11,0.014686248331108143,9,0.012016021361815754,1,0.0013351134846461949,5,0.006675567423230975,0,0.0,52,0.06942590120160214,749,1.0,ORIGEN,SECCION,SOLO_COALICIONES
1355,26,SONORA,SAHUARIPA,,18,236,160,106,0.6625,0.3375,PAN_PRI_PRD,48,0.4528301886792453,5,0.04716981132075472,PT_PVEM_MORENA_NAS,43,0.4056603773584906,40,0.37735849056603776,FxM,3,0.02830188679245283,PAN_PRI_PRD,48,0.4528301886792453,5,0.04716981132075472,PT_PVEM_MORENA_NAS,43,0.4056603773584906,40,0.37735849056603776,FxM,3,0.02830188679245283,48,0.4528301886792453,43,0.4056603773584906,2,0.018867924528301886,1,0.009433962264150943,1,0.009433962264150943,3,0.02830188679245283,0,0.0,8,0.07547169811320754,106,1.0,ORIGEN,SECCION,SOLO_COALICIONES
1356,26,SONORA,SAHUARIPA,,18,238,109,88,0.8073394495412844,0.19266055045871555,PT_PVEM_MORENA_NAS,63,0.7159090909090909,43,0.48863636363636365,PAN_PRI_PRD,20,0.22727272727272727,19,0.2159090909090909,MC,1,0.011363636363636364,PT_PVEM_MORENA_NAS,63,0.7159090909090909,43,0.48863636363636365,PAN_PRI_PRD,20,0.22727272727272727,19,0.2159090909090909,MC,1,0.011363636363636364,20,0.22727272727272727,63,0.7159090909090909,1,0.011363636363636364,0,0.0,0,0.0,1,0.011363636363636364,0,0.0,3,0.03409090909090909,88,1.0,ORIGEN,SECCION,SOLO_COALICIONES
1357,26,SONORA,SAHUARIPA,,18,239,130,99,0.7615384615384615,0.2384615384615385,PT_PVEM_MORENA_NAS,44,0.4444444444444444,3,0.030303030303030304,PAN_PRI_PRD,41,0.41414141414141414,38,0.3838383838383838,MC,3,0.030303030303030304,PT_PVEM_MORENA_NAS,44,0.4444444444444444,3,0.030303030303030304,PAN_PRI_PRD,41,0.41414141414141414,38,0.3838383838383838,MC,3,0.030303030303030304,41,0.41414141414141414,44,0.4444444444444444,3,0.030303030303030304,3,0.030303030303030304,3,0.030303030303030304,1,0.010101010101010102,0,0.0,4,0.04040404040404041,99,1.0,ORIGEN,SECCION,SOLO_COALICIONES
1358,26,SONORA,SAHUARIPA,,18,240,290,206,0.7103448275862069,0.2896551724137931,PT_PVEM_MORENA_NAS,113,0.5485436893203883,57,0.2766990291262136,PAN_PRI_PRD,56,0.27184466019417475,50,0.24271844660194175,MC,6,0.02912621359223301,PT_PVEM_MORENA_NAS,113,0.5485436893203883,57,0.2766990291262136,PAN_PRI_PRD,56,0.27184466019417475,50,0.24271844660194175,MC,6,0.02912621359223301,56,0.27184466019417475,113,0.5485436893203883,6,0.02912621359223301,4,0.019417475728155338,3,0.014563106796116505,3,0.014563106796116505,0,0.0,21,0.10194174757281553,206,1.0,ORIGEN,SECCION,SOLO_COALICIONES
1359,26,SONORA,SAHUARIPA,,18,243,173,92,0.5317919075144508,0.4682080924855492,PT_PVEM_MORENA_NAS,52,0.5652173913043478,33,0.358695652173913,PAN_PRI_PRD,19,0.20652173913043478,14,0.15217391304347827,MC,5,0.05434782608695652,PT_PVEM_MORENA_NAS,52,0.5652173913043478,33,0.358695652173913,PAN_PRI_PRD,19,0.20652173913043478,14,0.15217391304347827,MC,5,0.05434782608695652,19,0.20652173913043478,52,0.5652173913043478,5,0.05434782608695652,1,0.010869565217391304,4,0.043478260869565216,2,0.021739130434782608,0,0.0,9,0.09782608695652174,92,1.0,ORIGEN,SECCION,SOLO_COALICIONES
1360,26,SONORA,SAHUARIPA,,18,246,237,140,0.5907172995780591,0.4092827004219409,PT_PVEM_MORENA_NAS,77,0.55,38,0.2714285714285714,PAN_PRI_PRD,39,0.2785714285714286,36,0.2571428571428571,MC,3,0.02142857142857143,PT_PVEM_MORENA_NAS,77,0.55,38,0.2714285714285714,PAN_PRI_PRD,39,0.2785714285714286,36,0.2571428571428571,MC,3,0.02142857142857143,39,0.2785714285714286,77,0.55,3,0.02142857142857143,1,0.007142857142857143,0,0.0,3,0.02142857142857143,0,0.0,17,0.12142857142857143,140,1.0,ORIGEN,SECCION,SOLO_COALICIONES
1361,26,SONORA,SAN FELIPE DE JESUS,,18,247,557,477,0.8563734290843806,0.14362657091561937,PAN_PRI_PRD,253,0.5303983228511531,121,0.25366876310272535,PT_PVEM_MORENA_NAS,132,0.27672955974842767,66,0.13836477987421383,MC,66,0.13836477987421383,PAN_PRI_PRD,253,0.5303983228511531,121,0.25366876310272535,PT_PVEM_MORENA_NAS,132,0.27672955974842767,66,0.13836477987421383,MC,66,0.13836477987421383,253,0.5303983228511531,132,0.27672955974842767,66,0.13836477987421383,1,0.0020964360587002098,0,0.0,4,0.008385744234800839,0,0.0,21,0.0440251572327044,477,1.0,ORIGEN,SECCION,SOLO_COALICIONES
1362,26,SONORA,SAN IGNACIO RIO MUERTO,,14,1101,578,223,0.38581314878892736,0.6141868512110726,PT_PVEM_MORENA_NAS,156,0.6995515695067265,137,0.6143497757847534,MC,19,0.08520179372197309,2,0.008968609865470852,PAN_PRI_PRD,17,0.07623318385650224,PT_PVEM_MORENA_NAS,156,0.6995515695067265,137,0.6143497757847534,MC,19,0.08520179372197309,2,0.008968609865470852,PAN_PRI_PRD,17,0.07623318385650224,17,0.07623318385650224,156,0.6995515695067265,19,0.08520179372197309,4,0.017937219730941704,3,0.013452914798206279,11,0.04932735426008968,0,0.0,13,0.05829596412556054,223,1.0,ORIGEN,SECCION,SOLO_COALICIONES
1363,26,SONORA,SAN IGNACIO RIO MUERTO,,14,1102,2603,1373,0.5274683058009988,0.4725316941990012,PT_PVEM_MORENA_NAS,707,0.5149308084486526,267,0.19446467589220684,PAN_PRI_PRD,440,0.32046613255644574,296,0.21558630735615442,MC,144,0.10487982520029134,PT_PVEM_MORENA_NAS,707,0.5149308084486526,267,0.19446467589220684,PAN_PRI_PRD,440,0.32046613255644574,296,0.21558630735615442,MC,144,0.10487982520029134,440,0.32046613255644574,707,0.5149308084486526,144,0.10487982520029134,7,0.005098324836125273,5,0.003641660597232338,20,0.014566642388929352,0,0.0,50,0.03641660597232338,1373,1.0,ORIGEN,SECCION,SOLO_COALICIONES
1364,26,SONORA,SAN IGNACIO RIO MUERTO,,14,1103,883,462,0.5232163080407701,0.47678369195922987,PT_PVEM_MORENA_NAS,263,0.5692640692640693,153,0.33116883116883117,PAN_PRI_PRD,110,0.23809523809523808,65,0.1406926406926407,MC,45,0.09740259740259741,PT_PVEM_MORENA_NAS,263,0.5692640692640693,153,0.33116883116883117,PAN_PRI_PRD,110,0.23809523809523808,65,0.1406926406926407,MC,45,0.09740259740259741,110,0.23809523809523808,263,0.5692640692640693,45,0.09740259740259741,7,0.015151515151515152,3,0.006493506493506494,4,0.008658008658008658,0,0.0,30,0.06493506493506493,462,1.0,ORIGEN,SECCION,SOLO_COALICIONES
1365,26,SONORA,SAN IGNACIO RIO MUERTO,,14,1104,800,474,0.5925,0.4075,PT_PVEM_MORENA_NAS,250,0.5274261603375527,92,0.1940928270042194,PAN_PRI_PRD,158,0.3333333333333333,122,0.25738396624472576,MC,36,0.0759493670886076,PT_PVEM_MORENA_NAS,250,0.5274261603375527,92,0.1940928270042194,PAN_PRI_PRD,158,0.3333333333333333,122,0.25738396624472576,MC,36,0.0759493670886076,158,0.3333333333333333,250,0.5274261603375527,36,0.0759493670886076,6,0.012658227848101266,3,0.006329113924050633,3,0.006329113924050633,0,0.0,18,0.0379746835443038,474,1.0,ORIGEN,SECCION,SOLO_COALICIONES
1366,26,SONORA,SAN IGNACIO RIO MUERTO,,14,1105,1880,1066,0.5670212765957446,0.43297872340425536,PT_PVEM_MORENA_NAS,523,0.4906191369606004,150,0.14071294559099437,PAN_PRI_PRD,373,0.349906191369606,294,0.275797373358349,MC,79,0.07410881801125703,PT_PVEM_MORENA_NAS,523,0.4906191369606004,150,0.14071294559099437,PAN_PRI_PRD,373,0.349906191369606,294,0.275797373358349,MC,79,0.07410881801125703,373,0.349906191369606,523,0.4906191369606004,79,0.07410881801125703,18,0.016885553470919325,7,0.006566604127579738,12,0.01125703564727955,0,0.0,54,0.05065666041275797,1066,1.0,ORIGEN,SECCION,SOLO_COALICIONES
1367,26,SONORA,SAN IGNACIO RIO MUERTO,,14,1106,1121,626,0.5584299732381802,0.4415700267618198,PT_PVEM_MORENA_NAS,414,0.6613418530351438,334,0.5335463258785943,PAN_PRI_PRD,80,0.12779552715654952,11,0.01757188498402556,MC,69,0.11022364217252396,PT_PVEM_MORENA_NAS,414,0.6613418530351438,334,0.5335463258785943,PAN_PRI_PRD,80,0.12779552715654952,11,0.01757188498402556,MC,69,0.11022364217252396,80,0.12779552715654952,414,0.6613418530351438,69,0.11022364217252396,6,0.009584664536741214,5,0.007987220447284345,13,0.020766773162939296,0,0.0,39,0.06230031948881789,626,1.0,ORIGEN,SECCION,SOLO_COALICIONES
1368,26,SONORA,SAN IGNACIO RIO MUERTO,,14,1107,2254,1297,0.5754214729370009,0.42457852706299914,PT_PVEM_MORENA_NAS,745,0.574402467232074,449,0.346183500385505,PAN_PRI_PRD,296,0.228218966846569,121,0.09329221279876639,MC,175,0.13492675404780263,PT_PVEM_MORENA_NAS,745,0.574402467232074,449,0.346183500385505,PAN_PRI_PRD,296,0.228218966846569,121,0.09329221279876639,MC,175,0.13492675404780263,296,0.228218966846569,745,0.574402467232074,175,0.13492675404780263,10,0.007710100231303007,6,0.004626060138781804,23,0.017733230531996914,0,0.0,42,0.03238242097147263,1297,1.0,ORIGEN,SECCION,SOLO_COALICIONES
1369,26,SONORA,SAN IGNACIO RIO MUERTO,,14,1108,528,193,0.36553030303030304,0.634469696969697,PT_PVEM_MORENA_NAS,115,0.5958549222797928,83,0.43005181347150256,MC,32,0.16580310880829016,10,0.05181347150259067,PAN_PRI_PRD,22,0.11398963730569948,PT_PVEM_MORENA_NAS,115,0.5958549222797928,83,0.43005181347150256,MC,32,0.16580310880829016,10,0.05181347150259067,PAN_PRI_PRD,22,0.11398963730569948,22,0.11398963730569948,115,0.5958549222797928,32,0.16580310880829016,3,0.015544041450777202,0,0.0,8,0.04145077720207254,0,0.0,13,0.06735751295336788,193,1.0,ORIGEN,SECCION,SOLO_COALICIONES
1370,26,SONORA,SAN JAVIER,,18,248,654,524,0.8012232415902141,0.19877675840978593,PT_PVEM_MORENA_NAS,239,0.45610687022900764,37,0.07061068702290077,PAN_PRI_PRD,202,0.38549618320610685,156,0.29770992366412213,MC,46,0.08778625954198473,PT_PVEM_MORENA_NAS,239,0.45610687022900764,37,0.07061068702290077,PAN_PRI_PRD,202,0.38549618320610685,156,0.29770992366412213,MC,46,0.08778625954198473,202,0.38549618320610685,239,0.45610687022900764,46,0.08778625954198473,6,0.011450381679389313,4,0.007633587786259542,4,0.007633587786259542,0,0.0,23,0.04389312977099236,524,1.0,ORIGEN,SECCION,SOLO_COALICIONES
1371,26,SONORA,SAN LUIS RIO COLORADO,,1,652,824,665,0.8070388349514563,0.19296116504854366,PAN_PRI_PRD,312,0.4691729323308271,30,0.045112781954887216,PT_PVEM_MORENA_NAS,282,0.42406015037593986,252,0.37894736842105264,MC,30,0.045112781954887216,PAN_PRI_PRD,312,0.4691729323308271,30,0.045112781954887216,PT_PVEM_MORENA_NAS,282,0.42406015037593986,252,0.37894736842105264,MC,30,0.045112781954887216,312,0.4691729323308271,282,0.42406015037593986,30,0.045112781954887216,4,0.006015037593984963,2,0.0030075187969924814,11,0.016541353383458645,9,0.013533834586466165,15,0.022556390977443608,665,1.0,ORIGEN,SECCION,SOLO_COALICIONES
1372,26,SONORA,SAN LUIS RIO COLORADO,,1,653,181,85,0.4696132596685083,0.5303867403314917,PAN_PRI_PRD,46,0.5411764705882353,13,0.15294117647058825,PT_PVEM_MORENA_NAS,33,0.38823529411764707,31,0.36470588235294116,RSP,2,0.023529411764705882,PAN_PRI_PRD,46,0.5411764705882353,13,0.15294117647058825,PT_PVEM_MORENA_NAS,33,0.38823529411764707,31,0.36470588235294116,RSP,2,0.023529411764705882,46,0.5411764705882353,33,0.38823529411764707,1,0.011764705882352941,1,0.011764705882352941,2,0.023529411764705882,1,0.011764705882352941,0,0.0,1,0.011764705882352941,85,1.0,ORIGEN,SECCION,SOLO_COALICIONES
1373,26,SONORA,SAN LUIS RIO COLORADO,,1,654,280,107,0.3821428571428571,0.6178571428571429,PAN_PRI_PRD,47,0.4392523364485981,10,0.09345794392523364,PT_PVEM_MORENA_NAS,37,0.34579439252336447,27,0.2523364485981308,MC,10,0.09345794392523364,PAN_PRI_PRD,47,0.4392523364485981,10,0.09345794392523364,PT_PVEM_MORENA_NAS,37,0.34579439252336447,27,0.2523364485981308,MC,10,0.09345794392523364,47,0.4392523364485981,37,0.34579439252336447,10,0.09345794392523364,4,0.037383177570093455,1,0.009345794392523364,3,0.028037383177570093,2,0.018691588785046728,3,0.028037383177570093,107,1.0,ORIGEN,SECCION,SOLO_COALICIONES
1374,26,SONORA,SAN LUIS RIO COLORADO,,1,655,490,192,0.39183673469387753,0.6081632653061224,PAN_PRI_PRD,80,0.4166666666666667,0,0.0,PT_PVEM_MORENA_NAS,80,0.4166666666666667,66,0.34375,MC,14,0.07291666666666667,PAN_PRI_PRD,80,0.4166666666666667,0,0.0,PT_PVEM_MORENA_NAS,80,0.4166666666666667,66,0.34375,MC,14,0.07291666666666667,80,0.4166666666666667,80,0.4166666666666667,14,0.07291666666666667,4,0.020833333333333332,0,0.0,5,0.026041666666666668,0,0.0,9,0.046875,192,1.0,ORIGEN,SECCION,SOLO_COALICIONES
1375,26,SONORA,SAN LUIS RIO COLORADO,,1,656,782,376,0.48081841432225064,0.5191815856777493,PAN_PRI_PRD,213,0.5664893617021277,94,0.25,PT_PVEM_MORENA_NAS,119,0.31648936170212766,105,0.27925531914893614,MC,14,0.03723404255319149,PAN_PRI_PRD,213,0.5664893617021277,94,0.25,PT_PVEM_MORENA_NAS,119,0.31648936170212766,105,0.27925531914893614,MC,14,0.03723404255319149,213,0.5664893617021277,119,0.31648936170212766,14,0.03723404255319149,6,0.015957446808510637,1,0.0026595744680851063,8,0.02127659574468085,2,0.005319148936170213,13,0.034574468085106384,376,1.0,ORIGEN,SECCION,SOLO_COALICIONES
1376,26,SONORA,SAN LUIS RIO COLORADO,,1,657,830,386,0.4650602409638554,0.5349397590361447,PAN_PRI_PRD,241,0.6243523316062176,128,0.3316062176165803,PT_PVEM_MORENA_NAS,113,0.2927461139896373,101,0.2616580310880829,MC,12,0.031088082901554404,PAN_PRI_PRD,241,0.6243523316062176,128,0.3316062176165803,PT_PVEM_MORENA_NAS,113,0.2927461139896373,101,0.2616580310880829,MC,12,0.031088082901554404,241,0.6243523316062176,113,0.2927461139896373,12,0.031088082901554404,3,0.007772020725388601,0,0.0,5,0.012953367875647668,0,0.0,12,0.031088082901554404,386,1.0,ORIGEN,SECCION,SOLO_COALICIONES
1377,26,SONORA,SAN LUIS RIO COLORADO,,1,658,800,364,0.455,0.5449999999999999,PAN_PRI_PRD,194,0.532967032967033,63,0.17307692307692307,PT_PVEM_MORENA_NAS,131,0.3598901098901099,114,0.3131868131868132,FxM,17,0.046703296703296704,PAN_PRI_PRD,194,0.532967032967033,63,0.17307692307692307,PT_PVEM_MORENA_NAS,131,0.3598901098901099,114,0.3131868131868132,FxM,17,0.046703296703296704,194,0.532967032967033,131,0.3598901098901099,14,0.038461538461538464,6,0.016483516483516484,0,0.0,17,0.046703296703296704,0,0.0,2,0.005494505494505495,364,1.0,ORIGEN,SECCION,SOLO_COALICIONES
1378,26,SONORA,SAN LUIS RIO COLORADO,,1,659,777,362,0.46589446589446587,0.5341055341055341,PAN_PRI_PRD,193,0.5331491712707183,57,0.1574585635359116,PT_PVEM_MORENA_NAS,136,0.3756906077348066,127,0.35082872928176795,MC,9,0.024861878453038673,PAN_PRI_PRD,193,0.5331491712707183,57,0.1574585635359116,PT_PVEM_MORENA_NAS,136,0.3756906077348066,127,0.35082872928176795,MC,9,0.024861878453038673,193,0.5331491712707183,136,0.3756906077348066,9,0.024861878453038673,5,0.013812154696132596,2,0.0055248618784530384,7,0.019337016574585635,0,0.0,10,0.027624309392265192,362,1.0,ORIGEN,SECCION,SOLO_COALICIONES
1379,26,SONORA,SAN LUIS RIO COLORADO,,1,660,1057,457,0.4323557237464522,0.5676442762535479,PAN_PRI_PRD,205,0.4485776805251641,20,0.0437636761487965,PT_PVEM_MORENA_NAS,185,0.4048140043763676,153,0.3347921225382932,MC,32,0.0700218818380744,PAN_PRI_PRD,205,0.4485776805251641,20,0.0437636761487965,PT_PVEM_MORENA_NAS,185,0.4048140043763676,153,0.3347921225382932,MC,32,0.0700218818380744,205,0.4485776805251641,185,0.4048140043763676,32,0.0700218818380744,11,0.024070021881838075,2,0.00437636761487965,14,0.030634573304157548,1,0.002188183807439825,7,0.015317286652078774,457,1.0,ORIGEN,SECCION,SOLO_COALICIONES
1380,26,SONORA,SAN LUIS RIO COLORADO,,1,662,584,212,0.363013698630137,0.636986301369863,PAN_PRI_PRD,109,0.5141509433962265,32,0.1509433962264151,PT_PVEM_MORENA_NAS,77,0.3632075471698113,64,0.3018867924528302,MC,13,0.06132075471698113,PAN_PRI_PRD,109,0.5141509433962265,32,0.1509433962264151,PT_PVEM_MORENA_NAS,77,0.3632075471698113,64,0.3018867924528302,MC,13,0.06132075471698113,109,0.5141509433962265,77,0.3632075471698113,13,0.06132075471698113,2,0.009433962264150943,1,0.0047169811320754715,6,0.02830188679245283,0,0.0,4,0.018867924528301886,212,1.0,ORIGEN,SECCION,SOLO_COALICIONES
1381,26,SONORA,SAN LUIS RIO COLORADO,,1,663,216,89,0.41203703703703703,0.587962962962963,PAN_PRI_PRD,40,0.449438202247191,7,0.07865168539325842,PT_PVEM_MORENA_NAS,33,0.3707865168539326,26,0.29213483146067415,MC,7,0.07865168539325842,PAN_PRI_PRD,40,0.449438202247191,7,0.07865168539325842,PT_PVEM_MORENA_NAS,33,0.3707865168539326,26,0.29213483146067415,MC,7,0.07865168539325842,40,0.449438202247191,33,0.3707865168539326,7,0.07865168539325842,2,0.02247191011235955,0,0.0,5,0.056179775280898875,0,0.0,2,0.02247191011235955,89,1.0,ORIGEN,SECCION,SOLO_COALICIONES
1382,26,SONORA,SAN LUIS RIO COLORADO,,1,664,785,303,0.38598726114649684,0.6140127388535032,PAN_PRI_PRD,152,0.5016501650165016,45,0.1485148514851485,PT_PVEM_MORENA_NAS,107,0.35313531353135313,87,0.2871287128712871,MC,20,0.066006600660066,PAN_PRI_PRD,152,0.5016501650165016,45,0.1485148514851485,PT_PVEM_MORENA_NAS,107,0.35313531353135313,87,0.2871287128712871,MC,20,0.066006600660066,152,0.5016501650165016,107,0.35313531353135313,20,0.066006600660066,4,0.013201320132013201,3,0.009900990099009901,11,0.036303630363036306,0,0.0,6,0.019801980198019802,303,1.0,ORIGEN,SECCION,SOLO_COALICIONES
1383,26,SONORA,SAN LUIS RIO COLORADO,,1,665,666,278,0.4174174174174174,0.5825825825825826,PAN_PRI_PRD,151,0.5431654676258992,60,0.2158273381294964,PT_PVEM_MORENA_NAS,91,0.3273381294964029,77,0.27697841726618705,MC,14,0.050359712230215826,PAN_PRI_PRD,151,0.5431654676258992,60,0.2158273381294964,PT_PVEM_MORENA_NAS,91,0.3273381294964029,77,0.27697841726618705,MC,14,0.050359712230215826,151,0.5431654676258992,91,0.3273381294964029,14,0.050359712230215826,7,0.025179856115107913,0,0.0,11,0.039568345323741004,1,0.0035971223021582736,3,0.01079136690647482,278,1.0,ORIGEN,SECCION,SOLO_COALICIONES
1384,26,SONORA,SAN LUIS RIO COLORADO,,1,666,1202,536,0.4459234608985025,0.5540765391014975,PAN_PRI_PRD,289,0.539179104477612,98,0.1828358208955224,PT_PVEM_MORENA_NAS,191,0.35634328358208955,154,0.2873134328358209,MC,37,0.06902985074626866,PAN_PRI_PRD,289,0.539179104477612,98,0.1828358208955224,PT_PVEM_MORENA_NAS,191,0.35634328358208955,154,0.2873134328358209,MC,37,0.06902985074626866,289,0.539179104477612,191,0.35634328358208955,37,0.06902985074626866,5,0.009328358208955223,1,0.0018656716417910447,9,0.016791044776119403,0,0.0,4,0.007462686567164179,536,1.0,ORIGEN,SECCION,SOLO_COALICIONES
1385,26,SONORA,SAN LUIS RIO COLORADO,,1,667,1181,502,0.42506350550381033,0.5749364944961897,PAN_PRI_PRD,249,0.4960159362549801,46,0.09163346613545817,PT_PVEM_MORENA_NAS,203,0.4043824701195219,180,0.35856573705179284,MC,23,0.045816733067729085,PAN_PRI_PRD,249,0.4960159362549801,46,0.09163346613545817,PT_PVEM_MORENA_NAS,203,0.4043824701195219,180,0.35856573705179284,MC,23,0.045816733067729085,249,0.4960159362549801,203,0.4043824701195219,23,0.045816733067729085,5,0.0099601593625498,4,0.00796812749003984,10,0.0199203187250996,1,0.00199203187250996,7,0.013944223107569721,502,1.0,ORIGEN,SECCION,SOLO_COALICIONES
1386,26,SONORA,SAN LUIS RIO COLORADO,,1,668,1487,510,0.3429724277067922,0.6570275722932077,PAN_PRI_PRD,239,0.46862745098039216,36,0.07058823529411765,PT_PVEM_MORENA_NAS,203,0.3980392156862745,175,0.3431372549019608,MC,28,0.054901960784313725,PAN_PRI_PRD,239,0.46862745098039216,36,0.07058823529411765,PT_PVEM_MORENA_NAS,203,0.3980392156862745,175,0.3431372549019608,MC,28,0.054901960784313725,239,0.46862745098039216,203,0.3980392156862745,28,0.054901960784313725,10,0.0196078431372549,2,0.00392156862745098,16,0.03137254901960784,0,0.0,12,0.023529411764705882,510,1.0,ORIGEN,SECCION,SOLO_COALICIONES
1387,26,SONORA,SAN LUIS RIO COLORADO,,1,669,1629,608,0.37323511356660527,0.6267648864333948,PT_PVEM_MORENA_NAS,287,0.4720394736842105,62,0.10197368421052631,PAN_PRI_PRD,225,0.37006578947368424,177,0.2911184210526316,MC,48,0.07894736842105263,PT_PVEM_MORENA_NAS,287,0.4720394736842105,62,0.10197368421052631,PAN_PRI_PRD,225,0.37006578947368424,177,0.2911184210526316,MC,48,0.07894736842105263,225,0.37006578947368424,287,0.4720394736842105,48,0.07894736842105263,8,0.013157894736842105,3,0.004934210526315789,19,0.03125,2,0.003289473684210526,16,0.02631578947368421,608,1.0,ORIGEN,SECCION,SOLO_COALICIONES
1388,26,SONORA,SAN LUIS RIO COLORADO,,1,670,4319,1433,0.3317897661495717,0.6682102338504283,PT_PVEM_MORENA_NAS,548,0.38241451500348916,80,0.055826936496859735,PAN_PRI_PRD,468,0.32658757850662945,295,0.20586182833217026,FxM,173,0.12072575017445918,PT_PVEM_MORENA_NAS,548,0.38241451500348916,80,0.055826936496859735,PAN_PRI_PRD,468,0.32658757850662945,295,0.20586182833217026,FxM,173,0.12072575017445918,468,0.32658757850662945,548,0.38241451500348916,87,0.06071179344033496,31,0.021632937892533146,86,0.06001395673412421,173,0.12072575017445918,4,0.0027913468248429866,36,0.02512212142358688,1433,1.0,ORIGEN,SECCION,SOLO_COALICIONES
1389,26,SONORA,SAN LUIS RIO COLORADO,,1,671,382,191,0.5,0.5,PAN_PRI_PRD,111,0.581151832460733,48,0.2513089005235602,PT_PVEM_MORENA_NAS,63,0.3298429319371728,56,0.2931937172774869,MC,7,0.03664921465968586,PAN_PRI_PRD,111,0.581151832460733,48,0.2513089005235602,PT_PVEM_MORENA_NAS,63,0.3298429319371728,56,0.2931937172774869,MC,7,0.03664921465968586,111,0.581151832460733,63,0.3298429319371728,7,0.03664921465968586,4,0.020942408376963352,0,0.0,3,0.015706806282722512,0,0.0,3,0.015706806282722512,191,1.0,ORIGEN,SECCION,SOLO_COALICIONES
1390,26,SONORA,SAN LUIS RIO COLORADO,,1,672,624,227,0.36378205128205127,0.6362179487179487,PAN_PRI_PRD,103,0.45374449339207046,12,0.05286343612334802,PT_PVEM_MORENA_NAS,91,0.4008810572687225,71,0.31277533039647576,MC,20,0.0881057268722467,PAN_PRI_PRD,103,0.45374449339207046,12,0.05286343612334802,PT_PVEM_MORENA_NAS,91,0.4008810572687225,71,0.31277533039647576,MC,20,0.0881057268722467,103,0.45374449339207046,91,0.4008810572687225,20,0.0881057268722467,0,0.0,0,0.0,9,0.039647577092511016,0,0.0,4,0.01762114537444934,227,1.0,ORIGEN,SECCION,SOLO_COALICIONES
1391,26,SONORA,SAN LUIS RIO COLORADO,,1,673,779,254,0.32605905006418484,0.6739409499358151,PAN_PRI_PRD,124,0.4881889763779528,32,0.12598425196850394,PT_PVEM_MORENA_NAS,92,0.36220472440944884,70,0.2755905511811024,MC,22,0.08661417322834646,PAN_PRI_PRD,124,0.4881889763779528,32,0.12598425196850394,PT_PVEM_MORENA_NAS,92,0.36220472440944884,70,0.2755905511811024,MC,22,0.08661417322834646,124,0.4881889763779528,92,0.36220472440944884,22,0.08661417322834646,2,0.007874015748031496,0,0.0,4,0.015748031496062992,0,0.0,10,0.03937007874015748,254,1.0,ORIGEN,SECCION,SOLO_COALICIONES
1392,26,SONORA,SAN LUIS RIO COLORADO,,1,674,539,199,0.3692022263450835,0.6307977736549165,PT_PVEM_MORENA_NAS,86,0.4321608040201005,6,0.03015075376884422,PAN_PRI_PRD,80,0.4020100502512563,68,0.3417085427135678,MC,12,0.06030150753768844,PT_PVEM_MORENA_NAS,86,0.4321608040201005,6,0.03015075376884422,PAN_PRI_PRD,80,0.4020100502512563,68,0.3417085427135678,MC,12,0.06030150753768844,80,0.4020100502512563,86,0.4321608040201005,12,0.06030150753768844,8,0.04020100502512563,2,0.010050251256281407,3,0.01507537688442211,0,0.0,8,0.04020100502512563,199,1.0,ORIGEN,SECCION,SOLO_COALICIONES
1393,26,SONORA,SAN LUIS RIO COLORADO,,1,675,539,183,0.3395176252319109,0.660482374768089,PAN_PRI_PRD,80,0.4371584699453552,12,0.06557377049180328,PT_PVEM_MORENA_NAS,68,0.37158469945355194,55,0.3005464480874317,MC,13,0.07103825136612021,PAN_PRI_PRD,80,0.4371584699453552,12,0.06557377049180328,PT_PVEM_MORENA_NAS,68,0.37158469945355194,55,0.3005464480874317,MC,13,0.07103825136612021,80,0.4371584699453552,68,0.37158469945355194,13,0.07103825136612021,10,0.0546448087431694,0,0.0,7,0.03825136612021858,0,0.0,5,0.0273224043715847,183,1.0,ORIGEN,SECCION,SOLO_COALICIONES
1394,26,SONORA,SAN LUIS RIO COLORADO,,1,676,872,335,0.3841743119266055,0.6158256880733946,PAN_PRI_PRD,149,0.44477611940298506,5,0.014925373134328358,PT_PVEM_MORENA_NAS,144,0.4298507462686567,124,0.3701492537313433,MC,20,0.05970149253731343,PAN_PRI_PRD,149,0.44477611940298506,5,0.014925373134328358,PT_PVEM_MORENA_NAS,144,0.4298507462686567,124,0.3701492537313433,MC,20,0.05970149253731343,149,0.44477611940298506,144,0.4298507462686567,20,0.05970149253731343,7,0.020895522388059702,3,0.008955223880597015,8,0.023880597014925373,0,0.0,4,0.011940298507462687,335,1.0,ORIGEN,SECCION,SOLO_COALICIONES
1395,26,SONORA,SAN LUIS RIO COLORADO,,1,677,1244,428,0.3440514469453376,0.6559485530546624,PT_PVEM_MORENA_NAS,199,0.4649532710280374,23,0.053738317757009345,PAN_PRI_PRD,176,0.411214953271028,154,0.3598130841121495,MC,22,0.0514018691588785,PT_PVEM_MORENA_NAS,199,0.4649532710280374,23,0.053738317757009345,PAN_PRI_PRD,176,0.411214953271028,154,0.3598130841121495,MC,22,0.0514018691588785,176,0.411214953271028,199,0.4649532710280374,22,0.0514018691588785,7,0.016355140186915886,1,0.002336448598130841,13,0.030373831775700934,0,0.0,10,0.02336448598130841,428,1.0,ORIGEN,SECCION,SOLO_COALICIONES
1396,26,SONORA,SAN LUIS RIO COLORADO,,1,678,1197,432,0.3609022556390977,0.6390977443609023,PT_PVEM_MORENA_NAS,192,0.4444444444444444,12,0.027777777777777776,PAN_PRI_PRD,180,0.4166666666666667,141,0.3263888888888889,MC,39,0.09027777777777778,PT_PVEM_MORENA_NAS,192,0.4444444444444444,12,0.027777777777777776,PAN_PRI_PRD,180,0.4166666666666667,141,0.3263888888888889,MC,39,0.09027777777777778,180,0.4166666666666667,192,0.4444444444444444,39,0.09027777777777778,10,0.023148148148148147,4,0.009259259259259259,7,0.016203703703703703,0,0.0,0,0.0,432,1.0,ORIGEN,SECCION,SOLO_COALICIONES
1397,26,SONORA,SAN LUIS RIO COLORADO,,1,679,1092,383,0.3507326007326007,0.6492673992673993,PT_PVEM_MORENA_NAS,187,0.48825065274151436,48,0.12532637075718014,PAN_PRI_PRD,139,0.3629242819843342,116,0.3028720626631854,MC,23,0.06005221932114883,PT_PVEM_MORENA_NAS,187,0.48825065274151436,48,0.12532637075718014,PAN_PRI_PRD,139,0.3629242819843342,116,0.3028720626631854,MC,23,0.06005221932114883,139,0.3629242819843342,187,0.48825065274151436,23,0.06005221932114883,5,0.013054830287206266,3,0.007832898172323759,16,0.04177545691906005,0,0.0,10,0.02610966057441253,383,1.0,ORIGEN,SECCION,SOLO_COALICIONES
1398,26,SONORA,SAN LUIS RIO COLORADO,,1,680,1767,645,0.36502546689303905,0.634974533106961,PT_PVEM_MORENA_NAS,311,0.4821705426356589,78,0.12093023255813953,PAN_PRI_PRD,233,0.3612403100775194,189,0.2930232558139535,MC,44,0.06821705426356589,PT_PVEM_MORENA_NAS,311,0.4821705426356589,78,0.12093023255813953,PAN_PRI_PRD,233,0.3612403100775194,189,0.2930232558139535,MC,44,0.06821705426356589,233,0.3612403100775194,311,0.4821705426356589,44,0.06821705426356589,14,0.021705426356589147,4,0.006201550387596899,21,0.03255813953488372,0,0.0,18,0.027906976744186046,645,1.0,ORIGEN,SECCION,SOLO_COALICIONES
1399,26,SONORA,SAN LUIS RIO COLORADO,,1,681,2900,812,0.28,0.72,PT_PVEM_MORENA_NAS,371,0.45689655172413796,104,0.12807881773399016,PAN_PRI_PRD,267,0.3288177339901478,202,0.24876847290640394,MC,65,0.08004926108374384,PT_PVEM_MORENA_NAS,371,0.45689655172413796,104,0.12807881773399016,PAN_PRI_PRD,267,0.3288177339901478,202,0.24876847290640394,MC,65,0.08004926108374384,267,0.3288177339901478,371,0.45689655172413796,65,0.08004926108374384,27,0.0332512315270936,6,0.007389162561576354,42,0.05172413793103448,3,0.003694581280788177,31,0.038177339901477834,812,1.0,ORIGEN,SECCION,SOLO_COALICIONES
1400,26,SONORA,SAN LUIS RIO COLORADO,,1,682,448,143,0.31919642857142855,0.6808035714285714,PT_PVEM_MORENA_NAS,80,0.5594405594405595,33,0.23076923076923078,PAN_PRI_PRD,47,0.32867132867132864,37,0.25874125874125875,MC,10,0.06993006993006994,PT_PVEM_MORENA_NAS,80,0.5594405594405595,33,0.23076923076923078,PAN_PRI_PRD,47,0.32867132867132864,37,0.25874125874125875,MC,10,0.06993006993006994,47,0.32867132867132864,80,0.5594405594405595,10,0.06993006993006994,1,0.006993006993006993,0,0.0,3,0.02097902097902098,1,0.006993006993006993,1,0.006993006993006993,143,1.0,ORIGEN,SECCION,SOLO_COALICIONES
1401,26,SONORA,SAN LUIS RIO COLORADO,,1,683,978,323,0.33026584867075665,0.6697341513292434,PT_PVEM_MORENA_NAS,153,0.47368421052631576,32,0.09907120743034056,PAN_PRI_PRD,121,0.3746130030959752,101,0.3126934984520124,MC,20,0.06191950464396285,PT_PVEM_MORENA_NAS,153,0.47368421052631576,32,0.09907120743034056,PAN_PRI_PRD,121,0.3746130030959752,101,0.3126934984520124,MC,20,0.06191950464396285,121,0.3746130030959752,153,0.47368421052631576,20,0.06191950464396285,5,0.015479876160990712,1,0.0030959752321981426,17,0.05263157894736842,1,0.0030959752321981426,5,0.015479876160990712,323,1.0,ORIGEN,SECCION,SOLO_COALICIONES
1402,26,SONORA,SAN LUIS RIO COLORADO,,1,684,870,248,0.2850574712643678,0.7149425287356321,PAN_PRI_PRD,109,0.43951612903225806,5,0.020161290322580645,PT_PVEM_MORENA_NAS,104,0.41935483870967744,88,0.3548387096774194,MC,16,0.06451612903225806,PAN_PRI_PRD,109,0.43951612903225806,5,0.020161290322580645,PT_PVEM_MORENA_NAS,104,0.41935483870967744,88,0.3548387096774194,MC,16,0.06451612903225806,109,0.43951612903225806,104,0.41935483870967744,16,0.06451612903225806,12,0.04838709677419355,1,0.004032258064516129,6,0.024193548387096774,0,0.0,0,0.0,248,1.0,ORIGEN,SECCION,SOLO_COALICIONES
1403,26,SONORA,SAN LUIS RIO COLORADO,,1,685,1215,474,0.39012345679012345,0.6098765432098765,PT_PVEM_MORENA_NAS,210,0.4430379746835443,1,0.002109704641350211,PAN_PRI_PRD,209,0.4409282700421941,190,0.4008438818565401,MC,19,0.04008438818565401,PT_PVEM_MORENA_NAS,210,0.4430379746835443,1,0.002109704641350211,PAN_PRI_PRD,209,0.4409282700421941,190,0.4008438818565401,MC,19,0.04008438818565401,209,0.4409282700421941,210,0.4430379746835443,19,0.04008438818565401,10,0.02109704641350211,3,0.006329113924050633,16,0.03375527426160337,0,0.0,7,0.014767932489451477,474,1.0,ORIGEN,SECCION,SOLO_COALICIONES
1404,26,SONORA,SAN LUIS RIO COLORADO,,1,686,585,220,0.37606837606837606,0.6239316239316239,PAN_PRI_PRD,96,0.43636363636363634,12,0.05454545454545454,PT_PVEM_MORENA_NAS,84,0.38181818181818183,71,0.32272727272727275,MC,13,0.05909090909090909,PAN_PRI_PRD,96,0.43636363636363634,12,0.05454545454545454,PT_PVEM_MORENA_NAS,84,0.38181818181818183,71,0.32272727272727275,MC,13,0.05909090909090909,96,0.43636363636363634,84,0.38181818181818183,13,0.05909090909090909,7,0.031818181818181815,2,0.00909090909090909,12,0.05454545454545454,1,0.004545454545454545,5,0.022727272727272728,220,1.0,ORIGEN,SECCION,SOLO_COALICIONES
1405,26,SONORA,SAN LUIS RIO COLORADO,,1,687,838,298,0.3556085918854415,0.6443914081145585,PT_PVEM_MORENA_NAS,127,0.4261744966442953,11,0.03691275167785235,PAN_PRI_PRD,116,0.38926174496644295,87,0.29194630872483224,MC,29,0.09731543624161074,PT_PVEM_MORENA_NAS,127,0.4261744966442953,11,0.03691275167785235,PAN_PRI_PRD,116,0.38926174496644295,87,0.29194630872483224,MC,29,0.09731543624161074,116,0.38926174496644295,127,0.4261744966442953,29,0.09731543624161074,4,0.013422818791946308,3,0.010067114093959731,11,0.03691275167785235,1,0.003355704697986577,7,0.02348993288590604,298,1.0,ORIGEN,SECCION,SOLO_COALICIONES
1406,26,SONORA,SAN LUIS RIO COLORADO,,1,688,976,326,0.33401639344262296,0.665983606557377,PT_PVEM_MORENA_NAS,155,0.4754601226993865,43,0.13190184049079753,PAN_PRI_PRD,112,0.34355828220858897,79,0.24233128834355827,MC,33,0.10122699386503067,PT_PVEM_MORENA_NAS,155,0.4754601226993865,43,0.13190184049079753,PAN_PRI_PRD,112,0.34355828220858897,79,0.24233128834355827,MC,33,0.10122699386503067,112,0.34355828220858897,155,0.4754601226993865,33,0.10122699386503067,9,0.027607361963190184,2,0.006134969325153374,7,0.02147239263803681,2,0.006134969325153374,6,0.018404907975460124,326,1.0,ORIGEN,SECCION,SOLO_COALICIONES
1407,26,SONORA,SAN LUIS RIO COLORADO,,1,689,762,290,0.3805774278215223,0.6194225721784776,PT_PVEM_MORENA_NAS,134,0.46206896551724136,16,0.05517241379310345,PAN_PRI_PRD,118,0.4068965517241379,101,0.3482758620689655,MC,17,0.05862068965517241,PT_PVEM_MORENA_NAS,134,0.46206896551724136,16,0.05517241379310345,PAN_PRI_PRD,118,0.4068965517241379,101,0.3482758620689655,MC,17,0.05862068965517241,118,0.4068965517241379,134,0.46206896551724136,17,0.05862068965517241,13,0.04482758620689655,0,0.0,5,0.017241379310344827,0,0.0,3,0.010344827586206896,290,1.0,ORIGEN,SECCION,SOLO_COALICIONES
1408,26,SONORA,SAN LUIS RIO COLORADO,,1,690,1113,395,0.35489667565139266,0.6451033243486073,PT_PVEM_MORENA_NAS,187,0.47341772151898737,51,0.1291139240506329,PAN_PRI_PRD,136,0.34430379746835443,99,0.25063291139240507,MC,37,0.09367088607594937,PT_PVEM_MORENA_NAS,187,0.47341772151898737,51,0.1291139240506329,PAN_PRI_PRD,136,0.34430379746835443,99,0.25063291139240507,MC,37,0.09367088607594937,136,0.34430379746835443,187,0.47341772151898737,37,0.09367088607594937,9,0.02278481012658228,3,0.007594936708860759,11,0.027848101265822784,0,0.0,12,0.030379746835443037,395,1.0,ORIGEN,SECCION,SOLO_COALICIONES
1409,26,SONORA,SAN LUIS RIO COLORADO,,1,691,675,178,0.2637037037037037,0.7362962962962962,PT_PVEM_MORENA_NAS,88,0.4943820224719101,38,0.21348314606741572,PAN_PRI_PRD,50,0.2808988764044944,30,0.16853932584269662,MC,20,0.11235955056179775,PT_PVEM_MORENA_NAS,88,0.4943820224719101,38,0.21348314606741572,PAN_PRI_PRD,50,0.2808988764044944,30,0.16853932584269662,MC,20,0.11235955056179775,50,0.2808988764044944,88,0.4943820224719101,20,0.11235955056179775,5,0.028089887640449437,0,0.0,13,0.07303370786516854,0,0.0,2,0.011235955056179775,178,1.0,ORIGEN,SECCION,SOLO_COALICIONES
1410,26,SONORA,SAN LUIS RIO COLORADO,,1,692,931,290,0.31149301825993553,0.6885069817400644,PT_PVEM_MORENA_NAS,131,0.4517241379310345,31,0.10689655172413794,PAN_PRI_PRD,100,0.3448275862068966,70,0.2413793103448276,MC,30,0.10344827586206896,PT_PVEM_MORENA_NAS,131,0.4517241379310345,31,0.10689655172413794,PAN_PRI_PRD,100,0.3448275862068966,70,0.2413793103448276,MC,30,0.10344827586206896,100,0.3448275862068966,131,0.4517241379310345,30,0.10344827586206896,9,0.03103448275862069,0,0.0,14,0.04827586206896552,1,0.0034482758620689655,5,0.017241379310344827,290,1.0,ORIGEN,SECCION,SOLO_COALICIONES
1411,26,SONORA,SAN LUIS RIO COLORADO,,1,693,810,269,0.33209876543209876,0.6679012345679012,PT_PVEM_MORENA_NAS,116,0.4312267657992565,20,0.07434944237918216,PAN_PRI_PRD,96,0.35687732342007433,63,0.2342007434944238,MC,33,0.12267657992565056,PT_PVEM_MORENA_NAS,116,0.4312267657992565,20,0.07434944237918216,PAN_PRI_PRD,96,0.35687732342007433,63,0.2342007434944238,MC,33,0.12267657992565056,96,0.35687732342007433,116,0.4312267657992565,33,0.12267657992565056,10,0.03717472118959108,2,0.007434944237918215,5,0.01858736059479554,0,0.0,7,0.026022304832713755,269,1.0,ORIGEN,SECCION,SOLO_COALICIONES
1412,26,SONORA,SAN LUIS RIO COLORADO,,1,694,1122,349,0.31105169340463457,0.6889483065953654,PT_PVEM_MORENA_NAS,172,0.49283667621776506,67,0.19197707736389685,PAN_PRI_PRD,105,0.3008595988538682,75,0.2148997134670487,MC,30,0.08595988538681948,PT_PVEM_MORENA_NAS,172,0.49283667621776506,67,0.19197707736389685,PAN_PRI_PRD,105,0.3008595988538682,75,0.2148997134670487,MC,30,0.08595988538681948,105,0.3008595988538682,172,0.49283667621776506,30,0.08595988538681948,10,0.02865329512893983,3,0.008595988538681949,19,0.054441260744985676,0,0.0,10,0.02865329512893983,349,1.0,ORIGEN,SECCION,SOLO_COALICIONES
1413,26,SONORA,SAN LUIS RIO COLORADO,,1,695,1067,289,0.27085285848172447,0.7291471415182755,PT_PVEM_MORENA_NAS,156,0.5397923875432526,96,0.33217993079584773,PAN_PRI_PRD,60,0.20761245674740483,21,0.0726643598615917,MC,39,0.13494809688581316,PT_PVEM_MORENA_NAS,156,0.5397923875432526,96,0.33217993079584773,PAN_PRI_PRD,60,0.20761245674740483,21,0.0726643598615917,MC,39,0.13494809688581316,60,0.20761245674740483,156,0.5397923875432526,39,0.13494809688581316,9,0.031141868512110725,1,0.0034602076124567475,11,0.03806228373702422,0,0.0,13,0.04498269896193772,289,1.0,ORIGEN,SECCION,SOLO_COALICIONES
1414,26,SONORA,SAN LUIS RIO COLORADO,,1,696,2349,700,0.29799914857386123,0.7020008514261388,PT_PVEM_MORENA_NAS,366,0.5228571428571429,191,0.27285714285714285,PAN_PRI_PRD,175,0.25,100,0.14285714285714285,MC,75,0.10714285714285714,PT_PVEM_MORENA_NAS,366,0.5228571428571429,191,0.27285714285714285,PAN_PRI_PRD,175,0.25,100,0.14285714285714285,MC,75,0.10714285714285714,175,0.25,366,0.5228571428571429,75,0.10714285714285714,22,0.03142857142857143,3,0.004285714285714286,29,0.041428571428571426,1,0.0014285714285714286,29,0.041428571428571426,700,1.0,ORIGEN,SECCION,SOLO_COALICIONES
1415,26,SONORA,SAN LUIS RIO COLORADO,,1,697,1027,336,0.32716650438169426,0.6728334956183057,PT_PVEM_MORENA_NAS,184,0.5476190476190477,89,0.2648809523809524,PAN_PRI_PRD,95,0.28273809523809523,68,0.20238095238095238,MC,27,0.08035714285714286,PT_PVEM_MORENA_NAS,184,0.5476190476190477,89,0.2648809523809524,PAN_PRI_PRD,95,0.28273809523809523,68,0.20238095238095238,MC,27,0.08035714285714286,95,0.28273809523809523,184,0.5476190476190477,27,0.08035714285714286,4,0.011904761904761904,1,0.002976190476190476,9,0.026785714285714284,1,0.002976190476190476,15,0.044642857142857144,336,1.0,ORIGEN,SECCION,SOLO_COALICIONES
1416,26,SONORA,SAN LUIS RIO COLORADO,,1,698,896,315,0.3515625,0.6484375,PT_PVEM_MORENA_NAS,142,0.4507936507936508,24,0.0761904761904762,PAN_PRI_PRD,118,0.3746031746031746,98,0.3111111111111111,MC,20,0.06349206349206349,PT_PVEM_MORENA_NAS,142,0.4507936507936508,24,0.0761904761904762,PAN_PRI_PRD,118,0.3746031746031746,98,0.3111111111111111,MC,20,0.06349206349206349,118,0.3746031746031746,142,0.4507936507936508,20,0.06349206349206349,4,0.012698412698412698,3,0.009523809523809525,11,0.03492063492063492,1,0.0031746031746031746,16,0.050793650793650794,315,1.0,ORIGEN,SECCION,SOLO_COALICIONES
1417,26,SONORA,SAN LUIS RIO COLORADO,,1,699,748,323,0.4318181818181818,0.5681818181818181,PT_PVEM_MORENA_NAS,141,0.43653250773993807,20,0.06191950464396285,PAN_PRI_PRD,121,0.3746130030959752,94,0.29102167182662536,MC,27,0.08359133126934984,PT_PVEM_MORENA_NAS,141,0.43653250773993807,20,0.06191950464396285,PAN_PRI_PRD,121,0.3746130030959752,94,0.29102167182662536,MC,27,0.08359133126934984,121,0.3746130030959752,141,0.43653250773993807,27,0.08359133126934984,4,0.01238390092879257,2,0.006191950464396285,12,0.03715170278637771,0,0.0,16,0.04953560371517028,323,1.0,ORIGEN,SECCION,SOLO_COALICIONES
1418,26,SONORA,SAN LUIS RIO COLORADO,,1,700,888,362,0.40765765765765766,0.5923423423423424,PT_PVEM_MORENA_NAS,161,0.4447513812154696,17,0.04696132596685083,PAN_PRI_PRD,144,0.39779005524861877,120,0.3314917127071823,MC,24,0.06629834254143646,PT_PVEM_MORENA_NAS,161,0.4447513812154696,17,0.04696132596685083,PAN_PRI_PRD,144,0.39779005524861877,120,0.3314917127071823,MC,24,0.06629834254143646,144,0.39779005524861877,161,0.4447513812154696,24,0.06629834254143646,8,0.022099447513812154,2,0.0055248618784530384,13,0.03591160220994475,0,0.0,10,0.027624309392265192,362,1.0,ORIGEN,SECCION,SOLO_COALICIONES
1419,26,SONORA,SAN LUIS RIO COLORADO,,1,701,2675,1052,0.3932710280373832,0.6067289719626168,PT_PVEM_MORENA_NAS,487,0.4629277566539924,97,0.09220532319391635,PAN_PRI_PRD,390,0.37072243346007605,331,0.314638783269962,MC,59,0.05608365019011407,PT_PVEM_MORENA_NAS,487,0.4629277566539924,97,0.09220532319391635,PAN_PRI_PRD,390,0.37072243346007605,331,0.314638783269962,MC,59,0.05608365019011407,390,0.37072243346007605,487,0.4629277566539924,59,0.05608365019011407,31,0.029467680608365018,4,0.0038022813688212928,55,0.05228136882129278,1,0.0009505703422053232,25,0.02376425855513308,1052,1.0,ORIGEN,SECCION,SOLO_COALICIONES
1420,26,SONORA,SAN LUIS RIO COLORADO,,1,702,1247,383,0.3071371291098637,0.6928628708901363,PT_PVEM_MORENA_NAS,223,0.5822454308093995,116,0.3028720626631854,PAN_PRI_PRD,107,0.2793733681462141,85,0.22193211488250653,MC,22,0.057441253263707574,PT_PVEM_MORENA_NAS,223,0.5822454308093995,116,0.3028720626631854,PAN_PRI_PRD,107,0.2793733681462141,85,0.22193211488250653,MC,22,0.057441253263707574,107,0.2793733681462141,223,0.5822454308093995,22,0.057441253263707574,7,0.018276762402088774,2,0.005221932114882507,21,0.05483028720626632,0,0.0,1,0.0026109660574412533,383,1.0,ORIGEN,SECCION,SOLO_COALICIONES
1421,26,SONORA,SAN LUIS RIO COLORADO,,1,703,1650,547,0.33151515151515154,0.6684848484848485,PT_PVEM_MORENA_NAS,289,0.5283363802559415,141,0.2577696526508227,PAN_PRI_PRD,148,0.27056672760511885,103,0.1882998171846435,MC,45,0.08226691042047532,PT_PVEM_MORENA_NAS,289,0.5283363802559415,141,0.2577696526508227,PAN_PRI_PRD,148,0.27056672760511885,103,0.1882998171846435,MC,45,0.08226691042047532,148,0.27056672760511885,289,0.5283363802559415,45,0.08226691042047532,12,0.021937842778793418,4,0.007312614259597806,39,0.0712979890310786,0,0.0,10,0.018281535648994516,547,1.0,ORIGEN,SECCION,SOLO_COALICIONES
1422,26,SONORA,SAN LUIS RIO COLORADO,,1,704,1714,558,0.32555425904317387,0.6744457409568261,PT_PVEM_MORENA_NAS,303,0.543010752688172,135,0.24193548387096775,PAN_PRI_PRD,168,0.3010752688172043,124,0.2222222222222222,MC,44,0.07885304659498207,PT_PVEM_MORENA_NAS,303,0.543010752688172,135,0.24193548387096775,PAN_PRI_PRD,168,0.3010752688172043,124,0.2222222222222222,MC,44,0.07885304659498207,168,0.3010752688172043,303,0.543010752688172,44,0.07885304659498207,10,0.017921146953405017,7,0.012544802867383513,18,0.03225806451612903,0,0.0,8,0.014336917562724014,558,1.0,ORIGEN,SECCION,SOLO_COALICIONES
1423,26,SONORA,SAN LUIS RIO COLORADO,,1,705,1672,517,0.3092105263157895,0.6907894736842105,PT_PVEM_MORENA_NAS,276,0.5338491295938105,144,0.27852998065764023,PAN_PRI_PRD,132,0.2553191489361702,73,0.14119922630560927,MC,59,0.11411992263056092,PT_PVEM_MORENA_NAS,276,0.5338491295938105,144,0.27852998065764023,PAN_PRI_PRD,132,0.2553191489361702,73,0.14119922630560927,MC,59,0.11411992263056092,132,0.2553191489361702,276,0.5338491295938105,59,0.11411992263056092,10,0.019342359767891684,1,0.0019342359767891683,14,0.027079303675048357,0,0.0,25,0.048355899419729204,517,1.0,ORIGEN,SECCION,SOLO_COALICIONES
1424,26,SONORA,SAN LUIS RIO COLORADO,,1,706,1772,621,0.35045146726862303,0.649548532731377,PT_PVEM_MORENA_NAS,285,0.45893719806763283,62,0.0998389694041868,PAN_PRI_PRD,223,0.35909822866344604,174,0.28019323671497587,MC,49,0.07890499194847021,PT_PVEM_MORENA_NAS,285,0.45893719806763283,62,0.0998389694041868,PAN_PRI_PRD,223,0.35909822866344604,174,0.28019323671497587,MC,49,0.07890499194847021,223,0.35909822866344604,285,0.45893719806763283,49,0.07890499194847021,16,0.02576489533011272,3,0.004830917874396135,20,0.0322061191626409,3,0.004830917874396135,22,0.03542673107890499,621,1.0,ORIGEN,SECCION,SOLO_COALICIONES
1425,26,SONORA,SAN LUIS RIO COLORADO,,1,707,1312,468,0.3567073170731707,0.6432926829268293,PT_PVEM_MORENA_NAS,234,0.5,65,0.1388888888888889,PAN_PRI_PRD,169,0.3611111111111111,137,0.29273504273504275,MC,32,0.06837606837606838,PT_PVEM_MORENA_NAS,234,0.5,65,0.1388888888888889,PAN_PRI_PRD,169,0.3611111111111111,137,0.29273504273504275,MC,32,0.06837606837606838,169,0.3611111111111111,234,0.5,32,0.06837606837606838,5,0.010683760683760684,2,0.004273504273504274,14,0.029914529914529916,0,0.0,12,0.02564102564102564,468,1.0,ORIGEN,SECCION,SOLO_COALICIONES
1426,26,SONORA,SAN LUIS RIO COLORADO,,1,708,1030,292,0.283495145631068,0.7165048543689321,PT_PVEM_MORENA_NAS,151,0.5171232876712328,60,0.2054794520547945,PAN_PRI_PRD,91,0.3116438356164384,60,0.2054794520547945,MC,31,0.10616438356164383,PT_PVEM_MORENA_NAS,151,0.5171232876712328,60,0.2054794520547945,PAN_PRI_PRD,91,0.3116438356164384,60,0.2054794520547945,MC,31,0.10616438356164383,91,0.3116438356164384,151,0.5171232876712328,31,0.10616438356164383,5,0.017123287671232876,1,0.003424657534246575,10,0.03424657534246575,1,0.003424657534246575,2,0.00684931506849315,292,1.0,ORIGEN,SECCION,SOLO_COALICIONES
1427,26,SONORA,SAN LUIS RIO COLORADO,,1,709,1249,436,0.3490792634107286,0.6509207365892714,PT_PVEM_MORENA_NAS,239,0.5481651376146789,99,0.22706422018348624,PAN_PRI_PRD,140,0.3211009174311927,114,0.26146788990825687,MC,26,0.05963302752293578,PT_PVEM_MORENA_NAS,239,0.5481651376146789,99,0.22706422018348624,PAN_PRI_PRD,140,0.3211009174311927,114,0.26146788990825687,MC,26,0.05963302752293578,140,0.3211009174311927,239,0.5481651376146789,26,0.05963302752293578,5,0.011467889908256881,2,0.0045871559633027525,15,0.034403669724770644,0,0.0,9,0.020642201834862386,436,1.0,ORIGEN,SECCION,SOLO_COALICIONES
1428,26,SONORA,SAN LUIS RIO COLORADO,,1,710,4226,1221,0.28892569805963086,0.7110743019403691,PT_PVEM_MORENA_NAS,657,0.538083538083538,326,0.266994266994267,PAN_PRI_PRD,331,0.2710892710892711,237,0.1941031941031941,MC,94,0.07698607698607698,PT_PVEM_MORENA_NAS,657,0.538083538083538,326,0.266994266994267,PAN_PRI_PRD,331,0.2710892710892711,237,0.1941031941031941,MC,94,0.07698607698607698,331,0.2710892710892711,657,0.538083538083538,94,0.07698607698607698,28,0.02293202293202293,5,0.004095004095004095,59,0.04832104832104832,4,0.003276003276003276,43,0.03521703521703522,1221,1.0,ORIGEN,SECCION,SOLO_COALICIONES
1429,26,SONORA,SAN LUIS RIO COLORADO,,1,711,3114,1004,0.32241490044958254,0.6775850995504175,PT_PVEM_MORENA_NAS,499,0.49701195219123506,173,0.17231075697211157,PAN_PRI_PRD,326,0.3247011952191235,253,0.25199203187250996,MC,73,0.07270916334661355,PT_PVEM_MORENA_NAS,499,0.49701195219123506,173,0.17231075697211157,PAN_PRI_PRD,326,0.3247011952191235,253,0.25199203187250996,MC,73,0.07270916334661355,326,0.3247011952191235,499,0.49701195219123506,73,0.07270916334661355,32,0.03187250996015936,4,0.00398406374501992,46,0.045816733067729085,1,0.00099601593625498,23,0.022908366533864542,1004,1.0,ORIGEN,SECCION,SOLO_COALICIONES
1430,26,SONORA,SAN LUIS RIO COLORADO,,1,712,739,212,0.2868741542625169,0.7131258457374832,PT_PVEM_MORENA_NAS,134,0.6320754716981132,90,0.42452830188679247,PAN_PRI_PRD,44,0.20754716981132076,29,0.13679245283018868,MC,15,0.07075471698113207,PT_PVEM_MORENA_NAS,134,0.6320754716981132,90,0.42452830188679247,PAN_PRI_PRD,44,0.20754716981132076,29,0.13679245283018868,MC,15,0.07075471698113207,44,0.20754716981132076,134,0.6320754716981132,15,0.07075471698113207,5,0.02358490566037736,1,0.0047169811320754715,4,0.018867924528301886,1,0.0047169811320754715,8,0.03773584905660377,212,1.0,ORIGEN,SECCION,SOLO_COALICIONES
1431,26,SONORA,SAN LUIS RIO COLORADO,,1,713,1555,550,0.3536977491961415,0.6463022508038585,PT_PVEM_MORENA_NAS,246,0.44727272727272727,56,0.10181818181818182,PAN_PRI_PRD,190,0.34545454545454546,137,0.24909090909090909,MC,53,0.09636363636363636,PT_PVEM_MORENA_NAS,246,0.44727272727272727,56,0.10181818181818182,PAN_PRI_PRD,190,0.34545454545454546,137,0.24909090909090909,MC,53,0.09636363636363636,190,0.34545454545454546,246,0.44727272727272727,53,0.09636363636363636,9,0.016363636363636365,8,0.014545454545454545,17,0.03090909090909091,0,0.0,27,0.04909090909090909,550,1.0,ORIGEN,SECCION,SOLO_COALICIONES
1432,26,SONORA,SAN LUIS RIO COLORADO,,1,714,1451,463,0.31909028256374916,0.6809097174362508,PT_PVEM_MORENA_NAS,218,0.4708423326133909,61,0.13174946004319654,PAN_PRI_PRD,157,0.3390928725701944,124,0.2678185745140389,MC,33,0.07127429805615551,PT_PVEM_MORENA_NAS,218,0.4708423326133909,61,0.13174946004319654,PAN_PRI_PRD,157,0.3390928725701944,124,0.2678185745140389,MC,33,0.07127429805615551,157,0.3390928725701944,218,0.4708423326133909,33,0.07127429805615551,12,0.02591792656587473,5,0.01079913606911447,16,0.03455723542116631,0,0.0,22,0.047516198704103674,463,1.0,ORIGEN,SECCION,SOLO_COALICIONES
1433,26,SONORA,SAN LUIS RIO COLORADO,,1,715,1157,424,0.36646499567847884,0.6335350043215211,PT_PVEM_MORENA_NAS,188,0.44339622641509435,17,0.04009433962264151,PAN_PRI_PRD,171,0.4033018867924528,144,0.33962264150943394,MC,27,0.06367924528301887,PT_PVEM_MORENA_NAS,188,0.44339622641509435,17,0.04009433962264151,PAN_PRI_PRD,171,0.4033018867924528,144,0.33962264150943394,MC,27,0.06367924528301887,171,0.4033018867924528,188,0.44339622641509435,27,0.06367924528301887,6,0.014150943396226415,5,0.01179245283018868,15,0.03537735849056604,0,0.0,12,0.02830188679245283,424,1.0,ORIGEN,SECCION,SOLO_COALICIONES
1434,26,SONORA,SAN LUIS RIO COLORADO,,1,716,915,310,0.33879781420765026,0.6612021857923498,PT_PVEM_MORENA_NAS,140,0.45161290322580644,52,0.16774193548387098,PAN_PRI_PRD,88,0.2838709677419355,48,0.15483870967741936,MC,40,0.12903225806451613,PT_PVEM_MORENA_NAS,140,0.45161290322580644,52,0.16774193548387098,PAN_PRI_PRD,88,0.2838709677419355,48,0.15483870967741936,MC,40,0.12903225806451613,88,0.2838709677419355,140,0.45161290322580644,40,0.12903225806451613,10,0.03225806451612903,0,0.0,16,0.05161290322580645,0,0.0,16,0.05161290322580645,310,1.0,ORIGEN,SECCION,SOLO_COALICIONES
1435,26,SONORA,SAN LUIS RIO COLORADO,,1,717,852,281,0.32981220657276994,0.67018779342723,PT_PVEM_MORENA_NAS,173,0.6156583629893239,114,0.40569395017793597,PAN_PRI_PRD,59,0.2099644128113879,39,0.1387900355871886,MC,20,0.0711743772241993,PT_PVEM_MORENA_NAS,173,0.6156583629893239,114,0.40569395017793597,PAN_PRI_PRD,59,0.2099644128113879,39,0.1387900355871886,MC,20,0.0711743772241993,59,0.2099644128113879,173,0.6156583629893239,20,0.0711743772241993,9,0.03202846975088968,1,0.0035587188612099642,10,0.03558718861209965,1,0.0035587188612099642,8,0.028469750889679714,281,1.0,ORIGEN,SECCION,SOLO_COALICIONES
1436,26,SONORA,SAN LUIS RIO COLORADO,,1,718,1731,468,0.2703639514731369,0.7296360485268631,PT_PVEM_MORENA_NAS,286,0.6111111111111112,195,0.4166666666666667,PAN_PRI_PRD,91,0.19444444444444445,53,0.11324786324786325,MC,38,0.0811965811965812,PT_PVEM_MORENA_NAS,286,0.6111111111111112,195,0.4166666666666667,PAN_PRI_PRD,91,0.19444444444444445,53,0.11324786324786325,MC,38,0.0811965811965812,91,0.19444444444444445,286,0.6111111111111112,38,0.0811965811965812,7,0.014957264957264958,9,0.019230769230769232,20,0.042735042735042736,0,0.0,17,0.03632478632478633,468,1.0,ORIGEN,SECCION,SOLO_COALICIONES
1437,26,SONORA,SAN LUIS RIO COLORADO,,1,719,2975,830,0.27899159663865547,0.7210084033613445,PT_PVEM_MORENA_NAS,445,0.536144578313253,200,0.24096385542168675,PAN_PRI_PRD,245,0.29518072289156627,175,0.21084337349397592,MC,70,0.08433734939759036,PT_PVEM_MORENA_NAS,445,0.536144578313253,200,0.24096385542168675,PAN_PRI_PRD,245,0.29518072289156627,175,0.21084337349397592,MC,70,0.08433734939759036,245,0.29518072289156627,445,0.536144578313253,70,0.08433734939759036,18,0.021686746987951807,6,0.007228915662650603,28,0.033734939759036145,0,0.0,18,0.021686746987951807,830,1.0,ORIGEN,SECCION,SOLO_COALICIONES
1438,26,SONORA,SAN LUIS RIO COLORADO,,1,720,928,305,0.3286637931034483,0.6713362068965517,PT_PVEM_MORENA_NAS,157,0.5147540983606558,72,0.2360655737704918,PAN_PRI_PRD,85,0.2786885245901639,56,0.18360655737704917,MC,29,0.09508196721311475,PT_PVEM_MORENA_NAS,157,0.5147540983606558,72,0.2360655737704918,PAN_PRI_PRD,85,0.2786885245901639,56,0.18360655737704917,MC,29,0.09508196721311475,85,0.2786885245901639,157,0.5147540983606558,29,0.09508196721311475,10,0.03278688524590164,2,0.006557377049180328,5,0.01639344262295082,0,0.0,17,0.05573770491803279,305,1.0,ORIGEN,SECCION,SOLO_COALICIONES
1439,26,SONORA,SAN LUIS RIO COLORADO,,1,721,2771,728,0.2627210393359798,0.7372789606640202,PT_PVEM_MORENA_NAS,403,0.5535714285714286,237,0.32554945054945056,PAN_PRI_PRD,166,0.22802197802197802,100,0.13736263736263737,MC,66,0.09065934065934066,PT_PVEM_MORENA_NAS,403,0.5535714285714286,237,0.32554945054945056,PAN_PRI_PRD,166,0.22802197802197802,100,0.13736263736263737,MC,66,0.09065934065934066,166,0.22802197802197802,403,0.5535714285714286,66,0.09065934065934066,20,0.027472527472527472,8,0.01098901098901099,35,0.04807692307692308,0,0.0,30,0.04120879120879121,728,1.0,ORIGEN,SECCION,SOLO_COALICIONES
1440,26,SONORA,SAN LUIS RIO COLORADO,,1,722,1558,455,0.2920410783055199,0.7079589216944802,PT_PVEM_MORENA_NAS,238,0.5230769230769231,105,0.23076923076923078,PAN_PRI_PRD,133,0.2923076923076923,105,0.23076923076923078,MC,28,0.06153846153846154,PT_PVEM_MORENA_NAS,238,0.5230769230769231,105,0.23076923076923078,PAN_PRI_PRD,133,0.2923076923076923,105,0.23076923076923078,MC,28,0.06153846153846154,133,0.2923076923076923,238,0.5230769230769231,28,0.06153846153846154,13,0.02857142857142857,6,0.013186813186813187,26,0.05714285714285714,0,0.0,11,0.024175824175824177,455,1.0,ORIGEN,SECCION,SOLO_COALICIONES
1441,26,SONORA,SAN LUIS RIO COLORADO,,1,723,4211,1193,0.28330562811683685,0.7166943718831631,PT_PVEM_MORENA_NAS,671,0.5624476110645432,355,0.297569153394803,PAN_PRI_PRD,316,0.26487845766974016,215,0.18021793797150043,MC,101,0.08466051969823973,PT_PVEM_MORENA_NAS,671,0.5624476110645432,355,0.297569153394803,PAN_PRI_PRD,316,0.26487845766974016,215,0.18021793797150043,MC,101,0.08466051969823973,316,0.26487845766974016,671,0.5624476110645432,101,0.08466051969823973,20,0.016764459346186086,5,0.004191114836546521,45,0.037720033528918694,2,0.0016764459346186086,33,0.027661357921207042,1193,1.0,ORIGEN,SECCION,SOLO_COALICIONES
1442,26,SONORA,SAN LUIS RIO COLORADO,,1,724,5995,1592,0.2655546288573811,0.7344453711426189,PT_PVEM_MORENA_NAS,876,0.550251256281407,507,0.3184673366834171,PAN_PRI_PRD,369,0.23178391959798994,187,0.11746231155778894,MC,182,0.114321608040201,PT_PVEM_MORENA_NAS,876,0.550251256281407,507,0.3184673366834171,PAN_PRI_PRD,369,0.23178391959798994,187,0.11746231155778894,MC,182,0.114321608040201,369,0.23178391959798994,876,0.550251256281407,182,0.114321608040201,21,0.013190954773869347,17,0.010678391959798994,84,0.052763819095477386,4,0.002512562814070352,39,0.024497487437185928,1592,1.0,ORIGEN,SECCION,SOLO_COALICIONES
1443,26,SONORA,SAN LUIS RIO COLORADO,,1,725,1260,374,0.2968253968253968,0.7031746031746031,PT_PVEM_MORENA_NAS,186,0.49732620320855614,82,0.2192513368983957,PAN_PRI_PRD,104,0.27807486631016043,64,0.1711229946524064,MC,40,0.10695187165775401,PT_PVEM_MORENA_NAS,186,0.49732620320855614,82,0.2192513368983957,PAN_PRI_PRD,104,0.27807486631016043,64,0.1711229946524064,MC,40,0.10695187165775401,104,0.27807486631016043,186,0.49732620320855614,40,0.10695187165775401,6,0.016042780748663103,5,0.013368983957219251,23,0.06149732620320856,0,0.0,10,0.026737967914438502,374,1.0,ORIGEN,SECCION,SOLO_COALICIONES
1444,26,SONORA,SAN LUIS RIO COLORADO,,1,726,1256,364,0.2898089171974522,0.7101910828025477,PT_PVEM_MORENA_NAS,189,0.5192307692307693,98,0.2692307692307692,PAN_PRI_PRD,91,0.25,57,0.1565934065934066,MC,34,0.09340659340659341,PT_PVEM_MORENA_NAS,189,0.5192307692307693,98,0.2692307692307692,PAN_PRI_PRD,91,0.25,57,0.1565934065934066,MC,34,0.09340659340659341,91,0.25,189,0.5192307692307693,34,0.09340659340659341,14,0.038461538461538464,7,0.019230769230769232,16,0.04395604395604396,0,0.0,13,0.03571428571428571,364,1.0,ORIGEN,SECCION,SOLO_COALICIONES
1445,26,SONORA,SAN LUIS RIO COLORADO,,1,727,1386,454,0.32756132756132755,0.6724386724386724,PT_PVEM_MORENA_NAS,253,0.5572687224669604,145,0.31938325991189426,PAN_PRI_PRD,108,0.23788546255506607,68,0.14977973568281938,MC,40,0.0881057268722467,PT_PVEM_MORENA_NAS,253,0.5572687224669604,145,0.31938325991189426,PAN_PRI_PRD,108,0.23788546255506607,68,0.14977973568281938,MC,40,0.0881057268722467,108,0.23788546255506607,253,0.5572687224669604,40,0.0881057268722467,13,0.028634361233480177,0,0.0,25,0.05506607929515418,2,0.004405286343612335,13,0.028634361233480177,454,1.0,ORIGEN,SECCION,SOLO_COALICIONES
1446,26,SONORA,SAN LUIS RIO COLORADO,,1,728,2388,615,0.25753768844221103,0.742462311557789,PT_PVEM_MORENA_NAS,358,0.5821138211382114,229,0.3723577235772358,PAN_PRI_PRD,129,0.2097560975609756,70,0.11382113821138211,MC,59,0.0959349593495935,PT_PVEM_MORENA_NAS,358,0.5821138211382114,229,0.3723577235772358,PAN_PRI_PRD,129,0.2097560975609756,70,0.11382113821138211,MC,59,0.0959349593495935,129,0.2097560975609756,358,0.5821138211382114,59,0.0959349593495935,14,0.022764227642276424,6,0.00975609756097561,27,0.04390243902439024,2,0.0032520325203252032,20,0.032520325203252036,615,1.0,ORIGEN,SECCION,SOLO_COALICIONES
1447,26,SONORA,SAN LUIS RIO COLORADO,,1,734,448,144,0.32142857142857145,0.6785714285714286,PT_PVEM_MORENA_NAS,65,0.4513888888888889,28,0.19444444444444445,PAN_PRI_PRD,37,0.2569444444444444,22,0.1527777777777778,FxM,15,0.10416666666666667,PT_PVEM_MORENA_NAS,65,0.4513888888888889,28,0.19444444444444445,PAN_PRI_PRD,37,0.2569444444444444,22,0.1527777777777778,FxM,15,0.10416666666666667,37,0.2569444444444444,65,0.4513888888888889,14,0.09722222222222222,4,0.027777777777777776,1,0.006944444444444444,15,0.10416666666666667,0,0.0,8,0.05555555555555555,144,1.0,ORIGEN,SECCION,SOLO_COALICIONES
1448,26,SONORA,SAN LUIS RIO COLORADO,,1,735,246,65,0.26422764227642276,0.7357723577235773,PT_PVEM_MORENA_NAS,30,0.46153846153846156,11,0.16923076923076924,PAN_PRI_PRD,19,0.2923076923076923,14,0.2153846153846154,MC,5,0.07692307692307693,PT_PVEM_MORENA_NAS,30,0.46153846153846156,11,0.16923076923076924,PAN_PRI_PRD,19,0.2923076923076923,14,0.2153846153846154,MC,5,0.07692307692307693,19,0.2923076923076923,30,0.46153846153846156,5,0.07692307692307693,4,0.06153846153846154,2,0.03076923076923077,2,0.03076923076923077,0,0.0,3,0.046153846153846156,65,1.0,ORIGEN,SECCION,SOLO_COALICIONES
1449,26,SONORA,SAN LUIS RIO COLORADO,,1,736,281,99,0.35231316725978645,0.6476868327402135,PT_PVEM_MORENA_NAS,54,0.5454545454545454,28,0.2828282828282828,PAN_PRI_PRD,26,0.26262626262626265,14,0.1414141414141414,MC,12,0.12121212121212122,PT_PVEM_MORENA_NAS,54,0.5454545454545454,28,0.2828282828282828,PAN_PRI_PRD,26,0.26262626262626265,14,0.1414141414141414,MC,12,0.12121212121212122,26,0.26262626262626265,54,0.5454545454545454,12,0.12121212121212122,1,0.010101010101010102,1,0.010101010101010102,3,0.030303030303030304,0,0.0,2,0.020202020202020204,99,1.0,ORIGEN,SECCION,SOLO_COALICIONES
1450,26,SONORA,SAN LUIS RIO COLORADO,,2,661,11097,2651,0.23889339461115616,0.7611066053888438,PT_PVEM_MORENA_NAS,1370,0.5167861184458695,581,0.2191625801584308,PAN_PRI_PRD,789,0.2976235382874387,565,0.21312712184081478,MC,224,0.08449641644662391,PT_PVEM_MORENA_NAS,1370,0.5167861184458695,581,0.2191625801584308,PAN_PRI_PRD,789,0.2976235382874387,565,0.21312712184081478,MC,224,0.08449641644662391,789,0.2976235382874387,1370,0.5167861184458695,224,0.08449641644662391,46,0.01735194266314598,18,0.0067898906073179935,130,0.04903809883062995,10,0.003772161448509996,64,0.024141833270463976,2651,1.0,ORIGEN,SECCION,SOLO_COALICIONES
1451,26,SONORA,SAN LUIS RIO COLORADO,,2,729,12989,2841,0.21872353529909924,0.7812764647009007,PT_PVEM_MORENA_NAS,1694,0.5962689193945794,1147,0.4037310806054206,PAN_PRI_PRD,547,0.19253783878915876,328,0.11545230552622317,MC,219,0.07708553326293559,PT_PVEM_MORENA_NAS,1694,0.5962689193945794,1147,0.4037310806054206,PAN_PRI_PRD,547,0.19253783878915876,328,0.11545230552622317,MC,219,0.07708553326293559,547,0.19253783878915876,1694,0.5962689193945794,219,0.07708553326293559,44,0.015487504399859204,31,0.010911650827173531,185,0.06511791622668074,6,0.0021119324181626186,115,0.04047870468145019,2841,1.0,ORIGEN,SECCION,SOLO_COALICIONES
1452,26,SONORA,SAN LUIS RIO COLORADO,,2,730,11539,2708,0.23468238148886386,0.7653176185111361,PT_PVEM_MORENA_NAS,1390,0.5132939438700148,755,0.2788035450516987,PAN_PRI_PRD,635,0.2344903988183161,402,0.1484490398818316,MC,233,0.08604135893648449,PT_PVEM_MORENA_NAS,1390,0.5132939438700148,755,0.2788035450516987,PAN_PRI_PRD,635,0.2344903988183161,402,0.1484490398818316,MC,233,0.08604135893648449,635,0.2344903988183161,1390,0.5132939438700148,233,0.08604135893648449,46,0.016986706056129987,69,0.025480059084194977,216,0.07976366322008863,18,0.0066469719350073855,101,0.03729689807976366,2708,1.0,ORIGEN,SECCION,SOLO_COALICIONES
1453,26,SONORA,SAN LUIS RIO COLORADO,,2,731,1930,684,0.3544041450777202,0.6455958549222798,PT_PVEM_MORENA_NAS,428,0.6257309941520468,332,0.4853801169590643,PAN_PRI_PRD,96,0.14035087719298245,48,0.07017543859649122,MC,48,0.07017543859649122,PT_PVEM_MORENA_NAS,428,0.6257309941520468,332,0.4853801169590643,PAN_PRI_PRD,96,0.14035087719298245,48,0.07017543859649122,MC,48,0.07017543859649122,96,0.14035087719298245,428,0.6257309941520468,48,0.07017543859649122,24,0.03508771929824561,5,0.007309941520467836,32,0.04678362573099415,0,0.0,51,0.07456140350877193,684,1.0,ORIGEN,SECCION,SOLO_COALICIONES
1454,26,SONORA,SAN LUIS RIO COLORADO,,2,732,1992,475,0.23845381526104417,0.7615461847389559,PT_PVEM_MORENA_NAS,298,0.6273684210526316,223,0.4694736842105263,PAN_PRI_PRD,75,0.15789473684210525,37,0.07789473684210527,MC,38,0.08,PT_PVEM_MORENA_NAS,298,0.6273684210526316,223,0.4694736842105263,PAN_PRI_PRD,75,0.15789473684210525,37,0.07789473684210527,MC,38,0.08,75,0.15789473684210525,298,0.6273684210526316,38,0.08,8,0.016842105263157894,11,0.023157894736842106,15,0.031578947368421054,0,0.0,30,0.06315789473684211,475,1.0,ORIGEN,SECCION,SOLO_COALICIONES
1455,26,SONORA,SAN LUIS RIO COLORADO,,2,733,692,330,0.476878612716763,0.523121387283237,PT_PVEM_MORENA_NAS,201,0.6090909090909091,132,0.4,PAN_PRI_PRD,69,0.20909090909090908,52,0.15757575757575756,MC,17,0.051515151515151514,PT_PVEM_MORENA_NAS,201,0.6090909090909091,132,0.4,PAN_PRI_PRD,69,0.20909090909090908,52,0.15757575757575756,MC,17,0.051515151515151514,69,0.20909090909090908,201,0.6090909090909091,17,0.051515151515151514,9,0.02727272727272727,5,0.015151515151515152,11,0.03333333333333333,0,0.0,18,0.05454545454545454,330,1.0,ORIGEN,SECCION,SOLO_COALICIONES
1456,26,SONORA,SAN LUIS RIO COLORADO,,2,737,5122,1323,0.25829754002342836,0.7417024599765716,PT_PVEM_MORENA_NAS,764,0.5774754346182918,489,0.36961451247165533,PAN_PRI_PRD,275,0.20786092214663643,162,0.12244897959183673,MC,113,0.0854119425547997,PT_PVEM_MORENA_NAS,764,0.5774754346182918,489,0.36961451247165533,PAN_PRI_PRD,275,0.20786092214663643,162,0.12244897959183673,MC,113,0.0854119425547997,275,0.20786092214663643,764,0.5774754346182918,113,0.0854119425547997,35,0.026455026455026454,20,0.015117157974300832,52,0.039304610733182165,3,0.0022675736961451248,61,0.04610733182161754,1323,1.0,ORIGEN,SECCION,SOLO_COALICIONES
1457,26,SONORA,SAN LUIS RIO COLORADO,,2,738,1540,560,0.36363636363636365,0.6363636363636364,PT_PVEM_MORENA_NAS,316,0.5642857142857143,224,0.4,PAN_PRI_PRD,92,0.16428571428571428,36,0.06428571428571428,MC,56,0.1,PT_PVEM_MORENA_NAS,316,0.5642857142857143,224,0.4,PAN_PRI_PRD,92,0.16428571428571428,36,0.06428571428571428,MC,56,0.1,92,0.16428571428571428,316,0.5642857142857143,56,0.1,19,0.033928571428571426,10,0.017857142857142856,27,0.048214285714285716,1,0.0017857142857142857,39,0.06964285714285715,560,1.0,ORIGEN,SECCION,SOLO_COALICIONES
1458,26,SONORA,SAN LUIS RIO COLORADO,,2,739,258,144,0.5581395348837209,0.4418604651162791,PT_PVEM_MORENA_NAS,79,0.5486111111111112,64,0.4444444444444444,PAN_PRI_PRD,15,0.10416666666666667,2,0.013888888888888888,MC,13,0.09027777777777778,PT_PVEM_MORENA_NAS,79,0.5486111111111112,64,0.4444444444444444,PAN_PRI_PRD,15,0.10416666666666667,2,0.013888888888888888,MC,13,0.09027777777777778,15,0.10416666666666667,79,0.5486111111111112,13,0.09027777777777778,9,0.0625,10,0.06944444444444445,12,0.08333333333333333,0,0.0,6,0.041666666666666664,144,1.0,ORIGEN,SECCION,SOLO_COALICIONES
1459,26,SONORA,SAN LUIS RIO COLORADO,,2,740,1860,574,0.3086021505376344,0.6913978494623656,PT_PVEM_MORENA_NAS,335,0.5836236933797909,246,0.42857142857142855,PAN_PRI_PRD,89,0.15505226480836237,4,0.006968641114982578,MC,85,0.1480836236933798,PT_PVEM_MORENA_NAS,335,0.5836236933797909,246,0.42857142857142855,PAN_PRI_PRD,89,0.15505226480836237,4,0.006968641114982578,MC,85,0.1480836236933798,89,0.15505226480836237,335,0.5836236933797909,85,0.1480836236933798,7,0.012195121951219513,3,0.005226480836236934,11,0.01916376306620209,1,0.0017421602787456446,43,0.07491289198606271,574,1.0,ORIGEN,SECCION,SOLO_COALICIONES
1460,26,SONORA,SAN LUIS RIO COLORADO,,2,741,2042,960,0.4701273261508325,0.5298726738491675,PT_PVEM_MORENA_NAS,633,0.659375,488,0.5083333333333333,PAN_PRI_PRD,145,0.15104166666666666,100,0.10416666666666667,MC,45,0.046875,PT_PVEM_MORENA_NAS,633,0.659375,488,0.5083333333333333,PAN_PRI_PRD,145,0.15104166666666666,100,0.10416666666666667,MC,45,0.046875,145,0.15104166666666666,633,0.659375,45,0.046875,26,0.027083333333333334,12,0.0125,20,0.020833333333333332,2,0.0020833333333333333,77,0.08020833333333334,960,1.0,ORIGEN,SECCION,SOLO_COALICIONES
1461,26,SONORA,SAN LUIS RIO COLORADO,,2,742,3536,979,0.2768665158371041,0.7231334841628959,PT_PVEM_MORENA_NAS,396,0.4044943820224719,26,0.026557711950970377,PAN_PRI_PRD,370,0.37793667007150156,254,0.25944841675178754,MC,116,0.118488253319714,PT_PVEM_MORENA_NAS,396,0.4044943820224719,26,0.026557711950970377,PAN_PRI_PRD,370,0.37793667007150156,254,0.25944841675178754,MC,116,0.118488253319714,370,0.37793667007150156,396,0.4044943820224719,116,0.118488253319714,20,0.020429009193054137,14,0.014300306435137897,16,0.01634320735444331,3,0.0030643513789581204,44,0.0449438202247191,979,1.0,ORIGEN,SECCION,SOLO_COALICIONES
1462,26,SONORA,SAN MIGUEL DE HORCASITAS,,18,743,515,329,0.6388349514563106,0.36116504854368936,PT_PVEM_MORENA_NAS,160,0.48632218844984804,27,0.08206686930091185,PAN_PRI_PRD,133,0.40425531914893614,127,0.3860182370820669,FxM,6,0.0182370820668693,PT_PVEM_MORENA_NAS,160,0.48632218844984804,27,0.08206686930091185,PAN_PRI_PRD,133,0.40425531914893614,127,0.3860182370820669,FxM,6,0.0182370820668693,133,0.40425531914893614,160,0.48632218844984804,3,0.00911854103343465,2,0.0060790273556231,3,0.00911854103343465,6,0.0182370820668693,0,0.0,22,0.0668693009118541,329,1.0,ORIGEN,SECCION,SOLO_COALICIONES
1463,26,SONORA,SAN MIGUEL DE HORCASITAS,,18,744,221,131,0.5927601809954751,0.4072398190045249,PT_PVEM_MORENA_NAS,72,0.549618320610687,30,0.22900763358778625,PAN_PRI_PRD,42,0.32061068702290074,39,0.29770992366412213,MC,3,0.022900763358778626,PT_PVEM_MORENA_NAS,72,0.549618320610687,30,0.22900763358778625,PAN_PRI_PRD,42,0.32061068702290074,39,0.29770992366412213,MC,3,0.022900763358778626,42,0.32061068702290074,72,0.549618320610687,3,0.022900763358778626,2,0.015267175572519083,0,0.0,1,0.007633587786259542,0,0.0,11,0.08396946564885496,131,1.0,ORIGEN,SECCION,SOLO_COALICIONES
1464,26,SONORA,SAN MIGUEL DE HORCASITAS,,18,745,343,243,0.7084548104956269,0.29154518950437314,PAN_PRI_PRD,135,0.5555555555555556,63,0.25925925925925924,PT_PVEM_MORENA_NAS,72,0.2962962962962963,62,0.2551440329218107,PES,10,0.0411522633744856,PAN_PRI_PRD,135,0.5555555555555556,63,0.25925925925925924,PT_PVEM_MORENA_NAS,72,0.2962962962962963,62,0.2551440329218107,PES,10,0.0411522633744856,135,0.5555555555555556,72,0.2962962962962963,4,0.01646090534979424,10,0.0411522633744856,0,0.0,1,0.00411522633744856,0,0.0,21,0.08641975308641975,243,1.0,ORIGEN,SECCION,SOLO_COALICIONES
1465,26,SONORA,SAN MIGUEL DE HORCASITAS,,18,746,4963,1662,0.33487809792464235,0.6651219020753576,PT_PVEM_MORENA_NAS,812,0.48856799037304455,318,0.19133574007220217,PAN_PRI_PRD,494,0.2972322503008424,423,0.2545126353790614,MC,71,0.04271961492178099,PT_PVEM_MORENA_NAS,812,0.48856799037304455,318,0.19133574007220217,PAN_PRI_PRD,494,0.2972322503008424,423,0.2545126353790614,MC,71,0.04271961492178099,494,0.2972322503008424,812,0.48856799037304455,71,0.04271961492178099,44,0.026474127557160047,16,0.009626955475330927,19,0.011432009626955475,0,0.0,206,0.12394705174488568,1662,1.0,ORIGEN,SECCION,SOLO_COALICIONES
1466,26,SONORA,SAN PEDRO DE LA CUEVA,,18,249,1005,1168,1.1621890547263682,-0.16218905472636824,PT_PVEM_MORENA_NAS,614,0.5256849315068494,158,0.13527397260273974,PAN_PRI_PRD,456,0.3904109589041096,427,0.3655821917808219,MC,29,0.02482876712328767,PT_PVEM_MORENA_NAS,614,0.5256849315068494,158,0.13527397260273974,PAN_PRI_PRD,456,0.3904109589041096,427,0.3655821917808219,MC,29,0.02482876712328767,456,0.3904109589041096,614,0.5256849315068494,29,0.02482876712328767,6,0.005136986301369863,6,0.005136986301369863,5,0.004280821917808219,0,0.0,52,0.04452054794520548,1168,1.0,ORIGEN,SECCION,SOLO_COALICIONES
1467,26,SONORA,SAN PEDRO DE LA CUEVA,,18,251,415,313,0.7542168674698795,0.24578313253012052,PT_PVEM_MORENA_NAS,151,0.48242811501597443,26,0.08306709265175719,PAN_PRI_PRD,125,0.3993610223642173,119,0.3801916932907348,MC,6,0.019169329073482427,PT_PVEM_MORENA_NAS,151,0.48242811501597443,26,0.08306709265175719,PAN_PRI_PRD,125,0.3993610223642173,119,0.3801916932907348,MC,6,0.019169329073482427,125,0.3993610223642173,151,0.48242811501597443,6,0.019169329073482427,0,0.0,2,0.006389776357827476,3,0.009584664536741214,0,0.0,26,0.08306709265175719,313,1.0,ORIGEN,SECCION,SOLO_COALICIONES
1468,26,SONORA,SANTA ANA,,18,252,665,397,0.5969924812030075,0.4030075187969925,PT_PVEM_MORENA_NAS,197,0.49622166246851385,16,0.04030226700251889,PAN_PRI_PRD,181,0.45591939546599497,165,0.4156171284634761,MC,16,0.04030226700251889,PT_PVEM_MORENA_NAS,197,0.49622166246851385,16,0.04030226700251889,PAN_PRI_PRD,181,0.45591939546599497,165,0.4156171284634761,MC,16,0.04030226700251889,181,0.45591939546599497,197,0.49622166246851385,16,0.04030226700251889,2,0.005037783375314861,1,0.0025188916876574307,0,0.0,0,0.0,0,0.0,397,1.0,ORIGEN,SECCION,SOLO_COALICIONES
1469,26,SONORA,SANTA ANA,,18,253,976,484,0.4959016393442623,0.5040983606557377,PT_PVEM_MORENA_NAS,214,0.44214876033057854,12,0.024793388429752067,PAN_PRI_PRD,202,0.41735537190082644,169,0.34917355371900827,MC,33,0.06818181818181818,PT_PVEM_MORENA_NAS,214,0.44214876033057854,12,0.024793388429752067,PAN_PRI_PRD,202,0.41735537190082644,169,0.34917355371900827,MC,33,0.06818181818181818,202,0.41735537190082644,214,0.44214876033057854,33,0.06818181818181818,2,0.004132231404958678,5,0.010330578512396695,4,0.008264462809917356,0,0.0,24,0.049586776859504134,484,1.0,ORIGEN,SECCION,SOLO_COALICIONES
1470,26,SONORA,SANTA ANA,,18,254,1186,692,0.5834738617200674,0.41652613827993257,PT_PVEM_MORENA_NAS,363,0.5245664739884393,110,0.15895953757225434,PAN_PRI_PRD,253,0.36560693641618497,209,0.3020231213872832,MC,44,0.06358381502890173,PT_PVEM_MORENA_NAS,363,0.5245664739884393,110,0.15895953757225434,PAN_PRI_PRD,253,0.36560693641618497,209,0.3020231213872832,MC,44,0.06358381502890173,253,0.36560693641618497,363,0.5245664739884393,44,0.06358381502890173,4,0.005780346820809248,2,0.002890173410404624,6,0.008670520231213872,0,0.0,20,0.028901734104046242,692,1.0,ORIGEN,SECCION,SOLO_COALICIONES
1471,26,SONORA,SANTA ANA,,18,255,3225,1676,0.5196899224806202,0.4803100775193798,PT_PVEM_MORENA_NAS,962,0.5739856801909308,479,0.28579952267303105,PAN_PRI_PRD,483,0.2881861575178998,383,0.22852028639618138,MC,100,0.059665871121718374,PT_PVEM_MORENA_NAS,962,0.5739856801909308,479,0.28579952267303105,PAN_PRI_PRD,483,0.2881861575178998,383,0.22852028639618138,MC,100,0.059665871121718374,483,0.2881861575178998,962,0.5739856801909308,100,0.059665871121718374,17,0.010143198090692125,11,0.0065632458233890216,18,0.010739856801909307,3,0.0017899761336515514,82,0.04892601431980907,1676,1.0,ORIGEN,SECCION,SOLO_COALICIONES
1472,26,SONORA,SANTA ANA,,18,256,1049,642,0.6120114394661582,0.3879885605338418,PAN_PRI_PRD,334,0.5202492211838006,94,0.14641744548286603,PT_PVEM_MORENA_NAS,240,0.37383177570093457,205,0.31931464174454827,MC,35,0.05451713395638629,PAN_PRI_PRD,334,0.5202492211838006,94,0.14641744548286603,PT_PVEM_MORENA_NAS,240,0.37383177570093457,205,0.31931464174454827,MC,35,0.05451713395638629,334,0.5202492211838006,240,0.37383177570093457,35,0.05451713395638629,5,0.00778816199376947,4,0.006230529595015576,3,0.004672897196261682,0,0.0,21,0.03271028037383177,642,1.0,ORIGEN,SECCION,SOLO_COALICIONES
1473,26,SONORA,SANTA ANA,,18,257,1326,745,0.5618401206636501,0.4381598793363499,PT_PVEM_MORENA_NAS,359,0.4818791946308725,61,0.08187919463087248,PAN_PRI_PRD,298,0.4,252,0.338255033557047,MC,46,0.06174496644295302,PT_PVEM_MORENA_NAS,359,0.4818791946308725,61,0.08187919463087248,PAN_PRI_PRD,298,0.4,252,0.338255033557047,MC,46,0.06174496644295302,298,0.4,359,0.4818791946308725,46,0.06174496644295302,7,0.009395973154362415,4,0.005369127516778523,7,0.009395973154362415,0,0.0,24,0.032214765100671144,745,1.0,ORIGEN,SECCION,SOLO_COALICIONES
1474,26,SONORA,SANTA ANA,,18,258,195,122,0.6256410256410256,0.37435897435897436,PT_PVEM_MORENA_NAS,68,0.5573770491803278,44,0.36065573770491804,PAN_PRI_PRD,24,0.19672131147540983,7,0.05737704918032787,MC,17,0.13934426229508196,PT_PVEM_MORENA_NAS,68,0.5573770491803278,44,0.36065573770491804,PAN_PRI_PRD,24,0.19672131147540983,7,0.05737704918032787,MC,17,0.13934426229508196,24,0.19672131147540983,68,0.5573770491803278,17,0.13934426229508196,1,0.00819672131147541,3,0.02459016393442623,3,0.02459016393442623,0,0.0,6,0.04918032786885246,122,1.0,ORIGEN,SECCION,SOLO_COALICIONES
1475,26,SONORA,SANTA ANA,,18,259,440,223,0.5068181818181818,0.49318181818181817,PT_PVEM_MORENA_NAS,144,0.6457399103139013,96,0.4304932735426009,PAN_PRI_PRD,48,0.21524663677130046,35,0.15695067264573992,MC,13,0.05829596412556054,PT_PVEM_MORENA_NAS,144,0.6457399103139013,96,0.4304932735426009,PAN_PRI_PRD,48,0.21524663677130046,35,0.15695067264573992,MC,13,0.05829596412556054,48,0.21524663677130046,144,0.6457399103139013,13,0.05829596412556054,2,0.008968609865470852,3,0.013452914798206279,2,0.008968609865470852,0,0.0,11,0.04932735426008968,223,1.0,ORIGEN,SECCION,SOLO_COALICIONES
1476,26,SONORA,SANTA ANA,,18,260,712,393,0.5519662921348315,0.4480337078651685,PT_PVEM_MORENA_NAS,150,0.3816793893129771,23,0.058524173027989825,PAN_PRI_PRD,127,0.3231552162849873,36,0.0916030534351145,MC,91,0.23155216284987276,PT_PVEM_MORENA_NAS,150,0.3816793893129771,23,0.058524173027989825,PAN_PRI_PRD,127,0.3231552162849873,36,0.0916030534351145,MC,91,0.23155216284987276,127,0.3231552162849873,150,0.3816793893129771,91,0.23155216284987276,2,0.005089058524173028,5,0.01272264631043257,4,0.010178117048346057,0,0.0,14,0.035623409669211195,393,1.0,ORIGEN,SECCION,SOLO_COALICIONES
1477,26,SONORA,SANTA ANA,,18,261,968,498,0.5144628099173554,0.4855371900826446,PT_PVEM_MORENA_NAS,261,0.5240963855421686,103,0.20682730923694778,PAN_PRI_PRD,158,0.3172690763052209,129,0.25903614457831325,MC,29,0.05823293172690763,PT_PVEM_MORENA_NAS,261,0.5240963855421686,103,0.20682730923694778,PAN_PRI_PRD,158,0.3172690763052209,129,0.25903614457831325,MC,29,0.05823293172690763,158,0.3172690763052209,261,0.5240963855421686,29,0.05823293172690763,5,0.010040160642570281,5,0.010040160642570281,7,0.014056224899598393,0,0.0,33,0.06626506024096386,498,1.0,ORIGEN,SECCION,SOLO_COALICIONES
1478,26,SONORA,SANTA ANA,,18,262,875,461,0.5268571428571428,0.4731428571428572,PT_PVEM_MORENA_NAS,272,0.5900216919739696,137,0.29718004338394793,PAN_PRI_PRD,135,0.2928416485900217,105,0.227765726681128,MC,30,0.0650759219088937,PT_PVEM_MORENA_NAS,272,0.5900216919739696,137,0.29718004338394793,PAN_PRI_PRD,135,0.2928416485900217,105,0.227765726681128,MC,30,0.0650759219088937,135,0.2928416485900217,272,0.5900216919739696,30,0.0650759219088937,5,0.010845986984815618,4,0.008676789587852495,3,0.006507592190889371,0,0.0,12,0.026030368763557483,461,1.0,ORIGEN,SECCION,SOLO_COALICIONES
1479,26,SONORA,SANTA ANA,,18,263,1018,569,0.5589390962671905,0.4410609037328095,PT_PVEM_MORENA_NAS,319,0.5606326889279437,133,0.23374340949033393,PAN_PRI_PRD,186,0.3268892794376098,147,0.2583479789103691,MC,39,0.06854130052724078,PT_PVEM_MORENA_NAS,319,0.5606326889279437,133,0.23374340949033393,PAN_PRI_PRD,186,0.3268892794376098,147,0.2583479789103691,MC,39,0.06854130052724078,186,0.3268892794376098,319,0.5606326889279437,39,0.06854130052724078,2,0.0035149384885764497,2,0.0035149384885764497,7,0.012302284710017574,0,0.0,14,0.02460456942003515,569,1.0,ORIGEN,SECCION,SOLO_COALICIONES
1480,26,SONORA,SANTA CRUZ,,4,264,1454,870,0.5983493810178817,0.4016506189821183,PT_PVEM_MORENA_NAS,476,0.5471264367816092,233,0.267816091954023,PAN_PRI_PRD,243,0.2793103448275862,171,0.19655172413793104,MC,72,0.08275862068965517,PT_PVEM_MORENA_NAS,476,0.5471264367816092,233,0.267816091954023,PAN_PRI_PRD,243,0.2793103448275862,171,0.19655172413793104,MC,72,0.08275862068965517,243,0.2793103448275862,476,0.5471264367816092,72,0.08275862068965517,24,0.027586206896551724,7,0.008045977011494253,6,0.006896551724137931,1,0.0011494252873563218,41,0.047126436781609195,870,1.0,ORIGEN,SECCION,SOLO_COALICIONES
1481,26,SONORA,SARIC,,3,265,1054,677,0.642314990512334,0.357685009487666,PT_PVEM_MORENA_NAS,282,0.41654357459379615,69,0.1019202363367799,RSP,213,0.31462333825701627,58,0.08567208271787297,PAN_PRI_PRD,155,0.22895125553914328,PT_PVEM_MORENA_NAS,282,0.41654357459379615,69,0.1019202363367799,RSP,213,0.31462333825701627,58,0.08567208271787297,PAN_PRI_PRD,155,0.22895125553914328,155,0.22895125553914328,282,0.41654357459379615,9,0.013293943870014771,7,0.0103397341211226,213,0.31462333825701627,2,0.0029542097488921715,0,0.0,9,0.013293943870014771,677,1.0,ORIGEN,SECCION,SOLO_COALICIONES
1482,26,SONORA,SARIC,,3,266,794,317,0.3992443324937028,0.6007556675062973,PT_PVEM_MORENA_NAS,128,0.4037854889589905,18,0.056782334384858045,RSP,110,0.3470031545741325,76,0.23974763406940064,PAN_PRI_PRD,34,0.10725552050473186,PT_PVEM_MORENA_NAS,128,0.4037854889589905,18,0.056782334384858045,RSP,110,0.3470031545741325,76,0.23974763406940064,PAN_PRI_PRD,34,0.10725552050473186,34,0.10725552050473186,128,0.4037854889589905,14,0.04416403785488959,5,0.015772870662460567,110,0.3470031545741325,2,0.006309148264984227,0,0.0,24,0.07570977917981073,317,1.0,ORIGEN,SECCION,SOLO_COALICIONES
1483,26,SONORA,SOYOPA,,18,267,416,340,0.8173076923076923,0.1826923076923077,PT_PVEM_MORENA_NAS,156,0.4588235294117647,21,0.061764705882352944,PAN_PRI_PRD,135,0.39705882352941174,120,0.35294117647058826,MC,15,0.04411764705882353,PT_PVEM_MORENA_NAS,156,0.4588235294117647,21,0.061764705882352944,PAN_PRI_PRD,135,0.39705882352941174,120,0.35294117647058826,MC,15,0.04411764705882353,135,0.39705882352941174,156,0.4588235294117647,15,0.04411764705882353,14,0.041176470588235294,5,0.014705882352941176,5,0.014705882352941176,0,0.0,10,0.029411764705882353,340,1.0,ORIGEN,SECCION,SOLO_COALICIONES
1484,26,SONORA,SOYOPA,,18,268,364,293,0.804945054945055,0.19505494505494503,PT_PVEM_MORENA_NAS,150,0.5119453924914675,45,0.15358361774744028,PAN_PRI_PRD,105,0.3583617747440273,94,0.32081911262798635,MC,11,0.03754266211604096,PT_PVEM_MORENA_NAS,150,0.5119453924914675,45,0.15358361774744028,PAN_PRI_PRD,105,0.3583617747440273,94,0.32081911262798635,MC,11,0.03754266211604096,105,0.3583617747440273,150,0.5119453924914675,11,0.03754266211604096,3,0.010238907849829351,1,0.0034129692832764505,4,0.013651877133105802,0,0.0,19,0.06484641638225255,293,1.0,ORIGEN,SECCION,SOLO_COALICIONES
1485,26,SONORA,SOYOPA,,18,269,333,305,0.9159159159159159,0.08408408408408408,PT_PVEM_MORENA_NAS,207,0.6786885245901639,136,0.4459016393442623,PAN_PRI_PRD,71,0.23278688524590163,63,0.20655737704918034,MC,8,0.02622950819672131,PT_PVEM_MORENA_NAS,207,0.6786885245901639,136,0.4459016393442623,PAN_PRI_PRD,71,0.23278688524590163,63,0.20655737704918034,MC,8,0.02622950819672131,71,0.23278688524590163,207,0.6786885245901639,8,0.02622950819672131,0,0.0,1,0.003278688524590164,4,0.013114754098360656,0,0.0,14,0.04590163934426229,305,1.0,ORIGEN,SECCION,SOLO_COALICIONES
1486,26,SONORA,SOYOPA,,18,270,442,237,0.5361990950226244,0.4638009049773756,PT_PVEM_MORENA_NAS,108,0.45569620253164556,9,0.0379746835443038,PAN_PRI_PRD,99,0.4177215189873418,89,0.3755274261603376,MC,10,0.04219409282700422,PT_PVEM_MORENA_NAS,108,0.45569620253164556,9,0.0379746835443038,PAN_PRI_PRD,99,0.4177215189873418,89,0.3755274261603376,MC,10,0.04219409282700422,99,0.4177215189873418,108,0.45569620253164556,10,0.04219409282700422,2,0.008438818565400843,5,0.02109704641350211,2,0.008438818565400843,0,0.0,11,0.046413502109704644,237,1.0,ORIGEN,SECCION,SOLO_COALICIONES
1487,26,SONORA,SOYOPA,,18,272,365,314,0.8602739726027397,0.13972602739726026,PT_PVEM_MORENA_NAS,163,0.5191082802547771,41,0.1305732484076433,PAN_PRI_PRD,122,0.3885350318471338,113,0.35987261146496813,MC,9,0.028662420382165606,PT_PVEM_MORENA_NAS,163,0.5191082802547771,41,0.1305732484076433,PAN_PRI_PRD,122,0.3885350318471338,113,0.35987261146496813,MC,9,0.028662420382165606,122,0.3885350318471338,163,0.5191082802547771,9,0.028662420382165606,4,0.012738853503184714,4,0.012738853503184714,4,0.012738853503184714,0,0.0,8,0.025477707006369428,314,1.0,ORIGEN,SECCION,SOLO_COALICIONES
1488,26,SONORA,SUAQUI GRANDE,,18,273,1548,1318,0.851421188630491,0.148578811369509,PT_PVEM_MORENA_NAS,650,0.4931714719271624,78,0.05918057663125948,PAN_PRI_PRD,572,0.4339908952959029,559,0.4241274658573596,MC,13,0.009863429438543247,PT_PVEM_MORENA_NAS,650,0.4931714719271624,78,0.05918057663125948,PAN_PRI_PRD,572,0.4339908952959029,559,0.4241274658573596,MC,13,0.009863429438543247,572,0.4339908952959029,650,0.4931714719271624,13,0.009863429438543247,7,0.005311077389984826,2,0.0015174506828528073,6,0.004552352048558422,0,0.0,68,0.051593323216995446,1318,1.0,ORIGEN,SECCION,SOLO_COALICIONES
1489,26,SONORA,TEPACHE,,18,274,744,534,0.717741935483871,0.282258064516129,PAN_PRI_PRD,238,0.44569288389513106,27,0.05056179775280899,PT_PVEM_MORENA_NAS,211,0.3951310861423221,156,0.29213483146067415,MC,55,0.10299625468164794,PAN_PRI_PRD,238,0.44569288389513106,27,0.05056179775280899,PT_PVEM_MORENA_NAS,211,0.3951310861423221,156,0.29213483146067415,MC,55,0.10299625468164794,238,0.44569288389513106,211,0.3951310861423221,55,0.10299625468164794,3,0.0056179775280898875,5,0.009363295880149813,7,0.013108614232209739,1,0.0018726591760299626,14,0.026217228464419477,534,1.0,ORIGEN,SECCION,SOLO_COALICIONES
1490,26,SONORA,TEPACHE,,18,275,694,498,0.7175792507204611,0.28242074927953886,PT_PVEM_MORENA_NAS,238,0.4779116465863454,72,0.14457831325301204,PAN_PRI_PRD,166,0.3333333333333333,87,0.1746987951807229,MC,79,0.15863453815261044,PT_PVEM_MORENA_NAS,238,0.4779116465863454,72,0.14457831325301204,PAN_PRI_PRD,166,0.3333333333333333,87,0.1746987951807229,MC,79,0.15863453815261044,166,0.3333333333333333,238,0.4779116465863454,79,0.15863453815261044,2,0.004016064257028112,2,0.004016064257028112,0,0.0,0,0.0,11,0.02208835341365462,498,1.0,ORIGEN,SECCION,SOLO_COALICIONES
1491,26,SONORA,TRINCHERAS,,3,278,1187,897,0.7556866048862679,0.24431339511373207,PAN_PRI_PRD,313,0.34894091415830547,35,0.03901895206243032,PT_PVEM_MORENA_NAS,278,0.30992196209587514,53,0.059085841694537344,MC,225,0.2508361204013378,PAN_PRI_PRD,313,0.34894091415830547,35,0.03901895206243032,PT_PVEM_MORENA_NAS,278,0.30992196209587514,53,0.059085841694537344,MC,225,0.2508361204013378,313,0.34894091415830547,278,0.30992196209587514,225,0.2508361204013378,11,0.012263099219620958,4,0.004459308807134894,8,0.008918617614269788,0,0.0,58,0.06465997770345597,897,1.0,ORIGEN,SECCION,SOLO_COALICIONES
1492,26,SONORA,TRINCHERAS,,3,279,250,203,0.812,0.18799999999999994,PT_PVEM_MORENA_NAS,65,0.32019704433497537,3,0.014778325123152709,PAN_PRI_PRD,62,0.3054187192118227,15,0.07389162561576355,MC,47,0.2315270935960591,PT_PVEM_MORENA_NAS,65,0.32019704433497537,3,0.014778325123152709,PAN_PRI_PRD,62,0.3054187192118227,15,0.07389162561576355,MC,47,0.2315270935960591,62,0.3054187192118227,65,0.32019704433497537,47,0.2315270935960591,12,0.059113300492610835,0,0.0,2,0.009852216748768473,0,0.0,15,0.07389162561576355,203,1.0,ORIGEN,SECCION,SOLO_COALICIONES
1493,26,SONORA,TUBUTAMA,,3,281,424,281,0.6627358490566038,0.33726415094339623,PT_PVEM_MORENA_NAS,142,0.505338078291815,33,0.11743772241992882,PAN_PRI_PRD,109,0.3879003558718861,103,0.3665480427046263,PES,6,0.021352313167259787,PT_PVEM_MORENA_NAS,142,0.505338078291815,33,0.11743772241992882,PAN_PRI_PRD,109,0.3879003558718861,103,0.3665480427046263,PES,6,0.021352313167259787,109,0.3879003558718861,142,0.505338078291815,3,0.010676156583629894,6,0.021352313167259787,5,0.017793594306049824,3,0.010676156583629894,0,0.0,13,0.046263345195729534,281,1.0,ORIGEN,SECCION,SOLO_COALICIONES
1494,26,SONORA,TUBUTAMA,,3,283,132,108,0.8181818181818182,0.18181818181818177,PAN_PRI_PRD,51,0.4722222222222222,4,0.037037037037037035,PT_PVEM_MORENA_NAS,47,0.4351851851851852,44,0.4074074074074074,FxM,3,0.027777777777777776,PAN_PRI_PRD,51,0.4722222222222222,4,0.037037037037037035,PT_PVEM_MORENA_NAS,47,0.4351851851851852,44,0.4074074074074074,FxM,3,0.027777777777777776,51,0.4722222222222222,47,0.4351851851851852,1,0.009259259259259259,1,0.009259259259259259,1,0.009259259259259259,3,0.027777777777777776,0,0.0,4,0.037037037037037035,108,1.0,ORIGEN,SECCION,SOLO_COALICIONES
1495,26,SONORA,TUBUTAMA,,3,284,134,109,0.8134328358208955,0.18656716417910446,PT_PVEM_MORENA_NAS,73,0.6697247706422018,53,0.48623853211009177,PAN_PRI_PRD,20,0.1834862385321101,17,0.1559633027522936,MC,3,0.027522935779816515,PT_PVEM_MORENA_NAS,73,0.6697247706422018,53,0.48623853211009177,PAN_PRI_PRD,20,0.1834862385321101,17,0.1559633027522936,MC,3,0.027522935779816515,20,0.1834862385321101,73,0.6697247706422018,3,0.027522935779816515,1,0.009174311926605505,1,0.009174311926605505,2,0.01834862385321101,0,0.0,9,0.08256880733944955,109,1.0,ORIGEN,SECCION,SOLO_COALICIONES
1496,26,SONORA,TUBUTAMA,,3,285,758,589,0.7770448548812665,0.2229551451187335,PT_PVEM_MORENA_NAS,284,0.48217317487266553,49,0.0831918505942275,PAN_PRI_PRD,235,0.398981324278438,224,0.38030560271646857,MC,11,0.01867572156196944,PT_PVEM_MORENA_NAS,284,0.48217317487266553,49,0.0831918505942275,PAN_PRI_PRD,235,0.398981324278438,224,0.38030560271646857,MC,11,0.01867572156196944,235,0.398981324278438,284,0.48217317487266553,11,0.01867572156196944,5,0.008488964346349746,1,0.001697792869269949,1,0.001697792869269949,0,0.0,52,0.08828522920203735,589,1.0,ORIGEN,SECCION,SOLO_COALICIONES
1497,26,SONORA,URES,,18,747,1609,934,0.5804847731510255,0.41951522684897447,PT_PVEM_MORENA_NAS,487,0.5214132762312634,117,0.1252676659528908,PAN_PRI_PRD,370,0.3961456102783726,353,0.37794432548179874,MC,17,0.018201284796573874,PT_PVEM_MORENA_NAS,487,0.5214132762312634,117,0.1252676659528908,PAN_PRI_PRD,370,0.3961456102783726,353,0.37794432548179874,MC,17,0.018201284796573874,370,0.3961456102783726,487,0.5214132762312634,17,0.018201284796573874,10,0.010706638115631691,9,0.009635974304068522,15,0.016059957173447537,0,0.0,26,0.027837259100642397,934,1.0,ORIGEN,SECCION,SOLO_COALICIONES
1498,26,SONORA,URES,,18,748,1444,812,0.5623268698060941,0.43767313019390586,PT_PVEM_MORENA_NAS,460,0.5665024630541872,150,0.18472906403940886,PAN_PRI_PRD,310,0.3817733990147783,297,0.3657635467980296,MC,13,0.01600985221674877,PT_PVEM_MORENA_NAS,460,0.5665024630541872,150,0.18472906403940886,PAN_PRI_PRD,310,0.3817733990147783,297,0.3657635467980296,MC,13,0.01600985221674877,310,0.3817733990147783,460,0.5665024630541872,13,0.01600985221674877,2,0.0024630541871921183,6,0.007389162561576354,6,0.007389162561576354,1,0.0012315270935960591,14,0.017241379310344827,812,1.0,ORIGEN,SECCION,SOLO_COALICIONES
1499,26,SONORA,URES,,18,749,1231,726,0.5897644191714053,0.4102355808285947,PT_PVEM_MORENA_NAS,429,0.5909090909090909,187,0.25757575757575757,PAN_PRI_PRD,242,0.3333333333333333,225,0.30991735537190085,MC,17,0.023415977961432508,PT_PVEM_MORENA_NAS,429,0.5909090909090909,187,0.25757575757575757,PAN_PRI_PRD,242,0.3333333333333333,225,0.30991735537190085,MC,17,0.023415977961432508,242,0.3333333333333333,429,0.5909090909090909,17,0.023415977961432508,2,0.0027548209366391185,5,0.006887052341597796,11,0.015151515151515152,0,0.0,20,0.027548209366391185,726,1.0,ORIGEN,SECCION,SOLO_COALICIONES
1500,26,SONORA,URES,,18,750,1522,863,0.5670170827858082,0.4329829172141918,PT_PVEM_MORENA_NAS,473,0.5480880648899189,197,0.22827346465816917,PAN_PRI_PRD,276,0.31981460023174973,242,0.28041714947856317,MC,34,0.039397450753186555,PT_PVEM_MORENA_NAS,473,0.5480880648899189,197,0.22827346465816917,PAN_PRI_PRD,276,0.31981460023174973,242,0.28041714947856317,MC,34,0.039397450753186555,276,0.31981460023174973,473,0.5480880648899189,34,0.039397450753186555,13,0.015063731170336037,9,0.010428736964078795,13,0.015063731170336037,0,0.0,45,0.05214368482039398,863,1.0,ORIGEN,SECCION,SOLO_COALICIONES
1501,26,SONORA,URES,,18,751,182,109,0.5989010989010989,0.4010989010989011,PT_PVEM_MORENA_NAS,61,0.5596330275229358,33,0.30275229357798167,PAN_PRI_PRD,28,0.25688073394495414,21,0.1926605504587156,PES,7,0.06422018348623854,PT_PVEM_MORENA_NAS,61,0.5596330275229358,33,0.30275229357798167,PAN_PRI_PRD,28,0.25688073394495414,21,0.1926605504587156,PES,7,0.06422018348623854,28,0.25688073394495414,61,0.5596330275229358,5,0.045871559633027525,7,0.06422018348623854,1,0.009174311926605505,0,0.0,0,0.0,7,0.06422018348623854,109,1.0,ORIGEN,SECCION,SOLO_COALICIONES
1502,26,SONORA,URES,,18,752,309,195,0.6310679611650486,0.3689320388349514,PT_PVEM_MORENA_NAS,113,0.5794871794871795,50,0.2564102564102564,PAN_PRI_PRD,63,0.3230769230769231,57,0.2923076923076923,MC,6,0.03076923076923077,PT_PVEM_MORENA_NAS,113,0.5794871794871795,50,0.2564102564102564,PAN_PRI_PRD,63,0.3230769230769231,57,0.2923076923076923,MC,6,0.03076923076923077,63,0.3230769230769231,113,0.5794871794871795,6,0.03076923076923077,1,0.005128205128205128,2,0.010256410256410256,4,0.020512820512820513,0,0.0,6,0.03076923076923077,195,1.0,ORIGEN,SECCION,SOLO_COALICIONES
1503,26,SONORA,URES,,18,753,1326,854,0.6440422322775264,0.35595776772247356,PT_PVEM_MORENA_NAS,532,0.6229508196721312,278,0.3255269320843091,PAN_PRI_PRD,254,0.297423887587822,232,0.2716627634660422,MC,22,0.02576112412177986,PT_PVEM_MORENA_NAS,532,0.6229508196721312,278,0.3255269320843091,PAN_PRI_PRD,254,0.297423887587822,232,0.2716627634660422,MC,22,0.02576112412177986,254,0.297423887587822,532,0.6229508196721312,22,0.02576112412177986,4,0.00468384074941452,2,0.00234192037470726,10,0.0117096018735363,1,0.00117096018735363,29,0.03395784543325527,854,1.0,ORIGEN,SECCION,SOLO_COALICIONES
1504,26,SONORA,URES,,18,754,590,360,0.6101694915254238,0.38983050847457623,PT_PVEM_MORENA_NAS,269,0.7472222222222222,196,0.5444444444444444,PAN_PRI_PRD,73,0.20277777777777778,69,0.19166666666666668,MC,4,0.011111111111111112,PT_PVEM_MORENA_NAS,269,0.7472222222222222,196,0.5444444444444444,PAN_PRI_PRD,73,0.20277777777777778,69,0.19166666666666668,MC,4,0.011111111111111112,73,0.20277777777777778,269,0.7472222222222222,4,0.011111111111111112,0,0.0,4,0.011111111111111112,2,0.005555555555555556,0,0.0,8,0.022222222222222223,360,1.0,ORIGEN,SECCION,SOLO_COALICIONES
1505,26,SONORA,URES,,18,755,412,213,0.5169902912621359,0.4830097087378641,PT_PVEM_MORENA_NAS,130,0.6103286384976526,65,0.3051643192488263,PAN_PRI_PRD,65,0.3051643192488263,60,0.28169014084507044,MC,5,0.023474178403755867,PT_PVEM_MORENA_NAS,130,0.6103286384976526,65,0.3051643192488263,PAN_PRI_PRD,65,0.3051643192488263,60,0.28169014084507044,MC,5,0.023474178403755867,65,0.3051643192488263,130,0.6103286384976526,5,0.023474178403755867,0,0.0,4,0.018779342723004695,0,0.0,0,0.0,9,0.04225352112676056,213,1.0,ORIGEN,SECCION,SOLO_COALICIONES
1506,26,SONORA,URES,,18,756,739,488,0.6603518267929634,0.33964817320703655,PT_PVEM_MORENA_NAS,247,0.5061475409836066,45,0.09221311475409837,PAN_PRI_PRD,202,0.4139344262295082,195,0.39959016393442626,MC,7,0.014344262295081968,PT_PVEM_MORENA_NAS,247,0.5061475409836066,45,0.09221311475409837,PAN_PRI_PRD,202,0.4139344262295082,195,0.39959016393442626,MC,7,0.014344262295081968,202,0.4139344262295082,247,0.5061475409836066,7,0.014344262295081968,0,0.0,2,0.004098360655737705,4,0.00819672131147541,0,0.0,26,0.05327868852459016,488,1.0,ORIGEN,SECCION,SOLO_COALICIONES
1507,26,SONORA,URES,,18,757,334,197,0.5898203592814372,0.41017964071856283,PT_PVEM_MORENA_NAS,115,0.583756345177665,77,0.39086294416243655,PAN_PRI_PRD,38,0.19289340101522842,9,0.04568527918781726,MC,29,0.14720812182741116,PT_PVEM_MORENA_NAS,115,0.583756345177665,77,0.39086294416243655,PAN_PRI_PRD,38,0.19289340101522842,9,0.04568527918781726,MC,29,0.14720812182741116,38,0.19289340101522842,115,0.583756345177665,29,0.14720812182741116,2,0.01015228426395939,2,0.01015228426395939,1,0.005076142131979695,0,0.0,10,0.050761421319796954,197,1.0,ORIGEN,SECCION,SOLO_COALICIONES
1508,26,SONORA,URES,,18,758,116,73,0.6293103448275862,0.3706896551724138,PT_PVEM_MORENA_NAS,49,0.6712328767123288,34,0.4657534246575342,PAN_PRI_PRD,15,0.2054794520547945,7,0.0958904109589041,MC,8,0.1095890410958904,PT_PVEM_MORENA_NAS,49,0.6712328767123288,34,0.4657534246575342,PAN_PRI_PRD,15,0.2054794520547945,7,0.0958904109589041,MC,8,0.1095890410958904,15,0.2054794520547945,49,0.6712328767123288,8,0.1095890410958904,0,0.0,0,0.0,1,0.0136986301369863,0,0.0,0,0.0,73,1.0,ORIGEN,SECCION,SOLO_COALICIONES
1509,26,SONORA,URES,,18,759,158,68,0.43037974683544306,0.5696202531645569,PT_PVEM_MORENA_NAS,52,0.7647058823529411,44,0.6470588235294118,PAN_PRI_PRD,8,0.11764705882352941,5,0.07352941176470588,FxM,3,0.04411764705882353,PT_PVEM_MORENA_NAS,52,0.7647058823529411,44,0.6470588235294118,PAN_PRI_PRD,8,0.11764705882352941,5,0.07352941176470588,FxM,3,0.04411764705882353,8,0.11764705882352941,52,0.7647058823529411,1,0.014705882352941176,0,0.0,0,0.0,3,0.04411764705882353,0,0.0,4,0.058823529411764705,68,1.0,ORIGEN,SECCION,SOLO_COALICIONES
1510,26,SONORA,VILLA HIDALGO,,18,286,590,426,0.7220338983050848,0.2779661016949152,PT_PVEM_MORENA_NAS,201,0.47183098591549294,66,0.15492957746478872,PAN_PRI_PRD,135,0.31690140845070425,62,0.14553990610328638,MC,73,0.17136150234741784,PT_PVEM_MORENA_NAS,201,0.47183098591549294,66,0.15492957746478872,PAN_PRI_PRD,135,0.31690140845070425,62,0.14553990610328638,MC,73,0.17136150234741784,135,0.31690140845070425,201,0.47183098591549294,73,0.17136150234741784,3,0.007042253521126761,1,0.002347417840375587,0,0.0,0,0.0,13,0.03051643192488263,426,1.0,ORIGEN,SECCION,SOLO_COALICIONES
1511,26,SONORA,VILLA HIDALGO,,18,287,817,593,0.7258261933904528,0.27417380660954715,PT_PVEM_MORENA_NAS,281,0.47386172006745364,125,0.21079258010118043,MC,156,0.2630691399662732,29,0.048903878583473864,PAN_PRI_PRD,127,0.21416526138279932,PT_PVEM_MORENA_NAS,281,0.47386172006745364,125,0.21079258010118043,MC,156,0.2630691399662732,29,0.048903878583473864,PAN_PRI_PRD,127,0.21416526138279932,127,0.21416526138279932,281,0.47386172006745364,156,0.2630691399662732,2,0.003372681281618887,1,0.0016863406408094434,0,0.0,0,0.0,26,0.04384485666104553,593,1.0,ORIGEN,SECCION,SOLO_COALICIONES
1512,26,SONORA,VILLA HIDALGO,,18,288,273,195,0.7142857142857143,0.2857142857142857,PT_PVEM_MORENA_NAS,81,0.4153846153846154,18,0.09230769230769231,MC,63,0.3230769230769231,27,0.13846153846153847,PAN_PRI_PRD,36,0.18461538461538463,PT_PVEM_MORENA_NAS,81,0.4153846153846154,18,0.09230769230769231,MC,63,0.3230769230769231,27,0.13846153846153847,PAN_PRI_PRD,36,0.18461538461538463,36,0.18461538461538463,81,0.4153846153846154,63,0.3230769230769231,2,0.010256410256410256,1,0.005128205128205128,3,0.015384615384615385,0,0.0,9,0.046153846153846156,195,1.0,ORIGEN,SECCION,SOLO_COALICIONES
1513,26,SONORA,VILLA PESQUEIRA,,18,289,1117,967,0.8657117278424351,0.1342882721575649,PT_PVEM_MORENA_NAS,587,0.6070320579110652,235,0.24301964839710444,PAN_PRI_PRD,352,0.3640124095139607,349,0.3609100310237849,FxM,3,0.0031023784901758012,PT_PVEM_MORENA_NAS,587,0.6070320579110652,235,0.24301964839710444,PAN_PRI_PRD,352,0.3640124095139607,349,0.3609100310237849,FxM,3,0.0031023784901758012,352,0.3640124095139607,587,0.6070320579110652,2,0.002068252326783868,2,0.002068252326783868,1,0.001034126163391934,3,0.0031023784901758012,1,0.001034126163391934,19,0.01964839710444674,967,1.0,ORIGEN,SECCION,SOLO_COALICIONES
1514,26,SONORA,VILLA PESQUEIRA,,18,290,484,447,0.9235537190082644,0.07644628099173556,PT_PVEM_MORENA_NAS,255,0.5704697986577181,75,0.16778523489932887,PAN_PRI_PRD,180,0.40268456375838924,177,0.3959731543624161,MC,3,0.006711409395973154,PT_PVEM_MORENA_NAS,255,0.5704697986577181,75,0.16778523489932887,PAN_PRI_PRD,180,0.40268456375838924,177,0.3959731543624161,MC,3,0.006711409395973154,180,0.40268456375838924,255,0.5704697986577181,3,0.006711409395973154,1,0.0022371364653243847,1,0.0022371364653243847,0,0.0,0,0.0,7,0.015659955257270694,447,1.0,ORIGEN,SECCION,SOLO_COALICIONES
1515,26,SONORA,VILLA PESQUEIRA,,18,291,378,323,0.8544973544973545,0.14550264550264547,PT_PVEM_MORENA_NAS,171,0.5294117647058824,30,0.09287925696594428,PAN_PRI_PRD,141,0.43653250773993807,138,0.42724458204334365,FxM,3,0.009287925696594427,PT_PVEM_MORENA_NAS,171,0.5294117647058824,30,0.09287925696594428,PAN_PRI_PRD,141,0.43653250773993807,138,0.42724458204334365,FxM,3,0.009287925696594427,141,0.43653250773993807,171,0.5294117647058824,1,0.0030959752321981426,2,0.006191950464396285,0,0.0,3,0.009287925696594427,0,0.0,5,0.015479876160990712,323,1.0,ORIGEN,SECCION,SOLO_COALICIONES
1516,26,SONORA,YECORA,,21,1316,864,581,0.6724537037037037,0.3275462962962963,PT_PVEM_MORENA_NAS,269,0.4629948364888124,97,0.16695352839931152,PAN_PRI_PRD,172,0.29604130808950085,96,0.16523235800344235,MC,76,0.13080895008605853,PT_PVEM_MORENA_NAS,269,0.4629948364888124,97,0.16695352839931152,PAN_PRI_PRD,172,0.29604130808950085,96,0.16523235800344235,MC,76,0.13080895008605853,172,0.29604130808950085,269,0.4629948364888124,76,0.13080895008605853,6,0.010327022375215147,5,0.008605851979345954,11,0.0189328743545611,0,0.0,42,0.07228915662650602,581,1.0,ORIGEN,SECCION,SOLO_COALICIONES
1517,26,SONORA,YECORA,,21,1317,1700,1141,0.6711764705882353,0.32882352941176474,PT_PVEM_MORENA_NAS,515,0.45135845749342685,183,0.16038562664329536,PAN_PRI_PRD,332,0.2909728308501315,162,0.14198071866783524,MC,170,0.14899211218229624,PT_PVEM_MORENA_NAS,515,0.45135845749342685,183,0.16038562664329536,PAN_PRI_PRD,332,0.2909728308501315,162,0.14198071866783524,MC,170,0.14899211218229624,332,0.2909728308501315,515,0.45135845749342685,170,0.14899211218229624,13,0.011393514460999123,11,0.009640666082383873,10,0.008764241893076249,0,0.0,90,0.07887817703768624,1141,1.0,ORIGEN,SECCION,SOLO_COALICIONES
1518,26,SONORA,YECORA,,21,1318,248,163,0.657258064516129,0.342741935483871,PT_PVEM_MORENA_NAS,99,0.6073619631901841,67,0.4110429447852761,PAN_PRI_PRD,32,0.19631901840490798,27,0.1656441717791411,MC,5,0.03067484662576687,PT_PVEM_MORENA_NAS,99,0.6073619631901841,67,0.4110429447852761,PAN_PRI_PRD,32,0.19631901840490798,27,0.1656441717791411,MC,5,0.03067484662576687,32,0.19631901840490798,99,0.6073619631901841,5,0.03067484662576687,2,0.012269938650306749,3,0.018404907975460124,0,0.0,0,0.0,22,0.13496932515337423,163,1.0,ORIGEN,SECCION,SOLO_COALICIONES
1519,26,SONORA,YECORA,,21,1319,698,481,0.6891117478510028,0.3108882521489972,PAN_PRI_PRD,160,0.33264033264033266,5,0.010395010395010396,PT_PVEM_MORENA_NAS,155,0.32224532224532226,122,0.25363825363825365,MC,33,0.06860706860706861,PAN_PRI_PRD,160,0.33264033264033266,5,0.010395010395010396,PT_PVEM_MORENA_NAS,155,0.32224532224532226,122,0.25363825363825365,MC,33,0.06860706860706861,160,0.33264033264033266,155,0.32224532224532226,33,0.06860706860706861,24,0.0498960498960499,20,0.04158004158004158,10,0.02079002079002079,0,0.0,79,0.16424116424116425,481,1.0,ORIGEN,SECCION,SOLO_COALICIONES
1520,26,SONORA,YECORA,,21,1320,461,284,0.6160520607375272,0.38394793926247284,PT_PVEM_MORENA_NAS,117,0.4119718309859155,36,0.1267605633802817,PAN_PRI_PRD,81,0.2852112676056338,56,0.19718309859154928,MC,25,0.0880281690140845,PT_PVEM_MORENA_NAS,117,0.4119718309859155,36,0.1267605633802817,PAN_PRI_PRD,81,0.2852112676056338,56,0.19718309859154928,MC,25,0.0880281690140845,81,0.2852112676056338,117,0.4119718309859155,25,0.0880281690140845,4,0.014084507042253521,3,0.01056338028169014,8,0.028169014084507043,0,0.0,46,0.1619718309859155,284,1.0,ORIGEN,SECCION,SOLO_COALICIONES
1521,26,SONORA,YECORA,,21,1321,289,222,0.7681660899653979,0.23183391003460208,PT_PVEM_MORENA_NAS,122,0.5495495495495496,60,0.2702702702702703,PAN_PRI_PRD,62,0.27927927927927926,47,0.21171171171171171,MC,15,0.06756756756756757,PT_PVEM_MORENA_NAS,122,0.5495495495495496,60,0.2702702702702703,PAN_PRI_PRD,62,0.27927927927927926,47,0.21171171171171171,MC,15,0.06756756756756757,62,0.27927927927927926,122,0.5495495495495496,15,0.06756756756756757,4,0.018018018018018018,3,0.013513513513513514,3,0.013513513513513514,0,0.0,13,0.05855855855855856,222,1.0,ORIGEN,SECCION,SOLO_COALICIONES
1522,26,SONORA,YECORA,,21,1322,109,79,0.7247706422018348,0.27522935779816515,PT_PVEM_MORENA_NAS,28,0.35443037974683544,2,0.02531645569620253,PAN_PRI_PRD,26,0.3291139240506329,22,0.27848101265822783,MC,4,0.05063291139240506,PT_PVEM_MORENA_NAS,28,0.35443037974683544,2,0.02531645569620253,PAN_PRI_PRD,26,0.3291139240506329,22,0.27848101265822783,MC,4,0.05063291139240506,26,0.3291139240506329,28,0.35443037974683544,4,0.05063291139240506,3,0.0379746835443038,2,0.02531645569620253,1,0.012658227848101266,0,0.0,15,0.189873417721519,79,1.0,ORIGEN,SECCION,SOLO_COALICIONES
